aggregate_rows,dictionary_kept_rows,elapsed_seconds,manifest_path,ngram_order,output_file_count,shard_index,source_file_bytes,source_file_name,source_lines_seen,source_valid_format_rows,status
6149,6173,0.7809999999999491,output/tools/benchmarks/periodic_sub_trans/no_wli/analysis/phaseB_ngram_hamming_full_raw_asset_shards_v1/20260530T120414Z__phaseB_ngram_hamming_full_raw_asset_shards_v1/order_2/shard_0001__1_10.txt/shard_manifest.json,2,2,1,1441993,1 10.txt,77410,77410,pass
170,170,0.06200000000001182,output/tools/benchmarks/periodic_sub_trans/no_wli/analysis/phaseB_ngram_hamming_full_raw_asset_shards_v1/20260530T120414Z__phaseB_ngram_hamming_full_raw_asset_shards_v1/order_2/shard_0002__1_2.txt/shard_manifest.json,2,2,2,109923,1 2.txt,9234,9234,pass
2478,2498,0.3129999999999882,output/tools/benchmarks/periodic_sub_trans/no_wli/analysis/phaseB_ngram_hamming_full_raw_asset_shards_v1/20260530T120414Z__phaseB_ngram_hamming_full_raw_asset_shards_v1/order_2/shard_0003__1_3.txt/shard_manifest.json,2,2,3,538510,1 3.txt,44169,44169,pass
9035,9091,0.9219999999999118,output/tools/benchmarks/periodic_sub_trans/no_wli/analysis/phaseB_ngram_hamming_full_raw_asset_shards_v1/20260530T120414Z__phaseB_ngram_hamming_full_raw_asset_shards_v1/order_2/shard_0004__1_4.txt/shard_manifest.json,2,2,4,1417149,1 4.txt,109374,109374,pass
9755,9790,1.1870000000000118,output/tools/benchmarks/periodic_sub_trans/no_wli/analysis/phaseB_ngram_hamming_full_raw_asset_shards_v1/20260530T120414Z__phaseB_ngram_hamming_full_raw_asset_shards_v1/order_2/shard_0005__1_5.txt/shard_manifest.json,2,2,5,2236796,1 5.txt,160820,160820,pass
12023,12059,1.4529999999999745,output/tools/benchmarks/periodic_sub_trans/no_wli/analysis/phaseB_ngram_hamming_full_raw_asset_shards_v1/20260530T120414Z__phaseB_ngram_hamming_full_raw_asset_shards_v1/order_2/shard_0006__1_6.txt/shard_manifest.json,2,2,6,2658769,1 6.txt,179169,179169,pass
12007,12017,1.4370000000000118,output/tools/benchmarks/periodic_sub_trans/no_wli/analysis/phaseB_ngram_hamming_full_raw_asset_shards_v1/20260530T120414Z__phaseB_ngram_hamming_full_raw_asset_shards_v1/order_2/shard_0007__1_7.txt/shard_manifest.json,2,2,7,2616231,1 7.txt,165813,165813,pass
10717,10739,1.2659999999999627,output/tools/benchmarks/periodic_sub_trans/no_wli/analysis/phaseB_ngram_hamming_full_raw_asset_shards_v1/20260530T120414Z__phaseB_ngram_hamming_full_raw_asset_shards_v1/order_2/shard_0008__1_8.txt/shard_manifest.json,2,2,8,2282503,1 8.txt,136350,136350,pass
8457,8480,1.0629999999999882,output/tools/benchmarks/periodic_sub_trans/no_wli/analysis/phaseB_ngram_hamming_full_raw_asset_shards_v1/20260530T120414Z__phaseB_ngram_hamming_full_raw_asset_shards_v1/order_2/shard_0009__1_9.txt/shard_manifest.json,2,2,9,1944151,1 9.txt,109963,109963,pass
0,0,0.01599999999996271,output/tools/benchmarks/periodic_sub_trans/no_wli/analysis/phaseB_ngram_hamming_full_raw_asset_shards_v1/20260530T120414Z__phaseB_ngram_hamming_full_raw_asset_shards_v1/order_2/shard_0010__1_e.txt/shard_manifest.json,2,2,10,613,1 e.txt,34,0,pass
6201,6225,0.7960000000000491,output/tools/benchmarks/periodic_sub_trans/no_wli/analysis/phaseB_ngram_hamming_full_raw_asset_shards_v1/20260530T120414Z__phaseB_ngram_hamming_full_raw_asset_shards_v1/order_2/shard_0011__10_1.txt/shard_manifest.json,2,2,11,1324895,10 1.txt,71413,71413,pass
682878,686800,82.64099999999996,output/tools/benchmarks/periodic_sub_trans/no_wli/analysis/phaseB_ngram_hamming_full_raw_asset_shards_v1/20260530T120414Z__phaseB_ngram_hamming_full_raw_asset_shards_v1/order_2/shard_0012__10_10.txt/shard_manifest.json,2,2,12,20142284,10 10.txt,733268,733268,pass
84379,84678,7.968999999999937,output/tools/benchmarks/periodic_sub_trans/no_wli/analysis/phaseB_ngram_hamming_full_raw_asset_shards_v1/20260530T120414Z__phaseB_ngram_hamming_full_raw_asset_shards_v1/order_2/shard_0013__10_2.txt/shard_manifest.json,2,2,13,5516210,10 2.txt,278522,278522,pass
452971,454645,43.57800000000009,output/tools/benchmarks/periodic_sub_trans/no_wli/analysis/phaseB_ngram_hamming_full_raw_asset_shards_v1/20260530T120414Z__phaseB_ngram_hamming_full_raw_asset_shards_v1/order_2/shard_0014__10_3.txt/shard_manifest.json,2,2,14,13337839,10 3.txt,643910,643910,pass
0,0,0.015000000000100044,output/tools/benchmarks/periodic_sub_trans/no_wli/analysis/phaseB_ngram_hamming_full_raw_asset_shards_v1/20260530T120414Z__phaseB_ngram_hamming_full_raw_asset_shards_v1/order_2/shard_0015__10_3a1.txt/shard_manifest.json,2,2,15,13303,10 3a1.txt,602,0,pass
1080457,1084397,105.79699999999991,output/tools/benchmarks/periodic_sub_trans/no_wli/analysis/phaseB_ngram_hamming_full_raw_asset_shards_v1/20260530T120414Z__phaseB_ngram_hamming_full_raw_asset_shards_v1/order_2/shard_0016__10_4.txt/shard_manifest.json,2,2,16,25017669,10 4.txt,1159445,1159445,pass
1301171,1305940,133.31200000000013,output/tools/benchmarks/periodic_sub_trans/no_wli/analysis/phaseB_ngram_hamming_full_raw_asset_shards_v1/20260530T120414Z__phaseB_ngram_hamming_full_raw_asset_shards_v1/order_2/shard_0017__10_5.txt/shard_manifest.json,2,2,17,32050870,10 5.txt,1419423,1419423,pass
1418907,1423292,146.18799999999987,output/tools/benchmarks/periodic_sub_trans/no_wli/analysis/phaseB_ngram_hamming_full_raw_asset_shards_v1/20260530T120414Z__phaseB_ngram_hamming_full_raw_asset_shards_v1/order_2/shard_0018__10_6.txt/shard_manifest.json,2,2,18,35397238,10 6.txt,1505976,1505976,pass
1379477,1383584,144.9380000000001,output/tools/benchmarks/periodic_sub_trans/no_wli/analysis/phaseB_ngram_hamming_full_raw_asset_shards_v1/20260530T120414Z__phaseB_ngram_hamming_full_raw_asset_shards_v1/order_2/shard_0019__10_7.txt/shard_manifest.json,2,2,19,35825894,10 7.txt,1462338,1462338,pass
1241675,1245793,136.43799999999987,output/tools/benchmarks/periodic_sub_trans/no_wli/analysis/phaseB_ngram_hamming_full_raw_asset_shards_v1/20260530T120414Z__phaseB_ngram_hamming_full_raw_asset_shards_v1/order_2/shard_0020__10_8.txt/shard_manifest.json,2,2,20,33258723,10 8.txt,1305780,1305780,pass
0,0,0.10900000000015098,output/tools/benchmarks/periodic_sub_trans/no_wli/analysis/phaseB_ngram_hamming_full_raw_asset_shards_v1/20260530T120414Z__phaseB_ngram_hamming_full_raw_asset_shards_v1/order_2/shard_0021__10_c.txt/shard_manifest.json,2,2,21,914390,10 c.txt,47431,0,pass
0,0,0.047000000000025466,output/tools/benchmarks/periodic_sub_trans/no_wli/analysis/phaseB_ngram_hamming_full_raw_asset_shards_v1/20260530T120414Z__phaseB_ngram_hamming_full_raw_asset_shards_v1/order_2/shard_0022__10_e.txt/shard_manifest.json,2,2,22,323723,10 e.txt,13557,0,pass
411585,414103,48.15599999999995,output/tools/benchmarks/periodic_sub_trans/no_wli/analysis/phaseB_ngram_hamming_full_raw_asset_shards_v1/20260530T120414Z__phaseB_ngram_hamming_full_raw_asset_shards_v1/order_2/shard_0023__11_10.txt/shard_manifest.json,2,2,23,12390347,11 10.txt,435055,435055,pass
248364,249791,30.641000000000076,output/tools/benchmarks/periodic_sub_trans/no_wli/analysis/phaseB_ngram_hamming_full_raw_asset_shards_v1/20260530T120414Z__phaseB_ngram_hamming_full_raw_asset_shards_v1/order_2/shard_0024__11_11.txt/shard_manifest.json,2,2,24,7733792,11 11.txt,261997,261997,pass
69901,70578,8.687999999999874,output/tools/benchmarks/periodic_sub_trans/no_wli/analysis/phaseB_ngram_hamming_full_raw_asset_shards_v1/20260530T120414Z__phaseB_ngram_hamming_full_raw_asset_shards_v1/order_2/shard_0025__11_13.txt/shard_manifest.json,2,2,25,2305477,11 13.txt,73136,73136,pass
53770,54003,5.4849999999999,output/tools/benchmarks/periodic_sub_trans/no_wli/analysis/phaseB_ngram_hamming_full_raw_asset_shards_v1/20260530T120414Z__phaseB_ngram_hamming_full_raw_asset_shards_v1/order_2/shard_0026__11_2.txt/shard_manifest.json,2,2,26,3653442,11 2.txt,175512,175512,pass
0,0,0.015999999999849024,output/tools/benchmarks/periodic_sub_trans/no_wli/analysis/phaseB_ngram_hamming_full_raw_asset_shards_v1/20260530T120414Z__phaseB_ngram_hamming_full_raw_asset_shards_v1/order_2/shard_0027__11_2a1.txt/shard_manifest.json,2,2,27,378,11 2a1.txt,17,0,pass
277101,278151,27.8900000000001,output/tools/benchmarks/periodic_sub_trans/no_wli/analysis/phaseB_ngram_hamming_full_raw_asset_shards_v1/20260530T120414Z__phaseB_ngram_hamming_full_raw_asset_shards_v1/order_2/shard_0028__11_3.txt/shard_manifest.json,2,2,28,8519479,11 3.txt,392072,392072,pass
652327,654902,65.79700000000003,output/tools/benchmarks/periodic_sub_trans/no_wli/analysis/phaseB_ngram_hamming_full_raw_asset_shards_v1/20260530T120414Z__phaseB_ngram_hamming_full_raw_asset_shards_v1/order_2/shard_0029__11_4.txt/shard_manifest.json,2,2,29,15600850,11 4.txt,690782,690782,pass
780256,783430,80.84400000000005,output/tools/benchmarks/periodic_sub_trans/no_wli/analysis/phaseB_ngram_hamming_full_raw_asset_shards_v1/20260530T120414Z__phaseB_ngram_hamming_full_raw_asset_shards_v1/order_2/shard_0030__11_5.txt/shard_manifest.json,2,2,30,19759100,11 5.txt,837590,837590,pass
849858,852842,89.9849999999999,output/tools/benchmarks/periodic_sub_trans/no_wli/analysis/phaseB_ngram_hamming_full_raw_asset_shards_v1/20260530T120414Z__phaseB_ngram_hamming_full_raw_asset_shards_v1/order_2/shard_0031__11_6.txt/shard_manifest.json,2,2,31,21750790,11 6.txt,887067,887067,pass
830480,833531,90.78099999999995,output/tools/benchmarks/periodic_sub_trans/no_wli/analysis/phaseB_ngram_hamming_full_raw_asset_shards_v1/20260530T120414Z__phaseB_ngram_hamming_full_raw_asset_shards_v1/order_2/shard_0032__11_7.txt/shard_manifest.json,2,2,32,22136072,11 7.txt,867591,867591,pass
748412,751491,83.48399999999992,output/tools/benchmarks/periodic_sub_trans/no_wli/analysis/phaseB_ngram_hamming_full_raw_asset_shards_v1/20260530T120414Z__phaseB_ngram_hamming_full_raw_asset_shards_v1/order_2/shard_0033__11_8.txt/shard_manifest.json,2,2,33,20584339,11 8.txt,777349,777349,pass
0,0,0.03099999999994907,output/tools/benchmarks/periodic_sub_trans/no_wli/analysis/phaseB_ngram_hamming_full_raw_asset_shards_v1/20260530T120414Z__phaseB_ngram_hamming_full_raw_asset_shards_v1/order_2/shard_0034__11_e.txt/shard_manifest.json,2,2,34,226714,11 e.txt,9125,0,pass
2500,2524,0.29700000000002547,output/tools/benchmarks/periodic_sub_trans/no_wli/analysis/phaseB_ngram_hamming_full_raw_asset_shards_v1/20260530T120414Z__phaseB_ngram_hamming_full_raw_asset_shards_v1/order_2/shard_0035__12_1.txt/shard_manifest.json,2,2,35,496151,12 1.txt,24215,24215,pass
31751,32032,3.2649999999998727,output/tools/benchmarks/periodic_sub_trans/no_wli/analysis/phaseB_ngram_hamming_full_raw_asset_shards_v1/20260530T120414Z__phaseB_ngram_hamming_full_raw_asset_shards_v1/order_2/shard_0036__12_2.txt/shard_manifest.json,2,2,36,2207092,12 2.txt,101208,101208,pass
151294,152416,15.438000000000102,output/tools/benchmarks/periodic_sub_trans/no_wli/analysis/phaseB_ngram_hamming_full_raw_asset_shards_v1/20260530T120414Z__phaseB_ngram_hamming_full_raw_asset_shards_v1/order_2/shard_0037__12_3.txt/shard_manifest.json,2,2,37,4958279,12 3.txt,218244,218244,pass
346499,348904,35.391000000000076,output/tools/benchmarks/periodic_sub_trans/no_wli/analysis/phaseB_ngram_hamming_full_raw_asset_shards_v1/20260530T120414Z__phaseB_ngram_hamming_full_raw_asset_shards_v1/order_2/shard_0038__12_4.txt/shard_manifest.json,2,2,38,8787790,12 4.txt,372943,372943,pass
413016,415972,43.73500000000013,output/tools/benchmarks/periodic_sub_trans/no_wli/analysis/phaseB_ngram_hamming_full_raw_asset_shards_v1/20260530T120414Z__phaseB_ngram_hamming_full_raw_asset_shards_v1/order_2/shard_0039__12_5.txt/shard_manifest.json,2,2,39,11022513,12 5.txt,448788,448788,pass
447708,450801,49.922000000000025,output/tools/benchmarks/periodic_sub_trans/no_wli/analysis/phaseB_ngram_hamming_full_raw_asset_shards_v1/20260530T120414Z__phaseB_ngram_hamming_full_raw_asset_shards_v1/order_2/shard_0040__12_7.txt/shard_manifest.json,2,2,40,12553930,12 7.txt,473784,473784,pass
404842,407713,45.88999999999987,output/tools/benchmarks/periodic_sub_trans/no_wli/analysis/phaseB_ngram_hamming_full_raw_asset_shards_v1/20260530T120414Z__phaseB_ngram_hamming_full_raw_asset_shards_v1/order_2/shard_0041__12_8.txt/shard_manifest.json,2,2,41,11745776,12 8.txt,427727,427727,pass
0,0,0.03099999999994907,output/tools/benchmarks/periodic_sub_trans/no_wli/analysis/phaseB_ngram_hamming_full_raw_asset_shards_v1/20260530T120414Z__phaseB_ngram_hamming_full_raw_asset_shards_v1/order_2/shard_0042__12_e.txt/shard_manifest.json,2,2,42,146913,12 e.txt,5695,0,pass
0,0,0.03099999999994907,output/tools/benchmarks/periodic_sub_trans/no_wli/analysis/phaseB_ngram_hamming_full_raw_asset_shards_v1/20260530T120414Z__phaseB_ngram_hamming_full_raw_asset_shards_v1/order_2/shard_0043__12_q.txt/shard_manifest.json,2,2,43,104661,12 q.txt,4952,0,pass
176480,177477,18.391000000000076,output/tools/benchmarks/periodic_sub_trans/no_wli/analysis/phaseB_ngram_hamming_full_raw_asset_shards_v1/20260530T120414Z__phaseB_ngram_hamming_full_raw_asset_shards_v1/order_2/shard_0044__13_4.txt/shard_manifest.json,2,2,44,4510205,13 4.txt,183830,183830,pass
208917,210072,22.59400000000005,output/tools/benchmarks/periodic_sub_trans/no_wli/analysis/phaseB_ngram_hamming_full_raw_asset_shards_v1/20260530T120414Z__phaseB_ngram_hamming_full_raw_asset_shards_v1/order_2/shard_0045__13_5.txt/shard_manifest.json,2,2,45,5618440,13 5.txt,220004,220004,pass
227591,228735,25.03099999999995,output/tools/benchmarks/periodic_sub_trans/no_wli/analysis/phaseB_ngram_hamming_full_raw_asset_shards_v1/20260530T120414Z__phaseB_ngram_hamming_full_raw_asset_shards_v1/order_2/shard_0046__13_6.txt/shard_manifest.json,2,2,46,6169740,13 6.txt,233027,233027,pass
204259,205281,23.766000000000076,output/tools/benchmarks/periodic_sub_trans/no_wli/analysis/phaseB_ngram_hamming_full_raw_asset_shards_v1/20260530T120414Z__phaseB_ngram_hamming_full_raw_asset_shards_v1/order_2/shard_0047__13_8.txt/shard_manifest.json,2,2,47,6019592,13 8.txt,211649,211649,pass
74963,75140,7.8279999999999745,output/tools/benchmarks/periodic_sub_trans/no_wli/analysis/phaseB_ngram_hamming_full_raw_asset_shards_v1/20260530T120414Z__phaseB_ngram_hamming_full_raw_asset_shards_v1/order_2/shard_0048__14_4.txt/shard_manifest.json,2,2,48,1951856,14 4.txt,76442,76442,pass
93547,93740,10.407000000000153,output/tools/benchmarks/periodic_sub_trans/no_wli/analysis/phaseB_ngram_hamming_full_raw_asset_shards_v1/20260530T120414Z__phaseB_ngram_hamming_full_raw_asset_shards_v1/order_2/shard_0049__14_6.txt/shard_manifest.json,2,2,49,2578198,14 6.txt,93890,93890,pass
92746,92954,10.702999999999975,output/tools/benchmarks/periodic_sub_trans/no_wli/analysis/phaseB_ngram_hamming_full_raw_asset_shards_v1/20260530T120414Z__phaseB_ngram_hamming_full_raw_asset_shards_v1/order_2/shard_0050__14_7.txt/shard_manifest.json,2,2,50,2681195,14 7.txt,94180,94180,pass
170,170,0.047000000000025466,output/tools/benchmarks/periodic_sub_trans/no_wli/analysis/phaseB_ngram_hamming_full_raw_asset_shards_v1/20260530T120414Z__phaseB_ngram_hamming_full_raw_asset_shards_v1/order_2/shard_0051__2_1.txt/shard_manifest.json,2,2,51,108929,2 1.txt,9164,9164,pass
84667,84945,8.155999999999949,output/tools/benchmarks/periodic_sub_trans/no_wli/analysis/phaseB_ngram_hamming_full_raw_asset_shards_v1/20260530T120414Z__phaseB_ngram_hamming_full_raw_asset_shards_v1/order_2/shard_0052__2_10.txt/shard_manifest.json,2,2,52,5094596,2 10.txt,256303,256303,pass
53970,54200,5.389999999999873,output/tools/benchmarks/periodic_sub_trans/no_wli/analysis/phaseB_ngram_hamming_full_raw_asset_shards_v1/20260530T120414Z__phaseB_ngram_hamming_full_raw_asset_shards_v1/order_2/shard_0053__2_11.txt/shard_manifest.json,2,2,53,3396863,2 11.txt,162478,162478,pass
32212,32467,3.3279999999999745,output/tools/benchmarks/periodic_sub_trans/no_wli/analysis/phaseB_ngram_hamming_full_raw_asset_shards_v1/20260530T120414Z__phaseB_ngram_hamming_full_raw_asset_shards_v1/order_2/shard_0054__2_12.txt/shard_manifest.json,2,2,54,2091509,2 12.txt,95478,95478,pass
17619,17809,1.7970000000000255,output/tools/benchmarks/periodic_sub_trans/no_wli/analysis/phaseB_ngram_hamming_full_raw_asset_shards_v1/20260530T120414Z__phaseB_ngram_hamming_full_raw_asset_shards_v1/order_2/shard_0055__2_13.txt/shard_manifest.json,2,2,55,1162188,2 13.txt,50719,50719,pass
3505,3505,0.3910000000000764,output/tools/benchmarks/periodic_sub_trans/no_wli/analysis/phaseB_ngram_hamming_full_raw_asset_shards_v1/20260530T120414Z__phaseB_ngram_hamming_full_raw_asset_shards_v1/order_2/shard_0056__2_2.txt/shard_manifest.json,2,2,56,637665,2 2.txt,52351,52351,pass
43975,44263,3.282000000000153,output/tools/benchmarks/periodic_sub_trans/no_wli/analysis/phaseB_ngram_hamming_full_raw_asset_shards_v1/20260530T120414Z__phaseB_ngram_hamming_full_raw_asset_shards_v1/order_2/shard_0057__2_3.txt/shard_manifest.json,2,2,57,2211197,2 3.txt,171721,171721,pass
143526,144308,10.688000000000102,output/tools/benchmarks/periodic_sub_trans/no_wli/analysis/phaseB_ngram_hamming_full_raw_asset_shards_v1/20260530T120414Z__phaseB_ngram_hamming_full_raw_asset_shards_v1/order_2/shard_0058__2_4.txt/shard_manifest.json,2,2,58,4719883,2 4.txt,340828,340828,pass
154965,155468,12.530999999999949,output/tools/benchmarks/periodic_sub_trans/no_wli/analysis/phaseB_ngram_hamming_full_raw_asset_shards_v1/20260530T120414Z__phaseB_ngram_hamming_full_raw_asset_shards_v1/order_2/shard_0059__2_5.txt/shard_manifest.json,2,2,59,6944009,2 5.txt,465770,465770,pass
182709,183146,15.327999999999975,output/tools/benchmarks/periodic_sub_trans/no_wli/analysis/phaseB_ngram_hamming_full_raw_asset_shards_v1/20260530T120414Z__phaseB_ngram_hamming_full_raw_asset_shards_v1/order_2/shard_0060__2_6.txt/shard_manifest.json,2,2,60,8393630,2 6.txt,528780,528780,pass
176691,176814,15.389999999999873,output/tools/benchmarks/periodic_sub_trans/no_wli/analysis/phaseB_ngram_hamming_full_raw_asset_shards_v1/20260530T120414Z__phaseB_ngram_hamming_full_raw_asset_shards_v1/order_2/shard_0061__2_7.txt/shard_manifest.json,2,2,61,8645835,2 7.txt,512684,512684,pass
153859,154119,13.875,output/tools/benchmarks/periodic_sub_trans/no_wli/analysis/phaseB_ngram_hamming_full_raw_asset_shards_v1/20260530T120414Z__phaseB_ngram_hamming_full_raw_asset_shards_v1/order_2/shard_0062__2_8.txt/shard_manifest.json,2,2,62,7988664,2 8.txt,447031,447031,pass
119296,119591,11.108999999999924,output/tools/benchmarks/periodic_sub_trans/no_wli/analysis/phaseB_ngram_hamming_full_raw_asset_shards_v1/20260530T120414Z__phaseB_ngram_hamming_full_raw_asset_shards_v1/order_2/shard_0063__2_9.txt/shard_manifest.json,2,2,63,6784939,2 9.txt,359655,359655,pass
0,0,0.016000000000076398,output/tools/benchmarks/periodic_sub_trans/no_wli/analysis/phaseB_ngram_hamming_full_raw_asset_shards_v1/20260530T120414Z__phaseB_ngram_hamming_full_raw_asset_shards_v1/order_2/shard_0064__2_e.txt/shard_manifest.json,2,2,64,5977,2 e.txt,336,0,pass
0,0,0.0,output/tools/benchmarks/periodic_sub_trans/no_wli/analysis/phaseB_ngram_hamming_full_raw_asset_shards_v1/20260530T120414Z__phaseB_ngram_hamming_full_raw_asset_shards_v1/order_2/shard_0065__2_n3.txt/shard_manifest.json,2,2,65,4012,2 n3.txt,331,0,pass
0,0,0.03099999999994907,output/tools/benchmarks/periodic_sub_trans/no_wli/analysis/phaseB_ngram_hamming_full_raw_asset_shards_v1/20260530T120414Z__phaseB_ngram_hamming_full_raw_asset_shards_v1/order_2/shard_0066__2a1_4.txt/shard_manifest.json,2,2,66,21903,2a1 4.txt,1453,0,pass
2476,2496,0.31199999999989814,output/tools/benchmarks/periodic_sub_trans/no_wli/analysis/phaseB_ngram_hamming_full_raw_asset_shards_v1/20260530T120414Z__phaseB_ngram_hamming_full_raw_asset_shards_v1/order_2/shard_0067__3_1.txt/shard_manifest.json,2,2,67,515911,3 1.txt,42457,42457,pass
431453,433148,41.875,output/tools/benchmarks/periodic_sub_trans/no_wli/analysis/phaseB_ngram_hamming_full_raw_asset_shards_v1/20260530T120414Z__phaseB_ngram_hamming_full_raw_asset_shards_v1/order_2/shard_0068__3_10.txt/shard_manifest.json,2,2,68,12590498,3 10.txt,607113,607113,pass
264774,265821,25.952999999999975,output/tools/benchmarks/periodic_sub_trans/no_wli/analysis/phaseB_ngram_hamming_full_raw_asset_shards_v1/20260530T120414Z__phaseB_ngram_hamming_full_raw_asset_shards_v1/order_2/shard_0069__3_11.txt/shard_manifest.json,2,2,69,8139010,3 11.txt,373878,373878,pass
152905,153950,15.25,output/tools/benchmarks/periodic_sub_trans/no_wli/analysis/phaseB_ngram_hamming_full_raw_asset_shards_v1/20260530T120414Z__phaseB_ngram_hamming_full_raw_asset_shards_v1/order_2/shard_0070__3_12.txt/shard_manifest.json,2,2,70,4960308,3 12.txt,217968,217968,pass
43663,43951,3.2339999999999236,output/tools/benchmarks/periodic_sub_trans/no_wli/analysis/phaseB_ngram_hamming_full_raw_asset_shards_v1/20260530T120414Z__phaseB_ngram_hamming_full_raw_asset_shards_v1/order_2/shard_0071__3_2.txt/shard_manifest.json,2,2,71,2141322,3 2.txt,166086,166086,pass
354816,357058,24.84400000000005,output/tools/benchmarks/periodic_sub_trans/no_wli/analysis/phaseB_ngram_hamming_full_raw_asset_shards_v1/20260530T120414Z__phaseB_ngram_hamming_full_raw_asset_shards_v1/order_2/shard_0072__3_3.txt/shard_manifest.json,2,2,72,6698580,3 3.txt,486301,486301,pass
952363,957723,71.35899999999992,output/tools/benchmarks/periodic_sub_trans/no_wli/analysis/phaseB_ngram_hamming_full_raw_asset_shards_v1/20260530T120414Z__phaseB_ngram_hamming_full_raw_asset_shards_v1/order_2/shard_0073__3_4.txt/shard_manifest.json,2,2,73,13887414,3 4.txt,940338,940338,pass
1023386,1027896,81.09400000000005,output/tools/benchmarks/periodic_sub_trans/no_wli/analysis/phaseB_ngram_hamming_full_raw_asset_shards_v1/20260530T120414Z__phaseB_ngram_hamming_full_raw_asset_shards_v1/order_2/shard_0074__3_5.txt/shard_manifest.json,2,2,74,19958566,3 5.txt,1261055,1261055,pass
1116661,1120309,92.23399999999992,output/tools/benchmarks/periodic_sub_trans/no_wli/analysis/phaseB_ngram_hamming_full_raw_asset_shards_v1/20260530T120414Z__phaseB_ngram_hamming_full_raw_asset_shards_v1/order_2/shard_0075__3_6.txt/shard_manifest.json,2,2,75,23712963,3 6.txt,1414055,1414055,pass
1020110,1022306,86.39100000000008,output/tools/benchmarks/periodic_sub_trans/no_wli/analysis/phaseB_ngram_hamming_full_raw_asset_shards_v1/20260530T120414Z__phaseB_ngram_hamming_full_raw_asset_shards_v1/order_2/shard_0076__3_7.txt/shard_manifest.json,2,2,76,23647052,3 7.txt,1333413,1333413,pass
860137,862440,74.8119999999999,output/tools/benchmarks/periodic_sub_trans/no_wli/analysis/phaseB_ngram_hamming_full_raw_asset_shards_v1/20260530T120414Z__phaseB_ngram_hamming_full_raw_asset_shards_v1/order_2/shard_0077__3_8.txt/shard_manifest.json,2,2,77,21245640,3 8.txt,1134147,1134147,pass
640750,642752,59.40700000000015,output/tools/benchmarks/periodic_sub_trans/no_wli/analysis/phaseB_ngram_hamming_full_raw_asset_shards_v1/20260530T120414Z__phaseB_ngram_hamming_full_raw_asset_shards_v1/order_2/shard_0078__3_9.txt/shard_manifest.json,2,2,78,17389290,3 9.txt,881634,881634,pass
0,0,0.032000000000152795,output/tools/benchmarks/periodic_sub_trans/no_wli/analysis/phaseB_ngram_hamming_full_raw_asset_shards_v1/20260530T120414Z__phaseB_ngram_hamming_full_raw_asset_shards_v1/order_2/shard_0079__3_e.txt/shard_manifest.json,2,2,79,36000,3 e.txt,1975,0,pass
0,0,0.03099999999994907,output/tools/benchmarks/periodic_sub_trans/no_wli/analysis/phaseB_ngram_hamming_full_raw_asset_shards_v1/20260530T120414Z__phaseB_ngram_hamming_full_raw_asset_shards_v1/order_2/shard_0080__3_n7.txt/shard_manifest.json,2,2,80,17702,3 n7.txt,1494,0,pass
0,0,0.016000000000076398,output/tools/benchmarks/periodic_sub_trans/no_wli/analysis/phaseB_ngram_hamming_full_raw_asset_shards_v1/20260530T120414Z__phaseB_ngram_hamming_full_raw_asset_shards_v1/order_2/shard_0081__3_q.txt/shard_manifest.json,2,2,81,26100,3 q.txt,1943,0,pass
0,0,0.016000000000076398,output/tools/benchmarks/periodic_sub_trans/no_wli/analysis/phaseB_ngram_hamming_full_raw_asset_shards_v1/20260530T120414Z__phaseB_ngram_hamming_full_raw_asset_shards_v1/order_2/shard_0082__3a1_7.txt/shard_manifest.json,2,2,82,36864,3a1 7.txt,1939,0,pass
0,0,0.01499999999987267,output/tools/benchmarks/periodic_sub_trans/no_wli/analysis/phaseB_ngram_hamming_full_raw_asset_shards_v1/20260530T120414Z__phaseB_ngram_hamming_full_raw_asset_shards_v1/order_2/shard_0083__3a1_e.txt/shard_manifest.json,2,2,83,14798,3a1 e.txt,868,0,pass
9077,9137,0.9380000000001019,output/tools/benchmarks/periodic_sub_trans/no_wli/analysis/phaseB_ngram_hamming_full_raw_asset_shards_v1/20260530T120414Z__phaseB_ngram_hamming_full_raw_asset_shards_v1/order_2/shard_0084__4_1.txt/shard_manifest.json,2,2,84,1321891,4 1.txt,102288,102288,pass
1048096,1052799,103.0,output/tools/benchmarks/periodic_sub_trans/no_wli/analysis/phaseB_ngram_hamming_full_raw_asset_shards_v1/20260530T120414Z__phaseB_ngram_hamming_full_raw_asset_shards_v1/order_2/shard_0085__4_10.txt/shard_manifest.json,2,2,85,24292714,4 10.txt,1125676,1125676,pass
634552,637207,64.26600000000008,output/tools/benchmarks/periodic_sub_trans/no_wli/analysis/phaseB_ngram_hamming_full_raw_asset_shards_v1/20260530T120414Z__phaseB_ngram_hamming_full_raw_asset_shards_v1/order_2/shard_0086__4_11.txt/shard_manifest.json,2,2,86,15281673,4 11.txt,675774,675774,pass
361440,363881,38.23500000000013,output/tools/benchmarks/periodic_sub_trans/no_wli/analysis/phaseB_ngram_hamming_full_raw_asset_shards_v1/20260530T120414Z__phaseB_ngram_hamming_full_raw_asset_shards_v1/order_2/shard_0087__4_12.txt/shard_manifest.json,2,2,87,9131620,4 12.txt,387064,387064,pass
78091,78365,8.030999999999949,output/tools/benchmarks/periodic_sub_trans/no_wli/analysis/phaseB_ngram_hamming_full_raw_asset_shards_v1/20260530T120414Z__phaseB_ngram_hamming_full_raw_asset_shards_v1/order_2/shard_0088__4_14.txt/shard_manifest.json,2,2,88,2073158,4 14.txt,81046,81046,pass
142957,143787,10.452999999999975,output/tools/benchmarks/periodic_sub_trans/no_wli/analysis/phaseB_ngram_hamming_full_raw_asset_shards_v1/20260530T120414Z__phaseB_ngram_hamming_full_raw_asset_shards_v1/order_2/shard_0089__4_2.txt/shard_manifest.json,2,2,89,4690331,4 2.txt,337975,337975,pass
952012,957482,70.3130000000001,output/tools/benchmarks/periodic_sub_trans/no_wli/analysis/phaseB_ngram_hamming_full_raw_asset_shards_v1/20260530T120414Z__phaseB_ngram_hamming_full_raw_asset_shards_v1/order_2/shard_0090__4_3.txt/shard_manifest.json,2,2,90,14036805,4 3.txt,950339,950339,pass
2462142,2476663,184.21799999999985,output/tools/benchmarks/periodic_sub_trans/no_wli/analysis/phaseB_ngram_hamming_full_raw_asset_shards_v1/20260530T120414Z__phaseB_ngram_hamming_full_raw_asset_shards_v1/order_2/shard_0091__4_4.txt/shard_manifest.json,2,2,91,30566469,4 4.txt,1944236,1944236,pass
2655410,2668368,215.03099999999995,output/tools/benchmarks/periodic_sub_trans/no_wli/analysis/phaseB_ngram_hamming_full_raw_asset_shards_v1/20260530T120414Z__phaseB_ngram_hamming_full_raw_asset_shards_v1/order_2/shard_0092__4_5.txt/shard_manifest.json,2,2,92,43525380,4 5.txt,2599005,2599005,pass
2821733,2832268,236.37500000000045,output/tools/benchmarks/periodic_sub_trans/no_wli/analysis/phaseB_ngram_hamming_full_raw_asset_shards_v1/20260530T120414Z__phaseB_ngram_hamming_full_raw_asset_shards_v1/order_2/shard_0093__4_6.txt/shard_manifest.json,2,2,93,50561193,4 6.txt,2864856,2864856,pass
2547382,2554358,218.53099999999995,output/tools/benchmarks/periodic_sub_trans/no_wli/analysis/phaseB_ngram_hamming_full_raw_asset_shards_v1/20260530T120414Z__phaseB_ngram_hamming_full_raw_asset_shards_v1/order_2/shard_0094__4_7.txt/shard_manifest.json,2,2,94,49194902,4 7.txt,2645412,2645412,pass
2130968,2137773,195.09400000000005,output/tools/benchmarks/periodic_sub_trans/no_wli/analysis/phaseB_ngram_hamming_full_raw_asset_shards_v1/20260530T120414Z__phaseB_ngram_hamming_full_raw_asset_shards_v1/order_2/shard_0095__4_8.txt/shard_manifest.json,2,2,95,43310709,4 8.txt,2210902,2210902,pass
1576066,1581483,165.09400000000005,output/tools/benchmarks/periodic_sub_trans/no_wli/analysis/phaseB_ngram_hamming_full_raw_asset_shards_v1/20260530T120414Z__phaseB_ngram_hamming_full_raw_asset_shards_v1/order_2/shard_0096__4_9.txt/shard_manifest.json,2,2,96,34696554,4 9.txt,1686664,1686664,pass
0,0,0.03099999999994907,output/tools/benchmarks/periodic_sub_trans/no_wli/analysis/phaseB_ngram_hamming_full_raw_asset_shards_v1/20260530T120414Z__phaseB_ngram_hamming_full_raw_asset_shards_v1/order_2/shard_0097__4_e.txt/shard_manifest.json,2,2,97,121832,4 e.txt,6499,0,pass
0,0,0.03099999999994907,output/tools/benchmarks/periodic_sub_trans/no_wli/analysis/phaseB_ngram_hamming_full_raw_asset_shards_v1/20260530T120414Z__phaseB_ngram_hamming_full_raw_asset_shards_v1/order_2/shard_0098__4_q.txt/shard_manifest.json,2,2,98,89649,4 q.txt,6402,0,pass
9774,9808,1.2029999999995198,output/tools/benchmarks/periodic_sub_trans/no_wli/analysis/phaseB_ngram_hamming_full_raw_asset_shards_v1/20260530T120414Z__phaseB_ngram_hamming_full_raw_asset_shards_v1/order_2/shard_0099__5_1.txt/shard_manifest.json,2,2,99,2059423,5 1.txt,148427,148427,pass
1249148,1254051,127.76599999999962,output/tools/benchmarks/periodic_sub_trans/no_wli/analysis/phaseB_ngram_hamming_full_raw_asset_shards_v1/20260530T120414Z__phaseB_ngram_hamming_full_raw_asset_shards_v1/order_2/shard_0100__5_10.txt/shard_manifest.json,2,2,100,29979350,5 10.txt,1328994,1328994,pass
752725,755420,78.32799999999952,output/tools/benchmarks/periodic_sub_trans/no_wli/analysis/phaseB_ngram_hamming_full_raw_asset_shards_v1/20260530T120414Z__phaseB_ngram_hamming_full_raw_asset_shards_v1/order_2/shard_0101__5_11.txt/shard_manifest.json,2,2,101,18533949,5 11.txt,785716,785716,pass
426857,429373,46.04699999999957,output/tools/benchmarks/periodic_sub_trans/no_wli/analysis/phaseB_ngram_hamming_full_raw_asset_shards_v1/20260530T120414Z__phaseB_ngram_hamming_full_raw_asset_shards_v1/order_2/shard_0102__5_12.txt/shard_manifest.json,2,2,102,10944840,5 12.txt,445641,445641,pass
153844,154335,12.188000000000102,output/tools/benchmarks/periodic_sub_trans/no_wli/analysis/phaseB_ngram_hamming_full_raw_asset_shards_v1/20260530T120414Z__phaseB_ngram_hamming_full_raw_asset_shards_v1/order_2/shard_0103__5_2.txt/shard_manifest.json,2,2,103,7021071,5 2.txt,470583,470583,pass
1021200,1024893,81.20299999999952,output/tools/benchmarks/periodic_sub_trans/no_wli/analysis/phaseB_ngram_hamming_full_raw_asset_shards_v1/20260530T120414Z__phaseB_ngram_hamming_full_raw_asset_shards_v1/order_2/shard_0104__5_3.txt/shard_manifest.json,2,2,104,20173416,5 3.txt,1275063,1275063,pass
0,0,0.03099999999994907,output/tools/benchmarks/periodic_sub_trans/no_wli/analysis/phaseB_ngram_hamming_full_raw_asset_shards_v1/20260530T120414Z__phaseB_ngram_hamming_full_raw_asset_shards_v1/order_2/shard_0105__5_3a1.txt/shard_manifest.json,2,2,105,80950,5 3a1.txt,4743,0,pass
2639892,2650455,215.125,output/tools/benchmarks/periodic_sub_trans/no_wli/analysis/phaseB_ngram_hamming_full_raw_asset_shards_v1/20260530T120414Z__phaseB_ngram_hamming_full_raw_asset_shards_v1/order_2/shard_0106__5_4.txt/shard_manifest.json,2,2,106,43097662,5 4.txt,2575433,2575433,pass
3106772,3117340,261.4380000000001,output/tools/benchmarks/periodic_sub_trans/no_wli/analysis/phaseB_ngram_hamming_full_raw_asset_shards_v1/20260530T120414Z__phaseB_ngram_hamming_full_raw_asset_shards_v1/order_2/shard_0107__5_5.txt/shard_manifest.json,2,2,107,59550477,5 5.txt,3356263,3356263,pass
3319600,3327902,285.9840000000004,output/tools/benchmarks/periodic_sub_trans/no_wli/analysis/phaseB_ngram_hamming_full_raw_asset_shards_v1/20260530T120414Z__phaseB_ngram_hamming_full_raw_asset_shards_v1/order_2/shard_0108__5_6.txt/shard_manifest.json,2,2,108,66782482,5 6.txt,3583803,3583803,pass
3015216,3020750,279.17199999999957,output/tools/benchmarks/periodic_sub_trans/no_wli/analysis/phaseB_ngram_hamming_full_raw_asset_shards_v1/20260530T120414Z__phaseB_ngram_hamming_full_raw_asset_shards_v1/order_2/shard_0109__5_7.txt/shard_manifest.json,2,2,109,63665274,5 7.txt,3251329,3251329,pass
2539163,2545055,250.375,output/tools/benchmarks/periodic_sub_trans/no_wli/analysis/phaseB_ngram_hamming_full_raw_asset_shards_v1/20260530T120414Z__phaseB_ngram_hamming_full_raw_asset_shards_v1/order_2/shard_0110__5_8.txt/shard_manifest.json,2,2,110,55470739,5 8.txt,2696979,2696979,pass
1885729,1890534,183.53099999999995,output/tools/benchmarks/periodic_sub_trans/no_wli/analysis/phaseB_ngram_hamming_full_raw_asset_shards_v1/20260530T120414Z__phaseB_ngram_hamming_full_raw_asset_shards_v1/order_2/shard_0111__5_9.txt/shard_manifest.json,2,2,111,43823460,5 9.txt,2033867,2033867,pass
0,0,0.06199999999989814,output/tools/benchmarks/periodic_sub_trans/no_wli/analysis/phaseB_ngram_hamming_full_raw_asset_shards_v1/20260530T120414Z__phaseB_ngram_hamming_full_raw_asset_shards_v1/order_2/shard_0112__5_e.txt/shard_manifest.json,2,2,112,237550,5 e.txt,12175,0,pass
0,0,0.06300000000010186,output/tools/benchmarks/periodic_sub_trans/no_wli/analysis/phaseB_ngram_hamming_full_raw_asset_shards_v1/20260530T120414Z__phaseB_ngram_hamming_full_raw_asset_shards_v1/order_2/shard_0113__5_q.txt/shard_manifest.json,2,2,113,174780,5 q.txt,11793,0,pass
12042,12078,1.469000000000051,output/tools/benchmarks/periodic_sub_trans/no_wli/analysis/phaseB_ngram_hamming_full_raw_asset_shards_v1/20260530T120414Z__phaseB_ngram_hamming_full_raw_asset_shards_v1/order_2/shard_0114__6_1.txt/shard_manifest.json,2,2,114,2472508,6 1.txt,167112,167112,pass
1420022,1424980,150.84299999999985,output/tools/benchmarks/periodic_sub_trans/no_wli/analysis/phaseB_ngram_hamming_full_raw_asset_shards_v1/20260530T120414Z__phaseB_ngram_hamming_full_raw_asset_shards_v1/order_2/shard_0115__6_10.txt/shard_manifest.json,2,2,115,35623701,6 10.txt,1514847,1514847,pass
856237,858959,92.0,output/tools/benchmarks/periodic_sub_trans/no_wli/analysis/phaseB_ngram_hamming_full_raw_asset_shards_v1/20260530T120414Z__phaseB_ngram_hamming_full_raw_asset_shards_v1/order_2/shard_0116__6_11.txt/shard_manifest.json,2,2,116,22042178,6 11.txt,897682,897682,pass
488114,490842,54.64100000000053,output/tools/benchmarks/periodic_sub_trans/no_wli/analysis/phaseB_ngram_hamming_full_raw_asset_shards_v1/20260530T120414Z__phaseB_ngram_hamming_full_raw_asset_shards_v1/order_2/shard_0117__6_12.txt/shard_manifest.json,2,2,117,13096049,6 12.txt,512931,512931,pass
234804,236554,26.360000000000582,output/tools/benchmarks/periodic_sub_trans/no_wli/analysis/phaseB_ngram_hamming_full_raw_asset_shards_v1/20260530T120414Z__phaseB_ngram_hamming_full_raw_asset_shards_v1/order_2/shard_0118__6_13.txt/shard_manifest.json,2,2,118,6436294,6 13.txt,242414,242414,pass
182442,182888,15.5,output/tools/benchmarks/periodic_sub_trans/no_wli/analysis/phaseB_ngram_hamming_full_raw_asset_shards_v1/20260530T120414Z__phaseB_ngram_hamming_full_raw_asset_shards_v1/order_2/shard_0119__6_2.txt/shard_manifest.json,2,2,119,8720691,6 2.txt,549037,549037,pass
1133467,1136634,93.04699999999957,output/tools/benchmarks/periodic_sub_trans/no_wli/analysis/phaseB_ngram_hamming_full_raw_asset_shards_v1/20260530T120414Z__phaseB_ngram_hamming_full_raw_asset_shards_v1/order_2/shard_0120__6_3.txt/shard_manifest.json,2,2,120,24374519,6 3.txt,1453337,1453337,pass
2855224,2863768,239.78099999999995,output/tools/benchmarks/periodic_sub_trans/no_wli/analysis/phaseB_ngram_hamming_full_raw_asset_shards_v1/20260530T120414Z__phaseB_ngram_hamming_full_raw_asset_shards_v1/order_2/shard_0121__6_4.txt/shard_manifest.json,2,2,121,50951317,6 4.txt,2884954,2884954,pass
3386485,3394946,296.9210000000003,output/tools/benchmarks/periodic_sub_trans/no_wli/analysis/phaseB_ngram_hamming_full_raw_asset_shards_v1/20260530T120414Z__phaseB_ngram_hamming_full_raw_asset_shards_v1/order_2/shard_0122__6_5.txt/shard_manifest.json,2,2,122,68770507,6 5.txt,3684582,3684582,pass
3618185,3624372,323.4529999999995,output/tools/benchmarks/periodic_sub_trans/no_wli/analysis/phaseB_ngram_hamming_full_raw_asset_shards_v1/20260530T120414Z__phaseB_ngram_hamming_full_raw_asset_shards_v1/order_2/shard_0123__6_6.txt/shard_manifest.json,2,2,123,76642797,6 6.txt,3917167,3917167,pass
3315875,3320010,308.28099999999995,output/tools/benchmarks/periodic_sub_trans/no_wli/analysis/phaseB_ngram_hamming_full_raw_asset_shards_v1/20260530T120414Z__phaseB_ngram_hamming_full_raw_asset_shards_v1/order_2/shard_0124__6_7.txt/shard_manifest.json,2,2,124,73419611,6 7.txt,3577102,3577102,pass
2827883,2832727,276.0470000000005,output/tools/benchmarks/periodic_sub_trans/no_wli/analysis/phaseB_ngram_hamming_full_raw_asset_shards_v1/20260530T120414Z__phaseB_ngram_hamming_full_raw_asset_shards_v1/order_2/shard_0125__6_8.txt/shard_manifest.json,2,2,125,64675389,6 8.txt,3006505,3006505,pass
2121805,2126255,217.875,output/tools/benchmarks/periodic_sub_trans/no_wli/analysis/phaseB_ngram_hamming_full_raw_asset_shards_v1/20260530T120414Z__phaseB_ngram_hamming_full_raw_asset_shards_v1/order_2/shard_0126__6_9.txt/shard_manifest.json,2,2,126,51560542,6 9.txt,2291497,2291497,pass
0,0,0.0930000000007567,output/tools/benchmarks/periodic_sub_trans/no_wli/analysis/phaseB_ngram_hamming_full_raw_asset_shards_v1/20260530T120414Z__phaseB_ngram_hamming_full_raw_asset_shards_v1/order_2/shard_0127__6_e.txt/shard_manifest.json,2,2,127,344050,6 e.txt,16954,0,pass
0,0,0.07799999999951979,output/tools/benchmarks/periodic_sub_trans/no_wli/analysis/phaseB_ngram_hamming_full_raw_asset_shards_v1/20260530T120414Z__phaseB_ngram_hamming_full_raw_asset_shards_v1/order_2/shard_0128__6_q.txt/shard_manifest.json,2,2,128,250455,6 q.txt,16027,0,pass
12051,12061,1.4840000000003783,output/tools/benchmarks/periodic_sub_trans/no_wli/analysis/phaseB_ngram_hamming_full_raw_asset_shards_v1/20260530T120414Z__phaseB_ngram_hamming_full_raw_asset_shards_v1/order_2/shard_0129__7_1.txt/shard_manifest.json,2,2,129,2438929,7 1.txt,155068,155068,pass
1394548,1399297,151.0,output/tools/benchmarks/periodic_sub_trans/no_wli/analysis/phaseB_ngram_hamming_full_raw_asset_shards_v1/20260530T120414Z__phaseB_ngram_hamming_full_raw_asset_shards_v1/order_2/shard_0130__7_10.txt/shard_manifest.json,2,2,130,36528504,7 10.txt,1488908,1488908,pass
845408,848387,95.21800000000076,output/tools/benchmarks/periodic_sub_trans/no_wli/analysis/phaseB_ngram_hamming_full_raw_asset_shards_v1/20260530T120414Z__phaseB_ngram_hamming_full_raw_asset_shards_v1/order_2/shard_0131__7_11.txt/shard_manifest.json,2,2,131,22784721,7 11.txt,890975,890975,pass
487402,490458,54.89099999999962,output/tools/benchmarks/periodic_sub_trans/no_wli/analysis/phaseB_ngram_hamming_full_raw_asset_shards_v1/20260530T120414Z__phaseB_ngram_hamming_full_raw_asset_shards_v1/order_2/shard_0132__7_12.txt/shard_manifest.json,2,2,132,13715308,7 12.txt,516354,516354,pass
103069,103427,12.21900000000096,output/tools/benchmarks/periodic_sub_trans/no_wli/analysis/phaseB_ngram_hamming_full_raw_asset_shards_v1/20260530T120414Z__phaseB_ngram_hamming_full_raw_asset_shards_v1/order_2/shard_0133__7_14.txt/shard_manifest.json,2,2,133,3020191,7 14.txt,105733,105733,pass
176891,177021,15.734000000000378,output/tools/benchmarks/periodic_sub_trans/no_wli/analysis/phaseB_ngram_hamming_full_raw_asset_shards_v1/20260530T120414Z__phaseB_ngram_hamming_full_raw_asset_shards_v1/order_2/shard_0134__7_2.txt/shard_manifest.json,2,2,134,9214161,7 2.txt,546560,546560,pass
1049823,1051666,89.375,output/tools/benchmarks/periodic_sub_trans/no_wli/analysis/phaseB_ngram_hamming_full_raw_asset_shards_v1/20260530T120414Z__phaseB_ngram_hamming_full_raw_asset_shards_v1/order_2/shard_0135__7_3.txt/shard_manifest.json,2,2,135,24714846,7 3.txt,1393000,1393000,pass
2592654,2598492,228.0619999999999,output/tools/benchmarks/periodic_sub_trans/no_wli/analysis/phaseB_ngram_hamming_full_raw_asset_shards_v1/20260530T120414Z__phaseB_ngram_hamming_full_raw_asset_shards_v1/order_2/shard_0136__7_4.txt/shard_manifest.json,2,2,136,49975680,7 4.txt,2683538,2683538,pass
3085078,3091131,275.7970000000005,output/tools/benchmarks/periodic_sub_trans/no_wli/analysis/phaseB_ngram_hamming_full_raw_asset_shards_v1/20260530T120414Z__phaseB_ngram_hamming_full_raw_asset_shards_v1/order_2/shard_0137__7_5.txt/shard_manifest.json,2,2,137,66209377,7 5.txt,3372585,3372585,pass
3307357,3311440,312.0470000000005,output/tools/benchmarks/periodic_sub_trans/no_wli/analysis/phaseB_ngram_hamming_full_raw_asset_shards_v1/20260530T120414Z__phaseB_ngram_hamming_full_raw_asset_shards_v1/order_2/shard_0138__7_6.txt/shard_manifest.json,2,2,138,73310704,7 6.txt,3567858,3567858,pass
3090545,3093530,293.8590000000004,output/tools/benchmarks/periodic_sub_trans/no_wli/analysis/phaseB_ngram_hamming_full_raw_asset_shards_v1/20260530T120414Z__phaseB_ngram_hamming_full_raw_asset_shards_v1/order_2/shard_0139__7_7.txt/shard_manifest.json,2,2,139,71593335,7 7.txt,3326283,3326283,pass
2678146,2682122,266.79699999999866,output/tools/benchmarks/periodic_sub_trans/no_wli/analysis/phaseB_ngram_hamming_full_raw_asset_shards_v1/20260530T120414Z__phaseB_ngram_hamming_full_raw_asset_shards_v1/order_2/shard_0140__7_8.txt/shard_manifest.json,2,2,140,63996554,7 8.txt,2842511,2842511,pass
2042474,2046594,213.90699999999924,output/tools/benchmarks/periodic_sub_trans/no_wli/analysis/phaseB_ngram_hamming_full_raw_asset_shards_v1/20260530T120414Z__phaseB_ngram_hamming_full_raw_asset_shards_v1/order_2/shard_0141__7_9.txt/shard_manifest.json,2,2,141,51916676,7 9.txt,2208272,2208272,pass
0,0,0.04700000000048021,output/tools/benchmarks/periodic_sub_trans/no_wli/analysis/phaseB_ngram_hamming_full_raw_asset_shards_v1/20260530T120414Z__phaseB_ngram_hamming_full_raw_asset_shards_v1/order_2/shard_0142__7_e.txt/shard_manifest.json,2,2,142,416604,7 e.txt,19738,0,pass
10776,10798,1.25,output/tools/benchmarks/periodic_sub_trans/no_wli/analysis/phaseB_ngram_hamming_full_raw_asset_shards_v1/20260530T120414Z__phaseB_ngram_hamming_full_raw_asset_shards_v1/order_2/shard_0143__8_1.txt/shard_manifest.json,2,2,143,2119997,8 1.txt,127119,127119,pass
1235238,1240021,136.1880000000001,output/tools/benchmarks/periodic_sub_trans/no_wli/analysis/phaseB_ngram_hamming_full_raw_asset_shards_v1/20260530T120414Z__phaseB_ngram_hamming_full_raw_asset_shards_v1/order_2/shard_0144__8_10.txt/shard_manifest.json,2,2,144,33430880,8 10.txt,1310823,1310823,pass
747638,750564,84.82899999999972,output/tools/benchmarks/periodic_sub_trans/no_wli/analysis/phaseB_ngram_hamming_full_raw_asset_shards_v1/20260530T120414Z__phaseB_ngram_hamming_full_raw_asset_shards_v1/order_2/shard_0145__8_11.txt/shard_manifest.json,2,2,145,20807218,8 11.txt,784106,784106,pass
153914,154195,13.734000000000378,output/tools/benchmarks/periodic_sub_trans/no_wli/analysis/phaseB_ngram_hamming_full_raw_asset_shards_v1/20260530T120414Z__phaseB_ngram_hamming_full_raw_asset_shards_v1/order_2/shard_0146__8_2.txt/shard_manifest.json,2,2,146,8529209,8 2.txt,478218,478218,pass
878081,880070,78.14099999999962,output/tools/benchmarks/periodic_sub_trans/no_wli/analysis/phaseB_ngram_hamming_full_raw_asset_shards_v1/20260530T120414Z__phaseB_ngram_hamming_full_raw_asset_shards_v1/order_2/shard_0147__8_3.txt/shard_manifest.json,2,2,147,22141144,8 3.txt,1182122,1182122,pass
2144082,2149813,197.125,output/tools/benchmarks/periodic_sub_trans/no_wli/analysis/phaseB_ngram_hamming_full_raw_asset_shards_v1/20260530T120414Z__phaseB_ngram_hamming_full_raw_asset_shards_v1/order_2/shard_0148__8_4.txt/shard_manifest.json,2,2,148,43911780,8 4.txt,2239314,2239314,pass
2578087,2584744,245.3119999999999,output/tools/benchmarks/periodic_sub_trans/no_wli/analysis/phaseB_ngram_hamming_full_raw_asset_shards_v1/20260530T120414Z__phaseB_ngram_hamming_full_raw_asset_shards_v1/order_2/shard_0149__8_5.txt/shard_manifest.json,2,2,149,57586616,8 5.txt,2793560,2793560,pass
2777478,2782652,266.2029999999995,output/tools/benchmarks/periodic_sub_trans/no_wli/analysis/phaseB_ngram_hamming_full_raw_asset_shards_v1/20260530T120414Z__phaseB_ngram_hamming_full_raw_asset_shards_v1/order_2/shard_0150__8_6.txt/shard_manifest.json,2,2,150,63673936,8 6.txt,2957317,2957317,pass
2634255,2638481,261.1869999999999,output/tools/benchmarks/periodic_sub_trans/no_wli/analysis/phaseB_ngram_hamming_full_raw_asset_shards_v1/20260530T120414Z__phaseB_ngram_hamming_full_raw_asset_shards_v1/order_2/shard_0151__8_7.txt/shard_manifest.json,2,2,151,62953112,8 7.txt,2796692,2796692,pass
2324303,2328969,238.34300000000076,output/tools/benchmarks/periodic_sub_trans/no_wli/analysis/phaseB_ngram_hamming_full_raw_asset_shards_v1/20260530T120414Z__phaseB_ngram_hamming_full_raw_asset_shards_v1/order_2/shard_0152__8_8.txt/shard_manifest.json,2,2,152,57474636,8 8.txt,2446339,2446339,pass
1787402,1791914,190.65699999999924,output/tools/benchmarks/periodic_sub_trans/no_wli/analysis/phaseB_ngram_hamming_full_raw_asset_shards_v1/20260530T120414Z__phaseB_ngram_hamming_full_raw_asset_shards_v1/order_2/shard_0153__8_9.txt/shard_manifest.json,2,2,153,47000190,8 9.txt,1919505,1919505,pass
0,0,0.046999999998661224,output/tools/benchmarks/periodic_sub_trans/no_wli/analysis/phaseB_ngram_hamming_full_raw_asset_shards_v1/20260530T120414Z__phaseB_ngram_hamming_full_raw_asset_shards_v1/order_2/shard_0154__8_e.txt/shard_manifest.json,2,2,154,424486,8 e.txt,19284,0,pass
965643,970409,110.8130000000001,output/tools/benchmarks/periodic_sub_trans/no_wli/analysis/phaseB_ngram_hamming_full_raw_asset_shards_v1/20260530T120414Z__phaseB_ngram_hamming_full_raw_asset_shards_v1/order_2/shard_0155__9_10.txt/shard_manifest.json,2,2,155,27474934,9 10.txt,1037747,1037747,pass
581924,584619,67.20299999999952,output/tools/benchmarks/periodic_sub_trans/no_wli/analysis/phaseB_ngram_hamming_full_raw_asset_shards_v1/20260530T120414Z__phaseB_ngram_hamming_full_raw_asset_shards_v1/order_2/shard_0156__9_11.txt/shard_manifest.json,2,2,156,17029104,9 11.txt,619076,619076,pass
119712,120030,11.485000000000582,output/tools/benchmarks/periodic_sub_trans/no_wli/analysis/phaseB_ngram_hamming_full_raw_asset_shards_v1/20260530T120414Z__phaseB_ngram_hamming_full_raw_asset_shards_v1/order_2/shard_0157__9_2.txt/shard_manifest.json,2,2,157,7346711,9 2.txt,390510,390510,pass
666502,668325,62.53100000000086,output/tools/benchmarks/periodic_sub_trans/no_wli/analysis/phaseB_ngram_hamming_full_raw_asset_shards_v1/20260530T120414Z__phaseB_ngram_hamming_full_raw_asset_shards_v1/order_2/shard_0158__9_3.txt/shard_manifest.json,2,2,158,18425638,9 3.txt,934626,934626,pass
1612004,1616790,150.15699999999924,output/tools/benchmarks/periodic_sub_trans/no_wli/analysis/phaseB_ngram_hamming_full_raw_asset_shards_v1/20260530T120414Z__phaseB_ngram_hamming_full_raw_asset_shards_v1/order_2/shard_0159__9_4.txt/shard_manifest.json,2,2,159,35665641,9 4.txt,1732724,1732724,pass
1950685,1956453,191.5,output/tools/benchmarks/periodic_sub_trans/no_wli/analysis/phaseB_ngram_hamming_full_raw_asset_shards_v1/20260530T120414Z__phaseB_ngram_hamming_full_raw_asset_shards_v1/order_2/shard_0160__9_5.txt/shard_manifest.json,2,2,160,46331582,9 5.txt,2146234,2146234,pass
2118195,2123221,208.09399999999914,output/tools/benchmarks/periodic_sub_trans/no_wli/analysis/phaseB_ngram_hamming_full_raw_asset_shards_v1/20260530T120414Z__phaseB_ngram_hamming_full_raw_asset_shards_v1/order_2/shard_0161__9_6.txt/shard_manifest.json,2,2,161,51166736,9 6.txt,2273319,2273319,pass
2030641,2035157,213.46899999999914,output/tools/benchmarks/periodic_sub_trans/no_wli/analysis/phaseB_ngram_hamming_full_raw_asset_shards_v1/20260530T120414Z__phaseB_ngram_hamming_full_raw_asset_shards_v1/order_2/shard_0162__9_7.txt/shard_manifest.json,2,2,162,51069745,9 7.txt,2173797,2173797,pass
1804411,1809122,195.28099999999904,output/tools/benchmarks/periodic_sub_trans/no_wli/analysis/phaseB_ngram_hamming_full_raw_asset_shards_v1/20260530T120414Z__phaseB_ngram_hamming_full_raw_asset_shards_v1/order_2/shard_0163__9_8.txt/shard_manifest.json,2,2,163,46875383,9 8.txt,1915597,1915597,pass
1393724,1398553,151.57799999999952,output/tools/benchmarks/periodic_sub_trans/no_wli/analysis/phaseB_ngram_hamming_full_raw_asset_shards_v1/20260530T120414Z__phaseB_ngram_hamming_full_raw_asset_shards_v1/order_2/shard_0164__9_9.txt/shard_manifest.json,2,2,164,38605600,9 9.txt,1516088,1516088,pass
0,0,0.07800000000133878,output/tools/benchmarks/periodic_sub_trans/no_wli/analysis/phaseB_ngram_hamming_full_raw_asset_shards_v1/20260530T120414Z__phaseB_ngram_hamming_full_raw_asset_shards_v1/order_2/shard_0165__9_e.txt/shard_manifest.json,2,2,165,395088,9 e.txt,17214,0,pass
0,0,0.046999999998661224,output/tools/benchmarks/periodic_sub_trans/no_wli/analysis/phaseB_ngram_hamming_full_raw_asset_shards_v1/20260530T120414Z__phaseB_ngram_hamming_full_raw_asset_shards_v1/order_2/shard_0166__9_q.txt/shard_manifest.json,2,2,166,281490,9 q.txt,15401,0,pass
0,0,0.01599999999962165,output/tools/benchmarks/periodic_sub_trans/no_wli/analysis/phaseB_ngram_hamming_full_raw_asset_shards_v1/20260530T120414Z__phaseB_ngram_hamming_full_raw_asset_shards_v1/order_2/shard_0167__c_3.txt/shard_manifest.json,2,2,167,79388,c 3.txt,5861,0,pass
0,0,0.014999999999417923,output/tools/benchmarks/periodic_sub_trans/no_wli/analysis/phaseB_ngram_hamming_full_raw_asset_shards_v1/20260530T120414Z__phaseB_ngram_hamming_full_raw_asset_shards_v1/order_2/shard_0168__n1_4.txt/shard_manifest.json,2,2,168,67470,n1 4.txt,5194,0,pass
0,0,0.014999999999417923,output/tools/benchmarks/periodic_sub_trans/no_wli/analysis/phaseB_ngram_hamming_full_raw_asset_shards_v1/20260530T120414Z__phaseB_ngram_hamming_full_raw_asset_shards_v1/order_2/shard_0169__n2_4.txt/shard_manifest.json,2,2,169,66575,n2 4.txt,5061,0,pass
0,0,0.01599999999962165,output/tools/benchmarks/periodic_sub_trans/no_wli/analysis/phaseB_ngram_hamming_full_raw_asset_shards_v1/20260530T120414Z__phaseB_ngram_hamming_full_raw_asset_shards_v1/order_2/shard_0170__n3_3.txt/shard_manifest.json,2,2,170,21002,n3 3.txt,1710,0,pass
0,0,0.031000000000858563,output/tools/benchmarks/periodic_sub_trans/no_wli/analysis/phaseB_ngram_hamming_full_raw_asset_shards_v1/20260530T120414Z__phaseB_ngram_hamming_full_raw_asset_shards_v1/order_2/shard_0171__n4_7.txt/shard_manifest.json,2,2,171,147760,n4 7.txt,9433,0,pass
0,0,0.0,output/tools/benchmarks/periodic_sub_trans/no_wli/analysis/phaseB_ngram_hamming_full_raw_asset_shards_v1/20260530T120414Z__phaseB_ngram_hamming_full_raw_asset_shards_v1/order_2/shard_0172__n5_6.txt/shard_manifest.json,2,2,172,119670,n5 6.txt,8143,0,pass
0,0,0.0,output/tools/benchmarks/periodic_sub_trans/no_wli/analysis/phaseB_ngram_hamming_full_raw_asset_shards_v1/20260530T120414Z__phaseB_ngram_hamming_full_raw_asset_shards_v1/order_2/shard_0173__n7_1.txt/shard_manifest.json,2,2,173,401,n7 1.txt,33,0,pass
0,0,0.01599999999962165,output/tools/benchmarks/periodic_sub_trans/no_wli/analysis/phaseB_ngram_hamming_full_raw_asset_shards_v1/20260530T120414Z__phaseB_ngram_hamming_full_raw_asset_shards_v1/order_2/shard_0174__q_2.txt/shard_manifest.json,2,2,174,4243,q 2.txt,318,0,pass
0,0,0.01599999999962165,output/tools/benchmarks/periodic_sub_trans/no_wli/analysis/phaseB_ngram_hamming_full_raw_asset_shards_v1/20260530T120414Z__phaseB_ngram_hamming_full_raw_asset_shards_v1/order_2/shard_0175__q_3.txt/shard_manifest.json,2,2,175,26250,q 3.txt,1943,0,pass
0,0,0.01599999999962165,output/tools/benchmarks/periodic_sub_trans/no_wli/analysis/phaseB_ngram_hamming_full_raw_asset_shards_v1/20260530T120414Z__phaseB_ngram_hamming_full_raw_asset_shards_v1/order_2/shard_0176__q_4.txt/shard_manifest.json,2,2,176,89884,q 4.txt,6420,0,pass
0,0,0.031000000000858563,output/tools/benchmarks/periodic_sub_trans/no_wli/analysis/phaseB_ngram_hamming_full_raw_asset_shards_v1/20260530T120414Z__phaseB_ngram_hamming_full_raw_asset_shards_v1/order_2/shard_0177__q_5.txt/shard_manifest.json,2,2,177,175423,q 5.txt,11862,0,pass
0,0,0.0319999999992433,output/tools/benchmarks/periodic_sub_trans/no_wli/analysis/phaseB_ngram_hamming_full_raw_asset_shards_v1/20260530T120414Z__phaseB_ngram_hamming_full_raw_asset_shards_v1/order_2/shard_0178__q_6.txt/shard_manifest.json,2,2,178,252208,q 6.txt,16188,0,pass
0,0,0.046999999998661224,output/tools/benchmarks/periodic_sub_trans/no_wli/analysis/phaseB_ngram_hamming_full_raw_asset_shards_v1/20260530T120414Z__phaseB_ngram_hamming_full_raw_asset_shards_v1/order_2/shard_0179__q_9.txt/shard_manifest.json,2,2,179,284456,q 9.txt,15634,0,pass
0,0,0.0,output/tools/benchmarks/periodic_sub_trans/no_wli/analysis/phaseB_ngram_hamming_full_raw_asset_shards_v1/20260530T120414Z__phaseB_ngram_hamming_full_raw_asset_shards_v1/order_2/shard_0180__q_e.txt/shard_manifest.json,2,2,180,32,q e.txt,2,0,pass
0,0,0.014999999999417923,output/tools/benchmarks/periodic_sub_trans/no_wli/analysis/phaseB_ngram_hamming_full_raw_asset_shards_v1/20260530T120414Z__phaseB_ngram_hamming_full_raw_asset_shards_v1/order_2/shard_0181__s_1.txt/shard_manifest.json,2,2,181,702,s 1.txt,35,0,pass
0,0,0.031000000000858563,output/tools/benchmarks/periodic_sub_trans/no_wli/analysis/phaseB_ngram_hamming_full_raw_asset_shards_v1/20260530T120414Z__phaseB_ngram_hamming_full_raw_asset_shards_v1/order_2/shard_0182__s_10.txt/shard_manifest.json,2,2,182,331373,s 10.txt,12955,0,pass
0,0,0.030999999999039574,output/tools/benchmarks/periodic_sub_trans/no_wli/analysis/phaseB_ngram_hamming_full_raw_asset_shards_v1/20260530T120414Z__phaseB_ngram_hamming_full_raw_asset_shards_v1/order_2/shard_0183__s_11.txt/shard_manifest.json,2,2,183,230374,s 11.txt,8681,0,pass
0,0,0.014999999999417923,output/tools/benchmarks/periodic_sub_trans/no_wli/analysis/phaseB_ngram_hamming_full_raw_asset_shards_v1/20260530T120414Z__phaseB_ngram_hamming_full_raw_asset_shards_v1/order_2/shard_0184__s_12.txt/shard_manifest.json,2,2,184,147206,s 12.txt,5350,0,pass
0,0,0.01599999999962165,output/tools/benchmarks/periodic_sub_trans/no_wli/analysis/phaseB_ngram_hamming_full_raw_asset_shards_v1/20260530T120414Z__phaseB_ngram_hamming_full_raw_asset_shards_v1/order_2/shard_0185__s_13.txt/shard_manifest.json,2,2,185,87793,s 13.txt,3083,0,pass
0,0,0.0,output/tools/benchmarks/periodic_sub_trans/no_wli/analysis/phaseB_ngram_hamming_full_raw_asset_shards_v1/20260530T120414Z__phaseB_ngram_hamming_full_raw_asset_shards_v1/order_2/shard_0186__s_2.txt/shard_manifest.json,2,2,186,6531,s 2.txt,327,0,pass
0,0,0.01599999999962165,output/tools/benchmarks/periodic_sub_trans/no_wli/analysis/phaseB_ngram_hamming_full_raw_asset_shards_v1/20260530T120414Z__phaseB_ngram_hamming_full_raw_asset_shards_v1/order_2/shard_0187__s_2a1.txt/shard_manifest.json,2,2,187,8352,s 2a1.txt,464,0,pass
0,0,0.031000000000858563,output/tools/benchmarks/periodic_sub_trans/no_wli/analysis/phaseB_ngram_hamming_full_raw_asset_shards_v1/20260530T120414Z__phaseB_ngram_hamming_full_raw_asset_shards_v1/order_2/shard_0188__s_3.txt/shard_manifest.json,2,2,188,39564,s 3.txt,1955,0,pass
0,0,0.030999999999039574,output/tools/benchmarks/periodic_sub_trans/no_wli/analysis/phaseB_ngram_hamming_full_raw_asset_shards_v1/20260530T120414Z__phaseB_ngram_hamming_full_raw_asset_shards_v1/order_2/shard_0189__s_4.txt/shard_manifest.json,2,2,189,134043,s 4.txt,6489,0,pass
0,0,0.031000000000858563,output/tools/benchmarks/periodic_sub_trans/no_wli/analysis/phaseB_ngram_hamming_full_raw_asset_shards_v1/20260530T120414Z__phaseB_ngram_hamming_full_raw_asset_shards_v1/order_2/shard_0190__s_5.txt/shard_manifest.json,2,2,190,259530,s 5.txt,12140,0,pass
0,0,0.031000000000858563,output/tools/benchmarks/periodic_sub_trans/no_wli/analysis/phaseB_ngram_hamming_full_raw_asset_shards_v1/20260530T120414Z__phaseB_ngram_hamming_full_raw_asset_shards_v1/order_2/shard_0191__s_6.txt/shard_manifest.json,2,2,191,370934,s 6.txt,16787,0,pass
0,0,0.04700000000048021,output/tools/benchmarks/periodic_sub_trans/no_wli/analysis/phaseB_ngram_hamming_full_raw_asset_shards_v1/20260530T120414Z__phaseB_ngram_hamming_full_raw_asset_shards_v1/order_2/shard_0192__s_7.txt/shard_manifest.json,2,2,192,442036,s 7.txt,19332,0,pass
0,0,0.04700000000048021,output/tools/benchmarks/periodic_sub_trans/no_wli/analysis/phaseB_ngram_hamming_full_raw_asset_shards_v1/20260530T120414Z__phaseB_ngram_hamming_full_raw_asset_shards_v1/order_2/shard_0193__s_8.txt/shard_manifest.json,2,2,193,443781,s 8.txt,18698,0,pass
0,0,0.046999999998661224,output/tools/benchmarks/periodic_sub_trans/no_wli/analysis/phaseB_ngram_hamming_full_raw_asset_shards_v1/20260530T120414Z__phaseB_ngram_hamming_full_raw_asset_shards_v1/order_2/shard_0194__s_9.txt/shard_manifest.json,2,2,194,408140,s 9.txt,16554,0,pass
0,0,0.01599999999962165,output/tools/benchmarks/periodic_sub_trans/no_wli/analysis/phaseB_ngram_hamming_full_raw_asset_shards_v1/20260530T120414Z__phaseB_ngram_hamming_full_raw_asset_shards_v1/order_2/shard_0195__s_n1.txt/shard_manifest.json,2,2,195,40,s n1.txt,2,0,pass
0,0,0.01599999999962165,output/tools/benchmarks/periodic_sub_trans/no_wli/analysis/phaseB_ngram_hamming_full_raw_asset_shards_v1/20260530T120414Z__phaseB_ngram_hamming_full_raw_asset_shards_v1/order_2/shard_0196__s_n2.txt/shard_manifest.json,2,2,196,40,s n2.txt,2,0,pass
0,0,0.0,output/tools/benchmarks/periodic_sub_trans/no_wli/analysis/phaseB_ngram_hamming_full_raw_asset_shards_v1/20260530T120414Z__phaseB_ngram_hamming_full_raw_asset_shards_v1/order_2/shard_0197__s_n3.txt/shard_manifest.json,2,2,197,40,s n3.txt,2,0,pass
0,0,0.0,output/tools/benchmarks/periodic_sub_trans/no_wli/analysis/phaseB_ngram_hamming_full_raw_asset_shards_v1/20260530T120414Z__phaseB_ngram_hamming_full_raw_asset_shards_v1/order_2/shard_0198__s_n4.txt/shard_manifest.json,2,2,198,40,s n4.txt,2,0,pass
0,0,0.0,output/tools/benchmarks/periodic_sub_trans/no_wli/analysis/phaseB_ngram_hamming_full_raw_asset_shards_v1/20260530T120414Z__phaseB_ngram_hamming_full_raw_asset_shards_v1/order_2/shard_0199__s_n5.txt/shard_manifest.json,2,2,199,40,s n5.txt,2,0,pass
0,0,0.01599999999962165,output/tools/benchmarks/periodic_sub_trans/no_wli/analysis/phaseB_ngram_hamming_full_raw_asset_shards_v1/20260530T120414Z__phaseB_ngram_hamming_full_raw_asset_shards_v1/order_2/shard_0200__s_q.txt/shard_manifest.json,2,2,200,35,s q.txt,2,0,pass
74534,74860,7.390000000001237,output/tools/benchmarks/periodic_sub_trans/no_wli/analysis/phaseB_ngram_hamming_full_raw_asset_shards_v1/20260530T120414Z__phaseB_ngram_hamming_full_raw_asset_shards_v1/order_3/shard_0001__1_10_3.txt/shard_manifest.json,3,2,1,2386174,1 10 3.txt,106763,106763,pass
3892,3892,0.4220000000004802,output/tools/benchmarks/periodic_sub_trans/no_wli/analysis/phaseB_ngram_hamming_full_raw_asset_shards_v1/20260530T120414Z__phaseB_ngram_hamming_full_raw_asset_shards_v1/order_3/shard_0002__1_2_2.txt/shard_manifest.json,3,2,2,614567,1 2 2.txt,46336,46336,pass
16096,16112,1.2960000000002765,output/tools/benchmarks/periodic_sub_trans/no_wli/analysis/phaseB_ngram_hamming_full_raw_asset_shards_v1/20260530T120414Z__phaseB_ngram_hamming_full_raw_asset_shards_v1/order_3/shard_0003__1_2_3.txt/shard_manifest.json,3,2,3,1008689,1 2 3.txt,69664,69664,pass
32756,32800,2.5930000000007567,output/tools/benchmarks/periodic_sub_trans/no_wli/analysis/phaseB_ngram_hamming_full_raw_asset_shards_v1/20260530T120414Z__phaseB_ngram_hamming_full_raw_asset_shards_v1/order_3/shard_0004__1_2_4.txt/shard_manifest.json,3,2,4,1643320,1 2 4.txt,106054,106054,pass
32760,32783,2.859999999998763,output/tools/benchmarks/periodic_sub_trans/no_wli/analysis/phaseB_ngram_hamming_full_raw_asset_shards_v1/20260530T120414Z__phaseB_ngram_hamming_full_raw_asset_shards_v1/order_3/shard_0005__1_2_6.txt/shard_manifest.json,3,2,5,2029244,1 2 6.txt,116107,116107,pass
29378,29391,2.6560000000008586,output/tools/benchmarks/periodic_sub_trans/no_wli/analysis/phaseB_ngram_hamming_full_raw_asset_shards_v1/20260530T120414Z__phaseB_ngram_hamming_full_raw_asset_shards_v1/order_3/shard_0006__1_2_7.txt/shard_manifest.json,3,2,6,1911459,1 2 7.txt,103376,103376,pass
17966,17994,1.7819999999992433,output/tools/benchmarks/periodic_sub_trans/no_wli/analysis/phaseB_ngram_hamming_full_raw_asset_shards_v1/20260530T120414Z__phaseB_ngram_hamming_full_raw_asset_shards_v1/order_3/shard_0007__1_2_9.txt/shard_manifest.json,3,2,7,1367703,1 2 9.txt,66735,66735,pass
0,0,0.030999999999039574,output/tools/benchmarks/periodic_sub_trans/no_wli/analysis/phaseB_ngram_hamming_full_raw_asset_shards_v1/20260530T120414Z__phaseB_ngram_hamming_full_raw_asset_shards_v1/order_3/shard_0008__1_2_e.txt/shard_manifest.json,3,2,8,105630,1 2 e.txt,6268,0,pass
3454,3466,0.5,output/tools/benchmarks/periodic_sub_trans/no_wli/analysis/phaseB_ngram_hamming_full_raw_asset_shards_v1/20260530T120414Z__phaseB_ngram_hamming_full_raw_asset_shards_v1/order_3/shard_0009__1_3_1.txt/shard_manifest.json,3,2,9,841007,1 3 1.txt,63846,63846,pass
48331,48455,4.703000000001339,output/tools/benchmarks/periodic_sub_trans/no_wli/analysis/phaseB_ngram_hamming_full_raw_asset_shards_v1/20260530T120414Z__phaseB_ngram_hamming_full_raw_asset_shards_v1/order_3/shard_0010__1_3_10.txt/shard_manifest.json,3,2,10,1511974,1 3 10.txt,67888,67888,pass
31632,31760,2.2659999999996217,output/tools/benchmarks/periodic_sub_trans/no_wli/analysis/phaseB_ngram_hamming_full_raw_asset_shards_v1/20260530T120414Z__phaseB_ngram_hamming_full_raw_asset_shards_v1/order_3/shard_0011__1_3_2.txt/shard_manifest.json,3,2,11,1379871,1 3 2.txt,95631,95631,pass
102744,102964,7.938000000000102,output/tools/benchmarks/periodic_sub_trans/no_wli/analysis/phaseB_ngram_hamming_full_raw_asset_shards_v1/20260530T120414Z__phaseB_ngram_hamming_full_raw_asset_shards_v1/order_3/shard_0012__1_3_3.txt/shard_manifest.json,3,2,12,2457370,1 3 3.txt,158788,158788,pass
196170,196618,12.640999999999622,output/tools/benchmarks/periodic_sub_trans/no_wli/analysis/phaseB_ngram_hamming_full_raw_asset_shards_v1/20260530T120414Z__phaseB_ngram_hamming_full_raw_asset_shards_v1/order_3/shard_0013__1_3_4.txt/shard_manifest.json,3,2,13,3686533,1 3 4.txt,224273,224273,pass
184275,184549,13.031000000000859,output/tools/benchmarks/periodic_sub_trans/no_wli/analysis/phaseB_ngram_hamming_full_raw_asset_shards_v1/20260530T120414Z__phaseB_ngram_hamming_full_raw_asset_shards_v1/order_3/shard_0014__1_3_5.txt/shard_manifest.json,3,2,14,4191025,1 3 5.txt,240044,240044,pass
141344,141410,11.140999999999622,output/tools/benchmarks/periodic_sub_trans/no_wli/analysis/phaseB_ngram_hamming_full_raw_asset_shards_v1/20260530T120414Z__phaseB_ngram_hamming_full_raw_asset_shards_v1/order_3/shard_0015__1_3_7.txt/shard_manifest.json,3,2,15,3765037,1 3 7.txt,194711,194711,pass
112445,112525,9.218999999999141,output/tools/benchmarks/periodic_sub_trans/no_wli/analysis/phaseB_ngram_hamming_full_raw_asset_shards_v1/20260530T120414Z__phaseB_ngram_hamming_full_raw_asset_shards_v1/order_3/shard_0016__1_3_8.txt/shard_manifest.json,3,2,16,3173049,1 3 8.txt,156172,156172,pass
78005,78146,6.889999999999418,output/tools/benchmarks/periodic_sub_trans/no_wli/analysis/phaseB_ngram_hamming_full_raw_asset_shards_v1/20260530T120414Z__phaseB_ngram_hamming_full_raw_asset_shards_v1/order_3/shard_0017__1_3_9.txt/shard_manifest.json,3,2,17,2373084,1 3 9.txt,111485,111485,pass
0,0,0.07799999999951979,output/tools/benchmarks/periodic_sub_trans/no_wli/analysis/phaseB_ngram_hamming_full_raw_asset_shards_v1/20260530T120414Z__phaseB_ngram_hamming_full_raw_asset_shards_v1/order_3/shard_0018__1_3_e.txt/shard_manifest.json,3,2,18,407359,1 3 e.txt,23324,0,pass
119131,119457,11.406000000000859,output/tools/benchmarks/periodic_sub_trans/no_wli/analysis/phaseB_ngram_hamming_full_raw_asset_shards_v1/20260530T120414Z__phaseB_ngram_hamming_full_raw_asset_shards_v1/order_3/shard_0019__1_4_10.txt/shard_manifest.json,3,2,19,2780871,1 4 10.txt,119247,119247,pass
85354,85702,5.843999999999141,output/tools/benchmarks/periodic_sub_trans/no_wli/analysis/phaseB_ngram_hamming_full_raw_asset_shards_v1/20260530T120414Z__phaseB_ngram_hamming_full_raw_asset_shards_v1/order_3/shard_0020__1_4_2.txt/shard_manifest.json,3,2,20,3065450,1 4 2.txt,199800,199800,pass
252673,253517,17.39099999999962,output/tools/benchmarks/periodic_sub_trans/no_wli/analysis/phaseB_ngram_hamming_full_raw_asset_shards_v1/20260530T120414Z__phaseB_ngram_hamming_full_raw_asset_shards_v1/order_3/shard_0021__1_4_3.txt/shard_manifest.json,3,2,21,4946605,1 4 3.txt,301736,301736,pass
469229,470921,32.26499999999942,output/tools/benchmarks/periodic_sub_trans/no_wli/analysis/phaseB_ngram_hamming_full_raw_asset_shards_v1/20260530T120414Z__phaseB_ngram_hamming_full_raw_asset_shards_v1/order_3/shard_0022__1_4_4.txt/shard_manifest.json,3,2,22,6587963,1 4 4.txt,378670,378670,pass
403469,404188,32.34399999999914,output/tools/benchmarks/periodic_sub_trans/no_wli/analysis/phaseB_ngram_hamming_full_raw_asset_shards_v1/20260530T120414Z__phaseB_ngram_hamming_full_raw_asset_shards_v1/order_3/shard_0023__1_4_6.txt/shard_manifest.json,3,2,23,7350083,1 4 6.txt,379402,379402,pass
331350,331798,27.561999999999898,output/tools/benchmarks/periodic_sub_trans/no_wli/analysis/phaseB_ngram_hamming_full_raw_asset_shards_v1/20260530T120414Z__phaseB_ngram_hamming_full_raw_asset_shards_v1/order_3/shard_0024__1_4_7.txt/shard_manifest.json,3,2,24,6516474,1 4 7.txt,320262,320262,pass
0,0,0.15599999999903957,output/tools/benchmarks/periodic_sub_trans/no_wli/analysis/phaseB_ngram_hamming_full_raw_asset_shards_v1/20260530T120414Z__phaseB_ngram_hamming_full_raw_asset_shards_v1/order_3/shard_0025__1_4_e.txt/shard_manifest.json,3,2,25,867218,1 4 e.txt,47267,0,pass
77847,77997,6.21900000000096,output/tools/benchmarks/periodic_sub_trans/no_wli/analysis/phaseB_ngram_hamming_full_raw_asset_shards_v1/20260530T120414Z__phaseB_ngram_hamming_full_raw_asset_shards_v1/order_3/shard_0026__1_5_2.txt/shard_manifest.json,3,2,26,4101292,1 5 2.txt,251035,251035,pass
232186,232601,18.09399999999914,output/tools/benchmarks/periodic_sub_trans/no_wli/analysis/phaseB_ngram_hamming_full_raw_asset_shards_v1/20260530T120414Z__phaseB_ngram_hamming_full_raw_asset_shards_v1/order_3/shard_0027__1_5_3.txt/shard_manifest.json,3,2,27,6259576,1 5 3.txt,360248,360248,pass
441628,442620,34.23400000000038,output/tools/benchmarks/periodic_sub_trans/no_wli/analysis/phaseB_ngram_hamming_full_raw_asset_shards_v1/20260530T120414Z__phaseB_ngram_hamming_full_raw_asset_shards_v1/order_3/shard_0028__1_5_4.txt/shard_manifest.json,3,2,28,7853336,1 5 4.txt,426965,426965,pass
424171,424840,34.45299999999952,output/tools/benchmarks/periodic_sub_trans/no_wli/analysis/phaseB_ngram_hamming_full_raw_asset_shards_v1/20260530T120414Z__phaseB_ngram_hamming_full_raw_asset_shards_v1/order_3/shard_0029__1_5_5.txt/shard_manifest.json,3,2,29,8664003,1 5 5.txt,445659,445659,pass
194771,195105,17.796000000000276,output/tools/benchmarks/periodic_sub_trans/no_wli/analysis/phaseB_ngram_hamming_full_raw_asset_shards_v1/20260530T120414Z__phaseB_ngram_hamming_full_raw_asset_shards_v1/order_3/shard_0030__1_5_9.txt/shard_manifest.json,3,2,30,5035458,1 5 9.txt,216132,216132,pass
0,0,0.18800000000010186,output/tools/benchmarks/periodic_sub_trans/no_wli/analysis/phaseB_ngram_hamming_full_raw_asset_shards_v1/20260530T120414Z__phaseB_ngram_hamming_full_raw_asset_shards_v1/order_3/shard_0031__1_5_e.txt/shard_manifest.json,3,2,31,1177468,1 5 e.txt,60874,0,pass
79987,80073,6.78099999999904,output/tools/benchmarks/periodic_sub_trans/no_wli/analysis/phaseB_ngram_hamming_full_raw_asset_shards_v1/20260530T120414Z__phaseB_ngram_hamming_full_raw_asset_shards_v1/order_3/shard_0032__1_6_2.txt/shard_manifest.json,3,2,32,4572359,1 6 2.txt,264677,264677,pass
235234,235500,18.468000000000757,output/tools/benchmarks/periodic_sub_trans/no_wli/analysis/phaseB_ngram_hamming_full_raw_asset_shards_v1/20260530T120414Z__phaseB_ngram_hamming_full_raw_asset_shards_v1/order_3/shard_0033__1_6_3.txt/shard_manifest.json,3,2,33,6800996,1 6 3.txt,371547,371547,pass
447926,448787,35.15599999999904,output/tools/benchmarks/periodic_sub_trans/no_wli/analysis/phaseB_ngram_hamming_full_raw_asset_shards_v1/20260530T120414Z__phaseB_ngram_hamming_full_raw_asset_shards_v1/order_3/shard_0034__1_6_4.txt/shard_manifest.json,3,2,34,8489905,1 6 4.txt,439513,439513,pass
404009,404117,34.65599999999904,output/tools/benchmarks/periodic_sub_trans/no_wli/analysis/phaseB_ngram_hamming_full_raw_asset_shards_v1/20260530T120414Z__phaseB_ngram_hamming_full_raw_asset_shards_v1/order_3/shard_0035__1_6_6.txt/shard_manifest.json,3,2,35,9119093,1 6 6.txt,428078,428078,pass
71206,71246,5.906000000000859,output/tools/benchmarks/periodic_sub_trans/no_wli/analysis/phaseB_ngram_hamming_full_raw_asset_shards_v1/20260530T120414Z__phaseB_ngram_hamming_full_raw_asset_shards_v1/order_3/shard_0036__1_7_2.txt/shard_manifest.json,3,2,36,4206925,1 7 2.txt,230011,230011,pass
194634,194787,15.813000000000102,output/tools/benchmarks/periodic_sub_trans/no_wli/analysis/phaseB_ngram_hamming_full_raw_asset_shards_v1/20260530T120414Z__phaseB_ngram_hamming_full_raw_asset_shards_v1/order_3/shard_0037__1_7_3.txt/shard_manifest.json,3,2,37,5969404,1 7 3.txt,309292,309292,pass
295829,295897,26.860000000000582,output/tools/benchmarks/periodic_sub_trans/no_wli/analysis/phaseB_ngram_hamming_full_raw_asset_shards_v1/20260530T120414Z__phaseB_ngram_hamming_full_raw_asset_shards_v1/order_3/shard_0038__1_7_7.txt/shard_manifest.json,3,2,38,7125050,1 7 7.txt,305675,305675,pass
57240,57278,5.061999999999898,output/tools/benchmarks/periodic_sub_trans/no_wli/analysis/phaseB_ngram_hamming_full_raw_asset_shards_v1/20260530T120414Z__phaseB_ngram_hamming_full_raw_asset_shards_v1/order_3/shard_0039__1_8_2.txt/shard_manifest.json,3,2,39,3427872,1 8 2.txt,177459,177459,pass
286166,286625,24.32799999999952,output/tools/benchmarks/periodic_sub_trans/no_wli/analysis/phaseB_ngram_hamming_full_raw_asset_shards_v1/20260530T120414Z__phaseB_ngram_hamming_full_raw_asset_shards_v1/order_3/shard_0040__1_8_4.txt/shard_manifest.json,3,2,40,6082168,1 8 4.txt,285496,285496,pass
285832,286045,25.54699999999866,output/tools/benchmarks/periodic_sub_trans/no_wli/analysis/phaseB_ngram_hamming_full_raw_asset_shards_v1/20260530T120414Z__phaseB_ngram_hamming_full_raw_asset_shards_v1/order_3/shard_0041__1_8_5.txt/shard_manifest.json,3,2,41,6700828,1 8 5.txt,299484,299484,pass
156352,156555,16.688000000000102,output/tools/benchmarks/periodic_sub_trans/no_wli/analysis/phaseB_ngram_hamming_full_raw_asset_shards_v1/20260530T120414Z__phaseB_ngram_hamming_full_raw_asset_shards_v1/order_3/shard_0042__1_8_9.txt/shard_manifest.json,3,2,42,4424449,1 8 9.txt,168161,168161,pass
0,0,0.125,output/tools/benchmarks/periodic_sub_trans/no_wli/analysis/phaseB_ngram_hamming_full_raw_asset_shards_v1/20260530T120414Z__phaseB_ngram_hamming_full_raw_asset_shards_v1/order_3/shard_0043__1_8_e.txt/shard_manifest.json,3,2,43,827469,1 8 e.txt,37086,0,pass
43145,43255,4.109000000000378,output/tools/benchmarks/periodic_sub_trans/no_wli/analysis/phaseB_ngram_hamming_full_raw_asset_shards_v1/20260530T120414Z__phaseB_ngram_hamming_full_raw_asset_shards_v1/order_3/shard_0044__1_9_2.txt/shard_manifest.json,3,2,44,2629522,1 9 2.txt,129399,129399,pass
110349,110601,10.07799999999952,output/tools/benchmarks/periodic_sub_trans/no_wli/analysis/phaseB_ngram_hamming_full_raw_asset_shards_v1/20260530T120414Z__phaseB_ngram_hamming_full_raw_asset_shards_v1/order_3/shard_0045__1_9_3.txt/shard_manifest.json,3,2,45,3598245,1 9 3.txt,168682,168682,pass
151220,151420,15.42200000000048,output/tools/benchmarks/periodic_sub_trans/no_wli/analysis/phaseB_ngram_hamming_full_raw_asset_shards_v1/20260530T120414Z__phaseB_ngram_hamming_full_raw_asset_shards_v1/order_3/shard_0046__1_9_8.txt/shard_manifest.json,3,2,46,4052283,1 9 8.txt,154123,154123,pass
11188,11210,0.9369999999998981,output/tools/benchmarks/periodic_sub_trans/no_wli/analysis/phaseB_ngram_hamming_full_raw_asset_shards_v1/20260530T120414Z__phaseB_ngram_hamming_full_raw_asset_shards_v1/order_3/shard_0047__10_1_2.txt/shard_manifest.json,3,2,47,467600,10 1 2.txt,21961,21961,pass
125051,125434,11.313000000000102,output/tools/benchmarks/periodic_sub_trans/no_wli/analysis/phaseB_ngram_hamming_full_raw_asset_shards_v1/20260530T120414Z__phaseB_ngram_hamming_full_raw_asset_shards_v1/order_3/shard_0048__10_1_5.txt/shard_manifest.json,3,2,48,2324635,10 1 5.txt,95785,95785,pass
193387,193742,21.625,output/tools/benchmarks/periodic_sub_trans/no_wli/analysis/phaseB_ngram_hamming_full_raw_asset_shards_v1/20260530T120414Z__phaseB_ngram_hamming_full_raw_asset_shards_v1/order_3/shard_0049__10_10_4.txt/shard_manifest.json,3,2,49,4330030,10 10 4.txt,133835,133835,pass
44842,45006,4.264999999999418,output/tools/benchmarks/periodic_sub_trans/no_wli/analysis/phaseB_ngram_hamming_full_raw_asset_shards_v1/20260530T120414Z__phaseB_ngram_hamming_full_raw_asset_shards_v1/order_3/shard_0050__10_2_1.txt/shard_manifest.json,3,2,50,2472132,10 2 1.txt,115740,115740,pass
448030,450559,49.96899999999914,output/tools/benchmarks/periodic_sub_trans/no_wli/analysis/phaseB_ngram_hamming_full_raw_asset_shards_v1/20260530T120414Z__phaseB_ngram_hamming_full_raw_asset_shards_v1/order_3/shard_0051__10_2_11.txt/shard_manifest.json,3,2,51,11561954,10 2 11.txt,366529,366529,pass
313483,314478,28.03099999999904,output/tools/benchmarks/periodic_sub_trans/no_wli/analysis/phaseB_ngram_hamming_full_raw_asset_shards_v1/20260530T120414Z__phaseB_ngram_hamming_full_raw_asset_shards_v1/order_3/shard_0052__10_2_2.txt/shard_manifest.json,3,2,52,9136338,10 2 2.txt,404754,404754,pass
897494,900338,81.15699999999924,output/tools/benchmarks/periodic_sub_trans/no_wli/analysis/phaseB_ngram_hamming_full_raw_asset_shards_v1/20260530T120414Z__phaseB_ngram_hamming_full_raw_asset_shards_v1/order_3/shard_0053__10_2_3.txt/shard_manifest.json,3,2,53,18834334,10 2 3.txt,799985,799985,pass
1608616,1614270,141.25,output/tools/benchmarks/periodic_sub_trans/no_wli/analysis/phaseB_ngram_hamming_full_raw_asset_shards_v1/20260530T120414Z__phaseB_ngram_hamming_full_raw_asset_shards_v1/order_3/shard_0054__10_2_4.txt/shard_manifest.json,3,2,54,30781778,10 2 4.txt,1253732,1253732,pass
1661287,1666916,154.38999999999942,output/tools/benchmarks/periodic_sub_trans/no_wli/analysis/phaseB_ngram_hamming_full_raw_asset_shards_v1/20260530T120414Z__phaseB_ngram_hamming_full_raw_asset_shards_v1/order_3/shard_0055__10_2_5.txt/shard_manifest.json,3,2,55,33761415,10 2 5.txt,1320004,1320004,pass
1640251,1646015,159.84399999999914,output/tools/benchmarks/periodic_sub_trans/no_wli/analysis/phaseB_ngram_hamming_full_raw_asset_shards_v1/20260530T120414Z__phaseB_ngram_hamming_full_raw_asset_shards_v1/order_3/shard_0056__10_2_7.txt/shard_manifest.json,3,2,56,36109587,10 2 7.txt,1311677,1311677,pass
1093581,1098532,113.64100000000144,output/tools/benchmarks/periodic_sub_trans/no_wli/analysis/phaseB_ngram_hamming_full_raw_asset_shards_v1/20260530T120414Z__phaseB_ngram_hamming_full_raw_asset_shards_v1/order_3/shard_0057__10_2_9.txt/shard_manifest.json,3,2,57,26698251,10 2 9.txt,904869,904869,pass
0,0,0.09399999999914144,output/tools/benchmarks/periodic_sub_trans/no_wli/analysis/phaseB_ngram_hamming_full_raw_asset_shards_v1/20260530T120414Z__phaseB_ngram_hamming_full_raw_asset_shards_v1/order_3/shard_0058__10_2_e.txt/shard_manifest.json,3,2,58,626583,10 2 e.txt,24740,0,pass
716019,717903,64.96900000000096,output/tools/benchmarks/periodic_sub_trans/no_wli/analysis/phaseB_ngram_hamming_full_raw_asset_shards_v1/20260530T120414Z__phaseB_ngram_hamming_full_raw_asset_shards_v1/order_3/shard_0059__10_3_2.txt/shard_manifest.json,3,2,59,16206219,10 3 2.txt,686729,686729,pass
1076441,1079067,96.01499999999942,output/tools/benchmarks/periodic_sub_trans/no_wli/analysis/phaseB_ngram_hamming_full_raw_asset_shards_v1/20260530T120414Z__phaseB_ngram_hamming_full_raw_asset_shards_v1/order_3/shard_0060__10_3_3.txt/shard_manifest.json,3,2,60,21785889,10 3 3.txt,884747,884747,pass
1507121,1510720,135.6869999999999,output/tools/benchmarks/periodic_sub_trans/no_wli/analysis/phaseB_ngram_hamming_full_raw_asset_shards_v1/20260530T120414Z__phaseB_ngram_hamming_full_raw_asset_shards_v1/order_3/shard_0061__10_3_4.txt/shard_manifest.json,3,2,61,28854582,10 3 4.txt,1130426,1130426,pass
1260744,1264040,123.40599999999904,output/tools/benchmarks/periodic_sub_trans/no_wli/analysis/phaseB_ngram_hamming_full_raw_asset_shards_v1/20260530T120414Z__phaseB_ngram_hamming_full_raw_asset_shards_v1/order_3/shard_0062__10_3_7.txt/shard_manifest.json,3,2,62,26633214,10 3 7.txt,935715,935715,pass
1143492,1147022,115.70299999999952,output/tools/benchmarks/periodic_sub_trans/no_wli/analysis/phaseB_ngram_hamming_full_raw_asset_shards_v1/20260530T120414Z__phaseB_ngram_hamming_full_raw_asset_shards_v1/order_3/shard_0063__10_3_8.txt/shard_manifest.json,3,2,63,25407180,10 3 8.txt,863382,863382,pass
869583,872595,93.09400000000096,output/tools/benchmarks/periodic_sub_trans/no_wli/analysis/phaseB_ngram_hamming_full_raw_asset_shards_v1/20260530T120414Z__phaseB_ngram_hamming_full_raw_asset_shards_v1/order_3/shard_0064__10_3_9.txt/shard_manifest.json,3,2,64,20710540,10 3 9.txt,680636,680636,pass
0,0,0.015000000001236913,output/tools/benchmarks/periodic_sub_trans/no_wli/analysis/phaseB_ngram_hamming_full_raw_asset_shards_v1/20260530T120414Z__phaseB_ngram_hamming_full_raw_asset_shards_v1/order_3/shard_0065__10_3a1_e.txt/shard_manifest.json,3,2,65,2685,10 3a1 e.txt,96,0,pass
963944,965425,86.57799999999952,output/tools/benchmarks/periodic_sub_trans/no_wli/analysis/phaseB_ngram_hamming_full_raw_asset_shards_v1/20260530T120414Z__phaseB_ngram_hamming_full_raw_asset_shards_v1/order_3/shard_0066__10_4_3.txt/shard_manifest.json,3,2,66,17483136,10 4 3.txt,684877,684877,pass
870827,871804,80.13999999999942,output/tools/benchmarks/periodic_sub_trans/no_wli/analysis/phaseB_ngram_hamming_full_raw_asset_shards_v1/20260530T120414Z__phaseB_ngram_hamming_full_raw_asset_shards_v1/order_3/shard_0067__10_4_4.txt/shard_manifest.json,3,2,67,15507084,10 4 4.txt,587480,587480,pass
698573,699381,66.67200000000048,output/tools/benchmarks/periodic_sub_trans/no_wli/analysis/phaseB_ngram_hamming_full_raw_asset_shards_v1/20260530T120414Z__phaseB_ngram_hamming_full_raw_asset_shards_v1/order_3/shard_0068__10_4_5.txt/shard_manifest.json,3,2,68,13045857,10 4 5.txt,476413,476413,pass
553431,554055,56.75,output/tools/benchmarks/periodic_sub_trans/no_wli/analysis/phaseB_ngram_hamming_full_raw_asset_shards_v1/20260530T120414Z__phaseB_ngram_hamming_full_raw_asset_shards_v1/order_3/shard_0069__10_4_7.txt/shard_manifest.json,3,2,69,11072591,10 4 7.txt,377330,377330,pass
459903,460568,48.625,output/tools/benchmarks/periodic_sub_trans/no_wli/analysis/phaseB_ngram_hamming_full_raw_asset_shards_v1/20260530T120414Z__phaseB_ngram_hamming_full_raw_asset_shards_v1/order_3/shard_0070__10_4_8.txt/shard_manifest.json,3,2,70,9577986,10 4 8.txt,315782,315782,pass
345917,346537,37.75000000000182,output/tools/benchmarks/periodic_sub_trans/no_wli/analysis/phaseB_ngram_hamming_full_raw_asset_shards_v1/20260530T120414Z__phaseB_ngram_hamming_full_raw_asset_shards_v1/order_3/shard_0071__10_4_9.txt/shard_manifest.json,3,2,71,7533798,10 4 9.txt,240436,240436,pass
0,0,0.4379999999982829,output/tools/benchmarks/periodic_sub_trans/no_wli/analysis/phaseB_ngram_hamming_full_raw_asset_shards_v1/20260530T120414Z__phaseB_ngram_hamming_full_raw_asset_shards_v1/order_3/shard_0072__10_4_e.txt/shard_manifest.json,3,2,72,4033526,10 4 e.txt,147909,0,pass
1161190,1163456,109.10900000000038,output/tools/benchmarks/periodic_sub_trans/no_wli/analysis/phaseB_ngram_hamming_full_raw_asset_shards_v1/20260530T120414Z__phaseB_ngram_hamming_full_raw_asset_shards_v1/order_3/shard_0073__10_5_2.txt/shard_manifest.json,3,2,73,23156766,10 5 2.txt,909122,909122,pass
1037717,1039394,99.0470000000023,output/tools/benchmarks/periodic_sub_trans/no_wli/analysis/phaseB_ngram_hamming_full_raw_asset_shards_v1/20260530T120414Z__phaseB_ngram_hamming_full_raw_asset_shards_v1/order_3/shard_0074__10_5_3.txt/shard_manifest.json,3,2,74,20228869,10 5 3.txt,762707,762707,pass
779925,780663,74.65599999999904,output/tools/benchmarks/periodic_sub_trans/no_wli/analysis/phaseB_ngram_hamming_full_raw_asset_shards_v1/20260530T120414Z__phaseB_ngram_hamming_full_raw_asset_shards_v1/order_3/shard_0075__10_5_4.txt/shard_manifest.json,3,2,75,14338665,10 5 4.txt,523967,523967,pass
127183,127349,15.15599999999904,output/tools/benchmarks/periodic_sub_trans/no_wli/analysis/phaseB_ngram_hamming_full_raw_asset_shards_v1/20260530T120414Z__phaseB_ngram_hamming_full_raw_asset_shards_v1/order_3/shard_0076__10_6_10.txt/shard_manifest.json,3,2,76,3048951,10 6 10.txt,88234,88234,pass
1146378,1148556,112.40599999999904,output/tools/benchmarks/periodic_sub_trans/no_wli/analysis/phaseB_ngram_hamming_full_raw_asset_shards_v1/20260530T120414Z__phaseB_ngram_hamming_full_raw_asset_shards_v1/order_3/shard_0077__10_6_2.txt/shard_manifest.json,3,2,77,23531868,10 6 2.txt,889606,889606,pass
440199,440503,45.125,output/tools/benchmarks/periodic_sub_trans/no_wli/analysis/phaseB_ngram_hamming_full_raw_asset_shards_v1/20260530T120414Z__phaseB_ngram_hamming_full_raw_asset_shards_v1/order_3/shard_0078__10_6_5.txt/shard_manifest.json,3,2,78,8889004,10 6 5.txt,301816,301816,pass
1126106,1128233,116.04599999999846,output/tools/benchmarks/periodic_sub_trans/no_wli/analysis/phaseB_ngram_hamming_full_raw_asset_shards_v1/20260530T120414Z__phaseB_ngram_hamming_full_raw_asset_shards_v1/order_3/shard_0079__10_7_2.txt/shard_manifest.json,3,2,79,24283352,10 7 2.txt,884308,884308,pass
874982,876256,87.79699999999866,output/tools/benchmarks/periodic_sub_trans/no_wli/analysis/phaseB_ngram_hamming_full_raw_asset_shards_v1/20260530T120414Z__phaseB_ngram_hamming_full_raw_asset_shards_v1/order_3/shard_0080__10_7_3.txt/shard_manifest.json,3,2,80,18543281,10 7 3.txt,650870,650870,pass
563213,563737,58.17099999999846,output/tools/benchmarks/periodic_sub_trans/no_wli/analysis/phaseB_ngram_hamming_full_raw_asset_shards_v1/20260530T120414Z__phaseB_ngram_hamming_full_raw_asset_shards_v1/order_3/shard_0081__10_7_4.txt/shard_manifest.json,3,2,81,11226253,10 7 4.txt,381289,381289,pass
740299,741359,77.70300000000134,output/tools/benchmarks/periodic_sub_trans/no_wli/analysis/phaseB_ngram_hamming_full_raw_asset_shards_v1/20260530T120414Z__phaseB_ngram_hamming_full_raw_asset_shards_v1/order_3/shard_0082__10_8_3.txt/shard_manifest.json,3,2,82,16243372,10 8 3.txt,550989,550989,pass
329502,329753,36.21900000000096,output/tools/benchmarks/periodic_sub_trans/no_wli/analysis/phaseB_ngram_hamming_full_raw_asset_shards_v1/20260530T120414Z__phaseB_ngram_hamming_full_raw_asset_shards_v1/order_3/shard_0083__10_8_5.txt/shard_manifest.json,3,2,83,7059130,10 8 5.txt,224829,224829,pass
0,0,1.0,output/tools/benchmarks/periodic_sub_trans/no_wli/analysis/phaseB_ngram_hamming_full_raw_asset_shards_v1/20260530T120414Z__phaseB_ngram_hamming_full_raw_asset_shards_v1/order_3/shard_0084__10_c_3.txt/shard_manifest.json,3,2,84,9161135,10 c 3.txt,407946,0,pass
56502,56573,7.0,output/tools/benchmarks/periodic_sub_trans/no_wli/analysis/phaseB_ngram_hamming_full_raw_asset_shards_v1/20260530T120414Z__phaseB_ngram_hamming_full_raw_asset_shards_v1/order_3/shard_0085__11_10_8.txt/shard_manifest.json,3,2,85,1493728,11 10 8.txt,39743,39743,pass
14952,15005,2.0,output/tools/benchmarks/periodic_sub_trans/no_wli/analysis/phaseB_ngram_hamming_full_raw_asset_shards_v1/20260530T120414Z__phaseB_ngram_hamming_full_raw_asset_shards_v1/order_3/shard_0086__11_11_10.txt/shard_manifest.json,3,2,86,459658,11 11 10.txt,11307,11307,pass
11872,11885,1.485000000000582,output/tools/benchmarks/periodic_sub_trans/no_wli/analysis/phaseB_ngram_hamming_full_raw_asset_shards_v1/20260530T120414Z__phaseB_ngram_hamming_full_raw_asset_shards_v1/order_3/shard_0087__11_13_5.txt/shard_manifest.json,3,2,87,320979,11 13 5.txt,8544,8544,pass
191169,191774,17.829000000001543,output/tools/benchmarks/periodic_sub_trans/no_wli/analysis/phaseB_ngram_hamming_full_raw_asset_shards_v1/20260530T120414Z__phaseB_ngram_hamming_full_raw_asset_shards_v1/order_3/shard_0088__11_2_2.txt/shard_manifest.json,3,2,88,5808187,11 2 2.txt,246077,246077,pass
540190,541698,48.89099999999962,output/tools/benchmarks/periodic_sub_trans/no_wli/analysis/phaseB_ngram_hamming_full_raw_asset_shards_v1/20260530T120414Z__phaseB_ngram_hamming_full_raw_asset_shards_v1/order_3/shard_0089__11_2_3.txt/shard_manifest.json,3,2,89,11708980,11 2 3.txt,476839,476839,pass
979447,982211,91.71899999999732,output/tools/benchmarks/periodic_sub_trans/no_wli/analysis/phaseB_ngram_hamming_full_raw_asset_shards_v1/20260530T120414Z__phaseB_ngram_hamming_full_raw_asset_shards_v1/order_3/shard_0090__11_2_5.txt/shard_manifest.json,3,2,90,20377514,11 2 5.txt,766216,766216,pass
0,0,0.0,output/tools/benchmarks/periodic_sub_trans/no_wli/analysis/phaseB_ngram_hamming_full_raw_asset_shards_v1/20260530T120414Z__phaseB_ngram_hamming_full_raw_asset_shards_v1/order_3/shard_0091__11_2a1_4.txt/shard_manifest.json,3,2,91,56,11 2a1 4.txt,2,0,pass
423082,424312,38.0470000000023,output/tools/benchmarks/periodic_sub_trans/no_wli/analysis/phaseB_ngram_hamming_full_raw_asset_shards_v1/20260530T120414Z__phaseB_ngram_hamming_full_raw_asset_shards_v1/order_3/shard_0092__11_3_2.txt/shard_manifest.json,3,2,92,9971234,11 3 2.txt,405061,405061,pass
851595,853871,78.28199999999924,output/tools/benchmarks/periodic_sub_trans/no_wli/analysis/phaseB_ngram_hamming_full_raw_asset_shards_v1/20260530T120414Z__phaseB_ngram_hamming_full_raw_asset_shards_v1/order_3/shard_0093__11_3_4.txt/shard_manifest.json,3,2,93,16801751,11 3 4.txt,632843,632843,pass
742796,744866,70.10900000000038,output/tools/benchmarks/periodic_sub_trans/no_wli/analysis/phaseB_ngram_hamming_full_raw_asset_shards_v1/20260530T120414Z__phaseB_ngram_hamming_full_raw_asset_shards_v1/order_3/shard_0094__11_3_5.txt/shard_manifest.json,3,2,94,14874743,11 3 5.txt,539704,539704,pass
639963,642217,66.84300000000076,output/tools/benchmarks/periodic_sub_trans/no_wli/analysis/phaseB_ngram_hamming_full_raw_asset_shards_v1/20260530T120414Z__phaseB_ngram_hamming_full_raw_asset_shards_v1/order_3/shard_0095__11_3_8.txt/shard_manifest.json,3,2,95,14644556,11 3 8.txt,480687,480687,pass
0,0,0.125,output/tools/benchmarks/periodic_sub_trans/no_wli/analysis/phaseB_ngram_hamming_full_raw_asset_shards_v1/20260530T120414Z__phaseB_ngram_hamming_full_raw_asset_shards_v1/order_3/shard_0096__11_3_e.txt/shard_manifest.json,3,2,96,1113156,11 3 e.txt,40645,0,pass
587795,589161,54.09400000000096,output/tools/benchmarks/periodic_sub_trans/no_wli/analysis/phaseB_ngram_hamming_full_raw_asset_shards_v1/20260530T120414Z__phaseB_ngram_hamming_full_raw_asset_shards_v1/order_3/shard_0097__11_4_2.txt/shard_manifest.json,3,2,97,11759178,11 4 2.txt,461435,461435,pass
535211,536232,49.53100000000268,output/tools/benchmarks/periodic_sub_trans/no_wli/analysis/phaseB_ngram_hamming_full_raw_asset_shards_v1/20260530T120414Z__phaseB_ngram_hamming_full_raw_asset_shards_v1/order_3/shard_0098__11_4_3.txt/shard_manifest.json,3,2,98,10092439,11 4 3.txt,379851,379851,pass
482879,483740,45.4220000000023,output/tools/benchmarks/periodic_sub_trans/no_wli/analysis/phaseB_ngram_hamming_full_raw_asset_shards_v1/20260530T120414Z__phaseB_ngram_hamming_full_raw_asset_shards_v1/order_3/shard_0099__11_4_4.txt/shard_manifest.json,3,2,99,8890590,11 4 4.txt,323910,323910,pass
307666,308158,32.21899999999732,output/tools/benchmarks/periodic_sub_trans/no_wli/analysis/phaseB_ngram_hamming_full_raw_asset_shards_v1/20260530T120414Z__phaseB_ngram_hamming_full_raw_asset_shards_v1/order_3/shard_0100__11_4_7.txt/shard_manifest.json,3,2,100,6325885,11 4 7.txt,208022,208022,pass
193322,193724,21.625,output/tools/benchmarks/periodic_sub_trans/no_wli/analysis/phaseB_ngram_hamming_full_raw_asset_shards_v1/20260530T120414Z__phaseB_ngram_hamming_full_raw_asset_shards_v1/order_3/shard_0101__11_4_9.txt/shard_manifest.json,3,2,101,4327573,11 4 9.txt,133542,133542,pass
580275,581425,56.65699999999924,output/tools/benchmarks/periodic_sub_trans/no_wli/analysis/phaseB_ngram_hamming_full_raw_asset_shards_v1/20260530T120414Z__phaseB_ngram_hamming_full_raw_asset_shards_v1/order_3/shard_0102__11_5_3.txt/shard_manifest.json,3,2,102,11742734,11 5 3.txt,425935,425935,pass
428243,429011,41.75,output/tools/benchmarks/periodic_sub_trans/no_wli/analysis/phaseB_ngram_hamming_full_raw_asset_shards_v1/20260530T120414Z__phaseB_ngram_hamming_full_raw_asset_shards_v1/order_3/shard_0103__11_5_4.txt/shard_manifest.json,3,2,103,8185753,11 5 4.txt,288020,288020,pass
319145,319715,32.34300000000076,output/tools/benchmarks/periodic_sub_trans/no_wli/analysis/phaseB_ngram_hamming_full_raw_asset_shards_v1/20260530T120414Z__phaseB_ngram_hamming_full_raw_asset_shards_v1/order_3/shard_0104__11_5_5.txt/shard_manifest.json,3,2,104,6381809,11 5 5.txt,217047,217047,pass
102954,103087,12.5,output/tools/benchmarks/periodic_sub_trans/no_wli/analysis/phaseB_ngram_hamming_full_raw_asset_shards_v1/20260530T120414Z__phaseB_ngram_hamming_full_raw_asset_shards_v1/order_3/shard_0105__11_6_9.txt/shard_manifest.json,3,2,105,2507992,11 6 9.txt,72431,72431,pass
0,0,0.3440000000009604,output/tools/benchmarks/periodic_sub_trans/no_wli/analysis/phaseB_ngram_hamming_full_raw_asset_shards_v1/20260530T120414Z__phaseB_ngram_hamming_full_raw_asset_shards_v1/order_3/shard_0106__11_7_e.txt/shard_manifest.json,3,2,106,3818821,11 7 e.txt,121972,0,pass
52748,52824,6.953000000001339,output/tools/benchmarks/periodic_sub_trans/no_wli/analysis/phaseB_ngram_hamming_full_raw_asset_shards_v1/20260530T120414Z__phaseB_ngram_hamming_full_raw_asset_shards_v1/order_3/shard_0107__11_8_10.txt/shard_manifest.json,3,2,107,1417934,11 8 10.txt,37717,37717,pass
412829,413610,45.76600000000326,output/tools/benchmarks/periodic_sub_trans/no_wli/analysis/phaseB_ngram_hamming_full_raw_asset_shards_v1/20260530T120414Z__phaseB_ngram_hamming_full_raw_asset_shards_v1/order_3/shard_0108__11_8_3.txt/shard_manifest.json,3,2,108,9435554,11 8 3.txt,309059,309059,pass
11889,11919,1.2030000000013388,output/tools/benchmarks/periodic_sub_trans/no_wli/analysis/phaseB_ngram_hamming_full_raw_asset_shards_v1/20260530T120414Z__phaseB_ngram_hamming_full_raw_asset_shards_v1/order_3/shard_0109__12_1_9.txt/shard_manifest.json,3,2,109,261752,12 1 9.txt,8684,8684,pass
220717,222173,25.18699999999808,output/tools/benchmarks/periodic_sub_trans/no_wli/analysis/phaseB_ngram_hamming_full_raw_asset_shards_v1/20260530T120414Z__phaseB_ngram_hamming_full_raw_asset_shards_v1/order_3/shard_0110__12_2_10.txt/shard_manifest.json,3,2,110,5781569,12 2 10.txt,177748,177748,pass
105137,105849,9.98399999999674,output/tools/benchmarks/periodic_sub_trans/no_wli/analysis/phaseB_ngram_hamming_full_raw_asset_shards_v1/20260530T120414Z__phaseB_ngram_hamming_full_raw_asset_shards_v1/order_3/shard_0111__12_2_2.txt/shard_manifest.json,3,2,111,3382133,12 2 2.txt,137507,137507,pass
484891,487760,49.875,output/tools/benchmarks/periodic_sub_trans/no_wli/analysis/phaseB_ngram_hamming_full_raw_asset_shards_v1/20260530T120414Z__phaseB_ngram_hamming_full_raw_asset_shards_v1/order_3/shard_0112__12_2_7.txt/shard_manifest.json,3,2,112,11266867,12 2 7.txt,381527,381527,pass
226935,228415,21.78200000000288,output/tools/benchmarks/periodic_sub_trans/no_wli/analysis/phaseB_ngram_hamming_full_raw_asset_shards_v1/20260530T120414Z__phaseB_ngram_hamming_full_raw_asset_shards_v1/order_3/shard_0113__12_3_2.txt/shard_manifest.json,3,2,113,5687830,12 3 2.txt,222126,222126,pass
322968,324884,30.889999999999418,output/tools/benchmarks/periodic_sub_trans/no_wli/analysis/phaseB_ngram_hamming_full_raw_asset_shards_v1/20260530T120414Z__phaseB_ngram_hamming_full_raw_asset_shards_v1/order_3/shard_0114__12_3_3.txt/shard_manifest.json,3,2,114,7122330,12 3 3.txt,267380,267380,pass
0,0,0.07800000000133878,output/tools/benchmarks/periodic_sub_trans/no_wli/analysis/phaseB_ngram_hamming_full_raw_asset_shards_v1/20260530T120414Z__phaseB_ngram_hamming_full_raw_asset_shards_v1/order_3/shard_0115__12_3_e.txt/shard_manifest.json,3,2,115,579690,12 3 e.txt,20467,0,pass
274764,275967,26.625,output/tools/benchmarks/periodic_sub_trans/no_wli/analysis/phaseB_ngram_hamming_full_raw_asset_shards_v1/20260530T120414Z__phaseB_ngram_hamming_full_raw_asset_shards_v1/order_3/shard_0116__12_4_3.txt/shard_manifest.json,3,2,116,5410466,12 4 3.txt,196327,196327,pass
250304,251584,24.3279999999977,output/tools/benchmarks/periodic_sub_trans/no_wli/analysis/phaseB_ngram_hamming_full_raw_asset_shards_v1/20260530T120414Z__phaseB_ngram_hamming_full_raw_asset_shards_v1/order_3/shard_0117__12_4_4.txt/shard_manifest.json,3,2,117,4767077,12 4 4.txt,167642,167642,pass
193680,194644,19.7970000000023,output/tools/benchmarks/periodic_sub_trans/no_wli/analysis/phaseB_ngram_hamming_full_raw_asset_shards_v1/20260530T120414Z__phaseB_ngram_hamming_full_raw_asset_shards_v1/order_3/shard_0118__12_4_5.txt/shard_manifest.json,3,2,118,3870152,12 4 5.txt,131538,131538,pass
0,0,0.15600000000267755,output/tools/benchmarks/periodic_sub_trans/no_wli/analysis/phaseB_ngram_hamming_full_raw_asset_shards_v1/20260530T120414Z__phaseB_ngram_hamming_full_raw_asset_shards_v1/order_3/shard_0119__12_4_e.txt/shard_manifest.json,3,2,119,1272477,12 4 e.txt,43477,0,pass
294858,296041,30.15599999999904,output/tools/benchmarks/periodic_sub_trans/no_wli/analysis/phaseB_ngram_hamming_full_raw_asset_shards_v1/20260530T120414Z__phaseB_ngram_hamming_full_raw_asset_shards_v1/order_3/shard_0120__12_5_3.txt/shard_manifest.json,3,2,120,6300600,12 5 3.txt,220648,220648,pass
19345,19437,2.563000000001921,output/tools/benchmarks/periodic_sub_trans/no_wli/analysis/phaseB_ngram_hamming_full_raw_asset_shards_v1/20260530T120414Z__phaseB_ngram_hamming_full_raw_asset_shards_v1/order_3/shard_0121__12_7_11.txt/shard_manifest.json,3,2,121,550104,12 7 11.txt,14214,14214,pass
74642,74778,9.203000000001339,output/tools/benchmarks/periodic_sub_trans/no_wli/analysis/phaseB_ngram_hamming_full_raw_asset_shards_v1/20260530T120414Z__phaseB_ngram_hamming_full_raw_asset_shards_v1/order_3/shard_0122__12_7_8.txt/shard_manifest.json,3,2,122,1909233,12 7 8.txt,53667,53667,pass
220386,221083,25.46900000000096,output/tools/benchmarks/periodic_sub_trans/no_wli/analysis/phaseB_ngram_hamming_full_raw_asset_shards_v1/20260530T120414Z__phaseB_ngram_hamming_full_raw_asset_shards_v1/order_3/shard_0123__12_8_3.txt/shard_manifest.json,3,2,123,5383699,12 8 3.txt,170852,170852,pass
91473,91609,10.610000000000582,output/tools/benchmarks/periodic_sub_trans/no_wli/analysis/phaseB_ngram_hamming_full_raw_asset_shards_v1/20260530T120414Z__phaseB_ngram_hamming_full_raw_asset_shards_v1/order_3/shard_0124__12_8_5.txt/shard_manifest.json,3,2,124,2212993,12 8 5.txt,66250,66250,pass
0,0,0.06300000000192085,output/tools/benchmarks/periodic_sub_trans/no_wli/analysis/phaseB_ngram_hamming_full_raw_asset_shards_v1/20260530T120414Z__phaseB_ngram_hamming_full_raw_asset_shards_v1/order_3/shard_0125__12_q_3.txt/shard_manifest.json,3,2,125,417462,12 q 3.txt,17214,0,pass
68331,68465,7.467999999997119,output/tools/benchmarks/periodic_sub_trans/no_wli/analysis/phaseB_ngram_hamming_full_raw_asset_shards_v1/20260530T120414Z__phaseB_ngram_hamming_full_raw_asset_shards_v1/order_3/shard_0126__13_4_7.txt/shard_manifest.json,3,2,126,1473830,13 4 7.txt,45519,45519,pass
145318,145560,14.78099999999904,output/tools/benchmarks/periodic_sub_trans/no_wli/analysis/phaseB_ngram_hamming_full_raw_asset_shards_v1/20260530T120414Z__phaseB_ngram_hamming_full_raw_asset_shards_v1/order_3/shard_0127__13_5_3.txt/shard_manifest.json,3,2,127,3118207,13 5 3.txt,105516,105516,pass
79025,79128,8.5779999999977,output/tools/benchmarks/periodic_sub_trans/no_wli/analysis/phaseB_ngram_hamming_full_raw_asset_shards_v1/20260530T120414Z__phaseB_ngram_hamming_full_raw_asset_shards_v1/order_3/shard_0128__13_6_4.txt/shard_manifest.json,3,2,128,1684577,13 6 4.txt,53578,53578,pass
10236,10243,1.0620000000017171,output/tools/benchmarks/periodic_sub_trans/no_wli/analysis/phaseB_ngram_hamming_full_raw_asset_shards_v1/20260530T120414Z__phaseB_ngram_hamming_full_raw_asset_shards_v1/order_3/shard_0129__13_8_1.txt/shard_manifest.json,3,2,129,245346,13 8 1.txt,8097,8097,pass
56487,56580,5.610000000000582,output/tools/benchmarks/periodic_sub_trans/no_wli/analysis/phaseB_ngram_hamming_full_raw_asset_shards_v1/20260530T120414Z__phaseB_ngram_hamming_full_raw_asset_shards_v1/order_3/shard_0130__14_4_2.txt/shard_manifest.json,3,2,130,1274752,14 4 2.txt,44801,44801,pass
23226,23241,2.5940000000009604,output/tools/benchmarks/periodic_sub_trans/no_wli/analysis/phaseB_ngram_hamming_full_raw_asset_shards_v1/20260530T120414Z__phaseB_ngram_hamming_full_raw_asset_shards_v1/order_3/shard_0131__14_6_4.txt/shard_manifest.json,3,2,131,548246,14 6 4.txt,16954,16954,pass
13598,13600,1.6870000000017171,output/tools/benchmarks/periodic_sub_trans/no_wli/analysis/phaseB_ngram_hamming_full_raw_asset_shards_v1/20260530T120414Z__phaseB_ngram_hamming_full_raw_asset_shards_v1/order_3/shard_0132__14_7_7.txt/shard_manifest.json,3,2,132,403686,14 7 7.txt,11071,11071,pass
4175,4175,0.4530000000013388,output/tools/benchmarks/periodic_sub_trans/no_wli/analysis/phaseB_ngram_hamming_full_raw_asset_shards_v1/20260530T120414Z__phaseB_ngram_hamming_full_raw_asset_shards_v1/order_3/shard_0133__2_1_2.txt/shard_manifest.json,3,2,133,682748,2 1 2.txt,51112,51112,pass
32972,33108,2.202999999997701,output/tools/benchmarks/periodic_sub_trans/no_wli/analysis/phaseB_ngram_hamming_full_raw_asset_shards_v1/20260530T120414Z__phaseB_ngram_hamming_full_raw_asset_shards_v1/order_3/shard_0134__2_1_3.txt/shard_manifest.json,3,2,134,1307176,2 1 3.txt,90513,90513,pass
87877,88291,5.8439999999973224,output/tools/benchmarks/periodic_sub_trans/no_wli/analysis/phaseB_ngram_hamming_full_raw_asset_shards_v1/20260530T120414Z__phaseB_ngram_hamming_full_raw_asset_shards_v1/order_3/shard_0135__2_1_4.txt/shard_manifest.json,3,2,135,2362661,2 1 4.txt,153100,153100,pass
83138,83309,6.485000000000582,output/tools/benchmarks/periodic_sub_trans/no_wli/analysis/phaseB_ngram_hamming_full_raw_asset_shards_v1/20260530T120414Z__phaseB_ngram_hamming_full_raw_asset_shards_v1/order_3/shard_0136__2_1_5.txt/shard_manifest.json,3,2,136,3049922,2 1 5.txt,185311,185311,pass
90946,91054,7.453000000001339,output/tools/benchmarks/periodic_sub_trans/no_wli/analysis/phaseB_ngram_hamming_full_raw_asset_shards_v1/20260530T120414Z__phaseB_ngram_hamming_full_raw_asset_shards_v1/order_3/shard_0137__2_1_6.txt/shard_manifest.json,3,2,137,3485244,2 1 6.txt,200110,200110,pass
81973,82013,6.9540000000015425,output/tools/benchmarks/periodic_sub_trans/no_wli/analysis/phaseB_ngram_hamming_full_raw_asset_shards_v1/20260530T120414Z__phaseB_ngram_hamming_full_raw_asset_shards_v1/order_3/shard_0138__2_1_7.txt/shard_manifest.json,3,2,138,3267794,2 1 7.txt,177444,177444,pass
66668,66696,5.811999999998079,output/tools/benchmarks/periodic_sub_trans/no_wli/analysis/phaseB_ngram_hamming_full_raw_asset_shards_v1/20260530T120414Z__phaseB_ngram_hamming_full_raw_asset_shards_v1/order_3/shard_0139__2_1_8.txt/shard_manifest.json,3,2,139,2750324,2 1 8.txt,141430,141430,pass
50956,51093,4.640999999999622,output/tools/benchmarks/periodic_sub_trans/no_wli/analysis/phaseB_ngram_hamming_full_raw_asset_shards_v1/20260530T120414Z__phaseB_ngram_hamming_full_raw_asset_shards_v1/order_3/shard_0140__2_1_9.txt/shard_manifest.json,3,2,140,2196434,2 1 9.txt,107342,107342,pass
0,0,0.01600000000325963,output/tools/benchmarks/periodic_sub_trans/no_wli/analysis/phaseB_ngram_hamming_full_raw_asset_shards_v1/20260530T120414Z__phaseB_ngram_hamming_full_raw_asset_shards_v1/order_3/shard_0141__2_1_e.txt/shard_manifest.json,3,2,141,89425,2 1 e.txt,5345,0,pass
507691,509582,57.8279999999977,output/tools/benchmarks/periodic_sub_trans/no_wli/analysis/phaseB_ngram_hamming_full_raw_asset_shards_v1/20260530T120414Z__phaseB_ngram_hamming_full_raw_asset_shards_v1/order_3/shard_0142__2_10_10.txt/shard_manifest.json,3,2,142,13035144,2 10 10.txt,425323,425323,pass
407130,408367,38.31199999999808,output/tools/benchmarks/periodic_sub_trans/no_wli/analysis/phaseB_ngram_hamming_full_raw_asset_shards_v1/20260530T120414Z__phaseB_ngram_hamming_full_raw_asset_shards_v1/order_3/shard_0143__2_10_2.txt/shard_manifest.json,3,2,143,12271525,2 10 2.txt,542573,542573,pass
1034015,1036155,97.96899999999732,output/tools/benchmarks/periodic_sub_trans/no_wli/analysis/phaseB_ngram_hamming_full_raw_asset_shards_v1/20260530T120414Z__phaseB_ngram_hamming_full_raw_asset_shards_v1/order_3/shard_0144__2_10_4.txt/shard_manifest.json,3,2,144,20756036,2 10 4.txt,839925,839925,pass
1134828,1137281,111.96799999999712,output/tools/benchmarks/periodic_sub_trans/no_wli/analysis/phaseB_ngram_hamming_full_raw_asset_shards_v1/20260530T120414Z__phaseB_ngram_hamming_full_raw_asset_shards_v1/order_3/shard_0145__2_10_5.txt/shard_manifest.json,3,2,145,24178051,2 10 5.txt,939783,939783,pass
1090780,1092842,111.43799999999828,output/tools/benchmarks/periodic_sub_trans/no_wli/analysis/phaseB_ngram_hamming_full_raw_asset_shards_v1/20260530T120414Z__phaseB_ngram_hamming_full_raw_asset_shards_v1/order_3/shard_0146__2_10_6.txt/shard_manifest.json,3,2,146,23792319,2 10 6.txt,890808,890808,pass
415675,416916,38.75,output/tools/benchmarks/periodic_sub_trans/no_wli/analysis/phaseB_ngram_hamming_full_raw_asset_shards_v1/20260530T120414Z__phaseB_ngram_hamming_full_raw_asset_shards_v1/order_3/shard_0147__2_11_3.txt/shard_manifest.json,3,2,147,10451348,2 11 3.txt,422271,422271,pass
601579,603237,57.84400000000096,output/tools/benchmarks/periodic_sub_trans/no_wli/analysis/phaseB_ngram_hamming_full_raw_asset_shards_v1/20260530T120414Z__phaseB_ngram_hamming_full_raw_asset_shards_v1/order_3/shard_0148__2_11_4.txt/shard_manifest.json,3,2,148,12507872,2 11 4.txt,486363,486363,pass
546748,548314,59.85900000000038,output/tools/benchmarks/periodic_sub_trans/no_wli/analysis/phaseB_ngram_hamming_full_raw_asset_shards_v1/20260530T120414Z__phaseB_ngram_hamming_full_raw_asset_shards_v1/order_3/shard_0149__2_11_8.txt/shard_manifest.json,3,2,149,13248222,2 11 8.txt,446406,446406,pass
217556,218880,21.21900000000096,output/tools/benchmarks/periodic_sub_trans/no_wli/analysis/phaseB_ngram_hamming_full_raw_asset_shards_v1/20260530T120414Z__phaseB_ngram_hamming_full_raw_asset_shards_v1/order_3/shard_0150__2_12_3.txt/shard_manifest.json,3,2,150,5862872,2 12 3.txt,228035,228035,pass
301487,302902,29.84400000000096,output/tools/benchmarks/periodic_sub_trans/no_wli/analysis/phaseB_ngram_hamming_full_raw_asset_shards_v1/20260530T120414Z__phaseB_ngram_hamming_full_raw_asset_shards_v1/order_3/shard_0151__2_12_4.txt/shard_manifest.json,3,2,151,6677851,2 12 4.txt,250528,250528,pass
328058,329431,34.04699999999866,output/tools/benchmarks/periodic_sub_trans/no_wli/analysis/phaseB_ngram_hamming_full_raw_asset_shards_v1/20260530T120414Z__phaseB_ngram_hamming_full_raw_asset_shards_v1/order_3/shard_0152__2_12_5.txt/shard_manifest.json,3,2,152,7729687,2 12 5.txt,279298,279298,pass
159965,160322,16.85900000000038,output/tools/benchmarks/periodic_sub_trans/no_wli/analysis/phaseB_ngram_hamming_full_raw_asset_shards_v1/20260530T120414Z__phaseB_ngram_hamming_full_raw_asset_shards_v1/order_3/shard_0153__2_13_6.txt/shard_manifest.json,3,2,153,3875653,2 13 6.txt,130735,130735,pass
4378,4378,0.4529999999977008,output/tools/benchmarks/periodic_sub_trans/no_wli/analysis/phaseB_ngram_hamming_full_raw_asset_shards_v1/20260530T120414Z__phaseB_ngram_hamming_full_raw_asset_shards_v1/order_3/shard_0154__2_2_1.txt/shard_manifest.json,3,2,154,682589,2 2 1.txt,51109,51109,pass
269780,270495,24.9220000000023,output/tools/benchmarks/periodic_sub_trans/no_wli/analysis/phaseB_ngram_hamming_full_raw_asset_shards_v1/20260530T120414Z__phaseB_ngram_hamming_full_raw_asset_shards_v1/order_3/shard_0155__2_2_10.txt/shard_manifest.json,3,2,155,7833821,2 2 10.txt,343958,343958,pass
49677,49677,3.2969999999986612,output/tools/benchmarks/periodic_sub_trans/no_wli/analysis/phaseB_ngram_hamming_full_raw_asset_shards_v1/20260530T120414Z__phaseB_ngram_hamming_full_raw_asset_shards_v1/order_3/shard_0156__2_2_2.txt/shard_manifest.json,3,2,156,2344726,2 2 2.txt,161802,161802,pass
238760,239228,15.31300000000192,output/tools/benchmarks/periodic_sub_trans/no_wli/analysis/phaseB_ngram_hamming_full_raw_asset_shards_v1/20260530T120414Z__phaseB_ngram_hamming_full_raw_asset_shards_v1/order_3/shard_0157__2_2_3.txt/shard_manifest.json,3,2,157,4838462,2 2 3.txt,308912,308912,pass
574107,575531,37.79699999999866,output/tools/benchmarks/periodic_sub_trans/no_wli/analysis/phaseB_ngram_hamming_full_raw_asset_shards_v1/20260530T120414Z__phaseB_ngram_hamming_full_raw_asset_shards_v1/order_3/shard_0158__2_2_4.txt/shard_manifest.json,3,2,158,9171806,2 2 4.txt,548472,548472,pass
608047,608823,45.75,output/tools/benchmarks/periodic_sub_trans/no_wli/analysis/phaseB_ngram_hamming_full_raw_asset_shards_v1/20260530T120414Z__phaseB_ngram_hamming_full_raw_asset_shards_v1/order_3/shard_0159__2_2_5.txt/shard_manifest.json,3,2,159,12230750,2 2 5.txt,687117,687117,pass
647209,647862,50.98400000000038,output/tools/benchmarks/periodic_sub_trans/no_wli/analysis/phaseB_ngram_hamming_full_raw_asset_shards_v1/20260530T120414Z__phaseB_ngram_hamming_full_raw_asset_shards_v1/order_3/shard_0160__2_2_6.txt/shard_manifest.json,3,2,160,13945513,2 2 6.txt,742735,742735,pass
599007,599317,48.20300000000134,output/tools/benchmarks/periodic_sub_trans/no_wli/analysis/phaseB_ngram_hamming_full_raw_asset_shards_v1/20260530T120414Z__phaseB_ngram_hamming_full_raw_asset_shards_v1/order_3/shard_0161__2_2_7.txt/shard_manifest.json,3,2,161,13955201,2 2 7.txt,705308,705308,pass
510723,511272,43.34299999999712,output/tools/benchmarks/periodic_sub_trans/no_wli/analysis/phaseB_ngram_hamming_full_raw_asset_shards_v1/20260530T120414Z__phaseB_ngram_hamming_full_raw_asset_shards_v1/order_3/shard_0162__2_2_8.txt/shard_manifest.json,3,2,162,12781916,2 2 8.txt,615085,615085,pass
396340,397175,35.03099999999904,output/tools/benchmarks/periodic_sub_trans/no_wli/analysis/phaseB_ngram_hamming_full_raw_asset_shards_v1/20260530T120414Z__phaseB_ngram_hamming_full_raw_asset_shards_v1/order_3/shard_0163__2_2_9.txt/shard_manifest.json,3,2,163,10774729,2 2 9.txt,494824,494824,pass
0,0,0.06300000000192085,output/tools/benchmarks/periodic_sub_trans/no_wli/analysis/phaseB_ngram_hamming_full_raw_asset_shards_v1/20260530T120414Z__phaseB_ngram_hamming_full_raw_asset_shards_v1/order_3/shard_0164__2_2_e.txt/shard_manifest.json,3,2,164,314412,2 2 e.txt,17897,0,pass
27903,27979,1.875,output/tools/benchmarks/periodic_sub_trans/no_wli/analysis/phaseB_ngram_hamming_full_raw_asset_shards_v1/20260530T120414Z__phaseB_ngram_hamming_full_raw_asset_shards_v1/order_3/shard_0165__2_3_1.txt/shard_manifest.json,3,2,165,1381846,2 3 1.txt,95423,95423,pass
291770,292648,18.64099999999962,output/tools/benchmarks/periodic_sub_trans/no_wli/analysis/phaseB_ngram_hamming_full_raw_asset_shards_v1/20260530T120414Z__phaseB_ngram_hamming_full_raw_asset_shards_v1/order_3/shard_0166__2_3_2.txt/shard_manifest.json,3,2,166,5803185,2 3 2.txt,370838,370838,pass
834346,836028,55.25,output/tools/benchmarks/periodic_sub_trans/no_wli/analysis/phaseB_ngram_hamming_full_raw_asset_shards_v1/20260530T120414Z__phaseB_ngram_hamming_full_raw_asset_shards_v1/order_3/shard_0167__2_3_3.txt/shard_manifest.json,3,2,167,11545601,2 3 3.txt,688937,688937,pass
1669781,1673289,110.25,output/tools/benchmarks/periodic_sub_trans/no_wli/analysis/phaseB_ngram_hamming_full_raw_asset_shards_v1/20260530T120414Z__phaseB_ngram_hamming_full_raw_asset_shards_v1/order_3/shard_0168__2_3_4.txt/shard_manifest.json,3,2,168,20068096,2 3 4.txt,1129687,1129687,pass
1709769,1712143,129.42199999999866,output/tools/benchmarks/periodic_sub_trans/no_wli/analysis/phaseB_ngram_hamming_full_raw_asset_shards_v1/20260530T120414Z__phaseB_ngram_hamming_full_raw_asset_shards_v1/order_3/shard_0169__2_3_5.txt/shard_manifest.json,3,2,169,25540024,2 3 5.txt,1359098,1359098,pass
1697343,1698972,132.0,output/tools/benchmarks/periodic_sub_trans/no_wli/analysis/phaseB_ngram_hamming_full_raw_asset_shards_v1/20260530T120414Z__phaseB_ngram_hamming_full_raw_asset_shards_v1/order_3/shard_0170__2_3_6.txt/shard_manifest.json,3,2,170,27776763,2 3 6.txt,1408246,1408246,pass
1505363,1506060,122.89099999999962,output/tools/benchmarks/periodic_sub_trans/no_wli/analysis/phaseB_ngram_hamming_full_raw_asset_shards_v1/20260530T120414Z__phaseB_ngram_hamming_full_raw_asset_shards_v1/order_3/shard_0171__2_3_7.txt/shard_manifest.json,3,2,171,26485851,2 3 7.txt,1280462,1280462,pass
1259476,1260417,107.56300000000192,output/tools/benchmarks/periodic_sub_trans/no_wli/analysis/phaseB_ngram_hamming_full_raw_asset_shards_v1/20260530T120414Z__phaseB_ngram_hamming_full_raw_asset_shards_v1/order_3/shard_0172__2_3_8.txt/shard_manifest.json,3,2,172,23707194,2 3 8.txt,1094467,1094467,pass
944546,946199,82.17199999999866,output/tools/benchmarks/periodic_sub_trans/no_wli/analysis/phaseB_ngram_hamming_full_raw_asset_shards_v1/20260530T120414Z__phaseB_ngram_hamming_full_raw_asset_shards_v1/order_3/shard_0173__2_3_9.txt/shard_manifest.json,3,2,173,19226660,2 3 9.txt,849381,849381,pass
0,0,0.15700000000288128,output/tools/benchmarks/periodic_sub_trans/no_wli/analysis/phaseB_ngram_hamming_full_raw_asset_shards_v1/20260530T120414Z__phaseB_ngram_hamming_full_raw_asset_shards_v1/order_3/shard_0174__2_3_e.txt/shard_manifest.json,3,2,174,989819,2 3 e.txt,53300,0,pass
72519,72755,5.0,output/tools/benchmarks/periodic_sub_trans/no_wli/analysis/phaseB_ngram_hamming_full_raw_asset_shards_v1/20260530T120414Z__phaseB_ngram_hamming_full_raw_asset_shards_v1/order_3/shard_0175__2_4_1.txt/shard_manifest.json,3,2,175,2560347,2 4 1.txt,165666,165666,pass
1022046,1024520,97.375,output/tools/benchmarks/periodic_sub_trans/no_wli/analysis/phaseB_ngram_hamming_full_raw_asset_shards_v1/20260530T120414Z__phaseB_ngram_hamming_full_raw_asset_shards_v1/order_3/shard_0176__2_4_10.txt/shard_manifest.json,3,2,176,20854179,2 4 10.txt,844269,844269,pass
612339,613894,57.93800000000192,output/tools/benchmarks/periodic_sub_trans/no_wli/analysis/phaseB_ngram_hamming_full_raw_asset_shards_v1/20260530T120414Z__phaseB_ngram_hamming_full_raw_asset_shards_v1/order_3/shard_0177__2_4_11.txt/shard_manifest.json,3,2,177,12967843,2 4 11.txt,504213,504213,pass
789985,792581,51.84400000000096,output/tools/benchmarks/periodic_sub_trans/no_wli/analysis/phaseB_ngram_hamming_full_raw_asset_shards_v1/20260530T120414Z__phaseB_ngram_hamming_full_raw_asset_shards_v1/order_3/shard_0178__2_4_2.txt/shard_manifest.json,3,2,178,12336325,2 4 2.txt,739682,739682,pass
1725239,1729213,115.32800000000134,output/tools/benchmarks/periodic_sub_trans/no_wli/analysis/phaseB_ngram_hamming_full_raw_asset_shards_v1/20260530T120414Z__phaseB_ngram_hamming_full_raw_asset_shards_v1/order_3/shard_0179__2_4_3.txt/shard_manifest.json,3,2,179,21884247,2 4 3.txt,1229292,1229292,pass
3035552,3042700,210.78100000000268,output/tools/benchmarks/periodic_sub_trans/no_wli/analysis/phaseB_ngram_hamming_full_raw_asset_shards_v1/20260530T120414Z__phaseB_ngram_hamming_full_raw_asset_shards_v1/order_3/shard_0180__2_4_4.txt/shard_manifest.json,3,2,180,35427961,2 4 4.txt,1886341,1886341,pass
3066471,3072079,235.26599999999962,output/tools/benchmarks/periodic_sub_trans/no_wli/analysis/phaseB_ngram_hamming_full_raw_asset_shards_v1/20260530T120414Z__phaseB_ngram_hamming_full_raw_asset_shards_v1/order_3/shard_0181__2_4_5.txt/shard_manifest.json,3,2,181,43869400,2 4 5.txt,2213060,2213060,pass
2890625,2894747,229.78099999999904,output/tools/benchmarks/periodic_sub_trans/no_wli/analysis/phaseB_ngram_hamming_full_raw_asset_shards_v1/20260530T120414Z__phaseB_ngram_hamming_full_raw_asset_shards_v1/order_3/shard_0182__2_4_6.txt/shard_manifest.json,3,2,182,45272115,2 4 6.txt,2180081,2180081,pass
2514534,2516935,219.59399999999732,output/tools/benchmarks/periodic_sub_trans/no_wli/analysis/phaseB_ngram_hamming_full_raw_asset_shards_v1/20260530T120414Z__phaseB_ngram_hamming_full_raw_asset_shards_v1/order_3/shard_0183__2_4_7.txt/shard_manifest.json,3,2,183,42347064,2 4 7.txt,1948227,1948227,pass
2087012,2089339,180.35900000000038,output/tools/benchmarks/periodic_sub_trans/no_wli/analysis/phaseB_ngram_hamming_full_raw_asset_shards_v1/20260530T120414Z__phaseB_ngram_hamming_full_raw_asset_shards_v1/order_3/shard_0184__2_4_8.txt/shard_manifest.json,3,2,184,37307688,2 4 8.txt,1642413,1642413,pass
0,0,0.2969999999986612,output/tools/benchmarks/periodic_sub_trans/no_wli/analysis/phaseB_ngram_hamming_full_raw_asset_shards_v1/20260530T120414Z__phaseB_ngram_hamming_full_raw_asset_shards_v1/order_3/shard_0185__2_4_e.txt/shard_manifest.json,3,2,185,2069546,2 4 e.txt,105583,0,pass
0,0,0.13999999999941792,output/tools/benchmarks/periodic_sub_trans/no_wli/analysis/phaseB_ngram_hamming_full_raw_asset_shards_v1/20260530T120414Z__phaseB_ngram_hamming_full_raw_asset_shards_v1/order_3/shard_0186__2_4_q.txt/shard_manifest.json,3,2,186,650706,2 4 q.txt,41717,0,pass
78277,78395,5.812999999998283,output/tools/benchmarks/periodic_sub_trans/no_wli/analysis/phaseB_ngram_hamming_full_raw_asset_shards_v1/20260530T120414Z__phaseB_ngram_hamming_full_raw_asset_shards_v1/order_3/shard_0187__2_5_1.txt/shard_manifest.json,3,2,187,3419843,2 5 1.txt,207512,207512,pass
959117,961143,93.75,output/tools/benchmarks/periodic_sub_trans/no_wli/analysis/phaseB_ngram_hamming_full_raw_asset_shards_v1/20260530T120414Z__phaseB_ngram_hamming_full_raw_asset_shards_v1/order_3/shard_0188__2_5_10.txt/shard_manifest.json,3,2,188,19968096,2 5 10.txt,776771,776771,pass
560971,562442,56.31200000000172,output/tools/benchmarks/periodic_sub_trans/no_wli/analysis/phaseB_ngram_hamming_full_raw_asset_shards_v1/20260530T120414Z__phaseB_ngram_hamming_full_raw_asset_shards_v1/order_3/shard_0189__2_5_11.txt/shard_manifest.json,3,2,189,12005497,2 5 11.txt,449172,449172,pass
852128,853490,64.5470000000023,output/tools/benchmarks/periodic_sub_trans/no_wli/analysis/phaseB_ngram_hamming_full_raw_asset_shards_v1/20260530T120414Z__phaseB_ngram_hamming_full_raw_asset_shards_v1/order_3/shard_0190__2_5_2.txt/shard_manifest.json,3,2,190,17587624,2 5 2.txt,991339,991339,pass
1757640,1759615,133.76599999999962,output/tools/benchmarks/periodic_sub_trans/no_wli/analysis/phaseB_ngram_hamming_full_raw_asset_shards_v1/20260530T120414Z__phaseB_ngram_hamming_full_raw_asset_shards_v1/order_3/shard_0191__2_5_3.txt/shard_manifest.json,3,2,191,28828367,2 5 3.txt,1528114,1528114,pass
0,0,0.014999999999417923,output/tools/benchmarks/periodic_sub_trans/no_wli/analysis/phaseB_ngram_hamming_full_raw_asset_shards_v1/20260530T120414Z__phaseB_ngram_hamming_full_raw_asset_shards_v1/order_3/shard_0192__2_5_3a1.txt/shard_manifest.json,3,2,192,19159,2 5 3a1.txt,940,0,pass
2885447,2889102,220.06300000000192,output/tools/benchmarks/periodic_sub_trans/no_wli/analysis/phaseB_ngram_hamming_full_raw_asset_shards_v1/20260530T120414Z__phaseB_ngram_hamming_full_raw_asset_shards_v1/order_3/shard_0193__2_5_4.txt/shard_manifest.json,3,2,193,41813927,2 5 4.txt,2108555,2108555,pass
2981711,2984838,247.0470000000023,output/tools/benchmarks/periodic_sub_trans/no_wli/analysis/phaseB_ngram_hamming_full_raw_asset_shards_v1/20260530T120414Z__phaseB_ngram_hamming_full_raw_asset_shards_v1/order_3/shard_0194__2_5_5.txt/shard_manifest.json,3,2,194,49178224,2 5 5.txt,2359303,2359303,pass
2758875,2761079,235.48399999999674,output/tools/benchmarks/periodic_sub_trans/no_wli/analysis/phaseB_ngram_hamming_full_raw_asset_shards_v1/20260530T120414Z__phaseB_ngram_hamming_full_raw_asset_shards_v1/order_3/shard_0195__2_5_6.txt/shard_manifest.json,3,2,195,48331799,2 5 6.txt,2217622,2217622,pass
2415183,2416569,225.28200000000288,output/tools/benchmarks/periodic_sub_trans/no_wli/analysis/phaseB_ngram_hamming_full_raw_asset_shards_v1/20260530T120414Z__phaseB_ngram_hamming_full_raw_asset_shards_v1/order_3/shard_0196__2_5_7.txt/shard_manifest.json,3,2,196,44314687,2 5 7.txt,1947105,1947105,pass
2000249,2001887,185.59400000000096,output/tools/benchmarks/periodic_sub_trans/no_wli/analysis/phaseB_ngram_hamming_full_raw_asset_shards_v1/20260530T120414Z__phaseB_ngram_hamming_full_raw_asset_shards_v1/order_3/shard_0197__2_5_8.txt/shard_manifest.json,3,2,197,37954502,2 5 8.txt,1599474,1599474,pass
1449573,1451374,137.73500000000058,output/tools/benchmarks/periodic_sub_trans/no_wli/analysis/phaseB_ngram_hamming_full_raw_asset_shards_v1/20260530T120414Z__phaseB_ngram_hamming_full_raw_asset_shards_v1/order_3/shard_0198__2_5_9.txt/shard_manifest.json,3,2,198,29494529,2 5 9.txt,1193406,1193406,pass
0,0,0.4069999999992433,output/tools/benchmarks/periodic_sub_trans/no_wli/analysis/phaseB_ngram_hamming_full_raw_asset_shards_v1/20260530T120414Z__phaseB_ngram_hamming_full_raw_asset_shards_v1/order_3/shard_0199__2_5_e.txt/shard_manifest.json,3,2,199,3046909,2 5 e.txt,147295,0,pass
83009,83133,6.485000000000582,output/tools/benchmarks/periodic_sub_trans/no_wli/analysis/phaseB_ngram_hamming_full_raw_asset_shards_v1/20260530T120414Z__phaseB_ngram_hamming_full_raw_asset_shards_v1/order_3/shard_0200__2_6_1.txt/shard_manifest.json,3,2,200,3761643,2 6 1.txt,215755,215755,pass
1085189,1087578,110.56199999999808,output/tools/benchmarks/periodic_sub_trans/no_wli/analysis/phaseB_ngram_hamming_full_raw_asset_shards_v1/20260530T120414Z__phaseB_ngram_hamming_full_raw_asset_shards_v1/order_3/shard_0201__2_6_10.txt/shard_manifest.json,3,2,201,23760407,2 6 10.txt,889291,889291,pass
641737,643478,67.625,output/tools/benchmarks/periodic_sub_trans/no_wli/analysis/phaseB_ngram_hamming_full_raw_asset_shards_v1/20260530T120414Z__phaseB_ngram_hamming_full_raw_asset_shards_v1/order_3/shard_0202__2_6_11.txt/shard_manifest.json,3,2,202,14415212,2 6 11.txt,519690,519690,pass
916298,917664,73.32800000000134,output/tools/benchmarks/periodic_sub_trans/no_wli/analysis/phaseB_ngram_hamming_full_raw_asset_shards_v1/20260530T120414Z__phaseB_ngram_hamming_full_raw_asset_shards_v1/order_3/shard_0203__2_6_2.txt/shard_manifest.json,3,2,203,20605942,2 6 2.txt,1102324,1102324,pass
1797352,1799509,144.875,output/tools/benchmarks/periodic_sub_trans/no_wli/analysis/phaseB_ngram_hamming_full_raw_asset_shards_v1/20260530T120414Z__phaseB_ngram_hamming_full_raw_asset_shards_v1/order_3/shard_0204__2_6_3.txt/shard_manifest.json,3,2,204,32581604,2 6 3.txt,1644363,1644363,pass
2873308,2876591,233.29699999999866,output/tools/benchmarks/periodic_sub_trans/no_wli/analysis/phaseB_ngram_hamming_full_raw_asset_shards_v1/20260530T120414Z__phaseB_ngram_hamming_full_raw_asset_shards_v1/order_3/shard_0205__2_6_4.txt/shard_manifest.json,3,2,205,45785498,2 6 4.txt,2203620,2203620,pass
3011095,3014001,260.4370000000017,output/tools/benchmarks/periodic_sub_trans/no_wli/analysis/phaseB_ngram_hamming_full_raw_asset_shards_v1/20260530T120414Z__phaseB_ngram_hamming_full_raw_asset_shards_v1/order_3/shard_0206__2_6_5.txt/shard_manifest.json,3,2,206,53381761,2 6 5.txt,2448658,2448658,pass
2830793,2832756,254.86000000000058,output/tools/benchmarks/periodic_sub_trans/no_wli/analysis/phaseB_ngram_hamming_full_raw_asset_shards_v1/20260530T120414Z__phaseB_ngram_hamming_full_raw_asset_shards_v1/order_3/shard_0207__2_6_6.txt/shard_manifest.json,3,2,207,52722140,2 6 6.txt,2316445,2316445,pass
2543361,2544644,231.48400000000038,output/tools/benchmarks/periodic_sub_trans/no_wli/analysis/phaseB_ngram_hamming_full_raw_asset_shards_v1/20260530T120414Z__phaseB_ngram_hamming_full_raw_asset_shards_v1/order_3/shard_0208__2_6_7.txt/shard_manifest.json,3,2,208,49257208,2 6 7.txt,2075059,2075059,pass
2161370,2162800,205.31300000000192,output/tools/benchmarks/periodic_sub_trans/no_wli/analysis/phaseB_ngram_hamming_full_raw_asset_shards_v1/20260530T120414Z__phaseB_ngram_hamming_full_raw_asset_shards_v1/order_3/shard_0209__2_6_8.txt/shard_manifest.json,3,2,209,43191502,2 6 8.txt,1747736,1747736,pass
0,0,0.4850000000005821,output/tools/benchmarks/periodic_sub_trans/no_wli/analysis/phaseB_ngram_hamming_full_raw_asset_shards_v1/20260530T120414Z__phaseB_ngram_hamming_full_raw_asset_shards_v1/order_3/shard_0210__2_6_e.txt/shard_manifest.json,3,2,210,3594867,2 6 e.txt,165949,0,pass
76721,76772,6.203000000001339,output/tools/benchmarks/periodic_sub_trans/no_wli/analysis/phaseB_ngram_hamming_full_raw_asset_shards_v1/20260530T120414Z__phaseB_ngram_hamming_full_raw_asset_shards_v1/order_3/shard_0211__2_7_1.txt/shard_manifest.json,3,2,211,3382838,2 7 1.txt,183394,183394,pass
865898,866381,71.39099999999962,output/tools/benchmarks/periodic_sub_trans/no_wli/analysis/phaseB_ngram_hamming_full_raw_asset_shards_v1/20260530T120414Z__phaseB_ngram_hamming_full_raw_asset_shards_v1/order_3/shard_0212__2_7_2.txt/shard_manifest.json,3,2,212,21133545,2 7 2.txt,1074707,1074707,pass
1638594,1639799,137.84400000000096,output/tools/benchmarks/periodic_sub_trans/no_wli/analysis/phaseB_ngram_hamming_full_raw_asset_shards_v1/20260530T120414Z__phaseB_ngram_hamming_full_raw_asset_shards_v1/order_3/shard_0213__2_7_3.txt/shard_manifest.json,3,2,213,32167940,2 7 3.txt,1547407,1547407,pass
2564408,2566959,216.125,output/tools/benchmarks/periodic_sub_trans/no_wli/analysis/phaseB_ngram_hamming_full_raw_asset_shards_v1/20260530T120414Z__phaseB_ngram_hamming_full_raw_asset_shards_v1/order_3/shard_0214__2_7_4.txt/shard_manifest.json,3,2,214,43585946,2 7 4.txt,2002979,2002979,pass
2723204,2725677,239.70300000000134,output/tools/benchmarks/periodic_sub_trans/no_wli/analysis/phaseB_ngram_hamming_full_raw_asset_shards_v1/20260530T120414Z__phaseB_ngram_hamming_full_raw_asset_shards_v1/order_3/shard_0215__2_7_5.txt/shard_manifest.json,3,2,215,50347207,2 7 5.txt,2210079,2210079,pass
2587624,2589509,247.21900000000096,output/tools/benchmarks/periodic_sub_trans/no_wli/analysis/phaseB_ngram_hamming_full_raw_asset_shards_v1/20260530T120414Z__phaseB_ngram_hamming_full_raw_asset_shards_v1/order_3/shard_0216__2_7_6.txt/shard_manifest.json,3,2,216,49727180,2 7 6.txt,2093131,2093131,pass
2397849,2399269,221.38999999999942,output/tools/benchmarks/periodic_sub_trans/no_wli/analysis/phaseB_ngram_hamming_full_raw_asset_shards_v1/20260530T120414Z__phaseB_ngram_hamming_full_raw_asset_shards_v1/order_3/shard_0217__2_7_7.txt/shard_manifest.json,3,2,217,47911528,2 7 7.txt,1936310,1936310,pass
1543517,1545519,155.01599999999962,output/tools/benchmarks/periodic_sub_trans/no_wli/analysis/phaseB_ngram_hamming_full_raw_asset_shards_v1/20260530T120414Z__phaseB_ngram_hamming_full_raw_asset_shards_v1/order_3/shard_0218__2_7_9.txt/shard_manifest.json,3,2,218,34156518,2 7 9.txt,1277831,1277831,pass
0,0,0.4850000000005821,output/tools/benchmarks/periodic_sub_trans/no_wli/analysis/phaseB_ngram_hamming_full_raw_asset_shards_v1/20260530T120414Z__phaseB_ngram_hamming_full_raw_asset_shards_v1/order_3/shard_0219__2_7_e.txt/shard_manifest.json,3,2,219,3710653,2 7 e.txt,163898,0,pass
64352,64453,5.4209999999984575,output/tools/benchmarks/periodic_sub_trans/no_wli/analysis/phaseB_ngram_hamming_full_raw_asset_shards_v1/20260530T120414Z__phaseB_ngram_hamming_full_raw_asset_shards_v1/order_3/shard_0220__2_8_1.txt/shard_manifest.json,3,2,220,2805040,2 8 1.txt,144149,144149,pass
744008,744846,65.17099999999846,output/tools/benchmarks/periodic_sub_trans/no_wli/analysis/phaseB_ngram_hamming_full_raw_asset_shards_v1/20260530T120414Z__phaseB_ngram_hamming_full_raw_asset_shards_v1/order_3/shard_0221__2_8_2.txt/shard_manifest.json,3,2,221,19467790,2 8 2.txt,942895,942895,pass
1365566,1367038,119.4220000000023,output/tools/benchmarks/periodic_sub_trans/no_wli/analysis/phaseB_ngram_hamming_full_raw_asset_shards_v1/20260530T120414Z__phaseB_ngram_hamming_full_raw_asset_shards_v1/order_3/shard_0222__2_8_3.txt/shard_manifest.json,3,2,222,28744374,2 8 3.txt,1320113,1320113,pass
2116657,2119212,185.53099999999904,output/tools/benchmarks/periodic_sub_trans/no_wli/analysis/phaseB_ngram_hamming_full_raw_asset_shards_v1/20260530T120414Z__phaseB_ngram_hamming_full_raw_asset_shards_v1/order_3/shard_0223__2_8_4.txt/shard_manifest.json,3,2,223,38114572,2 8 4.txt,1676588,1676588,pass
2282152,2284691,209.125,output/tools/benchmarks/periodic_sub_trans/no_wli/analysis/phaseB_ngram_hamming_full_raw_asset_shards_v1/20260530T120414Z__phaseB_ngram_hamming_full_raw_asset_shards_v1/order_3/shard_0224__2_8_5.txt/shard_manifest.json,3,2,224,44181469,2 8 5.txt,1860681,1860681,pass
2180595,2182597,207.56299999999828,output/tools/benchmarks/periodic_sub_trans/no_wli/analysis/phaseB_ngram_hamming_full_raw_asset_shards_v1/20260530T120414Z__phaseB_ngram_hamming_full_raw_asset_shards_v1/order_3/shard_0225__2_8_6.txt/shard_manifest.json,3,2,225,43638104,2 8 6.txt,1765363,1765363,pass
2047888,2049505,198.31300000000192,output/tools/benchmarks/periodic_sub_trans/no_wli/analysis/phaseB_ngram_hamming_full_raw_asset_shards_v1/20260530T120414Z__phaseB_ngram_hamming_full_raw_asset_shards_v1/order_3/shard_0226__2_8_7.txt/shard_manifest.json,3,2,226,42627743,2 8 7.txt,1658444,1658444,pass
1807989,1809584,178.65600000000268,output/tools/benchmarks/periodic_sub_trans/no_wli/analysis/phaseB_ngram_hamming_full_raw_asset_shards_v1/20260530T120414Z__phaseB_ngram_hamming_full_raw_asset_shards_v1/order_3/shard_0227__2_8_8.txt/shard_manifest.json,3,2,227,38790559,2 8 8.txt,1454465,1454465,pass
0,0,0.43699999999807915,output/tools/benchmarks/periodic_sub_trans/no_wli/analysis/phaseB_ngram_hamming_full_raw_asset_shards_v1/20260530T120414Z__phaseB_ngram_hamming_full_raw_asset_shards_v1/order_3/shard_0228__2_8_e.txt/shard_manifest.json,3,2,228,3508625,2 8 e.txt,148423,0,pass
1045121,1046919,93.98500000000058,output/tools/benchmarks/periodic_sub_trans/no_wli/analysis/phaseB_ngram_hamming_full_raw_asset_shards_v1/20260530T120414Z__phaseB_ngram_hamming_full_raw_asset_shards_v1/order_3/shard_0229__2_9_3.txt/shard_manifest.json,3,2,229,23900071,2 9 3.txt,1050412,1050412,pass
1572414,1574960,143.34400000000096,output/tools/benchmarks/periodic_sub_trans/no_wli/analysis/phaseB_ngram_hamming_full_raw_asset_shards_v1/20260530T120414Z__phaseB_ngram_hamming_full_raw_asset_shards_v1/order_3/shard_0230__2_9_4.txt/shard_manifest.json,3,2,230,30630998,2 9 4.txt,1291447,1291447,pass
1622735,1625433,158.60900000000038,output/tools/benchmarks/periodic_sub_trans/no_wli/analysis/phaseB_ngram_hamming_full_raw_asset_shards_v1/20260530T120414Z__phaseB_ngram_hamming_full_raw_asset_shards_v1/order_3/shard_0231__2_9_6.txt/shard_manifest.json,3,2,231,34864231,2 9 6.txt,1355522,1355522,pass
1350717,1352916,141.5,output/tools/benchmarks/periodic_sub_trans/no_wli/analysis/phaseB_ngram_hamming_full_raw_asset_shards_v1/20260530T120414Z__phaseB_ngram_hamming_full_raw_asset_shards_v1/order_3/shard_0232__2_9_8.txt/shard_manifest.json,3,2,232,31020320,2 9 8.txt,1120757,1120757,pass
1014178,1016517,108.81299999999828,output/tools/benchmarks/periodic_sub_trans/no_wli/analysis/phaseB_ngram_hamming_full_raw_asset_shards_v1/20260530T120414Z__phaseB_ngram_hamming_full_raw_asset_shards_v1/order_3/shard_0233__2_9_9.txt/shard_manifest.json,3,2,233,24976697,2 9 9.txt,870809,870809,pass
0,0,0.35900000000037835,output/tools/benchmarks/periodic_sub_trans/no_wli/analysis/phaseB_ngram_hamming_full_raw_asset_shards_v1/20260530T120414Z__phaseB_ngram_hamming_full_raw_asset_shards_v1/order_3/shard_0234__2_9_e.txt/shard_manifest.json,3,2,234,3073067,2 9 e.txt,124759,0,pass
0,0,0.0319999999992433,output/tools/benchmarks/periodic_sub_trans/no_wli/analysis/phaseB_ngram_hamming_full_raw_asset_shards_v1/20260530T120414Z__phaseB_ngram_hamming_full_raw_asset_shards_v1/order_3/shard_0235__2_n3_3.txt/shard_manifest.json,3,2,235,86419,2 n3 3.txt,5969,0,pass
0,0,0.030999999999039574,output/tools/benchmarks/periodic_sub_trans/no_wli/analysis/phaseB_ngram_hamming_full_raw_asset_shards_v1/20260530T120414Z__phaseB_ngram_hamming_full_raw_asset_shards_v1/order_3/shard_0236__2a1_4_5.txt/shard_manifest.json,3,2,236,2427,2a1 4 5.txt,113,0,pass
0,0,0.0,output/tools/benchmarks/periodic_sub_trans/no_wli/analysis/phaseB_ngram_hamming_full_raw_asset_shards_v1/20260530T120414Z__phaseB_ngram_hamming_full_raw_asset_shards_v1/order_3/shard_0237__2a1_4_8.txt/shard_manifest.json,3,2,237,532,2a1 4 8.txt,22,0,pass
18830,18844,1.3279999999977008,output/tools/benchmarks/periodic_sub_trans/no_wli/analysis/phaseB_ngram_hamming_full_raw_asset_shards_v1/20260530T120414Z__phaseB_ngram_hamming_full_raw_asset_shards_v1/order_3/shard_0238__3_1_2.txt/shard_manifest.json,3,2,238,1050308,3 1 2.txt,72888,72888,pass
115954,116248,7.359000000000378,output/tools/benchmarks/periodic_sub_trans/no_wli/analysis/phaseB_ngram_hamming_full_raw_asset_shards_v1/20260530T120414Z__phaseB_ngram_hamming_full_raw_asset_shards_v1/order_3/shard_0239__3_1_3.txt/shard_manifest.json,3,2,239,2253753,3 1 3.txt,145467,145467,pass
285908,286902,18.93699999999808,output/tools/benchmarks/periodic_sub_trans/no_wli/analysis/phaseB_ngram_hamming_full_raw_asset_shards_v1/20260530T120414Z__phaseB_ngram_hamming_full_raw_asset_shards_v1/order_3/shard_0240__3_1_4.txt/shard_manifest.json,3,2,240,4126139,3 1 4.txt,250008,250008,pass
247728,248168,18.45300000000134,output/tools/benchmarks/periodic_sub_trans/no_wli/analysis/phaseB_ngram_hamming_full_raw_asset_shards_v1/20260530T120414Z__phaseB_ngram_hamming_full_raw_asset_shards_v1/order_3/shard_0241__3_1_5.txt/shard_manifest.json,3,2,241,4970694,3 1 5.txt,283170,283170,pass
252561,252814,19.875,output/tools/benchmarks/periodic_sub_trans/no_wli/analysis/phaseB_ngram_hamming_full_raw_asset_shards_v1/20260530T120414Z__phaseB_ngram_hamming_full_raw_asset_shards_v1/order_3/shard_0242__3_1_6.txt/shard_manifest.json,3,2,242,5534379,3 1 6.txt,299155,299155,pass
209062,209231,17.06300000000192,output/tools/benchmarks/periodic_sub_trans/no_wli/analysis/phaseB_ngram_hamming_full_raw_asset_shards_v1/20260530T120414Z__phaseB_ngram_hamming_full_raw_asset_shards_v1/order_3/shard_0243__3_1_7.txt/shard_manifest.json,3,2,243,4954502,3 1 7.txt,254095,254095,pass
159772,159830,13.593000000000757,output/tools/benchmarks/periodic_sub_trans/no_wli/analysis/phaseB_ngram_hamming_full_raw_asset_shards_v1/20260530T120414Z__phaseB_ngram_hamming_full_raw_asset_shards_v1/order_3/shard_0244__3_1_8.txt/shard_manifest.json,3,2,244,4058825,3 1 8.txt,197771,197771,pass
0,0,0.07800000000133878,output/tools/benchmarks/periodic_sub_trans/no_wli/analysis/phaseB_ngram_hamming_full_raw_asset_shards_v1/20260530T120414Z__phaseB_ngram_hamming_full_raw_asset_shards_v1/order_3/shard_0245__3_1_e.txt/shard_manifest.json,3,2,245,286496,3 1 e.txt,16444,0,pass
753180,755750,71.5779999999977,output/tools/benchmarks/periodic_sub_trans/no_wli/analysis/phaseB_ngram_hamming_full_raw_asset_shards_v1/20260530T120414Z__phaseB_ngram_hamming_full_raw_asset_shards_v1/order_3/shard_0246__3_10_2.txt/shard_manifest.json,3,2,246,16641098,3 10 2.txt,706625,706625,pass
964376,967162,92.04699999999866,output/tools/benchmarks/periodic_sub_trans/no_wli/analysis/phaseB_ngram_hamming_full_raw_asset_shards_v1/20260530T120414Z__phaseB_ngram_hamming_full_raw_asset_shards_v1/order_3/shard_0247__3_10_3.txt/shard_manifest.json,3,2,247,20267059,3 10 3.txt,823248,823248,pass
1070780,1072913,102.13999999999942,output/tools/benchmarks/periodic_sub_trans/no_wli/analysis/phaseB_ngram_hamming_full_raw_asset_shards_v1/20260530T120414Z__phaseB_ngram_hamming_full_raw_asset_shards_v1/order_3/shard_0248__3_10_4.txt/shard_manifest.json,3,2,248,19621827,3 10 4.txt,769478,769478,pass
926660,928071,97.34300000000076,output/tools/benchmarks/periodic_sub_trans/no_wli/analysis/phaseB_ngram_hamming_full_raw_asset_shards_v1/20260530T120414Z__phaseB_ngram_hamming_full_raw_asset_shards_v1/order_3/shard_0249__3_10_7.txt/shard_manifest.json,3,2,249,19483649,3 10 7.txt,684044,684044,pass
130291,130712,14.625,output/tools/benchmarks/periodic_sub_trans/no_wli/analysis/phaseB_ngram_hamming_full_raw_asset_shards_v1/20260530T120414Z__phaseB_ngram_hamming_full_raw_asset_shards_v1/order_3/shard_0250__3_11_11.txt/shard_manifest.json,3,2,250,3333430,3 11 11.txt,99393,99393,pass
557036,558422,53.67199999999866,output/tools/benchmarks/periodic_sub_trans/no_wli/analysis/phaseB_ngram_hamming_full_raw_asset_shards_v1/20260530T120414Z__phaseB_ngram_hamming_full_raw_asset_shards_v1/order_3/shard_0251__3_11_3.txt/shard_manifest.json,3,2,251,12189836,3 11 3.txt,475627,475627,pass
603138,604201,59.25,output/tools/benchmarks/periodic_sub_trans/no_wli/analysis/phaseB_ngram_hamming_full_raw_asset_shards_v1/20260530T120414Z__phaseB_ngram_hamming_full_raw_asset_shards_v1/order_3/shard_0252__3_11_4.txt/shard_manifest.json,3,2,252,11458682,3 11 4.txt,432203,432203,pass
595124,596168,61.09400000000096,output/tools/benchmarks/periodic_sub_trans/no_wli/analysis/phaseB_ngram_hamming_full_raw_asset_shards_v1/20260530T120414Z__phaseB_ngram_hamming_full_raw_asset_shards_v1/order_3/shard_0253__3_11_5.txt/shard_manifest.json,3,2,253,11901556,3 11 5.txt,432397,432397,pass
248608,250085,23.98400000000038,output/tools/benchmarks/periodic_sub_trans/no_wli/analysis/phaseB_ngram_hamming_full_raw_asset_shards_v1/20260530T120414Z__phaseB_ngram_hamming_full_raw_asset_shards_v1/order_3/shard_0254__3_12_2.txt/shard_manifest.json,3,2,254,6016143,3 12 2.txt,235620,235620,pass
297524,299103,29.64100000000326,output/tools/benchmarks/periodic_sub_trans/no_wli/analysis/phaseB_ngram_hamming_full_raw_asset_shards_v1/20260530T120414Z__phaseB_ngram_hamming_full_raw_asset_shards_v1/order_3/shard_0255__3_12_3.txt/shard_manifest.json,3,2,255,6885322,3 12 3.txt,258765,258765,pass
319279,320656,31.812000000001717,output/tools/benchmarks/periodic_sub_trans/no_wli/analysis/phaseB_ngram_hamming_full_raw_asset_shards_v1/20260530T120414Z__phaseB_ngram_hamming_full_raw_asset_shards_v1/order_3/shard_0256__3_12_4.txt/shard_manifest.json,3,2,256,6377397,3 12 4.txt,232165,232165,pass
0,0,0.031000000002677552,output/tools/benchmarks/periodic_sub_trans/no_wli/analysis/phaseB_ngram_hamming_full_raw_asset_shards_v1/20260530T120414Z__phaseB_ngram_hamming_full_raw_asset_shards_v1/order_3/shard_0257__3_12_q.txt/shard_manifest.json,3,2,257,281824,3 12 q.txt,11565,0,pass
30351,30483,1.9529999999977008,output/tools/benchmarks/periodic_sub_trans/no_wli/analysis/phaseB_ngram_hamming_full_raw_asset_shards_v1/20260530T120414Z__phaseB_ngram_hamming_full_raw_asset_shards_v1/order_3/shard_0258__3_2_1.txt/shard_manifest.json,3,2,258,1261670,3 2 1.txt,87054,87054,pass
770373,772320,72.18799999999828,output/tools/benchmarks/periodic_sub_trans/no_wli/analysis/phaseB_ngram_hamming_full_raw_asset_shards_v1/20260530T120414Z__phaseB_ngram_hamming_full_raw_asset_shards_v1/order_3/shard_0259__3_2_10.txt/shard_manifest.json,3,2,259,17413206,3 2 10.txt,731597,731597,pass
459994,461341,43.5779999999977,output/tools/benchmarks/periodic_sub_trans/no_wli/analysis/phaseB_ngram_hamming_full_raw_asset_shards_v1/20260530T120414Z__phaseB_ngram_hamming_full_raw_asset_shards_v1/order_3/shard_0260__3_2_11.txt/shard_manifest.json,3,2,260,10858047,3 2 11.txt,437490,437490,pass
246901,247994,23.92199999999866,output/tools/benchmarks/periodic_sub_trans/no_wli/analysis/phaseB_ngram_hamming_full_raw_asset_shards_v1/20260530T120414Z__phaseB_ngram_hamming_full_raw_asset_shards_v1/order_3/shard_0261__3_2_12.txt/shard_manifest.json,3,2,261,6253171,3 2 12.txt,242475,242475,pass
255830,256586,16.531999999999243,output/tools/benchmarks/periodic_sub_trans/no_wli/analysis/phaseB_ngram_hamming_full_raw_asset_shards_v1/20260530T120414Z__phaseB_ngram_hamming_full_raw_asset_shards_v1/order_3/shard_0262__3_2_2.txt/shard_manifest.json,3,2,262,4821036,3 2 2.txt,307370,307370,pass
959592,962216,63.625,output/tools/benchmarks/periodic_sub_trans/no_wli/analysis/phaseB_ngram_hamming_full_raw_asset_shards_v1/20260530T120414Z__phaseB_ngram_hamming_full_raw_asset_shards_v1/order_3/shard_0263__3_2_3.txt/shard_manifest.json,3,2,263,12329394,3 2 3.txt,735803,735803,pass
2025535,2030953,135.82900000000154,output/tools/benchmarks/periodic_sub_trans/no_wli/analysis/phaseB_ngram_hamming_full_raw_asset_shards_v1/20260530T120414Z__phaseB_ngram_hamming_full_raw_asset_shards_v1/order_3/shard_0264__3_2_4.txt/shard_manifest.json,3,2,264,24168948,3 2 4.txt,1359584,1359584,pass
2011499,2014450,151.375,output/tools/benchmarks/periodic_sub_trans/no_wli/analysis/phaseB_ngram_hamming_full_raw_asset_shards_v1/20260530T120414Z__phaseB_ngram_hamming_full_raw_asset_shards_v1/order_3/shard_0265__3_2_5.txt/shard_manifest.json,3,2,265,30680946,3 2 5.txt,1627677,1627677,pass
2033982,2036461,158.21900000000096,output/tools/benchmarks/periodic_sub_trans/no_wli/analysis/phaseB_ngram_hamming_full_raw_asset_shards_v1/20260530T120414Z__phaseB_ngram_hamming_full_raw_asset_shards_v1/order_3/shard_0266__3_2_6.txt/shard_manifest.json,3,2,266,34305973,3 2 6.txt,1732369,1732369,pass
1823945,1825642,149.39099999999962,output/tools/benchmarks/periodic_sub_trans/no_wli/analysis/phaseB_ngram_hamming_full_raw_asset_shards_v1/20260530T120414Z__phaseB_ngram_hamming_full_raw_asset_shards_v1/order_3/shard_0267__3_2_7.txt/shard_manifest.json,3,2,267,33271823,3 2 7.txt,1599418,1599418,pass
1510383,1512158,127.29599999999846,output/tools/benchmarks/periodic_sub_trans/no_wli/analysis/phaseB_ngram_hamming_full_raw_asset_shards_v1/20260530T120414Z__phaseB_ngram_hamming_full_raw_asset_shards_v1/order_3/shard_0268__3_2_8.txt/shard_manifest.json,3,2,268,29670866,3 2 8.txt,1361288,1361288,pass
1155605,1157994,103.15599999999904,output/tools/benchmarks/periodic_sub_trans/no_wli/analysis/phaseB_ngram_hamming_full_raw_asset_shards_v1/20260530T120414Z__phaseB_ngram_hamming_full_raw_asset_shards_v1/order_3/shard_0269__3_2_9.txt/shard_manifest.json,3,2,269,24659364,3 2 9.txt,1081901,1081901,pass
0,0,0.13999999999941792,output/tools/benchmarks/periodic_sub_trans/no_wli/analysis/phaseB_ngram_hamming_full_raw_asset_shards_v1/20260530T120414Z__phaseB_ngram_hamming_full_raw_asset_shards_v1/order_3/shard_0270__3_2_e.txt/shard_manifest.json,3,2,270,694732,3 2 e.txt,37625,0,pass
0,0,0.03200000000288128,output/tools/benchmarks/periodic_sub_trans/no_wli/analysis/phaseB_ngram_hamming_full_raw_asset_shards_v1/20260530T120414Z__phaseB_ngram_hamming_full_raw_asset_shards_v1/order_3/shard_0271__3_2_n3.txt/shard_manifest.json,3,2,271,82132,3 2 n3.txt,5650,0,pass
92664,92890,5.531999999999243,output/tools/benchmarks/periodic_sub_trans/no_wli/analysis/phaseB_ngram_hamming_full_raw_asset_shards_v1/20260530T120414Z__phaseB_ngram_hamming_full_raw_asset_shards_v1/order_3/shard_0272__3_3_1.txt/shard_manifest.json,3,2,272,2273832,3 3 1.txt,146509,146509,pass
998412,1001340,92.28099999999904,output/tools/benchmarks/periodic_sub_trans/no_wli/analysis/phaseB_ngram_hamming_full_raw_asset_shards_v1/20260530T120414Z__phaseB_ngram_hamming_full_raw_asset_shards_v1/order_3/shard_0273__3_3_10.txt/shard_manifest.json,3,2,273,19648768,3 3 10.txt,797685,797685,pass
576930,578119,54.93699999999808,output/tools/benchmarks/periodic_sub_trans/no_wli/analysis/phaseB_ngram_hamming_full_raw_asset_shards_v1/20260530T120414Z__phaseB_ngram_hamming_full_raw_asset_shards_v1/order_3/shard_0274__3_3_11.txt/shard_manifest.json,3,2,274,11794968,3 3 11.txt,459826,459826,pass
915843,918179,57.875,output/tools/benchmarks/periodic_sub_trans/no_wli/analysis/phaseB_ngram_hamming_full_raw_asset_shards_v1/20260530T120414Z__phaseB_ngram_hamming_full_raw_asset_shards_v1/order_3/shard_0275__3_3_2.txt/shard_manifest.json,3,2,275,11841142,3 3 2.txt,707866,707866,pass
1996062,1999582,132.11000000000058,output/tools/benchmarks/periodic_sub_trans/no_wli/analysis/phaseB_ngram_hamming_full_raw_asset_shards_v1/20260530T120414Z__phaseB_ngram_hamming_full_raw_asset_shards_v1/order_3/shard_0276__3_3_3.txt/shard_manifest.json,3,2,276,23420371,3 3 3.txt,1316910,1316910,pass
3422967,3428735,231.73400000000038,output/tools/benchmarks/periodic_sub_trans/no_wli/analysis/phaseB_ngram_hamming_full_raw_asset_shards_v1/20260530T120414Z__phaseB_ngram_hamming_full_raw_asset_shards_v1/order_3/shard_0277__3_3_4.txt/shard_manifest.json,3,2,277,38481862,3 3 4.txt,2053539,2053539,pass
3199484,3202757,241.59399999999732,output/tools/benchmarks/periodic_sub_trans/no_wli/analysis/phaseB_ngram_hamming_full_raw_asset_shards_v1/20260530T120414Z__phaseB_ngram_hamming_full_raw_asset_shards_v1/order_3/shard_0278__3_3_5.txt/shard_manifest.json,3,2,278,44085581,3 3 5.txt,2231113,2231113,pass
3069877,3072542,246.42199999999866,output/tools/benchmarks/periodic_sub_trans/no_wli/analysis/phaseB_ngram_hamming_full_raw_asset_shards_v1/20260530T120414Z__phaseB_ngram_hamming_full_raw_asset_shards_v1/order_3/shard_0279__3_3_6.txt/shard_manifest.json,3,2,279,46457754,3 3 6.txt,2245183,2245183,pass
2613206,2614788,218.0470000000023,output/tools/benchmarks/periodic_sub_trans/no_wli/analysis/phaseB_ngram_hamming_full_raw_asset_shards_v1/20260530T120414Z__phaseB_ngram_hamming_full_raw_asset_shards_v1/order_3/shard_0280__3_3_7.txt/shard_manifest.json,3,2,280,42303955,3 3 7.txt,1953279,1953279,pass
2113977,2115767,184.65599999999904,output/tools/benchmarks/periodic_sub_trans/no_wli/analysis/phaseB_ngram_hamming_full_raw_asset_shards_v1/20260530T120414Z__phaseB_ngram_hamming_full_raw_asset_shards_v1/order_3/shard_0281__3_3_8.txt/shard_manifest.json,3,2,281,36571885,3 3 8.txt,1614948,1614948,pass
1554853,1557389,141.56199999999808,output/tools/benchmarks/periodic_sub_trans/no_wli/analysis/phaseB_ngram_hamming_full_raw_asset_shards_v1/20260530T120414Z__phaseB_ngram_hamming_full_raw_asset_shards_v1/order_3/shard_0282__3_3_9.txt/shard_manifest.json,3,2,282,28900819,3 3 9.txt,1222426,1222426,pass
0,0,0.3440000000009604,output/tools/benchmarks/periodic_sub_trans/no_wli/analysis/phaseB_ngram_hamming_full_raw_asset_shards_v1/20260530T120414Z__phaseB_ngram_hamming_full_raw_asset_shards_v1/order_3/shard_0283__3_3_e.txt/shard_manifest.json,3,2,283,2184698,3 3 e.txt,112018,0,pass
0,0,0.014999999999417923,output/tools/benchmarks/periodic_sub_trans/no_wli/analysis/phaseB_ngram_hamming_full_raw_asset_shards_v1/20260530T120414Z__phaseB_ngram_hamming_full_raw_asset_shards_v1/order_3/shard_0284__3_3_n7.txt/shard_manifest.json,3,2,284,58200,3 3 n7.txt,3798,0,pass
0,0,0.125,output/tools/benchmarks/periodic_sub_trans/no_wli/analysis/phaseB_ngram_hamming_full_raw_asset_shards_v1/20260530T120414Z__phaseB_ngram_hamming_full_raw_asset_shards_v1/order_3/shard_0285__3_3_q.txt/shard_manifest.json,3,2,285,640807,3 3 q.txt,41143,0,pass
186230,186714,13.06199999999808,output/tools/benchmarks/periodic_sub_trans/no_wli/analysis/phaseB_ngram_hamming_full_raw_asset_shards_v1/20260530T120414Z__phaseB_ngram_hamming_full_raw_asset_shards_v1/order_3/shard_0286__3_4_1.txt/shard_manifest.json,3,2,286,3617673,3 4 1.txt,220092,220092,pass
1169690,1172118,113.81200000000172,output/tools/benchmarks/periodic_sub_trans/no_wli/analysis/phaseB_ngram_hamming_full_raw_asset_shards_v1/20260530T120414Z__phaseB_ngram_hamming_full_raw_asset_shards_v1/order_3/shard_0287__3_4_10.txt/shard_manifest.json,3,2,287,22675781,3 4 10.txt,885689,885689,pass
1967859,1971863,129.51599999999962,output/tools/benchmarks/periodic_sub_trans/no_wli/analysis/phaseB_ngram_hamming_full_raw_asset_shards_v1/20260530T120414Z__phaseB_ngram_hamming_full_raw_asset_shards_v1/order_3/shard_0288__3_4_2.txt/shard_manifest.json,3,2,288,22796044,3 4 2.txt,1290605,1290605,pass
3120894,3125194,218.67099999999846,output/tools/benchmarks/periodic_sub_trans/no_wli/analysis/phaseB_ngram_hamming_full_raw_asset_shards_v1/20260530T120414Z__phaseB_ngram_hamming_full_raw_asset_shards_v1/order_3/shard_0289__3_4_3.txt/shard_manifest.json,3,2,289,35665466,3 4 3.txt,1903942,1903942,pass
4354678,4359804,313.32800000000134,output/tools/benchmarks/periodic_sub_trans/no_wli/analysis/phaseB_ngram_hamming_full_raw_asset_shards_v1/20260530T120414Z__phaseB_ngram_hamming_full_raw_asset_shards_v1/order_3/shard_0290__3_4_4.txt/shard_manifest.json,3,2,290,49036700,3 4 4.txt,2495631,2495631,pass
4016481,4019738,312.2649999999994,output/tools/benchmarks/periodic_sub_trans/no_wli/analysis/phaseB_ngram_hamming_full_raw_asset_shards_v1/20260530T120414Z__phaseB_ngram_hamming_full_raw_asset_shards_v1/order_3/shard_0291__3_4_5.txt/shard_manifest.json,3,2,291,54474319,3 4 5.txt,2635151,2635151,pass
3611559,3614157,293.875,output/tools/benchmarks/periodic_sub_trans/no_wli/analysis/phaseB_ngram_hamming_full_raw_asset_shards_v1/20260530T120414Z__phaseB_ngram_hamming_full_raw_asset_shards_v1/order_3/shard_0292__3_4_6.txt/shard_manifest.json,3,2,292,53980048,3 4 6.txt,2496060,2496060,pass
3042944,3044304,260.9369999999981,output/tools/benchmarks/periodic_sub_trans/no_wli/analysis/phaseB_ngram_hamming_full_raw_asset_shards_v1/20260530T120414Z__phaseB_ngram_hamming_full_raw_asset_shards_v1/order_3/shard_0293__3_4_7.txt/shard_manifest.json,3,2,293,48576445,3 4 7.txt,2149467,2149467,pass
2431656,2433151,213.0,output/tools/benchmarks/periodic_sub_trans/no_wli/analysis/phaseB_ngram_hamming_full_raw_asset_shards_v1/20260530T120414Z__phaseB_ngram_hamming_full_raw_asset_shards_v1/order_3/shard_0294__3_4_8.txt/shard_manifest.json,3,2,294,41428366,3 4 8.txt,1756314,1756314,pass
1778524,1780662,161.07800000000134,output/tools/benchmarks/periodic_sub_trans/no_wli/analysis/phaseB_ngram_hamming_full_raw_asset_shards_v1/20260530T120414Z__phaseB_ngram_hamming_full_raw_asset_shards_v1/order_3/shard_0295__3_4_9.txt/shard_manifest.json,3,2,295,32571925,3 4 9.txt,1324392,1324392,pass
0,0,0.6100000000005821,output/tools/benchmarks/periodic_sub_trans/no_wli/analysis/phaseB_ngram_hamming_full_raw_asset_shards_v1/20260530T120414Z__phaseB_ngram_hamming_full_raw_asset_shards_v1/order_3/shard_0296__3_4_e.txt/shard_manifest.json,3,2,296,4413733,3 4 e.txt,215013,0,pass
185915,186138,12.85899999999674,output/tools/benchmarks/periodic_sub_trans/no_wli/analysis/phaseB_ngram_hamming_full_raw_asset_shards_v1/20260530T120414Z__phaseB_ngram_hamming_full_raw_asset_shards_v1/order_3/shard_0297__3_5_1.txt/shard_manifest.json,3,2,297,4366645,3 5 1.txt,250241,250241,pass
910368,911838,90.88999999999942,output/tools/benchmarks/periodic_sub_trans/no_wli/analysis/phaseB_ngram_hamming_full_raw_asset_shards_v1/20260530T120414Z__phaseB_ngram_hamming_full_raw_asset_shards_v1/order_3/shard_0298__3_5_10.txt/shard_manifest.json,3,2,298,17661680,3 5 10.txt,665343,665343,pass
520721,521741,53.01600000000326,output/tools/benchmarks/periodic_sub_trans/no_wli/analysis/phaseB_ngram_hamming_full_raw_asset_shards_v1/20260530T120414Z__phaseB_ngram_hamming_full_raw_asset_shards_v1/order_3/shard_0299__3_5_11.txt/shard_manifest.json,3,2,299,10417688,3 5 11.txt,377734,377734,pass
2049776,2052636,151.25,output/tools/benchmarks/periodic_sub_trans/no_wli/analysis/phaseB_ngram_hamming_full_raw_asset_shards_v1/20260530T120414Z__phaseB_ngram_hamming_full_raw_asset_shards_v1/order_3/shard_0300__3_5_2.txt/shard_manifest.json,3,2,300,29992935,3 5 2.txt,1603678,1603678,pass
3030678,3033509,231.01600000000326,output/tools/benchmarks/periodic_sub_trans/no_wli/analysis/phaseB_ngram_hamming_full_raw_asset_shards_v1/20260530T120414Z__phaseB_ngram_hamming_full_raw_asset_shards_v1/order_3/shard_0301__3_5_3.txt/shard_manifest.json,3,2,301,43137465,3 5 3.txt,2183928,2183928,pass
3785209,3788130,297.53199999999924,output/tools/benchmarks/periodic_sub_trans/no_wli/analysis/phaseB_ngram_hamming_full_raw_asset_shards_v1/20260530T120414Z__phaseB_ngram_hamming_full_raw_asset_shards_v1/order_3/shard_0302__3_5_4.txt/shard_manifest.json,3,2,302,50639407,3 5 4.txt,2453559,2453559,pass
3430232,3432315,290.3899999999994,output/tools/benchmarks/periodic_sub_trans/no_wli/analysis/phaseB_ngram_hamming_full_raw_asset_shards_v1/20260530T120414Z__phaseB_ngram_hamming_full_raw_asset_shards_v1/order_3/shard_0303__3_5_5.txt/shard_manifest.json,3,2,303,51655103,3 5 5.txt,2387717,2387717,pass
2962919,2964506,267.56299999999464,output/tools/benchmarks/periodic_sub_trans/no_wli/analysis/phaseB_ngram_hamming_full_raw_asset_shards_v1/20260530T120414Z__phaseB_ngram_hamming_full_raw_asset_shards_v1/order_3/shard_0304__3_5_6.txt/shard_manifest.json,3,2,304,48043017,3 5 6.txt,2126427,2126427,pass
2510776,2511797,224.5460000000021,output/tools/benchmarks/periodic_sub_trans/no_wli/analysis/phaseB_ngram_hamming_full_raw_asset_shards_v1/20260530T120414Z__phaseB_ngram_hamming_full_raw_asset_shards_v1/order_3/shard_0305__3_5_7.txt/shard_manifest.json,3,2,305,42476098,3 5 7.txt,1802588,1802588,pass
1957919,1958960,179.07800000000134,output/tools/benchmarks/periodic_sub_trans/no_wli/analysis/phaseB_ngram_hamming_full_raw_asset_shards_v1/20260530T120414Z__phaseB_ngram_hamming_full_raw_asset_shards_v1/order_3/shard_0306__3_5_8.txt/shard_manifest.json,3,2,306,34490934,3 5 8.txt,1405514,1405514,pass
1401139,1402481,132.10899999999674,output/tools/benchmarks/periodic_sub_trans/no_wli/analysis/phaseB_ngram_hamming_full_raw_asset_shards_v1/20260530T120414Z__phaseB_ngram_hamming_full_raw_asset_shards_v1/order_3/shard_0307__3_5_9.txt/shard_manifest.json,3,2,307,26300462,3 5 9.txt,1029592,1029592,pass
0,0,0.8119999999980791,output/tools/benchmarks/periodic_sub_trans/no_wli/analysis/phaseB_ngram_hamming_full_raw_asset_shards_v1/20260530T120414Z__phaseB_ngram_hamming_full_raw_asset_shards_v1/order_3/shard_0308__3_5_e.txt/shard_manifest.json,3,2,308,6257708,3 5 e.txt,289816,0,pass
177469,177683,13.234000000004016,output/tools/benchmarks/periodic_sub_trans/no_wli/analysis/phaseB_ngram_hamming_full_raw_asset_shards_v1/20260530T120414Z__phaseB_ngram_hamming_full_raw_asset_shards_v1/order_3/shard_0309__3_6_1.txt/shard_manifest.json,3,2,309,4585522,3 6 1.txt,249285,249285,pass
563341,564484,59.875,output/tools/benchmarks/periodic_sub_trans/no_wli/analysis/phaseB_ngram_hamming_full_raw_asset_shards_v1/20260530T120414Z__phaseB_ngram_hamming_full_raw_asset_shards_v1/order_3/shard_0310__3_6_11.txt/shard_manifest.json,3,2,310,11863425,3 6 11.txt,414765,414765,pass
149345,149814,16.031000000002678,output/tools/benchmarks/periodic_sub_trans/no_wli/analysis/phaseB_ngram_hamming_full_raw_asset_shards_v1/20260530T120414Z__phaseB_ngram_hamming_full_raw_asset_shards_v1/order_3/shard_0311__3_6_13.txt/shard_manifest.json,3,2,311,3313627,3 6 13.txt,108199,108199,pass
2027564,2030043,160.29699999999866,output/tools/benchmarks/periodic_sub_trans/no_wli/analysis/phaseB_ngram_hamming_full_raw_asset_shards_v1/20260530T120414Z__phaseB_ngram_hamming_full_raw_asset_shards_v1/order_3/shard_0312__3_6_2.txt/shard_manifest.json,3,2,312,33153120,3 6 2.txt,1687859,1687859,pass
2857637,2860366,229.90600000000268,output/tools/benchmarks/periodic_sub_trans/no_wli/analysis/phaseB_ngram_hamming_full_raw_asset_shards_v1/20260530T120414Z__phaseB_ngram_hamming_full_raw_asset_shards_v1/order_3/shard_0313__3_6_3.txt/shard_manifest.json,3,2,313,45396043,3 6 3.txt,2193794,2193794,pass
3440494,3442945,279.9369999999981,output/tools/benchmarks/periodic_sub_trans/no_wli/analysis/phaseB_ngram_hamming_full_raw_asset_shards_v1/20260530T120414Z__phaseB_ngram_hamming_full_raw_asset_shards_v1/order_3/shard_0314__3_6_4.txt/shard_manifest.json,3,2,314,50468591,3 6 4.txt,2337709,2337709,pass
3164125,3165919,274.7649999999994,output/tools/benchmarks/periodic_sub_trans/no_wli/analysis/phaseB_ngram_hamming_full_raw_asset_shards_v1/20260530T120414Z__phaseB_ngram_hamming_full_raw_asset_shards_v1/order_3/shard_0315__3_6_5.txt/shard_manifest.json,3,2,315,51143421,3 6 5.txt,2263027,2263027,pass
2798683,2800029,248.8440000000046,output/tools/benchmarks/periodic_sub_trans/no_wli/analysis/phaseB_ngram_hamming_full_raw_asset_shards_v1/20260530T120414Z__phaseB_ngram_hamming_full_raw_asset_shards_v1/order_3/shard_0316__3_6_6.txt/shard_manifest.json,3,2,316,48233569,3 6 6.txt,2046231,2046231,pass
2453183,2454040,225.0,output/tools/benchmarks/periodic_sub_trans/no_wli/analysis/phaseB_ngram_hamming_full_raw_asset_shards_v1/20260530T120414Z__phaseB_ngram_hamming_full_raw_asset_shards_v1/order_3/shard_0317__3_6_7.txt/shard_manifest.json,3,2,317,43800923,3 6 7.txt,1783841,1783841,pass
1987469,1988323,187.89100000000326,output/tools/benchmarks/periodic_sub_trans/no_wli/analysis/phaseB_ngram_hamming_full_raw_asset_shards_v1/20260530T120414Z__phaseB_ngram_hamming_full_raw_asset_shards_v1/order_3/shard_0318__3_6_8.txt/shard_manifest.json,3,2,318,36883640,3 6 8.txt,1444211,1444211,pass
1454133,1455661,144.09399999999732,output/tools/benchmarks/periodic_sub_trans/no_wli/analysis/phaseB_ngram_hamming_full_raw_asset_shards_v1/20260530T120414Z__phaseB_ngram_hamming_full_raw_asset_shards_v1/order_3/shard_0319__3_6_9.txt/shard_manifest.json,3,2,319,28822336,3 6 9.txt,1085173,1085173,pass
0,0,0.8899999999994179,output/tools/benchmarks/periodic_sub_trans/no_wli/analysis/phaseB_ngram_hamming_full_raw_asset_shards_v1/20260530T120414Z__phaseB_ngram_hamming_full_raw_asset_shards_v1/order_3/shard_0320__3_6_e.txt/shard_manifest.json,3,2,320,7093030,3 6 e.txt,314669,0,pass
0,0,0.2649999999994179,output/tools/benchmarks/periodic_sub_trans/no_wli/analysis/phaseB_ngram_hamming_full_raw_asset_shards_v1/20260530T120414Z__phaseB_ngram_hamming_full_raw_asset_shards_v1/order_3/shard_0321__3_6_q.txt/shard_manifest.json,3,2,321,1686273,3 6 q.txt,91305,0,pass
156177,156323,12.344000000004598,output/tools/benchmarks/periodic_sub_trans/no_wli/analysis/phaseB_ngram_hamming_full_raw_asset_shards_v1/20260530T120414Z__phaseB_ngram_hamming_full_raw_asset_shards_v1/order_3/shard_0322__3_7_1.txt/shard_manifest.json,3,2,322,3952121,3 7 1.txt,203974,203974,pass
532887,534218,57.812999999994645,output/tools/benchmarks/periodic_sub_trans/no_wli/analysis/phaseB_ngram_hamming_full_raw_asset_shards_v1/20260530T120414Z__phaseB_ngram_hamming_full_raw_asset_shards_v1/order_3/shard_0323__3_7_11.txt/shard_manifest.json,3,2,323,11443789,3 7 11.txt,386982,386982,pass
305256,306757,33.765999999995984,output/tools/benchmarks/periodic_sub_trans/no_wli/analysis/phaseB_ngram_hamming_full_raw_asset_shards_v1/20260530T120414Z__phaseB_ngram_hamming_full_raw_asset_shards_v1/order_3/shard_0324__3_7_12.txt/shard_manifest.json,3,2,324,6794333,3 7 12.txt,222300,222300,pass
1827364,1828655,150.18800000000192,output/tools/benchmarks/periodic_sub_trans/no_wli/analysis/phaseB_ngram_hamming_full_raw_asset_shards_v1/20260530T120414Z__phaseB_ngram_hamming_full_raw_asset_shards_v1/order_3/shard_0325__3_7_2.txt/shard_manifest.json,3,2,325,32341757,3 7 2.txt,1569697,1569697,pass
2473507,2475044,218.71800000000076,output/tools/benchmarks/periodic_sub_trans/no_wli/analysis/phaseB_ngram_hamming_full_raw_asset_shards_v1/20260530T120414Z__phaseB_ngram_hamming_full_raw_asset_shards_v1/order_3/shard_0326__3_7_3.txt/shard_manifest.json,3,2,326,42409974,3 7 3.txt,1958799,1958799,pass
2880370,2882053,244.48400000000402,output/tools/benchmarks/periodic_sub_trans/no_wli/analysis/phaseB_ngram_hamming_full_raw_asset_shards_v1/20260530T120414Z__phaseB_ngram_hamming_full_raw_asset_shards_v1/order_3/shard_0327__3_7_4.txt/shard_manifest.json,3,2,327,44828600,3 7 4.txt,1988437,1988437,pass
2672679,2674066,238.9690000000046,output/tools/benchmarks/periodic_sub_trans/no_wli/analysis/phaseB_ngram_hamming_full_raw_asset_shards_v1/20260530T120414Z__phaseB_ngram_hamming_full_raw_asset_shards_v1/order_3/shard_0328__3_7_5.txt/shard_manifest.json,3,2,328,44680164,3 7 5.txt,1897848,1897848,pass
2407075,2408319,218.17199999999866,output/tools/benchmarks/periodic_sub_trans/no_wli/analysis/phaseB_ngram_hamming_full_raw_asset_shards_v1/20260530T120414Z__phaseB_ngram_hamming_full_raw_asset_shards_v1/order_3/shard_0329__3_7_6.txt/shard_manifest.json,3,2,329,42394513,3 7 6.txt,1728682,1728682,pass
2191605,2192498,205.375,output/tools/benchmarks/periodic_sub_trans/no_wli/analysis/phaseB_ngram_hamming_full_raw_asset_shards_v1/20260530T120414Z__phaseB_ngram_hamming_full_raw_asset_shards_v1/order_3/shard_0330__3_7_7.txt/shard_manifest.json,3,2,330,40014226,3 7 7.txt,1568110,1568110,pass
0,0,0.9060000000026776,output/tools/benchmarks/periodic_sub_trans/no_wli/analysis/phaseB_ngram_hamming_full_raw_asset_shards_v1/20260530T120414Z__phaseB_ngram_hamming_full_raw_asset_shards_v1/order_3/shard_0331__3_7_e.txt/shard_manifest.json,3,2,331,7062027,3 7 e.txt,300415,0,pass
123667,123852,10.437999999994645,output/tools/benchmarks/periodic_sub_trans/no_wli/analysis/phaseB_ngram_hamming_full_raw_asset_shards_v1/20260530T120414Z__phaseB_ngram_hamming_full_raw_asset_shards_v1/order_3/shard_0332__3_8_1.txt/shard_manifest.json,3,2,332,3145893,3 8 1.txt,154388,154388,pass
465974,467048,52.42200000000594,output/tools/benchmarks/periodic_sub_trans/no_wli/analysis/phaseB_ngram_hamming_full_raw_asset_shards_v1/20260530T120414Z__phaseB_ngram_hamming_full_raw_asset_shards_v1/order_3/shard_0333__3_8_11.txt/shard_manifest.json,3,2,333,10576759,3 8 11.txt,346399,346399,pass
1509879,1511411,130.36000000000058,output/tools/benchmarks/periodic_sub_trans/no_wli/analysis/phaseB_ngram_hamming_full_raw_asset_shards_v1/20260530T120414Z__phaseB_ngram_hamming_full_raw_asset_shards_v1/order_3/shard_0334__3_8_2.txt/shard_manifest.json,3,2,334,28690201,3 8 2.txt,1329149,1329149,pass
1985153,1986840,174.4059999999954,output/tools/benchmarks/periodic_sub_trans/no_wli/analysis/phaseB_ngram_hamming_full_raw_asset_shards_v1/20260530T120414Z__phaseB_ngram_hamming_full_raw_asset_shards_v1/order_3/shard_0335__3_8_3.txt/shard_manifest.json,3,2,335,36522589,3 8 3.txt,1612949,1612949,pass
2297583,2299300,207.07799999999406,output/tools/benchmarks/periodic_sub_trans/no_wli/analysis/phaseB_ngram_hamming_full_raw_asset_shards_v1/20260530T120414Z__phaseB_ngram_hamming_full_raw_asset_shards_v1/order_3/shard_0336__3_8_4.txt/shard_manifest.json,3,2,336,38004295,3 8 4.txt,1615475,1615475,pass
2187253,2188718,200.20299999999406,output/tools/benchmarks/periodic_sub_trans/no_wli/analysis/phaseB_ngram_hamming_full_raw_asset_shards_v1/20260530T120414Z__phaseB_ngram_hamming_full_raw_asset_shards_v1/order_3/shard_0337__3_8_5.txt/shard_manifest.json,3,2,337,38553155,3 8 5.txt,1572363,1572363,pass
1987157,1988479,189.85900000000402,output/tools/benchmarks/periodic_sub_trans/no_wli/analysis/phaseB_ngram_hamming_full_raw_asset_shards_v1/20260530T120414Z__phaseB_ngram_hamming_full_raw_asset_shards_v1/order_3/shard_0338__3_8_6.txt/shard_manifest.json,3,2,338,36719432,3 8 6.txt,1439777,1439777,pass
1566264,1567132,156.21899999999732,output/tools/benchmarks/periodic_sub_trans/no_wli/analysis/phaseB_ngram_hamming_full_raw_asset_shards_v1/20260530T120414Z__phaseB_ngram_hamming_full_raw_asset_shards_v1/order_3/shard_0339__3_8_8.txt/shard_manifest.json,3,2,339,31208961,3 8 8.txt,1136070,1136070,pass
0,0,0.7649999999994179,output/tools/benchmarks/periodic_sub_trans/no_wli/analysis/phaseB_ngram_hamming_full_raw_asset_shards_v1/20260530T120414Z__phaseB_ngram_hamming_full_raw_asset_shards_v1/order_3/shard_0340__3_8_e.txt/shard_manifest.json,3,2,340,6459222,3 8 e.txt,263412,0,pass
586467,588163,67.48399999999674,output/tools/benchmarks/periodic_sub_trans/no_wli/analysis/phaseB_ngram_hamming_full_raw_asset_shards_v1/20260530T120414Z__phaseB_ngram_hamming_full_raw_asset_shards_v1/order_3/shard_0341__3_9_10.txt/shard_manifest.json,3,2,341,13750280,3 9 10.txt,450770,450770,pass
1140826,1143082,102.4690000000046,output/tools/benchmarks/periodic_sub_trans/no_wli/analysis/phaseB_ngram_hamming_full_raw_asset_shards_v1/20260530T120414Z__phaseB_ngram_hamming_full_raw_asset_shards_v1/order_3/shard_0342__3_9_2.txt/shard_manifest.json,3,2,342,23436907,3 9 2.txt,1038680,1038680,pass
1484084,1486564,134.95300000000134,output/tools/benchmarks/periodic_sub_trans/no_wli/analysis/phaseB_ngram_hamming_full_raw_asset_shards_v1/20260530T120414Z__phaseB_ngram_hamming_full_raw_asset_shards_v1/order_3/shard_0343__3_9_3.txt/shard_manifest.json,3,2,343,29313876,3 9 3.txt,1240418,1240418,pass
1667138,1668978,152.0,output/tools/benchmarks/periodic_sub_trans/no_wli/analysis/phaseB_ngram_hamming_full_raw_asset_shards_v1/20260530T120414Z__phaseB_ngram_hamming_full_raw_asset_shards_v1/order_3/shard_0344__3_9_4.txt/shard_manifest.json,3,2,344,29343256,3 9 4.txt,1197040,1197040,pass
1594847,1596455,191.79699999999866,output/tools/benchmarks/periodic_sub_trans/no_wli/analysis/phaseB_ngram_hamming_full_raw_asset_shards_v1/20260530T120414Z__phaseB_ngram_hamming_full_raw_asset_shards_v1/order_3/shard_0345__3_9_5.txt/shard_manifest.json,3,2,345,29910033,3 9 5.txt,1172007,1172007,pass
1451282,1452824,145.07800000000134,output/tools/benchmarks/periodic_sub_trans/no_wli/analysis/phaseB_ngram_hamming_full_raw_asset_shards_v1/20260530T120414Z__phaseB_ngram_hamming_full_raw_asset_shards_v1/order_3/shard_0346__3_9_6.txt/shard_manifest.json,3,2,346,28513713,3 9 6.txt,1075635,1075635,pass
1358798,1360079,140.04699999999866,output/tools/benchmarks/periodic_sub_trans/no_wli/analysis/phaseB_ngram_hamming_full_raw_asset_shards_v1/20260530T120414Z__phaseB_ngram_hamming_full_raw_asset_shards_v1/order_3/shard_0347__3_9_7.txt/shard_manifest.json,3,2,347,27771415,3 9 7.txt,1009486,1009486,pass
1144390,1145485,120.31199999999808,output/tools/benchmarks/periodic_sub_trans/no_wli/analysis/phaseB_ngram_hamming_full_raw_asset_shards_v1/20260530T120414Z__phaseB_ngram_hamming_full_raw_asset_shards_v1/order_3/shard_0348__3_9_8.txt/shard_manifest.json,3,2,348,24272012,3 9 8.txt,852154,852154,pass
851807,853172,91.14099999999598,output/tools/benchmarks/periodic_sub_trans/no_wli/analysis/phaseB_ngram_hamming_full_raw_asset_shards_v1/20260530T120414Z__phaseB_ngram_hamming_full_raw_asset_shards_v1/order_3/shard_0349__3_9_9.txt/shard_manifest.json,3,2,349,19360913,3 9 9.txt,656500,656500,pass
0,0,0.6100000000005821,output/tools/benchmarks/periodic_sub_trans/no_wli/analysis/phaseB_ngram_hamming_full_raw_asset_shards_v1/20260530T120414Z__phaseB_ngram_hamming_full_raw_asset_shards_v1/order_3/shard_0350__3_9_e.txt/shard_manifest.json,3,2,350,5470409,3 9 e.txt,214219,0,pass
0,0,0.18699999999807915,output/tools/benchmarks/periodic_sub_trans/no_wli/analysis/phaseB_ngram_hamming_full_raw_asset_shards_v1/20260530T120414Z__phaseB_ngram_hamming_full_raw_asset_shards_v1/order_3/shard_0351__3_9_q.txt/shard_manifest.json,3,2,351,1153173,3 9 q.txt,53823,0,pass
0,0,0.01600000000325963,output/tools/benchmarks/periodic_sub_trans/no_wli/analysis/phaseB_ngram_hamming_full_raw_asset_shards_v1/20260530T120414Z__phaseB_ngram_hamming_full_raw_asset_shards_v1/order_3/shard_0352__3_n7_1.txt/shard_manifest.json,3,2,352,11616,3 n7 1.txt,878,0,pass
0,0,0.07800000000133878,output/tools/benchmarks/periodic_sub_trans/no_wli/analysis/phaseB_ngram_hamming_full_raw_asset_shards_v1/20260530T120414Z__phaseB_ngram_hamming_full_raw_asset_shards_v1/order_3/shard_0353__3_q_2.txt/shard_manifest.json,3,2,353,434092,3 q 2.txt,29763,0,pass
0,0,0.01600000000325963,output/tools/benchmarks/periodic_sub_trans/no_wli/analysis/phaseB_ngram_hamming_full_raw_asset_shards_v1/20260530T120414Z__phaseB_ngram_hamming_full_raw_asset_shards_v1/order_3/shard_0354__3a1_7_3.txt/shard_manifest.json,3,2,354,7888,3a1 7 3.txt,340,0,pass
39675,39765,2.7339999999967404,output/tools/benchmarks/periodic_sub_trans/no_wli/analysis/phaseB_ngram_hamming_full_raw_asset_shards_v1/20260530T120414Z__phaseB_ngram_hamming_full_raw_asset_shards_v1/order_3/shard_0355__4_1_2.txt/shard_manifest.json,3,2,355,1607792,4 1 2.txt,104977,104977,pass
589367,591419,40.75,output/tools/benchmarks/periodic_sub_trans/no_wli/analysis/phaseB_ngram_hamming_full_raw_asset_shards_v1/20260530T120414Z__phaseB_ngram_hamming_full_raw_asset_shards_v1/order_3/shard_0356__4_1_4.txt/shard_manifest.json,3,2,356,7198846,4 1 4.txt,414269,414269,pass
497735,498782,38.125,output/tools/benchmarks/periodic_sub_trans/no_wli/analysis/phaseB_ngram_hamming_full_raw_asset_shards_v1/20260530T120414Z__phaseB_ngram_hamming_full_raw_asset_shards_v1/order_3/shard_0357__4_1_5.txt/shard_manifest.json,3,2,357,8112292,4 1 5.txt,440750,440750,pass
488477,489060,38.96899999999732,output/tools/benchmarks/periodic_sub_trans/no_wli/analysis/phaseB_ngram_hamming_full_raw_asset_shards_v1/20260530T120414Z__phaseB_ngram_hamming_full_raw_asset_shards_v1/order_3/shard_0358__4_1_6.txt/shard_manifest.json,3,2,358,8783860,4 1 6.txt,454331,454331,pass
385816,386227,31.98399999999674,output/tools/benchmarks/periodic_sub_trans/no_wli/analysis/phaseB_ngram_hamming_full_raw_asset_shards_v1/20260530T120414Z__phaseB_ngram_hamming_full_raw_asset_shards_v1/order_3/shard_0359__4_1_7.txt/shard_manifest.json,3,2,359,7437832,4 1 7.txt,366172,366172,pass
64801,64942,6.014999999999418,output/tools/benchmarks/periodic_sub_trans/no_wli/analysis/phaseB_ngram_hamming_full_raw_asset_shards_v1/20260530T120414Z__phaseB_ngram_hamming_full_raw_asset_shards_v1/order_3/shard_0360__4_10_1.txt/shard_manifest.json,3,2,360,1287478,4 10 1.txt,55329,55329,pass
1143596,1146946,108.2809999999954,output/tools/benchmarks/periodic_sub_trans/no_wli/analysis/phaseB_ngram_hamming_full_raw_asset_shards_v1/20260530T120414Z__phaseB_ngram_hamming_full_raw_asset_shards_v1/order_3/shard_0361__4_10_2.txt/shard_manifest.json,3,2,361,21447400,4 10 2.txt,876822,876822,pass
1107318,1109858,106.92199999999866,output/tools/benchmarks/periodic_sub_trans/no_wli/analysis/phaseB_ngram_hamming_full_raw_asset_shards_v1/20260530T120414Z__phaseB_ngram_hamming_full_raw_asset_shards_v1/order_3/shard_0362__4_10_3.txt/shard_manifest.json,3,2,362,21102779,4 10 3.txt,825495,825495,pass
0,0,0.0,output/tools/benchmarks/periodic_sub_trans/no_wli/analysis/phaseB_ngram_hamming_full_raw_asset_shards_v1/20260530T120414Z__phaseB_ngram_hamming_full_raw_asset_shards_v1/order_3/shard_0363__4_10_3a1.txt/shard_manifest.json,3,2,363,2042,4 10 3a1.txt,75,0,pass
893245,894572,88.45299999999406,output/tools/benchmarks/periodic_sub_trans/no_wli/analysis/phaseB_ngram_hamming_full_raw_asset_shards_v1/20260530T120414Z__phaseB_ngram_hamming_full_raw_asset_shards_v1/order_3/shard_0364__4_10_4.txt/shard_manifest.json,3,2,364,15764593,4 10 4.txt,595553,595553,pass
806917,808180,82.93699999999808,output/tools/benchmarks/periodic_sub_trans/no_wli/analysis/phaseB_ngram_hamming_full_raw_asset_shards_v1/20260530T120414Z__phaseB_ngram_hamming_full_raw_asset_shards_v1/order_3/shard_0365__4_10_5.txt/shard_manifest.json,3,2,365,14850618,4 10 5.txt,540644,540644,pass
684557,685573,71.25,output/tools/benchmarks/periodic_sub_trans/no_wli/analysis/phaseB_ngram_hamming_full_raw_asset_shards_v1/20260530T120414Z__phaseB_ngram_hamming_full_raw_asset_shards_v1/order_3/shard_0366__4_10_6.txt/shard_manifest.json,3,2,366,13230135,4 10 6.txt,464554,464554,pass
668738,669701,73.01499999999942,output/tools/benchmarks/periodic_sub_trans/no_wli/analysis/phaseB_ngram_hamming_full_raw_asset_shards_v1/20260530T120414Z__phaseB_ngram_hamming_full_raw_asset_shards_v1/order_3/shard_0367__4_10_7.txt/shard_manifest.json,3,2,367,13481976,4 10 7.txt,457222,457222,pass
545077,545799,61.34300000000076,output/tools/benchmarks/periodic_sub_trans/no_wli/analysis/phaseB_ngram_hamming_full_raw_asset_shards_v1/20260530T120414Z__phaseB_ngram_hamming_full_raw_asset_shards_v1/order_3/shard_0368__4_10_8.txt/shard_manifest.json,3,2,368,11356233,4 10 8.txt,373052,373052,pass
0,0,1.0939999999973224,output/tools/benchmarks/periodic_sub_trans/no_wli/analysis/phaseB_ngram_hamming_full_raw_asset_shards_v1/20260530T120414Z__phaseB_ngram_hamming_full_raw_asset_shards_v1/order_3/shard_0369__4_10_c.txt/shard_manifest.json,3,2,369,8716483,4 10 c.txt,373491,0,pass
678308,679960,64.78100000000268,output/tools/benchmarks/periodic_sub_trans/no_wli/analysis/phaseB_ngram_hamming_full_raw_asset_shards_v1/20260530T120414Z__phaseB_ngram_hamming_full_raw_asset_shards_v1/order_3/shard_0370__4_11_2.txt/shard_manifest.json,3,2,370,13002870,4 11 2.txt,510160,510160,pass
0,0,0.01600000000325963,output/tools/benchmarks/periodic_sub_trans/no_wli/analysis/phaseB_ngram_hamming_full_raw_asset_shards_v1/20260530T120414Z__phaseB_ngram_hamming_full_raw_asset_shards_v1/order_3/shard_0371__4_11_2a1.txt/shard_manifest.json,3,2,371,108,4 11 2a1.txt,4,0,pass
510588,511274,51.42199999999866,output/tools/benchmarks/periodic_sub_trans/no_wli/analysis/phaseB_ngram_hamming_full_raw_asset_shards_v1/20260530T120414Z__phaseB_ngram_hamming_full_raw_asset_shards_v1/order_3/shard_0372__4_11_4.txt/shard_manifest.json,3,2,372,9214282,4 11 4.txt,334893,334893,pass
311478,311809,35.18800000000192,output/tools/benchmarks/periodic_sub_trans/no_wli/analysis/phaseB_ngram_hamming_full_raw_asset_shards_v1/20260530T120414Z__phaseB_ngram_hamming_full_raw_asset_shards_v1/order_3/shard_0373__4_11_8.txt/shard_manifest.json,3,2,373,6661977,4 11 8.txt,211691,211691,pass
366704,368708,35.92200000000594,output/tools/benchmarks/periodic_sub_trans/no_wli/analysis/phaseB_ngram_hamming_full_raw_asset_shards_v1/20260530T120414Z__phaseB_ngram_hamming_full_raw_asset_shards_v1/order_3/shard_0374__4_12_2.txt/shard_manifest.json,3,2,374,7349153,4 12 2.txt,277657,277657,pass
40815,40866,4.235000000000582,output/tools/benchmarks/periodic_sub_trans/no_wli/analysis/phaseB_ngram_hamming_full_raw_asset_shards_v1/20260530T120414Z__phaseB_ngram_hamming_full_raw_asset_shards_v1/order_3/shard_0375__4_14_4.txt/shard_manifest.json,3,2,375,808464,4 14 4.txt,26545,26545,pass
87074,87426,5.890999999995984,output/tools/benchmarks/periodic_sub_trans/no_wli/analysis/phaseB_ngram_hamming_full_raw_asset_shards_v1/20260530T120414Z__phaseB_ngram_hamming_full_raw_asset_shards_v1/order_3/shard_0376__4_2_1.txt/shard_manifest.json,3,2,376,2610698,4 2 1.txt,169205,169205,pass
869724,872030,84.73399999999674,output/tools/benchmarks/periodic_sub_trans/no_wli/analysis/phaseB_ngram_hamming_full_raw_asset_shards_v1/20260530T120414Z__phaseB_ngram_hamming_full_raw_asset_shards_v1/order_3/shard_0377__4_2_11.txt/shard_manifest.json,3,2,377,18155942,4 2 11.txt,709388,709388,pass
669089,671095,44.0,output/tools/benchmarks/periodic_sub_trans/no_wli/analysis/phaseB_ngram_hamming_full_raw_asset_shards_v1/20260530T120414Z__phaseB_ngram_hamming_full_raw_asset_shards_v1/order_3/shard_0378__4_2_2.txt/shard_manifest.json,3,2,378,10039576,4 2 2.txt,603413,603413,pass
2231304,2236830,151.03199999999924,output/tools/benchmarks/periodic_sub_trans/no_wli/analysis/phaseB_ngram_hamming_full_raw_asset_shards_v1/20260530T120414Z__phaseB_ngram_hamming_full_raw_asset_shards_v1/order_3/shard_0379__4_2_3.txt/shard_manifest.json,3,2,379,25783518,4 2 3.txt,1459760,1459760,pass
4462884,4473943,309.39100000000326,output/tools/benchmarks/periodic_sub_trans/no_wli/analysis/phaseB_ngram_hamming_full_raw_asset_shards_v1/20260530T120414Z__phaseB_ngram_hamming_full_raw_asset_shards_v1/order_3/shard_0380__4_2_4.txt/shard_manifest.json,3,2,380,50719118,4 2 4.txt,2721764,2721764,pass
4282951,4289310,330.04699999999866,output/tools/benchmarks/periodic_sub_trans/no_wli/analysis/phaseB_ngram_hamming_full_raw_asset_shards_v1/20260530T120414Z__phaseB_ngram_hamming_full_raw_asset_shards_v1/order_3/shard_0381__4_2_5.txt/shard_manifest.json,3,2,381,60614779,4 2 5.txt,3080653,3080653,pass
4186428,4191528,336.60899999999674,output/tools/benchmarks/periodic_sub_trans/no_wli/analysis/phaseB_ngram_hamming_full_raw_asset_shards_v1/20260530T120414Z__phaseB_ngram_hamming_full_raw_asset_shards_v1/order_3/shard_0382__4_2_6.txt/shard_manifest.json,3,2,382,65254510,4 2 6.txt,3166815,3166815,pass
3694976,3698501,308.82799999999406,output/tools/benchmarks/periodic_sub_trans/no_wli/analysis/phaseB_ngram_hamming_full_raw_asset_shards_v1/20260530T120414Z__phaseB_ngram_hamming_full_raw_asset_shards_v1/order_3/shard_0383__4_2_7.txt/shard_manifest.json,3,2,383,61572100,4 2 7.txt,2851454,2851454,pass
3002244,3005935,259.18799999999464,output/tools/benchmarks/periodic_sub_trans/no_wli/analysis/phaseB_ngram_hamming_full_raw_asset_shards_v1/20260530T120414Z__phaseB_ngram_hamming_full_raw_asset_shards_v1/order_3/shard_0384__4_2_8.txt/shard_manifest.json,3,2,384,53533361,4 2 8.txt,2371453,2371453,pass
2269882,2274108,204.9210000000021,output/tools/benchmarks/periodic_sub_trans/no_wli/analysis/phaseB_ngram_hamming_full_raw_asset_shards_v1/20260530T120414Z__phaseB_ngram_hamming_full_raw_asset_shards_v1/order_3/shard_0385__4_2_9.txt/shard_manifest.json,3,2,385,43808302,4 2 9.txt,1858584,1858584,pass
0,0,0.21899999999732245,output/tools/benchmarks/periodic_sub_trans/no_wli/analysis/phaseB_ngram_hamming_full_raw_asset_shards_v1/20260530T120414Z__phaseB_ngram_hamming_full_raw_asset_shards_v1/order_3/shard_0386__4_2_e.txt/shard_manifest.json,3,2,386,1310066,4 2 e.txt,67581,0,pass
192747,193263,11.875,output/tools/benchmarks/periodic_sub_trans/no_wli/analysis/phaseB_ngram_hamming_full_raw_asset_shards_v1/20260530T120414Z__phaseB_ngram_hamming_full_raw_asset_shards_v1/order_3/shard_0387__4_3_1.txt/shard_manifest.json,3,2,387,3667048,4 3 1.txt,222742,222742,pass
1409824,1413705,133.98500000000058,output/tools/benchmarks/periodic_sub_trans/no_wli/analysis/phaseB_ngram_hamming_full_raw_asset_shards_v1/20260530T120414Z__phaseB_ngram_hamming_full_raw_asset_shards_v1/order_3/shard_0388__4_3_10.txt/shard_manifest.json,3,2,388,25644006,4 3 10.txt,1006343,1006343,pass
792101,793450,76.48500000000058,output/tools/benchmarks/periodic_sub_trans/no_wli/analysis/phaseB_ngram_hamming_full_raw_asset_shards_v1/20260530T120414Z__phaseB_ngram_hamming_full_raw_asset_shards_v1/order_3/shard_0389__4_3_11.txt/shard_manifest.json,3,2,389,14832640,4 3 11.txt,559396,559396,pass
424028,425354,41.06300000000192,output/tools/benchmarks/periodic_sub_trans/no_wli/analysis/phaseB_ngram_hamming_full_raw_asset_shards_v1/20260530T120414Z__phaseB_ngram_hamming_full_raw_asset_shards_v1/order_3/shard_0390__4_3_12.txt/shard_manifest.json,3,2,390,8305630,4 3 12.txt,302109,302109,pass
1853095,1857351,122.29699999999866,output/tools/benchmarks/periodic_sub_trans/no_wli/analysis/phaseB_ngram_hamming_full_raw_asset_shards_v1/20260530T120414Z__phaseB_ngram_hamming_full_raw_asset_shards_v1/order_3/shard_0391__4_3_2.txt/shard_manifest.json,3,2,391,21857448,4 3 2.txt,1237069,1237069,pass
3458065,3463933,240.1710000000021,output/tools/benchmarks/periodic_sub_trans/no_wli/analysis/phaseB_ngram_hamming_full_raw_asset_shards_v1/20260530T120414Z__phaseB_ngram_hamming_full_raw_asset_shards_v1/order_3/shard_0392__4_3_3.txt/shard_manifest.json,3,2,392,39188318,4 3 3.txt,2095476,2095476,pass
5563494,5572262,394.6560000000027,output/tools/benchmarks/periodic_sub_trans/no_wli/analysis/phaseB_ngram_hamming_full_raw_asset_shards_v1/20260530T120414Z__phaseB_ngram_hamming_full_raw_asset_shards_v1/order_3/shard_0393__4_3_4.txt/shard_manifest.json,3,2,393,63113932,4 3 4.txt,3218137,3218137,pass
4913562,4918885,383.515999999996,output/tools/benchmarks/periodic_sub_trans/no_wli/analysis/phaseB_ngram_hamming_full_raw_asset_shards_v1/20260530T120414Z__phaseB_ngram_hamming_full_raw_asset_shards_v1/order_3/shard_0394__4_3_5.txt/shard_manifest.json,3,2,394,66271086,4 3 5.txt,3213139,3213139,pass
4595365,4599583,373.76600000000326,output/tools/benchmarks/periodic_sub_trans/no_wli/analysis/phaseB_ngram_hamming_full_raw_asset_shards_v1/20260530T120414Z__phaseB_ngram_hamming_full_raw_asset_shards_v1/order_3/shard_0395__4_3_6.txt/shard_manifest.json,3,2,395,67285766,4 3 6.txt,3123459,3123459,pass
3830996,3834222,321.15699999999924,output/tools/benchmarks/periodic_sub_trans/no_wli/analysis/phaseB_ngram_hamming_full_raw_asset_shards_v1/20260530T120414Z__phaseB_ngram_hamming_full_raw_asset_shards_v1/order_3/shard_0396__4_3_7.txt/shard_manifest.json,3,2,396,59387403,4 3 7.txt,2639274,2639274,pass
3112541,3115835,270.17199999999866,output/tools/benchmarks/periodic_sub_trans/no_wli/analysis/phaseB_ngram_hamming_full_raw_asset_shards_v1/20260530T120414Z__phaseB_ngram_hamming_full_raw_asset_shards_v1/order_3/shard_0397__4_3_8.txt/shard_manifest.json,3,2,397,50954278,4 3 8.txt,2170277,2170277,pass
2250301,2253426,208.75,output/tools/benchmarks/periodic_sub_trans/no_wli/analysis/phaseB_ngram_hamming_full_raw_asset_shards_v1/20260530T120414Z__phaseB_ngram_hamming_full_raw_asset_shards_v1/order_3/shard_0398__4_3_9.txt/shard_manifest.json,3,2,398,39367527,4 3 9.txt,1608552,1608552,pass
0,0,0.6089999999967404,output/tools/benchmarks/periodic_sub_trans/no_wli/analysis/phaseB_ngram_hamming_full_raw_asset_shards_v1/20260530T120414Z__phaseB_ngram_hamming_full_raw_asset_shards_v1/order_3/shard_0399__4_3_e.txt/shard_manifest.json,3,2,399,3835694,4 3 e.txt,187746,0,pass
328043,328731,21.10899999999674,output/tools/benchmarks/periodic_sub_trans/no_wli/analysis/phaseB_ngram_hamming_full_raw_asset_shards_v1/20260530T120414Z__phaseB_ngram_hamming_full_raw_asset_shards_v1/order_3/shard_0400__4_4_1.txt/shard_manifest.json,3,2,400,4790309,4 4 1.txt,276266,276266,pass
996380,998083,98.95300000000134,output/tools/benchmarks/periodic_sub_trans/no_wli/analysis/phaseB_ngram_hamming_full_raw_asset_shards_v1/20260530T120414Z__phaseB_ngram_hamming_full_raw_asset_shards_v1/order_3/shard_0401__4_4_10.txt/shard_manifest.json,3,2,401,18066979,4 4 10.txt,681980,681980,pass
574265,574997,57.96899999999732,output/tools/benchmarks/periodic_sub_trans/no_wli/analysis/phaseB_ngram_hamming_full_raw_asset_shards_v1/20260530T120414Z__phaseB_ngram_hamming_full_raw_asset_shards_v1/order_3/shard_0402__4_4_11.txt/shard_manifest.json,3,2,402,10721696,4 4 11.txt,389399,389399,pass
310949,312314,31.8440000000046,output/tools/benchmarks/periodic_sub_trans/no_wli/analysis/phaseB_ngram_hamming_full_raw_asset_shards_v1/20260530T120414Z__phaseB_ngram_hamming_full_raw_asset_shards_v1/order_3/shard_0403__4_4_12.txt/shard_manifest.json,3,2,403,6002665,4 4 12.txt,210522,210522,pass
3403903,3409963,232.51499999999942,output/tools/benchmarks/periodic_sub_trans/no_wli/analysis/phaseB_ngram_hamming_full_raw_asset_shards_v1/20260530T120414Z__phaseB_ngram_hamming_full_raw_asset_shards_v1/order_3/shard_0404__4_4_2.txt/shard_manifest.json,3,2,404,37669799,4 4 2.txt,2032631,2032631,pass
4155775,4160605,290.7810000000027,output/tools/benchmarks/periodic_sub_trans/no_wli/analysis/phaseB_ngram_hamming_full_raw_asset_shards_v1/20260530T120414Z__phaseB_ngram_hamming_full_raw_asset_shards_v1/order_3/shard_0405__4_4_3.txt/shard_manifest.json,3,2,405,47180407,4 4 3.txt,2406919,2406919,pass
4733861,4737557,350.5149999999994,output/tools/benchmarks/periodic_sub_trans/no_wli/analysis/phaseB_ngram_hamming_full_raw_asset_shards_v1/20260530T120414Z__phaseB_ngram_hamming_full_raw_asset_shards_v1/order_3/shard_0406__4_4_4.txt/shard_manifest.json,3,2,406,53970774,4 4 4.txt,2631990,2631990,pass
4027104,4029188,320.734000000004,output/tools/benchmarks/periodic_sub_trans/no_wli/analysis/phaseB_ngram_hamming_full_raw_asset_shards_v1/20260530T120414Z__phaseB_ngram_hamming_full_raw_asset_shards_v1/order_3/shard_0407__4_4_5.txt/shard_manifest.json,3,2,407,53256007,4 4 5.txt,2473452,2473452,pass
3428275,3430107,281.7350000000006,output/tools/benchmarks/periodic_sub_trans/no_wli/analysis/phaseB_ngram_hamming_full_raw_asset_shards_v1/20260530T120414Z__phaseB_ngram_hamming_full_raw_asset_shards_v1/order_3/shard_0408__4_4_6.txt/shard_manifest.json,3,2,408,49480708,4 4 6.txt,2199461,2199461,pass
2815599,2816691,240.88999999999942,output/tools/benchmarks/periodic_sub_trans/no_wli/analysis/phaseB_ngram_hamming_full_raw_asset_shards_v1/20260530T120414Z__phaseB_ngram_hamming_full_raw_asset_shards_v1/order_3/shard_0409__4_4_7.txt/shard_manifest.json,3,2,409,42992857,4 4 7.txt,1831374,1831374,pass
2186590,2187867,195.125,output/tools/benchmarks/periodic_sub_trans/no_wli/analysis/phaseB_ngram_hamming_full_raw_asset_shards_v1/20260530T120414Z__phaseB_ngram_hamming_full_raw_asset_shards_v1/order_3/shard_0410__4_4_8.txt/shard_manifest.json,3,2,410,35524814,4 4 8.txt,1452502,1452502,pass
1576481,1577891,147.73399999999674,output/tools/benchmarks/periodic_sub_trans/no_wli/analysis/phaseB_ngram_hamming_full_raw_asset_shards_v1/20260530T120414Z__phaseB_ngram_hamming_full_raw_asset_shards_v1/order_3/shard_0411__4_4_9.txt/shard_manifest.json,3,2,411,27366998,4 4 9.txt,1074533,1074533,pass
0,0,1.0780000000013388,output/tools/benchmarks/periodic_sub_trans/no_wli/analysis/phaseB_ngram_hamming_full_raw_asset_shards_v1/20260530T120414Z__phaseB_ngram_hamming_full_raw_asset_shards_v1/order_3/shard_0412__4_4_e.txt/shard_manifest.json,3,2,412,8130101,4 4 e.txt,379773,0,pass
317766,318223,22.109000000004016,output/tools/benchmarks/periodic_sub_trans/no_wli/analysis/phaseB_ngram_hamming_full_raw_asset_shards_v1/20260530T120414Z__phaseB_ngram_hamming_full_raw_asset_shards_v1/order_3/shard_0413__4_5_1.txt/shard_manifest.json,3,2,413,5402982,4 5 1.txt,294581,294581,pass
707906,708866,73.5,output/tools/benchmarks/periodic_sub_trans/no_wli/analysis/phaseB_ngram_hamming_full_raw_asset_shards_v1/20260530T120414Z__phaseB_ngram_hamming_full_raw_asset_shards_v1/order_3/shard_0414__4_5_10.txt/shard_manifest.json,3,2,414,13360288,4 5 10.txt,486326,486326,pass
3540846,3546199,267.0310000000027,output/tools/benchmarks/periodic_sub_trans/no_wli/analysis/phaseB_ngram_hamming_full_raw_asset_shards_v1/20260530T120414Z__phaseB_ngram_hamming_full_raw_asset_shards_v1/order_3/shard_0415__4_5_2.txt/shard_manifest.json,3,2,415,47162932,4 5 2.txt,2408521,2408521,pass
4058749,4062944,312.6100000000006,output/tools/benchmarks/periodic_sub_trans/no_wli/analysis/phaseB_ngram_hamming_full_raw_asset_shards_v1/20260530T120414Z__phaseB_ngram_hamming_full_raw_asset_shards_v1/order_3/shard_0416__4_5_3.txt/shard_manifest.json,3,2,416,55211127,4 5 3.txt,2676529,2676529,pass
4021550,4024101,319.18700000000536,output/tools/benchmarks/periodic_sub_trans/no_wli/analysis/phaseB_ngram_hamming_full_raw_asset_shards_v1/20260530T120414Z__phaseB_ngram_hamming_full_raw_asset_shards_v1/order_3/shard_0417__4_5_4.txt/shard_manifest.json,3,2,417,52752144,4 5 4.txt,2452448,2452448,pass
3281506,3283051,276.96800000000076,output/tools/benchmarks/periodic_sub_trans/no_wli/analysis/phaseB_ngram_hamming_full_raw_asset_shards_v1/20260530T120414Z__phaseB_ngram_hamming_full_raw_asset_shards_v1/order_3/shard_0418__4_5_5.txt/shard_manifest.json,3,2,418,47855157,4 5 5.txt,2126100,2126100,pass
2651793,2652856,230.07800000000134,output/tools/benchmarks/periodic_sub_trans/no_wli/analysis/phaseB_ngram_hamming_full_raw_asset_shards_v1/20260530T120414Z__phaseB_ngram_hamming_full_raw_asset_shards_v1/order_3/shard_0419__4_5_6.txt/shard_manifest.json,3,2,419,41711984,4 5 6.txt,1775417,1775417,pass
2199677,2200384,198.92199999999866,output/tools/benchmarks/periodic_sub_trans/no_wli/analysis/phaseB_ngram_hamming_full_raw_asset_shards_v1/20260530T120414Z__phaseB_ngram_hamming_full_raw_asset_shards_v1/order_3/shard_0420__4_5_7.txt/shard_manifest.json,3,2,420,36114039,4 5 7.txt,1475716,1475716,pass
1633651,1634386,152.14099999999598,output/tools/benchmarks/periodic_sub_trans/no_wli/analysis/phaseB_ngram_hamming_full_raw_asset_shards_v1/20260530T120414Z__phaseB_ngram_hamming_full_raw_asset_shards_v1/order_3/shard_0421__4_5_8.txt/shard_manifest.json,3,2,421,28052024,4 5 8.txt,1102348,1102348,pass
1142579,1143393,111.90699999999924,output/tools/benchmarks/periodic_sub_trans/no_wli/analysis/phaseB_ngram_hamming_full_raw_asset_shards_v1/20260530T120414Z__phaseB_ngram_hamming_full_raw_asset_shards_v1/order_3/shard_0422__4_5_9.txt/shard_manifest.json,3,2,422,20900215,4 5 9.txt,789738,789738,pass
0,0,1.5,output/tools/benchmarks/periodic_sub_trans/no_wli/analysis/phaseB_ngram_hamming_full_raw_asset_shards_v1/20260530T120414Z__phaseB_ngram_hamming_full_raw_asset_shards_v1/order_3/shard_0423__4_5_e.txt/shard_manifest.json,3,2,423,11265408,4 5 e.txt,501343,0,pass
283124,283486,21.781000000002678,output/tools/benchmarks/periodic_sub_trans/no_wli/analysis/phaseB_ngram_hamming_full_raw_asset_shards_v1/20260530T120414Z__phaseB_ngram_hamming_full_raw_asset_shards_v1/order_3/shard_0424__4_6_1.txt/shard_manifest.json,3,2,424,5330904,4 6 1.txt,276605,276605,pass
697693,698772,74.25,output/tools/benchmarks/periodic_sub_trans/no_wli/analysis/phaseB_ngram_hamming_full_raw_asset_shards_v1/20260530T120414Z__phaseB_ngram_hamming_full_raw_asset_shards_v1/order_3/shard_0425__4_6_10.txt/shard_manifest.json,3,2,425,13890369,4 6 10.txt,486605,486605,pass
230505,231533,25.57800000000134,output/tools/benchmarks/periodic_sub_trans/no_wli/analysis/phaseB_ngram_hamming_full_raw_asset_shards_v1/20260530T120414Z__phaseB_ngram_hamming_full_raw_asset_shards_v1/order_3/shard_0426__4_6_12.txt/shard_manifest.json,3,2,426,4815222,4 6 12.txt,157525,157525,pass
3314822,3319409,262.76600000000326,output/tools/benchmarks/periodic_sub_trans/no_wli/analysis/phaseB_ngram_hamming_full_raw_asset_shards_v1/20260530T120414Z__phaseB_ngram_hamming_full_raw_asset_shards_v1/order_3/shard_0427__4_6_2.txt/shard_manifest.json,3,2,427,48541083,4 6 2.txt,2366451,2366451,pass
3515342,3519304,287.125,output/tools/benchmarks/periodic_sub_trans/no_wli/analysis/phaseB_ngram_hamming_full_raw_asset_shards_v1/20260530T120414Z__phaseB_ngram_hamming_full_raw_asset_shards_v1/order_3/shard_0428__4_6_3.txt/shard_manifest.json,3,2,428,52952983,4 6 3.txt,2454837,2454837,pass
3244800,3246981,268.78199999999924,output/tools/benchmarks/periodic_sub_trans/no_wli/analysis/phaseB_ngram_hamming_full_raw_asset_shards_v1/20260530T120414Z__phaseB_ngram_hamming_full_raw_asset_shards_v1/order_3/shard_0429__4_6_4.txt/shard_manifest.json,3,2,429,46514621,4 6 4.txt,2066726,2066726,pass
2697949,2699122,237.98400000000402,output/tools/benchmarks/periodic_sub_trans/no_wli/analysis/phaseB_ngram_hamming_full_raw_asset_shards_v1/20260530T120414Z__phaseB_ngram_hamming_full_raw_asset_shards_v1/order_3/shard_0430__4_6_5.txt/shard_manifest.json,3,2,430,42294878,4 6 5.txt,1796866,1796866,pass
2227325,2228251,204.45300000000134,output/tools/benchmarks/periodic_sub_trans/no_wli/analysis/phaseB_ngram_hamming_full_raw_asset_shards_v1/20260530T120414Z__phaseB_ngram_hamming_full_raw_asset_shards_v1/order_3/shard_0431__4_6_6.txt/shard_manifest.json,3,2,431,37575742,4 6 6.txt,1531190,1531190,pass
1929609,1930277,181.23399999999674,output/tools/benchmarks/periodic_sub_trans/no_wli/analysis/phaseB_ngram_hamming_full_raw_asset_shards_v1/20260530T120414Z__phaseB_ngram_hamming_full_raw_asset_shards_v1/order_3/shard_0432__4_6_7.txt/shard_manifest.json,3,2,432,33618396,4 6 7.txt,1317034,1317034,pass
1490995,1491576,146.81199999999808,output/tools/benchmarks/periodic_sub_trans/no_wli/analysis/phaseB_ngram_hamming_full_raw_asset_shards_v1/20260530T120414Z__phaseB_ngram_hamming_full_raw_asset_shards_v1/order_3/shard_0433__4_6_8.txt/shard_manifest.json,3,2,433,27035271,4 6 8.txt,1020091,1020091,pass
1071971,1072932,108.13999999999942,output/tools/benchmarks/periodic_sub_trans/no_wli/analysis/phaseB_ngram_hamming_full_raw_asset_shards_v1/20260530T120414Z__phaseB_ngram_hamming_full_raw_asset_shards_v1/order_3/shard_0434__4_6_9.txt/shard_manifest.json,3,2,434,20765681,4 6 9.txt,754308,754308,pass
0,0,1.4530000000013388,output/tools/benchmarks/periodic_sub_trans/no_wli/analysis/phaseB_ngram_hamming_full_raw_asset_shards_v1/20260530T120414Z__phaseB_ngram_hamming_full_raw_asset_shards_v1/order_3/shard_0435__4_6_e.txt/shard_manifest.json,3,2,435,12125095,4 6 e.txt,518378,0,pass
241246,241509,19.07800000000134,output/tools/benchmarks/periodic_sub_trans/no_wli/analysis/phaseB_ngram_hamming_full_raw_asset_shards_v1/20260530T120414Z__phaseB_ngram_hamming_full_raw_asset_shards_v1/order_3/shard_0436__4_7_1.txt/shard_manifest.json,3,2,436,4495254,4 7 1.txt,222071,222071,pass
644302,645083,70.53100000000268,output/tools/benchmarks/periodic_sub_trans/no_wli/analysis/phaseB_ngram_hamming_full_raw_asset_shards_v1/20260530T120414Z__phaseB_ngram_hamming_full_raw_asset_shards_v1/order_3/shard_0437__4_7_10.txt/shard_manifest.json,3,2,437,12956755,4 7 10.txt,439038,439038,pass
2916530,2919444,242.75,output/tools/benchmarks/periodic_sub_trans/no_wli/analysis/phaseB_ngram_hamming_full_raw_asset_shards_v1/20260530T120414Z__phaseB_ngram_hamming_full_raw_asset_shards_v1/order_3/shard_0438__4_7_2.txt/shard_manifest.json,3,2,438,45696877,4 7 2.txt,2127316,2127316,pass
2958296,2960371,252.34300000000076,output/tools/benchmarks/periodic_sub_trans/no_wli/analysis/phaseB_ngram_hamming_full_raw_asset_shards_v1/20260530T120414Z__phaseB_ngram_hamming_full_raw_asset_shards_v1/order_3/shard_0439__4_7_3.txt/shard_manifest.json,3,2,439,47630493,4 7 3.txt,2113990,2113990,pass
2622311,2623474,227.01600000000326,output/tools/benchmarks/periodic_sub_trans/no_wli/analysis/phaseB_ngram_hamming_full_raw_asset_shards_v1/20260530T120414Z__phaseB_ngram_hamming_full_raw_asset_shards_v1/order_3/shard_0440__4_7_4.txt/shard_manifest.json,3,2,440,39669682,4 7 4.txt,1690626,1690626,pass
2185761,2186438,196.53100000000268,output/tools/benchmarks/periodic_sub_trans/no_wli/analysis/phaseB_ngram_hamming_full_raw_asset_shards_v1/20260530T120414Z__phaseB_ngram_hamming_full_raw_asset_shards_v1/order_3/shard_0441__4_7_5.txt/shard_manifest.json,3,2,441,35409062,4 7 5.txt,1447439,1447439,pass
1844544,1845074,171.15600000000268,output/tools/benchmarks/periodic_sub_trans/no_wli/analysis/phaseB_ngram_hamming_full_raw_asset_shards_v1/20260530T120414Z__phaseB_ngram_hamming_full_raw_asset_shards_v1/order_3/shard_0442__4_7_6.txt/shard_manifest.json,3,2,442,31818687,4 7 6.txt,1248761,1248761,pass
1673367,1673784,162.6710000000021,output/tools/benchmarks/periodic_sub_trans/no_wli/analysis/phaseB_ngram_hamming_full_raw_asset_shards_v1/20260530T120414Z__phaseB_ngram_hamming_full_raw_asset_shards_v1/order_3/shard_0443__4_7_7.txt/shard_manifest.json,3,2,443,29795736,4 7 7.txt,1125286,1125286,pass
1325258,1325644,131.2190000000046,output/tools/benchmarks/periodic_sub_trans/no_wli/analysis/phaseB_ngram_hamming_full_raw_asset_shards_v1/20260530T120414Z__phaseB_ngram_hamming_full_raw_asset_shards_v1/order_3/shard_0444__4_7_8.txt/shard_manifest.json,3,2,444,24411470,4 7 8.txt,889013,889013,pass
962442,963023,100.53199999999924,output/tools/benchmarks/periodic_sub_trans/no_wli/analysis/phaseB_ngram_hamming_full_raw_asset_shards_v1/20260530T120414Z__phaseB_ngram_hamming_full_raw_asset_shards_v1/order_3/shard_0445__4_7_9.txt/shard_manifest.json,3,2,445,18992388,4 7 9.txt,666728,666728,pass
0,0,1.2030000000013388,output/tools/benchmarks/periodic_sub_trans/no_wli/analysis/phaseB_ngram_hamming_full_raw_asset_shards_v1/20260530T120414Z__phaseB_ngram_hamming_full_raw_asset_shards_v1/order_3/shard_0446__4_7_e.txt/shard_manifest.json,3,2,446,11684385,4 7 e.txt,479812,0,pass
2397914,2400452,205.65600000000268,output/tools/benchmarks/periodic_sub_trans/no_wli/analysis/phaseB_ngram_hamming_full_raw_asset_shards_v1/20260530T120414Z__phaseB_ngram_hamming_full_raw_asset_shards_v1/order_3/shard_0447__4_8_2.txt/shard_manifest.json,3,2,447,39599797,4 8 2.txt,1763276,1763276,pass
2329365,2331255,206.40699999999924,output/tools/benchmarks/periodic_sub_trans/no_wli/analysis/phaseB_ngram_hamming_full_raw_asset_shards_v1/20260530T120414Z__phaseB_ngram_hamming_full_raw_asset_shards_v1/order_3/shard_0448__4_8_3.txt/shard_manifest.json,3,2,448,39563925,4 8 3.txt,1680766,1680766,pass
2020188,2021298,178.75,output/tools/benchmarks/periodic_sub_trans/no_wli/analysis/phaseB_ngram_hamming_full_raw_asset_shards_v1/20260530T120414Z__phaseB_ngram_hamming_full_raw_asset_shards_v1/order_3/shard_0449__4_8_4.txt/shard_manifest.json,3,2,449,32264638,4 8 4.txt,1319285,1319285,pass
1749682,1750377,163.48400000000402,output/tools/benchmarks/periodic_sub_trans/no_wli/analysis/phaseB_ngram_hamming_full_raw_asset_shards_v1/20260530T120414Z__phaseB_ngram_hamming_full_raw_asset_shards_v1/order_3/shard_0450__4_8_5.txt/shard_manifest.json,3,2,450,29618054,4 8 5.txt,1163712,1163712,pass
1490638,1491237,143.42199999999866,output/tools/benchmarks/periodic_sub_trans/no_wli/analysis/phaseB_ngram_hamming_full_raw_asset_shards_v1/20260530T120414Z__phaseB_ngram_hamming_full_raw_asset_shards_v1/order_3/shard_0451__4_8_6.txt/shard_manifest.json,3,2,451,26691455,4 8 6.txt,1008146,1008146,pass
1391487,1391976,136.7190000000046,output/tools/benchmarks/periodic_sub_trans/no_wli/analysis/phaseB_ngram_hamming_full_raw_asset_shards_v1/20260530T120414Z__phaseB_ngram_hamming_full_raw_asset_shards_v1/order_3/shard_0452__4_8_7.txt/shard_manifest.json,3,2,452,25800848,4 8 7.txt,939072,939072,pass
1131161,1131582,114.125,output/tools/benchmarks/periodic_sub_trans/no_wli/analysis/phaseB_ngram_hamming_full_raw_asset_shards_v1/20260530T120414Z__phaseB_ngram_hamming_full_raw_asset_shards_v1/order_3/shard_0453__4_8_8.txt/shard_manifest.json,3,2,453,21752692,4 8 8.txt,764969,764969,pass
0,0,1.0309999999954016,output/tools/benchmarks/periodic_sub_trans/no_wli/analysis/phaseB_ngram_hamming_full_raw_asset_shards_v1/20260530T120414Z__phaseB_ngram_hamming_full_raw_asset_shards_v1/order_3/shard_0454__4_8_e.txt/shard_manifest.json,3,2,454,10502021,4 8 e.txt,414086,0,pass
411622,412620,46.68800000000192,output/tools/benchmarks/periodic_sub_trans/no_wli/analysis/phaseB_ngram_hamming_full_raw_asset_shards_v1/20260530T120414Z__phaseB_ngram_hamming_full_raw_asset_shards_v1/order_3/shard_0455__4_9_10.txt/shard_manifest.json,3,2,455,9203459,4 9 10.txt,292191,292191,pass
229846,230432,26.343999999997322,output/tools/benchmarks/periodic_sub_trans/no_wli/analysis/phaseB_ngram_hamming_full_raw_asset_shards_v1/20260530T120414Z__phaseB_ngram_hamming_full_raw_asset_shards_v1/order_3/shard_0456__4_9_11.txt/shard_manifest.json,3,2,456,5282780,4 9 11.txt,162314,162314,pass
1771710,1774511,157.79699999999866,output/tools/benchmarks/periodic_sub_trans/no_wli/analysis/phaseB_ngram_hamming_full_raw_asset_shards_v1/20260530T120414Z__phaseB_ngram_hamming_full_raw_asset_shards_v1/order_3/shard_0457__4_9_2.txt/shard_manifest.json,3,2,457,31429105,4 9 2.txt,1340794,1340794,pass
1724973,1727089,168.43800000000192,output/tools/benchmarks/periodic_sub_trans/no_wli/analysis/phaseB_ngram_hamming_full_raw_asset_shards_v1/20260530T120414Z__phaseB_ngram_hamming_full_raw_asset_shards_v1/order_3/shard_0458__4_9_3.txt/shard_manifest.json,3,2,458,31254715,4 9 3.txt,1273501,1273501,pass
1445529,1446757,145.8289999999979,output/tools/benchmarks/periodic_sub_trans/no_wli/analysis/phaseB_ngram_hamming_full_raw_asset_shards_v1/20260530T120414Z__phaseB_ngram_hamming_full_raw_asset_shards_v1/order_3/shard_0459__4_9_4.txt/shard_manifest.json,3,2,459,24413136,4 9 4.txt,959087,959087,pass
1273571,1274702,123.375,output/tools/benchmarks/periodic_sub_trans/no_wli/analysis/phaseB_ngram_hamming_full_raw_asset_shards_v1/20260530T120414Z__phaseB_ngram_hamming_full_raw_asset_shards_v1/order_3/shard_0460__4_9_5.txt/shard_manifest.json,3,2,460,22802836,4 9 5.txt,861741,861741,pass
1079808,1080864,108.3440000000046,output/tools/benchmarks/periodic_sub_trans/no_wli/analysis/phaseB_ngram_hamming_full_raw_asset_shards_v1/20260530T120414Z__phaseB_ngram_hamming_full_raw_asset_shards_v1/order_3/shard_0461__4_9_6.txt/shard_manifest.json,3,2,461,20430986,4 9 6.txt,743381,743381,pass
1025680,1026538,104.625,output/tools/benchmarks/periodic_sub_trans/no_wli/analysis/phaseB_ngram_hamming_full_raw_asset_shards_v1/20260530T120414Z__phaseB_ngram_hamming_full_raw_asset_shards_v1/order_3/shard_0462__4_9_7.txt/shard_manifest.json,3,2,462,20141349,4 9 7.txt,706781,706781,pass
0,0,0.40600000000267755,output/tools/benchmarks/periodic_sub_trans/no_wli/analysis/phaseB_ngram_hamming_full_raw_asset_shards_v1/20260530T120414Z__phaseB_ngram_hamming_full_raw_asset_shards_v1/order_3/shard_0463__4_q_5.txt/shard_manifest.json,3,2,463,3246265,4 q 5.txt,178449,0,pass
0,0,0.031000000002677552,output/tools/benchmarks/periodic_sub_trans/no_wli/analysis/phaseB_ngram_hamming_full_raw_asset_shards_v1/20260530T120414Z__phaseB_ngram_hamming_full_raw_asset_shards_v1/order_3/shard_0464__4_q_e.txt/shard_manifest.json,3,2,464,119548,4 q e.txt,6142,0,pass
137521,137957,12.985000000000582,output/tools/benchmarks/periodic_sub_trans/no_wli/analysis/phaseB_ngram_hamming_full_raw_asset_shards_v1/20260530T120414Z__phaseB_ngram_hamming_full_raw_asset_shards_v1/order_3/shard_0465__5_1_10.txt/shard_manifest.json,3,2,465,2909818,5 1 10.txt,119438,119438,pass
233473,233857,16.79699999999866,output/tools/benchmarks/periodic_sub_trans/no_wli/analysis/phaseB_ngram_hamming_full_raw_asset_shards_v1/20260530T120414Z__phaseB_ngram_hamming_full_raw_asset_shards_v1/order_3/shard_0466__5_1_3.txt/shard_manifest.json,3,2,466,4192488,5 1 3.txt,241102,241102,pass
563946,565448,41.375,output/tools/benchmarks/periodic_sub_trans/no_wli/analysis/phaseB_ngram_hamming_full_raw_asset_shards_v1/20260530T120414Z__phaseB_ngram_hamming_full_raw_asset_shards_v1/order_3/shard_0467__5_1_4.txt/shard_manifest.json,3,2,467,8460379,5 1 4.txt,459819,459819,pass
491889,492681,39.82800000000134,output/tools/benchmarks/periodic_sub_trans/no_wli/analysis/phaseB_ngram_hamming_full_raw_asset_shards_v1/20260530T120414Z__phaseB_ngram_hamming_full_raw_asset_shards_v1/order_3/shard_0468__5_1_5.txt/shard_manifest.json,3,2,468,9474177,5 1 5.txt,488183,488183,pass
281349,281468,25.031000000002678,output/tools/benchmarks/periodic_sub_trans/no_wli/analysis/phaseB_ngram_hamming_full_raw_asset_shards_v1/20260530T120414Z__phaseB_ngram_hamming_full_raw_asset_shards_v1/order_3/shard_0469__5_1_8.txt/shard_manifest.json,3,2,469,6153972,5 1 8.txt,275341,275341,pass
0,0,0.125,output/tools/benchmarks/periodic_sub_trans/no_wli/analysis/phaseB_ngram_hamming_full_raw_asset_shards_v1/20260530T120414Z__phaseB_ngram_hamming_full_raw_asset_shards_v1/order_3/shard_0470__5_1_e.txt/shard_manifest.json,3,2,470,889666,5 1 e.txt,46132,0,pass
934351,936434,93.5,output/tools/benchmarks/periodic_sub_trans/no_wli/analysis/phaseB_ngram_hamming_full_raw_asset_shards_v1/20260530T120414Z__phaseB_ngram_hamming_full_raw_asset_shards_v1/order_3/shard_0471__5_10_3.txt/shard_manifest.json,3,2,471,18415385,5 10 3.txt,694542,694542,pass
499419,499879,51.625,output/tools/benchmarks/periodic_sub_trans/no_wli/analysis/phaseB_ngram_hamming_full_raw_asset_shards_v1/20260530T120414Z__phaseB_ngram_hamming_full_raw_asset_shards_v1/order_3/shard_0472__5_10_5.txt/shard_manifest.json,3,2,472,9572503,5 10 5.txt,337198,337198,pass
389798,390076,42.01600000000326,output/tools/benchmarks/periodic_sub_trans/no_wli/analysis/phaseB_ngram_hamming_full_raw_asset_shards_v1/20260530T120414Z__phaseB_ngram_hamming_full_raw_asset_shards_v1/order_3/shard_0473__5_10_6.txt/shard_manifest.json,3,2,473,7835650,5 10 6.txt,266506,266506,pass
0,0,0.5789999999979045,output/tools/benchmarks/periodic_sub_trans/no_wli/analysis/phaseB_ngram_hamming_full_raw_asset_shards_v1/20260530T120414Z__phaseB_ngram_hamming_full_raw_asset_shards_v1/order_3/shard_0474__5_10_e.txt/shard_manifest.json,3,2,474,6536642,5 10 e.txt,229969,0,pass
524097,525656,52.71899999999732,output/tools/benchmarks/periodic_sub_trans/no_wli/analysis/phaseB_ngram_hamming_full_raw_asset_shards_v1/20260530T120414Z__phaseB_ngram_hamming_full_raw_asset_shards_v1/order_3/shard_0475__5_11_3.txt/shard_manifest.json,3,2,475,10568495,5 11 3.txt,383553,383553,pass
323105,323603,33.375,output/tools/benchmarks/periodic_sub_trans/no_wli/analysis/phaseB_ngram_hamming_full_raw_asset_shards_v1/20260530T120414Z__phaseB_ngram_hamming_full_raw_asset_shards_v1/order_3/shard_0476__5_11_4.txt/shard_manifest.json,3,2,476,6103153,5 11 4.txt,214772,214772,pass
273451,274024,29.20300000000134,output/tools/benchmarks/periodic_sub_trans/no_wli/analysis/phaseB_ngram_hamming_full_raw_asset_shards_v1/20260530T120414Z__phaseB_ngram_hamming_full_raw_asset_shards_v1/order_3/shard_0477__5_11_5.txt/shard_manifest.json,3,2,477,5424275,5 11 5.txt,184308,184308,pass
176106,177131,18.656999999999243,output/tools/benchmarks/periodic_sub_trans/no_wli/analysis/phaseB_ngram_hamming_full_raw_asset_shards_v1/20260530T120414Z__phaseB_ngram_hamming_full_raw_asset_shards_v1/order_3/shard_0478__5_12_4.txt/shard_manifest.json,3,2,478,3408697,5 12 4.txt,115854,115854,pass
91916,92153,6.98399999999674,output/tools/benchmarks/periodic_sub_trans/no_wli/analysis/phaseB_ngram_hamming_full_raw_asset_shards_v1/20260530T120414Z__phaseB_ngram_hamming_full_raw_asset_shards_v1/order_3/shard_0479__5_2_1.txt/shard_manifest.json,3,2,479,3564565,5 2 1.txt,216508,216508,pass
702897,704256,51.92199999999866,output/tools/benchmarks/periodic_sub_trans/no_wli/analysis/phaseB_ngram_hamming_full_raw_asset_shards_v1/20260530T120414Z__phaseB_ngram_hamming_full_raw_asset_shards_v1/order_3/shard_0480__5_2_2.txt/shard_manifest.json,3,2,480,13664647,5 2 2.txt,772573,772573,pass
2264115,2268081,166.4210000000021,output/tools/benchmarks/periodic_sub_trans/no_wli/analysis/phaseB_ngram_hamming_full_raw_asset_shards_v1/20260530T120414Z__phaseB_ngram_hamming_full_raw_asset_shards_v1/order_3/shard_0481__5_2_3.txt/shard_manifest.json,3,2,481,32883460,5 2 3.txt,1758378,1758378,pass
4421688,4430256,330.25,output/tools/benchmarks/periodic_sub_trans/no_wli/analysis/phaseB_ngram_hamming_full_raw_asset_shards_v1/20260530T120414Z__phaseB_ngram_hamming_full_raw_asset_shards_v1/order_3/shard_0482__5_2_4.txt/shard_manifest.json,3,2,482,60851844,5 2 4.txt,3092619,3092619,pass
4408289,4413735,350.35899999999674,output/tools/benchmarks/periodic_sub_trans/no_wli/analysis/phaseB_ngram_hamming_full_raw_asset_shards_v1/20260530T120414Z__phaseB_ngram_hamming_full_raw_asset_shards_v1/order_3/shard_0483__5_2_5.txt/shard_manifest.json,3,2,483,70162771,5 2 5.txt,3387659,3387659,pass
4328465,4333122,361.20300000000134,output/tools/benchmarks/periodic_sub_trans/no_wli/analysis/phaseB_ngram_hamming_full_raw_asset_shards_v1/20260530T120414Z__phaseB_ngram_hamming_full_raw_asset_shards_v1/order_3/shard_0484__5_2_6.txt/shard_manifest.json,3,2,484,73770504,5 2 6.txt,3409085,3409085,pass
3875140,3878675,335.4060000000027,output/tools/benchmarks/periodic_sub_trans/no_wli/analysis/phaseB_ngram_hamming_full_raw_asset_shards_v1/20260530T120414Z__phaseB_ngram_hamming_full_raw_asset_shards_v1/order_3/shard_0485__5_2_7.txt/shard_manifest.json,3,2,485,69463064,5 2 7.txt,3070559,3070559,pass
3180717,3184628,280.70299999999406,output/tools/benchmarks/periodic_sub_trans/no_wli/analysis/phaseB_ngram_hamming_full_raw_asset_shards_v1/20260530T120414Z__phaseB_ngram_hamming_full_raw_asset_shards_v1/order_3/shard_0486__5_2_8.txt/shard_manifest.json,3,2,486,59975471,5 2 8.txt,2541604,2541604,pass
2414475,2418778,224.39100000000326,output/tools/benchmarks/periodic_sub_trans/no_wli/analysis/phaseB_ngram_hamming_full_raw_asset_shards_v1/20260530T120414Z__phaseB_ngram_hamming_full_raw_asset_shards_v1/order_3/shard_0487__5_2_9.txt/shard_manifest.json,3,2,487,48975944,5 2 9.txt,1991488,1991488,pass
0,0,0.20300000000133878,output/tools/benchmarks/periodic_sub_trans/no_wli/analysis/phaseB_ngram_hamming_full_raw_asset_shards_v1/20260530T120414Z__phaseB_ngram_hamming_full_raw_asset_shards_v1/order_3/shard_0488__5_2_e.txt/shard_manifest.json,3,2,488,1647596,5 2 e.txt,80773,0,pass
193114,193454,13.844000000004598,output/tools/benchmarks/periodic_sub_trans/no_wli/analysis/phaseB_ngram_hamming_full_raw_asset_shards_v1/20260530T120414Z__phaseB_ngram_hamming_full_raw_asset_shards_v1/order_3/shard_0489__5_3_1.txt/shard_manifest.json,3,2,489,4643985,5 3 1.txt,265379,265379,pass
780316,781641,78.70300000000134,output/tools/benchmarks/periodic_sub_trans/no_wli/analysis/phaseB_ngram_hamming_full_raw_asset_shards_v1/20260530T120414Z__phaseB_ngram_hamming_full_raw_asset_shards_v1/order_3/shard_0490__5_3_11.txt/shard_manifest.json,3,2,490,15552180,5 3 11.txt,565877,565877,pass
416638,417976,42.34300000000076,output/tools/benchmarks/periodic_sub_trans/no_wli/analysis/phaseB_ngram_hamming_full_raw_asset_shards_v1/20260530T120414Z__phaseB_ngram_hamming_full_raw_asset_shards_v1/order_3/shard_0491__5_3_12.txt/shard_manifest.json,3,2,491,8696675,5 3 12.txt,305766,305766,pass
1883942,1887073,140.31299999999464,output/tools/benchmarks/periodic_sub_trans/no_wli/analysis/phaseB_ngram_hamming_full_raw_asset_shards_v1/20260530T120414Z__phaseB_ngram_hamming_full_raw_asset_shards_v1/order_3/shard_0492__5_3_2.txt/shard_manifest.json,3,2,492,28485021,5 3 2.txt,1523119,1523119,pass
3322053,3326285,249.51499999999942,output/tools/benchmarks/periodic_sub_trans/no_wli/analysis/phaseB_ngram_hamming_full_raw_asset_shards_v1/20260530T120414Z__phaseB_ngram_hamming_full_raw_asset_shards_v1/order_3/shard_0493__5_3_3.txt/shard_manifest.json,3,2,493,46922249,5 3 3.txt,2379719,2379719,pass
5130472,5136899,395.4380000000019,output/tools/benchmarks/periodic_sub_trans/no_wli/analysis/phaseB_ngram_hamming_full_raw_asset_shards_v1/20260530T120414Z__phaseB_ngram_hamming_full_raw_asset_shards_v1/order_3/shard_0494__5_3_4.txt/shard_manifest.json,3,2,494,70828492,5 3 4.txt,3435856,3435856,pass
4620361,4624914,372.0,output/tools/benchmarks/periodic_sub_trans/no_wli/analysis/phaseB_ngram_hamming_full_raw_asset_shards_v1/20260530T120414Z__phaseB_ngram_hamming_full_raw_asset_shards_v1/order_3/shard_0495__5_3_5.txt/shard_manifest.json,3,2,495,71294627,5 3 5.txt,3297003,3297003,pass
4366233,4370439,371.6399999999994,output/tools/benchmarks/periodic_sub_trans/no_wli/analysis/phaseB_ngram_hamming_full_raw_asset_shards_v1/20260530T120414Z__phaseB_ngram_hamming_full_raw_asset_shards_v1/order_3/shard_0496__5_3_6.txt/shard_manifest.json,3,2,496,71514254,5 3 6.txt,3173215,3173215,pass
3703965,3707618,315.82800000000134,output/tools/benchmarks/periodic_sub_trans/no_wli/analysis/phaseB_ngram_hamming_full_raw_asset_shards_v1/20260530T120414Z__phaseB_ngram_hamming_full_raw_asset_shards_v1/order_3/shard_0497__5_3_7.txt/shard_manifest.json,3,2,497,63222387,5 3 7.txt,2691530,2691530,pass
3073290,3077426,274.5630000000019,output/tools/benchmarks/periodic_sub_trans/no_wli/analysis/phaseB_ngram_hamming_full_raw_asset_shards_v1/20260530T120414Z__phaseB_ngram_hamming_full_raw_asset_shards_v1/order_3/shard_0498__5_3_8.txt/shard_manifest.json,3,2,498,54797089,5 3 8.txt,2240329,2240329,pass
2222684,2226131,207.59399999999732,output/tools/benchmarks/periodic_sub_trans/no_wli/analysis/phaseB_ngram_hamming_full_raw_asset_shards_v1/20260530T120414Z__phaseB_ngram_hamming_full_raw_asset_shards_v1/order_3/shard_0499__5_3_9.txt/shard_manifest.json,3,2,499,42068426,5 3 9.txt,1653196,1653196,pass
0,0,0.5460000000020955,output/tools/benchmarks/periodic_sub_trans/no_wli/analysis/phaseB_ngram_hamming_full_raw_asset_shards_v1/20260530T120414Z__phaseB_ngram_hamming_full_raw_asset_shards_v1/order_3/shard_0500__5_3_e.txt/shard_manifest.json,3,2,500,4702241,5 3 e.txt,218964,0,pass
0,0,0.0,output/tools/benchmarks/periodic_sub_trans/no_wli/analysis/phaseB_ngram_hamming_full_raw_asset_shards_v1/20260530T120414Z__phaseB_ngram_hamming_full_raw_asset_shards_v1/order_3/shard_0501__5_3a1_7.txt/shard_manifest.json,3,2,501,2804,5 3a1 7.txt,112,0,pass
314455,315003,22.70300000000134,output/tools/benchmarks/periodic_sub_trans/no_wli/analysis/phaseB_ngram_hamming_full_raw_asset_shards_v1/20260530T120414Z__phaseB_ngram_hamming_full_raw_asset_shards_v1/order_3/shard_0502__5_4_1.txt/shard_manifest.json,3,2,502,5441319,5 4 1.txt,296652,296652,pass
758026,759334,76.45299999999406,output/tools/benchmarks/periodic_sub_trans/no_wli/analysis/phaseB_ngram_hamming_full_raw_asset_shards_v1/20260530T120414Z__phaseB_ngram_hamming_full_raw_asset_shards_v1/order_3/shard_0503__5_4_10.txt/shard_manifest.json,3,2,503,14087681,5 4 10.txt,514017,514017,pass
3231490,3236329,238.56300000000192,output/tools/benchmarks/periodic_sub_trans/no_wli/analysis/phaseB_ngram_hamming_full_raw_asset_shards_v1/20260530T120414Z__phaseB_ngram_hamming_full_raw_asset_shards_v1/order_3/shard_0504__5_4_2.txt/shard_manifest.json,3,2,504,43670382,5 4 2.txt,2233675,2233675,pass
3676608,3680524,278.67199999999866,output/tools/benchmarks/periodic_sub_trans/no_wli/analysis/phaseB_ngram_hamming_full_raw_asset_shards_v1/20260530T120414Z__phaseB_ngram_hamming_full_raw_asset_shards_v1/order_3/shard_0505__5_4_3.txt/shard_manifest.json,3,2,505,49571969,5 4 3.txt,2406124,2406124,pass
3787012,3789866,297.0630000000019,output/tools/benchmarks/periodic_sub_trans/no_wli/analysis/phaseB_ngram_hamming_full_raw_asset_shards_v1/20260530T120414Z__phaseB_ngram_hamming_full_raw_asset_shards_v1/order_3/shard_0506__5_4_4.txt/shard_manifest.json,3,2,506,49865118,5 4 4.txt,2321308,2321308,pass
3181697,3183409,261.875,output/tools/benchmarks/periodic_sub_trans/no_wli/analysis/phaseB_ngram_hamming_full_raw_asset_shards_v1/20260530T120414Z__phaseB_ngram_hamming_full_raw_asset_shards_v1/order_3/shard_0507__5_4_5.txt/shard_manifest.json,3,2,507,46341303,5 4 5.txt,2060503,2060503,pass
2673212,2674711,231.14099999999598,output/tools/benchmarks/periodic_sub_trans/no_wli/analysis/phaseB_ngram_hamming_full_raw_asset_shards_v1/20260530T120414Z__phaseB_ngram_hamming_full_raw_asset_shards_v1/order_3/shard_0508__5_4_6.txt/shard_manifest.json,3,2,508,41676146,5 4 6.txt,1777481,1777481,pass
2197408,2198477,194.98399999999674,output/tools/benchmarks/periodic_sub_trans/no_wli/analysis/phaseB_ngram_hamming_full_raw_asset_shards_v1/20260530T120414Z__phaseB_ngram_hamming_full_raw_asset_shards_v1/order_3/shard_0509__5_4_7.txt/shard_manifest.json,3,2,509,35705664,5 4 7.txt,1462678,1462678,pass
1715471,1716738,156.70300000000134,output/tools/benchmarks/periodic_sub_trans/no_wli/analysis/phaseB_ngram_hamming_full_raw_asset_shards_v1/20260530T120414Z__phaseB_ngram_hamming_full_raw_asset_shards_v1/order_3/shard_0510__5_4_8.txt/shard_manifest.json,3,2,510,29264998,5 4 8.txt,1152555,1152555,pass
1230675,1231940,117.64100000000326,output/tools/benchmarks/periodic_sub_trans/no_wli/analysis/phaseB_ngram_hamming_full_raw_asset_shards_v1/20260530T120414Z__phaseB_ngram_hamming_full_raw_asset_shards_v1/order_3/shard_0511__5_4_9.txt/shard_manifest.json,3,2,511,22259670,5 4 9.txt,843390,843390,pass
0,0,1.062999999994645,output/tools/benchmarks/periodic_sub_trans/no_wli/analysis/phaseB_ngram_hamming_full_raw_asset_shards_v1/20260530T120414Z__phaseB_ngram_hamming_full_raw_asset_shards_v1/order_3/shard_0512__5_4_e.txt/shard_manifest.json,3,2,512,9805007,5 4 e.txt,437273,0,pass
0,0,0.2649999999994179,output/tools/benchmarks/periodic_sub_trans/no_wli/analysis/phaseB_ngram_hamming_full_raw_asset_shards_v1/20260530T120414Z__phaseB_ngram_hamming_full_raw_asset_shards_v1/order_3/shard_0513__5_4_q.txt/shard_manifest.json,3,2,513,1932258,5 4 q.txt,105056,0,pass
3422074,3426160,272.48399999999674,output/tools/benchmarks/periodic_sub_trans/no_wli/analysis/phaseB_ngram_hamming_full_raw_asset_shards_v1/20260530T120414Z__phaseB_ngram_hamming_full_raw_asset_shards_v1/order_3/shard_0514__5_5_2.txt/shard_manifest.json,3,2,514,52047464,5 5 2.txt,2529021,2529021,pass
3650489,3653547,294.54700000000594,output/tools/benchmarks/periodic_sub_trans/no_wli/analysis/phaseB_ngram_hamming_full_raw_asset_shards_v1/20260530T120414Z__phaseB_ngram_hamming_full_raw_asset_shards_v1/order_3/shard_0515__5_5_3.txt/shard_manifest.json,3,2,515,56107528,5 5 3.txt,2597417,2597417,pass
3197145,3199088,261.04699999999866,output/tools/benchmarks/periodic_sub_trans/no_wli/analysis/phaseB_ngram_hamming_full_raw_asset_shards_v1/20260530T120414Z__phaseB_ngram_hamming_full_raw_asset_shards_v1/order_3/shard_0516__5_5_4.txt/shard_manifest.json,3,2,516,46371133,5 5 4.txt,2066025,2066025,pass
2528600,2529574,216.98400000000402,output/tools/benchmarks/periodic_sub_trans/no_wli/analysis/phaseB_ngram_hamming_full_raw_asset_shards_v1/20260530T120414Z__phaseB_ngram_hamming_full_raw_asset_shards_v1/order_3/shard_0517__5_5_5.txt/shard_manifest.json,3,2,517,39863609,5 5 5.txt,1701371,1701371,pass
1986467,1987210,178.8440000000046,output/tools/benchmarks/periodic_sub_trans/no_wli/analysis/phaseB_ngram_hamming_full_raw_asset_shards_v1/20260530T120414Z__phaseB_ngram_hamming_full_raw_asset_shards_v1/order_3/shard_0518__5_5_6.txt/shard_manifest.json,3,2,518,33302560,5 5 6.txt,1364118,1364118,pass
1647128,1647662,151.8289999999979,output/tools/benchmarks/periodic_sub_trans/no_wli/analysis/phaseB_ngram_hamming_full_raw_asset_shards_v1/20260530T120414Z__phaseB_ngram_hamming_full_raw_asset_shards_v1/order_3/shard_0519__5_5_7.txt/shard_manifest.json,3,2,519,28590960,5 5 7.txt,1126464,1126464,pass
1201161,1201726,115.5940000000046,output/tools/benchmarks/periodic_sub_trans/no_wli/analysis/phaseB_ngram_hamming_full_raw_asset_shards_v1/20260530T120414Z__phaseB_ngram_hamming_full_raw_asset_shards_v1/order_3/shard_0520__5_5_8.txt/shard_manifest.json,3,2,520,21641465,5 5 8.txt,821151,821151,pass
825272,825904,82.06199999999808,output/tools/benchmarks/periodic_sub_trans/no_wli/analysis/phaseB_ngram_hamming_full_raw_asset_shards_v1/20260530T120414Z__phaseB_ngram_hamming_full_raw_asset_shards_v1/order_3/shard_0521__5_5_9.txt/shard_manifest.json,3,2,521,15774032,5 5 9.txt,576400,576400,pass
0,0,1.3910000000032596,output/tools/benchmarks/periodic_sub_trans/no_wli/analysis/phaseB_ngram_hamming_full_raw_asset_shards_v1/20260530T120414Z__phaseB_ngram_hamming_full_raw_asset_shards_v1/order_3/shard_0522__5_5_e.txt/shard_manifest.json,3,2,522,13281180,5 5 e.txt,565707,0,pass
266654,266975,21.187999999994645,output/tools/benchmarks/periodic_sub_trans/no_wli/analysis/phaseB_ngram_hamming_full_raw_asset_shards_v1/20260530T120414Z__phaseB_ngram_hamming_full_raw_asset_shards_v1/order_3/shard_0523__5_6_1.txt/shard_manifest.json,3,2,523,5607044,5 6 1.txt,276865,276865,pass
428561,429018,47.171999999991385,output/tools/benchmarks/periodic_sub_trans/no_wli/analysis/phaseB_ngram_hamming_full_raw_asset_shards_v1/20260530T120414Z__phaseB_ngram_hamming_full_raw_asset_shards_v1/order_3/shard_0524__5_6_10.txt/shard_manifest.json,3,2,524,8759700,5 6 10.txt,297259,297259,pass
243481,243840,27.125,output/tools/benchmarks/periodic_sub_trans/no_wli/analysis/phaseB_ngram_hamming_full_raw_asset_shards_v1/20260530T120414Z__phaseB_ngram_hamming_full_raw_asset_shards_v1/order_3/shard_0525__5_6_11.txt/shard_manifest.json,3,2,525,5079571,5 6 11.txt,166486,166486,pass
3168827,3172198,266.95299999999406,output/tools/benchmarks/periodic_sub_trans/no_wli/analysis/phaseB_ngram_hamming_full_raw_asset_shards_v1/20260530T120414Z__phaseB_ngram_hamming_full_raw_asset_shards_v1/order_3/shard_0526__5_6_2.txt/shard_manifest.json,3,2,526,51599780,5 6 2.txt,2397743,2397743,pass
3049362,3052046,258.9689999999973,output/tools/benchmarks/periodic_sub_trans/no_wli/analysis/phaseB_ngram_hamming_full_raw_asset_shards_v1/20260530T120414Z__phaseB_ngram_hamming_full_raw_asset_shards_v1/order_3/shard_0527__5_6_3.txt/shard_manifest.json,3,2,527,50878232,5 6 3.txt,2256873,2256873,pass
2375835,2377046,205.79700000000594,output/tools/benchmarks/periodic_sub_trans/no_wli/analysis/phaseB_ngram_hamming_full_raw_asset_shards_v1/20260530T120414Z__phaseB_ngram_hamming_full_raw_asset_shards_v1/order_3/shard_0528__5_6_4.txt/shard_manifest.json,3,2,528,37208773,5 6 4.txt,1586639,1586639,pass
1886256,1886842,170.625,output/tools/benchmarks/periodic_sub_trans/no_wli/analysis/phaseB_ngram_hamming_full_raw_asset_shards_v1/20260530T120414Z__phaseB_ngram_hamming_full_raw_asset_shards_v1/order_3/shard_0529__5_6_5.txt/shard_manifest.json,3,2,529,31915822,5 6 5.txt,1303944,1303944,pass
1496581,1497031,138.70299999999406,output/tools/benchmarks/periodic_sub_trans/no_wli/analysis/phaseB_ngram_hamming_full_raw_asset_shards_v1/20260530T120414Z__phaseB_ngram_hamming_full_raw_asset_shards_v1/order_3/shard_0530__5_6_6.txt/shard_manifest.json,3,2,530,27071864,5 6 6.txt,1062446,1062446,pass
979006,979279,98.46899999999732,output/tools/benchmarks/periodic_sub_trans/no_wli/analysis/phaseB_ngram_hamming_full_raw_asset_shards_v1/20260530T120414Z__phaseB_ngram_hamming_full_raw_asset_shards_v1/order_3/shard_0531__5_6_8.txt/shard_manifest.json,3,2,531,18610892,5 6 8.txt,678235,678235,pass
0,0,1.375,output/tools/benchmarks/periodic_sub_trans/no_wli/analysis/phaseB_ngram_hamming_full_raw_asset_shards_v1/20260530T120414Z__phaseB_ngram_hamming_full_raw_asset_shards_v1/order_3/shard_0532__5_6_e.txt/shard_manifest.json,3,2,532,13742565,5 6 e.txt,563300,0,pass
18347,18365,2.1089999999967404,output/tools/benchmarks/periodic_sub_trans/no_wli/analysis/phaseB_ngram_hamming_full_raw_asset_shards_v1/20260530T120414Z__phaseB_ngram_hamming_full_raw_asset_shards_v1/order_3/shard_0533__5_7_14.txt/shard_manifest.json,3,2,533,451473,5 7 14.txt,13131,13131,pass
2825740,2828322,245.625,output/tools/benchmarks/periodic_sub_trans/no_wli/analysis/phaseB_ngram_hamming_full_raw_asset_shards_v1/20260530T120414Z__phaseB_ngram_hamming_full_raw_asset_shards_v1/order_3/shard_0534__5_7_2.txt/shard_manifest.json,3,2,534,48235421,5 7 2.txt,2143823,2143823,pass
2593404,2595280,225.82800000000861,output/tools/benchmarks/periodic_sub_trans/no_wli/analysis/phaseB_ngram_hamming_full_raw_asset_shards_v1/20260530T120414Z__phaseB_ngram_hamming_full_raw_asset_shards_v1/order_3/shard_0535__5_7_3.txt/shard_manifest.json,3,2,535,45290764,5 7 3.txt,1927053,1927053,pass
1932952,1933816,173.71899999999732,output/tools/benchmarks/periodic_sub_trans/no_wli/analysis/phaseB_ngram_hamming_full_raw_asset_shards_v1/20260530T120414Z__phaseB_ngram_hamming_full_raw_asset_shards_v1/order_3/shard_0536__5_7_4.txt/shard_manifest.json,3,2,536,31486096,5 7 4.txt,1290343,1290343,pass
1510996,1511361,139.46899999999732,output/tools/benchmarks/periodic_sub_trans/no_wli/analysis/phaseB_ngram_hamming_full_raw_asset_shards_v1/20260530T120414Z__phaseB_ngram_hamming_full_raw_asset_shards_v1/order_3/shard_0537__5_7_5.txt/shard_manifest.json,3,2,537,26232548,5 7 5.txt,1033668,1033668,pass
1221362,1221651,118.04700000000594,output/tools/benchmarks/periodic_sub_trans/no_wli/analysis/phaseB_ngram_hamming_full_raw_asset_shards_v1/20260530T120414Z__phaseB_ngram_hamming_full_raw_asset_shards_v1/order_3/shard_0538__5_7_6.txt/shard_manifest.json,3,2,538,22536607,5 7 6.txt,853675,853675,pass
1108349,1108557,109.76499999999942,output/tools/benchmarks/periodic_sub_trans/no_wli/analysis/phaseB_ngram_hamming_full_raw_asset_shards_v1/20260530T120414Z__phaseB_ngram_hamming_full_raw_asset_shards_v1/order_3/shard_0539__5_7_7.txt/shard_manifest.json,3,2,539,20934820,5 7 7.txt,764228,764228,pass
864450,864651,88.98500000000058,output/tools/benchmarks/periodic_sub_trans/no_wli/analysis/phaseB_ngram_hamming_full_raw_asset_shards_v1/20260530T120414Z__phaseB_ngram_hamming_full_raw_asset_shards_v1/order_3/shard_0540__5_7_8.txt/shard_manifest.json,3,2,540,16717269,5 7 8.txt,589102,589102,pass
0,0,1.2660000000032596,output/tools/benchmarks/periodic_sub_trans/no_wli/analysis/phaseB_ngram_hamming_full_raw_asset_shards_v1/20260530T120414Z__phaseB_ngram_hamming_full_raw_asset_shards_v1/order_3/shard_0541__5_7_e.txt/shard_manifest.json,3,2,541,12994058,5 7 e.txt,512474,0,pass
2319862,2322484,208.40699999999197,output/tools/benchmarks/periodic_sub_trans/no_wli/analysis/phaseB_ngram_hamming_full_raw_asset_shards_v1/20260530T120414Z__phaseB_ngram_hamming_full_raw_asset_shards_v1/order_3/shard_0542__5_8_2.txt/shard_manifest.json,3,2,542,40905714,5 8 2.txt,1743347,1743347,pass
2002769,2004318,184.18799999999464,output/tools/benchmarks/periodic_sub_trans/no_wli/analysis/phaseB_ngram_hamming_full_raw_asset_shards_v1/20260530T120414Z__phaseB_ngram_hamming_full_raw_asset_shards_v1/order_3/shard_0543__5_8_3.txt/shard_manifest.json,3,2,543,36181785,5 8 3.txt,1476462,1476462,pass
1403367,1404131,130.875,output/tools/benchmarks/periodic_sub_trans/no_wli/analysis/phaseB_ngram_hamming_full_raw_asset_shards_v1/20260530T120414Z__phaseB_ngram_hamming_full_raw_asset_shards_v1/order_3/shard_0544__5_8_4.txt/shard_manifest.json,3,2,544,23745054,5 8 4.txt,935574,935574,pass
1130298,1130652,110.32800000000861,output/tools/benchmarks/periodic_sub_trans/no_wli/analysis/phaseB_ngram_hamming_full_raw_asset_shards_v1/20260530T120414Z__phaseB_ngram_hamming_full_raw_asset_shards_v1/order_3/shard_0545__5_8_5.txt/shard_manifest.json,3,2,545,20184364,5 8 5.txt,765318,765318,pass
844171,844433,87.04699999999139,output/tools/benchmarks/periodic_sub_trans/no_wli/analysis/phaseB_ngram_hamming_full_raw_asset_shards_v1/20260530T120414Z__phaseB_ngram_hamming_full_raw_asset_shards_v1/order_3/shard_0546__5_8_7.txt/shard_manifest.json,3,2,546,16379642,5 8 7.txt,576722,576722,pass
669161,669304,69.56299999999464,output/tools/benchmarks/periodic_sub_trans/no_wli/analysis/phaseB_ngram_hamming_full_raw_asset_shards_v1/20260530T120414Z__phaseB_ngram_hamming_full_raw_asset_shards_v1/order_3/shard_0547__5_8_8.txt/shard_manifest.json,3,2,547,13401191,5 8 8.txt,456340,456340,pass
471934,472253,52.812999999994645,output/tools/benchmarks/periodic_sub_trans/no_wli/analysis/phaseB_ngram_hamming_full_raw_asset_shards_v1/20260530T120414Z__phaseB_ngram_hamming_full_raw_asset_shards_v1/order_3/shard_0548__5_8_9.txt/shard_manifest.json,3,2,548,10099521,5 8 9.txt,332176,332176,pass
1696046,1698853,157.96799999999348,output/tools/benchmarks/periodic_sub_trans/no_wli/analysis/phaseB_ngram_hamming_full_raw_asset_shards_v1/20260530T120414Z__phaseB_ngram_hamming_full_raw_asset_shards_v1/order_3/shard_0549__5_9_2.txt/shard_manifest.json,3,2,549,31795311,5 9 2.txt,1300916,1300916,pass
1460792,1462442,138.59399999999732,output/tools/benchmarks/periodic_sub_trans/no_wli/analysis/phaseB_ngram_hamming_full_raw_asset_shards_v1/20260530T120414Z__phaseB_ngram_hamming_full_raw_asset_shards_v1/order_3/shard_0550__5_9_3.txt/shard_manifest.json,3,2,550,28025822,5 9 3.txt,1098762,1098762,pass
800251,800662,79.53199999999197,output/tools/benchmarks/periodic_sub_trans/no_wli/analysis/phaseB_ngram_hamming_full_raw_asset_shards_v1/20260530T120414Z__phaseB_ngram_hamming_full_raw_asset_shards_v1/order_3/shard_0551__5_9_5.txt/shard_manifest.json,3,2,551,15040084,5 9 5.txt,549221,549221,pass
327688,327966,36.84399999999732,output/tools/benchmarks/periodic_sub_trans/no_wli/analysis/phaseB_ngram_hamming_full_raw_asset_shards_v1/20260530T120414Z__phaseB_ngram_hamming_full_raw_asset_shards_v1/order_3/shard_0552__5_9_9.txt/shard_manifest.json,3,2,552,7378180,5 9 9.txt,234676,234676,pass
0,0,0.875,output/tools/benchmarks/periodic_sub_trans/no_wli/analysis/phaseB_ngram_hamming_full_raw_asset_shards_v1/20260530T120414Z__phaseB_ngram_hamming_full_raw_asset_shards_v1/order_3/shard_0553__5_9_e.txt/shard_manifest.json,3,2,553,9481708,5 9 e.txt,346144,0,pass
0,0,0.20299999999406282,output/tools/benchmarks/periodic_sub_trans/no_wli/analysis/phaseB_ngram_hamming_full_raw_asset_shards_v1/20260530T120414Z__phaseB_ngram_hamming_full_raw_asset_shards_v1/order_3/shard_0554__5_q_2.txt/shard_manifest.json,3,2,554,1527649,5 q 2.txt,92740,0,pass
223957,224190,17.14100000000326,output/tools/benchmarks/periodic_sub_trans/no_wli/analysis/phaseB_ngram_hamming_full_raw_asset_shards_v1/20260530T120414Z__phaseB_ngram_hamming_full_raw_asset_shards_v1/order_3/shard_0555__6_1_3.txt/shard_manifest.json,3,2,555,4316486,6 1 3.txt,235519,235519,pass
543521,544700,41.76600000000326,output/tools/benchmarks/periodic_sub_trans/no_wli/analysis/phaseB_ngram_hamming_full_raw_asset_shards_v1/20260530T120414Z__phaseB_ngram_hamming_full_raw_asset_shards_v1/order_3/shard_0556__6_1_4.txt/shard_manifest.json,3,2,556,8892196,6 1 4.txt,460001,460001,pass
481897,482591,40.0,output/tools/benchmarks/periodic_sub_trans/no_wli/analysis/phaseB_ngram_hamming_full_raw_asset_shards_v1/20260530T120414Z__phaseB_ngram_hamming_full_raw_asset_shards_v1/order_3/shard_0557__6_1_5.txt/shard_manifest.json,3,2,557,9859556,6 1 5.txt,484690,484690,pass
471539,471856,41.344000000011874,output/tools/benchmarks/periodic_sub_trans/no_wli/analysis/phaseB_ngram_hamming_full_raw_asset_shards_v1/20260530T120414Z__phaseB_ngram_hamming_full_raw_asset_shards_v1/order_3/shard_0558__6_1_6.txt/shard_manifest.json,3,2,558,10514175,6 1 6.txt,494074,494074,pass
379420,379720,33.60899999999674,output/tools/benchmarks/periodic_sub_trans/no_wli/analysis/phaseB_ngram_hamming_full_raw_asset_shards_v1/20260530T120414Z__phaseB_ngram_hamming_full_raw_asset_shards_v1/order_3/shard_0559__6_1_7.txt/shard_manifest.json,3,2,559,8530413,6 1 7.txt,382743,382743,pass
1156250,1159832,119.64100000000326,output/tools/benchmarks/periodic_sub_trans/no_wli/analysis/phaseB_ngram_hamming_full_raw_asset_shards_v1/20260530T120414Z__phaseB_ngram_hamming_full_raw_asset_shards_v1/order_3/shard_0560__6_10_2.txt/shard_manifest.json,3,2,560,23505456,6 10 2.txt,888705,888705,pass
937695,939692,96.54700000000594,output/tools/benchmarks/periodic_sub_trans/no_wli/analysis/phaseB_ngram_hamming_full_raw_asset_shards_v1/20260530T120414Z__phaseB_ngram_hamming_full_raw_asset_shards_v1/order_3/shard_0561__6_10_3.txt/shard_manifest.json,3,2,561,19421805,6 10 3.txt,705141,705141,pass
534465,535021,56.125,output/tools/benchmarks/periodic_sub_trans/no_wli/analysis/phaseB_ngram_hamming_full_raw_asset_shards_v1/20260530T120414Z__phaseB_ngram_hamming_full_raw_asset_shards_v1/order_3/shard_0562__6_10_4.txt/shard_manifest.json,3,2,562,10353407,6 10 4.txt,364084,364084,pass
452005,452494,49.26499999999942,output/tools/benchmarks/periodic_sub_trans/no_wli/analysis/phaseB_ngram_hamming_full_raw_asset_shards_v1/20260530T120414Z__phaseB_ngram_hamming_full_raw_asset_shards_v1/order_3/shard_0563__6_10_5.txt/shard_manifest.json,3,2,563,9146534,6 10 5.txt,310367,310367,pass
680626,682539,69.81299999999464,output/tools/benchmarks/periodic_sub_trans/no_wli/analysis/phaseB_ngram_hamming_full_raw_asset_shards_v1/20260530T120414Z__phaseB_ngram_hamming_full_raw_asset_shards_v1/order_3/shard_0564__6_11_2.txt/shard_manifest.json,3,2,564,14140353,6 11 2.txt,514554,514554,pass
252034,252549,28.343000000008033,output/tools/benchmarks/periodic_sub_trans/no_wli/analysis/phaseB_ngram_hamming_full_raw_asset_shards_v1/20260530T120414Z__phaseB_ngram_hamming_full_raw_asset_shards_v1/order_3/shard_0565__6_11_5.txt/shard_manifest.json,3,2,565,5235745,6 11 5.txt,171622,171622,pass
199080,199285,23.26600000000326,output/tools/benchmarks/periodic_sub_trans/no_wli/analysis/phaseB_ngram_hamming_full_raw_asset_shards_v1/20260530T120414Z__phaseB_ngram_hamming_full_raw_asset_shards_v1/order_3/shard_0566__6_11_7.txt/shard_manifest.json,3,2,566,4504464,6 11 7.txt,138092,138092,pass
0,0,0.4220000000059372,output/tools/benchmarks/periodic_sub_trans/no_wli/analysis/phaseB_ngram_hamming_full_raw_asset_shards_v1/20260530T120414Z__phaseB_ngram_hamming_full_raw_asset_shards_v1/order_3/shard_0567__6_11_e.txt/shard_manifest.json,3,2,567,4906936,6 11 e.txt,161382,0,pass
13746,13787,1.3119999999908032,output/tools/benchmarks/periodic_sub_trans/no_wli/analysis/phaseB_ngram_hamming_full_raw_asset_shards_v1/20260530T120414Z__phaseB_ngram_hamming_full_raw_asset_shards_v1/order_3/shard_0568__6_12_1.txt/shard_manifest.json,3,2,568,290180,6 12 1.txt,10673,10673,pass
168123,169093,18.156000000002678,output/tools/benchmarks/periodic_sub_trans/no_wli/analysis/phaseB_ngram_hamming_full_raw_asset_shards_v1/20260530T120414Z__phaseB_ngram_hamming_full_raw_asset_shards_v1/order_3/shard_0569__6_12_4.txt/shard_manifest.json,3,2,569,3427626,6 12 4.txt,112377,112377,pass
108947,109212,12.922000000005937,output/tools/benchmarks/periodic_sub_trans/no_wli/analysis/phaseB_ngram_hamming_full_raw_asset_shards_v1/20260530T120414Z__phaseB_ngram_hamming_full_raw_asset_shards_v1/order_3/shard_0570__6_12_7.txt/shard_manifest.json,3,2,570,2580671,6 12 7.txt,76799,76799,pass
86483,86584,10.562999999994645,output/tools/benchmarks/periodic_sub_trans/no_wli/analysis/phaseB_ngram_hamming_full_raw_asset_shards_v1/20260530T120414Z__phaseB_ngram_hamming_full_raw_asset_shards_v1/order_3/shard_0571__6_12_8.txt/shard_manifest.json,3,2,571,2132316,6 12 8.txt,61712,61712,pass
0,0,0.23399999999674037,output/tools/benchmarks/periodic_sub_trans/no_wli/analysis/phaseB_ngram_hamming_full_raw_asset_shards_v1/20260530T120414Z__phaseB_ngram_hamming_full_raw_asset_shards_v1/order_3/shard_0572__6_12_e.txt/shard_manifest.json,3,2,572,2884024,6 12 e.txt,91829,0,pass
43294,43317,5.2810000000026776,output/tools/benchmarks/periodic_sub_trans/no_wli/analysis/phaseB_ngram_hamming_full_raw_asset_shards_v1/20260530T120414Z__phaseB_ngram_hamming_full_raw_asset_shards_v1/order_3/shard_0573__6_13_8.txt/shard_manifest.json,3,2,573,1083784,6 13 8.txt,30420,30420,pass
103117,103323,8.343000000008033,output/tools/benchmarks/periodic_sub_trans/no_wli/analysis/phaseB_ngram_hamming_full_raw_asset_shards_v1/20260530T120414Z__phaseB_ngram_hamming_full_raw_asset_shards_v1/order_3/shard_0574__6_2_1.txt/shard_manifest.json,3,2,574,4163010,6 2 1.txt,239134,239134,pass
1629225,1632689,163.20299999999406,output/tools/benchmarks/periodic_sub_trans/no_wli/analysis/phaseB_ngram_hamming_full_raw_asset_shards_v1/20260530T120414Z__phaseB_ngram_hamming_full_raw_asset_shards_v1/order_3/shard_0575__6_2_10.txt/shard_manifest.json,3,2,575,35204247,6 2 10.txt,1324067,1324067,pass
473169,475282,48.96899999999732,output/tools/benchmarks/periodic_sub_trans/no_wli/analysis/phaseB_ngram_hamming_full_raw_asset_shards_v1/20260530T120414Z__phaseB_ngram_hamming_full_raw_asset_shards_v1/order_3/shard_0576__6_2_12.txt/shard_manifest.json,3,2,576,11258489,6 2 12.txt,394028,394028,pass
248476,249928,26.343999999997322,output/tools/benchmarks/periodic_sub_trans/no_wli/analysis/phaseB_ngram_hamming_full_raw_asset_shards_v1/20260530T120414Z__phaseB_ngram_hamming_full_raw_asset_shards_v1/order_3/shard_0577__6_2_13.txt/shard_manifest.json,3,2,577,5925310,6 2 13.txt,200459,200459,pass
752841,753872,58.53200000000652,output/tools/benchmarks/periodic_sub_trans/no_wli/analysis/phaseB_ngram_hamming_full_raw_asset_shards_v1/20260530T120414Z__phaseB_ngram_hamming_full_raw_asset_shards_v1/order_3/shard_0578__6_2_2.txt/shard_manifest.json,3,2,578,15961224,6 2 2.txt,856706,856706,pass
2286324,2289339,178.29700000000594,output/tools/benchmarks/periodic_sub_trans/no_wli/analysis/phaseB_ngram_hamming_full_raw_asset_shards_v1/20260530T120414Z__phaseB_ngram_hamming_full_raw_asset_shards_v1/order_3/shard_0579__6_2_3.txt/shard_manifest.json,3,2,579,36510143,6 2 3.txt,1859792,1859792,pass
4301067,4307980,336.4210000000021,output/tools/benchmarks/periodic_sub_trans/no_wli/analysis/phaseB_ngram_hamming_full_raw_asset_shards_v1/20260530T120414Z__phaseB_ngram_hamming_full_raw_asset_shards_v1/order_3/shard_0580__6_2_4.txt/shard_manifest.json,3,2,580,64611636,6 2 4.txt,3132993,3132993,pass
4299545,4303942,353.81200000000536,output/tools/benchmarks/periodic_sub_trans/no_wli/analysis/phaseB_ngram_hamming_full_raw_asset_shards_v1/20260530T120414Z__phaseB_ngram_hamming_full_raw_asset_shards_v1/order_3/shard_0581__6_2_5.txt/shard_manifest.json,3,2,581,72741415,6 2 5.txt,3357516,3357516,pass
4290207,4294188,369.7810000000027,output/tools/benchmarks/periodic_sub_trans/no_wli/analysis/phaseB_ngram_hamming_full_raw_asset_shards_v1/20260530T120414Z__phaseB_ngram_hamming_full_raw_asset_shards_v1/order_3/shard_0582__6_2_6.txt/shard_manifest.json,3,2,582,77175687,6 2 6.txt,3414670,3414670,pass
3889233,3892471,366.68799999999464,output/tools/benchmarks/periodic_sub_trans/no_wli/analysis/phaseB_ngram_hamming_full_raw_asset_shards_v1/20260530T120414Z__phaseB_ngram_hamming_full_raw_asset_shards_v1/order_3/shard_0583__6_2_7.txt/shard_manifest.json,3,2,583,73129244,6 2 7.txt,3099979,3099979,pass
0,0,0.21899999999732245,output/tools/benchmarks/periodic_sub_trans/no_wli/analysis/phaseB_ngram_hamming_full_raw_asset_shards_v1/20260530T120414Z__phaseB_ngram_hamming_full_raw_asset_shards_v1/order_3/shard_0584__6_2_e.txt/shard_manifest.json,3,2,584,1840017,6 2 e.txt,86201,0,pass
1325622,1330132,134.09400000001187,output/tools/benchmarks/periodic_sub_trans/no_wli/analysis/phaseB_ngram_hamming_full_raw_asset_shards_v1/20260530T120414Z__phaseB_ngram_hamming_full_raw_asset_shards_v1/order_3/shard_0585__6_3_10.txt/shard_manifest.json,3,2,585,27252108,6 3 10.txt,994287,994287,pass
740047,741500,74.90600000000268,output/tools/benchmarks/periodic_sub_trans/no_wli/analysis/phaseB_ngram_hamming_full_raw_asset_shards_v1/20260530T120414Z__phaseB_ngram_hamming_full_raw_asset_shards_v1/order_3/shard_0586__6_3_11.txt/shard_manifest.json,3,2,586,15556824,6 3 11.txt,546830,546830,pass
1908602,1910981,147.25,output/tools/benchmarks/periodic_sub_trans/no_wli/analysis/phaseB_ngram_hamming_full_raw_asset_shards_v1/20260530T120414Z__phaseB_ngram_hamming_full_raw_asset_shards_v1/order_3/shard_0587__6_3_2.txt/shard_manifest.json,3,2,587,31914584,6 3 2.txt,1625039,1625039,pass
3154466,3157848,247.53100000000268,output/tools/benchmarks/periodic_sub_trans/no_wli/analysis/phaseB_ngram_hamming_full_raw_asset_shards_v1/20260530T120414Z__phaseB_ngram_hamming_full_raw_asset_shards_v1/order_3/shard_0588__6_3_3.txt/shard_manifest.json,3,2,588,49232677,6 3 3.txt,2384108,2384108,pass
4648449,4653685,378.2810000000027,output/tools/benchmarks/periodic_sub_trans/no_wli/analysis/phaseB_ngram_hamming_full_raw_asset_shards_v1/20260530T120414Z__phaseB_ngram_hamming_full_raw_asset_shards_v1/order_3/shard_0589__6_3_4.txt/shard_manifest.json,3,2,589,70607844,6 3 4.txt,3277613,3277613,pass
4104203,4108321,345.7350000000006,output/tools/benchmarks/periodic_sub_trans/no_wli/analysis/phaseB_ngram_hamming_full_raw_asset_shards_v1/20260530T120414Z__phaseB_ngram_hamming_full_raw_asset_shards_v1/order_3/shard_0590__6_3_5.txt/shard_manifest.json,3,2,590,67847562,6 3 5.txt,3008148,3008148,pass
3966232,3970052,340.06299999999464,output/tools/benchmarks/periodic_sub_trans/no_wli/analysis/phaseB_ngram_hamming_full_raw_asset_shards_v1/20260530T120414Z__phaseB_ngram_hamming_full_raw_asset_shards_v1/order_3/shard_0591__6_3_6.txt/shard_manifest.json,3,2,591,69273041,6 3 6.txt,2950781,2950781,pass
3404072,3407749,305.85899999999674,output/tools/benchmarks/periodic_sub_trans/no_wli/analysis/phaseB_ngram_hamming_full_raw_asset_shards_v1/20260530T120414Z__phaseB_ngram_hamming_full_raw_asset_shards_v1/order_3/shard_0592__6_3_7.txt/shard_manifest.json,3,2,592,61714154,6 3 7.txt,2525595,2525595,pass
2101991,2105710,201.17199999999139,output/tools/benchmarks/periodic_sub_trans/no_wli/analysis/phaseB_ngram_hamming_full_raw_asset_shards_v1/20260530T120414Z__phaseB_ngram_hamming_full_raw_asset_shards_v1/order_3/shard_0593__6_3_9.txt/shard_manifest.json,3,2,593,42137342,6 3 9.txt,1596121,1596121,pass
0,0,0.5630000000091968,output/tools/benchmarks/periodic_sub_trans/no_wli/analysis/phaseB_ngram_hamming_full_raw_asset_shards_v1/20260530T120414Z__phaseB_ngram_hamming_full_raw_asset_shards_v1/order_3/shard_0594__6_3_e.txt/shard_manifest.json,3,2,594,5187738,6 3 e.txt,231455,0,pass
301513,301849,23.436999999990803,output/tools/benchmarks/periodic_sub_trans/no_wli/analysis/phaseB_ngram_hamming_full_raw_asset_shards_v1/20260530T120414Z__phaseB_ngram_hamming_full_raw_asset_shards_v1/order_3/shard_0595__6_4_1.txt/shard_manifest.json,3,2,595,5682834,6 4 1.txt,294742,294742,pass
665569,666945,69.56200000000536,output/tools/benchmarks/periodic_sub_trans/no_wli/analysis/phaseB_ngram_hamming_full_raw_asset_shards_v1/20260530T120414Z__phaseB_ngram_hamming_full_raw_asset_shards_v1/order_3/shard_0596__6_4_10.txt/shard_manifest.json,3,2,596,12928822,6 4 10.txt,454740,454740,pass
3100528,3103578,242.45300000000861,output/tools/benchmarks/periodic_sub_trans/no_wli/analysis/phaseB_ngram_hamming_full_raw_asset_shards_v1/20260530T120414Z__phaseB_ngram_hamming_full_raw_asset_shards_v1/order_3/shard_0597__6_4_2.txt/shard_manifest.json,3,2,597,46089339,6 4 2.txt,2249723,2249723,pass
3285099,3287556,264.48399999999674,output/tools/benchmarks/periodic_sub_trans/no_wli/analysis/phaseB_ngram_hamming_full_raw_asset_shards_v1/20260530T120414Z__phaseB_ngram_hamming_full_raw_asset_shards_v1/order_3/shard_0598__6_4_3.txt/shard_manifest.json,3,2,598,48459814,6 4 3.txt,2249067,2249067,pass
3176384,3178365,256.875,output/tools/benchmarks/periodic_sub_trans/no_wli/analysis/phaseB_ngram_hamming_full_raw_asset_shards_v1/20260530T120414Z__phaseB_ngram_hamming_full_raw_asset_shards_v1/order_3/shard_0599__6_4_4.txt/shard_manifest.json,3,2,599,45717536,6 4 4.txt,2037670,2037670,pass
2613826,2615128,223.5630000000092,output/tools/benchmarks/periodic_sub_trans/no_wli/analysis/phaseB_ngram_hamming_full_raw_asset_shards_v1/20260530T120414Z__phaseB_ngram_hamming_full_raw_asset_shards_v1/order_3/shard_0600__6_4_5.txt/shard_manifest.json,3,2,600,40825938,6 4 5.txt,1740681,1740681,pass
2260067,2261371,202.8119999999908,output/tools/benchmarks/periodic_sub_trans/no_wli/analysis/phaseB_ngram_hamming_full_raw_asset_shards_v1/20260530T120414Z__phaseB_ngram_hamming_full_raw_asset_shards_v1/order_3/shard_0601__6_4_6.txt/shard_manifest.json,3,2,601,37511156,6 4 6.txt,1535676,1535676,pass
1875535,1876549,173.20299999999406,output/tools/benchmarks/periodic_sub_trans/no_wli/analysis/phaseB_ngram_hamming_full_raw_asset_shards_v1/20260530T120414Z__phaseB_ngram_hamming_full_raw_asset_shards_v1/order_3/shard_0602__6_4_7.txt/shard_manifest.json,3,2,602,32255178,6 4 7.txt,1269691,1269691,pass
0,0,1.1409999999887077,output/tools/benchmarks/periodic_sub_trans/no_wli/analysis/phaseB_ngram_hamming_full_raw_asset_shards_v1/20260530T120414Z__phaseB_ngram_hamming_full_raw_asset_shards_v1/order_3/shard_0603__6_4_e.txt/shard_manifest.json,3,2,603,10821681,6 4 e.txt,463641,0,pass
285239,285434,22.01600000000326,output/tools/benchmarks/periodic_sub_trans/no_wli/analysis/phaseB_ngram_hamming_full_raw_asset_shards_v1/20260530T120414Z__phaseB_ngram_hamming_full_raw_asset_shards_v1/order_3/shard_0604__6_5_1.txt/shard_manifest.json,3,2,604,5948304,6 5 1.txt,293497,293497,pass
120956,121564,13.01600000000326,output/tools/benchmarks/periodic_sub_trans/no_wli/analysis/phaseB_ngram_hamming_full_raw_asset_shards_v1/20260530T120414Z__phaseB_ngram_hamming_full_raw_asset_shards_v1/order_3/shard_0605__6_5_12.txt/shard_manifest.json,3,2,605,2573121,6 5 12.txt,81623,81623,pass
3305977,3308752,277.2810000000027,output/tools/benchmarks/periodic_sub_trans/no_wli/analysis/phaseB_ngram_hamming_full_raw_asset_shards_v1/20260530T120414Z__phaseB_ngram_hamming_full_raw_asset_shards_v1/order_3/shard_0606__6_5_2.txt/shard_manifest.json,3,2,606,54010947,6 5 2.txt,2509483,2509483,pass
3280260,3282319,275.4840000000113,output/tools/benchmarks/periodic_sub_trans/no_wli/analysis/phaseB_ngram_hamming_full_raw_asset_shards_v1/20260530T120414Z__phaseB_ngram_hamming_full_raw_asset_shards_v1/order_3/shard_0607__6_5_3.txt/shard_manifest.json,3,2,607,54158606,6 5 3.txt,2400683,2400683,pass
2650474,2651687,239.32799999999406,output/tools/benchmarks/periodic_sub_trans/no_wli/analysis/phaseB_ngram_hamming_full_raw_asset_shards_v1/20260530T120414Z__phaseB_ngram_hamming_full_raw_asset_shards_v1/order_3/shard_0608__6_5_4.txt/shard_manifest.json,3,2,608,41334287,6 5 4.txt,1765026,1765026,pass
2033176,2033723,182.76499999999942,output/tools/benchmarks/periodic_sub_trans/no_wli/analysis/phaseB_ngram_hamming_full_raw_asset_shards_v1/20260530T120414Z__phaseB_ngram_hamming_full_raw_asset_shards_v1/order_3/shard_0609__6_5_5.txt/shard_manifest.json,3,2,609,34114477,6 5 5.txt,1396972,1396972,pass
1639336,1639834,154.42199999999139,output/tools/benchmarks/periodic_sub_trans/no_wli/analysis/phaseB_ngram_hamming_full_raw_asset_shards_v1/20260530T120414Z__phaseB_ngram_hamming_full_raw_asset_shards_v1/order_3/shard_0610__6_5_6.txt/shard_manifest.json,3,2,610,29132319,6 5 6.txt,1145819,1145819,pass
1359467,1359840,130.67199999999139,output/tools/benchmarks/periodic_sub_trans/no_wli/analysis/phaseB_ngram_hamming_full_raw_asset_shards_v1/20260530T120414Z__phaseB_ngram_hamming_full_raw_asset_shards_v1/order_3/shard_0611__6_5_7.txt/shard_manifest.json,3,2,611,24897447,6 5 7.txt,942934,942934,pass
990452,990794,99.21899999999732,output/tools/benchmarks/periodic_sub_trans/no_wli/analysis/phaseB_ngram_hamming_full_raw_asset_shards_v1/20260530T120414Z__phaseB_ngram_hamming_full_raw_asset_shards_v1/order_3/shard_0612__6_5_8.txt/shard_manifest.json,3,2,612,18764396,6 5 8.txt,684856,684856,pass
0,0,1.4690000000118744,output/tools/benchmarks/periodic_sub_trans/no_wli/analysis/phaseB_ngram_hamming_full_raw_asset_shards_v1/20260530T120414Z__phaseB_ngram_hamming_full_raw_asset_shards_v1/order_3/shard_0613__6_5_e.txt/shard_manifest.json,3,2,613,14602353,6 5 e.txt,598405,0,pass
117535,117940,12.937000000005355,output/tools/benchmarks/periodic_sub_trans/no_wli/analysis/phaseB_ngram_hamming_full_raw_asset_shards_v1/20260530T120414Z__phaseB_ngram_hamming_full_raw_asset_shards_v1/order_3/shard_0614__6_6_12.txt/shard_manifest.json,3,2,614,2607868,6 6 12.txt,79983,79983,pass
3119275,3121450,269.53199999999197,output/tools/benchmarks/periodic_sub_trans/no_wli/analysis/phaseB_ngram_hamming_full_raw_asset_shards_v1/20260530T120414Z__phaseB_ngram_hamming_full_raw_asset_shards_v1/order_3/shard_0615__6_6_2.txt/shard_manifest.json,3,2,615,53970246,6 6 2.txt,2400756,2400756,pass
2780008,2781814,272.8289999999979,output/tools/benchmarks/periodic_sub_trans/no_wli/analysis/phaseB_ngram_hamming_full_raw_asset_shards_v1/20260530T120414Z__phaseB_ngram_hamming_full_raw_asset_shards_v1/order_3/shard_0616__6_6_3.txt/shard_manifest.json,3,2,616,49310208,6 6 3.txt,2096339,2096339,pass
1985409,1986134,175.32799999999406,output/tools/benchmarks/periodic_sub_trans/no_wli/analysis/phaseB_ngram_hamming_full_raw_asset_shards_v1/20260530T120414Z__phaseB_ngram_hamming_full_raw_asset_shards_v1/order_3/shard_0617__6_6_4.txt/shard_manifest.json,3,2,617,33212999,6 6 4.txt,1358324,1358324,pass
1537373,1537688,144.42200000000594,output/tools/benchmarks/periodic_sub_trans/no_wli/analysis/phaseB_ngram_hamming_full_raw_asset_shards_v1/20260530T120414Z__phaseB_ngram_hamming_full_raw_asset_shards_v1/order_3/shard_0618__6_6_5.txt/shard_manifest.json,3,2,618,27651059,6 6 5.txt,1084353,1084353,pass
1253835,1254136,122.39100000000326,output/tools/benchmarks/periodic_sub_trans/no_wli/analysis/phaseB_ngram_hamming_full_raw_asset_shards_v1/20260530T120414Z__phaseB_ngram_hamming_full_raw_asset_shards_v1/order_3/shard_0619__6_6_6.txt/shard_manifest.json,3,2,619,24113955,6 6 6.txt,908974,908974,pass
1073040,1073229,106.98399999999674,output/tools/benchmarks/periodic_sub_trans/no_wli/analysis/phaseB_ngram_hamming_full_raw_asset_shards_v1/20260530T120414Z__phaseB_ngram_hamming_full_raw_asset_shards_v1/order_3/shard_0620__6_6_7.txt/shard_manifest.json,3,2,620,20993758,6 6 7.txt,762677,762677,pass
819250,819421,84.4539999999979,output/tools/benchmarks/periodic_sub_trans/no_wli/analysis/phaseB_ngram_hamming_full_raw_asset_shards_v1/20260530T120414Z__phaseB_ngram_hamming_full_raw_asset_shards_v1/order_3/shard_0621__6_6_8.txt/shard_manifest.json,3,2,621,16425810,6 6 8.txt,575856,575856,pass
0,0,1.4529999999940628,output/tools/benchmarks/periodic_sub_trans/no_wli/analysis/phaseB_ngram_hamming_full_raw_asset_shards_v1/20260530T120414Z__phaseB_ngram_hamming_full_raw_asset_shards_v1/order_3/shard_0622__6_6_e.txt/shard_manifest.json,3,2,622,15164189,6 6 e.txt,598413,0,pass
2434665,2435836,229.46899999999732,output/tools/benchmarks/periodic_sub_trans/no_wli/analysis/phaseB_ngram_hamming_full_raw_asset_shards_v1/20260530T120414Z__phaseB_ngram_hamming_full_raw_asset_shards_v1/order_3/shard_0623__6_7_3.txt/shard_manifest.json,3,2,623,44846697,6 7 3.txt,1830594,1830594,pass
1664817,1665348,155.43700000000536,output/tools/benchmarks/periodic_sub_trans/no_wli/analysis/phaseB_ngram_hamming_full_raw_asset_shards_v1/20260530T120414Z__phaseB_ngram_hamming_full_raw_asset_shards_v1/order_3/shard_0624__6_7_4.txt/shard_manifest.json,3,2,624,28756201,6 7 4.txt,1131215,1131215,pass
1042158,1042347,104.43700000000536,output/tools/benchmarks/periodic_sub_trans/no_wli/analysis/phaseB_ngram_hamming_full_raw_asset_shards_v1/20260530T120414Z__phaseB_ngram_hamming_full_raw_asset_shards_v1/order_3/shard_0625__6_7_6.txt/shard_manifest.json,3,2,625,20353404,6 7 6.txt,740776,740776,pass
737146,737258,78.35900000001129,output/tools/benchmarks/periodic_sub_trans/no_wli/analysis/phaseB_ngram_hamming_full_raw_asset_shards_v1/20260530T120414Z__phaseB_ngram_hamming_full_raw_asset_shards_v1/order_3/shard_0626__6_7_8.txt/shard_manifest.json,3,2,626,14997664,6 7 8.txt,508634,508634,pass
0,0,1.3589999999967404,output/tools/benchmarks/periodic_sub_trans/no_wli/analysis/phaseB_ngram_hamming_full_raw_asset_shards_v1/20260530T120414Z__phaseB_ngram_hamming_full_raw_asset_shards_v1/order_3/shard_0627__6_7_e.txt/shard_manifest.json,3,2,627,14496671,6 7 e.txt,550882,0,pass
173154,173297,14.921999999991385,output/tools/benchmarks/periodic_sub_trans/no_wli/analysis/phaseB_ngram_hamming_full_raw_asset_shards_v1/20260530T120414Z__phaseB_ngram_hamming_full_raw_asset_shards_v1/order_3/shard_0628__6_8_1.txt/shard_manifest.json,3,2,628,3509018,6 8 1.txt,151142,151142,pass
2389024,2390736,219.98399999999674,output/tools/benchmarks/periodic_sub_trans/no_wli/analysis/phaseB_ngram_hamming_full_raw_asset_shards_v1/20260530T120414Z__phaseB_ngram_hamming_full_raw_asset_shards_v1/order_3/shard_0629__6_8_2.txt/shard_manifest.json,3,2,629,44402893,6 8 2.txt,1817017,1817017,pass
1931790,1932725,182.6869999999908,output/tools/benchmarks/periodic_sub_trans/no_wli/analysis/phaseB_ngram_hamming_full_raw_asset_shards_v1/20260530T120414Z__phaseB_ngram_hamming_full_raw_asset_shards_v1/order_3/shard_0630__6_8_3.txt/shard_manifest.json,3,2,630,36732484,6 8 3.txt,1439954,1439954,pass
1242791,1243175,119.18700000000536,output/tools/benchmarks/periodic_sub_trans/no_wli/analysis/phaseB_ngram_hamming_full_raw_asset_shards_v1/20260530T120414Z__phaseB_ngram_hamming_full_raw_asset_shards_v1/order_3/shard_0631__6_8_4.txt/shard_manifest.json,3,2,631,22228851,6 8 4.txt,841838,841838,pass
594320,594421,64.31200000000536,output/tools/benchmarks/periodic_sub_trans/no_wli/analysis/phaseB_ngram_hamming_full_raw_asset_shards_v1/20260530T120414Z__phaseB_ngram_hamming_full_raw_asset_shards_v1/order_3/shard_0632__6_8_8.txt/shard_manifest.json,3,2,632,12490522,6 8 8.txt,409970,409970,pass
0,0,1.1720000000059372,output/tools/benchmarks/periodic_sub_trans/no_wli/analysis/phaseB_ngram_hamming_full_raw_asset_shards_v1/20260530T120414Z__phaseB_ngram_hamming_full_raw_asset_shards_v1/order_3/shard_0633__6_8_e.txt/shard_manifest.json,3,2,633,13063215,6 8 e.txt,478003,0,pass
1779709,1782409,171.71899999999732,output/tools/benchmarks/periodic_sub_trans/no_wli/analysis/phaseB_ngram_hamming_full_raw_asset_shards_v1/20260530T120414Z__phaseB_ngram_hamming_full_raw_asset_shards_v1/order_3/shard_0634__6_9_2.txt/shard_manifest.json,3,2,634,35202812,6 9 2.txt,1384325,1384325,pass
1435357,1436802,139.39100000000326,output/tools/benchmarks/periodic_sub_trans/no_wli/analysis/phaseB_ngram_hamming_full_raw_asset_shards_v1/20260530T120414Z__phaseB_ngram_hamming_full_raw_asset_shards_v1/order_3/shard_0635__6_9_3.txt/shard_manifest.json,3,2,635,29078303,6 9 3.txt,1096173,1096173,pass
859712,860237,86.56299999999464,output/tools/benchmarks/periodic_sub_trans/no_wli/analysis/phaseB_ngram_hamming_full_raw_asset_shards_v1/20260530T120414Z__phaseB_ngram_hamming_full_raw_asset_shards_v1/order_3/shard_0636__6_9_4.txt/shard_manifest.json,3,2,636,16252842,6 9 4.txt,592514,592514,pass
703667,704128,74.125,output/tools/benchmarks/periodic_sub_trans/no_wli/analysis/phaseB_ngram_hamming_full_raw_asset_shards_v1/20260530T120414Z__phaseB_ngram_hamming_full_raw_asset_shards_v1/order_3/shard_0637__6_9_5.txt/shard_manifest.json,3,2,637,13961539,6 9 5.txt,490647,490647,pass
0,0,0.9840000000112923,output/tools/benchmarks/periodic_sub_trans/no_wli/analysis/phaseB_ngram_hamming_full_raw_asset_shards_v1/20260530T120414Z__phaseB_ngram_hamming_full_raw_asset_shards_v1/order_3/shard_0638__6_9_e.txt/shard_manifest.json,3,2,638,11104813,6 9 e.txt,391592,0,pass
0,0,0.32800000000861473,output/tools/benchmarks/periodic_sub_trans/no_wli/analysis/phaseB_ngram_hamming_full_raw_asset_shards_v1/20260530T120414Z__phaseB_ngram_hamming_full_raw_asset_shards_v1/order_3/shard_0639__6_q_3.txt/shard_manifest.json,3,2,639,2672131,6 q 3.txt,146043,0,pass
195047,195246,15.25,output/tools/benchmarks/periodic_sub_trans/no_wli/analysis/phaseB_ngram_hamming_full_raw_asset_shards_v1/20260530T120414Z__phaseB_ngram_hamming_full_raw_asset_shards_v1/order_3/shard_0640__7_1_3.txt/shard_manifest.json,3,2,640,3748411,7 1 3.txt,194198,194198,pass
477640,478607,38.29700000000594,output/tools/benchmarks/periodic_sub_trans/no_wli/analysis/phaseB_ngram_hamming_full_raw_asset_shards_v1/20260530T120414Z__phaseB_ngram_hamming_full_raw_asset_shards_v1/order_3/shard_0641__7_1_4.txt/shard_manifest.json,3,2,641,7688243,7 1 4.txt,378475,378475,pass
432131,432769,36.75,output/tools/benchmarks/periodic_sub_trans/no_wli/analysis/phaseB_ngram_hamming_full_raw_asset_shards_v1/20260530T120414Z__phaseB_ngram_hamming_full_raw_asset_shards_v1/order_3/shard_0642__7_1_5.txt/shard_manifest.json,3,2,642,8356847,7 1 5.txt,391852,391852,pass
426973,427295,37.828000000008615,output/tools/benchmarks/periodic_sub_trans/no_wli/analysis/phaseB_ngram_hamming_full_raw_asset_shards_v1/20260530T120414Z__phaseB_ngram_hamming_full_raw_asset_shards_v1/order_3/shard_0643__7_1_6.txt/shard_manifest.json,3,2,643,8827630,7 1 6.txt,396548,396548,pass
201720,202011,19.39100000000326,output/tools/benchmarks/periodic_sub_trans/no_wli/analysis/phaseB_ngram_hamming_full_raw_asset_shards_v1/20260530T120414Z__phaseB_ngram_hamming_full_raw_asset_shards_v1/order_3/shard_0644__7_1_9.txt/shard_manifest.json,3,2,644,4526046,7 1 9.txt,178846,178846,pass
384913,385151,45.0,output/tools/benchmarks/periodic_sub_trans/no_wli/analysis/phaseB_ngram_hamming_full_raw_asset_shards_v1/20260530T120414Z__phaseB_ngram_hamming_full_raw_asset_shards_v1/order_3/shard_0645__7_10_7.txt/shard_manifest.json,3,2,645,8583846,7 10 7.txt,263416,263416,pass
313189,313400,37.312000000005355,output/tools/benchmarks/periodic_sub_trans/no_wli/analysis/phaseB_ngram_hamming_full_raw_asset_shards_v1/20260530T120414Z__phaseB_ngram_hamming_full_raw_asset_shards_v1/order_3/shard_0646__7_10_8.txt/shard_manifest.json,3,2,646,7120644,7 10 8.txt,212204,212204,pass
516968,518690,55.453999999997905,output/tools/benchmarks/periodic_sub_trans/no_wli/analysis/phaseB_ngram_hamming_full_raw_asset_shards_v1/20260530T120414Z__phaseB_ngram_hamming_full_raw_asset_shards_v1/order_3/shard_0647__7_11_3.txt/shard_manifest.json,3,2,647,11364739,7 11 3.txt,383995,383995,pass
286788,287297,32.14099999998871,output/tools/benchmarks/periodic_sub_trans/no_wli/analysis/phaseB_ngram_hamming_full_raw_asset_shards_v1/20260530T120414Z__phaseB_ngram_hamming_full_raw_asset_shards_v1/order_3/shard_0648__7_11_4.txt/shard_manifest.json,3,2,648,5830611,7 11 4.txt,191149,191149,pass
90498,90658,11.21799999999348,output/tools/benchmarks/periodic_sub_trans/no_wli/analysis/phaseB_ngram_hamming_full_raw_asset_shards_v1/20260530T120414Z__phaseB_ngram_hamming_full_raw_asset_shards_v1/order_3/shard_0649__7_12_8.txt/shard_manifest.json,3,2,649,2292447,7 12 8.txt,64440,64440,pass
13927,13936,1.7030000000086147,output/tools/benchmarks/periodic_sub_trans/no_wli/analysis/phaseB_ngram_hamming_full_raw_asset_shards_v1/20260530T120414Z__phaseB_ngram_hamming_full_raw_asset_shards_v1/order_3/shard_0650__7_14_6.txt/shard_manifest.json,3,2,650,381927,7 14 6.txt,10764,10764,pass
15933,15946,1.9690000000118744,output/tools/benchmarks/periodic_sub_trans/no_wli/analysis/phaseB_ngram_hamming_full_raw_asset_shards_v1/20260530T120414Z__phaseB_ngram_hamming_full_raw_asset_shards_v1/order_3/shard_0651__7_14_7.txt/shard_manifest.json,3,2,651,456314,7 14 7.txt,12486,12486,pass
1623373,1627285,165.76600000000326,output/tools/benchmarks/periodic_sub_trans/no_wli/analysis/phaseB_ngram_hamming_full_raw_asset_shards_v1/20260530T120414Z__phaseB_ngram_hamming_full_raw_asset_shards_v1/order_3/shard_0652__7_2_10.txt/shard_manifest.json,3,2,652,36789008,7 2 10.txt,1331964,1331964,pass
697668,698007,56.937999999994645,output/tools/benchmarks/periodic_sub_trans/no_wli/analysis/phaseB_ngram_hamming_full_raw_asset_shards_v1/20260530T120414Z__phaseB_ngram_hamming_full_raw_asset_shards_v1/order_3/shard_0653__7_2_2.txt/shard_manifest.json,3,2,653,16259152,7 2 2.txt,829539,829539,pass
2082248,2084002,167.60899999999674,output/tools/benchmarks/periodic_sub_trans/no_wli/analysis/phaseB_ngram_hamming_full_raw_asset_shards_v1/20260530T120414Z__phaseB_ngram_hamming_full_raw_asset_shards_v1/order_3/shard_0654__7_2_3.txt/shard_manifest.json,3,2,654,35920800,7 2 3.txt,1744392,1744392,pass
3890719,3896123,314.875,output/tools/benchmarks/periodic_sub_trans/no_wli/analysis/phaseB_ngram_hamming_full_raw_asset_shards_v1/20260530T120414Z__phaseB_ngram_hamming_full_raw_asset_shards_v1/order_3/shard_0655__7_2_4.txt/shard_manifest.json,3,2,655,62493073,7 2 4.txt,2892544,2892544,pass
3943581,3947742,334.3280000000086,output/tools/benchmarks/periodic_sub_trans/no_wli/analysis/phaseB_ngram_hamming_full_raw_asset_shards_v1/20260530T120414Z__phaseB_ngram_hamming_full_raw_asset_shards_v1/order_3/shard_0656__7_2_5.txt/shard_manifest.json,3,2,656,70512832,7 2 5.txt,3112835,3112835,pass
3991018,3994850,352.68799999999464,output/tools/benchmarks/periodic_sub_trans/no_wli/analysis/phaseB_ngram_hamming_full_raw_asset_shards_v1/20260530T120414Z__phaseB_ngram_hamming_full_raw_asset_shards_v1/order_3/shard_0657__7_2_6.txt/shard_manifest.json,3,2,657,75419976,7 2 6.txt,3195942,3195942,pass
3721831,3725317,337.8439999999973,output/tools/benchmarks/periodic_sub_trans/no_wli/analysis/phaseB_ngram_hamming_full_raw_asset_shards_v1/20260530T120414Z__phaseB_ngram_hamming_full_raw_asset_shards_v1/order_3/shard_0658__7_2_7.txt/shard_manifest.json,3,2,658,73481632,7 2 7.txt,2987275,2987275,pass
3099710,3103667,288.29700000000594,output/tools/benchmarks/periodic_sub_trans/no_wli/analysis/phaseB_ngram_hamming_full_raw_asset_shards_v1/20260530T120414Z__phaseB_ngram_hamming_full_raw_asset_shards_v1/order_3/shard_0659__7_2_8.txt/shard_manifest.json,3,2,659,63983298,7 2 8.txt,2500528,2500528,pass
2403207,2408091,236.0159999999887,output/tools/benchmarks/periodic_sub_trans/no_wli/analysis/phaseB_ngram_hamming_full_raw_asset_shards_v1/20260530T120414Z__phaseB_ngram_hamming_full_raw_asset_shards_v1/order_3/shard_0660__7_2_9.txt/shard_manifest.json,3,2,660,53160183,7 2 9.txt,1999223,1999223,pass
0,0,0.20399999999790452,output/tools/benchmarks/periodic_sub_trans/no_wli/analysis/phaseB_ngram_hamming_full_raw_asset_shards_v1/20260530T120414Z__phaseB_ngram_hamming_full_raw_asset_shards_v1/order_3/shard_0661__7_2_e.txt/shard_manifest.json,3,2,661,1661027,7 2 e.txt,74362,0,pass
172314,172390,13.264999999999418,output/tools/benchmarks/periodic_sub_trans/no_wli/analysis/phaseB_ngram_hamming_full_raw_asset_shards_v1/20260530T120414Z__phaseB_ngram_hamming_full_raw_asset_shards_v1/order_3/shard_0662__7_3_1.txt/shard_manifest.json,3,2,662,4893317,7 3 1.txt,251500,251500,pass
1295806,1299744,133.25,output/tools/benchmarks/periodic_sub_trans/no_wli/analysis/phaseB_ngram_hamming_full_raw_asset_shards_v1/20260530T120414Z__phaseB_ngram_hamming_full_raw_asset_shards_v1/order_3/shard_0663__7_3_10.txt/shard_manifest.json,3,2,663,27697324,7 3 10.txt,975036,975036,pass
730822,732058,76.59399999999732,output/tools/benchmarks/periodic_sub_trans/no_wli/analysis/phaseB_ngram_hamming_full_raw_asset_shards_v1/20260530T120414Z__phaseB_ngram_hamming_full_raw_asset_shards_v1/order_3/shard_0664__7_3_11.txt/shard_manifest.json,3,2,664,15981663,7 3 11.txt,542722,542722,pass
1678407,1679211,135.5,output/tools/benchmarks/periodic_sub_trans/no_wli/analysis/phaseB_ngram_hamming_full_raw_asset_shards_v1/20260530T120414Z__phaseB_ngram_hamming_full_raw_asset_shards_v1/order_3/shard_0665__7_3_2.txt/shard_manifest.json,3,2,665,30743295,7 3 2.txt,1491765,1491765,pass
2722385,2723758,223.21900000001187,output/tools/benchmarks/periodic_sub_trans/no_wli/analysis/phaseB_ngram_hamming_full_raw_asset_shards_v1/20260530T120414Z__phaseB_ngram_hamming_full_raw_asset_shards_v1/order_3/shard_0666__7_3_3.txt/shard_manifest.json,3,2,666,45713448,7 3 3.txt,2114801,2114801,pass
4001003,4003443,326.79700000000594,output/tools/benchmarks/periodic_sub_trans/no_wli/analysis/phaseB_ngram_hamming_full_raw_asset_shards_v1/20260530T120414Z__phaseB_ngram_hamming_full_raw_asset_shards_v1/order_3/shard_0667__7_3_4.txt/shard_manifest.json,3,2,667,64622406,7 3 4.txt,2870594,2870594,pass
3577241,3579511,306.2810000000027,output/tools/benchmarks/periodic_sub_trans/no_wli/analysis/phaseB_ngram_hamming_full_raw_asset_shards_v1/20260530T120414Z__phaseB_ngram_hamming_full_raw_asset_shards_v1/order_3/shard_0668__7_3_5.txt/shard_manifest.json,3,2,668,61465529,7 3 5.txt,2613436,2613436,pass
3499662,3501871,313.1880000000092,output/tools/benchmarks/periodic_sub_trans/no_wli/analysis/phaseB_ngram_hamming_full_raw_asset_shards_v1/20260530T120414Z__phaseB_ngram_hamming_full_raw_asset_shards_v1/order_3/shard_0669__7_3_6.txt/shard_manifest.json,3,2,669,63182696,7 3 6.txt,2583676,2583676,pass
3149843,3152261,286.0,output/tools/benchmarks/periodic_sub_trans/no_wli/analysis/phaseB_ngram_hamming_full_raw_asset_shards_v1/20260530T120414Z__phaseB_ngram_hamming_full_raw_asset_shards_v1/order_3/shard_0670__7_3_7.txt/shard_manifest.json,3,2,670,59191905,7 3 7.txt,2327618,2327618,pass
2714713,2717663,255.23399999999674,output/tools/benchmarks/periodic_sub_trans/no_wli/analysis/phaseB_ngram_hamming_full_raw_asset_shards_v1/20260530T120414Z__phaseB_ngram_hamming_full_raw_asset_shards_v1/order_3/shard_0671__7_3_8.txt/shard_manifest.json,3,2,671,53174478,7 3 8.txt,2014217,2014217,pass
0,0,0.48399999999674037,output/tools/benchmarks/periodic_sub_trans/no_wli/analysis/phaseB_ngram_hamming_full_raw_asset_shards_v1/20260530T120414Z__phaseB_ngram_hamming_full_raw_asset_shards_v1/order_3/shard_0672__7_3_e.txt/shard_manifest.json,3,2,672,4631345,7 3 e.txt,197996,0,pass
251309,251407,19.093999999997322,output/tools/benchmarks/periodic_sub_trans/no_wli/analysis/phaseB_ngram_hamming_full_raw_asset_shards_v1/20260530T120414Z__phaseB_ngram_hamming_full_raw_asset_shards_v1/order_3/shard_0673__7_4_1.txt/shard_manifest.json,3,2,673,5174766,7 4 1.txt,255477,255477,pass
388969,389561,42.23399999999674,output/tools/benchmarks/periodic_sub_trans/no_wli/analysis/phaseB_ngram_hamming_full_raw_asset_shards_v1/20260530T120414Z__phaseB_ngram_hamming_full_raw_asset_shards_v1/order_3/shard_0674__7_4_11.txt/shard_manifest.json,3,2,674,7914731,7 4 11.txt,259126,259126,pass
2609035,2610326,212.40699999999197,output/tools/benchmarks/periodic_sub_trans/no_wli/analysis/phaseB_ngram_hamming_full_raw_asset_shards_v1/20260530T120414Z__phaseB_ngram_hamming_full_raw_asset_shards_v1/order_3/shard_0675__7_4_2.txt/shard_manifest.json,3,2,675,41840159,7 4 2.txt,1948996,1948996,pass
2712534,2713828,223.79700000000594,output/tools/benchmarks/periodic_sub_trans/no_wli/analysis/phaseB_ngram_hamming_full_raw_asset_shards_v1/20260530T120414Z__phaseB_ngram_hamming_full_raw_asset_shards_v1/order_3/shard_0676__7_4_3.txt/shard_manifest.json,3,2,676,42544966,7 4 3.txt,1887765,1887765,pass
2645109,2646132,219.01499999999942,output/tools/benchmarks/periodic_sub_trans/no_wli/analysis/phaseB_ngram_hamming_full_raw_asset_shards_v1/20260530T120414Z__phaseB_ngram_hamming_full_raw_asset_shards_v1/order_3/shard_0677__7_4_4.txt/shard_manifest.json,3,2,677,40334320,7 4 4.txt,1720886,1720886,pass
2252316,2253284,199.71900000001187,output/tools/benchmarks/periodic_sub_trans/no_wli/analysis/phaseB_ngram_hamming_full_raw_asset_shards_v1/20260530T120414Z__phaseB_ngram_hamming_full_raw_asset_shards_v1/order_3/shard_0678__7_4_5.txt/shard_manifest.json,3,2,678,36784337,7 4 5.txt,1503788,1503788,pass
1974397,1975445,179.125,output/tools/benchmarks/periodic_sub_trans/no_wli/analysis/phaseB_ngram_hamming_full_raw_asset_shards_v1/20260530T120414Z__phaseB_ngram_hamming_full_raw_asset_shards_v1/order_3/shard_0679__7_4_6.txt/shard_manifest.json,3,2,679,33988004,7 4 6.txt,1335759,1335759,pass
1755878,1756850,164.78100000000268,output/tools/benchmarks/periodic_sub_trans/no_wli/analysis/phaseB_ngram_hamming_full_raw_asset_shards_v1/20260530T120414Z__phaseB_ngram_hamming_full_raw_asset_shards_v1/order_3/shard_0680__7_4_7.txt/shard_manifest.json,3,2,680,31248690,7 4 7.txt,1182076,1182076,pass
1429619,1430808,139.46899999999732,output/tools/benchmarks/periodic_sub_trans/no_wli/analysis/phaseB_ngram_hamming_full_raw_asset_shards_v1/20260530T120414Z__phaseB_ngram_hamming_full_raw_asset_shards_v1/order_3/shard_0681__7_4_8.txt/shard_manifest.json,3,2,681,26478142,7 4 8.txt,965317,965317,pass
1057307,1058542,106.46899999999732,output/tools/benchmarks/periodic_sub_trans/no_wli/analysis/phaseB_ngram_hamming_full_raw_asset_shards_v1/20260530T120414Z__phaseB_ngram_hamming_full_raw_asset_shards_v1/order_3/shard_0682__7_4_9.txt/shard_manifest.json,3,2,682,20684972,7 4 9.txt,727236,727236,pass
0,0,0.9690000000118744,output/tools/benchmarks/periodic_sub_trans/no_wli/analysis/phaseB_ngram_hamming_full_raw_asset_shards_v1/20260530T120414Z__phaseB_ngram_hamming_full_raw_asset_shards_v1/order_3/shard_0683__7_4_e.txt/shard_manifest.json,3,2,683,9475971,7 4 e.txt,389653,0,pass
238518,238571,20.468000000008033,output/tools/benchmarks/periodic_sub_trans/no_wli/analysis/phaseB_ngram_hamming_full_raw_asset_shards_v1/20260530T120414Z__phaseB_ngram_hamming_full_raw_asset_shards_v1/order_3/shard_0684__7_5_1.txt/shard_manifest.json,3,2,684,5319803,7 5 1.txt,250366,250366,pass
399812,400272,44.5,output/tools/benchmarks/periodic_sub_trans/no_wli/analysis/phaseB_ngram_hamming_full_raw_asset_shards_v1/20260530T120414Z__phaseB_ngram_hamming_full_raw_asset_shards_v1/order_3/shard_0685__7_5_10.txt/shard_manifest.json,3,2,685,8226236,7 5 10.txt,270180,270180,pass
2858711,2859962,245.59400000001187,output/tools/benchmarks/periodic_sub_trans/no_wli/analysis/phaseB_ngram_hamming_full_raw_asset_shards_v1/20260530T120414Z__phaseB_ngram_hamming_full_raw_asset_shards_v1/order_3/shard_0686__7_5_2.txt/shard_manifest.json,3,2,686,49019229,7 5 2.txt,2178454,2178454,pass
2786062,2787234,241.82800000000861,output/tools/benchmarks/periodic_sub_trans/no_wli/analysis/phaseB_ngram_hamming_full_raw_asset_shards_v1/20260530T120414Z__phaseB_ngram_hamming_full_raw_asset_shards_v1/order_3/shard_0687__7_5_3.txt/shard_manifest.json,3,2,687,47861538,7 5 3.txt,2033170,2033170,pass
2221697,2222295,196.76600000000326,output/tools/benchmarks/periodic_sub_trans/no_wli/analysis/phaseB_ngram_hamming_full_raw_asset_shards_v1/20260530T120414Z__phaseB_ngram_hamming_full_raw_asset_shards_v1/order_3/shard_0688__7_5_4.txt/shard_manifest.json,3,2,688,35996822,7 5 4.txt,1475335,1475335,pass
1737676,1738013,159.3119999999908,output/tools/benchmarks/periodic_sub_trans/no_wli/analysis/phaseB_ngram_hamming_full_raw_asset_shards_v1/20260530T120414Z__phaseB_ngram_hamming_full_raw_asset_shards_v1/order_3/shard_0689__7_5_5.txt/shard_manifest.json,3,2,689,29932409,7 5 5.txt,1178657,1178657,pass
1398946,1399229,132.34400000001187,output/tools/benchmarks/periodic_sub_trans/no_wli/analysis/phaseB_ngram_hamming_full_raw_asset_shards_v1/20260530T120414Z__phaseB_ngram_hamming_full_raw_asset_shards_v1/order_3/shard_0690__7_5_6.txt/shard_manifest.json,3,2,690,25380408,7 5 6.txt,961311,961311,pass
1254881,1255185,125.89100000000326,output/tools/benchmarks/periodic_sub_trans/no_wli/analysis/phaseB_ngram_hamming_full_raw_asset_shards_v1/20260530T120414Z__phaseB_ngram_hamming_full_raw_asset_shards_v1/order_3/shard_0691__7_5_7.txt/shard_manifest.json,3,2,691,23505590,7 5 7.txt,857861,857861,pass
926728,927071,94.90599999998813,output/tools/benchmarks/periodic_sub_trans/no_wli/analysis/phaseB_ngram_hamming_full_raw_asset_shards_v1/20260530T120414Z__phaseB_ngram_hamming_full_raw_asset_shards_v1/order_3/shard_0692__7_5_8.txt/shard_manifest.json,3,2,692,17885809,7 5 8.txt,629916,629916,pass
0,0,1.2339999999967404,output/tools/benchmarks/periodic_sub_trans/no_wli/analysis/phaseB_ngram_hamming_full_raw_asset_shards_v1/20260530T120414Z__phaseB_ngram_hamming_full_raw_asset_shards_v1/order_3/shard_0693__7_5_e.txt/shard_manifest.json,3,2,693,12794341,7 5 e.txt,503854,0,pass
213858,213898,18.827999999994063,output/tools/benchmarks/periodic_sub_trans/no_wli/analysis/phaseB_ngram_hamming_full_raw_asset_shards_v1/20260530T120414Z__phaseB_ngram_hamming_full_raw_asset_shards_v1/order_3/shard_0694__7_6_1.txt/shard_manifest.json,3,2,694,5139358,7 6 1.txt,231424,231424,pass
2739107,2740285,246.0,output/tools/benchmarks/periodic_sub_trans/no_wli/analysis/phaseB_ngram_hamming_full_raw_asset_shards_v1/20260530T120414Z__phaseB_ngram_hamming_full_raw_asset_shards_v1/order_3/shard_0695__7_6_2.txt/shard_manifest.json,3,2,695,49233066,7 6 2.txt,2097570,2097570,pass
2406074,2407514,217.43700000000536,output/tools/benchmarks/periodic_sub_trans/no_wli/analysis/phaseB_ngram_hamming_full_raw_asset_shards_v1/20260530T120414Z__phaseB_ngram_hamming_full_raw_asset_shards_v1/order_3/shard_0696__7_6_3.txt/shard_manifest.json,3,2,696,43953718,7 6 3.txt,1792909,1792909,pass
1704832,1705346,156.875,output/tools/benchmarks/periodic_sub_trans/no_wli/analysis/phaseB_ngram_hamming_full_raw_asset_shards_v1/20260530T120414Z__phaseB_ngram_hamming_full_raw_asset_shards_v1/order_3/shard_0697__7_6_4.txt/shard_manifest.json,3,2,697,29346637,7 6 4.txt,1153131,1153131,pass
1356489,1356747,130.13999999999942,output/tools/benchmarks/periodic_sub_trans/no_wli/analysis/phaseB_ngram_hamming_full_raw_asset_shards_v1/20260530T120414Z__phaseB_ngram_hamming_full_raw_asset_shards_v1/order_3/shard_0698__7_6_5.txt/shard_manifest.json,3,2,698,24907108,7 6 5.txt,939912,939912,pass
803283,803478,85.48399999999674,output/tools/benchmarks/periodic_sub_trans/no_wli/analysis/phaseB_ngram_hamming_full_raw_asset_shards_v1/20260530T120414Z__phaseB_ngram_hamming_full_raw_asset_shards_v1/order_3/shard_0699__7_6_8.txt/shard_manifest.json,3,2,699,16335817,7 6 8.txt,553151,553151,pass
566426,566847,63.65699999999197,output/tools/benchmarks/periodic_sub_trans/no_wli/analysis/phaseB_ngram_hamming_full_raw_asset_shards_v1/20260530T120414Z__phaseB_ngram_hamming_full_raw_asset_shards_v1/order_3/shard_0700__7_6_9.txt/shard_manifest.json,3,2,700,12202227,7 6 9.txt,399277,399277,pass
196329,196391,17.812999999994645,output/tools/benchmarks/periodic_sub_trans/no_wli/analysis/phaseB_ngram_hamming_full_raw_asset_shards_v1/20260530T120414Z__phaseB_ngram_hamming_full_raw_asset_shards_v1/order_3/shard_0701__7_7_1.txt/shard_manifest.json,3,2,701,4393380,7 7 1.txt,189308,189308,pass
374593,374836,43.89099999998871,output/tools/benchmarks/periodic_sub_trans/no_wli/analysis/phaseB_ngram_hamming_full_raw_asset_shards_v1/20260530T120414Z__phaseB_ngram_hamming_full_raw_asset_shards_v1/order_3/shard_0702__7_7_10.txt/shard_manifest.json,3,2,702,8337678,7 7 10.txt,255922,255922,pass
2575040,2576012,235.81299999999464,output/tools/benchmarks/periodic_sub_trans/no_wli/analysis/phaseB_ngram_hamming_full_raw_asset_shards_v1/20260530T120414Z__phaseB_ngram_hamming_full_raw_asset_shards_v1/order_3/shard_0703__7_7_2.txt/shard_manifest.json,3,2,703,48252493,7 7 2.txt,1971921,1971921,pass
2199696,2200501,201.20299999999406,output/tools/benchmarks/periodic_sub_trans/no_wli/analysis/phaseB_ngram_hamming_full_raw_asset_shards_v1/20260530T120414Z__phaseB_ngram_hamming_full_raw_asset_shards_v1/order_3/shard_0704__7_7_3.txt/shard_manifest.json,3,2,704,41718513,7 7 3.txt,1635940,1635940,pass
1519741,1520129,143.96899999999732,output/tools/benchmarks/periodic_sub_trans/no_wli/analysis/phaseB_ngram_hamming_full_raw_asset_shards_v1/20260530T120414Z__phaseB_ngram_hamming_full_raw_asset_shards_v1/order_3/shard_0705__7_7_4.txt/shard_manifest.json,3,2,705,26991897,7 7 4.txt,1021210,1021210,pass
1199532,1199722,117.57800000000861,output/tools/benchmarks/periodic_sub_trans/no_wli/analysis/phaseB_ngram_hamming_full_raw_asset_shards_v1/20260530T120414Z__phaseB_ngram_hamming_full_raw_asset_shards_v1/order_3/shard_0706__7_7_5.txt/shard_manifest.json,3,2,706,22489839,7 7 5.txt,819954,819954,pass
978297,978437,101.85899999999674,output/tools/benchmarks/periodic_sub_trans/no_wli/analysis/phaseB_ngram_hamming_full_raw_asset_shards_v1/20260530T120414Z__phaseB_ngram_hamming_full_raw_asset_shards_v1/order_3/shard_0707__7_7_7.txt/shard_manifest.json,3,2,707,19988525,7 7 7.txt,677483,677483,pass
776671,776821,84.93700000000536,output/tools/benchmarks/periodic_sub_trans/no_wli/analysis/phaseB_ngram_hamming_full_raw_asset_shards_v1/20260530T120414Z__phaseB_ngram_hamming_full_raw_asset_shards_v1/order_3/shard_0708__7_7_8.txt/shard_manifest.json,3,2,708,16198859,7 7 8.txt,531035,531035,pass
1798763,1799457,172.42200000000594,output/tools/benchmarks/periodic_sub_trans/no_wli/analysis/phaseB_ngram_hamming_full_raw_asset_shards_v1/20260530T120414Z__phaseB_ngram_hamming_full_raw_asset_shards_v1/order_3/shard_0709__7_8_3.txt/shard_manifest.json,3,2,709,35201847,7 8 3.txt,1327779,1327779,pass
1158958,1159284,115.03200000000652,output/tools/benchmarks/periodic_sub_trans/no_wli/analysis/phaseB_ngram_hamming_full_raw_asset_shards_v1/20260530T120414Z__phaseB_ngram_hamming_full_raw_asset_shards_v1/order_3/shard_0710__7_8_4.txt/shard_manifest.json,3,2,710,21233664,7 8 4.txt,774712,774712,pass
770248,770384,81.625,output/tools/benchmarks/periodic_sub_trans/no_wli/analysis/phaseB_ngram_hamming_full_raw_asset_shards_v1/20260530T120414Z__phaseB_ngram_hamming_full_raw_asset_shards_v1/order_3/shard_0711__7_8_6.txt/shard_manifest.json,3,2,711,15525765,7 8 6.txt,526405,526405,pass
1352493,1353523,136.09399999999732,output/tools/benchmarks/periodic_sub_trans/no_wli/analysis/phaseB_ngram_hamming_full_raw_asset_shards_v1/20260530T120414Z__phaseB_ngram_hamming_full_raw_asset_shards_v1/order_3/shard_0712__7_9_3.txt/shard_manifest.json,3,2,712,28286869,7 9 3.txt,1027429,1027429,pass
687346,687677,71.92200000000594,output/tools/benchmarks/periodic_sub_trans/no_wli/analysis/phaseB_ngram_hamming_full_raw_asset_shards_v1/20260530T120414Z__phaseB_ngram_hamming_full_raw_asset_shards_v1/order_3/shard_0713__7_9_5.txt/shard_manifest.json,3,2,713,13963621,7 9 5.txt,473837,473837,pass
543667,543926,60.625,output/tools/benchmarks/periodic_sub_trans/no_wli/analysis/phaseB_ngram_hamming_full_raw_asset_shards_v1/20260530T120414Z__phaseB_ngram_hamming_full_raw_asset_shards_v1/order_3/shard_0714__7_9_6.txt/shard_manifest.json,3,2,714,11700165,7 9 6.txt,383101,383101,pass
556761,556940,63.0630000000092,output/tools/benchmarks/periodic_sub_trans/no_wli/analysis/phaseB_ngram_hamming_full_raw_asset_shards_v1/20260530T120414Z__phaseB_ngram_hamming_full_raw_asset_shards_v1/order_3/shard_0715__7_9_7.txt/shard_manifest.json,3,2,715,12427282,7 9 7.txt,393577,393577,pass
25812,25839,2.077999999994063,output/tools/benchmarks/periodic_sub_trans/no_wli/analysis/phaseB_ngram_hamming_full_raw_asset_shards_v1/20260530T120414Z__phaseB_ngram_hamming_full_raw_asset_shards_v1/order_3/shard_0716__8_1_2.txt/shard_manifest.json,3,2,716,1133171,8 1 2.txt,58727,58727,pass
146881,147109,11.843999999997322,output/tools/benchmarks/periodic_sub_trans/no_wli/analysis/phaseB_ngram_hamming_full_raw_asset_shards_v1/20260530T120414Z__phaseB_ngram_hamming_full_raw_asset_shards_v1/order_3/shard_0717__8_1_3.txt/shard_manifest.json,3,2,717,2835961,8 1 3.txt,139813,139813,pass
360743,361726,29.76600000000326,output/tools/benchmarks/periodic_sub_trans/no_wli/analysis/phaseB_ngram_hamming_full_raw_asset_shards_v1/20260530T120414Z__phaseB_ngram_hamming_full_raw_asset_shards_v1/order_3/shard_0718__8_1_4.txt/shard_manifest.json,3,2,718,5849192,8 1 4.txt,274513,274513,pass
327707,328494,28.671999999991385,output/tools/benchmarks/periodic_sub_trans/no_wli/analysis/phaseB_ngram_hamming_full_raw_asset_shards_v1/20260530T120414Z__phaseB_ngram_hamming_full_raw_asset_shards_v1/order_3/shard_0719__8_1_5.txt/shard_manifest.json,3,2,719,6101897,8 1 5.txt,273239,273239,pass
0,0,0.10899999999674037,output/tools/benchmarks/periodic_sub_trans/no_wli/analysis/phaseB_ngram_hamming_full_raw_asset_shards_v1/20260530T120414Z__phaseB_ngram_hamming_full_raw_asset_shards_v1/order_3/shard_0720__8_1_e.txt/shard_manifest.json,3,2,720,770971,8 1 e.txt,34808,0,pass
969242,972055,104.29700000000594,output/tools/benchmarks/periodic_sub_trans/no_wli/analysis/phaseB_ngram_hamming_full_raw_asset_shards_v1/20260530T120414Z__phaseB_ngram_hamming_full_raw_asset_shards_v1/order_3/shard_0721__8_10_2.txt/shard_manifest.json,3,2,721,21235467,8 10 2.txt,747316,747316,pass
565170,566948,61.23399999999674,output/tools/benchmarks/periodic_sub_trans/no_wli/analysis/phaseB_ngram_hamming_full_raw_asset_shards_v1/20260530T120414Z__phaseB_ngram_hamming_full_raw_asset_shards_v1/order_3/shard_0722__8_11_2.txt/shard_manifest.json,3,2,722,12722003,8 11 2.txt,432040,432040,pass
821705,824644,87.82799999999406,output/tools/benchmarks/periodic_sub_trans/no_wli/analysis/phaseB_ngram_hamming_full_raw_asset_shards_v1/20260530T120414Z__phaseB_ngram_hamming_full_raw_asset_shards_v1/order_3/shard_0723__8_2_11.txt/shard_manifest.json,3,2,723,19692436,8 2 11.txt,664952,664952,pass
588056,588681,49.562000000005355,output/tools/benchmarks/periodic_sub_trans/no_wli/analysis/phaseB_ngram_hamming_full_raw_asset_shards_v1/20260530T120414Z__phaseB_ngram_hamming_full_raw_asset_shards_v1/order_3/shard_0724__8_2_2.txt/shard_manifest.json,3,2,724,14818025,8 2 2.txt,719833,719833,pass
1722080,1723902,150.25,output/tools/benchmarks/periodic_sub_trans/no_wli/analysis/phaseB_ngram_hamming_full_raw_asset_shards_v1/20260530T120414Z__phaseB_ngram_hamming_full_raw_asset_shards_v1/order_3/shard_0725__8_2_3.txt/shard_manifest.json,3,2,725,31861549,8 2 3.txt,1477104,1477104,pass
3171709,3176516,266.0469999999914,output/tools/benchmarks/periodic_sub_trans/no_wli/analysis/phaseB_ngram_hamming_full_raw_asset_shards_v1/20260530T120414Z__phaseB_ngram_hamming_full_raw_asset_shards_v1/order_3/shard_0726__8_2_4.txt/shard_manifest.json,3,2,726,54425855,8 2 4.txt,2410099,2410099,pass
3253792,3258188,286.9060000000027,output/tools/benchmarks/periodic_sub_trans/no_wli/analysis/phaseB_ngram_hamming_full_raw_asset_shards_v1/20260530T120414Z__phaseB_ngram_hamming_full_raw_asset_shards_v1/order_3/shard_0727__8_2_5.txt/shard_manifest.json,3,2,727,60849208,8 2 5.txt,2576140,2576140,pass
3314171,3318382,297.42200000000594,output/tools/benchmarks/periodic_sub_trans/no_wli/analysis/phaseB_ngram_hamming_full_raw_asset_shards_v1/20260530T120414Z__phaseB_ngram_hamming_full_raw_asset_shards_v1/order_3/shard_0728__8_2_6.txt/shard_manifest.json,3,2,728,65134378,8 2 6.txt,2650998,2650998,pass
3124734,3128851,293.32799999999406,output/tools/benchmarks/periodic_sub_trans/no_wli/analysis/phaseB_ngram_hamming_full_raw_asset_shards_v1/20260530T120414Z__phaseB_ngram_hamming_full_raw_asset_shards_v1/order_3/shard_0729__8_2_7.txt/shard_manifest.json,3,2,729,63919790,8 2 7.txt,2499573,2499573,pass
2052909,2057695,204.89100000000326,output/tools/benchmarks/periodic_sub_trans/no_wli/analysis/phaseB_ngram_hamming_full_raw_asset_shards_v1/20260530T120414Z__phaseB_ngram_hamming_full_raw_asset_shards_v1/order_3/shard_0730__8_2_9.txt/shard_manifest.json,3,2,730,46733164,8 2 9.txt,1695699,1695699,pass
0,0,0.15600000000267755,output/tools/benchmarks/periodic_sub_trans/no_wli/analysis/phaseB_ngram_hamming_full_raw_asset_shards_v1/20260530T120414Z__phaseB_ngram_hamming_full_raw_asset_shards_v1/order_3/shard_0731__8_2_e.txt/shard_manifest.json,3,2,731,1316307,8 2 e.txt,56386,0,pass
1385485,1386727,118.39100000000326,output/tools/benchmarks/periodic_sub_trans/no_wli/analysis/phaseB_ngram_hamming_full_raw_asset_shards_v1/20260530T120414Z__phaseB_ngram_hamming_full_raw_asset_shards_v1/order_3/shard_0732__8_3_2.txt/shard_manifest.json,3,2,732,27339788,8 3 2.txt,1265785,1265785,pass
2158241,2159775,181.73399999999674,output/tools/benchmarks/periodic_sub_trans/no_wli/analysis/phaseB_ngram_hamming_full_raw_asset_shards_v1/20260530T120414Z__phaseB_ngram_hamming_full_raw_asset_shards_v1/order_3/shard_0733__8_3_3.txt/shard_manifest.json,3,2,733,38866721,8 3 3.txt,1718796,1718796,pass
3102252,3104588,265.06200000000536,output/tools/benchmarks/periodic_sub_trans/no_wli/analysis/phaseB_ngram_hamming_full_raw_asset_shards_v1/20260530T120414Z__phaseB_ngram_hamming_full_raw_asset_shards_v1/order_3/shard_0734__8_3_4.txt/shard_manifest.json,3,2,734,53478882,8 3 4.txt,2274818,2274818,pass
2766088,2768089,246.14100000000326,output/tools/benchmarks/periodic_sub_trans/no_wli/analysis/phaseB_ngram_hamming_full_raw_asset_shards_v1/20260530T120414Z__phaseB_ngram_hamming_full_raw_asset_shards_v1/order_3/shard_0735__8_3_5.txt/shard_manifest.json,3,2,735,49894603,8 3 5.txt,2035280,2035280,pass
2729600,2731658,248.90600000000268,output/tools/benchmarks/periodic_sub_trans/no_wli/analysis/phaseB_ngram_hamming_full_raw_asset_shards_v1/20260530T120414Z__phaseB_ngram_hamming_full_raw_asset_shards_v1/order_3/shard_0736__8_3_6.txt/shard_manifest.json,3,2,736,51429859,8 3 6.txt,2019981,2019981,pass
2493852,2496121,235.51600000000326,output/tools/benchmarks/periodic_sub_trans/no_wli/analysis/phaseB_ngram_hamming_full_raw_asset_shards_v1/20260530T120414Z__phaseB_ngram_hamming_full_raw_asset_shards_v1/order_3/shard_0737__8_3_7.txt/shard_manifest.json,3,2,737,49012374,8 3 7.txt,1853769,1853769,pass
2234127,2236965,216.21899999999732,output/tools/benchmarks/periodic_sub_trans/no_wli/analysis/phaseB_ngram_hamming_full_raw_asset_shards_v1/20260530T120414Z__phaseB_ngram_hamming_full_raw_asset_shards_v1/order_3/shard_0738__8_3_8.txt/shard_manifest.json,3,2,738,46007990,8 3 8.txt,1678509,1678509,pass
1647912,1650571,165.09300000000803,output/tools/benchmarks/periodic_sub_trans/no_wli/analysis/phaseB_ngram_hamming_full_raw_asset_shards_v1/20260530T120414Z__phaseB_ngram_hamming_full_raw_asset_shards_v1/order_3/shard_0739__8_3_9.txt/shard_manifest.json,3,2,739,36252851,8 3 9.txt,1276179,1276179,pass
0,0,0.40600000000267755,output/tools/benchmarks/periodic_sub_trans/no_wli/analysis/phaseB_ngram_hamming_full_raw_asset_shards_v1/20260530T120414Z__phaseB_ngram_hamming_full_raw_asset_shards_v1/order_3/shard_0740__8_3_e.txt/shard_manifest.json,3,2,740,3831300,8 3 e.txt,157110,0,pass
200030,200198,16.514999999999418,output/tools/benchmarks/periodic_sub_trans/no_wli/analysis/phaseB_ngram_hamming_full_raw_asset_shards_v1/20260530T120414Z__phaseB_ngram_hamming_full_raw_asset_shards_v1/order_3/shard_0741__8_4_1.txt/shard_manifest.json,3,2,741,4229205,8 4 1.txt,198895,198895,pass
487956,488962,53.92200000000594,output/tools/benchmarks/periodic_sub_trans/no_wli/analysis/phaseB_ngram_hamming_full_raw_asset_shards_v1/20260530T120414Z__phaseB_ngram_hamming_full_raw_asset_shards_v1/order_3/shard_0742__8_4_10.txt/shard_manifest.json,3,2,742,10177029,8 4 10.txt,334728,334728,pass
2111685,2113390,179.875,output/tools/benchmarks/periodic_sub_trans/no_wli/analysis/phaseB_ngram_hamming_full_raw_asset_shards_v1/20260530T120414Z__phaseB_ngram_hamming_full_raw_asset_shards_v1/order_3/shard_0743__8_4_2.txt/shard_manifest.json,3,2,743,35996780,8 4 2.txt,1603472,1603472,pass
2094732,2096133,180.2340000000113,output/tools/benchmarks/periodic_sub_trans/no_wli/analysis/phaseB_ngram_hamming_full_raw_asset_shards_v1/20260530T120414Z__phaseB_ngram_hamming_full_raw_asset_shards_v1/order_3/shard_0744__8_4_3.txt/shard_manifest.json,3,2,744,34699298,8 4 3.txt,1475459,1475459,pass
1962041,1963071,169.28200000000652,output/tools/benchmarks/periodic_sub_trans/no_wli/analysis/phaseB_ngram_hamming_full_raw_asset_shards_v1/20260530T120414Z__phaseB_ngram_hamming_full_raw_asset_shards_v1/order_3/shard_0745__8_4_4.txt/shard_manifest.json,3,2,745,31839226,8 4 4.txt,1304628,1304628,pass
1643941,1644836,151.46899999999732,output/tools/benchmarks/periodic_sub_trans/no_wli/analysis/phaseB_ngram_hamming_full_raw_asset_shards_v1/20260530T120414Z__phaseB_ngram_hamming_full_raw_asset_shards_v1/order_3/shard_0746__8_4_5.txt/shard_manifest.json,3,2,746,28250360,8 4 5.txt,1111788,1111788,pass
1430242,1431118,134.5,output/tools/benchmarks/periodic_sub_trans/no_wli/analysis/phaseB_ngram_hamming_full_raw_asset_shards_v1/20260530T120414Z__phaseB_ngram_hamming_full_raw_asset_shards_v1/order_3/shard_0747__8_4_6.txt/shard_manifest.json,3,2,747,25814709,8 4 6.txt,977976,977976,pass
1267123,1267949,123.71899999999732,output/tools/benchmarks/periodic_sub_trans/no_wli/analysis/phaseB_ngram_hamming_full_raw_asset_shards_v1/20260530T120414Z__phaseB_ngram_hamming_full_raw_asset_shards_v1/order_3/shard_0748__8_4_7.txt/shard_manifest.json,3,2,748,23626548,8 4 7.txt,863018,863018,pass
770366,771362,80.81200000000536,output/tools/benchmarks/periodic_sub_trans/no_wli/analysis/phaseB_ngram_hamming_full_raw_asset_shards_v1/20260530T120414Z__phaseB_ngram_hamming_full_raw_asset_shards_v1/order_3/shard_0749__8_4_9.txt/shard_manifest.json,3,2,749,15771617,8 4 9.txt,536763,536763,pass
0,0,0.7809999999881256,output/tools/benchmarks/periodic_sub_trans/no_wli/analysis/phaseB_ngram_hamming_full_raw_asset_shards_v1/20260530T120414Z__phaseB_ngram_hamming_full_raw_asset_shards_v1/order_3/shard_0750__8_4_e.txt/shard_manifest.json,3,2,750,7991885,8 4 e.txt,315918,0,pass
2345512,2347342,207.06200000000536,output/tools/benchmarks/periodic_sub_trans/no_wli/analysis/phaseB_ngram_hamming_full_raw_asset_shards_v1/20260530T120414Z__phaseB_ngram_hamming_full_raw_asset_shards_v1/order_3/shard_0751__8_5_2.txt/shard_manifest.json,3,2,751,42270712,8 5 2.txt,1800732,1800732,pass
2188622,2190018,197.78100000000268,output/tools/benchmarks/periodic_sub_trans/no_wli/analysis/phaseB_ngram_hamming_full_raw_asset_shards_v1/20260530T120414Z__phaseB_ngram_hamming_full_raw_asset_shards_v1/order_3/shard_0752__8_5_3.txt/shard_manifest.json,3,2,752,39249098,8 5 3.txt,1601190,1601190,pass
1685630,1686274,152.23399999999674,output/tools/benchmarks/periodic_sub_trans/no_wli/analysis/phaseB_ngram_hamming_full_raw_asset_shards_v1/20260530T120414Z__phaseB_ngram_hamming_full_raw_asset_shards_v1/order_3/shard_0753__8_5_4.txt/shard_manifest.json,3,2,753,28669373,8 5 4.txt,1130552,1130552,pass
1285517,1285886,122.28200000000652,output/tools/benchmarks/periodic_sub_trans/no_wli/analysis/phaseB_ngram_hamming_full_raw_asset_shards_v1/20260530T120414Z__phaseB_ngram_hamming_full_raw_asset_shards_v1/order_3/shard_0754__8_5_5.txt/shard_manifest.json,3,2,754,23110136,8 5 5.txt,877137,877137,pass
913732,913985,93.0,output/tools/benchmarks/periodic_sub_trans/no_wli/analysis/phaseB_ngram_hamming_full_raw_asset_shards_v1/20260530T120414Z__phaseB_ngram_hamming_full_raw_asset_shards_v1/order_3/shard_0755__8_5_7.txt/shard_manifest.json,3,2,755,17700284,8 5 7.txt,624166,624166,pass
0,0,1.0319999999919673,output/tools/benchmarks/periodic_sub_trans/no_wli/analysis/phaseB_ngram_hamming_full_raw_asset_shards_v1/20260530T120414Z__phaseB_ngram_hamming_full_raw_asset_shards_v1/order_3/shard_0756__8_5_e.txt/shard_manifest.json,3,2,756,11049111,8 5 e.txt,419077,0,pass
0,0,0.17200000000593718,output/tools/benchmarks/periodic_sub_trans/no_wli/analysis/phaseB_ngram_hamming_full_raw_asset_shards_v1/20260530T120414Z__phaseB_ngram_hamming_full_raw_asset_shards_v1/order_3/shard_0757__8_5_q.txt/shard_manifest.json,3,2,757,1375511,8 5 q.txt,61901,0,pass
2264373,2266026,208.63999999999942,output/tools/benchmarks/periodic_sub_trans/no_wli/analysis/phaseB_ngram_hamming_full_raw_asset_shards_v1/20260530T120414Z__phaseB_ngram_hamming_full_raw_asset_shards_v1/order_3/shard_0758__8_6_2.txt/shard_manifest.json,3,2,758,42459941,8 6 2.txt,1736511,1736511,pass
1897306,1898811,176.73399999999674,output/tools/benchmarks/periodic_sub_trans/no_wli/analysis/phaseB_ngram_hamming_full_raw_asset_shards_v1/20260530T120414Z__phaseB_ngram_hamming_full_raw_asset_shards_v1/order_3/shard_0759__8_6_3.txt/shard_manifest.json,3,2,759,35768782,8 6 3.txt,1403040,1403040,pass
1293278,1293774,123.53200000000652,output/tools/benchmarks/periodic_sub_trans/no_wli/analysis/phaseB_ngram_hamming_full_raw_asset_shards_v1/20260530T120414Z__phaseB_ngram_hamming_full_raw_asset_shards_v1/order_3/shard_0760__8_6_4.txt/shard_manifest.json,3,2,760,23108910,8 6 4.txt,874732,874732,pass
1005896,1006172,100.875,output/tools/benchmarks/periodic_sub_trans/no_wli/analysis/phaseB_ngram_hamming_full_raw_asset_shards_v1/20260530T120414Z__phaseB_ngram_hamming_full_raw_asset_shards_v1/order_3/shard_0761__8_6_5.txt/shard_manifest.json,3,2,761,19096185,8 6 5.txt,695506,695506,pass
747754,747944,78.28100000000268,output/tools/benchmarks/periodic_sub_trans/no_wli/analysis/phaseB_ngram_hamming_full_raw_asset_shards_v1/20260530T120414Z__phaseB_ngram_hamming_full_raw_asset_shards_v1/order_3/shard_0762__8_6_7.txt/shard_manifest.json,3,2,762,15310386,8 6 7.txt,518599,518599,pass
604736,604900,66.88999999999942,output/tools/benchmarks/periodic_sub_trans/no_wli/analysis/phaseB_ngram_hamming_full_raw_asset_shards_v1/20260530T120414Z__phaseB_ngram_hamming_full_raw_asset_shards_v1/order_3/shard_0763__8_6_8.txt/shard_manifest.json,3,2,763,12720884,8 6 8.txt,416933,416933,pass
2160089,2161519,205.09399999999732,output/tools/benchmarks/periodic_sub_trans/no_wli/analysis/phaseB_ngram_hamming_full_raw_asset_shards_v1/20260530T120414Z__phaseB_ngram_hamming_full_raw_asset_shards_v1/order_3/shard_0764__8_7_2.txt/shard_manifest.json,3,2,764,42323324,8 7 2.txt,1662748,1662748,pass
1771530,1772571,170.67200000000594,output/tools/benchmarks/periodic_sub_trans/no_wli/analysis/phaseB_ngram_hamming_full_raw_asset_shards_v1/20260530T120414Z__phaseB_ngram_hamming_full_raw_asset_shards_v1/order_3/shard_0765__8_7_3.txt/shard_manifest.json,3,2,765,34741831,8 7 3.txt,1311972,1311972,pass
1176380,1176776,115.84400000001187,output/tools/benchmarks/periodic_sub_trans/no_wli/analysis/phaseB_ngram_hamming_full_raw_asset_shards_v1/20260530T120414Z__phaseB_ngram_hamming_full_raw_asset_shards_v1/order_3/shard_0766__8_7_4.txt/shard_manifest.json,3,2,766,21784520,8 7 4.txt,795039,795039,pass
125688,125762,11.89100000000326,output/tools/benchmarks/periodic_sub_trans/no_wli/analysis/phaseB_ngram_hamming_full_raw_asset_shards_v1/20260530T120414Z__phaseB_ngram_hamming_full_raw_asset_shards_v1/order_3/shard_0767__8_8_1.txt/shard_manifest.json,3,2,767,2711655,8 8 1.txt,107567,107567,pass
1885288,1886706,183.13999999999942,output/tools/benchmarks/periodic_sub_trans/no_wli/analysis/phaseB_ngram_hamming_full_raw_asset_shards_v1/20260530T120414Z__phaseB_ngram_hamming_full_raw_asset_shards_v1/order_3/shard_0768__8_8_2.txt/shard_manifest.json,3,2,768,37927880,8 8 2.txt,1436218,1436218,pass
1478897,1479760,145.28100000000268,output/tools/benchmarks/periodic_sub_trans/no_wli/analysis/phaseB_ngram_hamming_full_raw_asset_shards_v1/20260530T120414Z__phaseB_ngram_hamming_full_raw_asset_shards_v1/order_3/shard_0769__8_8_3.txt/shard_manifest.json,3,2,769,30049239,8 8 3.txt,1093480,1093480,pass
715524,715666,75.23399999999674,output/tools/benchmarks/periodic_sub_trans/no_wli/analysis/phaseB_ngram_hamming_full_raw_asset_shards_v1/20260530T120414Z__phaseB_ngram_hamming_full_raw_asset_shards_v1/order_3/shard_0770__8_8_5.txt/shard_manifest.json,3,2,770,14359189,8 8 5.txt,488825,488825,pass
570495,570618,63.53100000000268,output/tools/benchmarks/periodic_sub_trans/no_wli/analysis/phaseB_ngram_hamming_full_raw_asset_shards_v1/20260530T120414Z__phaseB_ngram_hamming_full_raw_asset_shards_v1/order_3/shard_0771__8_8_6.txt/shard_manifest.json,3,2,771,12014053,8 8 6.txt,394491,394491,pass
323762,323872,42.125,output/tools/benchmarks/periodic_sub_trans/no_wli/analysis/phaseB_ngram_hamming_full_raw_asset_shards_v1/20260530T120414Z__phaseB_ngram_hamming_full_raw_asset_shards_v1/order_3/shard_0772__8_8_9.txt/shard_manifest.json,3,2,772,7726403,8 8 9.txt,230661,230661,pass
1417178,1419369,147.46799999999348,output/tools/benchmarks/periodic_sub_trans/no_wli/analysis/phaseB_ngram_hamming_full_raw_asset_shards_v1/20260530T120414Z__phaseB_ngram_hamming_full_raw_asset_shards_v1/order_3/shard_0773__8_9_2.txt/shard_manifest.json,3,2,773,30363979,8 9 2.txt,1107979,1107979,pass
1109445,1110568,114.85900000001129,output/tools/benchmarks/periodic_sub_trans/no_wli/analysis/phaseB_ngram_hamming_full_raw_asset_shards_v1/20260530T120414Z__phaseB_ngram_hamming_full_raw_asset_shards_v1/order_3/shard_0774__8_9_3.txt/shard_manifest.json,3,2,774,24124837,8 9 3.txt,846637,846637,pass
397753,397955,45.17200000000594,output/tools/benchmarks/periodic_sub_trans/no_wli/analysis/phaseB_ngram_hamming_full_raw_asset_shards_v1/20260530T120414Z__phaseB_ngram_hamming_full_raw_asset_shards_v1/order_3/shard_0775__8_9_6.txt/shard_manifest.json,3,2,775,8925546,8 9 6.txt,283477,283477,pass
718922,721837,79.1880000000092,output/tools/benchmarks/periodic_sub_trans/no_wli/analysis/phaseB_ngram_hamming_full_raw_asset_shards_v1/20260530T120414Z__phaseB_ngram_hamming_full_raw_asset_shards_v1/order_3/shard_0776__9_10_2.txt/shard_manifest.json,3,2,776,16759994,9 10 2.txt,569887,569887,pass
5432,5447,0.75,output/tools/benchmarks/periodic_sub_trans/no_wli/analysis/phaseB_ngram_hamming_full_raw_asset_shards_v1/20260530T120414Z__phaseB_ngram_hamming_full_raw_asset_shards_v1/order_3/shard_0777__9_11_13.txt/shard_manifest.json,3,2,777,167812,9 11 13.txt,4022,4022,pass
460135,461043,41.35899999999674,output/tools/benchmarks/periodic_sub_trans/no_wli/analysis/phaseB_ngram_hamming_full_raw_asset_shards_v1/20260530T120414Z__phaseB_ngram_hamming_full_raw_asset_shards_v1/order_3/shard_0778__9_2_2.txt/shard_manifest.json,3,2,778,12546130,9 2 2.txt,581707,581707,pass
1334562,1337010,148.25,output/tools/benchmarks/periodic_sub_trans/no_wli/analysis/phaseB_ngram_hamming_full_raw_asset_shards_v1/20260530T120414Z__phaseB_ngram_hamming_full_raw_asset_shards_v1/order_3/shard_0779__9_2_3.txt/shard_manifest.json,3,2,779,26529419,9 2 3.txt,1176633,1176633,pass
2424468,2429248,209.9539999999979,output/tools/benchmarks/periodic_sub_trans/no_wli/analysis/phaseB_ngram_hamming_full_raw_asset_shards_v1/20260530T120414Z__phaseB_ngram_hamming_full_raw_asset_shards_v1/order_3/shard_0780__9_2_4.txt/shard_manifest.json,3,2,780,44451643,9 2 4.txt,1887196,1887196,pass
2490184,2494850,222.9539999999979,output/tools/benchmarks/periodic_sub_trans/no_wli/analysis/phaseB_ngram_hamming_full_raw_asset_shards_v1/20260530T120414Z__phaseB_ngram_hamming_full_raw_asset_shards_v1/order_3/shard_0781__9_2_5.txt/shard_manifest.json,3,2,781,49158370,9 2 5.txt,1999531,1999531,pass
2543010,2547883,235.75,output/tools/benchmarks/periodic_sub_trans/no_wli/analysis/phaseB_ngram_hamming_full_raw_asset_shards_v1/20260530T120414Z__phaseB_ngram_hamming_full_raw_asset_shards_v1/order_3/shard_0782__9_2_6.txt/shard_manifest.json,3,2,782,52523260,9 2 6.txt,2056654,2056654,pass
2414621,2419477,233.125,output/tools/benchmarks/periodic_sub_trans/no_wli/analysis/phaseB_ngram_hamming_full_raw_asset_shards_v1/20260530T120414Z__phaseB_ngram_hamming_full_raw_asset_shards_v1/order_3/shard_0783__9_2_7.txt/shard_manifest.json,3,2,783,51839800,9 2 7.txt,1953130,1953130,pass
107028,107205,8.937000000005355,output/tools/benchmarks/periodic_sub_trans/no_wli/analysis/phaseB_ngram_hamming_full_raw_asset_shards_v1/20260530T120414Z__phaseB_ngram_hamming_full_raw_asset_shards_v1/order_3/shard_0784__9_3_1.txt/shard_manifest.json,3,2,784,3386316,9 3 1.txt,157651,157651,pass
1062324,1064059,93.65600000000268,output/tools/benchmarks/periodic_sub_trans/no_wli/analysis/phaseB_ngram_hamming_full_raw_asset_shards_v1/20260530T120414Z__phaseB_ngram_hamming_full_raw_asset_shards_v1/order_3/shard_0785__9_3_2.txt/shard_manifest.json,3,2,785,22712911,9 3 2.txt,1005151,1005151,pass
1634105,1636516,142.79699999999139,output/tools/benchmarks/periodic_sub_trans/no_wli/analysis/phaseB_ngram_hamming_full_raw_asset_shards_v1/20260530T120414Z__phaseB_ngram_hamming_full_raw_asset_shards_v1/order_3/shard_0786__9_3_3.txt/shard_manifest.json,3,2,786,31580455,9 3 3.txt,1337317,1337317,pass
2335272,2338435,206.93700000000536,output/tools/benchmarks/periodic_sub_trans/no_wli/analysis/phaseB_ngram_hamming_full_raw_asset_shards_v1/20260530T120414Z__phaseB_ngram_hamming_full_raw_asset_shards_v1/order_3/shard_0787__9_3_4.txt/shard_manifest.json,3,2,787,42882240,9 3 4.txt,1749260,1749260,pass
2062427,2065157,189.125,output/tools/benchmarks/periodic_sub_trans/no_wli/analysis/phaseB_ngram_hamming_full_raw_asset_shards_v1/20260530T120414Z__phaseB_ngram_hamming_full_raw_asset_shards_v1/order_3/shard_0788__9_3_5.txt/shard_manifest.json,3,2,788,39291214,9 3 5.txt,1539360,1539360,pass
2054114,2056878,197.09399999999732,output/tools/benchmarks/periodic_sub_trans/no_wli/analysis/phaseB_ngram_hamming_full_raw_asset_shards_v1/20260530T120414Z__phaseB_ngram_hamming_full_raw_asset_shards_v1/order_3/shard_0789__9_3_6.txt/shard_manifest.json,3,2,789,40684074,9 3 6.txt,1536660,1536660,pass
0,0,0.2960000000020955,output/tools/benchmarks/periodic_sub_trans/no_wli/analysis/phaseB_ngram_hamming_full_raw_asset_shards_v1/20260530T120414Z__phaseB_ngram_hamming_full_raw_asset_shards_v1/order_3/shard_0790__9_3_e.txt/shard_manifest.json,3,2,790,2909093,9 3 e.txt,114695,0,pass
197565,197921,22.702999999994063,output/tools/benchmarks/periodic_sub_trans/no_wli/analysis/phaseB_ngram_hamming_full_raw_asset_shards_v1/20260530T120414Z__phaseB_ngram_hamming_full_raw_asset_shards_v1/order_3/shard_0791__9_4_11.txt/shard_manifest.json,3,2,791,4407032,9 4 11.txt,135887,135887,pass
1558591,1560266,137.18799999999464,output/tools/benchmarks/periodic_sub_trans/no_wli/analysis/phaseB_ngram_hamming_full_raw_asset_shards_v1/20260530T120414Z__phaseB_ngram_hamming_full_raw_asset_shards_v1/order_3/shard_0792__9_4_2.txt/shard_manifest.json,3,2,792,28599361,9 4 2.txt,1219581,1219581,pass
1504135,1505549,134.43700000000536,output/tools/benchmarks/periodic_sub_trans/no_wli/analysis/phaseB_ngram_hamming_full_raw_asset_shards_v1/20260530T120414Z__phaseB_ngram_hamming_full_raw_asset_shards_v1/order_3/shard_0793__9_4_3.txt/shard_manifest.json,3,2,793,26540158,9 4 3.txt,1082073,1082073,pass
1407929,1409001,127.75,output/tools/benchmarks/periodic_sub_trans/no_wli/analysis/phaseB_ngram_hamming_full_raw_asset_shards_v1/20260530T120414Z__phaseB_ngram_hamming_full_raw_asset_shards_v1/order_3/shard_0794__9_4_4.txt/shard_manifest.json,3,2,794,24208453,9 4 4.txt,952861,952861,pass
1154172,1155180,109.71899999999732,output/tools/benchmarks/periodic_sub_trans/no_wli/analysis/phaseB_ngram_hamming_full_raw_asset_shards_v1/20260530T120414Z__phaseB_ngram_hamming_full_raw_asset_shards_v1/order_3/shard_0795__9_4_5.txt/shard_manifest.json,3,2,795,21009018,9 4 5.txt,795782,795782,pass
1013276,1014237,98.60900000001129,output/tools/benchmarks/periodic_sub_trans/no_wli/analysis/phaseB_ngram_hamming_full_raw_asset_shards_v1/20260530T120414Z__phaseB_ngram_hamming_full_raw_asset_shards_v1/order_3/shard_0796__9_4_6.txt/shard_manifest.json,3,2,796,19229516,9 4 6.txt,702229,702229,pass
751621,752535,77.96899999999732,output/tools/benchmarks/periodic_sub_trans/no_wli/analysis/phaseB_ngram_hamming_full_raw_asset_shards_v1/20260530T120414Z__phaseB_ngram_hamming_full_raw_asset_shards_v1/order_3/shard_0797__9_4_8.txt/shard_manifest.json,3,2,797,15371198,9 4 8.txt,523645,523645,pass
1735864,1738072,159.45299999999406,output/tools/benchmarks/periodic_sub_trans/no_wli/analysis/phaseB_ngram_hamming_full_raw_asset_shards_v1/20260530T120414Z__phaseB_ngram_hamming_full_raw_asset_shards_v1/order_3/shard_0798__9_5_2.txt/shard_manifest.json,3,2,798,33614607,9 5 2.txt,1373392,1373392,pass
1585436,1587106,148.71799999999348,output/tools/benchmarks/periodic_sub_trans/no_wli/analysis/phaseB_ngram_hamming_full_raw_asset_shards_v1/20260530T120414Z__phaseB_ngram_hamming_full_raw_asset_shards_v1/order_3/shard_0799__9_5_3.txt/shard_manifest.json,3,2,799,30280470,9 5 3.txt,1186457,1186457,pass
1221135,1221926,114.36000000000058,output/tools/benchmarks/periodic_sub_trans/no_wli/analysis/phaseB_ngram_hamming_full_raw_asset_shards_v1/20260530T120414Z__phaseB_ngram_hamming_full_raw_asset_shards_v1/order_3/shard_0800__9_5_4.txt/shard_manifest.json,3,2,800,22008453,9 5 4.txt,834609,834609,pass
918546,919134,90.625,output/tools/benchmarks/periodic_sub_trans/no_wli/analysis/phaseB_ngram_hamming_full_raw_asset_shards_v1/20260530T120414Z__phaseB_ngram_hamming_full_raw_asset_shards_v1/order_3/shard_0801__9_5_5.txt/shard_manifest.json,3,2,801,17492716,9 5 5.txt,639453,639453,pass
498829,499162,53.937999999994645,output/tools/benchmarks/periodic_sub_trans/no_wli/analysis/phaseB_ngram_hamming_full_raw_asset_shards_v1/20260530T120414Z__phaseB_ngram_hamming_full_raw_asset_shards_v1/order_3/shard_0802__9_5_8.txt/shard_manifest.json,3,2,802,10548392,9 5 8.txt,347469,347469,pass
186039,186271,22.48399999999674,output/tools/benchmarks/periodic_sub_trans/no_wli/analysis/phaseB_ngram_hamming_full_raw_asset_shards_v1/20260530T120414Z__phaseB_ngram_hamming_full_raw_asset_shards_v1/order_3/shard_0803__9_6_10.txt/shard_manifest.json,3,2,803,4415500,9 6 10.txt,131481,131481,pass
1691377,1693544,161.76499999999942,output/tools/benchmarks/periodic_sub_trans/no_wli/analysis/phaseB_ngram_hamming_full_raw_asset_shards_v1/20260530T120414Z__phaseB_ngram_hamming_full_raw_asset_shards_v1/order_3/shard_0804__9_6_2.txt/shard_manifest.json,3,2,804,33914145,9 6 2.txt,1332293,1332293,pass
1366825,1368521,132.76499999999942,output/tools/benchmarks/periodic_sub_trans/no_wli/analysis/phaseB_ngram_hamming_full_raw_asset_shards_v1/20260530T120414Z__phaseB_ngram_hamming_full_raw_asset_shards_v1/order_3/shard_0805__9_6_3.txt/shard_manifest.json,3,2,805,27401928,9 6 3.txt,1033713,1033713,pass
912023,912695,90.18799999999464,output/tools/benchmarks/periodic_sub_trans/no_wli/analysis/phaseB_ngram_hamming_full_raw_asset_shards_v1/20260530T120414Z__phaseB_ngram_hamming_full_raw_asset_shards_v1/order_3/shard_0806__9_6_4.txt/shard_manifest.json,3,2,806,17297006,9 6 4.txt,630394,630394,pass
691106,691624,70.98399999999674,output/tools/benchmarks/periodic_sub_trans/no_wli/analysis/phaseB_ngram_hamming_full_raw_asset_shards_v1/20260530T120414Z__phaseB_ngram_hamming_full_raw_asset_shards_v1/order_3/shard_0807__9_6_5.txt/shard_manifest.json,3,2,807,13929486,9 6 5.txt,489200,489200,pass
559742,560143,59.23400000001129,output/tools/benchmarks/periodic_sub_trans/no_wli/analysis/phaseB_ngram_hamming_full_raw_asset_shards_v1/20260530T120414Z__phaseB_ngram_hamming_full_raw_asset_shards_v1/order_3/shard_0808__9_6_6.txt/shard_manifest.json,3,2,808,11816947,9 6 6.txt,400270,400270,pass
1626995,1628951,159.6869999999908,output/tools/benchmarks/periodic_sub_trans/no_wli/analysis/phaseB_ngram_hamming_full_raw_asset_shards_v1/20260530T120414Z__phaseB_ngram_hamming_full_raw_asset_shards_v1/order_3/shard_0809__9_7_2.txt/shard_manifest.json,3,2,809,34108540,9 7 2.txt,1288763,1288763,pass
1292217,1293519,129.4840000000113,output/tools/benchmarks/periodic_sub_trans/no_wli/analysis/phaseB_ngram_hamming_full_raw_asset_shards_v1/20260530T120414Z__phaseB_ngram_hamming_full_raw_asset_shards_v1/order_3/shard_0810__9_7_3.txt/shard_manifest.json,3,2,810,26947277,9 7 3.txt,979659,979659,pass
849465,849978,85.6880000000092,output/tools/benchmarks/periodic_sub_trans/no_wli/analysis/phaseB_ngram_hamming_full_raw_asset_shards_v1/20260530T120414Z__phaseB_ngram_hamming_full_raw_asset_shards_v1/order_3/shard_0811__9_7_4.txt/shard_manifest.json,3,2,811,16694718,9 7 4.txt,586829,586829,pass
515732,516011,56.953000000008615,output/tools/benchmarks/periodic_sub_trans/no_wli/analysis/phaseB_ngram_hamming_full_raw_asset_shards_v1/20260530T120414Z__phaseB_ngram_hamming_full_raw_asset_shards_v1/order_3/shard_0812__9_7_6.txt/shard_manifest.json,3,2,812,11205841,9 7 6.txt,367414,367414,pass
94778,94841,9.35899999999674,output/tools/benchmarks/periodic_sub_trans/no_wli/analysis/phaseB_ngram_hamming_full_raw_asset_shards_v1/20260530T120414Z__phaseB_ngram_hamming_full_raw_asset_shards_v1/order_3/shard_0813__9_8_1.txt/shard_manifest.json,3,2,813,2128322,9 8 1.txt,81139,81139,pass
1416024,1417828,143.03200000000652,output/tools/benchmarks/periodic_sub_trans/no_wli/analysis/phaseB_ngram_hamming_full_raw_asset_shards_v1/20260530T120414Z__phaseB_ngram_hamming_full_raw_asset_shards_v1/order_3/shard_0814__9_8_2.txt/shard_manifest.json,3,2,814,30372908,9 8 2.txt,1107866,1107866,pass
1070682,1071663,110.32799999999406,output/tools/benchmarks/periodic_sub_trans/no_wli/analysis/phaseB_ngram_hamming_full_raw_asset_shards_v1/20260530T120414Z__phaseB_ngram_hamming_full_raw_asset_shards_v1/order_3/shard_0815__9_8_3.txt/shard_manifest.json,3,2,815,23195482,9 8 3.txt,813854,813854,pass
632853,633140,66.14100000000326,output/tools/benchmarks/periodic_sub_trans/no_wli/analysis/phaseB_ngram_hamming_full_raw_asset_shards_v1/20260530T120414Z__phaseB_ngram_hamming_full_raw_asset_shards_v1/order_3/shard_0816__9_8_4.txt/shard_manifest.json,3,2,816,12857182,9 8 4.txt,437402,437402,pass
446092,446448,48.82799999999406,output/tools/benchmarks/periodic_sub_trans/no_wli/analysis/phaseB_ngram_hamming_full_raw_asset_shards_v1/20260530T120414Z__phaseB_ngram_hamming_full_raw_asset_shards_v1/order_3/shard_0817__9_9_4.txt/shard_manifest.json,3,2,817,9609364,9 9 4.txt,316055,316055,pass
278870,279143,32.84399999999732,output/tools/benchmarks/periodic_sub_trans/no_wli/analysis/phaseB_ngram_hamming_full_raw_asset_shards_v1/20260530T120414Z__phaseB_ngram_hamming_full_raw_asset_shards_v1/order_3/shard_0818__9_9_6.txt/shard_manifest.json,3,2,818,6588211,9 9 6.txt,202776,202776,pass
0,0,0.625,output/tools/benchmarks/periodic_sub_trans/no_wli/analysis/phaseB_ngram_hamming_full_raw_asset_shards_v1/20260530T120414Z__phaseB_ngram_hamming_full_raw_asset_shards_v1/order_3/shard_0819__9_9_e.txt/shard_manifest.json,3,2,819,7593542,9 9 e.txt,242253,0,pass
0,0,0.15600000000267755,output/tools/benchmarks/periodic_sub_trans/no_wli/analysis/phaseB_ngram_hamming_full_raw_asset_shards_v1/20260530T120414Z__phaseB_ngram_hamming_full_raw_asset_shards_v1/order_3/shard_0820__9_q_5.txt/shard_manifest.json,3,2,820,1517447,9 q 5.txt,65862,0,pass
0,0,0.6559999999881256,output/tools/benchmarks/periodic_sub_trans/no_wli/analysis/phaseB_ngram_hamming_full_raw_asset_shards_v1/20260530T120414Z__phaseB_ngram_hamming_full_raw_asset_shards_v1/order_3/shard_0821__c_3_4.txt/shard_manifest.json,3,2,821,5515024,c 3 4.txt,334590,0,pass
0,0,0.04700000000593718,output/tools/benchmarks/periodic_sub_trans/no_wli/analysis/phaseB_ngram_hamming_full_raw_asset_shards_v1/20260530T120414Z__phaseB_ngram_hamming_full_raw_asset_shards_v1/order_3/shard_0822__n1_4_3.txt/shard_manifest.json,3,2,822,219463,n1 4 3.txt,13439,0,pass
0,0,0.07899999999790452,output/tools/benchmarks/periodic_sub_trans/no_wli/analysis/phaseB_ngram_hamming_full_raw_asset_shards_v1/20260530T120414Z__phaseB_ngram_hamming_full_raw_asset_shards_v1/order_3/shard_0823__n2_4_4.txt/shard_manifest.json,3,2,823,545145,n2 4 4.txt,31455,0,pass
0,0,0.031000000002677552,output/tools/benchmarks/periodic_sub_trans/no_wli/analysis/phaseB_ngram_hamming_full_raw_asset_shards_v1/20260530T120414Z__phaseB_ngram_hamming_full_raw_asset_shards_v1/order_3/shard_0824__n3_3_4.txt/shard_manifest.json,3,2,824,172992,n3 3 4.txt,10541,0,pass
0,0,0.030999999988125637,output/tools/benchmarks/periodic_sub_trans/no_wli/analysis/phaseB_ngram_hamming_full_raw_asset_shards_v1/20260530T120414Z__phaseB_ngram_hamming_full_raw_asset_shards_v1/order_3/shard_0825__n4_7_9.txt/shard_manifest.json,3,2,825,130025,n4 7 9.txt,5182,0,pass
0,0,0.01600000000325963,output/tools/benchmarks/periodic_sub_trans/no_wli/analysis/phaseB_ngram_hamming_full_raw_asset_shards_v1/20260530T120414Z__phaseB_ngram_hamming_full_raw_asset_shards_v1/order_3/shard_0826__n5_6_4.txt/shard_manifest.json,3,2,826,168122,n5 6 4.txt,8751,0,pass
0,0,0.014999999999417923,output/tools/benchmarks/periodic_sub_trans/no_wli/analysis/phaseB_ngram_hamming_full_raw_asset_shards_v1/20260530T120414Z__phaseB_ngram_hamming_full_raw_asset_shards_v1/order_3/shard_0827__n7_1_4.txt/shard_manifest.json,3,2,827,12320,n7 1 4.txt,877,0,pass
0,0,0.0629999999946449,output/tools/benchmarks/periodic_sub_trans/no_wli/analysis/phaseB_ngram_hamming_full_raw_asset_shards_v1/20260530T120414Z__phaseB_ngram_hamming_full_raw_asset_shards_v1/order_3/shard_0828__q_2_3.txt/shard_manifest.json,3,2,828,355376,q 2 3.txt,24515,0,pass
0,0,0.11000000000058208,output/tools/benchmarks/periodic_sub_trans/no_wli/analysis/phaseB_ngram_hamming_full_raw_asset_shards_v1/20260530T120414Z__phaseB_ngram_hamming_full_raw_asset_shards_v1/order_3/shard_0829__q_2_8.txt/shard_manifest.json,3,2,829,1031431,q 2 8.txt,52744,0,pass
0,0,0.09399999999732245,output/tools/benchmarks/periodic_sub_trans/no_wli/analysis/phaseB_ngram_hamming_full_raw_asset_shards_v1/20260530T120414Z__phaseB_ngram_hamming_full_raw_asset_shards_v1/order_3/shard_0830__q_3_3.txt/shard_manifest.json,3,2,830,749171,q 3 3.txt,48312,0,pass
0,0,0.21799999999348074,output/tools/benchmarks/periodic_sub_trans/no_wli/analysis/phaseB_ngram_hamming_full_raw_asset_shards_v1/20260530T120414Z__phaseB_ngram_hamming_full_raw_asset_shards_v1/order_3/shard_0831__q_3_5.txt/shard_manifest.json,3,2,831,1649342,q 3 5.txt,94381,0,pass
0,0,0.10899999999674037,output/tools/benchmarks/periodic_sub_trans/no_wli/analysis/phaseB_ngram_hamming_full_raw_asset_shards_v1/20260530T120414Z__phaseB_ngram_hamming_full_raw_asset_shards_v1/order_3/shard_0832__q_3_9.txt/shard_manifest.json,3,2,832,1081664,q 3 9.txt,50564,0,pass
0,0,0.07799999999406282,output/tools/benchmarks/periodic_sub_trans/no_wli/analysis/phaseB_ngram_hamming_full_raw_asset_shards_v1/20260530T120414Z__phaseB_ngram_hamming_full_raw_asset_shards_v1/order_3/shard_0833__q_4_2.txt/shard_manifest.json,3,2,833,619770,q 4 2.txt,40000,0,pass
0,0,0.25,output/tools/benchmarks/periodic_sub_trans/no_wli/analysis/phaseB_ngram_hamming_full_raw_asset_shards_v1/20260530T120414Z__phaseB_ngram_hamming_full_raw_asset_shards_v1/order_3/shard_0834__q_5_4.txt/shard_manifest.json,3,2,834,2097484,q 5 4.txt,114477,0,pass
0,0,0.17100000000209548,output/tools/benchmarks/periodic_sub_trans/no_wli/analysis/phaseB_ngram_hamming_full_raw_asset_shards_v1/20260530T120414Z__phaseB_ngram_hamming_full_raw_asset_shards_v1/order_3/shard_0835__q_5_7.txt/shard_manifest.json,3,2,835,1771974,q 5 7.txt,83381,0,pass
0,0,0.20299999999406282,output/tools/benchmarks/periodic_sub_trans/no_wli/analysis/phaseB_ngram_hamming_full_raw_asset_shards_v1/20260530T120414Z__phaseB_ngram_hamming_full_raw_asset_shards_v1/order_3/shard_0836__q_6_3.txt/shard_manifest.json,3,2,836,1505424,q 6 3.txt,81922,0,pass
0,0,0.07799999999406282,output/tools/benchmarks/periodic_sub_trans/no_wli/analysis/phaseB_ngram_hamming_full_raw_asset_shards_v1/20260530T120414Z__phaseB_ngram_hamming_full_raw_asset_shards_v1/order_3/shard_0837__q_9_8.txt/shard_manifest.json,3,2,837,797921,q 9 8.txt,30420,0,pass
0,0,0.046000000002095476,output/tools/benchmarks/periodic_sub_trans/no_wli/analysis/phaseB_ngram_hamming_full_raw_asset_shards_v1/20260530T120414Z__phaseB_ngram_hamming_full_raw_asset_shards_v1/order_3/shard_0838__s_1_2.txt/shard_manifest.json,3,2,838,122878,s 1 2.txt,6483,0,pass
0,0,0.07799999999406282,output/tools/benchmarks/periodic_sub_trans/no_wli/analysis/phaseB_ngram_hamming_full_raw_asset_shards_v1/20260530T120414Z__phaseB_ngram_hamming_full_raw_asset_shards_v1/order_3/shard_0839__s_1_3.txt/shard_manifest.json,3,2,839,455897,s 1 3.txt,23288,0,pass
0,0,0.14100000000325963,output/tools/benchmarks/periodic_sub_trans/no_wli/analysis/phaseB_ngram_hamming_full_raw_asset_shards_v1/20260530T120414Z__phaseB_ngram_hamming_full_raw_asset_shards_v1/order_3/shard_0840__s_1_4.txt/shard_manifest.json,3,2,840,979498,s 1 4.txt,47869,0,pass
0,0,0.17199999999138527,output/tools/benchmarks/periodic_sub_trans/no_wli/analysis/phaseB_ngram_hamming_full_raw_asset_shards_v1/20260530T120414Z__phaseB_ngram_hamming_full_raw_asset_shards_v1/order_3/shard_0841__s_1_7.txt/shard_manifest.json,3,2,841,1401382,s 1 7.txt,59933,0,pass
0,0,0.17200000000593718,output/tools/benchmarks/periodic_sub_trans/no_wli/analysis/phaseB_ngram_hamming_full_raw_asset_shards_v1/20260530T120414Z__phaseB_ngram_hamming_full_raw_asset_shards_v1/order_3/shard_0842__s_1_8.txt/shard_manifest.json,3,2,842,1131297,s 1 8.txt,46412,0,pass
0,0,0.28100000000267755,output/tools/benchmarks/periodic_sub_trans/no_wli/analysis/phaseB_ngram_hamming_full_raw_asset_shards_v1/20260530T120414Z__phaseB_ngram_hamming_full_raw_asset_shards_v1/order_3/shard_0843__s_10_4.txt/shard_manifest.json,3,2,843,3039249,s 10 4.txt,103640,0,pass
0,0,0.2970000000059372,output/tools/benchmarks/periodic_sub_trans/no_wli/analysis/phaseB_ngram_hamming_full_raw_asset_shards_v1/20260530T120414Z__phaseB_ngram_hamming_full_raw_asset_shards_v1/order_3/shard_0844__s_10_5.txt/shard_manifest.json,3,2,844,3531274,s 10 5.txt,116408,0,pass
0,0,0.09399999999732245,output/tools/benchmarks/periodic_sub_trans/no_wli/analysis/phaseB_ngram_hamming_full_raw_asset_shards_v1/20260530T120414Z__phaseB_ngram_hamming_full_raw_asset_shards_v1/order_3/shard_0845__s_11_2.txt/shard_manifest.json,3,2,845,986557,s 11 2.txt,34581,0,pass
0,0,0.21799999999348074,output/tools/benchmarks/periodic_sub_trans/no_wli/analysis/phaseB_ngram_hamming_full_raw_asset_shards_v1/20260530T120414Z__phaseB_ngram_hamming_full_raw_asset_shards_v1/order_3/shard_0846__s_11_6.txt/shard_manifest.json,3,2,846,2202860,s 11 6.txt,67871,0,pass
0,0,0.09399999999732245,output/tools/benchmarks/periodic_sub_trans/no_wli/analysis/phaseB_ngram_hamming_full_raw_asset_shards_v1/20260530T120414Z__phaseB_ngram_hamming_full_raw_asset_shards_v1/order_3/shard_0847__s_12_2.txt/shard_manifest.json,3,2,847,599610,s 12 2.txt,20319,0,pass
0,0,0.125,output/tools/benchmarks/periodic_sub_trans/no_wli/analysis/phaseB_ngram_hamming_full_raw_asset_shards_v1/20260530T120414Z__phaseB_ngram_hamming_full_raw_asset_shards_v1/order_3/shard_0848__s_12_7.txt/shard_manifest.json,3,2,848,1201290,s 12 7.txt,34934,0,pass
0,0,0.04700000000593718,output/tools/benchmarks/periodic_sub_trans/no_wli/analysis/phaseB_ngram_hamming_full_raw_asset_shards_v1/20260530T120414Z__phaseB_ngram_hamming_full_raw_asset_shards_v1/order_3/shard_0849__s_13_4.txt/shard_manifest.json,3,2,849,512967,s 13 4.txt,15852,0,pass
0,0,0.125,output/tools/benchmarks/periodic_sub_trans/no_wli/analysis/phaseB_ngram_hamming_full_raw_asset_shards_v1/20260530T120414Z__phaseB_ngram_hamming_full_raw_asset_shards_v1/order_3/shard_0850__s_2_11.txt/shard_manifest.json,3,2,850,1129718,s 2 11.txt,39391,0,pass
0,0,0.07800000000861473,output/tools/benchmarks/periodic_sub_trans/no_wli/analysis/phaseB_ngram_hamming_full_raw_asset_shards_v1/20260530T120414Z__phaseB_ngram_hamming_full_raw_asset_shards_v1/order_3/shard_0851__s_2_12.txt/shard_manifest.json,3,2,851,687064,s 2 12.txt,23162,0,pass
0,0,0.07899999999790452,output/tools/benchmarks/periodic_sub_trans/no_wli/analysis/phaseB_ngram_hamming_full_raw_asset_shards_v1/20260530T120414Z__phaseB_ngram_hamming_full_raw_asset_shards_v1/order_3/shard_0852__s_2_2.txt/shard_manifest.json,3,2,852,398515,s 2 2.txt,20230,0,pass
0,0,0.17199999999138527,output/tools/benchmarks/periodic_sub_trans/no_wli/analysis/phaseB_ngram_hamming_full_raw_asset_shards_v1/20260530T120414Z__phaseB_ngram_hamming_full_raw_asset_shards_v1/order_3/shard_0853__s_2_3.txt/shard_manifest.json,3,2,853,1104393,s 2 3.txt,53618,0,pass
0,0,0.28200000000651926,output/tools/benchmarks/periodic_sub_trans/no_wli/analysis/phaseB_ngram_hamming_full_raw_asset_shards_v1/20260530T120414Z__phaseB_ngram_hamming_full_raw_asset_shards_v1/order_3/shard_0854__s_2_4.txt/shard_manifest.json,3,2,854,2106152,s 2 4.txt,97503,0,pass
0,0,0.5160000000032596,output/tools/benchmarks/periodic_sub_trans/no_wli/analysis/phaseB_ngram_hamming_full_raw_asset_shards_v1/20260530T120414Z__phaseB_ngram_hamming_full_raw_asset_shards_v1/order_3/shard_0855__s_2_5.txt/shard_manifest.json,3,2,855,2910239,s 2 5.txt,128367,0,pass
0,0,0.40599999998812564,output/tools/benchmarks/periodic_sub_trans/no_wli/analysis/phaseB_ngram_hamming_full_raw_asset_shards_v1/20260530T120414Z__phaseB_ngram_hamming_full_raw_asset_shards_v1/order_3/shard_0856__s_2_6.txt/shard_manifest.json,3,2,856,3353167,s 2 6.txt,141698,0,pass
0,0,0.2970000000059372,output/tools/benchmarks/periodic_sub_trans/no_wli/analysis/phaseB_ngram_hamming_full_raw_asset_shards_v1/20260530T120414Z__phaseB_ngram_hamming_full_raw_asset_shards_v1/order_3/shard_0857__s_2_7.txt/shard_manifest.json,3,2,857,3279136,s 2 7.txt,132925,0,pass
0,0,0.23500000000058208,output/tools/benchmarks/periodic_sub_trans/no_wli/analysis/phaseB_ngram_hamming_full_raw_asset_shards_v1/20260530T120414Z__phaseB_ngram_hamming_full_raw_asset_shards_v1/order_3/shard_0858__s_2_8.txt/shard_manifest.json,3,2,858,2879353,s 2 8.txt,112151,0,pass
0,0,0.1879999999946449,output/tools/benchmarks/periodic_sub_trans/no_wli/analysis/phaseB_ngram_hamming_full_raw_asset_shards_v1/20260530T120414Z__phaseB_ngram_hamming_full_raw_asset_shards_v1/order_3/shard_0859__s_2_9.txt/shard_manifest.json,3,2,859,2392812,s 2 9.txt,89723,0,pass
0,0,0.0,output/tools/benchmarks/periodic_sub_trans/no_wli/analysis/phaseB_ngram_hamming_full_raw_asset_shards_v1/20260530T120414Z__phaseB_ngram_hamming_full_raw_asset_shards_v1/order_3/shard_0860__s_2a1_4.txt/shard_manifest.json,3,2,860,2875,s 2a1 4.txt,126,0,pass
0,0,0.42199999999138527,output/tools/benchmarks/periodic_sub_trans/no_wli/analysis/phaseB_ngram_hamming_full_raw_asset_shards_v1/20260530T120414Z__phaseB_ngram_hamming_full_raw_asset_shards_v1/order_3/shard_0861__s_3_10.txt/shard_manifest.json,3,2,861,3158593,s 3 10.txt,110766,0,pass
0,0,0.15600000000267755,output/tools/benchmarks/periodic_sub_trans/no_wli/analysis/phaseB_ngram_hamming_full_raw_asset_shards_v1/20260530T120414Z__phaseB_ngram_hamming_full_raw_asset_shards_v1/order_3/shard_0862__s_3_12.txt/shard_manifest.json,3,2,862,1173505,s 3 12.txt,38426,0,pass
0,0,0.15699999999196734,output/tools/benchmarks/periodic_sub_trans/no_wli/analysis/phaseB_ngram_hamming_full_raw_asset_shards_v1/20260530T120414Z__phaseB_ngram_hamming_full_raw_asset_shards_v1/order_3/shard_0863__s_3_2.txt/shard_manifest.json,3,2,863,1032955,s 3 2.txt,50209,0,pass
0,0,0.26600000000325963,output/tools/benchmarks/periodic_sub_trans/no_wli/analysis/phaseB_ngram_hamming_full_raw_asset_shards_v1/20260530T120414Z__phaseB_ngram_hamming_full_raw_asset_shards_v1/order_3/shard_0864__s_3_3.txt/shard_manifest.json,3,2,864,2584731,s 3 3.txt,119941,0,pass
0,0,0.4529999999940628,output/tools/benchmarks/periodic_sub_trans/no_wli/analysis/phaseB_ngram_hamming_full_raw_asset_shards_v1/20260530T120414Z__phaseB_ngram_hamming_full_raw_asset_shards_v1/order_3/shard_0865__s_3_4.txt/shard_manifest.json,3,2,865,4644741,s 3 4.txt,206168,0,pass
0,0,0.6410000000032596,output/tools/benchmarks/periodic_sub_trans/no_wli/analysis/phaseB_ngram_hamming_full_raw_asset_shards_v1/20260530T120414Z__phaseB_ngram_hamming_full_raw_asset_shards_v1/order_3/shard_0866__s_3_5.txt/shard_manifest.json,3,2,866,6288303,s 3 5.txt,266997,0,pass
0,0,0.6560000000026776,output/tools/benchmarks/periodic_sub_trans/no_wli/analysis/phaseB_ngram_hamming_full_raw_asset_shards_v1/20260530T120414Z__phaseB_ngram_hamming_full_raw_asset_shards_v1/order_3/shard_0867__s_3_6.txt/shard_manifest.json,3,2,867,7165147,s 3 6.txt,292449,0,pass
0,0,0.6100000000005821,output/tools/benchmarks/periodic_sub_trans/no_wli/analysis/phaseB_ngram_hamming_full_raw_asset_shards_v1/20260530T120414Z__phaseB_ngram_hamming_full_raw_asset_shards_v1/order_3/shard_0868__s_3_7.txt/shard_manifest.json,3,2,868,6711460,s 3 7.txt,263463,0,pass
0,0,0.4379999999946449,output/tools/benchmarks/periodic_sub_trans/no_wli/analysis/phaseB_ngram_hamming_full_raw_asset_shards_v1/20260530T120414Z__phaseB_ngram_hamming_full_raw_asset_shards_v1/order_3/shard_0869__s_3_8.txt/shard_manifest.json,3,2,869,5677787,s 3 8.txt,214337,0,pass
0,0,0.3600000000005821,output/tools/benchmarks/periodic_sub_trans/no_wli/analysis/phaseB_ngram_hamming_full_raw_asset_shards_v1/20260530T120414Z__phaseB_ngram_hamming_full_raw_asset_shards_v1/order_3/shard_0870__s_3_9.txt/shard_manifest.json,3,2,870,4495083,s 3 9.txt,163458,0,pass
0,0,0.031000000002677552,output/tools/benchmarks/periodic_sub_trans/no_wli/analysis/phaseB_ngram_hamming_full_raw_asset_shards_v1/20260530T120414Z__phaseB_ngram_hamming_full_raw_asset_shards_v1/order_3/shard_0871__s_3_e.txt/shard_manifest.json,3,2,871,48171,s 3 e.txt,1919,0,pass
0,0,0.125,output/tools/benchmarks/periodic_sub_trans/no_wli/analysis/phaseB_ngram_hamming_full_raw_asset_shards_v1/20260530T120414Z__phaseB_ngram_hamming_full_raw_asset_shards_v1/order_3/shard_0872__s_4_1.txt/shard_manifest.json,3,2,872,1005999,s 4 1.txt,49243,0,pass
0,0,0.030999999988125637,output/tools/benchmarks/periodic_sub_trans/no_wli/analysis/phaseB_ngram_hamming_full_raw_asset_shards_v1/20260530T120414Z__phaseB_ngram_hamming_full_raw_asset_shards_v1/order_3/shard_0873__s_4_14.txt/shard_manifest.json,3,2,873,276991,s 4 14.txt,8266,0,pass
0,0,0.23399999999674037,output/tools/benchmarks/periodic_sub_trans/no_wli/analysis/phaseB_ngram_hamming_full_raw_asset_shards_v1/20260530T120414Z__phaseB_ngram_hamming_full_raw_asset_shards_v1/order_3/shard_0874__s_4_2.txt/shard_manifest.json,3,2,874,1992097,s 4 2.txt,92574,0,pass
0,0,0.5470000000059372,output/tools/benchmarks/periodic_sub_trans/no_wli/analysis/phaseB_ngram_hamming_full_raw_asset_shards_v1/20260530T120414Z__phaseB_ngram_hamming_full_raw_asset_shards_v1/order_3/shard_0875__s_4_3.txt/shard_manifest.json,3,2,875,4234722,s 4 3.txt,188133,0,pass
0,0,0.9850000000005821,output/tools/benchmarks/periodic_sub_trans/no_wli/analysis/phaseB_ngram_hamming_full_raw_asset_shards_v1/20260530T120414Z__phaseB_ngram_hamming_full_raw_asset_shards_v1/order_3/shard_0876__s_4_4.txt/shard_manifest.json,3,2,876,7554327,s 4 4.txt,322852,0,pass
0,0,0.8289999999979045,output/tools/benchmarks/periodic_sub_trans/no_wli/analysis/phaseB_ngram_hamming_full_raw_asset_shards_v1/20260530T120414Z__phaseB_ngram_hamming_full_raw_asset_shards_v1/order_3/shard_0877__s_4_5.txt/shard_manifest.json,3,2,877,9743013,s 4 5.txt,399215,0,pass
0,0,0.8899999999994179,output/tools/benchmarks/periodic_sub_trans/no_wli/analysis/phaseB_ngram_hamming_full_raw_asset_shards_v1/20260530T120414Z__phaseB_ngram_hamming_full_raw_asset_shards_v1/order_3/shard_0878__s_4_6.txt/shard_manifest.json,3,2,878,10567093,s 4 6.txt,417015,0,pass
0,0,0.7659999999887077,output/tools/benchmarks/periodic_sub_trans/no_wli/analysis/phaseB_ngram_hamming_full_raw_asset_shards_v1/20260530T120414Z__phaseB_ngram_hamming_full_raw_asset_shards_v1/order_3/shard_0879__s_4_7.txt/shard_manifest.json,3,2,879,9463189,s 4 7.txt,359681,0,pass
0,0,0.6100000000005821,output/tools/benchmarks/periodic_sub_trans/no_wli/analysis/phaseB_ngram_hamming_full_raw_asset_shards_v1/20260530T120414Z__phaseB_ngram_hamming_full_raw_asset_shards_v1/order_3/shard_0880__s_4_8.txt/shard_manifest.json,3,2,880,7624239,s 4 8.txt,278989,0,pass
0,0,0.26600000000325963,output/tools/benchmarks/periodic_sub_trans/no_wli/analysis/phaseB_ngram_hamming_full_raw_asset_shards_v1/20260530T120414Z__phaseB_ngram_hamming_full_raw_asset_shards_v1/order_3/shard_0881__s_5_2.txt/shard_manifest.json,3,2,881,2798987,s 5 2.txt,124116,0,pass
0,0,0.5,output/tools/benchmarks/periodic_sub_trans/no_wli/analysis/phaseB_ngram_hamming_full_raw_asset_shards_v1/20260530T120414Z__phaseB_ngram_hamming_full_raw_asset_shards_v1/order_3/shard_0882__s_5_3.txt/shard_manifest.json,3,2,882,5471406,s 5 3.txt,232483,0,pass
0,0,0.8279999999940628,output/tools/benchmarks/periodic_sub_trans/no_wli/analysis/phaseB_ngram_hamming_full_raw_asset_shards_v1/20260530T120414Z__phaseB_ngram_hamming_full_raw_asset_shards_v1/order_3/shard_0883__s_5_4.txt/shard_manifest.json,3,2,883,9070053,s 5 4.txt,372230,0,pass
0,0,0.9530000000086147,output/tools/benchmarks/periodic_sub_trans/no_wli/analysis/phaseB_ngram_hamming_full_raw_asset_shards_v1/20260530T120414Z__phaseB_ngram_hamming_full_raw_asset_shards_v1/order_3/shard_0884__s_5_5.txt/shard_manifest.json,3,2,884,11449967,s 5 5.txt,451878,0,pass
0,0,0.9530000000086147,output/tools/benchmarks/periodic_sub_trans/no_wli/analysis/phaseB_ngram_hamming_full_raw_asset_shards_v1/20260530T120414Z__phaseB_ngram_hamming_full_raw_asset_shards_v1/order_3/shard_0885__s_5_6.txt/shard_manifest.json,3,2,885,11989904,s 5 6.txt,456514,0,pass
0,0,0.8129999999946449,output/tools/benchmarks/periodic_sub_trans/no_wli/analysis/phaseB_ngram_hamming_full_raw_asset_shards_v1/20260530T120414Z__phaseB_ngram_hamming_full_raw_asset_shards_v1/order_3/shard_0886__s_5_7.txt/shard_manifest.json,3,2,886,10496868,s 5 7.txt,385543,0,pass
0,0,0.7810000000026776,output/tools/benchmarks/periodic_sub_trans/no_wli/analysis/phaseB_ngram_hamming_full_raw_asset_shards_v1/20260530T120414Z__phaseB_ngram_hamming_full_raw_asset_shards_v1/order_3/shard_0887__s_5_8.txt/shard_manifest.json,3,2,887,8112820,s 5 8.txt,287339,0,pass
0,0,0.09399999999732245,output/tools/benchmarks/periodic_sub_trans/no_wli/analysis/phaseB_ngram_hamming_full_raw_asset_shards_v1/20260530T120414Z__phaseB_ngram_hamming_full_raw_asset_shards_v1/order_3/shard_0888__s_6_12.txt/shard_manifest.json,3,2,888,1249344,s 6 12.txt,37326,0,pass
0,0,0.5310000000026776,output/tools/benchmarks/periodic_sub_trans/no_wli/analysis/phaseB_ngram_hamming_full_raw_asset_shards_v1/20260530T120414Z__phaseB_ngram_hamming_full_raw_asset_shards_v1/order_3/shard_0889__s_6_3.txt/shard_manifest.json,3,2,889,5909858,s 6 3.txt,241218,0,pass
0,0,0.7350000000005821,output/tools/benchmarks/periodic_sub_trans/no_wli/analysis/phaseB_ngram_hamming_full_raw_asset_shards_v1/20260530T120414Z__phaseB_ngram_hamming_full_raw_asset_shards_v1/order_3/shard_0890__s_6_4.txt/shard_manifest.json,3,2,890,9301025,s 6 4.txt,367232,0,pass
0,0,0.9070000000065193,output/tools/benchmarks/periodic_sub_trans/no_wli/analysis/phaseB_ngram_hamming_full_raw_asset_shards_v1/20260530T120414Z__phaseB_ngram_hamming_full_raw_asset_shards_v1/order_3/shard_0891__s_6_5.txt/shard_manifest.json,3,2,891,11456434,s 6 5.txt,435358,0,pass
0,0,0.7660000000032596,output/tools/benchmarks/periodic_sub_trans/no_wli/analysis/phaseB_ngram_hamming_full_raw_asset_shards_v1/20260530T120414Z__phaseB_ngram_hamming_full_raw_asset_shards_v1/order_3/shard_0892__s_6_7.txt/shard_manifest.json,3,2,892,10501085,s 6 7.txt,371758,0,pass
0,0,0.5939999999973224,output/tools/benchmarks/periodic_sub_trans/no_wli/analysis/phaseB_ngram_hamming_full_raw_asset_shards_v1/20260530T120414Z__phaseB_ngram_hamming_full_raw_asset_shards_v1/order_3/shard_0893__s_6_8.txt/shard_manifest.json,3,2,893,8384544,s 6 8.txt,286493,0,pass
0,0,0.01600000000325963,output/tools/benchmarks/periodic_sub_trans/no_wli/analysis/phaseB_ngram_hamming_full_raw_asset_shards_v1/20260530T120414Z__phaseB_ngram_hamming_full_raw_asset_shards_v1/order_3/shard_0894__s_7_14.txt/shard_manifest.json,3,2,894,283975,s 7 14.txt,7782,0,pass
0,0,0.4370000000053551,output/tools/benchmarks/periodic_sub_trans/no_wli/analysis/phaseB_ngram_hamming_full_raw_asset_shards_v1/20260530T120414Z__phaseB_ngram_hamming_full_raw_asset_shards_v1/order_3/shard_0895__s_7_2.txt/shard_manifest.json,3,2,895,3078382,s 7 2.txt,125686,0,pass
0,0,0.625,output/tools/benchmarks/periodic_sub_trans/no_wli/analysis/phaseB_ngram_hamming_full_raw_asset_shards_v1/20260530T120414Z__phaseB_ngram_hamming_full_raw_asset_shards_v1/order_3/shard_0896__s_7_3.txt/shard_manifest.json,3,2,896,5435815,s 7 3.txt,213399,0,pass
0,0,0.6410000000032596,output/tools/benchmarks/periodic_sub_trans/no_wli/analysis/phaseB_ngram_hamming_full_raw_asset_shards_v1/20260530T120414Z__phaseB_ngram_hamming_full_raw_asset_shards_v1/order_3/shard_0897__s_7_4.txt/shard_manifest.json,3,2,897,8217998,s 7 4.txt,312255,0,pass
0,0,0.8440000000118744,output/tools/benchmarks/periodic_sub_trans/no_wli/analysis/phaseB_ngram_hamming_full_raw_asset_shards_v1/20260530T120414Z__phaseB_ngram_hamming_full_raw_asset_shards_v1/order_3/shard_0898__s_7_6.txt/shard_manifest.json,3,2,898,10294217,s 7 6.txt,363953,0,pass
0,0,0.7180000000080327,output/tools/benchmarks/periodic_sub_trans/no_wli/analysis/phaseB_ngram_hamming_full_raw_asset_shards_v1/20260530T120414Z__phaseB_ngram_hamming_full_raw_asset_shards_v1/order_3/shard_0899__s_7_7.txt/shard_manifest.json,3,2,899,9571570,s 7 7.txt,326845,0,pass
0,0,0.40599999998812564,output/tools/benchmarks/periodic_sub_trans/no_wli/analysis/phaseB_ngram_hamming_full_raw_asset_shards_v1/20260530T120414Z__phaseB_ngram_hamming_full_raw_asset_shards_v1/order_3/shard_0900__s_7_9.txt/shard_manifest.json,3,2,900,6024876,s 7 9.txt,192353,0,pass
0,0,0.34299999999348074,output/tools/benchmarks/periodic_sub_trans/no_wli/analysis/phaseB_ngram_hamming_full_raw_asset_shards_v1/20260530T120414Z__phaseB_ngram_hamming_full_raw_asset_shards_v1/order_3/shard_0901__s_8_3.txt/shard_manifest.json,3,2,901,4370395,s 8 3.txt,165067,0,pass
0,0,0.5,output/tools/benchmarks/periodic_sub_trans/no_wli/analysis/phaseB_ngram_hamming_full_raw_asset_shards_v1/20260530T120414Z__phaseB_ngram_hamming_full_raw_asset_shards_v1/order_3/shard_0902__s_8_4.txt/shard_manifest.json,3,2,902,6338867,s 8 4.txt,232026,0,pass
0,0,0.5620000000053551,output/tools/benchmarks/periodic_sub_trans/no_wli/analysis/phaseB_ngram_hamming_full_raw_asset_shards_v1/20260530T120414Z__phaseB_ngram_hamming_full_raw_asset_shards_v1/order_3/shard_0903__s_8_5.txt/shard_manifest.json,3,2,903,7581165,s 8 5.txt,267749,0,pass
0,0,0.5470000000059372,output/tools/benchmarks/periodic_sub_trans/no_wli/analysis/phaseB_ngram_hamming_full_raw_asset_shards_v1/20260530T120414Z__phaseB_ngram_hamming_full_raw_asset_shards_v1/order_3/shard_0904__s_8_6.txt/shard_manifest.json,3,2,904,7632695,s 8 6.txt,260591,0,pass
0,0,0.1879999999946449,output/tools/benchmarks/periodic_sub_trans/no_wli/analysis/phaseB_ngram_hamming_full_raw_asset_shards_v1/20260530T120414Z__phaseB_ngram_hamming_full_raw_asset_shards_v1/order_3/shard_0905__s_9_2.txt/shard_manifest.json,3,2,905,2132486,s 9 2.txt,80520,0,pass
0,0,0.4220000000059372,output/tools/benchmarks/periodic_sub_trans/no_wli/analysis/phaseB_ngram_hamming_full_raw_asset_shards_v1/20260530T120414Z__phaseB_ngram_hamming_full_raw_asset_shards_v1/order_3/shard_0906__s_9_3.txt/shard_manifest.json,3,2,906,3416125,s 9 3.txt,124388,0,pass
0,0,0.625,output/tools/benchmarks/periodic_sub_trans/no_wli/analysis/phaseB_ngram_hamming_full_raw_asset_shards_v1/20260530T120414Z__phaseB_ngram_hamming_full_raw_asset_shards_v1/order_3/shard_0907__s_9_4.txt/shard_manifest.json,3,2,907,4740421,s 9 4.txt,167437,0,pass
0,0,0.5939999999973224,output/tools/benchmarks/periodic_sub_trans/no_wli/analysis/phaseB_ngram_hamming_full_raw_asset_shards_v1/20260530T120414Z__phaseB_ngram_hamming_full_raw_asset_shards_v1/order_3/shard_0908__s_9_8.txt/shard_manifest.json,3,2,908,4724168,s 9 8.txt,146218,0,pass
0,0,0.01600000000325963,output/tools/benchmarks/periodic_sub_trans/no_wli/analysis/phaseB_ngram_hamming_full_raw_asset_shards_v1/20260530T120414Z__phaseB_ngram_hamming_full_raw_asset_shards_v1/order_3/shard_0909__s_n1_4.txt/shard_manifest.json,3,2,909,69481,s n1 4.txt,3386,0,pass
0,0,0.031000000002677552,output/tools/benchmarks/periodic_sub_trans/no_wli/analysis/phaseB_ngram_hamming_full_raw_asset_shards_v1/20260530T120414Z__phaseB_ngram_hamming_full_raw_asset_shards_v1/order_3/shard_0910__s_n2_4.txt/shard_manifest.json,3,2,910,67206,s n2 4.txt,3257,0,pass
0,0,0.014999999999417923,output/tools/benchmarks/periodic_sub_trans/no_wli/analysis/phaseB_ngram_hamming_full_raw_asset_shards_v1/20260530T120414Z__phaseB_ngram_hamming_full_raw_asset_shards_v1/order_3/shard_0911__s_n3_3.txt/shard_manifest.json,3,2,911,24468,s n3 3.txt,1243,0,pass
0,0,0.031000000002677552,output/tools/benchmarks/periodic_sub_trans/no_wli/analysis/phaseB_ngram_hamming_full_raw_asset_shards_v1/20260530T120414Z__phaseB_ngram_hamming_full_raw_asset_shards_v1/order_3/shard_0912__s_n4_7.txt/shard_manifest.json,3,2,912,104053,s n4 7.txt,4477,0,pass
0,0,0.031000000002677552,output/tools/benchmarks/periodic_sub_trans/no_wli/analysis/phaseB_ngram_hamming_full_raw_asset_shards_v1/20260530T120414Z__phaseB_ngram_hamming_full_raw_asset_shards_v1/order_3/shard_0913__s_n5_6.txt/shard_manifest.json,3,2,913,92752,s n5 6.txt,4168,0,pass
0,0,0.014999999999417923,output/tools/benchmarks/periodic_sub_trans/no_wli/analysis/phaseB_ngram_hamming_full_raw_asset_shards_v1/20260530T120414Z__phaseB_ngram_hamming_full_raw_asset_shards_v1/order_3/shard_0914__s_q_3.txt/shard_manifest.json,3,2,914,39251,s q 3.txt,1898,0,pass
0,0,0.046999999991385266,output/tools/benchmarks/periodic_sub_trans/no_wli/analysis/phaseB_ngram_hamming_full_raw_asset_shards_v1/20260530T120414Z__phaseB_ngram_hamming_full_raw_asset_shards_v1/order_3/shard_0915__s_q_4.txt/shard_manifest.json,3,2,915,124523,s q 4.txt,5881,0,pass
0,0,0.06300000000919681,output/tools/benchmarks/periodic_sub_trans/no_wli/analysis/phaseB_ngram_hamming_full_raw_asset_shards_v1/20260530T120414Z__phaseB_ngram_hamming_full_raw_asset_shards_v1/order_3/shard_0916__s_q_5.txt/shard_manifest.json,3,2,916,221470,s q 5.txt,10063,0,pass
0,0,0.0629999999946449,output/tools/benchmarks/periodic_sub_trans/no_wli/analysis/phaseB_ngram_hamming_full_raw_asset_shards_v1/20260530T120414Z__phaseB_ngram_hamming_full_raw_asset_shards_v1/order_3/shard_0917__s_q_6.txt/shard_manifest.json,3,2,917,288057,s q 6.txt,12606,0,pass
0,0,0.046000000002095476,output/tools/benchmarks/periodic_sub_trans/no_wli/analysis/phaseB_ngram_hamming_full_raw_asset_shards_v1/20260530T120414Z__phaseB_ngram_hamming_full_raw_asset_shards_v1/order_3/shard_0918__s_q_9.txt/shard_manifest.json,3,2,918,255686,s q 9.txt,10002,0,pass
