path,size,blob_url,raw_url
CONTRIBUTING.md,126,https://github.com/mortlach/RuneDecrypterPrime/blob/score_upgrade/CONTRIBUTING.md,https://raw.githubusercontent.com/mortlach/RuneDecrypterPrime/score_upgrade/CONTRIBUTING.md
docs/appendices/determinism_checklist.md,139,https://github.com/mortlach/RuneDecrypterPrime/blob/score_upgrade/docs/appendices/determinism_checklist.md,https://raw.githubusercontent.com/mortlach/RuneDecrypterPrime/score_upgrade/docs/appendices/determinism_checklist.md
docs/appendices/glossary.md,821,https://github.com/mortlach/RuneDecrypterPrime/blob/score_upgrade/docs/appendices/glossary.md,https://raw.githubusercontent.com/mortlach/RuneDecrypterPrime/score_upgrade/docs/appendices/glossary.md
docs/appendices/style_guide.md,765,https://github.com/mortlach/RuneDecrypterPrime/blob/score_upgrade/docs/appendices/style_guide.md,https://raw.githubusercontent.com/mortlach/RuneDecrypterPrime/score_upgrade/docs/appendices/style_guide.md
docs/appendices/telemetry_schema.md,240,https://github.com/mortlach/RuneDecrypterPrime/blob/score_upgrade/docs/appendices/telemetry_schema.md,https://raw.githubusercontent.com/mortlach/RuneDecrypterPrime/score_upgrade/docs/appendices/telemetry_schema.md
docs/architecture/ciphers.md,2070,https://github.com/mortlach/RuneDecrypterPrime/blob/score_upgrade/docs/architecture/ciphers.md,https://raw.githubusercontent.com/mortlach/RuneDecrypterPrime/score_upgrade/docs/architecture/ciphers.md
docs/architecture/data.md,1204,https://github.com/mortlach/RuneDecrypterPrime/blob/score_upgrade/docs/architecture/data.md,https://raw.githubusercontent.com/mortlach/RuneDecrypterPrime/score_upgrade/docs/architecture/data.md
docs/architecture/engine_api.md,2713,https://github.com/mortlach/RuneDecrypterPrime/blob/score_upgrade/docs/architecture/engine_api.md,https://raw.githubusercontent.com/mortlach/RuneDecrypterPrime/score_upgrade/docs/architecture/engine_api.md
docs/architecture/interruptors.md,5396,https://github.com/mortlach/RuneDecrypterPrime/blob/score_upgrade/docs/architecture/interruptors.md,https://raw.githubusercontent.com/mortlach/RuneDecrypterPrime/score_upgrade/docs/architecture/interruptors.md
docs/architecture/keyops.md,1292,https://github.com/mortlach/RuneDecrypterPrime/blob/score_upgrade/docs/architecture/keyops.md,https://raw.githubusercontent.com/mortlach/RuneDecrypterPrime/score_upgrade/docs/architecture/keyops.md
docs/architecture/optimisers.md,1983,https://github.com/mortlach/RuneDecrypterPrime/blob/score_upgrade/docs/architecture/optimisers.md,https://raw.githubusercontent.com/mortlach/RuneDecrypterPrime/score_upgrade/docs/architecture/optimisers.md
docs/architecture/overview.md,13384,https://github.com/mortlach/RuneDecrypterPrime/blob/score_upgrade/docs/architecture/overview.md,https://raw.githubusercontent.com/mortlach/RuneDecrypterPrime/score_upgrade/docs/architecture/overview.md
docs/architecture/pipeline.md,1606,https://github.com/mortlach/RuneDecrypterPrime/blob/score_upgrade/docs/architecture/pipeline.md,https://raw.githubusercontent.com/mortlach/RuneDecrypterPrime/score_upgrade/docs/architecture/pipeline.md
docs/architecture/telemetry.md,1664,https://github.com/mortlach/RuneDecrypterPrime/blob/score_upgrade/docs/architecture/telemetry.md,https://raw.githubusercontent.com/mortlach/RuneDecrypterPrime/score_upgrade/docs/architecture/telemetry.md
docs/FAQ.md,348,https://github.com/mortlach/RuneDecrypterPrime/blob/score_upgrade/docs/FAQ.md,https://raw.githubusercontent.com/mortlach/RuneDecrypterPrime/score_upgrade/docs/FAQ.md
docs/guides/api_deep.md,2734,https://github.com/mortlach/RuneDecrypterPrime/blob/score_upgrade/docs/guides/api_deep.md,https://raw.githubusercontent.com/mortlach/RuneDecrypterPrime/score_upgrade/docs/guides/api_deep.md
docs/guides/architecture.md,8626,https://github.com/mortlach/RuneDecrypterPrime/blob/score_upgrade/docs/guides/architecture.md,https://raw.githubusercontent.com/mortlach/RuneDecrypterPrime/score_upgrade/docs/guides/architecture.md
docs/guides/documentation_playbook.md,2147,https://github.com/mortlach/RuneDecrypterPrime/blob/score_upgrade/docs/guides/documentation_playbook.md,https://raw.githubusercontent.com/mortlach/RuneDecrypterPrime/score_upgrade/docs/guides/documentation_playbook.md
docs/guides/extending_hands_on_to_experts.md,4276,https://github.com/mortlach/RuneDecrypterPrime/blob/score_upgrade/docs/guides/extending_hands_on_to_experts.md,https://raw.githubusercontent.com/mortlach/RuneDecrypterPrime/score_upgrade/docs/guides/extending_hands_on_to_experts.md
docs/guides/hamming_scorer.md,4596,https://github.com/mortlach/RuneDecrypterPrime/blob/score_upgrade/docs/guides/hamming_scorer.md,https://raw.githubusercontent.com/mortlach/RuneDecrypterPrime/score_upgrade/docs/guides/hamming_scorer.md
docs/guides/keyops.md,485,https://github.com/mortlach/RuneDecrypterPrime/blob/score_upgrade/docs/guides/keyops.md,https://raw.githubusercontent.com/mortlach/RuneDecrypterPrime/score_upgrade/docs/guides/keyops.md
docs/guides/outputs.md,4207,https://github.com/mortlach/RuneDecrypterPrime/blob/score_upgrade/docs/guides/outputs.md,https://raw.githubusercontent.com/mortlach/RuneDecrypterPrime/score_upgrade/docs/guides/outputs.md
docs/guides/philosophy.md,2369,https://github.com/mortlach/RuneDecrypterPrime/blob/score_upgrade/docs/guides/philosophy.md,https://raw.githubusercontent.com/mortlach/RuneDecrypterPrime/score_upgrade/docs/guides/philosophy.md
docs/guides/pipeline.md,2793,https://github.com/mortlach/RuneDecrypterPrime/blob/score_upgrade/docs/guides/pipeline.md,https://raw.githubusercontent.com/mortlach/RuneDecrypterPrime/score_upgrade/docs/guides/pipeline.md
docs/guides/quickstart.md,2368,https://github.com/mortlach/RuneDecrypterPrime/blob/score_upgrade/docs/guides/quickstart.md,https://raw.githubusercontent.com/mortlach/RuneDecrypterPrime/score_upgrade/docs/guides/quickstart.md
docs/guides/scoring.md,3861,https://github.com/mortlach/RuneDecrypterPrime/blob/score_upgrade/docs/guides/scoring.md,https://raw.githubusercontent.com/mortlach/RuneDecrypterPrime/score_upgrade/docs/guides/scoring.md
docs/guides/scoring_deep.md,3098,https://github.com/mortlach/RuneDecrypterPrime/blob/score_upgrade/docs/guides/scoring_deep.md,https://raw.githubusercontent.com/mortlach/RuneDecrypterPrime/score_upgrade/docs/guides/scoring_deep.md
docs/guides/solvers.md,3789,https://github.com/mortlach/RuneDecrypterPrime/blob/score_upgrade/docs/guides/solvers.md,https://raw.githubusercontent.com/mortlach/RuneDecrypterPrime/score_upgrade/docs/guides/solvers.md
docs/guides/solvers_deep.md,2081,https://github.com/mortlach/RuneDecrypterPrime/blob/score_upgrade/docs/guides/solvers_deep.md,https://raw.githubusercontent.com/mortlach/RuneDecrypterPrime/score_upgrade/docs/guides/solvers_deep.md
docs/guides/telemetry.md,4281,https://github.com/mortlach/RuneDecrypterPrime/blob/score_upgrade/docs/guides/telemetry.md,https://raw.githubusercontent.com/mortlach/RuneDecrypterPrime/score_upgrade/docs/guides/telemetry.md
docs/guides/troubleshooting.md,3560,https://github.com/mortlach/RuneDecrypterPrime/blob/score_upgrade/docs/guides/troubleshooting.md,https://raw.githubusercontent.com/mortlach/RuneDecrypterPrime/score_upgrade/docs/guides/troubleshooting.md
docs/howto/add_cipher.md,1846,https://github.com/mortlach/RuneDecrypterPrime/blob/score_upgrade/docs/howto/add_cipher.md,https://raw.githubusercontent.com/mortlach/RuneDecrypterPrime/score_upgrade/docs/howto/add_cipher.md
docs/howto/add_solver.md,2181,https://github.com/mortlach/RuneDecrypterPrime/blob/score_upgrade/docs/howto/add_solver.md,https://raw.githubusercontent.com/mortlach/RuneDecrypterPrime/score_upgrade/docs/howto/add_solver.md
docs/howto/beginner_guide.md,5799,https://github.com/mortlach/RuneDecrypterPrime/blob/score_upgrade/docs/howto/beginner_guide.md,https://raw.githubusercontent.com/mortlach/RuneDecrypterPrime/score_upgrade/docs/howto/beginner_guide.md
docs/howto/benchmarking.md,2379,https://github.com/mortlach/RuneDecrypterPrime/blob/score_upgrade/docs/howto/benchmarking.md,https://raw.githubusercontent.com/mortlach/RuneDecrypterPrime/score_upgrade/docs/howto/benchmarking.md
docs/howto/build_keyops.md,7262,https://github.com/mortlach/RuneDecrypterPrime/blob/score_upgrade/docs/howto/build_keyops.md,https://raw.githubusercontent.com/mortlach/RuneDecrypterPrime/score_upgrade/docs/howto/build_keyops.md
docs/howto/cipher_design_guide.md,10418,https://github.com/mortlach/RuneDecrypterPrime/blob/score_upgrade/docs/howto/cipher_design_guide.md,https://raw.githubusercontent.com/mortlach/RuneDecrypterPrime/score_upgrade/docs/howto/cipher_design_guide.md
docs/howto/deterministic_run.md,1152,https://github.com/mortlach/RuneDecrypterPrime/blob/score_upgrade/docs/howto/deterministic_run.md,https://raw.githubusercontent.com/mortlach/RuneDecrypterPrime/score_upgrade/docs/howto/deterministic_run.md
docs/howto/read_telemetry.md,1070,https://github.com/mortlach/RuneDecrypterPrime/blob/score_upgrade/docs/howto/read_telemetry.md,https://raw.githubusercontent.com/mortlach/RuneDecrypterPrime/score_upgrade/docs/howto/read_telemetry.md
docs/howto/wrappers.md,1991,https://github.com/mortlach/RuneDecrypterPrime/blob/score_upgrade/docs/howto/wrappers.md,https://raw.githubusercontent.com/mortlach/RuneDecrypterPrime/score_upgrade/docs/howto/wrappers.md
docs/INDEX.md,1707,https://github.com/mortlach/RuneDecrypterPrime/blob/score_upgrade/docs/INDEX.md,https://raw.githubusercontent.com/mortlach/RuneDecrypterPrime/score_upgrade/docs/INDEX.md
docs/README.md,4633,https://github.com/mortlach/RuneDecrypterPrime/blob/score_upgrade/docs/README.md,https://raw.githubusercontent.com/mortlach/RuneDecrypterPrime/score_upgrade/docs/README.md
docs/reference/api/_resolve.md,2028,https://github.com/mortlach/RuneDecrypterPrime/blob/score_upgrade/docs/reference/api/_resolve.md,https://raw.githubusercontent.com/mortlach/RuneDecrypterPrime/score_upgrade/docs/reference/api/_resolve.md
docs/reference/api/api.md,2541,https://github.com/mortlach/RuneDecrypterPrime/blob/score_upgrade/docs/reference/api/api.md,https://raw.githubusercontent.com/mortlach/RuneDecrypterPrime/score_upgrade/docs/reference/api/api.md
docs/reference/api/api_utils.md,1899,https://github.com/mortlach/RuneDecrypterPrime/blob/score_upgrade/docs/reference/api/api_utils.md,https://raw.githubusercontent.com/mortlach/RuneDecrypterPrime/score_upgrade/docs/reference/api/api_utils.md
docs/reference/api/fastpaths.md,2344,https://github.com/mortlach/RuneDecrypterPrime/blob/score_upgrade/docs/reference/api/fastpaths.md,https://raw.githubusercontent.com/mortlach/RuneDecrypterPrime/score_upgrade/docs/reference/api/fastpaths.md
docs/reference/api/logging_utils.md,1375,https://github.com/mortlach/RuneDecrypterPrime/blob/score_upgrade/docs/reference/api/logging_utils.md,https://raw.githubusercontent.com/mortlach/RuneDecrypterPrime/score_upgrade/docs/reference/api/logging_utils.md
docs/reference/api/maps_api.md,4434,https://github.com/mortlach/RuneDecrypterPrime/blob/score_upgrade/docs/reference/api/maps_api.md,https://raw.githubusercontent.com/mortlach/RuneDecrypterPrime/score_upgrade/docs/reference/api/maps_api.md
docs/reference/api/normalize.md,3666,https://github.com/mortlach/RuneDecrypterPrime/blob/score_upgrade/docs/reference/api/normalize.md,https://raw.githubusercontent.com/mortlach/RuneDecrypterPrime/score_upgrade/docs/reference/api/normalize.md
docs/reference/api/pipeline.md,2499,https://github.com/mortlach/RuneDecrypterPrime/blob/score_upgrade/docs/reference/api/pipeline.md,https://raw.githubusercontent.com/mortlach/RuneDecrypterPrime/score_upgrade/docs/reference/api/pipeline.md
docs/reference/api/pipeline_helpers.md,2502,https://github.com/mortlach/RuneDecrypterPrime/blob/score_upgrade/docs/reference/api/pipeline_helpers.md,https://raw.githubusercontent.com/mortlach/RuneDecrypterPrime/score_upgrade/docs/reference/api/pipeline_helpers.md
docs/reference/api/run.md,2558,https://github.com/mortlach/RuneDecrypterPrime/blob/score_upgrade/docs/reference/api/run.md,https://raw.githubusercontent.com/mortlach/RuneDecrypterPrime/score_upgrade/docs/reference/api/run.md
docs/reference/api/wrappers/by_name.md,2368,https://github.com/mortlach/RuneDecrypterPrime/blob/score_upgrade/docs/reference/api/wrappers/by_name.md,https://raw.githubusercontent.com/mortlach/RuneDecrypterPrime/score_upgrade/docs/reference/api/wrappers/by_name.md
docs/reference/api/wrappers/registry.md,2387,https://github.com/mortlach/RuneDecrypterPrime/blob/score_upgrade/docs/reference/api/wrappers/registry.md,https://raw.githubusercontent.com/mortlach/RuneDecrypterPrime/score_upgrade/docs/reference/api/wrappers/registry.md
docs/reference/backends/device.md,1538,https://github.com/mortlach/RuneDecrypterPrime/blob/score_upgrade/docs/reference/backends/device.md,https://raw.githubusercontent.com/mortlach/RuneDecrypterPrime/score_upgrade/docs/reference/backends/device.md
docs/reference/backends/xp.md,1806,https://github.com/mortlach/RuneDecrypterPrime/blob/score_upgrade/docs/reference/backends/xp.md,https://raw.githubusercontent.com/mortlach/RuneDecrypterPrime/score_upgrade/docs/reference/backends/xp.md
docs/reference/ciphers/autokey_cipher.md,1699,https://github.com/mortlach/RuneDecrypterPrime/blob/score_upgrade/docs/reference/ciphers/autokey_cipher.md,https://raw.githubusercontent.com/mortlach/RuneDecrypterPrime/score_upgrade/docs/reference/ciphers/autokey_cipher.md
docs/reference/ciphers/dev/hill2x2_xp.md,72,https://github.com/mortlach/RuneDecrypterPrime/blob/score_upgrade/docs/reference/ciphers/dev/hill2x2_xp.md,https://raw.githubusercontent.com/mortlach/RuneDecrypterPrime/score_upgrade/docs/reference/ciphers/dev/hill2x2_xp.md
docs/reference/ciphers/dev/hill_cipher.md,129,https://github.com/mortlach/RuneDecrypterPrime/blob/score_upgrade/docs/reference/ciphers/dev/hill_cipher.md,https://raw.githubusercontent.com/mortlach/RuneDecrypterPrime/score_upgrade/docs/reference/ciphers/dev/hill_cipher.md
docs/reference/ciphers/playfair_cipher.md,1695,https://github.com/mortlach/RuneDecrypterPrime/blob/score_upgrade/docs/reference/ciphers/playfair_cipher.md,https://raw.githubusercontent.com/mortlach/RuneDecrypterPrime/score_upgrade/docs/reference/ciphers/playfair_cipher.md
docs/reference/ciphers/railfence_cipher.md,1885,https://github.com/mortlach/RuneDecrypterPrime/blob/score_upgrade/docs/reference/ciphers/railfence_cipher.md,https://raw.githubusercontent.com/mortlach/RuneDecrypterPrime/score_upgrade/docs/reference/ciphers/railfence_cipher.md
docs/reference/ciphers/registry.md,1541,https://github.com/mortlach/RuneDecrypterPrime/blob/score_upgrade/docs/reference/ciphers/registry.md,https://raw.githubusercontent.com/mortlach/RuneDecrypterPrime/score_upgrade/docs/reference/ciphers/registry.md
docs/reference/ciphers/vigenere_cipher.md,1221,https://github.com/mortlach/RuneDecrypterPrime/blob/score_upgrade/docs/reference/ciphers/vigenere_cipher.md,https://raw.githubusercontent.com/mortlach/RuneDecrypterPrime/score_upgrade/docs/reference/ciphers/vigenere_cipher.md
docs/reference/core/config/logging_config.md,2002,https://github.com/mortlach/RuneDecrypterPrime/blob/score_upgrade/docs/reference/core/config/logging_config.md,https://raw.githubusercontent.com/mortlach/RuneDecrypterPrime/score_upgrade/docs/reference/core/config/logging_config.md
docs/reference/core/config/scoring.md,1677,https://github.com/mortlach/RuneDecrypterPrime/blob/score_upgrade/docs/reference/core/config/scoring.md,https://raw.githubusercontent.com/mortlach/RuneDecrypterPrime/score_upgrade/docs/reference/core/config/scoring.md
docs/reference/core/engine/__init__.md,475,https://github.com/mortlach/RuneDecrypterPrime/blob/score_upgrade/docs/reference/core/engine/__init__.md,https://raw.githubusercontent.com/mortlach/RuneDecrypterPrime/score_upgrade/docs/reference/core/engine/__init__.md
docs/reference/core/engine/builders.md,1198,https://github.com/mortlach/RuneDecrypterPrime/blob/score_upgrade/docs/reference/core/engine/builders.md,https://raw.githubusercontent.com/mortlach/RuneDecrypterPrime/score_upgrade/docs/reference/core/engine/builders.md
docs/reference/core/engine/engine.md,2062,https://github.com/mortlach/RuneDecrypterPrime/blob/score_upgrade/docs/reference/core/engine/engine.md,https://raw.githubusercontent.com/mortlach/RuneDecrypterPrime/score_upgrade/docs/reference/core/engine/engine.md
docs/reference/core/solver_engine.md,511,https://github.com/mortlach/RuneDecrypterPrime/blob/score_upgrade/docs/reference/core/solver_engine.md,https://raw.githubusercontent.com/mortlach/RuneDecrypterPrime/score_upgrade/docs/reference/core/solver_engine.md
docs/reference/core/transpositions.md,987,https://github.com/mortlach/RuneDecrypterPrime/blob/score_upgrade/docs/reference/core/transpositions.md,https://raw.githubusercontent.com/mortlach/RuneDecrypterPrime/score_upgrade/docs/reference/core/transpositions.md
docs/reference/core/types.md,1708,https://github.com/mortlach/RuneDecrypterPrime/blob/score_upgrade/docs/reference/core/types.md,https://raw.githubusercontent.com/mortlach/RuneDecrypterPrime/score_upgrade/docs/reference/core/types.md
docs/reference/io/logging_adapter.md,693,https://github.com/mortlach/RuneDecrypterPrime/blob/score_upgrade/docs/reference/io/logging_adapter.md,https://raw.githubusercontent.com/mortlach/RuneDecrypterPrime/score_upgrade/docs/reference/io/logging_adapter.md
docs/reference/io/run_logger.md,1408,https://github.com/mortlach/RuneDecrypterPrime/blob/score_upgrade/docs/reference/io/run_logger.md,https://raw.githubusercontent.com/mortlach/RuneDecrypterPrime/score_upgrade/docs/reference/io/run_logger.md
docs/reference/keyops/registry.md,1619,https://github.com/mortlach/RuneDecrypterPrime/blob/score_upgrade/docs/reference/keyops/registry.md,https://raw.githubusercontent.com/mortlach/RuneDecrypterPrime/score_upgrade/docs/reference/keyops/registry.md
docs/reference/README.md,2440,https://github.com/mortlach/RuneDecrypterPrime/blob/score_upgrade/docs/reference/README.md,https://raw.githubusercontent.com/mortlach/RuneDecrypterPrime/score_upgrade/docs/reference/README.md
docs/reference/scoring/base_scorer.md,1404,https://github.com/mortlach/RuneDecrypterPrime/blob/score_upgrade/docs/reference/scoring/base_scorer.md,https://raw.githubusercontent.com/mortlach/RuneDecrypterPrime/score_upgrade/docs/reference/scoring/base_scorer.md
docs/reference/scoring/language_model/language_model_prime.md,1131,https://github.com/mortlach/RuneDecrypterPrime/blob/score_upgrade/docs/reference/scoring/language_model/language_model_prime.md,https://raw.githubusercontent.com/mortlach/RuneDecrypterPrime/score_upgrade/docs/reference/scoring/language_model/language_model_prime.md
docs/reference/scoring/language_model/language_model_prime_runtime.md,725,https://github.com/mortlach/RuneDecrypterPrime/blob/score_upgrade/docs/reference/scoring/language_model/language_model_prime_runtime.md,https://raw.githubusercontent.com/mortlach/RuneDecrypterPrime/score_upgrade/docs/reference/scoring/language_model/language_model_prime_runtime.md
docs/reference/scoring/language_model/paths.md,916,https://github.com/mortlach/RuneDecrypterPrime/blob/score_upgrade/docs/reference/scoring/language_model/paths.md,https://raw.githubusercontent.com/mortlach/RuneDecrypterPrime/score_upgrade/docs/reference/scoring/language_model/paths.md
docs/reference/scoring/language_model/setup_fastlm.md,887,https://github.com/mortlach/RuneDecrypterPrime/blob/score_upgrade/docs/reference/scoring/language_model/setup_fastlm.md,https://raw.githubusercontent.com/mortlach/RuneDecrypterPrime/score_upgrade/docs/reference/scoring/language_model/setup_fastlm.md
docs/reference/scoring/policy.md,771,https://github.com/mortlach/RuneDecrypterPrime/blob/score_upgrade/docs/reference/scoring/policy.md,https://raw.githubusercontent.com/mortlach/RuneDecrypterPrime/score_upgrade/docs/reference/scoring/policy.md
docs/reference/scoring/rune_scorer.md,1516,https://github.com/mortlach/RuneDecrypterPrime/blob/score_upgrade/docs/reference/scoring/rune_scorer.md,https://raw.githubusercontent.com/mortlach/RuneDecrypterPrime/score_upgrade/docs/reference/scoring/rune_scorer.md
docs/reference/scoring/torch_rune_scorer.md,1347,https://github.com/mortlach/RuneDecrypterPrime/blob/score_upgrade/docs/reference/scoring/torch_rune_scorer.md,https://raw.githubusercontent.com/mortlach/RuneDecrypterPrime/score_upgrade/docs/reference/scoring/torch_rune_scorer.md
docs/reference/solvers/solver_base.md,2115,https://github.com/mortlach/RuneDecrypterPrime/blob/score_upgrade/docs/reference/solvers/solver_base.md,https://raw.githubusercontent.com/mortlach/RuneDecrypterPrime/score_upgrade/docs/reference/solvers/solver_base.md
docs/reference/telemetry/events.md,1517,https://github.com/mortlach/RuneDecrypterPrime/blob/score_upgrade/docs/reference/telemetry/events.md,https://raw.githubusercontent.com/mortlach/RuneDecrypterPrime/score_upgrade/docs/reference/telemetry/events.md
docs/reference/telemetry/pipeline.md,1501,https://github.com/mortlach/RuneDecrypterPrime/blob/score_upgrade/docs/reference/telemetry/pipeline.md,https://raw.githubusercontent.com/mortlach/RuneDecrypterPrime/score_upgrade/docs/reference/telemetry/pipeline.md
docs/reference/telemetry/schema.md,876,https://github.com/mortlach/RuneDecrypterPrime/blob/score_upgrade/docs/reference/telemetry/schema.md,https://raw.githubusercontent.com/mortlach/RuneDecrypterPrime/score_upgrade/docs/reference/telemetry/schema.md
docs/reference/tutorials/v1/dev/Beginner_Tutorial_Run.md,307,https://github.com/mortlach/RuneDecrypterPrime/blob/score_upgrade/docs/reference/tutorials/v1/dev/Beginner_Tutorial_Run.md,https://raw.githubusercontent.com/mortlach/RuneDecrypterPrime/score_upgrade/docs/reference/tutorials/v1/dev/Beginner_Tutorial_Run.md
docs/reference/tutorials/v1/dev/Hill_2+∙2_CIpher.md,93,https://github.com/mortlach/RuneDecrypterPrime/blob/score_upgrade/docs/reference/tutorials/v1/dev/Hill_2%2B%E2%88%992_CIpher.md,https://raw.githubusercontent.com/mortlach/RuneDecrypterPrime/score_upgrade/docs/reference/tutorials/v1/dev/Hill_2%2B%E2%88%992_CIpher.md
docs/reference/tutorials/v1/dev/Hill_2×2_CIpher.md,91,https://github.com/mortlach/RuneDecrypterPrime/blob/score_upgrade/docs/reference/tutorials/v1/dev/Hill_2%C3%972_CIpher.md,https://raw.githubusercontent.com/mortlach/RuneDecrypterPrime/score_upgrade/docs/reference/tutorials/v1/dev/Hill_2%C3%972_CIpher.md
docs/reference/tutorials/v1/dev/Known_Key_FastPath_Demo.md,390,https://github.com/mortlach/RuneDecrypterPrime/blob/score_upgrade/docs/reference/tutorials/v1/dev/Known_Key_FastPath_Demo.md,https://raw.githubusercontent.com/mortlach/RuneDecrypterPrime/score_upgrade/docs/reference/tutorials/v1/dev/Known_Key_FastPath_Demo.md
docs/reference/tutorials/v1/dev/Monoalphabetic_Substitution_GA.md,83,https://github.com/mortlach/RuneDecrypterPrime/blob/score_upgrade/docs/reference/tutorials/v1/dev/Monoalphabetic_Substitution_GA.md,https://raw.githubusercontent.com/mortlach/RuneDecrypterPrime/score_upgrade/docs/reference/tutorials/v1/dev/Monoalphabetic_Substitution_GA.md
docs/reference/tutorials/v1/dev/Multiplicative_Vigenere.md,340,https://github.com/mortlach/RuneDecrypterPrime/blob/score_upgrade/docs/reference/tutorials/v1/dev/Multiplicative_Vigenere.md,https://raw.githubusercontent.com/mortlach/RuneDecrypterPrime/score_upgrade/docs/reference/tutorials/v1/dev/Multiplicative_Vigenere.md
docs/reference/tutorials/v1/dev/Pure_Custum_Hybrid_Toy.md,75,https://github.com/mortlach/RuneDecrypterPrime/blob/score_upgrade/docs/reference/tutorials/v1/dev/Pure_Custum_Hybrid_Toy.md,https://raw.githubusercontent.com/mortlach/RuneDecrypterPrime/score_upgrade/docs/reference/tutorials/v1/dev/Pure_Custum_Hybrid_Toy.md
docs/reference/tutorials/v1/dev/README.md,382,https://github.com/mortlach/RuneDecrypterPrime/blob/score_upgrade/docs/reference/tutorials/v1/dev/README.md,https://raw.githubusercontent.com/mortlach/RuneDecrypterPrime/score_upgrade/docs/reference/tutorials/v1/dev/README.md
docs/reference/tutorials/v1/dev/Spiral_Route_Cipher.md,495,https://github.com/mortlach/RuneDecrypterPrime/blob/score_upgrade/docs/reference/tutorials/v1/dev/Spiral_Route_Cipher.md,https://raw.githubusercontent.com/mortlach/RuneDecrypterPrime/score_upgrade/docs/reference/tutorials/v1/dev/Spiral_Route_Cipher.md
docs/reference/tutorials/v1/dev/Tutorial_Affine29.md,413,https://github.com/mortlach/RuneDecrypterPrime/blob/score_upgrade/docs/reference/tutorials/v1/dev/Tutorial_Affine29.md,https://raw.githubusercontent.com/mortlach/RuneDecrypterPrime/score_upgrade/docs/reference/tutorials/v1/dev/Tutorial_Affine29.md
docs/reference/tutorials/v1/dev/Tutorial_ColumnarTransposition.md,83,https://github.com/mortlach/RuneDecrypterPrime/blob/score_upgrade/docs/reference/tutorials/v1/dev/Tutorial_ColumnarTransposition.md,https://raw.githubusercontent.com/mortlach/RuneDecrypterPrime/score_upgrade/docs/reference/tutorials/v1/dev/Tutorial_ColumnarTransposition.md
docs/reference/tutorials/v1/dev/Tutorial_Hill2x2.md,69,https://github.com/mortlach/RuneDecrypterPrime/blob/score_upgrade/docs/reference/tutorials/v1/dev/Tutorial_Hill2x2.md,https://raw.githubusercontent.com/mortlach/RuneDecrypterPrime/score_upgrade/docs/reference/tutorials/v1/dev/Tutorial_Hill2x2.md
docs/reference/tutorials/v1/dev/Tutorial_Hill_Unified.md,102,https://github.com/mortlach/RuneDecrypterPrime/blob/score_upgrade/docs/reference/tutorials/v1/dev/Tutorial_Hill_Unified.md,https://raw.githubusercontent.com/mortlach/RuneDecrypterPrime/score_upgrade/docs/reference/tutorials/v1/dev/Tutorial_Hill_Unified.md
docs/reference/tutorials/v1/dev/Tutorial_Hill_Unified_BackendKey.md,113,https://github.com/mortlach/RuneDecrypterPrime/blob/score_upgrade/docs/reference/tutorials/v1/dev/Tutorial_Hill_Unified_BackendKey.md,https://raw.githubusercontent.com/mortlach/RuneDecrypterPrime/score_upgrade/docs/reference/tutorials/v1/dev/Tutorial_Hill_Unified_BackendKey.md
docs/reference/tutorials/v1/dev/Tutorial_Hill_Unified_UIOnly.md,172,https://github.com/mortlach/RuneDecrypterPrime/blob/score_upgrade/docs/reference/tutorials/v1/dev/Tutorial_Hill_Unified_UIOnly.md,https://raw.githubusercontent.com/mortlach/RuneDecrypterPrime/score_upgrade/docs/reference/tutorials/v1/dev/Tutorial_Hill_Unified_UIOnly.md
docs/reference/tutorials/v1/dev/Tutorial_MonoSubstitution_GA.md,377,https://github.com/mortlach/RuneDecrypterPrime/blob/score_upgrade/docs/reference/tutorials/v1/dev/Tutorial_MonoSubstitution_GA.md,https://raw.githubusercontent.com/mortlach/RuneDecrypterPrime/score_upgrade/docs/reference/tutorials/v1/dev/Tutorial_MonoSubstitution_GA.md
docs/reference/tutorials/v1/dev/Tutorial_Playsquare25.md,145,https://github.com/mortlach/RuneDecrypterPrime/blob/score_upgrade/docs/reference/tutorials/v1/dev/Tutorial_Playsquare25.md,https://raw.githubusercontent.com/mortlach/RuneDecrypterPrime/score_upgrade/docs/reference/tutorials/v1/dev/Tutorial_Playsquare25.md
docs/reference/tutorials/v1/dev/Tutorial_Vigenere_GeneralMap.md,115,https://github.com/mortlach/RuneDecrypterPrime/blob/score_upgrade/docs/reference/tutorials/v1/dev/Tutorial_Vigenere_GeneralMap.md,https://raw.githubusercontent.com/mortlach/RuneDecrypterPrime/score_upgrade/docs/reference/tutorials/v1/dev/Tutorial_Vigenere_GeneralMap.md
docs/reference/tutorials/v1/dev/Vigenere_StepByStep_Run.md,76,https://github.com/mortlach/RuneDecrypterPrime/blob/score_upgrade/docs/reference/tutorials/v1/dev/Vigenere_StepByStep_Run.md,https://raw.githubusercontent.com/mortlach/RuneDecrypterPrime/score_upgrade/docs/reference/tutorials/v1/dev/Vigenere_StepByStep_Run.md
docs/reference/tutorials/v1/run_all_V1tutorials.md,1469,https://github.com/mortlach/RuneDecrypterPrime/blob/score_upgrade/docs/reference/tutorials/v1/run_all_V1tutorials.md,https://raw.githubusercontent.com/mortlach/RuneDecrypterPrime/score_upgrade/docs/reference/tutorials/v1/run_all_V1tutorials.md
docs/reference/tutorials/v1/Tutorial_Autokey.md,1376,https://github.com/mortlach/RuneDecrypterPrime/blob/score_upgrade/docs/reference/tutorials/v1/Tutorial_Autokey.md,https://raw.githubusercontent.com/mortlach/RuneDecrypterPrime/score_upgrade/docs/reference/tutorials/v1/Tutorial_Autokey.md
docs/reference/tutorials/v1/Tutorial_ColumnarTransposition.md,1286,https://github.com/mortlach/RuneDecrypterPrime/blob/score_upgrade/docs/reference/tutorials/v1/Tutorial_ColumnarTransposition.md,https://raw.githubusercontent.com/mortlach/RuneDecrypterPrime/score_upgrade/docs/reference/tutorials/v1/Tutorial_ColumnarTransposition.md
docs/reference/tutorials/v1/Tutorial_MonoSubstitution_GA_Friendly.md,1058,https://github.com/mortlach/RuneDecrypterPrime/blob/score_upgrade/docs/reference/tutorials/v1/Tutorial_MonoSubstitution_GA_Friendly.md,https://raw.githubusercontent.com/mortlach/RuneDecrypterPrime/score_upgrade/docs/reference/tutorials/v1/Tutorial_MonoSubstitution_GA_Friendly.md
docs/reference/tutorials/v1/Tutorial_MonoSubstitution_HYBRID.md,1441,https://github.com/mortlach/RuneDecrypterPrime/blob/score_upgrade/docs/reference/tutorials/v1/Tutorial_MonoSubstitution_HYBRID.md,https://raw.githubusercontent.com/mortlach/RuneDecrypterPrime/score_upgrade/docs/reference/tutorials/v1/Tutorial_MonoSubstitution_HYBRID.md
docs/reference/tutorials/v1/Tutorial_Playfair29.md,1165,https://github.com/mortlach/RuneDecrypterPrime/blob/score_upgrade/docs/reference/tutorials/v1/Tutorial_Playfair29.md,https://raw.githubusercontent.com/mortlach/RuneDecrypterPrime/score_upgrade/docs/reference/tutorials/v1/Tutorial_Playfair29.md
docs/reference/tutorials/v1/Tutorial_Railfence.md,1869,https://github.com/mortlach/RuneDecrypterPrime/blob/score_upgrade/docs/reference/tutorials/v1/Tutorial_Railfence.md,https://raw.githubusercontent.com/mortlach/RuneDecrypterPrime/score_upgrade/docs/reference/tutorials/v1/Tutorial_Railfence.md
docs/reference/tutorials/v1/Tutorial_Vigenere_GeneralMap.md,1260,https://github.com/mortlach/RuneDecrypterPrime/blob/score_upgrade/docs/reference/tutorials/v1/Tutorial_Vigenere_GeneralMap.md,https://raw.githubusercontent.com/mortlach/RuneDecrypterPrime/score_upgrade/docs/reference/tutorials/v1/Tutorial_Vigenere_GeneralMap.md
docs/reference/tutorials/v1/Tutorial_Vigenere_Interruptors.md,1061,https://github.com/mortlach/RuneDecrypterPrime/blob/score_upgrade/docs/reference/tutorials/v1/Tutorial_Vigenere_Interruptors.md,https://raw.githubusercontent.com/mortlach/RuneDecrypterPrime/score_upgrade/docs/reference/tutorials/v1/Tutorial_Vigenere_Interruptors.md
docs/reference/utils/pretty.md,1295,https://github.com/mortlach/RuneDecrypterPrime/blob/score_upgrade/docs/reference/utils/pretty.md,https://raw.githubusercontent.com/mortlach/RuneDecrypterPrime/score_upgrade/docs/reference/utils/pretty.md
docs/reference/utils/seed_utils.md,1198,https://github.com/mortlach/RuneDecrypterPrime/blob/score_upgrade/docs/reference/utils/seed_utils.md,https://raw.githubusercontent.com/mortlach/RuneDecrypterPrime/score_upgrade/docs/reference/utils/seed_utils.md
docs/reference/utils/telemetry.md,964,https://github.com/mortlach/RuneDecrypterPrime/blob/score_upgrade/docs/reference/utils/telemetry.md,https://raw.githubusercontent.com/mortlach/RuneDecrypterPrime/score_upgrade/docs/reference/utils/telemetry.md
docs/reference/utils/telemetry_utils.md,1160,https://github.com/mortlach/RuneDecrypterPrime/blob/score_upgrade/docs/reference/utils/telemetry_utils.md,https://raw.githubusercontent.com/mortlach/RuneDecrypterPrime/score_upgrade/docs/reference/utils/telemetry_utils.md
docs/repo/structure.md,1675,https://github.com/mortlach/RuneDecrypterPrime/blob/score_upgrade/docs/repo/structure.md,https://raw.githubusercontent.com/mortlach/RuneDecrypterPrime/score_upgrade/docs/repo/structure.md
docs/setup/installation.md,2701,https://github.com/mortlach/RuneDecrypterPrime/blob/score_upgrade/docs/setup/installation.md,https://raw.githubusercontent.com/mortlach/RuneDecrypterPrime/score_upgrade/docs/setup/installation.md
docs/tests/overview.md,1065,https://github.com/mortlach/RuneDecrypterPrime/blob/score_upgrade/docs/tests/overview.md,https://raw.githubusercontent.com/mortlach/RuneDecrypterPrime/score_upgrade/docs/tests/overview.md
docs/tests_docs/overview.md,718,https://github.com/mortlach/RuneDecrypterPrime/blob/score_upgrade/docs/tests_docs/overview.md,https://raw.githubusercontent.com/mortlach/RuneDecrypterPrime/score_upgrade/docs/tests_docs/overview.md
docs/tests_docs/running_in_ide.md,868,https://github.com/mortlach/RuneDecrypterPrime/blob/score_upgrade/docs/tests_docs/running_in_ide.md,https://raw.githubusercontent.com/mortlach/RuneDecrypterPrime/score_upgrade/docs/tests_docs/running_in_ide.md
docs/tests_docs/tiering.md,246,https://github.com/mortlach/RuneDecrypterPrime/blob/score_upgrade/docs/tests_docs/tiering.md,https://raw.githubusercontent.com/mortlach/RuneDecrypterPrime/score_upgrade/docs/tests_docs/tiering.md
docs/tests_docs/tools.md,2747,https://github.com/mortlach/RuneDecrypterPrime/blob/score_upgrade/docs/tests_docs/tools.md,https://raw.githubusercontent.com/mortlach/RuneDecrypterPrime/score_upgrade/docs/tests_docs/tools.md
docs/tests_docs/writing_tests.md,576,https://github.com/mortlach/RuneDecrypterPrime/blob/score_upgrade/docs/tests_docs/writing_tests.md,https://raw.githubusercontent.com/mortlach/RuneDecrypterPrime/score_upgrade/docs/tests_docs/writing_tests.md
docs/tutorials/columnar_hybrid.md,2571,https://github.com/mortlach/RuneDecrypterPrime/blob/score_upgrade/docs/tutorials/columnar_hybrid.md,https://raw.githubusercontent.com/mortlach/RuneDecrypterPrime/score_upgrade/docs/tutorials/columnar_hybrid.md
docs/tutorials/crib_drag.md,2229,https://github.com/mortlach/RuneDecrypterPrime/blob/score_upgrade/docs/tutorials/crib_drag.md,https://raw.githubusercontent.com/mortlach/RuneDecrypterPrime/score_upgrade/docs/tutorials/crib_drag.md
docs/tutorials/index.md,1522,https://github.com/mortlach/RuneDecrypterPrime/blob/score_upgrade/docs/tutorials/index.md,https://raw.githubusercontent.com/mortlach/RuneDecrypterPrime/score_upgrade/docs/tutorials/index.md
docs/tutorials/mono_ga.md,2360,https://github.com/mortlach/RuneDecrypterPrime/blob/score_upgrade/docs/tutorials/mono_ga.md,https://raw.githubusercontent.com/mortlach/RuneDecrypterPrime/score_upgrade/docs/tutorials/mono_ga.md
docs/tutorials/Tutorial_ColumnarTransposition.md,1564,https://github.com/mortlach/RuneDecrypterPrime/blob/score_upgrade/docs/tutorials/Tutorial_ColumnarTransposition.md,https://raw.githubusercontent.com/mortlach/RuneDecrypterPrime/score_upgrade/docs/tutorials/Tutorial_ColumnarTransposition.md
docs/tutorials/Tutorial_CribDrag_API.md,886,https://github.com/mortlach/RuneDecrypterPrime/blob/score_upgrade/docs/tutorials/Tutorial_CribDrag_API.md,https://raw.githubusercontent.com/mortlach/RuneDecrypterPrime/score_upgrade/docs/tutorials/Tutorial_CribDrag_API.md
docs/tutorials/Tutorial_MonoSubstitution_GA.md,1456,https://github.com/mortlach/RuneDecrypterPrime/blob/score_upgrade/docs/tutorials/Tutorial_MonoSubstitution_GA.md,https://raw.githubusercontent.com/mortlach/RuneDecrypterPrime/score_upgrade/docs/tutorials/Tutorial_MonoSubstitution_GA.md
docs/tutorials/Tutorial_Vigenere_GeneralMap.md,1335,https://github.com/mortlach/RuneDecrypterPrime/blob/score_upgrade/docs/tutorials/Tutorial_Vigenere_GeneralMap.md,https://raw.githubusercontent.com/mortlach/RuneDecrypterPrime/score_upgrade/docs/tutorials/Tutorial_Vigenere_GeneralMap.md
docs/tutorials/Tutorial_Vigenere_Interruptors.md,1426,https://github.com/mortlach/RuneDecrypterPrime/blob/score_upgrade/docs/tutorials/Tutorial_Vigenere_Interruptors.md,https://raw.githubusercontent.com/mortlach/RuneDecrypterPrime/score_upgrade/docs/tutorials/Tutorial_Vigenere_Interruptors.md
docs/tutorials/vigenere_ga.md,2434,https://github.com/mortlach/RuneDecrypterPrime/blob/score_upgrade/docs/tutorials/vigenere_ga.md,https://raw.githubusercontent.com/mortlach/RuneDecrypterPrime/score_upgrade/docs/tutorials/vigenere_ga.md
LICENSE_MIT.txt,1023,https://github.com/mortlach/RuneDecrypterPrime/blob/score_upgrade/LICENSE_MIT.txt,https://raw.githubusercontent.com/mortlach/RuneDecrypterPrime/score_upgrade/LICENSE_MIT.txt
pyproject.toml,769,https://github.com/mortlach/RuneDecrypterPrime/blob/score_upgrade/pyproject.toml,https://raw.githubusercontent.com/mortlach/RuneDecrypterPrime/score_upgrade/pyproject.toml
README.md,6353,https://github.com/mortlach/RuneDecrypterPrime/blob/score_upgrade/README.md,https://raw.githubusercontent.com/mortlach/RuneDecrypterPrime/score_upgrade/README.md
solving/5455/diff_vig_variants.py,16805,https://github.com/mortlach/RuneDecrypterPrime/blob/score_upgrade/solving/5455/diff_vig_variants.py,https://raw.githubusercontent.com/mortlach/RuneDecrypterPrime/score_upgrade/solving/5455/diff_vig_variants.py
src/rdp/__init__.py,319,https://github.com/mortlach/RuneDecrypterPrime/blob/score_upgrade/src/rdp/__init__.py,https://raw.githubusercontent.com/mortlach/RuneDecrypterPrime/score_upgrade/src/rdp/__init__.py
src/rdp/README.txt,876,https://github.com/mortlach/RuneDecrypterPrime/blob/score_upgrade/src/rdp/README.txt,https://raw.githubusercontent.com/mortlach/RuneDecrypterPrime/score_upgrade/src/rdp/README.txt
src/rune_decrypter_prime/__init__.py,88,https://github.com/mortlach/RuneDecrypterPrime/blob/score_upgrade/src/rune_decrypter_prime/__init__.py,https://raw.githubusercontent.com/mortlach/RuneDecrypterPrime/score_upgrade/src/rune_decrypter_prime/__init__.py
src/rune_decrypter_prime/api/__init__.py,1068,https://github.com/mortlach/RuneDecrypterPrime/blob/score_upgrade/src/rune_decrypter_prime/api/__init__.py,https://raw.githubusercontent.com/mortlach/RuneDecrypterPrime/score_upgrade/src/rune_decrypter_prime/api/__init__.py
src/rune_decrypter_prime/api/_resolve.py,6283,https://github.com/mortlach/RuneDecrypterPrime/blob/score_upgrade/src/rune_decrypter_prime/api/_resolve.py,https://raw.githubusercontent.com/mortlach/RuneDecrypterPrime/score_upgrade/src/rune_decrypter_prime/api/_resolve.py
src/rune_decrypter_prime/api/api.py,988,https://github.com/mortlach/RuneDecrypterPrime/blob/score_upgrade/src/rune_decrypter_prime/api/api.py,https://raw.githubusercontent.com/mortlach/RuneDecrypterPrime/score_upgrade/src/rune_decrypter_prime/api/api.py
src/rune_decrypter_prime/api/api_utils.py,1914,https://github.com/mortlach/RuneDecrypterPrime/blob/score_upgrade/src/rune_decrypter_prime/api/api_utils.py,https://raw.githubusercontent.com/mortlach/RuneDecrypterPrime/score_upgrade/src/rune_decrypter_prime/api/api_utils.py
src/rune_decrypter_prime/api/data_helpers.py,2191,https://github.com/mortlach/RuneDecrypterPrime/blob/score_upgrade/src/rune_decrypter_prime/api/data_helpers.py,https://raw.githubusercontent.com/mortlach/RuneDecrypterPrime/score_upgrade/src/rune_decrypter_prime/api/data_helpers.py
src/rune_decrypter_prime/api/fastpaths.py,3228,https://github.com/mortlach/RuneDecrypterPrime/blob/score_upgrade/src/rune_decrypter_prime/api/fastpaths.py,https://raw.githubusercontent.com/mortlach/RuneDecrypterPrime/score_upgrade/src/rune_decrypter_prime/api/fastpaths.py
src/rune_decrypter_prime/api/logging_utils.py,1418,https://github.com/mortlach/RuneDecrypterPrime/blob/score_upgrade/src/rune_decrypter_prime/api/logging_utils.py,https://raw.githubusercontent.com/mortlach/RuneDecrypterPrime/score_upgrade/src/rune_decrypter_prime/api/logging_utils.py
src/rune_decrypter_prime/api/maps_api.py,6509,https://github.com/mortlach/RuneDecrypterPrime/blob/score_upgrade/src/rune_decrypter_prime/api/maps_api.py,https://raw.githubusercontent.com/mortlach/RuneDecrypterPrime/score_upgrade/src/rune_decrypter_prime/api/maps_api.py
src/rune_decrypter_prime/api/normalize.py,19797,https://github.com/mortlach/RuneDecrypterPrime/blob/score_upgrade/src/rune_decrypter_prime/api/normalize.py,https://raw.githubusercontent.com/mortlach/RuneDecrypterPrime/score_upgrade/src/rune_decrypter_prime/api/normalize.py
src/rune_decrypter_prime/api/pipeline.py,4242,https://github.com/mortlach/RuneDecrypterPrime/blob/score_upgrade/src/rune_decrypter_prime/api/pipeline.py,https://raw.githubusercontent.com/mortlach/RuneDecrypterPrime/score_upgrade/src/rune_decrypter_prime/api/pipeline.py
src/rune_decrypter_prime/api/pipeline_helpers.py,7998,https://github.com/mortlach/RuneDecrypterPrime/blob/score_upgrade/src/rune_decrypter_prime/api/pipeline_helpers.py,https://raw.githubusercontent.com/mortlach/RuneDecrypterPrime/score_upgrade/src/rune_decrypter_prime/api/pipeline_helpers.py
src/rune_decrypter_prime/api/README.txt,1861,https://github.com/mortlach/RuneDecrypterPrime/blob/score_upgrade/src/rune_decrypter_prime/api/README.txt,https://raw.githubusercontent.com/mortlach/RuneDecrypterPrime/score_upgrade/src/rune_decrypter_prime/api/README.txt
src/rune_decrypter_prime/api/run.py,5176,https://github.com/mortlach/RuneDecrypterPrime/blob/score_upgrade/src/rune_decrypter_prime/api/run.py,https://raw.githubusercontent.com/mortlach/RuneDecrypterPrime/score_upgrade/src/rune_decrypter_prime/api/run.py
src/rune_decrypter_prime/api/specs.py,16286,https://github.com/mortlach/RuneDecrypterPrime/blob/score_upgrade/src/rune_decrypter_prime/api/specs.py,https://raw.githubusercontent.com/mortlach/RuneDecrypterPrime/score_upgrade/src/rune_decrypter_prime/api/specs.py
src/rune_decrypter_prime/api/word_crib_config.py,3328,https://github.com/mortlach/RuneDecrypterPrime/blob/score_upgrade/src/rune_decrypter_prime/api/word_crib_config.py,https://raw.githubusercontent.com/mortlach/RuneDecrypterPrime/score_upgrade/src/rune_decrypter_prime/api/word_crib_config.py
src/rune_decrypter_prime/api/wrappers/__init__.py,153,https://github.com/mortlach/RuneDecrypterPrime/blob/score_upgrade/src/rune_decrypter_prime/api/wrappers/__init__.py,https://raw.githubusercontent.com/mortlach/RuneDecrypterPrime/score_upgrade/src/rune_decrypter_prime/api/wrappers/__init__.py
src/rune_decrypter_prime/api/wrappers/by_name.py,20634,https://github.com/mortlach/RuneDecrypterPrime/blob/score_upgrade/src/rune_decrypter_prime/api/wrappers/by_name.py,https://raw.githubusercontent.com/mortlach/RuneDecrypterPrime/score_upgrade/src/rune_decrypter_prime/api/wrappers/by_name.py
src/rune_decrypter_prime/api/wrappers/registry.py,17839,https://github.com/mortlach/RuneDecrypterPrime/blob/score_upgrade/src/rune_decrypter_prime/api/wrappers/registry.py,https://raw.githubusercontent.com/mortlach/RuneDecrypterPrime/score_upgrade/src/rune_decrypter_prime/api/wrappers/registry.py
src/rune_decrypter_prime/backends/__init__.py,169,https://github.com/mortlach/RuneDecrypterPrime/blob/score_upgrade/src/rune_decrypter_prime/backends/__init__.py,https://raw.githubusercontent.com/mortlach/RuneDecrypterPrime/score_upgrade/src/rune_decrypter_prime/backends/__init__.py
src/rune_decrypter_prime/backends/device.py,1565,https://github.com/mortlach/RuneDecrypterPrime/blob/score_upgrade/src/rune_decrypter_prime/backends/device.py,https://raw.githubusercontent.com/mortlach/RuneDecrypterPrime/score_upgrade/src/rune_decrypter_prime/backends/device.py
src/rune_decrypter_prime/backends/README.txt,1297,https://github.com/mortlach/RuneDecrypterPrime/blob/score_upgrade/src/rune_decrypter_prime/backends/README.txt,https://raw.githubusercontent.com/mortlach/RuneDecrypterPrime/score_upgrade/src/rune_decrypter_prime/backends/README.txt
src/rune_decrypter_prime/backends/xp.py,9746,https://github.com/mortlach/RuneDecrypterPrime/blob/score_upgrade/src/rune_decrypter_prime/backends/xp.py,https://raw.githubusercontent.com/mortlach/RuneDecrypterPrime/score_upgrade/src/rune_decrypter_prime/backends/xp.py
src/rune_decrypter_prime/ciphers/__init__.py,1016,https://github.com/mortlach/RuneDecrypterPrime/blob/score_upgrade/src/rune_decrypter_prime/ciphers/__init__.py,https://raw.githubusercontent.com/mortlach/RuneDecrypterPrime/score_upgrade/src/rune_decrypter_prime/ciphers/__init__.py
src/rune_decrypter_prime/ciphers/autokey_cipher.py,5255,https://github.com/mortlach/RuneDecrypterPrime/blob/score_upgrade/src/rune_decrypter_prime/ciphers/autokey_cipher.py,https://raw.githubusercontent.com/mortlach/RuneDecrypterPrime/score_upgrade/src/rune_decrypter_prime/ciphers/autokey_cipher.py
src/rune_decrypter_prime/ciphers/base_keyed_cipher.py,1787,https://github.com/mortlach/RuneDecrypterPrime/blob/score_upgrade/src/rune_decrypter_prime/ciphers/base_keyed_cipher.py,https://raw.githubusercontent.com/mortlach/RuneDecrypterPrime/score_upgrade/src/rune_decrypter_prime/ciphers/base_keyed_cipher.py
src/rune_decrypter_prime/ciphers/ciphers_pipeline.py,36928,https://github.com/mortlach/RuneDecrypterPrime/blob/score_upgrade/src/rune_decrypter_prime/ciphers/ciphers_pipeline.py,https://raw.githubusercontent.com/mortlach/RuneDecrypterPrime/score_upgrade/src/rune_decrypter_prime/ciphers/ciphers_pipeline.py
src/rune_decrypter_prime/ciphers/columnar_transposition_cipher.py,7227,https://github.com/mortlach/RuneDecrypterPrime/blob/score_upgrade/src/rune_decrypter_prime/ciphers/columnar_transposition_cipher.py,https://raw.githubusercontent.com/mortlach/RuneDecrypterPrime/score_upgrade/src/rune_decrypter_prime/ciphers/columnar_transposition_cipher.py
src/rune_decrypter_prime/ciphers/dev/__init__.py,0,https://github.com/mortlach/RuneDecrypterPrime/blob/score_upgrade/src/rune_decrypter_prime/ciphers/dev/__init__.py,https://raw.githubusercontent.com/mortlach/RuneDecrypterPrime/score_upgrade/src/rune_decrypter_prime/ciphers/dev/__init__.py
src/rune_decrypter_prime/ciphers/dev/affine_cipher.py,2732,https://github.com/mortlach/RuneDecrypterPrime/blob/score_upgrade/src/rune_decrypter_prime/ciphers/dev/affine_cipher.py,https://raw.githubusercontent.com/mortlach/RuneDecrypterPrime/score_upgrade/src/rune_decrypter_prime/ciphers/dev/affine_cipher.py
src/rune_decrypter_prime/ciphers/dev/affine_xp.py,1413,https://github.com/mortlach/RuneDecrypterPrime/blob/score_upgrade/src/rune_decrypter_prime/ciphers/dev/affine_xp.py,https://raw.githubusercontent.com/mortlach/RuneDecrypterPrime/score_upgrade/src/rune_decrypter_prime/ciphers/dev/affine_xp.py
src/rune_decrypter_prime/ciphers/dev/base_keyed_cipher.py,1503,https://github.com/mortlach/RuneDecrypterPrime/blob/score_upgrade/src/rune_decrypter_prime/ciphers/dev/base_keyed_cipher.py,https://raw.githubusercontent.com/mortlach/RuneDecrypterPrime/score_upgrade/src/rune_decrypter_prime/ciphers/dev/base_keyed_cipher.py
src/rune_decrypter_prime/ciphers/dev/beaufort_cipher.py,3951,https://github.com/mortlach/RuneDecrypterPrime/blob/score_upgrade/src/rune_decrypter_prime/ciphers/dev/beaufort_cipher.py,https://raw.githubusercontent.com/mortlach/RuneDecrypterPrime/score_upgrade/src/rune_decrypter_prime/ciphers/dev/beaufort_cipher.py
src/rune_decrypter_prime/ciphers/dev/beaufort_xp.py,945,https://github.com/mortlach/RuneDecrypterPrime/blob/score_upgrade/src/rune_decrypter_prime/ciphers/dev/beaufort_xp.py,https://raw.githubusercontent.com/mortlach/RuneDecrypterPrime/score_upgrade/src/rune_decrypter_prime/ciphers/dev/beaufort_xp.py
src/rune_decrypter_prime/ciphers/dev/block_permutation_cipher.py,1839,https://github.com/mortlach/RuneDecrypterPrime/blob/score_upgrade/src/rune_decrypter_prime/ciphers/dev/block_permutation_cipher.py,https://raw.githubusercontent.com/mortlach/RuneDecrypterPrime/score_upgrade/src/rune_decrypter_prime/ciphers/dev/block_permutation_cipher.py
src/rune_decrypter_prime/ciphers/dev/block_permutation_cipher2.py,2555,https://github.com/mortlach/RuneDecrypterPrime/blob/score_upgrade/src/rune_decrypter_prime/ciphers/dev/block_permutation_cipher2.py,https://raw.githubusercontent.com/mortlach/RuneDecrypterPrime/score_upgrade/src/rune_decrypter_prime/ciphers/dev/block_permutation_cipher2.py
src/rune_decrypter_prime/ciphers/dev/blockperm_xp.py,1681,https://github.com/mortlach/RuneDecrypterPrime/blob/score_upgrade/src/rune_decrypter_prime/ciphers/dev/blockperm_xp.py,https://raw.githubusercontent.com/mortlach/RuneDecrypterPrime/score_upgrade/src/rune_decrypter_prime/ciphers/dev/blockperm_xp.py
src/rune_decrypter_prime/ciphers/dev/columnar_transposition_cipher2.py,3725,https://github.com/mortlach/RuneDecrypterPrime/blob/score_upgrade/src/rune_decrypter_prime/ciphers/dev/columnar_transposition_cipher2.py,https://raw.githubusercontent.com/mortlach/RuneDecrypterPrime/score_upgrade/src/rune_decrypter_prime/ciphers/dev/columnar_transposition_cipher2.py
src/rune_decrypter_prime/ciphers/dev/columnar_xp.py,1573,https://github.com/mortlach/RuneDecrypterPrime/blob/score_upgrade/src/rune_decrypter_prime/ciphers/dev/columnar_xp.py,https://raw.githubusercontent.com/mortlach/RuneDecrypterPrime/score_upgrade/src/rune_decrypter_prime/ciphers/dev/columnar_xp.py
src/rune_decrypter_prime/ciphers/dev/double_transposition.py,3803,https://github.com/mortlach/RuneDecrypterPrime/blob/score_upgrade/src/rune_decrypter_prime/ciphers/dev/double_transposition.py,https://raw.githubusercontent.com/mortlach/RuneDecrypterPrime/score_upgrade/src/rune_decrypter_prime/ciphers/dev/double_transposition.py
src/rune_decrypter_prime/ciphers/dev/hill2x2_xp.py,1753,https://github.com/mortlach/RuneDecrypterPrime/blob/score_upgrade/src/rune_decrypter_prime/ciphers/dev/hill2x2_xp.py,https://raw.githubusercontent.com/mortlach/RuneDecrypterPrime/score_upgrade/src/rune_decrypter_prime/ciphers/dev/hill2x2_xp.py
src/rune_decrypter_prime/ciphers/dev/hill_cipher.py,13197,https://github.com/mortlach/RuneDecrypterPrime/blob/score_upgrade/src/rune_decrypter_prime/ciphers/dev/hill_cipher.py,https://raw.githubusercontent.com/mortlach/RuneDecrypterPrime/score_upgrade/src/rune_decrypter_prime/ciphers/dev/hill_cipher.py
src/rune_decrypter_prime/ciphers/dev/playsquare_cipher.py,12500,https://github.com/mortlach/RuneDecrypterPrime/blob/score_upgrade/src/rune_decrypter_prime/ciphers/dev/playsquare_cipher.py,https://raw.githubusercontent.com/mortlach/RuneDecrypterPrime/score_upgrade/src/rune_decrypter_prime/ciphers/dev/playsquare_cipher.py
src/rune_decrypter_prime/ciphers/dev/railfence_xp.py,1661,https://github.com/mortlach/RuneDecrypterPrime/blob/score_upgrade/src/rune_decrypter_prime/ciphers/dev/railfence_xp.py,https://raw.githubusercontent.com/mortlach/RuneDecrypterPrime/score_upgrade/src/rune_decrypter_prime/ciphers/dev/railfence_xp.py
src/rune_decrypter_prime/ciphers/dev/README.md,119,https://github.com/mortlach/RuneDecrypterPrime/blob/score_upgrade/src/rune_decrypter_prime/ciphers/dev/README.md,https://raw.githubusercontent.com/mortlach/RuneDecrypterPrime/score_upgrade/src/rune_decrypter_prime/ciphers/dev/README.md
src/rune_decrypter_prime/ciphers/dev/route_cipher2.py,2618,https://github.com/mortlach/RuneDecrypterPrime/blob/score_upgrade/src/rune_decrypter_prime/ciphers/dev/route_cipher2.py,https://raw.githubusercontent.com/mortlach/RuneDecrypterPrime/score_upgrade/src/rune_decrypter_prime/ciphers/dev/route_cipher2.py
src/rune_decrypter_prime/ciphers/dev/route_xp.py,1490,https://github.com/mortlach/RuneDecrypterPrime/blob/score_upgrade/src/rune_decrypter_prime/ciphers/dev/route_xp.py,https://raw.githubusercontent.com/mortlach/RuneDecrypterPrime/score_upgrade/src/rune_decrypter_prime/ciphers/dev/route_xp.py
src/rune_decrypter_prime/ciphers/dev/substitution_xp.py,1073,https://github.com/mortlach/RuneDecrypterPrime/blob/score_upgrade/src/rune_decrypter_prime/ciphers/dev/substitution_xp.py,https://raw.githubusercontent.com/mortlach/RuneDecrypterPrime/score_upgrade/src/rune_decrypter_prime/ciphers/dev/substitution_xp.py
src/rune_decrypter_prime/ciphers/dev/variant_beaufort_xp.py,953,https://github.com/mortlach/RuneDecrypterPrime/blob/score_upgrade/src/rune_decrypter_prime/ciphers/dev/variant_beaufort_xp.py,https://raw.githubusercontent.com/mortlach/RuneDecrypterPrime/score_upgrade/src/rune_decrypter_prime/ciphers/dev/variant_beaufort_xp.py
src/rune_decrypter_prime/ciphers/generic_map_cipher.py,13309,https://github.com/mortlach/RuneDecrypterPrime/blob/score_upgrade/src/rune_decrypter_prime/ciphers/generic_map_cipher.py,https://raw.githubusercontent.com/mortlach/RuneDecrypterPrime/score_upgrade/src/rune_decrypter_prime/ciphers/generic_map_cipher.py
src/rune_decrypter_prime/ciphers/periodic_columnar_cipher.py,10135,https://github.com/mortlach/RuneDecrypterPrime/blob/score_upgrade/src/rune_decrypter_prime/ciphers/periodic_columnar_cipher.py,https://raw.githubusercontent.com/mortlach/RuneDecrypterPrime/score_upgrade/src/rune_decrypter_prime/ciphers/periodic_columnar_cipher.py
src/rune_decrypter_prime/ciphers/periodic_substitution_cipher.py,5911,https://github.com/mortlach/RuneDecrypterPrime/blob/score_upgrade/src/rune_decrypter_prime/ciphers/periodic_substitution_cipher.py,https://raw.githubusercontent.com/mortlach/RuneDecrypterPrime/score_upgrade/src/rune_decrypter_prime/ciphers/periodic_substitution_cipher.py
src/rune_decrypter_prime/ciphers/railfence_cipher.py,5395,https://github.com/mortlach/RuneDecrypterPrime/blob/score_upgrade/src/rune_decrypter_prime/ciphers/railfence_cipher.py,https://raw.githubusercontent.com/mortlach/RuneDecrypterPrime/score_upgrade/src/rune_decrypter_prime/ciphers/railfence_cipher.py
src/rune_decrypter_prime/ciphers/readme.txt,1480,https://github.com/mortlach/RuneDecrypterPrime/blob/score_upgrade/src/rune_decrypter_prime/ciphers/readme.txt,https://raw.githubusercontent.com/mortlach/RuneDecrypterPrime/score_upgrade/src/rune_decrypter_prime/ciphers/readme.txt
src/rune_decrypter_prime/ciphers/registry.py,1352,https://github.com/mortlach/RuneDecrypterPrime/blob/score_upgrade/src/rune_decrypter_prime/ciphers/registry.py,https://raw.githubusercontent.com/mortlach/RuneDecrypterPrime/score_upgrade/src/rune_decrypter_prime/ciphers/registry.py
src/rune_decrypter_prime/ciphers/substitution_cipher.py,4936,https://github.com/mortlach/RuneDecrypterPrime/blob/score_upgrade/src/rune_decrypter_prime/ciphers/substitution_cipher.py,https://raw.githubusercontent.com/mortlach/RuneDecrypterPrime/score_upgrade/src/rune_decrypter_prime/ciphers/substitution_cipher.py
src/rune_decrypter_prime/ciphers/vigenere_cipher.py,7924,https://github.com/mortlach/RuneDecrypterPrime/blob/score_upgrade/src/rune_decrypter_prime/ciphers/vigenere_cipher.py,https://raw.githubusercontent.com/mortlach/RuneDecrypterPrime/score_upgrade/src/rune_decrypter_prime/ciphers/vigenere_cipher.py
src/rune_decrypter_prime/core/__init__.py,165,https://github.com/mortlach/RuneDecrypterPrime/blob/score_upgrade/src/rune_decrypter_prime/core/__init__.py,https://raw.githubusercontent.com/mortlach/RuneDecrypterPrime/score_upgrade/src/rune_decrypter_prime/core/__init__.py
src/rune_decrypter_prime/core/config.py,14476,https://github.com/mortlach/RuneDecrypterPrime/blob/score_upgrade/src/rune_decrypter_prime/core/config.py,https://raw.githubusercontent.com/mortlach/RuneDecrypterPrime/score_upgrade/src/rune_decrypter_prime/core/config.py
src/rune_decrypter_prime/core/config/__init__.py,512,https://github.com/mortlach/RuneDecrypterPrime/blob/score_upgrade/src/rune_decrypter_prime/core/config/__init__.py,https://raw.githubusercontent.com/mortlach/RuneDecrypterPrime/score_upgrade/src/rune_decrypter_prime/core/config/__init__.py
src/rune_decrypter_prime/core/config/cipher.py,6549,https://github.com/mortlach/RuneDecrypterPrime/blob/score_upgrade/src/rune_decrypter_prime/core/config/cipher.py,https://raw.githubusercontent.com/mortlach/RuneDecrypterPrime/score_upgrade/src/rune_decrypter_prime/core/config/cipher.py
src/rune_decrypter_prime/core/config/interruptor.py,5149,https://github.com/mortlach/RuneDecrypterPrime/blob/score_upgrade/src/rune_decrypter_prime/core/config/interruptor.py,https://raw.githubusercontent.com/mortlach/RuneDecrypterPrime/score_upgrade/src/rune_decrypter_prime/core/config/interruptor.py
src/rune_decrypter_prime/core/config/logging_config.py,10268,https://github.com/mortlach/RuneDecrypterPrime/blob/score_upgrade/src/rune_decrypter_prime/core/config/logging_config.py,https://raw.githubusercontent.com/mortlach/RuneDecrypterPrime/score_upgrade/src/rune_decrypter_prime/core/config/logging_config.py
src/rune_decrypter_prime/core/config/run.py,4280,https://github.com/mortlach/RuneDecrypterPrime/blob/score_upgrade/src/rune_decrypter_prime/core/config/run.py,https://raw.githubusercontent.com/mortlach/RuneDecrypterPrime/score_upgrade/src/rune_decrypter_prime/core/config/run.py
src/rune_decrypter_prime/core/config/scoring.py,9939,https://github.com/mortlach/RuneDecrypterPrime/blob/score_upgrade/src/rune_decrypter_prime/core/config/scoring.py,https://raw.githubusercontent.com/mortlach/RuneDecrypterPrime/score_upgrade/src/rune_decrypter_prime/core/config/scoring.py
src/rune_decrypter_prime/core/config/solution.py,3543,https://github.com/mortlach/RuneDecrypterPrime/blob/score_upgrade/src/rune_decrypter_prime/core/config/solution.py,https://raw.githubusercontent.com/mortlach/RuneDecrypterPrime/score_upgrade/src/rune_decrypter_prime/core/config/solution.py
src/rune_decrypter_prime/core/config/solver.py,2097,https://github.com/mortlach/RuneDecrypterPrime/blob/score_upgrade/src/rune_decrypter_prime/core/config/solver.py,https://raw.githubusercontent.com/mortlach/RuneDecrypterPrime/score_upgrade/src/rune_decrypter_prime/core/config/solver.py
src/rune_decrypter_prime/core/engine/__init__.py,329,https://github.com/mortlach/RuneDecrypterPrime/blob/score_upgrade/src/rune_decrypter_prime/core/engine/__init__.py,https://raw.githubusercontent.com/mortlach/RuneDecrypterPrime/score_upgrade/src/rune_decrypter_prime/core/engine/__init__.py
src/rune_decrypter_prime/core/engine/builders.py,2100,https://github.com/mortlach/RuneDecrypterPrime/blob/score_upgrade/src/rune_decrypter_prime/core/engine/builders.py,https://raw.githubusercontent.com/mortlach/RuneDecrypterPrime/score_upgrade/src/rune_decrypter_prime/core/engine/builders.py
src/rune_decrypter_prime/core/engine/engine.py,5629,https://github.com/mortlach/RuneDecrypterPrime/blob/score_upgrade/src/rune_decrypter_prime/core/engine/engine.py,https://raw.githubusercontent.com/mortlach/RuneDecrypterPrime/score_upgrade/src/rune_decrypter_prime/core/engine/engine.py
src/rune_decrypter_prime/core/factory.py,383,https://github.com/mortlach/RuneDecrypterPrime/blob/score_upgrade/src/rune_decrypter_prime/core/factory.py,https://raw.githubusercontent.com/mortlach/RuneDecrypterPrime/score_upgrade/src/rune_decrypter_prime/core/factory.py
src/rune_decrypter_prime/core/logging_config.py,534,https://github.com/mortlach/RuneDecrypterPrime/blob/score_upgrade/src/rune_decrypter_prime/core/logging_config.py,https://raw.githubusercontent.com/mortlach/RuneDecrypterPrime/score_upgrade/src/rune_decrypter_prime/core/logging_config.py
src/rune_decrypter_prime/core/problem/__init__.py,265,https://github.com/mortlach/RuneDecrypterPrime/blob/score_upgrade/src/rune_decrypter_prime/core/problem/__init__.py,https://raw.githubusercontent.com/mortlach/RuneDecrypterPrime/score_upgrade/src/rune_decrypter_prime/core/problem/__init__.py
src/rune_decrypter_prime/core/problem/instance.py,3237,https://github.com/mortlach/RuneDecrypterPrime/blob/score_upgrade/src/rune_decrypter_prime/core/problem/instance.py,https://raw.githubusercontent.com/mortlach/RuneDecrypterPrime/score_upgrade/src/rune_decrypter_prime/core/problem/instance.py
src/rune_decrypter_prime/core/problem/runtime.py,40064,https://github.com/mortlach/RuneDecrypterPrime/blob/score_upgrade/src/rune_decrypter_prime/core/problem/runtime.py,https://raw.githubusercontent.com/mortlach/RuneDecrypterPrime/score_upgrade/src/rune_decrypter_prime/core/problem/runtime.py
src/rune_decrypter_prime/core/problem/spec.py,1240,https://github.com/mortlach/RuneDecrypterPrime/blob/score_upgrade/src/rune_decrypter_prime/core/problem/spec.py,https://raw.githubusercontent.com/mortlach/RuneDecrypterPrime/score_upgrade/src/rune_decrypter_prime/core/problem/spec.py
src/rune_decrypter_prime/core/README.txt,1892,https://github.com/mortlach/RuneDecrypterPrime/blob/score_upgrade/src/rune_decrypter_prime/core/README.txt,https://raw.githubusercontent.com/mortlach/RuneDecrypterPrime/score_upgrade/src/rune_decrypter_prime/core/README.txt
src/rune_decrypter_prime/core/solver_engine.py,5529,https://github.com/mortlach/RuneDecrypterPrime/blob/score_upgrade/src/rune_decrypter_prime/core/solver_engine.py,https://raw.githubusercontent.com/mortlach/RuneDecrypterPrime/score_upgrade/src/rune_decrypter_prime/core/solver_engine.py
src/rune_decrypter_prime/core/telemetry.py,1601,https://github.com/mortlach/RuneDecrypterPrime/blob/score_upgrade/src/rune_decrypter_prime/core/telemetry.py,https://raw.githubusercontent.com/mortlach/RuneDecrypterPrime/score_upgrade/src/rune_decrypter_prime/core/telemetry.py
src/rune_decrypter_prime/core/transpositions.py,1661,https://github.com/mortlach/RuneDecrypterPrime/blob/score_upgrade/src/rune_decrypter_prime/core/transpositions.py,https://raw.githubusercontent.com/mortlach/RuneDecrypterPrime/score_upgrade/src/rune_decrypter_prime/core/transpositions.py
src/rune_decrypter_prime/core/types.py,7153,https://github.com/mortlach/RuneDecrypterPrime/blob/score_upgrade/src/rune_decrypter_prime/core/types.py,https://raw.githubusercontent.com/mortlach/RuneDecrypterPrime/score_upgrade/src/rune_decrypter_prime/core/types.py
src/rune_decrypter_prime/io/__init__.py,163,https://github.com/mortlach/RuneDecrypterPrime/blob/score_upgrade/src/rune_decrypter_prime/io/__init__.py,https://raw.githubusercontent.com/mortlach/RuneDecrypterPrime/score_upgrade/src/rune_decrypter_prime/io/__init__.py
src/rune_decrypter_prime/io/logging_adapter.py,1080,https://github.com/mortlach/RuneDecrypterPrime/blob/score_upgrade/src/rune_decrypter_prime/io/logging_adapter.py,https://raw.githubusercontent.com/mortlach/RuneDecrypterPrime/score_upgrade/src/rune_decrypter_prime/io/logging_adapter.py
src/rune_decrypter_prime/io/README.txt,1187,https://github.com/mortlach/RuneDecrypterPrime/blob/score_upgrade/src/rune_decrypter_prime/io/README.txt,https://raw.githubusercontent.com/mortlach/RuneDecrypterPrime/score_upgrade/src/rune_decrypter_prime/io/README.txt
src/rune_decrypter_prime/io/rng.py,1602,https://github.com/mortlach/RuneDecrypterPrime/blob/score_upgrade/src/rune_decrypter_prime/io/rng.py,https://raw.githubusercontent.com/mortlach/RuneDecrypterPrime/score_upgrade/src/rune_decrypter_prime/io/rng.py
src/rune_decrypter_prime/io/run_logger.py,4141,https://github.com/mortlach/RuneDecrypterPrime/blob/score_upgrade/src/rune_decrypter_prime/io/run_logger.py,https://raw.githubusercontent.com/mortlach/RuneDecrypterPrime/score_upgrade/src/rune_decrypter_prime/io/run_logger.py
src/rune_decrypter_prime/io/telemetry_utils.py,961,https://github.com/mortlach/RuneDecrypterPrime/blob/score_upgrade/src/rune_decrypter_prime/io/telemetry_utils.py,https://raw.githubusercontent.com/mortlach/RuneDecrypterPrime/score_upgrade/src/rune_decrypter_prime/io/telemetry_utils.py
src/rune_decrypter_prime/keyops/__init__.py,1149,https://github.com/mortlach/RuneDecrypterPrime/blob/score_upgrade/src/rune_decrypter_prime/keyops/__init__.py,https://raw.githubusercontent.com/mortlach/RuneDecrypterPrime/score_upgrade/src/rune_decrypter_prime/keyops/__init__.py
src/rune_decrypter_prime/keyops/base_keyops.py,6099,https://github.com/mortlach/RuneDecrypterPrime/blob/score_upgrade/src/rune_decrypter_prime/keyops/base_keyops.py,https://raw.githubusercontent.com/mortlach/RuneDecrypterPrime/score_upgrade/src/rune_decrypter_prime/keyops/base_keyops.py
src/rune_decrypter_prime/keyops/composite.py,21368,https://github.com/mortlach/RuneDecrypterPrime/blob/score_upgrade/src/rune_decrypter_prime/keyops/composite.py,https://raw.githubusercontent.com/mortlach/RuneDecrypterPrime/score_upgrade/src/rune_decrypter_prime/keyops/composite.py
src/rune_decrypter_prime/keyops/dev/__init__.py,0,https://github.com/mortlach/RuneDecrypterPrime/blob/score_upgrade/src/rune_decrypter_prime/keyops/dev/__init__.py,https://raw.githubusercontent.com/mortlach/RuneDecrypterPrime/score_upgrade/src/rune_decrypter_prime/keyops/dev/__init__.py
src/rune_decrypter_prime/keyops/dev/affine.py,3878,https://github.com/mortlach/RuneDecrypterPrime/blob/score_upgrade/src/rune_decrypter_prime/keyops/dev/affine.py,https://raw.githubusercontent.com/mortlach/RuneDecrypterPrime/score_upgrade/src/rune_decrypter_prime/keyops/dev/affine.py
src/rune_decrypter_prime/keyops/dev/matrix.py,16278,https://github.com/mortlach/RuneDecrypterPrime/blob/score_upgrade/src/rune_decrypter_prime/keyops/dev/matrix.py,https://raw.githubusercontent.com/mortlach/RuneDecrypterPrime/score_upgrade/src/rune_decrypter_prime/keyops/dev/matrix.py
src/rune_decrypter_prime/keyops/dev/README.md,119,https://github.com/mortlach/RuneDecrypterPrime/blob/score_upgrade/src/rune_decrypter_prime/keyops/dev/README.md,https://raw.githubusercontent.com/mortlach/RuneDecrypterPrime/score_upgrade/src/rune_decrypter_prime/keyops/dev/README.md
src/rune_decrypter_prime/keyops/periodic_structured_matrix_ops.py,10077,https://github.com/mortlach/RuneDecrypterPrime/blob/score_upgrade/src/rune_decrypter_prime/keyops/periodic_structured_matrix_ops.py,https://raw.githubusercontent.com/mortlach/RuneDecrypterPrime/score_upgrade/src/rune_decrypter_prime/keyops/periodic_structured_matrix_ops.py
src/rune_decrypter_prime/keyops/permutation_ops.py,14962,https://github.com/mortlach/RuneDecrypterPrime/blob/score_upgrade/src/rune_decrypter_prime/keyops/permutation_ops.py,https://raw.githubusercontent.com/mortlach/RuneDecrypterPrime/score_upgrade/src/rune_decrypter_prime/keyops/permutation_ops.py
src/rune_decrypter_prime/keyops/README.txt,1569,https://github.com/mortlach/RuneDecrypterPrime/blob/score_upgrade/src/rune_decrypter_prime/keyops/README.txt,https://raw.githubusercontent.com/mortlach/RuneDecrypterPrime/score_upgrade/src/rune_decrypter_prime/keyops/README.txt
src/rune_decrypter_prime/keyops/registry.py,3766,https://github.com/mortlach/RuneDecrypterPrime/blob/score_upgrade/src/rune_decrypter_prime/keyops/registry.py,https://raw.githubusercontent.com/mortlach/RuneDecrypterPrime/score_upgrade/src/rune_decrypter_prime/keyops/registry.py
src/rune_decrypter_prime/keyops/vector.py,7755,https://github.com/mortlach/RuneDecrypterPrime/blob/score_upgrade/src/rune_decrypter_prime/keyops/vector.py,https://raw.githubusercontent.com/mortlach/RuneDecrypterPrime/score_upgrade/src/rune_decrypter_prime/keyops/vector.py
src/rune_decrypter_prime/README.md,4588,https://github.com/mortlach/RuneDecrypterPrime/blob/score_upgrade/src/rune_decrypter_prime/README.md,https://raw.githubusercontent.com/mortlach/RuneDecrypterPrime/score_upgrade/src/rune_decrypter_prime/README.md
src/rune_decrypter_prime/scoring/__init__.py,0,https://github.com/mortlach/RuneDecrypterPrime/blob/score_upgrade/src/rune_decrypter_prime/scoring/__init__.py,https://raw.githubusercontent.com/mortlach/RuneDecrypterPrime/score_upgrade/src/rune_decrypter_prime/scoring/__init__.py
src/rune_decrypter_prime/scoring/base_scorer.py,32498,https://github.com/mortlach/RuneDecrypterPrime/blob/score_upgrade/src/rune_decrypter_prime/scoring/base_scorer.py,https://raw.githubusercontent.com/mortlach/RuneDecrypterPrime/score_upgrade/src/rune_decrypter_prime/scoring/base_scorer.py
src/rune_decrypter_prime/scoring/hamming/__init__.py,139,https://github.com/mortlach/RuneDecrypterPrime/blob/score_upgrade/src/rune_decrypter_prime/scoring/hamming/__init__.py,https://raw.githubusercontent.com/mortlach/RuneDecrypterPrime/score_upgrade/src/rune_decrypter_prime/scoring/hamming/__init__.py
src/rune_decrypter_prime/scoring/hamming/anneal.py,773,https://github.com/mortlach/RuneDecrypterPrime/blob/score_upgrade/src/rune_decrypter_prime/scoring/hamming/anneal.py,https://raw.githubusercontent.com/mortlach/RuneDecrypterPrime/score_upgrade/src/rune_decrypter_prime/scoring/hamming/anneal.py
src/rune_decrypter_prime/scoring/hamming/backend.py,5161,https://github.com/mortlach/RuneDecrypterPrime/blob/score_upgrade/src/rune_decrypter_prime/scoring/hamming/backend.py,https://raw.githubusercontent.com/mortlach/RuneDecrypterPrime/score_upgrade/src/rune_decrypter_prime/scoring/hamming/backend.py
src/rune_decrypter_prime/scoring/hamming/loader.py,4029,https://github.com/mortlach/RuneDecrypterPrime/blob/score_upgrade/src/rune_decrypter_prime/scoring/hamming/loader.py,https://raw.githubusercontent.com/mortlach/RuneDecrypterPrime/score_upgrade/src/rune_decrypter_prime/scoring/hamming/loader.py
src/rune_decrypter_prime/scoring/hamming/setup_hamming.py,3501,https://github.com/mortlach/RuneDecrypterPrime/blob/score_upgrade/src/rune_decrypter_prime/scoring/hamming/setup_hamming.py,https://raw.githubusercontent.com/mortlach/RuneDecrypterPrime/score_upgrade/src/rune_decrypter_prime/scoring/hamming/setup_hamming.py
src/rune_decrypter_prime/scoring/language_model/__init__.py,0,https://github.com/mortlach/RuneDecrypterPrime/blob/score_upgrade/src/rune_decrypter_prime/scoring/language_model/__init__.py,https://raw.githubusercontent.com/mortlach/RuneDecrypterPrime/score_upgrade/src/rune_decrypter_prime/scoring/language_model/__init__.py
src/rune_decrypter_prime/scoring/language_model/language_model_prime.py,16863,https://github.com/mortlach/RuneDecrypterPrime/blob/score_upgrade/src/rune_decrypter_prime/scoring/language_model/language_model_prime.py,https://raw.githubusercontent.com/mortlach/RuneDecrypterPrime/score_upgrade/src/rune_decrypter_prime/scoring/language_model/language_model_prime.py
src/rune_decrypter_prime/scoring/language_model/language_model_prime_runtime.py,21999,https://github.com/mortlach/RuneDecrypterPrime/blob/score_upgrade/src/rune_decrypter_prime/scoring/language_model/language_model_prime_runtime.py,https://raw.githubusercontent.com/mortlach/RuneDecrypterPrime/score_upgrade/src/rune_decrypter_prime/scoring/language_model/language_model_prime_runtime.py
src/rune_decrypter_prime/scoring/language_model/paths.py,6097,https://github.com/mortlach/RuneDecrypterPrime/blob/score_upgrade/src/rune_decrypter_prime/scoring/language_model/paths.py,https://raw.githubusercontent.com/mortlach/RuneDecrypterPrime/score_upgrade/src/rune_decrypter_prime/scoring/language_model/paths.py
src/rune_decrypter_prime/scoring/language_model/setup_fastlm.py,4756,https://github.com/mortlach/RuneDecrypterPrime/blob/score_upgrade/src/rune_decrypter_prime/scoring/language_model/setup_fastlm.py,https://raw.githubusercontent.com/mortlach/RuneDecrypterPrime/score_upgrade/src/rune_decrypter_prime/scoring/language_model/setup_fastlm.py
src/rune_decrypter_prime/scoring/policy.py,822,https://github.com/mortlach/RuneDecrypterPrime/blob/score_upgrade/src/rune_decrypter_prime/scoring/policy.py,https://raw.githubusercontent.com/mortlach/RuneDecrypterPrime/score_upgrade/src/rune_decrypter_prime/scoring/policy.py
src/rune_decrypter_prime/scoring/readme.txt,2092,https://github.com/mortlach/RuneDecrypterPrime/blob/score_upgrade/src/rune_decrypter_prime/scoring/readme.txt,https://raw.githubusercontent.com/mortlach/RuneDecrypterPrime/score_upgrade/src/rune_decrypter_prime/scoring/readme.txt
src/rune_decrypter_prime/scoring/rune_scorer.py,33321,https://github.com/mortlach/RuneDecrypterPrime/blob/score_upgrade/src/rune_decrypter_prime/scoring/rune_scorer.py,https://raw.githubusercontent.com/mortlach/RuneDecrypterPrime/score_upgrade/src/rune_decrypter_prime/scoring/rune_scorer.py
src/rune_decrypter_prime/scoring/scoring_adapter.py,1246,https://github.com/mortlach/RuneDecrypterPrime/blob/score_upgrade/src/rune_decrypter_prime/scoring/scoring_adapter.py,https://raw.githubusercontent.com/mortlach/RuneDecrypterPrime/score_upgrade/src/rune_decrypter_prime/scoring/scoring_adapter.py
src/rune_decrypter_prime/scoring/stat_transform.py,752,https://github.com/mortlach/RuneDecrypterPrime/blob/score_upgrade/src/rune_decrypter_prime/scoring/stat_transform.py,https://raw.githubusercontent.com/mortlach/RuneDecrypterPrime/score_upgrade/src/rune_decrypter_prime/scoring/stat_transform.py
src/rune_decrypter_prime/scoring/torch_rune_scorer.py,37650,https://github.com/mortlach/RuneDecrypterPrime/blob/score_upgrade/src/rune_decrypter_prime/scoring/torch_rune_scorer.py,https://raw.githubusercontent.com/mortlach/RuneDecrypterPrime/score_upgrade/src/rune_decrypter_prime/scoring/torch_rune_scorer.py
src/rune_decrypter_prime/scoring/unified_rune_scorer.py,5232,https://github.com/mortlach/RuneDecrypterPrime/blob/score_upgrade/src/rune_decrypter_prime/scoring/unified_rune_scorer.py,https://raw.githubusercontent.com/mortlach/RuneDecrypterPrime/score_upgrade/src/rune_decrypter_prime/scoring/unified_rune_scorer.py
src/rune_decrypter_prime/scoring/unified_tables.py,4908,https://github.com/mortlach/RuneDecrypterPrime/blob/score_upgrade/src/rune_decrypter_prime/scoring/unified_tables.py,https://raw.githubusercontent.com/mortlach/RuneDecrypterPrime/score_upgrade/src/rune_decrypter_prime/scoring/unified_tables.py
src/rune_decrypter_prime/solvers/__init__.py,0,https://github.com/mortlach/RuneDecrypterPrime/blob/score_upgrade/src/rune_decrypter_prime/solvers/__init__.py,https://raw.githubusercontent.com/mortlach/RuneDecrypterPrime/score_upgrade/src/rune_decrypter_prime/solvers/__init__.py
src/rune_decrypter_prime/solvers/beam.py,16038,https://github.com/mortlach/RuneDecrypterPrime/blob/score_upgrade/src/rune_decrypter_prime/solvers/beam.py,https://raw.githubusercontent.com/mortlach/RuneDecrypterPrime/score_upgrade/src/rune_decrypter_prime/solvers/beam.py
src/rune_decrypter_prime/solvers/ga.py,13134,https://github.com/mortlach/RuneDecrypterPrime/blob/score_upgrade/src/rune_decrypter_prime/solvers/ga.py,https://raw.githubusercontent.com/mortlach/RuneDecrypterPrime/score_upgrade/src/rune_decrypter_prime/solvers/ga.py
src/rune_decrypter_prime/solvers/hybrid.py,10815,https://github.com/mortlach/RuneDecrypterPrime/blob/score_upgrade/src/rune_decrypter_prime/solvers/hybrid.py,https://raw.githubusercontent.com/mortlach/RuneDecrypterPrime/score_upgrade/src/rune_decrypter_prime/solvers/hybrid.py
src/rune_decrypter_prime/solvers/kaeding_periodic_structured.py,22785,https://github.com/mortlach/RuneDecrypterPrime/blob/score_upgrade/src/rune_decrypter_prime/solvers/kaeding_periodic_structured.py,https://raw.githubusercontent.com/mortlach/RuneDecrypterPrime/score_upgrade/src/rune_decrypter_prime/solvers/kaeding_periodic_structured.py
src/rune_decrypter_prime/solvers/progress/__init__.py,0,https://github.com/mortlach/RuneDecrypterPrime/blob/score_upgrade/src/rune_decrypter_prime/solvers/progress/__init__.py,https://raw.githubusercontent.com/mortlach/RuneDecrypterPrime/score_upgrade/src/rune_decrypter_prime/solvers/progress/__init__.py
src/rune_decrypter_prime/solvers/progress/logger.py,235,https://github.com/mortlach/RuneDecrypterPrime/blob/score_upgrade/src/rune_decrypter_prime/solvers/progress/logger.py,https://raw.githubusercontent.com/mortlach/RuneDecrypterPrime/score_upgrade/src/rune_decrypter_prime/solvers/progress/logger.py
src/rune_decrypter_prime/solvers/progress/mixin.py,152,https://github.com/mortlach/RuneDecrypterPrime/blob/score_upgrade/src/rune_decrypter_prime/solvers/progress/mixin.py,https://raw.githubusercontent.com/mortlach/RuneDecrypterPrime/score_upgrade/src/rune_decrypter_prime/solvers/progress/mixin.py
src/rune_decrypter_prime/solvers/README.txt,1517,https://github.com/mortlach/RuneDecrypterPrime/blob/score_upgrade/src/rune_decrypter_prime/solvers/README.txt,https://raw.githubusercontent.com/mortlach/RuneDecrypterPrime/score_upgrade/src/rune_decrypter_prime/solvers/README.txt
src/rune_decrypter_prime/solvers/sa.py,7365,https://github.com/mortlach/RuneDecrypterPrime/blob/score_upgrade/src/rune_decrypter_prime/solvers/sa.py,https://raw.githubusercontent.com/mortlach/RuneDecrypterPrime/score_upgrade/src/rune_decrypter_prime/solvers/sa.py
src/rune_decrypter_prime/solvers/solver_base.py,48205,https://github.com/mortlach/RuneDecrypterPrime/blob/score_upgrade/src/rune_decrypter_prime/solvers/solver_base.py,https://raw.githubusercontent.com/mortlach/RuneDecrypterPrime/score_upgrade/src/rune_decrypter_prime/solvers/solver_base.py
src/rune_decrypter_prime/telemetry/__init__.py,417,https://github.com/mortlach/RuneDecrypterPrime/blob/score_upgrade/src/rune_decrypter_prime/telemetry/__init__.py,https://raw.githubusercontent.com/mortlach/RuneDecrypterPrime/score_upgrade/src/rune_decrypter_prime/telemetry/__init__.py
src/rune_decrypter_prime/telemetry/bag.py,740,https://github.com/mortlach/RuneDecrypterPrime/blob/score_upgrade/src/rune_decrypter_prime/telemetry/bag.py,https://raw.githubusercontent.com/mortlach/RuneDecrypterPrime/score_upgrade/src/rune_decrypter_prime/telemetry/bag.py
src/rune_decrypter_prime/telemetry/events.py,6050,https://github.com/mortlach/RuneDecrypterPrime/blob/score_upgrade/src/rune_decrypter_prime/telemetry/events.py,https://raw.githubusercontent.com/mortlach/RuneDecrypterPrime/score_upgrade/src/rune_decrypter_prime/telemetry/events.py
src/rune_decrypter_prime/telemetry/pipeline.py,6342,https://github.com/mortlach/RuneDecrypterPrime/blob/score_upgrade/src/rune_decrypter_prime/telemetry/pipeline.py,https://raw.githubusercontent.com/mortlach/RuneDecrypterPrime/score_upgrade/src/rune_decrypter_prime/telemetry/pipeline.py
src/rune_decrypter_prime/telemetry/README.txt,1231,https://github.com/mortlach/RuneDecrypterPrime/blob/score_upgrade/src/rune_decrypter_prime/telemetry/README.txt,https://raw.githubusercontent.com/mortlach/RuneDecrypterPrime/score_upgrade/src/rune_decrypter_prime/telemetry/README.txt
src/rune_decrypter_prime/telemetry/schema.py,552,https://github.com/mortlach/RuneDecrypterPrime/blob/score_upgrade/src/rune_decrypter_prime/telemetry/schema.py,https://raw.githubusercontent.com/mortlach/RuneDecrypterPrime/score_upgrade/src/rune_decrypter_prime/telemetry/schema.py
src/rune_decrypter_prime/utils/__init__.py,0,https://github.com/mortlach/RuneDecrypterPrime/blob/score_upgrade/src/rune_decrypter_prime/utils/__init__.py,https://raw.githubusercontent.com/mortlach/RuneDecrypterPrime/score_upgrade/src/rune_decrypter_prime/utils/__init__.py
src/rune_decrypter_prime/utils/interrupter.py,2741,https://github.com/mortlach/RuneDecrypterPrime/blob/score_upgrade/src/rune_decrypter_prime/utils/interrupter.py,https://raw.githubusercontent.com/mortlach/RuneDecrypterPrime/score_upgrade/src/rune_decrypter_prime/utils/interrupter.py
src/rune_decrypter_prime/utils/pretty.py,21643,https://github.com/mortlach/RuneDecrypterPrime/blob/score_upgrade/src/rune_decrypter_prime/utils/pretty.py,https://raw.githubusercontent.com/mortlach/RuneDecrypterPrime/score_upgrade/src/rune_decrypter_prime/utils/pretty.py
src/rune_decrypter_prime/utils/README.txt,1197,https://github.com/mortlach/RuneDecrypterPrime/blob/score_upgrade/src/rune_decrypter_prime/utils/README.txt,https://raw.githubusercontent.com/mortlach/RuneDecrypterPrime/score_upgrade/src/rune_decrypter_prime/utils/README.txt
src/rune_decrypter_prime/utils/runeglish.py,9578,https://github.com/mortlach/RuneDecrypterPrime/blob/score_upgrade/src/rune_decrypter_prime/utils/runeglish.py,https://raw.githubusercontent.com/mortlach/RuneDecrypterPrime/score_upgrade/src/rune_decrypter_prime/utils/runeglish.py
src/rune_decrypter_prime/utils/seed_utils.py,4189,https://github.com/mortlach/RuneDecrypterPrime/blob/score_upgrade/src/rune_decrypter_prime/utils/seed_utils.py,https://raw.githubusercontent.com/mortlach/RuneDecrypterPrime/score_upgrade/src/rune_decrypter_prime/utils/seed_utils.py
src/rune_decrypter_prime/utils/telemetry.py,1205,https://github.com/mortlach/RuneDecrypterPrime/blob/score_upgrade/src/rune_decrypter_prime/utils/telemetry.py,https://raw.githubusercontent.com/mortlach/RuneDecrypterPrime/score_upgrade/src/rune_decrypter_prime/utils/telemetry.py
src/rune_decrypter_prime/utils/telemetry_utils.py,4660,https://github.com/mortlach/RuneDecrypterPrime/blob/score_upgrade/src/rune_decrypter_prime/utils/telemetry_utils.py,https://raw.githubusercontent.com/mortlach/RuneDecrypterPrime/score_upgrade/src/rune_decrypter_prime/utils/telemetry_utils.py
src/rune_decrypter_prime/utils/transposition.py,3344,https://github.com/mortlach/RuneDecrypterPrime/blob/score_upgrade/src/rune_decrypter_prime/utils/transposition.py,https://raw.githubusercontent.com/mortlach/RuneDecrypterPrime/score_upgrade/src/rune_decrypter_prime/utils/transposition.py
tests/__init__.py,0,https://github.com/mortlach/RuneDecrypterPrime/blob/score_upgrade/tests/__init__.py,https://raw.githubusercontent.com/mortlach/RuneDecrypterPrime/score_upgrade/tests/__init__.py
tests/_helpers/__init__.py,0,https://github.com/mortlach/RuneDecrypterPrime/blob/score_upgrade/tests/_helpers/__init__.py,https://raw.githubusercontent.com/mortlach/RuneDecrypterPrime/score_upgrade/tests/_helpers/__init__.py
tests/_helpers/configs.py,7766,https://github.com/mortlach/RuneDecrypterPrime/blob/score_upgrade/tests/_helpers/configs.py,https://raw.githubusercontent.com/mortlach/RuneDecrypterPrime/score_upgrade/tests/_helpers/configs.py
tests/_helpers/hill_cases.py,479,https://github.com/mortlach/RuneDecrypterPrime/blob/score_upgrade/tests/_helpers/hill_cases.py,https://raw.githubusercontent.com/mortlach/RuneDecrypterPrime/score_upgrade/tests/_helpers/hill_cases.py
tests/_helpers/permutation_cases.py,1098,https://github.com/mortlach/RuneDecrypterPrime/blob/score_upgrade/tests/_helpers/permutation_cases.py,https://raw.githubusercontent.com/mortlach/RuneDecrypterPrime/score_upgrade/tests/_helpers/permutation_cases.py
tests/_helpers/runner.py,2395,https://github.com/mortlach/RuneDecrypterPrime/blob/score_upgrade/tests/_helpers/runner.py,https://raw.githubusercontent.com/mortlach/RuneDecrypterPrime/score_upgrade/tests/_helpers/runner.py
tests/_helpers/telemetry_contract.py,4814,https://github.com/mortlach/RuneDecrypterPrime/blob/score_upgrade/tests/_helpers/telemetry_contract.py,https://raw.githubusercontent.com/mortlach/RuneDecrypterPrime/score_upgrade/tests/_helpers/telemetry_contract.py
tests/_helpers/vigenere_case.py,1351,https://github.com/mortlach/RuneDecrypterPrime/blob/score_upgrade/tests/_helpers/vigenere_case.py,https://raw.githubusercontent.com/mortlach/RuneDecrypterPrime/score_upgrade/tests/_helpers/vigenere_case.py
tests/api/__init__.py,0,https://github.com/mortlach/RuneDecrypterPrime/blob/score_upgrade/tests/api/__init__.py,https://raw.githubusercontent.com/mortlach/RuneDecrypterPrime/score_upgrade/tests/api/__init__.py
tests/api/test_normalize.py,5076,https://github.com/mortlach/RuneDecrypterPrime/blob/score_upgrade/tests/api/test_normalize.py,https://raw.githubusercontent.com/mortlach/RuneDecrypterPrime/score_upgrade/tests/api/test_normalize.py
tests/api/test_normalize_direction.py,1083,https://github.com/mortlach/RuneDecrypterPrime/blob/score_upgrade/tests/api/test_normalize_direction.py,https://raw.githubusercontent.com/mortlach/RuneDecrypterPrime/score_upgrade/tests/api/test_normalize_direction.py
tests/api/test_normalize_impl_and_optimizer.py,1412,https://github.com/mortlach/RuneDecrypterPrime/blob/score_upgrade/tests/api/test_normalize_impl_and_optimizer.py,https://raw.githubusercontent.com/mortlach/RuneDecrypterPrime/score_upgrade/tests/api/test_normalize_impl_and_optimizer.py
tests/api/test_normalize_text_permutation.py,1221,https://github.com/mortlach/RuneDecrypterPrime/blob/score_upgrade/tests/api/test_normalize_text_permutation.py,https://raw.githubusercontent.com/mortlach/RuneDecrypterPrime/score_upgrade/tests/api/test_normalize_text_permutation.py
tests/api/test_periodic_wrappers.py,1811,https://github.com/mortlach/RuneDecrypterPrime/blob/score_upgrade/tests/api/test_periodic_wrappers.py,https://raw.githubusercontent.com/mortlach/RuneDecrypterPrime/score_upgrade/tests/api/test_periodic_wrappers.py
tests/api_contract/__init__.py,0,https://github.com/mortlach/RuneDecrypterPrime/blob/score_upgrade/tests/api_contract/__init__.py,https://raw.githubusercontent.com/mortlach/RuneDecrypterPrime/score_upgrade/tests/api_contract/__init__.py
tests/api_contract/test_normalize_direction_accepts_enum_and_string.py,595,https://github.com/mortlach/RuneDecrypterPrime/blob/score_upgrade/tests/api_contract/test_normalize_direction_accepts_enum_and_string.py,https://raw.githubusercontent.com/mortlach/RuneDecrypterPrime/score_upgrade/tests/api_contract/test_normalize_direction_accepts_enum_and_string.py
tests/api_contract/test_pipeline_block_direction_canonical.py,726,https://github.com/mortlach/RuneDecrypterPrime/blob/score_upgrade/tests/api_contract/test_pipeline_block_direction_canonical.py,https://raw.githubusercontent.com/mortlach/RuneDecrypterPrime/score_upgrade/tests/api_contract/test_pipeline_block_direction_canonical.py
tests/ciphers/__init__.py,0,https://github.com/mortlach/RuneDecrypterPrime/blob/score_upgrade/tests/ciphers/__init__.py,https://raw.githubusercontent.com/mortlach/RuneDecrypterPrime/score_upgrade/tests/ciphers/__init__.py
tests/ciphers/test_autokey_cipher.py,1822,https://github.com/mortlach/RuneDecrypterPrime/blob/score_upgrade/tests/ciphers/test_autokey_cipher.py,https://raw.githubusercontent.com/mortlach/RuneDecrypterPrime/score_upgrade/tests/ciphers/test_autokey_cipher.py
tests/ciphers/test_by_name_future_wrappers.py,1336,https://github.com/mortlach/RuneDecrypterPrime/blob/score_upgrade/tests/ciphers/test_by_name_future_wrappers.py,https://raw.githubusercontent.com/mortlach/RuneDecrypterPrime/score_upgrade/tests/ciphers/test_by_name_future_wrappers.py
tests/ciphers/test_columnar_device_parity.py,1814,https://github.com/mortlach/RuneDecrypterPrime/blob/score_upgrade/tests/ciphers/test_columnar_device_parity.py,https://raw.githubusercontent.com/mortlach/RuneDecrypterPrime/score_upgrade/tests/ciphers/test_columnar_device_parity.py
tests/ciphers/test_columnar_limits.py,413,https://github.com/mortlach/RuneDecrypterPrime/blob/score_upgrade/tests/ciphers/test_columnar_limits.py,https://raw.githubusercontent.com/mortlach/RuneDecrypterPrime/score_upgrade/tests/ciphers/test_columnar_limits.py
tests/ciphers/test_custom_define_map.py,1704,https://github.com/mortlach/RuneDecrypterPrime/blob/score_upgrade/tests/ciphers/test_custom_define_map.py,https://raw.githubusercontent.com/mortlach/RuneDecrypterPrime/score_upgrade/tests/ciphers/test_custom_define_map.py
tests/ciphers/test_generic_map_cipher_keylength.py,3896,https://github.com/mortlach/RuneDecrypterPrime/blob/score_upgrade/tests/ciphers/test_generic_map_cipher_keylength.py,https://raw.githubusercontent.com/mortlach/RuneDecrypterPrime/score_upgrade/tests/ciphers/test_generic_map_cipher_keylength.py
tests/ciphers/test_generic_map_degeneracy.py,4245,https://github.com/mortlach/RuneDecrypterPrime/blob/score_upgrade/tests/ciphers/test_generic_map_degeneracy.py,https://raw.githubusercontent.com/mortlach/RuneDecrypterPrime/score_upgrade/tests/ciphers/test_generic_map_degeneracy.py
tests/ciphers/test_generic_map_degeneracy_runtime.py,2687,https://github.com/mortlach/RuneDecrypterPrime/blob/score_upgrade/tests/ciphers/test_generic_map_degeneracy_runtime.py,https://raw.githubusercontent.com/mortlach/RuneDecrypterPrime/score_upgrade/tests/ciphers/test_generic_map_degeneracy_runtime.py
tests/ciphers/test_interruptors_exact.py,1130,https://github.com/mortlach/RuneDecrypterPrime/blob/score_upgrade/tests/ciphers/test_interruptors_exact.py,https://raw.githubusercontent.com/mortlach/RuneDecrypterPrime/score_upgrade/tests/ciphers/test_interruptors_exact.py
tests/ciphers/test_interruptors_optimization.py,4605,https://github.com/mortlach/RuneDecrypterPrime/blob/score_upgrade/tests/ciphers/test_interruptors_optimization.py,https://raw.githubusercontent.com/mortlach/RuneDecrypterPrime/score_upgrade/tests/ciphers/test_interruptors_optimization.py
tests/ciphers/test_periodic_columnar_cipher.py,1920,https://github.com/mortlach/RuneDecrypterPrime/blob/score_upgrade/tests/ciphers/test_periodic_columnar_cipher.py,https://raw.githubusercontent.com/mortlach/RuneDecrypterPrime/score_upgrade/tests/ciphers/test_periodic_columnar_cipher.py
tests/ciphers/test_periodic_substitution_cipher.py,1895,https://github.com/mortlach/RuneDecrypterPrime/blob/score_upgrade/tests/ciphers/test_periodic_substitution_cipher.py,https://raw.githubusercontent.com/mortlach/RuneDecrypterPrime/score_upgrade/tests/ciphers/test_periodic_substitution_cipher.py
tests/ciphers/test_railfence_cipher.py,1756,https://github.com/mortlach/RuneDecrypterPrime/blob/score_upgrade/tests/ciphers/test_railfence_cipher.py,https://raw.githubusercontent.com/mortlach/RuneDecrypterPrime/score_upgrade/tests/ciphers/test_railfence_cipher.py
tests/conftest.py,4517,https://github.com/mortlach/RuneDecrypterPrime/blob/score_upgrade/tests/conftest.py,https://raw.githubusercontent.com/mortlach/RuneDecrypterPrime/score_upgrade/tests/conftest.py
tests/core_config/test_interruptor_config.py,502,https://github.com/mortlach/RuneDecrypterPrime/blob/score_upgrade/tests/core_config/test_interruptor_config.py,https://raw.githubusercontent.com/mortlach/RuneDecrypterPrime/score_upgrade/tests/core_config/test_interruptor_config.py
tests/core_types/__init__.py,0,https://github.com/mortlach/RuneDecrypterPrime/blob/score_upgrade/tests/core_types/__init__.py,https://raw.githubusercontent.com/mortlach/RuneDecrypterPrime/score_upgrade/tests/core_types/__init__.py
tests/core_types/test_direction_enum.py,1037,https://github.com/mortlach/RuneDecrypterPrime/blob/score_upgrade/tests/core_types/test_direction_enum.py,https://raw.githubusercontent.com/mortlach/RuneDecrypterPrime/score_upgrade/tests/core_types/test_direction_enum.py
tests/data/test_lp_master_transcript.py,3656,https://github.com/mortlach/RuneDecrypterPrime/blob/score_upgrade/tests/data/test_lp_master_transcript.py,https://raw.githubusercontent.com/mortlach/RuneDecrypterPrime/score_upgrade/tests/data/test_lp_master_transcript.py
tests/data/test_lp_transcript_sections.py,519,https://github.com/mortlach/RuneDecrypterPrime/blob/score_upgrade/tests/data/test_lp_transcript_sections.py,https://raw.githubusercontent.com/mortlach/RuneDecrypterPrime/score_upgrade/tests/data/test_lp_transcript_sections.py
tests/data/test_lp_transcript_word_spans.py,964,https://github.com/mortlach/RuneDecrypterPrime/blob/score_upgrade/tests/data/test_lp_transcript_word_spans.py,https://raw.githubusercontent.com/mortlach/RuneDecrypterPrime/score_upgrade/tests/data/test_lp_transcript_word_spans.py
tests/data/test_wordlists_loader.py,1970,https://github.com/mortlach/RuneDecrypterPrime/blob/score_upgrade/tests/data/test_wordlists_loader.py,https://raw.githubusercontent.com/mortlach/RuneDecrypterPrime/score_upgrade/tests/data/test_wordlists_loader.py
tests/determinism/test_repeatability.py,826,https://github.com/mortlach/RuneDecrypterPrime/blob/score_upgrade/tests/determinism/test_repeatability.py,https://raw.githubusercontent.com/mortlach/RuneDecrypterPrime/score_upgrade/tests/determinism/test_repeatability.py
tests/guardrails/__init__.py,0,https://github.com/mortlach/RuneDecrypterPrime/blob/score_upgrade/tests/guardrails/__init__.py,https://raw.githubusercontent.com/mortlach/RuneDecrypterPrime/score_upgrade/tests/guardrails/__init__.py
tests/guardrails/grep_baseline.json,136,https://github.com/mortlach/RuneDecrypterPrime/blob/score_upgrade/tests/guardrails/grep_baseline.json,https://raw.githubusercontent.com/mortlach/RuneDecrypterPrime/score_upgrade/tests/guardrails/grep_baseline.json
tests/guardrails/test_core_no_backend_optimizer_magic_literals.py,4382,https://github.com/mortlach/RuneDecrypterPrime/blob/score_upgrade/tests/guardrails/test_core_no_backend_optimizer_magic_literals.py,https://raw.githubusercontent.com/mortlach/RuneDecrypterPrime/score_upgrade/tests/guardrails/test_core_no_backend_optimizer_magic_literals.py
tests/guardrails/test_core_no_direction_magic_tokens.py,2106,https://github.com/mortlach/RuneDecrypterPrime/blob/score_upgrade/tests/guardrails/test_core_no_direction_magic_tokens.py,https://raw.githubusercontent.com/mortlach/RuneDecrypterPrime/score_upgrade/tests/guardrails/test_core_no_direction_magic_tokens.py
tests/guardrails/test_core_no_legacy_scorer_dir_leak.py,716,https://github.com/mortlach/RuneDecrypterPrime/blob/score_upgrade/tests/guardrails/test_core_no_legacy_scorer_dir_leak.py,https://raw.githubusercontent.com/mortlach/RuneDecrypterPrime/score_upgrade/tests/guardrails/test_core_no_legacy_scorer_dir_leak.py
tests/guardrails/test_core_no_magic_direction_tokens.py,1488,https://github.com/mortlach/RuneDecrypterPrime/blob/score_upgrade/tests/guardrails/test_core_no_magic_direction_tokens.py,https://raw.githubusercontent.com/mortlach/RuneDecrypterPrime/score_upgrade/tests/guardrails/test_core_no_magic_direction_tokens.py
tests/guardrails/test_core_no_raw_ltr_rtl_literals.py,1136,https://github.com/mortlach/RuneDecrypterPrime/blob/score_upgrade/tests/guardrails/test_core_no_raw_ltr_rtl_literals.py,https://raw.githubusercontent.com/mortlach/RuneDecrypterPrime/score_upgrade/tests/guardrails/test_core_no_raw_ltr_rtl_literals.py
tests/guardrails/test_core_normalize_direction_accepts_enum_and_string.py,515,https://github.com/mortlach/RuneDecrypterPrime/blob/score_upgrade/tests/guardrails/test_core_normalize_direction_accepts_enum_and_string.py,https://raw.githubusercontent.com/mortlach/RuneDecrypterPrime/score_upgrade/tests/guardrails/test_core_normalize_direction_accepts_enum_and_string.py
tests/guardrails/test_engine_no_legacy_default_direction.py,469,https://github.com/mortlach/RuneDecrypterPrime/blob/score_upgrade/tests/guardrails/test_engine_no_legacy_default_direction.py,https://raw.githubusercontent.com/mortlach/RuneDecrypterPrime/score_upgrade/tests/guardrails/test_engine_no_legacy_default_direction.py
tests/guardrails/test_normalize_scorer_and_optimizer_enums.py,1582,https://github.com/mortlach/RuneDecrypterPrime/blob/score_upgrade/tests/guardrails/test_normalize_scorer_and_optimizer_enums.py,https://raw.githubusercontent.com/mortlach/RuneDecrypterPrime/score_upgrade/tests/guardrails/test_normalize_scorer_and_optimizer_enums.py
tests/guardrails/test_only_scoring_can_say_fwd_rev.py,835,https://github.com/mortlach/RuneDecrypterPrime/blob/score_upgrade/tests/guardrails/test_only_scoring_can_say_fwd_rev.py,https://raw.githubusercontent.com/mortlach/RuneDecrypterPrime/score_upgrade/tests/guardrails/test_only_scoring_can_say_fwd_rev.py
tests/guardrails/test_pipeline_block_direction_canonical.py,1851,https://github.com/mortlach/RuneDecrypterPrime/blob/score_upgrade/tests/guardrails/test_pipeline_block_direction_canonical.py,https://raw.githubusercontent.com/mortlach/RuneDecrypterPrime/score_upgrade/tests/guardrails/test_pipeline_block_direction_canonical.py
tests/guardrails/test_suite_does_not_import_ui.py,777,https://github.com/mortlach/RuneDecrypterPrime/blob/score_upgrade/tests/guardrails/test_suite_does_not_import_ui.py,https://raw.githubusercontent.com/mortlach/RuneDecrypterPrime/score_upgrade/tests/guardrails/test_suite_does_not_import_ui.py
tests/harness.py,10511,https://github.com/mortlach/RuneDecrypterPrime/blob/score_upgrade/tests/harness.py,https://raw.githubusercontent.com/mortlach/RuneDecrypterPrime/score_upgrade/tests/harness.py
tests/keyops/__init__.py,0,https://github.com/mortlach/RuneDecrypterPrime/blob/score_upgrade/tests/keyops/__init__.py,https://raw.githubusercontent.com/mortlach/RuneDecrypterPrime/score_upgrade/tests/keyops/__init__.py
tests/keyops/test_custom_registration.py,1723,https://github.com/mortlach/RuneDecrypterPrime/blob/score_upgrade/tests/keyops/test_custom_registration.py,https://raw.githubusercontent.com/mortlach/RuneDecrypterPrime/score_upgrade/tests/keyops/test_custom_registration.py
tests/keyops/test_periodic_structured_matrix_ops.py,1585,https://github.com/mortlach/RuneDecrypterPrime/blob/score_upgrade/tests/keyops/test_periodic_structured_matrix_ops.py,https://raw.githubusercontent.com/mortlach/RuneDecrypterPrime/score_upgrade/tests/keyops/test_periodic_structured_matrix_ops.py
tests/keyops/test_permutation_key.py,680,https://github.com/mortlach/RuneDecrypterPrime/blob/score_upgrade/tests/keyops/test_permutation_key.py,https://raw.githubusercontent.com/mortlach/RuneDecrypterPrime/score_upgrade/tests/keyops/test_permutation_key.py
tests/keyops/test_permutation_key_ops.py,7737,https://github.com/mortlach/RuneDecrypterPrime/blob/score_upgrade/tests/keyops/test_permutation_key_ops.py,https://raw.githubusercontent.com/mortlach/RuneDecrypterPrime/score_upgrade/tests/keyops/test_permutation_key_ops.py
tests/keyops/test_permutation_ops_tutorial.py,5971,https://github.com/mortlach/RuneDecrypterPrime/blob/score_upgrade/tests/keyops/test_permutation_ops_tutorial.py,https://raw.githubusercontent.com/mortlach/RuneDecrypterPrime/score_upgrade/tests/keyops/test_permutation_ops_tutorial.py
tests/keyops/test_registry_aliases.py,1595,https://github.com/mortlach/RuneDecrypterPrime/blob/score_upgrade/tests/keyops/test_registry_aliases.py,https://raw.githubusercontent.com/mortlach/RuneDecrypterPrime/score_upgrade/tests/keyops/test_registry_aliases.py
tests/keyops/test_vector_key_ops.py,4003,https://github.com/mortlach/RuneDecrypterPrime/blob/score_upgrade/tests/keyops/test_vector_key_ops.py,https://raw.githubusercontent.com/mortlach/RuneDecrypterPrime/score_upgrade/tests/keyops/test_vector_key_ops.py
tests/keyops/test_vector_ops_contract_extra.py,2710,https://github.com/mortlach/RuneDecrypterPrime/blob/score_upgrade/tests/keyops/test_vector_ops_contract_extra.py,https://raw.githubusercontent.com/mortlach/RuneDecrypterPrime/score_upgrade/tests/keyops/test_vector_ops_contract_extra.py
tests/keyops/test_vector_ops_edgecases.py,2067,https://github.com/mortlach/RuneDecrypterPrime/blob/score_upgrade/tests/keyops/test_vector_ops_edgecases.py,https://raw.githubusercontent.com/mortlach/RuneDecrypterPrime/score_upgrade/tests/keyops/test_vector_ops_edgecases.py
tests/keyops/test_vector_ops_rng_adapters.py,1334,https://github.com/mortlach/RuneDecrypterPrime/blob/score_upgrade/tests/keyops/test_vector_ops_rng_adapters.py,https://raw.githubusercontent.com/mortlach/RuneDecrypterPrime/score_upgrade/tests/keyops/test_vector_ops_rng_adapters.py
tests/keyops/test_vectorkey.py,742,https://github.com/mortlach/RuneDecrypterPrime/blob/score_upgrade/tests/keyops/test_vectorkey.py,https://raw.githubusercontent.com/mortlach/RuneDecrypterPrime/score_upgrade/tests/keyops/test_vectorkey.py
tests/meta/test_marker_enforcement.py,1336,https://github.com/mortlach/RuneDecrypterPrime/blob/score_upgrade/tests/meta/test_marker_enforcement.py,https://raw.githubusercontent.com/mortlach/RuneDecrypterPrime/score_upgrade/tests/meta/test_marker_enforcement.py
tests/patche_old_ui/__init__.py,0,https://github.com/mortlach/RuneDecrypterPrime/blob/score_upgrade/tests/patche_old_ui/__init__.py,https://raw.githubusercontent.com/mortlach/RuneDecrypterPrime/score_upgrade/tests/patche_old_ui/__init__.py
tests/patche_old_ui/test_normalize.py,1275,https://github.com/mortlach/RuneDecrypterPrime/blob/score_upgrade/tests/patche_old_ui/test_normalize.py,https://raw.githubusercontent.com/mortlach/RuneDecrypterPrime/score_upgrade/tests/patche_old_ui/test_normalize.py
tests/patche_old_ui/test_representation_conventions.py,2624,https://github.com/mortlach/RuneDecrypterPrime/blob/score_upgrade/tests/patche_old_ui/test_representation_conventions.py,https://raw.githubusercontent.com/mortlach/RuneDecrypterPrime/score_upgrade/tests/patche_old_ui/test_representation_conventions.py
tests/pipeline/__init__.py,0,https://github.com/mortlach/RuneDecrypterPrime/blob/score_upgrade/tests/pipeline/__init__.py,https://raw.githubusercontent.com/mortlach/RuneDecrypterPrime/score_upgrade/tests/pipeline/__init__.py
tests/pipeline/test_itp_roundtrip_contract.py,2205,https://github.com/mortlach/RuneDecrypterPrime/blob/score_upgrade/tests/pipeline/test_itp_roundtrip_contract.py,https://raw.githubusercontent.com/mortlach/RuneDecrypterPrime/score_upgrade/tests/pipeline/test_itp_roundtrip_contract.py
tests/pipeline/test_permutation_tracking.py,1632,https://github.com/mortlach/RuneDecrypterPrime/blob/score_upgrade/tests/pipeline/test_permutation_tracking.py,https://raw.githubusercontent.com/mortlach/RuneDecrypterPrime/score_upgrade/tests/pipeline/test_permutation_tracking.py
tests/pipeline/test_problem_spec_permutation.py,1276,https://github.com/mortlach/RuneDecrypterPrime/blob/score_upgrade/tests/pipeline/test_problem_spec_permutation.py,https://raw.githubusercontent.com/mortlach/RuneDecrypterPrime/score_upgrade/tests/pipeline/test_problem_spec_permutation.py
tests/pytest.ini,377,https://github.com/mortlach/RuneDecrypterPrime/blob/score_upgrade/tests/pytest.ini,https://raw.githubusercontent.com/mortlach/RuneDecrypterPrime/score_upgrade/tests/pytest.ini
tests/rng_controller/__init__.py,0,https://github.com/mortlach/RuneDecrypterPrime/blob/score_upgrade/tests/rng_controller/__init__.py,https://raw.githubusercontent.com/mortlach/RuneDecrypterPrime/score_upgrade/tests/rng_controller/__init__.py
tests/rng_controller/test_rng_controller.py,1345,https://github.com/mortlach/RuneDecrypterPrime/blob/score_upgrade/tests/rng_controller/test_rng_controller.py,https://raw.githubusercontent.com/mortlach/RuneDecrypterPrime/score_upgrade/tests/rng_controller/test_rng_controller.py
tests/scoring/__init__.py,0,https://github.com/mortlach/RuneDecrypterPrime/blob/score_upgrade/tests/scoring/__init__.py,https://raw.githubusercontent.com/mortlach/RuneDecrypterPrime/score_upgrade/tests/scoring/__init__.py
tests/scoring/test_backend_selection_and_parity.py,2152,https://github.com/mortlach/RuneDecrypterPrime/blob/score_upgrade/tests/scoring/test_backend_selection_and_parity.py,https://raw.githubusercontent.com/mortlach/RuneDecrypterPrime/score_upgrade/tests/scoring/test_backend_selection_and_parity.py
tests/scoring/test_ecdf_energy_clamp.py,326,https://github.com/mortlach/RuneDecrypterPrime/blob/score_upgrade/tests/scoring/test_ecdf_energy_clamp.py,https://raw.githubusercontent.com/mortlach/RuneDecrypterPrime/score_upgrade/tests/scoring/test_ecdf_energy_clamp.py
tests/scoring/test_hamming_anneal.py,1034,https://github.com/mortlach/RuneDecrypterPrime/blob/score_upgrade/tests/scoring/test_hamming_anneal.py,https://raw.githubusercontent.com/mortlach/RuneDecrypterPrime/score_upgrade/tests/scoring/test_hamming_anneal.py
tests/scoring/test_hamming_backend.py,3074,https://github.com/mortlach/RuneDecrypterPrime/blob/score_upgrade/tests/scoring/test_hamming_backend.py,https://raw.githubusercontent.com/mortlach/RuneDecrypterPrime/score_upgrade/tests/scoring/test_hamming_backend.py
tests/scoring/test_hamming_integration.py,6339,https://github.com/mortlach/RuneDecrypterPrime/blob/score_upgrade/tests/scoring/test_hamming_integration.py,https://raw.githubusercontent.com/mortlach/RuneDecrypterPrime/score_upgrade/tests/scoring/test_hamming_integration.py
tests/scoring/test_pct_win10_stats_and_telemetry.py,8913,https://github.com/mortlach/RuneDecrypterPrime/blob/score_upgrade/tests/scoring/test_pct_win10_stats_and_telemetry.py,https://raw.githubusercontent.com/mortlach/RuneDecrypterPrime/score_upgrade/tests/scoring/test_pct_win10_stats_and_telemetry.py
tests/scoring/test_stat_transform_hook.py,1158,https://github.com/mortlach/RuneDecrypterPrime/blob/score_upgrade/tests/scoring/test_stat_transform_hook.py,https://raw.githubusercontent.com/mortlach/RuneDecrypterPrime/score_upgrade/tests/scoring/test_stat_transform_hook.py
tests/smoke/__init__.py,0,https://github.com/mortlach/RuneDecrypterPrime/blob/score_upgrade/tests/smoke/__init__.py,https://raw.githubusercontent.com/mortlach/RuneDecrypterPrime/score_upgrade/tests/smoke/__init__.py
tests/smoke/test_cuda_solver.py,1199,https://github.com/mortlach/RuneDecrypterPrime/blob/score_upgrade/tests/smoke/test_cuda_solver.py,https://raw.githubusercontent.com/mortlach/RuneDecrypterPrime/score_upgrade/tests/smoke/test_cuda_solver.py
tests/smoke/test_determinism_canary.py,1099,https://github.com/mortlach/RuneDecrypterPrime/blob/score_upgrade/tests/smoke/test_determinism_canary.py,https://raw.githubusercontent.com/mortlach/RuneDecrypterPrime/score_upgrade/tests/smoke/test_determinism_canary.py
tests/smoke/test_runapi_determinism.py,2205,https://github.com/mortlach/RuneDecrypterPrime/blob/score_upgrade/tests/smoke/test_runapi_determinism.py,https://raw.githubusercontent.com/mortlach/RuneDecrypterPrime/score_upgrade/tests/smoke/test_runapi_determinism.py
tests/solvers/test_kaeding_periodic_structured.py,2415,https://github.com/mortlach/RuneDecrypterPrime/blob/score_upgrade/tests/solvers/test_kaeding_periodic_structured.py,https://raw.githubusercontent.com/mortlach/RuneDecrypterPrime/score_upgrade/tests/solvers/test_kaeding_periodic_structured.py
tests/solvers/test_permutation_optimizers.py,3116,https://github.com/mortlach/RuneDecrypterPrime/blob/score_upgrade/tests/solvers/test_permutation_optimizers.py,https://raw.githubusercontent.com/mortlach/RuneDecrypterPrime/score_upgrade/tests/solvers/test_permutation_optimizers.py
tests/solvers/test_solver_progress_preview.py,2443,https://github.com/mortlach/RuneDecrypterPrime/blob/score_upgrade/tests/solvers/test_solver_progress_preview.py,https://raw.githubusercontent.com/mortlach/RuneDecrypterPrime/score_upgrade/tests/solvers/test_solver_progress_preview.py
tests/telemetry/__init__.py,0,https://github.com/mortlach/RuneDecrypterPrime/blob/score_upgrade/tests/telemetry/__init__.py,https://raw.githubusercontent.com/mortlach/RuneDecrypterPrime/score_upgrade/tests/telemetry/__init__.py
tests/telemetry/test_engine_no_legacy_default_direction.py,524,https://github.com/mortlach/RuneDecrypterPrime/blob/score_upgrade/tests/telemetry/test_engine_no_legacy_default_direction.py,https://raw.githubusercontent.com/mortlach/RuneDecrypterPrime/score_upgrade/tests/telemetry/test_engine_no_legacy_default_direction.py
tests/telemetry/test_pipeline_block_direction_canonical.py,907,https://github.com/mortlach/RuneDecrypterPrime/blob/score_upgrade/tests/telemetry/test_pipeline_block_direction_canonical.py,https://raw.githubusercontent.com/mortlach/RuneDecrypterPrime/score_upgrade/tests/telemetry/test_pipeline_block_direction_canonical.py
tests/telemetry/test_pipeline_block_itp.py,1099,https://github.com/mortlach/RuneDecrypterPrime/blob/score_upgrade/tests/telemetry/test_pipeline_block_itp.py,https://raw.githubusercontent.com/mortlach/RuneDecrypterPrime/score_upgrade/tests/telemetry/test_pipeline_block_itp.py
tests/telemetry/test_pretty_interruptors.py,1832,https://github.com/mortlach/RuneDecrypterPrime/blob/score_upgrade/tests/telemetry/test_pretty_interruptors.py,https://raw.githubusercontent.com/mortlach/RuneDecrypterPrime/score_upgrade/tests/telemetry/test_pretty_interruptors.py
tests/telemetry/test_progress_events.py,1023,https://github.com/mortlach/RuneDecrypterPrime/blob/score_upgrade/tests/telemetry/test_progress_events.py,https://raw.githubusercontent.com/mortlach/RuneDecrypterPrime/score_upgrade/tests/telemetry/test_progress_events.py
tests/telemetry/test_schema_contract.py,2095,https://github.com/mortlach/RuneDecrypterPrime/blob/score_upgrade/tests/telemetry/test_schema_contract.py,https://raw.githubusercontent.com/mortlach/RuneDecrypterPrime/score_upgrade/tests/telemetry/test_schema_contract.py
tests/telemetry/test_solver_pipeline_block.py,2343,https://github.com/mortlach/RuneDecrypterPrime/blob/score_upgrade/tests/telemetry/test_solver_pipeline_block.py,https://raw.githubusercontent.com/mortlach/RuneDecrypterPrime/score_upgrade/tests/telemetry/test_solver_pipeline_block.py
tests/telemetry/test_telemetry_minimum.py,1654,https://github.com/mortlach/RuneDecrypterPrime/blob/score_upgrade/tests/telemetry/test_telemetry_minimum.py,https://raw.githubusercontent.com/mortlach/RuneDecrypterPrime/score_upgrade/tests/telemetry/test_telemetry_minimum.py
tests/telemetry/test_telemetry_off_guard.py,765,https://github.com/mortlach/RuneDecrypterPrime/blob/score_upgrade/tests/telemetry/test_telemetry_off_guard.py,https://raw.githubusercontent.com/mortlach/RuneDecrypterPrime/score_upgrade/tests/telemetry/test_telemetry_off_guard.py
tests/telemetry/test_telemetry_vars.py,2021,https://github.com/mortlach/RuneDecrypterPrime/blob/score_upgrade/tests/telemetry/test_telemetry_vars.py,https://raw.githubusercontent.com/mortlach/RuneDecrypterPrime/score_upgrade/tests/telemetry/test_telemetry_vars.py
tests/test_logging_paths.py,1762,https://github.com/mortlach/RuneDecrypterPrime/blob/score_upgrade/tests/test_logging_paths.py,https://raw.githubusercontent.com/mortlach/RuneDecrypterPrime/score_upgrade/tests/test_logging_paths.py
tests/tutorials/__init__.py,53,https://github.com/mortlach/RuneDecrypterPrime/blob/score_upgrade/tests/tutorials/__init__.py,https://raw.githubusercontent.com/mortlach/RuneDecrypterPrime/score_upgrade/tests/tutorials/__init__.py
tests/tutorials/_utils.py,2000,https://github.com/mortlach/RuneDecrypterPrime/blob/score_upgrade/tests/tutorials/_utils.py,https://raw.githubusercontent.com/mortlach/RuneDecrypterPrime/score_upgrade/tests/tutorials/_utils.py
tests/tutorials/test_autokey_tutorial.py,1173,https://github.com/mortlach/RuneDecrypterPrime/blob/score_upgrade/tests/tutorials/test_autokey_tutorial.py,https://raw.githubusercontent.com/mortlach/RuneDecrypterPrime/score_upgrade/tests/tutorials/test_autokey_tutorial.py
tests/tutorials/test_crib_drag_api.py,5659,https://github.com/mortlach/RuneDecrypterPrime/blob/score_upgrade/tests/tutorials/test_crib_drag_api.py,https://raw.githubusercontent.com/mortlach/RuneDecrypterPrime/score_upgrade/tests/tutorials/test_crib_drag_api.py
tests/tutorials/test_degeneracy_tutorial.py,2962,https://github.com/mortlach/RuneDecrypterPrime/blob/score_upgrade/tests/tutorials/test_degeneracy_tutorial.py,https://raw.githubusercontent.com/mortlach/RuneDecrypterPrime/score_upgrade/tests/tutorials/test_degeneracy_tutorial.py
tests/tutorials/test_future_presets.py,2451,https://github.com/mortlach/RuneDecrypterPrime/blob/score_upgrade/tests/tutorials/test_future_presets.py,https://raw.githubusercontent.com/mortlach/RuneDecrypterPrime/score_upgrade/tests/tutorials/test_future_presets.py
tests/tutorials/test_ga_stage2_regression.py,2534,https://github.com/mortlach/RuneDecrypterPrime/blob/score_upgrade/tests/tutorials/test_ga_stage2_regression.py,https://raw.githubusercontent.com/mortlach/RuneDecrypterPrime/score_upgrade/tests/tutorials/test_ga_stage2_regression.py
tests/tutorials/test_hybrid_stage2_regression.py,2477,https://github.com/mortlach/RuneDecrypterPrime/blob/score_upgrade/tests/tutorials/test_hybrid_stage2_regression.py,https://raw.githubusercontent.com/mortlach/RuneDecrypterPrime/score_upgrade/tests/tutorials/test_hybrid_stage2_regression.py
tests/tutorials/test_mono_substitution.py,3366,https://github.com/mortlach/RuneDecrypterPrime/blob/score_upgrade/tests/tutorials/test_mono_substitution.py,https://raw.githubusercontent.com/mortlach/RuneDecrypterPrime/score_upgrade/tests/tutorials/test_mono_substitution.py
tests/tutorials/test_railfence_tutorial.py,1080,https://github.com/mortlach/RuneDecrypterPrime/blob/score_upgrade/tests/tutorials/test_railfence_tutorial.py,https://raw.githubusercontent.com/mortlach/RuneDecrypterPrime/score_upgrade/tests/tutorials/test_railfence_tutorial.py
tests/tutorials/test_sa_stage2_regression.py,2232,https://github.com/mortlach/RuneDecrypterPrime/blob/score_upgrade/tests/tutorials/test_sa_stage2_regression.py,https://raw.githubusercontent.com/mortlach/RuneDecrypterPrime/score_upgrade/tests/tutorials/test_sa_stage2_regression.py
tests/ui_normalize/__init__.py,0,https://github.com/mortlach/RuneDecrypterPrime/blob/score_upgrade/tests/ui_normalize/__init__.py,https://raw.githubusercontent.com/mortlach/RuneDecrypterPrime/score_upgrade/tests/ui_normalize/__init__.py
tests/ui_normalize/test_config_normalizers.py,1367,https://github.com/mortlach/RuneDecrypterPrime/blob/score_upgrade/tests/ui_normalize/test_config_normalizers.py,https://raw.githubusercontent.com/mortlach/RuneDecrypterPrime/score_upgrade/tests/ui_normalize/test_config_normalizers.py
tests/ui_normalize/test_text_permutation.py,1844,https://github.com/mortlach/RuneDecrypterPrime/blob/score_upgrade/tests/ui_normalize/test_text_permutation.py,https://raw.githubusercontent.com/mortlach/RuneDecrypterPrime/score_upgrade/tests/ui_normalize/test_text_permutation.py
tools/benchmarks/benchmark_harness.py,2906,https://github.com/mortlach/RuneDecrypterPrime/blob/score_upgrade/tools/benchmarks/benchmark_harness.py,https://raw.githubusercontent.com/mortlach/RuneDecrypterPrime/score_upgrade/tools/benchmarks/benchmark_harness.py
tools/benchmarks/compare_runs.py,1666,https://github.com/mortlach/RuneDecrypterPrime/blob/score_upgrade/tools/benchmarks/compare_runs.py,https://raw.githubusercontent.com/mortlach/RuneDecrypterPrime/score_upgrade/tools/benchmarks/compare_runs.py
tools/benchmarks/profile_bench.py,6704,https://github.com/mortlach/RuneDecrypterPrime/blob/score_upgrade/tools/benchmarks/profile_bench.py,https://raw.githubusercontent.com/mortlach/RuneDecrypterPrime/score_upgrade/tools/benchmarks/profile_bench.py
tools/benchmarks/run_all_tutorials.py,3266,https://github.com/mortlach/RuneDecrypterPrime/blob/score_upgrade/tools/benchmarks/run_all_tutorials.py,https://raw.githubusercontent.com/mortlach/RuneDecrypterPrime/score_upgrade/tools/benchmarks/run_all_tutorials.py
tools/docs_lint/docs_lint.py,10607,https://github.com/mortlach/RuneDecrypterPrime/blob/score_upgrade/tools/docs_lint/docs_lint.py,https://raw.githubusercontent.com/mortlach/RuneDecrypterPrime/score_upgrade/tools/docs_lint/docs_lint.py
tools/docs_lint/fix_docs_encoding.py,2670,https://github.com/mortlach/RuneDecrypterPrime/blob/score_upgrade/tools/docs_lint/fix_docs_encoding.py,https://raw.githubusercontent.com/mortlach/RuneDecrypterPrime/score_upgrade/tools/docs_lint/fix_docs_encoding.py
tools/docs_lint/index_project_symbols.py,3762,https://github.com/mortlach/RuneDecrypterPrime/blob/score_upgrade/tools/docs_lint/index_project_symbols.py,https://raw.githubusercontent.com/mortlach/RuneDecrypterPrime/score_upgrade/tools/docs_lint/index_project_symbols.py
tools/docs_lint/run_docs_lint.py,5363,https://github.com/mortlach/RuneDecrypterPrime/blob/score_upgrade/tools/docs_lint/run_docs_lint.py,https://raw.githubusercontent.com/mortlach/RuneDecrypterPrime/score_upgrade/tools/docs_lint/run_docs_lint.py
tutorials/__init__.py,485,https://github.com/mortlach/RuneDecrypterPrime/blob/score_upgrade/tutorials/__init__.py,https://raw.githubusercontent.com/mortlach/RuneDecrypterPrime/score_upgrade/tutorials/__init__.py
tutorials/v1/__init__.py,374,https://github.com/mortlach/RuneDecrypterPrime/blob/score_upgrade/tutorials/v1/__init__.py,https://raw.githubusercontent.com/mortlach/RuneDecrypterPrime/score_upgrade/tutorials/v1/__init__.py
tutorials/v1/dev/__init__.py,0,https://github.com/mortlach/RuneDecrypterPrime/blob/score_upgrade/tutorials/v1/dev/__init__.py,https://raw.githubusercontent.com/mortlach/RuneDecrypterPrime/score_upgrade/tutorials/v1/dev/__init__.py
tutorials/v1/dev/Beginner_Tutorial_Run.py,2259,https://github.com/mortlach/RuneDecrypterPrime/blob/score_upgrade/tutorials/v1/dev/Beginner_Tutorial_Run.py,https://raw.githubusercontent.com/mortlach/RuneDecrypterPrime/score_upgrade/tutorials/v1/dev/Beginner_Tutorial_Run.py
tutorials/v1/dev/Hill_2by2_CIpher.py,2076,https://github.com/mortlach/RuneDecrypterPrime/blob/score_upgrade/tutorials/v1/dev/Hill_2by2_CIpher.py,https://raw.githubusercontent.com/mortlach/RuneDecrypterPrime/score_upgrade/tutorials/v1/dev/Hill_2by2_CIpher.py
tutorials/v1/dev/Hill_2x2_CIpher.py,2076,https://github.com/mortlach/RuneDecrypterPrime/blob/score_upgrade/tutorials/v1/dev/Hill_2x2_CIpher.py,https://raw.githubusercontent.com/mortlach/RuneDecrypterPrime/score_upgrade/tutorials/v1/dev/Hill_2x2_CIpher.py
tutorials/v1/dev/Known-key.py,425,https://github.com/mortlach/RuneDecrypterPrime/blob/score_upgrade/tutorials/v1/dev/Known-key.py,https://raw.githubusercontent.com/mortlach/RuneDecrypterPrime/score_upgrade/tutorials/v1/dev/Known-key.py
tutorials/v1/dev/Known_Key_FastPath_Demo.py,1036,https://github.com/mortlach/RuneDecrypterPrime/blob/score_upgrade/tutorials/v1/dev/Known_Key_FastPath_Demo.py,https://raw.githubusercontent.com/mortlach/RuneDecrypterPrime/score_upgrade/tutorials/v1/dev/Known_Key_FastPath_Demo.py
tutorials/v1/dev/Monoalphabetic_substitution_1.py,767,https://github.com/mortlach/RuneDecrypterPrime/blob/score_upgrade/tutorials/v1/dev/Monoalphabetic_substitution_1.py,https://raw.githubusercontent.com/mortlach/RuneDecrypterPrime/score_upgrade/tutorials/v1/dev/Monoalphabetic_substitution_1.py
tutorials/v1/dev/Monoalphabetic_Substitution_GA.py,1724,https://github.com/mortlach/RuneDecrypterPrime/blob/score_upgrade/tutorials/v1/dev/Monoalphabetic_Substitution_GA.py,https://raw.githubusercontent.com/mortlach/RuneDecrypterPrime/score_upgrade/tutorials/v1/dev/Monoalphabetic_Substitution_GA.py
tutorials/v1/dev/Multiplicative_Vigen+┐re.py,656,https://github.com/mortlach/RuneDecrypterPrime/blob/score_upgrade/tutorials/v1/dev/Multiplicative_Vigen%2B%E2%94%90re.py,https://raw.githubusercontent.com/mortlach/RuneDecrypterPrime/score_upgrade/tutorials/v1/dev/Multiplicative_Vigen%2B%E2%94%90re.py
tutorials/v1/dev/Multiplicative_Vigenere.py,1829,https://github.com/mortlach/RuneDecrypterPrime/blob/score_upgrade/tutorials/v1/dev/Multiplicative_Vigenere.py,https://raw.githubusercontent.com/mortlach/RuneDecrypterPrime/score_upgrade/tutorials/v1/dev/Multiplicative_Vigenere.py
tutorials/v1/dev/Pure_Custum_Hybrid_Toy.py,4360,https://github.com/mortlach/RuneDecrypterPrime/blob/score_upgrade/tutorials/v1/dev/Pure_Custum_Hybrid_Toy.py,https://raw.githubusercontent.com/mortlach/RuneDecrypterPrime/score_upgrade/tutorials/v1/dev/Pure_Custum_Hybrid_Toy.py
tutorials/v1/dev/readme.txt,118,https://github.com/mortlach/RuneDecrypterPrime/blob/score_upgrade/tutorials/v1/dev/readme.txt,https://raw.githubusercontent.com/mortlach/RuneDecrypterPrime/score_upgrade/tutorials/v1/dev/readme.txt
tutorials/v1/dev/Spiral_Route_Cipher.py,1967,https://github.com/mortlach/RuneDecrypterPrime/blob/score_upgrade/tutorials/v1/dev/Spiral_Route_Cipher.py,https://raw.githubusercontent.com/mortlach/RuneDecrypterPrime/score_upgrade/tutorials/v1/dev/Spiral_Route_Cipher.py
tutorials/v1/dev/Tutorial_Affine29.py,3844,https://github.com/mortlach/RuneDecrypterPrime/blob/score_upgrade/tutorials/v1/dev/Tutorial_Affine29.py,https://raw.githubusercontent.com/mortlach/RuneDecrypterPrime/score_upgrade/tutorials/v1/dev/Tutorial_Affine29.py
tutorials/v1/dev/Tutorial_ColumnarTransposition.py,3210,https://github.com/mortlach/RuneDecrypterPrime/blob/score_upgrade/tutorials/v1/dev/Tutorial_ColumnarTransposition.py,https://raw.githubusercontent.com/mortlach/RuneDecrypterPrime/score_upgrade/tutorials/v1/dev/Tutorial_ColumnarTransposition.py
tutorials/v1/dev/Tutorial_Hill2x2.py,1698,https://github.com/mortlach/RuneDecrypterPrime/blob/score_upgrade/tutorials/v1/dev/Tutorial_Hill2x2.py,https://raw.githubusercontent.com/mortlach/RuneDecrypterPrime/score_upgrade/tutorials/v1/dev/Tutorial_Hill2x2.py
tutorials/v1/dev/Tutorial_Hill_Unified.py,3607,https://github.com/mortlach/RuneDecrypterPrime/blob/score_upgrade/tutorials/v1/dev/Tutorial_Hill_Unified.py,https://raw.githubusercontent.com/mortlach/RuneDecrypterPrime/score_upgrade/tutorials/v1/dev/Tutorial_Hill_Unified.py
tutorials/v1/dev/Tutorial_Hill_Unified_BackendKey.py,4448,https://github.com/mortlach/RuneDecrypterPrime/blob/score_upgrade/tutorials/v1/dev/Tutorial_Hill_Unified_BackendKey.py,https://raw.githubusercontent.com/mortlach/RuneDecrypterPrime/score_upgrade/tutorials/v1/dev/Tutorial_Hill_Unified_BackendKey.py
tutorials/v1/dev/Tutorial_Hill_Unified_UIOnly.py,2930,https://github.com/mortlach/RuneDecrypterPrime/blob/score_upgrade/tutorials/v1/dev/Tutorial_Hill_Unified_UIOnly.py,https://raw.githubusercontent.com/mortlach/RuneDecrypterPrime/score_upgrade/tutorials/v1/dev/Tutorial_Hill_Unified_UIOnly.py
tutorials/v1/dev/Tutorial_Playfair29.py,3621,https://github.com/mortlach/RuneDecrypterPrime/blob/score_upgrade/tutorials/v1/dev/Tutorial_Playfair29.py,https://raw.githubusercontent.com/mortlach/RuneDecrypterPrime/score_upgrade/tutorials/v1/dev/Tutorial_Playfair29.py
tutorials/v1/dev/Tutorial_Playsquare25.py,3557,https://github.com/mortlach/RuneDecrypterPrime/blob/score_upgrade/tutorials/v1/dev/Tutorial_Playsquare25.py,https://raw.githubusercontent.com/mortlach/RuneDecrypterPrime/score_upgrade/tutorials/v1/dev/Tutorial_Playsquare25.py
tutorials/v1/dev/Tutorial_Vigenere_GeneralMap.py,10797,https://github.com/mortlach/RuneDecrypterPrime/blob/score_upgrade/tutorials/v1/dev/Tutorial_Vigenere_GeneralMap.py,https://raw.githubusercontent.com/mortlach/RuneDecrypterPrime/score_upgrade/tutorials/v1/dev/Tutorial_Vigenere_GeneralMap.py
tutorials/v1/dev/Vigenere_StepByStep_Run.py,830,https://github.com/mortlach/RuneDecrypterPrime/blob/score_upgrade/tutorials/v1/dev/Vigenere_StepByStep_Run.py,https://raw.githubusercontent.com/mortlach/RuneDecrypterPrime/score_upgrade/tutorials/v1/dev/Vigenere_StepByStep_Run.py
tutorials/v1/Start_Here.py,6299,https://github.com/mortlach/RuneDecrypterPrime/blob/score_upgrade/tutorials/v1/Start_Here.py,https://raw.githubusercontent.com/mortlach/RuneDecrypterPrime/score_upgrade/tutorials/v1/Start_Here.py
tutorials/v1/Tutorial_Autokey.py,4727,https://github.com/mortlach/RuneDecrypterPrime/blob/score_upgrade/tutorials/v1/Tutorial_Autokey.py,https://raw.githubusercontent.com/mortlach/RuneDecrypterPrime/score_upgrade/tutorials/v1/Tutorial_Autokey.py
tutorials/v1/Tutorial_ColumnarTransposition.py,4344,https://github.com/mortlach/RuneDecrypterPrime/blob/score_upgrade/tutorials/v1/Tutorial_ColumnarTransposition.py,https://raw.githubusercontent.com/mortlach/RuneDecrypterPrime/score_upgrade/tutorials/v1/Tutorial_ColumnarTransposition.py
tutorials/v1/Tutorial_MonoSubstitution_GA.py,6212,https://github.com/mortlach/RuneDecrypterPrime/blob/score_upgrade/tutorials/v1/Tutorial_MonoSubstitution_GA.py,https://raw.githubusercontent.com/mortlach/RuneDecrypterPrime/score_upgrade/tutorials/v1/Tutorial_MonoSubstitution_GA.py
tutorials/v1/Tutorial_MonoSubstitution_HYBRID.py,4679,https://github.com/mortlach/RuneDecrypterPrime/blob/score_upgrade/tutorials/v1/Tutorial_MonoSubstitution_HYBRID.py,https://raw.githubusercontent.com/mortlach/RuneDecrypterPrime/score_upgrade/tutorials/v1/Tutorial_MonoSubstitution_HYBRID.py
tutorials/v1/Tutorial_MonoSubstitution_SA.py,4276,https://github.com/mortlach/RuneDecrypterPrime/blob/score_upgrade/tutorials/v1/Tutorial_MonoSubstitution_SA.py,https://raw.githubusercontent.com/mortlach/RuneDecrypterPrime/score_upgrade/tutorials/v1/Tutorial_MonoSubstitution_SA.py
tutorials/v1/Tutorial_PeriodicColumnar.py,14108,https://github.com/mortlach/RuneDecrypterPrime/blob/score_upgrade/tutorials/v1/Tutorial_PeriodicColumnar.py,https://raw.githubusercontent.com/mortlach/RuneDecrypterPrime/score_upgrade/tutorials/v1/Tutorial_PeriodicColumnar.py
tutorials/v1/Tutorial_PeriodicColumnar_Hard.py,35348,https://github.com/mortlach/RuneDecrypterPrime/blob/score_upgrade/tutorials/v1/Tutorial_PeriodicColumnar_Hard.py,https://raw.githubusercontent.com/mortlach/RuneDecrypterPrime/score_upgrade/tutorials/v1/Tutorial_PeriodicColumnar_Hard.py
tutorials/v1/Tutorial_PeriodicSubstitution.py,6574,https://github.com/mortlach/RuneDecrypterPrime/blob/score_upgrade/tutorials/v1/Tutorial_PeriodicSubstitution.py,https://raw.githubusercontent.com/mortlach/RuneDecrypterPrime/score_upgrade/tutorials/v1/Tutorial_PeriodicSubstitution.py
tutorials/v1/Tutorial_PeriodicSubstitution_Hard.py,21035,https://github.com/mortlach/RuneDecrypterPrime/blob/score_upgrade/tutorials/v1/Tutorial_PeriodicSubstitution_Hard.py,https://raw.githubusercontent.com/mortlach/RuneDecrypterPrime/score_upgrade/tutorials/v1/Tutorial_PeriodicSubstitution_Hard.py
tutorials/v1/Tutorial_Railfence.py,3722,https://github.com/mortlach/RuneDecrypterPrime/blob/score_upgrade/tutorials/v1/Tutorial_Railfence.py,https://raw.githubusercontent.com/mortlach/RuneDecrypterPrime/score_upgrade/tutorials/v1/Tutorial_Railfence.py
tutorials/v1/Tutorial_Repeating_multiply.py,3087,https://github.com/mortlach/RuneDecrypterPrime/blob/score_upgrade/tutorials/v1/Tutorial_Repeating_multiply.py,https://raw.githubusercontent.com/mortlach/RuneDecrypterPrime/score_upgrade/tutorials/v1/Tutorial_Repeating_multiply.py
tutorials/v1/Tutorial_Vigenere_GeneralMap.py,3527,https://github.com/mortlach/RuneDecrypterPrime/blob/score_upgrade/tutorials/v1/Tutorial_Vigenere_GeneralMap.py,https://raw.githubusercontent.com/mortlach/RuneDecrypterPrime/score_upgrade/tutorials/v1/Tutorial_Vigenere_GeneralMap.py
tutorials/v1/Tutorial_Vigenere_Interruptors.py,3836,https://github.com/mortlach/RuneDecrypterPrime/blob/score_upgrade/tutorials/v1/Tutorial_Vigenere_Interruptors.py,https://raw.githubusercontent.com/mortlach/RuneDecrypterPrime/score_upgrade/tutorials/v1/Tutorial_Vigenere_Interruptors.py
tutorials/v1/Tutorial_Vigenere_Interruptors_NonTrivial.py,4219,https://github.com/mortlach/RuneDecrypterPrime/blob/score_upgrade/tutorials/v1/Tutorial_Vigenere_Interruptors_NonTrivial.py,https://raw.githubusercontent.com/mortlach/RuneDecrypterPrime/score_upgrade/tutorials/v1/Tutorial_Vigenere_Interruptors_NonTrivial.py
tutorials/v1/Tutorial_Vigenere_Interruptors_Solve.py,4645,https://github.com/mortlach/RuneDecrypterPrime/blob/score_upgrade/tutorials/v1/Tutorial_Vigenere_Interruptors_Solve.py,https://raw.githubusercontent.com/mortlach/RuneDecrypterPrime/score_upgrade/tutorials/v1/Tutorial_Vigenere_Interruptors_Solve.py
