different,682940667,1,ᛞᛁᚠᚠᛖᚱᛖᚾᛏ,357
committee,650141136,1,ᚳᚩᛗᛗᛁᛏᛏᛖᛖ,445
important,573914562,1,ᛁᛗᛈᚩᚱᛏᚪᚾᛏ,407
necessary,493945779,1,ᚾᛖᚳᛖᛋᛋᚪᚱᚣ,493
president,486043834,1,ᛈᚱᛖᛋᛁᛞᛖᚾᛏ,449
conditions,452314545,1,ᚳᚩᚾᛞᛁᛏᛡᚾᛋ,417
available,449392318,1,ᚪᚢᚪᛁᛚᚪᛒᛚᛖ,599
production,437273896,1,ᛈᚱᚩᛞᚢᚳᛏᛡᚾ,361
commission,423509594,1,ᚳᚩᛗᛗᛁᛋᛋᛡᚾ,435
political,414930765,1,ᛈᚩᛚᛁᛏᛁᚳᚪᛚ,427
association,368806579,1,ᚪᛋᛋᚩᚳᛡᛏᛡᚾ,525
secretary,358901226,1,ᛋᛖᚳᚱᛖᛏᚪᚱᚣ,481
community,347656355,1,ᚳᚩᛗᛗᚢᚾᛁᛏᚣ,387
themselves,333198226,1,ᚦᛖᛗᛋᛖᛚᚢᛖᛋ,459
knowledge,326918357,1,ᚳᚾᚩᚹᛚᛖᛞᚷᛖ,381
countries,318117858,1,ᚳᚩᚢᚾᛏᚱᛁᛖᛋ,273
continued,306846703,1,ᚳᚩᚾᛏᛁᚾᚢᛖᛞ,327
especially,300627159,1,ᛖᛋᛈᛖᚳᛡᛚᛚᚣ,599
population,299792873,1,ᛈᚩᛈᚢᛚᚪᛏᛡᚾ,461
generally,295540450,1,ᚷᛖᚾᛖᚱᚪᛚᛚᚣ,537
described,294714554,1,ᛞᛖᛋᚳᚱᛁᛒᛖᛞ,481
statement,287219726,1,ᛋᛏᚪᛏᛖᛗᛖᚾᛏ,561
structure,286626175,1,ᛋᛏᚱᚢᚳᛏᚢᚱᛖ,279
equipment,270542677,1,ᛖᚳᚹᛁᛈᛗᛖᚾᛏ,399
agreement,264349068,1,ᚪᚷᚱᛖᛖᛗᛖᚾᛏ,485
published,262175489,1,ᛈᚢᛒᛚᛁᛋᚻᛖᛞ,443
additional,258884672,1,ᚪᛞᛞᛁᛏᛡᚾᚪᛚ,671
sometimes,251162520,1,ᛋᚩᛗᛖᛏᛁᛗᛖᛋ,479
insurance,250937528,1,ᛁᚾᛋᚢᚱᚪᚾᚳᛖ,333
effective,248944980,1,ᛖᚠᚠᛖᚳᛏᛁᚢᛖ,311
defendant,248935927,0,ᛞᛖᚠᛖᚾᛞᚪᚾᛏ,528
character,248056958,1,ᚳᚻᚪᚱᚪᚳᛏᛖᚱ,391
developed,244530523,1,ᛞᛖᚢᛖᛚᚩᛈᛖᛞ,505
presented,242192214,1,ᛈᚱᛖᛋᛖᚾᛏᛖᛞ,485
resources,241642617,1,ᚱᛖᛋᚩᚢᚱᚳᛖᛋ,285
industrial,241420028,0,ᛁᚾᛞᚢᛋᛏᚱᛡᛚ,455
provisions,232080894,1,ᛈᚱᚩᚢᛁᛋᛡᚾᛋ,337
reference,229346046,1,ᚱᛖᚠᛖᚱᛖᚾᚳᛖ,334
september,228527604,0,ᛋᛖᛈᛏᛖᛗᛒᛖᚱ,499
influence,228275182,1,ᛁᚾᚠᛚᚢᛖᚾᚳᛖ,314
employees,224805253,1,ᛖᛗᛈᛚᚩᚣᛖᛖᛋ,551
difficult,221690475,1,ᛞᛁᚠᚠᛁᚳᚢᛚᛏ,303
companies,218603817,1,ᚳᚩᛗᛈᚪᚾᛁᛖᛋ,411
california,211061559,0,ᚳᚪᛚᛁᚠᚩᚱᚾᛡ,370
associated,208865278,1,ᚪᛋᛋᚩᚳᛡᛏᛖᛞ,545
operations,208459570,1,ᚩᛈᛖᚱᚪᛏᛡᚾᛋ,473
protection,201685673,1,ᛈᚱᚩᛏᛖᚳᛏᛡᚾ,395
throughout,200733301,1,ᚦᚱᚩᚢᚷᚻᚩᚢᛏ,135
discussion,197755333,1,ᛞᛁᛋᚳᚢᛋᛋᛡᚾ,431
commercial,193456725,0,ᚳᚩᛗᛗᛖᚱᚳᛡᛚ,433
technical,192879578,1,ᛏᛖᚳᚻᚾᛁᚳᚪᛚ,405
principal,191485877,1,ᛈᚱᛁᚾᚳᛁᛈᚪᛚ,371
plaintiff,189749383,0,ᛈᛚᚪᛁᚾᛏᛁᚠᚠ,367
institute,187055881,0,ᛁᚾᛋᛏᛁᛏᚢᛏᛖ,391
determine,184132158,1,ᛞᛖᛏᛖᚱᛗᛁᚾᛖ,491
connection,175007899,1,ᚳᚩᚾᚾᛖᚳᛏᛡᚾ,353
amendment,173467260,1,ᚪᛗᛖᚾᛞᛗᛖᚾᛏ,579
interests,173222452,1,ᛁᚾᛏᛖᚱᛖᛋᛏᛋ,429
standards,172466833,1,ᛋᛏᚪᚾᛞᚪᚱᛞᛋ,577
concerned,171584703,1,ᚳᚩᚾᚳᛖᚱᚾᛖᛞ,325
certainly,168501898,1,ᚳᛖᚱᛏᚪᛁᚾᛚᚣ,483
procedure,162880516,1,ᛈᚱᚩᚳᛖᛞᚢᚱᛖ,311
collection,162605688,1,ᚳᚩᛚᛚᛖᚳᛏᛡᚾ,441
resolution,161628880,1,ᚱᛖᛋᚩᛚᚢᛏᛡᚾ,409
executive,159180708,1,ᛖᛉᛖᚳᚢᛏᛁᚢᛖ,357
professor,155993059,1,ᛈᚱᚩᚠᛖᛋᛋᚩᚱ,254
principle,155796523,1,ᛈᚱᛁᚾᚳᛁᛈᛚᛖ,341
proceedings,154965775,1,ᛈᚱᚩᚳᛖᛖᛞᛝᛋ,429
discussed,154547531,1,ᛞᛁᛋᚳᚢᛋᛋᛖᛞ,451
appointed,148956610,1,ᚪᛈᛈᚩᛁᚾᛏᛖᛞ,465
practical,148395718,1,ᛈᚱᚪᚳᛏᛁᚳᚪᛚ,437
existence,145610570,1,ᛖᛉᛁᛋᛏᛖᚾᚳᛖ,433
expression,145189628,1,ᛖᛉᛈᚱᛖᛋᛋᛡᚾ,477
processes,143905582,1,ᛈᚱᚩᚳᛖᛋᛋᛖᛋ,367
estimated,140854641,1,ᛖᛋᛏᛁᛗᚪᛏᛖᛞ,593
reasonable,140843451,1,ᚱᛠᛋᚩᚾᚪᛒᛚᛖ,507
suggested,140368451,1,ᛋᚢᚷᚷᛖᛋᛏᛖᛞ,425
interesting,139340221,1,ᛁᚾᛏᛖᚱᛖᛋᛏᛝ,455
indicated,137848229,1,ᛁᚾᛞᛁᚳᚪᛏᛖᛞ,505
assistant,136274634,1,ᚪᛋᛋᛁᛋᛏᚪᚾᛏ,531
expressed,133834746,1,ᛖᛉᛈᚱᛖᛋᛋᛖᛞ,497
contained,132643620,1,ᚳᚩᚾᛏᚪᛁᚾᛖᛞ,421
paragraph,129673402,1,ᛈᚪᚱᚪᚷᚱᚪᛈᚻ,439
foundation,129495784,1,ᚠᚩᚢᚾᛞᚪᛏᛡᚾ,422
completed,129410029,1,ᚳᚩᛗᛈᛚᛖᛏᛖᛞ,489
personnel,128212743,1,ᛈᛖᚱᛋᚩᚾᚾᛖᛚ,379
connected,126889157,1,ᚳᚩᚾᚾᛖᚳᛏᛖᛞ,373
frequency,126628263,1,ᚠᚱᛖᚳᚹᛖᚾᚳᚣ,324
advantage,125112070,1,ᚪᛞᚢᚪᚾᛏᚪᚷᛖ,555
previously,124871040,1,ᛈᚱᛖᚢᛡᚢᛋᛚᚣ,463
performed,124743316,1,ᛈᛖᚱᚠᚩᚱᛗᛖᛞ,368
establish,122199664,1,ᛖᛋᛏᚪᛒᛚᛁᛋᚻ,517
authorized,121903699,1,ᚪᚢᚦᚩᚱᛁᛋᛖᛞ,363
regulation,121676145,1,ᚱᛖᚷᚢᛚᚪᛏᛡᚾ,463
conclusion,121199864,1,ᚳᚩᚾᚳᛚᚢᛋᛡᚾ,327
convention,119040256,1,ᚳᚩᚾᚢᛖᚾᛏᛡᚾ,343
evaluation,118488616,1,ᛖᚢᚪᛚᚢᚪᛏᛡᚾ,535
secondary,118230809,1,ᛋᛖᚳᚩᚾᛞᚪᚱᚣ,469
appearance,117071518,1,ᚪᛈᛈᛠᚱᚪᚾᚳᛖ,509
telephone,115554043,1,ᛏᛖᛚᛖᛈᚻᚩᚾᛖ,435
transport,114563941,1,ᛏᚱᚪᚾᛋᛈᚩᚱᛏ,369
permanent,111096683,1,ᛈᛖᚱᛗᚪᚾᛖᚾᛏ,473
conducted,110990106,1,ᚳᚩᚾᛞᚢᚳᛏᛖᛞ,369
represent,110959260,1,ᚱᛖᛈᚱᛖᛋᛖᚾᛏ,407
submitted,110311532,1,ᛋᚢᛒᛗᛁᛏᛏᛖᛞ,493
possession,109570501,1,ᛈᚩᛋᛋᛖᛋᛋᛡᚾ,465
definition,109248123,1,ᛞᛖᚠᛁᚾᛁᛏᛡᚾ,444
proportion,108705637,1,ᛈᚱᚩᛈᚩᚱᛏᛡᚾ,317
practices,108450637,1,ᛈᚱᚪᚳᛏᛁᚳᛖᛋ,387
supported,106175440,1,ᛋᚢᛈᛈᚩᚱᛏᛖᛞ,375
collected,105923179,1,ᚳᚩᛚᛚᛖᚳᛏᛖᛞ,461
specified,105758971,1,ᛋᛈᛖᚳᛁᚠᛁᛖᛞ,396
testimony,104081402,1,ᛏᛖᛋᛏᛁᛗᚩᚾᚣ,479
territory,103796814,1,ᛏᛖᚱᚱᛁᛏᚩᚱᚣ,359
excellent,103708535,1,ᛖᛉᚳᛖᛚᛚᛖᚾᛏ,495
contracts,100714859,1,ᚳᚩᚾᛏᚱᚪᚳᛏᛋ,341
documents,100435655,1,ᛞᚩᚳᚢᛗᛖᚾᛏᛋ,391
parliament,97593469,0,ᛈᚪᚱᛚᛡᛗᛖᚾᛏ,557
discharge,96613981,1,ᛞᛁᛋᚳᚻᚪᚱᚷᛖ,401
generation,96104809,1,ᚷᛖᚾᛖᚱᚪᛏᛡᚾ,483
organized,95479040,1,ᚩᚱᚷᚪᚾᛁᛋᛖᛞ,401
carefully,94763793,1,ᚳᚪᚱᛖᚠᚢᛚᛚᚣ,442
explained,94510202,1,ᛖᛉᛈᛚᚪᛁᚾᛖᛞ,543
gentleman,92490900,1,ᚷᛖᚾᛏᛚᛖᛗᚪᚾ,509
dependent,92442498,1,ᛞᛖᛈᛖᚾᛞᛖᚾᛏ,539
cambridge,92243818,0,ᚳᚪᛗᛒᚱᛁᛞᚷᛖ,457
estimates,92116831,1,ᛖᛋᛏᛁᛗᚪᛏᛖᛋ,557
delivered,91752285,1,ᛞᛖᛚᛁᚢᛖᚱᛖᛞ,497
necessity,91374535,1,ᚾᛖᚳᛖᛋᛋᛁᛏᚣ,475
machinery,91290960,1,ᛗᚪᚳᚻᛁᚾᛖᚱᚣ,445
revolution,90275502,1,ᚱᛖᚢᚩᛚᚢᛏᛡᚾ,359
extensive,89460036,1,ᛖᛉᛏᛖᚾᛋᛁᚢᛖ,423
extremely,87436516,1,ᛖᛉᛏᚱᛖᛗᛖᛚᚣ,565
primarily,87336530,1,ᛈᚱᛁᛗᚪᚱᛁᛚᚣ,471
directors,86871230,1,ᛞᛁᚱᛖᚳᛏᚩᚱᛋ,341
districts,86692775,1,ᛞᛁᛋᛏᚱᛁᚳᛏᛋ,399
substance,85830290,1,ᛋᚢᛒᛋᛏᚪᚾᚳᛖ,435
corporate,83973210,1,ᚳᚩᚱᛈᚩᚱᚪᛏᛖ,315
emergency,83826001,1,ᛖᛗᛖᚱᚷᛖᚾᚳᚣ,445
technique,82753683,1,ᛏᛖᚳᚻᚾᛁᚳᚹᛖ,321
component,82753654,1,ᚳᚩᛗᛈᚩᚾᛖᚾᛏ,325
indicates,82639096,1,ᛁᚾᛞᛁᚳᚪᛏᛖᛋ,469
committed,82241359,1,ᚳᚩᛗᛗᛁᛏᛏᛖᛞ,467
americans,82079451,1,ᚪᛗᛖᚱᛁᚳᚪᚾᛋ,469
inspection,81918300,1,ᛁᚾᛋᛈᛖᚳᛏᛡᚾ,431
determining,81510300,1,ᛞᛖᛏᛖᚱᛗᛁᚾᛝ,503
objective,81200138,1,ᚩᛒᛂᛖᚳᛏᛁᚢᛖ,345
leadership,80797598,1,ᛚᛠᛞᛖᚱᛋᚻᛁᛈ,499
permitted,80054322,1,ᛈᛖᚱᛗᛁᛏᛏᛖᛞ,497
opposition,79946512,1,ᚩᛈᛈᚩᛋᛁᛏᛡᚾ,379
municipal,79722074,1,ᛗᚢᚾᛁᚳᛁᛈᚪᛚ,391
mechanism,79668544,1,ᛗᛖᚳᚻᚪᚾᛁᛋᛗ,455
temporary,77091957,1,ᛏᛖᛗᛈᚩᚱᚪᚱᚣ,469
spiritual,76803899,1,ᛋᛈᛁᚱᛁᛏᚢᚪᛚ,401
advertising,75872754,1,ᚪᛞᚢᛖᚱᛏᛁᛋᛝ,489
efficient,75356151,1,ᛖᚠᚠᛁᚳᛁᛖᚾᛏ,301
universal,74827225,1,ᚢᚾᛁᚢᛖᚱᛋᚪᛚ,367
movements,74475338,1,ᛗᚩᚢᛖᛗᛖᚾᛏᛋ,427
instances,74116242,1,ᛁᚾᛋᛏᚪᚾᚳᛖᛋ,431
complaint,74022966,1,ᚳᚩᛗᛈᛚᚪᛁᚾᛏ,423
television,73815863,1,ᛏᛖᛚᛖᚢᛁᛋᛡᚾ,489
concluded,73564001,1,ᚳᚩᚾᚳᛚᚢᛞᛖᛞ,383
ourselves,73282813,1,ᚩᚢᚱᛋᛖᛚᚢᛖᛋ,337
accordingly,73274972,1,ᚪᚳᚳᚩᚱᛞᛝᛚᚣ,485
apparatus,72640936,1,ᚪᛈᛈᚪᚱᚪᛏᚢᛋ,503
elsewhere,72604421,1,ᛖᛚᛋᛖᚹᚻᛖᚱᛖ,447
household,72505690,1,ᚻᚩᚢᛋᛖᚻᚩᛚᛞ,345
francisco,72405103,0,ᚠᚱᚪᚾᚳᛁᛋᚳᚩ,256
mountains,71564655,1,ᛗᚩᚢᚾᛏᚪᛁᚾᛋ,379
considering,71447660,1,ᚳᚩᚾᛋᛁᛞᛖᚱᛝ,379
specimens,70750964,1,ᛋᛈᛖᚳᛁᛗᛖᚾᛋ,427
naturally,70660638,1,ᚾᚪᛏᚢᚱᚪᛚᛚᚣ,545
addressed,70492396,1,ᚪᛞᛞᚱᛖᛋᛋᛖᛞ,615
economics,70420234,1,ᛖᚳᚩᚾᚩᛗᛁᚳᛋ,291
requested,69678849,1,ᚱᛖᚳᚹᛖᛋᛏᛖᛞ,445
currently,69287298,1,ᚳᚢᚱᚱᛖᚾᛏᛚᚣ,369
transition,69103352,1,ᛏᚱᚪᚾᛋᛁᛏᛡᚾ,475
programme,68861380,1,ᛈᚱᚩᚷᚱᚪᛗᛗᛖ,395
gradually,68313116,1,ᚷᚱᚪᛞᚢᚪᛚᛚᚣ,563
permission,67777629,1,ᛈᛖᚱᛗᛁᛋᛋᛡᚾ,465
purchased,67498874,1,ᛈᚢᚱᚳᚻᚪᛋᛖᛞ,399
satisfied,66951956,1,ᛋᚪᛏᛁᛋᚠᛁᛖᛞ,482
theoretical,66485940,1,ᚦᛇᚱᛖᛏᛁᚳᚪᛚ,397
residence,66360359,1,ᚱᛖᛋᛁᛞᛖᚾᚳᛖ,427
similarly,66093035,1,ᛋᛁᛗᛁᛚᚪᚱᛚᚣ,543
customers,65944027,1,ᚳᚢᛋᛏᚩᛗᛖᚱᛋ,337
applicant,65686307,1,ᚪᛈᛈᛚᛁᚳᚪᚾᛏ,485
stability,65618428,1,ᛋᛏᚪᛒᛁᛚᛁᛏᚣ,567
announced,65582046,1,ᚪᚾᚾᚩᚢᚾᚳᛖᛞ,363
situations,65535836,1,ᛋᛁᛏᚢᚪᛏᛡᚾᛋ,491
qualified,65269105,1,ᚳᚹᚪᛚᛁᚠᛁᛖᛞ,422
societies,65075307,1,ᛋᚩᚳᛁᛖᛏᛁᛖᛋ,381
desirable,64940425,1,ᛞᛖᛋᛁᚱᚪᛒᛚᛖ,549
afternoon,64812439,1,ᚪᚠᛏᛖᚱᚾᚩᚩᚾ,308
continues,64611257,1,ᚳᚩᚾᛏᛁᚾᚢᛖᛋ,291
discovery,64327636,1,ᛞᛁᛋᚳᚩᚢᛖᚱᚣ,377
biological,63960222,0,ᛒᛡᛚᚩᚷᛁᚳᚪᛚ,479
framework,63949022,1,ᚠᚱᚪᛗᛖᚹᚩᚱᚳ,298
furnished,63925039,1,ᚠᚢᚱᚾᛁᛋᚻᛖᛞ,308
chemistry,63769836,0,ᚳᚻᛖᛗᛁᛋᛏᚱᚣ,431
directions,63598389,1,ᛞᛁᚱᛖᚳᛏᛡᚾᛋ,459
recognize,63445941,1,ᚱᛖᚳᚩᚷᚾᛁᛋᛖ,295
separation,63114800,1,ᛋᛖᛈᚪᚱᚪᛏᛡᚾ,563
separated,63090364,1,ᛋᛖᛈᚪᚱᚪᛏᛖᛞ,583
appellant,62678906,0,ᚪᛈᛈᛖᛚᛚᚪᚾᛏ,581
particles,62571609,1,ᛈᚪᚱᛏᛁᚳᛚᛖᛋ,447
compounds,62380290,1,ᚳᚩᛗᛈᚩᚢᚾᛞᛋ,315
perfectly,62088251,1,ᛈᛖᚱᚠᛖᚳᛏᛚᚣ,438
ownership,61584995,1,ᚩᚹᚾᛖᚱᛋᚻᛁᛈ,283
intensity,61548187,1,ᛁᚾᛏᛖᚾᛋᛁᛏᚣ,461
destroyed,61178421,1,ᛞᛖᛋᛏᚱᚩᚣᛖᛞ,545
subsection,60920718,1,ᛋᚢᛒᛋᛖᚳᛏᛡᚾ,445
outstanding,60797983,1,ᚩᚢᛏᛋᛏᚪᚾᛞᛝ,475
obligation,60638651,1,ᚩᛒᛚᛁᚷᚪᛏᛡᚾ,481
alexander,60592000,0,ᚪᛚᛖᛉᚪᚾᛞᛖᚱ,577
responses,60366398,1,ᚱᛖᛋᛈᚩᚾᛋᛖᛋ,383
preferred,60362023,1,ᛈᚱᛖᚠᛖᚱᚱᛖᛞ,368
criticism,60182184,1,ᚳᚱᛁᛏᛁᚳᛁᛋᛗ,313
newspaper,59584230,1,ᚾᛖᚹᛋᛈᚪᛈᛖᚱ,429
copyright,59580912,1,ᚳᚩᛈᚣᚱᛁᚷᚻᛏ,307
interview,59176073,1,ᛁᚾᛏᛖᚱᚢᛁᛖᚹ,317
compliance,58530823,1,ᚳᚩᛗᛈᛚᛡᚾᚳᛖ,423
describes,58508451,1,ᛞᛖᛋᚳᚱᛁᛒᛖᛋ,445
conversion,58229809,1,ᚳᚩᚾᚢᛖᚱᛋᛡᚾ,319
witnesses,58152694,1,ᚹᛁᛏᚾᛖᛋᛋᛖᛋ,431
wisconsin,57445314,0,ᚹᛁᛋᚳᚩᚾᛋᛁᚾ,265
proposals,56840159,1,ᛈᚱᚩᛈᚩᛋᚪᛚᛋ,387
sensitive,56579672,1,ᛋᛖᚾᛋᛁᛏᛁᚢᛖ,393
assumption,56571865,1,ᚪᛋᛋᚢᛗᛈᛏᛡᚾ,515
prevention,56467777,1,ᛈᚱᛖᚢᛖᚾᛏᛡᚾ,415
profession,56253652,1,ᛈᚱᚩᚠᛖᛋᛋᛡᚾ,372
democracy,56177869,1,ᛞᛖᛗᚩᚳᚱᚪᚳᚣ,471
protected,56166191,1,ᛈᚱᚩᛏᛖᚳᛏᛖᛞ,415
functional,55679431,1,ᚠᚢᚾᚳᛏᛡᚾᚪᛚ,412
attempted,55560662,1,ᚪᛏᛏᛖᛗᛈᛏᛖᛞ,611
exclusive,55235399,1,ᛖᛉᚳᛚᚢᛋᛁᚢᛖ,357
arguments,55203484,1,ᚪᚱᚷᚢᛗᛖᚾᛏᛋ,407
confirmed,55185451,1,ᚳᚩᚾᚠᛁᚱᛗᛖᛞ,320
petroleum,55104803,0,ᛈᛖᛏᚱᚩᛚᛖᚢᛗ,401
identical,55104017,1,ᛁᛞᛖᚾᛏᛁᚳᚪᛚ,489
gentlemen,54976986,1,ᚷᛖᚾᛏᛚᛖᛗᛖᚾ,479
libraries,54809812,1,ᛚᛁᛒᚱᚪᚱᛁᛖᛋ,435
employers,54631667,1,ᛖᛗᛈᛚᚩᚣᛖᚱᛋ,495
impression,54612245,1,ᛁᛗᛈᚱᛖᛋᛋᛡᚾ,465
generated,54584980,1,ᚷᛖᚾᛖᚱᚪᛏᛖᛞ,503
occupation,54550776,1,ᚩᚳᚳᚢᛈᚪᛏᛡᚾ,371
automatic,54502951,1,ᚪᚢᛏᚩᛗᚪᛏᛁᚳ,437
statutory,54500853,0,ᛋᛏᚪᛏᚢᛏᚩᚱᚣ,451
completion,54103013,1,ᚳᚩᛗᛈᛚᛖᛏᛡᚾ,469
increasingly,53889592,1,ᛁᚾᚳᚱᛠᛋᛝᛚᚣ,501
reflected,53478724,1,ᚱᛖᚠᛚᛖᚳᛏᛖᛞ,448
thoroughly,53360729,1,ᚦᚩᚱᚩᚢᚷᚻᛚᚣ,249
sustained,53208994,1,ᛋᚢᛋᛏᚪᛁᚾᛖᛞ,481
encourage,53073836,1,ᛖᚾᚳᚩᚢᚱᚪᚷᛖ,311
conviction,53029540,1,ᚳᚩᚾᚢᛁᚳᛏᛡᚾ,291
dimensions,52964475,1,ᛞᛁᛗᛖᚾᛋᛡᚾᛋ,529
classical,52751463,1,ᚳᛚᚪᛋᛋᛁᚳᚪᛚ,503
communist,52599455,1,ᚳᚩᛗᛗᚢᚾᛁᛋᛏ,337
hospitals,52405555,1,ᚻᚩᛋᛈᛁᛏᚪᛚᛋ,439
depression,52381443,1,ᛞᛖᛈᚱᛖᛋᛋᛡᚾ,519
absorption,52362571,1,ᚪᛒᛋᚩᚱᛈᛏᛡᚾ,467
surrounding,52356850,1,ᛋᚢᚱᚱᚩᚢᚾᛞᛝ,285
ministers,51868901,1,ᛗᛁᚾᛁᛋᛏᛖᚱᛋ,405
prominent,51705617,1,ᛈᚱᚩᛗᛁᚾᛖᚾᛏ,347
australian,51672225,0,ᚪᚢᛋᛏᚱᚪᛚᛡᚾ,529
commander,51631973,1,ᚳᚩᛗᛗᚪᚾᛞᛖᚱ,455
molecular,51576280,0,ᛗᚩᛚᛖᚳᚢᛚᚪᚱ,415
centuries,51319594,1,ᚳᛖᚾᛏᚢᚱᛁᛖᛋ,333
minnesota,51262621,0,ᛗᛁᚾᚾᛖᛋᚩᛏᚪ,443
altogether,50737030,1,ᚪᛚᛏᚩᚷᛖᚦᛖᚱ,403
succeeded,50633053,1,ᛋᚢᚳᚳᛖᛖᛞᛖᛞ,461
strategic,50489154,1,ᛋᛏᚱᚪᛏᛖᚷᛁᚳ,407
varieties,50194966,1,ᚢᚪᚱᛁᛖᛏᛁᛖᛋ,419
narrative,50078434,1,ᚾᚪᚱᚱᚪᛏᛁᚢᛖ,405
quarterly,49974775,1,ᚳᚹᚪᚱᛏᛖᚱᛚᚣ,453
furniture,49808404,1,ᚠᚢᚱᚾᛁᛏᚢᚱᛖ,216
residents,49545393,1,ᚱᛖᛋᛁᛞᛖᚾᛏᛋ,459
qualities,49461772,1,ᚳᚹᚪᛚᛁᛏᛁᛖᛋ,443
maintaining,49251631,1,ᛗᚪᛁᚾᛏᚪᛁᚾᛝ,523
voluntary,49154088,1,ᚢᚩᛚᚢᚾᛏᚪᚱᚣ,385
typically,49103502,1,ᛏᚣᛈᛁᚳᚪᛚᛚᚣ,595
consumers,48971109,1,ᚳᚩᚾᛋᚢᛗᛖᚱᛋ,307
precisely,48752762,1,ᛈᚱᛖᚳᛁᛋᛖᛚᚣ,461
wonderful,48337913,1,ᚹᚩᚾᛞᛖᚱᚠᚢᛚ,300
discretion,48317124,1,ᛞᛁᛋᚳᚱᛖᛏᛡᚾ,459
attitudes,48251929,1,ᚪᛏᛏᛁᛏᚢᛞᛖᛋ,517
limitation,47893500,1,ᛚᛁᛗᛁᛏᚪᛏᛡᚾ,557
producers,47547527,1,ᛈᚱᚩᛞᚢᚳᛖᚱᛋ,297
artificial,47509914,1,ᚪᚱᛏᛁᚠᛁᚳᛡᛚ,424
candidate,46782509,1,ᚳᚪᚾᛞᛁᛞᚪᛏᛖ,571
suggestion,46764595,1,ᛋᚢᚷᚷᛖᛋᛏᛡᚾ,405
excessive,46711794,1,ᛖᛉᚳᛖᛋᛋᛁᚢᛖ,401
prisoners,46472112,1,ᛈᚱᛁᛋᚩᚾᛖᚱᛋ,305
reasonably,46431260,1,ᚱᛠᛋᚩᚾᚪᛒᛚᚣ,543
allowance,46239055,1,ᚪᛚᛚᚩᚹᚪᚾᚳᛖ,475
expensive,45793246,1,ᛖᛉᛈᛖᚾᛋᛁᚢᛖ,407
phenomena,45693106,1,ᛈᚻᛖᚾᚩᛗᛖᚾᚪ,433
privilege,45622997,1,ᛈᚱᛁᚢᛁᛚᛖᚷᛖ,343
exceptions,45577413,1,ᛖᛉᚳᛖᛈᛏᛡᚾᛋ,485
baltimore,45478221,0,ᛒᚪᛚᛏᛁᛗᚩᚱᛖ,477
preserved,45370711,1,ᛈᚱᛖᛋᛖᚱᚢᛖᛞ,411
abandoned,45363098,1,ᚪᛒᚪᚾᛞᚩᚾᛖᛞ,565
operators,45301608,1,ᚩᛈᛖᚱᚪᛏᚩᚱᛋ,355
inventory,44960858,1,ᛁᚾᚢᛖᚾᛏᚩᚱᚣ,339
aggregate,44861605,1,ᚪᚷᚷᚱᛖᚷᚪᛏᛖ,449
happiness,44752950,1,ᚻᚪᛈᛈᛁᚾᛖᛋᛋ,439
mortality,44707482,1,ᛗᚩᚱᛏᚪᛚᛁᛏᚣ,511
magnitude,44421944,1,ᛗᚪᚷᚾᛁᛏᚢᛞᛖ,463
regularly,44300102,1,ᚱᛖᚷᚢᛚᚪᚱᛚᚣ,455
suspended,44200599,1,ᛋᚢᛋᛈᛖᚾᛞᛖᛞ,493
remainder,44114417,1,ᚱᛖᛗᚪᛁᚾᛞᛖᚱ,473
irrigation,44109564,1,ᛁᚱᚱᛁᚷᚪᛏᛡᚾ,393
hypothesis,43920549,1,ᚻᚣᛈᚩᚦᛖᛋᛁᛋ,385
intervals,43918478,1,ᛁᚾᛏᛖᚱᚢᚪᛚᛋ,423
favorable,43907844,1,ᚠᚪᚢᚩᚱᚪᛒᛚᛖ,418
nineteenth,43574460,1,ᚾᛁᚾᛖᛏᛖᛖᚾᚦ,383
guarantee,43362118,1,ᚷᚢᚪᚱᚪᚾᛏᛖᛖ,447
installed,43198480,1,ᛁᚾᛋᛏᚪᛚᛚᛖᛞ,571
reputation,43148004,1,ᚱᛖᛈᚢᛏᚪᛏᛡᚾ,475
christmas,43075361,1,ᚳᚻᚱᛁᛋᛏᛗᚪᛋ,411
convinced,42998722,1,ᚳᚩᚾᚢᛁᚾᚳᛖᛞ,281
federation,42926553,1,ᚠᛖᛞᛖᚱᚪᛏᛡᚾ,528
petitioner,42880974,1,ᛈᛖᛏᛁᛏᛡᚾᛖᚱ,473
recovered,42725193,1,ᚱᛖᚳᚩᚢᛖᚱᛖᛞ,335
reflection,42690131,1,ᚱᛖᚠᛚᛖᚳᛏᛡᚾ,428
competent,42490206,1,ᚳᚩᛗᛈᛖᛏᛖᚾᛏ,415
recommend,42428437,1,ᚱᛖᚳᚩᛗᛗᛖᚾᛞ,425
possessed,42336086,1,ᛈᚩᛋᛋᛖᛋᛋᛖᛞ,485
geological,42264432,0,ᚷᛇᛚᚩᚷᛁᚳᚪᛚ,369
controlling,41872225,1,ᚳᚩᚾᛏᚱᚩᛚᛚᛝ,351
justified,41793158,1,ᛂᚢᛋᛏᛁᚠᛁᛖᛞ,372
physicians,41715489,1,ᛈᚻᚣᛋᛁᚳᛡᚾᛋ,455
tennessee,41643764,0,ᛏᛖᚾᚾᛖᛋᛋᛖᛖ,491
cleveland,41620320,0,ᚳᛚᛖᚢᛖᛚᚪᚾᛞ,511
perception,41433838,1,ᛈᛖᚱᚳᛖᛈᛏᛡᚾ,439
conception,41420033,1,ᚳᚩᚾᚳᛖᛈᛏᛡᚾ,367
surprised,41319316,1,ᛋᚢᚱᛈᚱᛁᛋᛖᛞ,361
childhood,41312740,1,ᚳᚻᛁᛚᛞᚻᚩᚩᛞ,355
disorders,41297559,1,ᛞᛁᛋᚩᚱᛞᛖᚱᛋ,411
provinces,41231380,1,ᛈᚱᚩᚢᛁᚾᚳᛖᛋ,257
virtually,41135439,1,ᚢᛁᚱᛏᚢᚪᛚᛚᚣ,453
provincial,41034145,1,ᛈᚱᚩᚢᛁᚾᚳᛡᛚ,317
colleagues,40976343,1,ᚳᚩᛚᛚᛠᚷᚢᛖᛋ,415
associates,40667108,1,ᚪᛋᛋᚩᚳᛡᛏᛖᛋ,509
certified,40594393,1,ᚳᛖᚱᛏᛁᚠᛁᛖᛞ,370
perceived,40564744,1,ᛈᛖᚱᚳᛖᛁᚢᛖᛞ,391
introduce,40545751,1,ᛁᚾᛏᚱᚩᛞᚢᚳᛖ,309
awareness,40213111,1,ᚪᚹᚪᚱᛖᚾᛖᛋᛋ,493
inspector,40016955,1,ᛁᚾᛋᛈᛖᚳᛏᚩᚱ,313
evidently,39999328,1,ᛖᚢᛁᛞᛖᚾᛏᛚᚣ,521
diversity,39965809,1,ᛞᛁᚢᛖᚱᛋᛁᛏᚣ,447
converted,39836726,1,ᚳᚩᚾᚢᛖᚱᛏᛖᛞ,345
landscape,39701436,1,ᛚᚪᚾᛞᛋᚳᚪᛈᛖ,561
deposited,39610748,1,ᛞᛖᛈᚩᛋᛁᛏᛖᛞ,505
exhibition,39594256,1,ᛖᛉᚻᛁᛒᛁᛏᛡᚾ,455
commodity,39402236,1,ᚳᚩᛗᛗᚩᛞᛁᛏᚣ,451
scattered,39103758,1,ᛋᚳᚪᛏᛏᛖᚱᛖᛞ,515
forgotten,39089319,1,ᚠᚩᚱᚷᚩᛏᛏᛖᚾ,258
ordinance,39050545,1,ᚩᚱᛞᛁᚾᚪᚾᚳᛖ,373
operative,39021028,1,ᚩᛈᛖᚱᚪᛏᛁᚢᛖ,385
discourse,39018690,1,ᛞᛁᛋᚳᚩᚢᚱᛋᛖ,327
navigation,38942699,1,ᚾᚪᚢᛁᚷᚪᛏᛡᚾ,469
sacrifice,38882687,1,ᛋᚪᚳᚱᛁᚠᛁᚳᛖ,318
everybody,38877742,1,ᛖᚢᛖᚱᚣᛒᚩᛞᚣ,511
proceeded,38706343,1,ᛈᚱᚩᚳᛖᛖᛞᛖᛞ,453
suspension,38613199,1,ᛋᚢᛋᛈᛖᚾᛋᛡᚾ,437
construct,38594043,1,ᚳᚩᚾᛋᛏᚱᚢᚳᛏ,247
frederick,38591401,0,ᚠᚱᛖᛞᛖᚱᛁᚳᚳ,304
dismissed,38526732,1,ᛞᛁᛋᛗᛁᛋᛋᛖᛞ,537
yesterday,38423423,1,ᚣᛖᛋᛏᛖᚱᛞᚪᚣ,649
chemicals,38352150,0,ᚳᚻᛖᛗᛁᚳᚪᛚᛋ,441
shoulders,38223233,1,ᛋᚻᚩᚢᛚᛞᛖᚱᛋ,379
christians,38125327,1,ᚳᚻᚱᛁᛋᛏᛡᚾᛋ,379
challenges,38114418,1,ᚳᚻᚪᛚᛚᛖᛝᛖᛋ,545
commenced,38005870,1,ᚳᚩᛗᛗᛖᚾᚳᛖᛞ,427
somewhere,37933741,1,ᛋᚩᛗᛖᚹᚻᛖᚱᛖ,385
cognitive,37774347,1,ᚳᚩᚷᚾᛁᛏᛁᚢᛖ,257
consisted,37568012,1,ᚳᚩᚾᛋᛁᛋᛏᛖᛞ,401
prevented,37301287,1,ᛈᚱᛖᚢᛖᚾᛏᛖᛞ,435
dividends,37254114,1,ᛞᛁᚢᛁᛞᛖᚾᛞᛋ,481
molecules,37186405,0,ᛗᚩᛚᛖᚳᚢᛚᛖᛋ,427
appreciate,36701280,1,ᚪᛈᛈᚱᛖᚳᛡᛏᛖ,507
passengers,36647351,1,ᛈᚪᛋᛋᛖᛝᛖᚱᛋ,523
publisher,36592445,1,ᛈᚢᛒᛚᛁᛋᚻᛖᚱ,365
pressures,36587944,1,ᛈᚱᛖᛋᛋᚢᚱᛖᛋ,361
indication,36573363,1,ᛁᚾᛞᛁᚳᚪᛏᛡᚾ,485
vocational,36421287,0,ᚢᚩᚳᚪᛏᛡᚾᚪᛚ,485
assurance,36415677,1,ᚪᛋᛋᚢᚱᚪᚾᚳᛖ,423
interface,36352614,1,ᛁᚾᛏᛖᚱᚠᚪᚳᛖ,376
presently,36088839,1,ᛈᚱᛖᛋᛖᚾᛏᛚᚣ,505
scheduled,36077103,1,ᛋᚳᚻᛖᛞᚢᛚᛖᛞ,477
eliminate,35959834,1,ᛖᛚᛁᛗᛁᚾᚪᛏᛖ,525
fisheries,35918884,1,ᚠᛁᛋᚻᛖᚱᛁᛖᛋ,338
initiative,35714520,1,ᛁᚾᛁᛏᛡᛏᛁᚢᛖ,417
exercises,35691700,1,ᛖᛉᛖᚱᚳᛁᛋᛖᛋ,409
departure,35646322,1,ᛞᛖᛈᚪᚱᛏᚢᚱᛖ,447
subjected,35541386,1,ᛋᚢᛒᛂᛖᚳᛏᛖᛞ,449
correction,35499710,1,ᚳᚩᚱᚱᛖᚳᛏᛡᚾ,317
accidents,35266891,1,ᚪᚳᚳᛁᛞᛖᚾᛏᛋ,451
aforesaid,35264570,1,ᚪᚠᚩᚱᛖᛋᚪᛁᛞ,454
addresses,35237562,1,ᚪᛞᛞᚱᛖᛋᛋᛖᛋ,579
simulation,35153689,1,ᛋᛁᛗᚢᛚᚪᛏᛡᚾ,523
programming,35120311,1,ᛈᚱᚩᚷᚱᚪᛗᛗᛝ,407
railroads,35101238,1,ᚱᚪᛁᛚᚱᚩᚪᛞᛋ,469
mechanics,35069185,1,ᛗᛖᚳᚻᚪᚾᛁᚳᛋ,397
distinguish,35063964,1,ᛞᛁᛋᛏᛝᚢᛁᛋᚻ,421
succession,35022942,1,ᛋᚢᚳᚳᛖᛋᛋᛡᚾ,391
parameter,34910740,0,ᛈᚪᚱᚪᛗᛖᛏᛖᚱ,523
compelled,34784789,1,ᚳᚩᛗᛈᛖᛚᛚᛖᛞ,503
limestone,34736520,1,ᛚᛁᛗᛖᛋᛏᚩᚾᛖ,457
implement,34649484,1,ᛁᛗᛈᛚᛖᛗᛖᚾᛏ,511
exercised,34634350,1,ᛖᛉᛖᚱᚳᛁᛋᛖᛞ,445
classroom,34632114,1,ᚳᛚᚪᛋᛋᚱᚩᚩᛗ,385
numerical,34603184,1,ᚾᚢᛗᛖᚱᛁᚳᚪᛚ,395
merchants,34552576,1,ᛗᛖᚱᚳᚻᚪᚾᛏᛋ,423
utilities,34504559,1,ᚢᛏᛁᛚᛁᛏᛁᛖᛋ,407
incidence,34434024,1,ᛁᚾᚳᛁᛞᛖᚾᚳᛖ,369
allocation,34390765,1,ᚪᛚᛚᚩᚳᚪᛏᛡᚾ,555
displayed,34384203,1,ᛞᛁᛋᛈᛚᚪᚣᛖᛞ,645
empirical,34236549,1,ᛖᛗᛈᛁᚱᛁᚳᚪᛚ,437
jerusalem,34210584,0,ᛂᛖᚱᚢᛋᚪᛚᛖᛗ,479
occasional,34181393,1,ᚩᚳᚳᚪᛋᛡᚾᚪᛚ,489
irregular,34078785,1,ᛁᚱᚱᛖᚷᚢᛚᚪᚱ,321
primitive,34051370,1,ᛈᚱᛁᛗᛁᛏᛁᚢᛖ,347
reservoir,34023875,1,ᚱᛖᛋᛖᚱᚢᚩᛁᚱ,261
pregnancy,33937419,1,ᛈᚱᛖᚷᚾᚪᚾᚳᚣ,409
expedition,33683938,1,ᛖᛉᛈᛖᛞᛁᛏᛡᚾ,539
computers,33595515,1,ᚳᚩᛗᛈᚢᛏᛖᚱᛋ,327
sentences,33544669,1,ᛋᛖᚾᛏᛖᚾᚳᛖᛋ,437
testified,33201541,1,ᛏᛖᛋᛏᛁᚠᛁᛖᛞ,458
testament,33193178,1,ᛏᛖᛋᛏᚪᛗᛖᚾᛏ,561
apartment,33182328,1,ᚪᛈᚪᚱᛏᛗᛖᚾᛏ,533
fragments,33023834,1,ᚠᚱᚪᚷᛗᛖᚾᛏᛋ,406
beneficial,32799693,1,ᛒᛖᚾᛖᚠᛁᚳᛡᛚ,450
edinburgh,32653450,0,ᛖᛞᛁᚾᛒᚢᚱᚷᚻ,331
dissolved,32638524,1,ᛞᛁᛋᛋᚩᛚᚢᛖᛞ,465
creditors,32547359,1,ᚳᚱᛖᛞᛁᛏᚩᚱᛋ,341
satellite,32527336,1,ᛋᚪᛏᛖᛚᛚᛁᛏᛖ,579
continent,32513276,1,ᚳᚩᚾᛏᛁᚾᛖᚾᛏ,323
widespread,32358543,1,ᚹᛁᛞᛖᛋᛈᚱᛠᛞ,511
integrity,32272516,1,ᛁᚾᛏᛖᚷᚱᛁᛏᚣ,407
catalogue,32254460,1,ᚳᚪᛏᚪᛚᚩᚷᚢᛖ,433
assembled,32228140,1,ᚪᛋᛋᛖᛗᛒᛚᛖᛞ,631
traditions,32204460,1,ᛏᚱᚪᛞᛁᛏᛡᚾᛋ,535
dedicated,32105025,1,ᛞᛖᛞᛁᚳᚪᛏᛖᛞ,601
correctly,31880542,1,ᚳᚩᚱᚱᛖᚳᛏᛚᚣ,357
exhibited,31727943,1,ᛖᛉᚻᛁᛒᛁᛏᛖᛞ,475
organisms,31718077,0,ᚩᚱᚷᚪᚾᛁᛋᛗᛋ,369
purchaser,31716117,1,ᛈᚢᚱᚳᚻᚪᛋᛖᚱ,321
factories,31342012,1,ᚠᚪᚳᛏᚩᚱᛁᛖᛋ,340
wholesale,31336663,1,ᚹᚻᚩᛚᛖᛋᚪᛚᛖ,479
directory,31322835,1,ᛞᛁᚱᛖᚳᛏᚩᚱᚣ,391
projected,31243472,1,ᛈᚱᚩᛂᛖᚳᛏᛖᛞ,393
sovereign,31227159,1,ᛋᚩᚢᛖᚱᛖᛁᚷᚾ,285
livestock,31146812,1,ᛚᛁᚢᛖᛋᛏᚩᚳᚳ,319
jefferson,31131873,0,ᛂᛖᚠᚠᛖᚱᛋᚩᚾ,275
daughters,31064607,1,ᛞᚪᚢᚷᚻᛏᛖᚱᛋ,419
contracting,31053650,1,ᚳᚩᚾᛏᚱᚪᚳᛏᛝ,367
prejudice,30938062,1,ᛈᚱᛖᛂᚢᛞᛁᚳᛖ,361
withdrawal,30882688,1,ᚹᛁᚦᛞᚱᚪᚹᚪᛚ,441
innovation,30865277,1,ᛁᚾᚾᚩᚢᚪᛏᛡᚾ,391
prospects,30814254,1,ᛈᚱᚩᛋᛈᛖᚳᛏᛋ,349
arbitrary,30723296,1,ᚪᚱᛒᛁᛏᚱᚪᚱᚣ,481
objections,30556776,1,ᚩᛒᛂᛖᚳᛏᛡᚾᛋ,433
vegetable,30530578,1,ᚢᛖᚷᛖᛏᚪᛒᛚᛖ,511
undertaking,30512325,1,ᚢᚾᛞᛖᚱᛏᚪᚳᛝ,447
collector,30466909,1,ᚳᚩᛚᛚᛖᚳᛏᚩᚱ,323
shipments,30442684,1,ᛋᚻᛁᛈᛗᛖᚾᛏᛋ,429
litigation,30325406,1,ᛚᛁᛏᛁᚷᚪᛏᛡᚾ,503
potassium,30293872,1,ᛈᚩᛏᚪᛋᛋᛁᚢᛗ,417
uncertain,30173867,1,ᚢᚾᚳᛖᚱᛏᚪᛁᚾ,339
approaching,30170412,1,ᚪᛈᛈᚱᚩᚪᚳᚻᛝ,413
telegraph,30071707,1,ᛏᛖᛚᛖᚷᚱᚪᛈᚻ,457
predicted,29932573,1,ᛈᚱᛖᛞᛁᚳᛏᛖᛞ,469
conflicts,29873778,1,ᚳᚩᚾᚠᛚᛁᚳᛏᛋ,280
evaluated,29866496,1,ᛖᚢᚪᛚᚢᚪᛏᛖᛞ,555
delegates,29819366,1,ᛞᛖᛚᛖᚷᚪᛏᛖᛋ,589
accounted,29793056,1,ᚪᚳᚳᚩᚢᚾᛏᛖᛞ,377
deposition,29778488,1,ᛞᛖᛈᚩᛋᛁᛏᛡᚾ,485
transfers,29722167,1,ᛏᚱᚪᚾᛋᚠᛖᚱᛋ,382
considers,29564960,1,ᚳᚩᚾᛋᛁᛞᛖᚱᛋ,353
intensive,29537036,1,ᛁᚾᛏᛖᚾᛋᛁᚢᛖ,369
honorable,29457650,1,ᚻᚩᚾᚩᚱᚪᛒᛚᛖ,375
engagement,29409193,1,ᛖᛝᚪᚷᛖᛗᛖᚾᛏ,553
vegetation,29391475,1,ᚢᛖᚷᛖᛏᚪᛏᛡᚾ,505
purchases,29349850,1,ᛈᚢᚱᚳᚻᚪᛋᛖᛋ,363
eighteenth,29245910,1,ᛖᛁᚷᚻᛏᛖᛖᚾᚦ,365
judgments,29217339,1,ᛂᚢᛞᚷᛗᛖᚾᛏᛋ,425
estimation,29094159,1,ᛖᛋᛏᛁᛗᚪᛏᛡᚾ,573
investors,29051831,1,ᛁᚾᚢᛖᛋᛏᚩᚱᛋ,313
regulated,29034092,1,ᚱᛖᚷᚢᛚᚪᛏᛖᛞ,483
abundance,28928927,1,ᚪᛒᚢᚾᛞᚪᚾᚳᛖ,485
combustion,28828241,1,ᚳᚩᛗᛒᚢᛋᛏᛡᚾ,403
penalties,28817552,1,ᛈᛖᚾᚪᛚᛏᛁᛖᛋ,519
neglected,28790823,1,ᚾᛖᚷᛚᛖᚳᛏᛖᛞ,481
signature,28567242,1,ᛋᛁᚷᚾᚪᛏᚢᚱᛖ,367
undertake,28204341,1,ᚢᚾᛞᛖᚱᛏᚪᚳᛖ,435
sponsored,28147967,1,ᛋᛈᚩᚾᛋᚩᚱᛖᛞ,359
ignorance,28116143,1,ᛁᚷᚾᚩᚱᚪᚾᚳᛖ,301
suspected,28004492,1,ᛋᚢᛋᛈᛖᚳᛏᛖᛞ,447
princeton,28001757,1,ᛈᚱᛁᚾᚳᛖᛏᚩᚾ,289
missionary,27952294,1,ᛗᛁᛋᛋᛡᚾᚪᚱᚣ,555
identifying,27853919,1,ᛁᛞᛖᚾᛏᛁᚠᚣᛝ,490
corrected,27791609,1,ᚳᚩᚱᚱᛖᚳᛏᛖᛞ,337
wednesday,27756508,1,ᚹᛖᛞᚾᛖᛋᛞᚪᚣ,613
container,27715002,1,ᚳᚩᚾᛏᚪᛁᚾᛖᚱ,343
interfere,27678566,1,ᛁᚾᛏᛖᚱᚠᛖᚱᛖ,344
symposium,27669578,1,ᛋᚣᛗᛈᚩᛋᛁᚢᛗ,435
diagnostic,27623064,0,ᛞᛡᚷᚾᚩᛋᛏᛁᚳ,405
submission,27497306,1,ᛋᚢᛒᛗᛁᛋᛋᛡᚾ,461
distances,27465217,1,ᛞᛁᛋᛏᚪᚾᚳᛖᛋ,491
responded,27386620,1,ᚱᛖᛋᛈᚩᚾᛞᛖᛞ,455
attracted,27123481,1,ᚪᛏᛏᚱᚪᚳᛏᛖᛞ,551
surrender,27093909,1,ᛋᚢᚱᚱᛖᚾᛞᛖᚱ,341
phosphate,27018686,1,ᛈᚻᚩᛋᛈᚻᚪᛏᛖ,415
encouraging,27000318,1,ᛖᚾᚳᚩᚢᚱᚪᚷᛝ,323
artillery,26910446,1,ᚪᚱᛏᛁᛚᛚᛖᚱᚣ,525
placement,26907552,1,ᛈᛚᚪᚳᛖᛗᛖᚾᛏ,519
inclusive,26878226,1,ᛁᚾᚳᛚᚢᛋᛁᚢᛖ,303
composite,26871406,1,ᚳᚩᛗᛈᚩᛋᛁᛏᛖ,351
calculate,26755877,1,ᚳᚪᛚᚳᚢᛚᚪᛏᛖ,495
selective,26726631,1,ᛋᛖᛚᛖᚳᛏᛁᚢᛖ,433
conceived,26711568,1,ᚳᚩᚾᚳᛖᛁᚢᛖᛞ,319
relatives,26694451,1,ᚱᛖᛚᚪᛏᛁᚢᛖᛋ,461
dictionary,26639558,1,ᛞᛁᚳᛏᛡᚾᚪᚱᚣ,539
behavioral,26632057,1,ᛒᛖᚻᚪᚢᛡᚱᚪᛚ,539
geographic,26553799,0,ᚷᛇᚷᚱᚪᛈᚻᛁᚳ,293
extraction,26553256,1,ᛖᛉᛏᚱᚪᚳᛏᛡᚾ,489
subsidiary,26495329,1,ᛋᚢᛒᛋᛁᛞᛡᚱᚣ,511
equitable,26447997,1,ᛖᚳᚹᛁᛏᚪᛒᛚᛖ,487
treatments,26440113,1,ᛏᚱᛠᛏᛗᛖᚾᛏᛋ,517
elaborate,26405506,1,ᛖᛚᚪᛒᚩᚱᚪᛏᛖ,539
hazardous,26402316,1,ᚻᚪᛋᚪᚱᛞᚩᚢᛋ,433
pulmonary,26375662,1,ᛈᚢᛚᛗᚩᚾᚪᚱᚣ,437
attorneys,26273546,1,ᚪᛏᛏᚩᚱᚾᛖᚣᛋ,485
alternate,26225646,1,ᚪᛚᛏᛖᚱᚾᚪᛏᛖ,559
contention,26212446,1,ᚳᚩᚾᛏᛖᚾᛏᛡᚾ,399
resistant,26139240,1,ᚱᛖᛋᛁᛋᛏᚪᚾᛏ,459
expressly,26093660,1,ᛖᛉᛈᚱᛖᛋᛋᛚᚣ,517
doubtless,25975452,1,ᛞᚩᚢᛒᛏᛚᛖᛋᛋ,465
theological,25922680,0,ᚦᛇᛚᚩᚷᛁᚳᚪᛚ,357
economies,25878384,1,ᛖᚳᚩᚾᚩᛗᛁᛖᛋ,345
encounter,25869394,1,ᛖᚾᚳᚩᚢᚾᛏᛖᚱ,285
impressed,25806141,1,ᛁᛗᛈᚱᛖᛋᛋᛖᛞ,485
literally,25789448,1,ᛚᛁᛏᛖᚱᚪᛚᛚᚣ,587
activation,25686462,1,ᚪᚳᛏᛁᚢᚪᛏᛡᚾ,495
electrons,25658349,1,ᛖᛚᛖᚳᛏᚱᚩᚾᛋ,379
dominated,25550695,1,ᛞᚩᛗᛁᚾᚪᛏᛖᛞ,539
repeatedly,25479384,1,ᚱᛖᛈᛠᛏᛖᛞᛚᚣ,621
delegation,25391514,1,ᛞᛖᛚᛖᚷᚪᛏᛡᚾ,605
architect,25388296,1,ᚪᚱᚳᚻᛁᛏᛖᚳᛏ,373
convicted,25255497,1,ᚳᚩᚾᚢᛁᚳᛏᛖᛞ,311
ascertain,25210767,1,ᚪᛋᚳᛖᚱᛏᚪᛁᚾ,457
hydraulic,25165501,1,ᚻᚣᛞᚱᚪᚢᛚᛁᚳ,443
alteration,25010928,1,ᚪᛚᛏᛖᚱᚪᛏᛡᚾ,599
successor,25001331,1,ᛋᚢᚳᚳᛖᛋᛋᚩᚱ,273
disturbed,24888513,1,ᛞᛁᛋᛏᚢᚱᛒᛖᛞ,463
invitation,24840093,1,ᛁᚾᚢᛁᛏᚪᛏᛡᚾ,445
certainty,24784144,1,ᚳᛖᚱᛏᚪᛁᚾᛏᚣ,469
enactment,24706567,1,ᛖᚾᚪᚳᛏᛗᛖᚾᛏ,491
specialist,24551637,1,ᛋᛈᛖᚳᛡᛚᛁᛋᛏ,499
commanded,24430439,1,ᚳᚩᛗᛗᚪᚾᛞᛖᛞ,533
construed,24253889,1,ᚳᚩᚾᛋᛏᚱᚢᛖᛞ,331
exhausted,24240485,1,ᛖᛉᚻᚪᚢᛋᛏᛖᛞ,505
broadcast,24205744,1,ᛒᚱᚩᚪᛞᚳᚪᛋᛏ,487
adaptation,24191825,1,ᚪᛞᚪᛈᛏᚪᛏᛡᚾ,677
roosevelt,24127805,1,ᚱᚩᚩᛋᛖᚢᛖᛚᛏ,347
sentiment,24040622,1,ᛋᛖᚾᛏᛁᛗᛖᚾᛏ,465
introducing,23912346,1,ᛁᚾᛏᚱᚩᛞᚢᚳᛝ,321
tolerance,23877016,1,ᛏᚩᛚᛖᚱᚪᚾᚳᛖ,423
volunteer,23809500,1,ᚢᚩᛚᚢᚾᛏᛖᛖᚱ,319
reprinted,23782860,1,ᚱᛖᛈᚱᛁᚾᛏᛖᛞ,407
processed,23773308,1,ᛈᚱᚩᚳᛖᛋᛋᛖᛞ,403
conferred,23729141,1,ᚳᚩᚾᚠᛖᚱᚱᛖᛞ,296
projection,23727837,1,ᛈᚱᚩᛂᛖᚳᛏᛡᚾ,373
corruption,23712582,1,ᚳᚩᚱᚱᚢᛈᛏᛡᚾ,283
condemned,23659903,1,ᚳᚩᚾᛞᛖᛗᚾᛖᛞ,461
prediction,23636563,1,ᛈᚱᛖᛞᛁᚳᛏᛡᚾ,449
whispered,23571835,1,ᚹᚻᛁᛋᛈᛖᚱᛖᛞ,403
revelation,23559752,1,ᚱᛖᚢᛖᛚᚪᛏᛡᚾ,513
motivation,23543989,1,ᛗᚩᛏᛁᚢᚪᛏᛡᚾ,463
schedules,23513965,1,ᛋᚳᚻᛖᛞᚢᛚᛖᛋ,441
regression,23452277,1,ᚱᛖᚷᚱᛖᛋᛋᛡᚾ,415
perfection,23228213,1,ᛈᛖᚱᚠᛖᚳᛏᛡᚾ,398
injunction,23097777,1,ᛁᚾᛂᚢᚾᚳᛏᛡᚾ,337
physiology,23031517,0,ᛈᚻᚣᛋᛡᛚᚩᚷᚣ,529
scripture,23017882,1,ᛋᚳᚱᛁᛈᛏᚢᚱᛖ,291
expiration,22951948,1,ᛖᛉᛈᛁᚱᚪᛏᛡᚾ,491
inability,22937171,1,ᛁᚾᚪᛒᛁᛚᛁᛏᚣ,515
inquiries,22913781,1,ᛁᚾᚳᚹᛁᚱᛁᛖᛋ,285
infections,22908057,1,ᛁᚾᚠᛖᚳᛏᛡᚾᛋ,390
generator,22787036,1,ᚷᛖᚾᛖᚱᚪᛏᚩᚱ,365
graduates,22787033,1,ᚷᚱᚪᛞᚢᚪᛏᛖᛋ,493
hampshire,22761989,0,ᚻᚪᛗᛈᛋᚻᛁᚱᛖ,419
indicator,22672631,1,ᛁᚾᛞᛁᚳᚪᛏᚩᚱ,367
expertise,22623617,1,ᛖᛉᛈᛖᚱᛏᛁᛋᛖ,445
neighbors,22528256,1,ᚾᛖᛁᚷᚻᛒᚩᚱᛋ,299
incentive,22501473,1,ᛁᚾᚳᛖᚾᛏᛁᚢᛖ,329
amplitude,22496388,1,ᚪᛗᛈᛚᛁᛏᚢᛞᛖ,533
maintains,22418345,1,ᛗᚪᛁᚾᛏᚪᛁᚾᛋ,497
defective,22356461,1,ᛞᛖᚠᛖᚳᛏᛁᚢᛖ,398
confident,22319461,1,ᚳᚩᚾᚠᛁᛞᛖᚾᛏ,326
fertility,22284291,1,ᚠᛖᚱᛏᛁᛚᛁᛏᚣ,436
followers,22184319,1,ᚠᚩᛚᛚᚩᚹᛖᚱᛋ,312
milwaukee,22169630,1,ᛗᛁᛚᚹᚪᚢᚳᛖᛖ,441
emphasize,22169537,1,ᛖᛗᛈᚻᚪᛋᛁᛋᛖ,505
abilities,22159394,1,ᚪᛒᛁᛚᛁᛏᛁᛖᛋ,503
unanimous,21984497,1,ᚢᚾᚪᚾᛁᛗᚩᚢᛋ,323
liverpool,21885025,0,ᛚᛁᚢᛖᚱᛈᚩᚩᛚ,315
consensus,21860801,1,ᚳᚩᚾᛋᛖᚾᛋᚢᛋ,307
questioned,21850197,1,ᚳᚹᛖᛋᛏᛡᚾᛖᛞ,503
substrate,21823170,1,ᛋᚢᛒᛋᛏᚱᚪᛏᛖ,463
magazines,21818393,1,ᛗᚪᚷᚪᛋᛁᚾᛖᛋ,515
allocated,21817600,1,ᚪᛚᛚᚩᚳᚪᛏᛖᛞ,575
appellate,21805951,1,ᚪᛈᛈᛖᛚᛚᚪᛏᛖ,619
publicity,21796473,1,ᛈᚢᛒᛚᛁᚳᛁᛏᚣ,417
sequences,21793931,1,ᛋᛖᚳᚹᛖᚾᚳᛖᛋ,381
recipient,21739125,1,ᚱᛖᚳᛁᛈᛁᛖᚾᛏ,351
redemption,21705803,1,ᚱᛖᛞᛖᛗᛈᛏᛡᚾ,543
priorities,21647335,1,ᛈᚱᛡᚱᛁᛏᛁᛖᛋ,413
sandstone,21646556,1,ᛋᚪᚾᛞᛋᛏᚩᚾᛖ,483
basically,21617119,1,ᛒᚪᛋᛁᚳᚪᛚᛚᚣ,601
discusses,21598475,1,ᛞᛁᛋᚳᚢᛋᛋᛖᛋ,415
interpret,21547284,1,ᛁᚾᛏᛖᚱᛈᚱᛖᛏ,377
customary,21492653,1,ᚳᚢᛋᛏᚩᛗᚪᚱᚣ,417
incidents,21478965,1,ᛁᚾᚳᛁᛞᛖᚾᛏᛋ,401
liberation,21403187,1,ᛚᛁᛒᛖᚱᚪᛏᛡᚾ,535
conductor,21353498,1,ᚳᚩᚾᛞᚢᚳᛏᚩᚱ,231
prevailed,21202657,1,ᛈᚱᛖᚢᚪᛁᛚᛖᛞ,481
accompany,21183845,1,ᚪᚳᚳᚩᛗᛈᚪᚾᚣ,473
reductions,21128802,1,ᚱᛖᛞᚢᚳᛏᛡᚾᛋ,431
springfield,21116670,1,ᛋᛈᚱᛝᚠᛁᛖᛚᛞ,448
warehouse,21101688,1,ᚹᚪᚱᛖᚻᚩᚢᛋᛖ,347
abdominal,21075871,1,ᚪᛒᛞᚩᛗᛁᚾᚪᛚ,555
intentions,21027554,1,ᛁᚾᛏᛖᚾᛏᛡᚾᛋ,463
graduated,20989793,1,ᚷᚱᚪᛞᚢᚪᛏᛖᛞ,529
peninsula,20929718,1,ᛈᛖᚾᛁᚾᛋᚢᛚᚪ,425
stationary,20887359,1,ᛋᛏᚪᛏᛡᚾᚪᚱᚣ,615
worldwide,20884956,1,ᚹᚩᚱᛚᛞᚹᛁᛞᛖ,405
attribute,20832566,1,ᚪᛏᛏᚱᛁᛒᚢᛏᛖ,447
mandatory,20789922,1,ᛗᚪᚾᛞᚪᛏᚩᚱᚣ,563
exceedingly,20640556,1,ᛖᛉᚳᛖᛖᛞᛝᛚᚣ,605
resonance,20620375,1,ᚱᛖᛋᚩᚾᚪᚾᚳᛖ,373
rochester,20606161,1,ᚱᚩᚳᚻᛖᛋᛏᛖᚱ,311
ingredients,20592029,1,ᛝᚱᛖᛞᛁᛖᚾᛏᛋ,485
stretched,20570535,1,ᛋᛏᚱᛖᛏᚳᚻᛖᛞ,441
extracted,20566872,1,ᛖᛉᛏᚱᚪᚳᛏᛖᛞ,509
emergence,20554719,1,ᛖᛗᛖᚱᚷᛖᚾᚳᛖ,409
instantly,20528720,1,ᛁᚾᛋᛏᚪᚾᛏᛚᚣ,533
relaxation,20505618,1,ᚱᛖᛚᚪᛉᚪᛏᛡᚾ,587
governors,20481802,1,ᚷᚩᚢᛖᚱᚾᚩᚱᛋ,205
historians,20449142,1,ᚻᛁᛋᛏᚩᚱᛡᚾᛋ,373
offensive,20404676,1,ᚩᚠᚠᛖᚾᛋᛁᚢᛖ,261
challenged,20364070,1,ᚳᚻᚪᛚᛚᛖᛝᛖᛞ,581
invariably,20199103,1,ᛁᚾᚢᚪᚱᛡᛒᛚᚣ,515
possesses,20172467,1,ᛈᚩᛋᛋᛖᛋᛋᛖᛋ,449
pertinent,20119932,1,ᛈᛖᚱᛏᛁᚾᛖᚾᛏ,395
carbonate,20111921,1,ᚳᚪᚱᛒᚩᚾᚪᛏᛖ,441
electrode,20078541,1,ᛖᛚᛖᚳᛏᚱᚩᛞᛖ,453
obedience,20061643,1,ᚩᛒᛖᛞᛁᛖᚾᚳᛖ,431
realization,20039736,0,ᚱᛠᛚᛁᛋᚪᛏᛡᚾ,569
affidavit,19955804,1,ᚪᚠᚠᛁᛞᚪᚢᛁᛏ,411
macmillan,19931329,0,ᛗᚪᚳᛗᛁᛚᛚᚪᚾ,555
charlotte,19915253,0,ᚳᚻᚪᚱᛚᚩᛏᛏᛖ,409
amsterdam,19880392,0,ᚪᛗᛋᛏᛖᚱᛞᚪᛗ,615
inference,19826080,1,ᛁᚾᚠᛖᚱᛖᚾᚳᛖ,316
gratitude,19818285,1,ᚷᚱᚪᛏᛁᛏᚢᛞᛖ,433
depressed,19769325,1,ᛞᛖᛈᚱᛖᛋᛋᛖᛞ,539
concludes,19753643,1,ᚳᚩᚾᚳᛚᚢᛞᛖᛋ,347
deductions,19708796,1,ᛞᛖᛞᚢᚳᛏᛡᚾᛋ,509
transform,19540687,1,ᛏᚱᚪᚾᛋᚠᚩᚱᛗ,340
whatsoever,19527219,1,ᚹᚻᚪᛏᛋᛟᚢᛖᚱ,415
desperate,19519334,1,ᛞᛖᛋᛈᛖᚱᚪᛏᛖ,553
franchise,19510661,1,ᚠᚱᚪᚾᚳᚻᛁᛋᛖ,326
seventeen,19315146,1,ᛋᛖᚢᛖᚾᛏᛖᛖᚾ,441
invisible,19290489,1,ᛁᚾᚢᛁᛋᛁᛒᛚᛖ,379
materially,19289670,1,ᛗᚪᛏᛖᚱᛡᛚᛚᚣ,661
exclaimed,19276679,1,ᛖᛉᚳᛚᚪᛁᛗᛖᛞ,555
enjoyment,19266004,1,ᛖᚾᛂᚩᚣᛗᛖᚾᛏ,469
complexes,19228095,1,ᚳᚩᛗᛈᛚᛖᛉᛖᛋ,441
restraint,19227333,1,ᚱᛖᛋᛏᚱᚪᛁᚾᛏ,417
adventure,19193516,1,ᚪᛞᚢᛖᚾᛏᚢᚱᛖ,425
inhibition,19164408,1,ᛁᚾᚻᛁᛒᛁᛏᛡᚾ,401
mysterious,19030173,1,ᛗᚣᛋᛏᛖᚱᛡᚢᛋ,527
observers,19001066,1,ᚩᛒᛋᛖᚱᚢᛖᚱᛋ,333
comprises,18997006,1,ᚳᚩᛗᛈᚱᛁᛋᛖᛋ,349
witnessed,18949250,1,ᚹᛁᛏᚾᛖᛋᛋᛖᛞ,467
exposition,18937506,1,ᛖᛉᛈᚩᛋᛁᛏᛡᚾ,443
sediments,18856837,1,ᛋᛖᛞᛁᛗᛖᚾᛏᛋ,519
fortunate,18846787,1,ᚠᚩᚱᛏᚢᚾᚪᛏᛖ,334
admiration,18839766,1,ᚪᛞᛗᛁᚱᚪᛏᛡᚾ,591
palestine,18828984,1,ᛈᚪᛚᛖᛋᛏᛁᚾᛖ,519
argentina,18821202,0,ᚪᚱᚷᛖᚾᛏᛁᚾᚪ,437
conditioning,18762532,1,ᚳᚩᚾᛞᛁᛏᛡᚾᛝ,443
afterward,18732426,1,ᚪᚠᛏᛖᚱᚹᚪᚱᛞ,452
negotiation,18715880,1,ᚾᛖᚷᚩᛏᛡᛏᛡᚾ,481
carpenter,18712906,1,ᚳᚪᚱᛈᛖᚾᛏᛖᚱ,397
mortgages,18655962,1,ᛗᚩᚱᛏᚷᚪᚷᛖᛋ,399
disciples,18631601,1,ᛞᛁᛋᚳᛁᛈᛚᛖᛋ,453
directive,18612362,1,ᛞᛁᚱᛖᚳᛏᛁᚢᛖ,371
analogous,18583030,1,ᚪᚾᚪᛚᚩᚷᚩᚢᛋ,383
hierarchy,18557111,1,ᚻᛁᛖᚱᚪᚱᚳᚻᚣ,379
constants,18396997,1,ᚳᚩᚾᛋᛏᚪᚾᛏᛋ,399
providers,18394864,1,ᛈᚱᚩᚢᛁᛞᛖᚱᛋ,315
ancestors,18369548,1,ᚪᚾᚳᛖᛋᛏᚩᚱᛋ,389
orchestra,18363124,1,ᚩᚱᚳᚻᛖᛋᛏᚱᚪ,341
confession,18307683,1,ᚳᚩᚾᚠᛖᛋᛋᛡᚾ,360
aggression,18305516,1,ᚪᚷᚷᚱᛖᛋᛋᛡᚾ,451
aristotle,18251685,1,ᚪᚱᛁᛋᛏᚩᛏᛚᛖ,457
disclosed,18241200,1,ᛞᛁᛋᚳᛚᚩᛋᛖᛞ,475
fulfilled,18163993,1,ᚠᚢᛚᚠᛁᛚᛚᛖᛞ,413
respected,18140015,1,ᚱᛖᛋᛈᛖᚳᛏᛖᛞ,469
obstacles,18135419,1,ᚩᛒᛋᛏᚪᚳᛚᛖᛋ,483
dismissal,18129146,1,ᛞᛁᛋᛗᛁᛋᛋᚪᛚ,551
abstracts,18124292,1,ᚪᛒᛋᛏᚱᚪᚳᛏᛋ,503
solicitor,18096764,1,ᛋᚩᛚᛁᚳᛁᛏᚩᚱ,285
transient,18050500,1,ᛏᚱᚪᚾᛋᛁᛖᚾᛏ,435
doctrines,18041994,1,ᛞᚩᚳᛏᚱᛁᚾᛖᛋ,359
forbidden,18004670,1,ᚠᚩᚱᛒᛁᛞᛞᛖᚾ,386
stimulate,17992348,1,ᛋᛏᛁᛗᚢᛚᚪᛏᛖ,513
requisite,17972267,1,ᚱᛖᚳᚹᛁᛋᛁᛏᛖ,351
registrar,17953862,1,ᚱᛖᚷᛁᛋᛏᚱᚪᚱ,357
attraction,17926907,1,ᚪᛏᛏᚱᚪᚳᛏᛡᚾ,531
electoral,17922525,1,ᛖᛚᛖᚳᛏᚩᚱᚪᛚ,467
activated,17913837,1,ᚪᚳᛏᛁᚢᚪᛏᛖᛞ,515
contended,17888951,1,ᚳᚩᚾᛏᛖᚾᛞᛖᛞ,449
willingness,17872859,1,ᚹᛁᛚᛚᛝᚾᛖᛋᛋ,477
histories,17872176,1,ᚻᛁᛋᛏᚩᚱᛁᛖᛋ,335
saturated,17732715,1,ᛋᚪᛏᚢᚱᚪᛏᛖᛞ,535
repetition,17720359,1,ᚱᛖᛈᛖᛏᛁᛏᛡᚾ,473
suppliers,17684215,1,ᛋᚢᛈᛈᛚᛁᛖᚱᛋ,377
appliances,17683172,1,ᚪᛈᛈᛚᛡᚾᚳᛖᛋ,525
relevance,17663748,1,ᚱᛖᛚᛖᚢᚪᚾᚳᛖ,427
privately,17650212,1,ᛈᚱᛁᚢᚪᛏᛖᛚᚣ,487
appraisal,17631379,1,ᚪᛈᛈᚱᚪᛁᛋᚪᛚ,545
officially,17555547,1,ᚩᚠᚠᛁᚳᛡᛚᛚᚣ,411
scientist,17550642,1,ᛋᚳᛁᛖᚾᛏᛁᛋᛏ,395
strengthening,17539572,1,ᛋᛏᚱᛖᛝᚦᛖᚾᛝ,449
comprised,17472771,1,ᚳᚩᛗᛈᚱᛁᛋᛖᛞ,385
robertson,17450921,0,ᚱᚩᛒᛖᚱᛏᛋᚩᚾ,305
opponents,17398383,1,ᚩᛈᛈᚩᚾᛖᚾᛏᛋ,337
advisable,17391083,1,ᚪᛞᚢᛁᛋᚪᛒᛚᛖ,571
conflicting,17318911,1,ᚳᚩᚾᚠᛚᛁᚳᛏᛝ,306
bilateral,17262738,1,ᛒᛁᛚᚪᛏᛖᚱᚪᛚ,569
magnesium,17260108,1,ᛗᚪᚷᚾᛖᛋᛁᚢᛗ,439
designate,17254519,1,ᛞᛖᛋᛁᚷᚾᚪᛏᛖ,509
uniformly,17208044,1,ᚢᚾᛁᚠᚩᚱᛗᛚᚣ,330
expresses,17179465,1,ᛖᛉᛈᚱᛖᛋᛋᛖᛋ,461
persuaded,17155946,1,ᛈᛖᚱᛋᚢᚪᛞᛖᛞ,519
recognizing,17153096,1,ᚱᛖᚳᚩᚷᚾᛁᛋᛝ,307
calculating,17148554,1,ᚳᚪᛚᚳᚢᛚᚪᛏᛝ,507
intrinsic,17126055,1,ᛁᚾᛏᚱᛁᚾᛋᛁᚳ,287
henderson,17096971,0,ᚻᛖᚾᛞᛖᚱᛋᚩᚾ,375
prescribe,17054772,1,ᛈᚱᛖᛋᚳᚱᛁᛒᛖ,357
injustice,17049090,1,ᛁᚾᛂᚢᛋᛏᛁᚳᛖ,323
advocates,17028247,1,ᚪᛞᚢᚩᚳᚪᛏᛖᛋ,485
cigarette,17022913,1,ᚳᛁᚷᚪᚱᛖᛏᛏᛖ,421
inherited,17012000,1,ᛁᚾᚻᛖᚱᛁᛏᛖᛞ,407
subsidies,16969778,1,ᛋᚢᛒᛋᛁᛞᛁᛖᛋ,441
infectious,16931977,1,ᛁᚾᚠᛖᚳᛏᛡᚢᛋ,364
campaigns,16908325,1,ᚳᚪᛗᛈᚪᛁᚷᚾᛋ,451
sculpture,16899041,1,ᛋᚳᚢᛚᛈᛏᚢᚱᛖ,325
companions,16862586,1,ᚳᚩᛗᛈᚪᚾᛡᚾᛋ,449
consulted,16859226,1,ᚳᚩᚾᛋᚢᛚᛏᛖᛞ,393
democrats,16832436,1,ᛞᛖᛗᚩᚳᚱᚪᛏᛋ,467
precedent,16757161,1,ᛈᚱᛖᚳᛖᛞᛖᚾᛏ,445
affiliated,16725056,1,ᚪᚠᚠᛁᛚᛡᛏᛖᛞ,527
delighted,16702746,1,ᛞᛖᛚᛁᚷᚻᛏᛖᛞ,515
nomination,16690868,1,ᚾᚩᛗᛁᚾᚪᛏᛡᚾ,459
multitude,16668260,1,ᛗᚢᛚᛏᛁᛏᚢᛞᛖ,455
dispersion,16551911,1,ᛞᛁᛋᛈᛖᚱᛋᛡᚾ,483
slightest,16522217,1,ᛋᛚᛁᚷᚻᛏᛖᛋᛏ,435
membranes,16472454,1,ᛗᛖᛗᛒᚱᚪᚾᛖᛋ,527
metabolic,16472008,1,ᛗᛖᛏᚪᛒᚩᛚᛁᚳ,479
algorithms,16448244,1,ᚪᛚᚷᚩᚱᛁᚦᛗᛋ,365
irradiation,16376257,1,ᛁᚱᚱᚪᛞᛡᛏᛡᚾ,541
fourteenth,16368205,1,ᚠᚩᚢᚱᛏᛖᛖᚾᚦ,250
alcoholic,16350694,1,ᚪᛚᚳᚩᚻᚩᛚᛁᚳ,337
batteries,16330607,1,ᛒᚪᛏᛏᛖᚱᛁᛖᛋ,505
sincerely,16311197,1,ᛋᛁᚾᚳᛖᚱᛖᛚᚣ,447
plantation,16232917,1,ᛈᛚᚪᚾᛏᚪᛏᛡᚾ,593
favourite,16161259,1,ᚠᚪᚢᚩᚢᚱᛁᛏᛖ,280
negotiated,16145948,1,ᚾᛖᚷᚩᛏᛡᛏᛖᛞ,501
arithmetic,16127293,1,ᚪᚱᛁᚦᛗᛖᛏᛁᚳ,385
quotations,16126243,1,ᚳᚹᚩᛏᚪᛏᛡᚾᛋ,443
terminals,16119760,1,ᛏᛖᚱᛗᛁᚾᚪᛚᛋ,491
unlimited,16071991,1,ᚢᚾᛚᛁᛗᛁᛏᛖᛞ,453
intellect,16052867,1,ᛁᚾᛏᛖᛚᛚᛖᚳᛏ,471
offenders,16026713,1,ᚩᚠᚠᛖᚾᛞᛖᚱᛋ,327
psychiatry,16025623,1,ᛈᛋᚣᚳᚻᛡᛏᚱᚣ,515
receptors,16001310,1,ᚱᛖᚳᛖᛈᛏᚩᚱᛋ,331
taxpayers,15988329,1,ᛏᚪᛉᛈᚪᚣᛖᚱᛋ,577
displaced,15978075,1,ᛞᛁᛋᛈᛚᚪᚳᛖᛞ,555
miserable,15918013,1,ᛗᛁᛋᛖᚱᚪᛒᛚᛖ,531
perpetual,15904613,1,ᛈᛖᚱᛈᛖᛏᚢᚪᛚ,463
incapable,15834419,1,ᛁᚾᚳᚪᛈᚪᛒᛚᛖ,511
imperfect,15800503,1,ᛁᛗᛈᛖᚱᚠᛖᚳᛏ,364
proximity,15785390,1,ᛈᚱᚩᛉᛁᛗᛁᛏᚣ,403
carcinoma,15760660,1,ᚳᚪᚱᚳᛁᚾᚩᛗᚪ,369
unusually,15743963,1,ᚢᚾᚢᛋᚢᚪᛚᛚᚣ,437
motivated,15735747,0,ᛗᚩᛏᛁᚢᚪᛏᛖᛞ,483
churchill,15666069,0,ᚳᚻᚢᚱᚳᚻᛁᛚᛚ,263
defensive,15657870,0,ᛞᛖᚠᛖᚾᛋᛁᚢᛖ,408
melbourne,15649226,0,ᛗᛖᛚᛒᚩᚢᚱᚾᛖ,389
workshops,15619991,0,ᚹᚩᚱᚳᛋᚻᚩᛈᛋ,229
abolished,15567544,0,ᚪᛒᚩᛚᛁᛋᚻᛖᛞ,501
formations,15533527,0,ᚠᚩᚱᛗᚪᛏᛡᚾᛋ,436
deficient,15532894,0,ᛞᛖᚠᛁᚳᛁᛖᚾᛏ,388
insulation,15517302,0,ᛁᚾᛋᚢᛚᚪᛏᛡᚾ,481
lancaster,15492251,0,ᛚᚪᚾᚳᚪᛋᛏᛖᚱ,499
duplicate,15455250,0,ᛞᚢᛈᛚᛁᚳᚪᛏᛖ,475
incorrect,15440474,0,ᛁᚾᚳᚩᚱᚱᛖᚳᛏ,241
terminate,15413048,0,ᛏᛖᚱᛗᛁᚾᚪᛏᛖ,491
excitation,15386859,0,ᛖᛉᚳᛁᛏᚪᛏᛡᚾ,509
chocolate,15364825,0,ᚳᚻᚩᚳᚩᛚᚪᛏᛖ,359
brunswick,15360329,0,ᛒᚱᚢᚾᛋᚹᛁᚳᚳ,233
admirable,15282896,0,ᚪᛞᛗᛁᚱᚪᛒᛚᛖ,597
extensions,15272743,0,ᛖᛉᛏᛖᚾᛋᛡᚾᛋ,511
practiced,15263331,0,ᛈᚱᚪᚳᛏᛁᚳᛖᛞ,423
prevalent,15234948,0,ᛈᚱᛖᚢᚪᛚᛖᚾᛏ,449
descended,15222974,0,ᛞᛖᛋᚳᛖᚾᛞᛖᛞ,563
terrorism,15210868,0,ᛏᛖᚱᚱᚩᚱᛁᛋᛗ,321
decorated,15201103,0,ᛞᛖᚳᚩᚱᚪᛏᛖᛞ,499
portraits,15192670,0,ᛈᚩᚱᛏᚱᚪᛁᛏᛋ,371
vancouver,15184997,0,ᚢᚪᚾᚳᚩᚢᚢᛖᚱ,233
ammunition,15166769,0,ᚪᛗᛗᚢᚾᛁᛏᛡᚾ,497
manhattan,15139186,0,ᛗᚪᚾᚻᚪᛏᛏᚪᚾ,561
admiralty,15066817,0,ᚪᛞᛗᛁᚱᚪᛚᛏᚣ,631
hollywood,15049750,0,ᚻᚩᛚᛚᚣᚹᚩᚩᛞ,401
educators,15020573,0,ᛖᛞᚢᚳᚪᛏᚩᚱᛋ,399
automated,15002825,0,ᚪᚢᛏᚩᛗᚪᛏᛖᛞ,549
forwarded,14929764,0,ᚠᚩᚱᚹᚪᚱᛞᛖᛞ,392
attendant,14913267,0,ᚪᛏᛏᛖᚾᛞᚪᚾᛏ,585
eliminating,14904747,0,ᛖᛚᛁᛗᛁᚾᚪᛏᛝ,537
viscosity,14893252,0,ᚢᛁᛋᚳᚩᛋᛁᛏᚣ,353
medication,14866051,0,ᛗᛖᛞᛁᚳᚪᛏᛡᚾ,563
malignant,14838456,0,ᛗᚪᛚᛁᚷᚾᚪᚾᛏ,503
resembles,14786842,0,ᚱᛖᛋᛖᛗᛒᛚᛖᛋ,523
admissions,14771105,0,ᚪᛞᛗᛁᛋᛋᛡᚾᛋ,583
neighboring,14692725,0,ᚾᛖᛁᚷᚻᛒᚩᚱᛝ,325
alexandria,14661751,0,ᚪᛚᛖᛉᚪᚾᛞᚱᛡ,617
monuments,14657354,0,ᛗᚩᚾᚢᛗᛖᚾᛏᛋ,389
hostility,14631244,0,ᚻᚩᛋᛏᛁᛚᛁᛏᚣ,439
anonymous,14606845,0,ᚪᚾᚩᚾᚣᛗᚩᚢᛋ,399
processor,14598799,0,ᛈᚱᚩᚳᛖᛋᛋᚩᚱ,265
stimulating,14579731,0,ᛋᛏᛁᛗᚢᛚᚪᛏᛝ,525
distilled,14574621,0,ᛞᛁᛋᛏᛁᛚᛚᛖᛞ,565
alignment,14470468,0,ᚪᛚᛁᚷᚾᛗᛖᚾᛏ,473
communism,14456035,0,ᚳᚩᛗᛗᚢᚾᛁᛋᛗ,349
antiquity,14443426,0,ᚪᚾᛏᛁᚳᚹᛁᛏᚣ,441
chronicle,14439359,0,ᚳᚻᚱᚩᚾᛁᚳᛚᛖ,267
commented,14405636,0,ᚳᚩᛗᛗᛖᚾᛏᛖᛞ,473
retrieval,14403591,0,ᚱᛖᛏᚱᛁᛖᚢᚪᛚ,419
organised,14392005,0,ᚩᚱᚷᚪᚾᛁᛋᛖᛞ,401
imaginary,14381540,0,ᛁᛗᚪᚷᛁᚾᚪᚱᚣ,487
worcester,14290914,0,ᚹᚩᚱᚳᛖᛋᛏᛖᚱ,307
adjourned,14271263,0,ᚪᛞᛂᚩᚢᚱᚾᛖᛞ,429
viewpoint,14267737,0,ᚢᛁᛖᚹᛈᚩᛁᚾᛏ,289
advocated,14218845,0,ᚪᛞᚢᚩᚳᚪᛏᛖᛞ,521
cylinders,14216230,0,ᚳᚣᛚᛁᚾᛞᛖᚱᛋ,469
inspected,14024583,0,ᛁᚾᛋᛈᛖᚳᛏᛖᛞ,451
slaughter,13957148,0,ᛋᛚᚪᚢᚷᚻᛏᛖᚱ,403
patterson,13932596,0,ᛈᚪᛏᛏᛖᚱᛋᚩᚾ,425
amusement,13920117,0,ᚪᛗᚢᛋᛖᛗᛖᚾᛏ,517
nominated,13902610,0,ᚾᚩᛗᛁᚾᚪᛏᛖᛞ,479
reluctant,13893527,0,ᚱᛖᛚᚢᚳᛏᚪᚾᛏ,411
endowment,13864351,0,ᛖᚾᛞᚩᚹᛗᛖᚾᛏ,437
periodical,13850247,0,ᛈᛖᚱᛡᛞᛁᚳᚪᛚ,531
nashville,13824103,0,ᚾᚪᛋᚻᚢᛁᛚᛚᛖ,449
extremity,13820234,0,ᛖᛉᛏᚱᛖᛗᛁᛏᚣ,515
survivors,13813733,0,ᛋᚢᚱᚢᛁᚢᚩᚱᛋ,175
struggles,13772826,0,ᛋᛏᚱᚢᚷᚷᛚᛖᛋ,353
temptation,13771030,0,ᛏᛖᛗᛈᛏᚪᛏᛡᚾ,591
workplace,13728903,0,ᚹᚩᚱᚳᛈᛚᚪᚳᛖ,343
aluminium,13702242,0,ᚪᛚᚢᛗᛁᚾᛁᚢᛗ,409
stainless,13699814,0,ᛋᛏᚪᛁᚾᛚᛖᛋᛋ,515
hypotheses,13689878,0,ᚻᚣᛈᚩᚦᛖᛋᛖᛋ,421
cooperate,13661749,0,ᚳᚩᚩᛈᛖᚱᚪᛏᛖ,371
faculties,13650703,0,ᚠᚪᚳᚢᛚᛏᛁᛖᛋ,398
dispersed,13569129,0,ᛞᛁᛋᛈᛖᚱᛋᛖᛞ,503
augustine,13509128,0,ᚪᚢᚷᚢᛋᛏᛁᚾᛖ,359
oppression,13504468,0,ᚩᛈᛈᚱᛖᛋᛋᛡᚾ,413
distortion,13427041,0,ᛞᛁᛋᛏᚩᚱᛏᛡᚾ,445
scholarly,13411493,0,ᛋᚳᚻᚩᛚᚪᚱᛚᚣ,453
inorganic,13409913,0,ᛁᚾᚩᚱᚷᚪᚾᛁᚳ,265
detective,13378615,0,ᛞᛖᛏᛖᚳᛏᛁᚢᛖ,455
immigrant,13364599,0,ᛁᛗᛗᛁᚷᚱᚪᚾᛏ,417
explosive,13351315,0,ᛖᛉᛈᛚᚩᛋᛁᚢᛖ,391
civilized,13337564,0,ᚳᛁᚢᛁᛚᛁᛋᛖᛞ,391
noticeable,13299645,0,ᚾᚩᛏᛁᚳᛠᛒᛚᛖ,449
alternating,13299113,0,ᚪᛚᛏᛖᚱᚾᚪᛏᛝ,571
saturation,13298912,0,ᛋᚪᛏᚢᚱᚪᛏᛡᚾ,515
spherical,13294864,0,ᛋᛈᚻᛖᚱᛁᚳᚪᛚ,411
downstream,13292310,0,ᛞᚩᚹᚾᛋᛏᚱᛠᛗ,447
audiences,13271429,0,ᚪᚢᛞᛁᛖᚾᚳᛖᛋ,449
premature,13268801,0,ᛈᚱᛖᛗᚪᛏᚢᚱᛖ,429
creativity,13267930,0,ᚳᚱᛠᛏᛁᚢᛁᛏᚣ,419
submarine,13163417,0,ᛋᚢᛒᛗᚪᚱᛁᚾᛖ,423
nonprofit,13133092,0,ᚾᚩᚾᛈᚱᚩᚠᛁᛏ,218
certiorari,13132298,0,ᚳᛖᚱᛏᛡᚱᚪᚱᛁ,407
fascinating,13050717,0,ᚠᚪᛋᚳᛁᚾᚪᛏᛝ,460
practised,13045123,0,ᛈᚱᚪᚳᛏᛁᛋᛖᛞ,463
sexuality,13037846,0,ᛋᛖᛉᚢᚪᛚᛁᛏᚣ,533
macdonald,13033305,0,ᛗᚪᚳᛞᚩᚾᚪᛚᛞ,565
patronage,13028583,0,ᛈᚪᛏᚱᚩᚾᚪᚷᛖ,427
excavation,13023257,0,ᛖᛉᚳᚪᚢᚪᛏᛡᚾ,519
occasioned,13020077,0,ᚩᚳᚳᚪᛋᛡᚾᛖᛞ,475
managerial,13014923,0,ᛗᚪᚾᚪᚷᛖᚱᛡᛚ,569
sentenced,13005247,0,ᛋᛖᚾᛏᛖᚾᚳᛖᛞ,473
resultant,12981628,0,ᚱᛖᛋᚢᛚᛏᚪᚾᛏ,451
automation,12977113,0,ᚪᚢᛏᚩᛗᚪᛏᛡᚾ,529
newcastle,12971101,0,ᚾᛖᚹᚳᚪᛋᛏᛚᛖ,477
microwave,12970049,0,ᛗᛁᚳᚱᚩᚹᚪᚢᛖ,319
decoration,12960521,0,ᛞᛖᚳᚩᚱᚪᛏᛡᚾ,479
dedication,12950874,0,ᛞᛖᛞᛁᚳᚪᛏᛡᚾ,581
tentative,12948295,0,ᛏᛖᚾᛏᚪᛏᛁᚢᛖ,471
yugoslavia,12893801,0,ᚣᚢᚷᚩᛋᛚᚪᚢᛡ,463
concession,12893476,0,ᚳᚩᚾᚳᛖᛋᛋᛡᚾ,371
fishermen,12859179,0,ᚠᛁᛋᚻᛖᚱᛗᛖᚾ,354
oversight,12850246,0,ᚩᚢᛖᚱᛋᛁᚷᚻᛏ,271
allowable,12839993,0,ᚪᛚᛚᚩᚹᚪᛒᛚᛖ,567
constable,12814997,0,ᚳᚩᚾᛋᛏᚪᛒᛚᛖ,459
trademark,12797545,0,ᛏᚱᚪᛞᛖᛗᚪᚱᚳ,515
liberties,12795327,0,ᛚᛁᛒᛖᚱᛏᛁᛖᛋ,453
avoidance,12752033,0,ᚪᚢᚩᛁᛞᚪᚾᚳᛖ,433
exchequer,12749258,0,ᛖᛉᚳᚻᛖᚳᚹᛖᚱ,327
circulating,12739324,0,ᚳᛁᚱᚳᚢᛚᚪᛏᛝ,379
imposition,12728354,0,ᛁᛗᛈᚩᛋᛁᛏᛡᚾ,431
expedient,12693435,0,ᛖᛉᛈᛖᛞᛁᛖᚾᛏ,499
innocence,12675628,0,ᛁᚾᚾᚩᚳᛖᚾᚳᛖ,285
condensed,12594307,0,ᚳᚩᚾᛞᛖᚾᛋᛖᛞ,443
unpleasant,12557048,0,ᚢᚾᛈᛚᛠᛋᚪᚾᛏ,495
astronomy,12540683,0,ᚪᛋᛏᚱᚩᚾᚩᛗᚣ,437
researcher,12538377,0,ᚱᛖᛋᛠᚱᚳᚻᛖᚱ,365
compassion,12536819,0,ᚳᚩᛗᛈᚪᛋᛋᛡᚾ,473
yellowish,12508628,0,ᚣᛖᛚᛚᚩᚹᛁᛋᚻ,449
economist,12465342,0,ᛖᚳᚩᚾᚩᛗᛁᛋᛏ,337
recognise,12445739,0,ᚱᛖᚳᚩᚷᚾᛁᛋᛖ,295
nutrients,12438607,0,ᚾᚢᛏᚱᛁᛖᚾᛏᛋ,341
indemnity,12430622,0,ᛁᚾᛞᛖᛗᚾᛁᛏᚣ,509
prototype,12427584,0,ᛈᚱᚩᛏᚩᛏᚣᛈᛖ,399
remembering,12422950,0,ᚱᛖᛗᛖᛗᛒᛖᚱᛝ,505
simulated,12411325,0,ᛋᛁᛗᚢᛚᚪᛏᛖᛞ,543
localized,12408433,0,ᛚᚩᚳᚪᛚᛁᛋᛖᛞ,503
empowered,12404668,0,ᛖᛗᛈᚩᚹᛖᚱᛖᛞ,441
suspicious,12360365,0,ᛋᚢᛋᛈᛁᚳᛡᚢᛋ,359
watershed,12352202,0,ᚹᚪᛏᛖᚱᛋᚻᛖᛞ,485
travelled,12351305,0,ᛏᚱᚪᚢᛖᛚᛚᛖᛞ,539
exemptions,12338344,0,ᛖᛉᛖᛗᛈᛏᛡᚾᛋ,543
graduation,12329825,0,ᚷᚱᚪᛞᚢᚪᛏᛡᚾ,509
episcopal,12315272,0,ᛖᛈᛁᛋᚳᚩᛈᚪᛚ,427
undertook,12309303,0,ᚢᚾᛞᛖᚱᛏᚩᚩᚳ,285
originating,12272752,0,ᚩᚱᛁᚷᛁᚾᚪᛏᛝ,361
criminals,12259694,0,ᚳᚱᛁᛗᛁᚾᚪᛚᛋ,409
dominance,12255819,0,ᛞᚩᛗᛁᚾᚪᚾᚳᛖ,433
fractures,12206533,0,ᚠᚱᚪᚳᛏᚢᚱᛖᛋ,316
disregard,12204157,0,ᛞᛁᛋᚱᛖᚷᚪᚱᛞ,465
grievance,12196103,0,ᚷᚱᛁᛖᚢᚪᚾᚳᛖ,335
overnight,12177926,0,ᚩᚢᛖᚱᚾᛁᚷᚻᛏ,247
densities,12159621,0,ᛞᛖᚾᛋᛁᛏᛁᛖᛋ,479
recurrent,12148101,0,ᚱᛖᚳᚢᚱᚱᛖᚾᛏ,271
executors,12116801,0,ᛖᛉᛖᚳᚢᛏᚩᚱᛋ,327
stationery,12114584,0,ᛋᛏᚪᛏᛡᚾᛖᚱᚣ,585
propriety,12103596,0,ᛈᚱᚩᛈᚱᛁᛖᛏᚣ,375
medicines,12096011,0,ᛗᛖᛞᛁᚳᛁᚾᛖᛋ,451
domination,12085284,0,ᛞᚩᛗᛁᚾᚪᛏᛡᚾ,519
turbulent,12077201,0,ᛏᚢᚱᛒᚢᛚᛖᚾᛏ,365
potentials,12073427,0,ᛈᚩᛏᛖᚾᛏᛡᛚᛋ,497
sanitation,12070966,0,ᛋᚪᚾᛁᛏᚪᛏᛡᚾ,561
examiners,12047345,0,ᛖᛉᚪᛗᛁᚾᛖᚱᛋ,473
designers,12016843,0,ᛞᛖᛋᛁᚷᚾᛖᚱᛋ,417
yorkshire,11985141,0,ᚣᚩᚱᚳᛋᚻᛁᚱᛖ,319
venezuela,11962424,0,ᚢᛖᚾᛖᛋᚢᛖᛚᚪ,459
evidenced,11955912,0,ᛖᚢᛁᛞᛖᚾᚳᛖᛞ,455
registers,11952507,0,ᚱᛖᚷᛁᛋᛏᛖᚱᛋ,369
adsorption,11938511,0,ᚪᛞᛋᚩᚱᛈᛏᛡᚾ,495
entertain,11928028,0,ᛖᚾᛏᛖᚱᛏᚪᛁᚾ,449
faithfully,11914136,0,ᚠᚪᛁᚦᚠᚢᛚᛚᚣ,389
meditation,11888251,0,ᛗᛖᛞᛁᛏᚪᛏᛡᚾ,609
plurality,11878054,0,ᛈᛚᚢᚱᚪᛚᛁᛏᚣ,493
judgement,11871682,0,ᛂᚢᛞᚷᛖᛗᛖᚾᛏ,439
energetic,11869038,0,ᛖᚾᛖᚱᚷᛖᛏᛁᚳ,361
paramount,11867092,0,ᛈᚪᚱᚪᛗᚩᚢᚾᛏ,417
affections,11851851,0,ᚪᚠᚠᛖᚳᛏᛡᚾᛋ,429
ambiguous,11830844,0,ᚪᛗᛒᛁᚷᚢᚩᚢᛋ,343
conquered,11830536,0,ᚳᚩᚾᚳᚹᛖᚱᛖᛞ,315
congenital,11825898,0,ᚳᚩᛝᛖᚾᛁᛏᚪᛚ,455
chartered,11814691,0,ᚳᚻᚪᚱᛏᛖᚱᛖᛞ,437
researches,11810834,0,ᚱᛖᛋᛠᚱᚳᚻᛖᛋ,407
continual,11784250,0,ᚳᚩᚾᛏᛁᚾᚢᚪᛚ,341
stevenson,11768641,0,ᛋᛏᛖᚢᛖᚾᛋᚩᚾ,367
warranted,11761112,0,ᚹᚪᚱᚱᚪᚾᛏᛖᛞ,479
selections,11736167,0,ᛋᛖᛚᛖᚳᛏᛡᚾᛋ,521
weaknesses,11728082,0,ᚹᛠᚳᚾᛖᛋᛋᛖᛋ,463
salisbury,11714847,0,ᛋᚪᛚᛁᛋᛒᚢᚱᚣ,485
antitrust,11688177,0,ᚪᚾᛏᛁᛏᚱᚢᛋᛏ,401
authorised,11681725,0,ᚪᚢᚦᚩᚱᛁᛋᛖᛞ,363
irritation,11662736,0,ᛁᚱᚱᛁᛏᚪᛏᛡᚾ,435
amplifier,11659741,0,ᚪᛗᛈᛚᛁᚠᛁᛖᚱ,426
revocation,11641198,0,ᚱᛖᚢᚩᚳᚪᛏᛡᚾ,393
monastery,11617521,0,ᛗᚩᚾᚪᛋᛏᛖᚱᚣ,497
benefited,11598687,0,ᛒᛖᚾᛖᚠᛁᛏᛖᛞ,472
paralysis,11572035,0,ᛈᚪᚱᚪᛚᚣᛋᛁᛋ,561
nationwide,11564284,0,ᚾᚪᛏᛡᚾᚹᛁᛞᛖ,527
contingency,11528540,0,ᚳᚩᚾᛏᛝᛖᚾᚳᚣ,399
procession,11482023,0,ᛈᚱᚩᚳᛖᛋᛋᛡᚾ,383
plausible,11468710,0,ᛈᛚᚪᚢᛋᛁᛒᛚᛖ,501
repayment,11452446,0,ᚱᛖᛈᚪᚣᛗᛖᚾᛏ,547
enclosure,11445253,0,ᛖᚾᚳᛚᚩᛋᚢᚱᛖ,323
incumbent,11441361,0,ᛁᚾᚳᚢᛗᛒᛖᚾᛏ,363
cellulose,11420068,0,ᚳᛖᛚᛚᚢᛚᚩᛋᛖ,429
decidedly,11419277,0,ᛞᛖᚳᛁᛞᛖᛞᛚᚣ,621
extinction,11419224,0,ᛖᛉᛏᛁᚾᚳᛏᛡᚾ,441
vacancies,11416201,0,ᚢᚪᚳᚪᚾᚳᛁᛖᛋ,403
swallowed,11413776,0,ᛋᚹᚪᛚᛚᚩᚹᛖᛞ,497
modulation,11391661,0,ᛗᚩᛞᚢᛚᚪᛏᛡᚾ,535
entrusted,11388512,0,ᛖᚾᛏᚱᚢᛋᛏᛖᛞ,437
favorably,11372108,0,ᚠᚪᚢᚩᚱᚪᛒᛚᚣ,454
reporters,11337228,0,ᚱᛖᛈᚩᚱᛏᛖᚱᛋ,329
postponed,11319680,0,ᛈᚩᛋᛏᛈᚩᚾᛖᛞ,397
struggled,11306308,0,ᛋᛏᚱᚢᚷᚷᛚᛖᛞ,389
passionate,11261206,0,ᛈᚪᛋᛋᛡᚾᚪᛏᛖ,605
intervening,11246269,0,ᛁᚾᛏᛖᚱᚢᛖᚾᛝ,375
counselor,11236044,0,ᚳᚩᚢᚾᛋᛖᛚᚩᚱ,263
allegiance,11233216,0,ᚪᛚᛚᛖᚷᛡᚾᚳᛖ,543
unrelated,11227296,0,ᚢᚾᚱᛖᛚᚪᛏᛖᛞ,495
endangered,11216564,0,ᛖᚾᛞᚪᛝᛖᚱᛖᛞ,595
influencing,11212440,0,ᛁᚾᚠᛚᚢᛖᚾᚳᛝ,326
successes,11206366,0,ᛋᚢᚳᚳᛖᛋᛋᛖᛋ,375
monitored,11204217,0,ᛗᚩᚾᛁᛏᚩᚱᛖᛞ,371
harvested,11199145,0,ᚻᚪᚱᚢᛖᛋᛏᛖᛞ,469
retrieved,11194373,0,ᚱᛖᛏᚱᛁᛖᚢᛖᛞ,405
adversely,11192040,0,ᚪᛞᚢᛖᚱᛋᛖᛚᚣ,563
sanctuary,11185540,0,ᛋᚪᚾᚳᛏᚢᚪᚱᚣ,465
noteworthy,11130640,0,ᚾᚩᛏᛖᚹᚩᚱᚦᚣ,307
thoughtful,11124012,0,ᚦᚩᚢᚷᚻᛏᚠᚢᛚ,192
capillary,11117583,0,ᚳᚪᛈᛁᛚᛚᚪᚱᚣ,541
labourers,11077637,0,ᛚᚪᛒᚩᚢᚱᛖᚱᛋ,383
mainstream,11063926,0,ᛗᚪᛁᚾᛋᛏᚱᛠᛗ,531
whichever,11050356,0,ᚹᚻᛁᚳᚻᛖᚢᛖᚱ,257
penetrate,11030101,0,ᛈᛖᚾᛖᛏᚱᚪᛏᛖ,499
intestine,11019695,0,ᛁᚾᛏᛖᛋᛏᛁᚾᛖ,425
travelers,11006459,0,ᛏᚱᚪᚢᛖᛚᛖᚱᛋ,441
celebrate,10977263,0,ᚳᛖᛚᛖᛒᚱᚪᛏᛖ,515
diligence,10973589,0,ᛞᛁᛚᛁᚷᛖᚾᚳᛖ,417
inflicted,10972086,0,ᛁᚾᚠᛚᛁᚳᛏᛖᛞ,394
occupancy,10947354,0,ᚩᚳᚳᚢᛈᚪᚾᚳᚣ,321
translate,10926855,0,ᛏᚱᚪᚾᛋᛚᚪᛏᛖ,545
validation,10917081,0,ᚢᚪᛚᛁᛞᚪᛏᛡᚾ,585
microsoft,10895544,0,ᛗᛁᚳᚱᚩᛋᚩᚠᛏ,254
reverence,10888553,0,ᚱᛖᚢᛖᚱᛖᚾᚳᛖ,335
conduction,10877159,0,ᚳᚩᚾᛞᚢᚳᛏᛡᚾ,349
concurred,10856456,0,ᚳᚩᚾᚳᚢᚱᚱᛖᛞ,243
countless,10855379,0,ᚳᚩᚢᚾᛏᛚᛖᛋᛋ,357
overlapping,10850798,0,ᚩᚢᛖᚱᛚᚪᛈᛈᛝ,423
telescope,10830033,0,ᛏᛖᛚᛖᛋᚳᚩᛈᛖ,449
positioned,10806077,0,ᛈᚩᛋᛁᛏᛡᚾᛖᛞ,485
hesitated,10800247,0,ᚻᛖᛋᛁᛏᚪᛏᛖᛞ,545
retailers,10793467,0,ᚱᛖᛏᚪᛁᛚᛖᚱᛋ,469
hesitation,10788746,0,ᚻᛖᛋᛁᛏᚪᛏᛡᚾ,525
terrorist,10761694,0,ᛏᛖᚱᚱᚩᚱᛁᛋᛏ,309
whereupon,10756168,0,ᚹᚻᛖᚱᛖᚢᛈᚩᚾ,269
safeguard,10740482,0,ᛋᚪᚠᛖᚷᚢᚪᚱᛞ,436
stockholm,10737334,0,ᛋᛏᚩᚳᚳᚻᚩᛚᛗ,319
prohibiting,10720181,0,ᛈᚱᚩᚻᛁᛒᛁᛏᛝ,345
diplomacy,10694227,0,ᛞᛁᛈᛚᚩᛗᚪᚳᚣ,527
pretended,10687112,0,ᛈᚱᛖᛏᛖᚾᛞᛖᛞ,521
exposures,10676085,0,ᛖᛉᛈᚩᛋᚢᚱᛖᛋ,351
allotment,10674567,0,ᚪᛚᛚᚩᛏᛗᛖᚾᛏ,535
ambiguity,10665177,0,ᚪᛗᛒᛁᚷᚢᛁᛏᚣ,473
discounts,10656966,0,ᛞᛁᛋᚳᚩᚢᚾᛏᛋ,337
protested,10653536,0,ᛈᚱᚩᛏᛖᛋᛏᛖᛞ,455
confessed,10642142,0,ᚳᚩᚾᚠᛖᛋᛋᛖᛞ,380
beverages,10632596,0,ᛒᛖᚢᛖᚱᚪᚷᛖᛋ,443
intervene,10627622,0,ᛁᚾᛏᛖᚱᚢᛖᚾᛖ,363
allegedly,10598008,0,ᚪᛚᛚᛖᚷᛖᛞᛚᚣ,659
reproduce,10591988,0,ᚱᛖᛈᚱᚩᛞᚢᚳᛖ,311
fantastic,10557763,0,ᚠᚪᚾᛏᚪᛋᛏᛁᚳ,440
receivers,10547366,0,ᚱᛖᚳᛖᛁᚢᛖᚱᛋ,323
allegation,10507408,0,ᚪᛚᛚᛖᚷᚪᛏᛡᚾ,619
protocols,10505588,0,ᛈᚱᚩᛏᚩᚳᚩᛚᛋ,273
curvature,10501324,0,ᚳᚢᚱᚢᚪᛏᚢᚱᛖ,267
integrate,10483689,0,ᛁᚾᛏᛖᚷᚱᚪᛏᛖ,437
insoluble,10483634,0,ᛁᚾᛋᚩᛚᚢᛒᛚᛖ,397
pursuance,10483137,0,ᛈᚢᚱᛋᚢᚪᚾᚳᛖ,319
continuum,10474965,0,ᚳᚩᚾᛏᛁᚾᚢᚢᛗ,245
filtration,10473143,0,ᚠᛁᛚᛏᚱᚪᛏᛡᚾ,468
pamphlets,10463081,0,ᛈᚪᛗᛈᚻᛚᛖᛏᛋ,529
republics,10461273,0,ᚱᛖᛈᚢᛒᛚᛁᚳᛋ,355
believers,10448424,0,ᛒᛖᛚᛁᛖᚢᛖᚱᛋ,433
platforms,10434050,0,ᛈᛚᚪᛏᚠᚩᚱᛗᛋ,416
normative,10428054,0,ᚾᚩᚱᛗᚪᛏᛁᚢᛖ,375
contested,10421615,0,ᚳᚩᚾᛏᛖᛋᛏᛖᛞ,443
inventions,10404693,0,ᛁᚾᚢᛖᚾᛏᛡᚾᛋ,407
regiments,10379333,0,ᚱᛖᚷᛁᛗᛖᚾᛏᛋ,405
highlight,10369444,0,ᚻᛁᚷᚻᛚᛁᚷᚻᛏ,297
incubation,10367550,0,ᛁᚾᚳᚢᛒᚪᛏᛡᚾ,429
patriotism,10349797,0,ᛈᚪᛏᚱᛡᛏᛁᛋᛗ,531
affiliation,10340973,0,ᚪᚠᚠᛁᛚᛡᛏᛡᚾ,507
workforce,10330125,0,ᚹᚩᚱᚳᚠᚩᚱᚳᛖ,150
discarded,10325244,0,ᛞᛁᛋᚳᚪᚱᛞᛖᛞ,539
discovering,10260284,0,ᛞᛁᛋᚳᚩᚢᛖᚱᛝ,353
distorted,10234186,0,ᛞᛁᛋᛏᚩᚱᛏᛖᛞ,465
supremacy,10228155,0,ᛋᚢᛈᚱᛖᛗᚪᚳᚣ,461
spectacle,10226219,0,ᛋᛈᛖᚳᛏᚪᚳᛚᛖ,485
inhabited,10203009,0,ᛁᚾᚻᚪᛒᛁᛏᛖᛞ,487
mysteries,10188176,0,ᛗᚣᛋᛏᛖᚱᛁᛖᛋ,515
sheffield,10175184,0,ᛋᚻᛖᚠᚠᛁᛖᛚᛞ,407
boulevard,10172409,0,ᛒᚩᚢᛚᛖᚢᚪᚱᛞ,411
statesman,10168599,0,ᛋᛏᚪᛏᛖᛋᛗᚪᚾ,585
forecasts,10168554,0,ᚠᚩᚱᛖᚳᚪᛋᛏᛋ,362
authorizes,10163649,0,ᚪᚢᚦᚩᚱᛁᛋᛖᛋ,327
williamson,10144142,0,ᚹᛁᛚᛚᛡᛗᛋᚩᚾ,463
emigration,10124988,0,ᛖᛗᛁᚷᚱᚪᛏᛡᚾ,489
databases,10094212,0,ᛞᚪᛏᚪᛒᚪᛋᛖᛋ,673
impedance,10089360,0,ᛁᛗᛈᛖᛞᚪᚾᚳᛖ,507
exquisite,10084221,0,ᛖᛉᚳᚹᛁᛋᛁᛏᛖ,387
adherence,10077852,1,ᚪᛞᚻᛖᚱᛖᚾᚳᛖ,463
persisted,10061363,0,ᛈᛖᚱᛋᛁᛋᛏᛖᛞ,473
traveller,10056278,0,ᛏᚱᚪᚢᛖᛚᛚᛖᚱ,461
sulphuric,10015436,0,ᛋᚢᛚᛈᚻᚢᚱᛁᚳ,253
integrating,10007690,0,ᛁᚾᛏᛖᚷᚱᚪᛏᛝ,449
parasites,10000037,0,ᛈᚪᚱᚪᛋᛁᛏᛖᛋ,511
librarians,9978343,0,ᛚᛁᛒᚱᚪᚱᛡᚾᛋ,473
vibrations,9970770,0,ᚢᛁᛒᚱᚪᛏᛡᚾᛋ,451
deflection,9966687,0,ᛞᛖᚠᛚᛖᚳᛏᛡᚾ,506
ordination,9943840,0,ᚩᚱᛞᛁᚾᚪᛏᛡᚾ,459
lifestyle,9932258,0,ᛚᛁᚠᛖᛋᛏᚣᛚᛖ,528
linguistics,9930428,0,ᛚᛝᚢᛁᛋᛏᛁᚳᛋ,395
undergone,9916651,0,ᚢᚾᛞᛖᚱᚷᚩᚾᛖ,319
peculiarly,9914473,0,ᛈᛖᚳᚢᛚᛡᚱᛚᚣ,493
forecasting,9910895,0,ᚠᚩᚱᛖᚳᚪᛋᛏᛝ,388
galleries,9903556,0,ᚷᚪᛚᛚᛖᚱᛁᛖᛋ,489
disruption,9893018,0,ᛞᛁᛋᚱᚢᛈᛏᛡᚾ,425
exploited,9856838,0,ᛖᛉᛈᛚᚩᛁᛏᛖᛞ,483
sequential,9855860,0,ᛋᛖᚳᚹᛖᚾᛏᛡᛚ,487
negligent,9817455,0,ᚾᛖᚷᛚᛁᚷᛖᚾᛏ,389
masculine,9817117,0,ᛗᚪᛋᚳᚢᛚᛁᚾᛖ,437
delegated,9797252,0,ᛞᛖᛚᛖᚷᚪᛏᛖᛞ,625
derivation,9797209,0,ᛞᛖᚱᛁᚢᚪᛏᛡᚾ,493
inscribed,9796265,0,ᛁᚾᛋᚳᚱᛁᛒᛖᛞ,385
sensations,9789646,0,ᛋᛖᚾᛋᚪᛏᛡᚾᛋ,547
textbooks,9745867,0,ᛏᛖᛉᛏᛒᚩᚩᚳᛋ,373
collapsed,9737730,0,ᚳᚩᛚᛚᚪᛈᛋᛖᛞ,515
anomalies,9729582,0,ᚪᚾᚩᛗᚪᛚᛁᛖᛋ,525
mackenzie,9692988,0,ᛗᚪᚳᚳᛖᚾᛋᛁᛖ,441
guatemala,9682931,0,ᚷᚢᚪᛏᛖᛗᚪᛚᚪ,581
formulate,9671319,0,ᚠᚩᚱᛗᚢᛚᚪᛏᛖ,390
contrasts,9636077,0,ᚳᚩᚾᛏᚱᚪᛋᛏᛋ,381
furnishes,9608059,0,ᚠᚢᚱᚾᛁᛋᚻᛖᛋ,272
traumatic,9594389,0,ᛏᚱᚪᚢᛗᚪᛏᛁᚳ,441
generates,9583205,0,ᚷᛖᚾᛖᚱᚪᛏᛖᛋ,467
memorable,9568774,0,ᛗᛖᛗᚩᚱᚪᛒᛚᛖ,525
exhaustion,9566856,0,ᛖᛉᚻᚪᚢᛋᛏᛡᚾ,485
lafayette,9557973,0,ᛚᚪᚠᚪᚣᛖᛏᛏᛖ,624
neighbour,9522322,0,ᚾᛖᛁᚷᚻᛒᚩᚢᚱ,249
spectator,9519704,0,ᛋᛈᛖᚳᛏᚪᛏᚩᚱ,409
porcelain,9504010,0,ᛈᚩᚱᚳᛖᛚᚪᛁᚾ,371
ecosystem,9503702,0,ᛖᚳᚩᛋᚣᛋᛏᛖᛗ,493
politician,9494982,0,ᛈᚩᛚᛁᛏᛁᚳᛡᚾ,393
charities,9484249,0,ᚳᚻᚪᚱᛁᛏᛁᛖᛋ,385
periphery,9468392,0,ᛈᛖᚱᛁᛈᚻᛖᚱᚣ,399
cultivate,9463255,0,ᚳᚢᛚᛏᛁᚢᚪᛏᛖ,405
botanical,9410452,0,ᛒᚩᛏᚪᚾᛁᚳᚪᛚ,467
sincerity,9405174,0,ᛋᛁᚾᚳᛖᚱᛁᛏᚣ,397
condenser,9396690,0,ᚳᚩᚾᛞᛖᚾᛋᛖᚱ,365
irrigated,9382864,0,ᛁᚱᚱᛁᚷᚪᛏᛖᛞ,413
satisfies,9378631,0,ᛋᚪᛏᛁᛋᚠᛁᛖᛋ,446
schematic,9376504,0,ᛋᚳᚻᛖᛗᚪᛏᛁᚳ,427
annotated,9366910,0,ᚪᚾᚾᚩᛏᚪᛏᛖᛞ,533
cancelled,9365040,0,ᚳᚪᚾᚳᛖᛚᛚᛖᛞ,521
backwards,9362171,0,ᛒᚪᚳᚳᚹᚪᚱᛞᛋ,453
highlands,9353078,0,ᚻᛁᚷᚻᛚᚪᚾᛞᛋ,435
reinforce,9328030,0,ᚱᛖᛁᚾᚠᚩᚱᚳᛖ,238
monograph,9327428,0,ᛗᚩᚾᚩᚷᚱᚪᛈᚻ,305
claimants,9271300,0,ᚳᛚᚪᛁᛗᚪᚾᛏᛋ,523
penetrating,9269760,0,ᛈᛖᚾᛖᛏᚱᚪᛏᛝ,511
temperate,9224720,0,ᛏᛖᛗᛈᛖᚱᚪᛏᛖ,541
hydroxide,9208549,0,ᚻᚣᛞᚱᚩᛉᛁᛞᛖ,467
mitigation,9198671,0,ᛗᛁᛏᛁᚷᚪᛏᛡᚾ,501
englishman,9190334,0,ᛖᛝᛚᛁᛋᚻᛗᚪᚾ,523
persuasion,9174047,0,ᛈᛖᚱᛋᚢᚪᛋᛡᚾ,463
ornaments,9160176,0,ᚩᚱᚾᚪᛗᛖᚾᛏᛋ,423
lordships,9146756,0,ᛚᚩᚱᛞᛋᚻᛁᛈᛋ,383
cretaceous,9118148,0,ᚳᚱᛖᛏᚪᚳᛇᚢᛋ,357
consented,9097098,0,ᚳᚩᚾᛋᛖᚾᛏᛖᛞ,413
summarize,9071654,0,ᛋᚢᛗᛗᚪᚱᛁᛋᛖ,457
evidences,9069626,0,ᛖᚢᛁᛞᛖᚾᚳᛖᛋ,419
parallels,9068649,0,ᛈᚪᚱᚪᛚᛚᛖᛚᛋ,587
oppressed,9067973,0,ᚩᛈᛈᚱᛖᛋᛋᛖᛞ,433
accessory,9045150,0,ᚪᚳᚳᛖᛋᛋᚩᚱᚣ,417
nicaragua,9044421,0,ᚾᛁᚳᚪᚱᚪᚷᚢᚪ,395
logically,9041525,0,ᛚᚩᚷᛁᚳᚪᛚᛚᚣ,487
discharging,9038754,0,ᛞᛁᛋᚳᚻᚪᚱᚷᛝ,413
symmetric,9025628,0,ᛋᚣᛗᛗᛖᛏᚱᛁᚳ,479
worthwhile,9022249,0,ᚹᚩᚱᚦᚹᚻᛁᛚᛖ,255
submerged,9021967,0,ᛋᚢᛒᛗᛖᚱᚷᛖᛞ,439
renewable,9020394,0,ᚱᛖᚾᛖᚹᚪᛒᛚᛖ,491
hopefully,9004586,0,ᚻᚩᛈᛖᚠᚢᛚᛚᚣ,394
frontiers,8998624,0,ᚠᚱᚩᚾᛏᛁᛖᚱᛋ,270
prognosis,8996709,0,ᛈᚱᚩᚷᚾᚩᛋᛁᛋ,251
radically,8992096,0,ᚱᚪᛞᛁᚳᚪᛚᛚᚣ,587
subscribe,8972601,0,ᛋᚢᛒᛋᚳᚱᛁᛒᛖ,353
sanctioned,8969197,0,ᛋᚪᚾᚳᛏᛡᚾᛖᛞ,543
townships,8963233,0,ᛏᚩᚹᚾᛋᚻᛁᛈᛋ,317
mortgagee,8955574,0,ᛗᚩᚱᛏᚷᚪᚷᛖᛖ,413
budgetary,8952629,0,ᛒᚢᛞᚷᛖᛏᚪᚱᚣ,507
complaining,8948063,0,ᚳᚩᛗᛈᛚᚪᛁᚾᛝ,443
diminishing,8924208,0,ᛞᛁᛗᛁᚾᛁᛋᚻᛝ,437
stiffness,8892337,0,ᛋᛏᛁᚠᚠᚾᛖᛋᛋ,349
endurance,8892035,0,ᛖᚾᛞᚢᚱᚪᚾᚳᛖ,405
insulated,8891125,0,ᛁᚾᛋᚢᛚᚪᛏᛖᛞ,501
alienation,8886494,0,ᚪᛚᛁᛖᚾᚪᛏᛡᚾ,589
flattened,8864304,0,ᚠᛚᚪᛏᛏᛖᚾᛖᛞ,542
injections,8862244,0,ᛁᚾᛂᛖᚳᛏᛡᚾᛋ,425
summaries,8859883,0,ᛋᚢᛗᛗᚪᚱᛁᛖᛋ,457
augmented,8855255,0,ᚪᚢᚷᛗᛖᚾᛏᛖᛞ,499
intensely,8836113,0,ᛁᚾᛏᛖᚾᛋᛖᛚᚣ,511
everlasting,8817480,0,ᛖᚢᛖᚱᛚᚪᛋᛏᛝ,509
portsmouth,8815334,0,ᛈᚩᚱᛏᛋᛗᚩᚢᚦ,259
disasters,8815042,0,ᛞᛁᛋᚪᛋᛏᛖᚱᛋ,513
specifies,8807087,0,ᛋᛈᛖᚳᛁᚠᛁᛖᛋ,360
relocation,8801752,0,ᚱᛖᛚᚩᚳᚪᛏᛡᚾ,463
developer,8795188,0,ᛞᛖᚢᛖᛚᚩᛈᛖᚱ,427
fractional,8792557,0,ᚠᚱᚪᚳᛏᛡᚾᚪᛚ,488
dickinson,8788364,0,ᛞᛁᚳᚳᛁᚾᛋᚩᚾ,295
interfering,8765152,0,ᛁᚾᛏᛖᚱᚠᛖᚱᛝ,356
greenwich,8748181,0,ᚷᚱᛖᛖᚾᚹᛁᚳᚻ,277
abatement,8744221,0,ᚪᛒᚪᛏᛖᛗᛖᚾᛏ,607
hepatitis,8727080,0,ᚻᛖᛈᚪᛏᛁᛏᛁᛋ,463
obligated,8711765,0,ᚩᛒᛚᛁᚷᚪᛏᛖᛞ,501
statewide,8683246,0,ᛋᛏᚪᛏᛖᚹᛁᛞᛖ,541
artifacts,8675794,0,ᚪᚱᛏᛁᚠᚪᚳᛏᛋ,422
logistics,8668775,0,ᛚᚩᚷᛁᛋᛏᛁᚳᛋ,337
footsteps,8656200,0,ᚠᚩᚩᛏᛋᛏᛖᛈᛋ,350
propulsion,8641704,0,ᛈᚱᚩᛈᚢᛚᛋᛡᚾ,369
technician,8640752,0,ᛏᛖᚳᚻᚾᛁᚳᛡᚾ,371
reconcile,8637826,0,ᚱᛖᚳᚩᚾᚳᛁᛚᛖ,311
shortages,8633302,0,ᛋᚻᚩᚱᛏᚪᚷᛖᛋ,387
antarctic,8629862,0,ᚪᚾᛏᚪᚱᚳᛏᛁᚳ,409
interrupt,8625245,0,ᛁᚾᛏᛖᚱᚱᚢᛈᛏ,313
inhibited,8610641,0,ᛁᚾᚻᛁᛒᛁᛏᛖᛞ,421
separates,8607638,0,ᛋᛖᛈᚪᚱᚪᛏᛖᛋ,547
unmarried,8607434,0,ᚢᚾᛗᚪᚱᚱᛁᛖᛞ,409
bangladesh,8600698,0,ᛒᚪᛝᛚᚪᛞᛖᛋᚻ,639
regulator,8591142,0,ᚱᛖᚷᚢᛚᚪᛏᚩᚱ,345
anchorage,8581434,0,ᚪᚾᚳᚻᚩᚱᚪᚷᛖ,361
contacted,8577397,0,ᚳᚩᚾᛏᚪᚳᛏᛖᛞ,433
liberated,8570724,0,ᛚᛁᛒᛖᚱᚪᛏᛖᛞ,555
colonists,8556310,0,ᚳᚩᛚᚩᚾᛁᛋᛏᛋ,325
overruled,8538809,0,ᚩᚢᛖᚱᚱᚢᛚᛖᛞ,331
poisonous,8527352,0,ᛈᚩᛁᛋᚩᚾᚩᚢᛋ,233
argentine,8509506,0,ᚪᚱᚷᛖᚾᛏᛁᚾᛖ,407
thereunder,8504854,0,ᚦᛖᚱᛖᚢᚾᛞᛖᚱ,349
diminution,8496974,0,ᛞᛁᛗᛁᚾᚢᛏᛡᚾ,449
riverside,8494308,0,ᚱᛁᚢᛖᚱᛋᛁᛞᛖ,363
leicester,8480082,0,ᛚᛖᛁᚳᛖᛋᛏᛖᚱ,441
henceforth,8476973,0,ᚻᛖᚾᚳᛖᚠᚩᚱᚦ,224
utterance,8468514,0,ᚢᛏᛏᛖᚱᚪᚾᚳᛖ,405
collisions,8464929,0,ᚳᚩᛚᛚᛁᛋᛡᚾᛋ,439
villagers,8460614,0,ᚢᛁᛚᛚᚪᚷᛖᚱᛋ,425
astonishing,8455169,0,ᚪᛋᛏᚩᚾᛁᛋᚻᛝ,431
policeman,8452526,0,ᛈᚩᛚᛁᚳᛖᛗᚪᚾ,431
catalytic,8448767,0,ᚳᚪᛏᚪᛚᚣᛏᛁᚳ,545
activists,8448761,0,ᚪᚳᛏᛁᚢᛁᛋᛏᛋ,399
epithelium,8444460,0,ᛖᛈᛁᚦᛖᛚᛁᚢᛗ,391
digestive,8442211,0,ᛞᛁᚷᛖᛋᛏᛁᚢᛖ,417
pesticide,8440276,0,ᛈᛖᛋᛏᛁᚳᛁᛞᛖ,453
signifies,8439283,0,ᛋᛁᚷᚾᛁᚠᛁᛖᛋ,314
impatient,8423625,0,ᛁᛗᛈᚪᛏᛁᛖᚾᛏ,487
tolerated,8415871,0,ᛏᚩᛚᛖᚱᚪᛏᛖᛞ,529
emphasizing,8405026,0,ᛖᛗᛈᚻᚪᛋᛁᛋᛝ,517
plentiful,8387965,0,ᛈᛚᛖᚾᛏᛁᚠᚢᛚ,380
eloquence,8380479,0,ᛖᛚᚩᚳᚹᛖᚾᚳᛖ,355
ferdinand,8358706,0,ᚠᛖᚱᛞᛁᚾᚪᚾᛞ,444
unfamiliar,8353463,0,ᚢᚾᚠᚪᛗᛁᛚᛡᚱ,424
shattered,8335576,0,ᛋᚻᚪᛏᛏᛖᚱᛖᛞ,525
prohibits,8333935,0,ᛈᚱᚩᚻᛁᛒᛁᛏᛋ,319
navigable,8330410,0,ᚾᚪᚢᛁᚷᚪᛒᛚᛖ,475
reformers,8316052,0,ᚱᛖᚠᚩᚱᛗᛖᚱᛋ,300
myocardial,8307964,0,ᛗᚣᚩᚳᚪᚱᛞᛡᛚ,571
disappears,8303325,0,ᛞᛁᛋᚪᛈᛈᛠᚱᛋ,529
medicinal,8303228,0,ᛗᛖᛞᛁᚳᛁᚾᚪᛚ,501
repression,8302280,0,ᚱᛖᛈᚱᛖᛋᛋᛡᚾ,441
festivals,8293938,0,ᚠᛖᛋᛏᛁᚢᚪᛚᛋ,438
insolvent,8266382,0,ᛁᚾᛋᚩᛚᚢᛖᚾᛏ,351
increment,8260857,0,ᛁᚾᚳᚱᛖᛗᛖᚾᛏ,377
relational,8254279,0,ᚱᛖᛚᚪᛏᛡᚾᚪᛚ,613
blackwell,8245202,0,ᛒᛚᚪᚳᚳᚹᛖᛚᛚ,489
clarendon,8242919,0,ᚳᛚᚪᚱᛖᚾᛞᚩᚾ,415
hurricane,8232664,0,ᚻᚢᚱᚱᛁᚳᚪᚾᛖ,285
recruited,8223909,0,ᚱᛖᚳᚱᚢᛁᛏᛖᛞ,351
uncovered,8218398,0,ᚢᚾᚳᚩᚢᛖᚱᛖᛞ,289
annuities,8212319,0,ᚪᚾᚾᚢᛁᛏᛁᛖᛋ,399
mansfield,8211504,0,ᛗᚪᚾᛋᚠᛁᛖᛚᛞ,512
nationally,8208410,0,ᚾᚪᛏᛡᚾᚪᛚᛚᚣ,667
blindness,8205668,0,ᛒᛚᛁᚾᛞᚾᛖᛋᛋ,485
irradiated,8189237,0,ᛁᚱᚱᚪᛞᛡᛏᛖᛞ,561
pituitary,8185430,0,ᛈᛁᛏᚢᛁᛏᚪᚱᚣ,437
exporters,8181327,0,ᛖᛉᛈᚩᚱᛏᛖᚱᛋ,365
terminating,8172131,0,ᛏᛖᚱᛗᛁᚾᚪᛏᛝ,503
immaterial,8160932,0,ᛁᛗᛗᚪᛏᛖᚱᛡᛚ,587
wholesome,8150108,0,ᚹᚻᚩᛚᛖᛋᚩᛗᛖ,387
portrayed,8138029,0,ᛈᚩᚱᛏᚱᚪᚣᛖᛞ,487
undivided,8133200,0,ᚢᚾᛞᛁᚢᛁᛞᛖᛞ,431
inhibitor,8117874,0,ᛁᚾᚻᛁᛒᛁᛏᚩᚱ,283
multiplying,8099545,0,ᛗᚢᛚᛏᛁᛈᛚᚣᛝ,535
detectors,8091816,0,ᛞᛖᛏᛖᚳᛏᚩᚱᛋ,425
intricate,8080992,0,ᛁᚾᛏᚱᛁᚳᚪᛏᛖ,397
elevations,8072380,0,ᛖᛚᛖᚢᚪᛏᛡᚾᛋ,555
fortnight,8051791,0,ᚠᚩᚱᛏᚾᛁᚷᚻᛏ,238
clergyman,8038912,0,ᚳᛚᛖᚱᚷᚣᛗᚪᚾ,481
smithsonian,8029791,0,ᛋᛗᛁᚦᛋᚩᚾᛡᚾ,385
undermine,8007182,0,ᚢᚾᛞᛖᚱᛗᛁᚾᛖ,397
amorphous,7987218,0,ᚪᛗᚩᚱᛈᚻᚩᚢᛋ,315
instincts,7981991,0,ᛁᚾᛋᛏᛁᚾᚳᛏᛋ,357
modernity,7979598,0,ᛗᚩᛞᛖᚱᚾᛁᛏᚣ,467
pragmatic,7979270,0,ᛈᚱᚪᚷᛗᚪᛏᛁᚳ,439
footnotes,7962983,0,ᚠᚩᚩᛏᚾᚩᛏᛖᛋ,290
perfected,7942078,0,ᛈᛖᚱᚠᛖᚳᛏᛖᛞ,418
narcotics,7938603,0,ᚾᚪᚱᚳᚩᛏᛁᚳᛋ,313
routinely,7934723,0,ᚱᚩᚢᛏᛁᚾᛖᛚᚣ,383
influenza,7930324,0,ᛁᚾᚠᛚᚢᛖᚾᛋᚪ,384
dentistry,7922247,0,ᛞᛖᚾᛏᛁᛋᛏᚱᚣ,501
destitute,7904266,0,ᛞᛖᛋᛏᛁᛏᚢᛏᛖ,487
laterally,7901650,0,ᛚᚪᛏᛖᚱᚪᛚᛚᚣ,653
sheltered,7901555,0,ᛋᚻᛖᛚᛏᛖᚱᛖᛞ,509
venerable,7870769,0,ᚢᛖᚾᛖᚱᚪᛒᛚᛖ,475
affective,7863856,0,ᚪᚠᚠᛖᚳᛏᛁᚢᛖ,341
ambulance,7844538,0,ᚪᛗᛒᚢᛚᚪᚾᚳᛖ,511
wilkinson,7836219,0,ᚹᛁᛚᚳᛁᚾᛋᚩᚾ,285
victorious,7823805,0,ᚢᛁᚳᛏᚩᚱᛡᚢᛋ,287
greenwood,7822409,0,ᚷᚱᛖᛖᚾᚹᚩᚩᛞ,313
supervise,7819064,0,ᛋᚢᛈᛖᚱᚢᛁᛋᛖ,331
occupants,7811609,0,ᚩᚳᚳᚢᛈᚪᚾᛏᛋ,317
evacuation,7810457,0,ᛖᚢᚪᚳᚢᚪᛏᛡᚾ,475
forfeited,7808533,0,ᚠᚩᚱᚠᛖᛁᛏᛖᛞ,335
contrasting,7807098,0,ᚳᚩᚾᛏᚱᚪᛋᛏᛝ,407
chargeable,7791495,0,ᚳᚻᚪᚱᚷᛠᛒᛚᛖ,471
coherence,7788265,0,ᚳᚩᚻᛖᚱᛖᚾᚳᛖ,297
genuinely,7787986,0,ᚷᛖᚾᚢᛁᚾᛖᛚᚣ,419
aspiration,7781315,0,ᚪᛋᛈᛁᚱᚪᛏᛡᚾ,527
fortified,7769810,0,ᚠᚩᚱᛏᛁᚠᛁᛖᛞ,299
originate,7769285,0,ᚩᚱᛁᚷᛁᚾᚪᛏᛖ,349
courtyard,7765594,0,ᚳᚩᚢᚱᛏᚣᚪᚱᛞ,393
dispensed,7741485,0,ᛞᛁᛋᛈᛖᚾᛋᛖᛞ,521
restricting,7722002,0,ᚱᛖᛋᛏᚱᛁᚳᛏᛝ,383
prosecute,7718479,0,ᛈᚱᚩᛋᛖᚳᚢᛏᛖ,323
publishes,7715190,0,ᛈᚢᛒᛚᛁᛋᚻᛖᛋ,407
adversary,7708957,0,ᚪᛞᚢᛖᚱᛋᚪᚱᚣ,531
wherefore,7702920,0,ᚹᚻᛖᚱᛖᚠᚩᚱᛖ,274
victories,7702537,0,ᚢᛁᚳᛏᚩᚱᛁᛖᛋ,275
dominican,7689001,0,ᛞᚩᛗᛁᚾᛁᚳᚪᚾ,397
gladstone,7688294,0,ᚷᛚᚪᛞᛋᛏᚩᚾᛖ,491
starvation,7671253,0,ᛋᛏᚪᚱᚢᚪᛏᛡᚾ,515
adjective,7667721,0,ᚪᛞᛂᛖᚳᛏᛁᚢᛖ,463
prescribing,7661028,0,ᛈᚱᛖᛋᚳᚱᛁᛒᛝ,369
eminently,7656644,0,ᛖᛗᛁᚾᛖᚾᛏᛚᚣ,529
earthquakes,7653945,0,ᛠᚱᚦᚳᚹᚪᚳᛖᛋ,387
bulletins,7650740,0,ᛒᚢᛚᛚᛖᛏᛁᚾᛋ,449
restraining,7650629,0,ᚱᛖᛋᛏᚱᚪᛁᚾᛝ,437
populated,7648259,0,ᛈᚩᛈᚢᛚᚪᛏᛖᛞ,481
ceremonial,7642923,0,ᚳᛖᚱᛖᛗᚩᚾᛡᛚ,445
pneumatic,7636086,0,ᛈᚾᛖᚢᛗᚪᛏᛁᚳ,413
regretted,7633663,0,ᚱᛖᚷᚱᛖᛏᛏᛖᛞ,447
filaments,7629866,0,ᚠᛁᛚᚪᛗᛖᚾᛏᛋ,482
friedrich,7614721,0,ᚠᚱᛁᛖᛞᚱᛁᚳᚻ,278
essentials,7613150,0,ᛖᛋᛋᛖᚾᛏᛡᛚᛋ,561
professed,7605677,0,ᛈᚱᚩᚠᛖᛋᛋᛖᛞ,392
afflicted,7596731,0,ᚪᚠᚠᛚᛁᚳᛏᛖᛞ,433
federally,7596661,0,ᚠᛖᛞᛖᚱᚪᛚᛚᚣ,582
schneider,7586479,0,ᛋᚳᚻᚾᛖᛁᛞᛖᚱ,383
unnatural,7585349,0,ᚢᚾᚾᚪᛏᚢᚱᚪᛚ,401
thanksgiving,7562055,0,ᚦᚪᚾᚳᛋᚷᛁᚢᛝ,327
algebraic,7556853,0,ᚪᛚᚷᛖᛒᚱᚪᛁᚳ,467
importers,7546350,0,ᛁᛗᛈᚩᚱᛏᛖᚱᛋ,353
measurable,7526721,0,ᛗᛠᛋᚢᚱᚪᛒᛚᛖ,545
cartilage,7524419,0,ᚳᚪᚱᛏᛁᛚᚪᚷᛖ,465
prophetic,7518980,0,ᛈᚱᚩᛈᚻᛖᛏᛁᚳ,297
calcareous,7514265,0,ᚳᚪᛚᚳᚪᚱᛇᚢᛋ,401
waterways,7513835,0,ᚹᚪᛏᛖᚱᚹᚪᚣᛋ,525
landlords,7500632,0,ᛚᚪᚾᛞᛚᚩᚱᛞᛋ,521
statesmen,7498413,0,ᛋᛏᚪᛏᛖᛋᛗᛖᚾ,555
tributary,7489519,0,ᛏᚱᛁᛒᚢᛏᚪᚱᚣ,435
announces,7464865,0,ᚪᚾᚾᚩᚢᚾᚳᛖᛋ,327
reinforcing,7446793,0,ᚱᛖᛁᚾᚠᚩᚱᚳᛝ,250
wordsworth,7445176,0,ᚹᚩᚱᛞᛋᚹᚩᚱᚦ,221
accusation,7415141,0,ᚪᚳᚳᚢᛋᚪᛏᛡᚾ,471
composers,7406591,0,ᚳᚩᛗᛈᚩᛋᛖᚱᛋ,325
prosecuting,7399697,0,ᛈᚱᚩᛋᛖᚳᚢᛏᛝ,335
converter,7393346,0,ᚳᚩᚾᚢᛖᚱᛏᛖᚱ,267
harmonious,7390115,0,ᚻᚪᚱᛗᚩᚾᛡᚢᛋ,401
irrational,7388161,0,ᛁᚱᚱᚪᛏᛡᚾᚪᛚ,515
supervising,7383750,0,ᛋᚢᛈᛖᚱᚢᛁᛋᛝ,343
handwriting,7376246,0,ᚻᚪᚾᛞᚹᚱᛁᛏᛝ,437
cherished,7366909,0,ᚳᚻᛖᚱᛁᛋᚻᛖᛞ,377
liquidity,7361046,0,ᛚᛁᚳᚹᛁᛞᛁᛏᚣ,449
terrified,7353806,0,ᛏᛖᚱᚱᛁᚠᛁᛖᛞ,368
planetary,7331143,0,ᛈᛚᚪᚾᛖᛏᚪᚱᚣ,579
champagne,7319891,0,ᚳᚻᚪᛗᛈᚪᚷᚾᛖ,457
tabulated,7303555,0,ᛏᚪᛒᚢᛚᚪᛏᛖᛞ,605
denounced,7301920,0,ᛞᛖᚾᚩᚢᚾᚳᛖᛞ,393
excavated,7301365,0,ᛖᛉᚳᚪᚢᚪᛏᛖᛞ,539
staircase,7299797,0,ᛋᛏᚪᛁᚱᚳᚪᛋᛖ,481
greenland,7297592,0,ᚷᚱᛖᛖᚾᛚᚪᚾᛞ,479
contented,7295259,0,ᚳᚩᚾᛏᛖᚾᛏᛖᛞ,419
stretches,7290011,0,ᛋᛏᚱᛖᛏᚳᚻᛖᛋ,405
triggered,7280619,0,ᛏᚱᛁᚷᚷᛖᚱᛖᛞ,369
moonlight,7256740,0,ᛗᚩᚩᚾᛚᛁᚷᚻᛏ,317
georgetown,7247484,0,ᚷᛇᚱᚷᛖᛏᚩᚹᚾ,267
rotational,7245136,0,ᚱᚩᛏᚪᛏᛡᚾᚪᛚ,539
predicate,7242091,0,ᛈᚱᛖᛞᛁᚳᚪᛏᛖ,477
antibiotic,7238913,0,ᚪᚾᛏᛁᛒᛡᛏᛁᚳ,487
brigadier,7238865,0,ᛒᚱᛁᚷᚪᛞᛁᛖᚱ,415
shrinkage,7233816,0,ᛋᚻᚱᛁᚾᚳᚪᚷᛖ,341
eccentric,7230881,0,ᛖᚳᚳᛖᚾᛏᚱᛁᚳ,303
conducive,7218188,0,ᚳᚩᚾᛞᚢᚳᛁᚢᛖ,255
byzantine,7210984,0,ᛒᚣᛋᚪᚾᛏᛁᚾᛖ,529
defenders,7198268,0,ᛞᛖᚠᛖᚾᛞᛖᚱᛋ,474
concerted,7193217,0,ᚳᚩᚾᚳᛖᚱᛏᛖᛞ,355
admirably,7187675,0,ᚪᛞᛗᛁᚱᚪᛒᛚᚣ,633
recollect,7181207,0,ᚱᛖᚳᚩᛚᛚᛖᚳᛏ,383
fictitious,7171466,0,ᚠᛁᚳᛏᛁᛏᛡᚢᛋ,358
borrowers,7168127,0,ᛒᚩᚱᚱᚩᚹᛖᚱᛋ,247
reactivity,7141345,0,ᚱᛠᚳᛏᛁᚢᛁᛏᚣ,419
propeller,7119622,0,ᛈᚱᚩᛈᛖᛚᛚᛖᚱ,395
resembled,7117867,0,ᚱᛖᛋᛖᛗᛒᛚᛖᛞ,559
biomedical,7095255,0,ᛒᛡᛗᛖᛞᛁᚳᚪᛚ,609
cautiously,7086266,0,ᚳᚪᚢᛏᛡᚢᛋᛚᚣ,511
frankfurt,7083597,0,ᚠᚱᚪᚾᚳᚠᚢᚱᛏ,227
furnishings,7067060,0,ᚠᚢᚱᚾᛁᛋᚻᛝᛋ,284
covenants,7056412,0,ᚳᚩᚢᛖᚾᚪᚾᛏᛋ,357
spokesman,7051423,0,ᛋᛈᚩᚳᛖᛋᛗᚪᚾ,433
protector,7046879,0,ᛈᚱᚩᛏᛖᚳᛏᚩᚱ,277
preserves,7042723,0,ᛈᚱᛖᛋᛖᚱᚢᛖᛋ,375
royalties,7041811,0,ᚱᚩᚣᚪᛚᛏᛁᛖᛋ,501
indonesian,7032186,0,ᛁᚾᛞᚩᚾᛖᛋᛡᚾ,441
cooperating,7030608,0,ᚳᚩᚩᛈᛖᚱᚪᛏᛝ,383
intuitive,7022213,0,ᛁᚾᛏᚢᛁᛏᛁᚢᛖ,313
flourishing,7016171,0,ᚠᛚᚩᚢᚱᛁᛋᚻᛝ,282
precursor,7014447,0,ᛈᚱᛖᚳᚢᚱᛋᚩᚱ,219
gradients,7010500,0,ᚷᚱᚪᛞᛁᛖᚾᛏᛋ,453
anomalous,6996935,0,ᚪᚾᚩᛗᚪᛚᚩᚢᛋ,437
dignified,6966033,0,ᛞᛁᚷᚾᛁᚠᛁᛖᛞ,386
precluded,6965303,0,ᛈᚱᛖᚳᛚᚢᛞᛖᛞ,455
unskilled,6951211,0,ᚢᚾᛋᚳᛁᛚᛚᛖᛞ,431
divergent,6946400,0,ᛞᛁᚢᛖᚱᚷᛖᚾᛏ,373
remembers,6941824,0,ᚱᛖᛗᛖᛗᛒᛖᚱᛋ,479
facsimile,6931913,0,ᚠᚪᚳᛋᛁᛗᛁᛚᛖ,438
canonical,6931458,0,ᚳᚪᚾᚩᚾᛁᚳᚪᛚ,389
graphical,6917866,0,ᚷᚱᚪᛈᚻᛁᚳᚪᛚ,405
polynomial,6892951,0,ᛈᚩᛚᚣᚾᚩᛗᛡᛚ,513
valentine,6890199,0,ᚢᚪᛚᛖᚾᛏᛁᚾᛖ,455
assertions,6882492,0,ᚪᛋᛋᛖᚱᛏᛡᚾᛋ,529
listeners,6882449,0,ᛚᛁᛋᛏᛖᚾᛖᚱᛋ,443
husbandry,6878944,0,ᚻᚢᛋᛒᚪᚾᛞᚱᚣ,469
maternity,6873912,0,ᛗᚪᛏᛖᚱᚾᛁᛏᚣ,527
confronting,6851664,0,ᚳᚩᚾᚠᚱᚩᚾᛏᛝ,236
syndicate,6845153,0,ᛋᚣᚾᛞᛁᚳᚪᛏᛖ,541
precaution,6828839,0,ᛈᚱᛖᚳᚪᚢᛏᛡᚾ,429
chesapeake,6827101,0,ᚳᚻᛖᛋᚪᛈᛠᚳᛖ,485
contagious,6824574,0,ᚳᚩᚾᛏᚪᚷᛡᚢᛋ,385
downwards,6823467,0,ᛞᚩᚹᚾᚹᚪᚱᛞᛋ,413
coleridge,6820968,0,ᚳᚩᛚᛖᚱᛁᛞᚷᛖ,375
socialists,6814004,0,ᛋᚩᚳᛡᛚᛁᛋᛏᛋ,449
captivity,6801079,0,ᚳᚪᛈᛏᛁᚢᛁᛏᚣ,439
shortened,6794696,0,ᛋᚻᚩᚱᛏᛖᚾᛖᛞ,405
semantics,6793936,0,ᛋᛖᛗᚪᚾᛏᛁᚳᛋ,473
intangible,6793121,0,ᛁᚾᛏᚪᛝᛁᛒᛚᛖ,527
negotiable,6785570,0,ᚾᛖᚷᚩᛏᛡᛒᛚᛖ,487
devastating,6769618,0,ᛞᛖᚢᚪᛋᛏᚪᛏᛝ,603
nicholson,6765697,0,ᚾᛁᚳᚻᚩᛚᛋᚩᚾ,265
illnesses,6752781,0,ᛁᛚᛚᚾᛖᛋᛋᛖᛋ,499
davenport,6747477,0,ᛞᚪᚢᛖᚾᛈᚩᚱᛏ,405
posterity,6729174,0,ᛈᚩᛋᛏᛖᚱᛁᛏᚣ,433
visitation,6728762,0,ᚢᛁᛋᛁᛏᚪᛏᛡᚾ,469
underwent,6726933,0,ᚢᚾᛞᛖᚱᚹᛖᚾᛏ,373
explosions,6705635,0,ᛖᛉᛈᛚᚩᛋᛡᚾᛋ,479
polarized,6705565,0,ᛈᚩᛚᚪᚱᛁᛋᛖᛞ,471
butterfly,6696140,1,ᛒᚢᛏᛏᛖᚱᚠᛚᚣ,438
centrally,6679870,0,ᚳᛖᚾᛏᚱᚪᛚᛚᚣ,525
interacting,6673606,0,ᛁᚾᛏᛖᚱᚪᚳᛏᛝ,445
nietzsche,6671390,0,ᚾᛁᛖᛏᛋᛋᚳᚻᛖ,395
effectual,6653299,0,ᛖᚠᚠᛖᚳᛏᚢᚪᛚ,383
fireplace,6642103,0,ᚠᛁᚱᛖᛈᛚᚪᚳᛖ,404
hardships,6641333,0,ᚻᚪᚱᛞᛋᚻᛁᛈᛋ,423
horseback,6639990,0,ᚻᚩᚱᛋᛖᛒᚪᚳᚳ,345
promotions,6637984,0,ᛈᚱᚩᛗᚩᛏᛡᚾᛋ,387
tribunals,6635307,0,ᛏᚱᛁᛒᚢᚾᚪᛚᛋ,417
englishmen,6624103,0,ᛖᛝᛚᛁᛋᚻᛗᛖᚾ,493
nightmare,6613477,0,ᚾᛁᚷᚻᛏᛗᚪᚱᛖ,405
monstrous,6610077,0,ᛗᚩᚾᛋᛏᚱᚩᚢᛋ,293
elevators,6608778,0,ᛖᛚᛖᚢᚪᛏᚩᚱᛋ,437
traversed,6600728,0,ᛏᚱᚪᚢᛖᚱᛋᛖᛞ,457
suspicions,6599558,0,ᛋᚢᛋᛈᛁᚳᛡᚾᛋ,385
telegrams,6586641,0,ᛏᛖᛚᛖᚷᚱᚪᛗᛋ,515
ancestral,6586639,0,ᚪᚾᚳᛖᛋᛏᚱᚪᛚ,499
convection,6585250,0,ᚳᚩᚾᚢᛖᚳᛏᛡᚾ,327
symbolism,6579603,0,ᛋᚣᛗᛒᚩᛚᛁᛋᛗ,523
marijuana,6570128,0,ᛗᚪᚱᛁᛂᚢᚪᚾᚪ,473
parasitic,6564961,0,ᛈᚪᚱᚪᛋᛁᛏᛁᚳ,435
patiently,6555990,0,ᛈᚪᛏᛁᛖᚾᛏᛚᚣ,561
christine,6542974,0,ᚳᚻᚱᛁᛋᛏᛁᚾᛖ,317
envelopes,6540335,0,ᛖᚾᚢᛖᛚᚩᛈᛖᛋ,409
enquiries,6531260,0,ᛖᚾᚳᚹᛁᚱᛁᛖᛋ,321
fraternal,6523921,0,ᚠᚱᚪᛏᛖᚱᚾᚪᛚ,446
affiliates,6517333,0,ᚪᚠᚠᛁᛚᛡᛏᛖᛋ,491
clarified,6515869,0,ᚳᛚᚪᚱᛁᚠᛁᛖᛞ,414
sutherland,6511930,0,ᛋᚢᚦᛖᚱᛚᚪᚾᛞ,427
moderation,6508853,0,ᛗᚩᛞᛖᚱᚪᛏᛡᚾ,537
humiliation,6496983,0,ᚻᚢᛗᛁᛚᛡᛏᛡᚾ,503
pervasive,6495613,0,ᛈᛖᚱᚢᚪᛋᛁᚢᛖ,375
holocaust,6478898,0,ᚻᚩᛚᚩᚳᚪᚢᛋᛏ,335
overlooking,6468724,0,ᚩᚢᛖᚱᛚᚩᚩᚳᛝ,267
pronounce,6457226,0,ᛈᚱᚩᚾᚩᚢᚾᚳᛖ,209
envisaged,6451540,0,ᛖᚾᚢᛁᛋᚪᚷᛖᛞ,453
curricula,6447020,0,ᚳᚢᚱᚱᛁᚳᚢᛚᚪ,255
apostolic,6446512,0,ᚪᛈᚩᛋᛏᚩᛚᛁᚳ,383
exemplary,6408708,0,ᛖᛉᛖᛗᛈᛚᚪᚱᚣ,579
ventricle,6398095,0,ᚢᛖᚾᛏᚱᛁᚳᛚᛖ,353
messengers,6393794,0,ᛗᛖᛋᛋᛖᛝᛖᚱᛋ,521
annexation,6388296,0,ᚪᚾᚾᛖᛉᚪᛏᛡᚾ,561
correlate,6378541,0,ᚳᚩᚱᚱᛖᛚᚪᛏᛖ,405
sweetness,6369698,0,ᛋᚹᛖᛖᛏᚾᛖᛋᛋ,467
deference,6356133,0,ᛞᛖᚠᛖᚱᛖᚾᚳᛖ,412
policemen,6353615,0,ᛈᚩᛚᛁᚳᛖᛗᛖᚾ,401
contrived,6351330,0,ᚳᚩᚾᛏᚱᛁᚢᛖᛞ,309
multimedia,6348887,0,ᛗᚢᛚᛏᛁᛗᛖᛞᛡ,571
checklist,6341854,0,ᚳᚻᛖᚳᚳᛚᛁᛋᛏ,345
severally,6338832,0,ᛋᛖᚢᛖᚱᚪᛚᛚᚣ,547
complexion,6326662,0,ᚳᚩᛗᛈᛚᛖᛉᛡᚾ,457
attentive,6318004,0,ᚪᛏᛏᛖᚾᛏᛁᚢᛖ,471
sacrament,6308760,0,ᛋᚪᚳᚱᚪᛗᛖᚾᛏ,497
outsiders,6306561,0,ᚩᚢᛏᛋᛁᛞᛖᚱᛋ,373
migratory,6301113,0,ᛗᛁᚷᚱᚪᛏᚩᚱᚣ,407
therapists,6290652,0,ᚦᛖᚱᚪᛈᛁᛋᛏᛋ,419
equatorial,6260652,0,ᛖᚳᚹᚪᛏᚩᚱᛡᛚ,453
legendary,6255156,0,ᛚᛖᚷᛖᚾᛞᚪᚱᚣ,553
embryonic,6233918,0,ᛖᛗᛒᚱᚣᚩᚾᛁᚳ,393
trafficking,6219626,0,ᛏᚱᚪᚠᚠᛁᚳᚳᛝ,307
detriment,6217375,0,ᛞᛖᛏᚱᛁᛗᛖᚾᛏ,483
redundant,6215590,0,ᚱᛖᛞᚢᚾᛞᚪᚾᛏ,473
airplanes,6200561,0,ᚪᛁᚱᛈᛚᚪᚾᛖᛋ,501
preschool,6196396,0,ᛈᚱᛖᛋᚳᚻᚩᚩᛚ,297
youngsters,6191252,0,ᚣᚩᚢᛝᛋᛏᛖᚱᛋ,435
disparity,6190900,0,ᛞᛁᛋᛈᚪᚱᛁᛏᚣ,517
microfilm,6189684,0,ᛗᛁᚳᚱᚩᚠᛁᛚᛗ,310
wavelengths,6185967,0,ᚹᚪᚢᛖᛚᛖᛝᚦᛋ,463
pancreatic,6177844,0,ᛈᚪᚾᚳᚱᛠᛏᛁᚳ,405
catalysts,6170756,0,ᚳᚪᛏᚪᛚᚣᛋᛏᛋ,607
promoters,6168089,0,ᛈᚱᚩᛗᚩᛏᛖᚱᛋ,329
inductive,6154751,0,ᛁᚾᛞᚢᚳᛏᛁᚢᛖ,325
tightened,6149639,0,ᛏᛁᚷᚻᛏᛖᚾᛖᛞ,441
disguised,6134908,0,ᛞᛁᛋᚷᚢᛁᛋᛖᛞ,433
seasonally,6116267,0,ᛋᛠᛋᚩᚾᚪᛚᛚᚣ,597
barcelona,6114770,0,ᛒᚪᚱᚳᛖᛚᚩᚾᚪ,455
pedestrian,6114741,0,ᛈᛖᛞᛖᛋᛏᚱᛡᚾ,525
syllables,6112424,0,ᛋᚣᛚᛚᚪᛒᛚᛖᛋ,653
middleton,6110386,0,ᛗᛁᛞᛞᛚᛖᛏᚩᚾ,515
refraction,6087564,0,ᚱᛖᚠᚱᚪᚳᛏᛡᚾ,396
priesthood,6080058,0,ᛈᚱᛁᛖᛋᚦᚩᚩᛞ,313
maturation,6067016,0,ᛗᚪᛏᚢᚱᚪᛏᛡᚾ,533
annoyance,6032995,0,ᚪᚾᚾᚩᚣᚪᚾᚳᛖ,471
perimeter,6019587,0,ᛈᛖᚱᛁᛗᛖᛏᛖᚱ,427
teenagers,6009963,0,ᛏᛖᛖᚾᚪᚷᛖᚱᛋ,467
compulsion,6003174,0,ᚳᚩᛗᛈᚢᛚᛋᛡᚾ,399
translating,5990070,0,ᛏᚱᚪᚾᛋᛚᚪᛏᛝ,557
infarction,5985419,0,ᛁᚾᚠᚪᚱᚳᛏᛡᚾ,378
additives,5984012,0,ᚪᛞᛞᛁᛏᛁᚢᛖᛋ,519
divisional,5974046,0,ᛞᛁᚢᛁᛋᛡᚾᚪᛚ,513
engineered,5969286,0,ᛖᛝᛁᚾᛖᛖᚱᛖᛞ,507
elemental,5965857,0,ᛖᛚᛖᛗᛖᚾᛏᚪᛚ,603
courthouse,5965089,0,ᚳᚩᚢᚱᚦᚩᚢᛋᛖ,169
surpassed,5956016,0,ᛋᚢᚱᛈᚪᛋᛋᛖᛞ,469
pipelines,5954589,0,ᛈᛁᛈᛖᛚᛁᚾᛖᛋ,437
advertise,5946165,0,ᚪᛞᚢᛖᚱᛏᛁᛋᛖ,477
synagogue,5939478,0,ᛋᚣᚾᚪᚷᚩᚷᚢᛖ,393
surrogate,5937343,0,ᛋᚢᚱᚱᚩᚷᚪᛏᛖ,325
consonant,5927887,0,ᚳᚩᚾᛋᚩᚾᚪᚾᛏ,323
mortgagor,5927106,0,ᛗᚩᚱᛏᚷᚪᚷᚩᚱ,297
powerless,5921498,0,ᛈᚩᚹᛖᚱᛚᛖᛋᛋ,393
vigilance,5914091,0,ᚢᛁᚷᛁᛚᚪᚾᚳᛖ,361
solicited,5899319,0,ᛋᚩᛚᛁᚳᛁᛏᛖᛞ,423
morbidity,5882027,0,ᛗᚩᚱᛒᛁᛞᛁᛏᚣ,463
painfully,5879937,0,ᛈᚪᛁᚾᚠᚢᛚᛚᚣ,454
minimized,5879146,0,ᛗᛁᚾᛁᛗᛁᛋᛖᛞ,473
brokerage,5873188,0,ᛒᚱᚩᚳᛖᚱᚪᚷᛖ,351
capacitor,5867338,0,ᚳᚪᛈᚪᚳᛁᛏᚩᚱ,371
cytoplasm,5866644,0,ᚳᚣᛏᚩᛈᛚᚪᛋᛗ,519
inclusions,5855450,0,ᛁᚾᚳᛚᚢᛋᛡᚾᛋ,391
imbalance,5854863,0,ᛁᛗᛒᚪᛚᚪᚾᚳᛖ,539
signified,5848762,0,ᛋᛁᚷᚾᛁᚠᛁᛖᛞ,350
marvelous,5837478,0,ᛗᚪᚱᚢᛖᛚᚩᚢᛋ,385
corollary,5837369,0,ᚳᚩᚱᚩᛚᛚᚪᚱᚣ,395
syntactic,5822411,0,ᛋᚣᚾᛏᚪᚳᛏᛁᚳ,457
authorship,5812150,0,ᚪᚢᚦᚩᚱᛋᚻᛁᛈ,273
apprehend,5806581,0,ᚪᛈᛈᚱᛖᚻᛖᚾᛞ,469
quadratic,5798181,0,ᚳᚹᚪᛞᚱᚪᛏᛁᚳ,429
collegiate,5794587,0,ᚳᚩᛚᛚᛖᚷᛡᛏᛖ,483
commences,5793890,0,ᚳᚩᛗᛗᛖᚾᚳᛖᛋ,391
commended,5793728,0,ᚳᚩᛗᛗᛖᚾᛞᛖᛞ,503
intercept,5790317,0,ᛁᚾᛏᛖᚱᚳᛖᛈᛏ,379
completes,5781882,0,ᚳᚩᛗᛈᛚᛖᛏᛖᛋ,453
battalions,5773242,0,ᛒᚪᛏᛏᚪᛚᛡᚾᛋ,635
quadrangle,5770509,0,ᚳᚹᚪᛞᚱᚪᛝᛚᛖ,545
metaphors,5766966,0,ᛗᛖᛏᚪᛈᚻᚩᚱᛋ,431
archibald,5760081,0,ᚪᚱᚳᚻᛁᛒᚪᛚᛞ,495
courageous,5756601,0,ᚳᚩᚢᚱᚪᚷᛇᚢᛋ,245
momentary,5752977,0,ᛗᚩᛗᛖᚾᛏᚪᚱᚣ,515
benchmark,5751561,0,ᛒᛖᚾᚳᚻᛗᚪᚱᚳ,385
precarious,5737919,0,ᛈᚱᛖᚳᚪᚱᛡᚢᛋ,405
allegheny,5735316,0,ᚪᛚᛚᛖᚷᚻᛖᚾᚣ,549
endeavours,5733669,0,ᛖᚾᛞᛠᚢᚩᚢᚱᛋ,371
israelites,5731484,0,ᛁᛋᚱᚫᛚᛁᛏᛖᛋ,479
cardboard,5726502,0,ᚳᚪᚱᛞᛒᚩᚪᚱᛞ,475
emigrants,5723807,0,ᛖᛗᛁᚷᚱᚪᚾᛏᛋ,435
dissection,5721031,0,ᛞᛁᛋᛋᛖᚳᛏᛡᚾ,501
sympathies,5718114,0,ᛋᚣᛗᛈᚪᚦᛁᛖᛋ,523
adherents,5715359,0,ᚪᛞᚻᛖᚱᛖᚾᛏᛋ,495
propelled,5708457,0,ᛈᚱᚩᛈᛖᛚᛚᛖᛞ,473
disappearing,5705671,0,ᛞᛁᛋᚪᛈᛈᛠᚱᛝ,555
endocrine,5687766,0,ᛖᚾᛞᚩᚳᚱᛁᚾᛖ,343
cornelius,5681903,0,ᚳᚩᚱᚾᛖᛚᛁᚢᛋ,287
centennial,5679458,0,ᚳᛖᚾᛏᛖᚾᚾᛡᛚ,473
inhalation,5666940,0,ᛁᚾᚻᚪᛚᚪᛏᛡᚾ,545
ancillary,5666674,0,ᚪᚾᚳᛁᛚᛚᚪᚱᚣ,527
reparation,5652530,0,ᚱᛖᛈᚪᚱᚪᛏᛡᚾ,521
illegally,5651020,0,ᛁᛚᛚᛖᚷᚪᛚᛚᚣ,607
frenchman,5650927,0,ᚠᚱᛖᚾᚳᚻᛗᚪᚾ,342
congresses,5650570,0,ᚳᚩᛝᚱᛖᛋᛋᛖᛋ,403
foreigner,5636366,0,ᚠᚩᚱᛖᛁᚷᚾᛖᚱ,242
assessors,5633692,0,ᚪᛋᛋᛖᛋᛋᚩᚱᛋ,447
plutonium,5619357,0,ᛈᛚᚢᛏᚩᚾᛁᚢᛗ,319
magnetism,5618785,0,ᛗᚪᚷᚾᛖᛏᛁᛋᛗ,495
conqueror,5613452,0,ᚳᚩᚾᚳᚹᛖᚱᚩᚱ,177
statistic,5605213,0,ᛋᛏᚪᛏᛁᛋᛏᛁᚳ,455
formulating,5603424,0,ᚠᚩᚱᛗᚢᛚᚪᛏᛝ,402
cartridge,5594849,0,ᚳᚪᚱᛏᚱᛁᛞᚷᛖ,395
excursions,5593445,0,ᛖᛉᚳᚢᚱᛋᛡᚾᛋ,383
elephants,5584197,0,ᛖᛚᛖᛈᚻᚪᚾᛏᛋ,511
cultivating,5581580,0,ᚳᚢᛚᛏᛁᚢᚪᛏᛝ,417
immensely,5578472,0,ᛁᛗᛗᛖᚾᛋᛖᛚᚣ,565
roughness,5559509,0,ᚱᚩᚢᚷᚻᚾᛖᛋᛋ,263
transvaal,5558288,0,ᛏᚱᚪᚾᛋᚢᚪᚪᛚ,519
stabilize,5556020,0,ᛋᛏᚪᛒᛁᛚᛁᛋᛖ,525
corridors,5551567,0,ᚳᚩᚱᚱᛁᛞᚩᚱᛋ,233
justifies,5543737,0,ᛂᚢᛋᛏᛁᚠᛁᛖᛋ,336
memoranda,5541284,0,ᛗᛖᛗᚩᚱᚪᚾᛞᚪ,539
strenuous,5539280,0,ᛋᛏᚱᛖᚾᚢᚩᚢᛋ,285
surveyors,5538856,0,ᛋᚢᚱᚢᛖᚣᚩᚱᛋ,311
endeavored,5531867,0,ᛖᚾᛞᛠᚢᚩᚱᛖᛞ,471
fisherman,5523557,0,ᚠᛁᛋᚻᛖᚱᛗᚪᚾ,384
craftsmen,5521431,0,ᚳᚱᚪᚠᛏᛋᛗᛖᚾ,402
orthogonal,5512097,0,ᚩᚱᚦᚩᚷᚩᚾᚪᛚ,253
retaliation,5497199,0,ᚱᛖᛏᚪᛚᛡᛏᛡᚾ,609
descartes,5485946,0,ᛞᛖᛋᚳᚪᚱᛏᛖᛋ,509
mushrooms,5476523,0,ᛗᚢᛋᚻᚱᚩᚩᛗᛋ,299
amazement,5473246,0,ᚪᛗᚪᛋᛖᛗᛖᚾᛏ,611
geologists,5467013,0,ᚷᛇᛚᚩᚷᛁᛋᛏᛋ,351
doubleday,5456223,0,ᛞᚩᚢᛒᛚᛖᛞᚪᚣ,589
incubated,5454135,0,ᛁᚾᚳᚢᛒᚪᛏᛖᛞ,449
performer,5434518,0,ᛈᛖᚱᚠᚩᚱᛗᛖᚱ,290
discovers,5425799,0,ᛞᛁᛋᚳᚩᚢᛖᚱᛋ,327
unreliable,5379593,0,ᚢᚾᚱᛖᛚᛡᛒᛚᛖ,491
partitions,5372984,0,ᛈᚪᚱᛏᛁᛏᛡᚾᛋ,489
proximate,5371849,0,ᛈᚱᚩᛉᛁᛗᚪᛏᛖ,433
altitudes,5370553,0,ᚪᛚᛏᛁᛏᚢᛞᛖᛋ,531
motionless,5369302,0,ᛗᚩᛏᛡᚾᛚᛖᛋᛋ,519
whitehall,5361536,0,ᚹᚻᛁᛏᛖᚻᚪᛚᛚ,465
lighthouse,5355718,0,ᛚᛁᚷᚻᚦᚩᚢᛋᛖ,279
severance,5355563,0,ᛋᛖᚢᛖᚱᚪᚾᚳᛖ,407
mccormick,5352297,0,ᛗᚳᚳᚩᚱᛗᛁᚳᚳ,243
academics,5351312,0,ᚪᚳᚪᛞᛖᛗᛁᚳᛋ,531
constance,5348544,0,ᚳᚩᚾᛋᛏᚪᚾᚳᛖ,367
pernicious,5346879,0,ᛈᛖᚱᚾᛁᚳᛡᚢᛋ,357
receptive,5346304,0,ᚱᛖᚳᛖᛈᛏᛁᚢᛖ,361
celebrating,5336555,0,ᚳᛖᛚᛖᛒᚱᚪᛏᛝ,527
barbarous,5319100,0,ᛒᚪᚱᛒᚪᚱᚩᚢᛋ,401
tabulation,5310561,0,ᛏᚪᛒᚢᛚᚪᛏᛡᚾ,585
absurdity,5306790,0,ᚪᛒᛋᚢᚱᛞᛁᛏᚣ,507
registering,5306017,0,ᚱᛖᚷᛁᛋᛏᛖᚱᛝ,395
rutherford,5305558,0,ᚱᚢᚦᛖᚱᚠᚩᚱᛞ,206
encompass,5300005,0,ᛖᚾᚳᚩᛗᛈᚪᛋᛋ,433
fractured,5286014,0,ᚠᚱᚪᚳᛏᚢᚱᛖᛞ,352
untouched,5283689,0,ᚢᚾᛏᚩᚢᚳᚻᛖᛞ,293
endothelial,5269389,0,ᛖᚾᛞᚩᚦᛖᛚᛡᛚ,517
prospecting,5265476,0,ᛈᚱᚩᛋᛈᛖᚳᛏᛝ,375
complains,5264963,0,ᚳᚩᛗᛈᛚᚪᛁᚾᛋ,417
deceptive,5262428,0,ᛞᛖᚳᛖᛈᛏᛁᚢᛖ,439
commodore,5261564,0,ᚳᚩᛗᛗᚩᛞᚩᚱᛖ,343
anthracite,5260882,0,ᚪᚾᚦᚱᚪᚳᛁᛏᛖ,409
evergreen,5259882,0,ᛖᚢᛖᚱᚷᚱᛖᛖᚾ,339
mortgaged,5256606,0,ᛗᚩᚱᛏᚷᚪᚷᛖᛞ,435
renovation,5254437,0,ᚱᛖᚾᚩᚢᚪᛏᛡᚾ,409
versatile,5253065,0,ᚢᛖᚱᛋᚪᛏᛁᛚᛖ,461
paperwork,5241670,0,ᛈᚪᛈᛖᚱᚹᚩᚱᚳ,311
celebrity,5241487,0,ᚳᛖᛚᛖᛒᚱᛁᛏᚣ,485
anecdotes,5239360,0,ᚪᚾᛖᚳᛞᚩᛏᛖᛋ,481
falsehood,5239179,0,ᚠᚪᛚᛋᛖᚻᚩᚩᛞ,418
pediatrics,5230500,0,ᛈᛖᛞᛡᛏᚱᛁᚳᛋ,473
unsettled,5223541,0,ᚢᚾᛋᛖᛏᛏᛚᛖᛞ,499
latitudes,5223128,0,ᛚᚪᛏᛁᛏᚢᛞᛖᛋ,531
amenities,5215295,0,ᚪᛗᛖᚾᛁᛏᛁᛖᛋ,505
validated,5214158,0,ᚢᚪᛚᛁᛞᚪᛏᛖᛞ,605
aggrieved,5212242,0,ᚪᚷᚷᚱᛁᛖᚢᛖᛞ,399
landowner,5209725,0,ᛚᚪᚾᛞᚩᚹᚾᛖᚱ,421
dynamical,5207160,0,ᛞᚣᚾᚪᛗᛁᚳᚪᛚ,603
ideologies,5206579,0,ᛁᛞᛇᛚᚩᚷᛁᛖᛋ,409
frightening,5203783,0,ᚠᚱᛁᚷᚻᛏᛖᚾᛝ,318
juveniles,5198258,0,ᛂᚢᚢᛖᚾᛁᛚᛖᛋ,363
josephine,5196106,0,ᛂᚩᛋᛖᛈᚻᛁᚾᛖ,357
laminated,5192459,0,ᛚᚪᛗᛁᚾᚪᛏᛖᛞ,613
obscurity,5187582,0,ᚩᛒᛋᚳᚢᚱᛁᛏᚣ,341
armistice,5185542,0,ᚪᚱᛗᛁᛋᛏᛁᚳᛖ,433
bernstein,5174116,0,ᛒᛖᚱᚾᛋᛏᛖᛁᚾ,407
enjoyable,5171915,0,ᛖᚾᛂᚩᚣᚪᛒᛚᛖ,541
amplified,5161004,0,ᚪᛗᛈᛚᛁᚠᛁᛖᛞ,504
fantasies,5153077,0,ᚠᚪᚾᛏᚪᛋᛁᛖᛋ,488
coincides,5147081,0,ᚳᚩᛁᚾᚳᛁᛞᛖᛋ,333
staggered,5146776,0,ᛋᛏᚪᚷᚷᛖᚱᛖᛞ,477
guideline,5141879,0,ᚷᚢᛁᛞᛖᛚᛁᚾᛖ,407
dispersal,5139473,0,ᛞᛁᛋᛈᛖᚱᛋᚪᛚ,517
supporter,5136392,0,ᛋᚢᛈᛈᚩᚱᛏᛖᚱ,297
criticize,5121939,0,ᚳᚱᛁᛏᛁᚳᛁᛋᛖ,309
pollutant,5110257,0,ᛈᚩᛚᛚᚢᛏᚪᚾᛏ,443
boyfriend,5095021,0,ᛒᚩᚣᚠᚱᛁᛖᚾᛞ,400
speculate,5091786,0,ᛋᛈᛖᚳᚢᛚᚪᛏᛖ,475
formative,5090587,0,ᚠᚩᚱᛗᚪᛏᛁᚢᛖ,348
predators,5086701,0,ᛈᚱᛖᛞᚪᛏᚩᚱᛋ,437
irritated,5079852,0,ᛁᚱᚱᛁᛏᚪᛏᛖᛞ,455
manifesto,5069299,0,ᛗᚪᚾᛁᚠᛖᛋᛏᚩ,416
informant,5063299,0,ᛁᚾᚠᚩᚱᛗᚪᚾᛏ,336
assignors,5061409,0,ᚪᛋᛋᛁᚷᚾᚩᚱᛋ,351
corrosive,5058295,0,ᚳᚩᚱᚱᚩᛋᛁᚢᛖ,203
habitation,5056717,0,ᚻᚪᛒᛁᛏᚪᛏᛡᚾ,563
mentality,5053038,0,ᛗᛖᚾᛏᚪᛚᛁᛏᚣ,589
knoxville,5045860,0,ᚳᚾᚩᛉᚢᛁᛚᛚᛖ,343
deterrent,5044878,0,ᛞᛖᛏᛖᚱᚱᛖᚾᛏ,459
bonaparte,5042631,0,ᛒᚩᚾᚪᛈᚪᚱᛏᛖ,471
stagnation,5032665,0,ᛋᛏᚪᚷᚾᚪᛏᛡᚾ,547
rosenberg,5032169,0,ᚱᚩᛋᛖᚾᛒᛖᚱᚷ,323
disagreed,5007323,0,ᛞᛁᛋᚪᚷᚱᛖᛖᛞ,521
mcclellan,5005380,0,ᛗᚳᚳᛚᛖᛚᛚᚪᚾ,509
coronation,4995239,0,ᚳᚩᚱᚩᚾᚪᛏᛡᚾ,359
stratford,4993514,0,ᛋᛏᚱᚪᛏᚠᚩᚱᛞ,388
manifests,4990793,0,ᛗᚪᚾᛁᚠᛖᛋᛏᛋ,462
mosquitoes,4989649,0,ᛗᚩᛋᚳᚹᛁᛏᛟᛋ,389
designating,4985027,0,ᛞᛖᛋᛁᚷᚾᚪᛏᛝ,521
removable,4975046,0,ᚱᛖᛗᚩᚢᚪᛒᛚᛖ,457
liberally,4974095,0,ᛚᛁᛒᛖᚱᚪᛚᛚᚣ,589
indenture,4967004,0,ᛁᚾᛞᛖᚾᛏᚢᚱᛖ,385
heidegger,4965698,0,ᚻᛖᛁᛞᛖᚷᚷᛖᚱ,389
galveston,4963331,0,ᚷᚪᛚᚢᛖᛋᛏᚩᚾ,405
shoreline,4958715,0,ᛋᚻᚩᚱᛖᛚᛁᚾᛖ,361
deciduous,4958433,0,ᛞᛖᚳᛁᛞᚢᚩᚢᛋ,355
purported,4955120,0,ᛈᚢᚱᛈᚩᚱᛏᛖᛞ,333
grotesque,4954489,0,ᚷᚱᚩᛏᛖᛋᚳᚹᛖ,313
thrombosis,4943686,0,ᚦᚱᚩᛗᛒᚩᛋᛁᛋ,299
lubricating,4938322,0,ᛚᚢᛒᚱᛁᚳᚪᛏᛝ,427
licensees,4936124,0,ᛚᛁᚳᛖᚾᛋᛖᛖᛋ,453
parkinson,4926403,0,ᛈᚪᚱᚳᛁᚾᛋᚩᚾ,313
acquitted,4919803,0,ᚪᚳᚳᚹᛁᛏᛏᛖᛞ,447
tolerable,4911780,0,ᛏᚩᛚᛖᚱᚪᛒᛚᛖ,515
implanted,4900593,0,ᛁᛗᛈᛚᚪᚾᛏᛖᛞ,559
splendour,4896320,0,ᛋᛈᛚᛖᚾᛞᚩᚢᚱ,375
corinthians,4894762,0,ᚳᚩᚱᛁᚾᚦᛡᚾᛋ,285
neurology,4893774,0,ᚾᛖᚢᚱᚩᛚᚩᚷᚣ,317
exogenous,4881337,0,ᛖᛉᚩᚷᛖᚾᚩᚢᛋ,297
intestate,4880760,0,ᛁᚾᛏᛖᛋᛏᚪᛏᛖ,521
broadened,4876623,0,ᛒᚱᚩᚪᛞᛖᚾᛖᛞ,517
alienated,4875344,0,ᚪᛚᛁᛖᚾᚪᛏᛖᛞ,609
courtroom,4871611,0,ᚳᚩᚢᚱᛏᚱᚩᚩᛗ,189
deformity,4862079,0,ᛞᛖᚠᚩᚱᛗᛁᛏᚣ,440
apologize,4860804,0,ᚪᛈᚩᛚᚩᚷᛁᛋᛖ,395
uppermost,4859501,0,ᚢᛈᛈᛖᚱᛗᚩᛋᛏ,357
sclerosis,4857339,0,ᛋᚳᛚᛖᚱᚩᛋᛁᛋ,361
resumption,4857064,0,ᚱᛖᛋᚢᛗᛈᛏᛡᚾ,443
reactionary,4854507,0,ᚱᛠᚳᛏᛡᚾᚪᚱᚣ,539
regulates,4833729,0,ᚱᛖᚷᚢᛚᚪᛏᛖᛋ,447
underwood,4830625,0,ᚢᚾᛞᛖᚱᚹᚩᚩᛞ,321
thresholds,4830329,0,ᚦᚱᛖᛋᚻᚩᛚᛞᛋ,381
fountains,4823133,0,ᚠᚩᚢᚾᛏᚪᛁᚾᛋ,310
reflector,4819305,0,ᚱᛖᚠᛚᛖᚳᛏᚩᚱ,310
hereunder,4816599,0,ᚻᛖᚱᛖᚢᚾᛞᛖᚱ,367
foresight,4810693,0,ᚠᚩᚱᛖᛋᛁᚷᚻᛏ,270
gibraltar,4807570,0,ᚷᛁᛒᚱᚪᛚᛏᚪᚱ,457
classifying,4803539,0,ᚳᛚᚪᛋᛋᛁᚠᚣᛝ,504
organizer,4802009,0,ᚩᚱᚷᚪᚾᛁᛋᛖᚱ,323
guerrilla,4801454,0,ᚷᚢᛖᚱᚱᛁᛚᛚᚪ,383
dilatation,4800552,0,ᛞᛁᛚᚪᛏᚪᛏᛡᚾ,641
clinicians,4799062,0,ᚳᛚᛁᚾᛁᚳᛡᚾᛋ,379
stuttgart,4794074,0,ᛋᛏᚢᛏᛏᚷᚪᚱᛏ,417
rodriguez,4793519,0,ᚱᚩᛞᚱᛁᚷᚢᛖᛋ,289
evacuated,4790503,0,ᛖᚢᚪᚳᚢᚪᛏᛖᛞ,495
servitude,4783742,0,ᛋᛖᚱᚢᛁᛏᚢᛞᛖ,383
tenements,4776913,0,ᛏᛖᚾᛖᛗᛖᚾᛏᛋ,501
dominates,4774564,0,ᛞᚩᛗᛁᚾᚪᛏᛖᛋ,503
inversely,4769806,0,ᛁᚾᚢᛖᚱᛋᛖᛚᚣ,437
frivolous,4762540,0,ᚠᚱᛁᚢᚩᛚᚩᚢᛋ,190
unofficial,4758808,0,ᚢᚾᚩᚠᚠᛁᚳᛡᛚ,267
discloses,4757669,0,ᛞᛁᛋᚳᛚᚩᛋᛖᛋ,439
consulate,4753833,0,ᚳᚩᚾᛋᚢᛚᚪᛏᛖ,401
pleasantly,4749258,0,ᛈᛚᛠᛋᚪᚾᛏᛚᚣ,639
asymmetry,4747628,0,ᚪᛋᚣᛗᛗᛖᛏᚱᚣ,635
originals,4737150,0,ᚩᚱᛁᚷᛁᚾᚪᛚᛋ,349
unnoticed,4734177,0,ᚢᚾᚾᚩᛏᛁᚳᛖᛞ,327
blacksmith,4723630,0,ᛒᛚᚪᚳᚳᛋᛗᛁᚦ,417
appraised,4721656,0,ᚪᛈᛈᚱᚪᛁᛋᛖᛞ,531
skeptical,4715151,0,ᛋᚳᛖᛈᛏᛁᚳᚪᛚ,449
intrusive,4714402,0,ᛁᚾᛏᚱᚢᛋᛁᚢᛖ,287
connector,4713736,0,ᚳᚩᚾᚾᛖᚳᛏᚩᚱ,235
atonement,4712097,0,ᚪᛏᚩᚾᛖᛗᛖᚾᛏ,485
frankfort,4709467,0,ᚠᚱᚪᚾᚳᚠᚩᚱᛏ,231
oxidative,4708915,0,ᚩᛉᛁᛞᚪᛏᛁᚢᛖ,431
surrounds,4692489,0,ᛋᚢᚱᚱᚩᚢᚾᛞᛋ,259
unpopular,4685690,0,ᚢᚾᛈᚩᛈᚢᛚᚪᚱ,309
demolition,4679414,0,ᛞᛖᛗᚩᛚᛁᛏᛡᚾ,533
constancy,4661801,0,ᚳᚩᚾᛋᛏᚪᚾᚳᚣ,403
reimburse,4649091,0,ᚱᛖᛁᛗᛒᚢᚱᛋᛖ,375
conjugate,4647788,0,ᚳᚩᚾᛂᚢᚷᚪᛏᛖ,329
armaments,4645384,0,ᚪᚱᛗᚪᛗᛖᚾᛏᛋ,555
stabilizing,4638415,0,ᛋᛏᚪᛒᛁᛚᛁᛋᛝ,537
progressing,4631726,0,ᛈᚱᚩᚷᚱᛖᛋᛋᛝ,341
nurseries,4628922,0,ᚾᚢᚱᛋᛖᚱᛁᛖᛋ,325
residency,4627768,0,ᚱᛖᛋᛁᛞᛖᚾᚳᚣ,463
rebellious,4624552,0,ᚱᛖᛒᛖᛚᛚᛡᚢᛋ,515
anxieties,4623339,0,ᚪᚾᛉᛁᛖᛏᛁᛖᛋ,481
sacrificing,4622565,0,ᛋᚪᚳᚱᛁᚠᛁᚳᛝ,330
simulator,4616127,0,ᛋᛁᛗᚢᛚᚪᛏᚩᚱ,405
assuredly,4611969,0,ᚪᛋᛋᚢᚱᛖᛞᛚᚣ,549
gymnasium,4608466,0,ᚷᚣᛗᚾᚪᛋᛁᚢᛗ,475
purposely,4600286,0,ᛈᚢᚱᛈᚩᛋᛖᛚᚣ,403
indignant,4599365,0,ᛁᚾᛞᛁᚷᚾᚪᚾᛏ,411
conserved,4589854,0,ᚳᚩᚾᛋᛖᚱᚢᛖᛞ,339
fragrance,4573256,0,ᚠᚱᚪᚷᚱᚪᚾᚳᛖ,344
peritoneal,4569957,0,ᛈᛖᚱᛁᛏᚩᚾᛠᛚ,429
wakefield,4568825,0,ᚹᚪᚳᛖᚠᛁᛖᛚᛞ,458
pluralism,4557917,0,ᛈᛚᚢᚱᚪᛚᛁᛋᛗ,455
gratified,4557776,0,ᚷᚱᚪᛏᛁᚠᛁᛖᛞ,404
throughput,4556344,0,ᚦᚱᚩᚢᚷᚻᛈᚢᛏ,171
pathogenic,4554349,0,ᛈᚪᚦᚩᚷᛖᚾᛁᚳ,309
soundness,4549063,0,ᛋᚩᚢᚾᛞᚾᛖᛋᛋ,383
subsystem,4544054,0,ᛋᚢᛒᛋᚣᛋᛏᛖᛗ,523
interplay,4535404,0,ᛁᚾᛏᛖᚱᛈᛚᚪᚣ,513
blackburn,4527795,0,ᛒᛚᚪᚳᚳᛒᚢᚱᚾ,361
maxillary,4526593,0,ᛗᚪᛉᛁᛚᛚᚪᚱᚣ,603
inpatient,4520560,0,ᛁᚾᛈᚪᛏᛁᛖᚾᛏ,445
affliction,4518724,0,ᚪᚠᚠᛚᛁᚳᛏᛡᚾ,413
separator,4514129,0,ᛋᛖᛈᚪᚱᚪᛏᚩᚱ,445
outwardly,4512324,0,ᚩᚢᛏᚹᚪᚱᛞᛚᚣ,461
corrupted,4503019,0,ᚳᚩᚱᚱᚢᛈᛏᛖᛞ,303
obstinate,4501237,0,ᚩᛒᛋᛏᛁᚾᚪᛏᛖ,463
realisation,4497759,0,ᚱᛠᛚᛁᛋᚪᛏᛡᚾ,569
lucrative,4495671,0,ᛚᚢᚳᚱᚪᛏᛁᚢᛖ,357
pavements,4475557,0,ᛈᚪᚢᛖᛗᛖᚾᛏᛋ,489
fluctuating,4474308,0,ᚠᛚᚢᚳᛏᚢᚪᛏᛝ,388
annotation,4473699,0,ᚪᚾᚾᚩᛏᚪᛏᛡᚾ,513
counselling,4470485,0,ᚳᚩᚢᚾᛋᛖᛚᛚᛝ,397
clustered,4463517,0,ᚳᛚᚢᛋᛏᛖᚱᛖᛞ,435
secretions,4461125,0,ᛋᛖᚳᚱᛖᛏᛡᚾᛋ,459
arrogance,4460722,0,ᚪᚱᚱᚩᚷᚪᚾᚳᛖ,349
circulate,4460270,0,ᚳᛁᚱᚳᚢᛚᚪᛏᛖ,367
isotropic,4460042,0,ᛁᛋᚩᛏᚱᚩᛈᛁᚳ,255
disrupted,4458519,0,ᛞᛁᛋᚱᚢᛈᛏᛖᛞ,445
hitchcock,4452461,0,ᚻᛁᛏᚳᚻᚳᚩᚳᚳ,195
disparate,4449861,0,ᛞᛁᛋᛈᚪᚱᚪᛏᛖ,547
barbarians,4449637,0,ᛒᚪᚱᛒᚪᚱᛡᚾᛋ,527
toughness,4447538,0,ᛏᚩᚢᚷᚻᚾᛖᛋᛋ,311
nucleotide,4446386,0,ᚾᚢᚳᛚᛇᛏᛁᛞᛖ,405
intimated,4445359,0,ᛁᚾᛏᛁᛗᚪᛏᛖᛞ,533
gallagher,4440834,0,ᚷᚪᛚᛚᚪᚷᚻᛖᚱ,475
scratched,4431498,0,ᛋᚳᚱᚪᛏᚳᚻᛖᛞ,425
extrinsic,4430874,0,ᛖᛉᛏᚱᛁᚾᛋᛁᚳ,341
academies,4429604,0,ᚪᚳᚪᛞᛖᛗᛁᛖᛋ,585
groceries,4420529,0,ᚷᚱᚩᚳᛖᚱᛁᛖᛋ,277
curtailed,4418046,0,ᚳᚢᚱᛏᚪᛁᛚᛖᛞ,443
percussion,4410011,0,ᛈᛖᚱᚳᚢᛋᛋᛡᚾ,379
seventies,4409464,0,ᛋᛖᚢᛖᚾᛏᛁᛖᛋ,429
endeavouring,4406499,0,ᛖᚾᛞᛠᚢᚩᚢᚱᛝ,397
extraneous,4406437,0,ᛖᛉᛏᚱᚪᚾᛇᚢᛋ,407
worksheet,4404067,0,ᚹᚩᚱᚳᛋᚻᛖᛖᛏ,319
ballistic,4396111,0,ᛒᚪᛚᛚᛁᛋᛏᛁᚳ,491
anesthetic,4395563,0,ᚪᚾᛖᛋᚦᛖᛏᛁᚳ,421
parchment,4392369,0,ᛈᚪᚱᚳᚻᛗᛖᚾᛏ,413
mysticism,4389906,0,ᛗᚣᛋᛏᛁᚳᛁᛋᛗ,485
vertebral,4384525,0,ᚢᛖᚱᛏᛖᛒᚱᚪᛚ,449
sidewalks,4379480,0,ᛋᛁᛞᛖᚹᚪᛚᚳᛋ,495
clergymen,4377960,0,ᚳᛚᛖᚱᚷᚣᛗᛖᚾ,451
circulars,4376525,0,ᚳᛁᚱᚳᚢᛚᚪᚱᛋ,305
instructing,4375484,0,ᛁᚾᛋᛏᚱᚢᚳᛏᛝ,337
infantile,4374146,0,ᛁᚾᚠᚪᚾᛏᛁᛚᛖ,418
rheumatic,4367695,0,ᚱᚻᛖᚢᛗᚪᛏᛁᚳ,375
magnified,4365780,0,ᛗᚪᚷᚾᛁᚠᛁᛖᛞ,434
debenture,4360454,0,ᛞᛖᛒᛖᚾᛏᚢᚱᛖ,453
envisioned,4356541,0,ᛖᚾᚢᛁᛋᛡᚾᛖᛞ,475
iterative,4352831,0,ᛁᛏᛖᚱᚪᛏᛁᚢᛖ,425
landmarks,4350983,0,ᛚᚪᚾᛞᛗᚪᚱᚳᛋ,533
subgroups,4345830,0,ᛋᚢᛒᚷᚱᚩᚢᛈᛋ,251
surpluses,4340932,0,ᛋᚢᚱᛈᛚᚢᛋᛖᛋ,359
frightful,4335710,0,ᚠᚱᛁᚷᚻᛏᚠᚢᛚ,221
repressed,4334784,0,ᚱᛖᛈᚱᛖᛋᛋᛖᛞ,461
executions,4330037,0,ᛖᛉᛖᚳᚢᛏᛡᚾᛋ,445
bookkeeping,4328993,0,ᛒᚩᚩᚳᚳᛖᛖᛈᛝ,357
delineated,4325437,0,ᛞᛖᛚᛁᚾᛠᛏᛖᛞ,613
paperback,4322428,0,ᛈᚪᛈᛖᚱᛒᚪᚳᚳ,445
drawbacks,4321540,0,ᛞᚱᚪᚹᛒᚪᚳᚳᛋ,453
christina,4317469,0,ᚳᚻᚱᛁᛋᛏᛁᚾᚪ,347
shepherds,4317050,0,ᛋᚻᛖᛈᚻᛖᚱᛞᛋ,429
infirmary,4307468,0,ᛁᚾᚠᛁᚱᛗᚪᚱᚣ,386
colorless,4305198,0,ᚳᚩᛚᚩᚱᛚᛖᛋᛋ,357
disbelief,4297357,0,ᛞᛁᛋᛒᛖᛚᛁᛖᚠ,474
inelastic,4292384,0,ᛁᚾᛖᛚᚪᛋᛏᛁᚳ,453
reclaimed,4289060,0,ᚱᛖᚳᛚᚪᛁᛗᛖᛞ,519
mauritius,4285844,0,ᛗᚪᚢᚱᛁᛏᛁᚢᛋ,359
cosmetics,4284297,0,ᚳᚩᛋᛗᛖᛏᛁᚳᛋ,367
hurriedly,4280500,0,ᚻᚢᚱᚱᛁᛖᛞᛚᚣ,411
dishonest,4273827,0,ᛞᛁᛋᚻᚩᚾᛖᛋᛏ,411
incessant,4269959,0,ᛁᚾᚳᛖᛋᛋᚪᚾᛏ,431
doctrinal,4266638,0,ᛞᚩᚳᛏᚱᛁᚾᚪᛚ,409
reviewers,4263423,0,ᚱᛖᚢᛁᛖᚹᛖᚱᛋ,329
lymphatic,4263364,0,ᛚᚣᛗᛈᚻᚪᛏᛁᚳ,513
colloidal,4262040,0,ᚳᚩᛚᛚᚩᛁᛞᚪᛚ,463
undoubted,4260607,0,ᚢᚾᛞᚩᚢᛒᛏᛖᛞ,407
causality,4260342,0,ᚳᚪᚢᛋᚪᛚᛁᛏᚣ,529
nervously,4258343,0,ᚾᛖᚱᚢᚩᚢᛋᛚᚣ,349
barrister,4253073,0,ᛒᚪᚱᚱᛁᛋᛏᛖᚱ,401
outskirts,4251999,0,ᚩᚢᛏᛋᚳᛁᚱᛏᛋ,289
menstrual,4251554,0,ᛗᛖᚾᛋᛏᚱᚢᚪᛚ,463
valuations,4246113,0,ᚢᚪᛚᚢᚪᛏᛡᚾᛋ,521
consigned,4245631,0,ᚳᚩᚾᛋᛁᚷᚾᛖᛞ,335
inventors,4241564,0,ᛁᚾᚢᛖᚾᛏᚩᚱᛋ,289
coincided,4235921,0,ᚳᚩᛁᚾᚳᛁᛞᛖᛞ,369
visualize,4227200,0,ᚢᛁᛋᚢᚪᛚᛁᛋᛖ,411
hypocrisy,4226339,0,ᚻᚣᛈᚩᚳᚱᛁᛋᚣ,387
predictor,4225842,0,ᛈᚱᛖᛞᛁᚳᛏᚩᚱ,331
surprises,4220759,0,ᛋᚢᚱᛈᚱᛁᛋᛖᛋ,325
modulated,4219766,0,ᛗᚩᛞᚢᛚᚪᛏᛖᛞ,555
vineyards,4219093,0,ᚢᛁᚾᛖᚣᚪᚱᛞᛋ,483
distressing,4218497,0,ᛞᛁᛋᛏᚱᛖᛋᛋᛝ,495
stillness,4216463,0,ᛋᛏᛁᛚᛚᚾᛖᛋᛋ,491
suppressing,4211705,0,ᛋᚢᛈᛈᚱᛖᛋᛋᛝ,405
emptiness,4206994,0,ᛖᛗᛈᛏᛁᚾᛖᛋᛋ,473
expansive,4206418,0,ᛖᛉᛈᚪᚾᛋᛁᚢᛖ,437
outrageous,4201007,0,ᚩᚢᛏᚱᚪᚷᛇᚢᛋ,291
uneasiness,4198223,0,ᚢᚾᛠᛋᛁᚾᛖᛋᛋ,427
brightest,4181468,0,ᛒᚱᛁᚷᚻᛏᛖᛋᛏ,381
berkshire,4177512,0,ᛒᛖᚱᚳᛋᚻᛁᚱᛖ,337
toleration,4174757,0,ᛏᚩᛚᛖᚱᚪᛏᛡᚾ,509
stylistic,4172425,0,ᛋᛏᚣᛚᛁᛋᛏᛁᚳ,475
precludes,4171959,0,ᛈᚱᛖᚳᛚᚢᛞᛖᛋ,419
fairbanks,4170946,0,ᚠᚪᛁᚱᛒᚪᚾᚳᛋ,394
rotterdam,4168911,0,ᚱᚩᛏᛏᛖᚱᛞᚪᛗ,471
epidemics,4167444,0,ᛖᛈᛁᛞᛖᛗᛁᚳᛋ,465
recitation,4167158,0,ᚱᛖᚳᛁᛏᚪᛏᛡᚾ,473
reproducing,4162639,0,ᚱᛖᛈᚱᚩᛞᚢᚳᛝ,323
resilient,4160785,0,ᚱᛖᛋᛁᛚᛁᛖᚾᛏ,421
recorders,4149305,0,ᚱᛖᚳᚩᚱᛞᛖᚱᛋ,329
patterned,4144053,0,ᛈᚪᛏᛏᛖᚱᚾᛖᛞ,521
nominally,4142217,0,ᚾᚩᛗᛁᚾᚪᛚᛚᚣ,513
childbirth,4139301,0,ᚳᚻᛁᛚᛞᛒᛁᚱᚦ,337
anteriorly,4136288,0,ᚪᚾᛏᛖᚱᛡᚱᛚᚣ,557
freshness,4135439,0,ᚠᚱᛖᛋᚻᚾᛖᛋᛋ,358
explorers,4135407,0,ᛖᛉᛈᛚᚩᚱᛖᚱᛋ,379
subjection,4135033,0,ᛋᚢᛒᛂᛖᚳᛏᛡᚾ,429
overseers,4133520,0,ᚩᚢᛖᚱᛋᛖᛖᚱᛋ,339
syndromes,4126461,0,ᛋᚣᚾᛞᚱᚩᛗᛖᛋ,483
martyrdom,4119404,0,ᛗᚪᚱᛏᚣᚱᛞᚩᛗ,519
prodigious,4116347,0,ᛈᚱᚩᛞᛁᚷᛡᚢᛋ,361
phenotype,4113680,0,ᛈᚻᛖᚾᚩᛏᚣᛈᛖ,441
newcomers,4113419,0,ᚾᛖᚹᚳᚩᛗᛖᚱᛋ,337
portfolios,4110670,0,ᛈᚩᚱᛏᚠᚩᛚᛡᛋ,362
despotism,4109938,0,ᛞᛖᛋᛈᚩᛏᛁᛋᛗ,473
specializing,4103697,0,ᛋᛈᛖᚳᛡᛚᛁᛋᛝ,519
modernism,4102195,0,ᛗᚩᛞᛖᚱᚾᛁᛋᛗ,429
enzymatic,4102016,0,ᛖᚾᛋᚣᛗᚪᛏᛁᚳ,523
negatives,4100240,0,ᚾᛖᚷᚪᛏᛁᚢᛖᛋ,423
dissolves,4088608,0,ᛞᛁᛋᛋᚩᛚᚢᛖᛋ,429
revisited,4083752,0,ᚱᛖᚢᛁᛋᛁᛏᛖᛞ,411
tragedies,4081348,0,ᛏᚱᚪᚷᛖᛞᛁᛖᛋ,491
boundless,4075646,0,ᛒᚩᚢᚾᛞᛚᛖᛋᛋ,435
articular,4072127,0,ᚪᚱᛏᛁᚳᚢᛚᚪᚱ,395
epidermis,4071387,0,ᛖᛈᛁᛞᛖᚱᛗᛁᛋ,463
champaign,4068218,0,ᚳᚻᚪᛗᛈᚪᛁᚷᚾ,421
doctorate,4066435,0,ᛞᚩᚳᛏᚩᚱᚪᛏᛖ,409
veritable,4063052,0,ᚢᛖᚱᛁᛏᚪᛒᛚᛖ,469
cultivars,4060471,0,ᚳᚢᛚᛏᛁᚢᚪᚱᛋ,343
grassland,4059277,0,ᚷᚱᚪᛋᛋᛚᚪᚾᛞ,519
analogies,4048869,0,ᚪᚾᚪᛚᚩᚷᛁᛖᛋ,471
discredit,4046466,0,ᛞᛁᛋᚳᚱᛖᛞᛁᛏ,443
hydrology,4041285,0,ᚻᚣᛞᚱᚩᛚᚩᚷᚣ,433
babylonian,4039460,0,ᛒᚪᛒᚣᛚᚩᚾᛡᚾ,567
entrances,4036956,0,ᛖᚾᛏᚱᚪᚾᚳᛖᛋ,425
granville,4036569,0,ᚷᚱᚪᚾᚢᛁᛚᛚᛖ,401
kilograms,4033760,0,ᚳᛁᛚᚩᚷᚱᚪᛗᛋ,373
obliquely,4032119,0,ᚩᛒᛚᛁᚳᚹᛖᛚᚣ,447
conquests,4028677,0,ᚳᚩᚾᚳᚹᛖᛋᛏᛋ,313
inaugural,4022242,0,ᛁᚾᚪᚢᚷᚢᚱᚪᛚ,361
desolation,4021581,0,ᛞᛖᛋᚩᛚᚪᛏᛡᚾ,581
zimmerman,4019821,0,ᛋᛁᛗᛗᛖᚱᛗᚪᚾ,501
gunpowder,4016959,0,ᚷᚢᚾᛈᚩᚹᛞᛖᚱ,285
moderator,4013618,0,ᛗᚩᛞᛖᚱᚪᛏᚩᚱ,419
partridge,4006732,0,ᛈᚪᚱᛏᚱᛁᛞᚷᛖ,425
physicist,4003931,0,ᛈᚻᚣᛋᛁᚳᛁᛋᛏ,409
portrayal,4002078,0,ᛈᚩᚱᛏᚱᚪᚣᚪᛚ,501
broadband,4000730,0,ᛒᚱᚩᚪᛞᛒᚪᚾᛞ,541
lubricant,3999702,0,ᛚᚢᛒᚱᛁᚳᚪᚾᛏ,377
destroyer,3998283,0,ᛞᛖᛋᛏᚱᚩᚣᛖᚱ,467
recapture,3986168,0,ᚱᛖᚳᚪᛈᛏᚢᚱᛖ,371
fruitless,3978636,0,ᚠᚱᚢᛁᛏᛚᛖᛋᛋ,352
intersect,3976915,0,ᛁᚾᛏᛖᚱᛋᛖᚳᛏ,389
sprinkled,3966537,0,ᛋᛈᚱᛁᚾᚳᛚᛖᛞ,409
ventilating,3964610,0,ᚢᛖᚾᛏᛁᛚᚪᛏᛝ,497
prudential,3964591,0,ᛈᚱᚢᛞᛖᚾᛏᛡᛚ,481
greenberg,3963843,0,ᚷᚱᛖᛖᚾᛒᛖᚱᚷ,347
marquette,3961895,0,ᛗᚪᚱᚳᚹᛖᛏᛏᛖ,463
popularly,3958236,0,ᛈᚩᛈᚢᛚᚪᚱᛚᚣ,453
incipient,3949874,0,ᛁᚾᚳᛁᛈᛁᛖᚾᛏ,333
gorbachev,3945363,0,ᚷᚩᚱᛒᚪᚳᚻᛖᚢ,299
possessor,3945193,0,ᛈᚩᛋᛋᛖᛋᛋᚩᚱ,347
adaptable,3944982,0,ᚪᛞᚪᛈᛏᚪᛒᛚᛖ,683
dormitory,3943421,0,ᛞᚩᚱᛗᛁᛏᚩᚱᚣ,389
annapolis,3937448,0,ᚪᚾᚾᚪᛈᚩᛚᛁᛋ,459
acetylene,3930064,0,ᚪᚳᛖᛏᚣᛚᛖᚾᛖ,575
enrolment,3929156,0,ᛖᚾᚱᚩᛚᛗᛖᚾᛏ,413
squadrons,3928345,0,ᛋᚳᚹᚪᛞᚱᚩᚾᛋ,371
crucified,3926238,0,ᚳᚱᚢᚳᛁᚠᛁᛖᛞ,260
scrambled,3925191,0,ᛋᚳᚱᚪᛗᛒᛚᛖᛞ,535
qualifies,3923927,0,ᚳᚹᚪᛚᛁᚠᛁᛖᛋ,386
nocturnal,3922772,0,ᚾᚩᚳᛏᚢᚱᚾᚪᛚ,321
consignee,3922458,0,ᚳᚩᚾᛋᛁᚷᚾᛖᛖ,313
disgusted,3917251,0,ᛞᛁᛋᚷᚢᛋᛏᛖᛞ,461
structuring,3916250,0,ᛋᛏᚱᚢᚳᛏᚢᚱᛝ,291
predatory,3910334,0,ᛈᚱᛖᛞᚪᛏᚩᚱᚣ,487
paralyzed,3907775,0,ᛈᚪᚱᚪᛚᚣᛋᛖᛞ,633
glandular,3907517,0,ᚷᛚᚪᚾᛞᚢᛚᚪᚱ,489
barometer,3905677,0,ᛒᚪᚱᚩᛗᛖᛏᛖᚱ,451
medically,3905455,0,ᛗᛖᛞᛁᚳᚪᛚᛚᚣ,617
compaction,3903052,0,ᚳᚩᛗᛈᚪᚳᛏᛡᚾ,439
momentous,3901222,0,ᛗᚩᛗᛖᚾᛏᚩᚢᛋ,367
platelets,3899747,0,ᛈᛚᚪᛏᛖᛚᛖᛏᛋ,591
livingstone,3897205,0,ᛚᛁᚢᛝᛋᛏᚩᚾᛖ,401
precincts,3895287,0,ᛈᚱᛖᚳᛁᚾᚳᛏᛋ,319
brutality,3891125,0,ᛒᚱᚢᛏᚪᛚᛁᛏᚣ,497
saturdays,3888312,0,ᛋᚪᛏᚢᚱᛞᚪᚣᛋ,565
hindrance,3887177,0,ᚻᛁᚾᛞᚱᚪᚾᚳᛖ,389
pathologic,3887146,0,ᛈᚪᚦᚩᛚᚩᚷᛁᚳ,293
quartzite,3883402,0,ᚳᚹᚪᚱᛏᛋᛁᛏᛖ,409
postulate,3879216,0,ᛈᚩᛋᛏᚢᛚᚪᛏᛖ,461
forefront,3877209,0,ᚠᚩᚱᛖᚠᚱᚩᚾᛏ,195
francesco,3875689,0,ᚠᚱᚪᚾᚳᛖᛋᚳᚩ,292
biographer,3873688,0,ᛒᛡᚷᚱᚪᛈᚻᛖᚱ,437
hyderabad,3872470,0,ᚻᚣᛞᛖᚱᚪᛒᚪᛞ,637
nutritive,3870156,0,ᚾᚢᛏᚱᛁᛏᛁᚢᛖ,293
donaldson,3862613,0,ᛞᚩᚾᚪᛚᛞᛋᚩᚾ,473
truncated,3856783,0,ᛏᚱᚢᚾᚳᚪᛏᛖᛞ,427
shellfish,3851411,0,ᛋᚻᛖᛚᛚᚠᛁᛋᚻ,398
summarizing,3848850,0,ᛋᚢᛗᛗᚪᚱᛁᛋᛝ,469
tolerably,3845247,0,ᛏᚩᛚᛖᚱᚪᛒᛚᚣ,551
petitioned,3844191,0,ᛈᛖᛏᛁᛏᛡᚾᛖᛞ,551
magnetite,3843553,0,ᛗᚪᚷᚾᛖᛏᛁᛏᛖ,497
taxonomic,3843451,0,ᛏᚪᛉᚩᚾᚩᛗᛁᚳ,361
perplexed,3834893,0,ᛈᛖᚱᛈᛚᛖᛉᛖᛞ,507
propagating,3832869,0,ᛈᚱᚩᛈᚪᚷᚪᛏᛝ,453
integrals,3831926,0,ᛁᚾᛏᛖᚷᚱᚪᛚᛋ,437
propagate,3830978,0,ᛈᚱᚩᛈᚪᚷᚪᛏᛖ,441
culminating,3830924,0,ᚳᚢᛚᛗᛁᚾᚪᛏᛝ,455
closeness,3829434,0,ᚳᛚᚩᛋᛖᚾᛖᛋᛋ,415
covariance,3826202,0,ᚳᚩᚢᚪᚱᛡᚾᚳᛖ,347
peacefully,3826136,0,ᛈᛠᚳᛖᚠᚢᛚᛚᚣ,486
discerned,3819851,0,ᛞᛁᛋᚳᛖᚱᚾᛖᛞ,449
paradigms,3814666,0,ᛈᚪᚱᚪᛞᛁᚷᛗᛋ,509
nourished,3810608,0,ᚾᚩᚢᚱᛁᛋᚻᛖᛞ,313
graciously,3810361,0,ᚷᚱᚪᚳᛡᚢᛋᛚᚣ,477
midsummer,3808339,0,ᛗᛁᛞᛋᚢᛗᛗᛖᚱ,467
nightingale,3808129,0,ᚾᛁᚷᚻᛏᛝᚪᛚᛖ,475
referrals,3807598,0,ᚱᛖᚠᛖᚱᚱᚪᛚᛋ,392
gardeners,3802711,0,ᚷᚪᚱᛞᛖᚾᛖᚱᛋ,441
housewife,3784461,0,ᚻᚩᚢᛋᛖᚹᛁᚠᛖ,272
pensioners,3783932,0,ᛈᛖᚾᛋᛡᚾᛖᚱᛋ,459
herodotus,3776445,0,ᚻᛖᚱᚩᛞᚩᛏᚢᛋ,319
psychotic,3775027,0,ᛈᛋᚣᚳᚻᚩᛏᛁᚳ,345
frustrating,3765985,0,ᚠᚱᚢᛋᛏᚱᚪᛏᛝ,374
birthplace,3763706,0,ᛒᛁᚱᚦᛈᛚᚪᚳᛖ,401
fieldwork,3763594,0,ᚠᛁᛖᛚᛞᚹᚩᚱᚳ,312
functioned,3762181,0,ᚠᚢᚾᚳᛏᛡᚾᛖᛞ,398
serotonin,3759128,0,ᛋᛖᚱᚩᛏᚩᚾᛁᚾ,293
esophagus,3752858,0,ᛖᛋᚩᛈᚻᚪᚷᚢᛋ,363
estimator,3750101,0,ᛖᛋᛏᛁᛗᚪᛏᚩᚱ,455
federated,3746375,0,ᚠᛖᛞᛖᚱᚪᛏᛖᛞ,548
motherhood,3741685,0,ᛗᚩᚦᛖᚱᚻᚩᚩᛞ,287
blackness,3736581,0,ᛒᛚᚪᚳᚳᚾᛖᛋᛋ,459
stressful,3734633,0,ᛋᛏᚱᛖᛋᛋᚠᚢᛚ,374
anhydrous,3734433,0,ᚪᚾᚻᚣᛞᚱᚩᚢᛋ,415
blanchard,3730714,0,ᛒᛚᚪᚾᚳᚻᚪᚱᛞ,493
feminists,3726142,0,ᚠᛖᛗᛁᚾᛁᛋᛏᛋ,396
provident,3725550,0,ᛈᚱᚩᚢᛁᛞᛖᚾᛏ,339
modernist,3723225,0,ᛗᚩᛞᛖᚱᚾᛁᛋᛏ,417
lecturers,3719871,0,ᛚᛖᚳᛏᚢᚱᛖᚱᛋ,357
willfully,3718636,0,ᚹᛁᛚᛚᚠᚢᛚᛚᚣ,450
behaviours,3717190,0,ᛒᛖᚻᚪᚢᛡᚢᚱᛋ,425
partitioning,3713123,0,ᛈᚪᚱᛏᛁᛏᛡᚾᛝ,515
capricious,3712409,0,ᚳᚪᛈᚱᛁᚳᛡᚢᛋ,371
subtracting,3712354,0,ᛋᚢᛒᛏᚱᚪᚳᛏᛝ,435
undermining,3709157,0,ᚢᚾᛞᛖᚱᛗᛁᚾᛝ,409
formality,3706288,0,ᚠᚩᚱᛗᚪᛚᛁᛏᚣ,454
olfactory,3705632,0,ᚩᛚᚠᚪᚳᛏᚩᚱᚣ,372
aggregating,3700219,0,ᚪᚷᚷᚱᛖᚷᚪᛏᛝ,461
semblance,3699792,0,ᛋᛖᛗᛒᛚᚪᚾᚳᛖ,531
americana,3697218,0,ᚪᛗᛖᚱᛁᚳᚪᚾᚪ,513
separable,3693712,0,ᛋᛖᛈᚪᚱᚪᛒᛚᛖ,569
enveloped,3684437,0,ᛖᚾᚢᛖᛚᚩᛈᛖᛞ,445
murderers,3684417,0,ᛗᚢᚱᛞᛖᚱᛖᚱᛋ,383
dichotomy,3680768,0,ᛞᛁᚳᚻᚩᛏᚩᛗᚣ,403
islanders,3676106,0,ᛁᛋᛚᚪᚾᛞᛖᚱᛋ,503
migrations,3675725,0,ᛗᛁᚷᚱᚪᛏᛡᚾᛋ,475
psychosis,3674526,0,ᛈᛋᚣᚳᚻᚩᛋᛁᛋ,379
heuristic,3670177,0,ᚻᛖᚢᚱᛁᛋᛏᛁᚳ,291
autonomic,3668673,0,ᚪᚢᛏᚩᚾᚩᛗᛁᚳ,317
sugarcane,3667186,0,ᛋᚢᚷᚪᚱᚳᚪᚾᛖ,387
partisans,3661028,0,ᛈᚪᚱᛏᛁᛋᚪᚾᛋ,473
hexagonal,3660494,0,ᚻᛖᛉᚪᚷᚩᚾᚪᛚ,457
uniformed,3658207,0,ᚢᚾᛁᚠᚩᚱᛗᛖᛞ,310
warehousing,3658179,0,ᚹᚪᚱᛖᚻᚩᚢᛋᛝ,359
polyester,3647240,0,ᛈᚩᛚᚣᛖᛋᛏᛖᚱ,483
tubercles,3646265,0,ᛏᚢᛒᛖᚱᚳᛚᛖᛋ,407
coloration,3645691,0,ᚳᚩᛚᚩᚱᚪᛏᛡᚾ,403
pharisees,3642710,0,ᛈᚻᚪᚱᛁᛋᛖᛖᛋ,445
maneuvers,3642488,0,ᛗᚪᚾᛖᚢᚢᛖᚱᛋ,401
frenchmen,3636636,0,ᚠᚱᛖᚾᚳᚻᛗᛖᚾ,312
favorites,3620789,0,ᚠᚪᚢᚩᚱᛁᛏᛖᛋ,330
rationally,3620408,0,ᚱᚪᛏᛡᚾᚪᛚᛚᚣ,649
cirrhosis,3620006,0,ᚳᛁᚱᚱᚻᚩᛋᛁᛋ,233
unanimity,3617563,0,ᚢᚾᚪᚾᛁᛗᛁᛏᚣ,453
underlies,3615960,0,ᚢᚾᛞᛖᚱᛚᛁᛖᛋ,423
diplomats,3614407,0,ᛞᛁᛈᛚᚩᛗᚪᛏᛋ,523
whiteness,3613783,0,ᚹᚻᛁᛏᛖᚾᛖᛋᛋ,401
adversity,3611187,0,ᚪᛞᚢᛖᚱᛋᛁᛏᚣ,513
henrietta,3604872,0,ᚻᛖᚾᚱᛁᛖᛏᛏᚪ,443
mussolini,3604430,0,ᛗᚢᛋᛋᚩᛚᛁᚾᛁ,351
chevalier,3603915,0,ᚳᚻᛖᚢᚪᛚᛁᛖᚱ,385
engendered,3599266,0,ᛖᛝᛖᚾᛞᛖᚱᛖᛞ,565
fireworks,3591886,0,ᚠᛁᚱᛖᚹᚩᚱᚳᛋ,214
impulsive,3585660,0,ᛁᛗᛈᚢᛚᛋᛁᚢᛖ,375
zirconium,3579244,0,ᛋᛁᚱᚳᚩᚾᛁᚢᛗ,249
rockville,3578680,0,ᚱᚩᚳᚳᚢᛁᛚᛚᛖ,291
unaltered,3577701,0,ᚢᚾᚪᛚᛏᛖᚱᛖᛞ,495
sterility,3577555,0,ᛋᛏᛖᚱᛁᛚᛁᛏᚣ,487
perceives,3575082,0,ᛈᛖᚱᚳᛖᛁᚢᛖᛋ,355
wellesley,3573815,0,ᚹᛖᛚᛚᛖᛋᛚᛖᚣ,595
repugnant,3568837,0,ᚱᛖᛈᚢᚷᚾᚪᚾᛏ,355
lanceolate,3565413,0,ᛚᚪᚾᚳᛇᛚᚪᛏᛖ,549
woodlands,3562838,0,ᚹᚩᚩᛞᛚᚪᚾᛞᛋ,463
invocation,3559518,0,ᛁᚾᚢᚩᚳᚪᛏᛡᚾ,375
mobilized,3559182,0,ᛗᚩᛒᛁᛚᛁᛋᛖᛞ,483
noticeably,3559168,0,ᚾᚩᛏᛁᚳᛠᛒᛚᚣ,485
testifies,3557041,0,ᛏᛖᛋᛏᛁᚠᛁᛖᛋ,422
underside,3554529,0,ᚢᚾᛞᛖᚱᛋᛁᛞᛖ,439
editorials,3553724,0,ᛖᛞᛁᛏᚩᚱᛡᛚᛋ,497
waveguide,3549703,0,ᚹᚪᚢᛖᚷᚢᛁᛞᛖ,393
biologists,3548543,0,ᛒᛡᛚᚩᚷᛁᛋᛏᛋ,461
intimation,3545001,0,ᛁᚾᛏᛁᛗᚪᛏᛡᚾ,513
occipital,3544460,0,ᚩᚳᚳᛁᛈᛁᛏᚪᛚ,367
histology,3540506,0,ᚻᛁᛋᛏᚩᛚᚩᚷᚣ,373
templates,3539862,0,ᛏᛖᛗᛈᛚᚪᛏᛖᛋ,589
kalamazoo,3527090,0,ᚳᚪᛚᚪᛗᚪᛋᚩᚩ,515
beginners,3523605,0,ᛒᛖᚷᛁᚾᚾᛖᚱᛋ,365
specialize,3523406,0,ᛋᛈᛖᚳᛡᛚᛁᛋᛖ,507
actuality,3521741,0,ᚪᚳᛏᚢᚪᛚᛁᛏᚣ,535
ulceration,3521618,0,ᚢᛚᚳᛖᚱᚪᛏᛡᚾ,459
parabolic,3521509,0,ᛈᚪᚱᚪᛒᚩᛚᛁᚳ,433
residuals,3518056,0,ᚱᛖᛋᛁᛞᚢᚪᛚᛋ,477
etiquette,3512381,0,ᛖᛏᛁᚳᚹᛖᛏᛏᛖ,441
undeniable,3511171,0,ᚢᚾᛞᛖᚾᛡᛒᛚᛖ,525
insistent,3505372,0,ᛁᚾᛋᛁᛋᛏᛖᚾᛏ,411
geophysics,3503360,0,ᚷᛇᛈᚻᚣᛋᛁᚳᛋ,377
recounted,3502287,0,ᚱᛖᚳᚩᚢᚾᛏᛖᛞ,345
pakistani,3501446,0,ᛈᚪᚳᛁᛋᛏᚪᚾᛁ,453
sprinkler,3497652,0,ᛋᛈᚱᛁᚾᚳᛚᛖᚱ,331
senseless,3497652,0,ᛋᛖᚾᛋᛖᛚᛖᛋᛋ,515
skeletons,3495437,0,ᛋᚳᛖᛚᛖᛏᚩᚾᛋ,421
dysentery,3493272,0,ᛞᚣᛋᛖᚾᛏᛖᚱᚣ,581
evangelist,3491961,0,ᛖᚢᚪᛝᛖᛚᛁᛋᛏ,529
enchanted,3491786,0,ᛖᚾᚳᚻᚪᚾᛏᛖᛞ,473
leisurely,3489563,0,ᛚᛖᛁᛋᚢᚱᛖᛚᚣ,481
deputation,3487187,0,ᛞᛖᛈᚢᛏᚪᛏᛡᚾ,553
commonest,3486709,0,ᚳᚩᛗᛗᚩᚾᛖᛋᛏ,377
amputation,3483020,0,ᚪᛗᛈᚢᛏᚪᛏᛡᚾ,565
stephanie,3481041,0,ᛋᛏᛖᛈᚻᚪᚾᛁᛖ,469
escalation,3478496,0,ᛖᛋᚳᚪᛚᚪᛏᛡᚾ,595
admixture,3477133,0,ᚪᛞᛗᛁᛉᛏᚢᚱᛖ,475
courtship,3477010,0,ᚳᚩᚢᚱᛏᛋᚻᛁᛈ,243
encryption,3475510,1,ᛖᚾᚳᚱᚣᛈᛏᛡᚾ,461
wrongfully,3475196,0,ᚹᚱᚩᛝᚠᚢᛚᛚᚣ,370
restricts,3473976,0,ᚱᛖᛋᛏᚱᛁᚳᛏᛋ,357
waterfowl,3468625,0,ᚹᚪᛏᛖᚱᚠᚩᚹᛚ,354
stereotype,3465089,0,ᛋᛏᛖᚱᛇᛏᚣᛈᛖ,503
secretory,3461645,0,ᛋᛖᚳᚱᛖᛏᚩᚱᚣ,391
rescission,3458170,0,ᚱᛖᛋᚳᛁᛋᛋᛡᚾ,417
champlain,3457711,0,ᚳᚻᚪᛗᛈᛚᚪᛁᚾ,477
hispanics,3456276,0,ᚻᛁᛋᛈᚪᚾᛁᚳᛋ,373
livermore,3454539,0,ᛚᛁᚢᛖᚱᛗᚩᚱᛖ,341
overflowing,3449696,0,ᚩᚢᛖᚱᚠᛚᚩᚹᛝ,268
devotional,3449360,0,ᛞᛖᚢᚩᛏᛡᚾᚪᛚ,531
sufferers,3447103,0,ᛋᚢᚠᚠᛖᚱᛖᚱᛋ,269
gillespie,3443950,0,ᚷᛁᛚᛚᛖᛋᛈᛁᛖ,455
projector,3443586,0,ᛈᚱᚩᛂᛖᚳᛏᚩᚱ,255
herbicide,3440199,0,ᚻᛖᚱᛒᛁᚳᛁᛞᛖ,393
blueprint,3439296,0,ᛒᛚᚢᛖᛈᚱᛁᚾᛏ,377
chlorides,3433784,0,ᚳᚻᛚᚩᚱᛁᛞᛖᛋ,367
coastline,3432630,0,ᚳᚩᚪᛋᛏᛚᛁᚾᛖ,429
oscillating,3429900,0,ᚩᛋᚳᛁᛚᛚᚪᛏᛝ,485
surcharge,3428817,0,ᛋᚢᚱᚳᚻᚪᚱᚷᛖ,295
veneration,3427574,0,ᚢᛖᚾᛖᚱᚪᛏᛡᚾ,469
mutilated,3426182,0,ᛗᚢᛏᛁᛚᚪᛏᛖᛞ,549
personage,3424658,0,ᛈᛖᚱᛋᚩᚾᚪᚷᛖ,391
overboard,3423181,0,ᚩᚢᛖᚱᛒᚩᚪᚱᛞ,353
horrified,3423028,0,ᚻᚩᚱᚱᛁᚠᛁᛖᛞ,272
mcpherson,3417736,0,ᛗᚳᛈᚻᛖᚱᛋᚩᚾ,317
expansions,3411177,0,ᛖᛉᛈᚪᚾᛋᛡᚾᛋ,525
alexandra,3411043,0,ᚪᛚᛖᛉᚪᚾᛞᚱᚪ,607
breakwater,3408782,0,ᛒᚱᛠᚳᚹᚪᛏᛖᚱ,447
reaffirmed,3408163,0,ᚱᛠᚠᚠᛁᚱᛗᛖᛞ,393
novelists,3401872,0,ᚾᚩᚢᛖᛚᛁᛋᛏᛋ,375
replicate,3399796,0,ᚱᛖᛈᛚᛁᚳᚪᛏᛖ,461
primaries,3394758,0,ᛈᚱᛁᛗᚪᚱᛁᛖᛋ,415
transcend,3386267,0,ᛏᚱᚪᚾᛋᚳᛖᚾᛞ,447
turbidity,3385408,0,ᛏᚢᚱᛒᛁᛞᛁᛏᚣ,447
sunflower,3384767,0,ᛋᚢᚾᚠᛚᚩᚹᛖᚱ,264
brilliance,3381893,0,ᛒᚱᛁᛚᛚᛡᚾᚳᛖ,465
unfounded,3379888,0,ᚢᚾᚠᚩᚢᚾᛞᛖᛞ,318
primordial,3378898,0,ᛈᚱᛁᛗᚩᚱᛞᛡᛚ,443
detergent,3378400,0,ᛞᛖᛏᛖᚱᚷᛖᚾᛏ,465
impervious,3378377,0,ᛁᛗᛈᛖᚱᚢᛡᚢᛋ,389
cardinals,3377373,0,ᚳᚪᚱᛞᛁᚾᚪᛚᛋ,493
eucharist,3375395,0,ᛖᚢᚳᚻᚪᚱᛁᛋᛏ,357
bloodshed,3374859,0,ᛒᛚᚩᚩᛞᛋᚻᛖᛞ,469
formalism,3374296,0,ᚠᚩᚱᛗᚪᛚᛁᛋᛗ,416
manageable,3362185,0,ᛗᚪᚾᚪᚷᛠᛒᛚᛖ,621
ludicrous,3361740,0,ᛚᚢᛞᛁᚳᚱᚩᚢᛋ,283
macintosh,3359327,0,ᛗᚪᚳᛁᚾᛏᚩᛋᚻ,383
stupidity,3358241,0,ᛋᛏᚢᛈᛁᛞᛁᛏᚣ,471
comforted,3355706,0,ᚳᚩᛗᚠᚩᚱᛏᛖᛞ,326
unbearable,3352738,0,ᚢᚾᛒᛠᚱᚪᛒᛚᛖ,511
chromatin,3352548,0,ᚳᚻᚱᚩᛗᚪᛏᛁᚾ,341
intensify,3351838,0,ᛁᚾᛏᛖᚾᛋᛁᚠᚣ,404
researched,3350611,0,ᚱᛖᛋᛠᚱᚳᚻᛖᛞ,443
umbilical,3349630,0,ᚢᛗᛒᛁᛚᛁᚳᚪᛚ,453
conferees,3349527,0,ᚳᚩᚾᚠᛖᚱᛖᛖᛋ,316
coworkers,3349303,0,ᚳᚩᚹᚩᚱᚳᛖᚱᛋ,201
emphasise,3349287,0,ᛖᛗᛈᚻᚪᛋᛁᛋᛖ,505
dissected,3346863,0,ᛞᛁᛋᛋᛖᚳᛏᛖᛞ,521
shuddered,3344394,0,ᛋᚻᚢᛞᛞᛖᚱᛖᛞ,491
burroughs,3342950,0,ᛒᚢᚱᚱᚩᚢᚷᚻᛋ,189
ejectment,3342916,0,ᛖᛂᛖᚳᛏᛗᛖᚾᛏ,469
beryllium,3340860,0,ᛒᛖᚱᚣᛚᛚᛁᚢᛗ,493
prostrate,3340605,0,ᛈᚱᚩᛋᛏᚱᚪᛏᛖ,407
jewellery,3338644,0,ᛂᛖᚹᛖᛚᛚᛖᚱᚣ,517
reputable,3335956,0,ᚱᛖᛈᚢᛏᚪᛒᛚᛖ,481
intrigues,3335772,0,ᛁᚾᛏᚱᛁᚷᚢᛖᛋ,301
histamine,3334719,0,ᚻᛁᛋᛏᚪᛗᛁᚾᛖ,461
delineation,3334242,0,ᛞᛖᛚᛁᚾᛠᛏᛡᚾ,593
repulsive,3333159,0,ᚱᛖᛈᚢᛚᛋᛁᚢᛖ,351
autograph,3332204,0,ᚪᚢᛏᚩᚷᚱᚪᛈᚻ,357
harvester,3330441,0,ᚻᚪᚱᚢᛖᛋᛏᛖᚱ,391
compounding,3328496,0,ᚳᚩᛗᛈᚩᚢᚾᛞᛝ,341
starboard,3325453,0,ᛋᛏᚪᚱᛒᚩᚪᚱᛞ,485
acquittal,3323890,0,ᚪᚳᚳᚹᛁᛏᛏᚪᛚ,461
mcconnell,3315330,0,ᛗᚳᚳᚩᚾᚾᛖᛚᛚ,375
passports,3315063,0,ᛈᚪᛋᛋᛈᚩᚱᛏᛋ,419
ophthalmic,3314657,0,ᚩᛈᚻᚦᚪᛚᛗᛁᚳ,363
legislate,3314022,0,ᛚᛖᚷᛁᛋᛚᚪᛏᛖ,537
glorified,3312787,0,ᚷᛚᚩᚱᛁᚠᛁᛖᛞ,328
assaulted,3309629,0,ᚪᛋᛋᚪᚢᛚᛏᛖᛞ,591
repudiated,3307522,0,ᚱᛖᛈᚢᛞᛡᛏᛖᛞ,535
dizziness,3303548,0,ᛞᛁᛋᛋᛁᚾᛖᛋᛋ,459
eradicate,3303275,0,ᛖᚱᚪᛞᛁᚳᚪᛏᛖ,531
timetable,3303136,0,ᛏᛁᛗᛖᛏᚪᛒᛚᛖ,585
dramatist,3300919,0,ᛞᚱᚪᛗᚪᛏᛁᛋᛏ,567
intrusted,3295543,0,ᛁᚾᛏᚱᚢᛋᛏᛖᛞ,401
nonverbal,3294288,0,ᚾᚩᚾᚢᛖᚱᛒᚪᛚ,377
irritable,3291011,0,ᛁᚱᚱᛁᛏᚪᛒᛚᛖ,441
eternally,3288907,0,ᛖᛏᛖᚱᚾᚪᛚᛚᚣ,579
strontium,3284806,0,ᛋᛏᚱᚩᚾᛏᛁᚢᛗ,323
rewritten,3282420,0,ᚱᛖᚹᚱᛁᛏᛏᛖᚾ,353
jamestown,3280509,0,ᛂᚪᛗᛖᛋᛏᚩᚹᚾ,439
untenable,3276732,0,ᚢᚾᛏᛖᚾᚪᛒᛚᛖ,485
parentage,3276708,0,ᛈᚪᚱᛖᚾᛏᚪᚷᛖ,487
transmits,3274378,0,ᛏᚱᚪᚾᛋᛗᛁᛏᛋ,463
apertures,3272481,0,ᚪᛈᛖᚱᛏᚢᚱᛖᛋ,411
circuitry,3270904,0,ᚳᛁᚱᚳᚢᛁᛏᚱᚣ,275
catchment,3268224,0,ᚳᚪᛏᚳᚻᛗᛖᚾᛏ,431
unbounded,3267778,0,ᚢᚾᛒᚩᚢᚾᛞᛖᛞ,377
foundries,3264767,0,ᚠᚩᚢᚾᛞᚱᛁᛖᛋ,292
philology,3262762,0,ᛈᚻᛁᛚᚩᛚᚩᚷᚣ,377
countered,3261478,0,ᚳᚩᚢᚾᛏᛖᚱᛖᛞ,345
catechism,3260245,0,ᚳᚪᛏᛖᚳᚻᛁᛋᛗ,427
applauded,3260038,0,ᚪᛈᛈᛚᚪᚢᛞᛖᛞ,601
navigator,3259830,0,ᚾᚪᚢᛁᚷᚪᛏᚩᚱ,351
stimulant,3256461,0,ᛋᛏᛁᛗᚢᛚᚪᚾᛏ,475
imputation,3256186,0,ᛁᛗᛈᚢᛏᚪᛏᛡᚾ,499
supersede,3254836,0,ᛋᚢᛈᛖᚱᛋᛖᛞᛖ,453
solemnity,3252059,0,ᛋᚩᛚᛖᛗᚾᛁᛏᚣ,493
stronghold,3250621,0,ᛋᛏᚱᚩᛝᚻᚩᛚᛞ,401
emigrated,3243314,0,ᛖᛗᛁᚷᚱᚪᛏᛖᛞ,509
palladium,3240610,0,ᛈᚪᛚᛚᚪᛞᛁᚢᛗ,577
spotlight,3236485,0,ᛋᛈᚩᛏᛚᛁᚷᚻᛏ,365
immovable,3235521,0,ᛁᛗᛗᚩᚢᚪᛒᛚᛖ,481
recursive,3233290,0,ᚱᛖᚳᚢᚱᛋᛁᚢᛖ,259
vicksburg,3230246,0,ᚢᛁᚳᚳᛋᛒᚢᚱᚷ,205
reflexive,3228060,0,ᚱᛖᚠᛚᛖᛉᛁᚢᛖ,368
pendleton,3227009,0,ᛈᛖᚾᛞᛚᛖᛏᚩᚾ,463
parachute,3226877,0,ᛈᚪᚱᚪᚳᚻᚢᛏᛖ,413
elucidate,3225962,0,ᛖᛚᚢᚳᛁᛞᚪᛏᛖ,499
asparagus,3225594,0,ᚪᛋᛈᚪᚱᚪᚷᚢᛋ,471
sharpened,3225491,0,ᛋᚻᚪᚱᛈᛖᚾᛖᛞ,479
specifics,3225152,0,ᛋᛈᛖᚳᛁᚠᛁᚳᛋ,306
alkaloids,3224936,0,ᚪᛚᚳᚪᛚᚩᛁᛞᛋ,533
handicaps,3223997,0,ᚻᚪᚾᛞᛁᚳᚪᛈᛋ,475
overthrown,3223456,0,ᚩᚢᛖᚱᚦᚱᚩᚹᚾ,159
ligaments,3222360,0,ᛚᛁᚷᚪᛗᛖᚾᛏᛋ,497
unsecured,3218149,0,ᚢᚾᛋᛖᚳᚢᚱᛖᛞ,335
evaluates,3214362,0,ᛖᚢᚪᛚᚢᚪᛏᛖᛋ,519
fortitude,3214314,0,ᚠᚩᚱᛏᛁᛏᚢᛞᛖ,328
misplaced,3211674,0,ᛗᛁᛋᛈᛚᚪᚳᛖᛞ,537
causative,3206534,0,ᚳᚪᚢᛋᚪᛏᛁᚢᛖ,423
stiffened,3203053,0,ᛋᛏᛁᚠᚠᛖᚾᛖᛞ,399
disbursed,3201828,0,ᛞᛁᛋᛒᚢᚱᛋᛖᛞ,457
homeowners,3190244,0,ᚻᚩᛗᛇᚹᚾᛖᚱᛋ,321
murderous,3186905,0,ᛗᚢᚱᛞᛖᚱᚩᚢᛋ,315
equilibria,3177058,0,ᛖᚳᚹᛁᛚᛁᛒᚱᛡ,413
segmented,3158357,0,ᛋᛖᚷᛗᛖᚾᛏᛖᛞ,519
workhouse,3158114,0,ᚹᚩᚱᚳᚻᚩᚢᛋᛖ,203
inventive,3154998,0,ᛁᚾᚢᛖᚾᛏᛁᚢᛖ,319
sylvester,3151715,0,ᛋᚣᛚᚢᛖᛋᛏᛖᚱ,489
fermented,3150211,0,ᚠᛖᚱᛗᛖᚾᛏᛖᛞ,462
summarily,3148273,0,ᛋᚢᛗᛗᚪᚱᛁᛚᚣ,513
handbooks,3146231,0,ᚻᚪᚾᛞᛒᚩᚩᚳᛋ,379
proclaiming,3141360,0,ᛈᚱᚩᚳᛚᚪᛁᛗᛝ,425
relegated,3138979,0,ᚱᛖᛚᛖᚷᚪᛏᛖᛞ,547
composure,3134333,0,ᚳᚩᛗᛈᚩᛋᚢᚱᛖ,275
pubescent,3133948,0,ᛈᚢᛒᛖᛋᚳᛖᚾᛏ,395
renounced,3131573,0,ᚱᛖᚾᚩᚢᚾᚳᛖᛞ,315
blackened,3129811,0,ᛒᛚᚪᚳᚳᛖᚾᛖᛞ,509
margarine,3127194,0,ᛗᚪᚱᚷᚪᚱᛁᚾᛖ,431
ordinates,3126176,0,ᚩᚱᛞᛁᚾᚪᛏᛖᛋ,443
flammable,3123010,0,ᚠᛚᚪᛗᛗᚪᛒᛚᛖ,612
appraiser,3122979,0,ᚪᛈᛈᚱᚪᛁᛋᛖᚱ,453
civilised,3113647,0,ᚳᛁᚢᛁᛚᛁᛋᛖᛞ,391
tradesmen,3112704,0,ᛏᚱᚪᛞᛖᛋᛗᛖᚾ,543
flattered,3104146,0,ᚠᛚᚪᛏᛏᛖᚱᛖᛞ,524
unhappily,3104008,0,ᚢᚾᚻᚪᛈᛈᛁᛚᚣ,445
esophageal,3097969,0,ᛖᛋᚩᛈᚻᚪᚷᛠᛚ,489
woodstock,3095149,0,ᚹᚩᚩᛞᛋᛏᚩᚳᚳ,267
virulence,3094808,0,ᚢᛁᚱᚢᛚᛖᚾᚳᛖ,297
preexisting,3092012,0,ᛈᚱᛖᛖᛉᛁᛋᛏᛝ,457
aberration,3087825,0,ᚪᛒᛖᚱᚱᚪᛏᛡᚾ,539
clientele,3087308,0,ᚳᛚᛁᛖᚾᛏᛖᛚᛖ,479
recognising,3080041,0,ᚱᛖᚳᚩᚷᚾᛁᛋᛝ,307
adenosine,3079841,0,ᚪᛞᛖᚾᚩᛋᛁᚾᛖ,469
avalanche,3079301,0,ᚪᚢᚪᛚᚪᚾᚳᚻᛖ,499
rescinded,3079188,0,ᚱᛖᛋᚳᛁᚾᛞᛖᛞ,449
singularity,3078435,0,ᛋᛝᚢᛚᚪᚱᛁᛏᚣ,509
enthusiasts,3078386,0,ᛖᚾᚦᚢᛋᛡᛋᛏᛋ,429
unexpired,3074188,0,ᚢᚾᛖᛉᛈᛁᚱᛖᛞ,387
anhydride,3072191,0,ᚪᚾᚻᚣᛞᚱᛁᛞᛖ,539
exponents,3072161,0,ᛖᛉᛈᚩᚾᛖᚾᛏᛋ,401
epidermal,3069975,0,ᛖᛈᛁᛞᛖᚱᛗᚪᛚ,549
optically,3068810,0,ᚩᛈᛏᛁᚳᚪᛚᛚᚣ,499
remediation,3068610,0,ᚱᛖᛗᛖᛞᛡᛏᛡᚾ,607
locomotion,3068014,0,ᛚᚩᚳᚩᛗᚩᛏᛡᚾ,373
acoustics,3066371,0,ᚪᚳᚩᚢᛋᛏᛁᚳᛋ,329
carcasses,3065603,0,ᚳᚪᚱᚳᚪᛋᛋᛖᛋ,457
readership,3064675,0,ᚱᛠᛞᛖᚱᛋᚻᛁᛈ,437
bookstore,3064602,0,ᛒᚩᚩᚳᛋᛏᚩᚱᛖ,285
sophomore,3064211,0,ᛋᚩᛈᚻᚩᛗᚩᚱᛖ,289
catalyzed,3063343,0,ᚳᚪᛏᚪᛚᚣᛋᛖᛞ,651
strengthens,3062723,0,ᛋᛏᚱᛖᛝᚦᛖᚾᛋ,423
pyramidal,3061114,0,ᛈᚣᚱᚪᛗᛁᛞᚪᛚ,615
harmonics,3058527,0,ᚻᚪᚱᛗᚩᚾᛁᚳᛋ,335
monolithic,3056843,0,ᛗᚩᚾᚩᛚᛁᚦᛁᚳ,267
cataloguing,3056133,0,ᚳᚪᛏᚪᛚᚩᚷᚢᛝ,445
clockwise,3052658,0,ᚳᛚᚩᚳᚳᚹᛁᛋᛖ,289
adhesives,3045678,0,ᚪᛞᚻᛖᛋᛁᚢᛖᛋ,483
painstaking,3045246,0,ᛈᚪᛁᚾᛋᛏᚪᚳᛝ,501
craftsman,3043203,0,ᚳᚱᚪᚠᛏᛋᛗᚪᚾ,432
insulator,3042967,0,ᛁᚾᛋᚢᛚᚪᛏᚩᚱ,363
squirrels,3039332,0,ᛋᚳᚹᛁᚱᚱᛖᛚᛋ,331
misguided,3037915,0,ᛗᛁᛋᚷᚢᛁᛞᛖᛞ,451
epileptic,3034852,0,ᛖᛈᛁᛚᛖᛈᛏᛁᚳ,427
unwelcome,3033087,0,ᚢᚾᚹᛖᛚᚳᚩᛗᛖ,349
brochures,3032610,0,ᛒᚱᚩᚳᚻᚢᚱᛖᛋ,249
depositor,3032301,0,ᛞᛖᛈᚩᛋᛁᛏᚩᚱ,367
crossover,3028682,0,ᚳᚱᚩᛋᛋᚩᚢᛖᚱ,225
admonition,3025482,0,ᚪᛞᛗᚩᚾᛁᛏᛡᚾ,519
attentions,3021794,0,ᚪᛏᛏᛖᚾᛏᛡᚾᛋ,559
multiples,3021335,0,ᛗᚢᛚᛏᛁᛈᛚᛖᛋ,473
archdeacon,3016638,0,ᚪᚱᚳᚻᛞᛠᚳᚩᚾ,391
sceptical,3014662,0,ᛋᚳᛖᛈᛏᛁᚳᚪᛚ,449
carryover,3012731,0,ᚳᚪᚱᚱᚣᚩᚢᛖᚱ,323
peacekeeping,3012650,0,ᛈᛠᚳᛖᚳᛖᛖᛈᛝ,501
bacterium,3010632,0,ᛒᚪᚳᛏᛖᚱᛁᚢᛗ,413
polymeric,3010402,0,ᛈᚩᛚᚣᛗᛖᚱᛁᚳ,419
courtiers,3006497,0,ᚳᚩᚢᚱᛏᛁᛖᚱᛋ,255
inanimate,3002978,0,ᛁᚾᚪᚾᛁᛗᚪᛏᛖ,511
follicles,3002309,0,ᚠᚩᛚᛚᛁᚳᛚᛖᛋ,392
sanderson,2994293,0,ᛋᚪᚾᛞᛖᚱᛋᚩᚾ,435
fairchild,2994277,0,ᚠᚪᛁᚱᚳᚻᛁᛚᛞ,370
youngstown,2989167,0,ᚣᚩᚢᛝᛋᛏᚩᚹᚾ,359
antithesis,2983825,0,ᚪᚾᛏᛁᚦᛖᛋᛁᛋ,425
recessive,2983668,0,ᚱᛖᚳᛖᛋᛋᛁᚢᛖ,365
invariable,2982959,0,ᛁᚾᚢᚪᚱᛡᛒᛚᛖ,479
simplifying,2982516,0,ᛋᛁᛗᛈᛚᛁᚠᚣᛝ,486
ephemeral,2980542,0,ᛖᛈᚻᛖᛗᛖᚱᚪᛚ,519
satirical,2968042,0,ᛋᚪᛏᛁᚱᛁᚳᚪᛚ,465
humankind,2964373,0,ᚻᚢᛗᚪᚾᚳᛁᚾᛞ,385
hardwoods,2964324,0,ᚻᚪᚱᛞᚹᚩᚩᛞᛋ,395
farmhouse,2964165,0,ᚠᚪᚱᛗᚻᚩᚢᛋᛖ,334
iterations,2961404,0,ᛁᛏᛖᚱᚪᛏᛡᚾᛋ,513
repertory,2958353,0,ᚱᛖᛈᛖᚱᛏᚩᚱᚣ,379
nephritis,2953092,0,ᚾᛖᛈᚻᚱᛁᛏᛁᛋ,347
frictional,2952365,0,ᚠᚱᛁᚳᛏᛡᚾᚪᛚ,422
uninsured,2946647,0,ᚢᚾᛁᚾᛋᚢᚱᛖᛞ,315
rectifier,2942709,0,ᚱᛖᚳᛏᛁᚠᛁᛖᚱ,292
orthopedic,2942350,0,ᚩᚱᚦᚩᛈᛖᛞᛁᚳ,273
impotence,2941596,0,ᛁᛗᛈᚩᛏᛖᚾᚳᛖ,387
overtaken,2938343,0,ᚩᚢᛖᚱᛏᚪᚳᛖᚾ,353
enunciated,2936104,0,ᛖᚾᚢᚾᚳᛡᛏᛖᛞ,463
cavendish,2935254,0,ᚳᚪᚢᛖᚾᛞᛁᛋᚻ,405
coalitions,2934555,0,ᚳᚩᚪᛚᛁᛏᛡᚾᛋ,469
segmental,2934079,0,ᛋᛖᚷᛗᛖᚾᛏᚪᛚ,533
centenary,2925920,0,ᚳᛖᚾᛏᛖᚾᚪᚱᚣ,475
relocated,2924648,0,ᚱᛖᛚᚩᚳᚪᛏᛖᛞ,483
effluents,2922034,0,ᛖᚠᚠᛚᚢᛖᚾᛏᛋ,355
radcliffe,2922010,0,ᚱᚪᛞᚳᛚᛁᚠᚠᛖ,385
fugitives,2921026,0,ᚠᚢᚷᛁᛏᛁᚢᛖᛋ,266
proverbial,2918114,0,ᛈᚱᚩᚢᛖᚱᛒᛡᛚ,383
resistors,2917975,0,ᚱᛖᛋᛁᛋᛏᚩᚱᛋ,345
wellknown,2916480,0,ᚹᛖᛚᛚᚳᚾᚩᚹᚾ,329
compacted,2915091,0,ᚳᚩᛗᛈᚪᚳᛏᛖᛞ,459
confucius,2912756,0,ᚳᚩᚾᚠᚢᚳᛁᚢᛋ,154
subversion,2912707,0,ᛋᚢᛒᚢᛖᚱᛋᛡᚾ,387
grenville,2908045,0,ᚷᚱᛖᚾᚢᛁᛚᛚᛖ,371
repudiation,2906214,0,ᚱᛖᛈᚢᛞᛡᛏᛡᚾ,515
womanhood,2905941,0,ᚹᚩᛗᚪᚾᚻᚩᚩᛞ,349
opposites,2905324,0,ᚩᛈᛈᚩᛋᛁᛏᛖᛋ,363
bolshevik,2903974,0,ᛒᚩᛚᛋᚻᛖᚢᛁᚳ,331
tormented,2903609,0,ᛏᚩᚱᛗᛖᚾᛏᛖᛞ,459
estuaries,2900972,0,ᛖᛋᛏᚢᚪᚱᛁᛖᛋ,441
documenting,2895888,0,ᛞᚩᚳᚢᛗᛖᚾᛏᛝ,417
lightness,2895617,0,ᛚᛁᚷᚻᛏᚾᛖᛋᛋ,405
intrigued,2895449,0,ᛁᚾᛏᚱᛁᚷᚢᛖᛞ,337
succumbed,2894395,0,ᛋᚢᚳᚳᚢᛗᛒᛖᛞ,373
waterfall,2886108,0,ᚹᚪᛏᛖᚱᚠᚪᛚᛚ,498
defamation,2884925,0,ᛞᛖᚠᚪᛗᚪᛏᛡᚾ,618
proactive,2884755,0,ᛈᚱᚩᚪᚳᛏᛁᚢᛖ,331
undefined,2883676,0,ᚢᚾᛞᛖᚠᛁᚾᛖᛞ,406
juridical,2883386,0,ᛂᚢᚱᛁᛞᛁᚳᚪᛚ,385
dexterity,2881223,0,ᛞᛖᛉᛏᛖᚱᛁᛏᚣ,533
pensacola,2879919,0,ᛈᛖᚾᛋᚪᚳᚩᛚᚪ,479
isothermal,2873616,0,ᛁᛋᚩᚦᛖᚱᛗᚪᛚ,415
conveyors,2873241,0,ᚳᚩᚾᚢᛖᚣᚩᚱᛋ,293
milestone,2870982,0,ᛗᛁᛚᛖᛋᛏᚩᚾᛖ,457
newsprint,2866372,0,ᚾᛖᚹᛋᛈᚱᛁᚾᛏ,341
distended,2865291,0,ᛞᛁᛋᛏᛖᚾᛞᛖᛞ,573
apologies,2861515,0,ᚪᛈᚩᛚᚩᚷᛁᛖᛋ,395
challenger,2855838,0,ᚳᚻᚪᛚᛚᛖᛝᛖᚱ,503
idealistic,2854959,0,ᛁᛞᛠᛚᛁᛋᛏᛁᚳ,489
destinies,2849227,0,ᛞᛖᛋᛏᛁᚾᛁᛖᛋ,479
calendars,2847258,0,ᚳᚪᛚᛖᚾᛞᚪᚱᛋ,529
sedentary,2842630,0,ᛋᛖᛞᛖᚾᛏᚪᚱᚣ,575
confronts,2841249,0,ᚳᚩᚾᚠᚱᚩᚾᛏᛋ,210
gallantry,2839096,0,ᚷᚪᛚᛚᚪᚾᛏᚱᚣ,559
punctures,2838803,0,ᛈᚢᚾᚳᛏᚢᚱᛖᛋ,281
animosity,2837639,0,ᚪᚾᛁᛗᚩᛋᛁᛏᚣ,481
critiques,2837494,0,ᚳᚱᛁᛏᛁᚳᚹᛖᛋ,297
nuremberg,2830715,0,ᚾᚢᚱᛖᛗᛒᛖᚱᚷ,337
evaporate,2828659,0,ᛖᚢᚪᛈᚩᚱᚪᛏᛖ,451
palliative,2828543,0,ᛈᚪᛚᛚᛡᛏᛁᚢᛖ,553
plundered,2826668,0,ᛈᛚᚢᚾᛞᛖᚱᛖᛞ,471
carmichael,2826325,0,ᚳᚪᚱᛗᛁᚳᚻᚫᛚ,433
ordovician,2821108,0,ᚩᚱᛞᚩᚢᛁᚳᛡᚾ,297
chaplains,2820349,0,ᚳᚻᚪᛈᛚᚪᛁᚾᛋ,459
estuarine,2819921,0,ᛖᛋᛏᚢᚪᚱᛁᚾᛖ,417
epistemic,2816983,0,ᛖᛈᛁᛋᛏᛖᛗᛁᚳ,435
criticizing,2816901,0,ᚳᚱᛁᛏᛁᚳᛁᛋᛝ,321
downright,2814272,0,ᛞᚩᚹᚾᚱᛁᚷᚻᛏ,285
machinist,2813665,0,ᛗᚪᚳᚻᛁᚾᛁᛋᛏ,407
proffered,2812809,0,ᛈᚱᚩᚠᚠᛖᚱᛖᛞ,299
profusely,2811862,0,ᛈᚱᚩᚠᚢᛋᛖᛚᚣ,362
appetites,2804302,0,ᚪᛈᛈᛖᛏᛁᛏᛖᛋ,519
herbaceous,2803497,0,ᚻᛖᚱᛒᚪᚳᛇᚢᛋ,369
imitations,2801016,0,ᛁᛗᛁᛏᚪᛏᛡᚾᛋ,537
pessimism,2799163,0,ᛈᛖᛋᛋᛁᛗᛁᛋᛗ,473
shipyards,2798162,0,ᛋᚻᛁᛈᚣᚪᚱᛞᛋ,503
notebooks,2796963,0,ᚾᚩᛏᛖᛒᚩᚩᚳᛋ,303
infirmity,2796243,0,ᛁᚾᚠᛁᚱᛗᛁᛏᚣ,368
catalysis,2796108,0,ᚳᚪᛏᚪᛚᚣᛋᛁᛋ,579
assignees,2795573,0,ᚪᛋᛋᛁᚷᚾᛖᛖᛋ,467
divisible,2791205,0,ᛞᛁᚢᛁᛋᛁᛒᛚᛖ,439
indochina,2790256,0,ᛁᚾᛞᚩᚳᚻᛁᚾᚪ,349
enumerate,2789468,0,ᛖᚾᚢᛗᛖᚱᚪᛏᛖ,471
itinerant,2787884,0,ᛁᛏᛁᚾᛖᚱᚪᚾᛏ,413
quickened,2787883,0,ᚳᚹᛁᚳᚳᛖᚾᛖᛞ,341
partiality,2780781,0,ᛈᚪᚱᛏᛡᛚᛁᛏᚣ,583
rectified,2779670,0,ᚱᛖᚳᛏᛁᚠᛁᛖᛞ,370
obsessive,2776754,0,ᚩᛒᛋᛖᛋᛋᛁᚢᛖ,395
liquefied,2772755,0,ᛚᛁᚳᚹᛖᚠᛁᛖᛞ,392
diversions,2769358,0,ᛞᛁᚢᛖᚱᛋᛡᚾᛋ,443
priceless,2768792,0,ᛈᚱᛁᚳᛖᛚᛖᛋᛋ,411
herbarium,2767214,0,ᚻᛖᚱᛒᚪᚱᛁᚢᛗ,375
nematodes,2766863,0,ᚾᛖᛗᚪᛏᚩᛞᛖᛋ,539
displeased,2765597,0,ᛞᛁᛋᛈᛚᛠᛋᛖᛞ,607
conformed,2765289,0,ᚳᚩᚾᚠᚩᚱᛗᛖᛞ,296
synthesize,2764926,0,ᛋᚣᚾᚦᛖᛋᛁᛋᛖ,461
madeleine,2764407,0,ᛗᚪᛞᛖᛚᛖᛁᚾᛖ,591
minimizes,2758583,0,ᛗᛁᚾᛁᛗᛁᛋᛖᛋ,437
stockpile,2757862,0,ᛋᛏᚩᚳᚳᛈᛁᛚᛖ,359
obstructing,2757049,0,ᚩᛒᛋᛏᚱᚢᚳᛏᛝ,345
medullary,2755956,0,ᛗᛖᛞᚢᛚᛚᚪᚱᚣ,587
refrained,2750763,0,ᚱᛖᚠᚱᚪᛁᚾᛖᛞ,404
cowardice,2749013,0,ᚳᚩᚹᚪᚱᛞᛁᚳᛖ,347
endlessly,2748968,0,ᛖᚾᛞᛚᛖᛋᛋᛚᚣ,607
instituting,2748498,0,ᛁᚾᛋᛏᛁᛏᚢᛏᛝ,403
glutamate,2746460,0,ᚷᛚᚢᛏᚪᛗᚪᛏᛖ,543
macedonian,2743877,0,ᛗᚪᚳᛖᛞᚩᚾᛡᚾ,509
parenthood,2743876,0,ᛈᚪᚱᛖᚾᚦᚩᚩᛞ,355
refreshed,2742686,0,ᚱᛖᚠᚱᛖᛋᚻᛖᛞ,390
reconciling,2742405,0,ᚱᛖᚳᚩᚾᚳᛁᛚᛝ,323
earthenware,2738919,0,ᛠᚱᚦᛖᚾᚹᚪᚱᛖ,415
sportsmen,2737798,0,ᛋᛈᚩᚱᛏᛋᛗᛖᚾ,393
guarantor,2734022,0,ᚷᚢᚪᚱᚪᚾᛏᚩᚱ,331
longfellow,2733643,0,ᛚᚩᛝᚠᛖᛚᛚᚩᚹ,400
austerity,2732048,0,ᚪᚢᛋᛏᛖᚱᛁᛏᚣ,483
waterford,2729010,0,ᚹᚪᛏᛖᚱᚠᚩᚱᛞ,362
domiciled,2727924,0,ᛞᚩᛗᛁᚳᛁᛚᛖᛞ,471
perverted,2726647,0,ᛈᛖᚱᚢᛖᚱᛏᛖᛞ,417
glassware,2723990,0,ᚷᛚᚪᛋᛋᚹᚪᚱᛖ,487
reticulum,2718380,0,ᚱᛖᛏᛁᚳᚢᛚᚢᛗ,331
vehicular,2717893,0,ᚢᛖᚻᛁᚳᚢᛚᚪᚱ,321
druggists,2717218,0,ᛞᚱᚢᚷᚷᛁᛋᛏᛋ,333
loyalties,2715573,0,ᛚᚩᚣᚪᛚᛏᛁᛖᛋ,563
honeymoon,2712745,0,ᚻᚩᚾᛖᚣᛗᚩᚩᚾ,343
ductility,2710980,0,ᛞᚢᚳᛏᛁᛚᛁᛏᚣ,461
astrology,2710664,0,ᚪᛋᛏᚱᚩᛚᚩᚷᚣ,427
foresters,2708806,0,ᚠᚩᚱᛖᛋᛏᛖᚱᛋ,330
paternity,2708109,0,ᛈᚪᛏᛖᚱᚾᛁᛏᚣ,499
vegetarian,2702864,0,ᚢᛖᚷᛖᛏᚪᚱᛡᚾ,457
refutation,2700267,0,ᚱᛖᚠᚢᛏᚪᛏᛡᚾ,434
nutritious,2692448,0,ᚾᚢᛏᚱᛁᛏᛡᚢᛋ,355
campaigning,2689457,0,ᚳᚪᛗᛈᚪᛁᚷᚾᛝ,477
exclusions,2688973,0,ᛖᛉᚳᛚᚢᛋᛡᚾᛋ,445
barbarism,2687018,0,ᛒᚪᚱᛒᚪᚱᛁᛋᛗ,493
sphincter,2686989,0,ᛋᛈᚻᛁᚾᚳᛏᛖᚱ,329
burgesses,2686549,0,ᛒᚢᚱᚷᛖᛋᛋᛖᛋ,385
infective,2685457,0,ᛁᚾᚠᛖᚳᛏᛁᚢᛖ,302
assertive,2685176,0,ᚪᛋᛋᛖᚱᛏᛁᚢᛖ,441
thankfully,2684722,0,ᚦᚪᚾᚳᚠᚢᛚᛚᚣ,398
statehood,2683494,0,ᛋᛏᚪᛏᛖᚻᚩᚩᛞ,461
outspoken,2683333,0,ᚩᚢᛏᛋᛈᚩᚳᛖᚾ,281
mitigated,2682513,0,ᛗᛁᛏᛁᚷᚪᛏᛖᛞ,521
encircled,2682237,0,ᛖᚾᚳᛁᚱᚳᛚᛖᛞ,393
deductive,2680926,0,ᛞᛖᛞᚢᚳᛏᛁᚢᛖ,421
methodists,2680012,0,ᛗᛖᚦᚩᛞᛁᛋᛏᛋ,435
fatherland,2679429,0,ᚠᚪᚦᛖᚱᛚᚪᚾᛞ,470
germanium,2679106,0,ᚷᛖᚱᛗᚪᚾᛁᚢᛗ,397
expounded,2677033,0,ᛖᛉᛈᚩᚢᚾᛞᛖᛞ,441
underline,2676348,0,ᚢᚾᛞᛖᚱᛚᛁᚾᛖ,399
euphrates,2675905,0,ᛖᚢᛈᚻᚱᚪᛏᛖᛋ,423
tanganyika,2674523,0,ᛏᚪᛝᚪᚾᚣᛁᚳᚪ,605
palatable,2673539,0,ᛈᚪᛚᚪᛏᚪᛒᛚᛖ,667
configure,2670117,0,ᚳᚩᚾᚠᛁᚷᚢᚱᛖ,180
intrusions,2669987,0,ᛁᚾᛏᚱᚢᛋᛡᚾᛋ,375
histogram,2668418,0,ᚻᛁᛋᛏᚩᚷᚱᚪᛗ,369
grosvenor,2665502,0,ᚷᚱᚩᛋᚢᛖᚾᚩᚱ,205
foreclose,2664622,0,ᚠᚩᚱᛖᚳᛚᚩᛋᛖ,300
motorists,2664379,0,ᛗᚩᛏᚩᚱᛁᛋᛏᛋ,351
psychical,2664156,0,ᛈᛋᚣᚳᚻᛁᚳᚪᛚ,449
ordinated,2663451,0,ᚩᚱᛞᛁᚾᚪᛏᛖᛞ,479
illegible,2662253,0,ᛁᛚᛚᛖᚷᛁᛒᛚᛖ,493
smoothness,2659906,0,ᛋᛗᚩᚩᚦᚾᛖᛋᛋ,345
sorrowful,2659903,0,ᛋᚩᚱᚱᚩᚹᚠᚢᛚ,186
reinstate,2658620,0,ᚱᛖᛁᚾᛋᛏᚪᛏᛖ,473
harmonize,2658067,0,ᚻᚪᚱᛗᚩᚾᛁᛋᛖ,389
etymology,2651694,0,ᛖᛏᚣᛗᚩᛚᚩᚷᚣ,507
abscesses,2650604,0,ᚪᛒᛋᚳᛖᛋᛋᛖᛋ,517
cognizant,2650259,0,ᚳᚩᚷᚾᛁᛋᚪᚾᛏ,335
substation,2649167,0,ᛋᚢᛒᛋᛏᚪᛏᛡᚾ,521
clearances,2647367,0,ᚳᛚᛠᚱᚪᚾᚳᛖᛋ,465
overgrown,2646394,0,ᚩᚢᛖᚱᚷᚱᚩᚹᚾ,171
jeopardize,2645856,0,ᛂᛇᛈᚪᚱᛞᛁᛋᛖ,469
expedited,2645459,0,ᛖᛉᛈᛖᛞᛁᛏᛖᛞ,559
mcfarland,2642021,0,ᛗᚳᚠᚪᚱᛚᚪᚾᛞ,482
filipinos,2641124,0,ᚠᛁᛚᛁᛈᛁᚾᚩᛋ,300
senatorial,2634341,0,ᛋᛖᚾᚪᛏᚩᚱᛡᛚ,503
deflected,2634311,0,ᛞᛖᚠᛚᛖᚳᛏᛖᛞ,526
constrain,2633403,0,ᚳᚩᚾᛋᛏᚱᚪᛁᚾ,329
subscribing,2632395,0,ᛋᚢᛒᛋᚳᚱᛁᛒᛝ,365
miserably,2631962,0,ᛗᛁᛋᛖᚱᚪᛒᛚᚣ,567
spokesmen,2631100,0,ᛋᛈᚩᚳᛖᛋᛗᛖᚾ,403
sportsman,2621209,0,ᛋᛈᚩᚱᛏᛋᛗᚪᚾ,423
inflection,2618584,0,ᛁᚾᚠᛚᛖᚳᛏᛡᚾ,410
cosmology,2617497,0,ᚳᚩᛋᛗᚩᛚᚩᚷᚣ,351
dismantling,2616995,0,ᛞᛁᛋᛗᚪᚾᛏᛚᛝ,581
antisocial,2616501,0,ᚪᚾᛏᛁᛋᚩᚳᛡᛚ,469
placental,2612965,0,ᛈᛚᚪᚳᛖᚾᛏᚪᛚ,551
leavenworth,2611291,0,ᛚᛠᚢᛖᚾᚹᚩᚱᚦ,323
innermost,2609550,0,ᛁᚾᚾᛖᚱᛗᚩᛋᛏ,357
caregiver,2607294,0,ᚳᚪᚱᛖᚷᛁᚢᛖᚱ,317
appreciating,2607090,0,ᚪᛈᛈᚱᛖᚳᛡᛏᛝ,519
analogues,2607039,0,ᚪᚾᚪᛚᚩᚷᚢᛖᛋ,443
rothschild,2606277,0,ᚱᚩᚦᛋᚳᚻᛁᛚᛞ,305
euripides,2605238,0,ᛖᚢᚱᛁᛈᛁᛞᛖᛋ,395
interacts,2604674,0,ᛁᚾᛏᛖᚱᚪᚳᛏᛋ,419
numerator,2604028,0,ᚾᚢᛗᛖᚱᚪᛏᚩᚱ,355
graveyard,2603891,0,ᚷᚱᚪᚢᛖᚣᚪᚱᛞ,495
haphazard,2603517,0,ᚻᚪᛈᚻᚪᛋᚪᚱᛞ,533
bucharest,2601564,0,ᛒᚢᚳᚻᚪᚱᛖᛋᛏ,387
prospered,2600456,0,ᛈᚱᚩᛋᛈᛖᚱᛖᛞ,391
candidacy,2598681,0,ᚳᚪᚾᛞᛁᛞᚪᚳᚣ,561
residuary,2598556,0,ᚱᛖᛋᛁᛞᚢᚪᚱᚣ,465
wiltshire,2598416,0,ᚹᛁᛚᛏᛋᚻᛁᚱᛖ,367
semiannual,2592527,0,ᛋᛖᛗᛡᚾᚾᚢᚪᛚ,529
accessions,2590504,0,ᚪᚳᚳᛖᛋᛋᛡᚾᛋ,485
approvals,2588480,0,ᚪᛈᛈᚱᚩᚢᚪᛚᛋ,427
motorized,2587831,0,ᛗᚩᛏᚩᚱᛁᛋᛖᛞ,395
normality,2583909,0,ᚾᚩᚱᛗᚪᛚᛁᛏᚣ,481
antigenic,2582796,0,ᚪᚾᛏᛁᚷᛖᚾᛁᚳ,373
icelandic,2580523,0,ᛁᚳᛖᛚᚪᚾᛞᛁᚳ,443
frankness,2579671,0,ᚠᚱᚪᚾᚳᚾᛖᛋᛋ,354
attributing,2578692,0,ᚪᛏᛏᚱᛁᛒᚢᛏᛝ,459
strictest,2576387,0,ᛋᛏᚱᛁᚳᛏᛖᛋᛏ,405
signatory,2574814,0,ᛋᛁᚷᚾᚪᛏᚩᚱᚣ,407
deuterium,2573657,0,ᛞᛖᚢᛏᛖᚱᛁᚢᛗ,401
incurable,2573479,0,ᛁᚾᚳᚢᚱᚪᛒᛚᛖ,385
blackwood,2572498,0,ᛒᛚᚪᚳᚳᚹᚩᚩᛞ,379
cytotoxic,2569335,0,ᚳᚣᛏᚩᛏᚩᛉᛁᚳ,339
licensure,2567302,0,ᛚᛁᚳᛖᚾᛋᚢᚱᛖ,347
untrained,2563869,0,ᚢᚾᛏᚱᚪᛁᚾᛖᛞ,415
quartered,2563535,0,ᚳᚹᚪᚱᛏᛖᚱᛖᛞ,433
judicially,2562073,0,ᛂᚢᛞᛁᚳᛡᛚᛚᚣ,529
punctured,2561939,0,ᛈᚢᚾᚳᛏᚢᚱᛖᛞ,317
ungrateful,2558757,0,ᚢᛝᚱᚪᛏᛖᚠᚢᛚ,394
expectant,2555090,0,ᛖᛉᛈᛖᚳᛏᚪᚾᛏ,481
intituled,2554424,0,ᛁᚾᛏᛁᛏᚢᛚᛖᛞ,441
immutable,2551766,0,ᛁᛗᛗᚢᛏᚪᛒᛚᛖ,533
paymaster,2549915,0,ᛈᚪᚣᛗᚪᛋᛏᛖᚱ,601
perchance,2549365,0,ᛈᛖᚱᚳᚻᚪᚾᚳᛖ,363
renovated,2544379,0,ᚱᛖᚾᚩᚢᚪᛏᛖᛞ,429
caretaker,2542996,0,ᚳᚪᚱᛖᛏᚪᚳᛖᚱ,435
hernandez,2541436,0,ᚻᛖᚱᚾᚪᚾᛞᛖᛋ,465
prosthetic,2541236,0,ᛈᚱᚩᛋᚦᛖᛏᛁᚳ,289
dynasties,2539594,0,ᛞᚣᚾᚪᛋᛏᛁᛖᛋ,581
novelties,2537998,0,ᚾᚩᚢᛖᛚᛏᛁᛖᛋ,389
passively,2537495,0,ᛈᚪᛋᛋᛁᚢᛖᛚᚣ,523
unwittingly,2537066,0,ᚢᚾᚹᛁᛏᛏᛝᛚᚣ,455
confessor,2536802,0,ᚳᚩᚾᚠᛖᛋᛋᚩᚱ,242
seductive,2535900,0,ᛋᛖᛞᚢᚳᛏᛁᚢᛖ,385
immemorial,2535092,0,ᛁᛗᛗᛖᛗᚩᚱᛡᛚ,509
intonation,2534175,0,ᛁᚾᛏᚩᚾᚪᛏᛡᚾ,447
occupiers,2533384,0,ᚩᚳᚳᚢᛈᛁᛖᚱᛋ,241
brilliancy,2530802,0,ᛒᚱᛁᛚᛚᛡᚾᚳᚣ,501
acclaimed,2529408,0,ᚪᚳᚳᛚᚪᛁᛗᛖᛞ,551
raspberry,2528115,0,ᚱᚪᛋᛈᛒᛖᚱᚱᚣ,457
hiroshima,2527958,0,ᚻᛁᚱᚩᛋᚻᛁᛗᚪ,347
anonymity,2527502,1,ᚪᚾᚩᚾᚣᛗᛁᛏᚣ,529
itinerary,2527306,0,ᛁᛏᛁᚾᛖᚱᚪᚱᚣ,439
hemolytic,2527210,0,ᚻᛖᛗᚩᛚᚣᛏᛁᚳ,447
absorbent,2517655,0,ᚪᛒᛋᚩᚱᛒᛖᚾᛏ,445
samaritan,2516994,0,ᛋᚪᛗᚪᚱᛁᛏᚪᚾ,545
debatable,2516458,0,ᛞᛖᛒᚪᛏᚪᛒᛚᛖ,671
menopause,2515916,0,ᛗᛖᚾᚩᛈᚪᚢᛋᛖ,437
digitalis,2515278,0,ᛞᛁᚷᛁᛏᚪᛚᛁᛋ,481
fasteners,2514419,0,ᚠᚪᛋᛏᛖᚾᛖᚱᛋ,438
instructs,2511413,0,ᛁᚾᛋᛏᚱᚢᚳᛏᛋ,311
kidnapped,2510055,0,ᚳᛁᛞᚾᚪᛈᛈᛖᛞ,501
indemnify,2509574,0,ᛁᚾᛞᛖᛗᚾᛁᚠᚣ,452
rembrandt,2508427,0,ᚱᛖᛗᛒᚱᚪᚾᛞᛏ,495
maximilian,2499836,0,ᛗᚪᛉᛁᛗᛁᛚᛡᚾ,557
embarrass,2491785,0,ᛖᛗᛒᚪᚱᚱᚪᛋᛋ,521
angiography,2491482,0,ᚪᛝᛡᚷᚱᚪᛈᚻᚣ,577
rensselaer,2490403,0,ᚱᛖᚾᛋᛋᛖᛚᚫᚱ,465
proclaims,2490184,0,ᛈᚱᚩᚳᛚᚪᛁᛗᛋ,399
traverses,2489627,0,ᛏᚱᚪᚢᛖᚱᛋᛖᛋ,421
neoplastic,2487396,0,ᚾᛇᛈᛚᚪᛋᛏᛁᚳ,439
genotypes,2486995,0,ᚷᛖᚾᚩᛏᚣᛈᛖᛋ,445
kinematic,2486748,0,ᚳᛁᚾᛖᛗᚪᛏᛁᚳ,411
aliphatic,2482444,0,ᚪᛚᛁᛈᚻᚪᛏᛁᚳ,467
waterbury,2481855,0,ᚹᚪᛏᛖᚱᛒᚢᚱᚣ,431
tentacles,2479063,0,ᛏᛖᚾᛏᚪᚳᛚᛖᛋ,517
headmaster,2478124,0,ᚻᛠᛞᛗᚪᛋᛏᛖᚱ,579
enlighten,2477800,0,ᛖᚾᛚᛁᚷᚻᛏᛖᚾ,395
desorption,2474978,0,ᛞᛖᛋᚩᚱᛈᛏᛡᚾ,465
exchangers,2473359,0,ᛖᛉᚳᚻᚪᛝᛖᚱᛋ,457
shortfall,2472576,0,ᛋᚻᚩᚱᛏᚠᚪᛚᛚ,398
silicates,2470375,0,ᛋᛁᛚᛁᚳᚪᛏᛖᛋ,477
vestibule,2466500,0,ᚢᛖᛋᛏᛁᛒᚢᛚᛖ,417
moistened,2462174,0,ᛗᚩᛁᛋᛏᛖᚾᛖᛞ,473
diagonally,2461494,0,ᛞᛡᚷᚩᚾᚪᛚᛚᚣ,595
decompose,2459519,0,ᛞᛖᚳᚩᛗᛈᚩᛋᛖ,417
panchayat,2459424,0,ᛈᚪᚾᚳᚻᚪᚣᚪᛏ,561
crocodile,2459078,1,ᚳᚱᚩᚳᚩᛞᛁᛚᛖ,311
sumptuous,2457139,0,ᛋᚢᛗᛈᛏᚢᚩᚢᛋ,295
fireproof,2456778,0,ᚠᛁᚱᛖᛈᚱᚩᚩᚠ,181
geometries,2456482,0,ᚷᛇᛗᛖᛏᚱᛁᛖᛋ,417
cassettes,2453598,0,ᚳᚪᛋᛋᛖᛏᛏᛖᛋ,521
detonation,2453535,0,ᛞᛖᛏᚩᚾᚪᛏᛡᚾ,543
chauffeur,2449941,0,ᚳᚻᚪᚢᚠᚠᛖᚢᚱ,221
marketers,2445985,0,ᛗᚪᚱᚳᛖᛏᛖᚱᛋ,449
preemption,2444565,0,ᛈᚱᛖᛖᛗᛈᛏᛡᚾ,497
priscilla,2443639,0,ᛈᚱᛁᛋᚳᛁᛚᛚᚪ,425
buddhists,2442134,0,ᛒᚢᛞᛞᚻᛁᛋᛏᛋ,461
neuropathy,2441613,0,ᚾᛖᚢᚱᚩᛈᚪᚦᚣ,365
reductase,2441512,0,ᚱᛖᛞᚢᚳᛏᚪᛋᛖ,459
shortness,2440217,0,ᛋᚻᚩᚱᛏᚾᛖᛋᛋ,355
unwritten,2440042,0,ᚢᚾᚹᚱᛁᛏᛏᛖᚾ,307
greyhound,2439480,0,ᚷᚱᛖᚣᚻᚩᚢᚾᛞ,349
embassies,2437690,0,ᛖᛗᛒᚪᛋᛋᛁᛖᛋ,553
pointless,2436315,0,ᛈᚩᛁᚾᛏᛚᛖᛋᛋ,415
proponent,2434935,0,ᛈᚱᚩᛈᚩᚾᛖᚾᛏ,295
reminders,2434867,0,ᚱᛖᛗᛁᚾᛞᛖᚱᛋ,429
truthfully,2433996,0,ᛏᚱᚢᚦᚠᚢᛚᛚᚣ,332
minimally,2429678,0,ᛗᛁᚾᛁᛗᚪᛚᛚᚣ,579
posthumous,2426251,0,ᛈᚩᛋᚦᚢᛗᚩᚢᛋ,245
extinguishing,2426074,0,ᛖᛉᛏᛝᚢᛁᛋᚻᛝ,441
vindicate,2425538,0,ᚢᛁᚾᛞᛁᚳᚪᛏᛖ,419
allahabad,2424937,0,ᚪᛚᛚᚪᚻᚪᛒᚪᛞ,707
scaffolding,2424377,0,ᛋᚳᚪᚠᚠᚩᛚᛞᛝ,415
perturbed,2421489,0,ᛈᛖᚱᛏᚢᚱᛒᛖᛞ,411
undecided,2421205,0,ᚢᚾᛞᛖᚳᛁᛞᛖᛞ,477
cryogenic,2420318,0,ᚳᚱᚣᚩᚷᛖᚾᛁᚳ,291
butterfat,2419424,0,ᛒᚢᛏᛏᛖᚱᚠᚪᛏ,418
onslaught,2416761,0,ᚩᚾᛋᛚᚪᚢᚷᚻᛏ,361
ombudsman,2416669,0,ᚩᛗᛒᚢᛞᛋᛗᚪᚾ,481
sympathize,2415368,0,ᛋᚣᛗᛈᚪᚦᛁᛋᛖ,523
sculptors,2413221,0,ᛋᚳᚢᛚᛈᛏᚩᚱᛋ,315
disbanded,2413219,0,ᛞᛁᛋᛒᚪᚾᛞᛖᛞ,605
indulgent,2412828,0,ᛁᚾᛞᚢᛚᚷᛖᚾᛏ,397
garrisons,2411225,0,ᚷᚪᚱᚱᛁᛋᚩᚾᛋ,309
treasurers,2410467,0,ᛏᚱᛠᛋᚢᚱᛖᚱᛋ,377
awkwardly,2407168,0,ᚪᚹᚳᚹᚪᚱᛞᛚᚣ,521
nighttime,2405919,0,ᚾᛁᚷᚻᛏᛏᛁᛗᛖ,387
emphysema,2402423,0,ᛖᛗᛈᚻᚣᛋᛖᛗᚪ,595
schlesinger,2400051,0,ᛋᚳᚻᛚᛖᛋᛝᛖᚱ,439
sharpness,2396757,0,ᛋᚻᚪᚱᛈᚾᛖᛋᛋ,429
litigants,2396315,0,ᛚᛁᛏᛁᚷᚪᚾᛏᛋ,449
criticise,2392724,0,ᚳᚱᛁᛏᛁᚳᛁᛋᛖ,309
elegantly,2391939,0,ᛖᛚᛖᚷᚪᚾᛏᛚᚣ,585
kilowatts,2389875,0,ᚳᛁᛚᚩᚹᚪᛏᛏᛋ,411
reelected,2387998,0,ᚱᛖᛖᛚᛖᚳᛏᛖᛞ,513
chevrolet,2387082,0,ᚳᚻᛖᚢᚱᚩᛚᛖᛏ,323
whirlwind,2386508,0,ᚹᚻᛁᚱᛚᚹᛁᚾᛞ,325
himalayas,2377173,0,ᚻᛁᛗᚪᛚᚪᚣᚪᛋ,645
chieftain,2373044,0,ᚳᚻᛁᛖᚠᛏᚪᛁᚾ,352
aggravating,2373041,0,ᚪᚷᚷᚱᚪᚢᚪᛏᛝ,477
sepulchre,2372472,0,ᛋᛖᛈᚢᛚᚳᚻᚱᛖ,353
equitably,2372152,0,ᛖᚳᚹᛁᛏᚪᛒᛚᚣ,523
rudiments,2361892,0,ᚱᚢᛞᛁᛗᛖᚾᛏᛋ,413
exaltation,2361861,0,ᛖᛉᚪᛚᛏᚪᛏᛡᚾ,635
illogical,2361011,0,ᛁᛚᛚᚩᚷᛁᚳᚪᛚ,415
apparition,2359279,0,ᚪᛈᛈᚪᚱᛁᛏᛡᚾ,517
chromatic,2357408,0,ᚳᚻᚱᚩᛗᚪᛏᛁᚳ,325
exactness,2355788,0,ᛖᛉᚪᚳᛏᚾᛖᛋᛋ,485
overtures,2354251,0,ᚩᚢᛖᚱᛏᚢᚱᛖᛋ,281
ionosphere,2353631,0,ᛡᚾᚩᛋᛈᚻᛖᚱᛖ,407
goddesses,2353609,0,ᚷᚩᛞᛞᛖᛋᛋᛖᛋ,495
limitless,2353490,0,ᛚᛁᛗᛁᛏᛚᛖᛋᛋ,511
prismatic,2349964,0,ᛈᚱᛁᛋᛗᚪᛏᛁᚳ,409
landscaping,2349279,0,ᛚᚪᚾᛞᛋᚳᚪᛈᛝ,573
plastered,2349014,0,ᛈᛚᚪᛋᛏᛖᚱᛖᛞ,559
stricture,2348481,0,ᛋᛏᚱᛁᚳᛏᚢᚱᛖ,307
prosthesis,2347456,0,ᛈᚱᚩᛋᚦᛖᛋᛁᛋ,323
actionable,2346919,0,ᚪᚳᛏᛡᚾᚪᛒᛚᛖ,603
fullerton,2344376,0,ᚠᚢᛚᛚᛖᚱᛏᚩᚾ,324
streamline,2342786,0,ᛋᛏᚱᛠᛗᛚᛁᚾᛖ,503
mercenary,2342574,0,ᛗᛖᚱᚳᛖᚾᚪᚱᚣ,469
discounting,2341468,0,ᛞᛁᛋᚳᚩᚢᚾᛏᛝ,363
longstanding,2341346,0,ᛚᚩᛝᛋᛏᚪᚾᛞᛝ,565
perinatal,2340035,0,ᛈᛖᚱᛁᚾᚪᛏᚪᛚ,507
vagueness,2340013,0,ᚢᚪᚷᚢᛖᚾᛖᛋᛋ,389
reiterate,2335369,0,ᚱᛖᛁᛏᛖᚱᚪᛏᛖ,469
manifesting,2331646,0,ᛗᚪᚾᛁᚠᛖᛋᛏᛝ,488
overwhelm,2330995,0,ᚩᚢᛖᚱᚹᚻᛖᛚᛗ,341
blasphemy,2330907,0,ᛒᛚᚪᛋᛈᚻᛖᛗᚣ,591
humiliated,2330153,0,ᚻᚢᛗᛁᛚᛡᛏᛖᛞ,523
energized,2330103,0,ᛖᚾᛖᚱᚷᛁᛋᛖᛞ,431
amphibious,2329047,0,ᚪᛗᛈᚻᛁᛒᛡᚢᛋ,489
auspicious,2328932,0,ᚪᚢᛋᛈᛁᚳᛡᚢᛋ,403
colonized,2327400,0,ᚳᚩᛚᚩᚾᛁᛋᛖᛞ,369
glycerine,2325682,0,ᚷᛚᚣᚳᛖᚱᛁᚾᛖ,411
napoleonic,2323089,0,ᚾᚪᛈᚩᛚᛇᚾᛁᚳ,363
promenade,2322187,0,ᛈᚱᚩᛗᛖᚾᚪᛞᛖ,481
perversion,2320630,0,ᛈᛖᚱᚢᛖᚱᛋᛡᚾ,391
insolence,2319685,0,ᛁᚾᛋᚩᛚᛖᚾᚳᛖ,369
skilfully,2319446,0,ᛋᚳᛁᛚᚠᚢᛚᛚᚣ,424
prometheus,2310624,0,ᛈᚱᚩᛗᛖᚦᛖᚢᛋ,327
cucumbers,2310099,0,ᚳᚢᚳᚢᛗᛒᛖᚱᛋ,295
colloquial,2309868,0,ᚳᚩᛚᛚᚩᚳᚹᛡᛚ,385
alleviation,2309090,0,ᚪᛚᛚᛖᚢᛡᛏᛡᚾ,615
fluttered,2308976,0,ᚠᛚᚢᛏᛏᛖᚱᛖᛞ,430
hegemonic,2308681,0,ᚻᛖᚷᛖᛗᚩᚾᛁᚳ,325
artefacts,2306141,0,ᚪᚱᛏᛖᚠᚪᚳᛏᛋ,458
equivocal,2305236,0,ᛖᚳᚹᛁᚢᚩᚳᚪᛚ,323
stipulate,2303824,0,ᛋᛏᛁᛈᚢᛚᚪᛏᛖ,485
passivity,2301963,0,ᛈᚪᛋᛋᛁᚢᛁᛏᚣ,473
notoriety,2301851,0,ᚾᚩᛏᚩᚱᛁᛖᛏᚣ,373
scratches,2300573,0,ᛋᚳᚱᚪᛏᚳᚻᛖᛋ,389
ridiculed,2299811,0,ᚱᛁᛞᛁᚳᚢᛚᛖᛞ,407
stretcher,2298829,0,ᛋᛏᚱᛖᛏᚳᚻᛖᚱ,363
incarnate,2293912,0,ᛁᚾᚳᚪᚱᚾᚪᛏᛖ,433
purgatory,2290486,0,ᛈᚢᚱᚷᚪᛏᚩᚱᚣ,351
appendage,2289513,0,ᚪᛈᛈᛖᚾᛞᚪᚷᛖ,549
churchmen,2287390,0,ᚳᚻᚢᚱᚳᚻᛗᛖᚾ,253
anaesthetic,2287100,0,ᚪᚾᚫᛋᚦᛖᛏᛁᚳ,455
duplicating,2286327,0,ᛞᚢᛈᛚᛁᚳᚪᛏᛝ,487
precipice,2285675,0,ᛈᚱᛖᚳᛁᛈᛁᚳᛖ,319
prostatic,2284343,0,ᛈᚱᚩᛋᛏᚪᛏᛁᚳ,373
affluence,2283202,0,ᚪᚠᚠᛚᚢᛖᚾᚳᛖ,353
whittaker,2282488,0,ᚹᚻᛁᛏᛏᚪᚳᛖᚱ,379
woodworking,2282292,0,ᚹᚩᚩᛞᚹᚩᚱᚳᛝ,251
evaporating,2280593,0,ᛖᚢᚪᛈᚩᚱᚪᛏᛝ,463
fungicides,2280327,0,ᚠᚢᛝᛁᚳᛁᛞᛖᛋ,368
dendritic,2279717,0,ᛞᛖᚾᛞᚱᛁᛏᛁᚳ,419
carpentry,2279556,0,ᚳᚪᚱᛈᛖᚾᛏᚱᚣ,433
pyrolysis,2279512,0,ᛈᚣᚱᚩᛚᚣᛋᛁᛋ,477
auctioneer,2278847,0,ᚪᚢᚳᛏᛡᚾᛖᛖᚱ,453
retraction,2275023,0,ᚱᛖᛏᚱᚪᚳᛏᛡᚾ,453
arrhythmias,2274093,0,ᚪᚱᚱᚻᚣᚦᛗᛡᛋ,481
thermostat,2272164,0,ᚦᛖᚱᛗᚩᛋᛏᚪᛏ,429
paradoxes,2272059,0,ᛈᚪᚱᚪᛞᚩᛉᛖᛋ,511
triumphed,2268801,0,ᛏᚱᛁᚢᛗᛈᚻᛖᛞ,397
freelance,2266774,0,ᚠᚱᛖᛖᛚᚪᚾᚳᛖ,426
cathedrals,2265896,0,ᚳᚪᚦᛖᛞᚱᚪᛚᛋ,505
cyclotron,2264882,0,ᚳᚣᚳᛚᚩᛏᚱᚩᚾ,315
bewildering,2263860,0,ᛒᛖᚹᛁᛚᛞᛖᚱᛝ,497
sarcastic,2262909,0,ᛋᚪᚱᚳᚪᛋᛏᛁᚳ,427
retracted,2262405,0,ᚱᛖᛏᚱᚪᚳᛏᛖᛞ,473
addressee,2260084,0,ᚪᛞᛞᚱᛖᛋᛋᛖᛖ,593
aggressor,2259630,0,ᚪᚷᚷᚱᛖᛋᛋᚩᚱ,333
melodrama,2259425,0,ᛗᛖᛚᚩᛞᚱᚪᛗᚪ,583
copolymer,2258436,0,ᚳᚩᛈᚩᛚᚣᛗᛖᚱ,395
nuisances,2257770,0,ᚾᚢᛁᛋᚪᚾᚳᛖᛋ,375
congestive,2255558,0,ᚳᚩᛝᛖᛋᛏᛁᚢᛖ,379
liquidating,2254518,0,ᛚᛁᚳᚹᛁᛞᚪᛏᛝ,491
pronouncing,2253512,0,ᛈᚱᚩᚾᚩᚢᚾᚳᛝ,221
fanatical,2253494,0,ᚠᚪᚾᚪᛏᛁᚳᚪᛚ,498
governess,2252605,0,ᚷᚩᚢᛖᚱᚾᛖᛋᛋ,307
pigmented,2249473,0,ᛈᛁᚷᛗᛖᚾᛏᛖᛞ,473
unselfish,2247879,0,ᚢᚾᛋᛖᛚᚠᛁᛋᚻ,334
inclosure,2246843,0,ᛁᚾᚳᛚᚩᛋᚢᚱᛖ,287
prolactin,2246603,0,ᛈᚱᚩᛚᚪᚳᛏᛁᚾ,363
midwifery,2245995,0,ᛗᛁᛞᚹᛁᚠᛖᚱᚣ,424
excitedly,2245900,0,ᛖᛉᚳᛁᛏᛖᛞᛚᚣ,549
methodical,2241601,0,ᛗᛖᚦᚩᛞᛁᚳᚪᛚ,453
feudalism,2241064,0,ᚠᛖᚢᛞᚪᛚᛁᛋᛗ,486
lifetimes,2239213,0,ᛚᛁᚠᛖᛏᛁᛗᛖᛋ,454
hendricks,2238410,0,ᚻᛖᚾᛞᚱᛁᚳᚳᛋ,329
urbanized,2236568,0,ᚢᚱᛒᚪᚾᛁᛋᛖᛞ,441
aggravate,2234009,0,ᚪᚷᚷᚱᚪᚢᚪᛏᛖ,465
obscenity,2233358,0,ᚩᛒᛋᚳᛖᚾᛁᛏᚣ,423
manifolds,2232935,0,ᛗᚪᚾᛁᚠᚩᛚᛞᛋ,452
trimester,2232227,0,ᛏᚱᛁᛗᛖᛋᛏᛖᚱ,429
nightfall,2231896,0,ᚾᛁᚷᚻᛏᚠᚪᛚᛚ,404
selectmen,2228355,0,ᛋᛖᛚᛖᚳᛏᛗᛖᚾ,499
makeshift,2227599,0,ᛗᚪᚳᛖᛋᚻᛁᚠᛏ,416
crusaders,2227341,0,ᚳᚱᚢᛋᚪᛞᛖᚱᛋ,397
photocopy,2218091,0,ᛈᚻᚩᛏᚩᚳᚩᛈᚣ,305
fluctuate,2217984,0,ᚠᛚᚢᚳᛏᚢᚪᛏᛖ,376
variational,2216682,0,ᚢᚪᚱᛡᛏᛡᚾᚪᛚ,583
nonfiction,2216227,0,ᚾᚩᚾᚠᛁᚳᛏᛡᚾ,306
housework,2215319,0,ᚻᚩᚢᛋᛖᚹᚩᚱᚳ,203
unclaimed,2210950,0,ᚢᚾᚳᛚᚪᛁᛗᛖᛞ,473
fabricating,2210743,0,ᚠᚪᛒᚱᛁᚳᚪᛏᛝ,450
muscovite,2209813,0,ᛗᚢᛋᚳᚩᚢᛁᛏᛖ,307
invariance,2208995,0,ᛁᚾᚢᚪᚱᛡᚾᚳᛖ,387
resonator,2208093,0,ᚱᛖᛋᚩᚾᚪᛏᚩᚱ,341
devolution,2206185,0,ᛞᛖᚢᚩᛚᚢᛏᛡᚾ,437
broadside,2203385,0,ᛒᚱᚩᚪᛞᛋᛁᛞᛖ,505
moustache,2199991,0,ᛗᚩᚢᛋᛏᚪᚳᚻᛖ,393
maneuvering,2198247,0,ᛗᚪᚾᛖᚢᚢᛖᚱᛝ,427
analgesic,2196733,0,ᚪᚾᚪᛚᚷᛖᛋᛁᚳ,477
usurpation,2196047,0,ᚢᛋᚢᚱᛈᚪᛏᛡᚾ,405
genevieve,2195082,0,ᚷᛖᚾᛖᚢᛁᛖᚢᛖ,351
amphibians,2190001,0,ᚪᛗᛈᚻᛁᛒᛡᚾᛋ,515
phonology,2189164,0,ᛈᚻᚩᚾᚩᛚᚩᚷᚣ,309
activates,2186674,0,ᚪᚳᛏᛁᚢᚪᛏᛖᛋ,479
conspired,2184969,0,ᚳᚩᚾᛋᛈᛁᚱᛖᛞ,343
unchecked,2184091,0,ᚢᚾᚳᚻᛖᚳᚳᛖᛞ,317
headlights,2181308,0,ᚻᛠᛞᛚᛁᚷᚻᛏᛋ,477
superfund,2180144,0,ᛋᚢᛈᛖᚱᚠᚢᚾᛞ,300
liquidate,2179023,0,ᛚᛁᚳᚹᛁᛞᚪᛏᛖ,479
montaigne,2175603,0,ᛗᚩᚾᛏᚪᛁᚷᚾᛖ,407
inverness,2174524,0,ᛁᚾᚢᛖᚱᚾᛖᛋᛋ,343
columnist,2172582,0,ᚳᚩᛚᚢᛗᚾᛁᛋᛏ,339
resistive,2172502,0,ᚱᛖᛋᛁᛋᛏᛁᚢᛖ,375
waistcoat,2171551,0,ᚹᚪᛁᛋᛏᚳᚩᚪᛏ,435
mutilation,2170075,0,ᛗᚢᛏᛁᛚᚪᛏᛡᚾ,529
coastwise,2168616,0,ᚳᚩᚪᛋᛏᚹᛁᛋᛖ,399
michaelmas,2166692,0,ᛗᛁᚳᚻᚫᛚᛗᚪᛋ,533
organizes,2165669,0,ᚩᚱᚷᚪᚾᛁᛋᛖᛋ,365
frustrate,2165381,0,ᚠᚱᚢᛋᛏᚱᚪᛏᛖ,362
blackmail,2165269,0,ᛒᛚᚪᚳᚳᛗᚪᛁᛚ,529
hamburger,2164310,0,ᚻᚪᛗᛒᚢᚱᚷᛖᚱ,361
confesses,2162835,0,ᚳᚩᚾᚠᛖᛋᛋᛖᛋ,344
richelieu,2161550,0,ᚱᛁᚳᚻᛖᛚᛁᛖᚢ,319
fulbright,2161420,0,ᚠᚢᛚᛒᚱᛁᚷᚻᛏ,280
thucydides,2160729,0,ᚦᚢᚳᚣᛞᛁᛞᛖᛋ,453
tightness,2159548,0,ᛏᛁᚷᚻᛏᚾᛖᛋᛋ,391
heretical,2157888,0,ᚻᛖᚱᛖᛏᛁᚳᚪᛚ,441
depravity,2153286,0,ᛞᛖᛈᚱᚪᚢᛁᛏᚣ,503
siegfried,2150326,0,ᛋᛁᛖᚷᚠᚱᛁᛖᛞ,368
breakdowns,2149664,0,ᛒᚱᛠᚳᛞᚩᚹᚾᛋ,391
annulment,2149293,0,ᚪᚾᚾᚢᛚᛗᛖᚾᛏ,457
hermitage,2148494,0,ᚻᛖᚱᛗᛁᛏᚪᚷᛖ,443
sophocles,2146614,0,ᛋᚩᛈᚻᚩᚳᛚᛖᛋ,339
sulphides,2146224,0,ᛋᚢᛚᛈᚻᛁᛞᛖᛋ,435
certifies,2145515,0,ᚳᛖᚱᛏᛁᚠᛁᛖᛋ,334
landslide,2144118,0,ᛚᚪᚾᛞᛋᛚᛁᛞᛖ,601
guadalupe,2141150,0,ᚷᚢᚪᛞᚪᛚᚢᛈᛖ,489
draftsman,2139977,0,ᛞᚱᚪᚠᛏᛋᛗᚪᚾ,508
testatrix,2139487,0,ᛏᛖᛋᛏᚪᛏᚱᛁᛉ,483
imprinted,2134545,0,ᛁᛗᛈᚱᛁᚾᛏᛖᛞ,431
quiescent,2131199,0,ᚳᚹᛁᛖᛋᚳᛖᚾᛏ,351
citizenry,2131099,0,ᚳᛁᛏᛁᛋᛖᚾᚱᚣ,397
boltzmann,2128703,0,ᛒᚩᛚᛏᛋᛗᚪᚾᚾ,479
obstinacy,2127844,0,ᚩᛒᛋᛏᛁᚾᚪᚳᚣ,453
swaziland,2127737,0,ᛋᚹᚪᛋᛁᛚᚪᚾᛞ,541
colourful,2126038,0,ᚳᚩᛚᚩᚢᚱᚠᚢᛚ,192
observant,2124804,0,ᚩᛒᛋᛖᚱᚢᚪᚾᛏ,387
shipwreck,2121237,0,ᛋᚻᛁᛈᚹᚱᛖᚳᚳ,273
honorably,2120478,0,ᚻᚩᚾᚩᚱᚪᛒᛚᚣ,411
incubator,2118664,0,ᛁᚾᚳᚢᛒᚪᛏᚩᚱ,311
logarithms,2117463,0,ᛚᚩᚷᚪᚱᛁᚦᛗᛋ,365
modernize,2117173,0,ᛗᚩᛞᛖᚱᚾᛁᛋᛖ,425
pentecost,2114573,0,ᛈᛖᚾᛏᛖᚳᚩᛋᛏ,397
vesicular,2114515,0,ᚢᛖᛋᛁᚳᚢᛚᚪᚱ,351
priestley,2111822,0,ᛈᚱᛁᛖᛋᛏᛚᛖᚣ,507
turquoise,2110735,0,ᛏᚢᚱᚳᚹᚩᛁᛋᛖ,263
overtones,2110171,0,ᚩᚢᛖᚱᛏᚩᚾᛖᛋ,303
guidebook,2110160,0,ᚷᚢᛁᛞᛖᛒᚩᚩᚳ,295
rehearsals,2109867,0,ᚱᛖᚻᛠᚱᛋᚪᛚᛋ,497
exemplify,2109781,0,ᛖᛉᛖᛗᛈᛚᛁᚠᚣ,504
outermost,2109761,0,ᚩᚢᛏᛖᚱᛗᚩᛋᛏ,337
overlooks,2103863,0,ᚩᚢᛖᚱᛚᚩᚩᚳᛋ,241
professes,2103454,0,ᛈᚱᚩᚠᛖᛋᛋᛖᛋ,356
merciless,2101640,0,ᛗᛖᚱᚳᛁᛚᛖᛋᛋ,439
pemberton,2099870,0,ᛈᛖᛗᛒᛖᚱᛏᚩᚾ,415
moderated,2099132,0,ᛗᚩᛞᛖᚱᚪᛏᛖᛞ,557
anecdotal,2098961,0,ᚪᚾᛖᚳᛞᚩᛏᚪᛚ,531
himalayan,2097128,0,ᚻᛁᛗᚪᛚᚪᚣᚪᚾ,621
dissipate,2095746,0,ᛞᛁᛋᛋᛁᛈᚪᛏᛖ,523
distracting,2093690,0,ᛞᛁᛋᛏᚱᚪᚳᛏᛝ,491
conceives,2090852,0,ᚳᚩᚾᚳᛖᛁᚢᛖᛋ,283
wallpaper,2090304,0,ᚹᚪᛚᛚᛈᚪᛈᛖᚱ,523
patriarchs,2089346,0,ᛈᚪᛏᚱᛡᚱᚳᚻᛋ,417
alligator,2087993,1,ᚪᛚᛚᛁᚷᚪᛏᚩᚱ,465
cranberry,2087397,0,ᚳᚱᚪᚾᛒᛖᚱᚱᚣ,403
cavitation,2087210,0,ᚳᚪᚢᛁᛏᚪᛏᛡᚾ,495
parsonage,2086587,0,ᛈᚪᚱᛋᚩᚾᚪᚷᛖ,421
watergate,2086118,0,ᚹᚪᛏᛖᚱᚷᚪᛏᛖ,493
symbolize,2084325,0,ᛋᚣᛗᛒᚩᛚᛁᛋᛖ,519
byproduct,2081947,0,ᛒᚣᛈᚱᚩᛞᚢᚳᛏ,389
impetuous,2080648,0,ᛁᛗᛈᛖᛏᚢᚩᚢᛋ,337
hindsight,2080643,0,ᚻᛁᚾᛞᛋᛁᚷᚻᛏ,355
reelection,2080434,0,ᚱᛖᛖᛚᛖᚳᛏᛡᚾ,493
opportune,2078609,0,ᚩᛈᛈᚩᚱᛏᚢᚾᛖ,269
childless,2077241,0,ᚳᚻᛁᛚᛞᛚᛖᛋᛋ,475
positional,2077224,0,ᛈᚩᛋᛁᛏᛡᚾᚪᛚ,499
majesties,2071786,0,ᛗᚪᛂᛖᛋᛏᛁᛖᛋ,535
reorganize,2070146,0,ᚱᛇᚱᚷᚪᚾᛁᛋᛖ,357
rasmussen,2069168,0,ᚱᚪᛋᛗᚢᛋᛋᛖᚾ,437
succulent,2068182,0,ᛋᚢᚳᚳᚢᛚᛖᚾᛏ,313
enshrined,2067080,0,ᛖᚾᛋᚻᚱᛁᚾᛖᛞ,399
matrimony,2066521,0,ᛗᚪᛏᚱᛁᛗᚩᚾᚣ,479
innocuous,2065937,0,ᛁᚾᚾᚩᚳᚢᚩᚢᛋ,175
bilirubin,2064311,0,ᛒᛁᛚᛁᚱᚢᛒᛁᚾ,331
insertions,2063768,0,ᛁᚾᛋᛖᚱᛏᛡᚾᛋ,439
journeyed,2063423,0,ᛂᚩᚢᚱᚾᛖᚣᛖᛞ,413
commodious,2062421,0,ᚳᚩᛗᛗᚩᛞᛡᚢᛋ,421
disgraced,2062095,0,ᛞᛁᛋᚷᚱᚪᚳᛖᛞ,467
dinosaurs,2060621,0,ᛞᛁᚾᚩᛋᚪᚢᚱᛋ,373
anarchist,2059601,0,ᚪᚾᚪᚱᚳᚻᛁᛋᛏ,413
persevere,2058769,0,ᛈᛖᚱᛋᛖᚢᛖᚱᛖ,389
probative,2058033,0,ᛈᚱᚩᛒᚪᛏᛁᚢᛖ,379
confounding,2058000,0,ᚳᚩᚾᚠᚩᚢᚾᛞᛝ,258
footprint,2057466,0,ᚠᚩᚩᛏᛈᚱᛁᚾᛏ,248
schoolboy,2056364,0,ᛋᚳᚻᚩᚩᛚᛒᚩᚣ,347
ultimatum,2054877,0,ᚢᛚᛏᛁᛗᚪᛏᚢᛗ,467
postnatal,2053275,0,ᛈᚩᛋᛏᚾᚪᛏᚪᛚ,517
fertilizing,2043574,0,ᚠᛖᚱᛏᛁᛚᛁᛋᛝ,406
conversed,2041588,0,ᚳᚩᚾᚢᛖᚱᛋᛖᛞ,339
wholeness,2040981,0,ᚹᚻᚩᛚᛖᚾᛖᛋᛋ,391
decadence,2040728,0,ᛞᛖᚳᚪᛞᛖᚾᚳᛖ,531
whitfield,2040227,0,ᚹᚻᛁᛏᚠᛁᛖᛚᛞ,394
telemetry,2039692,0,ᛏᛖᛚᛖᛗᛖᛏᚱᚣ,577
congruence,2039120,0,ᚳᚩᛝᚱᚢᛖᚾᚳᛖ,289
ponderous,2037640,0,ᛈᚩᚾᛞᛖᚱᚩᚢᛋ,309
modulator,2037376,0,ᛗᚩᛞᚢᛚᚪᛏᚩᚱ,417
enigmatic,2037000,0,ᛖᚾᛁᚷᛗᚪᛏᛁᚳ,415
converges,2036745,0,ᚳᚩᚾᚢᛖᚱᚷᛖᛋ,267
compressing,2034321,0,ᚳᚩᛗᛈᚱᛖᛋᛋᛝ,397
autosomal,2033570,0,ᚪᚢᛏᚩᛋᚩᛗᚪᛚ,467
goldwater,2032493,0,ᚷᚩᛚᛞᚹᚪᛏᛖᚱ,439
mccormack,2031659,0,ᛗᚳᚳᚩᚱᛗᚪᚳᚳ,309
orphanage,2029997,0,ᚩᚱᛈᚻᚪᚾᚪᚷᛖ,391
insatiable,2027594,0,ᛁᚾᛋᚪᛏᛡᛒᛚᛖ,577
infliction,2027116,0,ᛁᚾᚠᛚᛁᚳᛏᛡᚾ,374
manoeuvres,2026858,0,ᛗᚪᚾᛟᚢᚢᚱᛖᛋ,417
clarifies,2024871,0,ᚳᛚᚪᚱᛁᚠᛁᛖᛋ,378
agamemnon,2021920,0,ᚪᚷᚪᛗᛖᛗᚾᚩᚾ,485
shipboard,2021799,0,ᛋᚻᛁᛈᛒᚩᚪᚱᛞ,415
reprisals,2020849,0,ᚱᛖᛈᚱᛁᛋᚪᛚᛋ,439
fingerprint,2020755,0,ᚠᛝᛖᚱᛈᚱᛁᚾᛏ,332
diversify,2020307,0,ᛞᛁᚢᛖᚱᛋᛁᚠᚣ,390
compilers,2019061,0,ᚳᚩᛗᛈᛁᛚᛖᚱᛋ,369
aeroplanes,2018502,0,ᚫᚱᚩᛈᛚᚪᚾᛖᛋ,481
montevideo,2018164,0,ᛗᚩᚾᛏᛖᚢᛁᛞᛇ,397
pointedly,2016043,0,ᛈᚩᛁᚾᛏᛖᛞᛚᚣ,501
spasmodic,2014002,0,ᛋᛈᚪᛋᛗᚩᛞᛁᚳ,457
cassandra,2012839,0,ᚳᚪᛋᛋᚪᚾᛞᚱᚪ,539
kitchener,2011038,0,ᚳᛁᛏᚳᚻᛖᚾᛖᚱ,313
decomposing,2010260,0,ᛞᛖᚳᚩᛗᛈᚩᛋᛝ,429
negatived,2010080,0,ᚾᛖᚷᚪᛏᛁᚢᛖᛞ,459
rotatable,2006617,0,ᚱᚩᛏᚪᛏᚪᛒᛚᛖ,531
lawmakers,2003369,0,ᛚᚪᚹᛗᚪᚳᛖᚱᛋ,501
swinburne,2000648,0,ᛋᚹᛁᚾᛒᚢᚱᚾᛖ,303
bargained,1997335,0,ᛒᚪᚱᚷᚪᛁᚾᛖᛞ,499
triumphal,1997047,0,ᛏᚱᛁᚢᛗᛈᚻᚪᛚ,411
thereabouts,1996517,0,ᚦᛖᚱᛠᛒᚩᚢᛏᛋ,375
loyalists,1991426,0,ᛚᚩᚣᚪᛚᛁᛋᛏᛋ,549
mouthpiece,1989464,0,ᛗᚩᚢᚦᛈᛁᛖᚳᛖ,307
alertness,1988857,0,ᚪᛚᛖᚱᛏᚾᛖᛋᛋ,509
cervantes,1988457,0,ᚳᛖᚱᚢᚪᚾᛏᛖᛋ,399
kilometer,1986346,0,ᚳᛁᛚᚩᛗᛖᛏᛖᚱ,399
firestone,1986174,0,ᚠᛁᚱᛖᛋᛏᚩᚾᛖ,326
acquiesce,1985364,0,ᚪᚳᚳᚹᛁᛖᛋᚳᛖ,373
dissension,1982561,0,ᛞᛁᛋᛋᛖᚾᛋᛡᚾ,511
northwards,1980281,0,ᚾᚩᚱᚦᚹᚪᚱᛞᛋ,321
abstracting,1979773,0,ᚪᛒᛋᛏᚱᚪᚳᛏᛝ,529
activator,1978907,0,ᚪᚳᛏᛁᚢᚪᛏᚩᚱ,377
overarching,1978695,0,ᚩᚢᛖᚱᚪᚱᚳᚻᛝ,311
evangelism,1978629,0,ᛖᚢᚪᛝᛖᛚᛁᛋᛗ,541
diuretics,1977765,0,ᛞᛁᚢᚱᛖᛏᛁᚳᛋ,357
virginity,1976074,0,ᚢᛁᚱᚷᛁᚾᛁᛏᚣ,315
spaghetti,1974652,0,ᛋᛈᚪᚷᚻᛖᛏᛏᛁ,449
interlude,1974449,0,ᛁᚾᛏᛖᚱᛚᚢᛞᛖ,429
vandalism,1974177,0,ᚢᚪᚾᛞᚪᛚᛁᛋᛗ,543
outbursts,1973517,0,ᚩᚢᛏᛒᚢᚱᛋᛏᛋ,309
geraldine,1973210,0,ᚷᛖᚱᚪᛚᛞᛁᚾᛖ,481
propylene,1971959,0,ᛈᚱᚩᛈᚣᛚᛖᚾᛖ,443
burlesque,1971416,0,ᛒᚢᚱᛚᛖᛋᚳᚹᛖ,367
antitoxin,1971110,0,ᚪᚾᛏᛁᛏᚩᛉᛁᚾ,389
castration,1970269,0,ᚳᚪᛋᛏᚱᚪᛏᛡᚾ,525
hindustan,1970076,0,ᚻᛁᚾᛞᚢᛋᛏᚪᚾ,413
polynesian,1969004,0,ᛈᚩᛚᚣᚾᛖᛋᛡᚾ,511
surpasses,1968973,0,ᛋᚢᚱᛈᚪᛋᛋᛖᛋ,433
honeywell,1968302,0,ᚻᚩᚾᛖᚣᚹᛖᛚᛚ,461
tectonics,1967588,0,ᛏᛖᚳᛏᚩᚾᛁᚳᛋ,331
rectangles,1966597,0,ᚱᛖᚳᛏᚪᛝᛚᛖᛋ,519
headwaters,1966220,0,ᚻᛠᛞᚹᚪᛏᛖᚱᛋ,527
briefcase,1965675,0,ᛒᚱᛁᛖᚠᚳᚪᛋᛖ,402
bartender,1964387,0,ᛒᚪᚱᛏᛖᚾᛞᛖᚱ,491
exuberant,1963975,0,ᛖᛉᚢᛒᛖᚱᚪᚾᛏ,441
siltstone,1960240,0,ᛋᛁᛚᛏᛋᛏᚩᚾᛖ,431
undeniably,1959166,0,ᚢᚾᛞᛖᚾᛡᛒᛚᚣ,561
whimsical,1958584,0,ᚹᚻᛁᛗᛋᛁᚳᚪᛚ,411
panhandle,1955574,0,ᛈᚪᚾᚻᚪᚾᛞᛚᛖ,547
divination,1955069,0,ᛞᛁᚢᛁᚾᚪᛏᛡᚾ,475
kimberley,1954350,0,ᚳᛁᛗᛒᛖᚱᛚᛖᚣ,497
insurgent,1950134,0,ᛁᚾᛋᚢᚱᚷᛖᚾᛏ,299
abrogated,1949731,0,ᚪᛒᚱᚩᚷᚪᛏᛖᛞ,505
fecundity,1949646,0,ᚠᛖᚳᚢᚾᛞᛁᛏᚣ,396
workpiece,1949277,0,ᚹᚩᚱᚳᛈᛁᛖᚳᛖ,271
executrix,1949203,0,ᛖᛉᛖᚳᚢᛏᚱᛁᛉ,345
rivalries,1944524,0,ᚱᛁᚢᚪᛚᚱᛁᛖᛋ,377
disengaged,1943395,0,ᛞᛁᛋᛖᛝᚪᚷᛖᛞ,589
allergies,1943360,0,ᚪᛚᛚᛖᚱᚷᛁᛖᛋ,489
neoliberal,1942714,0,ᚾᛇᛚᛁᛒᛖᚱᚪᛚ,483
detainees,1941819,0,ᛞᛖᛏᚪᛁᚾᛖᛖᛋ,559
waveforms,1938880,0,ᚹᚪᚢᛖᚠᚩᚱᛗᛋ,330
socialized,1930983,0,ᛋᚩᚳᛡᛚᛁᛋᛖᛞ,493
concussion,1930435,0,ᚳᚩᚾᚳᚢᛋᛋᛡᚾ,307
fervently,1930192,0,ᚠᛖᚱᚢᛖᚾᛏᛚᚣ,414
francaise,1929181,0,ᚠᚱᚪᚾᚳᚪᛁᛋᛖ,400
intuitions,1927929,0,ᛁᚾᛏᚢᛁᛏᛡᚾᛋ,401
pianoforte,1925350,0,ᛈᛡᚾᚩᚠᚩᚱᛏᛖ,332
interment,1925297,0,ᛁᚾᛏᛖᚱᛗᛖᚾᛏ,423
playhouse,1924049,0,ᛈᛚᚪᚣᚻᚩᚢᛋᛖ,469
underlain,1922952,0,ᚢᚾᛞᛖᚱᛚᚪᛁᚾ,429
supremely,1922231,0,ᛋᚢᛈᚱᛖᛗᛖᛚᚣ,491
telephony,1920722,0,ᛏᛖᛚᛖᛈᚻᚩᚾᚣ,471
leukocyte,1919657,0,ᛚᛖᚢᚳᚩᚳᚣᛏᛖ,405
byzantium,1919417,0,ᛒᚣᛋᚪᚾᛏᛁᚢᛗ,507
ingratitude,1919324,0,ᛝᚱᚪᛏᛁᛏᚢᛞᛖ,495
channeled,1918161,0,ᚳᚻᚪᚾᚾᛖᛚᛖᛞ,487
souvenirs,1918058,0,ᛋᚩᚢᚢᛖᚾᛁᚱᛋ,257
fallacious,1914994,0,ᚠᚪᛚᛚᚪᚳᛡᚢᛋ,518
bracelets,1914813,0,ᛒᚱᚪᚳᛖᛚᛖᛏᛋ,501
allocable,1913445,0,ᚪᛚᛚᚩᚳᚪᛒᛚᛖ,561
harmonies,1912538,0,ᚻᚪᚱᛗᚩᚾᛁᛖᛋ,389
oligarchy,1911676,0,ᚩᛚᛁᚷᚪᚱᚳᚻᚣ,375
actuators,1911281,0,ᚪᚳᛏᚢᚪᛏᚩᚱᛋ,399
fragility,1909988,0,ᚠᚱᚪᚷᛁᛚᛁᛏᚣ,424
porcupine,1909799,0,ᛈᚩᚱᚳᚢᛈᛁᚾᛖ,247
creighton,1909299,0,ᚳᚱᛖᛁᚷᚻᛏᚩᚾ,257
recherche,1908685,0,ᚱᛖᚳᚻᛖᚱᚳᚻᛖ,295
indolence,1903232,0,ᛁᚾᛞᚩᛚᛖᚾᚳᛖ,405
cinematic,1902795,0,ᚳᛁᚾᛖᛗᚪᛏᛁᚳ,411
fumigation,1901396,0,ᚠᚢᛗᛁᚷᚪᛏᛡᚾ,416
flickered,1901150,0,ᚠᛚᛁᚳᚳᛖᚱᛖᛞ,366
monologue,1900789,0,ᛗᚩᚾᚩᛚᚩᚷᚢᛖ,281
deceitful,1898274,0,ᛞᛖᚳᛖᛁᛏᚠᚢᛚ,404
childcare,1896560,0,ᚳᚻᛁᛚᛞᚳᚪᚱᛖ,417
harshness,1895087,0,ᚻᚪᚱᛋᚻᚾᛖᛋᛋ,409
lieberman,1893551,0,ᛚᛁᛖᛒᛖᚱᛗᚪᚾ,507
patriarchy,1892689,0,ᛈᚪᛏᚱᛡᚱᚳᚻᚣ,467
childlike,1891347,0,ᚳᚻᛁᛚᛞᛚᛁᚳᛖ,413
subscript,1890227,0,ᛋᚢᛒᛋᚳᚱᛁᛈᛏ,327
dystrophy,1889680,0,ᛞᚣᛋᛏᚱᚩᛈᚻᚣ,491
massacres,1888766,0,ᛗᚪᛋᛋᚪᚳᚱᛖᛋ,515
guillaume,1888066,0,ᚷᚢᛁᛚᛚᚪᚢᛗᛖ,435
childbearing,1887668,0,ᚳᚻᛁᛚᛞᛒᛠᚱᛝ,489
botanists,1886313,0,ᛒᚩᛏᚪᚾᛁᛋᛏᛋ,449
nostalgic,1886215,0,ᚾᚩᛋᛏᚪᛚᚷᛁᚳ,379
meteorites,1886123,0,ᛗᛖᛏᛇᚱᛁᛏᛖᛋ,459
stoppages,1885540,0,ᛋᛏᚩᛈᛈᚪᚷᛖᛋ,439
francesca,1882833,0,ᚠᚱᚪᚾᚳᛖᛋᚳᚪ,382
oligocene,1881967,0,ᚩᛚᛁᚷᚩᚳᛖᚾᛖ,311
sleepless,1881679,0,ᛋᛚᛖᛖᛈᛚᛖᛋᛋ,549
radiograph,1879810,0,ᚱᚪᛞᛡᚷᚱᚪᛈᚻ,495
taiwanese,1878992,0,ᛏᚪᛁᚹᚪᚾᛖᛋᛖ,519
sunglasses,1877735,0,ᛋᚢᛝᛚᚪᛋᛋᛖᛋ,531
aldehydes,1877562,0,ᚪᛚᛞᛖᚻᚣᛞᛖᛋ,661
creatively,1875071,0,ᚳᚱᛠᛏᛁᚢᛖᛚᚣ,469
smallness,1874700,0,ᛋᛗᚪᛚᛚᚾᛖᛋᛋ,569
papillary,1873637,0,ᛈᚪᛈᛁᛚᛚᚪᚱᚣ,571
bachelors,1873360,0,ᛒᚪᚳᚻᛖᛚᚩᚱᛋ,405
churchman,1872711,0,ᚳᚻᚢᚱᚳᚻᛗᚪᚾ,283
immunized,1872266,0,ᛁᛗᛗᚢᚾᛁᛋᛖᛞ,445
germinate,1870699,0,ᚷᛖᚱᛗᛁᚾᚪᛏᛖ,449
subfamily,1870633,0,ᛋᚢᛒᚠᚪᛗᛁᛚᚣ,494
stepmother,1869157,0,ᛋᛏᛖᛈᛗᚩᚦᛖᚱ,383
congregate,1869054,0,ᚳᚩᛝᚱᛖᚷᚪᛏᛖ,417
stammered,1867675,0,ᛋᛏᚪᛗᛗᛖᚱᛖᛞ,585
speciality,1867161,0,ᛋᛈᛖᚳᛡᛚᛁᛏᚣ,549
forestall,1866699,0,ᚠᚩᚱᛖᛋᛏᚪᛚᛚ,442
legalized,1865704,0,ᛚᛖᚷᚪᛚᛁᛋᛖᛞ,567
garnishee,1864778,0,ᚷᚪᚱᚾᛁᛋᚻᛖᛖ,395
bishopric,1864100,0,ᛒᛁᛋᚻᚩᛈᚱᛁᚳ,273
glamorous,1863934,0,ᚷᛚᚪᛗᚩᚱᚩᚢᛋ,339
shipowner,1860005,0,ᛋᚻᛁᛈᚩᚹᚾᛖᚱ,283
acuminate,1856958,0,ᚪᚳᚢᛗᛁᚾᚪᛏᛖ,467
signalled,1855190,0,ᛋᛁᚷᚾᚪᛚᛚᛖᛞ,529
overcomes,1854656,0,ᚩᚢᛖᚱᚳᚩᛗᛖᛋ,299
credulity,1853780,0,ᚳᚱᛖᛞᚢᛚᛁᛏᚣ,449
tombstone,1852321,0,ᛏᚩᛗᛒᛋᛏᚩᚾᛖ,413
equalized,1851950,0,ᛖᚳᚹᚪᛚᛁᛋᛖᛞ,509
worshipping,1851839,0,ᚹᚩᚱᛋᚻᛁᛈᛈᛝ,309
foolishly,1850826,0,ᚠᚩᚩᛚᛁᛋᚻᛚᚣ,372
puerperal,1848850,0,ᛈᚢᛖᚱᛈᛖᚱᚪᛚ,415
analytics,1846701,0,ᚪᚾᚪᛚᚣᛏᛁᚳᛋ,555
agitators,1844221,0,ᚪᚷᛁᛏᚪᛏᚩᚱᛋ,431
harlequin,1841550,0,ᚻᚪᚱᛚᛖᚳᚹᛁᚾ,363
caledonian,1840195,0,ᚳᚪᛚᛖᛞᚩᚾᛡᚾ,511
cardiology,1839351,0,ᚳᚪᚱᛞᛡᛚᚩᚷᚣ,517
collapses,1838754,0,ᚳᚩᛚᛚᚪᛈᛋᛖᛋ,479
miniatures,1838737,0,ᛗᛁᚾᛡᛏᚢᚱᛖᛋ,431
resorption,1838473,0,ᚱᛖᛋᚩᚱᛈᛏᛡᚾ,387
petrology,1837484,0,ᛈᛖᛏᚱᚩᛚᚩᚷᚣ,387
subsidize,1836600,0,ᛋᚢᛒᛋᛁᛞᛁᛋᛖ,441
reversals,1835246,0,ᚱᛖᚢᛖᚱᛋᚪᛚᛋ,435
fallacies,1833911,0,ᚠᚪᛚᛚᚪᚳᛁᛖᛋ,506
vehemence,1831442,0,ᚢᛖᚻᛖᛗᛖᚾᚳᛖ,407
archivist,1830975,0,ᚪᚱᚳᚻᛁᚢᛁᛋᛏ,321
nonviolent,1830663,0,ᚾᚩᚾᚢᛡᛚᛖᚾᛏ,403
assassins,1830183,0,ᚪᛋᛋᚪᛋᛋᛁᚾᛋ,519
reprimand,1829094,0,ᚱᛖᛈᚱᛁᛗᚪᚾᛞ,449
pseudonym,1829025,0,ᛈᛋᛖᚢᛞᚩᚾᚣᛗ,465
intruders,1828812,0,ᛁᚾᛏᚱᚢᛞᛖᚱᛋ,353
panoramic,1828204,0,ᛈᚪᚾᚩᚱᚪᛗᛁᚳ,399
bountiful,1825751,0,ᛒᚩᚢᚾᛏᛁᚠᚢᛚ,268
magdalene,1824170,0,ᛗᚪᚷᛞᚪᛚᛖᚾᛖ,607
regionally,1822426,0,ᚱᛖᚷᛡᚾᚪᛚᛚᚣ,577
deserters,1819408,0,ᛞᛖᛋᛖᚱᛏᛖᚱᛋ,477
alexandre,1819258,0,ᚪᛚᛖᛉᚪᚾᛞᚱᛖ,577
expatriate,1819151,0,ᛖᛉᛈᚪᛏᚱᛡᛏᛖ,557
demetrius,1819063,0,ᛞᛖᛗᛖᛏᚱᛁᚢᛋ,451
cavernous,1818798,0,ᚳᚪᚢᛖᚱᚾᚩᚢᛋ,283
hillsides,1818154,0,ᚻᛁᛚᛚᛋᛁᛞᛖᛋ,493
ruthlessly,1817632,0,ᚱᚢᚦᛚᛖᛋᛋᛚᚣ,441
salutation,1817210,0,ᛋᚪᛚᚢᛏᚪᛏᛡᚾ,577
dispelled,1816936,0,ᛞᛁᛋᛈᛖᛚᛚᛖᛞ,585
interpose,1815227,0,ᛁᚾᛏᛖᚱᛈᚩᛋᛖ,367
modernizing,1813747,0,ᛗᚩᛞᛖᚱᚾᛁᛋᛝ,437
valueless,1813618,0,ᚢᚪᛚᚢᛖᛚᛖᛋᛋ,489
reticular,1812349,0,ᚱᛖᛏᛁᚳᚢᛚᚪᚱ,365
obstetric,1811405,0,ᚩᛒᛋᛏᛖᛏᚱᛁᚳ,361
pressured,1811037,0,ᛈᚱᛖᛋᛋᚢᚱᛖᛞ,397
usability,1810239,0,ᚢᛋᚪᛒᛁᛚᛁᛏᚣ,511
firmament,1809320,0,ᚠᛁᚱᛗᚪᛗᛖᚾᛏ,438
remarriage,1809106,0,ᚱᛖᛗᚪᚱᚱᛡᚷᛖ,459
inundated,1808845,0,ᛁᚾᚢᚾᛞᚪᛏᛖᛞ,493
incursions,1808547,0,ᛁᚾᚳᚢᚱᛋᛡᚾᛋ,329
thenceforth,1808189,0,ᚦᛖᚾᚳᛖᚠᚩᚱᚦ,206
sweetened,1808071,0,ᛋᚹᛖᛖᛏᛖᚾᛖᛞ,517
gradations,1805683,0,ᚷᚱᚪᛞᚪᛏᛡᚾᛋ,559
antiserum,1804551,0,ᚪᚾᛏᛁᛋᛖᚱᚢᛗ,421
polyvinyl,1803954,0,ᛈᚩᛚᚣᚢᛁᚾᚣᛚ,465
equestrian,1803338,0,ᛖᚳᚹᛖᛋᛏᚱᛡᚾ,425
modifiers,1802812,0,ᛗᚩᛞᛁᚠᛁᛖᚱᛋ,362
merriment,1801870,0,ᛗᛖᚱᚱᛁᛗᛖᚾᛏ,417
jealousies,1801601,0,ᛂᛠᛚᚩᚢᛋᛁᛖᛋ,433
mennonite,1800126,0,ᛗᛖᚾᚾᚩᚾᛁᛏᛖ,389
inundation,1798058,0,ᛁᚾᚢᚾᛞᚪᛏᛡᚾ,473
arbitrate,1797093,0,ᚪᚱᛒᛁᛏᚱᚪᛏᛖ,493
robberies,1795725,0,ᚱᚩᛒᛒᛖᚱᛁᛖᛋ,369
yardstick,1793554,0,ᚣᚪᚱᛞᛋᛏᛁᚳᚳ,469
concourse,1792759,0,ᚳᚩᚾᚳᚩᚢᚱᛋᛖ,203
propitious,1792623,0,ᛈᚱᚩᛈᛁᛏᛡᚢᛋ,357
balconies,1790275,0,ᛒᚪᛚᚳᚩᚾᛁᛖᛋ,431
pantomime,1790242,0,ᛈᚪᚾᛏᚩᛗᛁᛗᛖ,475
apothecary,1789322,0,ᚪᛈᚩᚦᛖᚳᚪᚱᚣ,443
postcards,1786999,0,ᛈᚩᛋᛏᚳᚪᚱᛞᛋ,425
dissented,1786960,0,ᛞᛁᛋᛋᛖᚾᛏᛖᛞ,537
claiborne,1784900,0,ᚳᛚᚪᛁᛒᚩᚱᚾᛖ,389
replenish,1780693,0,ᚱᛖᛈᛚᛖᚾᛁᛋᚻ,397
precocious,1779603,0,ᛈᚱᛖᚳᚩᚳᛡᚢᛋ,317
allentown,1779411,0,ᚪᛚᛚᛖᚾᛏᚩᚹᚾ,453
varnishes,1778884,0,ᚢᚪᚱᚾᛁᛋᚻᛖᛋ,367
retainers,1777488,0,ᚱᛖᛏᚪᛁᚾᛖᚱᛋ,425
nakedness,1777382,0,ᚾᚪᚳᛖᛞᚾᛖᛋᛋ,497
mandibles,1776535,0,ᛗᚪᚾᛞᛁᛒᛚᛖᛋ,571
bluegrass,1774273,0,ᛒᛚᚢᛖᚷᚱᚪᛋᛋ,435
redefined,1773812,0,ᚱᛖᛞᛖᚠᛁᚾᛖᛞ,452
voltmeter,1773362,0,ᚢᚩᛚᛏᛗᛖᛏᛖᚱ,417
mainframe,1772017,0,ᛗᚪᛁᚾᚠᚱᚪᛗᛖ,476
attackers,1770417,0,ᚪᛏᛏᚪᚳᚳᛖᚱᛋ,469
breweries,1769675,0,ᛒᚱᛖᚹᛖᚱᛁᛖᛋ,387
pacemaker,1765831,0,ᛈᚪᚳᛖᛗᚪᚳᛖᚱ,479
bombarded,1765101,0,ᛒᚩᛗᛒᚪᚱᛞᛖᛞ,553
callaghan,1764705,0,ᚳᚪᛚᛚᚪᚷᚻᚪᚾ,519
brickwork,1763889,0,ᛒᚱᛁᚳᚳᚹᚩᚱᚳ,179
dispenser,1763870,0,ᛞᛁᛋᛈᛖᚾᛋᛖᚱ,443
auschwitz,1761855,0,ᚪᚢᛋᚳᚻᚹᛁᛏᛋ,351
baptismal,1760615,0,ᛒᚪᛈᛏᛁᛋᛗᚪᛚ,585
networked,1759695,0,ᚾᛖᛏᚹᚩᚱᚳᛖᛞ,361
appointee,1758028,0,ᚪᛈᛈᚩᛁᚾᛏᛖᛖ,443
intubation,1757535,0,ᛁᚾᛏᚢᛒᚪᛏᛡᚾ,475
nantucket,1756802,0,ᚾᚪᚾᛏᚢᚳᚳᛖᛏ,369
orthopaedic,1754342,0,ᚩᚱᚦᚩᛈᚫᛞᛁᚳ,307
reducible,1753589,0,ᚱᛖᛞᚢᚳᛁᛒᛚᛖ,415
harnessed,1753368,0,ᚻᚪᚱᚾᛖᛋᛋᛖᛞ,489
petrified,1752075,0,ᛈᛖᛏᚱᛁᚠᛁᛖᛞ,400
smithfield,1751413,0,ᛋᛗᛁᚦᚠᛁᛖᛚᛞ,422
hardcover,1750726,0,ᚻᚪᚱᛞᚳᚩᚢᛖᚱ,321
shallower,1750543,0,ᛋᚻᚪᛚᛚᚩᚹᛖᚱ,423
lansdowne,1750481,0,ᛚᚪᚾᛋᛞᚩᚹᚾᛖ,463
militants,1748189,0,ᛗᛁᛚᛁᛏᚪᚾᛏᛋ,503
attendees,1744927,0,ᚪᛏᛏᛖᚾᛞᛖᛖᛋ,587
actresses,1743426,0,ᚪᚳᛏᚱᛖᛋᛋᛖᛋ,473
umbilicus,1741836,0,ᚢᛗᛒᛁᛚᛁᚳᚢᛋ,339
dreadfully,1740011,0,ᛞᚱᛠᛞᚠᚢᛚᛚᚣ,552
scoundrel,1737866,0,ᛋᚳᚩᚢᚾᛞᚱᛖᛚ,345
luxemburg,1737117,0,ᛚᚢᛉᛖᛗᛒᚢᚱᚷ,353
whirlpool,1736111,0,ᚹᚻᛁᚱᛚᛈᚩᚩᛚ,287
negotiator,1734103,0,ᚾᛖᚷᚩᛏᛡᛏᚩᚱ,363
estrogens,1733518,0,ᛖᛋᛏᚱᚩᚷᛖᚾᛋ,363
absolution,1730807,0,ᚪᛒᛋᚩᛚᚢᛏᛡᚾ,489
oesophagus,1730317,0,ᛟᛋᚩᛈᚻᚪᚷᚢᛋ,379
financier,1724908,0,ᚠᛁᚾᚪᚾᚳᛁᛖᚱ,310
resentful,1724332,0,ᚱᛖᛋᛖᚾᛏᚠᚢᛚ,364
enrollees,1724118,0,ᛖᚾᚱᚩᛚᛚᛖᛖᛋ,447
helmholtz,1723925,0,ᚻᛖᛚᛗᚻᚩᛚᛏᛋ,449
birthright,1722481,0,ᛒᛁᚱᚦᚱᛁᚷᚻᛏ,249
extremist,1722454,0,ᛖᛉᛏᚱᛖᛗᛁᛋᛏ,465
reformist,1721978,0,ᚱᛖᚠᚩᚱᛗᛁᛋᛏ,312
undressed,1721717,0,ᚢᚾᛞᚱᛖᛋᛋᛖᛞ,461
addictive,1721312,0,ᚪᛞᛞᛁᚳᛏᛁᚢᛖ,479
royalists,1718576,0,ᚱᚩᚣᚪᛚᛁᛋᛏᛋ,487
anticline,1717745,0,ᚪᚾᛏᛁᚳᛚᛁᚾᛖ,429
ponderosa,1717498,0,ᛈᚩᚾᛞᛖᚱᚩᛋᚪ,403
penalized,1715699,0,ᛈᛖᚾᚪᛚᛁᛋᛖᛞ,549
unsightly,1715133,0,ᚢᚾᛋᛁᚷᚻᛏᛚᚣ,391
leviticus,1713957,0,ᛚᛖᚢᛁᛏᛁᚳᚢᛋ,333
automaton,1713646,0,ᚪᚢᛏᚩᛗᚪᛏᚩᚾ,429
imprudent,1712729,0,ᛁᛗᛈᚱᚢᛞᛖᚾᛏ,403
binocular,1712405,0,ᛒᛁᚾᚩᚳᚢᛚᚪᚱ,325
dissident,1711996,0,ᛞᛁᛋᛋᛁᛞᛖᚾᛏ,501
astounded,1711860,0,ᚪᛋᛏᚩᚢᚾᛞᛖᛞ,493
defaulted,1710954,0,ᛞᛖᚠᚪᚢᛚᛏᛖᛞ,546
imitative,1710856,0,ᛁᛗᛁᛏᚪᛏᛁᚢᛖ,449
lobbyists,1710316,0,ᛚᚩᛒᛒᚣᛁᛋᛏᛋ,501
tidewater,1709593,0,ᛏᛁᛞᛖᚹᚪᛏᛖᚱ,499
aphrodite,1708206,0,ᚪᛈᚻᚱᚩᛞᛁᛏᛖ,427
dosimetry,1707447,0,ᛞᚩᛋᛁᛗᛖᛏᚱᚣ,491
denatured,1707243,0,ᛞᛖᚾᚪᛏᚢᚱᛖᛞ,511
steamboats,1706989,0,ᛋᛏᛠᛗᛒᚩᚪᛏᛋ,569
stepfather,1706502,0,ᛋᛏᛖᛈᚠᚪᚦᛖᚱ,404
typewriting,1705755,0,ᛏᚣᛈᛖᚹᚱᛁᛏᛝ,471
collingwood,1705400,0,ᚳᚩᛚᛚᛝᚹᚩᚩᛞ,367
assailant,1704415,0,ᚪᛋᛋᚪᛁᛚᚪᚾᛏ,589
disagrees,1701467,0,ᛞᛁᛋᚪᚷᚱᛖᛖᛋ,485
correlating,1700515,0,ᚳᚩᚱᚱᛖᛚᚪᛏᛝ,417
unrealized,1699106,0,ᚢᚾᚱᛠᛚᛁᛋᛖᛞ,465
trafalgar,1697978,0,ᛏᚱᚪᚠᚪᛚᚷᚪᚱ,464
persevering,1697260,0,ᛈᛖᚱᛋᛖᚢᛖᚱᛝ,401
isometric,1695079,0,ᛁᛋᚩᛗᛖᛏᚱᛁᚳ,343
transacting,1694378,0,ᛏᚱᚪᚾᛋᚪᚳᛏᛝ,497
dishonour,1694009,0,ᛞᛁᛋᚻᚩᚾᚩᚢᚱ,253
rainwater,1693967,0,ᚱᚪᛁᚾᚹᚪᛏᛖᚱ,421
hypothermia,1693430,0,ᚻᚣᛈᚩᚦᛖᚱᛗᛡ,437
tradesman,1690650,0,ᛏᚱᚪᛞᛖᛋᛗᚪᚾ,573
fastidious,1687607,0,ᚠᚪᛋᛏᛁᛞᛡᚢᛋ,494
patchwork,1687260,0,ᛈᚪᛏᚳᚻᚹᚩᚱᚳ,285
nystagmus,1687091,0,ᚾᚣᛋᛏᚪᚷᛗᚢᛋ,485
stationers,1687045,0,ᛋᛏᚪᛏᛡᚾᛖᚱᛋ,535
steamships,1685333,0,ᛋᛏᛠᛗᛋᚻᛁᛈᛋ,495
reichstag,1684067,0,ᚱᛖᛁᚳᚻᛋᛏᚪᚷ,371
prettiest,1683868,0,ᛈᚱᛖᛏᛏᛁᛖᛋᛏ,449
mayflower,1682401,0,ᛗᚪᚣᚠᛚᚩᚹᛖᚱ,450
clearwater,1681726,0,ᚳᛚᛠᚱᚹᚪᛏᛖᚱ,459
draperies,1681401,0,ᛞᚱᚪᛈᛖᚱᛁᛖᛋ,469
polemical,1679683,0,ᛈᚩᛚᛖᛗᛁᚳᚪᛚ,475
psychoses,1678533,0,ᛈᛋᚣᚳᚻᚩᛋᛖᛋ,415
geographer,1677201,0,ᚷᛇᚷᚱᚪᛈᚻᛖᚱ,327
exhibitor,1676382,0,ᛖᛉᚻᛁᛒᛁᛏᚩᚱ,337
shrubbery,1674498,0,ᛋᚻᚱᚢᛒᛒᛖᚱᚣ,393
sightseeing,1672486,0,ᛋᛁᚷᚻᛏᛋᛖᛖᛝ,449
steadiness,1672332,0,ᛋᛏᛠᛞᛁᚾᛖᛋᛋ,543
ameliorate,1671014,0,ᚪᛗᛖᛚᛡᚱᚪᛏᛖ,649
pretender,1670753,0,ᛈᚱᛖᛏᛖᚾᛞᛖᚱ,443
ellipsoid,1669359,0,ᛖᛚᛚᛁᛈᛋᚩᛁᛞ,467
unfaithful,1669151,0,ᚢᚾᚠᚪᛁᚦᚠᚢᛚ,245
hundredths,1668812,0,ᚻᚢᚾᛞᚱᛖᛞᚦᛋ,369
cataracts,1667516,0,ᚳᚪᛏᚪᚱᚪᚳᛏᛋ,499
assumpsit,1665976,0,ᚪᛋᛋᚢᛗᛈᛋᛁᛏ,463
lightened,1664531,0,ᛚᛁᚷᚻᛏᛖᚾᛖᛞ,455
indecision,1663273,0,ᛁᚾᛞᛖᚳᛁᛋᛡᚾ,449
galactose,1661935,0,ᚷᚪᛚᚪᚳᛏᚩᛋᛖ,483
actuaries,1656481,0,ᚪᚳᛏᚢᚪᚱᛁᛖᛋ,431
alleviated,1656255,0,ᚪᛚᛚᛖᚢᛡᛏᛖᛞ,635
lotteries,1655900,0,ᛚᚩᛏᛏᛖᚱᛁᛖᛋ,427
homesteads,1655778,0,ᚻᚩᛗᛖᛋᛏᛠᛞᛋ,531
repellent,1655121,0,ᚱᛖᛈᛖᛚᛚᛖᚾᛏ,489
southwards,1654970,0,ᛋᚩᚢᚦᚹᚪᚱᛞᛋ,337
conjoined,1654694,0,ᚳᚩᚾᛂᚩᛁᚾᛖᛞ,309
ensembles,1654397,0,ᛖᚾᛋᛖᛗᛒᛚᛖᛋ,541
blameless,1653734,0,ᛒᛚᚪᛗᛖᛚᛖᛋᛋ,615
umbrellas,1651597,0,ᚢᛗᛒᚱᛖᛚᛚᚪᛋ,509
depictions,1650936,0,ᛞᛖᛈᛁᚳᛏᛡᚾᛋ,491
politique,1650741,0,ᛈᚩᛚᛁᛏᛁᚳᚹᛖ,343
gilchrist,1650665,0,ᚷᛁᛚᚳᚻᚱᛁᛋᛏ,311
localised,1646758,0,ᛚᚩᚳᚪᛚᛁᛋᛖᛞ,503
paralytic,1646712,0,ᛈᚪᚱᚪᛚᚣᛏᛁᚳ,527
bentonite,1646641,0,ᛒᛖᚾᛏᚩᚾᛁᛏᛖ,409
polygonal,1645184,0,ᛈᚩᛚᚣᚷᚩᚾᚪᛚ,449
instilled,1643886,0,ᛁᚾᛋᛏᛁᛚᛚᛖᛞ,505
announcer,1642445,0,ᚪᚾᚾᚩᚢᚾᚳᛖᚱ,285
litigated,1640324,0,ᛚᛁᛏᛁᚷᚪᛏᛖᛞ,523
intimates,1639641,0,ᛁᚾᛏᛁᛗᚪᛏᛖᛋ,497
stereotyping,1639529,0,ᛋᛏᛖᚱᛇᛏᚣᛈᛝ,515
referable,1638456,0,ᚱᛖᚠᛖᚱᚪᛒᛚᛖ,456
entourage,1636286,0,ᛖᚾᛏᚩᚢᚱᚪᚷᛖ,357
innkeeper,1635407,0,ᛁᚾᚾᚳᛖᛖᛈᛖᚱ,357
honeycomb,1634867,0,ᚻᚩᚾᛖᚣᚳᚩᛗᛒ,381
converged,1634794,0,ᚳᚩᚾᚢᛖᚱᚷᛖᛞ,303
concisely,1633385,0,ᚳᚩᚾᚳᛁᛋᛖᛚᚣ,389
prudently,1631758,0,ᛈᚱᚢᛞᛖᚾᛏᛚᚣ,477
intercity,1631436,0,ᛁᚾᛏᛖᚱᚳᛁᛏᚣ,403
demurrage,1631108,0,ᛞᛖᛗᚢᚱᚱᚪᚷᛖ,433
familiarly,1630791,0,ᚠᚪᛗᛁᛚᛡᚱᛚᚣ,568
valuables,1629573,0,ᚢᚪᛚᚢᚪᛒᛚᛖᛋ,527
quickness,1629248,0,ᚳᚹᛁᚳᚳᚾᛖᛋᛋ,291
arbitrage,1628936,0,ᚪᚱᛒᛁᛏᚱᚪᚷᛖ,451
mausoleum,1627218,0,ᛗᚪᚢᛋᚩᛚᛖᚢᛗ,445
shameless,1626611,0,ᛋᚻᚪᛗᛖᛚᛖᛋᛋ,557
championed,1625758,0,ᚳᚻᚪᛗᛈᛡᚾᛖᛞ,539
archeology,1623437,0,ᚪᚱᚳᚻᛇᛚᚩᚷᚣ,385
convexity,1619326,0,ᚳᚩᚾᚢᛖᛉᛁᛏᚣ,359
referencing,1617430,0,ᚱᛖᚠᛖᚱᛖᚾᚳᛝ,346
saskatoon,1617384,0,ᛋᚪᛋᚳᚪᛏᚩᚩᚾ,415
moderates,1616618,0,ᛗᚩᛞᛖᚱᚪᛏᛖᛋ,521
mediocrity,1615567,0,ᛗᛖᛞᛡᚳᚱᛁᛏᚣ,551
combatant,1614621,0,ᚳᚩᛗᛒᚪᛏᚪᚾᛏ,493
cancerous,1613902,0,ᚳᚪᚾᚳᛖᚱᚩᚢᛋ,293
vibratory,1612328,0,ᚢᛁᛒᚱᚪᛏᚩᚱᚣ,383
abutments,1611395,0,ᚪᛒᚢᛏᛗᛖᚾᛏᛋ,499
cruelties,1609073,0,ᚳᚱᚢᛖᛚᛏᛁᛖᛋ,377
vorticity,1608544,0,ᚢᚩᚱᛏᛁᚳᛁᛏᚣ,317
bolingbroke,1607170,0,ᛒᚩᛚᛝᛒᚱᚩᚳᛖ,379
infuriated,1606911,0,ᛁᚾᚠᚢᚱᛡᛏᛖᛞ,398
archetype,1606835,0,ᚪᚱᚳᚻᛖᛏᚣᛈᛖ,483
pythagoras,1606760,0,ᛈᚣᚦᚪᚷᚩᚱᚪᛋ,433
undaunted,1605774,0,ᚢᚾᛞᚪᚢᚾᛏᛖᛞ,465
canvassed,1605707,0,ᚳᚪᚾᚢᚪᛋᛋᛖᛞ,501
winnebago,1604116,0,ᚹᛁᚾᚾᛖᛒᚪᚷᚩ,357
unplanned,1603977,0,ᚢᚾᛈᛚᚪᚾᚾᛖᛞ,459
impromptu,1603835,0,ᛁᛗᛈᚱᚩᛗᛈᛏᚢ,339
someplace,1602380,0,ᛋᚩᛗᛖᛈᛚᚪᚳᛖ,491
convulsion,1601570,0,ᚳᚩᚾᚢᚢᛚᛋᛡᚾ,317
fingernails,1600841,0,ᚠᛝᛖᚱᚾᚪᛁᛚᛋ,442
infraction,1600217,0,ᛁᚾᚠᚱᚪᚳᛏᛡᚾ,378
indelible,1599683,0,ᛁᚾᛞᛖᛚᛁᛒᛚᛖ,521
semesters,1597777,0,ᛋᛖᛗᛖᛋᛏᛖᚱᛋ,501
cherokees,1597391,0,ᚳᚻᛖᚱᚩᚳᛖᛖᛋ,321
neapolitan,1596977,0,ᚾᛠᛈᚩᛚᛁᛏᚪᚾ,477
homemaker,1595655,0,ᚻᚩᛗᛖᛗᚪᚳᛖᚱ,427
llewellyn,1595407,0,ᛚᛚᛖᚹᛖᛚᛚᚣᚾ,577
televised,1593525,0,ᛏᛖᛚᛖᚢᛁᛋᛖᛞ,509
masterful,1592595,0,ᛗᚪᛋᛏᛖᚱᚠᚢᛚ,436
appealable,1592346,0,ᚪᛈᛈᛠᛚᚪᛒᛚᛖ,663
configuring,1590847,0,ᚳᚩᚾᚠᛁᚷᚢᚱᛝ,192
luminance,1588899,0,ᛚᚢᛗᛁᚾᚪᚾᚳᛖ,413
politburo,1588886,0,ᛈᚩᛚᛁᛏᛒᚢᚱᚩ,295
confluent,1585264,0,ᚳᚩᚾᚠᛚᚢᛖᚾᛏ,282
afrikaans,1584991,0,ᚪᚠᚱᛁᚳᚪᚪᚾᛋ,430
reductive,1583796,0,ᚱᛖᛞᚢᚳᛏᛁᚢᛖ,343
octagonal,1582553,0,ᚩᚳᛏᚪᚷᚩᚾᚪᛚ,399
abstained,1580909,0,ᚪᛒᛋᛏᚪᛁᚾᛖᛞ,583
guildhall,1580477,0,ᚷᚢᛁᛚᛞᚻᚪᛚᛚ,479
knighthood,1579335,0,ᚳᚾᛁᚷᚻᚦᚩᚩᛞ,221
paralysed,1579267,0,ᛈᚪᚱᚪᛚᚣᛋᛖᛞ,633
garibaldi,1578974,0,ᚷᚪᚱᛁᛒᚪᛚᛞᛁ,507
ventrally,1578243,0,ᚢᛖᚾᛏᚱᚪᛚᛚᚣ,515
massacred,1577415,0,ᛗᚪᛋᛋᚪᚳᚱᛖᛞ,551
goodnight,1577319,0,ᚷᚩᚩᛞᚾᛁᚷᚻᛏ,279
exultation,1576756,0,ᛖᛉᚢᛚᛏᚪᛏᛡᚾ,541
mortified,1575807,0,ᛗᚩᚱᛏᛁᚠᛁᛖᛞ,368
trespassing,1574898,0,ᛏᚱᛖᛋᛈᚪᛋᛋᛝ,515
erstwhile,1574894,0,ᛖᚱᛋᛏᚹᚻᛁᛚᛖ,403
doolittle,1574019,0,ᛞᚩᚩᛚᛁᛏᛏᛚᛖ,465
halloween,1573213,0,ᚻᚪᛚᛚᚩᚹᛖᛖᚾ,455
excusable,1572663,0,ᛖᛉᚳᚢᛋᚪᛒᛚᛖ,481
peregrine,1569787,0,ᛈᛖᚱᛖᚷᚱᛁᚾᛖ,343
autocracy,1568512,0,ᚪᚢᛏᚩᚳᚱᚪᚳᚣ,403
playfully,1567445,0,ᛈᛚᚪᚣᚠᚢᛚᛚᚣ,570
meditated,1563276,0,ᛗᛖᛞᛁᛏᚪᛏᛖᛞ,629
rejoinder,1562109,0,ᚱᛖᛂᚩᛁᚾᛞᛖᚱ,349
abdication,1560364,0,ᚪᛒᛞᛁᚳᚪᛏᛡᚾ,583
habitable,1558526,0,ᚻᚪᛒᛁᛏᚪᛒᛚᛖ,569
positives,1557071,0,ᛈᚩᛋᛁᛏᛁᚢᛖᛋ,347
smokeless,1556616,0,ᛋᛗᚩᚳᛖᛚᛖᛋᛋ,457
entreaties,1555292,0,ᛖᚾᛏᚱᛠᛏᛁᛖᛋ,485
oversized,1554162,0,ᚩᚢᛖᚱᛋᛁᛋᛖᛞ,381
bodyguard,1553697,0,ᛒᚩᛞᚣᚷᚢᚪᚱᛞ,477
groundnut,1553033,0,ᚷᚱᚩᚢᚾᛞᚾᚢᛏ,247
pasturage,1552016,0,ᛈᚪᛋᛏᚢᚱᚪᚷᛖ,447
plaintive,1551686,0,ᛈᛚᚪᛁᚾᛏᛁᚢᛖ,433
remodeled,1551507,0,ᚱᛖᛗᚩᛞᛖᛚᛖᛞ,541
incendiary,1550582,0,ᛁᚾᚳᛖᚾᛞᛡᚱᚣ,479
ribosomes,1550557,0,ᚱᛁᛒᚩᛋᚩᛗᛖᛋ,361
matchless,1549820,0,ᛗᚪᛏᚳᚻᛚᛖᛋᛋ,509
dismisses,1549121,0,ᛞᛁᛋᛗᛁᛋᛋᛖᛋ,501
mutuality,1547338,0,ᛗᚢᛏᚢᚪᛚᛁᛏᚣ,499
unorthodox,1547261,0,ᚢᚾᚩᚱᚦᚩᛞᚩᛉ,205
meaningfully,1546691,0,ᛗᛠᚾᛝᚠᚢᛚᛚᚣ,542
speculating,1544605,0,ᛋᛈᛖᚳᚢᛚᚪᛏᛝ,487
sublimity,1543799,0,ᛋᚢᛒᛚᛁᛗᛁᛏᚣ,485
privations,1541950,0,ᛈᚱᛁᚢᚪᛏᛡᚾᛋ,433
acropolis,1541857,0,ᚪᚳᚱᚩᛈᚩᛚᛁᛋ,335
narrowest,1541636,0,ᚾᚪᚱᚱᚩᚹᛖᛋᛏ,353
insurable,1538359,0,ᛁᚾᛋᚢᚱᚪᛒᛚᛖ,425
antiquary,1537168,0,ᚪᚾᛏᛁᚳᚹᚪᚱᚣ,459
cocktails,1536850,0,ᚳᚩᚳᚳᛏᚪᛁᛚᛋ,359
segregate,1536339,0,ᛋᛖᚷᚱᛖᚷᚪᛏᛖ,455
diabolical,1535278,0,ᛞᛡᛒᚩᛚᛁᚳᚪᛚ,551
mauritania,1533915,0,ᛗᚪᚢᚱᛁᛏᚪᚾᛡ,505
butadiene,1533656,0,ᛒᚢᛏᚪᛞᛁᛖᚾᛖ,503
connaught,1532114,0,ᚳᚩᚾᚾᚪᚢᚷᚻᛏ,277
afterlife,1531592,0,ᚪᚠᛏᛖᚱᛚᛁᚠᛖ,409
billboard,1531285,0,ᛒᛁᛚᛚᛒᚩᚪᚱᛞ,503
encroaching,1531099,0,ᛖᚾᚳᚱᚩᚪᚳᚻᛝ,339
nicknamed,1530811,0,ᚾᛁᚳᚳᚾᚪᛗᛖᛞ,439
magdalena,1529834,0,ᛗᚪᚷᛞᚪᛚᛖᚾᚪ,637
leveraged,1529820,0,ᛚᛖᚢᛖᚱᚪᚷᛖᛞ,491
sulphates,1529504,0,ᛋᚢᛚᛈᚻᚪᛏᛖᛋ,471
syllogism,1529107,0,ᛋᚣᛚᛚᚩᚷᛁᛋᛗ,481
landfills,1527982,0,ᛚᚪᚾᛞᚠᛁᛚᛚᛋ,520
narcissus,1526729,0,ᚾᚪᚱᚳᛁᛋᛋᚢᛋ,343
casserole,1526519,0,ᚳᚪᛋᛋᛖᚱᚩᛚᛖ,441
unrelenting,1524522,0,ᚢᚾᚱᛖᛚᛖᚾᛏᛝ,417
invariants,1524392,0,ᛁᚾᚢᚪᚱᛡᚾᛏᛋ,419
chihuahua,1523311,0,ᚳᚻᛁᚻᚢᚪᚻᚢᚪ,313
ministering,1522827,0,ᛗᛁᚾᛁᛋᛏᛖᚱᛝ,431
distemper,1522612,0,ᛞᛁᛋᛏᛖᛗᛈᛖᚱ,491
godliness,1522117,0,ᚷᚩᛞᛚᛁᚾᛖᛋᛋ,419
dependant,1521815,0,ᛞᛖᛈᛖᚾᛞᚪᚾᛏ,569
quietness,1521057,0,ᚳᚹᛁᛖᛏᚾᛖᛋᛋ,391
airfields,1520596,0,ᚪᛁᚱᚠᛁᛖᛚᛞᛋ,454
monocytes,1520572,0,ᛗᚩᚾᚩᚳᚣᛏᛖᛋ,409
vestments,1519087,0,ᚢᛖᛋᛏᛗᛖᚾᛏᛋ,461
smugglers,1517899,0,ᛋᛗᚢᚷᚷᛚᛖᚱᛋ,365
biophysics,1517248,0,ᛒᛡᛈᚻᚣᛋᛁᚳᛋ,487
excretory,1516085,0,ᛖᛉᚳᚱᛖᛏᚩᚱᚣ,385
motivates,1515971,0,ᛗᚩᛏᛁᚢᚪᛏᛖᛋ,447
enteritis,1515079,0,ᛖᚾᛏᛖᚱᛁᛏᛁᛋ,407
rectitude,1514959,0,ᚱᛖᚳᛏᛁᛏᚢᛞᛖ,399
laminates,1514859,0,ᛚᚪᛗᛁᚾᚪᛏᛖᛋ,577
middlemen,1514583,0,ᛗᛁᛞᛞᛚᛖᛗᛖᚾ,587
microcosm,1514025,0,ᛗᛁᚳᚱᚩᚳᚩᛋᛗ,277
symphonic,1513718,0,ᛋᚣᛗᛈᚻᚩᚾᛁᚳ,373
streamlining,1513318,0,ᛋᛏᚱᛠᛗᛚᛁᚾᛝ,515
fabricate,1511188,0,ᚠᚪᛒᚱᛁᚳᚪᛏᛖ,438
celluloid,1510095,0,ᚳᛖᛚᛚᚢᛚᚩᛁᛞ,429
duplicity,1506410,0,ᛞᚢᛈᛚᛁᚳᛁᛏᚣ,445
evocative,1505512,0,ᛖᚢᚩᚳᚪᛏᛁᚢᛖ,347
requester,1504986,0,ᚱᛖᚳᚹᛖᛋᛏᛖᚱ,367
pegmatite,1503668,0,ᛈᛖᚷᛗᚪᛏᛁᛏᛖ,511
avoidable,1503442,0,ᚪᚢᚩᛁᛞᚪᛒᛚᛖ,525
custodians,1503150,0,ᚳᚢᛋᛏᚩᛞᛡᚾᛋ,413
gallantly,1503070,0,ᚷᚪᛚᛚᚪᚾᛏᛚᚣ,621
quantifying,1502900,0,ᚳᚹᚪᚾᛏᛁᚠᚣᛝ,432
derogation,1502400,0,ᛞᛖᚱᚩᚷᚪᛏᛡᚾ,483
wallingford,1501982,0,ᚹᚪᛚᛚᛝᚠᚩᚱᛞ,450
evaluator,1501880,0,ᛖᚢᚪᛚᚢᚪᛏᚩᚱ,417
aneurysms,1500437,0,ᚪᚾᛖᚢᚱᚣᛋᛗᛋ,487
alabaster,1500261,0,ᚪᛚᚪᛒᚪᛋᛏᛖᚱ,615
cortisone,1499505,0,ᚳᚩᚱᛏᛁᛋᚩᚾᛖ,277
palisades,1497308,0,ᛈᚪᛚᛁᛋᚪᛞᛖᛋ,603
subjoined,1493749,0,ᛋᚢᛒᛂᚩᛁᚾᛖᛞ,377
verifiable,1493037,0,ᚢᛖᚱᛁᚠᛡᛒᛚᛖ,422
boreholes,1492966,0,ᛒᚩᚱᛖᚻᚩᛚᛖᛋ,369
stratagem,1492361,0,ᛋᛏᚱᚪᛏᚪᚷᛖᛗ,531
dialectics,1491660,0,ᛞᛡᛚᛖᚳᛏᛁᚳᛋ,505
extricate,1490710,0,ᛖᛉᛏᚱᛁᚳᚪᛏᛖ,451
averments,1489231,0,ᚪᚢᛖᚱᛗᛖᚾᛏᛋ,457
unremitting,1488110,0,ᚢᚾᚱᛖᛗᛁᛏᛏᛝ,409
figurines,1486591,0,ᚠᛁᚷᚢᚱᛁᚾᛖᛋ,244
dispatching,1483924,0,ᛞᛁᛋᛈᚪᛏᚳᚻᛝ,487
worshiped,1483273,0,ᚹᚩᚱᛋᚻᛁᛈᛖᛞ,343
salicylic,1483005,0,ᛋᚪᛚᛁᚳᚣᛚᛁᚳ,487
dickerson,1482975,0,ᛞᛁᚳᚳᛖᚱᛋᚩᚾ,313
digression,1482867,0,ᛞᛁᚷᚱᛖᛋᛋᛡᚾ,457
reticence,1482533,0,ᚱᛖᛏᛁᚳᛖᚾᚳᛖ,357
antiviral,1481430,0,ᚪᚾᛏᛁᚢᛁᚱᚪᛚ,431
forgetful,1481172,0,ᚠᚩᚱᚷᛖᛏᚠᚢᛚ,241
tremulous,1481136,0,ᛏᚱᛖᛗᚢᛚᚩᚢᛋ,347
marcellus,1480601,0,ᛗᚪᚱᚳᛖᛚᛚᚢᛋ,461
venerated,1479769,0,ᚢᛖᚾᛖᚱᚪᛏᛖᛞ,489
benefices,1478743,0,ᛒᛖᚾᛖᚠᛁᚳᛖᛋ,390
stairways,1477689,0,ᛋᛏᚪᛁᚱᚹᚪᚣᛋ,523
rebellions,1476144,0,ᚱᛖᛒᛖᛚᛚᛡᚾᛋ,541
conformal,1476122,0,ᚳᚩᚾᚠᚩᚱᛗᚪᛚ,310
inculcate,1475700,0,ᛁᚾᚳᚢᛚᚳᚪᛏᛖ,385
brainstem,1475654,0,ᛒᚱᚪᛁᚾᛋᛏᛖᛗ,479
impounded,1475288,0,ᛁᛗᛈᚩᚢᚾᛞᛖᛞ,429
chinatown,1474987,0,ᚳᚻᛁᚾᚪᛏᚩᚹᚾ,307
cautionary,1474556,0,ᚳᚪᚢᛏᛡᚾᚪᚱᚣ,519
escalated,1474251,0,ᛖᛋᚳᚪᛚᚪᛏᛖᛞ,615
flagstaff,1474005,0,ᚠᛚᚪᚷᛋᛏᚪᚠᚠ,402
passwords,1473539,0,ᛈᚪᛋᛋᚹᚩᚱᛞᛋ,425
limousine,1473120,0,ᛚᛁᛗᚩᚢᛋᛁᚾᛖ,365
dostoevsky,1472886,0,ᛞᚩᛋᛏᛟᚢᛋᚳᚣ,463
margarita,1472350,0,ᛗᚪᚱᚷᚪᚱᛁᛏᚪ,491
huguenots,1472200,0,ᚻᚢᚷᚢᛖᚾᚩᛏᛋ,261
handiwork,1472098,0,ᚻᚪᚾᛞᛁᚹᚩᚱᚳ,319
relevancy,1470781,0,ᚱᛖᛚᛖᚢᚪᚾᚳᚣ,463
phylogeny,1470460,0,ᛈᚻᚣᛚᚩᚷᛖᚾᚣ,465
burnished,1470367,0,ᛒᚢᚱᚾᛁᛋᚻᛖᛞ,367
loveliest,1469369,0,ᛚᚩᚢᛖᛚᛁᛖᛋᛏ,433
objectors,1468058,0,ᚩᛒᛂᛖᚳᛏᚩᚱᛋ,315
lightfoot,1467893,0,ᛚᛁᚷᚻᛏᚠᚩᚩᛏ,278
spikelets,1465672,0,ᛋᛈᛁᚳᛖᛚᛖᛏᛋ,459
calorific,1464981,0,ᚳᚪᛚᚩᚱᛁᚠᛁᚳ,278
kuomintang,1463965,0,ᚳᚢᚩᛗᛁᚾᛏᚪᛝ,389
distention,1463594,0,ᛞᛁᛋᛏᛖᚾᛏᛡᚾ,523
commoners,1463557,0,ᚳᚩᛗᛗᚩᚾᛖᚱᛋ,329
gottfried,1462274,0,ᚷᚩᛏᛏᚠᚱᛁᛖᛞ,342
calvinist,1462254,0,ᚳᚪᛚᚢᛁᚾᛁᛋᛏ,389
tarnished,1461715,0,ᛏᚪᚱᚾᛁᛋᚻᛖᛞ,459
astronaut,1461073,0,ᚪᛋᛏᚱᚩᚾᚪᚢᛏ,415
memorized,1458882,0,ᛗᛖᛗᚩᚱᛁᛋᛖᛞ,467
osteopathic,1458493,0,ᚩᛋᛏᛇᛈᚪᚦᛁᚳ,349
imprecise,1458472,0,ᛁᛗᛈᚱᛖᚳᛁᛋᛖ,387
vulgarity,1457640,0,ᚢᚢᛚᚷᚪᚱᛁᛏᚣ,397
preempted,1456766,0,ᛈᚱᛖᛖᛗᛈᛏᛖᛞ,517
ineffable,1455684,0,ᛁᚾᛖᚠᚠᚪᛒᛚᛖ,429
recreations,1455331,0,ᚱᛖᚳᚱᛠᛏᛡᚾᛋ,459
histidine,1454561,0,ᚻᛁᛋᛏᛁᛞᛁᚾᛖ,413
unwillingly,1453781,0,ᚢᚾᚹᛁᛚᛚᛝᛚᚣ,483
withstanding,1453568,0,ᚹᛁᚦᛋᛏᚪᚾᛞᛝ,461
hyperfine,1453503,0,ᚻᚣᛈᛖᚱᚠᛁᚾᛖ,376
hypocrite,1453490,0,ᚻᚣᛈᚩᚳᚱᛁᛏᛖ,357
humanists,1453403,0,ᚻᚢᛗᚪᚾᛁᛋᛏᛋ,419
secretive,1453389,0,ᛋᛖᚳᚱᛖᛏᛁᚢᛖ,371
blossomed,1453108,0,ᛒᛚᚩᛋᛋᚩᛗᛖᛞ,481
endosperm,1453059,0,ᛖᚾᛞᚩᛋᛈᛖᚱᛗ,437
loopholes,1451407,0,ᛚᚩᚩᛈᚻᚩᛚᛖᛋ,353
plausibly,1451214,0,ᛈᛚᚪᚢᛋᛁᛒᛚᚣ,537
corvallis,1449685,0,ᚳᚩᚱᚢᚪᛚᛚᛁᛋ,361
perennials,1449274,0,ᛈᛖᚱᛖᚾᚾᛡᛚᛋ,479
patrimony,1447797,0,ᛈᚪᛏᚱᛁᛗᚩᚾᚣ,451
connexions,1446774,0,ᚳᚩᚾᚾᛖᛉᛡᚾᛋ,381
disagreeing,1444570,0,ᛞᛁᛋᚪᚷᚱᛖᛖᛝ,511
subaltern,1443685,0,ᛋᚢᛒᚪᛚᛏᛖᚱᚾ,453
forthright,1443630,0,ᚠᚩᚱᚦᚱᛁᚷᚻᛏ,166
austenite,1440824,0,ᚪᚢᛋᛏᛖᚾᛁᛏᛖ,465
chestnuts,1438770,0,ᚳᚻᛖᛋᛏᚾᚢᛏᛋ,359
optimally,1437991,0,ᚩᛈᛏᛁᛗᚪᛚᛚᚣ,557
franchising,1435884,0,ᚠᚱᚪᚾᚳᚻᛁᛋᛝ,338
maximized,1435738,0,ᛗᚪᛉᛁᛗᛁᛋᛖᛞ,557
haverhill,1435136,0,ᚻᚪᚢᛖᚱᚻᛁᛚᛚ,401
laundries,1434946,0,ᛚᚪᚢᚾᛞᚱᛁᛖᛋ,453
stalemate,1434772,0,ᛋᛏᚪᛚᛖᛗᚪᛏᛖ,643
customize,1434665,0,ᚳᚢᛋᛏᚩᛗᛁᛋᛖ,357
auricular,1433125,0,ᚪᚢᚱᛁᚳᚢᛚᚪᚱ,339
glutamine,1432644,0,ᚷᛚᚢᛏᚪᛗᛁᚾᛖ,447
cupboards,1432555,0,ᚳᚢᛈᛒᚩᚪᚱᛞᛋ,377
truncation,1430793,0,ᛏᚱᚢᚾᚳᚪᛏᛡᚾ,407
dominique,1429859,0,ᛞᚩᛗᛁᚾᛁᚳᚹᛖ,357
lumbermen,1429572,0,ᛚᚢᛗᛒᛖᚱᛗᛖᚾ,453
calvinism,1429564,0,ᚳᚪᛚᚢᛁᚾᛁᛋᛗ,401
adrenalin,1428029,0,ᚪᛞᚱᛖᚾᚪᛚᛁᚾ,523
pretension,1425868,0,ᛈᚱᛖᛏᛖᚾᛋᛡᚾ,465
electives,1424972,0,ᛖᛚᛖᚳᛏᛁᚢᛖᛋ,433
overturning,1424354,0,ᚩᚢᛖᚱᛏᚢᚱᚾᛝ,269
woodhouse,1424103,0,ᚹᚩᚩᛞᚻᚩᚢᛋᛖ,275
pulsations,1423714,0,ᛈᚢᛚᛋᚪᛏᛡᚾᛋ,517
comforter,1423179,0,ᚳᚩᛗᚠᚩᚱᛏᛖᚱ,248
tribesmen,1423166,0,ᛏᚱᛁᛒᛖᛋᛗᛖᚾ,449
delimited,1421305,0,ᛞᛖᛚᛁᛗᛁᛏᛖᛞ,577
gabrielle,1421117,0,ᚷᚪᛒᚱᛁᛖᛚᛚᛖ,497
lucretius,1420383,0,ᛚᚢᚳᚱᛖᛏᛁᚢᛋ,313
reinhardt,1420032,0,ᚱᛖᛁᚾᚻᚪᚱᛞᛏ,417
remarried,1419970,0,ᚱᛖᛗᚪᚱᚱᛁᛖᛞ,455
optometry,1418791,0,ᚩᛈᛏᚩᛗᛖᛏᚱᚣ,427
inviolable,1418510,0,ᛁᚾᚢᛡᛚᚪᛒᛚᛖ,541
pinkerton,1413709,0,ᛈᛁᚾᚳᛖᚱᛏᚩᚾ,289
desultory,1413650,0,ᛞᛖᛋᚢᛚᛏᚩᚱᚣ,465
blackbird,1413488,0,ᛒᛚᚪᚳᚳᛒᛁᚱᛞ,449
paralleling,1412830,0,ᛈᚪᚱᚪᛚᛚᛖᛚᛝ,613
definable,1412151,0,ᛞᛖᚠᛁᚾᚪᛒᛚᛖ,516
laceration,1411948,0,ᛚᚪᚳᛖᚱᚪᛏᛡᚾ,553
kilometre,1411418,0,ᚳᛁᛚᚩᛗᛖᛏᚱᛖ,399
gazetteer,1411026,0,ᚷᚪᛋᛖᛏᛏᛖᛖᚱ,497
ethnically,1409884,0,ᛖᚦᚾᛁᚳᚪᛚᛚᚣ,491
classmate,1406093,0,ᚳᛚᚪᛋᛋᛗᚪᛏᛖ,583
disproved,1405748,0,ᛞᛁᛋᛈᚱᚩᚢᛖᛞ,393
overdraft,1405392,0,ᚩᚢᛖᚱᛞᚱᚪᚠᛏ,346
endpoints,1405066,0,ᛖᚾᛞᛈᚩᛁᚾᛏᛋ,407
adornment,1405054,0,ᚪᛞᚩᚱᚾᛗᛖᚾᛏ,459
multiplex,1404751,0,ᛗᚢᛚᛏᛁᛈᛚᛖᛉ,467
northfield,1404747,0,ᚾᚩᚱᚦᚠᛁᛖᛚᛞ,314
sagebrush,1404668,0,ᛋᚪᚷᛖᛒᚱᚢᛋᚻ,385
impliedly,1404077,0,ᛁᛗᛈᛚᛁᛖᛞᛚᚣ,581
decedents,1403718,0,ᛞᛖᚳᛖᛞᛖᚾᛏᛋ,533
elaborating,1403201,0,ᛖᛚᚪᛒᚩᚱᚪᛏᛝ,551
unbridled,1402848,0,ᚢᚾᛒᚱᛁᛞᛚᛖᛞ,453
squatters,1402525,0,ᛋᚳᚹᚪᛏᛏᛖᚱᛋ,431
recumbent,1400735,0,ᚱᛖᚳᚢᛗᛒᛖᚾᛏ,381
priestess,1398130,0,ᛈᚱᛁᛖᛋᛏᛖᛋᛋ,437
nonpublic,1396490,0,ᚾᚩᚾᛈᚢᛒᛚᛁᚳ,289
apologise,1396370,0,ᚪᛈᚩᛚᚩᚷᛁᛋᛖ,395
starlight,1393912,0,ᛋᛏᚪᚱᛚᛁᚷᚻᛏ,423
medicated,1393595,0,ᛗᛖᛞᛁᚳᚪᛏᛖᛞ,583
liberator,1393069,0,ᛚᛁᛒᛖᚱᚪᛏᚩᚱ,417
receptions,1392862,0,ᚱᛖᚳᛖᛈᛏᛡᚾᛋ,449
dashboard,1392107,0,ᛞᚪᛋᚻᛒᚩᚪᚱᛞ,527
penitence,1390808,0,ᛈᛖᚾᛁᛏᛖᚾᚳᛖ,405
hardiness,1387237,0,ᚻᚪᚱᛞᛁᚾᛖᛋᛋ,453
impudence,1385487,0,ᛁᛗᛈᚢᛞᛖᚾᚳᛖ,413
presidium,1384785,0,ᛈᚱᛖᛋᛁᛞᛁᚢᛗ,399
overflows,1384752,0,ᚩᚢᛖᚱᚠᛚᚩᚹᛋ,242
vignettes,1384640,0,ᚢᛁᚷᚾᛖᛏᛏᛖᛋ,385
micronesia,1383351,0,ᛗᛁᚳᚱᚩᚾᛖᛋᛡ,389
hollander,1383334,0,ᚻᚩᛚᛚᚪᚾᛞᛖᚱ,469
fergusson,1382202,0,ᚠᛖᚱᚷᚢᛋᛋᚩᚾ,242
contorted,1381199,0,ᚳᚩᚾᛏᚩᚱᛏᛖᛞ,341
quadruple,1381078,0,ᚳᚹᚪᛞᚱᚢᛈᛚᛖ,415
scarecrow,1380893,0,ᛋᚳᚪᚱᛖᚳᚱᚩᚹ,291
gloriously,1379731,0,ᚷᛚᚩᚱᛡᚢᛋᛚᚣ,447
aptitudes,1378421,0,ᚪᛈᛏᛁᛏᚢᛞᛖᛋ,501
declarant,1376258,0,ᛞᛖᚳᛚᚪᚱᚪᚾᛏ,535
nullified,1376218,0,ᚾᚢᛚᛚᛁᚠᛁᛖᛞ,398
lunchtime,1375412,0,ᛚᚢᚾᚳᚻᛏᛁᛗᛖ,369
domestics,1375190,0,ᛞᚩᛗᛖᛋᛏᛁᚳᛋ,443
underhill,1374682,0,ᚢᚾᛞᛖᚱᚻᛁᛚᛚ,399
refresher,1373617,0,ᚱᛖᚠᚱᛖᛋᚻᛖᚱ,312
westphalia,1373291,0,ᚹᛖᛋᛏᛈᚻᚪᛚᛡ,541
manometer,1370052,0,ᛗᚪᚾᚩᛗᛖᛏᛖᚱ,479
militancy,1368072,0,ᛗᛁᛚᛁᛏᚪᚾᚳᚣ,507
provisioning,1367291,0,ᛈᚱᚩᚢᛁᛋᛡᚾᛝ,363
onlookers,1366747,0,ᚩᚾᛚᚩᚩᚳᛖᚱᛋ,267
millinery,1366264,0,ᛗᛁᛚᛚᛁᚾᛖᚱᚣ,489
stonewall,1365128,0,ᛋᛏᚩᚾᛖᚹᚪᛚᛚ,477
magnesite,1364946,0,ᛗᚪᚷᚾᛖᛋᛁᛏᛖ,491
committal,1364687,0,ᚳᚩᛗᛗᛁᛏᛏᚪᛚ,481
hemolysis,1364590,0,ᚻᛖᛗᚩᛚᚣᛋᛁᛋ,481
depreciate,1364195,0,ᛞᛖᛈᚱᛖᚳᛡᛏᛖ,523
handshake,1363880,0,ᚻᚪᚾᛞᛋᚻᚪᚳᛖ,491
voiceless,1362788,0,ᚢᚩᛁᚳᛖᛚᛖᛋᛋ,367
excruciating,1361562,0,ᛖᛉᚳᚱᚢᚳᛡᛏᛝ,399
penobscot,1361453,0,ᛈᛖᚾᚩᛒᛋᚳᚩᛏ,339
longstreet,1360278,0,ᛚᚩᛝᛋᛏᚱᛖᛖᛏ,475
proboscis,1358727,0,ᛈᚱᚩᛒᚩᛋᚳᛁᛋ,279
publicize,1358366,0,ᛈᚢᛒᛚᛁᚳᛁᛋᛖ,375
compagnie,1357264,0,ᚳᚩᛗᛈᚪᚷᚾᛁᛖ,375
credulous,1354908,0,ᚳᚱᛖᛞᚢᛚᚩᚢᛋ,319
extractor,1353852,0,ᛖᛉᛏᚱᚪᚳᛏᚩᚱ,371
convinces,1353195,0,ᚳᚩᚾᚢᛁᚾᚳᛖᛋ,245
polygraph,1353017,0,ᛈᚩᛚᚣᚷᚱᚪᛈᚻ,417
workspace,1353008,0,ᚹᚩᚱᚳᛋᛈᚪᚳᛖ,323
transonic,1352562,0,ᛏᚱᚪᚾᛋᚩᚾᛁᚳ,329
encrypted,1352231,1,ᛖᚾᚳᚱᚣᛈᛏᛖᛞ,481
overloading,1351968,0,ᚩᚢᛖᚱᛚᚩᚪᛞᛝ,433
shortcoming,1351478,0,ᛋᚻᚩᚱᛏᚳᚩᛗᛝ,323
tellurium,1350634,0,ᛏᛖᛚᛚᚢᚱᛁᚢᛗ,391
arraigned,1349796,0,ᚪᚱᚱᚪᛁᚷᚾᛖᛞ,449
montezuma,1349144,0,ᛗᚩᚾᛏᛖᛋᚢᛗᚪ,457
darwinism,1349073,0,ᛞᚪᚱᚹᛁᚾᛁᛋᛗ,431
glittered,1348740,0,ᚷᛚᛁᛏᛏᛖᚱᛖᛞ,473
homeopathic,1348669,0,ᚻᚩᛗᛇᛈᚪᚦᛁᚳ,331
storeroom,1347662,0,ᛋᛏᚩᚱᛖᚱᚩᚩᛗ,293
islamabad,1344885,0,ᛁᛋᛚᚪᛗᚪᛒᚪᛞ,669
sputtered,1344723,0,ᛋᛈᚢᛏᛏᛖᚱᛖᛞ,451
lymphomas,1344541,0,ᛚᚣᛗᛈᚻᚩᛗᚪᛋ,541
seasonable,1344353,0,ᛋᛠᛋᚩᚾᚪᛒᛚᛖ,549
enlivened,1344302,0,ᛖᚾᛚᛁᚢᛖᚾᛖᛞ,455
phonetics,1344191,0,ᛈᚻᚩᚾᛖᛏᛁᚳᛋ,325
formatted,1344052,0,ᚠᚩᚱᛗᚪᛏᛏᛖᛞ,462
heritable,1343926,0,ᚻᛖᚱᛁᛏᚪᛒᛚᛖ,489
endotoxin,1343219,0,ᛖᚾᛞᚩᛏᚩᛉᛁᚾ,365
disposals,1342859,0,ᛞᛁᛋᛈᚩᛋᚪᛚᛋ,499
excitable,1341693,0,ᛖᛉᚳᛁᛏᚪᛒᛚᛖ,515
blueberry,1340360,0,ᛒᛚᚢᛖᛒᛖᚱᚱᚣ,457
bloodless,1340077,0,ᛒᛚᚩᚩᛞᛚᛖᛋᛋ,483
conceited,1340005,0,ᚳᚩᚾᚳᛖᛁᛏᛖᛞ,375
chickasaw,1339359,0,ᚳᚻᛁᚳᚳᚪᛋᚪᚹ,359
samuelson,1339333,0,ᛋᚪᛗᚢᛖᛚᛋᚩᚾ,453
penniless,1339228,0,ᛈᛖᚾᚾᛁᛚᛖᛋᛋ,445
bracketed,1338359,0,ᛒᚱᚪᚳᚳᛖᛏᛖᛞ,477
scribbled,1337363,0,ᛋᚳᚱᛁᛒᛒᛚᛖᛞ,459
cordiality,1336964,0,ᚳᚩᚱᛞᛡᛚᛁᛏᚣ,493
commuters,1336481,0,ᚳᚩᛗᛗᚢᛏᛖᚱᛋ,355
unmatched,1335213,0,ᚢᚾᛗᚪᛏᚳᚻᛖᛞ,451
faultless,1334972,0,ᚠᚪᚢᛚᛏᛚᛖᛋᛋ,480
procreation,1334002,0,ᛈᚱᚩᚳᚱᛠᛏᛡᚾ,389
abstention,1333493,0,ᚪᛒᛋᛏᛖᚾᛏᛡᚾ,561
dismantle,1332562,0,ᛞᛁᛋᛗᚪᚾᛏᛚᛖ,569
wiesbaden,1332449,0,ᚹᛁᛖᛋᛒᚪᛞᛖᚾ,513
absorbers,1332387,0,ᚪᛒᛋᚩᚱᛒᛖᚱᛋ,421
feedstock,1330950,0,ᚠᛖᛖᛞᛋᛏᚩᚳᚳ,370
dyestuffs,1330785,0,ᛞᚣᛖᛋᛏᚢᚠᚠᛋ,431
digitally,1330675,0,ᛞᛁᚷᛁᛏᚪᛚᛚᚣ,573
fearlessly,1330485,0,ᚠᛠᚱᛚᛖᛋᛋᛚᚣ,544
licentious,1329814,0,ᛚᛁᚳᛖᚾᛏᛡᚢᛋ,435
pillsbury,1329720,0,ᛈᛁᛚᛚᛋᛒᚢᚱᚣ,451
anciently,1329126,0,ᚪᚾᚳᛁᛖᚾᛏᛚᚣ,501
uttermost,1327584,0,ᚢᛏᛏᛖᚱᛗᚩᛋᛏ,389
dictators,1327430,0,ᛞᛁᚳᛏᚪᛏᚩᚱᛋ,419
pertussis,1327078,0,ᛈᛖᚱᛏᚢᛋᛋᛁᛋ,373
wistfully,1326643,0,ᚹᛁᛋᛏᚠᚢᛚᛚᚣ,416
revocable,1326212,0,ᚱᛖᚢᚩᚳᚪᛒᛚᛖ,399
abrogation,1323652,0,ᚪᛒᚱᚩᚷᚪᛏᛡᚾ,485
oppenheim,1323178,0,ᚩᛈᛈᛖᚾᚻᛖᛁᛗ,381
clubhouse,1323153,0,ᚳᛚᚢᛒᚻᚩᚢᛋᛖ,303
scapegoat,1323111,0,ᛋᚳᚪᛈᛖᚷᚩᚪᛏ,453
backstage,1322449,0,ᛒᚪᚳᚳᛋᛏᚪᚷᛖ,477
letterhead,1322415,0,ᛚᛖᛏᛏᛖᚱᚻᛠᛞ,557
musically,1321483,0,ᛗᚢᛋᛁᚳᚪᛚᛚᚣ,517
credential,1320794,0,ᚳᚱᛖᛞᛖᚾᛏᛡᛚ,515
tasteless,1320557,0,ᛏᚪᛋᛏᛖᛚᛖᛋᛋ,581
periosteum,1320306,0,ᛈᛖᚱᛡᛋᛏᛖᚢᛗ,481
conciliate,1319239,0,ᚳᚩᚾᚳᛁᛚᛡᛏᛖ,399
subsisted,1318183,0,ᛋᚢᛒᛋᛁᛋᛏᛖᛞ,469
defrauded,1316799,0,ᛞᛖᚠᚱᚪᚢᛞᛖᛞ,514
indignity,1316583,0,ᛁᚾᛞᛁᚷᚾᛁᛏᚣ,419
analyzers,1316424,0,ᚪᚾᚪᛚᚣᛋᛖᚱᛋ,583
massively,1315913,0,ᛗᚪᛋᛋᛁᚢᛖᛚᚣ,551
consignor,1314307,0,ᚳᚩᚾᛋᛁᚷᚾᚩᚱ,197
innocents,1314212,0,ᛁᚾᚾᚩᚳᛖᚾᛏᛋ,317
emphasising,1312975,0,ᛖᛗᛈᚻᚪᛋᛁᛋᛝ,517
assembler,1312278,0,ᚪᛋᛋᛖᛗᛒᛚᛖᚱ,553
westwards,1311731,0,ᚹᛖᛋᛏᚹᚪᚱᛞᛋ,467
albatross,1310581,0,ᚪᛚᛒᚪᛏᚱᚩᛋᛋ,511
sanguinary,1309842,0,ᛋᚪᛝᚢᛁᚾᚪᚱᚣ,503
uninjured,1308228,0,ᚢᚾᛁᚾᛂᚢᚱᛖᛞ,299
purposive,1308205,0,ᛈᚢᚱᛈᚩᛋᛁᚢᛖ,261
fatherhood,1307745,0,ᚠᚪᚦᛖᚱᚻᚩᚩᛞ,308
treasuries,1307459,0,ᛏᚱᛠᛋᚢᚱᛁᛖᛋ,397
irradiance,1307214,0,ᛁᚱᚱᚪᛞᛡᚾᚳᛖ,455
firstborn,1305700,0,ᚠᛁᚱᛋᛏᛒᚩᚱᚾ,264
schoenberg,1305217,0,ᛋᚳᚻᛟᚾᛒᛖᚱᚷ,357
creameries,1304993,0,ᚳᚱᛠᛗᛖᚱᛁᛖᛋ,433
interposing,1303572,0,ᛁᚾᛏᛖᚱᛈᚩᛋᛝ,379
unopposed,1303393,0,ᚢᚾᚩᛈᛈᚩᛋᛖᛞ,341
prioritize,1302654,0,ᛈᚱᛡᚱᛁᛏᛁᛋᛖ,413
ascendant,1301746,0,ᚪᛋᚳᛖᚾᛞᚪᚾᛏ,533
cloudless,1301487,0,ᚳᛚᚩᚢᛞᛚᛖᛋᛋ,431
unequally,1301350,0,ᚢᚾᛖᚳᚹᚪᛚᛚᚣ,477
cuneiform,1301071,0,ᚳᚢᚾᛖᛁᚠᚩᚱᛗ,234
almshouse,1299007,0,ᚪᛚᛗᛋᚻᚩᚢᛋᛖ,447
dendrites,1298887,0,ᛞᛖᚾᛞᚱᛁᛏᛖᛋ,495
fluorides,1298528,0,ᚠᛚᚢᚩᚱᛁᛞᛖᛋ,336
protruded,1298149,0,ᛈᚱᚩᛏᚱᚢᛞᛖᛞ,379
arboretum,1298081,0,ᚪᚱᛒᚩᚱᛖᛏᚢᛗ,387
countable,1296882,0,ᚳᚩᚢᚾᛏᚪᛒᛚᛖ,409
barricade,1296680,0,ᛒᚪᚱᚱᛁᚳᚪᛞᛖ,477
eyelashes,1295697,0,ᛖᚣᛖᛚᚪᛋᚻᛖᛋ,603
wyandotte,1295689,0,ᚹᚣᚪᚾᛞᚩᛏᛏᛖ,529
motherland,1295508,0,ᛗᚩᚦᛖᚱᛚᚪᚾᛞ,449
sublimate,1295272,0,ᛋᚢᛒᛚᛁᛗᚪᛏᛖ,515
protrusion,1295021,0,ᛈᚱᚩᛏᚱᚢᛋᛡᚾ,323
panamanian,1292716,0,ᛈᚪᚾᚪᛗᚪᚾᛡᚾ,599
maximizes,1291932,0,ᛗᚪᛉᛁᛗᛁᛋᛖᛋ,521
whomsoever,1291830,0,ᚹᚻᚩᛗᛋᛟᚢᛖᚱ,337
educative,1291307,0,ᛖᛞᚢᚳᚪᛏᛁᚢᛖ,429
carolinas,1291265,0,ᚳᚪᚱᚩᛚᛁᚾᚪᛋ,411
persecute,1291181,0,ᛈᛖᚱᛋᛖᚳᚢᛏᛖ,383
implicate,1288617,0,ᛁᛗᛈᛚᛁᚳᚪᛏᛖ,485
britannic,1288550,0,ᛒᚱᛁᛏᚪᚾᚾᛁᚳ,361
immensity,1288161,0,ᛁᛗᛗᛖᚾᛋᛁᛏᚣ,515
indurated,1287727,0,ᛁᚾᛞᚢᚱᚪᛏᛖᛞ,475
trevelyan,1286195,0,ᛏᚱᛖᚢᛖᛚᚣᚪᚾ,509
gregarious,1283852,0,ᚷᚱᛖᚷᚪᚱᛡᚢᛋ,383
cluttered,1283784,0,ᚳᛚᚢᛏᛏᛖᚱᛖᛞ,441
distension,1283469,0,ᛞᛁᛋᛏᛖᚾᛋᛡᚾ,517
stalinist,1283111,0,ᛋᛏᚪᛚᛁᚾᛁᛋᛏ,485
involution,1282330,0,ᛁᚾᚢᚩᛚᚢᛏᛡᚾ,341
ruminants,1281766,0,ᚱᚢᛗᛁᚾᚪᚾᛏᛋ,383
endoscopy,1280862,0,ᛖᚾᛞᚩᛋᚳᚩᛈᚣ,411
kaolinite,1279289,0,ᚳᚪᚩᛚᛁᚾᛁᛏᛖ,407
hypertext,1278746,0,ᚻᚣᛈᛖᚱᛏᛖᛉᛏ,479
acuteness,1277980,0,ᚪᚳᚢᛏᛖᚾᛖᛋᛋ,441
splinters,1277512,0,ᛋᛈᛚᛁᚾᛏᛖᚱᛋ,419
compasses,1277370,0,ᚳᚩᛗᛈᚪᛋᛋᛖᛋ,457
interdict,1276907,0,ᛁᚾᛏᛖᚱᛞᛁᚳᛏ,389
westbrook,1276587,0,ᚹᛖᛋᛏᛒᚱᚩᚩᚳ,297
counseled,1276446,0,ᚳᚩᚢᚾᛋᛖᛚᛖᛞ,401
falsified,1276319,0,ᚠᚪᛚᛋᛁᚠᛁᛖᛞ,445
turntable,1275800,0,ᛏᚢᚱᚾᛏᚪᛒᛚᛖ,459
dutifully,1275353,0,ᛞᚢᛏᛁᚠᚢᛚᛚᚣ,436
methylated,1274799,0,ᛗᛖᚦᚣᛚᚪᛏᛖᛞ,631
dislodged,1274757,0,ᛞᛁᛋᛚᚩᛞᚷᛖᛞ,515
beauregard,1273866,0,ᛒᛠᚢᚱᛖᚷᚪᚱᛞ,465
bruxelles,1273645,0,ᛒᚱᚢᛉᛖᛚᛚᛖᛋ,455
plagiarism,1272917,0,ᛈᛚᚪᚷᛡᚱᛁᛋᛗ,503
saltwater,1272464,0,ᛋᚪᛚᛏᚹᚪᛏᛖᚱ,535
repayable,1272097,0,ᚱᛖᛈᚪᚣᚪᛒᛚᛖ,619
bootstrap,1271111,0,ᛒᚩᚩᛏᛋᛏᚱᚪᛈ,397
enamelled,1270657,0,ᛖᚾᚪᛗᛖᛚᛚᛖᛞ,633
necklaces,1269725,0,ᚾᛖᚳᚳᛚᚪᚳᛖᛋ,425
haymarket,1269345,0,ᚻᚪᚣᛗᚪᚱᚳᛖᛏ,541
wimbledon,1269330,0,ᚹᛁᛗᛒᛚᛖᛞᚩᚾ,447
varnished,1269329,0,ᚢᚪᚱᚾᛁᛋᚻᛖᛞ,403
calibrate,1268680,0,ᚳᚪᛚᛁᛒᚱᚪᛏᛖ,509
sprightly,1268277,0,ᛋᛈᚱᛁᚷᚻᛏᛚᚣ,413
petticoat,1268040,0,ᛈᛖᛏᛏᛁᚳᚩᚪᛏ,435
deferment,1267299,0,ᛞᛖᚠᛖᚱᛗᛖᚾᛏ,462
precession,1267221,0,ᛈᚱᛖᚳᛖᛋᛋᛡᚾ,443
underlining,1266596,0,ᚢᚾᛞᛖᚱᛚᛁᚾᛝ,411
swiftness,1266172,0,ᛋᚹᛁᚠᛏᚾᛖᛋᛋ,366
mccracken,1264973,0,ᛗᚳᚳᚱᚪᚳᚳᛖᚾ,327
mutagenic,1263526,0,ᛗᚢᛏᚪᚷᛖᚾᛁᚳ,387
reorganizing,1262810,0,ᚱᛇᚱᚷᚪᚾᛁᛋᛝ,369
invective,1261324,0,ᛁᚾᚢᛖᚳᛏᛁᚢᛖ,303
simulates,1261163,0,ᛋᛁᛗᚢᛚᚪᛏᛖᛋ,507
obscurely,1260964,0,ᚩᛒᛋᚳᚢᚱᛖᛚᚣ,391
widowhood,1260466,0,ᚹᛁᛞᚩᚹᚻᚩᚩᛞ,291
coverages,1260378,0,ᚳᚩᚢᛖᚱᚪᚷᛖᛋ,335
imitators,1260106,0,ᛁᛗᛁᛏᚪᛏᚩᚱᛋ,419
bernoulli,1258628,0,ᛒᛖᚱᚾᚩᚢᛚᛚᛁ,355
prefatory,1257267,0,ᛈᚱᛖᚠᚪᛏᚩᚱᚣ,400
gastritis,1257011,0,ᚷᚪᛋᛏᚱᛁᛏᛁᛋ,411
quadrants,1256983,0,ᚳᚹᚪᛞᚱᚪᚾᛏᛋ,467
appalachia,1256407,0,ᚪᛈᛈᚪᛚᚪᚳᚻᛡ,593
bolstered,1256007,0,ᛒᚩᛚᛋᛏᛖᚱᛖᛞ,487
vividness,1255193,0,ᚢᛁᚢᛁᛞᚾᛖᛋᛋ,359
superseding,1255131,0,ᛋᚢᛈᛖᚱᛋᛖᛞᛝ,465
pheromone,1254286,0,ᛈᚻᛖᚱᚩᛗᚩᚾᛖ,325
subnormal,1253851,0,ᛋᚢᛒᚾᚩᚱᛗᚪᛚ,405
dogmatism,1252876,0,ᛞᚩᚷᛗᚪᛏᛁᛋᛗ,495
preceptor,1252519,0,ᛈᚱᛖᚳᛖᛈᛏᚩᚱ,321
nicotinic,1252027,0,ᚾᛁᚳᚩᛏᛁᚾᛁᚳ,243
disguises,1251991,0,ᛞᛁᛋᚷᚢᛁᛋᛖᛋ,397
snapshots,1251923,0,ᛋᚾᚪᛈᛋᚻᚩᛏᛋ,417
rhythmical,1251306,0,ᚱᚻᚣᚦᛗᛁᚳᚪᛚ,427
birkenhead,1250274,0,ᛒᛁᚱᚳᛖᚾᚻᛠᛞ,433
arthropods,1249322,0,ᚪᚱᚦᚱᚩᛈᚩᛞᛋ,323
sequenced,1249164,0,ᛋᛖᚳᚹᛖᚾᚳᛖᛞ,417
amputated,1248803,0,ᚪᛗᛈᚢᛏᚪᛏᛖᛞ,585
calcified,1248668,0,ᚳᚪᛚᚳᛁᚠᛁᛖᛞ,416
sentinels,1248003,0,ᛋᛖᚾᛏᛁᚾᛖᛚᛋ,461
palaeozoic,1246899,0,ᛈᚪᛚᚫᚩᛋᚩᛁᚳ,425
marseille,1246578,0,ᛗᚪᚱᛋᛖᛁᛚᛚᛖ,543
defoliation,1246073,0,ᛞᛖᚠᚩᛚᛡᛏᛡᚾ,540
hydrazine,1243701,0,ᚻᚣᛞᚱᚪᛋᛁᚾᛖ,503
lindbergh,1243195,0,ᛚᛁᚾᛞᛒᛖᚱᚷᚻ,401
panelists,1243149,0,ᛈᚪᚾᛖᛚᛁᛋᛏᛋ,505
copulation,1242790,0,ᚳᚩᛈᚢᛚᚪᛏᛡᚾ,431
lithograph,1242695,0,ᛚᛁᚦᚩᚷᚱᚪᛈᚻ,307
pauperism,1240923,0,ᛈᚪᚢᛈᛖᚱᛁᛋᛗ,419
cloisters,1240520,0,ᚳᛚᚩᛁᛋᛏᛖᚱᛋ,367
diaphragms,1240256,0,ᛞᛡᛈᚻᚱᚪᚷᛗᛋ,511
assiduous,1237367,0,ᚪᛋᛋᛁᛞᚢᚩᚢᛋ,389
typesetting,1235709,0,ᛏᚣᛈᛖᛋᛖᛏᛏᛝ,589
pathfinder,1235210,0,ᛈᚪᚦᚠᛁᚾᛞᛖᚱ,374
hesitancy,1234581,0,ᚻᛖᛋᛁᛏᚪᚾᚳᚣ,475
outweighs,1232946,0,ᚩᚢᛏᚹᛖᛁᚷᚻᛋ,279
oppressor,1232916,0,ᚩᛈᛈᚱᛖᛋᛋᚩᚱ,295
whitefish,1232303,0,ᚹᚻᛁᛏᛖᚠᛁᛋᚻ,308
pretences,1232271,0,ᛈᚱᛖᛏᛖᚾᚳᛖᛋ,409
pluralist,1232135,0,ᛈᛚᚢᚱᚪᛚᛁᛋᛏ,443
combustor,1231264,0,ᚳᚩᛗᛒᚢᛋᛏᚩᚱ,285
dissociate,1231187,0,ᛞᛁᛋᛋᚩᚳᛡᛏᛖ,479
suffocating,1230315,0,ᛋᚢᚠᚠᚩᚳᚪᛏᛝ,315
hillsboro,1229347,0,ᚻᛁᛚᛚᛋᛒᚩᚱᚩ,339
unmindful,1229151,0,ᚢᚾᛗᛁᚾᛞᚠᚢᛚ,330
courtenay,1228404,0,ᚳᚩᚢᚱᛏᛖᚾᚪᚣ,389
flagellum,1227970,0,ᚠᛚᚪᚷᛖᛚᛚᚢᛗ,476
confidant,1225311,0,ᚳᚩᚾᚠᛁᛞᚪᚾᛏ,356
scaffolds,1223674,0,ᛋᚳᚪᚠᚠᚩᛚᛞᛋ,389
streetcar,1222907,0,ᛋᛏᚱᛖᛖᛏᚳᚪᚱ,437
shapeless,1222204,0,ᛋᚻᚪᛈᛖᛚᛖᛋᛋ,529
newmarket,1221449,0,ᚾᛖᚹᛗᚪᚱᚳᛖᛏ,433
captivating,1221347,0,ᚳᚪᛈᛏᛁᚢᚪᛏᛝ,481
impingement,1219477,0,ᛁᛗᛈᛝᛖᛗᛖᚾᛏ,517
envisages,1219406,0,ᛖᚾᚢᛁᛋᚪᚷᛖᛋ,417
refracted,1218784,0,ᚱᛖᚠᚱᚪᚳᛏᛖᛞ,416
patrolman,1217613,0,ᛈᚪᛏᚱᚩᛚᛗᚪᚾ,487
germinating,1216935,0,ᚷᛖᚱᛗᛁᚾᚪᛏᛝ,461
monotonic,1216869,0,ᛗᚩᚾᚩᛏᚩᚾᛁᚳ,253
revolvers,1215026,0,ᚱᛖᚢᚩᛚᚢᛖᚱᛋ,295
redoubled,1214826,0,ᚱᛖᛞᚩᚢᛒᛚᛖᛞ,467
entrained,1213475,0,ᛖᚾᛏᚱᚪᛁᚾᛖᛞ,479
enunciation,1212572,0,ᛖᚾᚢᚾᚳᛡᛏᛡᚾ,443
capitation,1211114,0,ᚳᚪᛈᛁᛏᚪᛏᛡᚾ,535
nightclub,1210509,0,ᚾᛁᚷᚻᛏᚳᛚᚢᛒ,309
alejandro,1210025,0,ᚪᛚᛖᛂᚪᚾᛞᚱᚩ,507
talkative,1208816,0,ᛏᚪᛚᚳᚪᛏᛁᚢᛖ,499
subclavian,1208372,0,ᛋᚢᛒᚳᛚᚪᚢᛡᚾ,439
filmstrip,1207311,0,ᚠᛁᛚᛗᛋᛏᚱᛁᛈ,374
privateer,1207188,0,ᛈᚱᛁᚢᚪᛏᛖᛖᚱ,389
midwinter,1206389,0,ᛗᛁᛞᚹᛁᚾᛏᛖᚱ,407
locomotor,1206110,0,ᛚᚩᚳᚩᛗᚩᛏᚩᚱ,255
catarrhal,1205960,0,ᚳᚪᛏᚪᚱᚱᚻᚪᛚ,481
suitcases,1205427,0,ᛋᚢᛁᛏᚳᚪᛋᛖᛋ,429
magically,1205312,0,ᛗᚪᚷᛁᚳᚪᛚᛚᚣ,575
grapevine,1204610,0,ᚷᚱᚪᛈᛖᚢᛁᚾᛖ,365
hardworking,1204448,0,ᚻᚪᚱᛞᚹᚩᚱᚳᛝ,349
filmmaker,1203854,0,ᚠᛁᛚᛗᛗᚪᚳᛖᚱ,436
monotheism,1203405,0,ᛗᚩᚾᚩᚦᛖᛁᛋᛗ,341
breakfasts,1203303,0,ᛒᚱᛠᚳᚠᚪᛋᛏᛋ,458
serologic,1203167,0,ᛋᛖᚱᚩᛚᚩᚷᛁᚳ,279
infertile,1200617,0,ᛁᚾᚠᛖᚱᛏᛁᛚᛖ,370
concertos,1199262,0,ᚳᚩᚾᚳᛖᚱᛏᚩᛋ,259
hesitates,1198808,0,ᚻᛖᛋᛁᛏᚪᛏᛖᛋ,509
dissolute,1198131,0,ᛞᛁᛋᛋᚩᛚᚢᛏᛖ,435
christiana,1197657,0,ᚳᚻᚱᛁᛋᛏᛡᚾᚪ,423
overjoyed,1196705,0,ᚩᚢᛖᚱᛂᚩᚣᛖᛞ,391
rorschach,1195712,0,ᚱᚩᚱᛋᚳᚻᚪᚳᚻ,251
attenuate,1195596,0,ᚪᛏᛏᛖᚾᚢᚪᛏᛖ,537
pedigrees,1195408,0,ᛈᛖᛞᛁᚷᚱᛖᛖᛋ,445
monsignor,1195116,0,ᛗᚩᚾᛋᛁᚷᚾᚩᚱ,255
sacrilege,1194736,0,ᛋᚪᚳᚱᛁᛚᛖᚷᛖ,429
forwarder,1193940,0,ᚠᚩᚱᚹᚪᚱᛞᛖᚱ,314
volcanism,1193730,0,ᚢᚩᛚᚳᚪᚾᛁᛋᛗ,377
deadweight,1193167,0,ᛞᛠᛞᚹᛖᛁᚷᚻᛏ,503
shortcuts,1192776,0,ᛋᚻᚩᚱᛏᚳᚢᛏᛋ,281
preformed,1192733,0,ᛈᚱᛖᚠᚩᚱᛗᛖᛞ,368
goldsmiths,1192137,0,ᚷᚩᛚᛞᛋᛗᛁᚦᛋ,399
homelands,1190711,0,ᚻᚩᛗᛖᛚᚪᚾᛞᛋ,509
backwater,1190667,0,ᛒᚪᚳᚳᚹᚪᛏᛖᚱ,437
grandsons,1189455,0,ᚷᚱᚪᚾᛞᛋᚩᚾᛋ,385
distanced,1189074,0,ᛞᛁᛋᛏᚪᚾᚳᛖᛞ,527
freighter,1188241,0,ᚠᚱᛖᛁᚷᚻᛏᛖᚱ,288
locational,1188052,0,ᛚᚩᚳᚪᛏᛡᚾᚪᛚ,555
dealership,1187986,0,ᛞᛠᛚᛖᚱᛋᚻᛁᛈ,499
patronizing,1187510,0,ᛈᚪᛏᚱᚩᚾᛁᛋᛝ,409
meridional,1186888,0,ᛗᛖᚱᛁᛞᛡᚾᚪᛚ,575
cavaliers,1186747,0,ᚳᚪᚢᚪᛚᛁᛖᚱᛋ,445
crucibles,1186051,0,ᚳᚱᚢᚳᛁᛒᛚᛖᛋ,325
carnations,1184385,0,ᚳᚪᚱᚾᚪᛏᛡᚾᛋ,495
criticising,1184290,0,ᚳᚱᛁᛏᛁᚳᛁᛋᛝ,321
enumerating,1183803,0,ᛖᚾᚢᛗᛖᚱᚪᛏᛝ,483
charterer,1183656,0,ᚳᚻᚪᚱᛏᛖᚱᛖᚱ,359
innovator,1183058,0,ᛁᚾᚾᚩᚢᚪᛏᚩᚱ,273
navigated,1182149,0,ᚾᚪᚢᛁᚷᚪᛏᛖᛞ,489
pawtucket,1181817,0,ᛈᚪᚹᛏᚢᚳᚳᛖᛏ,373
peduncles,1181068,0,ᛈᛖᛞᚢᚾᚳᛚᛖᛋ,437
clipboard,1179559,0,ᚳᛚᛁᛈᛒᚩᚪᚱᛞ,425
bystander,1179465,0,ᛒᚣᛋᛏᚪᚾᛞᛖᚱ,569
maximally,1178547,0,ᛗᚪᛉᛁᛗᚪᛚᛚᚣ,663
resounded,1178506,0,ᚱᛖᛋᚩᚢᚾᛞᛖᛞ,415
radiometer,1177418,0,ᚱᚪᛞᛡᛗᛖᛏᛖᚱ,579
menominee,1177050,0,ᛗᛖᚾᚩᛗᛁᚾᛖᛖ,439
roughened,1176987,0,ᚱᚩᚢᚷᚻᛖᚾᛖᛞ,313
touchdown,1176282,0,ᛏᚩᚢᚳᚻᛞᚩᚹᚾ,249
signifier,1175359,0,ᛋᛁᚷᚾᛁᚠᛁᛖᚱ,272
ammoniacal,1173967,0,ᚪᛗᛗᚩᚾᛡᚳᚪᛚ,565
anarchism,1173878,0,ᚪᚾᚪᚱᚳᚻᛁᛋᛗ,425
abrasives,1172582,0,ᚪᛒᚱᚪᛋᛁᚢᛖᛋ,473
annuitant,1170914,0,ᚪᚾᚾᚢᛁᛏᚪᚾᛏ,433
recessions,1170562,0,ᚱᛖᚳᛖᛋᛋᛡᚾᛋ,453
interlock,1168671,0,ᛁᚾᛏᛖᚱᛚᚩᚳᚳ,303
turkestan,1168436,0,ᛏᚢᚱᚳᛖᛋᛏᚪᚾ,391
chernobyl,1168011,0,ᚳᚻᛖᚱᚾᚩᛒᚣᛚ,387
vitrified,1167505,0,ᚢᛁᛏᚱᛁᚠᛁᛖᛞ,324
aspirated,1166951,0,ᚪᛋᛈᛁᚱᚪᛏᛖᛞ,547
decrement,1166893,0,ᛞᛖᚳᚱᛖᛗᛖᚾᛏ,473
disobeyed,1166876,0,ᛞᛁᛋᚩᛒᛖᚣᛖᛞ,567
windmills,1166099,0,ᚹᛁᚾᛞᛗᛁᛚᛚᛋ,469
asphaltic,1165992,0,ᚪᛋᛈᚻᚪᛚᛏᛁᚳ,489
noiseless,1165885,0,ᚾᚩᛁᛋᛖᛚᛖᛋᛋ,433
gymnastic,1164684,0,ᚷᚣᛗᚾᚪᛋᛏᛁᚳ,473
minstrels,1164289,0,ᛗᛁᚾᛋᛏᚱᛖᛚᛋ,447
impresses,1163018,0,ᛁᛗᛈᚱᛖᛋᛋᛖᛋ,449
disquieting,1161569,0,ᛞᛁᛋᚳᚹᛁᛖᛏᛝ,441
patronize,1161380,0,ᛈᚪᛏᚱᚩᚾᛁᛋᛖ,397
deliverer,1160985,0,ᛞᛖᛚᛁᚢᛖᚱᛖᚱ,419
decorator,1160985,0,ᛞᛖᚳᚩᚱᚪᛏᚩᚱ,361
videotapes,1160152,0,ᚢᛁᛞᛇᛏᚪᛈᛖᛋ,483
stoneware,1159335,0,ᛋᛏᚩᚾᛖᚹᚪᚱᛖ,409
undesired,1158362,0,ᚢᚾᛞᛖᛋᛁᚱᛖᛞ,439
blumenthal,1157674,0,ᛒᛚᚢᛗᛖᚾᚦᚪᛚ,479
algonquin,1156442,0,ᚪᛚᚷᚩᚾᚳᚹᛁᚾ,315
neutrinos,1156193,0,ᚾᛖᚢᛏᚱᛁᚾᚩᛋ,289
phoenicians,1154964,0,ᛈᚻᛟᚾᛁᚳᛡᚾᛋ,411
outnumber,1154243,0,ᚩᚢᛏᚾᚢᛗᛒᛖᚱ,311
asteroids,1154009,0,ᚪᛋᛏᛖᚱᚩᛁᛞᛋ,467
bannister,1153203,0,ᛒᚪᚾᚾᛁᛋᛏᛖᚱ,437
melatonin,1153156,0,ᛗᛖᛚᚪᛏᚩᚾᛁᚾ,463
pythagorean,1152807,0,ᛈᚣᚦᚪᚷᚩᚱᛠᚾ,421
tractable,1152180,0,ᛏᚱᚪᚳᛏᚪᛒᛚᛖ,537
extremism,1151803,0,ᛖᛉᛏᚱᛖᛗᛁᛋᛗ,477
comintern,1151539,0,ᚳᚩᛗᛁᚾᛏᛖᚱᚾ,317
autoclave,1151443,0,ᚪᚢᛏᚩᚳᛚᚪᚢᛖ,419
formulary,1151207,0,ᚠᚩᚱᛗᚢᛚᚪᚱᚣ,378
homicides,1150404,0,ᚻᚩᛗᛁᚳᛁᛞᛖᛋ,385
schooners,1150069,0,ᛋᚳᚻᚩᚩᚾᛖᚱᛋ,263
wasteland,1148646,0,ᚹᚪᛋᛏᛖᛚᚪᚾᛞ,583
bibliotheca,1146524,0,ᛒᛁᛒᛚᛡᚦᛖᚳᚪ,515
luftwaffe,1145375,0,ᛚᚢᚠᛏᚹᚪᚠᚠᛖ,324
halfpenny,1145198,0,ᚻᚪᛚᚠᛈᛖᚾᚾᚣ,466
millstone,1144469,0,ᛗᛁᛚᛚᛋᛏᚩᚾᛖ,463
slackened,1141442,0,ᛋᛚᚪᚳᚳᛖᚾᛖᛞ,501
contrition,1141402,0,ᚳᚩᚾᛏᚱᛁᛏᛡᚾ,345
excrement,1141115,0,ᛖᛉᚳᚱᛖᛗᛖᚾᛏ,431
rearmament,1140453,0,ᚱᛠᚱᛗᚪᛗᛖᚾᛏ,525
forgeries,1139914,0,ᚠᚩᚱᚷᛖᚱᛁᛖᛋ,266
testicles,1139592,0,ᛏᛖᛋᛏᛁᚳᛚᛖᛋ,475
rejections,1139555,0,ᚱᛖᛂᛖᚳᛏᛡᚾᛋ,443
oscillate,1139232,0,ᚩᛋᚳᛁᛚᛚᚪᛏᛖ,473
perforating,1139217,0,ᛈᛖᚱᚠᚩᚱᚪᛏᛝ,376
handcuffs,1138959,0,ᚻᚪᚾᛞᚳᚢᚠᚠᛋ,311
reinsured,1137923,0,ᚱᛖᛁᚾᛋᚢᚱᛖᛞ,361
informers,1136574,0,ᛁᚾᚠᚩᚱᛗᛖᚱᛋ,282
tricuspid,1136253,0,ᛏᚱᛁᚳᚢᛋᛈᛁᛞ,333
entrapped,1135770,0,ᛖᚾᛏᚱᚪᛈᛈᛖᛞ,505
dualistic,1135704,0,ᛞᚢᚪᛚᛁᛋᛏᛁᚳ,449
ironstone,1135214,0,ᛁᚱᚩᚾᛋᛏᚩᚾᛖ,293
confusions,1134950,0,ᚳᚩᚾᚠᚢᛋᛡᚾᛋ,296
josephson,1134516,0,ᛂᚩᛋᛖᛈᚻᛋᚩᚾ,319
saxophone,1133956,0,ᛋᚪᛉᚩᛈᚻᚩᚾᛖ,373
fabricius,1133651,0,ᚠᚪᛒᚱᛁᚳᛁᚢᛋ,302
semicolon,1131124,0,ᛋᛖᛗᛁᚳᚩᛚᚩᚾ,351
draftsmen,1131058,0,ᛞᚱᚪᚠᛏᛋᛗᛖᚾ,478
pilasters,1129650,0,ᛈᛁᛚᚪᛋᛏᛖᚱᛋ,487
quarrelling,1128885,0,ᚳᚹᚪᚱᚱᛖᛚᛚᛝ,443
downloading,1126904,0,ᛞᚩᚹᚾᛚᚩᚪᛞᛝ,489
inversions,1126250,0,ᛁᚾᚢᛖᚱᛋᛡᚾᛋ,383
rhineland,1124689,0,ᚱᚻᛁᚾᛖᛚᚪᚾᛞ,449
bookbinding,1124139,0,ᛒᚩᚩᚳᛒᛁᚾᛞᛝ,377
concocted,1124138,0,ᚳᚩᚾᚳᚩᚳᛏᛖᛞ,297
manliness,1123223,0,ᛗᚪᚾᛚᛁᚾᛖᛋᛋ,503
crankcase,1121212,0,ᚳᚱᚪᚾᚳᚳᚪᛋᛖ,393
presenter,1120255,0,ᛈᚱᛖᛋᛖᚾᛏᛖᚱ,407
bitterest,1119735,0,ᛒᛁᛏᛏᛖᚱᛖᛋᛏ,467
crescendo,1119056,0,ᚳᚱᛖᛋᚳᛖᚾᛞᚩ,349
disparaging,1118920,0,ᛞᛁᛋᛈᚪᚱᚪᚷᛝ,517
agronomic,1118139,0,ᚪᚷᚱᚩᚾᚩᛗᛁᚳ,283
wanderers,1117928,0,ᚹᚪᚾᛞᛖᚱᛖᚱᛋ,443
basements,1117916,0,ᛒᚪᛋᛖᛗᛖᚾᛏᛋ,557
acceptors,1117890,0,ᚪᚳᚳᛖᛈᛏᚩᚱᛋ,363
contingents,1117880,0,ᚳᚩᚾᛏᛝᛖᚾᛏᛋ,395
estimable,1117249,0,ᛖᛋᛏᛁᛗᚪᛒᛚᛖ,579
allocates,1116912,0,ᚪᛚᛚᚩᚳᚪᛏᛖᛋ,539
coalfield,1115863,0,ᚳᚩᚪᛚᚠᛁᛖᛚᛞ,452
decimated,1115735,0,ᛞᛖᚳᛁᛗᚪᛏᛖᛞ,583
sidelines,1115164,0,ᛋᛁᛞᛖᛚᛁᚾᛖᛋ,493
subsidizing,1115143,0,ᛋᚢᛒᛋᛁᛞᛁᛋᛝ,453
illumined,1114945,0,ᛁᛚᛚᚢᛗᛁᚾᛖᛞ,467
studiously,1113920,0,ᛋᛏᚢᛞᛡᚢᛋᛚᚣ,543
nationhood,1113621,0,ᚾᚪᛏᛡᚾᚻᚩᚩᛞ,447
inaudible,1113163,0,ᛁᚾᚪᚢᛞᛁᛒᛚᛖ,481
interfacing,1112930,0,ᛁᚾᛏᛖᚱᚠᚪᚳᛝ,388
tantalizing,1111180,0,ᛏᚪᚾᛏᚪᛚᛁᛋᛝ,577
stipulating,1110160,0,ᛋᛏᛁᛈᚢᛚᚪᛏᛝ,497
evidential,1109758,0,ᛖᚢᛁᛞᛖᚾᛏᛡᛚ,525
drunkards,1109408,0,ᛞᚱᚢᚾᚳᚪᚱᛞᛋ,395
harmonizing,1108544,0,ᚻᚪᚱᛗᚩᚾᛁᛋᛝ,401
limelight,1107105,0,ᛚᛁᛗᛖᛚᛁᚷᚻᛏ,445
pinnacles,1106851,0,ᛈᛁᚾᚾᚪᚳᛚᛖᛋ,435
rehnquist,1104607,0,ᚱᛖᚻᚾᚳᚹᛁᛋᛏ,305
middleman,1104601,0,ᛗᛁᛞᛞᛚᛖᛗᚪᚾ,617
blemishes,1104562,0,ᛒᛚᛖᛗᛁᛋᚻᛖᛋ,499
brightening,1104547,0,ᛒᚱᛁᚷᚻᛏᛖᚾᛝ,377
piecewise,1103739,0,ᛈᛁᛖᚳᛖᚹᛁᛋᛖ,391
ammonites,1103045,0,ᚪᛗᛗᚩᚾᛁᛏᛖᛋ,485
morphemes,1102388,0,ᛗᚩᚱᛈᚻᛖᛗᛖᛋ,413
millennial,1101491,0,ᛗᛁᛚᛚᛖᚾᚾᛡᛚ,553
inflected,1100632,0,ᛁᚾᚠᛚᛖᚳᛏᛖᛞ,430
bulgarians,1100068,0,ᛒᚢᛚᚷᚪᚱᛡᚾᛋ,451
pertained,1099781,0,ᛈᛖᚱᛏᚪᛁᚾᛖᛞ,493
caliphate,1099187,0,ᚳᚪᛚᛁᛈᚻᚪᛏᛖ,503
encrusted,1098834,0,ᛖᚾᚳᚱᚢᛋᛏᛖᛞ,391
embroiled,1098076,0,ᛖᛗᛒᚱᚩᛁᛚᛖᛞ,477
silicosis,1095961,0,ᛋᛁᛚᛁᚳᚩᛋᛁᛋ,345
summarise,1094861,0,ᛋᚢᛗᛗᚪᚱᛁᛋᛖ,457
barbarity,1094735,0,ᛒᚪᚱᛒᚪᚱᛁᛏᚣ,531
columella,1094687,0,ᚳᚩᛚᚢᛗᛖᛚᛚᚪ,477
despaired,1094135,0,ᛞᛖᛋᛈᚪᛁᚱᛖᛞ,547
inclement,1094017,0,ᛁᚾᚳᛚᛖᛗᛖᚾᛏ,439
norwegians,1093196,0,ᚾᚩᚱᚹᛖᚷᛡᚾᛋ,339
colossians,1092614,0,ᚳᚩᛚᚩᛋᛋᛡᚾᛋ,395
toothpaste,1091947,0,ᛏᚩᚩᚦᛈᚪᛋᛏᛖ,397
displaces,1091901,0,ᛞᛁᛋᛈᛚᚪᚳᛖᛋ,519
pretenses,1091494,0,ᛈᚱᛖᛏᛖᚾᛋᛖᛋ,449
undamaged,1091314,0,ᚢᚾᛞᚪᛗᚪᚷᛖᛞ,559
scheduler,1091195,0,ᛋᚳᚻᛖᛞᚢᛚᛖᚱ,399
clambered,1090443,0,ᚳᛚᚪᛗᛒᛖᚱᛖᛞ,549
merrimack,1088691,0,ᛗᛖᚱᚱᛁᛗᚪᚳᚳ,385
carruthers,1088672,0,ᚳᚪᚱᚱᚢᚦᛖᚱᛋ,271
switchgear,1088542,0,ᛋᚹᛁᛏᚳᚻᚷᛠᚱ,335
convulsed,1088378,0,ᚳᚩᚾᚢᚢᛚᛋᛖᛞ,337
glistened,1088176,0,ᚷᛚᛁᛋᛏᛖᚾᛖᛞ,485
exothermic,1088089,0,ᛖᛉᚩᚦᛖᚱᛗᛁᚳ,319
overheated,1087424,0,ᚩᚢᛖᚱᚻᛠᛏᛖᛞ,435
fluorspar,1087216,0,ᚠᛚᚢᚩᚱᛋᛈᚪᚱ,300
surrealism,1086316,0,ᛋᚢᚱᚱᛠᛚᛁᛋᛗ,415
granuloma,1086130,0,ᚷᚱᚪᚾᚢᛚᚩᛗᚪ,405
fortescue,1085065,0,ᚠᚩᚱᛏᛖᛋᚳᚢᛖ,282
soliloquy,1084401,0,ᛋᚩᛚᛁᛚᚩᚳᚹᚣ,379
nonmember,1083744,0,ᚾᚩᚾᛗᛖᛗᛒᛖᚱ,413
morgenthau,1083705,0,ᛗᚩᚱᚷᛖᚾᚦᚪᚢ,307
adsorbent,1082994,0,ᚪᛞᛋᚩᚱᛒᛖᚾᛏ,473
profanity,1082866,0,ᛈᚱᚩᚠᚪᚾᛁᛏᚣ,382
arsenical,1082842,0,ᚪᚱᛋᛖᚾᛁᚳᚪᛚ,471
dolomitic,1082838,0,ᛞᚩᛚᚩᛗᛁᛏᛁᚳ,381
cognitions,1082355,0,ᚳᚩᚷᚾᛁᛏᛡᚾᛋ,345
reassigned,1082073,0,ᚱᛠᛋᛋᛁᚷᚾᛖᛞ,459
aimlessly,1081546,0,ᚪᛁᛗᛚᛖᛋᛋᛚᚣ,621
subdivide,1081506,0,ᛋᚢᛒᛞᛁᚢᛁᛞᛖ,427
subduction,1081393,0,ᛋᚢᛒᛞᚢᚳᛏᛡᚾ,417
blackpool,1081364,0,ᛒᛚᚪᚳᚳᛈᚩᚩᛚ,387
moralists,1080981,0,ᛗᚩᚱᚪᛚᛁᛋᛏᛋ,455
isopropyl,1080739,0,ᛁᛋᚩᛈᚱᚩᛈᚣᛚ,371
launchers,1079966,0,ᛚᚪᚢᚾᚳᚻᛖᚱᛋ,369
replicating,1079812,0,ᚱᛖᛈᛚᛁᚳᚪᛏᛝ,473
salvatore,1077812,0,ᛋᚪᛚᚢᚪᛏᚩᚱᛖ,467
vermillion,1077784,0,ᚢᛖᚱᛗᛁᛚᛚᛡᚾ,465
apportioning,1077652,0,ᚪᛈᛈᚩᚱᛏᛡᚾᛝ,475
hardwicke,1077339,0,ᚻᚪᚱᛞᚹᛁᚳᚳᛖ,363
denudation,1077246,0,ᛞᛖᚾᚢᛞᚪᛏᛡᚾ,569
resurfacing,1077035,0,ᚱᛖᛋᚢᚱᚠᚪᚳᛝ,336
evolutions,1076595,0,ᛖᚢᚩᛚᚢᛏᛡᚾᛋ,401
germplasm,1076401,0,ᚷᛖᚱᛗᛈᛚᚪᛋᛗ,503
vasomotor,1076143,0,ᚢᚪᛋᚩᛗᚩᛏᚩᚱ,315
dignities,1075583,0,ᛞᛁᚷᚾᛁᛏᛁᛖᛋ,407
androgens,1075450,0,ᚪᚾᛞᚱᚩᚷᛖᚾᛋ,399
bankrupts,1075082,0,ᛒᚪᚾᚳᚱᚢᛈᛏᛋ,369
distantly,1074503,0,ᛞᛁᛋᛏᚪᚾᛏᛚᚣ,593
mesentery,1073072,0,ᛗᛖᛋᛖᚾᛏᛖᚱᚣ,527
apposition,1072608,0,ᚪᛈᛈᚩᛋᛁᛏᛡᚾ,469
steinbeck,1072227,0,ᛋᛏᛖᛁᚾᛒᛖᚳᚳ,393
addictions,1072005,0,ᚪᛞᛞᛁᚳᛏᛡᚾᛋ,567
hemophilia,1071804,0,ᚻᛖᛗᚩᛈᚻᛁᛚᛡ,445
anopheles,1071345,0,ᚪᚾᚩᛈᚻᛖᛚᛖᛋ,459
paroxysms,1071238,0,ᛈᚪᚱᚩᛉᚣᛋᛗᛋ,485
hargreaves,1071127,0,ᚻᚪᚱᚷᚱᛠᚢᛖᛋ,391
septicemia,1069679,0,ᛋᛖᛈᛏᛁᚳᛖᛗᛡ,511
diffusive,1069061,0,ᛞᛁᚠᚠᚢᛋᛁᚢᛖ,281
concavity,1068894,0,ᚳᚩᚾᚳᚪᚢᛁᛏᚣ,355
worthiness,1067085,0,ᚹᚩᚱᚦᛁᚾᛖᛋᛋ,275
enfeebled,1065476,0,ᛖᚾᚠᛖᛖᛒᛚᛖᛞ,522
mendocino,1064652,0,ᛗᛖᚾᛞᚩᚳᛁᚾᚩ,343
organiser,1064328,0,ᚩᚱᚷᚪᚾᛁᛋᛖᚱ,323
eradicating,1064213,0,ᛖᚱᚪᛞᛁᚳᚪᛏᛝ,543
chittagong,1064197,0,ᚳᚻᛁᛏᛏᚪᚷᚩᛝ,385
ukrainians,1063671,0,ᚢᚳᚱᚪᛁᚾᛡᚾᛋ,373
sterilizing,1063596,0,ᛋᛏᛖᚱᛁᛚᛁᛋᛝ,457
clockwork,1063299,0,ᚳᛚᚩᚳᚳᚹᚩᚱᚳ,169
guitarist,1063051,0,ᚷᚢᛁᛏᚪᚱᛁᛋᛏ,361
frugality,1061843,0,ᚠᚱᚢᚷᚪᛚᛁᛏᚣ,396
arrhenius,1061464,0,ᚪᚱᚱᚻᛖᚾᛁᚢᛋ,325
brimstone,1061462,0,ᛒᚱᛁᛗᛋᛏᚩᚾᛖ,389
australis,1059147,0,ᚪᚢᛋᛏᚱᚪᛚᛁᛋ,477
exemplars,1059137,0,ᛖᛉᛖᛗᛈᛚᚪᚱᛋ,529
michelson,1058843,0,ᛗᛁᚳᚻᛖᛚᛋᚩᚾ,367
keyboards,1058724,0,ᚳᛖᚣᛒᚩᚪᚱᛞᛋ,501
calibrating,1058662,0,ᚳᚪᛚᛁᛒᚱᚪᛏᛝ,521
normalize,1058147,0,ᚾᚩᚱᛗᚪᛚᛁᛋᛖ,439
lamination,1058080,0,ᛚᚪᛗᛁᚾᚪᛏᛡᚾ,593
liposomes,1057899,0,ᛚᛁᛈᚩᛋᚩᛗᛖᛋ,405
sedatives,1057368,0,ᛋᛖᛞᚪᛏᛁᚢᛖᛋ,519
symbolizing,1056827,0,ᛋᚣᛗᛒᚩᛚᛁᛋᛝ,531
bernhardt,1055739,0,ᛒᛖᚱᚾᚻᚪᚱᛞᛏ,447
arterioles,1055724,0,ᚪᚱᛏᛖᚱᛡᛚᛖᛋ,545
undiluted,1055564,0,ᚢᚾᛞᛁᛚᚢᛏᛖᛞ,443
romantics,1055227,0,ᚱᚩᛗᚪᚾᛏᛁᚳᛋ,371
wasserman,1053526,0,ᚹᚪᛋᛋᛖᚱᛗᚪᚾ,497
questioner,1052558,0,ᚳᚹᛖᛋᛏᛡᚾᛖᚱ,425
aromatics,1052458,0,ᚪᚱᚩᛗᚪᛏᛁᚳᛋ,439
angioplasty,1051306,0,ᚪᛝᛡᛈᛚᚪᛋᛏᚣ,711
guillermo,1050842,0,ᚷᚢᛁᛚᛚᛖᚱᛗᚩ,353
embattled,1050722,0,ᛖᛗᛒᚪᛏᛏᛚᛖᛞ,643
bewitched,1050414,0,ᛒᛖᚹᛁᛏᚳᚻᛖᛞ,429
antifungal,1049720,0,ᚪᚾᛏᛁᚠᚢᛝᚪᛚ,470
drugstore,1049545,0,ᛞᚱᚢᚷᛋᛏᚩᚱᛖ,317
alcibiades,1047663,0,ᚪᛚᚳᛁᛒᛡᛞᛖᛋ,591
concubine,1047574,0,ᚳᚩᚾᚳᚢᛒᛁᚾᛖ,253
sinhalese,1046848,0,ᛋᛁᚾᚻᚪᛚᛖᛋᛖ,493
garnished,1046219,0,ᚷᚪᚱᚾᛁᛋᚻᛖᛞ,417
lodgepole,1044146,0,ᛚᚩᛞᚷᛖᛈᚩᛚᛖ,443
sauntered,1044023,0,ᛋᚪᚢᚾᛏᛖᚱᛖᛞ,475
gravesend,1043799,0,ᚷᚱᚪᚢᛖᛋᛖᚾᛞ,433
prototyping,1043618,0,ᛈᚱᚩᛏᚩᛏᚣᛈᛝ,411
underfoot,1042005,0,ᚢᚾᛞᛖᚱᚠᚩᚩᛏ,274
transpose,1041682,0,ᛏᚱᚪᚾᛋᛈᚩᛋᛖ,419
virginians,1039598,0,ᚢᛁᚱᚷᛁᚾᛡᚾᛋ,311
assistive,1039418,0,ᚪᛋᛋᛁᛋᛏᛁᚢᛖ,447
blatantly,1038965,0,ᛒᛚᚪᛏᚪᚾᛏᛚᚣ,651
fatherless,1038377,0,ᚠᚪᚦᛖᚱᛚᛖᛋᛋ,428
boatswain,1037895,0,ᛒᚩᚪᛏᛋᚹᚪᛁᚾ,453
nightgown,1037124,0,ᚾᛁᚷᚻᛏᚷᚩᚹᚾ,231
workpeople,1034737,0,ᚹᚩᚱᚳᛈᛇᛈᛚᛖ,317
tipperary,1034404,0,ᛏᛁᛈᛈᛖᚱᚪᚱᚣ,465
firepower,1031831,0,ᚠᛁᚱᛖᛈᚩᚹᛖᚱ,258
elucidating,1031071,0,ᛖᛚᚢᚳᛁᛞᚪᛏᛝ,511
thiocyanate,1029090,0,ᚦᛡᚳᚣᚪᚾᚪᛏᛖ,577
westbound,1028568,0,ᚹᛖᛋᛏᛒᚩᚢᚾᛞ,387
intercede,1027954,0,ᛁᚾᛏᛖᚱᚳᛖᛞᛖ,433
monoamine,1025718,0,ᛗᚩᚾᚩᚪᛗᛁᚾᛖ,409
galapagos,1025409,0,ᚷᚪᛚᚪᛈᚪᚷᚩᛋ,501
pastorate,1023929,0,ᛈᚪᛋᛏᚩᚱᚪᛏᛖ,493
sinusitis,1022991,0,ᛋᛁᚾᚢᛋᛁᛏᛁᛋ,343
scavengers,1022485,0,ᛋᚳᚪᚢᛖᛝᛖᚱᛋ,443
unbleached,1022419,0,ᚢᚾᛒᛚᛠᚳᚻᛖᛞ,467
medallions,1022357,0,ᛗᛖᛞᚪᛚᛚᛡᚾᛋ,659
canneries,1022151,0,ᚳᚪᚾᚾᛖᚱᛁᛖᛋ,397
toothbrush,1021007,0,ᛏᚩᚩᚦᛒᚱᚢᛋᚻ,229
denounces,1020767,0,ᛞᛖᚾᚩᚢᚾᚳᛖᛋ,357
stockpiling,1019222,0,ᛋᛏᚩᚳᚳᛈᛁᛚᛝ,371
symphysis,1019143,0,ᛋᚣᛗᛈᚻᚣᛋᛁᛋ,533
metaphase,1018449,0,ᛗᛖᛏᚪᛈᚻᚪᛋᛖ,577
cantonese,1018358,0,ᚳᚪᚾᛏᚩᚾᛖᛋᛖ,421
unknowingly,1018039,0,ᚢᚾᚳᚾᚩᚹᛝᛚᚣ,355
preserver,1016907,0,ᛈᚱᛖᛋᛖᚱᚢᛖᚱ,333
inducible,1016306,0,ᛁᚾᛞᚢᚳᛁᛒᛚᛖ,397
escalator,1016051,0,ᛖᛋᚳᚪᛚᚪᛏᚩᚱ,477
guesswork,1015952,0,ᚷᚢᛖᛋᛋᚹᚩᚱᚳ,243
factually,1014509,0,ᚠᚪᚳᛏᚢᚪᛚᛚᚣ,520
culminate,1013636,0,ᚳᚢᛚᛗᛁᚾᚪᛏᛖ,443
bureaucrat,1013189,0,ᛒᚢᚱᛠᚢᚳᚱᚪᛏ,367
overgrowth,1013021,0,ᚩᚢᛖᚱᚷᚱᚩᚹᚦ,147
commissar,1012912,0,ᚳᚩᛗᛗᛁᛋᛋᚪᚱ,407
safekeeping,1012652,0,ᛋᚪᚠᛖᚳᛖᛖᛈᛝ,488
overhauling,1012360,0,ᚩᚢᛖᚱᚻᚪᚢᛚᛝ,363
scrapbook,1011941,0,ᛋᚳᚱᚪᛈᛒᚩᚩᚳ,305
legislating,1011687,0,ᛚᛖᚷᛁᛋᛚᚪᛏᛝ,549
bookshelf,1011593,0,ᛒᚩᚩᚳᛋᚻᛖᛚᚠ,306
crosswise,1011195,0,ᚳᚱᚩᛋᛋᚹᛁᛋᛖ,307
approvingly,1009718,0,ᚪᛈᛈᚱᚩᚢᛝᛚᚣ,459
panegyric,1008698,0,ᛈᚪᚾᛖᚷᚣᚱᛁᚳ,411
surrealist,1008071,0,ᛋᚢᚱᚱᛠᛚᛁᛋᛏ,403
referents,1007607,0,ᚱᛖᚠᛖᚱᛖᚾᛏᛋ,366
megawatts,1005981,0,ᛗᛖᚷᚪᚹᚪᛏᛏᛋ,539
attainder,1005099,0,ᚪᛏᛏᚪᛁᚾᛞᛖᚱ,539
amphibole,1004369,0,ᚪᛗᛈᚻᛁᛒᚩᛚᛖ,473
appressed,1004286,0,ᚪᛈᛈᚱᛖᛋᛋᛖᛞ,523
colonnade,1003915,0,ᚳᚩᛚᚩᚾᚾᚪᛞᛖ,411
milligram,1003143,0,ᛗᛁᛚᛚᛁᚷᚱᚪᛗ,475
allergens,1003049,0,ᚪᛚᛚᛖᚱᚷᛖᚾᛋ,487
geriatrics,1002947,0,ᚷᛖᚱᛡᛏᚱᛁᚳᛋ,369
repairers,1002461,0,ᚱᛖᛈᚪᛁᚱᛖᚱᛋ,391
debarment,1001703,0,ᛞᛖᛒᚪᚱᛗᛖᚾᛏ,551
autopsies,1001462,0,ᚪᚢᛏᚩᛈᛋᛁᛖᛋ,413
brazilians,1001384,0,ᛒᚱᚪᛋᛁᛚᛡᚾᛋ,515
platonism,999398,0,ᛈᛚᚪᛏᚩᚾᛁᛋᛗ,463
delusional,998149,0,ᛞᛖᛚᚢᛋᛡᚾᚪᛚ,591
surgeries,997618,0,ᛋᚢᚱᚷᛖᚱᛁᛖᛋ,313
rationales,997406,0,ᚱᚪᛏᛡᚾᚪᛚᛖᛋ,593
butchered,997266,0,ᛒᚢᛏᚳᚻᛖᚱᛖᛞ,393
absentees,997025,0,ᚪᛒᛋᛖᚾᛏᛖᛖᛋ,553
universes,996933,0,ᚢᚾᛁᚢᛖᚱᛋᛖᛋ,317
cattlemen,996569,0,ᚳᚪᛏᛏᛚᛖᛗᛖᚾ,535
ointments,996501,0,ᚩᛁᚾᛏᛗᛖᚾᛏᛋ,405
watchword,995959,0,ᚹᚪᛏᚳᚻᚹᚩᚱᛞ,337
arrowheads,995868,0,ᚪᚱᚱᚩᚹᚻᛠᛞᛋ,419
premisses,995663,0,ᛈᚱᛖᛗᛁᛋᛋᛖᛋ,449
cistercian,994502,0,ᚳᛁᛋᛏᛖᚱᚳᛡᚾ,383
domineering,993234,0,ᛞᚩᛗᛁᚾᛖᛖᚱᛝ,451
oldenburg,991866,0,ᚩᛚᛞᛖᚾᛒᚢᚱᚷ,357
patristic,991459,0,ᛈᚪᛏᚱᛁᛋᛏᛁᚳ,397
assembles,991185,0,ᚪᛋᛋᛖᛗᛒᛚᛖᛋ,595
supernova,990854,0,ᛋᚢᛈᛖᚱᚾᚩᚢᚪ,313
persecuting,989875,0,ᛈᛖᚱᛋᛖᚳᚢᛏᛝ,395
lakeshore,989503,0,ᛚᚪᚳᛖᛋᚻᚩᚱᛖ,411
tricyclic,989125,0,ᛏᚱᛁᚳᚣᚳᛚᛁᚳ,347
disrepute,988774,0,ᛞᛁᛋᚱᛖᛈᚢᛏᛖ,423
undertone,988762,0,ᚢᚾᛞᛖᚱᛏᚩᚾᛖ,361
castrated,988304,0,ᚳᚪᛋᛏᚱᚪᛏᛖᛞ,545
impassive,987974,0,ᛁᛗᛈᚪᛋᛋᛁᚢᛖ,449
nutriment,987571,0,ᚾᚢᛏᚱᛁᛗᛖᚾᛏ,359
immortals,987243,0,ᛁᛗᛗᚩᚱᛏᚪᛚᛋ,473
operculum,987095,0,ᚩᛈᛖᚱᚳᚢᛚᚢᛗ,291
entranced,985736,0,ᛖᚾᛏᚱᚪᚾᚳᛖᛞ,461
exhalation,985288,0,ᛖᛉᚻᚪᛚᚪᛏᛡᚾ,599
hemiplegia,983480,0,ᚻᛖᛗᛁᛈᛚᛖᚷᛡ,499
pineapples,982965,0,ᛈᛁᚾᛠᛈᛈᛚᛖᛋ,491
headphones,982908,0,ᚻᛠᛞᛈᚻᚩᚾᛖᛋ,443
emolument,982544,0,ᛖᛗᚩᛚᚢᛗᛖᚾᛏ,447
daugherty,981250,0,ᛞᚪᚢᚷᚻᛖᚱᛏᚣ,469
aqueducts,981144,0,ᚪᚳᚹᛖᛞᚢᚳᛏᛋ,413
lumberman,980317,0,ᛚᚢᛗᛒᛖᚱᛗᚪᚾ,483
tardiness,979551,0,ᛏᚪᚱᛞᛁᚾᛖᛋᛋ,489
initialize,979133,0,ᛁᚾᛁᛏᛡᛚᛁᛋᛖ,481
pagination,978934,0,ᛈᚪᚷᛁᚾᚪᛏᛡᚾ,509
laughable,978854,0,ᛚᚪᚢᚷᚻᚪᛒᛚᛖ,511
campsites,977617,0,ᚳᚪᛗᛈᛋᛁᛏᛖᛋ,487
gutenberg,977174,0,ᚷᚢᛏᛖᚾᛒᛖᚱᚷ,331
pettigrew,977139,0,ᛈᛖᛏᛏᛁᚷᚱᛖᚹ,373
sideboard,976482,0,ᛋᛁᛞᛖᛒᚩᚪᚱᛞ,505
snodgrass,976071,0,ᛋᚾᚩᛞᚷᚱᚪᛋᛋ,409
orientals,975545,0,ᚩᚱᛁᛖᚾᛏᚪᛚᛋ,427
economize,973930,0,ᛖᚳᚩᚾᚩᛗᛁᛋᛖ,345
lacerated,973448,0,ᛚᚪᚳᛖᚱᚪᛏᛖᛞ,573
insinuate,972999,0,ᛁᚾᛋᛁᚾᚢᚪᛏᛖ,399
cosponsor,971322,0,ᚳᚩᛋᛈᚩᚾᛋᚩᚱ,223
unfitness,969923,0,ᚢᚾᚠᛁᛏᚾᛖᛋᛋ,326
trumpeter,969864,0,ᛏᚱᚢᛗᛈᛖᛏᛖᚱ,391
dirichlet,969660,0,ᛞᛁᚱᛁᚳᚻᛚᛖᛏ,397
aquitaine,969533,0,ᚪᚳᚹᛁᛏᚪᛁᚾᛖ,443
flowchart,968132,0,ᚠᛚᚩᚹᚳᚻᚪᚱᛏ,304
ominously,967354,0,ᚩᛗᛁᚾᚩᚢᛋᛚᚣ,377
reserpine,966767,0,ᚱᛖᛋᛖᚱᛈᛁᚾᛖ,379
interbank,965616,0,ᛁᚾᛏᛖᚱᛒᚪᚾᚳ,397
manchurian,965477,0,ᛗᚪᚾᚳᚻᚢᚱᛡᚾ,383
alphabets,964509,0,ᚪᛚᛈᚻᚪᛒᛖᛏᛋ,573
paleolithic,964283,0,ᛈᚪᛚᛇᛚᛁᚦᛁᚳ,407
hypoplasia,964267,0,ᚻᚣᛈᚩᛈᛚᚪᛋᛡ,549
apologizing,964011,0,ᚪᛈᚩᛚᚩᚷᛁᛋᛝ,407
reenacted,963762,0,ᚱᛖᛖᚾᚪᚳᛏᛖᛞ,499
realizable,963188,0,ᚱᛠᛚᛁᛋᚪᛒᛚᛖ,575
stairwell,962620,0,ᛋᛏᚪᛁᚱᚹᛖᛚᛚ,483
checkered,960954,0,ᚳᚻᛖᚳᚳᛖᚱᛖᛞ,363
orthoclase,960824,0,ᚩᚱᚦᚩᚳᛚᚪᛋᛖ,333
lowermost,960062,0,ᛚᚩᚹᛖᚱᛗᚩᛋᛏ,367
reexamine,959731,0,ᚱᛖᛖᛉᚪᛗᛁᚾᛖ,487
quantized,959546,0,ᚳᚹᚪᚾᛏᛁᛋᛖᛞ,457
belatedly,957489,0,ᛒᛖᛚᚪᛏᛖᛞᛚᚣ,689
equalizer,957104,0,ᛖᚳᚹᚪᛚᛁᛋᛖᚱ,431
whitewash,956908,0,ᚹᚻᛁᛏᛖᚹᚪᛋᚻ,391
flavoured,956652,0,ᚠᛚᚪᚢᚩᚢᚱᛖᛞ,352
pedagogic,956308,0,ᛈᛖᛞᚪᚷᚩᚷᛁᚳ,381
chaparral,956307,0,ᚳᚻᚪᛈᚪᚱᚱᚪᛚ,465
workloads,956151,0,ᚹᚩᚱᚳᛚᚩᚪᛞᛋ,369
prostheses,955486,0,ᛈᚱᚩᛋᚦᛖᛋᛖᛋ,359
evangeline,954986,0,ᛖᚢᚪᛝᛖᛚᛁᚾᛖ,513
tablecloth,954980,0,ᛏᚪᛒᛚᛖᚳᛚᚩᚦ,455
corneille,954500,0,ᚳᚩᚱᚾᛖᛁᛚᛚᛖ,371
survivals,954339,0,ᛋᚢᚱᚢᛁᚢᚪᛚᛋ,327
pedestals,953881,0,ᛈᛖᛞᛖᛋᛏᚪᛚᛋ,601
disdained,952781,0,ᛞᛁᛋᛞᚪᛁᚾᛖᛞ,575
optionally,952633,0,ᚩᛈᛏᛡᚾᚪᛚᛚᚣ,591
londoners,952002,0,ᛚᚩᚾᛞᚩᚾᛖᚱᛋ,365
sophistry,951656,0,ᛋᚩᛈᚻᛁᛋᛏᚱᚣ,383
watermark,951281,0,ᚹᚪᛏᛖᚱᛗᚪᚱᚳ,445
emanations,951270,0,ᛖᛗᚪᚾᚪᛏᛡᚾᛋ,609
coriolanus,950748,0,ᚳᚩᚱᛡᛚᚪᚾᚢᛋ,393
porphyrin,950261,0,ᛈᚩᚱᛈᚻᚣᚱᛁᚾ,301
coalesced,949554,0,ᚳᚩᚪᛚᛖᛋᚳᛖᛞ,479
altimeter,948674,0,ᚪᛚᛏᛁᛗᛖᛏᛖᚱ,535
inquirers,948210,0,ᛁᚾᚳᚹᛁᚱᛖᚱᛋ,265
hyperbole,948005,0,ᚻᚣᛈᛖᚱᛒᚩᛚᛖ,455
ulcerated,947504,0,ᚢᛚᚳᛖᚱᚪᛏᛖᛞ,479
cameraman,946809,0,ᚳᚪᛗᛖᚱᚪᛗᚪᚾ,553
conundrum,946350,0,ᚳᚩᚾᚢᚾᛞᚱᚢᛗ,255
tiredness,944141,0,ᛏᛁᚱᛖᛞᚾᛖᛋᛋ,459
improvise,944025,0,ᛁᛗᛈᚱᚩᚢᛁᛋᛖ,317
metrology,943806,0,ᛗᛖᛏᚱᚩᛚᚩᚷᚣ,415
retardant,943644,0,ᚱᛖᛏᚪᚱᛞᚪᚾᛏ,519
abhorrent,943249,0,ᚪᛒᚻᚩᚱᚱᛖᚾᛏ,365
sympathise,942986,0,ᛋᚣᛗᛈᚪᚦᛁᛋᛖ,523
mightiest,942729,0,ᛗᛁᚷᚻᛏᛁᛖᛋᛏ,411
declension,941738,0,ᛞᛖᚳᛚᛖᚾᛋᛡᚾ,527
bulldozer,941585,0,ᛒᚢᛚᛚᛞᚩᛋᛖᚱ,437
stonehenge,940026,0,ᛋᛏᚩᚾᛖᚻᛖᛝᛖ,451
scotchman,940026,0,ᛋᚳᚩᛏᚳᚻᛗᚪᚾ,365
malignity,939578,0,ᛗᚪᛚᛁᚷᚾᛁᛏᚣ,511
irritants,939374,0,ᛁᚱᚱᛁᛏᚪᚾᛏᛋ,381
tenancies,938046,0,ᛏᛖᚾᚪᚾᚳᛁᛖᛋ,445
sunnyvale,937442,0,ᛋᚢᚾᚾᚣᚢᚪᛚᛖ,457
unlabeled,936873,0,ᚢᚾᛚᚪᛒᛖᛚᛖᛞ,559
leftovers,936275,0,ᛚᛖᚠᛏᚩᚢᛖᚱᛋ,342
subverted,934930,0,ᛋᚢᛒᚢᛖᚱᛏᛖᛞ,413
mystified,934340,0,ᛗᚣᛋᛏᛁᚠᛁᛖᛞ,506
keratitis,933916,0,ᚳᛖᚱᚪᛏᛁᛏᛁᛋ,421
obliquity,933633,0,ᚩᛒᛚᛁᚳᚹᛁᛏᚣ,397
menagerie,932212,0,ᛗᛖᚾᚪᚷᛖᚱᛁᛖ,457
ratcliffe,931788,0,ᚱᚪᛏᚳᛚᛁᚠᚠᛖ,355
partakers,931678,0,ᛈᚪᚱᛏᚪᚳᛖᚱᛋ,451
vagabonds,930689,0,ᚢᚪᚷᚪᛒᚩᚾᛞᛋ,453
remissions,930365,0,ᚱᛖᛗᛁᛋᛋᛡᚾᛋ,475
emendation,930094,0,ᛖᛗᛖᚾᛞᚪᛏᛡᚾ,615
summonses,929239,0,ᛋᚢᛗᛗᚩᚾᛋᛖᛋ,407
unbelieving,928708,0,ᚢᚾᛒᛖᛚᛁᛖᚢᛝ,413
ptolemaic,928167,0,ᛈᛏᚩᛚᛖᛗᚪᛁᚳ,461
greenbelt,928016,0,ᚷᚱᛖᛖᚾᛒᛖᛚᛏ,451
hallmarks,927618,0,ᚻᚪᛚᛚᛗᚪᚱᚳᛋ,511
marblehead,927493,0,ᛗᚪᚱᛒᛚᛖᚻᛠᛞ,601
maccabees,927015,0,ᛗᚪᚳᚳᚪᛒᛖᛖᛋ,539
parsimony,926982,0,ᛈᚪᚱᛋᛁᛗᚩᚾᚣ,445
belvedere,926719,0,ᛒᛖᛚᚢᛖᛞᛖᚱᛖ,505
presbyter,926524,0,ᛈᚱᛖᛋᛒᚣᛏᛖᚱ,475
pyrometer,926156,0,ᛈᚣᚱᚩᛗᛖᛏᛖᚱ,439
catacombs,924529,0,ᚳᚪᛏᚪᚳᚩᛗᛒᛋ,471
flustered,924457,0,ᚠᛚᚢᛋᛏᛖᚱᛖᛞ,424
climactic,924005,0,ᚳᛚᛁᛗᚪᚳᛏᛁᚳ,401
looseness,922870,0,ᛚᚩᚩᛋᛖᚾᛖᛋᛋ,409
stoppered,922839,0,ᛋᛏᚩᛈᛈᛖᚱᛖᛞ,439
cockroach,922181,0,ᚳᚩᚳᚳᚱᚩᚪᚳᚻ,197
smouldering,922145,0,ᛋᛗᚩᚢᛚᛞᛖᚱᛝ,453
capricorn,921779,0,ᚳᚪᛈᚱᛁᚳᚩᚱᚾ,255
truckload,921636,0,ᛏᚱᚢᚳᚳᛚᚩᚪᛞ,365
dauntless,921446,0,ᛞᚪᚢᚾᛏᛚᛖᛋᛋ,523
flirtation,921337,0,ᚠᛚᛁᚱᛏᚪᛏᛡᚾ,468
imposture,921323,0,ᛁᛗᛈᚩᛋᛏᚢᚱᛖ,345
patentees,920521,0,ᛈᚪᛏᛖᚾᛏᛖᛖᛋ,541
nicodemus,919999,0,ᚾᛁᚳᚩᛞᛖᛗᚢᛋ,363
asterisks,919517,0,ᚪᛋᛏᛖᚱᛁᛋᚳᛋ,437
victorians,919371,0,ᚢᛁᚳᛏᚩᚱᛡᚾᛋ,313
spillover,919285,0,ᛋᛈᛁᛚᛚᚩᚢᛖᚱ,361
rightness,919245,0,ᚱᛁᚷᚻᛏᚾᛖᛋᛋ,343
programed,918464,0,ᛈᚱᚩᚷᚱᚪᛗᛖᛞ,413
blockaded,917850,0,ᛒᛚᚩᚳᚳᚪᛞᛖᛞ,509
snowstorm,917833,0,ᛋᚾᚩᚹᛋᛏᚩᚱᛗ,309
wolverine,917681,0,ᚹᚩᛚᚢᛖᚱᛁᚾᛖ,307
excerpted,917585,0,ᛖᛉᚳᛖᚱᛈᛏᛖᛞ,463
varicella,916656,0,ᚢᚪᚱᛁᚳᛖᛚᛚᚪ,465
tenderest,916577,0,ᛏᛖᚾᛞᛖᚱᛖᛋᛏ,501
pupillary,916203,0,ᛈᚢᛈᛁᛚᛚᚪᚱᚣ,477
insincere,913397,0,ᛁᚾᛋᛁᚾᚳᛖᚱᛖ,331
canaanite,913192,0,ᚳᚪᚾᚪᚪᚾᛁᛏᛖ,519
riverbank,913146,0,ᚱᛁᚢᛖᚱᛒᚪᚾᚳ,323
excavator,912833,0,ᛖᛉᚳᚪᚢᚪᛏᚩᚱ,401
aphorisms,912338,0,ᚪᛈᚻᚩᚱᛁᛋᛗᛋ,389
patrolled,912333,0,ᛈᚪᛏᚱᚩᛚᛚᛖᛞ,519
abyssinian,911634,0,ᚪᛒᚣᛋᛋᛁᚾᛡᚾ,563
stonework,911166,0,ᛋᛏᚩᚾᛖᚹᚩᚱᚳ,265
languished,911063,0,ᛚᚪᛝᚢᛁᛋᚻᛖᛞ,515
thunderous,909916,0,ᚦᚢᚾᛞᛖᚱᚩᚢᛋ,267
obsessions,909576,0,ᚩᛒᛋᛖᛋᛋᛡᚾᛋ,483
nontrivial,909227,0,ᚾᚩᚾᛏᚱᛁᚢᛡᛚ,349
firelight,907980,0,ᚠᛁᚱᛖᛚᛁᚷᚻᛏ,314
cannibals,906521,0,ᚳᚪᚾᚾᛁᛒᚪᛚᛋ,483
diachronic,906269,0,ᛞᛡᚳᚻᚱᚩᚾᛁᚳ,323
turpitude,904712,0,ᛏᚢᚱᛈᛁᛏᚢᛞᛖ,365
induration,904429,0,ᛁᚾᛞᚢᚱᚪᛏᛡᚾ,455
officiated,903942,0,ᚩᚠᚠᛁᚳᛡᛏᛖᛞ,377
trivalent,903867,0,ᛏᚱᛁᚢᚪᛚᛖᚾᛏ,429
brandishing,903563,0,ᛒᚱᚪᚾᛞᛁᛋᚻᛝ,473
chastised,903231,0,ᚳᚻᚪᛋᛏᛁᛋᛖᛞ,485
marvelled,902723,0,ᛗᚪᚱᚢᛖᛚᛚᛖᛞ,551
dramatize,902078,0,ᛞᚱᚪᛗᚪᛏᛁᛋᛖ,575
decisional,901319,0,ᛞᛖᚳᛁᛋᛡᚾᚪᛚ,559
roadsides,900690,0,ᚱᚩᚪᛞᛋᛁᛞᛖᛋ,497
disparage,899941,0,ᛞᛁᛋᛈᚪᚱᚪᚷᛖ,505
jeopardizing,898699,0,ᛂᛇᛈᚪᚱᛞᛁᛋᛝ,481
reiterating,897997,0,ᚱᛖᛁᛏᛖᚱᚪᛏᛝ,481
southerner,897067,0,ᛋᚩᚢᚦᛖᚱᚾᛖᚱ,253
certitude,897011,0,ᚳᛖᚱᛏᛁᛏᚢᛞᛖ,399
innsbruck,896029,0,ᛁᚾᚾᛋᛒᚱᚢᚳᚳ,243
deciphering,895988,1,ᛞᛖᚳᛁᛈᚻᛖᚱᛝ,423
boardwalk,895970,0,ᛒᚩᚪᚱᛞᚹᚪᛚᚳ,467
unitarians,895818,0,ᚢᚾᛁᛏᚪᚱᛡᚾᛋ,419
dispenses,894482,0,ᛞᛁᛋᛈᛖᚾᛋᛖᛋ,485
spaceship,893465,0,ᛋᛈᚪᚳᛖᛋᚻᛁᛈ,423
moccasins,893248,0,ᛗᚩᚳᚳᚪᛋᛁᚾᛋ,367
photostat,892932,0,ᛈᚻᚩᛏᚩᛋᛏᚪᛏ,407
ypsilanti,892561,0,ᚣᛈᛋᛁᛚᚪᚾᛏᛁ,519
enthralled,892458,0,ᛖᚾᚦᚱᚪᛚᛚᛖᛞ,511
narrators,892407,0,ᚾᚪᚱᚱᚪᛏᚩᚱᛋ,375
repentant,892389,0,ᚱᛖᛈᛖᚾᛏᚪᚾᛏ,461
piecework,891843,0,ᛈᛁᛖᚳᛖᚹᚩᚱᚳ,271
condenses,891551,0,ᚳᚩᚾᛞᛖᚾᛋᛖᛋ,407
trickster,890966,0,ᛏᚱᛁᚳᚳᛋᛏᛖᚱ,317
enamoured,889658,0,ᛖᚾᚪᛗᚩᚢᚱᛖᛞ,441
unbalance,889342,0,ᚢᚾᛒᚪᛚᚪᚾᚳᛖ,469
biennially,889303,0,ᛒᛁᛖᚾᚾᛡᛚᛚᚣ,573
alkalosis,889172,0,ᚪᛚᚳᚪᛚᚩᛋᛁᛋ,497
southbound,889079,0,ᛋᚩᚢᚦᛒᚩᚢᚾᛞ,257
peroxides,888687,0,ᛈᛖᚱᚩᛉᛁᛞᛖᛋ,415
antoninus,887203,0,ᚪᚾᛏᚩᚾᛁᚾᚢᛋ,337
nicknames,886581,0,ᚾᛁᚳᚳᚾᚪᛗᛖᛋ,403
obeisance,885408,0,ᚩᛒᛖᛁᛋᚪᚾᚳᛖ,425
abdicated,885392,0,ᚪᛒᛞᛁᚳᚪᛏᛖᛞ,603
lineaments,883624,0,ᛚᛁᚾᛠᛗᛖᚾᛏᛋ,521
insinuating,883272,0,ᛁᚾᛋᛁᚾᚢᚪᛏᛝ,411
esplanade,883189,0,ᛖᛋᛈᛚᚪᚾᚪᛞᛖ,615
patricians,882059,0,ᛈᚪᛏᚱᛁᚳᛡᚾᛋ,443
zoologist,881630,0,ᛋᚩᚩᛚᚩᚷᛁᛋᛏ,307
chlorosis,881268,0,ᚳᚻᛚᚩᚱᚩᛋᛁᛋ,271
crustacean,881015,0,ᚳᚱᚢᛋᛏᚪᚳᛠᚾ,387
christiania,880749,0,ᚳᚻᚱᛁᛋᛏᛡᚾᛡ,433
botulinum,880749,0,ᛒᚩᛏᚢᛚᛁᚾᚢᛗ,337
driftwood,879956,0,ᛞᚱᛁᚠᛏᚹᚩᚩᛞ,314
parnassus,879342,0,ᛈᚪᚱᚾᚪᛋᛋᚢᛋ,439
dramatics,878432,0,ᛞᚱᚪᛗᚪᛏᛁᚳᛋ,521
distiller,878336,0,ᛞᛁᛋᛏᛁᛚᛚᛖᚱ,487
acquainting,878029,0,ᚪᚳᚳᚹᚪᛁᚾᛏᛝ,437
unimpeded,877906,0,ᚢᚾᛁᛗᛈᛖᛞᛖᛞ,489
blackfoot,876544,0,ᛒᛚᚪᚳᚳᚠᚩᚩᛏ,332
kenilworth,876326,0,ᚳᛖᚾᛁᛚᚹᚩᚱᚦ,255
daffodils,876290,0,ᛞᚪᚠᚠᚩᛞᛁᛚᛋ,443
volatiles,874328,0,ᚢᚩᛚᚪᛏᛁᛚᛖᛋ,463
steepness,874200,0,ᛋᛏᛖᛖᛈᚾᛖᛋᛋ,491
patrolmen,873202,0,ᛈᚪᛏᚱᚩᛚᛗᛖᚾ,457
badminton,872483,0,ᛒᚪᛞᛗᛁᚾᛏᚩᚾ,473
oglethorpe,872414,0,ᚩᚷᛚᛖᚦᚩᚱᛈᛖ,297
indecency,872000,0,ᛁᚾᛞᛖᚳᛖᚾᚳᚣ,441
schrodinger,871661,0,ᛋᚳᚻᚱᚩᛞᛝᛖᚱ,353
springboard,871370,0,ᛋᛈᚱᛝᛒᚩᚪᚱᛞ,451
videotaped,871105,0,ᚢᛁᛞᛇᛏᚪᛈᛖᛞ,519
sorcerers,871008,0,ᛋᚩᚱᚳᛖᚱᛖᚱᛋ,293
resonates,870883,0,ᚱᛖᛋᚩᚾᚪᛏᛖᛋ,443
chastened,870868,0,ᚳᚻᚪᛋᛏᛖᚾᛖᛞ,497
forebrain,869867,0,ᚠᚩᚱᛖᛒᚱᚪᛁᚾ,316
festivity,869830,0,ᚠᛖᛋᛏᛁᚢᛁᛏᚣ,408
publicist,869778,0,ᛈᚢᛒᛚᛁᚳᛁᛋᛏ,367
saccharin,868911,0,ᛋᚪᚳᚳᚻᚪᚱᛁᚾ,367
declivity,868872,0,ᛞᛖᚳᛚᛁᚢᛁᛏᚣ,469
fertilize,868453,0,ᚠᛖᚱᛏᛁᛚᛁᛋᛖ,394
minuscule,867973,0,ᛗᛁᚾᚢᛋᚳᚢᛚᛖ,343
pendulous,867939,0,ᛈᛖᚾᛞᚢᛚᚩᚢᛋ,367
circuited,867649,0,ᚳᛁᚱᚳᚢᛁᛏᛖᛞ,317
guardsmen,867344,0,ᚷᚢᚪᚱᛞᛋᛗᛖᚾ,437
laurentian,866810,0,ᛚᚪᚢᚱᛖᚾᛏᛡᚾ,475
paralegal,866745,0,ᛈᚪᚱᚪᛚᛖᚷᚪᛚ,575
rootstock,866035,0,ᚱᚩᚩᛏᛋᛏᚩᚳᚳ,229
bonhoeffer,865691,0,ᛒᚩᚾᚻᛟᚠᚠᛖᚱ,285
heightening,865511,0,ᚻᛖᛁᚷᚻᛏᛖᚾᛝ,395
cameroons,865366,0,ᚳᚪᛗᛖᚱᚩᚩᚾᛋ,355
cyclopedia,864867,0,ᚳᚣᚳᛚᚩᛈᛖᛞᛡ,515
clamorous,864255,0,ᚳᛚᚪᛗᚩᚱᚩᚢᛋ,335
clemenceau,863831,0,ᚳᛚᛖᛗᛖᚾᚳᛠᚢ,445
mendicant,863344,0,ᛗᛖᚾᛞᛁᚳᚪᚾᛏ,485
remodelling,862700,0,ᚱᛖᛗᚩᛞᛖᛚᛚᛝ,537
afrikaner,862668,0,ᚪᚠᚱᛁᚳᚪᚾᛖᚱ,358
unhelpful,862082,0,ᚢᚾᚻᛖᛚᛈᚠᚢᛚ,316
foreshore,861876,0,ᚠᚩᚱᛖᛋᚻᚩᚱᛖ,248
retaliated,861738,0,ᚱᛖᛏᚪᛚᛡᛏᛖᛞ,629
euphemism,861552,0,ᛖᚢᛈᚻᛖᛗᛁᛋᛗ,429
waistband,861385,0,ᚹᚪᛁᛋᛏᛒᚪᚾᛞ,535
overthrowing,861084,0,ᚩᚢᛖᚱᚦᚱᚩᚹᛝ,209
overpower,860249,0,ᚩᚢᛖᚱᛈᚩᚹᛖᚱ,235
waterside,857344,0,ᚹᚪᛏᛖᚱᛋᛁᛞᛖ,493
aspirants,857305,0,ᚪᛋᛈᛁᚱᚪᚾᛏᛋ,473
negotiates,856096,0,ᚾᛖᚷᚩᛏᛡᛏᛖᛋ,465
segregating,855985,0,ᛋᛖᚷᚱᛖᚷᚪᛏᛝ,467
purgative,855675,0,ᛈᚢᚱᚷᚪᛏᛁᚢᛖ,331
granaries,854925,0,ᚷᚱᚪᚾᚪᚱᛁᛖᛋ,413
ellesmere,853349,0,ᛖᛚᛚᛖᛋᛗᛖᚱᛖ,549
revetment,853072,0,ᚱᛖᚢᛖᛏᛗᛖᚾᛏ,433
riemannian,852997,0,ᚱᛁᛖᛗᚪᚾᚾᛡᚾ,471
moonshine,852489,0,ᛗᚩᚩᚾᛋᚻᛁᚾᛖ,317
frivolity,851949,0,ᚠᚱᛁᚢᚩᛚᛁᛏᚣ,320
tortillas,851544,0,ᛏᚩᚱᛏᛁᛚᛚᚪᛋ,463
potteries,851465,0,ᛈᚩᛏᛏᛖᚱᛁᛖᛋ,397
recruiter,851127,0,ᚱᛖᚳᚱᚢᛁᛏᛖᚱ,273
amenorrhea,850868,0,ᚪᛗᛖᚾᚩᚱᚱᚻᛠ,425
frequenting,850447,0,ᚠᚱᛖᚳᚹᛖᚾᛏᛝ,346
raindrops,850072,0,ᚱᚪᛁᚾᛞᚱᚩᛈᛋ,371
persuades,849606,0,ᛈᛖᚱᛋᚢᚪᛞᛖᛋ,483
underpaid,849278,0,ᚢᚾᛞᛖᚱᛈᚪᛁᛞ,459
guayaquil,849054,0,ᚷᚢᚪᚣᚪᚳᚹᛁᛚ,453
mutineers,848292,0,ᛗᚢᛏᛁᚾᛖᛖᚱᛋ,391
nucleoside,847468,0,ᚾᚢᚳᛚᛇᛋᛁᛞᛖ,399
biometrics,847460,0,ᛒᛡᛗᛖᛏᚱᛁᚳᛋ,473
saltpetre,847396,0,ᛋᚪᛚᛏᛈᛖᛏᚱᛖ,529
refinance,847291,0,ᚱᛖᚠᛁᚾᚪᚾᚳᛖ,346
repeatable,846827,0,ᚱᛖᛈᛠᛏᚪᛒᛚᛖ,587
uncharted,846699,0,ᚢᚾᚳᚻᚪᚱᛏᛖᛞ,391
roundness,846387,0,ᚱᚩᚢᚾᛞᚾᛖᛋᛋ,341
transects,846288,0,ᛏᚱᚪᚾᛋᛖᚳᛏᛋ,441
perfumery,846287,0,ᛈᛖᚱᚠᚢᛗᛖᚱᚣ,378
grenadier,846217,0,ᚷᚱᛖᚾᚪᛞᛁᛖᚱ,419
hypnotism,845390,0,ᚻᚣᛈᚾᚩᛏᛁᛋᛗ,419
plummeted,844843,0,ᛈᛚᚢᛗᛗᛖᛏᛖᛞ,543
dietetics,844372,0,ᛞᛁᛖᛏᛖᛏᛁᚳᛋ,469
parlement,843955,0,ᛈᚪᚱᛚᛖᛗᛖᚾᛏ,517
cavalcade,843863,0,ᚳᚪᚢᚪᛚᚳᚪᛞᛖ,549
foundered,843339,0,ᚠᚩᚢᚾᛞᛖᚱᛖᛞ,364
synthetics,842879,0,ᛋᚣᚾᚦᛖᛏᛁᚳᛋ,413
obstructs,842799,0,ᚩᛒᛋᛏᚱᚢᚳᛏᛋ,319
thousandths,841881,0,ᚦᚩᚢᛋᚪᚾᛞᚦᛋ,341
dolomites,841620,0,ᛞᚩᛚᚩᛗᛁᛏᛖᛋ,457
andromeda,841584,0,ᚪᚾᛞᚱᚩᛗᛖᛞᚪ,557
overrides,841245,0,ᚩᚢᛖᚱᚱᛁᛞᛖᛋ,339
wavefront,840394,0,ᚹᚪᚢᛖᚠᚱᚩᚾᛏ,294
proofreading,840193,0,ᛈᚱᚩᚩᚠᚱᛠᛞᛝ,358
esperanto,840191,0,ᛖᛋᛈᛖᚱᚪᚾᛏᚩ,433
intendant,839475,0,ᛁᚾᛏᛖᚾᛞᚪᚾᛏ,489
northbound,839241,0,ᚾᚩᚱᚦᛒᚩᚢᚾᛞ,241
disclaims,839160,0,ᛞᛁᛋᚳᛚᚪᛁᛗᛋ,511
allograft,838559,0,ᚪᛚᛚᚩᚷᚱᚪᚠᛏ,436
attractor,837836,0,ᚪᛏᛏᚱᚪᚳᛏᚩᚱ,413
messuages,837825,0,ᛗᛖᛋᛋᚢᚪᚷᛖᛋ,481
adjusters,837711,0,ᚪᛞᛂᚢᛋᛏᛖᚱᛋ,469
scalloped,837623,0,ᛋᚳᚪᛚᛚᚩᛈᛖᛞ,515
harnesses,836873,0,ᚻᚪᚱᚾᛖᛋᛋᛖᛋ,453
scorecard,836858,0,ᛋᚳᚩᚱᛖᚳᚪᚱᛞ,361
guiltless,836803,0,ᚷᚢᛁᛚᛏᛚᛖᛋᛋ,429
eroticism,836495,0,ᛖᚱᚩᛏᛁᚳᛁᛋᛗ,343
christening,836489,0,ᚳᚻᚱᛁᛋᛏᛖᚾᛝ,365
gainfully,836288,0,ᚷᚪᛁᚾᚠᚢᛚᛚᚣ,428
concierge,835673,0,ᚳᚩᚾᚳᛁᛖᚱᚷᛖ,255
overstate,834470,0,ᚩᚢᛖᚱᛋᛏᚪᛏᛖ,423
aylesbury,833923,0,ᚪᚣᛚᛖᛋᛒᚢᚱᚣ,571
doughnuts,833784,0,ᛞᚩᚢᚷᚻᚾᚢᛏᛋ,283
bannerman,833760,0,ᛒᚪᚾᚾᛖᚱᛗᚪᚾ,491
hyperbola,833377,0,ᚻᚣᛈᛖᚱᛒᚩᛚᚪ,485
artichoke,832967,0,ᚪᚱᛏᛁᚳᚻᚩᚳᛖ,321
songwriter,832946,0,ᛋᚩᛝᚹᚱᛁᛏᛖᚱ,337
sandpaper,832774,0,ᛋᚪᚾᛞᛈᚪᛈᛖᚱ,529
benighted,832144,0,ᛒᛖᚾᛁᚷᚻᛏᛖᛞ,443
kirchhoff,831049,0,ᚳᛁᚱᚳᚻᚻᚩᚠᚠ,125
practises,830753,0,ᛈᚱᚪᚳᛏᛁᛋᛖᛋ,427
stateless,830147,0,ᛋᛏᚪᛏᛖᛚᛖᛋᛋ,581
vaporized,830083,0,ᚢᚪᛈᚩᚱᛁᛋᛖᛞ,401
galvanizing,830028,0,ᚷᚪᛚᚢᚪᚾᛁᛋᛝ,479
concretes,829885,0,ᚳᚩᚾᚳᚱᛖᛏᛖᛋ,319
nouvelles,829736,0,ᚾᚩᚢᚢᛖᛚᛚᛖᛋ,375
quitclaim,829086,0,ᚳᚹᛁᛏᚳᛚᚪᛁᛗ,407
marshalling,828930,0,ᛗᚪᚱᛋᚻᚪᛚᛚᛝ,577
bursaries,828744,0,ᛒᚢᚱᛋᚪᚱᛁᛖᛋ,387
overshoot,828387,0,ᚩᚢᛖᚱᛋᚻᚩᚩᛏ,237
howitzers,827943,0,ᚻᚩᚹᛁᛏᛋᛖᚱᛋ,323
scrubbers,827625,0,ᛋᚳᚱᚢᛒᛒᛖᚱᛋ,333
formulaic,827149,0,ᚠᚩᚱᛗᚢᛚᚪᛁᚳ,308
contoured,827078,0,ᚳᚩᚾᛏᚩᚢᚱᛖᛞ,285
demurrers,826479,0,ᛞᛖᛗᚢᚱᚱᛖᚱᛋ,383
decontrol,825733,0,ᛞᛖᚳᚩᚾᛏᚱᚩᛚ,355
tamoxifen,825620,0,ᛏᚪᛗᚩᛉᛁᚠᛖᚾ,410
injectors,825604,0,ᛁᚾᛂᛖᚳᛏᚩᚱᛋ,307
schreiner,825546,0,ᛋᚳᚻᚱᛖᛁᚾᛖᚱ,305
lascivious,825427,0,ᛚᚪᛋᚳᛁᚢᛡᚢᛋ,433
sanhedrin,825141,0,ᛋᚪᚾᚻᛖᛞᚱᛁᚾ,429
perfidious,824643,0,ᛈᛖᚱᚠᛁᛞᛡᚢᛋ,406
retentive,824335,0,ᚱᛖᛏᛖᚾᛏᛁᚢᛖ,393
trenchant,823236,0,ᛏᚱᛖᚾᚳᚻᚪᚾᛏ,387
omnibuses,822946,0,ᚩᛗᚾᛁᛒᚢᛋᛖᛋ,375
salivation,822928,0,ᛋᚪᛚᛁᚢᚪᛏᛡᚾ,549
forensics,822621,0,ᚠᚩᚱᛖᚾᛋᛁᚳᛋ,266
chivalric,822463,0,ᚳᚻᛁᚢᚪᛚᚱᛁᚳ,295
marauders,822106,0,ᛗᚪᚱᚪᚢᛞᛖᚱᛋ,499
rapturous,822104,0,ᚱᚪᛈᛏᚢᚱᚩᚢᛋ,287
volitional,821786,0,ᚢᚩᛚᛁᛏᛡᚾᚪᛚ,479
marmalade,821693,0,ᛗᚪᚱᛗᚪᛚᚪᛞᛖ,673
afferents,821351,0,ᚪᚠᚠᛖᚱᛖᚾᛏᛋ,387
adventist,820774,0,ᚪᛞᚢᛖᚾᛏᛁᛋᛏ,487
councilor,820085,0,ᚳᚩᚢᚾᚳᛁᛚᚩᚱ,187
whimpered,819697,0,ᚹᚻᛁᛗᛈᛖᚱᛖᛞ,421
unpromising,819541,0,ᚢᚾᛈᚱᚩᛗᛁᛋᛝ,327
plenitude,819159,0,ᛈᛚᛖᚾᛁᛏᚢᛞᛖ,461
unflinching,819003,0,ᚢᚾᚠᛚᛁᚾᚳᚻᛝ,282
dockyards,818500,0,ᛞᚩᚳᚳᚣᚪᚱᛞᛋ,475
assiduity,818360,0,ᚪᛋᛋᛁᛞᚢᛁᛏᚣ,519
sclerotic,817646,0,ᛋᚳᛚᛖᚱᚩᛏᛁᚳ,327
cooperage,816945,0,ᚳᚩᚩᛈᛖᚱᚪᚷᛖ,329
finishers,816811,0,ᚠᛁᚾᛁᛋᚻᛖᚱᛋ,300
sportswear,816170,0,ᛋᛈᚩᚱᛏᛋᚹᛠᚱ,365
contender,816134,0,ᚳᚩᚾᛏᛖᚾᛞᛖᚱ,371
submittal,815926,0,ᛋᚢᛒᛗᛁᛏᛏᚪᛚ,507
combative,815207,0,ᚳᚩᛗᛒᚪᛏᛁᚢᛖ,409
gonorrhoea,815104,0,ᚷᚩᚾᚩᚱᚱᚻᛟᚪ,285
pitifully,814687,0,ᛈᛁᛏᛁᚠᚢᛚᛚᚣ,418
delineates,814047,0,ᛞᛖᛚᛁᚾᛠᛏᛖᛋ,577
ensconced,814010,0,ᛖᚾᛋᚳᚩᚾᚳᛖᛞ,367
apocrypha,813422,0,ᚪᛈᚩᚳᚱᚣᛈᚻᚪ,437
shoemakers,812861,0,ᛋᚻᛟᛗᚪᚳᛖᚱᛋ,471
occlusive,812369,0,ᚩᚳᚳᛚᚢᛋᛁᚢᛖ,263
derivable,812336,0,ᛞᛖᚱᛁᚢᚪᛒᛚᛖ,499
monomeric,811421,0,ᛗᚩᚾᚩᛗᛖᚱᛁᚳ,307
cornfield,809221,0,ᚳᚩᚱᚾᚠᛁᛖᛚᛞ,322
ephemeris,809156,0,ᛖᛈᚻᛖᛗᛖᚱᛁᛋ,433
seventieth,809133,0,ᛋᛖᚢᛖᚾᛏᛁᛖᚦ,381
avocations,808496,0,ᚪᚢᚩᚳᚪᛏᛡᚾᛋ,465
gyroscope,808097,0,ᚷᚣᚱᚩᛋᚳᚩᛈᛖ,321
dexterous,806752,0,ᛞᛖᛉᛏᛖᚱᚩᚢᛋ,403
lifeboats,806361,0,ᛚᛁᚠᛖᛒᚩᚪᛏᛋ,450
homophobia,806331,0,ᚻᚩᛗᚩᛈᚻᚩᛒᛡ,349
delacroix,806253,0,ᛞᛖᛚᚪᚳᚱᚩᛁᛉ,435
tortoises,805918,0,ᛏᚩᚱᛏᚩᛁᛋᛖᛋ,347
crossword,804959,0,ᚳᚱᚩᛋᛋᚹᚩᚱᛞ,263
cortlandt,804882,0,ᚳᚩᚱᛏᛚᚪᚾᛞᛏ,437
undrained,804645,0,ᚢᚾᛞᚱᚪᛁᚾᛖᛞ,445
immanence,804362,0,ᛁᛗᛗᚪᚾᛖᚾᚳᛖ,475
irrigable,804249,0,ᛁᚱᚱᛁᚷᚪᛒᛚᛖ,399
lacquered,804174,0,ᛚᚪᚳᚳᚹᛖᚱᛖᛞ,449
velasquez,804032,0,ᚢᛖᛚᚪᛋᚳᚹᛖᛋ,445
playmates,803772,0,ᛈᛚᚪᚣᛗᚪᛏᛖᛋ,663
multnomah,803678,0,ᛗᚢᛚᛏᚾᚩᛗᚪᚻ,433
tillotson,803633,0,ᛏᛁᛚᛚᚩᛏᛋᚩᚾ,391
gleefully,803455,0,ᚷᛚᛖᛖᚠᚢᛚᛚᚣ,478
antenatal,802987,0,ᚪᚾᛏᛖᚾᚪᛏᚪᛚ,607
columbine,802463,0,ᚳᚩᛚᚢᛗᛒᛁᚾᛖ,355
ascription,802454,0,ᚪᛋᚳᚱᛁᛈᛏᛡᚾ,443
avaricious,801494,0,ᚪᚢᚪᚱᛁᚳᛡᚢᛋ,415
commandos,800938,0,ᚳᚩᛗᛗᚪᚾᛞᚩᛋ,437
minuteman,800815,0,ᛗᛁᚾᚢᛏᛖᛗᚪᚾ,457
prearranged,800178,0,ᛈᚱᛠᚱᚱᚪᛝᛖᛞ,517
geraniums,800109,0,ᚷᛖᚱᚪᚾᛁᚢᛗᛋ,379
intermingling,799666,0,ᛁᚾᛏᛖᚱᛗᛝᛚᛝ,499
anatomist,799441,0,ᚪᚾᚪᛏᚩᛗᛁᛋᛏ,503
liturgies,799400,0,ᛚᛁᛏᚢᚱᚷᛁᛖᛋ,345
bestselling,798691,0,ᛒᛖᛋᛏᛋᛖᛚᛚᛝ,585
reinventing,798165,0,ᚱᛖᛁᚾᚢᛖᚾᛏᛝ,375
torrential,797483,0,ᛏᚩᚱᚱᛖᚾᛏᛡᛚ,423
paraplegia,796933,0,ᛈᚪᚱᚪᛈᛚᛖᚷᛡ,555
exonerate,796606,0,ᛖᛉᚩᚾᛖᚱᚪᛏᛖ,451
eustachian,796337,0,ᛖᚢᛋᛏᚪᚳᚻᛡᚾ,451
longitudes,795794,0,ᛚᚩᛝᛁᛏᚢᛞᛖᛋ,461
depresses,794019,0,ᛞᛖᛈᚱᛖᛋᛋᛖᛋ,503
freestone,793797,0,ᚠᚱᛖᛖᛋᛏᚩᚾᛖ,362
hispaniola,793753,0,ᚻᛁᛋᛈᚪᚾᛡᛚᚪ,553
ransacked,791944,0,ᚱᚪᚾᛋᚪᚳᚳᛖᛞ,469
foolhardy,790380,0,ᚠᚩᚩᛚᚻᚪᚱᛞᚣ,412
refectory,790197,0,ᚱᛖᚠᛖᚳᛏᚩᚱᚣ,340
minimised,789947,0,ᛗᛁᚾᛁᛗᛁᛋᛖᛞ,473
luxuriance,788904,0,ᛚᚢᛉᚢᚱᛡᚾᚳᛖ,353
monterrey,788488,0,ᛗᚩᚾᛏᛖᚱᚱᛖᚣ,425
folktales,788381,0,ᚠᚩᛚᚳᛏᚪᛚᛖᛋ,444
orderlies,787765,0,ᚩᚱᛞᛖᚱᛚᛁᛖᛋ,409
mezzanine,787565,0,ᛗᛖᛋᛋᚪᚾᛁᚾᛖ,497
kurdistan,786974,0,ᚳᚢᚱᛞᛁᛋᛏᚪᚾ,385
concoction,786567,0,ᚳᚩᚾᚳᚩᚳᛏᛡᚾ,277
pleasanter,786509,0,ᛈᛚᛠᛋᚪᚾᛏᛖᚱ,541
misshapen,786424,0,ᛗᛁᛋᛋᚻᚪᛈᛖᚾ,467
dissipating,786251,0,ᛞᛁᛋᛋᛁᛈᚪᛏᛝ,535
benjamins,785762,0,ᛒᛖᚾᛂᚪᛗᛁᚾᛋ,475
publicizing,785531,0,ᛈᚢᛒᛚᛁᚳᛁᛋᛝ,387
zygomatic,785162,0,ᛋᚣᚷᚩᛗᚪᛏᛁᚳ,451
mandarins,785049,0,ᛗᚪᚾᛞᚪᚱᛁᚾᛋ,507
alchemist,784744,0,ᚪᛚᚳᚻᛖᛗᛁᛋᛏ,487
wholesaling,784271,0,ᚹᚻᚩᛚᛖᛋᚪᛚᛝ,491
orbicular,784110,0,ᚩᚱᛒᛁᚳᚢᛚᚪᚱ,307
sultanate,783964,0,ᛋᚢᛚᛏᚪᚾᚪᛏᛖ,537
repairman,783684,0,ᚱᛖᛈᚪᛁᚱᛗᚪᚾ,457
bookshops,783595,0,ᛒᚩᚩᚳᛋᚻᚩᛈᛋ,267
installer,783447,0,ᛁᚾᛋᛏᚪᛚᛚᛖᚱ,493
goldfield,782959,0,ᚷᚩᛚᛞᚠᛁᛖᛚᛞ,448
oligopoly,782353,0,ᚩᛚᛁᚷᚩᛈᚩᛚᚣ,361
dissuaded,781723,0,ᛞᛁᛋᛋᚢᚪᛞᛖᛞ,571
uruguayan,781388,0,ᚢᚱᚢᚷᚢᚪᚣᚪᚾ,363
reconvene,781254,0,ᚱᛖᚳᚩᚾᚢᛖᚾᛖ,293
ljubljana,780827,0,ᛚᛂᚢᛒᛚᛂᚪᚾᚪ,507
showrooms,780732,0,ᛋᚻᚩᚹᚱᚩᚩᛗᛋ,251
insolation,780320,0,ᛁᚾᛋᚩᛚᚪᛏᛡᚾ,485
banknotes,779800,0,ᛒᚪᚾᚳᚾᚩᛏᛖᛋ,415
gravitate,779094,0,ᚷᚱᚪᚢᛁᛏᚪᛏᛖ,441
quotients,778590,0,ᚳᚹᚩᛏᛁᛖᚾᛏᛋ,337
lavoisier,778503,0,ᛚᚪᚢᚩᛁᛋᛁᛖᚱ,373
steinmetz,778368,0,ᛋᛏᛖᛁᚾᛗᛖᛏᛋ,489
forasmuch,777874,0,ᚠᚩᚱᚪᛋᛗᚢᚳᚻ,280
fusiliers,777165,0,ᚠᚢᛋᛁᛚᛁᛖᚱᛋ,324
embellish,777163,0,ᛖᛗᛒᛖᛚᛚᛁᛋᚻ,519
baselines,777095,0,ᛒᚪᛋᛖᛚᛁᚾᛖᛋ,531
bosphorus,776691,0,ᛒᚩᛋᛈᚻᚩᚱᚢᛋ,261
percolating,776298,0,ᛈᛖᚱᚳᚩᛚᚪᛏᛝ,449
testaceous,775830,0,ᛏᛖᛋᛏᚪᚳᛇᚢᛋ,445
overrated,775588,0,ᚩᚢᛖᚱᚱᚪᛏᛖᛞ,411
sterilize,775586,0,ᛋᛏᛖᚱᛁᛚᛁᛋᛖ,445
kamchatka,775486,0,ᚳᚪᛗᚳᚻᚪᛏᚳᚪ,483
blackfeet,775254,0,ᛒᛚᚪᚳᚳᚠᛖᛖᛏ,452
cheerless,775008,0,ᚳᚻᛖᛖᚱᛚᛖᛋᛋ,427
canisters,774971,0,ᚳᚪᚾᛁᛋᛏᛖᚱᛋ,413
lassitude,774650,0,ᛚᚪᛋᛋᛁᛏᚢᛞᛖ,525
brushwood,773913,0,ᛒᚱᚢᛋᚻᚹᚩᚩᛞ,273
disavowed,773851,0,ᛞᛁᛋᚪᚢᚩᚹᛖᛞ,455
readjusted,773706,0,ᚱᛠᛞᛂᚢᛋᛏᛖᛞ,517
epiphysis,772722,0,ᛖᛈᛁᛈᚻᚣᛋᛁᛋ,447
potentate,772707,0,ᛈᚩᛏᛖᚾᛏᚪᛏᛖ,487
gentility,772485,0,ᚷᛖᚾᛏᛁᛚᛁᛏᚣ,469
horoscope,772280,0,ᚻᚩᚱᚩᛋᚳᚩᛈᛖ,231
elastomer,771879,0,ᛖᛚᚪᛋᛏᚩᛗᛖᚱ,505
infinitum,771342,0,ᛁᚾᚠᛁᚾᛁᛏᚢᛗ,286
malachite,771303,0,ᛗᚪᛚᚪᚳᚻᛁᛏᛖ,531
measurably,771259,0,ᛗᛠᛋᚢᚱᚪᛒᛚᚣ,581
statuette,770994,0,ᛋᛏᚪᛏᚢᛖᛏᛏᛖ,523
unadorned,770615,0,ᚢᚾᚪᛞᚩᚱᚾᛖᛞ,421
driveways,770070,0,ᛞᚱᛁᚢᛖᚹᚪᚣᛋ,473
corrector,769918,0,ᚳᚩᚱᚱᛖᚳᛏᚩᚱ,199
sassafras,769671,0,ᛋᚪᛋᛋᚪᚠᚱᚪᛋ,516
resettled,769130,0,ᚱᛖᛋᛖᛏᛏᛚᛖᛞ,545
worrisome,768966,0,ᚹᚩᚱᚱᛁᛋᚩᛗᛖ,277
mischiefs,767655,0,ᛗᛁᛋᚳᚻᛁᛖᚠᛋ,344
atrophied,767162,0,ᚪᛏᚱᚩᛈᚻᛁᛖᛞ,427
unreadable,767077,0,ᚢᚾᚱᛠᛞᚪᛒᛚᛖ,539
glomeruli,767042,0,ᚷᛚᚩᛗᛖᚱᚢᛚᛁ,353
glycosuria,765852,0,ᚷᛚᚣᚳᚩᛋᚢᚱᛡ,387
mobilised,765347,0,ᛗᚩᛒᛁᛚᛁᛋᛖᛞ,483
poetically,764983,0,ᛈᛟᛏᛁᚳᚪᛚᛚᚣ,575
redressed,764926,0,ᚱᛖᛞᚱᛖᛋᛋᛖᛞ,507
specialising,764913,0,ᛋᛈᛖᚳᛡᛚᛁᛋᛝ,519
clattered,764429,0,ᚳᛚᚪᛏᛏᛖᚱᛖᛞ,535
lowercase,762727,0,ᛚᚩᚹᛖᚱᚳᚪᛋᛖ,407
deflector,761904,0,ᛞᛖᚠᛚᛖᚳᛏᚩᚱ,388
mussulman,761685,0,ᛗᚢᛋᛋᚢᛚᛗᚪᚾ,453
interfaith,761681,0,ᛁᚾᛏᛖᚱᚠᚪᛁᚦ,332
nightlife,761227,0,ᚾᛁᚷᚻᛏᛚᛁᚠᛖ,332
reportage,761121,0,ᚱᛖᛈᚩᚱᛏᚪᚷᛖ,379
despoiled,761116,0,ᛞᛖᛋᛈᚩᛁᛚᛖᛞ,519
responder,760901,0,ᚱᛖᛋᛈᚩᚾᛞᛖᚱ,377
quinidine,760487,0,ᚳᚹᛁᚾᛁᛞᛁᚾᛖ,339
unspoiled,759282,0,ᚢᚾᛋᛈᚩᛁᛚᛖᛞ,395
chattered,759282,0,ᚳᚻᚪᛏᛏᛖᚱᛖᛞ,485
crackdown,758524,0,ᚳᚱᚪᚳᚳᛞᚩᚹᚾ,291
indelibly,757946,0,ᛁᚾᛞᛖᛚᛁᛒᛚᚣ,557
magnetizing,757924,0,ᛗᚪᚷᚾᛖᛏᛁᛋᛝ,503
overviews,757882,0,ᚩᚢᛖᚱᚢᛁᛖᚹᛋ,261
eligibles,757530,0,ᛖᛚᛁᚷᛁᛒᛚᛖᛋ,473
finalised,757370,0,ᚠᛁᚾᚪᛚᛁᛋᛖᛞ,472
deprecate,756792,0,ᛞᛖᛈᚱᛖᚳᚪᛏᛖ,513
purveyors,755977,0,ᛈᚢᚱᚢᛖᚣᚩᚱᛋ,301
hanoverian,755888,0,ᚻᚪᚾᚩᚢᛖᚱᛡᚾ,373
chrysalis,755127,0,ᚳᚻᚱᚣᛋᚪᛚᛁᛋ,457
selectors,754503,0,ᛋᛖᛚᛖᚳᛏᚩᚱᛋ,403
quicksand,753531,0,ᚳᚹᛁᚳᚳᛋᚪᚾᛞ,357
compactly,752649,0,ᚳᚩᛗᛈᚪᚳᛏᛚᚣ,479
furtively,752083,0,ᚠᚢᚱᛏᛁᚢᛖᛚᚣ,352
prodigies,751904,0,ᛈᚱᚩᛞᛁᚷᛁᛖᛋ,349
chambered,751499,0,ᚳᚻᚪᛗᛒᛖᚱᛖᛞ,499
epicenter,751471,0,ᛖᛈᛁᚳᛖᚾᛏᛖᚱ,387
santayana,751462,0,ᛋᚪᚾᛏᚪᚣᚪᚾᚪ,661
outfitted,750504,0,ᚩᚢᛏᚠᛁᛏᛏᛖᛞ,376
backwoods,750243,0,ᛒᚪᚳᚳᚹᚩᚩᛞᛋ,359
willpower,750204,0,ᚹᛁᛚᛚᛈᚩᚹᛖᚱ,343
regressed,749983,0,ᚱᛖᚷᚱᛖᛋᛋᛖᛞ,435
contactor,749398,0,ᚳᚩᚾᛏᚪᚳᛏᚩᚱ,295
semaphore,748785,0,ᛋᛖᛗᚪᛈᚻᚩᚱᛖ,439
seamanship,748719,0,ᛋᛠᛗᚪᚾᛋᚻᛁᛈ,509
subspaces,748710,0,ᛋᚢᛒᛋᛈᚪᚳᛖᛋ,443
initiators,748697,0,ᛁᚾᛁᛏᛡᛏᚩᚱᛋ,387
seamlessly,748384,0,ᛋᛠᛗᛚᛖᛋᛋᛚᚣ,655
ehrenberg,748225,0,ᛖᚻᚱᛖᚾᛒᛖᚱᚷ,353
footstool,747660,0,ᚠᚩᚩᛏᛋᛏᚩᚩᛚ,274
dressmaking,747540,0,ᛞᚱᛖᛋᛋᛗᚪᚳᛝ,533
devonport,747325,0,ᛞᛖᚢᚩᚾᛈᚩᚱᛏ,315
gatehouse,746549,0,ᚷᚪᛏᛖᚻᚩᚢᛋᛖ,393
detonated,745796,0,ᛞᛖᛏᚩᚾᚪᛏᛖᛞ,563
uninvited,745397,0,ᚢᚾᛁᚾᚢᛁᛏᛖᛞ,341
illiberal,745006,0,ᛁᛚᛚᛁᛒᛖᚱᚪᛚ,517
maidenhead,744074,0,ᛗᚪᛁᛞᛖᚾᚻᛠᛞ,605
unexposed,743976,0,ᚢᚾᛖᛉᛈᚩᛋᛖᛞ,405
overcoats,743789,0,ᚩᚢᛖᚱᚳᚩᚪᛏᛋ,317
blistered,743478,0,ᛒᛚᛁᛋᛏᛖᚱᛖᛞ,511
tableware,743173,0,ᛏᚪᛒᛚᛖᚹᚪᚱᛖ,551
superstar,742630,0,ᛋᚢᛈᛖᚱᛋᛏᚪᚱ,397
repressor,740841,0,ᚱᛖᛈᚱᛖᛋᛋᚩᚱ,323
publicans,740819,0,ᛈᚢᛒᛚᛁᚳᚪᚾᛋ,403
obturator,740678,0,ᚩᛒᛏᚢᚱᚪᛏᚩᚱ,315
falklands,740353,0,ᚠᚪᛚᚳᛚᚪᚾᛞᛋ,526
synchrony,739004,0,ᛋᚣᚾᚳᚻᚱᚩᚾᚣ,371
animations,738962,0,ᚪᚾᛁᛗᚪᛏᛡᚾᛋ,573
abolishes,738929,0,ᚪᛒᚩᛚᛁᛋᚻᛖᛋ,465
swordfish,738778,0,ᛋᚹᚩᚱᛞᚠᛁᛋᚻ,288
unleavened,738130,0,ᚢᚾᛚᛠᚢᛖᚾᛖᛞ,469
screeched,738078,0,ᛋᚳᚱᛖᛖᚳᚻᛖᛞ,403
deceptions,737597,0,ᛞᛖᚳᛖᛈᛏᛡᚾᛋ,527
servility,737563,0,ᛋᛖᚱᚢᛁᛚᛁᛏᚣ,431
aftercare,736872,0,ᚪᚠᛏᛖᚱᚳᚪᚱᛖ,424
forebodings,736594,0,ᚠᚩᚱᛖᛒᚩᛞᛝᛋ,376
courtesan,736393,0,ᚳᚩᚢᚱᛏᛖᛋᚪᚾ,339
piratical,736237,0,ᛈᛁᚱᚪᛏᛁᚳᚪᛚ,455
bacteremia,736099,0,ᛒᚪᚳᛏᛖᚱᛖᛗᛡ,553
reykjavik,735733,0,ᚱᛖᚣᚳᛂᚪᚢᛁᚳ,375
skirmishing,735550,0,ᛋᚳᛁᚱᛗᛁᛋᚻᛝ,365
restrains,735524,0,ᚱᛖᛋᛏᚱᚪᛁᚾᛋ,411
accretions,734978,0,ᚪᚳᚳᚱᛖᛏᛡᚾᛋ,449
laxatives,734707,0,ᛚᚪᛉᚪᛏᛁᚢᛖᛋ,527
metalwork,734346,0,ᛗᛖᛏᚪᛚᚹᚩᚱᚳ,417
reputedly,734301,0,ᚱᛖᛈᚢᛏᛖᛞᛚᚣ,515
shamanism,734271,0,ᛋᚻᚪᛗᚪᚾᛁᛋᛗ,525
unforgiving,734174,0,ᚢᚾᚠᚩᚱᚷᛁᚢᛝ,182
calumnies,734059,0,ᚳᚪᛚᚢᛗᚾᛁᛖᛋ,437
ligatures,733898,0,ᛚᛁᚷᚪᛏᚢᚱᛖᛋ,411
bothersome,733460,0,ᛒᚩᚦᛖᚱᛋᚩᛗᛖ,349
plainness,733225,0,ᛈᛚᚪᛁᚾᚾᛖᛋᛋ,475
staminate,733197,0,ᛋᛏᚪᛗᛁᚾᚪᛏᛖ,563
homoeopathy,732241,0,ᚻᚩᛗᛟᚩᛈᚪᚦᚣ,439
ostracism,732224,0,ᚩᛋᛏᚱᚪᚳᛁᛋᛗ,395
polytheism,732184,0,ᛈᚩᛚᚣᚦᛖᛁᛋᛗ,453
timescale,732131,0,ᛏᛁᛗᛖᛋᚳᚪᛚᛖ,531
crosstalk,732034,0,ᚳᚱᚩᛋᛋᛏᚪᛚᚳ,379
artifices,731233,0,ᚪᚱᛏᛁᚠᛁᚳᛖᛋ,364
melanesian,729914,0,ᛗᛖᛚᚪᚾᛖᛋᛡᚾ,593
demagogue,729806,0,ᛞᛖᛗᚪᚷᚩᚷᚢᛖ,435
unmeasured,728840,0,ᚢᚾᛗᛠᛋᚢᚱᛖᛞ,435
barnacles,728808,0,ᛒᚪᚱᚾᚪᚳᛚᛖᛋ,501
militiamen,728496,0,ᛗᛁᛚᛁᛏᛡᛗᛖᚾ,539
besiegers,728011,0,ᛒᛖᛋᛁᛖᚷᛖᚱᛋ,427
seamstress,727979,0,ᛋᛠᛗᛋᛏᚱᛖᛋᛋ,529
practicum,727892,0,ᛈᚱᚪᚳᛏᛁᚳᚢᛗ,341
restrooms,727792,0,ᚱᛖᛋᛏᚱᚩᚩᛗᛋ,339
spiracles,727788,0,ᛋᛈᛁᚱᚪᚳᛚᛖᛋ,441
liveliest,726388,0,ᛚᛁᚢᛖᛚᛁᛖᛋᛏ,457
polyphase,726272,0,ᛈᚩᛚᚣᛈᚻᚪᛋᛖ,509
greenpeace,725969,0,ᚷᚱᛖᛖᚾᛈᛠᚳᛖ,423
cynically,725007,0,ᚳᚣᚾᛁᚳᚪᛚᛚᚣ,535
retinitis,724631,0,ᚱᛖᛏᛁᚾᛁᛏᛁᛋ,371
pterygoid,724531,0,ᛈᛏᛖᚱᚣᚷᚩᛁᛞ,427
telluride,724473,0,ᛏᛖᛚᛚᚢᚱᛁᛞᛖ,473
flashback,724419,0,ᚠᛚᚪᛋᚻᛒᚪᚳᚳ,432
formalize,723301,0,ᚠᚩᚱᛗᚪᛚᛁᛋᛖ,412
skylights,722953,0,ᛋᚳᚣᛚᛁᚷᚻᛏᛋ,425
defecation,722874,0,ᛞᛖᚠᛖᚳᚪᛏᛡᚾ,530
tactfully,722848,0,ᛏᚪᚳᛏᚠᚢᛚᛚᚣ,482
sheepskin,722834,0,ᛋᚻᛖᛖᛈᛋᚳᛁᚾ,379
gendarmes,722397,0,ᚷᛖᚾᛞᚪᚱᛗᛖᛋ,501
tomentose,722342,0,ᛏᚩᛗᛖᚾᛏᚩᛋᛖ,419
outcropping,721752,0,ᚩᚢᛏᚳᚱᚩᛈᛈᛝ,265
concordat,721086,0,ᚳᚩᚾᚳᚩᚱᛞᚪᛏ,325
mistreated,720655,0,ᛗᛁᛋᛏᚱᛠᛏᛖᛞ,549
clerkship,720062,0,ᚳᛚᛖᚱᚳᛋᚻᛁᛈ,327
subtitles,719953,0,ᛋᚢᛒᛏᛁᛏᛚᛖᛋ,459
phosphine,719609,0,ᛈᚻᚩᛋᛈᚻᛁᚾᛖ,319
indexation,719200,0,ᛁᚾᛞᛖᛉᚪᛏᛡᚾ,555
blindfold,718990,0,ᛒᛚᛁᚾᛞᚠᚩᛚᛞ,454
hackneyed,718152,0,ᚻᚪᚳᚳᚾᛖᚣᛖᛞ,501
instanced,718045,0,ᛁᚾᛋᛏᚪᚾᚳᛖᛞ,467
bipartite,717690,0,ᛒᛁᛈᚪᚱᛏᛁᛏᛖ,459
xenophobia,717170,0,ᛉᛖᚾᚩᛈᚻᚩᛒᛡ,391
karyotype,717060,0,ᚳᚪᚱᚣᚩᛏᚣᛈᛖ,503
implicating,716786,0,ᛁᛗᛈᛚᛁᚳᚪᛏᛝ,497
jacksonian,716734,0,ᛂᚪᚳᚳᛋᚩᚾᛡᚾ,385
bundestag,716621,0,ᛒᚢᚾᛞᛖᛋᛏᚪᚷ,475
forwardly,716344,0,ᚠᚩᚱᚹᚪᚱᛞᛚᚣ,412
reprobate,716309,0,ᚱᛖᛈᚱᚩᛒᚪᛏᛖ,423
schoolmen,716250,0,ᛋᚳᚻᚩᚩᛚᛗᛖᚾ,343
demolishing,716049,0,ᛞᛖᛗᚩᛚᛁᛋᚻᛝ,493
vacillating,715877,0,ᚢᚪᚳᛁᛚᛚᚪᛏᛝ,525
schoharie,714806,0,ᛋᚳᚻᚩᚻᚪᚱᛁᛖ,325
apennines,714356,0,ᚪᛈᛖᚾᚾᛁᚾᛖᛋ,445
cadastral,713765,0,ᚳᚪᛞᚪᛋᛏᚱᚪᛚ,589
arrearages,713594,0,ᚪᚱᚱᛠᚱᚪᚷᛖᛋ,473
printouts,712652,0,ᛈᚱᛁᚾᛏᚩᚢᛏᛋ,295
antipodes,712380,0,ᚪᚾᛏᛁᛈᚩᛞᛖᛋ,475
downloads,712153,0,ᛞᚩᚹᚾᛚᚩᚪᛞᛋ,463
infeasible,712105,0,ᛁᚾᚠᛠᛋᛁᛒᛚᛖ,456
arachnoid,711709,0,ᚪᚱᚪᚳᚻᚾᚩᛁᛞ,397
chequered,711028,0,ᚳᚻᛖᚳᚹᛖᚱᛖᛞ,369
sweatshirt,711013,0,ᛋᚹᛠᛏᛋᚻᛁᚱᛏ,417
aloofness,710866,0,ᚪᛚᚩᚩᚠᚾᛖᛋᛋ,388
wheatstone,710811,0,ᚹᚻᛠᛏᛋᛏᚩᚾᛖ,425
floundering,710299,0,ᚠᛚᚩᚢᚾᛞᛖᚱᛝ,360
limnology,710212,0,ᛚᛁᛗᚾᚩᛚᚩᚷᚣ,411
vegetated,710191,0,ᚢᛖᚷᛖᛏᚪᛏᛖᛞ,525
stillborn,710167,0,ᛋᛏᛁᛚᛚᛒᚩᚱᚾ,397
stabilise,710035,0,ᛋᛏᚪᛒᛁᛚᛁᛋᛖ,525
hummingbird,709351,0,ᚻᚢᛗᛗᛝᛒᛁᚱᛞ,439
decalogue,709279,0,ᛞᛖᚳᚪᛚᚩᚷᚢᛖ,433
modulates,709132,0,ᛗᚩᛞᚢᛚᚪᛏᛖᛋ,519
canonized,709015,0,ᚳᚪᚾᚩᚾᛁᛋᛖᛞ,415
gladiators,708855,0,ᚷᛚᚪᛞᛡᛏᚩᚱᛋ,513
sensitizing,708842,0,ᛋᛖᚾᛋᛁᛏᛁᛋᛝ,455
diskettes,708332,0,ᛞᛁᛋᚳᛖᛏᛏᛖᛋ,491
protozoan,708318,0,ᛈᚱᚩᛏᚩᛋᚩᚪᚾ,313
heterodox,708313,0,ᚻᛖᛏᛖᚱᚩᛞᚩᛉ,377
ironworks,708168,0,ᛁᚱᚩᚾᚹᚩᚱᚳᛋ,181
gangrenous,708100,0,ᚷᚪᛝᚱᛖᚾᚩᚢᛋ,363
oilfields,705945,0,ᚩᛁᛚᚠᛁᛖᛚᛞᛋ,426
caucasians,705735,0,ᚳᚪᚢᚳᚪᛋᛡᚾᛋ,465
haughtily,705522,0,ᚻᚪᚢᚷᚻᛏᛁᛚᚣ,429
coadjutor,705329,0,ᚳᚩᚪᛞᛂᚢᛏᚩᚱ,323
unalloyed,705132,0,ᚢᚾᚪᛚᛚᚩᚣᛖᛞ,541
railroading,705065,0,ᚱᚪᛁᛚᚱᚩᚪᛞᛝ,495
specialise,704945,0,ᛋᛈᛖᚳᛡᛚᛁᛋᛖ,507
resonated,704374,0,ᚱᛖᛋᚩᚾᚪᛏᛖᛞ,479
bloodshot,703967,0,ᛒᛚᚩᚩᛞᛋᚻᚩᛏ,379
impolitic,703394,0,ᛁᛗᛈᚩᛚᛁᛏᛁᚳ,359
licentiate,703100,0,ᛚᛁᚳᛖᚾᛏᛡᛏᛖ,505
angiosperms,702903,0,ᚪᛝᛡᛋᛈᛖᚱᛗᛋ,581
helpfully,702323,0,ᚻᛖᛚᛈᚠᚢᛚᛚᚣ,460
anglophone,701766,0,ᚪᛝᛚᚩᛈᚻᚩᚾᛖ,425
farmlands,701748,0,ᚠᚪᚱᛗᛚᚪᚾᛞᛋ,522
solitudes,701617,0,ᛋᚩᛚᛁᛏᚢᛞᛖᛋ,435
involucre,700966,0,ᛁᚾᚢᚩᛚᚢᚳᚱᛖ,237
lubricate,700856,0,ᛚᚢᛒᚱᛁᚳᚪᛏᛖ,415
surmounting,699710,0,ᛋᚢᚱᛗᚩᚢᚾᛏᛝ,315
deprecating,699458,0,ᛞᛖᛈᚱᛖᚳᚪᛏᛝ,525
grammarian,699050,0,ᚷᚱᚪᛗᛗᚪᚱᛡᚾ,511
papermaking,699049,0,ᛈᚪᛈᛖᚱᛗᚪᚳᛝ,521
squabbles,698878,0,ᛋᚳᚹᚪᛒᛒᛚᛖᛋ,497
warrenton,698798,0,ᚹᚪᚱᚱᛖᚾᛏᚩᚾ,329
foolproof,698759,0,ᚠᚩᚩᛚᛈᚱᚩᚩᚠ,159
startlingly,698602,0,ᛋᛏᚪᚱᛏᛚᛝᛚᚣ,607
subalpine,698432,0,ᛋᚢᛒᚪᛚᛈᛁᚾᛖ,457
edematous,698093,0,ᛖᛞᛖᛗᚪᛏᚩᚢᛋ,513
hellenism,697884,0,ᚻᛖᛚᛚᛖᚾᛁᛋᛗ,487
mimeograph,697657,0,ᛗᛁᛗᛇᚷᚱᚪᛈᚻ,405
thrombotic,697575,0,ᚦᚱᚩᛗᛒᚩᛏᛁᚳ,265
housemaid,696777,0,ᚻᚩᚢᛋᛖᛗᚪᛁᛞ,441
fetishism,696723,0,ᚠᛖᛏᛁᛋᚻᛁᛋᛗ,390
ameliorating,696633,0,ᚪᛗᛖᛚᛡᚱᚪᛏᛝ,661
commonweal,696631,0,ᚳᚩᛗᛗᚩᚾᚹᛠᛚ,399
advisedly,696326,0,ᚪᛞᚢᛁᛋᛖᛞᛚᚣ,605
burgundian,695499,0,ᛒᚢᚱᚷᚢᚾᛞᛡᚾ,349
intestacy,695489,0,ᛁᚾᛏᛖᛋᛏᚪᚳᚣ,511
agitations,695389,0,ᚪᚷᛁᛏᚪᛏᛡᚾᛋ,549
boycotted,694511,0,ᛒᚩᚣᚳᚩᛏᛏᛖᛞ,465
deferrals,694387,0,ᛞᛖᚠᛖᚱᚱᚪᛚᛋ,470
opacities,693733,0,ᚩᛈᚪᚳᛁᛏᛁᛖᛋ,401
geomorphic,693691,0,ᚷᛇᛗᚩᚱᛈᚻᛁᚳ,257
misjudged,693530,0,ᛗᛁᛋᛂᚢᛞᚷᛖᛞ,457
cruciform,693401,0,ᚳᚱᚢᚳᛁᚠᚩᚱᛗ,162
soapstone,692786,0,ᛋᚩᚪᛈᛋᛏᚩᚾᛖ,415
crocheted,692314,0,ᚳᚱᚩᚳᚻᛖᛏᛖᛞ,349
spermatic,692026,0,ᛋᛈᛖᚱᛗᚪᛏᛁᚳ,445
extenuating,691742,0,ᛖᛉᛏᛖᚾᚢᚪᛏᛝ,507
bluestone,691500,0,ᛒᛚᚢᛖᛋᛏᚩᚾᛖ,419
intricacy,691261,0,ᛁᚾᛏᚱᛁᚳᚪᚳᚣ,387
libertine,691211,0,ᛚᛁᛒᛖᚱᛏᛁᚾᛖ,429
liberates,689676,0,ᛚᛁᛒᛖᚱᚪᛏᛖᛋ,519
manicured,689540,0,ᛗᚪᚾᛁᚳᚢᚱᛖᛞ,411
ergonomic,689489,0,ᛖᚱᚷᚩᚾᚩᛗᛁᚳ,253
immoveable,689333,0,ᛁᛗᛗᚩᚢᛠᛒᛚᛖ,493
faintness,688666,0,ᚠᚪᛁᚾᛏᚾᛖᛋᛋ,420
cytologic,688103,0,ᚳᚣᛏᚩᛚᚩᚷᛁᚳ,323
stupefied,688051,0,ᛋᛏᚢᛈᛖᚠᛁᛖᛞ,414
blackjack,687830,0,ᛒᛚᚪᚳᚳᛂᚪᚳᚳ,417
heartbreaking,686049,0,ᚻᛠᚱᛏᛒᚱᛠᚳᛝ,475
papilloma,685335,0,ᛈᚪᛈᛁᛚᛚᚩᛗᚪ,535
disrepair,685246,0,ᛞᛁᛋᚱᛖᛈᚪᛁᚱ,433
amidships,684306,0,ᚪᛗᛁᛞᛋᚻᛁᛈᛋ,491
synergies,684251,0,ᛋᚣᚾᛖᚱᚷᛁᛖᛋ,431
unwrapped,683916,0,ᚢᚾᚹᚱᚪᛈᛈᛖᛞ,401
janitorial,683855,0,ᛂᚪᚾᛁᛏᚩᚱᛡᛚ,451
waterline,683647,0,ᚹᚪᛏᛖᚱᛚᛁᚾᛖ,453
curtained,683488,0,ᚳᚢᚱᛏᚪᛁᚾᛖᛞ,399
countdown,683437,0,ᚳᚩᚢᚾᛏᛞᚩᚹᚾ,255
unstained,683436,0,ᚢᚾᛋᛏᚪᛁᚾᛖᛞ,457
obtrusive,682884,0,ᚩᛒᛏᚱᚢᛋᛁᚢᛖ,295
postulating,682814,0,ᛈᚩᛋᛏᚢᛚᚪᛏᛝ,473
carmelite,682681,0,ᚳᚪᚱᛗᛖᛚᛁᛏᛖ,489
bookcases,682501,0,ᛒᚩᚩᚳᚳᚪᛋᛖᛋ,371
mormonism,682490,0,ᛗᚩᚱᛗᚩᚾᛁᛋᛗ,351
obsequious,682045,0,ᚩᛒᛋᛖᚳᚹᛡᚢᛋ,383
coverture,681417,0,ᚳᚩᚢᛖᚱᛏᚢᚱᛖ,241
tolerates,681387,0,ᛏᚩᛚᛖᚱᚪᛏᛖᛋ,493
autopilot,681107,0,ᚪᚢᛏᚩᛈᛁᛚᚩᛏ,379
overdrawn,680295,0,ᚩᚢᛖᚱᛞᚱᚪᚹᚾ,333
topically,680198,0,ᛏᚩᛈᛁᚳᚪᛚᛚᚣ,499
reimbursing,680099,0,ᚱᛖᛁᛗᛒᚢᚱᛋᛝ,387
ventilate,679807,0,ᚢᛖᚾᛏᛁᛚᚪᛏᛖ,485
interlacing,679462,0,ᛁᚾᛏᛖᚱᛚᚪᚳᛝ,459
commenter,679395,0,ᚳᚩᛗᛗᛖᚾᛏᛖᚱ,395
wolverton,679250,0,ᚹᚩᛚᚢᛖᚱᛏᚩᚾ,275
overspread,678717,0,ᚩᚢᛖᚱᛋᛈᚱᛠᛞ,393
freeboard,677857,0,ᚠᚱᛖᛖᛒᚩᚪᚱᛞ,412
scrivener,677711,0,ᛋᚳᚱᛁᚢᛖᚾᛖᚱ,285
granulosa,677579,0,ᚷᚱᚪᚾᚢᛚᚩᛋᚪ,387
trackless,677552,0,ᛏᚱᚪᚳᚳᛚᛖᛋᛋ,439
dissonant,677399,0,ᛞᛁᛋᛋᚩᚾᚪᚾᛏ,447
hereabouts,677277,0,ᚻᛖᚱᛠᛒᚩᚢᛏᛋ,393
trondheim,677227,0,ᛏᚱᚩᚾᛞᚻᛖᛁᛗ,387
achievers,676765,0,ᚪᚳᚻᛁᛖᚢᛖᚱᛋ,365
enthusiasms,676724,0,ᛖᚾᚦᚢᛋᛡᛋᛗᛋ,441
telescoping,675970,0,ᛏᛖᛚᛖᛋᚳᚩᛈᛝ,461
nourishes,675267,0,ᚾᚩᚢᚱᛁᛋᚻᛖᛋ,277
hedgerows,675099,0,ᚻᛖᛞᚷᛖᚱᚩᚹᛋ,353
workbench,674912,0,ᚹᚩᚱᚳᛒᛖᚾᚳᚻ,243
subtended,674284,0,ᛋᚢᛒᛏᛖᚾᛞᛖᛞ,517
dissenter,674029,0,ᛞᛁᛋᛋᛖᚾᛏᛖᚱ,459
quarreled,673889,0,ᚳᚹᚪᚱᚱᛖᛚᛖᛞ,447
hauptmann,673469,0,ᚻᚪᚢᛈᛏᛗᚪᚾᚾ,451
atomistic,673224,0,ᚪᛏᚩᛗᛁᛋᛏᛁᚳ,421
giddiness,672889,0,ᚷᛁᛞᛞᛁᚾᛖᛋᛋ,459
idolaters,672628,0,ᛁᛞᚩᛚᚪᛏᛖᚱᛋ,487
ploughman,672563,0,ᛈᛚᚩᚢᚷᚻᛗᚪᚾ,363
decoupled,672099,0,ᛞᛖᚳᚩᚢᛈᛚᛖᛞ,451
collusive,671707,0,ᚳᚩᛚᛚᚢᛋᛁᚢᛖ,323
nepheline,671364,0,ᚾᛖᛈᚻᛖᛚᛁᚾᛖ,429
messieurs,671272,0,ᛗᛖᛋᛋᛁᛖᚢᚱᛋ,409
crossbred,671107,0,ᚳᚱᚩᛋᛋᛒᚱᛖᛞ,365
sympathizing,671011,0,ᛋᚣᛗᛈᚪᚦᛁᛋᛝ,535
retractor,670839,0,ᚱᛖᛏᚱᚪᚳᛏᚩᚱ,335
subdividing,670800,0,ᛋᚢᛒᛞᛁᚢᛁᛞᛝ,439
pasternak,670771,0,ᛈᚪᛋᛏᛖᚱᚾᚪᚳ,469
irritably,670463,0,ᛁᚱᚱᛁᛏᚪᛒᛚᚣ,477
reconnect,670212,0,ᚱᛖᚳᚩᚾᚾᛖᚳᛏ,295
gethsemane,670103,0,ᚷᛖᚦᛋᛖᛗᚪᚾᛖ,473
unluckily,668981,0,ᚢᚾᛚᚢᚳᚳᛁᛚᚣ,341
perforate,668926,0,ᛈᛖᚱᚠᚩᚱᚪᛏᛖ,364
retrieves,668589,0,ᚱᛖᛏᚱᛁᛖᚢᛖᛋ,369
arresters,667906,0,ᚪᚱᚱᛖᛋᛏᛖᚱᛋ,429
empathetic,667724,0,ᛖᛗᛈᚪᚦᛖᛏᛁᚳ,453
diffident,667429,0,ᛞᛁᚠᚠᛁᛞᛖᚾᛏ,399
thermistor,667016,0,ᚦᛖᚱᛗᛁᛋᛏᚩᚱ,315
cockerels,666905,0,ᚳᚩᚳᚳᛖᚱᛖᛚᛋ,317
undeserving,666886,0,ᚢᚾᛞᛖᛋᛖᚱᚢᛝ,401
monolingual,666714,0,ᛗᚩᚾᚩᛚᛝᚢᚪᛚ,439
bandwagon,666324,0,ᛒᚪᚾᛞᚹᚪᚷᚩᚾ,445
antidotes,665903,0,ᚪᚾᛏᛁᛞᚩᛏᛖᛋ,491
unequaled,665544,0,ᚢᚾᛖᚳᚹᚪᛚᛖᛞ,457
spielberg,665393,0,ᛋᛈᛁᛖᛚᛒᛖᚱᚷ,423
ungenerous,665127,0,ᚢᛝᛖᚾᛖᚱᚩᚢᛋ,319
homicidal,664996,0,ᚻᚩᛗᛁᚳᛁᛞᚪᛚ,435
vindicating,664986,0,ᚢᛁᚾᛞᛁᚳᚪᛏᛝ,431
workbooks,664238,0,ᚹᚩᚱᚳᛒᚩᚩᚳᛋ,191
sweetener,664167,0,ᛋᚹᛖᛖᛏᛖᚾᛖᚱ,439
adjacency,664053,0,ᚪᛞᛂᚪᚳᛖᚾᚳᚣ,545
drainages,663662,0,ᛞᚱᚪᛁᚾᚪᚷᛖᛋ,491
searchable,663535,0,ᛋᛠᚱᚳᚻᚪᛒᛚᛖ,507
stevedore,663128,0,ᛋᛏᛖᚢᛖᛞᚩᚱᛖ,423
urethritis,663100,0,ᚢᚱᛖᚦᚱᛁᛏᛁᛋ,271
heightens,663002,0,ᚻᛖᛁᚷᚻᛏᛖᚾᛋ,369
gravities,662738,0,ᚷᚱᚪᚢᛁᛏᛁᛖᛋ,369
laudatory,662621,0,ᛚᚪᚢᛞᚪᛏᚩᚱᚣ,539
epiphyseal,662316,0,ᛖᛈᛁᛈᚻᚣᛋᛠᛚ,545
etruscans,661542,0,ᛖᛏᚱᚢᛋᚳᚪᚾᛋ,385
sandpiper,661460,0,ᛋᚪᚾᛞᛈᛁᛈᛖᚱ,463
shriveled,661315,0,ᛋᚻᚱᛁᚢᛖᛚᛖᛞ,417
oncogenes,661259,0,ᚩᚾᚳᚩᚷᛖᚾᛖᛋ,289
execrable,660814,0,ᛖᛉᛖᚳᚱᚪᛒᛚᛖ,503
motorways,660790,0,ᛗᚩᛏᚩᚱᚹᚪᚣᛋ,427
externals,660776,0,ᛖᛉᛏᛖᚱᚾᚪᛚᛋ,503
antigonus,660415,0,ᚪᚾᛏᛁᚷᚩᚾᚢᛋ,325
velazquez,660384,0,ᚢᛖᛚᚪᛋᚳᚹᛖᛋ,445
solidifying,659852,0,ᛋᚩᛚᛁᛞᛁᚠᚣᛝ,468
carpathians,659003,0,ᚳᚪᚱᛈᚪᚦᛡᚾᛋ,455
amplifies,658631,0,ᚪᛗᛈᛚᛁᚠᛁᛖᛋ,468
inductors,658362,0,ᛁᚾᛞᚢᚳᛏᚩᚱᛋ,295
fumigated,658155,0,ᚠᚢᛗᛁᚷᚪᛏᛖᛞ,436
neanderthal,657952,0,ᚾᛠᚾᛞᛖᚱᚦᚪᛚ,509
leaseholds,657123,0,ᛚᛠᛋᛖᚻᚩᛚᛞᛋ,547
racetrack,656806,0,ᚱᚪᚳᛖᛏᚱᚪᚳᚳ,381
sojourner,655553,0,ᛋᚩᛂᚩᚢᚱᚾᛖᚱ,225
eindhoven,655417,0,ᛖᛁᚾᛞᚻᚩᚢᛖᚾ,345
imidazole,654875,0,ᛁᛗᛁᛞᚪᛋᚩᛚᛖ,519
pentoxide,654845,0,ᛈᛖᚾᛏᚩᛉᛁᛞᛖ,439
untutored,654577,0,ᚢᚾᛏᚢᛏᚩᚱᛖᛞ,327
disallowing,654557,0,ᛞᛁᛋᚪᛚᛚᚩᚹᛝ,521
ephedrine,654406,0,ᛖᛈᚻᛖᛞᚱᛁᚾᛖ,427
reasserted,654359,0,ᚱᛠᛋᛋᛖᚱᛏᛖᛞ,519
colostrum,654323,0,ᚳᚩᛚᚩᛋᛏᚱᚢᛗ,297
depreciating,654223,0,ᛞᛖᛈᚱᛖᚳᛡᛏᛝ,535
embezzled,654020,0,ᛖᛗᛒᛖᛋᛋᛚᛖᛞ,601
pacifists,653903,0,ᛈᚪᚳᛁᚠᛁᛋᛏᛋ,382
straddled,653871,0,ᛋᛏᚱᚪᛞᛞᛚᛖᛞ,627
jellyfish,653720,0,ᛂᛖᛚᛚᚣᚠᛁᛋᚻ,462
magnetron,653592,0,ᛗᚪᚷᚾᛖᛏᚱᚩᚾ,387
seasonably,653531,0,ᛋᛠᛋᚩᚾᚪᛒᛚᚣ,585
unabashed,653370,0,ᚢᚾᚪᛒᚪᛋᚻᛖᛞ,519
polyamide,652936,0,ᛈᚩᛚᚣᚪᛗᛁᛞᛖ,581
perihelion,652538,0,ᛈᛖᚱᛁᚻᛖᛚᛡᚾ,451
hygienist,652310,0,ᚻᚣᚷᛁᛖᚾᛁᛋᛏ,413
synergism,652092,0,ᛋᚣᚾᛖᚱᚷᛁᛋᛗ,435
zoroaster,651804,0,ᛋᚩᚱᚩᚪᛋᛏᛖᚱ,365
uncoupled,651774,0,ᚢᚾᚳᚩᚢᛈᛚᛖᛞ,327
tippecanoe,651287,0,ᛏᛁᛈᛈᛖᚳᚪᚾᛟ,465
redesigning,651210,0,ᚱᛖᛞᛖᛋᛁᚷᚾᛝ,443
columbium,650769,0,ᚳᚩᛚᚢᛗᛒᛁᚢᛗ,333
harboured,649735,0,ᚻᚪᚱᛒᚩᚢᚱᛖᛞ,369
corpuscle,649210,0,ᚳᚩᚱᛈᚢᛋᚳᛚᛖ,283
hysterics,649126,0,ᚻᚣᛋᛏᛖᚱᛁᚳᛋ,413
rangelands,649062,0,ᚱᚪᛝᛖᛚᚪᚾᛞᛋ,595
donatello,648959,0,ᛞᚩᚾᚪᛏᛖᛚᛚᚩ,501
foodstuff,648348,0,ᚠᚩᚩᛞᛋᛏᚢᚠᚠ,224
readmission,647885,0,ᚱᛠᛞᛗᛁᛋᛋᛡᚾ,553
wanamaker,647727,0,ᚹᚪᚾᚪᛗᚪᚳᛖᚱ,501
poorhouse,647273,0,ᛈᚩᚩᚱᚻᚩᚢᛋᛖ,221
caballero,647174,0,ᚳᚪᛒᚪᛚᛚᛖᚱᚩ,499
shuttered,647002,0,ᛋᚻᚢᛏᛏᛖᚱᛖᛞ,431
offshoots,646993,0,ᚩᚠᚠᛋᚻᚩᚩᛏᛋ,213
hostesses,646263,0,ᚻᚩᛋᛏᛖᛋᛋᛖᛋ,435
minkowski,645872,0,ᛗᛁᚾᚳᚩᚹᛋᚳᛁ,267
esperanza,645471,0,ᛖᛋᛈᛖᚱᚪᚾᛋᚪ,517
frankford,645393,0,ᚠᚱᚪᚾᚳᚠᚩᚱᛞ,261
tanneries,645149,0,ᛏᚪᚾᚾᛖᚱᛁᛖᛋ,443
anchovies,644501,0,ᚪᚾᚳᚻᚩᚢᛁᛖᛋ,323
isostatic,644257,0,ᛁᛋᚩᛋᛏᚪᛏᛁᚳ,403
diffusely,643539,0,ᛞᛁᚠᚠᚢᛋᛖᛚᚣ,423
cylindric,643526,0,ᚳᚣᛚᛁᚾᛞᚱᛁᚳ,393
repudiates,642776,0,ᚱᛖᛈᚢᛞᛡᛏᛖᛋ,499
fairyland,642759,0,ᚠᚪᛁᚱᚣᛚᚪᚾᛞ,532
concepcion,642686,0,ᚳᚩᚾᚳᛖᛈᚳᛡᚾ,321
softwoods,642494,0,ᛋᚩᚠᛏᚹᚩᚩᛞᛋ,296
absolutes,642355,0,ᚪᛒᛋᚩᛚᚢᛏᛖᛋ,473
organists,641401,0,ᚩᚱᚷᚪᚾᛁᛋᛏᛋ,357
frightens,641388,0,ᚠᚱᛁᚷᚻᛏᛖᚾᛋ,292
arenaceous,640105,0,ᚪᚱᛖᚾᚪᚳᛇᚢᛋ,411
validates,639943,0,ᚢᚪᛚᛁᛞᚪᛏᛖᛋ,569
macartney,639933,0,ᛗᚪᚳᚪᚱᛏᚾᛖᚣ,547
esmeralda,639654,0,ᛖᛋᛗᛖᚱᚪᛚᛞᚪ,625
delawares,639498,0,ᛞᛖᛚᚪᚹᚪᚱᛖᛋ,573
cormorant,638878,0,ᚳᚩᚱᛗᚩᚱᚪᚾᛏ,305
uncharged,638848,0,ᚢᚾᚳᚻᚪᚱᚷᛖᛞ,349
populists,638172,0,ᛈᚩᛈᚢᛚᛁᛋᛏᛋ,365
barrymore,638133,0,ᛒᚪᚱᚱᚣᛗᚩᚱᛖ,439
unsullied,638009,0,ᚢᚾᛋᚢᛚᛚᛁᛖᛞ,421
paramedic,637529,0,ᛈᚪᚱᚪᛗᛖᛞᛁᚳ,519
ibuprofen,637453,0,ᛁᛒᚢᛈᚱᚩᚠᛖᚾ,254
iatrogenic,636523,0,ᛡᛏᚱᚩᚷᛖᚾᛁᚳ,341
reassuringly,636429,0,ᚱᛠᛋᛋᚢᚱᛝᛚᚣ,495
cuticular,636344,0,ᚳᚢᛏᛁᚳᚢᛚᚪᚱ,303
unmerited,635634,0,ᚢᚾᛗᛖᚱᛁᛏᛖᛞ,427
holograph,634505,0,ᚻᚩᛚᚩᚷᚱᚪᛈᚻ,301
lamplight,634503,0,ᛚᚪᛗᛈᛚᛁᚷᚻᛏ,487
myoglobin,634217,0,ᛗᚣᚩᚷᛚᚩᛒᛁᚾ,399
restarted,633815,0,ᚱᛖᛋᛏᚪᚱᛏᛖᛞ,513
freighted,633768,0,ᚠᚱᛖᛁᚷᚻᛏᛖᛞ,366
armchairs,633486,0,ᚪᚱᛗᚳᚻᚪᛁᚱᛋ,407
unpainted,633439,0,ᚢᚾᛈᚪᛁᚾᛏᛖᛞ,447
authorises,633421,0,ᚪᚢᚦᚩᚱᛁᛋᛖᛋ,327
whetstone,633385,0,ᚹᚻᛖᛏᛋᛏᚩᚾᛖ,383
sweetmeats,632592,0,ᛋᚹᛖᛖᛏᛗᛠᛏᛋ,557
blundered,632264,0,ᛒᛚᚢᚾᛞᛖᚱᛖᛞ,489
subarctic,632093,0,ᛋᚢᛒᚪᚱᚳᛏᛁᚳ,341
spattered,631875,0,ᛋᛈᚪᛏᛏᛖᚱᛖᛞ,545
protester,631793,0,ᛈᚱᚩᛏᛖᛋᛏᛖᚱ,377
armatures,631655,0,ᚪᚱᛗᚪᛏᚢᚱᛖᛋ,469
imminence,631573,0,ᛁᛗᛗᛁᚾᛖᚾᚳᛖ,409
filtrates,631080,0,ᚠᛁᛚᛏᚱᚪᛏᛖᛋ,452
retouched,630722,0,ᚱᛖᛏᚩᚢᚳᚻᛖᛞ,339
marsupials,630651,0,ᛗᚪᚱᛋᚢᛈᛡᛚᛋ,511
incognito,630591,0,ᛁᚾᚳᚩᚷᚾᛁᛏᚩ,223
formalist,630530,0,ᚠᚩᚱᛗᚪᛚᛁᛋᛏ,404
supplanting,630401,0,ᛋᚢᛈᛈᛚᚪᚾᛏᛝ,479
aristides,630089,0,ᚪᚱᛁᛋᛏᛁᛞᛖᛋ,491
frailties,629833,0,ᚠᚱᚪᛁᛚᛏᛁᛖᛋ,424
untainted,629449,0,ᚢᚾᛏᚪᛁᚾᛏᛖᛞ,463
absconded,629423,0,ᚪᛒᛋᚳᚩᚾᛞᛖᛞ,505
threescore,629337,0,ᚦᚱᛖᛖᛋᚳᚩᚱᛖ,301
victualling,628893,0,ᚢᛁᚳᛏᚢᚪᛚᛚᛝ,431
wheelbase,628508,0,ᚹᚻᛖᛖᛚᛒᚪᛋᛖ,527
mesolithic,628437,0,ᛗᛖᛋᚩᛚᛁᚦᛁᚳ,351
confounds,628353,0,ᚳᚩᚾᚠᚩᚢᚾᛞᛋ,232
dignitary,628106,0,ᛞᛁᚷᚾᛁᛏᚪᚱᚣ,467
overdrive,627677,0,ᚩᚢᛖᚱᛞᚱᛁᚢᛖ,289
vouchsafe,627567,0,ᚢᚩᚢᚳᚻᛋᚪᚠᛖ,268
telephoning,627373,0,ᛏᛖᛚᛖᛈᚻᚩᚾᛝ,447
piggyback,627018,0,ᛈᛁᚷᚷᚣᛒᚪᚳᚳ,395
roommates,627016,0,ᚱᚩᚩᛗᛗᚪᛏᛖᛋ,443
protrudes,626408,0,ᛈᚱᚩᛏᚱᚢᛞᛖᛋ,343
cafeterias,625996,0,ᚳᚪᚠᛖᛏᛖᚱᛡᛋ,476
nobleness,625909,0,ᚾᚩᛒᛚᛖᚾᛖᛋᛋ,439
honorific,625848,0,ᚻᚩᚾᚩᚱᛁᚠᛁᚳ,154
boutiques,625144,0,ᛒᚩᚢᛏᛁᚳᚹᛖᛋ,313
deducible,625090,0,ᛞᛖᛞᚢᚳᛁᛒᛚᛖ,493
progenies,624711,0,ᛈᚱᚩᚷᛖᚾᛁᛖᛋ,325
crossroad,624551,0,ᚳᚱᚩᛋᛋᚱᚩᚪᛞ,341
proneness,624528,0,ᛈᚱᚩᚾᛖᚾᛖᛋᛋ,359
englanders,624478,0,ᛖᛝᛚᚪᚾᛞᛖᚱᛋ,565
inculcating,623979,0,ᛁᚾᚳᚢᛚᚳᚪᛏᛝ,397
ayatollah,623964,0,ᚪᚣᚪᛏᚩᛚᛚᚪᚻ,629
millenium,623209,0,ᛗᛁᛚᛚᛖᚾᛁᚢᛗ,449
referenda,623166,0,ᚱᛖᚠᛖᚱᛖᚾᛞᚪ,440
latencies,623143,0,ᛚᚪᛏᛖᚾᚳᛁᛖᛋ,489
sweethearts,622962,0,ᛋᚹᛖᛖᚦᛠᚱᛏᛋ,443
poliovirus,622949,0,ᛈᚩᛚᛡᚢᛁᚱᚢᛋ,331
peristome,622866,0,ᛈᛖᚱᛁᛋᛏᚩᛗᛖ,409
unfeigned,622835,0,ᚢᚾᚠᛖᛁᚷᚾᛖᛞ,334
conserves,622716,0,ᚳᚩᚾᛋᛖᚱᚢᛖᛋ,303
condorcet,622435,0,ᚳᚩᚾᛞᚩᚱᚳᛖᛏ,295
stabilising,622106,0,ᛋᛏᚪᛒᛁᛚᛁᛋᛝ,537
quicklime,621955,0,ᚳᚹᛁᚳᚳᛚᛁᛗᛖ,331
artificer,621809,0,ᚪᚱᛏᛁᚠᛁᚳᛖᚱ,322
summative,621532,0,ᛋᚢᛗᛗᚪᛏᛁᚢᛖ,455
largeness,621117,0,ᛚᚪᚱᚷᛖᚾᛖᛋᛋ,467
leucocyte,620997,0,ᛚᛖᚢᚳᚩᚳᚣᛏᛖ,405
landholding,620754,0,ᛚᚪᚾᛞᚻᚩᛚᛞᛝ,559
largemouth,619601,0,ᛚᚪᚱᚷᛖᛗᚩᚢᚦ,351
conscript,619311,0,ᚳᚩᚾᛋᚳᚱᛁᛈᛏ,259
bedclothes,619213,0,ᛒᛖᛞᚳᛚᚩᚦᛖᛋ,435
prophesying,619197,0,ᛈᚱᚩᛈᚻᛖᛋᚣᛝ,429
arteritis,618664,0,ᚪᚱᛏᛖᚱᛁᛏᛁᛋ,419
underhand,618251,0,ᚢᚾᛞᛖᚱᚻᚪᚾᛞ,437
goldstone,617952,0,ᚷᚩᛚᛞᛋᛏᚩᚾᛖ,401
masochism,617900,0,ᛗᚪᛋᚩᚳᚻᛁᛋᛗ,419
peacemaker,617360,0,ᛈᛠᚳᛖᛗᚪᚳᛖᚱ,491
molesworth,616994,0,ᛗᚩᛚᛖᛋᚹᚩᚱᚦ,313
malayalam,616869,0,ᛗᚪᛚᚪᚣᚪᛚᚪᛗ,779
wrestlers,616861,0,ᚹᚱᛖᛋᛏᛚᛖᚱᛋ,413
conflation,616720,0,ᚳᚩᚾᚠᛚᚪᛏᛡᚾ,416
hardihood,616244,0,ᚻᚪᚱᛞᛁᚻᚩᚩᛞ,377
pessimist,615867,0,ᛈᛖᛋᛋᛁᛗᛁᛋᛏ,461
epithelioma,615192,0,ᛖᛈᛁᚦᛖᛚᛡᛗᚪ,561
trapezoid,615072,0,ᛏᚱᚪᛈᛖᛋᚩᛁᛞ,457
monocular,614941,0,ᛗᚩᚾᚩᚳᚢᛚᚪᚱ,311
cumulation,614744,0,ᚳᚢᛗᚢᛚᚪᛏᛡᚾ,455
patroness,614604,0,ᛈᚪᛏᚱᚩᚾᛖᛋᛋ,419
unravelling,614603,0,ᚢᚾᚱᚪᚢᛖᛚᛚᛝ,435
townhouse,614327,0,ᛏᚩᚹᚾᚻᚩᚢᛋᛖ,267
unruffled,613486,0,ᚢᚾᚱᚢᚠᚠᛚᛖᛞ,279
beekeeper,613273,0,ᛒᛖᛖᚳᛖᛖᛈᛖᚱ,463
overgrazing,612910,0,ᚩᚢᛖᚱᚷᚱᚪᛋᛝ,345
sulfonate,612802,0,ᛋᚢᛚᚠᚩᚾᚪᛏᛖ,390
killarney,612777,0,ᚳᛁᛚᛚᚪᚱᚾᛖᚣ,497
positrons,612040,0,ᛈᚩᛋᛁᛏᚱᚩᚾᛋ,293
isosceles,611937,0,ᛁᛋᚩᛋᚳᛖᛚᛖᛋ,417
downgraded,611889,0,ᛞᚩᚹᛝᚱᚪᛞᛖᛞ,547
unsteadily,611738,0,ᚢᚾᛋᛏᛠᛞᛁᛚᚣ,549
apologist,611532,0,ᚪᛈᚩᛚᚩᚷᛁᛋᛏ,387
ecologist,611169,0,ᛖᚳᚩᛚᚩᚷᛁᛋᛏ,327
dichroism,611140,0,ᛞᛁᚳᚻᚱᚩᛁᛋᛗ,329
foretaste,610973,0,ᚠᚩᚱᛖᛏᚪᛋᛏᛖ,422
recharged,610808,0,ᚱᛖᚳᚻᚪᚱᚷᛖᛞ,395
instigate,610807,0,ᛁᚾᛋᛏᛁᚷᚪᛏᛖ,443
periscope,610716,0,ᛈᛖᚱᛁᛋᚳᚩᛈᛖ,335
passersby,610488,0,ᛈᚪᛋᛋᛖᚱᛋᛒᚣ,541
francoise,610448,0,ᚠᚱᚪᚾᚳᚩᛁᛋᛖ,310
paraffins,610313,0,ᛈᚪᚱᚪᚠᚠᛁᚾᛋ,365
jaundiced,610274,0,ᛂᚪᚢᚾᛞᛁᚳᛖᛞ,455
epictetus,610127,0,ᛖᛈᛁᚳᛏᛖᛏᚢᛋ,395
shimmered,609773,0,ᛋᚻᛁᛗᛗᛖᚱᛖᛞ,483
resurrect,609557,0,ᚱᛖᛋᚢᚱᚱᛖᚳᛏ,295
plantains,609500,0,ᛈᛚᚪᚾᛏᚪᛁᚾᛋ,511
corkscrew,609152,0,ᚳᚩᚱᚳᛋᚳᚱᛖᚹ,207
strainers,608898,0,ᛋᛏᚱᚪᛁᚾᛖᚱᛋ,411
provencal,608466,0,ᛈᚱᚩᚢᛖᚾᚳᚪᛚ,343
lithuanians,608390,0,ᛚᛁᚦᚢᚪᚾᛡᚾᛋ,427
premolars,608021,0,ᛈᚱᛖᛗᚩᛚᚪᚱᛋ,433
trifolium,608020,0,ᛏᚱᛁᚠᚩᛚᛁᚢᛗ,288
retriever,607983,0,ᚱᛖᛏᚱᛁᛖᚢᛖᚱ,327
bedridden,607830,0,ᛒᛖᛞᚱᛁᛞᛞᛖᚾ,533
froissart,607701,0,ᚠᚱᚩᛁᛋᛋᚪᚱᛏ,324
shoplifting,607631,0,ᛋᚻᚩᛈᛚᛁᚠᛏᛝ,370
severable,607564,0,ᛋᛖᚢᛖᚱᚪᛒᛚᛖ,499
psychopath,607361,0,ᛈᛋᚣᚳᚻᚩᛈᚪᚦ,387
subjugate,606690,0,ᛋᚢᛒᛂᚢᚷᚪᛏᛖ,397
complexed,606651,0,ᚳᚩᛗᛈᛚᛖᛉᛖᛞ,477
bridgehead,606626,0,ᛒᚱᛁᛞᚷᛖᚻᛠᛞ,497
proconsul,606560,0,ᛈᚱᚩᚳᚩᚾᛋᚢᛚ,239
encircles,606364,0,ᛖᚾᚳᛁᚱᚳᛚᛖᛋ,357
symbolist,606248,0,ᛋᚣᛗᛒᚩᛚᛁᛋᛏ,511
reposition,605748,0,ᚱᛖᛈᚩᛋᛁᛏᛡᚾ,407
goddamned,605521,0,ᚷᚩᛞᛞᚪᛗᚾᛖᛞ,555
windstorm,605511,0,ᚹᛁᚾᛞᛋᛏᚩᚱᛗ,369
receipted,605444,0,ᚱᛖᚳᛖᛁᛈᛏᛖᛞ,447
harmonica,605069,0,ᚻᚪᚱᛗᚩᚾᛁᚳᚪ,379
contralto,604834,0,ᚳᚩᚾᛏᚱᚪᛚᛏᚩ,355
antelopes,604533,0,ᚪᚾᛏᛖᛚᚩᛈᛖᛋ,495
prayerful,604303,0,ᛈᚱᚪᚣᛖᚱᚠᚢᛚ,410
adamantly,603890,0,ᚪᛞᚪᛗᚪᚾᛏᛚᚣ,715
gabriella,603612,0,ᚷᚪᛒᚱᛁᛖᛚᛚᚪ,527
corruptly,603477,0,ᚳᚩᚱᚱᚢᛈᛏᛚᚣ,323
sanctifying,603445,0,ᛋᚪᚾᚳᛏᛁᚠᚣᛝ,466
corporals,603376,0,ᚳᚩᚱᛈᚩᚱᚪᛚᛋ,315
boardroom,603374,0,ᛒᚩᚪᚱᛞᚱᚩᚩᛗ,361
stillwell,603197,0,ᛋᛏᛁᛚᛚᚹᛖᛚᛚ,521
returnees,603081,0,ᚱᛖᛏᚢᚱᚾᛖᛖᛋ,367
butternut,602902,0,ᛒᚢᛏᛏᛖᚱᚾᚢᛏ,351
kittredge,602874,0,ᚳᛁᛏᛏᚱᛖᛞᚷᛖ,413
westerner,602182,0,ᚹᛖᛋᛏᛖᚱᚾᛖᚱ,383
cataclysm,602166,0,ᚳᚪᛏᚪᚳᛚᚣᛋᛗ,579
tautology,602004,0,ᛏᚪᚢᛏᚩᛚᚩᚷᚣ,425
curettage,601984,0,ᚳᚢᚱᛖᛏᛏᚪᚷᛖ,393
galsworthy,601871,0,ᚷᚪᛚᛋᚹᚩᚱᚦᚣ,385
cacophony,601777,0,ᚳᚪᚳᚩᛈᚻᚩᚾᚣ,335
inoculating,601645,0,ᛁᚾᚩᚳᚢᛚᚪᛏᛝ,391
uselessly,601578,0,ᚢᛋᛖᛚᛖᛋᛋᛚᚣ,545
sapphires,600700,0,ᛋᚪᛈᛈᚻᛁᚱᛖᛋ,421
preclusion,600560,0,ᛈᚱᛖᚳᛚᚢᛋᛡᚾ,399
blanketed,600519,0,ᛒᛚᚪᚾᚳᛖᛏᛖᛞ,555
subjacent,600347,0,ᛋᚢᛒᛂᚪᚳᛖᚾᛏ,419
vigilante,600244,0,ᚢᛁᚷᛁᛚᚪᚾᛏᛖ,407
shutdowns,599833,0,ᛋᚻᚢᛏᛞᚩᚹᚾᛋ,335
histrionic,599531,0,ᚻᛁᛋᛏᚱᛡᚾᛁᚳ,357
ecuadorian,599134,0,ᛖᚳᚢᚪᛞᚩᚱᛡᚾ,423
hezbollah,599072,0,ᚻᛖᛋᛒᚩᛚᛚᚪᚻ,477
whereunto,598638,0,ᚹᚻᛖᚱᛖᚢᚾᛏᚩ,285
chaperone,598159,0,ᚳᚻᚪᛈᛖᚱᚩᚾᛖ,357
dialogical,598112,0,ᛞᛡᛚᚩᚷᛁᚳᚪᛚ,507
bioscience,596970,0,ᛒᛡᛋᚳᛁᛖᚾᚳᛖ,441
incognita,596742,0,ᛁᚾᚳᚩᚷᚾᛁᛏᚪ,313
desolated,596525,0,ᛞᛖᛋᚩᛚᚪᛏᛖᛞ,601
subtitled,596435,0,ᛋᚢᛒᛏᛁᛏᛚᛖᛞ,495
handbills,596354,0,ᚻᚪᚾᛞᛒᛁᛚᛚᛋ,529
maharajah,595817,0,ᛗᚪᚻᚪᚱᚪᛂᚪᚻ,553
optimists,595804,0,ᚩᛈᛏᛁᛗᛁᛋᛏᛋ,407
imperiled,594855,0,ᛁᛗᛈᛖᚱᛁᛚᛖᛞ,483
cyclopaedia,594751,0,ᚳᚣᚳᛚᚩᛈᚫᛞᛡ,549
renounces,594618,0,ᚱᛖᚾᚩᚢᚾᚳᛖᛋ,279
festooned,594205,0,ᚠᛖᛋᛏᚩᚩᚾᛖᛞ,380
reversions,593563,0,ᚱᛖᚢᛖᚱᛋᛡᚾᛋ,401
disinfect,593487,0,ᛞᛁᛋᛁᚾᚠᛖᚳᛏ,374
factitious,593472,0,ᚠᚪᚳᛏᛁᛏᛡᚢᛋ,424
hibernating,593159,0,ᚻᛁᛒᛖᚱᚾᚪᛏᛝ,457
escutcheon,592169,0,ᛖᛋᚳᚢᛏᚳᚻᛇᚾ,301
mannerism,591862,0,ᛗᚪᚾᚾᛖᚱᛁᛋᛗ,459
dunstable,591426,0,ᛞᚢᚾᛋᛏᚪᛒᛚᛖ,531
disavowal,591377,0,ᛞᛁᛋᚪᚢᚩᚹᚪᛚ,469
toxicants,591123,0,ᛏᚩᛉᛁᚳᚪᚾᛏᛋ,395
effectors,590621,0,ᛖᚠᚠᛖᚳᛏᚩᚱᛋ,281
eponymous,590355,0,ᛖᛈᚩᚾᚣᛗᚩᚢᛋ,383
styrofoam,590292,0,ᛋᛏᚣᚱᚩᚠᚩᚪᛗ,410
newsstand,590123,0,ᚾᛖᚹᛋᛋᛏᚪᚾᛞ,495
hottentot,590072,0,ᚻᚩᛏᛏᛖᚾᛏᚩᛏ,369
polyphony,589771,0,ᛈᚩᛚᚣᛈᚻᚩᚾᚣ,431
motorboat,589731,0,ᛗᚩᛏᚩᚱᛒᚩᚪᛏ,379
dyskinesia,589502,0,ᛞᚣᛋᚳᛁᚾᛖᛋᛡ,545
standpipe,589322,0,ᛋᛏᚪᚾᛞᛈᛁᛈᛖ,511
interweaving,588620,0,ᛁᚾᛏᛖᚱᚹᛠᚢᛝ,407
lifeblood,588616,0,ᛚᛁᚠᛖᛒᛚᚩᚩᛞ,410
ballerina,588391,0,ᛒᚪᛚᛚᛖᚱᛁᚾᚪ,539
weatherford,588147,0,ᚹᛠᚦᛖᚱᚠᚩᚱᛞ,320
holograms,587845,0,ᚻᚩᛚᚩᚷᚱᚪᛗᛋ,359
aragonite,587598,0,ᚪᚱᚪᚷᚩᚾᛁᛏᛖ,415
friesland,587413,0,ᚠᚱᛁᛖᛋᛚᚪᚾᛞ,452
sunscreen,587251,0,ᛋᚢᚾᛋᚳᚱᛖᛖᚾ,325
sorceress,587158,0,ᛋᚩᚱᚳᛖᚱᛖᛋᛋ,335
sincerest,587135,0,ᛋᛁᚾᚳᛖᚱᛖᛋᛏ,383
appertain,586748,0,ᚪᛈᛈᛖᚱᛏᚪᛁᚾ,477
afterglow,586550,0,ᚪᚠᛏᛖᚱᚷᛚᚩᚹ,352
polarizer,586420,0,ᛈᚩᛚᚪᚱᛁᛋᛖᚱ,393
firewalls,586055,0,ᚠᛁᚱᛖᚹᚪᛚᛚᛋ,426
cornucopia,585965,0,ᚳᚩᚱᚾᚢᚳᚩᛈᛡ,233
irascible,585383,0,ᛁᚱᚪᛋᚳᛁᛒᛚᛖ,437
harmonise,585094,0,ᚻᚪᚱᛗᚩᚾᛁᛋᛖ,389
wodehouse,584692,0,ᚹᚩᛞᛖᚻᚩᚢᛋᛖ,335
inoculate,584485,0,ᛁᚾᚩᚳᚢᛚᚪᛏᛖ,379
unrefined,584470,0,ᚢᚾᚱᛖᚠᛁᚾᛖᛞ,328
hausdorff,584162,0,ᚻᚪᚢᛋᛞᚩᚱᚠᚠ,287
channelling,584153,0,ᚳᚻᚪᚾᚾᛖᛚᛚᛝ,483
expositor,583821,0,ᛖᛉᛈᚩᛋᛁᛏᚩᚱ,325
comanches,583615,0,ᚳᚩᛗᚪᚾᚳᚻᛖᛋ,373
outgrowths,583304,0,ᚩᚢᛏᚷᚱᚩᚹᚦᛋ,181
unwrought,583135,0,ᚢᚾᚹᚱᚩᚢᚷᚻᛏ,171
detonator,583060,0,ᛞᛖᛏᚩᚾᚪᛏᚩᚱ,425
caseloads,582909,0,ᚳᚪᛋᛖᛚᚩᚪᛞᛋ,549
devotedly,582820,0,ᛞᛖᚢᚩᛏᛖᛞᛚᚣ,557
premiered,582490,0,ᛈᚱᛖᛗᛁᛖᚱᛖᛞ,457
unenviable,582195,0,ᚢᚾᛖᚾᚢᛡᛒᛚᛖ,439
penitents,582084,0,ᛈᛖᚾᛁᛏᛖᚾᛏᛋ,437
bandwidths,582067,0,ᛒᚪᚾᛞᚹᛁᛞᚦᛋ,473
monoplane,582009,0,ᛗᚩᚾᚩᛈᛚᚪᚾᛖ,423
judgeship,581911,0,ᛂᚢᛞᚷᛖᛋᚻᛁᛈ,363
hyperlink,581827,0,ᚻᚣᛈᛖᚱᛚᛁᚾᚳ,393
alinement,581785,0,ᚪᛚᛁᚾᛖᛗᛖᚾᛏ,523
reabsorbed,581213,0,ᚱᛠᛒᛋᚩᚱᛒᛖᛞ,469
cleverest,580797,0,ᚳᛚᛖᚢᛖᚱᛖᛋᛏ,413
laryngitis,580754,0,ᛚᚪᚱᚣᛝᛁᛏᛁᛋ,537
stuttered,580707,0,ᛋᛏᚢᛏᛏᛖᚱᛖᛞ,467
farewells,580623,0,ᚠᚪᚱᛖᚹᛖᛚᛚᛋ,462
hunchback,580019,0,ᚻᚢᚾᚳᚻᛒᚪᚳᚳ,275
townsfolk,579845,0,ᛏᚩᚹᚾᛋᚠᚩᛚᚳ,262
salubrious,579675,0,ᛋᚪᛚᚢᛒᚱᛡᚢᛋ,461
tarpaulin,579644,0,ᛏᚪᚱᛈᚪᚢᛚᛁᚾ,443
denticles,579634,0,ᛞᛖᚾᛏᛁᚳᛚᛖᛋ,481
carbamate,579460,0,ᚳᚪᚱᛒᚪᛗᚪᛏᛖ,573
difficile,579235,0,ᛞᛁᚠᚠᛁᚳᛁᛚᛖ,339
safflower,579097,0,ᛋᚪᚠᚠᛚᚩᚹᛖᚱ,331
canaveral,578857,0,ᚳᚪᚾᚪᚢᛖᚱᚪᛚ,487
extrusions,577936,0,ᛖᛉᛏᚱᚢᛋᛡᚾᛋ,429
critiqued,577932,0,ᚳᚱᛁᛏᛁᚳᚹᛖᛞ,333
explicate,577905,0,ᛖᛉᛈᛚᛁᚳᚪᛏᛖ,497
scampered,576841,0,ᛋᚳᚪᛗᛈᛖᚱᛖᛞ,511
uncongenial,576711,0,ᚢᚾᚳᚩᛝᛖᚾᛡᛚ,407
newsworthy,575596,0,ᚾᛖᚹᛋᚹᚩᚱᚦᚣ,313
stagnated,575315,0,ᛋᛏᚪᚷᚾᚪᛏᛖᛞ,567
ultrahigh,575217,0,ᚢᛚᛏᚱᚪᚻᛁᚷᚻ,337
reanalysis,575141,0,ᚱᛠᚾᚪᛚᚣᛋᛁᛋ,559
contusions,575140,0,ᚳᚩᚾᛏᚢᛋᛡᚾᛋ,353
glucoside,574743,0,ᚷᛚᚢᚳᚩᛋᛁᛞᛖ,353
colostomy,574082,0,ᚳᚩᛚᚩᛋᛏᚩᛗᚣ,393
enthalpies,573503,0,ᛖᚾᚦᚪᛚᛈᛁᛖᛋ,465
repainted,573206,0,ᚱᛖᛈᚪᛁᚾᛏᛖᛞ,493
shallowly,572421,0,ᛋᚻᚪᛚᛚᚩᚹᛚᚣ,521
denotation,571402,0,ᛞᛖᚾᚩᛏᚪᛏᛡᚾ,543
chlorella,571337,0,ᚳᚻᛚᚩᚱᛖᛚᛚᚪ,437
maltreated,570995,0,ᛗᚪᛚᛏᚱᛠᛏᛖᛞ,635
charioteer,570571,0,ᚳᚻᚪᚱᛡᛏᛖᛖᚱ,455
aluminate,570541,0,ᚪᛚᚢᛗᛁᚾᚪᛏᛖ,527
replanted,570432,0,ᚱᛖᛈᛚᚪᚾᛏᛖᛞ,535
nosocomial,570360,0,ᚾᚩᛋᚩᚳᚩᛗᛡᛚ,367
reinstating,569804,0,ᚱᛖᛁᚾᛋᛏᚪᛏᛝ,485
belvidere,569627,0,ᛒᛖᛚᚢᛁᛞᛖᚱᛖ,469
reargument,569600,0,ᚱᛠᚱᚷᚢᛗᛖᚾᛏ,377
antedated,569491,0,ᚪᚾᛏᛖᛞᚪᛏᛖᛞ,653
genotypic,568802,0,ᚷᛖᚾᚩᛏᚣᛈᛁᚳ,369
partnered,568689,0,ᛈᚪᚱᛏᚾᛖᚱᛖᛞ,473
lespedeza,568383,0,ᛚᛖᛋᛈᛖᛞᛖᛋᚪ,609
babysitting,567999,0,ᛒᚪᛒᚣᛋᛁᛏᛏᛝ,603
visualise,567873,0,ᚢᛁᛋᚢᚪᛚᛁᛋᛖ,411
schweizer,567578,0,ᛋᚳᚻᚹᛖᛁᛋᛖᚱ,337
qualifier,567120,0,ᚳᚹᚪᛚᛁᚠᛁᛖᚱ,344
homewards,565963,0,ᚻᚩᛗᛖᚹᚪᚱᛞᛋ,437
cannonade,565922,0,ᚳᚪᚾᚾᚩᚾᚪᛞᛖ,457
propitiate,565410,0,ᛈᚱᚩᛈᛁᛏᛡᛏᛖ,427
potencies,565303,0,ᛈᚩᛏᛖᚾᚳᛁᛖᛋ,369
discoursing,565057,0,ᛞᛁᛋᚳᚩᚢᚱᛋᛝ,339
pleasantry,565038,0,ᛈᛚᛠᛋᚪᚾᛏᚱᚣ,577
snowflake,564888,0,ᛋᚾᚩᚹᚠᛚᚪᚳᛖ,360
subvention,564646,0,ᛋᚢᛒᚢᛖᚾᛏᛡᚾ,411
stieglitz,564580,0,ᛋᛏᛁᛖᚷᛚᛁᛏᛋ,443
debauched,564459,0,ᛞᛖᛒᚪᚢᚳᚻᛖᛞ,509
affronted,564333,0,ᚪᚠᚠᚱᚩᚾᛏᛖᛞ,363
selfishly,564326,0,ᛋᛖᛚᚠᛁᛋᚻᛚᚣ,478
ernestine,564071,0,ᛖᚱᚾᛖᛋᛏᛁᚾᛖ,413
integrand,563972,0,ᛁᚾᛏᛖᚷᚱᚪᚾᛞ,429
carcinoid,563883,0,ᚳᚪᚱᚳᛁᚾᚩᛁᛞ,321
maceration,563644,0,ᛗᚪᚳᛖᚱᚪᛏᛡᚾ,551
cosmogony,563155,0,ᚳᚩᛋᛗᚩᚷᚩᚾᚣ,307
commotions,563046,0,ᚳᚩᛗᛗᚩᛏᛡᚾᛋ,417
adsorbate,562974,0,ᚪᛞᛋᚩᚱᛒᚪᛏᛖ,541
septicaemia,562938,0,ᛋᛖᛈᛏᛁᚳᚫᛗᛡ,545
motivator,562829,0,ᛗᚩᛏᛁᚢᚪᛏᚩᚱ,345
reassessed,562705,0,ᚱᛠᛋᛋᛖᛋᛋᛖᛞ,555
poignancy,562299,0,ᛈᚩᛁᚷᚾᚪᚾᚳᚣ,369
fascinate,562153,0,ᚠᚪᛋᚳᛁᚾᚪᛏᛖ,448
tableland,561789,0,ᛏᚪᛒᛚᛖᛚᚪᚾᛞ,645
recondite,561566,0,ᚱᛖᚳᚩᚾᛞᛁᛏᛖ,373
heavenward,561409,0,ᚻᛠᚢᛖᚾᚹᚪᚱᛞ,447
fascicles,560583,0,ᚠᚪᛋᚳᛁᚳᛚᛖᛋ,402
missioners,560571,0,ᛗᛁᛋᛋᛡᚾᛖᚱᛋ,475
underpins,560157,0,ᚢᚾᛞᛖᚱᛈᛁᚾᛋ,355
buttercup,560045,0,ᛒᚢᛏᛏᛖᚱᚳᚢᛈ,319
quizzical,559972,0,ᚳᚹᛁᛋᛋᛁᚳᚪᛚ,383
compassed,559709,0,ᚳᚩᛗᛈᚪᛋᛋᛖᛞ,493
nonexempt,559221,0,ᚾᚩᚾᛖᛉᛖᛗᛈᛏ,419
frobisher,559078,0,ᚠᚱᚩᛒᛁᛋᚻᛖᚱ,266
ratepayer,558780,0,ᚱᚪᛏᛖᛈᚪᚣᛖᚱ,555
isherwood,558226,0,ᛁᛋᚻᛖᚱᚹᚩᚩᛞ,307
motherwell,556781,0,ᛗᚩᚦᛖᚱᚹᛖᛚᛚ,393
roadblock,556231,0,ᚱᚩᚪᛞᛒᛚᚩᚳᚳ,371
transpire,555920,0,ᛏᚱᚪᚾᛋᛈᛁᚱᛖ,401
phosphors,555795,0,ᛈᚻᚩᛋᛈᚻᚩᚱᛋ,263
superhero,555120,0,ᛋᚢᛈᛖᚱᚻᛖᚱᚩ,285
impostors,554638,0,ᛁᛗᛈᚩᛋᛏᚩᚱᛋ,335
bookmarks,554604,0,ᛒᚩᚩᚳᛗᚪᚱᚳᛋ,333
rekindled,554562,0,ᚱᛖᚳᛁᚾᛞᛚᛖᛞ,469
superfine,554561,0,ᛋᚢᛈᛖᚱᚠᛁᚾᛖ,306
greensand,554548,0,ᚷᚱᛖᛖᚾᛋᚪᚾᛞ,459
improvising,554395,0,ᛁᛗᛈᚱᚩᚢᛁᛋᛝ,329
palpebral,554234,0,ᛈᚪᛚᛈᛖᛒᚱᚪᛚ,565
polyhedra,554090,0,ᛈᚩᛚᚣᚻᛖᛞᚱᚪ,513
kandinsky,553940,0,ᚳᚪᚾᛞᛁᚾᛋᚳᚣ,457
hourglass,553937,0,ᚻᚩᚢᚱᚷᛚᚪᛋᛋ,337
revengeful,553762,0,ᚱᛖᚢᛖᛝᛖᚠᚢᛚ,372
undergrad,553141,0,ᚢᚾᛞᛖᚱᚷᚱᚪᛞ,413
attainted,552744,0,ᚪᛏᛏᚪᛁᚾᛏᛖᛞ,587
embryonal,552624,0,ᛖᛗᛒᚱᚣᚩᚾᚪᛚ,519
homologue,552447,0,ᚻᚩᛗᚩᛚᚩᚷᚢᛖ,275
figuration,552208,0,ᚠᛁᚷᚢᚱᚪᛏᛡᚾ,356
blackbody,552001,0,ᛒᛚᚪᚳᚳᛒᚩᛞᚣ,517
dastardly,551238,0,ᛞᚪᛋᛏᚪᚱᛞᛚᚣ,671
pemphigus,551188,0,ᛈᛖᛗᛈᚻᛁᚷᚢᛋ,351
honeybees,550647,0,ᚻᚩᚾᛖᚣᛒᛖᛖᛋ,477
hardboard,550495,0,ᚻᚪᚱᛞᛒᚩᚪᚱᛞ,485
guileless,550085,0,ᚷᚢᛁᛚᛖᛚᛖᛋᛋ,437
jewellers,549865,0,ᛂᛖᚹᛖᛚᛚᛖᚱᛋ,467
nameplate,549464,0,ᚾᚪᛗᛖᛈᛚᚪᛏᛖ,603
interline,549386,0,ᛁᚾᛏᛖᚱᛚᛁᚾᛖ,397
checkbook,549345,0,ᚳᚻᛖᚳᚳᛒᚩᚩᚳ,217
colonised,549084,0,ᚳᚩᛚᚩᚾᛁᛋᛖᛞ,369
cherishes,548996,0,ᚳᚻᛖᚱᛁᛋᚻᛖᛋ,341
rebounded,548718,0,ᚱᛖᛒᚩᚢᚾᛞᛖᛞ,423
mirabilis,548293,0,ᛗᛁᚱᚪᛒᛁᛚᛁᛋ,459
fireflies,547390,0,ᚠᛁᚱᛖᚠᛚᛁᛖᛋ,337
caravaggio,546857,0,ᚳᚪᚱᚪᚢᚪᚷᚷᛡ,459
whalebone,546846,0,ᚹᚻᚪᛚᛖᛒᚩᚾᛖ,443
imprisoning,546759,0,ᛁᛗᛈᚱᛁᛋᚩᚾᛝ,355
overloads,546629,0,ᚩᚢᛖᚱᛚᚩᚪᛞᛋ,407
garrulous,546425,0,ᚷᚪᚱᚱᚢᛚᚩᚢᛋ,275
slackness,546010,0,ᛋᛚᚪᚳᚳᚾᛖᛋᛋ,451
sprockets,545783,0,ᛋᛈᚱᚩᚳᚳᛖᛏᛋ,319
chagrined,545699,0,ᚳᚻᚪᚷᚱᛁᚾᛖᛞ,377
beautified,545642,0,ᛒᛠᚢᛏᛁᚠᛁᛖᛞ,452
horsehair,545536,0,ᚻᚩᚱᛋᛖᚻᚪᛁᚱ,323
prescient,544952,0,ᛈᚱᛖᛋᚳᛁᛖᚾᛏ,373
paychecks,544912,0,ᛈᚪᚣᚳᚻᛖᚳᚳᛋ,425
charlatan,544854,0,ᚳᚻᚪᚱᛚᚪᛏᚪᚾ,499
laundered,544784,0,ᛚᚪᚢᚾᛞᛖᚱᛖᛞ,525
brecciated,544582,0,ᛒᚱᛖᚳᚳᛡᛏᛖᛞ,487
vaginitis,544508,0,ᚢᚪᚷᛁᚾᛁᛏᛁᛋ,351
graphitic,543999,0,ᚷᚱᚪᛈᚻᛁᛏᛁᚳ,325
reentered,543252,0,ᚱᛖᛖᚾᛏᛖᚱᛖᛞ,467
aspersions,543240,0,ᚪᛋᛈᛖᚱᛋᛡᚾᛋ,513
phlebitis,542959,0,ᛈᚻᛚᛖᛒᛁᛏᛁᛋ,441
persimmon,542881,0,ᛈᛖᚱᛋᛁᛗᛗᚩᚾ,383
extempore,542872,0,ᛖᛉᛏᛖᛗᛈᚩᚱᛖ,439
splintering,542195,0,ᛋᛈᛚᛁᚾᛏᛖᚱᛝ,445
bicameral,541805,0,ᛒᛁᚳᚪᛗᛖᚱᚪᛚ,521
rhodopsin,541788,0,ᚱᚻᚩᛞᚩᛈᛋᛁᚾ,293
percolate,541589,0,ᛈᛖᚱᚳᚩᛚᚪᛏᛖ,437
inferiorly,541559,0,ᛁᚾᚠᛖᚱᛡᚱᛚᚣ,434
epistaxis,541238,0,ᛖᛈᛁᛋᛏᚪᛉᛁᛋ,481
internist,541228,0,ᛁᚾᛏᛖᚱᚾᛁᛋᛏ,369
undefiled,541163,0,ᚢᚾᛞᛖᚠᛁᛚᛖᛞ,450
jubilation,541056,0,ᛂᚢᛒᛁᛚᚪᛏᛡᚾ,497
presences,541002,0,ᛈᚱᛖᛋᛖᚾᚳᛖᛋ,403
gilgamesh,540887,0,ᚷᛁᛚᚷᚪᛗᛖᛋᚻ,449
wiretapping,540836,0,ᚹᛁᚱᛖᛏᚪᛈᛈᛝ,449
internees,540779,0,ᛁᚾᛏᛖᚱᚾᛖᛖᛋ,413
scarsdale,540759,0,ᛋᚳᚪᚱᛋᛞᚪᛚᛖ,553
unrivaled,540753,0,ᚢᚾᚱᛁᚢᚪᛚᛖᛞ,403
cloakroom,540679,0,ᚳᛚᚩᚪᚳᚱᚩᚩᛗ,299
hartshorn,540590,0,ᚻᚪᚱᛏᛋᚻᚩᚱᚾ,313
geocentric,540570,0,ᚷᛇᚳᛖᚾᛏᚱᛁᚳ,281
eminences,540135,0,ᛖᛗᛁᚾᛖᚾᚳᛖᛋ,427
showcases,540044,0,ᛋᚻᚩᚹᚳᚪᛋᛖᛋ,385
changeless,539912,0,ᚳᚻᚪᛝᛖᛚᛖᛋᛋ,525
staunchly,539892,0,ᛋᛏᚪᚢᚾᚳᚻᛚᚣ,453
guesthouse,539877,0,ᚷᚢᛖᛋᚦᚩᚢᛋᛖ,275
coagulant,539600,0,ᚳᚩᚪᚷᚢᛚᚪᚾᛏ,395
frostbite,539592,0,ᚠᚱᚩᛋᛏᛒᛁᛏᛖ,350
querulous,539313,0,ᚳᚹᛖᚱᚢᛚᚩᚢᛋ,249
dietitians,539119,0,ᛞᛁᛖᛏᛁᛏᛡᚾᛋ,525
bacillary,538018,0,ᛒᚪᚳᛁᛚᛚᚪᚱᚣ,559
quartzose,537892,0,ᚳᚹᚪᚱᛏᛋᚩᛋᛖ,379
figurehead,537679,0,ᚠᛁᚷᚢᚱᛖᚻᛠᛞ,352
fellowmen,537533,0,ᚠᛖᛚᛚᚩᚹᛗᛖᚾ,408
glutinous,537330,0,ᚷᛚᚢᛏᛁᚾᚩᚢᛋ,275
etiologies,536705,0,ᛖᛏᛡᛚᚩᚷᛁᛖᛋ,481
andalusian,536643,0,ᚪᚾᛞᚪᛚᚢᛋᛡᚾ,577
hypermedia,536480,0,ᚻᚣᛈᛖᚱᛗᛖᛞᛡ,581
unbearably,536249,0,ᚢᚾᛒᛠᚱᚪᛒᛚᚣ,547
abnegation,535488,0,ᚪᛒᚾᛖᚷᚪᛏᛡᚾ,563
downslope,535112,0,ᛞᚩᚹᚾᛋᛚᚩᛈᛖ,387
imbricate,534449,0,ᛁᛗᛒᚱᛁᚳᚪᛏᛖ,441
semilunar,534202,0,ᛋᛖᛗᛁᛚᚢᚾᚪᚱ,435
mouvement,534132,0,ᛗᚩᚢᚢᛖᛗᛖᚾᛏ,377
extirpate,534111,0,ᛖᛉᛏᛁᚱᛈᚪᛏᛖ,481
crescents,534009,0,ᚳᚱᛖᛋᚳᛖᚾᛏᛋ,365
lesbianism,533860,0,ᛚᛖᛋᛒᛡᚾᛁᛋᛗ,545
shouldering,533695,0,ᛋᚻᚩᚢᛚᛞᛖᚱᛝ,405
educations,533400,0,ᛖᛞᚢᚳᚪᛏᛡᚾᛋ,517
compositae,533265,0,ᚳᚩᛗᛈᚩᛋᛁᛏᚫ,385
brusquely,532650,0,ᛒᚱᚢᛋᚳᚹᛖᛚᚣ,403
solitaire,532565,0,ᛋᚩᛚᛁᛏᚪᛁᚱᛖ,429
windbreaks,532531,0,ᚹᛁᚾᛞᛒᚱᛠᚳᛋ,415
unfailingly,532405,0,ᚢᚾᚠᚪᛁᛚᛝᛚᚣ,490
dimensioning,532151,0,ᛞᛁᛗᛖᚾᛋᛡᚾᛝ,555
turbinate,531983,0,ᛏᚢᚱᛒᛁᚾᚪᛏᛖ,417
comically,531613,0,ᚳᚩᛗᛁᚳᚪᛚᛚᚣ,481
levitical,531380,0,ᛚᛖᚢᛁᛏᛁᚳᚪᛚ,447
princesse,531330,0,ᛈᚱᛁᚾᚳᛖᛋᛋᛖ,367
enucleation,531196,0,ᛖᚾᚢᚳᛚᛠᛏᛡᚾ,489
berzelius,531164,0,ᛒᛖᚱᛋᛖᛚᛁᚢᛋ,419
chlordane,530912,0,ᚳᚻᛚᚩᚱᛞᚪᚾᛖ,409
inverters,530290,0,ᛁᚾᚢᛖᚱᛏᛖᚱᛋ,331
pectorals,529985,0,ᛈᛖᚳᛏᚩᚱᚪᛚᛋ,423
maracaibo,529865,0,ᛗᚪᚱᚪᚳᚪᛁᛒᚩ,485
traversal,529730,0,ᛏᚱᚪᚢᛖᚱᛋᚪᛚ,471
simpleton,529701,0,ᛋᛁᛗᛈᛚᛖᛏᚩᚾ,433
foreclosing,529510,0,ᚠᚩᚱᛖᚳᛚᚩᛋᛝ,312
initiatory,529394,0,ᛁᚾᛁᛏᛡᛏᚩᚱᚣ,437
cablegram,529378,0,ᚳᚪᛒᛚᛖᚷᚱᚪᛗ,507
cementite,529341,0,ᚳᛖᛗᛖᚾᛏᛁᛏᛖ,463
stockyard,529262,0,ᛋᛏᚩᚳᚳᚣᚪᚱᛞ,445
imperator,529156,0,ᛁᛗᛈᛖᚱᚪᛏᚩᚱ,397
tuscarora,528962,0,ᛏᚢᛋᚳᚪᚱᚩᚱᚪ,351
abattoirs,528882,0,ᚪᛒᚪᛏᛏᚩᛁᚱᛋ,475
megalithic,528612,0,ᛗᛖᚷᚪᛚᛁᚦᛁᚳ,405
turnpikes,528433,0,ᛏᚢᚱᚾᛈᛁᚳᛖᛋ,309
telepathic,528403,0,ᛏᛖᛚᛖᛈᚪᚦᛁᚳ,455
sartorius,528388,0,ᛋᚪᚱᛏᚩᚱᛁᚢᛋ,325
lanthanide,528014,0,ᛚᚪᚾᚦᚪᚾᛁᛞᛖ,517
transposing,527919,0,ᛏᚱᚪᚾᛋᛈᚩᛋᛝ,431
humanized,527565,0,ᚻᚢᛗᚪᚾᛁᛋᛖᛞ,463
cookbooks,527225,0,ᚳᚩᚩᚳᛒᚩᚩᚳᛋ,181
justiciary,527219,0,ᛂᚢᛋᛏᛁᚳᛡᚱᚣ,417
porpoises,527194,0,ᛈᚩᚱᛈᚩᛁᛋᛖᛋ,315
organelle,527105,0,ᚩᚱᚷᚪᚾᛖᛚᛚᛖ,441
benefitting,526835,0,ᛒᛖᚾᛖᚠᛁᛏᛏᛝ,454
classless,526009,0,ᚳᛚᚪᛋᛋᛚᛖᛋᛋ,535
aerodromes,525727,0,ᚫᚱᚩᛞᚱᚩᛗᛖᛋ,417
ankylosis,525459,0,ᚪᚾᚳᚣᛚᚩᛋᛁᛋ,459
submersion,525396,0,ᛋᚢᛒᛗᛖᚱᛋᛡᚾ,455
fibrinous,525250,0,ᚠᛁᛒᚱᛁᚾᚩᚢᛋ,228
chantilly,525246,0,ᚳᚻᚪᚾᛏᛁᛚᛚᚣ,501
gustatory,525001,0,ᚷᚢᛋᛏᚪᛏᚩᚱᚣ,409
downriver,524614,0,ᛞᚩᚹᚾᚱᛁᚢᛖᚱ,267
redirecting,524497,0,ᚱᛖᛞᛁᚱᛖᚳᛏᛝ,427
dragonfly,524101,0,ᛞᚱᚪᚷᚩᚾᚠᛚᚣ,428
arrowsmith,523918,0,ᚪᚱᚱᚩᚹᛋᛗᛁᚦ,305
aguinaldo,523532,0,ᚪᚷᚢᛁᚾᚪᛚᛞᚩ,443
depressor,523495,0,ᛞᛖᛈᚱᛖᛋᛋᚩᚱ,401
theatricals,523198,0,ᚦᛠᛏᚱᛁᚳᚪᛚᛋ,451
prorogued,523134,0,ᛈᚱᚩᚱᚩᚷᚢᛖᛞ,255
rainstorm,522877,0,ᚱᚪᛁᚾᛋᛏᚩᚱᛗ,369
genetical,522857,0,ᚷᛖᚾᛖᛏᛁᚳᚪᛚ,453
quadruped,521704,0,ᚳᚹᚪᛞᚱᚢᛈᛖᛞ,431
magnetics,521647,0,ᛗᚪᚷᚾᛖᛏᛁᚳᛋ,437
homegrown,520862,0,ᚻᚩᛗᛖᚷᚱᚩᚹᚾ,251
argillite,520850,0,ᚪᚱᚷᛁᛚᛚᛁᛏᛖ,459
resurgent,520785,0,ᚱᛖᛋᚢᚱᚷᛖᚾᛏ,317
sentential,520481,0,ᛋᛖᚾᛏᛖᚾᛏᛡᛚ,543
tamponade,520345,0,ᛏᚪᛗᛈᚩᚾᚪᛞᛖ,559
obsequies,520302,0,ᚩᛒᛋᛖᚳᚹᛁᛖᛋ,371
asymptote,519628,0,ᚪᛋᚣᛗᛈᛏᚩᛏᛖ,559
epiphytic,519354,0,ᛖᛈᛁᛈᚻᚣᛏᛁᚳ,413
compatriot,519336,0,ᚳᚩᛗᛈᚪᛏᚱᛡᛏ,467
elopement,519211,0,ᛖᛚᚩᛈᛖᛗᛖᚾᛏ,483
sulphuret,518614,0,ᛋᚢᛚᛈᚻᚢᚱᛖᛏ,335
soldierly,518356,0,ᛋᚩᛚᛞᛁᛖᚱᛚᚣ,507
agonistic,518292,0,ᚪᚷᚩᚾᛁᛋᛏᛁᚳ,337
principes,518279,0,ᛈᚱᛁᚾᚳᛁᛈᛖᛋ,321
dosimeter,518227,0,ᛞᚩᛋᛁᛗᛖᛏᛖᚱ,455
pompadour,518169,0,ᛈᚩᛗᛈᚪᛞᚩᚢᚱ,371
disembark,518145,0,ᛞᛁᛋᛖᛗᛒᚪᚱᚳ,493
unconcern,518094,0,ᚢᚾᚳᚩᚾᚳᛖᚱᚾ,201
synovitis,517428,0,ᛋᚣᚾᚩᚢᛁᛏᛁᛋ,369
uppercase,517355,0,ᚢᛈᛈᛖᚱᚳᚪᛋᛖ,397
hibernate,517204,0,ᚻᛁᛒᛖᚱᚾᚪᛏᛖ,445
libidinal,516777,0,ᛚᛁᛒᛁᛞᛁᚾᚪᛚ,515
arabesque,516727,0,ᚪᚱᚪᛒᛖᛋᚳᚹᛖ,485
unclouded,516552,0,ᚢᚾᚳᛚᚩᚢᛞᛖᛞ,373
disclaiming,516467,0,ᛞᛁᛋᚳᛚᚪᛁᛗᛝ,537
signposts,516354,0,ᛋᛁᚷᚾᛈᚩᛋᛏᛋ,345
progestin,516163,0,ᛈᚱᚩᚷᛖᛋᛏᛁᚾ,317
wardrobes,515842,0,ᚹᚪᚱᛞᚱᚩᛒᛖᛋ,415
diffusers,515810,0,ᛞᛁᚠᚠᚢᛋᛖᚱᛋ,311
marinated,515763,0,ᛗᚪᚱᛁᚾᚪᛏᛖᛞ,551
superiorly,515243,0,ᛋᚢᛈᛖᚱᛡᚱᛚᚣ,471
silvester,514525,0,ᛋᛁᛚᚢᛖᛋᛏᛖᚱ,417
desertions,514375,0,ᛞᛖᛋᛖᚱᛏᛡᚾᛋ,535
reassemble,514214,0,ᚱᛠᛋᛋᛖᛗᛒᛚᛖ,565
phosphide,513704,0,ᛈᚻᚩᛋᛈᚻᛁᛞᛖ,379
dismounting,513220,0,ᛞᛁᛋᛗᚩᚢᚾᛏᛝ,421
ebullition,513158,0,ᛖᛒᚢᛚᛚᛁᛏᛡᚾ,503
samarkand,513000,0,ᛋᚪᛗᚪᚱᚳᚪᚾᛞ,557
embayment,512989,0,ᛖᛗᛒᚪᚣᛗᛖᚾᛏ,625
overtakes,512641,0,ᚩᚢᛖᚱᛏᚪᚳᛖᛋ,377
motherless,512606,0,ᛗᚩᚦᛖᚱᛚᛖᛋᛋ,407
gibberish,512595,0,ᚷᛁᛒᛒᛖᚱᛁᛋᚻ,355
scheelite,512208,0,ᛋᚳᚻᛖᛖᛚᛁᛏᛖ,453
polluters,511438,0,ᛈᚩᛚᛚᚢᛏᛖᚱᛋ,389
notochord,510630,0,ᚾᚩᛏᚩᚳᚻᚩᚱᛞ,245
sandhills,510553,0,ᛋᚪᚾᛞᚻᛁᛚᛚᛋ,521
hydrogens,510417,0,ᚻᚣᛞᚱᚩᚷᛖᚾᛋ,399
chitinous,510062,0,ᚳᚻᛁᛏᛁᚾᚩᚢᛋ,249
abasement,509643,0,ᚪᛒᚪᛋᛖᛗᛖᚾᛏ,601
acyclovir,509372,0,ᚪᚳᚣᚳᛚᚩᚢᛁᚱ,351
catabolic,509076,0,ᚳᚪᛏᚪᛒᚩᛚᛁᚳ,451
essayists,508664,0,ᛖᛋᛋᚪᚣᛁᛋᛏᛋ,569
sternness,508625,0,ᛋᛏᛖᚱᚾᚾᛖᛋᛋ,421
corpulent,508425,0,ᚳᚩᚱᛈᚢᛚᛖᚾᛏ,305
communions,508105,0,ᚳᚩᛗᛗᚢᚾᛡᚾᛋ,383
acrobatic,507616,0,ᚪᚳᚱᚩᛒᚪᛏᛁᚳ,389
toughened,507401,0,ᛏᚩᚢᚷᚻᛖᚾᛖᛞ,361
discoidal,507379,0,ᛞᛁᛋᚳᚩᛁᛞᚪᛚ,483
plexiglas,507024,0,ᛈᛚᛖᛉᛁᚷᛚᚪᛋ,501
mutational,506959,0,ᛗᚢᛏᚪᛏᛡᚾᚪᛚ,595
madrigals,506657,0,ᛗᚪᛞᚱᛁᚷᚪᛚᛋ,539
yellowfin,506617,0,ᚣᛖᛚᛚᚩᚹᚠᛁᚾ,404
escapades,506523,0,ᛖᛋᚳᚪᛈᚪᛞᛖᛋ,579
fibonacci,506319,0,ᚠᛁᛒᚩᚾᚪᚳᚳᛁ,284
labyrinths,506076,0,ᛚᚪᛒᚣᚱᛁᚾᚦᛋ,463
endorphin,506060,0,ᛖᚾᛞᚩᚱᛈᚻᛁᚾ,329
bellicose,505715,0,ᛒᛖᛚᛚᛁᚳᚩᛋᛖ,445
invisibly,505496,0,ᛁᚾᚢᛁᛋᛁᛒᛚᚣ,415
slandered,505153,0,ᛋᛚᚪᚾᛞᛖᚱᛖᛞ,575
stateroom,504829,0,ᛋᛏᚪᛏᛖᚱᚩᚩᛗ,431
dedicates,504564,0,ᛞᛖᛞᛁᚳᚪᛏᛖᛋ,565
defections,504400,0,ᛞᛖᚠᛖᚳᛏᛡᚾᛋ,486
excretions,504151,0,ᛖᛉᚳᚱᛖᛏᛡᚾᛋ,453
malformed,503949,0,ᛗᚪᛚᚠᚩᚱᛗᛖᛞ,488
freshened,503806,0,ᚠᚱᛖᛋᚻᛖᚾᛖᛞ,408
ambulation,503581,0,ᚪᛗᛒᚢᛚᚪᛏᛡᚾ,597
squandering,503386,0,ᛋᚳᚹᚪᚾᛞᛖᚱᛝ,457
finalists,503261,0,ᚠᛁᚾᚪᛚᛁᛋᛏᛋ,428
crosswalk,502875,0,ᚳᚱᚩᛋᛋᚹᚪᛚᚳ,339
admonishing,502646,0,ᚪᛞᛗᚩᚾᛁᛋᚻᛝ,479
appetizer,501948,0,ᚪᛈᛈᛖᛏᛁᛋᛖᚱ,471
fourscore,501639,0,ᚠᚩᚢᚱᛋᚳᚩᚱᛖ,174
chromatid,501310,0,ᚳᚻᚱᚩᛗᚪᛏᛁᛞ,401
lunchroom,501285,0,ᛚᚢᚾᚳᚻᚱᚩᚩᛗ,237
coagulate,500985,0,ᚳᚩᚪᚷᚢᛚᚪᛏᛖ,433
hypnotics,500888,0,ᚻᚣᛈᚾᚩᛏᛁᚳᛋ,361
metronome,500713,0,ᛗᛖᛏᚱᚩᚾᚩᛗᛖ,389
summarising,500711,0,ᛋᚢᛗᛗᚪᚱᛁᛋᛝ,469
transepts,500034,0,ᛏᚱᚪᚾᛋᛖᛈᛏᛋ,471
instigating,499906,0,ᛁᚾᛋᛏᛁᚷᚪᛏᛝ,455
substrata,499893,0,ᛋᚢᛒᛋᛏᚱᚪᛏᚪ,493
cesspools,499445,0,ᚳᛖᛋᛋᛈᚩᚩᛚᛋ,369
greenback,499205,0,ᚷᚱᛖᛖᚾᛒᚪᚳᚳ,375
amiability,499169,0,ᚪᛗᛡᛒᛁᛚᛁᛏᚣ,633
pedagogue,499106,0,ᛈᛖᛞᚪᚷᚩᚷᚢᛖ,407
angleterre,498916,0,ᚪᛝᛚᛖᛏᛖᚱᚱᛖ,531
reflexions,498747,0,ᚱᛖᚠᛚᛖᛉᛡᚾᛋ,456
genocidal,498679,0,ᚷᛖᚾᚩᚳᛁᛞᚪᛚ,423
minefield,498645,0,ᛗᛁᚾᛖᚠᛁᛖᛚᛞ,460
militates,498403,0,ᛗᛁᛚᛁᛏᚪᛏᛖᛋ,541
broadcloth,498299,0,ᛒᚱᚩᚪᛞᚳᛚᚩᚦ,363
transacts,498098,0,ᛏᚱᚪᚾᛋᚪᚳᛏᛋ,471
bombshell,498057,0,ᛒᚩᛗᛒᛋᚻᛖᛚᛚ,489
unfocused,498034,0,ᚢᚾᚠᚩᚳᚢᛋᛖᛞ,266
metropole,497796,0,ᛗᛖᛏᚱᚩᛈᚩᛚᛖ,405
nonsingular,497732,0,ᚾᚩᚾᛋᛝᚢᛚᚪᚱ,381
dogmatics,497283,0,ᛞᚩᚷᛗᚪᛏᛁᚳᛋ,437
amerindian,497276,0,ᚪᛗᛖᚱᛁᚾᛞᛡᚾ,531
specifier,496787,0,ᛋᛈᛖᚳᛁᚠᛁᛖᚱ,318
splendors,496535,0,ᛋᛈᛚᛖᚾᛞᚩᚱᛋ,425
guinevere,496419,0,ᚷᚢᛁᚾᛖᚢᛖᚱᛖ,295
overreaching,496302,0,ᚩᚢᛖᚱᚱᛠᚳᚻᛝ,323
heritages,496076,0,ᚻᛖᚱᛁᛏᚪᚷᛖᛋ,425
stanchions,495683,0,ᛋᛏᚪᚾᚳᚻᛡᚾᛋ,463
casuistry,495281,0,ᚳᚪᛋᚢᛁᛋᛏᚱᚣ,423
confection,494710,0,ᚳᚩᚾᚠᛖᚳᛏᛡᚾ,326
unhurried,494708,0,ᚢᚾᚻᚢᚱᚱᛁᛖᛞ,267
tightrope,494630,0,ᛏᛁᚷᚻᛏᚱᚩᛈᛖ,317
digesters,494445,0,ᛞᛁᚷᛖᛋᛏᛖᚱᛋ,447
eutrophic,494276,0,ᛖᚢᛏᚱᚩᛈᚻᛁᚳ,257
verbalize,493905,0,ᚢᛖᚱᛒᚪᛚᛁᛋᛖ,463
sidewalls,493259,0,ᛋᛁᛞᛖᚹᚪᛚᛚᛋ,555
kosciusko,493123,0,ᚳᚩᛋᚳᛁᚢᛋᚳᚩ,193
guerillas,492898,0,ᚷᚢᛖᚱᛁᛚᛚᚪᛋ,425
indorsers,492878,0,ᛁᚾᛞᚩᚱᛋᛖᚱᛋ,351
celestine,492803,0,ᚳᛖᛚᛖᛋᛏᛁᚾᛖ,459
hypotonic,492753,0,ᚻᚣᛈᚩᛏᚩᚾᛁᚳ,315
guardsman,492666,0,ᚷᚢᚪᚱᛞᛋᛗᚪᚾ,467
tribalism,492651,0,ᛏᚱᛁᛒᚪᛚᛁᛋᛗ,487
macerated,492321,0,ᛗᚪᚳᛖᚱᚪᛏᛖᛞ,571
indigence,491906,0,ᛁᚾᛞᛁᚷᛖᚾᚳᛖ,373
marshland,491540,0,ᛗᚪᚱᛋᚻᛚᚪᚾᛞ,543
tinctures,491395,0,ᛏᛁᚾᚳᛏᚢᚱᛖᛋ,325
polishers,491393,0,ᛈᚩᛚᛁᛋᚻᛖᚱᛋ,361
primroses,491388,0,ᛈᚱᛁᛗᚱᚩᛋᛖᛋ,347
threepence,491299,0,ᚦᚱᛖᛖᛈᛖᚾᚳᛖ,369
pugnacious,491281,0,ᛈᚢᚷᚾᚪᚳᛡᚢᛋ,365
frequents,491091,0,ᚠᚱᛖᚳᚹᛖᚾᛏᛋ,320
asphaltum,491011,0,ᚪᛋᛈᚻᚪᛚᛏᚢᛗ,519
severalty,490781,0,ᛋᛖᚢᛖᚱᚪᛚᛏᚣ,533
sightless,490591,0,ᛋᛁᚷᚻᛏᛚᛖᛋᛋ,429
detentions,489353,0,ᛞᛖᛏᛖᚾᛏᛡᚾᛋ,559
undercuts,488761,0,ᚢᚾᛞᛖᚱᚳᚢᛏᛋ,327
pangasinan,488750,0,ᛈᚪᛝᚪᛋᛁᚾᚪᚾ,555
agrippina,488728,0,ᚪᚷᚱᛁᛈᛈᛁᚾᚪ,399
ecstasies,488675,0,ᛖᚳᛋᛏᚪᛋᛁᛖᛋ,493
steroidal,488651,0,ᛋᛏᛖᚱᚩᛁᛞᚪᛚ,487
initiations,488610,0,ᛁᚾᛁᛏᛡᛏᛡᚾᛋ,505
tetralogy,488178,0,ᛏᛖᛏᚱᚪᛚᚩᚷᚣ,493
vasectomy,488153,0,ᚢᚪᛋᛖᚳᛏᚩᛗᚣ,473
internode,488052,0,ᛁᚾᛏᛖᚱᚾᚩᛞᛖ,389
perceiver,487986,0,ᛈᛖᚱᚳᛖᛁᚢᛖᚱ,313
zimbabwean,487963,0,ᛋᛁᛗᛒᚪᛒᚹᛠᚾ,531
coagulating,487741,0,ᚳᚩᚪᚷᚢᛚᚪᛏᛝ,445
inductions,486492,0,ᛁᚾᛞᚢᚳᛏᛡᚾᛋ,413
brotherton,486459,0,ᛒᚱᚩᚦᛖᚱᛏᚩᚾ,257
melanomas,486096,0,ᛗᛖᛚᚪᚾᚩᛗᚪᛋ,565
repairmen,485786,0,ᚱᛖᛈᚪᛁᚱᛗᛖᚾ,427
clarifier,485222,0,ᚳᛚᚪᚱᛁᚠᛁᛖᚱ,336
seneschal,484872,0,ᛋᛖᚾᛖᛋᚳᚻᚪᛚ,475
mesmerism,484749,0,ᛗᛖᛋᛗᛖᚱᛁᛋᛗ,495
laundress,484701,0,ᛚᚪᚢᚾᛞᚱᛖᛋᛋ,475
haplotype,484315,0,ᚻᚪᛈᛚᚩᛏᚣᛈᛖ,515
cotyledon,483675,0,ᚳᚩᛏᚣᛚᛖᛞᚩᚾ,447
chamomile,483357,0,ᚳᚻᚪᛗᚩᛗᛁᛚᛖ,453
spoonfuls,483011,0,ᛋᛈᚩᚩᚾᚠᚢᛚᛋ,270
horseshoes,482843,0,ᚻᚩᚱᛋᛖᛋᚻᛟᛋ,373
magnifies,482762,0,ᛗᚪᚷᚾᛁᚠᛁᛖᛋ,398
vibrators,482731,0,ᚢᛁᛒᚱᚪᛏᚩᚱᛋ,333
backfilling,482592,0,ᛒᚪᚳᚳᚠᛁᛚᛚᛝ,442
mogadishu,482425,0,ᛗᚩᚷᚪᛞᛁᛋᚻᚢ,391
suffrages,482406,0,ᛋᚢᚠᚠᚱᚪᚷᛖᛋ,305
frederica,482283,0,ᚠᚱᛖᛞᛖᚱᛁᚳᚪ,388
reservist,482176,0,ᚱᛖᛋᛖᚱᚢᛁᛋᛏ,355
wallboard,481926,0,ᚹᚪᛚᛚᛒᚩᚪᚱᛞ,527
adjuvants,481637,0,ᚪᛞᛂᚢᚢᚪᚾᛏᛋ,467
biogenesis,481563,0,ᛒᛡᚷᛖᚾᛖᛋᛁᛋ,485
protamine,481373,0,ᛈᚱᚩᛏᚪᛗᛁᚾᛖ,415
snickered,481337,0,ᛋᚾᛁᚳᚳᛖᚱᛖᛞ,373
juniperus,481222,0,ᛂᚢᚾᛁᛈᛖᚱᚢᛋ,277
submucosa,480931,0,ᛋᚢᛒᛗᚢᚳᚩᛋᚪ,361
cypresses,480910,0,ᚳᚣᛈᚱᛖᛋᛋᛖᛋ,463
troublous,480594,0,ᛏᚱᚩᚢᛒᛚᚩᚢᛋ,277
trenchard,480283,0,ᛏᚱᛖᚾᚳᚻᚪᚱᛞ,399
floristic,480119,0,ᚠᛚᚩᚱᛁᛋᛏᛁᚳ,280
potentiate,479845,0,ᛈᚩᛏᛖᚾᛏᛡᛏᛖ,497
storyline,479735,0,ᛋᛏᚩᚱᚣᛚᛁᚾᛖ,433
chicanery,479544,0,ᚳᚻᛁᚳᚪᚾᛖᚱᚣ,387
dehydrating,479315,0,ᛞᛖᚻᚣᛞᚱᚪᛏᛝ,617
strippers,479285,0,ᛋᛏᚱᛁᛈᛈᛖᚱᛋ,371
dervishes,479121,0,ᛞᛖᚱᚢᛁᛋᚻᛖᛋ,397
constantia,478642,0,ᚳᚩᚾᛋᛏᚪᚾᛏᛡ,453
arrowroot,478441,0,ᚪᚱᚱᚩᚹᚱᚩᚩᛏ,229
toscanini,478419,0,ᛏᚩᛋᚳᚪᚾᛁᚾᛁ,349
pulverizing,478289,0,ᛈᚢᛚᚢᛖᚱᛁᛋᛝ,363
niggardly,478268,0,ᚾᛁᚷᚷᚪᚱᛞᛚᚣ,467
triviality,478015,0,ᛏᚱᛁᚢᛡᛚᛁᛏᚣ,477
turboprop,477406,0,ᛏᚢᚱᛒᚩᛈᚱᚩᛈ,245
regretful,477350,0,ᚱᛖᚷᚱᛖᛏᚠᚢᛚ,310
biochemist,476970,0,ᛒᛡᚳᚻᛖᛗᛁᛋᛏ,485
bailiwick,476754,0,ᛒᚪᛁᛚᛁᚹᛁᚳᚳ,369
heterosis,476733,0,ᚻᛖᛏᛖᚱᚩᛋᛁᛋ,371
economizing,476465,0,ᛖᚳᚩᚾᚩᛗᛁᛋᛝ,357
renegades,476352,0,ᚱᛖᚾᛖᚷᚪᛞᛖᛋ,497
argonauts,476347,0,ᚪᚱᚷᚩᚾᚪᚢᛏᛋ,373
prokofiev,476298,0,ᛈᚱᚩᚳᚩᚠᛁᛖᚢ,184
celebrant,476176,0,ᚳᛖᛚᛖᛒᚱᚪᚾᛏ,477
stillbirth,476092,0,ᛋᛏᛁᛚᛚᛒᛁᚱᚦ,397
stanislaw,476058,0,ᛋᛏᚪᚾᛁᛋᛚᚪᚹ,511
plications,476054,0,ᛈᛚᛁᚳᚪᛏᛡᚾᛋ,505
defaulter,475881,0,ᛞᛖᚠᚪᚢᛚᛏᛖᚱ,468
constrict,475729,0,ᚳᚩᚾᛋᛏᚱᛁᚳᛏ,275
electrics,475430,0,ᛖᛚᛖᚳᛏᚱᛁᚳᛋ,387
fungicidal,475403,0,ᚠᚢᛝᛁᚳᛁᛞᚪᛚ,418
underflow,475339,0,ᚢᚾᛞᛖᚱᚠᛚᚩᚹ,300
synodical,475244,0,ᛋᚣᚾᚩᛞᛁᚳᚪᛚ,495
contrives,475018,0,ᚳᚩᚾᛏᚱᛁᚢᛖᛋ,273
solenoids,474985,0,ᛋᚩᛚᛖᚾᚩᛁᛞᛋ,409
bareheaded,474117,0,ᛒᚪᚱᛖᚻᛠᛞᛖᛞ,613
carnivore,474064,0,ᚳᚪᚱᚾᛁᚢᚩᚱᛖ,269
unbeatable,474039,0,ᚢᚾᛒᛠᛏᚪᛒᛚᛖ,559
mischance,473753,0,ᛗᛁᛋᚳᚻᚪᚾᚳᛖ,397
adrianople,473657,0,ᚪᛞᚱᛡᚾᚩᛈᛚᛖ,523
saturates,473065,0,ᛋᚪᛏᚢᚱᚪᛏᛖᛋ,499
bessarabia,473049,0,ᛒᛖᛋᛋᚪᚱᚪᛒᛡ,607
blavatsky,472826,0,ᛒᛚᚪᚢᚪᛏᛋᚳᚣ,559
seminoles,472746,0,ᛋᛖᛗᛁᚾᚩᛚᛖᛋ,451
bridewell,472580,0,ᛒᚱᛁᛞᛖᚹᛖᛚᛚ,491
straddles,472468,0,ᛋᛏᚱᚪᛞᛞᛚᛖᛋ,591
punctuate,472092,0,ᛈᚢᚾᚳᛏᚢᚪᛏᛖ,373
gemstones,471880,0,ᚷᛖᛗᛋᛏᚩᚾᛖᛋ,423
withstands,471540,0,ᚹᛁᚦᛋᛏᚪᚾᛞᛋ,435
endearment,471189,0,ᛖᚾᛞᛠᚱᛗᛖᚾᛏ,531
tetroxide,471164,0,ᛏᛖᛏᚱᚩᛉᛁᛞᛖ,437
allopathic,471121,0,ᚪᛚᛚᚩᛈᚪᚦᛁᚳ,439
captivate,470366,0,ᚳᚪᛈᛏᛁᚢᚪᛏᛖ,469
invalided,470293,0,ᛁᚾᚢᚪᛚᛁᛞᛖᛞ,509
examinees,469843,0,ᛖᛉᚪᛗᛁᚾᛖᛖᛋ,529
ptarmigan,469577,0,ᛈᛏᚪᚱᛗᛁᚷᚪᚾ,455
paediatrics,469574,0,ᛈᚫᛞᛡᛏᚱᛁᚳᛋ,507
shorthorns,469274,0,ᛋᚻᚩᚱᚦᚩᚱᚾᛋ,199
resellers,469090,0,ᚱᛖᛋᛖᛚᛚᛖᚱᛋ,475
inebriates,468997,0,ᛁᚾᛖᛒᚱᛡᛏᛖᛋ,485
wildfires,468685,0,ᚹᛁᛚᛞᚠᛁᚱᛖᛋ,376
chiselled,468444,0,ᚳᚻᛁᛋᛖᛚᛚᛖᛞ,489
shipmates,467715,0,ᛋᚻᛁᛈᛗᚪᛏᛖᛋ,497
refractor,467592,0,ᚱᛖᚠᚱᚪᚳᛏᚩᚱ,278
pneumonic,467302,0,ᛈᚾᛖᚢᛗᚩᚾᛁᚳ,293
ideologues,467144,0,ᛁᛞᛇᛚᚩᚷᚢᛖᛋ,381
exfoliation,467023,0,ᛖᛉᚠᚩᛚᛡᛏᛡᚾ,498
rumination,466990,0,ᚱᚢᛗᛁᚾᚪᛏᛡᚾ,437
hippolyte,466902,0,ᚻᛁᛈᛈᚩᛚᚣᛏᛖ,449
irritates,466782,0,ᛁᚱᚱᛁᛏᚪᛏᛖᛋ,419
dimorphic,466634,0,ᛞᛁᛗᚩᚱᛈᚻᛁᚳ,319
aquariums,466551,0,ᚪᚳᚹᚪᚱᛁᚢᛗᛋ,395
motorbike,466150,0,ᛗᚩᛏᚩᚱᛒᛁᚳᛖ,327
dissemble,466043,0,ᛞᛁᛋᛋᛖᛗᛒᛚᛖ,565
salmonids,465802,0,ᛋᚪᛚᛗᚩᚾᛁᛞᛋ,503
suffocate,465773,0,ᛋᚢᚠᚠᚩᚳᚪᛏᛖ,303
ostriches,465585,0,ᚩᛋᛏᚱᛁᚳᚻᛖᛋ,317
smallmouth,465562,0,ᛋᛗᚪᛚᛚᛗᚩᚢᚦ,453
trapezius,465318,0,ᛏᚱᚪᛈᛖᛋᛁᚢᛋ,417
microgram,464975,0,ᛗᛁᚳᚱᚩᚷᚱᚪᛗ,329
dishwashing,464590,0,ᛞᛁᛋᚻᚹᚪᛋᚻᛝ,467
attenuating,464536,0,ᚪᛏᛏᛖᚾᚢᚪᛏᛝ,549
renditions,464248,0,ᚱᛖᚾᛞᛁᛏᛡᚾᛋ,475
sequester,464143,0,ᛋᛖᚳᚹᛖᛋᛏᛖᚱ,409
cheyennes,463968,0,ᚳᚻᛖᚣᛖᚾᚾᛖᛋ,451
spatulate,463965,0,ᛋᛈᚪᛏᚢᛚᚪᛏᛖ,551
bathymetry,463939,0,ᛒᚪᚦᚣᛗᛖᛏᚱᚣ,577
synclinal,463739,0,ᛋᚣᚾᚳᛚᛁᚾᚪᛚ,501
imbeciles,463544,0,ᛁᛗᛒᛖᚳᛁᛚᛖᛋ,467
herbivore,463384,0,ᚻᛖᚱᛒᛁᚢᚩᚱᛖ,281
photocell,463350,0,ᛈᚻᚩᛏᚩᚳᛖᛚᛚ,365
archangels,462893,0,ᚪᚱᚳᚻᚪᛝᛖᛚᛋ,513
gladdened,462542,0,ᚷᛚᚪᛞᛞᛖᚾᛖᛞ,617
firebrand,462261,0,ᚠᛁᚱᛖᛒᚱᚪᚾᛞ,398
brightens,461266,0,ᛒᚱᛁᚷᚻᛏᛖᚾᛋ,351
crevasses,461230,0,ᚳᚱᛖᚢᚪᛋᛋᛖᛋ,417
conciliating,461047,0,ᚳᚩᚾᚳᛁᛚᛡᛏᛝ,411
disbarred,460926,0,ᛞᛁᛋᛒᚪᚱᚱᛖᛞ,509
disfigure,460598,0,ᛞᛁᛋᚠᛁᚷᚢᚱᛖ,304
reminiscing,460545,0,ᚱᛖᛗᛁᚾᛁᛋᚳᛝ,385
disfiguring,460205,0,ᛞᛁᛋᚠᛁᚷᚢᚱᛝ,316
buccaneer,460022,0,ᛒᚢᚳᚳᚪᚾᛖᛖᚱ,361
colosseum,459706,0,ᚳᚩᛚᚩᛋᛋᛖᚢᛗ,347
extensors,459377,0,ᛖᛉᛏᛖᚾᛋᚩᚱᛋ,393
megabytes,459249,0,ᛗᛖᚷᚪᛒᚣᛏᛖᛋ,595
overweening,458919,0,ᚩᚢᛖᚱᚹᛖᛖᚾᛝ,349
pastorals,458617,0,ᛈᚪᛋᛏᚩᚱᚪᛚᛋ,493
modigliani,458312,0,ᛗᚩᛞᛁᚷᛚᛡᚾᛁ,455
univalent,457137,0,ᚢᚾᛁᚢᚪᛚᛖᚾᛏ,391
denigrate,457029,0,ᛞᛖᚾᛁᚷᚱᚪᛏᛖ,467
oxidations,457018,0,ᚩᛉᛁᛞᚪᛏᛡᚾᛋ,519
beatitudes,456997,0,ᛒᛠᛏᛁᛏᚢᛞᛖᛋ,531
supernovae,456962,0,ᛋᚢᛈᛖᚱᚾᚩᚢᚫ,317
modernising,456860,0,ᛗᚩᛞᛖᚱᚾᛁᛋᛝ,437
numeration,456203,0,ᚾᚢᛗᛖᚱᚪᛏᛡᚾ,473
silliness,456107,0,ᛋᛁᛚᛚᛁᚾᛖᛋᛋ,463
distraint,455913,0,ᛞᛁᛋᛏᚱᚪᛁᚾᛏ,459
interject,455875,0,ᛁᚾᛏᛖᚱᛂᛖᚳᛏ,373
junctures,455761,0,ᛂᚢᚾᚳᛏᚢᚱᛖᛋ,275
souldiers,455695,0,ᛋᚩᚢᛚᛞᛁᛖᚱᛋ,387
filariasis,455176,0,ᚠᛁᛚᚪᚱᛡᛋᛁᛋ,458
saragossa,455130,0,ᛋᚪᚱᚪᚷᚩᛋᛋᚪ,485
cofferdam,454997,0,ᚳᚩᚠᚠᛖᚱᛞᚪᛗ,359
headstones,454782,0,ᚻᛠᛞᛋᛏᚩᚾᛖᛋ,489
subatomic,454674,0,ᛋᚢᛒᚪᛏᚩᛗᛁᚳ,395
campanile,454591,0,ᚳᚪᛗᛈᚪᚾᛁᛚᛖ,521
undulation,454525,0,ᚢᚾᛞᚢᛚᚪᛏᛡᚾ,489
sensitize,454210,0,ᛋᛖᚾᛋᛁᛏᛁᛋᛖ,443
dubrovnik,454080,0,ᛞᚢᛒᚱᚩᚢᚾᛁᚳ,247
tillamook,453944,0,ᛏᛁᛚᛚᚪᛗᚩᚩᚳ,431
actinides,453837,0,ᚪᚳᛏᛁᚾᛁᛞᛖᛋ,469
outsource,453791,0,ᚩᚢᛏᛋᚩᚢᚱᚳᛖ,223
subgenera,453758,0,ᛋᚢᛒᚷᛖᚾᛖᚱᚪ,405
conflated,453377,0,ᚳᚩᚾᚠᛚᚪᛏᛖᛞ,436
yugoslavs,453355,0,ᚣᚢᚷᚩᛋᛚᚪᚢᛋ,409
submitter,452671,0,ᛋᚢᛒᛗᛁᛏᛏᛖᚱ,415
sixteenths,452228,0,ᛋᛁᛉᛏᛖᛖᚾᚦᛋ,411
curatorial,451777,0,ᚳᚢᚱᚪᛏᚩᚱᛡᛚ,381
notarized,451506,0,ᚾᚩᛏᚪᚱᛁᛋᛖᛞ,443
preterite,451218,0,ᛈᚱᛖᛏᛖᚱᛁᛏᛖ,415
precocity,451216,0,ᛈᚱᛖᚳᚩᚳᛁᛏᚣ,347
bookselling,451097,0,ᛒᚩᚩᚳᛋᛖᛚᛚᛝ,433
silkworms,450789,0,ᛋᛁᛚᚳᚹᚩᚱᛗᛋ,331
cofactors,450586,0,ᚳᚩᚠᚪᚳᛏᚩᚱᛋ,262
kickbacks,450522,0,ᚳᛁᚳᚳᛒᚪᚳᚳᛋ,307
steelwork,450353,0,ᛋᛏᛖᛖᛚᚹᚩᚱᚳ,369
pitchfork,450308,0,ᛈᛁᛏᚳᚻᚠᚩᚱᚳ,202
backhouse,450025,0,ᛒᚪᚳᚳᚻᚩᚢᛋᛖ,337
notifiable,449905,0,ᚾᚩᛏᛁᚠᛡᛒᛚᛖ,436
shogunate,449782,0,ᛋᚻᚩᚷᚢᚾᚪᛏᛖ,355
newlyweds,449707,0,ᚾᛖᚹᛚᚣᚹᛖᛞᛋ,519
masefield,449264,0,ᛗᚪᛋᛖᚠᛁᛖᛚᛞ,550
multiform,449036,0,ᛗᚢᛚᛏᛁᚠᚩᚱᛗ,328
endoscope,448943,0,ᛖᚾᛞᚩᛋᚳᚩᛈᛖ,375
decryption,448884,1,ᛞᛖᚳᚱᚣᛈᛏᛡᚾ,521
hexameter,448836,0,ᚻᛖᛉᚪᛗᛖᛏᛖᚱ,509
truculent,448645,0,ᛏᚱᚢᚳᚢᛚᛖᚾᛏ,317
heirlooms,448607,0,ᚻᛖᛁᚱᛚᚩᚩᛗᛋ,343
handsomer,447521,0,ᚻᚪᚾᛞᛋᚩᛗᛖᚱ,447
impresario,447137,0,ᛁᛗᛈᚱᛖᛋᚪᚱᛡ,491
blackouts,446994,0,ᛒᛚᚪᚳᚳᚩᚢᛏᛋ,379
condiment,446937,0,ᚳᚩᚾᛞᛁᛗᛖᚾᛏ,395
voyageurs,446611,0,ᚢᚩᚣᚪᚷᛖᚢᚱᛋ,361
impellers,446467,0,ᛁᛗᛈᛖᛚᛚᛖᚱᛋ,489
clarinets,446187,0,ᚳᛚᚪᚱᛁᚾᛖᛏᛋ,433
equinoxes,446009,0,ᛖᚳᚹᛁᚾᚩᛉᛖᛋ,333
nanometer,445898,0,ᚾᚪᚾᚩᛗᛖᛏᛖᚱ,437
benignant,445214,0,ᛒᛖᚾᛁᚷᚾᚪᚾᛏ,419
tormentor,445110,0,ᛏᚩᚱᛗᛖᚾᛏᚩᚱ,321
levitation,444988,0,ᛚᛖᚢᛁᛏᚪᛏᛡᚾ,525
astrolabe,444677,0,ᚪᛋᛏᚱᚩᛚᚪᛒᛖ,525
signalman,444524,0,ᛋᛁᚷᚾᚪᛚᛗᚪᚾ,497
mosquitos,444340,0,ᛗᚩᛋᚳᚹᛁᛏᚩᛋ,313
sanitized,444247,0,ᛋᚪᚾᛁᛏᛁᛋᛖᛞ,509
wattmeter,444055,0,ᚹᚪᛏᛏᛗᛖᛏᛖᚱ,509
shortstop,444003,0,ᛋᚻᚩᚱᛏᛋᛏᚩᛈ,315
poultices,443948,0,ᛈᚩᚢᛚᛏᛁᚳᛖᛋ,349
bombastic,443858,0,ᛒᚩᛗᛒᚪᛋᛏᛁᚳ,453
verticals,443567,0,ᚢᛖᚱᛏᛁᚳᚪᛚᛋ,407
renumbering,443333,0,ᚱᛖᚾᚢᛗᛒᛖᚱᛝ,399
colorable,443319,0,ᚳᚩᛚᚩᚱᚪᛒᛚᛖ,409
proscribe,443271,0,ᛈᚱᚩᛋᚳᚱᛁᛒᛖ,297
disfavour,443245,0,ᛞᛁᛋᚠᚪᚢᚩᚢᚱ,296
abbreviate,443105,0,ᚪᛒᛒᚱᛖᚢᛡᛏᛖ,533
overtaxed,442705,0,ᚩᚢᛖᚱᛏᚪᛉᛖᛞ,447
marshalls,442595,0,ᛗᚪᚱᛋᚻᚪᛚᛚᛋ,551
printmaking,442554,0,ᛈᚱᛁᚾᛏᛗᚪᚳᛝ,433
herringbone,442548,0,ᚻᛖᚱᚱᛝᛒᚩᚾᛖ,355
sinusoids,442277,0,ᛋᛁᚾᚢᛋᚩᛁᛞᛋ,349
expulsions,442201,0,ᛖᛉᛈᚢᛚᛋᛡᚾᛋ,475
barrelled,442145,0,ᛒᚪᚱᚱᛖᛚᛚᛖᛞ,549
aeronautic,442098,0,ᚫᚱᚩᚾᚪᚢᛏᛁᚳ,351
accolades,442048,0,ᚪᚳᚳᚩᛚᚪᛞᛖᛋ,509
colonizer,441958,0,ᚳᚩᛚᚩᚾᛁᛋᛖᚱ,291
womankind,441844,0,ᚹᚩᛗᚪᚾᚳᛁᚾᛞ,385
windswept,441698,0,ᚹᛁᚾᛞᛋᚹᛖᛈᛏ,409
preparers,441547,0,ᛈᚱᛖᛈᚪᚱᛖᚱᛋ,403
landgrave,441277,0,ᛚᚪᚾᛞᚷᚱᚪᚢᛖ,483
unmediated,441047,0,ᚢᚾᛗᛖᛞᛡᛏᛖᛞ,581
castaneda,440780,0,ᚳᚪᛋᛏᚪᚾᛖᛞᚪ,601
firebrick,440384,0,ᚠᛁᚱᛖᛒᚱᛁᚳᚳ,240
oligarchs,440273,0,ᚩᛚᛁᚷᚪᚱᚳᚻᛋ,325
penetrant,440209,0,ᛈᛖᚾᛖᛏᚱᚪᚾᛏ,461
unskilful,440192,0,ᚢᚾᛋᚳᛁᛚᚠᚢᛚ,280
feedbacks,439976,0,ᚠᛖᛖᛞᛒᚪᚳᚳᛋ,462
polygonum,439831,0,ᛈᚩᛚᚣᚷᚩᚾᚢᛗ,353
vocalists,439597,0,ᚢᚩᚳᚪᛚᛁᛋᛏᛋ,389
slumbered,439337,0,ᛋᛚᚢᛗᛒᛖᚱᛖᛞ,495
hammurabi,439259,0,ᚻᚪᛗᛗᚢᚱᚪᛒᛁ,465
trombones,439226,0,ᛏᚱᚩᛗᛒᚩᚾᛖᛋ,365
surrogacy,438758,0,ᛋᚢᚱᚱᚩᚷᚪᚳᚣ,315
inquiringly,438576,0,ᛁᚾᚳᚹᛁᚱᛝᛚᚣ,389
reallocate,438575,0,ᚱᛠᛚᛚᚩᚳᚪᛏᛖ,509
dramatizing,438376,0,ᛞᚱᚪᛗᚪᛏᛁᛋᛝ,587
carbuncle,437994,0,ᚳᚪᚱᛒᚢᚾᚳᛚᛖ,367
vaccinium,437922,0,ᚢᚪᚳᚳᛁᚾᛁᚢᛗ,291
isomerism,437839,0,ᛁᛋᚩᛗᛖᚱᛁᛋᛗ,395
haciendas,437400,0,ᚻᚪᚳᛁᛖᚾᛞᚪᛋ,499
confusingly,437274,0,ᚳᚩᚾᚠᚢᛋᛝᛚᚣ,362
aluminous,437190,0,ᚪᛚᚢᛗᛁᚾᚩᚢᛋ,367
sectaries,437079,0,ᛋᛖᚳᛏᚪᚱᛁᛖᛋ,451
hydrocele,436905,0,ᚻᚣᛞᚱᚩᚳᛖᛚᛖ,453
dirigible,436277,0,ᛞᛁᚱᛁᚷᛁᛒᛚᛖ,411
dyspeptic,436147,0,ᛞᚣᛋᛈᛖᛈᛏᛁᚳ,501
telephoto,435885,0,ᛏᛖᛚᛖᛈᚻᚩᛏᚩ,405
sabotaged,435670,0,ᛋᚪᛒᚩᛏᚪᚷᛖᛞ,547
sevenfold,435644,0,ᛋᛖᚢᛖᚾᚠᚩᛚᛞ,390
sailboats,435228,0,ᛋᚪᛁᛚᛒᚩᚪᛏᛋ,531
purifiers,435135,0,ᛈᚢᚱᛁᚠᛁᛖᚱᛋ,252
epizootic,435088,0,ᛖᛈᛁᛋᚩᚩᛏᛁᚳ,311
andesites,434624,0,ᚪᚾᛞᛖᛋᛁᛏᛖᛋ,545
manoeuvred,434518,0,ᛗᚪᚾᛟᚢᚢᚱᛖᛞ,453
riverview,434435,0,ᚱᛁᚢᛖᚱᚢᛁᛖᚹ,243
potsherds,434353,0,ᛈᚩᛏᛋᚻᛖᚱᛞᛋ,405
stepchild,434326,0,ᛋᛏᛖᛈᚳᚻᛁᛚᛞ,451
chlorotic,434051,0,ᚳᚻᛚᚩᚱᚩᛏᛁᚳ,237
platonist,433770,0,ᛈᛚᚪᛏᚩᚾᛁᛋᛏ,451
hazelwood,433699,0,ᚻᚪᛋᛖᛚᚹᚩᚩᛞ,435
premieres,433639,0,ᛈᚱᛖᛗᛁᛖᚱᛖᛋ,421
regrouped,433544,0,ᚱᛖᚷᚱᚩᚢᛈᛖᛞ,315
tendinous,433459,0,ᛏᛖᚾᛞᛁᚾᚩᚢᛋ,367
grossness,433337,0,ᚷᚱᚩᛋᛋᚾᛖᛋᛋ,343
pendulums,433015,0,ᛈᛖᚾᛞᚢᛚᚢᛗᛋ,431
ecumenism,432827,0,ᛖᚳᚢᛗᛖᚾᛁᛋᛗ,405
canticles,432825,0,ᚳᚪᚾᛏᛁᚳᛚᛖᛋ,435
pyrolytic,432695,0,ᛈᚣᚱᚩᛚᚣᛏᛁᚳ,443
mailboxes,432457,0,ᛗᚪᛁᛚᛒᚩᛉᛖᛋ,507
switchmen,432366,0,ᛋᚹᛁᛏᚳᚻᛗᛖᚾ,365
ridicules,432290,0,ᚱᛁᛞᛁᚳᚢᛚᛖᛋ,371
cottagers,432195,0,ᚳᚩᛏᛏᚪᚷᛖᚱᛋ,383
meyerbeer,431530,0,ᛗᛖᚣᛖᚱᛒᛖᛖᚱ,525
offenbach,431078,0,ᚩᚠᚠᛖᚾᛒᚪᚳᚻ,301
riverboat,431030,0,ᚱᛁᚢᛖᚱᛒᚩᚪᛏ,347
cameramen,431028,0,ᚳᚪᛗᛖᚱᚪᛗᛖᚾ,523
zeitgeist,431022,0,ᛋᛖᛁᛏᚷᛖᛁᛋᛏ,437
mollified,431003,0,ᛗᚩᛚᛚᛁᚠᛁᛖᛞ,444
forecourt,430968,0,ᚠᚩᚱᛖᚳᚩᚢᚱᛏ,180
stiffener,430853,0,ᛋᛏᛁᚠᚠᛖᚾᛖᚱ,321
ptolemies,430775,0,ᛈᛏᚩᛚᛖᛗᛁᛖᛋ,471
theoretician,430133,0,ᚦᛇᚱᛖᛏᛁᚳᛡᚾ,363
glimmered,429942,0,ᚷᛚᛁᛗᛗᛖᚱᛖᛞ,497
aspirator,429745,0,ᚪᛋᛈᛁᚱᚪᛏᚩᚱ,409
craniotomy,429467,0,ᚳᚱᚪᚾᛡᛏᚩᛗᚣ,497
pencilled,429357,0,ᛈᛖᚾᚳᛁᛚᛚᛖᛞ,485
untruthful,429339,0,ᚢᚾᛏᚱᚢᚦᚠᚢᛚ,188
blockades,429184,0,ᛒᛚᚩᚳᚳᚪᛞᛖᛋ,473
miscreants,429129,0,ᛗᛁᛋᚳᚱᛠᚾᛏᛋ,429
devastate,428984,0,ᛞᛖᚢᚪᛋᛏᚪᛏᛖ,591
cartouche,428964,0,ᚳᚪᚱᛏᚩᚢᚳᚻᛖ,293
modifiable,428901,0,ᛗᚩᛞᛁᚠᛡᛒᛚᛖ,508
sidedness,428893,0,ᛋᛁᛞᛖᛞᚾᛖᛋᛋ,531
contempts,428873,0,ᚳᚩᚾᛏᛖᛗᛈᛏᛋ,401
obligates,428847,0,ᚩᛒᛚᛁᚷᚪᛏᛖᛋ,465
armadillo,428451,0,ᚪᚱᛗᚪᛞᛁᛚᛚᚩ,549
organises,428397,0,ᚩᚱᚷᚪᚾᛁᛋᛖᛋ,365
fiberglas,428345,0,ᚠᛁᛒᛖᚱᚷᛚᚪᛋ,412
tyrannies,428194,0,ᛏᚣᚱᚪᚾᚾᛁᛖᛋ,479
goldenrod,427970,0,ᚷᚩᛚᛞᛖᚾᚱᚩᛞ,389
spinsters,427928,0,ᛋᛈᛁᚾᛋᛏᛖᚱᛋ,399
smartness,427540,0,ᛋᛗᚪᚱᛏᚾᛖᛋᛋ,493
blaspheme,426832,0,ᛒᛚᚪᛋᛈᚻᛖᛗᛖ,555
populaire,426825,0,ᛈᚩᛈᚢᛚᚪᛁᚱᛖ,375
categorial,426498,0,ᚳᚪᛏᛖᚷᚩᚱᛡᛚ,451
heliopolis,426466,0,ᚻᛖᛚᛡᛈᚩᛚᛁᛋ,477
bookplate,426154,0,ᛒᚩᚩᚳᛈᛚᚪᛏᛖ,427
phenolics,426123,0,ᛈᚻᛖᚾᚩᛚᛁᚳᛋ,339
pyroxenes,426080,0,ᛈᚣᚱᚩᛉᛖᚾᛖᛋ,427
fricative,425739,0,ᚠᚱᛁᚳᚪᛏᛁᚢᛖ,314
outwitted,425381,0,ᚩᚢᛏᚹᛁᛏᛏᛖᛞ,393
overhauls,425238,0,ᚩᚢᛖᚱᚻᚪᚢᛚᛋ,337
avascular,424943,0,ᚪᚢᚪᛋᚳᚢᛚᚪᚱ,447
sequencer,424910,0,ᛋᛖᚳᚹᛖᚾᚳᛖᚱ,339
airliners,424909,0,ᚪᛁᚱᛚᛁᚾᛖᚱᛋ,403
waistline,424809,0,ᚹᚪᛁᛋᛏᛚᛁᚾᛖ,459
reliquary,424360,0,ᚱᛖᛚᛁᚳᚹᚪᚱᚣ,425
lugubrious,424301,0,ᛚᚢᚷᚢᛒᚱᛡᚢᛋ,331
remittent,424285,0,ᚱᛖᛗᛁᛏᛏᛖᚾᛏ,453
notational,424083,0,ᚾᚩᛏᚪᛏᛡᚾᚪᛚ,557
philander,423402,0,ᛈᚻᛁᛚᚪᚾᛞᛖᚱ,463
olecranon,423315,0,ᚩᛚᛖᚳᚱᚪᚾᚩᚾ,333
nonnative,423231,0,ᚾᚩᚾᚾᚪᛏᛁᚢᛖ,351
backsliding,422907,0,ᛒᚪᚳᚳᛋᛚᛁᛞᛝ,509
greenness,422818,0,ᚷᚱᛖᛖᚾᚾᛖᛋᛋ,393
handrails,422734,0,ᚻᚪᚾᛞᚱᚪᛁᛚᛋ,503
leafhopper,422421,0,ᛚᛠᚠᚻᚩᛈᛈᛖᚱ,378
irreligion,422264,0,ᛁᚱᚱᛖᛚᛁᚷᛡᚾ,377
uncounted,422237,0,ᚢᚾᚳᚩᚢᚾᛏᛖᛞ,299
mockingbird,421968,0,ᛗᚩᚳᚳᛝᛒᛁᚱᛞ,375
peroration,421608,0,ᛈᛖᚱᚩᚱᚪᛏᛡᚾ,431
outrigger,421372,0,ᚩᚢᛏᚱᛁᚷᚷᛖᚱ,223
despatching,421243,0,ᛞᛖᛋᛈᚪᛏᚳᚻᛝ,523
stalwarts,421234,0,ᛋᛏᚪᛚᚹᚪᚱᛏᛋ,521
mercurius,420981,0,ᛗᛖᚱᚳᚢᚱᛁᚢᛋ,263
quakerism,420968,0,ᚳᚹᚪᚳᛖᚱᛁᛋᛗ,375
sympatric,420955,0,ᛋᚣᛗᛈᚪᛏᚱᛁᚳ,481
thermopylae,420856,0,ᚦᛖᚱᛗᚩᛈᚣᛚᚫ,481
ejaculate,420393,0,ᛖᛂᚪᚳᚢᛚᚪᛏᛖ,513
beelzebub,420364,0,ᛒᛖᛖᛚᛋᛖᛒᚢᛒ,513
nilpotent,420355,0,ᚾᛁᛚᛈᚩᛏᛖᚾᛏ,397
raphaelite,420284,0,ᚱᚪᛈᚻᚫᛚᛁᛏᛖ,505
scrunched,419993,0,ᛋᚳᚱᚢᚾᚳᚻᛖᛞ,301
tracheids,419895,0,ᛏᚱᚪᚳᚻᛖᛁᛞᛋ,443
occultism,419369,0,ᚩᚳᚳᚢᛚᛏᛁᛋᛗ,323
zoospores,419194,0,ᛋᚩᚩᛋᛈᚩᚱᛖᛋ,301
hairstyle,419151,0,ᚻᚪᛁᚱᛋᛏᚣᛚᛖ,517
hackberry,419142,0,ᚻᚪᚳᚳᛒᛖᚱᚱᚣ,399
unspotted,418886,0,ᚢᚾᛋᛈᚩᛏᛏᛖᛞ,409
yesteryear,418762,0,ᚣᛖᛋᛏᛖᚱᚣᛠᚱ,583
stopwatch,418456,0,ᛋᛏᚩᛈᚹᚪᛏᚳᚻ,373
hardbound,418396,0,ᚻᚪᚱᛞᛒᚩᚢᚾᛞ,409
abscission,418347,0,ᚪᛒᛋᚳᛁᛋᛋᛡᚾ,497
dissociating,418235,0,ᛞᛁᛋᛋᚩᚳᛡᛏᛝ,491
downstate,417983,0,ᛞᚩᚹᚾᛋᛏᚪᛏᛖ,479
reproaching,417610,0,ᚱᛖᛈᚱᚩᚪᚳᚻᛝ,351
privatize,417504,0,ᛈᚱᛁᚢᚪᛏᛁᛋᛖ,395
supervene,417221,0,ᛋᚢᛈᛖᚱᚢᛖᚾᛖ,343
glycoside,417000,0,ᚷᛚᚣᚳᚩᛋᛁᛞᛖ,453
deadlocked,416957,0,ᛞᛠᛞᛚᚩᚳᚳᛖᛞ,549
blacklist,416709,0,ᛒᛚᚪᚳᚳᛚᛁᛋᛏ,473
aureomycin,416390,0,ᚪᚢᚱᛇᛗᚣᚳᛁᚾ,399
beholders,416387,0,ᛒᛖᚻᚩᛚᛞᛖᚱᛋ,451
tamerlane,416376,0,ᛏᚪᛗᛖᚱᛚᚪᚾᛖ,571
recombine,416145,0,ᚱᛖᚳᚩᛗᛒᛁᚾᛖ,357
greywacke,415717,0,ᚷᚱᛖᚣᚹᚪᚳᚳᛖ,407
gastropod,415663,0,ᚷᚪᛋᛏᚱᚩᛈᚩᛞ,383
catatonic,415530,0,ᚳᚪᛏᚪᛏᚩᚾᛁᚳ,405
algonquian,415510,0,ᚪᛚᚷᚩᚾᚳᚹᛡᚾ,391
overlords,415392,0,ᚩᚢᛖᚱᛚᚩᚱᛞᛋ,321
inheritor,415377,0,ᛁᚾᚻᛖᚱᛁᛏᚩᚱ,269
charybdis,415352,0,ᚳᚻᚪᚱᚣᛒᛞᛁᛋ,481
miniscule,414700,0,ᛗᛁᚾᛁᛋᚳᚢᛚᛖ,371
expletive,414556,0,ᛖᛉᛈᛚᛖᛏᛁᚢᛖ,457
pinpointing,414456,0,ᛈᛁᚾᛈᚩᛁᚾᛏᛝ,351
swindlers,414433,0,ᛋᚹᛁᚾᛞᛚᛖᚱᛋ,425
loftiness,414364,0,ᛚᚩᚠᛏᛁᚾᛖᛋᛋ,374
disunited,414288,0,ᛞᛁᛋᚢᚾᛁᛏᛖᛞ,451
unaudited,414179,0,ᚢᚾᚪᚢᛞᛁᛏᛖᛞ,467
sporangium,414116,0,ᛋᛈᚩᚱᚪᛝᛁᚢᛗ,395
decimation,413884,0,ᛞᛖᚳᛁᛗᚪᛏᛡᚾ,563
anthropoid,413833,0,ᚪᚾᚦᚱᚩᛈᚩᛁᛞ,319
myoclonus,413676,0,ᛗᚣᚩᚳᛚᚩᚾᚢᛋ,359
gravitating,413583,0,ᚷᚱᚪᚢᛁᛏᚪᛏᛝ,453
vaporizer,413410,0,ᚢᚪᛈᚩᚱᛁᛋᛖᚱ,323
hydrogels,413380,0,ᚻᚣᛞᚱᚩᚷᛖᛚᛋ,443
guardrail,413335,0,ᚷᚢᚪᚱᛞᚱᚪᛁᛚ,429
unraveled,413229,0,ᚢᚾᚱᚪᚢᛖᛚᛖᛞ,439
carnivora,412620,0,ᚳᚪᚱᚾᛁᚢᚩᚱᚪ,299
cellphone,412468,0,ᚳᛖᛚᛚᛈᚻᚩᚾᛖ,395
chamfered,412372,0,ᚳᚻᚪᛗᚠᛖᚱᛖᛞ,440
racketeer,412333,0,ᚱᚪᚳᚳᛖᛏᛖᛖᚱ,405
downturns,412244,0,ᛞᚩᚹᚾᛏᚢᚱᚾᛋ,299
mayoralty,411949,0,ᛗᚪᚣᚩᚱᚪᛚᛏᚣ,621
malpighian,411885,0,ᛗᚪᛚᛈᛁᚷᚻᛡᚾ,491
circassian,411791,0,ᚳᛁᚱᚳᚪᛋᛋᛡᚾ,407
americium,411441,0,ᚪᛗᛖᚱᛁᚳᛁᚢᛗ,395
backpacking,411404,0,ᛒᚪᚳᚳᛈᚪᚳᚳᛝ,429
flavorful,411357,0,ᚠᛚᚪᚢᚩᚱᚠᚢᛚ,271
gorgeously,411272,0,ᚷᚩᚱᚷᛇᚢᛋᛚᚣ,325
bolognese,411194,0,ᛒᚩᛚᚩᚷᚾᛖᛋᛖ,381
coralline,411154,0,ᚳᚩᚱᚪᛚᛚᛁᚾᛖ,401
modernise,411074,0,ᛗᚩᛞᛖᚱᚾᛁᛋᛖ,425
endurable,411050,0,ᛖᚾᛞᚢᚱᚪᛒᛚᛖ,497
hijackers,411044,0,ᚻᛁᛂᚪᚳᚳᛖᚱᛋ,345
enforcers,410935,0,ᛖᚾᚠᚩᚱᚳᛖᚱᛋ,260
unfeasible,410722,0,ᚢᚾᚠᛠᛋᛁᛒᛚᛖ,428
bifurcate,410684,0,ᛒᛁᚠᚢᚱᚳᚪᛏᛖ,344
farmsteads,410219,0,ᚠᚪᚱᛗᛋᛏᛠᛞᛋ,544
resisters,409934,0,ᚱᛖᛋᛁᛋᛏᛖᚱᛋ,405
narrations,409901,0,ᚾᚪᚱᚱᚪᛏᛡᚾᛋ,493
pediments,409642,0,ᛈᛖᛞᛁᛗᛖᚾᛏᛋ,509
underrate,409341,0,ᚢᚾᛞᛖᚱᚱᚪᛏᛖ,433
transpiring,409049,0,ᛏᚱᚪᚾᛋᛈᛁᚱᛝ,413
palmolive,408970,0,ᛈᚪᛚᛗᚩᛚᛁᚢᛖ,465
mitigates,408904,0,ᛗᛁᛏᛁᚷᚪᛏᛖᛋ,485
guglielmo,408785,0,ᚷᚢᚷᛚᛁᛖᛚᛗᚩ,359
shiftless,408278,0,ᛋᚻᛁᚠᛏᛚᛖᛋᛋ,414
saltpeter,408123,0,ᛋᚪᛚᛏᛈᛖᛏᛖᚱ,529
softeners,407914,0,ᛋᚩᚠᛏᛖᚾᛖᚱᛋ,348
lifeguard,407883,0,ᛚᛁᚠᛖᚷᚢᚪᚱᛞ,390
unlighted,407830,0,ᚢᚾᛚᛁᚷᚻᛏᛖᛞ,391
potpourri,407564,0,ᛈᚩᛏᛈᚩᚢᚱᚱᛁ,215
quadrille,407460,0,ᚳᚹᚪᛞᚱᛁᛚᛚᛖ,473
sunstroke,407325,0,ᛋᚢᚾᛋᛏᚱᚩᚳᛖ,295
palanquin,407270,0,ᛈᚪᛚᚪᚾᚳᚹᛁᚾ,431
kropotkin,406962,0,ᚳᚱᚩᛈᚩᛏᚳᛁᚾ,213
utopianism,406920,0,ᚢᛏᚩᛈᛡᚾᛁᛋᛗ,403
bostonians,406815,0,ᛒᚩᛋᛏᚩᚾᛡᚾᛋ,405
concretion,406695,0,ᚳᚩᚾᚳᚱᛖᛏᛡᚾ,335
playwriting,406530,0,ᛈᛚᚪᚣᚹᚱᛁᛏᛝ,515
lachrymal,406403,0,ᛚᚪᚳᚻᚱᚣᛗᚪᛚ,561
megahertz,406255,0,ᛗᛖᚷᚪᚻᛖᚱᛏᛋ,465
guanosine,406243,0,ᚷᚢᚪᚾᚩᛋᛁᚾᛖ,333
soundless,406193,0,ᛋᚩᚢᚾᛞᛚᛖᛋᛋ,427
resections,405908,0,ᚱᛖᛋᛖᚳᛏᛡᚾᛋ,459
acquiescing,405878,0,ᚪᚳᚳᚹᛁᛖᛋᚳᛝ,385
baseboard,405710,0,ᛒᚪᛋᛖᛒᚩᚪᚱᛞ,543
inebriated,405682,0,ᛁᚾᛖᛒᚱᛡᛏᛖᛞ,521
aspectual,405356,0,ᚪᛋᛈᛖᚳᛏᚢᚪᛚ,505
loquacious,404786,0,ᛚᚩᚳᚹᚪᚳᛡᚢᛋ,385
trumpeted,404770,0,ᛏᚱᚢᛗᛈᛖᛏᛖᛞ,469
disperses,404565,0,ᛞᛁᛋᛈᛖᚱᛋᛖᛋ,467
bluntness,404536,0,ᛒᛚᚢᚾᛏᚾᛖᛋᛋ,427
storybook,403812,0,ᛋᛏᚩᚱᚣᛒᚩᚩᚳ,321
pensively,403738,0,ᛈᛖᚾᛋᛁᚢᛖᛚᚣ,469
cofounder,403718,0,ᚳᚩᚠᚩᚢᚾᛞᛖᚱ,228
capsaicin,403542,0,ᚳᚪᛈᛋᚪᛁᚳᛁᚾ,407
encomiums,403490,0,ᛖᚾᚳᚩᛗᛁᚢᛗᛋ,345
libellous,403194,0,ᛚᛁᛒᛖᛚᛚᚩᚢᛋ,441
waterless,403113,0,ᚹᚪᛏᛖᚱᛚᛖᛋᛋ,499
arteriolar,403109,0,ᚪᚱᛏᛖᚱᛡᛚᚪᚱ,533
invertase,403089,0,ᛁᚾᚢᛖᚱᛏᚪᛋᛖ,417
galvanism,402958,0,ᚷᚪᛚᚢᚪᚾᛁᛋᛗ,471
carolinian,402721,0,ᚳᚪᚱᚩᛚᛁᚾᛡᚾ,397
censorious,402625,0,ᚳᛖᚾᛋᚩᚱᛡᚢᛋ,343
reactivate,402339,0,ᚱᛠᚳᛏᛁᚢᚪᛏᛖ,449
fourpence,402177,0,ᚠᚩᚢᚱᛈᛖᚾᚳᛖ,242
ungrounded,402011,0,ᚢᛝᚱᚩᚢᚾᛞᛖᛞ,377
serrations,401857,0,ᛋᛖᚱᚱᚪᛏᛡᚾᛋ,487
reauthorize,401667,0,ᚱᛠᚢᚦᚩᚱᛁᛋᛖ,297
officered,401599,0,ᚩᚠᚠᛁᚳᛖᚱᛖᛞ,289
occlusions,401280,0,ᚩᚳᚳᛚᚢᛋᛡᚾᛋ,351
cyanamide,401216,0,ᚳᚣᚪᚾᚪᛗᛁᛞᛖ,597
amaryllis,401082,0,ᚪᛗᚪᚱᚣᛚᛚᛁᛋ,609
foretelling,401027,0,ᚠᚩᚱᛖᛏᛖᛚᛚᛝ,438
decameron,400993,0,ᛞᛖᚳᚪᛗᛖᚱᚩᚾ,451
blizzards,400636,0,ᛒᛚᛁᛋᛋᚪᚱᛞᛋ,521
jessamine,400097,0,ᛂᛖᛋᛋᚪᛗᛁᚾᛖ,505
tidelands,400025,0,ᛏᛁᛞᛖᛚᚪᚾᛞᛋ,587
contestee,399585,0,ᚳᚩᚾᛏᛖᛋᛏᛖᛖ,421
slapstick,399524,0,ᛋᛚᚪᛈᛋᛏᛁᚳᚳ,435
coveralls,399518,0,ᚳᚩᚢᛖᚱᚪᛚᛚᛋ,397
slavishly,399127,0,ᛋᛚᚪᚢᛁᛋᚻᛚᚣ,509
satirized,398929,0,ᛋᚪᛏᛁᚱᛁᛋᛖᛞ,491
quartiles,398767,0,ᚳᚹᚪᚱᛏᛁᛚᛖᛋ,423
threateningly,398710,0,ᚦᚱᛠᛏᛖᚾᛝᛚᚣ,535
levantine,398314,0,ᛚᛖᚢᚪᚾᛏᛁᚾᛖ,455
painterly,398261,0,ᛈᚪᛁᚾᛏᛖᚱᛚᚣ,513
provender,398239,0,ᛈᚱᚩᚢᛖᚾᛞᛖᚱ,327
nominates,398149,0,ᚾᚩᛗᛁᚾᚪᛏᛖᛋ,443
hydrofoil,397884,0,ᚻᚣᛞᚱᚩᚠᚩᛁᛚ,346
freestyle,397800,0,ᚠᚱᛖᛖᛋᛏᚣᛚᛖ,502
declaimed,397582,0,ᛞᛖᚳᛚᚪᛁᛗᛖᛞ,597
construes,397514,0,ᚳᚩᚾᛋᛏᚱᚢᛖᛋ,295
scrimmage,397446,0,ᛋᚳᚱᛁᛗᛗᚪᚷᛖ,431
quartette,397414,0,ᚳᚹᚪᚱᛏᛖᛏᛏᛖ,451
cambodians,397168,0,ᚳᚪᛗᛒᚩᛞᛡᚾᛋ,527
dandelions,396863,0,ᛞᚪᚾᛞᛖᛚᛡᚾᛋ,633
spartacus,396601,0,ᛋᛈᚪᚱᛏᚪᚳᚢᛋ,429
marshaled,396483,0,ᛗᚪᚱᛋᚻᚪᛚᛖᛞ,581
relaxants,396449,0,ᚱᛖᛚᚪᛉᚪᚾᛏᛋ,533
petulance,396402,0,ᛈᛖᛏᚢᛚᚪᚾᚳᛖ,451
scintilla,396385,0,ᛋᚳᛁᚾᛏᛁᛚᛚᚪ,459
precordial,396313,0,ᛈᚱᛖᚳᚩᚱᛞᛡᛚ,421
construal,396283,0,ᚳᚩᚾᛋᛏᚱᚢᚪᛚ,345
italianate,396120,0,ᛁᛏᚪᛚᛡᚾᚪᛏᛖ,619
neurotics,396103,0,ᚾᛖᚢᚱᚩᛏᛁᚳᛋ,273
bloodiest,395969,0,ᛒᛚᚩᚩᛞᛁᛖᛋᛏ,447
adulterer,395907,0,ᚪᛞᚢᛚᛏᛖᚱᛖᚱ,477
easterners,395847,0,ᛠᛋᛏᛖᚱᚾᛖᚱᛋ,459
detraction,395779,0,ᛞᛖᛏᚱᚪᚳᛏᛡᚾ,531
repatriate,395776,0,ᚱᛖᛈᚪᛏᚱᛡᛏᛖ,521
distracts,395769,0,ᛞᛁᛋᛏᚱᚪᚳᛏᛋ,465
sobriquet,395706,0,ᛋᚩᛒᚱᛁᚳᚹᛖᛏ,321
breadfruit,395633,0,ᛒᚱᛠᛞᚠᚱᚢᛁᛏ,376
rainfalls,395608,0,ᚱᚪᛁᚾᚠᚪᛚᛚᛋ,466
unmounted,395290,0,ᚢᚾᛗᚩᚢᚾᛏᛖᛞ,357
rochambeau,395097,0,ᚱᚩᚳᚻᚪᛗᛒᛠᚢ,395
backfired,395020,0,ᛒᚪᚳᚳᚠᛁᚱᛖᛞ,384
houseboat,394988,0,ᚻᚩᚢᛋᛖᛒᚩᚪᛏ,377
wonderingly,394874,0,ᚹᚩᚾᛞᛖᚱᛝᛚᚣ,477
detections,394816,0,ᛞᛖᛏᛖᚳᛏᛡᚾᛋ,543
impotency,394784,0,ᛁᛗᛈᚩᛏᛖᚾᚳᚣ,423
apostates,394730,0,ᚪᛈᚩᛋᛏᚪᛏᛖᛋ,535
unsavoury,394643,0,ᚢᚾᛋᚪᚢᚩᚢᚱᚣ,309
cataloger,394630,0,ᚳᚪᛏᚪᛚᚩᚷᛖᚱ,441
anaphoric,394545,0,ᚪᚾᚪᛈᚻᚩᚱᛁᚳ,351
upbraided,394504,0,ᚢᛈᛒᚱᚪᛁᛞᛖᛞ,491
letterman,394384,0,ᛚᛖᛏᛏᛖᚱᛗᚪᚾ,533
neuralgic,394217,0,ᚾᛖᚢᚱᚪᛚᚷᛁᚳ,341
immolation,394177,0,ᛁᛗᛗᚩᛚᚪᛏᛡᚾ,545
internals,394120,0,ᛁᚾᛏᛖᚱᚾᚪᛚᛋ,449
preflight,394070,0,ᛈᚱᛖᚠᛚᛁᚷᚻᛏ,326
sacroiliac,394053,0,ᛋᚪᚳᚱᚩᛁᛚᛡᚳ,405
biographic,393830,0,ᛒᛡᚷᚱᚪᛈᚻᛁᚳ,403
vaccinate,393817,0,ᚢᚪᚳᚳᛁᚾᚪᛏᛖ,409
rookeries,393521,0,ᚱᚩᚩᚳᛖᚱᛁᛖᛋ,267
vassalage,393380,0,ᚢᚪᛋᛋᚪᛚᚪᚷᛖ,557
midsection,393247,0,ᛗᛁᛞᛋᛖᚳᛏᛡᚾ,519
hematomas,392921,0,ᚻᛖᛗᚪᛏᚩᛗᚪᛋ,545
fulminant,392781,0,ᚠᚢᛚᛗᛁᚾᚪᚾᛏ,394
republish,392765,0,ᚱᛖᛈᚢᛒᛚᛁᛋᚻ,365
chartists,392715,0,ᚳᚻᚪᚱᛏᛁᛋᛏᛋ,399
defectors,392627,0,ᛞᛖᚠᛖᚳᛏᚩᚱᛋ,368
sheerness,392559,0,ᛋᚻᛖᛖᚱᚾᛖᛋᛋ,423
entropies,392494,0,ᛖᚾᛏᚱᚩᛈᛁᛖᛋ,367
patronising,392394,0,ᛈᚪᛏᚱᚩᚾᛁᛋᛝ,409
knockdown,392377,0,ᚳᚾᚩᚳᚳᛞᚩᚹᚾ,219
benignity,392097,0,ᛒᛖᚾᛁᚷᚾᛁᛏᚣ,427
toothpicks,392044,0,ᛏᚩᚩᚦᛈᛁᚳᚳᛋ,231
coherency,391916,0,ᚳᚩᚻᛖᚱᛖᚾᚳᚣ,333
unordered,391759,0,ᚢᚾᚩᚱᛞᛖᚱᛖᛞ,373
militated,391659,0,ᛗᛁᛚᛁᛏᚪᛏᛖᛞ,577
becquerel,391430,0,ᛒᛖᚳᚳᚹᛖᚱᛖᛚ,391
donizetti,391180,0,ᛞᚩᚾᛁᛋᛖᛏᛏᛁ,425
decubitus,391144,0,ᛞᛖᚳᚢᛒᛁᛏᚢᛋ,379
calcaneus,390950,0,ᚳᚪᛚᚳᚪᚾᛖᚢᛋ,445
tremolite,390902,0,ᛏᚱᛖᛗᚩᛚᛁᛏᛖ,445
herefords,390583,0,ᚻᛖᚱᛖᚠᚩᚱᛞᛋ,330
mercurous,390308,0,ᛗᛖᚱᚳᚢᚱᚩᚢᛋ,239
demarcate,390275,0,ᛞᛖᛗᚪᚱᚳᚪᛏᛖ,571
footfalls,390270,0,ᚠᚩᚩᛏᚠᚪᛚᛚᛋ,373
desiccant,389692,0,ᛞᛖᛋᛁᚳᚳᚪᚾᛏ,451
backpacks,389566,0,ᛒᚪᚳᚳᛈᚪᚳᚳᛋ,403
rightward,388899,0,ᚱᛁᚷᚻᛏᚹᚪᚱᛞ,357
granulate,388899,0,ᚷᚱᚪᚾᚢᛚᚪᛏᛖ,453
bestiality,388591,0,ᛒᛖᛋᛏᛡᛚᛁᛏᚣ,613
weightier,388541,0,ᚹᛖᛁᚷᚻᛏᛁᛖᚱ,325
subsidise,388529,0,ᛋᚢᛒᛋᛁᛞᛁᛋᛖ,441
habitants,388494,0,ᚻᚪᛒᛁᛏᚪᚾᛏᛋ,509
epiphyses,388256,0,ᛖᛈᛁᛈᚻᚣᛋᛖᛋ,483
spheroids,388166,0,ᛋᛈᚻᛖᚱᚩᛁᛞᛋ,377
blockages,388071,0,ᛒᛚᚩᚳᚳᚪᚷᛖᛋ,401
interlace,388069,0,ᛁᚾᛏᛖᚱᛚᚪᚳᛖ,447
saboteurs,388030,0,ᛋᚪᛒᚩᛏᛖᚢᚱᛋ,411
flagstone,388020,0,ᚠᛚᚪᚷᛋᛏᚩᚾᛖ,404
astrakhan,387778,0,ᚪᛋᛏᚱᚪᚳᚻᚪᚾ,479
quatrains,387623,0,ᚳᚹᚪᛏᚱᚪᛁᚾᛋ,409
rickettsia,387246,0,ᚱᛁᚳᚳᛖᛏᛏᛋᛡ,413
prejudicing,387050,0,ᛈᚱᛖᛂᚢᛞᛁᚳᛝ,373
enhancers,386950,0,ᛖᚾᚻᚪᚾᚳᛖᚱᛋ,389
ballasted,386868,0,ᛒᚪᛚᛚᚪᛋᛏᛖᛞ,669
bandstand,386651,0,ᛒᚪᚾᛞᛋᛏᚪᚾᛞ,603
hydrolyze,386228,0,ᚻᚣᛞᚱᚩᛚᚣᛋᛖ,529
indexical,385812,0,ᛁᚾᛞᛖᛉᛁᚳᚪᛚ,477
metathesis,385434,0,ᛗᛖᛏᚪᚦᛖᛋᛁᛋ,503
homebound,385393,0,ᚻᚩᛗᛖᛒᚩᚢᚾᛞ,357
dismission,385300,0,ᛞᛁᛋᛗᛁᛋᛋᛡᚾ,517
violinists,385289,0,ᚢᛡᛚᛁᚾᛁᛋᛏᛋ,439
gonorrheal,385070,0,ᚷᚩᚾᚩᚱᚱᚻᛠᛚ,287
tapeworms,384790,0,ᛏᚪᛈᛖᚹᚩᚱᛗᛋ,427
proselyte,384761,0,ᛈᚱᚩᛋᛖᛚᚣᛏᛖ,483
audiometry,384496,0,ᚪᚢᛞᛡᛗᛖᛏᚱᚣ,607
archelaus,383803,0,ᚪᚱᚳᚻᛖᛚᚪᚢᛋ,437
nestorius,383713,0,ᚾᛖᛋᛏᚩᚱᛁᚢᛋ,313
paranasal,383659,0,ᛈᚪᚱᚪᚾᚪᛋᚪᛚ,597
interleaving,383531,0,ᛁᚾᛏᛖᚱᛚᛠᚢᛝ,461
transmute,383344,0,ᛏᚱᚪᚾᛋᛗᚢᛏᛖ,449
sprinkles,382705,0,ᛋᛈᚱᛁᚾᚳᛚᛖᛋ,373
enchanter,382669,0,ᛖᚾᚳᚻᚪᚾᛏᛖᚱ,395
womenfolk,382502,0,ᚹᚩᛗᛖᚾᚠᚩᛚᚳ,288
goldfinch,382147,0,ᚷᚩᛚᛞᚠᛁᚾᚳᚻ,284
imbibition,382095,0,ᛁᛗᛒᛁᛒᛁᛏᛡᚾ,481
hypercube,381922,0,ᚻᚣᛈᛖᚱᚳᚢᛒᛖ,391
recusants,381884,0,ᚱᛖᚳᚢᛋᚪᚾᛏᛋ,385
fumigants,381797,0,ᚠᚢᛗᛁᚷᚪᚾᛏᛋ,362
scarlatti,380737,0,ᛋᚳᚪᚱᛚᚪᛏᛏᛁ,493
chronicling,380529,0,ᚳᚻᚱᚩᚾᛁᚳᛚᛝ,279
crossfire,380312,0,ᚳᚱᚩᛋᛋᚠᛁᚱᛖ,248
lorentzian,380219,0,ᛚᚩᚱᛖᚾᛏᛋᛡᚾ,435
haemolysis,380180,0,ᚻᚫᛗᚩᛚᚣᛋᛁᛋ,515
soothsayer,380172,0,ᛋᚩᚩᚦᛋᚪᚣᛖᚱ,403
clapboard,380152,0,ᚳᛚᚪᛈᛒᚩᚪᚱᛞ,491
campfires,380085,0,ᚳᚪᛗᛈᚠᛁᚱᛖᛋ,388
ironclads,380038,0,ᛁᚱᚩᚾᚳᛚᚪᛞᛋ,403
isolations,379871,0,ᛁᛋᚩᛚᚪᛏᛡᚾᛋ,509
subserved,379823,0,ᛋᚢᛒᛋᛖᚱᚢᛖᛞ,407
execration,379778,0,ᛖᛉᛖᚳᚱᚪᛏᛡᚾ,497
hypocotyl,379777,0,ᚻᚣᛈᚩᚳᚩᛏᚣᛚ,431
eightfold,379670,0,ᛖᛁᚷᚻᛏᚠᚩᛚᛞ,368
treponema,378609,0,ᛏᚱᛖᛈᚩᚾᛖᛗᚪ,451
radiosonde,378537,0,ᚱᚪᛞᛡᛋᚩᚾᛞᛖ,549
abdominis,378520,0,ᚪᛒᛞᚩᛗᛁᚾᛁᛋ,469
resurface,378444,0,ᚱᛖᛋᚢᚱᚠᚪᚳᛖ,324
brachiopod,378358,0,ᛒᚱᚪᚳᚻᛡᛈᚩᛞ,451
freemason,378188,0,ᚠᚱᛖᛖᛗᚪᛋᚩᚾ,404
foretells,377912,0,ᚠᚩᚱᛖᛏᛖᛚᛚᛋ,412
backtrack,377356,0,ᛒᚪᚳᚳᛏᚱᚪᚳᚳ,377
underpass,377125,0,ᚢᚾᛞᛖᚱᛈᚪᛋᛋ,445
meditates,377031,0,ᛗᛖᛞᛁᛏᚪᛏᛖᛋ,593
seductions,376908,0,ᛋᛖᛞᚢᚳᛏᛡᚾᛋ,473
mannequin,376753,0,ᛗᚪᚾᚾᛖᚳᚹᛁᚾ,385
marigolds,376434,0,ᛗᚪᚱᛁᚷᚩᛚᛞᛋ,449
ebullient,376397,0,ᛖᛒᚢᛚᛚᛁᛖᚾᛏ,463
undulated,376352,0,ᚢᚾᛞᚢᛚᚪᛏᛖᛞ,509
autolysis,376290,0,ᚪᚢᛏᚩᛚᚣᛋᛁᛋ,479
marionette,376162,0,ᛗᚪᚱᛡᚾᛖᛏᛏᛖ,567
juxtaposing,376052,0,ᛂᚢᛉᛏᚪᛈᚩᛋᛝ,425
mummified,376036,0,ᛗᚢᛗᛗᛁᚠᛁᛖᛞ,436
ovalbumin,375899,0,ᚩᚢᚪᛚᛒᚢᛗᛁᚾ,375
conodonts,375875,0,ᚳᚩᚾᚩᛞᚩᚾᛏᛋ,293
undefeated,375723,0,ᚢᚾᛞᛖᚠᛠᛏᛖᛞ,514
sensorium,375656,0,ᛋᛖᚾᛋᚩᚱᛁᚢᛗ,325
causeways,375637,0,ᚳᚪᚢᛋᛖᚹᚪᚣᛋ,505
migraines,375623,0,ᛗᛁᚷᚱᚪᛁᚾᛖᛋ,407
pettiness,375600,0,ᛈᛖᛏᛏᛁᚾᛖᛋᛋ,461
shakedown,375539,0,ᛋᚻᚪᚳᛖᛞᚩᚹᚾ,397
amphipods,375371,0,ᚪᛗᛈᚻᛁᛈᚩᛞᛋ,457
paresthesia,375308,0,ᛈᚪᚱᛖᛋᚦᛖᛋᛡ,503
verdigris,375235,0,ᚢᛖᚱᛞᛁᚷᚱᛁᛋ,313
bookmaker,375009,0,ᛒᚩᚩᚳᛗᚪᚳᛖᚱ,347
mezzotint,374995,0,ᛗᛖᛋᛋᚩᛏᛁᚾᛏ,429
asthmatics,374908,0,ᚪᛋᚦᛗᚪᛏᛁᚳᛋ,479
barbecued,374884,0,ᛒᚪᚱᛒᛖᚳᚢᛖᛞ,469
oppresses,374678,0,ᚩᛈᛈᚱᛖᛋᛋᛖᛋ,397
reshuffle,374355,0,ᚱᛖᛋᚻᚢᚠᚠᛚᛖ,301
nonentity,374234,0,ᚾᚩᚾᛖᚾᛏᛁᛏᚣ,413
peneplain,374192,0,ᛈᛖᚾᛖᛈᛚᚪᛁᚾ,479
fulminating,373946,0,ᚠᚢᛚᛗᛁᚾᚪᛏᛝ,444
postpones,373914,0,ᛈᚩᛋᛏᛈᚩᚾᛖᛋ,361
chippewas,372987,0,ᚳᚻᛁᛈᛈᛖᚹᚪᛋ,389
furloughs,372842,0,ᚠᚢᚱᛚᚩᚢᚷᚻᛋ,192
holsteins,372789,0,ᚻᚩᛚᛋᛏᛖᛁᚾᛋ,395
sanitarian,372712,0,ᛋᚪᚾᛁᛏᚪᚱᛡᚾ,513
navicular,372390,0,ᚾᚪᚢᛁᚳᚢᛚᚪᚱ,357
introvert,372135,0,ᛁᚾᛏᚱᚩᚢᛖᚱᛏ,277
reassembling,372044,0,ᚱᛠᛋᛋᛖᛗᛒᛚᛝ,577
spineless,371733,0,ᛋᛈᛁᚾᛖᛚᛖᛋᛋ,469
untrodden,371721,0,ᚢᚾᛏᚱᚩᛞᛞᛖᚾ,383
swordsman,371576,0,ᛋᚹᚩᚱᛞᛋᛗᚪᚾ,429
captaincy,371463,0,ᚳᚪᛈᛏᚪᛁᚾᚳᚣ,485
voicemail,371248,0,ᚢᚩᛁᚳᛖᛗᚪᛁᛚ,393
ritualism,371095,0,ᚱᛁᛏᚢᚪᛚᛁᛋᛗ,429
monatomic,370910,0,ᛗᚩᚾᚪᛏᚩᛗᛁᚳ,385
parricide,370763,0,ᛈᚪᚱᚱᛁᚳᛁᛞᛖ,393
humanness,370496,0,ᚻᚢᛗᚪᚾᚾᛖᛋᛋ,425
gonococci,370361,0,ᚷᚩᚾᚩᚳᚩᚳᚳᛁ,137
literates,370306,0,ᛚᛁᛏᛖᚱᚪᛏᛖᛋ,517
turnovers,370263,0,ᛏᚢᚱᚾᚩᚢᛖᚱᛋ,243
graceless,370151,0,ᚷᚱᚪᚳᛖᛚᛖᛋᛋ,451
sumptuary,369984,0,ᛋᚢᛗᛈᛏᚢᚪᚱᚣ,443
reassertion,369956,0,ᚱᛠᛋᛋᛖᚱᛏᛡᚾ,499
sunburned,369899,0,ᛋᚢᚾᛒᚢᚱᚾᛖᛞ,345
overrunning,369871,0,ᚩᚢᛖᚱᚱᚢᚾᚾᛝ,239
propounding,369527,0,ᛈᚱᚩᛈᚩᚢᚾᛞᛝ,311
fairytale,369411,0,ᚠᚪᛁᚱᚣᛏᚪᛚᛖ,540
animistic,369106,0,ᚪᚾᛁᛗᛁᛋᛏᛁᚳ,415
icebreaker,369042,0,ᛁᚳᛖᛒᚱᛠᚳᛖᚱ,383
belittled,369014,0,ᛒᛖᛚᛁᛏᛏᛚᛖᛞ,579
beachfront,368896,0,ᛒᛠᚳᚻᚠᚱᚩᚾᛏ,314
dominants,368683,0,ᛞᚩᛗᛁᚾᚪᚾᛏᛋ,465
ambuscade,368425,0,ᚪᛗᛒᚢᛋᚳᚪᛞᛖ,551
racehorse,368308,0,ᚱᚪᚳᛖᚻᚩᚱᛋᛖ,349
bidentate,368291,0,ᛒᛁᛞᛖᚾᛏᚪᛏᛖ,559
defoliated,368220,0,ᛞᛖᚠᚩᛚᛡᛏᛖᛞ,560
maintenon,368191,0,ᛗᚪᛁᚾᛏᛖᚾᚩᚾ,419
mammogram,368095,0,ᛗᚪᛗᛗᚩᚷᚱᚪᛗ,513
typefaces,368025,0,ᛏᚣᛈᛖᚠᚪᚳᛖᛋ,504
switchman,367862,0,ᛋᚹᛁᛏᚳᚻᛗᚪᚾ,395
hillbilly,367858,0,ᚻᛁᛚᛚᛒᛁᛚᛚᚣ,541
dissembling,367670,0,ᛞᛁᛋᛋᛖᛗᛒᛚᛝ,577
awestruck,367604,0,ᚪᚹᛖᛋᛏᚱᚢᚳᚳ,335
pedigreed,367517,0,ᛈᛖᛞᛁᚷᚱᛖᛖᛞ,481
paralyses,367184,0,ᛈᚪᚱᚪᛚᚣᛋᛖᛋ,597
inertness,367107,0,ᛁᚾᛖᚱᛏᚾᛖᛋᛋ,399
folkloric,367038,0,ᚠᚩᛚᚳᛚᚩᚱᛁᚳ,230
textually,366926,0,ᛏᛖᛉᛏᚢᚪᛚᛚᚣ,581
recapturing,366881,0,ᚱᛖᚳᚪᛈᛏᚢᚱᛝ,383
futurists,366598,0,ᚠᚢᛏᚢᚱᛁᛋᛏᛋ,274
casements,366570,0,ᚳᚪᛋᛖᛗᛖᚾᛏᛋ,509
actualize,366396,0,ᚪᚳᛏᚢᚪᛚᛁᛋᛖ,493
fistulous,366278,0,ᚠᛁᛋᛏᚢᛚᚩᚢᛋ,284
outpourings,366248,0,ᚩᚢᛏᛈᚩᚢᚱᛝᛋ,265
spillways,366237,0,ᛋᛈᛁᛚᛚᚹᚪᚣᛋ,545
suffragan,365992,0,ᛋᚢᚠᚠᚱᚪᚷᚪᚾ,311
underlaid,365927,0,ᚢᚾᛞᛖᚱᛚᚪᛁᛞ,489
stateside,365824,0,ᛋᛏᚪᛏᛖᛋᛁᛞᛖ,575
cattleman,365516,0,ᚳᚪᛏᛏᛚᛖᛗᚪᚾ,565
reformism,365378,0,ᚱᛖᚠᚩᚱᛗᛁᛋᛗ,324
nucleonics,365270,0,ᚾᚢᚳᛚᛇᚾᛁᚳᛋ,285
suppurating,365189,0,ᛋᚢᛈᛈᚢᚱᚪᛏᛝ,391
paraffine,364983,0,ᛈᚪᚱᚪᚠᚠᛁᚾᛖ,379
terrorize,364978,0,ᛏᛖᚱᚱᚩᚱᛁᛋᛖ,317
prodromal,364886,0,ᛈᚱᚩᛞᚱᚩᛗᚪᛚ,409
nonrandom,364881,0,ᚾᚩᚾᚱᚪᚾᛞᚩᛗ,369
coexistent,364776,0,ᚳᛟᛉᛁᛋᛏᛖᚾᛏ,441
hypnotist,364658,0,ᚻᚣᛈᚾᚩᛏᛁᛋᛏ,407
creationism,364485,0,ᚳᚱᛠᛏᛡᚾᛁᛋᛗ,483
extricating,364354,0,ᛖᛉᛏᚱᛁᚳᚪᛏᛝ,463
centipede,364231,0,ᚳᛖᚾᛏᛁᛈᛖᛞᛖ,465
nonpareil,364090,0,ᚾᚩᚾᛈᚪᚱᛖᛁᛚ,387
surprized,363979,0,ᛋᚢᚱᛈᚱᛁᛋᛖᛞ,361
scatterer,363892,0,ᛋᚳᚪᛏᛏᛖᚱᛖᚱ,437
alleviates,363790,0,ᚪᛚᛚᛖᚢᛡᛏᛖᛋ,599
microchip,363784,0,ᛗᛁᚳᚱᚩᚳᚻᛁᛈ,243
nonmetals,363594,0,ᚾᚩᚾᛗᛖᛏᚪᛚᛋ,485
octahedra,363506,0,ᚩᚳᛏᚪᚻᛖᛞᚱᚪ,463
timekeeping,363494,0,ᛏᛁᛗᛖᚳᛖᛖᛈᛝ,497
eucalypts,363423,0,ᛖᚢᚳᚪᛚᚣᛈᛏᛋ,511
overtopping,363258,0,ᚩᚢᛖᚱᛏᚩᛈᛈᛝ,319
ornamenting,363122,0,ᚩᚱᚾᚪᛗᛖᚾᛏᛝ,449
craziness,363077,0,ᚳᚱᚪᛋᛁᚾᛖᛋᛋ,407
overblown,362954,0,ᚩᚢᛖᚱᛒᛚᚩᚹᚾ,277
conestoga,362886,0,ᚳᚩᚾᛖᛋᛏᚩᚷᚪ,349
liquified,362848,0,ᛚᛁᚳᚹᛁᚠᛁᛖᛞ,356
cathartics,362596,0,ᚳᚪᚦᚪᚱᛏᛁᚳᛋ,379
mishandling,362406,0,ᛗᛁᛋᚻᚪᚾᛞᛚᛝ,545
deamination,362378,0,ᛞᛠᛗᛁᚾᚪᛏᛡᚾ,621
calloused,362342,0,ᚳᚪᛚᛚᚩᚢᛋᛖᛞ,475
timepiece,362299,0,ᛏᛁᛗᛖᛈᛁᛖᚳᛖ,449
gossypium,362164,0,ᚷᚩᛋᛋᚣᛈᛁᚢᛗ,381
detracted,361693,0,ᛞᛖᛏᚱᚪᚳᛏᛖᛞ,551
epicureans,361269,0,ᛖᛈᛁᚳᚢᚱᛠᚾᛋ,359
betokened,361038,0,ᛒᛖᛏᚩᚳᛖᚾᛖᛞ,459
megaphone,360941,0,ᛗᛖᚷᚪᛈᚻᚩᚾᛖ,421
lightship,360513,0,ᛚᛁᚷᚻᛏᛋᚻᛁᛈ,353
platitude,360448,0,ᛈᛚᚪᛏᛁᛏᚢᛞᛖ,521
sourdough,360352,0,ᛋᚩᚢᚱᛞᚩᚢᚷᚻ,213
freeholds,360329,0,ᚠᚱᛖᛖᚻᚩᛚᛞᛋ,392
catechist,360328,0,ᚳᚪᛏᛖᚳᚻᛁᛋᛏ,415
newsreels,360097,0,ᚾᛖᚹᛋᚱᛖᛖᛚᛋ,439
sclerites,360060,0,ᛋᚳᛚᛖᚱᛁᛏᛖᛋ,427
knapsacks,360055,0,ᚳᚾᚪᛈᛋᚪᚳᚳᛋ,411
prolixity,360004,0,ᛈᚱᚩᛚᛁᛉᛁᛏᚣ,405
cirrhotic,359987,0,ᚳᛁᚱᚱᚻᚩᛏᛁᚳ,199
plasterer,359884,0,ᛈᛚᚪᛋᛏᛖᚱᛖᚱ,481
minnehaha,359357,0,ᛗᛁᚾᚾᛖᚻᚪᚻᚪ,467
windblown,358971,0,ᚹᛁᚾᛞᛒᛚᚩᚹᚾ,357
antitheses,358794,0,ᚪᚾᛏᛁᚦᛖᛋᛖᛋ,461
kronecker,358467,0,ᚳᚱᚩᚾᛖᚳᚳᛖᚱ,231
diaphanous,358327,0,ᛞᛡᛈᚻᚪᚾᚩᚢᛋ,451
unreduced,358142,0,ᚢᚾᚱᛖᛞᚢᚳᛖᛞ,371
liquorice,357952,0,ᛚᛁᚳᚹᚩᚱᛁᚳᛖ,265
magnifier,357916,0,ᛗᚪᚷᚾᛁᚠᛁᛖᚱ,356
jeopardise,357889,0,ᛂᛇᛈᚪᚱᛞᛁᛋᛖ,469
recrossed,357729,0,ᚱᛖᚳᚱᚩᛋᛋᛖᛞ,371
falseness,357276,0,ᚠᚪᛚᛋᛖᚾᛖᛋᛋ,494
headedness,357191,0,ᚻᛠᛞᛖᛞᚾᛖᛋᛋ,579
cretinism,357188,0,ᚳᚱᛖᛏᛁᚾᛁᛋᛗ,365
carnivals,357145,0,ᚳᚪᚱᚾᛁᚢᚪᛚᛋ,407
lobectomy,356769,0,ᛚᚩᛒᛖᚳᛏᚩᛗᚣ,461
contumely,356532,0,ᚳᚩᚾᛏᚢᛗᛖᛚᚣ,425
inelegant,356451,0,ᛁᚾᛖᛚᛖᚷᚪᚾᛏ,469
deportees,356406,0,ᛞᛖᛈᚩᚱᛏᛖᛖᛋ,463
rancidity,356313,0,ᚱᚪᚾᚳᛁᛞᛁᛏᚣ,463
wayfarers,356267,0,ᚹᚪᚣᚠᚪᚱᛖᚱᛋ,460
satirists,356188,0,ᛋᚪᛏᛁᚱᛁᛋᛏᛋ,447
flounders,356033,0,ᚠᛚᚩᚢᚾᛞᛖᚱᛋ,334
backyards,355989,0,ᛒᚪᚳᚳᚣᚪᚱᛞᛋ,537
predaceous,355740,0,ᛈᚱᛖᛞᚪᚳᛇᚢᛋ,417
symbolise,355666,0,ᛋᚣᛗᛒᚩᛚᛁᛋᛖ,519
palatines,355655,0,ᛈᚪᛚᚪᛏᛁᚾᛖᛋ,549
palpitating,355279,0,ᛈᚪᛚᛈᛁᛏᚪᛏᛝ,581
lampblack,355278,0,ᛚᚪᛗᛈᛒᛚᚪᚳᚳ,541
talismans,354990,0,ᛏᚪᛚᛁᛋᛗᚪᚾᛋ,563
rightmost,354875,0,ᚱᛁᚷᚻᛏᛗᚩᛋᛏ,331
bunkhouse,354843,0,ᛒᚢᚾᚳᚻᚩᚢᛋᛖ,259
shoreward,354572,0,ᛋᚻᚩᚱᛖᚹᚪᚱᛞ,377
misprints,354566,0,ᛗᛁᛋᛈᚱᛁᚾᛏᛋ,381
adjutants,354517,0,ᚪᛞᛂᚢᛏᚪᚾᛏᛋ,523
siddhartha,354364,0,ᛋᛁᛞᛞᚻᚪᚱᚦᚪ,495
blackface,354239,0,ᛒᛚᚪᚳᚳᚠᚪᚳᛖ,436
goniometer,354220,0,ᚷᚩᚾᛡᛗᛖᛏᛖᚱ,435
chronicon,354195,0,ᚳᚻᚱᚩᚾᛁᚳᚩᚾ,163
fragmenting,353903,0,ᚠᚱᚪᚷᛗᛖᚾᛏᛝ,432
angularity,353774,0,ᚪᛝᚢᛚᚪᚱᛁᛏᚣ,553
pestilent,353483,0,ᛈᛖᛋᛏᛁᛚᛖᚾᛏ,481
antedates,353012,0,ᚪᚾᛏᛖᛞᚪᛏᛖᛋ,617
nephrosis,352893,0,ᚾᛖᛈᚻᚱᚩᛋᛁᛋ,317
catskills,352837,0,ᚳᚪᛏᛋᚳᛁᛚᛚᛋ,465
monotypic,352814,0,ᛗᚩᚾᚩᛏᚣᛈᛁᚳ,363
epiphytes,352716,0,ᛖᛈᛁᛈᚻᚣᛏᛖᛋ,489
reassembly,352519,0,ᚱᛠᛋᛋᛖᛗᛒᛚᚣ,601
brookside,352455,0,ᛒᚱᚩᚩᚳᛋᛁᛞᛖ,339
windfalls,352189,0,ᚹᛁᚾᛞᚠᚪᛚᛚᛋ,466
harmonium,352187,0,ᚻᚪᚱᛗᚩᚾᛁᚢᛗ,343
chiefdoms,352063,0,ᚳᚻᛁᛖᚠᛞᚩᛗᛋ,356
incautious,352060,0,ᛁᚾᚳᚪᚢᛏᛡᚢᛋ,395
ceylonese,352024,0,ᚳᛖᚣᛚᚩᚾᛖᛋᛖ,479
scotchmen,351966,0,ᛋᚳᚩᛏᚳᚻᛗᛖᚾ,335
offertory,351913,0,ᚩᚠᚠᛖᚱᛏᚩᚱᚣ,269
tribology,351887,0,ᛏᚱᛁᛒᚩᛚᚩᚷᚣ,369
emollient,351838,0,ᛖᛗᚩᛚᛚᛁᛖᚾᛏ,477
esperance,351725,0,ᛖᛋᛈᛖᚱᚪᚾᚳᛖ,447
mesmerizing,351623,0,ᛗᛖᛋᛗᛖᚱᛁᛋᛝ,503
barracuda,351455,0,ᛒᚪᚱᚱᚪᚳᚢᛞᚪ,479
senescent,351246,0,ᛋᛖᚾᛖᛋᚳᛖᚾᛏ,437
flatterer,351109,0,ᚠᛚᚪᛏᛏᛖᚱᛖᚱ,446
clamshell,350792,0,ᚳᛚᚪᛗᛋᚻᛖᛚᛚ,543
photoplay,350481,0,ᛈᚻᚩᛏᚩᛈᛚᚪᚣ,455
fathomless,350337,0,ᚠᚪᚦᚩᛗᛚᛖᛋᛋ,428
unscrewed,350273,0,ᚢᚾᛋᚳᚱᛖᚹᛖᛞ,351
suppliants,349981,0,ᛋᚢᛈᛈᛚᛡᚾᛏᛋ,463
hazelnuts,349735,0,ᚻᚪᛋᛖᛚᚾᚢᛏᛋ,457
subaqueous,349505,0,ᛋᚢᛒᚪᚳᚹᛇᚢᛋ,343
anglicized,349109,0,ᚪᛝᛚᛁᚳᛁᛋᛖᛞ,533
microtome,348924,0,ᛗᛁᚳᚱᚩᛏᚩᛗᛖ,337
workrooms,348868,0,ᚹᚩᚱᚳᚱᚩᚩᛗᛋ,199
sharpener,348797,0,ᛋᚻᚪᚱᛈᛖᚾᛖᚱ,401
funicular,348794,0,ᚠᚢᚾᛁᚳᚢᛚᚪᚱ,262
neutrally,348624,0,ᚾᛖᚢᛏᚱᚪᛚᛚᚣ,515
prolapsed,348605,0,ᛈᚱᚩᛚᚪᛈᛋᛖᛞ,483
shouldest,348552,0,ᛋᚻᚩᚢᛚᛞᛖᛋᛏ,427
equipoise,348058,0,ᛖᚳᚹᛁᛈᚩᛁᛋᛖ,331
unfaltering,348051,0,ᚢᚾᚠᚪᛚᛏᛖᚱᛝ,420
unstinted,347893,0,ᚢᚾᛋᛏᛁᚾᛏᛖᛞ,419
precentor,347864,0,ᛈᚱᛖᚳᛖᚾᛏᚩᚱ,307
unseaworthy,347784,0,ᚢᚾᛋᛠᚹᚩᚱᚦᚣ,339
catamaran,347784,0,ᚳᚪᛏᚪᛗᚪᚱᚪᚾ,571
abjuration,347587,0,ᚪᛒᛂᚢᚱᚪᛏᛡᚾ,501
accordant,347490,0,ᚪᚳᚳᚩᚱᛞᚪᚾᛏ,415
frontalis,347386,0,ᚠᚱᚩᚾᛏᚪᛚᛁᛋ,362
personify,347291,0,ᛈᛖᚱᛋᚩᚾᛁᚠᚣ,346
mushrooming,346812,0,ᛗᚢᛋᚻᚱᚩᚩᛗᛝ,325
salpingitis,346551,0,ᛋᚪᛚᛈᛝᛁᛏᛁᛋ,519
vulcanite,346438,0,ᚢᚢᛚᚳᚪᚾᛁᛏᛖ,375
raincoats,346315,0,ᚱᚪᛁᚾᚳᚩᚪᛏᛋ,397
showcased,346150,0,ᛋᚻᚩᚹᚳᚪᛋᛖᛞ,421
grandsire,345947,0,ᚷᚱᚪᚾᛞᛋᛁᚱᛖ,405
atavistic,345823,0,ᚪᛏᚪᚢᛁᛋᛏᛁᚳ,443
purloined,345772,0,ᛈᚢᚱᛚᚩᛁᚾᛖᛞ,353
calabrese,345634,0,ᚳᚪᛚᚪᛒᚱᛖᛋᛖ,539
semisolid,345573,0,ᛋᛖᛗᛁᛋᚩᛚᛁᛞ,475
diagrammed,345339,0,ᛞᛡᚷᚱᚪᛗᛗᛖᛞ,619
trilobite,345304,0,ᛏᚱᛁᛚᚩᛒᛁᛏᛖ,399
bloodline,345246,0,ᛒᛚᚩᚩᛞᛚᛁᚾᛖ,437
ironmonger,345088,0,ᛁᚱᚩᚾᛗᚩᛝᛖᚱ,313
kidnapper,344967,0,ᚳᛁᛞᚾᚪᛈᛈᛖᚱ,423
beechwood,344599,0,ᛒᛖᛖᚳᚻᚹᚩᚩᛞ,353
glorifies,344539,0,ᚷᛚᚩᚱᛁᚠᛁᛖᛋ,292
winemaker,344453,0,ᚹᛁᚾᛖᛗᚪᚳᛖᚱ,405
kinswoman,343940,0,ᚳᛁᚾᛋᚹᚩᛗᚪᚾ,349
digitizer,343719,0,ᛞᛁᚷᛁᛏᛁᛋᛖᚱ,389
pinpoints,343707,0,ᛈᛁᚾᛈᚩᛁᚾᛏᛋ,325
heliotrope,343705,0,ᚻᛖᛚᛡᛏᚱᚩᛈᛖ,457
memorably,343655,0,ᛗᛖᛗᚩᚱᚪᛒᛚᚣ,561
mnemonics,343553,0,ᛗᚾᛖᛗᚩᚾᛁᚳᛋ,371
panoramas,343066,0,ᛈᚪᚾᚩᚱᚪᛗᚪᛋ,505
intermingle,343053,0,ᛁᚾᛏᛖᚱᛗᛝᛚᛖ,487
bryozoans,343016,0,ᛒᚱᚣᚩᛋᚩᚪᚾᛋ,421
designees,342700,0,ᛞᛖᛋᛁᚷᚾᛖᛖᛋ,473
casuarina,342187,0,ᚳᚪᛋᚢᚪᚱᛁᚾᚪ,431
stanislas,341938,0,ᛋᛏᚪᚾᛁᛋᛚᚪᛋ,545
subtracts,341703,0,ᛋᚢᛒᛏᚱᚪᚳᛏᛋ,409
woodchuck,341255,0,ᚹᚩᚩᛞᚳᚻᚢᚳᚳ,187
chickadee,341120,0,ᚳᚻᛁᚳᚳᚪᛞᛖᛖ,413
capitulum,341102,0,ᚳᚪᛈᛁᛏᚢᛚᚢᛗ,393
summations,341065,0,ᛋᚢᛗᛗᚪᛏᛡᚾᛋ,543
hooligans,340966,0,ᚻᚩᚩᛚᛁᚷᚪᚾᛋ,337
alleyways,340788,0,ᚪᛚᛚᛖᚣᚹᚪᚣᛋ,685
eventuate,340200,0,ᛖᚢᛖᚾᛏᚢᚪᛏᛖ,451
chasseurs,340172,0,ᚳᚻᚪᛋᛋᛖᚢᚱᛋ,373
supination,340166,0,ᛋᚢᛈᛁᚾᚪᛏᛡᚾ,451
wineglass,339824,0,ᚹᛁᚾᛖᚷᛚᚪᛋᛋ,439
paraclete,339616,0,ᛈᚪᚱᚪᚳᛚᛖᛏᛖ,527
kshatriya,339610,0,ᚳᛋᚻᚪᛏᚱᛁᚣᚪ,487
worshiper,338865,0,ᚹᚩᚱᛋᚻᛁᛈᛖᚱ,265
nebulizer,338508,0,ᚾᛖᛒᚢᛚᛁᛋᛖᚱ,395
spherules,338462,0,ᛋᛈᚻᛖᚱᚢᛚᛖᛋ,393
colombians,338286,0,ᚳᚩᛚᚩᛗᛒᛡᚾᛋ,421
ammoniated,338128,0,ᚪᛗᛗᚩᚾᛡᛏᛖᛞ,597
wycherley,337990,0,ᚹᚣᚳᚻᛖᚱᛚᛖᚣ,479
pipestone,337928,0,ᛈᛁᛈᛖᛋᛏᚩᚾᛖ,399
voyeurism,337917,0,ᚢᚩᚣᛖᚢᚱᛁᛋᛗ,349
economise,337907,0,ᛖᚳᚩᚾᚩᛗᛁᛋᛖ,345
androgyny,337741,0,ᚪᚾᛞᚱᚩᚷᚣᚾᚣ,485
befuddled,337686,0,ᛒᛖᚠᚢᛞᛞᛚᛖᛞ,540
refreshes,337250,0,ᚱᛖᚠᚱᛖᛋᚻᛖᛋ,354
contumacy,337149,0,ᚳᚩᚾᛏᚢᛗᚪᚳᚣ,395
speedwell,337132,0,ᛋᛈᛖᛖᛞᚹᛖᛚᛚ,551
patagonian,336790,0,ᛈᚪᛏᚪᚷᚩᚾᛡᚾ,485
appallingly,336713,0,ᚪᛈᛈᚪᛚᛚᛝᛚᚣ,681
imputable,336534,0,ᛁᛗᛈᚢᛏᚪᛒᛚᛖ,505
stultifying,336401,0,ᛋᛏᚢᛚᛏᛁᚠᚣᛝ,462
improvers,336042,0,ᛁᛗᛈᚱᚩᚢᛖᚱᛋ,297
immigrate,336009,0,ᛁᛗᛗᛁᚷᚱᚪᛏᛖ,455
motorised,335848,0,ᛗᚩᛏᚩᚱᛁᛋᛖᛞ,395
pinnately,335672,0,ᛈᛁᚾᚾᚪᛏᛖᛚᚣ,531
macrocosm,335644,0,ᛗᚪᚳᚱᚩᚳᚩᛋᛗ,343
traduction,335611,0,ᛏᚱᚪᛞᚢᚳᛏᛡᚾ,467
chatillon,335522,0,ᚳᚻᚪᛏᛁᛚᛚᚩᚾ,405
papillose,335514,0,ᛈᚪᛈᛁᛚᛚᚩᛋᛖ,487
saccharum,335283,0,ᛋᚪᚳᚳᚻᚪᚱᚢᛗ,381
irrawaddy,334915,0,ᛁᚱᚱᚪᚹᚪᛞᛞᚣ,547
humorists,334820,0,ᚻᚢᛗᚩᚱᛁᛋᛏᛋ,311
refocused,334562,0,ᚱᛖᚠᚩᚳᚢᛋᛖᛞ,312
spallation,334521,0,ᛋᛈᚪᛚᛚᚪᛏᛡᚾ,631
centroids,334404,0,ᚳᛖᚾᛏᚱᚩᛁᛞᛋ,359
oedematous,334392,0,ᛟᛞᛖᛗᚪᛏᚩᚢᛋ,529
hollingshead,334354,0,ᚻᚩᛚᛚᛝᛋᚻᛠᛞ,529
aspirates,334234,0,ᚪᛋᛈᛁᚱᚪᛏᛖᛋ,511
unhealthful,334202,0,ᚢᚾᚻᛠᛚᚦᚠᚢᛚ,320
glaciology,334148,0,ᚷᛚᚪᚳᛡᛚᚩᚷᚣ,507
defeasance,334105,0,ᛞᛖᚠᛠᛋᚪᚾᚳᛖ,526
newscasts,334100,0,ᚾᛖᚹᛋᚳᚪᛋᛏᛋ,443
strollers,333989,0,ᛋᛏᚱᚩᛚᛚᛖᚱᛋ,407
exhumation,333912,0,ᛖᛉᚻᚢᛗᚪᛏᛡᚾ,503
stringently,333865,0,ᛋᛏᚱᛝᛖᚾᛏᛚᚣ,533
sojourned,333598,0,ᛋᚩᛂᚩᚢᚱᚾᛖᛞ,303
milliners,333570,0,ᛗᛁᛚᛚᛁᚾᛖᚱᛋ,439
heartiness,333524,0,ᚻᛠᚱᛏᛁᚾᛖᛋᛋ,435
fluviatile,333456,0,ᚠᛚᚢᚢᛡᛏᛁᛚᛖ,418
arytenoid,333442,0,ᚪᚱᚣᛏᛖᚾᚩᛁᛞ,493
methuselah,333132,0,ᛗᛖᚦᚢᛋᛖᛚᚪᚻ,459
inebriety,333099,0,ᛁᚾᛖᛒᚱᛁᛖᛏᚣ,459
francisca,332830,0,ᚠᚱᚪᚾᚳᛁᛋᚳᚪ,346
extrovert,332717,0,ᛖᛉᛏᚱᚩᚢᛖᚱᛏ,331
moroccans,332449,0,ᛗᚩᚱᚩᚳᚳᚪᚾᛋ,301
repossess,332325,0,ᚱᛖᛈᚩᛋᛋᛖᛋᛋ,407
misleadingly,332190,0,ᛗᛁᛋᛚᛠᛞᛝᛚᚣ,681
impaneled,331933,0,ᛁᛗᛈᚪᚾᛖᛚᛖᛞ,567
sepulture,331894,0,ᛋᛖᛈᚢᛚᛏᚢᚱᛖ,379
terrorizing,331747,0,ᛏᛖᚱᚱᚩᚱᛁᛋᛝ,329
neptunium,331684,0,ᚾᛖᛈᛏᚢᚾᛁᚢᛗ,335
homoerotic,331640,0,ᚻᚩᛗᛟᚱᚩᛏᛁᚳ,305
complexly,331632,0,ᚳᚩᛗᛈᛚᛖᛉᛚᚣ,497
innervate,331404,0,ᛁᚾᚾᛖᚱᚢᚪᛏᛖ,393
kidnappings,331384,0,ᚳᛁᛞᚾᚪᛈᛈᛝᛋ,477
epigraphy,331063,0,ᛖᛈᛁᚷᚱᚪᛈᚻᚣ,435
checkmate,330603,0,ᚳᚻᛖᚳᚳᛗᚪᛏᛖ,423
levellers,330364,0,ᛚᛖᚢᛖᛚᛚᛖᚱᛋ,487
bacharach,330218,0,ᛒᚪᚳᚻᚪᚱᚪᚳᚻ,435
unstamped,330208,0,ᚢᚾᛋᛏᚪᛗᛈᛖᛞ,511
diplomate,329789,0,ᛞᛁᛈᛚᚩᛗᚪᛏᛖ,537
anorectal,329773,0,ᚪᚾᚩᚱᛖᚳᛏᚪᛚ,453
trainable,329614,0,ᛏᚱᚪᛁᚾᚪᛒᛚᛖ,525
pilferage,329456,0,ᛈᛁᛚᚠᛖᚱᚪᚷᛖ,408
blemished,329331,0,ᛒᛚᛖᛗᛁᛋᚻᛖᛞ,535
whensoever,329253,0,ᚹᚻᛖᚾᛋᛟᚢᛖᚱ,355
sacristan,328855,0,ᛋᚪᚳᚱᛁᛋᛏᚪᚾ,443
cricketer,328505,0,ᚳᚱᛁᚳᚳᛖᛏᛖᚱ,285
pharisaic,328057,0,ᛈᚻᚪᚱᛁᛋᚪᛁᚳ,399
gallstone,327733,0,ᚷᚪᛚᛚᛋᛏᚩᚾᛖ,475
crenulate,327661,0,ᚳᚱᛖᚾᚢᛚᚪᛏᛖ,419
marginalia,327569,0,ᛗᚪᚱᚷᛁᚾᚪᛚᛡ,533
rancorous,327307,0,ᚱᚪᚾᚳᚩᚱᚩᚢᛋ,231
stoically,326986,0,ᛋᛏᚩᛁᚳᚪᛚᛚᚣ,509
ironsides,326832,0,ᛁᚱᚩᚾᛋᛁᛞᛖᛋ,371
trapezium,326541,0,ᛏᚱᚪᛈᛖᛋᛁᚢᛗ,435
teneriffe,326428,0,ᛏᛖᚾᛖᚱᛁᚠᚠᛖ,335
quadratus,326357,0,ᚳᚹᚪᛞᚱᚪᛏᚢᛋ,441
rightists,325903,0,ᚱᛁᚷᚻᛏᛁᛋᛏᛋ,337
embalmers,325880,0,ᛖᛗᛒᚪᛚᛗᛖᚱᛋ,571
fuzziness,325679,0,ᚠᚢᛋᛋᛁᚾᛖᛋᛋ,344
keystroke,325547,0,ᚳᛖᚣᛋᛏᚱᚩᚳᛖ,393
proscribing,325412,0,ᛈᚱᚩᛋᚳᚱᛁᛒᛝ,309
camcorder,325402,0,ᚳᚪᛗᚳᚩᚱᛞᛖᚱ,379
refinishing,325379,0,ᚱᛖᚠᛁᚾᛁᛋᚻᛝ,326
defeasible,325326,0,ᛞᛖᚠᛠᛋᛁᛒᛚᛖ,552
hobbyists,325298,0,ᚻᚩᛒᛒᚣᛁᛋᛏᛋ,451
matchmaking,325270,0,ᛗᚪᛏᚳᚻᛗᚪᚳᛝ,523
resourced,325230,0,ᚱᛖᛋᚩᚢᚱᚳᛖᛞ,321
selectman,325164,0,ᛋᛖᛚᛖᚳᛏᛗᚪᚾ,529
morningstar,324586,0,ᛗᚩᚱᚾᛝᛋᛏᚪᚱ,417
bolometer,324204,0,ᛒᚩᛚᚩᛗᛖᛏᛖᚱ,423
haemophilia,324104,0,ᚻᚫᛗᚩᛈᚻᛁᛚᛡ,479
ostracods,323924,0,ᚩᛋᛏᚱᚪᚳᚩᛞᛋ,389
inveighed,323646,0,ᛁᚾᚢᛖᛁᚷᚻᛖᛞ,357
polyploid,323615,0,ᛈᚩᛚᚣᛈᛚᚩᛁᛞ,469
eulogized,323534,0,ᛖᚢᛚᚩᚷᛁᛋᛖᛞ,407
polyandry,322968,0,ᛈᚩᛚᚣᚪᚾᛞᚱᚣ,555
flashover,322891,0,ᚠᛚᚪᛋᚻᚩᚢᛖᚱ,336
tarragona,322856,0,ᛏᚪᚱᚱᚪᚷᚩᚾᚪ,425
deceivers,322687,0,ᛞᛖᚳᛖᛁᚢᛖᚱᛋ,401
reorganise,322232,0,ᚱᛇᚱᚷᚪᚾᛁᛋᛖ,357
lyttleton,322000,0,ᛚᚣᛏᛏᛚᛖᛏᚩᚾ,529
undersell,321958,0,ᚢᚾᛞᛖᚱᛋᛖᛚᛚ,465
sepulcher,321913,0,ᛋᛖᛈᚢᛚᚳᚻᛖᚱ,353
stampeded,321843,0,ᛋᛏᚪᛗᛈᛖᛞᛖᛞ,635
unbundled,321628,0,ᚢᚾᛒᚢᚾᛞᛚᛖᛞ,443
karamazov,321594,0,ᚳᚪᚱᚪᛗᚪᛋᚩᚢ,449
solipsism,321187,0,ᛋᚩᛚᛁᛈᛋᛁᛋᛗ,415
necrology,321133,0,ᚾᛖᚳᚱᚩᛚᚩᚷᚣ,327
kauffmann,321127,0,ᚳᚪᚢᚠᚠᛗᚪᚾᚾ,343
fantasize,321061,0,ᚠᚪᚾᛏᚪᛋᛁᛋᛖ,488
woodcraft,320939,0,ᚹᚩᚩᛞᚳᚱᚪᚠᛏ,304
shepherding,320854,0,ᛋᚻᛖᛈᚻᛖᚱᛞᛝ,455
commensal,320755,0,ᚳᚩᛗᛗᛖᚾᛋᚪᛚ,481
radiolarian,320570,0,ᚱᚪᛞᛡᛚᚪᚱᛡᚾ,621
prologues,320509,0,ᛈᚱᚩᛚᚩᚷᚢᛖᛋ,281
chloritic,320335,0,ᚳᚻᛚᚩᚱᛁᛏᛁᚳ,261
heartrending,320294,0,ᚻᛠᚱᛏᚱᛖᚾᛞᛝ,477
scapulars,319864,0,ᛋᚳᚪᛈᚢᛚᚪᚱᛋ,443
syncretic,319572,0,ᛋᚣᚾᚳᚱᛖᛏᛁᚳ,379
remediable,319490,0,ᚱᛖᛗᛖᛞᛡᛒᛚᛖ,613
hirsutism,319281,0,ᚻᛁᚱᛋᚢᛏᛁᛋᛗ,335
hellebore,319219,0,ᚻᛖᛚᛚᛖᛒᚩᚱᛖ,449
catapults,319162,0,ᚳᚪᛏᚪᛈᚢᛚᛏᛋ,497
newsgroup,319051,0,ᚾᛖᚹᛋᚷᚱᚩᚢᛈ,249
aborigine,318960,0,ᚪᛒᚩᚱᛁᚷᛁᚾᛖ,351
greenhorn,318833,0,ᚷᚱᛖᛖᚾᚻᚩᚱᚾ,261
rulership,318571,0,ᚱᚢᛚᛖᚱᛋᚻᛁᛈ,315
stigmatic,318079,0,ᛋᛏᛁᚷᛗᚪᛏᛁᚳ,431
sidebands,318037,0,ᛋᛁᛞᛖᛒᚪᚾᛞᛋ,569
reoccupied,317780,0,ᚱᛇᚳᚳᚢᛈᛁᛖᛞ,311
limehouse,317732,0,ᛚᛁᛗᛖᚻᚩᚢᛋᛖ,395
extremest,317612,0,ᛖᛉᛏᚱᛖᛗᛖᛋᛏ,501
personals,317606,0,ᛈᛖᚱᛋᚩᚾᚪᛚᛋ,433
kibbutzim,317533,0,ᚳᛁᛒᛒᚢᛏᛋᛁᛗ,383
workhorse,317487,0,ᚹᚩᚱᚳᚻᚩᚱᛋᛖ,211
enantiomer,317435,0,ᛖᚾᚪᚾᛏᛡᛗᛖᚱ,537
comitatus,317332,0,ᚳᚩᛗᛁᛏᚪᛏᚢᛋ,393
questionings,317261,0,ᚳᚹᛖᛋᛏᛡᚾᛝᛋ,479
ignoramus,317039,0,ᛁᚷᚾᚩᚱᚪᛗᚢᛋ,319
epitomize,316883,0,ᛖᛈᛁᛏᚩᛗᛁᛋᛖ,429
reoriented,316771,0,ᚱᛇᚱᛁᛖᚾᛏᛖᛞ,405
aloneness,316735,0,ᚪᛚᚩᚾᛖᚾᛖᛋᛋ,475
reclusive,316400,0,ᚱᛖᚳᛚᚢᛋᛁᚢᛖ,321
weldments,316294,0,ᚹᛖᛚᛞᛗᛖᚾᛏᛋ,527
nectarine,315894,0,ᚾᛖᚳᛏᚪᚱᛁᚾᛖ,403
borderers,315749,0,ᛒᚩᚱᛞᛖᚱᛖᚱᛋ,377
evangelize,315713,0,ᛖᚢᚪᛝᛖᛚᛁᛋᛖ,537
tarantula,315627,0,ᛏᚪᚱᚪᚾᛏᚢᛚᚪ,525
lexically,315616,0,ᛚᛖᛉᛁᚳᚪᛚᛚᚣ,577
bagatelle,315527,0,ᛒᚪᚷᚪᛏᛖᛚᛚᛖ,611
semiramis,315314,0,ᛋᛖᛗᛁᚱᚪᛗᛁᛋ,485
unprinted,315300,0,ᚢᚾᛈᚱᛁᚾᛏᛖᛞ,361
supervening,315297,0,ᛋᚢᛈᛖᚱᚢᛖᚾᛝ,355
chinaware,315139,0,ᚳᚻᛁᚾᚪᚹᚪᚱᛖ,387
unashamed,315132,0,ᚢᚾᚪᛋᚻᚪᛗᛖᛞ,529
otherworld,315005,0,ᚩᚦᛖᚱᚹᚩᚱᛚᛞ,289
lecherous,314936,0,ᛚᛖᚳᚻᛖᚱᚩᚢᛋ,317
reminisce,314793,0,ᚱᛖᛗᛁᚾᛁᛋᚳᛖ,373
uproarious,314690,0,ᚢᛈᚱᚩᚪᚱᛡᚢᛋ,335
unstudied,314618,0,ᚢᚾᛋᛏᚢᛞᛁᛖᛞ,423
tangerines,314488,0,ᛏᚪᛝᛖᚱᛁᚾᛖᛋ,493
overstating,314479,0,ᚩᚢᛖᚱᛋᛏᚪᛏᛝ,435
breastbone,314437,0,ᛒᚱᛠᛋᛏᛒᚩᚾᛖ,457
debutante,313968,0,ᛞᛖᛒᚢᛏᚪᚾᛏᛖ,531
halftones,313659,0,ᚻᚪᛚᚠᛏᚩᚾᛖᛋ,410
upholders,313652,0,ᚢᛈᚻᚩᛚᛞᛖᚱᛋ,369
redefines,313318,0,ᚱᛖᛞᛖᚠᛁᚾᛖᛋ,416
relegation,313287,0,ᚱᛖᛚᛖᚷᚪᛏᛡᚾ,527
ballpoint,313181,0,ᛒᚪᛚᛚᛈᚩᛁᚾᛏ,473
testators,313067,0,ᛏᛖᛋᛏᚪᛏᚩᚱᛋ,465
splitters,313020,0,ᛋᛈᛚᛁᛏᛏᛖᚱᛋ,449
overdoses,312832,0,ᚩᚢᛖᚱᛞᚩᛋᛖᛋ,357
adenopathy,312811,0,ᚪᛞᛖᚾᚩᛈᚪᚦᚣ,537
phantasms,312675,0,ᛈᚻᚪᚾᛏᚪᛋᛗᛋ,525
radiopaque,312582,0,ᚱᚪᛞᛡᛈᚪᚳᚹᛖ,543
represses,312521,0,ᚱᛖᛈᚱᛖᛋᛋᛖᛋ,425
synoptics,312338,0,ᛋᚣᚾᚩᛈᛏᛁᚳᛋ,391
penalizes,312308,0,ᛈᛖᚾᚪᛚᛁᛋᛖᛋ,513
turnstile,312078,0,ᛏᚢᚱᚾᛋᛏᛁᛚᛖ,385
mathematic,311843,0,ᛗᚪᚦᛖᛗᚪᛏᛁᚳ,511
retentions,311352,0,ᚱᛖᛏᛖᚾᛏᛡᚾᛋ,481
extortions,311294,0,ᛖᛉᛏᚩᚱᛏᛡᚾᛋ,439
oleaginous,311276,0,ᚩᛚᛠᚷᛁᚾᚩᚢᛋ,329
revellers,311230,0,ᚱᛖᚢᛖᛚᛚᛖᚱᛋ,425
exoticism,311175,0,ᛖᛉᚩᛏᛁᚳᛁᛋᛗ,379
subtotals,310965,0,ᛋᚢᛒᛏᚩᛏᚪᛚᛋ,465
sublimely,310738,0,ᛋᚢᛒᛚᛁᛗᛖᛚᚣ,535
steersman,310726,0,ᛋᛏᛖᛖᚱᛋᛗᚪᚾ,507
quaternion,310558,0,ᚳᚹᚪᛏᛖᚱᚾᛡᚾ,431
releasable,310374,0,ᚱᛖᛚᛠᛋᚪᛒᛚᛖ,611
fulminate,310366,0,ᚠᚢᛚᛗᛁᚾᚪᛏᛖ,432
marischal,310323,0,ᛗᚪᚱᛁᛋᚳᚻᚪᛚ,469
germicide,310309,0,ᚷᛖᚱᛗᛁᚳᛁᛞᛖ,397
sidetrack,310287,0,ᛋᛁᛞᛖᛏᚱᚪᚳᚳ,433
shibboleth,310213,0,ᛋᚻᛁᛒᛒᚩᛚᛖᚦ,381
halfpence,310038,0,ᚻᚪᛚᚠᛈᛖᚾᚳᛖ,414
sectarians,309967,0,ᛋᛖᚳᛏᚪᚱᛡᚾᛋ,489
pleuritic,309711,0,ᛈᛚᛖᚢᚱᛁᛏᛁᚳ,331
overborne,309701,0,ᚩᚢᛖᚱᛒᚩᚱᚾᛖ,263
saturnalia,309694,0,ᛋᚪᛏᚢᚱᚾᚪᛚᛡ,529
muniments,309258,0,ᛗᚢᚾᛁᛗᛖᚾᛏᛋ,413
brushwork,309221,0,ᛒᚱᚢᛋᚻᚹᚩᚱᚳ,201
sibylline,309198,0,ᛋᛁᛒᚣᛚᛚᛁᚾᛖ,521
innocency,308832,0,ᛁᚾᚾᚩᚳᛖᚾᚳᚣ,321
loanwords,308366,0,ᛚᚩᚪᚾᚹᚩᚱᛞᛋ,385
polonaise,308039,0,ᛈᚩᛚᚩᚾᚪᛁᛋᛖ,407
unoffending,307961,0,ᚢᚾᚩᚠᚠᛖᚾᛞᛝ,307
interiorly,307913,0,ᛁᚾᛏᛖᚱᛡᚱᛚᚣ,491
romanized,307837,0,ᚱᚩᛗᚪᚾᛁᛋᛖᛞ,455
homiletic,307640,0,ᚻᚩᛗᛁᛚᛖᛏᛁᚳ,375
hemangiomas,307206,0,ᚻᛖᛗᚪᛝᛡᛗᚪᛋ,665
doorframe,307179,0,ᛞᚩᚩᚱᚠᚱᚪᛗᛖ,362
nerveless,307133,0,ᚾᛖᚱᚢᛖᛚᛖᛋᛋ,423
torturous,307117,0,ᛏᚩᚱᛏᚢᚱᚩᚢᛋ,213
medallist,307090,0,ᛗᛖᛞᚪᛚᛚᛁᛋᛏ,613
loggerhead,306949,0,ᛚᚩᚷᚷᛖᚱᚻᛠᛞ,413
decumbent,306863,0,ᛞᛖᚳᚢᛗᛒᛖᚾᛏ,459
marchmont,306779,0,ᛗᚪᚱᚳᚻᛗᚩᚾᛏ,381
viceregal,306714,0,ᚢᛁᚳᛖᚱᛖᚷᚪᛚ,379
excalibur,306481,0,ᛖᛉᚳᚪᛚᛁᛒᚢᚱ,403
lowliness,306411,0,ᛚᚩᚹᛚᛁᚾᛖᛋᛋ,405
chipmunks,306400,0,ᚳᚻᛁᛈᛗᚢᚾᚳᛋ,279
embroider,306298,0,ᛖᛗᛒᚱᚩᛁᛞᛖᚱ,415
peristyle,306215,0,ᛈᛖᚱᛁᛋᛏᚣᛚᛖ,507
lakefront,306208,0,ᛚᚪᚳᛖᚠᚱᚩᚾᛏ,358
sidelight,306162,0,ᛋᛁᛞᛖᛚᛁᚷᚻᛏ,443
incurably,306029,0,ᛁᚾᚳᚢᚱᚪᛒᛚᚣ,421
bracteoles,305989,0,ᛒᚱᚪᚳᛏᛇᛚᛖᛋ,475
horseless,305913,0,ᚻᚩᚱᛋᛖᛚᛖᛋᛋ,407
primavera,305907,0,ᛈᚱᛁᛗᚪᚢᛖᚱᚪ,431
oxidizers,305756,0,ᚩᛉᛁᛞᛁᛋᛖᚱᛋ,389
hybridizing,305540,0,ᚻᚣᛒᚱᛁᛞᛁᛋᛝ,481
bootlegging,305504,0,ᛒᚩᚩᛏᛚᛖᚷᚷᛝ,387
exorcised,305417,0,ᛖᛉᚩᚱᚳᛁᛋᛖᛞ,385
astringents,305386,0,ᚪᛋᛏᚱᛝᛖᚾᛏᛋ,507
enervated,305148,0,ᛖᚾᛖᚱᚢᚪᛏᛖᛞ,489
zemindars,305141,0,ᛋᛖᛗᛁᚾᛞᚪᚱᛋ,501
deactivate,304992,0,ᛞᛠᚳᛏᛁᚢᚪᛏᛖ,527
exteriorly,304938,0,ᛖᛉᛏᛖᚱᛡᚱᛚᚣ,545
exculpate,304914,0,ᛖᛉᚳᚢᛚᛈᚪᛏᛖ,469
frigidity,304820,0,ᚠᚱᛁᚷᛁᛞᛁᛏᚣ,374
likeliest,304778,0,ᛚᛁᚳᛖᛚᛁᛖᛋᛏ,467
tyrannous,304702,0,ᛏᚣᚱᚪᚾᚾᚩᚢᛋ,391
ferryboat,304693,0,ᚠᛖᚱᚱᚣᛒᚩᚪᛏ,418
catchword,304337,0,ᚳᚪᛏᚳᚻᚹᚩᚱᛞ,331
covenanting,304317,0,ᚳᚩᚢᛖᚾᚪᚾᛏᛝ,383
frittered,304285,0,ᚠᚱᛁᛏᛏᛖᚱᛖᛞ,396
stockroom,304096,0,ᛋᛏᚩᚳᚳᚱᚩᚩᛗ,241
pollinating,304054,0,ᛈᚩᛚᛚᛁᚾᚪᛏᛝ,491
preverbal,303921,0,ᛈᚱᛖᚢᛖᚱᛒᚪᛚ,433
manichaean,303534,0,ᛗᚪᚾᛁᚳᚻᚫᚪᚾ,491
petersham,303447,0,ᛈᛖᛏᛖᚱᛋᚻᚪᛗ,491
adverbials,303102,0,ᚪᛞᚢᛖᚱᛒᛡᛚᛋ,561
wainscoting,303071,0,ᚹᚪᛁᚾᛋᚳᚩᛏᛝ,387
pollutions,303018,0,ᛈᚩᛚᛚᚢᛏᛡᚾᛋ,447
unisexual,302961,0,ᚢᚾᛁᛋᛖᛉᚢᚪᛚ,403
illumines,302473,0,ᛁᛚᛚᚢᛗᛁᚾᛖᛋ,431
polygenic,302353,0,ᛈᚩᛚᚣᚷᛖᚾᛁᚳ,383
whisperings,302098,0,ᚹᚻᛁᛋᛈᛖᚱᛝᛋ,379
acquaints,302017,0,ᚪᚳᚳᚹᚪᛁᚾᛏᛋ,411
grizzlies,301914,0,ᚷᚱᛁᛋᛋᛚᛁᛖᛋ,389
nursemaid,301897,0,ᚾᚢᚱᛋᛖᛗᚪᛁᛞ,451
turnabout,301869,0,ᛏᚢᚱᚾᚪᛒᚩᚢᛏ,329
signalmen,301678,0,ᛋᛁᚷᚾᚪᛚᛗᛖᚾ,467
crosscuts,301575,0,ᚳᚱᚩᛋᛋᚳᚢᛏᛋ,265
breastwork,301138,0,ᛒᚱᛠᛋᛏᚹᚩᚱᚳ,343
pollyanna,300929,0,ᛈᚩᛚᛚᚣᚪᚾᚾᚪ,551
copperhead,300724,0,ᚳᚩᛈᛈᛖᚱᚻᛠᛞ,405
percheron,300605,0,ᛈᛖᚱᚳᚻᛖᚱᚩᚾ,271
vestrymen,300389,0,ᚢᛖᛋᛏᚱᚣᛗᛖᚾ,463
misstated,299983,0,ᛗᛁᛋᛋᛏᚪᛏᛖᛞ,579
extradite,299896,0,ᛖᛉᛏᚱᚪᛞᛁᛏᛖ,527
baronetcy,299478,0,ᛒᚪᚱᚩᚾᛖᛏᚳᚣ,447
videlicet,299357,0,ᚢᛁᛞᛖᛚᛁᚳᛖᛏ,433
quebecois,299310,0,ᚳᚹᛖᛒᛖᚳᚩᛁᛋ,331
clericals,299257,0,ᚳᛚᛖᚱᛁᚳᚪᛚᛋ,431
suspender,298874,0,ᛋᚢᛋᛈᛖᚾᛞᛖᚱ,415
oogenesis,298826,0,ᚩᚩᚷᛖᚾᛖᛋᛁᛋ,331
corvettes,298643,0,ᚳᚩᚱᚢᛖᛏᛏᛖᛋ,339
signboard,298632,0,ᛋᛁᚷᚾᛒᚩᚪᚱᛞ,395
sublimest,298582,0,ᛋᚢᛒᛚᛁᛗᛖᛋᛏ,471
overrules,298430,0,ᚩᚢᛖᚱᚱᚢᛚᛖᛋ,295
cursorily,298204,0,ᚳᚢᚱᛋᚩᚱᛁᛚᚣ,305
falsities,298146,0,ᚠᚪᛚᛋᛁᛏᛁᛖᛋ,466
straights,297765,0,ᛋᛏᚱᚪᛁᚷᚻᛏᛋ,403
unrounded,297745,0,ᚢᚾᚱᚩᚢᚾᛞᛖᛞ,327
mobilizes,297742,0,ᛗᚩᛒᛁᛚᛁᛋᛖᛋ,447
lectionary,297667,0,ᛚᛖᚳᛏᛡᚾᚪᚱᚣ,559
aragonese,297638,0,ᚪᚱᚪᚷᚩᚾᛖᛋᛖ,445
respecter,297369,0,ᚱᛖᛋᛈᛖᚳᛏᛖᚱ,391
parcelled,297149,0,ᛈᚪᚱᚳᛖᛚᛚᛖᛞ,533
venturers,296888,0,ᚢᛖᚾᛏᚢᚱᛖᚱᛋ,303
urologist,296868,0,ᚢᚱᚩᛚᚩᚷᛁᛋᛏ,261
manubrium,296817,0,ᛗᚪᚾᚢᛒᚱᛁᚢᛗ,377
manzanita,296789,0,ᛗᚪᚾᛋᚪᚾᛁᛏᚪ,563
aspartame,296775,0,ᚪᛋᛈᚪᚱᛏᚪᛗᛖ,595
thermopile,296665,0,ᚦᛖᚱᛗᚩᛈᛁᛚᛖ,375
tinctured,296571,0,ᛏᛁᚾᚳᛏᚢᚱᛖᛞ,361
exfoliated,296555,0,ᛖᛉᚠᚩᛚᛡᛏᛖᛞ,518
osteoclast,296355,0,ᚩᛋᛏᛇᚳᛚᚪᛋᛏ,455
carbonyls,296263,0,ᚳᚪᚱᛒᚩᚾᚣᛚᛋ,447
demagogic,296247,0,ᛞᛖᛗᚪᚷᚩᚷᛁᚳ,409
puissance,295953,0,ᛈᚢᛁᛋᛋᚪᚾᚳᛖ,389
ecologies,295921,0,ᛖᚳᚩᛚᚩᚷᛁᛖᛋ,335
thickeners,295849,0,ᚦᛁᚳᚳᛖᚾᛖᚱᛋ,289
rhyolites,295847,0,ᚱᚻᚣᚩᛚᛁᛏᛖᛋ,427
shareware,295029,0,ᛋᚻᚪᚱᛖᚹᚪᚱᛖ,445
waldenses,295002,0,ᚹᚪᛚᛞᛖᚾᛋᛖᛋ,547
subsidising,294848,0,ᛋᚢᛒᛋᛁᛞᛁᛋᛝ,453
capitally,294813,0,ᚳᚪᛈᛁᛏᚪᛚᛚᚣ,589
concilium,294764,0,ᚳᚩᚾᚳᛁᛚᛁᚢᛗ,271
uncolored,294548,0,ᚢᚾᚳᚩᛚᚩᚱᛖᛞ,299
unworthily,294355,0,ᚢᚾᚹᚩᚱᚦᛁᛚᚣ,281
kwajalein,294125,0,ᚳᚹᚪᛂᚪᛚᛖᛁᚾ,463
metonymic,293956,0,ᛗᛖᛏᚩᚾᚣᛗᛁᚳ,451
pomposity,293921,0,ᛈᚩᛗᛈᚩᛋᛁᛏᚣ,417
straggled,293719,0,ᛋᛏᚱᚪᚷᚷᛚᛖᛞ,483
mustaches,293692,0,ᛗᚢᛋᛏᚪᚳᚻᛖᛋ,439
doorsteps,293515,0,ᛞᚩᚩᚱᛋᛏᛖᛈᛋ,389
midpoints,293450,0,ᛗᛁᛞᛈᚩᛁᚾᛏᛋ,413
timeshare,293443,0,ᛏᛁᛗᛖᛋᚻᚪᚱᛖ,479
initialled,293381,0,ᛁᚾᛁᛏᛡᛚᛚᛖᛞ,559
uncannily,293231,0,ᚢᚾᚳᚪᚾᚾᛁᛚᚣ,407
sweatshops,293161,0,ᛋᚹᛠᛏᛋᚻᚩᛈᛋ,419
balaclava,293098,0,ᛒᚪᛚᚪᚳᛚᚪᚢᚪ,611
coagulase,293066,0,ᚳᚩᚪᚷᚢᛚᚪᛋᛖ,427
capuchins,293053,0,ᚳᚪᛈᚢᚳᚻᛁᚾᛋ,305
contemned,292975,0,ᚳᚩᚾᛏᛖᛗᚾᛖᛞ,431
nevermore,292973,0,ᚾᛖᚢᛖᚱᛗᚩᚱᛖ,333
confreres,292965,0,ᚳᚩᚾᚠᚱᛖᚱᛖᛋ,260
jamaicans,292673,0,ᛂᚪᛗᚪᛁᚳᚪᚾᛋ,525
rhetorics,292586,0,ᚱᚻᛖᛏᚩᚱᛁᚳᛋ,275
candlemas,292550,0,ᚳᚪᚾᛞᛚᛖᛗᚪᛋ,589
decretals,292504,0,ᛞᛖᚳᚱᛖᛏᚪᛚᛋ,529
endorsers,292412,0,ᛖᚾᛞᚩᚱᛋᛖᚱᛋ,387
crinoline,292269,0,ᚳᚱᛁᚾᚩᛚᛁᚾᛖ,291
bailments,292242,0,ᛒᚪᛁᛚᛗᛖᚾᛏᛋ,541
templeman,291989,0,ᛏᛖᛗᛈᛚᛖᛗᚪᚾ,577
decidable,291966,0,ᛞᛖᚳᛁᛞᚪᛒᛚᛖ,587
adventitia,291578,0,ᚪᛞᚢᛖᚾᛏᛁᛏᛡ,541
dreariness,291414,0,ᛞᚱᛠᚱᛁᚾᛖᛋᛋ,453
houseless,291374,0,ᚻᚩᚢᛋᛖᛚᛖᛋᛋ,399
nullifies,291244,0,ᚾᚢᛚᛚᛁᚠᛁᛖᛋ,362
bluebirds,291239,0,ᛒᛚᚢᛖᛒᛁᚱᛞᛋ,449
pollsters,291176,0,ᛈᚩᛚᛚᛋᛏᛖᚱᛋ,439
elongations,291092,0,ᛖᛚᚩᛝᚪᛏᛡᚾᛋ,571
spatiality,291049,0,ᛋᛈᚪᛏᛡᛚᛁᛏᚣ,625
firehouse,290756,0,ᚠᛁᚱᛖᚻᚩᚢᛋᛖ,264
soporific,290642,0,ᛋᚩᛈᚩᚱᛁᚠᛁᚳ,198
menstruum,290525,0,ᛗᛖᚾᛋᛏᚱᚢᚢᛗ,367
legalised,290412,0,ᛚᛖᚷᚪᛚᛁᛋᛖᛞ,567
ciceronian,290403,0,ᚳᛁᚳᛖᚱᚩᚾᛡᚾ,307
unmanaged,290392,0,ᚢᚾᛗᚪᚾᚪᚷᛖᛞ,499
layperson,290343,0,ᛚᚪᚣᛈᛖᚱᛋᚩᚾ,483
abstemious,290257,0,ᚪᛒᛋᛏᛖᛗᛡᚢᛋ,571
fishmonger,290219,0,ᚠᛁᛋᚻᛗᚩᛝᛖᚱ,344
unresisting,290189,0,ᚢᚾᚱᛖᛋᛁᛋᛏᛝ,385
hedgehogs,289992,0,ᚻᛖᛞᚷᛖᚻᚩᚷᛋ,363
environed,289853,0,ᛖᚾᚢᛁᚱᚩᚾᛖᛞ,333
chancroid,289850,0,ᚳᚻᚪᚾᚳᚱᚩᛁᛞ,313
uninspiring,289376,0,ᚢᚾᛁᚾᛋᛈᛁᚱᛝ,309
northerner,289373,0,ᚾᚩᚱᚦᛖᚱᚾᛖᚱ,237
flywheels,289252,0,ᚠᛚᚣᚹᚻᛖᛖᛚᛋ,480
visigothic,288856,0,ᚢᛁᛋᛁᚷᚩᚦᛁᚳ,191
marrakesh,288695,0,ᛗᚪᚱᚱᚪᚳᛖᛋᚻ,443
restorers,288661,0,ᚱᛖᛋᛏᚩᚱᛖᚱᛋ,339
excoriated,288589,0,ᛖᛉᚳᚩᚱᛡᛏᛖᛞ,467
corrugating,288581,0,ᚳᚩᚱᚱᚢᚷᚪᛏᛝ,297
brainless,288485,0,ᛒᚱᚪᛁᚾᛚᛖᛋᛋ,475
cadaveric,288334,0,ᚳᚪᛞᚪᚢᛖᚱᛁᚳ,421
tragacanth,287820,0,ᛏᚱᚪᚷᚪᚳᚪᚾᚦ,425
moonstone,287749,0,ᛗᚩᚩᚾᛋᛏᚩᚾᛖ,329
partizans,287539,0,ᛈᚪᚱᛏᛁᛋᚪᚾᛋ,473
encumbering,287539,0,ᛖᚾᚳᚢᛗᛒᛖᚱᛝ,401
mainstays,287411,0,ᛗᚪᛁᚾᛋᛏᚪᚣᛋ,593
breastfeed,287410,0,ᛒᚱᛠᛋᛏᚠᛖᛖᛞ,518
clamoured,287303,0,ᚳᛚᚪᛗᚩᚢᚱᛖᛞ,431
somnolent,287206,0,ᛋᚩᛗᚾᚩᛚᛖᚾᛏ,395
unworldly,287130,0,ᚢᚾᚹᚩᚱᛚᛞᛚᚣ,407
hybridize,287076,0,ᚻᚣᛒᚱᛁᛞᛁᛋᛖ,469
decanters,287001,0,ᛞᛖᚳᚪᚾᛏᛖᚱᛋ,485
watchdogs,286958,0,ᚹᚪᛏᚳᚻᛞᚩᚷᛋ,377
congregating,286900,0,ᚳᚩᛝᚱᛖᚷᚪᛏᛝ,429
breadboard,286841,0,ᛒᚱᛠᛞᛒᚩᚪᚱᛞ,535
tragedians,286735,0,ᛏᚱᚪᚷᛖᛞᛡᚾᛋ,529
gargoyles,286479,0,ᚷᚪᚱᚷᚩᚣᛚᛖᛋ,445
insensate,286396,0,ᛁᚾᛋᛖᚾᛋᚪᛏᛖ,485
whereever,286076,0,ᚹᚻᛖᚱᛖᛖᚢᛖᚱ,335
keratosis,285797,0,ᚳᛖᚱᚪᛏᚩᛋᛁᛋ,391
impatiens,285717,0,ᛁᛗᛈᚪᛏᛁᛖᚾᛋ,481
quarrymen,285550,0,ᚳᚹᚪᚱᚱᚣᛗᛖᚾ,421
docklands,285257,0,ᛞᚩᚳᚳᛚᚪᚾᛞᛋ,463
pneumonias,285231,0,ᛈᚾᛖᚢᛗᚩᚾᛡᛋ,409
backcross,285026,0,ᛒᚪᚳᚳᚳᚱᚩᛋᛋ,321
cocoanuts,284990,0,ᚳᚩᚳᚩᚪᚾᚢᛏᛋ,281
tyrrhenian,284796,0,ᛏᚣᚱᚱᚻᛖᚾᛡᚾ,439
phaenomena,284740,0,ᛈᚻᚫᚾᚩᛗᛖᚾᚪ,467
leniently,284700,0,ᛚᛖᚾᛁᛖᚾᛏᛚᚣ,531
philibert,284574,0,ᛈᚻᛁᛚᛁᛒᛖᚱᛏ,399
granulating,284544,0,ᚷᚱᚪᚾᚢᛚᚪᛏᛝ,465
duralumin,284214,0,ᛞᚢᚱᚪᛚᚢᛗᛁᚾ,407
hypericum,284207,0,ᚻᚣᛈᛖᚱᛁᚳᚢᛗ,365
extrusive,283776,0,ᛖᛉᛏᚱᚢᛋᛁᚢᛖ,341
jackknife,283767,0,ᛂᚪᚳᚳᚳᚾᛁᚠᛖ,302
misbehaving,283762,0,ᛗᛁᛋᛒᛖᚻᚪᚢᛝ,485
reawakened,283689,0,ᚱᛠᚹᚪᚳᛖᚾᛖᛞ,501
betrayals,283659,0,ᛒᛖᛏᚱᚪᚣᚪᛚᛋ,621
cognisant,283523,0,ᚳᚩᚷᚾᛁᛋᚪᚾᛏ,335
spandrels,283378,0,ᛋᛈᚪᚾᛞᚱᛖᛚᛋ,515
audiotapes,283300,0,ᚪᚢᛞᛡᛏᚪᛈᛖᛋ,615
marshalsea,283131,0,ᛗᚪᚱᛋᚻᚪᛚᛋᛠ,587
exogamous,283054,0,ᛖᛉᚩᚷᚪᛗᚩᚢᛋ,369
martinmas,283052,0,ᛗᚪᚱᛏᛁᚾᛗᚪᛋ,519
meteoritic,283051,0,ᛗᛖᛏᛇᚱᛁᛏᛁᚳ,383
mescaline,282997,0,ᛗᛖᛋᚳᚪᛚᛁᚾᛖ,501
crispness,282921,0,ᚳᚱᛁᛋᛈᚾᛖᛋᛋ,353
fertilising,282763,0,ᚠᛖᚱᛏᛁᛚᛁᛋᛝ,406
procureur,282723,0,ᛈᚱᚩᚳᚢᚱᛖᚢᚱ,169
blankness,282401,0,ᛒᛚᚪᚾᚳᚾᛖᛋᛋ,475
energizes,282352,0,ᛖᚾᛖᚱᚷᛁᛋᛖᛋ,395
assonance,282307,0,ᚪᛋᛋᚩᚾᚪᚾᚳᛖ,445
orientalia,282032,0,ᚩᚱᛁᛖᚾᛏᚪᛚᛡ,481
backbones,281635,0,ᛒᚪᚳᚳᛒᚩᚾᛖᛋ,401
monarchic,281519,0,ᛗᚩᚾᚪᚱᚳᚻᛁᚳ,295
slipstream,281506,0,ᛋᛚᛁᛈᛋᛏᚱᛠᛗ,503
deodorants,281395,0,ᛞᛇᛞᚩᚱᚪᚾᛏᛋ,475
mendacity,281350,0,ᛗᛖᚾᛞᚪᚳᛁᛏᚣ,559
torturers,281273,0,ᛏᚩᚱᛏᚢᚱᛖᚱᛋ,281
campanula,281199,0,ᚳᚪᛗᛈᚪᚾᚢᛚᚪ,523
arthropathy,280843,0,ᚪᚱᚦᚱᚩᛈᚪᚦᚣ,379
sustainer,280818,0,ᛋᚢᛋᛏᚪᛁᚾᛖᚱ,403
chorister,280702,0,ᚳᚻᚩᚱᛁᛋᛏᛖᚱ,275
converses,280477,0,ᚳᚩᚾᚢᛖᚱᛋᛖᛋ,303
duodecimo,280199,0,ᛞᚢᚩᛞᛖᚳᛁᛗᚩ,377
rencontre,280138,0,ᚱᛖᚾᚳᚩᚾᛏᚱᛖ,293
compactor,280001,0,ᚳᚩᛗᛈᚪᚳᛏᚩᚱ,321
specialism,279834,0,ᛋᛈᛖᚳᛡᛚᛁᛋᛗ,511
overwrite,279558,0,ᚩᚢᛖᚱᚹᚱᛁᛏᛖ,275
tricycles,279537,0,ᛏᚱᛁᚳᚣᚳᛚᛖᛋ,423
escalates,279521,0,ᛖᛋᚳᚪᛚᚪᛏᛖᛋ,579
retrained,279350,0,ᚱᛖᛏᚱᚪᛁᚾᛖᛞ,461
gravelled,278805,0,ᚷᚱᚪᚢᛖᛚᛚᛖᛞ,497
stovepipe,278607,0,ᛋᛏᚩᚢᛖᛈᛁᛈᛖ,373
osteoblast,278485,0,ᚩᛋᛏᛇᛒᛚᚪᛋᛏ,503
guardedly,278331,0,ᚷᚢᚪᚱᛞᛖᛞᛚᚣ,549
sculpturing,278241,0,ᛋᚳᚢᛚᛈᛏᚢᚱᛝ,337
conspires,278209,0,ᚳᚩᚾᛋᛈᛁᚱᛖᛋ,307
vermiform,277914,0,ᚢᛖᚱᛗᛁᚠᚩᚱᛗ,274
eleusinian,277518,0,ᛖᛚᛖᚢᛋᛁᚾᛡᚾ,459
mammalogy,277421,0,ᛗᚪᛗᛗᚪᛚᚩᚷᚣ,607
drunkenly,277274,0,ᛞᚱᚢᚾᚳᛖᚾᛚᚣ,417
airframes,277254,0,ᚪᛁᚱᚠᚱᚪᛗᛖᛋ,440
sociometry,277184,0,ᛋᚩᚳᛡᛗᛖᛏᚱᚣ,491
amaranthus,277019,0,ᚪᛗᚪᚱᚪᚾᚦᚢᛋ,463
faceplate,277007,0,ᚠᚪᚳᛖᛈᛚᚪᛏᛖ,518
triclinic,276938,0,ᛏᚱᛁᚳᛚᛁᚾᛁᚳ,291
incrusted,276935,0,ᛁᚾᚳᚱᚢᛋᛏᛖᛞ,355
orientate,276881,0,ᚩᚱᛁᛖᚾᛏᚪᛏᛖ,427
monograms,276871,0,ᛗᚩᚾᚩᚷᚱᚪᛗᛋ,363
abductions,276834,0,ᚪᛒᛞᚢᚳᛏᛡᚾᛋ,511
maddalena,276500,0,ᛗᚪᛞᛞᚪᛚᛖᚾᚪ,709
explicating,276490,0,ᛖᛉᛈᛚᛁᚳᚪᛏᛝ,509
newsagent,276237,0,ᚾᛖᚹᛋᚪᚷᛖᚾᛏ,437
abrahamic,275979,0,ᚪᛒᚱᚪᚻᚪᛗᛁᚳ,501
apologising,275831,0,ᚪᛈᚩᛚᚩᚷᛁᛋᛝ,407
prehension,275732,0,ᛈᚱᛖᚻᛖᚾᛋᛡᚾ,429
unrewarding,275692,0,ᚢᚾᚱᛖᚹᚪᚱᛞᛝ,405
affluents,275537,0,ᚪᚠᚠᛚᚢᛖᚾᛏᛋ,385
sinkholes,275460,0,ᛋᛁᚾᚳᚻᚩᛚᛖᛋ,349
demoniacal,275422,0,ᛞᛖᛗᚩᚾᛡᚳᚪᛚ,553
meristems,275379,0,ᛗᛖᚱᛁᛋᛏᛖᛗᛋ,483
prostrating,275377,0,ᛈᚱᚩᛋᛏᚱᚪᛏᛝ,419
sigmoidal,275353,0,ᛋᛁᚷᛗᚩᛁᛞᚪᛚ,469
tenseness,275309,0,ᛏᛖᚾᛋᛖᚾᛖᛋᛋ,477
unplugged,275240,0,ᚢᚾᛈᛚᚢᚷᚷᛖᛞ,341
disturber,274838,0,ᛞᛁᛋᛏᚢᚱᛒᛖᚱ,385
repackaging,274802,0,ᚱᛖᛈᚪᚳᚳᚪᚷᛝ,437
heiresses,274788,0,ᚻᛖᛁᚱᛖᛋᛋᛖᛋ,425
ambergris,274717,0,ᚪᛗᛒᛖᚱᚷᚱᛁᛋ,419
duchesses,274630,0,ᛞᚢᚳᚻᛖᛋᛋᛖᛋ,421
countably,274576,0,ᚳᚩᚢᚾᛏᚪᛒᛚᚣ,445
crudeness,274501,0,ᚳᚱᚢᛞᛖᚾᛖᛋᛋ,385
crosstown,274431,0,ᚳᚱᚩᛋᛋᛏᚩᚹᚾ,251
denigrating,274325,0,ᛞᛖᚾᛁᚷᚱᚪᛏᛝ,479
colchicum,274192,0,ᚳᚩᛚᚳᚻᛁᚳᚢᛗ,247
leitmotif,274190,0,ᛚᛖᛁᛏᛗᚩᛏᛁᚠ,400
sinistral,274041,0,ᛋᛁᚾᛁᛋᛏᚱᚪᛚ,437
harmonising,273989,0,ᚻᚪᚱᛗᚩᚾᛁᛋᛝ,401
centurions,273936,0,ᚳᛖᚾᛏᚢᚱᛡᚾᛋ,371
veridical,273808,0,ᚢᛖᚱᛁᛞᛁᚳᚪᛚ,415
sympathising,273800,0,ᛋᚣᛗᛈᚪᚦᛁᛋᛝ,535
curtilage,273770,0,ᚳᚢᚱᛏᛁᛚᚪᚷᛖ,371
herbalist,273726,0,ᚻᛖᚱᛒᚪᛚᛁᛋᛏ,475
entrenching,273717,0,ᛖᚾᛏᚱᛖᚾᚳᚻᛝ,377
disputant,273662,0,ᛞᛁᛋᛈᚢᛏᚪᚾᛏ,463
cheekbone,273661,0,ᚳᚻᛖᛖᚳᛒᚩᚾᛖ,347
costliest,273587,0,ᚳᚩᛋᛏᛚᛁᛖᛋᛏ,415
garlanded,273575,0,ᚷᚪᚱᛚᚪᚾᛞᛖᛞ,569
peculation,273386,0,ᛈᛖᚳᚢᛚᚪᛏᛡᚾ,491
hailstorm,273202,0,ᚻᚪᛁᛚᛋᛏᚩᚱᛗ,425
horseplay,272935,0,ᚻᚩᚱᛋᛖᛈᛚᚪᚣ,477
cavaliere,272900,0,ᚳᚪᚢᚪᛚᛁᛖᚱᛖ,459
drinkable,272844,0,ᛞᚱᛁᚾᚳᚪᛒᛚᛖ,471
hucksters,272678,0,ᚻᚢᚳᚳᛋᛏᛖᚱᛋ,295
placentas,272505,0,ᛈᛚᚪᚳᛖᚾᛏᚪᛋ,531
crudities,272401,0,ᚳᚱᚢᛞᛁᛏᛁᛖᛋ,357
coeducation,272342,0,ᚳᛟᛞᚢᚳᚪᛏᛡᚾ,493
bedspreads,272247,0,ᛒᛖᛞᛋᛈᚱᛠᛞᛋ,575
barbecues,272217,0,ᛒᚪᚱᛒᛖᚳᚢᛖᛋ,433
criminate,272181,0,ᚳᚱᛁᛗᛁᚾᚪᛏᛖ,409
peptidase,272117,0,ᛈᛖᛈᛏᛁᛞᚪᛋᛖ,549
nunneries,271990,0,ᚾᚢᚾᚾᛖᚱᛁᛖᛋ,319
sophistic,271929,0,ᛋᚩᛈᚻᛁᛋᛏᛁᚳ,313
amaurosis,271679,0,ᚪᛗᚪᚢᚱᚩᛋᛁᛋ,423
nonsuited,271055,0,ᚾᚩᚾᛋᚢᛁᛏᛖᛞ,367
motorcade,270867,0,ᛗᚩᛏᚩᚱᚳᚪᛞᛖ,421
alcantara,270753,0,ᚪᛚᚳᚪᚾᛏᚪᚱᚪ,573
rephrased,270632,0,ᚱᛖᛈᚻᚱᚪᛋᛖᛞ,461
fasciculi,270601,0,ᚠᚪᛋᚳᛁᚳᚢᛚᛁ,316
ombudsmen,270516,0,ᚩᛗᛒᚢᛞᛋᛗᛖᚾ,451
pointment,270256,0,ᛈᚩᛁᚾᛏᛗᛖᚾᛏ,395
uraninite,270214,0,ᚢᚱᚪᚾᛁᚾᛁᛏᛖ,357
analysand,270214,0,ᚪᚾᚪᛚᚣᛋᚪᚾᛞ,667
sycamores,270201,0,ᛋᚣᚳᚪᛗᚩᚱᛖᛋ,475
signorina,270167,0,ᛋᛁᚷᚾᚩᚱᛁᚾᚪ,305
neologisms,270033,0,ᚾᛇᛚᚩᚷᛁᛋᛗᛋ,375
streisand,270002,0,ᛋᛏᚱᛖᛁᛋᚪᚾᛞ,489
skittered,269892,0,ᛋᚳᛁᛏᛏᛖᚱᛖᛞ,449
tantalising,269875,0,ᛏᚪᚾᛏᚪᛚᛁᛋᛝ,577
groupware,269651,0,ᚷᚱᚩᚢᛈᚹᚪᚱᛖ,275
parabolas,269439,0,ᛈᚪᚱᚪᛒᚩᛚᚪᛋ,539
antimonial,269361,0,ᚪᚾᛏᛁᛗᚩᚾᛡᛚ,503
barefaced,269245,0,ᛒᚪᚱᛖᚠᚪᚳᛖᛞ,504
decencies,269206,0,ᛞᛖᚳᛖᚾᚳᛁᛖᛋ,429
misquoted,269198,0,ᛗᛁᛋᚳᚹᚩᛏᛖᛞ,409
whiskered,269131,0,ᚹᚻᛁᛋᚳᛖᚱᛖᛞ,373
woodwinds,268874,0,ᚹᚩᚩᛞᚹᛁᚾᛞᛋ,343
eggshells,268700,0,ᛖᚷᚷᛋᚻᛖᛚᛚᛋ,443
coffeepot,268630,0,ᚳᚩᚠᚠᛖᛖᛈᚩᛏ,267
overturns,268486,0,ᚩᚢᛖᚱᛏᚢᚱᚾᛋ,243
equipages,268478,0,ᛖᚳᚹᛁᛈᚪᚷᛖᛋ,407
apiculate,268387,0,ᚪᛈᛁᚳᚢᛚᚪᛏᛖ,483
snowballs,268349,0,ᛋᚾᚩᚹᛒᚪᛚᛚᛋ,465
remounted,268273,0,ᚱᛖᛗᚩᚢᚾᛏᛖᛞ,403
propounds,268206,0,ᛈᚱᚩᛈᚩᚢᚾᛞᛋ,285
sulfurous,268119,0,ᛋᚢᛚᚠᚢᚱᚩᚢᛋ,208
brassiere,268032,0,ᛒᚱᚪᛋᛋᛁᛖᚱᛖ,451
refurbish,267950,0,ᚱᛖᚠᚢᚱᛒᛁᛋᚻ,262
cytolytic,267857,0,ᚳᚣᛏᚩᛚᚣᛏᛁᚳ,461
sublunary,267832,0,ᛋᚢᛒᛚᚢᚾᚪᚱᚣ,433
tertiaries,267828,0,ᛏᛖᚱᛏᛡᚱᛁᛖᛋ,465
adventuring,267749,0,ᚪᛞᚢᛖᚾᛏᚢᚱᛝ,437
apophysis,267737,0,ᚪᛈᚩᛈᚻᚣᛋᛁᛋ,453
ovariotomy,267668,0,ᚩᚢᚪᚱᛡᛏᚩᛗᚣ,465
agnostics,267595,0,ᚪᚷᚾᚩᛋᛏᛁᚳᛋ,359
distrusting,267558,0,ᛞᛁᛋᛏᚱᚢᛋᛏᛝ,437
intermixing,267354,0,ᛁᚾᛏᛖᚱᛗᛁᛉᛝ,425
glaciations,267338,0,ᚷᛚᚪᚳᛡᛏᛡᚾᛋ,555
temporizing,267319,0,ᛏᛖᛗᛈᚩᚱᛁᛋᛝ,421
promotive,267317,0,ᛈᚱᚩᛗᚩᛏᛁᚢᛖ,299
antitoxic,267269,0,ᚪᚾᛏᛁᛏᚩᛉᛁᚳ,373
oviparous,267263,0,ᚩᚢᛁᛈᚪᚱᚩᚢᛋ,255
trellises,266891,0,ᛏᚱᛖᛚᛚᛁᛋᛖᛋ,487
pulverize,266757,0,ᛈᚢᛚᚢᛖᚱᛁᛋᛖ,351
sarcomere,266753,0,ᛋᚪᚱᚳᚩᛗᛖᚱᛖ,397
bulldozed,266744,0,ᛒᚢᛚᛚᛞᚩᛋᛖᛞ,515
shearwater,266715,0,ᛋᚻᛠᚱᚹᚪᛏᛖᚱ,449
misbehave,266708,0,ᛗᛁᛋᛒᛖᚻᚪᚢᛖ,473
operettas,266590,0,ᚩᛈᛖᚱᛖᛏᛏᚪᛋ,463
taxidermy,266490,0,ᛏᚪᛉᛁᛞᛖᚱᛗᚣ,575
carinated,266447,0,ᚳᚪᚱᛁᚾᚪᛏᛖᛞ,493
daredevil,266437,0,ᛞᚪᚱᛖᛞᛖᚢᛁᛚ,527
outstrips,266069,0,ᚩᚢᛏᛋᛏᚱᛁᛈᛋ,319
fluorosis,266061,0,ᚠᛚᚢᚩᚱᚩᛋᛁᛋ,240
covariation,265894,0,ᚳᚩᚢᚪᚱᛡᛏᛡᚾ,433
abstinent,265859,0,ᚪᛒᛋᛏᛁᚾᛖᚾᛏ,485
gargantua,265831,0,ᚷᚪᚱᚷᚪᚾᛏᚢᚪ,427
oceanology,265804,0,ᚩᚳᛠᚾᚩᛚᚩᚷᚣ,365
briquette,265671,0,ᛒᚱᛁᚳᚹᛖᛏᛏᛖ,387
silencers,265591,0,ᛋᛁᛚᛖᚾᚳᛖᚱᛋ,397
placarded,265407,0,ᛈᛚᚪᚳᚪᚱᛞᛖᛞ,579
anchorite,265151,0,ᚪᚾᚳᚻᚩᚱᛁᛏᛖ,337
unthinkingly,265114,0,ᚢᚾᚦᛁᚾᚳᛝᛚᚣ,365
saturnine,265065,0,ᛋᚪᛏᚢᚱᚾᛁᚾᛖ,379
worriedly,264902,0,ᚹᚩᚱᚱᛁᛖᛞᛚᚣ,411
creaturely,264615,0,ᚳᚱᛠᛏᚢᚱᛖᛚᚣ,449
paparazzi,264542,0,ᛈᚪᛈᚪᚱᚪᛋᛋᛁ,525
prioritise,264421,0,ᛈᚱᛡᚱᛁᛏᛁᛋᛖ,413
tabulates,264374,0,ᛏᚪᛒᚢᛚᚪᛏᛖᛋ,569
salesroom,264067,0,ᛋᚪᛚᛖᛋᚱᚩᚩᛗ,439
copyholds,263998,0,ᚳᚩᛈᚣᚻᚩᛚᛞᛋ,411
firestorm,263987,0,ᚠᛁᚱᛖᛋᛏᚩᚱᛗ,312
belorussia,263987,0,ᛒᛖᛚᚩᚱᚢᛋᛋᛡ,435
cityscape,263868,0,ᚳᛁᛏᚣᛋᚳᚪᛈᛖ,479
asclepius,263858,0,ᚪᛋᚳᛚᛖᛈᛁᚢᛋ,433
partitive,263471,0,ᛈᚪᚱᛏᛁᛏᛁᚢᛖ,401
reductant,263421,0,ᚱᛖᛞᚢᚳᛏᚪᚾᛏ,427
tomahawks,263336,0,ᛏᚩᛗᚪᚻᚪᚹᚳᛋ,439
allantoic,263280,0,ᚪᛚᛚᚪᚾᛏᚩᛁᚳ,479
vaccinating,263207,0,ᚢᚪᚳᚳᛁᚾᚪᛏᛝ,421
desuetude,262824,0,ᛞᛖᛋᚢᛖᛏᚢᛞᛖ,497
lifelines,262780,0,ᛚᛁᚠᛖᛚᛁᚾᛖᛋ,426
pliability,262725,0,ᛈᛚᛡᛒᛁᛚᛁᛏᚣ,581
xylophone,262665,0,ᛉᚣᛚᚩᛈᚻᚩᚾᛖ,399
befriending,262546,0,ᛒᛖᚠᚱᛁᛖᚾᛞᛝ,436
uncrossed,262527,0,ᚢᚾᚳᚱᚩᛋᛋᛖᛞ,325
outfitter,262516,0,ᚩᚢᛏᚠᛁᛏᛏᛖᚱ,298
juxtapose,262483,0,ᛂᚢᛉᛏᚪᛈᚩᛋᛖ,413
gauntlets,262231,0,ᚷᚪᚢᚾᛏᛚᛖᛏᛋ,457
crabgrass,262213,0,ᚳᚱᚪᛒᚷᚱᚪᛋᛋ,413
bluegills,261764,0,ᛒᛚᚢᛖᚷᛁᛚᛚᛋ,451
radiometry,261755,0,ᚱᚪᛞᛡᛗᛖᛏᚱᚣ,615
captained,261735,0,ᚳᚪᛈᛏᚪᛁᚾᛖᛞ,525
prolapsus,260855,0,ᛈᚱᚩᛚᚪᛈᛋᚢᛋ,383
subjugating,260564,0,ᛋᚢᛒᛂᚢᚷᚪᛏᛝ,409
disproves,260547,0,ᛞᛁᛋᛈᚱᚩᚢᛖᛋ,357
stockades,260530,0,ᛋᛏᚩᚳᚳᚪᛞᛖᛋ,451
objectify,260507,0,ᚩᛒᛂᛖᚳᛏᛁᚠᚣ,380
roquefort,260447,0,ᚱᚩᚳᚹᛖᚠᚩᚱᛏ,196
helvetica,260295,0,ᚻᛖᛚᚢᛖᛏᛁᚳᚪ,433
versified,260176,0,ᚢᛖᚱᛋᛁᚠᛁᛖᛞ,354
misspelling,260073,0,ᛗᛁᛋᛋᛈᛖᛚᛚᛝ,543
galvanize,259848,0,ᚷᚪᛚᚢᚪᚾᛁᛋᛖ,467
nastiness,259841,0,ᚾᚪᛋᛏᛁᚾᛖᛋᛋ,471
spendable,259629,0,ᛋᛈᛖᚾᛞᚪᛒᛚᛖ,579
vitalized,259618,0,ᚢᛁᛏᚪᛚᛁᛋᛖᛞ,503
pompously,259600,0,ᛈᚩᛗᛈᚩᚢᛋᛚᚣ,403
evasively,259593,0,ᛖᚢᚪᛋᛁᚢᛖᛚᚣ,497
cisalpine,259543,0,ᚳᛁᛋᚪᛚᛈᛁᚾᛖ,437
hemolysin,259518,0,ᚻᛖᛗᚩᛚᚣᛋᛁᚾ,457
stentorian,259344,0,ᛋᛏᛖᚾᛏᚩᚱᛡᚾ,421
decorates,259021,0,ᛞᛖᚳᚩᚱᚪᛏᛖᛋ,463
swineherd,258926,0,ᛋᚹᛁᚾᛖᚻᛖᚱᛞ,389
prognoses,258902,0,ᛈᚱᚩᚷᚾᚩᛋᛖᛋ,287
latinized,258852,0,ᛚᚪᛏᛁᚾᛁᛋᛖᛞ,529
basilicas,258603,0,ᛒᚪᛋᛁᛚᛁᚳᚪᛋ,509
adiposity,258489,0,ᚪᛞᛁᛈᚩᛋᛁᛏᚣ,513
annotator,258400,0,ᚪᚾᚾᚩᛏᚪᛏᚩᚱ,395
polychaete,258382,0,ᛈᚩᛚᚣᚳᚻᚫᛏᛖ,489
dixieland,258322,0,ᛞᛁᛉᛁᛖᛚᚪᚾᛞ,553
bumblebee,258157,0,ᛒᚢᛗᛒᛚᛖᛒᛖᛖ,531
reinstall,258069,0,ᚱᛖᛁᚾᛋᛏᚪᛚᛚ,493
disallows,257915,0,ᛞᛁᛋᚪᛚᛚᚩᚹᛋ,495
mousetrap,257886,0,ᛗᚩᚢᛋᛖᛏᚱᚪᛈ,411
dromedary,257825,0,ᛞᚱᚩᛗᛖᛞᚪᚱᚣ,545
woodberry,257610,0,ᚹᚩᚩᛞᛒᛖᚱᚱᚣ,375
salubrity,257492,0,ᛋᚪᛚᚢᛒᚱᛁᛏᚣ,491
resolvent,257407,0,ᚱᛖᛋᚩᛚᚢᛖᚾᛏ,369
causeless,257370,0,ᚳᚪᚢᛋᛖᛚᛖᛋᛋ,479
hortatory,257294,0,ᚻᚩᚱᛏᚪᛏᚩᚱᚣ,377
untrimmed,257208,0,ᚢᚾᛏᚱᛁᛗᛗᛖᛞ,431
washstand,257159,0,ᚹᚪᛋᚻᛋᛏᚪᚾᛞ,519
lullabies,257127,0,ᛚᚢᛚᛚᚪᛒᛁᛖᛋ,531
punctuating,257038,0,ᛈᚢᚾᚳᛏᚢᚪᛏᛝ,385
negritude,256779,0,ᚾᛖᚷᚱᛁᛏᚢᛞᛖ,373
analysers,256702,0,ᚪᚾᚪᛚᚣᛋᛖᚱᛋ,583
unsaleable,256438,0,ᚢᚾᛋᚪᛚᛠᛒᛚᛖ,565
undersize,256344,0,ᚢᚾᛞᛖᚱᛋᛁᛋᛖ,403
shirtless,256308,0,ᛋᚻᛁᚱᛏᛚᛖᛋᛋ,423
roughshod,256181,0,ᚱᚩᚢᚷᚻᛋᚻᚩᛞ,233
humorless,256119,0,ᚻᚢᛗᚩᚱᛚᛖᛋᛋ,361
filthiness,256054,0,ᚠᛁᛚᚦᛁᚾᛖᛋᛋ,344
verbosity,255834,0,ᚢᛖᚱᛒᚩᛋᛁᛏᚣ,395
flippancy,255751,0,ᚠᛚᛁᛈᛈᚪᚾᚳᚣ,434
animators,255714,0,ᚪᚾᛁᛗᚪᛏᚩᚱᛋ,455
dehydrate,255713,0,ᛞᛖᚻᚣᛞᚱᚪᛏᛖ,605
brickyard,255674,0,ᛒᚱᛁᚳᚳᚣᚪᚱᛞ,429
printable,255437,0,ᛈᚱᛁᚾᛏᚪᛒᛚᛖ,471
budweiser,255410,0,ᛒᚢᛞᚹᛖᛁᛋᛖᚱ,401
damascene,255293,0,ᛞᚪᛗᚪᛋᚳᛖᚾᛖ,583
silicides,255220,0,ᛋᛁᛚᛁᚳᛁᛞᛖᛋ,441
servitors,255196,0,ᛋᛖᚱᚢᛁᛏᚩᚱᛋ,295
wireworms,255194,0,ᚹᛁᚱᛖᚹᚩᚱᛗᛋ,289
pectinate,255132,0,ᛈᛖᚳᛏᛁᚾᚪᛏᛖ,465
britisher,255052,0,ᛒᚱᛁᛏᛁᛋᚻᛖᚱ,347
abscissas,255025,0,ᚪᛒᛋᚳᛁᛋᛋᚪᛋ,511
accentual,254948,0,ᚪᚳᚳᛖᚾᛏᚢᚪᛚ,451
scrambles,254362,0,ᛋᚳᚱᚪᛗᛒᛚᛖᛋ,499
cauldrons,254288,0,ᚳᚪᚢᛚᛞᚱᚩᚾᛋ,375
recreative,254237,0,ᚱᛖᚳᚱᛠᛏᛁᚢᛖ,371
skyrocket,254227,0,ᛋᚳᚣᚱᚩᚳᚳᛖᛏ,339
diversely,254149,0,ᛞᛁᚢᛖᚱᛋᛖᛚᚣ,497
dropsical,254059,0,ᛞᚱᚩᛈᛋᛁᚳᚪᛚ,417
eglantine,254058,0,ᛖᚷᛚᚪᚾᛏᛁᚾᛖ,469
pendragon,253831,0,ᛈᛖᚾᛞᚱᚪᚷᚩᚾ,389
inhalants,253539,0,ᛁᚾᚻᚪᛚᚪᚾᛏᛋ,491
forlornly,253342,0,ᚠᚩᚱᛚᚩᚱᚾᛚᚣ,316
proposers,253296,0,ᛈᚱᚩᛈᚩᛋᛖᚱᛋ,295
exploiter,253144,0,ᛖᛉᛈᛚᚩᛁᛏᛖᚱ,405
epicentre,253121,0,ᛖᛈᛁᚳᛖᚾᛏᚱᛖ,387
evocations,252917,0,ᛖᚢᚩᚳᚪᛏᛡᚾᛋ,435
antinomian,252892,0,ᚪᚾᛏᛁᚾᚩᛗᛡᚾ,459
publicise,252757,0,ᛈᚢᛒᛚᛁᚳᛁᛋᛖ,375
pityriasis,252666,0,ᛈᛁᛏᚣᚱᛡᛋᛁᛋ,491
synthesise,252521,0,ᛋᚣᚾᚦᛖᛋᛁᛋᛖ,461
listerine,252509,0,ᛚᛁᛋᛏᛖᚱᛁᚾᛖ,421
kentuckian,252446,0,ᚳᛖᚾᛏᚢᚳᚳᛡᚾ,333
grandpapa,252429,0,ᚷᚱᚪᚾᛞᛈᚪᛈᚪ,523
filenames,252428,0,ᚠᛁᛚᛖᚾᚪᛗᛖᛋ,490
orthodontia,252310,0,ᚩᚱᚦᚩᛞᚩᚾᛏᛡ,321
paperless,252303,0,ᛈᚪᛈᛖᚱᛚᛖᛋᛋ,507
canonists,252121,0,ᚳᚪᚾᚩᚾᛁᛋᛏᛋ,371
berliners,252071,0,ᛒᛖᚱᛚᛁᚾᛖᚱᛋ,403
lawgivers,251856,0,ᛚᚪᚹᚷᛁᚢᛖᚱᛋ,371
hearthstone,251801,0,ᚻᛠᚱᚦᛋᛏᚩᚾᛖ,363
ytterbium,251538,0,ᚣᛏᛏᛖᚱᛒᛁᚢᛗ,465
crossways,251500,0,ᚳᚱᚩᛋᛋᚹᚪᚣᛋ,409
chondrite,251468,0,ᚳᚻᚩᚾᛞᚱᛁᛏᛖ,329
unweathered,251310,0,ᚢᚾᚹᛠᚦᛖᚱᛖᛞ,399
cashiered,251255,0,ᚳᚪᛋᚻᛁᛖᚱᛖᛞ,451
alienates,251226,0,ᚪᛚᛁᛖᚾᚪᛏᛖᛋ,573
singaporeans,251212,0,ᛋᛝᚪᛈᚩᚱᛠᚾᛋ,481
dismember,251116,0,ᛞᛁᛋᛗᛖᛗᛒᛖᚱ,521
bricklaying,251112,0,ᛒᚱᛁᚳᚳᛚᚪᚣᛝ,481
savannahs,251096,0,ᛋᚪᚢᚪᚾᚾᚪᚻᛋ,481
attenders,251022,0,ᚪᛏᛏᛖᚾᛞᛖᚱᛋ,531
dickensian,250882,0,ᛞᛁᚳᚳᛖᚾᛋᛡᚾ,431
balusters,250836,0,ᛒᚪᛚᚢᛋᛏᛖᚱᛋ,477
runnymede,250789,0,ᚱᚢᚾᚾᚣᛗᛖᛞᛖ,469
sentience,250640,0,ᛋᛖᚾᛏᛁᛖᚾᚳᛖ,415
feudatory,250484,0,ᚠᛖᚢᛞᚪᛏᚩᚱᚣ,438
redshifts,250401,0,ᚱᛖᛞᛋᚻᛁᚠᛏᛋ,388
expediter,250379,0,ᛖᛉᛈᛖᛞᛁᛏᛖᚱ,481
touristic,250321,0,ᛏᚩᚢᚱᛁᛋᛏᛁᚳ,267
eastwardly,250307,0,ᛠᛋᛏᚹᚪᚱᛞᛚᚣ,613
sheepshead,249975,0,ᛋᚻᛖᛖᛈᛋᚻᛠᛞ,527
leaderless,249852,0,ᛚᛠᛞᛖᚱᛚᛖᛋᛋ,595
extenuate,249770,0,ᛖᛉᛏᛖᚾᚢᚪᛏᛖ,495
eggplants,249638,0,ᛖᚷᚷᛈᛚᚪᚾᛏᛋ,455
scarified,249600,0,ᛋᚳᚪᚱᛁᚠᛁᛖᛞ,394
windsurfing,249481,0,ᚹᛁᚾᛞᛋᚢᚱᚠᛝ,316
arrogated,249389,0,ᚪᚱᚱᚩᚷᚪᛏᛖᛞ,455
advective,249118,0,ᚪᛞᚢᛖᚳᛏᛁᚢᛖ,429
ingenuously,249079,0,ᛝᛖᚾᚢᚩᚢᛋᛚᚣ,417
socialised,248997,0,ᛋᚩᚳᛡᛚᛁᛋᛖᛞ,493
brushless,248988,0,ᛒᚱᚢᛋᚻᛚᛖᛋᛋ,397
agonistes,248932,0,ᚪᚷᚩᚾᛁᛋᛏᛖᛋ,413
evangelium,248850,0,ᛖᚢᚪᛝᛖᛚᛁᚢᛗ,491
spodumene,248543,0,ᛋᛈᚩᛞᚢᛗᛖᚾᛖ,429
scribbles,248407,0,ᛋᚳᚱᛁᛒᛒᛚᛖᛋ,423
chalybeate,248130,0,ᚳᚻᚪᛚᚣᛒᛠᛏᛖ,605
croissant,247914,0,ᚳᚱᚩᛁᛋᛋᚪᚾᛏ,353
bernardin,247814,0,ᛒᛖᚱᚾᚪᚱᛞᛁᚾ,425
unvisited,247692,0,ᚢᚾᚢᛁᛋᛁᛏᛖᛞ,365
embrasure,247614,0,ᛖᛗᛒᚱᚪᛋᚢᚱᛖ,441
concreted,247598,0,ᚳᚩᚾᚳᚱᛖᛏᛖᛞ,355
hephaestus,247506,0,ᚻᛖᛈᚻᚫᛋᛏᚢᛋ,425
scorbutic,247365,0,ᛋᚳᚩᚱᛒᚢᛏᛁᚳ,251
imploringly,247347,0,ᛁᛗᛈᛚᚩᚱᛝᛚᚣ,491
unbuckled,247271,0,ᚢᚾᛒᚢᚳᚳᛚᛖᛞ,351
telophase,247236,0,ᛏᛖᛚᚩᛈᚻᚪᛋᛖ,489
insulates,247174,0,ᛁᚾᛋᚢᛚᚪᛏᛖᛋ,465
odourless,247161,0,ᚩᛞᚩᚢᚱᛚᛖᛋᛋ,363
paralyzes,247118,0,ᛈᚪᚱᚪᛚᚣᛋᛖᛋ,597
castaways,247115,0,ᚳᚪᛋᛏᚪᚹᚪᚣᛋ,591
moorlands,247035,0,ᛗᚩᚩᚱᛚᚪᚾᛞᛋ,437
bicuspids,246981,0,ᛒᛁᚳᚢᛋᛈᛁᛞᛋ,377
handwheel,246886,0,ᚻᚪᚾᛞᚹᚻᛖᛖᛚ,487
notepaper,246855,0,ᚾᚩᛏᛖᛈᚪᛈᛖᚱ,423
ballooned,246782,0,ᛒᚪᛚᛚᚩᚩᚾᛖᛞ,503
pilloried,246718,0,ᛈᛁᛚᛚᚩᚱᛁᛖᛞ,425
thumbnails,246639,0,ᚦᚢᛗᛒᚾᚪᛁᛚᛋ,423
steerable,246495,0,ᛋᛏᛖᛖᚱᚪᛒᛚᛖ,555
clavicles,246444,0,ᚳᛚᚪᚢᛁᚳᛚᛖᛋ,423
symbology,246358,0,ᛋᚣᛗᛒᚩᛚᚩᚷᚣ,495
cartulary,246114,0,ᚳᚪᚱᛏᚢᛚᚪᚱᚣ,467
repellant,246019,0,ᚱᛖᛈᛖᛚᛚᚪᚾᛏ,519
unsalable,245944,0,ᚢᚾᛋᚪᛚᚪᛒᛚᛖ,553
verandahs,245909,0,ᚢᛖᚱᚪᚾᛞᚪᚻᛋ,469
penstocks,245903,0,ᛈᛖᚾᛋᛏᚩᚳᚳᛋ,337
chandlers,245825,0,ᚳᚻᚪᚾᛞᛚᛖᚱᛋ,455
mavericks,245793,0,ᛗᚪᚢᛖᚱᛁᚳᚳᛋ,359
seigneurs,245778,0,ᛋᛖᛁᚷᚾᛖᚢᚱᛋ,331
durational,245769,0,ᛞᚢᚱᚪᛏᛡᚾᚪᛚ,565
ascensions,245706,0,ᚪᛋᚳᛖᚾᛋᛡᚾᛋ,501
dislocate,245652,0,ᛞᛁᛋᛚᚩᚳᚪᛏᛖ,489
malmaison,245597,0,ᛗᚪᛚᛗᚪᛁᛋᚩᚾ,529
straggler,245514,0,ᛋᛏᚱᚪᚷᚷᛚᛖᚱ,405
languorous,245428,0,ᛚᚪᛝᚢᚩᚱᚩᚢᛋ,333
terrifies,245337,0,ᛏᛖᚱᚱᛁᚠᛁᛖᛋ,332
whitetail,245249,0,ᚹᚻᛁᛏᛖᛏᚪᛁᛚ,459
philippus,245220,0,ᛈᚻᛁᛚᛁᛈᛈᚢᛋ,343
animality,245111,0,ᚪᚾᛁᛗᚪᛚᛁᛏᚣ,591
givenness,245010,0,ᚷᛁᚢᛖᚾᚾᛖᛋᛋ,349
murderess,244950,0,ᛗᚢᚱᛞᛖᚱᛖᛋᛋ,425
innuendoes,244917,0,ᛁᚾᚾᚢᛖᚾᛞᛟᛋ,413
malaysians,244884,0,ᛗᚪᛚᚪᚣᛋᛡᚾᛋ,683
calendering,244793,0,ᚳᚪᛚᛖᚾᛞᛖᚱᛝ,525
developes,244758,0,ᛞᛖᚢᛖᛚᚩᛈᛖᛋ,469
harmattan,244653,0,ᚻᚪᚱᛗᚪᛏᛏᚪᚾ,543
alienable,244577,0,ᚪᛚᛁᛖᚾᚪᛒᛚᛖ,595
chromates,244557,0,ᚳᚻᚱᚩᛗᚪᛏᛖᛋ,401
trematode,244496,0,ᛏᚱᛖᛗᚪᛏᚩᛞᛖ,527
reshuffling,244275,0,ᚱᛖᛋᚻᚢᚠᚠᛚᛝ,313
desecrate,244068,0,ᛞᛖᛋᛖᚳᚱᚪᛏᛖ,523
depletions,244066,0,ᛞᛖᛈᛚᛖᛏᛡᚾᛋ,587
witticism,244064,0,ᚹᛁᛏᛏᛁᚳᛁᛋᛗ,367
sweatpants,243956,0,ᛋᚹᛠᛏᛈᚪᚾᛏᛋ,521
unsparingly,243719,0,ᚢᚾᛋᛈᚪᚱᛝᛚᚣ,491
mendacious,243711,0,ᛗᛖᚾᛞᚪᚳᛡᚢᛋ,529
spluttering,243694,0,ᛋᛈᛚᚢᛏᛏᛖᚱᛝ,447
redrafted,243351,0,ᚱᛖᛞᚱᚪᚠᛏᛖᛞ,492
pistachios,243334,0,ᛈᛁᛋᛏᚪᚳᚻᛡᛋ,479
tomorrows,243179,0,ᛏᚩᛗᚩᚱᚱᚩᚹᛋ,245
loadstone,243161,0,ᛚᚩᚪᛞᛋᛏᚩᚾᛖ,481
riskiness,242594,0,ᚱᛁᛋᚳᛁᚾᛖᛋᛋ,341
sandbanks,242552,0,ᛋᚪᚾᛞᛒᚪᚾᚳᛋ,521
rechecked,242388,0,ᚱᛖᚳᚻᛖᚳᚳᛖᛞ,363
podiatrist,242367,0,ᛈᚩᛞᛡᛏᚱᛁᛋᛏ,459
shetlands,242289,0,ᛋᚻᛖᛏᛚᚪᚾᛞᛋ,543
simulacra,242258,0,ᛋᛁᛗᚢᛚᚪᚳᚱᚪ,449
squelched,242085,0,ᛋᚳᚹᛖᛚᚳᚻᛖᛞ,417
antipodal,241927,0,ᚪᚾᛏᛁᛈᚩᛞᚪᛚ,525
polydipsia,241837,0,ᛈᚩᛚᚣᛞᛁᛈᛋᛡ,549
interweave,241654,0,ᛁᚾᛏᛖᚱᚹᛠᚢᛖ,395
ungraceful,241604,0,ᚢᛝᚱᚪᚳᛖᚠᚢᛚ,348
advowsons,241585,0,ᚪᛞᚢᚩᚹᛋᚩᚾᛋ,357
delineator,241412,0,ᛞᛖᛚᛁᚾᛠᛏᚩᚱ,475
leverages,241197,0,ᛚᛖᚢᛖᚱᚪᚷᛖᛋ,455
hitchhiking,240963,0,ᚻᛁᛏᚳᚻᚻᛁᚳᛝ,295
reprieved,240779,0,ᚱᛖᛈᚱᛁᛖᚢᛖᛞ,389
enquirers,240738,0,ᛖᚾᚳᚹᛁᚱᛖᚱᛋ,301
graveside,240543,0,ᚷᚱᚪᚢᛖᛋᛁᛞᛖ,435
untypical,240494,0,ᚢᚾᛏᚣᛈᛁᚳᚪᛚ,451
portended,240438,0,ᛈᚩᚱᛏᛖᚾᛞᛖᛞ,461
dualities,240435,0,ᛞᚢᚪᛚᛁᛏᛁᛖᛋ,503
washboard,240406,0,ᚹᚪᛋᚻᛒᚩᚪᚱᛞ,457
blackthorn,240361,0,ᛒᛚᚪᚳᚳᚦᚩᚱᚾ,309
cohabited,240241,0,ᚳᚩᚻᚪᛒᛁᛏᛖᛞ,447
mannerist,240089,0,ᛗᚪᚾᚾᛖᚱᛁᛋᛏ,447
interceding,240027,0,ᛁᚾᛏᛖᚱᚳᛖᛞᛝ,445
catalepsy,239948,0,ᚳᚪᛏᚪᛚᛖᛈᛋᚣ,605
apollonian,239897,0,ᚪᛈᚩᛚᛚᚩᚾᛡᚾ,465
pastorale,239623,0,ᛈᚪᛋᛏᚩᚱᚪᛚᛖ,507
presswork,239605,0,ᛈᚱᛖᛋᛋᚹᚩᚱᚳ,277
reprieves,239344,0,ᚱᛖᛈᚱᛁᛖᚢᛖᛋ,353
canvasses,238918,0,ᚳᚪᚾᚢᚪᛋᛋᛖᛋ,465
kingfishers,238886,0,ᚳᛝᚠᛁᛋᚻᛖᚱᛋ,332
sephardim,238735,0,ᛋᛖᛈᚻᚪᚱᛞᛁᛗ,485
avirulent,238656,0,ᚪᚢᛁᚱᚢᛚᛖᚾᛏ,373
impowered,238621,0,ᛁᛗᛈᚩᚹᛖᚱᛖᛞ,405
mosaicism,238601,0,ᛗᚩᛋᚪᛁᚳᛁᛋᛗ,427
threepenny,238487,0,ᚦᚱᛖᛖᛈᛖᚾᚾᚣ,421
banisters,238301,0,ᛒᚪᚾᛁᛋᛏᛖᚱᛋ,461
supplants,238217,0,ᛋᚢᛈᛈᛚᚪᚾᛏᛋ,453
misprision,238106,0,ᛗᛁᛋᛈᚱᛁᛋᛡᚾ,429
groundhog,237953,0,ᚷᚱᚩᚢᚾᛞᚻᚩᚷ,203
tremblingly,237896,0,ᛏᚱᛖᛗᛒᛚᛝᛚᚣ,597
hardheaded,237755,0,ᚻᚪᚱᛞᚻᛠᛞᛖᛞ,597
sanhedrim,237685,0,ᛋᚪᚾᚻᛖᛞᚱᛁᛗ,471
gasconade,237594,0,ᚷᚪᛋᚳᚩᚾᚪᛞᛖ,469
fusillade,237537,0,ᚠᚢᛋᛁᛚᛚᚪᛞᛖ,488
undemanding,237242,0,ᚢᚾᛞᛖᛗᚪᚾᛞᛝ,553
yachtsmen,237227,0,ᚣᚪᚳᚻᛏᛋᛗᛖᚾ,515
naissance,237125,0,ᚾᚪᛁᛋᛋᚪᚾᚳᛖ,469
eyepieces,237104,0,ᛖᚣᛖᛈᛁᛖᚳᛖᛋ,511
blackbeard,236841,0,ᛒᛚᚪᚳᚳᛒᛠᚱᛞ,527
distrusts,236792,0,ᛞᛁᛋᛏᚱᚢᛋᛏᛋ,411
accessary,236650,0,ᚪᚳᚳᛖᛋᛋᚪᚱᚣ,507
eumenides,236637,0,ᛖᚢᛗᛖᚾᛁᛞᛖᛋ,477
velveteen,236621,0,ᚢᛖᛚᚢᛖᛏᛖᛖᚾ,435
cucurbita,236511,0,ᚳᚢᚳᚢᚱᛒᛁᛏᚪ,291
solanaceae,236475,0,ᛋᚩᛚᚪᚾᚪᚳᛠᛖ,545
encaustic,236415,0,ᛖᚾᚳᚪᚢᛋᛏᛁᚳ,365
unmusical,236261,0,ᚢᚾᛗᚢᛋᛁᚳᚪᛚ,373
indigenes,236238,0,ᛁᚾᛞᛁᚷᛖᚾᛖᛋ,413
localizes,236162,0,ᛚᚩᚳᚪᛚᛁᛋᛖᛋ,467
politicking,236082,0,ᛈᚩᛚᛁᛏᛁᚳᚳᛝ,349
streamside,236040,0,ᛋᛏᚱᛠᛗᛋᛁᛞᛖ,543
roadhouse,236034,0,ᚱᚩᚪᛞᚻᚩᚢᛋᛖ,357
tractarian,236028,0,ᛏᚱᚪᚳᛏᚪᚱᛡᚾ,483
chickweed,235835,0,ᚳᚻᛁᚳᚳᚹᛖᛖᛞ,335
demarcating,235750,0,ᛞᛖᛗᚪᚱᚳᚪᛏᛝ,583
brasserie,235704,0,ᛒᚱᚪᛋᛋᛖᚱᛁᛖ,451
splotches,235600,0,ᛋᛈᛚᚩᛏᚳᚻᛖᛋ,391
godfathers,235265,0,ᚷᚩᛞᚠᚪᚦᛖᚱᛋ,348
syracusan,235022,0,ᛋᚣᚱᚪᚳᚢᛋᚪᚾ,459
mamelukes,234910,0,ᛗᚪᛗᛖᛚᚢᚳᛖᛋ,515
flintlock,234795,0,ᚠᛚᛁᚾᛏᛚᚩᚳᚳ,300
portables,234794,0,ᛈᚩᚱᛏᚪᛒᛚᛖᛋ,471
handlebar,234687,0,ᚻᚪᚾᛞᛚᛖᛒᚪᚱ,547
crosswind,234681,0,ᚳᚱᚩᛋᛋᚹᛁᚾᛞ,305
motorcars,234539,0,ᛗᚩᛏᚩᚱᚳᚪᚱᛋ,329
carucates,234453,0,ᚳᚪᚱᚢᚳᚪᛏᛖᛋ,413
officinal,234409,0,ᚩᚠᚠᛁᚳᛁᚾᚪᛚ,285
exonerating,234380,0,ᛖᛉᚩᚾᛖᚱᚪᛏᛝ,463
amendable,234364,0,ᚪᛗᛖᚾᛞᚪᛒᛚᛖ,651
foundress,234345,0,ᚠᚩᚢᚾᛞᚱᛖᛋᛋ,314
downplaying,234310,0,ᛞᚩᚹᚾᛈᛚᚪᚣᛝ,539
bandleader,234251,0,ᛒᚪᚾᛞᛚᛠᛞᛖᚱ,625
castellan,234234,0,ᚳᚪᛋᛏᛖᛚᛚᚪᚾ,561
ichthyosis,234146,0,ᛁᚳᚻᚦᚣᚩᛋᛁᛋ,319
vainglorious,234117,0,ᚢᚪᛝᛚᚩᚱᛡᚢᛋ,433
crotchets,234038,0,ᚳᚱᚩᛏᚳᚻᛖᛏᛋ,305
aforetime,234022,0,ᚪᚠᚩᚱᛖᛏᛁᛗᛖ,412
exhauster,233961,0,ᛖᛉᚻᚪᚢᛋᛏᛖᚱ,427
ichneumon,233946,0,ᛁᚳᚻᚾᛖᚢᛗᚩᚾ,273
recensions,233907,0,ᚱᛖᚳᛖᚾᛋᛡᚾᛋ,429
hairbrush,233460,0,ᚻᚪᛁᚱᛒᚱᚢᛋᚻ,313
desperado,233398,0,ᛞᛖᛋᛈᛖᚱᚪᛞᚩ,523
speediest,233104,0,ᛋᛈᛖᛖᛞᛁᛖᛋᛏ,529
moldboard,233048,0,ᛗᚩᛚᛞᛒᚩᚪᚱᛞ,505
housetops,232836,0,ᚻᚩᚢᛋᛖᛏᚩᛈᛋ,315
electrify,232791,0,ᛖᛚᛖᚳᛏᚱᛁᚠᚣ,426
dovetails,232764,0,ᛞᚩᚢᛖᛏᚪᛁᛚᛋ,479
overfeeding,232633,0,ᚩᚢᛖᚱᚠᛖᛖᛞᛝ,392
heartwarming,232606,0,ᚻᛠᚱᛏᚹᚪᚱᛗᛝ,479
giacometti,232552,0,ᚷᛡᚳᚩᛗᛖᛏᛏᛁ,431
patronise,232521,0,ᛈᚪᛏᚱᚩᚾᛁᛋᛖ,397
unstarred,232350,0,ᚢᚾᛋᛏᚪᚱᚱᛖᛞ,419
washrooms,232306,0,ᚹᚪᛋᚻᚱᚩᚩᛗᛋ,341
disgraces,231963,0,ᛞᛁᛋᚷᚱᚪᚳᛖᛋ,431
blaspheming,231884,0,ᛒᛚᚪᛋᛈᚻᛖᛗᛝ,567
maxentius,231871,0,ᛗᚪᛉᛖᚾᛏᛁᚢᛋ,457
immigrating,231664,0,ᛁᛗᛗᛁᚷᚱᚪᛏᛝ,467
sinecures,231661,0,ᛋᛁᚾᛖᚳᚢᚱᛖᛋ,327
balaklava,231541,0,ᛒᚪᛚᚪᚳᛚᚪᚢᚪ,611
exorcisms,231323,0,ᛖᛉᚩᚱᚳᛁᛋᛗᛋ,353
jailhouse,231196,0,ᛂᚪᛁᛚᚻᚩᚢᛋᛖ,391
mutualism,231128,0,ᛗᚢᛏᚢᚪᛚᛁᛋᛗ,461
plowshare,231118,0,ᛈᛚᚩᚹᛋᚻᚪᚱᛖ,393
prenuptial,231062,0,ᛈᚱᛖᚾᚢᛈᛏᛡᛚ,435
expatiated,231029,0,ᛖᛉᛈᚪᛏᛡᛏᛖᛞ,635
curbstone,230997,0,ᚳᚢᚱᛒᛋᛏᚩᚾᛖ,303
telecasts,230996,0,ᛏᛖᛚᛖᚳᚪᛋᛏᛋ,541
holstered,230961,0,ᚻᚩᛚᛋᛏᛖᚱᛖᛞ,449
inscribes,230950,0,ᛁᚾᛋᚳᚱᛁᛒᛖᛋ,349
rascality,230907,0,ᚱᚪᛋᚳᚪᛚᛁᛏᚣ,537
crematory,230734,0,ᚳᚱᛖᛗᚪᛏᚩᚱᚣ,439
charwoman,230646,0,ᚳᚻᚪᚱᚹᚩᛗᚪᚾ,367
druidical,230607,0,ᛞᚱᚢᛁᛞᛁᚳᚪᛚ,437
repulsions,230540,0,ᚱᛖᛈᚢᛚᛋᛡᚾᛋ,439
conformer,230516,0,ᚳᚩᚾᚠᚩᚱᛗᛖᚱ,218
languishes,230432,0,ᛚᚪᛝᚢᛁᛋᚻᛖᛋ,479
falsifies,230425,0,ᚠᚪᛚᛋᛁᚠᛁᛖᛋ,409
relegates,230197,0,ᚱᛖᛚᛖᚷᚪᛏᛖᛋ,511
reemerged,230178,0,ᚱᛖᛖᛗᛖᚱᚷᛖᛞ,467
marquetry,230157,0,ᛗᚪᚱᚳᚹᛖᛏᚱᚣ,451
intranets,230143,0,ᛁᚾᛏᚱᚪᚾᛖᛏᛋ,435
derelicts,230088,0,ᛞᛖᚱᛖᛚᛁᚳᛏᛋ,463
overthrows,229998,0,ᚩᚢᛖᚱᚦᚱᚩᚹᛋ,183
firesides,229960,0,ᚠᛁᚱᛖᛋᛁᛞᛖᛋ,404
titillating,229935,0,ᛏᛁᛏᛁᛚᛚᚪᛏᛝ,561
sugarloaf,229809,0,ᛋᚢᚷᚪᚱᛚᚩᚪᚠ,360
sheldrake,229750,0,ᛋᚻᛖᛚᛞᚱᚪᚳᛖ,493
dehiscent,229609,0,ᛞᛖᚻᛁᛋᚳᛖᚾᛏ,431
rosewater,229537,0,ᚱᚩᛋᛖᚹᚪᛏᛖᚱ,391
deputized,229399,0,ᛞᛖᛈᚢᛏᛁᛋᛖᛞ,501
spitfires,229266,0,ᛋᛈᛁᛏᚠᛁᚱᛖᛋ,350
deponents,229247,0,ᛞᛖᛈᚩᚾᛖᚾᛏᛋ,443
printemps,229153,0,ᛈᚱᛁᚾᛏᛖᛗᛈᛋ,407
unreactive,229143,0,ᚢᚾᚱᛠᚳᛏᛁᚢᛖ,325
positioner,229086,0,ᛈᚩᛋᛁᛏᛡᚾᛖᚱ,407
sesterces,229029,0,ᛋᛖᛋᛏᛖᚱᚳᛖᛋ,443
myrmidons,228986,0,ᛗᚣᚱᛗᛁᛞᚩᚾᛋ,465
cannonading,228674,0,ᚳᚪᚾᚾᚩᚾᚪᛞᛝ,469
placidity,228669,0,ᛈᛚᚪᚳᛁᛞᛁᛏᚣ,539
telecasting,228657,0,ᛏᛖᛚᛖᚳᚪᛋᛏᛝ,567
autopsied,228619,0,ᚪᚢᛏᚩᛈᛋᛁᛖᛞ,449
stocktaking,228471,0,ᛋᛏᚩᚳᚳᛏᚪᚳᛝ,393
fenugreek,228419,0,ᚠᛖᚾᚢᚷᚱᛖᛖᚳ,276
appraises,228353,0,ᚪᛈᛈᚱᚪᛁᛋᛖᛋ,495
disordering,228243,0,ᛞᛁᛋᚩᚱᛞᛖᚱᛝ,437
poinsettia,228174,0,ᛈᚩᛁᚾᛋᛖᛏᛏᛡ,455
buttressing,228157,0,ᛒᚢᛏᛏᚱᛖᛋᛋᛝ,445
merganser,228155,0,ᛗᛖᚱᚷᚪᚾᛋᛖᚱ,423
stockists,228117,0,ᛋᛏᚩᚳᚳᛁᛋᛏᛋ,341
arachnida,227760,0,ᚪᚱᚪᚳᚻᚾᛁᛞᚪ,487
bullfight,227729,0,ᛒᚢᛚᛚᚠᛁᚷᚻᛏ,342
altiplano,227612,0,ᚪᛚᛏᛁᛈᛚᚪᚾᚩ,509
autosomes,227583,0,ᚪᚢᛏᚩᛋᚩᛗᛖᛋ,417
buckboard,227472,0,ᛒᚢᚳᚳᛒᚩᚪᚱᛞ,355
philately,227439,0,ᛈᚻᛁᛚᚪᛏᛖᛚᚣ,569
protozoal,227130,0,ᛈᚱᚩᛏᚩᛋᚩᚪᛚ,357
eyestrain,227077,0,ᛖᚣᛖᛋᛏᚱᚪᛁᚾ,517
footboard,227072,0,ᚠᚩᚩᛏᛒᚩᚪᚱᛞ,340
sideburns,227056,0,ᛋᛁᛞᛖᛒᚢᚱᚾᛋ,397
castanets,226964,0,ᚳᚪᛋᛏᚪᚾᛖᛏᛋ,527
prajapati,226925,0,ᛈᚱᚪᛂᚪᛈᚪᛏᛁ,515
swaggered,226881,0,ᛋᚹᚪᚷᚷᛖᚱᛖᛞ,437
warrantor,226875,0,ᚹᚪᚱᚱᚪᚾᛏᚩᚱ,341
unbuttoning,226845,0,ᚢᚾᛒᚢᛏᛏᚩᚾᛝ,329
saucepans,226838,0,ᛋᚪᚢᚳᛖᛈᚪᚾᛋ,455
assiniboia,226778,0,ᚪᛋᛋᛁᚾᛁᛒᚩᛡ,469
cotenants,226584,0,ᚳᚩᛏᛖᚾᚪᚾᛏᛋ,413
feversham,226551,0,ᚠᛖᚢᛖᚱᛋᚻᚪᛗ,394
immovably,225927,0,ᛁᛗᛗᚩᚢᚪᛒᛚᚣ,517
dachshund,225896,0,ᛞᚪᚳᚻᛋᚻᚢᚾᛞ,419
tentorium,225856,0,ᛏᛖᚾᛏᚩᚱᛁᚢᛗ,337
uprightly,225628,0,ᚢᛈᚱᛁᚷᚻᛏᛚᚣ,363
croplands,225527,0,ᚳᚱᚩᛈᛚᚪᚾᛞᛋ,415
raffinose,225515,0,ᚱᚪᚠᚠᛁᚾᚩᛋᛖ,299
phthisical,225448,0,ᛈᚻᚦᛁᛋᛁᚳᚪᛚ,369
wurlitzer,225373,0,ᚹᚢᚱᛚᛁᛏᛋᛖᚱ,327
bicyclist,225346,0,ᛒᛁᚳᚣᚳᛚᛁᛋᛏ,437
rabbinate,225026,0,ᚱᚪᛒᛒᛁᚾᚪᛏᛖ,513
awfulness,224850,0,ᚪᚹᚠᚢᛚᚾᛖᛋᛋ,396
akhmatova,224758,0,ᚪᚳᚻᛗᚪᛏᚩᚢᚪ,467
redevelop,224732,0,ᚱᛖᛞᛖᚢᛖᛚᚩᛈ,427
antithetic,224637,0,ᚪᚾᛏᛁᚦᛖᛏᛁᚳ,391
transmuting,224608,0,ᛏᚱᚪᚾᛋᛗᚢᛏᛝ,461
dumbbells,224564,0,ᛞᚢᛗᛒᛒᛖᛚᛚᛋ,551
inhumation,224467,0,ᛁᚾᚻᚢᛗᚪᛏᛡᚾ,449
fixatives,224308,0,ᚠᛁᛉᚪᛏᛁᚢᛖᛋ,390
semitones,224176,0,ᛋᛖᛗᛁᛏᚩᚾᛖᛋ,437
pietistic,224141,0,ᛈᛁᛖᛏᛁᛋᛏᛁᚳ,387
footnoted,223975,0,ᚠᚩᚩᛏᚾᚩᛏᛖᛞ,326
ergometer,223873,0,ᛖᚱᚷᚩᛗᛖᛏᛖᚱ,377
millivolt,223846,0,ᛗᛁᛚᛚᛁᚢᚩᛚᛏ,421
solemnize,223790,0,ᛋᚩᛚᛖᛗᚾᛁᛋᛖ,451
expounder,223786,0,ᛖᛉᛈᚩᚢᚾᛞᛖᚱ,363
workweeks,223768,0,ᚹᚩᚱᚳᚹᛖᛖᚳᛋ,269
fortifies,223661,0,ᚠᚩᚱᛏᛁᚠᛁᛖᛋ,263
hickories,223651,0,ᚻᛁᚳᚳᚩᚱᛁᛖᛋ,249
politicos,223463,0,ᛈᚩᛚᛁᛏᛁᚳᚩᛋ,317
crossties,223378,0,ᚳᚱᚩᛋᛋᛏᛁᛖᛋ,347
healthiness,223280,0,ᚻᛠᛚᚦᛁᚾᛖᛋᛋ,443
callously,223218,0,ᚳᚪᛚᛚᚩᚢᛋᛚᚣ,495
forewarning,223123,0,ᚠᚩᚱᛖᚹᚪᚱᚾᛝ,322
axminster,223045,0,ᚪᛉᛗᛁᚾᛋᛏᛖᚱ,465
acetamide,222922,0,ᚪᚳᛖᛏᚪᛗᛁᛞᛖ,591
columbite,222873,0,ᚳᚩᛚᚢᛗᛒᛁᛏᛖ,385
rollovers,222871,0,ᚱᚩᛚᛚᚩᚢᛖᚱᛋ,305
unrevised,222794,0,ᚢᚾᚱᛖᚢᛁᛋᛖᛞ,353
padlocked,222441,0,ᛈᚪᛞᛚᚩᚳᚳᛖᛞ,491
theorization,222438,0,ᚦᛇᚱᛁᛋᚪᛏᛡᚾ,433
pomeranian,222124,0,ᛈᚩᛗᛖᚱᚪᚾᛡᚾ,461
confucians,221990,0,ᚳᚩᚾᚠᚢᚳᛡᚾᛋ,256
chiropody,221986,0,ᚳᚻᛁᚱᚩᛈᚩᛞᚣ,327
serrulate,221939,0,ᛋᛖᚱᚱᚢᛚᚪᛏᛖ,441
breakfasting,221880,0,ᛒᚱᛠᚳᚠᚪᛋᛏᛝ,484
newfangled,221646,0,ᚾᛖᚹᚠᚪᛝᛚᛖᛞ,522
jansenist,221523,0,ᛂᚪᚾᛋᛖᚾᛁᛋᛏ,455
upcountry,221433,0,ᚢᛈᚳᚩᚢᚾᛏᚱᚣ,271
zinfandel,221351,0,ᛋᛁᚾᚠᚪᚾᛞᛖᛚ,470
marrakech,221200,0,ᛗᚪᚱᚱᚪᚳᛖᚳᚻ,403
oceanfront,221165,0,ᚩᚳᛠᚾᚠᚱᚩᚾᛏ,266
raconteur,221080,0,ᚱᚪᚳᚩᚾᛏᛖᚢᚱ,297
copartner,220973,0,ᚳᚩᛈᚪᚱᛏᚾᛖᚱ,337
cutlasses,220901,0,ᚳᚢᛏᛚᚪᛋᛋᛖᛋ,471
librettos,220512,0,ᛚᛁᛒᚱᛖᛏᛏᚩᛋ,421
haversack,220506,0,ᚻᚪᚢᛖᚱᛋᚪᚳᚳ,377
sanguineous,220491,0,ᛋᚪᛝᚢᛁᚾᛇᚢᛋ,389
frontages,220424,0,ᚠᚱᚩᚾᛏᚪᚷᛖᛋ,342
forefather,220209,0,ᚠᚩᚱᛖᚠᚪᚦᛖᚱ,269
blessedly,220168,0,ᛒᛚᛖᛋᛋᛖᛞᛚᚣ,639
digitoxin,220122,0,ᛞᛁᚷᛁᛏᚩᛉᛁᚾ,341
saracenic,220056,0,ᛋᚪᚱᚪᚳᛖᚾᛁᚳ,411
handmaids,219972,0,ᚻᚪᚾᛞᛗᚪᛁᛞᛋ,579
inerrancy,219687,0,ᛁᚾᛖᚱᚱᚪᚾᚳᚣ,391
magnetising,219538,0,ᛗᚪᚷᚾᛖᛏᛁᛋᛝ,503
allemande,219515,0,ᚪᛚᛚᛖᛗᚪᚾᛞᛖ,663
unelected,219479,0,ᚢᚾᛖᛚᛖᚳᛏᛖᛞ,467
jordanians,219423,0,ᛂᚩᚱᛞᚪᚾᛡᚾᛋ,459
conveyers,219356,0,ᚳᚩᚾᚢᛖᚣᛖᚱᛋ,353
backboard,219121,0,ᛒᚪᚳᚳᛒᚩᚪᚱᛞ,449
calendula,218962,0,ᚳᚪᛚᛖᚾᛞᚢᛚᚪ,541
ninepence,218870,0,ᚾᛁᚾᛖᛈᛖᚾᚳᛖ,375
nectaries,218851,0,ᚾᛖᚳᛏᚪᚱᛁᛖᛋ,427
effortful,218679,0,ᛖᚠᚠᚩᚱᛏᚠᚢᛚ,226
steakhouse,218618,0,ᛋᛏᛠᚳᚻᚩᚢᛋᛖ,387
funiculus,218584,0,ᚠᚢᚾᛁᚳᚢᛚᚢᛋ,210
unrepealed,218571,0,ᚢᚾᚱᛖᛈᛠᛚᛖᛞ,491
mendeleev,218533,0,ᛗᛖᚾᛞᛖᛚᛖᛖᚢ,533
recombining,218457,0,ᚱᛖᚳᚩᛗᛒᛁᚾᛝ,369
codewords,218336,0,ᚳᚩᛞᛖᚹᚩᚱᛞᛋ,355
passerine,218256,0,ᛈᚪᛋᛋᛖᚱᛁᚾᛖ,451
congruency,218014,0,ᚳᚩᛝᚱᚢᛖᚾᚳᚣ,325
rectories,217944,0,ᚱᛖᚳᛏᚩᚱᛁᛖᛋ,319
stupidest,217941,0,ᛋᛏᚢᛈᛁᛞᛖᛋᛏ,457
conjugacy,217892,0,ᚳᚩᚾᛂᚢᚷᚪᚳᚣ,319
adjunction,217789,0,ᚪᛞᛂᚢᚾᚳᛏᛡᚾ,463
cosmonaut,217541,0,ᚳᚩᛋᛗᚩᚾᚪᚢᛏ,339
outlasted,217431,0,ᚩᚢᛏᛚᚪᛋᛏᛖᛞ,507
worktable,217429,0,ᚹᚩᚱᚳᛏᚪᛒᛚᛖ,407
unchained,217374,0,ᚢᚾᚳᚻᚪᛁᚾᛖᛞ,381
dietaries,217371,0,ᛞᛁᛖᛏᚪᚱᛁᛖᛋ,505
bifurcating,216731,0,ᛒᛁᚠᚢᚱᚳᚪᛏᛝ,356
novelette,216618,0,ᚾᚩᚢᛖᛚᛖᛏᛏᛖ,431
exostosis,216566,0,ᛖᛉᚩᛋᛏᚩᛋᛁᛋ,377
airstrips,216531,0,ᚪᛁᚱᛋᛏᚱᛁᛈᛋ,389
outbuilding,216419,0,ᚩᚢᛏᛒᚢᛁᛚᛞᛝ,405
pugnacity,216297,0,ᛈᚢᚷᚾᚪᚳᛁᛏᚣ,395
pyroxylin,216166,0,ᛈᚣᚱᚩᛉᚣᛚᛁᚾ,447
slowdowns,216067,0,ᛋᛚᚩᚹᛞᚩᚹᚾᛋ,349
sakyamuni,215939,0,ᛋᚪᚳᚣᚪᛗᚢᚾᛁ,497
crotalaria,215873,0,ᚳᚱᚩᛏᚪᛚᚪᚱᛡ,475
dovetailing,215867,0,ᛞᚩᚢᛖᛏᚪᛁᛚᛝ,505
apophyses,215816,0,ᚪᛈᚩᛈᚻᚣᛋᛖᛋ,489
coverlets,215669,0,ᚳᚩᚢᛖᚱᛚᛖᛏᛋ,353
episiotomy,215665,0,ᛖᛈᛁᛋᛡᛏᚩᛗᚣ,541
tribesman,215519,0,ᛏᚱᛁᛒᛖᛋᛗᚪᚾ,479
kilovolts,215517,0,ᚳᛁᛚᚩᚢᚩᛚᛏᛋ,319
crossbows,215135,0,ᚳᚱᚩᛋᛋᛒᚩᚹᛋ,277
egotistic,215075,0,ᛖᚷᚩᛏᛁᛋᛏᛁᚳ,337
weathercock,215005,0,ᚹᛠᚦᛖᚱᚳᚩᚳᚳ,257
audiometer,214851,0,ᚪᚢᛞᛡᛗᛖᛏᛖᚱ,571
asplenium,214830,0,ᚪᛋᛈᛚᛖᚾᛁᚢᛗ,467
pleochroic,214824,0,ᛈᛚᛇᚳᚻᚱᚩᛁᚳ,255
waterhole,214734,0,ᚹᚪᛏᛖᚱᚻᚩᛚᛖ,423
abrogates,214480,0,ᚪᛒᚱᚩᚷᚪᛏᛖᛋ,469
reconquer,214468,0,ᚱᛖᚳᚩᚾᚳᚹᛖᚱ,237
theosophist,214442,0,ᚦᛇᛋᚩᛈᚻᛁᛋᛏ,315
unsociable,214353,0,ᚢᚾᛋᚩᚳᛡᛒᛚᛖ,413
zigzagged,214345,0,ᛋᛁᚷᛋᚪᚷᚷᛖᛞ,441
pianissimo,214323,0,ᛈᛡᚾᛁᛋᛋᛁᛗᚩ,425
recharges,214269,0,ᚱᛖᚳᚻᚪᚱᚷᛖᛋ,359
triforium,214012,0,ᛏᚱᛁᚠᚩᚱᛁᚢᛗ,226
delimiter,214008,0,ᛞᛖᛚᛁᛗᛁᛏᛖᚱ,499
temptress,213984,0,ᛏᛖᛗᛈᛏᚱᛖᛋᛋ,483
matriarchy,213941,0,ᛗᚪᛏᚱᛡᚱᚳᚻᚣ,495
symbolising,213887,0,ᛋᚣᛗᛒᚩᛚᛁᛋᛝ,531
chantries,213873,0,ᚳᚻᚪᚾᛏᚱᛁᛖᛋ,383
peevishly,213855,0,ᛈᛖᛖᚢᛁᛋᚻᛚᚣ,463
micropyle,213782,0,ᛗᛁᚳᚱᚩᛈᚣᛚᛖ,419
homograft,213714,0,ᚻᚩᛗᚩᚷᚱᚪᚠᛏ,294
congeneric,213586,0,ᚳᚩᛝᛖᚾᛖᚱᛁᚳ,317
bluebells,213553,0,ᛒᛚᚢᛖᛒᛖᛚᛚᛋ,531
dispiriting,213276,0,ᛞᛁᛋᛈᛁᚱᛁᛏᛝ,427
regicides,213258,0,ᚱᛖᚷᛁᚳᛁᛞᛖᛋ,379
pepperoni,213051,0,ᛈᛖᛈᛈᛖᚱᚩᚾᛁ,341
autocrats,212922,0,ᚪᚢᛏᚩᚳᚱᚪᛏᛋ,399
previewed,212896,0,ᛈᚱᛖᚢᛁᛖᚹᛖᛞ,397
meadowlark,212834,0,ᛗᛠᛞᚩᚹᛚᚪᚱᚳ,489
phagocyte,212802,0,ᛈᚻᚪᚷᚩᚳᚣᛏᛖ,429
inveigled,212782,0,ᛁᚾᚢᛖᛁᚷᛚᛖᛞ,407
physiques,212761,0,ᛈᚻᚣᛋᛁᚳᚹᛖᛋ,405
visitants,212515,0,ᚢᛁᛋᛁᛏᚪᚾᛏᛋ,415
undergird,212467,0,ᚢᚾᛞᛖᚱᚷᛁᚱᛞ,347
bhutanese,212461,0,ᛒᚻᚢᛏᚪᚾᛖᛋᛖ,459
downdraft,212426,0,ᛞᚩᚹᚾᛞᚱᚪᚠᛏ,402
yachtsman,212411,0,ᚣᚪᚳᚻᛏᛋᛗᚪᚾ,545
crossbars,212174,0,ᚳᚱᚩᛋᛋᛒᚪᚱᛋ,359
inhumanly,212121,0,ᛁᚾᚻᚢᛗᚪᚾᛚᚣ,459
snowdrops,212073,0,ᛋᚾᚩᚹᛞᚱᚩᛈᛋ,311
snowdrift,211981,0,ᛋᚾᚩᚹᛞᚱᛁᚠᛏ,300
parotitis,211928,0,ᛈᚪᚱᚩᛏᛁᛏᛁᛋ,391
surmounts,211888,0,ᛋᚢᚱᛗᚩᚢᚾᛏᛋ,289
loneliest,211856,0,ᛚᚩᚾᛖᛚᛁᛖᛋᛏ,459
pimpernel,211846,0,ᛈᛁᛗᛈᛖᚱᚾᛖᛚ,435
footloose,211761,0,ᚠᚩᚩᛏᛚᚩᚩᛋᛖ,282
importune,211621,0,ᛁᛗᛈᚩᚱᛏᚢᚾᛖ,321
conjugating,211598,0,ᚳᚩᚾᛂᚢᚷᚪᛏᛝ,341
unrevealed,211394,0,ᚢᚾᚱᛖᚢᛠᛚᛖᛞ,451
haystacks,211265,0,ᚻᚪᚣᛋᛏᚪᚳᚳᛋ,511
unexcused,210907,0,ᚢᚾᛖᛉᚳᚢᛋᛖᛞ,371
bulrushes,210872,0,ᛒᚢᛚᚱᚢᛋᚻᛖᛋ,347
slanderer,210697,0,ᛋᛚᚪᚾᛞᛖᚱᛖᚱ,497
prettyman,210424,0,ᛈᚱᛖᛏᛏᚣᛗᚪᚾ,539
reorganising,210368,0,ᚱᛇᚱᚷᚪᚾᛁᛋᛝ,369
abductors,210052,0,ᚪᛒᛞᚢᚳᛏᚩᚱᛋ,393
forklifts,210005,0,ᚠᚩᚱᚳᛚᛁᚠᛏᛋ,251
miscalled,209952,0,ᛗᛁᛋᚳᚪᛚᛚᛖᛞ,567
syncytium,209880,0,ᛋᚣᚾᚳᚣᛏᛁᚢᛗ,465
fluoresce,209846,0,ᚠᛚᚢᚩᚱᛖᛋᚳᛖ,296
disjoined,209811,0,ᛞᛁᛋᛂᚩᛁᚾᛖᛞ,433
reactances,209764,0,ᚱᛠᚳᛏᚪᚾᚳᛖᛋ,451
footplate,209667,0,ᚠᚩᚩᛏᛈᛚᚪᛏᛖ,414
vestiture,209448,0,ᚢᛖᛋᛏᛁᛏᚢᚱᛖ,353
bathhouses,209374,0,ᛒᚪᚦᚻᚩᚢᛋᛖᛋ,369
illicitly,209260,0,ᛁᛚᛚᛁᚳᛁᛏᛚᚣ,487
underused,209205,0,ᚢᚾᛞᛖᚱᚢᛋᛖᛞ,411
weirdness,209174,0,ᚹᛖᛁᚱᛞᚾᛖᛋᛋ,419
nazarenes,209149,0,ᚾᚪᛋᚪᚱᛖᚾᛖᛋ,503
preventer,208617,0,ᛈᚱᛖᚢᛖᚾᛏᛖᚱ,357
queerness,208586,0,ᚳᚹᛖᛖᚱᚾᛖᛋᛋ,379
dislocating,208552,0,ᛞᛁᛋᛚᚩᚳᚪᛏᛝ,501
dolefully,208499,0,ᛞᚩᛚᛖᚠᚢᛚᛚᚣ,490
roundheads,208345,0,ᚱᚩᚢᚾᛞᚻᛠᛞᛋ,413
unrealised,208304,0,ᚢᚾᚱᛠᛚᛁᛋᛖᛞ,465
lemongrass,208298,0,ᛚᛖᛗᚩᛝᚱᚪᛋᛋ,511
chipboard,208208,0,ᚳᚻᛁᛈᛒᚩᚪᚱᛞ,375
pincushion,208160,0,ᛈᛁᚾᚳᚢᛋᚻᛡᚾ,331
corralled,208143,0,ᚳᚩᚱᚱᚪᛚᛚᛖᛞ,441
inspiriting,208012,0,ᛁᚾᛋᛈᛁᚱᛁᛏᛝ,367
couturier,208004,0,ᚳᚩᚢᛏᚢᚱᛁᛖᚱ,205
tridymite,207748,0,ᛏᚱᛁᛞᚣᛗᛁᛏᛖ,521
nomograph,207532,0,ᚾᚩᛗᚩᚷᚱᚪᛈᚻ,305
anamnesis,207440,0,ᚪᚾᚪᛗᚾᛖᛋᛁᛋ,527
spiritism,207430,0,ᛋᛈᛁᚱᛁᛏᛁᛋᛗ,383
fireballs,207373,0,ᚠᛁᚱᛖᛒᚪᛚᛚᛋ,468
postseason,207350,0,ᛈᚩᛋᛏᛋᛠᛋᚩᚾ,413
assignats,207214,0,ᚪᛋᛋᛁᚷᚾᚪᛏᛋ,489
undeceive,207212,0,ᚢᚾᛞᛖᚳᛖᛁᚢᛖ,369
lightheaded,207029,0,ᛚᛁᚷᚻᚦᛠᛞᛖᛞ,503
urbanised,206996,0,ᚢᚱᛒᚪᚾᛁᛋᛖᛞ,441
pigeonhole,206892,0,ᛈᛁᚷᛇᚾᚻᚩᛚᛖ,331
dizygotic,206872,0,ᛞᛁᛋᚣᚷᚩᛏᛁᚳ,403
consorted,206724,0,ᚳᚩᚾᛋᚩᚱᛏᛖᛞ,335
saxifraga,206610,0,ᛋᚪᛉᛁᚠᚱᚪᚷᚪ,452
bizarrely,206490,0,ᛒᛁᛋᚪᚱᚱᛖᛚᚣ,507
veronique,206427,0,ᚢᛖᚱᚩᚾᛁᚳᚹᛖ,247
handholds,206356,0,ᚻᚪᚾᛞᚻᚩᛚᛞᛋ,483
backdrops,206350,0,ᛒᚪᚳᚳᛞᚱᚩᛈᛋ,387
reversely,206107,0,ᚱᛖᚢᛖᚱᛋᛖᛚᚣ,455
whistlers,206096,0,ᚹᚻᛁᛋᛏᛚᛖᚱᛋ,389
unsubdued,206051,0,ᚢᚾᛋᚢᛒᛞᚢᛖᛞ,397
fingerboard,206028,0,ᚠᛝᛖᚱᛒᚩᚪᚱᛞ,424
disgorged,206003,0,ᛞᛁᛋᚷᚩᚱᚷᛖᛞ,381
scabbards,205985,0,ᛋᚳᚪᛒᛒᚪᚱᛞᛋ,535
nicolette,205803,0,ᚾᛁᚳᚩᛚᛖᛏᛏᛖ,405
terseness,205774,0,ᛏᛖᚱᛋᛖᚾᛖᛋᛋ,459
cupressus,205740,0,ᚳᚢᛈᚱᛖᛋᛋᚢᛋ,299
zoophytes,205723,0,ᛋᚩᚩᛈᚻᚣᛏᛖᛋ,415
handshaking,205672,0,ᚻᚪᚾᛞᛋᚻᚪᚳᛝ,503
missourian,205607,0,ᛗᛁᛋᛋᚩᚢᚱᛡᚾ,365
enunciates,205586,0,ᛖᚾᚢᚾᚳᛡᛏᛖᛋ,427
massasoit,205572,0,ᛗᚪᛋᛋᚪᛋᚩᛁᛏ,521
surfeited,205529,0,ᛋᚢᚱᚠᛖᛁᛏᛖᛞ,382
inviolably,205456,0,ᛁᚾᚢᛡᛚᚪᛒᛚᚣ,577
hammerhead,205392,0,ᚻᚪᛗᛗᛖᚱᚻᛠᛞ,561
pensionary,205372,0,ᛈᛖᚾᛋᛡᚾᚪᚱᚣ,539
afterbirth,205341,0,ᚪᚠᛏᛖᚱᛒᛁᚱᚦ,344
combatted,205116,0,ᚳᚩᛗᛒᚪᛏᛏᛖᛞ,523
pilchards,205107,0,ᛈᛁᛚᚳᚻᚪᚱᛞᛋ,433
unlatched,205059,0,ᚢᚾᛚᚪᛏᚳᚻᛖᛞ,453
unseasoned,205022,0,ᚢᚾᛋᛠᛋᚩᚾᛖᛞ,439
parietals,205019,0,ᛈᚪᚱᛁᛖᛏᚪᛚᛋ,531
subtopics,204899,0,ᛋᚢᛒᛏᚩᛈᛁᚳᛋ,323
shovelled,204850,0,ᛋᚻᚩᚢᛖᛚᛚᛖᛞ,455
shrewdest,204840,0,ᛋᚻᚱᛖᚹᛞᛖᛋᛏ,441
digastric,204836,0,ᛞᛁᚷᚪᛋᛏᚱᛁᚳ,401
shredders,204793,0,ᛋᚻᚱᛖᛞᛞᛖᚱᛋ,463
zeppelins,204703,0,ᛋᛖᛈᛈᛖᛚᛁᚾᛋ,459
surfboard,204445,0,ᛋᚢᚱᚠᛒᚩᚪᚱᛞ,334
unreleased,204394,0,ᚢᚾᚱᛖᛚᛠᛋᛖᛞ,501
charolais,204317,0,ᚳᚻᚪᚱᚩᛚᚪᛁᛋ,405
arachnids,204211,0,ᚪᚱᚪᚳᚻᚾᛁᛞᛋ,443
sargassum,203958,0,ᛋᚪᚱᚷᚪᛋᛋᚢᛗ,455
cabinetry,203946,0,ᚳᚪᛒᛁᚾᛖᛏᚱᚣ,471
monopsony,203939,0,ᛗᚩᚾᚩᛈᛋᚩᚾᚣ,349
treasonous,203936,0,ᛏᚱᛠᛋᚩᚾᚩᚢᛋ,331
theobromine,203768,0,ᚦᛇᛒᚱᚩᛗᛁᚾᛖ,323
showpiece,203764,0,ᛋᚻᚩᚹᛈᛁᛖᚳᛖ,323
classwork,203753,0,ᚳᛚᚪᛋᛋᚹᚩᚱᚳ,339
bakehouse,203612,0,ᛒᚪᚳᛖᚻᚩᚢᛋᛖ,391
solstices,203581,0,ᛋᚩᛚᛋᛏᛁᚳᛖᛋ,409
unblocked,203508,0,ᚢᚾᛒᛚᚩᚳᚳᛖᛞ,355
ploughmen,203495,0,ᛈᛚᚩᚢᚷᚻᛗᛖᚾ,333
echinoids,203459,0,ᛖᚳᚻᛁᚾᚩᛁᛞᛋ,343
guacamole,203431,0,ᚷᚢᚪᚳᚪᛗᚩᛚᛖ,445
tricolour,203398,0,ᛏᚱᛁᚳᚩᛚᚩᚢᚱ,215
redirects,203386,0,ᚱᛖᛞᛁᚱᛖᚳᛏᛋ,401
fishponds,203360,0,ᚠᛁᛋᚻᛈᚩᚾᛞᛋ,330
fragonard,203311,0,ᚠᚱᚪᚷᚩᚾᚪᚱᛞ,360
pollinate,203280,0,ᛈᚩᛚᛚᛁᚾᚪᛏᛖ,479
villanous,203250,0,ᚢᛁᛚᛚᚪᚾᚩᚢᛋ,369
baseballs,203176,0,ᛒᚪᛋᛖᛒᚪᛚᛚᛋ,635
moneymaking,203121,0,ᛗᚩᚾᛖᚣᛗᚪᚳᛝ,537
brahmanic,203119,0,ᛒᚱᚪᚻᛗᚪᚾᛁᚳ,433
convolute,202735,0,ᚳᚩᚾᚢᚩᛚᚢᛏᛖ,261
diacritics,202631,0,ᛞᛡᚳᚱᛁᛏᛁᚳᛋ,407
musketeer,202532,0,ᛗᚢᛋᚳᛖᛏᛖᛖᚱ,411
washbasin,202406,0,ᚹᚪᛋᚻᛒᚪᛋᛁᚾ,463
astrocyte,202230,0,ᚪᛋᛏᚱᚩᚳᚣᛏᛖ,469
backspace,202154,0,ᛒᚪᚳᚳᛋᛈᚪᚳᛖ,457
pulseless,202144,0,ᛈᚢᛚᛋᛖᛚᛖᛋᛋ,485
aubergine,202018,0,ᚪᚢᛒᛖᚱᚷᛁᚾᛖ,383
alterable,201997,0,ᚪᛚᛏᛖᚱᚪᛒᛚᛖ,605
privative,201983,0,ᛈᚱᛁᚢᚪᛏᛁᚢᛖ,345
allocution,201857,0,ᚪᛚᛚᚩᚳᚢᛏᛡᚾ,461
wapentake,201625,0,ᚹᚪᛈᛖᚾᛏᚪᚳᛖ,491
heartaches,201414,0,ᚻᛠᚱᛏᚪᚳᚻᛖᛋ,455
stomachic,201388,0,ᛋᛏᚩᛗᚪᚳᚻᛁᚳ,367
parboiled,201342,0,ᛈᚪᚱᛒᚩᛁᛚᛖᛞ,479
glossitis,201333,0,ᚷᛚᚩᛋᛋᛁᛏᛁᛋ,377
embowered,201175,0,ᛖᛗᛒᚩᚹᛖᚱᛖᛞ,459
lodgement,201132,0,ᛚᚩᛞᚷᛖᛗᛖᚾᛏ,479
treblinka,201079,0,ᛏᚱᛖᛒᛚᛁᚾᚳᚪ,441
unbeknown,201051,0,ᚢᚾᛒᛖᚳᚾᚩᚹᚾ,257
minutemen,200974,0,ᛗᛁᚾᚢᛏᛖᛗᛖᚾ,427
melisande,200710,0,ᛗᛖᛚᛁᛋᚪᚾᛞᛖ,577
scribbler,200534,0,ᛋᚳᚱᛁᛒᛒᛚᛖᚱ,381
champerty,200350,0,ᚳᚻᚪᛗᛈᛖᚱᛏᚣ,487
jacaranda,200261,0,ᛂᚪᚳᚪᚱᚪᚾᛞᚪ,567
fundament,200234,0,ᚠᚢᚾᛞᚪᛗᛖᚾᛏ,446
gooseneck,200121,0,ᚷᚩᚩᛋᛖᚾᛖᚳᚳ,273
innervating,200115,0,ᛁᚾᚾᛖᚱᚢᚪᛏᛝ,405
viscounts,200100,0,ᚢᛁᛋᚳᚩᚢᚾᛏᛋ,251
nihilists,200049,0,ᚾᛁᚻᛁᛚᛁᛋᛏᛋ,383
catchpole,199956,0,ᚳᚪᛏᚳᚻᛈᚩᛚᛖ,395
downstage,199902,0,ᛞᚩᚹᚾᛋᛏᚪᚷᛖ,437
rickshaws,199855,0,ᚱᛁᚳᚳᛋᚻᚪᚹᛋ,313
epigraphs,199771,0,ᛖᛈᛁᚷᚱᚪᛈᚻᛋ,385
inflexions,199676,0,ᛁᚾᚠᛚᛖᛉᛡᚾᛋ,438
glabellar,199483,0,ᚷᛚᚪᛒᛖᛚᛚᚪᚱ,569
excoriation,199455,0,ᛖᛉᚳᚩᚱᛡᛏᛡᚾ,447
accidence,199368,0,ᚪᚳᚳᛁᛞᛖᚾᚳᛖ,419
enshrines,199289,0,ᛖᚾᛋᚻᚱᛁᚾᛖᛋ,363
collations,199283,0,ᚳᚩᛚᛚᚪᛏᛡᚾᛋ,511
hindbrain,199177,0,ᚻᛁᚾᛞᛒᚱᚪᛁᚾ,401
puppeteer,199094,0,ᛈᚢᛈᛈᛖᛏᛖᛖᚱ,403
forelimbs,198981,0,ᚠᚩᚱᛖᛚᛁᛗᛒᛋ,376
conceptus,198942,0,ᚳᚩᚾᚳᛖᛈᛏᚢᛋ,287
disengages,198910,0,ᛞᛁᛋᛖᛝᚪᚷᛖᛋ,553
arbitrating,198871,0,ᚪᚱᛒᛁᛏᚱᚪᛏᛝ,505
didactics,198709,0,ᛞᛁᛞᚪᚳᛏᛁᚳᛋ,475
lifesaver,198682,0,ᛚᛁᚠᛖᛋᚪᚢᛖᚱ,404
scrabbled,198615,0,ᛋᚳᚱᚪᛒᛒᛚᛖᛞ,525
quadrupling,198594,0,ᚳᚹᚪᛞᚱᚢᛈᛚᛝ,427
precooked,198280,0,ᛈᚱᛖᚳᚩᚩᚳᛖᛞ,317
pentagram,198258,0,ᛈᛖᚾᛏᚪᚷᚱᚪᛗ,491
scrimshaw,198081,0,ᛋᚳᚱᛁᛗᛋᚻᚪᚹ,371
drumstick,198016,0,ᛞᚱᚢᛗᛋᛏᛁᚳᚳ,343
hollyhock,197873,0,ᚻᚩᛚᛚᚣᚻᚩᚳᚳ,335
capitular,197796,0,ᚳᚪᛈᛁᛏᚢᛚᚪᚱ,427
cloverleaf,197621,0,ᚳᛚᚩᚢᛖᚱᛚᛠᚠ,358
reallocating,197455,0,ᚱᛠᛚᛚᚩᚳᚪᛏᛝ,521
casemates,197345,0,ᚳᚪᛋᛖᛗᚪᛏᛖᛋ,577
evaluable,197117,0,ᛖᚢᚪᛚᚢᚪᛒᛚᛖ,541
unforseen,196864,0,ᚢᚾᚠᚩᚱᛋᛖᛖᚾ,268
equalizes,196798,0,ᛖᚳᚹᚪᛚᛁᛋᛖᛋ,473
steatorrhea,196674,0,ᛋᛏᛠᛏᚩᚱᚱᚻᛠ,441
moodiness,196626,0,ᛗᚩᚩᛞᛁᚾᛖᛋᛋ,407
footballs,196587,0,ᚠᚩᚩᛏᛒᚪᛚᛚᛋ,432
hemianopsia,196506,0,ᚻᛖᛗᛡᚾᚩᛈᛋᛡ,507
cachectic,196473,0,ᚳᚪᚳᚻᛖᚳᛏᛁᚳ,329
leatherwood,196421,0,ᛚᛠᚦᛖᚱᚹᚩᚩᛞ,387
nonsexual,196398,0,ᚾᚩᚾᛋᛖᛉᚢᚪᛚ,405
rigmarole,196238,0,ᚱᛁᚷᛗᚪᚱᚩᛚᛖ,385
vanishingly,196064,0,ᚢᚪᚾᛁᛋᚻᛝᛚᚣ,491
nonporous,196007,0,ᚾᚩᚾᛈᚩᚱᚩᚢᛋ,189
mareschal,195951,0,ᛗᚪᚱᛖᛋᚳᚻᚪᛚ,505
contortion,195717,0,ᚳᚩᚾᛏᚩᚱᛏᛡᚾ,321
flotillas,195552,0,ᚠᛚᚩᛏᛁᛚᛚᚪᛋ,468
annalists,195329,0,ᚪᚾᚾᚪᛚᛁᛋᛏᛋ,521
speedboat,195315,0,ᛋᛈᛖᛖᛞᛒᚩᚪᛏ,543
mismatching,194896,0,ᛗᛁᛋᛗᚪᛏᚳᚻᛝ,497
perswaded,194607,0,ᛈᛖᚱᛋᚹᚪᛞᛖᛞ,535
frontally,194583,0,ᚠᚱᚩᚾᛏᚪᛚᛚᚣ,454
tetrapods,194572,0,ᛏᛖᛏᚱᚪᛈᚩᛞᛋ,485
spinnaker,194506,0,ᛋᛈᛁᚾᚾᚪᚳᛖᚱ,373
centrioles,194477,0,ᚳᛖᚾᛏᚱᛡᛚᛖᛋ,479
cruciferae,194459,0,ᚳᚱᚢᚳᛁᚠᛖᚱᚫ,252
unamended,194457,0,ᚢᚾᚪᛗᛖᚾᛞᛖᛞ,541
switchers,194365,0,ᛋᚹᛁᛏᚳᚻᛖᚱᛋ,329
soberness,194334,0,ᛋᚩᛒᛖᚱᚾᛖᛋᛋ,401
kerchiefs,194276,0,ᚳᛖᚱᚳᚻᛁᛖᚠᛋ,280
downtrend,194245,0,ᛞᚩᚹᚾᛏᚱᛖᚾᛞ,399
tutorship,193935,0,ᛏᚢᛏᚩᚱᛋᚻᛁᛈ,289
outweighing,193901,0,ᚩᚢᛏᚹᛖᛁᚷᚻᛝ,305
pantyhose,193864,0,ᛈᚪᚾᛏᚣᚻᚩᛋᛖ,481
victorine,193841,0,ᚢᛁᚳᛏᚩᚱᛁᚾᛖ,251
gasometer,193753,0,ᚷᚪᛋᚩᛗᛖᛏᛖᚱ,449
husbanded,193738,0,ᚻᚢᛋᛒᚪᚾᛞᛖᛞ,511
stopcocks,193596,0,ᛋᛏᚩᛈᚳᚩᚳᚳᛋ,261
backbreaking,193564,0,ᛒᚪᚳᚳᛒᚱᛠᚳᛝ,457
asexually,193561,0,ᚪᛋᛖᛉᚢᚪᛚᛚᚣ,613
tennessean,193481,0,ᛏᛖᚾᚾᛖᛋᛋᛠᚾ,495
decoctions,193454,0,ᛞᛖᚳᚩᚳᛏᛡᚾᛋ,437
hopscotch,193366,0,ᚻᚩᛈᛋᚳᚩᛏᚳᚻ,241
whitewood,193330,0,ᚹᚻᛁᛏᛖᚹᚩᚩᛞ,321
loquacity,193314,0,ᛚᚩᚳᚹᚪᚳᛁᛏᚣ,415
spoliations,193172,0,ᛋᛈᚩᛚᛡᛏᛡᚾᛋ,531
passavant,193084,0,ᛈᚪᛋᛋᚪᚢᚪᚾᛏ,531
spirillum,193027,0,ᛋᛈᛁᚱᛁᛚᛚᚢᛗ,389
cocksfoot,192947,0,ᚳᚩᚳᚳᛋᚠᚩᚩᛏ,174
allantois,192873,0,ᚪᛚᛚᚪᚾᛏᚩᛁᛋ,519
inodorous,192872,0,ᛁᚾᚩᛞᚩᚱᚩᚢᛋ,237
palmistry,192817,0,ᛈᚪᛚᛗᛁᛋᛏᚱᚣ,541
muleteers,192723,0,ᛗᚢᛚᛖᛏᛖᛖᚱᛋ,471
automates,192648,0,ᚪᚢᛏᚩᛗᚪᛏᛖᛋ,513
catalyses,192622,0,ᚳᚪᛏᚪᛚᚣᛋᛖᛋ,615
personate,192398,0,ᛈᛖᚱᛋᚩᚾᚪᛏᛖ,433
pennyworth,192350,0,ᛈᛖᚾᚾᚣᚹᚩᚱᚦ,313
collegians,192336,0,ᚳᚩᛚᛚᛖᚷᛡᚾᛋ,439
castigate,192205,0,ᚳᚪᛋᛏᛁᚷᚪᛏᛖ,493
antiknock,192141,0,ᚪᚾᛏᛁᚳᚾᚩᚳᚳ,291
submersed,192139,0,ᛋᚢᛒᛗᛖᚱᛋᛖᛞ,475
aneuploid,192138,0,ᚪᚾᛖᚢᛈᛚᚩᛁᛞ,439
recompute,192129,0,ᚱᛖᚳᚩᛗᛈᚢᛏᛖ,341
snakebite,191926,0,ᛋᚾᚪᚳᛖᛒᛁᛏᛖ,477
bedeviled,191834,0,ᛒᛖᛞᛖᚢᛁᛚᛖᛞ,547
lemniscus,191794,0,ᛚᛖᛗᚾᛁᛋᚳᚢᛋ,393
cadillacs,191781,0,ᚳᚪᛞᛁᛚᛚᚪᚳᛋ,539
sycophant,191764,0,ᛋᚣᚳᚩᛈᚻᚪᚾᛏ,427
fixedness,191744,0,ᚠᛁᛉᛖᛞᚾᛖᛋᛋ,438
subtenant,191599,0,ᛋᚢᛒᛏᛖᚾᚪᚾᛏ,457
sterilising,191435,0,ᛋᛏᛖᚱᛁᛚᛁᛋᛝ,457
undercoat,191398,0,ᚢᚾᛞᛖᚱᚳᚩᚪᛏ,375
euphonious,191278,0,ᛖᚢᛈᚻᚩᚾᛡᚢᛋ,335
ungoverned,190944,0,ᚢᛝᚩᚢᛖᚱᚾᛖᛞ,355
adductors,190908,0,ᚪᛞᛞᚢᚳᛏᚩᚱᛋ,421
camembert,190769,0,ᚳᚪᛗᛖᛗᛒᛖᚱᛏ,517
damnedest,190764,0,ᛞᚪᛗᚾᛖᛞᛖᛋᛏ,621
lenticels,190558,0,ᛚᛖᚾᛏᛁᚳᛖᛚᛋ,465
cornstalk,190425,0,ᚳᚩᚱᚾᛋᛏᚪᛚᚳ,355
brachialis,190318,0,ᛒᚱᚪᚳᚻᛡᛚᛁᛋ,469
wherefrom,190297,0,ᚹᚻᛖᚱᛖᚠᚱᚩᛗ,278
demystify,190141,0,ᛞᛖᛗᚣᛋᛏᛁᚠᚣ,578
befriends,190116,0,ᛒᛖᚠᚱᛁᛖᚾᛞᛋ,410
gigabytes,190109,0,ᚷᛁᚷᚪᛒᚣᛏᛖᛋ,505
maddeningly,189978,0,ᛗᚪᛞᛞᛖᚾᛝᛚᚣ,697
oxygenate,189932,0,ᚩᛉᚣᚷᛖᚾᚪᛏᛖ,493
overspill,189916,0,ᚩᚢᛖᚱᛋᛈᛁᛚᛚ,361
nephritic,189779,0,ᚾᛖᛈᚻᚱᛁᛏᛁᚳ,307
canvasser,189770,0,ᚳᚪᚾᚢᚪᛋᛋᛖᚱ,423
mediatorial,189722,0,ᛗᛖᛞᛡᛏᚩᚱᛡᛚ,591
orangutans,189698,0,ᚩᚱᚪᛝᚢᛏᚪᚾᛋ,435
bisexuals,189684,0,ᛒᛁᛋᛖᛉᚢᚪᛚᛋ,485
collimating,189656,0,ᚳᚩᛚᛚᛁᛗᚪᛏᛝ,503
conflates,189570,0,ᚳᚩᚾᚠᛚᚪᛏᛖᛋ,400
inebriation,189495,0,ᛁᚾᛖᛒᚱᛡᛏᛡᚾ,501
innovated,189369,0,ᛁᚾᚾᚩᚢᚪᛏᛖᛞ,411
satirizes,189367,0,ᛋᚪᛏᛁᚱᛁᛋᛖᛋ,455
allocator,189251,0,ᚪᛚᛚᚩᚳᚪᛏᚩᚱ,437
cytolysis,189160,0,ᚳᚣᛏᚩᛚᚣᛋᛁᛋ,495
molesters,189090,0,ᛗᚩᛚᛖᛋᛏᛖᚱᛋ,461
hidebound,189038,0,ᚻᛁᛞᛖᛒᚩᚢᚾᛞ,399
autograft,189002,0,ᚪᚢᛏᚩᚷᚱᚪᚠᛏ,352
parachuting,188861,0,ᛈᚪᚱᚪᚳᚻᚢᛏᛝ,425
gristmill,188843,0,ᚷᚱᛁᛋᛏᛗᛁᛚᛚ,419
merrymaking,188788,0,ᛗᛖᚱᚱᚣᛗᚪᚳᛝ,523
germanism,188643,0,ᚷᛖᚱᛗᚪᚾᛁᛋᛗ,447
sandstorm,188640,0,ᛋᚪᚾᛞᛋᛏᚩᚱᛗ,469
excentric,188602,0,ᛖᛉᚳᛖᚾᛏᚱᛁᚳ,337
brevetted,188490,0,ᛒᚱᛖᚢᛖᛏᛏᛖᛞ,483
remarries,188402,0,ᚱᛖᛗᚪᚱᚱᛁᛖᛋ,419
cucurbits,188362,0,ᚳᚢᚳᚢᚱᛒᛁᛏᛋ,247
ampersand,188309,0,ᚪᛗᛈᛖᚱᛋᚪᚾᛞ,557
immolated,188284,0,ᛁᛗᛗᚩᛚᚪᛏᛖᛞ,565
beneficed,188156,0,ᛒᛖᚾᛖᚠᛁᚳᛖᛞ,426
pedophilia,188056,0,ᛈᛖᛞᚩᛈᚻᛁᛚᛡ,483
overprint,187977,0,ᚩᚢᛖᚱᛈᚱᛁᚾᛏ,261
gratifies,187932,0,ᚷᚱᚪᛏᛁᚠᛁᛖᛋ,368
disabused,187918,0,ᛞᛁᛋᚪᛒᚢᛋᛖᛞ,543
sheepfold,187850,0,ᛋᚻᛖᛖᛈᚠᚩᛚᛞ,424
beaujolais,187820,0,ᛒᛠᚢᛂᚩᛚᚪᛁᛋ,471
swordsmen,187794,0,ᛋᚹᚩᚱᛞᛋᛗᛖᚾ,399
unshelled,187519,0,ᚢᚾᛋᚻᛖᛚᛚᛖᛞ,477
mechanize,187513,0,ᛗᛖᚳᚻᚪᚾᛁᛋᛖ,451
gradgrind,187446,0,ᚷᚱᚪᛞᚷᚱᛁᚾᛞ,391
execrated,187309,0,ᛖᛉᛖᚳᚱᚪᛏᛖᛞ,517
carrefour,187238,0,ᚳᚪᚱᚱᛖᚠᚩᚢᚱ,222
jansenism,187167,0,ᛂᚪᚾᛋᛖᚾᛁᛋᛗ,467
blustered,186818,0,ᛒᛚᚢᛋᛏᛖᚱᛖᛞ,483
rutabagas,186646,0,ᚱᚢᛏᚪᛒᚪᚷᚪᛋ,495
proctitis,186638,0,ᛈᚱᚩᚳᛏᛁᛏᛁᛋ,307
accoutred,186509,0,ᚪᚳᚳᚩᚢᛏᚱᛖᛞ,359
prejudged,186502,0,ᛈᚱᛖᛂᚢᛞᚷᛖᛞ,423
candlelit,186482,0,ᚳᚪᚾᛞᛚᛖᛚᛁᛏ,531
domiciles,186331,0,ᛞᚩᛗᛁᚳᛁᛚᛖᛋ,435
parakeets,186327,0,ᛈᚪᚱᚪᚳᛖᛖᛏᛋ,507
cogitation,186272,0,ᚳᚩᚷᛁᛏᚪᛏᛡᚾ,419
triacetate,186239,0,ᛏᚱᛡᚳᛖᛏᚪᛏᛖ,539
acquirers,186071,0,ᚪᚳᚳᚹᛁᚱᛖᚱᛋ,315
collotype,186065,0,ᚳᚩᛚᛚᚩᛏᚣᛈᛖ,445
expulsive,185965,0,ᛖᛉᛈᚢᛚᛋᛁᚢᛖ,387
chelicerae,185812,0,ᚳᚻᛖᛚᛁᚳᛖᚱᚫ,399
radiograms,185682,0,ᚱᚪᛞᛡᚷᚱᚪᛗᛋ,553
comradely,185676,0,ᚳᚩᛗᚱᚪᛞᛖᛚᚣ,531
rhapsodic,185468,0,ᚱᚻᚪᛈᛋᚩᛞᛁᚳ,367
stylishly,185443,0,ᛋᛏᚣᛚᛁᛋᚻᛚᚣ,571
lamarckian,185386,0,ᛚᚪᛗᚪᚱᚳᚳᛡᚾ,511
ordinaire,185377,0,ᚩᚱᛞᛁᚾᚪᛁᚱᛖ,373
downpours,185204,0,ᛞᚩᚹᚾᛈᚩᚢᚱᛋ,261
snowfalls,185039,0,ᛋᚾᚩᚹᚠᚪᛚᛚᛋ,406
aesthetical,184851,0,ᚫᛋᚦᛖᛏᛁᚳᚪᛚ,499
snowbound,184632,0,ᛋᚾᚩᚹᛒᚩᚢᚾᛞ,297
megacolon,184573,0,ᛗᛖᚷᚪᚳᚩᛚᚩᚾ,381
keepsakes,184392,0,ᚳᛖᛖᛈᛋᚪᚳᛖᛋ,473
taraxacum,184247,0,ᛏᚪᚱᚪᛉᚪᚳᚢᛗ,495
marquises,184189,0,ᛗᚪᚱᚳᚹᛁᛋᛖᛋ,415
valencies,184124,0,ᚢᚪᛚᛖᚾᚳᛁᛖᛋ,433
permalloy,184086,0,ᛈᛖᚱᛗᚪᛚᛚᚩᚣ,545
slightingly,183826,0,ᛋᛚᛁᚷᚻᛏᛝᛚᚣ,511
webmaster,183776,0,ᚹᛖᛒᛗᚪᛋᛏᛖᚱ,505
retrofits,183727,0,ᚱᛖᛏᚱᚩᚠᛁᛏᛋ,300
heartstrings,183697,0,ᚻᛠᚱᛏᛋᛏᚱᛝᛋ,457
militiaman,183518,0,ᛗᛁᛚᛁᛏᛡᛗᚪᚾ,569
antiphons,183473,0,ᚪᚾᛏᛁᛈᚻᚩᚾᛋ,371
suborders,183372,0,ᛋᚢᛒᚩᚱᛞᛖᚱᛋ,355
remarques,183345,0,ᚱᛖᛗᚪᚱᚳᚹᛖᛋ,409
marmosets,183187,0,ᛗᚪᚱᛗᚩᛋᛖᛏᛋ,489
ballrooms,183168,0,ᛒᚪᛚᛚᚱᚩᚩᛗᛋ,453
benzenoid,183016,0,ᛒᛖᚾᛋᛖᚾᚩᛁᛞ,433
syllabary,183005,0,ᛋᚣᛚᛚᚪᛒᚪᚱᚣ,671
offprints,182774,0,ᚩᚠᚠᛈᚱᛁᚾᛏᛋ,237
bullfinch,182761,0,ᛒᚢᛚᛚᚠᛁᚾᚳᚻ,308
dysphoric,182499,0,ᛞᚣᛋᛈᚻᚩᚱᛁᚳ,373
detoxifying,182469,0,ᛞᛖᛏᚩᛉᛁᚠᚣᛝ,484
cremations,182344,0,ᚳᚱᛖᛗᚪᛏᛡᚾᛋ,507
chameleons,182310,0,ᚳᚻᚪᛗᛖᛚᛇᚾᛋ,467
prefigure,182301,0,ᛈᚱᛖᚠᛁᚷᚢᚱᛖ,252
congestions,181981,0,ᚳᚩᛝᛖᛋᛏᛡᚾᛋ,467
warplanes,181814,0,ᚹᚪᚱᛈᛚᚪᚾᛖᛋ,489
guillemot,181719,0,ᚷᚢᛁᛚᛚᛖᛗᚩᛏ,401
pilothouse,181697,0,ᛈᛁᛚᚩᚦᚩᚢᛋᛖ,289
lodestone,181563,0,ᛚᚩᛞᛖᛋᛏᚩᚾᛖ,451
vacillate,181417,0,ᚢᚪᚳᛁᛚᛚᚪᛏᛖ,513
vanquishing,181377,0,ᚢᚪᚾᚳᚹᛁᛋᚻᛝ,347
bertillon,181320,0,ᛒᛖᚱᛏᛁᛚᛚᚩᚾ,411
dollhouse,181172,0,ᛞᚩᛚᛚᚻᚩᚢᛋᛖ,395
horsetail,181143,0,ᚻᚩᚱᛋᛖᛏᚪᛁᛚ,421
mnemosyne,181075,0,ᛗᚾᛖᛗᚩᛋᚣᚾᛖ,497
equalised,180951,0,ᛖᚳᚹᚪᛚᛁᛋᛖᛞ,509
topdressing,180801,0,ᛏᚩᛈᛞᚱᛖᛋᛋᛝ,461
xerostomia,180741,0,ᛉᛖᚱᚩᛋᛏᚩᛗᛡ,429
molluscum,180717,0,ᛗᚩᛚᛚᚢᛋᚳᚢᛗ,367
lazaretto,180645,0,ᛚᚪᛋᚪᚱᛖᛏᛏᚩ,523
rusticity,180628,0,ᚱᚢᛋᛏᛁᚳᛁᛏᚣ,363
splattering,180550,0,ᛋᛈᛚᚪᛏᛏᛖᚱᛝ,541
empresses,180509,0,ᛖᛗᛈᚱᛖᛋᛋᛖᛋ,485
annulated,180506,0,ᚪᚾᚾᚢᛚᚪᛏᛖᛞ,543
atrophies,180218,0,ᚪᛏᚱᚩᛈᚻᛁᛖᛋ,391
blockheads,180211,0,ᛒᛚᚩᚳᚳᚻᛠᛞᛋ,441
planorbis,180161,0,ᛈᛚᚪᚾᚩᚱᛒᛁᛋ,405
guernseys,180133,0,ᚷᚢᛖᚱᚾᛋᛖᚣᛋ,403
ruminated,180132,0,ᚱᚢᛗᛁᚾᚪᛏᛖᛞ,457
gigantism,180100,0,ᚷᛁᚷᚪᚾᛏᛁᛋᛗ,405
philippic,180090,0,ᛈᚻᛁᛚᛁᛈᛈᛁᚳ,331
hairiness,180000,0,ᚻᚪᛁᚱᛁᚾᛖᛋᛋ,395
agonizingly,179966,0,ᚪᚷᚩᚾᛁᛋᛝᛚᚣ,489
spaceport,179770,0,ᛋᛈᚪᚳᛖᛈᚩᚱᛏ,393
locatable,179706,0,ᛚᚩᚳᚪᛏᚪᛒᛚᛖ,547
minibuses,179695,0,ᛗᛁᚾᛁᛒᚢᛋᛖᛋ,399
aldebaran,179645,0,ᚪᛚᛞᛖᛒᚪᚱᚪᚾ,621
vestryman,179526,0,ᚢᛖᛋᛏᚱᚣᛗᚪᚾ,493
chipewyan,179476,0,ᚳᚻᛁᛈᛖᚹᚣᚪᚾ,425
isoclinal,179459,0,ᛁᛋᚩᚳᛚᛁᚾᚪᛚ,407
subducted,179302,0,ᛋᚢᛒᛞᚢᚳᛏᛖᛞ,437
foxhounds,179157,0,ᚠᚩᛉᚻᚩᚢᚾᛞᛋ,260
equitation,179084,0,ᛖᚳᚹᛁᛏᚪᛏᛡᚾ,481
greasewood,178734,0,ᚷᚱᛠᛋᛖᚹᚩᚩᛞ,379
hypnotize,178709,0,ᚻᚣᛈᚾᚩᛏᛁᛋᛖ,415
pantaloon,178608,0,ᛈᚪᚾᛏᚪᛚᚩᚩᚾ,441
pessaries,178556,0,ᛈᛖᛋᛋᚪᚱᛁᛖᛋ,475
comported,178432,0,ᚳᚩᛗᛈᚩᚱᛏᛖᛞ,367
creationist,178430,0,ᚳᚱᛠᛏᛡᚾᛁᛋᛏ,471
chimiques,178373,0,ᚳᚻᛁᛗᛁᚳᚹᛖᛋ,321
callbacks,178340,0,ᚳᚪᛚᛚᛒᚪᚳᚳᛋ,493
watchmaking,178172,0,ᚹᚪᛏᚳᚻᛗᚪᚳᛝ,471
palmately,178172,0,ᛈᚪᛚᛗᚪᛏᛖᛚᚣ,683
leatherette,178003,0,ᛚᛠᚦᛖᚱᛖᛏᛏᛖ,517
ectoplasm,177865,0,ᛖᚳᛏᚩᛈᛚᚪᛋᛗ,483
spirogyra,177744,0,ᛋᛈᛁᚱᚩᚷᚣᚱᚪ,373
splenetic,177656,0,ᛋᛈᛚᛖᚾᛖᛏᛁᚳ,435
nomograms,177631,0,ᚾᚩᛗᚩᚷᚱᚪᛗᛋ,363
fellowman,177612,0,ᚠᛖᛚᛚᚩᚹᛗᚪᚾ,438
bookstall,177479,0,ᛒᚩᚩᚳᛋᛏᚪᛚᛚ,443
krasnodar,177407,0,ᚳᚱᚪᛋᚾᚩᛞᚪᚱ,407
whirligig,177242,0,ᚹᚻᛁᚱᛚᛁᚷᛁᚷ,253
celestials,177196,0,ᚳᛖᛚᛖᛋᛏᛡᛚᛋ,565
briskness,177131,0,ᛒᚱᛁᛋᚳᚾᛖᛋᛋ,371
tailplane,177087,0,ᛏᚪᛁᛚᛈᛚᚪᚾᛖ,569
hatchways,176799,0,ᚻᚪᛏᚳᚻᚹᚪᚣᛋ,487
thrombosed,176793,0,ᚦᚱᚩᛗᛒᚩᛋᛖᛞ,371
pancreatin,176782,0,ᛈᚪᚾᚳᚱᛠᛏᛁᚾ,421
carnotite,176712,0,ᚳᚪᚱᚾᚩᛏᛁᛏᛖ,373
pinnipeds,176658,0,ᛈᛁᚾᚾᛁᛈᛖᛞᛋ,415
telemeter,176643,0,ᛏᛖᛚᛖᛗᛖᛏᛖᚱ,541
crookedly,176612,0,ᚳᚱᚩᚩᚳᛖᛞᛚᚣ,383
plumpness,176521,0,ᛈᛚᚢᛗᛈᚾᛖᛋᛋ,435
pirouette,176438,0,ᛈᛁᚱᚩᚢᛖᛏᛏᛖ,347
extirpating,176400,0,ᛖᛉᛏᛁᚱᛈᚪᛏᛝ,493
rhinorrhea,176249,0,ᚱᚻᛁᚾᚩᚱᚱᚻᛠ,255
imprisons,176184,0,ᛁᛗᛈᚱᛁᛋᚩᚾᛋ,329
keyboarding,176172,0,ᚳᛖᚣᛒᚩᚪᚱᛞᛝ,527
enlistees,176108,0,ᛖᚾᛚᛁᛋᛏᛖᛖᛋ,499
hookworms,175948,0,ᚻᚩᚩᚳᚹᚩᚱᛗᛋ,211
hoteliers,175869,0,ᚻᚩᛏᛖᛚᛁᛖᚱᛋ,391
hatchback,175864,0,ᚻᚪᛏᚳᚻᛒᚪᚳᚳ,399
inutility,175849,0,ᛁᚾᚢᛏᛁᛚᛁᛏᚣ,419
areopagite,175847,0,ᚪᚱᛇᛈᚪᚷᛁᛏᛖ,463
archaisms,175558,0,ᚪᚱᚳᚻᚪᛁᛋᛗᛋ,449
caressingly,175554,0,ᚳᚪᚱᛖᛋᛋᛝᛚᚣ,549
cockatoos,175269,0,ᚳᚩᚳᚳᚪᛏᚩᚩᛋ,269
glassmaking,175159,0,ᚷᛚᚪᛋᛋᛗᚪᚳᛝ,553
meritless,175148,0,ᛗᛖᚱᛁᛏᛚᛖᛋᛋ,485
outranked,175138,0,ᚩᚢᛏᚱᚪᚾᚳᛖᛞ,375
spenserian,175105,0,ᛋᛈᛖᚾᛋᛖᚱᛡᚾ,459
anabolism,174910,0,ᚪᚾᚪᛒᚩᛚᛁᛋᛗ,519
lubricity,174748,0,ᛚᚢᛒᚱᛁᚳᛁᛏᚣ,385
polymorph,174649,0,ᛈᚩᛚᚣᛗᚩᚱᛈᚻ,381
inaudibly,174618,0,ᛁᚾᚪᚢᛞᛁᛒᛚᚣ,517
imagistic,174521,0,ᛁᛗᚪᚷᛁᛋᛏᛁᚳ,403
relievers,174480,0,ᚱᛖᛚᛁᛖᚢᛖᚱᛋ,383
astringency,174444,0,ᚪᛋᛏᚱᛝᛖᚾᚳᚣ,511
auditioned,174330,0,ᚪᚢᛞᛁᛏᛡᚾᛖᛞ,571
resuspend,174281,0,ᚱᛖᛋᚢᛋᛈᛖᚾᛞ,415
infusorial,174162,0,ᛁᚾᚠᚢᛋᚩᚱᛡᛚ,316
nocturnes,174054,0,ᚾᚩᚳᛏᚢᚱᚾᛖᛋ,271
brilliants,173987,0,ᛒᚱᛁᛚᛚᛡᚾᛏᛋ,497
prodromus,173966,0,ᛈᚱᚩᛞᚱᚩᛗᚢᛋ,295
rebuttals,173906,0,ᚱᛖᛒᚢᛏᛏᚪᛚᛋ,483
shortbread,173707,0,ᛋᚻᚩᚱᛏᛒᚱᛠᛞ,423
camelback,173684,0,ᚳᚪᛗᛖᛚᛒᚪᚳᚳ,505
wallabies,173576,0,ᚹᚪᛚᛚᚪᛒᛁᛖᛋ,571
decimeter,173572,0,ᛞᛖᚳᛁᛗᛖᛏᛖᚱ,475
philomela,173568,0,ᛈᚻᛁᛚᚩᛗᛖᛚᚪ,485
endolymph,173547,0,ᛖᚾᛞᚩᛚᚣᛗᛈᚻ,505
slenderly,173521,0,ᛋᛚᛖᚾᛞᛖᚱᛚᚣ,565
nefertiti,173490,0,ᚾᛖᚠᛖᚱᛏᛁᛏᛁ,356
carrousel,173416,0,ᚳᚪᚱᚱᚩᚢᛋᛖᛚ,335
pandemics,173382,0,ᛈᚪᚾᛞᛖᛗᛁᚳᛋ,493
overlayer,173266,0,ᚩᚢᛖᚱᛚᚪᚣᛖᚱ,439
showplace,173259,0,ᛋᚻᚩᚹᛈᛚᚪᚳᛖ,395
diffusions,173028,0,ᛞᛁᚠᚠᚢᛋᛡᚾᛋ,369
microcode,172936,0,ᛗᛁᚳᚱᚩᚳᚩᛞᛖ,309
notionally,172881,0,ᚾᚩᛏᛡᚾᚪᛚᛚᚣ,577
overslept,172855,0,ᚩᚢᛖᚱᛋᛚᛖᛈᛏ,383
autogenic,172851,0,ᚪᚢᛏᚩᚷᛖᚾᛁᚳ,323
hallstatt,172756,0,ᚻᚪᛚᛚᛋᛏᚪᛏᛏ,593
masochist,172726,0,ᛗᚪᛋᚩᚳᚻᛁᛋᛏ,407
intensest,172712,0,ᛁᚾᛏᛖᚾᛋᛖᛋᛏ,447
braincase,172549,0,ᛒᚱᚪᛁᚾᚳᚪᛋᛖ,459
flatulent,172515,0,ᚠᛚᚪᛏᚢᛚᛖᚾᛏ,462
planarity,172510,0,ᛈᛚᚪᚾᚪᚱᛁᛏᚣ,543
messiness,172510,0,ᛗᛖᛋᛋᛁᚾᛖᛋᛋ,477
uncrowded,172502,0,ᚢᚾᚳᚱᚩᚹᛞᛖᛞ,327
floatation,172477,0,ᚠᛚᚩᚪᛏᚪᛏᛡᚾ,530
goatskins,172458,0,ᚷᚩᚪᛏᛋᚳᛁᚾᛋ,359
tribunate,172424,0,ᛏᚱᛁᛒᚢᚾᚪᛏᛖ,417
beseeched,172345,0,ᛒᛖᛋᛖᛖᚳᚻᛖᛞ,507
completer,172302,0,ᚳᚩᛗᛈᛚᛖᛏᛖᚱ,411
levitated,172236,0,ᛚᛖᚢᛁᛏᚪᛏᛖᛞ,545
intriguer,172233,0,ᛁᚾᛏᚱᛁᚷᚢᛖᚱ,259
handlooms,172109,0,ᚻᚪᚾᛞᛚᚩᚩᛗᛋ,449
stutterer,172087,0,ᛋᛏᚢᛏᛏᛖᚱᛖᚱ,389
butterine,171982,0,ᛒᚢᛏᛏᛖᚱᛁᚾᛖ,387
uncrowned,171836,0,ᚢᚾᚳᚱᚩᚹᚾᛖᛞ,267
cliffside,171788,0,ᚳᛚᛁᚠᚠᛋᛁᛞᛖ,361
immunised,171759,0,ᛁᛗᛗᚢᚾᛁᛋᛖᛞ,445
monogenic,171535,0,ᛗᚩᚾᚩᚷᛖᚾᛁᚳ,271
downsides,171482,0,ᛞᚩᚹᚾᛋᛁᛞᛖᛋ,437
ambulacra,171395,0,ᚪᛗᛒᚢᛚᚪᚳᚱᚪ,523
lustration,171345,0,ᛚᚢᛋᛏᚱᚪᛏᛡᚾ,491
lysogenic,171306,0,ᛚᚣᛋᚩᚷᛖᚾᛁᚳ,393
signalize,171295,0,ᛋᛁᚷᚾᚪᛚᛁᛋᛖ,451
atomizers,171282,0,ᚪᛏᚩᛗᛁᛋᛖᚱᛋ,449
wiesenthal,171166,0,ᚹᛁᛖᛋᛖᚾᚦᚪᛚ,441
kolkhozes,171123,0,ᚳᚩᛚᚳᚻᚩᛋᛖᛋ,309
untwisted,171120,0,ᚢᚾᛏᚹᛁᛋᛏᛖᛞ,409
alongshore,171090,0,ᚪᛚᚩᛝᛋᚻᚩᚱᛖ,417
sixpences,171012,0,ᛋᛁᛉᛈᛖᚾᚳᛖᛋ,403
birthrates,170913,0,ᛒᛁᚱᚦᚱᚪᛏᛖᛋ,395
kilohertz,170883,0,ᚳᛁᛚᚩᚻᛖᚱᛏᛋ,337
oratories,170701,0,ᚩᚱᚪᛏᚩᚱᛁᛖᛋ,343
cruellest,170641,0,ᚳᚱᚢᛖᛚᛚᛖᛋᛏ,419
woodcocks,170565,0,ᚹᚩᚩᛞᚳᚩᚳᚳᛋ,221
biogenetic,170553,0,ᛒᛡᚷᛖᚾᛖᛏᛁᚳ,451
milkshake,170534,0,ᛗᛁᛚᚳᛋᚻᚪᚳᛖ,441
abstainer,170355,0,ᚪᛒᛋᛏᚪᛁᚾᛖᚱ,505
crossbill,170352,0,ᚳᚱᚩᛋᛋᛒᛁᛚᛚ,375
streamlets,170319,0,ᛋᛏᚱᛠᛗᛚᛖᛏᛋ,555
astrachan,170315,0,ᚪᛋᛏᚱᚪᚳᚻᚪᚾ,479
paradises,170268,0,ᛈᚪᚱᚪᛞᛁᛋᛖᛋ,541
reappraise,170226,0,ᚱᛠᛈᛈᚱᚪᛁᛋᛖ,465
rotundity,170173,0,ᚱᚩᛏᚢᚾᛞᛁᛏᚣ,391
infantine,170099,0,ᛁᚾᚠᚪᚾᛏᛁᚾᛖ,374
schoolman,170070,0,ᛋᚳᚻᚩᚩᛚᛗᚪᚾ,373
quasimodo,170024,0,ᚳᚹᚪᛋᛁᛗᚩᛞᚩ,387
automaker,169985,0,ᚪᚢᛏᚩᛗᚪᚳᛖᚱ,425
dissector,169896,0,ᛞᛁᛋᛋᛖᚳᛏᚩᚱ,383
sententiae,169831,0,ᛋᛖᚾᛏᛖᚾᛏᛡᛖ,537
potestate,169737,0,ᛈᚩᛏᛖᛋᛏᚪᛏᛖ,511
sensually,169717,0,ᛋᛖᚾᛋᚢᚪᛚᛚᚣ,551
persuader,169712,0,ᛈᛖᚱᛋᚢᚪᛞᛖᚱ,441
nomothetic,169577,0,ᚾᚩᛗᚩᚦᛖᛏᛁᚳ,289
cantabile,169462,0,ᚳᚪᚾᛏᚪᛒᛁᛚᛖ,527
navigates,169414,0,ᚾᚪᚢᛁᚷᚪᛏᛖᛋ,453
steelyard,169314,0,ᛋᛏᛖᛖᛚᚣᚪᚱᛞ,619
stoplight,169291,0,ᛋᛏᚩᛈᛚᛁᚷᚻᛏ,365
blandness,169264,0,ᛒᛚᚪᚾᛞᚾᛖᛋᛋ,551
envenomed,169250,0,ᛖᚾᚢᛖᚾᚩᛗᛖᛞ,429
profiteer,169073,0,ᛈᚱᚩᚠᛁᛏᛖᛖᚱ,298
nonimmune,169040,0,ᚾᚩᚾᛁᛗᛗᚢᚾᛖ,337
displeases,169029,0,ᛞᛁᛋᛈᛚᛠᛋᛖᛋ,571
xeroderma,168927,0,ᛉᛖᚱᚩᛞᛖᚱᛗᚪ,467
glimmerings,168900,0,ᚷᛚᛁᛗᛗᛖᚱᛝᛋ,473
appendant,168827,0,ᚪᛈᛈᛖᚾᛞᚪᚾᛏ,553
jocularly,168788,0,ᛂᚩᚳᚢᛚᚪᚱᛚᚣ,417
tyrannize,168610,0,ᛏᚣᚱᚪᚾᚾᛁᛋᛖ,479
woodcarving,168553,0,ᚹᚩᚩᛞᚳᚪᚱᚢᛝ,325
aneurisms,168497,0,ᚪᚾᛖᚢᚱᛁᛋᛗᛋ,415
oncologic,168476,0,ᚩᚾᚳᚩᛚᚩᚷᛁᚳ,197
veritably,168456,0,ᚢᛖᚱᛁᛏᚪᛒᛚᚣ,505
aconitine,168410,0,ᚪᚳᚩᚾᛁᛏᛁᚾᛖ,363
pizzicato,168356,0,ᛈᛁᛋᛋᛁᚳᚪᛏᚩ,387
outstation,168354,0,ᚩᚢᛏᛋᛏᚪᛏᛡᚾ,473
saddlebag,168340,0,ᛋᚪᛞᛞᛚᛖᛒᚪᚷ,643
habituate,168332,0,ᚻᚪᛒᛁᛏᚢᚪᛏᛖ,497
dipterous,168260,0,ᛞᛁᛈᛏᛖᚱᚩᚢᛋ,363
cartwheel,167874,0,ᚳᚪᚱᛏᚹᚻᛖᛖᛚ,429
moralized,167851,0,ᛗᚩᚱᚪᛚᛁᛋᛖᛞ,499
calumnious,167849,0,ᚳᚪᛚᚢᛗᚾᛡᚢᛋ,449
timberman,167846,0,ᛏᛁᛗᛒᛖᚱᛗᚪᚾ,497
reactivating,167777,0,ᚱᛠᚳᛏᛁᚢᚪᛏᛝ,461
obscenely,167775,0,ᚩᛒᛋᚳᛖᚾᛖᛚᚣ,473
unlocated,167690,0,ᚢᚾᛚᚩᚳᚪᛏᛖᛞ,437
refulgent,167646,0,ᚱᛖᚠᚢᛚᚷᛖᚾᛏ,328
staleness,167591,0,ᛋᛏᚪᛚᛖᚾᛖᛋᛋ,551
gondolier,167580,0,ᚷᚩᚾᛞᚩᛚᛁᛖᚱ,331
screeches,167534,0,ᛋᚳᚱᛖᛖᚳᚻᛖᛋ,367
lyrically,167500,0,ᛚᚣᚱᛁᚳᚪᛚᛚᚣ,577
unlovable,167462,0,ᚢᚾᛚᚩᚢᚪᛒᛚᛖ,413
microsome,167402,0,ᛗᛁᚳᚱᚩᛋᚩᛗᛖ,331
instanter,167285,0,ᛁᚾᛋᛏᚪᚾᛏᛖᚱ,435
fabricant,167282,0,ᚠᚪᛒᚱᛁᚳᚪᚾᛏ,400
shortcake,167195,0,ᛋᚻᚩᚱᛏᚳᚪᚳᛖ,343
franconian,167133,0,ᚠᚱᚪᚾᚳᚩᚾᛡᚾ,324
visualising,167088,0,ᚢᛁᛋᚢᚪᛚᛁᛋᛝ,423
musicales,166975,0,ᛗᚢᛋᛁᚳᚪᛚᛖᛋ,461
aliveness,166971,0,ᚪᛚᛁᚢᛖᚾᛖᛋᛋ,473
anglicised,166963,0,ᚪᛝᛚᛁᚳᛁᛋᛖᛞ,533
asphyxiating,166925,0,ᚪᛋᛈᚻᚣᛉᛡᛏᛝ,611
sailplane,166920,0,ᛋᚪᛁᛚᛈᛚᚪᚾᛖ,563
friability,166872,0,ᚠᚱᛡᛒᛁᛚᛁᛏᚣ,478
guncotton,166780,0,ᚷᚢᚾᚳᚩᛏᛏᚩᚾ,223
disarmingly,166711,0,ᛞᛁᛋᚪᚱᛗᛝᛚᚣ,607
trifoliate,166557,0,ᛏᚱᛁᚠᚩᛚᛡᛏᛖ,416
caerphilly,166490,0,ᚳᚫᚱᛈᚻᛁᛚᛚᚣ,471
chaucerian,166483,0,ᚳᚻᚪᚢᚳᛖᚱᛡᚾ,363
rearrested,166421,0,ᚱᛠᚱᚱᛖᛋᛏᛖᛞ,477
economising,166417,0,ᛖᚳᚩᚾᚩᛗᛁᛋᛝ,357
striptease,166277,0,ᛋᛏᚱᛁᛈᛏᛠᛋᛖ,485
broadness,166160,0,ᛒᚱᚩᚪᛞᚾᛖᛋᛋ,467
brickbats,166138,0,ᛒᚱᛁᚳᚳᛒᚪᛏᛋ,399
regresses,166117,0,ᚱᛖᚷᚱᛖᛋᛋᛖᛋ,399
politicks,166113,0,ᛈᚩᛚᛁᛏᛁᚳᚳᛋ,323
acanthosis,165794,0,ᚪᚳᚪᚾᚦᚩᛋᛁᛋ,385
paregoric,165703,0,ᛈᚪᚱᛖᚷᚩᚱᛁᚳ,297
monsoonal,165694,0,ᛗᚩᚾᛋᚩᚩᚾᚪᛚ,373
terrarium,165686,0,ᛏᛖᚱᚱᚪᚱᛁᚢᛗ,361
unbranded,165680,0,ᚢᚾᛒᚱᚪᚾᛞᛖᛞ,475
pyridines,165654,0,ᛈᚣᚱᛁᛞᛁᚾᛖᛋ,457
pinchbeck,165584,0,ᛈᛁᚾᚳᚻᛒᛖᚳᚳ,293
obfuscate,165510,0,ᚩᛒᚠᚢᛋᚳᚪᛏᛖ,362
freethinking,165501,0,ᚠᚱᛖᛖᚦᛁᚾᚳᛝ,304
muskmelon,165455,0,ᛗᚢᛋᚳᛗᛖᛚᚩᚾ,387
glyceride,165435,0,ᚷᛚᚣᚳᛖᚱᛁᛞᛖ,471
brewhouse,165378,0,ᛒᚱᛖᚹᚻᚩᚢᛋᛖ,311
liniments,165368,0,ᛚᛁᚾᛁᛗᛖᚾᛏᛋ,443
immersions,165320,0,ᛁᛗᛗᛖᚱᛋᛡᚾᛋ,493
tantalite,165124,0,ᛏᚪᚾᛏᚪᛚᛁᛏᛖ,571
surplices,165078,0,ᛋᚢᚱᛈᛚᛁᚳᛖᛋ,347
austerely,165060,0,ᚪᚢᛋᛏᛖᚱᛖᛚᚣ,533
coattails,165012,0,ᚳᚩᚪᛏᛏᚪᛁᛚᛋ,489
melilotus,164838,0,ᛗᛖᛚᛁᛚᚩᛏᚢᛋ,437
visuality,164805,0,ᚢᛁᛋᚢᚪᛚᛁᛏᚣ,453
apportions,164784,0,ᚪᛈᛈᚩᚱᛏᛡᚾᛋ,449
trainload,164779,0,ᛏᚱᚪᛁᚾᛚᚩᚪᛞ,493
inductees,164767,0,ᛁᚾᛞᚢᚳᛏᛖᛖᛋ,411
hydroxyls,164743,0,ᚻᚣᛞᚱᚩᛉᚣᛚᛋ,509
martingales,164702,0,ᛗᚪᚱᛏᛝᚪᛚᛖᛋ,607
hemothorax,164698,0,ᚻᛖᛗᚩᚦᚩᚱᚪᛉ,335
religieux,164429,0,ᚱᛖᛚᛁᚷᛁᛖᚢᛉ,347
predacious,164396,0,ᛈᚱᛖᛞᚪᚳᛡᚢᛋ,483
twentieths,164300,0,ᛏᚹᛖᚾᛏᛁᛖᚦᛋ,389
tailstock,164104,0,ᛏᚪᛁᛚᛋᛏᚩᚳᚳ,405
chaffinch,164087,0,ᚳᚻᚪᚠᚠᛁᚾᚳᚻ,233
litigator,164020,0,ᛚᛁᛏᛁᚷᚪᛏᚩᚱ,385
affixation,163904,0,ᚪᚠᚠᛁᛉᚪᛏᛡᚾ,471
undutiful,163817,0,ᚢᚾᛞᚢᛏᛁᚠᚢᛚ,292
crimsoned,163610,0,ᚳᚱᛁᛗᛋᚩᚾᛖᛞ,371
promenading,163583,0,ᛈᚱᚩᛗᛖᚾᚪᛞᛝ,493
immunogen,163400,0,ᛁᛗᛗᚢᚾᚩᚷᛖᚾ,325
winepress,163283,0,ᚹᛁᚾᛖᛈᚱᛖᛋᛋ,373
acclivity,163281,0,ᚪᚳᚳᛚᛁᚢᛁᛏᚣ,423
shoshones,163224,0,ᛋᚻᚩᛋᚻᚩᚾᛖᛋ,315
deactivating,163212,0,ᛞᛠᚳᛏᛁᚢᚪᛏᛝ,539
epicyclic,163113,0,ᛖᛈᛁᚳᚣᚳᛚᛁᚳ,387
churchgoing,162828,0,ᚳᚻᚢᚱᚳᚻᚷᚩᛝ,189
overwriting,162700,0,ᚩᚢᛖᚱᚹᚱᛁᛏᛝ,287
supinator,162678,0,ᛋᚢᛈᛁᚾᚪᛏᚩᚱ,333
newsrooms,162537,0,ᚾᛖᚹᛋᚱᚩᚩᛗᛋ,317
alveolitis,162519,0,ᚪᛚᚢᛇᛚᛁᛏᛁᛋ,461
slenderer,162466,0,ᛋᛚᛖᚾᛞᛖᚱᛖᚱ,467
millibars,162462,0,ᛗᛁᛚᛚᛁᛒᚪᚱᛋ,501
cornflour,162291,0,ᚳᚩᚱᚾᚠᛚᚩᚢᚱ,156
hypanthium,162209,0,ᚻᚣᛈᚪᚾᚦᛁᚢᛗ,405
banquette,162139,0,ᛒᚪᚾᚳᚹᛖᛏᛏᛖ,471
megaspore,162119,0,ᛗᛖᚷᚪᛋᛈᚩᚱᛖ,433
granulose,161969,0,ᚷᚱᚪᚾᚢᛚᚩᛋᛖ,357
monocline,161872,0,ᛗᚩᚾᚩᚳᛚᛁᚾᛖ,327
gabardine,161839,0,ᚷᚪᛒᚪᚱᛞᛁᚾᛖ,499
tailpiece,161748,0,ᛏᚪᛁᛚᛈᛁᛖᚳᛖ,481
atomicity,161742,0,ᚪᛏᚩᛗᛁᚳᛁᛏᚣ,471
hyperemic,161734,0,ᚻᚣᛈᛖᚱᛖᛗᛁᚳ,429
tablature,161729,0,ᛏᚪᛒᛚᚪᛏᚢᚱᛖ,527
dendroica,161718,0,ᛞᛖᚾᛞᚱᚩᛁᚳᚪ,433
daylights,161699,0,ᛞᚪᚣᛚᛁᚷᚻᛏᛋ,545
supercede,161635,0,ᛋᚢᛈᛖᚱᚳᛖᛞᛖ,413
amnesties,161564,0,ᚪᛗᚾᛖᛋᛏᛁᛖᛋ,527
dissention,161532,0,ᛞᛁᛋᛋᛖᚾᛏᛡᚾ,517
decussate,161524,0,ᛞᛖᚳᚢᛋᛋᚪᛏᛖ,501
digestions,161202,0,ᛞᛁᚷᛖᛋᛏᛡᚾᛋ,505
papillate,161141,0,ᛈᚪᛈᛁᛚᛚᚪᛏᛖ,583
lampooned,161063,0,ᛚᚪᛗᛈᚩᚩᚾᛖᛞ,483
flagitious,160990,0,ᚠᛚᚪᚷᛁᛏᛡᚢᛋ,442
tenuously,160958,0,ᛏᛖᚾᚢᚩᚢᛋᛚᚣ,397
ostensive,160915,0,ᚩᛋᛏᛖᚾᛋᛁᚢᛖ,369
pyelogram,160798,0,ᛈᚣᛖᛚᚩᚷᚱᚪᛗ,489
downgrades,160675,0,ᛞᚩᚹᛝᚱᚪᛞᛖᛋ,511
castigating,160638,0,ᚳᚪᛋᛏᛁᚷᚪᛏᛝ,505
carnality,160543,0,ᚳᚪᚱᚾᚪᛚᛁᛏᚣ,513
packagers,160542,0,ᛈᚪᚳᚳᚪᚷᛖᚱᛋ,411
locksmiths,160502,0,ᛚᚩᚳᚳᛋᛗᛁᚦᛋ,319
unwounded,160437,0,ᚢᚾᚹᚩᚢᚾᛞᛖᛞ,335
blowholes,160370,0,ᛒᛚᚩᚹᚻᚩᛚᛖᛋ,383
swampland,160332,0,ᛋᚹᚪᛗᛈᛚᚪᚾᛞ,571
pyrogenic,160326,0,ᛈᚣᚱᚩᚷᛖᚾᛁᚳ,321
febrifuge,160147,0,ᚠᛖᛒᚱᛁᚠᚢᚷᛖ,261
pituitrin,160065,0,ᛈᛁᛏᚢᛁᛏᚱᛁᚾ,297
blinkered,159974,0,ᛒᛚᛁᚾᚳᛖᚱᛖᛞ,441
charwomen,159361,0,ᚳᚻᚪᚱᚹᚩᛗᛖᚾ,337
daintiest,159292,0,ᛞᚪᛁᚾᛏᛁᛖᛋᛏ,515
trachytic,159099,0,ᛏᚱᚪᚳᚻᚣᛏᛁᚳ,409
underdogs,158989,0,ᚢᚾᛞᛖᚱᛞᚩᚷᛋ,365
enkindled,158932,0,ᛖᚾᚳᛁᚾᛞᛚᛖᛞ,487
profanely,158895,0,ᛈᚱᚩᚠᚪᚾᛖᛚᚣ,432
perjuries,158811,0,ᛈᛖᚱᛂᚢᚱᛁᛖᛋ,323
mesocolon,158770,0,ᛗᛖᛋᚩᚳᚩᛚᚩᚾ,327
shovelful,158734,0,ᛋᚻᚩᚢᛖᛚᚠᚢᛚ,304
flatworms,158698,0,ᚠᛚᚪᛏᚹᚩᚱᛗᛋ,392
luciferin,158678,0,ᛚᚢᚳᛁᚠᛖᚱᛁᚾ,260
unpledged,158626,0,ᚢᚾᛈᛚᛖᛞᚷᛖᛞ,477
ineptness,158591,0,ᛁᚾᛖᛈᛏᚾᛖᛋᛋ,431
congelation,158490,0,ᚳᚩᛝᛖᛚᚪᛏᛡᚾ,531
avuncular,158471,0,ᚪᚢᚢᚾᚳᚢᛚᚪᚱ,329
meteoroids,158462,0,ᛗᛖᛏᛇᚱᚩᛁᛞᛋ,429
flowerpot,158453,0,ᚠᛚᚩᚹᛖᚱᛈᚩᛏ,288
lightsome,158442,0,ᛚᛁᚷᚻᛏᛋᚩᛗᛖ,401
catalonian,158287,0,ᚳᚪᛏᚪᛚᚩᚾᛡᚾ,511
moviegoers,158225,0,ᛗᚩᚢᛁᛖᚷᛟᚱᛋ,343
underfeed,158218,0,ᚢᚾᛞᛖᚱᚠᛖᛖᛞ,424
osteolysis,158153,0,ᚩᛋᛏᛇᛚᚣᛋᛁᛋ,473
broomcorn,158117,0,ᛒᚱᚩᚩᛗᚳᚩᚱᚾ,217
stilettos,157848,0,ᛋᛏᛁᛚᛖᛏᛏᚩᛋ,461
arrhythmic,157754,0,ᚪᚱᚱᚻᚣᚦᛗᛁᚳ,365
calenders,157750,0,ᚳᚪᛚᛖᚾᛞᛖᚱᛋ,499
hobgoblin,157729,0,ᚻᚩᛒᚷᚩᛒᛚᛁᚾ,309
pedophile,157709,0,ᛈᛖᛞᚩᛈᚻᛁᛚᛖ,443
reconvening,157622,0,ᚱᛖᚳᚩᚾᚢᛖᚾᛝ,305
cookhouse,157612,0,ᚳᚩᚩᚳᚻᚩᚢᛋᛖ,193
supergiant,157517,0,ᛋᚢᛈᛖᚱᚷᛡᚾᛏ,389
gamesters,157511,0,ᚷᚪᛗᛖᛋᛏᛖᚱᛋ,495
galvanising,157452,0,ᚷᚪᛚᚢᚪᚾᛁᛋᛝ,479
effulgent,157445,0,ᛖᚠᚠᚢᛚᚷᛖᚾᛏ,319
arsenates,157407,0,ᚪᚱᛋᛖᚾᚪᛏᛖᛋ,533
alehouses,157406,0,ᚪᛚᛖᚻᚩᚢᛋᛖᛋ,443
parterres,157402,0,ᛈᚪᚱᛏᛖᚱᚱᛖᛋ,419
triennium,157288,0,ᛏᚱᛁᛖᚾᚾᛁᚢᛗ,331
spencerian,157262,0,ᛋᛈᛖᚾᚳᛖᚱᛡᚾ,419
stoutness,157250,0,ᛋᛏᚩᚢᛏᚾᛖᛋᛋ,383
cherubims,157172,0,ᚳᚻᛖᚱᚢᛒᛁᛗᛋ,333
reanimated,157168,0,ᚱᛠᚾᛁᛗᚪᛏᛖᛞ,563
leucopenia,157164,0,ᛚᛖᚢᚳᚩᛈᛖᚾᛡ,409
colonelcy,157160,0,ᚳᚩᛚᚩᚾᛖᛚᚳᚣ,385
lipsticks,157106,0,ᛚᛁᛈᛋᛏᛁᚳᚳᛋ,369
celestite,157101,0,ᚳᛖᛚᛖᛋᛏᛁᛏᛖ,489
overworking,157040,0,ᚩᚢᛖᚱᚹᚩᚱᚳᛝ,217
solferino,156933,0,ᛋᚩᛚᚠᛖᚱᛁᚾᚩ,280
erogenous,156803,0,ᛖᚱᚩᚷᛖᚾᚩᚢᛋ,261
acclimate,156708,0,ᚪᚳᚳᛚᛁᛗᚪᛏᛖ,521
cloisonne,156689,0,ᚳᛚᚩᛁᛋᚩᚾᚾᛖ,309
bellwether,156614,0,ᛒᛖᛚᛚᚹᛖᚦᛖᚱ,443
dreadlocks,156538,0,ᛞᚱᛠᛞᛚᚩᚳᚳᛋ,457
versifier,156246,0,ᚢᛖᚱᛋᛁᚠᛁᛖᚱ,276
expedites,156223,0,ᛖᛉᛈᛖᛞᛁᛏᛖᛋ,523
deckhouse,156186,0,ᛞᛖᚳᚳᚻᚩᚢᛋᛖ,335
eldership,156032,0,ᛖᛚᛞᛖᚱᛋᚻᛁᛈ,457
threshhold,155994,0,ᚦᚱᛖᛋᚻᚻᚩᛚᛞ,351
companied,155938,0,ᚳᚩᛗᛈᚪᚾᛁᛖᛞ,447
seraphina,155926,0,ᛋᛖᚱᚪᛈᚻᛁᚾᚪ,451
inoculant,155807,0,ᛁᚾᚩᚳᚢᛚᚪᚾᛏ,341
latecomer,155797,0,ᛚᚪᛏᛖᚳᚩᛗᛖᚱ,465
masticating,155663,0,ᛗᚪᛋᛏᛁᚳᚪᛏᛝ,559
obbligato,155650,0,ᚩᛒᛒᛚᛁᚷᚪᛏᚩ,413
furnisher,155608,0,ᚠᚢᚱᚾᛁᛋᚻᛖᚱ,230
bernadine,155535,0,ᛒᛖᚱᚾᚪᛞᛁᚾᛖ,481
convertor,155514,0,ᚳᚩᚾᚢᛖᚱᛏᚩᚱ,207
smoldered,155393,0,ᛋᛗᚩᛚᛞᛖᚱᛖᛞ,527
larcenies,155223,0,ᛚᚪᚱᚳᛖᚾᛁᛖᛋ,441
nonsmoker,155214,0,ᚾᚩᚾᛋᛗᚩᚳᛖᚱ,287
unnotched,155174,0,ᚢᚾᚾᚩᛏᚳᚻᛖᛞ,319
aphanitic,155104,0,ᚪᛈᚻᚪᚾᛁᛏᛁᚳ,423
nescience,155100,0,ᚾᛖᛋᚳᛁᛖᚾᚳᛖ,369
toolmaker,155083,0,ᛏᚩᚩᛚᛗᚪᚳᛖᚱ,405
phonogram,155044,0,ᛈᚻᚩᚾᚩᚷᚱᚪᛗ,305
saxifrage,154956,0,ᛋᚪᛉᛁᚠᚱᚪᚷᛖ,422
volgograd,154897,0,ᚢᚩᛚᚷᚩᚷᚱᚪᛞ,321
screwball,154825,0,ᛋᚳᚱᛖᚹᛒᚪᛚᛚ,467
predicating,154790,0,ᛈᚱᛖᛞᛁᚳᚪᛏᛝ,489
binucleate,154663,0,ᛒᛁᚾᚢᚳᛚᛠᛏᛖ,445
equiangular,154608,0,ᛖᚳᚹᛡᛝᚢᛚᚪᚱ,469
epilobium,154503,0,ᛖᛈᛁᛚᚩᛒᛁᚢᛗ,387
desecrating,154406,0,ᛞᛖᛋᛖᚳᚱᚪᛏᛝ,535
pachytene,154359,0,ᛈᚪᚳᚻᚣᛏᛖᚾᛖ,501
splintery,154333,0,ᛋᛈᛚᛁᚾᛏᛖᚱᚣ,469
temporize,154176,0,ᛏᛖᛗᛈᚩᚱᛁᛋᛖ,409
enchained,154064,0,ᛖᚾᚳᚻᚪᛁᚾᛖᛞ,445
heatstroke,153978,0,ᚻᛠᛏᛋᛏᚱᚩᚳᛖ,401
strikeouts,153632,0,ᛋᛏᚱᛁᚳᛇᚢᛏᛋ,323
tripitaka,153503,0,ᛏᚱᛁᛈᛁᛏᚪᚳᚪ,441
shortlist,153481,0,ᛋᚻᚩᚱᛏᛚᛁᛋᛏ,369
ascetical,153464,0,ᚪᛋᚳᛖᛏᛁᚳᚪᛚ,503
novocaine,153226,0,ᚾᚩᚢᚩᚳᚪᛁᚾᛖ,283
possibles,153179,0,ᛈᚩᛋᛋᛁᛒᛚᛖᛋ,441
hailstone,153126,0,ᚻᚪᛁᛚᛋᛏᚩᚾᛖ,439
interlining,153124,0,ᛁᚾᛏᛖᚱᛚᛁᚾᛝ,409
modellers,153081,0,ᛗᚩᛞᛖᛚᛚᛖᚱᛋ,511
simplices,153014,0,ᛋᛁᛗᛈᛚᛁᚳᛖᛋ,435
archegonia,152996,0,ᚪᚱᚳᚻᛖᚷᚩᚾᛡ,371
lightwood,152974,0,ᛚᛁᚷᚻᛏᚹᚩᚩᛞ,325
annapurna,152920,0,ᚪᚾᚾᚪᛈᚢᚱᚾᚪ,435
screeners,152899,0,ᛋᚳᚱᛖᛖᚾᛖᚱᛋ,371
mesoblast,152875,0,ᛗᛖᛋᚩᛒᛚᚪᛋᛏ,541
bluetongue,152748,0,ᛒᛚᚢᛖᛏᚩᛝᚢᛖ,419
trenchers,152509,0,ᛏᚱᛖᚾᚳᚻᛖᚱᛋ,333
octopuses,152386,0,ᚩᚳᛏᚩᛈᚢᛋᛖᛋ,305
accustoming,152379,0,ᚪᚳᚳᚢᛋᛏᚩᛗᛝ,395
snatchers,152330,0,ᛋᚾᚪᛏᚳᚻᛖᚱᛋ,405
nosebleed,152268,0,ᚾᚩᛋᛖᛒᛚᛖᛖᛞ,513
wrongheaded,152213,0,ᚹᚱᚩᛝᚻᛠᛞᛖᛞ,493
garnishes,152174,0,ᚷᚪᚱᚾᛁᛋᚻᛖᛋ,381
porterage,152048,0,ᛈᚩᚱᛏᛖᚱᚪᚷᛖ,379
melpomene,151930,0,ᛗᛖᛚᛈᚩᛗᛖᚾᛖ,495
preceeded,151886,0,ᛈᚱᛖᚳᛖᛖᛞᛖᛞ,513
sniggered,151677,0,ᛋᚾᛁᚷᚷᛖᚱᛖᛞ,381
victimize,151672,0,ᚢᛁᚳᛏᛁᛗᛁᛋᛖ,359
decrypted,151615,1,ᛞᛖᚳᚱᚣᛈᛏᛖᛞ,541
perplexes,151590,0,ᛈᛖᚱᛈᛚᛖᛉᛖᛋ,471
laborsaving,151551,0,ᛚᚪᛒᚩᚱᛋᚪᚢᛝ,481
anorectic,151487,0,ᚪᚾᚩᚱᛖᚳᛏᛁᚳ,327
spiralled,151475,0,ᛋᛈᛁᚱᚪᛚᛚᛖᛞ,537
aficionado,151437,0,ᚪᚠᛁᚳᛡᚾᚪᛞᚩ,472
inherence,151419,0,ᛁᚾᚻᛖᚱᛖᚾᚳᛖ,337
walkabout,151413,0,ᚹᚪᛚᚳᚪᛒᚩᚢᛏ,429
strapless,151363,0,ᛋᛏᚱᚪᛈᛚᛖᛋᛋ,509
brutalizing,151349,0,ᛒᚱᚢᛏᚪᛚᛁᛋᛝ,467
thriftless,151316,0,ᚦᚱᛁᚠᛏᛚᛖᛋᛋ,354
unthankful,151274,0,ᚢᚾᚦᚪᚾᚳᚠᚢᛚ,254
wrathfully,151254,0,ᚹᚱᚪᚦᚠᚢᛚᛚᚣ,386
coccoliths,151220,0,ᚳᚩᚳᚳᚩᛚᛁᚦᛋ,215
spikenard,151196,0,ᛋᛈᛁᚳᛖᚾᚪᚱᛞ,433
perfumers,151162,0,ᛈᛖᚱᚠᚢᛗᛖᚱᛋ,328
ultimates,151110,0,ᚢᛚᛏᛁᛗᚪᛏᛖᛋ,513
embosomed,151028,0,ᛖᛗᛒᚩᛋᚩᛗᛖᛞ,493
trivialize,150989,0,ᛏᚱᛁᚢᛡᛚᛁᛋᛖ,435
voussoirs,150971,0,ᚢᚩᚢᛋᛋᚩᛁᚱᛋ,221
camshafts,150873,0,ᚳᚪᛗᛋᚻᚪᚠᛏᛋ,468
melanosis,150593,0,ᛗᛖᛚᚪᚾᚩᛋᛁᛋ,481
quintuple,150387,0,ᚳᚹᛁᚾᛏᚢᛈᛚᛖ,337
serenades,150216,0,ᛋᛖᚱᛖᚾᚪᛞᛖᛋ,533
workmates,150038,0,ᚹᚩᚱᚳᛗᚪᛏᛖᛋ,397
sinuosity,149982,0,ᛋᛁᚾᚢᚩᛋᛁᛏᚣ,369
carbonari,149956,0,ᚳᚪᚱᛒᚩᚾᚪᚱᛁ,357
whiteface,149761,0,ᚹᚻᛁᛏᛖᚠᚪᚳᛖ,378
handwoven,149729,0,ᚻᚪᚾᛞᚹᚩᚢᛖᚾ,363
theodolites,149570,0,ᚦᛇᛞᚩᛚᛁᛏᛖᛋ,425
edelweiss,149570,0,ᛖᛞᛖᛚᚹᛖᛁᛋᛋ,519
emulators,149568,0,ᛖᛗᚢᛚᚪᛏᚩᚱᛋ,441
contriver,149395,0,ᚳᚩᚾᛏᚱᛁᚢᛖᚱ,231
cellulite,149373,0,ᚳᛖᛚᛚᚢᛚᛁᛏᛖ,459
presbyopia,149181,0,ᛈᚱᛖᛋᛒᚣᚩᛈᛡ,495
pterygium,149168,0,ᛈᛏᛖᚱᚣᚷᛁᚢᛗ,405
stowaways,149069,0,ᛋᛏᚩᚹᚪᚹᚪᚣᛋ,507
humidifying,149034,0,ᚻᚢᛗᛁᛞᛁᚠᚣᛝ,432
catholicos,148859,0,ᚳᚪᚦᚩᛚᛁᚳᚩᛋ,299
septennial,148845,0,ᛋᛖᛈᛏᛖᚾᚾᛡᛚ,527
wampanoag,148821,0,ᚹᚪᛗᛈᚪᚾᚩᚪᚷ,477
conferral,148796,0,ᚳᚩᚾᚠᛖᚱᚱᚪᛚ,310
physicals,148754,0,ᛈᚻᚣᛋᛁᚳᚪᛚᛋ,489
irruptions,148691,0,ᛁᚱᚱᚢᛈᛏᛡᚾᛋ,347
shiploads,148682,0,ᛋᚻᛁᛈᛚᚩᚪᛞᛋ,469
stopovers,148589,0,ᛋᛏᚩᛈᚩᚢᛖᚱᛋ,303
humourist,148567,0,ᚻᚢᛗᚩᚢᚱᛁᛋᛏ,261
exerciser,148508,0,ᛖᛉᛖᚱᚳᛁᛋᛖᚱ,367
ovenproof,148482,0,ᚩᚢᛖᚾᛈᚱᚩᚩᚠ,176
bestirred,148442,0,ᛒᛖᛋᛏᛁᚱᚱᛖᛞ,449
serenaded,148357,0,ᛋᛖᚱᛖᚾᚪᛞᛖᛞ,569
outriders,148281,0,ᚩᚢᛏᚱᛁᛞᛖᚱᛋ,331
sodomites,148181,0,ᛋᚩᛞᚩᛗᛁᛏᛖᛋ,437
macaroons,148141,0,ᛗᚪᚳᚪᚱᚩᚩᚾᛋ,385
canonised,148134,0,ᚳᚪᚾᚩᚾᛁᛋᛖᛞ,415
laterites,148092,0,ᛚᚪᛏᛖᚱᛁᛏᛖᛋ,517
scatterings,147996,0,ᛋᚳᚪᛏᛏᛖᚱᛝᛋ,491
sleepover,147965,0,ᛋᛚᛖᛖᛈᚩᚢᛖᚱ,391
innuendos,147868,0,ᛁᚾᚾᚢᛖᚾᛞᚩᛋ,337
unshipped,147830,0,ᚢᚾᛋᚻᛁᛈᛈᛖᛞ,381
magnifico,147728,0,ᛗᚪᚷᚾᛁᚠᛁᚳᚩ,298
gloomiest,147720,0,ᚷᛚᚩᚩᛗᛁᛖᛋᛏ,385
bludgeoned,147707,0,ᛒᛚᚢᛞᚷᛇᚾᛖᛞ,469
curvaceous,147678,0,ᚳᚢᚱᚢᚪᚳᛇᚢᛋ,237
cassowary,147638,0,ᚳᚪᛋᛋᚩᚹᚪᚱᚣ,453
recusancy,147611,0,ᚱᛖᚳᚢᛋᚪᚾᚳᚣ,389
quietened,147597,0,ᚳᚹᛁᛖᛏᛖᚾᛖᛞ,441
keystones,147567,0,ᚳᛖᚣᛋᛏᚩᚾᛖᛋ,451
drainpipe,147523,0,ᛞᚱᚪᛁᚾᛈᛁᛈᛖ,441
stagnates,147510,0,ᛋᛏᚪᚷᚾᚪᛏᛖᛋ,531
charivari,147384,0,ᚳᚻᚪᚱᛁᚢᚪᚱᛁ,317
matchlock,147240,0,ᛗᚪᛏᚳᚻᛚᚩᚳᚳ,369
kuibyshev,147200,0,ᚳᚢᛁᛒᚣᛋᚻᛖᚢ,357
roundworm,147165,0,ᚱᚩᚢᚾᛞᚹᚩᚱᛗ,247
whaleboat,147161,0,ᚹᚻᚪᛚᛖᛒᚩᚪᛏ,503
calculous,146985,0,ᚳᚪᛚᚳᚢᛚᚩᚢᛋ,335
sorceries,146874,0,ᛋᚩᚱᚳᛖᚱᛁᛖᛋ,313
giraudoux,146729,0,ᚷᛁᚱᚪᚢᛞᚩᚢᛉ,305
compleated,146676,0,ᚳᚩᛗᛈᛚᛠᛏᛖᛞ,531
garrisoning,146548,0,ᚷᚪᚱᚱᛁᛋᚩᚾᛝ,335
calatrava,146236,0,ᚳᚪᛚᚪᛏᚱᚪᚢᚪ,547
falconers,146084,0,ᚠᚪᛚᚳᚩᚾᛖᚱᛋ,352
godmothers,146083,0,ᚷᚩᛞᛗᚩᚦᛖᚱᛋ,327
dispraise,146056,0,ᛞᛁᛋᛈᚱᚪᛁᛋᛖ,475
stratifying,146047,0,ᛋᛏᚱᚪᛏᛁᚠᚣᛝ,494
bourgeoise,145916,0,ᛒᚩᚢᚱᚷᛇᛁᛋᛖ,291
bromoform,145912,0,ᛒᚱᚩᛗᚩᚠᚩᚱᛗ,248
yaroslavl,145755,0,ᚣᚪᚱᚩᛋᛚᚪᚢᛚ,517
unapplied,145681,0,ᚢᚾᚪᛈᛈᛚᛁᛖᛞ,475
lollipops,145664,0,ᛚᚩᛚᛚᛁᛈᚩᛈᛋ,403
doubloons,145504,0,ᛞᚩᚢᛒᛚᚩᚩᚾᛋ,329
klystrons,145455,0,ᚳᛚᚣᛋᛏᚱᚩᚾᛋ,401
immodesty,145383,0,ᛁᛗᛗᚩᛞᛖᛋᛏᚣ,551
corymbose,145281,0,ᚳᚩᚱᚣᛗᛒᚩᛋᛖ,393
postmarks,145205,0,ᛈᚩᛋᛏᛗᚪᚱᚳᛋ,407
cutthroats,145171,0,ᚳᚢᛏᚦᚱᚩᚪᛏᛋ,307
ligatured,145111,0,ᛚᛁᚷᚪᛏᚢᚱᛖᛞ,447
spermatid,145070,0,ᛋᛈᛖᚱᛗᚪᛏᛁᛞ,521
onondagas,145054,0,ᚩᚾᚩᚾᛞᚪᚷᚪᛋ,425
espagnole,145030,0,ᛖᛋᛈᚪᚷᚾᚩᛚᛖ,453
diffracting,145011,0,ᛞᛁᚠᚠᚱᚪᚳᛏᛝ,383
cystocele,144980,0,ᚳᚣᛋᛏᚩᚳᛖᛚᛖ,455
nebraskan,144933,0,ᚾᛖᛒᚱᚪᛋᚳᚪᚾ,457
sanitaire,144921,0,ᛋᚪᚾᛁᛏᚪᛁᚱᛖ,475
backfield,144891,0,ᛒᚪᚳᚳᚠᛁᛖᛚᛞ,446
sketchily,144886,0,ᛋᚳᛖᛏᚳᚻᛁᛚᚣ,435
barrancas,144816,0,ᛒᚪᚱᚱᚪᚾᚳᚪᛋ,469
guidepost,144780,0,ᚷᚢᛁᛞᛖᛈᚩᛋᛏ,369
termagant,144771,0,ᛏᛖᚱᛗᚪᚷᚪᚾᛏ,507
powerboat,144705,0,ᛈᚩᚹᛖᚱᛒᚩᚪᛏ,371
peregrina,144680,0,ᛈᛖᚱᛖᚷᚱᛁᚾᚪ,373
lampshade,144643,0,ᛚᚪᛗᛈᛋᚻᚪᛞᛖ,613
townscape,144630,0,ᛏᚩᚹᚾᛋᚳᚪᛈᛖ,387
shortenings,144558,0,ᛋᚻᚩᚱᛏᛖᚾᛝᛋ,381
pinpricks,144496,0,ᛈᛁᚾᛈᚱᛁᚳᚳᛋ,267
melioration,144490,0,ᛗᛖᛚᛡᚱᚪᛏᛡᚾ,621
betrayers,144424,0,ᛒᛖᛏᚱᚪᚣᛖᚱᛋ,529
umbrageous,144416,0,ᚢᛗᛒᚱᚪᚷᛇᚢᛋ,357
letterbox,144358,0,ᛚᛖᛏᛏᛖᚱᛒᚩᛉ,451
similiter,144324,0,ᛋᛁᛗᛁᛚᛁᛏᛖᚱ,427
emersonian,144273,0,ᛖᛗᛖᚱᛋᚩᚾᛡᚾ,441
whitecaps,144199,0,ᚹᚻᛁᛏᛖᚳᚪᛈᛋ,405
demulcent,144181,0,ᛞᛖᛗᚢᛚᚳᛖᚾᛏ,471
unbalancing,144145,0,ᚢᚾᛒᚪᛚᚪᚾᚳᛝ,481
deodorized,144135,0,ᛞᛇᛞᚩᚱᛁᛋᛖᛞ,477
sailmaker,144112,0,ᛋᚪᛁᛚᛗᚪᚳᛖᚱ,513
minoxidil,144092,0,ᛗᛁᚾᚩᛉᛁᛞᛁᛚ,409
conjurers,144068,0,ᚳᚩᚾᛂᚢᚱᛖᚱᛋ,231
triumvirs,144036,0,ᛏᚱᛁᚢᛗᚢᛁᚱᛋ,273
interesse,144030,0,ᛁᚾᛏᛖᚱᛖᛋᛋᛖ,437
imposters,143975,0,ᛁᛗᛈᚩᛋᛏᛖᚱᛋ,395
dissolver,143891,0,ᛞᛁᛋᛋᚩᛚᚢᛖᚱ,387
hairbreadth,143877,0,ᚻᚪᛁᚱᛒᚱᛠᛞᚦ,437
importuning,143781,0,ᛁᛗᛈᚩᚱᛏᚢᚾᛝ,333
epistasis,143728,0,ᛖᛈᛁᛋᛏᚪᛋᛁᛋ,487
temporals,143667,0,ᛏᛖᛗᛈᚩᚱᚪᛚᛋ,481
gasholder,143590,0,ᚷᚪᛋᚻᚩᛚᛞᛖᚱ,437
prefiguring,143506,0,ᛈᚱᛖᚠᛁᚷᚢᚱᛝ,264
oklahoman,143429,0,ᚩᚳᛚᚪᚻᚩᛗᚪᚾ,417
interlink,143312,0,ᛁᚾᛏᛖᚱᛚᛁᚾᚳ,343
mindfully,143250,0,ᛗᛁᚾᛞᚠᚢᛚᛚᚣ,474
nodulated,143239,0,ᚾᚩᛞᚢᛚᚪᛏᛖᛞ,513
noncombat,143214,0,ᚾᚩᚾᚳᚩᛗᛒᚪᛏ,373
tabulator,143110,0,ᛏᚪᛒᚢᛚᚪᛏᚩᚱ,467
centaurus,143066,0,ᚳᛖᚾᛏᚪᚢᚱᚢᛋ,335
praetorium,143010,0,ᛈᚱᚫᛏᚩᚱᛁᚢᛗ,337
displacer,142995,0,ᛞᛁᛋᛈᛚᚪᚳᛖᚱ,477
bipinnate,142914,0,ᛒᛁᛈᛁᚾᚾᚪᛏᛖ,447
downplays,142870,0,ᛞᚩᚹᚾᛈᛚᚪᚣᛋ,513
wellingtons,142798,0,ᚹᛖᛚᛚᛝᛏᚩᚾᛋ,459
exorcists,142756,0,ᛖᛉᚩᚱᚳᛁᛋᛏᛋ,341
shintoism,142713,0,ᛋᚻᛁᚾᛏᚩᛁᛋᛗ,357
pillboxes,142569,0,ᛈᛁᛚᛚᛒᚩᛉᛖᛋ,455
precisions,142400,0,ᛈᚱᛖᚳᛁᛋᛡᚾᛋ,407
touchwood,142132,0,ᛏᚩᚢᚳᚻᚹᚩᚩᛞ,227
neediness,142109,0,ᚾᛖᛖᛞᛁᚾᛖᛋᛋ,485
swimsuits,141987,0,ᛋᚹᛁᛗᛋᚢᛁᛏᛋ,373
dishonoring,141987,0,ᛞᛁᛋᚻᚩᚾᚩᚱᛝ,329
temiskaming,141790,0,ᛏᛖᛗᛁᛋᚳᚪᛗᛝ,541
backfires,141766,0,ᛒᚪᚳᚳᚠᛁᚱᛖᛋ,348
arsonists,141725,0,ᚪᚱᛋᚩᚾᛁᛋᛏᛋ,393
tunicates,141612,0,ᛏᚢᚾᛁᚳᚪᛏᛖᛋ,411
desiccating,141607,0,ᛞᛖᛋᛁᚳᚳᚪᛏᛝ,501
redivivus,141408,0,ᚱᛖᛞᛁᚢᛁᚢᚢᛋ,291
cuspidate,141400,0,ᚳᚢᛋᛈᛁᛞᚪᛏᛖ,455
crematoria,141317,0,ᚳᚱᛖᛗᚪᛏᚩᚱᛡ,443
garfunkel,141307,0,ᚷᚪᚱᚠᚢᚾᚳᛖᛚ,312
relatable,141305,0,ᚱᛖᛚᚪᛏᚪᛒᛚᛖ,605
kilobytes,141252,0,ᚳᛁᛚᚩᛒᚣᛏᛖᛋ,467
ruinously,141098,0,ᚱᚢᛁᚾᚩᚢᛋᛚᚣ,313
megacycle,141066,0,ᛗᛖᚷᚪᚳᚣᚳᛚᛖ,521
catechising,141064,0,ᚳᚪᛏᛖᚳᚻᛁᛋᛝ,435
prentices,140947,0,ᛈᚱᛖᚾᛏᛁᚳᛖᛋ,373
perilymph,140935,0,ᛈᛖᚱᛁᛚᚣᛗᛈᚻ,465
crotchety,140934,0,ᚳᚱᚩᛏᚳᚻᛖᛏᚣ,355
unhitched,140875,0,ᚢᚾᚻᛁᛏᚳᚻᛖᛞ,337
romancers,140832,0,ᚱᚩᛗᚪᚾᚳᛖᚱᛋ,359
punchbowl,140813,0,ᛈᚢᚾᚳᚻᛒᚩᚹᛚ,271
womanizer,140774,0,ᚹᚩᛗᚪᚾᛁᛋᛖᚱ,385
synesthesia,140771,0,ᛋᚣᚾᛖᛋᚦᛖᛋᛡ,537
acrylates,140614,0,ᚪᚳᚱᚣᛚᚪᛏᛖᛋ,573
intervale,140589,0,ᛁᚾᛏᛖᚱᚢᚪᛚᛖ,437
electress,140559,0,ᛖᛚᛖᚳᛏᚱᛖᛋᛋ,463
limericks,140527,0,ᛚᛁᛗᛖᚱᛁᚳᚳᛋ,363
applauses,140474,0,ᚪᛈᛈᛚᚪᚢᛋᛖᛋ,529
seminarian,140380,0,ᛋᛖᛗᛁᚾᚪᚱᛡᚾ,495
vaginally,140364,0,ᚢᚪᚷᛁᚾᚪᛚᛚᚣ,523
esquiline,140170,0,ᛖᛋᚳᚹᛁᛚᛁᚾᛖ,383
fretfully,140049,0,ᚠᚱᛖᛏᚠᚢᛚᛚᚣ,393
puffiness,140033,0,ᛈᚢᚠᚠᛁᚾᛖᛋᛋ,283
patchouli,139935,0,ᛈᚪᛏᚳᚻᚩᚢᛚᛁ,349
adjuration,139924,0,ᚪᛞᛂᚢᚱᚪᛏᛡᚾ,529
carausius,139878,0,ᚳᚪᚱᚪᚢᛋᛁᚢᛋ,361
unrevoked,139794,0,ᚢᚾᚱᛖᚢᚩᚳᛖᛞ,289
fruitcake,139754,0,ᚠᚱᚢᛁᛏᚳᚪᚳᛖ,296
postillion,139730,0,ᛈᚩᛋᛏᛁᛚᛚᛡᚾ,475
pavarotti,139622,0,ᛈᚪᚢᚪᚱᚩᛏᛏᛁ,407
bootmaker,139565,0,ᛒᚩᚩᛏᛗᚪᚳᛖᚱ,393
conically,139428,0,ᚳᚩᚾᛁᚳᚪᛚᛚᚣ,439
engulfment,139401,0,ᛖᛝᚢᛚᚠᛗᛖᚾᛏ,450
grisaille,139384,0,ᚷᚱᛁᛋᚪᛁᛚᛚᛖ,453
troopship,139346,0,ᛏᚱᚩᚩᛈᛋᚻᛁᛈ,277
snowballing,139267,0,ᛋᚾᚩᚹᛒᚪᛚᛚᛝ,491
asphalted,139253,0,ᚪᛋᛈᚻᚪᛚᛏᛖᛞ,601
accipiter,139241,0,ᚪᚳᚳᛁᛈᛁᛏᛖᚱ,365
bayoneted,139182,0,ᛒᚪᚣᚩᚾᛖᛏᛖᛞ,579
primipara,139133,0,ᛈᚱᛁᛗᛁᛈᚪᚱᚪ,435
cyberpunk,138943,0,ᚳᚣᛒᛖᚱᛈᚢᚾᚳ,343
fleshless,138925,0,ᚠᛚᛖᛋᚻᛚᛖᛋᛋ,464
thumbprint,138882,0,ᚦᚢᛗᛒᛈᚱᛁᚾᛏ,313
privatise,138819,0,ᛈᚱᛁᚢᚪᛏᛁᛋᛖ,395
shoreland,138779,0,ᛋᚻᚩᚱᛖᛚᚪᚾᛞ,449
edibility,138711,0,ᛖᛞᛁᛒᛁᛚᛁᛏᚣ,545
praetorians,138663,0,ᛈᚱᚫᛏᚩᚱᛡᚾᛋ,421
mitchells,138569,0,ᛗᛁᛏᚳᚻᛖᛚᛚᛋ,463
brachyura,138541,0,ᛒᚱᚪᚳᚻᚣᚢᚱᚪ,419
tonometer,138479,0,ᛏᚩᚾᚩᛗᛖᛏᛖᚱ,377
playbills,138364,0,ᛈᛚᚪᚣᛒᛁᛚᛚᛋ,607
lancinating,138325,0,ᛚᚪᚾᚳᛁᚾᚪᛏᛝ,507
kindliest,138321,0,ᚳᛁᚾᛞᛚᛁᛖᛋᛏ,445
fuselages,138302,0,ᚠᚢᛋᛖᛚᚪᚷᛖᛋ,432
dismasted,138250,0,ᛞᛁᛋᛗᚪᛋᛏᛖᛞ,609
nonmotile,138238,0,ᚾᚩᚾᛗᚩᛏᛁᛚᛖ,373
colorists,138189,0,ᚳᚩᛚᚩᚱᛁᛋᛏᛋ,307
unstirred,138083,0,ᚢᚾᛋᛏᛁᚱᚱᛖᛞ,353
checkable,137990,0,ᚳᚻᛖᚳᚳᚪᛒᛚᛖ,427
officiates,137755,0,ᚩᚠᚠᛁᚳᛡᛏᛖᛋ,341
flameless,137750,0,ᚠᛚᚪᛗᛖᛚᛖᛋᛋ,556
marceline,137744,0,ᛗᚪᚱᚳᛖᛚᛁᚾᛖ,459
virtuosic,137663,0,ᚢᛁᚱᛏᚢᚩᛋᛁᚳ,211
sibilants,137663,0,ᛋᛁᛒᛁᛚᚪᚾᛏᛋ,487
orthoceras,137659,0,ᚩᚱᚦᚩᚳᛖᚱᚪᛋ,271
ramillies,137567,0,ᚱᚪᛗᛁᛚᛚᛁᛖᛋ,507
garniture,137541,0,ᚷᚪᚱᚾᛁᛏᚢᚱᛖ,325
backslash,137513,0,ᛒᚪᚳᚳᛋᛚᚪᛋᚻ,483
swastikas,137487,0,ᛋᚹᚪᛋᛏᛁᚳᚪᛋ,475
accordions,137428,0,ᚪᚳᚳᚩᚱᛞᛡᚾᛋ,419
heptarchy,137424,0,ᚻᛖᛈᛏᚪᚱᚳᚻᚣ,439
hydantoin,137417,0,ᚻᚣᛞᚪᚾᛏᚩᛁᚾ,467
mirabelle,137413,0,ᛗᛁᚱᚪᛒᛖᛚᛚᛖ,551
excurrent,137333,0,ᛖᛉᚳᚢᚱᚱᛖᚾᛏ,307
catfishes,137312,0,ᚳᚪᛏᚠᛁᛋᚻᛖᛋ,398
armourers,137272,0,ᚪᚱᛗᚩᚢᚱᛖᚱᛋ,331
maltsters,137269,0,ᛗᚪᛚᛏᛋᛏᛖᚱᛋ,543
alarmists,137226,0,ᚪᛚᚪᚱᛗᛁᛋᛏᛋ,545
trellised,137123,0,ᛏᚱᛖᛚᛚᛁᛋᛖᛞ,523
reconfirm,137110,0,ᚱᛖᚳᚩᚾᚠᛁᚱᛗ,242
fishhooks,137007,0,ᚠᛁᛋᚻᚻᚩᚩᚳᛋ,212
almandine,136995,0,ᚪᛚᛗᚪᚾᛞᛁᚾᛖ,583
latifundia,136978,0,ᛚᚪᛏᛁᚠᚢᚾᛞᛡ,490
chastises,136835,0,ᚳᚻᚪᛋᛏᛁᛋᛖᛋ,449
cattleyas,136806,0,ᚳᚪᛏᛏᛚᛖᚣᚪᛋ,621
buzzwords,136804,0,ᛒᚢᛋᛋᚹᚩᚱᛞᛋ,349
laminitis,136802,0,ᛚᚪᛗᛁᚾᛁᛏᛁᛋ,475
clapeyron,136750,0,ᚳᛚᚪᛈᛖᚣᚱᚩᚾ,443
occultist,136720,0,ᚩᚳᚳᚢᛚᛏᛁᛋᛏ,311
messmates,136718,0,ᛗᛖᛋᛋᛗᚪᛏᛖᛋ,591
omnivores,136658,0,ᚩᛗᚾᛁᚢᚩᚱᛖᛋ,279
saprolite,136615,0,ᛋᚪᛈᚱᚩᛚᛁᛏᛖ,441
beauticians,136609,0,ᛒᛠᚢᛏᛁᚳᛡᚾᛋ,465
cardigans,136486,0,ᚳᚪᚱᛞᛁᚷᚪᚾᛋ,437
wormholes,136459,0,ᚹᚩᚱᛗᚻᚩᛚᛖᛋ,331
ossicular,136459,0,ᚩᛋᛋᛁᚳᚢᛚᚪᚱ,341
ineffably,136422,0,ᛁᚾᛖᚠᚠᚪᛒᛚᚣ,465
morphemic,136396,0,ᛗᚩᚱᛈᚻᛖᛗᛁᚳ,337
insultingly,136393,0,ᛁᚾᛋᚢᛚᛏᛝᛚᚣ,503
shipshape,136376,0,ᛋᚻᛁᛈᛋᚻᚪᛈᛖ,433
waldensian,136364,0,ᚹᚪᛚᛞᛖᚾᛋᛡᚾ,563
broidered,136177,0,ᛒᚱᚩᛁᛞᛖᚱᛖᛞ,433
headliners,136176,0,ᚻᛠᛞᛚᛁᚾᛖᚱᛋ,485
quarterings,136167,0,ᚳᚹᚪᚱᛏᛖᚱᛝᛋ,409
wolfhound,136063,0,ᚹᚩᛚᚠᚻᚩᚢᚾᛞ,252
fleetness,136047,0,ᚠᛚᛖᛖᛏᚾᛖᛋᛋ,470
hymnology,136011,0,ᚻᚣᛗᚾᚩᛚᚩᚷᚣ,433
redactions,135915,0,ᚱᛖᛞᚪᚳᛏᛡᚾᛋ,525
frangipani,135859,0,ᚠᚱᚪᛝᛁᛈᚪᚾᛁ,420
corduroys,135844,0,ᚳᚩᚱᛞᚢᚱᚩᚣᛋ,297
liquefies,135773,0,ᛚᛁᚳᚹᛖᚠᛁᛖᛋ,356
tasselled,135727,0,ᛏᚪᛋᛋᛖᛚᛚᛖᛞ,631
unclasped,135690,0,ᚢᚾᚳᛚᚪᛋᛈᛖᛞ,467
solemnizing,135640,0,ᛋᚩᛚᛖᛗᚾᛁᛋᛝ,463
dominical,135534,0,ᛞᚩᛗᛁᚾᛁᚳᚪᛚ,441
chordates,135529,0,ᚳᚻᚩᚱᛞᚪᛏᛖᛋ,419
bullfrogs,135523,0,ᛒᚢᛚᛚᚠᚱᚩᚷᛋ,300
crabapple,135498,0,ᚳᚱᚪᛒᚪᛈᛈᛚᛖ,505
phalarope,135477,0,ᛈᚻᚪᛚᚪᚱᚩᛈᛖ,461
personating,135389,0,ᛈᛖᚱᛋᚩᚾᚪᛏᛝ,445
satinwood,135377,0,ᛋᚪᛏᛁᚾᚹᚩᚩᛞ,391
pullovers,135318,0,ᛈᚢᛚᛚᚩᚢᛖᚱᛋ,333
unexcited,135255,0,ᚢᚾᛖᛉᚳᛁᛏᛖᛞ,405
genitives,135209,0,ᚷᛖᚾᛁᛏᛁᚢᛖᛋ,357
johnsonian,135118,0,ᛂᚩᚻᚾᛋᚩᚾᛡᚾ,321
divorcees,135027,0,ᛞᛁᚢᚩᚱᚳᛖᛖᛋ,341
tunnelled,134937,0,ᛏᚢᚾᚾᛖᛚᛚᛖᛞ,489
nuthatches,134935,0,ᚾᚢᚦᚪᛏᚳᚻᛖᛋ,349
colourist,134932,0,ᚳᚩᛚᚩᚢᚱᛁᛋᛏ,257
muscadine,134931,0,ᛗᚢᛋᚳᚪᛞᛁᚾᛖ,453
groundsel,134895,0,ᚷᚱᚩᚢᚾᛞᛋᛖᛚ,349
bedfellow,134778,0,ᛒᛖᛞᚠᛖᛚᛚᚩᚹ,458
ideographs,134717,0,ᛁᛞᛇᚷᚱᚪᛈᚻᛋ,405
frustules,134696,0,ᚠᚱᚢᛋᛏᚢᛚᛖᛋ,324
cycloidal,134655,0,ᚳᚣᚳᛚᚩᛁᛞᚪᛚ,499
hydrolyse,134649,0,ᚻᚣᛞᚱᚩᛚᚣᛋᛖ,529
abactinal,134597,0,ᚪᛒᚪᚳᛏᛁᚾᚪᛚ,557
sprinters,134572,0,ᛋᛈᚱᛁᚾᛏᛖᚱᛋ,357
riderless,134564,0,ᚱᛁᛞᛖᚱᛚᛖᛋᛋ,455
mainsprings,134530,0,ᛗᚪᛁᚾᛋᛈᚱᛝᛋ,467
baptistry,134469,0,ᛒᚪᛈᛏᛁᛋᛏᚱᚣ,517
abysmally,134317,0,ᚪᛒᚣᛋᛗᚪᛚᛚᚣ,731
slippages,134250,0,ᛋᛚᛁᛈᛈᚪᚷᛖᛋ,477
dysplasias,134230,0,ᛞᚣᛋᛈᛚᚪᛋᛡᛋ,671
snowboard,134194,0,ᛋᚾᚩᚹᛒᚩᚪᚱᛞ,373
penstemon,134194,0,ᛈᛖᚾᛋᛏᛖᛗᚩᚾ,425
whisperer,134187,0,ᚹᚻᛁᛋᛈᛖᚱᛖᚱ,325
ecuadoran,134179,0,ᛖᚳᚢᚪᛞᚩᚱᚪᚾ,413
rescripts,134142,0,ᚱᛖᛋᚳᚱᛁᛈᛏᛋ,341
leapfrogging,134083,0,ᛚᛠᛈᚠᚱᚩᚷᚷᛝ,358
masticate,133988,0,ᛗᚪᛋᛏᛁᚳᚪᛏᛖ,547
quibusdam,133973,0,ᚳᚹᛁᛒᚢᛋᛞᚪᛗ,437
provokingly,133838,0,ᛈᚱᚩᚢᚩᚳᛝᛚᚣ,339
desirably,133764,0,ᛞᛖᛋᛁᚱᚪᛒᛚᚣ,585
doughboys,133677,0,ᛞᚩᚢᚷᚻᛒᚩᚣᛋ,363
careerist,133621,0,ᚳᚪᚱᛖᛖᚱᛁᛋᛏ,409
randomize,133609,0,ᚱᚪᚾᛞᚩᛗᛁᛋᛖ,455
khorassan,133566,0,ᚳᚻᚩᚱᚪᛋᛋᚪᚾ,383
graticule,133508,0,ᚷᚱᚪᛏᛁᚳᚢᛚᛖ,371
coalesces,133502,0,ᚳᚩᚪᛚᛖᛋᚳᛖᛋ,443
bashfully,133489,0,ᛒᚪᛋᚻᚠᚢᛚᛚᚣ,488
conjuncts,133391,0,ᚳᚩᚾᛂᚢᚾᚳᛏᛋ,243
euphonium,133386,0,ᛖᚢᛈᚻᚩᚾᛁᚢᛗ,277
knockouts,133333,0,ᚳᚾᚩᚳᚳᚩᚢᛏᛋ,197
miniskirt,133301,0,ᛗᛁᚾᛁᛋᚳᛁᚱᛏ,329
stainable,133296,0,ᛋᛏᚪᛁᚾᚪᛒᛚᛖ,567
pentagons,133260,0,ᛈᛖᚾᛏᚪᚷᚩᚾᛋ,401
heyerdahl,133235,0,ᚻᛖᚣᛖᚱᛞᚪᚻᛚ,553
subserves,133175,0,ᛋᚢᛒᛋᛖᚱᚢᛖᛋ,371
mastodons,133131,0,ᛗᚪᛋᛏᚩᛞᚩᚾᛋ,465
picketers,133119,0,ᛈᛁᚳᚳᛖᛏᛖᚱᛋ,357
ignitable,133114,0,ᛁᚷᚾᛁᛏᚪᛒᛚᛖ,465
spuriously,133097,0,ᛋᛈᚢᚱᛡᚢᛋᛚᚣ,449
venturous,133077,0,ᚢᛖᚾᛏᚢᚱᚩᚢᛋ,235
normalise,133045,0,ᚾᚩᚱᛗᚪᛚᛁᛋᛖ,439
sundanese,133018,0,ᛋᚢᚾᛞᚪᚾᛖᛋᛖ,487
alienists,132979,0,ᚪᛚᛁᛖᚾᛁᛋᛏᛋ,493
pediculus,132943,0,ᛈᛖᛞᛁᚳᚢᛚᚢᛋ,375
obstruent,132926,0,ᚩᛒᛋᛏᚱᚢᛖᚾᛏ,349
introitus,132925,0,ᛁᚾᛏᚱᚩᛁᛏᚢᛋ,283
relocates,132857,0,ᚱᛖᛚᚩᚳᚪᛏᛖᛋ,447
repatriating,132839,0,ᚱᛖᛈᚪᛏᚱᛡᛏᛝ,533
reprocess,132748,0,ᚱᛖᛈᚱᚩᚳᛖᛋᛋ,325
unwatered,132743,0,ᚢᚾᚹᚪᛏᛖᚱᛖᛞ,441
celandine,132676,0,ᚳᛖᛚᚪᚾᛞᛁᚾᛖ,495
begrudged,132642,0,ᛒᛖᚷᚱᚢᛞᚷᛖᛞ,421
shrivelling,132620,0,ᛋᚻᚱᛁᚢᛖᛚᛚᛝ,413
allometry,132607,0,ᚪᛚᛚᚩᛗᛖᛏᚱᚣ,561
giulietta,132602,0,ᚷᛁᚢᛚᛁᛖᛏᛏᚪ,437
defrosted,132596,0,ᛞᛖᚠᚱᚩᛋᛏᛖᛞ,444
perspired,132495,0,ᛈᛖᚱᛋᛈᛁᚱᛖᛞ,415
warmongers,132448,0,ᚹᚪᚱᛗᚩᛝᛖᚱᛋ,415
ghostlike,132358,0,ᚷᚻᚩᛋᛏᛚᛁᚳᛖ,343
ricocheting,132357,0,ᚱᛁᚳᚩᚳᚻᛖᛏᛝ,303
propitiating,132350,0,ᛈᚱᚩᛈᛁᛏᛡᛏᛝ,439
gigahertz,132337,0,ᚷᛁᚷᚪᚻᛖᚱᛏᛋ,375
colophons,132295,0,ᚳᚩᛚᚩᛈᚻᚩᚾᛋ,255
coarsened,132279,0,ᚳᚩᚪᚱᛋᛖᚾᛖᛞ,433
garrulity,132263,0,ᚷᚪᚱᚱᚢᛚᛁᛏᚣ,405
timecards,132228,0,ᛏᛁᛗᛖᚳᚪᚱᛞᛋ,491
prepotent,132192,0,ᛈᚱᛖᛈᚩᛏᛖᚾᛏ,385
ferrarese,132130,0,ᚠᛖᚱᚱᚪᚱᛖᛋᛖ,386
praefectus,132108,0,ᛈᚱᚫᚠᛖᚳᛏᚢᛋ,352
apheresis,132101,0,ᚪᛈᚻᛖᚱᛖᛋᛁᛋ,445
unfathomed,132044,0,ᚢᚾᚠᚪᚦᚩᛗᛖᛞ,370
thyrotoxic,131925,0,ᚦᚣᚱᚩᛏᚩᛉᛁᚳ,283
dishearten,131860,0,ᛞᛁᛋᚻᛠᚱᛏᛖᚾ,471
dominator,131840,0,ᛞᚩᛗᛁᚾᚪᛏᚩᚱ,401
benthamite,131768,0,ᛒᛖᚾᚦᚪᛗᛁᛏᛖ,487
ingloriously,131764,0,ᛝᛚᚩᚱᛡᚢᛋᛚᚣ,509
dynamited,131761,0,ᛞᚣᚾᚪᛗᛁᛏᛖᛞ,635
naysayers,131743,0,ᚾᚪᚣᛋᚪᚣᛖᚱᛋ,613
brunettes,131680,0,ᛒᚱᚢᚾᛖᛏᛏᛖᛋ,409
urgencies,131637,0,ᚢᚱᚷᛖᚾᚳᛁᛖᛋ,291
omelettes,131618,0,ᚩᛗᛖᛚᛖᛏᛏᛖᛋ,523
bejeweled,131553,0,ᛒᛖᛂᛖᚹᛖᛚᛖᛞ,547
freshener,131527,0,ᚠᚱᛖᛋᚻᛖᚾᛖᚱ,330
bloodlust,131511,0,ᛒᛚᚩᚩᛞᛚᚢᛋᛏ,425
offloaded,131497,0,ᚩᚠᚠᛚᚩᚪᛞᛖᛞ,433
pawnshops,131444,0,ᛈᚪᚹᚾᛋᚻᚩᛈᛋ,367
handcraft,131394,0,ᚻᚪᚾᛞᚳᚱᚪᚠᛏ,420
semisweet,131378,0,ᛋᛖᛗᛁᛋᚹᛖᛖᛏ,487
rivalship,131314,0,ᚱᛁᚢᚪᛚᛋᚻᛁᛈ,365
metalloid,131284,0,ᛗᛖᛏᚪᛚᛚᚩᛁᛞ,567
dermatome,131233,0,ᛞᛖᚱᛗᚪᛏᚩᛗᛖ,539
outflanking,131152,0,ᚩᚢᛏᚠᛚᚪᚾᚳᛝ,362
wellsprings,131130,0,ᚹᛖᛚᛚᛋᛈᚱᛝᛋ,471
heartlands,131130,0,ᚻᛠᚱᛏᛚᚪᚾᛞᛋ,543
thromboses,131127,0,ᚦᚱᚩᛗᛒᚩᛋᛖᛋ,335
genocides,131095,0,ᚷᛖᚾᚩᚳᛁᛞᛖᛋ,373
acidulous,130994,0,ᚪᚳᛁᛞᚢᛚᚩᚢᛋ,369
rainmaker,130953,0,ᚱᚪᛁᚾᛗᚪᚳᛖᚱ,427
bucketful,130953,0,ᛒᚢᚳᚳᛖᛏᚠᚢᛚ,294
farmhands,130882,0,ᚠᚪᚱᛗᚻᚪᚾᛞᛋ,472
ascospore,130836,0,ᚪᛋᚳᚩᛋᛈᚩᚱᛖ,351
wickedest,130822,0,ᚹᛁᚳᚳᛖᛞᛖᛋᛏ,411
aconcagua,130817,0,ᚪᚳᚩᚾᚳᚪᚷᚢᚪ,373
killifish,130716,0,ᚳᛁᛚᛚᛁᚠᛁᛋᚻ,330
portulaca,130698,0,ᛈᚩᚱᛏᚢᛚᚪᚳᚪ,403
pederasty,130573,0,ᛈᛖᛞᛖᚱᚪᛋᛏᚣ,589
virtuosos,130484,0,ᚢᛁᚱᛏᚢᚩᛋᚩᛋ,227
falciform,130484,0,ᚠᚪᛚᚳᛁᚠᚩᚱᛗ,307
triangulate,130483,0,ᛏᚱᛡᛝᚢᛚᚪᛏᛖ,555
grenadine,130444,0,ᚷᚱᛖᚾᚪᛞᛁᚾᛖ,437
hometowns,130349,0,ᚻᚩᛗᛖᛏᚩᚹᚾᛋ,335
curmudgeon,130336,0,ᚳᚢᚱᛗᚢᛞᚷᛇᚾ,277
dalmatians,130306,0,ᛞᚪᛚᛗᚪᛏᛡᚾᛋ,675
slippered,130284,0,ᛋᛚᛁᛈᛈᛖᚱᛖᛞ,477
energizer,130262,0,ᛖᚾᛖᚱᚷᛁᛋᛖᚱ,353
eudaimonia,130253,0,ᛖᚢᛞᚪᛁᛗᚩᚾᛡ,501
abdicates,130227,0,ᚪᛒᛞᛁᚳᚪᛏᛖᛋ,567
verrucose,130219,0,ᚢᛖᚱᚱᚢᚳᚩᛋᛖ,235
phonolite,130061,0,ᛈᚻᚩᚾᚩᛚᛁᛏᛖ,339
beseeches,129880,0,ᛒᛖᛋᛖᛖᚳᚻᛖᛋ,471
calumniate,129821,0,ᚳᚪᛚᚢᛗᚾᛡᛏᛖ,519
puritanic,129736,0,ᛈᚢᚱᛁᛏᚪᚾᛁᚳ,317
disburses,129657,0,ᛞᛁᛋᛒᚢᚱᛋᛖᛋ,421
immutably,129467,0,ᛁᛗᛗᚢᛏᚪᛒᛚᚣ,569
cartloads,129428,0,ᚳᚪᚱᛏᛚᚩᚪᛞᛋ,499
aestivation,129418,0,ᚫᛋᛏᛁᚢᚪᛏᛡᚾ,539
rancheros,129209,0,ᚱᚪᚾᚳᚻᛖᚱᚩᛋ,311
unnamable,129185,0,ᚢᚾᚾᚪᛗᚪᛒᛚᛖ,527
kinescope,129123,0,ᚳᛁᚾᛖᛋᚳᚩᛈᛖ,323
tauchnitz,129119,0,ᛏᚪᚢᚳᚻᚾᛁᛏᛋ,367
screwworm,129015,0,ᛋᚳᚱᛖᚹᚹᚩᚱᛗ,271
majordomo,128982,0,ᛗᚪᛂᚩᚱᛞᚩᛗᚩ,397
whitebait,128910,0,ᚹᚻᛁᛏᛖᛒᚪᛁᛏ,447
scrambler,128909,0,ᛋᚳᚱᚪᛗᛒᛚᛖᚱ,457
seigniorial,128907,0,ᛋᛖᛁᚷᚾᛡᚱᛡᛚ,495
biannually,128842,0,ᛒᛡᚾᚾᚢᚪᛚᛚᚣ,575
digressed,128836,0,ᛞᛁᚷᚱᛖᛋᛋᛖᛞ,477
jeopardising,128804,0,ᛂᛇᛈᚪᚱᛞᛁᛋᛝ,481
centrists,128796,0,ᚳᛖᚾᛏᚱᛁᛋᛏᛋ,375
espousals,128792,0,ᛖᛋᛈᚩᚢᛋᚪᛚᛋ,449
packhorse,128777,0,ᛈᚪᚳᚳᚻᚩᚱᛋᛖ,327
fencibles,128771,0,ᚠᛖᚾᚳᛁᛒᛚᛖᛋ,396
darwinist,128672,0,ᛞᚪᚱᚹᛁᚾᛁᛋᛏ,419
quagmires,128595,0,ᚳᚹᚪᚷᛗᛁᚱᛖᛋ,379
describer,128514,0,ᛞᛖᛋᚳᚱᛁᛒᛖᚱ,403
basketful,128512,0,ᛒᚪᛋᚳᛖᛏᚠᚢᛚ,428
gemination,128498,0,ᚷᛖᛗᛁᚾᚪᛏᛡᚾ,507
bedsheets,128494,0,ᛒᛖᛞᛋᚻᛖᛖᛏᛋ,539
boomerangs,128492,0,ᛒᚩᚩᛗᛖᚱᚪᛝᛋ,453
sporulating,128466,0,ᛋᛈᚩᚱᚢᛚᚪᛏᛝ,425
conclaves,128438,0,ᚳᚩᚾᚳᛚᚪᚢᛖᛋ,355
ampullary,128429,0,ᚪᛗᛈᚢᛚᛚᚪᚱᚣ,571
executant,128422,0,ᛖᛉᛖᚳᚢᛏᚪᚾᛏ,441
therewithal,128393,0,ᚦᛖᚱᛖᚹᛁᚦᚪᛚ,375
paginated,128275,0,ᛈᚪᚷᛁᚾᚪᛏᛖᛞ,529
clobbered,128208,0,ᚳᛚᚩᛒᛒᛖᚱᛖᛞ,449
mistrusting,128173,0,ᛗᛁᛋᛏᚱᚢᛋᛏᛝ,419
epicycles,128034,0,ᛖᛈᛁᚳᚣᚳᛚᛖᛋ,463
forefingers,127991,0,ᚠᚩᚱᛖᚠᛝᛖᚱᛋ,299
stoniness,127983,0,ᛋᛏᚩᚾᛁᚾᛖᛋᛋ,381
semirigid,127893,0,ᛋᛖᛗᛁᚱᛁᚷᛁᛞ,401
trackways,127880,0,ᛏᚱᚪᚳᚳᚹᚪᚣᛋ,465
anglophile,127861,0,ᚪᛝᛚᚩᛈᚻᛁᛚᛖ,493
plagiarist,127802,0,ᛈᛚᚪᚷᛡᚱᛁᛋᛏ,491
lyricists,127707,0,ᛚᚣᚱᛁᚳᛁᛋᛏᛋ,427
unadapted,127646,0,ᚢᚾᚪᛞᚪᛈᛏᛖᛞ,573
charcoals,127556,0,ᚳᚻᚪᚱᚳᚩᚪᛚᛋ,387
saltiness,127480,0,ᛋᚪᛚᛏᛁᚾᛖᛋᛋ,515
fertilise,127445,0,ᚠᛖᚱᛏᛁᛚᛁᛋᛖ,394
ritualist,127378,0,ᚱᛁᛏᚢᚪᛚᛁᛋᛏ,417
ammonoids,127355,0,ᚪᛗᛗᚩᚾᚩᛁᛞᛋ,455
sickeningly,127350,0,ᛋᛁᚳᚳᛖᚾᛝᛚᚣ,461
bujumbura,127308,0,ᛒᚢᛂᚢᛗᛒᚢᚱᚪ,347
razorback,127271,0,ᚱᚪᛋᚩᚱᛒᚪᚳᚳ,363
handbrake,127215,0,ᚻᚪᚾᛞᛒᚱᚪᚳᛖ,487
claimable,127187,0,ᚳᛚᚪᛁᛗᚪᛒᛚᛖ,583
mechanist,127055,0,ᛗᛖᚳᚻᚪᚾᛁᛋᛏ,443
vicarages,126931,0,ᚢᛁᚳᚪᚱᚪᚷᛖᛋ,389
superposing,126919,0,ᛋᚢᛈᛖᚱᛈᚩᛋᛝ,359
toadstool,126898,0,ᛏᚩᚪᛞᛋᛏᚩᚩᛚ,451
lovebirds,126884,0,ᛚᚩᚢᛖᛒᛁᚱᛞᛋ,395
unfastening,126834,0,ᚢᚾᚠᚪᛋᛏᛖᚾᛝ,418
lampposts,126811,0,ᛚᚪᛗᛈᛈᚩᛋᛏᛋ,499
damnified,126779,0,ᛞᚪᛗᚾᛁᚠᛁᛖᛞ,506
entelechy,126765,0,ᛖᚾᛏᛖᛚᛖᚳᚻᚣ,501
dieticians,126708,0,ᛞᛁᛖᛏᛁᚳᛡᚾᛋ,479
ptomaines,126636,0,ᛈᛏᚩᛗᚪᛁᚾᛖᛋ,457
juiciness,126611,0,ᛂᚢᛁᚳᛁᚾᛖᛋᛋ,317
overdosed,126592,0,ᚩᚢᛖᚱᛞᚩᛋᛖᛞ,393
cocklebur,126554,0,ᚳᚩᚳᚳᛚᛖᛒᚢᚱ,261
unwarlike,126552,0,ᚢᚾᚹᚪᚱᛚᛁᚳᛖ,343
janissary,126489,0,ᛂᚪᚾᛁᛋᛋᚪᚱᚣ,511
rucksacks,126430,0,ᚱᚢᚳᚳᛋᚪᚳᚳᛋ,269
eiderdown,126428,0,ᛖᛁᛞᛖᚱᛞᚩᚹᚾ,409
protestor,126419,0,ᛈᚱᚩᛏᛖᛋᛏᚩᚱ,317
gerundive,126405,0,ᚷᛖᚱᚢᚾᛞᛁᚢᛖ,317
formalise,126304,0,ᚠᚩᚱᛗᚪᛚᛁᛋᛖ,412
bacchante,126094,0,ᛒᚪᚳᚳᚻᚪᚾᛏᛖ,459
responsum,126083,0,ᚱᛖᛋᛈᚩᚾᛋᚢᛗ,337
conveners,126029,0,ᚳᚩᚾᚢᛖᚾᛖᚱᛋ,279
ungrudgingly,126010,0,ᚢᛝᚱᚢᛞᚷᛝᛚᚣ,457
caribbeans,125988,0,ᚳᚪᚱᛁᛒᛒᛠᚾᛋ,465
dirtiness,125798,0,ᛞᛁᚱᛏᛁᚾᛖᛋᛋ,423
minimizer,125769,0,ᛗᛁᚾᛁᛗᛁᛋᛖᚱ,395
spinneret,125757,0,ᛋᛈᛁᚾᚾᛖᚱᛖᛏ,389
bicipital,125742,0,ᛒᛁᚳᛁᛈᛁᛏᚪᛚ,439
marsupialia,125698,0,ᛗᚪᚱᛋᚢᛈᛡᛚᛡ,565
neoclassic,125620,0,ᚾᛇᚳᛚᚪᛋᛋᛁᚳ,403
distraining,125592,0,ᛞᛁᛋᛏᚱᚪᛁᚾᛝ,479
almanacks,125536,0,ᚪᛚᛗᚪᚾᚪᚳᚳᛋ,543
stablemen,125524,0,ᛋᛏᚪᛒᛚᛖᛗᛖᚾ,577
underbody,125480,0,ᚢᚾᛞᛖᚱᛒᚩᛞᚣ,459
habitudes,125406,0,ᚻᚪᛒᛁᛏᚢᛞᛖᛋ,483
overstock,125370,0,ᚩᚢᛖᚱᛋᛏᚩᚳᚳ,233
memorised,125334,0,ᛗᛖᛗᚩᚱᛁᛋᛖᛞ,467
muscovado,125331,0,ᛗᚢᛋᚳᚩᚢᚪᛞᚩ,343
undersold,125303,0,ᚢᚾᛞᛖᚱᛋᚩᛚᛞ,421
abbreviating,125258,0,ᚪᛒᛒᚱᛖᚢᛡᛏᛝ,545
succoured,125199,0,ᛋᚢᚳᚳᚩᚢᚱᛖᛞ,259
occurrent,125142,0,ᚩᚳᚳᚢᚱᚱᛖᚾᛏ,213
smartweed,125086,0,ᛋᛗᚪᚱᛏᚹᛖᛖᛞ,533
suppurate,125067,0,ᛋᚢᛈᛈᚢᚱᚪᛏᛖ,379
reparable,124916,0,ᚱᛖᛈᚪᚱᚪᛒᛚᛖ,527
unsettles,124874,0,ᚢᚾᛋᛖᛏᛏᛚᛖᛋ,463
ascariasis,124840,0,ᚪᛋᚳᚪᚱᛡᛋᛁᛋ,515
epenthesis,124816,0,ᛖᛈᛖᚾᚦᛖᛋᛁᛋ,415
adventive,124762,0,ᚪᛞᚢᛖᚾᛏᛁᚢᛖ,445
appaloosa,124731,0,ᚪᛈᛈᚪᛚᚩᚩᛋᚪ,517
floridians,124718,0,ᚠᛚᚩᚱᛁᛞᛡᚾᛋ,402
goldeneye,124696,0,ᚷᚩᛚᛞᛖᚾᛖᚣᛖ,519
kercheval,124621,0,ᚳᛖᚱᚳᚻᛖᚢᚪᛚ,367
armouries,124617,0,ᚪᚱᛗᚩᚢᚱᛁᛖᛋ,351
halitosis,124607,0,ᚻᚪᛚᛁᛏᚩᛋᛁᛋ,427
hawksbill,124523,0,ᚻᚪᚹᚳᛋᛒᛁᛚᛚ,443
dumpsters,124414,0,ᛞᚢᛗᛈᛋᛏᛖᚱᛋ,449
plunderer,124386,0,ᛈᛚᚢᚾᛞᛖᚱᛖᚱ,393
mendicity,124328,0,ᛗᛖᚾᛞᛁᚳᛁᛏᚣ,493
dogmatist,124286,0,ᛞᚩᚷᛗᚪᛏᛁᛋᛏ,483
debauchee,124265,0,ᛞᛖᛒᚪᚢᚳᚻᛖᛖ,487
sapsucker,124145,0,ᛋᚪᛈᛋᚢᚳᚳᛖᚱ,353
frolicked,124102,0,ᚠᚱᚩᛚᛁᚳᚳᛖᛞ,306
antipodean,123967,0,ᚪᚾᛏᛁᛈᚩᛞᛠᚾ,493
tracksuit,123850,0,ᛏᚱᚪᚳᚳᛋᚢᛁᛏ,339
metatarsi,123783,0,ᛗᛖᛏᚪᛏᚪᚱᛋᛁ,545
infielder,123775,0,ᛁᚾᚠᛁᛖᛚᛞᛖᚱ,400
irrigates,123773,0,ᛁᚱᚱᛁᚷᚪᛏᛖᛋ,377
polyanthus,123761,0,ᛈᚩᛚᚣᚪᚾᚦᚢᛋ,413
cookstove,123689,0,ᚳᚩᚩᚳᛋᛏᚩᚢᛖ,229
dentalium,123507,0,ᛞᛖᚾᛏᚪᛚᛁᚢᛗ,519
redounded,123417,0,ᚱᛖᛞᚩᚢᚾᛞᛖᛞ,451
ankylosed,123386,0,ᚪᚾᚳᚣᛚᚩᛋᛖᛞ,531
opposable,123383,0,ᚩᛈᛈᚩᛋᚪᛒᛚᛖ,451
bolivianos,123378,0,ᛒᚩᛚᛁᚢᛡᚾᚩᛋ,371
anchorman,123377,0,ᚪᚾᚳᚻᚩᚱᛗᚪᚾ,377
tartrates,123373,0,ᛏᚪᚱᛏᚱᚪᛏᛖᛋ,513
verminous,123352,0,ᚢᛖᚱᛗᛁᚾᚩᚢᛋ,275
bulkiness,123348,0,ᛒᚢᛚᚳᛁᚾᛖᛋᛋ,383
belittles,123294,0,ᛒᛖᛚᛁᛏᛏᛚᛖᛋ,543
shorebird,123132,0,ᛋᚻᚩᚱᛖᛒᛁᚱᛞ,353
stolidity,123094,0,ᛋᛏᚩᛚᛁᛞᛁᛏᚣ,505
cardamoms,123048,0,ᚳᚪᚱᛞᚪᛗᚩᛗᛋ,509
spittoons,123040,0,ᛋᛈᛁᛏᛏᚩᚩᚾᛋ,341
monarchial,122916,0,ᛗᚩᚾᚪᚱᚳᚻᛡᛚ,431
posteriors,122870,0,ᛈᚩᛋᛏᛖᚱᛡᚱᛋ,411
bisectors,122812,0,ᛒᛁᛋᛖᚳᛏᚩᚱᛋ,355
deckhands,122796,0,ᛞᛖᚳᚳᚻᚪᚾᛞᛋ,473
lightless,122753,0,ᛚᛁᚷᚻᛏᛚᛖᛋᛋ,449
valkyries,122717,0,ᚢᚪᛚᚳᚣᚱᛁᛖᛋ,451
rustproof,122629,0,ᚱᚢᛋᛏᛈᚱᚩᚩᚠ,196
reanimation,122488,0,ᚱᛠᚾᛁᛗᚪᛏᛡᚾ,543
lumbricus,122465,0,ᛚᚢᛗᛒᚱᛁᚳᚢᛋ,319
ratcheted,122454,0,ᚱᚪᛏᚳᚻᛖᛏᛖᛞ,485
twittered,122449,0,ᛏᚹᛁᛏᛏᛖᚱᛖᛞ,461
stitchers,122393,0,ᛋᛏᛁᛏᚳᚻᛖᚱᛋ,369
thermogram,122340,0,ᚦᛖᚱᛗᚩᚷᚱᚪᛗ,357
leatherback,122293,0,ᛚᛠᚦᛖᚱᛒᚪᚳᚳ,449
meningocele,122133,0,ᛗᛖᚾᛝᚩᚳᛖᛚᛖ,473
reprovingly,121975,0,ᚱᛖᛈᚱᚩᚢᛝᛚᚣ,397
leucippus,121945,0,ᛚᛖᚢᚳᛁᛈᛈᚢᛋ,329
hamamelis,121818,0,ᚻᚪᛗᚪᛗᛖᛚᛁᛋ,583
sermonizing,121812,0,ᛋᛖᚱᛗᚩᚾᛁᛋᛝ,401
epilogues,121799,0,ᛖᛈᛁᛚᚩᚷᚢᛖᛋ,361
buxtehude,121735,0,ᛒᚢᛉᛏᛖᚻᚢᛞᛖ,419
exciseman,121669,0,ᛖᛉᚳᛁᛋᛖᛗᚪᚾ,475
antivenin,121526,0,ᚪᚾᛏᛁᚢᛖᚾᛁᚾ,375
commonage,121524,0,ᚳᚩᛗᛗᚩᚾᚪᚷᛖ,379
footmarks,121449,0,ᚠᚩᚩᛏᛗᚪᚱᚳᛋ,320
eulogised,121425,0,ᛖᚢᛚᚩᚷᛁᛋᛖᛞ,407
corydalis,121349,0,ᚳᚩᚱᚣᛞᚪᛚᛁᛋ,477
flotations,121334,0,ᚠᛚᚩᛏᚪᛏᛡᚾᛋ,486
palisaded,121324,0,ᛈᚪᛚᛁᛋᚪᛞᛖᛞ,639
pentathlon,121306,0,ᛈᛖᚾᛏᚪᚦᛚᚩᚾ,409
overladen,121306,0,ᚩᚢᛖᚱᛚᚪᛞᛖᚾ,443
enwrapped,121246,0,ᛖᚾᚹᚱᚪᛈᛈᛖᛞ,465
suspensor,121129,0,ᛋᚢᛋᛈᛖᚾᛋᚩᚱ,319
flavourings,121028,0,ᚠᛚᚪᚢᚩᚢᚱᛝᛋ,328
guardroom,120979,0,ᚷᚢᚪᚱᛞᚱᚩᚩᛗ,313
effluence,120805,0,ᛖᚠᚠᛚᚢᛖᚾᚳᛖ,323
grapeshot,120699,0,ᚷᚱᚪᛈᛖᛋᚻᚩᛏ,377
scleritis,120626,0,ᛋᚳᛚᛖᚱᛁᛏᛁᛋ,391
eurystheus,120542,0,ᛖᚢᚱᚣᛋᚦᛖᚢᛋ,365
sunbonnet,120518,0,ᛋᚢᚾᛒᚩᚾᚾᛖᛏ,337
endoplasm,120469,0,ᛖᚾᛞᚩᛈᛚᚪᛋᛗ,529
clientage,120383,0,ᚳᛚᛁᛖᚾᛏᚪᚷᛖ,453
sasquatch,120377,0,ᛋᚪᛋᚳᚹᚪᛏᚳᚻ,427
frequence,120336,0,ᚠᚱᛖᚳᚹᛖᚾᚳᛖ,288
gavelkind,120335,0,ᚷᚪᚢᛖᛚᚳᛁᚾᛞ,419
pocketful,120153,0,ᛈᚩᚳᚳᛖᛏᚠᚢᛚ,280
untethered,120101,0,ᚢᚾᛏᛖᚦᛖᚱᛖᛞ,397
tentacula,120088,0,ᛏᛖᚾᛏᚪᚳᚢᛚᚪ,497
landslips,120065,0,ᛚᚪᚾᛞᛋᛚᛁᛈᛋ,541
autolytic,119978,0,ᚪᚢᛏᚩᛚᚣᛏᛁᚳ,445
salicornia,119953,0,ᛋᚪᛚᛁᚳᚩᚱᚾᛡ,421
benedicta,119928,0,ᛒᛖᚾᛖᛞᛁᚳᛏᚪ,513
hemistich,119811,0,ᚻᛖᛗᛁᛋᛏᛁᚳᚻ,371
trichrome,119808,0,ᛏᚱᛁᚳᚻᚱᚩᛗᛖ,293
arthralgias,119696,0,ᚪᚱᚦᚱᚪᛚᚷᛡᛋ,471
mabinogion,119681,0,ᛗᚪᛒᛁᚾᚩᚷᛡᚾ,449
junkyards,119627,0,ᛂᚢᚾᚳᚣᚪᚱᛞᛋ,435
buckskins,119580,0,ᛒᚢᚳᚳᛋᚳᛁᚾᛋ,269
blackfish,119556,0,ᛒᛚᚪᚳᚳᚠᛁᛋᚻ,366
vibrantly,119537,0,ᚢᛁᛒᚱᚪᚾᛏᛚᚣ,467
burnisher,119527,0,ᛒᚢᚱᚾᛁᛋᚻᛖᚱ,289
intrenching,119526,0,ᛁᚾᛏᚱᛖᚾᚳᚻᛝ,341
eclectics,119507,0,ᛖᚳᛚᛖᚳᛏᛁᚳᛋ,389
pilotless,119501,0,ᛈᛁᛚᚩᛏᛚᛖᛋᛋ,459
highpoint,119457,0,ᚻᛁᚷᚻᛈᚩᛁᚾᛏ,263
idomeneus,119425,0,ᛁᛞᚩᛗᛖᚾᛖᚢᛋ,417
terrestial,119389,0,ᛏᛖᚱᚱᛖᛋᛏᛡᛚ,507
moistness,119181,0,ᛗᚩᛁᛋᛏᚾᛖᛋᛋ,423
overtired,119175,0,ᚩᚢᛖᚱᛏᛁᚱᛖᛞ,345
leitmotiv,119154,0,ᛚᛖᛁᛏᛗᚩᛏᛁᚢ,401
floodgate,119070,0,ᚠᛚᚩᚩᛞᚷᚪᛏᛖ,418
calendaring,119060,0,ᚳᚪᛚᛖᚾᛞᚪᚱᛝ,555
flatboats,119052,0,ᚠᛚᚪᛏᛒᚩᚪᛏᛋ,508
backsides,118894,0,ᛒᚪᚳᚳᛋᛁᛞᛖᛋ,477
eukaryote,118892,0,ᛖᚢᚳᚪᚱᚣᚩᛏᛖ,427
carpetbag,118885,0,ᚳᚪᚱᛈᛖᛏᛒᚪᚷ,465
euripidean,118874,0,ᛖᚢᚱᛁᛈᛁᛞᛠᚾ,413
conserver,118818,0,ᚳᚩᚾᛋᛖᚱᚢᛖᚱ,261
liverwort,118776,0,ᛚᛁᚢᛖᚱᚹᚩᚱᛏ,281
corticoid,118775,0,ᚳᚩᚱᛏᛁᚳᚩᛁᛞ,261
sidesteps,118760,0,ᛋᛁᛞᛖᛋᛏᛖᛈᛋ,515
backbench,118638,0,ᛒᚪᚳᚳᛒᛖᚾᚳᚻ,377
heliports,118633,0,ᚻᛖᛚᛁᛈᚩᚱᛏᛋ,367
precatory,118620,0,ᛈᚱᛖᚳᚪᛏᚩᚱᚣ,411
carlovingian,118604,0,ᚳᚪᚱᛚᚩᚢᛝᛡᚾ,419
scamander,118595,0,ᛋᚳᚪᛗᚪᚾᛞᛖᚱ,527
debriefed,118590,0,ᛞᛖᛒᚱᛁᛖᚠᛖᛞ,484
untrusted,118495,0,ᚢᚾᛏᚱᚢᛋᛏᛖᛞ,373
spoonbill,118417,0,ᛋᛈᚩᚩᚾᛒᛁᛚᛚ,377
pastilles,118405,0,ᛈᚪᛋᛏᛁᛚᛚᛖᛋ,549
jukeboxes,118404,0,ᛂᚢᚳᛖᛒᚩᛉᛖᛋ,355
cysteines,118401,0,ᚳᚣᛋᛏᛖᛁᚾᛖᛋ,475
reforesting,118374,0,ᚱᛖᚠᚩᚱᛖᛋᛏᛝ,356
paronychia,118369,0,ᛈᚪᚱᚩᚾᚣᚳᚻᛡ,433
playgroup,118315,0,ᛈᛚᚪᚣᚷᚱᚩᚢᛈ,397
fructifying,118201,0,ᚠᚱᚢᚳᛏᛁᚠᚣᛝ,303
truncheons,118159,0,ᛏᚱᚢᚾᚳᚻᛇᚾᛋ,261
twilights,118137,0,ᛏᚹᛁᛚᛁᚷᚻᛏᛋ,365
loiterers,118110,0,ᛚᚩᛁᛏᛖᚱᛖᚱᛋ,379
aperients,118076,0,ᚪᛈᛖᚱᛁᛖᚾᛏᛋ,457
magnetize,117990,0,ᛗᚪᚷᚾᛖᛏᛁᛋᛖ,491
stephanos,117929,0,ᛋᛏᛖᛈᚻᚪᚾᚩᛋ,431
psalmists,117888,0,ᛈᛋᚪᛚᛗᛁᛋᛏᛋ,533
proselyting,117877,0,ᛈᚱᚩᛋᛖᛚᚣᛏᛝ,495
archdukes,117862,0,ᚪᚱᚳᚻᛞᚢᚳᛖᛋ,369
disproven,117860,0,ᛞᛁᛋᛈᚱᚩᚢᛖᚾ,333
fetichism,117785,0,ᚠᛖᛏᛁᚳᚻᛁᛋᛗ,350
planarians,117717,0,ᛈᛚᚪᚾᚪᚱᛡᚾᛋ,539
nativists,117620,0,ᚾᚪᛏᛁᚢᛁᛋᛏᛋ,415
refounded,117555,0,ᚱᛖᚠᚩᚢᚾᛞᛖᛞ,364
peccaries,117552,0,ᛈᛖᚳᚳᚪᚱᛁᛖᛋ,395
humanlike,117500,0,ᚻᚢᛗᚪᚾᛚᛁᚳᛖ,407
simulcast,117489,0,ᛋᛁᛗᚢᛚᚳᚪᛋᛏ,453
euergetes,117466,0,ᛖᚢᛖᚱᚷᛖᛏᛖᛋ,411
effluvium,117332,0,ᛖᚠᚠᛚᚢᚢᛁᚢᛗ,255
snowberry,117331,0,ᛋᚾᚩᚹᛒᛖᚱᚱᚣ,361
limewater,117259,0,ᛚᛁᛗᛖᚹᚪᛏᛖᚱ,495
doorposts,117246,0,ᛞᚩᚩᚱᛈᚩᛋᛏᛋ,329
vermifuge,117227,0,ᚢᛖᚱᛗᛁᚠᚢᚷᛖ,272
healthfully,117151,0,ᚻᛠᛚᚦᚠᚢᛚᛚᚣ,464
prostates,117146,0,ᛈᚱᚩᛋᛏᚪᛏᛖᛋ,449
mountable,117109,0,ᛗᚩᚢᚾᛏᚪᛒᛚᛖ,467
hieracium,117108,0,ᚻᛁᛖᚱᚪᚳᛁᚢᛗ,347
turgidity,117107,0,ᛏᚢᚱᚷᛁᛞᛁᛏᚣ,403
doorknobs,117100,0,ᛞᚩᚩᚱᚳᚾᚩᛒᛋ,277
praesidium,117094,0,ᛈᚱᚫᛋᛁᛞᛁᚢᛗ,433
cufflinks,117074,0,ᚳᚢᚠᚠᛚᛁᚾᚳᛋ,219
postnasal,116961,0,ᛈᚩᛋᛏᚾᚪᛋᚪᛚ,511
corkboard,116914,0,ᚳᚩᚱᚳᛒᚩᚪᚱᛞ,309
vampirism,116893,0,ᚢᚪᛗᛈᛁᚱᛁᛋᛗ,411
unwatched,116866,0,ᚢᚾᚹᚪᛏᚳᚻᛖᛞ,399
bacchanal,116839,0,ᛒᚪᚳᚳᚻᚪᚾᚪᛚ,503
sturdiest,116805,0,ᛋᛏᚢᚱᛞᛁᛖᛋᛏ,425
horsewhip,116690,0,ᚻᚩᚱᛋᛖᚹᚻᛁᛈ,277
penumbral,116688,0,ᛈᛖᚾᚢᛗᛒᚱᚪᛚ,455
neversink,116580,0,ᚾᛖᚢᛖᚱᛋᛁᚾᚳ,303
pelecypod,116565,0,ᛈᛖᛚᛖᚳᚣᛈᚩᛞ,505
balancers,116496,0,ᛒᚪᛚᚪᚾᚳᛖᚱᛋ,501
bootblack,116438,0,ᛒᚩᚩᛏᛒᛚᚪᚳᚳ,391
exequatur,116429,0,ᛖᛉᛖᚳᚹᚪᛏᚢᚱ,383
infuscate,116358,0,ᛁᚾᚠᚢᛋᚳᚪᛏᛖ,354
arduously,116278,0,ᚪᚱᛞᚢᚩᚢᛋᛚᚣ,439
debateable,116274,0,ᛞᛖᛒᚪᛏᛠᛒᛚᛖ,683
carbamide,116267,0,ᚳᚪᚱᛒᚪᛗᛁᛞᛖ,537
namesakes,116248,0,ᚾᚪᛗᛖᛋᚪᚳᛖᛋ,547
dishwater,116238,0,ᛞᛁᛋᚻᚹᚪᛏᛖᚱ,449
paratroop,116187,0,ᛈᚪᚱᚪᛏᚱᚩᚩᛈ,375
snakelike,116183,0,ᛋᚾᚪᚳᛖᛚᛁᚳᛖ,443
torpidity,116182,0,ᛏᚩᚱᛈᛁᛞᛁᛏᚣ,433
asafoetida,115998,0,ᚪᛋᚪᚠᛟᛏᛁᛞᚪ,608
stuporous,115997,0,ᛋᛏᚢᛈᚩᚱᚩᚢᛋ,239
sunshades,115918,0,ᛋᚢᚾᛋᚻᚪᛞᛖᛋ,467
retrenching,115898,0,ᚱᛖᛏᚱᛖᚾᚳᚻᛝ,359
apodictic,115822,0,ᚪᛈᚩᛞᛁᚳᛏᛁᚳ,383
sandflies,115797,0,ᛋᚪᚾᛞᚠᛚᛁᛖᛋ,494
incommode,115732,0,ᛁᚾᚳᚩᛗᛗᚩᛞᛖ,385
hydropathy,115715,0,ᚻᚣᛞᚱᚩᛈᚪᚦᚣ,481
sheetrock,115689,0,ᛋᚻᛖᛖᛏᚱᚩᚳᚳ,313
palsgrave,115651,0,ᛈᚪᛚᛋᚷᚱᚪᚢᛖ,461
reenforce,115598,0,ᚱᛖᛖᚾᚠᚩᚱᚳᛖ,274
tantalize,115582,0,ᛏᚪᚾᛏᚪᛚᛁᛋᛖ,565
phyllodes,115512,0,ᛈᚻᚣᛚᛚᚩᛞᛖᛋ,531
amygdalin,115480,0,ᚪᛗᚣᚷᛞᚪᛚᛁᚾ,607
unannealed,115447,0,ᚢᚾᚪᚾᚾᛠᛚᛖᛞ,525
delphinus,115362,0,ᛞᛖᛚᛈᚻᛁᚾᚢᛋ,411
tobogganing,115354,0,ᛏᚩᛒᚩᚷᚷᚪᚾᛝ,373
scentless,115336,0,ᛋᚳᛖᚾᛏᛚᛖᛋᛋ,467
retroflex,115324,0,ᚱᛖᛏᚱᚩᚠᛚᛖᛉ,344
reapportion,115289,0,ᚱᛠᛈᛈᚩᚱᛏᛡᚾ,419
dispassion,115227,0,ᛞᛁᛋᛈᚪᛋᛋᛡᚾ,555
insouciant,115163,0,ᛁᚾᛋᚩᚢᚳᛡᚾᛏ,331
rectifies,115135,0,ᚱᛖᚳᛏᛁᚠᛁᛖᛋ,334
meadowland,115090,0,ᛗᛠᛞᚩᚹᛚᚪᚾᛞ,583
vacationed,115073,0,ᚢᚪᚳᚪᛏᛡᚾᛖᛞ,561
postulant,114912,0,ᛈᚩᛋᛏᚢᛚᚪᚾᛏ,423
meagreness,114651,0,ᛗᛠᚷᚱᛖᚾᛖᛋᛋ,477
salesgirl,114552,0,ᛋᚪᛚᛖᛋᚷᛁᚱᛚ,475
amorality,114427,0,ᚪᛗᚩᚱᚪᛚᛁᛏᚣ,549
beclouded,114321,0,ᛒᛖᚳᛚᚩᚢᛞᛖᛞ,469
flashlamp,114293,0,ᚠᛚᚪᛋᚻᛚᚪᛗᛈ,532
amaterasu,114107,0,ᚪᛗᚪᛏᛖᚱᚪᛋᚢ,555
procurers,114069,0,ᛈᚱᚩᚳᚢᚱᛖᚱᛋ,219
flimsiest,114003,0,ᚠᛚᛁᛗᛋᛁᛖᛋᛏ,440
cuckolded,113999,0,ᚳᚢᚳᚳᚩᛚᛞᛖᛞ,367
blowtorch,113963,0,ᛒᛚᚩᚹᛏᚩᚱᚳᚻ,273
enlargers,113922,0,ᛖᚾᛚᚪᚱᚷᛖᚱᛋ,425
milkmaids,113913,0,ᛗᛁᛚᚳᛗᚪᛁᛞᛋ,529
socialites,113877,0,ᛋᚩᚳᛡᛚᛁᛏᛖᛋ,463
washerman,113819,0,ᚹᚪᛋᚻᛖᚱᛗᚪᚾ,467
poisoners,113741,0,ᛈᚩᛁᛋᚩᚾᛖᚱᛋ,301
beautifies,113693,0,ᛒᛠᚢᛏᛁᚠᛁᛖᛋ,416
rhodonite,113629,0,ᚱᚻᚩᛞᚩᚾᛁᛏᛖ,323
proleptic,113621,0,ᛈᚱᚩᛚᛖᛈᛏᛁᚳ,347
decreasingly,113582,0,ᛞᛖᚳᚱᛠᛋᛝᛚᚣ,597
sociologic,113575,0,ᛋᚩᚳᛡᛚᚩᚷᛁᚳ,321
sagittate,113560,0,ᛋᚪᚷᛁᛏᛏᚪᛏᛖ,539
prankster,113495,0,ᛈᚱᚪᚾᚳᛋᛏᛖᚱ,383
funnelled,113415,0,ᚠᚢᚾᚾᛖᛚᛚᛖᛞ,432
runaround,113338,0,ᚱᚢᚾᚪᚱᚩᚢᚾᛞ,279
browbeaten,113313,0,ᛒᚱᚩᚹᛒᛠᛏᛖᚾ,423
embezzler,113253,0,ᛖᛗᛒᛖᛋᛋᛚᛖᚱ,523
fermentum,113221,0,ᚠᛖᚱᛗᛖᚾᛏᚢᛗ,380
undershot,113198,0,ᚢᚾᛞᛖᚱᛋᚻᚩᛏ,341
accredits,113064,0,ᚪᚳᚳᚱᛖᛞᛁᛏᛋ,433
branchlet,112939,0,ᛒᚱᚪᚾᚳᚻᛚᛖᛏ,433
mouldered,112920,0,ᛗᚩᚢᛚᛞᛖᚱᛖᛞ,477
truncates,112906,0,ᛏᚱᚢᚾᚳᚪᛏᛖᛋ,391
resurveys,112902,0,ᚱᛖᛋᚢᚱᚢᛖᚣᛋ,371
cunnilingus,112901,0,ᚳᚢᚾᚾᛁᛚᛝᚢᛋ,313
iguanodon,112880,0,ᛁᚷᚢᚪᚾᚩᛞᚩᚾ,309
convolved,112862,0,ᚳᚩᚾᚢᚩᛚᚢᛖᛞ,291
matricide,112813,0,ᛗᚪᛏᚱᛁᚳᛁᛞᛖ,469
cedarwood,112796,0,ᚳᛖᛞᚪᚱᚹᚩᚩᛞ,399
cerussite,112791,0,ᚳᛖᚱᚢᛋᛋᛁᛏᛖ,357
unuttered,112787,0,ᚢᚾᚢᛏᛏᛖᚱᛖᛞ,387
previsions,112754,0,ᛈᚱᛖᚢᛁᛋᛡᚾᛋ,397
jobcentre,112742,0,ᛂᚩᛒᚳᛖᚾᛏᚱᛖ,351
roadsters,112725,0,ᚱᚩᚪᛞᛋᛏᛖᚱᛋ,447
whereafter,112714,0,ᚹᚻᛖᚱᛠᚠᛏᛖᚱ,368
purebreds,112703,0,ᛈᚢᚱᛖᛒᚱᛖᛞᛋ,405
triturate,112635,0,ᛏᚱᛁᛏᚢᚱᚪᛏᛖ,397
inkstands,112629,0,ᛁᚾᚳᛋᛏᚪᚾᛞᛋ,453
margarite,112621,0,ᛗᚪᚱᚷᚪᚱᛁᛏᛖ,461
outshines,112607,0,ᚩᚢᛏᛋᚻᛁᚾᛖᛋ,325
backdated,112606,0,ᛒᚪᚳᚳᛞᚪᛏᛖᛞ,585
bandicoot,112577,0,ᛒᚪᚾᛞᛁᚳᚩᚩᛏ,393
chromogen,112565,0,ᚳᚻᚱᚩᛗᚩᚷᛖᚾ,245
aerobatics,112506,0,ᚫᚱᚩᛒᚪᛏᛁᚳᛋ,433
archenemy,112486,0,ᚪᚱᚳᚻᛖᚾᛖᛗᚣ,481
populates,112464,0,ᛈᚩᛈᚢᛚᚪᛏᛖᛋ,445
apophatic,112403,0,ᚪᛈᚩᛈᚻᚪᛏᛁᚳ,413
henpecked,112395,0,ᚻᛖᚾᛈᛖᚳᚳᛖᛞ,411
monachism,112364,0,ᛗᚩᚾᚪᚳᚻᛁᛋᛗ,395
caryopsis,112206,0,ᚳᚪᚱᚣᚩᛈᛋᛁᛋ,411
hypothetic,112204,0,ᚻᚣᛈᚩᚦᛖᛏᛁᚳ,351
pettishly,112174,0,ᛈᛖᛏᛏᛁᛋᚻᛚᚣ,511
bryophyte,112166,0,ᛒᚱᚣᚩᛈᚻᚣᛏᛖ,477
despisers,112149,0,ᛞᛖᛋᛈᛁᛋᛖᚱᛋ,467
transfuse,112026,0,ᛏᚱᚪᚾᛋᚠᚢᛋᛖ,374
humanoids,111974,0,ᚻᚢᛗᚪᚾᚩᛁᛞᛋ,403
monastics,111959,0,ᛗᚩᚾᚪᛋᛏᛁᚳᛋ,413
hypertonia,111955,0,ᚻᚣᛈᛖᚱᛏᚩᚾᛡ,449
bargainer,111938,0,ᛒᚪᚱᚷᚪᛁᚾᛖᚱ,421
starkness,111738,0,ᛋᛏᚪᚱᚳᚾᛖᛋᛋ,435
unglaciated,111732,0,ᚢᛝᛚᚪᚳᛡᛏᛖᛞ,587
defoliants,111706,0,ᛞᛖᚠᚩᛚᛡᚾᛏᛋ,486
eructation,111563,0,ᛖᚱᚢᚳᛏᚪᛏᛡᚾ,445
belabored,111478,0,ᛒᛖᛚᚪᛒᚩᚱᛖᛞ,533
otologist,111458,0,ᚩᛏᚩᛚᚩᚷᛁᛋᛏ,313
maccabeus,111458,0,ᛗᚪᚳᚳᚪᛒᛖᚢᛋ,475
audiograms,111382,0,ᚪᚢᛞᛡᚷᚱᚪᛗᛋ,545
streights,111248,0,ᛋᛏᚱᛖᛁᚷᚻᛏᛋ,373
housecoat,111222,0,ᚻᚩᚢᛋᛖᚳᚩᚪᛏ,329
exarchate,111121,0,ᛖᛉᚪᚱᚳᚻᚪᛏᛖ,481
synonymes,111088,0,ᛋᚣᚾᚩᚾᚣᛗᛖᛋ,515
caespitose,111025,0,ᚳᚫᛋᛈᛁᛏᚩᛋᛖ,427
cuirasses,110978,0,ᚳᚢᛁᚱᚪᛋᛋᛖᛋ,381
unnameable,110966,0,ᚢᚾᚾᚪᛗᛠᛒᛚᛖ,539
spiderweb,110935,0,ᛋᛈᛁᛞᛖᚱᚹᛖᛒ,441
dignifies,110883,0,ᛞᛁᚷᚾᛁᚠᛁᛖᛋ,350
timetabling,110862,0,ᛏᛁᛗᛖᛏᚪᛒᛚᛝ,597
cubbyhole,110837,0,ᚳᚢᛒᛒᚣᚻᚩᛚᛖ,411
rectocele,110743,0,ᚱᛖᚳᛏᚩᚳᛖᛚᛖ,377
flashbulb,110715,0,ᚠᛚᚪᛋᚻᛒᚢᛚᛒ,446
fussiness,110709,0,ᚠᚢᛋᛋᛁᚾᛖᛋᛋ,344
nominator,110675,0,ᚾᚩᛗᛁᚾᚪᛏᚩᚱ,341
stammerer,110634,0,ᛋᛏᚪᛗᛗᛖᚱᛖᚱ,507
blackheads,110615,0,ᛒᛚᚪᚳᚳᚻᛠᛞᛋ,531
waterworn,110612,0,ᚹᚪᛏᛖᚱᚹᚩᚱᚾ,319
redeliver,110577,0,ᚱᛖᛞᛖᛚᛁᚢᛖᚱ,419
prodigals,110473,0,ᛈᚱᚩᛞᛁᚷᚪᛚᛋ,421
protracting,110453,0,ᛈᚱᚩᛏᚱᚪᚳᛏᛝ,379
airscrews,110439,0,ᚪᛁᚱᛋᚳᚱᛖᚹᛋ,355
basophilia,110385,0,ᛒᚪᛋᚩᛈᚻᛁᛚᛡ,495
anatomies,110340,0,ᚪᚾᚪᛏᚩᛗᛁᛖᛋ,511
inanities,110336,0,ᛁᚾᚪᚾᛁᛏᛁᛖᛋ,427
birchbark,110190,0,ᛒᛁᚱᚳᚻᛒᚪᚱᚳ,321
postilions,110119,0,ᛈᚩᛋᛏᛁᛚᛡᚾᛋ,455
kittiwake,110116,0,ᚳᛁᛏᛏᛁᚹᚪᚳᛖ,389
sandwiching,110041,0,ᛋᚪᚾᛞᚹᛁᚳᚻᛝ,433
debouched,110001,0,ᛞᛖᛒᚩᚢᚳᚻᛖᛞ,419
ejaculating,109940,0,ᛖᛂᚪᚳᚢᛚᚪᛏᛝ,525
mustachios,109885,0,ᛗᚢᛋᛏᚪᚳᚻᛡᛋ,479
clearheaded,109841,0,ᚳᛚᛠᚱᚻᛠᛞᛖᛞ,583
firebreaks,109781,0,ᚠᛁᚱᛖᛒᚱᛠᚳᛋ,358
mongoloids,109683,0,ᛗᚩᛝᚩᛚᚩᛁᛞᛋ,417
treadmills,109639,0,ᛏᚱᛠᛞᛗᛁᛚᛚᛋ,569
videodiscs,109602,0,ᚢᛁᛞᛇᛞᛁᛋᚳᛋ,403
tonometry,109585,0,ᛏᚩᚾᚩᛗᛖᛏᚱᚣ,413
periclase,109567,0,ᛈᛖᚱᛁᚳᛚᚪᛋᛖ,455
reclaimer,109484,0,ᚱᛖᚳᛚᚪᛁᛗᛖᚱ,441
wordiness,109465,0,ᚹᚩᚱᛞᛁᚾᛖᛋᛋ,359
buoyantly,109430,0,ᛒᚢᚩᚣᚪᚾᛏᛚᚣ,535
kymograph,109413,0,ᚳᚣᛗᚩᚷᚱᚪᛈᚻ,385
armorican,109345,0,ᚪᚱᛗᚩᚱᛁᚳᚪᚾ,367
solecisms,109319,0,ᛋᚩᛚᛖᚳᛁᛋᛗᛋ,421
barograph,109210,0,ᛒᚪᚱᚩᚷᚱᚪᛈᚻ,367
satirised,109203,0,ᛋᚪᛏᛁᚱᛁᛋᛖᛞ,491
clothespin,109169,0,ᚳᛚᚩᚦᛖᛋᛈᛁᚾ,321
greatcoats,109050,0,ᚷᚱᛠᛏᚳᚩᚪᛏᛋ,425
orography,108780,0,ᚩᚱᚩᚷᚱᚪᛈᚻᚣ,319
strychnos,108779,0,ᛋᛏᚱᚣᚳᚻᚾᚩᛋ,351
calamites,108739,0,ᚳᚪᛚᚪᛗᛁᛏᛖᛋ,561
corbelled,108688,0,ᚳᚩᚱᛒᛖᛚᛚᛖᛞ,461
grandeurs,108648,0,ᚷᚱᚪᚾᛞᛖᚢᚱᛋ,377
hitchhike,108549,0,ᚻᛁᛏᚳᚻᚻᛁᚳᛖ,283
fricassee,108541,0,ᚠᚱᛁᚳᚪᛋᛋᛖᛖ,394
cyclorama,108360,0,ᚳᚣᚳᛚᚩᚱᚪᛗᚪ,485
sparklers,108315,0,ᛋᛈᚪᚱᚳᛚᛖᚱᛋ,421
argentite,108239,0,ᚪᚱᚷᛖᚾᛏᛁᛏᛖ,437
pinstripe,108225,0,ᛈᛁᚾᛋᛏᚱᛁᛈᛖ,367
overvalue,108154,0,ᚩᚢᛖᚱᚢᚪᛚᚢᛖ,331
phratries,108037,0,ᛈᚻᚱᚪᛏᚱᛁᛖᛋ,395
erechtheus,108031,0,ᛖᚱᛖᚳᚻᚦᛖᚢᛋ,309
unhatched,107940,0,ᚢᚾᚻᚪᛏᚳᚻᛖᛞ,403
unwieldly,107896,0,ᚢᚾᚹᛁᛖᛚᛞᛚᚣ,487
ideologist,107876,0,ᛁᛞᛇᛚᚩᚷᛁᛋᛏ,401
hyacinthus,107782,0,ᚻᚣᚪᚳᛁᚾᚦᚢᛋ,357
acrostics,107738,0,ᚪᚳᚱᚩᛋᛏᛁᚳᛋ,337
unclassed,107736,0,ᚢᚾᚳᛚᚪᛋᛋᛖᛞ,477
squiggles,107711,0,ᛋᚳᚹᛁᚷᚷᛚᛖᛋ,343
nightwork,107625,0,ᚾᛁᚷᚻᛏᚹᚩᚱᚳ,209
gutturals,107557,0,ᚷᚢᛏᛏᚢᚱᚪᛚᛋ,375
sketchpad,107554,0,ᛋᚳᛖᛏᚳᚻᛈᚪᛞ,457
sticklers,107502,0,ᛋᛏᛁᚳᚳᛚᛖᚱᛋ,373
caudillos,107458,0,ᚳᚪᚢᛞᛁᛚᛚᚩᛋ,439
riverbeds,107452,0,ᚱᛁᚢᛖᚱᛒᛖᛞᛋ,393
stomacher,107400,0,ᛋᛏᚩᛗᚪᚳᚻᛖᚱ,401
artlessly,107381,0,ᚪᚱᛏᛚᛖᛋᛋᛚᚣ,589
abominate,107359,0,ᚪᛒᚩᛗᛁᚾᚪᛏᛖ,519
derogated,107345,0,ᛞᛖᚱᚩᚷᚪᛏᛖᛞ,503
honeywood,107154,0,ᚻᚩᚾᛖᚣᚹᚩᚩᛞ,351
mockeries,107099,0,ᛗᚩᚳᚳᛖᚱᛁᛖᛋ,333
deciliter,107097,0,ᛞᛖᚳᛁᛚᛁᛏᛖᚱ,441
semifinal,107054,0,ᛋᛖᛗᛁᚠᛁᚾᚪᛚ,454
paramours,106987,0,ᛈᚪᚱᚪᛗᚩᚢᚱᛋ,393
sensitising,106924,0,ᛋᛖᚾᛋᛁᛏᛁᛋᛝ,455
barkeeper,106914,0,ᛒᚪᚱᚳᛖᛖᛈᛖᚱ,437
springhouse,106878,0,ᛋᛈᚱᛝᚻᚩᚢᛋᛖ,339
toilettes,106873,0,ᛏᚩᛁᛚᛖᛏᛏᛖᛋ,475
phalanxes,106809,0,ᛈᚻᚪᛚᚪᚾᛉᛖᛋ,529
vendettas,106802,0,ᚢᛖᚾᛞᛖᛏᛏᚪᛋ,523
hypoblast,106475,0,ᚻᚣᛈᚩᛒᛚᚪᛋᛏ,519
redeposit,106463,0,ᚱᛖᛞᛖᛈᚩᛋᛁᛏ,427
prebendal,106459,0,ᛈᚱᛖᛒᛖᚾᛞᚪᛚ,537
elephanta,106438,0,ᛖᛚᛖᛈᚻᚪᚾᛏᚪ,555
teleworking,106395,0,ᛏᛖᛚᛖᚹᚩᚱᚳᛝ,395
promethium,106395,0,ᛈᚱᚩᛗᛖᚦᛁᚢᛗ,309
defroster,106395,0,ᛞᛖᚠᚱᚩᛋᛏᛖᚱ,366
secessions,106372,0,ᛋᛖᚳᛖᛋᛋᛡᚾᛋ,495
horehound,106354,0,ᚻᚩᚱᛖᚻᚩᚢᚾᛞ,259
spareribs,106291,0,ᛋᛈᚪᚱᛖᚱᛁᛒᛋ,427
traverser,106206,0,ᛏᚱᚪᚢᛖᚱᛋᛖᚱ,379
exosphere,106205,0,ᛖᛉᚩᛋᛈᚻᛖᚱᛖ,385
flowerets,106095,0,ᚠᛚᚩᚹᛖᚱᛖᛏᛋ,358
idolators,106041,0,ᛁᛞᚩᛚᚪᛏᚩᚱᛋ,427
palinurus,105841,0,ᛈᚪᛚᛁᚾᚢᚱᚢᛋ,343
revivifying,105762,0,ᚱᛖᚢᛁᚢᛁᚠᚣᛝ,330
unwomanly,105724,0,ᚢᚾᚹᚩᛗᚪᚾᛚᚣ,431
digitalin,105676,0,ᛞᛁᚷᛁᛏᚪᛚᛁᚾ,457
ashkhabad,105667,0,ᚪᛋᚻᚳᚻᚪᛒᚪᛞ,553
icelander,105487,0,ᛁᚳᛖᛚᚪᚾᛞᛖᚱ,477
hellenist,105486,0,ᚻᛖᛚᛚᛖᚾᛁᛋᛏ,475
scantiest,105478,0,ᛋᚳᚪᚾᛏᛁᛖᛋᛏ,461
plasmatic,105441,0,ᛈᛚᚪᛋᛗᚪᛏᛁᚳ,537
animalism,105423,0,ᚪᚾᛁᛗᚪᛚᛁᛋᛗ,553
astrophel,105373,0,ᚪᛋᛏᚱᚩᛈᚻᛖᛚ,433
helminthic,105164,0,ᚻᛖᛚᛗᛁᚾᚦᛁᚳ,343
biconcave,105136,0,ᛒᛁᚳᚩᚾᚳᚪᚢᛖ,321
roleplaying,105115,0,ᚱᚩᛚᛖᛈᛚᚪᚣᛝ,553
beerhouse,104993,0,ᛒᛖᛖᚱᚻᚩᚢᛋᛖ,359
tocantins,104956,0,ᛏᚩᚳᚪᚾᛏᛁᚾᛋ,377
categoric,104932,0,ᚳᚪᛏᛖᚷᚩᚱᛁᚳ,315
corrupter,104905,0,ᚳᚩᚱᚱᚢᛈᛏᛖᚱ,225
penistone,104853,0,ᛈᛖᚾᛁᛋᛏᚩᚾᛖ,385
humpbacks,104817,0,ᚻᚢᛗᛈᛒᚪᚳᚳᛋ,377
alternant,104811,0,ᚪᛚᛏᛖᚱᚾᚪᚾᛏ,521
sigillaria,104806,0,ᛋᛁᚷᛁᛚᛚᚪᚱᛡ,493
achaemenian,104748,0,ᚪᚳᚻᚫᛗᛖᚾᛡᚾ,537
bedizened,104742,0,ᛒᛖᛞᛁᛋᛖᚾᛖᛞ,553
scrubland,104739,0,ᛋᚳᚱᚢᛒᛚᚪᚾᛞ,429
carapaces,104727,0,ᚳᚪᚱᚪᛈᚪᚳᛖᛋ,491
roadsteads,104662,0,ᚱᚩᚪᛞᛋᛏᛠᛞᛋ,567
reconvert,104645,0,ᚱᛖᚳᚩᚾᚢᛖᚱᛏ,267
mustached,104633,0,ᛗᚢᛋᛏᚪᚳᚻᛖᛞ,475
nullities,104493,0,ᚾᚢᛚᛚᛁᛏᛁᛖᛋ,419
epidermic,104450,0,ᛖᛈᛁᛞᛖᚱᛗᛁᚳ,423
deerskins,104399,0,ᛞᛖᛖᚱᛋᚳᛁᚾᛋ,413
expatiates,104292,0,ᛖᛉᛈᚪᛏᛡᛏᛖᛋ,599
foreknown,104291,0,ᚠᚩᚱᛖᚳᚾᚩᚹᚾ,184
knowingness,104239,0,ᚳᚾᚩᚹᛝᚾᛖᛋᛋ,349
guarnieri,104234,0,ᚷᚢᚪᚱᚾᛁᛖᚱᛁ,297
callosity,104205,0,ᚳᚪᛚᛚᚩᛋᛁᛏᚣ,509
easterlies,104150,0,ᛠᛋᛏᛖᚱᛚᛁᛖᛋ,523
woodcutting,104135,0,ᚹᚩᚩᛞᚳᚢᛏᛏᛝ,335
unthreatening,104129,0,ᚢᚾᚦᚱᛠᛏᛖᚾᛝ,391
terrapins,104111,0,ᛏᛖᚱᚱᚪᛈᛁᚾᛋ,401
holdovers,104094,0,ᚻᚩᛚᛞᚩᚢᛖᚱᛋ,333
groundlings,104093,0,ᚷᚱᚩᚢᚾᛞᛚᛝᛋ,361
coalmines,104056,0,ᚳᚩᚪᛚᛗᛁᚾᛖᛋ,441
tungstates,103966,0,ᛏᚢᛝᛋᛏᚪᛏᛖᛋ,529
enchilada,103870,0,ᛖᚾᚳᚻᛁᛚᚪᛞᚪ,519
solidated,103857,0,ᛋᚩᛚᛁᛞᚪᛏᛖᛞ,565
tanzanians,103840,0,ᛏᚪᚾᛋᚪᚾᛡᚾᛋ,553
unclipped,103785,0,ᚢᚾᚳᛚᛁᛈᛈᛖᛞ,391
vulcanism,103748,0,ᚢᚢᛚᚳᚪᚾᛁᛋᛗ,373
manhandling,103665,0,ᛗᚪᚾᚻᚪᚾᛞᛚᛝ,587
patriciate,103628,0,ᛈᚪᛏᚱᛁᚳᛡᛏᛖ,487
italicize,103521,0,ᛁᛏᚪᛚᛁᚳᛁᛋᛖ,455
allophone,103497,0,ᚪᛚᛚᚩᛈᚻᚩᚾᛖ,419
chandlery,103481,0,ᚳᚻᚪᚾᛞᛚᛖᚱᚣ,505
sterilise,103442,0,ᛋᛏᛖᚱᛁᛚᛁᛋᛖ,445
criterions,103413,0,ᚳᚱᛁᛏᛖᚱᛡᚾᛋ,381
unsaddled,103408,0,ᚢᚾᛋᚪᛞᛞᛚᛖᛞ,589
imageries,103370,0,ᛁᛗᚪᚷᛖᚱᛁᛖᛋ,445
orientating,103354,0,ᚩᚱᛁᛖᚾᛏᚪᛏᛝ,439
saleslady,103294,0,ᛋᚪᛚᛖᛋᛚᚪᛞᚣ,705
batholithic,103265,0,ᛒᚪᚦᚩᛚᛁᚦᛁᚳ,323
servilely,103226,0,ᛋᛖᚱᚢᛁᛚᛖᛚᚣ,481
malingerers,103219,0,ᛗᚪᛚᛝᛖᚱᛖᚱᛋ,529
expansile,103219,0,ᛖᛉᛈᚪᚾᛋᛁᛚᛖ,507
humiliates,103130,0,ᚻᚢᛗᛁᛚᛡᛏᛖᛋ,487
dogmatize,103028,0,ᛞᚩᚷᛗᚪᛏᛁᛋᛖ,491
oudenarde,103027,0,ᚩᚢᛞᛖᚾᚪᚱᛞᛖ,459
synergist,102980,0,ᛋᚣᚾᛖᚱᚷᛁᛋᛏ,423
korzybski,102978,0,ᚳᚩᚱᛋᚣᛒᛋᚳᛁ,345
hypnotizing,102967,0,ᚻᚣᛈᚾᚩᛏᛁᛋᛝ,427
adulatory,102949,0,ᚪᛞᚢᛚᚪᛏᚩᚱᚣ,539
oregonians,102885,0,ᚩᚱᛖᚷᚩᚾᛡᚾᛋ,327
barricading,102769,0,ᛒᚪᚱᚱᛁᚳᚪᛞᛝ,489
morticians,102747,0,ᛗᚩᚱᛏᛁᚳᛡᚾᛋ,381
unplanted,102693,0,ᚢᚾᛈᛚᚪᚾᛏᛖᛞ,489
androgyne,102692,0,ᚪᚾᛞᚱᚩᚷᚣᚾᛖ,449
tacticians,102687,0,ᛏᚪᚳᛏᛁᚳᛡᚾᛋ,461
fructidor,102647,0,ᚠᚱᚢᚳᛏᛁᛞᚩᚱ,226
mandolins,102639,0,ᛗᚪᚾᛞᚩᛚᛁᚾᛋ,479
excavates,102603,0,ᛖᛉᚳᚪᚢᚪᛏᛖᛋ,503
lifespans,102592,0,ᛚᛁᚠᛖᛋᛈᚪᚾᛋ,448
fooleries,102574,0,ᚠᚩᚩᛚᛖᚱᛁᛖᛋ,318
villanies,102561,0,ᚢᛁᛚᛚᚪᚾᛁᛖᛋ,457
redoubted,102547,0,ᚱᛖᛞᚩᚢᛒᛏᛖᛞ,453
snakeskin,102471,0,ᛋᚾᚪᚳᛖᛋᚳᛁᚾ,385
corallina,102432,0,ᚳᚩᚱᚪᛚᛚᛁᚾᚪ,431
birthmarks,102426,0,ᛒᛁᚱᚦᛗᚪᚱᚳᛋ,353
intensions,102238,0,ᛁᚾᛏᛖᚾᛋᛡᚾᛋ,457
bollworms,102205,0,ᛒᚩᛚᛚᚹᚩᚱᛗᛋ,375
peeresses,102173,0,ᛈᛖᛖᚱᛖᛋᛋᛖᛋ,481
limburger,102169,0,ᛚᛁᛗᛒᚢᚱᚷᛖᚱ,345
tamarinds,102152,0,ᛏᚪᛗᚪᚱᛁᚾᛞᛋ,537
washhouse,102129,0,ᚹᚪᛋᚻᚻᚩᚢᛋᛖ,345
aventures,102122,0,ᚪᚢᛖᚾᛏᚢᚱᛖᛋ,389
sugarless,102079,0,ᛋᚢᚷᚪᚱᛚᛖᛋᛋ,427
longhaired,102075,0,ᛚᚩᛝᚻᚪᛁᚱᛖᛞ,477
confidingly,102064,0,ᚳᚩᚾᚠᛁᛞᛝᛚᚣ,426
ladybirds,102013,0,ᛚᚪᛞᚣᛒᛁᚱᛞᛋ,607
underrating,101960,0,ᚢᚾᛞᛖᚱᚱᚪᛏᛝ,445
inunctions,101903,0,ᛁᚾᚢᚾᚳᛏᛡᚾᛋ,353
mutilates,101868,0,ᛗᚢᛏᛁᛚᚪᛏᛖᛋ,513
souverain,101863,0,ᛋᚩᚢᚢᛖᚱᚪᛁᚾ,301
interleave,101840,0,ᛁᚾᛏᛖᚱᛚᛠᚢᛖ,449
fistfight,101783,0,ᚠᛁᛋᛏᚠᛁᚷᚻᛏ,277
franklins,101780,0,ᚠᚱᚪᚾᚳᛚᛁᚾᛋ,338
jesuitism,101774,0,ᛂᛖᛋᚢᛁᛏᛁᛋᛗ,405
oversteps,101763,0,ᚩᚢᛖᚱᛋᛏᛖᛈᛋ,363
quittance,101732,0,ᚳᚹᛁᛏᛏᚪᚾᚳᛖ,387
outboards,101722,0,ᚩᚢᛏᛒᚩᚪᚱᛞᛋ,387
scribblings,101651,0,ᛋᚳᚱᛁᛒᛒᛚᛝᛋ,435
traceries,101574,0,ᛏᚱᚪᚳᛖᚱᛁᛖᛋ,409
titillate,101526,0,ᛏᛁᛏᛁᛚᛚᚪᛏᛖ,549
trailheads,101515,0,ᛏᚱᚪᛁᛚᚻᛠᛞᛋ,545
mendelism,101441,0,ᛗᛖᚾᛞᛖᛚᛁᛋᛗ,551
boldfaced,101414,0,ᛒᚩᛚᛞᚠᚪᚳᛖᛞ,498
antivenom,101399,0,ᚪᚾᛏᛁᚢᛖᚾᚩᛗ,393
backaches,101269,0,ᛒᚪᚳᚳᚪᚳᚻᛖᛋ,437
fifteenths,101239,0,ᚠᛁᚠᛏᛖᛖᚾᚦᛋ,315
bedcovers,101215,0,ᛒᛖᛞᚳᚩᚢᛖᚱᛋ,371
predecease,101122,0,ᛈᚱᛖᛞᛖᚳᛠᛋᛖ,519
uncreative,101121,0,ᚢᚾᚳᚱᛠᛏᛁᚢᛖ,325
parnassian,101050,0,ᛈᚪᚱᚾᚪᛋᛋᛡᚾ,519
steepened,101000,0,ᛋᛏᛖᛖᛈᛖᚾᛖᛞ,541
overbuilt,100964,0,ᚩᚢᛖᚱᛒᚢᛁᛚᛏ,315
stockfish,100940,0,ᛋᛏᚩᚳᚳᚠᛁᛋᚻ,254
deodorizer,100913,0,ᛞᛇᛞᚩᚱᛁᛋᛖᚱ,399
indecorum,100878,0,ᛁᚾᛞᛖᚳᚩᚱᚢᛗ,321
algerines,100747,0,ᚪᛚᚷᛖᚱᛁᚾᛖᛋ,445
unreasoned,100660,0,ᚢᚾᚱᛠᛋᚩᚾᛖᛞ,397
lawbreaker,100656,0,ᛚᚪᚹᛒᚱᛠᚳᛖᚱ,461
cuspidors,100630,0,ᚳᚢᛋᛈᛁᛞᚩᚱᛋ,303
runabouts,100610,0,ᚱᚢᚾᚪᛒᚩᚢᛏᛋ,323
martinico,100506,0,ᛗᚪᚱᛏᛁᚾᛁᚳᚩ,349
affricate,100492,0,ᚪᚠᚠᚱᛁᚳᚪᛏᛖ,379
remoulded,100417,0,ᚱᛖᛗᚩᚢᛚᛞᛖᛞ,477
araucanian,100403,0,ᚪᚱᚪᚢᚳᚪᚾᛡᚾ,483
errorless,100390,0,ᛖᚱᚱᚩᚱᛚᛖᛋᛋ,353
monomaniac,100383,0,ᛗᚩᚾᚩᛗᚪᚾᛡᚳ,431
songstress,100374,0,ᛋᚩᛝᛋᛏᚱᛖᛋᛋ,435
bronchiole,100371,0,ᛒᚱᚩᚾᚳᚻᛡᛚᛖ,391
thitherward,100300,0,ᚦᛁᚦᛖᚱᚹᚪᚱᛞ,335
blowflies,100282,0,ᛒᛚᚩᚹᚠᛚᛁᛖᛋ,386
humanised,100256,0,ᚻᚢᛗᚪᚾᛁᛋᛖᛞ,463
rancherias,100195,0,ᚱᚪᚾᚳᚻᛖᚱᛡᛋ,411
tarnishes,100177,0,ᛏᚪᚱᚾᛁᛋᚻᛖᛋ,423
defecated,100087,0,ᛞᛖᚠᛖᚳᚪᛏᛖᛞ,550
headwaiter,100052,0,ᚻᛠᛞᚹᚪᛁᛏᛖᚱ,505
splotched,100046,0,ᛋᛈᛚᚩᛏᚳᚻᛖᛞ,427
consolingly,100045,0,ᚳᚩᚾᛋᚩᛚᛝᛚᚣ,437
exigences,99979,0,ᛖᛉᛁᚷᛖᚾᚳᛖᛋ,391
firelocks,99943,0,ᚠᛁᚱᛖᛚᚩᚳᚳᛋ,270
kimbolton,99864,0,ᚳᛁᛗᛒᚩᛚᛏᚩᚾ,351
changeovers,99829,0,ᚳᚻᚪᛝᛇᚢᛖᚱᛋ,387
mapmakers,99827,0,ᛗᚪᛈᛗᚪᚳᛖᚱᛋ,523
stockaded,99823,0,ᛋᛏᚩᚳᚳᚪᛞᛖᛞ,487
heliograph,99820,0,ᚻᛖᛚᛡᚷᚱᚪᛈᚻ,461
redactors,99798,0,ᚱᛖᛞᚪᚳᛏᚩᚱᛋ,407
underdone,99780,0,ᚢᚾᛞᛖᚱᛞᚩᚾᛖ,391
chicagoan,99728,0,ᚳᚻᛁᚳᚪᚷᚩᚪᚾ,327
multifold,99722,0,ᛗᚢᛚᛏᛁᚠᚩᛚᛞ,408
piggeries,99701,0,ᛈᛁᚷᚷᛖᚱᛁᛖᛋ,337
emporiums,99678,0,ᛖᛗᛈᚩᚱᛁᚢᛗᛋ,357
harpooned,99652,0,ᚻᚪᚱᛈᚩᚩᚾᛖᛞ,373
jitterbug,99513,0,ᛂᛁᛏᛏᛖᚱᛒᚢᚷ,345
berserker,99503,0,ᛒᛖᚱᛋᛖᚱᚳᛖᚱ,361
enervation,99502,0,ᛖᚾᛖᚱᚢᚪᛏᛡᚾ,469
crucifers,99451,0,ᚳᚱᚢᚳᛁᚠᛖᚱᛋ,204
outcastes,99436,0,ᚩᚢᛏᚳᚪᛋᛏᛖᛋ,411
denseness,99410,0,ᛞᛖᚾᛋᛖᚾᛖᛋᛋ,507
overfilling,99382,0,ᚩᚢᛖᚱᚠᛁᛚᛚᛝ,346
underplay,99369,0,ᚢᚾᛞᛖᚱᛈᛚᚪᚣ,515
nonjurors,99354,0,ᚾᚩᚾᛂᚢᚱᚩᚱᛋ,187
millboard,99223,0,ᛗᛁᛚᛚᛒᚩᚪᚱᛞ,513
shellfire,99216,0,ᛋᚻᛖᛚᛚᚠᛁᚱᛖ,400
maccabaeus,99191,0,ᛗᚪᚳᚳᚪᛒᚫᚢᛋ,509
upmanship,99132,0,ᚢᛈᛗᚪᚾᛋᚻᛁᛈ,393
housemate,99067,0,ᚻᚩᚢᛋᛖᛗᚪᛏᛖ,447
maharajas,99055,0,ᛗᚪᚻᚪᚱᚪᛂᚪᛋ,583
underlease,98934,0,ᚢᚾᛞᛖᚱᛚᛠᛋᛖ,501
polaroids,98911,0,ᛈᚩᛚᚪᚱᚩᛁᛞᛋ,411
cabdriver,98873,0,ᚳᚪᛒᛞᚱᛁᚢᛖᚱ,383
chirurgeon,98850,0,ᚳᚻᛁᚱᚢᚱᚷᛇᚾ,179
pinnacled,98767,0,ᛈᛁᚾᚾᚪᚳᛚᛖᛞ,471
nephelite,98752,0,ᚾᛖᛈᚻᛖᛚᛁᛏᛖ,459
forewords,98743,0,ᚠᚩᚱᛖᚹᚩᚱᛞᛋ,266
commendam,98710,0,ᚳᚩᛗᛗᛖᚾᛞᚪᛗ,515
fluctuant,98695,0,ᚠᛚᚢᚳᛏᚢᚪᚾᛏ,338
repartees,98606,0,ᚱᛖᛈᚪᚱᛏᛖᛖᛋ,475
cespitose,98574,0,ᚳᛖᛋᛈᛁᛏᚩᛋᛖ,393
colophony,98509,0,ᚳᚩᛚᚩᛈᚻᚩᚾᚣ,305
unfledged,98496,0,ᚢᚾᚠᛚᛖᛞᚷᛖᛞ,436
succotash,98490,0,ᛋᚢᚳᚳᚩᛏᚪᛋᚻ,321
decadents,98476,0,ᛞᛖᚳᚪᛞᛖᚾᛏᛋ,563
demanders,98384,0,ᛞᛖᛗᚪᚾᛞᛖᚱᛋ,573
catechizing,98360,0,ᚳᚪᛏᛖᚳᚻᛁᛋᛝ,435
sapiential,98316,0,ᛋᚪᛈᛁᛖᚾᛏᛡᛚ,559
submerges,98222,0,ᛋᚢᛒᛗᛖᚱᚷᛖᛋ,403
hexagrams,98108,0,ᚻᛖᛉᚪᚷᚱᚪᛗᛋ,483
benzoates,97999,0,ᛒᛖᚾᛋᚩᚪᛏᛖᛋ,493
glissando,97963,0,ᚷᛚᛁᛋᛋᚪᚾᛞᚩ,449
hyperopic,97945,0,ᚻᚣᛈᛖᚱᚩᛈᛁᚳ,341
totalizer,97902,0,ᛏᚩᛏᚪᛚᛁᛋᛖᚱ,457
detonates,97873,0,ᛞᛖᛏᚩᚾᚪᛏᛖᛋ,527
chainsaws,97844,0,ᚳᚻᚪᛁᚾᛋᚪᚹᛋ,415
snowfield,97836,0,ᛋᚾᚩᚹᚠᛁᛖᛚᛞ,370
properest,97749,0,ᛈᚱᚩᛈᛖᚱᛖᛋᛏ,361
casuistic,97730,0,ᚳᚪᛋᚢᛁᛋᛏᛁᚳ,353
scalelike,97722,0,ᛋᚳᚪᛚᛖᛚᛁᚳᛖ,487
marabouts,97705,0,ᛗᚪᚱᚪᛒᚩᚢᛏᛋ,459
spacesuit,97702,0,ᛋᛈᚪᚳᛖᛋᚢᛁᛏ,419
plainsman,97658,0,ᛈᛚᚪᛁᚾᛋᛗᚪᚾ,523
noisiness,97568,0,ᚾᚩᛁᛋᛁᚾᛖᛋᛋ,353
dismounts,97514,0,ᛞᛁᛋᛗᚩᚢᚾᛏᛋ,395
cauterizing,97510,0,ᚳᚪᚢᛏᛖᚱᛁᛋᛝ,413
arborvitae,97505,0,ᚪᚱᛒᚩᚱᚢᛁᛏᚫ,381
goldenseal,97501,0,ᚷᚩᛚᛞᛖᚾᛋᛠᛚ,517
bankrupting,97489,0,ᛒᚪᚾᚳᚱᚢᛈᛏᛝ,395
sophoclean,97477,0,ᛋᚩᛈᚻᚩᚳᛚᛠᚾ,357
unblessed,97460,0,ᚢᚾᛒᛚᛖᛋᛋᛖᛞ,495
bastinado,97431,0,ᛒᚪᛋᛏᛁᚾᚪᛞᚩ,523
millipede,97354,0,ᛗᛁᛚᛚᛁᛈᛖᛞᛖ,545
spindrift,97339,0,ᛋᛈᛁᚾᛞᚱᛁᚠᛏ,348
dairymaid,97290,0,ᛞᚪᛁᚱᚣᛗᚪᛁᛞ,619
snakeroot,97252,0,ᛋᚾᚪᚳᛖᚱᚩᚩᛏ,343
blacktail,97237,0,ᛒᛚᚪᚳᚳᛏᚪᛁᛚ,517
discoloring,97224,0,ᛞᛁᛋᚳᚩᛚᚩᚱᛝ,363
adjustive,97201,0,ᚪᛞᛂᚢᛋᛏᛁᚢᛖ,439
semifluid,97200,0,ᛋᛖᛗᛁᚠᛚᚢᛁᛞ,420
laughably,97190,0,ᛚᚪᚢᚷᚻᚪᛒᛚᚣ,547
scoparius,97189,0,ᛋᚳᚩᛈᚪᚱᛁᚢᛋ,311
vaporised,97152,0,ᚢᚪᛈᚩᚱᛁᛋᛖᛞ,401
januarius,97152,0,ᛂᚪᚾᚢᚪᚱᛁᚢᛋ,361
cromlechs,97111,0,ᚳᚱᚩᛗᛚᛖᚳᚻᛋ,331
unadvised,97110,0,ᚢᚾᚪᛞᚢᛁᛋᛖᛞ,461
lusitanian,97072,0,ᛚᚢᛋᛁᛏᚪᚾᛡᚾ,481
fireboxes,97036,0,ᚠᛁᚱᛖᛒᚩᛉᛖᛋ,346
dedicatee,96988,0,ᛞᛖᛞᛁᚳᚪᛏᛖᛖ,579
verifiers,96942,0,ᚢᛖᚱᛁᚠᛁᛖᚱᛋ,276
thumbscrew,96937,0,ᚦᚢᛗᛒᛋᚳᚱᛖᚹ,303
blackball,96926,0,ᛒᛚᚪᚳᚳᛒᚪᛚᛚ,561
balanitis,96925,0,ᛒᚪᛚᚪᚾᛁᛏᛁᛋ,531
bandolier,96905,0,ᛒᚪᚾᛞᚩᛚᛁᛖᚱ,465
guestroom,96892,0,ᚷᚢᛖᛋᛏᚱᚩᚩᛗ,295
quarryman,96887,0,ᚳᚹᚪᚱᚱᚣᛗᚪᚾ,451
imperially,96863,0,ᛁᛗᛈᛖᚱᛡᛚᛚᚣ,579
platelike,96861,0,ᛈᛚᚪᛏᛖᛚᛁᚳᛖ,523
foreboded,96854,0,ᚠᚩᚱᛖᛒᚩᛞᛖᛞ,400
joysticks,96829,0,ᛂᚩᚣᛋᛏᛁᚳᚳᛋ,369
katipunan,96760,0,ᚳᚪᛏᛁᛈᚢᚾᚪᚾ,401
protargol,96756,0,ᛈᚱᚩᛏᚪᚱᚷᚩᛚ,325
casebooks,96730,0,ᚳᚪᛋᛖᛒᚩᚩᚳᛋ,371
abscessed,96706,0,ᚪᛒᛋᚳᛖᛋᛋᛖᛞ,553
sommelier,96646,0,ᛋᚩᛗᛗᛖᛚᛁᛖᚱ,451
regencies,96646,0,ᚱᛖᚷᛖᚾᚳᛁᛖᛋ,355
caucasoid,96631,0,ᚳᚪᚢᚳᚪᛋᚩᛁᛞ,403
luxuriated,96614,0,ᛚᚢᛉᚢᚱᛡᛏᛖᛞ,459
diakinesis,96606,0,ᛞᛡᚳᛁᚾᛖᛋᛁᛋ,473
amaurotic,96548,0,ᚪᛗᚪᚢᚱᚩᛏᛁᚳ,389
parceners,96529,0,ᛈᚪᚱᚳᛖᚾᛖᚱᛋ,391
onomastic,96516,0,ᚩᚾᚩᛗᚪᛋᛏᛁᚳ,367
hierarchs,96435,0,ᚻᛁᛖᚱᚪᚱᚳᚻᛋ,329
trackball,96341,0,ᛏᚱᚪᚳᚳᛒᚪᛚᛚ,497
pinafores,96330,0,ᛈᛁᚾᚪᚠᚩᚱᛖᛋ,340
shoreless,96296,0,ᛋᚻᚩᚱᛖᛚᛖᛋᛋ,407
cirripedia,96275,0,ᚳᛁᚱᚱᛁᛈᛖᛞᛡ,403
decemvirs,96237,0,ᛞᛖᚳᛖᛗᚢᛁᚱᛋ,405
brainwave,96235,0,ᛒᚱᚪᛁᚾᚹᚪᚢᛖ,415
careerism,96083,0,ᚳᚪᚱᛖᛖᚱᛁᛋᛗ,421
catapulting,96080,0,ᚳᚪᛏᚪᛈᚢᛚᛏᛝ,523
jumpsuits,96033,0,ᛂᚢᛗᛈᛋᚢᛁᛏᛋ,353
contagions,95989,0,ᚳᚩᚾᛏᚪᚷᛡᚾᛋ,411
unfigured,95887,0,ᚢᚾᚠᛁᚷᚢᚱᛖᛞ,252
fascistic,95822,0,ᚠᚪᛋᚳᛁᛋᛏᛁᚳ,352
antipasto,95761,0,ᚪᚾᛏᛁᛈᚪᛋᛏᚩ,475
foxgloves,95598,0,ᚠᚩᛉᚷᛚᚩᚢᛖᛋ,276
detractor,95588,0,ᛞᛖᛏᚱᚪᚳᛏᚩᚱ,413
fletchers,95533,0,ᚠᛚᛖᛏᚳᚻᛖᚱᛋ,368
dissuasion,95505,0,ᛞᛁᛋᛋᚢᚪᛋᛡᚾ,515
unmovable,95496,0,ᚢᚾᛗᚩᚢᚪᛒᛚᛖ,411
sandblast,95438,0,ᛋᚪᚾᛞᛒᛚᚪᛋᛏ,611
catamount,95389,0,ᚳᚪᛏᚪᛗᚩᚢᚾᛏ,435
changement,95366,0,ᚳᚻᚪᛝᛖᛗᛖᚾᛏ,505
squanders,95324,0,ᛋᚳᚹᚪᚾᛞᛖᚱᛋ,431
albumoses,95316,0,ᚪᛚᛒᚢᛗᚩᛋᛖᛋ,485
dexedrine,95309,0,ᛞᛖᛉᛖᛞᚱᛁᚾᛖ,497
acaricide,95302,0,ᚪᚳᚪᚱᛁᚳᛁᛞᛖ,449
satrapies,95285,0,ᛋᚪᛏᚱᚪᛈᛁᛖᛋ,511
shopkeeping,95274,0,ᛋᚻᚩᛈᚳᛖᛖᛈᛝ,395
symbolics,95086,0,ᛋᚣᛗᛒᚩᛚᛁᚳᛋ,465
mythically,95052,0,ᛗᚣᚦᛁᚳᚪᛚᛚᚣ,569
dreaminess,95049,0,ᛞᚱᛠᛗᛁᚾᛖᛋᛋ,513
brashness,95025,0,ᛒᚱᚪᛋᚻᚾᛖᛋᛋ,447
whinstone,95007,0,ᚹᚻᛁᚾᛋᛏᚩᚾᛖ,317
turnstone,94954,0,ᛏᚢᚱᚾᛋᛏᚩᚾᛖ,317
fascicule,94828,0,ᚠᚪᛋᚳᛁᚳᚢᛚᛖ,352
myrobalan,94823,0,ᛗᚣᚱᚩᛒᚪᛚᚪᚾ,549
athabaskan,94767,0,ᚪᚦᚪᛒᚪᛋᚳᚪᚾ,549
caryatids,94698,0,ᚳᚪᚱᚣᚪᛏᛁᛞᛋ,553
schnitzel,94675,0,ᛋᚳᚻᚾᛁᛏᛋᛖᛚ,401
jackfruit,94656,0,ᛂᚪᚳᚳᚠᚱᚢᛁᛏ,266
conjurors,94648,0,ᚳᚩᚾᛂᚢᚱᚩᚱᛋ,171
headhunter,94625,0,ᚻᛠᛞᚻᚢᚾᛏᛖᚱ,413
microvolt,94584,0,ᛗᛁᚳᚱᚩᚢᚩᛚᛏ,275
variometer,94583,0,ᚢᚪᚱᛡᛗᛖᛏᛖᚱ,493
molehills,94550,0,ᛗᚩᛚᛖᚻᛁᛚᛚᛋ,471
debriefings,94533,0,ᛞᛖᛒᚱᛁᛖᚠᛝᛋ,460
dramatise,94508,0,ᛞᚱᚪᛗᚪᛏᛁᛋᛖ,575
antidotal,94426,0,ᚪᚾᛏᛁᛞᚩᛏᚪᛚ,541
baguettes,94363,0,ᛒᚪᚷᚢᛖᛏᛏᛖᛋ,483
vermonter,94358,0,ᚢᛖᚱᛗᚩᚾᛏᛖᚱ,325
myofibril,94342,0,ᛗᚣᚩᚠᛁᛒᚱᛁᛚ,390
tinderbox,94298,0,ᛏᛁᚾᛞᛖᚱᛒᚩᛉ,401
disarrange,94285,0,ᛞᛁᛋᚪᚱᚱᚪᛝᛖ,535
discalced,94251,0,ᛞᛁᛋᚳᚪᛚᚳᛖᛞ,525
cauterize,94142,0,ᚳᚪᚢᛏᛖᚱᛁᛋᛖ,401
matriarchs,94121,0,ᛗᚪᛏᚱᛡᚱᚳᚻᛋ,445
stridency,94046,0,ᛋᛏᚱᛁᛞᛖᚾᚳᚣ,455
doorbells,93989,0,ᛞᚩᚩᚱᛒᛖᛚᛚᛋ,441
lyonnaise,93962,0,ᛚᚣᚩᚾᚾᚪᛁᛋᛖ,489
speakeasies,93958,0,ᛋᛈᛠᚳᛠᛋᛁᛖᛋ,531
squabbled,93930,0,ᛋᚳᚹᚪᛒᛒᛚᛖᛞ,533
renovator,93821,0,ᚱᛖᚾᚩᚢᚪᛏᚩᚱ,291
largesses,93785,0,ᛚᚪᚱᚷᛖᛋᛋᛖᛋ,491
sublimating,93711,0,ᛋᚢᛒᛚᛁᛗᚪᛏᛝ,527
falteringly,93708,0,ᚠᚪᛚᛏᛖᚱᛝᛚᚣ,564
handprint,93704,0,ᚻᚪᚾᛞᛈᚱᛁᚾᛏ,411
antilabor,93688,0,ᚪᚾᛏᛁᛚᚪᛒᚩᚱ,465
roughneck,93640,0,ᚱᚩᚢᚷᚻᚾᛖᚳᚳ,183
programma,93600,0,ᛈᚱᚩᚷᚱᚪᛗᛗᚪ,425
androecium,93535,0,ᚪᚾᛞᚱᛟᚳᛁᚢᛗ,427
newsreader,93521,0,ᚾᛖᚹᛋᚱᛠᛞᛖᚱ,455
haymakers,93508,0,ᚻᚪᚣᛗᚪᚳᛖᚱᛋ,535
abusively,93468,0,ᚪᛒᚢᛋᛁᚢᛖᛚᚣ,491
emulations,93445,0,ᛖᛗᚢᛚᚪᛏᛡᚾᛋ,559
arbitrium,93420,0,ᚪᚱᛒᛁᛏᚱᛁᚢᛗ,375
gastralgia,93323,0,ᚷᚪᛋᛏᚱᚪᛚᚷᛡ,531
untamable,93294,0,ᚢᚾᛏᚪᛗᚪᛒᛚᛖ,557
exobiology,93286,0,ᛖᛉᚩᛒᛡᛚᚩᚷᚣ,489
marsupium,93239,0,ᛗᚪᚱᛋᚢᛈᛁᚢᛗ,383
rhizotomy,93222,0,ᚱᚻᛁᛋᚩᛏᚩᛗᚣ,365
cockscomb,93209,0,ᚳᚩᚳᚳᛋᚳᚩᛗᛒ,251
sclerosed,93146,0,ᛋᚳᛚᛖᚱᚩᛋᛖᛞ,433
incarnating,93128,0,ᛁᚾᚳᚪᚱᚾᚪᛏᛝ,445
hypostyle,93120,0,ᚻᚣᛈᚩᛋᛏᚣᛚᛖ,531
warerooms,93038,0,ᚹᚪᚱᛖᚱᚩᚩᛗᛋ,343
valuators,93034,0,ᚢᚪᛚᚢᚪᛏᚩᚱᛋ,403
mudslides,93033,0,ᛗᚢᛞᛋᛚᛁᛞᛖᛋ,529
repackage,93019,0,ᚱᛖᛈᚪᚳᚳᚪᚷᛖ,425
syneresis,93011,0,ᛋᚣᚾᛖᚱᛖᛋᛁᛋ,467
impieties,92968,0,ᛁᛗᛈᛁᛖᛏᛁᛖᛋ,453
prescript,92801,0,ᛈᚱᛖᛋᚳᚱᛁᛈᛏ,331
dulcamara,92798,0,ᛞᚢᛚᚳᚪᛗᚪᚱᚪ,551
renascent,92680,0,ᚱᛖᚾᚪᛋᚳᛖᚾᛏ,425
factorials,92632,0,ᚠᚪᚳᛏᚩᚱᛡᛚᛋ,422
blubbered,92631,0,ᛒᛚᚢᛒᛒᛖᚱᛖᛞ,493
protozoon,92592,0,ᛈᚱᚩᛏᚩᛋᚩᚩᚾ,223
scimitars,92566,0,ᛋᚳᛁᛗᛁᛏᚪᚱᛋ,419
mentalism,92434,0,ᛗᛖᚾᛏᚪᛚᛁᛋᛗ,551
descanted,92391,0,ᛞᛖᛋᚳᚪᚾᛏᛖᛞ,563
addisonian,92376,0,ᚪᛞᛞᛁᛋᚩᚾᛡᚾ,531
convector,92369,0,ᚳᚩᚾᚢᛖᚳᛏᚩᚱ,209
maximizer,92358,0,ᛗᚪᛉᛁᛗᛁᛋᛖᚱ,479
debouches,92312,0,ᛞᛖᛒᚩᚢᚳᚻᛖᛋ,383
unaligned,92298,0,ᚢᚾᚪᛚᛁᚷᚾᛖᛞ,435
birdhouse,92256,0,ᛒᛁᚱᛞᚻᚩᚢᛋᛖ,345
daydreamed,92253,0,ᛞᚪᚣᛞᚱᛠᛗᛖᛞ,725
glucosuria,92214,0,ᚷᛚᚢᚳᚩᛋᚢᚱᛡ,287
hornstone,92145,0,ᚻᚩᚱᚾᛋᛏᚩᚾᛖ,285
flagships,92081,0,ᚠᛚᚪᚷᛋᚻᛁᛈᛋ,392
metalware,92034,0,ᛗᛖᛏᚪᛚᚹᚪᚱᛖ,561
shakiness,92009,0,ᛋᚻᚪᚳᛁᚾᛖᛋᛋ,419
celibates,92009,0,ᚳᛖᛚᛁᛒᚪᛏᛖᛋ,521
castellum,92004,0,ᚳᚪᛋᛏᛖᛚᛚᚢᛗ,509
misapplying,91989,0,ᛗᛁᛋᚪᛈᛈᛚᚣᛝ,593
handiness,91969,0,ᚻᚪᚾᛞᛁᚾᛖᛋᛋ,471
infuriates,91947,0,ᛁᚾᚠᚢᚱᛡᛏᛖᛋ,362
liveryman,91931,0,ᛚᛁᚢᛖᚱᚣᛗᚪᚾ,485
scaleless,91901,0,ᛋᚳᚪᛚᛖᛚᛖᛋᛋ,549
catalyzer,91899,0,ᚳᚪᛏᚪᛚᚣᛋᛖᚱ,573
allomorph,91873,0,ᚪᛚᛚᚩᛗᚩᚱᛈᚻ,405
devilment,91871,0,ᛞᛖᚢᛁᛚᛗᛖᚾᛏ,489
sovietism,91860,0,ᛋᚩᚢᛁᛖᛏᛁᛋᛗ,375
checkouts,91852,0,ᚳᚻᛖᚳᚳᚩᚢᛏᛋ,251
maravedis,91800,0,ᛗᚪᚱᚪᚢᛖᛞᛁᛋ,519
castrates,91578,0,ᚳᚪᛋᛏᚱᚪᛏᛖᛋ,509
fivepence,91548,0,ᚠᛁᚢᛖᛈᛖᚾᚳᛖ,322
virginals,91527,0,ᚢᛁᚱᚷᛁᚾᚪᛚᛋ,345
wristband,91520,0,ᚹᚱᛁᛋᛏᛒᚪᚾᛞ,449
retaliates,91518,0,ᚱᛖᛏᚪᛚᛡᛏᛖᛋ,593
gallinule,91517,0,ᚷᚪᛚᛚᛁᚾᚢᛚᛖ,463
shamrocks,91504,0,ᛋᚻᚪᛗᚱᚩᚳᚳᛋ,341
katabatic,91444,0,ᚳᚪᛏᚪᛒᚪᛏᛁᚳ,527
hecatombs,91443,0,ᚻᛖᚳᚪᛏᚩᛗᛒᛋ,451
apostolos,91430,0,ᚪᛈᚩᛋᛏᚩᛚᚩᛋ,399
pacifiers,91416,0,ᛈᚪᚳᛁᚠᛁᛖᚱᛋ,348
showerhead,91397,0,ᛋᚻᚩᚹᛖᚱᚻᛠᛞ,401
dishonors,91323,0,ᛞᛁᛋᚻᚩᚾᚩᚱᛋ,303
clitellum,91280,0,ᚳᛚᛁᛏᛖᛚᛚᚢᛗ,463
pugilists,91250,0,ᛈᚢᚷᛁᛚᛁᛋᛏᛋ,363
lissajous,91147,0,ᛚᛁᛋᛋᚪᛂᚩᚢᛋ,407
hesitance,91142,0,ᚻᛖᛋᛁᛏᚪᚾᚳᛖ,439
pipefitting,91138,0,ᛈᛁᛈᛖᚠᛁᛏᛏᛝ,414
sluiceway,91124,0,ᛋᛚᚢᛁᚳᛖᚹᚪᚣ,459
mummeries,91001,0,ᛗᚢᛗᛗᛖᚱᛁᛖᛋ,445
resalable,90938,0,ᚱᛖᛋᚪᛚᚪᛒᛚᛖ,599
metameric,90916,0,ᛗᛖᛏᚪᛗᛖᚱᛁᚳ,487
reposeful,90890,0,ᚱᛖᛈᚩᛋᛖᚠᚢᛚ,326
redeemers,90850,0,ᚱᛖᛞᛖᛖᛗᛖᚱᛋ,503
ossuaries,90847,0,ᚩᛋᛋᚢᚪᚱᛁᛖᛋ,375
bolivares,90826,0,ᛒᚩᛚᛁᚢᚪᚱᛖᛋ,403
homeplace,90730,0,ᚻᚩᛗᛖᛈᛚᚪᚳᛖ,461
gelignite,90725,0,ᚷᛖᛚᛁᚷᚾᛁᛏᛖ,391
signaller,90710,0,ᛋᛁᚷᚾᚪᛚᛚᛖᚱ,451
sweptback,90669,0,ᛋᚹᛖᛈᛏᛒᚪᚳᚳ,425
unpoetical,90655,0,ᚢᚾᛈᛟᛏᛁᚳᚪᛚ,431
balefully,90653,0,ᛒᚪᛚᛖᚠᚢᛚᛚᚣ,552
stylobate,90535,0,ᛋᛏᚣᛚᚩᛒᚪᛏᛖ,579
dejections,90470,0,ᛞᛖᛂᛖᚳᛏᛡᚾᛋ,521
grumblers,90456,0,ᚷᚱᚢᛗᛒᛚᛖᚱᛋ,367
imperilling,90451,0,ᛁᛗᛈᛖᚱᛁᛚᛚᛝ,479
taillight,90398,0,ᛏᚪᛁᛚᛚᛁᚷᚻᛏ,463
furuncles,90381,0,ᚠᚢᚱᚢᚾᚳᛚᛖᛋ,254
incorrupt,90376,0,ᛁᚾᚳᚩᚱᚱᚢᛈᛏ,207
fruiterer,90357,0,ᚠᚱᚢᛁᛏᛖᚱᛖᚱ,262
transfixing,90339,0,ᛏᚱᚪᚾᛋᚠᛁᛉᛝ,408
unstriped,90332,0,ᚢᚾᛋᛏᚱᛁᛈᛖᛞ,385
sauternes,90330,0,ᛋᚪᚢᛏᛖᚱᚾᛖᛋ,439
decimetre,90325,0,ᛞᛖᚳᛁᛗᛖᛏᚱᛖ,475
walpurgis,90321,0,ᚹᚪᛚᛈᚢᚱᚷᛁᛋ,347
bushranger,90302,0,ᛒᚢᛋᚻᚱᚪᛝᛖᚱ,405
maladroit,90211,0,ᛗᚪᛚᚪᛞᚱᚩᛁᛏ,535
recharter,90204,0,ᚱᛖᚳᚻᚪᚱᛏᛖᚱ,359
osteophyte,90169,0,ᚩᛋᛏᛇᛈᚻᚣᛏᛖ,455
herbivora,90155,0,ᚻᛖᚱᛒᛁᚢᚩᚱᚪ,311
stableman,89968,0,ᛋᛏᚪᛒᛚᛖᛗᚪᚾ,607
meagerness,89909,0,ᛗᛠᚷᛖᚱᚾᛖᛋᛋ,477
reprehend,89862,0,ᚱᛖᛈᚱᛖᚻᛖᚾᛞ,407
syndicating,89833,0,ᛋᚣᚾᛞᛁᚳᚪᛏᛝ,553
tabletops,89794,0,ᛏᚪᛒᛚᛖᛏᚩᛈᛋ,519
spiritous,89741,0,ᛋᛈᛁᚱᛁᛏᚩᚢᛋ,291
turbojets,89721,0,ᛏᚢᚱᛒᚩᛂᛖᛏᛋ,357
bewilders,89714,0,ᛒᛖᚹᛁᛚᛞᛖᚱᛋ,471
autoerotic,89697,0,ᚪᚢᛏᛟᚱᚩᛏᛁᚳ,363
dandified,89687,0,ᛞᚪᚾᛞᛁᚠᛁᛖᛞ,524
leucorrhea,89670,0,ᛚᛖᚢᚳᚩᚱᚱᚻᛠ,317
empennage,89638,0,ᛖᛗᛈᛖᚾᚾᚪᚷᛖ,487
scoreless,89624,0,ᛋᚳᚩᚱᛖᛚᛖᛋᛋ,397
rhomboids,89574,0,ᚱᚻᚩᛗᛒᚩᛁᛞᛋ,353
speedster,89550,0,ᛋᛈᛖᛖᛞᛋᛏᛖᚱ,509
audiophile,89541,0,ᚪᚢᛞᛡᛈᚻᛁᛚᛖ,533
appendice,89531,0,ᚪᛈᛈᛖᚾᛞᛁᚳᛖ,479
mandatary,89429,0,ᛗᚪᚾᛞᚪᛏᚪᚱᚣ,653
soubrette,89366,0,ᛋᚩᚢᛒᚱᛖᛏᛏᛖ,387
callipers,89334,0,ᚳᚪᛚᛚᛁᛈᛖᚱᛋ,461
quaintest,89308,0,ᚳᚹᚪᛁᚾᛏᛖᛋᛏ,427
astrodome,89251,0,ᚪᛋᛏᚱᚩᛞᚩᛗᛖ,461
hornbills,89222,0,ᚻᚩᚱᚾᛒᛁᛚᛚᛋ,361
neuroglial,89206,0,ᚾᛖᚢᚱᚩᚷᛚᛡᛚ,387
putrefied,89176,0,ᛈᚢᛏᚱᛖᚠᛁᛖᛞ,372
pteropods,89171,0,ᛈᛏᛖᚱᚩᛈᚩᛞᛋ,379
cockiness,89149,0,ᚳᚩᚳᚳᛁᚾᛖᛋᛋ,279
varietals,89057,0,ᚢᚪᚱᛁᛖᛏᚪᛚᛋ,491
portieres,89013,0,ᛈᚩᚱᛏᛁᛖᚱᛖᛋ,349
filatures,88928,0,ᚠᛁᛚᚪᛏᚢᚱᛖᛋ,396
churchgoer,88893,0,ᚳᚻᚢᚱᚳᚻᚷᛟᚱ,197
irradiates,88815,0,ᛁᚱᚱᚪᛞᛡᛏᛖᛋ,525
hayfields,88811,0,ᚻᚪᚣᚠᛁᛖᛚᛞᛋ,538
larvicide,88781,0,ᛚᚪᚱᚢᛁᚳᛁᛞᛖ,415
apomictic,88770,0,ᚪᛈᚩᛗᛁᚳᛏᛁᚳ,365
firewater,88761,0,ᚠᛁᚱᛖᚹᚪᛏᛖᚱ,364
murmurous,88760,0,ᛗᚢᚱᛗᚢᚱᚩᚢᛋ,233
etrangeres,88729,0,ᛖᛏᚱᚪᛝᛖᚱᛖᛋ,511
unstemmed,88681,0,ᚢᚾᛋᛏᛖᛗᛗᛖᛞ,509
itinerating,88677,0,ᛁᛏᛁᚾᛖᚱᚪᛏᛝ,463
coiffures,88633,0,ᚳᚩᛁᚠᚠᚢᚱᛖᛋ,189
hoarfrost,88525,0,ᚻᚩᚪᚱᚠᚱᚩᛋᛏ,270
crossheads,88503,0,ᚳᚱᚩᛋᛋᚻᛠᛞᛋ,411
cardamine,88481,0,ᚳᚪᚱᛞᚪᛗᛁᚾᛖ,505
valveless,88431,0,ᚢᚪᛚᚢᛖᛚᛖᛋᛋ,489
appliques,88355,0,ᚪᛈᛈᛚᛁᚳᚹᛖᛋ,439
comebacks,88311,0,ᚳᚩᛗᛖᛒᚪᚳᚳᛋ,395
pedometer,88275,0,ᛈᛖᛞᚩᛗᛖᛏᛖᚱ,481
provolone,88260,0,ᛈᚱᚩᚢᚩᛚᚩᚾᛖ,247
allegoric,88142,0,ᚪᛚᛚᛖᚷᚩᚱᛁᚳ,389
cockfight,88127,0,ᚳᚩᚳᚳᚠᛁᚷᚻᛏ,178
contrasty,88050,0,ᚳᚩᚾᛏᚱᚪᛋᛏᚣ,431
semblable,88049,0,ᛋᛖᛗᛒᛚᚪᛒᛚᛖ,623
anorexics,88048,0,ᚪᚾᚩᚱᛖᛉᛁᚳᛋ,355
nightcaps,88040,0,ᚾᛁᚷᚻᛏᚳᚪᛈᛋ,365
postdates,88021,0,ᛈᚩᛋᛏᛞᚪᛏᛖᛋ,527
paradisal,88013,0,ᛈᚪᚱᚪᛞᛁᛋᚪᛚ,591
natrolite,87930,0,ᚾᚪᛏᚱᚩᛚᛁᛏᛖ,433
ostracize,87920,0,ᚩᛋᛏᚱᚪᚳᛁᛋᛖ,391
iconology,87915,0,ᛁᚳᚩᚾᚩᛚᚩᚷᚣ,287
optimates,87913,0,ᚩᛈᛏᛁᛗᚪᛏᛖᛋ,487
splatters,87907,0,ᛋᛈᛚᚪᛏᛏᛖᚱᛋ,515
regardful,87854,0,ᚱᛖᚷᚪᚱᛞᚠᚢᛚ,370
chondroma,87847,0,ᚳᚻᚩᚾᛞᚱᚩᛗᚪ,347
richesses,87809,0,ᚱᛁᚳᚻᛖᛋᛋᛖᛋ,371
underdown,87797,0,ᚢᚾᛞᛖᚱᛞᚩᚹᚾ,343
phonemics,87797,0,ᛈᚻᚩᚾᛖᛗᛁᚳᛋ,337
disposers,87786,0,ᛞᛁᛋᛈᚩᛋᛖᚱᛋ,407
noncyclic,87773,0,ᚾᚩᚾᚳᚣᚳᛚᛁᚳ,311
nonvisual,87772,0,ᚾᚩᚾᚢᛁᛋᚢᚪᛚ,325
stargazer,87766,0,ᛋᛏᚪᚱᚷᚪᛋᛖᚱ,465
enjoyably,87742,0,ᛖᚾᛂᚩᚣᚪᛒᛚᚣ,577
brainwash,87698,0,ᛒᚱᚪᛁᚾᚹᚪᛋᚻ,421
poulterer,87635,0,ᛈᚩᚢᛚᛏᛖᚱᛖᚱ,341
pulverising,87548,0,ᛈᚢᛚᚢᛖᚱᛁᛋᛝ,363
boanerges,87522,0,ᛒᚩᚪᚾᛖᚱᚷᛖᛋ,409
trickiest,87497,0,ᛏᚱᛁᚳᚳᛁᛖᛋᛏ,337
puerility,87377,0,ᛈᚢᛖᚱᛁᛚᛁᛏᚣ,421
goalposts,87294,0,ᚷᚩᚪᛚᛈᚩᛋᛏᛋ,409
unarmored,87247,0,ᚢᚾᚪᚱᛗᚩᚱᛖᛞ,385
hephzibah,87229,0,ᚻᛖᛈᚻᛋᛁᛒᚪᚻ,421
theatergoers,87197,0,ᚦᛠᛏᛖᚱᚷᛟᚱᛋ,415
barebones,87187,0,ᛒᚪᚱᛖᛒᚩᚾᛖᛋ,453
sternpost,87128,0,ᛋᛏᛖᚱᚾᛈᚩᛋᛏ,381
combiners,87094,0,ᚳᚩᛗᛒᛁᚾᛖᚱᛋ,343
soldiered,87073,0,ᛋᚩᛚᛞᛁᛖᚱᛖᛞ,487
tillandsia,87013,0,ᛏᛁᛚᛚᚪᚾᛞᛋᛡ,611
matchbook,86993,0,ᛗᚪᛏᚳᚻᛒᚩᚩᚳ,351
quodlibet,86978,0,ᚳᚹᚩᛞᛚᛁᛒᛖᛏ,419
nighthawks,86969,0,ᚾᛁᚷᚻᚦᚪᚹᚳᛋ,287
ozokerite,86928,0,ᚩᛋᚩᚳᛖᚱᛁᛏᛖ,315
sombreros,86923,0,ᛋᚩᛗᛒᚱᛖᚱᚩᛋ,341
hondurans,86909,0,ᚻᚩᚾᛞᚢᚱᚪᚾᛋ,341
pinewoods,86882,0,ᛈᛁᚾᛖᚹᚩᚩᛞᛋ,345
jackasses,86865,0,ᛂᚪᚳᚳᚪᛋᛋᛖᛋ,483
groomsmen,86838,0,ᚷᚱᚩᚩᛗᛋᛗᛖᚾ,333
goodliest,86828,0,ᚷᚩᚩᛞᛚᛁᛖᛋᛏ,403
pimientos,86815,0,ᛈᛁᛗᛁᛖᚾᛏᚩᛋ,391
bassinets,86809,0,ᛒᚪᛋᛋᛁᚾᛖᛏᛋ,503
collyrium,86669,0,ᚳᚩᛚᛚᚣᚱᛁᚢᛗ,385
erechtheum,86652,0,ᛖᚱᛖᚳᚻᚦᛖᚢᛗ,327
hastiness,86635,0,ᚻᚪᛋᛏᛁᚾᛖᛋᛋ,465
repassage,86619,0,ᚱᛖᛈᚪᛋᛋᚪᚷᛖ,505
medalists,86565,0,ᛗᛖᛞᚪᛚᛁᛋᛏᛋ,593
simplexes,86541,0,ᛋᛁᛗᛈᛚᛖᛉᛖᛋ,505
geotropism,86540,0,ᚷᛇᛏᚱᚩᛈᛁᛋᛗ,333
swordplay,86533,0,ᛋᚹᚩᚱᛞᛈᛚᚪᚣ,495
coachwork,86494,0,ᚳᚩᚪᚳᚻᚹᚩᚱᚳ,203
skintight,86485,0,ᛋᚳᛁᚾᛏᛁᚷᚻᛏ,315
marinades,86479,0,ᛗᚪᚱᛁᚾᚪᛞᛖᛋ,545
genteelly,86455,0,ᚷᛖᚾᛏᛖᛖᛚᛚᚣ,555
outputted,86367,0,ᚩᚢᛏᛈᚢᛏᛏᛖᛞ,389
syllabled,86362,0,ᛋᚣᛚᛚᚪᛒᛚᛖᛞ,689
milliwatt,86312,0,ᛗᛁᛚᛚᛁᚹᚪᛏᛏ,513
crossness,86268,0,ᚳᚱᚩᛋᛋᚾᛖᛋᛋ,339
flapjacks,86220,0,ᚠᛚᚪᛈᛂᚪᚳᚳᛋ,428
allemands,86197,0,ᚪᛚᛚᛖᛗᚪᚾᛞᛋ,649
monkshood,86141,0,ᛗᚩᚾᚳᛋᚻᚩᚩᛞ,299
smoothbore,86085,0,ᛋᛗᚩᚩᚦᛒᚩᚱᛖ,289
stencilling,86056,0,ᛋᛏᛖᚾᚳᛁᛚᛚᛝ,477
allergist,86052,0,ᚪᛚᛚᛖᚱᚷᛁᛋᛏ,481
cyprinids,86040,0,ᚳᚣᛈᚱᛁᚾᛁᛞᛋ,403
choleraic,86035,0,ᚳᚻᚩᛚᛖᚱᚪᛁᚳ,335
preachment,86019,0,ᛈᚱᛠᚳᚻᛗᛖᚾᛏ,425
rushlight,86018,0,ᚱᚢᛋᚻᛚᛁᚷᚻᛏ,293
queasiness,85997,0,ᚳᚹᛠᛋᛁᚾᛖᛋᛋ,427
redesigns,85985,0,ᚱᛖᛞᛖᛋᛁᚷᚾᛋ,417
goosefoot,85963,0,ᚷᚩᚩᛋᛖᚠᚩᚩᛏ,226
suntanned,85942,0,ᛋᚢᚾᛏᚪᚾᚾᛖᛞ,455
resonable,85920,0,ᚱᛖᛋᚩᚾᚪᛒᛚᛖ,465
radiophone,85878,0,ᚱᚪᛞᛡᛈᚻᚩᚾᛖ,473
unburdening,85805,0,ᚢᚾᛒᚢᚱᛞᛖᚾᛝ,371
obfuscating,85804,0,ᚩᛒᚠᚢᛋᚳᚪᛏᛝ,374
boatloads,85754,0,ᛒᚩᚪᛏᛚᚩᚪᛞᛋ,543
vulgarism,85746,0,ᚢᚢᛚᚷᚪᚱᛁᛋᛗ,359
washcloths,85710,0,ᚹᚪᛋᚻᚳᛚᚩᚦᛋ,343
athabascan,85688,0,ᚪᚦᚪᛒᚪᛋᚳᚪᚾ,549
lorgnette,85615,0,ᛚᚩᚱᚷᚾᛖᛏᛏᛖ,389
samsonite,85540,0,ᛋᚪᛗᛋᚩᚾᛁᛏᛖ,467
parquetry,85371,0,ᛈᚪᚱᚳᚹᛖᛏᚱᚣ,423
penthouses,85340,0,ᛈᛖᚾᚦᚩᚢᛋᛖᛋ,327
marchantia,85274,0,ᛗᚪᚱᚳᚻᚪᚾᛏᛡ,507
cytotoxin,85274,0,ᚳᚣᛏᚩᛏᚩᛉᛁᚾ,355
stitchery,85150,0,ᛋᛏᛁᛏᚳᚻᛖᚱᚣ,419
misdirect,85147,0,ᛗᛁᛋᛞᛁᚱᛖᚳᛏ,425
coquettes,85137,0,ᚳᚩᚳᚹᛖᛏᛏᛖᛋ,357
backplate,85078,0,ᛒᚪᚳᚳᛈᛚᚪᛏᛖ,523
coltsfoot,84978,0,ᚳᚩᛚᛏᛋᚠᚩᚩᛏ,280
microcopy,84964,0,ᛗᛁᚳᚱᚩᚳᚩᛈᚣ,299
undulates,84960,0,ᚢᚾᛞᚢᛚᚪᛏᛖᛋ,473
ascendent,84957,0,ᚪᛋᚳᛖᚾᛞᛖᚾᛏ,503
breezeway,84938,0,ᛒᚱᛖᛖᛋᛖᚹᚪᚣ,545
copulated,84930,0,ᚳᚩᛈᚢᛚᚪᛏᛖᛞ,451
slantwise,84921,0,ᛋᛚᚪᚾᛏᚹᛁᛋᛖ,481
hyphenate,84856,0,ᚻᚣᛈᚻᛖᚾᚪᛏᛖ,511
justifier,84839,0,ᛂᚢᛋᛏᛁᚠᛁᛖᚱ,294
overmatch,84818,0,ᚩᚢᛖᚱᛗᚪᛏᚳᚻ,351
debauches,84777,0,ᛞᛖᛒᚪᚢᚳᚻᛖᛋ,473
homophony,84762,0,ᚻᚩᛗᚩᛈᚻᚩᚾᚣ,313
atonality,84744,0,ᚪᛏᚩᚾᚪᛚᛁᛏᚣ,555
umbellate,84716,0,ᚢᛗᛒᛖᛚᛚᚪᛏᛖ,571
antheridial,84713,0,ᚪᚾᚦᛖᚱᛁᛞᛡᛚ,509
alabamians,84709,0,ᚪᛚᚪᛒᚪᛗᛡᚾᛋ,685
brutalize,84619,0,ᛒᚱᚢᛏᚪᛚᛁᛋᛖ,455
chaperons,84613,0,ᚳᚻᚪᛈᛖᚱᚩᚾᛋ,343
negresses,84603,0,ᚾᛖᚷᚱᛖᛋᛋᛖᛋ,417
janiculum,84575,0,ᛂᚪᚾᛁᚳᚢᛚᚢᛗ,357
spadework,84525,0,ᛋᛈᚪᛞᛖᚹᚩᚱᚳ,399
holdfasts,84507,0,ᚻᚩᛚᛞᚠᚪᛋᛏᛋ,456
apemantus,84499,0,ᚪᛈᛖᛗᚪᚾᛏᚢᛋ,519
eudiometer,84491,0,ᛖᚢᛞᛡᛗᛖᛏᛖᚱ,541
phycology,84490,0,ᛈᚻᚣᚳᚩᛚᚩᚷᚣ,389
roundelay,84463,0,ᚱᚩᚢᚾᛞᛖᛚᚪᚣ,479
merthiolate,84433,0,ᛗᛖᚱᚦᛡᛚᚪᛏᛖ,557
emoticons,84387,0,ᛖᛗᚩᛏᛁᚳᚩᚾᛋ,337
canescent,84371,0,ᚳᚪᚾᛖᛋᚳᛖᚾᛏ,427
supremest,84355,0,ᛋᚢᛈᚱᛖᛗᛖᛋᛏ,427
pinchback,84349,0,ᛈᛁᚾᚳᚻᛒᚪᚳᚳ,323
hypocaust,84349,0,ᚻᚣᛈᚩᚳᚪᚢᛋᛏ,401
homophone,84326,0,ᚻᚩᛗᚩᛈᚻᚩᚾᛖ,277
ceramists,84235,0,ᚳᛖᚱᚪᛗᛁᛋᛏᛋ,455
mileposts,84181,0,ᛗᛁᛚᛖᛈᚩᛋᛏᛋ,457
weeknight,84114,0,ᚹᛖᛖᚳᚾᛁᚷᚻᛏ,325
awesomely,84114,0,ᚪᚹᛖᛋᚩᛗᛖᛚᚣ,557
extravert,84110,0,ᛖᛉᛏᚱᚪᚢᛖᚱᛏ,421
sinuously,84102,0,ᛋᛁᚾᚢᚩᚢᛋᛚᚣ,355
penholder,84074,0,ᛈᛖᚾᚻᚩᛚᛞᛖᚱ,409
blacklegs,84069,0,ᛒᛚᚪᚳᚳᛚᛖᚷᛋ,467
hydramnios,84039,0,ᚻᚣᛞᚱᚪᛗᚾᛡᛋ,583
favourers,84007,0,ᚠᚪᚢᚩᚢᚱᛖᚱᛋ,254
dictations,83921,0,ᛞᛁᚳᛏᚪᛏᛡᚾᛋ,537
tightener,83890,0,ᛏᛁᚷᚻᛏᛖᚾᛖᚱ,363
graspable,83878,0,ᚷᚱᚪᛋᛈᚪᛒᛚᛖ,519
plaquette,83868,0,ᛈᛚᚪᚳᚹᛖᛏᛏᛖ,497
encumbers,83765,0,ᛖᚾᚳᚢᛗᛒᛖᚱᛋ,375
reappraising,83746,0,ᚱᛠᛈᛈᚱᚪᛁᛋᛝ,477
deistical,83745,0,ᛞᛖᛁᛋᛏᛁᚳᚪᛚ,513
surcharging,83731,0,ᛋᚢᚱᚳᚻᚪᚱᚷᛝ,307
harpooner,83638,0,ᚻᚪᚱᛈᚩᚩᚾᛖᚱ,295
warmongering,83620,0,ᚹᚪᚱᛗᚩᛝᛖᚱᛝ,441
apartness,83466,0,ᚪᛈᚪᚱᛏᚾᛖᛋᛋ,509
spirituel,83433,0,ᛋᛈᛁᚱᛁᛏᚢᛖᛚ,371
outlander,83428,0,ᚩᚢᛏᛚᚪᚾᛞᛖᚱ,435
scholiasts,83353,0,ᛋᚳᚻᚩᛚᛡᛋᛏᛋ,441
bloodroot,83348,0,ᛒᛚᚩᚩᛞᚱᚩᚩᛏ,321
terabytes,83329,0,ᛏᛖᚱᚪᛒᚣᛏᛖᛋ,577
coloniser,83255,0,ᚳᚩᛚᚩᚾᛁᛋᛖᚱ,291
reverends,83211,0,ᚱᛖᚢᛖᚱᛖᚾᛞᛋ,397
deadliness,83197,0,ᛞᛠᛞᛚᛁᚾᛖᛋᛋ,593
overcrowd,83179,0,ᚩᚢᛖᚱᚳᚱᚩᚹᛞ,227
unscented,83177,0,ᚢᚾᛋᚳᛖᚾᛏᛖᛞ,409
equaliser,83143,0,ᛖᚳᚹᚪᛚᛁᛋᛖᚱ,431
baritones,83115,0,ᛒᚪᚱᛁᛏᚩᚾᛖᛋ,415
sclavonian,83102,0,ᛋᚳᛚᚪᚢᚩᚾᛡᚾ,411
embittering,83082,0,ᛖᛗᛒᛁᛏᛏᛖᚱᛝ,505
immorally,83072,0,ᛁᛗᛗᚩᚱᚪᛚᛚᚣ,537
courtezan,83050,0,ᚳᚩᚢᚱᛏᛖᛋᚪᚾ,339
equilibrio,82992,0,ᛖᚳᚹᛁᛚᛁᛒᚱᛡ,413
hemicrania,82986,0,ᚻᛖᛗᛁᚳᚱᚪᚾᛡ,449
bicolored,82968,0,ᛒᛁᚳᚩᛚᚩᚱᛖᛞ,359
fetishist,82934,0,ᚠᛖᛏᛁᛋᚻᛁᛋᛏ,378
echovirus,82925,0,ᛖᚳᚻᚩᚢᛁᚱᚢᛋ,211
manicures,82788,0,ᛗᚪᚾᛁᚳᚢᚱᛖᛋ,375
inwrought,82766,0,ᛁᚾᚹᚱᚩᚢᚷᚻᛏ,199
scalawags,82730,0,ᛋᚳᚪᛚᚪᚹᚪᚷᛋ,519
hitherward,82671,0,ᚻᛁᚦᛖᚱᚹᚪᚱᛞ,353
unsnapped,82541,0,ᚢᚾᛋᚾᚪᛈᛈᛖᛞ,453
auriculas,82533,0,ᚪᚢᚱᛁᚳᚢᛚᚪᛋ,381
vanadates,82503,0,ᚢᚪᚾᚪᛞᚪᛏᛖᛋ,591
enfiladed,82476,0,ᛖᚾᚠᛁᛚᚪᛞᛖᛞ,544
slickness,82475,0,ᛋᛚᛁᚳᚳᚾᛖᛋᛋ,385
darwinians,82447,0,ᛞᚪᚱᚹᛁᚾᛡᚾᛋ,465
anglicanum,82428,0,ᚪᛝᛚᛁᚳᚪᚾᚢᛗ,493
unrelaxed,82361,0,ᚢᚾᚱᛖᛚᚪᛉᛖᛞ,483
sarcosine,82272,0,ᛋᚪᚱᚳᚩᛋᛁᚾᛖ,361
pleonastic,82250,0,ᛈᛚᛇᚾᚪᛋᛏᛁᚳ,439
chairlift,82231,0,ᚳᚻᚪᛁᚱᛚᛁᚠᛏ,340
keypunching,82210,0,ᚳᛖᚣᛈᚢᚾᚳᚻᛝ,373
dantesque,82161,0,ᛞᚪᚾᛏᛖᛋᚳᚹᛖ,493
quitrents,82108,0,ᚳᚹᛁᛏᚱᛖᚾᛏᛋ,341
underived,82100,0,ᚢᚾᛞᛖᚱᛁᚢᛖᛞ,389
setscrews,82076,0,ᛋᛖᛏᛋᚳᚱᛖᚹᛋ,395
hemiacetal,82071,0,ᚻᛖᛗᛡᚳᛖᛏᚪᛚ,577
ridgepole,81966,0,ᚱᛁᛞᚷᛖᛈᚩᛚᛖ,405
sonically,81964,0,ᛋᚩᚾᛁᚳᚪᛚᛚᚣ,479
harmfully,81961,0,ᚻᚪᚱᛗᚠᚢᛚᛚᚣ,456
chabazite,81950,0,ᚳᚻᚪᛒᚪᛋᛁᛏᛖ,501
prepacked,81915,0,ᛈᚱᛖᛈᚪᚳᚳᛖᛞ,443
woodsmoke,81894,0,ᚹᚩᚩᛞᛋᛗᚩᚳᛖ,333
brigantes,81809,0,ᛒᚱᛁᚷᚪᚾᛏᛖᛋ,425
dedicator,81806,0,ᛞᛖᛞᛁᚳᚪᛏᚩᚱ,463
monoceros,81804,0,ᛗᚩᚾᚩᚳᛖᚱᚩᛋ,265
jambalaya,81760,0,ᛂᚪᛗᛒᚪᛚᚪᚣᚪ,733
oleoresins,81702,0,ᚩᛚᛇᚱᛖᛋᛁᚾᛋ,365
spillages,81640,0,ᛋᛈᛁᛚᛚᚪᚷᛖᛋ,507
triweekly,81639,0,ᛏᚱᛁᚹᛖᛖᚳᛚᚣ,443
travailed,81617,0,ᛏᚱᚪᚢᚪᛁᛚᛖᛞ,527
incubates,81616,0,ᛁᚾᚳᚢᛒᚪᛏᛖᛋ,413
theatregoers,81604,0,ᚦᛠᛏᚱᛖᚷᛟᚱᛋ,415
wonderous,81597,0,ᚹᚩᚾᛞᛖᚱᚩᚢᛋ,285
cairngorms,81555,0,ᚳᚪᛁᚱᛝᚩᚱᛗᛋ,373
adoptable,81532,0,ᚪᛞᚩᛈᛏᚪᛒᛚᛖ,593
patricide,81458,0,ᛈᚪᛏᚱᛁᚳᛁᛞᛖ,441
reverencing,81442,0,ᚱᛖᚢᛖᚱᛖᚾᚳᛝ,347
discolour,81440,0,ᛞᛁᛋᚳᚩᛚᚩᚢᚱ,287
enquiringly,81331,0,ᛖᚾᚳᚹᛁᚱᛝᛚᚣ,425
exculpating,81321,0,ᛖᛉᚳᚢᛚᛈᚪᛏᛝ,481
spinozism,81301,0,ᛋᛈᛁᚾᚩᛋᛁᛋᛗ,371
sideshows,81244,0,ᛋᛁᛞᛖᛋᚻᚩᚹᛋ,395
scratchings,81166,0,ᛋᚳᚱᚪᛏᚳᚻᛝᛋ,401
warrantee,81159,0,ᚹᚪᚱᚱᚪᚾᛏᛖᛖ,457
terrorise,81101,0,ᛏᛖᚱᚱᚩᚱᛁᛋᛖ,317
poetasters,80972,0,ᛈᛟᛏᚪᛋᛏᛖᚱᛋ,525
antibiosis,80921,0,ᚪᚾᛏᛁᛒᛡᛋᛁᛋ,521
weaponless,80894,0,ᚹᛠᛈᚩᚾᛚᛖᛋᛋ,453
backslide,80880,0,ᛒᚪᚳᚳᛋᛚᛁᛞᛖ,497
decennium,80859,0,ᛞᛖᚳᛖᚾᚾᛁᚢᛗ,399
horseshit,80857,0,ᚻᚩᚱᛋᛖᛋᚻᛁᛏ,327
aquatints,80840,0,ᚪᚳᚹᚪᛏᛁᚾᛏᛋ,457
sweetbread,80815,0,ᛋᚹᛖᛖᛏᛒᚱᛠᛞ,535
decertify,80754,0,ᛞᛖᚳᛖᚱᛏᛁᚠᚣ,442
overspent,80738,0,ᚩᚢᛖᚱᛋᛈᛖᚾᛏ,339
implosive,80701,0,ᛁᛗᛈᛚᚩᛋᛁᚢᛖ,379
fleshpots,80671,0,ᚠᛚᛖᛋᚻᛈᚩᛏᛋ,380
epiphysial,80630,0,ᛖᛈᛁᛈᚻᚣᛋᛡᛚ,543
homoeopaths,80623,0,ᚻᚩᛗᛟᚩᛈᚪᚦᛋ,389
disobliging,80622,0,ᛞᛁᛋᚩᛒᛚᛁᚷᛝ,441
disoblige,80618,0,ᛞᛁᛋᚩᛒᛚᛁᚷᛖ,429
asafetida,80596,0,ᚪᛋᚪᚠᛖᛏᛁᛞᚪ,592
anywheres,80593,0,ᚪᚾᚣᚹᚻᛖᚱᛖᛋ,469
sightseer,80583,0,ᛋᛁᚷᚻᛏᛋᛖᛖᚱ,381
skinflint,80577,0,ᛋᚳᛁᚾᚠᛚᛁᚾᛏ,320
promisingly,80566,0,ᛈᚱᚩᛗᛁᛋᛝᛚᚣ,471
airdromes,80562,0,ᚪᛁᚱᛞᚱᚩᛗᛖᛋ,437
eulogiums,80533,0,ᛖᚢᛚᚩᚷᛁᚢᛗᛋ,325
evacuates,80518,0,ᛖᚢᚪᚳᚢᚪᛏᛖᛋ,459
demijohns,80517,0,ᛞᛖᛗᛁᛂᚩᚻᚾᛋ,407
hobnailed,80509,0,ᚻᚩᛒᚾᚪᛁᛚᛖᛞ,477
breviaries,80508,0,ᛒᚱᛖᚢᛡᚱᛁᛖᛋ,411
trihedral,80499,0,ᛏᚱᛁᚻᛖᛞᚱᚪᛚ,461
liverymen,80487,0,ᛚᛁᚢᛖᚱᚣᛗᛖᚾ,455
procuress,80417,0,ᛈᚱᚩᚳᚢᚱᛖᛋᛋ,261
flagpoles,80378,0,ᚠᛚᚪᚷᛈᚩᛚᛖᛋ,432
popsicles,80374,0,ᛈᚩᛈᛋᛁᚳᛚᛖᛋ,383
kafkaesque,80322,0,ᚳᚪᚠᚳᚫᛋᚳᚹᛖ,378
tumescent,80318,0,ᛏᚢᛗᛖᛋᚳᛖᚾᛏ,421
overflown,80302,0,ᚩᚢᛖᚱᚠᛚᚩᚹᚾ,218
dragooned,80286,0,ᛞᚱᚪᚷᚩᚩᚾᛖᛞ,413
parthenope,80246,0,ᛈᚪᚱᚦᛖᚾᚩᛈᛖ,369
sybaritic,80226,0,ᛋᚣᛒᚪᚱᛁᛏᛁᚳ,459
claustrum,80162,0,ᚳᛚᚪᚢᛋᛏᚱᚢᛗ,383
topflight,80116,0,ᛏᚩᛈᚠᛚᛁᚷᚻᛏ,314
poppycock,80093,0,ᛈᚩᛈᛈᚣᚳᚩᚳᚳ,285
fathometer,80064,0,ᚠᚪᚦᚩᛗᛖᛏᛖᚱ,386
nipponese,80006,0,ᚾᛁᛈᛈᚩᚾᛖᛋᛖ,369
underslung,79896,0,ᚢᚾᛞᛖᚱᛋᛚᚢᛝ,407
plutocrat,79886,0,ᛈᛚᚢᛏᚩᚳᚱᚪᛏ,365
hominoids,79875,0,ᚻᚩᛗᛁᚾᚩᛁᛞᛋ,341
belemnite,79834,0,ᛒᛖᛚᛖᛗᚾᛁᛏᛖ,525
circulant,79720,0,ᚳᛁᚱᚳᚢᛚᚪᚾᛏ,329
forewoman,79663,0,ᚠᚩᚱᛖᚹᚩᛗᚪᚾ,310
escribano,79646,0,ᛖᛋᚳᚱᛁᛒᚪᚾᚩ,369
boondocks,79582,0,ᛒᚩᚩᚾᛞᚩᚳᚳᛋ,279
fitnesses,79527,0,ᚠᛁᛏᚾᛖᛋᛋᛖᛋ,414
greenmail,79521,0,ᚷᚱᛖᛖᚾᛗᚪᛁᛚ,463
rehydrate,79469,0,ᚱᛖᚻᚣᛞᚱᚪᛏᛖ,527
prosimians,79421,0,ᛈᚱᚩᛋᛁᛗᛡᚾᛋ,405
vaccinees,79409,0,ᚢᚪᚳᚳᛁᚾᛖᛖᛋ,373
raucously,79384,0,ᚱᚪᚢᚳᚩᚢᛋᛚᚣ,363
satanists,79378,0,ᛋᚪᛏᚪᚾᛁᛋᛏᛋ,531
redivision,79358,0,ᚱᛖᛞᛁᚢᛁᛋᛡᚾ,421
signposting,79356,0,ᛋᛁᚷᚾᛈᚩᛋᛏᛝ,371
crackpots,79289,0,ᚳᚱᚪᚳᚳᛈᚩᛏᛋ,309
monochord,79283,0,ᛗᚩᚾᚩᚳᚻᚩᚱᛞ,257
pergamene,79259,0,ᛈᛖᚱᚷᚪᛗᛖᚾᛖ,469
cheilitis,79238,0,ᚳᚻᛖᛁᛚᛁᛏᛁᛋ,381
leatherwork,79217,0,ᛚᛠᚦᛖᚱᚹᚩᚱᚳ,315
galleried,79194,0,ᚷᚪᛚᛚᛖᚱᛁᛖᛞ,525
courgette,79141,0,ᚳᚩᚢᚱᚷᛖᛏᛏᛖ,303
colonizes,79100,0,ᚳᚩᛚᚩᚾᛁᛋᛖᛋ,333
dissuades,79033,0,ᛞᛁᛋᛋᚢᚪᛞᛖᛋ,535
estoppels,79000,0,ᛖᛋᛏᚩᛈᛈᛖᛚᛋ,465
stokehold,78966,0,ᛋᛏᚩᚳᛖᚻᚩᛚᛞ,391
trefoiled,78960,0,ᛏᚱᛖᚠᚩᛁᛚᛖᛞ,406
corchorus,78946,0,ᚳᚩᚱᚳᚻᚩᚱᚢᛋ,141
quickstep,78940,0,ᚳᚹᛁᚳᚳᛋᛏᛖᛈ,311
epenthetic,78935,0,ᛖᛈᛖᚾᚦᛖᛏᛁᚳ,381
tackiness,78907,0,ᛏᚪᚳᚳᛁᚾᛖᛋᛋ,415
rivalrous,78898,0,ᚱᛁᚢᚪᛚᚱᚩᚢᛋ,289
federates,78898,0,ᚠᛖᛞᛖᚱᚪᛏᛖᛋ,512
passbooks,78877,0,ᛈᚪᛋᛋᛒᚩᚩᚳᛋ,387
downshift,78869,0,ᛞᚩᚹᚾᛋᚻᛁᚠᛏ,312
wisecrack,78864,0,ᚹᛁᛋᛖᚳᚱᚪᚳᚳ,317
aurantium,78816,0,ᚪᚢᚱᚪᚾᛏᛁᚢᛗ,401
selectric,78711,0,ᛋᛖᛚᛖᚳᛏᚱᛁᚳ,387
implosions,78694,0,ᛁᛗᛈᛚᚩᛋᛡᚾᛋ,467
baculites,78570,0,ᛒᚪᚳᚢᛚᛁᛏᛖᛋ,457
ploughboy,78565,0,ᛈᛚᚩᚢᚷᚻᛒᚩᚣ,337
millenary,78533,0,ᛗᛁᛚᛚᛖᚾᚪᚱᚣ,555
canebrake,78439,0,ᚳᚪᚾᛖᛒᚱᚪᚳᛖ,455
velvetleaf,78419,0,ᚢᛖᛚᚢᛖᛏᛚᛠᚠ,456
humbugged,78372,0,ᚻᚢᛗᛒᚢᚷᚷᛖᛞ,351
trapdoors,78370,0,ᛏᚱᚪᛈᛞᚩᚩᚱᛋ,377
myringotomy,78370,0,ᛗᚣᚱᛝᚩᛏᚩᛗᚣ,511
gaslights,78333,0,ᚷᚪᛋᛚᛁᚷᚻᛏᛋ,423
recompile,78326,0,ᚱᛖᚳᚩᛗᛈᛁᛚᛖ,383
noctiluca,78306,0,ᚾᚩᚳᛏᛁᛚᚢᚳᚪ,325
herbalism,78303,0,ᚻᛖᚱᛒᚪᛚᛁᛋᛗ,487
unfertile,78281,0,ᚢᚾᚠᛖᚱᛏᛁᛚᛖ,342
huskiness,78281,0,ᚻᚢᛋᚳᛁᚾᛖᛋᛋ,325
monorails,78254,0,ᛗᚩᚾᚩᚱᚪᛁᛚᛋ,379
adorations,78241,0,ᚪᛞᚩᚱᚪᛏᛡᚾᛋ,549
debuggers,78230,0,ᛞᛖᛒᚢᚷᚷᛖᚱᛋ,385
blowpipes,78191,0,ᛒᛚᚩᚹᛈᛁᛈᛖᛋ,397
chopstick,78164,0,ᚳᚻᚩᛈᛋᛏᛁᚳᚳ,255
springiness,78131,0,ᛋᛈᚱᛝᛁᚾᛖᛋᛋ,419
farmyards,78089,0,ᚠᚪᚱᛗᚣᚪᚱᛞᛋ,534
lombardic,78078,0,ᛚᚩᛗᛒᚪᚱᛞᛁᚳ,453
homophile,78026,0,ᚻᚩᛗᚩᛈᚻᛁᛚᛖ,345
removeable,78018,0,ᚱᛖᛗᚩᚢᛠᛒᛚᛖ,469
headpieces,77987,0,ᚻᛠᛞᛈᛁᛖᚳᛖᛋ,495
arrogates,77852,0,ᚪᚱᚱᚩᚷᚪᛏᛖᛋ,419
romanised,77850,0,ᚱᚩᛗᚪᚾᛁᛋᛖᛞ,455
insatiably,77825,0,ᛁᚾᛋᚪᛏᛡᛒᛚᚣ,613
circinate,77816,0,ᚳᛁᚱᚳᛁᚾᚪᛏᛖ,351
mangosteen,77762,0,ᛗᚪᛝᚩᛋᛏᛖᛖᚾ,529
ballparks,77726,0,ᛒᚪᛚᛚᛈᚪᚱᚳᛋ,521
bookworms,77641,0,ᛒᚩᚩᚳᚹᚩᚱᛗᛋ,249
ingenuities,77604,0,ᛝᛖᚾᚢᛁᛏᛁᛖᛋ,419
panhandling,77422,0,ᛈᚪᚾᚻᚪᚾᛞᛚᛝ,559
nosewheel,77414,0,ᚾᚩᛋᛖᚹᚻᛖᛖᛚ,405
necklines,77391,0,ᚾᛖᚳᚳᛚᛁᚾᛖᛋ,375
relighted,77367,0,ᚱᛖᛚᛁᚷᚻᛏᛖᛞ,437
lazzaroni,77366,0,ᛚᚪᛋᛋᚪᚱᚩᚾᛁ,451
touchable,77341,0,ᛏᚩᚢᚳᚻᚪᛒᛚᛖ,403
whoredoms,77337,0,ᚹᚻᚩᚱᛖᛞᚩᛗᛋ,347
mistrusts,77230,0,ᛗᛁᛋᛏᚱᚢᛋᛏᛋ,393
altruists,77170,0,ᚪᛚᛏᚱᚢᛁᛋᛏᛋ,439
gritstone,77129,0,ᚷᚱᛁᛏᛋᛏᚩᚾᛖ,333
whereabout,77116,0,ᚹᚻᛖᚱᛠᛒᚩᚢᛏ,359
odalisque,77094,0,ᚩᛞᚪᛚᛁᛋᚳᚹᛖ,449
springtails,77076,0,ᛋᛈᚱᛝᛏᚪᛁᛚᛋ,499
waterbuck,77041,0,ᚹᚪᛏᛖᚱᛒᚢᚳᚳ,343
dipsomania,77030,0,ᛞᛁᛈᛋᚩᛗᚪᚾᛡ,527
speciously,76912,0,ᛋᛈᛖᚳᛡᚢᛋᛚᚣ,515
disperser,76879,0,ᛞᛁᛋᛈᛖᚱᛋᛖᚱ,425
ownerless,76865,0,ᚩᚹᚾᛖᚱᛚᛖᛋᛋ,379
moistures,76864,0,ᛗᚩᛁᛋᛏᚢᚱᛖᛋ,355
faubourgs,76859,0,ᚠᚪᚢᛒᚩᚢᚱᚷᛋ,254
combretum,76823,0,ᚳᚩᛗᛒᚱᛖᛏᚢᛗ,363
venerates,76807,0,ᚢᛖᚾᛖᚱᚪᛏᛖᛋ,453
loincloths,76796,0,ᛚᚩᛁᚾᚳᛚᚩᚦᛋ,291
knackered,76794,0,ᚳᚾᚪᚳᚳᛖᚱᛖᛞ,399
eulogists,76766,0,ᛖᚢᛚᚩᚷᛁᛋᛏᛋ,363
bondwoman,76715,0,ᛒᚩᚾᛞᚹᚩᛗᚪᚾ,409
pawnbroking,76702,0,ᛈᚪᚹᚾᛒᚱᚩᚳᛝ,359
rollbacks,76685,0,ᚱᚩᛚᛚᛒᚪᚳᚳᛋ,401
handstand,76666,0,ᚻᚪᚾᛞᛋᛏᚪᚾᛞ,565
fireships,76610,0,ᚠᛁᚱᛖᛋᚻᛁᛈᛋ,314
undermost,76602,0,ᚢᚾᛞᛖᚱᛗᚩᛋᛏ,389
schnauzer,76563,0,ᛋᚳᚻᚾᚪᚢᛋᛖᚱ,349
curtseyed,76561,0,ᚳᚢᚱᛏᛋᛖᚣᛖᛞ,465
aldehydic,76523,0,ᚪᛚᛞᛖᚻᚣᛞᛁᚳ,585
maniacally,76424,0,ᛗᚪᚾᛡᚳᚪᛚᛚᚣ,663
rockeries,76286,0,ᚱᚩᚳᚳᛖᚱᛁᛖᛋ,273
overlearning,76284,0,ᚩᚢᛖᚱᛚᛠᚱᚾᛝ,389
sudorific,76277,0,ᛋᚢᛞᚩᚱᛁᚠᛁᚳ,240
overspend,76184,0,ᚩᚢᛖᚱᛋᛈᛖᚾᛞ,369
excitants,76175,0,ᛖᛉᚳᛁᛏᚪᚾᛏᛋ,455
chelonians,76165,0,ᚳᚻᛖᛚᚩᚾᛡᚾᛋ,401
diapedesis,76152,0,ᛞᛡᛈᛖᛞᛖᛋᛁᛋ,599
saleratus,76140,0,ᛋᚪᛚᛖᚱᚪᛏᚢᛋ,513
decouples,76090,0,ᛞᛖᚳᚩᚢᛈᛚᛖᛋ,415
curlicues,76082,0,ᚳᚢᚱᛚᛁᚳᚢᛖᛋ,267
subphylum,76041,0,ᛋᚢᛒᛈᚻᚣᛚᚢᛗ,433
clepsydra,76032,0,ᚳᛚᛖᛈᛋᚣᛞᚱᚪ,549
cloudland,76005,0,ᚳᛚᚩᚢᛞᛚᚪᚾᛞ,473
accustoms,75994,0,ᚪᚳᚳᚢᛋᛏᚩᛗᛋ,369
indorsees,75975,0,ᛁᚾᛞᚩᚱᛋᛖᛖᛋ,407
clampdown,75949,0,ᚳᛚᚪᛗᛈᛞᚩᚹᚾ,441
mehitabel,75897,0,ᛗᛖᚻᛁᛏᚪᛒᛖᛚ,549
handcuffing,75818,0,ᚻᚪᚾᛞᚳᚢᚠᚠᛝ,337
docudrama,75800,0,ᛞᚩᚳᚢᛞᚱᚪᛗᚪ,477
shrimpers,75788,0,ᛋᚻᚱᛁᛗᛈᛖᚱᛋ,363
plagiarizing,75781,0,ᛈᛚᚪᚷᛡᚱᛁᛋᛝ,511
washermen,75717,0,ᚹᚪᛋᚻᛖᚱᛗᛖᚾ,437
monotheist,75649,0,ᛗᚩᚾᚩᚦᛖᛁᛋᛏ,329
guilloche,75627,0,ᚷᚢᛁᛚᛚᚩᚳᚻᛖ,307
serviette,75589,0,ᛋᛖᚱᚢᛁᛖᛏᛏᛖ,417
headboards,75588,0,ᚻᛠᛞᛒᚩᚪᚱᛞᛋ,539
roguishly,75566,0,ᚱᚩᚷᚢᛁᛋᚻᛚᚣ,321
amylaceous,75535,0,ᚪᛗᚣᛚᚪᚳᛇᚢᛋ,551
comminuting,75526,0,ᚳᚩᛗᛗᛁᚾᚢᛏᛝ,363
jacquerie,75409,0,ᛂᚪᚳᚳᚹᛖᚱᛁᛖ,355
multilane,75378,0,ᛗᚢᛚᛏᛁᛚᚪᚾᛖ,503
nonactive,75341,0,ᚾᚩᚾᚪᚳᛏᛁᚢᛖ,335
handclasp,75310,0,ᚻᚪᚾᛞᚳᛚᚪᛋᛈ,517
saltworks,75301,0,ᛋᚪᛚᛏᚹᚩᚱᚳᛋ,385
plainsmen,75289,0,ᛈᛚᚪᛁᚾᛋᛗᛖᚾ,493
sassenach,75263,0,ᛋᚪᛋᛋᛖᚾᚪᚳᚻ,485
bamboozle,75224,0,ᛒᚪᛗᛒᚩᚩᛋᛚᛖ,497
cnidarians,75178,0,ᚳᚾᛁᛞᚪᚱᛡᚾᛋ,459
siderosis,75107,0,ᛋᛁᛞᛖᚱᚩᛋᛁᛋ,395
advertizing,75100,0,ᚪᛞᚢᛖᚱᛏᛁᛋᛝ,489
preciously,75076,0,ᛈᚱᛖᚳᛡᚢᛋᛚᚣ,473
canonries,75045,0,ᚳᚪᚾᚩᚾᚱᛁᛖᛋ,337
carousels,75002,0,ᚳᚪᚱᚩᚢᛋᛖᛚᛋ,377
temporising,74908,0,ᛏᛖᛗᛈᚩᚱᛁᛋᛝ,421
paperclip,74890,0,ᛈᚪᛈᛖᚱᚳᛚᛁᛈ,421
equerries,74868,0,ᛖᚳᚹᛖᚱᚱᛁᛖᛋ,339
zygospore,74858,0,ᛋᚣᚷᚩᛋᛈᚩᚱᛖ,361
revelator,74844,0,ᚱᛖᚢᛖᛚᚪᛏᚩᚱ,395
absorbingly,74844,0,ᚪᛒᛋᚩᚱᛒᛝᛚᚣ,545
pictogram,74840,0,ᛈᛁᚳᛏᚩᚷᚱᚪᛗ,349
meannesses,74840,0,ᛗᛠᚾᚾᛖᛋᛋᛖᛋ,531
adumbrate,74830,0,ᚪᛞᚢᛗᛒᚱᚪᛏᛖ,555
catamenial,74817,0,ᚳᚪᛏᚪᛗᛖᚾᛡᛚ,613
heliometer,74723,0,ᚻᛖᛚᛡᛗᛖᛏᛖᚱ,545
sheepdogs,74703,0,ᛋᚻᛖᛖᛈᛞᚩᚷᛋ,419
wagonload,74701,0,ᚹᚪᚷᚩᚾᛚᚩᚪᛞ,435
carronade,74678,0,ᚳᚪᚱᚱᚩᚾᚪᛞᛖ,421
emboldens,74647,0,ᛖᛗᛒᚩᛚᛞᛖᚾᛋ,517
mediatized,74625,0,ᛗᛖᛞᛡᛏᛁᛋᛖᛞ,633
heresiarch,74505,0,ᚻᛖᚱᛖᛋᛡᚱᚳᚻ,375
mackerels,74495,0,ᛗᚪᚳᚳᛖᚱᛖᛚᛋ,465
brigadoon,74464,0,ᛒᚱᛁᚷᚪᛞᚩᚩᚾ,349
bydgoszcz,74458,0,ᛒᚣᛞᚷᚩᛋᛋᚳᛋ,449
porphyrias,74448,0,ᛈᚩᚱᛈᚻᚣᚱᛡᛋ,401
innholder,74427,0,ᛁᚾᚾᚻᚩᛚᛞᛖᚱ,359
mentalist,74418,0,ᛗᛖᚾᛏᚪᛚᛁᛋᛏ,539
refutable,74399,0,ᚱᛖᚠᚢᛏᚪᛒᛚᛖ,440
sgraffito,74372,0,ᛋᚷᚱᚪᚠᚠᛁᛏᚩ,279
thunderhead,74267,0,ᚦᚢᚾᛞᛖᚱᚻᛠᛞ,425
palpitate,74248,0,ᛈᚪᛚᛈᛁᛏᚪᛏᛖ,569
strobilus,74208,0,ᛋᛏᚱᚩᛒᛁᛚᚢᛋ,351
electuary,74202,0,ᛖᛚᛖᚳᛏᚢᚪᚱᚣ,493
seraphine,74161,0,ᛋᛖᚱᚪᛈᚻᛁᚾᛖ,421
complices,74097,0,ᚳᚩᛗᛈᛚᛁᚳᛖᛋ,371
unkindest,74096,0,ᚢᚾᚳᛁᚾᛞᛖᛋᛏ,373
approvers,74093,0,ᚪᛈᛈᚱᚩᚢᛖᚱᛋ,335
wavebands,74077,0,ᚹᚪᚢᛖᛒᚪᚾᛞᛋ,515
spymaster,74054,0,ᛋᛈᚣᛗᚪᛋᛏᛖᚱ,557
laodiceans,74050,0,ᛚᚪᚩᛞᛁᚳᛠᚾᛋ,501
pangenesis,74017,0,ᛈᚪᛝᛖᚾᛖᛋᛁᛋ,519
trousered,73951,0,ᛏᚱᚩᚢᛋᛖᚱᛖᛞ,367
contrails,73945,0,ᚳᚩᚾᛏᚱᚪᛁᛚᛋ,373
maculation,73932,0,ᛗᚪᚳᚢᛚᚪᛏᛡᚾ,549
paedophilia,73909,0,ᛈᚫᛞᚩᛈᚻᛁᛚᛡ,517
hairstyling,73907,0,ᚻᚪᛁᚱᛋᛏᚣᛚᛝ,529
annotates,73865,0,ᚪᚾᚾᚩᛏᚪᛏᛖᛋ,497
subfreezing,73835,0,ᛋᚢᛒᚠᚱᛖᛖᛋᛝ,396
barnyards,73814,0,ᛒᚪᚱᚾᚣᚪᚱᛞᛋ,551
endogenic,73784,0,ᛖᚾᛞᚩᚷᛖᚾᛁᚳ,349
taximeter,73746,0,ᛏᚪᛉᛁᛗᛖᛏᛖᚱ,509
earsplitting,73701,0,ᛠᚱᛋᛈᛚᛁᛏᛏᛝ,517
praesertim,73656,0,ᛈᚱᚫᛋᛖᚱᛏᛁᛗ,447
bluecoats,73630,0,ᛒᛚᚢᛖᚳᚩᚪᛏᛋ,433
cantilena,73622,0,ᚳᚪᚾᛏᛁᛚᛖᚾᚪ,495
flowerbed,73558,0,ᚠᛚᚩᚹᛖᚱᛒᛖᛞ,396
furbished,73554,0,ᚠᚢᚱᛒᛁᛋᚻᛖᛞ,340
pinwheels,73552,0,ᛈᛁᚾᚹᚻᛖᛖᛚᛋ,405
theorisation,73544,0,ᚦᛇᚱᛁᛋᚪᛏᛡᚾ,433
bedazzled,73510,0,ᛒᛖᛞᚪᛋᛋᛚᛖᛞ,649
unappeased,73481,0,ᚢᚾᚪᛈᛈᛠᛋᛖᛞ,533
obscurest,73472,0,ᚩᛒᛋᚳᚢᚱᛖᛋᛏ,327
oriflamme,73459,0,ᚩᚱᛁᚠᛚᚪᛗᛗᛖ,430
propositi,73448,0,ᛈᚱᚩᛈᚩᛋᛁᛏᛁ,285
perjurers,73387,0,ᛈᛖᚱᛂᚢᚱᛖᚱᛋ,303
revisable,73331,0,ᚱᛖᚢᛁᛋᚪᛒᛚᛖ,463
herbartian,73329,0,ᚻᛖᚱᛒᚪᚱᛏᛡᚾ,465
unbridged,73323,0,ᚢᚾᛒᚱᛁᛞᚷᛖᛞ,397
launchpad,73312,0,ᛚᚪᚢᚾᚳᚻᛈᚪᛞ,467
declaimer,73245,0,ᛞᛖᚳᛚᚪᛁᛗᛖᚱ,519
hedonists,73225,0,ᚻᛖᛞᚩᚾᛁᛋᛏᛋ,411
excursive,73160,0,ᛖᛉᚳᚢᚱᛋᛁᚢᛖ,295
salivated,73159,0,ᛋᚪᛚᛁᚢᚪᛏᛖᛞ,569
superpose,73141,0,ᛋᚢᛈᛖᚱᛈᚩᛋᛖ,347
politesse,73095,0,ᛈᚩᛚᛁᛏᛖᛋᛋᛖ,453
unpayable,73082,0,ᚢᚾᛈᚪᚣᚪᛒᛚᛖ,573
bowlegged,73036,0,ᛒᚩᚹᛚᛖᚷᚷᛖᛞ,417
duellists,73018,0,ᛞᚢᛖᛚᛚᛁᛋᛏᛋ,501
peripatus,72988,0,ᛈᛖᚱᛁᛈᚪᛏᚢᛋ,407
temporale,72987,0,ᛏᛖᛗᛈᚩᚱᚪᛚᛖ,495
timbermen,72983,0,ᛏᛁᛗᛒᛖᚱᛗᛖᚾ,467
derogates,72906,0,ᛞᛖᚱᚩᚷᚪᛏᛖᛋ,467
diurnally,72852,0,ᛞᛁᚢᚱᚾᚪᛚᛚᚣ,509
villenage,72840,0,ᚢᛁᛚᛚᛖᚾᚪᚷᛖ,457
homeliest,72830,0,ᚻᚩᛗᛖᛚᛁᛖᛋᛏ,451
barbadians,72745,0,ᛒᚪᚱᛒᚪᛞᛡᚾᛋ,605
hiccupped,72735,0,ᚻᛁᚳᚳᚢᛈᛈᛖᛞ,325
paraphilia,72661,0,ᛈᚪᚱᚪᛈᚻᛁᛚᛡ,525
reenforcing,72650,0,ᚱᛖᛖᚾᚠᚩᚱᚳᛝ,286
uncorrupt,72565,0,ᚢᚾᚳᚩᚱᚱᚢᛈᛏ,179
motocross,72489,0,ᛗᚩᛏᚩᚳᚱᚩᛋᛋ,281
pantheists,72485,0,ᛈᚪᚾᚦᛖᛁᛋᛏᛋ,437
cobwebbed,72456,0,ᚳᚩᛒᚹᛖᛒᛒᛖᛞ,445
mandrakes,72448,0,ᛗᚪᚾᛞᚱᚪᚳᛖᛋ,527
trainband,72432,0,ᛏᚱᚪᛁᚾᛒᚪᚾᛞ,503
rockslide,72401,0,ᚱᚩᚳᚳᛋᛚᛁᛞᛖ,357
dislodges,72382,0,ᛞᛁᛋᛚᚩᛞᚷᛖᛋ,479
insomniacs,72341,0,ᛁᚾᛋᚩᛗᚾᛡᚳᛋ,393
catechise,72307,0,ᚳᚪᛏᛖᚳᚻᛁᛋᛖ,423
carillons,72304,0,ᚳᚪᚱᛁᛚᛚᚩᚾᛋ,387
greenside,72297,0,ᚷᚱᛖᛖᚾᛋᛁᛞᛖ,431
ornithosis,72195,0,ᚩᚱᚾᛁᚦᚩᛋᛁᛋ,227
paintball,72180,0,ᛈᚪᛁᚾᛏᛒᚪᛚᛚ,563
sundowner,72144,0,ᛋᚢᚾᛞᚩᚹᚾᛖᚱ,307
epitomise,72141,0,ᛖᛈᛁᛏᚩᛗᛁᛋᛖ,429
calceolaria,72131,0,ᚳᚪᛚᚳᛇᛚᚪᚱᛡ,525
gimmickry,71991,0,ᚷᛁᛗᛗᛁᚳᚳᚱᚣ,361
bismillah,71984,0,ᛒᛁᛋᛗᛁᛚᛚᚪᚻ,513
brevities,71949,0,ᛒᚱᛖᚢᛁᛏᛁᛖᛋ,383
surliness,71924,0,ᛋᚢᚱᛚᛁᚾᛖᛋᛋ,373
dustiness,71920,0,ᛞᚢᛋᛏᛁᚾᛖᛋᛋ,437
starships,71893,0,ᛋᛏᚪᚱᛋᚻᛁᛈᛋ,423
stonecrop,71869,0,ᛋᛏᚩᚾᛖᚳᚱᚩᛈ,289
privacies,71867,0,ᛈᚱᛁᚢᚪᚳᛁᛖᛋ,349
youthfully,71813,0,ᚣᚩᚢᚦᚠᚢᛚᛚᚣ,372
cadetship,71792,0,ᚳᚪᛞᛖᛏᛋᚻᛁᛈ,475
millerite,71773,0,ᛗᛁᛚᛚᛖᚱᛁᛏᛖ,483
princedom,71762,0,ᛈᚱᛁᚾᚳᛖᛞᚩᛗ,361
waterbird,71754,0,ᚹᚪᛏᛖᚱᛒᛁᚱᛞ,445
recursions,71730,0,ᚱᛖᚳᚢᚱᛋᛡᚾᛋ,347
unrenewed,71723,0,ᚢᚾᚱᛖᚾᛖᚹᛖᛞ,381
pummelled,71723,0,ᛈᚢᛗᛗᛖᛚᛚᛖᛞ,557
neurinoma,71711,0,ᚾᛖᚢᚱᛁᚾᚩᛗᚪ,345
shirttail,71669,0,ᛋᚻᛁᚱᛏᛏᚪᛁᛚ,437
forenames,71655,0,ᚠᚩᚱᛖᚾᚪᛗᛖᛋ,404
andradite,71640,0,ᚪᚾᛞᚱᚪᛞᛁᛏᛖ,569
endospore,71625,0,ᛖᚾᛞᚩᛋᛈᚩᚱᛖ,373
gourmands,71622,0,ᚷᚩᚢᚱᛗᚪᚾᛞᛋ,377
cardiogram,71615,0,ᚳᚪᚱᛞᛡᚷᚱᚪᛗ,513
tanglefoot,71580,0,ᛏᚪᛝᛚᛖᚠᚩᚩᛏ,450
eyeshadow,71562,0,ᛖᚣᛖᛋᚻᚪᛞᚩᚹ,525
blackheart,71485,0,ᛒᛚᚪᚳᚳᚻᛠᚱᛏ,459
pseudopod,71478,0,ᛈᛋᛖᚢᛞᚩᛈᚩᛞ,401
latinised,71467,0,ᛚᚪᛏᛁᚾᛁᛋᛖᛞ,529
discolors,71459,0,ᛞᛁᛋᚳᚩᛚᚩᚱᛋ,337
fosterage,71416,0,ᚠᚩᛋᛏᛖᚱᚪᚷᛖ,380
unallowed,71411,0,ᚢᚾᚪᛚᛚᚩᚹᛖᛞ,457
scratcher,71409,0,ᛋᚳᚱᚪᛏᚳᚻᛖᚱ,347
palmettos,71407,0,ᛈᚪᛚᛗᛖᛏᛏᚩᛋ,529
odometers,71399,0,ᚩᛞᚩᛗᛖᛏᛖᚱᛋ,431
mystifies,71387,0,ᛗᚣᛋᛏᛁᚠᛁᛖᛋ,470
navarrese,71349,0,ᚾᚪᚢᚪᚱᚱᛖᛋᛖ,435
trephined,71294,0,ᛏᚱᛖᛈᚻᛁᚾᛖᛞ,419
triteness,71235,0,ᛏᚱᛁᛏᛖᚾᛖᛋᛋ,429
trappists,71184,0,ᛏᚱᚪᛈᛈᛁᛋᛏᛋ,449
angelology,71125,0,ᚪᛝᛖᛚᚩᛚᚩᚷᚣ,523
bibliomania,71121,0,ᛒᛁᛒᛚᛡᛗᚪᚾᛡ,637
vacuities,71111,0,ᚢᚪᚳᚢᛁᛏᛁᛖᛋ,357
cinerarias,71096,0,ᚳᛁᚾᛖᚱᚪᚱᛡᛋ,419
eucalypti,71089,0,ᛖᚢᚳᚪᛚᚣᛈᛏᛁ,489
trabecula,71042,0,ᛏᚱᚪᛒᛖᚳᚢᛚᚪ,481
bamangwato,70953,0,ᛒᚪᛗᚪᛝᚹᚪᛏᚩ,587
chymistry,70785,0,ᚳᚻᚣᛗᛁᛋᛏᚱᚣ,467
emigrates,70726,0,ᛖᛗᛁᚷᚱᚪᛏᛖᛋ,473
disruptor,70725,0,ᛞᛁᛋᚱᚢᛈᛏᚩᚱ,307
epispadias,70661,0,ᛖᛈᛁᛋᛈᚪᛞᛡᛋ,583
pirouetting,70629,0,ᛈᛁᚱᚩᚢᛖᛏᛏᛝ,359
calumniating,70622,0,ᚳᚪᛚᚢᛗᚾᛡᛏᛝ,531
godparent,70596,0,ᚷᚩᛞᛈᚪᚱᛖᚾᛏ,419
thimbleful,70576,0,ᚦᛁᛗᛒᛚᛖᚠᚢᛚ,386
toboggans,70558,0,ᛏᚩᛒᚩᚷᚷᚪᚾᛋ,347
christies,70548,0,ᚳᚻᚱᛁᛋᛏᛁᛖᛋ,341
transfusing,70473,0,ᛏᚱᚪᚾᛋᚠᚢᛋᛝ,386
collocate,70464,0,ᚳᚩᛚᛚᚩᚳᚪᛏᛖ,409
pictorials,70353,0,ᛈᛁᚳᛏᚩᚱᛡᛚᛋ,397
anapaestic,70322,0,ᚪᚾᚪᛈᚫᛋᛏᛁᚳ,523
bratwurst,70303,0,ᛒᚱᚪᛏᚹᚢᚱᛋᛏ,373
statelier,70202,0,ᛋᛏᚪᛏᛖᛚᛁᛖᚱ,517
chatterer,70192,0,ᚳᚻᚪᛏᛏᛖᚱᛖᚱ,407
choirboys,70145,0,ᚳᚻᚩᛁᚱᛒᚩᚣᛋ,309
camphoric,70144,0,ᚳᚪᛗᛈᚻᚩᚱᛁᚳ,309
sprinklings,70123,0,ᛋᛈᚱᛁᚾᚳᛚᛝᛋ,385
bilocular,70114,0,ᛒᛁᛚᚩᚳᚢᛚᚪᚱ,369
eulogizes,70109,0,ᛖᚢᛚᚩᚷᛁᛋᛖᛋ,371
basilican,70065,0,ᛒᚪᛋᛁᛚᛁᚳᚪᚾ,485
clusterings,70054,0,ᚳᛚᚢᛋᛏᛖᚱᛝᛋ,411
revelries,70046,0,ᚱᛖᚢᛖᛚᚱᛁᛖᛋ,383
entryways,69988,0,ᛖᚾᛏᚱᚣᚹᚪᚣᛋ,541
pastiches,69971,0,ᛈᚪᛋᛏᛁᚳᚻᛖᛋ,439
tolstoyan,69968,0,ᛏᚩᛚᛋᛏᚩᚣᚪᚾ,487
copybooks,69883,0,ᚳᚩᛈᚣᛒᚩᚩᚳᛋ,307
bobwhites,69882,0,ᛒᚩᛒᚹᚻᛁᛏᛖᛋ,381
queenship,69862,0,ᚳᚹᛖᛖᚾᛋᚻᛁᛈ,345
bestiaries,69850,0,ᛒᛖᛋᛏᛡᚱᛁᛖᛋ,509
mesmerize,69838,0,ᛗᛖᛋᛗᛖᚱᛁᛋᛖ,491
accretive,69825,0,ᚪᚳᚳᚱᛖᛏᛁᚢᛖ,361
manhandle,69823,0,ᛗᚪᚾᚻᚪᚾᛞᛚᛖ,575
deflexions,69806,0,ᛞᛖᚠᛚᛖᛉᛡᚾᛋ,534
prurience,69769,0,ᛈᚱᚢᚱᛁᛖᚾᚳᛖ,275
unshrinking,69764,0,ᚢᚾᛋᚻᚱᛁᚾᚳᛝ,271
stormiest,69753,0,ᛋᛏᚩᚱᛗᛁᛖᛋᛏ,411
oversexed,69750,0,ᚩᚢᛖᚱᛋᛖᛉᛖᛞ,411
bacchides,69747,0,ᛒᚪᚳᚳᚻᛁᛞᛖᛋ,447
fatuously,69603,0,ᚠᚪᛏᚢᚩᚢᛋᛚᚣ,400
unindexed,69599,0,ᚢᚾᛁᚾᛞᛖᛉᛖᛞ,451
emulative,69586,0,ᛖᛗᚢᛚᚪᛏᛁᚢᛖ,471
jetliners,69583,0,ᛂᛖᛏᛚᛁᚾᛖᚱᛋ,427
unscarred,69565,0,ᚢᚾᛋᚳᚪᚱᚱᛖᛞ,373
dreamworld,69530,0,ᛞᚱᛠᛗᚹᚩᚱᛚᛞ,479
crossbeams,69455,0,ᚳᚱᚩᛋᛋᛒᛠᛗᛋ,431
simoniacal,69348,0,ᛋᛁᛗᚩᚾᛡᚳᚪᛚ,481
vesication,69315,0,ᚢᛖᛋᛁᚳᚪᛏᛡᚾ,459
disesteem,69315,0,ᛞᛁᛋᛖᛋᛏᛖᛖᛗ,557
perfervid,69311,0,ᛈᛖᚱᚠᛖᚱᚢᛁᛞ,324
valvotomy,69284,0,ᚢᚪᛚᚢᚩᛏᚩᛗᚣ,423
espaliers,69269,0,ᛖᛋᛈᚪᛚᛁᛖᚱᛋ,495
overtrading,69255,0,ᚩᚢᛖᚱᛏᚱᚪᛞᛝ,423
featherless,69247,0,ᚠᛠᚦᛖᚱᛚᛖᛋᛋ,440
mesmerist,69236,0,ᛗᛖᛋᛗᛖᚱᛁᛋᛏ,483
preciosity,69189,0,ᛈᚱᛖᚳᛡᛋᛁᛏᚣ,487
chaperoning,69161,0,ᚳᚻᚪᛈᛖᚱᚩᚾᛝ,369
untameable,69134,0,ᚢᚾᛏᚪᛗᛠᛒᛚᛖ,569
ambassade,69125,0,ᚪᛗᛒᚪᛋᛋᚪᛞᛖ,685
camarilla,69035,0,ᚳᚪᛗᚪᚱᛁᛚᛚᚪ,563
diplotene,68984,0,ᛞᛁᛈᛚᚩᛏᛖᚾᛖ,465
selachians,68945,0,ᛋᛖᛚᚪᚳᚻᛡᚾᛋ,515
semibreve,68884,0,ᛋᛖᛗᛁᛒᚱᛖᚢᛖ,431
haemolysin,68854,0,ᚻᚫᛗᚩᛚᚣᛋᛁᚾ,491
foregather,68814,0,ᚠᚩᚱᛖᚷᚪᚦᛖᚱ,284
blancmange,68808,0,ᛒᛚᚪᚾᚳᛗᚪᛝᛖ,587
leatherneck,68801,0,ᛚᛠᚦᛖᚱᚾᛖᚳᚳ,387
nosepiece,68722,0,ᚾᚩᛋᛖᛈᛁᛖᚳᛖ,377
prolepsis,68682,0,ᛈᚱᚩᛚᛖᛈᛋᛁᛋ,381
furbelows,68679,0,ᚠᚢᚱᛒᛖᛚᚩᚹᛋ,296
burrowers,68677,0,ᛒᚢᚱᚱᚩᚹᛖᚱᛋ,243
showgirls,68663,0,ᛋᚻᚩᚹᚷᛁᚱᛚᛋ,287
recompose,68658,0,ᚱᛖᚳᚩᛗᛈᚩᛋᛖ,339
penknives,68618,0,ᛈᛖᚾᚳᚾᛁᚢᛖᛋ,335
murkiness,68602,0,ᛗᚢᚱᚳᛁᚾᛖᛋᛋ,331
craniology,68591,0,ᚳᚱᚪᚾᛡᛚᚩᚷᚣ,457
roominess,68534,0,ᚱᚩᚩᛗᛁᚾᛖᛋᛋ,329
slovenians,68494,0,ᛋᛚᚩᚢᛖᚾᛡᚾᛋ,421
persicaria,68472,0,ᛈᛖᚱᛋᛁᚳᚪᚱᛡ,433
fatalists,68402,0,ᚠᚪᛏᚪᛚᛁᛋᛏᛋ,524
chelicera,68373,0,ᚳᚻᛖᛚᛁᚳᛖᚱᚪ,395
tamarisks,68324,0,ᛏᚪᛗᚪᚱᛁᛋᚳᛋ,485
pockmarks,68310,0,ᛈᚩᚳᚳᛗᚪᚱᚳᛋ,321
explainer,68307,0,ᛖᛉᛈᛚᚪᛁᚾᛖᚱ,465
decoupage,68303,0,ᛞᛖᚳᚩᚢᛈᚪᚷᛖ,403
secularly,68299,0,ᛋᛖᚳᚢᛚᚪᚱᛚᚣ,493
terrorising,68241,0,ᛏᛖᚱᚱᚩᚱᛁᛋᛝ,329
quakeress,68227,0,ᚳᚹᚪᚳᛖᚱᛖᛋᛋ,393
quintette,68218,0,ᚳᚹᛁᚾᛏᛖᛏᛏᛖ,403
contemner,68217,0,ᚳᚩᚾᛏᛖᛗᚾᛖᚱ,353
bombproof,68216,0,ᛒᚩᛗᛒᛈᚱᚩᚩᚠ,270
stalkless,68190,0,ᛋᛏᚪᛚᚳᛚᛖᛋᛋ,541
traceless,68141,0,ᛏᚱᚪᚳᛖᛚᛖᛋᛋ,493
sawhorses,68131,0,ᛋᚪᚹᚻᚩᚱᛋᛖᛋ,383
mustiness,68121,0,ᛗᚢᛋᛏᛁᚾᛖᛋᛋ,419
unhonored,68113,0,ᚢᚾᚻᚩᚾᚩᚱᛖᛞ,265
unitarily,68057,0,ᚢᚾᛁᛏᚪᚱᛁᛚᚣ,437
gallopade,68056,0,ᚷᚪᛚᛚᚩᛈᚪᛞᛖ,563
eastertide,68022,0,ᛠᛋᛏᛖᚱᛏᛁᛞᛖ,545
pushcarts,68018,0,ᛈᚢᛋᚻᚳᚪᚱᛏᛋ,355
bandannas,68011,0,ᛒᚪᚾᛞᚪᚾᚾᚪᛋ,581
galvanise,67977,0,ᚷᚪᛚᚢᚪᚾᛁᛋᛖ,467
bespangled,67950,0,ᛒᛖᛋᛈᚪᛝᛚᛖᛞ,629
ethnologic,67922,0,ᛖᚦᚾᚩᛚᚩᚷᛁᚳ,249
unripened,67910,0,ᚢᚾᚱᛁᛈᛖᚾᛖᛞ,369
fiddlehead,67885,0,ᚠᛁᛞᛞᛚᛖᚻᛠᛞ,572
jellylike,67878,0,ᛂᛖᛚᛚᚣᛚᛁᚳᛖ,537
amorously,67860,0,ᚪᛗᚩᚱᚩᚢᛋᛚᚣ,425
sunfishes,67849,0,ᛋᚢᚾᚠᛁᛋᚻᛖᛋ,314
habituating,67839,0,ᚻᚪᛒᛁᛏᚢᚪᛏᛝ,509
trochilus,67763,0,ᛏᚱᚩᚳᚻᛁᛚᚢᛋ,273
stagnancy,67722,0,ᛋᛏᚪᚷᚾᚪᚾᚳᚣ,497
cyclamens,67690,0,ᚳᚣᚳᛚᚪᛗᛖᚾᛋ,519
literatim,67625,0,ᛚᛁᛏᛖᚱᚪᛏᛁᛗ,499
jointless,67623,0,ᛂᚩᛁᚾᛏᛚᛖᛋᛋ,409
otherwhere,67604,0,ᚩᚦᛖᚱᚹᚻᛖᚱᛖ,277
mismanaging,67569,0,ᛗᛁᛋᛗᚪᚾᚪᚷᛝ,545
sostenuto,67561,0,ᛋᚩᛋᛏᛖᚾᚢᛏᚩ,337
homepages,67555,0,ᚻᚩᛗᛖᛈᚪᚷᛖᛋ,445
amblyopic,67555,0,ᚪᛗᛒᛚᚣᚩᛈᛁᚳ,499
devourers,67550,0,ᛞᛖᚢᚩᚢᚱᛖᚱᛋ,311
geminates,67548,0,ᚷᛖᛗᛁᚾᚪᛏᛖᛋ,491
mantillas,67536,0,ᛗᚪᚾᛏᛁᛚᛚᚪᛋ,583
amygdalus,67464,0,ᚪᛗᚣᚷᛞᚪᛚᚢᛋ,603
moneybags,67452,0,ᛗᚩᚾᛖᚣᛒᚪᚷᛋ,505
brunhilde,67446,0,ᛒᚱᚢᚾᚻᛁᛚᛞᛖ,387
reprobating,67433,0,ᚱᛖᛈᚱᚩᛒᚪᛏᛝ,435
martyrium,67425,0,ᛗᚪᚱᛏᚣᚱᛁᚢᛗ,457
snowplows,67399,0,ᛋᚾᚩᚹᛈᛚᚩᚹᛋ,303
andantino,67346,0,ᚪᚾᛞᚪᚾᛏᛁᚾᚩ,467
harborage,67332,0,ᚻᚪᚱᛒᚩᚱᚪᚷᛖ,391
landlines,67319,0,ᛚᚪᚾᛞᛚᛁᚾᛖᛋ,541
ophiuchus,67275,0,ᚩᛈᚻᛁᚢᚳᚻᚢᛋ,199
comprized,67253,0,ᚳᚩᛗᛈᚱᛁᛋᛖᛞ,385
handcarts,67190,0,ᚻᚪᚾᛞᚳᚪᚱᛏᛋ,471
blunderer,67181,0,ᛒᛚᚢᚾᛞᛖᚱᛖᚱ,411
monotypes,67173,0,ᛗᚩᚾᚩᛏᚣᛈᛖᛋ,439
flaxseeds,67131,0,ᚠᛚᚪᛉᛋᛖᛖᛞᛋ,548
stagehand,67119,0,ᛋᛏᚪᚷᛖᚻᚪᚾᛞ,531
undrilled,67115,0,ᚢᚾᛞᚱᛁᛚᛚᛖᛞ,465
concussed,67078,0,ᚳᚩᚾᚳᚢᛋᛋᛖᛞ,327
disported,67060,0,ᛞᛁᛋᛈᚩᚱᛏᛖᛞ,449
jaqueline,67052,0,ᛂᚪᚳᚹᛖᛚᛁᚾᛖ,433
revenants,67015,0,ᚱᛖᚢᛖᚾᚪᚾᛏᛋ,415
wardships,66990,0,ᚹᚪᚱᛞᛋᚻᛁᛈᛋ,419
mismanage,66968,0,ᛗᛁᛋᛗᚪᚾᚪᚷᛖ,533
sauropods,66946,0,ᛋᚪᚢᚱᚩᛈᚩᛞᛋ,363
aesthetician,66946,0,ᚫᛋᚦᛖᛏᛁᚳᛡᚾ,465
pellicles,66918,0,ᛈᛖᛚᛚᛁᚳᛚᛖᛋ,493
cacciatore,66916,0,ᚳᚪᚳᚳᛡᛏᚩᚱᛖ,387
aplanatic,66906,0,ᚪᛈᛚᚪᚾᚪᛏᛁᚳ,539
balalaika,66863,0,ᛒᚪᛚᚪᛚᚪᛁᚳᚪ,639
candytuft,66840,0,ᚳᚪᚾᛞᚣᛏᚢᚠᛏ,454
undresses,66829,0,ᚢᚾᛞᚱᛖᛋᛋᛖᛋ,425
complexus,66820,0,ᚳᚩᛗᛈᛚᛖᛉᚢᛋ,377
trackside,66800,0,ᛏᚱᚪᚳᚳᛋᛁᛞᛖ,433
dynamites,66741,0,ᛞᚣᚾᚪᛗᛁᛏᛖᛋ,599
caesalpinia,66698,0,ᚳᚫᛋᚪᛚᛈᛁᚾᛡ,547
downspout,66651,0,ᛞᚩᚹᚾᛋᛈᚩᚢᛏ,309
discomfit,66645,0,ᛞᛁᛋᚳᚩᛗᚠᛁᛏ,356
mistiness,66617,0,ᛗᛁᛋᛏᛁᚾᛖᛋᛋ,447
savoyards,66603,0,ᛋᚪᚢᚩᚣᚪᚱᛞᛋ,513
beefsteaks,66506,0,ᛒᛖᛖᚠᛋᛏᛠᚳᛋ,484
pentacles,66501,0,ᛈᛖᚾᛏᚪᚳᛚᛖᛋ,501
hatefully,66480,0,ᚻᚪᛏᛖᚠᚢᛚᛚᚣ,500
montargis,66479,0,ᛗᚩᚾᛏᚪᚱᚷᛁᛋ,375
hiccoughs,66465,0,ᚻᛁᚳᚳᚩᚢᚷᚻᛋ,183
nurturers,66407,0,ᚾᚢᚱᛏᚢᚱᛖᚱᛋ,247
barrettes,66400,0,ᛒᚪᚱᚱᛖᛏᛏᛖᛋ,485
librations,66390,0,ᛚᛁᛒᚱᚪᛏᛡᚾᛋ,521
gateposts,66379,0,ᚷᚪᛏᛖᛈᚩᛋᛏᛋ,455
toolboxes,66317,0,ᛏᚩᚩᛚᛒᚩᛉᛖᛋ,381
congenially,66274,0,ᚳᚩᛝᛖᚾᛡᛚᛚᚣ,551
montanans,66244,0,ᛗᚩᚾᛏᚪᚾᚪᚾᛋ,471
vaporiser,66243,0,ᚢᚪᛈᚩᚱᛁᛋᛖᚱ,323
saintship,66239,0,ᛋᚪᛁᚾᛏᛋᚻᛁᛈ,419
newsdealer,66239,0,ᚾᛖᚹᛋᛞᛠᛚᛖᚱ,517
moneyless,66131,0,ᛗᚩᚾᛖᚣᛚᛖᛋᛋ,523
larkspurs,66105,0,ᛚᚪᚱᚳᛋᛈᚢᚱᛋ,357
magnetons,66055,0,ᛗᚪᚷᚾᛖᛏᚩᚾᛋ,429
maccaroni,66038,0,ᛗᚪᚳᚳᚪᚱᚩᚾᛁ,369
continuer,66003,0,ᚳᚩᚾᛏᛁᚾᚢᛖᚱ,249
armillary,65956,0,ᚪᚱᛗᛁᛚᛚᚪᚱᚣ,567
chickened,65909,0,ᚳᚻᛁᚳᚳᛖᚾᛖᛞ,345
braggarts,65906,0,ᛒᚱᚪᚷᚷᚪᚱᛏᛋ,423
deerhound,65865,0,ᛞᛖᛖᚱᚻᚩᚢᚾᛞ,385
disorient,65812,0,ᛞᛁᛋᚩᚱᛁᛖᚾᛏ,377
fornicating,65792,0,ᚠᚩᚱᚾᛁᚳᚪᛏᛝ,328
northlands,65735,0,ᚾᚩᚱᚦᛚᚪᚾᛞᛋ,393
plagiarize,65729,0,ᛈᛚᚪᚷᛡᚱᛁᛋᛖ,499
hostilely,65706,0,ᚻᚩᛋᛏᛁᛚᛖᛚᚣ,489
epaulette,65635,0,ᛖᛈᚪᚢᛚᛖᛏᛏᛖ,535
allotropy,65634,0,ᚪᛚᛚᚩᛏᚱᚩᛈᚣ,473
waggoners,65620,0,ᚹᚪᚷᚷᚩᚾᛖᚱᛋ,317
hairpiece,65608,0,ᚻᚪᛁᚱᛈᛁᛖᚳᛖ,383
aftermaths,65572,0,ᚪᚠᛏᛖᚱᛗᚪᚦᛋ,462
undecayed,65567,0,ᚢᚾᛞᛖᚳᚪᚣᛖᛞ,557
shoveller,65563,0,ᛋᚻᚩᚢᛖᛚᛚᛖᚱ,377
snowbanks,65528,0,ᛋᚾᚩᚹᛒᚪᚾᚳᛋ,361
gravitons,65480,0,ᚷᚱᚪᚢᛁᛏᚩᚾᛋ,307
cogwheels,65473,0,ᚳᚩᚷᚹᚻᛖᛖᛚᛋ,339
macaronic,65426,0,ᛗᚪᚳᚪᚱᚩᚾᛁᚳ,369
ignorable,65423,0,ᛁᚷᚾᚩᚱᚪᛒᛚᛖ,393
vulpecula,65387,0,ᚢᚢᛚᛈᛖᚳᚢᛚᚪ,375
snowbirds,65365,0,ᛋᚾᚩᚹᛒᛁᚱᛞᛋ,353
conquerer,65363,0,ᚳᚩᚾᚳᚹᛖᚱᛖᚱ,237
whitethorn,65332,0,ᚹᚻᛁᛏᛖᚦᚩᚱᚾ,251
carduelis,65290,0,ᚳᚪᚱᛞᚢᛖᛚᛁᛋ,437
bellyache,65280,0,ᛒᛖᛚᛚᚣᚪᚳᚻᛖ,577
pewterers,65279,0,ᛈᛖᚹᛏᛖᚱᛖᚱᛋ,397
dalliances,65234,0,ᛞᚪᛚᛚᛡᚾᚳᛖᛋ,601
embezzles,65209,0,ᛖᛗᛒᛖᛋᛋᛚᛖᛋ,565
nethermost,65178,0,ᚾᛖᚦᛖᚱᛗᚩᛋᛏ,369
helpmates,65165,0,ᚻᛖᛚᛈᛗᚪᛏᛖᛋ,553
overaction,65115,0,ᚩᚢᛖᚱᚪᚳᛏᛡᚾ,393
unworried,65084,0,ᚢᚾᚹᚩᚱᚱᛁᛖᛞ,267
sacrified,65036,0,ᛋᚪᚳᚱᛁᚠᛁᛖᛞ,394
ishmaelite,65003,0,ᛁᛋᚻᛗᚫᛚᛁᛏᛖ,509
leucotomy,64986,0,ᛚᛖᚢᚳᚩᛏᚩᛗᚣ,403
northeaster,64978,0,ᚾᚩᚱᚦᛠᛋᛏᛖᚱ,351
stampedes,64922,0,ᛋᛏᚪᛗᛈᛖᛞᛖᛋ,599
commelina,64920,0,ᚳᚩᛗᛗᛖᛚᛁᚾᚪ,459
brownouts,64911,0,ᛒᚱᚩᚹᚾᚩᚢᛏᛋ,249
rowdiness,64818,0,ᚱᚩᚹᛞᛁᚾᛖᛋᛋ,359
handspike,64800,0,ᚻᚪᚾᛞᛋᛈᛁᚳᛖ,445
betrothals,64752,0,ᛒᛖᛏᚱᚩᚦᚪᛚᛋ,433
benjamite,64742,0,ᛒᛖᚾᛂᚪᛗᛁᛏᛖ,519
tristesse,64739,0,ᛏᚱᛁᛋᛏᛖᛋᛋᛖ,453
sequiturs,64725,0,ᛋᛖᚳᚹᛁᛏᚢᚱᛋ,309
sensitise,64667,0,ᛋᛖᚾᛋᛁᛏᛁᛋᛖ,443
cichorium,64658,0,ᚳᛁᚳᚻᚩᚱᛁᚢᛗ,203
binderies,64653,0,ᛒᛁᚾᛞᛖᚱᛁᛖᛋ,439
unendowed,64651,0,ᚢᚾᛖᚾᛞᚩᚹᛖᛞ,399
grovelled,64575,0,ᚷᚱᚩᚢᛖᛚᛚᛖᛞ,407
shanghaied,64558,0,ᛋᚻᚪᛝᚻᚪᛁᛖᛞ,559
draughted,64554,0,ᛞᚱᚪᚢᚷᚻᛏᛖᛞ,455
ricochets,64470,0,ᚱᛁᚳᚩᚳᚻᛖᛏᛋ,277
dryasdust,64456,0,ᛞᚱᚣᚪᛋᛞᚢᛋᛏ,557
cessations,64416,0,ᚳᛖᛋᛋᚪᛏᛡᚾᛋ,531
handbreadth,64354,0,ᚻᚪᚾᛞᛒᚱᛠᛞᚦ,513
fantasied,64325,0,ᚠᚪᚾᛏᚪᛋᛁᛖᛞ,524
fatefully,64307,0,ᚠᚪᛏᛖᚠᚢᛚᛚᚣ,479
meltdowns,64270,0,ᛗᛖᛚᛏᛞᚩᚹᚾᛋ,467
uncapable,64236,0,ᚢᚾᚳᚪᛈᚪᛒᛚᛖ,483
escheators,64219,0,ᛖᛋᚳᚻᛠᛏᚩᚱᛋ,395
viscidity,64215,0,ᚢᛁᛋᚳᛁᛞᛁᛏᚣ,413
numerable,64169,0,ᚾᚢᛗᛖᚱᚪᛒᛚᛖ,479
asyndeton,64154,0,ᚪᛋᚣᚾᛞᛖᛏᚩᚾ,533
elastance,64105,0,ᛖᛚᚪᛋᛏᚪᚾᚳᛖ,555
aiguilles,64097,0,ᚪᛁᚷᚢᛁᛚᛚᛖᛋ,445
polyglott,64089,0,ᛈᚩᛚᚣᚷᛚᚩᛏᛏ,441
misstates,64064,0,ᛗᛁᛋᛋᛏᚪᛏᛖᛋ,543
landsturm,64001,0,ᛚᚪᚾᛞᛋᛏᚢᚱᛗ,485
tongueless,63959,0,ᛏᚩᛝᚢᛖᛚᛖᛋᛋ,461
feminines,63956,0,ᚠᛖᛗᛁᚾᛁᚾᛖᛋ,380
icefields,63951,0,ᛁᚳᛖᚠᛁᛖᛚᛞᛋ,426
sulkiness,63914,0,ᛋᚢᛚᚳᛁᚾᛖᛋᛋ,375
sidekicks,63888,0,ᛋᛁᛞᛖᚳᛁᚳᚳᛋ,363
tropaeolum,63883,0,ᛏᚱᚩᛈᚫᚩᛚᚢᛗ,375
dogmatise,63863,0,ᛞᚩᚷᛗᚪᛏᛁᛋᛖ,491
calaboose,63856,0,ᚳᚪᛚᚪᛒᚩᚩᛋᛖ,475
tailboard,63824,0,ᛏᚪᛁᛚᛒᚩᚪᚱᛞ,525
wholewheat,63815,0,ᚹᚻᚩᛚᛖᚹᚻᛠᛏ,399
sonograms,63797,0,ᛋᚩᚾᚩᚷᚱᚪᛗᛋ,345
brobdingnag,63749,0,ᛒᚱᚩᛒᛞᛝᚾᚪᚷ,451
grasslike,63702,0,ᚷᚱᚪᛋᛋᛚᛁᚳᛖ,415
marketeer,63677,0,ᛗᚪᚱᚳᛖᛏᛖᛖᚱ,463
carbonize,63659,0,ᚳᚪᚱᛒᚩᚾᛁᛋᛖ,369
ruminates,63631,0,ᚱᚢᛗᛁᚾᚪᛏᛖᛋ,421
unsuccess,63593,0,ᚢᚾᛋᚢᚳᚳᛖᛋᛋ,287
snakeweed,63578,0,ᛋᚾᚪᚳᛖᚹᛖᛖᛞ,501
fornicate,63576,0,ᚠᚩᚱᚾᛁᚳᚪᛏᛖ,316
sandalled,63560,0,ᛋᚪᚾᛞᚪᛚᛚᛖᛞ,667
sylvanite,63557,0,ᛋᚣᛚᚢᚪᚾᛁᛏᛖ,515
redoubles,63506,0,ᚱᛖᛞᚩᚢᛒᛚᛖᛋ,431
sophister,63427,0,ᛋᚩᛈᚻᛁᛋᛏᛖᚱ,347
galenical,63411,0,ᚷᚪᛚᛖᚾᛁᚳᚪᛚ,497
highballs,63365,0,ᚻᛁᚷᚻᛒᚪᛚᛚᛋ,451
sharkskin,63351,0,ᛋᚻᚪᚱᚳᛋᚳᛁᚾ,323
cerements,63349,0,ᚳᛖᚱᛖᛗᛖᚾᛏᛋ,437
laplander,63346,0,ᛚᚪᛈᛚᚪᚾᛞᛖᚱ,579
highbrows,63336,0,ᚻᛁᚷᚻᛒᚱᚩᚹᛋ,245
misnomers,63335,0,ᛗᛁᛋᚾᚩᛗᛖᚱᛋ,393
pillagers,63304,0,ᛈᛁᛚᛚᚪᚷᛖᚱᛋ,465
pachyderm,63272,0,ᛈᚪᚳᚻᚣᛞᛖᚱᛗ,517
unentered,63244,0,ᚢᚾᛖᚾᛏᛖᚱᛖᛞ,421
grillwork,63159,0,ᚷᚱᛁᛚᛚᚹᚩᚱᚳ,255
videophone,63115,0,ᚢᛁᛞᛇᛈᚻᚩᚾᛖ,333
baksheesh,63078,0,ᛒᚪᚳᛋᚻᛖᛖᛋᚻ,457
coruscating,63074,0,ᚳᚩᚱᚢᛋᚳᚪᛏᛝ,335
parrakeet,63069,0,ᛈᚪᚱᚱᚪᚳᛖᛖᛏ,465
globalize,63063,0,ᚷᛚᚩᛒᚪᛚᛁᛋᛖ,479
sulphured,62934,0,ᛋᚢᛚᛈᚻᚢᚱᛖᛞ,365
bivouacking,62930,0,ᛒᛁᚢᚩᚢᚪᚳᚳᛝ,307
overselling,62923,0,ᚩᚢᛖᚱᛋᛖᛚᛚᛝ,433
breadstuff,62899,0,ᛒᚱᛠᛞᛋᛏᚢᚠᚠ,389
interwove,62895,0,ᛁᚾᛏᛖᚱᚹᚩᚢᛖ,293
tomograph,62853,0,ᛏᚩᛗᚩᚷᚱᚪᛈᚻ,335
sunbathers,62827,0,ᛋᚢᚾᛒᚪᚦᛖᚱᛋ,379
perfecter,62807,0,ᛈᛖᚱᚠᛖᚳᛏᛖᚱ,340
fourpenny,62797,0,ᚠᚩᚢᚱᛈᛖᚾᚾᚣ,294
serpentes,62787,0,ᛋᛖᚱᛈᛖᚾᛏᛖᛋ,449
inundates,62783,0,ᛁᚾᚢᚾᛞᚪᛏᛖᛋ,457
rhizopods,62756,0,ᚱᚻᛁᛋᚩᛈᚩᛞᛋ,317
solfatara,62750,0,ᛋᚩᛚᚠᚪᛏᚪᚱᚪ,496
batrachian,62724,0,ᛒᚪᛏᚱᚪᚳᚻᛡᚾ,497
costumers,62690,0,ᚳᚩᛋᛏᚢᛗᛖᚱᛋ,337
highroads,62628,0,ᚻᛁᚷᚻᚱᚩᚪᛞᛋ,351
wildcatting,62598,0,ᚹᛁᛚᛞᚳᚪᛏᛏᛝ,519
wishfully,62547,0,ᚹᛁᛋᚻᚠᚢᛚᛚᚣ,380
bitterish,62491,0,ᛒᛁᛏᛏᛖᚱᛁᛋᚻ,395
overlarge,62470,0,ᚩᚢᛖᚱᛚᚪᚱᚷᛖ,353
vocatives,62455,0,ᚢᚩᚳᚪᛏᛁᚢᛖᛋ,333
damselfly,62455,0,ᛞᚪᛗᛋᛖᛚᚠᛚᚣ,628
bimbisara,62432,0,ᛒᛁᛗᛒᛁᛋᚪᚱᚪ,513
sapodilla,62424,0,ᛋᚪᛈᚩᛞᛁᛚᛚᚪ,563
chondrule,62421,0,ᚳᚻᚩᚾᛞᚱᚢᛚᛖ,315
flyweight,62403,0,ᚠᛚᚣᚹᛖᛁᚷᚻᛏ,394
altazimuth,62384,0,ᚪᛚᛏᚪᛋᛁᛗᚢᚦ,489
adeptness,62368,0,ᚪᛞᛖᛈᛏᚾᛖᛋᛋ,557
univalves,62332,0,ᚢᚾᛁᚢᚪᛚᚢᛖᛋ,359
chronical,62296,0,ᚳᚻᚱᚩᚾᛁᚳᚪᛚ,297
desiccate,62256,0,ᛞᛖᛋᛁᚳᚳᚪᛏᛖ,489
signalizing,62255,0,ᛋᛁᚷᚾᚪᛚᛁᛋᛝ,463
extensile,62248,0,ᛖᛉᛏᛖᚾᛋᛁᛚᛖ,493
primality,62158,1,ᛈᚱᛁᛗᚪᛚᛁᛏᚣ,519
caryopses,62082,0,ᚳᚪᚱᚣᚩᛈᛋᛖᛋ,447
bombsight,62077,0,ᛒᚩᛗᛒᛋᛁᚷᚻᛏ,383
anglophobia,62007,0,ᚪᛝᛚᚩᛈᚻᚩᛒᛡ,497
armagnacs,61948,0,ᚪᚱᛗᚪᚷᚾᚪᚳᛋ,485
infinites,61833,0,ᛁᚾᚠᛁᚾᛁᛏᛖᛋ,332
dinosauria,61806,0,ᛞᛁᚾᚩᛋᚪᚢᚱᛡ,427
spikelike,61796,0,ᛋᛈᛁᚳᛖᛚᛁᚳᛖ,391
whaleback,61783,0,ᚹᚻᚪᛚᛖᛒᚪᚳᚳ,463
colonially,61776,0,ᚳᚩᛚᚩᚾᛡᛚᛚᚣ,485
pronuclear,61752,0,ᛈᚱᚩᚾᚢᚳᛚᛠᚱ,299
darkrooms,61749,0,ᛞᚪᚱᚳᚱᚩᚩᛗᛋ,359
stringybark,61671,0,ᛋᛏᚱᛝᚣᛒᚪᚱᚳ,487
cordelier,61636,0,ᚳᚩᚱᛞᛖᛚᛁᛖᚱ,369
revolters,61626,0,ᚱᛖᚢᚩᛚᛏᛖᚱᛋ,351
capsicums,61601,0,ᚳᚪᛈᛋᛁᚳᚢᛗᛋ,377
synonymic,61585,0,ᛋᚣᚾᚩᚾᚣᛗᛁᚳ,439
crocketed,61582,0,ᚳᚱᚩᚳᚳᛖᛏᛖᛞ,339
reinvents,61573,0,ᚱᛖᛁᚾᚢᛖᚾᛏᛋ,349
perforant,61530,0,ᛈᛖᚱᚠᚩᚱᚪᚾᛏ,326
greenroom,61502,0,ᚷᚱᛖᛖᚾᚱᚩᚩᛗ,287
isosmotic,61471,0,ᛁᛋᚩᛋᛗᚩᛏᛁᚳ,325
loopholed,61457,0,ᛚᚩᚩᛈᚻᚩᛚᛖᛞ,389
autarchic,61411,0,ᚪᚢᛏᚪᚱᚳᚻᛁᚳ,347
discerner,61405,0,ᛞᛁᛋᚳᛖᚱᚾᛖᚱ,371
unrebuked,61391,0,ᚢᚾᚱᛖᛒᚢᚳᛖᛞ,343
softhearted,61387,0,ᛋᚩᚠᚦᛠᚱᛏᛖᛞ,402
boathouses,61381,0,ᛒᚩᚪᚦᚩᚢᛋᛖᛋ,353
dogfights,61379,0,ᛞᚩᚷᚠᛁᚷᚻᛏᛋ,298
spiranthes,61331,0,ᛋᛈᛁᚱᚪᚾᚦᛖᛋ,389
digresses,61316,0,ᛞᛁᚷᚱᛖᛋᛋᛖᛋ,441
forelands,61278,0,ᚠᚩᚱᛖᛚᚪᚾᛞᛋ,428
despoiler,61261,0,ᛞᛖᛋᛈᚩᛁᛚᛖᚱ,441
vacationer,61225,0,ᚢᚪᚳᚪᛏᛡᚾᛖᚱ,483
catholicon,61208,0,ᚳᚪᚦᚩᛚᛁᚳᚩᚾ,275
baldheaded,61189,0,ᛒᚪᛚᛞᚻᛠᛞᛖᛞ,697
unlivable,61185,0,ᚢᚾᛚᛁᚢᚪᛒᛚᛖ,437
matutinal,61156,0,ᛗᚪᛏᚢᛏᛁᚾᚪᛚ,519
dramamine,61153,0,ᛞᚱᚪᛗᚪᛗᛁᚾᛖ,563
unstopped,61146,0,ᚢᚾᛋᛏᚩᛈᛈᛖᛞ,393
esclavage,61130,0,ᛖᛋᚳᛚᚪᚢᚪᚷᛖ,487
sannyasin,61082,0,ᛋᚪᚾᚾᚣᚪᛋᛁᚾ,521
coastland,61077,0,ᚳᚩᚪᛋᛏᛚᚪᚾᛞ,517
bobolinks,61075,0,ᛒᚩᛒᚩᛚᛁᚾᚳᛋ,335
teletypes,61065,0,ᛏᛖᛚᛖᛏᚣᛈᛖᛋ,591
oxygenating,61035,0,ᚩᛉᚣᚷᛖᚾᚪᛏᛝ,505
inamorata,60999,0,ᛁᚾᚪᛗᚩᚱᚪᛏᚪ,499
ocellated,60958,0,ᚩᚳᛖᛚᛚᚪᛏᛖᛞ,545
stagirite,60890,0,ᛋᛏᚪᚷᛁᚱᛁᛏᛖ,425
traitress,60848,0,ᛏᚱᚪᛁᛏᚱᛖᛋᛋ,441
unnervingly,60840,0,ᚢᚾᚾᛖᚱᚢᛝᛚᚣ,397
trepanned,60831,0,ᛏᚱᛖᛈᚪᚾᚾᛖᛞ,491
turnround,60806,0,ᛏᚢᚱᚾᚱᚩᚢᚾᛞ,241
hilprecht,60800,0,ᚻᛁᛚᛈᚱᛖᚳᚻᛏ,343
adversaria,60797,0,ᚪᛞᚢᛖᚱᛋᚪᚱᛡ,535
salutaris,60790,0,ᛋᚪᛚᚢᛏᚪᚱᛁᛋ,477
ascenders,60775,0,ᚪᛋᚳᛖᚾᛞᛖᚱᛋ,479
chiliastic,60770,0,ᚳᚻᛁᛚᛡᛋᛏᛁᚳ,403
typewrite,60736,0,ᛏᚣᛈᛖᚹᚱᛁᛏᛖ,459
coumarone,60716,0,ᚳᚩᚢᛗᚪᚱᚩᚾᛖ,305
morganite,60688,0,ᛗᚩᚱᚷᚪᚾᛁᛏᛖ,389
playrooms,60642,0,ᛈᛚᚪᚣᚱᚩᚩᛗᛋ,465
madhouses,60642,0,ᛗᚪᛞᚻᚩᚢᛋᛖᛋ,463
larcenous,60586,0,ᛚᚪᚱᚳᛖᚾᚩᚢᛋ,353
secateurs,60531,0,ᛋᛖᚳᚪᛏᛖᚢᚱᛋ,423
glaswegian,60522,0,ᚷᛚᚪᛋᚹᛖᚷᛡᚾ,479
invalidly,60501,0,ᛁᚾᚢᚪᛚᛁᛞᛚᚣ,529
overcooking,60490,0,ᚩᚢᛖᚱᚳᚩᚩᚳᛝ,207
briefness,60467,0,ᛒᚱᛁᛖᚠᚾᛖᛋᛋ,374
sporulate,60432,0,ᛋᛈᚩᚱᚢᛚᚪᛏᛖ,413
trilobate,60414,0,ᛏᚱᛁᛚᚩᛒᚪᛏᛖ,465
sanitised,60388,0,ᛋᚪᚾᛁᛏᛁᛋᛖᛞ,509
paramatta,60332,0,ᛈᚪᚱᚪᛗᚪᛏᛏᚪ,631
squamules,60326,0,ᛋᚳᚹᚪᛗᚢᛚᛖᛋ,449
yggdrasil,60230,0,ᚣᚷᚷᛞᚱᚪᛋᛁᛚ,491
princelings,60221,0,ᛈᚱᛁᚾᚳᛖᛚᛝᛋ,399
civilizer,60218,0,ᚳᛁᚢᛁᛚᛁᛋᛖᚱ,313
averagely,60207,0,ᚪᚢᛖᚱᚪᚷᛖᛚᚣ,535
opusculum,60199,0,ᚩᛈᚢᛋᚳᚢᛚᚢᛗ,269
merozoite,60198,0,ᛗᛖᚱᚩᛋᚩᛁᛏᛖ,373
scarabaeus,60154,0,ᛋᚳᚪᚱᚪᛒᚫᚢᛋ,489
negligees,60060,0,ᚾᛖᚷᛚᛁᚷᛖᛖᛋ,421
wagonette,60005,0,ᚹᚪᚷᚩᚾᛖᛏᛏᛖ,421
thumbtacks,59994,0,ᚦᚢᛗᛒᛏᚪᚳᚳᛋ,375
tyrannizing,59982,0,ᛏᚣᚱᚪᚾᚾᛁᛋᛝ,491
dramatising,59974,0,ᛞᚱᚪᛗᚪᛏᛁᛋᛝ,587
transship,59949,0,ᛏᚱᚪᚾᛋᛋᚻᛁᛈ,399
interbred,59908,0,ᛁᚾᛏᛖᚱᛒᚱᛖᛞ,425
broadloom,59889,0,ᛒᚱᚩᚪᛞᛚᚩᚩᛗ,423
memorizes,59827,0,ᛗᛖᛗᚩᚱᛁᛋᛖᛋ,431
contadini,59808,0,ᚳᚩᚾᛏᚪᛞᛁᚾᛁ,385
ponytails,59800,0,ᛈᚩᚾᚣᛏᚪᛁᛚᛋ,495
benedicts,59789,0,ᛒᛖᚾᛖᛞᛁᚳᛏᛋ,469
planeload,59741,0,ᛈᛚᚪᚾᛖᛚᚩᚪᛞ,575
demodocus,59737,0,ᛞᛖᛗᚩᛞᚩᚳᚢᛋ,399
watchable,59735,0,ᚹᚪᛏᚳᚻᚪᛒᛚᛖ,509
erectness,59678,0,ᛖᚱᛖᚳᛏᚾᛖᛋᛋ,419
monoplegia,59669,0,ᛗᚩᚾᚩᛈᛚᛖᚷᛡ,421
anagallis,59657,0,ᚪᚾᚪᚷᚪᛚᛚᛁᛋ,567
verbalism,59651,0,ᚢᛖᚱᛒᚪᛚᛁᛋᛗ,467
trammeled,59648,0,ᛏᚱᚪᛗᛗᛖᛚᛖᛞ,605
blithesome,59647,0,ᛒᛚᛁᚦᛖᛋᚩᛗᛖ,435
trisection,59630,0,ᛏᚱᛁᛋᛖᚳᛏᛡᚾ,429
tramlines,59626,0,ᛏᚱᚪᛗᛚᛁᚾᛖᛋ,491
hemicycle,59612,0,ᚻᛖᛗᛁᚳᚣᚳᛚᛖ,461
embassage,59579,0,ᛖᛗᛒᚪᛋᛋᚪᚷᛖ,583
apetalous,59568,0,ᚪᛈᛖᛏᚪᛚᚩᚢᛋ,499
margraves,59561,0,ᛗᚪᚱᚷᚱᚪᚢᛖᛋ,427
carbonado,59505,0,ᚳᚪᚱᛒᚩᚾᚪᛞᚩ,411
implicant,59440,0,ᛁᛗᛈᛚᛁᚳᚪᚾᛏ,447
mudguards,59437,0,ᛗᚢᛞᚷᚢᚪᚱᛞᛋ,433
bullheaded,59354,0,ᛒᚢᛚᛚᚻᛠᛞᛖᛞ,587
coprolite,59281,0,ᚳᚩᛈᚱᚩᛚᛁᛏᛖ,311
promisors,59277,0,ᛈᚱᚩᛗᛁᛋᚩᚱᛋ,287
concavely,59277,0,ᚳᚩᚾᚳᚪᚢᛖᛚᚣ,405
grimalkin,59247,0,ᚷᚱᛁᛗᚪᛚᚳᛁᚾ,373
anglicisms,59201,0,ᚪᛝᛚᛁᚳᛁᛋᛗᛋ,501
wulfenite,59164,0,ᚹᚢᛚᚠᛖᚾᛁᛏᛖ,350
septenary,59156,0,ᛋᛖᛈᛏᛖᚾᚪᚱᚣ,529
carnassial,59137,0,ᚳᚪᚱᚾᚪᛋᛋᛡᛚ,533
terrycloth,59135,0,ᛏᛖᚱᚱᚣᚳᛚᚩᚦ,349
sluggards,59129,0,ᛋᛚᚢᚷᚷᚪᚱᛞᛋ,413
holothurian,59070,0,ᚻᚩᛚᚩᚦᚢᚱᛡᚾ,265
girondist,59062,0,ᚷᛁᚱᚩᚾᛞᛁᛋᛏ,327
clubrooms,59042,0,ᚳᛚᚢᛒᚱᚩᚩᛗᛋ,299
francolin,59037,0,ᚠᚱᚪᚾᚳᚩᛚᛁᚾ,292
horizonal,59009,0,ᚻᚩᚱᛁᛋᚩᚾᚪᛚ,331
dishtowel,59000,0,ᛞᛁᛋᚻᛏᚩᚹᛖᛚ,421
disrelish,58994,0,ᛞᛁᛋᚱᛖᛚᛁᛋᚻ,431
faulkland,58987,0,ᚠᚪᚢᛚᚳᛚᚪᚾᛞ,476
kinswomen,58983,0,ᚳᛁᚾᛋᚹᚩᛗᛖᚾ,319
causeries,58947,0,ᚳᚪᚢᛋᛖᚱᛁᛖᛋ,395
socializes,58925,0,ᛋᚩᚳᛡᛚᛁᛋᛖᛋ,457
applejack,58865,0,ᚪᛈᛈᛚᛖᛂᚪᚳᚳ,483
irruptive,58812,0,ᛁᚱᚱᚢᛈᛏᛁᚢᛖ,259
libellers,58806,0,ᛚᛁᛒᛖᛚᛚᛖᚱᛋ,509
redresses,58804,0,ᚱᛖᛞᚱᛖᛋᛋᛖᛋ,471
skedaddle,58784,0,ᛋᚳᛖᛞᚪᛞᛞᛚᛖ,637
strumpets,58733,0,ᛋᛏᚱᚢᛗᛈᛖᛏᛋ,419
everglade,58732,0,ᛖᚢᛖᚱᚷᛚᚪᛞᛖ,491
whiteheads,58717,0,ᚹᚻᛁᛏᛖᚻᛠᛞᛋ,473
deiphobus,58658,0,ᛞᛖᛁᛈᚻᚩᛒᚢᛋ,377
mortgager,58657,0,ᛗᚩᚱᛏᚷᚪᚷᛖᚱ,357
propanone,58652,0,ᛈᚱᚩᛈᚪᚾᚩᚾᛖ,333
grammatic,58642,0,ᚷᚱᚪᛗᛗᚪᛏᛁᚳ,467
aperitifs,58628,0,ᚪᛈᛖᚱᛁᛏᛁᚠᛋ,394
arrogation,58587,0,ᚪᚱᚱᚩᚷᚪᛏᛡᚾ,435
alluviation,58583,0,ᚪᛚᛚᚢᚢᛡᛏᛡᚾ,551
withholden,58579,0,ᚹᛁᚦᚻᚩᛚᛞᛖᚾ,343
turbofans,58555,0,ᛏᚢᚱᛒᚩᚠᚪᚾᛋ,322
filigreed,58554,0,ᚠᛁᛚᛁᚷᚱᛖᛖᛞ,388
turncoats,58533,0,ᛏᚢᚱᚾᚳᚩᚪᛏᛋ,331
dacoities,58500,0,ᛞᚪᚳᚩᛁᛏᛁᛖᛋ,447
disciform,58379,0,ᛞᛁᛋᚳᛁᚠᚩᚱᛗ,308
verticils,58333,0,ᚢᛖᚱᛏᛁᚳᛁᛚᛋ,341
horrifies,58301,0,ᚻᚩᚱᚱᛁᚠᛁᛖᛋ,236
smoothened,58289,0,ᛋᛗᚩᚩᚦᛖᚾᛖᛞ,395
unjointed,58276,0,ᚢᚾᛂᚩᛁᚾᛏᛖᛞ,351
hoodwinking,58272,0,ᚻᚩᚩᛞᚹᛁᚾᚳᛝ,297
footstalk,58258,0,ᚠᚩᚩᛏᛋᛏᚪᛚᚳ,370
fusileers,58253,0,ᚠᚢᛋᛁᛚᛖᛖᚱᛋ,360
downfalls,58240,0,ᛞᚩᚹᚾᚠᚪᛚᛚᛋ,442
toothaches,58142,0,ᛏᚩᚩᚦᚪᚳᚻᛖᛋ,331
gaillardia,58136,0,ᚷᚪᛁᛚᛚᚪᚱᛞᛡ,595
wergeland,58132,0,ᚹᛖᚱᚷᛖᛚᚪᚾᛞ,469
tactility,58121,0,ᛏᚪᚳᛏᛁᛚᛁᛏᚣ,525
anchoress,58099,0,ᚪᚾᚳᚻᚩᚱᛖᛋᛋ,353
utriculus,58085,0,ᚢᛏᚱᛁᚳᚢᛚᚢᛋ,249
mispickel,58045,0,ᛗᛁᛋᛈᛁᚳᚳᛖᛚ,395
freebooting,57997,0,ᚠᚱᛖᛖᛒᚩᚩᛏᛝ,360
misinform,57993,0,ᛗᛁᛋᛁᚾᚠᚩᚱᛗ,306
hypesthesia,57973,0,ᚻᚣᛈᛖᛋᚦᛖᛋᛡ,521
conductus,57971,0,ᚳᚩᚾᛞᚢᚳᛏᚢᛋ,269
upbraidings,57969,0,ᚢᛈᛒᚱᚪᛁᛞᛝᛋ,467
forebodes,57929,0,ᚠᚩᚱᛖᛒᚩᛞᛖᛋ,364
analogize,57859,0,ᚪᚾᚪᛚᚩᚷᛁᛋᛖ,471
wristlets,57833,0,ᚹᚱᛁᛋᛏᛚᛖᛏᛋ,425
aquidneck,57805,0,ᚪᚳᚹᛁᛞᚾᛖᚳᚳ,371
sabotages,57771,0,ᛋᚪᛒᚩᛏᚪᚷᛖᛋ,511
lumpiness,57754,0,ᛚᚢᛗᛈᛁᚾᛖᛋᛋ,423
phlegethon,57750,0,ᛈᚻᛚᛖᚷᛖᚦᚩᚾ,331
moonscape,57739,0,ᛗᚩᚩᚾᛋᚳᚪᛈᛖ,387
anaclitic,57734,0,ᚪᚾᚪᚳᛚᛁᛏᛁᚳ,443
tuberoses,57718,0,ᛏᚢᛒᛖᚱᚩᛋᛖᛋ,381
sinapisms,57709,0,ᛋᛁᚾᚪᛈᛁᛋᛗᛋ,461
huckstering,57658,0,ᚻᚢᚳᚳᛋᛏᛖᚱᛝ,321
pigtailed,57654,0,ᛈᛁᚷᛏᚪᛁᛚᛖᛞ,507
diligentia,57643,0,ᛞᛁᛚᛁᚷᛖᚾᛏᛡ,503
elegances,57621,0,ᛖᛚᛖᚷᚪᚾᚳᛖᛋ,483
simpatico,57616,0,ᛋᛁᛗᛈᚪᛏᛁᚳᚩ,405
cloudlets,57613,0,ᚳᛚᚩᚢᛞᛚᛖᛏᛋ,437
sheetlike,57596,0,ᛋᚻᛖᛖᛏᛚᛁᚳᛖ,453
cenotaphs,57578,0,ᚳᛖᚾᚩᛏᚪᛈᚻᛋ,391
peepholes,57576,0,ᛈᛖᛖᛈᚻᚩᛚᛖᛋ,443
gruffness,57574,0,ᚷᚱᚢᚠᚠᚾᛖᛋᛋ,237
genuflect,57568,0,ᚷᛖᚾᚢᚠᛚᛖᚳᛏ,330
unfavored,57550,0,ᚢᚾᚠᚪᚢᚩᚱᛖᛞ,308
handovers,57502,0,ᚻᚪᚾᛞᚩᚢᛖᚱᛋ,379
hemostats,57494,0,ᚻᛖᛗᚩᛋᛏᚪᛏᛋ,489
cordaites,57492,0,ᚳᚩᚱᛞᚪᛁᛏᛖᛋ,427
crevassed,57392,0,ᚳᚱᛖᚢᚪᛋᛋᛖᛞ,453
apophyseal,57387,0,ᚪᛈᚩᛈᚻᚣᛋᛠᛚ,551
ceratodus,57363,0,ᚳᛖᚱᚪᛏᚩᛞᚢᛋ,399
cuckoldry,57345,0,ᚳᚢᚳᚳᚩᛚᛞᚱᚣ,325
silkiness,57330,0,ᛋᛁᛚᚳᛁᚾᛖᛋᛋ,403
launderer,57290,0,ᛚᚪᚢᚾᛞᛖᚱᛖᚱ,447
glossarial,57266,0,ᚷᛚᚩᛋᛋᚪᚱᛡᛚ,491
uncropped,57258,0,ᚢᚾᚳᚱᚩᛈᛈᛖᛞ,305
proclitic,57249,0,ᛈᚱᚩᚳᛚᛁᛏᛁᚳ,281
bombazine,57247,0,ᛒᚩᛗᛒᚪᛋᛁᚾᛖ,477
arkansans,57246,0,ᚪᚱᚳᚪᚾᛋᚪᚾᛋ,479
forenoons,57239,0,ᚠᚩᚱᛖᚾᚩᚩᚾᛋ,212
fleurette,57229,0,ᚠᛚᛖᚢᚱᛖᛏᛏᛖ,408
excusably,57210,0,ᛖᛉᚳᚢᛋᚪᛒᛚᚣ,517
windproof,57190,0,ᚹᛁᚾᛞᛈᚱᚩᚩᚠ,238
verderers,57142,0,ᚢᛖᚱᛞᛖᚱᛖᚱᛋ,379
semivowel,57140,0,ᛋᛖᛗᛁᚢᚩᚹᛖᛚ,391
gaberdine,57069,0,ᚷᚪᛒᛖᚱᛞᛁᚾᛖ,469
crocodilia,57050,0,ᚳᚱᚩᚳᚩᛞᛁᛚᛡ,351
novitiates,57048,0,ᚾᚩᚢᛁᛏᛡᛏᛖᛋ,415
millstream,57035,0,ᛗᛁᛚᛚᛋᛏᚱᛠᛗ,551
carambola,57032,0,ᚳᚪᚱᚪᛗᛒᚩᛚᚪ,527
lacertilia,56983,0,ᛚᚪᚳᛖᚱᛏᛁᛚᛡ,531
groomsman,56980,0,ᚷᚱᚩᚩᛗᛋᛗᚪᚾ,363
empurpled,56973,0,ᛖᛗᛈᚢᚱᛈᛚᛖᛞ,467
foreskins,56967,0,ᚠᚩᚱᛖᛋᚳᛁᚾᛋ,266
roundsman,56943,0,ᚱᚩᚢᚾᛞᛋᛗᚪᚾ,389
honestest,56932,0,ᚻᚩᚾᛖᛋᛏᛖᛋᛏ,417
gyrfalcon,56899,0,ᚷᚣᚱᚠᚪᛚᚳᚩᚾ,352
intercoms,56889,0,ᛁᚾᛏᛖᚱᚳᚩᛗᛋ,341
inexpiable,56874,0,ᛁᚾᛖᛉᛈᛡᛒᛚᛖ,525
muralists,56822,0,ᛗᚢᚱᚪᛚᛁᛋᛏᛋ,451
sauciness,56811,0,ᛋᚪᚢᚳᛁᚾᛖᛋᛋ,399
billfolds,56780,0,ᛒᛁᛚᛚᚠᚩᛚᛞᛋ,462
grubstake,56698,0,ᚷᚱᚢᛒᛋᛏᚪᚳᛖ,381
nonionized,56696,0,ᚾᚩᚾᛡᚾᛁᛋᛖᛞ,441
beauchamps,56694,0,ᛒᛠᚢᚳᚻᚪᛗᛈᛋ,473
descender,56650,0,ᛞᛖᛋᚳᛖᚾᛞᛖᚱ,485
overvaluing,56620,0,ᚩᚢᛖᚱᚢᚪᛚᚢᛝ,343
acclimating,56569,0,ᚪᚳᚳᛚᛁᛗᚪᛏᛝ,533
fontanels,56543,0,ᚠᚩᚾᛏᚪᚾᛖᛚᛋ,416
punishers,56483,0,ᛈᚢᚾᛁᛋᚻᛖᚱᛋ,313
larghetto,56462,0,ᛚᚪᚱᚷᚻᛖᛏᛏᚩ,413
ravishingly,56460,0,ᚱᚪᚢᛁᛋᚻᛝᛚᚣ,473
limekilns,56384,0,ᛚᛁᛗᛖᚳᛁᛚᚾᛋ,441
vertumnus,56371,0,ᚢᛖᚱᛏᚢᛗᚾᚢᛋ,299
cudgelled,56358,0,ᚳᚢᛞᚷᛖᛚᛚᛖᛞ,491
avalanching,56352,0,ᚪᚢᚪᛚᚪᚾᚳᚻᛝ,511
landfalls,56348,0,ᛚᚪᚾᛞᚠᚪᛚᛚᛋ,586
unhappier,56306,0,ᚢᚾᚻᚪᛈᛈᛁᛖᚱ,347
solipsist,56297,0,ᛋᚩᛚᛁᛈᛋᛁᛋᛏ,403
vouchsafing,56239,0,ᚢᚩᚢᚳᚻᛋᚪᚠᛝ,280
lupercalia,56194,0,ᛚᚢᛈᛖᚱᚳᚪᛚᛡ,487
polytheist,56184,0,ᛈᚩᛚᚣᚦᛖᛁᛋᛏ,441
datelined,56135,0,ᛞᚪᛏᛖᛚᛁᚾᛖᛞ,601
limpidity,56129,0,ᛚᛁᛗᛈᛁᛞᛁᛏᚣ,531
archivolt,56088,0,ᚪᚱᚳᚻᛁᚢᚩᛚᛏ,317
planetoid,56073,0,ᛈᛚᚪᚾᛖᛏᚩᛁᛞ,495
tanacetum,56058,0,ᛏᚪᚾᚪᚳᛖᛏᚢᛗ,495
festively,56053,0,ᚠᛖᛋᛏᛁᚢᛖᛚᚣ,458
jackboots,56034,0,ᛂᚪᚳᚳᛒᚩᚩᛏᛋ,347
fastigiate,56031,0,ᚠᚪᛋᛏᛁᚷᛡᛏᛖ,492
perspires,56014,0,ᛈᛖᚱᛋᛈᛁᚱᛖᛋ,379
unknotted,56001,0,ᚢᚾᚳᚾᚩᛏᛏᛖᛞ,355
unfeelingly,55947,0,ᚢᚾᚠᛖᛖᛚᛝᛚᚣ,496
flatirons,55910,0,ᚠᛚᚪᛏᛁᚱᚩᚾᛋ,362
haircutting,55884,0,ᚻᚪᛁᚱᚳᚢᛏᛏᛝ,375
muckraker,55876,0,ᛗᚢᚳᚳᚱᚪᚳᛖᚱ,299
manoeuvrings,55866,0,ᛗᚪᚾᛟᚢᚢᚱᛝᛋ,429
putridity,55858,0,ᛈᚢᛏᚱᛁᛞᛁᛏᚣ,429
madrasahs,55841,0,ᛗᚪᛞᚱᚪᛋᚪᚻᛋ,591
balconied,55802,0,ᛒᚪᛚᚳᚩᚾᛁᛖᛞ,467
charmless,55786,0,ᚳᚻᚪᚱᛗᛚᛖᛋᛋ,461
transecting,55782,0,ᛏᚱᚪᚾᛋᛖᚳᛏᛝ,467
spoonsful,55776,0,ᛋᛈᚩᚩᚾᛋᚠᚢᛚ,270
breadcrumb,55768,0,ᛒᚱᛠᛞᚳᚱᚢᛗᛒ,429
leftwards,55759,0,ᛚᛖᚠᛏᚹᚪᚱᛞᛋ,470
hospitium,55751,0,ᚻᚩᛋᛈᛁᛏᛁᚢᛗ,321
pedipalps,55722,0,ᛈᛖᛞᛁᛈᚪᛚᛈᛋ,539
agapanthus,55653,0,ᚪᚷᚪᛈᚪᚾᚦᚢᛋ,441
dysgraphia,55635,0,ᛞᚣᛋᚷᚱᚪᛈᚻᛡ,543
glamorize,55614,0,ᚷᛚᚪᛗᚩᚱᛁᛋᛖ,427
introject,55587,0,ᛁᚾᛏᚱᚩᛂᛖᚳᛏ,313
imposable,55563,0,ᛁᛗᛈᚩᛋᚪᛒᛚᛖ,503
uitlander,55539,0,ᚢᛁᛏᛚᚪᚾᛞᛖᚱ,459
mythologic,55528,0,ᛗᚣᚦᚩᛚᚩᚷᛁᚳ,327
holotypes,55522,0,ᚻᚩᛚᚩᛏᚣᛈᛖᛋ,435
lavenders,55511,0,ᛚᚪᚢᛖᚾᛞᛖᚱᛋ,489
grosgrain,55503,0,ᚷᚱᚩᛋᚷᚱᚪᛁᚾ,273
itchiness,55502,0,ᛁᛏᚳᚻᛁᚾᛖᛋᛋ,359
dentelles,55484,0,ᛞᛖᚾᛏᛖᛚᛚᛖᛋ,577
denouncer,55478,0,ᛞᛖᚾᚩᚢᚾᚳᛖᚱ,315
enfeebles,55467,0,ᛖᚾᚠᛖᛖᛒᛚᛖᛋ,486
outdoorsy,55449,0,ᚩᚢᛏᛞᚩᚩᚱᛋᚣ,339
nonstriking,55447,0,ᚾᚩᚾᛋᛏᚱᛁᚳᛝ,311
kilocycle,55420,0,ᚳᛁᛚᚩᚳᚣᚳᛚᛖ,393
lustfully,55394,0,ᛚᚢᛋᛏᚠᚢᛚᛚᚣ,442
pollarded,55382,0,ᛈᚩᛚᛚᚪᚱᛞᛖᛞ,549
freakishly,55381,0,ᚠᚱᛠᚳᛁᛋᚻᛚᚣ,418
fagopyrum,55371,0,ᚠᚪᚷᚩᛈᚣᚱᚢᛗ,354
fumigator,55341,0,ᚠᚢᛗᛁᚷᚪᛏᚩᚱ,298
standoffs,55339,0,ᛋᛏᚪᚾᛞᚩᚠᚠᛋ,391
narcotism,55301,0,ᚾᚪᚱᚳᚩᛏᛁᛋᛗ,371
lowlander,55284,0,ᛚᚩᚹᛚᚪᚾᛞᛖᚱ,465
eugenists,55272,0,ᛖᚢᚷᛖᚾᛁᛋᛏᛋ,379
swallower,55187,0,ᛋᚹᚪᛚᛚᚩᚹᛖᚱ,419
mercuries,55155,0,ᛗᛖᚱᚳᚢᚱᛁᛖᛋ,327
fittingness,55152,0,ᚠᛁᛏᛏᛝᚾᛖᛋᛋ,432
minnesinger,55122,0,ᛗᛁᚾᚾᛖᛋᛝᛖᚱ,437
unpressed,55118,0,ᚢᚾᛈᚱᛖᛋᛋᛖᛞ,415
regardant,55104,0,ᚱᛖᚷᚪᚱᛞᚪᚾᛏ,477
overdrawing,55103,0,ᚩᚢᛖᚱᛞᚱᚪᚹᛝ,383
cockaigne,55089,0,ᚳᚩᚳᚳᚪᛁᚷᚾᛖ,287
briefless,55084,0,ᛒᚱᛁᛖᚠᛚᛖᛋᛋ,418
divinized,55035,0,ᛞᛁᚢᛁᚾᛁᛋᛖᛞ,423
germander,55024,0,ᚷᛖᚱᛗᚪᚾᛞᛖᚱ,459
analeptic,55006,0,ᚪᚾᚪᛚᛖᛈᛏᛁᚳ,509
slumbrous,54996,0,ᛋᛚᚢᛗᛒᚱᚩᚢᛋ,335
damnatory,54980,0,ᛞᚪᛗᚾᚪᛏᚩᚱᚣ,563
quixotism,54948,0,ᚳᚹᛁᛉᚩᛏᛁᛋᛗ,331
naturopath,54940,0,ᚾᚪᛏᚢᚱᚩᛈᚪᚦ,351
broughams,54936,0,ᛒᚱᚩᚢᚷᚻᚪᛗᛋ,343
ropemaker,54921,0,ᚱᚩᛈᛖᛗᚪᚳᛖᚱ,387
feudality,54921,0,ᚠᛖᚢᛞᚪᛚᛁᛏᚣ,524
gorgonians,54893,0,ᚷᚩᚱᚷᚩᚾᛡᚾᛋ,277
subocular,54844,0,ᛋᚢᛒᚩᚳᚢᛚᚪᚱ,321
foursomes,54834,0,ᚠᚩᚢᚱᛋᚩᛗᛖᛋ,274
sybarites,54819,0,ᛋᚣᛒᚪᚱᛁᛏᛖᛋ,535
dannebrog,54780,0,ᛞᚪᚾᚾᛖᛒᚱᚩᚷ,407
kamikazes,54759,0,ᚳᚪᛗᛁᚳᚪᛋᛖᛋ,495
claymores,54741,0,ᚳᛚᚪᚣᛗᚩᚱᛖᛋ,495
manslayer,54736,0,ᛗᚪᚾᛋᛚᚪᚣᛖᚱ,601
ulcerates,54693,0,ᚢᛚᚳᛖᚱᚪᛏᛖᛋ,443
straggles,54666,0,ᛋᛏᚱᚪᚷᚷᛚᛖᛋ,447
playbacks,54639,0,ᛈᛚᚪᚣᛒᚪᚳᚳᛋ,553
unblended,54633,0,ᚢᚾᛒᛚᛖᚾᛞᛖᛞ,507
corncrake,54600,0,ᚳᚩᚱᚾᚳᚱᚪᚳᛖ,261
boatyards,54578,0,ᛒᚩᚪᛏᚣᚪᚱᛞᛋ,577
basipetal,54573,0,ᛒᚪᛋᛁᛈᛖᛏᚪᛚ,581
remitters,54542,0,ᚱᛖᛗᛁᛏᛏᛖᚱᛋ,429
cameronian,54529,0,ᚳᚪᛗᛖᚱᚩᚾᛡᚾ,431
weightily,54514,0,ᚹᛖᛁᚷᚻᛏᛁᛚᚣ,423
codifiers,54476,0,ᚳᚩᛞᛁᚠᛁᛖᚱᛋ,304
spritsail,54469,0,ᛋᛈᚱᛁᛏᛋᚪᛁᛚ,451
vacuously,54442,0,ᚢᚪᚳᚢᚩᚢᛋᛚᚣ,355
redisplay,54400,0,ᚱᛖᛞᛁᛋᛈᛚᚪᚣ,567
anterooms,54391,0,ᚪᚾᛏᛖᚱᚩᚩᛗᛋ,401
shulamite,54383,0,ᛋᚻᚢᛚᚪᛗᛁᛏᛖ,477
demitasse,54351,0,ᛞᛖᛗᛁᛏᚪᛋᛋᛖ,587
scenarist,54346,0,ᛋᚳᛖᚾᚪᚱᛁᛋᛏ,413
gaudiness,54287,0,ᚷᚪᚢᛞᛁᚾᛖᛋᛋ,439
hairstreak,54262,0,ᚻᚪᛁᚱᛋᛏᚱᛠᚳ,407
kilogauss,54260,0,ᚳᛁᛚᚩᚷᚪᚢᛋᛋ,347
flophouse,54251,0,ᚠᛚᚩᛈᚻᚩᚢᛋᛖ,278
muddiness,54121,0,ᛗᚢᛞᛞᛁᚾᛖᛋᛋ,485
prosector,54108,0,ᛈᚱᚩᛋᛖᚳᛏᚩᚱ,271
aeciospores,54104,0,ᚫᚳᛡᛋᛈᚩᚱᛖᛋ,455
inculpate,54093,0,ᛁᚾᚳᚢᛚᛈᚪᛏᛖ,415
jalousies,54070,0,ᛂᚪᛚᚩᚢᛋᛁᛖᛋ,421
picnicked,54030,0,ᛈᛁᚳᚾᛁᚳᚳᛖᛞ,329
musicianly,54007,0,ᛗᚢᛋᛁᚳᛡᚾᛚᚣ,483
promptest,53962,0,ᛈᚱᚩᛗᛈᛏᛖᛋᛏ,413
dartboard,53955,0,ᛞᚪᚱᛏᛒᚩᚪᚱᛞ,521
unbefitting,53936,0,ᚢᚾᛒᛖᚠᛁᛏᛏᛝ,390
malthusians,53828,0,ᛗᚪᛚᚦᚢᛋᛡᚾᛋ,491
fieldfare,53805,0,ᚠᛁᛖᛚᛞᚠᚪᚱᛖ,439
jointures,53804,0,ᛂᚩᛁᚾᛏᚢᚱᛖᛋ,297
hairlines,53795,0,ᚻᚪᛁᚱᛚᛁᚾᛖᛋ,415
planchets,53776,0,ᛈᛚᚪᚾᚳᚻᛖᛏᛋ,457
hybridism,53768,0,ᚻᚣᛒᚱᛁᛞᛁᛋᛗ,473
asterisms,53745,0,ᚪᛋᛏᛖᚱᛁᛋᛗᛋ,495
depilation,53689,0,ᛞᛖᛈᛁᛚᚪᛏᛡᚾ,595
chainless,53679,0,ᚳᚻᚪᛁᚾᛚᛖᛋᛋ,439
ordinands,53670,0,ᚩᚱᛞᛁᚾᚪᚾᛞᛋ,435
esoterica,53669,0,ᛖᛋᚩᛏᛖᚱᛁᚳᚪ,405
louisianian,53648,0,ᛚᚩᚢᛁᛋᛡᚾᛡᚾ,439
sanguineum,53634,0,ᛋᚪᛝᚢᛁᚾᛖᚢᛗ,433
argumenta,53620,0,ᚪᚱᚷᚢᛗᛖᚾᛏᚪ,451
apophthegm,53607,0,ᚪᛈᚩᛈᚻᚦᛖᚷᛗ,373
spadefoot,53594,0,ᛋᛈᚪᛞᛖᚠᚩᚩᛏ,424
portreeve,53558,0,ᛈᚩᚱᛏᚱᛖᛖᚢᛖ,335
glossator,53500,0,ᚷᛚᚩᛋᛋᚪᛏᚩᚱ,377
dixiecrat,53446,0,ᛞᛁᛉᛁᛖᚳᚱᚪᛏ,445
cordiform,53431,0,ᚳᚩᚱᛞᛁᚠᚩᚱᛗ,242
edentates,53413,0,ᛖᛞᛖᚾᛏᚪᛏᛖᛋ,587
misquotes,53391,0,ᛗᛁᛋᚳᚹᚩᛏᛖᛋ,373
separably,53357,0,ᛋᛖᛈᚪᚱᚪᛒᛚᚣ,605
emmetropia,53335,0,ᛖᛗᛗᛖᛏᚱᚩᛈᛡ,503
angiomatous,53316,0,ᚪᛝᛡᛗᚪᛏᚩᚢᛋ,573
unshapely,53296,0,ᚢᚾᛋᚻᚪᛈᛖᛚᚣ,491
unrepeated,53285,0,ᚢᚾᚱᛖᛈᛠᛏᛖᛞ,477
exothermal,53281,0,ᛖᛉᚩᚦᛖᚱᛗᚪᛚ,445
freewheel,53226,0,ᚠᚱᛖᛖᚹᚻᛖᛖᛚ,396
carousals,53209,0,ᚳᚪᚱᚩᚢᛋᚪᛚᛋ,407
crushable,53201,0,ᚳᚱᚢᛋᚻᚪᛒᛚᛖ,401
untracked,53129,0,ᚢᚾᛏᚱᚪᚳᚳᛖᛞ,381
fopperies,53120,0,ᚠᚩᛈᛈᛖᚱᛁᛖᛋ,324
disbursal,53107,0,ᛞᛁᛋᛒᚢᚱᛋᚪᛚ,471
transitus,53101,0,ᛏᚱᚪᚾᛋᛁᛏᚢᛋ,395
triptychs,53087,0,ᛏᚱᛁᛈᛏᚣᚳᚻᛋ,395
endosteum,53077,0,ᛖᚾᛞᚩᛋᛏᛖᚢᛗ,445
cacodylic,53072,0,ᚳᚪᚳᚩᛞᚣᛚᛁᚳ,439
paranoids,53055,0,ᛈᚪᚱᚪᚾᚩᛁᛞᛋ,457
cataplasm,53044,0,ᚳᚪᛏᚪᛈᛚᚪᛋᛗ,603
seminomas,53034,0,ᛋᛖᛗᛁᚾᚩᛗᚪᛋ,479
assertors,53031,0,ᚪᛋᛋᛖᚱᛏᚩᚱᛋ,411
appanages,53026,0,ᚪᛈᛈᚪᚾᚪᚷᛖᛋ,543
baldachin,52997,0,ᛒᚪᛚᛞᚪᚳᚻᛁᚾ,513
arizonans,52986,0,ᚪᚱᛁᛋᚩᚾᚪᚾᛋ,407
traducers,52939,0,ᛏᚱᚪᛞᚢᚳᛖᚱᛋ,403
chiselers,52879,0,ᚳᚻᛁᛋᛖᛚᛖᚱᛋ,391
pentandria,52841,0,ᛈᛖᚾᛏᚪᚾᛞᚱᛡ,531
cobaltite,52834,0,ᚳᚩᛒᚪᛚᛏᛁᛏᛖ,467
periodontia,52821,0,ᛈᛖᚱᛡᛞᚩᚾᛏᛡ,519
recliners,52798,0,ᚱᛖᚳᛚᛁᚾᛖᚱᛋ,355
spoilsmen,52796,0,ᛋᛈᚩᛁᛚᛋᛗᛖᚾ,427
ingratiatingly,52782,0,ᛝᚱᚪᛏᛡᛏᛝᛚᚣ,667
embitters,52764,0,ᛖᛗᛒᛁᛏᛏᛖᚱᛋ,479
penetralia,52763,0,ᛈᛖᚾᛖᛏᚱᚪᛚᛡ,553
puffballs,52680,0,ᛈᚢᚠᚠᛒᚪᛚᛚᛋ,407
bannerets,52657,0,ᛒᚪᚾᚾᛖᚱᛖᛏᛋ,473
apothecium,52629,0,ᚪᛈᚩᚦᛖᚳᛁᚢᛗ,337
geochemist,52611,0,ᚷᛇᚳᚻᛖᛗᛁᛋᛏ,375
inspirers,52548,0,ᛁᚾᛋᛈᛁᚱᛖᚱᛋ,329
assumable,52535,0,ᚪᛋᛋᚢᛗᚪᛒᛚᛖ,575
demimonde,52510,0,ᛞᛖᛗᛁᛗᚩᚾᛞᛖ,521
isothermic,52493,0,ᛁᛋᚩᚦᛖᚱᛗᛁᚳ,289
customise,52491,0,ᚳᚢᛋᛏᚩᛗᛁᛋᛖ,357
halogeton,52473,0,ᚻᚪᛚᚩᚷᛖᛏᚩᚾ,379
talmudist,52458,0,ᛏᚪᛚᛗᚢᛞᛁᛋᛏ,535
indigotin,52444,0,ᛁᚾᛞᛁᚷᚩᛏᛁᚾ,323
unaesthetic,52421,0,ᚢᚾᚫᛋᚦᛖᛏᛁᚳ,361
overgrowing,52390,0,ᚩᚢᛖᚱᚷᚱᚩᚹᛝ,221
unfrocked,52336,0,ᚢᚾᚠᚱᚩᚳᚳᛖᛞ,234
speleology,52336,0,ᛋᛈᛖᛚᛇᛚᚩᚷᚣ,477
brownness,52297,0,ᛒᚱᚩᚹᚾᚾᛖᛋᛋ,329
bermudians,52287,0,ᛒᛖᚱᛗᚢᛞᛡᚾᛋ,491
sleepyhead,52283,0,ᛋᛚᛖᛖᛈᚣᚻᛠᛞ,627
matchable,52273,0,ᛗᚪᛏᚳᚻᚪᛒᛚᛖ,561
interunion,52261,0,ᛁᚾᛏᛖᚱᚢᚾᛡᚾ,365
homecomings,52236,0,ᚻᚩᛗᛖᚳᚩᛗᛝᛋ,391
selvedges,52225,0,ᛋᛖᛚᚢᛖᛞᚷᛖᛋ,489
innerspring,52174,0,ᛁᚾᚾᛖᚱᛋᛈᚱᛝ,353
sideswipe,52172,0,ᛋᛁᛞᛖᛋᚹᛁᛈᛖ,453
pushchair,52169,0,ᛈᚢᛋᚻᚳᚻᚪᛁᚱ,297
eventuating,52166,0,ᛖᚢᛖᚾᛏᚢᚪᛏᛝ,463
spaceless,52151,0,ᛋᛈᚪᚳᛖᛚᛖᛋᛋ,519
quenelles,52134,0,ᚳᚹᛖᚾᛖᛚᛚᛖᛋ,461
unthreshed,52100,0,ᚢᚾᚦᚱᛖᛋᚻᛖᛞ,347
interloping,52099,0,ᛁᚾᛏᛖᚱᛚᚩᛈᛝ,399
levelness,52062,0,ᛚᛖᚢᛖᛚᚾᛖᛋᛋ,485
almoravid,51986,0,ᚪᛚᛗᚩᚱᚪᚢᛁᛞ,479
banqueted,51975,0,ᛒᚪᚾᚳᚹᛖᛏᛖᛞ,501
landwards,51952,0,ᛚᚪᚾᛞᚹᚪᚱᛞᛋ,557
trouveres,51932,0,ᛏᚱᚩᚢᚢᛖᚱᛖᛋ,281
trilobita,51844,0,ᛏᚱᛁᛚᚩᛒᛁᛏᚪ,429
escallops,51818,0,ᛖᛋᚳᚪᛚᛚᚩᛈᛋ,479
shadeless,51813,0,ᛋᚻᚪᛞᛖᛚᛖᛋᛋ,575
tisiphone,51790,0,ᛏᛁᛋᛁᛈᚻᚩᚾᛖ,343
apologues,51762,0,ᚪᛈᚩᛚᚩᚷᚢᛖᛋ,367
horseshoer,51743,0,ᚻᚩᚱᛋᛖᛋᚻᛟᚱ,331
nightjars,51659,0,ᚾᛁᚷᚻᛏᛂᚪᚱᛋ,357
pilferers,51625,0,ᛈᛁᛚᚠᛖᚱᛖᚱᛋ,358
terribles,51614,0,ᛏᛖᚱᚱᛁᛒᛚᛖᛋ,433
entrepots,51509,0,ᛖᚾᛏᚱᛖᛈᚩᛏᛋ,395
cannoneer,51505,0,ᚳᚪᚾᚾᚩᚾᛖᛖᚱ,349
milkiness,51497,0,ᛗᛁᛚᚳᛁᚾᛖᛋᛋ,421
defoliator,51495,0,ᛞᛖᚠᚩᛚᛡᛏᚩᚱ,422
husbandly,51464,0,ᚻᚢᛋᛒᚪᚾᛞᛚᚣ,531
stratiotes,51449,0,ᛋᛏᚱᚪᛏᛡᛏᛖᛋ,565
footrests,51406,0,ᚠᚩᚩᛏᚱᛖᛋᛏᛋ,318
spiciness,51326,0,ᛋᛈᛁᚳᛁᚾᛖᛋᛋ,373
millowner,51316,0,ᛗᛁᛚᛚᚩᚹᚾᛖᚱ,381
decembers,51316,0,ᛞᛖᚳᛖᛗᛒᛖᚱᛋ,499
heritance,51309,0,ᚻᛖᚱᛁᛏᚪᚾᚳᛖ,397
slobbered,51292,0,ᛋᛚᚩᛒᛒᛖᚱᛖᛞ,489
filtrated,51251,0,ᚠᛁᛚᛏᚱᚪᛏᛖᛞ,488
creaminess,51186,0,ᚳᚱᛠᛗᛁᚾᛖᛋᛋ,437
mauritians,51180,0,ᛗᚪᚢᚱᛁᛏᛡᚾᛋ,461
whereinto,51155,0,ᚹᚻᛖᚱᛖᛁᚾᛏᚩ,313
swansdown,51151,0,ᛋᚹᚪᚾᛋᛞᚩᚹᚾ,395
caladiums,51103,0,ᚳᚪᛚᚪᛞᛁᚢᛗᛋ,527
methodized,51044,0,ᛗᛖᚦᚩᛞᛁᛋᛖᛞ,479
pyrrhonian,51000,0,ᛈᚣᚱᚱᚻᚩᚾᛡᚾ,363
refocuses,50990,0,ᚱᛖᚠᚩᚳᚢᛋᛖᛋ,276
embrowned,50917,0,ᛖᛗᛒᚱᚩᚹᚾᛖᛞ,421
mainsheet,50885,0,ᛗᚪᛁᚾᛋᚻᛖᛖᛏ,497
mustelidae,50870,0,ᛗᚢᛋᛏᛖᛚᛁᛞᚫ,547
botheration,50854,0,ᛒᚩᚦᛖᚱᚪᛏᛡᚾ,443
talukdars,50846,0,ᛏᚪᛚᚢᚳᛞᚪᚱᛋ,495
chaldrons,50800,0,ᚳᚻᚪᛚᛞᚱᚩᚾᛋ,395
fantasist,50795,0,ᚠᚪᚾᛏᚪᛋᛁᛋᛏ,480
brummagem,50782,0,ᛒᚱᚢᛗᛗᚪᚷᛖᛗ,469
harassers,50770,0,ᚻᚪᚱᚪᛋᛋᛖᚱᛋ,465
freewoman,50747,0,ᚠᚱᛖᛖᚹᚩᛗᚪᚾ,370
indweller,50725,0,ᛁᚾᛞᚹᛖᛚᛚᛖᚱ,459
bladelike,50707,0,ᛒᛚᚪᛞᛖᛚᛁᚳᛖ,571
outplayed,50690,0,ᚩᚢᛏᛈᛚᚪᚣᛖᛞ,541
enervates,50678,0,ᛖᚾᛖᚱᚢᚪᛏᛖᛋ,453
innovates,50675,0,ᛁᚾᚾᚩᚢᚪᛏᛖᛋ,375
chasubles,50666,0,ᚳᚻᚪᛋᚢᛒᛚᛖᛋ,443
imbecilic,50638,0,ᛁᛗᛒᛖᚳᛁᛚᛁᚳ,391
highflyer,50611,0,ᚻᛁᚷᚻᚠᛚᚣᛖᚱ,350
acropetal,50604,0,ᚪᚳᚱᚩᛈᛖᛏᚪᛚ,467
acetonuria,50581,0,ᚪᚳᛖᛏᚩᚾᚢᚱᛡ,393
horsehide,50540,0,ᚻᚩᚱᛋᛖᚻᛁᛞᛖ,371
catechize,50523,0,ᚳᚪᛏᛖᚳᚻᛁᛋᛖ,423
manticore,50504,0,ᛗᚪᚾᛏᛁᚳᚩᚱᛖ,385
mortifies,50492,0,ᛗᚩᚱᛏᛁᚠᛁᛖᛋ,332
delftware,50471,0,ᛞᛖᛚᚠᛏᚹᚪᚱᛖ,484
chanteuse,50470,0,ᚳᚻᚪᚾᛏᛖᚢᛋᛖ,411
squeezers,50433,0,ᛋᚳᚹᛖᛖᛋᛖᚱᛋ,403
tarentine,50407,0,ᛏᚪᚱᛖᚾᛏᛁᚾᛖ,449
temporise,50381,0,ᛏᛖᛗᛈᚩᚱᛁᛋᛖ,409
amberjack,50362,0,ᚪᛗᛒᛖᚱᛂᚪᚳᚳ,467
garbanzos,50344,0,ᚷᚪᚱᛒᚪᚾᛋᚩᛋ,425
vitalizes,50241,0,ᚢᛁᛏᚪᛚᛁᛋᛖᛋ,467
redstarts,50235,0,ᚱᛖᛞᛋᛏᚪᚱᛏᛋ,499
reacquaint,50234,0,ᚱᛠᚳᚳᚹᚪᛁᚾᛏ,381
trebuchet,50216,0,ᛏᚱᛖᛒᚢᚳᚻᛖᛏ,363
moralizes,50147,0,ᛗᚩᚱᚪᛚᛁᛋᛖᛋ,463
backstays,50141,0,ᛒᚪᚳᚳᛋᛏᚪᚣᛋ,549
shabbiest,50099,0,ᛋᚻᚪᛒᛒᛁᛖᛋᛏ,505
dithyrambs,50099,0,ᛞᛁᚦᚣᚱᚪᛗᛒᛋ,521
monotones,50097,0,ᛗᚩᚾᚩᛏᚩᚾᛖᛋ,329
lentiform,50055,0,ᛚᛖᚾᛏᛁᚠᚩᚱᛗ,350
senoritas,50048,0,ᛋᛖᚾᚩᚱᛁᛏᚪᛋ,407
coseismic,50043,0,ᚳᚩᛋᛖᛁᛋᛗᛁᚳ,339
dogmatizing,50042,0,ᛞᚩᚷᛗᚪᛏᛁᛋᛝ,503
palisadoes,50021,0,ᛈᚪᛚᛁᛋᚪᛞᛟᛋ,619
warhorses,49909,0,ᚹᚪᚱᚻᚩᚱᛋᛖᛋ,341
deciphers,49856,1,ᛞᛖᚳᛁᛈᚻᛖᚱᛋ,397
phalangist,49828,0,ᛈᚻᚪᛚᚪᛝᛁᛋᛏ,555
leafstalks,49786,0,ᛚᛠᚠᛋᛏᚪᛚᚳᛋ,532
unhandled,49774,0,ᚢᚾᚻᚪᚾᛞᛚᛖᛞ,499
aigrettes,49763,0,ᚪᛁᚷᚱᛖᛏᛏᛖᛋ,461
dovecotes,49754,0,ᛞᚩᚢᛖᚳᚩᛏᛖᛋ,365
brewsters,49748,0,ᛒᚱᛖᚹᛋᛏᛖᚱᛋ,401
harebells,49723,0,ᚻᚪᚱᛖᛒᛖᛚᛚᛋ,525
sugarcoat,49719,0,ᛋᚢᚷᚪᚱᚳᚩᚪᛏ,357
seigneury,49688,0,ᛋᛖᛁᚷᚾᛖᚢᚱᚣ,381
chirruped,49668,0,ᚳᚻᛁᚱᚱᚢᛈᛖᛞ,291
depictive,49643,0,ᛞᛖᛈᛁᚳᛏᛁᚢᛖ,403
treenails,49581,0,ᛏᚱᛖᛖᚾᚪᛁᛚᛋ,487
kreutzers,49578,0,ᚳᚱᛖᚢᛏᛋᛖᚱᛋ,337
antimonic,49552,0,ᚪᚾᛏᛁᛗᚩᚾᛁᚳ,367
glowworms,49545,0,ᚷᛚᚩᚹᚹᚩᚱᛗᛋ,277
bestrides,49543,0,ᛒᛖᛋᛏᚱᛁᛞᛖᛋ,491
gambolled,49532,0,ᚷᚪᛗᛒᚩᛚᛚᛖᛞ,555
entreatingly,49479,0,ᛖᚾᛏᚱᛠᛏᛝᛚᚣ,589
bordellos,49479,0,ᛒᚩᚱᛞᛖᛚᛚᚩᛋ,441
overcoating,49440,0,ᚩᚢᛖᚱᚳᚩᚪᛏᛝ,343
checksums,49435,1,ᚳᚻᛖᚳᚳᛋᚢᛗᛋ,309
matchwood,49408,0,ᛗᚪᛏᚳᚻᚹᚩᚩᛞ,385
excisemen,49314,0,ᛖᛉᚳᛁᛋᛖᛗᛖᚾ,445
hedysarum,49300,0,ᚻᛖᛞᚣᛋᚪᚱᚢᛗ,517
croupiers,49291,0,ᚳᚱᚩᚢᛈᛁᛖᚱᛋ,239
safranine,49279,0,ᛋᚪᚠᚱᚪᚾᛁᚾᛖ,416
minelayer,49244,0,ᛗᛁᚾᛖᛚᚪᚣᛖᚱ,549
trinities,49239,0,ᛏᚱᛁᚾᛁᛏᛁᛖᛋ,371
luxuriates,49225,0,ᛚᚢᛉᚢᚱᛡᛏᛖᛋ,423
reinserting,49184,0,ᚱᛖᛁᚾᛋᛖᚱᛏᛝ,407
plantable,49180,0,ᛈᛚᚪᚾᛏᚪᛒᛚᛖ,599
sellotape,49170,0,ᛋᛖᛚᛚᚩᛏᚪᛈᛖ,539
fortalice,49162,0,ᚠᚩᚱᛏᚪᛚᛁᚳᛖ,360
prompters,49137,0,ᛈᚱᚩᛗᛈᛏᛖᚱᛋ,365
drupaceous,49128,0,ᛞᚱᚢᛈᚪᚳᛇᚢᛋ,353
periastron,49120,0,ᛈᛖᚱᛡᛋᛏᚱᚩᚾ,387
variegate,49114,0,ᚢᚪᚱᛁᛖᚷᚪᛏᛖ,449
detrained,49108,0,ᛞᛖᛏᚱᚪᛁᚾᛖᛞ,539
saliently,48994,0,ᛋᚪᛚᛁᛖᚾᛏᛚᚣ,585
soulfully,48951,0,ᛋᚩᚢᛚᚠᚢᛚᛚᚣ,390
overskirt,48949,0,ᚩᚢᛖᚱᛋᚳᛁᚱᛏ,255
tyrannise,48896,0,ᛏᚣᚱᚪᚾᚾᛁᛋᛖ,479
histiocyte,48863,0,ᚻᛁᛋᛏᛡᚳᚣᛏᛖ,515
iridotomy,48830,0,ᛁᚱᛁᛞᚩᛏᚩᛗᚣ,409
heartbreaks,48821,0,ᚻᛠᚱᛏᛒᚱᛠᚳᛋ,449
velodrome,48802,0,ᚢᛖᛚᚩᛞᚱᚩᛗᛖ,395
laurelled,48799,0,ᛚᚪᚢᚱᛖᛚᛚᛖᛞ,553
foeniculum,48797,0,ᚠᛟᚾᛁᚳᚢᛚᚢᛗ,308
unhealthily,48793,0,ᚢᚾᚻᛠᛚᚦᛁᛚᚣ,449
notonecta,48762,0,ᚾᚩᛏᚩᚾᛖᚳᛏᚪ,367
weekender,48734,0,ᚹᛖᛖᚳᛖᚾᛞᛖᚱ,429
hellhound,48733,0,ᚻᛖᛚᛚᚻᚩᚢᚾᛞ,387
closedown,48723,0,ᚳᛚᚩᛋᛖᛞᚩᚹᚾ,357
staunched,48721,0,ᛋᛏᚪᚢᚾᚳᚻᛖᛞ,433
octangular,48720,0,ᚩᚳᛏᚪᛝᚢᛚᚪᚱ,439
affectingly,48704,0,ᚪᚠᚠᛖᚳᛏᛝᛚᚣ,495
cabalists,48703,0,ᚳᚪᛒᚪᛚᛁᛋᛏᛋ,537
beetroots,48694,0,ᛒᛖᛖᛏᚱᚩᚩᛏᛋ,391
ruffianism,48693,0,ᚱᚢᚠᚠᛡᚾᛁᛋᛗ,309
brasswork,48680,0,ᛒᚱᚪᛋᛋᚹᚩᚱᚳ,325
tenebrous,48668,0,ᛏᛖᚾᛖᛒᚱᚩᚢᛋ,357
licensers,48668,0,ᛚᛁᚳᛖᚾᛋᛖᚱᛋ,397
skippered,48662,0,ᛋᚳᛁᛈᛈᛖᚱᛖᛞ,417
cogitated,48632,0,ᚳᚩᚷᛁᛏᚪᛏᛖᛞ,439
involutes,48631,0,ᛁᚾᚢᚩᛚᚢᛏᛖᛋ,325
pallbearer,48602,0,ᛈᚪᛚᛚᛒᛠᚱᛖᚱ,545
kieserite,48602,0,ᚳᛁᛖᛋᛖᚱᛁᛏᛖ,399
pedicures,48570,0,ᛈᛖᛞᛁᚳᚢᚱᛖᛋ,377
prytaneum,48543,0,ᛈᚱᚣᛏᚪᚾᛖᚢᛗ,483
peripeteia,48527,0,ᛈᛖᚱᛁᛈᛖᛏᛖᛡ,495
attakapas,48485,0,ᚪᛏᛏᚪᚳᚪᛈᚪᛋ,615
perisperm,48483,0,ᛈᛖᚱᛁᛋᛈᛖᚱᛗ,397
binominal,48481,0,ᛒᛁᚾᚩᛗᛁᚾᚪᛚ,429
regranted,48467,0,ᚱᛖᚷᚱᚪᚾᛏᛖᛞ,447
throwbacks,48457,0,ᚦᚱᚩᚹᛒᚪᚳᚳᛋ,279
cockswain,48371,0,ᚳᚩᚳᚳᛋᚹᚪᛁᚾ,275
flashcard,48364,0,ᚠᛚᚪᛋᚻᚳᚪᚱᛞ,458
outpoured,48350,0,ᚩᚢᛏᛈᚩᚢᚱᛖᛞ,289
moralised,48350,0,ᛗᚩᚱᚪᛚᛁᛋᛖᛞ,499
unpierced,48348,0,ᚢᚾᛈᛁᛖᚱᚳᛖᛞ,353
hymnbooks,48261,0,ᚻᚣᛗᚾᛒᚩᚩᚳᛋ,367
autotelic,48244,0,ᚪᚢᛏᚩᛏᛖᛚᛁᚳ,409
enshrouds,48236,0,ᛖᚾᛋᚻᚱᚩᚢᛞᛋ,335
pronghorns,48234,0,ᛈᚱᚩᛝᚻᚩᚱᚾᛋ,263
columbaria,48188,0,ᚳᚩᛚᚢᛗᛒᚪᚱᛡ,443
nemerteans,48185,0,ᚾᛖᛗᛖᚱᛏᛠᚾᛋ,495
midnights,48177,0,ᛗᛁᛞᚾᛁᚷᚻᛏᛋ,403
miscarrying,48172,0,ᛗᛁᛋᚳᚪᚱᚱᚣᛝ,469
ascocarps,48149,0,ᚪᛋᚳᚩᚳᚪᚱᛈᛋ,387
stranglers,48144,0,ᛋᛏᚱᚪᛝᛚᛖᚱᛋ,503
squeegees,48141,0,ᛋᚳᚹᛖᛖᚷᛖᛖᛋ,423
bufflehead,48134,0,ᛒᚢᚠᚠᛚᛖᚻᛠᛞ,429
unsmoothed,48130,0,ᚢᚾᛋᛗᚩᚩᚦᛖᛞ,331
polemarch,48114,0,ᛈᚩᛚᛖᛗᚪᚱᚳᚻ,405
blackcock,48087,0,ᛒᛚᚪᚳᚳᚳᚩᚳᚳ,303
phantasma,48063,0,ᛈᚻᚪᚾᛏᚪᛋᛗᚪ,569
hamadryad,48053,0,ᚻᚪᛗᚪᛞᚱᚣᚪᛞ,677
aftermost,47982,0,ᚪᚠᛏᛖᚱᛗᚩᛋᛏ,426
nanometre,47953,0,ᚾᚪᚾᚩᛗᛖᛏᚱᛖ,437
expunction,47952,0,ᛖᛉᛈᚢᚾᚳᛏᛡᚾ,397
fruticose,47951,0,ᚠᚱᚢᛏᛁᚳᚩᛋᛖ,246
countship,47947,0,ᚳᚩᚢᚾᛏᛋᚻᛁᛈ,261
defeatists,47942,0,ᛞᛖᚠᛠᛏᛁᛋᛏᛋ,522
sestertii,47923,0,ᛋᛖᛋᛏᛖᚱᛏᛁᛁ,431
stanchest,47875,0,ᛋᛏᚪᚾᚳᚻᛖᛋᛏ,453
venireman,47855,0,ᚢᛖᚾᛁᚱᛖᛗᚪᚾ,405
labradors,47851,0,ᛚᚪᛒᚱᚪᛞᚩᚱᛋ,499
cloudlike,47836,0,ᚳᛚᚩᚢᛞᛚᛁᚳᛖ,369
berkelium,47806,0,ᛒᛖᚱᚳᛖᛚᛁᚢᛗ,397
coryphaeus,47799,0,ᚳᚩᚱᚣᛈᚻᚫᚢᛋ,357
khalifate,47779,0,ᚳᚻᚪᛚᛁᚠᚪᛏᛖ,462
benedicks,47779,0,ᛒᛖᚾᛖᛞᛁᚳᚳᛋ,423
splendent,47768,0,ᛋᛈᛚᛖᚾᛞᛖᚾᛏ,509
gunslingers,47761,0,ᚷᚢᚾᛋᛚᛝᛖᚱᛋ,385
coquilles,47743,0,ᚳᚩᚳᚹᛁᛚᛚᛖᛋ,349
quiverful,47688,0,ᚳᚹᛁᚢᛖᚱᚠᚢᛚ,222
apparence,47687,0,ᚪᛈᛈᚪᚱᛖᚾᚳᛖ,467
stickball,47683,0,ᛋᛏᛁᚳᚳᛒᚪᛚᛚ,473
zsigmondy,47645,0,ᛋᛋᛁᚷᛗᚩᚾᛞᚣ,453
papillons,47637,0,ᛈᚪᛈᛁᛚᛚᚩᚾᛋ,449
decemviri,47526,0,ᛞᛖᚳᛖᛗᚢᛁᚱᛁ,383
dragomans,47517,0,ᛞᚱᚪᚷᚩᛗᚪᚾᛋ,471
streeters,47476,0,ᛋᛏᚱᛖᛖᛏᛖᚱᛋ,447
fishwives,47446,0,ᚠᛁᛋᚻᚹᛁᚢᛖᛋ,282
elusively,47437,0,ᛖᛚᚢᛋᛁᚢᛖᛚᚣ,473
succussion,47429,0,ᛋᚢᚳᚳᚢᛋᛋᛡᚾ,327
propraetor,47423,0,ᛈᚱᚩᛈᚱᚫᛏᚩᚱ,293
affrights,47417,0,ᚪᚠᚠᚱᛁᚷᚻᛏᛋ,295
sleekness,47388,0,ᛋᛚᛖᛖᚳᚾᛖᛋᛋ,475
disquiets,47388,0,ᛞᛁᛋᚳᚹᛁᛖᛏᛋ,415
bilingually,47369,0,ᛒᛁᛚᛝᚢᚪᛚᛚᚣ,593
hydriodate,47349,0,ᚻᚣᛞᚱᛡᛞᚪᛏᛖ,645
rhizoidal,47347,0,ᚱᚻᛁᛋᚩᛁᛞᚪᛚ,415
surprisal,47305,0,ᛋᚢᚱᛈᚱᛁᛋᚪᛚ,375
southlands,47290,0,ᛋᚩᚢᚦᛚᚪᚾᛞᛋ,409
roughhewn,47266,0,ᚱᚩᚢᚷᚻᚻᛖᚹᚾ,199
barbettes,47263,0,ᛒᚪᚱᛒᛖᛏᛏᛖᛋ,535
unsounded,47235,0,ᚢᚾᛋᚩᚢᚾᛞᛖᛞ,369
civically,47230,0,ᚳᛁᚢᛁᚳᚪᛚᛚᚣ,437
vicariates,47175,0,ᚢᛁᚳᚪᚱᛡᛏᛖᛋ,441
pigeonholing,47136,0,ᛈᛁᚷᛇᚾᚻᚩᛚᛝ,343
camisoles,47131,0,ᚳᚪᛗᛁᛋᚩᛚᛖᛋ,465
pencillings,47107,0,ᛈᛖᚾᚳᛁᛚᛚᛝᛋ,461
fairylike,47082,0,ᚠᚪᛁᚱᚣᛚᛁᚳᛖ,428
cabochons,47047,0,ᚳᚪᛒᚩᚳᚻᚩᚾᛋ,303
gridirons,47041,0,ᚷᚱᛁᛞᛁᚱᚩᚾᛋ,279
einsteins,47036,0,ᛖᛁᚾᛋᛏᛖᛁᚾᛋ,419
crassness,47036,0,ᚳᚱᚪᛋᛋᚾᛖᛋᛋ,429
vitalists,47015,0,ᚢᛁᛏᚪᛚᛁᛋᛏᛋ,459
accompted,47000,0,ᚪᚳᚳᚩᛗᛈᛏᛖᛞ,459
piscatory,46997,0,ᛈᛁᛋᚳᚪᛏᚩᚱᚣ,417
justiciars,46958,0,ᛂᚢᛋᛏᛁᚳᛡᚱᛋ,367
potboiler,46957,0,ᛈᚩᛏᛒᚩᛁᛚᛖᚱ,359
smoulders,46937,0,ᛋᛗᚩᚢᛚᛞᛖᚱᛋ,427
gaucherie,46924,0,ᚷᚪᚢᚳᚻᛖᚱᛁᛖ,329
workwomen,46842,0,ᚹᚩᚱᚳᚹᚩᛗᛖᚾ,243
bucephala,46833,0,ᛒᚢᚳᛖᛈᚻᚪᛚᚪ,477
rainproof,46826,0,ᚱᚪᛁᚾᛈᚱᚩᚩᚠ,238
unarranged,46798,0,ᚢᚾᚪᚱᚱᚪᛝᛖᛞ,483
kidnapers,46765,0,ᚳᛁᛞᚾᚪᛈᛖᚱᛋ,433
placatory,46764,0,ᛈᛚᚪᚳᚪᛏᚩᚱᚣ,503
fulsomely,46711,0,ᚠᚢᛚᛋᚩᛗᛖᛚᚣ,452
disburden,46684,0,ᛞᛁᛋᛒᚢᚱᛞᛖᚾ,433
calcimine,46672,0,ᚳᚪᛚᚳᛁᛗᛁᚾᛖ,425
condemner,46669,0,ᚳᚩᚾᛞᛖᛗᚾᛖᚱ,383
forenamed,46660,0,ᚠᚩᚱᛖᚾᚪᛗᛖᛞ,440
birthstone,46642,0,ᛒᛁᚱᚦᛋᛏᚩᚾᛖ,323
seclusive,46618,0,ᛋᛖᚳᛚᚢᛋᛁᚢᛖ,363
stomached,46616,0,ᛋᛏᚩᛗᚪᚳᚻᛖᛞ,479
overcomer,46586,0,ᚩᚢᛖᚱᚳᚩᛗᛖᚱ,257
rockbound,46564,0,ᚱᚩᚳᚳᛒᚩᚢᚾᛞ,233
foresworn,46560,0,ᚠᚩᚱᛖᛋᚹᚩᚱᚾ,206
chinstrap,46536,0,ᚳᚻᛁᚾᛋᛏᚱᚪᛈ,359
rekindles,46523,0,ᚱᛖᚳᛁᚾᛞᛚᛖᛋ,433
isomerize,46516,0,ᛁᛋᚩᛗᛖᚱᛁᛋᛖ,391
centinels,46502,0,ᚳᛖᚾᛏᛁᚾᛖᛚᛋ,421
cytostome,46488,0,ᚳᚣᛏᚩᛋᛏᚩᛗᛖ,439
predations,46476,0,ᛈᚱᛖᛞᚪᛏᛡᚾᛋ,555
perjurious,46472,0,ᛈᛖᚱᛂᚢᚱᛡᚢᛋ,335
kittenish,46454,0,ᚳᛁᛏᛏᛖᚾᛁᛋᚻ,365
dowitcher,46407,0,ᛞᚩᚹᛁᛏᚳᚻᛖᚱ,319
phoniness,46358,0,ᛈᚻᚩᚾᛁᚾᛖᛋᛋ,335
evangelising,46339,0,ᛖᚢᚪᛝᛖᛚᛁᛋᛝ,549
vengefully,46323,0,ᚢᛖᛝᛖᚠᚢᛚᛚᚣ,470
unplumbed,46270,0,ᚢᚾᛈᛚᚢᛗᛒᛖᛞ,439
casemated,46258,0,ᚳᚪᛋᛖᛗᚪᛏᛖᛞ,613
argenteum,46256,0,ᚪᚱᚷᛖᚾᛏᛖᚢᛗ,421
nightspot,46240,0,ᚾᛁᚷᚻᛏᛋᛈᚩᛏ,321
sikkimese,46221,0,ᛋᛁᚳᚳᛁᛗᛖᛋᛖ,399
ruddiness,46207,0,ᚱᚢᛞᛞᛁᚾᛖᛋᛋ,425
cashmeres,46185,0,ᚳᚪᛋᚻᛗᛖᚱᛖᛋ,455
unmuzzled,46172,0,ᚢᚾᛗᚢᛋᛋᛚᛖᛞ,441
inharmony,46150,0,ᛁᚾᚻᚪᚱᛗᚩᚾᚣ,401
paperhanging,46121,0,ᛈᚪᛈᛖᚱᚻᚪᛝᛝ,539
penalises,46113,0,ᛈᛖᚾᚪᛚᛁᛋᛖᛋ,513
kinesthesia,46084,0,ᚳᛁᚾᛖᛋᚦᛖᛋᛡ,425
neuropile,46057,0,ᚾᛖᚢᚱᚩᛈᛁᛚᛖ,331
metallism,46033,0,ᛗᛖᛏᚪᛚᛚᛁᛋᛗ,595
basilisks,46021,0,ᛒᚪᛋᛁᛚᛁᛋᚳᛋ,465
organzine,46008,0,ᚩᚱᚷᚪᚾᛋᛁᚾᛖ,341
gunfights,46003,0,ᚷᚢᚾᚠᛁᚷᚻᛏᛋ,234
masseuses,45981,0,ᛗᚪᛋᛋᛖᚢᛋᛖᛋ,517
fruitlets,45959,0,ᚠᚱᚢᛁᛏᛚᛖᛏᛋ,358
polyhymnia,45958,0,ᛈᚩᛚᚣᚻᚣᛗᚾᛡ,559
viburnums,45926,0,ᚢᛁᛒᚢᚱᚾᚢᛗᛋ,265
crosslets,45898,0,ᚳᚱᚩᛋᛋᛚᛖᛏᛋ,389
calliandra,45891,0,ᚳᚪᛚᛚᛡᚾᛞᚱᚪ,589
replanned,45815,0,ᚱᛖᛈᛚᚪᚾᚾᛖᛞ,505
disarranging,45806,0,ᛞᛁᛋᚪᚱᚱᚪᛝᛝ,547
antiphony,45799,0,ᚪᚾᛏᛁᛈᚻᚩᚾᚣ,421
girlishly,45742,0,ᚷᛁᚱᛚᛁᛋᚻᛚᚣ,415
fecundating,45710,0,ᚠᛖᚳᚢᚾᛞᚪᛏᛝ,438
tailoress,45705,0,ᛏᚪᛁᛚᚩᚱᛖᛋᛋ,451
burlesquing,45633,0,ᛒᚢᚱᛚᛖᛋᚳᚹᛝ,379
patrology,45629,0,ᛈᚪᛏᚱᚩᛚᚩᚷᚣ,417
paintable,45612,0,ᛈᚪᛁᚾᛏᚪᛒᛚᛖ,557
arthritics,45592,0,ᚪᚱᚦᚱᛁᛏᛁᚳᛋ,311
magdalens,45571,0,ᛗᚪᚷᛞᚪᛚᛖᚾᛋ,593
spinozist,45568,0,ᛋᛈᛁᚾᚩᛋᛁᛋᛏ,359
lodgments,45554,0,ᛚᚩᛞᚷᛗᛖᚾᛏᛋ,465
frontlets,45544,0,ᚠᚱᚩᚾᛏᛚᛖᛏᛋ,360
anapestic,45539,0,ᚪᚾᚪᛈᛖᛋᛏᛁᚳ,489
aciculate,45522,0,ᚪᚳᛁᚳᚢᛚᚪᛏᛖ,453
backstops,45521,0,ᛒᚪᚳᚳᛋᛏᚩᛈᛋ,399
rehandled,45508,0,ᚱᛖᚻᚪᚾᛞᛚᛖᛞ,545
foreshock,45460,0,ᚠᚩᚱᛖᛋᚻᚩᚳᚳ,196
schoolbag,45450,0,ᛋᚳᚻᚩᚩᛚᛒᚪᚷ,351
suggester,45447,0,ᛋᚢᚷᚷᛖᛋᛏᛖᚱ,347
fastballs,45447,0,ᚠᚪᛋᛏᛒᚪᛚᛚᛋ,568
peneplane,45426,0,ᛈᛖᚾᛖᛈᛚᚪᚾᛖ,515
crowberry,45416,0,ᚳᚱᚩᚹᛒᛖᚱᚱᚣ,303
dripstone,45409,0,ᛞᚱᛁᛈᛋᛏᚩᚾᛖ,389
contingence,45396,0,ᚳᚩᚾᛏᛝᛖᚾᚳᛖ,363
scorbutus,45395,0,ᛋᚳᚩᚱᛒᚢᛏᚢᛋ,263
greasiness,45393,0,ᚷᚱᛠᛋᛁᚾᛖᛋᛋ,423
provisory,45389,0,ᛈᚱᚩᚢᛁᛋᚩᚱᚣ,269
coronilla,45379,0,ᚳᚩᚱᚩᚾᛁᛚᛚᚪ,341
highchair,45314,0,ᚻᛁᚷᚻᚳᚻᚪᛁᚱ,269
manganites,45310,0,ᛗᚪᛝᚪᚾᛁᛏᛖᛋ,583
initialise,45291,0,ᛁᚾᛁᛏᛡᛚᛁᛋᛖ,481
seleucidae,45250,0,ᛋᛖᛚᛖᚢᚳᛁᛞᚫ,497
palefaces,45249,0,ᛈᚪᛚᛖᚠᚪᚳᛖᛋ,512
unreserve,45242,0,ᚢᚾᚱᛖᛋᛖᚱᚢᛖ,311
throwaways,45239,0,ᚦᚱᚩᚹᚪᚹᚪᚣᛋ,411
augmenter,45231,0,ᚪᚢᚷᛗᛖᚾᛏᛖᚱ,421
goldcrest,45197,0,ᚷᚩᛚᛞᚳᚱᛖᛋᛏ,389
downscale,45196,0,ᛞᚩᚹᚾᛋᚳᚪᛚᛖ,447
vulnerary,45188,0,ᚢᚢᛚᚾᛖᚱᚪᚱᚣ,397
laudations,45171,0,ᛚᚪᚢᛞᚪᛏᛡᚾᛋ,607
anatomize,45169,0,ᚪᚾᚪᛏᚩᛗᛁᛋᛖ,511
overleaped,45164,0,ᚩᚢᛖᚱᛚᛠᛈᛖᛞ,469
ovotestis,45161,0,ᚩᚢᚩᛏᛖᛋᛏᛁᛋ,339
cellarage,45144,0,ᚳᛖᛚᛚᚪᚱᚪᚷᛖ,515
resubmits,45106,0,ᚱᛖᛋᚢᛒᛗᛁᛏᛋ,409
scombroid,45104,0,ᛋᚳᚩᛗᛒᚱᚩᛁᛞ,343
beechnuts,45097,0,ᛒᛖᛖᚳᚻᚾᚢᛏᛋ,375
cavillers,45068,0,ᚳᚪᚢᛁᛚᛚᛖᚱᛋ,421
cheapskate,45039,0,ᚳᚻᛠᛈᛋᚳᚪᛏᛖ,477
convulses,45037,0,ᚳᚩᚾᚢᚢᛚᛋᛖᛋ,301
coruscant,45018,0,ᚳᚩᚱᚢᛋᚳᚪᚾᛏ,285
pulmonaria,44991,0,ᛈᚢᛚᛗᚩᚾᚪᚱᛡ,441
pollucite,44977,0,ᛈᚩᛚᛚᚢᚳᛁᛏᛖ,369
ulyanovsk,44972,0,ᚢᛚᚣᚪᚾᚩᚢᛋᚳ,381
canzonets,44950,0,ᚳᚪᚾᛋᚩᚾᛖᛏᛋ,407
collators,44928,0,ᚳᚩᛚᛚᚪᛏᚩᚱᛋ,393
irredenta,44915,0,ᛁᚱᚱᛖᛞᛖᚾᛏᚪ,461
outsmarting,44895,0,ᚩᚢᛏᛋᛗᚪᚱᛏᛝ,439
blighters,44876,0,ᛒᛚᛁᚷᚻᛏᛖᚱᛋ,395
coquetted,44866,0,ᚳᚩᚳᚹᛖᛏᛏᛖᛞ,393
myelocyte,44861,0,ᛗᚣᛖᛚᚩᚳᚣᛏᛖ,563
subshrubs,44858,0,ᛋᚢᛒᛋᚻᚱᚢᛒᛋ,321
capstones,44821,0,ᚳᚪᛈᛋᛏᚩᚾᛖᛋ,421
ecclesiast,44798,0,ᛖᚳᚳᛚᛖᛋᛡᛋᛏ,505
nonplused,44786,0,ᚾᚩᚾᛈᛚᚢᛋᛖᛞ,393
prosodies,44768,0,ᛈᚱᚩᛋᚩᛞᛁᛖᛋ,361
heraclidae,44724,0,ᚻᛖᚱᚪᚳᛚᛁᛞᚫ,505
mustelids,44709,0,ᛗᚢᛋᛏᛖᛚᛁᛞᛋ,499
cloistral,44692,0,ᚳᛚᚩᛁᛋᛏᚱᚪᛚ,417
absinthium,44688,0,ᚪᛒᛋᛁᚾᚦᛁᚢᛗ,381
sandboxes,44686,0,ᛋᚪᚾᛞᛒᚩᛉᛖᛋ,503
vacuolate,44677,0,ᚢᚪᚳᚢᚩᛚᚪᛏᛖ,419
subeditor,44605,0,ᛋᚢᛒᛖᛞᛁᛏᚩᚱ,381
excoriates,44566,0,ᛖᛉᚳᚩᚱᛡᛏᛖᛋ,431
knifelike,44538,0,ᚳᚾᛁᚠᛖᛚᛁᚳᛖ,326
oversleep,44519,0,ᚩᚢᛖᚱᛋᛚᛖᛖᛈ,391
factorize,44518,1,ᚠᚪᚳᛏᚩᚱᛁᛋᛖ,340
frangipane,44510,0,ᚠᚱᚪᛝᛁᛈᚪᚾᛖ,456
woodbines,44506,0,ᚹᚩᚩᛞᛒᛁᚾᛖᛋ,363
surfperch,44485,0,ᛋᚢᚱᚠᛈᛖᚱᚳᚻ,226
ensamples,44460,0,ᛖᚾᛋᚪᛗᛈᛚᛖᛋ,553
virucidal,44385,0,ᚢᛁᚱᚢᚳᛁᛞᚪᛚ,351
nutshells,44378,0,ᚾᚢᛏᛋᚻᛖᛚᛚᛋ,433
sponginess,44325,0,ᛋᛈᚩᛝᛁᚾᛖᛋᛋ,415
belabouring,44215,0,ᛒᛖᛚᚪᛒᚩᚢᚱᛝ,459
clumsiest,44211,0,ᚳᛚᚢᛗᛋᛁᛖᛋᛏ,423
munchkins,44180,0,ᛗᚢᚾᚳᚻᚳᛁᚾᛋ,265
appareled,44173,0,ᚪᛈᛈᚪᚱᛖᛚᛖᛞ,587
balladeer,44157,0,ᛒᚪᛚᛚᚪᛞᛖᛖᚱ,635
quietists,44146,0,ᚳᚹᛁᛖᛏᛁᛋᛏᛋ,385
framboise,44143,0,ᚠᚱᚪᛗᛒᚩᛁᛋᛖ,400
tomatillo,44129,0,ᛏᚩᛗᚪᛏᛁᛚᛚᚩ,477
ziggurats,44126,0,ᛋᛁᚷᚷᚢᚱᚪᛏᛋ,341
ctenidium,44082,0,ᚳᛏᛖᚾᛁᛞᛁᚢᛗ,393
tollhouse,44059,0,ᛏᚩᛚᛚᚻᚩᚢᛋᛖ,365
astraddle,44052,0,ᚪᛋᛏᚱᚪᛞᛞᛚᛖ,635
scuppered,44037,0,ᛋᚳᚢᛈᛈᛖᚱᛖᛞ,389
milkweeds,44029,0,ᛗᛁᛚᚳᚹᛖᛖᛞᛋ,483
unblinded,44015,0,ᚢᚾᛒᛚᛁᚾᛞᛖᛞ,471
ethologist,44005,0,ᛖᚦᚩᛚᚩᚷᛁᛋᛏ,319
rebaptism,44004,0,ᚱᛖᛒᚪᛈᛏᛁᛋᛗ,493
threesomes,44002,0,ᚦᚱᛖᛖᛋᚩᛗᛖᛋ,401
probations,43978,0,ᛈᚱᚩᛒᚪᛏᛡᚾᛋ,467
absconder,43970,0,ᚪᛒᛋᚳᚩᚾᛞᛖᚱ,427
trilogies,43956,0,ᛏᚱᛁᛚᚩᚷᛁᛖᛋ,349
vesicants,43920,0,ᚢᛖᛋᛁᚳᚪᚾᛏᛋ,405
misbelief,43917,0,ᛗᛁᛋᛒᛖᛚᛁᛖᚠ,456
variolation,43907,0,ᚢᚪᚱᛡᛚᚪᛏᛡᚾ,583
scatheless,43903,0,ᛋᚳᚪᚦᛖᛚᛖᛋᛋ,481
underbred,43900,0,ᚢᚾᛞᛖᚱᛒᚱᛖᛞ,427
dulcimers,43867,0,ᛞᚢᛚᚳᛁᛗᛖᚱᛋ,411
taprobane,43863,0,ᛏᚪᛈᚱᚩᛒᚪᚾᛖ,471
micturate,43822,0,ᛗᛁᚳᛏᚢᚱᚪᛏᛖ,411
actualise,43818,0,ᚪᚳᛏᚢᚪᛚᛁᛋᛖ,493
renovates,43788,0,ᚱᛖᚾᚩᚢᚪᛏᛖᛋ,393
poltroons,43763,0,ᛈᚩᛚᛏᚱᚩᚩᚾᛋ,289
estivation,43759,0,ᛖᛋᛏᛁᚢᚪᛏᛡᚾ,505
caruncles,43753,0,ᚳᚪᚱᚢᚾᚳᛚᛖᛋ,359
tiebreaker,43726,0,ᛏᛁᛖᛒᚱᛠᚳᛖᚱ,429
duskiness,43623,0,ᛞᚢᛋᚳᛁᚾᛖᛋᛋ,391
punctilios,43614,0,ᛈᚢᚾᚳᛏᛁᛚᛡᛋ,411
laughters,43595,0,ᛚᚪᚢᚷᚻᛏᛖᚱᛋ,403
applecart,43562,0,ᚪᛈᛈᛚᛖᚳᚪᚱᛏ,503
mechanise,43524,0,ᛗᛖᚳᚻᚪᚾᛁᛋᛖ,451
cubiculum,43506,0,ᚳᚢᛒᛁᚳᚢᛚᚢᛗ,271
sporocarp,43445,0,ᛋᛈᚩᚱᚩᚳᚪᚱᛈ,285
vehemency,43444,0,ᚢᛖᚻᛖᛗᛖᚾᚳᚣ,443
admeasured,43439,0,ᚪᛞᛗᛠᛋᚢᚱᛖᛞ,589
sailorman,43385,0,ᛋᚪᛁᛚᚩᚱᛗᚪᚾ,469
septations,43365,0,ᛋᛖᛈᛏᚪᛏᛡᚾᛋ,567
apparitor,43352,0,ᚪᛈᛈᚪᚱᛁᛏᚩᚱ,399
barmecide,43314,0,ᛒᚪᚱᛗᛖᚳᛁᛞᛖ,507
tallchief,43309,0,ᛏᚪᛚᛚᚳᚻᛁᛖᚠ,438
womanlike,43297,0,ᚹᚩᛗᚪᚾᛚᛁᚳᛖ,407
disseized,43284,0,ᛞᛁᛋᛋᛖᛁᛋᛖᛞ,533
hobnobbed,43272,0,ᚻᚩᛒᚾᚩᛒᛒᛖᛞ,405
panoplied,43267,0,ᛈᚪᚾᚩᛈᛚᛁᛖᛞ,479
calendric,43261,0,ᚳᚪᛚᛖᚾᛞᚱᛁᚳ,423
abnormals,43205,0,ᚪᛒᚾᚩᚱᛗᚪᛚᛋ,499
overdress,43191,0,ᚩᚢᛖᚱᛞᚱᛖᛋᛋ,361
viewgraph,43176,0,ᚢᛁᛖᚹᚷᚱᚪᛈᚻ,311
officiants,43160,0,ᚩᚠᚠᛁᚳᛡᚾᛏᛋ,303
somersets,43137,0,ᛋᚩᛗᛖᚱᛋᛖᛏᛋ,441
lungfishes,43135,0,ᛚᚢᛝᚠᛁᛋᚻᛖᛋ,384
advocator,43118,0,ᚪᛞᚢᚩᚳᚪᛏᚩᚱ,383
roughcast,43103,0,ᚱᚩᚢᚷᚻᚳᚪᛋᛏ,283
hornpipes,43082,0,ᚻᚩᚱᚾᛈᛁᛈᛖᛋ,307
sorcerous,43065,0,ᛋᚩᚱᚳᛖᚱᚩᚢᛋ,225
ambrotype,43045,0,ᚪᛗᛒᚱᚩᛏᚣᛈᛖ,519
substract,43031,0,ᛋᚢᛒᛋᛏᚱᚪᚳᛏ,409
dobermans,43031,0,ᛞᚩᛒᛖᚱᛗᚪᚾᛋ,485
resinoids,43030,0,ᚱᛖᛋᛁᚾᚩᛁᛞᛋ,371
underplot,42998,0,ᚢᚾᛞᛖᚱᛈᛚᚩᛏ,381
catoptric,42947,0,ᚳᚪᛏᚩᛈᛏᚱᛁᚳ,333
cassimere,42933,0,ᚳᚪᛋᛋᛁᛗᛖᚱᛖ,463
angulations,42932,0,ᚪᛝᚢᛚᚪᛏᛡᚾᛋ,597
reassesses,42930,0,ᚱᛠᛋᛋᛖᛋᛋᛖᛋ,519
paragliding,42924,0,ᛈᚪᚱᚪᚷᛚᛁᛞᛝ,537
azedarach,42916,0,ᚪᛋᛖᛞᚪᚱᚪᚳᚻ,547
seraskier,42909,0,ᛋᛖᚱᚪᛋᚳᛁᛖᚱ,403
sceneries,42906,0,ᛋᚳᛖᚾᛖᚱᛁᛖᛋ,391
windchill,42895,0,ᚹᛁᚾᛞᚳᚻᛁᛚᛚ,381
gratulate,42892,0,ᚷᚱᚪᛏᚢᛚᚪᛏᛖ,483
basophile,42867,0,ᛒᚪᛋᚩᛈᚻᛁᛚᛖ,455
cicatrice,42857,0,ᚳᛁᚳᚪᛏᚱᛁᚳᛖ,335
teeswater,42852,0,ᛏᛖᛖᛋᚹᚪᛏᛖᚱ,499
lehrjahre,42836,0,ᛚᛖᚻᚱᛂᚪᚻᚱᛖ,409
mainlines,42811,0,ᛗᚪᛁᚾᛚᛁᚾᛖᛋ,481
disinvest,42789,0,ᛞᛁᛋᛁᚾᚢᛖᛋᛏ,415
leptotene,42764,0,ᛚᛖᛈᛏᚩᛏᛖᚾᛖ,471
mineshaft,42758,0,ᛗᛁᚾᛖᛋᚻᚪᚠᛏ,432
classiest,42732,0,ᚳᛚᚪᛋᛋᛁᛖᛋᛏ,499
synagogal,42716,0,ᛋᚣᚾᚪᚷᚩᚷᚪᛚ,493
whitefoot,42711,0,ᚹᚻᛁᛏᛖᚠᚩᚩᛏ,274
forestage,42692,0,ᚠᚩᚱᛖᛋᛏᚪᚷᛖ,380
brakesman,42690,0,ᛒᚱᚪᚳᛖᛋᛗᚪᚾ,499
manically,42671,0,ᛗᚪᚾᛁᚳᚪᛚᛚᚣ,587
gossipers,42671,0,ᚷᚩᛋᛋᛁᛈᛖᚱᛋ,335
aforehand,42666,0,ᚪᚠᚩᚱᛖᚻᚪᚾᛞ,422
shootouts,42663,0,ᛋᚻᚩᚩᛏᚩᚢᛏᛋ,271
vegetates,42642,0,ᚢᛖᚷᛖᛏᚪᛏᛖᛋ,489
pikestaff,42622,0,ᛈᛁᚳᛖᛋᛏᚪᚠᚠ,367
majuscule,42619,0,ᛗᚪᛂᚢᛋᚳᚢᛚᛖ,417
nonstaining,42609,0,ᚾᚩᚾᛋᛏᚪᛁᚾᛝ,413
gimcracks,42599,0,ᚷᛁᛗᚳᚱᚪᚳᚳᛋ,319
signalise,42588,0,ᛋᛁᚷᚾᚪᛚᛁᛋᛖ,451
motorless,42584,0,ᛗᚩᛏᚩᚱᛚᛖᛋᛋ,401
spareness,42576,0,ᛋᛈᚪᚱᛖᚾᛖᛋᛋ,473
illegibly,42575,0,ᛁᛚᛚᛖᚷᛁᛒᛚᚣ,529
enciphering,42552,0,ᛖᚾᚳᛁᛈᚻᛖᚱᛝ,363
throwsters,42547,0,ᚦᚱᚩᚹᛋᛏᛖᚱᛋ,285
weatherworn,42546,0,ᚹᛠᚦᛖᚱᚹᚩᚱᚾ,277
dooryards,42541,0,ᛞᚩᚩᚱᚣᚪᚱᛞᛋ,467
landamman,42508,0,ᛚᚪᚾᛞᚪᛗᛗᚪᚾ,653
bacteroid,42500,0,ᛒᚪᚳᛏᛖᚱᚩᛁᛞ,435
submediant,42495,0,ᛋᚢᛒᛗᛖᛞᛡᚾᛏ,539
laminator,42490,0,ᛚᚪᛗᛁᚾᚪᛏᚩᚱ,475
pussyfoot,42487,0,ᛈᚢᛋᛋᚣᚠᚩᚩᛏ,330
struggler,42478,0,ᛋᛏᚱᚢᚷᚷᛚᛖᚱ,311
theocracies,42467,0,ᚦᛇᚳᚱᚪᚳᛁᛖᛋ,331
rigidness,42453,0,ᚱᛁᚷᛁᛞᚾᛖᛋᛋ,381
sweltered,42451,0,ᛋᚹᛖᛚᛏᛖᚱᛖᛞ,505
halophyte,42449,0,ᚻᚪᛚᚩᛈᚻᚣᛏᛖ,495
womenkind,42438,0,ᚹᚩᛗᛖᚾᚳᛁᚾᛞ,355
practiser,42437,0,ᛈᚱᚪᚳᛏᛁᛋᛖᚱ,385
tentacled,42433,0,ᛏᛖᚾᛏᚪᚳᛚᛖᛞ,553
enshrouding,42421,0,ᛖᚾᛋᚻᚱᚩᚢᛞᛝ,361
hardliner,42403,0,ᚻᚪᚱᛞᛚᛁᚾᛖᚱ,431
oubliette,42395,0,ᚩᚢᛒᛚᛁᛖᛏᛏᛖ,427
odiousness,42386,0,ᚩᛞᛡᚢᛋᚾᛖᛋᛋ,461
benthamism,42356,0,ᛒᛖᚾᚦᚪᛗᛁᛋᛗ,485
mobocracy,42355,0,ᛗᚩᛒᚩᚳᚱᚪᚳᚣ,383
jerkiness,42340,0,ᛂᛖᚱᚳᛁᚾᛖᛋᛋ,361
cyclothymia,42329,0,ᚳᚣᚳᛚᚩᚦᚣᛗᛡ,495
hematinic,42281,0,ᚻᛖᛗᚪᛏᛁᚾᛁᚳ,421
opulently,42179,0,ᚩᛈᚢᛚᛖᚾᛏᛚᚣ,457
epidurals,42173,0,ᛖᛈᛁᛞᚢᚱᚪᛚᛋ,467
serpentis,42132,0,ᛋᛖᚱᛈᛖᚾᛏᛁᛋ,413
arblaster,42111,0,ᚪᚱᛒᛚᚪᛋᛏᛖᚱ,529
contadina,42108,0,ᚳᚩᚾᛏᚪᛞᛁᚾᚪ,451
pyramides,42101,0,ᛈᚣᚱᚪᛗᛁᛞᛖᛋ,565
almohades,42083,0,ᚪᛚᛗᚩᚻᚪᛞᛖᛋ,577
majorette,42032,0,ᛗᚪᛂᚩᚱᛖᛏᛏᛖ,475
plantsman,42011,0,ᛈᛚᚪᚾᛏᛋᛗᚪᚾ,551
coccidium,41996,0,ᚳᚩᚳᚳᛁᛞᛁᚢᛗ,271
greybeards,41995,0,ᚷᚱᛖᚣᛒᛠᚱᛞᛋ,521
hebraisms,41969,0,ᚻᛖᛒᚱᚪᛁᛋᛗᛋ,467
drawstrings,41960,0,ᛞᚱᚪᚹᛋᛏᚱᛝᛋ,471
christens,41958,0,ᚳᚻᚱᛁᛋᛏᛖᚾᛋ,339
denatures,41949,0,ᛞᛖᚾᚪᛏᚢᚱᛖᛋ,475
butylenes,41927,0,ᛒᚢᛏᚣᛚᛖᚾᛖᛋ,515
breadlines,41861,0,ᛒᚱᛠᛞᛚᛁᚾᛖᛋ,523
biodegrade,41856,0,ᛒᛡᛞᛖᚷᚱᚪᛞᛖ,605
splendide,41845,0,ᛋᛈᛚᛖᚾᛞᛁᛞᛖ,541
playbooks,41825,0,ᛈᛚᚪᚣᛒᚩᚩᚳᛋ,457
unclimbed,41811,0,ᚢᚾᚳᛚᛁᛗᛒᛖᛞ,437
pulverise,41809,0,ᛈᚢᛚᚢᛖᚱᛁᛋᛖ,351
tendresse,41802,0,ᛏᛖᚾᛞᚱᛖᛋᛋᛖ,495
humectant,41794,0,ᚻᚢᛗᛖᚳᛏᚪᚾᛏ,421
pittances,41765,0,ᛈᛁᛏᛏᚪᚾᚳᛖᛋ,451
coxswains,41753,0,ᚳᚩᛉᛋᚹᚪᛁᚾᛋ,349
shipworms,41737,0,ᛋᚻᛁᛈᚹᚩᚱᛗᛋ,311
unmourned,41732,0,ᚢᚾᛗᚩᚢᚱᚾᛖᛞ,309
achimenes,41719,0,ᚪᚳᚻᛁᛗᛖᚾᛖᛋ,451
hatchment,41713,0,ᚻᚪᛏᚳᚻᛗᛖᚾᛏ,441
evangelise,41638,0,ᛖᚢᚪᛝᛖᛚᛁᛋᛖ,537
cracksman,41633,0,ᚳᚱᚪᚳᚳᛋᛗᚪᚾ,397
serigraph,41619,0,ᛋᛖᚱᛁᚷᚱᚪᛈᚻ,353
stachyose,41591,0,ᛋᛏᚪᚳᚻᚣᚩᛋᛖ,475
restfully,41581,0,ᚱᛖᛋᛏᚠᚢᛚᛚᚣ,444
homunculi,41521,0,ᚻᚩᛗᚢᚾᚳᚢᛚᛁ,253
vicecomes,41518,0,ᚢᛁᚳᛖᚳᚩᛗᛖᛋ,325
inexactly,41509,0,ᛁᚾᛖᛉᚪᚳᛏᛚᚣ,519
catalases,41509,0,ᚳᚪᛏᚪᛚᚪᛋᛖᛋ,609
lazybones,41477,0,ᛚᚪᛋᚣᛒᚩᚾᛖᛋ,543
overplaying,41475,0,ᚩᚢᛖᚱᛈᛚᚪᚣᛝ,483
lancewood,41469,0,ᛚᚪᚾᚳᛖᚹᚩᚩᛞ,401
altissimo,41421,0,ᚪᛚᛏᛁᛋᛋᛁᛗᚩ,475
laburnums,41418,0,ᛚᚪᛒᚢᚱᚾᚢᛗᛋ,401
grounders,41412,0,ᚷᚱᚩᚢᚾᛞᛖᚱᛋ,287
touchline,41388,0,ᛏᚩᚢᚳᚻᛚᛁᚾᛖ,305
afterdeck,41325,0,ᚪᚠᛏᛖᚱᛞᛖᚳᚳ,418
whaleship,41277,0,ᚹᚻᚪᛚᛖᛋᚻᛁᛈ,429
epipactis,41236,0,ᛖᛈᛁᛈᚪᚳᛏᛁᛋ,437
marathoner,41230,0,ᛗᚪᚱᚪᚦᚩᚾᛖᚱ,395
corselets,41226,0,ᚳᚩᚱᛋᛖᛚᛖᛏᛋ,403
sonatinas,41180,0,ᛋᚩᚾᚪᛏᛁᚾᚪᛋ,455
embolisms,41180,0,ᛖᛗᛒᚩᛚᛁᛋᛗᛋ,487
overhasty,41173,0,ᚩᚢᛖᚱᚻᚪᛋᛏᚣ,423
pondweeds,41167,0,ᛈᚩᚾᛞᚹᛖᛖᛞᛋ,463
showiness,41144,0,ᛋᚻᚩᚹᛁᚾᛖᛋᛋ,335
verdurous,41140,0,ᚢᛖᚱᛞᚢᚱᚩᚢᛋ,247
straitest,41136,0,ᛋᛏᚱᚪᛁᛏᛖᛋᛏ,489
equivoque,41136,0,ᛖᚳᚹᛁᚢᚩᚳᚹᛖ,239
legalisms,41134,0,ᛚᛖᚷᚪᛚᛁᛋᛗᛋ,535
currycomb,41101,0,ᚳᚢᚱᚱᚣᚳᚩᛗᛒ,293
cullender,41098,0,ᚳᚢᛚᛚᛖᚾᛞᛖᚱ,425
antennary,41054,0,ᚪᚾᛏᛖᚾᚾᚪᚱᚣ,521
sonneteer,41026,0,ᛋᚩᚾᚾᛖᛏᛖᛖᚱ,389
epicanthus,41001,0,ᛖᛈᛁᚳᚪᚾᚦᚢᛋ,341
idealities,40938,0,ᛁᛞᛠᛚᛁᛏᛁᛖᛋ,543
poolrooms,40933,0,ᛈᚩᚩᛚᚱᚩᚩᛗᛋ,279
paperbark,40933,0,ᛈᚪᛈᛖᚱᛒᚪᚱᚳ,443
pauperize,40923,0,ᛈᚪᚢᛈᛖᚱᛁᛋᛖ,415
unfeathered,40906,0,ᚢᚾᚠᛠᚦᛖᚱᛖᛞ,382
arctangent,40903,0,ᚪᚱᚳᛏᚪᛝᛖᚾᛏ,511
unlikable,40901,0,ᚢᚾᛚᛁᚳᚪᛒᛚᛖ,447
rogueries,40899,0,ᚱᚩᚷᚢᛖᚱᛁᛖᛋ,267
monodrama,40872,0,ᛗᚩᚾᚩᛞᚱᚪᛗᚪ,479
availment,40868,0,ᚪᚢᚪᛁᛚᛗᛖᚾᛏ,527
sparkless,40850,0,ᛋᛈᚪᚱᚳᛚᛖᛋᛋ,463
rampantly,40832,0,ᚱᚪᛗᛈᚪᚾᛏᛚᚣ,583
unviolated,40810,0,ᚢᚾᚢᛡᛚᚪᛏᛖᛞ,527
tenderize,40761,0,ᛏᛖᚾᛞᛖᚱᛁᛋᛖ,473
grandness,40761,0,ᚷᚱᚪᚾᛞᚾᛖᛋᛋ,445
broadbill,40754,0,ᛒᚱᚩᚪᛞᛒᛁᛚᛚ,503
brattices,40724,0,ᛒᚱᚪᛏᛏᛁᚳᛖᛋ,451
surpliced,40677,0,ᛋᚢᚱᛈᛚᛁᚳᛖᛞ,383
crookneck,40661,0,ᚳᚱᚩᚩᚳᚾᛖᚳᚳ,173
rhymester,40660,0,ᚱᚻᚣᛗᛖᛋᛏᛖᚱ,465
unmoveable,40658,0,ᚢᚾᛗᚩᚢᛠᛒᛚᛖ,423
congregant,40654,0,ᚳᚩᛝᚱᛖᚷᚪᚾᛏ,379
phocomelia,40652,0,ᛈᚻᚩᚳᚩᛗᛖᛚᛡ,411
sibilance,40623,0,ᛋᛁᛒᛁᛚᚪᚾᚳᛖ,455
scolloped,40576,0,ᛋᚳᚩᛚᛚᚩᛈᛖᛞ,425
lawlessly,40535,0,ᛚᚪᚹᛚᛖᛋᛋᛚᚣ,611
playmaker,40523,0,ᛈᛚᚪᚣᛗᚪᚳᛖᚱ,575
centigram,40506,0,ᚳᛖᚾᛏᛁᚷᚱᚪᛗ,395
gyroplane,40501,0,ᚷᚣᚱᚩᛈᛚᚪᚾᛖ,447
portrayer,40490,0,ᛈᚩᚱᛏᚱᚪᚣᛖᚱ,409
townsends,40471,0,ᛏᚩᚹᚾᛋᛖᚾᛞᛋ,405
clearstory,40467,0,ᚳᛚᛠᚱᛋᛏᚩᚱᚣ,439
airedales,40465,0,ᚪᛁᚱᛖᛞᚪᛚᛖᛋ,585
neckcloths,40464,0,ᚾᛖᚳᚳᚳᛚᚩᚦᛋ,273
solidness,40455,0,ᛋᚩᛚᛁᛞᚾᛖᛋᛋ,455
incertain,40451,0,ᛁᚾᚳᛖᚱᛏᚪᛁᚾ,367
pontederia,40439,0,ᛈᚩᚾᛏᛖᛞᛖᚱᛡ,479
probables,40415,0,ᛈᚱᚩᛒᚪᛒᛚᛖᛋ,473
whipstock,40387,0,ᚹᚻᛁᛈᛋᛏᚩᚳᚳ,261
osculation,40381,0,ᚩᛋᚳᚢᛚᚪᛏᛡᚾ,441
experient,40377,0,ᛖᛉᛈᛖᚱᛁᛖᚾᛏ,421
roadworthy,40355,0,ᚱᚩᚪᛞᚹᚩᚱᚦᚣ,349
liturgist,40355,0,ᛚᛁᛏᚢᚱᚷᛁᛋᛏ,337
smokiness,40346,0,ᛋᛗᚩᚳᛁᚾᛖᛋᛋ,377
poudrette,40341,0,ᛈᚩᚢᛞᚱᛖᛏᛏᛖ,405
scutcheons,40310,0,ᛋᚳᚢᛏᚳᚻᛇᚾᛋ,287
thermionics,40265,0,ᚦᛖᚱᛗᛡᚾᛁᚳᛋ,387
bandboxes,40218,0,ᛒᚪᚾᛞᛒᚩᛉᛖᛋ,511
lambskins,40208,0,ᛚᚪᛗᛒᛋᚳᛁᚾᛋ,481
uninvaded,40206,0,ᚢᚾᛁᚾᚢᚪᛞᛖᛞ,437
roundsmen,40193,0,ᚱᚩᚢᚾᛞᛋᛗᛖᚾ,359
unpointed,40141,0,ᚢᚾᛈᚩᛁᚾᛏᛖᛞ,357
corrugate,40138,0,ᚳᚩᚱᚱᚢᚷᚪᛏᛖ,285
vulcanize,40076,0,ᚢᚢᛚᚳᚪᚾᛁᛋᛖ,369
daydreamer,40066,0,ᛞᚪᚣᛞᚱᛠᛗᛖᚱ,647
glissandi,40063,0,ᚷᛚᛁᛋᛋᚪᚾᛞᛁ,473
preselect,40028,0,ᛈᚱᛖᛋᛖᛚᛖᚳᛏ,453
summoners,40022,0,ᛋᚢᛗᛗᚩᚾᛖᚱᛋ,365
cherimoya,39992,0,ᚳᚻᛖᚱᛁᛗᚩᚣᚪ,423
earthliness,39991,0,ᛠᚱᚦᛚᛁᚾᛖᛋᛋ,431
manicotti,39982,0,ᛗᚪᚾᛁᚳᚩᛏᛏᛁ,397
artemision,39973,0,ᚪᚱᛏᛖᛗᛁᛋᛡᚾ,525
schlemiel,39957,0,ᛋᚳᚻᛚᛖᛗᛁᛖᛚ,471
brainwork,39952,0,ᛒᚱᚪᛁᚾᚹᚩᚱᚳ,279
pointsman,39942,0,ᛈᚩᛁᚾᛏᛋᛗᚪᚾ,419
gilbertian,39929,0,ᚷᛁᛚᛒᛖᚱᛏᛡᚾ,455
lubricious,39928,0,ᛚᚢᛒᚱᛁᚳᛡᚢᛋ,355
nonperson,39876,0,ᚾᚩᚾᛈᛖᚱᛋᚩᚾ,275
hardbacks,39872,0,ᚻᚪᚱᛞᛒᚪᚳᚳᛋ,457
prolapses,39859,0,ᛈᚱᚩᛚᚪᛈᛋᛖᛋ,447
manabozho,39845,0,ᛗᚪᚾᚪᛒᚩᛋᚻᚩ,445
silvertip,39829,0,ᛋᛁᛚᚢᛖᚱᛏᛁᛈ,371
backcourt,39813,0,ᛒᚪᚳᚳᚳᚩᚢᚱᛏ,277
etceteras,39795,0,ᛖᛏᚳᛖᛏᛖᚱᚪᛋ,493
pretermit,39794,0,ᛈᚱᛖᛏᛖᚱᛗᛁᛏ,419
unshackle,39787,0,ᚢᚾᛋᚻᚪᚳᚳᛚᛖ,371
pullbacks,39781,0,ᛈᚢᛚᛚᛒᚪᚳᚳᛋ,429
immoveably,39776,0,ᛁᛗᛗᚩᚢᛠᛒᛚᚣ,529
guardship,39775,0,ᚷᚢᚪᚱᛞᛋᚻᛁᛈ,367
issueless,39753,0,ᛁᛋᛋᚢᛖᛚᛖᛋᛋ,453
wishbones,39738,0,ᚹᛁᛋᚻᛒᚩᚾᛖᛋ,343
typograph,39731,0,ᛏᚣᛈᚩᚷᚱᚪᛈᚻ,403
fireboats,39675,0,ᚠᛁᚱᛖᛒᚩᚪᛏᛋ,388
offhanded,39670,0,ᚩᚠᚠᚻᚪᚾᛞᛖᛞ,405
novembers,39643,0,ᚾᚩᚢᛖᛗᛒᛖᚱᛋ,369
lionhearted,39639,0,ᛚᛡᚾᚻᛠᚱᛏᛖᛞ,567
charabanc,39632,0,ᚳᚻᚪᚱᚪᛒᚪᚾᚳ,441
tabbouleh,39626,0,ᛏᚪᛒᛒᚩᚢᛚᛖᚻ,451
locksmithing,39611,0,ᛚᚩᚳᚳᛋᛗᛁᚦᛝ,345
autochthon,39519,0,ᚪᚢᛏᚩᚳᚻᚦᚩᚾ,243
huckaback,39506,0,ᚻᚢᚳᚳᚪᛒᚪᚳᚳ,333
dipterans,39503,0,ᛞᛁᛈᛏᛖᚱᚪᚾᛋ,479
abondance,39500,0,ᚪᛒᚩᚾᛞᚪᚾᚳᛖ,489
subaerially,39492,0,ᛋᚢᛒᚫᚱᛡᛚᛚᚣ,585
breakaways,39471,0,ᛒᚱᛠᚳᚪᚹᚪᚣᛋ,563
adjustors,39467,0,ᚪᛞᛂᚢᛋᛏᚩᚱᛋ,409
lightface,39435,0,ᛚᛁᚷᚻᛏᚠᚪᚳᛖ,382
advertize,39426,0,ᚪᛞᚢᛖᚱᛏᛁᛋᛖ,477
recompiling,39413,0,ᚱᛖᚳᚩᛗᛈᛁᛚᛝ,395
asphyxiate,39396,0,ᚪᛋᛈᚻᚣᛉᛡᛏᛖ,599
chilblain,39359,0,ᚳᚻᛁᛚᛒᛚᚪᛁᚾ,431
barringtonia,39340,0,ᛒᚪᚱᚱᛝᛏᚩᚾᛡ,461
fabulists,39311,0,ᚠᚪᛒᚢᛚᛁᛋᛏᛋ,432
shellbark,39294,0,ᛋᚻᛖᛚᛚᛒᚪᚱᚳ,471
increasers,39281,0,ᛁᚾᚳᚱᛠᛋᛖᚱᛋ,377
foxhunter,39259,0,ᚠᚩᛉᚻᚢᚾᛏᛖᚱ,248
splutters,39251,0,ᛋᛈᛚᚢᛏᛏᛖᚱᛋ,421
honeypots,39250,0,ᚻᚩᚾᛖᚣᛈᚩᛏᛋ,391
rewrapped,39248,0,ᚱᛖᚹᚱᚪᛈᛈᛖᛞ,447
beautifier,39246,0,ᛒᛠᚢᛏᛁᚠᛁᛖᚱ,374
heedfully,39236,0,ᚻᛖᛖᛞᚠᚢᛚᛚᚣ,500
brahminic,39235,0,ᛒᚱᚪᚻᛗᛁᚾᛁᚳ,367
spongelike,39219,0,ᛋᛈᚩᛝᛖᛚᛁᚳᛖ,433
pupillage,39200,0,ᛈᚢᛈᛁᛚᛚᚪᚷᛖ,447
throughway,39191,0,ᚦᚱᚩᚢᚷᚻᚹᚪᚣ,285
bossiness,39187,0,ᛒᚩᛋᛋᛁᚾᛖᛋᛋ,407
cognomina,39156,0,ᚳᚩᚷᚾᚩᛗᛁᚾᚪ,301
logomachy,39151,0,ᛚᚩᚷᚩᛗᚪᚳᚻᚣ,411
casuality,39110,0,ᚳᚪᛋᚢᚪᛚᛁᛏᚣ,529
retouches,39104,0,ᚱᛖᛏᚩᚢᚳᚻᛖᛋ,303
landaulet,39096,0,ᛚᚪᚾᛞᚪᚢᛚᛖᛏ,587
schlemihl,39081,0,ᛋᚳᚻᛚᛖᛗᛁᚻᛚ,427
exorcises,39055,0,ᛖᛉᚩᚱᚳᛁᛋᛖᛋ,349
smaragdus,39026,0,ᛋᛗᚪᚱᚪᚷᛞᚢᛋ,491
propension,39025,0,ᛈᚱᚩᛈᛖᚾᛋᛡᚾ,389
escargots,39012,0,ᛖᛋᚳᚪᚱᚷᚩᛏᛋ,377
semigloss,39002,0,ᛋᛖᛗᛁᚷᛚᚩᛋᛋ,425
fenestral,38986,0,ᚠᛖᚾᛖᛋᛏᚱᚪᛚ,458
broodmare,38979,0,ᛒᚱᚩᚩᛞᛗᚪᚱᛖ,421
woodwards,38977,0,ᚹᚩᚩᛞᚹᚪᚱᛞᛋ,391
disfavors,38945,0,ᛞᛁᛋᚠᚪᚢᚩᚱᛋ,346
averroism,38935,0,ᚪᚢᛖᚱᚱᚩᛁᛋᛗ,351
spaciously,38920,0,ᛋᛈᚪᚳᛡᚢᛋᛚᚣ,545
subtility,38886,0,ᛋᚢᛒᛏᛁᛚᛁᛏᚣ,473
caparison,38874,0,ᚳᚪᛈᚪᚱᛁᛋᚩᚾ,381
fruitwood,38862,0,ᚠᚱᚢᛁᛏᚹᚩᚩᛞ,228
halfbacks,38861,0,ᚻᚪᛚᚠᛒᚪᚳᚳᛋ,432
vandalize,38837,0,ᚢᚪᚾᛞᚪᛚᛁᛋᛖ,539
betatrons,38783,0,ᛒᛖᛏᚪᛏᚱᚩᚾᛋ,443
romantick,38764,0,ᚱᚩᛗᚪᚾᛏᛁᚳᚳ,331
pterosaur,38731,0,ᛈᛏᛖᚱᚩᛋᚪᚢᚱ,351
misjudges,38719,0,ᛗᛁᛋᛂᚢᛞᚷᛖᛋ,421
sanguinely,38707,0,ᛋᚪᛝᚢᛁᚾᛖᛚᚣ,535
scroungers,38692,0,ᛋᚳᚱᚩᚢᛝᛖᚱᛋ,297
cigarillo,38688,0,ᚳᛁᚷᚪᚱᛁᛚᛚᚩ,353
fearsomely,38674,0,ᚠᛠᚱᛋᚩᛗᛖᛚᚣ,496
telltales,38660,0,ᛏᛖᛚᛚᛏᚪᛚᛖᛋ,621
hepaticas,38659,0,ᚻᛖᛈᚪᛏᛁᚳᚪᛋ,483
overcasting,38632,0,ᚩᚢᛖᚱᚳᚪᛋᛏᛝ,389
upholster,38565,0,ᚢᛈᚻᚩᛚᛋᛏᛖᚱ,339
razorbill,38537,0,ᚱᚪᛋᚩᚱᛒᛁᛚᛚ,417
meliorated,38526,0,ᛗᛖᛚᛡᚱᚪᛏᛖᛞ,641
identikit,38523,0,ᛁᛞᛖᚾᛏᛁᚳᛁᛏ,409
mesquites,38522,0,ᛗᛖᛋᚳᚹᛁᛏᛖᛋ,433
salerooms,38520,0,ᛋᚪᛚᛖᚱᚩᚩᛗᛋ,439
ignitible,38499,0,ᛁᚷᚾᛁᛏᛁᛒᛚᛖ,399
stonechat,38485,0,ᛋᛏᚩᚾᛖᚳᚻᚪᛏ,407
uncourtly,38479,0,ᚢᚾᚳᚩᚢᚱᛏᛚᚣ,301
slumberer,38468,0,ᛋᛚᚢᛗᛒᛖᚱᛖᚱ,417
polygenes,38463,0,ᛈᚩᛚᚣᚷᛖᚾᛖᛋ,459
beguilingly,38442,0,ᛒᛖᚷᚢᛁᛚᛝᛚᚣ,507
murtherers,38398,0,ᛗᚢᚱᚦᛖᚱᛖᚱᛋ,299
acidophil,38396,0,ᚪᚳᛁᛞᚩᛈᚻᛁᛚ,407
pancreases,38366,0,ᛈᚪᚾᚳᚱᛠᛋᛖᛋ,475
cockatiel,38307,0,ᚳᚩᚳᚳᚪᛏᛁᛖᛚ,373
plesiosaur,38294,0,ᛈᛚᛖᛋᛡᛋᚪᚢᚱ,507
quarriers,38289,0,ᚳᚹᚪᚱᚱᛁᛖᚱᛋ,313
devilfish,38269,0,ᛞᛖᚢᛁᛚᚠᛁᛋᚻ,372
postcodes,38261,0,ᛈᚩᛋᛏᚳᚩᛞᛖᛋ,391
bewitches,38227,0,ᛒᛖᚹᛁᛏᚳᚻᛖᛋ,393
ravishers,38222,0,ᚱᚪᚢᛁᛋᚻᛖᚱᛋ,349
jaywalker,38208,0,ᛂᚪᚣᚹᚪᛚᚳᛖᚱ,517
adenoidal,38196,0,ᚪᛞᛖᚾᚩᛁᛞᚪᛚ,579
underlays,38183,0,ᚢᚾᛞᛖᚱᛚᚪᚣᛋ,525
undeceiving,38183,0,ᚢᚾᛞᛖᚳᛖᛁᚢᛝ,381
gynophore,38173,0,ᚷᚣᚾᚩᛈᚻᚩᚱᛖ,307
enrapture,38171,0,ᛖᚾᚱᚪᛈᛏᚢᚱᛖ,387
stoneless,38163,0,ᛋᛏᚩᚾᛖᛚᛖᛋᛋ,461
cotillions,38153,0,ᚳᚩᛏᛁᛚᛚᛡᚾᛋ,445
atmometer,38120,0,ᚪᛏᛗᚩᛗᛖᛏᛖᚱ,509
motherwort,38094,0,ᛗᚩᚦᛖᚱᚹᚩᚱᛏ,257
connecter,38081,0,ᚳᚩᚾᚾᛖᚳᛏᛖᚱ,295
collimate,38061,0,ᚳᚩᛚᛚᛁᛗᚪᛏᛖ,491
moistener,38052,0,ᛗᚩᛁᛋᛏᛖᚾᛖᚱ,395
sunbright,38042,0,ᛋᚢᚾᛒᚱᛁᚷᚻᛏ,287
workwoman,38024,0,ᚹᚩᚱᚳᚹᚩᛗᚪᚾ,273
croisette,38020,0,ᚳᚱᚩᛁᛋᛖᛏᛏᛖ,367
heartburning,38011,0,ᚻᛠᚱᛏᛒᚢᚱᚾᛝ,385
lusciously,37996,0,ᛚᚢᛋᚳᛡᚢᛋᛚᚣ,481
wainscots,37993,0,ᚹᚪᛁᚾᛋᚳᚩᛏᛋ,361
acceptant,37950,0,ᚪᚳᚳᛖᛈᛏᚪᚾᛏ,477
subsultus,37917,0,ᛋᚢᛒᛋᚢᛚᛏᚢᛋ,361
infatuate,37908,0,ᛁᚾᚠᚪᛏᚢᚪᛏᛖ,444
outreaches,37873,0,ᚩᚢᛏᚱᛠᚳᚻᛖᛋ,345
cheeriest,37854,0,ᚳᚻᛖᛖᚱᛁᛖᛋᛏ,391
isochrone,37850,0,ᛁᛋᚩᚳᚻᚱᚩᚾᛖ,241
gamecocks,37850,0,ᚷᚪᛗᛖᚳᚩᚳᚳᛋ,351
chandelle,37834,0,ᚳᚻᚪᚾᛞᛖᛚᛚᛖ,531
gelatines,37827,0,ᚷᛖᛚᚪᛏᛁᚾᛖᛋ,493
dynamiter,37803,0,ᛞᚣᚾᚪᛗᛁᛏᛖᚱ,557
daiquiris,37800,0,ᛞᚪᛁᚳᚹᛁᚱᛁᛋ,375
exosmosis,37724,0,ᛖᛉᚩᛋᛗᚩᛋᛁᛋ,389
ladyfingers,37690,0,ᛚᚪᛞᚣᚠᛝᛖᚱᛋ,574
anacondas,37685,0,ᚪᚾᚪᚳᚩᚾᛞᚪᛋ,511
hypnotise,37661,0,ᚻᚣᛈᚾᚩᛏᛁᛋᛖ,415
glycerite,37653,0,ᚷᛚᚣᚳᛖᚱᛁᛏᛖ,441
unbuttons,37649,0,ᚢᚾᛒᚢᛏᛏᚩᚾᛋ,303
savouries,37638,0,ᛋᚪᚢᚩᚢᚱᛁᛖᛋ,325
ragpicker,37638,0,ᚱᚪᚷᛈᛁᚳᚳᛖᚱ,303
mainlands,37616,0,ᛗᚪᛁᚾᛚᚪᚾᛞᛋ,569
circuital,37612,0,ᚳᛁᚱᚳᚢᛁᛏᚪᛚ,331
delicates,37610,0,ᛞᛖᛚᛁᚳᚪᛏᛖᛋ,549
sidewards,37593,0,ᛋᛁᛞᛖᚹᚪᚱᛞᛋ,509
pinschers,37582,0,ᛈᛁᚾᛋᚳᚻᛖᚱᛋ,323
splenitis,37572,0,ᛋᛈᛚᛖᚾᛁᛏᛁᛋ,439
smartened,37567,0,ᛋᛗᚪᚱᛏᛖᚾᛖᛞ,543
fluxmeter,37558,0,ᚠᛚᚢᛉᛗᛖᛏᛖᚱ,400
newsflash,37551,0,ᚾᛖᚹᛋᚠᛚᚪᛋᚻ,416
deskilled,37528,0,ᛞᛖᛋᚳᛁᛚᛚᛖᛞ,555
collusions,37524,0,ᚳᚩᛚᛚᚢᛋᛡᚾᛋ,411
blackcaps,37515,0,ᛒᛚᚪᚳᚳᚳᚪᛈᛋ,463
fencepost,37492,0,ᚠᛖᚾᚳᛖᛈᚩᛋᛏ,340
didrikson,37475,0,ᛞᛁᛞᚱᛁᚳᛋᚩᚾ,353
colorfast,37461,0,ᚳᚩᛚᚩᚱᚠᚪᛋᛏ,322
parentalia,37402,0,ᛈᚪᚱᛖᚾᛏᚪᛚᛡ,583
shopfront,37397,0,ᛋᚻᚩᛈᚠᚱᚩᚾᛏ,234
mythmakers,37360,0,ᛗᚣᚦᛗᚪᚳᛖᚱᛋ,491
puppyhood,37350,0,ᛈᚢᛈᛈᚣᚻᚩᚩᛞ,361
consulter,37346,0,ᚳᚩᚾᛋᚢᛚᛏᛖᚱ,315
beleaguering,37299,0,ᛒᛖᛚᛠᚷᚢᛖᚱᛝ,487
katabolic,37297,0,ᚳᚪᛏᚪᛒᚩᛚᛁᚳ,451
glassless,37269,0,ᚷᛚᚪᛋᛋᛚᛖᛋᛋ,539
fantasise,37267,0,ᚠᚪᚾᛏᚪᛋᛁᛋᛖ,488
bowsprits,37232,0,ᛒᚩᚹᛋᛈᚱᛁᛏᛋ,337
falsifier,37227,0,ᚠᚪᛚᛋᛁᚠᛁᛖᚱ,367
rectorate,37218,0,ᚱᛖᚳᛏᚩᚱᚪᛏᛖ,391
naughtily,37201,0,ᚾᚪᚢᚷᚻᛏᛁᛚᚣ,435
subbranch,37176,0,ᛋᚢᛒᛒᚱᚪᚾᚳᚻ,351
satyrical,37140,0,ᛋᚪᛏᚣᚱᛁᚳᚪᛚ,537
firebombs,37137,0,ᚠᛁᚱᛖᛒᚩᛗᛒᛋ,364
therapsids,37125,0,ᚦᛖᚱᚪᛈᛋᛁᛞᛋ,449
pillories,37112,0,ᛈᛁᛚᛚᚩᚱᛁᛖᛋ,389
scaliness,37091,0,ᛋᚳᚪᛚᛁᚾᛖᛋᛋ,469
stupefies,37057,0,ᛋᛏᚢᛈᛖᚠᛁᛖᛋ,378
acneiform,37031,0,ᚪᚳᚾᛖᛁᚠᚩᚱᛗ,328
unbosomed,37013,0,ᚢᚾᛒᚩᛋᚩᛗᛖᛞ,387
sodbuster,37011,0,ᛋᚩᛞᛒᚢᛋᛏᛖᚱ,403
testifier,36993,0,ᛏᛖᛋᛏᛁᚠᛁᛖᚱ,380
tetrarchs,36977,0,ᛏᛖᛏᚱᚪᚱᚳᚻᛋ,393
steradians,36962,0,ᛋᛏᛖᚱᚪᛞᛡᚾᛋ,565
pellitory,36950,0,ᛈᛖᛚᛚᛁᛏᚩᚱᚣ,467
monotreme,36949,0,ᛗᚩᚾᚩᛏᚱᛖᛗᛖ,389
incitation,36938,0,ᛁᚾᚳᛁᛏᚪᛏᛡᚾ,455
antitypes,36914,0,ᚪᚾᛏᛁᛏᚣᛈᛖᛋ,541
cenobitic,36883,0,ᚳᛖᚾᚩᛒᛁᛏᛁᚳ,311
bootlaces,36883,0,ᛒᚩᚩᛏᛚᚪᚳᛖᛋ,437
acrophobia,36879,0,ᚪᚳᚱᚩᛈᚻᚩᛒᛡ,369
barouches,36861,0,ᛒᚪᚱᚩᚢᚳᚻᛖᛋ,335
redshanks,36840,0,ᚱᛖᛞᛋᚻᚪᚾᚳᛋ,435
steersmen,36836,0,ᛋᛏᛖᛖᚱᛋᛗᛖᚾ,477
covalence,36832,0,ᚳᚩᚢᚪᛚᛖᚾᚳᛖ,369
oliphants,36831,0,ᚩᛚᛁᛈᚻᚪᚾᛏᛋ,415
aedileship,36803,0,ᚫᛞᛁᛚᛖᛋᚻᛁᛈ,511
reposited,36802,0,ᚱᛖᛈᚩᛋᛁᛏᛖᛞ,427
hortative,36794,0,ᚻᚩᚱᛏᚪᛏᛁᚢᛖ,357
petasites,36780,0,ᛈᛖᛏᚪᛋᛁᛏᛖᛋ,529
knockoffs,36741,0,ᚳᚾᚩᚳᚳᚩᚠᚠᛋ,139
maculated,36720,0,ᛗᚪᚳᚢᛚᚪᛏᛖᛞ,569
hackamore,36718,0,ᚻᚪᚳᚳᚪᛗᚩᚱᛖ,399
cosmotron,36704,0,ᚳᚩᛋᛗᚩᛏᚱᚩᚾ,257
quadroons,36700,0,ᚳᚹᚪᛞᚱᚩᚩᚾᛋ,325
doodlebug,36699,0,ᛞᚩᚩᛞᛚᛖᛒᚢᚷ,413
crunchers,36697,0,ᚳᚱᚢᚾᚳᚻᛖᚱᛋ,223
overcasts,36650,0,ᚩᚢᛖᚱᚳᚪᛋᛏᛋ,363
slipcover,36592,0,ᛋᛚᛁᛈᚳᚩᚢᛖᚱ,301
whipsawed,36591,0,ᚹᚻᛁᛈᛋᚪᚹᛖᛞ,441
itinerate,36590,0,ᛁᛏᛁᚾᛖᚱᚪᛏᛖ,451
dominancy,36584,0,ᛞᚩᛗᛁᚾᚪᚾᚳᚣ,469
oilstones,36582,0,ᚩᛁᛚᛋᛏᚩᚾᛖᛋ,379
scatology,36566,0,ᛋᚳᚪᛏᚩᛚᚩᚷᚣ,429
coelacanths,36565,0,ᚳᛟᛚᚪᚳᚪᚾᚦᛋ,463
seamanlike,36556,0,ᛋᛠᛗᚪᚾᛚᛁᚳᛖ,543
morchella,36540,0,ᛗᚩᚱᚳᚻᛖᛚᛚᚪ,435
reasonless,36481,0,ᚱᛠᛋᚩᚾᛚᛖᛋᛋ,455
unbrushed,36475,0,ᚢᚾᛒᚱᚢᛋᚻᛖᛞ,339
skullcaps,36461,0,ᛋᚳᚢᛚᛚᚳᚪᛈᛋ,421
grenadians,36450,0,ᚷᚱᛖᚾᚪᛞᛡᚾᛋ,499
tomboyish,36447,0,ᛏᚩᛗᛒᚩᚣᛁᛋᚻ,415
arbitress,36447,0,ᚪᚱᛒᛁᛏᚱᛖᛋᛋ,443
forewarns,36441,0,ᚠᚩᚱᛖᚹᚪᚱᚾᛋ,296
monoxides,36401,0,ᛗᚩᚾᚩᛉᛁᛞᛖᛋ,401
perfoliate,36383,0,ᛈᛖᚱᚠᚩᛚᛡᛏᛖ,436
gunnysack,36367,0,ᚷᚢᚾᚾᚣᛋᚪᚳᚳ,357
eurythmics,36343,0,ᛖᚢᚱᚣᚦᛗᛁᚳᛋ,357
ambushers,36325,0,ᚪᛗᛒᚢᛋᚻᛖᚱᛋ,439
hellishly,36322,0,ᚻᛖᛚᛚᛁᛋᚻᛚᚣ,519
enrapturing,36285,0,ᛖᚾᚱᚪᛈᛏᚢᚱᛝ,399
whitewall,36281,0,ᚹᚻᛁᛏᛖᚹᚪᛚᛚ,461
indispose,36231,0,ᛁᚾᛞᛁᛋᛈᚩᛋᛖ,403
homerooms,36231,0,ᚻᚩᛗᛖᚱᚩᚩᛗᛋ,317
thirtyfold,36215,0,ᚦᛁᚱᛏᚣᚠᚩᛚᛞ,380
calicular,36197,0,ᚳᚪᛚᛁᚳᚢᛚᚪᚱ,411
casanovas,36193,0,ᚳᚪᛋᚪᚾᚩᚢᚪᛋ,449
forewomen,36171,0,ᚠᚩᚱᛖᚹᚩᛗᛖᚾ,280
bowerbird,36162,0,ᛒᚩᚹᛖᚱᛒᛁᚱᛞ,357
chainlike,36129,0,ᚳᚻᚪᛁᚾᛚᛁᚳᛖ,377
dampeners,36109,0,ᛞᚪᛗᛈᛖᚾᛖᚱᛋ,527
isoclinic,36090,0,ᛁᛋᚩᚳᛚᛁᚾᛁᚳ,281
gospeller,36075,0,ᚷᚩᛋᛈᛖᛚᛚᛖᚱ,411
vitalised,36024,0,ᚢᛁᛏᚪᛚᛁᛋᛖᛞ,503
answerers,36004,0,ᚪᚾᛋᚹᛖᚱᛖᚱᛋ,407
shininess,35993,0,ᛋᚻᛁᚾᛁᚾᛖᛋᛋ,369
coxcombry,35993,0,ᚳᚩᛉᚳᚩᛗᛒᚱᚣ,333
semiotician,35975,0,ᛋᛖᛗᛡᛏᛁᚳᛡᚾ,537
woodlouse,35955,0,ᚹᚩᚩᛞᛚᚩᚢᛋᛖ,325
demiurgus,35953,0,ᛞᛖᛗᛁᚢᚱᚷᚢᛋ,345
mannikins,35923,0,ᛗᚪᚾᚾᛁᚳᛁᚾᛋ,383
tinkerers,35913,0,ᛏᛁᚾᚳᛖᚱᛖᚱᛋ,341
gravidity,35859,0,ᚷᚱᚪᚢᛁᛞᛁᛏᚣ,441
epicurism,35855,0,ᛖᛈᛁᚳᚢᚱᛁᛋᛗ,323
unharness,35851,0,ᚢᚾᚻᚪᚱᚾᛖᛋᛋ,365
degraders,35834,0,ᛞᛖᚷᚱᚪᛞᛖᚱᛋ,501
brutalising,35814,0,ᛒᚱᚢᛏᚪᛚᛁᛋᛝ,467
subrogate,35799,0,ᛋᚢᛒᚱᚩᚷᚪᛏᛖ,375
mutualist,35784,0,ᛗᚢᛏᚢᚪᛚᛁᛋᛏ,449
reinspect,35772,0,ᚱᛖᛁᚾᛋᛈᛖᚳᛏ,373
undazzled,35771,0,ᚢᚾᛞᚪᛋᛋᛚᛖᛞ,553
flageolets,35763,0,ᚠᛚᚪᚷᛇᛚᛖᛏᛋ,482
robustious,35748,0,ᚱᚩᛒᚢᛋᛏᛡᚢᛋ,357
analgetic,35744,0,ᚪᚾᚪᛚᚷᛖᛏᛁᚳ,483
basifixed,35740,0,ᛒᚪᛋᛁᚠᛁᛉᛖᛞ,478
checkroom,35727,0,ᚳᚻᛖᚳᚳᚱᚩᚩᛗ,225
maritally,35723,0,ᛗᚪᚱᛁᛏᚪᛚᛚᚣ,615
besmirching,35709,0,ᛒᛖᛋᛗᛁᚱᚳᚻᛝ,409
unrestful,35681,0,ᚢᚾᚱᛖᛋᛏᚠᚢᛚ,300
booklover,35680,0,ᛒᚩᚩᚳᛚᚩᚢᛖᚱ,249
metapodial,35672,0,ᛗᛖᛏᚪᛈᚩᛞᛡᛚ,613
pratfalls,35658,0,ᛈᚱᚪᛏᚠᚪᛚᛚᛋ,508
threadworms,35643,0,ᚦᚱᛠᛞᚹᚩᚱᛗᛋ,375
testcross,35641,0,ᛏᛖᛋᛏᚳᚱᚩᛋᛋ,375
nelumbium,35616,0,ᚾᛖᛚᚢᛗᛒᛁᚢᛗ,409
camerlengo,35614,0,ᚳᚪᛗᛖᚱᛚᛖᛝᚩ,485
goosander,35557,0,ᚷᚩᚩᛋᚪᚾᛞᛖᚱ,377
fogginess,35538,0,ᚠᚩᚷᚷᛁᚾᛖᛋᛋ,276
viscounty,35537,0,ᚢᛁᛋᚳᚩᚢᚾᛏᚣ,301
nitramine,35535,0,ᚾᛁᛏᚱᚪᛗᛁᚾᛖ,425
adipocere,35533,0,ᚪᛞᛁᛈᚩᚳᛖᚱᛖ,425
mocassins,35511,0,ᛗᚩᚳᚪᛋᛋᛁᚾᛋ,407
floccules,35505,0,ᚠᛚᚩᚳᚳᚢᛚᛖᛋ,304
testiness,35496,0,ᛏᛖᛋᛏᛁᚾᛖᛋᛋ,471
caracoles,35471,0,ᚳᚪᚱᚪᚳᚩᛚᛖᛋ,431
unchilled,35458,0,ᚢᚾᚳᚻᛁᛚᛚᛖᛞ,401
chapiters,35439,0,ᚳᚻᚪᛈᛁᛏᛖᚱᛋ,397
kraurosis,35435,0,ᚳᚱᚪᚢᚱᚩᛋᛁᛋ,279
inherency,35435,0,ᛁᚾᚻᛖᚱᛖᚾᚳᚣ,373
pensionnat,35425,0,ᛈᛖᚾᛋᛡᚾᚾᚪᛏ,513
houyhnhnm,35415,0,ᚻᚩᚢᚣᚻᚾᚻᚾᛗ,311
tournedos,35365,0,ᛏᚩᚢᚱᚾᛖᛞᚩᛋ,325
commencer,35358,0,ᚳᚩᛗᛗᛖᚾᚳᛖᚱ,349
jacquards,35350,0,ᛂᚪᚳᚳᚹᚪᚱᛞᛋ,429
eatanswill,35345,0,ᛠᛏᚪᚾᛋᚹᛁᛚᛚ,543
verbalise,35337,0,ᚢᛖᚱᛒᚪᛚᛁᛋᛖ,463
paroquets,35304,0,ᛈᚪᚱᚩᚳᚹᛖᛏᛋ,369
noisettes,35301,0,ᚾᚩᛁᛋᛖᛏᛏᛖᛋ,425
infusorian,35295,0,ᛁᚾᚠᚢᛋᚩᚱᛡᚾ,272
vetturino,35251,0,ᚢᛖᛏᛏᚢᚱᛁᚾᚩ,269
tentmaker,35247,0,ᛏᛖᚾᛏᛗᚪᚳᛖᚱ,473
chocolaty,35247,0,ᚳᚻᚩᚳᚩᛚᚪᛏᚣ,395
womaniser,35240,0,ᚹᚩᛗᚪᚾᛁᛋᛖᚱ,385
showdowns,35192,0,ᛋᚻᚩᚹᛞᚩᚹᚾᛋ,299
decollete,35184,0,ᛞᛖᚳᚩᛚᛚᛖᛏᛖ,515
refurnish,35160,0,ᚱᛖᚠᚢᚱᚾᛁᛋᚻ,230
volumeter,35141,0,ᚢᚩᛚᚢᛗᛖᛏᛖᚱ,361
scrappers,35137,0,ᛋᚳᚱᚪᛈᛈᛖᚱᛋ,391
connubium,35132,0,ᚳᚩᚾᚾᚢᛒᛁᚢᛗ,247
juneberry,35108,0,ᛂᚢᚾᛖᛒᛖᚱᚱᚣ,389
speedways,35103,0,ᛋᛈᛖᛖᛞᚹᚪᚣᛋ,591
subtropic,35086,0,ᛋᚢᛒᛏᚱᚩᛈᛁᚳ,281
deselecting,35082,0,ᛞᛖᛋᛖᛚᛖᚳᛏᛝ,567
bitternut,35077,0,ᛒᛁᛏᛏᛖᚱᚾᚢᛏ,379
churchism,35071,0,ᚳᚻᚢᚱᚳᚻᛁᛋᛗ,241
southeaster,35058,0,ᛋᚩᚢᚦᛠᛋᛏᛖᚱ,367
suzerains,35055,0,ᛋᚢᛋᛖᚱᚪᛁᚾᛋ,397
aerostation,35053,0,ᚫᚱᚩᛋᛏᚪᛏᛡᚾ,523
pontifice,35021,0,ᛈᚩᚾᛏᛁᚠᛁᚳᛖ,282
foreknows,35015,0,ᚠᚩᚱᛖᚳᚾᚩᚹᛋ,208
gregarine,35013,0,ᚷᚱᛖᚷᚪᚱᛁᚾᛖ,347
anecdotic,35005,0,ᚪᚾᛖᚳᛞᚩᛏᛁᚳ,405
corrosions,34912,0,ᚳᚩᚱᚱᚩᛋᛡᚾᛋ,291
vallecula,34911,0,ᚢᚪᛚᛚᛖᚳᚢᛚᚪ,499
satirises,34911,0,ᛋᚪᛏᛁᚱᛁᛋᛖᛋ,455
champleve,34852,0,ᚳᚻᚪᛗᛈᛚᛖᚢᛖ,457
almandite,34845,0,ᚪᛚᛗᚪᚾᛞᛁᛏᛖ,613
limitedly,34840,0,ᛚᛁᛗᛁᛏᛖᛞᛚᚣ,597
seediness,34762,0,ᛋᛖᛖᛞᛁᚾᛖᛋᛋ,509
flittered,34756,0,ᚠᛚᛁᛏᛏᛖᚱᛖᛞ,458
virulency,34741,0,ᚢᛁᚱᚢᛚᛖᚾᚳᚣ,333
blondness,34731,0,ᛒᛚᚩᚾᛞᚾᛖᛋᛋ,461
jockstrap,34716,0,ᛂᚩᚳᚳᛋᛏᚱᚪᛈ,333
casteless,34716,0,ᚳᚪᛋᛏᛖᛚᛖᛋᛋ,535
plugboard,34695,0,ᛈᛚᚢᚷᛒᚩᚪᚱᛞ,401
revoltingly,34664,0,ᚱᛖᚢᚩᛚᛏᛝᛚᚣ,475
spicebush,34657,0,ᛋᛈᛁᚳᛖᛒᚢᛋᚻ,347
grandaddy,34633,0,ᚷᚱᚪᚾᛞᚪᛞᛞᚣ,621
staysails,34623,0,ᛋᛏᚪᚣᛋᚪᛁᛚᛋ,619
sicklepod,34611,0,ᛋᛁᚳᚳᛚᛖᛈᚩᛞ,389
tinselled,34607,0,ᛏᛁᚾᛋᛖᛚᛚᛖᛞ,541
unsevered,34603,0,ᚢᚾᛋᛖᚢᛖᚱᛖᛞ,389
approbate,34564,0,ᚪᛈᛈᚱᚩᛒᚪᛏᛖ,485
recontact,34533,0,ᚱᛖᚳᚩᚾᛏᚪᚳᛏ,355
linchpins,34510,0,ᛚᛁᚾᚳᚻᛈᛁᚾᛋ,325
tesseract,34509,0,ᛏᛖᛋᛋᛖᚱᚪᚳᛏ,479
ladyships,34502,0,ᛚᚪᛞᚣᛋᚻᛁᛈᛋ,565
rosabella,34480,0,ᚱᚩᛋᚪᛒᛖᛚᛚᚪ,539
jalapenos,34478,0,ᛂᚪᛚᚪᛈᛖᚾᚩᛋ,503
sleepwalk,34468,0,ᛋᛚᛖᛖᛈᚹᚪᛚᚳ,505
geodetical,34397,0,ᚷᛇᛞᛖᛏᛁᚳᚪᛚ,487
phrenitis,34390,0,ᛈᚻᚱᛖᚾᛁᛏᛁᛋ,347
tremulant,34381,0,ᛏᚱᛖᛗᚢᛚᚪᚾᛏ,469
fenceless,34357,0,ᚠᛖᚾᚳᛖᛚᛖᛋᛋ,424
curatives,34349,0,ᚳᚢᚱᚪᛏᛁᚢᛖᛋ,337
overrates,34339,0,ᚩᚢᛖᚱᚱᚪᛏᛖᛋ,375
ablatives,34324,0,ᚪᛒᛚᚪᛏᛁᚢᛖᛋ,541
anthuriums,34315,0,ᚪᚾᚦᚢᚱᛁᚢᛗᛋ,303
carryalls,34306,0,ᚳᚪᚱᚱᚣᚪᛚᛚᛋ,531
recomposing,34298,0,ᚱᛖᚳᚩᛗᛈᚩᛋᛝ,351
esculents,34296,0,ᛖᛋᚳᚢᛚᛖᚾᛏᛋ,417
elbowroom,34278,0,ᛖᛚᛒᚩᚹᚱᚩᚩᛗ,323
gibbosity,34272,0,ᚷᛁᛒᛒᚩᛋᛁᛏᚣ,423
unbraided,34243,0,ᚢᚾᛒᚱᚪᛁᛞᛖᛞ,477
ammoniacum,34239,0,ᚪᛗᛗᚩᚾᛡᚳᚢᛗ,469
wrigglers,34195,0,ᚹᚱᛁᚷᚷᛚᛖᚱᛋ,299
unvaryingly,34177,0,ᚢᚾᚢᚪᚱᚣᛝᛚᚣ,501
horribles,34176,0,ᚻᚩᚱᚱᛁᛒᛚᛖᛋ,337
studiedly,34151,0,ᛋᛏᚢᛞᛁᛖᛞᛚᚣ,567
shrillest,34111,0,ᛋᚻᚱᛁᛚᛚᛖᛋᛏ,443
censurers,34091,0,ᚳᛖᚾᛋᚢᚱᛖᚱᛋ,307
pycnidium,34061,0,ᛈᚣᚳᚾᛁᛞᛁᚢᛗ,413
preferent,34039,0,ᛈᚱᛖᚠᛖᚱᛖᚾᛏ,356
littorals,34033,0,ᛚᛁᛏᛏᚩᚱᚪᛚᛋ,463
megabucks,34010,0,ᛗᛖᚷᚪᛒᚢᚳᚳᛋ,395
prodromes,33989,0,ᛈᚱᚩᛞᚱᚩᛗᛖᛋ,359
bookdealer,33970,0,ᛒᚩᚩᚳᛞᛠᛚᛖᚱ,437
imprinter,33957,0,ᛁᛗᛈᚱᛁᚾᛏᛖᚱ,353
disaccord,33957,0,ᛞᛁᛋᚪᚳᚳᚩᚱᛞ,403
gingersnaps,33939,0,ᚷᛝᛖᚱᛋᚾᚪᛈᛋ,449
grisettes,33898,0,ᚷᚱᛁᛋᛖᛏᛏᛖᛋ,417
heinously,33893,0,ᚻᛖᛁᚾᚩᚢᛋᛚᚣ,389
poignance,33892,0,ᛈᚩᛁᚷᚾᚪᚾᚳᛖ,333
teliospore,33870,0,ᛏᛖᛚᛡᛋᛈᚩᚱᛖ,487
proctored,33856,0,ᛈᚱᚩᚳᛏᚩᚱᛖᛞ,307
fanlights,33836,0,ᚠᚪᚾᛚᛁᚷᚻᛏᛋ,384
meminisse,33834,0,ᛗᛖᛗᛁᚾᛁᛋᛋᛖ,473
enunciator,33790,0,ᛖᚾᚢᚾᚳᛡᛏᚩᚱ,325
grassless,33782,0,ᚷᚱᚪᛋᛋᛚᛖᛋᛋ,477
sapropels,33780,0,ᛋᚪᛈᚱᚩᛈᛖᛚᛋ,447
whiteners,33771,0,ᚹᚻᛁᛏᛖᚾᛖᚱᛋ,359
expurgate,33766,0,ᛖᛉᛈᚢᚱᚷᚪᛏᛖ,411
unrevenged,33765,0,ᚢᚾᚱᛖᚢᛖᛝᛖᛞ,415
hexastyle,33758,0,ᚻᛖᛉᚪᛋᛏᚣᛚᛖ,589
placatingly,33755,0,ᛈᛚᚪᚳᚪᛏᛝᛚᚣ,637
rephrases,33744,0,ᚱᛖᛈᚻᚱᚪᛋᛖᛋ,425
pyromaniac,33743,0,ᛈᚣᚱᚩᛗᚪᚾᛡᚳ,481
cosigners,33741,0,ᚳᚩᛋᛁᚷᚾᛖᚱᛋ,281
ohmmeters,33715,0,ᚩᚻᛗᛗᛖᛏᛖᚱᛋ,429
restitute,33683,0,ᚱᛖᛋᛏᛁᛏᚢᛏᛖ,409
ruritanian,33676,0,ᚱᚢᚱᛁᛏᚪᚾᛡᚾ,377
allamanda,33676,0,ᚪᛚᛚᚪᛗᚪᚾᛞᚪ,723
uncheered,33672,0,ᚢᚾᚳᚻᛖᛖᚱᛖᛞ,369
flakiness,33666,0,ᚠᛚᚪᚳᛁᚾᛖᛋᛋ,418
backpedal,33641,0,ᛒᚪᚳᚳᛈᛖᛞᚪᛚ,553
stableboy,33639,0,ᛋᛏᚪᛒᛚᛖᛒᚩᚣ,581
greediest,33636,0,ᚷᚱᛖᛖᛞᛁᛖᛋᛏ,461
wraithlike,33626,0,ᚹᚱᚪᛁᚦᛚᛁᚳᛖ,347
solemnise,33582,0,ᛋᚩᛚᛖᛗᚾᛁᛋᛖ,451
reticules,33579,0,ᚱᛖᛏᛁᚳᚢᛚᛖᛋ,377
mastopexy,33579,0,ᛗᚪᛋᛏᚩᛈᛖᛉᚣ,547
paloverde,33563,0,ᛈᚪᛚᚩᚢᛖᚱᛞᛖ,457
prorations,33543,0,ᛈᚱᚩᚱᚪᛏᛡᚾᛋ,417
goldsmithing,33489,0,ᚷᚩᛚᛞᛋᛗᛁᚦᛝ,425
facultate,33439,0,ᚠᚪᚳᚢᛚᛏᚪᛏᛖ,470
carrageen,33428,0,ᚳᚪᚱᚱᚪᚷᛖᛖᚾ,409
allotrope,33415,0,ᚪᛚᛚᚩᛏᚱᚩᛈᛖ,437
fomalhaut,33412,0,ᚠᚩᛗᚪᛚᚻᚪᚢᛏ,432
appetency,33352,0,ᚪᛈᛈᛖᛏᛖᚾᚳᚣ,521
quadrates,33350,0,ᚳᚹᚪᛞᚱᚪᛏᛖᛋ,505
wolfishly,33341,0,ᚹᚩᛚᚠᛁᛋᚻᛚᚣ,384
shallowed,33330,0,ᛋᚻᚪᛚᛚᚩᚹᛖᛞ,501
cherisher,33313,0,ᚳᚻᛖᚱᛁᛋᚻᛖᚱ,299
foreknowing,33282,0,ᚠᚩᚱᛖᚳᚾᚩᚹᛝ,234
goldmines,33281,0,ᚷᚩᛚᛞᛗᛁᚾᛖᛋ,437
nemophila,33248,0,ᚾᛖᛗᚩᛈᚻᛁᛚᚪ,441
tailpipes,33246,0,ᛏᚪᛁᛚᛈᛁᛈᛖᛋ,497
blackbuck,33219,0,ᛒᛚᚪᚳᚳᛒᚢᚳᚳ,347
jugurthine,33211,0,ᛂᚢᚷᚢᚱᚦᛁᚾᛖ,203
houseboys,33206,0,ᚻᚩᚢᛋᛖᛒᚩᚣᛋ,377
chartroom,33199,0,ᚳᚻᚪᚱᛏᚱᚩᚩᛗ,299
lorikeets,33193,0,ᛚᚩᚱᛁᚳᛖᛖᛏᛋ,381
waterskin,33184,0,ᚹᚪᛏᛖᚱᛋᚳᛁᚾ,379
northumber,33172,0,ᚾᚩᚱᚦᚢᛗᛒᛖᚱ,265
comradery,33137,0,ᚳᚩᛗᚱᚪᛞᛖᚱᚣ,469
layabouts,33128,0,ᛚᚪᚣᚪᛒᚩᚢᛏᛋ,553
overbuild,33034,0,ᚩᚢᛖᚱᛒᚢᛁᛚᛞ,345
jacksnipe,33013,0,ᛂᚪᚳᚳᛋᚾᛁᛈᛖ,383
repowered,33007,0,ᚱᛖᛈᚩᚹᛖᚱᛖᛞ,381
polyglots,32970,0,ᛈᚩᛚᚣᚷᛚᚩᛏᛋ,435
graybeards,32948,0,ᚷᚱᚪᚣᛒᛠᚱᛞᛋ,551
emotively,32933,0,ᛖᛗᚩᛏᛁᚢᛖᛚᚣ,481
talebearer,32904,0,ᛏᚪᛚᛖᛒᛠᚱᛖᚱ,555
begrudges,32885,0,ᛒᛖᚷᚱᚢᛞᚷᛖᛋ,385
handsprings,32875,0,ᚻᚪᚾᛞᛋᛈᚱᛝᛋ,477
tamaracks,32870,0,ᛏᚪᛗᚪᚱᚪᚳᚳᛋ,511
contadino,32837,0,ᚳᚩᚾᛏᚪᛞᛁᚾᚩ,361
modillions,32826,0,ᛗᚩᛞᛁᛚᛚᛡᚾᛋ,533
vulgarize,32824,0,ᚢᚢᛚᚷᚪᚱᛁᛋᛖ,355
stokehole,32796,0,ᛋᛏᚩᚳᛖᚻᚩᛚᛖ,369
bisections,32788,0,ᛒᛁᛋᛖᚳᛏᛡᚾᛋ,473
costumier,32787,0,ᚳᚩᛋᛏᚢᛗᛁᛖᚱ,315
fomenters,32777,0,ᚠᚩᛗᛖᚾᛏᛖᚱᛋ,366
satyriasis,32760,0,ᛋᚪᛏᚣᚱᛡᛋᛁᛋ,567
electable,32760,0,ᛖᛚᛖᚳᛏᚪᛒᛚᛖ,577
fragrancy,32749,0,ᚠᚱᚪᚷᚱᚪᚾᚳᚣ,380
slavophil,32738,0,ᛋᛚᚪᚢᚩᛈᚻᛁᛚ,403
racialists,32735,0,ᚱᚪᚳᛡᛚᛁᛋᛏᛋ,497
fireguard,32732,0,ᚠᛁᚱᛖᚷᚢᚪᚱᛞ,328
gunstocks,32726,0,ᚷᚢᚾᛋᛏᚩᚳᚳᛋ,247
pruriency,32724,0,ᛈᚱᚢᚱᛁᛖᚾᚳᚣ,311
arriviste,32709,0,ᚪᚱᚱᛁᚢᛁᛋᛏᛖ,363
birdcages,32695,0,ᛒᛁᚱᛞᚳᚪᚷᛖᛋ,439
novelized,32685,0,ᚾᚩᚢᛖᛚᛁᛋᛖᛞ,419
pantsuits,32671,0,ᛈᚪᚾᛏᛋᚢᛁᛏᛋ,427
baneberry,32671,0,ᛒᚪᚾᛖᛒᛖᚱᚱᚣ,507
ballgames,32663,0,ᛒᚪᛚᛚᚷᚪᛗᛖᛋ,609
deliriums,32648,0,ᛞᛖᛚᛁᚱᛁᚢᛗᛋ,429
colombina,32648,0,ᚳᚩᛚᚩᛗᛒᛁᚾᚪ,389
datelines,32647,0,ᛞᚪᛏᛖᛚᛁᚾᛖᛋ,565
sanderlings,32629,0,ᛋᚪᚾᛞᛖᚱᛚᛝᛋ,551
forelocks,32620,0,ᚠᚩᚱᛖᛚᚩᚳᚳᛋ,246
unicuspid,32612,0,ᚢᚾᛁᚳᚢᛋᛈᛁᛞ,295
checkmating,32605,0,ᚳᚻᛖᚳᚳᛗᚪᛏᛝ,435
patroller,32599,0,ᛈᚪᛏᚱᚩᛚᛚᛖᚱ,441
folksingers,32593,0,ᚠᚩᛚᚳᛋᛝᛖᚱᛋ,358
horseweed,32578,0,ᚻᚩᚱᛋᛖᚹᛖᛖᛞ,403
disgorges,32577,0,ᛞᛁᛋᚷᚩᚱᚷᛖᛋ,345
lettermen,32531,0,ᛚᛖᛏᛏᛖᚱᛗᛖᚾ,503
cretinous,32512,0,ᚳᚱᛖᛏᛁᚾᚩᚢᛋ,273
poulticed,32511,0,ᛈᚩᚢᛚᛏᛁᚳᛖᛞ,385
jailbirds,32510,0,ᛂᚪᛁᛚᛒᛁᚱᛞᛋ,483
shellacking,32496,0,ᛋᚻᛖᛚᛚᚪᚳᚳᛝ,491
cabriolets,32465,0,ᚳᚪᛒᚱᛡᛚᛖᛏᛋ,541
plantlike,32445,0,ᛈᛚᚪᚾᛏᛚᛁᚳᛖ,485
overstrung,32425,0,ᚩᚢᛖᚱᛋᛏᚱᚢᛝ,293
ordinally,32422,0,ᚩᚱᛞᛁᚾᚪᛚᛚᚣ,513
copsewood,32408,0,ᚳᚩᛈᛋᛖᚹᚩᚩᛞ,305
crownless,32402,0,ᚳᚱᚩᚹᚾᛚᛖᛋᛋ,325
polyandria,32396,0,ᛈᚩᛚᚣᚪᚾᛞᚱᛡ,559
cowkeeper,32391,0,ᚳᚩᚹᚳᛖᛖᛈᛖᚱ,307
entremets,32389,0,ᛖᚾᛏᚱᛖᛗᛖᛏᛋ,483
fauteuils,32384,0,ᚠᚪᚢᛏᛖᚢᛁᛚᛋ,388
stellated,32367,0,ᛋᛏᛖᛚᛚᚪᛏᛖᛞ,637
orchiopexy,32355,0,ᚩᚱᚳᚻᛡᛈᛖᛉᚣ,421
turbinals,32336,0,ᛏᚢᚱᛒᛁᚾᚪᛚᛋ,417
aberrancy,32328,0,ᚪᛒᛖᚱᚱᚪᚾᚳᚣ,489
stockinet,32320,0,ᛋᛏᚩᚳᚳᛁᚾᛖᛏ,331
decameter,32320,0,ᛞᛖᚳᚪᛗᛖᛏᛖᚱ,541
handgrips,32306,0,ᚻᚪᚾᛞᚷᚱᛁᛈᛋ,393
superadding,32265,0,ᛋᚢᛈᛖᚱᚪᛞᛞᛝ,531
praeludium,32246,0,ᛈᚱᚫᛚᚢᛞᛁᚢᛗ,425
broadtail,32230,0,ᛒᚱᚩᚪᛞᛏᚪᛁᛚ,525
woodwardia,32222,0,ᚹᚩᚩᛞᚹᚪᚱᛞᛡ,445
stirabout,32210,0,ᛋᛏᛁᚱᚪᛒᚩᚢᛏ,381
lipectomy,32167,0,ᛚᛁᛈᛖᚳᛏᚩᛗᚣ,467
reputably,32156,0,ᚱᛖᛈᚢᛏᚪᛒᛚᚣ,517
telegenic,32148,0,ᛏᛖᛚᛖᚷᛖᚾᛁᚳ,423
lemonades,32138,0,ᛚᛖᛗᚩᚾᚪᛞᛖᛋ,553
unclamped,32121,0,ᚢᚾᚳᛚᚪᛗᛈᛖᛞ,485
palpatory,32119,0,ᛈᚪᛚᛈᚪᛏᚩᚱᚣ,533
homograph,32109,0,ᚻᚩᛗᚩᚷᚱᚪᛈᚻ,299
bedlamite,32059,0,ᛒᛖᛞᛚᚪᛗᛁᛏᛖ,615
funniness,32057,0,ᚠᚢᚾᚾᛁᚾᛖᛋᛋ,296
dodecatheon,32050,0,ᛞᚩᛞᛖᚳᚪᚦᛇᚾ,437
scrunches,32047,0,ᛋᚳᚱᚢᚾᚳᚻᛖᛋ,265
chillness,32035,0,ᚳᚻᛁᛚᛚᚾᛖᛋᛋ,415
swordtail,32027,0,ᛋᚹᚩᚱᛞᛏᚪᛁᛚ,439
cuisinier,32025,0,ᚳᚢᛁᛋᛁᚾᛁᛖᚱ,269
foreparts,31974,0,ᚠᚩᚱᛖᛈᚪᚱᛏᛋ,350
archimago,31950,0,ᚪᚱᚳᚻᛁᛗᚪᚷᚩ,367
logograms,31948,0,ᛚᚩᚷᚩᚷᚱᚪᛗᛋ,353
ratifiers,31947,0,ᚱᚪᛏᛁᚠᛁᛖᚱᛋ,362
purulence,31943,0,ᛈᚢᚱᚢᛚᛖᚾᚳᛖ,309
sadnesses,31923,0,ᛋᚪᛞᚾᛖᛋᛋᛖᛋ,561
asyndetic,31905,0,ᚪᛋᚣᚾᛞᛖᛏᛁᚳ,541
truthtelling,31895,0,ᛏᚱᚢᚦᛏᛖᛚᛚᛝ,429
croquette,31886,0,ᚳᚱᚩᚳᚹᛖᛏᛏᛖ,315
mishandle,31864,0,ᛗᛁᛋᚻᚪᚾᛞᛚᛖ,533
swappable,31832,0,ᛋᚹᚪᛈᛈᚪᛒᛚᛖ,553
thyroidism,31826,0,ᚦᚣᚱᚩᛁᛞᛁᛋᛗ,401
pennywort,31819,0,ᛈᛖᚾᚾᚣᚹᚩᚱᛏ,367
indraught,31797,0,ᛁᚾᛞᚱᚪᚢᚷᚻᛏ,359
breakstone,31796,0,ᛒᚱᛠᚳᛋᛏᚩᚾᛖ,409
softballs,31795,0,ᛋᚩᚠᛏᛒᚪᛚᛚᛋ,478
hiccoughing,31795,0,ᚻᛁᚳᚳᚩᚢᚷᚻᛝ,209
bespatter,31697,0,ᛒᛖᛋᛈᚪᛏᛏᛖᚱ,517
confected,31681,0,ᚳᚩᚾᚠᛖᚳᛏᛖᛞ,346
aquanauts,31676,0,ᚪᚳᚹᚪᚾᚪᚢᛏᛋ,467
polypores,31667,0,ᛈᚩᛚᚣᛈᚩᚱᛖᛋ,407
beggarman,31667,0,ᛒᛖᚷᚷᚪᚱᛗᚪᚾ,467
victimise,31665,0,ᚢᛁᚳᛏᛁᛗᛁᛋᛖ,359
conniption,31632,0,ᚳᚩᚾᚾᛁᛈᛏᛡᚾ,347
radioscopy,31622,0,ᚱᚪᛞᛡᛋᚳᚩᛈᚣ,523
topologic,31595,0,ᛏᚩᛈᚩᛚᚩᚷᛁᚳ,257
fossilize,31592,0,ᚠᚩᛋᛋᛁᛚᛁᛋᛖ,370
tristearin,31589,0,ᛏᚱᛁᛋᛏᛠᚱᛁᚾ,393
jerseyman,31582,0,ᛂᛖᚱᛋᛖᚣᛗᚪᚾ,535
comprizes,31579,0,ᚳᚩᛗᛈᚱᛁᛋᛖᛋ,349
wheatlands,31520,0,ᚹᚻᛠᛏᛚᚪᚾᛞᛋ,551
pathetical,31520,0,ᛈᚪᚦᛖᛏᛁᚳᚪᛚ,485
knottiest,31514,0,ᚳᚾᚩᛏᛏᛁᛖᛋᛏ,377
execrably,31510,0,ᛖᛉᛖᚳᚱᚪᛒᛚᚣ,539
adumbrating,31504,0,ᚪᛞᚢᛗᛒᚱᚪᛏᛝ,567
autobahns,31495,0,ᚪᚢᛏᚩᛒᚪᚻᚾᛋ,429
tattooist,31481,0,ᛏᚪᛏᛏᚩᚩᛁᛋᛏ,431
litigates,31475,0,ᛚᛁᛏᛁᚷᚪᛏᛖᛋ,487
chassepot,31454,0,ᚳᚻᚪᛋᛋᛖᛈᚩᛏ,415
phalangers,31405,0,ᛈᚻᚪᛚᚪᛝᛖᚱᛋ,543
sunbursts,31390,0,ᛋᚢᚾᛒᚢᚱᛋᛏᛋ,325
axletrees,31389,0,ᚪᛉᛚᛖᛏᚱᛖᛖᛋ,541
zabaglione,31369,0,ᛋᚪᛒᚪᚷᛚᛡᚾᛖ,601
charmeuse,31365,0,ᚳᚻᚪᚱᛗᛖᚢᛋᛖ,405
localisms,31360,0,ᛚᚩᚳᚪᛚᛁᛋᛗᛋ,471
misshaped,31347,0,ᛗᛁᛋᛋᚻᚪᛈᛖᛞ,527
aisleless,31337,0,ᚪᛁᛋᛚᛖᛚᛖᛋᛋ,567
thickheaded,31321,0,ᚦᛁᚳᚳᚻᛠᛞᛖᛞ,439
lunisolar,31297,0,ᛚᚢᚾᛁᛋᚩᛚᚪᚱ,377
germanist,31267,0,ᚷᛖᚱᛗᚪᚾᛁᛋᛏ,435
eventless,31257,0,ᛖᚢᛖᚾᛏᛚᛖᛋᛋ,471
kickstand,31251,0,ᚳᛁᚳᚳᛋᛏᚪᚾᛞ,397
breakfront,31246,0,ᛒᚱᛠᚳᚠᚱᚩᚾᛏ,302
adultress,31222,0,ᚪᛞᚢᛚᛏᚱᛖᛋᛋ,505
petrifies,31212,0,ᛈᛖᛏᚱᛁᚠᛁᛖᛋ,364
unreliably,31197,0,ᚢᚾᚱᛖᛚᛡᛒᛚᚣ,527
squinches,31136,0,ᛋᚳᚹᛁᚾᚳᚻᛖᛋ,301
harquebus,31136,0,ᚻᚪᚱᚳᚹᛖᛒᚢᛋ,347
kashmirian,31135,0,ᚳᚪᛋᚻᛗᛁᚱᛡᚾ,435
anaphases,31126,0,ᚪᚾᚪᛈᚻᚪᛋᛖᛋ,559
trackable,31124,0,ᛏᚱᚪᚳᚳᚪᛒᛚᛖ,491
lefthander,31122,0,ᛚᛖᚠᚦᚪᚾᛞᛖᚱ,440
craftiest,31122,0,ᚳᚱᚪᚠᛏᛁᛖᛋᛏ,392
cardiopathy,31120,0,ᚳᚪᚱᛞᛡᛈᚪᚦᚣ,565
nyctalopia,31082,0,ᚾᚣᚳᛏᚪᛚᚩᛈᛡ,531
paranoiacs,31081,0,ᛈᚪᚱᚪᚾᚩᛡᚳᛋ,457
greengages,31077,0,ᚷᚱᛖᛖᛝᚪᚷᛖᛋ,475
uncivilly,31058,0,ᚢᚾᚳᛁᚢᛁᛚᛚᚣ,359
seriocomic,31029,0,ᛋᛖᚱᛡᚳᚩᛗᛁᚳ,373
bastilles,31025,0,ᛒᚪᛋᛏᛁᛚᛚᛖᛋ,567
reascended,31010,0,ᚱᛠᛋᚳᛖᚾᛞᛖᛞ,527
devaluate,31009,0,ᛞᛖᚢᚪᛚᚢᚪᛏᛖ,555
outworker,30990,0,ᚩᚢᛏᚹᚩᚱᚳᛖᚱ,197
remoulade,30987,0,ᚱᛖᛗᚩᚢᛚᚪᛞᛖ,485
theologists,30943,0,ᚦᛇᛚᚩᚷᛁᛋᛏᛋ,339
pustulate,30941,0,ᛈᚢᛋᛏᚢᛚᚪᛏᛖ,457
clangorous,30934,0,ᚳᛚᚪᛝᚩᚱᚩᚢᛋ,343
dunderhead,30917,0,ᛞᚢᚾᛞᛖᚱᚻᛠᛞ,509
bellatrix,30903,0,ᛒᛖᛚᛚᚪᛏᚱᛁᛉ,519
stonefish,30890,0,ᛋᛏᚩᚾᛖᚠᛁᛋᚻ,324
strongroom,30843,0,ᛋᛏᚱᚩᛝᚱᚩᚩᛗ,305
forerunning,30826,0,ᚠᚩᚱᛖᚱᚢᚾᚾᛝ,238
outfought,30822,0,ᚩᚢᛏᚠᚩᚢᚷᚻᛏ,180
rapparees,30798,0,ᚱᚪᛈᛈᚪᚱᛖᛖᛋ,489
unclogged,30772,0,ᚢᚾᚳᛚᚩᚷᚷᛖᛞ,315
sceptered,30762,0,ᛋᚳᛖᛈᛏᛖᚱᛖᛞ,469
ritualize,30738,0,ᚱᛁᛏᚢᚪᛚᛁᛋᛖ,425
shambolic,30732,0,ᛋᚻᚪᛗᛒᚩᛚᛁᚳ,429
minotaurs,30715,0,ᛗᛁᚾᚩᛏᚪᚢᚱᛋ,361
flatmates,30670,0,ᚠᛚᚪᛏᛗᚪᛏᛖᛋ,578
voltairian,30639,0,ᚢᚩᛚᛏᚪᛁᚱᛡᚾ,417
routinize,30635,0,ᚱᚩᚢᛏᛁᚾᛁᛋᛖ,291
brakesmen,30634,0,ᛒᚱᚪᚳᛖᛋᛗᛖᚾ,469
magnetise,30612,0,ᛗᚪᚷᚾᛖᛏᛁᛋᛖ,491
canniness,30612,0,ᚳᚪᚾᚾᛁᚾᛖᛋᛋ,401
unbruised,30604,0,ᚢᚾᛒᚱᚢᛁᛋᛖᛞ,347
eurasiatic,30603,0,ᛖᚢᚱᚪᛋᛡᛏᛁᚳ,441
defecates,30596,0,ᛞᛖᚠᛖᚳᚪᛏᛖᛋ,514
planations,30587,0,ᛈᛚᚪᚾᚪᛏᛡᚾᛋ,587
clarionets,30586,0,ᚳᛚᚪᚱᛡᚾᛖᛏᛋ,509
halleluiah,30568,0,ᚻᚪᛚᛚᛖᛚᚢᛡᚻ,539
glasswork,30561,0,ᚷᛚᚪᛋᛋᚹᚩᚱᚳ,343
macedoine,30532,0,ᛗᚪᚳᛖᛞᚩᛁᚾᛖ,471
mesomorph,30526,0,ᛗᛖᛋᚩᛗᚩᚱᛈᚻ,353
recusation,30524,0,ᚱᛖᚳᚢᛋᚪᛏᛡᚾ,439
driveller,30524,0,ᛞᚱᛁᚢᛖᛚᛚᛖᚱ,425
zestfully,30523,0,ᛋᛖᛋᛏᚠᚢᛚᛚᚣ,486
misplaces,30516,0,ᛗᛁᛋᛈᛚᚪᚳᛖᛋ,501
exfoliates,30505,0,ᛖᛉᚠᚩᛚᛡᛏᛖᛋ,482
penumbras,30490,0,ᛈᛖᚾᚢᛗᛒᚱᚪᛋ,435
ganymedes,30489,0,ᚷᚪᚾᚣᛗᛖᛞᛖᛋ,593
sagamores,30478,0,ᛋᚪᚷᚪᛗᚩᚱᛖᛋ,473
formfitting,30449,0,ᚠᚩᚱᛗᚠᛁᛏᛏᛝ,321
gregarina,30379,0,ᚷᚱᛖᚷᚪᚱᛁᚾᚪ,377
abortuses,30373,0,ᚪᛒᚩᚱᛏᚢᛋᛖᛋ,411
bemusedly,30344,0,ᛒᛖᛗᚢᛋᛖᛞᛚᚣ,587
jamborees,30342,0,ᛂᚪᛗᛒᚩᚱᛖᛖᛋ,471
nauseatingly,30341,0,ᚾᚪᚢᛋᛠᛏᛝᛚᚣ,605
bellyaching,30311,0,ᛒᛖᛚᛚᚣᚪᚳᚻᛝ,589
suboceanic,30245,0,ᛋᚢᛒᚩᚳᛠᚾᛁᚳ,319
logotypes,30222,0,ᛚᚩᚷᚩᛏᚣᛈᛖᛋ,429
incommoding,30209,0,ᛁᚾᚳᚩᛗᛗᚩᛞᛝ,397
gallberry,30207,0,ᚷᚪᛚᛚᛒᛖᚱᚱᚣ,513
annunciate,30176,0,ᚪᚾᚾᚢᚾᚳᛡᛏᛖ,433
begetters,30163,0,ᛒᛖᚷᛖᛏᛏᛖᚱᛋ,461
autobuses,30144,0,ᚪᚢᛏᚩᛒᚢᛋᛖᛋ,403
firedrake,30143,0,ᚠᛁᚱᛖᛞᚱᚪᚳᛖ,388
expatriating,30140,0,ᛖᛉᛈᚪᛏᚱᛡᛏᛝ,569
misreport,30139,0,ᛗᛁᛋᚱᛖᛈᚩᚱᛏ,353
diadromous,30137,0,ᛞᛡᛞᚱᚩᛗᚩᚢᛋ,437
murmurers,30127,0,ᛗᚢᚱᛗᚢᚱᛖᚱᛋ,301
bawdiness,30121,0,ᛒᚪᚹᛞᛁᚾᛖᛋᛋ,499
mantissas,30115,0,ᛗᚪᚾᛏᛁᛋᛋᚪᛋ,543
tortricid,30092,0,ᛏᚩᚱᛏᚱᛁᚳᛁᛞ,311
empanelling,30089,0,ᛖᛗᛈᚪᚾᛖᛚᛚᛝ,599
bladeless,30088,0,ᛒᛚᚪᛞᛖᛚᛖᛋᛋ,633
spacewalk,30087,0,ᛋᛈᚪᚳᛖᚹᚪᛚᚳ,475
steelheads,30081,0,ᛋᛏᛖᛖᛚᚻᛠᛞᛋ,593
associable,30078,0,ᚪᛋᛋᚩᚳᛡᛒᛚᛖ,531
dishcloths,30065,0,ᛞᛁᛋᚻᚳᛚᚩᚦᛋ,347
indenturing,30055,0,ᛁᚾᛞᛖᚾᛏᚢᚱᛝ,397
synizesis,30036,0,ᛋᚣᚾᛁᛋᛖᛋᛁᛋ,473
renumbers,30030,0,ᚱᛖᚾᚢᛗᛒᛖᚱᛋ,373
embossers,30012,0,ᛖᛗᛒᚩᛋᛋᛖᚱᛋ,443
greenhood,30003,0,ᚷᚱᛖᛖᚾᚻᚩᚩᛞ,317
fetishize,29996,0,ᚠᛖᛏᛁᛋᚻᛁᛋᛖ,386
neopallium,29973,0,ᚾᛇᛈᚪᛚᛚᛁᚢᛗ,461
rottenest,29964,0,ᚱᚩᛏᛏᛖᚾᛖᛋᛏ,411
martinets,29955,0,ᛗᚪᚱᛏᛁᚾᛖᛏᛋ,477
jackscrew,29934,0,ᛂᚪᚳᚳᛋᚳᚱᛖᚹ,323
houseleek,29878,0,ᚻᚩᚢᛋᛖᛚᛖᛖᚳ,373
hydrozoan,29860,0,ᚻᚣᛞᚱᚩᛋᚩᚪᚾ,419
palankeen,29859,0,ᛈᚪᛚᚪᚾᚳᛖᛖᚾ,515
decimates,29847,0,ᛞᛖᚳᛁᛗᚪᛏᛖᛋ,547
twitterings,29820,0,ᛏᚹᛁᛏᛏᛖᚱᛝᛋ,437
gangplanks,29820,0,ᚷᚪᛝᛈᛚᚪᚾᚳᛋ,501
jobholder,29793,0,ᛂᚩᛒᚻᚩᛚᛞᛖᚱ,375
readjuster,29779,0,ᚱᛠᛞᛂᚢᛋᛏᛖᚱ,439
swaggerer,29767,0,ᛋᚹᚪᚷᚷᛖᚱᛖᚱ,359
atchieved,29731,0,ᚪᛏᚳᚻᛁᛖᚢᛖᛞ,449
declassed,29726,0,ᛞᛖᚳᛚᚪᛋᛋᛖᛞ,601
guiltiest,29714,0,ᚷᚢᛁᛚᛏᛁᛖᛋᛏ,393
luminesce,29688,0,ᛚᚢᛗᛁᚾᛖᛋᚳᛖ,407
backrests,29686,0,ᛒᚪᚳᚳᚱᛖᛋᛏᛋ,427
vulgarizing,29659,0,ᚢᚢᛚᚷᚪᚱᛁᛋᛝ,367
bacchants,29655,0,ᛒᚪᚳᚳᚻᚪᚾᛏᛋ,445
drupelets,29653,0,ᛞᚱᚢᛈᛖᛚᛖᛏᛋ,465
compeyson,29651,0,ᚳᚩᛗᛈᛖᚣᛋᚩᚾ,393
alpinists,29590,0,ᚪᛚᛈᛁᚾᛁᛋᛏᛋ,469
wagnerism,29586,0,ᚹᚪᚷᚾᛖᚱᛁᛋᛗ,395
centrical,29585,0,ᚳᛖᚾᛏᚱᛁᚳᚪᛚ,393
antefixes,29557,0,ᚪᚾᛏᛖᚠᛁᛉᛖᛋ,452
hybridise,29540,0,ᚻᚣᛒᚱᛁᛞᛁᛋᛖ,469
schillers,29534,0,ᛋᚳᚻᛁᛚᛚᛖᚱᛋ,397
atrebates,29531,0,ᚪᛏᚱᛖᛒᚪᛏᛖᛋ,571
hemipenis,29516,0,ᚻᛖᛗᛁᛈᛖᚾᛁᛋ,415
wheelwork,29477,0,ᚹᚻᛖᛖᛚᚹᚩᚱᚳ,299
unsearched,29450,0,ᚢᚾᛋᛠᚱᚳᚻᛖᛞ,397
prophases,29445,0,ᛈᚱᚩᛈᚻᚪᛋᛖᛋ,397
margarito,29423,0,ᛗᚪᚱᚷᚪᚱᛁᛏᚩ,401
rhombuses,29418,0,ᚱᚻᚩᛗᛒᚢᛋᛖᛋ,349
amphibium,29411,0,ᚪᛗᛈᚻᛁᛒᛁᚢᛗ,431
inhalator,29391,0,ᛁᚾᚻᚪᛚᚪᛏᚩᚱ,427
devoutest,29374,0,ᛞᛖᚢᚩᚢᛏᛖᛋᛏ,407
coastward,29327,0,ᚳᚩᚪᛋᛏᚹᚪᚱᛞ,445
gauntness,29316,0,ᚷᚪᚢᚾᛏᚾᛖᛋᛋ,407
florilegia,29314,0,ᚠᛚᚩᚱᛁᛚᛖᚷᛡ,388
pompholyx,29309,0,ᛈᚩᛗᛈᚻᚩᛚᚣᛉ,417
schmaltzy,29308,0,ᛋᚳᚻᛗᚪᛚᛏᛋᚣ,545
absurdest,29268,0,ᚪᛒᛋᚢᚱᛞᛖᛋᛏ,493
descension,29232,0,ᛞᛖᛋᚳᛖᚾᛋᛡᚾ,507
embrittle,29228,0,ᛖᛗᛒᚱᛁᛏᛏᛚᛖ,499
gallicism,29227,0,ᚷᚪᛚᛚᛁᚳᛁᛋᛗ,459
tulipwood,29223,0,ᛏᚢᛚᛁᛈᚹᚩᚩᛞ,331
potholders,29217,0,ᛈᚩᚦᚩᛚᛞᛖᚱᛋ,355
jarlsberg,29209,0,ᛂᚪᚱᛚᛋᛒᛖᚱᚷ,427
cystoliths,29185,0,ᚳᚣᛋᛏᚩᛚᛁᚦᛋ,397
barbitone,29185,0,ᛒᚪᚱᛒᛁᛏᚩᚾᛖ,423
fingermarks,29173,0,ᚠᛝᛖᚱᛗᚪᚱᚳᛋ,404
crucifies,29159,0,ᚳᚱᚢᚳᛁᚠᛁᛖᛋ,224
metacarpi,29152,0,ᛗᛖᛏᚪᚳᚪᚱᛈᛁ,489
bigotries,29144,0,ᛒᛁᚷᚩᛏᚱᛁᛖᛋ,337
archeozoic,29140,0,ᚪᚱᚳᚻᛇᛋᚩᛁᚳ,289
seraphims,29126,0,ᛋᛖᚱᚪᛈᚻᛁᛗᛋ,449
remindful,29117,0,ᚱᛖᛗᛁᚾᛞᚠᚢᛚ,376
phasianidae,29116,0,ᛈᚻᚪᛋᛡᚾᛁᛞᚫ,573
nullifier,29114,0,ᚾᚢᛚᛚᛁᚠᛁᛖᚱ,320
madrepore,29114,0,ᛗᚪᛞᚱᛖᛈᚩᚱᛖ,463
hospodars,29112,0,ᚻᚩᛋᛈᚩᛞᚪᚱᛋ,383
odontalgia,29093,0,ᚩᛞᚩᚾᛏᚪᛚᚷᛡ,485
asphodels,29092,0,ᚪᛋᛈᚻᚩᛞᛖᛚᛋ,505
frailness,29089,0,ᚠᚱᚪᛁᛚᚾᛖᛋᛋ,416
shereefian,29071,0,ᛋᚻᛖᚱᛖᛖᚠᛡᚾ,426
autotroph,29069,0,ᚪᚢᛏᚩᛏᚱᚩᛈᚻ,309
espressos,29055,0,ᛖᛋᛈᚱᛖᛋᛋᚩᛋ,407
barnacled,29053,0,ᛒᚪᚱᚾᚪᚳᛚᛖᛞ,537
atomisers,29045,0,ᚪᛏᚩᛗᛁᛋᛖᚱᛋ,449
chevelure,28984,0,ᚳᚻᛖᚢᛖᛚᚢᚱᛖ,327
rearguards,28975,0,ᚱᛠᚱᚷᚢᚪᚱᛞᛋ,401
anarchies,28960,0,ᚪᚾᚪᚱᚳᚻᛁᛖᛋ,421
pederasts,28931,0,ᛈᛖᛞᛖᚱᚪᛋᛏᛋ,539
coulisses,28930,0,ᚳᚩᚢᛚᛁᛋᛋᛖᛋ,353
redolence,28922,0,ᚱᛖᛞᚩᛚᛖᚾᚳᛖ,423
prognathic,28889,0,ᛈᚱᚩᚷᚾᚪᚦᛁᚳ,253
satisfier,28877,0,ᛋᚪᛏᛁᛋᚠᛁᛖᚱ,404
wheelsman,28849,0,ᚹᚻᛖᛖᛚᛋᛗᚪᚾ,499
collocalia,28811,0,ᚳᚩᛚᛚᚩᚳᚪᛚᛡ,463
bandoleer,28795,0,ᛒᚪᚾᛞᚩᛚᛖᛖᚱ,501
unlikeable,28754,0,ᚢᚾᛚᛁᚳᛠᛒᛚᛖ,459
wolfsbane,28744,0,ᚹᚩᛚᚠᛋᛒᚪᚾᛖ,408
goldbeater,28729,0,ᚷᚩᛚᛞᛒᛠᛏᛖᚱ,493
nullipara,28727,0,ᚾᚢᛚᛚᛁᛈᚪᚱᚪ,457
copulates,28725,0,ᚳᚩᛈᚢᛚᚪᛏᛖᛋ,415
duckweeds,28698,0,ᛞᚢᚳᚳᚹᛖᛖᛞᛋ,413
tollgates,28685,0,ᛏᚩᛚᛚᚷᚪᛏᛖᛋ,505
sermonize,28661,0,ᛋᛖᚱᛗᚩᚾᛁᛋᛖ,389
quindecim,28656,0,ᚳᚹᛁᚾᛞᛖᚳᛁᛗ,363
kerbstone,28656,0,ᚳᛖᚱᛒᛋᛏᚩᚾᛖ,367
indicants,28655,0,ᛁᚾᛞᛁᚳᚪᚾᛏᛋ,431
britannias,28655,0,ᛒᚱᛁᛏᚪᚾᚾᛡᛋ,477
sugarplum,28654,0,ᛋᚢᚷᚪᚱᛈᛚᚢᛗ,371
stanhopes,28640,0,ᛋᛏᚪᚾᚻᚩᛈᛖᛋ,431
cavaliero,28618,0,ᚳᚪᚢᚪᛚᛁᛖᚱᚩ,399
overweigh,28606,0,ᚩᚢᛖᚱᚹᛖᛁᚷᚻ,245
arseholes,28605,0,ᚪᚱᛋᛖᚻᚩᛚᛖᛋ,451
authorizer,28592,0,ᚪᚢᚦᚩᚱᛁᛋᛖᚱ,285
skydivers,28587,0,ᛋᚳᚣᛞᛁᚢᛖᚱᛋ,423
wordsmiths,28581,0,ᚹᚩᚱᛞᛋᛗᛁᚦᛋ,339
darnedest,28570,0,ᛞᚪᚱᚾᛖᛞᛖᛋᛏ,561
passovers,28519,0,ᛈᚪᛋᛋᚩᚢᛖᚱᛋ,387
doubleton,28475,0,ᛞᚩᚢᛒᛚᛖᛏᚩᚾ,395
flagrancy,28473,0,ᚠᛚᚪᚷᚱᚪᚾᚳᚣ,442
acetonemia,28471,0,ᚪᚳᛖᛏᚩᚾᛖᛗᛡ,517
pluralize,28469,0,ᛈᛚᚢᚱᚪᛚᛁᛋᛖ,451
aardvarks,28441,0,ᚪᚪᚱᛞᚢᚪᚱᚳᛋ,471
offscouring,28430,0,ᚩᚠᚠᛋᚳᚩᚢᚱᛝ,177
teguments,28424,0,ᛏᛖᚷᚢᛗᛖᚾᛏᛋ,425
snowslide,28409,0,ᛋᚾᚩᚹᛋᛚᛁᛞᛖ,421
furcations,28401,0,ᚠᚢᚱᚳᚪᛏᛡᚾᛋ,374
bagpipers,28328,0,ᛒᚪᚷᛈᛁᛈᛖᚱᛋ,423
metameres,28325,0,ᛗᛖᛏᚪᛗᛖᚱᛖᛋ,563
acidulate,28324,0,ᚪᚳᛁᛞᚢᛚᚪᛏᛖ,529
bouillons,28318,0,ᛒᚩᚢᛁᛚᛚᚩᚾᛋ,337
skiagraphs,28306,0,ᛋᚳᛡᚷᚱᚪᛈᚻᛋ,417
sforzando,28291,0,ᛋᚠᚩᚱᛋᚪᚾᛞᚩ,348
frondeurs,28284,0,ᚠᚱᚩᚾᛞᛖᚢᚱᛋ,272
catalyser,28252,0,ᚳᚪᛏᚪᛚᚣᛋᛖᚱ,573
sallyport,28247,0,ᛋᚪᛚᛚᚣᛈᚩᚱᛏ,519
tormenter,28234,0,ᛏᚩᚱᛗᛖᚾᛏᛖᚱ,381
troublers,28200,0,ᛏᚱᚩᚢᛒᛚᛖᚱᛋ,345
chinkapin,28183,0,ᚳᚻᛁᚾᚳᚪᛈᛁᚾ,309
revealment,28163,0,ᚱᛖᚢᛠᛚᛗᛖᚾᛏ,489
listerism,28163,0,ᛚᛁᛋᛏᛖᚱᛁᛋᛗ,449
liliputian,28139,0,ᛚᛁᛚᛁᛈᚢᛏᛡᚾ,449
vulgarians,28136,0,ᚢᚢᛚᚷᚪᚱᛡᚾᛋ,393
waspishly,28130,0,ᚹᚪᛋᛈᛁᛋᚻᛚᚣ,495
ambassage,28127,0,ᚪᛗᛒᚪᛋᛋᚪᚷᛖ,613
saunterer,28125,0,ᛋᚪᚢᚾᛏᛖᚱᛖᚱ,397
panellist,28125,0,ᛈᚪᚾᛖᛚᛚᛁᛋᛏ,525
unstacked,28116,0,ᚢᚾᛋᛏᚪᚳᚳᛖᛞ,423
directest,28089,0,ᛞᛁᚱᛖᚳᛏᛖᛋᛏ,449
pyocyanin,28070,0,ᛈᚣᚩᚳᚣᚪᚾᛁᚾ,455
taverners,28046,0,ᛏᚪᚢᛖᚱᚾᛖᚱᛋ,397
waterweed,28045,0,ᚹᚪᛏᛖᚱᚹᛖᛖᛞ,495
fishbones,28037,0,ᚠᛁᛋᚻᛒᚩᚾᛖᛋ,326
dailiness,28013,0,ᛞᚪᛁᛚᛁᚾᛖᛋᛋ,523
unslacked,28011,0,ᚢᚾᛋᛚᚪᚳᚳᛖᛞ,437
backrooms,27988,0,ᛒᚪᚳᚳᚱᚩᚩᛗᛋ,333
jubilance,27986,0,ᛂᚢᛒᛁᛚᚪᚾᚳᛖ,411
tailgates,27982,0,ᛏᚪᛁᛚᚷᚪᛏᛖᛋ,553
carboxyls,27954,0,ᚳᚪᚱᛒᚩᛉᚣᛚᛋ,465
rejoicingly,27944,0,ᚱᛖᛂᚩᛁᚳᛝᛚᚣ,421
mattapony,27941,0,ᛗᚪᛏᛏᚪᛈᚩᚾᚣ,565
concentre,27938,0,ᚳᚩᚾᚳᛖᚾᛏᚱᛖ,295
hotplates,27925,0,ᚻᚩᛏᛈᛚᚪᛏᛖᛋ,481
megaceros,27920,0,ᛗᛖᚷᚪᚳᛖᚱᚩᛋ,403
promisees,27892,0,ᛈᚱᚩᛗᛁᛋᛖᛖᛋ,403
seconders,27851,0,ᛋᛖᚳᚩᚾᛞᛖᚱᛋ,389
antiheroes,27839,0,ᚪᚾᛏᛁᚻᛖᚱᛟᛋ,453
appetiser,27822,0,ᚪᛈᛈᛖᛏᛁᛋᛖᚱ,471
kickshaws,27814,0,ᚳᛁᚳᚳᛋᚻᚪᚹᛋ,315
diffracts,27814,0,ᛞᛁᚠᚠᚱᚪᚳᛏᛋ,357
tactually,27805,0,ᛏᚪᚳᛏᚢᚪᛚᛚᚣ,577
limonites,27796,0,ᛚᛁᛗᚩᚾᛁᛏᛖᛋ,421
lacerates,27794,0,ᛚᚪᚳᛖᚱᚪᛏᛖᛋ,537
unalarmed,27779,0,ᚢᚾᚪᛚᚪᚱᛗᛖᛞ,537
incurvate,27756,0,ᛁᚾᚳᚢᚱᚢᚪᛏᛖ,313
plimsolls,27727,0,ᛈᛚᛁᛗᛋᚩᛚᛚᛋ,477
rockiness,27707,0,ᚱᚩᚳᚳᛁᚾᛖᛋᛋ,277
navicella,27695,0,ᚾᚪᚢᛁᚳᛖᛚᛚᚪ,483
floorcloth,27684,0,ᚠᛚᚩᚩᚱᚳᛚᚩᚦ,198
triumviri,27682,0,ᛏᚱᛁᚢᛗᚢᛁᚱᛁ,251
wittiness,27673,0,ᚹᛁᛏᛏᛁᚾᛖᛋᛋ,401
knaveries,27619,0,ᚳᚾᚪᚢᛖᚱᛁᛖᛋ,371
credendum,27596,0,ᚳᚱᛖᛞᛖᚾᛞᚢᛗ,439
prioresses,27591,0,ᛈᚱᛡᚱᛖᛋᛋᛖᛋ,465
shamanist,27582,0,ᛋᚻᚪᛗᚪᚾᛁᛋᛏ,513
oleophilic,27571,0,ᚩᛚᛇᛈᚻᛁᛚᛁᚳ,335
araucarias,27569,0,ᚪᚱᚪᚢᚳᚪᚱᛡᛋ,489
pediatrist,27564,0,ᛈᛖᛞᛡᛏᚱᛁᛋᛏ,519
germanize,27561,0,ᚷᛖᚱᛗᚪᚾᛁᛋᛖ,443
climbable,27543,0,ᚳᛚᛁᛗᛒᚪᛒᛚᛖ,547
macrozamia,27534,0,ᛗᚪᚳᚱᚩᛋᚪᛗᛡ,527
piquantly,27523,0,ᛈᛁᚳᚹᚪᚾᛏᛚᚣ,467
israelitic,27502,0,ᛁᛋᚱᚫᛚᛁᛏᛁᚳ,403
desolates,27494,0,ᛞᛖᛋᚩᛚᚪᛏᛖᛋ,565
pixilated,27489,0,ᛈᛁᛉᛁᛚᚪᛏᛖᛞ,537
collinses,27483,0,ᚳᚩᛚᛚᛁᚾᛋᛖᛋ,399
brushlike,27464,0,ᛒᚱᚢᛋᚻᛚᛁᚳᛖ,335
pardoners,27460,0,ᛈᚪᚱᛞᚩᚾᛖᚱᛋ,407
blackpoll,27459,0,ᛒᛚᚪᚳᚳᛈᚩᛚᛚ,453
practique,27439,0,ᛈᚱᚪᚳᛏᛁᚳᚹᛖ,353
pollinium,27435,0,ᛈᚩᛚᛚᛁᚾᛁᚢᛗ,361
galantine,27416,0,ᚷᚪᛚᚪᚾᛏᛁᚾᛖ,499
protracts,27412,0,ᛈᚱᚩᛏᚱᚪᚳᛏᛋ,353
genitally,27403,0,ᚷᛖᚾᛁᛏᚪᛚᛚᚣ,549
pussycats,27394,0,ᛈᚢᛋᛋᚣᚳᚪᛏᛋ,477
sharecrop,27393,0,ᛋᚻᚪᚱᛖᚳᚱᚩᛈ,325
micraster,27391,0,ᛗᛁᚳᚱᚪᛋᛏᛖᚱ,413
tangencies,27372,0,ᛏᚪᛝᛖᚾᚳᛁᛖᛋ,495
anglophobe,27368,0,ᚪᛝᛚᚩᛈᚻᚩᛒᛖ,457
disputers,27320,0,ᛞᛁᛋᛈᚢᛏᛖᚱᛋ,409
lutenists,27318,0,ᛚᚢᛏᛖᚾᛁᛋᛏᛋ,427
birdcalls,27304,0,ᛒᛁᚱᛞᚳᚪᛚᛚᛋ,501
mutsuhito,27295,0,ᛗᚢᛏᛋᚢᚻᛁᛏᚩ,309
nonkosher,27255,0,ᚾᚩᚾᚳᚩᛋᚻᛖᚱ,239
haplessly,27228,0,ᚻᚪᛈᛚᛖᛋᛋᛚᚣ,585
lumberers,27197,0,ᛚᚢᛗᛒᛖᚱᛖᚱᛋ,417
putrefies,27188,0,ᛈᚢᛏᚱᛖᚠᛁᛖᛋ,336
fortifier,27145,0,ᚠᚩᚱᛏᛁᚠᛁᛖᚱ,221
colanders,27122,0,ᚳᚩᛚᚪᚾᛞᛖᚱᛋ,439
diatomites,27121,0,ᛞᛡᛏᚩᛗᛁᛏᛖᛋ,543
manhunter,27114,0,ᛗᚪᚾᚻᚢᚾᛏᛖᚱ,389
sunstruck,27112,0,ᛋᚢᚾᛋᛏᚱᚢᚳᚳ,237
ectomorph,27097,0,ᛖᚳᛏᚩᛗᚩᚱᛈᚻ,301
vigesimal,27085,0,ᚢᛁᚷᛖᛋᛁᛗᚪᛚ,443
brooklets,27084,0,ᛒᚱᚩᚩᚳᛚᛖᛏᛋ,351
shellback,27080,0,ᛋᚻᛖᛚᛚᛒᚪᚳᚳ,473
cunctator,27057,0,ᚳᚢᚾᚳᛏᚪᛏᚩᚱ,291
spinnable,27055,0,ᛋᛈᛁᚾᚾᚪᛒᛚᛖ,483
underpart,27040,0,ᚢᚾᛞᛖᚱᛈᚪᚱᛏ,409
custodies,27040,0,ᚳᚢᛋᛏᚩᛞᛁᛖᛋ,375
saintlike,27009,0,ᛋᚪᛁᚾᛏᛚᛁᚳᛖ,453
bighearted,27005,0,ᛒᛁᚷᚻᛠᚱᛏᛖᛞ,467
voodooism,27000,0,ᚢᚩᚩᛞᚩᚩᛁᛋᛗ,275
dramatism,26988,0,ᛞᚱᚪᛗᚪᛏᛁᛋᛗ,579
manganates,26985,0,ᛗᚪᛝᚪᚾᚪᛏᛖᛋ,649
brainiest,26975,0,ᛒᚱᚪᛁᚾᛁᛖᛋᛏ,439
stablishing,26966,0,ᛋᛏᚪᛒᛚᛁᛋᚻᛝ,529
heronries,26965,0,ᚻᛖᚱᚩᚾᚱᛁᛖᛋ,299
burnsides,26965,0,ᛒᚢᚱᚾᛋᛁᛞᛖᛋ,397
escapists,26957,0,ᛖᛋᚳᚪᛈᛁᛋᛏᛋ,469
decompile,26953,0,ᛞᛖᚳᚩᛗᛈᛁᛚᛖ,461
coroneted,26951,0,ᚳᚩᚱᚩᚾᛖᛏᛖᛞ,349
overacted,26947,0,ᚩᚢᛖᚱᚪᚳᛏᛖᛞ,413
anoestrous,26944,0,ᚪᚾᛟᛋᛏᚱᚩᚢᛋ,395
antipapal,26925,0,ᚪᚾᛏᛁᛈᚪᛈᚪᛚ,569
trustiest,26907,0,ᛏᚱᚢᛋᛏᛁᛖᛋᛏ,395
unfastens,26901,0,ᚢᚾᚠᚪᛋᛏᛖᚾᛋ,392
liquorish,26895,0,ᛚᛁᚳᚹᚩᚱᛁᛋᚻ,261
chargeman,26881,0,ᚳᚻᚪᚱᚷᛖᛗᚪᚾ,425
oncidiums,26868,0,ᚩᚾᚳᛁᛞᛁᚢᛗᛋ,327
ululations,26864,0,ᚢᛚᚢᛚᚪᛏᛡᚾᛋ,497
forgivingly,26863,0,ᚠᚩᚱᚷᛁᚢᛝᛚᚣ,326
capybaras,26846,0,ᚳᚪᛈᚣᛒᚪᚱᚪᛋ,575
bushwhack,26846,0,ᛒᚢᛋᚻᚹᚻᚪᚳᚳ,305
glasswort,26845,0,ᚷᛚᚪᛋᛋᚹᚩᚱᛏ,389
perfidies,26834,0,ᛈᛖᚱᚠᛁᛞᛁᛖᛋ,394
spitballs,26816,0,ᛋᛈᛁᛏᛒᚪᛚᛚᛋ,543
cankerous,26807,0,ᚳᚪᚾᚳᛖᚱᚩᚢᛋ,293
outspreading,26793,0,ᚩᚢᛏᛋᛈᚱᛠᛞᛝ,453
haughtier,26789,0,ᚻᚪᚢᚷᚻᛏᛁᛖᚱ,331
timpanist,26779,0,ᛏᛁᛗᛈᚪᚾᛁᛋᛏ,473
epithalamia,26772,0,ᛖᛈᛁᚦᚪᛚᚪᛗᛡ,591
prelature,26769,0,ᛈᚱᛖᛚᚪᛏᚢᚱᛖ,431
soapberry,26764,0,ᛋᚩᚪᛈᛒᛖᚱᚱᚣ,453
eunuchoid,26764,0,ᛖᚢᚾᚢᚳᚻᚩᛁᛞ,265
takedowns,26763,0,ᛏᚪᚳᛖᛞᚩᚹᚾᛋ,433
blindside,26753,0,ᛒᛚᛁᚾᛞᛋᛁᛞᛖ,523
rheumatiz,26740,0,ᚱᚻᛖᚢᛗᚪᛏᛁᛋ,415
woodiness,26736,0,ᚹᚩᚩᛞᛁᚾᛖᛋᛋ,355
bookstand,26733,0,ᛒᚩᚩᚳᛋᛏᚪᚾᛞ,415
banteringly,26731,0,ᛒᚪᚾᛏᛖᚱᛝᛚᚣ,579
mundanely,26718,0,ᛗᚢᚾᛞᚪᚾᛖᛚᚣ,561
plaisters,26712,0,ᛈᛚᚪᛁᛋᛏᛖᚱᛋ,487
scapulary,26679,0,ᛋᚳᚪᛈᚢᛚᚪᚱᚣ,493
diemakers,26667,0,ᛞᛁᛖᛗᚪᚳᛖᚱᛋ,499
damageable,26658,0,ᛞᚪᛗᚪᚷᛠᛒᛚᛖ,681
practician,26646,0,ᛈᚱᚪᚳᛏᛁᚳᛡᚾ,403
coprolalia,26643,0,ᚳᚩᛈᚱᚩᛚᚪᛚᛡ,431
condicions,26641,0,ᚳᚩᚾᛞᛁᚳᛡᚾᛋ,371
disburser,26639,0,ᛞᛁᛋᛒᚢᚱᛋᛖᚱ,379
unshackling,26636,0,ᚢᚾᛋᚻᚪᚳᚳᛚᛝ,383
waggishly,26608,0,ᚹᚪᚷᚷᛁᛋᚻᛚᚣ,433
reanimates,26568,0,ᚱᛠᚾᛁᛗᚪᛏᛖᛋ,527
lustiness,26566,0,ᛚᚢᛋᛏᛁᚾᛖᛋᛋ,421
waistcloth,26562,0,ᚹᚪᛁᛋᛏᚳᛚᚩᚦ,357
coolheaded,26551,0,ᚳᚩᚩᛚᚻᛠᛞᛖᛞ,477
autoicous,26536,0,ᚪᚢᛏᚩᛁᚳᚩᚢᛋ,273
polewards,26534,0,ᛈᚩᛚᛖᚹᚪᚱᛞᛋ,459
huaraches,26529,0,ᚻᚢᚪᚱᚪᚳᚻᛖᛋ,387
cenobites,26524,0,ᚳᛖᚾᚩᛒᛁᛏᛖᛋ,387
jewelweed,26514,0,ᛂᛖᚹᛖᛚᚹᛖᛖᛞ,505
franticly,26509,0,ᚠᚱᚪᚾᛏᛁᚳᛚᚣ,418
mundanity,26507,0,ᛗᚢᚾᛞᚪᚾᛁᛏᚣ,511
topminnow,26497,0,ᛏᚩᛈᛗᛁᚾᚾᚩᚹ,295
firebirds,26486,0,ᚠᛁᚱᛖᛒᛁᚱᛞᛋ,356
sparklingly,26454,0,ᛋᛈᚪᚱᚳᛚᛝᛚᚣ,545
chapattis,26452,0,ᚳᚻᚪᛈᚪᛏᛏᛁᛋ,475
stretchings,26437,0,ᛋᛏᚱᛖᛏᚳᚻᛝᛋ,417
guildsman,26425,0,ᚷᚢᛁᛚᛞᛋᛗᚪᚾ,463
bakeshops,26419,0,ᛒᚪᚳᛖᛋᚻᚩᛈᛋ,417
secrecies,26407,0,ᛋᛖᚳᚱᛖᚳᛁᛖᛋ,375
mouselike,26336,0,ᛗᚩᚢᛋᛖᛚᛁᚳᛖ,385
unreturning,26327,0,ᚢᚾᚱᛖᛏᚢᚱᚾᛝ,291
tearjerker,26315,0,ᛏᛠᚱᛂᛖᚱᚳᛖᚱ,385
orangewood,26307,0,ᚩᚱᚪᛝᛖᚹᚩᚩᛞ,383
mockernut,26307,0,ᛗᚩᚳᚳᛖᚱᚾᚢᛏ,273
revictual,26301,0,ᚱᛖᚢᛁᚳᛏᚢᚪᛚ,357
imbroglios,26300,0,ᛁᛗᛒᚱᚩᚷᛚᛡᛋ,431
woodpigeon,26294,0,ᚹᚩᚩᛞᛈᛁᚷᛇᚾ,283
misteries,26253,0,ᛗᛁᛋᛏᛖᚱᛁᛖᛋ,443
unperfect,26245,0,ᚢᚾᛈᛖᚱᚠᛖᚳᛏ,294
asserters,26243,0,ᚪᛋᛋᛖᚱᛏᛖᚱᛋ,471
polytonal,26233,0,ᛈᚩᛚᚣᛏᚩᚾᚪᛚ,491
eburnation,26226,0,ᛖᛒᚢᚱᚾᚪᛏᛡᚾ,463
snowsuits,26215,0,ᛋᚾᚩᚹᛋᚢᛁᛏᛋ,307
cartogram,26213,0,ᚳᚪᚱᛏᚩᚷᚱᚪᛗ,383
mummichog,26212,0,ᛗᚢᛗᛗᛁᚳᚻᚩᚷ,307
sonometer,26195,0,ᛋᚩᚾᚩᛗᛖᛏᛖᚱ,371
parietaria,26184,0,ᛈᚪᚱᛁᛖᛏᚪᚱᛡ,523
copyreader,26175,0,ᚳᚩᛈᚣᚱᛠᛞᛖᚱ,453
hiddenite,26172,0,ᚻᛁᛞᛞᛖᚾᛁᛏᛖ,485
misspells,26162,0,ᛗᛁᛋᛋᛈᛖᛚᛚᛋ,517
evenement,26153,0,ᛖᚢᛖᚾᛖᛗᛖᚾᛏ,459
toadstone,26147,0,ᛏᚩᚪᛞᛋᛏᚩᚾᛖ,467
braunches,26137,0,ᛒᚱᚪᚢᚾᚳᚻᛖᛋ,357
strappado,26131,0,ᛋᛏᚱᚪᛈᛈᚪᛞᚩ,499
usherette,26104,0,ᚢᛋᚻᛖᚱᛖᛏᛏᛖ,409
grandaunt,26081,0,ᚷᚱᚪᚾᛞᚪᚢᚾᛏ,431
freezable,26067,0,ᚠᚱᛖᛖᛋᚪᛒᛚᛖ,498
sheikdoms,26061,0,ᛋᚻᛖᛁᚳᛞᚩᛗᛋ,407
quadruply,26059,0,ᚳᚹᚪᛞᚱᚢᛈᛚᚣ,451
alluviums,26054,0,ᚪᛚᛚᚢᚢᛁᚢᛗᛋ,407
grapelike,26049,0,ᚷᚱᚪᛈᛖᛚᛁᚳᛖ,419
danseuses,26046,0,ᛞᚪᚾᛋᛖᚢᛋᛖᛋ,511
ozocerite,26028,0,ᚩᛋᚩᚳᛖᚱᛁᛏᛖ,315
sauceboat,26020,0,ᛋᚪᚢᚳᛖᛒᚩᚪᛏ,457
maharanee,26020,0,ᛗᚪᚻᚪᚱᚪᚾᛖᛖ,559
malebolge,26012,0,ᛗᚪᛚᛖᛒᚩᛚᚷᛖ,533
mordantly,26009,0,ᛗᚩᚱᛞᚪᚾᛏᛚᚣ,539
hallmarking,25995,0,ᚻᚪᛚᛚᛗᚪᚱᚳᛝ,537
undesigning,25992,0,ᚢᚾᛞᛖᛋᛁᚷᚾᛝ,397
autoloading,25992,0,ᚪᚢᛏᚩᛚᚩᚪᛞᛝ,511
cryptogam,25990,0,ᚳᚱᚣᛈᛏᚩᚷᚪᛗ,421
iroquoians,25966,0,ᛁᚱᚩᚳᚹᚩᛡᚾᛋ,277
kerfuffle,25963,0,ᚳᛖᚱᚠᚢᚠᚠᛚᛖ,240
himyarite,25962,0,ᚻᛁᛗᚣᚪᚱᛁᛏᛖ,493
hosteller,25952,0,ᚻᚩᛋᛏᛖᛚᛚᛖᚱ,433
giottesque,25939,0,ᚷᛡᛏᛏᛖᛋᚳᚹᛖ,461
calenture,25930,0,ᚳᚪᛚᛖᚾᛏᚢᚱᛖ,419
unpursued,25899,0,ᚢᚾᛈᚢᚱᛋᚢᛖᛞ,301
zeuglodon,25884,0,ᛋᛖᚢᚷᛚᚩᛞᚩᚾ,345
monitress,25874,0,ᛗᚩᚾᛁᛏᚱᛖᛋᛋ,381
deodorised,25869,0,ᛞᛇᛞᚩᚱᛁᛋᛖᛞ,477
concentus,25852,0,ᚳᚩᚾᚳᛖᚾᛏᚢᛋ,273
smatterings,25845,0,ᛋᛗᚪᛏᛏᛖᚱᛝᛋ,549
bonhommie,25844,0,ᛒᚩᚾᚻᚩᛗᛗᛁᛖ,367
lancelets,25819,0,ᛚᚪᚾᚳᛖᛚᛖᛏᛋ,531
cupbearers,25806,0,ᚳᚢᛈᛒᛠᚱᛖᚱᛋ,371
sunniness,25794,0,ᛋᚢᚾᚾᛁᚾᛖᛋᛋ,347
jollities,25788,0,ᛂᚩᛚᛚᛁᛏᛁᛖᛋ,431
polypheme,25785,0,ᛈᚩᛚᚣᛈᚻᛖᛗᛖ,497
apparency,25782,0,ᚪᛈᛈᚪᚱᛖᚾᚳᚣ,503
herschels,25781,0,ᚻᛖᚱᛋᚳᚻᛖᛚᛋ,383
academism,25773,0,ᚪᚳᚪᛞᛖᛗᛁᛋᛗ,589
coiffured,25752,0,ᚳᚩᛁᚠᚠᚢᚱᛖᛞ,225
affrighting,25746,0,ᚪᚠᚠᚱᛁᚷᚻᛏᛝ,321
skiagraphy,25736,0,ᛋᚳᛡᚷᚱᚪᛈᚻᚣ,467
sermonising,25736,0,ᛋᛖᚱᛗᚩᚾᛁᛋᛝ,401
microwatt,25725,0,ᛗᛁᚳᚱᚩᚹᚪᛏᛏ,367
unhopeful,25724,0,ᚢᚾᚻᚩᛈᛖᚠᚢᛚ,250
butteries,25724,0,ᛒᚢᛏᛏᛖᚱᛁᛖᛋ,411
buckaroos,25723,0,ᛒᚢᚳᚳᚪᚱᚩᚩᛋ,265
masteries,25711,0,ᛗᚪᛋᛏᛖᚱᛁᛖᛋ,509
catenated,25711,0,ᚳᚪᛏᛖᚾᚪᛏᛖᛞ,577
chorusses,25706,0,ᚳᚻᚩᚱᚢᛋᛋᛖᛋ,283
starvelings,25694,0,ᛋᛏᚪᚱᚢᛖᛚᛝᛋ,495
featherbeds,25683,0,ᚠᛠᚦᛖᚱᛒᛖᛞᛋ,464
redbreasts,25680,0,ᚱᛖᛞᛒᚱᛠᛋᛏᛋ,513
paparazzo,25673,0,ᛈᚪᛈᚪᚱᚪᛋᛋᚩ,501
featherlike,25659,0,ᚠᛠᚦᛖᚱᛚᛁᚳᛖ,378
browntail,25641,0,ᛒᚱᚩᚹᚾᛏᚪᛁᛚ,387
roomettes,25634,0,ᚱᚩᚩᛗᛖᛏᛏᛖᛋ,401
allegeance,25626,0,ᚪᛚᛚᛖᚷᛠᚾᚳᛖ,545
backbiter,25610,0,ᛒᚪᚳᚳᛒᛁᛏᛖᚱ,413
thirteenths,25604,0,ᚦᛁᚱᛏᛖᛖᚾᚦᛋ,327
blusterer,25599,0,ᛒᛚᚢᛋᛏᛖᚱᛖᚱ,405
narcotizing,25592,0,ᚾᚪᚱᚳᚩᛏᛁᛋᛝ,379
madnesses,25582,0,ᛗᚪᛞᚾᛖᛋᛋᛖᛋ,579
knotgrass,25580,0,ᚳᚾᚩᛏᚷᚱᚪᛋᛋ,339
unshriven,25575,0,ᚢᚾᛋᚻᚱᛁᚢᛖᚾ,249
coleworts,25561,0,ᚳᚩᛚᛖᚹᚩᚱᛏᛋ,309
stumblingly,25545,0,ᛋᛏᚢᛗᛒᛚᛝᛚᚣ,575
debonaire,25534,0,ᛞᛖᛒᚩᚾᚪᛁᚱᛖ,459
misleaders,25529,0,ᛗᛁᛋᛚᛠᛞᛖᚱᛋ,557
endomorph,25518,0,ᛖᚾᛞᚩᛗᚩᚱᛈᚻ,347
unsatiated,25516,0,ᚢᚾᛋᚪᛏᛡᛏᛖᛞ,563
cornelians,25513,0,ᚳᚩᚱᚾᛖᛚᛡᚾᛋ,389
housekeep,25492,0,ᚻᚩᚢᛋᛖᚳᛖᛖᛈ,343
icehouses,25477,0,ᛁᚳᛖᚻᚩᚢᛋᛖᛋ,317
unplucked,25425,0,ᚢᚾᛈᛚᚢᚳᚳᛖᛞ,333
dictamnus,25406,0,ᛞᛁᚳᛏᚪᛗᚾᚢᛋ,445
mackinaws,25395,0,ᛗᚪᚳᚳᛁᚾᚪᚹᛋ,423
bulwarked,25364,0,ᛒᚢᛚᚹᚪᚱᚳᛖᛞ,433
bucentaur,25343,0,ᛒᚢᚳᛖᚾᛏᚪᚢᚱ,343
dipsticks,25330,0,ᛞᛁᛈᛋᛏᛁᚳᚳᛋ,385
jumpiness,25317,0,ᛂᚢᛗᛈᛁᚾᛖᛋᛋ,387
stickiest,25314,0,ᛋᛏᛁᚳᚳᛁᛖᛋᛏ,379
purgations,25296,0,ᛈᚢᚱᚷᚪᛏᛡᚾᛋ,419
palliations,25293,0,ᛈᚪᛚᛚᛡᛏᛡᚾᛋ,641
juiceless,25245,0,ᛂᚢᛁᚳᛖᛚᛖᛋᛋ,397
renunciant,25234,0,ᚱᛖᚾᚢᚾᚳᛡᚾᛏ,347
hardstand,25224,0,ᚻᚪᚱᛞᛋᛏᚪᚾᛞ,547
courtesying,25215,0,ᚳᚩᚢᚱᛏᛖᛋᚣᛝ,395
berrylike,25190,0,ᛒᛖᚱᚱᚣᛚᛁᚳᛖ,437
superadds,25187,0,ᛋᚢᛈᛖᚱᚪᛞᛞᛋ,505
brochette,25187,0,ᛒᚱᚩᚳᚻᛖᛏᛏᛖ,367
pyrethrums,25176,0,ᛈᚣᚱᛖᚦᚱᚢᛗᛋ,367
woodpiles,25171,0,ᚹᚩᚩᛞᛈᛁᛚᛖᛋ,389
monazites,25168,0,ᛗᚩᚾᚪᛋᛁᛏᛖᛋ,467
cauteries,25153,0,ᚳᚪᚢᛏᛖᚱᛁᛖᛋ,401
believingly,25146,0,ᛒᛖᛚᛁᛖᚢᛝᛚᚣ,557
untempted,25144,0,ᚢᚾᛏᛖᛗᛈᛏᛖᛞ,487
chastiser,25139,0,ᚳᚻᚪᛋᛏᛁᛋᛖᚱ,407
prorogues,25131,0,ᛈᚱᚩᚱᚩᚷᚢᛖᛋ,219
bamboozling,25122,0,ᛒᚪᛗᛒᚩᚩᛋᛚᛝ,509
handwrite,25121,0,ᚻᚪᚾᛞᚹᚱᛁᛏᛖ,425
straplike,25120,0,ᛋᛏᚱᚪᛈᛚᛁᚳᛖ,447
watchband,25095,0,ᚹᚪᛏᚳᚻᛒᚪᚾᛞ,487
deceivingly,25087,0,ᛞᛖᚳᛖᛁᚢᛝᛚᚣ,525
socotrine,25082,0,ᛋᚩᚳᚩᛏᚱᛁᚾᛖ,277
tormentil,25071,0,ᛏᚩᚱᛗᛖᚾᛏᛁᛚ,407
systemize,25038,0,ᛋᚣᛋᛏᛖᛗᛁᛋᛖ,557
tunefully,25032,0,ᛏᚢᚾᛖᚠᚢᛚᛚᚣ,412
biospheres,25023,0,ᛒᛡᛋᛈᚻᛖᚱᛖᛋ,485
dowerless,25000,0,ᛞᚩᚹᛖᚱᛚᛖᛋᛋ,439
cicatrize,24977,0,ᚳᛁᚳᚪᛏᚱᛁᛋᛖ,375
cotangents,24921,0,ᚳᚩᛏᚪᛝᛖᚾᛏᛋ,463
hurtfully,24878,0,ᚻᚢᚱᛏᚠᚢᛚᛚᚣ,350
demandingly,24867,0,ᛞᛖᛗᚪᚾᛞᛝᛚᚣ,697
gallipots,24850,0,ᚷᚪᛚᛚᛁᛈᚩᛏᛋ,453
neckpiece,24845,0,ᚾᛖᚳᚳᛈᛁᛖᚳᛖ,343
controuling,24828,0,ᚳᚩᚾᛏᚱᚩᚢᛚᛝ,281
parcheesi,24815,0,ᛈᚪᚱᚳᚻᛖᛖᛋᛁ,405
kharijite,24810,0,ᚳᚻᚪᚱᛁᛂᛁᛏᛖ,369
protegees,24801,0,ᛈᚱᚩᛏᛖᚷᛖᛖᛋ,391
sphacelus,24788,0,ᛋᛈᚻᚪᚳᛖᛚᚢᛋ,425
treadwheel,24780,0,ᛏᚱᛠᛞᚹᚻᛖᛖᛚ,517
compliancy,24774,0,ᚳᚩᛗᛈᛚᛡᚾᚳᚣ,459
macerator,24756,0,ᛗᚪᚳᛖᚱᚪᛏᚩᚱ,433
rusticating,24737,0,ᚱᚢᛋᛏᛁᚳᚪᛏᛝ,405
sectionals,24715,0,ᛋᛖᚳᛏᛡᚾᚪᛚᛋ,551
horsemint,24683,0,ᚻᚩᚱᛋᛖᛗᛁᚾᛏ,351
fishplate,24669,0,ᚠᛁᛋᚻᛈᛚᚪᛏᛖ,448
parodists,24654,0,ᛈᚪᚱᚩᛞᛁᛋᛏᛋ,443
solderers,24643,0,ᛋᚩᛚᛞᛖᚱᛖᚱᛋ,431
binnacles,24635,0,ᛒᛁᚾᚾᚪᚳᛚᛖᛋ,453
protistan,24614,0,ᛈᚱᚩᛏᛁᛋᛏᚪᚾ,389
unsmilingly,24611,0,ᚢᚾᛋᛗᛁᛚᛝᛚᚣ,515
penchants,24594,0,ᛈᛖᚾᚳᚻᚪᚾᛏᛋ,413
distorter,24577,0,ᛞᛁᛋᛏᚩᚱᛏᛖᚱ,387
demophoon,24567,0,ᛞᛖᛗᚩᛈᚻᚩᚩᚾ,343
impugners,24548,0,ᛁᛗᛈᚢᚷᚾᛖᚱᛋ,325
unbaffled,24537,0,ᚢᚾᛒᚪᚠᚠᛚᛖᛞ,423
abolitions,24526,0,ᚪᛒᚩᛚᛁᛏᛡᚾᛋ,517
pressmark,24515,0,ᛈᚱᛖᛋᛋᛗᚪᚱᚳ,419
mirthfully,24512,0,ᛗᛁᚱᚦᚠᚢᛚᛚᚣ,372
subverter,24492,0,ᛋᚢᛒᚢᛖᚱᛏᛖᚱ,335
butterbur,24488,0,ᛒᚢᛏᛏᛖᚱᛒᚢᚱ,335
bobtailed,24481,0,ᛒᚩᛒᛏᚪᛁᛚᛖᛞ,545
chevrette,24468,0,ᚳᚻᛖᚢᚱᛖᛏᛏᛖ,369
cinchonas,24462,0,ᚳᛁᚾᚳᚻᚩᚾᚪᛋ,295
lousiness,24461,0,ᛚᚩᚢᛋᛁᚾᛖᛋᛋ,369
tantalise,24441,0,ᛏᚪᚾᛏᚪᛚᛁᛋᛖ,565
reentries,24425,0,ᚱᛖᛖᚾᛏᚱᛁᛖᛋ,395
trisected,24424,0,ᛏᚱᛁᛋᛖᚳᛏᛖᛞ,449
signorino,24410,0,ᛋᛁᚷᚾᚩᚱᛁᚾᚩ,215
brachiation,24393,0,ᛒᚱᚪᚳᚻᛡᛏᛡᚾ,507
astragals,24379,0,ᚪᛋᛏᚱᚪᚷᚪᛚᛋ,557
nonfreezing,24372,0,ᚾᚩᚾᚠᚱᛖᛖᛋᛝ,344
satisfice,24368,0,ᛋᚪᛏᛁᛋᚠᛁᚳᛖ,406
corruptor,24366,0,ᚳᚩᚱᚱᚢᛈᛏᚩᚱ,165
newssheet,24356,0,ᚾᛖᚹᛋᛋᚻᛖᛖᛏ,437
acetylate,24341,0,ᚪᚳᛖᛏᚣᛚᚪᛏᛖ,635
prodigall,24330,0,ᛈᚱᚩᛞᛁᚷᚪᛚᛚ,441
liturgics,24330,0,ᛚᛁᛏᚢᚱᚷᛁᚳᛋ,291
hoydenish,24323,0,ᚻᚩᚣᛞᛖᚾᛁᛋᚻ,425
submaster,24320,0,ᛋᚢᛒᛗᚪᛋᛏᛖᚱ,475
corbeille,24310,0,ᚳᚩᚱᛒᛖᛁᛚᛚᛖ,403
binomially,24289,0,ᛒᛁᚾᚩᛗᛡᛚᛚᚣ,555
sheikhdom,24273,0,ᛋᚻᛖᛁᚳᚻᛞᚩᛗ,377
bondwomen,24265,0,ᛒᚩᚾᛞᚹᚩᛗᛖᚾ,379
nasalised,24250,0,ᚾᚪᛋᚪᛚᛁᛋᛖᛞ,589
unweighed,24226,0,ᚢᚾᚹᛖᛁᚷᚻᛖᛞ,345
wholefood,24223,0,ᚹᚻᚩᛚᛖᚠᚩᚩᛞ,294
communize,24220,0,ᚳᚩᛗᛗᚢᚾᛁᛋᛖ,345
hippocras,24209,0,ᚻᛁᛈᛈᚩᚳᚱᚪᛋ,321
eavesdrops,24208,0,ᛠᚢᛖᛋᛞᚱᚩᛈᛋ,435
gossamers,24205,0,ᚷᚩᛋᛋᚪᛗᛖᚱᛋ,429
oleographs,24202,0,ᚩᛚᛇᚷᚱᚪᛈᚻᛋ,365
flamelike,24183,0,ᚠᛚᚪᛗᛖᛚᛁᚳᛖ,494
revokable,24175,0,ᚱᛖᚢᚩᚳᚪᛒᛚᛖ,399
pembrokes,24137,0,ᛈᛖᛗᛒᚱᚩᚳᛖᛋ,393
blitheness,24133,0,ᛒᛚᛁᚦᛖᚾᛖᛋᛋ,439
destructs,24130,0,ᛞᛖᛋᛏᚱᚢᚳᛏᛋ,407
parfleche,24100,0,ᛈᚪᚱᚠᛚᛖᚳᚻᛖ,396
imposthume,24086,0,ᛁᛗᛈᚩᛋᚦᚢᛗᛖ,351
genealogic,24079,0,ᚷᛖᚾᛠᛚᚩᚷᛁᚳ,363
compeller,24034,0,ᚳᚩᛗᛈᛖᛚᛚᛖᚱ,425
siccative,24030,0,ᛋᛁᚳᚳᚪᛏᛁᚢᛖ,367
hispanism,24009,0,ᚻᛁᛋᛈᚪᚾᛁᛋᛗ,431
autotypes,24005,0,ᚪᚢᛏᚩᛏᚣᛈᛖᛋ,491
unsatiable,23984,0,ᚢᚾᛋᚪᛏᛡᛒᛚᛖ,549
cannulate,23978,0,ᚳᚪᚾᚾᚢᛚᚪᛏᛖ,467
adulations,23945,0,ᚪᛞᚢᛚᚪᛏᛡᚾᛋ,607
sandiness,23942,0,ᛋᚪᚾᛞᛁᚾᛖᛋᛋ,501
sketchers,23938,0,ᛋᚳᛖᛏᚳᚻᛖᚱᛋ,359
obsoletes,23924,0,ᚩᛒᛋᚩᛚᛖᛏᛖᛋ,447
lingonberry,23910,0,ᛚᛝᚩᚾᛒᛖᚱᚱᚣ,441
winsomely,23902,0,ᚹᛁᚾᛋᚩᛗᛖᛚᚣ,453
sheeplike,23900,0,ᛋᚻᛖᛖᛈᛚᛁᚳᛖ,437
stonelike,23861,0,ᛋᛏᚩᚾᛖᛚᛁᚳᛖ,399
imprecate,23855,0,ᛁᛗᛈᚱᛖᚳᚪᛏᛖ,459
sailboard,23851,0,ᛋᚪᛁᛚᛒᚩᚪᚱᛞ,519
calliopsis,23847,0,ᚳᚪᛚᛚᛡᛈᛋᛁᛋ,543
whodunits,23846,0,ᚹᚻᚩᛞᚢᚾᛁᛏᛋ,313
consigner,23844,0,ᚳᚩᚾᛋᛁᚷᚾᛖᚱ,257
adamastor,23844,0,ᚪᛞᚪᛗᚪᛋᛏᚩᚱ,581
allantoid,23840,0,ᚪᛚᛚᚪᚾᛏᚩᛁᛞ,555
unskimmed,23833,0,ᚢᚾᛋᚳᛁᛗᛗᛖᛞ,427
ostracise,23819,0,ᚩᛋᛏᚱᚪᚳᛁᛋᛖ,391
foreswore,23805,0,ᚠᚩᚱᛖᛋᚹᚩᚱᛖ,244
nuttiness,23804,0,ᚾᚢᛏᛏᛁᚾᛖᛋᛋ,383
cobdenite,23804,0,ᚳᚩᛒᛞᛖᚾᛁᛏᛖ,423
cymbalaria,23764,0,ᚳᚣᛗᛒᚪᛚᚪᚱᛡ,633
suffusions,23759,0,ᛋᚢᚠᚠᚢᛋᛡᚾᛋ,305
comminute,23755,0,ᚳᚩᛗᛗᛁᚾᚢᛏᛖ,351
yarmulkes,23754,0,ᚣᚪᚱᛗᚢᛚᚳᛖᛋ,491
dodecagon,23741,0,ᛞᚩᛞᛖᚳᚪᚷᚩᚾ,415
galleasses,23736,0,ᚷᚪᛚᛚᛠᛋᛋᛖᛋ,595
overthwart,23720,0,ᚩᚢᛖᚱᚦᚹᚪᚱᛏ,279
palpitant,23710,0,ᛈᚪᛚᛈᛁᛏᚪᚾᛏ,531
allopatry,23686,0,ᚪᛚᛚᚩᛈᚪᛏᚱᚣ,563
rejective,23655,0,ᚱᛖᛂᛖᚳᛏᛁᚢᛖ,355
staghound,23646,0,ᛋᛏᚪᚷᚻᚩᚢᚾᛞ,377
dichondra,23597,0,ᛞᛁᚳᚻᚩᚾᛞᚱᚪ,389
bobsleigh,23597,0,ᛒᚩᛒᛋᛚᛖᛁᚷᚻ,393
comeliest,23595,0,ᚳᚩᛗᛖᛚᛁᛖᛋᛏ,441
leopardess,23583,0,ᛚᛇᛈᚪᚱᛞᛖᛋᛋ,527
nummulite,23582,0,ᚾᚢᛗᛗᚢᛚᛁᛏᛖ,407
doorjambs,23579,0,ᛞᚩᚩᚱᛂᚪᛗᛒᛋ,433
overbidding,23567,0,ᚩᚢᛖᚱᛒᛁᛞᛞᛝ,437
marchpane,23566,0,ᛗᚪᚱᚳᚻᛈᚪᚾᛖ,451
tipstaves,23559,0,ᛏᛁᛈᛋᛏᚪᚢᛖᛋ,465
hyphenating,23531,0,ᚻᚣᛈᚻᛖᚾᚪᛏᛝ,523
muscleman,23508,0,ᛗᚢᛋᚳᛚᛖᛗᚪᚾ,477
maligners,23470,0,ᛗᚪᛚᛁᚷᚾᛖᚱᛋ,449
backflows,23468,0,ᛒᚪᚳᚳᚠᛚᚩᚹᛋ,338
woodnotes,23457,0,ᚹᚩᚩᛞᚾᚩᛏᛖᛋ,337
dismayingly,23451,0,ᛞᛁᛋᛗᚪᚣᛝᛚᚣ,699
horsecars,23418,0,ᚻᚩᚱᛋᛖᚳᚪᚱᛋ,335
unheavenly,23408,0,ᚢᚾᚻᛠᚢᛖᚾᛚᚣ,439
kilolitre,23402,0,ᚳᛁᛚᚩᛚᛁᛏᚱᛖ,365
moralizer,23376,0,ᛗᚩᚱᚪᛚᛁᛋᛖᚱ,421
horniness,23374,0,ᚻᚩᚱᚾᛁᚾᛖᛋᛋ,303
restively,23345,0,ᚱᛖᛋᛏᛁᚢᛖᛚᚣ,467
mandibula,23323,0,ᛗᚪᚾᛞᛁᛒᚢᛚᚪ,551
hardiment,23311,0,ᚻᚪᚱᛞᛁᛗᛖᚾᛏ,477
synthetize,23297,0,ᛋᚣᚾᚦᛖᛏᛁᛋᛖ,467
forceless,23294,0,ᚠᚩᚱᚳᛖᛚᛖᛋᛋ,346
swearwords,23282,0,ᛋᚹᛠᚱᚹᚩᚱᛞᛋ,371
spirogram,23282,0,ᛋᛈᛁᚱᚩᚷᚱᚪᛗ,341
acritical,23271,0,ᚪᚳᚱᛁᛏᛁᚳᚪᛚ,425
fancywork,23256,0,ᚠᚪᚾᚳᚣᚹᚩᚱᚳ,294
orangeries,23246,0,ᚩᚱᚪᛝᛖᚱᛁᛖᛋ,423
snakeheads,23240,0,ᛋᚾᚪᚳᛖᚻᛠᛞᛋ,533
crepitating,23233,0,ᚳᚱᛖᛈᛁᛏᚪᛏᛝ,459
aphrodisia,23217,0,ᚪᛈᚻᚱᚩᛞᛁᛋᛡ,461
homonymic,23209,0,ᚻᚩᛗᚩᚾᚣᛗᛁᚳ,355
mollities,23208,0,ᛗᚩᛚᛚᛁᛏᛁᛖᛋ,465
macadamias,23207,0,ᛗᚪᚳᚪᛞᚪᛗᛡᛋ,695
digitiser,23203,0,ᛞᛁᚷᛁᛏᛁᛋᛖᚱ,389
succentor,23183,0,ᛋᚢᚳᚳᛖᚾᛏᚩᚱ,255
pokanoket,23175,0,ᛈᚩᚳᚪᚾᚩᚳᛖᛏ,335
tremblers,23151,0,ᛏᚱᛖᛗᛒᛚᛖᚱᛋ,473
bargainings,23122,0,ᛒᚪᚱᚷᚪᛁᚾᛝᛋ,475
monarchal,23120,0,ᛗᚩᚾᚪᚱᚳᚻᚪᛚ,421
kinsfolks,23106,0,ᚳᛁᚾᛋᚠᚩᛚᚳᛋ,274
shaddocks,23095,0,ᛋᚻᚪᛞᛞᚩᚳᚳᛋ,437
barcarole,23082,0,ᛒᚪᚱᚳᚪᚱᚩᛚᛖ,437
reperusal,23060,0,ᚱᛖᛈᛖᚱᚢᛋᚪᛚ,425
huntingtons,23054,0,ᚻᚢᚾᛏᛝᛏᚩᚾᛋ,341
apogamous,23047,0,ᚪᛈᚩᚷᚪᛗᚩᚢᛋ,395
latchstring,23046,0,ᛚᚪᛏᚳᚻᛋᛏᚱᛝ,467
siderites,23039,0,ᛋᛁᛞᛖᚱᛁᛏᛖᛋ,461
elevenses,23033,0,ᛖᛚᛖᚢᛖᚾᛋᛖᛋ,479
strobiles,23017,0,ᛋᛏᚱᚩᛒᛁᛚᛖᛋ,415
pantropic,23012,0,ᛈᚪᚾᛏᚱᚩᛈᛁᚳ,333
apophasis,23001,0,ᚪᛈᚩᛈᚻᚪᛋᛁᛋ,447
elevatory,22998,0,ᛖᛚᛖᚢᚪᛏᚩᚱᚣ,487
arhatship,22991,0,ᚪᚱᚻᚪᛏᛋᚻᛁᛈ,437
botulinal,22979,0,ᛒᚩᛏᚢᛚᛁᚾᚪᛚ,433
scallywag,22978,0,ᛋᚳᚪᛚᛚᚣᚹᚪᚷ,545
niggerhead,22966,0,ᚾᛁᚷᚷᛖᚱᚻᛠᛞ,393
paramnesia,22964,0,ᛈᚪᚱᚪᛗᚾᛖᛋᛡ,575
farthingales,22958,0,ᚠᚪᚱᚦᛝᚪᛚᛖᛋ,484
cleopatras,22955,0,ᚳᛚᛇᛈᚪᛏᚱᚪᛋ,487
windiness,22954,0,ᚹᛁᚾᛞᛁᚾᛖᛋᛋ,401
disjointing,22944,0,ᛞᛁᛋᛂᚩᛁᚾᛏᛝ,415
straitening,22943,0,ᛋᛏᚱᚪᛁᛏᛖᚾᛝ,485
germinant,22937,0,ᚷᛖᚱᛗᛁᚾᚪᚾᛏ,411
pankration,22930,0,ᛈᚪᚾᚳᚱᚪᛏᛡᚾ,485
reptilians,22928,0,ᚱᛖᛈᛏᛁᛚᛡᚾᛋ,473
shudderings,22926,0,ᛋᚻᚢᛞᛞᛖᚱᛝᛋ,467
slaveries,22923,0,ᛋᛚᚪᚢᛖᚱᛁᛖᛋ,455
juvenalian,22905,0,ᛂᚢᚢᛖᚾᚪᛚᛡᚾ,445
fullbacks,22879,0,ᚠᚢᛚᛚᛒᚪᚳᚳᛋ,388
flutelike,22863,0,ᚠᛚᚢᛏᛖᛚᛁᚳᛖ,388
trivialise,22849,0,ᛏᚱᛁᚢᛡᛚᛁᛋᛖ,435
bullhorns,22846,0,ᛒᚢᛚᛚᚻᚩᚱᚾᛋ,333
memsahibs,22826,0,ᛗᛖᛗᛋᚪᚻᛁᛒᛋ,527
avoidably,22813,0,ᚪᚢᚩᛁᛞᚪᛒᛚᚣ,561
assaulter,22810,0,ᚪᛋᛋᚪᚢᛚᛏᛖᚱ,513
hornworts,22790,0,ᚻᚩᚱᚾᚹᚩᚱᛏᛋ,219
lockboxes,22789,0,ᛚᚩᚳᚳᛒᚩᛉᛖᛋ,341
gentilism,22786,0,ᚷᛖᚾᛏᛁᛚᛁᛋᛗ,431
varnisher,22779,0,ᚢᚪᚱᚾᛁᛋᚻᛖᚱ,325
speckless,22773,0,ᛋᛈᛖᚳᚳᛚᛖᛋᛋ,435
timeserving,22762,0,ᛏᛁᛗᛖᛋᛖᚱᚢᛝ,441
scleroses,22731,0,ᛋᚳᛚᛖᚱᚩᛋᛖᛋ,397
commerces,22728,0,ᚳᚩᛗᛗᛖᚱᚳᛖᛋ,373
overexert,22719,0,ᚩᚢᛖᚱᛖᛉᛖᚱᛏ,339
aesculapian,22693,0,ᚫᛋᚳᚢᛚᚪᛈᛡᚾ,519
homophobe,22688,0,ᚻᚩᛗᚩᛈᚻᚩᛒᛖ,309
physicked,22684,0,ᛈᚻᚣᛋᛁᚳᚳᛖᛞ,435
rigorists,22680,0,ᚱᛁᚷᚩᚱᛁᛋᛏᛋ,273
sandarach,22661,0,ᛋᚪᚾᛞᚪᚱᚪᚳᚻ,509
fathomable,22648,0,ᚠᚪᚦᚩᛗᚪᛒᛚᛖ,480
slivovitz,22645,0,ᛋᛚᛁᚢᚩᚢᛁᛏᛋ,313
numerated,22627,0,ᚾᚢᛗᛖᚱᚪᛏᛖᛞ,493
thriftiest,22612,0,ᚦᚱᛁᚠᛏᛁᛖᛋᛏ,318
pterocles,22602,0,ᛈᛏᛖᚱᚩᚳᛚᛖᛋ,393
sliminess,22601,0,ᛋᛚᛁᛗᛁᚾᛖᛋᛋ,461
spoilation,22590,0,ᛋᛈᚩᛁᛚᚪᛏᛡᚾ,499
subtertian,22567,0,ᛋᚢᛒᛏᛖᚱᛏᛡᚾ,449
retardent,22565,0,ᚱᛖᛏᚪᚱᛞᛖᚾᛏ,489
broadenings,22530,0,ᛒᚱᚩᚪᛞᛖᚾᛝᛋ,493
evacuants,22517,0,ᛖᚢᚪᚳᚢᚪᚾᛏᛋ,421
monoicous,22501,0,ᛗᚩᚾᚩᛁᚳᚩᚢᛋ,221
denotatum,22498,0,ᛞᛖᚾᚩᛏᚪᛏᚢᛗ,481
farandole,22489,0,ᚠᚪᚱᚪᚾᛞᚩᛚᛖ,472
bregmatic,22489,0,ᛒᚱᛖᚷᛗᚪᛏᛁᚳ,427
unweakened,22486,0,ᚢᚾᚹᛠᚳᛖᚾᛖᛞ,425
teutonism,22467,0,ᛏᛖᚢᛏᚩᚾᛁᛋᛗ,379
characins,22460,0,ᚳᚻᚪᚱᚪᚳᛁᚾᛋ,367
innersole,22454,0,ᛁᚾᚾᛖᚱᛋᚩᛚᛖ,367
colourmen,22450,0,ᚳᚩᛚᚩᚢᚱᛗᛖᚾ,281
teakettles,22421,0,ᛏᛠᚳᛖᛏᛏᛚᛖᛋ,559
advantaging,22407,0,ᚪᛞᚢᚪᚾᛏᚪᚷᛝ,567
wagnerians,22405,0,ᚹᚪᚷᚾᛖᚱᛡᚾᛋ,429
overgraze,22387,0,ᚩᚢᛖᚱᚷᚱᚪᛋᛖ,333
trumpetings,22371,0,ᛏᚱᚢᛗᛈᛖᛏᛝᛋ,445
undatable,22364,0,ᚢᚾᛞᚪᛏᚪᛒᛚᛖ,575
scrummage,22356,0,ᛋᚳᚱᚢᛗᛗᚪᚷᛖ,403
distastes,22355,0,ᛞᛁᛋᛏᚪᛋᛏᛖᛋ,561
insulants,22286,0,ᛁᚾᛋᚢᛚᚪᚾᛏᛋ,427
synthesist,22256,0,ᛋᚣᚾᚦᛖᛋᛁᛋᛏ,453
japonicas,22254,0,ᛂᚪᛈᚩᚾᛁᚳᚪᛋ,407
decigrams,22251,0,ᛞᛖᚳᛁᚷᚱᚪᛗᛋ,449
redresser,22248,0,ᚱᛖᛞᚱᛖᛋᛋᛖᚱ,429
guideless,22248,0,ᚷᚢᛁᛞᛖᛚᛖᛋᛋ,453
chickaree,22245,0,ᚳᚻᛁᚳᚳᚪᚱᛖᛖ,335
bumpiness,22245,0,ᛒᚢᛗᛈᛁᚾᛖᛋᛋ,411
uncontrol,22243,0,ᚢᚾᚳᚩᚾᛏᚱᚩᛚ,231
signalers,22241,0,ᛋᛁᚷᚾᚪᛚᛖᚱᛋ,431
kinspeople,22221,0,ᚳᛁᚾᛋᛈᛇᛈᛚᛖ,393
overpassing,22211,0,ᚩᚢᛖᚱᛈᚪᛋᛋᛝ,413
reactionism,22204,0,ᚱᛠᚳᛏᛡᚾᛁᛋᛗ,483
palominos,22204,0,ᛈᚪᛚᚩᛗᛁᚾᚩᛋ,411
cowhouses,22196,0,ᚳᚩᚹᚻᚩᚢᛋᛖᛋ,245
worrywart,22195,0,ᚹᚩᚱᚱᚣᚹᚪᚱᛏ,337
kaiserism,22188,0,ᚳᚪᛁᛋᛖᚱᛁᛋᛗ,427
cherubins,22176,0,ᚳᚻᛖᚱᚢᛒᛁᚾᛋ,291
cutpurses,22171,0,ᚳᚢᛏᛈᚢᚱᛋᛖᛋ,305
snookered,22162,0,ᛋᚾᚩᚩᚳᛖᚱᛖᛞ,343
thunderers,22150,0,ᚦᚢᚾᛞᛖᚱᛖᚱᛋ,335
impetuses,22142,0,ᛁᛗᛈᛖᛏᚢᛋᛖᛋ,447
cadastres,22140,0,ᚳᚪᛞᚪᛋᛏᚱᛖᛋ,539
contently,22135,0,ᚳᚩᚾᛏᛖᚾᛏᛚᚣ,439
newswoman,22124,0,ᚾᛖᚹᛋᚹᚩᛗᚪᚾ,391
stomachal,22110,0,ᛋᛏᚩᛗᚪᚳᚻᚪᛚ,493
captiously,22094,0,ᚳᚪᛈᛏᛡᚢᛋᛚᚣ,551
permeative,22081,0,ᛈᛖᚱᛗᛠᛏᛁᚢᛖ,461
pointsmen,22074,0,ᛈᚩᛁᚾᛏᛋᛗᛖᚾ,389
mainsails,22060,0,ᛗᚪᛁᚾᛋᚪᛁᛚᛋ,535
platefuls,22037,0,ᛈᛚᚪᛏᛖᚠᚢᛚᛋ,470
intermits,22012,0,ᛁᚾᛏᛖᚱᛗᛁᛏᛋ,411
intentive,22001,0,ᛁᚾᛏᛖᚾᛏᛁᚢᛖ,375
surprizes,21998,0,ᛋᚢᚱᛈᚱᛁᛋᛖᛋ,325
undefaced,21995,0,ᚢᚾᛞᛖᚠᚪᚳᛖᛞ,456
chenilles,21981,0,ᚳᚻᛖᚾᛁᛚᛚᛖᛋ,429
worriment,21947,0,ᚹᚩᚱᚱᛁᛗᛖᚾᛏ,305
halftimes,21940,0,ᚻᚪᛚᚠᛏᛁᛗᛖᛋ,476
luxuriancy,21939,0,ᛚᚢᛉᚢᚱᛡᚾᚳᚣ,389
shintoist,21912,0,ᛋᚻᛁᚾᛏᚩᛁᛋᛏ,345
otoplasty,21875,0,ᚩᛏᚩᛈᛚᚪᛋᛏᚣ,501
bankbooks,21852,0,ᛒᚪᚾᚳᛒᚩᚩᚳᛋ,341
spenglerian,21849,0,ᛋᛈᛖᛝᛚᛖᚱᛡᚾ,529
eparchies,21840,0,ᛖᛈᚪᚱᚳᚻᛁᛖᛋ,405
boneheaded,21840,0,ᛒᚩᚾᛖᚻᛠᛞᛖᛞ,541
footstone,21802,0,ᚠᚩᚩᛏᛋᛏᚩᚾᛖ,290
manumitting,21794,0,ᛗᚪᚾᚢᛗᛁᛏᛏᛝ,499
hexestrol,21788,0,ᚻᛖᛉᛖᛋᛏᚱᚩᛚ,407
prescinding,21787,0,ᛈᚱᛖᛋᚳᛁᚾᛞᛝ,415
semiopaque,21765,0,ᛋᛖᛗᛡᛈᚪᚳᚹᛖ,537
braveries,21727,0,ᛒᚱᚪᚢᛖᚱᛁᛖᛋ,401
woolpacks,21710,0,ᚹᚩᚩᛚᛈᚪᚳᚳᛋ,325
tonguelike,21710,0,ᛏᚩᛝᚢᛖᛚᛁᚳᛖ,399
candlenut,21705,0,ᚳᚪᚾᛞᛚᛖᚾᚢᛏ,459
nickelled,21703,0,ᚾᛁᚳᚳᛖᛚᛚᛖᛞ,455
unfittest,21699,0,ᚢᚾᚠᛁᛏᛏᛖᛋᛏ,362
rusticate,21697,0,ᚱᚢᛋᛏᛁᚳᚪᛏᛖ,393
ovenbirds,21678,0,ᚩᚢᛖᚾᛒᛁᚱᛞᛋ,351
sweetshop,21672,0,ᛋᚹᛖᛖᛏᛋᚻᚩᛈ,391
bigeminal,21670,0,ᛒᛁᚷᛖᛗᛁᚾᚪᛚ,477
privities,21669,0,ᛈᚱᛁᚢᛁᛏᛁᛖᛋ,329
credenzas,21665,0,ᚳᚱᛖᛞᛖᚾᛋᚪᛋ,479
demisters,21658,0,ᛞᛖᛗᛁᛋᛏᛖᚱᛋ,501
bloodbaths,21656,0,ᛒᛚᚩᚩᛞᛒᚪᚦᛋ,453
panderers,21629,0,ᛈᚪᚾᛞᛖᚱᛖᚱᛋ,467
curassows,21612,0,ᚳᚢᚱᚪᛋᛋᚩᚹᛋ,309
moosewood,21594,0,ᛗᚩᚩᛋᛖᚹᚩᚩᛞ,327
piedmonts,21593,0,ᛈᛁᛖᛞᛗᚩᚾᛏᛋ,449
sumatrans,21591,0,ᛋᚢᛗᚪᛏᚱᚪᚾᛋ,473
heliconian,21530,0,ᚻᛖᛚᛁᚳᚩᚾᛡᚾ,379
bestowals,21530,0,ᛒᛖᛋᛏᚩᚹᚪᛚᛋ,489
saddlebow,21529,0,ᛋᚪᛞᛞᛚᛖᛒᚩᚹ,555
interlard,21520,0,ᛁᚾᛏᛖᚱᛚᚪᚱᛞ,467
avifaunas,21515,0,ᚪᚢᛁᚠᚪᚢᚾᚪᛋ,412
aquaplaning,21515,0,ᚪᚳᚹᚪᛈᛚᚪᚾᛝ,547
crookback,21501,0,ᚳᚱᚩᚩᚳᛒᚪᚳᚳ,235
megapodes,21495,0,ᛗᛖᚷᚪᛈᚩᛞᛖᛋ,511
mancipium,21488,0,ᛗᚪᚾᚳᛁᛈᛁᚢᛗ,389
kibitzers,21458,0,ᚳᛁᛒᛁᛏᛋᛖᚱᛋ,379
porphyrion,21435,0,ᛈᚩᚱᛈᚻᚣᚱᛡᚾ,377
sporozoan,21432,0,ᛋᛈᚩᚱᚩᛋᚩᚪᚾ,307
jawbreaker,21422,0,ᛂᚪᚹᛒᚱᛠᚳᛖᚱ,425
unstuffed,21407,0,ᚢᚾᛋᛏᚢᚠᚠᛖᛞ,307
unelastic,21404,0,ᚢᚾᛖᛚᚪᛋᛏᛁᚳ,425
cheshires,21386,0,ᚳᚻᛖᛋᚻᛁᚱᛖᛋ,341
popinjays,21375,0,ᛈᚩᛈᛁᚾᛂᚪᚣᛋ,443
ostinatos,21372,0,ᚩᛋᛏᛁᚾᚪᛏᚩᛋ,395
cinctured,21369,0,ᚳᛁᚾᚳᛏᚢᚱᛖᛞ,315
deliquium,21357,0,ᛞᛖᛚᛁᚳᚹᛁᚢᛗ,397
fatigable,21331,0,ᚠᚪᛏᛁᚷᚪᛒᛚᛖ,504
clubbable,21329,0,ᚳᛚᚢᛒᛒᚪᛒᛚᛖ,509
burnishes,21327,0,ᛒᚢᚱᚾᛁᛋᚻᛖᛋ,331
unmurmuring,21320,0,ᚢᚾᛗᚢᚱᛗᚢᚱᛝ,281
emotivity,21318,0,ᛖᛗᚩᛏᛁᚢᛁᛏᚣ,431
autogiros,21313,0,ᚪᚢᛏᚩᚷᛁᚱᚩᛋ,285
rubellite,21299,0,ᚱᚢᛒᛖᛚᛚᛁᛏᛖ,445
needfully,21276,0,ᚾᛖᛖᛞᚠᚢᛚᛚᚣ,506
stillroom,21271,0,ᛋᛏᛁᛚᛚᚱᚩᚩᛗ,385
chittered,21265,0,ᚳᚻᛁᛏᛏᛖᚱᛖᛞ,419
furtherest,21261,0,ᚠᚢᚱᚦᛖᚱᛖᛋᛏ,278
unobserving,21235,0,ᚢᚾᚩᛒᛋᛖᚱᚢᛝ,313
hightailing,21224,0,ᚻᛁᚷᚻᛏᚪᛁᛚᛝ,433
gunflints,21224,0,ᚷᚢᚾᚠᛚᛁᚾᛏᛋ,296
renewedly,21207,0,ᚱᛖᚾᛖᚹᛖᛞᛚᚣ,525
washbowls,21199,0,ᚹᚪᛋᚻᛒᚩᚹᛚᛋ,405
salvagers,21187,0,ᛋᚪᛚᚢᚪᚷᛖᚱᛋ,471
socializer,21160,0,ᛋᚩᚳᛡᛚᛁᛋᛖᚱ,415
quickener,21147,0,ᚳᚹᛁᚳᚳᛖᚾᛖᚱ,263
swordsmith,21129,0,ᛋᚹᚩᚱᛞᛋᛗᛁᚦ,339
imminency,21083,0,ᛁᛗᛗᛁᚾᛖᚾᚳᚣ,445
fecundate,21078,0,ᚠᛖᚳᚢᚾᛞᚪᛏᛖ,426
bathyscaph,21071,0,ᛒᚪᚦᚣᛋᚳᚪᛈᚻ,495
promachos,21058,0,ᛈᚱᚩᛗᚪᚳᚻᚩᛋ,325
caprifigs,21058,0,ᚳᚪᛈᚱᛁᚠᛁᚷᛋ,298
archfiend,21037,0,ᚪᚱᚳᚻᚠᛁᛖᚾᛞ,362
honeydews,21036,0,ᚻᚩᚾᛖᚣᛞᛖᚹᛋ,457
dispeopled,21004,0,ᛞᛁᛋᛈᛇᛈᛚᛖᛞ,529
unriddled,21003,0,ᚢᚾᚱᛁᛞᛞᛚᛖᛞ,481
pannikins,21003,0,ᛈᚪᚾᚾᛁᚳᛁᚾᛋ,355
sheepcote,20990,0,ᛋᚻᛖᛖᛈᚳᚩᛏᛖ,399
rhymeless,20990,0,ᚱᚻᚣᛗᛖᛚᛖᛋᛋ,521
staggerer,20988,0,ᛋᛏᚪᚷᚷᛖᚱᛖᚱ,399
frontward,20965,0,ᚠᚱᚩᚾᛏᚹᚪᚱᛞ,324
taconites,20962,0,ᛏᚪᚳᚩᚾᛁᛏᛖᛋ,415
sexualize,20958,0,ᛋᛖᛉᚢᚪᛚᛁᛋᛖ,491
unmuffled,20952,0,ᚢᚾᛗᚢᚠᚠᛚᛖᛞ,339
conceiver,20943,0,ᚳᚩᚾᚳᛖᛁᚢᛖᚱ,241
inamorato,20905,0,ᛁᚾᚪᛗᚩᚱᚪᛏᚩ,409
predefine,20902,0,ᛈᚱᛖᛞᛖᚠᛁᚾᛖ,406
frostbelt,20898,0,ᚠᚱᚩᛋᛏᛒᛖᛚᛏ,392
inceptions,20897,0,ᛁᚾᚳᛖᛈᛏᛡᚾᛋ,431
macaronis,20886,0,ᛗᚪᚳᚪᚱᚩᚾᛁᛋ,409
crapulous,20884,0,ᚳᚱᚪᛈᚢᛚᚩᚢᛋ,303
lagomorph,20870,0,ᛚᚪᚷᚩᛗᚩᚱᛈᚻ,349
advertent,20860,0,ᚪᛞᚢᛖᚱᛏᛖᚾᛏ,481
hospitale,20835,0,ᚻᚩᛋᛈᛁᛏᚪᛚᛖ,453
enrichers,20835,0,ᛖᚾᚱᛁᚳᚻᛖᚱᛋ,305
overworks,20834,0,ᚩᚢᛖᚱᚹᚩᚱᚳᛋ,191
overfills,20828,0,ᚩᚢᛖᚱᚠᛁᛚᛚᛋ,320
lombardian,20822,0,ᛚᚩᛗᛒᚪᚱᛞᛡᚾ,545
visionless,20809,0,ᚢᛁᛋᛡᚾᛚᛖᛋᛋ,469
inspanned,20799,0,ᛁᚾᛋᛈᚪᚾᚾᛖᛞ,467
amoralism,20792,0,ᚪᛗᚩᚱᚪᛚᛁᛋᛗ,511
pollywogs,20779,0,ᛈᚩᛚᛚᚣᚹᚩᚷᛋ,395
pomanders,20778,0,ᛈᚩᛗᚪᚾᛞᛖᚱᛋ,467
graveness,20766,0,ᚷᚱᚪᚢᛖᚾᛖᛋᛋ,397
swiftlets,20764,0,ᛋᚹᛁᚠᛏᛚᛖᛏᛋ,416
chophouse,20760,0,ᚳᚻᚩᛈᚻᚩᚢᛋᛖ,239
goitrogen,20753,0,ᚷᚩᛁᛏᚱᚩᚷᛖᚾ,245
mammalians,20744,0,ᛗᚪᛗᛗᚪᛚᛡᚾᛋ,669
determent,20737,0,ᛞᛖᛏᛖᚱᛗᛖᚾᛏ,519
sultaness,20726,0,ᛋᚢᛚᛏᚪᚾᛖᛋᛋ,487
commutate,20724,0,ᚳᚩᛗᛗᚢᛏᚪᛏᛖ,447
equatable,20722,0,ᛖᚳᚹᚪᛏᚪᛒᛚᛖ,553
hygienics,20721,0,ᚻᚣᚷᛁᛖᚾᛁᚳᛋ,367
backhands,20703,0,ᛒᚪᚳᚳᚻᚪᚾᛞᛋ,475
suppliance,20702,0,ᛋᚢᛈᛈᛚᛡᚾᚳᛖ,431
nonmodern,20689,0,ᚾᚩᚾᛗᚩᛞᛖᚱᚾ,339
swordlike,20674,0,ᛋᚹᚩᚱᛞᛚᛁᚳᛖ,363
unheedful,20673,0,ᚢᚾᚻᛖᛖᛞᚠᚢᛚ,356
pentarchy,20661,0,ᛈᛖᚾᛏᚪᚱᚳᚻᚣ,445
cambuscan,20620,0,ᚳᚪᛗᛒᚢᛋᚳᚪᚾ,437
scarabaeid,20609,0,ᛋᚳᚪᚱᚪᛒᚫᛁᛞ,553
bobsledding,20608,0,ᛒᚩᛒᛋᛚᛖᛞᛞᛝ,579
cognomens,20601,0,ᚳᚩᚷᚾᚩᛗᛖᚾᛋ,293
messaline,20594,0,ᛗᛖᛋᛋᚪᛚᛁᚾᛖ,541
tastiness,20593,0,ᛏᚪᛋᛏᛁᚾᛖᛋᛋ,501
diclinous,20591,0,ᛞᛁᚳᛚᛁᚾᚩᚢᛋ,329
massagers,20590,0,ᛗᚪᛋᛋᚪᚷᛖᚱᛋ,519
avifaunal,20578,0,ᚪᚢᛁᚠᚪᚢᚾᚪᛚ,432
excelente,20570,0,ᛖᛉᚳᛖᛚᛖᚾᛏᛖ,489
transeunt,20567,0,ᛏᚱᚪᚾᛋᛖᚢᚾᛏ,407
giantesses,20512,0,ᚷᛡᚾᛏᛖᛋᛋᛖᛋ,505
qualitied,20510,0,ᚳᚹᚪᛚᛁᛏᛁᛖᛞ,479
unathletic,20503,0,ᚢᚾᚪᚦᛚᛖᛏᛁᚳ,377
lavaliere,20489,0,ᛚᚪᚢᚪᛚᛁᛖᚱᛖ,519
kiloliter,20489,0,ᚳᛁᛚᚩᛚᛁᛏᛖᚱ,365
mesotrons,20485,0,ᛗᛖᛋᚩᛏᚱᚩᚾᛋ,357
protozoic,20471,0,ᛈᚱᚩᛏᚩᛋᚩᛁᚳ,231
musclemen,20461,0,ᛗᚢᛋᚳᛚᛖᛗᛖᚾ,447
unchangingly,20453,0,ᚢᚾᚳᚻᚪᛝᛝᛚᚣ,499
mensurate,20439,0,ᛗᛖᚾᛋᚢᚱᚪᛏᛖ,457
lightener,20434,0,ᛚᛁᚷᚻᛏᛖᚾᛖᚱ,377
lastingness,20431,0,ᛚᚪᛋᛏᛝᚾᛖᛋᛋ,563
jellyroll,20418,0,ᛂᛖᛚᛚᚣᚱᚩᛚᛚ,517
ternaries,20403,0,ᛏᛖᚱᚾᚪᚱᛁᛖᛋ,425
archduchy,20399,0,ᚪᚱᚳᚻᛞᚢᚳᚻᚣ,375
pantalets,20392,0,ᛈᚪᚾᛏᚪᛚᛖᛏᛋ,577
billycock,20359,0,ᛒᛁᛚᛚᚣᚳᚩᚳᚳ,387
sabertooth,20356,0,ᛋᚪᛒᛖᚱᛏᚩᚩᚦ,367
blastemal,20354,0,ᛒᛚᚪᛋᛏᛖᛗᚪᛚ,651
carburize,20350,0,ᚳᚪᚱᛒᚢᚱᛁᛋᛖ,347
buntlines,20350,0,ᛒᚢᚾᛏᛚᛁᚾᛖᛋ,405
angleworms,20350,0,ᚪᛝᛚᛖᚹᚩᚱᛗᛋ,477
naughtier,20340,0,ᚾᚪᚢᚷᚻᛏᛁᛖᚱ,337
trouserings,20305,0,ᛏᚱᚩᚢᛋᛖᚱᛝᛋ,343
videodisks,20303,0,ᚢᛁᛞᛇᛞᛁᛋᚳᛋ,403
mandrills,20290,0,ᛗᚪᚾᛞᚱᛁᛚᛚᛋ,527
vicereine,20272,0,ᚢᛁᚳᛖᚱᛖᛁᚾᛖ,319
stauncher,20247,0,ᛋᛏᚪᚢᚾᚳᚻᛖᚱ,355
couchette,20245,0,ᚳᚩᚢᚳᚻᛖᛏᛏᛖ,311
escalopes,20237,0,ᛖᛋᚳᚪᛚᚩᛈᛖᛋ,473
moralises,20226,0,ᛗᚩᚱᚪᛚᛁᛋᛖᛋ,463
sidelocks,20213,0,ᛋᛁᛞᛖᛚᚩᚳᚳᛋ,399
garrotted,20193,0,ᚷᚪᚱᚱᚩᛏᛏᛖᛞ,417
coliseums,20190,0,ᚳᚩᛚᛁᛋᛖᚢᛗᛋ,371
defoliates,20174,0,ᛞᛖᚠᚩᛚᛡᛏᛖᛋ,524
lordliest,20165,0,ᛚᚩᚱᛞᛚᛁᛖᛋᛏ,463
corallium,20161,0,ᚳᚩᚱᚪᛚᛚᛁᚢᛗ,379
satanical,20158,0,ᛋᚪᛏᚪᚾᛁᚳᚪᛚ,549
nicknacks,20129,0,ᚾᛁᚳᚳᚾᚪᚳᚳᛋ,291
woundwort,20108,0,ᚹᚩᚢᚾᛞᚹᚩᚱᛏ,243
emulously,20106,0,ᛖᛗᚢᛚᚩᚢᛋᛚᚣ,453
shufflers,20094,0,ᛋᚻᚢᚠᚠᛚᛖᚱᛋ,287
clinkered,20094,0,ᚳᛚᛁᚾᚳᛖᚱᛖᛞ,393
holystone,20089,0,ᚻᚩᛚᚣᛋᛏᚩᚾᛖ,421
goalkeeping,20089,0,ᚷᚩᚪᛚᚳᛖᛖᛈᛝ,463
uncatholic,20069,0,ᚢᚾᚳᚪᚦᚩᛚᛁᚳ,271
witchlike,20065,0,ᚹᛁᛏᚳᚻᛚᛁᚳᛖ,329
rechabite,20065,0,ᚱᛖᚳᚻᚪᛒᛁᛏᛖ,429
eighteens,20061,0,ᛖᛁᚷᚻᛏᛖᛖᚾᛋ,413
laminarian,20050,0,ᛚᚪᛗᛁᚾᚪᚱᛡᚾ,545
ataractic,20049,0,ᚪᛏᚪᚱᚪᚳᛏᛁᚳ,477
rayonnant,20044,0,ᚱᚪᚣᚩᚾᚾᚪᚾᛏ,461
rewardingly,20040,0,ᚱᛖᚹᚪᚱᛞᛝᛚᚣ,549
heliolites,20032,0,ᚻᛖᛚᛡᛚᛁᛏᛖᛋ,553
shirtmaking,20027,0,ᛋᚻᛁᚱᛏᛗᚪᚳᛝ,437
womanless,20008,0,ᚹᚩᛗᚪᚾᛚᛖᛋᛋ,469
trunkless,20003,0,ᛏᚱᚢᚾᚳᛚᛖᛋᛋ,361
coverlids,20002,0,ᚳᚩᚢᛖᚱᛚᛁᛞᛋ,347
brugmansia,20002,0,ᛒᚱᚢᚷᛗᚪᚾᛋᛡ,449
showboating,19999,0,ᛋᚻᚩᚹᛒᚩᚪᛏᛝ,405
trousseaux,19997,0,ᛏᚱᚩᚢᛋᛋᛠᚢᛉ,345
expatiation,19996,0,ᛖᛉᛈᚪᛏᛡᛏᛡᚾ,615
houseroom,19989,0,ᚻᚩᚢᛋᛖᚱᚩᚩᛗ,249
bedevilling,19984,0,ᛒᛖᛞᛖᚢᛁᛚᛚᛝ,543
finnsburg,19979,0,ᚠᛁᚾᚾᛋᛒᚢᚱᚷ,236
lodestars,19967,0,ᛚᚩᛞᛖᛋᛏᚪᚱᛋ,509
stinkweed,19964,0,ᛋᛏᛁᚾᚳᚹᛖᛖᛞ,427
tarantism,19957,0,ᛏᚪᚱᚪᚾᛏᛁᛋᛗ,507
unanswering,19954,0,ᚢᚾᚪᚾᛋᚹᛖᚱᛝ,387
leechdoms,19936,0,ᛚᛖᛖᚳᚻᛞᚩᛗᛋ,463
dubitable,19932,0,ᛞᚢᛒᛁᛏᚪᛒᛚᛖ,541
preterits,19931,0,ᛈᚱᛖᛏᛖᚱᛁᛏᛋ,401
queenfish,19921,0,ᚳᚹᛖᛖᚾᚠᛁᛋᚻ,304
exorciser,19909,0,ᛖᛉᚩᚱᚳᛁᛋᛖᚱ,307
symphyses,19889,0,ᛋᚣᛗᛈᚻᚣᛋᛖᛋ,569
yellowest,19885,0,ᚣᛖᛚᛚᚩᚹᛖᛋᛏ,521
cornhusks,19868,0,ᚳᚩᚱᚾᚻᚢᛋᚳᛋ,205
monophony,19842,0,ᛗᚩᚾᚩᛈᚻᚩᚾᚣ,319
squelches,19837,0,ᛋᚳᚹᛖᛚᚳᚻᛖᛋ,381
disparted,19824,0,ᛞᛁᛋᛈᚪᚱᛏᛖᛞ,539
courbaril,19812,0,ᚳᚩᚢᚱᛒᚪᚱᛁᛚ,307
gloveless,19811,0,ᚷᛚᚩᚢᛖᛚᛖᛋᛋ,413
intangibly,19809,0,ᛁᚾᛏᚪᛝᛁᛒᛚᚣ,563
zucchinis,19797,0,ᛋᚢᚳᚳᚻᛁᚾᛁᛋ,249
nonworker,19797,0,ᚾᚩᚾᚹᚩᚱᚳᛖᚱ,193
rainbowed,19765,0,ᚱᚪᛁᚾᛒᚩᚹᛖᛞ,411
peashooter,19762,0,ᛈᛠᛋᚻᚩᚩᛏᛖᚱ,379
bigamists,19761,0,ᛒᛁᚷᚪᛗᛁᛋᛏᛋ,473
staginess,19741,0,ᛋᛏᚪᚷᛁᚾᛖᛋᛋ,459
misspending,19707,0,ᛗᛁᛋᛋᛈᛖᚾᛞᛝ,515
medicates,19678,0,ᛗᛖᛞᛁᚳᚪᛏᛖᛋ,547
malvoisie,19674,0,ᛗᚪᛚᚢᚩᛁᛋᛁᛖ,433
barretter,19672,0,ᛒᚪᚱᚱᛖᛏᛏᛖᚱ,443
washwoman,19639,0,ᚹᚪᛋᚻᚹᚩᛗᚪᚾ,415
graperies,19604,0,ᚷᚱᚪᛈᛖᚱᛁᛖᛋ,397
abstruser,19590,0,ᚪᛒᛋᛏᚱᚢᛋᛖᚱ,415
antipopes,19565,0,ᚪᚾᛏᛁᛈᚩᛈᛖᛋ,429
pushovers,19560,0,ᛈᚢᛋᚻᚩᚢᛖᚱᛋ,263
caterwaul,19558,0,ᚳᚪᛏᛖᚱᚹᚪᚢᛚ,439
unseduced,19556,0,ᚢᚾᛋᛖᛞᚢᚳᛖᛞ,413
windpipes,19555,0,ᚹᛁᚾᛞᛈᛁᛈᛖᛋ,405
emblazoning,19537,0,ᛖᛗᛒᛚᚪᛋᚩᚾᛝ,537
eroticize,19531,0,ᛖᚱᚩᛏᛁᚳᛁᛋᛖ,339
stringiness,19494,0,ᛋᛏᚱᛝᛁᚾᛖᛋᛋ,435
scrutable,19492,0,ᛋᚳᚱᚢᛏᚪᛒᛚᛖ,437
kennelled,19489,0,ᚳᛖᚾᚾᛖᛚᛚᛖᛞ,507
deforesting,19487,0,ᛞᛖᚠᚩᚱᛖᛋᛏᛝ,434
sweatbands,19486,0,ᛋᚹᛠᛏᛒᚪᚾᛞᛋ,569
garmented,19459,0,ᚷᚪᚱᛗᛖᚾᛏᛖᛞ,507
bailliages,19439,0,ᛒᚪᛁᛚᛚᛡᚷᛖᛋ,579
brutishly,19433,0,ᛒᚱᚢᛏᛁᛋᚻᛚᚣ,417
cipollino,19430,0,ᚳᛁᛈᚩᛚᛚᛁᚾᚩ,307
misereres,19421,0,ᛗᛁᛋᛖᚱᛖᚱᛖᛋ,431
lyonnesse,19421,0,ᛚᚣᚩᚾᚾᛖᛋᛋᛖ,481
provokers,19420,0,ᛈᚱᚩᚢᚩᚳᛖᚱᛋ,215
precative,19418,0,ᛈᚱᛖᚳᚪᛏᛁᚢᛖ,391
handclaps,19392,0,ᚻᚪᚾᛞᚳᛚᚪᛈᛋ,517
winterize,19379,0,ᚹᛁᚾᛏᛖᚱᛁᛋᛖ,367
newsmonger,19373,0,ᚾᛖᚹᛋᛗᚩᛝᛖᚱ,403
headcheese,19373,0,ᚻᛠᛞᚳᚻᛖᛖᛋᛖ,511
anchormen,19369,0,ᚪᚾᚳᚻᚩᚱᛗᛖᚾ,347
staidness,19365,0,ᛋᛏᚪᛁᛞᚾᛖᛋᛋ,531
brilliante,19357,0,ᛒᚱᛁᛚᛚᛡᚾᛏᛖ,511
asininity,19357,0,ᚪᛋᛁᚾᛁᚾᛁᛏᚣ,463
pourtrays,19356,0,ᛈᚩᚢᚱᛏᚱᚪᚣᛋ,387
afterdamp,19355,0,ᚪᚠᛏᛖᚱᛞᚪᛗᛈ,536
capriccios,19351,0,ᚳᚪᛈᚱᛁᚳᚳᛡᛋ,381
hermetics,19348,0,ᚻᛖᚱᛗᛖᛏᛁᚳᛋ,395
burundians,19344,0,ᛒᚢᚱᚢᚾᛞᛡᚾᛋ,385
domineers,19324,0,ᛞᚩᛗᛁᚾᛖᛖᚱᛋ,425
malamutes,19309,0,ᛗᚪᛚᚪᛗᚢᛏᛖᛋ,591
imperiales,19302,0,ᛁᛗᛈᛖᚱᛡᛚᛖᛋ,523
reconsign,19301,0,ᚱᛖᚳᚩᚾᛋᛁᚷᚾ,257
penultima,19287,0,ᛈᛖᚾᚢᛚᛏᛁᛗᚪ,473
prosiness,19270,0,ᛈᚱᚩᛋᛁᚾᛖᛋᛋ,347
improbity,19251,0,ᛁᛗᛈᚱᚩᛒᛁᛏᚣ,417
bestrewed,19248,0,ᛒᛖᛋᛏᚱᛖᚹᛖᛞ,493
gunrunner,19239,0,ᚷᚢᚾᚱᚢᚾᚾᛖᚱ,199
homotaxial,19222,0,ᚻᚩᛗᚩᛏᚪᛉᛡᛚ,491
imprecating,19217,0,ᛁᛗᛈᚱᛖᚳᚪᛏᛝ,471
bluestems,19196,0,ᛒᛚᚢᛖᛋᛏᛖᛗᛋ,507
vestigium,19152,0,ᚢᛖᛋᛏᛁᚷᛁᚢᛗ,335
tetherball,19151,0,ᛏᛖᚦᛖᚱᛒᚪᛚᛚ,513
clambakes,19151,0,ᚳᛚᚪᛗᛒᚪᚳᛖᛋ,545
glutelins,19138,0,ᚷᛚᚢᛏᛖᛚᛁᚾᛋ,405
portlands,19117,0,ᛈᚩᚱᛏᛚᚪᚾᛞᛋ,461
barometry,19106,0,ᛒᚪᚱᚩᛗᛖᛏᚱᚣ,487
prelection,19089,0,ᛈᚱᛖᛚᛖᚳᛏᛡᚾ,469
headcounts,19077,0,ᚻᛠᛞᚳᚩᚢᚾᛏᛋ,385
posthorses,19064,0,ᛈᚩᛋᚦᚩᚱᛋᛖᛋ,299
befittingly,19059,0,ᛒᛖᚠᛁᛏᛏᛝᛚᚣ,534
hadrosaur,19057,0,ᚻᚪᛞᚱᚩᛋᚪᚢᚱ,391
infortune,19048,0,ᛁᚾᚠᚩᚱᛏᚢᚾᛖ,238
upstrokes,19037,0,ᚢᛈᛋᛏᚱᚩᚳᛖᛋ,309
unaffecting,19028,0,ᚢᚾᚪᚠᚠᛖᚳᛏᛝ,351
insipidly,19026,0,ᛁᚾᛋᛁᛈᛁᛞᛚᚣ,483
victimising,19019,0,ᚢᛁᚳᛏᛁᛗᛁᛋᛝ,371
gymkhanas,19018,0,ᚷᚣᛗᚳᚻᚪᚾᚪᛋ,503
bibliopole,19004,0,ᛒᛁᛒᛚᛡᛈᚩᛚᛖ,523
fosterers,18999,0,ᚠᚩᛋᛏᛖᚱᛖᚱᛋ,330
joylessly,18996,0,ᛂᚩᚣᛚᛖᛋᛋᛚᚣ,569
mitigable,18985,0,ᛗᛁᛏᛁᚷᚪᛒᛚᛖ,507
pourpoint,18970,0,ᛈᚩᚢᚱᛈᚩᛁᚾᛏ,233
ropewalks,18957,0,ᚱᚩᛈᛖᚹᚪᛚᚳᛋ,383
unrepenting,18945,0,ᚢᚾᚱᛖᛈᛖᚾᛏᛝ,387
expertize,18912,0,ᛖᛉᛈᛖᚱᛏᛁᛋᛖ,445
chaussure,18898,0,ᚳᚻᚪᚢᛋᛋᚢᚱᛖ,323
holidayed,18893,0,ᚻᚩᛚᛁᛞᚪᚣᛖᛞ,579
quakerish,18878,0,ᚳᚹᚪᚳᛖᚱᛁᛋᚻ,327
showboats,18877,0,ᛋᚻᚩᚹᛒᚩᚪᛏᛋ,379
wreckfish,18864,0,ᚹᚱᛖᚳᚳᚠᛁᛋᚻ,232
butcherly,18842,0,ᛒᚢᛏᚳᚻᛖᚱᛚᚣ,413
touchhole,18836,0,ᛏᚩᚢᚳᚻᚻᚩᛚᛖ,275
expresser,18833,0,ᛖᛉᛈᚱᛖᛋᛋᛖᚱ,419
almsgiver,18821,0,ᚪᛚᛗᛋᚷᛁᚢᛖᚱ,423
unifoliate,18818,0,ᚢᚾᛁᚠᚩᛚᛡᛏᛖ,378
abundantia,18794,0,ᚪᛒᚢᚾᛞᚪᚾᛏᛡ,571
xerophyte,18790,0,ᛉᛖᚱᚩᛈᚻᚣᛏᛖ,427
prolusions,18779,0,ᛈᚱᚩᛚᚢᛋᛡᚾᛋ,379
irascibly,18767,0,ᛁᚱᚪᛋᚳᛁᛒᛚᚣ,473
fledgelings,18767,0,ᚠᛚᛖᛞᚷᛖᛚᛝᛋ,520
divagation,18753,0,ᛞᛁᚢᚪᚷᚪᛏᛡᚾ,529
syllepsis,18735,0,ᛋᚣᛚᛚᛖᛈᛋᛁᛋ,549
washables,18728,0,ᚹᚪᛋᚻᚪᛒᛚᛖᛋ,543
acrosomes,18718,0,ᚪᚳᚱᚩᛋᚩᛗᛖᛋ,379
taintless,18715,0,ᛏᚪᛁᚾᛏᛚᛖᛋᛋ,521
bellovaci,18699,0,ᛒᛖᛚᛚᚩᚢᚪᚳᛁ,425
vaporises,18661,0,ᚢᚪᛈᚩᚱᛁᛋᛖᛋ,365
pushiness,18658,0,ᛈᚢᛋᚻᛁᚾᛖᛋᛋ,355
ampleness,18643,0,ᚪᛗᛈᛚᛖᚾᛖᛋᛋ,553
cunningness,18634,0,ᚳᚢᚾᚾᛝᚾᛖᛋᛋ,355
lepidotus,18622,0,ᛚᛖᛈᛁᛞᚩᛏᚢᛋ,425
amphiboly,18622,0,ᚪᛗᛈᚻᛁᛒᚩᛚᚣ,509
lincolnian,18611,0,ᛚᛁᚾᚳᚩᛚᚾᛡᚾ,391
italianism,18602,0,ᛁᛏᚪᛚᛡᚾᛁᛋᛗ,551
shamefast,18599,0,ᛋᚻᚪᛗᛖᚠᚪᛋᛏ,522
mollifies,18598,0,ᛗᚩᛚᛚᛁᚠᛁᛖᛋ,408
parentela,18588,0,ᛈᚪᚱᛖᚾᛏᛖᛚᚪ,543
visitable,18583,0,ᚢᛁᛋᛁᛏᚪᛒᛚᛖ,475
runagates,18578,0,ᚱᚢᚾᚪᚷᚪᛏᛖᛋ,433
barracked,18575,0,ᛒᚪᚱᚱᚪᚳᚳᛖᛞ,459
pulitzers,18550,0,ᛈᚢᛚᛁᛏᛋᛖᚱᛋ,393
blastoidea,18547,0,ᛒᛚᚪᛋᛏᚩᛁᛞᛠ,579
vintagers,18543,0,ᚢᛁᚾᛏᚪᚷᛖᚱᛋ,367
featheredge,18541,0,ᚠᛠᚦᛖᚱᛖᛞᚷᛖ,434
burgraves,18541,0,ᛒᚢᚱᚷᚱᚪᚢᛖᛋ,323
activable,18538,0,ᚪᚳᛏᛁᚢᚪᛒᛚᛖ,501
sweatsuits,18537,0,ᛋᚹᛠᛏᛋᚢᛁᛏᛋ,439
babushkas,18523,0,ᛒᚪᛒᚢᛋᚻᚳᚪᛋ,461
blunderings,18513,0,ᛒᛚᚢᚾᛞᛖᚱᛝᛋ,465
ametropic,18513,0,ᚪᛗᛖᛏᚱᚩᛈᛁᚳ,399
triskelion,18512,0,ᛏᚱᛁᛋᚳᛖᛚᛡᚾ,443
waldheimia,18504,0,ᚹᚪᛚᛞᚻᛖᛁᛗᛡ,577
accumbent,18503,0,ᚪᚳᚳᚢᛗᛒᛖᚾᛏ,413
woodruffs,18476,0,ᚹᚩᚩᛞᚱᚢᚠᚠᛋ,193
precieuse,18475,0,ᛈᚱᛖᚳᛁᛖᚢᛋᛖ,355
hatmakers,18468,0,ᚻᚪᛏᛗᚪᚳᛖᚱᛋ,491
misgovern,18467,0,ᛗᛁᛋᚷᚩᚢᛖᚱᚾ,289
manageably,18463,0,ᛗᚪᚾᚪᚷᛠᛒᛚᚣ,657
misbecome,18460,0,ᛗᛁᛋᛒᛖᚳᚩᛗᛖ,441
repapered,18457,0,ᚱᛖᛈᚪᛈᛖᚱᛖᛞ,495
panoplies,18438,0,ᛈᚪᚾᚩᛈᛚᛁᛖᛋ,443
gallivant,18436,0,ᚷᚪᛚᛚᛁᚢᚪᚾᛏ,479
newscasting,18435,0,ᚾᛖᚹᛋᚳᚪᛋᛏᛝ,469
mayorship,18427,0,ᛗᚪᚣᚩᚱᛋᚻᛁᛈ,439
aberrance,18416,0,ᚪᛒᛖᚱᚱᚪᚾᚳᛖ,453
sleepiest,18415,0,ᛋᛚᛖᛖᛈᛁᛖᛋᛏ,513
mastopathy,18405,0,ᛗᚪᛋᛏᚩᛈᚪᚦᚣ,535
archducal,18405,0,ᚪᚱᚳᚻᛞᚢᚳᚪᛚ,419
tigresses,18395,0,ᛏᛁᚷᚱᛖᛋᛋᛖᛋ,411
foremother,18390,0,ᚠᚩᚱᛖᛗᚩᚦᛖᚱ,248
allowably,18390,0,ᚪᛚᛚᚩᚹᚪᛒᛚᚣ,603
knowledging,18385,0,ᚳᚾᚩᚹᛚᛖᛞᚷᛝ,393
carnelians,18378,0,ᚳᚪᚱᚾᛖᛚᛡᚾᛋ,479
defrauder,18372,0,ᛞᛖᚠᚱᚪᚢᛞᛖᚱ,436
furriners,18369,0,ᚠᚢᚱᚱᛁᚾᛖᚱᛋ,218
chaetognath,18364,0,ᚳᚻᚫᛏᚩᚷᚾᚪᚦ,351
girandole,18358,0,ᚷᛁᚱᚪᚾᛞᚩᛚᛖ,421
pureblood,18356,0,ᛈᚢᚱᛖᛒᛚᚩᚩᛞ,361
lengthiness,18346,0,ᛚᛖᛝᚦᛁᚾᛖᛋᛋ,457
vermicide,18345,0,ᚢᛖᚱᛗᛁᚳᛁᛞᛖ,383
cyprinoid,18338,0,ᚳᚣᛈᚱᛁᚾᚩᛁᛞ,357
shrinkingly,18330,0,ᛋᚻᚱᛁᚾᚳᛝᛚᚣ,415
nigritude,18303,0,ᚾᛁᚷᚱᛁᛏᚢᛞᛖ,337
esoterics,18302,0,ᛖᛋᚩᛏᛖᚱᛁᚳᛋ,361
sandglass,18291,0,ᛋᚪᚾᛞᚷᛚᚪᛋᛋ,561
macerates,18289,0,ᛗᚪᚳᛖᚱᚪᛏᛖᛋ,535
schnorrer,18287,0,ᛋᚳᚻᚾᚩᚱᚱᛖᚱ,225
octoroons,18281,0,ᚩᚳᛏᚩᚱᚩᚩᚾᛋ,193
genteeler,18259,0,ᚷᛖᚾᛏᛖᛖᛚᛖᚱ,457
ectoblast,18254,0,ᛖᚳᛏᚩᛒᛚᚪᛋᛏ,489
shockable,18248,0,ᛋᚻᚩᚳᚳᚪᛒᛚᛖ,407
immolates,18245,0,ᛁᛗᛗᚩᛚᚪᛏᛖᛋ,529
passivism,18232,0,ᛈᚪᛋᛋᛁᚢᛁᛋᛗ,435
mulligans,18206,0,ᛗᚢᛚᛚᛁᚷᚪᚾᛋ,447
revenuers,18173,0,ᚱᛖᚢᛖᚾᚢᛖᚱᛋ,311
singletrees,18166,0,ᛋᛝᛚᛖᛏᚱᛖᛖᛋ,529
prelusive,18162,0,ᛈᚱᛖᛚᚢᛋᛁᚢᛖ,351
doorstops,18106,0,ᛞᚩᚩᚱᛋᛏᚩᛈᛋ,329
caruncula,18100,0,ᚳᚪᚱᚢᚾᚳᚢᛚᚪ,339
autacoids,18087,0,ᚪᚢᛏᚪᚳᚩᛁᛞᛋ,449
hostelers,18072,0,ᚻᚩᛋᛏᛖᛚᛖᚱᛋ,413
disaffect,18067,0,ᛞᛁᛋᚪᚠᚠᛖᚳᛏ,413
bedsitter,18064,0,ᛒᛖᛞᛋᛁᛏᛏᛖᚱ,497
cytolysin,18060,0,ᚳᚣᛏᚩᛚᚣᛋᛁᚾ,471
uninitiate,18050,0,ᚢᚾᛁᚾᛁᛏᛡᛏᛖ,415
overstudy,18032,0,ᚩᚢᛖᚱᛋᛏᚢᛞᚣ,395
converser,18021,0,ᚳᚩᚾᚢᛖᚱᛋᛖᚱ,261
consolers,18018,0,ᚳᚩᚾᛋᚩᛚᛖᚱᛋ,313
pourboire,17966,0,ᛈᚩᚢᚱᛒᚩᛁᚱᛖ,241
optatives,17938,0,ᚩᛈᛏᚪᛏᛁᚢᛖᛋ,419
inscriber,17934,0,ᛁᚾᛋᚳᚱᛁᛒᛖᚱ,307
ashamedly,17887,0,ᚪᛋᚻᚪᛗᛖᛞᛚᚣ,673
unsighted,17859,0,ᚢᚾᛋᛁᚷᚻᛏᛖᛞ,371
postludes,17848,0,ᛈᚩᛋᛏᛚᚢᛞᛖᛋ,447
execrates,17838,0,ᛖᛉᛖᚳᚱᚪᛏᛖᛋ,481
scofflaws,17778,0,ᛋᚳᚩᚠᚠᛚᚪᚹᛋ,319
greathearted,17765,0,ᚷᚱᛠᚦᛠᚱᛏᛖᛞ,477
skipjacks,17764,0,ᛋᚳᛁᛈᛂᚪᚳᚳᛋ,353
flautists,17759,0,ᚠᛚᚪᚢᛏᛁᛋᛏᛋ,430
unlabored,17758,0,ᚢᚾᛚᚪᛒᚩᚱᛖᛞ,437
footraces,17717,0,ᚠᚩᚩᛏᚱᚪᚳᛖᛋ,316
prattlers,17679,0,ᛈᚱᚪᛏᛏᛚᛖᚱᛋ,473
mushiness,17659,0,ᛗᚢᛋᚻᛁᚾᛖᛋᛋ,383
javelinas,17654,0,ᛂᚪᚢᛖᛚᛁᚾᚪᛋ,487
glycerole,17651,0,ᚷᛚᚣᚳᛖᚱᚩᛚᛖ,431
twayblade,17630,0,ᛏᚹᚪᚣᛒᛚᚪᛞᛖ,665
proteosome,17606,0,ᛈᚱᚩᛏᛇᛋᚩᛗᛖ,359
assigners,17579,0,ᚪᛋᛋᛁᚷᚾᛖᚱᛋ,411
millwheel,17575,0,ᛗᛁᛚᛚᚹᚻᛖᛖᛚ,497
shippable,17564,0,ᛋᚻᛁᛈᛈᚪᛒᛚᛖ,491
chatoyant,17562,0,ᚳᚻᚪᛏᚩᚣᚪᚾᛏ,487
spiceries,17530,0,ᛋᛈᛁᚳᛖᚱᛁᛖᛋ,369
websterian,17522,0,ᚹᛖᛒᛋᛏᛖᚱᛡᚾ,473
sopranino,17521,0,ᛋᚩᛈᚱᚪᚾᛁᚾᚩ,307
placoderm,17505,0,ᛈᛚᚪᚳᚩᛞᛖᚱᛗ,471
cubically,17498,0,ᚳᚢᛒᛁᚳᚪᛚᛚᚣ,467
brassards,17496,0,ᛒᚱᚪᛋᛋᚪᚱᛞᛋ,525
populaces,17482,0,ᛈᚩᛈᚢᛚᚪᚳᛖᛋ,399
checkrein,17481,0,ᚳᚻᛖᚳᚳᚱᛖᛁᚾ,267
superegos,17470,0,ᛋᚢᛈᛖᚱᛖᚷᚩᛋ,321
henhouses,17451,0,ᚻᛖᚾᚻᚩᚢᛋᛖᛋ,325
talapoins,17448,0,ᛏᚪᛚᚪᛈᚩᛁᚾᛋ,489
venerably,17439,0,ᚢᛖᚾᛖᚱᚪᛒᛚᚣ,511
litterbug,17430,0,ᛚᛁᛏᛏᛖᚱᛒᚢᚷ,381
salaminian,17416,0,ᛋᚪᛚᚪᛗᛁᚾᛡᚾ,587
phosphori,17413,0,ᛈᚻᚩᛋᛈᚻᚩᚱᛁ,241
mimicries,17407,0,ᛗᛁᛗᛁᚳᚱᛁᛖᛋ,379
pullulating,17399,0,ᛈᚢᛚᛚᚢᛚᚪᛏᛝ,503
calvaries,17397,0,ᚳᚪᛚᚢᚪᚱᛁᛖᛋ,445
audiphone,17394,0,ᚪᚢᛞᛁᛈᚻᚩᚾᛖ,389
superflux,17390,0,ᛋᚢᛈᛖᚱᚠᛚᚢᛉ,302
sketchier,17381,0,ᛋᚳᛖᛏᚳᚻᛁᛖᚱ,337
kilderkin,17372,0,ᚳᛁᛚᛞᛖᚱᚳᛁᚾ,357
ebracteate,17370,0,ᛖᛒᚱᚪᚳᛏᛠᛏᛖ,543
drawknife,17365,0,ᛞᚱᚪᚹᚳᚾᛁᚠᛖ,358
paradisiac,17340,0,ᛈᚪᚱᚪᛞᛁᛋᛡᚳ,541
naturists,17337,0,ᚾᚪᛏᚢᚱᛁᛋᛏᛋ,395
gerfalcon,17333,0,ᚷᛖᚱᚠᚪᛚᚳᚩᚾ,316
detersive,17317,0,ᛞᛖᛏᛖᚱᛋᛁᚢᛖ,447
euglenoid,17287,0,ᛖᚢᚷᛚᛖᚾᚩᛁᛞ,383
rightless,17283,0,ᚱᛁᚷᚻᛏᛚᛖᛋᛋ,387
diffusors,17263,0,ᛞᛁᚠᚠᚢᛋᚩᚱᛋ,251
maelstroms,17261,0,ᛗᚫᛚᛋᛏᚱᚩᛗᛋ,499
reinserts,17248,0,ᚱᛖᛁᚾᛋᛖᚱᛏᛋ,381
asclepiads,17242,0,ᚪᛋᚳᛚᛖᛈᛡᛞᛋ,595
briberies,17209,0,ᛒᚱᛁᛒᛖᚱᛁᛖᛋ,393
outstroke,17200,0,ᚩᚢᛏᛋᛏᚱᚩᚳᛖ,279
rustiness,17191,0,ᚱᚢᛋᛏᛁᚾᛖᛋᛋ,359
playtimes,17171,0,ᛈᛚᚪᚣᛏᛁᛗᛖᛋ,597
dogmatising,17171,0,ᛞᚩᚷᛗᚪᛏᛁᛋᛝ,503
opponency,17169,0,ᚩᛈᛈᚩᚾᛖᚾᚳᚣ,341
anaesthesias,17169,0,ᚪᚾᚫᛋᚦᛖᛋᛡᛋ,565
harridans,17161,0,ᚻᚪᚱᚱᛁᛞᚪᚾᛋ,441
cybercafe,17154,0,ᚳᚣᛒᛖᚱᚳᚪᚠᛖ,434
bushiness,17142,0,ᛒᚢᛋᚻᛁᚾᛖᛋᛋ,373
melodists,17123,0,ᛗᛖᛚᚩᛞᛁᛋᛏᛋ,503
hinderers,17121,0,ᚻᛁᚾᛞᛖᚱᛖᚱᛋ,381
lovelight,17102,0,ᛚᚩᚢᛖᛚᛁᚷᚻᛏ,353
fieldsman,17075,0,ᚠᛁᛖᛚᛞᛋᛗᚪᚾ,512
diarrhetic,17061,0,ᛞᛡᚱᚱᚻᛖᛏᛁᚳ,411
barrelful,17042,0,ᛒᚪᚱᚱᛖᛚᚠᚢᛚ,398
chrysalid,17041,0,ᚳᚻᚱᚣᛋᚪᛚᛁᛞ,493
inaptness,17038,0,ᛁᚾᚪᛈᛏᚾᛖᛋᛋ,461
yankeedom,17034,0,ᚣᚪᚾᚳᛖᛖᛞᚩᛗ,543
moabitish,17028,0,ᛗᚩᚪᛒᛁᛏᛁᛋᚻ,433
horselike,17027,0,ᚻᚩᚱᛋᛖᛚᛁᚳᛖ,345
scorchers,17017,0,ᛋᚳᚩᚱᚳᚻᛖᚱᛋ,251
sanguinity,17017,0,ᛋᚪᛝᚢᛁᚾᛁᛏᚣ,485
proctorial,17014,0,ᛈᚱᚩᚳᛏᚩᚱᛡᛚ,331
showjumping,17013,0,ᛋᚻᚩᚹᛂᚢᛗᛈᛝ,335
repudiator,16995,0,ᚱᛖᛈᚢᛞᛡᛏᚩᚱ,397
schnorkel,16973,0,ᛋᚳᚻᚾᚩᚱᚳᛖᛚ,289
otaheitan,16970,0,ᚩᛏᚪᚻᛖᛁᛏᚪᚾ,469
eyeshades,16960,0,ᛖᚣᛖᛋᚻᚪᛞᛖᛋ,619
unassured,16958,0,ᚢᚾᚪᛋᛋᚢᚱᛖᛞ,405
colubrids,16954,0,ᚳᚩᛚᚢᛒᚱᛁᛞᛋ,341
accepters,16947,0,ᚪᚳᚳᛖᛈᛏᛖᚱᛋ,423
bedabbled,16945,0,ᛒᛖᛞᚪᛒᛒᛚᛖᛞ,665
xenophobe,16943,0,ᛉᛖᚾᚩᛈᚻᚩᛒᛖ,351
gallopers,16937,0,ᚷᚪᛚᛚᚩᛈᛖᚱᛋ,441
haematites,16934,0,ᚻᚫᛗᚪᛏᛁᛏᛖᛋ,561
frostwork,16929,0,ᚠᚱᚩᛋᛏᚹᚩᚱᚳ,182
remedially,16914,0,ᚱᛖᛗᛖᛞᛡᛚᛚᚣ,661
floridity,16906,0,ᚠᛚᚩᚱᛁᛞᛁᛏᚣ,406
terebinths,16895,0,ᛏᛖᚱᛖᛒᛁᚾᚦᛋ,383
sixtyfold,16880,0,ᛋᛁᛉᛏᚣᚠᚩᛚᛞ,464
wigmakers,16876,0,ᚹᛁᚷᛗᚪᚳᛖᚱᛋ,379
planeness,16873,0,ᛈᛚᚪᚾᛖᚾᛖᛋᛋ,511
helpmeets,16853,0,ᚻᛖᛚᛈᛗᛖᛖᛏᛋ,523
bluethroat,16849,0,ᛒᛚᚢᛖᚦᚱᚩᚪᛏ,383
sidepiece,16816,0,ᛋᛁᛞᛖᛈᛁᛖᚳᛖ,461
numskulls,16803,0,ᚾᚢᛗᛋᚳᚢᛚᛚᛋ,371
outguards,16796,0,ᚩᚢᛏᚷᚢᚪᚱᛞᛋ,339
stinkbugs,16787,0,ᛋᛏᛁᚾᚳᛒᚢᚷᛋ,319
tyrannising,16763,0,ᛏᚣᚱᚪᚾᚾᛁᛋᛝ,491
vulturine,16749,0,ᚢᚢᛚᛏᚢᚱᛁᚾᛖ,279
hairballs,16746,0,ᚻᚪᛁᚱᛒᚪᛚᛚᛋ,519
shiveringly,16737,0,ᛋᚻᛁᚢᛖᚱᛝᛚᚣ,443
duckbills,16736,0,ᛞᚢᚳᚳᛒᛁᛚᛚᛋ,409
bankrolls,16733,0,ᛒᚪᚾᚳᚱᚩᛚᛚᛋ,417
tollbooths,16730,0,ᛏᚩᛚᛚᛒᚩᚩᚦᛋ,345
attempter,16717,0,ᚪᛏᛏᛖᛗᛈᛏᛖᚱ,533
unheedingly,16714,0,ᚢᚾᚻᛖᛖᛞᛝᛚᚣ,533
bloodworm,16710,0,ᛒᛚᚩᚩᛞᚹᚩᚱᛗ,345
neckbands,16662,0,ᚾᛖᚳᚳᛒᚪᚾᛞᛋ,451
glossiest,16662,0,ᚷᛚᚩᛋᛋᛁᛖᛋᛏ,413
overprice,16655,0,ᚩᚢᛖᚱᛈᚱᛁᚳᛖ,253
halophile,16651,0,ᚻᚪᛚᚩᛈᚻᛁᛚᛖ,437
wineshops,16637,0,ᚹᛁᚾᛖᛋᚻᚩᛈᛋ,325
seclusions,16631,0,ᛋᛖᚳᛚᚢᛋᛡᚾᛋ,451
salicional,16630,0,ᛋᚪᛚᛁᚳᛡᚾᚪᛚ,573
semestral,16624,0,ᛋᛖᛗᛖᛋᛏᚱᚪᛚ,551
infatuating,16609,0,ᛁᚾᚠᚪᛏᚢᚪᛏᛝ,456
banquetings,16602,0,ᛒᚪᚾᚳᚹᛖᛏᛝᛋ,477
pansexual,16601,0,ᛈᚪᚾᛋᛖᛉᚢᚪᛚ,509
runcinate,16599,0,ᚱᚢᚾᚳᛁᚾᚪᛏᛖ,339
cloistering,16596,0,ᚳᛚᚩᛁᛋᛏᛖᚱᛝ,393
overtness,16590,0,ᚩᚢᛖᚱᛏᚾᛖᛋᛋ,349
unlimbering,16585,0,ᚢᚾᛚᛁᛗᛒᛖᚱᛝ,425
lyrebirds,16582,0,ᛚᚣᚱᛖᛒᛁᚱᛞᛋ,499
bakhshish,16564,0,ᛒᚪᚳᚻᛋᚻᛁᛋᚻ,377
anthozoans,16560,0,ᚪᚾᚦᚩᛋᚩᚪᚾᛋ,377
ideography,16558,0,ᛁᛞᛇᚷᚱᚪᛈᚻᚣ,455
eburnated,16557,0,ᛖᛒᚢᚱᚾᚪᛏᛖᛞ,483
careenage,16555,0,ᚳᚪᚱᛖᛖᚾᚪᚷᛖ,465
solemnest,16554,0,ᛋᚩᛚᛖᛗᚾᛖᛋᛏ,479
salivates,16534,0,ᛋᚪᛚᛁᚢᚪᛏᛖᛋ,533
quiveringly,16530,0,ᚳᚹᛁᚢᛖᚱᛝᛚᚣ,399
maldivians,16526,0,ᛗᚪᛚᛞᛁᚢᛡᚾᛋ,553
serenader,16524,0,ᛋᛖᚱᛖᚾᚪᛞᛖᚱ,491
mondaines,16514,0,ᛗᚩᚾᛞᚪᛁᚾᛖᛋ,473
chibouque,16514,0,ᚳᚻᛁᛒᚩᚢᚳᚹᛖ,237
picofarad,16509,0,ᛈᛁᚳᚩᚠᚪᚱᚪᛞ,390
appetence,16493,0,ᚪᛈᛈᛖᛏᛖᚾᚳᛖ,485
compacter,16492,0,ᚳᚩᛗᛈᚪᚳᛏᛖᚱ,381
platonics,16490,0,ᛈᛚᚪᛏᚩᚾᛁᚳᛋ,405
rebaptizing,16483,0,ᚱᛖᛒᚪᛈᛏᛁᛋᛝ,501
orderless,16482,0,ᚩᚱᛞᛖᚱᛚᛖᛋᛋ,431
chalybite,16481,0,ᚳᚻᚪᛚᚣᛒᛁᛏᛖ,527
calopogon,16470,0,ᚳᚪᛚᚩᛈᚩᚷᚩᚾ,293
subtilely,16465,0,ᛋᚢᛒᛏᛁᛚᛖᛚᚣ,523
ninepenny,16461,0,ᚾᛁᚾᛖᛈᛖᚾᚾᚣ,427
ancienter,16454,0,ᚪᚾᚳᛁᛖᚾᛏᛖᚱ,403
coarctate,16444,0,ᚳᚩᚪᚱᚳᛏᚪᛏᛖ,423
distasted,16424,0,ᛞᛁᛋᛏᚪᛋᛏᛖᛞ,597
untoasted,16417,0,ᚢᚾᛏᚩᚪᛋᛏᛖᛞ,463
spadefuls,16417,0,ᛋᛈᚪᛞᛖᚠᚢᛚᛋ,480
hawkweeds,16416,0,ᚻᚪᚹᚳᚹᛖᛖᛞᛋ,447
matadores,16406,0,ᛗᚪᛏᚪᛞᚩᚱᛖᛋ,551
philistian,16404,0,ᛈᚻᛁᛚᛁᛋᛏᛡᚾ,449
unjudicial,16402,0,ᚢᚾᛂᚢᛞᛁᚳᛡᛚ,385
dowdiness,16401,0,ᛞᚩᚹᛞᛁᚾᛖᛋᛋ,437
diarthrosis,16384,0,ᛞᛡᚱᚦᚱᚩᛋᛁᛋ,367
probatory,16380,0,ᛈᚱᚩᛒᚪᛏᚩᚱᚣ,399
paillasse,16344,0,ᛈᚪᛁᛚᛚᚪᛋᛋᛖ,587
amputates,16339,0,ᚪᛗᛈᚢᛏᚪᛏᛖᛋ,549
varicosis,16306,0,ᚢᚪᚱᛁᚳᚩᛋᛁᛋ,299
inositols,16294,0,ᛁᚾᚩᛋᛁᛏᚩᛚᛋ,343
mentations,16292,0,ᛗᛖᚾᛏᚪᛏᛡᚾᛋ,571
sojournings,16280,0,ᛋᚩᛂᚩᚢᚱᚾᛝᛋ,279
seminally,16278,0,ᛋᛖᛗᛁᚾᚪᛚᛚᚣ,597
turndowns,16252,0,ᛏᚢᚱᚾᛞᚩᚹᚾᛋ,299
tritanopia,16248,0,ᛏᚱᛁᛏᚪᚾᚩᛈᛡ,443
unpiloted,16227,0,ᚢᚾᛈᛁᛚᚩᛏᛖᛞ,401
mosaicked,16206,0,ᛗᚩᛋᚪᛁᚳᚳᛖᛞ,441
calyculus,16195,0,ᚳᚪᛚᚣᚳᚢᛚᚢᛋ,431
filigrees,16182,0,ᚠᛁᛚᛁᚷᚱᛖᛖᛋ,352
protanopia,16176,0,ᛈᚱᚩᛏᚪᚾᚩᛈᛡ,403
abbasside,16175,0,ᚪᛒᛒᚪᛋᛋᛁᛞᛖ,609
unenacted,16173,0,ᚢᚾᛖᚾᚪᚳᛏᛖᛞ,453
brutalise,16164,0,ᛒᚱᚢᛏᚪᛚᛁᛋᛖ,455
utterable,16151,0,ᚢᛏᛏᛖᚱᚪᛒᛚᛖ,497
plagiarising,16146,0,ᛈᛚᚪᚷᛡᚱᛁᛋᛝ,511
unvitiated,16144,0,ᚢᚾᚢᛁᛏᛡᛏᛖᛞ,447
paperlike,16144,0,ᛈᚪᛈᛖᚱᛚᛁᚳᛖ,445
telchines,16136,0,ᛏᛖᛚᚳᚻᛁᚾᛖᛋ,415
alnaschar,16127,0,ᚪᛚᚾᚪᛋᚳᚻᚪᚱ,493
brainsick,16122,0,ᛒᚱᚪᛁᚾᛋᛁᚳᚳ,339
vitalizer,16114,0,ᚢᛁᛏᚪᛚᛁᛋᛖᚱ,425
copacetic,16111,0,ᚳᚩᛈᚪᚳᛖᛏᛁᚳ,343
carjackings,16111,0,ᚳᚪᚱᛂᚪᚳᚳᛝᛋ,413
unpeaceful,16107,0,ᚢᚾᛈᛠᚳᛖᚠᚢᛚ,342
caracaras,16103,0,ᚳᚪᚱᚪᚳᚪᚱᚪᛋ,489
outsmarts,16096,0,ᚩᚢᛏᛋᛗᚪᚱᛏᛋ,413
primeness,16093,0,ᛈᚱᛁᛗᛖᚾᛖᛋᛋ,425
uppercuts,16067,0,ᚢᛈᛈᛖᚱᚳᚢᛏᛋ,295
monolatry,16066,0,ᛗᚩᚾᚩᛚᚪᛏᚱᚣ,457
trephines,16061,0,ᛏᚱᛖᛈᚻᛁᚾᛖᛋ,383
sogginess,16060,0,ᛋᚩᚷᚷᛁᚾᛖᛋᛋ,327
retrousse,16057,0,ᚱᛖᛏᚱᚩᚢᛋᛋᛖ,331
tailwinds,16038,0,ᛏᚪᛁᛚᚹᛁᚾᛞᛋ,481
senatorian,16035,0,ᛋᛖᚾᚪᛏᚩᚱᛡᚾ,459
hoariness,16032,0,ᚻᚩᚪᚱᛁᚾᛖᛋᛋ,371
romagnosi,16031,0,ᚱᚩᛗᚪᚷᚾᚩᛋᛁ,323
gyromitra,16029,0,ᚷᚣᚱᚩᛗᛁᛏᚱᚪ,407
skyscraping,16028,0,ᛋᚳᚣᛋᚳᚱᚪᛈᛝ,465
treillage,16015,0,ᛏᚱᛖᛁᛚᛚᚪᚷᛖ,495
miscopied,16008,0,ᛗᛁᛋᚳᚩᛈᛁᛖᛞ,405
eisegesis,16006,0,ᛖᛁᛋᛖᚷᛖᛋᛁᛋ,439
bilocation,15993,0,ᛒᛁᛚᚩᚳᚪᛏᛡᚾ,477
cuckoldom,15988,0,ᚳᚢᚳᚳᚩᛚᛞᚩᛗ,289
microdots,15984,0,ᛗᛁᚳᚱᚩᛞᚩᛏᛋ,341
coloradan,15984,0,ᚳᚩᛚᚩᚱᚪᛞᚪᚾ,423
pegboards,15970,0,ᛈᛖᚷᛒᚩᚪᚱᛞᛋ,445
deadlights,15970,0,ᛞᛠᛞᛚᛁᚷᚻᛏᛋ,543
capsulize,15968,0,ᚳᚪᛈᛋᚢᛚᛁᛋᛖ,433
improviso,15963,0,ᛁᛗᛈᚱᚩᚢᛁᛋᚩ,257
blockader,15962,0,ᛒᛚᚩᚳᚳᚪᛞᛖᚱ,431
unenjoyed,15956,0,ᚢᚾᛖᚾᛂᚩᚣᛖᛞ,431
correcter,15949,0,ᚳᚩᚱᚱᛖᚳᛏᛖᚱ,259
harvestings,15924,0,ᚻᚪᚱᚢᛖᛋᛏᛝᛋ,445
tetrandria,15916,0,ᛏᛖᛏᚱᚪᚾᛞᚱᛡ,529
germanise,15909,0,ᚷᛖᚱᛗᚪᚾᛁᛋᛖ,443
breakables,15896,0,ᛒᚱᛠᚳᚪᛒᛚᛖᛋ,545
pluckiest,15888,0,ᛈᛚᚢᚳᚳᛁᛖᛋᛏ,355
trimonthly,15864,0,ᛏᚱᛁᛗᚩᚾᚦᛚᚣ,389
clinchers,15858,0,ᚳᛚᛁᚾᚳᚻᛖᚱᛋ,313
falsettos,15843,0,ᚠᚪᛚᛋᛖᛏᛏᚩᛋ,470
precancel,15834,0,ᛈᚱᛖᚳᚪᚾᚳᛖᛚ,413
flashguns,15829,0,ᚠᛚᚪᛋᚻᚷᚢᚾᛋ,350
marathonian,15795,0,ᛗᚪᚱᚪᚦᚩᚾᛡᚾ,453
unstylish,15787,0,ᚢᚾᛋᛏᚣᛚᛁᛋᚻ,427
pallasite,15775,0,ᛈᚪᛚᛚᚪᛋᛁᛏᛖ,593
fourteens,15758,0,ᚠᚩᚢᚱᛏᛖᛖᚾᛋ,298
coachwhip,15757,0,ᚳᚩᚪᚳᚻᚹᚻᛁᛈ,269
unemptied,15755,0,ᚢᚾᛖᛗᛈᛏᛁᛖᛞ,459
prelacies,15746,0,ᛈᚱᛖᛚᚪᚳᛁᛖᛋ,455
unfrosted,15740,0,ᚢᚾᚠᚱᚩᛋᛏᛖᛞ,320
tipsiness,15738,0,ᛏᛁᛈᛋᛁᚾᛖᛋᛋ,419
hemstitch,15737,0,ᚻᛖᛗᛋᛏᛁᛏᚳᚻ,399
cavalries,15716,0,ᚳᚪᚢᚪᛚᚱᛁᛖᛋ,445
tacitness,15712,0,ᛏᚪᚳᛁᛏᚾᛖᛋᛋ,461
sarcocele,15691,0,ᛋᚪᚱᚳᚩᚳᛖᛚᛖ,401
curliness,15683,0,ᚳᚢᚱᛚᛁᚾᛖᛋᛋ,333
tidemarks,15682,0,ᛏᛁᛞᛖᛗᚪᚱᚳᛋ,491
saltations,15661,0,ᛋᚪᛚᛏᚪᛏᛡᚾᛋ,627
ornithopod,15661,0,ᚩᚱᚾᛁᚦᚩᛈᚩᛞ,229
orchideous,15659,0,ᚩᚱᚳᚻᛁᛞᛇᚢᛋ,271
campstool,15647,0,ᚳᚪᛗᛈᛋᛏᚩᚩᛚ,423
fishiness,15644,0,ᚠᛁᛋᚻᛁᚾᛖᛋᛋ,342
tetragram,15628,0,ᛏᛖᛏᚱᚪᚷᚱᚪᛗ,489
cloudiest,15625,0,ᚳᛚᚩᚢᛞᛁᛖᛋᛏ,395
dotterels,15619,0,ᛞᚩᛏᛏᛖᚱᛖᛚᛋ,485
standover,15616,0,ᛋᛏᚪᚾᛞᚩᚢᛖᚱ,415
roisterer,15605,0,ᚱᚩᛁᛋᛏᛖᚱᛖᚱ,317
overstrong,15605,0,ᚩᚢᛖᚱᛋᛏᚱᚩᛝ,297
buckwheats,15604,0,ᛒᚢᚳᚳᚹᚻᛠᛏᛋ,353
trachodon,15595,0,ᛏᚱᚪᚳᚻᚩᛞᚩᚾ,335
syllabubs,15595,0,ᛋᚣᛚᛚᚪᛒᚢᛒᛋ,577
pouchlike,15593,0,ᛈᚩᚢᚳᚻᛚᛁᚳᛖ,273
unbeseeming,15582,0,ᚢᚾᛒᛖᛋᛖᛖᛗᛝ,497
anchorets,15573,0,ᚪᚾᚳᚻᚩᚱᛖᛏᛋ,359
biennales,15553,0,ᛒᛁᛖᚾᚾᚪᛚᛖᛋ,507
austerest,15530,0,ᚪᚢᛋᛏᛖᚱᛖᛋᛏ,469
merriness,15523,0,ᛗᛖᚱᚱᛁᚾᛖᛋᛋ,393
hellenize,15517,0,ᚻᛖᛚᛚᛖᚾᛁᛋᛖ,483
reactionist,15515,0,ᚱᛠᚳᛏᛡᚾᛁᛋᛏ,471
resolutes,15511,0,ᚱᛖᛋᚩᛚᚢᛏᛖᛋ,393
stammerings,15500,0,ᛋᛏᚪᛗᛗᛖᚱᛝᛋ,561
globalise,15486,0,ᚷᛚᚩᛒᚪᛚᛁᛋᛖ,479
tricolors,15471,0,ᛏᚱᛁᚳᚩᛚᚩᚱᛋ,265
rebaptize,15471,0,ᚱᛖᛒᚪᛈᛏᛁᛋᛖ,489
disarmers,15456,0,ᛞᛁᛋᚪᚱᛗᛖᚱᛋ,483
duckboard,15454,0,ᛞᚢᚳᚳᛒᚩᚪᚱᛞ,383
unpresuming,15449,0,ᚢᚾᛈᚱᛖᛋᚢᛗᛝ,359
firerooms,15445,0,ᚠᛁᚱᛖᚱᚩᚩᛗᛋ,260
cardsharp,15436,0,ᚳᚪᚱᛞᛋᚻᚪᚱᛈ,437
khansamah,15427,0,ᚳᚻᚪᚾᛋᚪᛗᚪᚻ,503
embryotic,15414,0,ᛖᛗᛒᚱᚣᚩᛏᛁᚳ,423
minibikes,15404,0,ᛗᛁᚾᛁᛒᛁᚳᛖᛋ,387
prodromic,15403,0,ᛈᚱᚩᛞᚱᚩᛗᛁᚳ,283
miscounting,15396,0,ᛗᛁᛋᚳᚩᚢᚾᛏᛝ,345
ghastlier,15392,0,ᚷᚻᚪᛋᛏᛚᛁᛖᚱ,431
pedicular,15380,0,ᛈᛖᛞᛁᚳᚢᛚᚪᚱ,427
nectareous,15372,0,ᚾᛖᚳᛏᚪᚱᛇᚢᛋ,373
profection,15367,0,ᛈᚱᚩᚠᛖᚳᛏᛡᚾ,338
landsmaal,15346,0,ᛚᚪᚾᛞᛋᛗᚪᚪᛚ,679
anisogamy,15344,0,ᚪᚾᛁᛋᚩᚷᚪᛗᚣ,505
saturniid,15331,0,ᛋᚪᛏᚢᚱᚾᛁᛁᛞ,403
sissified,15323,0,ᛋᛁᛋᛋᛁᚠᛁᛖᛞ,410
gospelers,15317,0,ᚷᚩᛋᛈᛖᛚᛖᚱᛋ,391
barricado,15299,0,ᛒᚪᚱᚱᛁᚳᚪᛞᚩ,417
conglobate,15297,0,ᚳᚩᛝᛚᚩᛒᚪᛏᛖ,463
fricandeau,15290,0,ᚠᚱᛁᚳᚪᚾᛞᛠᚢ,384
firetraps,15288,0,ᚠᛁᚱᛖᛏᚱᚪᛈᛋ,374
canicular,15283,0,ᚳᚪᚾᛁᚳᚢᛚᚪᚱ,367
ballplatz,15267,0,ᛒᚪᛚᛚᛈᛚᚪᛏᛋ,629
undertows,15264,0,ᚢᚾᛞᛖᚱᛏᚩᚹᛋ,337
onerously,15259,0,ᚩᚾᛖᚱᚩᚢᛋᛚᚣ,353
confiture,15251,0,ᚳᚩᚾᚠᛁᛏᚢᚱᛖ,222
abashment,15237,0,ᚪᛒᚪᛋᚻᛗᛖᚾᛏ,557
robotlike,15231,0,ᚱᚩᛒᚩᛏᛚᛁᚳᛖ,329
moneywort,15219,0,ᛗᚩᚾᛖᚣᚹᚩᚱᛏ,373
exercycle,15217,0,ᛖᛉᛖᚱᚳᚣᚳᛚᛖ,461
adulators,15217,0,ᚪᛞᚢᛚᚪᛏᚩᚱᛋ,489
cruciality,15216,0,ᚳᚱᚢᚳᛡᛚᛁᛏᚣ,413
coleochaete,15216,0,ᚳᚩᛚᛇᚳᚻᚫᛏᛖ,397
goosefish,15196,0,ᚷᚩᚩᛋᛖᚠᛁᛋᚻ,260
cautelous,15189,0,ᚳᚪᚢᛏᛖᛚᚩᚢᛋ,375
stonewood,15187,0,ᛋᛏᚩᚾᛖᚹᚩᚩᛞ,337
slatterns,15183,0,ᛋᛚᚪᛏᛏᛖᚱᚾᛋ,501
unaroused,15182,0,ᚢᚾᚪᚱᚩᚢᛋᛖᛞ,359
recoverer,15171,0,ᚱᛖᚳᚩᚢᛖᚱᛖᚱ,257
profusions,15168,0,ᛈᚱᚩᚠᚢᛋᛡᚾᛋ,308
trochaics,15156,0,ᛏᚱᚩᚳᚻᚪᛁᚳᛋ,307
surfboats,15155,0,ᛋᚢᚱᚠᛒᚩᚪᛏᛋ,346
nonsenses,15154,0,ᚾᚩᚾᛋᛖᚾᛋᛖᛋ,387
picklocks,15146,0,ᛈᛁᚳᚳᛚᚩᚳᚳᛋ,259
louisianan,15139,0,ᛚᚩᚢᛁᛋᛡᚾᚪᚾ,429
creedmore,15133,0,ᚳᚱᛖᛖᛞᛗᚩᚱᛖ,403
aquilegias,15122,0,ᚪᚳᚹᛁᛚᛖᚷᛡᛋ,477
secretest,15121,0,ᛋᛖᚳᚱᛖᛏᛖᛋᛏ,449
leftfield,15110,0,ᛚᛖᚠᛏᚠᛁᛖᛚᛞ,463
nymphalid,15106,0,ᚾᚣᛗᛈᚻᚪᛚᛁᛞ,559
procreates,15085,0,ᛈᚱᚩᚳᚱᛠᛏᛖᛋ,373
longicorns,15085,0,ᛚᚩᛝᛁᚳᚩᚱᚾᛋ,303
finlander,15085,0,ᚠᛁᚾᛚᚪᚾᛞᛖᚱ,428
leatherlike,15076,0,ᛚᛠᚦᛖᚱᛚᛁᚳᛖ,449
represser,15069,0,ᚱᛖᛈᚱᛖᛋᛋᛖᚱ,383
alienator,15067,0,ᚪᛚᛁᛖᚾᚪᛏᚩᚱ,471
aquaplane,15052,0,ᚪᚳᚹᚪᛈᛚᚪᚾᛖ,535
prudishly,15047,0,ᛈᚱᚢᛞᛁᛋᚻᛚᚣ,429
babylonic,15040,0,ᛒᚪᛒᚣᛚᚩᚾᛁᚳ,475
reflations,15027,0,ᚱᛖᚠᛚᚪᛏᛡᚾᛋ,498
chemisorb,15027,0,ᚳᚻᛖᛗᛁᛋᚩᚱᛒ,337
shorthands,15026,0,ᛋᚻᚩᚱᚦᚪᚾᛞᛋ,367
saucerful,15012,0,ᛋᚪᚢᚳᛖᚱᚠᚢᛚ,322
coextension,15009,0,ᚳᛟᛉᛏᛖᚾᛋᛡᚾ,487
eupatrids,15007,0,ᛖᚢᛈᚪᛏᚱᛁᛞᛋ,453
indictions,14989,0,ᛁᚾᛞᛁᚳᛏᛡᚾᛋ,441
destriers,14986,0,ᛞᛖᛋᛏᚱᛁᛖᚱᛋ,441
damnations,14975,0,ᛞᚪᛗᚾᚪᛏᛡᚾᛋ,631
praiseful,14973,0,ᛈᚱᚪᛁᛋᛖᚠᚢᛚ,380
crybabies,14973,0,ᚳᚱᚣᛒᚪᛒᛁᛖᛋ,497
billhooks,14973,0,ᛒᛁᛚᛚᚻᚩᚩᚳᛋ,341
acidifier,14970,0,ᚪᚳᛁᛞᛁᚠᛁᛖᚱ,372
ancientry,14954,0,ᚪᚾᚳᛁᛖᚾᛏᚱᚣ,439
doghouses,14945,0,ᛞᚩᚷᚻᚩᚢᛋᛖᛋ,319
fieldsmen,14944,0,ᚠᛁᛖᛚᛞᛋᛗᛖᚾ,482
threnodies,14937,0,ᚦᚱᛖᚾᚩᛞᛁᛖᛋ,359
masterdom,14931,0,ᛗᚪᛋᛏᛖᚱᛞᚩᛗ,525
lotophagi,14929,0,ᛚᚩᛏᚩᛈᚻᚪᚷᛁ,357
wineberry,14913,0,ᚹᛁᚾᛖᛒᛖᚱᚱᚣ,399
pregnable,14909,0,ᛈᚱᛖᚷᚾᚪᛒᛚᛖ,465
blackdamp,14903,0,ᛒᛚᚪᚳᚳᛞᚪᛗᛈ,557
backspacing,14903,0,ᛒᚪᚳᚳᛋᛈᚪᚳᛝ,469
glassfuls,14893,0,ᚷᛚᚪᛋᛋᚠᚢᛚᛋ,424
barnabite,14878,0,ᛒᚪᚱᚾᚪᛒᛁᛏᛖ,513
alikeness,14876,0,ᚪᛚᛁᚳᛖᚾᛖᛋᛋ,483
unfettering,14874,0,ᚢᚾᚠᛖᛏᛏᛖᚱᛝ,376
groenendael,14872,0,ᚷᚱᛟᚾᛖᚾᛞᚫᛚ,499
unsoundly,14865,0,ᚢᚾᛋᚩᚢᚾᛞᛚᚣ,389
homekeeping,14843,0,ᚻᚩᛗᛖᚳᛖᛖᛈᛝ,437
subfigure,14834,0,ᛋᚢᛒᚠᛁᚷᚢᚱᛖ,248
villanage,14825,0,ᚢᛁᛚᛚᚪᚾᚪᚷᛖ,487
micawbers,14824,0,ᛗᛁᚳᚪᚹᛒᛖᚱᛋ,423
undiseased,14823,0,ᚢᚾᛞᛁᛋᛠᛋᛖᛞ,523
egomaniacs,14811,0,ᛖᚷᚩᛗᚪᚾᛡᚳᛋ,461
touchback,14807,0,ᛏᚩᚢᚳᚻᛒᚪᚳᚳ,289
glorifier,14806,0,ᚷᛚᚩᚱᛁᚠᛁᛖᚱ,250
dividable,14806,0,ᛞᛁᚢᛁᛞᚪᛒᛚᛖ,541
alleviator,14806,0,ᚪᛚᛚᛖᚢᛡᛏᚩᚱ,497
retrofire,14801,0,ᚱᛖᛏᚱᚩᚠᛁᚱᛖ,266
shadowbox,14786,0,ᛋᚻᚪᛞᚩᚹᛒᚩᛉ,403
unhumbled,14774,0,ᚢᚾᚻᚢᛗᛒᛚᛖᛞ,419
dumbfound,14755,0,ᛞᚢᛗᛒᚠᚩᚢᚾᛞ,354
sagittary,14753,0,ᛋᚪᚷᛁᛏᛏᚪᚱᚣ,527
goofiness,14752,0,ᚷᚩᚩᚠᛁᚾᛖᛋᛋ,266
ambiences,14734,0,ᚪᛗᛒᛁᛖᚾᚳᛖᛋ,489
unvariable,14729,0,ᚢᚾᚢᚪᚱᛡᛒᛚᛖ,451
towelette,14719,0,ᛏᚩᚹᛖᛚᛖᛏᛏᛖ,477
carbonise,14708,0,ᚳᚪᚱᛒᚩᚾᛁᛋᛖ,369
dissevering,14706,0,ᛞᛁᛋᛋᛖᚢᛖᚱᛝ,453
advisably,14692,0,ᚪᛞᚢᛁᛋᚪᛒᛚᚣ,607
commorant,14690,0,ᚳᚩᛗᛗᚩᚱᚪᚾᛏ,365
hypallage,14688,0,ᚻᚣᛈᚪᛚᛚᚪᚷᛖ,593
huissiers,14685,0,ᚻᚢᛁᛋᛋᛁᛖᚱᛋ,325
resharpen,14683,0,ᚱᛖᛋᚻᚪᚱᛈᛖᚾ,401
pantryman,14676,0,ᛈᚪᚾᛏᚱᚣᛗᚪᚾ,539
parroquet,14673,0,ᛈᚪᚱᚱᚩᚳᚹᛖᛏ,327
unhaunted,14654,0,ᚢᚾᚻᚪᚢᚾᛏᛖᛞ,399
broadways,14625,0,ᛒᚱᚩᚪᛞᚹᚪᚣᛋ,537
levitates,14621,0,ᛚᛖᚢᛁᛏᚪᛏᛖᛋ,509
monoculus,14618,0,ᛗᚩᚾᚩᚳᚢᛚᚢᛋ,259
cornlands,14607,0,ᚳᚩᚱᚾᛚᚪᚾᛞᛋ,401
distained,14604,0,ᛞᛁᛋᛏᚪᛁᚾᛖᛞ,545
anklebone,14594,0,ᚪᚾᚳᛚᛖᛒᚩᚾᛖ,443
smileless,14592,0,ᛋᛗᛁᛚᛖᛚᛖᛋᛋ,541
monocycle,14592,0,ᛗᚩᚾᚩᚳᚣᚳᛚᛖ,383
cretinoid,14591,0,ᚳᚱᛖᛏᛁᚾᚩᛁᛞ,337
meredithian,14581,0,ᛗᛖᚱᛖᛞᛁᚦᛡᚾ,477
vinegared,14577,0,ᚢᛁᚾᛖᚷᚪᚱᛖᛞ,411
somewhile,14577,0,ᛋᚩᛗᛖᚹᚻᛁᛚᛖ,411
damourite,14568,0,ᛞᚪᛗᚩᚢᚱᛁᛏᛖ,435
skunkbush,14566,0,ᛋᚳᚢᚾᚳᛒᚢᛋᚻ,251
corcyraean,14563,0,ᚳᚩᚱᚳᚣᚱᚫᚪᚾ,385
grapplers,14556,0,ᚷᚱᚪᛈᛈᛚᛖᚱᛋ,415
spadefish,14551,0,ᛋᛈᚪᛞᛖᚠᛁᛋᚻ,458
bloomless,14533,0,ᛒᛚᚩᚩᛗᛚᛖᛋᛋ,465
bluebacks,14527,0,ᛒᛚᚢᛖᛒᚪᚳᚳᛋ,441
nyctanthes,14523,0,ᚾᚣᚳᛏᚪᚾᚦᛖᛋ,455
pommelled,14521,0,ᛈᚩᛗᛗᛖᛚᛚᛖᛞ,561
hairsprings,14474,0,ᚻᚪᛁᚱᛋᛈᚱᛝᛋ,401
jokesters,14464,0,ᛂᚩᚳᛖᛋᛏᛖᚱᛋ,367
tympanums,14462,0,ᛏᚣᛗᛈᚪᚾᚢᛗᛋ,529
demounted,14447,0,ᛞᛖᛗᚩᚢᚾᛏᛖᛞ,481
chartless,14446,0,ᚳᚻᚪᚱᛏᛚᛖᛋᛋ,449
scrabbles,14440,0,ᛋᚳᚱᚪᛒᛒᛚᛖᛋ,489
fruitarian,14436,0,ᚠᚱᚢᛁᛏᚪᚱᛡᚾ,350
vulgarise,14423,0,ᚢᚢᛚᚷᚪᚱᛁᛋᛖ,355
grayhound,14420,0,ᚷᚱᚪᚣᚻᚩᚢᚾᛞ,379
outfields,14412,0,ᚩᚢᛏᚠᛁᛖᛚᛞᛋ,384
chilliest,14411,0,ᚳᚻᛁᛚᛚᛁᛖᛋᛏ,423
isocyclic,14394,0,ᛁᛋᚩᚳᚣᚳᛚᛁᚳ,337
marocains,14382,0,ᛗᚪᚱᚩᚳᚪᛁᚾᛋ,409
palliasses,14376,0,ᛈᚪᛚᛚᛡᛋᛋᛖᛋ,619
birdbrain,14375,0,ᛒᛁᚱᛞᛒᚱᚪᛁᚾ,421
amoralist,14369,0,ᚪᛗᚩᚱᚪᛚᛁᛋᛏ,499
opodeldoc,14361,0,ᚩᛈᚩᛞᛖᛚᛞᚩᚳ,395
retreatant,14351,0,ᚱᛖᛏᚱᛠᛏᚪᚾᛏ,501
mutilator,14351,0,ᛗᚢᛏᛁᛚᚪᛏᚩᚱ,411
resighted,14341,0,ᚱᛖᛋᛁᚷᚻᛏᛖᛞ,417
deselects,14341,0,ᛞᛖᛋᛖᛚᛖᚳᛏᛋ,541
boorishly,14340,0,ᛒᚩᚩᚱᛁᛋᚻᛚᚣ,369
barbicans,14332,0,ᛒᚪᚱᛒᛁᚳᚪᚾᛋ,453
petulancy,14329,0,ᛈᛖᛏᚢᛚᚪᚾᚳᚣ,487
perkiness,14324,0,ᛈᛖᚱᚳᛁᚾᛖᛋᛋ,367
restamped,14311,0,ᚱᛖᛋᛏᚪᛗᛈᛖᛞ,557
oospheres,14299,0,ᚩᚩᛋᛈᚻᛖᚱᛖᛋ,331
lorrainer,14286,0,ᛚᚩᚱᚱᚪᛁᚾᛖᚱ,337
journeyer,14286,0,ᛂᚩᚢᚱᚾᛖᚣᛖᚱ,335
laggardly,14284,0,ᛚᚪᚷᚷᚪᚱᛞᛚᚣ,577
carthorses,14279,0,ᚳᚪᚱᚦᚩᚱᛋᛖᛋ,317
letterers,14256,0,ᛚᛖᛏᛏᛖᚱᛖᚱᛋ,467
expurgating,14255,0,ᛖᛉᛈᚢᚱᚷᚪᛏᛝ,423
specularia,14244,0,ᛋᛈᛖᚳᚢᛚᚪᚱᛡ,467
simonists,14243,0,ᛋᛁᛗᚩᚾᛁᛋᛏᛋ,387
illusional,14243,0,ᛁᛚᛚᚢᛋᛡᚾᚪᛚ,539
bepraised,14242,0,ᛒᛖᛈᚱᚪᛁᛋᛖᛞ,519
albinotic,14240,0,ᚪᛚᛒᛁᚾᚩᛏᛁᚳ,401
snowscape,14239,0,ᛋᚾᚩᚹᛋᚳᚪᛈᛖ,381
surtitles,14233,0,ᛋᚢᚱᛏᛁᛏᛚᛖᛋ,409
forehands,14231,0,ᚠᚩᚱᛖᚻᚪᚾᛞᛋ,378
rampageous,14225,0,ᚱᚪᛗᛈᚪᚷᛇᚢᛋ,433
dawnlight,14225,0,ᛞᚪᚹᚾᛚᛁᚷᚻᛏ,437
truepenny,14222,0,ᛏᚱᚢᛖᛈᛖᚾᚾᚣ,411
frontless,14217,0,ᚠᚱᚩᚾᛏᛚᛖᛋᛋ,354
unicycles,14201,0,ᚢᚾᛁᚳᚣᚳᛚᛖᛋ,385
shoeblacks,14196,0,ᛋᚻᛟᛒᛚᚪᚳᚳᛋ,469
bicyclers,14190,0,ᛒᛁᚳᚣᚳᛚᛖᚱᛋ,425
bottleful,14181,0,ᛒᚩᛏᛏᛚᛖᚠᚢᛚ,404
blastemas,14175,0,ᛒᛚᚪᛋᛏᛖᛗᚪᛋ,631
propanols,14167,0,ᛈᚱᚩᛈᚪᚾᚩᛚᛋ,363
barrowful,14157,0,ᛒᚪᚱᚱᚩᚹᚠᚢᛚ,284
waywardly,14154,0,ᚹᚪᚣᚹᚪᚱᛞᛚᚣ,611
quillwort,14135,0,ᚳᚹᛁᛚᛚᚹᚩᚱᛏ,305
dipperful,14130,0,ᛞᛁᛈᛈᛖᚱᚠᚢᛚ,362
dragonhead,14126,0,ᛞᚱᚪᚷᚩᚾᚻᛠᛞ,471
abiotrophy,14107,0,ᚪᛒᛡᛏᚱᚩᛈᚻᚣ,511
abnegated,14102,0,ᚪᛒᚾᛖᚷᚪᛏᛖᛞ,583
archimage,14099,0,ᚪᚱᚳᚻᛁᛗᚪᚷᛖ,427
goofballs,14094,0,ᚷᚩᚩᚠᛒᚪᛚᛚᛋ,390
sarabands,14078,0,ᛋᚪᚱᚪᛒᚪᚾᛞᛋ,587
sneakiness,14068,0,ᛋᚾᛠᚳᛁᚾᛖᛋᛋ,437
bisulcate,14066,0,ᛒᛁᛋᚢᛚᚳᚪᛏᛖ,457
bellbirds,14056,0,ᛒᛖᛚᛚᛒᛁᚱᛞᛋ,519
soupspoon,14054,0,ᛋᚩᚢᛈᛋᛈᚩᚩᚾ,245
norseland,14050,0,ᚾᚩᚱᛋᛖᛚᚪᚾᛞ,455
officiator,14049,0,ᚩᚠᚠᛁᚳᛡᛏᚩᚱ,239
spraddled,14027,0,ᛋᛈᚱᚪᛞᛞᛚᛖᛞ,611
crestless,14023,0,ᚳᚱᛖᛋᛏᛚᛖᛋᛋ,449
disburthen,14020,0,ᛞᛁᛋᛒᚢᚱᚦᛖᚾ,349
withdrawer,14013,0,ᚹᛁᚦᛞᚱᚪᚹᛖᚱ,349
featherbone,14010,0,ᚠᛠᚦᛖᚱᛒᚩᚾᛖ,358
thighbones,13998,0,ᚦᛁᚷᚻᛒᚩᚾᛖᛋ,293
brierwood,13993,0,ᛒᚱᛁᛖᚱᚹᚩᚩᛞ,303
polliwogs,13977,0,ᛈᚩᛚᛚᛁᚹᚩᚷᛋ,323
centesimo,13974,0,ᚳᛖᚾᛏᛖᛋᛁᛗᚩ,397
demeanours,13961,0,ᛞᛖᛗᛠᚾᚩᚢᚱᛋ,439
gumminess,13954,0,ᚷᚢᛗᛗᛁᚾᛖᛋᛋ,395
syncopate,13943,0,ᛋᚣᚾᚳᚩᛈᚪᛏᛖ,471
natatorial,13941,0,ᚾᚪᛏᚪᛏᚩᚱᛡᛚ,539
sheepwalk,13939,0,ᛋᚻᛖᛖᛈᚹᚪᛚᚳ,455
loudmouths,13937,0,ᛚᚩᚢᛞᛗᚩᚢᚦᛋ,311
operagoers,13924,0,ᚩᛈᛖᚱᚪᚷᛟᚱᛋ,389
woodsheds,13910,0,ᚹᚩᚩᛞᛋᚻᛖᛞᛋ,407
jejunitis,13894,0,ᛂᛖᛂᚢᚾᛁᛏᛁᛋ,347
dragonets,13883,0,ᛞᚱᚪᚷᚩᚾᛖᛏᛋ,429
overcloud,13878,0,ᚩᚢᛖᚱᚳᛚᚩᚢᛞ,273
breadthwise,13854,0,ᛒᚱᛠᛞᚦᚹᛁᛋᛖ,445
agrements,13854,0,ᚪᚷᚱᛖᛗᛖᚾᛏᛋ,471
globefish,13848,0,ᚷᛚᚩᛒᛖᚠᛁᛋᚻ,334
aphaeresis,13840,0,ᚪᛈᚻᚫᚱᛖᛋᛁᛋ,479
broadbrim,13839,0,ᛒᚱᚩᚪᛞᛒᚱᛁᛗ,439
cumbrance,13838,0,ᚳᚢᛗᛒᚱᚪᚾᚳᛖ,365
springtides,13833,0,ᛋᛈᚱᛝᛏᛁᛞᛖᛋ,485
hellholes,13832,0,ᚻᛖᛚᛚᚻᚩᛚᛖᛋ,459
nemertine,13828,0,ᚾᛖᛗᛖᚱᛏᛁᚾᛖ,431
icosandria,13823,0,ᛁᚳᚩᛋᚪᚾᛞᚱᛡ,437
burnouses,13822,0,ᛒᚢᚱᚾᚩᚢᛋᛖᛋ,287
exegetics,13819,0,ᛖᛉᛖᚷᛖᛏᛁᚳᛋ,421
staccatos,13813,0,ᛋᛏᚪᚳᚳᚪᛏᚩᛋ,451
doorcases,13813,0,ᛞᚩᚩᚱᚳᚪᛋᛖᛋ,397
shelducks,13805,0,ᛋᚻᛖᛚᛞᚢᚳᚳᛋ,387
sapiently,13801,0,ᛋᚪᛈᛁᛖᚾᛏᛚᚣ,555
cursitors,13793,0,ᚳᚢᚱᛋᛁᛏᚩᚱᛋ,241
suturally,13791,0,ᛋᚢᛏᚢᚱᚪᛚᛚᚣ,475
victualed,13790,0,ᚢᛁᚳᛏᚢᚪᛚᛖᛞ,435
cookshops,13784,0,ᚳᚩᚩᚳᛋᚻᚩᛈᛋ,219
downhills,13753,0,ᛞᚩᚹᚾᚻᛁᛚᛚᛋ,397
artemisias,13741,0,ᚪᚱᛏᛖᛗᛁᛋᛡᛋ,549
horsepond,13739,0,ᚻᚩᚱᛋᛖᛈᚩᚾᛞ,329
killdeers,13735,0,ᚳᛁᛚᛚᛞᛖᛖᚱᛋ,477
paravanes,13734,0,ᛈᚪᚱᚪᚢᚪᚾᛖᛋ,497
decalcify,13725,0,ᛞᛖᚳᚪᛚᚳᛁᚠᚣ,488
carousers,13725,0,ᚳᚪᚱᚩᚢᛋᛖᚱᛋ,315
apricocks,13721,0,ᚪᛈᚱᛁᚳᚩᚳᚳᛋ,281
plastrons,13717,0,ᛈᛚᚪᛋᛏᚱᚩᚾᛋ,425
pothunters,13701,0,ᛈᚩᚦᚢᚾᛏᛖᚱᛋ,277
procoelous,13694,0,ᛈᚱᚩᚳᛟᛚᚩᚢᛋ,293
nailbrush,13680,0,ᚾᚪᛁᛚᛒᚱᚢᛋᚻ,381
eunuchism,13679,0,ᛖᚢᚾᚢᚳᚻᛁᛋᛗ,293
overdraws,13647,0,ᚩᚢᛖᚱᛞᚱᚪᚹᛋ,357
sylphlike,13642,0,ᛋᚣᛚᛈᚻᛚᛁᚳᛖ,479
twopences,13637,0,ᛏᚹᚩᛈᛖᚾᚳᛖᛋ,357
joyriders,13624,0,ᛂᚩᚣᚱᛁᛞᛖᚱᛋ,409
foretoken,13608,0,ᚠᚩᚱᛖᛏᚩᚳᛖᚾ,262
oenologist,13603,0,ᛟᚾᚩᛚᚩᚷᛁᛋᛏ,359
otherwhile,13593,0,ᚩᚦᛖᚱᚹᚻᛁᛚᛖ,303
generalcy,13589,0,ᚷᛖᚾᛖᚱᚪᛚᚳᚣ,477
impudency,13571,0,ᛁᛗᛈᚢᛞᛖᚾᚳᚣ,449
spelunker,13544,0,ᛋᛈᛖᛚᚢᚾᚳᛖᚱ,359
chapelles,13541,0,ᚳᚻᚪᛈᛖᛚᛚᛖᛋ,509
jointworm,13528,0,ᛂᚩᛁᚾᛏᚹᚩᚱᛗ,271
doorsills,13522,0,ᛞᚩᚩᚱᛋᛁᛚᛚᛋ,397
memorizer,13500,0,ᛗᛖᛗᚩᚱᛁᛋᛖᚱ,389
albacores,13498,0,ᚪᛚᛒᚪᚳᚩᚱᛖᛋ,479
codpieces,13493,0,ᚳᚩᛞᛈᛁᛖᚳᛖᛋ,383
meshworks,13467,0,ᛗᛖᛋᚻᚹᚩᚱᚳᛋ,317
wheelless,13458,0,ᚹᚻᛖᛖᛚᛚᛖᛋᛋ,495
pesthouses,13453,0,ᛈᛖᛋᚦᚩᚢᛋᛖᛋ,351
alabamans,13453,0,ᚪᛚᚪᛒᚪᛗᚪᚾᛋ,675
uncomplex,13450,0,ᚢᚾᚳᚩᛗᛈᛚᛖᛉ,353
pavilioned,13419,0,ᛈᚪᚢᛁᛚᛡᚾᛖᛞ,539
interfile,13411,0,ᛁᚾᛏᛖᚱᚠᛁᛚᛖ,370
swimmeret,13406,0,ᛋᚹᛁᛗᛗᛖᚱᛖᛏ,449
underpays,13398,0,ᚢᚾᛞᛖᚱᛈᚪᚣᛋ,495
impendent,13393,0,ᛁᛗᛈᛖᚾᛞᛖᚾᛏ,485
sickrooms,13389,0,ᛋᛁᚳᚳᚱᚩᚩᛗᛋ,259
misdoubting,13388,0,ᛗᛁᛋᛞᚩᚢᛒᛏᛝ,453
unwearable,13369,0,ᚢᚾᚹᛠᚱᚪᛒᛚᛖ,469
fiendlike,13364,0,ᚠᛁᛖᚾᛞᛚᛁᚳᛖ,402
punishingly,13361,0,ᛈᚢᚾᛁᛋᚻᛝᛚᚣ,437
radiophoto,13358,0,ᚱᚪᛞᛡᛈᚻᚩᛏᚩ,443
queenlike,13354,0,ᚳᚹᛖᛖᚾᛚᛁᚳᛖ,379
brooklime,13349,0,ᛒᚱᚩᚩᚳᛚᛁᛗᛖ,341
rollicked,13347,0,ᚱᚩᛚᛚᛁᚳᚳᛖᛞ,377
trustless,13346,0,ᛏᚱᚢᛋᛏᛚᛖᛋᛋ,431
pauperise,13321,0,ᛈᚪᚢᛈᛖᚱᛁᛋᛖ,415
plumelike,13319,0,ᛈᛚᚢᛗᛖᛚᛁᚳᛖ,441
narcotize,13315,0,ᚾᚪᚱᚳᚩᛏᛁᛋᛖ,367
lickerish,13307,0,ᛚᛁᚳᚳᛖᚱᛁᛋᚻ,315
cattiness,13307,0,ᚳᚪᛏᛏᛁᚾᛖᛋᛋ,461
praenomina,13305,0,ᛈᚱᚫᚾᚩᛗᛁᚾᚪ,419
gossipped,13303,0,ᚷᚩᛋᛋᛁᛈᛈᛖᛞ,403
starfruit,13300,0,ᛋᛏᚪᚱᚠᚱᚢᛁᛏ,326
signalising,13300,0,ᛋᛁᚷᚾᚪᛚᛁᛋᛝ,463
cheechako,13297,0,ᚳᚻᛖᛖᚳᚻᚪᚳᚩ,323
percussor,13286,0,ᛈᛖᚱᚳᚢᛋᛋᚩᚱ,261
unfittingly,13279,0,ᚢᚾᚠᛁᛏᛏᛝᛚᚣ,438
soapboxes,13279,0,ᛋᚩᚪᛈᛒᚩᛉᛖᛋ,435
definably,13265,0,ᛞᛖᚠᛁᚾᚪᛒᛚᚣ,552
mantelets,13260,0,ᛗᚪᚾᛏᛖᛚᛖᛏᛋ,575
uncloaked,13253,0,ᚢᚾᚳᛚᚩᚪᚳᛖᛞ,391
quintupling,13235,0,ᚳᚹᛁᚾᛏᚢᛈᛚᛝ,349
basswoods,13231,0,ᛒᚪᛋᛋᚹᚩᚩᛞᛋ,439
unfretted,13224,0,ᚢᚾᚠᚱᛖᛏᛏᛖᛞ,386
tailcoats,13214,0,ᛏᚪᛁᛚᚳᚩᚪᛏᛋ,489
nonevents,13192,0,ᚾᚩᚾᛖᚢᛖᚾᛏᛋ,343
rednecked,13158,0,ᚱᛖᛞᚾᛖᚳᚳᛖᛞ,445
acronymic,13158,0,ᚪᚳᚱᚩᚾᚣᛗᛁᚳ,375
cauterise,13155,0,ᚳᚪᚢᛏᛖᚱᛁᛋᛖ,401
squiggled,13146,0,ᛋᚳᚹᛁᚷᚷᛚᛖᛞ,379
whimperings,13145,0,ᚹᚻᛁᛗᛈᛖᚱᛝᛋ,397
rhodolite,13132,0,ᚱᚻᚩᛞᚩᛚᛁᛏᛖ,367
isabellas,13123,0,ᛁᛋᚪᛒᛖᛚᛚᚪᛋ,605
tribadism,13120,0,ᛏᚱᛁᛒᚪᛞᛁᛋᛗ,503
nomocanon,13119,0,ᚾᚩᛗᚩᚳᚪᚾᚩᚾ,289
karabiner,13109,0,ᚳᚪᚱᚪᛒᛁᚾᛖᚱ,417
sickliest,13095,0,ᛋᛁᚳᚳᛚᛁᛖᛋᛏ,393
plagiarise,13081,0,ᛈᛚᚪᚷᛡᚱᛁᛋᛖ,499
scrimmaging,13079,0,ᛋᚳᚱᛁᛗᛗᚪᚷᛝ,443
dessiatine,13072,0,ᛞᛖᛋᛋᛡᛏᛁᚾᛖ,555
mnemonist,13071,0,ᛗᚾᛖᛗᚩᚾᛁᛋᛏ,417
snappiest,13045,0,ᛋᚾᚪᛈᛈᛁᛖᛋᛏ,475
paltriest,13042,0,ᛈᚪᛚᛏᚱᛁᛖᛋᛏ,493
victualer,13035,0,ᚢᛁᚳᛏᚢᚪᛚᛖᚱ,357
witlessly,13023,0,ᚹᛁᛏᛚᛖᛋᛋᛚᚣ,531
decilitre,13022,0,ᛞᛖᚳᛁᛚᛁᛏᚱᛖ,441
broomweed,13016,0,ᛒᚱᚩᚩᛗᚹᛖᛖᛞ,399
fingerbreadth,13006,0,ᚠᛝᛖᚱᛒᚱᛠᛞᚦ,434
slothfully,13005,0,ᛋᛚᚩᚦᚠᚢᛚᛚᚣ,392
modesties,12994,0,ᛗᚩᛞᛖᛋᛏᛁᛖᛋ,497
phrenetic,12992,0,ᛈᚻᚱᛖᚾᛖᛏᛁᚳ,343
acervulus,12976,0,ᚪᚳᛖᚱᚢᚢᛚᚢᛋ,323
petallike,12975,0,ᛈᛖᛏᚪᛚᛚᛁᚳᛖ,523
mawkishly,12972,0,ᛗᚪᚹᚳᛁᛋᚻᛚᚣ,483
algarroba,12972,0,ᚪᛚᚷᚪᚱᚱᚩᛒᚪ,471
proctalgia,12970,0,ᛈᚱᚩᚳᛏᚪᛚᚷᛡ,427
turmoiled,12961,0,ᛏᚢᚱᛗᚩᛁᛚᛖᛞ,411
epicedium,12960,0,ᛖᛈᛁᚳᛖᛞᛁᚢᛗ,415
glareless,12952,0,ᚷᛚᚪᚱᛖᛚᛖᛋᛋ,511
copestone,12952,0,ᚳᚩᛈᛖᛋᛏᚩᚾᛖ,345
exposited,12940,0,ᛖᛉᛈᚩᛋᛁᛏᛖᛞ,463
shillelah,12932,0,ᛋᚻᛁᛚᛚᛖᛚᚪᚻ,513
uxoricide,12918,0,ᚢᛉᚩᚱᛁᚳᛁᛞᛖ,299
withholder,12913,0,ᚹᛁᚦᚻᚩᛚᛞᛖᚱ,325
shopwoman,12911,0,ᛋᚻᚩᛈᚹᚩᛗᚪᚾ,349
unravaged,12909,0,ᚢᚾᚱᚪᚢᚪᚷᛖᛞ,413
cumberers,12908,0,ᚳᚢᛗᛒᛖᚱᛖᚱᛋ,357
hoofprint,12897,0,ᚻᚩᚩᚠᛈᚱᛁᚾᛏ,212
bombardon,12896,0,ᛒᚩᛗᛒᚪᚱᛞᚩᚾ,433
sextuplet,12886,0,ᛋᛖᛉᛏᚢᛈᛚᛖᛏ,471
roturiers,12886,0,ᚱᚩᛏᚢᚱᛁᛖᚱᛋ,253
factorise,12885,1,ᚠᚪᚳᛏᚩᚱᛁᛋᛖ,340
escaladed,12884,0,ᛖᛋᚳᚪᛚᚪᛞᛖᛞ,645
tirewoman,12871,0,ᛏᛁᚱᛖᚹᚩᛗᚪᚾ,391
speechify,12870,0,ᛋᛈᛖᛖᚳᚻᛁᚠᚣ,402
pectinacea,12870,0,ᛈᛖᚳᛏᛁᚾᚪᚳᛠ,461
cynicisms,12870,0,ᚳᚣᚾᛁᚳᛁᛋᛗᛋ,397
dinoceras,12867,0,ᛞᛁᚾᚩᚳᛖᚱᚪᛋ,397
ephemeron,12854,0,ᛖᛈᚻᛖᛗᛖᚱᚩᚾ,385
pleasingness,12838,0,ᛈᛚᛠᛋᛝᚾᛖᛋᛋ,559
lenticula,12815,0,ᛚᛖᚾᛏᛁᚳᚢᛚᚪ,445
disembody,12815,0,ᛞᛁᛋᛖᛗᛒᚩᛞᚣ,571
homoousian,12809,0,ᚻᚩᛗᚩᚩᚢᛋᛡᚾ,307
floorshow,12803,0,ᚠᛚᚩᚩᚱᛋᚻᚩᚹ,202
anatomise,12775,0,ᚪᚾᚪᛏᚩᛗᛁᛋᛖ,511
sweethearting,12755,0,ᛋᚹᛖᛖᚦᛠᚱᛏᛝ,469
bugleweed,12742,0,ᛒᚢᚷᛚᛖᚹᛖᛖᛞ,463
frauleins,12740,0,ᚠᚱᚪᚢᛚᛖᛁᚾᛋ,366
fieriness,12733,0,ᚠᛁᛖᚱᛁᚾᛖᛋᛋ,344
bastardly,12731,0,ᛒᚪᛋᛏᚪᚱᛞᛚᚣ,643
carbonous,12721,0,ᚳᚪᚱᛒᚩᚾᚩᚢᛋ,281
hectogram,12720,0,ᚻᛖᚳᛏᚩᚷᚱᚪᛗ,365
verbosely,12714,0,ᚢᛖᚱᛒᚩᛋᛖᛚᚣ,445
ispravnik,12711,0,ᛁᛋᛈᚱᚪᚢᚾᛁᚳ,311
marchland,12703,0,ᛗᚪᚱᚳᚻᛚᚪᚾᛞ,503
lethargies,12688,0,ᛚᛖᚦᚪᚱᚷᛁᛖᛋ,421
michigans,12687,0,ᛗᛁᚳᚻᛁᚷᚪᚾᛋ,365
assurgent,12681,0,ᚪᛋᛋᚢᚱᚷᛖᚾᛏ,389
shinbones,12679,0,ᛋᚻᛁᚾᛒᚩᚾᛖᛋ,353
eschalots,12679,0,ᛖᛋᚳᚻᚪᛚᚩᛏᛋ,445
unfathered,12649,0,ᚢᚾᚠᚪᚦᛖᚱᛖᛞ,370
rocambole,12648,0,ᚱᚩᚳᚪᛗᛒᚩᛚᛖ,407
devitrify,12648,0,ᛞᛖᚢᛁᛏᚱᛁᚠᚣ,396
thecodonts,12625,0,ᚦᛖᚳᚩᛞᚩᚾᛏᛋ,329
graybacks,12619,0,ᚷᚱᚪᚣᛒᚪᚳᚳᛋ,465
calypters,12614,0,ᚳᚪᛚᚣᛈᛏᛖᚱᛋ,519
maundered,12613,0,ᛗᚪᚢᚾᛞᛖᚱᛖᛞ,523
reversive,12612,0,ᚱᛖᚢᛖᚱᛋᛁᚢᛖ,313
patienter,12606,0,ᛈᚪᛏᛁᛖᚾᛏᛖᚱ,463
picnicker,12597,0,ᛈᛁᚳᚾᛁᚳᚳᛖᚱ,251
bluebills,12591,0,ᛒᛚᚢᛖᛒᛁᛚᛚᛋ,495
feignedly,12590,0,ᚠᛖᛁᚷᚾᛖᛞᛚᚣ,478
mossbacks,12576,0,ᛗᚩᛋᛋᛒᚪᚳᚳᛋ,421
picaroons,12562,0,ᛈᛁᚳᚪᚱᚩᚩᚾᛋ,291
bondmaids,12562,0,ᛒᚩᚾᛞᛗᚪᛁᛞᛋ,527
devilries,12552,0,ᛞᛖᚢᛁᛚᚱᛁᛖᛋ,425
swordless,12550,0,ᛋᚹᚩᚱᛞᛚᛖᛋᛋ,425
fishtails,12540,0,ᚠᛁᛋᚻᛏᚪᛁᛚᛋ,422
antitrade,12540,0,ᚪᚾᛏᛁᛏᚱᚪᛞᛖ,539
bunkmates,12539,0,ᛒᚢᚾᚳᛗᚪᛏᛖᛋ,453
housebreak,12533,0,ᚻᚩᚢᛋᛖᛒᚱᛠᚳ,347
unkindled,12526,0,ᚢᚾᚳᛁᚾᛞᛚᛖᛞ,423
italicise,12517,0,ᛁᛏᚪᛚᛁᚳᛁᛋᛖ,455
claqueurs,12512,0,ᚳᛚᚪᚳᚹᛖᚢᚱᛋ,349
preterist,12507,0,ᛈᚱᛖᛏᛖᚱᛁᛋᛏ,401
superable,12502,0,ᛋᚢᛈᛖᚱᚪᛒᛚᛖ,475
braveness,12442,0,ᛒᚱᚪᚢᛖᚾᛖᛋᛋ,441
rescanned,12423,0,ᚱᛖᛋᚳᚪᚾᚾᛖᛞ,455
dayflower,12422,0,ᛞᚪᚣᚠᛚᚩᚹᛖᚱ,468
backcloths,12422,0,ᛒᚪᚳᚳᚳᛚᚩᚦᛋ,335
horoscopy,12402,0,ᚻᚩᚱᚩᛋᚳᚩᛈᚣ,267
resettles,12394,0,ᚱᛖᛋᛖᛏᛏᛚᛖᛋ,509
heartthrobs,12393,0,ᚻᛠᚱᛏᚦᚱᚩᛒᛋ,339
consociate,12392,0,ᚳᚩᚾᛋᚩᚳᛡᛏᛖ,355
semblably,12382,0,ᛋᛖᛗᛒᛚᚪᛒᛚᚣ,659
doorplate,12381,0,ᛞᚩᚩᚱᛈᛚᚪᛏᛖ,453
formicary,12376,0,ᚠᚩᚱᛗᛁᚳᚪᚱᚣ,346
unbeloved,12367,0,ᚢᚾᛒᛖᛚᚩᚢᛖᛞ,399
purpurate,12366,0,ᛈᚢᚱᛈᚢᚱᚪᛏᛖ,337
stickpins,12364,0,ᛋᛏᛁᚳᚳᛈᛁᚾᛋ,325
fashioners,12354,0,ᚠᚪᛋᚻᛡᚾᛖᚱᛋ,442
protended,12350,0,ᛈᚱᚩᛏᛖᚾᛞᛖᛞ,461
decennary,12349,0,ᛞᛖᚳᛖᚾᚾᚪᚱᚣ,505
wiredrawn,12345,0,ᚹᛁᚱᛖᛞᚱᚪᚹᚾ,373
schlepped,12337,0,ᛋᚳᚻᛚᛖᛈᛈᛖᛞ,471
pituitous,12334,0,ᛈᛁᛏᚢᛁᛏᚩᚢᛋ,289
pickaback,12333,0,ᛈᛁᚳᚳᚪᛒᚪᚳᚳ,381
entoblast,12332,0,ᛖᚾᛏᚩᛒᛚᚪᛋᛏ,505
cinctures,12331,0,ᚳᛁᚾᚳᛏᚢᚱᛖᛋ,279
landskips,12306,0,ᛚᚪᚾᛞᛋᚳᛁᛈᛋ,481
foppishly,12291,0,ᚠᚩᛈᛈᛁᛋᚻᛚᚣ,378
befuddles,12277,0,ᛒᛖᚠᚢᛞᛞᛚᛖᛋ,504
demiurges,12273,0,ᛞᛖᛗᛁᚢᚱᚷᛖᛋ,409
vambraces,12259,0,ᚢᚪᛗᛒᚱᚪᚳᛖᛋ,473
muscatels,12259,0,ᛗᚢᛋᚳᚪᛏᛖᛚᛋ,489
glomerule,12250,0,ᚷᛚᚩᛗᛖᚱᚢᛚᛖ,389
abhorrers,12243,0,ᚪᛒᚻᚩᚱᚱᛖᚱᛋ,341
outshined,12226,0,ᚩᚢᛏᛋᚻᛁᚾᛖᛞ,361
dogfishes,12226,0,ᛞᚩᚷᚠᛁᛋᚻᛖᛋ,342
slowcoach,12223,0,ᛋᛚᚩᚹᚳᚩᚪᚳᚻ,305
direfully,12220,0,ᛞᛁᚱᛖᚠᚢᛚᛚᚣ,452
necklaced,12198,0,ᚾᛖᚳᚳᛚᚪᚳᛖᛞ,461
eightieths,12184,0,ᛖᛁᚷᚻᛏᛁᛖᚦᛋ,353
frowardly,12163,0,ᚠᚱᚩᚹᚪᚱᛞᛚᚣ,412
esculapian,12141,0,ᛖᛋᚳᚢᛚᚪᛈᛡᚾ,485
pantrymen,12132,0,ᛈᚪᚾᛏᚱᚣᛗᛖᚾ,509
birthnight,12131,0,ᛒᛁᚱᚦᚾᛁᚷᚻᛏ,267
predicant,12128,0,ᛈᚱᛖᛞᛁᚳᚪᚾᛏ,439
assentingly,12127,0,ᚪᛋᛋᛖᚾᛏᛝᛚᚣ,613
invocated,12120,0,ᛁᚾᚢᚩᚳᚪᛏᛖᛞ,395
varsities,12116,0,ᚢᚪᚱᛋᛁᛏᛁᛖᛋ,405
straddler,12048,0,ᛋᛏᚱᚪᛞᛞᛚᛖᚱ,549
ploughers,12046,0,ᛈᛚᚩᚢᚷᚻᛖᚱᛋ,297
decollate,12043,0,ᛞᛖᚳᚩᛚᛚᚪᛏᛖ,545
flamencos,12041,0,ᚠᛚᚪᛗᛖᚾᚳᚩᛋ,412
grampuses,12025,0,ᚷᚱᚪᛗᛈᚢᛋᛖᛋ,415
montagnac,12018,0,ᛗᚩᚾᛏᚪᚷᚾᚪᚳ,419
singlestick,12015,0,ᛋᛝᛚᛖᛋᛏᛁᚳᚳ,441
gnomelike,12012,0,ᚷᚾᚩᛗᛖᛚᛁᚳᛖ,375
bluepoint,12011,0,ᛒᛚᚢᛖᛈᚩᛁᚾᛏ,373
doughtily,12007,0,ᛞᚩᚢᚷᚻᛏᛁᛚᚣ,405
bridgeable,12000,0,ᛒᚱᛁᛞᚷᛠᛒᛚᛖ,519
chimneyed,11985,0,ᚳᚻᛁᛗᚾᛖᚣᛖᛞ,493
mainlined,11977,0,ᛗᚪᛁᚾᛚᛁᚾᛖᛞ,517
eldorados,11975,0,ᛖᛚᛞᚩᚱᚪᛞᚩᛋ,493
measuredly,11972,0,ᛗᛠᛋᚢᚱᛖᛞᛚᚣ,579
phytology,11971,0,ᛈᚻᚣᛏᚩᛚᚩᚷᚣ,435
messinese,11967,0,ᛗᛖᛋᛋᛁᚾᛖᛋᛖ,491
muskiness,11964,0,ᛗᚢᛋᚳᛁᚾᛖᛋᛋ,373
comatulid,11960,0,ᚳᚩᛗᚪᛏᚢᛚᛁᛞ,443
golliwogg,11958,0,ᚷᚩᛚᛚᛁᚹᚩᚷᚷ,261
shootable,11955,0,ᛋᚻᚩᚩᛏᚪᛒᛚᛖ,447
barnstorm,11953,0,ᛒᚪᚱᚾᛋᛏᚩᚱᛗ,399
cicerones,11952,0,ᚳᛁᚳᛖᚱᚩᚾᛖᛋ,291
chauffers,11947,0,ᚳᚻᚪᚢᚠᚠᛖᚱᛋ,271
wooziness,11940,0,ᚹᚩᚩᛋᛁᚾᛖᛋᛋ,319
marbleizing,11934,0,ᛗᚪᚱᛒᛚᛖᛁᛋᛝ,543
barbarizing,11924,0,ᛒᚪᚱᛒᚪᚱᛁᛋᛝ,501
enterolith,11893,0,ᛖᚾᛏᛖᚱᚩᛚᛁᚦ,349
frogmouths,11881,0,ᚠᚱᚩᚷᛗᚩᚢᚦᛋ,176
scaphopod,11853,0,ᛋᚳᚪᛈᚻᚩᛈᚩᛞ,375
olfactive,11831,0,ᚩᛚᚠᚪᚳᛏᛁᚢᛖ,352
allograph,11831,0,ᚪᛚᛚᚩᚷᚱᚪᛈᚻ,441
yataghans,11828,0,ᚣᚪᛏᚪᚷᚻᚪᚾᛋ,575
kinaesthesia,11818,0,ᚳᛁᚾᚫᛋᚦᛖᛋᛡ,459
dishclout,11817,0,ᛞᛁᛋᚻᚳᛚᚩᚢᛏ,351
mumchance,11812,0,ᛗᚢᛗᚳᚻᚪᚾᚳᛖ,387
infancies,11803,0,ᛁᚾᚠᚪᚾᚳᛁᛖᛋ,352
clingstones,11798,0,ᚳᛚᛝᛋᛏᚩᚾᛖᛋ,433
backbitings,11797,0,ᛒᚪᚳᚳᛒᛁᛏᛝᛋ,467
tachylite,11788,0,ᛏᚪᚳᚻᚣᛚᛁᛏᛖ,525
suessiones,11782,0,ᛋᚢᛖᛋᛋᛡᚾᛖᛋ,485
brickkiln,11778,0,ᛒᚱᛁᚳᚳᚳᛁᛚᚾ,275
uncomplying,11764,0,ᚢᚾᚳᚩᛗᛈᛚᚣᛝ,421
whipcords,11760,0,ᚹᚻᛁᛈᚳᚩᚱᛞᛋ,289
unallayed,11753,0,ᚢᚾᚪᛚᛚᚪᚣᛖᛞ,631
thankworthy,11747,0,ᚦᚪᚾᚳᚹᚩᚱᚦᚣ,289
schizoids,11735,0,ᛋᚳᚻᛁᛋᚩᛁᛞᛋ,353
sacripant,11734,0,ᛋᚪᚳᚱᛁᛈᚪᚾᛏ,433
undercook,11731,0,ᚢᚾᛞᛖᚱᚳᚩᚩᚳ,239
unloosening,11729,0,ᚢᚾᛚᚩᚩᛋᛖᚾᛝ,347
incursive,11708,0,ᛁᚾᚳᚢᚱᛋᛁᚢᛖ,241
unfeasibly,11707,0,ᚢᚾᚠᛠᛋᛁᛒᛚᚣ,464
spritzers,11700,0,ᛋᛈᚱᛁᛏᛋᛖᚱᛋ,381
parchemin,11687,0,ᛈᚪᚱᚳᚻᛖᛗᛁᚾ,385
turtlehead,11676,0,ᛏᚢᚱᛏᛚᛖᚻᛠᛞ,493
cracksmen,11669,0,ᚳᚱᚪᚳᚳᛋᛗᛖᚾ,367
sovietize,11667,0,ᛋᚩᚢᛁᛖᛏᛁᛋᛖ,371
politicly,11666,0,ᛈᚩᛚᛁᛏᛁᚳᛚᚣ,433
mugginess,11652,0,ᛗᚢᚷᚷᛁᚾᛖᛋᛋ,341
bagginess,11651,0,ᛒᚪᚷᚷᛁᚾᛖᛋᛋ,425
voiturier,11642,0,ᚢᚩᛁᛏᚢᚱᛁᛖᚱ,223
prosodist,11641,0,ᛈᚱᚩᛋᚩᛞᛁᛋᛏ,353
fluffiest,11638,0,ᚠᛚᚢᚠᚠᛁᛖᛋᛏ,292
prettifying,11627,0,ᛈᚱᛖᛏᛏᛁᚠᚣᛝ,454
eternized,11619,0,ᛖᛏᛖᚱᚾᛁᛋᛖᛞ,473
uninquiring,11618,0,ᚢᚾᛁᚾᚳᚹᛁᚱᛝ,245
beanstalks,11601,0,ᛒᛠᚾᛋᛏᚪᛚᚳᛋ,547
styleless,11598,0,ᛋᛏᚣᛚᛖᛚᛖᛋᛋ,601
spoliators,11598,0,ᛋᛈᚩᛚᛡᛏᚩᚱᛋ,413
chairmans,11571,0,ᚳᚻᚪᛁᚱᛗᚪᚾᛋ,425
fastidium,11570,0,ᚠᚪᛋᛏᛁᛞᛁᚢᛗ,436
weaverbird,11568,0,ᚹᛠᚢᛖᚱᛒᛁᚱᛞ,401
foresails,11549,0,ᚠᚩᚱᛖᛋᚪᛁᛚᛋ,394
tagasaste,11547,0,ᛏᚪᚷᚪᛋᚪᛋᛏᛖ,599
decametre,11543,0,ᛞᛖᚳᚪᛗᛖᛏᚱᛖ,541
apotheosize,11535,0,ᚪᛈᚩᚦᛇᛋᛁᛋᛖ,397
pullulate,11528,0,ᛈᚢᛚᛚᚢᛚᚪᛏᛖ,491
millworks,11526,0,ᛗᛁᛚᛚᚹᚩᚱᚳᛋ,351
cassocked,11521,0,ᚳᚪᛋᛋᚩᚳᚳᛖᛞ,405
unquietly,11519,0,ᚢᚾᚳᚹᛁᛖᛏᛚᚣ,397
unliveable,11519,0,ᚢᚾᛚᛁᚢᛠᛒᛚᛖ,449
bindweeds,11515,0,ᛒᛁᚾᛞᚹᛖᛖᛞᛋ,505
vapourish,11509,0,ᚢᚪᛈᚩᚢᚱᛁᛋᚻ,271
scripters,11500,0,ᛋᚳᚱᛁᛈᛏᛖᚱᛋ,341
beglerbeg,11496,0,ᛒᛖᚷᛚᛖᚱᛒᛖᚷ,441
amphicyon,11487,0,ᚪᛗᛈᚻᛁᚳᚣᚩᚾ,417
exordiums,11486,0,ᛖᛉᚩᚱᛞᛁᚢᛗᛋ,379
saturnism,11484,0,ᛋᚪᛏᚢᚱᚾᛁᛋᛗ,407
jackstraw,11468,0,ᛂᚪᚳᚳᛋᛏᚱᚪᚹ,399
coruscate,11464,0,ᚳᚩᚱᚢᛋᚳᚪᛏᛖ,323
chancrous,11448,0,ᚳᚻᚪᚾᚳᚱᚩᚢᛋ,249
snakewood,11446,0,ᛋᚾᚪᚳᛖᚹᚩᚩᛞ,381
andorrans,11443,0,ᚪᚾᛞᚩᚱᚱᚪᚾᛋ,423
hifalutin,11438,0,ᚻᛁᚠᚪᛚᚢᛏᛁᚾ,348
overcalls,11436,0,ᚩᚢᛖᚱᚳᚪᛚᛚᛋ,397
occidents,11436,0,ᚩᚳᚳᛁᛞᛖᚾᛏᛋ,361
debaucher,11427,0,ᛞᛖᛒᚪᚢᚳᚻᛖᚱ,431
strappers,11426,0,ᛋᛏᚱᚪᛈᛈᛖᚱᛋ,437
guessable,11409,0,ᚷᚢᛖᛋᛋᚪᛒᛚᛖ,491
hagioscope,11402,0,ᚻᚪᚷᛡᛋᚳᚩᛈᛖ,427
limberham,11397,0,ᛚᛁᛗᛒᛖᚱᚻᚪᛗ,505
jerkwater,11394,0,ᛂᛖᚱᚳᚹᚪᛏᛖᚱ,381
curtesies,11389,0,ᚳᚢᚱᛏᛖᛋᛁᛖᛋ,357
heliotypes,11375,0,ᚻᛖᛚᛡᛏᚣᛈᛖᛋ,595
defluxions,11358,0,ᛞᛖᚠᛚᚢᛉᛡᚾᛋ,470
nauseously,11353,0,ᚾᚪᚢᛋᛇᚢᛋᛚᚣ,455
scruffier,11352,0,ᛋᚳᚱᚢᚠᚠᛁᛖᚱ,193
goatsbeard,11349,0,ᚷᚩᚪᛏᛋᛒᛠᚱᛞ,503
wackiness,11348,0,ᚹᚪᚳᚳᛁᚾᛖᛋᛋ,375
cytoplast,11347,0,ᚳᚣᛏᚩᛈᛚᚪᛋᛏ,507
junkerdom,11345,0,ᛂᚢᚾᚳᛖᚱᛞᚩᛗ,327
blowhards,11344,0,ᛒᛚᚩᚹᚻᚪᚱᛞᛋ,433
goldbrick,11342,0,ᚷᚩᛚᛞᛒᚱᛁᚳᚳ,315
unwearyingly,11322,0,ᚢᚾᚹᛠᚱᚣᛝᛚᚣ,529
gainsayer,11316,0,ᚷᚪᛁᚾᛋᚪᚣᛖᚱ,505
stiltedly,11313,0,ᛋᛏᛁᛚᛏᛖᛞᛚᚣ,607
loxodrome,11298,0,ᛚᚩᛉᚩᛞᚱᚩᛗᛖ,379
phoronids,11296,0,ᛈᚻᚩᚱᚩᚾᛁᛞᛋ,293
harborers,11296,0,ᚻᚪᚱᛒᚩᚱᛖᚱᛋ,341
aerogramme,11296,0,ᚫᚱᚩᚷᚱᚪᛗᛗᛖ,453
branchiate,11293,0,ᛒᚱᚪᚾᚳᚻᛡᛏᛖ,467
quibblers,11285,0,ᚳᚹᛁᛒᛒᛚᛖᚱᛋ,389
sunlights,11283,0,ᛋᚢᚾᛚᛁᚷᚻᛏᛋ,341
steatopygia,11271,0,ᛋᛏᛠᛏᚩᛈᚣᚷᛡ,557
blindworm,11248,0,ᛒᛚᛁᚾᛞᚹᚩᚱᛗ,391
untactful,11235,0,ᚢᚾᛏᚪᚳᛏᚠᚢᛚ,338
piroplasm,11234,0,ᛈᛁᚱᚩᛈᛚᚪᛋᛗ,429
tabourets,11233,0,ᛏᚪᛒᚩᚢᚱᛖᛏᛋ,417
shellwork,11233,0,ᛋᚻᛖᛚᛚᚹᚩᚱᚳ,339
misbecoming,11229,0,ᛗᛁᛋᛒᛖᚳᚩᛗᛝ,453
joculator,11209,0,ᛂᚩᚳᚢᛚᚪᛏᚩᚱ,307
aridities,11209,0,ᚪᚱᛁᛞᛁᛏᛁᛖᛋ,469
doorstone,11206,0,ᛞᚩᚩᚱᛋᛏᚩᚾᛖ,329
andromede,11206,0,ᚪᚾᛞᚱᚩᛗᛖᛞᛖ,527
balminess,11203,0,ᛒᚪᛚᛗᛁᚾᛖᛋᛋ,535
factotums,11202,0,ᚠᚪᚳᛏᚩᛏᚢᛗᛋ,364
hypotonus,11201,0,ᚻᚣᛈᚩᛏᚩᚾᚢᛋ,327
eremitism,11201,0,ᛖᚱᛖᛗᛁᛏᛁᛋᛗ,461
thimblerig,11199,0,ᚦᛁᛗᛒᛚᛖᚱᛁᚷ,367
stormless,11197,0,ᛋᛏᚩᚱᛗᛚᛖᛋᛋ,447
fireplugs,11194,0,ᚠᛁᚱᛖᛈᛚᚢᚷᛋ,300
tripoline,11187,0,ᛏᚱᛁᛈᚩᛚᛁᚾᛖ,351
endodontia,11178,0,ᛖᚾᛞᚩᛞᚩᚾᛏᛡ,483
congealment,11177,0,ᚳᚩᛝᛠᛚᛗᛖᚾᛏ,507
coenobites,11177,0,ᚳᛟᚾᚩᛒᛁᛏᛖᛋ,403
draperied,11176,0,ᛞᚱᚪᛈᛖᚱᛁᛖᛞ,505
lapidation,11167,0,ᛚᚪᛈᛁᛞᚪᛏᛡᚾ,625
doubtfuls,11157,0,ᛞᚩᚢᛒᛏᚠᚢᛚᛋ,350
earthshaker,11149,0,ᛠᚱᚦᛋᚻᚪᚳᛖᚱ,389
cerebrate,11129,0,ᚳᛖᚱᛖᛒᚱᚪᛏᛖ,453
backshish,11129,0,ᛒᚪᚳᚳᛋᚻᛁᛋᚻ,367
geodesical,11099,0,ᚷᛇᛞᛖᛋᛁᚳᚪᛚ,481
clinquant,11098,0,ᚳᛚᛁᚾᚳᚹᚪᚾᛏ,363
agapemone,11085,0,ᚪᚷᚪᛈᛖᛗᚩᚾᛖ,495
redeploys,11084,0,ᚱᛖᛞᛖᛈᛚᚩᚣᛋ,513
lustihood,11084,0,ᛚᚢᛋᛏᛁᚻᚩᚩᛞ,345
hosepipes,11079,0,ᚻᚩᛋᛖᛈᛁᛈᛖᛋ,387
backsword,11067,0,ᛒᚪᚳᚳᛋᚹᚩᚱᛞ,363
fenestras,11064,0,ᚠᛖᚾᛖᛋᛏᚱᚪᛋ,438
pejoration,11045,0,ᛈᛖᛂᚩᚱᚪᛏᛡᚾ,457
bluenoses,11045,0,ᛒᛚᚢᛖᚾᚩᛋᛖᛋ,413
energiser,11039,0,ᛖᚾᛖᚱᚷᛁᛋᛖᚱ,353
slavelike,11034,0,ᛋᛚᚪᚢᛖᛚᛁᚳᛖ,477
baldpates,11012,0,ᛒᚪᛚᛞᛈᚪᛏᛖᛋ,639
wordcraft,11002,0,ᚹᚩᚱᛞᚳᚱᚪᚠᛏ,308
peculator,11002,0,ᛈᛖᚳᚢᛚᚪᛏᚩᚱ,373
chaffered,11000,0,ᚳᚻᚪᚠᚠᛖᚱᛖᛞ,371
nectarous,10988,0,ᚾᛖᚳᛏᚪᚱᚩᚢᛋ,339
tomahawking,10982,0,ᛏᚩᛗᚪᚻᚪᚹᚳᛝ,465
disproofs,10972,0,ᛞᛁᛋᛈᚱᚩᚩᚠᛋ,296
bouldered,10967,0,ᛒᚩᚢᛚᛞᛖᚱᛖᛞ,467
rechauffe,10966,0,ᚱᛖᚳᚻᚪᚢᚠᚠᛖ,285
pustulous,10953,0,ᛈᚢᛋᛏᚢᛚᚩᚢᛋ,297
citywards,10943,0,ᚳᛁᛏᚣᚹᚪᚱᛞᛋ,475
carollers,10928,0,ᚳᚪᚱᚩᛚᛚᛖᚱᛋ,405
overdried,10927,0,ᚩᚢᛖᚱᛞᚱᛁᛖᛞ,375
thylacines,10922,0,ᚦᚣᛚᚪᚳᛁᚾᛖᛋ,471
maturated,10914,0,ᛗᚪᛏᚢᚱᚪᛏᛖᛞ,553
italicising,10889,0,ᛁᛏᚪᛚᛁᚳᛁᛋᛝ,467
horsebeans,10885,0,ᚻᚩᚱᛋᛖᛒᛠᚾᛋ,413
kettleful,10865,0,ᚳᛖᛏᛏᛚᛖᚠᚢᛚ,416
sleaziness,10861,0,ᛋᛚᛠᛋᛁᚾᛖᛋᛋ,521
disunites,10856,0,ᛞᛁᛋᚢᚾᛁᛏᛖᛋ,415
stilettoes,10852,0,ᛋᛏᛁᛚᛖᛏᛏᛟᛋ,537
neuropaths,10852,0,ᚾᛖᚢᚱᚩᛈᚪᚦᛋ,315
headstalls,10851,0,ᚻᛠᛞᛋᛏᚪᛚᛚᛋ,629
bluffness,10849,0,ᛒᛚᚢᚠᚠᚾᛖᛋᛋ,343
feculence,10847,0,ᚠᛖᚳᚢᛚᛖᚾᚳᛖ,334
shadiness,10843,0,ᛋᚻᚪᛞᛁᚾᛖᛋᛋ,495
ephemerid,10832,0,ᛖᛈᚻᛖᛗᛖᚱᛁᛞ,469
spongecake,10826,0,ᛋᛈᚩᛝᛖᚳᚪᚳᛖ,439
hexangular,10824,0,ᚻᛖᛉᚪᛝᚢᛚᚪᚱ,497
gonfalons,10813,0,ᚷᚩᚾᚠᚪᛚᚩᚾᛋ,314
januaries,10810,0,ᛂᚪᚾᚢᚪᚱᛁᛖᛋ,425
heptagons,10789,0,ᚻᛖᛈᛏᚪᚷᚩᚾᛋ,395
lactosuria,10784,0,ᛚᚪᚳᛏᚩᛋᚢᚱᛡ,423
italianizing,10784,0,ᛁᛏᚪᛚᛡᚾᛁᛋᛝ,559
irriguous,10784,0,ᛁᚱᚱᛁᚷᚢᚩᚢᛋ,167
wardrooms,10783,0,ᚹᚪᚱᛞᚱᚩᚩᛗᛋ,365
trimarans,10783,0,ᛏᚱᛁᛗᚪᚱᚪᚾᛋ,459
backbends,10780,0,ᛒᚪᚳᚳᛒᛖᚾᛞᛋ,483
foreordain,10774,0,ᚠᚩᚱᛇᚱᛞᚪᛁᚾ,318
animatism,10772,0,ᚪᚾᛁᛗᚪᛏᛁᛋᛗ,539
satinette,10768,0,ᛋᚪᛏᛁᚾᛖᛏᛏᛖ,521
homestall,10768,0,ᚻᚩᛗᛖᛋᛏᚪᛚᛚ,523
oleophobic,10767,0,ᚩᛚᛇᛈᚻᚩᛒᛁᚳ,299
jewelries,10749,0,ᛂᛖᚹᛖᛚᚱᛁᛖᛋ,425
wannabees,10741,0,ᚹᚪᚾᚾᚪᛒᛖᛖᛋ,519
poussette,10741,0,ᛈᚩᚢᛋᛋᛖᛏᛏᛖ,411
unsoluble,10737,0,ᚢᚾᛋᚩᛚᚢᛒᛚᛖ,369
jeopardies,10731,0,ᛂᛇᛈᚪᚱᛞᛁᛖᛋ,469
ruggedest,10730,0,ᚱᚢᚷᚷᛖᛞᛖᛋᛏ,383
leprosies,10728,0,ᛚᛖᛈᚱᚩᛋᛁᛖᛋ,405
neologists,10716,0,ᚾᛇᛚᚩᚷᛁᛋᛏᛋ,363
synaeresis,10708,0,ᛋᚣᚾᚫᚱᛖᛋᛁᛋ,501
stinkhorn,10707,0,ᛋᛏᛁᚾᚳᚻᚩᚱᚾ,255
mumpsimus,10707,0,ᛗᚢᛗᛈᛋᛁᛗᚢᛋ,399
uncurable,10699,0,ᚢᚾᚳᚢᚱᚪᛒᛚᛖ,357
palatably,10689,0,ᛈᚪᛚᚪᛏᚪᛒᛚᚣ,703
kinkiness,10680,0,ᚳᛁᚾᚳᛁᚾᛖᛋᛋ,319
motormouth,10669,0,ᛗᚩᛏᚩᚱᛗᚩᚢᚦ,241
wakefully,10657,0,ᚹᚪᚳᛖᚠᚢᛚᛚᚣ,450
untrembling,10657,0,ᚢᚾᛏᚱᛖᛗᛒᛚᛝ,453
footwalls,10652,0,ᚠᚩᚩᛏᚹᚪᛚᛚᛋ,390
retaliator,10646,0,ᚱᛖᛏᚪᛚᛡᛏᚩᚱ,491
worldlier,10619,0,ᚹᚩᚱᛚᛞᛚᛁᛖᚱ,381
demonical,10610,0,ᛞᛖᛗᚩᚾᛁᚳᚪᛚ,477
declarers,10609,0,ᛞᛖᚳᛚᚪᚱᛖᚱᛋ,481
quaveringly,10602,0,ᚳᚹᚪᚢᛖᚱᛝᛚᚣ,465
glistered,10601,0,ᚷᛚᛁᛋᛏᛖᚱᛖᛞ,467
alpujarra,10597,0,ᚪᛚᛈᚢᛂᚪᚱᚱᚪ,469
dustcover,10593,0,ᛞᚢᛋᛏᚳᚩᚢᛖᚱ,305
sloppiest,10590,0,ᛋᛚᚩᛈᛈᛁᛖᛋᛏ,429
succourer,10585,0,ᛋᚢᚳᚳᚩᚢᚱᛖᚱ,181
uncramped,10573,0,ᚢᚾᚳᚱᚪᛗᛈᛖᛞ,423
prescinds,10563,0,ᛈᚱᛖᛋᚳᛁᚾᛞᛋ,389
islamitic,10542,0,ᛁᛋᛚᚪᛗᛁᛏᛁᚳ,459
bulldozes,10538,0,ᛒᚢᛚᛚᛞᚩᛋᛖᛋ,479
hollowest,10528,0,ᚻᚩᛚᛚᚩᚹᛖᛋᛏ,381
beseechings,10526,0,ᛒᛖᛋᛖᛖᚳᚻᛝᛋ,483
haematinic,10516,0,ᚻᚫᛗᚪᛏᛁᚾᛁᚳ,455
harrumphing,10515,0,ᚻᚪᚱᚱᚢᛗᛈᚻᛝ,361
mimickers,10512,0,ᛗᛁᛗᛁᚳᚳᛖᚱᛋ,361
outbursting,10493,0,ᚩᚢᛏᛒᚢᚱᛋᛏᛝ,335
logograph,10466,0,ᛚᚩᚷᚩᚷᚱᚪᛈᚻ,295
funereally,10461,0,ᚠᚢᚾᛖᚱᛠᛚᛚᚣ,470
proofreads,10459,0,ᛈᚱᚩᚩᚠᚱᛠᛞᛋ,332
touchiest,10455,0,ᛏᚩᚢᚳᚻᛁᛖᛋᛏ,315
dichromat,10446,0,ᛞᛁᚳᚻᚱᚩᛗᚪᛏ,401
geometrids,10436,0,ᚷᛇᛗᛖᛏᚱᛁᛞᛋ,439
undersoil,10434,0,ᚢᚾᛞᛖᚱᛋᚩᛁᛚ,363
overtimes,10429,0,ᚩᚢᛖᚱᛏᛁᛗᛖᛋ,369
ramparted,10428,0,ᚱᚪᛗᛈᚪᚱᛏᛖᛞ,545
creaseless,10412,0,ᚳᚱᛠᛋᛖᛚᛖᛋᛋ,499
funkiness,10411,0,ᚠᚢᚾᚳᛁᚾᛖᛋᛋ,280
bigeneric,10389,0,ᛒᛁᚷᛖᚾᛖᚱᛁᚳ,327
sidenotes,10382,0,ᛋᛁᛞᛖᚾᚩᛏᛖᛋ,455
fieldmice,10371,0,ᚠᛁᛖᛚᛞᛗᛁᚳᛖ,444
kinkajous,10370,0,ᚳᛁᚾᚳᚪᛂᚩᚢᛋ,283
biserrate,10359,0,ᛒᛁᛋᛖᚱᚱᚪᛏᛖ,457
croustade,10354,0,ᚳᚱᚩᚢᛋᛏᚪᛞᛖ,399
exultance,10351,0,ᛖᛉᚢᛚᛏᚪᚾᚳᛖ,455
rumrunner,10350,0,ᚱᚢᛗᚱᚢᚾᚾᛖᚱ,235
crunchier,10333,0,ᚳᚱᚢᚾᚳᚻᛁᛖᚱ,201
unsaintly,10331,0,ᚢᚾᛋᚪᛁᚾᛏᛚᚣ,477
foreshows,10313,0,ᚠᚩᚱᛖᛋᚻᚩᚹᛋ,242
lampooner,10302,0,ᛚᚪᛗᛈᚩᚩᚾᛖᚱ,405
malbrouck,10296,0,ᛗᚪᛚᛒᚱᚩᚢᚳᚳ,349
hyperopes,10292,0,ᚻᚣᛈᛖᚱᚩᛈᛖᛋ,417
grillroom,10291,0,ᚷᚱᛁᛚᛚᚱᚩᚩᛗ,301
randomise,10288,0,ᚱᚪᚾᛞᚩᛗᛁᛋᛖ,455
nephralgia,10288,0,ᚾᛖᛈᚻᚱᚪᛚᚷᛡ,467
pointille,10280,0,ᛈᚩᛁᚾᛏᛁᛚᛚᛖ,413
schnecken,10277,0,ᛋᚳᚻᚾᛖᚳᚳᛖᚾ,307
incondite,10273,0,ᛁᚾᚳᚩᚾᛞᛁᛏᛖ,355
banqueter,10273,0,ᛒᚪᚾᚳᚹᛖᛏᛖᚱ,423
distraite,10257,0,ᛞᛁᛋᛏᚱᚪᛁᛏᛖ,497
curvetted,10252,0,ᚳᚢᚱᚢᛖᛏᛏᛖᛞ,371
albescent,10252,0,ᚪᛚᛒᛖᛋᚳᛖᚾᛏ,519
inchworms,10250,0,ᛁᚾᚳᚻᚹᚩᚱᛗᛋ,257
frogspawn,10238,0,ᚠᚱᚩᚷᛋᛈᚪᚹᚾ,278
spellbind,10226,0,ᛋᛈᛖᛚᛚᛒᛁᚾᛞ,519
capsulate,10204,0,ᚳᚪᛈᛋᚢᛚᚪᛏᛖ,505
forcipate,10199,0,ᚠᚩᚱᚳᛁᛈᚪᛏᛖ,330
metatherian,10197,0,ᛗᛖᛏᚪᚦᛖᚱᛡᚾ,513
sextillion,10194,0,ᛋᛖᛉᛏᛁᛚᛚᛡᚾ,539
officiation,10186,0,ᚩᚠᚠᛁᚳᛡᛏᛡᚾ,357
dabchicks,10183,0,ᛞᚪᛒᚳᚻᛁᚳᚳᛋ,393
reformado,10181,0,ᚱᛖᚠᚩᚱᛗᚪᛞᚩ,362
beruffled,10170,0,ᛒᛖᚱᚢᚠᚠᛚᛖᛞ,375
durindana,10169,0,ᛞᚢᚱᛁᚾᛞᚪᚾᚪ,475
reperused,10168,0,ᚱᛖᛈᛖᚱᚢᛋᛖᛞ,411
raggedest,10161,0,ᚱᚪᚷᚷᛖᛞᛖᛋᛏ,477
reduceable,10148,0,ᚱᛖᛞᚢᚳᛠᛒᛚᛖ,493
foreshowing,10146,0,ᚠᚩᚱᛖᛋᚻᚩᚹᛝ,268
ungratifying,10139,0,ᚢᛝᚱᚪᛏᛁᚠᚣᛝ,464
pharsalian,10128,0,ᛈᚻᚪᚱᛋᚪᛚᛡᚾ,533
haggardly,10126,0,ᚻᚪᚷᚷᚪᚱᛞᛚᚣ,527
sunshines,10122,0,ᛋᚢᚾᛋᚻᛁᚾᛖᛋ,341
disinfest,10116,0,ᛞᛁᛋᛁᚾᚠᛖᛋᛏ,414
squireens,10093,0,ᛋᚳᚹᛁᚱᛖᛖᚾᛋ,343
unpropped,10091,0,ᚢᚾᛈᚱᚩᛈᛈᛖᛞ,335
unfleshed,10081,0,ᚢᚾᚠᛚᛖᛋᚻᛖᛞ,406
insolubly,10071,0,ᛁᚾᛋᚩᛚᚢᛒᛚᚣ,433
bellyband,10068,0,ᛒᛖᛚᛚᚣᛒᚪᚾᛞ,653
diamantine,10065,0,ᛞᛡᛗᚪᚾᛏᛁᚾᛖ,579
amourette,10055,0,ᚪᛗᚩᚢᚱᛖᛏᛏᛖ,441
colorcast,10048,0,ᚳᚩᛚᚩᚱᚳᚪᛋᛏ,333
sideslips,10044,0,ᛋᛁᛞᛖᛋᛚᛁᛈᛋ,493
ironwoods,10035,0,ᛁᚱᚩᚾᚹᚩᚩᛞᛋ,253
timidness,10021,0,ᛏᛁᛗᛁᛞᚾᛖᛋᛋ,483
misguides,10019,0,ᛗᛁᛋᚷᚢᛁᛞᛖᛋ,415
vulturous,10017,0,ᚢᚢᛚᛏᚢᚱᚩᚢᛋ,215
hedgeless,10015,0,ᚻᛖᛞᚷᛖᛚᛖᛋᛋ,509
dissimile,10009,0,ᛞᛁᛋᛋᛁᛗᛁᛚᛖ,499
fattiness,9997,0,ᚠᚪᛏᛏᛁᚾᛖᛋᛋ,450
slaphappy,9987,0,ᛋᛚᚪᛈᚻᚪᛈᛈᚣ,575
behoveful,9987,0,ᛒᛖᚻᚩᚢᛖᚠᚢᛚ,306
fisticuff,9986,0,ᚠᛁᛋᛏᛁᚳᚢᚠᚠ,196
tragopans,9977,0,ᛏᚱᚪᚷᚩᛈᚪᚾᛋ,413
studbooks,9970,0,ᛋᛏᚢᛞᛒᚩᚩᚳᛋ,345
signories,9962,0,ᛋᛁᚷᚾᚩᚱᛁᛖᛋ,299
unblunted,9960,0,ᚢᚾᛒᛚᚢᚾᛏᛖᛞ,413
chorussed,9944,0,ᚳᚻᚩᚱᚢᛋᛋᛖᛞ,319
windsocks,9929,0,ᚹᛁᚾᛞᛋᚩᚳᚳᛋ,307
avengement,9924,0,ᚪᚢᛖᛝᛖᛗᛖᚾᛏ,539
hoodwinks,9920,0,ᚻᚩᚩᛞᚹᛁᚾᚳᛋ,271
carbineer,9916,0,ᚳᚪᚱᛒᛁᚾᛖᛖᚱ,387
debruised,9911,0,ᛞᛖᛒᚱᚢᛁᛋᛖᛞ,471
crepitate,9902,0,ᚳᚱᛖᛈᛁᛏᚪᛏᛖ,447
prolepses,9899,0,ᛈᚱᚩᛚᛖᛈᛋᛖᛋ,417
chariness,9893,0,ᚳᚻᚪᚱᛁᚾᛖᛋᛋ,377
divertingly,9891,0,ᛞᛁᚢᛖᚱᛏᛝᛚᚣ,515
theistical,9883,0,ᚦᛖᛁᛋᛏᛁᚳᚪᛚ,429
cleanliest,9873,0,ᚳᛚᛠᚾᛚᛁᛖᛋᛏ,507
workboxes,9872,0,ᚹᚩᚱᚳᛒᚩᛉᛖᛋ,285
bullishly,9834,0,ᛒᚢᛚᛚᛁᛋᚻᛚᚣ,493
decliners,9833,0,ᛞᛖᚳᛚᛁᚾᛖᚱᛋ,433
demantoid,9830,0,ᛞᛖᛗᚪᚾᛏᚩᛁᛞ,539
chaenactis,9830,0,ᚳᚻᚫᚾᚪᚳᛏᛁᛋ,419
mancunians,9829,0,ᛗᚪᚾᚳᚢᚾᛡᚾᛋ,431
unsoldering,9825,0,ᚢᚾᛋᚩᛚᛞᛖᚱᛝ,411
unclutter,9822,0,ᚢᚾᚳᛚᚢᛏᛏᛖᚱ,317
oversweet,9822,0,ᚩᚢᛖᚱᛋᚹᛖᛖᛏ,353
barrenest,9819,0,ᛒᚪᚱᚱᛖᚾᛖᛋᛏ,455
unrhythmic,9812,0,ᚢᚾᚱᚻᚣᚦᛗᛁᚳ,289
misprized,9812,0,ᛗᛁᛋᛈᚱᛁᛋᛖᛞ,449
monocracy,9805,0,ᛗᚩᚾᚩᚳᚱᚪᚳᚣ,351
moniments,9805,0,ᛗᚩᚾᛁᛗᛖᚾᛏᛋ,417
moquettes,9803,0,ᛗᚩᚳᚹᛖᛏᛏᛖᛋ,415
breastless,9800,0,ᛒᚱᛠᛋᛏᛚᛖᛋᛋ,539
variegating,9788,0,ᚢᚪᚱᛁᛖᚷᚪᛏᛝ,461
cockhorse,9783,0,ᚳᚩᚳᚳᚻᚩᚱᛋᛖ,207
subtilize,9780,0,ᛋᚢᛒᛏᛁᛚᛁᛋᛖ,431
doomsayer,9776,0,ᛞᚩᚩᛗᛋᚪᚣᛖᚱ,505
millponds,9775,0,ᛗᛁᛚᛚᛈᚩᚾᛞᛋ,469
serranids,9772,0,ᛋᛖᚱᚱᚪᚾᛁᛞᛋ,441
stonewort,9760,0,ᛋᛏᚩᚾᛖᚹᚩᚱᛏ,311
inflictor,9756,0,ᛁᚾᚠᛚᛁᚳᛏᚩᚱ,256
hammertoes,9751,0,ᚻᚪᛗᛗᛖᚱᛏᛟᛋ,535
milliarium,9736,0,ᛗᛁᛚᛚᛡᚱᛁᚢᛗ,471
hydrolize,9731,0,ᚻᚣᛞᚱᚩᛚᛁᛋᛖ,457
puckishly,9730,0,ᛈᚢᚳᚳᛁᛋᚻᛚᚣ,355
parenchym,9729,0,ᛈᚪᚱᛖᚾᚳᚻᚣᛗ,457
negotiants,9723,0,ᚾᛖᚷᚩᛏᛡᚾᛏᛋ,427
breastpins,9719,0,ᛒᚱᛠᛋᛏᛈᛁᚾᛋ,449
squalodon,9716,0,ᛋᚳᚹᚪᛚᚩᛞᚩᚾ,387
elkhounds,9715,0,ᛖᛚᚳᚻᚩᚢᚾᛞᛋ,357
adductive,9711,0,ᚪᛞᛞᚢᚳᛏᛁᚢᛖ,451
interknit,9708,0,ᛁᚾᛏᛖᚱᚳᚾᛁᛏ,329
doohickey,9699,0,ᛞᚩᚩᚻᛁᚳᚳᛖᚣ,353
unbiasedly,9692,0,ᚢᚾᛒᛡᛋᛖᛞᛚᚣ,585
blabbered,9688,0,ᛒᛚᚪᛒᛒᛖᚱᛖᛞ,587
endogamic,9684,0,ᛖᚾᛞᚩᚷᚪᛗᛁᚳ,421
pinsetter,9680,0,ᛈᛁᚾᛋᛖᛏᛏᛖᚱ,419
hawsepipe,9676,0,ᚻᚪᚹᛋᛖᛈᛁᛈᛖ,443
abreactions,9673,0,ᚪᛒᚱᛠᚳᛏᛡᚾᛋ,539
rambutans,9669,0,ᚱᚪᛗᛒᚢᛏᚪᚾᛋ,481
scuttered,9657,0,ᛋᚳᚢᛏᛏᛖᚱᛖᛞ,421
misprinting,9656,0,ᛗᛁᛋᛈᚱᛁᚾᛏᛝ,407
shovelhead,9653,0,ᛋᚻᚩᚢᛖᛚᚻᛠᛞ,447
tormentum,9643,0,ᛏᚩᚱᛗᛖᚾᛏᚢᛗ,377
jolliness,9643,0,ᛂᚩᛚᛚᛁᚾᛖᛋᛋ,423
headstands,9639,0,ᚻᛠᛞᛋᛏᚪᚾᛞᛋ,601
georgettes,9635,0,ᚷᛇᚱᚷᛖᛏᛏᛖᛋ,391
turncocks,9618,0,ᛏᚢᚱᚾᚳᚩᚳᚳᛋ,201
eruditely,9601,0,ᛖᚱᚢᛞᛁᛏᛖᛚᚣ,503
omissible,9600,0,ᚩᛗᛁᛋᛋᛁᛒᛚᛖ,447
wireworks,9592,0,ᚹᛁᚱᛖᚹᚩᚱᚳᛋ,231
ceilingward,9592,0,ᚳᛖᛁᛚᛝᚹᚪᚱᛞ,479
studhorse,9586,0,ᛋᛏᚢᛞᚻᚩᚱᛋᛖ,365
subtilest,9584,0,ᛋᚢᛒᛏᛁᛚᛖᛋᛏ,459
cellarmen,9576,0,ᚳᛖᛚᛚᚪᚱᛗᛖᚾ,501
contester,9565,0,ᚳᚩᚾᛏᛖᛋᛏᛖᚱ,365
granddads,9562,0,ᚷᚱᚪᚾᛞᛞᚪᛞᛋ,571
mycophagy,9545,0,ᛗᚣᚳᚩᛈᚻᚪᚷᚣ,477
florences,9535,0,ᚠᛚᚩᚱᛖᚾᚳᛖᛋ,322
unavoided,9532,0,ᚢᚾᚪᚢᚩᛁᛞᛖᛞ,415
lucidness,9527,0,ᛚᚢᚳᛁᛞᚾᛖᛋᛋ,411
bogginess,9525,0,ᛒᚩᚷᚷᛁᚾᛖᛋᛋ,335
annelidan,9525,0,ᚪᚾᚾᛖᛚᛁᛞᚪᚾ,541
shadowers,9523,0,ᛋᚻᚪᛞᚩᚹᛖᚱᛋ,419
defecator,9522,0,ᛞᛖᚠᛖᚳᚪᛏᚩᚱ,412
unbeliefs,9518,0,ᚢᚾᛒᛖᛚᛁᛖᚠᛋ,386
licitness,9516,0,ᛚᛁᚳᛁᛏᚾᛖᛋᛋ,409
spoonlike,9514,0,ᛋᛈᚩᚩᚾᛚᛁᚳᛖ,323
lionization,9511,0,ᛚᛡᚾᛁᛋᚪᛏᛡᚾ,585
bicornate,9509,0,ᛒᛁᚳᚩᚱᚾᚪᛏᛖ,375
mesophyte,9508,0,ᛗᛖᛋᚩᛈᚻᚣᛏᛖ,493
cryoscope,9506,0,ᚳᚱᚣᚩᛋᚳᚩᛈᛖ,317
metallize,9492,0,ᛗᛖᛏᚪᛚᛚᛁᛋᛖ,591
screecher,9481,0,ᛋᚳᚱᛖᛖᚳᚻᛖᚱ,325
fumigates,9481,0,ᚠᚢᛗᛁᚷᚪᛏᛖᛋ,400
turnspits,9479,0,ᛏᚢᚱᚾᛋᛈᛁᛏᛋ,341
barterers,9474,0,ᛒᚪᚱᛏᛖᚱᛖᚱᛋ,437
glissades,9472,0,ᚷᛚᛁᛋᛋᚪᛞᛖᛋ,533
agitative,9471,0,ᚪᚷᛁᛏᚪᛏᛁᚢᛖ,461
denitrify,9467,0,ᛞᛖᚾᛁᛏᚱᛁᚠᚣ,422
dicastery,9466,0,ᛞᛁᚳᚪᛋᛏᛖᚱᚣ,523
peepshows,9465,0,ᛈᛖᛖᛈᛋᚻᚩᚹᛋ,375
millepore,9450,0,ᛗᛁᛚᛚᛖᛈᚩᚱᛖ,443
alimentum,9449,0,ᚪᛚᛁᛗᛖᚾᛏᚢᛗ,501
quarterns,9428,0,ᚳᚹᚪᚱᛏᛖᚱᚾᛋ,359
tailraces,9423,0,ᛏᚪᛁᛚᚱᚪᚳᛖᛋ,501
pepperers,9417,0,ᛈᛖᛈᛈᛖᚱᛖᚱᛋ,405
beauteously,9409,0,ᛒᛠᚢᛏᛇᚢᛋᛚᚣ,505
deathliness,9406,0,ᛞᛠᚦᛚᛁᚾᛖᛋᛋ,509
glutenous,9397,0,ᚷᛚᚢᛏᛖᚾᚩᚢᛋ,311
pyromancy,9393,0,ᛈᚣᚱᚩᛗᚪᚾᚳᚣ,477
missilery,9384,0,ᛗᛁᛋᛋᛁᛚᛖᚱᚣ,493
marinates,9363,0,ᛗᚪᚱᛁᚾᚪᛏᛖᛋ,515
mastoidal,9358,0,ᛗᚪᛋᛏᚩᛁᛞᚪᛚ,577
fluidrams,9348,0,ᚠᛚᚢᛁᛞᚱᚪᛗᛋ,430
boarhound,9348,0,ᛒᚩᚪᚱᚻᚩᚢᚾᛞ,327
paintress,9334,0,ᛈᚪᛁᚾᛏᚱᛖᛋᛋ,443
humorsome,9330,0,ᚻᚢᛗᚩᚱᛋᚩᛗᛖ,313
stoppable,9322,0,ᛋᛏᚩᛈᛈᚪᛒᛚᛖ,503
observingly,9315,0,ᚩᛒᛋᛖᚱᚢᛝᛚᚣ,457
frothiness,9310,0,ᚠᚱᚩᚦᛁᚾᛖᛋᛋ,258
lobscouse,9307,0,ᛚᚩᛒᛋᚳᚩᚢᛋᛖ,337
buckthorns,9305,0,ᛒᚢᚳᚳᚦᚩᚱᚾᛋ,195
spikiness,9297,0,ᛋᛈᛁᚳᛁᚾᛖᛋᛋ,373
unorganic,9295,0,ᚢᚾᚩᚱᚷᚪᚾᛁᚳ,237
garboards,9290,0,ᚷᚪᚱᛒᚩᚪᚱᛞᛋ,443
aerophilic,9288,0,ᚫᚱᚩᛈᚻᛁᛚᛁᚳ,333
olivenite,9286,0,ᚩᛚᛁᚢᛖᚾᛁᛏᛖ,367
promisers,9282,0,ᛈᚱᚩᛗᛁᛋᛖᚱᛋ,347
humblesse,9281,0,ᚻᚢᛗᛒᛚᛖᛋᛋᛖ,471
stornelli,9262,0,ᛋᛏᚩᚱᚾᛖᛚᛚᛁ,403
enwrought,9255,0,ᛖᚾᚹᚱᚩᚢᚷᚻᛏ,235
cryptical,9239,0,ᚳᚱᚣᛈᛏᛁᚳᚪᛚ,443
bathometer,9239,0,ᛒᚪᚦᚩᛗᛖᛏᛖᚱ,445
nitpicker,9234,0,ᚾᛁᛏᛈᛁᚳᚳᛖᚱ,297
gallowses,9229,0,ᚷᚪᛚᛚᚩᚹᛋᛖᛋ,459
exsanguine,9228,0,ᛖᛉᛋᚪᛝᚢᛁᚾᛖ,473
newswomen,9225,0,ᚾᛖᚹᛋᚹᚩᛗᛖᚾ,361
stegosaur,9224,0,ᛋᛏᛖᚷᚩᛋᚪᚢᚱ,367
rascaldom,9216,0,ᚱᚪᛋᚳᚪᛚᛞᚩᛗ,511
bandoline,9215,0,ᛒᚪᚾᛞᚩᛚᛁᚾᛖ,483
overwrote,9213,0,ᚩᚢᛖᚱᚹᚱᚩᛏᛖ,251
blackboys,9211,0,ᛒᛚᚪᚳᚳᛒᚩᚣᛋ,481
dumpiness,9208,0,ᛞᚢᛗᛈᛁᚾᛖᛋᛋ,439
burnooses,9199,0,ᛒᚢᚱᚾᚩᚩᛋᛖᛋ,291
truceless,9193,0,ᛏᚱᚢᚳᛖᛚᛖᛋᛋ,399
ruralists,9182,0,ᚱᚢᚱᚪᛚᛁᛋᛏᛋ,391
bladebone,9175,0,ᛒᛚᚪᛞᛖᛒᚩᚾᛖ,551
pastiness,9172,0,ᛈᚪᛋᛏᛁᚾᛖᛋᛋ,485
dribblers,9168,0,ᛞᚱᛁᛒᛒᛚᛖᚱᛋ,457
archdemon,9168,0,ᚪᚱᚳᚻᛞᛖᛗᚩᚾ,407
rebuilded,9164,0,ᚱᛖᛒᚢᛁᛚᛞᛖᛞ,491
snaphance,9161,0,ᛋᚾᚪᛈᚻᚪᚾᚳᛖ,451
aruspices,9161,0,ᚪᚱᚢᛋᛈᛁᚳᛖᛋ,371
immanency,9154,0,ᛁᛗᛗᚪᚾᛖᚾᚳᚣ,511
balmorals,9128,0,ᛒᚪᛚᛗᚩᚱᚪᛚᛋ,543
humblebee,9123,0,ᚻᚢᛗᛒᛚᛖᛒᛖᛖ,493
lemonwood,9119,0,ᛚᛖᛗᚩᚾᚹᚩᚩᛞ,369
phrensied,9089,0,ᛈᚻᚱᛖᚾᛋᛁᛖᛞ,413
micromeria,9088,0,ᛗᛁᚳᚱᚩᛗᛖᚱᛡ,389
algometer,9085,0,ᚪᛚᚷᚩᛗᛖᛏᛖᚱ,469
courtlike,9076,0,ᚳᚩᚢᚱᛏᛚᛁᚳᛖ,277
skyjacker,9071,0,ᛋᚳᚣᛂᚪᚳᚳᛖᚱ,407
buddhisms,9063,0,ᛒᚢᛞᛞᚻᛁᛋᛗᛋ,473
ascensive,9063,0,ᚪᛋᚳᛖᚾᛋᛁᚢᛖ,413
glamorise,9054,0,ᚷᛚᚪᛗᚩᚱᛁᛋᛖ,427
waterloos,9051,0,ᚹᚪᛏᛖᚱᛚᚩᚩᛋ,393
unbeginning,9047,0,ᚢᚾᛒᛖᚷᛁᚾᚾᛝ,345
malfeasant,9039,0,ᛗᚪᛚᚠᛠᛋᚪᚾᛏ,590
modestest,9031,0,ᛗᚩᛞᛖᛋᛏᛖᛋᛏ,525
outwearied,9030,0,ᚩᚢᛏᚹᛠᚱᛁᛖᛞ,395
oenophiles,9027,0,ᛟᚾᚩᛈᚻᛁᛚᛖᛋ,409
unactable,9024,0,ᚢᚾᚪᚳᛏᚪᛒᛚᛖ,499
cachalots,9019,0,ᚳᚪᚳᚻᚪᛚᚩᛏᛋ,435
barriered,9016,0,ᛒᚪᚱᚱᛁᛖᚱᛖᛞ,445
eyeliners,9006,0,ᛖᚣᛖᛚᛁᚾᛖᚱᛋ,501
trunkfish,9001,0,ᛏᚱᚢᚾᚳᚠᛁᛋᚻ,224
baidarkas,8993,0,ᛒᚪᛁᛞᚪᚱᚳᚪᛋ,549
swingletree,8986,0,ᛋᚹᛝᛚᛖᛏᚱᛖᛖ,495
mainmasts,8984,0,ᛗᚪᛁᚾᛗᚪᛋᛏᛋ,561
fearnaught,8980,0,ᚠᛠᚱᚾᚪᚢᚷᚻᛏ,350
bargepole,8979,0,ᛒᚪᚱᚷᛖᛈᚩᛚᛖ,443
skywriter,8978,0,ᛋᚳᚣᚹᚱᛁᛏᛖᚱ,367
irksomely,8975,0,ᛁᚱᚳᛋᚩᛗᛖᛚᚣ,429
fishbowls,8961,0,ᚠᛁᛋᚻᛒᚩᚹᛚᛋ,322
hortensian,8939,0,ᚻᚩᚱᛏᛖᚾᛋᛡᚾ,385
shapelier,8931,0,ᛋᚻᚪᛈᛖᛚᛁᛖᚱ,465
bellyfull,8916,0,ᛒᛖᛚᛚᚣᚠᚢᛚᛚ,528
postboxes,8909,0,ᛈᚩᛋᛏᛒᚩᛉᛖᛋ,397
knavishly,8902,0,ᚳᚾᚪᚢᛁᛋᚻᛚᚣ,425
fulgurating,8882,0,ᚠᚢᛚᚷᚢᚱᚪᛏᛝ,344
knapweeds,8875,0,ᚳᚾᚪᛈᚹᛖᛖᛞᛋ,477
inflicter,8865,0,ᛁᚾᚠᛚᛁᚳᛏᛖᚱ,316
unblotted,8863,0,ᚢᚾᛒᛚᚩᛏᛏᛖᛞ,447
chrysopid,8861,0,ᚳᚻᚱᚣᛋᚩᛈᛁᛞ,373
moldiness,8859,0,ᛗᚩᛚᛞᛁᚾᛖᛋᛋ,473
uniparous,8855,0,ᚢᚾᛁᛈᚪᚱᚩᚢᛋ,277
mystifier,8854,0,ᛗᚣᛋᛏᛁᚠᛁᛖᚱ,428
backswept,8850,0,ᛒᚪᚳᚳᛋᚹᛖᛈᛏ,425
warreners,8849,0,ᚹᚪᚱᚱᛖᚾᛖᚱᛋ,365
gawkiness,8848,0,ᚷᚪᚹᚳᛁᚾᛖᛋᛋ,379
vibraharp,8834,0,ᚢᛁᛒᚱᚪᚻᚪᚱᛈ,377
comptroll,8829,0,ᚳᚩᛗᛈᛏᚱᚩᛚᛚ,357
algolagnia,8818,0,ᚪᛚᚷᚩᛚᚪᚷᚾᛡ,517
ungartered,8817,0,ᚢᛝᚪᚱᛏᛖᚱᛖᛞ,483
dioestrous,8817,0,ᛞᛡᛖᛋᛏᚱᚩᚢᛋ,449
inchoation,8814,0,ᛁᚾᚳᚻᚩᚪᛏᛡᚾ,395
abominating,8813,0,ᚪᛒᚩᛗᛁᚾᚪᛏᛝ,531
trillionths,8812,0,ᛏᚱᛁᛚᛚᛡᚾᚦᛋ,441
forespent,8811,0,ᚠᚩᚱᛖᛋᛈᛖᚾᛏ,338
decaliter,8811,0,ᛞᛖᚳᚪᛚᛁᛏᛖᚱ,507
algorisms,8798,0,ᚪᛚᚷᚩᚱᛁᛋᛗᛋ,413
shortener,8796,0,ᛋᚻᚩᚱᛏᛖᚾᛖᚱ,327
macrurous,8781,0,ᛗᚪᚳᚱᚢᚱᚩᚢᛋ,269
peignoirs,8746,0,ᛈᛖᛁᚷᚾᚩᛁᚱᛋ,289
synoicous,8744,0,ᛋᚣᚾᚩᛁᚳᚩᚢᛋ,299
impellent,8737,0,ᛁᛗᛈᛖᛚᛚᛖᚾᛏ,513
cruelness,8736,0,ᚳᚱᚢᛖᛚᚾᛖᛋᛋ,369
nondriver,8730,0,ᚾᚩᚾᛞᚱᛁᚢᛖᚱ,277
perithelial,8729,0,ᛈᛖᚱᛁᚦᛖᛚᛡᛚ,477
carlylese,8728,0,ᚳᚪᚱᛚᚣᛚᛖᛋᛖ,557
cogitates,8721,0,ᚳᚩᚷᛁᛏᚪᛏᛖᛋ,403
infighter,8712,0,ᛁᚾᚠᛁᚷᚻᛏᛖᚱ,270
untuneful,8711,0,ᚢᚾᛏᚢᚾᛖᚠᚢᛚ,268
autocross,8710,0,ᚪᚢᛏᚩᚳᚱᚩᛋᛋ,303
yosemites,8708,0,ᚣᚩᛋᛖᛗᛁᛏᛖᛋ,511
blossomings,8708,0,ᛒᛚᚩᛋᛋᚩᛗᛝᛋ,457
guanabana,8699,0,ᚷᚢᚪᚾᚪᛒᚪᚾᚪ,527
ghettoize,8696,0,ᚷᚻᛖᛏᛏᚩᛁᛋᛖ,383
whittlers,8692,0,ᚹᚻᛁᛏᛏᛚᛖᚱᛋ,395
germanite,8682,0,ᚷᛖᚱᛗᚪᚾᛁᛏᛖ,449
tricotine,8679,0,ᛏᚱᛁᚳᚩᛏᛁᚾᛖ,307
emblazons,8676,0,ᛖᛗᛒᛚᚪᛋᚩᚾᛋ,511
sollerets,8661,0,ᛋᚩᛚᛚᛖᚱᛖᛏᛋ,463
grouchily,8661,0,ᚷᚱᚩᚢᚳᚻᛁᛚᚣ,281
engrossingly,8647,0,ᛖᛝᚱᚩᛋᛋᛝᛚᚣ,525
mastodont,8645,0,ᛗᚪᛋᛏᚩᛞᚩᚾᛏ,471
rootstalk,8642,0,ᚱᚩᚩᛏᛋᛏᚪᛚᚳ,379
refortify,8598,0,ᚱᛖᚠᚩᚱᛏᛁᚠᚣ,293
menuisier,8597,0,ᛗᛖᚾᚢᛁᛋᛁᛖᚱ,363
thorniness,8591,0,ᚦᚩᚱᚾᛁᚾᛖᛋᛋ,285
roistered,8589,0,ᚱᚩᛁᛋᛏᛖᚱᛖᛞ,395
homeyness,8581,0,ᚻᚩᛗᛖᚣᚾᛖᛋᛋ,473
postfixes,8580,0,ᛈᚩᛋᛏᚠᛁᛉᛖᛋ,362
tipstaffs,8576,0,ᛏᛁᛈᛋᛏᚪᚠᚠᛋ,399
sodalists,8565,0,ᛋᚩᛞᚪᛚᛁᛋᛏᛋ,515
jadestone,8555,0,ᛂᚪᛞᛖᛋᛏᚩᚾᛖ,505
handbasin,8553,0,ᚻᚪᚾᛞᛒᚪᛋᛁᚾ,509
girandola,8546,0,ᚷᛁᚱᚪᚾᛞᚩᛚᚪ,451
upstarted,8541,0,ᚢᛈᛋᛏᚪᚱᛏᛖᛞ,481
cottonade,8530,0,ᚳᚩᛏᛏᚩᚾᚪᛞᛖ,427
landrails,8526,0,ᛚᚪᚾᛞᚱᚪᛁᛚᛋ,553
foregleams,8511,0,ᚠᚩᚱᛖᚷᛚᛠᛗᛋ,410
mediastina,8509,0,ᛗᛖᛞᛡᛋᛏᛁᚾᚪ,603
highflier,8499,0,ᚻᛁᚷᚻᚠᛚᛁᛖᚱ,278
catalexis,8497,0,ᚳᚪᛏᚪᛚᛖᛉᛁᛋ,537
macebearer,8496,0,ᛗᚪᚳᛖᛒᛠᚱᛖᚱ,507
speciations,8495,0,ᛋᛈᛖᚳᛡᛏᛡᚾᛋ,531
arccosine,8493,0,ᚪᚱᚳᚳᚩᛋᛁᚾᛖ,321
timeliest,8487,0,ᛏᛁᛗᛖᛚᛁᛖᛋᛏ,511
polyzoans,8478,0,ᛈᚩᛚᚣᛋᚩᚪᚾᛋ,465
optimisms,8474,0,ᚩᛈᛏᛁᛗᛁᛋᛗᛋ,419
naprapathy,8472,0,ᚾᚪᛈᚱᚪᛈᚪᚦᚣ,525
argentous,8469,0,ᚪᚱᚷᛖᚾᛏᚩᚢᛋ,343
reduviids,8461,0,ᚱᛖᛞᚢᚢᛁᛁᛞᛋ,377
nainsooks,8453,0,ᚾᚪᛁᚾᛋᚩᚩᚳᛋ,319
tunneller,8452,0,ᛏᚢᚾᚾᛖᛚᛚᛖᚱ,411
tightwads,8400,0,ᛏᛁᚷᚻᛏᚹᚪᛞᛋ,447
exaltedly,8388,0,ᛖᛉᚪᛚᛏᛖᛞᛚᚣ,675
gustative,8385,0,ᚷᚢᛋᛏᚪᛏᛁᚢᛖ,389
methodisms,8375,0,ᛗᛖᚦᚩᛞᛁᛋᛗᛋ,447
presential,8371,0,ᛈᚱᛖᛋᛖᚾᛏᛡᛚ,509
blandishing,8370,0,ᛒᛚᚪᚾᛞᛁᛋᚻᛝ,535
sportiest,8368,0,ᛋᛈᚩᚱᛏᛁᛖᛋᛏ,383
parvenues,8368,0,ᛈᚪᚱᚢᛖᚾᚢᛖᛋ,373
unaccused,8365,0,ᚢᚾᚪᚳᚳᚢᛋᛖᛞ,367
unaffixed,8357,0,ᚢᚾᚪᚠᚠᛁᛉᛖᛞ,367
eggbeaters,8354,0,ᛖᚷᚷᛒᛠᛏᛖᚱᛋ,461
dutchmans,8351,0,ᛞᚢᛏᚳᚻᛗᚪᚾᛋ,437
threateners,8348,0,ᚦᚱᛠᛏᛖᚾᛖᚱᛋ,411
paperboys,8339,0,ᛈᚪᛈᛖᚱᛒᚩᚣᛋ,485
timeworks,8338,0,ᛏᛁᛗᛖᚹᚩᚱᚳᛋ,331
synthetism,8307,0,ᛋᚣᚾᚦᛖᛏᛁᛋᛗ,471
coelentera,8305,0,ᚳᛟᛚᛖᚾᛏᛖᚱᚪ,499
millepede,8296,0,ᛗᛁᛚᛚᛖᛈᛖᛞᛖ,581
bentincks,8293,0,ᛒᛖᚾᛏᛁᚾᚳᚳᛋ,355
stunsails,8285,0,ᛋᛏᚢᚾᛋᚪᛁᛚᛋ,451
retroceding,8276,0,ᚱᛖᛏᚱᚩᚳᛖᛞᛝ,403
obsolesce,8272,0,ᚩᛒᛋᚩᛚᛖᛋᚳᛖ,401
cosecants,8271,0,ᚳᚩᛋᛖᚳᚪᚾᛏᛋ,391
woodlarks,8263,0,ᚹᚩᚩᛞᛚᚪᚱᚳᛋ,369
unthwarted,8256,0,ᚢᚾᚦᚹᚪᚱᛏᛖᛞ,379
syllogize,8250,0,ᛋᚣᛚᛚᚩᚷᛁᛋᛖ,477
flavorous,8234,0,ᚠᛚᚪᚢᚩᚱᚩᚢᛋ,256
undersign,8229,0,ᚢᚾᛞᛖᚱᛋᛁᚷᚾ,329
fraughted,8228,0,ᚠᚱᚪᚢᚷᚻᛏᛖᛞ,368
interfusing,8224,0,ᛁᚾᛏᛖᚱᚠᚢᛋᛝ,334
raunchier,8212,0,ᚱᚪᚢᚾᚳᚻᛁᛖᚱ,285
waterlike,8205,0,ᚹᚪᛏᛖᚱᛚᛁᚳᛖ,437
subwarden,8183,0,ᛋᚢᛒᚹᚪᚱᛞᛖᚾ,429
escalades,8180,0,ᛖᛋᚳᚪᛚᚪᛞᛖᛋ,609
vicarship,8179,0,ᚢᛁᚳᚪᚱᛋᚻᛁᛈ,305
bradburys,8176,0,ᛒᚱᚪᛞᛒᚢᚱᚣᛋ,489
golliwogs,8163,0,ᚷᚩᛚᛚᛁᚹᚩᚷᛋ,297
emendator,8162,0,ᛖᛗᛖᚾᛞᚪᛏᚩᚱ,497
tailgated,8161,0,ᛏᚪᛁᛚᚷᚪᛏᛖᛞ,589
oraculous,8153,0,ᚩᚱᚪᚳᚢᛚᚩᚢᛋ,267
antiquate,8150,0,ᚪᚾᛏᛁᚳᚹᚪᛏᛖ,471
complines,8148,0,ᚳᚩᛗᛈᛚᛁᚾᛖᛋ,387
germanising,8145,0,ᚷᛖᚱᛗᚪᚾᛁᛋᛝ,455
pifferari,8142,0,ᛈᛁᚠᚠᛖᚱᚪᚱᛁ,295
whoresons,8140,0,ᚹᚻᚩᚱᛖᛋᚩᚾᛋ,269
concenter,8136,0,ᚳᚩᚾᚳᛖᚾᛏᛖᚱ,295
coscoroba,8126,0,ᚳᚩᛋᚳᚩᚱᚩᛒᚪ,269
thunderingly,8123,0,ᚦᚢᚾᛞᛖᚱᛝᛚᚣ,459
kakemonos,8121,0,ᚳᚪᚳᛖᛗᚩᚾᚩᛋ,357
heleniums,8115,0,ᚻᛖᛚᛖᚾᛁᚢᛗᛋ,417
sodalites,8105,0,ᛋᚩᛞᚪᛚᛁᛏᛖᛋ,529
waggeries,8102,0,ᚹᚪᚷᚷᛖᚱᛁᛖᛋ,379
lacertids,8098,0,ᛚᚪᚳᛖᚱᛏᛁᛞᛋ,493
shopboard,8094,0,ᛋᚻᚩᛈᛒᚩᚪᚱᛞ,391
trinidado,8091,0,ᛏᚱᛁᚾᛁᛞᚪᛞᚩ,443
saprozoic,8081,0,ᛋᚪᛈᚱᚩᛋᚩᛁᚳ,315
unharried,8077,0,ᚢᚾᚻᚪᚱᚱᛁᛖᛞ,361
jellified,8068,0,ᛂᛖᛚᛚᛁᚠᛁᛖᛞ,470
ophthalmias,8067,0,ᚩᛈᚻᚦᚪᛚᛗᛡᛋ,479
perorated,8064,0,ᛈᛖᚱᚩᚱᚪᛏᛖᛞ,451
whiptails,8063,0,ᚹᚻᛁᛈᛏᚪᛁᛚᛋ,429
clarences,8061,0,ᚳᛚᚪᚱᛖᚾᚳᛖᛋ,423
counselings,8060,0,ᚳᚩᚢᚾᛋᛖᛚᛝᛋ,377
excruciate,8059,0,ᛖᛉᚳᚱᚢᚳᛡᛏᛖ,387
squalidly,8057,0,ᛋᚳᚹᚪᛚᛁᛞᛚᚣ,551
delawarean,8050,0,ᛞᛖᛚᚪᚹᚪᚱᛠᚾ,591
degendering,8050,0,ᛞᛖᚷᛖᚾᛞᛖᚱᛝ,515
amblyopias,8047,0,ᚪᛗᛒᛚᚣᚩᛈᛡᛋ,615
patiences,8040,0,ᛈᚪᛏᛁᛖᚾᚳᛖᛋ,459
dubitation,8039,0,ᛞᚢᛒᛁᛏᚪᛏᛡᚾ,535
snailfish,8035,0,ᛋᚾᚪᛁᛚᚠᛁᛋᚻ,392
quicksets,8033,0,ᚳᚹᛁᚳᚳᛋᛖᛏᛋ,321
forgetter,8033,0,ᚠᚩᚱᚷᛖᛏᛏᛖᚱ,300
rattlebox,8032,0,ᚱᚪᛏᛏᛚᛖᛒᚩᛉ,481
gazillions,8026,0,ᚷᚪᛋᛁᛚᛚᛡᚾᛋ,533
inhabiter,8019,0,ᛁᚾᚻᚪᛒᛁᛏᛖᚱ,409
predefining,8015,0,ᛈᚱᛖᛞᛖᚠᛁᚾᛝ,418
angiopathies,8013,0,ᚪᛝᛡᛈᚪᚦᛁᛖᛋ,579
cursively,8010,0,ᚳᚢᚱᛋᛁᚢᛖᛚᚣ,357
sunblocks,8009,0,ᛋᚢᚾᛒᛚᚩᚳᚳᛋ,305
breeziest,8009,0,ᛒᚱᛖᛖᛋᛁᛖᛋᛏ,469
ringmasters,8001,0,ᚱᛝᛗᚪᛋᛏᛖᚱᛋ,501
atonicity,7999,0,ᚪᛏᚩᚾᛁᚳᛁᛏᚣ,429
flyspecks,7994,0,ᚠᛚᚣᛋᛈᛖᚳᚳᛋ,420
codfishes,7992,0,ᚳᚩᛞᚠᛁᛋᚻᛖᛋ,338
pleasances,7984,0,ᛈᛚᛠᛋᚪᚾᚳᛖᛋ,537
luckiness,7978,0,ᛚᚢᚳᚳᛁᚾᛖᛋᛋ,335
exanimate,7964,0,ᛖᛉᚪᚾᛁᛗᚪᛏᛖ,565
unregarding,7961,0,ᚢᚾᚱᛖᚷᚪᚱᛞᛝ,403
televises,7959,0,ᛏᛖᛚᛖᚢᛁᛋᛖᛋ,473
usuriously,7956,0,ᚢᛋᚢᚱᛡᚢᛋᛚᚣ,409
fossilise,7955,0,ᚠᚩᛋᛋᛁᛚᛁᛋᛖ,370
cocklofts,7954,0,ᚳᚩᚳᚳᛚᚩᚠᛏᛋ,240
aitchbone,7953,0,ᚪᛁᛏᚳᚻᛒᚩᚾᛖ,387
isomerise,7952,0,ᛁᛋᚩᛗᛖᚱᛁᛋᛖ,391
cakewalks,7950,0,ᚳᚪᚳᛖᚹᚪᛚᚳᛋ,445
infuriation,7949,0,ᛁᚾᚠᚢᚱᛡᛏᛡᚾ,378
fishworms,7940,0,ᚠᛁᛋᚻᚹᚩᚱᛗᛋ,270
outsoared,7936,0,ᚩᚢᛏᛋᚩᚪᚱᛖᛞ,393
ballgowns,7936,0,ᛒᚪᛚᛚᚷᚩᚹᚾᛋ,429
rapidness,7928,0,ᚱᚪᛈᛁᛞᚾᛖᛋᛋ,473
hemostasia,7928,0,ᚻᛖᛗᚩᛋᛏᚪᛋᛡ,537
fanciness,7927,0,ᚠᚪᚾᚳᛁᚾᛖᛋᛋ,374
exultancy,7921,0,ᛖᛉᚢᛚᛏᚪᚾᚳᚣ,491
teacupfuls,7919,0,ᛏᛠᚳᚢᛈᚠᚢᛚᛋ,358
panniered,7919,0,ᛈᚪᚾᚾᛁᛖᚱᛖᛞ,463
replaster,7911,0,ᚱᛖᛈᛚᚪᛋᛏᛖᚱ,481
microbars,7906,0,ᛗᛁᚳᚱᚩᛒᚪᚱᛋ,355
pancration,7903,0,ᛈᚪᚾᚳᚱᚪᛏᛡᚾ,485
homoiousian,7900,0,ᚻᚩᛗᚩᛡᚢᛋᛡᚾ,407
sialogogue,7872,0,ᛋᛡᛚᚩᚷᚩᚷᚢᛖ,351
coralroot,7869,0,ᚳᚩᚱᚪᛚᚱᚩᚩᛏ,285
flauntingly,7863,0,ᚠᛚᚪᚢᚾᛏᛝᛚᚣ,518
syllabify,7859,0,ᛋᚣᛚᛚᚪᛒᛁᚠᚣ,596
dulcified,7859,0,ᛞᚢᛚᚳᛁᚠᛁᛖᛞ,398
hermitess,7851,0,ᚻᛖᚱᛗᛁᛏᛖᛋᛋ,435
pantofles,7839,0,ᛈᚪᚾᛏᚩᚠᛚᛖᛋ,430
stumblers,7831,0,ᛋᛏᚢᛗᛒᛚᛖᚱᛋ,451
ninetieths,7820,0,ᚾᛁᚾᛖᛏᛁᛖᚦᛋ,371
aromatize,7817,0,ᚪᚱᚩᛗᚪᛏᛁᛋᛖ,493
zebrawood,7810,0,ᛋᛖᛒᚱᚪᚹᚩᚩᛞ,411
miscounts,7808,0,ᛗᛁᛋᚳᚩᚢᚾᛏᛋ,319
filoselle,7804,0,ᚠᛁᛚᚩᛋᛖᛚᛚᛖ,446
cancellus,7804,0,ᚳᚪᚾᚳᛖᛚᛚᚢᛋ,421
plateless,7802,0,ᛈᛚᚪᛏᛖᛚᛖᛋᛋ,585
crowfoots,7800,0,ᚳᚱᚩᚹᚠᚩᚩᛏᛋ,178
sumpsimus,7784,0,ᛋᚢᛗᛈᛋᛁᛗᚢᛋ,381
barbarize,7778,0,ᛒᚪᚱᛒᚪᚱᛁᛋᛖ,489
pericardia,7775,0,ᛈᛖᚱᛁᚳᚪᚱᛞᛡ,469
dormitive,7775,0,ᛞᚩᚱᛗᛁᛏᛁᚢᛖ,369
usualness,7769,0,ᚢᛋᚢᚪᛚᚾᛖᛋᛋ,431
perswades,7755,0,ᛈᛖᚱᛋᚹᚪᛞᛖᛋ,499
gurgoyles,7754,0,ᚷᚢᚱᚷᚩᚣᛚᛖᛋ,351
tartarous,7749,0,ᛏᚪᚱᛏᚪᚱᚩᚢᛋ,397
semaphoring,7746,0,ᛋᛖᛗᚪᛈᚻᚩᚱᛝ,451
grassfire,7730,0,ᚷᚱᚪᛋᛋᚠᛁᚱᛖ,342
tritheists,7728,0,ᛏᚱᛁᚦᛖᛁᛋᛏᛋ,369
flaccidly,7727,0,ᚠᛚᚪᚳᚳᛁᛞᛚᚣ,494
horridest,7717,0,ᚻᚩᚱᚱᛁᛞᛖᛋᛏ,351
derrieres,7714,0,ᛞᛖᚱᚱᛁᛖᚱᛖᛋ,407
homotaxis,7708,0,ᚻᚩᛗᚩᛏᚪᛉᛁᛋ,395
vindelici,7703,0,ᚢᛁᚾᛞᛖᛚᛁᚳᛁ,367
elderwood,7703,0,ᛖᛚᛞᛖᚱᚹᚩᚩᛞ,429
foolisher,7688,0,ᚠᚩᚩᛚᛁᛋᚻᛖᚱ,274
northwests,7681,0,ᚾᚩᚱᚦᚹᛖᛋᛏᛋ,303
pilotages,7680,0,ᛈᛁᛚᚩᛏᚪᚷᛖᛋ,447
ammonitic,7670,0,ᚪᛗᛗᚩᚾᛁᛏᛁᚳ,409
crowsfeet,7661,0,ᚳᚱᚩᚹᛋᚠᛖᛖᛏ,298
freewomen,7657,0,ᚠᚱᛖᛖᚹᚩᛗᛖᚾ,340
suaveness,7647,0,ᛋᚢᚪᚢᛖᚾᛖᛋᛋ,425
monkeypod,7646,0,ᛗᚩᚾᚳᛖᚣᛈᚩᛞ,429
lamenters,7639,0,ᛚᚪᛗᛖᚾᛏᛖᚱᛋ,527
ruminator,7634,0,ᚱᚢᛗᛁᚾᚪᛏᚩᚱ,319
blindsiding,7634,0,ᛒᛚᛁᚾᛞᛋᛁᛞᛝ,535
reinduced,7631,0,ᚱᛖᛁᚾᛞᚢᚳᛖᛞ,399
tragulidae,7629,0,ᛏᚱᚪᚷᚢᛚᛁᛞᚫ,481
munitioned,7619,0,ᛗᚢᚾᛁᛏᛡᚾᛖᛞ,485
chuckhole,7616,0,ᚳᚻᚢᚳᚳᚻᚩᛚᛖ,235
hessonite,7611,0,ᚻᛖᛋᛋᚩᚾᛁᛏᛖ,389
needleful,7610,0,ᚾᛖᛖᛞᛚᛖᚠᚢᛚ,470
eightsome,7608,0,ᛖᛁᚷᚻᛏᛋᚩᛗᛖ,395
fructuous,7603,0,ᚠᚱᚢᚳᛏᚢᚩᚢᛋ,154
flashcube,7602,0,ᚠᛚᚪᛋᚻᚳᚢᛒᛖ,392
subtilizing,7600,0,ᛋᚢᛒᛏᛁᛚᛁᛋᛝ,443
chiseller,7600,0,ᚳᚻᛁᛋᛖᛚᛚᛖᚱ,411
leaderette,7576,0,ᛚᛠᛞᛖᚱᛖᛏᛏᛖ,601
revealable,7560,0,ᚱᛖᚢᛠᛚᚪᛒᛚᛖ,561
metatheses,7557,0,ᛗᛖᛏᚪᚦᛖᛋᛖᛋ,539
excerption,7557,0,ᛖᛉᚳᛖᚱᛈᛏᛡᚾ,443
ensconces,7556,0,ᛖᚾᛋᚳᚩᚾᚳᛖᛋ,331
honeylike,7553,0,ᚻᚩᚾᛖᚣᛚᛁᚳᛖ,413
unexpecting,7545,0,ᚢᚾᛖᛉᛈᛖᚳᛏᛝ,407
foaminess,7540,0,ᚠᚩᚪᛗᛁᚾᛖᛋᛋ,410
unthematic,7539,0,ᚢᚾᚦᛖᛗᚪᛏᛁᚳ,375
luridness,7535,0,ᛚᚢᚱᛁᛞᚾᛖᛋᛋ,409
girlhoods,7533,0,ᚷᛁᚱᛚᚻᚩᚩᛞᛋ,311
postwoman,7525,0,ᛈᚩᛋᛏᚹᚩᛗᚪᚾ,385
whinchats,7523,0,ᚹᚻᛁᚾᚳᚻᚪᛏᛋ,347
rewriters,7510,0,ᚱᛖᚹᚱᛁᛏᛖᚱᛋ,329
foresheet,7505,0,ᚠᚩᚱᛖᛋᚻᛖᛖᛏ,356
disinters,7476,0,ᛞᛁᛋᛁᚾᛏᛖᚱᛋ,423
triennials,7472,0,ᛏᚱᛁᛖᚾᚾᛡᛚᛋ,459
elsholtzia,7471,0,ᛖᛚᛋᚻᚩᛚᛏᛋᛡ,515
anywhither,7471,0,ᚪᚾᚣᚹᚻᛁᚦᛖᚱ,385
nervosity,7457,0,ᚾᛖᚱᚢᚩᛋᛁᛏᚣ,363
endoblast,7455,0,ᛖᚾᛞᚩᛒᛚᚪᛋᛏ,535
pandurate,7451,0,ᛈᚪᚾᛞᚢᚱᚪᛏᛖ,495
skyjacked,7450,0,ᛋᚳᚣᛂᚪᚳᚳᛖᛞ,485
stairfoot,7441,0,ᛋᛏᚪᛁᚱᚠᚩᚩᛏ,326
otoscopes,7418,0,ᚩᛏᚩᛋᚳᚩᛈᛖᛋ,309
holystoning,7417,0,ᚻᚩᛚᚣᛋᛏᚩᚾᛝ,433
scallawag,7412,0,ᛋᚳᚪᛚᛚᚪᚹᚪᚷ,539
silverish,7411,0,ᛋᛁᛚᚢᛖᚱᛁᛋᚻ,345
surmullet,7402,0,ᛋᚢᚱᛗᚢᛚᛚᛖᛏ,413
madrilene,7387,0,ᛗᚪᛞᚱᛁᛚᛖᚾᛖ,535
ghostlier,7387,0,ᚷᚻᚩᛋᛏᛚᛁᛖᚱ,341
unmelodic,7371,0,ᚢᚾᛗᛖᛚᚩᛞᛁᚳ,383
indisposing,7371,0,ᛁᚾᛞᛁᛋᛈᚩᛋᛝ,415
enheartening,7365,0,ᛖᚾᚻᛠᚱᛏᛖᚾᛝ,473
slowpokes,7357,0,ᛋᛚᚩᚹᛈᚩᚳᛖᛋ,335
flypapers,7356,0,ᚠᛚᚣᛈᚪᛈᛖᚱᛋ,492
viscachas,7355,0,ᚢᛁᛋᚳᚪᚳᚻᚪᛋ,383
suffrutex,7355,0,ᛋᚢᚠᚠᚱᚢᛏᛖᛉ,247
horologion,7353,0,ᚻᚩᚱᚩᛚᚩᚷᛡᚾ,281
arrangeable,7352,0,ᚪᚱᚱᚪᛝᛠᛒᛚᛖ,605
banefully,7350,0,ᛒᚪᚾᛖᚠᚢᛚᛚᚣ,508
abashedly,7348,0,ᚪᛒᚪᛋᚻᛖᛞᛚᚣ,663
tractably,7347,0,ᛏᚱᚪᚳᛏᚪᛒᛚᚣ,573
ossiculum,7331,0,ᚩᛋᛋᛁᚳᚢᛚᚢᛗ,307
forestays,7329,0,ᚠᚩᚱᛖᛋᛏᚪᚣᛋ,452
machinate,7328,0,ᛗᚪᚳᚻᛁᚾᚪᛏᛖ,487
dosshouse,7328,0,ᛞᚩᛋᛋᚻᚩᚢᛋᛖ,355
prosaical,7327,0,ᛈᚱᚩᛋᚪᛁᚳᚪᛚ,425
unaptness,7323,0,ᚢᚾᚪᛈᛏᚾᛖᛋᛋ,433
sherlocks,7310,0,ᛋᚻᛖᚱᛚᚩᚳᚳᛋ,313
agateware,7298,0,ᚪᚷᚪᛏᛖᚹᚪᚱᛖ,531
hemotoxic,7297,0,ᚻᛖᛗᚩᛏᚩᛉᛁᚳ,325
nonyielding,7294,0,ᚾᚩᚾᚣᛁᛖᛚᛞᛝ,507
foreshank,7292,0,ᚠᚩᚱᛖᛋᚻᚪᚾᚳ,302
bladdered,7281,0,ᛒᛚᚪᛞᛞᛖᚱᛖᛞ,643
pistolled,7279,0,ᛈᛁᛋᛏᚩᛚᛚᛖᛞ,495
lividness,7277,0,ᛚᛁᚢᛁᛞᚾᛖᛋᛋ,429
centenier,7269,0,ᚳᛖᚾᛏᛖᚾᛁᛖᚱ,373
whifflers,7268,0,ᚹᚻᛁᚠᚠᛚᛖᚱᛋ,281
chipolata,7264,0,ᚳᚻᛁᛈᚩᛚᚪᛏᚪ,443
scantness,7255,0,ᛋᚳᚪᚾᛏᚾᛖᛋᛋ,453
interlope,7255,0,ᛁᚾᛏᛖᚱᛚᚩᛈᛖ,387
griminess,7255,0,ᚷᚱᛁᛗᛁᚾᛖᛋᛋ,363
unmixedly,7254,0,ᚢᚾᛗᛁᛉᛖᛞᛚᚣ,513
droshkies,7250,0,ᛞᚱᚩᛋᚻᚳᛁᛖᛋ,347
eudaemonic,7236,0,ᛖᚢᛞᚫᛗᚩᚾᛁᚳ,411
cardcases,7235,0,ᚳᚪᚱᛞᚳᚪᛋᛖᛋ,493
impurpled,7228,0,ᛁᛗᛈᚢᚱᛈᛚᛖᛞ,431
jocundity,7226,0,ᛂᚩᚳᚢᚾᛞᛁᛏᚣ,371
glucinium,7224,0,ᚷᛚᚢᚳᛁᚾᛁᚢᛗ,271
dempsters,7222,0,ᛞᛖᛗᛈᛋᛏᛖᚱᛋ,513
cornhusking,7221,0,ᚳᚩᚱᚾᚻᚢᛋᚳᛝ,231
pickerels,7219,0,ᛈᛁᚳᚳᛖᚱᛖᛚᛋ,371
unbranching,7216,0,ᚢᚾᛒᚱᚪᚾᚳᚻᛝ,345
uniovulate,7210,0,ᚢᚾᛡᚢᚢᛚᚪᛏᛖ,441
disenable,7208,0,ᛞᛁᛋᛖᚾᚪᛒᛚᛖ,567
predigest,7202,0,ᛈᚱᛖᛞᛁᚷᛖᛋᛏ,437
krummhorn,7200,0,ᚳᚱᚢᛗᛗᚻᚩᚱᚾ,239
woodmonger,7196,0,ᚹᚩᚩᛞᛗᚩᛝᛖᚱ,357
unfeatured,7191,0,ᚢᚾᚠᛠᛏᚢᚱᛖᛞ,372
restharrow,7191,0,ᚱᛖᛋᚦᚪᚱᚱᚩᚹ,281
meliorists,7187,0,ᛗᛖᛚᛡᚱᛁᛋᛏᛋ,525
cavatinas,7185,0,ᚳᚪᚢᚪᛏᛁᚾᚪᛋ,479
unrumpled,7182,0,ᚢᚾᚱᚢᛗᛈᛚᛖᛞ,389
rockweeds,7181,0,ᚱᚩᚳᚳᚹᛖᛖᛞᛋ,339
tailgater,7180,0,ᛏᚪᛁᛚᚷᚪᛏᛖᚱ,511
justicers,7177,0,ᛂᚢᛋᛏᛁᚳᛖᚱᛋ,327
burdenous,7176,0,ᛒᚢᚱᛞᛖᚾᚩᚢᛋ,323
turnscrew,7166,0,ᛏᚢᚱᚾᛋᚳᚱᛖᚹ,265
deservers,7166,0,ᛞᛖᛋᛖᚱᚢᛖᚱᛋ,421
liquidize,7163,0,ᛚᛁᚳᚹᛁᛞᛁᛋᛖ,407
ascendingly,7162,0,ᚪᛋᚳᛖᚾᛞᛝᛚᚣ,603
recountal,7160,0,ᚱᛖᚳᚩᚢᚾᛏᚪᛚ,359
appendent,7160,0,ᚪᛈᛈᛖᚾᛞᛖᚾᛏ,523
depicture,7155,0,ᛞᛖᛈᛁᚳᛏᚢᚱᛖ,383
workmanly,7154,0,ᚹᚩᚱᚳᛗᚪᚾᛚᚣ,423
triumpher,7151,0,ᛏᚱᛁᚢᛗᛈᚻᛖᚱ,319
fulgurant,7147,0,ᚠᚢᛚᚷᚢᚱᚪᚾᛏ,294
gallanter,7144,0,ᚷᚪᛚᛚᚪᚾᛏᛖᚱ,523
demurrals,7142,0,ᛞᛖᛗᚢᚱᚱᚪᛚᛋ,475
alkalizer,7127,0,ᚪᛚᚳᚪᛚᛁᛋᛖᚱ,515
alpheratz,7118,0,ᚪᛚᛈᚻᛖᚱᚪᛏᛋ,523
indagator,7115,0,ᛁᚾᛞᚪᚷᚪᛏᚩᚱ,437
banditism,7106,0,ᛒᚪᚾᛞᛁᛏᛁᛋᛗ,521
savorless,7099,0,ᛋᚪᚢᚩᚱᛚᛖᛋᛋ,417
alimental,7095,0,ᚪᛚᛁᛗᛖᚾᛏᚪᛚ,597
nobelists,7094,0,ᚾᚩᛒᛖᛚᛁᛋᛏᛋ,433
choppered,7083,0,ᚳᚻᚩᛈᛈᛖᚱᛖᛞ,363
lankiness,7073,0,ᛚᚪᚾᚳᛁᚾᛖᛋᛋ,445
havelocks,7070,0,ᚻᚪᚢᛖᛚᚩᚳᚳᛋ,349
duplexity,7069,0,ᛞᚢᛈᛚᛖᛉᛁᛏᚣ,515
sectarism,7068,0,ᛋᛖᚳᛏᚪᚱᛁᛋᛗ,455
assuasive,7066,0,ᚪᛋᛋᚢᚪᛋᛁᚢᛖ,457
thingamajigs,7061,0,ᚦᛝᚪᛗᚪᛂᛁᚷᛋ,487
handballs,7060,0,ᚻᚪᚾᛞᛒᚪᛚᛚᛋ,595
subluxate,7055,0,ᛋᚢᛒᛚᚢᛉᚪᛏᛖ,463
peperomias,7048,0,ᛈᛖᛈᛖᚱᚩᛗᛡᛋ,469
degaussed,7045,0,ᛞᛖᚷᚪᚢᛋᛋᛖᛞ,535
hydroptic,7044,0,ᚻᚣᛞᚱᚩᛈᛏᛁᚳ,379
tesselate,7036,0,ᛏᛖᛋᛋᛖᛚᚪᛏᛖ,595
overrulings,7034,0,ᚩᚢᛖᚱᚱᚢᛚᛝᛋ,307
mitraille,7034,0,ᛗᛁᛏᚱᚪᛁᛚᛚᛖ,513
verdantly,7027,0,ᚢᛖᚱᛞᚪᚾᛏᛚᚣ,531
picaninny,7016,0,ᛈᛁᚳᚪᚾᛁᚾᚾᚣ,405
monovular,7014,0,ᛗᚩᚾᚩᚢᚢᛚᚪᚱ,301
glitterings,7009,0,ᚷᛚᛁᛏᛏᛖᚱᛝᛋ,449
funguslike,6999,0,ᚠᚢᛝᚢᛋᛚᛁᚳᛖ,324
cardamons,6994,0,ᚳᚪᚱᛞᚪᛗᚩᚾᛋ,467
hilliness,6991,0,ᚻᛁᛚᛚᛁᚾᛖᛋᛋ,433
lavatorial,6986,0,ᛚᚪᚢᚪᛏᚩᚱᛡᛚ,527
exceptious,6982,0,ᛖᛉᚳᛖᛈᛏᛡᚢᛋ,459
cataphyll,6982,0,ᚳᚪᛏᚪᛈᚻᚣᛚᛚ,581
pyramidic,6975,0,ᛈᚣᚱᚪᛗᛁᛞᛁᚳ,489
propontic,6972,0,ᛈᚱᚩᛈᚩᚾᛏᛁᚳ,243
complexer,6965,0,ᚳᚩᛗᛈᛚᛖᛉᛖᚱ,399
claptraps,6965,0,ᚳᛚᚪᛈᛏᚱᚪᛈᛋ,489
reedified,6964,0,ᚱᛖᛖᛞᛁᚠᛁᛖᛞ,454
rupestral,6963,0,ᚱᚢᛈᛖᛋᛏᚱᚪᛚ,417
chainwork,6962,0,ᚳᚻᚪᛁᚾᚹᚩᚱᚳ,243
trinacrian,6961,0,ᛏᚱᛁᚾᚪᚳᚱᛡᚾ,387
vandalise,6960,0,ᚢᚪᚾᛞᚪᛚᛁᛋᛖ,539
greenweed,6957,0,ᚷᚱᛖᛖᚾᚹᛖᛖᛞ,433
untrussed,6956,0,ᚢᚾᛏᚱᚢᛋᛋᛖᛞ,367
polyphone,6956,0,ᛈᚩᛚᚣᛈᚻᚩᚾᛖ,395
wooliness,6942,0,ᚹᚩᚩᛚᛁᚾᛖᛋᛋ,339
fustiness,6933,0,ᚠᚢᛋᛏᛁᚾᛖᛋᛋ,350
acceptive,6930,0,ᚪᚳᚳᛖᛈᛏᛁᚢᛖ,393
muttonhead,6926,0,ᛗᚢᛏᛏᚩᚾᚻᛠᛞ,449
computist,6924,0,ᚳᚩᛗᛈᚢᛏᛁᛋᛏ,339
recomfort,6918,0,ᚱᛖᚳᚩᛗᚠᚩᚱᛏ,248
dartagnan,6916,0,ᛞᚪᚱᛏᚪᚷᚾᚪᚾ,525
thiouracils,6909,0,ᚦᛡᚢᚱᚪᚳᛁᛚᛋ,393
gemutlich,6909,0,ᚷᛖᛗᚢᛏᛚᛁᚳᚻ,357
lapidarian,6897,0,ᛚᚪᛈᛁᛞᚪᚱᛡᚾ,577
cardamums,6895,0,ᚳᚪᚱᛞᚪᛗᚢᛗᛋ,505
educables,6894,0,ᛖᛞᚢᚳᚪᛒᛚᛖᛋ,523
nathelesse,6884,0,ᚾᚪᚦᛖᛚᛖᛋᛋᛖ,511
forcemeats,6883,0,ᚠᚩᚱᚳᛖᛗᛠᛏᛋ,392
bullyboys,6848,0,ᛒᚢᛚᛚᚣᛒᚩᚣᛋ,537
motherlike,6846,0,ᛗᚩᚦᛖᚱᛚᛁᚳᛖ,345
bridesmen,6846,0,ᛒᚱᛁᛞᛖᛋᛗᛖᚾ,479
kleenexes,6841,0,ᚳᛚᛖᛖᚾᛖᛉᛖᛋ,483
gadabouts,6837,0,ᚷᚪᛞᚪᛒᚩᚢᛏᛋ,483
accentors,6835,0,ᚪᚳᚳᛖᚾᛏᚩᚱᛋ,349
brawniest,6834,0,ᛒᚱᚪᚹᚾᛁᛖᛋᛏ,427
clubbists,6826,0,ᚳᛚᚢᛒᛒᛁᛋᛏᛋ,407
sappiness,6816,0,ᛋᚪᛈᛈᛁᚾᛖᛋᛋ,469
plenarily,6815,0,ᛈᛚᛖᚾᚪᚱᛁᛚᚣ,527
requitals,6809,0,ᚱᛖᚳᚹᛁᛏᚪᛚᛋ,423
crossjack,6809,0,ᚳᚱᚩᛋᛋᛂᚪᚳᚳ,297
drollness,6806,0,ᛞᚱᚩᛚᛚᚾᛖᛋᛋ,455
washwomen,6804,0,ᚹᚪᛋᚻᚹᚩᛗᛖᚾ,385
paroicous,6803,0,ᛈᚪᚱᚩᛁᚳᚩᚢᛋ,265
zoologies,6800,0,ᛋᚩᚩᛚᚩᚷᛁᛖᛋ,315
naiveness,6795,0,ᚾᚪᛁᚢᛖᚾᛖᛋᛋ,429
colligate,6795,0,ᚳᚩᛚᛚᛁᚷᚪᛏᛖ,437
catchalls,6790,0,ᚳᚪᛏᚳᚻᚪᛚᛚᛋ,501
resinlike,6787,0,ᚱᛖᛋᛁᚾᛚᛁᚳᛖ,375
stinkpots,6784,0,ᛋᛏᛁᚾᚳᛈᚩᛏᛋ,347
schnozzle,6779,0,ᛋᚳᚻᚾᚩᛋᛋᛚᛖ,371
bigotedly,6770,0,ᛒᛁᚷᚩᛏᛖᛞᛚᚣ,507
clerihews,6764,0,ᚳᛚᛖᚱᛁᚻᛖᚹᛋ,357
fatherlike,6763,0,ᚠᚪᚦᛖᚱᛚᛁᚳᛖ,366
selfhoods,6755,0,ᛋᛖᛚᚠᚻᚩᚩᛞᛋ,374
pathbreaker,6753,0,ᛈᚪᚦᛒᚱᛠᚳᛖᚱ,417
unfatherly,6743,0,ᚢᚾᚠᚪᚦᛖᚱᛚᚣ,390
arizonians,6728,0,ᚪᚱᛁᛋᚩᚾᛡᚾᛋ,417
thieveries,6722,0,ᚦᛁᛖᚢᛖᚱᛁᛖᛋ,335
tympanist,6721,0,ᛏᚣᛗᛈᚪᚾᛁᛋᛏ,545
legginess,6718,0,ᛚᛖᚷᚷᛁᚾᛖᛋᛋ,407
undernote,6712,0,ᚢᚾᛞᛖᚱᚾᚩᛏᛖ,361
depainted,6712,0,ᛞᛖᛈᚪᛁᚾᛏᛖᛞ,571
calamanco,6692,0,ᚳᚪᛚᚪᛗᚪᚾᚳᚩ,497
beefiness,6690,0,ᛒᛖᛖᚠᛁᚾᛖᛋᛋ,430
tacamahac,6687,0,ᛏᚪᚳᚪᛗᚪᚻᚪᚳ,567
lancelike,6686,0,ᛚᚪᚾᚳᛖᛚᛁᚳᛖ,463
didelphid,6685,0,ᛞᛁᛞᛖᛚᛈᚻᛁᛞ,535
lamebrain,6674,0,ᛚᚪᛗᛖᛒᚱᚪᛁᚾ,537
dispirits,6674,0,ᛞᛁᛋᛈᛁᚱᛁᛏᛋ,401
wormwoods,6661,0,ᚹᚩᚱᛗᚹᚩᚩᛞᛋ,283
presbyope,6661,0,ᛈᚱᛖᛋᛒᚣᚩᛈᛖ,455
wardmotes,6656,0,ᚹᚪᚱᛞᛗᚩᛏᛖᛋ,473
jailbreaks,6649,0,ᛂᚪᛁᛚᛒᚱᛠᚳᛋ,485
mysophobia,6648,0,ᛗᚣᛋᚩᛈᚻᚩᛒᛡ,475
unfaceted,6636,0,ᚢᚾᚠᚪᚳᛖᛏᛖᛞ,426
drivelled,6636,0,ᛞᚱᛁᚢᛖᛚᛚᛖᛞ,503
habergeons,6632,0,ᚻᚪᛒᛖᚱᚷᛇᚾᛋ,399
commender,6628,0,ᚳᚩᛗᛗᛖᚾᛞᛖᚱ,425
lifeworks,6627,0,ᛚᛁᚠᛖᚹᚩᚱᚳᛋ,276
misprised,6622,0,ᛗᛁᛋᛈᚱᛁᛋᛖᛞ,449
unpapered,6619,0,ᚢᚾᛈᚪᛈᛖᚱᛖᛞ,449
euphuisms,6613,0,ᛖᚢᛈᚻᚢᛁᛋᛗᛋ,347
psalterion,6610,0,ᛈᛋᚪᛚᛏᛖᚱᛡᚾ,539
slaveless,6598,0,ᛋᛚᚪᚢᛖᛚᛖᛋᛋ,539
moustachio,6584,0,ᛗᚩᚢᛋᛏᚪᚳᚻᛡ,433
horsecloth,6580,0,ᚻᚩᚱᛋᛖᚳᛚᚩᚦ,259
gearshifts,6580,0,ᚷᛠᚱᛋᚻᛁᚠᛏᛋ,358
decadency,6580,0,ᛞᛖᚳᚪᛞᛖᚾᚳᚣ,567
unsolaced,6576,0,ᚢᚾᛋᚩᛚᚪᚳᛖᛞ,431
arability,6576,0,ᚪᚱᚪᛒᛁᛚᛁᛏᚣ,563
sclaunder,6574,0,ᛋᚳᛚᚪᚢᚾᛞᛖᚱ,435
machinating,6570,0,ᛗᚪᚳᚻᛁᚾᚪᛏᛝ,499
defalcate,6566,0,ᛞᛖᚠᚪᛚᚳᚪᛏᛖ,564
obsidional,6565,0,ᚩᛒᛋᛁᛞᛡᚾᚪᛚ,547
bootjacks,6565,0,ᛒᚩᚩᛏᛂᚪᚳᚳᛋ,347
murmuringly,6562,0,ᛗᚢᚱᛗᚢᚱᛝᛚᚣ,425
pickwicks,6558,0,ᛈᛁᚳᚳᚹᛁᚳᚳᛋ,229
bergamots,6553,0,ᛒᛖᚱᚷᚪᛗᚩᛏᛋ,443
maximation,6552,0,ᛗᚪᛉᛁᛗᚪᛏᛡᚾ,609
cogitable,6546,0,ᚳᚩᚷᛁᛏᚪᛒᛚᛖ,425
telescopy,6543,0,ᛏᛖᛚᛖᛋᚳᚩᛈᚣ,485
ungarnered,6541,0,ᚢᛝᚪᚱᚾᛖᚱᛖᛞ,453
noviciates,6538,0,ᚾᚩᚢᛁᚳᛡᛏᛖᛋ,369
russianize,6536,0,ᚱᚢᛋᛋᛡᚾᛁᛋᛖ,407
poppyheads,6523,0,ᛈᚩᛈᛈᚣᚻᛠᛞᛋ,513
spininess,6521,0,ᛋᛈᛁᚾᛁᚾᛖᛋᛋ,389
tailbacks,6503,0,ᛏᚪᛁᛚᛒᚪᚳᚳᛋ,497
monticule,6495,0,ᛗᚩᚾᛏᛁᚳᚢᛚᛖ,353
slapjacks,6492,0,ᛋᛚᚪᛈᛂᚪᚳᚳᛋ,479
buttocked,6492,0,ᛒᚢᛏᛏᚩᚳᚳᛖᛞ,371
paedagogic,6487,0,ᛈᚫᛞᚪᚷᚩᚷᛁᚳ,415
overboiling,6483,0,ᚩᚢᛖᚱᛒᚩᛁᛚᛝ,339
concentring,6481,0,ᚳᚩᚾᚳᛖᚾᛏᚱᛝ,307
muzziness,6476,0,ᛗᚢᛋᛋᛁᚾᛖᛋᛋ,413
harrumphs,6473,0,ᚻᚪᚱᚱᚢᛗᛈᚻᛋ,335
walkovers,6471,0,ᚹᚪᛚᚳᚩᚢᛖᚱᛋ,343
vulcanise,6471,0,ᚢᚢᛚᚳᚪᚾᛁᛋᛖ,369
telamones,6465,0,ᛏᛖᛚᚪᛗᚩᚾᛖᛋ,523
overcolor,6465,0,ᚩᚢᛖᚱᚳᚩᛚᚩᚱ,199
waistless,6464,0,ᚹᚪᛁᛋᛏᛚᛖᛋᛋ,505
prudences,6464,0,ᛈᚱᚢᛞᛖᚾᚳᛖᛋ,375
unconsuming,6461,0,ᚢᚾᚳᚩᚾᛋᚢᛗᛝ,287
ambuscado,6460,0,ᚪᛗᛒᚢᛋᚳᚪᛞᚩ,491
tramplers,6449,0,ᛏᚱᚪᛗᛈᛚᛖᚱᛋ,485
petronels,6441,0,ᛈᛖᛏᚱᚩᚾᛖᛚᛋ,409
unpeaceable,6436,0,ᚢᚾᛈᛠᚳᛠᛒᛚᛖ,507
suborners,6430,0,ᛋᚢᛒᚩᚱᚾᛖᚱᛋ,295
tablemate,6427,0,ᛏᚪᛒᛚᛖᛗᚪᛏᛖ,651
unsugared,6420,0,ᚢᚾᛋᚢᚷᚪᚱᛖᛞ,369
diesinker,6420,0,ᛞᛁᛖᛋᛁᚾᚳᛖᚱ,391
nonextant,6403,0,ᚾᚩᚾᛖᛉᛏᚪᚾᛏ,423
bestarred,6399,0,ᛒᛖᛋᛏᚪᚱᚱᛖᛞ,515
nyctimene,6385,0,ᚾᚣᚳᛏᛁᛗᛖᚾᛖ,469
euphemize,6381,0,ᛖᚢᛈᚻᛖᛗᛁᛋᛖ,425
crucifier,6375,0,ᚳᚱᚢᚳᛁᚠᛁᛖᚱ,182
neglecter,6365,0,ᚾᛖᚷᛚᛖᚳᛏᛖᚱ,403
septentrio,6360,0,ᛋᛖᛈᛏᛖᚾᛏᚱᛡ,495
atonalism,6353,0,ᚪᛏᚩᚾᚪᛚᛁᛋᛗ,517
bodements,6350,0,ᛒᚩᛞᛖᛗᛖᚾᛏᛋ,503
imbrowned,6341,0,ᛁᛗᛒᚱᚩᚹᚾᛖᛞ,385
locoweeds,6340,0,ᛚᚩᚳᚩᚹᛖᛖᛞᛋ,395
firebrats,6339,0,ᚠᛁᚱᛖᛒᚱᚪᛏᛋ,392
predellas,6334,0,ᛈᚱᛖᛞᛖᛚᛚᚪᛋ,573
scrappily,6332,0,ᛋᚳᚱᚪᛈᛈᛁᛚᚣ,467
unsnarled,6330,0,ᚢᚾᛋᚾᚪᚱᛚᛖᛞ,451
rosewoods,6324,0,ᚱᚩᛋᛖᚹᚩᚩᛞᛋ,313
lickpenny,6324,0,ᛚᛁᚳᚳᛈᛖᚾᚾᚣ,401
chicories,6317,0,ᚳᚻᛁᚳᚩᚱᛁᛖᛋ,249
anamneses,6316,0,ᚪᚾᚪᛗᚾᛖᛋᛖᛋ,563
heathenesse,6312,0,ᚻᛠᚦᛖᚾᛖᛋᛋᛖ,473
extolment,6306,0,ᛖᛉᛏᚩᛚᛗᛖᚾᛏ,479
corniness,6305,0,ᚳᚩᚱᚾᛁᚾᛖᛋᛋ,293
disenthral,6302,0,ᛞᛁᛋᛖᚾᚦᚱᚪᛚ,455
downiness,6291,0,ᛞᚩᚹᚾᛁᚾᛖᛋᛋ,377
apparents,6282,0,ᚪᛈᛈᚪᚱᛖᚾᛏᛋ,499
wyomingites,6272,0,ᚹᚣᚩᛗᛝᛁᛏᛖᛋ,489
totteringly,6269,0,ᛏᚩᛏᛏᛖᚱᛝᛚᚣ,517
unseemingly,6264,0,ᚢᚾᛋᛖᛖᛗᛝᛚᚣ,545
myriameter,6260,0,ᛗᚣᚱᛡᛗᛖᛏᛖᚱ,567
cookeries,6259,0,ᚳᚩᚩᚳᛖᚱᛁᛖᛋ,269
tumblebug,6258,0,ᛏᚢᛗᛒᛚᛖᛒᚢᚷ,415
bluebeards,6256,0,ᛒᛚᚢᛖᛒᛠᚱᛞᛋ,527
maulstick,6254,0,ᛗᚪᚢᛚᛋᛏᛁᚳᚳ,413
tyrocidin,6249,0,ᛏᚣᚱᚩᚳᛁᛞᛁᚾ,373
orrisroot,6244,0,ᚩᚱᚱᛁᛋᚱᚩᚩᛏ,197
bushbucks,6241,0,ᛒᚢᛋᚻᛒᚢᚳᚳᛋ,283
vocalizer,6234,0,ᚢᚩᚳᚪᛚᛁᛋᛖᚱ,355
refinedly,6231,0,ᚱᛖᚠᛁᚾᛖᛞᛚᚣ,472
prerecord,6231,0,ᛈᚱᛖᚱᛖᚳᚩᚱᛞ,319
woodmouse,6218,0,ᚹᚩᚩᛞᛗᚩᚢᛋᛖ,323
enfilades,6209,0,ᛖᚾᚠᛁᛚᚪᛞᛖᛋ,508
misogynic,6206,0,ᛗᛁᛋᚩᚷᚣᚾᛁᚳ,355
fathership,6202,0,ᚠᚪᚦᛖᚱᛋᚻᛁᛈ,332
toughener,6198,0,ᛏᚩᚢᚷᚻᛖᚾᛖᚱ,283
venerator,6193,0,ᚢᛖᚾᛖᚱᚪᛏᚩᚱ,351
estrangers,6193,0,ᛖᛋᛏᚱᚪᛝᛖᚱᛋ,497
impostume,6178,0,ᛁᛗᛈᚩᛋᛏᚢᛗᛖ,405
overstuff,6176,0,ᚩᚢᛖᚱᛋᛏᚢᚠᚠ,207
overshade,6176,0,ᚩᚢᛖᚱᛋᚻᚪᛞᛖ,417
dottiness,6174,0,ᛞᚩᛏᛏᛁᚾᛖᛋᛋ,447
archaists,6174,0,ᚪᚱᚳᚻᚪᛁᛋᛏᛋ,437
avertable,6173,0,ᚪᚢᛖᚱᛏᚪᛒᛚᛖ,535
stuffiest,6171,0,ᛋᛏᚢᚠᚠᛁᛖᛋᛏ,329
corposant,6166,0,ᚳᚩᚱᛈᚩᛋᚪᚾᛏ,319
scabellum,6164,0,ᛋᚳᚪᛒᛖᛚᛚᚢᛗ,511
heteronym,6152,0,ᚻᛖᛏᛖᚱᚩᚾᚣᛗ,437
iminazole,6149,0,ᛁᛗᛁᚾᚪᛋᚩᛚᛖ,459
silverlings,6147,0,ᛋᛁᛚᚢᛖᚱᛚᛝᛋ,443
malaprops,6144,0,ᛗᚪᛚᚪᛈᚱᚩᛈᛋ,495
cassareep,6136,0,ᚳᚪᛋᛋᚪᚱᛖᛖᛈ,501
chamaeleons,6135,0,ᚳᚻᚪᛗᚫᛚᛇᚾᛋ,501
octameter,6129,0,ᚩᚳᛏᚪᛗᛖᛏᛖᚱ,451
scorpaenid,6122,0,ᛋᚳᚩᚱᛈᚫᚾᛁᛞ,377
philomaths,6122,0,ᛈᚻᛁᛚᚩᛗᚪᚦᛋ,403
prettyish,6121,0,ᛈᚱᛖᛏᛏᚣᛁᛋᚻ,449
colleagued,6119,0,ᚳᚩᛚᛚᛠᚷᚢᛖᛞ,451
schmoozer,6118,0,ᛋᚳᚻᛗᚩᚩᛋᛖᚱ,305
urtication,6116,0,ᚢᚱᛏᛁᚳᚪᛏᛡᚾ,409
solicitings,6112,0,ᛋᚩᛚᛁᚳᛁᛏᛝᛋ,399
tenonitis,6109,0,ᛏᛖᚾᚩᚾᛁᛏᛁᛋ,365
japaneses,6108,0,ᛂᚪᛈᚪᚾᛖᛋᛖᛋ,543
bloodwort,6097,0,ᛒᛚᚩᚩᛞᚹᚩᚱᛏ,333
crankiest,6090,0,ᚳᚱᚪᚾᚳᛁᛖᛋᛏ,373
maharanis,6080,0,ᛗᚪᚻᚪᚱᚪᚾᛁᛋ,509
jaculator,6076,0,ᛂᚪᚳᚢᛚᚪᛏᚩᚱ,397
spaciness,6069,0,ᛋᛈᚪᚳᛁᚾᛖᛋᛋ,439
briticism,6056,0,ᛒᚱᛁᛏᛁᚳᛁᛋᛗ,361
coryphees,6053,0,ᚳᚩᚱᚣᛈᚻᛖᛖᛋ,387
nosedives,6052,0,ᚾᚩᛋᛖᛞᛁᚢᛖᛋ,399
utterness,6043,0,ᚢᛏᛏᛖᚱᚾᛖᛋᛋ,401
intrigant,6030,0,ᛁᚾᛏᚱᛁᚷᚪᚾᛏ,363
inwrapped,6017,0,ᛁᚾᚹᚱᚪᛈᛈᛖᛞ,429
confesser,6017,0,ᚳᚩᚾᚠᛖᛋᛋᛖᚱ,302
misshapes,6011,0,ᛗᛁᛋᛋᚻᚪᛈᛖᛋ,491
jeroboams,6010,0,ᛂᛖᚱᚩᛒᚩᚪᛗᛋ,411
foremasts,6001,0,ᚠᚩᚱᛖᛗᚪᛋᛏᛋ,420
woodworms,5994,0,ᚹᚩᚩᛞᚹᚩᚱᛗᛋ,283
unrealness,5994,0,ᚢᚾᚱᛠᛚᚾᛖᛋᛋ,427
starworts,5992,0,ᛋᛏᚪᚱᚹᚩᚱᛏᛋ,369
moschatel,5990,0,ᛗᚩᛋᚳᚻᚪᛏᛖᛚ,463
chlamydias,5987,0,ᚳᚻᛚᚪᛗᚣᛞᛡᛋ,629
analogist,5985,0,ᚪᚾᚪᛚᚩᚷᛁᛋᛏ,463
wordbooks,5984,0,ᚹᚩᚱᛞᛒᚩᚩᚳᛋ,267
forgivers,5973,0,ᚠᚩᚱᚷᛁᚢᛖᚱᛋ,202
furriness,5962,0,ᚠᚢᚱᚱᛁᚾᛖᛋᛋ,260
palavered,5957,0,ᛈᚪᛚᚪᚢᛖᚱᛖᛞ,547
overproud,5947,0,ᚩᚢᛖᚱᛈᚱᚩᚢᛞ,241
drowsiest,5941,0,ᛞᚱᚩᚹᛋᛁᛖᛋᛏ,389
ulteriorly,5940,0,ᚢᛚᛏᛖᚱᛡᚱᛚᚣ,507
sweepable,5940,0,ᛋᚹᛖᛖᛈᚪᛒᛚᛖ,547
whiteweed,5938,0,ᚹᚻᛁᛏᛖᚹᛖᛖᛞ,441
anybodies,5937,0,ᚪᚾᚣᛒᚩᛞᛁᛖᛋ,537
nipperkin,5931,0,ᚾᛁᛈᛈᛖᚱᚳᛁᚾ,297
needments,5918,0,ᚾᛖᛖᛞᛗᛖᚾᛏᛋ,531
mahlstick,5905,0,ᛗᚪᚻᛚᛋᛏᛁᚳᚳ,433
twinberry,5904,0,ᛏᚹᛁᚾᛒᛖᚱᚱᚣ,391
deerberry,5902,0,ᛞᛖᛖᚱᛒᛖᚱᚱᚣ,487
firewoods,5896,0,ᚠᛁᚱᛖᚹᚩᚩᛞᛋ,286
plenarium,5885,0,ᛈᛚᛖᚾᚪᚱᛁᚢᛗ,425
conferrer,5884,0,ᚳᚩᚾᚠᛖᚱᚱᛖᚱ,218
stockpots,5870,0,ᛋᛏᚩᚳᚳᛈᚩᛏᛋ,307
flanneled,5868,0,ᚠᛚᚪᚾᚾᛖᛚᛖᛞ,526
unannoyed,5867,0,ᚢᚾᚪᚾᚾᚩᚣᛖᛞ,453
paedagogue,5859,0,ᛈᚫᛞᚪᚷᚩᚷᚢᛖ,441
eutrapelia,5849,0,ᛖᚢᛏᚱᚪᛈᛖᛚᛡ,527
dejeuners,5831,0,ᛞᛖᛂᛖᚢᚾᛖᚱᛋ,423
ravissant,5820,0,ᚱᚪᚢᛁᛋᛋᚪᚾᛏ,433
scorpionis,5819,0,ᛋᚳᚩᚱᛈᛡᚾᛁᛋ,347
cliffhanging,5811,0,ᚳᛚᛁᚠᚠᚻᚪᛝᛝ,399
historied,5808,0,ᚻᛁᛋᛏᚩᚱᛁᛖᛞ,371
unblasted,5806,0,ᚢᚾᛒᛚᚪᛋᛏᛖᛞ,531
proscript,5806,0,ᛈᚱᚩᛋᚳᚱᛁᛈᛏ,271
medresseh,5801,0,ᛗᛖᛞᚱᛖᛋᛋᛖᚻ,501
dewlapped,5801,0,ᛞᛖᚹᛚᚪᛈᛈᛖᛞ,587
backstair,5801,0,ᛒᚪᚳᚳᛋᛏᚪᛁᚱ,435
rooftrees,5797,0,ᚱᚩᚩᚠᛏᚱᛖᛖᛋ,284
buttinsky,5792,0,ᛒᚢᛏᛏᛁᚾᛋᚳᚣ,411
cuartillo,5787,0,ᚳᚢᚪᚱᛏᛁᛚᛚᚩ,367
abruptions,5786,0,ᚪᛒᚱᚢᛈᛏᛡᚾᛋ,463
peutingerian,5773,0,ᛈᛖᚢᛏᛝᛖᚱᛡᚾ,465
inthralled,5767,0,ᛁᚾᚦᚱᚪᛚᛚᛖᛞ,475
recurvate,5765,0,ᚱᛖᚳᚢᚱᚢᚪᛏᛖ,331
peopleless,5758,0,ᛈᛇᛈᛚᛖᛚᛖᛋᛋ,513
refreshen,5757,0,ᚱᛖᚠᚱᛖᛋᚻᛖᚾ,330
outspeeding,5755,0,ᚩᚢᛏᛋᛈᛖᛖᛞᛝ,467
mongrelism,5749,0,ᛗᚩᛝᚱᛖᛚᛁᛋᛗ,463
bridecake,5744,0,ᛒᚱᛁᛞᛖᚳᚪᚳᛖ,449
enlivener,5742,0,ᛖᚾᛚᛁᚢᛖᚾᛖᚱ,377
coonskins,5741,0,ᚳᚩᚩᚾᛋᚳᛁᚾᛋ,235
shadowily,5736,0,ᛋᚻᚪᛞᚩᚹᛁᛚᚣ,495
brominate,5736,0,ᛒᚱᚩᛗᛁᚾᚪᛏᛖ,433
poincianas,5725,0,ᛈᚩᛁᚾᚳᛡᚾᚪᛋ,409
scrawnier,5706,0,ᛋᚳᚱᚪᚹᚾᛁᛖᚱ,331
misdoubts,5693,0,ᛗᛁᛋᛞᚩᚢᛒᛏᛋ,427
autocoids,5692,0,ᚪᚢᛏᚩᚳᚩᛁᛞᛋ,359
sermonise,5676,0,ᛋᛖᚱᛗᚩᚾᛁᛋᛖ,389
drayhorse,5669,0,ᛞᚱᚪᚣᚻᚩᚱᛋᛖ,461
singularize,5639,0,ᛋᛝᚢᛚᚪᚱᛁᛋᛖ,467
cogitator,5632,0,ᚳᚩᚷᛁᛏᚪᛏᚩᚱ,301
signiories,5629,0,ᛋᛁᚷᚾᛡᚱᛁᛖᛋ,399
unmenaced,5628,0,ᚢᚾᛗᛖᚾᚪᚳᛖᛞ,465
skeltonic,5626,0,ᛋᚳᛖᛚᛏᚩᚾᛁᚳ,345
flowerage,5625,0,ᚠᛚᚩᚹᛖᚱᚪᚷᛖ,360
bionomical,5625,0,ᛒᛡᚾᚩᛗᛁᚳᚪᛚ,489
dextrorse,5609,0,ᛞᛖᛉᛏᚱᚩᚱᛋᛖ,411
sacculate,5608,0,ᛋᚪᚳᚳᚢᛚᚪᛏᛖ,475
cauterant,5600,0,ᚳᚪᚢᛏᛖᚱᚪᚾᛏ,435
trisector,5599,0,ᛏᚱᛁᛋᛖᚳᛏᚩᚱ,311
copycatting,5594,0,ᚳᚩᛈᚣᚳᚪᛏᛏᛝ,473
uropygium,5592,0,ᚢᚱᚩᛈᚣᚷᛁᚢᛗ,289
symposiast,5587,0,ᛋᚣᛗᛈᚩᛋᛡᛋᛏ,549
knotweeds,5571,0,ᚳᚾᚩᛏᚹᛖᛖᛞᛋ,403
batholitic,5569,0,ᛒᚪᚦᚩᛚᛁᛏᛁᚳ,377
coiffeuse,5564,0,ᚳᚩᛁᚠᚠᛖᚢᛋᛖ,245
auriscope,5559,0,ᚪᚢᚱᛁᛋᚳᚩᛈᛖ,325
unbigoted,5534,0,ᚢᚾᛒᛁᚷᚩᛏᛖᛞ,363
reedbirds,5525,0,ᚱᛖᛖᛞᛒᛁᚱᛞᛋ,479
cornishes,5507,0,ᚳᚩᚱᚾᛁᛋᚻᛖᛋ,287
aphanites,5506,0,ᚪᛈᚻᚪᚾᛁᛏᛖᛋ,499
confervas,5500,0,ᚳᚩᚾᚠᛖᚱᚢᚪᛋ,282
garroters,5498,0,ᚷᚪᚱᚱᚩᛏᛖᚱᛋ,333
furfurals,5496,0,ᚠᚢᚱᚠᚢᚱᚪᛚᛋ,255
hungriness,5489,0,ᚻᚢᛝᚱᛁᚾᛖᛋᛋ,349
medicined,5488,0,ᛗᛖᛞᛁᚳᛁᚾᛖᛞ,487
altercate,5486,0,ᚪᛚᛏᛖᚱᚳᚪᛏᛖ,543
poorwills,5485,0,ᛈᚩᚩᚱᚹᛁᛚᛚᛋ,317
objurgate,5478,0,ᚩᛒᛂᚢᚱᚷᚪᛏᛖ,359
aphyllous,5471,0,ᚪᛈᚻᚣᛚᛚᚩᚢᛋ,475
canfields,5464,0,ᚳᚪᚾᚠᛁᛖᛚᛞᛋ,454
decalitre,5461,0,ᛞᛖᚳᚪᛚᛁᛏᚱᛖ,507
squawbush,5457,0,ᛋᚳᚹᚪᚹᛒᚢᛋᚻ,341
quadrated,5445,0,ᚳᚹᚪᛞᚱᚪᛏᛖᛞ,541
gothicised,5443,0,ᚷᚩᚦᛁᚳᛁᛋᛖᛞ,313
signorine,5439,0,ᛋᛁᚷᚾᚩᚱᛁᚾᛖ,275
narcotising,5439,0,ᚾᚪᚱᚳᚩᛏᛁᛋᛝ,379
jadedness,5430,0,ᛂᚪᛞᛖᛞᚾᛖᛋᛋ,581
cacodemon,5430,0,ᚳᚪᚳᚩᛞᛖᛗᚩᚾ,393
domicella,5429,0,ᛞᚩᛗᛁᚳᛖᛚᛚᚪ,521
sparingness,5428,0,ᛋᛈᚪᚱᛝᚾᛖᛋᛋ,485
underbreath,5427,0,ᚢᚾᛞᛖᚱᛒᚱᛠᚦ,385
gridlocks,5426,0,ᚷᚱᛁᛞᛚᚩᚳᚳᛋ,307
raininess,5425,0,ᚱᚪᛁᚾᛁᚾᛖᛋᛋ,401
hawsehole,5425,0,ᚻᚪᚹᛋᛖᚻᚩᛚᛖ,429
privatest,5423,0,ᛈᚱᛁᚢᚪᛏᛖᛋᛏ,423
didactive,5414,0,ᛞᛁᛞᚪᚳᛏᛁᚢᛖ,479
zoophytic,5397,0,ᛋᚩᚩᛈᚻᚣᛏᛁᚳ,339
hebdomads,5397,0,ᚻᛖᛒᛞᚩᛗᚪᛞᛋ,557
pudginess,5395,0,ᛈᚢᛞᚷᛁᚾᛖᛋᛋ,385
dismalest,5388,0,ᛞᛁᛋᛗᚪᛚᛖᛋᛏ,593
unconsoling,5386,0,ᚢᚾᚳᚩᚾᛋᚩᛚᛝ,293
penlights,5383,0,ᛈᛖᚾᛚᛁᚷᚻᛏᛋ,395
leechlike,5378,0,ᛚᛖᛖᚳᚻᛚᛁᚳᛖ,427
asteriated,5362,0,ᚪᛋᛏᛖᚱᛡᛏᛖᛞ,609
synaptase,5357,0,ᛋᚣᚾᚪᛈᛏᚪᛋᛖ,601
forrarder,5357,0,ᚠᚩᚱᚱᚪᚱᛞᛖᚱ,306
sextuplex,5352,0,ᛋᛖᛉᛏᚢᛈᛚᛖᛉ,459
liquidise,5350,0,ᛚᛁᚳᚹᛁᛞᛁᛋᛖ,407
pulpiness,5342,0,ᛈᚢᛚᛈᛁᚾᛖᛋᛋ,395
crenshaws,5341,0,ᚳᚱᛖᚾᛋᚻᚪᚹᛋ,365
exosmotic,5339,0,ᛖᛉᚩᛋᛗᚩᛏᛁᚳ,355
czaristic,5339,0,ᚳᛋᚪᚱᛁᛋᛏᛁᚳ,361
bigmouthed,5328,0,ᛒᛁᚷᛗᚩᚢᚦᛖᛞ,351
vastitude,5327,0,ᚢᚪᛋᛏᛁᛏᚢᛞᛖ,461
starchier,5324,0,ᛋᛏᚪᚱᚳᚻᛁᛖᚱ,365
ocotillos,5322,0,ᚩᚳᚩᛏᛁᛚᛚᚩᛋ,323
rosinweed,5321,0,ᚱᚩᛋᛁᚾᚹᛖᛖᛞ,373
tympanies,5316,0,ᛏᚣᛗᛈᚪᚾᛁᛖᛋ,553
scoopfuls,5310,0,ᛋᚳᚩᚩᛈᚠᚢᛚᛋ,254
gelechiid,5309,0,ᚷᛖᛚᛖᚳᚻᛁᛁᛞ,411
splayfoot,5307,0,ᛋᛈᛚᚪᚣᚠᚩᚩᛏ,444
hyperemias,5301,0,ᚻᚣᛈᛖᚱᛖᛗᛡᛋ,545
sodomists,5300,0,ᛋᚩᛞᚩᛗᛁᛋᛏᛋ,423
squatness,5293,0,ᛋᚳᚹᚪᛏᚾᛖᛋᛋ,443
bunglesome,5289,0,ᛒᚢᛝᛚᛖᛋᚩᛗᛖ,481
adjacence,5278,0,ᚪᛞᛂᚪᚳᛖᚾᚳᛖ,509
manoeuvrer,5269,0,ᛗᚪᚾᛟᚢᚢᚱᛖᚱ,375
mileometer,5267,0,ᛗᛁᛚᛇᛗᛖᛏᛖᚱ,491
groveller,5257,0,ᚷᚱᚩᚢᛖᛚᛚᛖᚱ,329
forejudge,5252,0,ᚠᚩᚱᛖᛂᚢᛞᚷᛖ,300
xerophile,5245,0,ᛉᛖᚱᚩᛈᚻᛁᛚᛖ,369
paradoxer,5243,0,ᛈᚪᚱᚪᛞᚩᛉᛖᚱ,469
uninforming,5242,0,ᚢᚾᛁᚾᚠᚩᚱᛗᛝ,262
martialist,5240,0,ᛗᚪᚱᛏᛡᛚᛁᛋᛏ,561
oscitancy,5234,0,ᚩᛋᚳᛁᛏᚪᚾᚳᚣ,405
latchkeys,5228,0,ᛚᚪᛏᚳᚻᚳᛖᚣᛋ,501
cynosures,5228,0,ᚳᚣᚾᚩᛋᚢᚱᛖᛋ,339
aspergill,5228,0,ᚪᛋᛈᛖᚱᚷᛁᛚᛚ,465
malemutes,5227,0,ᛗᚪᛚᛖᛗᚢᛏᛖᛋ,561
honeyless,5224,0,ᚻᚩᚾᛖᚣᛚᛖᛋᛋ,475
animalize,5224,0,ᚪᚾᛁᛗᚪᛚᛁᛋᛖ,549
unsuffering,5222,0,ᚢᚾᛋᚢᚠᚠᛖᚱᛝ,249
cinnamene,5214,0,ᚳᛁᚾᚾᚪᛗᛖᚾᛖ,433
tamponage,5210,0,ᛏᚪᛗᛈᚩᚾᚪᚷᛖ,487
calamines,5197,0,ᚳᚪᛚᚪᛗᛁᚾᛖᛋ,531
commutual,5195,0,ᚳᚩᛗᛗᚢᛏᚢᚪᛚ,397
starostas,5191,0,ᛋᛏᚪᚱᚩᛋᛏᚪᛋ,489
henroosts,5191,0,ᚻᛖᚾᚱᚩᚩᛋᛏᛋ,309
unsociably,5183,0,ᚢᚾᛋᚩᚳᛡᛒᛚᚣ,449
kaiserdom,5176,0,ᚳᚪᛁᛋᛖᚱᛞᚩᛗ,439
tellurians,5170,0,ᛏᛖᛚᛚᚢᚱᛡᚾᛋ,475
epacrises,5164,0,ᛖᛈᚪᚳᚱᛁᛋᛖᛋ,435
sphagnums,5158,0,ᛋᛈᚻᚪᚷᚾᚢᛗᛋ,389
pickpurse,5157,0,ᛈᛁᚳᚳᛈᚢᚱᛋᛖ,277
diableries,5156,0,ᛞᛡᛒᛚᛖᚱᛁᛖᛋ,559
antiquely,5156,0,ᚪᚾᛏᛁᚳᚹᛖᛚᚣ,491
pearliness,5155,0,ᛈᛠᚱᛚᛁᚾᛖᛋᛋ,469
unspanned,5153,0,ᚢᚾᛋᛈᚪᚾᚾᛖᛞ,439
walkaways,5152,0,ᚹᚪᛚᚳᚪᚹᚪᚣᛋ,571
flowerful,5144,0,ᚠᛚᚩᚹᛖᚱᚠᚢᛚ,257
harshened,5141,0,ᚻᚪᚱᛋᚻᛖᚾᛖᛞ,459
abnegates,5139,0,ᚪᛒᚾᛖᚷᚪᛏᛖᛋ,547
unreadably,5135,0,ᚢᚾᚱᛠᛞᚪᛒᛚᚣ,575
septillion,5134,0,ᛋᛖᛈᛏᛁᛚᛚᛡᚾ,535
cosmogeny,5131,0,ᚳᚩᛋᛗᚩᚷᛖᚾᚣ,367
incapably,5126,0,ᛁᚾᚳᚪᛈᚪᛒᛚᚣ,547
camorrist,5110,0,ᚳᚪᛗᚩᚱᚱᛁᛋᛏ,353
landsides,5106,0,ᛚᚪᚾᛞᛋᛁᛞᛖᛋ,581
twaddlers,5093,0,ᛏᚹᚪᛞᛞᛚᛖᚱᛋ,557
litterers,5093,0,ᛚᛁᛏᛏᛖᚱᛖᚱᛋ,431
forewards,5091,0,ᚠᚩᚱᛖᚹᚪᚱᛞᛋ,356
concoctor,5091,0,ᚳᚩᚾᚳᚩᚳᛏᚩᚱ,159
cacogenic,5081,0,ᚳᚪᚳᚩᚷᛖᚾᛁᚳ,287
resigners,5072,0,ᚱᛖᛋᛁᚷᚾᛖᚱᛋ,339
monologuing,5068,0,ᛗᚩᚾᚩᛚᚩᚷᚢᛝ,293
anhungered,5064,0,ᚪᚾᚻᚢᛝᛖᚱᛖᛞ,465
puffbirds,5060,0,ᛈᚢᚠᚠᛒᛁᚱᛞᛋ,295
purulency,5055,0,ᛈᚢᚱᚢᛚᛖᚾᚳᚣ,345
sniveller,5054,0,ᛋᚾᛁᚢᛖᛚᛚᛖᚱ,407
blastulas,5053,0,ᛒᛚᚪᛋᛏᚢᛚᚪᛋ,569
slantways,5039,0,ᛋᛚᚪᚾᛏᚹᚪᚣᛋ,583
suggestum,5036,0,ᛋᚢᚷᚷᛖᛋᛏᚢᛗ,343
steaminess,5035,0,ᛋᛏᛠᛗᛁᚾᛖᛋᛋ,525
shoeshines,5029,0,ᛋᚻᛟᛋᚻᛁᚾᛖᛋ,415
embracingly,5027,0,ᛖᛗᛒᚱᚪᚳᛝᛚᚣ,575
unmixable,5025,0,ᚢᚾᛗᛁᛉᚪᛒᛚᛖ,479
auspicate,5017,0,ᚪᚢᛋᛈᛁᚳᚪᛏᛖ,463
hagiolatry,5015,0,ᚻᚪᚷᛡᛚᚪᛏᚱᚣ,587
unclutching,5006,0,ᚢᚾᚳᛚᚢᛏᚳᚻᛝ,295
vivariums,5005,0,ᚢᛁᚢᚪᚱᛁᚢᛗᛋ,303
nerviness,5003,0,ᚾᛖᚱᚢᛁᚾᛖᛋᛋ,343
sooterkin,5000,0,ᛋᚩᚩᛏᛖᚱᚳᛁᚾ,277
outwalked,4990,0,ᚩᚢᛏᚹᚪᛚᚳᛖᛞ,427
gracility,4981,0,ᚷᚱᚪᚳᛁᛚᛁᛏᚣ,435
rebutters,4975,0,ᚱᛖᛒᚢᛏᛏᛖᚱᛋ,391
lithophyte,4972,0,ᛚᛁᚦᚩᛈᚻᚣᛏᛖ,411
superbest,4963,0,ᛋᚢᛈᛖᚱᛒᛖᛋᛏ,417
seraphins,4960,0,ᛋᛖᚱᚪᛈᚻᛁᚾᛋ,407
cocozelle,4959,0,ᚳᚩᚳᚩᛋᛖᛚᛚᛖ,373
carcanets,4958,0,ᚳᚪᚱᚳᚪᚾᛖᛏᛋ,439
vestiment,4956,0,ᚢᛖᛋᛏᛁᛗᛖᚾᛏ,439
puppylike,4953,0,ᛈᚢᛈᛈᚣᛚᛁᚳᛖ,419
impayable,4951,0,ᛁᛗᛈᚪᚣᚪᛒᛚᛖ,643
mannishly,4950,0,ᛗᚪᚾᚾᛁᛋᚻᛚᚣ,509
lintwhite,4950,0,ᛚᛁᚾᛏᚹᚻᛁᛏᛖ,391
alchemize,4944,0,ᚪᛚᚳᚻᛖᛗᛁᛋᛖ,495
dysgenics,4943,0,ᛞᚣᛋᚷᛖᚾᛁᚳᛋ,455
flintiest,4939,0,ᚠᛚᛁᚾᛏᛁᛖᛋᛏ,404
musteline,4929,0,ᛗᚢᛋᛏᛖᛚᛁᚾᛖ,453
vaselines,4917,0,ᚢᚪᛋᛖᛚᛁᚾᛖᛋ,473
crocheter,4917,0,ᚳᚱᚩᚳᚻᛖᛏᛖᚱ,271
teetotums,4911,0,ᛏᛖᛖᛏᚩᛏᚢᛗᛋ,445
etherealize,4908,0,ᛖᚦᛖᚱᛠᛚᛁᛋᛖ,483
creakiness,4906,0,ᚳᚱᛠᚳᛁᚾᛖᛋᛋ,379
blindages,4899,0,ᛒᛚᛁᚾᛞᚪᚷᛖᛋ,517
ballcocks,4896,0,ᛒᚪᛚᛚᚳᚩᚳᚳᛋ,403
guerdoned,4892,0,ᚷᚢᛖᚱᛞᚩᚾᛖᛞ,379
chokedamp,4892,0,ᚳᚻᚩᚳᛖᛞᚪᛗᛈ,423
effaceable,4890,0,ᛖᚠᚠᚪᚳᛠᛒᛚᛖ,491
temptable,4882,0,ᛏᛖᛗᛈᛏᚪᛒᛚᛖ,597
elaterids,4880,0,ᛖᛚᚪᛏᛖᚱᛁᛞᛋ,547
milometer,4879,0,ᛗᛁᛚᚩᛗᛖᛏᛖᚱ,457
curiousest,4877,0,ᚳᚢᚱᛡᚢᛋᛖᛋᛏ,369
hatemonger,4874,0,ᚻᚪᛏᛖᛗᚩᛝᛖᚱ,481
seemliest,4871,0,ᛋᛖᛖᛗᛚᛁᛖᛋᛏ,541
iodinations,4868,0,ᛡᛞᛁᚾᚪᛏᛡᚾᛋ,601
sunstones,4856,0,ᛋᚢᚾᛋᛏᚩᚾᛖᛋ,353
calycinal,4852,0,ᚳᚪᛚᚣᚳᛁᚾᚪᛚ,529
balkiness,4843,0,ᛒᚪᛚᚳᛁᚾᛖᛋᛋ,477
viverrine,4842,0,ᚢᛁᚢᛖᚱᚱᛁᚾᛖ,253
unplagued,4842,0,ᚢᚾᛈᛚᚪᚷᚢᛖᛞ,421
declasses,4836,0,ᛞᛖᚳᛚᚪᛋᛋᛖᛋ,565
strongness,4833,0,ᛋᛏᚱᚩᛝᚾᛖᛋᛋ,411
wharfages,4826,0,ᚹᚻᚪᚱᚠᚪᚷᛖᛋ,386
anorthitic,4823,0,ᚪᚾᚩᚱᚦᛁᛏᛁᚳ,283
irremeable,4810,0,ᛁᚱᚱᛖᛗᛠᛒᛚᛖ,501
aggrieves,4810,0,ᚪᚷᚷᚱᛁᛖᚢᛖᛋ,363
zinkenite,4804,0,ᛋᛁᚾᚳᛖᚾᛁᛏᛖ,379
blowbacks,4803,0,ᛒᛚᚩᚹᛒᚪᚳᚳᛋ,397
gossamery,4802,0,ᚷᚩᛋᛋᚪᛗᛖᚱᚣ,479
meliorates,4798,0,ᛗᛖᛚᛡᚱᚪᛏᛖᛋ,605
pitahayas,4796,0,ᛈᛁᛏᚪᚻᚪᚣᚪᛋ,603
fatuitous,4791,0,ᚠᚪᛏᚢᛁᛏᚩᚢᛋ,314
peirastic,4788,0,ᛈᛖᛁᚱᚪᛋᛏᛁᚳ,405
quarreler,4785,0,ᚳᚹᚪᚱᚱᛖᛚᛖᚱ,369
umbrellaed,4778,0,ᚢᛗᛒᚱᛖᛚᛚᚫᛞ,549
sanderses,4777,0,ᛋᚪᚾᛞᛖᚱᛋᛖᛋ,519
misoneism,4777,0,ᛗᛁᛋᚩᚾᛖᛁᛋᛗ,413
acridness,4768,0,ᚪᚳᚱᛁᛞᚾᛖᛋᛋ,443
febrility,4767,0,ᚠᛖᛒᚱᛁᛚᛁᛏᚣ,438
admissive,4760,0,ᚪᛞᛗᛁᛋᛋᛁᚢᛖ,495
beseecher,4751,0,ᛒᛖᛋᛖᛖᚳᚻᛖᚱ,429
supposals,4742,0,ᛋᚢᛈᛈᚩᛋᚪᛚᛋ,425
dribblets,4738,0,ᛞᚱᛁᛒᛒᛚᛖᛏᛋ,505
dactylics,4731,0,ᛞᚪᚳᛏᚣᛚᛁᚳᛋ,531
slipovers,4728,0,ᛋᛚᛁᛈᚩᚢᛖᚱᛋ,341
conjoiner,4718,0,ᚳᚩᚾᛂᚩᛁᚾᛖᚱ,231
narghiles,4717,0,ᚾᚪᚱᚷᚻᛁᛚᛖᛋ,401
thievishly,4711,0,ᚦᛁᛖᚢᛁᛋᚻᛚᚣ,389
numerates,4706,0,ᚾᚢᛗᛖᚱᚪᛏᛖᛋ,457
causewaying,4706,0,ᚳᚪᚢᛋᛖᚹᚪᚣᛝ,531
broadaxes,4705,0,ᛒᚱᚩᚪᛞᚪᛉᛖᛋ,529
abridgers,4701,0,ᚪᛒᚱᛁᛞᚷᛖᚱᛋ,437
sangerfest,4700,0,ᛋᚪᛝᛖᚱᚠᛖᛋᛏ,488
chincapin,4692,0,ᚳᚻᛁᚾᚳᚪᛈᛁᚾ,309
overbites,4691,0,ᚩᚢᛖᚱᛒᛁᛏᛖᛋ,359
summerize,4686,0,ᛋᚢᛗᛗᛖᚱᛁᛋᛖ,427
cymbalist,4686,0,ᚳᚣᛗᛒᚪᛚᛁᛋᛏ,561
gallflies,4682,0,ᚷᚪᛚᛚᚠᛚᛁᛖᛋ,486
raffishly,4676,0,ᚱᚪᚠᚠᛁᛋᚻᛚᚣ,395
pythonissa,4676,0,ᛈᚣᚦᚩᚾᛁᛋᛋᚪ,421
snakeship,4675,0,ᛋᚾᚪᚳᛖᛋᚻᛁᛈ,409
insphered,4675,0,ᛁᚾᛋᛈᚻᛖᚱᛖᛞ,413
burliness,4674,0,ᛒᚢᚱᛚᛁᚾᛖᛋᛋ,381
dispended,4673,0,ᛞᛁᛋᛈᛖᚾᛞᛖᛞ,557
dyslectic,4671,0,ᛞᚣᛋᛚᛖᚳᛏᛁᚳ,501
bedframes,4667,0,ᛒᛖᛞᚠᚱᚪᛗᛖᛋ,518
anorchism,4666,0,ᚪᚾᚩᚱᚳᚻᛁᛋᛗ,335
preordains,4664,0,ᛈᚱᛇᚱᛞᚪᛁᚾᛋ,405
prehensor,4663,0,ᛈᚱᛖᚻᛖᚾᛋᚩᚱ,311
chondrify,4658,0,ᚳᚻᚩᚾᛞᚱᛁᚠᚣ,308
overscore,4646,0,ᚩᚢᛖᚱᛋᚳᚩᚱᛖ,239
amygdalas,4640,0,ᚪᛗᚣᚷᛞᚪᛚᚪᛋ,697
erigerons,4628,0,ᛖᚱᛁᚷᛖᚱᚩᚾᛋ,293
judicable,4623,0,ᛂᚢᛞᛁᚳᚪᛒᛚᛖ,471
sottishly,4621,0,ᛋᚩᛏᛏᛁᛋᚻᛚᚣ,461
meritable,4619,0,ᛗᛖᚱᛁᛏᚪᛒᛚᛖ,537
stridence,4618,0,ᛋᛏᚱᛁᛞᛖᚾᚳᛖ,419
mennonist,4615,0,ᛗᛖᚾᚾᚩᚾᛁᛋᛏ,375
vicinages,4606,0,ᚢᛁᚳᛁᚾᚪᚷᛖᛋ,341
blackwash,4606,0,ᛒᛚᚪᚳᚳᚹᚪᛋᚻ,449
humanizer,4593,0,ᚻᚢᛗᚪᚾᛁᛋᛖᚱ,385
recrowned,4589,0,ᚱᛖᚳᚱᚩᚹᚾᛖᛞ,313
foreshewn,4586,0,ᚠᚩᚱᛖᛋᚻᛖᚹᚾ,278
upgathered,4584,0,ᚢᛈᚷᚪᚦᛖᚱᛖᛞ,399
martyrize,4584,0,ᛗᚪᚱᛏᚣᚱᛁᛋᛖ,503
disprized,4583,0,ᛞᛁᛋᛈᚱᛁᛋᛖᛞ,467
vapidness,4581,0,ᚢᚪᛈᛁᛞᚾᛖᛋᛋ,465
macrocyte,4578,0,ᛗᚪᚳᚱᚩᚳᚣᛏᛖ,441
oversells,4570,0,ᚩᚢᛖᚱᛋᛖᛚᛚᛋ,407
appeasable,4568,0,ᚪᛈᛈᛠᛋᚪᛒᛚᛖ,643
plectrums,4566,0,ᛈᛚᛖᚳᛏᚱᚢᛗᛋ,393
refounder,4564,0,ᚱᛖᚠᚩᚢᚾᛞᛖᚱ,286
sootiness,4556,0,ᛋᚩᚩᛏᛁᚾᛖᛋᛋ,359
sorriness,4549,0,ᛋᚩᚱᚱᛁᚾᛖᛋᛋ,315
centinell,4549,0,ᚳᛖᚾᛏᛁᚾᛖᛚᛚ,441
dantonist,4548,0,ᛞᚪᚾᛏᚩᚾᛁᛋᛏ,453
tailspins,4545,0,ᛏᚪᛁᛚᛋᛈᛁᚾᛋ,469
shagbarks,4545,0,ᛋᚻᚪᚷᛒᚪᚱᚳᛋ,425
woodscrew,4543,0,ᚹᚩᚩᛞᛋᚳᚱᛖᚹ,285
unstilted,4540,0,ᚢᚾᛋᛏᛁᛚᛏᛖᛞ,463
huffiness,4538,0,ᚻᚢᚠᚠᛁᚾᛖᛋᛋ,263
devouringly,4531,0,ᛞᛖᚢᚩᚢᚱᛝᛚᚣ,435
patchable,4529,0,ᛈᚪᛏᚳᚻᚪᛒᛚᛖ,533
aphorists,4524,0,ᚪᛈᚻᚩᚱᛁᛋᛏᛋ,377
algarsife,4524,0,ᚪᛚᚷᚪᚱᛋᛁᚠᛖ,448
wheedlingly,4516,0,ᚹᚻᛖᛖᛞᛚᛝᛚᚣ,593
boatwoman,4515,0,ᛒᚩᚪᛏᚹᚩᛗᚪᚾ,447
unworthies,4499,0,ᚢᚾᚹᚩᚱᚦᛁᛖᛋ,225
jeopardous,4499,0,ᛂᛇᛈᚪᚱᛞᚩᚢᛋ,381
retrovert,4494,0,ᚱᛖᛏᚱᚩᚢᛖᚱᛏ,295
intumesce,4490,0,ᛁᚾᛏᚢᛗᛖᛋᚳᛖ,393
underacting,4488,0,ᚢᚾᛞᛖᚱᚪᚳᛏᛝ,447
cerebrums,4487,0,ᚳᛖᚱᛖᛒᚱᚢᛗᛋ,357
bedstraws,4481,0,ᛒᛖᛞᛋᛏᚱᚪᚹᛋ,509
stephanion,4479,0,ᛋᛏᛖᛈᚻᚪᚾᛡᚾ,507
mordacious,4479,0,ᛗᚩᚱᛞᚪᚳᛡᚢᛋ,451
packthreads,4471,0,ᛈᚪᚳᚳᚦᚱᛠᛞᛋ,433
solemness,4462,0,ᛋᚩᛚᛖᛗᚾᛖᛋᛋ,473
trinketry,4453,0,ᛏᚱᛁᚾᚳᛖᛏᚱᚣ,383
pistoleer,4452,0,ᛈᛁᛋᛏᚩᛚᛖᛖᚱ,411
solifidian,4450,0,ᛋᚩᛚᛁᚠᛁᛞᛡᚾ,422
pyroscope,4447,0,ᛈᚣᚱᚩᛋᚳᚩᛈᛖ,347
picayunes,4444,0,ᛈᛁᚳᚪᚣᚢᚾᛖᛋ,439
waxflower,4438,0,ᚹᚪᛉᚠᛚᚩᚹᛖᚱ,342
unknelled,4438,0,ᚢᚾᚳᚾᛖᛚᛚᛖᛞ,443
fluidness,4438,0,ᚠᛚᚢᛁᛞᚾᛖᛋᛋ,400
osculates,4434,0,ᚩᛋᚳᚢᛚᚪᛏᛖᛋ,425
snakebird,4432,0,ᛋᚾᚪᚳᛖᛒᛁᚱᛞ,451
homologic,4424,0,ᚻᚩᛗᚩᛚᚩᚷᛁᚳ,249
starchily,4416,0,ᛋᛏᚪᚱᚳᚻᛁᛚᚣ,463
reediness,4415,0,ᚱᛖᛖᛞᛁᚾᛖᛋᛋ,467
norwester,4411,0,ᚾᚩᚱᚹᛖᛋᛏᛖᚱ,323
ricebirds,4407,0,ᚱᛁᚳᛖᛒᛁᚱᛞᛋ,367
merestone,4400,0,ᛗᛖᚱᛖᛋᛏᚩᚾᛖ,431
concisest,4397,0,ᚳᚩᚾᚳᛁᛋᛖᛋᛏ,325
adductions,4396,0,ᚪᛞᛞᚢᚳᛏᛡᚾᛋ,539
woefulness,4394,0,ᚹᛟᚠᚢᛚᚾᛖᛋᛋ,382
shigellas,4374,0,ᛋᚻᛁᚷᛖᛚᛚᚪᛋ,487
mercerize,4372,0,ᛗᛖᚱᚳᛖᚱᛁᛋᛖ,391
exsiccate,4368,0,ᛖᛉᛋᛁᚳᚳᚪᛏᛖ,447
cacuminal,4368,0,ᚳᚪᚳᚢᛗᛁᚾᚪᛚ,427
audibertia,4366,0,ᚪᚢᛞᛁᛒᛖᚱᛏᛡ,525
amatorious,4360,0,ᚪᛗᚪᛏᚩᚱᛡᚢᛋ,505
festinate,4354,0,ᚠᛖᛋᛏᛁᚾᚪᛏᛖ,464
outbraves,4350,0,ᚩᚢᛏᛒᚱᚪᚢᛖᛋ,361
broadwise,4324,0,ᛒᚱᚩᚪᛞᚹᛁᛋᛖ,435
unweaponed,4313,0,ᚢᚾᚹᛠᛈᚩᚾᛖᛞ,395
cerecloths,4309,0,ᚳᛖᚱᛖᚳᛚᚩᚦᛋ,309
ophiolatry,4304,0,ᚩᛈᚻᛡᛚᚪᛏᚱᚣ,523
tepidness,4296,0,ᛏᛖᛈᛁᛞᚾᛖᛋᛋ,491
blushless,4291,0,ᛒᛚᚢᛋᚻᛚᛖᛋᛋ,459
flunkyism,4290,0,ᚠᛚᚢᚾᚳᚣᛁᛋᛗ,378
unrescued,4277,0,ᚢᚾᚱᛖᛋᚳᚢᛖᛞ,335
ingratiatory,4274,0,ᛝᚱᚪᛏᛡᛏᚩᚱᚣ,533
surquedry,4271,0,ᛋᚢᚱᚳᚹᛖᛞᚱᚣ,369
larcenist,4267,0,ᛚᚪᚱᚳᛖᚾᛁᛋᛏ,433
unhitches,4262,0,ᚢᚾᚻᛁᛏᚳᚻᛖᛋ,301
heliozoans,4261,0,ᚻᛖᛚᛡᛋᚩᚪᚾᛋ,509
toxodontia,4253,0,ᛏᚩᛉᚩᛞᚩᚾᛏᛡ,411
passement,4253,0,ᛈᚪᛋᛋᛖᛗᛖᚾᛏ,539
flagrance,4253,0,ᚠᛚᚪᚷᚱᚪᚾᚳᛖ,406
slipknots,4242,0,ᛋᛚᛁᛈᚳᚾᚩᛏᛋ,361
informingly,4241,0,ᛁᚾᚠᚩᚱᛗᛝᛚᚣ,406
unmirthful,4240,0,ᚢᚾᛗᛁᚱᚦᚠᚢᛚ,228
monstered,4218,0,ᛗᚩᚾᛋᛏᛖᚱᛖᛞ,453
squawkers,4214,0,ᛋᚳᚹᚪᚹᚳᛖᚱᛋ,345
unedified,4204,0,ᚢᚾᛖᛞᛁᚠᛁᛖᛞ,408
somesthesia,4199,0,ᛋᚩᛗᛖᛋᚦᛖᛋᛡ,483
dividedly,4193,0,ᛞᛁᚢᛁᛞᛖᛞᛚᚣ,575
crownbeard,4193,0,ᚳᚱᚩᚹᚾᛒᛠᚱᛞ,349
inerrable,4186,0,ᛁᚾᛖᚱᚱᚪᛒᛚᛖ,447
orthoscope,4179,0,ᚩᚱᚦᚩᛋᚳᚩᛈᛖ,213
thornbacks,4175,0,ᚦᚩᚱᚾᛒᚪᚳᚳᛋ,289
peculated,4173,0,ᛈᛖᚳᚢᛚᚪᛏᛖᛞ,511
remigrate,4170,0,ᚱᛖᛗᛁᚷᚱᚪᛏᛖ,431
brassarts,4159,0,ᛒᚱᚪᛋᛋᚪᚱᛏᛋ,495
garrotter,4157,0,ᚷᚪᚱᚱᚩᛏᛏᛖᚱ,339
symposiacs,4156,0,ᛋᚣᛗᛈᚩᛋᛡᚳᛋ,503
hymnaries,4154,0,ᚻᚣᛗᚾᚪᚱᛁᛖᛋ,485
bouffants,4147,0,ᛒᚩᚢᚠᚠᚪᚾᛏᛋ,313
attestant,4145,0,ᚪᛏᛏᛖᛋᛏᚪᚾᛏ,579
horologer,4142,0,ᚻᚩᚱᚩᛚᚩᚷᛖᚱ,223
suffusive,4139,0,ᛋᚢᚠᚠᚢᛋᛁᚢᛖ,217
tenderise,4130,0,ᛏᛖᚾᛞᛖᚱᛁᛋᛖ,473
burlingtons,4129,0,ᛒᚢᚱᛚᛝᛏᚩᚾᛋ,375
inebriants,4119,0,ᛁᚾᛖᛒᚱᛡᚾᛏᛋ,447
gazingstock,4118,0,ᚷᚪᛋᛝᛋᛏᚩᚳᚳ,391
phrensies,4117,0,ᛈᚻᚱᛖᚾᛋᛁᛖᛋ,377
sgraffiti,4112,0,ᛋᚷᚱᚪᚠᚠᛁᛏᛁ,303
pegasuses,4110,0,ᛈᛖᚷᚪᛋᚢᛋᛖᛋ,453
harumphed,4102,0,ᚻᚪᚱᚢᛗᛈᚻᛖᛞ,427
perfectas,4095,0,ᛈᛖᚱᚠᛖᚳᛏᚪᛋ,412
tachogram,4089,0,ᛏᚪᚳᚻᚩᚷᚱᚪᛗ,395
candlepin,4083,0,ᚳᚪᚾᛞᛚᛖᛈᛁᚾ,471
chamaebatia,4082,0,ᚳᚻᚪᛗᚫᛒᚪᛏᛡ,629
noontides,4081,0,ᚾᚩᚩᚾᛏᛁᛞᛖᛋ,371
unhearable,4075,0,ᚢᚾᚻᛠᚱᚪᛒᛚᛖ,473
flatfoots,4071,0,ᚠᛚᚪᛏᚠᚩᚩᛏᛋ,359
votarists,4064,0,ᚢᚩᛏᚪᚱᛁᛋᛏᛋ,373
unlogical,4064,0,ᚢᚾᛚᚩᚷᛁᚳᚪᛚ,343
tregetour,4061,0,ᛏᚱᛖᚷᛖᛏᚩᚢᚱ,301
voidances,4059,0,ᚢᚩᛁᛞᚪᚾᚳᛖᛋ,389
ankylotic,4057,0,ᚪᚾᚳᚣᛚᚩᛏᛁᚳ,425
phalangite,4056,0,ᛈᚻᚪᛚᚪᛝᛁᛏᛖ,569
naughties,4053,0,ᚾᚪᚢᚷᚻᛏᛁᛖᛋ,379
parmesans,4051,0,ᛈᚪᚱᛗᛖᛋᚪᚾᛋ,521
outfighting,4050,0,ᚩᚢᛏᚠᛁᚷᚻᛏᛝ,280
dobsonfly,4049,0,ᛞᚩᛒᛋᚩᚾᚠᛚᚣ,424
doughtier,4046,0,ᛞᚩᚢᚷᚻᛏᛁᛖᚱ,307
ventiduct,4045,0,ᚢᛖᚾᛏᛁᛞᚢᚳᛏ,353
tomentous,4045,0,ᛏᚩᛗᛖᚾᛏᚩᚢᛋ,355
scrappier,4042,0,ᛋᚳᚱᚪᛈᛈᛁᛖᚱ,369
levanters,4039,0,ᛚᛖᚢᚪᚾᛏᛖᚱᛋ,459
unflapped,4037,0,ᚢᚾᚠᛚᚪᛈᛈᛖᛞ,446
budgerows,4034,0,ᛒᚢᛞᚷᛖᚱᚩᚹᛋ,327
axiologies,4032,0,ᚪᛉᛡᛚᚩᚷᛁᛖᛋ,499
apollonic,4032,0,ᚪᛈᚩᛚᛚᚩᚾᛁᚳ,373
coalfaces,4029,0,ᚳᚩᚪᛚᚠᚪᚳᛖᛋ,422
unhurtful,4027,0,ᚢᚾᚻᚢᚱᛏᚠᚢᛚ,206
hodometer,4026,0,ᚻᚩᛞᚩᛗᛖᛏᛖᚱ,401
cotelette,4023,0,ᚳᚩᛏᛖᛚᛖᛏᛏᛖ,471
underhanging,4018,0,ᚢᚾᛞᛖᚱᚻᚪᛝᛝ,477
mongrelize,4013,0,ᛗᚩᛝᚱᛖᛚᛁᛋᛖ,459
pistaches,4012,0,ᛈᛁᛋᛏᚪᚳᚻᛖᛋ,439
paspalums,4009,0,ᛈᚪᛋᛈᚪᛚᚢᛗᛋ,533
slanginess,4007,0,ᛋᛚᚪᛝᛁᚾᛖᛋᛋ,535
frostweed,3986,0,ᚠᚱᚩᛋᛏᚹᛖᛖᛞ,374
banderols,3982,0,ᛒᚪᚾᛞᛖᚱᚩᛚᛋ,487
untattooed,3981,0,ᚢᚾᛏᚪᛏᛏᚩᛟᛞ,485
immutation,3972,0,ᛁᛗᛗᚢᛏᚪᛏᛡᚾ,527
abamperes,3971,0,ᚪᛒᚪᛗᛈᛖᚱᛖᛋ,567
pattypans,3970,0,ᛈᚪᛏᛏᚣᛈᚪᚾᛋ,583
miterwort,3969,0,ᛗᛁᛏᛖᚱᚹᚩᚱᛏ,335
soapiness,3967,0,ᛋᚩᚪᛈᛁᚾᛖᛋᛋ,433
shamanize,3964,0,ᛋᚻᚪᛗᚪᚾᛁᛋᛖ,521
splashier,3962,0,ᛋᛈᛚᚪᛋᚻᛁᛖᚱ,451
fetidness,3962,0,ᚠᛖᛏᛁᛞᚾᛖᛋᛋ,450
kibbutzes,3949,0,ᚳᛁᛒᛒᚢᛏᛋᛖᛋ,401
avadavats,3948,0,ᚪᚢᚪᛞᚪᚢᚪᛏᛋ,595
mutterers,3944,0,ᛗᚢᛏᛏᛖᚱᛖᚱᛋ,401
martagons,3944,0,ᛗᚪᚱᛏᚪᚷᚩᚾᛋ,441
cocainize,3941,0,ᚳᚩᚳᚪᛁᚾᛁᛋᛖ,341
lemovices,3939,0,ᛚᛖᛗᚩᚢᛁᚳᛖᛋ,385
wealthiness,3938,0,ᚹᛠᛚᚦᛁᚾᛖᛋᛋ,439
bystreets,3931,0,ᛒᚣᛋᛏᚱᛖᛖᛏᛋ,533
susurrant,3927,0,ᛋᚢᛋᚢᚱᚱᚪᚾᛏ,319
horsiness,3919,0,ᚻᚩᚱᛋᛁᚾᛖᛋᛋ,327
allayment,3916,0,ᚪᛚᛚᚪᚣᛗᛖᚾᛏ,669
semestrial,3910,0,ᛋᛖᛗᛖᛋᛏᚱᛡᛚ,561
bathymeter,3903,0,ᛒᚪᚦᚣᛗᛖᛏᛖᚱ,541
uninvoked,3902,0,ᚢᚾᛁᚾᚢᚩᚳᛖᛞ,271
butcherings,3902,0,ᛒᚢᛏᚳᚻᛖᚱᛝᛋ,369
finitudes,3896,0,ᚠᛁᚾᛁᛏᚢᛞᛖᛋ,364
supermoms,3883,0,ᛋᚢᛈᛖᚱᛗᚩᛗᛋ,379
oceanwards,3883,0,ᚩᚳᛠᚾᚹᚪᚱᛞᛋ,427
lutanists,3883,0,ᛚᚢᛏᚪᚾᛁᛋᛏᛋ,457
hairbrain,3883,0,ᚻᚪᛁᚱᛒᚱᚪᛁᚾ,391
gulleries,3883,0,ᚷᚢᛚᛚᛖᚱᛁᛖᛋ,395
perishers,3879,0,ᛈᛖᚱᛁᛋᚻᛖᚱᛋ,359
houseclean,3879,0,ᚻᚩᚢᛋᛖᚳᛚᛠᚾ,377
applauder,3878,0,ᚪᛈᛈᛚᚪᚢᛞᛖᚱ,523
chawbacon,3876,0,ᚳᚻᚪᚹᛒᚪᚳᚩᚾ,359
flightier,3869,0,ᚠᛚᛁᚷᚻᛏᛁᛖᚱ,314
reprovals,3867,0,ᚱᛖᛈᚱᚩᚢᚪᛚᛋ,365
misbecame,3861,0,ᛗᛁᛋᛒᛖᚳᚪᛗᛖ,531
pallettes,3858,0,ᛈᚪᛚᛚᛖᛏᛏᛖᛋ,591
filariases,3855,0,ᚠᛁᛚᚪᚱᛡᛋᛖᛋ,494
crackable,3852,0,ᚳᚱᚪᚳᚳᚪᛒᛚᛖ,445
systemise,3838,0,ᛋᚣᛋᛏᛖᛗᛁᛋᛖ,557
eulogizer,3825,0,ᛖᚢᛚᚩᚷᛁᛋᛖᚱ,329
chorditis,3821,0,ᚳᚻᚩᚱᛞᛁᛏᛁᛋ,317
crummiest,3817,0,ᚳᚱᚢᛗᛗᛁᛖᛋᛏ,379
aeriferous,3817,0,ᚫᚱᛁᚠᛖᚱᚩᚢᛋ,286
strickles,3815,0,ᛋᛏᚱᛁᚳᚳᛚᛖᛋ,373
riflebird,3811,0,ᚱᛁᚠᛚᛖᛒᛁᚱᛞ,376
outshoots,3806,0,ᚩᚢᛏᛋᚻᚩᚩᛏᛋ,271
beggarmen,3805,0,ᛒᛖᚷᚷᚪᚱᛗᛖᚾ,437
dumfounding,3804,0,ᛞᚢᛗᚠᚩᚢᚾᛞᛝ,372
ghostship,3802,0,ᚷᚻᚩᛋᛏᛋᚻᛁᛈ,309
squawroot,3799,0,ᛋᚳᚹᚪᚹᚱᚩᚩᛏ,285
indumenta,3794,0,ᛁᚾᛞᚢᛗᛖᚾᛏᚪ,475
garreteer,3793,0,ᚷᚪᚱᚱᛖᛏᛖᛖᚱ,407
squattering,3786,0,ᛋᚳᚹᚪᛏᛏᛖᚱᛝ,457
agelessly,3786,0,ᚪᚷᛖᛚᛖᛋᛋᛚᚣ,603
nightward,3781,0,ᚾᛁᚷᚻᛏᚹᚪᚱᛞ,375
deathlessly,3778,0,ᛞᛠᚦᛚᛖᛋᛋᛚᚣ,625
bishopess,3772,0,ᛒᛁᛋᚻᚩᛈᛖᛋᛋ,391
everydays,3761,0,ᛖᚢᛖᚱᚣᛞᚪᚣᛋ,593
diabolists,3759,0,ᛞᛡᛒᚩᛚᛁᛋᛏᛋ,533
milkworts,3757,0,ᛗᛁᛚᚳᚹᚩᚱᛏᛋ,337
gooselike,3757,0,ᚷᚩᚩᛋᛖᛚᛁᚳᛖ,335
enciphers,3757,0,ᛖᚾᚳᛁᛈᚻᛖᚱᛋ,337
lucumones,3756,0,ᛚᚢᚳᚢᛗᚩᚾᛖᛋ,319
peregrins,3753,0,ᛈᛖᚱᛖᚷᚱᛁᚾᛋ,329
ranterism,3751,0,ᚱᚪᚾᛏᛖᚱᛁᛋᛗ,429
coatrooms,3750,0,ᚳᚩᚪᛏᚱᚩᚩᛗᛋ,325
microcyte,3742,0,ᛗᛁᚳᚱᚩᚳᚣᛏᛖ,375
miscreation,3741,0,ᛗᛁᛋᚳᚱᛠᛏᛡᚾ,483
tournures,3731,0,ᛏᚩᚢᚱᚾᚢᚱᛖᛋ,243
perennate,3715,0,ᛈᛖᚱᛖᚾᚾᚪᛏᛖ,469
viniferas,3713,0,ᚢᛁᚾᛁᚠᛖᚱᚪᛋ,324
begoggled,3712,0,ᛒᛖᚷᚩᚷᚷᛚᛖᛞ,415
smellable,3705,0,ᛋᛗᛖᛚᛚᚪᛒᛚᛖ,635
moonwalks,3705,0,ᛗᚩᚩᚾᚹᚪᛚᚳᛋ,369
cabstands,3698,0,ᚳᚪᛒᛋᛏᚪᚾᛞᛋ,551
godlessly,3697,0,ᚷᚩᛞᛚᛖᛋᛋᛚᚣ,535
pricklier,3694,0,ᛈᚱᛁᚳᚳᛚᛁᛖᚱ,293
erythrinas,3692,0,ᛖᚱᚣᚦᚱᛁᚾᚪᛋ,407
indolency,3687,0,ᛁᚾᛞᚩᛚᛖᚾᚳᚣ,441
sepiolites,3677,0,ᛋᛖᛈᛡᛚᛁᛏᛖᛋ,553
annexment,3676,0,ᚪᚾᚾᛖᛉᛗᛖᚾᛏ,495
chapleted,3671,0,ᚳᚻᚪᛈᛚᛖᛏᛖᛞ,531
anointers,3665,0,ᚪᚾᚩᛁᚾᛏᛖᚱᛋ,383
acromicria,3665,0,ᚪᚳᚱᚩᛗᛁᚳᚱᛡ,361
unpainful,3652,0,ᚢᚾᛈᚪᛁᚾᚠᚢᛚ,310
habitacle,3647,0,ᚻᚪᛒᛁᛏᚪᚳᛚᛖ,521
barytones,3645,0,ᛒᚪᚱᚣᛏᚩᚾᛖᛋ,487
nostriled,3641,0,ᚾᚩᛋᛏᚱᛁᛚᛖᛞ,419
fatiguingly,3633,0,ᚠᚪᛏᛁᚷᚢᛝᛚᚣ,464
posturers,3629,0,ᛈᚩᛋᛏᚢᚱᛖᚱᛋ,307
forbiddings,3625,0,ᚠᚩᚱᛒᛁᛞᛞᛝᛋ,422
nenuphars,3622,0,ᚾᛖᚾᚢᛈᚻᚪᚱᛋ,355
queenhood,3609,0,ᚳᚹᛖᛖᚾᚻᚩᚩᛞ,321
paradisian,3605,0,ᛈᚪᚱᚪᛞᛁᛋᛡᚾ,557
cancroids,3603,0,ᚳᚪᚾᚳᚱᚩᛁᛞᛋ,343
pantheress,3601,0,ᛈᚪᚾᚦᛖᚱᛖᛋᛋ,425
enveloper,3599,0,ᛖᚾᚢᛖᛚᚩᛈᛖᚱ,367
myriametre,3596,0,ᛗᚣᚱᛡᛗᛖᛏᚱᛖ,567
unquieted,3592,0,ᚢᚾᚳᚹᛁᛖᛏᛖᛞ,377
objurgating,3589,0,ᚩᛒᛂᚢᚱᚷᚪᛏᛝ,371
brassiest,3584,0,ᛒᚱᚪᛋᛋᛁᛖᛋᛏ,485
ridiculer,3575,0,ᚱᛁᛞᛁᚳᚢᛚᛖᚱ,329
invitable,3575,0,ᛁᚾᚢᛁᛏᚪᛒᛚᛖ,451
monsteras,3573,0,ᛗᚩᚾᛋᛏᛖᚱᚪᛋ,447
copingstone,3573,0,ᚳᚩᛈᛝᛋᛏᚩᚾᛖ,357
xerodermia,3571,0,ᛉᛖᚱᚩᛞᛖᚱᛗᛡ,477
copesmate,3569,0,ᚳᚩᛈᛖᛋᛗᚪᛏᛖ,477
cudgellings,3567,0,ᚳᚢᛞᚷᛖᛚᛚᛝᛋ,467
meatloaves,3564,0,ᛗᛠᛏᛚᚩᚪᚢᛖᛋ,539
whiteback,3554,0,ᚹᚻᛁᛏᛖᛒᚪᚳᚳ,383
superhets,3554,0,ᛋᚢᛈᛖᚱᚻᛖᛏᛋ,379
courtlier,3551,0,ᚳᚩᚢᚱᛏᛚᛁᛖᚱ,275
dissimule,3550,0,ᛞᛁᛋᛋᛁᛗᚢᛚᛖ,471
plasterings,3549,0,ᛈᛚᚪᛋᛏᛖᚱᛝᛋ,535
cradlesong,3541,0,ᚳᚱᚪᛞᛚᛖᛋᚩᛝ,489
simperingly,3538,0,ᛋᛁᛗᛈᛖᚱᛝᛚᚣ,531
sicambrian,3536,0,ᛋᛁᚳᚪᛗᛒᚱᛡᚾ,473
misgauged,3536,0,ᛗᛁᛋᚷᚪᚢᚷᛖᛞ,445
merceries,3536,0,ᛗᛖᚱᚳᛖᚱᛁᛖᛋ,391
blindless,3531,0,ᛒᛚᛁᚾᛞᛚᛖᛋᛋ,529
semblants,3524,0,ᛋᛖᛗᛒᛚᚪᚾᛏᛋ,563
thuribulum,3520,0,ᚦᚢᚱᛁᛒᚢᛚᚢᛗ,261
chanceful,3517,0,ᚳᚻᚪᚾᚳᛖᚠᚢᛚ,320
rajahship,3514,0,ᚱᚪᛂᚪᚻᛋᚻᛁᛈ,415
poriferan,3508,0,ᛈᚩᚱᛁᚠᛖᚱᚪᚾ,298
embassade,3506,0,ᛖᛗᛒᚪᛋᛋᚪᛞᛖ,655
carbonade,3505,0,ᚳᚪᚱᛒᚩᚾᚪᛞᛖ,471
blowlamps,3505,0,ᛒᛚᚩᚹᛚᚪᛗᛈᛋ,497
nattiness,3499,0,ᚾᚪᛏᛏᛁᚾᛖᛋᛋ,477
highboard,3497,0,ᚻᛁᚷᚻᛒᚩᚪᚱᛞ,359
beguilers,3496,0,ᛒᛖᚷᚢᛁᛚᛖᚱᛋ,383
unchinked,3495,0,ᚢᚾᚳᚻᛁᚾᚳᛖᛞ,297
woefullest,3494,0,ᚹᛟᚠᚢᛚᛚᛖᛋᛏ,432
saltboxes,3489,0,ᛋᚪᛚᛏᛒᚩᛉᛖᛋ,517
dodderers,3487,0,ᛞᚩᛞᛞᛖᚱᛖᚱᛋ,483
goldenest,3484,0,ᚷᚩᛚᛞᛖᚾᛖᛋᛏ,461
unthatched,3482,0,ᚢᚾᚦᚪᛏᚳᚻᛖᛞ,385
rancherie,3475,0,ᚱᚪᚾᚳᚻᛖᚱᛁᛖ,349
kookiness,3475,0,ᚳᚩᚩᚳᛁᚾᛖᛋᛋ,273
loveworthy,3474,0,ᛚᚩᚢᛖᚹᚩᚱᚦᚣ,295
unfetters,3473,0,ᚢᚾᚠᛖᛏᛏᛖᚱᛋ,350
acroleins,3469,0,ᚪᚳᚱᚩᛚᛖᛁᚾᛋ,381
anomalist,3466,0,ᚪᚾᚩᛗᚪᛚᛁᛋᛏ,517
ponderant,3459,0,ᛈᚩᚾᛞᛖᚱᚪᚾᛏ,431
sandspurs,3454,0,ᛋᚪᚾᛞᛋᛈᚢᚱᛋ,431
marcellas,3453,0,ᛗᚪᚱᚳᛖᛚᛚᚪᛋ,555
cashboxes,3453,0,ᚳᚪᛋᚻᛒᚩᛉᛖᛋ,421
torridity,3447,0,ᛏᚩᚱᚱᛁᛞᛁᛏᚣ,401
jaundices,3447,0,ᛂᚪᚢᚾᛞᛁᚳᛖᛋ,419
rubricate,3444,0,ᚱᚢᛒᚱᛁᚳᚪᛏᛖ,353
unservile,3443,0,ᚢᚾᛋᛖᚱᚢᛁᛚᛖ,337
mortifier,3432,0,ᛗᚩᚱᛏᛁᚠᛁᛖᚱ,290
cockspurs,3431,0,ᚳᚩᚳᚳᛋᛈᚢᚱᛋ,209
unenquiring,3427,0,ᚢᚾᛖᚾᚳᚹᛁᚱᛝ,281
shikargah,3427,0,ᛋᚻᛁᚳᚪᚱᚷᚪᚻ,365
reconsult,3425,0,ᚱᛖᚳᚩᚾᛋᚢᛚᛏ,315
millraces,3424,0,ᛗᛁᛚᛚᚱᚪᚳᛖᛋ,489
semiyearly,3421,0,ᛋᛖᛗᛁᚣᛠᚱᛚᚣ,621
catchweed,3414,0,ᚳᚪᛏᚳᚻᚹᛖᛖᛞ,447
unstudious,3407,0,ᚢᚾᛋᛏᚢᛞᛡᚢᛋ,399
pyrophobia,3406,0,ᛈᚣᚱᚩᛈᚻᚩᛒᛡ,405
preordaining,3406,0,ᛈᚱᛇᚱᛞᚪᛁᚾᛝ,431
throatwort,3403,0,ᚦᚱᚩᚪᛏᚹᚩᚱᛏ,275
panatelas,3396,0,ᛈᚪᚾᚪᛏᛖᛚᚪᛋ,615
accroides,3396,0,ᚪᚳᚳᚱᚩᛁᛞᛖᛋ,381
unvariably,3392,0,ᚢᚾᚢᚪᚱᛡᛒᛚᚣ,487
ruinations,3392,0,ᚱᚢᛁᚾᚪᛏᛡᚾᛋ,419
camomiles,3392,0,ᚳᚪᛗᚩᛗᛁᛚᛖᛋ,483
garfishes,3391,0,ᚷᚪᚱᚠᛁᛋᚻᛖᛋ,354
imparters,3390,0,ᛁᛗᛈᚪᚱᛏᛖᚱᛋ,443
fusillading,3385,0,ᚠᚢᛋᛁᛚᛚᚪᛞᛝ,500
cedarbird,3376,0,ᚳᛖᛞᚪᚱᛒᛁᚱᛞ,469
farmeress,3375,0,ᚠᚪᚱᛗᛖᚱᛖᛋᛋ,432
spelldown,3369,0,ᛋᛈᛖᛚᛚᛞᚩᚹᚾ,453
resaddled,3369,0,ᚱᛖᛋᚪᛞᛞᛚᛖᛞ,635
pantherish,3368,0,ᛈᚪᚾᚦᛖᚱᛁᛋᚻ,359
algometry,3362,0,ᚪᛚᚷᚩᛗᛖᛏᚱᚣ,505
gastrulas,3361,0,ᚷᚪᛋᛏᚱᚢᛚᚪᛋ,463
bedground,3359,0,ᛒᛖᛞᚷᚱᚩᚢᚾᛞ,373
surfbirds,3358,0,ᛋᚢᚱᚠᛒᛁᚱᛞᛋ,314
juliennes,3354,0,ᛂᚢᛚᛁᛖᚾᚾᛖᛋ,389
palatially,3349,0,ᛈᚪᛚᚪᛏᛡᛚᛚᚣ,725
unattired,3348,0,ᚢᚾᚪᛏᛏᛁᚱᛖᛞ,445
buckshots,3345,0,ᛒᚢᚳᚳᛋᚻᚩᛏᛋ,285
piscators,3340,0,ᛈᛁᛋᚳᚪᛏᚩᚱᛋ,367
fireweeds,3340,0,ᚠᛁᚱᛖᚹᛖᛖᛞᛋ,406
klondikes,3337,0,ᚳᛚᚩᚾᛞᛁᚳᛖᛋ,375
goulashes,3336,0,ᚷᚩᚢᛚᚪᛋᚻᛖᛋ,393
unpompous,3334,0,ᚢᚾᛈᚩᛗᛈᚩᚢᛋ,259
haberdine,3330,0,ᚻᚪᛒᛖᚱᛞᛁᚾᛖ,475
shiftiest,3327,0,ᛋᚻᛁᚠᛏᛁᛖᛋᛏ,378
warranter,3323,0,ᚹᚪᚱᚱᚪᚾᛏᛖᚱ,401
sloganeer,3313,0,ᛋᛚᚩᚷᚪᚾᛖᛖᚱ,421
incubuses,3313,0,ᛁᚾᚳᚢᛒᚢᛋᛖᛋ,313
cachexies,3312,0,ᚳᚪᚳᚻᛖᛉᛁᛖᛋ,411
trepidity,3308,0,ᛏᚱᛖᛈᛁᛞᛁᛏᚣ,493
knaveship,3308,0,ᚳᚾᚪᚢᛖᛋᚻᛁᛈ,359
bedazzles,3306,0,ᛒᛖᛞᚪᛋᛋᛚᛖᛋ,613
woodborer,3305,0,ᚹᚩᚩᛞᛒᚩᚱᛖᚱ,279
unescaped,3304,0,ᚢᚾᛖᛋᚳᚪᛈᛖᛞ,461
cerebrating,3304,0,ᚳᛖᚱᛖᛒᚱᚪᛏᛝ,465
inshrined,3302,0,ᛁᚾᛋᚻᚱᛁᚾᛖᛞ,363
hinduisms,3298,0,ᚻᛁᚾᛞᚢᛁᛋᛗᛋ,383
duratives,3298,0,ᛞᚢᚱᚪᛏᛁᚢᛖᛋ,413
catafalco,3298,0,ᚳᚪᛏᚪᚠᚪᛚᚳᚩ,458
porbeagles,3297,0,ᛈᚩᚱᛒᛠᚷᛚᛖᛋ,441
despiteous,3295,0,ᛞᛖᛋᛈᛁᛏᛇᚢᛋ,439
secretins,3293,0,ᛋᛖᚳᚱᛖᛏᛁᚾᛋ,383
cunctation,3288,0,ᚳᚢᚾᚳᛏᚪᛏᛡᚾ,409
rematches,3287,0,ᚱᛖᛗᚪᛏᚳᚻᛖᛋ,461
grouchier,3286,0,ᚷᚱᚩᚢᚳᚻᛁᛖᚱ,183
arbutuses,3281,0,ᚪᚱᛒᚢᛏᚢᛋᛖᛋ,407
stepdames,3274,0,ᛋᛏᛖᛈᛞᚪᛗᛖᛋ,599
horsefoot,3269,0,ᚻᚩᚱᛋᛖᚠᚩᚩᛏ,236
cucurbite,3268,0,ᚳᚢᚳᚢᚱᛒᛁᛏᛖ,261
catabatic,3266,0,ᚳᚪᛏᚪᛒᚪᛏᛁᚳ,527
buxomness,3257,0,ᛒᚢᛉᚩᛗᚾᛖᛋᛋ,391
calamaris,3252,0,ᚳᚪᛚᚪᛗᚪᚱᛁᛋ,543
skunkweed,3249,0,ᛋᚳᚢᚾᚳᚹᛖᛖᛞ,353
mistermed,3248,0,ᛗᛁᛋᛏᛖᚱᛗᛖᛞ,519
majorship,3247,0,ᛗᚪᛂᚩᚱᛋᚻᛁᛈ,373
unculture,3246,0,ᚢᚾᚳᚢᛚᛏᚢᚱᛖ,261
croqueted,3244,0,ᚳᚱᚩᚳᚹᛖᛏᛖᛞ,345
guacharos,3240,0,ᚷᚢᚪᚳᚻᚪᚱᚩᛋ,321
rubbishes,3238,0,ᚱᚢᛒᛒᛁᛋᚻᛖᛋ,363
picqueted,3215,0,ᛈᛁᚳᚳᚹᛖᛏᛖᛞ,401
saltworts,3211,0,ᛋᚪᛚᛏᚹᚩᚱᛏᛋ,431
outbraved,3206,0,ᚩᚢᛏᛒᚱᚪᚢᛖᛞ,397
moonworts,3206,0,ᛗᚩᚩᚾᚹᚩᚱᛏᛋ,263
mortmains,3200,0,ᛗᚩᚱᛏᛗᚪᛁᚾᛋ,429
titivation,3197,0,ᛏᛁᛏᛁᚢᚪᛏᛡᚾ,475
ritualise,3195,0,ᚱᛁᛏᚢᚪᛚᛁᛋᛖ,425
lucubrate,3193,0,ᛚᚢᚳᚢᛒᚱᚪᛏᛖ,387
depravers,3193,0,ᛞᛖᛈᚱᚪᚢᛖᚱᛋ,441
laborsome,3191,0,ᛚᚪᛒᚩᚱᛋᚩᛗᛖ,447
euphonous,3190,0,ᛖᚢᛈᚻᚩᚾᚩᚢᛋ,235
batholites,3187,0,ᛒᚪᚦᚩᛚᛁᛏᛖᛋ,453
gaolbirds,3182,0,ᚷᚪᚩᛚᛒᛁᚱᛞᛋ,439
redispose,3181,0,ᚱᛖᛞᛁᛋᛈᚩᛋᛖ,421
femineity,3181,0,ᚠᛖᛗᛁᚾᛖᛁᛏᚣ,460
nineteens,3179,0,ᚾᛁᚾᛖᛏᛖᛖᚾᛋ,431
churchful,3178,0,ᚳᚻᚢᚱᚳᚻᚠᚢᛚ,164
drawshave,3176,0,ᛞᚱᚪᚹᛋᚻᚪᚢᛖ,459
ladyloves,3175,0,ᛚᚪᛞᚣᛚᚩᚢᛖᛋ,565
medicares,3161,0,ᛗᛖᛞᛁᚳᚪᚱᛖᛋ,499
chirology,3161,0,ᚳᚻᛁᚱᚩᛚᚩᚷᚣ,285
anorthites,3160,0,ᚪᚾᚩᚱᚦᛁᛏᛖᛋ,359
fossilist,3159,0,ᚠᚩᛋᛋᛁᛚᛁᛋᛏ,362
sexualise,3157,0,ᛋᛖᛉᚢᚪᛚᛁᛋᛖ,491
barbitals,3156,0,ᛒᚪᚱᛒᛁᛏᚪᛚᛋ,543
abcoulomb,3155,0,ᚪᛒᚳᚩᚢᛚᚩᛗᛒ,393
heliograms,3152,0,ᚻᛖᛚᛡᚷᚱᚪᛗᛋ,519
undeified,3151,0,ᚢᚾᛞᛖᛁᚠᛁᛖᛞ,408
thiobacteria,3145,0,ᚦᛡᛒᚪᚳᛏᛖᚱᛡ,527
loverless,3144,0,ᛚᚩᚢᛖᚱᛚᛖᛋᛋ,407
subtonics,3140,0,ᛋᚢᛒᛏᚩᚾᛁᚳᛋ,309
strawworm,3139,0,ᛋᛏᚱᚪᚹᚹᚩᚱᛗ,347
rascaille,3139,0,ᚱᚪᛋᚳᚪᛁᛚᛚᛖ,515
springbucks,3137,0,ᛋᛈᚱᛝᛒᚢᚳᚳᛋ,329
anaclisis,3136,0,ᚪᚾᚪᚳᛚᛁᛋᛁᛋ,477
claywares,3134,0,ᚳᛚᚪᚣᚹᚪᚱᛖᛋ,533
twitterer,3131,0,ᛏᚹᛁᛏᛏᛖᚱᛖᚱ,383
ismailite,3130,0,ᛁᛋᛗᚪᛁᛚᛁᛏᛖ,513
unreassuring,3125,0,ᚢᚾᚱᛠᛋᛋᚢᚱᛝ,351
squiredom,3117,0,ᛋᚳᚹᛁᚱᛖᛞᚩᛗ,361
squelcher,3116,0,ᛋᚳᚹᛖᛚᚳᚻᛖᚱ,339
bleariness,3115,0,ᛒᛚᛠᚱᛁᚾᛖᛋᛋ,487
vowellike,3114,0,ᚢᚩᚹᛖᛚᛚᛁᚳᛖ,353
surpriser,3111,0,ᛋᚢᚱᛈᚱᛁᛋᛖᚱ,283
arrogator,3111,0,ᚪᚱᚱᚩᚷᚪᛏᚩᚱ,317
mordacity,3109,0,ᛗᚩᚱᛞᚪᚳᛁᛏᚣ,481
trompillo,3106,0,ᛏᚱᚩᛗᛈᛁᛚᛚᚩ,375
pretexted,3105,0,ᛈᚱᛖᛏᛖᛉᛏᛖᛞ,509
angwantibo,3103,0,ᚪᛝᚹᚪᚾᛏᛁᛒᚩ,479
endemisms,3101,0,ᛖᚾᛞᛖᛗᛁᛋᛗᛋ,531
crapulent,3100,0,ᚳᚱᚪᛈᚢᛚᛖᚾᛏ,395
berceuses,3099,0,ᛒᛖᚱᚳᛖᚢᛋᛖᛋ,395
virucides,3097,0,ᚢᛁᚱᚢᚳᛁᛞᛖᛋ,301
knucklers,3095,0,ᚳᚾᚢᚳᚳᛚᛖᚱᛋ,275
mudslingers,3090,0,ᛗᚢᛞᛋᛚᛝᛖᚱᛋ,499
rampagious,3087,0,ᚱᚪᛗᛈᚪᚷᛡᚢᛋ,499
hartlesse,3085,0,ᚻᚪᚱᛏᛚᛖᛋᛋᛖ,503
pipistrel,3081,0,ᛈᛁᛈᛁᛋᛏᚱᛖᛚ,411
outvalued,3076,0,ᚩᚢᛏᚢᚪᛚᚢᛖᛞ,401
chucklingly,3068,0,ᚳᚻᚢᚳᚳᛚᛝᛚᚣ,393
unobliged,3067,0,ᚢᚾᚩᛒᛚᛁᚷᛖᛞ,377
filminess,3067,0,ᚠᛁᛚᛗᛁᚾᛖᛋᛋ,410
oversharp,3056,0,ᚩᚢᛖᚱᛋᚻᚪᚱᛈ,315
stannites,3051,0,ᛋᛏᚪᚾᚾᛁᛏᛖᛋ,477
overtrump,3044,0,ᚩᚢᛖᚱᛏᚱᚢᛗᛈ,275
alguacils,3043,0,ᚪᛚᚷᚢᚪᚳᛁᛚᛋ,457
thingamabobs,3039,0,ᚦᛝᚪᛗᚪᛒᚩᛒᛋ,531
petalless,3039,0,ᛈᛖᛏᚪᛚᛚᛖᛋᛋ,585
entresols,3036,0,ᛖᚾᛏᚱᛖᛋᚩᛚᛋ,419
gallicize,3030,0,ᚷᚪᛚᛚᛁᚳᛁᛋᛖ,455
heavenlike,3028,0,ᚻᛠᚢᛖᚾᛚᛁᚳᛖ,415
sectorials,3023,0,ᛋᛖᚳᛏᚩᚱᛡᛚᛋ,443
hamstringed,3022,0,ᚻᚪᛗᛋᛏᚱᛝᛖᛞ,549
suricates,3020,0,ᛋᚢᚱᛁᚳᚪᛏᛖᛋ,387
unmedical,3016,0,ᚢᚾᛗᛖᛞᛁᚳᚪᛚ,473
moresques,3016,0,ᛗᚩᚱᛖᛋᚳᚹᛖᛋ,361
unfestive,3008,0,ᚢᚾᚠᛖᛋᛏᛁᚢᛖ,314
evanishes,3004,0,ᛖᚢᚪᚾᛁᛋᚻᛖᛋ,423
annulates,3002,0,ᚪᚾᚾᚢᛚᚪᛏᛖᛋ,507
placative,2997,0,ᛈᛚᚪᚳᚪᛏᛁᚢᛖ,483
forlorner,2995,0,ᚠᚩᚱᛚᚩᚱᚾᛖᚱ,218
pallidity,2992,0,ᛈᚪᛚᛚᛁᛞᛁᛏᚣ,599
terraneous,2986,0,ᛏᛖᚱᚱᚪᚾᛇᚢᛋ,371
ametropias,2985,0,ᚪᛗᛖᛏᚱᚩᛈᛡᛋ,515
viricides,2984,0,ᚢᛁᚱᛁᚳᛁᛞᛖᛋ,329
tutorially,2983,0,ᛏᚢᛏᚩᚱᛡᛚᛚᚣ,495
scarfpins,2980,0,ᛋᚳᚪᚱᚠᛈᛁᚾᛋ,332
ballyhoos,2976,0,ᛒᚪᛚᛚᚣᚻᚩᚩᛋ,497
scapulare,2974,0,ᛋᚳᚪᛈᚢᛚᚪᚱᛖ,457
spreckled,2973,0,ᛋᛈᚱᛖᚳᚳᛚᛖᛞ,429
upbrought,2969,0,ᚢᛈᛒᚱᚩᚢᚷᚻᛏ,227
unhumanly,2968,0,ᚢᚾᚻᚢᛗᚪᚾᛚᚣ,431
patrioteer,2965,0,ᛈᚪᛏᚱᛡᛏᛖᛖᚱ,521
ravigotte,2959,0,ᚱᚪᚢᛁᚷᚩᛏᛏᛖ,351
dustcarts,2956,0,ᛞᚢᛋᛏᚳᚪᚱᛏᛋ,437
altruisms,2956,0,ᚪᛚᛏᚱᚢᛁᛋᛗᛋ,451
punchable,2953,0,ᛈᚢᚾᚳᚻᚪᛒᛚᛖ,409
noncrucial,2946,0,ᚾᚩᚾᚳᚱᚢᚳᛡᛚ,285
drumbeater,2943,0,ᛞᚱᚢᛗᛒᛠᛏᛖᚱ,481
bepatched,2942,0,ᛒᛖᛈᚪᛏᚳᚻᛖᛞ,519
procerity,2940,0,ᛈᚱᚩᚳᛖᚱᛁᛏᚣ,345
abetments,2940,0,ᚪᛒᛖᛏᛗᛖᚾᛏᛋ,563
sprighted,2938,0,ᛋᛈᚱᛁᚷᚻᛏᛖᛞ,393
malefices,2936,0,ᛗᚪᛚᛖᚠᛁᚳᛖᛋ,474
chalazions,2935,0,ᚳᚻᚪᛚᚪᛋᛡᚾᛋ,545
housefuls,2931,0,ᚻᚩᚢᛋᛖᚠᚢᛚᛋ,284
prandially,2928,0,ᛈᚱᚪᚾᛞᛡᛚᛚᚣ,625
breadthways,2922,0,ᛒᚱᛠᛞᚦᚹᚪᚣᛋ,547
scrubbier,2920,0,ᛋᚳᚱᚢᛒᛒᛁᛖᚱ,311
unplayful,2916,0,ᚢᚾᛈᛚᚪᚣᚠᚢᛚ,426
autarkies,2916,0,ᚪᚢᛏᚪᚱᚳᛁᛖᛋ,431
crenelate,2908,0,ᚳᚱᛖᚾᛖᛚᚪᛏᛖ,483
blacktops,2906,0,ᛒᛚᚪᚳᚳᛏᚩᛈᛋ,419
attracter,2905,0,ᚪᛏᛏᚱᚪᚳᛏᛖᚱ,473
eristical,2904,0,ᛖᚱᛁᛋᛏᛁᚳᚪᛚ,435
taxameter,2902,0,ᛏᚪᛉᚪᛗᛖᛏᛖᚱ,575
snowiness,2901,0,ᛋᚾᚩᚹᛁᚾᛖᛋᛋ,341
devilwood,2900,0,ᛞᛖᚢᛁᛚᚹᚩᚩᛞ,385
obtentions,2897,0,ᚩᛒᛏᛖᚾᛏᛡᚾᛋ,471
hereafters,2894,0,ᚻᛖᚱᛠᚠᛏᛖᚱᛋ,402
diamagnets,2890,0,ᛞᛡᛗᚪᚷᚾᛖᛏᛋ,589
balefires,2890,0,ᛒᚪᛚᛖᚠᛁᚱᛖᛋ,462
hematurias,2888,0,ᚻᛖᛗᚪᛏᚢᚱᛡᛋ,491
bowelless,2876,0,ᛒᚩᚹᛖᛚᛚᛖᛋᛋ,473
insistingly,2868,0,ᛁᚾᛋᛁᛋᛏᛝᛚᚣ,511
dreamfully,2861,0,ᛞᚱᛠᛗᚠᚢᛚᛚᚣ,534
hemipodes,2860,0,ᚻᛖᛗᛁᛈᚩᛞᛖᛋ,451
rickyards,2859,0,ᚱᛁᚳᚳᚣᚪᚱᛞᛋ,421
egressions,2858,0,ᛖᚷᚱᛖᛋᛋᛡᚾᛋ,457
homospory,2852,0,ᚻᚩᛗᚩᛋᛈᚩᚱᚣ,325
proceeder,2850,0,ᛈᚱᚩᚳᛖᛖᛞᛖᚱ,375
rockroses,2849,0,ᚱᚩᚳᚳᚱᚩᛋᛖᛋ,235
borecoles,2848,0,ᛒᚩᚱᛖᚳᚩᛚᛖᛋ,359
sissiness,2844,0,ᛋᛁᛋᛋᛁᚾᛖᛋᛋ,423
caballers,2842,0,ᚳᚪᛒᚪᛚᛚᛖᚱᛋ,545
abdicator,2838,0,ᚪᛒᛞᛁᚳᚪᛏᚩᚱ,465
constringes,2837,0,ᚳᚩᚾᛋᛏᚱᛝᛖᛋ,371
chubbiest,2837,0,ᚳᚻᚢᛒᛒᛁᛖᛋᛏ,371
lapboards,2836,0,ᛚᚪᛈᛒᚩᚪᚱᛞᛋ,531
adscripts,2836,0,ᚪᛞᛋᚳᚱᛁᛈᛏᛋ,449
narcotise,2832,0,ᚾᚪᚱᚳᚩᛏᛁᛋᛖ,367
cellarets,2825,0,ᚳᛖᛚᛚᚪᚱᛖᛏᛋ,513
exploringly,2823,0,ᛖᛉᛈᛚᚩᚱᛝᛚᚣ,503
satyrlike,2821,0,ᛋᚪᛏᚣᚱᛚᛁᚳᛖ,507
ironweeds,2815,0,ᛁᚱᚩᚾᚹᛖᛖᛞᛋ,373
plumbless,2814,0,ᛈᛚᚢᛗᛒᛚᛖᛋᛋ,497
sculptile,2812,0,ᛋᚳᚢᛚᛈᛏᛁᛚᛖ,415
wassailer,2804,0,ᚹᚪᛋᛋᚪᛁᛚᛖᚱ,501
visorless,2804,0,ᚢᛁᛋᚩᚱᛚᛖᛋᛋ,351
toucanets,2803,0,ᛏᚩᚢᚳᚪᚾᛖᛏᛋ,387
trucklers,2801,0,ᛏᚱᚢᚳᚳᛚᛖᚱᛋ,303
handselling,2789,0,ᚻᚪᚾᛞᛋᛖᛚᛚᛝ,583
departers,2789,0,ᛞᛖᛈᚪᚱᛏᛖᚱᛋ,497
barmbrack,2781,0,ᛒᚪᚱᛗᛒᚱᚪᚳᚳ,435
resistingly,2780,0,ᚱᛖᛋᛁᛋᛏᛝᛚᚣ,529
globosity,2780,0,ᚷᛚᚩᛒᚩᛋᛁᛏᚣ,411
fingerstall,2777,0,ᚠᛝᛖᚱᛋᛏᚪᛚᛚ,514
avertible,2776,0,ᚪᚢᛖᚱᛏᛁᛒᛚᛖ,469
perjurous,2768,0,ᛈᛖᚱᛂᚢᚱᚩᚢᛋ,235
iridaceous,2764,0,ᛁᚱᛁᛞᚪᚳᛇᚢᛋ,369
tawniness,2763,0,ᛏᚪᚹᚾᛁᚾᛖᛋᛋ,437
inveigler,2763,0,ᛁᚾᚢᛖᛁᚷᛚᛖᚱ,329
dustsheet,2762,0,ᛞᚢᛋᛏᛋᚻᛖᛖᛏ,473
achromasia,2758,0,ᚪᚳᚻᚱᚩᛗᚪᛋᛡ,479
ingurgitate,2755,0,ᛝᚢᚱᚷᛁᛏᚪᛏᛖ,423
flimflams,2754,0,ᚠᛚᛁᛗᚠᛚᚪᛗᛋ,473
lambently,2749,0,ᛚᚪᛗᛒᛖᚾᛏᛚᚣ,633
bellworts,2744,0,ᛒᛖᛚᛚᚹᚩᚱᛏᛋ,423
splashily,2740,0,ᛋᛈᛚᚪᛋᚻᛁᛚᚣ,549
oarswomen,2739,0,ᚩᚪᚱᛋᚹᚩᛗᛖᚾ,361
dysphorias,2735,0,ᛞᚣᛋᛈᚻᚩᚱᛡᛋ,489
bilobated,2731,0,ᛒᛁᛚᚩᛒᚪᛏᛖᛞ,545
frogmarch,2730,0,ᚠᚱᚩᚷᛗᚪᚱᚳᚻ,252
cranreuch,2727,0,ᚳᚱᚪᚾᚱᛖᚢᚳᚻ,267
narwhales,2723,0,ᚾᚪᚱᚹᚻᚪᛚᛖᛋ,469
banterers,2723,0,ᛒᚪᚾᛏᛖᚱᛖᚱᛋ,455
sourcrout,2721,0,ᛋᚩᚢᚱᚳᚱᚩᚢᛏ,167
metricate,2711,0,ᛗᛖᛏᚱᛁᚳᚪᛏᛖ,475
orangeness,2706,0,ᚩᚱᚪᛝᛖᚾᛖᛋᛋ,463
vilipending,2704,0,ᚢᛁᛚᛁᛈᛖᚾᛞᛝ,445
allosaurs,2700,0,ᚪᛚᛚᚩᛋᚪᚢᚱᛋ,467
overtaker,2690,0,ᚩᚢᛖᚱᛏᚪᚳᛖᚱ,335
arthralgic,2687,0,ᚪᚱᚦᚱᚪᛚᚷᛁᚳ,355
jabberers,2686,0,ᛂᚪᛒᛒᛖᚱᛖᚱᛋ,465
tornillos,2683,0,ᛏᚩᚱᚾᛁᛚᛚᚩᛋ,343
martyrizing,2683,0,ᛗᚪᚱᛏᚣᚱᛁᛋᛝ,515
samphires,2679,0,ᛋᚪᛗᛈᚻᛁᚱᛖᛋ,449
mazourkas,2677,0,ᛗᚪᛋᚩᚢᚱᚳᚪᛋ,405
brutelike,2677,0,ᛒᚱᚢᛏᛖᛚᛁᚳᛖ,385
armisteads,2674,0,ᚪᚱᛗᛁᛋᛏᛠᛞᛋ,573
coelostats,2673,0,ᚳᛟᛚᚩᛋᛏᚪᛏᛋ,497
heraldist,2672,0,ᚻᛖᚱᚪᛚᛞᛁᛋᛏ,503
peridinian,2671,0,ᛈᛖᚱᛁᛞᛁᚾᛡᚾ,437
decayable,2668,0,ᛞᛖᚳᚪᚣᚪᛒᛚᛖ,667
unratable,2661,0,ᚢᚾᚱᚪᛏᚪᛒᛚᛖ,497
overlording,2661,0,ᚩᚢᛖᚱᛚᚩᚱᛞᛝ,347
suspicioning,2656,0,ᛋᚢᛋᛈᛁᚳᛡᚾᛝ,411
divulgers,2655,0,ᛞᛁᚢᚢᛚᚷᛖᚱᛋ,347
hygrodeik,2653,0,ᚻᚣᚷᚱᚩᛞᛖᛁᚳ,361
fishpoles,2648,0,ᚠᛁᛋᚻᛈᚩᛚᛖᛋ,352
gloweringly,2645,0,ᚷᛚᚩᚹᛖᚱᛝᛚᚣ,449
emeraudes,2640,0,ᛖᛗᛖᚱᚪᚢᛞᛖᛋ,525
favoredly,2639,0,ᚠᚪᚢᚩᚱᛖᛞᛚᚣ,452
mousiness,2636,0,ᛗᚩᚢᛋᛁᚾᛖᛋᛋ,367
vainglories,2633,0,ᚢᚪᛝᛚᚩᚱᛁᛖᛋ,421
hexastich,2633,0,ᚻᛖᛉᚪᛋᛏᛁᚳᚻ,413
aleurones,2632,0,ᚪᛚᛖᚢᚱᚩᚾᛖᛋ,407
misspends,2630,0,ᛗᛁᛋᛋᛈᛖᚾᛞᛋ,489
spoilable,2628,0,ᛋᛈᚩᛁᛚᚪᛒᛚᛖ,505
silenuses,2628,0,ᛋᛁᛚᛖᚾᚢᛋᛖᛋ,429
calamitys,2618,0,ᚳᚪᛚᚪᛗᛁᛏᚣᛋ,597
fissipeds,2613,0,ᚠᛁᛋᛋᛁᛈᛖᛞᛋ,422
cataclasm,2609,0,ᚳᚪᛏᚪᚳᛚᚪᛋᛗ,573
blastular,2608,0,ᛒᛚᚪᛋᛏᚢᛚᚪᚱ,527
unfevered,2606,0,ᚢᚾᚠᛖᚢᛖᚱᛖᛞ,338
seedcakes,2606,0,ᛋᛖᛖᛞᚳᚪᚳᛖᛋ,519
footposts,2604,0,ᚠᚩᚩᛏᛈᚩᛋᛏᛋ,290
extollers,2604,0,ᛖᛉᛏᚩᛚᛚᛖᚱᛋ,457
sprigtail,2603,0,ᛋᛈᚱᛁᚷᛏᚪᛁᛚ,415
maturates,2601,0,ᛗᚪᛏᚢᚱᚪᛏᛖᛋ,517
weakfishes,2598,0,ᚹᛠᚳᚠᛁᛋᚻᛖᛋ,370
vitalness,2597,0,ᚢᛁᛏᚪᛚᚾᛖᛋᛋ,465
sandworts,2597,0,ᛋᚪᚾᛞᚹᚩᚱᛏᛋ,417
enlumined,2595,0,ᛖᚾᛚᚢᛗᛁᚾᛖᛞ,459
manducate,2592,0,ᛗᚪᚾᛞᚢᚳᚪᛏᛖ,525
salientian,2587,0,ᛋᚪᛚᛁᛖᚾᛏᛡᚾ,545
unknitted,2586,0,ᚢᚾᚳᚾᛁᛏᛏᛖᛞ,379
theosophism,2580,0,ᚦᛇᛋᚩᛈᚻᛁᛋᛗ,327
expectingly,2578,0,ᛖᛉᛈᛖᚳᛏᛝᛚᚣ,551
bandarlog,2573,0,ᛒᚪᚾᛞᚪᚱᛚᚩᚷ,481
adamantean,2572,0,ᚪᛞᚪᛗᚪᚾᛏᛠᚾ,677
unlimbers,2567,0,ᚢᚾᛚᛁᛗᛒᛖᚱᛋ,399
sweatboxes,2562,0,ᛋᚹᛠᛏᛒᚩᛉᛖᛋ,475
crazyweed,2555,0,ᚳᚱᚪᛋᚣᚹᛖᛖᛞ,519
enfevered,2551,0,ᛖᚾᚠᛖᚢᛖᚱᛖᛞ,402
brouhahas,2550,0,ᛒᚱᚩᚢᚻᚪᚻᚪᛋ,375
beckoningly,2549,0,ᛒᛖᚳᚳᚩᚾᛝᛚᚣ,445
witnesser,2548,0,ᚹᛁᛏᚾᛖᛋᛋᛖᚱ,389
errancies,2543,0,ᛖᚱᚱᚪᚾᚳᛁᛖᛋ,379
piggishly,2540,0,ᛈᛁᚷᚷᛁᛋᚻᛚᚣ,391
blackseed,2538,0,ᛒᛚᚪᚳᚳᛋᛖᛖᛞ,533
pentatone,2532,0,ᛈᛖᚾᛏᚪᛏᚩᚾᛖ,457
romagnese,2531,0,ᚱᚩᛗᚪᚷᚾᛖᛋᛖ,419
hairgrips,2531,0,ᚻᚪᛁᚱᚷᚱᛁᛈᛋ,317
sciolistic,2525,0,ᛋᚳᛡᛚᛁᛋᛏᛁᚳ,433
crownwork,2519,0,ᚳᚱᚩᚹᚾᚹᚩᚱᚳ,129
remarkers,2518,0,ᚱᛖᛗᚪᚱᚳᛖᚱᛋ,401
furbishes,2518,0,ᚠᚢᚱᛒᛁᛋᚻᛖᛋ,304
repercuss,2512,0,ᚱᛖᛈᛖᚱᚳᚢᛋᛋ,321
mantispid,2511,0,ᛗᚪᚾᛏᛁᛋᛈᛁᛞ,503
lemonlike,2510,0,ᛚᛖᛗᚩᚾᛚᛁᚳᛖ,431
corianders,2503,0,ᚳᚩᚱᛡᚾᛞᛖᚱᛋ,387
tamanduas,2501,0,ᛏᚪᛗᚪᚾᛞᚢᚪᛋ,595
exuberate,2500,0,ᛖᛉᚢᛒᛖᚱᚪᛏᛖ,479
nepotists,2498,0,ᚾᛖᛈᚩᛏᛁᛋᛏᛋ,401
profusive,2496,0,ᛈᚱᚩᚠᚢᛋᛁᚢᛖ,220
oxytocins,2492,0,ᚩᛉᚣᛏᚩᚳᛁᚾᛋ,349
empoisoning,2491,0,ᛖᛗᛈᚩᛁᛋᚩᚾᛝ,387
inaesthetic,2481,0,ᛁᚾᚫᛋᚦᛖᛏᛁᚳ,389
succeeder,2478,0,ᛋᚢᚳᚳᛖᛖᛞᛖᚱ,383
sempsters,2475,0,ᛋᛖᛗᛈᛋᛏᛖᚱᛋ,477
dishevels,2475,0,ᛞᛁᛋᚻᛖᚢᛖᛚᛋ,459
unallured,2473,0,ᚢᚾᚪᛚᛚᚢᚱᛖᛞ,445
inoffending,2460,0,ᛁᚾᚩᚠᚠᛖᚾᛞᛝ,335
bellowers,2459,0,ᛒᛖᛚᛚᚩᚹᛖᚱᛋ,431
unraveler,2457,0,ᚢᚾᚱᚪᚢᛖᛚᛖᚱ,361
pomewater,2456,0,ᛈᚩᛗᛖᚹᚪᛏᛖᚱ,441
tyranness,2449,0,ᛏᚣᚱᚪᚾᚾᛖᛋᛋ,501
jobberies,2447,0,ᛂᚩᛒᛒᛖᚱᛁᛖᛋ,395
blastemic,2447,0,ᛒᛚᚪᛋᛏᛖᛗᛁᚳ,525
expenders,2445,0,ᛖᛉᛈᛖᚾᛞᛖᚱᛋ,473
polypuses,2443,0,ᛈᚩᛚᚣᛈᚢᛋᛖᛋ,445
ecstasied,2439,0,ᛖᚳᛋᛏᚪᛋᛁᛖᛞ,529
heftiness,2438,0,ᚻᛖᚠᛏᛁᚾᛖᛋᛋ,384
validness,2437,0,ᚢᚪᛚᛁᛞᚾᛖᛋᛋ,495
gowdspink,2435,0,ᚷᚩᚹᛞᛋᛈᛁᚾᚳ,301
rabidness,2434,0,ᚱᚪᛒᛁᛞᚾᛖᛋᛋ,491
bestialize,2432,0,ᛒᛖᛋᛏᛡᛚᛁᛋᛖ,571
empierced,2431,0,ᛖᛗᛈᛁᛖᚱᚳᛖᛞ,459
fishified,2430,0,ᚠᛁᛋᚻᛁᚠᛁᛖᛞ,329
alderamin,2428,0,ᚪᛚᛞᛖᚱᚪᛗᛁᚾ,565
paginates,2424,0,ᛈᚪᚷᛁᚾᚪᛏᛖᛋ,493
maudlinly,2424,0,ᛗᚪᚢᛞᛚᛁᚾᛚᚣ,569
tinniness,2417,0,ᛏᛁᚾᚾᛁᚾᛖᛋᛋ,381
hebrewess,2415,0,ᚻᛖᛒᚱᛖᚹᛖᛋᛋ,421
tenebrious,2414,0,ᛏᛖᚾᛖᛒᚱᛡᚢᛋ,457
polestars,2413,0,ᛈᚩᛚᛖᛋᛏᚪᚱᛋ,463
slabbered,2412,0,ᛋᛚᚪᛒᛒᛖᚱᛖᛞ,579
stoneroot,2408,0,ᛋᛏᚩᚾᛖᚱᚩᚩᛏ,299
sectarist,2405,0,ᛋᛖᚳᛏᚪᚱᛁᛋᛏ,443
devilship,2404,0,ᛞᛖᚢᛁᛚᛋᚻᛁᛈ,413
retinenes,2401,0,ᚱᛖᛏᛁᚾᛖᚾᛖᛋ,413
acrophony,2400,0,ᚪᚳᚱᚩᛈᚻᚩᚾᚣ,333
analogise,2399,0,ᚪᚾᚪᛚᚩᚷᛁᛋᛖ,471
meanderingly,2398,0,ᛗᛠᚾᛞᛖᚱᛝᛚᚣ,631
cryolites,2394,0,ᚳᚱᚣᚩᛚᛁᛏᛖᛋ,417
celioscopy,2393,0,ᚳᛖᛚᛡᛋᚳᚩᛈᚣ,479
unrevived,2390,0,ᚢᚾᚱᛖᚢᛁᚢᛖᛞ,303
divinator,2390,0,ᛞᛁᚢᛁᚾᚪᛏᚩᚱ,357
endamebas,2388,0,ᛖᚾᛞᚪᛗᛖᛒᚪᛋ,631
carburise,2388,0,ᚳᚪᚱᛒᚢᚱᛁᛋᛖ,347
hacqueton,2387,0,ᚻᚪᚳᚳᚹᛖᛏᚩᚾ,327
amoristic,2384,0,ᚪᛗᚩᚱᛁᛋᛏᛁᚳ,373
brookweed,2378,0,ᛒᚱᚩᚩᚳᚹᛖᛖᛞ,341
reguerdon,2377,0,ᚱᛖᚷᚢᛖᚱᛞᚩᚾ,301
hundreder,2374,0,ᚻᚢᚾᛞᚱᛖᛞᛖᚱ,389
alizarins,2370,0,ᚪᛚᛁᛋᚪᚱᛁᚾᛋ,475
bandsters,2369,0,ᛒᚪᚾᛞᛋᛏᛖᚱᛋ,519
improvingly,2368,0,ᛁᛗᛈᚱᚩᚢᛝᛚᚣ,421
bascinets,2367,0,ᛒᚪᛋᚳᛁᚾᛖᛏᛋ,463
royallest,2365,0,ᚱᚩᚣᚪᛚᛚᛖᛋᛏ,543
marbleize,2363,0,ᛗᚪᚱᛒᛚᛖᛁᛋᛖ,531
unmanlike,2362,0,ᚢᚾᛗᚪᚾᛚᛁᚳᛖ,413
calycular,2360,0,ᚳᚪᛚᚣᚳᚢᛚᚪᚱ,483
touristry,2358,0,ᛏᚩᚢᚱᛁᛋᛏᚱᚣ,337
cockcrows,2352,0,ᚳᚩᚳᚳᚳᚱᚩᚹᛋ,149
blustrous,2346,0,ᛒᛚᚢᛋᛏᚱᚩᚢᛋ,323
uncurdled,2345,0,ᚢᚾᚳᚢᚱᛞᛚᛖᛞ,377
autotomic,2345,0,ᚪᚢᛏᚩᛏᚩᛗᛁᚳ,347
ensampled,2344,0,ᛖᚾᛋᚪᛗᛈᛚᛖᛞ,589
vacillant,2336,0,ᚢᚪᚳᛁᛚᛚᚪᚾᛏ,475
undecagon,2336,0,ᚢᚾᛞᛖᚳᚪᚷᚩᚾ,351
occasioner,2336,0,ᚩᚳᚳᚪᛋᛡᚾᛖᚱ,397
heliolatry,2335,0,ᚻᛖᛚᛡᛚᚪᛏᚱᚣ,613
mesoderms,2327,0,ᛗᛖᛋᚩᛞᛖᚱᛗᛋ,489
ponderers,2326,0,ᛈᚩᚾᛞᛖᚱᛖᚱᛋ,377
purslanes,2324,0,ᛈᚢᚱᛋᛚᚪᚾᛖᛋ,429
dickybird,2324,0,ᛞᛁᚳᚳᚣᛒᛁᚱᛞ,441
certosina,2323,0,ᚳᛖᚱᛏᚩᛋᛁᚾᚪ,367
slowworms,2314,0,ᛋᛚᚩᚹᚹᚩᚱᛗᛋ,313
peasanthood,2313,0,ᛈᛠᛋᚪᚾᚦᚩᚩᛞ,439
osculated,2299,0,ᚩᛋᚳᚢᛚᚪᛏᛖᛞ,461
afflicter,2298,0,ᚪᚠᚠᛚᛁᚳᛏᛖᚱ,355
hamulites,2294,0,ᚻᚪᛗᚢᛚᛁᛏᛖᛋ,477
backdates,2289,0,ᛒᚪᚳᚳᛞᚪᛏᛖᛋ,549
chitchats,2278,0,ᚳᚻᛁᛏᚳᚻᚪᛏᛋ,371
doomsdays,2266,0,ᛞᚩᚩᛗᛋᛞᚪᚣᛋ,569
caraganas,2263,0,ᚳᚪᚱᚪᚷᚪᚾᚪᛋ,511
wampumpeag,2251,0,ᚹᚪᛗᛈᚢᛗᛈᛠᚷ,473
plugholes,2248,0,ᛈᛚᚢᚷᚻᚩᛚᛖᛋ,359
complotting,2245,0,ᚳᚩᛗᛈᛚᚩᛏᛏᛝ,411
melomaniac,2244,0,ᛗᛖᛚᚩᛗᚪᚾᛡᚳ,535
barbarise,2239,0,ᛒᚪᚱᛒᚪᚱᛁᛋᛖ,489
tubbiness,2238,0,ᛏᚢᛒᛒᛁᚾᛖᛋᛋ,417
homoiotherm,2236,0,ᚻᚩᛗᚩᛡᚦᛖᚱᛗ,369
carrottop,2235,0,ᚳᚪᚱᚱᚩᛏᛏᚩᛈ,307
canonises,2232,0,ᚳᚪᚾᚩᚾᛁᛋᛖᛋ,379
abradants,2231,0,ᚪᛒᚱᚪᛞᚪᚾᛏᛋ,593
stickweed,2230,0,ᛋᛏᛁᚳᚳᚹᛖᛖᛞ,411
logogriph,2230,0,ᛚᚩᚷᚩᚷᚱᛁᛈᚻ,229
hoggishly,2230,0,ᚻᚩᚷᚷᛁᛋᚻᛚᚣ,347
wantonest,2218,0,ᚹᚪᚾᛏᚩᚾᛖᛋᛏ,419
crenelled,2218,0,ᚳᚱᛖᚾᛖᛚᛚᛖᛞ,489
unresenting,2203,0,ᚢᚾᚱᛖᛋᛖᚾᛏᛝ,397
cynophobia,2203,0,ᚳᚣᚾᚩᛈᚻᚩᛒᛡ,393
perditions,2198,0,ᛈᛖᚱᛞᛁᛏᛡᚾᛋ,489
nephrolith,2195,0,ᚾᛖᛈᚻᚱᚩᛚᛁᚦ,289
quadrennia,2192,0,ᚳᚹᚪᛞᚱᛖᚾᚾᛡ,461
strossers,2189,0,ᛋᛏᚱᚩᛋᛋᛖᚱᛋ,367
miltonism,2189,0,ᛗᛁᛚᛏᚩᚾᛁᛋᛗ,425
brininess,2187,0,ᛒᚱᛁᚾᛁᚾᛖᛋᛋ,365
cupboarding,2181,0,ᚳᚢᛈᛒᚩᚪᚱᛞᛝ,403
dislimned,2179,0,ᛞᛁᛋᛚᛁᛗᚾᛖᛞ,533
uintathere,2177,0,ᚢᛁᚾᛏᚪᚦᛖᚱᛖ,369
rerebrace,2176,0,ᚱᛖᚱᛖᛒᚱᚪᚳᛖ,405
gripsacks,2175,0,ᚷᚱᛁᛈᛋᚪᚳᚳᛋ,331
modernest,2172,0,ᛗᚩᛞᛖᚱᚾᛖᛋᛏ,453
milbankes,2172,0,ᛗᛁᛚᛒᚪᚾᚳᛖᛋ,495
unelegant,2164,0,ᚢᚾᛖᛚᛖᚷᚪᚾᛏ,441
reattempting,2161,0,ᚱᛠᛏᛏᛖᛗᛈᛏᛝ,557
snowbells,2159,0,ᛋᚾᚩᚹᛒᛖᛚᛚᛋ,435
featherfoil,2157,0,ᚠᛠᚦᛖᚱᚠᚩᛁᛚ,307
darkeners,2157,0,ᛞᚪᚱᚳᛖᚾᛖᚱᛋ,437
breadboxes,2157,0,ᛒᚱᛠᛞᛒᚩᛉᛖᛋ,505
booklouse,2155,0,ᛒᚩᚩᚳᛚᚩᚢᛋᛖ,291
frijolito,2154,0,ᚠᚱᛁᛂᚩᛚᛁᛏᚩ,258
algophobia,2152,0,ᚪᛚᚷᚩᛈᚻᚩᛒᛡ,435
authoriser,2150,0,ᚪᚢᚦᚩᚱᛁᛋᛖᚱ,285
dropkicks,2149,0,ᛞᚱᚩᛈᚳᛁᚳᚳᛋ,273
oxygenize,2145,0,ᚩᛉᚣᚷᛖᚾᛁᛋᛖ,421
outbounds,2144,0,ᚩᚢᛏᛒᚩᚢᚾᛞᛋ,311
bandelets,2138,0,ᛒᚪᚾᛞᛖᛚᛖᛏᛋ,595
bedraggle,2136,0,ᛒᛖᛞᚱᚪᚷᚷᛚᛖ,499
mussiness,2134,0,ᛗᚢᛋᛋᛁᚾᛖᛋᛋ,413
buckramed,2131,0,ᛒᚢᚳᚳᚱᚪᛗᛖᛞ,425
headlinese,2128,0,ᚻᛠᛞᛚᛁᚾᛖᛋᛖ,541
whizzbangs,2124,0,ᚹᚻᛁᛋᛋᛒᚪᛝᛋ,469
unconfining,2123,0,ᚢᚾᚳᚩᚾᚠᛁᚾᛝ,222
potterers,2122,0,ᛈᚩᛏᛏᛖᚱᛖᚱᛋ,377
thumbstall,2120,0,ᚦᚢᛗᛒᛋᛏᚪᛚᛚ,495
shylockian,2120,0,ᛋᚻᚣᛚᚩᚳᚳᛡᚾ,421
frostbiting,2120,0,ᚠᚱᚩᛋᛏᛒᛁᛏᛝ,362
repellingly,2114,0,ᚱᛖᛈᛖᛚᛚᛝᛚᚣ,589
calyptras,2113,0,ᚳᚪᛚᚣᛈᛏᚱᚪᛋ,549
shortgown,2105,0,ᛋᚻᚩᚱᛏᚷᚩᚹᚾ,225
overprize,2104,0,ᚩᚢᛖᚱᛈᚱᛁᛋᛖ,293
unapproving,2103,0,ᚢᚾᚪᛈᛈᚱᚩᚢᛝ,315
foreshews,2093,0,ᚠᚩᚱᛖᛋᚻᛖᚹᛋ,302
postponer,2091,0,ᛈᚩᛋᛏᛈᚩᚾᛖᚱ,319
epitaphed,2081,0,ᛖᛈᛁᛏᚪᛈᚻᛖᛞ,519
faddiness,2079,0,ᚠᚪᛞᛞᛁᚾᛖᛋᛋ,510
apposable,2079,0,ᚪᛈᛈᚩᛋᚪᛒᛚᛖ,541
falterers,2068,0,ᚠᚪᛚᛏᛖᚱᛖᚱᛋ,440
interluding,2066,0,ᛁᚾᛏᛖᚱᛚᚢᛞᛝ,441
yellowtop,2065,0,ᚣᛖᛚᛚᚩᚹᛏᚩᛈ,451
papishers,2061,0,ᛈᚪᛈᛁᛋᚻᛖᚱᛋ,421
garganeys,2056,0,ᚷᚪᚱᚷᚪᚾᛖᚣᛋ,491
epauleted,2056,0,ᛖᛈᚪᚢᛚᛖᛏᛖᛞ,565
clemently,2056,0,ᚳᛚᛖᛗᛖᚾᛏᛚᚣ,555
curlycues,2054,0,ᚳᚢᚱᛚᚣᚳᚢᛖᛋ,339
opalesque,2047,0,ᚩᛈᚪᛚᛖᛋᚳᚹᛖ,439
shivarees,2046,0,ᛋᚻᛁᚢᚪᚱᛖᛖᛋ,405
bellpulls,2034,0,ᛒᛖᛚᛚᛈᚢᛚᛚᛋ,519
cascabels,2026,0,ᚳᚪᛋᚳᚪᛒᛖᛚᛋ,527
tourneyed,2017,0,ᛏᚩᚢᚱᚾᛖᚣᛖᛞ,435
rubberize,2014,0,ᚱᚢᛒᛒᛖᚱᛁᛋᛖ,365
houseward,2014,0,ᚻᚩᚢᛋᛖᚹᚪᚱᛞ,369
unrequiting,2011,0,ᚢᚾᚱᛖᚳᚹᛁᛏᛝ,311
rubicelle,2009,0,ᚱᚢᛒᛁᚳᛖᛚᛚᛖ,399
splitworm,2004,0,ᛋᛈᛚᛁᛏᚹᚩᚱᛗ,367
eclampsias,1995,0,ᛖᚳᛚᚪᛗᛈᛋᛡᛋ,577
beefcakes,1995,0,ᛒᛖᛖᚠᚳᚪᚳᛖᛋ,440
digenesis,1992,0,ᛞᛁᚷᛖᚾᛖᛋᛁᛋ,437
clocksmith,1990,0,ᚳᛚᚩᚳᚳᛋᛗᛁᚦ,279
keeshonds,1988,0,ᚳᛖᛖᛋᚻᚩᚾᛞᛋ,401
engelmannia,1986,0,ᛖᛝᛖᛚᛗᚪᚾᚾᛡ,619
ergophobia,1981,0,ᛖᚱᚷᚩᛈᚻᚩᛒᛡ,343
niggerish,1980,0,ᚾᛁᚷᚷᛖᚱᛁᛋᚻ,279
vaporific,1979,0,ᚢᚪᛈᚩᚱᛁᚠᛁᚳ,238
disdainer,1977,0,ᛞᛁᛋᛞᚪᛁᚾᛖᚱ,497
chaetodons,1977,0,ᚳᚻᚫᛏᚩᛞᚩᚾᛋ,381
enveigled,1974,0,ᛖᚾᚢᛖᛁᚷᛚᛖᛞ,443
holostome,1971,0,ᚻᚩᛚᚩᛋᛏᚩᛗᛖ,367
actiniarian,1970,0,ᚪᚳᛏᛁᚾᛡᚱᛡᚾ,483
philogyny,1967,0,ᛈᚻᛁᛚᚩᚷᚣᚾᚣ,429
underlook,1962,0,ᚢᚾᛞᛖᚱᛚᚩᚩᚳ,299
finaglers,1961,0,ᚠᛁᚾᚪᚷᛚᛖᚱᛋ,380
taffrails,1957,0,ᛏᚪᚠᚠᚱᚪᛁᛚᛋ,425
prolongers,1955,0,ᛈᚱᚩᛚᚩᛝᛖᚱᛋ,351
bacterioid,1954,0,ᛒᚪᚳᛏᛖᚱᛡᛁᛞ,535
fleeciest,1953,0,ᚠᛚᛖᛖᚳᛁᛖᛋᛏ,432
methodizes,1952,0,ᛗᛖᚦᚩᛞᛁᛋᛖᛋ,443
pantables,1951,0,ᛈᚪᚾᛏᚪᛒᛚᛖᛋ,579
corflambo,1950,0,ᚳᚩᚱᚠᛚᚪᛗᛒᚩ,342
uxoriously,1949,0,ᚢᛉᚩᚱᛡᚢᛋᛚᚣ,407
overkills,1948,0,ᚩᚢᛖᚱᚳᛁᛚᛚᛋ,331
slouchingly,1946,0,ᛋᛚᚩᚢᚳᚻᛝᛚᚣ,427
slipnoose,1945,0,ᛋᛚᛁᛈᚾᚩᚩᛋᛖ,363
loutishly,1945,0,ᛚᚩᚢᛏᛁᛋᚻᛚᚣ,425
gradatory,1945,0,ᚷᚱᚪᛞᚪᛏᚩᚱᚣ,491
parishens,1943,0,ᛈᚪᚱᛁᛋᚻᛖᚾᛋ,407
luxuriation,1942,0,ᛚᚢᛉᚢᚱᛡᛏᛡᚾ,439
galleyman,1941,0,ᚷᚪᛚᛚᛖᚣᛗᚪᚾ,627
ethanamide,1941,0,ᛖᚦᚪᚾᚪᛗᛁᛞᛖ,553
sectators,1937,0,ᛋᛖᚳᛏᚪᛏᚩᚱᛋ,419
undimpled,1933,0,ᚢᚾᛞᛁᛗᛈᛚᛖᛞ,495
limonenes,1933,0,ᛚᛁᛗᚩᚾᛖᚾᛖᛋ,427
coseismal,1931,0,ᚳᚩᛋᛖᛁᛋᛗᚪᛚ,465
outswelling,1930,0,ᚩᚢᛏᛋᚹᛖᛚᛚᛝ,433
unpatient,1929,0,ᚢᚾᛈᚪᛏᛁᛖᚾᛏ,417
rebaptise,1929,0,ᚱᛖᛒᚪᛈᛏᛁᛋᛖ,489
reendowed,1924,0,ᚱᛖᛖᚾᛞᚩᚹᛖᛞ,445
scelerats,1922,0,ᛋᚳᛖᛚᛖᚱᚪᛏᛋ,493
zymolysis,1919,0,ᛋᚣᛗᚩᛚᚣᛋᛁᛋ,547
squishier,1918,0,ᛋᚳᚹᛁᛋᚻᛁᛖᚱ,301
rosmarine,1915,0,ᚱᚩᛋᛗᚪᚱᛁᚾᛖ,377
coagulums,1913,0,ᚳᚩᚪᚷᚢᛚᚢᛗᛋ,337
trueloves,1912,0,ᛏᚱᚢᛖᛚᚩᚢᛖᛋ,343
cadencies,1906,0,ᚳᚪᛞᛖᚾᚳᛁᛖᛋ,459
serpentry,1904,0,ᛋᛖᚱᛈᛖᚾᛏᚱᚣ,443
laconisms,1904,0,ᛚᚪᚳᚩᚾᛁᛋᛗᛋ,427
compasser,1904,0,ᚳᚩᛗᛈᚪᛋᛋᛖᚱ,415
untressed,1903,0,ᚢᚾᛏᚱᛖᛋᛋᛖᛞ,431
comburent,1903,0,ᚳᚩᛗᛒᚢᚱᛖᚾᛏ,321
metheglins,1901,0,ᛗᛖᚦᛖᚷᛚᛁᚾᛋ,413
britishly,1900,0,ᛒᚱᛁᛏᛁᛋᚻᛚᚣ,445
abrogator,1898,0,ᚪᛒᚱᚩᚷᚪᛏᚩᚱ,367
reeveship,1886,0,ᚱᛖᛖᚢᛖᛋᚻᛁᛈ,365
midbrains,1880,0,ᛗᛁᛞᛒᚱᚪᛁᚾᛋ,473
whinberry,1879,0,ᚹᚻᛁᚾᛒᛖᚱᚱᚣ,355
piscaries,1879,0,ᛈᛁᛋᚳᚪᚱᛁᛖᛋ,399
bullshits,1874,0,ᛒᚢᛚᛚᛋᚻᛁᛏᛋ,429
ramequins,1873,0,ᚱᚪᛗᛖᚳᚹᛁᚾᛋ,391
bombycids,1872,0,ᛒᚩᛗᛒᚣᚳᛁᛞᛋ,489
kurrajongs,1870,0,ᚳᚢᚱᚱᚪᛂᚩᛝᛋ,311
squabbler,1865,0,ᛋᚳᚹᚪᛒᛒᛚᛖᚱ,455
anosmatic,1865,0,ᚪᚾᚩᛋᛗᚪᛏᛁᚳ,457
bolograph,1862,0,ᛒᚩᛚᚩᚷᚱᚪᛈᚻ,339
slouchily,1861,0,ᛋᛚᚩᚢᚳᚻᛁᛚᚣ,379
harewoods,1860,0,ᚻᚪᚱᛖᚹᚩᚩᛞᛋ,373
backbands,1859,0,ᛒᚪᚳᚳᛒᚪᚾᛞᛋ,513
mimuluses,1857,0,ᛗᛁᛗᚢᛚᚢᛋᛖᛋ,425
disarrays,1856,0,ᛞᛁᛋᚪᚱᚱᚪᚣᛋ,545
leastaways,1855,0,ᛚᛠᛋᛏᚪᚹᚪᚣᛋ,663
vellicate,1853,0,ᚢᛖᛚᛚᛁᚳᚪᛏᛖ,483
crossruff,1850,0,ᚳᚱᚩᛋᛋᚱᚢᚠᚠ,155
doltishly,1847,0,ᛞᚩᛚᛏᛁᛋᚻᛚᚣ,511
sillabubs,1845,0,ᛋᛁᛚᛚᚪᛒᚢᛒᛋ,505
cockbirds,1838,0,ᚳᚩᚳᚳᛒᛁᚱᛞᛋ,291
dreariment,1837,0,ᛞᚱᛠᚱᛁᛗᛖᚾᛏ,477
fistulate,1834,0,ᚠᛁᛋᛏᚢᛚᚪᛏᛖ,444
swinelike,1832,0,ᛋᚹᛁᚾᛖᛚᛁᚳᛖ,383
barleymow,1831,0,ᛒᚪᚱᛚᛖᚣᛗᚩᚹ,509
stragulum,1829,0,ᛋᛏᚱᚪᚷᚢᛚᚢᛗ,387
clamberer,1828,0,ᚳᛚᚪᛗᛒᛖᚱᛖᚱ,471
benitiers,1828,0,ᛒᛖᚾᛁᛏᛁᛖᚱᛋ,409
soreheaded,1825,0,ᛋᚩᚱᛖᚻᛠᛞᛖᛞ,515
platinize,1825,0,ᛈᛚᚪᛏᛁᚾᛁᛋᛖ,483
expletory,1824,0,ᛖᛉᛈᛚᛖᛏᚩᚱᚣ,477
colpocele,1823,0,ᚳᚩᛚᛈᚩᚳᛖᛚᛖ,363
communise,1822,0,ᚳᚩᛗᛗᚢᚾᛁᛋᛖ,345
declinant,1820,0,ᛞᛖᚳᛚᛁᚾᚪᚾᛏ,487
consulary,1820,0,ᚳᚩᚾᛋᚢᛚᚪᚱᚣ,389
shrubbier,1818,0,ᛋᚻᚱᚢᛒᛒᛁᛖᚱ,321
noblesses,1815,0,ᚾᚩᛒᛚᛖᛋᛋᛖᛋ,463
fustigate,1810,0,ᚠᚢᛋᛏᛁᚷᚪᛏᛖ,388
snakefish,1806,0,ᛋᚾᚪᚳᛖᚠᛁᛋᚻ,368
matelotes,1805,0,ᛗᚪᛏᛖᛚᚩᛏᛖᛋ,553
unprovoking,1798,0,ᚢᚾᛈᚱᚩᚢᚩᚳᛝ,195
snipefish,1789,0,ᛋᚾᛁᛈᛖᚠᛁᛋᚻ,332
unsinewed,1780,0,ᚢᚾᛋᛁᚾᛖᚹᛖᛞ,387
lithomancy,1780,0,ᛚᛁᚦᚩᛗᚪᚾᚳᚣ,429
disgraded,1776,0,ᛞᛁᛋᚷᚱᚪᛞᛖᛞ,543
advenient,1774,0,ᚪᛞᚢᛖᚾᛁᛖᚾᛏ,471
demonisms,1772,0,ᛞᛖᛗᚩᚾᛁᛋᛗᛋ,471
misadvise,1764,0,ᛗᛁᛋᚪᛞᚢᛁᛋᛖ,495
tuppences,1759,0,ᛏᚢᛈᛈᛖᚾᚳᛖᛋ,377
solvations,1755,0,ᛋᚩᛚᚢᚪᛏᛡᚾᛋ,481
amputator,1754,0,ᚪᛗᛈᚢᛏᚪᛏᚩᚱ,447
binturongs,1753,0,ᛒᛁᚾᛏᚢᚱᚩᛝᛋ,333
wordmonger,1752,0,ᚹᚩᚱᛞᛗᚩᛝᛖᚱ,361
slobberer,1752,0,ᛋᛚᚩᛒᛒᛖᚱᛖᚱ,411
schmoozes,1751,0,ᛋᚳᚻᛗᚩᚩᛋᛖᛋ,347
bellyfuls,1751,0,ᛒᛖᛚᛚᚣᚠᚢᛚᛋ,508
paederasts,1743,0,ᛈᚫᛞᛖᚱᚪᛋᛏᛋ,573
peppiness,1740,0,ᛈᛖᛈᛈᛁᚾᛖᛋᛋ,429
acidulent,1735,0,ᚪᚳᛁᛞᚢᛚᛖᚾᛏ,461
oarswoman,1734,0,ᚩᚪᚱᛋᚹᚩᛗᚪᚾ,391
nerveroot,1733,0,ᚾᛖᚱᚢᛖᚱᚩᚩᛏ,261
scrapheaps,1724,0,ᛋᚳᚱᚪᛈᚻᛠᛈᛋ,445
wirehairs,1722,0,ᚹᛁᚱᛖᚻᚪᛁᚱᛋ,343
nutmegged,1722,0,ᚾᚢᛏᛗᛖᚷᚷᛖᛞ,419
herringboning,1722,0,ᚻᛖᚱᚱᛝᛒᚩᚾᛝ,367
causalgias,1721,0,ᚳᚪᚢᛋᚪᛚᚷᛡᛋ,513
deprehend,1719,0,ᛞᛖᛈᚱᛖᚻᛖᚾᛞ,485
hemolyses,1717,0,ᚻᛖᛗᚩᛚᚣᛋᛖᛋ,517
glossalgia,1715,0,ᚷᛚᚩᛋᛋᚪᛚᚷᛡ,497
desertful,1715,0,ᛞᛖᛋᛖᚱᛏᚠᚢᛚ,424
browallias,1715,0,ᛒᚱᚩᚹᚪᛚᛚᛡᛋ,501
vanillins,1713,0,ᚢᚪᚾᛁᛚᛚᛁᚾᛋ,419
pantarchy,1712,0,ᛈᚪᚾᛏᚪᚱᚳᚻᚣ,475
paunchier,1710,0,ᛈᚪᚢᚾᚳᚻᛁᛖᚱ,317
prologued,1708,0,ᛈᚱᚩᛚᚩᚷᚢᛖᛞ,317
souwester,1704,0,ᛋᚩᚢᚹᛖᛋᛏᛖᚱ,339
millennian,1702,0,ᛗᛁᛚᛚᛖᚾᚾᛡᚾ,509
ensanguine,1697,0,ᛖᚾᛋᚪᛝᚢᛁᚾᛖ,455
nasturtion,1695,0,ᚾᚪᛋᛏᚢᚱᛏᛡᚾ,447
stockcars,1694,0,ᛋᛏᚩᚳᚳᚳᚪᚱᛋ,319
slouchers,1694,0,ᛋᛚᚩᚢᚳᚻᛖᚱᛋ,303
swinehood,1689,0,ᛋᚹᛁᚾᛖᚻᚩᚩᛞ,325
fertilest,1683,0,ᚠᛖᚱᛏᛁᛚᛖᛋᛏ,422
lychgates,1681,0,ᛚᚣᚳᚻᚷᚪᛏᛖᛋ,505
amberfish,1679,0,ᚪᛗᛒᛖᚱᚠᛁᛋᚻ,416
snivelers,1677,0,ᛋᚾᛁᚢᛖᛚᛖᚱᛋ,387
tenpences,1675,0,ᛏᛖᚾᛈᛖᚾᚳᛖᛋ,427
pasturers,1669,0,ᛈᚪᛋᛏᚢᚱᛖᚱᛋ,397
upbraider,1668,0,ᚢᛈᛒᚱᚪᛁᛞᛖᚱ,413
godspeeds,1654,0,ᚷᚩᛞᛋᛈᛖᛖᛞᛋ,485
dolabrate,1652,0,ᛞᚩᛚᚪᛒᚱᚪᛏᛖ,561
sarcoptid,1647,0,ᛋᚪᚱᚳᚩᛈᛏᛁᛞ,403
spinelles,1644,0,ᛋᛈᛁᚾᛖᛚᛚᛖᛋ,489
fulgurous,1643,0,ᚠᚢᛚᚷᚢᚱᚩᚢᛋ,172
uplighted,1642,0,ᚢᛈᛚᛁᚷᚻᛏᛖᛞ,405
decathlons,1641,0,ᛞᛖᚳᚪᚦᛚᚩᚾᛋ,433
bulginess,1636,0,ᛒᚢᛚᚷᛁᚾᛖᛋᛋ,387
susurrous,1635,0,ᛋᚢᛋᚢᚱᚱᚩᚢᛋ,197
birthworts,1630,0,ᛒᛁᚱᚦᚹᚩᚱᛏᛋ,257
remittals,1627,0,ᚱᛖᛗᛁᛏᛏᚪᛚᛋ,521
unexamining,1621,0,ᚢᚾᛖᛉᚪᛗᛁᚾᛝ,453
shadberry,1620,0,ᛋᚻᚪᛞᛒᛖᚱᚱᚣ,515
ghettoise,1618,0,ᚷᚻᛖᛏᛏᚩᛁᛋᛖ,383
tiercelet,1616,0,ᛏᛁᛖᚱᚳᛖᛚᛖᛏ,447
turneries,1614,0,ᛏᚢᚱᚾᛖᚱᛁᛖᛋ,331
swampiest,1614,0,ᛋᚹᚪᛗᛈᛁᛖᛋᛏ,493
unforbearing,1606,0,ᚢᚾᚠᚩᚱᛒᛠᚱᛝ,312
underchin,1606,0,ᚢᚾᛞᛖᚱᚳᚻᛁᚾ,295
inflaters,1606,0,ᛁᚾᚠᛚᚪᛏᛖᚱᛋ,422
etiologist,1604,0,ᛖᛏᛡᛚᚩᚷᛁᛋᛏ,473
calceolate,1599,0,ᚳᚪᛚᚳᛇᛚᚪᛏᛖ,533
grovelers,1598,0,ᚷᚱᚩᚢᛖᛚᛖᚱᛋ,309
ciclatoun,1593,0,ᚳᛁᚳᛚᚪᛏᚩᚢᚾ,325
yuletides,1591,0,ᚣᚢᛚᛖᛏᛁᛞᛖᛋ,545
breathalyse,1591,0,ᛒᚱᛠᚦᚪᛚᚣᛋᛖ,579
roquettes,1590,0,ᚱᚩᚳᚹᛖᛏᛏᛖᛋ,355
pyrograph,1589,0,ᛈᚣᚱᚩᚷᚱᚪᛈᚻ,355
scrofulas,1587,0,ᛋᚳᚱᚩᚠᚢᛚᚪᛋ,312
metrified,1587,0,ᛗᛖᛏᚱᛁᚠᛁᛖᛞ,428
abnormous,1587,0,ᚪᛒᚾᚩᚱᛗᚩᚢᛋ,339
ovoflavin,1583,0,ᚩᚢᚩᚠᛚᚪᚢᛁᚾ,252
brainpans,1583,0,ᛒᚱᚪᛁᚾᛈᚪᚾᛋ,451
diacaustic,1579,0,ᛞᛡᚳᚪᚢᛋᛏᛁᚳ,465
fretworks,1578,0,ᚠᚱᛖᛏᚹᚩᚱᚳᛋ,242
notecases,1575,0,ᚾᚩᛏᛖᚳᚪᛋᛖᛋ,445
marlberry,1575,0,ᛗᚪᚱᛚᛒᛖᚱᚱᚣ,505
earthquaked,1572,0,ᛠᚱᚦᚳᚹᚪᚳᛖᛞ,423
inanitions,1571,0,ᛁᚾᚪᚾᛁᛏᛡᚾᛋ,465
greensick,1571,0,ᚷᚱᛖᛖᚾᛋᛁᚳᚳ,301
darwinite,1569,0,ᛞᚪᚱᚹᛁᚾᛁᛏᛖ,433
bevatrons,1569,0,ᛒᛖᚢᚪᛏᚱᚩᚾᛋ,387
slugabeds,1568,0,ᛋᛚᚢᚷᚪᛒᛖᛞᛋ,513
unexacted,1562,0,ᚢᚾᛖᛉᚪᚳᛏᛖᛞ,471
conacaste,1559,0,ᚳᚩᚾᚪᚳᚪᛋᛏᛖ,435
therewhile,1557,0,ᚦᛖᚱᛖᚹᚻᛁᛚᛖ,363
connivingly,1555,0,ᚳᚩᚾᚾᛁᚢᛝᛚᚣ,367
malanders,1554,0,ᛗᚪᛚᚪᚾᛞᛖᚱᛋ,587
cryometer,1553,0,ᚳᚱᚣᚩᛗᛖᛏᛖᚱ,409
cockateel,1552,0,ᚳᚩᚳᚳᚪᛏᛖᛖᛚ,409
remitment,1551,0,ᚱᛖᛗᛁᛏᛗᛖᚾᛏ,465
topophone,1549,0,ᛏᚩᛈᚩᛈᚻᚩᚾᛖ,285
wassailings,1544,0,ᚹᚪᛋᛋᚪᛁᛚᛝᛋ,555
dziggetai,1539,0,ᛞᛋᛁᚷᚷᛖᛏᚪᛁ,461
pervasions,1537,0,ᛈᛖᚱᚢᚪᛋᛡᚾᛋ,463
unpolluting,1536,0,ᚢᚾᛈᚩᛚᛚᚢᛏᛝ,369
falconine,1533,0,ᚠᚪᛚᚳᚩᚾᛁᚾᛖ,348
thwartwise,1531,0,ᚦᚹᚪᚱᛏᚹᛁᛋᛖ,361
embrocate,1530,0,ᛖᛗᛒᚱᚩᚳᚪᛏᛖ,453
thesmothete,1528,0,ᚦᛖᛋᛗᚩᚦᛖᛏᛖ,401
cricketed,1523,0,ᚳᚱᛁᚳᚳᛖᛏᛖᛞ,363
sterculias,1522,0,ᛋᛏᛖᚱᚳᚢᛚᛡᛋ,439
mouthiness,1522,0,ᛗᚩᚢᚦᛁᚾᛖᛋᛋ,319
whunstane,1519,0,ᚹᚻᚢᚾᛋᛏᚪᚾᛖ,379
lipoidemia,1518,0,ᛚᛁᛈᚩᛁᛞᛖᛗᛡ,519
cancelier,1517,0,ᚳᚪᚾᚳᛖᛚᛁᛖᚱ,401
diestocks,1514,0,ᛞᛁᛖᛋᛏᚩᚳᚳᛋ,385
scabiouses,1513,0,ᛋᚳᚪᛒᛡᚢᛋᛖᛋ,507
limberest,1513,0,ᛚᛁᛗᛒᛖᚱᛖᛋᛏ,493
loaferdom,1512,0,ᛚᚩᚪᚠᛖᚱᛞᚩᛗ,424
consonate,1511,0,ᚳᚩᚾᛋᚩᚾᚪᛏᛖ,361
perigonal,1510,0,ᛈᛖᚱᛁᚷᚩᚾᚪᛚ,375
enhancive,1509,0,ᛖᚾᚻᚪᚾᚳᛁᚢᛖ,359
scraggled,1507,0,ᛋᚳᚱᚪᚷᚷᛚᛖᛞ,437
accoladed,1505,0,ᚪᚳᚳᚩᛚᚪᛞᛖᛞ,545
rebellowing,1504,0,ᚱᛖᛒᛖᛚᛚᚩᚹᛝ,457
cisjurane,1504,0,ᚳᛁᛋᛂᚢᚱᚪᚾᛖ,341
mischoice,1497,0,ᛗᛁᛋᚳᚻᚩᛁᚳᛖ,309
unmisgiving,1495,0,ᚢᚾᛗᛁᛋᚷᛁᚢᛝ,317
maniclike,1494,0,ᛗᚪᚾᛁᚳᛚᛁᚳᛖ,425
acanthuses,1493,0,ᚪᚳᚪᚾᚦᚢᛋᛖᛋ,417
feudalize,1492,0,ᚠᛖᚢᛞᚪᛚᛁᛋᛖ,482
witchwork,1490,0,ᚹᛁᛏᚳᚻᚹᚩᚱᚳ,195
cookwares,1489,0,ᚳᚩᚩᚳᚹᚪᚱᛖᛋ,287
arrowworm,1482,0,ᚪᚱᚱᚩᚹᚹᚩᚱᛗ,253
aromatise,1478,0,ᚪᚱᚩᛗᚪᛏᛁᛋᛖ,493
putterers,1477,0,ᛈᚢᛏᛏᛖᚱᛖᚱᛋ,373
coalholes,1476,0,ᚳᚩᚪᛚᚻᚩᛚᛖᛋ,413
fetometry,1474,0,ᚠᛖᛏᚩᛗᛖᛏᚱᚣ,446
furfurans,1470,0,ᚠᚢᚱᚠᚢᚱᚪᚾᛋ,211
caddishly,1470,0,ᚳᚪᛞᛞᛁᛋᚻᛚᚣ,571
venditions,1466,0,ᚢᛖᚾᛞᛁᛏᛡᚾᛋ,467
seedcases,1464,0,ᛋᛖᛖᛞᚳᚪᛋᛖᛋ,559
blubberer,1464,0,ᛒᛚᚢᛒᛒᛖᚱᛖᚱ,415
baldpated,1461,0,ᛒᚪᛚᛞᛈᚪᛏᛖᛞ,675
wheedlers,1458,0,ᚹᚻᛖᛖᛞᛚᛖᚱᛋ,469
symphysion,1458,0,ᛋᚣᛗᛈᚻᚣᛋᛡᚾ,585
tapelines,1455,0,ᛏᚪᛈᛖᛚᛁᚾᛖᛋ,519
pointiest,1454,0,ᛈᚩᛁᚾᛏᛁᛖᛋᛏ,379
unrazored,1453,0,ᚢᚾᚱᚪᛋᚩᚱᛖᛞ,367
ectoderms,1453,0,ᛖᚳᛏᚩᛞᛖᚱᛗᛋ,437
laudators,1452,0,ᛚᚪᚢᛞᚪᛏᚩᚱᛋ,489
adorantes,1452,0,ᚪᛞᚩᚱᚪᚾᛏᛖᛋ,509
junketeer,1450,0,ᛂᚢᚾᚳᛖᛏᛖᛖᚱ,353
beshrewed,1450,0,ᛒᛖᛋᚻᚱᛖᚹᛖᛞ,457
nephology,1449,0,ᚾᛖᛈᚻᚩᛚᚩᚷᚣ,369
gauziness,1441,0,ᚷᚪᚢᛋᛁᚾᛖᛋᛋ,403
asininely,1441,0,ᚪᛋᛁᚾᛁᚾᛖᛚᚣ,513
pichiciago,1440,0,ᛈᛁᚳᚻᛁᚳᛡᚷᚩ,285
asystoles,1440,0,ᚪᛋᚣᛋᛏᚩᛚᛖᛋ,565
bibliotics,1431,0,ᛒᛁᛒᛚᛡᛏᛁᚳᛋ,489
amphigory,1431,0,ᚪᛗᛈᚻᛁᚷᚩᚱᚣ,403
neatnesses,1429,0,ᚾᛠᛏᚾᛖᛋᛋᛖᛋ,519
venatorial,1428,0,ᚢᛖᚾᚪᛏᚩᚱᛡᛚ,453
undeluged,1427,0,ᚢᚾᛞᛖᛚᚢᚷᛖᛞ,437
myriagrams,1426,0,ᛗᚣᚱᛡᚷᚱᚪᛗᛋ,541
aviatrixes,1423,0,ᚪᚢᛡᛏᚱᛁᛉᛖᛋ,475
currishly,1422,0,ᚳᚢᚱᚱᛁᛋᚻᛚᚣ,321
nonviscid,1420,0,ᚾᚩᚾᚢᛁᛋᚳᛁᛞ,285
cromornes,1417,0,ᚳᚱᚩᛗᚩᚱᚾᛖᛋ,269
encradled,1416,0,ᛖᚾᚳᚱᚪᛞᛚᛖᛞ,535
horologic,1414,0,ᚻᚩᚱᚩᛚᚩᚷᛁᚳ,189
autotypic,1407,0,ᚪᚢᛏᚩᛏᚣᛈᛁᚳ,415
anaplasty,1407,0,ᚪᚾᚪᛈᛚᚪᛋᛏᚣ,651
rusticism,1406,0,ᚱᚢᛋᛏᛁᚳᛁᛋᛗ,325
colicroot,1405,0,ᚳᚩᛚᛁᚳᚱᚩᚩᛏ,221
lancinate,1404,0,ᛚᚪᚾᚳᛁᚾᚪᛏᛖ,495
bullnoses,1402,0,ᛒᚢᛚᛚᚾᚩᛋᛖᛋ,419
aluminize,1402,0,ᚪᛚᚢᛗᛁᚾᛁᛋᛖ,455
clamourer,1401,0,ᚳᛚᚪᛗᚩᚢᚱᛖᚱ,353
shooflies,1395,0,ᛋᚻᚩᚩᚠᛚᛁᛖᛋ,316
comedowns,1391,0,ᚳᚩᛗᛖᛞᚩᚹᚾᛋ,355
affectate,1390,0,ᚪᚠᚠᛖᚳᛏᚪᛏᛖ,463
taxonomer,1387,0,ᛏᚪᛉᚩᚾᚩᛗᛖᚱ,395
condolent,1386,0,ᚳᚩᚾᛞᚩᛚᛖᚾᛏ,373
indexless,1385,0,ᛁᚾᛞᛖᛉᛚᛖᛋᛋ,509
ramshorns,1384,0,ᚱᚪᛗᛋᚻᚩᚱᚾᛋ,355
lovemakings,1382,0,ᛚᚩᚢᛖᛗᚪᚳᛝᛋ,463
columbary,1382,0,ᚳᚩᛚᚢᛗᛒᚪᚱᚣ,439
sibilancy,1381,0,ᛋᛁᛒᛁᛚᚪᚾᚳᚣ,491
crepuscle,1371,0,ᚳᚱᛖᛈᚢᛋᚳᛚᛖ,343
doggishly,1370,0,ᛞᚩᚷᚷᛁᛋᚻᛚᚣ,413
sourwoods,1359,0,ᛋᚩᚢᚱᚹᚩᚩᛞᛋ,249
soapworts,1357,0,ᛋᚩᚪᛈᚹᚩᚱᛏᛋ,349
ecdysiasts,1355,0,ᛖᚳᛞᚣᛋᛡᛋᛏᛋ,597
amarelles,1354,0,ᚪᛗᚪᚱᛖᛚᛚᛖᛋ,609
underlips,1353,0,ᚢᚾᛞᛖᚱᛚᛁᛈᛋ,399
stoicisms,1352,0,ᛋᛏᚩᛁᚳᛁᛋᛗᛋ,371
pliantness,1352,0,ᛈᛚᛡᚾᛏᚾᛖᛋᛋ,513
margarins,1352,0,ᛗᚪᚱᚷᚪᚱᛁᚾᛋ,417
scrabbler,1349,0,ᛋᚳᚱᚪᛒᛒᛚᛖᚱ,447
rimesters,1349,0,ᚱᛁᛗᛖᛋᛏᛖᚱᛋ,423
gantelope,1349,0,ᚷᚪᚾᛏᛖᛚᚩᛈᛖ,459
primrosed,1346,0,ᛈᚱᛁᛗᚱᚩᛋᛖᛞ,383
sedgelike,1343,0,ᛋᛖᛞᚷᛖᛚᛁᚳᛖ,477
bursiform,1339,0,ᛒᚢᚱᛋᛁᚠᚩᚱᛗ,250
sweetsops,1337,0,ᛋᚹᛖᛖᛏᛋᚩᛈᛋ,421
betrotheds,1337,0,ᛒᛖᛏᚱᚩᚦᛖᛞᛋ,419
chelations,1335,0,ᚳᚻᛖᛚᚪᛏᛡᚾᛋ,521
unchalked,1334,0,ᚢᚾᚳᚻᚪᛚᚳᛖᛞ,407
shrewmice,1332,0,ᛋᚻᚱᛖᚹᛗᛁᚳᛖ,355
recentest,1329,0,ᚱᛖᚳᛖᚾᛏᛖᛋᛏ,425
dimnesses,1329,0,ᛞᛁᛗᚾᛖᛋᛋᛖᛋ,513
bellehood,1329,0,ᛒᛖᛚᛚᛖᚻᚩᚩᛞ,467
designful,1328,0,ᛞᛖᛋᛁᚷᚾᚠᚢᛚ,364
baronages,1328,0,ᛒᚪᚱᚩᚾᚪᚷᛖᛋ,439
squirmingly,1327,0,ᛋᚳᚹᛁᚱᛗᛝᛚᚣ,453
fissipede,1326,0,ᚠᛁᛋᛋᛁᛈᛖᛞᛖ,436
fetlocked,1321,0,ᚠᛖᛏᛚᚩᚳᚳᛖᛞ,390
callipering,1321,0,ᚳᚪᛚᛚᛁᛈᛖᚱᛝ,487
bisontine,1321,0,ᛒᛁᛋᚩᚾᛏᛁᚾᛖ,367
quietuses,1316,0,ᚳᚹᛁᛖᛏᚢᛋᛖᛋ,365
cocuswood,1316,0,ᚳᚩᚳᚢᛋᚹᚩᚩᛞ,211
laplandic,1314,0,ᛚᚪᛈᛚᚪᚾᛞᛁᚳ,545
absolvers,1314,0,ᚪᛒᛋᚩᛚᚢᛖᚱᛋ,425
feverfews,1311,0,ᚠᛖᚢᛖᚱᚠᛖᚹᛋ,291
carnalize,1311,0,ᚳᚪᚱᚾᚪᛚᛁᛋᛖ,471
anathemize,1302,0,ᚪᚾᚪᚦᛖᛗᛁᛋᛖ,517
fruitages,1299,0,ᚠᚱᚢᛁᛏᚪᚷᛖᛋ,340
herdesses,1297,0,ᚻᛖᚱᛞᛖᛋᛋᛖᛋ,483
muscadels,1296,0,ᛗᚢᛋᚳᚪᛞᛖᛚᛋ,519
corkwoods,1296,0,ᚳᚩᚱᚳᚹᚩᚩᛞᛋ,219
crampfish,1294,0,ᚳᚱᚪᛗᛈᚠᛁᛋᚻ,344
chamfrons,1292,0,ᚳᚻᚪᛗᚠᚱᚩᚾᛋ,306
larceners,1285,0,ᛚᚪᚱᚳᛖᚾᛖᚱᛋ,421
apotheosise,1283,0,ᚪᛈᚩᚦᛇᛋᛁᛋᛖ,397
depilator,1282,0,ᛞᛖᛈᛁᛚᚪᛏᚩᚱ,477
jurywoman,1281,0,ᛂᚢᚱᚣᚹᚩᛗᚪᚾ,377
disforest,1277,0,ᛞᛁᛋᚠᚩᚱᛖᛋᛏ,372
euphemise,1275,0,ᛖᚢᛈᚻᛖᛗᛁᛋᛖ,425
frizettes,1265,0,ᚠᚱᛁᛋᛖᛏᛏᛖᛋ,402
roughlegs,1263,0,ᚱᚩᚢᚷᚻᛚᛖᚷᛋ,271
disadvise,1262,0,ᛞᛁᛋᚪᛞᚢᛁᛋᛖ,513
praenomens,1259,0,ᛈᚱᚫᚾᚩᛗᛖᚾᛋ,411
taphouses,1258,0,ᛏᚪᛈᚻᚩᚢᛋᛖᛋ,405
unballast,1254,0,ᚢᚾᛒᚪᛚᛚᚪᛋᛏ,545
lutemaker,1254,0,ᛚᚢᛏᛖᛗᚪᚳᛖᚱ,461
uranology,1252,0,ᚢᚱᚪᚾᚩᛚᚩᚷᚣ,347
unshrined,1250,0,ᚢᚾᛋᚻᚱᛁᚾᛖᛞ,335
footfault,1250,0,ᚠᚩᚩᛏᚠᚪᚢᛚᛏ,309
mucklucks,1248,0,ᛗᚢᚳᚳᛚᚢᚳᚳᛋ,255
garrottes,1248,0,ᚷᚪᚱᚱᚩᛏᛏᛖᛋ,381
muddledom,1243,0,ᛗᚢᛞᛞᛚᛖᛞᚩᛗ,559
frolicker,1239,0,ᚠᚱᚩᛚᛁᚳᚳᛖᚱ,228
rewardful,1238,0,ᚱᛖᚹᚪᚱᛞᚠᚢᛚ,372
syllabize,1235,0,ᛋᚣᛚᛚᚪᛒᛁᛋᛖ,611
raunchily,1230,0,ᚱᚪᚢᚾᚳᚻᛁᛚᚣ,383
uncrudded,1228,0,ᚢᚾᚳᚱᚢᛞᛞᛖᛞ,393
gambettas,1221,0,ᚷᚪᛗᛒᛖᛏᛏᚪᛋ,581
cataphasia,1219,0,ᚳᚪᛏᚪᛈᚻᚪᛋᛡ,589
relumined,1217,0,ᚱᛖᛚᚢᛗᛁᚾᛖᛞ,441
woadwaxen,1214,0,ᚹᚩᚪᛞᚹᚪᛉᛖᚾ,471
angiocarpic,1212,0,ᚪᛝᛡᚳᚪᚱᛈᛁᚳ,491
flightful,1203,0,ᚠᛚᛁᚷᚻᛏᚠᚢᛚ,283
untwinkling,1199,0,ᚢᚾᛏᚹᛁᚾᚳᛚᛝ,335
encrimson,1199,0,ᛖᚾᚳᚱᛁᛗᛋᚩᚾ,311
sargassos,1196,0,ᛋᚪᚱᚷᚪᛋᛋᚩᛋ,441
vitalisms,1193,0,ᚢᛁᛏᚪᛚᛁᛋᛗᛋ,471
shipsides,1192,0,ᛋᚻᛁᛈᛋᛁᛞᛖᛋ,443
cannelons,1190,0,ᚳᚪᚾᚾᛖᛚᚩᚾᛋ,397
governail,1186,0,ᚷᚩᚢᛖᚱᚾᚪᛁᛚ,335
chaffweed,1181,0,ᚳᚻᚪᚠᚠᚹᛖᛖᛞ,379
radiancies,1180,0,ᚱᚪᛞᛡᚾᚳᛁᛖᛋ,497
zoanthropy,1179,0,ᛋᚩᚪᚾᚦᚱᚩᛈᚣ,355
mopboards,1171,0,ᛗᚩᛈᛒᚩᚪᚱᛞᛋ,439
cypripedia,1170,0,ᚳᚣᛈᚱᛁᛈᛖᛞᛡ,507
fearfuller,1162,0,ᚠᛠᚱᚠᚢᛚᛚᛖᚱ,351
cigarfish,1156,0,ᚳᛁᚷᚪᚱᚠᛁᛋᚻ,278
alchemise,1156,0,ᚪᛚᚳᚻᛖᛗᛁᛋᛖ,495
pronations,1155,0,ᛈᚱᚩᚾᚪᛏᛡᚾᛋ,435
phyllodial,1154,0,ᛈᚻᚣᛚᛚᚩᛞᛡᛚ,591
impacable,1152,0,ᛁᛗᛈᚪᚳᚪᛒᛚᛖ,553
nativisms,1151,0,ᚾᚪᛏᛁᚢᛁᛋᛗᛋ,427
teaberries,1149,0,ᛏᛠᛒᛖᚱᚱᛁᛖᛋ,469
spilikins,1149,0,ᛋᛈᛁᛚᛁᚳᛁᚾᛋ,357
falderals,1149,0,ᚠᚪᛚᛞᛖᚱᚪᛚᛋ,562
basinfuls,1147,0,ᛒᚪᛋᛁᚾᚠᚢᛚᛋ,402
windlassing,1144,0,ᚹᛁᚾᛞᛚᚪᛋᛋᛝ,523
megatherian,1143,0,ᛗᛖᚷᚪᚦᛖᚱᛡᚾ,471
prongbucks,1142,0,ᛈᚱᚩᛝᛒᚢᚳᚳᛋ,283
stomatous,1141,0,ᛋᛏᚩᛗᚪᛏᚩᚢᛋ,409
toothworts,1140,0,ᛏᚩᚩᚦᚹᚩᚱᛏᛋ,227
woolgather,1138,0,ᚹᚩᚩᛚᚷᚪᚦᛖᚱ,303
steenboks,1132,0,ᛋᛏᛖᛖᚾᛒᚩᚳᛋ,409
nippiness,1132,0,ᚾᛁᛈᛈᛁᚾᛖᛋᛋ,379
gladliest,1132,0,ᚷᛚᚪᛞᛚᛁᛖᛋᛏ,559
komondors,1129,0,ᚳᚩᛗᚩᚾᛞᚩᚱᛋ,287
vestrydom,1128,0,ᚢᛖᛋᛏᚱᚣᛞᚩᛗ,463
hirudinean,1128,0,ᚻᛁᚱᚢᛞᛁᚾᛠᚾ,355
bassarisk,1127,0,ᛒᚪᛋᛋᚪᚱᛁᛋᚳ,469
sauceless,1125,0,ᛋᚪᚢᚳᛖᛚᛖᛋᛋ,479
somberest,1124,0,ᛋᚩᛗᛒᛖᚱᛖᛋᛏ,449
grassiest,1122,0,ᚷᚱᚪᛋᛋᛁᛖᛋᛏ,441
bimotored,1121,0,ᛒᛁᛗᚩᛏᚩᚱᛖᛞ,403
rebutment,1120,0,ᚱᛖᛒᚢᛏᛗᛖᚾᛏ,427
orgillous,1120,0,ᚩᚱᚷᛁᛚᛚᚩᚢᛋ,275
clottered,1118,0,ᚳᛚᚩᛏᛏᛖᚱᛖᛞ,445
beadswoman,1114,0,ᛒᛠᛞᛋᚹᚩᛗᚪᚾ,535
anacoluthia,1114,0,ᚪᚾᚪᚳᚩᛚᚢᚦᛡ,431
medicaids,1108,0,ᛗᛖᛞᛁᚳᚪᛁᛞᛋ,541
aerophytes,1107,0,ᚫᚱᚩᛈᚻᚣᛏᛖᛋ,467
dismaller,1106,0,ᛞᛁᛋᛗᚪᛚᛚᛖᚱ,565
isogamete,1105,0,ᛁᛋᚩᚷᚪᛗᛖᛏᛖ,469
inveigher,1101,0,ᛁᚾᚢᛖᛁᚷᚻᛖᚱ,279
autogamic,1101,0,ᚪᚢᛏᚩᚷᚪᛗᛁᚳ,395
rattiness,1097,0,ᚱᚪᛏᛏᛁᚾᛖᛋᛋ,459
nictitate,1097,0,ᚾᛁᚳᛏᛁᛏᚪᛏᛖ,445
feteritas,1097,0,ᚠᛖᛏᛖᚱᛁᛏᚪᛋ,446
disformed,1096,0,ᛞᛁᛋᚠᚩᚱᛗᛖᛞ,420
scrubbird,1095,0,ᛋᚳᚱᚢᛒᛒᛁᚱᛞ,333
caseworms,1094,0,ᚳᚪᛋᛖᚹᚩᚱᛗᛋ,391
escalader,1089,0,ᛖᛋᚳᚪᛚᚪᛞᛖᚱ,567
pipeworts,1088,0,ᛈᛁᛈᛖᚹᚩᚱᛏᛋ,333
tetanilla,1087,0,ᛏᛖᛏᚪᚾᛁᛚᛚᚪ,585
singularise,1086,0,ᛋᛝᚢᛚᚪᚱᛁᛋᛖ,467
disprover,1083,0,ᛞᛁᛋᛈᚱᚩᚢᛖᚱ,315
tickseeds,1081,0,ᛏᛁᚳᚳᛋᛖᛖᛞᛋ,445
lampshell,1081,0,ᛚᚪᛗᛈᛋᚻᛖᛚᛚ,573
arctogaeal,1080,0,ᚪᚱᚳᛏᚩᚷᚫᚪᛚ,475
mailsacks,1079,0,ᛗᚪᛁᛚᛋᚪᚳᚳᛋ,501
sovietise,1077,0,ᛋᚩᚢᛁᛖᛏᛁᛋᛖ,371
pennoncel,1077,0,ᛈᛖᚾᚾᚩᚾᚳᛖᛚ,357
underleasing,1075,0,ᚢᚾᛞᛖᚱᛚᛠᛋᛝ,513
surfeitings,1075,0,ᛋᚢᚱᚠᛖᛁᛏᛝᛋ,358
brasslike,1074,0,ᛒᚱᚪᛋᛋᛚᛁᚳᛖ,459
carrycots,1073,0,ᚳᚪᚱᚱᚣᚳᚩᛏᛋ,367
amenaunce,1067,0,ᚪᛗᛖᚾᚪᚢᚾᚳᛖ,473
unstormed,1066,0,ᚢᚾᛋᛏᚩᚱᛗᛖᛞ,389
rauwolfias,1065,0,ᚱᚪᚢᚹᚩᛚᚠᛡᛋ,372
heartseases,1063,0,ᚻᛠᚱᛏᛋᛠᛋᛖᛋ,537
mannitols,1060,0,ᛗᚪᚾᚾᛁᛏᚩᛚᛋ,449
puttyroot,1054,0,ᛈᚢᛏᛏᚣᚱᚩᚩᛏ,351
esurience,1052,0,ᛖᛋᚢᚱᛁᛖᚾᚳᛖ,341
dekalitre,1052,0,ᛞᛖᚳᚪᛚᛁᛏᚱᛖ,507
astrofell,1052,0,ᚪᛋᛏᚱᚩᚠᛖᛚᛚ,442
gaoleress,1051,0,ᚷᚪᚩᛚᛖᚱᛖᛋᛋ,445
klondyker,1050,0,ᚳᛚᚩᚾᛞᚣᚳᛖᚱ,405
coronachs,1050,0,ᚳᚩᚱᚩᚾᚪᚳᚻᛋ,253
bimestrial,1049,0,ᛒᛁᛗᛖᛋᛏᚱᛡᛚ,533
silverrod,1046,0,ᛋᛁᛚᚢᛖᚱᚱᚩᛞ,345
titubated,1043,0,ᛏᛁᛏᚢᛒᚪᛏᛖᛞ,525
pleuralgia,1043,0,ᛈᛚᛖᚢᚱᚪᛚᚷᛡ,491
aviatrices,1042,0,ᚪᚢᛡᛏᚱᛁᚳᛖᛋ,441
childbeds,1041,0,ᚳᚻᛁᛚᛞᛒᛖᛞᛋ,499
lagniappes,1038,0,ᛚᚪᚷᚾᛡᛈᛈᛖᛋ,529
unflogged,1032,0,ᚢᚾᚠᛚᚩᚷᚷᛖᛞ,304
lucubrating,1032,0,ᛚᚢᚳᚢᛒᚱᚪᛏᛝ,399
crenature,1031,0,ᚳᚱᛖᚾᚪᛏᚢᚱᛖ,357
languisher,1029,0,ᛚᚪᛝᚢᛁᛋᚻᛖᚱ,437
wallowish,1028,0,ᚹᚪᛚᛚᚩᚹᛁᛋᚻ,395
dasymeter,1028,0,ᛞᚪᛋᚣᛗᛖᛏᛖᚱ,617
frostwort,1025,0,ᚠᚱᚩᛋᛏᚹᚩᚱᛏ,228
undertide,1023,0,ᚢᚾᛞᛖᚱᛏᛁᛞᛖ,445
peskiness,1023,0,ᛈᛖᛋᚳᛁᚾᛖᛋᛋ,409
spellable,1018,0,ᛋᛈᛖᛚᛚᚪᛒᛚᛖ,607
sovenance,1010,0,ᛋᚩᚢᛖᚾᚪᚾᚳᛖ,365
genesiacal,1010,0,ᚷᛖᚾᛖᛋᛡᚳᚪᛚ,523
aleuronic,1010,0,ᚪᛚᛖᚢᚱᚩᚾᛁᚳ,331
sewellels,1009,0,ᛋᛖᚹᛖᛚᛚᛖᛚᛋ,545
anaclinal,1009,0,ᚪᚾᚪᚳᛚᛁᚾᚪᛚ,539
soundable,1004,0,ᛋᚩᚢᚾᛞᚪᛒᛚᛖ,479
beseemingly,1002,0,ᛒᛖᛋᛖᛖᛗᛝᛚᚣ,641
babirusas,1001,0,ᛒᚪᛒᛁᚱᚢᛋᚪᛋ,467
hemophile,1000,0,ᚻᛖᛗᚩᛈᚻᛁᛚᛖ,405
southwests,998,0,ᛋᚩᚢᚦᚹᛖᛋᛏᛋ,319
uncleship,997,0,ᚢᚾᚳᛚᛖᛋᚻᛁᛈ,335
despights,996,0,ᛞᛖᛋᛈᛁᚷᚻᛏᛋ,435
demulsify,996,0,ᛞᛖᛗᚢᛚᛋᛁᚠᚣ,492
syllogist,994,0,ᛋᚣᛚᛚᚩᚷᛁᛋᛏ,469
confabbed,989,0,ᚳᚩᚾᚠᚪᛒᛒᛖᛞ,426
recencies,988,0,ᚱᛖᚳᛖᚾᚳᛁᛖᛋ,351
hotheadedly,983,0,ᚻᚩᚦᛠᛞᛖᛞᛚᚣ,565
reconvict,982,0,ᚱᛖᚳᚩᚾᚢᛁᚳᛏ,233
jurywomen,981,0,ᛂᚢᚱᚣᚹᚩᛗᛖᚾ,347
peetweets,980,0,ᛈᛖᛖᛏᚹᛖᛖᛏᛋ,501
baboonish,980,0,ᛒᚪᛒᚩᚩᚾᛁᛋᚻ,369
filagrees,973,0,ᚠᛁᛚᚪᚷᚱᛖᛖᛋ,418
quietsome,971,0,ᚳᚹᛁᛖᛏᛋᚩᛗᛖ,387
cognations,971,0,ᚳᚩᚷᚾᚪᛏᛡᚾᛋ,411
pyrolatry,969,0,ᛈᚣᚱᚩᛚᚪᛏᚱᚣ,507
gyneolatry,969,0,ᚷᚣᚾᛇᛚᚪᛏᚱᚣ,533
stoutened,964,0,ᛋᛏᚩᚢᛏᛖᚾᛖᛞ,433
poshteens,957,0,ᛈᚩᛋᚻᛏᛖᛖᚾᛋ,401
subduable,955,0,ᛋᚢᛒᛞᚢᚪᛒᛚᛖ,507
sapiences,954,0,ᛋᚪᛈᛁᛖᚾᚳᛖᛋ,453
conjuries,949,0,ᚳᚩᚾᛂᚢᚱᛁᛖᛋ,251
palaeology,948,0,ᛈᚪᛚᚫᚩᛚᚩᚷᚣ,521
backdowns,947,0,ᛒᚪᚳᚳᛞᚩᚹᚾᛋ,381
pesterers,944,0,ᛈᛖᛋᛏᛖᚱᛖᚱᛋ,431
sourdines,942,0,ᛋᚩᚢᚱᛞᛁᚾᛖᛋ,343
unexcluding,941,0,ᚢᚾᛖᛉᚳᛚᚢᛞᛝ,403
jubilancy,940,0,ᛂᚢᛒᛁᛚᚪᚾᚳᚣ,447
pokeweeds,939,0,ᛈᚩᚳᛖᚹᛖᛖᛞᛋ,425
klondyked,939,0,ᚳᛚᚩᚾᛞᚣᚳᛖᛞ,483
seedtimes,938,0,ᛋᛖᛖᛞᛏᛁᛗᛖᛋ,557
sainfoins,938,0,ᛋᚪᛁᚾᚠᚩᛁᚾᛋ,332
metricize,938,0,ᛗᛖᛏᚱᛁᚳᛁᛋᛖ,403
boatbills,937,0,ᛒᚩᚪᛏᛒᛁᛚᛚᛋ,515
chafflike,936,0,ᚳᚻᚪᚠᚠᛚᛁᚳᛖ,321
ignescent,935,0,ᛁᚷᚾᛖᛋᚳᛖᚾᛏ,365
ablepharia,934,0,ᚪᛒᛚᛖᛈᚻᚪᚱᛡ,579
surprints,933,0,ᛋᚢᚱᛈᚱᛁᚾᛏᛋ,293
confluxes,932,0,ᚳᚩᚾᚠᛚᚢᛉᛖᛋ,294
onychosis,931,0,ᚩᚾᚣᚳᚻᚩᛋᛁᛋ,319
engineries,931,0,ᛖᛝᛁᚾᛖᚱᛁᛖᛋ,435
crumblier,931,0,ᚳᚱᚢᛗᛒᛚᛁᛖᚱ,341
megatheres,927,0,ᛗᛖᚷᚪᚦᛖᚱᛖᛋ,455
bugginess,927,0,ᛒᚢᚷᚷᛁᚾᛖᛋᛋ,331
shackbolt,926,0,ᛋᚻᚪᚳᚳᛒᚩᛚᛏ,399
orchotomy,926,0,ᚩᚱᚳᚻᚩᛏᚩᛗᚣ,301
offsaddle,924,0,ᚩᚠᚠᛋᚪᛞᛞᛚᛖ,479
scissures,921,0,ᛋᚳᛁᛋᛋᚢᚱᛖᛋ,337
incautions,917,0,ᛁᚾᚳᚪᚢᛏᛡᚾᛋ,421
teacupsful,916,0,ᛏᛠᚳᚢᛈᛋᚠᚢᛚ,358
ticktocks,915,0,ᛏᛁᚳᚳᛏᚩᚳᚳᛋ,261
filialness,915,0,ᚠᛁᛚᛡᛚᚾᛖᛋᛋ,488
cambooses,915,0,ᚳᚪᛗᛒᚩᚩᛋᛖᛋ,429
opiniastre,908,0,ᚩᛈᛁᚾᛡᛋᛏᚱᛖ,407
havenward,907,0,ᚻᚪᚢᛖᚾᚹᚪᚱᛞ,435
donkeyism,905,0,ᛞᚩᚾᚳᛖᚣᛁᛋᛗ,463
conenoses,904,0,ᚳᚩᚾᛖᚾᚩᛋᛖᛋ,325
strategian,901,0,ᛋᛏᚱᚪᛏᛖᚷᛡᚾ,499
shanghaier,900,0,ᛋᚻᚪᛝᚻᚪᛁᛖᚱ,481
bombinate,895,0,ᛒᚩᛗᛒᛁᚾᚪᛏᛖ,483
jactations,889,0,ᛂᚪᚳᛏᚪᛏᛡᚾᛋ,551
woodwoses,888,0,ᚹᚩᚩᛞᚹᚩᛋᛖᛋ,321
peculates,888,0,ᛈᛖᚳᚢᛚᚪᛏᛖᛋ,475
overpeers,888,0,ᚩᚢᛖᚱᛈᛖᛖᚱᛋ,329
jaggeries,887,0,ᛂᚪᚷᚷᛖᚱᛁᛖᛋ,397
balthazars,887,0,ᛒᚪᛚᚦᚪᛋᚪᚱᛋ,547
dumpcarts,885,0,ᛞᚢᛗᛈᚳᚪᚱᛏᛋ,439
remontado,876,0,ᚱᛖᛗᚩᚾᛏᚪᛞᚩ,437
reanswered,876,0,ᚱᛠᚾᛋᚹᛖᚱᛖᛞ,455
serotines,875,0,ᛋᛖᚱᚩᛏᛁᚾᛖᛋ,377
rigwoodie,873,0,ᚱᛁᚷᚹᚩᚩᛞᛁᛖ,279
unsealable,872,0,ᚢᚾᛋᛠᛚᚪᛒᛚᛖ,565
arthromere,867,0,ᚪᚱᚦᚱᚩᛗᛖᚱᛖ,347
klondykes,866,0,ᚳᛚᚩᚾᛞᚣᚳᛖᛋ,447
globulets,865,0,ᚷᛚᚩᛒᚢᛚᛖᛏᛋ,413
duchessed,864,0,ᛞᚢᚳᚻᛖᛋᛋᛖᛞ,457
stairheads,863,0,ᛋᛏᚪᛁᚱᚻᛠᛞᛋ,525
blastoffs,862,0,ᛒᛚᚪᛋᛏᚩᚠᚠᛋ,407
baudekins,862,0,ᛒᚪᚢᛞᛖᚳᛁᚾᛋ,443
horsefish,859,0,ᚻᚩᚱᛋᛖᚠᛁᛋᚻ,270
erewhiles,857,0,ᛖᚱᛖᚹᚻᛁᛚᛖᛋ,411
mercerise,856,0,ᛗᛖᚱᚳᛖᚱᛁᛋᛖ,391
bludgeoner,851,0,ᛒᛚᚢᛞᚷᛇᚾᛖᚱ,391
solemnify,850,0,ᛋᚩᛚᛖᛗᚾᛁᚠᚣ,436
gangboards,849,0,ᚷᚪᛝᛒᚩᚪᚱᛞᛋ,511
cupflower,848,0,ᚳᚢᛈᚠᛚᚩᚹᛖᚱ,238
abhenries,848,0,ᚪᛒᚻᛖᚾᚱᛁᛖᛋ,439
chymosins,847,0,ᚳᚻᚣᛗᚩᛋᛁᚾᛋ,383
beefwoods,845,0,ᛒᛖᛖᚠᚹᚩᚩᛞᛋ,372
throttlers,844,0,ᚦᚱᚩᛏᛏᛚᛖᚱᛋ,345
vomitives,842,0,ᚢᚩᛗᛁᛏᛁᚢᛖᛋ,325
terzettos,842,0,ᛏᛖᚱᛋᛖᛏᛏᚩᛋ,435
mamselles,842,0,ᛗᚪᛗᛋᛖᛚᛚᛖᛋ,625
tiltyards,839,0,ᛏᛁᛚᛏᚣᚪᚱᛞᛋ,575
steinboks,837,0,ᛋᛏᛖᛁᚾᛒᚩᚳᛋ,373
thingumajigs,836,0,ᚦᛝᚢᛗᚪᛂᛁᚷᛋ,393
injellied,836,0,ᛁᚾᛂᛖᛚᛚᛁᛖᛞ,497
battleful,836,0,ᛒᚪᛏᛏᛚᛖᚠᚢᛚ,494
oblongness,833,0,ᚩᛒᛚᚩᛝᚾᛖᛋᛋ,429
palmister,832,0,ᛈᚪᛚᛗᛁᛋᛏᛖᚱ,505
naumachias,832,0,ᚾᚪᚢᛗᚪᚳᚻᛡᛋ,493
brineless,832,0,ᛒᚱᛁᚾᛖᛚᛖᛋᛋ,445
syllepses,831,0,ᛋᚣᛚᛚᛖᛈᛋᛖᛋ,585
obliquest,827,0,ᚩᛒᛚᛁᚳᚹᛖᛋᛏ,383
amyloidal,826,0,ᚪᛗᚣᛚᚩᛁᛞᚪᛚ,641
sayonaras,825,0,ᛋᚪᚣᚩᚾᚪᚱᚪᛋ,547
endoderms,821,0,ᛖᚾᛞᚩᛞᛖᚱᛗᛋ,483
antipedal,819,0,ᚪᚾᛏᛁᛈᛖᛞᚪᛚ,585
outsweeping,816,0,ᚩᚢᛏᛋᚹᛖᛖᛈᛝ,397
oscheocele,816,0,ᚩᛋᚳᚻᛇᚳᛖᛚᛖ,357
brookless,812,0,ᛒᚱᚩᚩᚳᛚᛖᛋᛋ,345
salsifies,811,0,ᛋᚪᛚᛋᛁᚠᛁᛖᛋ,460
bespeckle,811,0,ᛒᛖᛋᛈᛖᚳᚳᛚᛖ,457
lychnises,809,0,ᛚᚣᚳᚻᚾᛁᛋᛖᛋ,445
scraggier,807,0,ᛋᚳᚱᚪᚷᚷᛁᛖᚱ,317
grizzlier,805,0,ᚷᚱᛁᛋᛋᛚᛁᛖᚱ,347
defilades,805,0,ᛞᛖᚠᛁᛚᚪᛞᛖᛋ,568
geophagism,802,0,ᚷᛇᛈᚻᚪᚷᛁᛋᛗ,393
pekineses,801,0,ᛈᛖᚳᛁᚾᛖᛋᛖᛋ,423
biologisms,801,0,ᛒᛡᛚᚩᚷᛁᛋᛗᛋ,473
enterdeale,799,0,ᛖᚾᛏᛖᚱᛞᛠᛚᛖ,571
dearnesses,799,0,ᛞᛠᚱᚾᛖᛋᛋᛖᛋ,531
lapidists,796,0,ᛚᚪᛈᛁᛞᛁᛋᛏᛋ,529
autolatry,795,0,ᚪᚢᛏᚩᛚᚪᛏᚱᚣ,509
rechlesse,794,0,ᚱᛖᚳᚻᛚᛖᛋᛋᛖ,427
gypsywort,792,0,ᚷᚣᛈᛋᚣᚹᚩᚱᛏ,415
ghastness,790,0,ᚷᚻᚪᛋᛏᚾᛖᛋᛋ,451
charlocks,789,0,ᚳᚻᚪᚱᛚᚩᚳᚳᛋ,303
overgorge,786,0,ᚩᚢᛖᚱᚷᚩᚱᚷᛖ,207
thickskull,785,0,ᚦᛁᚳᚳᛋᚳᚢᛚᛚ,277
windsurfs,782,0,ᚹᛁᚾᛞᛋᚢᚱᚠᛋ,290
untameably,779,0,ᚢᚾᛏᚪᛗᛠᛒᛚᚣ,605
runtiness,779,0,ᚱᚢᚾᛏᛁᚾᛖᛋᛋ,335
boskiness,779,0,ᛒᚩᛋᚳᛁᚾᛖᛋᛋ,367
animalise,778,0,ᚪᚾᛁᛗᚪᛚᛁᛋᛖ,549
overdight,774,0,ᚩᚢᛖᚱᛞᛁᚷᚻᛏ,307
woodwaxen,772,0,ᚹᚩᚩᛞᚹᚪᛉᛖᚾ,381
squattest,771,0,ᛋᚳᚹᚪᛏᛏᛖᛋᛏ,479
prologize,769,0,ᛈᚱᚩᛚᚩᚷᛁᛋᛖ,309
gauntries,769,0,ᚷᚪᚢᚾᛏᚱᛁᛖᛋ,367
mogrebbin,768,0,ᛗᚩᚷᚱᛖᛒᛒᛁᚾ,355
stibnites,765,0,ᛋᛏᛁᛒᚾᛁᛏᛖᛋ,443
footstall,763,0,ᚠᚩᚩᛏᛋᛏᚪᛚᛚ,430
lactifuge,759,0,ᛚᚪᚳᛏᛁᚠᚢᚷᛖ,362
chapelgoer,756,0,ᚳᚻᚪᛈᛖᛚᚷᛟᚱ,427
venetianed,751,0,ᚢᛖᚾᛖᛏᛡᚾᛖᛞ,517
flavourer,751,0,ᚠᛚᚪᚢᚩᚢᚱᛖᚱ,274
comminate,751,0,ᚳᚩᛗᛗᛁᚾᚪᛏᛖ,445
boastless,747,0,ᛒᚩᚪᛋᛏᛚᛖᛋᛋ,523
ornithines,746,0,ᚩᚱᚾᛁᚦᛁᚾᛖᛋ,263
dutchmens,744,0,ᛞᚢᛏᚳᚻᛗᛖᚾᛋ,407
febricity,743,0,ᚠᛖᛒᚱᛁᚳᛁᛏᚣ,378
forficate,740,0,ᚠᚩᚱᚠᛁᚳᚪᛏᛖ,289
spinaceous,738,0,ᛋᛈᛁᚾᚪᚳᛇᚢᛋ,363
kaiserins,737,0,ᚳᚪᛁᛋᛖᚱᛁᚾᛋ,385
hooknoses,737,0,ᚻᚩᚩᚳᚾᚩᛋᛖᛋ,259
highjacks,737,0,ᚻᛁᚷᚻᛂᚪᚳᚳᛋ,307
trachomas,735,0,ᛏᚱᚪᚳᚻᚩᛗᚪᛋ,431
undergrow,734,0,ᚢᚾᛞᛖᚱᚷᚱᚩᚹ,253
glossinas,734,0,ᚷᛚᚩᛋᛋᛁᚾᚪᛋ,413
rotenones,729,0,ᚱᚩᛏᛖᚾᚩᚾᛖᛋ,329
cymograph,729,0,ᚳᚣᛗᚩᚷᚱᚪᛈᚻ,385
tarragons,728,0,ᛏᚪᚱᚱᚪᚷᚩᚾᛋ,381
oftenness,725,0,ᚩᚠᛏᛖᚾᚾᛖᛋᛋ,366
obsecrate,723,0,ᚩᛒᛋᛖᚳᚱᚪᛏᛖ,435
argemones,722,0,ᚪᚱᚷᛖᛗᚩᚾᛖᛋ,419
aphaeretic,720,0,ᚪᛈᚻᚫᚱᛖᛏᛁᚳ,445
palmitins,716,0,ᛈᚪᛚᛗᛁᛏᛁᚾᛋ,487
glueyness,715,0,ᚷᛚᚢᛖᚣᚾᛖᛋᛋ,465
abnegator,715,0,ᚪᛒᚾᛖᚷᚪᛏᚩᚱ,445
unpennied,711,0,ᚢᚾᛈᛖᚾᚾᛁᛖᛞ,387
thyroxines,711,0,ᚦᚣᚱᚩᛉᛁᚾᛖᛋ,353
sortitions,711,0,ᛋᚩᚱᛏᛁᛏᛡᚾᛋ,409
forespeaks,711,0,ᚠᚩᚱᛖᛋᛈᛠᚳᛋ,358
novocains,710,0,ᚾᚩᚢᚩᚳᚪᛁᚾᛋ,269
colobuses,710,0,ᚳᚩᛚᚩᛒᚢᛋᛖᛋ,337
clintonias,710,0,ᚳᛚᛁᚾᛏᚩᚾᛡᛋ,401
manywhere,707,0,ᛗᚪᚾᚣᚹᚻᛖᚱᛖ,487
enormitys,705,0,ᛖᚾᚩᚱᛗᛁᛏᚣᛋ,431
clerisies,705,0,ᚳᛚᛖᚱᛁᛋᛁᛖᛋ,399
jewelsmith,704,0,ᛂᛖᚹᛖᛚᛋᛗᛁᚦ,423
alabastos,704,0,ᚪᛚᚪᛒᚪᛋᛏᚩᛋ,597
teutonising,703,0,ᛏᛖᚢᛏᚩᚾᛁᛋᛝ,387
hyoscines,703,0,ᚻᚣᚩᛋᚳᛁᚾᛖᛋ,379
nineholes,700,0,ᚾᛁᚾᛖᚻᚩᛚᛖᛋ,379
hesitater,699,0,ᚻᛖᛋᛁᛏᚪᛏᛖᚱ,467
stormable,698,0,ᛋᛏᚩᚱᛗᚪᛒᛚᛖ,499
alienisms,698,0,ᚪᛚᛁᛖᚾᛁᛋᛗᛋ,505
stonebreak,697,0,ᛋᛏᚩᚾᛖᛒᚱᛠᚳ,409
apheretic,697,0,ᚪᛈᚻᛖᚱᛖᛏᛁᚳ,411
moussakas,695,0,ᛗᚩᚢᛋᛋᚪᚳᚪᛋ,447
carcajous,695,0,ᚳᚪᚱᚳᚪᛂᚩᚢᛋ,331
aventails,692,0,ᚪᚢᛖᚾᛏᚪᛁᛚᛋ,509
callithump,691,0,ᚳᚪᛚᛚᛁᚦᚢᛗᛈ,409
priorships,690,0,ᛈᚱᛡᚱᛋᚻᛁᛈᛋ,375
hymnodies,690,0,ᚻᚣᛗᚾᚩᛞᛁᛖᛋ,473
farmplace,689,0,ᚠᚪᚱᛗᛈᛚᚪᚳᛖ,474
impeccant,686,0,ᛁᛗᛈᛖᚳᚳᚪᚾᛏ,423
cataplasia,679,0,ᚳᚪᛏᚪᛈᛚᚪᛋᛡ,639
blowballs,677,0,ᛒᛚᚩᚹᛒᚪᛚᛚᛋ,517
rogueship,675,0,ᚱᚩᚷᚢᛖᛋᚻᛁᛈ,255
cordewane,673,0,ᚳᚩᚱᛞᛖᚹᚪᚾᛖ,399
traguline,669,0,ᛏᚱᚪᚷᚢᛚᛁᚾᛖ,387
hoydenism,667,0,ᚻᚩᚣᛞᛖᚾᛁᛋᛗ,473
ostentate,666,0,ᚩᛋᛏᛖᚾᛏᚪᛏᛖ,497
gromwells,664,0,ᚷᚱᚩᛗᚹᛖᛚᛚᛋ,391
wyliecoat,663,0,ᚹᚣᛚᛁᛖᚳᚩᚪᛏ,469
breathalyze,660,0,ᛒᚱᛠᚦᚪᛚᚣᛋᛖ,579
lecanoras,659,0,ᛚᛖᚳᚪᚾᚩᚱᚪᛋ,447
turmerics,657,0,ᛏᚢᚱᛗᛖᚱᛁᚳᛋ,319
goatsfoot,657,0,ᚷᚩᚪᛏᛋᚠᚩᚩᛏ,308
monogynic,650,0,ᛗᚩᚾᚩᚷᚣᚾᛁᚳ,307
vitremyte,649,0,ᚢᛁᛏᚱᛖᛗᚣᛏᛖ,471
beplaster,648,0,ᛒᛖᛈᛚᚪᛋᛏᛖᚱ,531
huisaches,647,0,ᚻᚢᛁᛋᚪᚳᚻᛖᛋ,363
burglared,646,0,ᛒᚢᚱᚷᛚᚪᚱᛖᛞ,429
prelusions,645,0,ᛈᚱᛖᛚᚢᛋᛡᚾᛋ,439
keratalgia,645,0,ᚳᛖᚱᚪᛏᚪᛚᚷᛡ,541
shrewdish,643,0,ᛋᚻᚱᛖᚹᛞᛁᛋᚻ,369
ulatrophia,642,0,ᚢᛚᚪᛏᚱᚩᛈᚻᛡ,423
concusses,642,0,ᚳᚩᚾᚳᚢᛋᛋᛖᛋ,291
susurrate,632,0,ᛋᚢᛋᚢᚱᚱᚪᛏᛖ,357
lapidator,631,0,ᛚᚪᛈᛁᛞᚪᛏᚩᚱ,507
goalmouths,631,0,ᚷᚩᚪᛚᛗᚩᚢᚦᛋ,333
pourtrayd,629,0,ᛈᚩᚢᚱᛏᚱᚪᚣᛞ,423
ergotisms,629,0,ᛖᚱᚷᚩᛏᛁᛋᛗᛋ,369
pinnipede,628,0,ᛈᛁᚾᚾᛁᛈᛖᛞᛖ,429
inusitate,628,0,ᛁᚾᚢᛋᛁᛏᚪᛏᛖ,429
cannikins,628,0,ᚳᚪᚾᚾᛁᚳᛁᚾᛋ,325
casquetel,624,0,ᚳᚪᛋᚳᚹᛖᛏᛖᛚ,461
outthrusts,623,0,ᚩᚢᛏᚦᚱᚢᛋᛏᛋ,253
negroidal,620,0,ᚾᛖᚷᚱᚩᛁᛞᚪᛚ,421
wrothfully,617,0,ᚹᚱᚩᚦᚠᚢᛚᛚᚣ,296
powderize,616,0,ᛈᚩᚹᛞᛖᚱᛁᛋᛖ,387
treachours,615,0,ᛏᚱᛠᚳᚻᚩᚢᚱᛋ,289
dorbeetle,615,0,ᛞᚩᚱᛒᛖᛖᛏᛚᛖ,501
olfactions,614,0,ᚩᛚᚠᚪᚳᛏᛡᚾᛋ,440
aurochses,614,0,ᚪᚢᚱᚩᚳᚻᛋᛖᛋ,327
recamiers,612,0,ᚱᛖᚳᚪᛗᛁᛖᚱᛋ,421
fortunize,612,0,ᚠᚩᚱᛏᚢᚾᛁᛋᛖ,262
midweekly,611,0,ᛗᛁᛞᚹᛖᛖᚳᛚᚣ,533
algophilia,609,0,ᚪᛚᚷᚩᛈᚻᛁᛚᛡ,471
sikerness,608,0,ᛋᛁᚳᛖᚱᚾᛖᛋᛋ,377
resublime,604,0,ᚱᛖᛋᚢᛒᛚᛁᛗᛖ,437
ghostfish,604,0,ᚷᚻᚩᛋᛏᚠᛁᛋᚻ,268
jargonels,599,0,ᛂᚪᚱᚷᚩᚾᛖᛚᛋ,391
unshrouds,597,0,ᚢᚾᛋᚻᚱᚩᚢᛞᛋ,271
orpiments,596,0,ᚩᚱᛈᛁᛗᛖᚾᛏᛋ,371
instigant,590,0,ᛁᚾᛋᛏᛁᚷᚪᚾᛏ,405
liegeless,586,0,ᛚᛁᛖᚷᛖᛚᛖᛋᛋ,501
filigreeing,585,0,ᚠᛁᛚᛁᚷᚱᛖᛖᛝ,378
flavorers,581,0,ᚠᛚᚪᚢᚩᚱᛖᚱᛋ,324
parsonish,578,0,ᛈᚪᚱᛋᚩᚾᛁᛋᚻ,347
acrodonts,578,0,ᚪᚳᚱᚩᛞᚩᚾᛏᛋ,365
holophyte,577,0,ᚻᚩᛚᚩᛈᚻᚣᛏᛖ,405
tercelets,576,0,ᛏᛖᚱᚳᛖᛚᛖᛏᛋ,469
hydromels,576,0,ᚻᚣᛞᚱᚩᛗᛖᛚᛋ,497
trochlears,573,0,ᛏᚱᚩᚳᚻᛚᛠᚱᛋ,359
agrologic,573,0,ᚪᚷᚱᚩᛚᚩᚷᛁᚳ,273
licorices,572,0,ᛚᛁᚳᚩᚱᛁᚳᛖᛋ,299
feticides,564,0,ᚠᛖᛏᛁᚳᛁᛞᛖᛋ,412
palmature,563,0,ᛈᚪᛚᛗᚪᛏᚢᚱᛖ,521
telferage,559,0,ᛏᛖᛚᚠᛖᚱᚪᚷᛖ,460
odontiasis,559,0,ᚩᛞᚩᚾᛏᛡᛋᛁᛋ,435
bulbaceous,559,0,ᛒᚢᛚᛒᚪᚳᛇᚢᛋ,405
moonseeds,558,0,ᛗᚩᚩᚾᛋᛖᛖᛞᛋ,443
orphreyed,555,0,ᚩᚱᛈᚻᚱᛖᚣᛖᛞ,421
humidness,555,0,ᚻᚢᛗᛁᛞᚾᛖᛋᛋ,419
totemisms,554,0,ᛏᚩᛏᛖᛗᛁᛋᛗᛋ,471
beclogged,554,0,ᛒᛖᚳᛚᚩᚷᚷᛖᛞ,411
silkweeds,553,0,ᛋᛁᛚᚳᚹᛖᛖᛞᛋ,465
moniliases,546,0,ᛗᚩᚾᛁᛚᛡᛋᛖᛋ,491
valiancies,543,0,ᚢᚪᛚᛡᚾᚳᛁᛖᛋ,473
soberized,537,0,ᛋᚩᛒᛖᚱᛁᛋᛖᛞ,439
starmonger,536,0,ᛋᛏᚪᚱᛗᚩᛝᛖᚱ,455
perseline,533,0,ᛈᛖᚱᛋᛖᛚᛁᚾᛖ,441
millionism,533,0,ᛗᛁᛚᛚᛡᚾᛁᛋᛗ,539
unplained,532,0,ᚢᚾᛈᛚᚪᛁᚾᛖᛞ,461
instrokes,531,0,ᛁᚾᛋᛏᚱᚩᚳᛖᛋ,323
receptant,530,0,ᚱᛖᚳᛖᛈᛏᚪᚾᛏ,445
phosgenes,530,0,ᛈᚻᚩᛋᚷᛖᚾᛖᛋ,359
hoosegows,527,0,ᚻᚩᚩᛋᛖᚷᚩᚹᛋ,253
tribulate,525,0,ᛏᚱᛁᛒᚢᛚᚪᛏᛖ,461
ammoniuria,524,0,ᚪᛗᛗᚩᚾᛁᚢᚱᛡ,427
lingenberry,520,0,ᛚᛝᛖᚾᛒᛖᚱᚱᚣ,501
unparried,519,0,ᚢᚾᛈᚪᚱᚱᛁᛖᛞ,381
stargazes,517,0,ᛋᛏᚪᚱᚷᚪᛋᛖᛋ,507
overclothe,517,0,ᚩᚢᛖᚱᚳᛚᚩᚦᛖ,253
squashier,516,0,ᛋᚳᚹᚪᛋᚻᛁᛖᚱ,367
unsatiably,515,0,ᚢᚾᛋᚪᛏᛡᛒᛚᚣ,585
glottises,513,0,ᚷᛚᚩᛏᛏᛁᛋᛖᛋ,419
ablegates,507,0,ᚪᛒᛚᛖᚷᚪᛏᛖᛋ,591
absterged,506,0,ᚪᛒᛋᛏᛖᚱᚷᛖᛞ,521
portiered,504,0,ᛈᚩᚱᛏᛁᛖᚱᛖᛞ,385
nasalises,504,0,ᚾᚪᛋᚪᛚᛁᛋᛖᛋ,553
melanisms,504,0,ᛗᛖᛚᚪᚾᛁᛋᛗᛋ,545
autophyte,499,0,ᚪᚢᛏᚩᛈᚻᚣᛏᛖ,461
protactic,498,0,ᛈᚱᚩᛏᚪᚳᛏᛁᚳ,333
formicate,493,0,ᚠᚩᚱᛗᛁᚳᚪᛏᛖ,358
thingumabobs,492,0,ᚦᛝᚢᛗᚪᛒᚩᛒᛋ,437
totterers,491,0,ᛏᚩᛏᛏᛖᚱᛖᚱᛋ,393
puddingwife,489,0,ᛈᚢᛞᛞᛝᚹᛁᚠᛖ,422
abranchial,489,0,ᚪᛒᚱᚪᚾᚳᚻᛡᛚ,511
treasonist,488,0,ᛏᚱᛠᛋᚩᚾᛁᛋᛏ,411
bemuffled,486,0,ᛒᛖᛗᚢᚠᚠᛚᛖᛞ,435
spicelike,483,0,ᛋᛈᛁᚳᛖᛚᛁᚳᛖ,391
sapidless,483,0,ᛋᚪᛈᛁᛞᛚᛖᛋᛋ,559
bristlier,479,0,ᛒᚱᛁᛋᛏᛚᛁᛖᚱ,397
princocks,478,0,ᛈᚱᛁᚾᚳᚩᚳᚳᛋ,213
doddipoll,478,0,ᛞᚩᛞᛞᛁᛈᚩᛚᛚ,501
blanquets,478,0,ᛒᛚᚪᚾᚳᚹᛖᛏᛋ,471
parroters,477,0,ᛈᚪᚱᚱᚩᛏᛖᚱᛋ,359
tumidness,476,0,ᛏᚢᛗᛁᛞᚾᛖᛋᛋ,455
quaintish,469,0,ᚳᚹᚪᛁᚾᛏᛁᛋᚻ,355
preseasons,468,0,ᛈᚱᛖᛋᛠᛋᚩᚾᛋ,425
apteryxes,468,0,ᚪᛈᛏᛖᚱᚣᛉᛖᛋ,547
barrabora,465,0,ᛒᚪᚱᚱᚪᛒᚩᚱᚪ,453
swellheads,463,0,ᛋᚹᛖᛚᛚᚻᛠᛞᛋ,559
thieveless,461,0,ᚦᛁᛖᚢᛖᛚᛖᛋᛋ,419
sempstering,457,0,ᛋᛖᛗᛈᛋᛏᛖᚱᛝ,503
hyperpneas,456,0,ᚻᚣᛈᛖᚱᛈᚾᛠᛋ,481
acrogenic,454,0,ᚪᚳᚱᚩᚷᛖᚾᛁᚳ,285
epiplexis,451,0,ᛖᛈᛁᛈᛚᛖᛉᛁᛋ,455
caffeinic,451,0,ᚳᚪᚠᚠᛖᛁᚾᛁᚳ,285
miltwaste,450,0,ᛗᛁᛚᛏᚹᚪᛋᛏᛖ,529
soldierings,449,0,ᛋᚩᛚᛞᛁᛖᚱᛝᛋ,463
chintzier,444,0,ᚳᚻᛁᚾᛏᛋᛁᛖᚱ,317
calamints,441,0,ᚳᚪᛚᚪᛗᛁᚾᛏᛋ,523
arenarious,441,0,ᚪᚱᛖᚾᚪᚱᛡᚢᛋ,475
excludingly,439,0,ᛖᛉᚳᛚᚢᛞᛝᛚᚣ,547
entoderms,439,0,ᛖᚾᛏᚩᛞᛖᚱᛗᛋ,453
tambourer,437,0,ᛏᚪᛗᛒᚩᚢᚱᛖᚱ,387
origanums,436,0,ᚩᚱᛁᚷᚪᚾᚢᛗᛋ,319
gemsbucks,434,0,ᚷᛖᛗᛋᛒᚢᚳᚳᛋ,351
expansure,434,0,ᛖᛉᛈᚪᚾᛋᚢᚱᛖ,417
bitstocks,427,0,ᛒᛁᛏᛋᛏᚩᚳᚳᛋ,349
strawmote,426,0,ᛋᛏᚱᚪᚹᛗᚩᛏᛖ,443
shelterings,426,0,ᛋᚻᛖᛚᛏᛖᚱᛝᛋ,485
nonechoic,426,0,ᚾᚩᚾᛖᚳᚻᚩᛁᚳ,219
gulfweeds,426,0,ᚷᚢᛚᚠᚹᛖᛖᛞᛋ,390
coralwort,426,0,ᚳᚩᚱᚪᛚᚹᚩᚱᛏ,297
zymolytic,424,0,ᛋᚣᛗᚩᛚᚣᛏᛁᚳ,513
flockwise,423,0,ᚠᛚᚩᚳᚳᚹᛁᛋᛖ,278
umpirages,421,0,ᚢᛗᛈᛁᚱᚪᚷᛖᛋ,393
sapidness,421,0,ᛋᚪᛈᛁᛞᚾᛖᛋᛋ,515
perilsome,417,0,ᛈᛖᚱᛁᛚᛋᚩᛗᛖ,423
chowchows,417,0,ᚳᚻᚩᚹᚳᚻᚩᚹᛋ,177
mulctuary,415,0,ᛗᚢᛚᚳᛏᚢᚪᚱᚣ,433
aurigation,415,0,ᚪᚢᚱᛁᚷᚪᛏᛡᚾ,451
arborical,414,0,ᚪᚱᛒᚩᚱᛁᚳᚪᛚ,401
parazoans,413,0,ᛈᚪᚱᚪᛋᚩᚪᚾᛋ,487
wormseeds,411,0,ᚹᚩᚱᛗᛋᛖᛖᛞᛋ,437
jumentous,411,0,ᛂᚢᛗᛖᚾᛏᚩᚢᛋ,329
acetarious,411,0,ᚪᚳᛖᛏᚪᚱᛡᚢᛋ,507
meadowless,408,0,ᛗᛠᛞᚩᚹᛚᛖᛋᛋ,541
boughless,408,0,ᛒᚩᚢᚷᚻᛚᛖᛋᛋ,357
savorsome,407,0,ᛋᚪᚢᚩᚱᛋᚩᛗᛖ,369
nippitate,407,0,ᚾᛁᛈᛈᛁᛏᚪᛏᛖ,459
asthenopias,407,0,ᚪᛋᚦᛖᚾᚩᛈᛡᛋ,461
underkeep,405,0,ᚢᚾᛞᛖᚱᚳᛖᛖᛈ,389
sinciputs,405,0,ᛋᛁᚾᚳᛁᛈᚢᛏᛋ,315
splinterd,404,0,ᛋᛈᛚᛁᚾᛏᛖᚱᛞ,455
amadavats,401,0,ᚪᛗᚪᛞᚪᚢᚪᛏᛋ,663
splayfeet,399,0,ᛋᛈᛚᚪᚣᚠᛖᛖᛏ,564
stylemark,396,0,ᛋᛏᚣᛚᛖᛗᚪᚱᚳ,547
entreative,395,0,ᛖᚾᛏᚱᛠᛏᛁᚢᛖ,435
colourise,392,0,ᚳᚩᛚᚩᚢᚱᛁᛋᛖ,265
surquidry,391,0,ᛋᚢᚱᚳᚹᛁᛞᚱᚣ,333
mischiefing,390,0,ᛗᛁᛋᚳᚻᛁᛖᚠᛝ,370
parietary,387,0,ᛈᚪᚱᛁᛖᛏᚪᚱᚣ,519
poursewed,386,0,ᛈᚩᚢᚱᛋᛖᚹᛖᛞ,359
ragsorter,381,0,ᚱᚪᚷᛋᚩᚱᛏᛖᚱ,333
nakedwood,380,0,ᚾᚪᚳᛖᛞᚹᚩᚩᛞ,417
pisiforms,379,0,ᛈᛁᛋᛁᚠᚩᚱᛗᛋ,302
penoncels,379,0,ᛈᛖᚾᚩᚾᚳᛖᛚᛋ,381
appreciant,376,0,ᚪᛈᛈᚱᛖᚳᛡᚾᛏ,469
bumpkinly,373,0,ᛒᚢᛗᛈᚳᛁᚾᛚᚣ,427
aerologies,369,0,ᚫᚱᚩᛚᚩᚷᛁᛖᛋ,367
pettifogs,367,0,ᛈᛖᛏᛏᛁᚠᚩᚷᛋ,338
freebooty,367,0,ᚠᚱᛖᛖᛒᚩᚩᛏᚣ,384
bigarades,365,0,ᛒᛁᚷᚪᚱᚪᛞᛖᛋ,523
escaroles,361,0,ᛖᛋᚳᚪᚱᚩᛚᛖᛋ,441
streigned,360,0,ᛋᛏᚱᛖᛁᚷᚾᛖᛞ,423
conquedle,359,0,ᚳᚩᚾᚳᚹᛖᛞᛚᛖ,377
araneidan,359,0,ᚪᚱᚪᚾᛖᛁᛞᚪᚾ,547
alkahests,358,0,ᚪᛚᚳᚪᚻᛖᛋᛏᛋ,535
oxygenise,355,0,ᚩᛉᚣᚷᛖᚾᛁᛋᛖ,421
hanukkahs,352,0,ᚻᚪᚾᚢᚳᚳᚪᚻᛋ,351
blowtubes,352,0,ᛒᛚᚩᚹᛏᚢᛒᛖᛋ,403
ticktacks,350,0,ᛏᛁᚳᚳᛏᚪᚳᚳᛋ,351
alumroots,347,0,ᚪᛚᚢᛗᚱᚩᚩᛏᛋ,381
slouchier,346,0,ᛋᛚᚩᚢᚳᚻᛁᛖᚱ,281
hinderingly,344,0,ᚻᛁᚾᛞᛖᚱᛝᛚᚣ,505
detritions,343,0,ᛞᛖᛏᚱᛁᛏᛡᚾᛋ,505
epauliere,341,0,ᛖᛈᚪᚢᛚᛁᛖᚱᛖ,459
gladfully,340,0,ᚷᛚᚪᛞᚠᚢᛚᛚᚣ,530
myxedemas,339,0,ᛗᚣᛉᛖᛞᛖᛗᚪᛋ,665
finickingly,336,0,ᚠᛁᚾᛁᚳᚳᛝᛚᚣ,374
stinkbird,334,0,ᛋᛏᛁᚾᚳᛒᛁᚱᛞ,377
damascuss,333,0,ᛞᚪᛗᚪᛋᚳᚢᛋᛋ,529
sonnetted,332,0,ᛋᚩᚾᚾᛖᛏᛏᛖᛞ,459
haemophile,331,0,ᚻᚫᛗᚩᛈᚻᛁᛚᛖ,439
catarrhed,330,0,ᚳᚪᛏᚪᚱᚱᚻᛖᛞ,467
varletess,329,0,ᚢᚪᚱᛚᛖᛏᛖᛋᛋ,483
pillworts,329,0,ᛈᛁᛚᛚᚹᚩᚱᛏᛋ,369
lithuresis,328,0,ᛚᛁᚦᚢᚱᛖᛋᛁᛋ,327
boatfalls,328,0,ᛒᚩᚪᛏᚠᚪᛚᛚᛋ,522
despisals,323,0,ᛞᛖᛋᛈᛁᛋᚪᛚᛋ,559
feverroot,322,0,ᚠᛖᚢᛖᚱᚱᚩᚩᛏ,234
untwistings,321,0,ᚢᚾᛏᚹᛁᛋᛏᛝᛋ,385
ridgewise,318,0,ᚱᛁᛞᚷᛖᚹᛁᛋᛖ,385
inemulous,314,0,ᛁᚾᛖᛗᚢᛚᚩᚢᛋ,337
topognosia,313,0,ᛏᚩᛈᚩᚷᚾᚩᛋᛡ,329
oricalche,313,0,ᚩᚱᛁᚳᚪᛚᚳᚻᛖ,335
friedcake,312,0,ᚠᚱᛁᛖᛞᚳᚪᚳᛖ,390
hawkbills,310,0,ᚻᚪᚹᚳᛒᛁᛚᛚᛋ,443
astomatal,309,0,ᚪᛋᛏᚩᛗᚪᛏᚪᛚ,613
subtilins,304,0,ᛋᚢᛒᛏᛁᛚᛁᚾᛋ,393
cryesthesia,304,0,ᚳᚱᚣᛖᛋᚦᛖᛋᛡ,479
graddaned,302,0,ᚷᚱᚪᛞᛞᚪᚾᛖᛞ,585
theologizer,301,0,ᚦᛇᛚᚩᚷᛁᛋᛖᚱ,305
gangliocyte,301,0,ᚷᚪᛝᛚᛡᚳᚣᛏᛖ,615
aluminise,300,0,ᚪᛚᚢᛗᛁᚾᛁᛋᛖ,455
plumbable,299,0,ᛈᛚᚢᛗᛒᚪᛒᛚᛖ,549
buglosses,299,0,ᛒᚢᚷᛚᚩᛋᛋᛖᛋ,387
cacomixle,298,0,ᚳᚪᚳᚩᛗᛁᛉᛚᛖ,419
neuroglias,297,0,ᚾᛖᚢᚱᚩᚷᛚᛡᛋ,367
meconiums,296,0,ᛗᛖᚳᚩᚾᛁᚢᛗᛋ,345
apivorous,295,0,ᚪᛈᛁᚢᚩᚱᚩᚢᛋ,255
racketers,293,0,ᚱᚪᚳᚳᛖᛏᛖᚱᛋ,391
abdicable,293,0,ᚪᛒᛞᛁᚳᚪᛒᛚᛖ,589
lacebarks,291,0,ᛚᚪᚳᛖᛒᚪᚱᚳᛋ,485
beslavers,287,0,ᛒᛖᛋᛚᚪᚢᛖᚱᛋ,485
acetylize,286,0,ᚪᚳᛖᛏᚣᛚᛁᛋᛖ,563
unspangled,285,0,ᚢᚾᛋᛈᚪᛝᛚᛖᛞ,533
gypsyweed,283,0,ᚷᚣᛈᛋᚣᚹᛖᛖᛞ,561
ablactate,283,0,ᚪᛒᛚᚪᚳᛏᚪᛏᛖ,623
unpetrify,280,0,ᚢᚾᛈᛖᛏᚱᛁᚠᚣ,348
barbascos,280,0,ᛒᚪᚱᛒᚪᛋᚳᚩᛋ,453
cerograph,279,0,ᚳᛖᚱᚩᚷᚱᚪᛈᚻ,289
bestialise,278,0,ᛒᛖᛋᛏᛡᛚᛁᛋᛖ,571
hyperopias,276,0,ᚻᚣᛈᛖᚱᚩᛈᛡᛋ,457
tenoroons,275,0,ᛏᛖᚾᚩᚱᚩᚩᚾᛋ,269
spiritize,275,0,ᛋᛈᛁᚱᛁᛏᛁᛋᛖ,379
winterise,273,0,ᚹᛁᚾᛏᛖᚱᛁᛋᛖ,367
leatherfish,273,0,ᛚᛠᚦᛖᚱᚠᛁᛋᚻ,374
chiasmuses,272,0,ᚳᚻᛡᛋᛗᚢᛋᛖᛋ,443
uphoorded,269,0,ᚢᛈᚻᚩᚩᚱᛞᛖᛞ,339
overbrave,268,0,ᚩᚢᛖᚱᛒᚱᚪᚢᛖ,327
simonizes,266,0,ᛋᛁᛗᚩᚾᛁᛋᛖᛋ,395
pleonastes,264,0,ᛈᛚᛇᚾᚪᛋᛏᛖᛋ,515
bacterize,262,0,ᛒᚪᚳᛏᛖᚱᛁᛋᛖ,459
muensters,261,0,ᛗᚢᛖᚾᛋᛏᛖᚱᛋ,413
pyrostats,259,0,ᛈᚣᚱᚩᛋᛏᚪᛏᛋ,485
rumminess,255,0,ᚱᚢᛗᛗᛁᚾᛖᛋᛋ,389
scarabaean,254,0,ᛋᚳᚪᚱᚪᛒᚫᚪᚾ,559
fistiness,254,0,ᚠᛁᛋᛏᛁᚾᛖᛋᛋ,378
percoidean,252,0,ᛈᛖᚱᚳᚩᛁᛞᛠᚾ,399
fellations,251,0,ᚠᛖᛚᛚᚪᛏᛡᚾᛋ,560
daisybush,234,0,ᛞᚪᛁᛋᚣᛒᚢᛋᚻ,513
drumfires,233,0,ᛞᚱᚢᛗᚠᛁᚱᛖᛋ,338
mongrelise,232,0,ᛗᚩᛝᚱᛖᛚᛁᛋᛖ,459
otologies,230,0,ᚩᛏᚩᛚᚩᚷᛁᛖᛋ,321
hygienize,229,0,ᚻᚣᚷᛁᛖᚾᛁᛋᛖ,421
unsquinting,226,0,ᚢᚾᛋᚳᚹᛁᚾᛏᛝ,315
bourtrees,223,0,ᛒᚩᚢᚱᛏᚱᛖᛖᛋ,339
tricepses,222,0,ᛏᚱᛁᚳᛖᛈᛋᛖᛋ,397
unwrathful,221,0,ᚢᚾᚹᚱᚪᚦᚠᚢᛚ,242
overparts,221,0,ᚩᚢᛖᚱᛈᚪᚱᛏᛋ,351
lucifugal,221,0,ᛚᚢᚳᛁᚠᚢᚷᚪᛚ,312
linalools,219,0,ᛚᛁᚾᚪᛚᚩᚩᛚᛋ,443
antitypic,219,0,ᚪᚾᛏᛁᛏᚣᛈᛁᚳ,465
schiavones,217,0,ᛋᚳᚻᛡᚢᚩᚾᛖᛋ,355
prolusory,217,0,ᛈᚱᚩᛚᚢᛋᚩᚱᚣ,311
waymented,215,0,ᚹᚪᚣᛗᛖᚾᛏᛖᛞ,601
teemingness,215,0,ᛏᛖᛖᛗᛝᚾᛖᛋᛋ,545
exogamies,214,0,ᛖᛉᚩᚷᚪᛗᛁᛖᛋ,457
pileworts,212,0,ᛈᛁᛚᛖᚹᚩᚱᛏᛋ,363
salpinxes,209,0,ᛋᚪᛚᛈᛁᚾᛉᛖᛋ,493
outkilled,209,0,ᚩᚢᛏᚳᛁᛚᛚᛖᛞ,415
idocrases,209,0,ᛁᛞᚩᚳᚱᚪᛋᛖᛋ,421
carnaubas,209,0,ᚳᚪᚱᚾᚪᚢᛒᚪᛋ,461
shelffuls,208,0,ᛋᚻᛖᛚᚠᚠᚢᛚᛋ,349
fleeceable,208,0,ᚠᛚᛖᛖᚳᛠᛒᛚᛖ,532
bdelliums,207,0,ᛒᛞᛖᛚᛚᛁᚢᛗᛋ,521
cymatiums,206,0,ᚳᚣᛗᚪᛏᛁᚢᛗᛋ,501
langlaufer,205,0,ᛚᚪᛝᛚᚪᚢᚠᛖᚱ,502
diazoniums,205,0,ᛞᛡᛋᚩᚾᛁᚢᛗᛋ,443
anasarcas,205,0,ᚪᚾᚪᛋᚪᚱᚳᚪᛋ,547
cocainise,204,0,ᚳᚩᚳᚪᛁᚾᛁᛋᛖ,341
categorem,204,0,ᚳᚪᛏᛖᚷᚩᚱᛖᛗ,409
rubberise,201,0,ᚱᚢᛒᛒᛖᚱᛁᛋᛖ,365
glyceryls,201,0,ᚷᛚᚣᚳᛖᚱᚣᛚᛋ,513
marlowish,199,0,ᛗᚪᚱᛚᚩᚹᛁᛋᚻ,385
logicisms,197,0,ᛚᚩᚷᛁᚳᛁᛋᛗᛋ,349
aerosolise,195,0,ᚫᚱᚩᛋᚩᛚᛁᛋᛖ,403
overloves,191,0,ᚩᚢᛖᚱᛚᚩᚢᛖᛋ,291
mezereums,190,0,ᛗᛖᛋᛖᚱᛖᚢᛗᛋ,463
topolatry,189,0,ᛏᚩᛈᚩᛚᚪᛏᚱᚣ,459
jactitate,189,0,ᛂᚪᚳᛏᛁᛏᚪᛏᛖ,519
menadiones,188,0,ᛗᛖᚾᚪᛞᛡᚾᛖᛋ,609
bilestone,188,0,ᛒᛁᛚᛖᛋᛏᚩᚾᛖ,447
abacinate,188,0,ᚪᛒᚪᚳᛁᚾᚪᛏᛖ,551
dittanies,185,0,ᛞᛁᛏᛏᚪᚾᛁᛖᛋ,515
ythundered,184,0,ᚣᚦᚢᚾᛞᛖᚱᛖᛞ,463
gingerroots,184,0,ᚷᛝᛖᚱᚱᚩᚩᛏᛋ,311
axolemmas,184,0,ᚪᛉᚩᛚᛖᛗᛗᚪᛋ,583
electrums,182,0,ᛖᛚᛖᚳᛏᚱᚢᛗᛋ,417
fairishly,180,0,ᚠᚪᛁᚱᛁᛋᚻᛚᚣ,424
essonites,180,0,ᛖᛋᛋᚩᚾᛁᛏᛖᛋ,419
myologies,179,0,ᛗᚣᚩᛚᚩᚷᛁᛖᛋ,429
windburns,177,0,ᚹᛁᚾᛞᛒᚢᚱᚾᛋ,325
driftages,175,0,ᛞᚱᛁᚠᛏᚪᚷᛖᛋ,426
amorettos,174,0,ᚪᛗᚩᚱᛖᛏᛏᚩᛋ,431
wasteyard,173,0,ᚹᚪᛋᛏᛖᚣᚪᚱᛞ,595
plectrons,173,0,ᛈᛚᛖᚳᛏᚱᚩᚾᛋ,355
birthroots,170,0,ᛒᛁᚱᚦᚱᚩᚩᛏᛋ,245
bimesters,169,0,ᛒᛁᛗᛖᛋᛏᛖᚱᛋ,473
gustations,167,0,ᚷᚢᛋᛏᚪᛏᛡᚾᛋ,477
eisegeses,166,0,ᛖᛁᛋᛖᚷᛖᛋᛖᛋ,475
alienages,166,0,ᚪᛚᛁᛖᚾᚪᚷᛖᛋ,531
chafeweed,164,0,ᚳᚻᚪᚠᛖᚹᛖᛖᛞ,444
pushballs,159,0,ᛈᚢᛋᚻᛒᚪᛚᛚᛋ,479
pieplants,159,0,ᛈᛁᛖᛈᛚᚪᚾᛏᛋ,495
hebetudes,158,0,ᚻᛖᛒᛖᛏᚢᛞᛖᛋ,489
solmizate,156,0,ᛋᚩᛚᛗᛁᛋᚪᛏᛖ,511
stonishes,155,0,ᛋᛏᚩᚾᛁᛋᚻᛖᛋ,375
diabolatry,154,0,ᛞᛡᛒᚩᛚᚪᛏᚱᚣ,607
cryaesthesia,152,0,ᚳᚱᚣᚫᛋᚦᛖᛋᛡ,513
crotaphion,150,0,ᚳᚱᚩᛏᚪᛈᚻᛡᚾ,389
chylaceous,150,0,ᚳᚻᚣᛚᚪᚳᛇᚢᛋ,419
smaltites,148,0,ᛋᛗᚪᛚᛏᛁᛏᛖᛋ,563
oscitance,147,0,ᚩᛋᚳᛁᛏᚪᚾᚳᛖ,369
netkeeper,146,0,ᚾᛖᛏᚳᛖᛖᛈᛖᚱ,423
succories,143,0,ᛋᚢᚳᚳᚩᚱᛁᛖᛋ,251
anaglyphy,142,0,ᚪᚾᚪᚷᛚᚣᛈᚻᚣ,585
wheresoeer,141,0,ᚹᚻᛖᚱᛖᛋᛟᛖᚱ,401
shandries,140,0,ᛋᚻᚪᚾᛞᚱᛁᛖᛋ,453
flatworks,140,0,ᚠᛚᚪᛏᚹᚩᚱᚳᛋ,334
parrocked,139,0,ᛈᚪᚱᚱᚩᚳᚳᛖᛞ,351
gristlier,137,0,ᚷᚱᛁᛋᛏᛚᛁᛖᚱ,353
foremilks,137,0,ᚠᚩᚱᛖᛗᛁᛚᚳᛋ,328
farnesses,137,0,ᚠᚪᚱᚾᛖᛋᛋᛖᛋ,432
thaneships,136,0,ᚦᚪᚾᛖᛋᚻᛁᛈᛋ,401
dyarchies,136,0,ᛞᚣᚪᚱᚳᚻᛁᛖᛋ,487
bombilate,136,0,ᛒᚩᛗᛒᛁᛚᚪᛏᛖ,527
zygotenes,135,0,ᛋᚣᚷᚩᛏᛖᚾᛖᛋ,455
catkinate,135,0,ᚳᚪᛏᚳᛁᚾᚪᛏᛖ,465
breadroots,135,0,ᛒᚱᛠᛞᚱᚩᚩᛏᛋ,407
dispeopler,134,0,ᛞᛁᛋᛈᛇᛈᛚᛖᚱ,451
blowpoint,132,0,ᛒᛚᚩᚹᛈᚩᛁᚾᛏ,329
squallier,130,0,ᛋᚳᚹᚪᛚᛚᛁᛖᚱ,437
exodontias,128,0,ᛖᛉᚩᛞᚩᚾᛏᛡᛋ,465
robustity,124,0,ᚱᚩᛒᚢᛋᛏᛁᛏᚣ,387
vitiligos,123,0,ᚢᛁᛏᛁᛚᛁᚷᚩᛋ,305
sonnikins,122,0,ᛋᚩᚾᚾᛁᚳᛁᚾᛋ,275
tamanoirs,117,0,ᛏᚪᛗᚪᚾᚩᛁᚱᛋ,455
macallums,117,0,ᛗᚪᚳᚪᛚᛚᚢᛗᛋ,551
anaplasias,116,0,ᚪᚾᚪᛈᛚᚪᛋᛡᛋ,649
achromous,116,0,ᚪᚳᚻᚱᚩᛗᚩᚢᛋ,285
sassabies,115,0,ᛋᚪᛋᛋᚪᛒᛁᛖᛋ,565
ruggedise,115,0,ᚱᚢᚷᚷᛖᛞᛁᛋᛖ,355
blueweeds,115,0,ᛒᛚᚢᛖᚹᛖᛖᛞᛋ,499
sandaracs,114,0,ᛋᚪᚾᛞᚪᚱᚪᚳᛋ,539
gynoeciums,111,0,ᚷᚣᚾᛟᚳᛁᚢᛗᛋ,403
larboards,110,0,ᛚᚪᚱᛒᚩᚪᚱᛞᛋ,499
zoophobias,109,0,ᛋᚩᚩᛈᚻᚩᛒᛡᛋ,361
cordwoods,109,0,ᚳᚩᚱᛞᚹᚩᚩᛞᛋ,295
isogamies,105,0,ᛁᛋᚩᚷᚪᛗᛁᛖᛋ,427
levuloses,104,0,ᛚᛖᚢᚢᛚᚩᛋᛖᛋ,399
haploidic,104,0,ᚻᚪᛈᛚᚩᛁᛞᛁᚳ,407
unrepulsing,103,0,ᚢᚾᚱᛖᛈᚢᛚᛋᛝ,361
cubitiere,101,0,ᚳᚢᛒᛁᛏᛁᛖᚱᛖ,343
unhopedly,100,0,ᚢᚾᚻᚩᛈᛖᛞᛚᚣ,437
aspidiske,100,0,ᚪᛋᛈᛁᛞᛁᛋᚳᛖ,477
marbleising,99,0,ᛗᚪᚱᛒᛚᛖᛁᛋᛝ,543
angiologies,98,0,ᚪᛝᛡᛚᚩᚷᛁᛖᛋ,531
urochords,97,0,ᚢᚱᚩᚳᚻᚩᚱᛞᛋ,217
bargellos,95,0,ᛒᚪᚱᚷᛖᛚᛚᚩᛋ,459
antalkali,93,0,ᚪᚾᛏᚪᛚᚳᚪᛚᛁ,569
canistels,90,0,ᚳᚪᚾᛁᛋᛏᛖᛚᛋ,475
abiogenist,90,0,ᚪᛒᛡᚷᛖᚾᛁᛋᛏ,521
outsmells,87,0,ᚩᚢᛏᛋᛗᛖᛚᛚᛋ,459
offstages,87,0,ᚩᚠᚠᛋᛏᚪᚷᛖᛋ,357
bibliotist,87,0,ᛒᛁᛒᛚᛡᛏᛁᛋᛏ,535
mussitate,85,0,ᛗᚢᛋᛋᛁᛏᚪᛏᛖ,493
eggfruits,84,0,ᛖᚷᚷᚠᚱᚢᛁᛏᛋ,260
dutcheses,84,0,ᛞᚢᛏᚳᚻᛖᛋᛖᛋ,427
piperines,83,0,ᛈᛁᛈᛖᚱᛁᚾᛖᛋ,375
ketonurias,83,0,ᚳᛖᛏᚩᚾᚢᚱᛡᛋ,349
entozoans,83,0,ᛖᚾᛏᚩᛋᚩᚪᚾᛋ,401
emboluses,83,0,ᛖᛗᛒᚩᛚᚢᛋᛖᛋ,455
meliorisms,80,0,ᛗᛖᛚᛡᚱᛁᛋᛗᛋ,537
thelements,79,0,ᚦᛖᛚᛖᛗᛖᚾᛏᛋ,491
gargoyley,79,0,ᚷᚪᚱᚷᚩᚣᛚᛖᚣ,495
scrimures,78,0,ᛋᚳᚱᛁᛗᚢᚱᛖᛋ,313
pachinkos,78,0,ᛈᚪᚳᚻᛁᚾᚳᚩᛋ,309
uveitises,77,0,ᚢᚢᛖᛁᛏᛁᛋᛖᛋ,367
edgebones,76,0,ᛖᛞᚷᛖᛒᚩᚾᛖᛋ,457
chloasmas,76,0,ᚳᚻᛚᚩᚪᛋᛗᚪᛋ,487
tortrixes,75,0,ᛏᚩᚱᛏᚱᛁᛉᛖᛋ,345
piquances,75,0,ᛈᛁᚳᚹᚪᚾᚳᛖᛋ,365
outcomess,74,0,ᚩᚢᛏᚳᚩᛗᛖᛋᛋ,333
evenfalls,73,0,ᛖᚢᛖᚾᚠᚪᛚᛚᛋ,464
hymeniums,72,0,ᚻᚣᛗᛖᚾᛁᚢᛗᛋ,451
ptyalisms,71,0,ᛈᛏᚣᚪᛚᛁᛋᛗᛋ,583
orinasals,71,0,ᚩᚱᛁᚾᚪᛋᚪᛚᛋ,451
dutchesss,71,0,ᛞᚢᛏᚳᚻᛖᛋᛋᛋ,413
tusheries,69,0,ᛏᚢᛋᚻᛖᚱᛁᛖᛋ,367
gorgerins,69,0,ᚷᚩᚱᚷᛖᚱᛁᚾᛋ,243
eohippuses,68,0,ᛇᚻᛁᛈᛈᚢᛋᛖᛋ,357
pausement,66,0,ᛈᚪᚢᛋᛖᛗᛖᚾᛏ,489
edacities,66,0,ᛖᛞᚪᚳᛁᛏᛁᛖᛋ,507
amyotonias,66,0,ᚪᛗᚣᚩᛏᚩᚾᛡᛋ,533
syconiums,64,0,ᛋᚣᚳᚩᚾᛁᚢᛗᛋ,363
hardbakes,62,0,ᚻᚪᚱᛞᛒᚪᚳᛖᛋ,511
subbasses,58,0,ᛋᚢᛒᛒᚪᛋᛋᛖᛋ,501
episperms,58,0,ᛖᛈᛁᛋᛈᛖᚱᛗᛋ,439
candyweed,58,0,ᚳᚪᚾᛞᚣᚹᛖᛖᛞ,573
semicomas,57,0,ᛋᛖᛗᛁᚳᚩᛗᚪᛋ,463
tarriances,56,0,ᛏᚪᚱᚱᛡᚾᚳᛖᛋ,447
stiltbird,56,0,ᛋᛏᛁᛚᛏᛒᛁᚱᛞ,467
micrified,55,0,ᛗᛁᚳᚱᛁᚠᛁᛖᛞ,346
iridoncus,55,0,ᛁᚱᛁᛞᚩᚾᚳᚢᛋ,267
symploces,51,0,ᛋᚣᛗᛈᛚᚩᚳᛖᛋ,483
oilpapers,49,0,ᚩᛁᛚᛈᚪᛈᛖᚱᛋ,425
mitresses,48,0,ᛗᛁᛏᚱᛖᛋᛋᛖᛋ,465
logomachs,47,0,ᛚᚩᚷᚩᛗᚪᚳᚻᛋ,361
wheatworms,41,0,ᚹᚻᛠᛏᚹᚩᚱᛗᛋ,371
