administration,271807093,1,ᚪᛞᛗᛁᚾᛁᛋᛏᚱᚪᛏᛡᚾ,763
circumstances,180461021,1,ᚳᛁᚱᚳᚢᛗᛋᛏᚪᚾᚳᛖᛋ,513
environmental,156700456,1,ᛖᚾᚢᛁᚱᚩᚾᛗᛖᚾᛏᚪᛚ,573
transportation,149006413,1,ᛏᚱᚪᚾᛋᛈᚩᚱᛏᚪᛏᛡᚾ,661
approximately,139644765,1,ᚪᛈᛈᚱᚩᛉᛁᛗᚪᛏᛖᛚᚣ,749
establishment,107587289,1,ᛖᛋᛏᚪᛒᛚᛁᛋᚻᛗᛖᚾᛏ,743
interpretation,96866886,1,ᛁᚾᛏᛖᚱᛈᚱᛖᛏᚪᛏᛡᚾ,669
communications,89435229,1,ᚳᚩᛗᛗᚢᚾᛁᚳᚪᛏᛡᚾᛋ,583
opportunities,86166649,1,ᚩᛈᛈᚩᚱᛏᚢᚾᛁᛏᛁᛖᛋ,443
classification,84941918,1,ᚳᛚᚪᛋᛋᛁᚠᛁᚳᚪᛏᛡᚾ,658
representation,81538599,1,ᚱᛖᛈᚱᛖᛋᛖᚾᛏᚪᛏᛡᚾ,699
constitutional,75148054,1,ᚳᚩᚾᛋᛏᛁᛏᚢᛏᛡᚾᚪᛚ,619
identification,70339608,1,ᛁᛞᛖᚾᛏᛁᚠᛁᚳᚪᛏᛡᚾ,644
significantly,70153547,1,ᛋᛁᚷᚾᛁᚠᛁᚳᚪᚾᛏᛚᚣ,568
implementation,69951187,1,ᛁᛗᛈᛚᛖᛗᛖᚾᛏᚪᛏᛡᚾ,803
manufacturers,69580239,1,ᛗᚪᚾᚢᚠᚪᚳᛏᚢᚱᛖᚱᛋ,516
comprehensive,69406352,1,ᚳᚩᛗᛈᚱᛖᚻᛖᚾᛋᛁᚢᛖ,485
massachusetts,68279476,0,ᛗᚪᛋᛋᚪᚳᚻᚢᛋᛖᛏᛏᛋ,701
psychological,59278349,0,ᛈᛋᚣᚳᚻᚩᛚᚩᚷᛁᚳᚪᛚ,553
investigations,59170917,1,ᛁᚾᚢᛖᛋᛏᛁᚷᚪᛏᛡᚾᛋ,635
considerations,58579079,1,ᚳᚩᚾᛋᛁᛞᛖᚱᚪᛏᛡᚾᛋ,645
administrator,57234528,1,ᚪᛞᛗᛁᚾᛁᛋᛏᚱᚪᛏᚩᚱ,645
discrimination,53838802,1,ᛞᛁᛋᚳᚱᛁᛗᛁᚾᚪᛏᛡᚾ,651
unfortunately,50741242,1,ᚢᚾᚠᚩᚱᛏᚢᚾᚪᛏᛖᛚᚣ,542
concentrations,49474859,1,ᚳᚩᚾᚳᛖᚾᛏᚱᚪᛏᛡᚾᛋ,573
extraordinary,49162229,1,ᛖᛉᛏᚱᚪᚩᚱᛞᛁᚾᚪᚱᚣ,659
effectiveness,48976724,1,ᛖᚠᚠᛖᚳᛏᛁᚢᛖᚾᛖᛋᛋ,513
characterized,48087887,1,ᚳᚻᚪᚱᚪᚳᛏᛖᚱᛁᛋᛖᛞ,631
transformation,47702068,1,ᛏᚱᚪᚾᛋᚠᚩᚱᛗᚪᛏᛡᚾ,632
recommendation,46834027,1,ᚱᛖᚳᚩᛗᛗᛖᚾᛞᚪᛏᛡᚾ,717
possibilities,43909066,1,ᛈᚩᛋᛋᛁᛒᛁᛚᛁᛏᛁᛖᛋ,593
specifications,42077027,1,ᛋᛈᛖᚳᛁᚠᛁᚳᚪᛏᛡᚾᛋ,598
simultaneously,38973523,1,ᛋᛁᛗᚢᛚᛏᚪᚾᛇᚢᛋᛚᚣ,689
organizational,38904987,0,ᚩᚱᚷᚪᚾᛁᛋᚪᛏᛡᚾᚪᛚ,707
rehabilitation,38115910,1,ᚱᛖᚻᚪᛒᛁᛚᛁᛏᚪᛏᛡᚾ,745
technological,37264944,0,ᛏᛖᚳᚻᚾᚩᛚᚩᚷᛁᚳᚪᛚ,509
philosophical,35714082,1,ᛈᚻᛁᛚᚩᛋᚩᛈᚻᛁᚳᚪᛚ,517
comparatively,35225539,1,ᚳᚩᛗᛈᚪᚱᚪᛏᛁᚢᛖᛚᚣ,675
automatically,33911156,1,ᚪᚢᛏᚩᛗᚪᛏᛁᚳᚪᛚᛚᚣ,783
reconstruction,32032904,1,ᚱᛖᚳᚩᚾᛋᛏᚱᚢᚳᛏᛡᚾ,461
qualifications,31434218,1,ᚳᚹᚪᛚᛁᚠᛁᚳᚪᛏᛡᚾᛋ,624
entertainment,29013547,1,ᛖᚾᛏᛖᚱᛏᚪᛁᚾᛗᛖᚾᛏ,675
developmental,28103719,1,ᛞᛖᚢᛖᛚᚩᛈᛗᛖᚾᛏᚪᛚ,745
independently,26420194,1,ᛁᚾᛞᛖᛈᛖᚾᛞᛖᚾᛏᛚᚣ,775
architectural,24912260,1,ᚪᚱᚳᚻᛁᛏᛖᚳᛏᚢᚱᚪᛚ,557
supplementary,24112818,1,ᛋᚢᛈᛈᛚᛖᛗᛖᚾᛏᚪᚱᚣ,719
encouragement,22829468,1,ᛖᚾᚳᚩᚢᚱᚪᚷᛖᛗᛖᚾᛏ,537
differentiation,22041529,1,ᛞᛁᚠᚠᛖᚱᛖᚾᛏᛡᛏᛡᚾ,659
sophisticated,20894105,1,ᛋᚩᛈᚻᛁᛋᛏᛁᚳᚪᛏᛖᛞ,625
ecclesiastical,19096362,1,ᛖᚳᚳᛚᛖᛋᛡᛋᛏᛁᚳᚪᛚ,719
investigators,18469110,1,ᛁᚾᚢᛖᛋᛏᛁᚷᚪᛏᚩᚱᛋ,517
neighbourhood,18325148,1,ᚾᛖᛁᚷᚻᛒᚩᚢᚱᚻᚩᚩᛞ,375
determinations,17518995,1,ᛞᛖᛏᛖᚱᛗᛁᚾᚪᛏᛡᚾᛋ,769
advertisement,17510960,1,ᚪᛞᚢᛖᚱᛏᛁᛋᛖᛗᛖᚾᛏ,703
perpendicular,16442661,1,ᛈᛖᚱᛈᛖᚾᛞᛁᚳᚢᛚᚪᚱ,577
indispensable,16440102,1,ᛁᚾᛞᛁᛋᛈᛖᚾᛋᚪᛒᛚᛖ,723
archaeological,16321670,0,ᚪᚱᚳᚻᚫᚩᛚᚩᚷᛁᚳᚪᛚ,563
correspondent,16084325,1,ᚳᚩᚱᚱᛖᛋᛈᚩᚾᛞᛖᚾᛏ,485
reimbursement,15698753,1,ᚱᛖᛁᛗᛒᚢᚱᛋᛖᛗᛖᚾᛏ,601
predominantly,15388959,1,ᛈᚱᛖᛞᚩᛗᛁᚾᚪᚾᛏᛚᚣ,709
undergraduate,14576093,1,ᚢᚾᛞᛖᚱᚷᚱᚪᛞᚢᚪᛏᛖ,639
manifestations,14448291,1,ᛗᚪᚾᛁᚠᛖᛋᛏᚪᛏᛡᚾᛋ,754
demonstrations,14031935,1,ᛞᛖᛗᚩᚾᛋᛏᚱᚪᛏᛡᚾᛋ,731
reinforcement,13744597,1,ᚱᛖᛁᚾᚠᚩᚱᚳᛖᛗᛖᚾᛏ,464
disadvantages,13739220,1,ᛞᛁᛋᚪᛞᚢᚪᚾᛏᚪᚷᛖᛋ,781
complementary,12967864,1,ᚳᚩᛗᛈᛚᛖᛗᛖᚾᛏᚪᚱᚣ,711
disbursements,12776691,1,ᛞᛁᛋᛒᚢᚱᛋᛖᛗᛖᚾᛏᛋ,647
applicability,12774997,1,ᚪᛈᛈᛚᛁᚳᚪᛒᛁᛚᛁᛏᚣ,755
insignificant,12426471,1,ᛁᚾᛋᛁᚷᚾᛁᚠᛁᚳᚪᚾᛏ,452
uncomfortable,12201006,1,ᚢᚾᚳᚩᛗᚠᚩᚱᛏᚪᛒᛚᛖ,500
statistically,12148217,1,ᛋᛏᚪᛏᛁᛋᛏᛁᚳᚪᛚᛚᚣ,801
alternatively,12110054,1,ᚪᛚᛏᛖᚱᚾᚪᛏᛁᚢᛖᛚᚣ,769
differentiated,11860559,1,ᛞᛁᚠᚠᛖᚱᛖᚾᛏᛡᛏᛖᛞ,679
fundamentally,11827985,1,ᚠᚢᚾᛞᚪᛗᛖᚾᛏᚪᛚᛚᚣ,792
contradictory,11628946,1,ᚳᚩᚾᛏᚱᚪᛞᛁᚳᛏᚩᚱᚣ,529
meteorological,11628898,0,ᛗᛖᛏᛇᚱᚩᛚᚩᚷᛁᚳᚪᛚ,567
enlightenment,11291597,1,ᛖᚾᛚᛁᚷᚻᛏᛖᚾᛗᛖᚾᛏ,621
probabilities,11259074,1,ᛈᚱᚩᛒᚪᛒᛁᛚᛁᛏᛁᛖᛋ,625
cardiovascular,11213380,0,ᚳᚪᚱᛞᛡᚢᚪᛋᚳᚢᛚᚪᚱ,667
configurations,11053246,1,ᚳᚩᚾᚠᛁᚷᚢᚱᚪᛏᛡᚾᛋ,458
interpersonal,10883989,1,ᛁᚾᛏᛖᚱᛈᛖᚱᛋᚩᚾᚪᛚ,577
semiconductor,10865989,0,ᛋᛖᛗᛁᚳᚩᚾᛞᚢᚳᛏᚩᚱ,453
collaborative,10662087,1,ᚳᚩᛚᛚᚪᛒᚩᚱᚪᛏᛁᚢᛖ,599
abnormalities,10560224,1,ᚪᛒᚾᚩᚱᛗᚪᛚᛁᛏᛁᛖᛋ,687
unprecedented,10557489,1,ᚢᚾᛈᚱᛖᚳᛖᛞᛖᚾᛏᛖᛞ,633
multiplication,10478401,1,ᛗᚢᛚᛏᛁᛈᛚᛁᚳᚪᛏᛡᚾ,689
czechoslovakia,10441287,1,ᚳᛋᛖᚳᚻᚩᛋᛚᚩᚢᚪᚳᛡ,529
progressively,10150705,1,ᛈᚱᚩᚷᚱᛖᛋᛋᛁᚢᛖᛚᚣ,539
inconvenience,9945310,1,ᛁᚾᚳᚩᚾᚢᛖᚾᛁᛖᚾᚳᛖ,415
accommodations,9769246,1,ᚪᚳᚳᚩᛗᛗᚩᛞᚪᛏᛡᚾᛋ,713
psychologists,9714136,0,ᛈᛋᚣᚳᚻᚩᛚᚩᚷᛁᛋᛏᛋ,535
morphological,9655540,0,ᛗᚩᚱᛈᚻᚩᛚᚩᚷᛁᚳᚪᛚ,473
vulnerability,9174608,1,ᚢᚢᛚᚾᛖᚱᚪᛒᛁᛚᛁᛏᚣ,641
intellectuals,9083338,1,ᛁᚾᛏᛖᛚᛚᛖᚳᛏᚢᚪᛚᛋ,697
personalities,9030859,1,ᛈᛖᚱᛋᚩᚾᚪᛚᛁᛏᛁᛖᛋ,621
embarrassment,8992451,1,ᛖᛗᛒᚪᚱᚱᚪᛋᛋᛗᛖᚾᛏ,747
chronological,8894195,0,ᚳᚻᚱᚩᚾᚩᛚᚩᚷᛁᚳᚪᛚ,401
uncertainties,8730477,1,ᚢᚾᚳᛖᚱᛏᚪᛁᚾᛏᛁᛖᛋ,549
methodological,8712266,0,ᛗᛖᚦᚩᛞᚩᛚᚩᚷᛁᚳᚪᛚ,557
disadvantaged,8636696,1,ᛞᛁᛋᚪᛞᚢᚪᚾᛏᚪᚷᛖᛞ,817
impossibility,8466404,1,ᛁᛗᛈᚩᛋᛋᛁᛒᛁᛚᛁᛏᚣ,647
circumference,8462347,1,ᚳᛁᚱᚳᚢᛗᚠᛖᚱᛖᚾᚳᛖ,398
generalization,8422193,0,ᚷᛖᚾᛖᚱᚪᛚᛁᛋᚪᛏᛡᚾ,737
contradictions,8418767,1,ᚳᚩᚾᛏᚱᚪᛞᛁᚳᛏᛡᚾᛋ,597
predetermined,8394389,1,ᛈᚱᛖᛞᛖᛏᛖᚱᛗᛁᚾᛖᛞ,701
entrepreneurs,8371283,1,ᛖᚾᛏᚱᛖᛈᚱᛖᚾᛖᚢᚱᛋ,517
neighborhoods,8367403,1,ᚾᛖᛁᚷᚻᛒᚩᚱᚻᚩᚩᛞᛋ,425
jurisprudence,8218632,1,ᛂᚢᚱᛁᛋᛈᚱᚢᛞᛖᚾᚳᛖ,457
individuality,8188191,1,ᛁᚾᛞᛁᚢᛁᛞᚢᚪᛚᛁᛏᚣ,669
horticultural,8133744,0,ᚻᚩᚱᛏᛁᚳᚢᛚᛏᚢᚱᚪᛚ,463
conservatives,7968368,1,ᚳᚩᚾᛋᛖᚱᚢᚪᛏᛁᚢᛖᛋ,493
unquestionably,7788504,1,ᚢᚾᚳᚹᛖᛋᛏᛡᚾᚪᛒᛚᚣ,713
profitability,7537647,1,ᛈᚱᚩᚠᛁᛏᚪᛒᛁᛚᛁᛏᚣ,608
accessibility,7507730,1,ᚪᚳᚳᛖᛋᛋᛁᛒᛁᛚᛁᛏᚣ,685
questionnaires,7471206,1,ᚳᚹᛖᛋᛏᛡᚾᚾᚪᛁᚱᛖᛋ,635
characterised,7350870,1,ᚳᚻᚪᚱᚪᚳᛏᛖᚱᛁᛋᛖᛞ,631
compatibility,7335794,1,ᚳᚩᛗᛈᚪᛏᛁᛒᛁᛚᛁᛏᚣ,679
metallurgical,7250282,0,ᛗᛖᛏᚪᛚᛚᚢᚱᚷᛁᚳᚪᛚ,685
controversies,7205886,1,ᚳᚩᚾᛏᚱᚩᚢᛖᚱᛋᛁᛖᛋ,411
intracellular,6994435,0,ᛁᚾᛏᚱᚪᚳᛖᛚᛚᚢᛚᚪᚱ,637
impracticable,6908805,1,ᛁᛗᛈᚱᚪᚳᛏᛁᚳᚪᛒᛚᛖ,667
retrospective,6897399,1,ᚱᛖᛏᚱᚩᛋᛈᛖᚳᛏᛁᚢᛖ,491
postoperative,6744627,0,ᛈᚩᛋᛏᚩᛈᛖᚱᚪᛏᛁᚢᛖ,547
grandchildren,6653770,1,ᚷᚱᚪᚾᛞᚳᚻᛁᛚᛞᚱᛖᚾ,579
jurisdictional,6639998,1,ᛂᚢᚱᛁᛋᛞᛁᚳᛏᛡᚾᚪᛚ,633
redistribution,6639182,1,ᚱᛖᛞᛁᛋᛏᚱᛁᛒᚢᛏᛡᚾ,611
investigative,6625073,1,ᛁᚾᚢᛖᛋᛏᛁᚷᚪᛏᛁᚢᛖ,547
announcements,6598684,1,ᚪᚾᚾᚩᚢᚾᚳᛖᛗᛖᚾᛏᛋ,553
disintegration,6546098,1,ᛞᛁᛋᛁᚾᛏᛖᚷᚱᚪᛏᛡᚾ,679
reconstructed,6513707,1,ᚱᛖᚳᚩᚾᛋᛏᚱᚢᚳᛏᛖᛞ,481
naturalization,6502854,0,ᚾᚪᛏᚢᚱᚪᛚᛁᛋᚪᛏᛡᚾ,745
insufficiency,6496405,1,ᛁᚾᛋᚢᚠᚠᛁᚳᛁᛖᚾᚳᚣ,407
correspondingly,6474553,1,ᚳᚩᚱᚱᛖᛋᛈᚩᚾᛞᛝᛚᚣ,585
reinstatement,6271149,1,ᚱᛖᛁᚾᛋᛏᚪᛏᛖᛗᛖᚾᛏ,699
carbohydrates,6267971,0,ᚳᚪᚱᛒᚩᚻᚣᛞᚱᚪᛏᛖᛋ,691
quartermaster,6252489,1,ᚳᚹᚪᚱᛏᛖᚱᛗᚪᛋᛏᛖᚱ,635
electrostatic,6198907,0,ᛖᛚᛖᚳᛏᚱᚩᛋᛏᚪᛏᛁᚳ,609
discrepancies,6192989,1,ᛞᛁᛋᚳᚱᛖᛈᚪᚾᚳᛁᛖᛋ,597
preponderance,6155238,1,ᛈᚱᛖᛈᚩᚾᛞᛖᚱᚪᚾᚳᛖ,573
industrialized,6142895,1,ᛁᚾᛞᚢᛋᛏᚱᛡᛚᛁᛋᛖᛞ,695
polymerization,6114812,0,ᛈᚩᛚᚣᛗᛖᚱᛁᛋᚪᛏᛡᚾ,751
stratification,6088978,0,ᛋᛏᚱᚪᛏᛁᚠᛁᚳᚪᛏᛡᚾ,648
inconsistency,5993413,1,ᛁᚾᚳᚩᚾᛋᛁᛋᛏᛖᚾᚳᚣ,517
individualism,5946936,1,ᛁᚾᛞᛁᚢᛁᛞᚢᚪᛚᛁᛋᛗ,631
reasonableness,5926226,1,ᚱᛠᛋᚩᚾᚪᛒᛚᛖᚾᛖᛋᛋ,709
misunderstood,5924436,1,ᛗᛁᛋᚢᚾᛞᛖᚱᛋᛏᚩᚩᛞ,569
northumberland,5923897,0,ᚾᚩᚱᚦᚢᛗᛒᛖᚱᛚᚪᚾᛞ,553
liberalization,5850944,0,ᛚᛁᛒᛖᚱᚪᛚᛁᛋᚪᛏᛡᚾ,789
simplification,5834697,1,ᛋᛁᛗᛈᛚᛁᚠᛁᚳᚪᛏᛡᚾ,640
characterizes,5802701,1,ᚳᚻᚪᚱᚪᚳᛏᛖᚱᛁᛋᛖᛋ,595
unpredictable,5653962,1,ᚢᚾᛈᚱᛖᛞᛁᚳᛏᚪᛒᛚᛖ,643
capitalization,5648828,0,ᚳᚪᛈᛁᛏᚪᛚᛁᛋᚪᛏᛡᚾ,789
bibliographies,5590845,0,ᛒᛁᛒᛚᛡᚷᚱᚪᛈᚻᛁᛖᛋ,675
aforementioned,5589494,1,ᚪᚠᚩᚱᛖᛗᛖᚾᛏᛡᚾᛖᛞ,702
extracellular,5569562,0,ᛖᛉᛏᚱᚪᚳᛖᛚᛚᚢᛚᚪᚱ,691
congratulations,5539584,1,ᚳᚩᛝᚱᚪᛏᚢᛚᚪᛏᛡᚾᛋ,687
distinguishable,5526570,1,ᛞᛁᛋᛏᛝᚢᛁᛋᚻᚪᛒᛚᛖ,719
stratigraphic,5525522,0,ᛋᛏᚱᚪᛏᛁᚷᚱᚪᛈᚻᛁᚳ,545
heterogeneity,5495085,1,ᚻᛖᛏᛖᚱᚩᚷᛖᚾᛖᛁᛏᚣ,607
unnecessarily,5470729,1,ᚢᚾᚾᛖᚳᛖᛋᛋᚪᚱᛁᛚᚣ,629
redevelopment,5388101,1,ᚱᛖᛞᛖᚢᛖᛚᚩᛈᛗᛖᚾᛏ,653
fortifications,5326694,1,ᚠᚩᚱᛏᛁᚠᛁᚳᚪᛏᛡᚾᛋ,501
communicative,5230964,1,ᚳᚩᛗᛗᚢᚾᛁᚳᚪᛏᛁᚢᛖ,495
geographically,5209567,0,ᚷᛇᚷᚱᚪᛈᚻᛁᚳᚪᛚᛚᚣ,639
displacements,5200119,1,ᛞᛁᛋᛈᛚᚪᚳᛖᛗᛖᚾᛏᛋ,745
instinctively,5186960,1,ᛁᚾᛋᛏᛁᚾᚳᛏᛁᚢᛖᛚᚣ,581
disinterested,5184816,1,ᛞᛁᛋᛁᚾᛏᛖᚱᛖᛋᛏᛖᛞ,705
inexperienced,5166330,1,ᛁᚾᛖᛉᛈᛖᚱᛁᛖᚾᚳᛖᛞ,591
accompaniment,5148810,1,ᚪᚳᚳᚩᛗᛈᚪᚾᛁᛗᛖᚾᛏ,627
homosexuality,5135901,1,ᚻᚩᛗᚩᛋᛖᛉᚢᚪᛚᛁᛏᚣ,641
conspicuously,5095306,1,ᚳᚩᚾᛋᛈᛁᚳᚢᚩᚢᛋᛚᚣ,431
acquaintances,5083547,1,ᚪᚳᚳᚹᚪᛁᚾᛏᚪᚾᚳᛖᛋ,617
approximations,5074464,1,ᚪᛈᛈᚱᚩᛉᛁᛗᚪᛏᛡᚾᛋ,695
uninterrupted,5043357,1,ᚢᚾᛁᚾᛏᛖᚱᚱᚢᛈᛏᛖᛞ,501
photographers,4992169,1,ᛈᚻᚩᛏᚩᚷᚱᚪᛈᚻᛖᚱᛋ,461
hydrochloride,4934688,0,ᚻᚣᛞᚱᚩᚳᚻᛚᚩᚱᛁᛞᛖ,547
reminiscences,4929452,1,ᚱᛖᛗᛁᚾᛁᛋᚳᛖᚾᚳᛖᛋ,535
longitudinally,4863495,1,ᛚᚩᛝᛁᛏᚢᛞᛁᚾᚪᛚᛚᚣ,747
admissibility,4757525,1,ᚪᛞᛗᛁᛋᛋᛁᛒᛁᛚᛁᛏᚣ,783
professionally,4737655,1,ᛈᚱᚩᚠᛖᛋᛋᛡᚾᚪᛚᛚᚣ,718
irresponsible,4714341,1,ᛁᚱᚱᛖᛋᛈᚩᚾᛋᛁᛒᛚᛖ,537
multicultural,4654754,1,ᛗᚢᛚᛏᛁᚳᚢᛚᛏᚢᚱᚪᛚ,569
indeterminate,4642071,1,ᛁᚾᛞᛖᛏᛖᚱᛗᛁᚾᚪᛏᛖ,707
photosynthesis,4633807,0,ᛈᚻᚩᛏᚩᛋᚣᚾᚦᛖᛋᛁᛋ,533
intelligently,4587706,1,ᛁᚾᛏᛖᛚᛚᛁᚷᛖᚾᛏᛚᚣ,711
thermodynamics,4580982,0,ᚦᛖᚱᛗᚩᛞᚣᚾᚪᛗᛁᚳᛋ,647
sophistication,4545865,1,ᛋᚩᛈᚻᛁᛋᛏᛁᚳᚪᛏᛡᚾ,605
carboniferous,4509801,0,ᚳᚪᚱᛒᚩᚾᛁᚠᛖᚱᚩᚢᛋ,392
participatory,4464684,1,ᛈᚪᚱᛏᛁᚳᛁᛈᚪᛏᚩᚱᚣ,605
inadvertently,4359398,1,ᛁᚾᚪᛞᚢᛖᚱᛏᛖᚾᛏᛚᚣ,717
qualitatively,4329956,1,ᚳᚹᚪᛚᛁᛏᚪᛏᛁᚢᛖᛚᚣ,725
protestantism,4325661,1,ᛈᚱᚩᛏᛖᛋᛏᚪᚾᛏᛁᛋᛗ,639
policyholders,4236656,1,ᛈᚩᛚᛁᚳᚣᚻᚩᛚᛞᛖᚱᛋ,593
subcontractor,4227018,1,ᛋᚢᛒᚳᚩᚾᛏᚱᚪᚳᛏᚩᚱ,423
deterministic,4172138,1,ᛞᛖᛏᛖᚱᛗᛁᚾᛁᛋᛏᛁᚳ,611
decentralized,4127839,1,ᛞᛖᚳᛖᚾᛏᚱᚪᛚᛁᛋᛖᛞ,745
topographical,4084305,0,ᛏᚩᛈᚩᚷᚱᚪᛈᚻᛁᚳᚪᛚ,521
prerequisites,4055772,1,ᛈᚱᛖᚱᛖᚳᚹᛁᛋᛁᛏᛖᛋ,525
circumstantial,4050216,1,ᚳᛁᚱᚳᚢᛗᛋᛏᚪᚾᛏᛡᛚ,619
probabilistic,4021138,1,ᛈᚱᚩᛒᚪᛒᛁᛚᛁᛋᛏᛁᚳ,571
discontinuous,4020894,0,ᛞᛁᛋᚳᚩᚾᛏᛁᚾᚢᚩᚢᛋ,407
circumscribed,4000218,0,ᚳᛁᚱᚳᚢᛗᛋᚳᚱᛁᛒᛖᛞ,467
discontinuity,3929416,0,ᛞᛁᛋᚳᚩᚾᛏᛁᚾᚢᛁᛏᚣ,537
granddaughter,3908072,0,ᚷᚱᚪᚾᛞᛞᚪᚢᚷᚻᛏᛖᚱ,609
anthropologist,3902395,0,ᚪᚾᚦᚱᚩᛈᚩᛚᚩᚷᛁᛋᛏ,439
superannuation,3889044,0,ᛋᚢᛈᛖᚱᚪᚾᚾᚢᚪᛏᛡᚾ,627
comparability,3868694,0,ᚳᚩᛗᛈᚪᚱᚪᛒᛁᛚᛁᛏᚣ,697
interchangeable,3852547,0,ᛁᚾᛏᛖᚱᚳᚻᚪᛝᛠᛒᛚᛖ,719
spectroscopic,3800880,0,ᛋᛈᛖᚳᛏᚱᚩᛋᚳᚩᛈᛁᚳ,413
inconceivable,3774443,0,ᛁᚾᚳᚩᚾᚳᛖᛁᚢᚪᛒᛚᛖ,521
intrinsically,3758513,0,ᛁᚾᛏᚱᛁᚾᛋᛁᚳᚪᛚᛚᚣ,633
centralization,3740510,0,ᚳᛖᚾᛏᚱᚪᛚᛁᛋᚪᛏᛡᚾ,725
disagreements,3720288,0,ᛞᛁᛋᚪᚷᚱᛖᛖᛗᛖᚾᛏᛋ,711
mineralization,3711613,0,ᛗᛁᚾᛖᚱᚪᛚᛁᛋᚪᛏᛡᚾ,755
discriminated,3595851,0,ᛞᛁᛋᚳᚱᛁᛗᛁᚾᚪᛏᛖᛞ,671
conversational,3585674,0,ᚳᚩᚾᚢᛖᚱᛋᚪᛏᛡᚾᚪᛚ,645
contraceptive,3551904,0,ᚳᚩᚾᛏᚱᚪᚳᛖᛈᛏᛁᚢᛖ,499
phenomenology,3546797,0,ᛈᚻᛖᚾᚩᛗᛖᚾᚩᛚᚩᚷᚣ,543
paradoxically,3544527,0,ᛈᚪᚱᚪᛞᚩᛉᛁᚳᚪᛚᛚᚣ,781
mathematically,3516210,0,ᛗᚪᚦᛖᛗᚪᛏᛁᚳᚪᛚᛚᚣ,857
intermediaries,3514023,0,ᛁᚾᛏᛖᚱᛗᛖᛞᛡᚱᛁᛖᛋ,693
metamorphosis,3501324,0,ᛗᛖᛏᚪᛗᚩᚱᛈᚻᚩᛋᛁᛋ,593
complimentary,3492808,0,ᚳᚩᛗᛈᛚᛁᛗᛖᚾᛏᚪᚱᚣ,675
appurtenances,3487319,0,ᚪᛈᛈᚢᚱᛏᛖᚾᚪᚾᚳᛖᛋ,611
invertebrates,3483518,0,ᛁᚾᚢᛖᚱᛏᛖᛒᚱᚪᛏᛖᛋ,615
quantification,3466284,0,ᚳᚹᚪᚾᛏᛁᚠᛁᚳᚪᛏᛡᚾ,586
potentialities,3460952,0,ᛈᚩᛏᛖᚾᛏᛡᛚᛁᛏᛁᛖᛋ,685
acceptability,3437372,0,ᚪᚳᚳᛖᛈᛏᚪᛒᛁᛚᛁᛏᚣ,747
historiography,3399454,0,ᚻᛁᛋᛏᚩᚱᛡᚷᚱᚪᛈᚻᚣ,585
phytoplankton,3398828,0,ᛈᚻᚣᛏᚩᛈᛚᚪᚾᚳᛏᚩᚾ,585
strategically,3345471,0,ᛋᛏᚱᚪᛏᛖᚷᛁᚳᚪᛚᛚᚣ,753
involuntarily,3290205,0,ᛁᚾᚢᚩᛚᚢᚾᛏᚪᚱᛁᛚᚣ,549
collaborators,3223748,0,ᚳᚩᛚᛚᚪᛒᚩᚱᚪᛏᚩᚱᛋ,569
hallucinations,3177050,0,ᚻᚪᛚᛚᚢᚳᛁᚾᚪᛏᛡᚾᛋ,687
schizophrenic,3122992,0,ᛋᚳᚻᛁᛋᚩᛈᚻᚱᛖᚾᛁᚳ,397
archaeologists,3109367,0,ᚪᚱᚳᚻᚫᚩᛚᚩᚷᛁᛋᛏᛋ,545
inexhaustible,3075168,0,ᛁᚾᛖᛉᚻᚪᚢᛋᛏᛁᛒᛚᛖ,641
underestimate,3067734,0,ᚢᚾᛞᛖᚱᛖᛋᛏᛁᛗᚪᛏᛖ,703
microcomputer,3029389,0,ᛗᛁᚳᚱᚩᚳᚩᛗᛈᚢᛏᛖᚱ,407
transatlantic,3028317,0,ᛏᚱᚪᚾᛋᚪᛏᛚᚪᚾᛏᛁᚳ,707
denominational,3024583,0,ᛞᛖᚾᚩᛗᛁᚾᚪᛏᛡᚾᚪᛚ,785
interlocutory,3023909,0,ᛁᚾᛏᛖᚱᛚᚩᚳᚢᛏᚩᚱᚣ,473
neutralization,3021125,0,ᚾᛖᚢᛏᚱᚪᛚᛁᛋᚪᛏᛡᚾ,715
unconventional,2991577,0,ᚢᚾᚳᚩᚾᚢᛖᚾᛏᛡᚾᚪᛚ,545
streptococcus,2941143,0,ᛋᛏᚱᛖᛈᛏᚩᚳᚩᚳᚳᚢᛋ,401
staffordshire,2938302,0,ᛋᛏᚪᚠᚠᚩᚱᛞᛋᚻᛁᚱᛖ,505
unequivocally,2929131,0,ᚢᚾᛖᚳᚹᛁᚢᚩᚳᚪᛚᛚᚣ,531
conventionally,2920931,0,ᚳᚩᚾᚢᛖᚾᛏᛡᚾᚪᛚᛚᚣ,689
architectures,2908261,0,ᚪᚱᚳᚻᛁᛏᛖᚳᛏᚢᚱᛖᛋ,507
immunological,2908063,0,ᛁᛗᛗᚢᚾᚩᛚᚩᚷᛁᚳᚪᛚ,523
solidification,2907006,0,ᛋᚩᛚᛁᛞᛁᚠᛁᚳᚪᛏᛡᚾ,622
rationalization,2906838,0,ᚱᚪᛏᛡᚾᚪᛚᛁᛋᚪᛏᛡᚾ,849
typographical,2904099,0,ᛏᚣᛈᚩᚷᚱᚪᛈᚻᛁᚳᚪᛚ,617
affectionately,2894226,0,ᚪᚠᚠᛖᚳᛏᛡᚾᚪᛏᛖᛚᚣ,775
cerebrospinal,2886757,0,ᚳᛖᚱᛖᛒᚱᚩᛋᛈᛁᚾᚪᛚ,563
transcendence,2870459,0,ᛏᚱᚪᚾᛋᚳᛖᚾᛞᛖᚾᚳᛖ,623
internationale,2867069,0,ᛁᚾᛏᛖᚱᚾᚪᛏᛡᚾᚪᛚᛖ,755
refrigerators,2847569,0,ᚱᛖᚠᚱᛁᚷᛖᚱᚪᛏᚩᚱᛋ,444
incapacitated,2833025,0,ᛁᚾᚳᚪᛈᚪᚳᛁᛏᚪᛏᛖᛞ,725
justifications,2830398,0,ᛂᚢᛋᛏᛁᚠᛁᚳᚪᛏᛡᚾᛋ,574
affirmatively,2812796,0,ᚪᚠᚠᛁᚱᛗᚪᛏᛁᚢᛖᛚᚣ,647
acetylcholine,2788000,0,ᚪᚳᛖᛏᚣᛚᚳᚻᚩᛚᛁᚾᛖ,655
photosynthetic,2765819,0,ᛈᚻᚩᛏᚩᛋᚣᚾᚦᛖᛏᛁᚳ,499
industrialists,2763703,0,ᛁᚾᛞᚢᛋᛏᚱᛡᛚᛁᛋᛏᛋ,651
endocrinology,2730427,0,ᛖᚾᛞᚩᚳᚱᛁᚾᚩᛚᚩᚷᚣ,483
reconstituted,2727944,0,ᚱᛖᚳᚩᚾᛋᛏᛁᛏᚢᛏᛖᛞ,547
intravenously,2720886,0,ᛁᚾᛏᚱᚪᚢᛖᚾᚩᚢᛋᛚᚣ,565
neuromuscular,2636896,0,ᚾᛖᚢᚱᚩᛗᚢᛋᚳᚢᛚᚪᚱ,441
categorization,2623736,0,ᚳᚪᛏᛖᚷᚩᚱᛁᛋᚪᛏᛡᚾ,647
indefatigable,2623296,0,ᛁᚾᛞᛖᚠᚪᛏᛁᚷᚪᛒᛚᛖ,720
advantageously,2564648,0,ᚪᛞᚢᚪᚾᛏᚪᚷᛇᚢᛋᛚᚣ,761
consecutively,2562430,0,ᚳᚩᚾᛋᛖᚳᚢᛏᛁᚢᛖᛚᚣ,521
inflorescence,2561762,0,ᛁᚾᚠᛚᚩᚱᛖᛋᚳᛖᚾᚳᛖ,462
sensibilities,2556233,0,ᛋᛖᚾᛋᛁᛒᛁᛚᛁᛏᛁᛖᛋ,639
predisposition,2535784,0,ᛈᚱᛖᛞᛁᛋᛈᚩᛋᛁᛏᛡᚾ,623
infinitesimal,2506917,0,ᛁᚾᚠᛁᚾᛁᛏᛖᛋᛁᛗᚪᛚ,604
nationalization,2500167,0,ᚾᚪᛏᛡᚾᚪᛚᛁᛋᚪᛏᛡᚾ,867
mismanagement,2495594,0,ᛗᛁᛋᛗᚪᚾᚪᚷᛖᛗᛖᚾᛏ,759
energetically,2491204,0,ᛖᚾᛖᚱᚷᛖᛏᛁᚳᚪᛚᛚᚣ,707
commemorative,2488560,0,ᚳᚩᛗᛗᛖᛗᚩᚱᚪᛏᛁᚢᛖ,575
intercultural,2487495,0,ᛁᚾᛏᛖᚱᚳᚢᛚᛏᚢᚱᚪᛚ,529
subcommittees,2443991,0,ᛋᚢᛒᚳᚩᛗᛗᛁᛏᛏᛖᛖᛋ,615
recapitulation,2438898,0,ᚱᛖᚳᚪᛈᛁᛏᚢᛚᚪᛏᛡᚾ,689
microscopical,2437830,0,ᛗᛁᚳᚱᚩᛋᚳᚩᛈᛁᚳᚪᛚ,463
centrifugation,2416494,0,ᚳᛖᚾᛏᚱᛁᚠᚢᚷᚪᛏᛡᚾ,524
contemplative,2406346,0,ᚳᚩᚾᛏᛖᛗᛈᛚᚪᛏᛁᚢᛖ,619
photochemical,2394906,0,ᛈᚻᚩᛏᚩᚳᚻᛖᛗᛁᚳᚪᛚ,527
demonstrative,2388683,0,ᛞᛖᛗᚩᚾᛋᛏᚱᚪᛏᛁᚢᛖ,643
professorship,2374014,0,ᛈᚱᚩᚠᛖᛋᛋᚩᚱᛋᚻᛁᛈ,404
proportionally,2370541,0,ᛈᚱᚩᛈᚩᚱᛏᛡᚾᚪᛚᛚᚣ,663
unquestionable,2341067,0,ᚢᚾᚳᚹᛖᛋᛏᛡᚾᚪᛒᛚᛖ,677
misconceptions,2307736,0,ᛗᛁᛋᚳᚩᚾᚳᛖᛈᛏᛡᚾᛋ,575
petrochemical,2304651,0,ᛈᛖᛏᚱᚩᚳᚻᛖᛗᛁᚳᚪᛚ,575
distinctively,2277097,0,ᛞᛁᛋᛏᛁᚾᚳᛏᛁᚢᛖᛚᚣ,641
tetrachloride,2263682,0,ᛏᛖᛏᚱᚪᚳᚻᛚᚩᚱᛁᛞᛖ,607
encroachments,2247139,0,ᛖᚾᚳᚱᚩᚪᚳᚻᛗᛖᚾᛏᛋ,539
intelligentsia,2246426,0,ᛁᚾᛏᛖᛚᛚᛁᚷᛖᚾᛏᛋᛡ,695
constellations,2229102,0,ᚳᚩᚾᛋᛏᛖᛚᛚᚪᛏᛡᚾᛋ,719
particularity,2220807,0,ᛈᚪᚱᛏᛁᚳᚢᛚᚪᚱᛁᛏᚣ,631
demonstrators,2191533,0,ᛞᛖᛗᚩᚾᛋᛏᚱᚪᛏᚩᚱᛋ,613
entomological,2183129,0,ᛖᚾᛏᚩᛗᚩᛚᚩᚷᛁᚳᚪᛚ,551
sensitiveness,2159039,0,ᛋᛖᚾᛋᛁᛏᛁᚢᛖᚾᛖᛋᛋ,595
technologists,2151666,0,ᛏᛖᚳᚻᚾᚩᛚᚩᚷᛁᛋᛏᛋ,491
disintegrated,2135853,0,ᛞᛁᛋᛁᚾᛏᛖᚷᚱᚪᛏᛖᛞ,699
inconspicuous,2132723,0,ᛁᚾᚳᚩᚾᛋᛈᛁᚳᚢᚩᚢᛋ,315
postmodernism,2126082,0,ᛈᚩᛋᛏᛗᚩᛞᛖᚱᚾᛁᛋᛗ,591
craftsmanship,2109374,0,ᚳᚱᚪᚠᛏᛋᛗᚪᚾᛋᚻᛁᛈ,582
categorically,2100113,0,ᚳᚪᛏᛖᚷᚩᚱᛁᚳᚪᛚᛚᚣ,661
undistributed,2094917,0,ᚢᚾᛞᛁᛋᛏᚱᛁᛒᚢᛏᛖᛞ,585
unaccompanied,2094678,0,ᚢᚾᚪᚳᚳᚩᛗᛈᚪᚾᛁᛖᛞ,589
conformational,2093686,0,ᚳᚩᚾᚠᚩᚱᛗᚪᛏᛡᚾᚪᛚ,602
immobilization,2084683,0,ᛁᛗᛗᚩᛒᛁᛚᛁᛋᚪᛏᛡᚾ,721
preferentially,2082569,0,ᛈᚱᛖᚠᛖᚱᛖᚾᛏᛡᛚᛚᚣ,712
uncomplicated,2080732,0,ᚢᚾᚳᚩᛗᛈᛚᛁᚳᚪᛏᛖᛞ,595
sensitivities,2070570,0,ᛋᛖᚾᛋᛁᛏᛁᚢᛁᛏᛁᛖᛋ,567
mineralogical,2067489,0,ᛗᛁᚾᛖᚱᚪᛚᚩᚷᛁᚳᚪᛚ,617
opportunistic,2060639,0,ᚩᛈᛈᚩᚱᛏᚢᚾᛁᛋᛏᛁᚳ,389
transgressions,2050964,0,ᛏᚱᚪᚾᛋᚷᚱᛖᛋᛋᛡᚾᛋ,639
revitalization,2045063,0,ᚱᛖᚢᛁᛏᚪᛚᛁᛋᚪᛏᛡᚾ,717
pronouncement,2042904,0,ᛈᚱᚩᚾᚩᚢᚾᚳᛖᛗᛖᚾᛏ,435
interferences,2033603,0,ᛁᚾᛏᛖᚱᚠᛖᚱᛖᚾᚳᛖᛋ,506
preliminaries,2016618,0,ᛈᚱᛖᛚᛁᛗᛁᚾᚪᚱᛁᛖᛋ,615
schematically,2006364,0,ᛋᚳᚻᛖᛗᚪᛏᛁᚳᚪᛚᛚᚣ,773
digestibility,2005019,0,ᛞᛁᚷᛖᛋᛏᛁᛒᛁᛚᛁᛏᚣ,705
indescribable,2003324,0,ᛁᚾᛞᛖᛋᚳᚱᛁᛒᚪᛒᛚᛖ,683
wholeheartedly,2002433,0,ᚹᚻᚩᛚᛖᚻᛠᚱᛏᛖᛞᛚᚣ,723
forgetfulness,2001248,0,ᚠᚩᚱᚷᛖᛏᚠᚢᛚᚾᛖᛋᛋ,443
rehabilitated,1997957,0,ᚱᛖᚻᚪᛒᛁᛚᛁᛏᚪᛏᛖᛞ,765
polypropylene,1993215,0,ᛈᚩᛚᚣᛈᚱᚩᛈᚣᛚᛖᚾᛖ,669
preservatives,1992426,0,ᛈᚱᛖᛋᛖᚱᚢᚪᛏᛁᚢᛖᛋ,565
liberalisation,1982112,0,ᛚᛁᛒᛖᚱᚪᛚᛁᛋᚪᛏᛡᚾ,789
troubleshooting,1959754,0,ᛏᚱᚩᚢᛒᛚᛖᛋᚻᚩᚩᛏᛝ,509
ferromagnetic,1951715,0,ᚠᛖᚱᚱᚩᛗᚪᚷᚾᛖᛏᛁᚳ,482
instabilities,1938238,0,ᛁᚾᛋᛏᚪᛒᛁᛚᛁᛏᛁᛖᛋ,675
distributional,1925644,0,ᛞᛁᛋᛏᚱᛁᛒᚢᛏᛡᚾᚪᛚ,703
uncomfortably,1925280,0,ᚢᚾᚳᚩᛗᚠᚩᚱᛏᚪᛒᛚᚣ,536
reconstitution,1919135,0,ᚱᛖᚳᚩᚾᛋᛏᛁᛏᚢᛏᛡᚾ,527
indifferently,1913994,0,ᛁᚾᛞᛁᚠᚠᛖᚱᛖᚾᛏᛚᚣ,593
imperceptible,1908849,0,ᛁᛗᛈᛖᚱᚳᛖᛈᛏᛁᛒᛚᛖ,637
prefabricated,1907054,0,ᛈᚱᛖᚠᚪᛒᚱᛁᚳᚪᛏᛖᛞ,648
metamorphosed,1898097,0,ᛗᛖᛏᚪᛗᚩᚱᛈᚻᚩᛋᛖᛞ,665
statesmanship,1891937,0,ᛋᛏᚪᛏᛖᛋᛗᚪᚾᛋᚻᛁᛈ,735
interchangeably,1890961,0,ᛁᚾᛏᛖᚱᚳᚻᚪᛝᛠᛒᛚᚣ,755
convalescence,1874552,0,ᚳᚩᚾᚢᚪᛚᛖᛋᚳᛖᚾᚳᛖ,531
handkerchiefs,1870866,0,ᚻᚪᚾᛞᚳᛖᚱᚳᚻᛁᛖᚠᛋ,518
prostaglandin,1870412,0,ᛈᚱᚩᛋᛏᚪᚷᛚᚪᚾᛞᛁᚾ,635
symmetrically,1864464,0,ᛋᚣᛗᛗᛖᛏᚱᛁᚳᚪᛚᛚᚣ,825
intramuscular,1862755,0,ᛁᚾᛏᚱᚪᛗᚢᛋᚳᚢᛚᚪᚱ,551
determinative,1854063,0,ᛞᛖᛏᛖᚱᛗᛁᚾᚪᛏᛁᚢᛖ,681
stenographers,1848966,0,ᛋᛏᛖᚾᚩᚷᚱᚪᛈᚻᛖᚱᛋ,537
externalities,1846974,0,ᛖᛉᛏᛖᚱᚾᚪᛚᛁᛏᛁᛖᛋ,691
unanticipated,1844824,0,ᚢᚾᚪᚾᛏᛁᚳᛁᛈᚪᛏᛖᛞ,647
unaccountable,1835788,0,ᚢᚾᚪᚳᚳᚩᚢᚾᛏᚪᛒᛚᛖ,551
sanctification,1835189,0,ᛋᚪᚾᚳᛏᛁᚠᛁᚳᚪᛏᛡᚾ,620
contralateral,1829838,0,ᚳᚩᚾᛏᚱᚪᛚᚪᛏᛖᚱᚪᛚ,693
overestimated,1823695,0,ᚩᚢᛖᚱᛖᛋᛏᛁᛗᚪᛏᛖᛞ,681
inevitability,1817990,0,ᛁᚾᛖᚢᛁᛏᚪᛒᛁᛚᛁᛏᚣ,675
certifications,1816794,0,ᚳᛖᚱᛏᛁᚠᛁᚳᚪᛏᛡᚾᛋ,572
electromotive,1810519,0,ᛖᛚᛖᚳᛏᚱᚩᛗᚩᛏᛁᚢᛖ,535
republicanism,1793910,0,ᚱᛖᛈᚢᛒᛚᛁᚳᚪᚾᛁᛋᛗ,583
depolarization,1782936,0,ᛞᛖᛈᚩᛚᚪᚱᛁᛋᚪᛏᛡᚾ,763
cooperatively,1777323,0,ᚳᚩᚩᛈᛖᚱᚪᛏᛁᚢᛖᛚᚣ,581
unambiguously,1765717,0,ᚢᚾᚪᛗᛒᛁᚷᚢᚩᚢᛋᛚᚣ,551
hereditaments,1755966,0,ᚻᛖᚱᛖᛞᛁᛏᚪᛗᛖᚾᛏᛋ,723
hyperactivity,1752299,0,ᚻᚣᛈᛖᚱᚪᚳᛏᛁᚢᛁᛏᚣ,643
dependability,1742225,0,ᛞᛖᛈᛖᚾᛞᚪᛒᛁᛚᛁᛏᚣ,839
psychosomatic,1731707,0,ᛈᛋᚣᚳᚻᚩᛋᚩᛗᚪᛏᛁᚳ,573
catheterization,1731449,0,ᚳᚪᚦᛖᛏᛖᚱᛁᛋᚪᛏᛡᚾ,695
hundredweight,1728137,0,ᚻᚢᚾᛞᚱᛖᛞᚹᛖᛁᚷᚻᛏ,527
differentiates,1719793,0,ᛞᛁᚠᚠᛖᚱᛖᚾᛏᛡᛏᛖᛋ,643
argumentative,1714452,0,ᚪᚱᚷᚢᛗᛖᚾᛏᚪᛏᛁᚢᛖ,611
replenishment,1707781,0,ᚱᛖᛈᛚᛖᚾᛁᛋᚻᛗᛖᚾᛏ,623
manufactories,1698567,0,ᛗᚪᚾᚢᚠᚪᚳᛏᚩᚱᛁᛖᛋ,540
hypothyroidism,1695810,0,ᚻᚣᛈᚩᚦᚣᚱᚩᛁᛞᛁᛋᛗ,577
ascertainment,1694942,0,ᚪᛋᚳᛖᚱᛏᚪᛁᚾᛗᛖᚾᛏ,683
infallibility,1670983,0,ᛁᚾᚠᚪᛚᛚᛁᛒᛁᛚᛁᛏᚣ,694
pharmacologic,1670422,0,ᛈᚻᚪᚱᛗᚪᚳᚩᛚᚩᚷᛁᚳ,503
experimenters,1663072,0,ᛖᛉᛈᛖᚱᛁᛗᛖᚾᛏᛖᚱᛋ,623
unidirectional,1661337,0,ᚢᚾᛁᛞᛁᚱᛖᚳᛏᛡᚾᚪᛚ,639
differentially,1660038,0,ᛞᛁᚠᚠᛖᚱᛖᚾᛏᛡᛚᛚᚣ,713
stoichiometric,1649987,0,ᛋᛏᚩᛁᚳᚻᛡᛗᛖᛏᚱᛁᚳ,545
confrontations,1644136,0,ᚳᚩᚾᚠᚱᚩᚾᛏᚪᛏᛡᚾᛋ,502
wolverhampton,1641971,0,ᚹᚩᛚᚢᛖᚱᚻᚪᛗᛈᛏᚩᚾ,509
agriculturist,1631288,0,ᚪᚷᚱᛁᚳᚢᛚᛏᚢᚱᛁᛋᛏ,461
monochromatic,1622298,0,ᛗᚩᚾᚩᚳᚻᚱᚩᛗᚪᛏᛁᚳ,439
retroactively,1610327,0,ᚱᛖᛏᚱᚩᚪᚳᛏᛁᚢᛖᛚᚣ,601
unforgettable,1597332,0,ᚢᚾᚠᚩᚱᚷᛖᛏᛏᚪᛒᛚᛖ,552
intercellular,1594995,0,ᛁᚾᛏᛖᚱᚳᛖᛚᛚᚢᛚᚪᚱ,607
utilitarianism,1579422,0,ᚢᛏᛁᛚᛁᛏᚪᚱᛡᚾᛁᛋᛗ,655
churchwardens,1573893,0,ᚳᚻᚢᚱᚳᚻᚹᚪᚱᛞᛖᚾᛋ,451
encephalopathy,1570459,0,ᛖᚾᚳᛖᛈᚻᚪᛚᚩᛈᚪᚦᚣ,667
deconstruction,1570292,0,ᛞᛖᚳᚩᚾᛋᛏᚱᚢᚳᛏᛡᚾ,539
nationalisation,1569932,0,ᚾᚪᛏᛡᚾᚪᛚᛁᛋᚪᛏᛡᚾ,867
observatories,1564947,0,ᚩᛒᛋᛖᚱᚢᚪᛏᚩᚱᛁᛖᛋ,527
phenylalanine,1563420,0,ᛈᚻᛖᚾᚣᛚᚪᛚᚪᚾᛁᚾᛖ,761
hematopoietic,1554456,0,ᚻᛖᛗᚪᛏᚩᛈᚩᛁᛖᛏᛁᚳ,575
magnificently,1552004,0,ᛗᚪᚷᚾᛁᚠᛁᚳᛖᚾᛏᛚᚣ,622
hydrocephalus,1551582,0,ᚻᚣᛞᚱᚩᚳᛖᛈᚻᚪᛚᚢᛋ,605
cartilaginous,1540567,0,ᚳᚪᚱᛏᛁᛚᚪᚷᛁᚾᚩᚢᛋ,521
misunderstand,1539836,0,ᛗᛁᛋᚢᚾᛞᛖᚱᛋᛏᚪᚾᛞ,681
fossiliferous,1538672,0,ᚠᚩᛋᛋᛁᛚᛁᚠᛖᚱᚩᚢᛋ,393
constructional,1536373,0,ᚳᚩᚾᛋᛏᚱᚢᚳᛏᛡᚾᚪᛚ,553
philanthropist,1534320,0,ᛈᚻᛁᛚᚪᚾᚦᚱᚩᛈᛁᛋᛏ,505
reprehensible,1522538,0,ᚱᛖᛈᚱᛖᚻᛖᚾᛋᛁᛒᛚᛖ,603
competitively,1478260,0,ᚳᚩᛗᛈᛖᛏᛁᛏᛁᚢᛖᛚᚣ,627
revolutionized,1475110,0,ᚱᛖᚢᚩᛚᚢᛏᛡᚾᛁᛋᛖᛞ,599
subcutaneously,1474938,0,ᛋᚢᛒᚳᚢᛏᚪᚾᛇᚢᛋᛚᚣ,591
remonstrances,1473815,0,ᚱᛖᛗᚩᚾᛋᛏᚱᚪᚾᚳᛖᛋ,567
industrialised,1469494,0,ᛁᚾᛞᚢᛋᛏᚱᛡᛚᛁᛋᛖᛞ,695
nontraditional,1468272,0,ᚾᚩᚾᛏᚱᚪᛞᛁᛏᛡᚾᚪᛚ,717
reestablished,1459955,0,ᚱᛖᛖᛋᛏᚪᛒᛚᛁᛋᚻᛖᛞ,751
sociopolitical,1451700,0,ᛋᚩᚳᛡᛈᚩᛚᛁᛏᛁᚳᚪᛚ,607
disinfectants,1450644,0,ᛞᛁᛋᛁᚾᚠᛖᚳᛏᚪᚾᛏᛋ,612
indoctrination,1442489,0,ᛁᚾᛞᚩᚳᛏᚱᛁᚾᚪᛏᛡᚾ,591
toxicological,1437570,0,ᛏᚩᛉᛁᚳᚩᛚᚩᚷᛁᚳᚪᛚ,475
hydrodynamics,1430749,0,ᚻᚣᛞᚱᚩᛞᚣᚾᚪᛗᛁᚳᛋ,719
detoxification,1418501,0,ᛞᛖᛏᚩᛉᛁᚠᛁᚳᚪᛏᛡᚾ,638
interrelations,1418475,0,ᛁᚾᛏᛖᚱᚱᛖᛚᚪᛏᛡᚾᛋ,693
problematical,1417684,0,ᛈᚱᚩᛒᛚᛖᛗᚪᛏᛁᚳᚪᛚ,703
imperceptibly,1413357,0,ᛁᛗᛈᛖᚱᚳᛖᛈᛏᛁᛒᛚᚣ,673
sarcastically,1400842,0,ᛋᚪᚱᚳᚪᛋᛏᛁᚳᚪᛚᛚᚣ,773
nonresidential,1393532,0,ᚾᚩᚾᚱᛖᛋᛁᛞᛖᚾᛏᛡᛚ,651
powerlessness,1389536,0,ᛈᚩᚹᛖᚱᛚᛖᛋᛋᚾᛖᛋᛋ,595
hemispherical,1389186,0,ᚻᛖᛗᛁᛋᛈᚻᛖᚱᛁᚳᚪᛚ,603
ascertainable,1388102,0,ᚪᛋᚳᛖᚱᛏᚪᛁᚾᚪᛒᛚᛖ,755
supercritical,1382053,0,ᛋᚢᛈᛖᚱᚳᚱᛁᛏᛁᚳᚪᛚ,505
collaborations,1381590,0,ᚳᚩᛚᛚᚪᛒᚩᚱᚪᛏᛡᚾᛋ,687
parallelogram,1371901,1,ᛈᚪᚱᚪᛚᛚᛖᛚᚩᚷᚱᚪᛗ,737
rapprochement,1369052,0,ᚱᚪᛈᛈᚱᚩᚳᚻᛖᛗᛖᚾᛏ,541
dimensionality,1359056,0,ᛞᛁᛗᛖᚾᛋᛡᚾᚪᛚᛁᛏᚣ,839
anticoagulant,1358734,0,ᚪᚾᛏᛁᚳᚩᚪᚷᚢᛚᚪᚾᛏ,611
triglycerides,1352995,0,ᛏᚱᛁᚷᛚᚣᚳᛖᚱᛁᛞᛖᛋ,625
predestination,1349604,0,ᛈᚱᛖᛞᛖᛋᛏᛁᚾᚪᛏᛡᚾ,741
stratospheric,1348610,0,ᛋᛏᚱᚪᛏᚩᛋᛈᚻᛖᚱᛁᚳ,527
interrogatory,1345668,0,ᛁᚾᛏᛖᚱᚱᚩᚷᚪᛏᚩᚱᚣ,509
unconscionable,1344988,0,ᚢᚾᚳᚩᚾᛋᚳᛡᚾᚪᛒᛚᛖ,581
transmittance,1342119,0,ᛏᚱᚪᚾᛋᛗᛁᛏᛏᚪᚾᚳᛖ,675
overproduction,1325032,0,ᚩᚢᛖᚱᛈᚱᚩᛞᚢᚳᛏᛡᚾ,449
glycoproteins,1322692,0,ᚷᛚᚣᚳᚩᛈᚱᚩᛏᛖᛁᚾᛋ,513
interrogative,1315065,0,ᛁᚾᛏᛖᚱᚱᚩᚷᚪᛏᛁᚢᛖ,489
mycobacterium,1305573,0,ᛗᚣᚳᚩᛒᚪᚳᛏᛖᚱᛁᚢᛗ,607
intentionality,1303122,0,ᛁᚾᛏᛖᚾᛏᛡᚾᚪᛚᛁᛏᚣ,773
trigonometric,1302851,0,ᛏᚱᛁᚷᚩᚾᚩᛗᛖᛏᚱᛁᚳ,413
pasteurization,1294383,0,ᛈᚪᛋᛏᛖᚢᚱᛁᛋᚪᛏᛡᚾ,709
astrophysical,1292427,0,ᚪᛋᛏᚱᚩᛈᚻᚣᛋᛁᚳᚪᛚ,663
metamorphoses,1282361,0,ᛗᛖᛏᚪᛗᚩᚱᛈᚻᚩᛋᛖᛋ,629
witwatersrand,1267345,0,ᚹᛁᛏᚹᚪᛏᛖᚱᛋᚱᚪᚾᛞ,641
secularization,1263303,0,ᛋᛖᚳᚢᛚᚪᚱᛁᛋᚪᛏᛡᚾ,693
spectrometers,1263171,0,ᛋᛈᛖᚳᛏᚱᚩᛗᛖᛏᛖᚱᛋ,581
reorganizations,1250664,0,ᚱᛇᚱᚷᚪᚾᛁᛋᚪᛏᛡᚾᛋ,635
presupposition,1249690,0,ᛈᚱᛖᛋᚢᛈᛈᚩᛋᛁᛏᛡᚾ,549
documentaries,1243746,0,ᛞᚩᚳᚢᛗᛖᚾᛏᚪᚱᛁᛖᛋ,597
introspective,1243394,0,ᛁᚾᛏᚱᚩᛋᛈᛖᚳᛏᛁᚢᛖ,473
knickerbocker,1240082,0,ᚳᚾᛁᚳᚳᛖᚱᛒᚩᚳᚳᛖᚱ,349
phenobarbital,1234492,0,ᛈᚻᛖᚾᚩᛒᚪᚱᛒᛁᛏᚪᛚ,659
countersigned,1232440,0,ᚳᚩᚢᚾᛏᛖᚱᛋᛁᚷᚾᛖᛞ,475
disrespectful,1231233,0,ᛞᛁᛋᚱᛖᛋᛈᛖᚳᛏᚠᚢᛚ,564
misinformation,1225629,0,ᛗᛁᛋᛁᚾᚠᚩᚱᛗᚪᛏᛡᚾ,598
intelligencer,1225503,0,ᛁᚾᛏᛖᛚᛚᛁᚷᛖᚾᚳᛖᚱ,567
nonparametric,1218788,0,ᚾᚩᚾᛈᚪᚱᚪᛗᛖᛏᚱᛁᚳ,565
assertiveness,1217729,0,ᚪᛋᛋᛖᚱᛏᛁᚢᛖᚾᛖᛋᛋ,643
arbitrariness,1213163,0,ᚪᚱᛒᛁᛏᚱᚪᚱᛁᚾᛖᛋᛋ,611
unconstrained,1208431,0,ᚢᚾᚳᚩᚾᛋᛏᚱᚪᛁᚾᛖᛞ,517
transcriptions,1204568,0,ᛏᚱᚪᚾᛋᚳᚱᛁᛈᛏᛡᚾᛋ,595
schoolmasters,1200104,0,ᛋᚳᚻᚩᚩᛚᛗᚪᛋᛏᛖᚱᛋ,587
irrepressible,1198494,0,ᛁᚱᚱᛖᛈᚱᛖᛋᛋᛁᛒᛚᛖ,579
supernumerary,1195464,0,ᛋᚢᛈᛖᚱᚾᚢᛗᛖᚱᚪᚱᚣ,569
staphylococci,1194582,0,ᛋᛏᚪᛈᚻᚣᛚᚩᚳᚩᚳᚳᛁ,535
differentiable,1189730,0,ᛞᛁᚠᚠᛖᚱᛖᚾᛏᛡᛒᛚᛖ,665
investigatory,1184818,0,ᛁᚾᚢᛖᛋᛏᛁᚷᚪᛏᚩᚱᚣ,567
dissimilarity,1184476,0,ᛞᛁᛋᛋᛁᛗᛁᛚᚪᚱᛁᛏᚣ,733
impermissible,1178462,0,ᛁᛗᛈᛖᚱᛗᛁᛋᛋᛁᛒᛚᛖ,663
posttraumatic,1178291,0,ᛈᚩᛋᛏᛏᚱᚪᚢᛗᚪᛏᛁᚳ,603
nonconformist,1177021,0,ᚾᚩᚾᚳᚩᚾᚠᚩᚱᛗᛁᛋᛏ,348
kindergartens,1173280,0,ᚳᛁᚾᛞᛖᚱᚷᚪᚱᛏᛖᚾᛋ,573
interconnecting,1170738,0,ᛁᚾᛏᛖᚱᚳᚩᚾᚾᛖᚳᛏᛝ,493
streptococcal,1170204,0,ᛋᛏᚱᛖᛈᛏᚩᚳᚩᚳᚳᚪᛚ,515
insensitivity,1168155,0,ᛁᚾᛋᛖᚾᛋᛁᛏᛁᚢᛁᛏᚣ,579
histochemical,1167464,0,ᚻᛁᛋᛏᚩᚳᚻᛖᛗᛁᚳᚪᛚ,561
consolidations,1166215,0,ᚳᚩᚾᛋᚩᛚᛁᛞᚪᛏᛡᚾᛋ,647
paternalistic,1166186,0,ᛈᚪᛏᛖᚱᚾᚪᛚᛁᛋᛏᛁᚳ,663
individualist,1153185,0,ᛁᚾᛞᛁᚢᛁᛞᚢᚪᛚᛁᛋᛏ,619
contractility,1151930,0,ᚳᚩᚾᛏᚱᚪᚳᛏᛁᛚᛁᛏᚣ,585
homogenization,1147911,0,ᚻᚩᛗᚩᚷᛖᚾᛁᛋᚪᛏᛡᚾ,597
disorientation,1144343,0,ᛞᛁᛋᚩᚱᛁᛖᚾᛏᚪᛏᛡᚾ,669
dismemberment,1141050,0,ᛞᛁᛋᛗᛖᛗᛒᛖᚱᛗᛖᚾᛏ,747
unprofessional,1138918,0,ᚢᚾᛈᚱᚩᚠᛖᛋᛋᛡᚾᚪᛚ,574
structuralism,1127414,0,ᛋᛏᚱᚢᚳᛏᚢᚱᚪᛚᛁᛋᛗ,537
generalisation,1121869,0,ᚷᛖᚾᛖᚱᚪᛚᛁᛋᚪᛏᛡᚾ,737
acetaminophen,1118610,0,ᚪᚳᛖᛏᚪᛗᛁᚾᚩᛈᚻᛖᚾ,633
catecholamine,1115902,0,ᚳᚪᛏᛖᚳᚻᚩᛚᚪᛗᛁᚾᛖ,647
polymorphisms,1112876,0,ᛈᚩᛚᚣᛗᚩᚱᛈᚻᛁᛋᛗᛋ,589
psychodynamic,1112180,0,ᛈᛋᚣᚳᚻᚩᛞᚣᚾᚪᛗᛁᚳ,675
prospectively,1109770,0,ᛈᚱᚩᛋᛈᛖᚳᛏᛁᚢᛖᛚᚣ,573
structuralist,1109405,0,ᛋᛏᚱᚢᚳᛏᚢᚱᚪᛚᛁᛋᛏ,525
inexpressible,1108851,0,ᛁᚾᛖᛉᛈᚱᛖᛋᛋᛁᛒᛚᛖ,633
unsustainable,1107614,0,ᚢᚾᛋᚢᛋᛏᚪᛁᚾᚪᛒᛚᛖ,655
quadrilateral,1107365,0,ᚳᚹᚪᛞᚱᛁᛚᚪᛏᛖᚱᚪᛚ,737
conceptualize,1106694,0,ᚳᚩᚾᚳᛖᛈᛏᚢᚪᛚᛁᛋᛖ,555
unappropriated,1106651,0,ᚢᚾᚪᛈᛈᚱᚩᛈᚱᛡᛏᛖᛞ,609
copartnership,1096035,0,ᚳᚩᛈᚪᚱᛏᚾᛖᚱᛋᚻᛁᛈ,487
connectedness,1092794,0,ᚳᚩᚾᚾᛖᚳᛏᛖᛞᚾᛖᛋᛋ,575
confidentially,1091630,0,ᚳᚩᚾᚠᛁᛞᛖᚾᛏᛡᛚᛚᚣ,682
noradrenaline,1090268,0,ᚾᚩᚱᚪᛞᚱᛖᚾᚪᛚᛁᚾᛖ,637
indeterminacy,1088869,0,ᛁᚾᛞᛖᛏᛖᚱᛗᛁᚾᚪᚳᚣ,697
morphogenesis,1084231,0,ᛗᚩᚱᛈᚻᚩᚷᛖᚾᛖᛋᛁᛋ,479
interspecific,1082251,0,ᛁᚾᛏᛖᚱᛋᛈᛖᚳᛁᚠᛁᚳ,450
licentiousness,1080126,0,ᛚᛁᚳᛖᚾᛏᛡᚢᛋᚾᛖᛋᛋ,637
embellishment,1075363,0,ᛖᛗᛒᛖᛚᛚᛁᛋᚻᛗᛖᚾᛏ,745
decolonization,1072810,0,ᛞᛖᚳᚩᛚᚩᚾᛁᛋᚪᛏᛡᚾ,661
temperamental,1068988,0,ᛏᛖᛗᛈᛖᚱᚪᛗᛖᚾᛏᚪᛚ,811
undisciplined,1068921,0,ᚢᚾᛞᛁᛋᚳᛁᛈᛚᛁᚾᛖᛞ,581
pyrophosphate,1068181,0,ᛈᚣᚱᚩᛈᚻᚩᛋᛈᚻᚪᛏᛖ,579
multitudinous,1066600,0,ᛗᚢᛚᛏᛁᛏᚢᛞᛁᚾᚩᚢᛋ,511
rationalisation,1065741,0,ᚱᚪᛏᛡᚾᚪᛚᛁᛋᚪᛏᛡᚾ,849
disparagement,1061592,0,ᛞᛁᛋᛈᚪᚱᚪᚷᛖᛗᛖᚾᛏ,731
magnetosphere,1061442,0,ᛗᚪᚷᚾᛖᛏᚩᛋᛈᚻᛖᚱᛖ,611
exclusiveness,1056736,0,ᛖᛉᚳᛚᚢᛋᛁᚢᛖᚾᛖᛋᛋ,559
discriminates,1052259,0,ᛞᛁᛋᚳᚱᛁᛗᛁᚾᚪᛏᛖᛋ,635
reapportionment,1045618,0,ᚱᛠᛈᛈᚩᚱᛏᛡᚾᛗᛖᚾᛏ,645
microorganism,1040093,0,ᛗᛁᚳᚱᚩᚩᚱᚷᚪᚾᛁᛋᛗ,449
intelligences,1036992,0,ᛁᚾᛏᛖᛚᛚᛁᚷᛖᚾᚳᛖᛋ,609
chrysanthemums,1028610,0,ᚳᚻᚱᚣᛋᚪᚾᚦᛖᛗᚢᛗᛋ,599
concomitantly,1027445,0,ᚳᚩᚾᚳᚩᛗᛁᛏᚪᚾᛏᛚᚣ,591
predominately,1026205,0,ᛈᚱᛖᛞᚩᛗᛁᚾᚪᛏᛖᛚᚣ,747
incontestable,1021761,0,ᛁᚾᚳᚩᚾᛏᛖᛋᛏᚪᛒᛚᛖ,645
hydraulically,1020243,0,ᚻᚣᛞᚱᚪᚢᛚᛁᚳᚪᛚᛚᚣ,789
revolutionists,1018426,0,ᚱᛖᚢᚩᛚᚢᛏᛡᚾᛁᛋᛏᛋ,555
anachronistic,1017115,0,ᚪᚾᚪᚳᚻᚱᚩᚾᛁᛋᛏᛁᚳ,493
insensibility,1012796,0,ᛁᚾᛋᛖᚾᛋᛁᛒᛁᛚᛁᛏᚣ,651
hieroglyphics,1010139,0,ᚻᛁᛖᚱᚩᚷᛚᚣᛈᚻᛁᚳᛋ,495
anniversaries,1008389,0,ᚪᚾᚾᛁᚢᛖᚱᛋᚪᚱᛁᛖᛋ,579
survivability,1002874,0,ᛋᚢᚱᚢᛁᚢᚪᛒᛁᛚᛁᛏᚣ,559
existentialism,1002175,0,ᛖᛉᛁᛋᛏᛖᚾᛏᛡᛚᛁᛋᛗ,747
preconceptions,1001935,0,ᛈᚱᛖᚳᚩᚾᚳᛖᛈᛏᛡᚾᛋ,541
idiosyncrasies,1000333,0,ᛁᛞᛡᛋᚣᚾᚳᚱᚪᛋᛁᛖᛋ,737
quintessential,997839,0,ᚳᚹᛁᚾᛏᛖᛋᛋᛖᚾᛏᛡᛚ,659
participative,997106,0,ᛈᚪᚱᛏᛁᚳᛁᛈᚪᛏᛁᚢᛖ,585
deductibility,993464,0,ᛞᛖᛞᚢᚳᛏᛁᛒᛁᛚᛁᛏᚣ,709
demobilization,986416,0,ᛞᛖᛗᚩᛒᛁᛚᛁᛋᚪᛏᛡᚾ,775
liechtenstein,986312,0,ᛚᛁᛖᚳᚻᛏᛖᚾᛋᛏᛖᛁᚾ,601
characterises,980219,0,ᚳᚻᚪᚱᚪᚳᛏᛖᚱᛁᛋᛖᛋ,595
reversibility,977120,0,ᚱᛖᚢᛖᚱᛋᛁᛒᛁᛚᛁᛏᚣ,601
counterattack,975670,0,ᚳᚩᚢᚾᛏᛖᚱᚪᛏᛏᚪᚳᚳ,527
electromagnet,974724,0,ᛖᛚᛖᚳᛏᚱᚩᛗᚪᚷᚾᛖᛏ,637
redistributed,970663,0,ᚱᛖᛞᛁᛋᛏᚱᛁᛒᚢᛏᛖᛞ,631
inventiveness,970433,0,ᛁᚾᚢᛖᚾᛏᛁᚢᛖᚾᛖᛋᛋ,521
corroborative,969561,0,ᚳᚩᚱᚱᚩᛒᚩᚱᚪᛏᛁᚢᛖ,385
undermentioned,960657,0,ᚢᚾᛞᛖᚱᛗᛖᚾᛏᛡᚾᛖᛞ,717
granulomatous,958274,0,ᚷᚱᚪᚾᚢᛚᚩᛗᚪᛏᚩᚢᛋ,527
nitroglycerin,952899,0,ᚾᛁᛏᚱᚩᚷᛚᚣᚳᛖᚱᛁᚾ,481
interrogations,948269,0,ᛁᚾᛏᛖᚱᚱᚩᚷᚪᛏᛡᚾᛋ,577
superintended,945510,0,ᛋᚢᛈᛖᚱᛁᚾᛏᛖᚾᛞᛖᛞ,637
entomologists,942494,0,ᛖᚾᛏᚩᛗᚩᛚᚩᚷᛁᛋᛏᛋ,533
incorruptible,939464,0,ᛁᚾᚳᚩᚱᚱᚢᛈᛏᛁᛒᛚᛖ,439
disinclination,938605,0,ᛞᛁᛋᛁᚾᚳᛚᛁᚾᚪᛏᛡᚾ,671
assassinations,936594,0,ᚪᛋᛋᚪᛋᛋᛁᚾᚪᛏᛡᚾᛋ,811
maladjustment,936022,0,ᛗᚪᛚᚪᛞᛂᚢᛋᛏᛗᛖᚾᛏ,805
commercialized,929802,0,ᚳᚩᛗᛗᛖᚱᚳᛡᛚᛁᛋᛖᛞ,673
communicators,927284,0,ᚳᚩᛗᛗᚢᚾᛁᚳᚪᛏᚩᚱᛋ,465
dictatorships,926210,0,ᛞᛁᚳᛏᚪᛏᚩᚱᛋᚻᛁᛈᛋ,569
nonconformity,923519,0,ᚾᚩᚾᚳᚩᚾᚠᚩᚱᛗᛁᛏᚣ,398
disaggregated,923079,0,ᛞᛁᛋᚪᚷᚷᚱᛖᚷᚪᛏᛖᛞ,711
macroeconomics,916768,0,ᛗᚪᚳᚱᛟᚳᚩᚾᚩᛗᛁᚳᛋ,499
disapprobation,915513,0,ᛞᛁᛋᚪᛈᛈᚱᚩᛒᚪᛏᛡᚾ,727
unpleasantness,914012,0,ᚢᚾᛈᛚᛠᛋᚪᚾᛏᚾᛖᛋᛋ,697
tablespoonful,913294,0,ᛏᚪᛒᛚᛖᛋᛈᚩᚩᚾᚠᚢᛚ,574
transmissible,913046,0,ᛏᚱᚪᚾᛋᛗᛁᛋᛋᛁᛒᛚᛖ,689
regularization,912007,0,ᚱᛖᚷᚢᛚᚪᚱᛁᛋᚪᛏᛡᚾ,655
cryptographic,909967,1,ᚳᚱᚣᛈᛏᚩᚷᚱᚪᛈᚻᛁᚳ,471
grammatically,908777,0,ᚷᚱᚪᛗᛗᚪᛏᛁᚳᚪᛚᛚᚣ,813
circumspection,908581,0,ᚳᛁᚱᚳᚢᛗᛋᛈᛖᚳᛏᛡᚾ,513
accoutrements,907403,0,ᚪᚳᚳᚩᚢᛏᚱᛖᛗᛖᚾᛏᛋ,549
demoralization,906101,0,ᛞᛖᛗᚩᚱᚪᛚᛁᛋᚪᛏᛡᚾ,791
counterweight,905808,0,ᚳᚩᚢᚾᛏᛖᚱᚹᛖᛁᚷᚻᛏ,405
subconsciously,905785,0,ᛋᚢᛒᚳᚩᚾᛋᚳᛡᚢᛋᛚᚣ,571
propagandists,904494,0,ᛈᚱᚩᛈᚪᚷᚪᚾᛞᛁᛋᛏᛋ,629
thoughtfulness,903925,0,ᚦᚩᚢᚷᚻᛏᚠᚢᛚᚾᛖᛋᛋ,394
transgressive,897817,0,ᛏᚱᚪᚾᛋᚷᚱᛖᛋᛋᛁᚢᛖ,551
improbability,896363,0,ᛁᛗᛈᚱᚩᛒᚪᛒᛁᛚᛁᛏᚣ,679
monotonically,895977,0,ᛗᚩᚾᚩᛏᚩᚾᛁᚳᚪᛚᛚᚣ,599
volatilization,895008,0,ᚢᚩᛚᚪᛏᛁᛚᛁᛋᚪᛏᛡᚾ,719
specificities,893977,0,ᛋᛈᛖᚳᛁᚠᛁᚳᛁᛏᛁᛖᛋ,494
accelerometer,893964,0,ᚪᚳᚳᛖᛚᛖᚱᚩᛗᛖᛏᛖᚱ,623
interlocutors,887909,0,ᛁᚾᛏᛖᚱᛚᚩᚳᚢᛏᚩᚱᛋ,423
decentralised,887728,0,ᛞᛖᚳᛖᚾᛏᚱᚪᛚᛁᛋᛖᛞ,745
acrylonitrile,885359,0,ᚪᚳᚱᚣᛚᚩᚾᛁᛏᚱᛁᛚᛖ,605
distributable,884185,0,ᛞᛁᛋᛏᚱᛁᛒᚢᛏᚪᛒᛚᛖ,695
presumptively,883322,0,ᛈᚱᛖᛋᚢᛗᛈᛏᛁᚢᛖᛚᚣ,627
egalitarianism,881129,0,ᛖᚷᚪᛚᛁᛏᚪᚱᛡᚾᛁᛋᛗ,743
incrementally,880282,0,ᛁᚾᚳᚱᛖᛗᛖᚾᛏᚪᛚᛚᚣ,723
inconsiderate,876860,0,ᛁᚾᚳᚩᚾᛋᛁᛞᛖᚱᚪᛏᛖ,583
unrepresented,875573,0,ᚢᚾᚱᛖᛈᚱᛖᛋᛖᚾᛏᛖᛞ,595
delinquencies,873373,0,ᛞᛖᛚᛁᚾᚳᚹᛖᚾᚳᛁᛖᛋ,581
gynecological,867529,0,ᚷᚣᚾᛖᚳᚩᛚᚩᚷᛁᚳᚪᛚ,547
spectacularly,866712,0,ᛋᛈᛖᚳᛏᚪᚳᚢᛚᚪᚱᛚᚣ,705
imaginatively,866550,0,ᛁᛗᚪᚷᛁᚾᚪᛏᛁᚢᛖᛚᚣ,709
employability,860196,0,ᛖᛗᛈᛚᚩᚣᚪᛒᛁᛚᛁᛏᚣ,819
subpopulations,858236,0,ᛋᚢᛒᛈᚩᛈᚢᛚᚪᛏᛡᚾᛋ,631
genitourinary,851614,0,ᚷᛖᚾᛁᛏᚩᚢᚱᛁᚾᚪᚱᚣ,495
counterclaims,851312,0,ᚳᚩᚢᚾᛏᛖᚱᚳᛚᚪᛁᛗᛋ,527
tranquilizers,850600,0,ᛏᚱᚪᚾᚳᚹᛁᛚᛁᛋᛖᚱᛋ,547
scholasticism,850181,0,ᛋᚳᚻᚩᛚᚪᛋᛏᛁᚳᛁᛋᛗ,577
insupportable,845533,0,ᛁᚾᛋᚢᛈᛈᚩᚱᛏᚪᛒᛚᛖ,577
generalissimo,843878,0,ᚷᛖᚾᛖᚱᚪᛚᛁᛋᛋᛁᛗᚩ,607
uncompensated,839874,0,ᚢᚾᚳᚩᛗᛈᛖᚾᛋᚪᛏᛖᛞ,627
substantively,839611,0,ᛋᚢᛒᛋᛏᚪᚾᛏᛁᚢᛖᛚᚣ,691
disfigurement,839146,0,ᛞᛁᛋᚠᛁᚷᚢᚱᛖᛗᛖᚾᛏ,530
parliamentarian,838888,0,ᛈᚪᚱᛚᛡᛗᛖᚾᛏᚪᚱᛡᚾ,801
uncollectible,834289,0,ᚢᚾᚳᚩᛚᛚᛖᚳᛏᛁᛒᛚᛖ,569
extravagantly,834276,0,ᛖᛉᛏᚱᚪᚢᚪᚷᚪᚾᛏᛚᚣ,759
incredulously,834146,0,ᛁᚾᚳᚱᛖᛞᚢᛚᚩᚢᛋᛚᚣ,555
spectrometric,832038,0,ᛋᛈᛖᚳᛏᚱᚩᛗᛖᛏᚱᛁᚳ,505
transshipment,830025,0,ᛏᚱᚪᚾᛋᛋᚻᛁᛈᛗᛖᚾᛏ,625
hypertrophied,826102,0,ᚻᚣᛈᛖᚱᛏᚱᚩᛈᚻᛁᛖᛞ,577
neuroblastoma,824875,0,ᚾᛖᚢᚱᚩᛒᛚᚪᛋᛏᚩᛗᚪ,635
transmigration,824145,0,ᛏᚱᚪᚾᛋᛗᛁᚷᚱᚪᛏᛡᚾ,671
foreknowledge,821084,0,ᚠᚩᚱᛖᚳᚾᚩᚹᛚᛖᛞᚷᛖ,468
unconquerable,820637,0,ᚢᚾᚳᚩᚾᚳᚹᛖᚱᚪᛒᛚᛖ,489
metalliferous,817567,0,ᛗᛖᛏᚪᛚᛚᛁᚠᛖᚱᚩᚢᛋ,614
saponification,817459,0,ᛋᚪᛈᚩᚾᛁᚠᛁᚳᚪᛏᛡᚾ,598
impressionable,816659,0,ᛁᛗᛈᚱᛖᛋᛋᛡᚾᚪᛒᛚᛖ,763
pneumoconiosis,813782,0,ᛈᚾᛖᚢᛗᚩᚳᚩᚾᛡᛋᛁᛋ,513
commonalities,812539,0,ᚳᚩᛗᛗᚩᚾᚪᛚᛁᛏᛁᛖᛋ,609
traditionalist,811396,0,ᛏᚱᚪᛞᛁᛏᛡᚾᚪᛚᛁᛋᛏ,795
centralisation,811061,0,ᚳᛖᚾᛏᚱᚪᛚᛁᛋᚪᛏᛡᚾ,725
misstatements,809372,0,ᛗᛁᛋᛋᛏᚪᛏᛖᛗᛖᚾᛏᛋ,769
psychoanalyst,809005,0,ᛈᛋᚣᚳᚻᚩᚪᚾᚪᛚᚣᛋᛏ,753
seismological,808109,0,ᛋᛖᛁᛋᛗᚩᛚᚩᚷᛁᚳᚪᛚ,593
hermeneutical,805550,0,ᚻᛖᚱᛗᛖᚾᛖᚢᛏᛁᚳᚪᛚ,611
multicellular,804552,0,ᛗᚢᛚᛏᛁᚳᛖᛚᛚᚢᛚᚪᚱ,647
misapplication,804250,0,ᛗᛁᛋᚪᛈᛈᛚᛁᚳᚪᛏᛡᚾ,747
expressionless,803310,0,ᛖᛉᛈᚱᛖᛋᛋᛡᚾᛚᛖᛋᛋ,723
marketability,796894,0,ᛗᚪᚱᚳᛖᛏᚪᛒᛁᛚᛁᛏᚣ,773
embryogenesis,787378,0,ᛖᛗᛒᚱᚣᚩᚷᛖᚾᛖᛋᛁᛋ,637
inhomogeneity,783952,0,ᛁᚾᚻᚩᛗᚩᚷᛖᚾᛖᛁᛏᚣ,541
congratulatory,780863,0,ᚳᚩᛝᚱᚪᛏᚢᛚᚪᛏᚩᚱᚣ,619
reintroduction,780499,0,ᚱᛖᛁᚾᛏᚱᚩᛞᚢᚳᛏᛡᚾ,515
algebraically,778860,0,ᚪᛚᚷᛖᛒᚱᚪᛁᚳᚪᛚᛚᚣ,813
enforceability,778634,0,ᛖᚾᚠᚩᚱᚳᛠᛒᛁᛚᛁᛏᚣ,596
inflexibility,777656,0,ᛁᚾᚠᛚᛖᛉᛁᛒᛁᛚᛁᛏᚣ,638
reformatories,772636,0,ᚱᛖᚠᚩᚱᛗᚪᛏᚩᚱᛁᛖᛋ,494
unadulterated,772311,0,ᚢᚾᚪᛞᚢᛚᛏᛖᚱᚪᛏᛖᛞ,743
unwarrantable,771926,0,ᚢᚾᚹᚪᚱᚱᚪᚾᛏᚪᛒᛚᛖ,653
charlottetown,771346,0,ᚳᚻᚪᚱᛚᚩᛏᛏᛖᛏᚩᚹᚾ,523
lactobacillus,768463,0,ᛚᚪᚳᛏᚩᛒᚪᚳᛁᛚᛚᚢᛋ,653
anthropometric,768153,0,ᚪᚾᚦᚱᚩᛈᚩᛗᛖᛏᚱᛁᚳ,451
effervescence,764064,0,ᛖᚠᚠᛖᚱᚢᛖᛋᚳᛖᚾᚳᛖ,461
polymerisation,762068,0,ᛈᚩᛚᚣᛗᛖᚱᛁᛋᚪᛏᛡᚾ,751
serviceability,759315,0,ᛋᛖᚱᚢᛁᚳᛠᛒᛁᛚᛁᛏᚣ,645
overpopulation,756574,0,ᚩᚢᛖᚱᛈᚩᛈᚢᛚᚪᛏᛡᚾ,549
otolaryngology,754954,0,ᚩᛏᚩᛚᚪᚱᚣᛝᚩᛚᚩᚷᚣ,643
transportable,754586,0,ᛏᚱᚪᚾᛋᛈᚩᚱᛏᚪᛒᛚᛖ,667
participations,753193,0,ᛈᚪᚱᛏᛁᚳᛁᛈᚪᛏᛡᚾᛋ,673
irretrievably,750814,0,ᛁᚱᚱᛖᛏᚱᛁᛖᚢᚪᛒᛚᚣ,625
chattahoochee,744422,0,ᚳᚻᚪᛏᛏᚪᚻᚩᚩᚳᚻᛖᛖ,555
interactivity,744241,0,ᛁᚾᛏᛖᚱᚪᚳᛏᛁᚢᛁᛏᚣ,593
superannuated,742719,0,ᛋᚢᛈᛖᚱᚪᚾᚾᚢᚪᛏᛖᛞ,647
uncoordinated,741329,0,ᚢᚾᚳᚩᚩᚱᛞᛁᚾᚪᛏᛖᛞ,531
specializations,740988,0,ᛋᛈᛖᚳᛡᛚᛁᛋᚪᛏᛡᚾᛋ,785
territoriality,740646,0,ᛏᛖᚱᚱᛁᛏᚩᚱᛡᛚᛁᛏᚣ,629
hermaphrodite,734808,0,ᚻᛖᚱᛗᚪᛈᚻᚱᚩᛞᛁᛏᛖ,599
radiotelephone,733446,0,ᚱᚪᛞᛡᛏᛖᛚᛖᛈᚻᚩᚾᛖ,739
intracerebral,733117,0,ᛁᚾᛏᚱᚪᚳᛖᚱᛖᛒᚱᚪᛚ,627
syntactically,732605,0,ᛋᚣᚾᛏᚪᚳᛏᛁᚳᚪᛚᛚᚣ,803
extravagances,732483,0,ᛖᛉᛏᚱᚪᚢᚪᚷᚪᚾᚳᛖᛋ,657
fantastically,732133,0,ᚠᚪᚾᛏᚪᛋᛏᛁᚳᚪᛚᛚᚣ,786
bacteriologist,731790,0,ᛒᚪᚳᛏᛖᚱᛡᛚᚩᚷᛁᛋᛏ,655
rhododendrons,729564,0,ᚱᚻᚩᛞᚩᛞᛖᚾᛞᚱᚩᚾᛋ,511
penitentiaries,728841,0,ᛈᛖᚾᛁᛏᛖᚾᛏᛡᚱᛁᛖᛋ,653
dishonourable,727514,0,ᛞᛁᛋᚻᚩᚾᚩᚢᚱᚪᛒᛚᛖ,551
conservatoire,726656,0,ᚳᚩᚾᛋᛖᚱᚢᚪᛏᚩᛁᚱᛖ,455
overstatement,726239,0,ᚩᚢᛖᚱᛋᛏᚪᛏᛖᛗᛖᚾᛏ,649
conspiratorial,725019,0,ᚳᚩᚾᛋᛈᛁᚱᚪᛏᚩᚱᛡᛚ,541
incorporations,724478,0,ᛁᚾᚳᚩᚱᛈᚩᚱᚪᛏᛡᚾᛋ,497
ornithological,720643,0,ᚩᚱᚾᛁᚦᚩᛚᚩᚷᛁᚳᚪᛚ,401
contractually,718164,0,ᚳᚩᚾᛏᚱᚪᚳᛏᚢᚪᛚᛚᚣ,637
clarifications,717547,0,ᚳᛚᚪᚱᛁᚠᛁᚳᚪᛏᛡᚾᛋ,616
ineligibility,715650,0,ᛁᚾᛖᛚᛁᚷᛁᛒᛁᛚᛁᛏᚣ,637
conditionality,714863,0,ᚳᚩᚾᛞᛁᛏᛡᚾᚪᛚᛁᛏᚣ,727
cinematograph,714858,0,ᚳᛁᚾᛖᛗᚪᛏᚩᚷᚱᚪᛈᚻ,565
polycarbonate,714718,0,ᛈᚩᛚᚣᚳᚪᚱᛒᚩᚾᚪᛏᛖ,667
interpolations,714264,0,ᛁᚾᛏᛖᚱᛈᚩᛚᚪᛏᛡᚾᛋ,665
unsymmetrical,713979,0,ᚢᚾᛋᚣᛗᛗᛖᛏᚱᛁᚳᚪᛚ,681
cholecystitis,712990,0,ᚳᚻᚩᛚᛖᚳᚣᛋᛏᛁᛏᛁᛋ,585
refurbishment,712962,0,ᚱᛖᚠᚢᚱᛒᛁᛋᚻᛗᛖᚾᛏ,488
undistinguished,712183,0,ᚢᚾᛞᛁᛋᛏᛝᚢᛁᛋᚻᛖᛞ,609
uncooperative,707599,0,ᚢᚾᚳᚩᚩᛈᛖᚱᚪᛏᛁᚢᛖ,437
discriminator,707471,0,ᛞᛁᛋᚳᚱᛁᛗᛁᚾᚪᛏᚩᚱ,533
disincentives,706389,0,ᛞᛁᛋᛁᚾᚳᛖᚾᛏᛁᚢᛖᛋ,555
sleeplessness,704730,0,ᛋᛚᛖᛖᛈᛚᛖᛋᛋᚾᛖᛋᛋ,751
irretrievable,702915,0,ᛁᚱᚱᛖᛏᚱᛁᛖᚢᚪᛒᛚᛖ,589
decompositions,702570,0,ᛞᛖᚳᚩᛗᛈᚩᛋᛁᛏᛡᚾᛋ,629
misrepresenting,700006,0,ᛗᛁᛋᚱᛖᛈᚱᛖᛋᛖᚾᛏᛝ,641
discreditable,695198,0,ᛞᛁᛋᚳᚱᛖᛞᛁᛏᚪᛒᛚᛖ,741
reinterpreted,694956,0,ᚱᛖᛁᚾᛏᛖᚱᛈᚱᛖᛏᛖᛞ,611
chromatograms,692667,0,ᚳᚻᚱᚩᛗᚪᛏᚩᚷᚱᚪᛗᛋ,537
intransigence,690791,0,ᛁᚾᛏᚱᚪᚾᛋᛁᚷᛖᚾᚳᛖ,533
circumstanced,689776,0,ᚳᛁᚱᚳᚢᛗᛋᛏᚪᚾᚳᛖᛞ,549
polarographic,685622,0,ᛈᚩᛚᚪᚱᚩᚷᚱᚪᛈᚻᛁᚳ,473
protectorates,683539,0,ᛈᚱᚩᛏᛖᚳᛏᚩᚱᚪᛏᛖᛋ,553
toxoplasmosis,682065,0,ᛏᚩᛉᚩᛈᛚᚪᛋᛗᚩᛋᛁᛋ,601
miscalculation,678078,0,ᛗᛁᛋᚳᚪᛚᚳᚢᛚᚪᛏᛡᚾ,719
unimaginative,672572,0,ᚢᚾᛁᛗᚪᚷᛁᚾᚪᛏᛁᚢᛖ,565
hypothetically,671025,0,ᚻᚣᛈᚩᚦᛖᛏᛁᚳᚪᛚᛚᚣ,697
thermochemical,669680,0,ᚦᛖᚱᛗᚩᚳᚻᛖᛗᛁᚳᚪᛚ,549
prohibitively,669664,0,ᛈᚱᚩᚻᛁᛒᛁᛏᛁᚢᛖᛚᚣ,543
stylistically,667500,0,ᛋᛏᚣᛚᛁᛋᛏᛁᚳᚪᛚᛚᚣ,821
existentialist,665041,0,ᛖᛉᛁᛋᛏᛖᚾᛏᛡᛚᛁᛋᛏ,735
protuberances,663180,0,ᛈᚱᚩᛏᚢᛒᛖᚱᚪᚾᚳᛖᛋ,521
attentiveness,661242,0,ᚪᛏᛏᛖᚾᛏᛁᚢᛖᚾᛖᛋᛋ,673
ornithologists,659193,0,ᚩᚱᚾᛁᚦᚩᛚᚩᚷᛁᛋᛏᛋ,383
pentobarbital,655404,0,ᛈᛖᚾᛏᚩᛒᚪᚱᛒᛁᛏᚪᛚ,695
pragmatically,652214,0,ᛈᚱᚪᚷᛗᚪᛏᛁᚳᚪᛚᛚᚣ,785
traditionalism,648856,0,ᛏᚱᚪᛞᛁᛏᛡᚾᚪᛚᛁᛋᛗ,807
gratifications,647662,0,ᚷᚱᚪᛏᛁᚠᛁᚳᚪᛏᛡᚾᛋ,606
ostentatiously,645092,0,ᚩᛋᛏᛖᚾᛏᚪᛏᛡᚢᛋᛚᚣ,769
inclusiveness,645010,0,ᛁᚾᚳᛚᚢᛋᛁᚢᛖᚾᛖᛋᛋ,505
disaggregation,644912,0,ᛞᛁᛋᚪᚷᚷᚱᛖᚷᚪᛏᛡᚾ,691
unselfishness,643240,0,ᚢᚾᛋᛖᛚᚠᛁᛋᚻᚾᛖᛋᛋ,536
metallurgists,635843,0,ᛗᛖᛏᚪᛚᛚᚢᚱᚷᛁᛋᛏᛋ,667
postmodernist,635503,0,ᛈᚩᛋᛏᛗᚩᛞᛖᚱᚾᛁᛋᛏ,579
disappearances,633555,0,ᛞᛁᛋᚪᛈᛈᛠᚱᚪᚾᚳᛖᛋ,735
unaccountably,629949,0,ᚢᚾᚪᚳᚳᚩᚢᚾᛏᚪᛒᛚᚣ,587
prostatectomy,628883,0,ᛈᚱᚩᛋᛏᚪᛏᛖᚳᛏᚩᛗᚣ,649
underemployed,628817,0,ᚢᚾᛞᛖᚱᛖᛗᛈᛚᚩᚣᛖᛞ,719
pervasiveness,628758,0,ᛈᛖᚱᚢᚪᛋᛁᚢᛖᚾᛖᛋᛋ,577
meteorologists,628356,0,ᛗᛖᛏᛇᚱᚩᛚᚩᚷᛁᛋᛏᛋ,549
precipitously,627826,0,ᛈᚱᛖᚳᛁᛈᛁᛏᚩᚢᛋᛚᚣ,537
capitalisation,627444,0,ᚳᚪᛈᛁᛏᚪᛚᛁᛋᚪᛏᛡᚾ,789
photoreceptor,626178,0,ᛈᚻᚩᛏᚩᚱᛖᚳᛖᛈᛏᚩᚱ,417
evangelicalism,623490,0,ᛖᚢᚪᛝᛖᛚᛁᚳᚪᛚᛁᛋᛗ,755
primogeniture,621100,0,ᛈᚱᛁᛗᚩᚷᛖᚾᛁᛏᚢᚱᛖ,447
progressivism,620823,0,ᛈᚱᚩᚷᚱᛖᛋᛋᛁᚢᛁᛋᛗ,451
synchronously,619678,0,ᛋᚣᚾᚳᚻᚱᚩᚾᚩᚢᛋᛚᚣ,507
suppositories,615406,0,ᛋᚢᛈᛈᚩᛋᛁᛏᚩᚱᛁᛖᛋ,461
impressionists,614041,0,ᛁᛗᛈᚱᛖᛋᛋᛡᚾᛁᛋᛏᛋ,661
microanalysis,612259,0,ᛗᛁᚳᚱᚩᚪᚾᚪᛚᚣᛋᛁᛋ,669
nonproductive,611737,0,ᚾᚩᚾᛈᚱᚩᛞᚢᚳᛏᛁᚢᛖ,391
pathologically,609764,0,ᛈᚪᚦᚩᛚᚩᚷᛁᚳᚪᛚᛚᚣ,639
transparently,608552,0,ᛏᚱᚪᚾᛋᛈᚪᚱᛖᚾᛏᛚᚣ,731
recriminations,605778,0,ᚱᛖᚳᚱᛁᛗᛁᚾᚪᛏᛡᚾᛋ,609
unintelligent,605724,0,ᚢᚾᛁᚾᛏᛖᛚᛚᛁᚷᛖᚾᛏ,567
sociolinguistics,605640,0,ᛋᚩᚳᛡᛚᛝᚢᛁᛋᛏᛁᚳᛋ,575
sensationalism,605031,0,ᛋᛖᚾᛋᚪᛏᛡᚾᚪᛚᛁᛋᛗ,819
chiropractors,602486,0,ᚳᚻᛁᚱᚩᛈᚱᚪᚳᛏᚩᚱᛋ,379
temporalities,599554,0,ᛏᛖᛗᛈᚩᚱᚪᛚᛁᛏᛁᛖᛋ,669
nonrecognition,597722,0,ᚾᚩᚾᚱᛖᚳᚩᚷᚾᛁᛏᛡᚾ,435
defensiveness,593923,0,ᛞᛖᚠᛖᚾᛋᛁᚢᛖᚾᛖᛋᛋ,610
popularization,592932,0,ᛈᚩᛈᚢᛚᚪᚱᛁᛋᚪᛏᛡᚾ,653
spatiotemporal,592459,0,ᛋᛈᚪᛏᛡᛏᛖᛗᛈᚩᚱᚪᛚ,787
unobtrusively,591556,0,ᚢᚾᚩᛒᛏᚱᚢᛋᛁᚢᛖᛚᚣ,503
heterotrophic,590584,0,ᚻᛖᛏᛖᚱᚩᛏᚱᚩᛈᚻᛁᚳ,421
interpretable,590095,0,ᛁᚾᛏᛖᚱᛈᚱᛖᛏᚪᛒᛚᛖ,675
retransmission,588916,0,ᚱᛖᛏᚱᚪᚾᛋᛗᛁᛋᛋᛡᚾ,671
legislatively,587660,0,ᛚᛖᚷᛁᛋᛚᚪᛏᛁᚢᛖᛚᚣ,747
sharecroppers,584667,0,ᛋᚻᚪᚱᛖᚳᚱᚩᛈᛈᛖᚱᛋ,499
roentgenograms,584167,0,ᚱᛟᚾᛏᚷᛖᚾᚩᚷᚱᚪᛗᛋ,551
clandestinely,583983,0,ᚳᛚᚪᚾᛞᛖᛋᛏᛁᚾᛖᛚᚣ,783
thermoplastics,580757,0,ᚦᛖᚱᛗᚩᛈᛚᚪᛋᛏᛁᚳᛋ,583
preternatural,578023,0,ᛈᚱᛖᛏᛖᚱᚾᚪᛏᚢᚱᚪᛚ,627
masculinities,577133,0,ᛗᚪᛋᚳᚢᛚᛁᚾᛁᛏᛁᛖᛋ,611
gastrocnemius,576995,0,ᚷᚪᛋᛏᚱᚩᚳᚾᛖᛗᛁᚢᛋ,511
extracorporeal,574796,0,ᛖᛉᛏᚱᚪᚳᚩᚱᛈᚩᚱᛠᛚ,555
nondisclosure,573509,0,ᚾᚩᚾᛞᛁᛋᚳᛚᚩᛋᚢᚱᛖ,465
militarization,573315,0,ᛗᛁᛚᛁᛏᚪᚱᛁᛋᚪᛏᛡᚾ,749
heterozygotes,570438,0,ᚻᛖᛏᛖᚱᚩᛋᚣᚷᚩᛏᛖᛋ,593
sportsmanship,568390,0,ᛋᛈᚩᚱᛏᛋᛗᚪᚾᛋᚻᛁᛈ,573
uninhabitable,565975,0,ᚢᚾᛁᚾᚻᚪᛒᛁᛏᚪᛒᛚᛖ,661
corticotropin,565527,0,ᚳᚩᚱᛏᛁᚳᚩᛏᚱᚩᛈᛁᚾ,321
directionality,564051,0,ᛞᛁᚱᛖᚳᛏᛡᚾᚪᛚᛁᛏᚣ,769
interactively,563519,0,ᛁᚾᛏᛖᚱᚪᚳᛏᛁᚢᛖᛚᚣ,643
intraspecific,561729,0,ᛁᚾᛏᚱᚪᛋᛈᛖᚳᛁᚠᛁᚳ,480
concentrators,560360,0,ᚳᚩᚾᚳᛖᚾᛏᚱᚪᛏᚩᚱᛋ,455
sharpshooters,557352,0,ᛋᚻᚪᚱᛈᛋᚻᚩᚩᛏᛖᚱᛋ,507
supercomputer,553391,0,ᛋᚢᛈᛖᚱᚳᚩᛗᛈᚢᛏᛖᚱ,451
promiscuously,551254,0,ᛈᚱᚩᛗᛁᛋᚳᚢᚩᚢᛋᛚᚣ,471
secretaryship,549314,0,ᛋᛖᚳᚱᛖᛏᚪᚱᚣᛋᚻᛁᛈ,631
disfranchised,546772,0,ᛞᛁᛋᚠᚱᚪᚾᚳᚻᛁᛋᛖᛞ,588
entrenchments,546318,0,ᛖᚾᛏᚱᛖᚾᚳᚻᛗᛖᚾᛏᛋ,577
underestimating,546208,0,ᚢᚾᛞᛖᚱᛖᛋᛏᛁᛗᚪᛏᛝ,715
multifactorial,545554,0,ᛗᚢᛚᛏᛁᚠᚪᚳᛏᚩᚱᛡᛚ,606
extemporaneous,543509,0,ᛖᛉᛏᛖᛗᛈᚩᚱᚪᚾᛇᚢᛋ,595
translocations,543459,0,ᛏᚱᚪᚾᛋᛚᚩᚳᚪᛏᛡᚾᛋ,687
antisubmarine,542735,0,ᚪᚾᛏᛁᛋᚢᛒᛗᚪᚱᛁᚾᛖ,639
superficiality,540785,0,ᛋᚢᛈᛖᚱᚠᛁᚳᛡᛚᛁᛏᚣ,596
gynecologists,540393,0,ᚷᚣᚾᛖᚳᚩᛚᚩᚷᛁᛋᛏᛋ,529
disciplinarian,539937,0,ᛞᛁᛋᚳᛁᛈᛚᛁᚾᚪᚱᛡᚾ,637
anticommunist,539375,0,ᚪᚾᛏᛁᚳᚩᛗᛗᚢᚾᛁᛋᛏ,553
nondeductible,532483,0,ᚾᚩᚾᛞᛖᛞᚢᚳᛏᛁᛒᛚᛖ,617
ontologically,531860,0,ᚩᚾᛏᚩᛚᚩᚷᛁᚳᚪᛚᛚᚣ,589
extrapolations,531470,0,ᛖᛉᛏᚱᚪᛈᚩᛚᚪᛏᛡᚾᛋ,749
businesspeople,529200,0,ᛒᚢᛋᛁᚾᛖᛋᛋᛈᛇᛈᛚᛖ,617
neuropathology,527430,0,ᚾᛖᚢᚱᚩᛈᚪᚦᚩᛚᚩᚷᚣ,469
monopolization,527185,0,ᛗᚩᚾᚩᛈᚩᛚᛁᛋᚪᛏᛡᚾ,613
schoolteachers,527018,0,ᛋᚳᚻᚩᚩᛚᛏᛠᚳᚻᛖᚱᛋ,511
recognizances,526706,0,ᚱᛖᚳᚩᚷᚾᛁᛋᚪᚾᚳᛖᛋ,487
overestimation,526620,0,ᚩᚢᛖᚱᛖᛋᛏᛁᛗᚪᛏᛡᚾ,661
minicomputers,526127,0,ᛗᛁᚾᛁᚳᚩᛗᛈᚢᛏᛖᚱᛋ,489
thromboplastin,525743,0,ᚦᚱᚩᛗᛒᚩᛈᛚᚪᛋᛏᛁᚾ,547
indispensible,524835,0,ᛁᚾᛞᛁᛋᛈᛖᚾᛋᛁᛒᛚᛖ,657
counterfeited,522730,0,ᚳᚩᚢᚾᛏᛖᚱᚠᛖᛁᛏᛖᛞ,504
significations,522630,0,ᛋᛁᚷᚾᛁᚠᛁᚳᚪᛏᛡᚾᛋ,552
proprioceptive,522087,0,ᛈᚱᚩᛈᚱᛡᚳᛖᛈᛏᛁᚢᛖ,505
hallucinatory,518025,0,ᚻᚪᛚᛚᚢᚳᛁᚾᚪᛏᚩᚱᚣ,619
archbishopric,517974,0,ᚪᚱᚳᚻᛒᛁᛋᚻᚩᛈᚱᛁᚳ,417
unclassifiable,516507,0,ᚢᚾᚳᛚᚪᛋᛋᛁᚠᛡᛒᛚᛖ,662
transgressors,516413,0,ᛏᚱᚪᚾᛋᚷᚱᛖᛋᛋᚩᚱᛋ,521
reproachfully,514717,0,ᚱᛖᛈᚱᚩᚪᚳᚻᚠᚢᛚᛚᚣ,526
interconnects,514660,1,ᛁᚾᛏᛖᚱᚳᚩᚾᚾᛖᚳᛏᛋ,467
preliminarily,513648,0,ᛈᚱᛖᛚᛁᛗᛁᚾᚪᚱᛁᛚᚣ,671
precipitately,513549,0,ᛈᚱᛖᚳᛁᛈᛁᛏᚪᛏᛖᛚᚣ,697
imperturbable,513485,0,ᛁᛗᛈᛖᚱᛏᚢᚱᛒᚪᛒᛚᛖ,655
inexpensively,513328,0,ᛁᚾᛖᛉᛈᛖᚾᛋᛁᚢᛖᛚᚣ,643
intrenchments,512957,0,ᛁᚾᛏᚱᛖᚾᚳᚻᛗᛖᚾᛏᛋ,541
improvisations,512882,0,ᛁᛗᛈᚱᚩᚢᛁᛋᚪᛏᛡᚾᛋ,595
hematological,511935,0,ᚻᛖᛗᚪᛏᚩᛚᚩᚷᛁᚳᚪᛚ,635
thyrotoxicosis,508811,0,ᚦᚣᚱᚩᛏᚩᛉᛁᚳᚩᛋᛁᛋ,427
providentially,505443,0,ᛈᚱᚩᚢᛁᛞᛖᚾᛏᛡᛚᛚᚣ,695
unidentifiable,502832,0,ᚢᚾᛁᛞᛖᚾᛏᛁᚠᛡᛒᛚᛖ,648
reverberations,502098,0,ᚱᛖᚢᛖᚱᛒᛖᚱᚪᛏᛡᚾᛋ,643
mischievously,500267,0,ᛗᛁᛋᚳᚻᛁᛖᚢᚩᚢᛋᛚᚣ,531
insectivorous,496951,0,ᛁᚾᛋᛖᚳᛏᛁᚢᚩᚱᚩᚢᛋ,367
inexpressibly,496950,0,ᛁᚾᛖᛉᛈᚱᛖᛋᛋᛁᛒᛚᚣ,669
transcultural,494143,0,ᛏᚱᚪᚾᛋᚳᚢᛚᛏᚢᚱᚪᛚ,581
disinvestment,493235,0,ᛞᛁᛋᛁᚾᚢᛖᛋᛏᛗᛖᚾᛏ,641
naturalisation,492607,0,ᚾᚪᛏᚢᚱᚪᛚᛁᛋᚪᛏᛡᚾ,745
eccentrically,492319,0,ᛖᚳᚳᛖᚾᛏᚱᛁᚳᚪᛚᛚᚣ,649
statesmanlike,492128,0,ᛋᛏᚪᛏᛖᛋᛗᚪᚾᛚᛁᚳᛖ,769
indispensably,492031,0,ᛁᚾᛞᛁᛋᛈᛖᚾᛋᚪᛒᛚᚣ,759
countermeasure,492008,0,ᚳᚩᚢᚾᛏᛖᚱᛗᛠᛋᚢᚱᛖ,503
metabolically,491897,0,ᛗᛖᛏᚪᛒᚩᛚᛁᚳᚪᛚᛚᚣ,825
adrenalectomy,491464,0,ᚪᛞᚱᛖᚾᚪᛚᛖᚳᛏᚩᛗᚣ,783
disintegrates,490433,0,ᛞᛁᛋᛁᚾᛏᛖᚷᚱᚪᛏᛖᛋ,663
gentrification,488210,0,ᚷᛖᚾᛏᚱᛁᚠᛁᚳᚪᛏᛡᚾ,552
particularism,486888,0,ᛈᚪᚱᛏᛁᚳᚢᛚᚪᚱᛁᛋᛗ,593
embryological,486693,0,ᛖᛗᛒᚱᚣᚩᛚᚩᚷᛁᚳᚪᛚ,631
unfaithfulness,486678,0,ᚢᚾᚠᚪᛁᚦᚠᚢᛚᚾᛖᛋᛋ,447
substructures,486550,0,ᛋᚢᛒᛋᛏᚱᚢᚳᛏᚢᚱᛖᛋ,449
appreciatively,483183,0,ᚪᛈᛈᚱᛖᚳᛡᛏᛁᚢᛖᛚᚣ,717
nonstructural,481904,0,ᚾᚩᚾᛋᛏᚱᚢᚳᛏᚢᚱᚪᛚ,447
protectionists,481642,0,ᛈᚱᚩᛏᛖᚳᛏᛡᚾᛁᛋᛏᛋ,591
efflorescence,481286,0,ᛖᚠᚠᛚᚩᚱᛖᛋᚳᛖᚾᚳᛖ,471
subcontracted,480599,0,ᛋᚢᛒᚳᚩᚾᛏᚱᚪᚳᛏᛖᛞ,561
superordinate,478523,0,ᛋᚢᛈᛖᚱᚩᚱᛞᛁᚾᚪᛏᛖ,567
uncircumcised,477775,0,ᚢᚾᚳᛁᚱᚳᚢᛗᚳᛁᛋᛖᛞ,427
westernization,477658,0,ᚹᛖᛋᛏᛖᚱᚾᛁᛋᚪᛏᛡᚾ,681
categorisation,476846,0,ᚳᚪᛏᛖᚷᚩᚱᛁᛋᚪᛏᛡᚾ,647
blandishments,474453,0,ᛒᛚᚪᚾᛞᛁᛋᚻᛗᛖᚾᛏᛋ,735
mohammedanism,472771,0,ᛗᚩᚻᚪᛗᛗᛖᛞᚪᚾᛁᛋᛗ,777
gynaecological,471949,0,ᚷᚣᚾᚫᚳᚩᛚᚩᚷᛁᚳᚪᛚ,581
psychophysics,471265,0,ᛈᛋᚣᚳᚻᚩᛈᚻᚣᛋᛁᚳᛋ,561
unenlightened,470699,0,ᚢᚾᛖᚾᛚᛁᚷᚻᛏᛖᚾᛖᛞ,583
magnifications,470416,0,ᛗᚪᚷᚾᛁᚠᛁᚳᚪᛏᛡᚾᛋ,636
kaleidoscopic,470180,0,ᚳᚪᛚᛖᛁᛞᚩᛋᚳᚩᛈᛁᚳ,537
spiritualists,468685,0,ᛋᛈᛁᚱᛁᛏᚢᚪᛚᛁᛋᛏᛋ,597
gonadotropins,465179,0,ᚷᚩᚾᚪᛞᚩᛏᚱᚩᛈᛁᚾᛋ,479
pontchartrain,464615,0,ᛈᚩᚾᛏᚳᚻᚪᚱᛏᚱᚪᛁᚾ,509
incapacitation,464000,0,ᛁᚾᚳᚪᛈᚪᚳᛁᛏᚪᛏᛡᚾ,705
officeholders,463135,0,ᚩᚠᚠᛁᚳᛖᚻᚩᛚᛞᛖᚱᛋ,445
congressionally,462444,0,ᚳᚩᛝᚱᛖᛋᛋᛡᚾᚪᛚᛚᚣ,765
indoctrinated,460577,0,ᛁᚾᛞᚩᚳᛏᚱᛁᚾᚪᛏᛖᛞ,611
radicalization,458942,0,ᚱᚪᛞᛁᚳᚪᛚᛁᛋᚪᛏᛡᚾ,787
confraternity,455155,0,ᚳᚩᚾᚠᚱᚪᛏᛖᚱᚾᛁᛏᚣ,518
unproblematic,454841,0,ᚢᚾᛈᚱᚩᛒᛚᛖᛗᚪᛏᛁᚳ,565
incombustible,454710,0,ᛁᚾᚳᚩᛗᛒᚢᛋᛏᛁᛒᛚᛖ,559
hallucinogens,449680,0,ᚻᚪᛚᛚᚢᚳᛁᚾᚩᚷᛖᚾᛋ,515
wholesomeness,449626,0,ᚹᚻᚩᛚᛖᛋᚩᛗᛖᚾᛖᛋᛋ,589
kidderminster,449067,0,ᚳᛁᛞᛞᛖᚱᛗᛁᚾᛋᛏᛖᚱ,621
picturesquely,448331,0,ᛈᛁᚳᛏᚢᚱᛖᛋᚳᚹᛖᛚᚣ,555
neutralisation,448152,0,ᚾᛖᚢᛏᚱᚪᛚᛁᛋᚪᛏᛡᚾ,715
undergarments,447798,0,ᚢᚾᛞᛖᚱᚷᚪᚱᛗᛖᚾᛏᛋ,603
sociologically,447651,0,ᛋᚩᚳᛡᛚᚩᚷᛁᚳᚪᛚᛚᚣ,667
eventualities,446595,0,ᛖᚢᛖᚾᛏᚢᚪᛚᛁᛏᛁᛖᛋ,639
antihistamine,446070,0,ᚪᚾᛏᛁᚻᛁᛋᛏᚪᛗᛁᚾᛖ,677
miniaturization,445748,0,ᛗᛁᚾᛡᛏᚢᚱᛁᛋᚪᛏᛡᚾ,687
erythropoiesis,445133,0,ᛖᚱᚣᚦᚱᚩᛈᚩᛁᛖᛋᛁᛋ,489
orthophosphate,444487,0,ᚩᚱᚦᚩᛈᚻᚩᛋᛈᚻᚪᛏᛖ,445
troublemakers,443408,0,ᛏᚱᚩᚢᛒᛚᛖᛗᚪᚳᛖᚱᛋ,593
potentiometers,441883,0,ᛈᚩᛏᛖᚾᛏᛡᛗᛖᛏᛖᚱᛋ,699
ophthalmoscope,439170,0,ᚩᛈᚻᚦᚪᛚᛗᚩᛋᚳᚩᛈᛖ,509
chlamydomonas,438718,0,ᚳᚻᛚᚪᛗᚣᛞᚩᛗᚩᚾᚪᛋ,733
astronautical,438056,0,ᚪᛋᛏᚱᚩᚾᚪᚢᛏᛁᚳᚪᛚ,629
catalytically,436847,0,ᚳᚪᛏᚪᛚᚣᛏᛁᚳᚪᛚᛚᚣ,891
actinomycetes,436838,0,ᚪᚳᛏᛁᚾᚩᛗᚣᚳᛖᛏᛖᛋ,669
extensibility,436124,0,ᛖᛉᛏᛖᚾᛋᛁᛒᛁᛚᛁᛏᚣ,711
superscription,435634,0,ᛋᚢᛈᛖᚱᛋᚳᚱᛁᛈᛏᛡᚾ,523
structureless,435586,0,ᛋᛏᚱᚢᚳᛏᚢᚱᛖᛚᛖᛋᛋ,525
familiarization,435212,0,ᚠᚪᛗᛁᛚᛡᚱᛁᛋᚪᛏᛡᚾ,768
monstrosities,434224,0,ᛗᚩᚾᛋᛏᚱᚩᛋᛁᛏᛁᛖᛋ,531
postindustrial,433415,0,ᛈᚩᛋᛏᛁᚾᛞᚢᛋᛏᚱᛡᛚ,617
agglomerations,433348,0,ᚪᚷᚷᛚᚩᛗᛖᚱᚪᛏᛡᚾᛋ,705
sulfanilamide,432789,0,ᛋᚢᛚᚠᚪᚾᛁᛚᚪᛗᛁᛞᛖ,716
undernutrition,432134,0,ᚢᚾᛞᛖᚱᚾᚢᛏᚱᛁᛏᛡᚾ,527
sovereignties,432098,0,ᛋᚩᚢᛖᚱᛖᛁᚷᚾᛏᛁᛖᛋ,495
visualizations,431585,0,ᚢᛁᛋᚢᚪᛚᛁᛋᚪᛏᛡᚾᛋ,689
excommunicate,430940,0,ᛖᛉᚳᚩᛗᛗᚢᚾᛁᚳᚪᛏᛖ,575
monosyllables,430587,0,ᛗᚩᚾᚩᛋᚣᛚᛚᚪᛒᛚᛖᛋ,767
unsuitability,430461,0,ᚢᚾᛋᚢᛁᛏᚪᛒᛁᛚᛁᛏᚣ,633
impersonality,430445,0,ᛁᛗᛈᛖᚱᛋᚩᚾᚪᛚᛁᛏᚣ,675
inefficiently,430143,0,ᛁᚾᛖᚠᚠᛁᚳᛁᛖᚾᛏᛚᚣ,537
metaphysicians,429792,0,ᛗᛖᛏᚪᛈᚻᚣᛋᛁᚳᛡᚾᛋ,749
irrecoverable,429261,0,ᛁᚱᚱᛖᚳᚩᚢᛖᚱᚪᛒᛚᛖ,519
recapitulated,428657,0,ᚱᛖᚳᚪᛈᛁᛏᚢᛚᚪᛏᛖᛞ,709
generalizable,428395,0,ᚷᛖᚾᛖᚱᚪᛚᛁᛋᚪᛒᛚᛖ,743
concessionaire,426301,0,ᚳᚩᚾᚳᛖᛋᛋᛡᚾᚪᛁᚱᛖ,577
disappointingly,426150,0,ᛞᛁᛋᚪᛈᛈᚩᛁᚾᛏᛝᛚᚣ,737
ethnographical,425787,0,ᛖᚦᚾᚩᚷᚱᚪᛈᚻᛁᚳᚪᛚ,513
unsubstituted,425533,0,ᚢᚾᛋᚢᛒᛋᛏᛁᛏᚢᛏᛖᛞ,569
actinomycosis,425231,0,ᚪᚳᛏᛁᚾᚩᛗᚣᚳᚩᛋᛁᛋ,567
proprietaries,424986,0,ᛈᚱᚩᛈᚱᛁᛖᛏᚪᚱᛁᛖᛋ,531
occupationally,423315,0,ᚩᚳᚳᚢᛈᚪᛏᛡᚾᚪᛚᛚᚣ,717
leptospirosis,422315,0,ᛚᛖᛈᛏᚩᛋᛈᛁᚱᚩᛋᛁᛋ,531
retrogressive,422226,0,ᚱᛖᛏᚱᚩᚷᚱᛖᛋᛋᛁᚢᛖ,457
accommodative,420291,0,ᚪᚳᚳᚩᛗᛗᚩᛞᚪᛏᛁᚢᛖ,625
foreseeability,419634,0,ᚠᚩᚱᛖᛋᛖᛠᛒᛁᛚᛁᛏᚣ,674
improprieties,417494,0,ᛁᛗᛈᚱᚩᛈᚱᛁᛖᛏᛁᛖᛋ,525
provocatively,415876,0,ᛈᚱᚩᚢᚩᚳᚪᛏᛁᚢᛖᛚᚣ,517
topologically,415638,0,ᛏᚩᛈᚩᛚᚩᚷᛁᚳᚪᛚᛚᚣ,603
impermissibly,414705,0,ᛁᛗᛈᛖᚱᛗᛁᛋᛋᛁᛒᛚᚣ,699
importunities,413199,0,ᛁᛗᛈᚩᚱᛏᚢᚾᛁᛏᛁᛖᛋ,495
insubordinate,413139,0,ᛁᚾᛋᚢᛒᚩᚱᛞᛁᚾᚪᛏᛖ,567
interrogators,411307,0,ᛁᚾᛏᛖᚱᚱᚩᚷᚪᛏᚩᚱᛋ,459
detectability,410406,0,ᛞᛖᛏᛖᚳᛏᚪᛒᛁᛚᛁᛏᚣ,809
incandescence,410277,0,ᛁᚾᚳᚪᚾᛞᛖᛋᚳᛖᚾᚳᛖ,597
overestimates,409483,0,ᚩᚢᛖᚱᛖᛋᛏᛁᛗᚪᛏᛖᛋ,645
milledgeville,409376,0,ᛗᛁᛚᛚᛖᛞᚷᛖᚢᛁᛚᛚᛖ,735
macromolecule,407970,0,ᛗᚪᚳᚱᚩᛗᚩᛚᛖᚳᚢᛚᛖ,573
landownership,407677,0,ᛚᚪᚾᛞᚩᚹᚾᛖᚱᛋᚻᛁᛈ,571
miscalculated,407466,0,ᛗᛁᛋᚳᚪᛚᚳᚢᛚᚪᛏᛖᛞ,739
microeconomics,406064,0,ᛗᛁᚳᚱᛟᚳᚩᚾᚩᛗᛁᚳᛋ,433
contemplations,405466,0,ᚳᚩᚾᛏᛖᛗᛈᛚᚪᛏᛡᚾᛋ,707
precipitators,403942,0,ᛈᚱᛖᚳᛁᛈᛁᛏᚪᛏᚩᚱᛋ,525
concupiscence,403528,0,ᚳᚩᚾᚳᚢᛈᛁᛋᚳᛖᚾᚳᛖ,381
observability,402672,0,ᚩᛒᛋᛖᚱᚢᚪᛒᛁᛚᛁᛏᚣ,657
bacteriostatic,402614,0,ᛒᚪᚳᛏᛖᚱᛡᛋᛏᚪᛏᛁᚳ,727
confederations,401565,0,ᚳᚩᚾᚠᛖᛞᛖᚱᚪᛏᛡᚾᛋ,630
superabundant,400985,0,ᛋᚢᛈᛖᚱᚪᛒᚢᚾᛞᚪᚾᛏ,641
tonsillectomy,400453,0,ᛏᚩᚾᛋᛁᛚᛚᛖᚳᛏᚩᛗᚣ,645
circumlocution,400214,0,ᚳᛁᚱᚳᚢᛗᛚᚩᚳᚢᛏᛡᚾ,433
indescribably,399678,0,ᛁᚾᛞᛖᛋᚳᚱᛁᛒᚪᛒᛚᚣ,719
substantiality,399138,0,ᛋᚢᛒᛋᛏᚪᚾᛏᛡᛚᛁᛏᚣ,787
stigmatization,397182,0,ᛋᛏᛁᚷᛗᚪᛏᛁᛋᚪᛏᛡᚾ,763
gerontologist,396915,0,ᚷᛖᚱᚩᚾᛏᚩᛚᚩᚷᛁᛋᛏ,437
dermatologist,396536,0,ᛞᛖᚱᛗᚪᛏᚩᛚᚩᚷᛁᛋᛏ,641
proportionably,392921,0,ᛈᚱᚩᛈᚩᚱᛏᛡᚾᚪᛒᛚᚣ,651
convalescents,392206,0,ᚳᚩᚾᚢᚪᛚᛖᛋᚳᛖᚾᛏᛋ,563
fructification,391587,0,ᚠᚱᚢᚳᛏᛁᚠᛁᚳᚪᛏᛡᚾ,457
multilingualism,391220,0,ᛗᚢᛚᛏᛁᛚᛝᚢᚪᛚᛁᛋᛗ,717
misgovernment,390444,0,ᛗᛁᛋᚷᚩᚢᛖᚱᚾᛗᛖᚾᛏ,515
prophetically,390438,0,ᛈᚱᚩᛈᚻᛖᛏᛁᚳᚪᛚᛚᚣ,643
aspergillosis,389660,0,ᚪᛋᛈᛖᚱᚷᛁᛚᛚᚩᛋᛁᛋ,609
resistivities,389268,0,ᚱᛖᛋᛁᛋᛏᛁᚢᛁᛏᛁᛖᛋ,549
transpositions,389114,1,ᛏᚱᚪᚾᛋᛈᚩᛋᛁᛏᛡᚾᛋ,631
impulsiveness,388624,0,ᛁᛗᛈᚢᛚᛋᛁᚢᛖᚾᛖᛋᛋ,577
micronutrient,388260,0,ᛗᛁᚳᚱᚩᚾᚢᛏᚱᛁᛖᚾᛏ,421
heterosexuals,388034,0,ᚻᛖᛏᛖᚱᚩᛋᛖᛉᚢᚪᛚᛋ,627
speculatively,387792,0,ᛋᛈᛖᚳᚢᛚᚪᛏᛁᚢᛖᛚᚣ,685
recrudescence,383798,0,ᚱᛖᚳᚱᚢᛞᛖᛋᚳᛖᚾᚳᛖ,503
unexplainable,383323,0,ᚢᚾᛖᛉᛈᛚᚪᛁᚾᚪᛒᛚᛖ,717
channelization,381982,0,ᚳᚻᚪᚾᚾᛖᛚᛁᛋᚪᛏᛡᚾ,707
nonuniformity,381959,0,ᚾᚩᚾᚢᚾᛁᚠᚩᚱᛗᛁᛏᚣ,412
antiepileptic,380755,0,ᚪᚾᛏᛁᛖᛈᛁᛚᛖᛈᛏᛁᚳ,643
architectonic,379718,0,ᚪᚱᚳᚻᛁᛏᛖᚳᛏᚩᚾᛁᚳ,453
weltanschauung,378595,0,ᚹᛖᛚᛏᚪᚾᛋᚳᚻᚪᚢᚢᛝ,615
defibrillator,378406,0,ᛞᛖᚠᛁᛒᚱᛁᛚᛚᚪᛏᚩᚱ,612
emulsification,373647,0,ᛖᛗᚢᛚᛋᛁᚠᛁᚳᚪᛏᛡᚾ,636
spasmodically,370355,0,ᛋᛈᚪᛋᛗᚩᛞᛁᚳᚪᛚᛚᚣ,803
dehumanization,369982,0,ᛞᛖᚻᚢᛗᚪᚾᛁᛋᚪᛏᛡᚾ,755
unseaworthiness,369749,0,ᚢᚾᛋᛠᚹᚩᚱᚦᛁᚾᛖᛋᛋ,469
flabbergasted,368782,0,ᚠᛚᚪᛒᛒᛖᚱᚷᚪᛋᛏᛖᛞ,754
mineralogists,368569,0,ᛗᛁᚾᛖᚱᚪᛚᚩᚷᛁᛋᛏᛋ,599
radiotelegraph,367637,0,ᚱᚪᛞᛡᛏᛖᛚᛖᚷᚱᚪᛈᚻ,761
hyaluronidase,366148,0,ᚻᚣᚪᛚᚢᚱᚩᚾᛁᛞᚪᛋᛖ,683
countermanded,365554,0,ᚳᚩᚢᚾᛏᛖᚱᛗᚪᚾᛞᛖᛞ,631
pneumatically,364032,0,ᛈᚾᛖᚢᛗᚪᛏᛁᚳᚪᛚᛚᚣ,759
individualizing,363321,0,ᛁᚾᛞᛁᚢᛁᛞᚢᚪᛚᛁᛋᛝ,639
conflagrations,362833,0,ᚳᚩᚾᚠᛚᚪᚷᚱᚪᛏᛡᚾᛋ,594
disinformation,360592,0,ᛞᛁᛋᛁᚾᚠᚩᚱᛗᚪᛏᛡᚾ,616
misadventures,360321,0,ᛗᛁᛋᚪᛞᚢᛖᚾᛏᚢᚱᛖᛋ,633
animadversions,360000,0,ᚪᚾᛁᛗᚪᛞᚢᛖᚱᛋᛡᚾᛋ,737
materialization,359696,0,ᛗᚪᛏᛖᚱᛡᛚᛁᛋᚪᛏᛡᚾ,861
epidemiologist,359656,0,ᛖᛈᛁᛞᛖᛗᛡᛚᚩᚷᛁᛋᛏ,715
overemphasize,359488,0,ᚩᚢᛖᚱᛖᛗᛈᚻᚪᛋᛁᛋᛖ,593
presentational,358732,0,ᛈᚱᛖᛋᛖᚾᛏᚪᛏᛡᚾᚪᛚ,791
hypersecretion,358610,0,ᚻᚣᛈᛖᚱᛋᛖᚳᚱᛖᛏᛡᚾ,653
foreshortened,358207,0,ᚠᚩᚱᛖᛋᚻᚩᚱᛏᛖᚾᛖᛞ,492
microelectrode,358048,0,ᛗᛁᚳᚱᛟᛚᛖᚳᛏᚱᚩᛞᛖ,595
bacteriophages,357323,0,ᛒᚪᚳᛏᛖᚱᛡᛈᚻᚪᚷᛖᛋ,715
physostigmine,354241,0,ᛈᚻᚣᛋᚩᛋᛏᛁᚷᛗᛁᚾᛖ,587
understandingly,353698,0,ᚢᚾᛞᛖᚱᛋᛏᚪᚾᛞᛝᛚᚣ,781
interoperable,353463,0,ᛁᚾᛏᛖᚱᚩᛈᛖᚱᚪᛒᛚᛖ,623
zoroastrianism,353418,0,ᛋᚩᚱᚩᚪᛋᛏᚱᛡᚾᛁᛋᛗ,589
terminologies,351759,0,ᛏᛖᚱᛗᛁᚾᚩᛚᚩᚷᛁᛖᛋ,523
individualize,349925,0,ᛁᚾᛞᛁᚢᛁᛞᚢᚪᛚᛁᛋᛖ,627
lexicographer,349070,0,ᛚᛖᛉᛁᚳᚩᚷᚱᚪᛈᚻᛖᚱ,507
universalists,348163,0,ᚢᚾᛁᚢᛖᚱᛋᚪᛚᛁᛋᛏᛋ,563
directorships,347210,0,ᛞᛁᚱᛖᚳᛏᚩᚱᛋᚻᛁᛈᛋ,491
videocassettes,346801,0,ᚢᛁᛞᛇᚳᚪᛋᛋᛖᛏᛏᛖᛋ,685
photoelectrons,346587,0,ᛈᚻᚩᛏᛟᛚᛖᚳᛏᚱᚩᚾᛋ,527
precariousness,345681,0,ᛈᚱᛖᚳᚪᚱᛡᚢᛋᚾᛖᛋᛋ,607
carcinomatous,345663,0,ᚳᚪᚱᚳᛁᚾᚩᛗᚪᛏᚩᚢᛋ,491
principalship,345563,0,ᛈᚱᛁᚾᚳᛁᛈᚪᛚᛋᚻᛁᛈ,521
choreographers,345227,0,ᚳᚻᚩᚱᛇᚷᚱᚪᛈᚻᛖᚱᛋ,417
destructively,343401,0,ᛞᛖᛋᛏᚱᚢᚳᛏᛁᚢᛖᛚᚣ,631
tortoiseshell,342984,0,ᛏᚩᚱᛏᚩᛁᛋᛖᛋᚻᛖᛚᛚ,583
paleontologist,342748,0,ᛈᚪᛚᛇᚾᛏᚩᛚᚩᚷᛁᛋᛏ,589
ineffectually,342007,0,ᛁᚾᛖᚠᚠᛖᚳᛏᚢᚪᛚᛚᚣ,619
salmonellosis,341769,0,ᛋᚪᛚᛗᚩᚾᛖᛚᛚᚩᛋᛁᛋ,687
defibrillation,340979,0,ᛞᛖᚠᛁᛒᚱᛁᛚᛚᚪᛏᛡᚾ,730
synchronicity,340265,0,ᛋᚣᚾᚳᚻᚱᚩᚾᛁᚳᛁᛏᚣ,505
haematological,339363,0,ᚻᚫᛗᚪᛏᚩᛚᚩᚷᛁᚳᚪᛚ,669
autoregulation,339243,0,ᚪᚢᛏᚩᚱᛖᚷᚢᛚᚪᛏᛡᚾ,629
commemorations,338994,0,ᚳᚩᛗᛗᛖᛗᚩᚱᚪᛏᛡᚾᛋ,663
hematopoiesis,338814,0,ᚻᛖᛗᚪᛏᚩᛈᚩᛁᛖᛋᛁᛋ,609
cartographers,338269,0,ᚳᚪᚱᛏᚩᚷᚱᚪᛈᚻᛖᚱᛋ,509
lateralization,338052,0,ᛚᚪᛏᛖᚱᚪᛚᛁᛋᚪᛏᛡᚾ,853
incorrectness,337685,0,ᛁᚾᚳᚩᚱᚱᛖᚳᛏᚾᛖᛋᛋ,443
inconceivably,336813,0,ᛁᚾᚳᚩᚾᚳᛖᛁᚢᚪᛒᛚᚣ,557
spermatocytes,336700,0,ᛋᛈᛖᚱᛗᚪᛏᚩᚳᚣᛏᛖᛋ,703
unqualifiedly,336575,0,ᚢᚾᚳᚹᚪᛚᛁᚠᛁᛖᛞᛚᚣ,630
misrepresents,336412,0,ᛗᛁᛋᚱᛖᛈᚱᛖᛋᛖᚾᛏᛋ,615
refractometer,336165,0,ᚱᛖᚠᚱᚪᚳᛏᚩᛗᛖᛏᛖᚱ,542
internationals,334926,0,ᛁᚾᛏᛖᚱᚾᚪᛏᛡᚾᚪᛚᛋ,741
unostentatious,333839,0,ᚢᚾᚩᛋᛏᛖᚾᛏᚪᛏᛡᚢᛋ,625
particularize,333399,0,ᛈᚪᚱᛏᛁᚳᚢᛚᚪᚱᛁᛋᛖ,589
extragalactic,333271,0,ᛖᛉᛏᚱᚪᚷᚪᛚᚪᚳᛏᛁᚳ,681
undervaluation,331748,0,ᚢᚾᛞᛖᚱᚢᚪᛚᚢᚪᛏᛡᚾ,667
undercurrents,331272,0,ᚢᚾᛞᛖᚱᚳᚢᚱᚱᛖᚾᛏᛋ,445
civilizational,330075,0,ᚳᛁᚢᛁᛚᛁᛋᚪᛏᛡᚾᚪᛚ,697
megaloblastic,329906,0,ᛗᛖᚷᚪᛚᚩᛒᛚᚪᛋᛏᛁᚳ,719
musicological,329364,0,ᛗᚢᛋᛁᚳᚩᛚᚩᚷᛁᚳᚪᛚ,489
evolutionarily,328689,0,ᛖᚢᚩᛚᚢᛏᛡᚾᚪᚱᛁᛚᚣ,663
polytechnical,328030,0,ᛈᚩᛚᚣᛏᛖᚳᚻᚾᛁᚳᚪᛚ,631
incontestably,326376,0,ᛁᚾᚳᚩᚾᛏᛖᛋᛏᚪᛒᛚᚣ,681
spokespersons,326261,0,ᛋᛈᚩᚳᛖᛋᛈᛖᚱᛋᚩᚾᛋ,499
disembarkation,323655,0,ᛞᛁᛋᛖᛗᛒᚪᚱᚳᚪᛏᛡᚾ,785
underpayments,323458,0,ᚢᚾᛞᛖᚱᛈᚪᚣᛗᛖᚾᛏᛋ,721
legitimization,322211,0,ᛚᛖᚷᛁᛏᛁᛗᛁᛋᚪᛏᛡᚾ,725
descriptively,321477,0,ᛞᛖᛋᚳᚱᛁᛈᛏᛁᚢᛖᛚᚣ,643
unidimensional,320107,0,ᚢᚾᛁᛞᛁᛗᛖᚾᛋᛡᚾᚪᛚ,709
radiochemistry,319082,0,ᚱᚪᛞᛡᚳᚻᛖᛗᛁᛋᛏᚱᚣ,735
prohibitionist,318854,0,ᛈᚱᚩᚻᛁᛒᛁᛏᛡᚾᛁᛋᛏ,545
representable,318018,0,ᚱᛖᛈᚱᛖᛋᛖᚾᛏᚪᛒᛚᛖ,705
merchandisers,316577,0,ᛗᛖᚱᚳᚻᚪᚾᛞᛁᛋᛖᚱᛋ,615
semiempirical,314889,0,ᛋᛖᛗᛁᛖᛗᛈᛁᚱᛁᚳᚪᛚ,659
hyperextension,313342,0,ᚻᚣᛈᛖᚱᛖᛉᛏᛖᚾᛋᛡᚾ,705
precipitations,313256,0,ᛈᚱᛖᚳᛁᛈᛁᛏᚪᛏᛡᚾᛋ,643
claustrophobia,312571,0,ᚳᛚᚪᚢᛋᛏᚱᚩᛈᚻᚩᛒᛡ,557
proportionable,312239,0,ᛈᚱᚩᛈᚩᚱᛏᛡᚾᚪᛒᛚᛖ,615
demobilisation,311681,0,ᛞᛖᛗᚩᛒᛁᛚᛁᛋᚪᛏᛡᚾ,775
consistencies,311168,0,ᚳᚩᚾᛋᛁᛋᛏᛖᚾᚳᛁᛖᛋ,505
trophoblastic,310735,0,ᛏᚱᚩᛈᚻᚩᛒᛚᚪᛋᛏᛁᚳ,537
assistantship,308707,0,ᚪᛋᛋᛁᛋᛏᚪᚾᛏᛋᚻᛁᛈ,681
uncomprehending,308077,0,ᚢᚾᚳᚩᛗᛈᚱᛖᚻᛖᚾᛞᛝ,531
undeliverable,306856,0,ᚢᚾᛞᛖᛚᛁᚢᛖᚱᚪᛒᛚᛖ,671
juxtapositions,306844,0,ᛂᚢᛉᛏᚪᛈᚩᛋᛁᛏᛡᚾᛋ,625
aristocracies,306731,0,ᚪᚱᛁᛋᛏᚩᚳᚱᚪᚳᛁᛖᛋ,543
copyrightable,304492,0,ᚳᚩᛈᚣᚱᛁᚷᚻᛏᚪᛒᛚᛖ,605
invincibility,304330,0,ᛁᚾᚢᛁᚾᚳᛁᛒᛁᛚᛁᛏᚣ,525
chlorobenzene,303763,0,ᚳᚻᛚᚩᚱᚩᛒᛖᚾᛋᛖᚾᛖ,507
revolutionised,302341,0,ᚱᛖᚢᚩᛚᚢᛏᛡᚾᛁᛋᛖᛞ,599
antispasmodic,300470,0,ᚪᚾᛏᛁᛋᛈᚪᛋᛗᚩᛞᛁᚳ,673
unpredictably,300061,0,ᚢᚾᛈᚱᛖᛞᛁᚳᛏᚪᛒᛚᚣ,679
physiotherapist,299898,0,ᛈᚻᚣᛋᛡᚦᛖᚱᚪᛈᛁᛋᛏ,695
ecclesiasticus,298994,0,ᛖᚳᚳᛚᛖᛋᛡᛋᛏᛁᚳᚢᛋ,605
uncompetitive,298883,0,ᚢᚾᚳᚩᛗᛈᛖᛏᛁᛏᛁᚢᛖ,483
prepossessions,297737,0,ᛈᚱᛖᛈᚩᛋᛋᛖᛋᛋᛡᚾᛋ,639
reinvigorated,297544,0,ᚱᛖᛁᚾᚢᛁᚷᚩᚱᚪᛏᛖᛞ,519
reconciliations,297445,0,ᚱᛖᚳᚩᚾᚳᛁᛚᛡᛏᛡᚾᛋ,599
humidification,297382,0,ᚻᚢᛗᛁᛞᛁᚠᛁᚳᚪᛏᛡᚾ,586
postponements,295430,0,ᛈᚩᛋᛏᛈᚩᚾᛖᛗᛖᚾᛏᛋ,587
overabundance,294457,0,ᚩᚢᛖᚱᚪᛒᚢᚾᛞᚪᚾᚳᛖ,573
neurosyphilis,291735,0,ᚾᛖᚢᚱᚩᛋᚣᛈᚻᛁᛚᛁᛋ,527
scintillations,291431,0,ᛋᚳᛁᚾᛏᛁᛚᛚᚪᛏᛡᚾᛋ,707
remorselessly,291093,0,ᚱᛖᛗᚩᚱᛋᛖᛚᛖᛋᛋᛚᚣ,709
procrastinate,290987,0,ᛈᚱᚩᚳᚱᚪᛋᛏᛁᚾᚪᛏᛖ,577
chieftainship,290842,0,ᚳᚻᛁᛖᚠᛏᚪᛁᚾᛋᚻᛁᛈ,502
imprisonments,290771,0,ᛁᛗᛈᚱᛁᛋᚩᚾᛗᛖᚾᛏᛋ,555
mortifications,289706,0,ᛗᚩᚱᛏᛁᚠᛁᚳᚪᛏᛡᚾᛋ,570
superfluities,289314,0,ᛋᚢᛈᛖᚱᚠᛚᚢᛁᛏᛁᛖᛋ,496
recapitulates,288344,0,ᚱᛖᚳᚪᛈᛁᛏᚢᛚᚪᛏᛖᛋ,673
spiritualized,288113,0,ᛋᛈᛁᚱᛁᛏᚢᚪᛚᛁᛋᛖᛞ,641
phrenological,287995,0,ᛈᚻᚱᛖᚾᚩᛚᚩᚷᛁᚳᚪᛚ,491
decolonisation,287733,0,ᛞᛖᚳᚩᛚᚩᚾᛁᛋᚪᛏᛡᚾ,661
noncombatants,287706,0,ᚾᚩᚾᚳᚩᛗᛒᚪᛏᚪᚾᛏᛋ,611
bibliographers,287495,0,ᛒᛁᛒᛚᛡᚷᚱᚪᛈᚻᛖᚱᛋ,655
lymphadenitis,287358,0,ᛚᚣᛗᛈᚻᚪᛞᛖᚾᛁᛏᛁᛋ,769
overpopulated,286289,0,ᚩᚢᛖᚱᛈᚩᛈᚢᛚᚪᛏᛖᛞ,569
integrability,286074,0,ᛁᚾᛏᛖᚷᚱᚪᛒᛁᛚᛁᛏᚣ,669
businesswoman,285721,0,ᛒᚢᛋᛁᚾᛖᛋᛋᚹᚩᛗᚪᚾ,573
intercalations,284876,0,ᛁᚾᛏᛖᚱᚳᚪᛚᚪᛏᛡᚾᛋ,725
conquistadors,284394,0,ᚳᚩᚾᚳᚹᛁᛋᛏᚪᛞᚩᚱᛋ,481
commensurable,283812,0,ᚳᚩᛗᛗᛖᚾᛋᚢᚱᚪᛒᛚᛖ,623
prefabrication,282733,0,ᛈᚱᛖᚠᚪᛒᚱᛁᚳᚪᛏᛡᚾ,628
oscilloscopes,281918,0,ᚩᛋᚳᛁᛚᛚᚩᛋᚳᚩᛈᛖᛋ,493
oxyhemoglobin,281427,0,ᚩᛉᚣᚻᛖᛗᚩᚷᛚᚩᛒᛁᚾ,543
nonjudgmental,281019,0,ᚾᚩᚾᛂᚢᛞᚷᛗᛖᚾᛏᚪᛚ,607
amplifications,280837,0,ᚪᛗᛈᛚᛁᚠᛁᚳᚪᛏᛡᚾᛋ,706
pennsylvanians,278737,0,ᛈᛖᚾᚾᛋᚣᛚᚢᚪᚾᛡᚾᛋ,715
lymphocytosis,278359,0,ᛚᚣᛗᛈᚻᚩᚳᚣᛏᚩᛋᛁᛋ,639
serendipitous,276850,0,ᛋᛖᚱᛖᚾᛞᛁᛈᛁᛏᚩᚢᛋ,543
fastidiousness,275242,0,ᚠᚪᛋᛏᛁᛞᛡᚢᛋᚾᛖᛋᛋ,696
improvidently,274630,0,ᛁᛗᛈᚱᚩᚢᛁᛞᛖᚾᛏᛚᚣ,617
childlessness,274136,0,ᚳᚻᛁᛚᛞᛚᛖᛋᛋᚾᛖᛋᛋ,677
intergalactic,273970,0,ᛁᚾᛏᛖᚱᚷᚪᛚᚪᚳᛏᛁᚳ,597
intuitionistic,273938,0,ᛁᚾᛏᚢᛁᛏᛡᚾᛁᛋᛏᛁᚳ,535
magnetometers,272917,0,ᛗᚪᚷᚾᛖᛏᚩᛗᛖᛏᛖᚱᛋ,675
considerately,272897,0,ᚳᚩᚾᛋᛁᛞᛖᚱᚪᛏᛖᛚᚣ,699
rebelliousness,272868,0,ᚱᛖᛒᛖᛚᛚᛡᚢᛋᚾᛖᛋᛋ,717
intermittency,272685,0,ᛁᚾᛏᛖᚱᛗᛁᛏᛏᛖᚾᚳᚣ,629
strikebreakers,272528,0,ᛋᛏᚱᛁᚳᛖᛒᚱᛠᚳᛖᚱᛋ,559
argentiferous,272519,0,ᚪᚱᚷᛖᚾᛏᛁᚠᛖᚱᚩᚢᛋ,454
geosynchronous,271730,0,ᚷᛇᛋᚣᚾᚳᚻᚱᚩᚾᚩᚢᛋ,389
allegorically,271095,0,ᚪᛚᛚᛖᚷᚩᚱᛁᚳᚪᛚᛚᚣ,735
unconformable,270773,0,ᚢᚾᚳᚩᚾᚠᚩᚱᛗᚪᛒᛚᛖ,470
monomolecular,270056,0,ᛗᚩᚾᚩᛗᚩᛚᛖᚳᚢᛚᚪᚱ,529
consultancies,269940,0,ᚳᚩᚾᛋᚢᛚᛏᚪᚾᚳᛁᛖᛋ,527
magnanimously,269828,0,ᛗᚪᚷᚾᚪᚾᛁᛗᚩᚢᛋᛚᚣ,681
coconspirator,268831,0,ᚳᚩᚳᚩᚾᛋᛈᛁᚱᚪᛏᚩᚱ,381
quadruplicate,268713,0,ᚳᚹᚪᛞᚱᚢᛈᛚᛁᚳᚪᛏᛖ,615
pusillanimous,268067,0,ᛈᚢᛋᛁᛚᛚᚪᚾᛁᛗᚩᚢᛋ,567
armamentarium,267954,0,ᚪᚱᛗᚪᛗᛖᚾᛏᚪᚱᛁᚢᛗ,715
contaminations,267742,0,ᚳᚩᚾᛏᚪᛗᛁᚾᚪᛏᛡᚾᛋ,681
cannibalistic,267397,0,ᚳᚪᚾᚾᛁᛒᚪᛚᛁᛋᛏᛁᚳ,617
microbiologist,267093,0,ᛗᛁᚳᚱᚩᛒᛡᛚᚩᚷᛁᛋᛏ,541
hospitalities,262801,0,ᚻᚩᛋᛈᛁᛏᚪᛚᛁᛏᛁᛖᛋ,627
biogeochemistry,262640,0,ᛒᛡᚷᛇᚳᚻᛖᛗᛁᛋᛏᚱᚣ,657
ophthalmoplegia,261946,0,ᚩᛈᚻᚦᚪᛚᛗᚩᛈᛚᛖᚷᛡ,633
blastomycosis,261771,0,ᛒᛚᚪᛋᛏᚩᛗᚣᚳᚩᛋᛁᛋ,681
interpellation,260992,0,ᛁᚾᛏᛖᚱᛈᛖᛚᛚᚪᛏᛡᚾ,745
polyphosphate,260981,0,ᛈᚩᛚᚣᛈᚻᚩᛋᛈᚻᚪᛏᛖ,641
arboriculture,260903,0,ᚪᚱᛒᚩᚱᛁᚳᚢᛚᛏᚢᚱᛖ,447
phantasmagoria,260737,0,ᛈᚻᚪᚾᛏᚪᛋᛗᚪᚷᚩᚱᛡ,711
nonradioactive,260166,0,ᚾᚩᚾᚱᚪᛞᛡᚪᚳᛏᛁᚢᛖ,639
irresponsibly,259938,0,ᛁᚱᚱᛖᛋᛈᚩᚾᛋᛁᛒᛚᚣ,573
disgracefully,259711,0,ᛞᛁᛋᚷᚱᚪᚳᛖᚠᚢᛚᛚᚣ,632
significances,259460,0,ᛋᛁᚷᚾᛁᚠᛁᚳᚪᚾᚳᛖᛋ,466
spectatorship,258640,0,ᛋᛈᛖᚳᛏᚪᛏᚩᚱᛋᚻᛁᛈ,559
unsentimental,258503,0,ᚢᚾᛋᛖᚾᛏᛁᛗᛖᚾᛏᚪᛚ,667
metropolitans,258346,0,ᛗᛖᛏᚱᚩᛈᚩᛚᛁᛏᚪᚾᛋ,607
sentimentally,258014,0,ᛋᛖᚾᛏᛁᛗᛖᚾᛏᚪᛚᛚᚣ,811
hemoglobinuria,257083,0,ᚻᛖᛗᚩᚷᛚᚩᛒᛁᚾᚢᚱᛡ,507
quadripartite,256761,0,ᚳᚹᚪᛞᚱᛁᛈᚪᚱᛏᛁᛏᛖ,627
segregationist,256760,0,ᛋᛖᚷᚱᛖᚷᚪᛏᛡᚾᛁᛋᛏ,667
lexicographic,256557,0,ᛚᛖᛉᛁᚳᚩᚷᚱᚪᛈᚻᛁᚳ,473
lightheadedness,255902,0,ᛚᛁᚷᚻᚦᛠᛞᛖᛞᚾᛖᛋᛋ,705
unascertained,255231,0,ᚢᚾᚪᛋᚳᛖᚱᛏᚪᛁᚾᛖᛞ,645
diagnostically,254690,0,ᛞᛡᚷᚾᚩᛋᛏᛁᚳᚪᛚᛚᚣ,751
centrifugally,254669,0,ᚳᛖᚾᛏᚱᛁᚠᚢᚷᚪᛚᛚᚣ,578
libertarianism,254507,0,ᛚᛁᛒᛖᚱᛏᚪᚱᛡᚾᛁᛋᛗ,701
arithmetically,254411,0,ᚪᚱᛁᚦᛗᛖᛏᛁᚳᚪᛚᛚᚣ,731
preprogrammed,254160,0,ᛈᚱᛖᛈᚱᚩᚷᚱᚪᛗᛗᛖᛞ,605
taxonomically,254007,0,ᛏᚪᛉᚩᚾᚩᛗᛁᚳᚪᛚᛚᚣ,707
reregistration,252813,0,ᚱᛖᚱᛖᚷᛁᛋᛏᚱᚪᛏᛡᚾ,619
peregrinations,252651,0,ᛈᛖᚱᛖᚷᚱᛁᚾᚪᛏᛡᚾᛋ,621
detrimentally,252146,0,ᛞᛖᛏᚱᛁᛗᛖᚾᛏᚪᛚᛚᚣ,829
oceanographers,251557,0,ᚩᚳᛠᚾᚩᚷᚱᚪᛈᚻᛖᚱᛋ,487
discolouration,251085,0,ᛞᛁᛋᚳᚩᛚᚩᚢᚱᚪᛏᛡᚾ,579
substitutable,249539,0,ᛋᚢᛒᛋᛏᛁᛏᚢᛏᚪᛒᛚᛖ,679
galvanometers,249520,0,ᚷᚪᛚᚢᚪᚾᚩᛗᛖᛏᛖᚱᛋ,651
condescendingly,249399,0,ᚳᚩᚾᛞᛖᛋᚳᛖᚾᛞᛝᛚᚣ,711
impermeability,248885,0,ᛁᛗᛈᛖᚱᛗᛠᛒᛁᛚᛁᛏᚣ,761
homomorphisms,248621,0,ᚻᚩᛗᚩᛗᚩᚱᛈᚻᛁᛋᛗᛋ,471
disaccharides,248258,0,ᛞᛁᛋᚪᚳᚳᚻᚪᚱᛁᛞᛖᛋ,667
overconfident,246650,0,ᚩᚢᛖᚱᚳᚩᚾᚠᛁᛞᛖᚾᛏ,414
unembarrassed,246585,0,ᚢᚾᛖᛗᛒᚪᚱᚱᚪᛋᛋᛖᛞ,709
integumentary,245813,0,ᛁᚾᛏᛖᚷᚢᛗᛖᚾᛏᚪᚱᚣ,643
misinterpreting,245803,0,ᛗᛁᛋᛁᚾᛏᛖᚱᛈᚱᛖᛏᛝ,611
nostalgically,245488,0,ᚾᚩᛋᛏᚪᛚᚷᛁᚳᚪᛚᛚᚣ,725
semipermanent,244954,0,ᛋᛖᛗᛁᛈᛖᚱᛗᚪᚾᛖᚾᛏ,695
ineffectively,241712,0,ᛁᚾᛖᚠᚠᛖᚳᛏᛁᚢᛖᛚᚣ,547
preconditioned,241577,0,ᛈᚱᛖᚳᚩᚾᛞᛁᛏᛡᚾᛖᛞ,641
cabinetmakers,241517,0,ᚳᚪᛒᛁᚾᛖᛏᛗᚪᚳᛖᚱᛋ,669
inconvertible,241097,0,ᛁᚾᚳᚩᚾᚢᛖᚱᛏᛁᛒᛚᛖ,481
intermarriages,240593,0,ᛁᚾᛏᛖᚱᛗᚪᚱᚱᛡᚷᛖᛋ,631
ectoparasites,239571,0,ᛖᚳᛏᚩᛈᚪᚱᚪᛋᛁᛏᛖᛋ,657
confederacies,238522,0,ᚳᚩᚾᚠᛖᛞᛖᚱᚪᚳᛁᛖᛋ,546
defectiveness,238401,0,ᛞᛖᚠᛖᚳᛏᛁᚢᛖᚾᛖᛋᛋ,600
compartmental,238391,0,ᚳᚩᛗᛈᚪᚱᛏᛗᛖᚾᛏᚪᛚ,697
perfunctorily,238323,0,ᛈᛖᚱᚠᚢᚾᚳᛏᚩᚱᛁᛚᚣ,452
incommunicado,238259,0,ᛁᚾᚳᚩᛗᛗᚢᚾᛁᚳᚪᛞᚩ,491
misclassified,237171,0,ᛗᛁᛋᚳᛚᚪᛋᛋᛁᚠᛁᛖᛞ,664
modernizations,237126,0,ᛗᚩᛞᛖᚱᚾᛁᛋᚪᛏᛡᚾᛋ,703
superinfection,236702,0,ᛋᚢᛈᛖᚱᛁᚾᚠᛖᚳᛏᛡᚾ,514
ventriloquist,236368,0,ᚢᛖᚾᛏᚱᛁᛚᚩᚳᚹᛁᛋᛏ,455
receptiveness,235844,0,ᚱᛖᚳᛖᛈᛏᛁᚢᛖᚾᛖᛋᛋ,563
supererogation,235653,0,ᛋᚢᛈᛖᚱᛖᚱᚩᚷᚪᛏᛡᚾ,571
lepidopterous,235613,0,ᛚᛖᛈᛁᛞᚩᛈᛏᛖᚱᚩᚢᛋ,553
expansiveness,235274,0,ᛖᛉᛈᚪᚾᛋᛁᚢᛖᚾᛖᛋᛋ,639
criminologist,234427,0,ᚳᚱᛁᛗᛁᚾᚩᛚᚩᚷᛁᛋᛏ,433
mesencephalon,234038,0,ᛗᛖᛋᛖᚾᚳᛖᛈᚻᚪᛚᚩᚾ,639
emphysematous,232477,0,ᛖᛗᛈᚻᚣᛋᛖᛗᚪᛏᚩᚢᛋ,717
misidentified,232466,0,ᛗᛁᛋᛁᛞᛖᚾᛏᛁᚠᛁᛖᛞ,650
preponderates,231726,0,ᛈᚱᛖᛈᚩᚾᛞᛖᚱᚪᛏᛖᛋ,643
motorcyclists,230899,0,ᛗᚩᛏᚩᚱᚳᚣᚳᛚᛁᛋᛏᛋ,553
recalcitrance,230854,0,ᚱᛖᚳᚪᛚᚳᛁᛏᚱᚪᚾᚳᛖ,581
autocatalytic,229819,0,ᚪᚢᛏᚩᚳᚪᛏᚪᛚᚣᛏᛁᚳ,711
polyarteritis,229652,0,ᛈᚩᛚᚣᚪᚱᛏᛖᚱᛁᛏᛁᛋ,645
nonelectrical,229250,0,ᚾᚩᚾᛖᛚᛖᚳᛏᚱᛁᚳᚪᛚ,569
grandiloquent,228186,0,ᚷᚱᚪᚾᛞᛁᛚᚩᚳᚹᛖᚾᛏ,541
psychometrics,228004,0,ᛈᛋᚣᚳᚻᚩᛗᛖᛏᚱᛁᚳᛋ,547
unprepossessing,227041,0,ᚢᚾᛈᚱᛖᛈᚩᛋᛋᛖᛋᛋᛝ,561
digitalization,226674,0,ᛞᛁᚷᛁᛏᚪᛚᛁᛋᚪᛏᛡᚾ,773
polychromatic,226670,0,ᛈᚩᛚᚣᚳᚻᚱᚩᛗᚪᛏᛁᚳ,551
anticlockwise,226551,0,ᚪᚾᛏᛁᚳᛚᚩᚳᚳᚹᛁᛋᛖ,505
superlatively,226260,0,ᛋᚢᛈᛖᚱᛚᚪᛏᛁᚢᛖᛚᚣ,683
onchocerciasis,226255,0,ᚩᚾᚳᚻᚩᚳᛖᚱᚳᛡᛋᛁᛋ,427
progressivity,226004,0,ᛈᚱᚩᚷᚱᛖᛋᛋᛁᚢᛁᛏᚣ,489
incontinently,225779,0,ᛁᚾᚳᚩᚾᛏᛁᚾᛖᚾᛏᛚᚣ,559
pedagogically,225549,0,ᛈᛖᛞᚪᚷᚩᚷᛁᚳᚪᛚᛚᚣ,727
expressionists,225533,0,ᛖᛉᛈᚱᛖᛋᛋᛡᚾᛁᛋᛏᛋ,673
secularisation,225122,0,ᛋᛖᚳᚢᛚᚪᚱᛁᛋᚪᛏᛡᚾ,693
soteriological,224944,0,ᛋᚩᛏᛖᚱᛡᛚᚩᚷᛁᚳᚪᛚ,615
chemoreceptor,224496,0,ᚳᚻᛖᛗᚩᚱᛖᚳᛖᛈᛏᚩᚱ,459
philanthropies,223465,0,ᛈᚻᛁᛚᚪᚾᚦᚱᚩᛈᛁᛖᛋ,513
draftsmanship,222816,0,ᛞᚱᚪᚠᛏᛋᛗᚪᚾᛋᚻᛁᛈ,658
extensiveness,222653,0,ᛖᛉᛏᛖᚾᛋᛁᚢᛖᚾᛖᛋᛋ,625
indefatigably,222497,0,ᛁᚾᛞᛖᚠᚪᛏᛁᚷᚪᛒᛚᚣ,756
dramatizations,222171,0,ᛞᚱᚪᛗᚪᛏᛁᛋᚪᛏᛡᚾᛋ,853
deceitfulness,222093,0,ᛞᛖᚳᛖᛁᛏᚠᚢᛚᚾᛖᛋᛋ,606
dismantlement,221755,0,ᛞᛁᛋᛗᚪᚾᛏᛚᛖᛗᛖᚾᛏ,795
pusillanimity,220397,0,ᛈᚢᛋᛁᛚᛚᚪᚾᛁᛗᛁᛏᚣ,697
sigmoidoscopy,219905,0,ᛋᛁᚷᛗᚩᛁᛞᚩᛋᚳᚩᛈᚣ,525
unilateralism,219369,0,ᚢᚾᛁᛚᚪᛏᛖᚱᚪᛚᛁᛋᛗ,695
imponderables,219139,0,ᛁᛗᛈᚩᚾᛞᛖᚱᚪᛒᛚᛖᛋ,699
erythropoietic,217846,0,ᛖᚱᚣᚦᚱᚩᛈᚩᛁᛖᛏᛁᚳ,455
schoolfellows,217688,0,ᛋᚳᚻᚩᚩᛚᚠᛖᛚᛚᚩᚹᛋ,470
hypervelocity,217288,0,ᚻᚣᛈᛖᚱᚢᛖᛚᚩᚳᛁᛏᚣ,603
elasmobranchs,216992,0,ᛖᛚᚪᛋᛗᚩᛒᚱᚪᚾᚳᚻᛋ,655
sprightliness,216213,0,ᛋᛈᚱᛁᚷᚻᛏᛚᛁᚾᛖᛋᛋ,543
pneumogastric,216151,0,ᛈᚾᛖᚢᛗᚩᚷᚪᛋᛏᚱᛁᚳ,501
disambiguation,215583,0,ᛞᛁᛋᚪᛗᛒᛁᚷᚢᚪᛏᛡᚾ,745
impersonations,215165,0,ᛁᛗᛈᛖᚱᛋᚩᚾᚪᛏᛡᚾᛋ,657
justificatory,213430,0,ᛂᚢᛋᛏᛁᚠᛁᚳᚪᛏᚩᚱᚣ,506
basidiomycetes,213157,0,ᛒᚪᛋᛁᛞᛡᛗᚣᚳᛖᛏᛖᛋ,871
hydrochlorate,212950,0,ᚻᚣᛞᚱᚩᚳᚻᛚᚩᚱᚪᛏᛖ,583
transgendered,212527,0,ᛏᚱᚪᚾᛋᚷᛖᚾᛞᛖᚱᛖᛞ,685
telencephalon,211164,0,ᛏᛖᛚᛖᚾᚳᛖᛈᚻᚪᛚᚩᚾ,647
retrenchments,210798,0,ᚱᛖᛏᚱᛖᚾᚳᚻᛗᛖᚾᛏᛋ,559
gesticulations,210642,0,ᚷᛖᛋᛏᛁᚳᚢᛚᚪᛏᛡᚾᛋ,661
pertinaciously,209895,0,ᛈᛖᚱᛏᛁᚾᚪᚳᛡᚢᛋᛚᚣ,689
multicoloured,209796,0,ᛗᚢᛚᛏᛁᚳᚩᛚᚩᚢᚱᛖᛞ,507
uninformative,208958,0,ᚢᚾᛁᚾᚠᚩᚱᛗᚪᛏᛁᚢᛖ,440
transaminases,208745,0,ᛏᚱᚪᚾᛋᚪᛗᛁᚾᚪᛋᛖᛋ,747
screenwriters,208602,0,ᛋᚳᚱᛖᛖᚾᚹᚱᛁᛏᛖᚱᛋ,491
lackadaisical,208175,0,ᛚᚪᚳᚳᚪᛞᚪᛁᛋᛁᚳᚪᛚ,777
contraventions,208090,0,ᚳᚩᚾᛏᚱᚪᚢᛖᚾᛏᛡᚾᛋ,563
hypertensives,206786,0,ᚻᚣᛈᛖᚱᛏᛖᚾᛋᛁᚢᛖᛋ,609
supposititious,206707,0,ᛋᚢᛈᛈᚩᛋᛁᛏᛁᛏᛡᚢᛋ,545
excessiveness,206689,0,ᛖᛉᚳᛖᛋᛋᛁᚢᛖᚾᛖᛋᛋ,603
coreligionists,206146,0,ᚳᚩᚱᛖᛚᛁᚷᛡᚾᛁᛋᛏᛋ,551
christmastime,205147,0,ᚳᚻᚱᛁᛋᛏᛗᚪᛋᛏᛁᛗᛖ,639
typologically,204746,0,ᛏᚣᛈᚩᛚᚩᚷᛁᚳᚪᛚᛚᚣ,699
mountainsides,204202,0,ᛗᚩᚢᚾᛏᚪᛁᚾᛋᛁᛞᛖᛋ,619
fluorocarbons,203771,0,ᚠᛚᚢᚩᚱᚩᚳᚪᚱᛒᚩᚾᛋ,374
paramagnetism,203180,0,ᛈᚪᚱᚪᛗᚪᚷᚾᛖᛏᛁᛋᛗ,743
unsurpassable,201891,0,ᚢᚾᛋᚢᚱᛈᚪᛋᛋᚪᛒᛚᛖ,643
hypercritical,201568,0,ᚻᚣᛈᛖᚱᚳᚱᛁᛏᛁᚳᚪᛚ,575
commencements,201315,0,ᚳᚩᛗᛗᛖᚾᚳᛖᛗᛖᚾᛏᛋ,617
monumentality,200966,0,ᛗᚩᚾᚢᛗᛖᚾᛏᚪᛚᛁᛏᚣ,699
flexibilities,200077,0,ᚠᛚᛖᛉᛁᛒᛁᛚᛁᛏᛁᛖᛋ,626
immobilisation,199706,0,ᛁᛗᛗᚩᛒᛁᛚᛁᛋᚪᛏᛡᚾ,721
unarticulated,199579,0,ᚢᚾᚪᚱᛏᛁᚳᚢᛚᚪᛏᛖᛞ,631
procrastinating,199017,0,ᛈᚱᚩᚳᚱᚪᛋᛏᛁᚾᚪᛏᛝ,589
transamination,198650,0,ᛏᚱᚪᚾᛋᚪᛗᛁᚾᚪᛏᛡᚾ,769
demoralisation,198649,0,ᛞᛖᛗᚩᚱᚪᛚᛁᛋᚪᛏᛡᚾ,791
suspiciousness,198525,0,ᛋᚢᛋᛈᛁᚳᛡᚢᛋᚾᛖᛋᛋ,561
unconcernedly,197816,0,ᚢᚾᚳᚩᚾᚳᛖᚱᚾᛖᛞᛚᚣ,533
multiprocessing,197263,0,ᛗᚢᛚᛏᛁᛈᚱᚩᚳᛖᛋᛋᛝ,563
cylindrically,197253,0,ᚳᚣᛚᛁᚾᛞᚱᛁᚳᚪᛚᛚᚣ,739
sensationalist,196502,0,ᛋᛖᚾᛋᚪᛏᛡᚾᚪᛚᛁᛋᛏ,807
psychosurgery,196164,0,ᛈᛋᚣᚳᚻᚩᛋᚢᚱᚷᛖᚱᚣ,507
keratinization,195960,0,ᚳᛖᚱᚪᛏᛁᚾᛁᛋᚪᛏᛡᚾ,683
dichotomously,195918,0,ᛞᛁᚳᚻᚩᛏᚩᛗᚩᚢᛋᛚᚣ,539
extratropical,195442,0,ᛖᛉᛏᚱᚪᛏᚱᚩᛈᛁᚳᚪᛚ,615
intermuscular,194689,0,ᛁᚾᛏᛖᚱᛗᚢᛋᚳᚢᛚᚪᚱ,521
musicologists,194479,0,ᛗᚢᛋᛁᚳᚩᛚᚩᚷᛁᛋᛏᛋ,471
upperclassmen,194376,0,ᚢᛈᛈᛖᚱᚳᛚᚪᛋᛋᛗᛖᚾ,623
pharmaceutics,194129,0,ᛈᚻᚪᚱᛗᚪᚳᛖᚢᛏᛁᚳᛋ,581
adventuresome,193689,0,ᚪᛞᚢᛖᚾᛏᚢᚱᛖᛋᚩᛗᛖ,623
microscopists,193631,0,ᛗᛁᚳᚱᚩᛋᚳᚩᛈᛁᛋᛏᛋ,445
expostulations,193395,0,ᛖᛉᛈᚩᛋᛏᚢᛚᚪᛏᛡᚾᛋ,697
enigmatically,193281,0,ᛖᚾᛁᚷᛗᚪᛏᛁᚳᚪᛚᛚᚣ,761
differentiator,192905,0,ᛞᛁᚠᚠᛖᚱᛖᚾᛏᛡᛏᚩᚱ,541
disconcertingly,191341,0,ᛞᛁᛋᚳᚩᚾᚳᛖᚱᛏᛝᛚᚣ,627
approximative,191296,0,ᚪᛈᛈᚱᚩᛉᛁᛗᚪᛏᛁᚢᛖ,607
trichomoniasis,191055,0,ᛏᚱᛁᚳᚻᚩᛗᚩᚾᛡᛋᛁᛋ,495
biogeographical,190322,0,ᛒᛡᚷᛇᚷᚱᚪᛈᚻᛁᚳᚪᛚ,631
irrecoverably,189241,0,ᛁᚱᚱᛖᚳᚩᚢᛖᚱᚪᛒᛚᚣ,555
antipersonnel,188778,0,ᚪᚾᛏᛁᛈᛖᚱᛋᚩᚾᚾᛖᛚ,595
postgraduates,187976,0,ᛈᚩᛋᛏᚷᚱᚪᛞᚢᚪᛏᛖᛋ,655
indiscernible,187416,0,ᛁᚾᛞᛁᛋᚳᛖᚱᚾᛁᛒᛚᛖ,585
inquisitively,186802,0,ᛁᚾᚳᚹᛁᛋᛁᛏᛁᚢᛖᛚᚣ,543
capriciousness,186444,0,ᚳᚪᛈᚱᛁᚳᛡᚢᛋᚾᛖᛋᛋ,573
untruthfulness,186284,0,ᚢᚾᛏᚱᚢᚦᚠᚢᛚᚾᛖᛋᛋ,390
universalized,186187,0,ᚢᚾᛁᚢᛖᚱᛋᚪᛚᛁᛋᛖᛞ,607
restaurateurs,185632,0,ᚱᛖᛋᛏᚪᚢᚱᚪᛏᛖᚢᚱᛋ,591
pneumonectomy,185427,0,ᛈᚾᛖᚢᛗᚩᚾᛖᚳᛏᚩᛗᚣ,569
presentiments,185227,0,ᛈᚱᛖᛋᛖᚾᛏᛁᛗᛖᚾᛏᛋ,639
cosmopolitans,184985,0,ᚳᚩᛋᛗᚩᛈᚩᛚᛁᛏᚪᚾᛋ,543
radiosensitive,184773,0,ᚱᚪᛞᛡᛋᛖᚾᛋᛁᛏᛁᚢᛖ,697
participators,184738,0,ᛈᚪᚱᛏᛁᚳᛁᛈᚪᛏᚩᚱᛋ,555
fraternization,184674,0,ᚠᚱᚪᛏᛖᚱᚾᛁᛋᚪᛏᛡᚾ,652
frontispieces,184526,0,ᚠᚱᚩᚾᛏᛁᛋᛈᛁᛖᚳᛖᛋ,466
dramaturgical,183760,0,ᛞᚱᚪᛗᚪᛏᚢᚱᚷᛁᚳᚪᛚ,669
heuristically,183591,0,ᚻᛖᚢᚱᛁᛋᛏᛁᚳᚪᛚᛚᚣ,637
believability,183201,0,ᛒᛖᛚᛁᛖᚢᚪᛒᛁᛚᛁᛏᚣ,757
unspectacular,183043,0,ᚢᚾᛋᛈᛖᚳᛏᚪᚳᚢᛚᚪᚱ,561
intrusiveness,182316,0,ᛁᚾᛏᚱᚢᛋᛁᚢᛖᚾᛖᛋᛋ,489
gametogenesis,182086,0,ᚷᚪᛗᛖᛏᚩᚷᛖᚾᛖᛋᛁᛋ,635
presidentship,182004,0,ᛈᚱᛖᛋᛁᛞᛖᚾᛏᛋᚻᛁᛈ,599
functionalists,181853,0,ᚠᚢᚾᚳᛏᛡᚾᚪᛚᛁᛋᛏᛋ,608
microcircuits,181237,0,ᛗᛁᚳᚱᚩᚳᛁᚱᚳᚢᛁᛏᛋ,347
gynaecologists,181066,0,ᚷᚣᚾᚫᚳᚩᛚᚩᚷᛁᛋᛏᛋ,563
conceptualise,180682,0,ᚳᚩᚾᚳᛖᛈᛏᚢᚪᛚᛁᛋᛖ,555
daguerreotypes,180590,0,ᛞᚪᚷᚢᛖᚱᚱᛇᛏᚣᛈᛖᛋ,661
circumspectly,180292,0,ᚳᛁᚱᚳᚢᛗᛋᛈᛖᚳᛏᛚᚣ,553
secretiveness,179668,0,ᛋᛖᚳᚱᛖᛏᛁᚢᛖᚾᛖᛋᛋ,573
palaeogeography,179650,0,ᛈᚪᛚᚫᚩᚷᛇᚷᚱᚪᛈᚻᚣ,673
retransmitted,179541,0,ᚱᛖᛏᚱᚪᚾᛋᛗᛁᛏᛏᛖᛞ,703
combativeness,178879,0,ᚳᚩᛗᛒᚪᛏᛁᚢᛖᚾᛖᛋᛋ,611
shamelessness,178695,0,ᛋᚻᚪᛗᛖᛚᛖᛋᛋᚾᛖᛋᛋ,759
lasciviousness,178687,0,ᛚᚪᛋᚳᛁᚢᛡᚢᛋᚾᛖᛋᛋ,635
unchallengeable,178296,0,ᚢᚾᚳᚻᚪᛚᛚᛖᛝᛠᛒᛚᛖ,767
reconcilement,178126,0,ᚱᛖᚳᚩᚾᚳᛁᛚᛖᛗᛖᚾᛏ,537
kapellmeister,178022,0,ᚳᚪᛈᛖᛚᛚᛗᛖᛁᛋᛏᛖᚱ,725
antiscorbutic,177828,0,ᚪᚾᛏᛁᛋᚳᚩᚱᛒᚢᛏᛁᚳ,467
nonequivalent,177666,0,ᚾᚩᚾᛖᚳᚹᛁᚢᚪᛚᛖᚾᛏ,523
restrictively,177467,0,ᚱᛖᛋᛏᚱᛁᚳᛏᛁᚢᛖᛚᚣ,581
colloquialisms,176547,0,ᚳᚩᛚᛚᚩᚳᚹᛡᛚᛁᛋᛗᛋ,593
progestational,176412,0,ᛈᚱᚩᚷᛖᛋᛏᚪᛏᛡᚾᚪᛚ,719
computability,175964,0,ᚳᚩᛗᛈᚢᛏᚪᛒᛁᛚᛁᛏᚣ,651
falsifications,175601,0,ᚠᚪᛚᛋᛁᚠᛁᚳᚪᛏᛡᚾᛋ,647
inconsequence,174871,0,ᛁᚾᚳᚩᚾᛋᛖᚳᚹᛖᚾᚳᛖ,437
untransformed,174824,0,ᚢᚾᛏᚱᚪᚾᛋᚠᚩᚱᛗᛖᛞ,528
obstructionist,174504,0,ᚩᛒᛋᛏᚱᚢᚳᛏᛡᚾᛁᛋᛏ,545
nonacceptance,174222,0,ᚾᚩᚾᚪᚳᚳᛖᛈᛏᚪᚾᚳᛖ,563
unsupportable,174176,0,ᚢᚾᛋᚢᛈᛈᚩᚱᛏᚪᛒᛚᛖ,549
discolorations,174096,0,ᛞᛁᛋᚳᚩᛚᚩᚱᚪᛏᛡᚾᛋ,629
nonscientific,173990,0,ᚾᚩᚾᛋᚳᛁᛖᚾᛏᛁᚠᛁᚳ,394
circumscribes,173823,0,ᚳᛁᚱᚳᚢᛗᛋᚳᚱᛁᛒᛖᛋ,431
supersensible,173773,0,ᛋᚢᛈᛖᚱᛋᛖᚾᛋᛁᛒᛚᛖ,611
mississippians,172755,0,ᛗᛁᛋᛋᛁᛋᛋᛁᛈᛈᛡᚾᛋ,651
obsequiousness,172733,0,ᚩᛒᛋᛖᚳᚹᛡᚢᛋᚾᛖᛋᛋ,585
latitudinarian,172731,0,ᛚᚪᛏᛁᛏᚢᛞᛁᚾᚪᚱᛡᚾ,715
cryptanalysis,172397,1,ᚳᚱᚣᛈᛏᚪᚾᚪᛚᚣᛋᛁᛋ,765
pteridophytes,172106,0,ᛈᛏᛖᚱᛁᛞᚩᛈᚻᚣᛏᛖᛋ,655
hypochondrium,171675,0,ᚻᚣᛈᚩᚳᚻᚩᚾᛞᚱᛁᚢᛗ,453
palatalization,171387,0,ᛈᚪᛚᚪᛏᚪᛚᛁᛋᚪᛏᛡᚾ,915
decontaminate,170690,0,ᛞᛖᚳᚩᚾᛏᚪᛗᛁᚾᚪᛏᛖ,715
indeterminism,170399,0,ᛁᚾᛞᛖᛏᛖᚱᛗᛁᚾᛁᛋᛗ,639
desirableness,170216,0,ᛞᛖᛋᛁᚱᚪᛒᛚᛖᚾᛖᛋᛋ,751
recolonization,169839,0,ᚱᛖᚳᚩᛚᚩᚾᛁᛋᚪᛏᛡᚾ,583
statelessness,169490,0,ᛋᛏᚪᛏᛖᛚᛖᛋᛋᚾᛖᛋᛋ,783
unappreciative,168510,0,ᚢᚾᚪᛈᛈᚱᛖᚳᛡᛏᛁᚢᛖ,573
exaggeratedly,168385,0,ᛖᛉᚪᚷᚷᛖᚱᚪᛏᛖᛞᛚᚣ,811
offensiveness,168136,0,ᚩᚠᚠᛖᚾᛋᛁᚢᛖᚾᛖᛋᛋ,463
toxicologists,167666,0,ᛏᚩᛉᛁᚳᚩᛚᚩᚷᛁᛋᛏᛋ,457
collectivized,167495,0,ᚳᚩᛚᛚᛖᚳᛏᛁᚢᛁᛋᛖᛞ,579
regularisation,166600,0,ᚱᛖᚷᚢᛚᚪᚱᛁᛋᚪᛏᛡᚾ,655
leiomyosarcoma,166290,0,ᛚᛖᛡᛗᚣᚩᛋᚪᚱᚳᚩᛗᚪ,777
agglutinative,166009,0,ᚪᚷᚷᛚᚢᛏᛁᚾᚪᛏᛁᚢᛖ,583
phytochemical,165810,0,ᛈᚻᚣᛏᚩᚳᚻᛖᛗᛁᚳᚪᛚ,623
intracutaneous,165663,0,ᛁᚾᛏᚱᚪᚳᚢᛏᚪᚾᛇᚢᛋ,525
odontoglossum,165227,0,ᚩᛞᚩᚾᛏᚩᚷᛚᚩᛋᛋᚢᛗ,475
concentricity,164996,0,ᚳᚩᚾᚳᛖᚾᛏᚱᛁᚳᛁᛏᚣ,465
unrecoverable,164938,0,ᚢᚾᚱᛖᚳᚩᚢᛖᚱᚪᛒᛚᛖ,509
revitalisation,164922,0,ᚱᛖᚢᛁᛏᚪᛚᛁᛋᚪᛏᛡᚾ,717
belligerently,164819,0,ᛒᛖᛚᛚᛁᚷᛖᚱᛖᚾᛏᛚᚣ,731
orchestrations,164600,0,ᚩᚱᚳᚻᛖᛋᛏᚱᚪᛏᛡᚾᛋ,589
pancreatectomy,164317,0,ᛈᚪᚾᚳᚱᛠᛏᛖᚳᛏᚩᛗᚣ,681
telepathically,164200,0,ᛏᛖᛚᛖᛈᚪᚦᛁᚳᚪᛚᛚᚣ,801
chastisements,163526,0,ᚳᚻᚪᛋᛏᛁᛋᛖᛗᛖᚾᛏᛋ,675
federalization,163343,0,ᚠᛖᛞᛖᚱᚪᛚᛁᛋᚪᛏᛡᚾ,782
particularist,162659,0,ᛈᚪᚱᛏᛁᚳᚢᛚᚪᚱᛁᛋᛏ,581
baroreceptors,162653,0,ᛒᚪᚱᚩᚱᛖᚳᛖᛈᛏᚩᚱᛋ,507
carpetbaggers,162611,0,ᚳᚪᚱᛈᛖᛏᛒᚪᚷᚷᛖᚱᛋ,613
transmutations,162491,0,ᛏᚱᚪᚾᛋᛗᚢᛏᚪᛏᛡᚾᛋ,727
pentaerythritol,162122,0,ᛈᛖᚾᛏᚫᚱᚣᚦᚱᛁᛏᚩᛚ,599
photogravures,161613,0,ᛈᚻᚩᛏᚩᚷᚱᚪᚢᚢᚱᛖᛋ,401
mistranslation,161554,0,ᛗᛁᛋᛏᚱᚪᚾᛋᛚᚪᛏᛡᚾ,769
accouterments,161181,0,ᚪᚳᚳᚩᚢᛏᛖᚱᛗᛖᚾᛏᛋ,549
pseudoscience,161153,0,ᛈᛋᛖᚢᛞᚩᛋᚳᛁᛖᚾᚳᛖ,535
proficiencies,160938,0,ᛈᚱᚩᚠᛁᚳᛁᛖᚾᚳᛁᛖᛋ,398
osteodystrophy,160306,0,ᚩᛋᛏᛇᛞᚣᛋᛏᚱᚩᛈᚻᚣ,651
unprogressive,159602,0,ᚢᚾᛈᚱᚩᚷᚱᛖᛋᛋᛁᚢᛖ,395
huckleberries,158727,0,ᚻᚢᚳᚳᛚᛖᛒᛖᚱᚱᛁᛖᛋ,493
intertropical,158599,0,ᛁᚾᛏᛖᚱᛏᚱᚩᛈᛁᚳᚪᛚ,531
intermediately,158496,0,ᛁᚾᛏᛖᚱᛗᛖᛞᛡᛏᛖᛚᚣ,833
administrated,158235,0,ᚪᛞᛗᛁᚾᛁᛋᛏᚱᚪᛏᛖᛞ,783
unpasteurized,158185,0,ᚢᚾᛈᚪᛋᛏᛖᚢᚱᛁᛋᛖᛞ,605
pithecanthropus,157648,0,ᛈᛁᚦᛖᚳᚪᚾᚦᚱᚩᛈᚢᛋ,407
holidaymakers,157285,0,ᚻᚩᛚᛁᛞᚪᚣᛗᚪᚳᛖᚱᛋ,735
antiquarianism,157184,0,ᚪᚾᛏᛁᚳᚹᚪᚱᛡᚾᛁᛋᛗ,647
gregariousness,157164,0,ᚷᚱᛖᚷᚪᚱᛡᚢᛋᚾᛖᛋᛋ,585
compartmented,156957,0,ᚳᚩᛗᛈᚪᚱᛏᛗᛖᚾᛏᛖᛞ,683
gentlemanlike,156876,0,ᚷᛖᚾᛏᛚᛖᛗᚪᚾᛚᛁᚳᛖ,693
decaffeinated,156558,0,ᛞᛖᚳᚪᚠᚠᛖᛁᚾᚪᛏᛖᛞ,709
teratogenesis,156555,0,ᛏᛖᚱᚪᛏᚩᚷᛖᚾᛖᛋᛁᛋ,617
perfectionists,156501,0,ᛈᛖᚱᚠᛖᚳᛏᛡᚾᛁᛋᛏᛋ,594
overdeveloped,156463,0,ᚩᚢᛖᚱᛞᛖᚢᛖᛚᚩᛈᛖᛞ,593
lyophilization,156429,0,ᛚᚣᚩᛈᚻᛁᛚᛁᛋᚪᛏᛡᚾ,729
forthrightness,156418,0,ᚠᚩᚱᚦᚱᛁᚷᚻᛏᚾᛖᛋᛋ,368
privatizations,156371,0,ᛈᚱᛁᚢᚪᛏᛁᛋᚪᛏᛡᚾᛋ,673
uncircumcision,155905,0,ᚢᚾᚳᛁᚱᚳᚢᛗᚳᛁᛋᛡᚾ,407
pasteurisation,155727,0,ᛈᚪᛋᛏᛖᚢᚱᛁᛋᚪᛏᛡᚾ,709
achondroplasia,155368,0,ᚪᚳᚻᚩᚾᛞᚱᚩᛈᛚᚪᛋᛡ,649
consubstantial,154835,0,ᚳᚩᚾᛋᚢᛒᛋᛏᚪᚾᛏᛡᛚ,643
shepherdesses,154827,0,ᛋᚻᛖᛈᚻᛖᚱᛞᛖᛋᛋᛖᛋ,669
hymenopterous,154552,0,ᚻᚣᛗᛖᚾᚩᛈᛏᛖᚱᚩᚢᛋ,543
characterless,154524,0,ᚳᚻᚪᚱᚪᚳᛏᛖᚱᛚᛖᛋᛋ,637
noncumulative,153983,0,ᚾᚩᚾᚳᚢᛗᚢᛚᚪᛏᛁᚢᛖ,485
ventriloquism,153923,0,ᚢᛖᚾᛏᚱᛁᛚᚩᚳᚹᛁᛋᛗ,467
tyrannosaurus,153674,0,ᛏᚣᚱᚪᚾᚾᚩᛋᚪᚢᚱᚢᛋ,555
contagiousness,153532,0,ᚳᚩᚾᛏᚪᚷᛡᚢᛋᚾᛖᛋᛋ,587
disorientated,153027,0,ᛞᛁᛋᚩᚱᛁᛖᚾᛏᚪᛏᛖᛞ,689
egocentricity,153026,0,ᛖᚷᚩᚳᛖᚾᛏᚱᛁᚳᛁᛏᚣ,507
commercialised,152936,0,ᚳᚩᛗᛗᛖᚱᚳᛡᛚᛁᛋᛖᛞ,673
crosscurrents,152824,0,ᚳᚱᚩᛋᛋᚳᚢᚱᚱᛖᚾᛏᛋ,383
primitiveness,152798,0,ᛈᚱᛁᛗᛁᛏᛁᚢᛖᚾᛖᛋᛋ,549
nonaggressive,152347,0,ᚾᚩᚾᚪᚷᚷᚱᛖᛋᛋᛁᚢᛖ,481
prognosticate,152142,0,ᛈᚱᚩᚷᚾᚩᛋᛏᛁᚳᚪᛏᛖ,493
transvestites,151971,0,ᛏᚱᚪᚾᛋᚢᛖᛋᛏᛁᛏᛖᛋ,641
redistributes,151436,0,ᚱᛖᛞᛁᛋᛏᚱᛁᛒᚢᛏᛖᛋ,595
phrenologists,151248,0,ᛈᚻᚱᛖᚾᚩᛚᚩᚷᛁᛋᛏᛋ,473
penetrability,151125,0,ᛈᛖᚾᛖᛏᚱᚪᛒᛁᛚᛁᛏᚣ,731
iridocyclitis,150887,0,ᛁᚱᛁᛞᚩᚳᚣᚳᛚᛁᛏᛁᛋ,545
homogenisation,150145,0,ᚻᚩᛗᚩᚷᛖᚾᛁᛋᚪᛏᛡᚾ,597
ophthalmoscopy,150067,0,ᚩᛈᚻᚦᚪᛚᛗᚩᛋᚳᚩᛈᚣ,545
isotropically,149226,0,ᛁᛋᚩᛏᚱᚩᛈᛁᚳᚪᛚᛚᚣ,601
nonconductive,149072,0,ᚾᚩᚾᚳᚩᚾᛞᚢᚳᛏᛁᚢᛖ,379
nibelungenlied,149050,0,ᚾᛁᛒᛖᛚᚢᛝᛖᚾᛚᛁᛖᛞ,699
telegraphists,148904,0,ᛏᛖᛚᛖᚷᚱᚪᛈᚻᛁᛋᛏᛋ,653
governorships,148779,0,ᚷᚩᚢᛖᚱᚾᚩᚱᛋᚻᛁᛈᛋ,355
irrelevancies,148749,0,ᛁᚱᚱᛖᛚᛖᚢᚪᚾᚳᛁᛖᛋ,553
unassimilated,148692,0,ᚢᚾᚪᛋᛋᛁᛗᛁᛚᚪᛏᛖᛞ,753
reflectometer,148352,0,ᚱᛖᚠᛚᛖᚳᛏᚩᛗᛖᛏᛖᚱ,574
unestablished,148194,0,ᚢᚾᛖᛋᛏᚪᛒᛚᛁᛋᚻᛖᛞ,705
reciprocatory,148001,0,ᚱᛖᚳᛁᛈᚱᚩᚳᚪᛏᚩᚱᚣ,473
autobiographic,147990,0,ᚪᚢᛏᚩᛒᛡᚷᚱᚪᛈᚻᛁᚳ,569
bronchoscopic,147822,0,ᛒᚱᚩᚾᚳᚻᚩᛋᚳᚩᛈᛁᚳ,311
quadratically,147816,0,ᚳᚹᚪᛞᚱᚪᛏᛁᚳᚪᛚᛚᚣ,775
sadomasochism,147568,0,ᛋᚪᛞᚩᛗᚪᛋᚩᚳᚻᛁᛋᛗ,665
interlineations,147373,0,ᛁᚾᛏᛖᚱᛚᛁᚾᛠᛏᛡᚾᛋ,687
predestinated,146991,0,ᛈᚱᛖᛞᛖᛋᛏᛁᚾᚪᛏᛖᛞ,761
anticlimactic,146857,0,ᚪᚾᛏᛁᚳᛚᛁᛗᚪᚳᛏᛁᚳ,617
sulfapyridine,145380,0,ᛋᚢᛚᚠᚪᛈᚣᚱᛁᛞᛁᚾᛖ,632
nondisjunction,145296,0,ᚾᚩᚾᛞᛁᛋᛂᚢᚾᚳᛏᛡᚾ,515
outspokenness,145210,0,ᚩᚢᛏᛋᛈᚩᚳᛖᚾᚾᛖᛋᛋ,483
recommendable,144967,0,ᚱᛖᚳᚩᛗᛗᛖᚾᛞᚪᛒᛚᛖ,723
archimandrite,144688,0,ᚪᚱᚳᚻᛁᛗᚪᚾᛞᚱᛁᛏᛖ,629
imperviousness,143792,0,ᛁᛗᛈᛖᚱᚢᛡᚢᛋᚾᛖᛋᛋ,591
unconsecrated,143164,0,ᚢᚾᚳᚩᚾᛋᛖᚳᚱᚪᛏᛖᛞ,537
presidentially,143073,0,ᛈᚱᛖᛋᛁᛞᛖᚾᛏᛡᛚᛚᚣ,805
kindergartner,142838,0,ᚳᛁᚾᛞᛖᚱᚷᚪᚱᛏᚾᛖᚱ,531
insusceptible,142400,0,ᛁᚾᛋᚢᛋᚳᛖᛈᛏᛁᛒᛚᛖ,583
sportswriters,141594,0,ᛋᛈᚩᚱᛏᛋᚹᚱᛁᛏᛖᚱᛋ,477
seismologists,141585,0,ᛋᛖᛁᛋᛗᚩᛚᚩᚷᛁᛋᛏᛋ,575
immunologists,140879,0,ᛁᛗᛗᚢᚾᚩᛚᚩᚷᛁᛋᛏᛋ,505
nomenclatures,140763,0,ᚾᚩᛗᛖᚾᚳᛚᚪᛏᚢᚱᛖᛋ,579
millenarianism,140595,0,ᛗᛁᛚᛚᛖᚾᚪᚱᛡᚾᛁᛋᛗ,743
nonreciprocal,140288,0,ᚾᚩᚾᚱᛖᚳᛁᛈᚱᚩᚳᚪᛚ,431
grotesqueness,140201,0,ᚷᚱᚩᛏᛖᛋᚳᚹᛖᚾᛖᛋᛋ,515
megakaryocyte,139958,0,ᛗᛖᚷᚪᚳᚪᚱᚣᚩᚳᚣᛏᛖ,725
reconnoitered,139432,0,ᚱᛖᚳᚩᚾᚾᚩᛁᛏᛖᚱᛖᛞ,487
mispronounced,139349,0,ᛗᛁᛋᛈᚱᚩᚾᚩᚢᚾᚳᛖᛞ,453
streptococcic,139142,0,ᛋᛏᚱᛖᛈᛏᚩᚳᚩᚳᚳᛁᚳ,389
inspectorates,138373,0,ᛁᚾᛋᛈᛖᚳᛏᚩᚱᚪᛏᛖᛋ,589
superhighways,138317,0,ᛋᚢᛈᛖᚱᚻᛁᚷᚻᚹᚪᚣᛋ,543
unwarrantably,137360,0,ᚢᚾᚹᚪᚱᚱᚪᚾᛏᚪᛒᛚᚣ,689
horizontality,137331,0,ᚻᚩᚱᛁᛋᚩᚾᛏᚪᛚᛁᛏᚣ,583
demonetization,136581,0,ᛞᛖᛗᚩᚾᛖᛏᛁᛋᚪᛏᛡᚾ,765
oversimplifying,136547,0,ᚩᚢᛖᚱᛋᛁᛗᛈᛚᛁᚠᚣᛝ,574
improvisatory,136124,0,ᛁᛗᛈᚱᚩᚢᛁᛋᚪᛏᚩᚱᚣ,527
hypochlorites,136094,0,ᚻᚣᛈᚩᚳᚻᛚᚩᚱᛁᛏᛖᛋ,513
senselessness,136029,0,ᛋᛖᚾᛋᛖᛚᛖᛋᛋᚾᛖᛋᛋ,717
autobiographer,135702,0,ᚪᚢᛏᚩᛒᛡᚷᚱᚪᛈᚻᛖᚱ,603
disarrangement,134870,0,ᛞᛁᛋᚪᚱᚱᚪᛝᛖᛗᛖᚾᛏ,761
foolhardiness,134868,0,ᚠᚩᚩᛚᚻᚪᚱᛞᛁᚾᛖᛋᛋ,542
disconnections,134537,0,ᛞᛁᛋᚳᚩᚾᚾᛖᚳᛏᛡᚾᛋ,579
sequestrations,134146,0,ᛋᛖᚳᚹᛖᛋᛏᚱᚪᛏᛡᚾᛋ,687
patternmakers,134107,0,ᛈᚪᛏᛏᛖᚱᚾᛗᚪᚳᛖᚱᛋ,677
orthographical,133998,0,ᚩᚱᚦᚩᚷᚱᚪᛈᚻᛁᚳᚪᛚ,435
uncomplainingly,133876,0,ᚢᚾᚳᚩᛗᛈᛚᚪᛁᚾᛝᛚᚣ,651
battlegrounds,133825,0,ᛒᚪᛏᛏᛚᛖᚷᚱᚩᚢᚾᛞᛋ,625
nonresistance,133672,0,ᚾᚩᚾᚱᛖᛋᛁᛋᛏᚪᚾᚳᛖ,545
imperturbably,133246,0,ᛁᛗᛈᛖᚱᛏᚢᚱᛒᚪᛒᛚᚣ,691
adjustability,133143,0,ᚪᛞᛂᚢᛋᛏᚪᛒᛁᛚᛁᛏᚣ,793
factorizations,133099,1,ᚠᚪᚳᛏᚩᚱᛁᛋᚪᛏᛡᚾᛋ,618
myelofibrosis,133019,0,ᛗᚣᛖᛚᚩᚠᛁᛒᚱᚩᛋᛁᛋ,570
intradermally,132839,0,ᛁᚾᛏᚱᚪᛞᛖᚱᛗᚪᛚᛚᚣ,811
nondemocratic,132532,0,ᚾᚩᚾᛞᛖᛗᚩᚳᚱᚪᛏᛁᚳ,523
perishability,132196,0,ᛈᛖᚱᛁᛋᚻᚪᛒᛁᛚᛁᛏᚣ,683
significative,131968,0,ᛋᛁᚷᚾᛁᚠᛁᚳᚪᛏᛁᚢᛖ,464
impersonators,131702,0,ᛁᛗᛈᛖᚱᛋᚩᚾᚪᛏᚩᚱᛋ,539
atmospherical,131621,0,ᚪᛏᛗᚩᛋᛈᚻᛖᚱᛁᚳᚪᛚ,645
plethysmograph,131190,0,ᛈᛚᛖᚦᚣᛋᛗᚩᚷᚱᚪᛈᚻ,613
platitudinous,130338,0,ᛈᛚᚪᛏᛁᛏᚢᛞᛁᚾᚩᚢᛋ,577
decontaminating,130009,0,ᛞᛖᚳᚩᚾᛏᚪᛗᛁᚾᚪᛏᛝ,727
electrotherapy,129884,0,ᛖᛚᛖᚳᛏᚱᚩᚦᛖᚱᚪᛈᚣ,623
planetesimals,129410,0,ᛈᛚᚪᚾᛖᛏᛖᛋᛁᛗᚪᛚᛋ,813
extravaganzas,128880,0,ᛖᛉᛏᚱᚪᚢᚪᚷᚪᚾᛋᚪᛋ,727
popularisation,128754,0,ᛈᚩᛈᚢᛚᚪᚱᛁᛋᚪᛏᛡᚾ,653
naphthoquinone,128656,0,ᚾᚪᛈᚻᚦᚩᚳᚹᛁᚾᚩᚾᛖ,399
climatologist,128535,0,ᚳᛚᛁᛗᚪᛏᚩᛚᚩᚷᛁᛋᛏ,591
conceptualism,127884,0,ᚳᚩᚾᚳᛖᛈᛏᚢᚪᛚᛁᛋᛗ,559
infectiousness,127769,0,ᛁᚾᚠᛖᚳᛏᛡᚢᛋᚾᛖᛋᛋ,566
tentativeness,127701,0,ᛏᛖᚾᛏᚪᛏᛁᚢᛖᚾᛖᛋᛋ,673
elaborateness,127517,0,ᛖᛚᚪᛒᚩᚱᚪᛏᛖᚾᛖᛋᛋ,741
educationalist,127492,0,ᛖᛞᚢᚳᚪᛏᛡᚾᚪᛚᛁᛋᛏ,777
determinately,127143,0,ᛞᛖᛏᛖᚱᛗᛁᚾᚪᛏᛖᛚᚣ,823
chairmanships,126854,0,ᚳᚻᚪᛁᚱᛗᚪᚾᛋᚻᛁᛈᛋ,575
lepidodendron,126571,0,ᛚᛖᛈᛁᛞᚩᛞᛖᚾᛞᚱᚩᚾ,631
misinterprets,126422,0,ᛗᛁᛋᛁᚾᛏᛖᚱᛈᚱᛖᛏᛋ,585
unexperienced,126397,0,ᚢᚾᛖᛉᛈᛖᚱᛁᛖᚾᚳᛖᛞ,563
czechoslovaks,125832,0,ᚳᛋᛖᚳᚻᚩᛋᛚᚩᚢᚪᚳᛋ,475
extralinguistic,125478,0,ᛖᛉᛏᚱᚪᛚᛝᚢᛁᛋᛏᛁᚳ,623
intensiveness,125408,0,ᛁᚾᛏᛖᚾᛋᛁᚢᛖᚾᛖᛋᛋ,571
epiphenomenon,125341,0,ᛖᛈᛁᛈᚻᛖᚾᚩᛗᛖᚾᚩᚾ,513
rectifications,125194,0,ᚱᛖᚳᛏᛁᚠᛁᚳᚪᛏᛡᚾᛋ,572
transformable,124689,0,ᛏᚱᚪᚾᛋᚠᚩᚱᛗᚪᛒᛚᛖ,638
extrinsically,124577,0,ᛖᛉᛏᚱᛁᚾᛋᛁᚳᚪᛚᛚᚣ,687
blepharospasm,124201,0,ᛒᛚᛖᛈᚻᚪᚱᚩᛋᛈᚪᛋᛗ,699
militarisation,123869,0,ᛗᛁᛚᛁᛏᚪᚱᛁᛋᚪᛏᛡᚾ,749
desalinization,123688,0,ᛞᛖᛋᚪᛚᛁᚾᛁᛋᚪᛏᛡᚾ,815
bioluminescent,123546,0,ᛒᛡᛚᚢᛗᛁᚾᛖᛋᚳᛖᚾᛏ,663
outmaneuvered,123130,0,ᚩᚢᛏᛗᚪᚾᛖᚢᚢᛖᚱᛖᛞ,573
nonattendance,122876,0,ᚾᚩᚾᚪᛏᛏᛖᚾᛞᚪᚾᚳᛖ,671
hypertonicity,122499,0,ᚻᚣᛈᛖᚱᛏᚩᚾᛁᚳᛁᛏᚣ,579
bouillabaisse,122364,0,ᛒᚩᚢᛁᛚᛚᚪᛒᚪᛁᛋᛋᛖ,707
overprotection,122138,0,ᚩᚢᛖᚱᛈᚱᚩᛏᛖᚳᛏᛡᚾ,483
sterilizations,122089,0,ᛋᛏᛖᚱᛁᛚᛁᛋᚪᛏᛡᚾᛋ,723
particularizing,121919,0,ᛈᚪᚱᛏᛁᚳᚢᛚᚪᚱᛁᛋᛝ,601
depigmentation,121738,0,ᛞᛖᛈᛁᚷᛗᛖᚾᛏᚪᛏᛡᚾ,765
mercurochrome,121093,0,ᛗᛖᚱᚳᚢᚱᚩᚳᚻᚱᚩᛗᛖ,375
conjecturally,120611,0,ᚳᚩᚾᛂᛖᚳᛏᚢᚱᚪᛚᛚᚣ,585
depolarisation,120148,0,ᛞᛖᛈᚩᛚᚪᚱᛁᛋᚪᛏᛡᚾ,763
counterfeiter,119894,0,ᚳᚩᚢᚾᛏᛖᚱᚠᛖᛁᛏᛖᚱ,426
constructible,118693,0,ᚳᚩᚾᛋᛏᚱᚢᚳᛏᛁᛒᛚᛖ,479
calamagrostis,118617,0,ᚳᚪᛚᚪᛗᚪᚷᚱᚩᛋᛏᛁᛋ,679
superpositions,118588,0,ᛋᚢᛈᛖᚱᛈᚩᛋᛁᛏᛡᚾᛋ,559
excommunicating,118331,0,ᛖᛉᚳᚩᛗᛗᚢᚾᛁᚳᚪᛏᛝ,587
revivification,118007,0,ᚱᛖᚢᛁᚢᛁᚠᛁᚳᚪᛏᛡᚾ,484
disseminations,117990,0,ᛞᛁᛋᛋᛖᛗᛁᚾᚪᛏᛡᚾᛋ,769
impertinently,117295,0,ᛁᛗᛈᛖᚱᛏᛁᚾᛖᚾᛏᛚᚣ,673
successorship,117259,0,ᛋᚢᚳᚳᛖᛋᛋᚩᚱᛋᚻᛁᛈ,423
oversensitive,117231,0,ᚩᚢᛖᚱᛋᛖᚾᛋᛁᛏᛁᚢᛖ,481
mysteriousness,117183,0,ᛗᚣᛋᛏᛖᚱᛡᚢᛋᚾᛖᛋᛋ,729
uninterpreted,117055,0,ᚢᚾᛁᚾᛏᛖᚱᛈᚱᛖᛏᛖᛞ,565
instructively,117052,0,ᛁᚾᛋᛏᚱᚢᚳᛏᛁᚢᛖᛚᚣ,535
counterpoints,116931,0,ᚳᚩᚢᚾᛏᛖᚱᛈᚩᛁᚾᛏᛋ,411
sophisticates,116806,0,ᛋᚩᛈᚻᛁᛋᛏᛁᚳᚪᛏᛖᛋ,589
prophylactics,116458,0,ᛈᚱᚩᛈᚻᚣᛚᚪᚳᛏᛁᚳᛋ,569
fasciculations,115634,0,ᚠᚪᛋᚳᛁᚳᚢᛚᚪᛏᛡᚾᛋ,630
metastability,114977,0,ᛗᛖᛏᚪᛋᛏᚪᛒᛁᛚᛁᛏᚣ,861
concertmaster,114704,0,ᚳᚩᚾᚳᛖᚱᛏᛗᚪᛋᛏᛖᚱ,557
schematization,114515,0,ᛋᚳᚻᛖᛗᚪᛏᛁᛋᚪᛏᛡᚾ,759
autoradiograph,114424,0,ᚪᚢᛏᚩᚱᚪᛞᛡᚷᚱᚪᛈᚻ,661
seductiveness,114265,0,ᛋᛖᛞᚢᚳᛏᛁᚢᛖᚾᛖᛋᛋ,587
memorialization,113862,0,ᛗᛖᛗᚩᚱᛡᛚᛁᛋᚪᛏᛡᚾ,783
exchangeability,113469,0,ᛖᛉᚳᚻᚪᛝᛠᛒᛁᛚᛁᛏᚣ,793
seismographic,113275,0,ᛋᛖᛁᛋᛗᚩᚷᚱᚪᛈᚻᛁᚳ,517
counterpoised,113110,0,ᚳᚩᚢᚾᛏᛖᚱᛈᚩᛁᛋᛖᛞ,479
businesswomen,113007,0,ᛒᚢᛋᛁᚾᛖᛋᛋᚹᚩᛗᛖᚾ,543
disseminators,112915,0,ᛞᛁᛋᛋᛖᛗᛁᚾᚪᛏᚩᚱᛋ,651
perambulations,112703,0,ᛈᛖᚱᚪᛗᛒᚢᛚᚪᛏᛡᚾᛋ,771
radiotelephony,112548,0,ᚱᚪᛞᛡᛏᛖᛚᛖᛈᚻᚩᚾᚣ,775
interoceptive,112458,0,ᛁᚾᛏᛖᚱᚩᚳᛖᛈᛏᛁᚢᛖ,487
unconscionably,112302,0,ᚢᚾᚳᚩᚾᛋᚳᛡᚾᚪᛒᛚᚣ,617
interpositions,111507,0,ᛁᚾᛏᛖᚱᛈᚩᛋᛁᛏᛡᚾᛋ,579
preponderated,111292,0,ᛈᚱᛖᛈᚩᚾᛞᛖᚱᚪᛏᛖᛞ,679
reincarnations,111099,0,ᚱᛖᛁᚾᚳᚪᚱᚾᚪᛏᛡᚾᛋ,633
dissoluteness,110985,0,ᛞᛁᛋᛋᚩᛚᚢᛏᛖᚾᛖᛋᛋ,637
disinfestation,110768,0,ᛞᛁᛋᛁᚾᚠᛖᛋᛏᚪᛏᛡᚾ,706
rhodochrosite,110506,0,ᚱᚻᚩᛞᚩᚳᚻᚱᚩᛋᛁᛏᛖ,401
stoloniferous,110422,0,ᛋᛏᚩᛚᚩᚾᛁᚠᛖᚱᚩᚢᛋ,402
transversally,110217,0,ᛏᚱᚪᚾᛋᚢᛖᚱᛋᚪᛚᛚᚣ,729
unnaturalness,109721,0,ᚢᚾᚾᚪᛏᚢᚱᚪᛚᚾᛖᛋᛋ,603
incapacitates,109533,0,ᛁᚾᚳᚪᛈᚪᚳᛁᛏᚪᛏᛖᛋ,689
automobilists,108721,0,ᚪᚢᛏᚩᛗᚩᛒᛁᛚᛁᛋᛏᛋ,605
calligraphers,108160,0,ᚳᚪᛚᛚᛁᚷᚱᚪᛈᚻᛖᚱᛋ,609
ammonification,107970,0,ᚪᛗᛗᚩᚾᛁᚠᛁᚳᚪᛏᛡᚾ,644
acculturative,107253,0,ᚪᚳᚳᚢᛚᛏᚢᚱᚪᛏᛁᚢᛖ,529
abortifacient,107069,0,ᚪᛒᚩᚱᛏᛁᚠᚪᚳᛁᛖᚾᛏ,564
particularise,106402,0,ᛈᚪᚱᛏᛁᚳᚢᛚᚪᚱᛁᛋᛖ,589
adenoidectomy,106259,0,ᚪᛞᛖᚾᚩᛁᛞᛖᚳᛏᚩᛗᚣ,729
undereducated,106146,0,ᚢᚾᛞᛖᚱᛖᛞᚢᚳᚪᛏᛖᛞ,683
superchargers,105800,0,ᛋᚢᛈᛖᚱᚳᚻᚪᚱᚷᛖᚱᛋ,469
jurisconsults,105609,0,ᛂᚢᚱᛁᛋᚳᚩᚾᛋᚢᛚᛏᛋ,425
perambulators,105566,0,ᛈᛖᚱᚪᛗᛒᚢᛚᚪᛏᚩᚱᛋ,653
sociobiological,105504,0,ᛋᚩᚳᛡᛒᛡᛚᚩᚷᛁᚳᚪᛚ,659
catheterisation,105484,0,ᚳᚪᚦᛖᛏᛖᚱᛁᛋᚪᛏᛡᚾ,695
oscillographs,105432,0,ᚩᛋᚳᛁᛚᛚᚩᚷᚱᚪᛈᚻᛋ,501
quincentenary,105395,0,ᚳᚹᛁᚾᚳᛖᚾᛏᛖᚾᚪᚱᚣ,567
disproportions,105123,0,ᛞᛁᛋᛈᚱᚩᛈᚩᚱᛏᛡᚾᛋ,543
steganography,104857,0,ᛋᛏᛖᚷᚪᚾᚩᚷᚱᚪᛈᚻᚣ,623
preceptorship,104352,0,ᛈᚱᛖᚳᛖᛈᛏᚩᚱᛋᚻᛁᛈ,471
hydrocephalic,103982,0,ᚻᚣᛞᚱᚩᚳᛖᛈᚻᚪᛚᛁᚳ,593
hypersplenism,103772,0,ᚻᚣᛈᛖᚱᛋᛈᛚᛖᚾᛁᛋᛗ,667
sumptuousness,103562,0,ᛋᚢᛗᛈᛏᚢᚩᚢᛋᚾᛖᛋᛋ,497
kinematograph,103550,0,ᚳᛁᚾᛖᛗᚪᛏᚩᚷᚱᚪᛈᚻ,565
mastoidectomy,103424,0,ᛗᚪᛋᛏᚩᛁᛞᛖᚳᛏᚩᛗᚣ,727
talkativeness,103373,0,ᛏᚪᛚᚳᚪᛏᛁᚢᛖᚾᛖᛋᛋ,701
justifiability,103301,0,ᛂᚢᛋᛏᛁᚠᛡᛒᛁᛚᛁᛏᚣ,650
projectionists,103286,0,ᛈᚱᚩᛂᛖᚳᛏᛡᚾᛁᛋᛏᛋ,569
expensiveness,103247,0,ᛖᛉᛈᛖᚾᛋᛁᚢᛖᚾᛖᛋᛋ,609
frightfulness,103122,0,ᚠᚱᛁᚷᚻᛏᚠᚢᛚᚾᛖᛋᛋ,423
cheeseburgers,103098,0,ᚳᚻᛖᛖᛋᛖᛒᚢᚱᚷᛖᚱᛋ,513
embezzlements,103001,0,ᛖᛗᛒᛖᛋᛋᛚᛖᛗᛖᚾᛏᛋ,791
metonymically,102923,0,ᛗᛖᛏᚩᚾᚣᛗᛁᚳᚪᛚᛚᚣ,797
sulfamethazine,102534,0,ᛋᚢᛚᚠᚪᛗᛖᚦᚪᛋᛁᚾᛖ,648
uncompromised,102376,0,ᚢᚾᚳᚩᛗᛈᚱᚩᛗᛁᛋᛖᛞ,495
septuagenarian,102116,0,ᛋᛖᛈᛏᚢᚪᚷᛖᚾᚪᚱᛡᚾ,679
intercommunion,102078,0,ᛁᚾᛏᛖᚱᚳᚩᛗᛗᚢᚾᛡᚾ,527
sportsmanlike,101605,0,ᛋᛈᚩᚱᛏᛋᛗᚪᚾᛚᛁᚳᛖ,607
antiparticles,101255,0,ᚪᚾᛏᛁᛈᚪᚱᛏᛁᚳᛚᛖᛋ,663
nonperishable,100546,0,ᚾᚩᚾᛈᛖᚱᛁᛋᚻᚪᛒᛚᛖ,591
yoknapatawpha,100269,0,ᚣᚩᚳᚾᚪᛈᚪᛏᚪᚹᛈᚻᚪ,727
autosuggestion,99930,0,ᚪᚢᛏᚩᛋᚢᚷᚷᛖᛋᛏᛡᚾ,571
tremulousness,99801,0,ᛏᚱᛖᛗᚢᛚᚩᚢᛋᚾᛖᛋᛋ,549
circumambient,99752,0,ᚳᛁᚱᚳᚢᛗᚪᛗᛒᛁᛖᚾᛏ,557
exteroceptive,99082,0,ᛖᛉᛏᛖᚱᚩᚳᛖᛈᛏᛁᚢᛖ,541
agglomerative,98665,0,ᚪᚷᚷᛚᚩᛗᛖᚱᚪᛏᛁᚢᛖ,617
obstructionism,98607,0,ᚩᛒᛋᛏᚱᚢᚳᛏᛡᚾᛁᛋᛗ,557
ornamentations,98580,0,ᚩᚱᚾᚪᛗᛖᚾᛏᚪᛏᛡᚾᛋ,715
exterminators,98502,0,ᛖᛉᛏᛖᚱᛗᛁᚾᚪᛏᚩᚱᛋ,609
scriptwriters,98218,0,ᛋᚳᚱᛁᛈᛏᚹᚱᛁᛏᛖᚱᛋ,461
floricultural,98122,0,ᚠᛚᚩᚱᛁᚳᚢᛚᛏᚢᚱᚪᛚ,456
reestablishes,98044,0,ᚱᛖᛖᛋᛏᚪᛒᛚᛁᛋᚻᛖᛋ,715
nonobservance,97941,0,ᚾᚩᚾᚩᛒᛋᛖᚱᚢᚪᚾᚳᛖ,473
nonoccurrence,97889,0,ᚾᚩᚾᚩᚳᚳᚢᚱᚱᛖᚾᚳᛖ,299
genealogically,97834,0,ᚷᛖᚾᛠᛚᚩᚷᛁᚳᚪᛚᛚᚣ,709
assemblywoman,97795,0,ᚪᛋᛋᛖᛗᛒᛚᚣᚹᚩᛗᚪᚾ,801
reafforestation,97794,0,ᚱᛠᚠᚠᚩᚱᛖᛋᛏᚪᛏᛡᚾ,613
hypertrophies,97575,0,ᚻᚣᛈᛖᚱᛏᚱᚩᛈᚻᛁᛖᛋ,541
contrarieties,97520,0,ᚳᚩᚾᛏᚱᚪᚱᛁᛖᛏᛁᛖᛋ,535
newsworthiness,97220,0,ᚾᛖᚹᛋᚹᚩᚱᚦᛁᚾᛖᛋᛋ,443
explosiveness,97215,0,ᛖᛉᛈᛚᚩᛋᛁᚢᛖᚾᛖᛋᛋ,593
swordsmanship,97198,0,ᛋᚹᚩᚱᛞᛋᛗᚪᚾᛋᚻᛁᛈ,579
spectroscopes,96631,0,ᛋᛈᛖᚳᛏᚱᚩᛋᚳᚩᛈᛖᛋ,489
inconveniency,96631,0,ᛁᚾᚳᚩᚾᚢᛖᚾᛁᛖᚾᚳᚣ,451
electricities,96351,0,ᛖᛚᛖᚳᛏᚱᛁᚳᛁᛏᛁᛖᛋ,575
misappropriate,96157,0,ᛗᛁᛋᚪᛈᛈᚱᚩᛈᚱᛡᛏᛖ,643
multivitamins,96123,0,ᛗᚢᛚᛏᛁᚢᛁᛏᚪᛗᛁᚾᛋ,611
niggardliness,96102,0,ᚾᛁᚷᚷᚪᚱᛞᛚᛁᚾᛖᛋᛋ,597
materialisation,96069,0,ᛗᚪᛏᛖᚱᛡᛚᛁᛋᚪᛏᛡᚾ,861
consolidators,95896,0,ᚳᚩᚾᛋᚩᛚᛁᛞᚪᛏᚩᚱᛋ,529
commissionaire,95873,0,ᚳᚩᛗᛗᛁᛋᛋᛡᚾᚪᛁᚱᛖ,641
superfamilies,95778,0,ᛋᚢᛈᛖᚱᚠᚪᛗᛁᛚᛁᛖᛋ,602
irreclaimable,95675,0,ᛁᚱᚱᛖᚳᛚᚪᛁᛗᚪᛒᛚᛖ,703
sacramentally,95643,0,ᛋᚪᚳᚱᚪᛗᛖᚾᛏᚪᛚᛚᚣ,843
hemosiderosis,95301,0,ᚻᛖᛗᚩᛋᛁᛞᛖᚱᚩᛋᛁᛋ,563
psychoanalyse,95232,0,ᛈᛋᚣᚳᚻᚩᚪᚾᚪᛚᚣᛋᛖ,761
noneducational,95005,0,ᚾᚩᚾᛖᛞᚢᚳᚪᛏᛡᚾᚪᛚ,699
chromatically,94810,0,ᚳᚻᚱᚩᛗᚪᛏᛁᚳᚪᛚᛚᚣ,671
macrocephalus,94649,0,ᛗᚪᚳᚱᚩᚳᛖᛈᚻᚪᛚᚢᛋ,571
unskilfulness,94618,0,ᚢᚾᛋᚳᛁᛚᚠᚢᛚᚾᛖᛋᛋ,482
superciliously,94439,0,ᛋᚢᛈᛖᚱᚳᛁᛚᛡᚢᛋᛚᚣ,633
cosmetologist,94171,0,ᚳᚩᛋᛗᛖᛏᚩᛚᚩᚷᛁᛋᛏ,517
caricaturists,93422,0,ᚳᚪᚱᛁᚳᚪᛏᚢᚱᛁᛋᛏᛋ,531
trinitarianism,93025,0,ᛏᚱᛁᚾᛁᛏᚪᚱᛡᚾᛁᛋᛗ,619
nonreturnable,92962,0,ᚾᚩᚾᚱᛖᛏᚢᚱᚾᚪᛒᛚᛖ,543
hypermetropic,92820,0,ᚻᚣᛈᛖᚱᛗᛖᛏᚱᚩᛈᛁᚳ,549
toxicodendron,92470,0,ᛏᚩᛉᛁᚳᚩᛞᛖᚾᛞᚱᚩᚾ,485
encephalocele,92425,0,ᛖᚾᚳᛖᛈᚻᚪᛚᚩᚳᛖᛚᛖ,639
schadenfreude,91976,0,ᛋᚳᚻᚪᛞᛖᚾᚠᚱᛖᚢᛞᛖ,610
collectivists,91321,0,ᚳᚩᛚᛚᛖᚳᛏᛁᚢᛁᛋᛏᛋ,535
pointlessness,91303,0,ᛈᚩᛁᚾᛏᛚᛖᛋᛋᚾᛖᛋᛋ,617
coscinodiscus,91139,0,ᚳᚩᛋᚳᛁᚾᚩᛞᛁᛋᚳᚢᛋ,395
phytohormones,90899,0,ᛈᚻᚣᛏᚩᚻᚩᚱᛗᚩᚾᛖᛋ,503
unsusceptible,90629,0,ᚢᚾᛋᚢᛋᚳᛖᛈᛏᛁᛒᛚᛖ,555
chancelleries,90237,0,ᚳᚻᚪᚾᚳᛖᛚᛚᛖᚱᛁᛖᛋ,617
antibacterials,89812,0,ᚪᚾᛏᛁᛒᚪᚳᛏᛖᚱᛡᛚᛋ,757
documentations,89782,0,ᛞᚩᚳᚢᛗᛖᚾᛏᚪᛏᛡᚾᛋ,683
electrometers,89204,0,ᛖᛚᛖᚳᛏᚱᚩᛗᛖᛏᛖᚱᛋ,625
spermatozoids,89179,0,ᛋᛈᛖᚱᛗᚪᛏᚩᛋᚩᛁᛞᛋ,641
conveniencies,89103,0,ᚳᚩᚾᚢᛖᚾᛁᛖᚾᚳᛁᛖᛋ,439
straighteners,89045,0,ᛋᛏᚱᚪᛁᚷᚻᛏᛖᚾᛖᚱᛋ,577
retrogradation,88853,0,ᚱᛖᛏᚱᚩᚷᚱᚪᛞᚪᛏᛡᚾ,661
stigmatisation,88847,0,ᛋᛏᛁᚷᛗᚪᛏᛁᛋᚪᛏᛡᚾ,763
impertinences,88484,0,ᛁᛗᛈᛖᚱᛏᛁᚾᛖᚾᚳᛖᛋ,571
reexaminations,88434,0,ᚱᛖᛖᛉᚪᛗᛁᚾᚪᛏᛡᚾᛋ,765
percussionists,88209,0,ᛈᛖᚱᚳᚢᛋᛋᛡᚾᛁᛋᛏᛋ,575
blasphemously,88028,0,ᛒᛚᚪᛋᛈᚻᛖᛗᚩᚢᛋᛚᚣ,727
christmastide,87852,0,ᚳᚻᚱᛁᛋᛏᛗᚪᛋᛏᛁᛞᛖ,657
embryologists,87799,0,ᛖᛗᛒᚱᚣᚩᛚᚩᚷᛁᛋᛏᛋ,613
recrystallize,87347,0,ᚱᛖᚳᚱᚣᛋᛏᚪᛚᛚᛁᛋᛖ,711
mystifications,87290,0,ᛗᚣᛋᛏᛁᚠᛁᚳᚪᛏᛡᚾᛋ,708
mistranslated,87263,0,ᛗᛁᛋᛏᚱᚪᚾᛋᛚᚪᛏᛖᛞ,789
provincialisms,87106,0,ᛈᚱᚩᚢᛁᚾᚳᛡᛚᛁᛋᛗᛋ,525
discriminable,87053,0,ᛞᛁᛋᚳᚱᛁᛗᛁᚾᚪᛒᛚᛖ,657
noncontinuous,86929,0,ᚾᚩᚾᚳᚩᚾᛏᛁᚾᚢᚩᚢᛋ,299
shiftlessness,86643,0,ᛋᚻᛁᚠᛏᛚᛖᛋᛋᚾᛖᛋᛋ,616
pornographers,86639,0,ᛈᚩᚱᚾᚩᚷᚱᚪᛈᚻᛖᚱᛋ,419
ichthyologists,86272,0,ᛁᚳᚻᚦᚣᚩᛚᚩᚷᛁᛋᛏᛋ,475
groundskeeper,86057,0,ᚷᚱᚩᚢᚾᛞᛋᚳᛖᛖᛈᛖᚱ,477
physiognomical,86009,0,ᛈᚻᚣᛋᛡᚷᚾᚩᛗᛁᚳᚪᛚ,667
inconveniencing,85656,0,ᛁᚾᚳᚩᚾᚢᛖᚾᛁᛖᚾᚳᛝ,427
impassibility,85450,0,ᛁᛗᛈᚪᛋᛋᛁᛒᛁᛚᛁᛏᚣ,737
macroscopical,85158,0,ᛗᚪᚳᚱᚩᛋᚳᚩᛈᛁᚳᚪᛚ,529
nonprejudicial,84958,0,ᚾᚩᚾᛈᚱᛖᛂᚢᛞᛁᚳᛡᛚ,539
symmetrization,84657,0,ᛋᚣᛗᛗᛖᛏᚱᛁᛋᚪᛏᛡᚾ,811
osteosclerosis,84557,0,ᚩᛋᛏᛇᛋᚳᛚᛖᚱᚩᛋᛁᛋ,521
liberationists,84146,0,ᛚᛁᛒᛖᚱᚪᛏᛡᚾᛁᛋᛏᛋ,731
supernaturals,83866,0,ᛋᚢᛈᛖᚱᚾᚪᛏᚢᚱᚪᛚᛋ,599
conglomerations,83340,0,ᚳᚩᛝᛚᚩᛗᛖᚱᚪᛏᛡᚾᛋ,673
delicatessens,83184,0,ᛞᛖᛚᛁᚳᚪᛏᛖᛋᛋᛖᚾᛋ,751
disembodiment,83143,0,ᛞᛁᛋᛖᛗᛒᚩᛞᛁᛗᛖᚾᛏ,725
disembowelled,82995,0,ᛞᛁᛋᛖᛗᛒᚩᚹᛖᛚᛚᛖᛞ,767
repulsiveness,82992,0,ᚱᛖᛈᚢᛚᛋᛁᚢᛖᚾᛖᛋᛋ,553
idealistically,81563,0,ᛁᛞᛠᛚᛁᛋᛏᛁᚳᚪᛚᛚᚣ,835
traumatically,81464,0,ᛏᚱᚪᚢᛗᚪᛏᛁᚳᚪᛚᛚᚣ,787
sacerdotalism,81452,0,ᛋᚪᚳᛖᚱᛞᚩᛏᚪᛚᛁᛋᛗ,721
predetermines,81100,0,ᛈᚱᛖᛞᛖᛏᛖᚱᛗᛁᚾᛖᛋ,665
admonishments,81029,0,ᚪᛞᛗᚩᚾᛁᛋᚻᛗᛖᚾᛏᛋ,679
strenuousness,80761,0,ᛋᛏᚱᛖᚾᚢᚩᚢᛋᚾᛖᛋᛋ,487
electrophorus,80680,0,ᛖᛚᛖᚳᛏᚱᚩᛈᚻᚩᚱᚢᛋ,437
philosophized,80361,0,ᛈᚻᛁᛚᚩᛋᚩᛈᚻᛁᛋᛖᛞ,543
boundlessness,80323,0,ᛒᚩᚢᚾᛞᛚᛖᛋᛋᚾᛖᛋᛋ,637
reconstitutes,80207,0,ᚱᛖᚳᚩᚾᛋᛏᛁᛏᚢᛏᛖᛋ,511
reincorporate,80152,0,ᚱᛖᛁᚾᚳᚩᚱᛈᚩᚱᚪᛏᛖ,453
contentedness,80023,0,ᚳᚩᚾᛏᛖᚾᛏᛖᛞᚾᛖᛋᛋ,621
retentiveness,79981,0,ᚱᛖᛏᛖᚾᛏᛁᚢᛖᚾᛖᛋᛋ,595
instrumentals,79738,0,ᛁᚾᛋᛏᚱᚢᛗᛖᚾᛏᚪᛚᛋ,635
familiarisation,79681,0,ᚠᚪᛗᛁᛚᛡᚱᛁᛋᚪᛏᛡᚾ,768
apprehensible,79501,0,ᚪᛈᛈᚱᛖᚻᛖᚾᛋᛁᛒᛚᛖ,665
exquisiteness,79370,0,ᛖᛉᚳᚹᛁᛋᛁᛏᛖᚾᛖᛋᛋ,589
recalcitrants,79307,0,ᚱᛖᚳᚪᛚᚳᛁᛏᚱᚪᚾᛏᛋ,613
isometrically,79257,0,ᛁᛋᚩᛗᛖᛏᚱᛁᚳᚪᛚᛚᚣ,689
valetudinarian,78864,0,ᚢᚪᛚᛖᛏᚢᛞᛁᚾᚪᚱᛡᚾ,695
attainability,78739,0,ᚪᛏᛏᚪᛁᚾᚪᛒᛁᛚᛁᛏᚣ,827
stultification,78594,0,ᛋᛏᚢᛚᛏᛁᚠᛁᚳᚪᛏᛡᚾ,616
abstemiousness,78080,0,ᚪᛒᛋᛏᛖᛗᛡᚢᛋᚾᛖᛋᛋ,773
hyperelliptic,77493,0,ᚻᚣᛈᛖᚱᛖᛚᛚᛁᛈᛏᛁᚳ,637
globetrotters,77392,0,ᚷᛚᚩᛒᛖᛏᚱᚩᛏᛏᛖᚱᛋ,551
psychogenesis,77353,0,ᛈᛋᚣᚳᚻᚩᚷᛖᚾᛖᛋᛁᛋ,559
midwesterners,77260,0,ᛗᛁᛞᚹᛖᛋᛏᛖᚱᚾᛖᚱᛋ,627
unforgettably,77069,0,ᚢᚾᚠᚩᚱᚷᛖᛏᛏᚪᛒᛚᚣ,588
irrepressibly,77041,0,ᛁᚱᚱᛖᛈᚱᛖᛋᛋᛁᛒᛚᚣ,615
prehistorical,76744,0,ᛈᚱᛖᚻᛁᛋᛏᚩᚱᛁᚳᚪᛚ,519
psychokinesis,76724,0,ᛈᛋᚣᚳᚻᚩᚳᛁᚾᛖᛋᛁᛋ,519
predestinarian,76705,0,ᛈᚱᛖᛞᛖᛋᛏᛁᚾᚪᚱᛡᚾ,693
umbelliferous,76502,0,ᚢᛗᛒᛖᛚᛚᛁᚠᛖᚱᚩᚢᛋ,522
defervescence,76259,0,ᛞᛖᚠᛖᚱᚢᛖᛋᚳᛖᚾᚳᛖ,548
aboriginality,76174,0,ᚪᛒᚩᚱᛁᚷᛁᚾᚪᛚᛁᛏᚣ,647
incompatibles,76106,0,ᛁᚾᚳᚩᛗᛈᚪᛏᛁᛒᛚᛖᛋ,635
martyrologies,75807,0,ᛗᚪᚱᛏᚣᚱᚩᛚᚩᚷᛁᛖᛋ,607
inspectorship,75521,0,ᛁᚾᛋᛈᛖᚳᛏᚩᚱᛋᚻᛁᛈ,463
oystercatcher,75496,0,ᚩᚣᛋᛏᛖᚱᚳᚪᛏᚳᚻᛖᚱ,583
fortuneteller,75458,0,ᚠᚩᚱᛏᚢᚾᛖᛏᛖᛚᛚᛖᚱ,528
reconciliatory,75390,0,ᚱᛖᚳᚩᚾᚳᛁᛚᛡᛏᚩᚱᚣ,531
autocephalous,74996,0,ᚪᚢᛏᚩᚳᛖᛈᚻᚪᛚᚩᚢᛋ,545
interstitially,74978,0,ᛁᚾᛏᛖᚱᛋᛏᛁᛏᛡᛚᛚᚣ,755
gerrymandered,74971,0,ᚷᛖᚱᚱᚣᛗᚪᚾᛞᛖᚱᛖᛞ,729
endoparasites,74958,0,ᛖᚾᛞᚩᛈᚪᚱᚪᛋᛁᛏᛖᛋ,703
concentrative,74807,0,ᚳᚩᚾᚳᛖᚾᛏᚱᚪᛏᛁᚢᛖ,485
disencumbered,74241,0,ᛞᛁᛋᛖᚾᚳᚢᛗᛒᛖᚱᛖᛞ,651
biographically,74075,0,ᛒᛡᚷᚱᚪᛈᚻᛁᚳᚪᛚᛚᚣ,749
unimpregnated,73834,0,ᚢᚾᛁᛗᛈᚱᛖᚷᚾᚪᛏᛖᛞ,613
unconsummated,73363,0,ᚢᚾᚳᚩᚾᛋᚢᛗᛗᚪᛏᛖᛞ,591
parasitically,72995,0,ᛈᚪᚱᚪᛋᛁᛏᛁᚳᚪᛚᛚᚣ,781
biosystematics,72652,0,ᛒᛡᛋᚣᛋᛏᛖᛗᚪᛏᛁᚳᛋ,827
incredibility,72646,0,ᛁᚾᚳᚱᛖᛞᛁᛒᛁᛚᛁᛏᚣ,629
uniformitarian,72450,0,ᚢᚾᛁᚠᚩᚱᛗᛁᛏᚪᚱᛡᚾ,488
ultramontanes,72423,0,ᚢᛚᛏᚱᚪᛗᚩᚾᛏᚪᚾᛖᛋ,655
hypochondriacs,72312,0,ᚻᚣᛈᚩᚳᚻᚩᚾᛞᚱᛡᚳᛋ,521
importunately,72204,0,ᛁᛗᛈᚩᚱᛏᚢᚾᚪᛏᛖᛚᚣ,653
inhospitality,72088,0,ᛁᚾᚻᚩᛋᛈᛁᛏᚪᛚᛁᛏᚣ,639
introspections,72039,0,ᛁᚾᛏᚱᚩᛋᛈᛖᚳᛏᛡᚾᛋ,561
brachypterous,72024,0,ᛒᚱᚪᚳᚻᚣᛈᛏᛖᚱᚩᚢᛋ,551
sporangiophores,71553,0,ᛋᛈᚩᚱᚪᛝᛡᛈᚻᚩᚱᛖᛋ,601
trisaccharide,71420,0,ᛏᚱᛁᛋᚪᚳᚳᚻᚪᚱᛁᛞᛖ,595
thundershowers,71185,0,ᚦᚢᚾᛞᛖᚱᛋᚻᚩᚹᛖᚱᛋ,437
superfluously,70983,0,ᛋᚢᛈᛖᚱᚠᛚᚢᚩᚢᛋᛚᚣ,494
augustinianism,70841,0,ᚪᚢᚷᚢᛋᛏᛁᚾᛡᚾᛁᛋᛗ,583
exhibitionists,70775,0,ᛖᛉᚻᛁᛒᛁᛏᛡᚾᛁᛋᛏᛋ,651
nonmechanical,70748,0,ᚾᚩᚾᛗᛖᚳᚻᚪᚾᛁᚳᚪᛚ,579
devitalization,70310,0,ᛞᛖᚢᛁᛏᚪᛚᛁᛋᚪᛏᛡᚾ,795
phraseological,70125,0,ᛈᚻᚱᚪᛋᛇᛚᚩᚷᛁᚳᚪᛚ,579
denationalized,70085,0,ᛞᛖᚾᚪᛏᛡᚾᚪᛚᛁᛋᛖᛞ,887
unsightliness,69875,0,ᚢᚾᛋᛁᚷᚻᛏᛚᛁᚾᛖᛋᛋ,521
brandenburger,69870,0,ᛒᚱᚪᚾᛞᛖᚾᛒᚢᚱᚷᛖᚱ,553
unworldliness,69863,0,ᚢᚾᚹᚩᚱᛚᛞᛚᛁᚾᛖᛋᛋ,537
dispensational,69827,0,ᛞᛁᛋᛈᛖᚾᛋᚪᛏᛡᚾᚪᛚ,827
intermittence,69816,0,ᛁᚾᛏᛖᚱᛗᛁᛏᛏᛖᚾᚳᛖ,593
actinomorphic,69712,0,ᚪᚳᛏᛁᚾᚩᛗᚩᚱᛈᚻᛁᚳ,435
empathetically,69529,0,ᛖᛗᛈᚪᚦᛖᛏᛁᚳᚪᛚᛚᚣ,799
catastrophism,69520,0,ᚳᚪᛏᚪᛋᛏᚱᚩᛈᚻᛁᛋᛗ,617
tergiversation,69347,0,ᛏᛖᚱᚷᛁᚢᛖᚱᛋᚪᛏᛡᚾ,611
exteriorization,69024,0,ᛖᛉᛏᛖᚱᛡᚱᛁᛋᚪᛏᛡᚾ,745
spiritualised,68870,0,ᛋᛈᛁᚱᛁᛏᚢᚪᛚᛁᛋᛖᛞ,641
archdeaconries,68733,0,ᚪᚱᚳᚻᛞᛠᚳᚩᚾᚱᛁᛖᛋ,553
apostrophized,68639,0,ᚪᛈᚩᛋᛏᚱᚩᛈᚻᛁᛋᛖᛞ,583
unadventurous,68632,0,ᚢᚾᚪᛞᚢᛖᚾᛏᚢᚱᚩᚢᛋ,453
incompetently,68369,0,ᛁᚾᚳᚩᛗᛈᛖᛏᛖᚾᛏᛚᚣ,651
answerability,68086,0,ᚪᚾᛋᚹᛖᚱᚪᛒᛁᛚᛁᛏᚣ,731
concatenations,67445,0,ᚳᚩᚾᚳᚪᛏᛖᚾᚪᛏᛡᚾᛋ,659
conceptuality,67434,0,ᚳᚩᚾᚳᛖᛈᛏᚢᚪᛚᛁᛏᚣ,597
outrageousness,67208,0,ᚩᚢᛏᚱᚪᚷᛇᚢᛋᚾᛖᛋᛋ,493
gastronomical,67136,0,ᚷᚪᛋᛏᚱᚩᚾᚩᛗᛁᚳᚪᛚ,565
reminiscently,67097,0,ᚱᛖᛗᛁᚾᛁᛋᚳᛖᚾᛏᛚᚣ,637
polysyllables,67025,0,ᛈᚩᛚᚣᛋᚣᛚᛚᚪᛒᛚᛖᛋ,879
inexhaustibly,66878,0,ᛁᚾᛖᛉᚻᚪᚢᛋᛏᛁᛒᛚᚣ,677
noncontributing,66858,0,ᚾᚩᚾᚳᚩᚾᛏᚱᛁᛒᚢᛏᛝ,417
incriminatory,66773,0,ᛁᚾᚳᚱᛁᛗᛁᚾᚪᛏᚩᚱᚣ,523
censoriousness,66495,0,ᚳᛖᚾᛋᚩᚱᛡᚢᛋᚾᛖᛋᛋ,545
dipterocarpus,66055,0,ᛞᛁᛈᛏᛖᚱᚩᚳᚪᚱᛈᚢᛋ,527
autocatalysis,66040,0,ᚪᚢᛏᚩᚳᚪᛏᚪᛚᚣᛋᛁᛋ,745
tranquillized,66038,0,ᛏᚱᚪᚾᚳᚹᛁᛚᛚᛁᛋᛖᛞ,645
fruitlessness,65989,0,ᚠᚱᚢᛁᛏᛚᛖᛋᛋᚾᛖᛋᛋ,554
conventioneers,65980,0,ᚳᚩᚾᚢᛖᚾᛏᛡᚾᛖᛖᚱᛋ,541
blunderbusses,65865,0,ᛒᛚᚢᚾᛞᛖᚱᛒᚢᛋᛋᛖᛋ,623
incarcerations,65859,0,ᛁᚾᚳᚪᚱᚳᛖᚱᚪᛏᛡᚾᛋ,617
underexposure,65753,0,ᚢᚾᛞᛖᚱᛖᛉᛈᚩᛋᚢᚱᛖ,497
revolutionizes,65709,0,ᚱᛖᚢᚩᛚᚢᛏᛡᚾᛁᛋᛖᛋ,563
sigmoidoscope,65589,0,ᛋᛁᚷᛗᚩᛁᛞᚩᛋᚳᚩᛈᛖ,489
yekaterinburg,65521,0,ᚣᛖᚳᚪᛏᛖᚱᛁᚾᛒᚢᚱᚷ,569
uninstructive,65398,0,ᚢᚾᛁᚾᛋᛏᚱᚢᚳᛏᛁᚢᛖ,391
parsimoniously,65310,0,ᛈᚪᚱᛋᛁᛗᚩᚾᛡᚢᛋᛚᚣ,681
incorrigibles,65257,0,ᛁᚾᚳᚩᚱᚱᛁᚷᛁᛒᛚᛖᛋ,435
unaccommodating,65128,0,ᚢᚾᚪᚳᚳᚩᛗᛗᚩᛞᚪᛏᛝ,635
underachiever,65040,0,ᚢᚾᛞᛖᚱᚪᚳᚻᛁᛖᚢᛖᚱ,511
fragmentarily,65028,0,ᚠᚱᚪᚷᛗᛖᚾᛏᚪᚱᛁᛚᚣ,668
centripetally,64998,0,ᚳᛖᚾᛏᚱᛁᛈᛖᛏᚪᛚᛚᚣ,725
unimplemented,64969,0,ᚢᚾᛁᛗᛈᛚᛖᛗᛖᚾᛏᛖᛞ,699
subordinately,64911,0,ᛋᚢᛒᚩᚱᛞᛁᚾᚪᛏᛖᛚᚣ,683
tachistoscope,64906,0,ᛏᚪᚳᚻᛁᛋᛏᚩᛋᚳᚩᛈᛖ,525
blastogenesis,64794,0,ᛒᛚᚪᛋᛏᚩᚷᛖᚾᛖᛋᛁᛋ,667
cleistogamous,64680,0,ᚳᛚᛖᛁᛋᛏᚩᚷᚪᛗᚩᚢᛋ,551
creditability,64514,0,ᚳᚱᛖᛞᛁᛏᚪᛒᛁᛚᛁᛏᚣ,725
preadolescence,64368,0,ᛈᚱᛠᛞᚩᛚᛖᛋᚳᛖᚾᚳᛖ,641
deceptiveness,64177,0,ᛞᛖᚳᛖᛈᛏᛁᚢᛖᚾᛖᛋᛋ,641
leptomeningitis,64158,0,ᛚᛖᛈᛏᚩᛗᛖᚾᛝᛁᛏᛁᛋ,669
perspicuously,63889,0,ᛈᛖᚱᛋᛈᛁᚳᚢᚩᚢᛋᛚᚣ,503
osteochondroma,63789,0,ᚩᛋᛏᛇᚳᚻᚩᚾᛞᚱᚩᛗᚪ,507
frequentative,63680,0,ᚠᚱᛖᚳᚹᛖᚾᛏᚪᛏᛁᚢᛖ,524
hypermotility,63463,0,ᚻᚣᛈᛖᚱᛗᚩᛏᛁᛚᛁᛏᚣ,681
circumvallate,63440,0,ᚳᛁᚱᚳᚢᛗᚢᚪᛚᛚᚪᛏᛖ,611
blackcurrants,63337,0,ᛒᛚᚪᚳᚳᚳᚢᚱᚱᚪᚾᛏᛋ,533
unnaturalized,63305,0,ᚢᚾᚾᚪᛏᚢᚱᚪᛚᛁᛋᛖᛞ,641
ferrocyanides,63278,0,ᚠᛖᚱᚱᚩᚳᚣᚪᚾᛁᛞᛖᛋ,580
reciprocities,63169,0,ᚱᛖᚳᛁᛈᚱᚩᚳᛁᛏᛁᛖᛋ,437
unpunctuality,63036,0,ᚢᚾᛈᚢᚾᚳᛏᚢᚪᛚᛁᛏᚣ,545
numerological,62979,0,ᚾᚢᛗᛖᚱᚩᛚᚩᚷᛁᚳᚪᛚ,499
interestingness,62929,0,ᛁᚾᛏᛖᚱᛖᛋᛏᛝᚾᛖᛋᛋ,657
mythologically,62860,0,ᛗᚣᚦᚩᛚᚩᚷᛁᚳᚪᛚᛚᚣ,673
preventatives,62778,0,ᛈᚱᛖᚢᛖᚾᛏᚪᛏᛁᚢᛖᛋ,589
densitometers,62685,0,ᛞᛖᚾᛋᛁᛏᚩᛗᛖᛏᛖᚱᛋ,663
ethnologically,62574,0,ᛖᚦᚾᚩᛚᚩᚷᛁᚳᚪᛚᛚᚣ,595
streetwalkers,62513,0,ᛋᛏᚱᛖᛖᛏᚹᚪᛚᚳᛖᚱᛋ,649
defensibility,62427,0,ᛞᛖᚠᛖᚾᛋᛁᛒᛁᛚᛁᛏᚣ,696
implacability,62339,0,ᛁᛗᛈᛚᚪᚳᚪᛒᛁᛚᛁᛏᚣ,783
lamellibranch,62336,0,ᛚᚪᛗᛖᛚᛚᛁᛒᚱᚪᚾᚳᚻ,719
equidistantly,62336,0,ᛖᚳᚹᛁᛞᛁᛋᛏᚪᚾᛏᛚᚣ,723
misattribution,62331,0,ᛗᛁᛋᚪᛏᛏᚱᛁᛒᚢᛏᛡᚾ,671
ekaterinoslav,62063,0,ᛖᚳᚪᛏᛖᚱᛁᚾᚩᛋᛚᚪᚢ,607
unpreventable,61643,0,ᚢᚾᛈᚱᛖᚢᛖᚾᛏᚪᛒᛚᛖ,609
ambidexterity,61471,0,ᚪᛗᛒᛁᛞᛖᛉᛏᛖᚱᛁᛏᚣ,793
occidentalism,61249,0,ᚩᚳᚳᛁᛞᛖᚾᛏᚪᛚᛁᛋᛗ,633
favorableness,60989,0,ᚠᚪᚢᚩᚱᚪᛒᛚᛖᚾᛖᛋᛋ,620
unilluminated,60916,0,ᚢᚾᛁᛚᛚᚢᛗᛁᚾᚪᛏᛖᛞ,655
discographies,60533,0,ᛞᛁᛋᚳᚩᚷᚱᚪᛈᚻᛁᛖᛋ,535
reconfirmation,60191,0,ᚱᛖᚳᚩᚾᚠᛁᚱᛗᚪᛏᛡᚾ,534
distastefully,60190,0,ᛞᛁᛋᛏᚪᛋᛏᛖᚠᚢᛚᛚᚣ,762
disarticulating,60028,0,ᛞᛁᛋᚪᚱᛏᛁᚳᚢᛚᚪᛏᛝ,695
transliterate,59849,0,ᛏᚱᚪᚾᛋᛚᛁᛏᛖᚱᚪᛏᛖ,713
deliquescence,59790,0,ᛞᛖᛚᛁᚳᚹᛖᛋᚳᛖᚾᚳᛖ,601
comprehensions,59707,0,ᚳᚩᛗᛈᚱᛖᚻᛖᚾᛋᛡᚾᛋ,573
supersensuous,59684,0,ᛋᚢᛈᛖᚱᛋᛖᚾᛋᚢᚩᚢᛋ,445
neuroepithelium,59616,0,ᚾᛖᚢᚱᛟᛈᛁᚦᛖᛚᛁᚢᛗ,517
monopolisation,59427,0,ᛗᚩᚾᚩᛈᚩᛚᛁᛋᚪᛏᛡᚾ,613
headmistresses,59408,0,ᚻᛠᛞᛗᛁᛋᛏᚱᛖᛋᛋᛖᛋ,739
auspiciousness,59358,0,ᚪᚢᛋᛈᛁᚳᛡᚢᛋᚾᛖᛋᛋ,605
choreographies,59306,0,ᚳᚻᚩᚱᛇᚷᚱᚪᛈᚻᛁᛖᛋ,437
undisguisedly,58794,0,ᚢᚾᛞᛁᛋᚷᚢᛁᛋᛖᛞᛚᚣ,641
protectorship,58789,0,ᛈᚱᚩᛏᛖᚳᛏᚩᚱᛋᚻᛁᛈ,427
sequestrators,58778,0,ᛋᛖᚳᚹᛖᛋᛏᚱᚪᛏᚩᚱᛋ,569
unembellished,58650,0,ᚢᚾᛖᛗᛒᛖᛚᛚᛁᛋᚻᛖᛞ,707
semicentennial,58618,0,ᛋᛖᛗᛁᚳᛖᚾᛏᛖᚾᚾᛡᛚ,695
uncontainable,58347,0,ᚢᚾᚳᚩᚾᛏᚪᛁᚾᚪᛒᛚᛖ,595
cinematically,58342,0,ᚳᛁᚾᛖᛗᚪᛏᛁᚳᚪᛚᛚᚣ,757
diagonalizable,58273,0,ᛞᛡᚷᚩᚾᚪᛚᛁᛋᚪᛒᛚᛖ,801
distrustfully,58120,0,ᛞᛁᛋᛏᚱᚢᛋᛏᚠᚢᛚᛚᚣ,612
prognosticating,58054,0,ᛈᚱᚩᚷᚾᚩᛋᛏᛁᚳᚪᛏᛝ,505
transmittable,58047,0,ᛏᚱᚪᚾᛋᛗᛁᛏᛏᚪᛒᛚᛖ,767
ovoviviparous,58000,0,ᚩᚢᚩᚢᛁᚢᛁᛈᚪᚱᚩᚢᛋ,299
monophysitism,57802,0,ᛗᚩᚾᚩᛈᚻᚣᛋᛁᛏᛁᛋᛗ,581
microsporidian,57735,0,ᛗᛁᚳᚱᚩᛋᛈᚩᚱᛁᛞᛡᚾ,503
psychrometers,57604,0,ᛈᛋᚣᚳᚻᚱᚩᛗᛖᛏᛖᚱᛋ,581
unpresentable,57557,0,ᚢᚾᛈᚱᛖᛋᛖᚾᛏᚪᛒᛚᛖ,659
caravanserais,57277,0,ᚳᚪᚱᚪᚢᚪᚾᛋᛖᚱᚪᛁᛋ,659
mediterraneans,57222,0,ᛗᛖᛞᛁᛏᛖᚱᚱᚪᚾᛠᚾᛋ,723
microcephalic,57166,0,ᛗᛁᚳᚱᚩᚳᛖᛈᚻᚪᛚᛁᚳ,493
guilelessness,57136,0,ᚷᚢᛁᛚᛖᛚᛖᛋᛋᚾᛖᛋᛋ,639
prevarications,57125,0,ᛈᚱᛖᚢᚪᚱᛁᚳᚪᛏᛡᚾᛋ,621
dishonourably,57058,0,ᛞᛁᛋᚻᚩᚾᚩᚢᚱᚪᛒᛚᚣ,587
micrometeoroid,57007,0,ᛗᛁᚳᚱᚩᛗᛖᛏᛇᚱᚩᛁᛞ,509
conductorship,56561,0,ᚳᚩᚾᛞᚢᚳᛏᚩᚱᛋᚻᛁᛈ,381
undercarriages,56537,0,ᚢᚾᛞᛖᚱᚳᚪᚱᚱᛡᚷᛖᛋ,575
transcendency,56520,0,ᛏᚱᚪᚾᛋᚳᛖᚾᛞᛖᚾᚳᚣ,659
skateboarders,56420,0,ᛋᚳᚪᛏᛖᛒᚩᚪᚱᛞᛖᚱᛋ,685
protogeometric,56398,0,ᛈᚱᚩᛏᚩᚷᛇᛗᛖᛏᚱᛁᚳ,437
rehabilitates,56111,0,ᚱᛖᚻᚪᛒᛁᛚᛁᛏᚪᛏᛖᛋ,729
intransitives,56059,0,ᛁᚾᛏᚱᚪᚾᛋᛁᛏᛁᚢᛖᛋ,553
unilateralist,56032,0,ᚢᚾᛁᛚᚪᛏᛖᚱᚪᛚᛁᛋᛏ,683
collectorship,55821,0,ᚳᚩᛚᛚᛖᚳᛏᚩᚱᛋᚻᛁᛈ,473
unpicturesque,55736,0,ᚢᚾᛈᛁᚳᛏᚢᚱᛖᛋᚳᚹᛖ,411
counteractive,55728,0,ᚳᚩᚢᚾᛏᛖᚱᚪᚳᛏᛁᚢᛖ,459
thermometrical,55703,0,ᚦᛖᚱᛗᚩᛗᛖᛏᚱᛁᚳᚪᛚ,583
visualisations,55623,0,ᚢᛁᛋᚢᚪᛚᛁᛋᚪᛏᛡᚾᛋ,689
digitalisation,55582,0,ᛞᛁᚷᛁᛏᚪᛚᛁᛋᚪᛏᛡᚾ,773
blamelessness,55560,0,ᛒᛚᚪᛗᛖᛚᛖᛋᛋᚾᛖᛋᛋ,817
nonoperational,55527,0,ᚾᚩᚾᚩᛈᛖᚱᚪᛏᛡᚾᚪᛚ,655
conchologists,55497,0,ᚳᚩᚾᚳᚻᚩᛚᚩᚷᛁᛋᛏᛋ,385
informatively,55222,0,ᛁᚾᚠᚩᚱᛗᚪᛏᛁᚢᛖᛚᚣ,584
speechwriters,54626,0,ᛋᛈᛖᛖᚳᚻᚹᚱᛁᛏᛖᚱᛋ,517
intemperately,54586,0,ᛁᚾᛏᛖᛗᛈᛖᚱᚪᛏᛖᛚᚣ,777
coachbuilders,54502,0,ᚳᚩᚪᚳᚻᛒᚢᛁᛚᛞᛖᚱᛋ,541
epigrammatist,54487,0,ᛖᛈᛁᚷᚱᚪᛗᛗᚪᛏᛁᛋᛏ,707
recalculations,54221,0,ᚱᛖᚳᚪᛚᚳᚢᛚᚪᛏᛡᚾᛋ,695
dissimilitude,54142,0,ᛞᛁᛋᛋᛁᛗᛁᛚᛁᛏᚢᛞᛖ,681
psycholinguists,54137,0,ᛈᛋᚣᚳᚻᚩᛚᛝᚢᛁᛋᛏᛋ,593
changelessness,54068,0,ᚳᚻᚪᛝᛖᛚᛖᛋᛋᚾᛖᛋᛋ,727
inopportunely,53987,0,ᛁᚾᚩᛈᛈᚩᚱᛏᚢᚾᛖᛚᚣ,505
improvisatore,53873,0,ᛁᛗᛈᚱᚩᚢᛁᛋᚪᛏᚩᚱᛖ,491
nonreversible,53870,0,ᚾᚩᚾᚱᛖᚢᛖᚱᛋᛁᛒᛚᛖ,509
normalizations,53834,0,ᚾᚩᚱᛗᚪᛚᛁᛋᚪᛏᛡᚾᛋ,717
oligomenorrhea,53764,0,ᚩᛚᛁᚷᚩᛗᛖᚾᚩᚱᚱᚻᛠ,463
photographies,53655,0,ᛈᚻᚩᛏᚩᚷᚱᚪᛈᚻᛁᛖᛋ,481
confabulations,53590,0,ᚳᚩᚾᚠᚪᛒᚢᛚᚪᛏᛡᚾᛋ,630
directiveness,53553,0,ᛞᛁᚱᛖᚳᛏᛁᚢᛖᚾᛖᛋᛋ,573
adventitiously,53474,0,ᚪᛞᚢᛖᚾᛏᛁᛏᛡᚢᛋᛚᚣ,773
pronunciamento,53383,0,ᛈᚱᚩᚾᚢᚾᚳᛡᛗᛖᚾᛏᚩ,475
formalizations,53335,0,ᚠᚩᚱᛗᚪᛚᛁᛋᚪᛏᛡᚾᛋ,690
obsessiveness,53179,0,ᚩᛒᛋᛖᛋᛋᛁᚢᛖᚾᛖᛋᛋ,597
counterstroke,53081,0,ᚳᚩᚢᚾᛏᛖᚱᛋᛏᚱᚩᚳᛖ,399
nonintoxicating,52979,0,ᚾᚩᚾᛁᚾᛏᚩᛉᛁᚳᚪᛏᛝ,517
underclassmen,52890,0,ᚢᚾᛞᛖᚱᚳᛚᚪᛋᛋᛗᛖᚾ,655
conservancies,52847,0,ᚳᚩᚾᛋᛖᚱᚢᚪᚾᚳᛁᛖᛋ,473
concupiscible,52803,0,ᚳᚩᚾᚳᚢᛈᛁᛋᚳᛁᛒᛚᛖ,437
endoparasitic,52568,0,ᛖᚾᛞᚩᛈᚪᚱᚪᛋᛁᛏᛁᚳ,627
sustentacular,52480,0,ᛋᚢᛋᛏᛖᚾᛏᚪᚳᚢᛚᚪᚱ,617
sacrilegiously,52359,0,ᛋᚪᚳᚱᛁᛚᛖᚷᛡᚢᛋᛚᚣ,701
tastelessness,52206,0,ᛏᚪᛋᛏᛖᛚᛖᛋᛋᚾᛖᛋᛋ,783
cyclopropanes,52176,0,ᚳᚣᚳᛚᚩᛈᚱᚩᛈᚪᚾᛖᛋ,559
sculpturesque,52112,0,ᛋᚳᚢᛚᛈᛏᚢᚱᛖᛋᚳᚹᛖ,477
pyrotechnical,51929,0,ᛈᚣᚱᚩᛏᛖᚳᚻᚾᛁᚳᚪᛚ,569
capellmeister,51923,0,ᚳᚪᛈᛖᛚᛚᛗᛖᛁᛋᛏᛖᚱ,725
behaviouristic,51634,0,ᛒᛖᚻᚪᚢᛡᚢᚱᛁᛋᛏᛁᚳ,559
frivolousness,51583,0,ᚠᚱᛁᚢᚩᛚᚩᚢᛋᚾᛖᛋᛋ,392
argumentations,51553,0,ᚪᚱᚷᚢᛗᛖᚾᛏᚪᛏᛡᚾᛋ,699
somnambulists,51448,0,ᛋᚩᛗᚾᚪᛗᛒᚢᛚᛁᛋᛏᛋ,661
nonassignable,51227,0,ᚾᚩᚾᚪᛋᛋᛁᚷᚾᚪᛒᛚᛖ,643
impetuousness,51091,0,ᛁᛗᛈᛖᛏᚢᚩᚢᛋᚾᛖᛋᛋ,539
nonsegregated,51027,0,ᚾᚩᚾᛋᛖᚷᚱᛖᚷᚪᛏᛖᛞ,609
unmentionables,50979,0,ᚢᚾᛗᛖᚾᛏᛡᚾᚪᛒᛚᛖᛋ,745
resplendently,50786,0,ᚱᛖᛋᛈᛚᛖᚾᛞᛖᚾᛏᛚᚣ,763
stepdaughters,50738,0,ᛋᛏᛖᛈᛞᚪᚢᚷᚻᛏᛖᚱᛋ,641
obtrusiveness,50681,0,ᚩᛒᛏᚱᚢᛋᛁᚢᛖᚾᛖᛋᛋ,497
copernicanism,50669,0,ᚳᚩᛈᛖᚱᚾᛁᚳᚪᚾᛁᛋᛗ,495
individualising,50492,0,ᛁᚾᛞᛁᚢᛁᛞᚢᚪᛚᛁᛋᛝ,639
antiprotozoal,50387,0,ᚪᚾᛏᛁᛈᚱᚩᛏᚩᛋᚩᚪᛚ,573
adventurously,50376,0,ᚪᛞᚢᛖᚾᛏᚢᚱᚩᚢᛋᛚᚣ,597
miniaturisation,50287,0,ᛗᛁᚾᛡᛏᚢᚱᛁᛋᚪᛏᛡᚾ,687
intuitiveness,50280,0,ᛁᚾᛏᚢᛁᛏᛁᚢᛖᚾᛖᛋᛋ,515
insurrectional,50278,0,ᛁᚾᛋᚢᚱᚱᛖᚳᛏᛡᚾᚪᛚ,583
inclinometers,50263,0,ᛁᚾᚳᛚᛁᚾᚩᛗᛖᛏᛖᚱᛋ,541
operationalism,50084,0,ᚩᛈᛖᚱᚪᛏᛡᚾᚪᛚᛁᛋᛗ,745
inauspiciously,50031,0,ᛁᚾᚪᚢᛋᛈᛁᚳᛡᚢᛋᛚᚣ,639
querulousness,49997,0,ᚳᚹᛖᚱᚢᛚᚩᚢᛋᚾᛖᛋᛋ,451
depersonalize,49847,0,ᛞᛖᛈᛖᚱᛋᚩᚾᚪᛚᛁᛋᛖ,687
annexationists,49694,0,ᚪᚾᚾᛖᛉᚪᛏᛡᚾᛁᛋᛏᛋ,757
selectiveness,49560,0,ᛋᛖᛚᛖᚳᛏᛁᚢᛖᚾᛖᛋᛋ,635
ecclesiologist,49524,0,ᛖᚳᚳᛚᛖᛋᛡᛚᚩᚷᛁᛋᛏ,633
incorporative,49498,0,ᛁᚾᚳᚩᚱᛈᚩᚱᚪᛏᛁᚢᛖ,409
attributively,49492,0,ᚪᛏᛏᚱᛁᛒᚢᛏᛁᚢᛖᛚᚣ,657
chesterfields,49327,0,ᚳᚻᛖᛋᛏᛖᚱᚠᛁᛖᛚᛞᛋ,608
ludicrousness,49258,0,ᛚᚢᛞᛁᚳᚱᚩᚢᛋᚾᛖᛋᛋ,485
encyclopedist,49189,0,ᛖᚾᚳᚣᚳᛚᚩᛈᛖᛞᛁᛋᛏ,647
shapelessness,49159,0,ᛋᚻᚪᛈᛖᛚᛖᛋᛋᚾᛖᛋᛋ,731
econometrician,48977,0,ᛖᚳᚩᚾᚩᛗᛖᛏᚱᛁᚳᛡᚾ,511
prefigurative,48930,0,ᛈᚱᛖᚠᛁᚷᚢᚱᚪᛏᛁᚢᛖ,442
quadriplegics,48856,0,ᚳᚹᚪᛞᚱᛁᛈᛚᛖᚷᛁᚳᛋ,557
countercharge,48830,0,ᚳᚩᚢᚾᛏᛖᚱᚳᚻᚪᚱᚷᛖ,417
unillustrated,48791,0,ᚢᚾᛁᛚᛚᚢᛋᛏᚱᚪᛏᛖᛞ,647
anesthetization,48584,0,ᚪᚾᛖᛋᚦᛖᛏᛁᛋᚪᛏᛡᚾ,753
philosophizes,48493,0,ᛈᚻᛁᛚᚩᛋᚩᛈᚻᛁᛋᛖᛋ,507
unexaggerated,48267,0,ᚢᚾᛖᛉᚪᚷᚷᛖᚱᚪᛏᛖᛞ,667
subordinations,48182,0,ᛋᚢᛒᚩᚱᛞᛁᚾᚪᛏᛡᚾᛋ,629
indispositions,48060,0,ᛁᚾᛞᛁᛋᛈᚩᛋᛁᛏᛡᚾᛋ,615
brachycephaly,47977,0,ᛒᚱᚪᚳᚻᚣᚳᛖᛈᚻᚪᛚᚣ,727
agglutinogens,47758,0,ᚪᚷᚷᛚᚢᛏᛁᚾᚩᚷᛖᚾᛋ,499
limitlessness,47566,0,ᛚᛁᛗᛁᛏᛚᛖᛋᛋᚾᛖᛋᛋ,713
undiversified,47379,0,ᚢᚾᛞᛁᚢᛖᚱᛋᛁᚠᛁᛖᛞ,506
micrometeorite,47254,0,ᛗᛁᚳᚱᚩᛗᛖᛏᛇᚱᛁᛏᛖ,539
resourcefully,47234,0,ᚱᛖᛋᚩᚢᚱᚳᛖᚠᚢᛚᛚᚣ,486
sledgehammers,47213,0,ᛋᛚᛖᛞᚷᛖᚻᚪᛗᛗᛖᚱᛋ,759
passementerie,47131,0,ᛈᚪᛋᛋᛖᛗᛖᚾᛏᛖᚱᛁᛖ,715
watercolorist,47001,0,ᚹᚪᛏᛖᚱᚳᚩᛚᚩᚱᛁᛋᛏ,507
conduciveness,46805,0,ᚳᚩᚾᛞᚢᚳᛁᚢᛖᚾᛖᛋᛋ,457
ferroconcrete,46788,0,ᚠᛖᚱᚱᚩᚳᚩᚾᚳᚱᛖᛏᛖ,364
impeccability,46753,0,ᛁᛗᛈᛖᚳᚳᚪᛒᛁᛚᛁᛏᚣ,693
actinomycotic,46661,0,ᚪᚳᛏᛁᚾᚩᛗᚣᚳᚩᛏᛁᚳ,533
dehumanisation,46466,0,ᛞᛖᚻᚢᛗᚪᚾᛁᛋᚪᛏᛡᚾ,755
encephalogram,46247,0,ᛖᚾᚳᛖᛈᚻᚪᛚᚩᚷᚱᚪᛗ,615
poikilothermic,46104,0,ᛈᚩᛁᚳᛁᛚᚩᚦᛖᚱᛗᛁᚳ,403
disambiguated,45969,0,ᛞᛁᛋᚪᛗᛒᛁᚷᚢᚪᛏᛖᛞ,765
retrospections,45796,0,ᚱᛖᛏᚱᚩᛋᛈᛖᚳᛏᛡᚾᛋ,579
disestablishing,45685,0,ᛞᛁᛋᛖᛋᛏᚪᛒᛚᛁᛋᚻᛝ,769
inoffensively,45635,0,ᛁᚾᚩᚠᚠᛖᚾᛋᛁᚢᛖᛚᚣ,497
boysenberries,45537,0,ᛒᚩᚣᛋᛖᚾᛒᛖᚱᚱᛁᛖᛋ,621
subinfeudation,45269,0,ᛋᚢᛒᛁᚾᚠᛖᚢᛞᚪᛏᛡᚾ,630
inexorability,45253,0,ᛁᚾᛖᛉᚩᚱᚪᛒᛁᛚᛁᛏᚣ,647
vraisemblance,45234,0,ᚢᚱᚪᛁᛋᛖᛗᛒᛚᚪᚾᚳᛖ,673
counterpoises,45113,0,ᚳᚩᚢᚾᛏᛖᚱᛈᚩᛁᛋᛖᛋ,443
northeastwardly,45024,0,ᚾᚩᚱᚦᛠᛋᛏᚹᚪᚱᛞᛚᚣ,665
demonological,44826,0,ᛞᛖᛗᚩᚾᚩᛚᚩᚷᛁᚳᚪᛚ,581
imitativeness,44502,0,ᛁᛗᛁᛏᚪᛏᛁᚢᛖᚾᛖᛋᛋ,651
predicatively,44497,0,ᛈᚱᛖᛞᛁᚳᚪᛏᛁᚢᛖᛚᚣ,687
quincentennial,44470,0,ᚳᚹᛁᚾᚳᛖᚾᛏᛖᚾᚾᛡᛚ,565
antimacassars,44341,0,ᚪᚾᛏᛁᛗᚪᚳᚪᛋᛋᚪᚱᛋ,761
trichodesmium,44338,0,ᛏᚱᛁᚳᚻᚩᛞᛖᛋᛗᛁᚢᛗ,529
antithetically,44329,0,ᚪᚾᛏᛁᚦᛖᛏᛁᚳᚪᛚᛚᚣ,737
overachievers,44322,0,ᚩᚢᛖᚱᚪᚳᚻᛁᛖᚢᛖᚱᛋ,453
nonintersecting,44298,0,ᚾᚩᚾᛁᚾᛏᛖᚱᛋᛖᚳᛏᛝ,533
preferability,44273,0,ᛈᚱᛖᚠᛖᚱᚪᛒᛁᛚᛁᛏᚣ,656
counterchanged,44262,0,ᚳᚩᚢᚾᛏᛖᚱᚳᚻᚪᛝᛖᛞ,557
chronologists,44247,0,ᚳᚻᚱᚩᚾᚩᛚᚩᚷᛁᛋᛏᛋ,383
interruptedly,44238,0,ᛁᚾᛏᛖᚱᚱᚢᛈᛏᛖᛞᛚᚣ,645
leptocephalus,44186,0,ᛚᛖᛈᛏᚩᚳᛖᛈᚻᚪᛚᚢᛋ,621
brachydactyly,44098,0,ᛒᚱᚪᚳᚻᚣᛞᚪᚳᛏᚣᛚᚣ,845
blackguardism,44057,0,ᛒᛚᚪᚳᚳᚷᚢᚪᚱᛞᛁᛋᛗ,629
uncorrectable,43975,0,ᚢᚾᚳᚩᚱᚱᛖᚳᛏᚪᛒᛚᛖ,511
objectiveness,43945,0,ᚩᛒᛂᛖᚳᛏᛁᚢᛖᚾᛖᛋᛋ,547
tranquillizer,43785,0,ᛏᚱᚪᚾᚳᚹᛁᛚᛚᛁᛋᛖᚱ,567
privateersmen,43784,0,ᛈᚱᛁᚢᚪᛏᛖᛖᚱᛋᛗᛖᚾ,609
sublieutenant,43743,0,ᛋᚢᛒᛚᛁᛖᚢᛏᛖᚾᚪᚾᛏ,631
abstractionism,43739,0,ᚪᛒᛋᛏᚱᚪᚳᛏᛡᚾᛁᛋᛗ,741
apocalyptical,43679,0,ᚪᛈᚩᚳᚪᛚᚣᛈᛏᛁᚳᚪᛚ,749
abstractionist,43666,0,ᚪᛒᛋᛏᚱᚪᚳᛏᛡᚾᛁᛋᛏ,729
legitimatized,43628,0,ᛚᛖᚷᛁᛏᛁᛗᚪᛏᛁᛋᛖᛞ,745
insupportably,43455,0,ᛁᚾᛋᚢᛈᛈᚩᚱᛏᚪᛒᛚᚣ,613
apostrophizes,43441,0,ᚪᛈᚩᛋᛏᚱᚩᛈᚻᛁᛋᛖᛋ,547
cocarboxylase,43165,0,ᚳᚩᚳᚪᚱᛒᚩᛉᚣᛚᚪᛋᛖ,649
diagrammatical,43087,0,ᛞᛡᚷᚱᚪᛗᛗᚪᛏᛁᚳᚪᛚ,833
discourteously,43074,0,ᛞᛁᛋᚳᚩᚢᚱᛏᛇᚢᛋᛚᚣ,539
sportscasters,43034,0,ᛋᛈᚩᚱᛏᛋᚳᚪᛋᛏᛖᚱᛋ,579
muhammadanism,42981,0,ᛗᚢᚻᚪᛗᛗᚪᛞᚪᚾᛁᛋᛗ,803
nonexchangeable,42945,0,ᚾᚩᚾᛖᛉᚳᚻᚪᛝᛠᛒᛚᛖ,701
temporariness,42884,0,ᛏᛖᛗᛈᚩᚱᚪᚱᛁᚾᛖᛋᛋ,599
suffrutescent,42837,0,ᛋᚢᚠᚠᚱᚢᛏᛖᛋᚳᛖᚾᛏ,421
televangelists,42811,0,ᛏᛖᛚᛖᚢᚪᛝᛖᛚᛁᛋᛏᛋ,781
straitjackets,42811,0,ᛋᛏᚱᚪᛁᛏᛂᚪᚳᚳᛖᛏᛋ,649
chlamydospore,42795,0,ᚳᚻᛚᚪᛗᚣᛞᚩᛋᛈᚩᚱᛖ,657
initializations,42726,0,ᛁᚾᛁᛏᛡᛚᛁᛋᚪᛏᛡᚾᛋ,759
uncontestable,42478,0,ᚢᚾᚳᚩᚾᛏᛖᛋᛏᚪᛒᛚᛖ,617
misapprehends,42451,0,ᛗᛁᛋᚪᛈᛈᚱᛖᚻᛖᚾᛞᛋ,677
microcephalus,42316,0,ᛗᛁᚳᚱᚩᚳᛖᛈᚻᚪᛚᚢᛋ,505
voicelessness,42300,0,ᚢᚩᛁᚳᛖᛚᛖᛋᛋᚾᛖᛋᛋ,569
transitionally,42297,0,ᛏᚱᚪᚾᛋᛁᛏᛡᚾᚪᛚᛚᚣ,821
republications,42073,0,ᚱᛖᛈᚢᛒᛚᛁᚳᚪᛏᛡᚾᛋ,647
fraternisation,41931,0,ᚠᚱᚪᛏᛖᚱᚾᛁᛋᚪᛏᛡᚾ,652
southeastwardly,41893,0,ᛋᚩᚢᚦᛠᛋᛏᚹᚪᚱᛞᛚᚣ,681
incoherencies,41790,0,ᛁᚾᚳᚩᚻᛖᚱᛖᚾᚳᛁᛖᛋ,441
countermarching,41755,0,ᚳᚩᚢᚾᛏᛖᚱᛗᚪᚱᚳᚻᛝ,483
decriminalize,41741,0,ᛞᛖᚳᚱᛁᛗᛁᚾᚪᛚᛁᛋᛖ,663
proselytizers,41734,0,ᛈᚱᚩᛋᛖᛚᚣᛏᛁᛋᛖᚱᛋ,631
electroscopes,41706,0,ᛖᛚᛖᚳᛏᚱᚩᛋᚳᚩᛈᛖᛋ,533
unsolvability,41652,0,ᚢᚾᛋᚩᛚᚢᚪᛒᛁᛚᛁᛏᚣ,623
everlastingness,41647,0,ᛖᚢᛖᚱᛚᚪᛋᛏᛝᚾᛖᛋᛋ,711
esophagoscope,41570,0,ᛖᛋᚩᛈᚻᚪᚷᚩᛋᚳᚩᛈᛖ,497
nonconductors,41537,0,ᚾᚩᚾᚳᚩᚾᛞᚢᚳᛏᚩᚱᛋ,349
chieftaincies,41519,0,ᚳᚻᛁᛖᚠᛏᚪᛁᚾᚳᛁᛖᛋ,516
upperclassman,41240,0,ᚢᛈᛈᛖᚱᚳᛚᚪᛋᛋᛗᚪᚾ,653
headmastership,41131,0,ᚻᛠᛞᛗᚪᛋᛏᛖᚱᛋᚻᛁᛈ,729
bioclimatology,41036,0,ᛒᛡᚳᛚᛁᛗᚪᛏᚩᛚᚩᚷᚣ,719
compositeness,40955,0,ᚳᚩᛗᛈᚩᛋᛁᛏᛖᚾᛖᛋᛋ,553
chimneypieces,40949,0,ᚳᚻᛁᛗᚾᛖᚣᛈᛁᛖᚳᛖᛋ,611
quarterfinals,40884,0,ᚳᚹᚪᚱᛏᛖᚱᚠᛁᚾᚪᛚᛋ,562
hyperfunctioning,40625,0,ᚻᚣᛈᛖᚱᚠᚢᚾᚳᛏᛡᚾᛝ,568
impassiveness,40624,0,ᛁᛗᛈᚪᛋᛋᛁᚢᛖᚾᛖᛋᛋ,651
innocuousness,40504,0,ᛁᚾᚾᚩᚳᚢᚩᚢᛋᚾᛖᛋᛋ,377
christianities,40377,0,ᚳᚻᚱᛁᛋᛏᛡᚾᛁᛏᛁᛖᛋ,567
weightlifters,40365,0,ᚹᛖᛁᚷᚻᛏᛚᛁᚠᛏᛖᚱᛋ,512
leucocytozoon,40291,0,ᛚᛖᚢᚳᚩᚳᚣᛏᚩᛋᚩᚩᚾ,441
viceroyalties,40288,0,ᚢᛁᚳᛖᚱᚩᚣᚪᛚᛏᛁᛖᛋ,615
mousquetaires,40281,0,ᛗᚩᚢᛋᚳᚹᛖᛏᚪᛁᚱᛖᛋ,551
agglutinations,40250,0,ᚪᚷᚷᛚᚢᛏᛁᚾᚪᛏᛡᚾᛋ,671
individualise,40204,0,ᛁᚾᛞᛁᚢᛁᛞᚢᚪᛚᛁᛋᛖ,627
counteractions,40160,0,ᚳᚩᚢᚾᛏᛖᚱᚪᚳᛏᛡᚾᛋ,547
counterterror,40074,0,ᚳᚩᚢᚾᛏᛖᚱᛏᛖᚱᚱᚩᚱ,355
bougainvillaea,39910,0,ᛒᚩᚢᚷᚪᛁᚾᚢᛁᛚᛚᚫᚪ,623
neoclassicists,39867,0,ᚾᛇᚳᛚᚪᛋᛋᛁᚳᛁᛋᛏᛋ,599
lymphopoiesis,39750,0,ᛚᚣᛗᛈᚻᚩᛈᚩᛁᛖᛋᛁᛋ,605
condescensions,39726,0,ᚳᚩᚾᛞᛖᛋᚳᛖᚾᛋᛡᚾᛋ,609
interjectional,39699,0,ᛁᚾᛏᛖᚱᛂᛖᚳᛏᛡᚾᚪᛚ,679
herpetologist,39565,0,ᚻᛖᚱᛈᛖᛏᚩᛚᚩᚷᛁᛋᛏ,517
countervailed,39516,0,ᚳᚩᚢᚾᛏᛖᚱᚢᚪᛁᛚᛖᛞ,549
streptocarpus,39463,0,ᛋᛏᚱᛖᛈᛏᚩᚳᚪᚱᛈᚢᛋ,519
unthankfulness,39451,0,ᚢᚾᚦᚪᚾᚳᚠᚢᛚᚾᛖᛋᛋ,456
tatterdemalion,39361,0,ᛏᚪᛏᛏᛖᚱᛞᛖᛗᚪᛚᛡᚾ,885
graminivorous,39339,0,ᚷᚱᚪᛗᛁᚾᛁᚢᚩᚱᚩᚢᛋ,371
granularities,39302,0,ᚷᚱᚪᚾᚢᛚᚪᚱᛁᛏᛁᛖᛋ,579
viticulturist,39296,0,ᚢᛁᛏᛁᚳᚢᛚᛏᚢᚱᛁᛋᛏ,429
galvanometric,39271,0,ᚷᚪᛚᚢᚪᚾᚩᛗᛖᛏᚱᛁᚳ,575
contumaciously,39266,0,ᚳᚩᚾᛏᚢᛗᚪᚳᛡᚢᛋᛚᚣ,631
megalomaniacal,39222,0,ᛗᛖᚷᚪᛚᚩᛗᚪᚾᛡᚳᚪᛚ,819
exterminations,39219,0,ᛖᛉᛏᛖᚱᛗᛁᚾᚪᛏᛡᚾᛋ,727
counteroffers,39191,0,ᚳᚩᚢᚾᛏᛖᚱᚩᚠᚠᛖᚱᛋ,331
subjectivists,39137,0,ᛋᚢᛒᛂᛖᚳᛏᛁᚢᛁᛋᛏᛋ,523
decimalization,39042,0,ᛞᛖᚳᛁᛗᚪᛚᛁᛋᚪᛏᛡᚾ,817
whippoorwills,39023,0,ᚹᚻᛁᛈᛈᚩᚩᚱᚹᛁᛚᛚᛋ,433
quinquagesima,38935,0,ᚳᚹᛁᚾᚳᚹᚪᚷᛖᛋᛁᛗᚪ,557
tempestuously,38751,0,ᛏᛖᛗᛈᛖᛋᛏᚢᚩᚢᛋᛚᚣ,661
fallaciousness,38727,0,ᚠᚪᛚᛚᚪᚳᛡᚢᛋᚾᛖᛋᛋ,720
cryptanalytic,38639,0,ᚳᚱᚣᛈᛏᚪᚾᚪᛚᚣᛏᛁᚳ,731
cryptographer,38584,0,ᚳᚱᚣᛈᛏᚩᚷᚱᚪᛈᚻᛖᚱ,505
gymnosophists,38526,0,ᚷᚣᛗᚾᚩᛋᚩᛈᚻᛁᛋᛏᛋ,549
photomontages,38518,0,ᛈᚻᚩᛏᚩᛗᚩᚾᛏᚪᚷᛖᛋ,539
lepidopterist,38362,0,ᛚᛖᛈᛁᛞᚩᛈᛏᛖᚱᛁᛋᛏ,633
impractically,38355,0,ᛁᛗᛈᚱᚪᚳᛏᛁᚳᚪᛚᛚᚣ,715
siphonophores,38306,0,ᛋᛁᛈᚻᚩᚾᚩᛈᚻᚩᚱᛖᛋ,397
cosmographers,38235,0,ᚳᚩᛋᛗᚩᚷᚱᚪᛈᚻᛖᚱᛋ,473
motionlessness,38139,0,ᛗᚩᛏᛡᚾᛚᛖᛋᛋᚾᛖᛋᛋ,721
demythologized,38114,0,ᛞᛖᛗᚣᚦᚩᛚᚩᚷᛁᛋᛖᛞ,679
contrabassoon,38047,0,ᚳᚩᚾᛏᚱᚪᛒᚪᛋᛋᚩᚩᚾ,523
opportuneness,38043,0,ᚩᛈᛈᚩᚱᛏᚢᚾᛖᚾᛖᛋᛋ,471
tragicomedies,37984,0,ᛏᚱᚪᚷᛁᚳᚩᛗᛖᛞᛁᛖᛋ,613
insensitively,37937,0,ᛁᚾᛋᛖᚾᛋᛁᛏᛁᚢᛖᛚᚣ,629
sensationalize,37912,0,ᛋᛖᚾᛋᚪᛏᛡᚾᚪᛚᛁᛋᛖ,815
monstrousness,37895,0,ᛗᚩᚾᛋᛏᚱᚩᚢᛋᚾᛖᛋᛋ,495
recriminatory,37814,0,ᚱᛖᚳᚱᛁᛗᛁᚾᚪᛏᚩᚱᚣ,541
psychogenetic,37785,0,ᛈᛋᚣᚳᚻᚩᚷᛖᚾᛖᛏᛁᚳ,525
electrocutions,37751,0,ᛖᛚᛖᚳᛏᚱᚩᚳᚢᛏᛡᚾᛋ,561
replaceability,37648,0,ᚱᛖᛈᛚᚪᚳᛠᛒᛁᛚᛁᛏᚣ,771
demonetisation,37585,0,ᛞᛖᛗᚩᚾᛖᛏᛁᛋᚪᛏᛡᚾ,765
gymnospermous,37483,0,ᚷᚣᛗᚾᚩᛋᛈᛖᚱᛗᚩᚢᛋ,535
valedictorians,37419,0,ᚢᚪᛚᛖᛞᛁᚳᛏᚩᚱᛡᚾᛋ,639
steeplechases,37294,0,ᛋᛏᛖᛖᛈᛚᛖᚳᚻᚪᛋᛖᛋ,735
incrementation,37285,0,ᛁᚾᚳᚱᛖᛗᛖᚾᛏᚪᛏᛡᚾ,669
allelomorphic,37223,0,ᚪᛚᛚᛖᛚᚩᛗᚩᚱᛈᚻᛁᚳ,589
apostrophised,37150,0,ᚪᛈᚩᛋᛏᚱᚩᛈᚻᛁᛋᛖᛞ,583
precociousness,37120,0,ᛈᚱᛖᚳᚩᚳᛡᚢᛋᚾᛖᛋᛋ,519
monocotyledon,37028,0,ᛗᚩᚾᚩᚳᚩᛏᚣᛚᛖᛞᚩᚾ,561
authentications,37025,0,ᚪᚢᚦᛖᚾᛏᛁᚳᚪᛏᛡᚾᛋ,649
aerodynamicist,37006,0,ᚫᚱᚩᛞᚣᚾᚪᛗᛁᚳᛁᛋᛏ,695
metencephalon,37000,0,ᛗᛖᛏᛖᚾᚳᛖᛈᚻᚪᛚᚩᚾ,645
traditionality,36988,0,ᛏᚱᚪᛞᛁᛏᛡᚾᚪᛚᛁᛏᚣ,845
obscurantists,36980,0,ᚩᛒᛋᚳᚢᚱᚪᚾᛏᛁᛋᛏᛋ,529
nonterritorial,36962,0,ᚾᚩᚾᛏᛖᚱᚱᛁᛏᚩᚱᛡᛚ,501
exasperatedly,36949,0,ᛖᛉᚪᛋᛈᛖᚱᚪᛏᛖᛞᛚᚣ,873
stationmasters,36779,0,ᛋᛏᚪᛏᛡᚾᛗᚪᛋᛏᛖᚱᛋ,815
cytogenetical,36763,0,ᚳᚣᛏᚩᚷᛖᚾᛖᛏᛁᚳᚪᛚ,635
unboundedness,36726,0,ᚢᚾᛒᚩᚢᚾᛞᛖᛞᚾᛖᛋᛋ,579
collateralize,36681,0,ᚳᚩᛚᛚᚪᛏᛖᚱᚪᛚᛁᛋᛖ,721
decimalisation,36634,0,ᛞᛖᚳᛁᛗᚪᛚᛁᛋᚪᛏᛡᚾ,817
nectariferous,36600,0,ᚾᛖᚳᛏᚪᚱᛁᚠᛖᚱᚩᚢᛋ,450
wonderfulness,36544,0,ᚹᚩᚾᛞᛖᚱᚠᚢᛚᚾᛖᛋᛋ,502
classlessness,36501,0,ᚳᛚᚪᛋᛋᛚᛖᛋᛋᚾᛖᛋᛋ,737
intermixtures,36480,0,ᛁᚾᛏᛖᚱᛗᛁᛉᛏᚢᚱᛖᛋ,539
hematologists,36446,0,ᚻᛖᛗᚪᛏᚩᛚᚩᚷᛁᛋᛏᛋ,617
rectangularity,36301,0,ᚱᛖᚳᛏᚪᛝᚢᛚᚪᚱᛁᛏᚣ,703
cryptanalysts,36253,0,ᚳᚱᚣᛈᛏᚪᚾᚪᛚᚣᛋᛏᛋ,793
mercilessness,36012,0,ᛗᛖᚱᚳᛁᛚᛖᛋᛋᚾᛖᛋᛋ,641
alphanumerics,35998,0,ᚪᛚᛈᚻᚪᚾᚢᛗᛖᚱᛁᚳᛋ,611
unintermitted,35872,0,ᚢᚾᛁᚾᛏᛖᚱᛗᛁᛏᛏᛖᛞ,605
perfidiousness,35730,0,ᛈᛖᚱᚠᛁᛞᛡᚢᛋᚾᛖᛋᛋ,608
labyrinthodont,35630,0,ᛚᚪᛒᚣᚱᛁᚾᚦᚩᛞᚩᚾᛏ,601
swashbucklers,35416,0,ᛋᚹᚪᛋᚻᛒᚢᚳᚳᛚᛖᚱᛋ,539
grotesqueries,35318,0,ᚷᚱᚩᛏᛖᛋᚳᚹᛖᚱᛁᛖᛋ,475
remembrancers,35306,0,ᚱᛖᛗᛖᛗᛒᚱᚪᚾᚳᛖᚱᛋ,629
kaleidoscopes,35254,0,ᚳᚪᛚᛖᛁᛞᚩᛋᚳᚩᛈᛖᛋ,613
thriftlessness,35233,0,ᚦᚱᛁᚠᛏᛚᛖᛋᛋᚾᛖᛋᛋ,556
reflexiveness,35151,0,ᚱᛖᚠᛚᛖᛉᛁᚢᛖᚾᛖᛋᛋ,570
heterosporous,35096,0,ᚻᛖᛏᛖᚱᚩᛋᛈᚩᚱᚩᚢᛋ,411
nonhereditary,34997,0,ᚾᚩᚾᚻᛖᚱᛖᛞᛁᛏᚪᚱᚣ,623
northwestwards,34874,0,ᚾᚩᚱᚦᚹᛖᛋᛏᚹᚪᚱᛞᛋ,519
chemosynthesis,34748,0,ᚳᚻᛖᛗᚩᛋᚣᚾᚦᛖᛋᛁᛋ,575
undiscouraged,34722,0,ᚢᚾᛞᛁᛋᚳᚩᚢᚱᚪᚷᛖᛞ,509
overindulgent,34505,0,ᚩᚢᛖᚱᛁᚾᛞᚢᛚᚷᛖᚾᛏ,485
reciprocations,34440,0,ᚱᛖᚳᛁᛈᚱᚩᚳᚪᛏᛡᚾᛋ,541
vivisectionist,34327,0,ᚢᛁᚢᛁᛋᛖᚳᛏᛡᚾᛁᛋᛏ,539
uninhibitedly,34307,0,ᚢᚾᛁᚾᚻᛁᛒᛁᛏᛖᛞᛚᚣ,629
expostulatory,34252,0,ᛖᛉᛈᚩᛋᛏᚢᛚᚪᛏᚩᚱᚣ,629
transmigrated,34139,0,ᛏᚱᚪᚾᛋᛗᛁᚷᚱᚪᛏᛖᛞ,691
psychoanalyze,34104,0,ᛈᛋᚣᚳᚻᚩᚪᚾᚪᛚᚣᛋᛖ,761
underactivity,34040,0,ᚢᚾᛞᛖᚱᚪᚳᛏᛁᚢᛁᛏᚣ,595
momentariness,34038,0,ᛗᚩᛗᛖᚾᛏᚪᚱᛁᚾᛖᛋᛋ,645
administrable,33985,0,ᚪᛞᛗᛁᚾᛁᛋᛏᚱᚪᛒᛚᛖ,769
undersurfaces,33918,0,ᚢᚾᛞᛖᚱᛋᚢᚱᚠᚪᚳᛖᛋ,498
entomophilous,33847,0,ᛖᚾᛏᚩᛗᚩᛈᚻᛁᛚᚩᚢᛋ,473
prizefighters,33824,0,ᛈᚱᛁᛋᛖᚠᛁᚷᚻᛏᛖᚱᛋ,468
pteridosperms,33804,0,ᛈᛏᛖᚱᛁᛞᚩᛋᛈᛖᚱᛗᛋ,605
photometrical,33652,0,ᛈᚻᚩᛏᚩᛗᛖᛏᚱᛁᚳᚪᛚ,561
resolvability,33602,0,ᚱᛖᛋᚩᛚᚢᚪᛒᛁᛚᛁᛏᚣ,669
rediscoveries,33506,0,ᚱᛖᛞᛁᛋᚳᚩᚢᛖᚱᛁᛖᛋ,503
baccalaureates,33494,0,ᛒᚪᚳᚳᚪᛚᚪᚢᚱᛠᛏᛖᛋ,753
collectivised,33400,0,ᚳᚩᛚᛚᛖᚳᛏᛁᚢᛁᛋᛖᛞ,579
counterpointing,33384,0,ᚳᚩᚢᚾᛏᛖᚱᛈᚩᛁᚾᛏᛝ,437
roadworthiness,33329,0,ᚱᚩᚪᛞᚹᚩᚱᚦᛁᚾᛖᛋᛋ,479
chronographic,33314,0,ᚳᚻᚱᚩᚾᚩᚷᚱᚪᛈᚻᛁᚳ,325
nonconformism,33239,0,ᚾᚩᚾᚳᚩᚾᚠᚩᚱᛗᛁᛋᛗ,360
haematopoiesis,33126,0,ᚻᚫᛗᚪᛏᚩᛈᚩᛁᛖᛋᛁᛋ,643
misremembered,33042,0,ᛗᛁᛋᚱᛖᛗᛖᛗᛒᛖᚱᛖᛞ,737
denouncements,33000,0,ᛞᛖᚾᚩᚢᚾᚳᛖᛗᛖᚾᛏᛋ,583
corroborations,32922,0,ᚳᚩᚱᚱᚩᛒᚩᚱᚪᛏᛡᚾᛋ,473
disarticulate,32847,0,ᛞᛁᛋᚪᚱᛏᛁᚳᚢᛚᚪᛏᛖ,683
egotistically,32797,0,ᛖᚷᚩᛏᛁᛋᛏᛁᚳᚪᛚᛚᚣ,683
scolopendrium,32789,0,ᛋᚳᚩᛚᚩᛈᛖᚾᛞᚱᛁᚢᛗ,497
plaintiveness,32725,0,ᛈᛚᚪᛁᚾᛏᛁᚢᛖᚾᛖᛋᛋ,635
imparipinnate,32698,0,ᛁᛗᛈᚪᚱᛁᛈᛁᚾᚾᚪᛏᛖ,639
nonadjustable,32683,0,ᚾᚩᚾᚪᛞᛂᚢᛋᛏᚪᛒᛚᛖ,701
prosthodontist,32633,0,ᛈᚱᚩᛋᚦᚩᛞᚩᚾᛏᛁᛋᛏ,453
resuscitators,32572,0,ᚱᛖᛋᚢᛋᚳᛁᛏᚪᛏᚩᚱᛋ,517
encompassment,32535,0,ᛖᚾᚳᚩᛗᛈᚪᛋᛋᛗᛖᚾᛏ,659
undiscernible,32497,0,ᚢᚾᛞᛁᛋᚳᛖᚱᚾᛁᛒᛚᛖ,557
unintimidated,32440,0,ᚢᚾᛁᚾᛏᛁᛗᛁᛞᚪᛏᛖᛞ,685
unphilosophic,32429,0,ᚢᚾᛈᚻᛁᛚᚩᛋᚩᛈᚻᛁᚳ,379
incorporeality,32324,0,ᛁᚾᚳᚩᚱᛈᚩᚱᛠᛚᛁᛏᚣ,527
noiselessness,32303,0,ᚾᚩᛁᛋᛖᛚᛖᛋᛋᚾᛖᛋᛋ,635
semifinalists,32066,0,ᛋᛖᛗᛁᚠᛁᚾᚪᛚᛁᛋᛏᛋ,650
radiotherapists,32059,0,ᚱᚪᛞᛡᚦᛖᚱᚪᛈᛁᛋᛏᛋ,723
apoplectiform,31915,0,ᚪᛈᚩᛈᛚᛖᚳᛏᛁᚠᚩᚱᛗ,524
masterfulness,31899,0,ᛗᚪᛋᛏᛖᚱᚠᚢᛚᚾᛖᛋᛋ,638
admeasurements,31895,0,ᚪᛞᛗᛠᛋᚢᚱᛖᛗᛖᚾᛏᛋ,779
chokecherries,31859,0,ᚳᚻᚩᚳᛖᚳᚻᛖᚱᚱᛁᛖᛋ,399
postmenstrual,31857,0,ᛈᚩᛋᛏᛗᛖᚾᛋᛏᚱᚢᚪᛚ,625
insincerities,31540,0,ᛁᚾᛋᛁᚾᚳᛖᚱᛁᛏᛁᛖᛋ,505
tranquilliser,31471,0,ᛏᚱᚪᚾᚳᚹᛁᛚᛚᛁᛋᛖᚱ,567
semicivilized,31463,0,ᛋᛖᛗᛁᚳᛁᚢᛁᛚᛁᛋᛖᛞ,613
compassionated,31436,0,ᚳᚩᛗᛈᚪᛋᛋᛡᚾᚪᛏᛖᛞ,785
denationalised,31166,0,ᛞᛖᚾᚪᛏᛡᚾᚪᛚᛁᛋᛖᛞ,887
philhellenism,31163,0,ᛈᚻᛁᛚᚻᛖᛚᛚᛖᚾᛁᛋᛗ,657
prefigurations,31149,0,ᛈᚱᛖᚠᛁᚷᚢᚱᚪᛏᛡᚾᛋ,530
inattentively,31120,0,ᛁᚾᚪᛏᛏᛖᚾᛏᛁᚢᛖᛚᚣ,707
unpublishable,31106,0,ᚢᚾᛈᚢᛒᛚᛁᛋᚻᚪᛒᛚᛖ,617
misanthropical,31064,0,ᛗᛁᛋᚪᚾᚦᚱᚩᛈᛁᚳᚪᛚ,561
encapsulations,30927,0,ᛖᚾᚳᚪᛈᛋᚢᛚᚪᛏᛡᚾᛋ,723
remonstrations,30891,0,ᚱᛖᛗᚩᚾᛋᛏᚱᚪᛏᛡᚾᛋ,653
wrongheadedness,30794,0,ᚹᚱᚩᛝᚻᛠᛞᛖᛞᚾᛖᛋᛋ,695
ungratefulness,30789,0,ᚢᛝᚱᚪᛏᛖᚠᚢᛚᚾᛖᛋᛋ,596
coccobacillus,30789,0,ᚳᚩᚳᚳᚩᛒᚪᚳᛁᛚᛚᚢᛋ,457
hemoglobinemia,30770,0,ᚻᛖᛗᚩᚷᛚᚩᛒᛁᚾᛖᛗᛡ,631
privateersman,30752,0,ᛈᚱᛁᚢᚪᛏᛖᛖᚱᛋᛗᚪᚾ,639
childlikeness,30747,0,ᚳᚻᛁᛚᛞᛚᛁᚳᛖᚾᛖᛋᛋ,615
bacteriostasis,30740,0,ᛒᚪᚳᛏᛖᚱᛡᛋᛏᚪᛋᛁᛋ,761
mitrailleuses,30643,0,ᛗᛁᛏᚱᚪᛁᛚᛚᛖᚢᛋᛖᛋ,689
nonsensically,30556,0,ᚾᚩᚾᛋᛖᚾᛋᛁᚳᚪᛚᛚᚣ,657
caravansaries,30556,0,ᚳᚪᚱᚪᚢᚪᚾᛋᚪᚱᛁᛖᛋ,659
bioelectricity,30519,0,ᛒᛡᛖᛚᛖᚳᛏᚱᛁᚳᛁᛏᚣ,695
reconstructor,30475,0,ᚱᛖᚳᚩᚾᛋᛏᚱᚢᚳᛏᚩᚱ,343
encephalartos,30436,0,ᛖᚾᚳᛖᛈᚻᚪᛚᚪᚱᛏᚩᛋ,639
unrestrictive,30399,0,ᚢᚾᚱᛖᛋᛏᚱᛁᚳᛏᛁᚢᛖ,437
commensuration,30230,0,ᚳᚩᛗᛗᛖᚾᛋᚢᚱᚪᛏᛡᚾ,617
garrulousness,30110,0,ᚷᚪᚱᚱᚢᛚᚩᚢᛋᚾᛖᛋᛋ,477
particularising,30089,0,ᛈᚪᚱᛏᛁᚳᚢᛚᚪᚱᛁᛋᛝ,601
vermiculations,30012,0,ᚢᛖᚱᛗᛁᚳᚢᛚᚪᛏᛡᚾᛋ,617
physiognomists,29980,0,ᛈᚻᚣᛋᛡᚷᚾᚩᛗᛁᛋᛏᛋ,649
southwestwards,29938,0,ᛋᚩᚢᚦᚹᛖᛋᛏᚹᚪᚱᛞᛋ,535
counterstrike,29879,0,ᚳᚩᚢᚾᛏᛖᚱᛋᛏᚱᛁᚳᛖ,423
checkerboards,29789,0,ᚳᚻᛖᚳᚳᛖᚱᛒᚩᚪᚱᛞᛋ,525
desperateness,29727,0,ᛞᛖᛋᛈᛖᚱᚪᛏᛖᚾᛖᛋᛋ,755
overemphasise,29409,0,ᚩᚢᛖᚱᛖᛗᛈᚻᚪᛋᛁᛋᛖ,593
overstimulate,29408,0,ᚩᚢᛖᚱᛋᛏᛁᛗᚢᛚᚪᛏᛖ,601
unchangeability,29385,0,ᚢᚾᚳᚻᚪᛝᛠᛒᛁᛚᛁᛏᚣ,711
nonautomotive,29169,0,ᚾᚩᚾᚪᚢᛏᚩᛗᚩᛏᛁᚢᛖ,469
unrepentantly,29080,0,ᚢᚾᚱᛖᛈᛖᚾᛏᚪᚾᛏᛚᚣ,669
tranquillised,28920,0,ᛏᚱᚪᚾᚳᚹᛁᛚᛚᛁᛋᛖᛞ,645
blastomycetes,28881,0,ᛒᛚᚪᛋᛏᚩᛗᚣᚳᛖᛏᛖᛋ,783
divertisement,28771,0,ᛞᛁᚢᛖᚱᛏᛁᛋᛖᛗᛖᚾᛏ,637
reincorporating,28742,0,ᚱᛖᛁᚾᚳᚩᚱᛈᚩᚱᚪᛏᛝ,465
viscosimeters,28736,0,ᚢᛁᛋᚳᚩᛋᛁᛗᛖᛏᛖᚱᛋ,519
defenestration,28698,0,ᛞᛖᚠᛖᚾᛖᛋᛏᚱᚪᛏᛡᚾ,736
megasporangium,28689,0,ᛗᛖᚷᚪᛋᛈᚩᚱᚪᛝᛁᚢᛗ,647
momentousness,28666,0,ᛗᚩᛗᛖᚾᛏᚩᚢᛋᚾᛖᛋᛋ,569
encyclopaedist,28587,0,ᛖᚾᚳᚣᚳᛚᚩᛈᚫᛞᛁᛋᛏ,681
circumnutation,28576,0,ᚳᛁᚱᚳᚢᛗᚾᚢᛏᚪᛏᛡᚾ,525
rickettsialpox,28574,0,ᚱᛁᚳᚳᛖᛏᛏᛋᛡᛚᛈᚩᛉ,583
descriptivism,28463,0,ᛞᛖᛋᚳᚱᛁᛈᛏᛁᚢᛁᛋᛗ,555
awkwardnesses,28428,0,ᚪᚹᚳᚹᚪᚱᛞᚾᛖᛋᛋᛖᛋ,667
craftsmanlike,28388,0,ᚳᚱᚪᚠᛏᛋᛗᚪᚾᛚᛁᚳᛖ,616
magniloquence,28331,0,ᛗᚪᚷᚾᛁᛚᚩᚳᚹᛖᚾᚳᛖ,533
moderatorship,28272,0,ᛗᚩᛞᛖᚱᚪᛏᚩᚱᛋᚻᛁᛈ,569
enchantresses,28243,0,ᛖᚾᚳᚻᚪᚾᛏᚱᛖᛋᛋᛖᛋ,621
unrespectable,28118,0,ᚢᚾᚱᛖᛋᛈᛖᚳᛏᚪᛒᛚᛖ,643
nitrobenzenes,27891,0,ᚾᛁᛏᚱᚩᛒᛖᚾᛋᛖᚾᛖᛋ,563
electroplater,27874,0,ᛖᛚᛖᚳᛏᚱᚩᛈᛚᚪᛏᛖᚱ,647
ponderousness,27766,0,ᛈᚩᚾᛞᛖᚱᚩᚢᛋᚾᛖᛋᛋ,511
modernisations,27633,0,ᛗᚩᛞᛖᚱᚾᛁᛋᚪᛏᛡᚾᛋ,703
lepidopterans,27614,0,ᛚᛖᛈᛁᛞᚩᛈᛏᛖᚱᚪᚾᛋ,669
ferricyanides,27553,0,ᚠᛖᚱᚱᛁᚳᚣᚪᚾᛁᛞᛖᛋ,604
psychokinetic,27495,0,ᛈᛋᚣᚳᚻᚩᚳᛁᚾᛖᛏᛁᚳ,485
amorphousness,27437,0,ᚪᛗᚩᚱᛈᚻᚩᚢᛋᚾᛖᛋᛋ,517
nonfigurative,27400,0,ᚾᚩᚾᚠᛁᚷᚢᚱᚪᛏᛁᚢᛖ,386
plentifulness,27291,0,ᛈᛚᛖᚾᛏᛁᚠᚢᛚᚾᛖᛋᛋ,582
uninflammable,27211,0,ᚢᚾᛁᚾᚠᛚᚪᛗᛗᚪᛒᛚᛖ,704
backgrounders,27151,0,ᛒᚪᚳᚳᚷᚱᚩᚢᚾᛞᛖᚱᛋ,471
cosmopolitics,27147,0,ᚳᚩᛋᛗᚩᛈᚩᛚᛁᛏᛁᚳᛋ,461
commandership,27122,0,ᚳᚩᛗᛗᚪᚾᛞᛖᚱᛋᚻᛁᛈ,605
undescribable,26983,0,ᚢᚾᛞᛖᛋᚳᚱᛁᛒᚪᛒᛚᛖ,655
uncategorized,26869,0,ᚢᚾᚳᚪᛏᛖᚷᚩᚱᛁᛋᛖᛞ,543
unconceivable,26816,0,ᚢᚾᚳᚩᚾᚳᛖᛁᚢᚪᛒᛚᛖ,493
noncommunists,26800,0,ᚾᚩᚾᚳᚩᛗᛗᚢᚾᛁᛋᛏᛋ,455
inorganically,26764,0,ᛁᚾᚩᚱᚷᚪᚾᛁᚳᚪᛚᛚᚣ,611
administrates,26730,0,ᚪᛞᛗᛁᚾᛁᛋᛏᚱᚪᛏᛖᛋ,747
exothermically,26652,0,ᛖᛉᚩᚦᛖᚱᛗᛁᚳᚪᛚᛚᚣ,665
conversaziones,26640,0,ᚳᚩᚾᚢᛖᚱᛋᚪᛋᛡᚾᛖᛋ,589
cucurbitaceous,26554,0,ᚳᚢᚳᚢᚱᛒᛁᛏᚪᚳᛇᚢᛋ,401
unfulfillable,26375,0,ᚢᚾᚠᚢᛚᚠᛁᛚᛚᚪᛒᛚᛖ,587
unworkmanlike,26286,0,ᚢᚾᚹᚩᚱᚳᛗᚪᚾᛚᛁᚳᛖ,463
summarizations,26200,0,ᛋᚢᛗᛗᚪᚱᛁᛋᚪᛏᛡᚾᛋ,735
imperfectness,26175,0,ᛁᛗᛈᛖᚱᚠᛖᚳᛏᚾᛖᛋᛋ,566
bougainvilleas,26163,0,ᛒᚩᚢᚷᚪᛁᚾᚢᛁᛚᛚᛠᛋ,587
passionateness,25960,0,ᛈᚪᛋᛋᛡᚾᚪᛏᛖᚾᛖᛋᛋ,807
unworkability,25947,0,ᚢᚾᚹᚩᚱᚳᚪᛒᛁᛚᛁᛏᚣ,537
proconsulship,25943,0,ᛈᚱᚩᚳᚩᚾᛋᚢᛚᛋᚻᛁᛈ,389
histrionically,25942,0,ᚻᛁᛋᛏᚱᛡᚾᛁᚳᚪᛚᛚᚣ,703
perniciousness,25941,0,ᛈᛖᚱᚾᛁᚳᛡᚢᛋᚾᛖᛋᛋ,559
splendiferous,25840,0,ᛋᛈᛚᛖᚾᛞᛁᚠᛖᚱᚩᚢᛋ,528
exportability,25833,0,ᛖᛉᛈᚩᚱᛏᚪᛒᛁᛚᛁᛏᚣ,689
constableship,25770,0,ᚳᚩᚾᛋᛏᚪᛒᛚᛖᛋᚻᛁᛈ,609
newfoundlands,25644,0,ᚾᛖᚹᚠᚩᚢᚾᛞᛚᚪᚾᛞᛋ,586
bastardization,25621,0,ᛒᚪᛋᛏᚪᚱᛞᛁᛋᚪᛏᛡᚾ,843
tracheostomies,25464,0,ᛏᚱᚪᚳᚻᛇᛋᛏᚩᛗᛁᛖᛋ,585
scandalmongers,25464,0,ᛋᚳᚪᚾᛞᚪᛚᛗᚩᛝᛖᚱᛋ,739
correlativity,25359,0,ᚳᚩᚱᚱᛖᛚᚪᛏᛁᚢᛁᛏᚣ,565
megalopolises,25319,0,ᛗᛖᚷᚪᛚᚩᛈᚩᛚᛁᛋᛖᛋ,659
toastmistress,25212,0,ᛏᚩᚪᛋᛏᛗᛁᛋᛏᚱᛖᛋᛋ,673
straightaways,25190,0,ᛋᛏᚱᚪᛁᚷᚻᛏᚪᚹᚪᚣᛋ,719
puritanically,25180,0,ᛈᚢᚱᛁᛏᚪᚾᛁᚳᚪᛚᛚᚣ,663
improvability,25162,0,ᛁᛗᛈᚱᚩᚢᚪᛒᛁᛚᛁᛏᚣ,621
antilogarithms,25128,0,ᚪᚾᛏᛁᛚᚩᚷᚪᚱᛁᚦᛗᛋ,581
spinelessness,25119,0,ᛋᛈᛁᚾᛖᛚᛖᛋᛋᚾᛖᛋᛋ,671
boustrophedon,25111,0,ᛒᚩᚢᛋᛏᚱᚩᛈᚻᛖᛞᚩᚾ,459
loquaciousness,25107,0,ᛚᚩᚳᚹᚪᚳᛡᚢᛋᚾᛖᛋᛋ,587
reciprocative,24980,0,ᚱᛖᚳᛁᛈᚱᚩᚳᚪᛏᛁᚢᛖ,453
sesquipedalian,24923,0,ᛋᛖᛋᚳᚹᛁᛈᛖᛞᚪᛚᛡᚾ,741
contortionists,24916,0,ᚳᚩᚾᛏᚩᚱᛏᛡᚾᛁᛋᛏᛋ,517
faultlessness,24889,0,ᚠᚪᚢᛚᛏᛚᛖᛋᛋᚾᛖᛋᛋ,682
corroboratory,24872,0,ᚳᚩᚱᚱᚩᛒᚩᚱᚪᛏᚩᚱᚣ,405
contrapuntist,24760,0,ᚳᚩᚾᛏᚱᚪᛈᚢᚾᛏᛁᛋᛏ,493
gynandromorph,24748,0,ᚷᚣᚾᚪᚾᛞᚱᚩᛗᚩᚱᛈᚻ,537
expectorations,24739,0,ᛖᛉᛈᛖᚳᛏᚩᚱᚪᛏᛡᚾᛋ,659
leisureliness,24721,0,ᛚᛖᛁᛋᚢᚱᛖᛚᛁᚾᛖᛋᛋ,611
perspectively,24703,0,ᛈᛖᚱᛋᛈᛖᚳᛏᛁᚢᛖᛚᚣ,633
luxembourgers,24689,0,ᛚᚢᛉᛖᛗᛒᚩᚢᚱᚷᛖᚱᛋ,491
distressfully,24581,0,ᛞᛁᛋᛏᚱᛖᛋᛋᚠᚢᛚᛚᚣ,670
spiritualizes,24578,0,ᛋᛈᛁᚱᛁᛏᚢᚪᛚᛁᛋᛖᛋ,605
reprehensibly,24482,0,ᚱᛖᛈᚱᛖᚻᛖᚾᛋᛁᛒᛚᚣ,639
organification,24397,0,ᚩᚱᚷᚪᚾᛁᚠᛁᚳᚪᛏᛡᚾ,530
amphidiploids,24364,0,ᚪᛗᛈᚻᛁᛞᛁᛈᛚᚩᛁᛞᛋ,681
electrologist,24305,0,ᛖᛚᛖᚳᛏᚱᚩᛚᚩᚷᛁᛋᛏ,537
postmillennial,24299,0,ᛈᚩᛋᛏᛗᛁᛚᛚᛖᚾᚾᛡᛚ,715
bountifulness,24297,0,ᛒᚩᚢᚾᛏᛁᚠᚢᛚᚾᛖᛋᛋ,470
nonrefillable,24175,0,ᚾᚩᚾᚱᛖᚠᛁᛚᛚᚪᛒᛚᛖ,620
straightedges,24051,0,ᛋᛏᚱᚪᛁᚷᚻᛏᛖᛞᚷᛖᛋ,643
hydrostatical,24014,0,ᚻᚣᛞᚱᚩᛋᛏᚪᛏᛁᚳᚪᛚ,715
encirclements,24014,0,ᛖᚾᚳᛁᚱᚳᛚᛖᛗᛖᚾᛏᛋ,583
heterogenesis,23934,0,ᚻᛖᛏᛖᚱᚩᚷᛖᚾᛖᛋᛁᛋ,551
temperateness,23928,0,ᛏᛖᛗᛈᛖᚱᚪᛏᛖᚾᛖᛋᛋ,743
mistrustfully,23898,0,ᛗᛁᛋᛏᚱᚢᛋᛏᚠᚢᛚᛚᚣ,594
unrelatedness,23897,0,ᚢᚾᚱᛖᛚᚪᛏᛖᛞᚾᛖᛋᛋ,697
domesticities,23800,0,ᛞᚩᛗᛖᛋᛏᛁᚳᛁᛏᛁᛖᛋ,631
decarboxylate,23780,0,ᛞᛖᚳᚪᚱᛒᚩᛉᚣᛚᚪᛏᛖ,791
unsuspiciously,23776,0,ᚢᚾᛋᚢᛋᛈᛁᚳᛡᚢᛋᛚᚣ,567
bewilderments,23737,0,ᛒᛖᚹᛁᛚᛞᛖᚱᛗᛖᚾᛏᛋ,697
unsettledness,23734,0,ᚢᚾᛋᛖᛏᛏᛚᛖᛞᚾᛖᛋᛋ,701
streptothricin,23692,0,ᛋᛏᚱᛖᛈᛏᚩᚦᚱᛁᚳᛁᚾ,419
heterological,23661,0,ᚻᛖᛏᛖᚱᚩᛚᚩᚷᛁᚳᚪᛚ,545
hypnoanalysis,23465,0,ᚻᚣᛈᚾᚩᚪᚾᚪᛚᚣᛋᛁᛋ,741
executorships,23456,0,ᛖᛉᛖᚳᚢᛏᚩᚱᛋᚻᛁᛈᛋ,477
impracticably,23387,0,ᛁᛗᛈᚱᚪᚳᛏᛁᚳᚪᛒᛚᚣ,703
discreditably,23225,0,ᛞᛁᛋᚳᚱᛖᛞᛁᛏᚪᛒᛚᚣ,777
illustrissimo,23192,0,ᛁᛚᛚᚢᛋᛏᚱᛁᛋᛋᛁᛗᚩ,549
commodiousness,23157,0,ᚳᚩᛗᛗᚩᛞᛡᚢᛋᚾᛖᛋᛋ,623
unconstricted,23063,0,ᚢᚾᚳᚩᚾᛋᛏᚱᛁᚳᛏᛖᛞ,463
originalities,23029,0,ᚩᚱᛁᚷᛁᚾᚪᛚᛁᛏᛁᛖᛋ,537
complaisantly,22998,0,ᚳᚩᛗᛈᛚᚪᛁᛋᚪᚾᛏᛚᚣ,749
misapprehending,22965,0,ᛗᛁᛋᚪᛈᛈᚱᛖᚻᛖᚾᛞᛝ,703
discourtesies,22879,0,ᛞᛁᛋᚳᚩᚢᚱᛏᛖᛋᛁᛖᛋ,537
marriageability,22836,0,ᛗᚪᚱᚱᛡᚷᛠᛒᛁᛚᛁᛏᚣ,781
nephrectomies,22834,0,ᚾᛖᛈᚻᚱᛖᚳᛏᚩᛗᛁᛖᛋ,541
sterilisations,22783,0,ᛋᛏᛖᚱᛁᛚᛁᛋᚪᛏᛡᚾᛋ,723
hyperboloidal,22761,0,ᚻᚣᛈᛖᚱᛒᚩᛚᚩᛁᛞᚪᛚ,685
negligibility,22758,0,ᚾᛖᚷᛚᛁᚷᛁᛒᛁᛚᛁᛏᚣ,623
systematizers,22730,0,ᛋᚣᛋᛏᛖᛗᚪᛏᛁᛋᛖᚱᛋ,777
constrainedly,22611,0,ᚳᚩᚾᛋᛏᚱᚪᛁᚾᛖᛞᛚᚣ,661
tritubercular,22598,0,ᛏᚱᛁᛏᚢᛒᛖᚱᚳᚢᛚᚪᚱ,499
guiltlessness,22489,0,ᚷᚢᛁᛚᛏᛚᛖᛋᛋᚾᛖᛋᛋ,631
reconsecration,22369,0,ᚱᛖᚳᚩᚾᛋᛖᚳᚱᚪᛏᛡᚾ,563
equilibrations,22336,0,ᛖᚳᚹᛁᛚᛁᛒᚱᚪᛏᛡᚾᛋ,651
graphologists,22332,0,ᚷᚱᚪᛈᚻᚩᛚᚩᚷᛁᛋᛏᛋ,491
suitabilities,22316,0,ᛋᚢᛁᛏᚪᛒᛁᛚᛁᛏᛁᛖᛋ,649
electroplates,22276,0,ᛖᛚᛖᚳᛏᚱᚩᛈᛚᚪᛏᛖᛋ,689
needleworkers,22230,0,ᚾᛖᛖᛞᛚᛖᚹᚩᚱᚳᛖᚱᛋ,573
psychotically,22223,0,ᛈᛋᚣᚳᚻᚩᛏᛁᚳᚪᛚᛚᚣ,691
diffusiveness,22173,0,ᛞᛁᚠᚠᚢᛋᛁᚢᛖᚾᛖᛋᛋ,483
avariciousness,22091,0,ᚪᚢᚪᚱᛁᚳᛡᚢᛋᚾᛖᛋᛋ,617
disafforested,21928,0,ᛞᛁᛋᚪᚠᚠᚩᚱᛖᛋᛏᛖᛞ,627
unhealthfulness,21899,0,ᚢᚾᚻᛠᛚᚦᚠᚢᛚᚾᛖᛋᛋ,522
contumeliously,21884,0,ᚳᚩᚾᛏᚢᛗᛖᛚᛡᚢᛋᛚᚣ,661
protoceratops,21856,0,ᛈᚱᚩᛏᚩᚳᛖᚱᚪᛏᚩᛈᛋ,477
distinguishably,21816,0,ᛞᛁᛋᛏᛝᚢᛁᛋᚻᚪᛒᛚᚣ,755
subordinative,21676,0,ᛋᚢᛒᚩᚱᛞᛁᚾᚪᛏᛁᚢᛖ,541
sophistically,21614,0,ᛋᚩᛈᚻᛁᛋᛏᛁᚳᚪᛚᛚᚣ,659
dilettanteism,21510,0,ᛞᛁᛚᛖᛏᛏᚪᚾᛏᛖᛁᛋᛗ,785
unexplainably,21472,0,ᚢᚾᛖᛉᛈᛚᚪᛁᚾᚪᛒᛚᚣ,753
metamorphopsia,21360,0,ᛗᛖᛏᚪᛗᚩᚱᛈᚻᚩᛈᛋᛡ,659
perseverations,21334,0,ᛈᛖᚱᛋᛖᚢᛖᚱᚪᛏᛡᚾᛋ,667
accommodatingly,21306,0,ᚪᚳᚳᚩᛗᛗᚩᛞᚪᛏᛝᛚᚣ,779
cobelligerent,21266,0,ᚳᚩᛒᛖᛚᛚᛁᚷᛖᚱᛖᚾᛏ,575
disfranchises,21112,0,ᛞᛁᛋᚠᚱᚪᚾᚳᚻᛁᛋᛖᛋ,552
intransigents,21061,0,ᛁᚾᛏᚱᚪᚾᛋᛁᚷᛖᚾᛏᛋ,565
platyhelminths,21060,0,ᛈᛚᚪᛏᚣᚻᛖᛚᛗᛁᚾᚦᛋ,727
cheerlessness,21029,0,ᚳᚻᛖᛖᚱᛚᛖᛋᛋᚾᛖᛋᛋ,629
philodendrons,20991,0,ᛈᚻᛁᛚᚩᛞᛖᚾᛞᚱᚩᚾᛋ,551
discomfitures,20979,0,ᛞᛁᛋᚳᚩᛗᚠᛁᛏᚢᚱᛖᛋ,490
precentorship,20973,0,ᛈᚱᛖᚳᛖᚾᛏᚩᚱᛋᚻᛁᛈ,457
bronchoscopes,20971,0,ᛒᚱᚩᚾᚳᚻᚩᛋᚳᚩᛈᛖᛋ,387
unsurrendered,20949,0,ᚢᚾᛋᚢᚱᚱᛖᚾᛞᛖᚱᛖᛞ,529
hazardousness,20895,0,ᚻᚪᛋᚪᚱᛞᚩᚢᛋᚾᛖᛋᛋ,635
noncontentious,20836,0,ᚾᚩᚾᚳᚩᚾᛏᛖᚾᛏᛡᚢᛋ,491
adventuresses,20730,0,ᚪᛞᚢᛖᚾᛏᚢᚱᛖᛋᛋᛖᛋ,651
dissimulations,20680,0,ᛞᛁᛋᛋᛁᛗᚢᛚᚪᛏᛡᚾᛋ,749
credulousness,20617,0,ᚳᚱᛖᛞᚢᛚᚩᚢᛋᚾᛖᛋᛋ,521
haphazardness,20612,0,ᚻᚪᛈᚻᚪᛋᚪᚱᛞᚾᛖᛋᛋ,735
agrobiological,20529,0,ᚪᚷᚱᚩᛒᛡᛚᚩᚷᛁᚳᚪᛚ,611
apostrophises,20482,0,ᚪᛈᚩᛋᛏᚱᚩᛈᚻᛁᛋᛖᛋ,547
bloodlessness,20174,0,ᛒᛚᚩᚩᛞᛚᛖᛋᛋᚾᛖᛋᛋ,685
subserviently,20129,0,ᛋᚢᛒᛋᛖᚱᚢᛁᛖᚾᛏᛚᚣ,613
eligibilities,20122,0,ᛖᛚᛁᚷᛁᛒᛁᛚᛁᛏᛁᛖᛋ,625
purposelessly,20119,0,ᛈᚢᚱᛈᚩᛋᛖᛚᛖᛋᛋᛚᚣ,649
complicatedly,20042,0,ᚳᚩᛗᛈᛚᛁᚳᚪᛏᛖᛞᛚᚣ,739
inexactitudes,20036,0,ᛁᚾᛖᛉᚪᚳᛏᛁᛏᚢᛞᛖᛋ,645
seasonableness,19973,0,ᛋᛠᛋᚩᚾᚪᛒᛚᛖᚾᛖᛋᛋ,751
primigravidas,19944,0,ᛈᚱᛁᛗᛁᚷᚱᚪᚢᛁᛞᚪᛋ,585
scholarliness,19915,0,ᛋᚳᚻᚩᛚᚪᚱᛚᛁᚾᛖᛋᛋ,583
philosophised,19890,0,ᛈᚻᛁᛚᚩᛋᚩᛈᚻᛁᛋᛖᛞ,543
calvinistical,19811,0,ᚳᚪᛚᚢᛁᚾᛁᛋᛏᛁᚳᚪᛚ,603
retransformed,19793,0,ᚱᛖᛏᚱᚪᚾᛋᚠᚩᚱᛗᛖᛞ,574
reclusiveness,19788,0,ᚱᛖᚳᛚᚢᛋᛁᚢᛖᚾᛖᛋᛋ,523
undutifulness,19742,0,ᚢᚾᛞᚢᛏᛁᚠᚢᛚᚾᛖᛋᛋ,494
unneighbourly,19704,0,ᚢᚾᚾᛖᛁᚷᚻᛒᚩᚢᚱᛚᚣ,457
transmigrates,19679,0,ᛏᚱᚪᚾᛋᛗᛁᚷᚱᚪᛏᛖᛋ,655
arithmetization,19624,0,ᚪᚱᛁᚦᛗᛖᛏᛁᛋᚪᛏᛡᚾ,717
harmoniousness,19593,0,ᚻᚪᚱᛗᚩᚾᛡᚢᛋᚾᛖᛋᛋ,603
extrasystolic,19482,0,ᛖᛉᛏᚱᚪᛋᚣᛋᛏᚩᛚᛁᚳ,673
communicatory,19451,0,ᚳᚩᛗᛗᚢᚾᛁᚳᚪᛏᚩᚱᚣ,515
valuelessness,19417,0,ᚢᚪᛚᚢᛖᛚᛖᛋᛋᚾᛖᛋᛋ,691
superphysical,19402,0,ᛋᚢᛈᛖᚱᛈᚻᚣᛋᛁᚳᚪᛚ,613
microbalances,19375,0,ᛗᛁᚳᚱᚩᛒᚪᛚᚪᚾᚳᛖᛋ,623
licentiateship,19246,0,ᛚᛁᚳᛖᚾᛏᛡᛏᛖᛋᚻᛁᛈ,655
nonarbitrable,19200,0,ᚾᚩᚾᚪᚱᛒᛁᛏᚱᚪᛒᛚᛖ,633
murderousness,19097,0,ᛗᚢᚱᛞᛖᚱᚩᚢᛋᚾᛖᛋᛋ,517
circumventions,18947,0,ᚳᛁᚱᚳᚢᛗᚢᛖᚾᛏᛡᚾᛋ,489
banderilleros,18938,0,ᛒᚪᚾᛞᛖᚱᛁᛚᛚᛖᚱᚩᛋ,669
hymenopterans,18914,0,ᚻᚣᛗᛖᚾᚩᛈᛏᛖᚱᚪᚾᛋ,659
resentfulness,18865,0,ᚱᛖᛋᛖᚾᛏᚠᚢᛚᚾᛖᛋᛋ,566
confederative,18785,0,ᚳᚩᚾᚠᛖᛞᛖᚱᚪᛏᛁᚢᛖ,542
conceitedness,18778,0,ᚳᚩᚾᚳᛖᛁᛏᛖᛞᚾᛖᛋᛋ,577
miscalculates,18688,0,ᛗᛁᛋᚳᚪᛚᚳᚢᛚᚪᛏᛖᛋ,703
appendicularia,18500,0,ᚪᛈᛈᛖᚾᛞᛁᚳᚢᛚᚪᚱᛡ,703
comprehendingly,18443,0,ᚳᚩᛗᛈᚱᛖᚻᛖᚾᛞᛝᛚᚣ,675
parasiticidal,18428,0,ᛈᚪᚱᚪᛋᛁᛏᛁᚳᛁᛞᚪᛚ,725
commiserations,18392,0,ᚳᚩᛗᛗᛁᛋᛖᚱᚪᛏᛡᚾᛋ,669
federalisation,18350,0,ᚠᛖᛞᛖᚱᚪᛚᛁᛋᚪᛏᛡᚾ,782
schematisation,18208,0,ᛋᚳᚻᛖᛗᚪᛏᛁᛋᚪᛏᛡᚾ,759
unaffectionate,18152,0,ᚢᚾᚪᚠᚠᛖᚳᛏᛡᚾᚪᛏᛖ,631
frankensteins,18086,0,ᚠᚱᚪᚾᚳᛖᚾᛋᛏᛖᛁᚾᛋ,540
categorematic,18010,0,ᚳᚪᛏᛖᚷᚩᚱᛖᛗᚪᛏᛁᚳ,609
steeplechaser,17965,0,ᛋᛏᛖᛖᛈᛚᛖᚳᚻᚪᛋᛖᚱ,693
gracelessness,17949,0,ᚷᚱᚪᚳᛖᛚᛖᛋᛋᚾᛖᛋᛋ,653
unconciliatory,17947,0,ᚢᚾᚳᚩᚾᚳᛁᛚᛡᛏᚩᚱᚣ,485
dramatisations,17861,0,ᛞᚱᚪᛗᚪᛏᛁᛋᚪᛏᛡᚾᛋ,853
calligraphist,17822,0,ᚳᚪᛚᛚᛁᚷᚱᚪᛈᚻᛁᛋᛏ,621
untenableness,17798,0,ᚢᚾᛏᛖᚾᚪᛒᛚᛖᚾᛖᛋᛋ,687
stationariness,17760,0,ᛋᛏᚪᛏᛡᚾᚪᚱᛁᚾᛖᛋᛋ,745
dauntlessness,17739,0,ᛞᚪᚢᚾᛏᛚᛖᛋᛋᚾᛖᛋᛋ,725
nonenforceable,17735,0,ᚾᚩᚾᛖᚾᚠᚩᚱᚳᛠᛒᛚᛖ,504
liebfraumilch,17731,0,ᛚᛁᛖᛒᚠᚱᚪᚢᛗᛁᛚᚳᚻ,556
colorlessness,17702,0,ᚳᚩᛚᚩᚱᛚᛖᛋᛋᚾᛖᛋᛋ,559
convivialities,17626,0,ᚳᚩᚾᚢᛁᚢᛡᛚᛁᛏᛁᛖᛋ,507
wisconsinites,17556,0,ᚹᛁᛋᚳᚩᚾᛋᛁᚾᛁᛏᛖᛋ,475
archduchesses,17469,0,ᚪᚱᚳᚻᛞᚢᚳᚻᛖᛋᛋᛖᛋ,565
laminectomies,17426,0,ᛚᚪᛗᛁᚾᛖᚳᛏᚩᛗᛁᛖᛋ,669
mademoiselles,17411,0,ᛗᚪᛞᛖᛗᚩᛁᛋᛖᛚᛚᛖᛋ,819
imperfectives,17366,0,ᛁᛗᛈᛖᚱᚠᛖᚳᛏᛁᚢᛖᛋ,518
municipalized,17336,0,ᛗᚢᚾᛁᚳᛁᛈᚪᛚᛁᛋᛖᛞ,631
unimpressible,17328,0,ᚢᚾᛁᛗᛈᚱᛖᛋᛋᛁᛒᛚᛖ,593
blanchisseuse,17326,0,ᛒᛚᚪᚾᚳᚻᛁᛋᛋᛖᚢᛋᛖ,623
bombastically,17148,0,ᛒᚩᛗᛒᚪᛋᛏᛁᚳᚪᛚᛚᚣ,799
nonobligatory,17004,0,ᚾᚩᚾᚩᛒᛚᛁᚷᚪᛏᚩᚱᚣ,531
precontracted,16975,0,ᛈᚱᛖᚳᚩᚾᛏᚱᚪᚳᛏᛖᛞ,565
doctrinairism,16922,0,ᛞᚩᚳᛏᚱᛁᚾᚪᛁᚱᛁᛋᛗ,533
invariableness,16898,0,ᛁᚾᚢᚪᚱᛡᛒᛚᛖᚾᛖᛋᛋ,681
accouchements,16883,0,ᚪᚳᚳᚩᚢᚳᚻᛖᛗᛖᚾᛏᛋ,515
superpersonal,16768,0,ᛋᚢᛈᛖᚱᛈᛖᚱᛋᚩᚾᚪᛚ,557
authenticators,16700,0,ᚪᚢᚦᛖᚾᛏᛁᚳᚪᛏᚩᚱᛋ,531
melodramatics,16696,0,ᛗᛖᛚᚩᛞᚱᚪᛗᚪᛏᛁᚳᛋ,739
multifariously,16675,0,ᛗᚢᛚᛏᛁᚠᚪᚱᛡᚢᛋᛚᚣ,686
unapprenticed,16673,0,ᚢᚾᚪᛈᛈᚱᛖᚾᛏᛁᚳᛖᛞ,581
venerableness,16621,0,ᚢᛖᚾᛖᚱᚪᛒᛚᛖᚾᛖᛋᛋ,677
scaphocephaly,16594,0,ᛋᚳᚪᛈᚻᚩᚳᛖᛈᚻᚪᛚᚣ,655
paralipomenon,16460,0,ᛈᚪᚱᚪᛚᛁᛈᚩᛗᛖᚾᚩᚾ,605
amphitheatrical,16433,0,ᚪᛗᛈᚻᛁᚦᛠᛏᚱᛁᚳᚪᛚ,663
rhapsodically,16431,0,ᚱᚻᚪᛈᛋᚩᛞᛁᚳᚪᛚᛚᚣ,713
opisthorchiasis,16382,0,ᚩᛈᛁᛋᚦᚩᚱᚳᚻᛡᛋᛁᛋ,437
oxidoreduction,16379,0,ᚩᛉᛁᛞᚩᚱᛖᛞᚢᚳᛏᛡᚾ,559
indoctrinates,16341,0,ᛁᚾᛞᚩᚳᛏᚱᛁᚾᚪᛏᛖᛋ,575
uncorruptible,16328,0,ᚢᚾᚳᚩᚱᚱᚢᛈᛏᛁᛒᛚᛖ,411
disparateness,16326,0,ᛞᛁᛋᛈᚪᚱᚪᛏᛖᚾᛖᛋᛋ,749
antipruritics,16266,0,ᚪᚾᛏᛁᛈᚱᚢᚱᛁᛏᛁᚳᛋ,471
protoactinium,16118,0,ᛈᚱᚩᛏᚩᚪᚳᛏᛁᚾᛁᚢᛗ,461
trapezohedron,16083,0,ᛏᚱᚪᛈᛖᛋᚩᚻᛖᛞᚱᚩᚾ,563
maladroitness,15967,0,ᛗᚪᛚᚪᛞᚱᚩᛁᛏᚾᛖᛋᛋ,737
keratinisation,15937,0,ᚳᛖᚱᚪᛏᛁᚾᛁᛋᚪᛏᛡᚾ,683
outgeneralled,15915,0,ᚩᚢᛏᚷᛖᚾᛖᚱᚪᛚᛚᛖᛞ,659
borosilicates,15886,0,ᛒᚩᚱᚩᛋᛁᛚᛁᚳᚪᛏᛖᛋ,563
palaeopathology,15857,0,ᛈᚪᛚᚫᚩᛈᚪᚦᚩᛚᚩᚷᚣ,673
mellifluously,15776,0,ᛗᛖᛚᛚᛁᚠᛚᚢᚩᚢᛋᛚᚣ,632
translucently,15742,0,ᛏᚱᚪᚾᛋᛚᚢᚳᛖᚾᛏᛚᚣ,669
barbarousness,15738,0,ᛒᚪᚱᛒᚪᚱᚩᚢᛋᚾᛖᛋᛋ,603
pneumatophore,15725,0,ᛈᚾᛖᚢᛗᚪᛏᚩᛈᚻᚩᚱᛖ,527
understrapper,15681,0,ᚢᚾᛞᛖᚱᛋᛏᚱᚪᛈᛈᛖᚱ,583
unpracticable,15637,0,ᚢᚾᛈᚱᚪᚳᛏᛁᚳᚪᛒᛚᛖ,597
cosmopolitism,15579,0,ᚳᚩᛋᛗᚩᛈᚩᛚᛁᛏᛁᛋᛗ,519
spongioblastoma,15578,0,ᛋᛈᚩᛝᛡᛒᛚᚪᛋᛏᚩᛗᚪ,807
downrightness,15505,0,ᛞᚩᚹᚾᚱᛁᚷᚻᛏᚾᛖᛋᛋ,487
quartziferous,15485,0,ᚳᚹᚪᚱᛏᛋᛁᚠᛖᚱᚩᚢᛋ,426
jollifications,15459,0,ᛂᚩᛚᛚᛁᚠᛁᚳᚪᛏᛡᚾᛋ,612
volatilizable,15447,0,ᚢᚩᛚᚪᛏᛁᛚᛁᛋᚪᛒᛚᛖ,725
preparatively,15399,0,ᛈᚱᛖᛈᚪᚱᚪᛏᛁᚢᛖᛚᚣ,705
homeopathically,15354,0,ᚻᚩᛗᛇᛈᚪᚦᛁᚳᚪᛚᛚᚣ,677
acrobatically,15308,0,ᚪᚳᚱᚩᛒᚪᛏᛁᚳᚪᛚᛚᚣ,735
daguerreotyped,15304,0,ᛞᚪᚷᚢᛖᚱᚱᛇᛏᚣᛈᛖᛞ,697
prismatically,15303,0,ᛈᚱᛁᛋᛗᚪᛏᛁᚳᚪᛚᛚᚣ,755
mispronounces,15295,0,ᛗᛁᛋᛈᚱᚩᚾᚩᚢᚾᚳᛖᛋ,417
necessitarians,15288,0,ᚾᛖᚳᛖᛋᛋᛁᛏᚪᚱᛡᚾᛋ,669
disheartenment,15263,0,ᛞᛁᛋᚻᛠᚱᛏᛖᚾᛗᛖᚾᛏ,697
encyclopedism,15236,0,ᛖᚾᚳᚣᚳᛚᚩᛈᛖᛞᛁᛋᛗ,659
unwholesomely,15232,0,ᚢᚾᚹᚻᚩᛚᛖᛋᚩᛗᛖᛚᚣ,595
revendications,15231,0,ᚱᛖᚢᛖᚾᛞᛁᚳᚪᛏᛡᚾᛋ,655
electroscopic,15171,0,ᛖᛚᛖᚳᛏᚱᚩᛋᚳᚩᛈᛁᚳ,457
reciprocality,15156,0,ᚱᛖᚳᛁᛈᚱᚩᚳᚪᛚᛁᛏᚣ,559
assiduousness,15081,0,ᚪᛋᛋᛁᛞᚢᚩᚢᛋᚾᛖᛋᛋ,591
unoriginality,15003,0,ᚢᚾᚩᚱᛁᚷᛁᚾᚪᛚᛁᛏᚣ,521
nonabsorptive,14980,0,ᚾᚩᚾᚪᛒᛋᚩᚱᛈᛏᛁᚢᛖ,497
gyrocompasses,14899,0,ᚷᚣᚱᚩᚳᚩᛗᛈᚪᛋᛋᛖᛋ,595
anisometropic,14893,0,ᚪᚾᛁᛋᚩᛗᛖᛏᚱᚩᛈᛁᚳ,519
immortalities,14877,0,ᛁᛗᛗᚩᚱᛏᚪᛚᛁᛏᛁᛖᛋ,661
yellowhammers,14876,0,ᚣᛖᛚᛚᚩᚹᚻᚪᛗᛗᛖᚱᛋ,735
troubleshoots,14816,0,ᛏᚱᚩᚢᛒᛚᛖᛋᚻᚩᚩᛏᛋ,483
reconsolidate,14791,0,ᚱᛖᚳᚩᚾᛋᚩᛚᛁᛞᚪᛏᛖ,603
antifeminists,14763,0,ᚪᚾᛏᛁᚠᛖᛗᛁᚾᛁᛋᛏᛋ,612
permutability,14677,0,ᛈᛖᚱᛗᚢᛏᚪᛒᛁᛚᛁᛏᚣ,709
misidentifies,14659,0,ᛗᛁᛋᛁᛞᛖᚾᛏᛁᚠᛁᛖᛋ,614
nonsubjective,14594,0,ᚾᚩᚾᛋᚢᛒᛂᛖᚳᛏᛁᚢᛖ,459
scandalmongering,14473,0,ᛋᚳᚪᚾᛞᚪᛚᛗᚩᛝᛖᚱᛝ,765
astonishments,14427,0,ᚪᛋᛏᚩᚾᛁᛋᚻᛗᛖᚾᛏᛋ,631
quartodeciman,14380,0,ᚳᚹᚪᚱᛏᚩᛞᛖᚳᛁᛗᚪᚾ,603
operationalist,14379,0,ᚩᛈᛖᚱᚪᛏᛡᚾᚪᛚᛁᛋᛏ,733
unlimitedness,14353,0,ᚢᚾᛚᛁᛗᛁᛏᛖᛞᚾᛖᛋᛋ,655
unrecompensed,14332,0,ᚢᚾᚱᛖᚳᚩᛗᛈᛖᚾᛋᛖᛞ,549
hardheadedness,14295,0,ᚻᚪᚱᛞᚻᛠᛞᛖᛞᚾᛖᛋᛋ,799
prodigalities,14250,0,ᛈᚱᚩᛞᛁᚷᚪᛚᛁᛏᛁᛖᛋ,609
ornamentalism,14172,0,ᚩᚱᚾᚪᛗᛖᚾᛏᚪᛚᛁᛋᛗ,695
underhandedly,14167,0,ᚢᚾᛞᛖᚱᚻᚪᚾᛞᛖᛞᛚᚣ,769
unconvertible,14167,0,ᚢᚾᚳᚩᚾᚢᛖᚱᛏᛁᛒᛚᛖ,453
courageousness,14046,0,ᚳᚩᚢᚱᚪᚷᛇᚢᛋᚾᛖᛋᛋ,447
decipherments,14038,0,ᛞᛖᚳᛁᛈᚻᛖᚱᛗᛖᚾᛏᛋ,623
desultoriness,14028,0,ᛞᛖᛋᚢᛚᛏᚩᚱᛁᚾᛖᛋᛋ,595
prevaricators,14021,0,ᛈᚱᛖᚢᚪᚱᛁᚳᚪᛏᚩᚱᛋ,503
soundlessness,14019,0,ᛋᚩᚢᚾᛞᛚᛖᛋᛋᚾᛖᛋᛋ,629
demagogically,13949,0,ᛞᛖᛗᚪᚷᚩᚷᛁᚳᚪᛚᛚᚣ,755
vespertilionid,13831,0,ᚢᛖᛋᛈᛖᚱᛏᛁᛚᛡᚾᛁᛞ,663
bronchospasms,13830,0,ᛒᚱᚩᚾᚳᚻᚩᛋᛈᚪᛋᛗᛋ,521
unprovocative,13790,0,ᚢᚾᛈᚱᚩᚢᚩᚳᚪᛏᛁᚢᛖ,373
sightlessness,13772,0,ᛋᛁᚷᚻᛏᛚᛖᛋᛋᚾᛖᛋᛋ,631
nondetachable,13761,0,ᚾᚩᚾᛞᛖᛏᚪᚳᚻᚪᛒᛚᛖ,711
dextrorotation,13756,0,ᛞᛖᛉᛏᚱᚩᚱᚩᛏᚪᛏᛡᚾ,649
disobediently,13725,0,ᛞᛁᛋᚩᛒᛖᛞᛁᛖᚾᛏᛚᚣ,759
multiplicands,13722,0,ᛗᚢᛚᛏᛁᛈᛚᛁᚳᚪᚾᛞᛋ,665
unexpressible,13713,0,ᚢᚾᛖᛉᛈᚱᛖᛋᛋᛁᛒᛚᛖ,605
honorableness,13666,0,ᚻᚩᚾᚩᚱᚪᛒᛚᛖᚾᛖᛋᛋ,577
chiropractics,13621,0,ᚳᚻᛁᚱᚩᛈᚱᚪᚳᛏᛁᚳᛋ,405
divertimentos,13610,0,ᛞᛁᚢᛖᚱᛏᛁᛗᛖᚾᛏᚩᛋ,577
incorruptibly,13586,0,ᛁᚾᚳᚩᚱᚱᚢᛈᛏᛁᛒᛚᚣ,475
sorrowfulness,13538,0,ᛋᚩᚱᚱᚩᚹᚠᚢᛚᚾᛖᛋᛋ,388
intumescences,13497,0,ᛁᚾᛏᚢᛗᛖᛋᚳᛖᚾᚳᛖᛋ,555
disengagements,13237,0,ᛞᛁᛋᛖᛝᚪᚷᛖᛗᛖᚾᛏᛋ,779
hypermenorrhea,13207,0,ᚻᚣᛈᛖᚱᛗᛖᚾᚩᚱᚱᚻᛠ,575
dehydrogenate,13197,0,ᛞᛖᚻᚣᛞᚱᚩᚷᛖᚾᚪᛏᛖ,725
hypophosphate,13179,0,ᚻᚣᛈᚩᛈᚻᚩᛋᛈᚻᚪᛏᛖ,591
ecumenicalism,13152,0,ᛖᚳᚢᛗᛖᚾᛁᚳᚪᛚᛁᛋᛗ,619
filibusterers,13117,0,ᚠᛁᛚᛁᛒᚢᛋᛏᛖᚱᛖᚱᛋ,522
bowdlerization,13099,0,ᛒᚩᚹᛞᛚᛖᚱᛁᛋᚪᛏᛡᚾ,703
palatoglossal,13081,0,ᛈᚪᛚᚪᛏᚩᚷᛚᚩᛋᛋᚪᛚ,749
unspeculative,13067,0,ᚢᚾᛋᛈᛖᚳᚢᛚᚪᛏᛁᚢᛖ,541
quintessences,13063,0,ᚳᚹᛁᚾᛏᛖᛋᛋᛖᚾᚳᛖᛋ,553
tribromoethanol,13041,0,ᛏᚱᛁᛒᚱᚩᛗᛟᚦᚪᚾᚩᛚ,545
perambulatory,13008,0,ᛈᛖᚱᚪᛗᛒᚢᛚᚪᛏᚩᚱᚣ,703
disorganizers,13005,0,ᛞᛁᛋᚩᚱᚷᚪᚾᛁᛋᛖᚱᛋ,549
distinguishment,12986,0,ᛞᛁᛋᛏᛝᚢᛁᛋᚻᛗᛖᚾᛏ,647
unsuspectedly,12960,0,ᚢᚾᛋᚢᛋᛈᛖᚳᛏᛖᛞᛚᚣ,655
supersaturate,12918,0,ᛋᚢᛈᛖᚱᛋᚪᛏᚢᚱᚪᛏᛖ,623
constructable,12883,0,ᚳᚩᚾᛋᛏᚱᚢᚳᛏᚪᛒᛚᛖ,545
unconquerably,12880,0,ᚢᚾᚳᚩᚾᚳᚹᛖᚱᚪᛒᛚᚣ,525
directivities,12871,0,ᛞᛁᚱᛖᚳᛏᛁᚢᛁᛏᛁᛖᛋ,545
troublesomely,12800,0,ᛏᚱᚩᚢᛒᛚᛖᛋᚩᛗᛖᛚᚣ,655
polydactylous,12759,0,ᛈᚩᛚᚣᛞᚪᚳᛏᚣᛚᚩᚢᛋ,723
varicelliform,12750,0,ᚢᚪᚱᛁᚳᛖᛚᛚᛁᚠᚩᚱᛗ,490
consolidative,12666,0,ᚳᚩᚾᛋᚩᛚᛁᛞᚪᛏᛁᚢᛖ,559
exemplariness,12623,0,ᛖᛉᛖᛗᛈᛚᚪᚱᛁᚾᛖᛋᛋ,709
octosyllables,12601,0,ᚩᚳᛏᚩᛋᚣᛚᛚᚪᛒᛚᛖᛋ,739
candidateship,12572,0,ᚳᚪᚾᛞᛁᛞᚪᛏᛖᛋᚻᛁᛈ,721
rubberneckers,12561,0,ᚱᚢᛒᛒᛖᚱᚾᛖᚳᚳᛖᚱᛋ,467
pathogenically,12503,0,ᛈᚪᚦᚩᚷᛖᚾᛁᚳᚪᛚᛚᚣ,655
inconsecutive,12449,0,ᛁᚾᚳᚩᚾᛋᛖᚳᚢᛏᛁᚢᛖ,405
counterchecks,12359,0,ᚳᚩᚢᚾᛏᛖᚱᚳᚻᛖᚳᚳᛋ,371
sadomasochist,12344,0,ᛋᚪᛞᚩᛗᚪᛋᚩᚳᚻᛁᛋᛏ,653
inexplainable,12339,0,ᛁᚾᛖᛉᛈᛚᚪᛁᚾᚪᛒᛚᛖ,745
housemistress,12336,0,ᚻᚩᚢᛋᛖᛗᛁᛋᛏᚱᛖᛋᛋ,551
underclassman,12289,0,ᚢᚾᛞᛖᚱᚳᛚᚪᛋᛋᛗᚪᚾ,685
irreclaimably,12275,0,ᛁᚱᚱᛖᚳᛚᚪᛁᛗᚪᛒᛚᚣ,739
numerologists,12250,0,ᚾᚢᛗᛖᚱᚩᛚᚩᚷᛁᛋᛏᛋ,481
unprovability,12174,0,ᚢᚾᛈᚱᚩᚢᚪᛒᛁᛚᛁᛏᚣ,551
overvaluations,12129,0,ᚩᚢᛖᚱᚢᚪᛚᚢᚪᛏᛡᚾᛋ,609
perissodactyl,12105,0,ᛈᛖᚱᛁᛋᛋᚩᛞᚪᚳᛏᚣᛚ,699
schoolgirlish,12104,0,ᛋᚳᚻᚩᚩᛚᚷᛁᚱᛚᛁᛋᚻ,415
philosophises,12089,0,ᛈᚻᛁᛚᚩᛋᚩᛈᚻᛁᛋᛖᛋ,507
substantiations,12073,0,ᛋᚢᛒᛋᛏᚪᚾᛏᛡᛏᛡᚾᛋ,769
salmonberries,12068,0,ᛋᚪᛚᛗᚩᚾᛒᛖᚱᚱᛁᛖᛋ,631
antiflatulent,12055,0,ᚪᚾᛏᛁᚠᛚᚪᛏᚢᛚᛖᚾᛏ,678
chalcopyrites,12026,0,ᚳᚻᚪᛚᚳᚩᛈᚣᚱᛁᛏᛖᛋ,593
exteriorisation,12006,0,ᛖᛉᛏᛖᚱᛡᚱᛁᛋᚪᛏᛡᚾ,745
improvisatori,11987,0,ᛁᛗᛈᚱᚩᚢᛁᛋᚪᛏᚩᚱᛁ,455
merveilleuses,11984,0,ᛗᛖᚱᚢᛖᛁᛚᛚᛖᚢᛋᛖᛋ,639
justificative,11899,0,ᛂᚢᛋᛏᛁᚠᛁᚳᚪᛏᛁᚢᛖ,486
impreciseness,11860,0,ᛁᛗᛈᚱᛖᚳᛁᛋᛖᚾᛖᛋᛋ,589
petrifications,11730,0,ᛈᛖᛏᚱᛁᚠᛁᚳᚪᛏᛡᚾᛋ,602
middleweights,11709,0,ᛗᛁᛞᛞᛚᛖᚹᛖᛁᚷᚻᛏᛋ,689
pseudoscorpion,11641,0,ᛈᛋᛖᚢᛞᚩᛋᚳᚩᚱᛈᛡᚾ,525
exterminatory,11637,0,ᛖᛉᛏᛖᚱᛗᛁᚾᚪᛏᚩᚱᚣ,659
forgivenesses,11632,0,ᚠᚩᚱᚷᛁᚢᛖᚾᛖᛋᛋᛖᛋ,460
deconcentrate,11628,0,ᛞᛖᚳᚩᚾᚳᛖᚾᛏᚱᚪᛏᛖ,607
splenectomies,11600,0,ᛋᛈᛚᛖᚾᛖᚳᛏᚩᛗᛁᛖᛋ,633
semiautomatics,11592,0,ᛋᛖᛗᛡᚢᛏᚩᛗᚪᛏᛁᚳᛋ,691
interlanguages,11579,0,ᛁᚾᛏᛖᚱᛚᚪᛝᚢᚪᚷᛖᛋ,683
unsurpassably,11550,0,ᚢᚾᛋᚢᚱᛈᚪᛋᛋᚪᛒᛚᚣ,679
semipolitical,11506,0,ᛋᛖᛗᛁᛈᚩᛚᛁᛏᛁᚳᚪᛚ,649
inconstancies,11503,0,ᛁᚾᚳᚩᚾᛋᛏᚪᚾᚳᛁᛖᛋ,511
expansivities,11497,0,ᛖᛉᛈᚪᚾᛋᛁᚢᛁᛏᛁᛖᛋ,611
bullheadedness,11476,0,ᛒᚢᛚᛚᚻᛠᛞᛖᛞᚾᛖᛋᛋ,789
pleurocarpous,11467,0,ᛈᛚᛖᚢᚱᚩᚳᚪᚱᛈᚩᚢᛋ,431
contaminative,11405,0,ᚳᚩᚾᛏᚪᛗᛁᚾᚪᛏᛁᚢᛖ,593
commutability,11396,0,ᚳᚩᛗᛗᚢᛏᚪᛒᛁᛚᛁᛏᚣ,679
circumvolution,11380,0,ᚳᛁᚱᚳᚢᛗᚢᚩᛚᚢᛏᛡᚾ,423
sufficiencies,11349,0,ᛋᚢᚠᚠᛁᚳᛁᛖᚾᚳᛁᛖᛋ,395
shamefastness,11340,0,ᛋᚻᚪᛗᛖᚠᚪᛋᛏᚾᛖᛋᛋ,724
heresiologists,11310,0,ᚻᛖᚱᛖᛋᛡᛚᚩᚷᛁᛋᛏᛋ,621
unsoldierlike,11288,0,ᚢᚾᛋᚩᛚᛞᛁᛖᚱᛚᛁᚳᛖ,547
harlequinades,11187,0,ᚻᚪᚱᛚᛖᚳᚹᛁᚾᚪᛞᛖᛋ,669
isoagglutinin,11175,0,ᛁᛋᚩᚪᚷᚷᛚᚢᛏᛁᚾᛁᚾ,477
remonstrative,11069,0,ᚱᛖᛗᚩᚾᛋᛏᚱᚪᛏᛁᚢᛖ,565
uninterestingly,11062,0,ᚢᚾᛁᚾᛏᛖᚱᛖᛋᛏᛝᛚᚣ,663
commiseratingly,11053,0,ᚳᚩᛗᛗᛁᛋᛖᚱᚪᛏᛝᛚᚣ,735
compassionates,11047,0,ᚳᚩᛗᛈᚪᛋᛋᛡᚾᚪᛏᛖᛋ,749
chorepiscopus,11038,0,ᚳᚻᚩᚱᛖᛈᛁᛋᚳᚩᛈᚢᛋ,367
inappreciative,10942,0,ᛁᚾᚪᛈᛈᚱᛖᚳᛡᛏᛁᚢᛖ,601
antiphonaries,10909,0,ᚪᚾᛏᛁᛈᚻᚩᚾᚪᚱᛁᛖᛋ,577
intransigency,10832,0,ᛁᚾᛏᚱᚪᚾᛋᛁᚷᛖᚾᚳᚣ,569
disobediences,10774,0,ᛞᛁᛋᚩᛒᛖᛞᛁᛖᚾᚳᛖᛋ,657
cosmographies,10774,0,ᚳᚩᛋᛗᚩᚷᚱᚪᛈᚻᛁᛖᛋ,493
transmogrifying,10773,0,ᛏᚱᚪᚾᛋᛗᚩᚷᚱᛁᚠᚣᛝ,570
unhandicapped,10710,0,ᚢᚾᚻᚪᚾᛞᛁᚳᚪᛈᛈᛖᛞ,653
alcoholically,10686,0,ᚪᛚᚳᚩᚻᚩᛚᛁᚳᚪᛚᛚᚣ,683
laryngectomies,10682,0,ᛚᚪᚱᚣᛝᛖᚳᛏᚩᛗᛁᛖᛋ,731
palatableness,10622,0,ᛈᚪᛚᚪᛏᚪᛒᛚᛖᚾᛖᛋᛋ,869
archegosaurus,10596,0,ᚪᚱᚳᚻᛖᚷᚩᛋᚪᚢᚱᚢᛋ,455
brainchildren,10573,0,ᛒᚱᚪᛁᚾᚳᚻᛁᛚᛞᚱᛖᚾ,565
humorlessness,10554,0,ᚻᚢᛗᚩᚱᛚᛖᛋᛋᚾᛖᛋᛋ,563
dissolubility,10424,0,ᛞᛁᛋᛋᚩᛚᚢᛒᛁᛚᛁᛏᚣ,667
offhandedness,10416,0,ᚩᚠᚠᚻᚪᚾᛞᛖᛞᚾᛖᛋᛋ,607
happenstances,10409,0,ᚻᚪᛈᛈᛖᚾᛋᛏᚪᚾᚳᛖᛋ,673
conductresses,10374,0,ᚳᚩᚾᛞᚢᚳᛏᚱᛖᛋᛋᛖᛋ,517
proctologists,10332,0,ᛈᚱᚩᚳᛏᚩᛚᚩᚷᛁᛋᛏᛋ,433
disembarkment,10292,0,ᛞᛁᛋᛖᛗᛒᚪᚱᚳᛗᛖᚾᛏ,719
halfpennyworth,10254,0,ᚻᚪᛚᚠᛈᛖᚾᚾᚣᚹᚩᚱᚦ,508
unpersuadable,10244,0,ᚢᚾᛈᛖᚱᛋᚢᚪᛞᚪᛒᛚᛖ,693
teleprompters,10238,0,ᛏᛖᛚᛖᛈᚱᚩᛗᛈᛏᛖᚱᛋ,631
identicalness,10237,0,ᛁᛞᛖᚾᛏᛁᚳᚪᛚᚾᛖᛋᛋ,691
homosexualism,10199,0,ᚻᚩᛗᚩᛋᛖᛉᚢᚪᛚᛁᛋᛗ,603
aminoacidurias,10164,0,ᚪᛗᛁᚾᚩᚪᚳᛁᛞᚢᚱᛡᛋ,639
formidability,10155,0,ᚠᚩᚱᛗᛁᛞᚪᛒᛁᛚᛁᛏᚣ,666
henceforwards,10132,0,ᚻᛖᚾᚳᛖᚠᚩᚱᚹᚪᚱᛞᛋ,488
corespondents,10111,0,ᚳᚩᚱᛖᛋᛈᚩᚾᛞᛖᚾᛏᛋ,527
clarinettists,10109,0,ᚳᛚᚪᚱᛁᚾᛖᛏᛏᛁᛋᛏᛋ,635
chickenhearted,10064,0,ᚳᚻᛁᚳᚳᛖᚾᚻᛠᚱᛏᛖᛞ,547
countertenors,10063,0,ᚳᚩᚢᚾᛏᛖᚱᛏᛖᚾᚩᚱᛋ,415
violoncellists,9989,0,ᚢᛡᛚᚩᚾᚳᛖᛚᛚᛁᛋᛏᛋ,641
nonconvergent,9955,0,ᚾᚩᚾᚳᚩᚾᚢᛖᚱᚷᛖᚾᛏ,367
gemutlichkeit,9943,0,ᚷᛖᛗᚢᛏᛚᛁᚳᚻᚳᛖᛁᛏ,527
keratomycosis,9883,0,ᚳᛖᚱᚪᛏᚩᛗᚣᚳᚩᛋᛁᛋ,585
solicitorship,9878,0,ᛋᚩᛚᛁᚳᛁᛏᚩᚱᛋᚻᛁᛈ,435
miserableness,9741,0,ᛗᛁᛋᛖᚱᚪᛒᛚᛖᚾᛖᛋᛋ,733
thaumaturgists,9701,0,ᚦᚪᚢᛗᚪᛏᚢᚱᚷᛁᛋᛏᛋ,559
considerables,9701,0,ᚳᚩᚾᛋᛁᛞᛖᚱᚪᛒᛚᛖᛋ,651
hybridisations,9496,0,ᚻᚣᛒᚱᛁᛞᛁᛋᚪᛏᛡᚾᛋ,747
myrmecophiles,9462,0,ᛗᚣᚱᛗᛖᚳᚩᛈᚻᛁᛚᛖᛋ,633
disconsolation,9439,0,ᛞᛁᛋᚳᚩᚾᛋᚩᛚᚪᛏᛡᚾ,647
onychophorans,9317,0,ᚩᚾᚣᚳᚻᚩᛈᚻᚩᚱᚪᚾᛋ,445
partisanships,9305,0,ᛈᚪᚱᛏᛁᛋᚪᚾᛋᚻᛁᛈᛋ,623
glockenspiels,9291,0,ᚷᛚᚩᚳᚳᛖᚾᛋᛈᛁᛖᛚᛋ,539
pugnaciousness,9278,0,ᛈᚢᚷᚾᚪᚳᛡᚢᛋᚾᛖᛋᛋ,567
househusbands,9267,0,ᚻᚩᚢᛋᛖᚻᚢᛋᛒᚪᚾᛞᛋ,561
halicarnassian,9250,0,ᚻᚪᛚᛁᚳᚪᚱᚾᚪᛋᛋᛡᚾ,713
contrabandist,9235,0,ᚳᚩᚾᛏᚱᚪᛒᚪᚾᛞᛁᛋᛏ,635
cleistothecium,9191,0,ᚳᛚᛖᛁᛋᛏᚩᚦᛖᚳᛁᚢᛗ,493
territorialize,9184,0,ᛏᛖᚱᚱᛁᛏᚩᚱᛡᛚᛁᛋᛖ,587
unhelpfulness,9182,0,ᚢᚾᚻᛖᛚᛈᚠᚢᛚᚾᛖᛋᛋ,518
apiculturists,9072,0,ᚪᛈᛁᚳᚢᛚᛏᚢᚱᛁᛋᛏᛋ,529
untraversable,9005,0,ᚢᚾᛏᚱᚪᚢᛖᚱᛋᚪᛒᛚᛖ,631
decasyllables,8992,0,ᛞᛖᚳᚪᛋᚣᛚᛚᚪᛒᛚᛖᛋ,919
monumentalize,8971,0,ᛗᚩᚾᚢᛗᛖᚾᛏᚪᛚᛁᛋᛖ,657
subcontinents,8970,0,ᛋᚢᛒᚳᚩᚾᛏᛁᚾᛖᚾᛏᛋ,493
selfishnesses,8962,0,ᛋᛖᛚᚠᛁᛋᚻᚾᛖᛋᛋᛖᛋ,624
tripinnatifid,8957,0,ᛏᚱᛁᛈᛁᚾᚾᚪᛏᛁᚠᛁᛞ,542
convergencies,8940,0,ᚳᚩᚾᚢᛖᚱᚷᛖᚾᚳᛁᛖᛋ,407
pantisocratic,8922,0,ᛈᚪᚾᛏᛁᛋᚩᚳᚱᚪᛏᛁᚳ,543
reminiscential,8881,0,ᚱᛖᛗᛁᚾᛁᛋᚳᛖᚾᛏᛡᛚ,641
essentialities,8781,0,ᛖᛋᛋᛖᚾᛏᛡᛚᛁᛏᛁᛖᛋ,749
formalisations,8745,0,ᚠᚩᚱᛗᚪᛚᛁᛋᚪᛏᛡᚾᛋ,690
laparoscopies,8729,0,ᛚᚪᛈᚪᚱᚩᛋᚳᚩᛈᛁᛖᛋ,595
macrocephalic,8722,0,ᛗᚪᚳᚱᚩᚳᛖᛈᚻᚪᛚᛁᚳ,559
coadjutorship,8717,0,ᚳᚩᚪᛞᛂᚢᛏᚩᚱᛋᚻᛁᛈ,473
overimpressed,8691,0,ᚩᚢᛖᚱᛁᛗᛈᚱᛖᛋᛋᛖᛞ,573
extortionately,8677,0,ᛖᛉᛏᚩᚱᛏᛡᚾᚪᛏᛖᛚᚣ,785
dessertspoons,8673,0,ᛞᛖᛋᛋᛖᚱᛏᛋᛈᚩᚩᚾᛋ,591
establishable,8626,0,ᛖᛋᛏᚪᛒᛚᛁᛋᚻᚪᛒᛚᛖ,815
stadtholderate,8625,0,ᛋᛏᚪᛞᚦᚩᛚᛞᛖᚱᚪᛏᛖ,773
proparoxytone,8592,0,ᛈᚱᚩᛈᚪᚱᚩᛉᚣᛏᚩᚾᛖ,531
impalpability,8591,0,ᛁᛗᛈᚪᛚᛈᚪᛒᛁᛚᛁᛏᚣ,813
pentasyllabic,8587,0,ᛈᛖᚾᛏᚪᛋᚣᛚᛚᚪᛒᛁᚳ,799
effeminization,8575,0,ᛖᚠᚠᛖᛗᛁᚾᛁᛋᚪᛏᛡᚾ,645
decriminalise,8456,0,ᛞᛖᚳᚱᛁᛗᛁᚾᚪᛚᛁᛋᛖ,663
lightsomeness,8453,0,ᛚᛁᚷᚻᛏᛋᚩᛗᛖᚾᛖᛋᛋ,603
vaingloriousness,8448,0,ᚢᚪᛝᛚᚩᚱᛡᚢᛋᚾᛖᛋᛋ,635
passionflowers,8437,0,ᛈᚪᛋᛋᛡᚾᚠᛚᚩᚹᛖᚱᛋ,614
phenylethylene,8398,0,ᛈᚻᛖᚾᚣᛚᛖᚦᚣᛚᛖᚾᛖ,749
penetratively,8392,0,ᛈᛖᚾᛖᛏᚱᚪᛏᛁᚢᛖᛚᚣ,709
encyclopaedism,8387,0,ᛖᚾᚳᚣᚳᛚᚩᛈᚫᛞᛁᛋᛗ,693
unamalgamated,8350,0,ᚢᚾᚪᛗᚪᛚᚷᚪᛗᚪᛏᛖᛞ,867
disremembered,8315,0,ᛞᛁᛋᚱᛖᛗᛖᛗᛒᛖᚱᛖᛞ,755
pricelessness,8313,0,ᛈᚱᛁᚳᛖᛚᛖᛋᛋᚾᛖᛋᛋ,613
difficultness,8300,0,ᛞᛁᚠᚠᛁᚳᚢᛚᛏᚾᛖᛋᛋ,505
magnetisations,8280,0,ᛗᚪᚷᚾᛖᛏᛁᛋᚪᛏᛡᚾᛋ,769
lucrativeness,8269,0,ᛚᚢᚳᚱᚪᛏᛁᚢᛖᚾᛖᛋᛋ,559
thimbleberries,8227,0,ᚦᛁᛗᛒᛚᛖᛒᛖᚱᚱᛁᛖᛋ,609
synecdochical,8217,0,ᛋᚣᚾᛖᚳᛞᚩᚳᚻᛁᚳᚪᛚ,611
philharmonics,8199,0,ᛈᚻᛁᛚᚻᚪᚱᛗᚩᚾᛁᚳᛋ,505
convolvuluses,8166,0,ᚳᚩᚾᚢᚩᛚᚢᚢᛚᚢᛋᛖᛋ,387
frontbenchers,8141,0,ᚠᚱᚩᚾᛏᛒᛖᚾᚳᚻᛖᚱᛋ,432
praiseworthily,8139,0,ᛈᚱᚪᛁᛋᛖᚹᚩᚱᚦᛁᛚᚣ,551
cruiserweight,8137,0,ᚳᚱᚢᛁᛋᛖᚱᚹᛖᛁᚷᚻᛏ,405
superpatriotic,8136,0,ᛋᚢᛈᛖᚱᛈᚪᛏᚱᛡᛏᛁᚳ,597
lugubriousness,8045,0,ᛚᚢᚷᚢᛒᚱᛡᚢᛋᚾᛖᛋᛋ,533
blastomycotic,8041,0,ᛒᛚᚪᛋᛏᚩᛗᚣᚳᚩᛏᛁᚳ,647
propitiousness,8035,0,ᛈᚱᚩᛈᛁᛏᛡᚢᛋᚾᛖᛋᛋ,559
desynchronizing,7994,0,ᛞᛖᛋᚣᚾᚳᚻᚱᚩᚾᛁᛋᛝ,587
nutritiousness,7984,0,ᚾᚢᛏᚱᛁᛏᛡᚢᛋᚾᛖᛋᛋ,557
interlocutions,7931,0,ᛁᚾᛏᛖᚱᛚᚩᚳᚢᛏᛡᚾᛋ,541
spiritualties,7868,0,ᛋᛈᛁᚱᛁᛏᚢᚪᛚᛏᛁᛖᛋ,611
unmindfulness,7865,0,ᚢᚾᛗᛁᚾᛞᚠᚢᛚᚾᛖᛋᛋ,532
factorisations,7854,1,ᚠᚪᚳᛏᚩᚱᛁᛋᚪᛏᛡᚾᛋ,618
anomalousness,7852,0,ᚪᚾᚩᛗᚪᛚᚩᚢᛋᚾᛖᛋᛋ,639
obstructively,7806,0,ᚩᛒᛋᛏᚱᚢᚳᛏᛁᚢᛖᛚᚣ,543
noteworthiness,7768,0,ᚾᚩᛏᛖᚹᚩᚱᚦᛁᚾᛖᛋᛋ,437
masterstrokes,7750,0,ᛗᚪᛋᛏᛖᚱᛋᛏᚱᚩᚳᛖᛋ,621
acquiescently,7750,0,ᚪᚳᚳᚹᛁᛖᛋᚳᛖᚾᛏᛚᚣ,637
uncontestably,7741,0,ᚢᚾᚳᚩᚾᛏᛖᛋᛏᚪᛒᛚᚣ,653
unreluctantly,7728,0,ᚢᚾᚱᛖᛚᚢᚳᛏᚪᚾᛏᛚᚣ,619
thermojunctions,7660,0,ᚦᛖᚱᛗᚩᛂᚢᚾᚳᛏᛡᚾᛋ,491
inarticulation,7660,0,ᛁᚾᚪᚱᛏᛁᚳᚢᛚᚪᛏᛡᚾ,639
semiparasitic,7625,0,ᛋᛖᛗᛁᛈᚪᚱᚪᛋᛁᛏᛁᚳ,657
disseminative,7614,0,ᛞᛁᛋᛋᛖᛗᛁᚾᚪᛏᛁᚢᛖ,681
ventriculites,7597,0,ᚢᛖᚾᛏᚱᛁᚳᚢᛚᛁᛏᛖᛋ,499
phantasmagory,7544,0,ᛈᚻᚪᚾᛏᚪᛋᛗᚪᚷᚩᚱᚣ,707
draughtswoman,7441,0,ᛞᚱᚪᚢᚷᚻᛏᛋᚹᚩᛗᚪᚾ,575
uncanonically,7385,0,ᚢᚾᚳᚪᚾᚩᚾᛁᚳᚪᛚᛚᚣ,597
mammaliferous,7377,0,ᛗᚪᛗᛗᚪᛚᛁᚠᛖᚱᚩᚢᛋ,654
anencephalous,7370,0,ᚪᚾᛖᚾᚳᛖᛈᚻᚪᛚᚩᚢᛋ,601
sensitometers,7361,0,ᛋᛖᚾᛋᛁᛏᚩᛗᛖᛏᛖᚱᛋ,627
extraneousness,7359,0,ᛖᛉᛏᚱᚪᚾᛇᚢᛋᚾᛖᛋᛋ,609
fibrinolysins,7352,0,ᚠᛁᛒᚱᛁᚾᚩᛚᚣᛋᛁᚾᛋ,514
counterblasts,7317,0,ᚳᚩᚢᚾᛏᛖᚱᛒᛚᚪᛋᛏᛋ,585
fibromyositis,7309,0,ᚠᛁᛒᚱᚩᛗᚣᚩᛋᛁᛏᛁᛋ,520
equivocalness,7286,0,ᛖᚳᚹᛁᚢᚩᚳᚪᛚᚾᛖᛋᛋ,525
hydrokinetics,7279,0,ᚻᚣᛞᚱᚩᚳᛁᚾᛖᛏᛁᚳᛋ,529
depersonalise,7265,0,ᛞᛖᛈᛖᚱᛋᚩᚾᚪᛚᛁᛋᛖ,687
meretriciously,7257,0,ᛗᛖᚱᛖᛏᚱᛁᚳᛡᚢᛋᛚᚣ,669
navigationally,7177,0,ᚾᚪᚢᛁᚷᚪᛏᛡᚾᚪᛚᛚᚣ,815
incautiousness,7173,0,ᛁᚾᚳᚪᚢᛏᛡᚢᛋᚾᛖᛋᛋ,597
thenceforwards,7132,0,ᚦᛖᚾᚳᛖᚠᚩᚱᚹᚪᚱᛞᛋ,470
brainlessness,7132,0,ᛒᚱᚪᛁᚾᛚᛖᛋᛋᚾᛖᛋᛋ,677
desalinisation,7105,0,ᛞᛖᛋᚪᛚᛁᚾᛁᛋᚪᛏᛡᚾ,815
prematureness,7081,0,ᛈᚱᛖᛗᚪᛏᚢᚱᛖᚾᛖᛋᛋ,631
hemiparasitic,7074,0,ᚻᛖᛗᛁᛈᚪᚱᚪᛋᛁᛏᛁᚳ,627
rhinoplasties,7008,0,ᚱᚻᛁᚾᚩᛈᛚᚪᛋᛏᛁᛖᛋ,577
pantechnicons,6995,0,ᛈᚪᚾᛏᛖᚳᚻᚾᛁᚳᚩᚾᛋ,493
assemblywomen,6966,0,ᚪᛋᛋᛖᛗᛒᛚᚣᚹᚩᛗᛖᚾ,771
rejuvenescent,6965,0,ᚱᛖᛂᚢᚢᛖᚾᛖᛋᚳᛖᚾᛏ,505
scleroprotein,6889,0,ᛋᚳᛚᛖᚱᚩᛈᚱᚩᛏᛖᛁᚾ,471
pyramidically,6888,0,ᛈᚣᚱᚪᛗᛁᛞᛁᚳᚪᛚᛚᚣ,835
technocracies,6839,0,ᛏᛖᚳᚻᚾᚩᚳᚱᚪᚳᛁᛖᛋ,483
theophilanthropy,6780,0,ᚦᛇᛈᚻᛁᛚᚪᚾᚦᚱᚩᛈᚣ,511
stratospheres,6738,0,ᛋᛏᚱᚪᛏᚩᛋᛈᚻᛖᚱᛖᛋ,603
meritocracies,6715,0,ᛗᛖᚱᛁᛏᚩᚳᚱᚪᚳᛁᛖᛋ,531
indiscernibly,6706,0,ᛁᚾᛞᛁᛋᚳᛖᚱᚾᛁᛒᛚᚣ,621
strategetical,6660,0,ᛋᛏᚱᚪᛏᛖᚷᛖᛏᛁᚳᚪᛚ,703
filibusterism,6656,0,ᚠᛁᛚᛁᛒᚢᛋᛏᛖᚱᛁᛋᛗ,546
fluoroscopies,6650,0,ᚠᛚᚢᚩᚱᚩᛋᚳᚩᛈᛁᛖᛋ,370
availableness,6641,0,ᚪᚢᚪᛁᛚᚪᛒᛚᛖᚾᛖᛋᛋ,801
devitalisation,6606,0,ᛞᛖᚢᛁᛏᚪᛚᛁᛋᚪᛏᛡᚾ,795
psephologists,6584,0,ᛈᛋᛖᛈᚻᚩᛚᚩᚷᛁᛋᛏᛋ,529
reverberative,6556,0,ᚱᛖᚢᛖᚱᛒᛖᚱᚪᛏᛁᚢᛖ,555
ungracefulness,6495,0,ᚢᛝᚱᚪᚳᛖᚠᚢᛚᚾᛖᛋᛋ,550
salubriousness,6394,0,ᛋᚪᛚᚢᛒᚱᛡᚢᛋᚾᛖᛋᛋ,663
perfectionment,6380,0,ᛈᛖᚱᚠᛖᚳᛏᛡᚾᛗᛖᚾᛏ,624
superactivity,6375,0,ᛋᚢᛈᛖᚱᚪᚳᛏᛁᚢᛁᛏᚣ,573
endoskeletons,6307,0,ᛖᚾᛞᚩᛋᚳᛖᛚᛖᛏᚩᚾᛋ,613
counterplotting,6278,0,ᚳᚩᚢᚾᛏᛖᚱᛈᛚᚩᛏᛏᛝ,509
intermediators,6270,0,ᛁᚾᛏᛖᚱᛗᛖᛞᛡᛏᚩᚱᛋ,661
effectivities,6263,0,ᛖᚠᚠᛖᚳᛏᛁᚢᛁᛏᛁᛖᛋ,485
fertilisations,6234,0,ᚠᛖᚱᛏᛁᛚᛁᛋᚪᛏᛡᚾᛋ,672
magnanimities,6232,0,ᛗᚪᚷᚾᚪᚾᛁᛗᛁᛏᛁᛖᛋ,683
methodicalness,6222,0,ᛗᛖᚦᚩᛞᛁᚳᚪᛚᚾᛖᛋᛋ,655
greensickness,6198,0,ᚷᚱᛖᛖᚾᛋᛁᚳᚳᚾᛖᛋᛋ,503
softheartedness,6195,0,ᛋᚩᚠᚦᛠᚱᛏᛖᛞᚾᛖᛋᛋ,604
climacterical,6192,0,ᚳᛚᛁᛗᚪᚳᛏᛖᚱᛁᚳᚪᛚ,649
oversubscribe,6182,0,ᚩᚢᛖᚱᛋᚢᛒᛋᚳᚱᛁᛒᛖ,441
hemiparasites,6169,0,ᚻᛖᛗᛁᛈᚪᚱᚪᛋᛁᛏᛖᛋ,703
aluminiferous,6167,0,ᚪᛚᚢᛗᛁᚾᛁᚠᛖᚱᚩᚢᛋ,478
trichopterans,6149,0,ᛏᚱᛁᚳᚻᚩᛈᛏᛖᚱᚪᚾᛋ,503
capercaillies,6114,0,ᚳᚪᛈᛖᚱᚳᚪᛁᛚᛚᛁᛖᛋ,669
uncommunicating,6106,0,ᚢᚾᚳᚩᛗᛗᚢᚾᛁᚳᚪᛏᛝ,505
defenselessly,6078,0,ᛞᛖᚠᛖᚾᛋᛖᛚᛖᛋᛋᛚᚣ,796
nervelessness,6071,0,ᚾᛖᚱᚢᛖᛚᛖᛋᛋᚾᛖᛋᛋ,625
dryopithecines,6067,0,ᛞᚱᚣᚩᛈᛁᚦᛖᚳᛁᚾᛖᛋ,549
anthropophagus,6053,0,ᚪᚾᚦᚱᚩᛈᚩᛈᚻᚪᚷᚢᛋ,435
misinstructed,6034,0,ᛗᛁᛋᛁᚾᛋᛏᚱᚢᚳᛏᛖᛞ,569
indoctrinator,6024,0,ᛁᚾᛞᚩᚳᛏᚱᛁᚾᚪᛏᚩᚱ,473
prussianization,5916,0,ᛈᚱᚢᛋᛋᛡᚾᛁᛋᚪᛏᛡᚾ,675
uninquisitive,5913,0,ᚢᚾᛁᚾᚳᚹᛁᛋᛁᛏᛁᚢᛖ,399
amphictyonies,5897,0,ᚪᛗᛈᚻᛁᚳᛏᚣᚩᚾᛁᛖᛋ,627
nonretractile,5865,0,ᚾᚩᚾᚱᛖᛏᚱᚪᚳᛏᛁᛚᛖ,553
prejudgements,5806,0,ᛈᚱᛖᛂᚢᛞᚷᛖᛗᛖᚾᛏᛋ,613
propugnaculum,5798,0,ᛈᚱᚩᛈᚢᚷᚾᚪᚳᚢᛚᚢᛗ,413
amphiprostyle,5775,0,ᚪᛗᛈᚻᛁᛈᚱᚩᛋᛏᚣᛚᛖ,681
commiserative,5749,0,ᚳᚩᛗᛗᛁᛋᛖᚱᚪᛏᛁᚢᛖ,581
demimondaines,5734,0,ᛞᛖᛗᛁᛗᚩᚾᛞᚪᛁᚾᛖᛋ,731
perdurability,5728,0,ᛈᛖᚱᛞᚢᚱᚪᛒᛁᛚᛁᛏᚣ,679
ornamentalist,5719,0,ᚩᚱᚾᚪᛗᛖᚾᛏᚪᛚᛁᛋᛏ,683
bastardisation,5708,0,ᛒᚪᛋᛏᚪᚱᛞᛁᛋᚪᛏᛡᚾ,843
viscountesses,5695,0,ᚢᛁᛋᚳᚩᚢᚾᛏᛖᛋᛋᛖᛋ,491
pyrotechnists,5688,0,ᛈᚣᚱᚩᛏᛖᚳᚻᚾᛁᛋᛏᛋ,551
granuliferous,5670,0,ᚷᚱᚪᚾᚢᛚᛁᚠᛖᚱᚩᚢᛋ,404
sigmoidectomy,5666,0,ᛋᛁᚷᛗᚩᛁᛞᛖᚳᛏᚩᛗᚣ,619
ottomanization,5643,0,ᚩᛏᛏᚩᛗᚪᚾᛁᛋᚪᛏᛡᚾ,705
affenpinscher,5639,0,ᚪᚠᚠᛖᚾᛈᛁᚾᛋᚳᚻᛖᚱ,467
coolheadedness,5632,0,ᚳᚩᚩᛚᚻᛠᛞᛖᛞᚾᛖᛋᛋ,679
antipathetical,5606,0,ᚪᚾᛏᛁᛈᚪᚦᛖᛏᛁᚳᚪᛚ,701
cosignatories,5585,0,ᚳᚩᛋᛁᚷᚾᚪᛏᚩᚱᛁᛖᛋ,475
fibrocalcific,5584,0,ᚠᛁᛒᚱᚩᚳᚪᛚᚳᛁᚠᛁᚳ,385
untroublesome,5567,0,ᚢᚾᛏᚱᚩᚢᛒᛚᛖᛋᚩᛗᛖ,511
nymphomaniacal,5567,0,ᚾᚣᛗᛈᚻᚩᛗᚪᚾᛡᚳᚪᛚ,763
unsociableness,5562,0,ᚢᚾᛋᚩᚳᛡᛒᛚᛖᚾᛖᛋᛋ,615
forethoughtful,5555,0,ᚠᚩᚱᛖᚦᚩᚢᚷᚻᛏᚠᚢᛚ,279
duplicability,5539,0,ᛞᚢᛈᛚᛁᚳᚪᛒᛁᛚᛁᛏᚣ,707
reconsolidating,5500,0,ᚱᛖᚳᚩᚾᛋᚩᛚᛁᛞᚪᛏᛝ,615
rambunctiously,5443,0,ᚱᚪᛗᛒᚢᚾᚳᛏᛡᚢᛋᛚᚣ,683
tractableness,5428,0,ᛏᚱᚪᚳᛏᚪᛒᛚᛖᚾᛖᛋᛋ,739
pennilessness,5405,0,ᛈᛖᚾᚾᛁᛚᛖᛋᛋᚾᛖᛋᛋ,647
vulcanologist,5401,0,ᚢᚢᛚᚳᚪᚾᚩᛚᚩᚷᛁᛋᛏ,465
disaffirmation,5388,0,ᛞᛁᛋᚪᚠᚠᛁᚱᛗᚪᛏᛡᚾ,679
unpropitiously,5371,0,ᚢᚾᛈᚱᚩᛈᛁᛏᛡᚢᛋᛚᚣ,565
spermatoceles,5346,0,ᛋᛈᛖᚱᛗᚪᛏᚩᚳᛖᛚᛖᛋ,681
substantiative,5326,0,ᛋᚢᛒᛋᛏᚪᚾᛏᛡᛏᛁᚢᛖ,681
undescriptive,5275,0,ᚢᚾᛞᛖᛋᚳᚱᛁᛈᛏᛁᚢᛖ,499
numismatology,5274,0,ᚾᚢᛗᛁᛋᛗᚪᛏᚩᛚᚩᚷᚣ,621
scatterbrains,5242,0,ᛋᚳᚪᛏᛏᛖᚱᛒᚱᚪᛁᚾᛋ,641
admirableness,5234,0,ᚪᛞᛗᛁᚱᚪᛒᛚᛖᚾᛖᛋᛋ,799
antepenultima,5233,0,ᚪᚾᛏᛖᛈᛖᚾᚢᛚᛏᛁᛗᚪ,725
shuffleboards,5231,0,ᛋᚻᚢᚠᚠᛚᛖᛒᚩᚪᚱᛞᛋ,541
sarsaparillas,5195,0,ᛋᚪᚱᛋᚪᛈᚪᚱᛁᛚᛚᚪᛋ,789
valedictories,5185,0,ᚢᚪᛚᛖᛞᛁᚳᛏᚩᚱᛁᛖᛋ,601
kindergartening,5158,0,ᚳᛁᚾᛞᛖᚱᚷᚪᚱᛏᛖᚾᛝ,599
spindleshanks,5143,0,ᛋᛈᛁᚾᛞᛚᛖᛋᚻᚪᚾᚳᛋ,653
recompilations,5105,0,ᚱᛖᚳᚩᛗᛈᛁᛚᚪᛏᛡᚾᛋ,661
demythologised,5104,0,ᛞᛖᛗᚣᚦᚩᛚᚩᚷᛁᛋᛖᛞ,679
counterpoison,5054,0,ᚳᚩᚢᚾᛏᛖᚱᛈᚩᛁᛋᚩᚾ,359
delectability,5047,0,ᛞᛖᛚᛖᚳᛏᚪᛒᛁᛚᛁᛏᚣ,823
inessentiality,5037,0,ᛁᚾᛖᛋᛋᛖᚾᛏᛡᛚᛁᛏᚣ,761
constellatory,5020,0,ᚳᚩᚾᛋᛏᛖᛚᛚᚪᛏᚩᚱᚣ,651
professorially,4993,0,ᛈᚱᚩᚠᛖᛋᛋᚩᚱᛡᛚᛚᚣ,610
tomboyishness,4977,0,ᛏᚩᛗᛒᚩᚣᛁᛋᚻᚾᛖᛋᛋ,617
magistratical,4912,0,ᛗᚪᚷᛁᛋᛏᚱᚪᛏᛁᚳᚪᛚ,709
ichthyophagous,4902,0,ᛁᚳᚻᚦᚣᚩᛈᚻᚪᚷᚩᚢᛋ,425
intermediations,4894,0,ᛁᚾᛏᛖᚱᛗᛖᛞᛡᛏᛡᚾᛋ,779
defenestrated,4891,0,ᛞᛖᚠᛖᚾᛖᛋᛏᚱᚪᛏᛖᛞ,756
victimisations,4844,0,ᚢᛁᚳᛏᛁᛗᛁᛋᚪᛏᛡᚾᛋ,637
commemorators,4843,0,ᚳᚩᛗᛗᛖᛗᚩᚱᚪᛏᚩᚱᛋ,545
craniometrical,4805,0,ᚳᚱᚪᚾᛡᛗᛖᛏᚱᛁᚳᚪᛚ,679
welterweights,4796,0,ᚹᛖᛚᛏᛖᚱᚹᛖᛁᚷᚻᛏᛋ,565
lexicologists,4782,0,ᛚᛖᛉᛁᚳᚩᛚᚩᚷᛁᛋᛏᛋ,531
unreliableness,4776,0,ᚢᚾᚱᛖᛚᛡᛒᛚᛖᚾᛖᛋᛋ,693
misanthropists,4770,0,ᛗᛁᛋᚪᚾᚦᚱᚩᛈᛁᛋᛏᛋ,543
reinauguration,4765,0,ᚱᛖᛁᚾᚪᚢᚷᚢᚱᚪᛏᛡᚾ,561
acetaldehydes,4761,0,ᚪᚳᛖᛏᚪᛚᛞᛖᚻᚣᛞᛖᛋ,897
impeachability,4752,0,ᛁᛗᛈᛠᚳᚻᚪᛒᛁᛚᛁᛏᚣ,745
paralytically,4690,0,ᛈᚪᚱᚪᛚᚣᛏᛁᚳᚪᛚᛚᚣ,873
versatilities,4684,0,ᚢᛖᚱᛋᚪᛏᛁᛚᛁᛏᛁᛖᛋ,635
immovableness,4657,0,ᛁᛗᛗᚩᚢᚪᛒᛚᛖᚾᛖᛋᛋ,683
achromaticity,4656,0,ᚪᚳᚻᚱᚩᛗᚪᛏᛁᚳᛁᛏᚣ,615
actualisations,4632,0,ᚪᚳᛏᚢᚪᛚᛁᛋᚪᛏᛡᚾᛋ,771
phlebotomized,4609,0,ᛈᚻᛚᛖᛒᚩᛏᚩᛗᛁᛋᛖᛞ,651
excursiveness,4603,0,ᛖᛉᚳᚢᚱᛋᛁᚢᛖᚾᛖᛋᛋ,497
predeterminer,4595,0,ᛈᚱᛖᛞᛖᛏᛖᚱᛗᛁᚾᛖᚱ,623
spermatophyte,4565,0,ᛋᛈᛖᚱᛗᚪᛏᚩᛈᚻᚣᛏᛖ,703
complaisances,4565,0,ᚳᚩᛗᛈᛚᚪᛁᛋᚪᚾᚳᛖᛋ,647
unretrievable,4542,0,ᚢᚾᚱᛖᛏᚱᛁᛖᚢᚪᛒᛚᛖ,579
uncivilization,4541,0,ᚢᚾᚳᛁᚢᛁᛚᛁᛋᚪᛏᛡᚾ,559
harmonisations,4517,0,ᚻᚪᚱᛗᚩᚾᛁᛋᚪᛏᛡᚾᛋ,667
seneschalship,4512,0,ᛋᛖᚾᛖᛋᚳᚻᚪᛚᛋᚻᛁᛈ,625
pyrotechnician,4508,0,ᛈᚣᚱᚩᛏᛖᚳᚻᚾᛁᚳᛡᚾ,535
normalisations,4468,0,ᚾᚩᚱᛗᚪᛚᛁᛋᚪᛏᛡᚾᛋ,717
wineglassfuls,4465,0,ᚹᛁᚾᛖᚷᛚᚪᛋᛋᚠᚢᛚᛋ,570
scandalization,4415,0,ᛋᚳᚪᚾᛞᚪᛚᛁᛋᚪᛏᛡᚾ,827
concomitances,4415,0,ᚳᚩᚾᚳᚩᛗᛁᛏᚪᚾᚳᛖᛋ,489
semicivilised,4391,0,ᛋᛖᛗᛁᚳᛁᚢᛁᛚᛁᛋᛖᛞ,613
alchemistical,4391,0,ᚪᛚᚳᚻᛖᛗᛁᛋᛏᛁᚳᚪᛚ,701
overcredulous,4389,0,ᚩᚢᛖᚱᚳᚱᛖᛞᚢᛚᚩᚢᛋ,407
gymnastically,4385,0,ᚷᚣᛗᚾᚪᛋᛏᛁᚳᚪᛚᛚᚣ,819
regretfulness,4376,0,ᚱᛖᚷᚱᛖᛏᚠᚢᛚᚾᛖᛋᛋ,512
chemisorptions,4343,0,ᚳᚻᛖᛗᛁᛋᚩᚱᛈᛏᛡᚾᛋ,567
rheumatically,4329,0,ᚱᚻᛖᚢᛗᚪᛏᛁᚳᚪᛚᛚᚣ,721
concurrencies,4299,0,ᚳᚩᚾᚳᚢᚱᚱᛖᚾᚳᛁᛖᛋ,347
extrospective,4249,0,ᛖᛉᛏᚱᚩᛋᛈᛖᚳᛏᛁᚢᛖ,527
suffumigations,4200,0,ᛋᚢᚠᚠᚢᛗᛁᚷᚪᛏᛡᚾᛋ,527
dastardliness,4173,0,ᛞᚪᛋᛏᚪᚱᛞᛚᛁᚾᛖᛋᛋ,801
anemometrical,4170,0,ᚪᚾᛖᛗᚩᛗᛖᛏᚱᛁᚳᚪᛚ,693
capercailzies,4168,0,ᚳᚪᛈᛖᚱᚳᚪᛁᛚᛋᛁᛖᛋ,649
backscratcher,4164,0,ᛒᚪᚳᚳᛋᚳᚱᚪᛏᚳᚻᛖᚱ,531
enjoyableness,4139,0,ᛖᚾᛂᚩᚣᚪᛒᛚᛖᚾᛖᛋᛋ,743
disforestation,4139,0,ᛞᛁᛋᚠᚩᚱᛖᛋᛏᚪᛏᛡᚾ,664
petrarchistic,4131,0,ᛈᛖᛏᚱᚪᚱᚳᚻᛁᛋᛏᛁᚳ,511
sceneshifters,4128,0,ᛋᚳᛖᚾᛖᛋᚻᛁᚠᛏᛖᚱᛋ,528
antisepticism,4117,0,ᚪᚾᛏᛁᛋᛖᛈᛏᛁᚳᛁᛋᛗ,637
persistencies,4105,0,ᛈᛖᚱᛋᛁᛋᛏᛖᚾᚳᛁᛖᛋ,577
intermediatory,4088,0,ᛁᚾᛏᛖᚱᛗᛖᛞᛡᛏᚩᚱᚣ,711
defencelessly,4069,0,ᛞᛖᚠᛖᚾᚳᛖᛚᛖᛋᛋᛚᚣ,756
acquisitively,4050,0,ᚪᚳᚳᚹᛁᛋᛁᛏᛁᚢᛖᛚᚣ,593
thyroglobulins,4040,0,ᚦᚣᚱᚩᚷᛚᚩᛒᚢᛚᛁᚾᛋ,473
procuratories,4026,0,ᛈᚱᚩᚳᚢᚱᚪᛏᚩᚱᛁᛖᛋ,413
collusiveness,4017,0,ᚳᚩᛚᛚᚢᛋᛁᚢᛖᚾᛖᛋᛋ,525
lecherousness,3998,0,ᛚᛖᚳᚻᛖᚱᚩᚢᛋᚾᛖᛋᛋ,519
verticillated,3972,0,ᚢᛖᚱᛏᛁᚳᛁᛚᛚᚪᛏᛖᛞ,673
arsenopyrites,3969,0,ᚪᚱᛋᛖᚾᚩᛈᚣᚱᛁᛏᛖᛋ,631
streptolysins,3963,0,ᛋᛏᚱᛖᛈᛏᚩᛚᚣᛋᛁᚾᛋ,641
illogicalness,3962,0,ᛁᛚᛚᚩᚷᛁᚳᚪᛚᚾᛖᛋᛋ,617
dissimulative,3960,0,ᛞᛁᛋᛋᛁᛗᚢᛚᚪᛏᛁᚢᛖ,661
improvisators,3940,0,ᛁᛗᛈᚱᚩᚢᛁᛋᚪᛏᚩᚱᛋ,477
oversubscribing,3935,0,ᚩᚢᛖᚱᛋᚢᛒᛋᚳᚱᛁᛒᛝ,453
bookbinderies,3933,0,ᛒᚩᚩᚳᛒᛁᚾᛞᛖᚱᛁᛖᛋ,527
manageableness,3904,0,ᛗᚪᚾᚪᚷᛠᛒᛚᛖᚾᛖᛋᛋ,823
congratulators,3894,0,ᚳᚩᛝᚱᚪᛏᚢᛚᚪᛏᚩᚱᛋ,569
isolationistic,3890,0,ᛁᛋᚩᛚᚪᛏᛡᚾᛁᛋᛏᛁᚳ,643
consternations,3874,0,ᚳᚩᚾᛋᛏᛖᚱᚾᚪᛏᛡᚾᛋ,613
consuetudinal,3852,0,ᚳᚩᚾᛋᚢᛖᛏᚢᛞᛁᚾᚪᛚ,553
despicability,3848,0,ᛞᛖᛋᛈᛁᚳᚪᛒᛁᛚᛁᛏᚣ,751
inanimateness,3813,0,ᛁᚾᚪᚾᛁᛗᚪᛏᛖᚾᛖᛋᛋ,713
imputrescible,3787,0,ᛁᛗᛈᚢᛏᚱᛖᛋᚳᛁᛒᛚᛖ,583
transparences,3786,0,ᛏᚱᚪᚾᛋᛈᚪᚱᛖᚾᚳᛖᛋ,629
abstractively,3779,0,ᚪᛒᛋᛏᚱᚪᚳᛏᛁᚢᛖᛚᚣ,727
jejunostomies,3774,0,ᛂᛖᛂᚢᚾᚩᛋᛏᚩᛗᛁᛖᛋ,521
nonprehensile,3759,0,ᚾᚩᚾᛈᚱᛖᚻᛖᚾᛋᛁᛚᛖ,529
moneygrubbers,3757,0,ᛗᚩᚾᛖᚣᚷᚱᚢᛒᛒᛖᚱᛋ,561
memorableness,3754,0,ᛗᛖᛗᚩᚱᚪᛒᛚᛖᚾᛖᛋᛋ,727
disorientates,3749,0,ᛞᛁᛋᚩᚱᛁᛖᚾᛏᚪᛏᛖᛋ,653
gesticulative,3738,0,ᚷᛖᛋᛏᛁᚳᚢᛚᚪᛏᛁᚢᛖ,573
predominances,3732,0,ᛈᚱᛖᛞᚩᛗᛁᚾᚪᚾᚳᛖᛋ,607
amphidiploidy,3646,0,ᚪᛗᛈᚻᛁᛞᛁᛈᛚᚩᛁᛞᚣ,731
transformance,3618,0,ᛏᚱᚪᚾᛋᚠᚩᚱᛗᚪᚾᚳᛖ,546
jejunoileitis,3599,0,ᛂᛖᛂᚢᚾᚩᛁᛚᛖᛁᛏᛁᛋ,525
homochromatic,3584,0,ᚻᚩᛗᚩᚳᚻᚱᚩᛗᚪᛏᛁᚳ,433
sericulturist,3583,0,ᛋᛖᚱᛁᚳᚢᛚᛏᚢᚱᛁᛋᛏ,467
unscholarlike,3580,0,ᚢᚾᛋᚳᚻᚩᛚᚪᚱᛚᛁᚳᛖ,493
anomalopteryx,3578,0,ᚪᚾᚩᛗᚪᛚᚩᛈᛏᛖᚱᚣᛉ,711
rattlebrained,3549,0,ᚱᚪᛏᛏᛚᛖᛒᚱᚪᛁᚾᛖᛞ,751
holometabolic,3541,0,ᚻᚩᛚᚩᛗᛖᛏᚪᛒᚩᛚᛁᚳ,589
impermanently,3531,0,ᛁᛗᛈᛖᚱᛗᚪᚾᛖᚾᛏᛚᚣ,751
lightlessness,3530,0,ᛚᛁᚷᚻᛏᛚᛖᛋᛋᚾᛖᛋᛋ,651
splinterproof,3507,0,ᛋᛈᛚᛁᚾᛏᛖᚱᛈᚱᚩᚩᚠ,436
anthracosaurus,3489,0,ᚪᚾᚦᚱᚪᚳᚩᛋᚪᚢᚱᚢᛋ,479
disintegrable,3439,0,ᛞᛁᛋᛁᚾᛏᛖᚷᚱᚪᛒᛚᛖ,685
pteridologist,3420,0,ᛈᛏᛖᚱᛁᛞᚩᛚᚩᚷᛁᛋᛏ,547
densifications,3419,0,ᛞᛖᚾᛋᛁᚠᛁᚳᚪᛏᛡᚾᛋ,660
dissimulators,3403,0,ᛞᛁᛋᛋᛁᛗᚢᛚᚪᛏᚩᚱᛋ,631
nutritiveness,3390,0,ᚾᚢᛏᚱᛁᛏᛁᚢᛖᚾᛖᛋᛋ,495
recriminative,3389,0,ᚱᛖᚳᚱᛁᛗᛁᚾᚪᛏᛁᚢᛖ,521
calorifacient,3389,0,ᚳᚪᛚᚩᚱᛁᚠᚪᚳᛁᛖᚾᛏ,530
habitableness,3372,0,ᚻᚪᛒᛁᛏᚪᛒᛚᛖᚾᛖᛋᛋ,771
invisibleness,3353,0,ᛁᚾᚢᛁᛋᛁᛒᛚᛖᚾᛖᛋᛋ,581
disassemblies,3351,0,ᛞᛁᛋᚪᛋᛋᛖᛗᛒᛚᛁᛖᛋ,799
dissimilations,3331,0,ᛞᛁᛋᛋᛁᛗᛁᛚᚪᛏᛡᚾᛋ,777
carnivorously,3327,0,ᚳᚪᚱᚾᛁᚢᚩᚱᚩᚢᛋᛚᚣ,441
incorruptness,3311,0,ᛁᚾᚳᚩᚱᚱᚢᛈᛏᚾᛖᛋᛋ,409
stabilisations,3298,0,ᛋᛏᚪᛒᛁᛚᛁᛋᚪᛏᛡᚾᛋ,803
interpretress,3288,0,ᛁᚾᛏᛖᚱᛈᚱᛖᛏᚱᛖᛋᛋ,561
mechanisations,3267,0,ᛗᛖᚳᚻᚪᚾᛁᛋᚪᛏᛡᚾᛋ,729
contrafagotto,3257,0,ᚳᚩᚾᛏᚱᚪᚠᚪᚷᚩᛏᛏᚩ,464
epigrammatism,3254,0,ᛖᛈᛁᚷᚱᚪᛗᛗᚪᛏᛁᛋᛗ,719
undishonoured,3246,0,ᚢᚾᛞᛁᛋᚻᚩᚾᚩᚢᚱᛖᛞ,441
selenographer,3237,0,ᛋᛖᛚᛖᚾᚩᚷᚱᚪᛈᚻᛖᚱ,565
overattentive,3229,0,ᚩᚢᛖᚱᚪᛏᛏᛖᚾᛏᛁᚢᛖ,559
cloudlessness,3225,0,ᚳᛚᚩᚢᛞᛚᛖᛋᛋᚾᛖᛋᛋ,633
unpresidential,3213,0,ᚢᚾᛈᚱᛖᛋᛁᛞᛖᚾᛏᛡᛚ,661
ventriloquising,3212,0,ᚢᛖᚾᛏᚱᛁᛚᚩᚳᚹᛁᛋᛝ,475
postpituitary,3206,0,ᛈᚩᛋᛏᛈᛁᛏᚢᛁᛏᚪᚱᚣ,599
surrejoinders,3180,0,ᛋᚢᚱᚱᛖᛂᚩᛁᚾᛞᛖᚱᛋ,469
unslaughtered,3168,0,ᚢᚾᛋᛚᚪᚢᚷᚻᛏᛖᚱᛖᛞ,591
soporifically,3158,0,ᛋᚩᛈᚩᚱᛁᚠᛁᚳᚪᛚᛚᚣ,544
primogenitors,3142,0,ᛈᚱᛁᛗᚩᚷᛖᚾᛁᛏᚩᚱᛋ,437
eschatologist,3138,0,ᛖᛋᚳᚻᚪᛏᚩᛚᚩᚷᛁᛋᛏ,559
overlordships,3127,0,ᚩᚢᛖᚱᛚᚩᚱᛞᛋᚻᛁᛈᛋ,471
bowdlerisation,3093,0,ᛒᚩᚹᛞᛚᛖᚱᛁᛋᚪᛏᛡᚾ,703
hematogenesis,3073,0,ᚻᛖᛗᚪᛏᚩᚷᛖᚾᛖᛋᛁᛋ,641
myrmecophytic,3056,0,ᛗᚣᚱᛗᛖᚳᚩᛈᚻᚣᛏᛁᚳ,615
counterspells,3037,0,ᚳᚩᚢᚾᛏᛖᚱᛋᛈᛖᛚᛚᛋ,551
immutableness,3007,0,ᛁᛗᛗᚢᛏᚪᛒᛚᛖᚾᛖᛋᛋ,735
unintoxicated,3004,0,ᚢᚾᛁᚾᛏᚩᛉᛁᚳᚪᛏᛖᛞ,561
uncertainness,3001,0,ᚢᚾᚳᛖᚱᛏᚪᛁᚾᚾᛖᛋᛋ,541
wicketkeepers,2984,0,ᚹᛁᚳᚳᛖᛏᚳᛖᛖᛈᛖᚱᛋ,523
effectualness,2973,0,ᛖᚠᚠᛖᚳᛏᚢᚪᛚᚾᛖᛋᛋ,585
fluoridization,2968,0,ᚠᛚᚢᚩᚱᛁᛞᛁᛋᚪᛏᛡᚾ,592
testifications,2949,0,ᛏᛖᛋᛏᛁᚠᛁᚳᚪᛏᛡᚾᛋ,660
domineeringness,2927,0,ᛞᚩᛗᛁᚾᛖᛖᚱᛝᚾᛖᛋᛋ,653
scarificators,2925,0,ᛋᚳᚪᚱᛁᚠᛁᚳᚪᛏᚩᚱᛋ,478
quarterstaves,2920,0,ᚳᚹᚪᚱᛏᛖᚱᛋᛏᚪᚢᛖᛋ,609
bloodthirstily,2913,0,ᛒᛚᚩᚩᛞᚦᛁᚱᛋᛏᛁᛚᚣ,603
megalocephaly,2906,0,ᛗᛖᚷᚪᛚᚩᚳᛖᛈᚻᚪᛚᚣ,751
gentlemanship,2890,0,ᚷᛖᚾᛏᛚᛖᛗᚪᚾᛋᚻᛁᛈ,659
oversuspicious,2877,0,ᚩᚢᛖᚱᛋᚢᛋᛈᛁᚳᛡᚢᛋ,447
imperfectible,2874,0,ᛁᛗᛈᛖᚱᚠᛖᚳᛏᛁᛒᛚᛖ,596
pyrocellulose,2868,0,ᛈᚣᚱᚩᚳᛖᛚᛚᚢᛚᚩᛋᛖ,593
electrographs,2845,0,ᛖᛚᛖᚳᛏᚱᚩᚷᚱᚪᛈᚻᛋ,541
campanologist,2838,0,ᚳᚪᛗᛈᚪᚾᚩᛚᚩᚷᛁᛋᛏ,597
certificatory,2823,0,ᚳᛖᚱᛏᛁᚠᛁᚳᚪᛏᚩᚱᚣ,504
hydrographies,2815,0,ᚻᚣᛞᚱᚩᚷᚱᚪᛈᚻᛁᛖᛋ,575
nonsuccessive,2812,0,ᚾᚩᚾᛋᚢᚳᚳᛖᛋᛋᛁᚢᛖ,421
dolichocranial,2806,0,ᛞᚩᛚᛁᚳᚻᚩᚳᚱᚪᚾᛡᛚ,573
compassionable,2801,0,ᚳᚩᛗᛈᚪᛋᛋᛡᚾᚪᛒᛚᛖ,771
characterisms,2784,0,ᚳᚻᚪᚱᚪᚳᛏᛖᚱᛁᛋᛗᛋ,599
plausibleness,2780,0,ᛈᛚᚪᚢᛋᛁᛒᛚᛖᚾᛖᛋᛋ,703
counterchecking,2773,0,ᚳᚩᚢᚾᛏᛖᚱᚳᚻᛖᚳᚳᛝ,397
extemporarily,2763,0,ᛖᛉᛏᛖᛗᛈᚩᚱᚪᚱᛁᛚᚣ,687
candlesnuffer,2750,0,ᚳᚪᚾᛞᛚᛖᛋᚾᚢᚠᚠᛖᚱ,535
anthophyllites,2729,0,ᚪᚾᚦᚩᛈᚻᚣᛚᛚᛁᛏᛖᛋ,663
unscrutinised,2723,0,ᚢᚾᛋᚳᚱᚢᛏᛁᚾᛁᛋᛖᛞ,471
patresfamilias,2719,0,ᛈᚪᛏᚱᛖᛋᚠᚪᛗᛁᛚᛡᛋ,764
amphibologies,2717,0,ᚪᛗᛈᚻᛁᛒᚩᛚᚩᚷᛁᛖᛋ,581
heterostracan,2702,0,ᚻᛖᛏᛖᚱᚩᛋᛏᚱᚪᚳᚪᚾ,593
unconversable,2698,0,ᚢᚾᚳᚩᚾᚢᛖᚱᛋᚪᛒᛚᛖ,513
enterolithiasis,2669,0,ᛖᚾᛏᛖᚱᚩᛚᛁᚦᛡᛋᛁᛋ,593
disguisements,2649,0,ᛞᛁᛋᚷᚢᛁᛋᛖᛗᛖᚾᛏᛋ,623
crotchetiness,2649,0,ᚳᚱᚩᛏᚳᚻᛖᛏᛁᚾᛖᛋᛋ,485
deipnosophist,2644,0,ᛞᛖᛁᛈᚾᚩᛋᚩᛈᚻᛁᛋᛏ,535
venturesomely,2628,0,ᚢᛖᚾᛏᚢᚱᛖᛋᚩᛗᛖᛚᚣ,613
overspecialize,2613,0,ᚩᚢᛖᚱᛋᛈᛖᚳᛡᛚᛁᛋᛖ,595
hairsplitters,2574,0,ᚻᚪᛁᚱᛋᛈᛚᛁᛏᛏᛖᚱᛋ,611
squeezability,2555,0,ᛋᚳᚹᛖᛖᛋᚪᛒᛁᛚᛁᛏᚣ,727
corroborators,2533,0,ᚳᚩᚱᚱᚩᛒᚩᚱᚪᛏᚩᚱᛋ,355
disobligations,2526,0,ᛞᛁᛋᚩᛒᛚᛁᚷᚪᛏᛡᚾᛋ,707
requisiteness,2513,0,ᚱᛖᚳᚹᛁᛋᛁᛏᛖᚾᛖᛋᛋ,553
undestroyable,2509,0,ᚢᚾᛞᛖᛋᛏᚱᚩᚣᚪᛒᛚᛖ,719
philhellenist,2507,0,ᛈᚻᛁᛚᚻᛖᛚᛚᛖᚾᛁᛋᛏ,645
misshapenness,2503,0,ᛗᛁᛋᛋᚻᚪᛈᛖᚾᚾᛖᛋᛋ,669
cauterisations,2498,0,ᚳᚪᚢᛏᛖᚱᛁᛋᚪᛏᛡᚾᛋ,679
omniprevalent,2493,0,ᚩᛗᚾᛁᛈᚱᛖᚢᚪᛚᛖᚾᛏ,587
ornithoscelida,2487,0,ᚩᚱᚾᛁᚦᚩᛋᚳᛖᛚᛁᛞᚪ,513
dextroglucose,2464,0,ᛞᛖᛉᛏᚱᚩᚷᛚᚢᚳᚩᛋᛖ,513
reinstallment,2462,0,ᚱᛖᛁᚾᛋᛏᚪᛚᛚᛗᛖᚾᛏ,719
ephemeralness,2455,0,ᛖᛈᚻᛖᛗᛖᚱᚪᛚᚾᛖᛋᛋ,721
unperfectness,2438,0,ᚢᚾᛈᛖᚱᚠᛖᚳᛏᚾᛖᛋᛋ,496
philosophizer,2435,0,ᛈᚻᛁᛚᚩᛋᚩᛈᚻᛁᛋᛖᚱ,465
bantamweights,2423,0,ᛒᚪᚾᛏᚪᛗᚹᛖᛁᚷᚻᛏᛋ,683
bacteriophagic,2409,0,ᛒᚪᚳᛏᛖᚱᛡᛈᚻᚪᚷᛁᚳ,639
unharmoniously,2407,0,ᚢᚾᚻᚪᚱᛗᚩᚾᛡᚢᛋᛚᚣ,609
embolectomies,2384,0,ᛖᛗᛒᚩᛚᛖᚳᛏᚩᛗᛁᛖᛋ,647
ambivalencies,2380,0,ᚪᛗᛒᛁᚢᚪᛚᛖᚾᚳᛁᛖᛋ,693
semicentenary,2364,0,ᛋᛖᛗᛁᚳᛖᚾᛏᛖᚾᚪᚱᚣ,697
bigheartedness,2360,0,ᛒᛁᚷᚻᛠᚱᛏᛖᛞᚾᛖᛋᛋ,669
ponderosities,2355,0,ᛈᚩᚾᛞᛖᚱᚩᛋᛁᛏᛁᛖᛋ,547
gasteromycete,2340,0,ᚷᚪᛋᛏᛖᚱᚩᛗᚣᚳᛖᛏᛖ,691
unforfeitable,2339,0,ᚢᚾᚠᚩᚱᚠᛖᛁᛏᚪᛒᛚᛖ,509
analphabetism,2339,0,ᚪᚾᚪᛚᛈᚻᚪᛒᛖᛏᛁᛋᛗ,801
anfractuosity,2317,0,ᚪᚾᚠᚱᚪᚳᛏᚢᚩᛋᛁᛏᚣ,564
stereoscopical,2295,0,ᛋᛏᛖᚱᛇᛋᚳᚩᛈᛁᚳᚪᛚ,561
roentgenoscope,2293,0,ᚱᛟᚾᛏᚷᛖᚾᚩᛋᚳᚩᛈᛖ,485
curvaceousness,2293,0,ᚳᚢᚱᚢᚪᚳᛇᚢᛋᚾᛖᛋᛋ,439
counterchanges,2288,0,ᚳᚩᚢᚾᛏᛖᚱᚳᚻᚪᛝᛖᛋ,521
geocentrically,2286,0,ᚷᛇᚳᛖᚾᛏᚱᛁᚳᚪᛚᛚᚣ,627
incurableness,2274,0,ᛁᚾᚳᚢᚱᚪᛒᛚᛖᚾᛖᛋᛋ,587
aerophilatelic,2246,0,ᚫᚱᚩᛈᚻᛁᛚᚪᛏᛖᛚᛁᚳ,629
chlorothiazides,2226,0,ᚳᚻᛚᚩᚱᚩᚦᛡᛋᛁᛞᛖᛋ,539
winterberries,2210,0,ᚹᛁᚾᛏᛖᚱᛒᛖᚱᚱᛁᛖᛋ,517
aftersensation,2192,0,ᚪᚠᛏᛖᚱᛋᛖᚾᛋᚪᛏᛡᚾ,730
counselorship,2177,0,ᚳᚩᚢᚾᛋᛖᛚᚩᚱᛋᚻᛁᛈ,413
progymnosperm,2154,0,ᛈᚱᚩᚷᚣᛗᚾᚩᛋᛈᛖᚱᛗ,533
marseillaises,2147,0,ᛗᚪᚱᛋᛖᛁᛚᛚᚪᛁᛋᛖᛋ,777
asclepiadaceous,2147,0,ᚪᛋᚳᛚᛖᛈᛡᛞᚪᚳᛇᚢᛋ,749
attorneyships,2141,0,ᚪᛏᛏᚩᚱᚾᛖᚣᛋᚻᛁᛈᛋ,635
salpingectomies,2140,0,ᛋᚪᛚᛈᛝᛖᚳᛏᚩᛗᛁᛖᛋ,713
sphaeristerium,2133,0,ᛋᛈᚻᚫᚱᛁᛋᛏᛖᚱᛁᚢᛗ,557
clothespresses,2133,0,ᚳᛚᚩᚦᛖᛋᛈᚱᛖᛋᛋᛖᛋ,565
pasqueflowers,2125,0,ᛈᚪᛋᚳᚹᛖᚠᛚᚩᚹᛖᚱᛋ,524
inapprehension,2125,0,ᛁᚾᚪᛈᛈᚱᛖᚻᛖᚾᛋᛡᚾ,629
reconditeness,2107,0,ᚱᛖᚳᚩᚾᛞᛁᛏᛖᚾᛖᛋᛋ,575
antheridiophore,2101,0,ᚪᚾᚦᛖᚱᛁᛞᛡᛈᚻᚩᚱᛖ,587
untranscended,2094,0,ᚢᚾᛏᚱᚪᚾᛋᚳᛖᚾᛞᛖᛞ,635
dechristianize,2088,0,ᛞᛖᚳᚻᚱᛁᛋᛏᛡᚾᛁᛋᛖ,633
unhurriedness,2067,0,ᚢᚾᚻᚢᚱᚱᛁᛖᛞᚾᛖᛋᛋ,469
nonappearances,2067,0,ᚾᚩᚾᚪᛈᛈᛠᚱᚪᚾᚳᛖᛋ,627
discomycetous,2056,0,ᛞᛁᛋᚳᚩᛗᚣᚳᛖᛏᚩᚢᛋ,569
inexpediently,2034,0,ᛁᚾᛖᛉᛈᛖᛞᛁᛖᚾᛏᛚᚣ,735
outstandingness,2026,0,ᚩᚢᛏᛋᛏᚪᚾᛞᛝᚾᛖᛋᛋ,677
cholelithotomy,2023,0,ᚳᚻᚩᛚᛖᛚᛁᚦᚩᛏᚩᛗᚣ,539
redispositions,2018,0,ᚱᛖᛞᛁᛋᛈᚩᛋᛁᛏᛡᚾᛋ,633
verticalities,1982,0,ᚢᛖᚱᛏᛁᚳᚪᛚᛁᛏᛁᛖᛋ,595
spaciotemporal,1962,0,ᛋᛈᚪᚳᛡᛏᛖᛗᛈᚩᚱᚪᛚ,741
remonstratingly,1961,0,ᚱᛖᛗᚩᚾᛋᛏᚱᚪᛏᛝᛚᚣ,719
proconsulates,1944,0,ᛈᚱᚩᚳᚩᚾᛋᚢᛚᚪᛏᛖᛋ,515
diencephalons,1944,0,ᛞᛁᛖᚾᚳᛖᛈᚻᚪᛚᚩᚾᛋ,621
matchlessness,1938,0,ᛗᚪᛏᚳᚻᛚᛖᛋᛋᚾᛖᛋᛋ,711
unfriendliest,1924,0,ᚢᚾᚠᚱᛁᛖᚾᛞᛚᛁᛖᛋᛏ,544
oneirocritics,1900,0,ᚩᚾᛖᛁᚱᚩᚳᚱᛁᛏᛁᚳᛋ,363
schizopetalon,1894,0,ᛋᚳᚻᛁᛋᚩᛈᛖᛏᚪᛚᚩᚾ,555
inobtrusively,1894,0,ᛁᚾᚩᛒᛏᚱᚢᛋᛁᚢᛖᛚᚣ,531
analogousness,1870,0,ᚪᚾᚪᛚᚩᚷᚩᚢᛋᚾᛖᛋᛋ,585
venturousness,1861,0,ᚢᛖᚾᛏᚢᚱᚩᚢᛋᚾᛖᛋᛋ,437
archidiaconate,1830,0,ᚪᚱᚳᚻᛁᛞᛡᚳᚩᚾᚪᛏᛖ,643
subjectivisms,1793,0,ᛋᚢᛒᛂᛖᚳᛏᛁᚢᛁᛋᛗᛋ,535
carbonizations,1792,0,ᚳᚪᚱᛒᚩᚾᛁᛋᚪᛏᛡᚾᛋ,647
transistorize,1779,0,ᛏᚱᚪᚾᛋᛁᛋᛏᚩᚱᛁᛋᛖ,561
chaplainships,1741,0,ᚳᚻᚪᛈᛚᚪᛁᚾᛋᚻᛁᛈᛋ,609
bicylindrical,1733,0,ᛒᛁᚳᚣᛚᛁᚾᛞᚱᛁᚳᚪᛚ,655
holographical,1717,0,ᚻᚩᛚᚩᚷᚱᚪᛈᚻᛁᚳᚪᛚ,515
romanticistic,1708,0,ᚱᚩᛗᚪᚾᛏᛁᚳᛁᛋᛏᛁᚳ,505
disputatiously,1706,0,ᛞᛁᛋᛈᚢᛏᚪᛏᛡᚢᛋᛚᚣ,773
dexterousness,1705,0,ᛞᛖᛉᛏᛖᚱᚩᚢᛋᚾᛖᛋᛋ,605
houghmagandie,1692,0,ᚻᚩᚢᚷᚻᛗᚪᚷᚪᚾᛞᛁᛖ,571
opisthognathous,1685,0,ᚩᛈᛁᛋᚦᚩᚷᚾᚪᚦᚩᚢᛋ,357
tergiversator,1682,0,ᛏᛖᚱᚷᛁᚢᛖᚱᛋᚪᛏᚩᚱ,493
hemimetabolic,1667,0,ᚻᛖᛗᛁᛗᛖᛏᚪᛒᚩᛚᛁᚳ,671
automatonlike,1667,0,ᚪᚢᛏᚩᛗᚪᛏᚩᚾᛚᛁᚳᛖ,613
dislodgements,1656,0,ᛞᛁᛋᛚᚩᛞᚷᛖᛗᛖᚾᛏᛋ,705
inconformable,1652,0,ᛁᚾᚳᚩᚾᚠᚩᚱᛗᚪᛒᛚᛖ,498
escapologists,1652,0,ᛖᛋᚳᚪᛈᚩᛚᚩᚷᛁᛋᛏᛋ,573
stigmatically,1623,0,ᛋᛏᛁᚷᛗᚪᛏᛁᚳᚪᛚᛚᚣ,777
painstakingness,1623,0,ᛈᚪᛁᚾᛋᛏᚪᚳᛝᚾᛖᛋᛋ,703
inculpability,1622,0,ᛁᚾᚳᚢᛚᛈᚪᛒᛁᛚᛁᛏᚣ,647
intangibleness,1594,0,ᛁᚾᛏᚪᛝᛁᛒᛚᛖᚾᛖᛋᛋ,729
supercriminal,1587,0,ᛋᚢᛈᛖᚱᚳᚱᛁᛗᛁᚾᚪᛚ,533
blastogenetic,1581,0,ᛒᛚᚪᛋᛏᚩᚷᛖᚾᛖᛏᛁᚳ,633
councilorship,1570,0,ᚳᚩᚢᚾᚳᛁᛚᚩᚱᛋᚻᛁᛈ,337
compunctiously,1564,0,ᚳᚩᛗᛈᚢᚾᚳᛏᛡᚢᛋᛚᚣ,577
prenticeships,1561,0,ᛈᚱᛖᚾᛏᛁᚳᛖᛋᚻᛁᛈᛋ,523
monumentalise,1541,0,ᛗᚩᚾᚢᛗᛖᚾᛏᚪᛚᛁᛋᛖ,657
sarcosporidian,1530,0,ᛋᚪᚱᚳᚩᛋᛈᚩᚱᛁᛞᛡᚾ,551
bicentenaries,1506,0,ᛒᛁᚳᛖᚾᛏᛖᚾᚪᚱᛁᛖᛋ,615
undescribably,1502,0,ᚢᚾᛞᛖᛋᚳᚱᛁᛒᚪᛒᛚᚣ,691
phototropisms,1501,0,ᛈᚻᚩᛏᚩᛏᚱᚩᛈᛁᛋᛗᛋ,467
glossological,1497,0,ᚷᛚᚩᛋᛋᚩᛚᚩᚷᛁᚳᚪᛚ,521
nondescriptly,1493,0,ᚾᚩᚾᛞᛖᛋᚳᚱᛁᛈᛏᛚᚣ,607
chrismatories,1478,0,ᚳᚻᚱᛁᛋᛗᚪᛏᚩᚱᛁᛖᛋ,527
vespertiliones,1477,0,ᚢᛖᛋᛈᛖᚱᛏᛁᛚᛡᚾᛖᛋ,663
randomisations,1472,0,ᚱᚪᚾᛞᚩᛗᛁᛋᚪᛏᛡᚾᛋ,733
stepmotherhood,1471,0,ᛋᛏᛖᛈᛗᚩᚦᛖᚱᚻᚩᚩᛞ,509
horseradishes,1463,0,ᚻᚩᚱᛋᛖᚱᚪᛞᛁᛋᚻᛖᛋ,585
commensalisms,1458,0,ᚳᚩᛗᛗᛖᚾᛋᚪᛚᛁᛋᛗᛋ,689
excitableness,1451,0,ᛖᛉᚳᛁᛏᚪᛒᛚᛖᚾᛖᛋᛋ,717
somatogenetic,1434,0,ᛋᚩᛗᚪᛏᚩᚷᛖᚾᛖᛏᛁᚳ,577
unexpressibly,1427,0,ᚢᚾᛖᛉᛈᚱᛖᛋᛋᛁᛒᛚᚣ,641
upholstresses,1418,0,ᚢᛈᚻᚩᛚᛋᛏᚱᛖᛋᛋᛖᛋ,565
prussianisation,1399,0,ᛈᚱᚢᛋᛋᛡᚾᛁᛋᚪᛏᛡᚾ,675
masculineness,1393,0,ᛗᚪᛋᚳᚢᛚᛁᚾᛖᚾᛖᛋᛋ,639
marlinespikes,1392,0,ᛗᚪᚱᛚᛁᚾᛖᛋᛈᛁᚳᛖᛋ,639
middlebreakers,1382,0,ᛗᛁᛞᛞᛚᛖᛒᚱᛠᚳᛖᚱᛋ,745
incognoscible,1370,0,ᛁᚾᚳᚩᚷᚾᚩᛋᚳᛁᛒᛚᛖ,431
vulgarisations,1369,0,ᚢᚢᛚᚷᚪᚱᛁᛋᚪᛏᛡᚾᛋ,633
declinometers,1355,0,ᛞᛖᚳᛚᛁᚾᚩᛗᛖᛏᛖᚱᛋ,637
posteriorities,1345,0,ᛈᚩᛋᛏᛖᚱᛡᚱᛁᛏᛁᛖᛋ,599
complimenters,1318,0,ᚳᚩᛗᛈᛚᛁᛗᛖᚾᛏᛖᚱᛋ,595
misestimations,1289,0,ᛗᛁᛋᛖᛋᛏᛁᛗᚪᛏᛡᚾᛋ,781
glutinousness,1274,0,ᚷᛚᚢᛏᛁᚾᚩᚢᛋᚾᛖᛋᛋ,477
intelligenced,1269,0,ᛁᚾᛏᛖᛚᛚᛁᚷᛖᚾᚳᛖᛞ,645
occidentalize,1258,0,ᚩᚳᚳᛁᛞᛖᚾᛏᚪᛚᛁᛋᛖ,629
hymenopterons,1249,0,ᚻᚣᛗᛖᚾᚩᛈᛏᛖᚱᚩᚾᛋ,569
peripatetical,1246,0,ᛈᛖᚱᛁᛈᚪᛏᛖᛏᛁᚳᚪᛚ,691
extemporizers,1239,0,ᛖᛉᛏᛖᛗᛈᚩᚱᛁᛋᛖᚱᛋ,587
quadruplicating,1234,0,ᚳᚹᚪᛞᚱᚢᛈᛚᛁᚳᚪᛏᛝ,627
broncobusters,1232,0,ᛒᚱᚩᚾᚳᚩᛒᚢᛋᛏᛖᚱᛋ,435
antisepticize,1231,0,ᚪᚾᛏᛁᛋᛖᛈᛏᛁᚳᛁᛋᛖ,633
nonpunishable,1225,0,ᚾᚩᚾᛈᚢᚾᛁᛋᚻᚪᛒᛚᛖ,545
bimetallistic,1194,0,ᛒᛁᛗᛖᛏᚪᛚᛚᛁᛋᛏᛁᚳ,719
uncreativeness,1168,0,ᚢᚾᚳᚱᛠᛏᛁᚢᛖᚾᛖᛋᛋ,527
maxillodental,1166,0,ᛗᚪᛉᛁᛚᛚᚩᛞᛖᚾᛏᚪᛚ,813
uncombustible,1146,0,ᚢᚾᚳᚩᛗᛒᚢᛋᛏᛁᛒᛚᛖ,531
freemasonries,1144,0,ᚠᚱᛖᛖᛗᚪᛋᚩᚾᚱᛁᛖᛋ,566
autohypnotism,1144,0,ᚪᚢᛏᚩᚻᚣᛈᚾᚩᛏᛁᛋᛗ,585
effervescency,1131,0,ᛖᚠᚠᛖᚱᚢᛖᛋᚳᛖᚾᚳᚣ,497
seismographer,1118,0,ᛋᛖᛁᛋᛗᚩᚷᚱᚪᛈᚻᛖᚱ,551
reluctivities,1095,0,ᚱᛖᛚᚢᚳᛏᛁᚢᛁᛏᛁᛖᛋ,501
housewiferies,1080,0,ᚻᚩᚢᛋᛖᚹᛁᚠᛖᚱᛁᛖᛋ,434
somnambulation,1075,0,ᛋᚩᛗᚾᚪᛗᛒᚢᛚᚪᛏᛡᚾ,757
retroflections,1055,0,ᚱᛖᛏᚱᚩᚠᛚᛖᚳᛏᛡᚾᛋ,558
pulverisations,1027,0,ᛈᚢᛚᚢᛖᚱᛁᛋᚪᛏᛡᚾᛋ,629
orchiectomies,1020,0,ᚩᚱᚳᚻᛁᛖᚳᛏᚩᛗᛁᛖᛋ,453
overappraisal,1018,0,ᚩᚢᛖᚱᚪᛈᛈᚱᚪᛁᛋᚪᛚ,633
vibraphonists,996,0,ᚢᛁᛒᚱᚪᛈᚻᚩᚾᛁᛋᛏᛋ,501
sensitisations,993,0,ᛋᛖᚾᛋᛁᛏᛁᛋᚪᛏᛡᚾᛋ,721
trophotropism,992,0,ᛏᚱᚩᛈᚻᚩᛏᚱᚩᛈᛁᛋᛗ,425
acclimatement,991,0,ᚪᚳᚳᛚᛁᛗᚪᛏᛖᛗᛖᚾᛏ,747
irreligionists,989,0,ᛁᚱᚱᛖᛚᛁᚷᛡᚾᛁᛋᛏᛋ,573
stegosauruses,988,0,ᛋᛏᛖᚷᚩᛋᚪᚢᚱᚢᛋᛖᛋ,543
supplantations,983,0,ᛋᚢᛈᛈᛚᚪᚾᛏᚪᛏᛡᚾᛋ,745
interweavement,973,0,ᛁᚾᛏᛖᚱᚹᛠᚢᛖᛗᛖᚾᛏ,621
strenuosities,971,0,ᛋᛏᚱᛖᚾᚢᚩᛋᛁᛏᛁᛖᛋ,523
incapableness,970,0,ᛁᚾᚳᚪᛈᚪᛒᛚᛖᚾᛖᛋᛋ,713
interstratify,966,0,ᛁᚾᛏᛖᚱᛋᛏᚱᚪᛏᛁᚠᚣ,612
anticatalysts,965,0,ᚪᚾᛏᛁᚳᚪᛏᚪᛚᚣᛋᛏᛋ,823
accompanyists,959,0,ᚪᚳᚳᚩᛗᛈᚪᚾᚣᛁᛋᛏᛋ,669
aspergilloses,955,0,ᚪᛋᛈᛖᚱᚷᛁᛚᛚᚩᛋᛖᛋ,645
uncorresponding,950,0,ᚢᚾᚳᚩᚱᚱᛖᛋᛈᚩᚾᛞᛝ,441
knickknackery,948,0,ᚳᚾᛁᚳᚳᚳᚾᚪᚳᚳᛖᚱᚣ,445
asynchronisms,938,0,ᚪᛋᚣᚾᚳᚻᚱᚩᚾᛁᛋᛗᛋ,573
unsophistical,927,0,ᚢᚾᛋᚩᛈᚻᛁᛋᛏᛁᚳᚪᛚ,515
noctambulation,916,0,ᚾᚩᚳᛏᚪᛗᛒᚢᛚᚪᛏᛡᚾ,705
waterlessness,891,0,ᚹᚪᛏᛖᚱᛚᛖᛋᛋᚾᛖᛋᛋ,701
gallimaufries,875,0,ᚷᚪᛚᛚᛁᛗᚪᚢᚠᚱᛁᛖᛋ,626
superfetations,874,0,ᛋᚢᛈᛖᚱᚠᛖᛏᚪᛏᛡᚾᛋ,650
lawlessnesses,870,0,ᛚᚪᚹᛚᛖᛋᛋᚾᛖᛋᛋᛖᛋ,757
politicasters,862,0,ᛈᚩᛚᛁᛏᛁᚳᚪᛋᛏᛖᚱᛋ,597
proprioceptions,861,0,ᛈᚱᚩᛈᚱᛡᚳᛖᛈᛏᛡᚾᛋ,593
unmischievous,853,0,ᚢᚾᛗᛁᛋᚳᚻᛁᛖᚢᚩᚢᛋ,387
overcarefully,853,0,ᚩᚢᛖᚱᚳᚪᚱᛖᚠᚢᛚᛚᚣ,530
cuckooflowers,845,0,ᚳᚢᚳᚳᚩᚩᚠᛚᚩᚹᛖᚱᛋ,288
pentastichous,841,0,ᛈᛖᚾᛏᚪᛋᛏᛁᚳᚻᚩᚢᛋ,537
midafternoons,835,0,ᛗᛁᛞᚪᚠᛏᛖᚱᚾᚩᚩᚾᛋ,552
arthrographies,829,0,ᚪᚱᚦᚱᚩᚷᚱᚪᛈᚻᛁᛖᛋ,473
sphericalness,826,0,ᛋᛈᚻᛖᚱᛁᚳᚪᛚᚾᛖᛋᛋ,613
unmacadamized,822,0,ᚢᚾᛗᚪᚳᚪᛞᚪᛗᛁᛋᛖᛞ,807
palpabilities,822,0,ᛈᚪᛚᛈᚪᛒᛁᛚᛁᛏᛁᛖᛋ,759
mastigophoran,821,0,ᛗᚪᛋᛏᛁᚷᚩᛈᚻᚩᚱᚪᚾ,545
sidesplittingly,802,0,ᛋᛁᛞᛖᛋᛈᛚᛁᛏᛏᛝᛚᚣ,813
fantasticness,794,0,ᚠᚪᚾᛏᚪᛋᛏᛁᚳᚾᛖᛋᛋ,642
unsynchronous,770,0,ᚢᚾᛋᚣᚾᚳᚻᚱᚩᚾᚩᚢᛋ,363
decrepitations,766,0,ᛞᛖᚳᚱᛖᛈᛁᛏᚪᛏᛡᚾᛋ,725
paleornithology,764,0,ᛈᚪᛚᛇᚱᚾᛁᚦᚩᛚᚩᚷᚣ,537
shallownesses,751,0,ᛋᚻᚪᛚᛚᚩᚹᚾᛖᛋᛋᛖᛋ,667
platitudinize,748,0,ᛈᛚᚪᛏᛁᛏᚢᛞᛁᚾᛁᛋᛖ,665
disobligingness,745,0,ᛞᛁᛋᚩᛒᛚᛁᚷᛝᚾᛖᛋᛋ,643
overcultivate,733,0,ᚩᚢᛖᚱᚳᚢᛚᛏᛁᚢᚪᛏᛖ,493
vulcanisations,732,0,ᚢᚢᛚᚳᚪᚾᛁᛋᚪᛏᛡᚾᛋ,647
grandiloquous,723,0,ᚷᚱᚪᚾᛞᛁᛚᚩᚳᚹᚩᚢᛋ,449
overcredulity,714,0,ᚩᚢᛖᚱᚳᚱᛖᛞᚢᛚᛁᛏᚣ,537
standoffishly,701,0,ᛋᛏᚪᚾᛞᚩᚠᚠᛁᛋᚻᛚᚣ,621
incessantness,698,0,ᛁᚾᚳᛖᛋᛋᚪᚾᛏᚾᛖᛋᛋ,633
triangularities,694,0,ᛏᚱᛡᛝᚢᛚᚪᚱᛁᛏᛁᛖᛋ,681
immaterialness,692,0,ᛁᛗᛗᚪᛏᛖᚱᛡᛚᚾᛖᛋᛋ,789
anagrammatize,676,0,ᚪᚾᚪᚷᚱᚪᛗᛗᚪᛏᛁᛋᛖ,797
insalubrities,671,0,ᛁᚾᛋᚪᛚᚢᛒᚱᛁᛏᛁᛖᛋ,599
cellularities,663,0,ᚳᛖᛚᛚᚢᛚᚪᚱᛁᛏᛁᛖᛋ,651
flamboyancies,648,0,ᚠᛚᚪᛗᛒᚩᚣᚪᚾᚳᛁᛖᛋ,704
agreeabilities,645,0,ᚪᚷᚱᛖᛠᛒᛁᛚᛁᛏᛁᛖᛋ,707
lowerclassman,639,0,ᛚᚩᚹᛖᚱᚳᛚᚪᛋᛋᛗᚪᚾ,663
republicanising,634,0,ᚱᛖᛈᚢᛒᛚᛁᚳᚪᚾᛁᛋᛝ,591
austrophilism,630,0,ᚪᚢᛋᛏᚱᚩᛈᚻᛁᛚᛁᛋᛗ,555
solitudinarian,626,0,ᛋᚩᛚᛁᛏᚢᛞᛁᚾᚪᚱᛡᚾ,619
quinquefoliate,613,0,ᚳᚹᛁᚾᚳᚹᛖᚠᚩᛚᛡᛏᛖ,506
unmalleability,606,0,ᚢᚾᛗᚪᛚᛚᛠᛒᛁᛚᛁᛏᚣ,813
alphabetizers,600,0,ᚪᛚᛈᚻᚪᛒᛖᛏᛁᛋᛖᚱᛋ,735
clapperboards,599,0,ᚳᛚᚪᛈᛈᛖᚱᛒᚩᚪᚱᛞᛋ,665
arteriectasis,591,0,ᚪᚱᛏᛖᚱᛁᛖᚳᛏᚪᛋᛁᛋ,649
noctambulists,583,0,ᚾᚩᚳᛏᚪᛗᛒᚢᛚᛁᛋᛏᛋ,609
seriocomically,582,0,ᛋᛖᚱᛡᚳᚩᛗᛁᚳᚪᛚᛚᚣ,719
bellicoseness,578,0,ᛒᛖᛚᛚᛁᚳᚩᛋᛖᚾᛖᛋᛋ,647
poltrooneries,567,0,ᛈᚩᛚᛏᚱᚩᚩᚾᛖᚱᛁᛖᛋ,465
dilettanteish,560,0,ᛞᛁᛚᛖᛏᛏᚪᚾᛏᛖᛁᛋᚻ,737
miscounselled,557,0,ᛗᛁᛋᚳᚩᚢᚾᛋᛖᛚᛚᛖᛞ,629
servitorships,553,0,ᛋᛖᚱᚢᛁᛏᚩᚱᛋᚻᛁᛈᛋ,445
correctitudes,550,0,ᚳᚩᚱᚱᛖᚳᛏᛁᛏᚢᛞᛖᛋ,483
cardinalships,544,0,ᚳᚪᚱᛞᛁᚾᚪᛚᛋᚻᛁᛈᛋ,643
abarticulation,533,0,ᚪᛒᚪᚱᛏᛁᚳᚢᛚᚪᛏᛡᚾ,737
desynchronise,528,0,ᛞᛖᛋᚣᚾᚳᚻᚱᚩᚾᛁᛋᛖ,575
inaudibleness,512,0,ᛁᚾᚪᚢᛞᛁᛒᛚᛖᚾᛖᛋᛋ,683
pickerelweeds,510,0,ᛈᛁᚳᚳᛖᚱᛖᛚᚹᛖᛖᛞᛋ,613
carbonisations,509,0,ᚳᚪᚱᛒᚩᚾᛁᛋᚪᛏᛡᚾᛋ,647
instrumentate,496,0,ᛁᚾᛋᛏᚱᚢᛗᛖᚾᛏᚪᛏᛖ,635
troubadourish,487,0,ᛏᚱᚩᚢᛒᚪᛞᚩᚢᚱᛁᛋᚻ,455
liquorishness,484,0,ᛚᛁᚳᚹᚩᚱᛁᛋᚻᚾᛖᛋᛋ,463
photometrician,481,0,ᛈᚻᚩᛏᚩᛗᛖᛏᚱᛁᚳᛡᚾ,527
automysophobia,477,0,ᚪᚢᛏᚩᛗᚣᛋᚩᛈᚻᚩᛒᛡ,641
psychometries,469,0,ᛈᛋᚣᚳᚻᚩᛗᛖᛏᚱᛁᛖᛋ,601
apothegmatical,466,0,ᚪᛈᚩᚦᛖᚷᛗᚪᛏᛁᚳᚪᛚ,677
superfoetations,456,0,ᛋᚢᛈᛖᚱᚠᛟᛏᚪᛏᛡᚾᛋ,666
silvicultures,453,0,ᛋᛁᛚᚢᛁᚳᚢᛚᛏᚢᚱᛖᛋ,473
ophthalmectomy,453,0,ᚩᛈᚻᚦᚪᛚᛗᛖᚳᛏᚩᛗᚣ,639
brittlebushes,441,0,ᛒᚱᛁᛏᛏᛚᛖᛒᚢᛋᚻᛖᛋ,621
subsidisations,436,0,ᛋᚢᛒᛋᛁᛞᛁᛋᚪᛏᛡᚾᛋ,719
apatosauruses,432,0,ᚪᛈᚪᛏᚩᛋᚪᚢᚱᚢᛋᛖᛋ,643
logogrammatic,428,0,ᛚᚩᚷᚩᚷᚱᚪᛗᛗᚪᛏᛁᚳ,571
unsymmetrised,425,0,ᚢᚾᛋᚣᛗᛗᛖᛏᚱᛁᛋᛖᛞ,707
unconstipated,421,0,ᚢᚾᚳᚩᚾᛋᛏᛁᛈᚪᛏᛖᛞ,579
carbonigenous,413,0,ᚳᚪᚱᛒᚩᚾᛁᚷᛖᚾᚩᚢᛋ,425
artiodactylous,410,0,ᚪᚱᛏᛡᛞᚪᚳᛏᚣᛚᚩᚢᛋ,771
stephanotises,408,0,ᛋᛏᛖᛈᚻᚪᚾᚩᛏᛁᛋᛖᛋ,641
dactylomegaly,402,0,ᛞᚪᚳᛏᚣᛚᚩᛗᛖᚷᚪᛚᚣ,869
oleaginousness,392,0,ᚩᛚᛠᚷᛁᚾᚩᚢᛋᚾᛖᛋᛋ,531
androsterones,392,0,ᚪᚾᛞᚱᚩᛋᛏᛖᚱᚩᚾᛖᛋ,579
philosophiser,384,0,ᛈᚻᛁᛚᚩᛋᚩᛈᚻᛁᛋᛖᚱ,465
silverberries,380,0,ᛋᛁᛚᚢᛖᚱᛒᛖᚱᚱᛁᛖᛋ,539
foreordinations,378,0,ᚠᚩᚱᛇᚱᛞᛁᚾᚪᛏᛡᚾᛋ,566
analphabetics,378,0,ᚪᚾᚪᛚᛈᚻᚪᛒᛖᛏᛁᚳᛋ,743
unstylishness,359,0,ᚢᚾᛋᛏᚣᛚᛁᛋᚻᚾᛖᛋᛋ,629
paleomammalogy,359,0,ᛈᚪᛚᛇᛗᚪᛗᛗᚪᛚᚩᚷᚣ,861
blastospheres,359,0,ᛒᛚᚪᛋᛏᚩᛋᛈᚻᛖᚱᛖᛋ,667
subindicative,341,0,ᛋᚢᛒᛁᚾᛞᛁᚳᚪᛏᛁᚢᛖ,567
autocatalyses,335,0,ᚪᚢᛏᚩᚳᚪᛏᚪᛚᚣᛋᛖᛋ,781
centripetency,334,0,ᚳᛖᚾᛏᚱᛁᛈᛖᛏᛖᚾᚳᚣ,591
spiegeleisens,333,0,ᛋᛈᛁᛖᚷᛖᛚᛖᛁᛋᛖᚾᛋ,651
phonographist,328,0,ᛈᚻᚩᚾᚩᚷᚱᚪᛈᚻᛁᛋᛏ,443
unstrangulable,326,0,ᚢᚾᛋᛏᚱᚪᛝᚢᛚᚪᛒᛚᛖ,705
branchiopodous,325,0,ᛒᚱᚪᚾᚳᚻᛡᛈᚩᛞᚩᚢᛋ,543
disemburdened,322,0,ᛞᛁᛋᛖᛗᛒᚢᚱᛞᛖᚾᛖᛞ,727
cardiographies,321,0,ᚳᚪᚱᛞᛡᚷᚱᚪᛈᚻᛁᛖᛋ,659
somniferously,320,0,ᛋᚩᛗᚾᛁᚠᛖᚱᚩᚢᛋᛚᚣ,510
antecedencies,316,0,ᚪᚾᛏᛖᚳᛖᛞᛖᚾᚳᛁᛖᛋ,681
anencephalies,315,0,ᚪᚾᛖᚾᚳᛖᛈᚻᚪᛚᛁᛖᛋ,689
asthenospheres,313,0,ᚪᛋᚦᛖᚾᚩᛋᛈᚻᛖᚱᛖᛋ,575
terrorizations,304,0,ᛏᛖᚱᚱᚩᚱᛁᛋᚪᛏᛡᚾᛋ,595
transistorise,302,0,ᛏᚱᚪᚾᛋᛁᛋᛏᚩᚱᛁᛋᛖ,561
emblematology,299,0,ᛖᛗᛒᛚᛖᛗᚪᛏᚩᛚᚩᚷᚣ,773
communizations,286,0,ᚳᚩᛗᛗᚢᚾᛁᛋᚪᛏᛡᚾᛋ,623
afflictionless,284,0,ᚪᚠᚠᛚᛁᚳᛏᛡᚾᛚᛖᛋᛋ,659
farkleberries,280,0,ᚠᚪᚱᚳᛚᛖᛒᛖᚱᚱᛁᛖᛋ,564
tambourinists,279,0,ᛏᚪᛗᛒᚩᚢᚱᛁᚾᛁᛋᛏᛋ,565
inhabitancies,275,0,ᛁᚾᚻᚪᛒᛁᛏᚪᚾᚳᛁᛖᛋ,621
bilateralisms,274,0,ᛒᛁᛚᚪᛏᛖᚱᚪᛚᛁᛋᛗᛋ,777
semnopithecine,273,0,ᛋᛖᛗᚾᚩᛈᛁᚦᛖᚳᛁᚾᛖ,513
candleberries,272,0,ᚳᚪᚾᛞᛚᛖᛒᛖᚱᚱᛁᛖᛋ,669
basidiosporous,269,0,ᛒᚪᛋᛁᛞᛡᛋᛈᚩᚱᚩᚢᛋ,615
unconsideringly,264,0,ᚢᚾᚳᚩᚾᛋᛁᛞᛖᚱᛝᛚᚣ,587
occidentalise,262,0,ᚩᚳᚳᛁᛞᛖᚾᛏᚪᛚᛁᛋᛖ,629
tercentennials,261,0,ᛏᛖᚱᚳᛖᚾᛏᛖᚾᚾᛡᛚᛋ,663
precipitances,250,0,ᛈᚱᛖᚳᛁᛈᛁᛏᚪᚾᚳᛖᛋ,557
anisometropias,242,0,ᚪᚾᛁᛋᚩᛗᛖᛏᚱᚩᛈᛡᛋ,635
undelightsome,241,0,ᚢᚾᛞᛖᛚᛁᚷᚻᛏᛋᚩᛗᛖ,589
grammatolatry,239,0,ᚷᚱᚪᛗᛗᚪᛏᚩᛚᚪᛏᚱᚣ,773
interspersals,236,0,ᛁᚾᛏᛖᚱᛋᛈᛖᚱᛋᚪᛚᛋ,647
inheritresses,235,0,ᛁᚾᚻᛖᚱᛁᛏᚱᛖᛋᛋᛖᛋ,555
catamountains,235,0,ᚳᚪᛏᚪᛗᚩᚢᚾᛏᚪᛁᚾᛋ,645
spinsterishly,234,0,ᛋᛈᛁᚾᛋᛏᛖᚱᛁᛋᚻᛚᚣ,629
pretermissions,227,0,ᛈᚱᛖᛏᛖᚱᛗᛁᛋᛋᛡᚾᛋ,655
nasopharynxes,227,0,ᚾᚪᛋᚩᛈᚻᚪᚱᚣᚾᛉᛖᛋ,659
cosmographist,225,0,ᚳᚩᛋᛗᚩᚷᚱᚪᛈᚻᛁᛋᛏ,485
preachification,220,0,ᛈᚱᛠᚳᚻᛁᚠᛁᚳᚪᛏᛡᚾ,568
animalizations,220,0,ᚪᚾᛁᛗᚪᛚᛁᛋᚪᛏᛡᚾᛋ,827
associationisms,219,0,ᚪᛋᛋᚩᚳᛡᛏᛡᚾᛁᛋᛗᛋ,733
outwardnesses,207,0,ᚩᚢᛏᚹᚪᚱᛞᚾᛖᛋᛋᛖᛋ,607
vapourishness,202,0,ᚢᚪᛈᚩᚢᚱᛁᛋᚻᚾᛖᛋᛋ,473
watchlessness,198,0,ᚹᚪᛏᚳᚻᛚᛖᛋᛋᚾᛖᛋᛋ,659
colorimetries,197,0,ᚳᚩᛚᚩᚱᛁᛗᛖᛏᚱᛁᛖᛋ,501
inscriptively,193,0,ᛁᚾᛋᚳᚱᛁᛈᛏᛁᚢᛖᛚᚣ,547
actinometries,189,0,ᚪᚳᛏᛁᚾᚩᛗᛖᛏᚱᛁᛖᛋ,595
plutocratical,184,0,ᛈᛚᚢᛏᚩᚳᚱᚪᛏᛁᚳᚪᛚ,579
anthropogenies,184,0,ᚪᚾᚦᚱᚩᛈᚩᚷᛖᚾᛁᛖᛋ,463
onomatopoeical,182,0,ᚩᚾᚩᛗᚪᛏᚩᛈᛟᛁᚳᚪᛚ,617
overspecialise,176,0,ᚩᚢᛖᚱᛋᛈᛖᚳᛡᛚᛁᛋᛖ,595
syncategoreme,171,0,ᛋᚣᚾᚳᚪᛏᛖᚷᚩᚱᛖᛗᛖ,661
thrombokinases,166,0,ᚦᚱᚩᛗᛒᚩᚳᛁᚾᚪᛋᛖᛋ,505
blastospheric,164,0,ᛒᛚᚪᛋᛏᚩᛋᛈᚻᛖᚱᛁᚳ,591
redintegrator,163,0,ᚱᛖᛞᛁᚾᛏᛖᚷᚱᚪᛏᚩᚱ,555
predominations,162,0,ᛈᚱᛖᛞᚩᛗᛁᚾᚪᛏᛡᚾᛋ,693
anagrammatise,162,0,ᚪᚾᚪᚷᚱᚪᛗᛗᚪᛏᛁᛋᛖ,797
nonsympathizer,161,0,ᚾᚩᚾᛋᚣᛗᛈᚪᚦᛁᛋᛖᚱ,599
antinomianisms,158,0,ᚪᚾᛏᛁᚾᚩᛗᛡᚾᛁᛋᛗᛋ,667
hypermetropias,153,0,ᚻᚣᛈᛖᚱᛗᛖᛏᚱᚩᛈᛡᛋ,665
checkerblooms,150,0,ᚳᚻᛖᚳᚳᛖᚱᛒᛚᚩᚩᛗᛋ,479
decaffeinates,147,0,ᛞᛖᚳᚪᚠᚠᛖᛁᚾᚪᛏᛖᛋ,673
sagittariuses,143,0,ᛋᚪᚷᛁᛏᛏᚪᚱᛁᚢᛋᛖᛋ,631
metrifications,142,0,ᛗᛖᛏᚱᛁᚠᛁᚳᚪᛏᛡᚾᛋ,630
bacteriostases,141,0,ᛒᚪᚳᛏᛖᚱᛡᛋᛏᚪᛋᛖᛋ,797
exophthalmoses,137,0,ᛖᛉᚩᛈᚻᚦᚪᛚᛗᚩᛋᛖᛋ,613
prickmedainty,127,0,ᛈᚱᛁᚳᚳᛗᛖᛞᚪᛁᚾᛏᚣ,657
somniloquists,126,0,ᛋᚩᛗᚾᛁᛚᚩᚳᚹᛁᛋᛏᛋ,499
disconcertions,125,0,ᛞᛁᛋᚳᚩᚾᚳᛖᚱᛏᛡᚾᛋ,561
hyalinizations,121,0,ᚻᚣᚪᛚᛁᚾᛁᛋᚪᛏᛡᚾᛋ,785
homestretches,121,0,ᚻᚩᛗᛖᛋᛏᚱᛖᛏᚳᚻᛖᛋ,573
antifeminisms,120,0,ᚪᚾᛏᛁᚠᛖᛗᛁᚾᛁᛋᛗᛋ,624
uncloudedness,118,0,ᚢᚾᚳᛚᚩᚢᛞᛖᛞᚾᛖᛋᛋ,575
barbarizations,117,0,ᛒᚪᚱᛒᚪᚱᛁᛋᚪᛏᛡᚾᛋ,767
alkalimetries,107,0,ᚪᛚᚳᚪᛚᛁᛗᛖᛏᚱᛁᛖᛋ,743
prolificacies,104,0,ᛈᚱᚩᛚᛁᚠᛁᚳᚪᚳᛁᛖᛋ,472
bureaucratisms,104,0,ᛒᚢᚱᛠᚢᚳᚱᚪᛏᛁᛋᛗᛋ,575
polysyndetons,100,0,ᛈᚩᛚᚣᛋᚣᚾᛞᛖᛏᚩᚾᛋ,715
detumescences,95,0,ᛞᛖᛏᚢᛗᛖᛋᚳᛖᚾᚳᛖᛋ,651
committeemens,94,0,ᚳᚩᛗᛗᛁᛏᛏᛖᛖᛗᛖᚾᛋ,665
associableness,94,0,ᚪᛋᛋᚩᚳᛡᛒᛚᛖᚾᛖᛋᛋ,733
unexplorative,85,0,ᚢᚾᛖᛉᛈᛚᚩᚱᚪᛏᛁᚢᛖ,537
demonolatries,83,0,ᛞᛖᛗᚩᚾᚩᛚᚪᛏᚱᛁᛖᛋ,661
autoeroticisms,74,0,ᚪᚢᛏᛟᚱᚩᛏᛁᚳᛁᛋᛗᛋ,571
tubocurarines,73,0,ᛏᚢᛒᚩᚳᚢᚱᚪᚱᛁᚾᛖᛋ,445
hoggishnesses,72,0,ᚻᚩᚷᚷᛁᛋᚻᚾᛖᛋᛋᛖᛋ,493
synchromeshes,71,0,ᛋᚣᚾᚳᚻᚱᚩᛗᛖᛋᚻᛖᛋ,573
spiritualship,71,0,ᛋᛈᛁᚱᛁᛏᚢᚪᛚᛋᚻᛁᛈ,551
floricultures,67,0,ᚠᛚᚩᚱᛁᚳᚢᛚᛏᚢᚱᛖᛋ,406
unmanlinesses,65,0,ᚢᚾᛗᚪᚾᛚᛁᚾᛖᛋᛋᛖᛋ,655
overanxieties,63,0,ᚩᚢᛖᚱᚪᚾᛉᛁᛖᛏᛁᛖᛋ,569
presentnesses,61,0,ᛈᚱᛖᛋᛖᚾᛏᚾᛖᛋᛋᛖᛋ,651
noisomenesses,61,0,ᚾᚩᛁᛋᚩᛗᛖᚾᛖᛋᛋᛖᛋ,587
dexamethasones,60,0,ᛞᛖᛉᚪᛗᛖᚦᚪᛋᚩᚾᛖᛋ,749
unconstraints,58,0,ᚢᚾᚳᚩᚾᛋᛏᚱᚪᛁᚾᛏᛋ,473
neurotropisms,55,0,ᚾᛖᚢᚱᚩᛏᚱᚩᛈᛁᛋᛗᛋ,445
hemimorphites,54,0,ᚻᛖᛗᛁᛗᚩᚱᛈᚻᛁᛏᛖᛋ,557
unusualnesses,53,0,ᚢᚾᚢᛋᚢᚪᛚᚾᛖᛋᛋᛖᛋ,583
preoccupancies,46,0,ᛈᚱᛇᚳᚳᚢᛈᚪᚾᚳᛁᛖᛋ,457
crabbednesses,46,0,ᚳᚱᚪᛒᛒᛖᛞᚾᛖᛋᛋᛖᛋ,721
boorishnesses,46,0,ᛒᚩᚩᚱᛁᛋᚻᚾᛖᛋᛋᛖᛋ,515
adhesivenesss,46,0,ᚪᛞᚻᛖᛋᛁᚢᛖᚾᛖᛋᛋᛋ,685
pauperizations,42,0,ᛈᚪᚢᛈᛖᚱᛁᛋᚪᛏᛡᚾᛋ,693
