between,1422814275,1,ᛒᛖᛏᚹᛖᛖᚾ,369
general,1159540370,1,ᚷᛖᚾᛖᚱᚪᛚ,361
because,1127399500,1,ᛒᛖᚳᚪᚢᛋᛖ,361
however,948021308,1,ᚻᚩᚹᛖᚢᛖᚱ,197
against,838551077,1,ᚪᚷᚪᛁᚾᛋᛏ,383
company,821379184,1,ᚳᚩᛗᛈᚪᚾᚣ,363
service,783850492,1,ᛋᛖᚱᚢᛁᚳᛖ,245
present,767052897,1,ᛈᚱᛖᛋᛖᚾᛏ,329
national,757616982,0,ᚾᚪᛏᛡᚾᚪᛚ,491
following,708721520,1,ᚠᚩᛚᛚᚩᚹᛝ,260
research,613669137,1,ᚱᛖᛋᛠᚱᚳᚻ,287
country,604330711,1,ᚳᚩᚢᚾᛏᚱᚣ,225
control,600122347,1,ᚳᚩᚾᛏᚱᚩᛚ,199
question,562015683,1,ᚳᚹᛖᛋᛏᛡᚾ,347
certain,545766915,1,ᚳᛖᚱᛏᚪᛁᚾ,307
several,541875431,1,ᛋᛖᚢᛖᚱᚪᛚ,371
members,511112630,1,ᛗᛖᛗᛒᛖᚱᛋ,401
subject,509496448,1,ᛋᚢᛒᛂᛖᚳᛏ,293
program,508457893,1,ᛈᚱᚩᚷᚱᚪᛗ,257
process,503633182,1,ᛈᚱᚩᚳᛖᛋᛋ,247
example,486987413,1,ᛖᛉᚪᛗᛈᛚᛖ,465
history,483152055,1,ᚻᛁᛋᛏᚩᚱᚣ,287
although,481182644,1,ᚪᛚᚦᚩᚢᚷᚻ,225
himself,464818891,1,ᚻᛁᛗᛋᛖᛚᚠ,320
results,454151312,1,ᚱᛖᛋᚢᛚᛏᛋ,319
society,445743923,1,ᛋᚩᚳᛁᛖᛏᚣ,333
including,444647837,1,ᛁᚾᚳᛚᚢᛞᛝ,317
support,430987102,1,ᛋᚢᛈᛈᚩᚱᛏ,219
chapter,425436381,1,ᚳᚻᚪᛈᛏᛖᚱ,313
federal,423284866,1,ᚠᛖᛞᛖᚱᚪᛚ,406
increase,413392304,1,ᛁᚾᚳᚱᛠᛋᛖ,313
position,407322191,1,ᛈᚩᛋᛁᛏᛡᚾ,329
percent,404421700,1,ᛈᛖᚱᚳᛖᚾᛏ,289
provide,396315191,1,ᛈᚱᚩᚢᛁᛞᛖ,251
foreign,385475838,1,ᚠᚩᚱᛖᛁᚷᚾ,164
account,381664993,1,ᚪᚳᚳᚩᚢᚾᛏ,221
problem,381134476,1,ᛈᚱᚩᛒᛚᛖᛗ,333
together,380106890,1,ᛏᚩᚷᛖᚦᛖᚱ,233
material,372726696,1,ᛗᚪᛏᛖᚱᛡᛚ,485
purpose,368688815,1,ᛈᚢᚱᛈᚩᛋᛖ,227
systems,360320889,1,ᛋᚣᛋᛏᛖᛗᛋ,459
similar,353393515,1,ᛋᛁᛗᛁᛚᚪᚱ,367
according,350933614,1,ᚪᚳᚳᚩᚱᛞᛝ,309
studies,350421696,1,ᛋᛏᚢᛞᛁᛖᛋ,355
current,349685327,1,ᚳᚢᚱᚱᛖᚾᛏ,193
surface,339646622,1,ᛋᚢᚱᚠᚪᚳᛖ,246
council,336999244,1,ᚳᚩᚢᚾᚳᛁᛚ,169
average,328713932,1,ᚪᚢᛖᚱᚪᚷᛖ,359
natural,322816728,1,ᚾᚪᛏᚢᚱᚪᛚ,369
persons,322154886,1,ᛈᛖᚱᛋᚩᚾᛋ,263
central,321513430,1,ᚳᛖᚾᛏᚱᚪᛚ,349
college,321382206,1,ᚳᚩᛚᛚᛖᚷᛖ,317
brought,318272879,1,ᛒᚱᚩᚢᚷᚻᛏ,181
private,315909312,1,ᛈᚱᛁᚢᚪᛏᛖ,311
perhaps,312552284,1,ᛈᛖᚱᚻᚪᛈᛋ,337
language,308691755,1,ᛚᚪᛝᚢᚪᚷᛖ,433
british,302521428,0,ᛒᚱᛁᛏᛁᛋᚻ,269
science,299347523,1,ᛋᚳᛁᛖᚾᚳᛖ,273
capital,297130753,1,ᚳᚪᛈᛁᛏᚪᛚ,413
include,295786070,1,ᛁᚾᚳᛚᚢᛞᛖ,305
believe,294164724,1,ᛒᛖᛚᛁᛖᚢᛖ,369
respect,292154835,1,ᚱᛖᛋᛈᛖᚳᛏ,313
effects,291116004,1,ᛖᚠᚠᛖᚳᛏᛋ,263
medical,290930227,1,ᛗᛖᛞᛁᚳᚪᛚ,441
addition,289574746,1,ᚪᛞᛞᛁᛏᛡᚾ,501
century,287520597,1,ᚳᛖᚾᛏᚢᚱᚣ,285
project,285463471,1,ᛈᚱᚩᛂᛖᚳᛏ,237
usually,284908266,1,ᚢᛋᚢᚪᛚᛚᚣ,405
america,283008301,0,ᚪᛗᛖᚱᛁᚳᚪ,387
quality,274991656,1,ᚳᚹᚪᛚᛁᛏᚣ,395
related,272695276,1,ᚱᛖᛚᚪᛏᛖᛞ,463
division,272200945,1,ᛞᛁᚢᛁᛋᛡᚾ,343
decision,267448124,1,ᛞᛖᚳᛁᛋᛡᚾ,389
written,266774617,1,ᚹᚱᛁᛏᛏᛖᚾ,275
schools,264424287,1,ᛋᚳᚻᚩᚩᛚᛋ,229
congress,264401282,1,ᚳᚩᛝᚱᛖᛋᛋ,283
species,261049133,1,ᛋᛈᛖᚳᛁᛖᛋ,327
function,259878955,1,ᚠᚢᚾᚳᛏᛡᚾ,242
january,258902481,0,ᛂᚪᚾᚢᚪᚱᚣ,377
limited,256351527,1,ᛚᛁᛗᛁᛏᛖᛞ,421
article,255577614,1,ᚪᚱᛏᛁᚳᛚᛖ,351
follows,253008165,1,ᚠᚩᛚᛚᚩᚹᛋ,234
carried,247337741,1,ᚳᚪᚱᚱᛁᛖᛞ,319
journal,246090596,1,ᛂᚩᚢᚱᚾᚪᛚ,257
hundred,245750610,1,ᚻᚢᚾᛞᚱᛖᛞ,311
workers,242521648,1,ᚹᚩᚱᚳᛖᚱᛋ,181
library,239255497,1,ᛚᛁᛒᚱᚪᚱᚣ,387
applied,235855140,1,ᚪᛈᛈᛚᛁᛖᛞ,443
october,232744507,0,ᚩᚳᛏᚩᛒᛖᚱ,225
outside,230009260,1,ᚩᚢᛏᛋᛁᛞᛖ,309
western,228302152,1,ᚹᛖᛋᛏᛖᚱᚾ,305
solution,228243652,1,ᛋᚩᛚᚢᛏᛡᚾ,331
reports,222343858,1,ᚱᛖᛈᚩᚱᛏᛋ,251
product,218299688,1,ᛈᚱᚩᛞᚢᚳᛏ,225
beginning,214400057,1,ᛒᛖᚷᛁᚾᚾᛝ,313
parties,212535256,1,ᛈᚪᚱᛏᛁᛖᛋ,361
finally,207279902,1,ᚠᛁᚾᚪᛚᛚᚣ,408
justice,205998624,1,ᛂᚢᛋᛏᛁᚳᛖ,263
officer,205851225,1,ᚩᚠᚠᛁᚳᛖᚱ,133
factors,205810111,1,ᚠᚪᚳᛏᚩᚱᛋ,242
address,198708365,1,ᚪᛞᛞᚱᛖᛋᛋ,459
payment,197919284,1,ᛈᚪᚣᛗᛖᚾᛏ,469
towards,194602176,1,ᛏᚩᚹᚪᚱᛞᛋ,335
patient,194377522,1,ᛈᚪᛏᛁᛖᚾᛏ,385
previous,190554784,1,ᛈᚱᛖᚢᛡᚢᛋ,287
european,190013631,0,ᛖᚢᚱᚩᛈᛠᚾ,269
exchange,188043097,1,ᛖᛉᚳᚻᚪᛝᛖ,393
produce,188028643,1,ᛈᚱᚩᛞᚢᚳᛖ,233
primary,187894205,1,ᛈᚱᛁᛗᚪᚱᚣ,367
allowed,185885379,1,ᚪᛚᛚᚩᚹᛖᛞ,425
charles,185815200,0,ᚳᚻᚪᚱᛚᛖᛋ,337
friends,185042504,1,ᚠᚱᛁᛖᚾᛞᛋ,282
records,181860837,1,ᚱᛖᚳᚩᚱᛞᛋ,251
relation,181267738,1,ᚱᛖᛚᚪᛏᛡᚾ,443
chicago,181256377,1,ᚳᚻᛁᚳᚪᚷᚩ,201
require,179727770,1,ᚱᛖᚳᚹᛁᚱᛖ,219
culture,179027280,1,ᚳᚢᛚᛏᚢᚱᛖ,229
numbers,176138762,1,ᚾᚢᛗᛒᛖᚱᛋ,295
content,175207044,1,ᚳᚩᚾᛏᛖᚾᛏ,263
receive,174347249,1,ᚱᛖᚳᛖᛁᚢᛖ,259
contact,173581903,1,ᚳᚩᚾᛏᚪᚳᛏ,277
minutes,172174655,1,ᛗᛁᚾᚢᛏᛖᛋ,313
figures,172059808,1,ᚠᛁᚷᚢᚱᛖᛋ,184
reduced,170136349,1,ᚱᛖᛞᚢᚳᛖᛞ,339
benefit,170081561,1,ᛒᛖᚾᛖᚠᛁᛏ,316
student,169812348,1,ᛋᛏᚢᛞᛖᚾᛏ,359
southern,168757434,1,ᛋᚩᚢᚦᛖᚱᚾ,175
failure,168133103,1,ᚠᚪᛁᛚᚢᚱᛖ,284
balance,167795226,1,ᛒᚪᛚᚪᚾᚳᛖ,437
operating,167496364,1,ᚩᛈᛖᚱᚪᛏᛝ,363
defined,167202881,1,ᛞᛖᚠᛁᚾᛖᛞ,374
forward,166701108,1,ᚠᚩᚱᚹᚪᚱᛞ,236
success,166137474,1,ᛋᚢᚳᚳᛖᛋᛋ,255
everything,165629458,1,ᛖᚢᛖᚱᚣᚦᛝ,335
thousand,165165865,1,ᚦᚩᚢᛋᚪᚾᛞ,283
teachers,164502320,1,ᛏᛠᚳᚻᛖᚱᛋ,335
sources,163985693,1,ᛋᚩᚢᚱᚳᛖᛋ,207
affairs,163226071,1,ᚪᚠᚠᚪᛁᚱᛋ,293
measures,162861906,1,ᛗᛠᛋᚢᚱᛖᛋ,367
covered,162712131,1,ᚳᚩᚢᛖᚱᛖᛞ,257
maximum,162090589,1,ᛗᚪᛉᛁᛗᚢᛗ,391
adopted,161373900,1,ᚪᛞᚩᛈᛏᛖᛞ,451
letters,161151803,1,ᛚᛖᛏᛏᛖᚱᛋ,389
machine,160406359,1,ᛗᚪᚳᚻᛁᚾᛖ,331
appeared,159925557,1,ᚪᛈᛈᛠᚱᛖᛞ,459
becomes,159477172,1,ᛒᛖᚳᚩᛗᛖᛋ,339
request,159340036,1,ᚱᛖᚳᚹᛖᛋᛏ,289
sections,159139360,1,ᛋᛖᚳᛏᛡᚾᛋ,381
senator,157550086,1,ᛋᛖᚾᚪᛏᚩᚱ,323
official,155921951,1,ᚩᚠᚠᛁᚳᛡᛚ,235
complex,155426682,1,ᚳᚩᛗᛈᛚᛖᛉ,321
started,154450689,1,ᛋᛏᚪᚱᛏᛖᛞ,435
ability,154007885,1,ᚪᛒᛁᛚᛁᛏᚣ,455
germany,153956766,0,ᚷᛖᚱᛗᚪᚾᚣ,395
parents,153610228,1,ᛈᚪᚱᛖᚾᛏᛋ,359
economy,153281451,1,ᛖᚳᚩᚾᚩᛗᚣ,297
increasing,152963536,1,ᛁᚾᚳᚱᛠᛋᛝ,325
entered,151994440,1,ᛖᚾᛏᛖᚱᛖᛞ,389
decided,151660571,1,ᛞᛖᚳᛁᛞᛖᛞ,445
offered,151067019,1,ᚩᚠᚠᛖᚱᛖᛞ,245
behavior,150936682,1,ᛒᛖᚻᚪᚢᛡᚱ,369
dollars,150729500,1,ᛞᚩᛚᛚᚪᚱᛋ,403
efforts,150634610,1,ᛖᚠᚠᚩᚱᛏᛋ,201
matters,149152985,1,ᛗᚪᛏᛏᛖᚱᛋ,417
northern,148117388,1,ᚾᚩᚱᚦᛖᚱᚾ,159
features,145586249,1,ᚠᛠᛏᚢᚱᛖᛋ,304
attempt,145166398,1,ᚪᛏᛏᛖᛗᛈᛏ,455
animals,144724851,1,ᚪᚾᛁᛗᚪᛚᛋ,451
defense,144231568,1,ᛞᛖᚠᛖᚾᛋᛖ,374
regular,143114682,1,ᚱᛖᚷᚢᛚᚪᚱ,279
prevent,142480589,1,ᛈᚱᛖᚢᛖᚾᛏ,279
election,141729588,1,ᛖᛚᛖᚳᛏᛡᚾ,415
minimum,141338448,1,ᛗᛁᚾᛁᛗᚢᛗ,307
develop,140866812,1,ᛞᛖᚢᛖᛚᚩᛈ,349
variety,140582049,1,ᚢᚪᚱᛁᛖᛏᚣ,371
conduct,139996513,1,ᚳᚩᚾᛞᚢᚳᛏ,213
amended,137465674,1,ᚪᛗᛖᚾᛞᛖᛞ,509
remains,137013441,1,ᚱᛖᛗᚪᛁᚾᛋ,359
providing,136720149,1,ᛈᚱᚩᚢᛁᛞᛝ,263
ordered,136180468,1,ᚩᚱᛞᛖᚱᛖᛞ,341
regional,135785616,1,ᚱᛖᚷᛡᚾᚪᛚ,401
picture,135622363,1,ᛈᛁᚳᛏᚢᚱᛖ,227
located,133895913,1,ᛚᚩᚳᚪᛏᛖᛞ,405
revenue,133815083,1,ᚱᛖᚢᛖᚾᚢᛖ,247
classes,133256353,1,ᚳᛚᚪᛋᛋᛖᛋ,409
removed,132974271,1,ᚱᛖᛗᚩᚢᛖᛞ,315
husband,132743282,1,ᚻᚢᛋᛒᚪᚾᛞ,355
granted,131315474,1,ᚷᚱᚪᚾᛏᛖᛞ,369
railway,130997465,1,ᚱᚪᛁᛚᚹᚪᚣ,431
freedom,129696518,1,ᚠᚱᛖᛖᛞᚩᛗ,314
correct,129131198,1,ᚳᚩᚱᚱᛖᚳᛏ,181
religion,128743465,0,ᚱᛖᛚᛁᚷᛡᚾ,335
buildings,128674223,1,ᛒᚢᛁᛚᛞᛝᛋ,389
herself,127069124,1,ᚻᛖᚱᛋᛖᛚᚠ,296
manager,125746464,1,ᛗᚪᚾᚪᚷᛖᚱ,389
chinese,125058455,0,ᚳᚻᛁᚾᛖᛋᛖ,283
location,124980452,1,ᛚᚩᚳᚪᛏᛡᚾ,385
summary,124521997,1,ᛋᚢᛗᛗᚪᚱᚣ,409
supreme,124082714,1,ᛋᚢᛈᚱᛖᛗᛖ,315
village,123445072,1,ᚢᛁᛚᛚᚪᚷᛖ,361
richard,123403314,0,ᚱᛁᚳᚻᚪᚱᛞ,275
popular,123341899,1,ᛈᚩᛈᚢᛚᚪᚱ,277
married,122540586,1,ᛗᚪᚱᚱᛁᛖᛞ,377
details,122271997,1,ᛞᛖᛏᚪᛁᛚᛋ,469
printed,122220357,1,ᛈᚱᛁᚾᛏᛖᛞ,329
smaller,121751891,1,ᛋᛗᚪᛚᛚᛖᚱ,445
greatest,121013376,1,ᚷᚱᛠᛏᛖᛋᛏ,375
absence,120486183,1,ᚪᛒᛋᛖᚾᚳᛖ,387
pattern,119410990,1,ᛈᚪᛏᛏᛖᚱᚾ,365
circuit,119271334,1,ᚳᛁᚱᚳᚢᛁᛏ,161
regarding,118902310,1,ᚱᛖᚷᚪᚱᛞᛝ,371
statute,118745524,1,ᛋᛏᚪᛏᚢᛏᛖ,397
highest,118457824,1,ᚻᛁᚷᚻᛖᛋᛏ,273
network,118165301,1,ᚾᛖᛏᚹᚩᚱᚳ,205
britain,117487448,1,ᛒᚱᛁᛏᚪᛁᚾ,319
command,117096962,1,ᚳᚩᛗᛗᚪᚾᛞ,377
passage,116355188,1,ᛈᚪᛋᛋᚪᚷᛖ,427
ancient,116343381,1,ᚪᚾᚳᛁᛖᚾᛏ,325
concept,116275670,1,ᚳᚩᚾᚳᛖᛈᛏ,231
quickly,116243062,1,ᚳᚹᛁᚳᚳᛚᚣ,265
marriage,115955523,1,ᛗᚪᚱᚱᛡᚷᛖ,381
element,114749095,1,ᛖᛚᛖᛗᛖᚾᛏ,433
traffic,112826613,1,ᛏᚱᚪᚠᚠᛁᚳ,215
aspects,111769845,1,ᚪᛋᛈᛖᚳᛏᛋ,385
concern,111503521,1,ᚳᚩᚾᚳᛖᚱᚾ,169
despite,110839897,1,ᛞᛖᛋᛈᛁᛏᛖ,409
context,110227345,1,ᚳᚩᚾᛏᛖᛉᛏ,281
measured,109738249,1,ᛗᛠᛋᚢᚱᛖᛞ,403
amounts,108883714,1,ᚪᛗᚩᚢᚾᛏᛋ,319
pacific,108468622,1,ᛈᚪᚳᛁᚠᛁᚳ,230
african,108457118,0,ᚪᚠᚱᛁᚳᚪᚾ,280
charges,108386506,1,ᚳᚻᚪᚱᚷᛖᛋ,281
objects,108352552,1,ᚩᛒᛂᛖᚳᛏᛋ,297
virginia,108344649,0,ᚢᛁᚱᚷᛁᚾᛡ,229
express,107980051,1,ᛖᛉᛈᚱᛖᛋᛋ,341
storage,107542140,1,ᛋᛏᚩᚱᚪᚷᛖ,311
derived,107103967,1,ᛞᛖᚱᛁᚢᛖᛞ,357
counsel,106123268,1,ᚳᚩᚢᚾᛋᛖᛚ,245
contain,106013978,1,ᚳᚩᚾᛏᚪᛁᚾ,265
largely,105993610,1,ᛚᚪᚱᚷᛖᛚᚣ,441
reserve,105743557,1,ᚱᛖᛋᛖᚱᚢᛖ,279
captain,104961640,1,ᚳᚪᛈᛏᚪᛁᚾ,369
divided,104935385,1,ᛞᛁᚢᛁᛞᛖᛞ,399
petition,104244190,1,ᛈᛖᛏᛁᛏᛡᚾ,395
suggest,104049041,1,ᛋᚢᚷᚷᛖᛋᛏ,269
advance,103787605,1,ᚪᛞᚢᚪᚾᚳᛖ,395
perfect,103710221,1,ᛈᛖᚱᚠᛖᚳᛏ,262
finance,103683214,1,ᚠᛁᚾᚪᚾᚳᛖ,268
studied,102180025,1,ᛋᛏᚢᛞᛁᛖᛞ,391
resulting,102086884,1,ᚱᛖᛋᚢᛚᛏᛝ,345
welfare,101991525,1,ᚹᛖᛚᚠᚪᚱᛖ,336
johnson,100945994,0,ᛂᚩᚻᚾᛋᚩᚾ,185
equation,100905130,1,ᛖᚳᚹᚪᛏᛡᚾ,391
charged,100896788,1,ᚳᚻᚪᚱᚷᛖᛞ,317
explain,100786728,1,ᛖᛉᛈᛚᚪᛁᚾ,387
quarter,100177525,1,ᚳᚹᚪᚱᛏᛖᚱ,277
samples,99308154,1,ᛋᚪᛗᛈᛚᛖᛋ,457
moreover,99168293,1,ᛗᚩᚱᛇᚢᛖᚱ,211
vessels,99075999,1,ᚢᛖᛋᛋᛖᛚᛋ,369
assumed,99010046,1,ᚪᛋᛋᚢᛗᛖᛞ,433
exactly,98579580,1,ᛖᛉᚪᚳᛏᛚᚣ,459
remaining,98452296,1,ᚱᛖᛗᚪᛁᚾᛝ,385
largest,98013648,1,ᛚᚪᚱᚷᛖᛋᛏ,377
arrived,97528584,1,ᚪᚱᚱᛁᚢᛖᛞ,309
pointed,96945843,1,ᛈᚩᛁᚾᛏᛖᛞ,325
vehicle,96304541,1,ᚢᛖᚻᛁᚳᛚᛖ,277
improve,96207508,1,ᛁᛗᛈᚱᚩᚢᛖ,233
channel,95515944,1,ᚳᚻᚪᚾᚾᛖᛚ,331
superior,95386810,1,ᛋᚢᛈᛖᚱᛡᚱ,295
elected,94903521,1,ᛖᛚᛖᚳᛏᛖᛞ,435
closely,94668540,1,ᚳᛚᚩᛋᛖᛚᚣ,389
expense,94424630,1,ᛖᛉᛈᛖᚾᛋᛖ,373
columbia,94128039,1,ᚳᚩᛚᚢᛗᛒᛡ,335
equally,93796550,1,ᛖᚳᚹᚪᛚᛚᚣ,445
message,93556273,1,ᛗᛖᛋᛋᚪᚷᛖ,425
canadian,93297456,0,ᚳᚪᚾᚪᛞᛡᚾ,461
offices,93157899,1,ᚩᚠᚠᛁᚳᛖᛋ,175
farmers,92461694,1,ᚠᚪᚱᛗᛖᚱᛋ,312
suppose,92370980,1,ᛋᚢᛈᛈᚩᛋᛖ,269
trouble,92270808,1,ᛏᚱᚩᚢᛒᛚᛖ,281
witness,91933756,1,ᚹᛁᛏᚾᛖᛋᛋ,311
overall,91879761,1,ᚩᚢᛖᚱᚪᛚᛚ,331
rapidly,91842317,1,ᚱᚪᛈᛁᛞᛚᚣ,447
markets,91392770,1,ᛗᚪᚱᚳᛖᛏᛋ,371
consent,90317692,1,ᚳᚩᚾᛋᛖᚾᛏ,257
desired,90289206,1,ᛞᛖᛋᛁᚱᛖᛞ,407
occasion,90115704,1,ᚩᚳᚳᚪᛋᛡᚾ,319
typical,90106745,1,ᛏᚣᛈᛁᚳᚪᛚ,419
density,90024610,1,ᛞᛖᚾᛋᛁᛏᚣ,431
chamber,88989463,1,ᚳᚻᚪᛗᛒᛖᚱ,343
protect,88671519,1,ᛈᚱᚩᛏᛖᚳᛏ,259
ireland,88334249,0,ᛁᚱᛖᛚᚪᚾᛞ,397
pleasure,87851179,1,ᛈᛚᛠᛋᚢᚱᛖ,359
capable,87652544,1,ᚳᚪᛈᚪᛒᛚᛖ,451
besides,87623723,1,ᛒᛖᛋᛁᛞᛖᛋ,421
diseases,87580577,1,ᛞᛁᛋᛠᛋᛖᛋ,455
protein,87405071,1,ᛈᚱᚩᛏᛖᛁᚾ,247
receiving,87188091,1,ᚱᛖᚳᛖᛁᚢᛝ,271
islands,86628992,1,ᛁᛋᛚᚪᚾᛞᛋ,425
spanish,86516805,0,ᛋᛈᚪᚾᛁᛋᚻ,329
marketing,86495329,1,ᛗᚪᚱᚳᛖᛏᛝ,397
engineer,86140988,1,ᛖᛝᛁᚾᛖᛖᚱ,351
perform,85767359,1,ᛈᛖᚱᚠᚩᚱᛗ,212
highway,85681894,1,ᚻᛁᚷᚻᚹᚪᚣ,313
variable,84903355,1,ᚢᚪᚱᛡᛒᛚᛖ,419
interior,84649486,1,ᛁᚾᛏᛖᚱᛡᚱ,315
stories,84080801,1,ᛋᛏᚩᚱᛁᛖᛋ,281
grounds,83939848,1,ᚷᚱᚩᚢᚾᛞᛋ,209
diameter,83257883,0,ᛞᛡᛗᛖᛏᛖᚱ,471
producing,83033600,1,ᛈᚱᚩᛞᚢᚳᛝ,245
uniform,82192997,1,ᚢᚾᛁᚠᚩᚱᛗ,154
treasury,82099676,1,ᛏᚱᛠᛋᚢᚱᚣ,349
stations,81668492,1,ᛋᛏᚪᛏᛡᚾᛋ,457
strongly,81098500,1,ᛋᛏᚱᚩᛝᛚᚣ,385
stopped,80197076,1,ᛋᛏᚩᛈᛈᛖᛞ,361
careful,79753524,1,ᚳᚪᚱᛖᚠᚢᛚ,266
removal,79668194,1,ᚱᛖᛗᚩᚢᚪᛚ,329
courses,79356140,1,ᚳᚩᚢᚱᛋᛖᛋ,207
depends,79257978,1,ᛞᛖᛈᛖᚾᛞᛋ,437
preceding,79102787,1,ᛈᚱᛖᚳᛖᛞᛝ,369
operate,78883728,1,ᚩᛈᛖᚱᚪᛏᛖ,351
revised,78814516,1,ᚱᛖᚢᛁᛋᛖᛞ,321
radiation,78634247,1,ᚱᚪᛞᛡᛏᛡᚾ,499
decrease,77954192,1,ᛞᛖᚳᚱᛠᛋᛖ,409
familiar,77897160,1,ᚠᚪᛗᛁᛚᛡᚱ,392
demands,77667846,1,ᛞᛖᛗᚪᚾᛞᛋ,495
claimed,77285990,1,ᚳᛚᚪᛁᛗᛖᛞ,441
refused,77285133,1,ᚱᛖᚠᚢᛋᛖᛞ,292
violence,76819216,1,ᚢᛡᛚᛖᚾᚳᛖ,359
settled,76688156,1,ᛋᛖᛏᛏᛚᛖᛞ,467
degrees,76306828,1,ᛞᛖᚷᚱᛖᛖᛋ,371
thoughts,75762252,1,ᚦᚩᚢᚷᚻᛏᛋ,167
unknown,75664354,1,ᚢᚾᚳᚾᚩᚹᚾ,129
organic,75650465,1,ᚩᚱᚷᚪᚾᛁᚳ,205
variation,75648248,1,ᚢᚪᚱᛡᛏᛡᚾ,413
carrier,75453670,1,ᚳᚪᚱᚱᛁᛖᚱ,241
judicial,75318292,1,ᛂᚢᛞᛁᚳᛡᛚ,353
flowers,74792954,1,ᚠᛚᚩᚹᛖᚱᛋ,232
exposed,74683466,1,ᛖᛉᛈᚩᛋᛖᛞ,373
williams,74579674,0,ᚹᛁᛚᛚᛡᛗᛋ,427
arranged,74560360,1,ᚪᚱᚱᚪᛝᛖᛞ,451
replied,74431965,1,ᚱᛖᛈᛚᛁᛖᛞ,381
discuss,74244567,1,ᛞᛁᛋᚳᚢᛋᛋ,295
involving,74135237,1,ᛁᚾᚢᚩᛚᚢᛝ,225
streets,74003837,1,ᛋᛏᚱᛖᛖᛏᛋ,369
profits,73267081,1,ᛈᚱᚩᚠᛁᛏᛋ,206
alcohol,73011433,1,ᚪᛚᚳᚩᚻᚩᛚ,293
damages,72957389,1,ᛞᚪᛗᚪᚷᛖᛋ,491
catholic,72812785,1,ᚳᚪᚦᚩᛚᛁᚳ,239
remarks,72753253,1,ᚱᛖᛗᚪᚱᚳᛋ,323
criteria,72639846,1,ᚳᚱᛁᛏᛖᚱᛡ,299
exports,72343093,1,ᛖᛉᛈᚩᚱᛏᛋ,287
devices,72228883,1,ᛞᛖᚢᛁᚳᛖᛋ,323
returns,72175791,1,ᚱᛖᛏᚢᚱᚾᛋ,233
liberty,72141516,1,ᛚᛁᛒᛖᚱᛏᚣ,405
achieve,72031476,1,ᚪᚳᚻᛁᛖᚢᛖ,301
florida,71874745,0,ᚠᛚᚩᚱᛁᛞᚪ,310
extreme,71844368,1,ᛖᛉᛏᚱᛖᛗᛖ,389
repeated,71645943,1,ᚱᛖᛈᛠᛏᛖᛞ,445
evident,71458222,1,ᛖᚢᛁᛞᛖᚾᛏ,345
founded,71057412,1,ᚠᚩᚢᚾᛞᛖᛞ,286
mixture,70800578,1,ᛗᛁᛉᛏᚢᚱᛖ,289
induced,70576724,1,ᛁᚾᛞᚢᚳᛖᛞ,321
license,70450742,1,ᛚᛁᚳᛖᚾᛋᛖ,333
promise,69676509,1,ᛈᚱᚩᛗᛁᛋᛖ,283
alleged,69588918,1,ᚪᛚᛚᛖᚷᛖᛞ,483
imposed,69183529,1,ᛁᛗᛈᚩᛋᛖᛞ,361
display,69057204,1,ᛞᛁᛋᛈᛚᚪᚣ,489
writers,68234593,1,ᚹᚱᛁᛏᛖᚱᛋ,251
secured,67800338,1,ᛋᛖᚳᚢᚱᛖᛞ,303
imports,67314235,1,ᛁᛗᛈᚩᚱᛏᛋ,275
academy,67002443,1,ᚪᚳᚪᛞᛖᛗᚣ,537
majesty,66249312,1,ᛗᚪᛂᛖᛋᛏᚣ,487
customs,66057320,1,ᚳᚢᛋᛏᚩᛗᛋ,259
mineral,66007690,1,ᛗᛁᚾᛖᚱᚪᛚ,379
examine,65855539,1,ᛖᛉᚪᛗᛁᚾᛖ,409
formula,65418732,1,ᚠᚩᚱᛗᚢᛚᚪ,264
reporting,65371978,1,ᚱᛖᛈᚩᚱᛏᛝ,277
decline,64981853,1,ᛞᛖᚳᛚᛁᚾᛖ,369
fifteen,64608889,1,ᚠᛁᚠᛏᛖᛖᚾ,257
defence,64439915,1,ᛞᛖᚠᛖᚾᚳᛖ,334
reactions,64247797,1,ᚱᛠᚳᛏᛡᚾᛋ,381
planned,64176473,1,ᛈᛚᚪᚾᚾᛖᛞ,427
proceed,64145346,1,ᛈᚱᚩᚳᛖᛖᛞ,297
realized,64015875,1,ᚱᛠᛚᛁᛋᛖᛞ,433
faculty,63950306,1,ᚠᚪᚳᚢᛚᛏᚣ,350
deposit,63536633,1,ᛞᛖᛈᚩᛋᛁᛏ,349
colonel,63489113,1,ᚳᚩᛚᚩᚾᛖᛚ,269
windows,63223405,1,ᚹᛁᚾᛞᚩᚹᛋ,247
devoted,63114781,1,ᛞᛖᚢᚩᛏᛖᛞ,381
climate,62884957,1,ᚳᛚᛁᛗᚪᛏᛖ,411
inquiry,62778992,1,ᛁᚾᚳᚹᛁᚱᚣ,237
opposed,62523676,1,ᚩᛈᛈᚩᛋᛖᛞ,309
exhibit,62476030,1,ᛖᛉᚻᛁᛒᛁᛏ,319
violation,62038158,1,ᚢᛡᛚᚪᛏᛡᚾ,475
liberal,61688689,1,ᛚᛁᛒᛖᚱᚪᛚ,413
revealed,60938178,1,ᚱᛖᚢᛠᛚᛖᛞ,419
visible,60878118,1,ᚢᛁᛋᛁᛒᛚᛖ,319
payable,60692780,1,ᛈᚪᚣᚪᛒᛚᛖ,541
comment,60663404,1,ᚳᚩᛗᛗᛖᚾᛏ,317
reflect,60314310,1,ᚱᛖᚠᛚᛖᚳᛏ,292
utility,60066678,1,ᚢᛏᛁᛚᛁᛏᚣ,359
brothers,60004692,1,ᛒᚱᚩᚦᛖᚱᛋ,215
factory,59996780,1,ᚠᚪᚳᛏᚩᚱᚣ,292
jackson,59920566,0,ᛂᚪᚳᚳᛋᚩᚾ,249
centers,59878528,1,ᚳᛖᚾᛏᛖᚱᛋ,299
prepare,59725004,1,ᛈᚱᛖᛈᚪᚱᛖ,339
requiring,59368725,1,ᚱᛖᚳᚹᛁᚱᛝ,231
managed,59157852,1,ᛗᚪᚾᚪᚷᛖᛞ,467
volumes,59093974,1,ᚢᚩᛚᚢᛗᛖᛋ,277
suffering,58760194,1,ᛋᚢᚠᚠᛖᚱᛝ,217
promote,58752222,1,ᛈᚱᚩᛗᚩᛏᛖ,265
released,58698197,1,ᚱᛖᛚᛠᛋᛖᛞ,469
extending,58624104,1,ᛖᛉᛏᛖᚾᛞᛝ,437
physics,58509448,1,ᛈᚻᚣᛋᛁᚳᛋ,319
answers,58379863,1,ᚪᚾᛋᚹᛖᚱᛋ,329
surplus,58267759,1,ᛋᚢᚱᛈᛚᚢᛋ,239
noticed,58016886,1,ᚾᚩᛏᛁᚳᛖᛞ,295
poverty,57842233,1,ᛈᚩᚢᛖᚱᛏᚣ,293
taxation,57219637,1,ᛏᚪᛉᚪᛏᛡᚾ,495
colonial,57169863,1,ᚳᚩᛚᚩᚾᛡᛚ,309
silence,57020642,1,ᛋᛁᛚᛖᚾᚳᛖ,333
millions,56953220,1,ᛗᛁᛚᛚᛡᚾᛋ,437
freight,56902064,1,ᚠᚱᛖᛁᚷᚻᛏ,210
depending,56656427,1,ᛞᛖᛈᛖᚾᛞᛝ,463
charter,56583933,1,ᚳᚻᚪᚱᛏᛖᚱ,281
journey,56273672,1,ᛂᚩᚢᚱᚾᛖᚣ,257
applies,55908526,1,ᚪᛈᛈᛚᛁᛖᛋ,407
adoption,55500099,1,ᚪᛞᚩᛈᛏᛡᚾ,431
opinions,55248932,1,ᚩᛈᛁᚾᛡᚾᛋ,299
dropped,55178329,1,ᛞᚱᚩᛈᛈᛖᛞ,349
duration,55031411,1,ᛞᚢᚱᚪᛏᛡᚾ,395
voltage,54977009,1,ᚢᚩᛚᛏᚪᚷᛖ,323
compare,54805048,1,ᚳᚩᛗᛈᚪᚱᛖ,309
adapted,54783459,1,ᚪᛞᚪᛈᛏᛖᛞ,541
partner,54732849,1,ᛈᚪᚱᛏᚾᛖᚱ,317
dynamic,54479564,1,ᛞᚣᚾᚪᛗᛁᚳ,433
trained,54176862,1,ᛏᚱᚪᛁᚾᛖᛞ,383
visited,53951702,1,ᚢᛁᛋᛁᛏᛖᛞ,333
unusual,53866443,1,ᚢᚾᚢᛋᚢᚪᛚ,261
francis,52913041,0,ᚠᚱᚪᚾᚳᛁᛋ,236
tobacco,52479737,1,ᛏᚩᛒᚪᚳᚳᚩ,257
imagine,52394915,1,ᛁᛗᚪᚷᛁᚾᛖ,343
portions,52228868,1,ᛈᚩᚱᛏᛡᚾᛋ,309
kitchen,52029839,1,ᚳᛁᛏᚳᚻᛖᚾ,235
observe,51906193,1,ᚩᛒᛋᛖᚱᚢᛖ,269
emperor,51866435,1,ᛖᛗᛈᛖᚱᚩᚱ,277
peculiar,51790304,1,ᛈᛖᚳᚢᛚᛡᚱ,317
involve,51780251,1,ᛁᚾᚢᚩᛚᚢᛖ,213
dispute,51329611,1,ᛞᛁᛋᛈᚢᛏᛖ,345
existed,51155774,1,ᛖᛉᛁᛋᛏᛖᛞ,413
surgery,51140023,0,ᛋᚢᚱᚷᛖᚱᚣ,265
recording,51092410,1,ᚱᛖᚳᚩᚱᛞᛝ,277
distant,50943017,1,ᛞᛁᛋᛏᚪᚾᛏ,417
priority,50627008,1,ᛈᚱᛡᚱᛁᛏᚣ,365
imperial,50424044,1,ᛁᛗᛈᛖᚱᛡᛚ,403
chronic,50374991,1,ᚳᚻᚱᚩᚾᛁᚳ,127
lateral,50040080,1,ᛚᚪᛏᛖᚱᚪᛚ,477
lincoln,50035932,0,ᛚᛁᚾᚳᚩᛚᚾ,255
recover,49862092,1,ᚱᛖᚳᚩᚢᛖᚱ,179
optical,49745102,1,ᚩᛈᛏᛁᚳᚪᛚ,323
receipt,49743105,1,ᚱᛖᚳᛖᛁᛈᛏ,291
counter,49708813,1,ᚳᚩᚢᚾᛏᛖᚱ,189
welcome,49534789,1,ᚹᛖᛚᚳᚩᛗᛖ,317
enacted,49445688,1,ᛖᚾᚪᚳᛏᛖᛞ,421
mounted,49016405,1,ᛗᚩᚢᚾᛏᛖᛞ,325
plastic,48946981,1,ᛈᛚᚪᛋᛏᛁᚳ,369
penalty,48834526,1,ᛈᛖᚾᚪᛚᛏᚣ,471
citizen,48820513,1,ᚳᛁᛏᛁᛋᛖᚾ,283
victory,48740151,1,ᚢᛁᚳᛏᚩᚱᚣ,227
watched,48601940,1,ᚹᚪᛏᚳᚻᛖᛞ,367
musical,48548403,1,ᛗᚢᛋᛁᚳᚪᛚ,341
arrival,48499820,1,ᚪᚱᚱᛁᚢᚪᛚ,323
digital,48490862,1,ᛞᛁᚷᛁᛏᚪᛚ,397
financing,48305604,1,ᚠᛁᚾᚪᚾᚳᛝ,280
servant,48261981,1,ᛋᛖᚱᚢᚪᚾᛏ,319
obtaining,48003679,1,ᚩᛒᛏᚪᛁᚾᛝ,363
illness,47574865,1,ᛁᛚᛚᚾᛖᛋᛋ,379
chiefly,47338551,1,ᚳᚻᛁᛖᚠᛚᚣ,312
warrant,47312950,1,ᚹᚪᚱᚱᚪᚾᛏ,323
affecting,47177998,1,ᚪᚠᚠᛖᚳᛏᛝ,319
accused,47138073,1,ᚪᚳᚳᚢᛋᛖᛞ,335
happens,46517343,1,ᚻᚪᛈᛈᛖᚾᛋ,355
shortly,46470502,1,ᛋᚻᚩᚱᛏᛚᚣ,329
invited,46436438,1,ᛁᚾᚢᛁᛏᛖᛞ,309
nervous,46430113,1,ᚾᛖᚱᚢᚩᚢᛋ,173
surveys,46305959,1,ᛋᚢᚱᚢᛖᚣᛋ,293
possess,46182113,1,ᛈᚩᛋᛋᛖᛋᛋ,329
radical,46009125,1,ᚱᚪᛞᛁᚳᚪᛚ,411
governing,45942130,1,ᚷᚩᚢᛖᚱᚾᛝ,213
profile,45588665,1,ᛈᚱᚩᚠᛁᛚᛖ,234
comfort,45397442,1,ᚳᚩᛗᚠᚩᚱᛏ,170
mistake,45081568,1,ᛗᛁᛋᛏᚪᚳᛖ,391
respond,45036655,1,ᚱᛖᛋᛈᚩᚾᛞ,299
preparing,44934405,1,ᛈᚱᛖᛈᚪᚱᛝ,351
improving,44818968,1,ᛁᛗᛈᚱᚩᚢᛝ,245
worship,44806418,1,ᚹᚩᚱᛋᚻᛁᛈ,187
furnish,44745630,1,ᚠᚢᚱᚾᛁᛋᚻ,152
crystal,44583204,1,ᚳᚱᚣᛋᛏᚪᛚ,409
briefly,44466535,1,ᛒᚱᛁᛖᚠᛚᚣ,348
permits,44362736,1,ᛈᛖᚱᛗᛁᛏᛋ,335
gathered,44316046,1,ᚷᚪᚦᛖᚱᛖᛞ,353
outcome,44314046,1,ᚩᚢᛏᚳᚩᛗᛖ,227
pleasant,44221520,1,ᛈᛚᛠᛋᚪᚾᛏ,463
awarded,44137812,1,ᚪᚹᚪᚱᛞᛖᛞ,469
retired,44134342,1,ᚱᛖᛏᛁᚱᛖᛞ,335
designs,44051909,1,ᛞᛖᛋᛁᚷᚾᛋ,339
instant,43953428,1,ᛁᚾᛋᛏᚪᚾᛏ,357
enjoyed,43817327,1,ᛖᚾᛂᚩᚣᛖᛞ,399
deliver,43666293,1,ᛞᛖᛚᛁᚢᛖᚱ,341
trustee,43599214,1,ᛏᚱᚢᛋᛏᛖᛖ,319
returning,43496155,1,ᚱᛖᛏᚢᚱᚾᛝ,259
signals,43434084,1,ᛋᛁᚷᚾᚪᛚᛋ,353
consist,43421387,1,ᚳᚩᚾᛋᛁᛋᛏ,245
thompson,43355362,0,ᚦᚩᛗᛈᛋᚩᚾ,215
creative,43296448,1,ᚳᚱᛠᛏᛁᚢᛖ,293
females,43132337,1,ᚠᛖᛗᚪᛚᛖᛋ,430
adverse,43066000,1,ᚪᛞᚢᛖᚱᛋᛖ,387
anxiety,42972501,1,ᚪᚾᛉᛁᛖᛏᚣ,433
memorial,42934279,1,ᛗᛖᛗᚩᚱᛡᛚ,407
experts,42859774,1,ᛖᛉᛈᛖᚱᛏᛋ,347
deceased,42732666,1,ᛞᛖᚳᛠᛋᛖᛞ,487
clients,42435119,1,ᚳᛚᛁᛖᚾᛏᛋ,325
taxable,42399638,1,ᛏᚪᛉᚪᛒᛚᛖ,501
columns,42361796,1,ᚳᚩᛚᚢᛗᚾᛋ,249
genetic,42271046,1,ᚷᛖᚾᛖᛏᛁᚳ,283
detroit,42106716,1,ᛞᛖᛏᚱᚩᛁᛏ,323
reliable,42091750,1,ᚱᛖᛚᛡᛒᛚᛖ,459
harvard,42046925,1,ᚻᚪᚱᚢᚪᚱᛞ,331
artists,42016148,1,ᚪᚱᛏᛁᛋᛏᛋ,363
reverse,41990913,1,ᚱᛖᚢᛖᚱᛋᛖ,279
regards,41985050,1,ᚱᛖᚷᚪᚱᛞᛋ,345
exceeding,41952009,1,ᛖᛉᚳᛖᛖᛞᛝ,429
helpful,41915552,1,ᚻᛖᛚᛈᚠᚢᛚ,284
injured,41784221,1,ᛁᚾᛂᚢᚱᛖᛞ,267
cabinet,41758341,1,ᚳᚪᛒᛁᚾᛖᛏ,357
attacks,41541488,1,ᚪᛏᛏᚪᚳᚳᛋ,391
spirits,41522617,1,ᛋᛈᛁᚱᛁᛏᛋ,281
totally,41475039,1,ᛏᚩᛏᚪᛚᛚᚣ,471
colored,41449092,1,ᚳᚩᛚᚩᚱᛖᛞ,267
moments,41351311,1,ᛗᚩᛗᛖᚾᛏᛋ,357
focused,41260674,1,ᚠᚩᚳᚢᛋᛖᛞ,234
enemies,41167585,1,ᛖᚾᛖᛗᛁᛖᛋ,385
package,41078915,1,ᛈᚪᚳᚳᚪᚷᛖ,347
russell,41050956,0,ᚱᚢᛋᛋᛖᛚᛚ,333
destroy,40999378,1,ᛞᛖᛋᛏᚱᚩᚣ,389
logical,40999140,1,ᛚᚩᚷᛁᚳᚪᛚ,311
fraction,40983168,1,ᚠᚱᚪᚳᛏᛡᚾ,318
satisfy,40961802,1,ᛋᚪᛏᛁᛋᚠᚣ,398
revision,40936097,1,ᚱᛖᚢᛁᛋᛡᚾ,301
stephen,40891648,0,ᛋᛏᛖᛈᚻᛖᚾ,341
calcium,40866016,1,ᚳᚪᛚᚳᛁᚢᛗ,301
forests,40862753,1,ᚠᚩᚱᛖᛋᛏᛋ,252
stomach,40677918,1,ᛋᛏᚩᛗᚪᚳᚻ,323
stronger,40654947,1,ᛋᛏᚱᚩᛝᛖᚱ,287
soldier,40587825,1,ᛋᚩᛚᛞᛁᛖᚱ,331
rational,40563036,0,ᚱᚪᛏᛡᚾᚪᛚ,473
collect,40505867,1,ᚳᚩᛚᛚᛖᚳᛏ,305
toronto,40477962,1,ᛏᚩᚱᚩᚾᛏᚩ,179
earliest,40425412,1,ᛠᚱᛚᛁᛖᛋᛏ,403
assured,40059494,1,ᚪᛋᛋᚢᚱᛖᛞ,373
occurring,39925556,1,ᚩᚳᚳᚢᚱᚱᛝ,137
douglas,39903814,0,ᛞᚩᚢᚷᛚᚪᛋ,339
painted,39801886,1,ᛈᚪᛁᚾᛏᛖᛞ,415
sessions,39740355,1,ᛋᛖᛋᛋᛡᚾᛋ,415
anterior,39376809,1,ᚪᚾᛏᛖᚱᛡᚱ,381
fortune,39363456,1,ᚠᚩᚱᛏᚢᚾᛖ,178
gravity,39322383,1,ᚷᚱᚪᚢᛁᛏᚣ,321
obliged,39287349,1,ᚩᛒᛚᛁᚷᛖᛞ,345
decades,39166395,1,ᛞᛖᚳᚪᛞᛖᛋ,475
mexican,39076127,1,ᛗᛖᛉᛁᚳᚪᚾ,355
pressed,38988156,1,ᛈᚱᛖᛋᛋᛖᛞ,383
precise,38870791,1,ᛈᚱᛖᚳᛁᛋᛖ,285
altered,38831044,1,ᚪᛚᛏᛖᚱᛖᛞ,463
neutral,38737261,1,ᚾᛖᚢᛏᚱᚪᛚ,339
segment,38671825,1,ᛋᛖᚷᛗᛖᚾᛏ,363
seconds,38494730,1,ᛋᛖᚳᚩᚾᛞᛋ,311
replace,38392228,1,ᚱᛖᛈᛚᚪᚳᛖ,371
whereby,38390464,1,ᚹᚻᛖᚱᛖᛒᚣ,351
crossed,38318040,1,ᚳᚱᚩᛋᛋᛖᛞ,293
acquire,38131945,1,ᚪᚳᚳᚹᛁᚱᛖ,251
premium,38122791,1,ᛈᚱᛖᛗᛁᚢᛗ,297
laughed,38037601,1,ᛚᚪᚢᚷᚻᛖᛞ,369
alliance,37986279,1,ᚪᛚᛚᛡᚾᚳᛖ,459
intense,37934876,1,ᛁᚾᛏᛖᚾᛋᛖ,335
courage,37647108,1,ᚳᚩᚢᚱᚪᚷᛖ,215
default,37577370,1,ᛞᛖᚠᚪᚢᛚᛏ,390
routine,37541327,1,ᚱᚩᚢᛏᛁᚾᛖ,207
coastal,37541169,1,ᚳᚩᚪᛋᛏᚪᛚ,399
reviews,37489464,1,ᚱᛖᚢᛁᛖᚹᛋ,251
battery,37328958,1,ᛒᚪᛏᛏᛖᚱᚣ,457
seventy,37313421,1,ᛋᛖᚢᛖᚾᛏᚣ,381
insured,37056905,1,ᛁᚾᛋᚢᚱᛖᛞ,283
muscles,36997517,1,ᛗᚢᛋᚳᛚᛖᛋ,333
victoria,36942770,0,ᚢᛁᚳᛏᚩᚱᛡ,231
justify,36898287,1,ᛂᚢᛋᛏᛁᚠᚣ,288
schemes,36866940,1,ᛋᚳᚻᛖᛗᛖᛋ,347
verdict,36739549,1,ᚢᛖᚱᛞᛁᚳᛏ,273
transit,36669287,1,ᛏᚱᚪᚾᛋᛁᛏ,339
overseas,36639417,1,ᚩᚢᛖᚱᛋᛠᛋ,303
advised,36553961,1,ᚪᛞᚢᛁᛋᛖᛞ,429
protest,36457809,1,ᛈᚱᚩᛏᛖᛋᛏ,299
genuine,36405393,1,ᚷᛖᚾᚢᛁᚾᛖ,243
repairs,36335107,1,ᚱᛖᛈᚪᛁᚱᛋ,313
referring,36210985,1,ᚱᛖᚠᛖᚱᚱᛝ,248
inferior,36133437,1,ᛁᚾᚠᛖᚱᛡᚱ,258
outline,35989418,1,ᚩᚢᛏᛚᛁᚾᛖ,269
illegal,35927853,1,ᛁᛚᛚᛖᚷᚪᛚ,431
massive,35875282,1,ᛗᚪᛋᛋᛁᚢᛖ,375
dressed,35858535,1,ᛞᚱᛖᛋᛋᛖᛞ,429
defects,35729040,1,ᛞᛖᚠᛖᚳᛏᛋ,350
lessons,35613074,1,ᛚᛖᛋᛋᚩᚾᛋ,335
victims,35414044,1,ᚢᛁᚳᛏᛁᛗᛋ,261
arizona,35302980,0,ᚪᚱᛁᛋᚩᚾᚪ,325
listening,35260543,1,ᛚᛁᛋᛏᛖᚾᛝ,391
implies,35187756,1,ᛁᛗᛈᛚᛁᛖᛋ,369
extract,35032405,1,ᛖᛉᛏᚱᚪᚳᛏ,353
wounded,35018827,1,ᚹᚩᚢᚾᛞᛖᛞ,303
erected,34906586,1,ᛖᚱᛖᚳᛏᛖᛞ,373
alabama,34900028,0,ᚪᛚᚪᛒᚪᛗᚪ,593
desires,34689785,1,ᛞᛖᛋᛁᚱᛖᛋ,371
airport,34682191,1,ᚪᛁᚱᛈᚩᚱᛏ,259
capture,34659792,1,ᚳᚪᛈᛏᚢᚱᛖ,293
slavery,34653760,1,ᛋᛚᚪᚢᛖᚱᚣ,407
touched,34619451,1,ᛏᚩᚢᚳᚻᛖᛞ,261
lawyers,34587087,1,ᛚᚪᚹᚣᛖᚱᛋ,423
rotation,34554874,1,ᚱᚩᛏᚪᛏᛡᚾ,369
shorter,34536497,1,ᛋᚻᚩᚱᛏᛖᚱ,231
faithful,34372565,1,ᚠᚪᛁᚦᚠᚢᛚ,213
doctors,34356257,1,ᛞᚩᚳᛏᚩᚱᛋ,239
beliefs,34280323,1,ᛒᛖᛚᛁᛖᚠᛋ,354
handled,34237533,1,ᚻᚪᚾᛞᛚᛖᛞ,467
madison,34215397,0,ᛗᚪᛞᛁᛋᚩᚾ,377
masters,34200644,1,ᛗᚪᛋᛏᛖᚱᛋ,411
extends,34181596,1,ᛖᛉᛏᛖᚾᛞᛋ,411
propose,34111231,1,ᛈᚱᚩᛈᚩᛋᛖ,231
tissues,34084371,1,ᛏᛁᛋᛋᚢᛖᛋ,319
excited,34035613,1,ᛖᛉᚳᛁᛏᛖᛞ,373
kennedy,34004340,0,ᚳᛖᚾᚾᛖᛞᚣ,397
venture,33994120,1,ᚢᛖᚾᛏᚢᚱᛖ,239
avoided,33914941,1,ᚪᚢᚩᛁᛞᛖᛞ,383
eternal,33908405,1,ᛖᛏᛖᚱᚾᚪᛚ,403
furnace,33901057,1,ᚠᚢᚱᚾᚪᚳᛖ,222
carriage,33856479,1,ᚳᚪᚱᚱᛡᚷᛖ,323
gardens,33715797,1,ᚷᚪᚱᛞᛖᚾᛋ,363
sympathy,33558470,1,ᛋᚣᛗᛈᚪᚦᚣ,475
somehow,33499149,1,ᛋᚩᛗᛖᚻᚩᚹ,247
gallery,33252083,1,ᚷᚪᛚᛚᛖᚱᚣ,441
enabled,33223077,1,ᛖᚾᚪᛒᛚᛖᛞ,483
planted,33177745,1,ᛈᛚᚪᚾᛏᛖᛞ,457
bacteria,33154715,0,ᛒᚪᚳᛏᛖᚱᛡ,415
commons,33074532,1,ᚳᚩᛗᛗᚩᚾᛋ,251
vietnam,33067266,1,ᚢᛁᛖᛏᚾᚪᛗ,357
foregoing,33045555,1,ᚠᚩᚱᛖᚷᚩᛝ,190
holland,32906255,0,ᚻᚩᛚᛚᚪᚾᛞ,391
relates,32759548,1,ᚱᛖᛚᚪᛏᛖᛋ,427
attending,32751925,1,ᚪᛏᛏᛖᚾᛞᛝ,479
bridges,32692503,1,ᛒᚱᛁᛞᚷᛖᛋ,329
players,32573260,1,ᛈᛚᚪᚣᛖᚱᛋ,447
thorough,32456226,1,ᚦᚩᚱᚩᚢᚷᚻ,73
forever,32440715,1,ᚠᚩᚱᛖᚢᛖᚱ,168
sheriff,32377374,1,ᛋᚻᛖᚱᛁᚠᚠ,189
lecture,32366250,1,ᛚᛖᚳᛏᚢᚱᛖ,293
civilian,32351807,1,ᚳᛁᚢᛁᛚᛡᚾ,287
emission,32222083,1,ᛖᛗᛁᛋᛋᛡᚾ,411
divorce,32165150,1,ᛞᛁᚢᚩᚱᚳᛖ,221
neglect,32090800,1,ᚾᛖᚷᛚᛖᚳᛏ,325
mankind,31955459,1,ᛗᚪᚾᚳᛁᚾᛞ,359
stepped,31911215,1,ᛋᛏᛖᛈᛈᛖᛞ,421
monitor,31883791,1,ᛗᚩᚾᛁᛏᚩᚱ,215
omitted,31867160,1,ᚩᛗᛁᛏᛏᛖᛞ,383
refusal,31833020,1,ᚱᛖᚠᚢᛋᚪᛚ,306
compact,31803069,1,ᚳᚩᛗᛈᚪᚳᛏ,303
essence,31788562,1,ᛖᛋᛋᛖᚾᚳᛖ,349
southeast,31704862,1,ᛋᚩᚢᚦᛠᛋᛏ,289
harvest,31676420,1,ᚻᚪᚱᚢᛖᛋᛏ,313
symbols,31622398,1,ᛋᚣᛗᛒᚩᛚᛋ,421
buffalo,31552047,1,ᛒᚢᚠᚠᚪᛚᚩ,245
insects,31476374,1,ᛁᚾᛋᛖᚳᛏᛋ,305
succeed,31456988,1,ᛋᚢᚳᚳᛖᛖᛞ,305
entries,31433421,1,ᛖᚾᛏᚱᛁᛖᛋ,317
mercury,31409811,1,ᛗᛖᚱᚳᚢᚱᚣ,279
weakness,31274708,1,ᚹᛠᚳᚾᛖᛋᛋ,343
weights,31233082,1,ᚹᛖᛁᚷᚻᛏᛋ,269
estates,31224602,1,ᛖᛋᛏᚪᛏᛖᛋ,455
sixteen,31170403,1,ᛋᛁᛉᛏᛖᛖᚾ,353
examining,31129117,1,ᛖᛉᚪᛗᛁᚾᛝ,421
sisters,31080656,1,ᛋᛁᛋᛏᛖᚱᛋ,327
dignity,30952978,1,ᛞᛁᚷᚾᛁᛏᚣ,359
implied,30948980,1,ᛁᛗᛈᛚᛁᛖᛞ,405
choices,30889236,1,ᚳᚻᚩᛁᚳᛖᛋ,207
elderly,30823429,1,ᛖᛚᛞᛖᚱᛚᚣ,483
emotions,30762926,1,ᛖᛗᚩᛏᛡᚾᛋ,393
offense,30747955,1,ᚩᚠᚠᛖᚾᛋᛖ,227
checked,30680236,1,ᚳᚻᛖᚳᚳᛖᛞ,285
carries,30606724,1,ᚳᚪᚱᚱᛁᛖᛋ,283
editors,30598971,1,ᛖᛞᛁᛏᚩᚱᛋ,317
tuesday,30558138,1,ᛏᚢᛖᛋᛞᚪᚣ,471
roughly,30509948,1,ᚱᚩᚢᚷᚻᛚᚣ,237
centres,30403643,1,ᚳᛖᚾᛏᚱᛖᛋ,299
critics,30346275,1,ᚳᚱᛁᛏᛁᚳᛋ,211
deficit,30290148,1,ᛞᛖᚠᛁᚳᛁᛏ,292
harmony,30251771,1,ᚻᚪᚱᛗᚩᚾᚣ,341
diverse,30071300,1,ᛞᛁᚢᛖᚱᛋᛖ,321
custody,30059719,1,ᚳᚢᛋᛏᚩᛞᚣ,327
sectors,30026610,1,ᛋᛖᚳᛏᚩᚱᛋ,263
junction,29988801,1,ᛂᚢᚾᚳᛏᛡᚾ,277
precious,29927599,1,ᛈᚱᛖᚳᛡᚢᛋ,297
stewart,29879049,0,ᛋᛏᛖᚹᚪᚱᛏ,365
herbert,29848402,0,ᚻᛖᚱᛒᛖᚱᛏ,299
wherein,29796320,1,ᚹᚻᛖᚱᛖᛁᚾ,247
shallow,29673242,1,ᛋᚻᚪᛚᛚᚩᚹ,345
survive,29645128,1,ᛋᚢᚱᚢᛁᚢᛖ,171
circles,29611806,1,ᚳᛁᚱᚳᛚᛖᛋ,261
admiral,29565642,1,ᚪᛞᛗᛁᚱᚪᛚ,469
emerged,29546108,1,ᛖᛗᛖᚱᚷᛖᛞ,389
skilled,29416824,1,ᛋᚳᛁᛚᛚᛖᛞ,399
appoint,29305825,1,ᚪᛈᛈᚩᛁᚾᛏ,309
blessed,29276153,1,ᛒᛚᛖᛋᛋᛖᛞ,463
charity,29234298,1,ᚳᚻᚪᚱᛁᛏᚣ,337
declare,29209051,1,ᛞᛖᚳᛚᚪᚱᛖ,417
spectra,29184683,1,ᛋᛈᛖᚳᛏᚱᚪ,343
hitherto,29147391,1,ᚻᛁᚦᛖᚱᛏᚩ,203
quietly,29103342,1,ᚳᚹᛁᛖᛏᛚᚣ,365
belgium,29059479,0,ᛒᛖᛚᚷᛁᚢᛗ,323
classic,29050850,1,ᚳᛚᚪᛋᛋᛁᚳ,333
invasion,29037127,1,ᛁᚾᚢᚪᛋᛡᚾ,349
enforce,28985438,1,ᛖᚾᚠᚩᚱᚳᛖ,196
houston,28982673,0,ᚻᚩᚢᛋᛏᚩᚾ,181
poultry,28927816,1,ᛈᚩᚢᛚᛏᚱᚣ,299
broader,28841942,1,ᛒᚱᚩᚪᛞᛖᚱ,343
resolve,28792823,1,ᚱᛖᛋᚩᛚᚢᛖ,281
coupled,28766808,1,ᚳᚩᚢᛈᛚᛖᛞ,295
thursday,28761386,1,ᚦᚢᚱᛋᛞᚪᚣ,361
delayed,28724684,1,ᛞᛖᛚᚪᚣᛖᛞ,585
habitat,28669727,1,ᚻᚪᛒᛁᛏᚪᛏ,427
germans,28638676,1,ᚷᛖᚱᛗᚪᚾᛋ,345
comparing,28627404,1,ᚳᚩᛗᛈᚪᚱᛝ,321
credits,28620561,1,ᚳᚱᛖᛞᛁᛏᛋ,323
computing,28594672,1,ᚳᚩᛗᛈᚢᛏᛝ,275
impacts,28507831,1,ᛁᛗᛈᚪᚳᛏᛋ,367
optimal,28507581,1,ᚩᛈᛏᛁᛗᚪᛚ,381
renewal,28497254,1,ᚱᛖᚾᛖᚹᚪᛚ,363
contest,28451349,1,ᚳᚩᚾᛏᛖᛋᛏ,287
dialogue,28406275,1,ᛞᛡᛚᚩᚷᚢᛖ,363
promoting,28391777,1,ᛈᚱᚩᛗᚩᛏᛝ,277
explore,28338099,1,ᛖᛉᛈᛚᚩᚱᛖ,315
priests,28251721,1,ᛈᚱᛁᛖᛋᛏᛋ,317
rounded,28195352,1,ᚱᚩᚢᚾᛞᛖᛞ,295
excluding,28158909,1,ᛖᛉᚳᛚᚢᛞᛝ,371
belonged,28135669,1,ᛒᛖᛚᚩᛝᛖᛞ,443
offence,28123091,1,ᚩᚠᚠᛖᚾᚳᛖ,187
barrier,28099160,1,ᛒᚪᚱᚱᛁᛖᚱ,289
enhance,28085446,1,ᛖᚾᚻᚪᚾᚳᛖ,325
guardian,28081144,1,ᚷᚢᚪᚱᛞᛡᚾ,353
mystery,28038862,1,ᛗᚣᛋᛏᛖᚱᚣ,467
pursued,28012193,1,ᛈᚢᚱᛋᚢᛖᛞ,269
immense,28007294,1,ᛁᛗᛗᛖᚾᛋᛖ,389
reforms,27954946,1,ᚱᛖᚠᚩᚱᛗᛋ,222
affects,27907875,1,ᚪᚠᚠᛖᚳᛏᛋ,293
variance,27831467,1,ᚢᚪᚱᛡᚾᚳᛖ,327
infants,27796846,1,ᛁᚾᚠᚪᚾᛏᛋ,300
textile,27755238,1,ᛏᛖᛉᛏᛁᛚᛖ,403
passive,27749772,1,ᛈᚪᛋᛋᛁᚢᛖ,347
potatoes,27747522,1,ᛈᚩᛏᚪᛏᛟᛋ,401
natives,27730272,1,ᚾᚪᛏᛁᚢᛖᛋ,339
grammar,27619784,1,ᚷᚱᚪᛗᛗᚪᚱ,375
shelter,27553207,1,ᛋᚻᛖᛚᛏᛖᚱ,353
combine,27244042,1,ᚳᚩᛗᛒᛁᚾᛖ,279
missions,27095807,1,ᛗᛁᛋᛋᛡᚾᛋ,397
damaged,27072016,1,ᛞᚪᛗᚪᚷᛖᛞ,527
workmen,27024396,1,ᚹᚩᚱᚳᛗᛖᚾ,217
ignored,27017767,1,ᛁᚷᚾᚩᚱᛖᛞ,251
restore,27004313,1,ᚱᛖᛋᛏᚩᚱᛖ,275
delight,27000652,1,ᛞᛖᛚᛁᚷᚻᛏ,359
friction,26994205,1,ᚠᚱᛁᚳᛏᛡᚾ,252
montreal,26926489,1,ᛗᚩᚾᛏᚱᛠᛚ,359
elastic,26871373,1,ᛖᛚᚪᛋᛏᛁᚳ,393
painful,26865363,1,ᛈᚪᛁᚾᚠᚢᛚ,278
stranger,26850573,1,ᛋᛏᚱᚪᛝᛖᚱ,377
anybody,26694308,1,ᚪᚾᚣᛒᚩᛞᚣ,489
soluble,26643168,1,ᛋᚩᛚᚢᛒᛚᛖ,337
renewed,26633697,1,ᚱᛖᚾᛖᚹᛖᛞ,349
horizon,26621651,1,ᚻᚩᚱᛁᛋᚩᚾ,161
nucleus,26619506,1,ᚾᚢᚳᛚᛖᚢᛋ,241
holiday,26606939,1,ᚻᚩᛚᛁᛞᚪᚣ,423
assault,26603691,1,ᚪᛋᛋᚪᚢᛚᛏ,435
counted,26567230,1,ᚳᚩᚢᚾᛏᛖᛞ,267
strains,26546955,1,ᛋᛏᚱᚪᛁᚾᛋ,333
specify,26518349,1,ᛋᛈᛖᚳᛁᚠᚣ,312
roberts,26381532,0,ᚱᚩᛒᛖᚱᛏᛋ,269
stanley,26318717,0,ᛋᛏᚪᚾᛚᛖᚣ,481
therefor,26266752,1,ᚦᛖᚱᛖᚠᚩᚱ,170
thirteen,26252025,1,ᚦᛁᚱᛏᛖᛖᚾ,269
expanding,26196716,1,ᛖᛉᛈᚪᚾᛞᛝ,451
patrick,26153041,0,ᛈᚪᛏᚱᛁᚳᚳ,267
suspect,26056465,1,ᛋᚢᛋᛈᛖᚳᛏ,291
barbara,26049526,1,ᛒᚪᚱᛒᚪᚱᚪ,435
traveling,26035601,1,ᛏᚱᚪᚢᛖᛚᛝ,389
atlanta,26012933,1,ᚪᛏᛚᚪᚾᛏᚪ,511
abraham,25945556,1,ᚪᛒᚱᚪᚻᚪᛗ,457
sharply,25907597,1,ᛋᚻᚪᚱᛈᛚᚣ,403
insight,25896120,1,ᛁᚾᛋᛁᚷᚻᛏ,243
pursuit,25808989,1,ᛈᚢᚱᛋᚢᛁᛏ,203
creature,25800267,1,ᚳᚱᛠᛏᚢᚱᛖ,273
northeast,25769626,1,ᚾᚩᚱᚦᛠᛋᛏ,273
enables,25695063,1,ᛖᚾᚪᛒᛚᛖᛋ,447
seasonal,25649304,1,ᛋᛠᛋᚩᚾᚪᛚ,421
periodic,25557751,1,ᛈᛖᚱᛡᛞᛁᚳ,361
notices,25529810,1,ᚾᚩᛏᛁᚳᛖᛋ,259
peaceful,25419911,1,ᛈᛠᚳᛖᚠᚢᛚ,310
borough,25371251,1,ᛒᚩᚱᚩᚢᚷᚻ,129
fatigue,25353823,1,ᚠᚪᛏᛁᚷᚢᛖ,276
steadily,25310480,1,ᛋᛏᛠᛞᛁᛚᚣ,517
auditor,25307706,1,ᚪᚢᛞᛁᛏᚩᚱ,297
happening,25272709,1,ᚻᚪᛈᛈᛖᚾᛝ,381
outlook,25207396,1,ᚩᚢᛏᛚᚩᚩᚳ,169
escaped,25203062,1,ᛖᛋᚳᚪᛈᛖᛞ,429
strikes,25179999,1,ᛋᛏᚱᛁᚳᛖᛋ,287
confirm,25172755,1,ᚳᚩᚾᚠᛁᚱᛗ,164
catalog,25164422,1,ᚳᚪᛏᚪᛚᚩᚷ,363
targets,25146851,1,ᛏᚪᚱᚷᛖᛏᛋ,363
minimal,25133591,1,ᛗᛁᚾᛁᛗᚪᛚ,403
quantum,25105699,1,ᚳᚹᚪᚾᛏᚢᛗ,291
holders,25091445,1,ᚻᚩᛚᛞᛖᚱᛋ,323
reduces,25054441,1,ᚱᛖᛞᚢᚳᛖᛋ,303
singapore,25048281,1,ᛋᛝᚪᛈᚩᚱᛖ,357
collins,25046526,0,ᚳᚩᛚᛚᛁᚾᛋ,279
egyptian,25010885,0,ᛖᚷᚣᛈᛏᛡᚾ,425
deviation,25004480,1,ᛞᛖᚢᛡᛏᛡᚾ,461
sustain,24959146,1,ᛋᚢᛋᛏᚪᛁᚾ,325
vitamin,24948676,1,ᚢᛁᛏᚪᛗᛁᚾ,321
denmark,24764273,0,ᛞᛖᚾᛗᚪᚱᚳ,377
paintings,24738318,1,ᛈᚪᛁᚾᛏᛝᛋ,391
geometry,24720040,1,ᚷᛇᛗᛖᛏᚱᚣ,369
pensions,24710092,1,ᛈᛖᚾᛋᛡᚾᛋ,381
interim,24685969,1,ᛁᚾᛏᛖᚱᛁᛗ,299
locally,24620665,1,ᛚᚩᚳᚪᛚᛚᚣ,439
speakers,24578597,1,ᛋᛈᛠᚳᛖᚱᛋ,349
differs,24572358,1,ᛞᛁᚠᚠᛖᚱᛋ,255
heights,24451247,1,ᚻᛖᛁᚷᚻᛏᛋ,273
publish,24449236,1,ᛈᚢᛒᛚᛁᛋᚻ,287
origins,24447987,1,ᚩᚱᛁᚷᛁᚾᛋ,179
borders,24403934,1,ᛒᚩᚱᛞᛖᚱᛋ,299
shipped,24397110,1,ᛋᚻᛁᛈᛈᛖᛞ,349
edwards,24366813,0,ᛖᛞᚹᚪᚱᛞᛋ,425
montana,24320087,1,ᛗᚩᚾᛏᚪᚾᚪ,389
overhead,24203778,1,ᚩᚢᛖᚱᚻᛠᛞ,309
nominal,24181724,1,ᚾᚩᛗᛁᚾᚪᛚ,337
hostile,24172537,1,ᚻᚩᛋᛏᛁᛚᛖ,313
defeated,24171822,1,ᛞᛖᚠᛠᛏᛖᛞ,482
chicken,24121334,1,ᚳᚻᛁᚳᚳᛖᚾ,189
licensing,24084062,1,ᛚᛁᚳᛖᚾᛋᛝ,345
notable,24006058,1,ᚾᚩᛏᚪᛒᛚᛖ,393
screening,24002887,1,ᛋᚳᚱᛖᛖᚾᛝ,319
withdraw,23937784,1,ᚹᛁᚦᛞᚱᚪᚹ,271
clinton,23912317,0,ᚳᛚᛁᚾᛏᚩᚾ,241
glucose,23906191,1,ᚷᛚᚢᚳᚩᛋᛖ,233
patents,23888417,1,ᛈᚪᛏᛖᚾᛏᛋ,407
tonight,23845424,1,ᛏᚩᚾᛁᚷᚻᛏ,225
cluster,23837089,1,ᚳᛚᚢᛋᛏᛖᚱ,279
drivers,23831096,1,ᛞᚱᛁᚢᛖᚱᛋ,265
eminent,23792767,1,ᛖᛗᛁᚾᛖᚾᛏ,353
gradual,23782178,1,ᚷᚱᚪᛞᚢᚪᛚ,387
prophet,23776310,1,ᛈᚱᚩᛈᚻᛖᛏ,253
funeral,23737812,1,ᚠᚢᚾᛖᚱᚪᛚ,282
dominion,23725695,1,ᛞᚩᛗᛁᚾᛡᚾ,363
turkish,23695040,1,ᛏᚢᚱᚳᛁᛋᚻ,193
privacy,23631723,1,ᛈᚱᛁᚢᚪᚳᚣ,301
solvent,23594866,1,ᛋᚩᛚᚢᛖᚾᛏ,291
legally,23505722,1,ᛚᛖᚷᚪᛚᛚᚣ,503
promising,23475966,1,ᛈᚱᚩᛗᛁᛋᛝ,295
connect,23473442,1,ᚳᚩᚾᚾᛖᚳᛏ,217
islamic,23376637,1,ᛁᛋᛚᚪᛗᛁᚳ,369
useless,23365243,1,ᚢᛋᛖᛚᛖᛋᛋ,369
motives,23343367,1,ᛗᚩᛏᛁᚢᛖᛋ,291
exceeds,23306959,1,ᛖᛉᚳᛖᛖᛞᛋ,403
repealed,23305863,1,ᚱᛖᛈᛠᛚᛖᛞ,459
assumes,23158642,1,ᚪᛋᛋᚢᛗᛖᛋ,397
appealed,23128939,1,ᚪᛈᛈᛠᛚᛖᛞ,521
suicide,23036723,1,ᛋᚢᛁᚳᛁᛞᛖ,287
tourism,22951504,1,ᛏᚩᚢᚱᛁᛋᛗ,235
postage,22929758,1,ᛈᚩᛋᛏᚪᚷᛖ,343
consult,22916945,1,ᚳᚩᚾᛋᚢᛚᛏ,237
loyalty,22896305,1,ᛚᚩᚣᚪᛚᛏᚣ,515
selecting,22858511,1,ᛋᛖᛚᛖᚳᛏᛝ,411
cavalry,22837241,1,ᚳᚪᚢᚪᛚᚱᚣ,397
clauses,22820910,1,ᚳᛚᚪᚢᛋᛖᛋ,359
approve,22808650,1,ᚪᛈᛈᚱᚩᚢᛖ,271
bernard,22808201,1,ᛒᛖᚱᚾᚪᚱᛞ,365
treaties,22806409,1,ᛏᚱᛠᛏᛁᛖᛋ,389
exclude,22805766,1,ᛖᛉᚳᛚᚢᛞᛖ,359
tragedy,22783647,1,ᛏᚱᚪᚷᛖᛞᚣ,443
lowered,22762125,1,ᛚᚩᚹᛖᚱᛖᛞ,333
warfare,22756530,1,ᚹᚪᚱᚠᚪᚱᛖ,304
wallace,22748050,0,ᚹᚪᛚᛚᚪᚳᛖ,439
versions,22664776,1,ᚢᛖᚱᛋᛡᚾᛋ,323
meaningful,22620938,1,ᛗᛠᚾᛝᚠᚢᛚ,366
employing,22589397,1,ᛖᛗᛈᛚᚩᚣᛝ,443
achieving,22556914,1,ᚪᚳᚻᛁᛖᚢᛝ,313
accepting,22536806,1,ᚪᚳᚳᛖᛈᛏᛝ,371
prayers,22488597,1,ᛈᚱᚪᚣᛖᚱᛋ,385
impulse,22473978,1,ᛁᛗᛈᚢᛚᛋᛖ,341
triumph,22426756,1,ᛏᚱᛁᚢᛗᛈᚻ,241
tenants,22310091,1,ᛏᛖᚾᚪᚾᛏᛋ,393
manners,22293763,1,ᛗᚪᚾᚾᛖᚱᛋ,357
predict,22290948,1,ᛈᚱᛖᛞᛁᚳᛏ,313
bedroom,22193020,1,ᛒᛖᛞᚱᚩᚩᛗ,313
crowded,22178349,1,ᚳᚱᚩᚹᛞᛖᛞ,295
glorious,22163089,1,ᚷᛚᚩᚱᛡᚢᛋ,271
virtual,22089725,1,ᚢᛁᚱᛏᚢᚪᛚ,277
utterly,22079585,1,ᚢᛏᛏᛖᚱᛚᚣ,375
attract,22076909,1,ᚪᛏᛏᚱᚪᚳᛏ,395
chances,22048450,1,ᚳᚻᚪᚾᚳᛖᛋ,295
feasible,22046735,1,ᚠᛠᛋᛁᛒᛚᛖ,396
residue,22018084,1,ᚱᛖᛋᛁᛞᚢᛖ,321
gilbert,21990099,0,ᚷᛁᛚᛒᛖᚱᛏ,319
glasses,21954601,1,ᚷᛚᚪᛋᛋᛖᛋ,413
scholar,21945858,1,ᛋᚳᚻᚩᛚᚪᚱ,277
fellows,21930400,1,ᚠᛖᛚᛚᚩᚹᛋ,294
printer,21818555,1,ᛈᚱᛁᚾᛏᛖᚱ,251
descent,21805199,1,ᛞᛖᛋᚳᛖᚾᛏ,377
gallons,21803338,1,ᚷᚪᛚᛚᚩᚾᛋ,349
leisure,21780896,1,ᛚᛖᛁᛋᚢᚱᛖ,305
glasgow,21751176,0,ᚷᛚᚪᛋᚷᚩᚹ,283
glanced,21747154,1,ᚷᛚᚪᚾᚳᛖᛞ,385
painter,21722614,1,ᛈᚪᛁᚾᛏᛖᚱ,337
conform,21566887,1,ᚳᚩᚾᚠᚩᚱᛗ,140
shifted,21565503,1,ᛋᚻᛁᚠᛏᛖᛞ,324
worried,21560532,1,ᚹᚩᚱᚱᛁᛖᛞ,235
compete,21549840,1,ᚳᚩᛗᛈᛖᛏᛖ,327
adjoining,21527947,1,ᚪᛞᛂᚩᛁᚾᛝ,369
beloved,21436666,1,ᛒᛖᛚᚩᚢᛖᛞ,367
granite,21401816,1,ᚷᚱᚪᚾᛁᛏᛖ,311
violated,21357911,1,ᚢᛡᛚᚪᛏᛖᛞ,495
notably,21321147,1,ᚾᚩᛏᚪᛒᛚᚣ,429
silicon,21305017,1,ᛋᛁᛚᛁᚳᚩᚾ,237
stretch,21265549,1,ᛋᛏᚱᛖᛏᚳᚻ,285
yielded,21250831,1,ᚣᛁᛖᛚᛞᛖᛞ,519
ideology,21217345,0,ᛁᛞᛇᛚᚩᚷᚣ,361
editions,21187207,1,ᛖᛞᛁᛏᛡᚾᛋ,435
sulphur,21156166,1,ᛋᚢᛚᛈᚻᚢᚱ,209
harbour,21139352,1,ᚻᚪᚱᛒᚩᚢᚱ,213
outward,21130741,1,ᚩᚢᛏᚹᚪᚱᛞ,285
competing,21090539,1,ᚳᚩᛗᛈᛖᛏᛝ,339
sounded,21053626,1,ᛋᚩᚢᚾᛞᛖᛞ,337
convert,20995929,1,ᚳᚩᚾᚢᛖᚱᛏ,189
stevens,20960525,0,ᛋᛏᛖᚢᛖᚾᛋ,331
biggest,20929072,1,ᛒᛁᚷᚷᛖᛋᛏ,305
hopkins,20884046,0,ᚻᚩᛈᚳᛁᚾᛋ,199
observing,20845800,1,ᚩᛒᛋᛖᚱᚢᛝ,281
sergeant,20826079,1,ᛋᛖᚱᚷᛠᚾᛏ,345
napoleon,20820367,0,ᚾᚪᛈᚩᛚᛇᚾ,319
analyze,20781377,1,ᚪᚾᚪᛚᚣᛋᛖ,519
vacation,20769081,1,ᚢᚪᚳᚪᛏᛡᚾ,405
reliance,20730748,1,ᚱᛖᛚᛡᚾᚳᛖ,367
surviving,20727999,1,ᛋᚢᚱᚢᛁᚢᛝ,183
jointly,20723377,1,ᛂᚩᛁᚾᛏᛚᚣ,339
evolved,20714234,1,ᛖᚢᚩᛚᚢᛖᛞ,309
swedish,20702502,0,ᛋᚹᛖᛞᛁᛋᚻ,335
romance,20658399,1,ᚱᚩᛗᚪᚾᚳᛖ,295
devotion,20635750,1,ᛞᛖᚢᚩᛏᛡᚾ,361
diabetes,20627352,1,ᛞᛡᛒᛖᛏᛖᛋ,503
uranium,20612682,1,ᚢᚱᚪᚾᛁᚢᛗ,245
margins,20578894,1,ᛗᚪᚱᚷᛁᚾᛋ,309
concert,20569356,1,ᚳᚩᚾᚳᛖᚱᛏ,199
nowhere,20536557,1,ᚾᚩᚹᚻᛖᚱᛖ,223
rendering,20531155,1,ᚱᛖᚾᛞᛖᚱᛝ,353
bishops,20528859,1,ᛒᛁᛋᚻᚩᛈᛋ,271
optimum,20499131,1,ᚩᛈᛏᛁᛗᚢᛗ,285
execute,20450707,1,ᛖᛉᛖᚳᚢᛏᛖ,323
relieve,20385085,1,ᚱᛖᛚᛁᛖᚢᛖ,319
colours,20372564,1,ᚳᚩᛚᚩᚢᚱᛋ,167
bennett,20334325,0,ᛒᛖᚾᚾᛖᛏᛏ,371
believing,20320155,1,ᛒᛖᛚᛁᛖᚢᛝ,381
inserting,20300421,1,ᛁᚾᛋᛖᚱᛏᛝ,329
anatomy,20289735,0,ᚪᚾᚪᛏᚩᛗᚣ,463
bankers,20265787,1,ᛒᚪᚾᚳᛖᚱᛋ,331
refined,20227259,1,ᚱᛖᚠᛁᚾᛖᛞ,296
slender,20213397,1,ᛋᛚᛖᚾᛞᛖᚱ,389
directing,20212365,1,ᛞᛁᚱᛖᚳᛏᛝ,349
assessing,20205097,1,ᚪᛋᛋᛖᛋᛋᛝ,455
ecology,20136048,0,ᛖᚳᚩᛚᚩᚷᚣ,287
visitor,20083305,1,ᚢᛁᛋᛁᛏᚩᚱ,195
devised,20078736,1,ᛞᛖᚢᛁᛋᛖᛞ,399
secular,20057713,1,ᛋᛖᚳᚢᛚᚪᚱ,317
brethren,20048915,1,ᛒᚱᛖᚦᚱᛖᚾ,251
plainly,19929919,1,ᛈᛚᚪᛁᚾᛚᚣ,449
preface,19910597,1,ᛈᚱᛖᚠᚪᚳᛖ,300
despair,19903997,1,ᛞᛖᛋᛈᚪᛁᚱ,391
gregory,19823978,0,ᚷᚱᛖᚷᚩᚱᚣ,233
raymond,19796880,1,ᚱᚪᚣᛗᚩᚾᛞ,407
cottage,19794581,1,ᚳᚩᛏᛏᚪᚷᛖ,319
shadows,19794041,1,ᛋᚻᚪᛞᚩᚹᛋ,341
meantime,19783065,1,ᛗᛠᚾᛏᛁᛗᛖ,437
supplying,19756687,1,ᛋᚢᛈᛈᛚᚣᛝ,397
threatening,19739467,1,ᚦᚱᛠᛏᛖᚾᛝ,359
barrels,19686785,1,ᛒᚪᚱᚱᛖᛚᛋ,373
brigade,19658723,1,ᛒᚱᛁᚷᚪᛞᛖ,373
subpart,19653950,1,ᛋᚢᛒᛈᚪᚱᛏ,327
wrapped,19649878,1,ᚹᚱᚪᛈᛈᛖᛞ,369
embrace,19628165,1,ᛖᛗᛒᚱᚪᚳᛖ,387
tribute,19600688,1,ᛏᚱᛁᛒᚢᛏᛖ,291
bristol,19584308,0,ᛒᚱᛁᛋᛏᚩᛚ,295
lightly,19573339,1,ᛚᛁᚷᚻᛏᛚᚣ,379
broadly,19550102,1,ᛒᚱᚩᚪᛞᛚᚣ,441
trinity,19549741,1,ᛏᚱᛁᚾᛁᛏᚣ,323
defines,19545310,1,ᛞᛖᚠᛁᚾᛖᛋ,338
incomes,19539815,1,ᛁᚾᚳᚩᛗᛖᛋ,271
closure,19537273,1,ᚳᛚᚩᛋᚢᚱᛖ,227
erection,19524369,1,ᛖᚱᛖᚳᛏᛡᚾ,353
corners,19520084,1,ᚳᚩᚱᚾᛖᚱᛋ,191
texture,19506580,1,ᛏᛖᛉᛏᚢᚱᛖ,313
resumed,19499858,1,ᚱᛖᛋᚢᛗᛖᛞ,361
labeled,19491520,1,ᛚᚪᛒᛖᛚᛖᛞ,527
phrases,19471262,1,ᛈᚻᚱᚪᛋᛖᛋ,347
combining,19440129,1,ᚳᚩᛗᛒᛁᚾᛝ,291
vermont,19421378,1,ᚢᛖᚱᛗᚩᚾᛏ,247
spencer,19407008,0,ᛋᛈᛖᚾᚳᛖᚱ,283
gazette,19393262,1,ᚷᚪᛋᛖᛏᛏᛖ,419
aesthetic,19386632,1,ᚫᛋᚦᛖᛏᛁᚳ,329
polymer,19340763,1,ᛈᚩᛚᚣᛗᛖᚱ,375
founder,19277981,1,ᚠᚩᚢᚾᛞᛖᚱ,208
upwards,19261127,1,ᚢᛈᚹᚪᚱᛞᛋ,315
decreasing,19233666,1,ᛞᛖᚳᚱᛠᛋᛝ,421
baptist,19180786,1,ᛒᚪᛈᛏᛁᛋᛏ,403
hazards,19177888,1,ᚻᚪᛋᚪᚱᛞᛋ,423
qualify,19176422,1,ᚳᚹᚪᛚᛁᚠᚣ,338
obscure,19153501,1,ᚩᛒᛋᚳᚢᚱᛖ,215
virtues,19150112,1,ᚢᛁᚱᛏᚢᛖᛋ,227
peasants,19093405,1,ᛈᛠᛋᚪᚾᛏᛋ,443
presiding,19061764,1,ᛈᚱᛖᛋᛁᛞᛝ,373
figured,19040945,1,ᚠᛁᚷᚢᚱᛖᛞ,220
graphic,19017170,1,ᚷᚱᚪᛈᚻᛁᚳ,235
switching,19012356,1,ᛋᚹᛁᛏᚳᚻᛝ,277
invalid,18976806,1,ᛁᚾᚢᚪᛚᛁᛞ,353
slipped,18929203,1,ᛋᛚᛁᛈᛈᛖᛞ,399
jonathan,18912274,1,ᛂᚩᚾᚪᚦᚪᚾ,301
deserve,18903600,1,ᛞᛖᛋᛖᚱᚢᛖ,357
outdoor,18894340,1,ᚩᚢᛏᛞᚩᚩᚱ,183
exhaust,18878848,1,ᛖᛉᚻᚪᚢᛋᛏ,349
pasture,18855714,1,ᛈᚪᛋᛏᚢᚱᛖ,333
demanding,18797827,1,ᛞᛖᛗᚪᚾᛞᛝ,521
growers,18755293,1,ᚷᚱᚩᚹᛖᚱᛋ,185
webster,18745555,0,ᚹᛖᛒᛋᛏᛖᚱ,337
nitrate,18717719,1,ᚾᛁᛏᚱᚪᛏᛖ,353
bottles,18663425,1,ᛒᚩᛏᛏᛚᛖᛋ,379
sensory,18615770,1,ᛋᛖᚾᛋᚩᚱᚣ,323
norfolk,18602086,0,ᚾᚩᚱᚠᚩᛚᚳ,142
endless,18558824,1,ᛖᚾᛞᛚᛖᛋᛋ,431
shouted,18495117,1,ᛋᚻᚩᚢᛏᛖᛞ,301
abandon,18454906,1,ᚪᛒᚪᚾᛞᚩᚾ,409
solomon,18436319,0,ᛋᚩᛚᚩᛗᚩᚾ,247
accrued,18428080,1,ᚪᚳᚳᚱᚢᛖᛞ,293
ambition,18414147,1,ᚪᛗᛒᛁᛏᛡᚾ,455
testify,18356904,1,ᛏᛖᛋᛏᛁᚠᚣ,374
squares,18322158,1,ᛋᚳᚹᚪᚱᛖᛋ,313
birthday,18298529,1,ᛒᛁᚱᚦᛞᚪᚣ,397
analogy,18274672,1,ᚪᚾᚪᛚᚩᚷᚣ,423
chester,18266207,1,ᚳᚻᛖᛋᛏᛖᚱ,293
crushed,18233852,1,ᚳᚱᚢᛋᚻᛖᛞ,259
treatise,18227698,1,ᛏᚱᛠᛏᛁᛋᛖ,389
favored,18145231,1,ᚠᚪᚢᚩᚱᛖᛞ,276
sincere,18144341,1,ᛋᛁᚾᚳᛖᚱᛖ,271
seemingly,18099195,1,ᛋᛖᛖᛗᛝᛚᚣ,513
licence,18090812,1,ᛚᛁᚳᛖᚾᚳᛖ,293
princes,18037141,1,ᛈᚱᛁᚾᚳᛖᛋ,247
answering,18023353,1,ᚪᚾᛋᚹᛖᚱᛝ,355
bladder,18019842,1,ᛒᛚᚪᛞᛞᛖᚱ,487
neutron,18005280,1,ᚾᛖᚢᛏᚱᚩᚾ,205
sherman,17995833,0,ᛋᚻᛖᚱᛗᚪᚾ,351
unhappy,17920220,1,ᚢᚾᚻᚪᛈᛈᚣ,341
hormone,17910354,1,ᚻᚩᚱᛗᚩᚾᛖ,215
hygiene,17907935,1,ᚻᚣᚷᛁᛖᚾᛖ,337
exterior,17907836,1,ᛖᛉᛏᛖᚱᛡᚱ,369
abdomen,17896550,1,ᚪᛒᛞᚩᛗᛖᚾ,421
weighed,17873433,1,ᚹᛖᛁᚷᚻᛖᛞ,313
debates,17871086,1,ᛞᛖᛒᚪᛏᛖᛋ,493
tourist,17854947,1,ᛏᚩᚢᚱᛁᛋᛏ,223
turbine,17789981,1,ᛏᚢᚱᛒᛁᚾᛖ,261
lighter,17744743,1,ᛚᛁᚷᚻᛏᛖᚱ,281
scenario,17743697,1,ᛋᚳᛖᚾᚪᚱᛡ,377
website,17736534,1,ᚹᛖᛒᛋᛁᛏᛖ,357
forehead,17732684,1,ᚠᚩᚱᛖᚻᛠᛞ,308
nursery,17731739,1,ᚾᚢᚱᛋᛖᚱᚣ,277
embassy,17661077,1,ᛖᛗᛒᚪᛋᛋᚣ,505
wrought,17654978,1,ᚹᚱᚩᚢᚷᚻᛏ,139
seminar,17569424,1,ᛋᛖᛗᛁᚾᚪᚱ,359
valleys,17566999,1,ᚢᚪᛚᛚᛖᚣᛋ,469
bounded,17552013,1,ᛒᚩᚢᚾᛞᛖᛞ,345
bargain,17541280,1,ᛒᚪᚱᚷᚪᛁᚾ,343
finland,17525895,0,ᚠᛁᚾᛚᚪᚾᛞ,350
generic,17484276,1,ᚷᛖᚾᛖᚱᛁᚳ,235
probate,17483456,1,ᛈᚱᚩᛒᚪᛏᛖ,345
citation,17471254,1,ᚳᛁᛏᚪᛏᛡᚾ,395
vincent,17464159,0,ᚢᛁᚾᚳᛖᚾᛏ,231
acquiring,17444956,1,ᚪᚳᚳᚹᛁᚱᛝ,263
advancing,17421961,1,ᚪᛞᚢᚪᚾᚳᛝ,407
lightning,17373937,1,ᛚᛁᚷᚻᛏᚾᛝ,311
reviewing,17363489,1,ᚱᛖᚢᛁᛖᚹᛝ,277
marshal,17362678,1,ᛗᚪᚱᛋᚻᚪᛚ,425
wondering,17329663,1,ᚹᚩᚾᛞᛖᚱᛝ,301
treasure,17293029,1,ᛏᚱᛠᛋᚢᚱᛖ,313
andrews,17270303,0,ᚪᚾᛞᚱᛖᚹᛋ,365
finishing,17245277,1,ᚠᛁᚾᛁᛋᚻᛝ,248
filters,17221360,1,ᚠᛁᛚᛏᛖᚱᛋ,296
orthodox,17210410,1,ᚩᚱᚦᚩᛞᚩᛉ,173
rightly,17185756,1,ᚱᛁᚷᚻᛏᛚᚣ,317
veteran,17184937,1,ᚢᛖᛏᛖᚱᚪᚾ,333
enzymes,17167409,1,ᛖᚾᛋᚣᛗᛖᛋ,443
cornell,17158202,1,ᚳᚩᚱᚾᛖᛚᛚ,273
annuity,17148447,1,ᚪᚾᚾᚢᛁᛏᚣ,351
payroll,17143510,1,ᛈᚪᚣᚱᚩᛚᛚ,407
designing,17142577,1,ᛞᛖᛋᛁᚷᚾᛝ,365
prevail,17101429,1,ᛈᚱᛖᚢᚪᛁᛚ,325
declining,17056154,1,ᛞᛖᚳᛚᛁᚾᛝ,381
fitness,17036145,1,ᚠᛁᛏᚾᛖᛋᛋ,294
tonnage,17026174,1,ᛏᚩᚾᚾᚪᚷᛖ,305
lattice,17009540,1,ᛚᚪᛏᛏᛁᚳᛖ,399
forgive,16965618,1,ᚠᚩᚱᚷᛁᚢᛖ,138
elegant,16935886,1,ᛖᛚᛖᚷᚪᚾᛏ,409
amounting,16935345,1,ᚪᛗᚩᚢᚾᛏᛝ,345
borrowing,16928930,1,ᛒᚩᚱᚱᚩᚹᛝ,195
packaging,16923729,1,ᛈᚪᚳᚳᚪᚷᛝ,359
mandate,16921445,1,ᛗᚪᚾᛞᚪᛏᛖ,509
destiny,16912159,1,ᛞᛖᛋᛏᛁᚾᚣ,431
travels,16902798,1,ᛏᚱᚪᚢᛖᛚᛋ,363
thailand,16894509,1,ᚦᚪᛁᛚᚪᚾᛞ,421
inquire,16890000,1,ᛁᚾᚳᚹᛁᚱᛖ,201
fishery,16874287,1,ᚠᛁᛋᚻᛖᚱᚣ,290
confess,16864045,1,ᚳᚩᚾᚠᛖᛋᛋ,224
traders,16818130,1,ᛏᚱᚪᛞᛖᚱᛋ,387
utilize,16758389,1,ᚢᛏᛁᛚᛁᛋᛖ,317
socially,16711455,1,ᛋᚩᚳᛡᛚᛚᚣ,429
differing,16639773,1,ᛞᛁᚠᚠᛖᚱᛝ,281
missile,16633005,1,ᛗᛁᛋᛋᛁᛚᛖ,379
sanction,16595917,1,ᛋᚪᚾᚳᛏᛡᚾ,387
revival,16589478,1,ᚱᛖᚢᛁᚢᚪᛚ,285
focuses,16583180,1,ᚠᚩᚳᚢᛋᛖᛋ,198
subsidy,16559730,1,ᛋᚢᛒᛋᛁᛞᚣ,393
diagrams,16558586,1,ᛞᛡᚷᚱᚪᛗᛋ,445
tickets,16542375,1,ᛏᛁᚳᚳᛖᛏᛋ,295
indexes,16494027,1,ᛁᚾᛞᛖᛉᛖᛋ,383
retaining,16493999,1,ᚱᛖᛏᚪᛁᚾᛝ,373
upright,16491684,1,ᚢᛈᚱᛁᚷᚻᛏ,187
heavenly,16466338,1,ᚻᛠᚢᛖᚾᛚᚣ,407
abortion,16464599,1,ᚪᛒᚩᚱᛏᛡᚾ,371
tightly,16464233,1,ᛏᛁᚷᚻᛏᛚᚣ,365
declaring,16442234,1,ᛞᛖᚳᛚᚪᚱᛝ,429
capitol,16440504,1,ᚳᚪᛈᛁᛏᚩᛚ,323
episode,16439286,1,ᛖᛈᛁᛋᚩᛞᛖ,357
austrian,16428367,0,ᚪᚢᛋᛏᚱᛡᚾ,359
charlie,16418733,1,ᚳᚻᚪᚱᛚᛁᛖ,315
prairie,16417816,1,ᛈᚱᚪᛁᚱᛁᛖ,291
bushels,16402686,1,ᛒᚢᛋᚻᛖᛚᛋ,333
insulin,16398354,1,ᛁᚾᛋᚢᛚᛁᚾ,249
dismiss,16383911,1,ᛞᛁᛋᛗᛁᛋᛋ,381
grabbed,16343968,1,ᚷᚱᚪᛒᛒᛖᛞ,403
dispose,16327148,1,ᛞᛁᛋᛈᚩᛋᛖ,343
talents,16322015,1,ᛏᚪᛚᛖᚾᛏᛋ,437
russians,16289495,1,ᚱᚢᛋᛋᛡᚾᛋ,309
fertile,16258360,1,ᚠᛖᚱᛏᛁᛚᛖ,310
trusted,16225263,1,ᛏᚱᚢᛋᛏᛖᛞ,341
foolish,16220489,1,ᚠᚩᚩᛚᛁᛋᚻ,196
tactics,16142898,1,ᛏᚪᚳᛏᛁᚳᛋ,325
champion,16027974,1,ᚳᚻᚪᛗᛈᛡᚾ,383
unified,15983557,1,ᚢᚾᛁᚠᛁᛖᛞ,252
antenna,15926585,1,ᚪᚾᛏᛖᚾᚾᚪ,407
stained,15890103,1,ᛋᛏᚪᛁᚾᛖᛞ,425
matched,15867005,1,ᛗᚪᛏᚳᚻᛖᛞ,419
pottery,15853312,1,ᛈᚩᛏᛏᛖᚱᚣ,349
secrets,15838512,1,ᛋᛖᚳᚱᛖᛏᛋ,323
optional,15825660,1,ᚩᛈᛏᛡᚾᚪᛚ,415
gesture,15810041,1,ᚷᛖᛋᛏᚢᚱᛖ,277
replacing,15782645,1,ᚱᛖᛈᛚᚪᚳᛝ,383
summons,15712302,1,ᛋᚢᛗᛗᚩᚾᛋ,287
simpson,15654080,0,ᛋᛁᛗᛈᛋᚩᚾ,287
freeman,15640317,1,ᚠᚱᛖᛖᛗᚪᚾ,344
muslims,15612137,1,ᛗᚢᛋᛚᛁᛗᛋ,355
drought,15601167,1,ᛞᚱᚩᚢᚷᚻᛏ,209
exploring,15582926,1,ᛖᛉᛈᛚᚩᚱᛝ,327
drained,15497912,1,ᛞᚱᚪᛁᚾᛖᛞ,413
crosses,15399437,1,ᚳᚱᚩᛋᛋᛖᛋ,257
insurer,15377570,1,ᛁᚾᛋᚢᚱᛖᚱ,205
marched,15331798,1,ᛗᚪᚱᚳᚻᛖᛞ,371
marital,15325469,1,ᛗᚪᚱᛁᛏᚪᛚ,439
foreman,15278325,1,ᚠᚩᚱᛖᛗᚪᚾ,284
climbed,15269673,1,ᚳᛚᛁᛗᛒᛖᛞ,405
install,15251468,1,ᛁᚾᛋᛏᚪᛚᛚ,415
hungarian,15245147,1,ᚻᚢᛝᚪᚱᛡᚾ,349
chapman,15186420,0,ᚳᚻᚪᛈᛗᚪᚾ,373
stimuli,15175815,1,ᛋᛏᛁᛗᚢᛚᛁ,321
undergo,15142013,1,ᚢᚾᛞᛖᚱᚷᚩ,223
harmful,15136544,1,ᚻᚪᚱᛗᚠᚢᛚ,280
happily,15054760,1,ᚻᚪᛈᛈᛁᛚᚣ,413
procure,15028653,1,ᛈᚱᚩᚳᚢᚱᛖ,155
fabrics,15021140,1,ᚠᚪᛒᚱᛁᚳᛋ,268
dietary,15020439,1,ᛞᛁᛖᛏᚪᚱᚣ,457
sponsor,15019389,1,ᛋᛈᚩᚾᛋᚩᚱ,203
indices,14989107,0,ᛁᚾᛞᛁᚳᛖᛋ,313
analyzing,14940831,0,ᚪᚾᚪᛚᚣᛋᛝ,531
seizure,14924972,0,ᛋᛖᛁᛋᚢᚱᛖ,285
doubled,14916365,0,ᛞᚩᚢᛒᛚᛖᛞ,389
strengths,14879802,0,ᛋᛏᚱᛖᛝᚦᛋ,327
omission,14878040,0,ᚩᛗᛁᛋᛋᛡᚾ,351
adviser,14877573,0,ᚪᛞᚢᛁᛋᛖᚱ,351
contend,14847053,0,ᚳᚩᚾᛏᛖᚾᛞ,293
miracle,14838839,0,ᛗᛁᚱᚪᚳᛚᛖ,363
relaxed,14777398,0,ᚱᛖᛚᚪᛉᛖᛞ,451
realised,14775193,0,ᚱᛠᛚᛁᛋᛖᛞ,433
hurried,14772982,0,ᚻᚢᚱᚱᛁᛖᛞ,235
weekend,14768827,0,ᚹᛖᛖᚳᛖᚾᛞ,351
battles,14757420,0,ᛒᚪᛏᛏᛚᛖᛋ,469
baldwin,14750251,0,ᛒᚪᛚᛞᚹᛁᚾ,399
mentions,14723338,0,ᛗᛖᚾᛏᛡᚾᛋ,415
endeavor,14722001,0,ᛖᚾᛞᛠᚢᚩᚱ,315
passions,14717204,0,ᛈᚪᛋᛋᛡᚾᛋ,435
jamaica,14665001,0,ᛂᚪᛗᚪᛁᚳᚪ,443
plotted,14632032,0,ᛈᛚᚩᛏᛏᛖᛞ,397
boilers,14616631,0,ᛒᚩᛁᛚᛖᚱᛋ,303
blanket,14606944,0,ᛒᛚᚪᚾᚳᛖᛏ,399
closest,14605689,0,ᚳᛚᚩᛋᛖᛋᛏ,325
vacancy,14602305,0,ᚢᚪᚳᚪᚾᚳᚣ,355
misleading,14580691,0,ᛗᛁᛋᛚᛠᛞᛝ,505
antigen,14576214,0,ᚪᚾᛏᛁᚷᛖᚾ,329
expired,14559607,0,ᛖᛉᛈᛁᚱᛖᛞ,355
bradley,14534683,0,ᛒᚱᚪᛞᛚᛖᚣ,501
twisted,14523966,0,ᛏᚹᛁᛋᛏᛖᛞ,377
liquids,14511886,0,ᛚᛁᚳᚹᛁᛞᛋ,309
outbreak,14492342,0,ᚩᚢᛏᛒᚱᛠᚳ,263
genesis,14479308,0,ᚷᛖᚾᛖᛋᛁᛋ,317
memoirs,14451346,0,ᛗᛖᛗᚩᛁᚱᛋ,311
utilizing,14441060,0,ᚢᛏᛁᛚᛁᛋᛝ,329
pockets,14437868,0,ᛈᚩᚳᚳᛖᛏᛋ,255
tertiary,14429391,0,ᛏᛖᚱᛏᛡᚱᚣ,417
consuming,14390838,0,ᚳᚩᚾᛋᚢᛗᛝ,255
rewards,14370404,0,ᚱᛖᚹᚪᚱᛞᛋ,347
couples,14302870,0,ᚳᚩᚢᛈᛚᛖᛋ,259
maurice,14265987,0,ᛗᚪᚢᚱᛁᚳᛖ,293
orderly,14244574,0,ᚩᚱᛞᛖᚱᛚᚣ,361
temples,14242425,0,ᛏᛖᛗᛈᛚᛖᛋ,433
premier,14214149,0,ᛈᚱᛖᛗᛁᛖᚱ,301
domains,14200912,0,ᛞᚩᛗᚪᛁᚾᛋ,377
grouped,14168871,0,ᚷᚱᚩᚢᛈᛖᛞ,237
trigger,14154564,0,ᛏᚱᛁᚷᚷᛖᚱ,213
imagery,14151483,0,ᛁᛗᚪᚷᛖᚱᚣ,397
factual,14121028,0,ᚠᚪᚳᛏᚢᚪᛚ,344
knights,14096484,0,ᚳᚾᛁᚷᚻᛏᛋ,225
mediated,14096307,0,ᛗᛖᛞᛡᛏᛖᛞ,549
offerings,14088791,0,ᚩᚠᚠᛖᚱᛝᛋ,221
expecting,14070985,0,ᛖᛉᛈᛖᚳᛏᛝ,375
neurons,14059901,0,ᚾᛖᚢᚱᚩᚾᛋ,199
initiate,14057000,0,ᛁᚾᛁᛏᛡᛏᛖ,383
ventral,14054438,0,ᚢᛖᚾᛏᚱᚪᛚ,339
malaysia,14048276,0,ᛗᚪᛚᚪᚣᛋᛡ,601
terrace,14008214,0,ᛏᛖᚱᚱᚪᚳᛖ,325
clarify,13991209,0,ᚳᛚᚪᚱᛁᚠᚣ,330
adjusting,13981524,0,ᚪᛞᛂᚢᛋᛏᛝ,417
ceramic,13962677,0,ᚳᛖᚱᚪᛗᛁᚳ,303
offspring,13955419,0,ᚩᚠᚠᛋᛈᚱᛝ,197
unwilling,13941637,0,ᚢᚾᚹᛁᛚᛚᛝ,307
kinetic,13938017,0,ᚳᛁᚾᛖᛏᛁᚳ,243
poisoning,13884552,0,ᛈᚩᛁᛋᚩᚾᛝ,249
deadline,13871186,0,ᛞᛠᛞᛚᛁᚾᛖ,487
museums,13863986,0,ᛗᚢᛋᛖᚢᛗᛋ,321
preached,13860678,0,ᛈᚱᛠᚳᚻᛖᛞ,355
urinary,13855449,0,ᚢᚱᛁᚾᚪᚱᚣ,285
inmates,13855274,0,ᛁᚾᛗᚪᛏᛖᛋ,407
dynasty,13843648,0,ᛞᚣᚾᚪᛋᛏᚣ,533
lebanon,13799076,0,ᛚᛖᛒᚪᚾᚩᚾ,363
alberta,13774931,0,ᚪᛚᛒᛖᚱᛏᚪ,465
eleventh,13770337,0,ᛖᛚᛖᚢᛖᚾᚦ,311
carroll,13764773,0,ᚳᚪᚱᚱᚩᛚᛚ,285
surgeons,13733555,0,ᛋᚢᚱᚷᛇᚾᛋ,207
tensile,13722923,0,ᛏᛖᚾᛋᛁᛚᛖ,379
compute,13701284,0,ᚳᚩᛗᛈᚢᛏᛖ,263
bathroom,13692842,0,ᛒᚪᚦᚱᚩᚩᛗ,259
analyst,13691464,0,ᚪᚾᚪᛚᚣᛋᛏ,511
knocked,13682954,0,ᚳᚾᚩᚳᚳᛖᛞ,231
updated,13676347,0,ᚢᛈᛞᚪᛏᛖᛞ,447
assisting,13620897,0,ᚪᛋᛋᛁᛋᛏᛝ,425
wheeler,13582442,0,ᚹᚻᛖᛖᛚᛖᚱ,327
anymore,13568517,0,ᚪᚾᚣᛗᚩᚱᛖ,385
lighted,13564552,0,ᛚᛁᚷᚻᛏᛖᛞ,359
renders,13535415,0,ᚱᛖᚾᛞᛖᚱᛋ,327
athletic,13534638,0,ᚪᚦᛚᛖᛏᛁᚳ,345
tariffs,13490704,0,ᛏᚪᚱᛁᚠᚠᛋ,255
curtain,13486630,0,ᚳᚢᚱᛏᚪᛁᚾ,243
aquatic,13469752,0,ᚪᚳᚹᚪᛏᛁᚳ,329
gardner,13466064,0,ᚷᚪᚱᛞᚾᛖᚱ,321
dragged,13455811,0,ᛞᚱᚪᚷᚷᛖᛞ,387
dwellings,13453796,0,ᛞᚹᛖᛚᛚᛝᛋ,453
colombia,13429707,0,ᚳᚩᛚᚩᛗᛒᛡ,339
orchard,13404458,0,ᚩᚱᚳᚻᚪᚱᛞ,251
overlap,13398825,0,ᚩᚢᛖᚱᛚᚪᛈ,301
corrupt,13388646,0,ᚳᚩᚱᚱᚢᛈᛏ,147
vaccine,13348900,0,ᚢᚪᚳᚳᛁᚾᛖ,253
sulfate,13345137,0,ᛋᚢᛚᚠᚪᛏᛖ,354
mammals,13337412,0,ᛗᚪᛗᛗᚪᛚᛋ,533
spotted,13336973,0,ᛋᛈᚩᛏᛏᛖᛞ,377
fulfill,13311929,0,ᚠᚢᛚᚠᛁᛚᛚ,257
patches,13304854,0,ᛈᚪᛏᚳᚻᛖᛋ,355
affords,13297574,0,ᚪᚠᚠᚩᚱᛞᛋ,261
blocked,13281361,0,ᛒᛚᚩᚳᚳᛖᛞ,323
durable,13268013,0,ᛞᚢᚱᚪᛒᛚᛖ,401
shanghai,13247997,0,ᛋᚻᚪᛝᚻᚪᛁ,403
arterial,13241049,0,ᚪᚱᛏᛖᚱᛡᛚ,425
pretend,13234457,0,ᛈᚱᛖᛏᛖᚾᛞ,365
dilemma,13216419,0,ᛞᛁᛚᛖᛗᛗᚪ,499
suffice,13206213,0,ᛋᚢᚠᚠᛁᚳᛖ,171
stamped,13197088,0,ᛋᛏᚪᛗᛈᛖᛞ,479
baptism,13157912,0,ᛒᚪᛈᛏᛁᛋᛗ,415
notation,13157873,0,ᚾᚩᛏᚪᛏᛡᚾ,387
sailors,13156610,0,ᛋᚪᛁᛚᚩᚱᛋ,325
acetate,13149756,0,ᚪᚳᛖᛏᚪᛏᛖ,459
fantasy,13122086,0,ᚠᚪᚾᛏᚪᛋᚣ,440
maxwell,13113399,0,ᛗᚪᛉᚹᛖᛚᛚ,447
clarity,13089827,0,ᚳᛚᚪᚱᛁᛏᚣ,387
torture,13086952,0,ᛏᚩᚱᛏᚢᚱᛖ,217
replies,13086510,0,ᚱᛖᛈᛚᛁᛖᛋ,345
frances,13068295,0,ᚠᚱᚪᚾᚳᛖᛋ,272
asserts,13065772,0,ᚪᛋᛋᛖᚱᛏᛋ,393
goddess,13049735,0,ᚷᚩᛞᛞᛖᛋᛋ,375
tablets,13048960,0,ᛏᚪᛒᛚᛖᛏᛋ,469
mediation,13032854,0,ᛗᛖᛞᛡᛏᛡᚾ,529
vectors,13032334,0,ᚢᛖᚳᛏᚩᚱᛋ,213
occupying,13031031,0,ᚩᚳᚳᚢᛈᚣᛝ,261
simpler,13009995,0,ᛋᛁᛗᛈᛚᛖᚱ,349
bedford,13009981,0,ᛒᛖᛞᚠᚩᚱᛞ,326
tangible,13004779,0,ᛏᚪᛝᛁᛒᛚᛖ,467
releases,12988601,0,ᚱᛖᛚᛠᛋᛖᛋ,433
aroused,12977462,0,ᚪᚱᚩᚢᛋᛖᛞ,327
inverse,12970814,0,ᛁᚾᚢᛖᚱᛋᛖ,261
algebra,12951525,0,ᚪᛚᚷᛖᛒᚱᚪ,423
cameron,12918868,0,ᚳᚪᛗᛖᚱᚩᚾ,295
movable,12918665,0,ᛗᚩᚢᚪᛒᛚᛖ,379
admired,12912250,0,ᚪᛞᛗᛁᚱᛖᛞ,455
denotes,12896975,0,ᛞᛖᚾᚩᛏᛖᛋ,371
terrain,12885029,0,ᛏᛖᚱᚱᚪᛁᚾ,305
careers,12881034,0,ᚳᚪᚱᛖᛖᚱᛋ,319
tractor,12877412,0,ᛏᚱᚪᚳᛏᚩᚱ,257
illusion,12872902,1,ᛁᛚᛚᚢᛋᛡᚾ,369
accepts,12866713,0,ᚪᚳᚳᛖᛈᛏᛋ,345
insofar,12865106,0,ᛁᚾᛋᚩᚠᚪᚱ,230
diffuse,12862754,0,ᛞᛁᚠᚠᚢᛋᛖ,247
amateur,12816393,0,ᚪᛗᚪᛏᛖᚢᚱ,405
flights,12785052,0,ᚠᛚᛁᚷᚻᛏᛋ,258
monarch,12781143,0,ᛗᚩᚾᚪᚱᚳᚻ,251
ashamed,12764979,0,ᚪᛋᚻᚪᛗᛖᛞ,497
brokers,12754108,0,ᛒᚱᚩᚳᛖᚱᛋ,223
withdrew,12730483,0,ᚹᛁᚦᛞᚱᛖᚹ,241
morocco,12690080,0,ᛗᚩᚱᚩᚳᚳᚩ,129
stirred,12682072,0,ᛋᛏᛁᚱᚱᛖᛞ,321
seismic,12671287,0,ᛋᛖᛁᛋᛗᛁᚳ,319
prisons,12665055,0,ᛈᚱᛁᛋᚩᚾᛋ,227
spheres,12591323,0,ᛋᛈᚻᛖᚱᛖᛋ,317
apostle,12570403,0,ᚪᛈᚩᛋᛏᛚᛖ,399
gastric,12570321,0,ᚷᚪᛋᛏᚱᛁᚳ,281
honored,12569814,0,ᚻᚩᚾᚩᚱᛖᛞ,233
dreadful,12564451,0,ᛞᚱᛠᛞᚠᚢᛚ,376
shocked,12556861,0,ᛋᚻᚩᚳᚳᛖᛞ,265
preacher,12534439,0,ᛈᚱᛠᚳᚻᛖᚱ,277
budgets,12515214,0,ᛒᚢᛞᚷᛖᛏᛋ,349
annexed,12513082,0,ᚪᚾᚾᛖᛉᛖᛞ,425
wandering,12495814,0,ᚹᚪᚾᛞᛖᚱᛝ,391
plaster,12489293,0,ᛈᛚᚪᛋᛏᛖᚱ,403
presume,12487597,0,ᛈᚱᛖᛋᚢᛗᛖ,315
reprint,12482683,0,ᚱᛖᛈᚱᛁᚾᛏ,251
expects,12480191,0,ᛖᛉᛈᛖᚳᛏᛋ,349
emerson,12469828,0,ᛖᛗᛖᚱᛋᚩᚾ,305
doorway,12414186,0,ᛞᚩᚩᚱᚹᚪᚣ,333
memphis,12407980,0,ᛗᛖᛗᛈᚻᛁᛋ,359
rabbits,12406756,0,ᚱᚪᛒᛒᛁᛏᛋ,373
prudent,12379723,0,ᛈᚱᚢᛞᛖᚾᛏ,301
flowering,12370425,0,ᚠᛚᚩᚹᛖᚱᛝ,258
compass,12368259,0,ᚳᚩᛗᛈᚪᛋᛋ,337
matches,12364382,0,ᛗᚪᛏᚳᚻᛖᛋ,383
trapped,12356987,0,ᛏᚱᚪᛈᛈᛖᛞ,409
unequal,12356941,0,ᚢᚾᛖᚳᚹᚪᛚ,301
sterile,12351475,0,ᛋᛏᛖᚱᛁᛚᛖ,361
refuses,12342845,0,ᚱᛖᚠᚢᛋᛖᛋ,256
youngest,12333991,0,ᚣᚩᚢᛝᛖᛋᛏ,371
plymouth,12318751,0,ᛈᛚᚣᛗᚩᚢᚦ,305
frankly,12305227,0,ᚠᚱᚪᚾᚳᛚᚣ,328
posture,12298254,0,ᛈᚩᛋᛏᚢᚱᛖ,243
lexington,12296269,0,ᛚᛖᛉᛝᛏᚩᚾ,361
newport,12294886,0,ᚾᛖᚹᛈᚩᚱᛏ,235
scanned,12213036,0,ᛋᚳᚪᚾᚾᛖᛞ,377
reactors,12201353,0,ᚱᛠᚳᛏᚩᚱᛋ,263
rupture,12200177,0,ᚱᚢᛈᛏᚢᚱᛖ,197
laundry,12150941,0,ᛚᚪᚢᚾᛞᚱᚣ,405
cruelty,12139215,0,ᚳᚱᚢᛖᛚᛏᚣ,329
headache,12096436,0,ᚻᛠᛞᚪᚳᚻᛖ,421
intends,12090574,0,ᛁᚾᛏᛖᚾᛞᛋ,357
contour,12087388,0,ᚳᚩᚾᛏᚩᚢᚱ,129
trembling,12057703,0,ᛏᚱᛖᛗᛒᛚᛝ,421
wonders,12052275,0,ᚹᚩᚾᛞᛖᚱᛋ,275
exerted,12048553,0,ᛖᛉᛖᚱᛏᛖᛞ,407
boulder,12041797,0,ᛒᚩᚢᛚᛞᛖᚱ,311
scarlet,12020604,0,ᛋᚳᚪᚱᛚᛖᛏ,373
reactive,12006516,0,ᚱᛠᚳᛏᛁᚢᛖ,293
attacking,11993158,0,ᚪᛏᛏᚪᚳᚳᛝ,417
admitting,11982625,0,ᚪᛞᛗᛁᛏᛏᛝ,485
symptom,11981375,0,ᛋᚣᛗᛈᛏᚩᛗ,407
balancing,11966693,0,ᛒᚪᛚᚪᚾᚳᛝ,449
foundry,11930090,0,ᚠᚩᚢᚾᛞᚱᚣ,244
royalty,11919545,0,ᚱᚩᚣᚪᛚᛏᚣ,453
honesty,11915554,0,ᚻᚩᚾᛖᛋᛏᚣ,341
inspect,11898833,0,ᛁᚾᛋᛈᛖᚳᛏ,295
asphalt,11872728,0,ᚪᛋᛈᚻᚪᛚᛏ,445
employs,11847960,0,ᛖᛗᛈᛚᚩᚣᛋ,417
literal,11817432,0,ᛚᛁᛏᛖᚱᚪᛚ,411
decides,11817312,0,ᛞᛖᚳᛁᛞᛖᛋ,409
pathways,11792337,0,ᛈᚪᚦᚹᚪᚣᛋ,417
handles,11786953,0,ᚻᚪᚾᛞᛚᛖᛋ,431
clinics,11755400,0,ᚳᛚᛁᚾᛁᚳᛋ,243
warriors,11744740,0,ᚹᚪᚱᚱᛡᚱᛋ,309
endowed,11730454,0,ᛖᚾᛞᚩᚹᛖᛞ,367
futures,11727688,0,ᚠᚢᛏᚢᚱᛖᛋ,198
markers,11713967,0,ᛗᚪᚱᚳᛖᚱᛋ,323
withheld,11711984,0,ᚹᛁᚦᚻᛖᛚᛞ,307
tempted,11710549,0,ᛏᛖᛗᛈᛏᛖᛞ,455
reddish,11708457,0,ᚱᛖᛞᛞᛁᛋᚻ,363
enquiry,11706558,0,ᛖᚾᚳᚹᛁᚱᚣ,273
infancy,11702561,0,ᛁᚾᚠᚪᚾᚳᚣ,304
searched,11699889,0,ᛋᛠᚱᚳᚻᛖᛞ,365
averaging,11681770,0,ᚪᚢᛖᚱᚪᚷᛝ,371
postwar,11680206,0,ᛈᚩᛋᛏᚹᚪᚱ,289
proposing,11674732,0,ᛈᚱᚩᛈᚩᛋᛝ,243
powered,11667792,0,ᛈᚩᚹᛖᚱᛖᛞ,303
regimes,11664801,0,ᚱᛖᚷᛁᛗᛖᛋ,317
doubted,11634586,0,ᛞᚩᚢᛒᛏᛖᛞ,375
handful,11634248,0,ᚻᚪᚾᛞᚠᚢᛚ,316
schooling,11630852,0,ᛋᚳᚻᚩᚩᛚᛝ,255
tensions,11627664,0,ᛏᛖᚾᛋᛡᚾᛋ,397
certify,11579895,0,ᚳᛖᚱᛏᛁᚠᚣ,286
robbery,11573440,0,ᚱᚩᛒᛒᛖᚱᚣ,321
hunters,11569161,0,ᚻᚢᚾᛏᛖᚱᛋ,245
deleted,11557287,0,ᛞᛖᛚᛖᛏᛖᛞ,511
monster,11537236,0,ᛗᚩᚾᛋᛏᛖᚱ,297
windsor,11531489,0,ᚹᛁᚾᛞᛋᚩᚱ,239
tribune,11500778,0,ᛏᚱᛁᛒᚢᚾᛖ,261
jenkins,11498036,0,ᛂᛖᚾᚳᛁᚾᛋ,259
sensors,11487943,0,ᛋᛖᚾᛋᚩᚱᛋ,273
quarrel,11480982,0,ᚳᚹᚪᚱᚱᛖᛚ,291
fixation,11470420,0,ᚠᛁᛉᚪᛏᛡᚾ,372
parsons,11457727,0,ᛈᚪᚱᛋᚩᚾᛋ,293
buttons,11457476,0,ᛒᚢᛏᛏᚩᚾᛋ,271
repairing,11453744,0,ᚱᛖᛈᚪᛁᚱᛝ,339
booklet,11437684,0,ᛒᚩᚩᚳᛚᛖᛏ,287
directs,11437181,0,ᛞᛁᚱᛖᚳᛏᛋ,323
patrons,11435008,0,ᛈᚪᛏᚱᚩᚾᛋ,299
shillings,11426566,0,ᛋᚻᛁᛚᛚᛝᛋ,385
apparel,11421206,0,ᚪᛈᛈᚪᚱᛖᛚ,431
supposing,11409352,0,ᛋᚢᛈᛈᚩᛋᛝ,281
schmidt,11405154,0,ᛋᚳᚻᛗᛁᛞᛏ,339
burdens,11394834,0,ᛒᚢᚱᛞᛖᚾᛋ,313
selfish,11392012,0,ᛋᛖᛚᚠᛁᛋᚻ,302
seedlings,11386822,0,ᛋᛖᛖᛞᛚᛝᛋ,481
sermons,11382205,0,ᛋᛖᚱᛗᚩᚾᛋ,291
uttered,11375819,0,ᚢᛏᛏᛖᚱᛖᛞ,355
gabriel,11367958,0,ᚷᚪᛒᚱᛁᛖᛚ,357
grasses,11364717,0,ᚷᚱᚪᛋᛋᛖᛋ,351
scenery,11364532,0,ᛋᚳᛖᚾᛖᚱᚣ,343
therewith,11355019,0,ᚦᛖᚱᛖᚹᛁᚦ,205
masonry,11351328,0,ᛗᚪᛋᚩᚾᚱᚣ,371
chopped,11338401,0,ᚳᚻᚩᛈᛈᛖᛞ,285
resided,11334643,0,ᚱᛖᛋᛁᛞᛖᛞ,407
drilled,11332514,0,ᛞᚱᛁᛚᛚᛖᛞ,433
tubular,11310900,0,ᛏᚢᛒᚢᛚᚪᚱ,307
viruses,11294913,0,ᚢᛁᚱᚢᛋᛖᛋ,221
traction,11285881,0,ᛏᚱᚪᚳᛏᛡᚾ,375
presses,11270958,0,ᛈᚱᛖᛋᛋᛖᛋ,347
defending,11270919,0,ᛞᛖᚠᛖᚾᛞᛝ,422
perkins,11259644,0,ᛈᛖᚱᚳᛁᚾᛋ,247
jacques,11240671,0,ᛂᚪᚳᚳᚹᛖᛋ,299
excepting,11233114,0,ᛖᛉᚳᛖᛈᛏᛝ,375
blessings,11228249,0,ᛒᛚᛖᛋᛋᛝᛋ,439
guarded,11192838,0,ᚷᚢᚪᚱᛞᛖᛞ,373
builder,11183277,0,ᛒᚢᛁᛚᛞᛖᚱ,335
modules,11173873,0,ᛗᚩᛞᚢᛚᛖᛋ,363
oakland,11163406,0,ᚩᚪᚳᛚᚪᚾᛞ,405
upstream,11152931,0,ᚢᛈᛋᛏᚱᛠᛗ,349
coleman,11141583,0,ᚳᚩᛚᛖᛗᚪᚾ,357
weakened,11134459,0,ᚹᛠᚳᛖᚾᛖᛞ,393
arrives,11102716,0,ᚪᚱᚱᛁᚢᛖᛋ,273
modelling,11090306,0,ᛗᚩᛞᛖᛚᛚᛝ,459
marquis,11087184,0,ᛗᚪᚱᚳᚹᛁᛋ,295
oneself,11082343,0,ᚩᚾᛖᛋᛖᛚᚠ,298
jealousy,11066223,0,ᛂᛠᛚᚩᚢᛋᚣ,385
revolving,11061756,0,ᚱᛖᚢᚩᛚᚢᛝ,243
learners,11060959,0,ᛚᛠᚱᚾᛖᚱᛋ,353
garment,11057407,0,ᚷᚪᚱᛗᛖᚾᛏ,351
preston,11053148,0,ᛈᚱᛖᛋᛏᚩᚾ,269
frontal,11040979,0,ᚠᚱᚩᚾᛏᚪᛚ,278
gracious,11026752,0,ᚷᚱᚪᚳᛡᚢᛋ,301
sellers,10995414,0,ᛋᛖᛚᛚᛖᚱᛋ,397
gallant,10957443,0,ᚷᚪᛚᛚᚪᚾᛏ,445
remedial,10956258,0,ᚱᛖᛗᛖᛞᛡᛚ,485
cautious,10952380,0,ᚳᚪᚢᛏᛡᚢᛋ,335
suspend,10937927,0,ᛋᚢᛋᛈᛖᚾᛞ,337
ascending,10927552,0,ᚪᛋᚳᛖᚾᛞᛝ,427
oblique,10921547,0,ᚩᛒᛚᛁᚳᚹᛖ,271
ignition,10919797,0,ᛁᚷᚾᛁᛏᛡᚾ,303
deepest,10908549,0,ᛞᛖᛖᛈᛖᛋᛏ,445
malcolm,10900897,0,ᛗᚪᛚᚳᚩᛚᛗ,405
touches,10899411,0,ᛏᚩᚢᚳᚻᛖᛋ,225
screens,10841549,0,ᛋᚳᚱᛖᛖᚾᛋ,293
awkward,10822301,0,ᚪᚹᚳᚹᚪᚱᛞ,345
trailer,10816874,0,ᛏᚱᚪᛁᛚᛖᚱ,349
refrain,10816361,0,ᚱᛖᚠᚱᚪᛁᚾ,248
tenders,10814320,0,ᛏᛖᚾᛞᛖᚱᛋ,375
orbital,10808908,0,ᚩᚱᛒᛁᛏᚪᛚ,339
airline,10802631,0,ᚪᛁᚱᛚᛁᚾᛖ,339
cameras,10797812,0,ᚳᚪᛗᛖᚱᚪᛋ,409
capsule,10792264,0,ᚳᚪᛈᛋᚢᛚᛖ,349
retains,10747499,0,ᚱᛖᛏᚪᛁᚾᛋ,347
chemist,10739213,0,ᚳᚻᛖᛗᛁᛋᛏ,317
baggage,10730977,0,ᛒᚪᚷᚷᚪᚷᛖ,373
ambient,10729313,0,ᚪᛗᛒᛁᛖᚾᛏ,415
splitting,10663416,0,ᛋᛈᛚᛁᛏᛏᛝ,397
diploma,10661497,0,ᛞᛁᛈᛚᚩᛗᚪ,411
assigns,10645542,0,ᚪᛋᛋᛁᚷᚾᛋ,333
revived,10636172,0,ᚱᛖᚢᛁᚢᛖᛞ,271
emerges,10635295,0,ᛖᛗᛖᚱᚷᛖᛋ,353
forthwith,10632938,0,ᚠᚩᚱᚦᚹᛁᚦ,80
pledged,10600982,0,ᛈᛚᛖᛞᚷᛖᛞ,445
alluded,10587164,0,ᚪᛚᛚᚢᛞᛖᛞ,491
clayton,10585168,0,ᚳᛚᚪᚣᛏᚩᚾ,381
spindle,10562039,0,ᛋᛈᛁᚾᛞᛚᛖ,385
refugee,10538651,0,ᚱᛖᚠᚢᚷᛖᛖ,234
herewith,10502369,0,ᚻᛖᚱᛖᚹᛁᚦ,223
consume,10490806,0,ᚳᚩᚾᛋᚢᛗᛖ,243
exploit,10484888,0,ᛖᛉᛈᛚᚩᛁᛏ,327
hepatic,10480006,0,ᚻᛖᛈᚪᛏᛁᚳ,333
hamburg,10477518,0,ᚻᚪᛗᛒᚢᚱᚷ,283
needles,10470740,0,ᚾᛖᛖᛞᛚᛖᛋ,445
featured,10466819,0,ᚠᛠᛏᚢᚱᛖᛞ,340
grained,10450729,0,ᚷᚱᚪᛁᚾᛖᛞ,341
wartime,10440366,0,ᚹᚪᚱᛏᛁᛗᛖ,355
geologic,10420657,0,ᚷᛇᛚᚩᚷᛁᚳ,199
praised,10351410,0,ᛈᚱᚪᛁᛋᛖᛞ,391
dilution,10345903,0,ᛞᛁᛚᚢᛏᛡᚾ,391
youthful,10343533,0,ᚣᚩᚢᚦᚠᚢᛚ,196
embracing,10342612,0,ᛖᛗᛒᚱᚪᚳᛝ,399
hampton,10316811,0,ᚻᚪᛗᛈᛏᚩᚾ,329
griffin,10312641,0,ᚷᚱᛁᚠᚠᛁᚾ,123
investing,10310492,0,ᛁᚾᚢᛖᛋᛏᛝ,321
planets,10302761,0,ᛈᛚᚪᚾᛖᛏᛋ,421
alfalfa,10293215,0,ᚪᛚᚠᚪᛚᚠᚪ,441
costume,10284022,0,ᚳᚩᛋᛏᚢᛗᛖ,273
deprive,10266946,0,ᛞᛖᛈᚱᛁᚢᛖ,311
winston,10265602,0,ᚹᛁᚾᛋᛏᚩᚾ,227
outputs,10259154,0,ᚩᚢᛏᛈᚢᛏᛋ,227
eastward,10250819,0,ᛠᛋᛏᚹᚪᚱᛞ,437
outlets,10227110,0,ᚩᚢᛏᛚᛖᛏᛋ,321
glimpse,10225083,0,ᚷᛚᛁᛗᛈᛋᛖ,355
whisper,10213056,0,ᚹᚻᛁᛋᛈᛖᚱ,247
jewelry,10210489,0,ᛂᛖᚹᛖᛚᚱᚣ,377
tomatoes,10205972,0,ᛏᚩᛗᚪᛏᛟᛋ,429
derives,10187468,0,ᛞᛖᚱᛁᚢᛖᛋ,321
greeted,10186456,0,ᚷᚱᛖᛖᛏᛖᛞ,377
liquors,10182448,0,ᛚᛁᚳᚹᚩᚱᛋ,207
elapsed,10178578,0,ᛖᛚᚪᛈᛋᛖᛞ,489
pillars,10153911,0,ᛈᛁᛚᛚᚪᚱᛋ,381
whitney,10145973,0,ᚹᚻᛁᛏᚾᛖᚣ,331
hoffman,10127070,0,ᚻᚩᚠᚠᛗᚪᚾ,231
arsenic,10109684,0,ᚪᚱᛋᛖᚾᛁᚳ,301
novelty,10085839,0,ᚾᚩᚢᛖᛚᛏᚣ,341
snapped,10047464,0,ᛋᚾᚪᛈᛈᛖᛞ,421
bulgaria,10045512,0,ᛒᚢᛚᚷᚪᚱᛡ,369
madness,10027409,0,ᛗᚪᛞᚾᛖᛋᛋ,459
workman,10025004,0,ᚹᚩᚱᚳᛗᚪᚾ,247
meridian,10014271,0,ᛗᛖᚱᛁᛞᛡᚾ,405
persist,10008913,0,ᛈᛖᚱᛋᛁᛋᛏ,317
urgency,10003456,0,ᚢᚱᚷᛖᚾᚳᚣ,243
enforcing,9999065,0,ᛖᚾᚠᚩᚱᚳᛝ,208
reminds,9990723,0,ᚱᛖᛗᛁᚾᛞᛋ,351
judaism,9990558,0,ᛂᚢᛞᚪᛁᛋᛗ,381
drafted,9983607,0,ᛞᚱᚪᚠᛏᛖᛞ,414
resides,9971117,0,ᚱᛖᛋᛁᛞᛖᛋ,371
soviets,9970902,0,ᛋᚩᚢᛁᛖᛏᛋ,273
integer,9964629,0,ᛁᚾᛏᛖᚷᛖᚱ,281
disturb,9942959,0,ᛞᛁᛋᛏᚢᚱᛒ,307
halifax,9935347,0,ᚻᚪᛚᛁᚠᚪᛉ,370
suffers,9931463,0,ᛋᚢᚠᚠᛖᚱᛋ,191
enhancing,9900333,0,ᛖᚾᚻᚪᚾᚳᛝ,337
chooses,9889152,0,ᚳᚻᚩᚩᛋᛖᛋ,223
concord,9886127,0,ᚳᚩᚾᚳᚩᚱᛞ,169
tyranny,9874386,0,ᛏᚣᚱᚪᚾᚾᚣ,431
engraved,9866039,0,ᛖᛝᚱᚪᚢᛖᛞ,413
clement,9865145,0,ᚳᛚᛖᛗᛖᚾᛏ,379
worldly,9864634,0,ᚹᚩᚱᛚᛞᛚᚣ,375
swallow,9845475,0,ᛋᚹᚪᛚᛚᚩᚹ,341
cracked,9841250,0,ᚳᚱᚪᚳᚳᛖᛞ,303
barrett,9820895,0,ᛒᚪᚱᚱᛖᛏᛏ,365
confine,9809965,0,ᚳᚩᚾᚠᛁᚾᛖ,178
premise,9801605,0,ᛈᚱᛖᛗᛁᛋᛖ,343
loosely,9794143,0,ᛚᚩᚩᛋᛖᛚᚣ,383
fighter,9792710,0,ᚠᛁᚷᚻᛏᛖᚱ,210
cocaine,9773698,0,ᚳᚩᚳᚪᛁᚾᛖ,257
steward,9764851,0,ᛋᛏᛖᚹᚪᚱᛞ,395
pigment,9759616,0,ᛈᛁᚷᛗᛖᚾᛏ,317
restoring,9757868,0,ᚱᛖᛋᛏᚩᚱᛝ,287
hastily,9753919,0,ᚻᚪᛋᛏᛁᛚᚣ,439
surveying,9737681,0,ᛋᚢᚱᚢᛖᚣᛝ,319
gospels,9737556,0,ᚷᚩᛋᛈᛖᛚᛋ,313
outlays,9737071,0,ᚩᚢᛏᛚᚪᚣᛋ,395
suffolk,9732038,0,ᛋᚢᚠᚠᚩᛚᚳ,153
swollen,9730371,0,ᛋᚹᚩᛚᛚᛖᚾ,321
infusion,9726109,0,ᛁᚾᚠᚢᛋᛡᚾ,254
shields,9707029,0,ᛋᚻᛁᛖᛚᛞᛋ,389
crowned,9694382,0,ᚳᚱᚩᚹᚾᛖᛞ,235
impress,9690469,0,ᛁᛗᛈᚱᛖᛋᛋ,329
honours,9690133,0,ᚻᚩᚾᚩᚢᚱᛋ,133
morally,9686504,0,ᛗᚩᚱᚪᛚᛚᚣ,435
insists,9663701,0,ᛁᚾᛋᛁᛋᛏᛋ,309
unaware,9663688,0,ᚢᚾᚪᚹᚪᚱᛖ,323
diseased,9661559,0,ᛞᛁᛋᛠᛋᛖᛞ,491
patricia,9659797,0,ᛈᚪᛏᚱᛁᚳᛡ,361
captive,9638134,0,ᚳᚪᛈᛏᛁᚢᛖ,313
grinned,9614180,0,ᚷᚱᛁᚾᚾᛖᛞ,273
chimney,9607872,0,ᚳᚻᛁᛗᚾᛖᚣ,337
vengeance,9603524,0,ᚢᛖᛝᛠᚾᚳᛖ,367
decrees,9600634,0,ᛞᛖᚳᚱᛖᛖᛋ,367
paradox,9599361,0,ᛈᚪᚱᚪᛞᚩᛉ,391
grocery,9591581,0,ᚷᚱᚩᚳᛖᚱᚣ,229
electro,9581325,0,ᛖᛚᛖᚳᛏᚱᚩ,297
mutation,9574254,0,ᛗᚢᛏᚪᛏᛡᚾ,425
watches,9564344,0,ᚹᚪᛏᚳᚻᛖᛋ,331
mastery,9562780,0,ᛗᚪᛋᛏᛖᚱᚣ,461
duchess,9527237,0,ᛞᚢᚳᚻᛖᛋᛋ,301
fossils,9526374,0,ᚠᚩᛋᛋᛁᛚᛋ,272
diluted,9514502,0,ᛞᛁᛚᚢᛏᛖᛞ,411
dissent,9513100,0,ᛞᛁᛋᛋᛖᚾᛏ,381
recalls,9504754,0,ᚱᛖᚳᚪᛚᛚᛋ,387
invoked,9500127,0,ᛁᚾᚢᚩᚳᛖᛞ,239
educate,9497331,0,ᛖᛞᚢᚳᚪᛏᛖ,395
shelves,9496599,0,ᛋᚻᛖᛚᚢᛖᛋ,339
aligned,9495817,0,ᚪᛚᛁᚷᚾᛖᛞ,403
absorbing,9489526,0,ᚪᛒᛋᚩᚱᛒᛝ,369
willingly,9482084,0,ᚹᛁᛚᛚᛝᛚᚣ,451
convent,9478919,0,ᚳᚩᚾᚢᛖᚾᛏ,207
mccarthy,9467300,0,ᛗᚳᚳᚪᚱᚦᚣ,313
rebecca,9463095,0,ᚱᛖᛒᛖᚳᚳᚪ,329
sublime,9448034,0,ᛋᚢᛒᛚᛁᛗᛖ,359
balloon,9441278,0,ᛒᚪᛚᛚᚩᚩᚾ,347
migrant,9437279,0,ᛗᛁᚷᚱᚪᚾᛏ,315
teaspoon,9433081,0,ᛏᛠᛋᛈᚩᚩᚾ,307
midland,9412753,0,ᛗᛁᛞᛚᚪᚾᛞ,479
modifying,9396606,0,ᛗᚩᛞᛁᚠᚣᛝ,382
kindred,9390467,0,ᚳᛁᚾᛞᚱᛖᛞ,329
invaded,9372927,0,ᛁᚾᚢᚪᛞᛖᛞ,405
fibrous,9371124,0,ᚠᛁᛒᚱᚩᚢᛋ,168
parcels,9369211,0,ᛈᚪᚱᚳᛖᛚᛋ,357
banquet,9366781,0,ᛒᚪᚾᚳᚹᛖᛏ,345
antique,9359971,0,ᚪᚾᛏᛁᚳᚹᛖ,315
cholera,9354503,0,ᚳᚻᚩᛚᛖᚱᚪ,291
benzene,9332740,0,ᛒᛖᚾᛋᛖᚾᛖ,373
suburbs,9315535,0,ᛋᚢᛒᚢᚱᛒᛋ,245
diamonds,9302407,0,ᛞᛡᛗᚩᚾᛞᛋ,445
garbage,9296970,0,ᚷᚪᚱᛒᚪᚷᛖ,367
sampled,9296422,0,ᛋᚪᛗᛈᛚᛖᛞ,493
condemn,9293090,0,ᚳᚩᚾᛞᛖᛗᚾ,305
jeffrey,9292328,0,ᛂᛖᚠᚠᚱᛖᚣ,289
conveying,9282830,0,ᚳᚩᚾᚢᛖᚣᛝ,301
cashier,9250170,0,ᚳᚪᛋᚻᛁᛖᚱ,295
scandal,9249830,0,ᛋᚳᚪᚾᛞᚪᛚ,451
smoothly,9248859,0,ᛋᛗᚩᚩᚦᛚᚣ,319
obtains,9243231,0,ᚩᛒᛏᚪᛁᚾᛋ,337
lutheran,9236067,0,ᛚᚢᚦᛖᚱᚪᚾ,285
rainbow,9221282,0,ᚱᚪᛁᚾᛒᚩᚹ,255
jupiter,9215140,0,ᛂᚢᛈᛁᛏᛖᚱ,251
dislike,9211606,0,ᛞᛁᛋᛚᛁᚳᛖ,357
bicycle,9200562,0,ᛒᛁᚳᚣᚳᛚᛖ,361
legends,9197507,0,ᛚᛖᚷᛖᚾᛞᛋ,395
arlington,9190436,0,ᚪᚱᛚᛝᛏᚩᚾ,355
executing,9185294,0,ᛖᛉᛖᚳᚢᛏᛝ,335
hammond,9182785,0,ᚻᚪᛗᛗᚩᚾᛞ,387
descend,9179734,0,ᛞᛖᛋᚳᛖᚾᛞ,407
harriet,9156232,0,ᚻᚪᚱᚱᛁᛖᛏ,299
candles,9147507,0,ᚳᚪᚾᛞᛚᛖᛋ,421
recycling,9137230,0,ᚱᛖᚳᚣᚳᛚᛝ,359
rituals,9120050,0,ᚱᛁᛏᚢᚪᛚᛋ,327
proviso,9118239,0,ᛈᚱᚩᚢᛁᛋᚩ,155
everett,9112150,0,ᛖᚢᛖᚱᛖᛏᛏ,333
variants,9110498,0,ᚢᚪᚱᛡᚾᛏᛋ,359
diagonal,9103173,0,ᛞᛡᚷᚩᚾᚪᛚ,419
detecting,9097497,0,ᛞᛖᛏᛖᚳᛏᛝ,433
fischer,9095343,0,ᚠᛁᛋᚳᚻᛖᚱ,200
rejecting,9091094,0,ᚱᛖᛂᛖᚳᛏᛝ,333
marxist,9085835,0,ᛗᚪᚱᛉᛁᛋᛏ,369
dickens,9084934,0,ᛞᛁᚳᚳᛖᚾᛋ,295
modulus,9071589,1,ᛗᚩᛞᚢᛚᚢᛋ,299
uterine,9065607,0,ᚢᛏᛖᚱᛁᚾᛖ,267
incision,9062940,0,ᛁᚾᚳᛁᛋᛡᚾ,293
rejoice,9057037,0,ᚱᛖᛂᚩᛁᚳᛖ,233
searches,9053944,0,ᛋᛠᚱᚳᚻᛖᛋ,329
mirrors,9037023,0,ᛗᛁᚱᚱᚩᚱᛋ,195
vendors,9026822,0,ᚢᛖᚾᛞᚩᚱᛋ,259
merrill,9017819,0,ᛗᛖᚱᚱᛁᛚᛚ,337
magical,9017219,0,ᛗᚪᚷᛁᚳᚪᛚ,399
steamers,9011962,0,ᛋᛏᛠᛗᛖᚱᛋ,423
hawkins,9006644,0,ᚻᚪᚹᚳᛁᚾᛋ,265
psychic,8991341,0,ᛈᛋᚣᚳᚻᛁᚳ,279
apology,8960628,0,ᚪᛈᚩᛚᚩᚷᚣ,347
nichols,8959131,0,ᚾᛁᚳᚻᚩᛚᛋ,229
asserting,8955598,0,ᚪᛋᛋᛖᚱᛏᛝ,419
alarmed,8953939,0,ᚪᛚᚪᚱᛗᛖᛞ,505
linkage,8948318,0,ᛚᛁᚾᚳᚪᚷᛖ,327
halfway,8931954,0,ᚻᚪᛚᚠᚹᚪᚣ,414
hawaiian,8919175,0,ᚻᚪᚹᚪᛁᛡᚾ,403
cleavage,8911726,0,ᚳᛚᛠᚢᚪᚷᛖ,379
resisting,8905238,0,ᚱᛖᛋᛁᛋᛏᛝ,353
hanover,8902416,0,ᚻᚪᚾᚩᚢᛖᚱ,237
resolving,8901149,0,ᚱᛖᛋᚩᛚᚢᛝ,293
pioneers,8895976,0,ᛈᛡᚾᛖᛖᚱᛋ,377
ottoman,8894469,0,ᚩᛏᛏᚩᛗᚪᚾ,329
matthews,8868018,0,ᛗᚪᛏᚦᛖᚹᛋ,371
referee,8850425,0,ᚱᛖᚠᛖᚱᛖᛖ,292
labours,8839737,0,ᛚᚪᛒᚩᚢᚱᛋ,305
typhoid,8819583,0,ᛏᚣᛈᚻᚩᛁᛞ,355
inhibit,8815275,0,ᛁᚾᚻᛁᛒᛁᛏ,265
salvage,8805937,0,ᛋᚪᛚᚢᚪᚷᛖ,407
hopeful,8801973,0,ᚻᚩᛈᛖᚠᚢᛚ,218
confusing,8793806,0,ᚳᚩᚾᚠᚢᛋᛝ,186
midwest,8792533,0,ᛗᛁᛞᚹᛖᛋᛏ,389
sanders,8786024,0,ᛋᚪᚾᛞᛖᚱᛋ,399
drastic,8765541,0,ᛞᚱᚪᛋᛏᛁᚳ,353
recurring,8763612,0,ᚱᛖᚳᚢᚱᚱᛝ,195
filtering,8751983,0,ᚠᛁᛚᛏᛖᚱᛝ,322
swiftly,8748495,0,ᛋᚹᛁᚠᛏᛚᚣ,340
shelley,8746956,0,ᛋᚻᛖᛚᛚᛖᚣ,459
sadness,8739619,0,ᛋᚪᛞᚾᛖᛋᛋ,441
enlarge,8722770,0,ᛖᚾᛚᚪᚱᚷᛖ,361
denoted,8713136,0,ᛞᛖᚾᚩᛏᛖᛞ,407
fragile,8710311,0,ᚠᚱᚪᚷᛁᛚᛖ,298
dresses,8703230,0,ᛞᚱᛖᛋᛋᛖᛋ,393
ukraine,8669061,0,ᚢᚳᚱᚪᛁᚾᛖ,251
decimal,8647131,0,ᛞᛖᚳᛁᛗᚪᛚ,441
excused,8646819,0,ᛖᛉᚳᚢᛋᛖᛞ,339
queries,8643514,0,ᚳᚹᛖᚱᛁᛖᛋ,261
frowned,8640938,0,ᚠᚱᚩᚹᚾᛖᛞ,224
adhesion,8625853,0,ᚪᛞᚻᛖᛋᛡᚾ,465
harness,8625417,0,ᚻᚪᚱᚾᛖᛋᛋ,333
prussian,8623399,0,ᛈᚱᚢᛋᛋᛡᚾ,299
fullest,8616900,0,ᚠᚢᛚᛚᛖᛋᛏ,330
jeremiah,8616600,0,ᛂᛖᚱᛖᛗᛡᚻ,383
augusta,8615967,0,ᚪᚢᚷᚢᛋᛏᚪ,329
fourier,8603653,0,ᚠᚩᚢᚱᛁᛖᚱ,132
sundays,8600617,0,ᛋᚢᚾᛞᚪᚣᛋ,427
addison,8592481,0,ᚪᛞᛞᛁᛋᚩᚾ,395
revoked,8589439,0,ᚱᛖᚢᚩᚳᛖᛞ,257
olympic,8579835,0,ᚩᛚᚣᛗᛈᛁᚳ,341
concise,8579039,0,ᚳᚩᚾᚳᛁᛋᛖ,213
gateway,8570202,0,ᚷᚪᛏᛖᚹᚪᚣ,459
secrecy,8567517,0,ᛋᛖᚳᚱᛖᚳᚣ,327
straits,8560731,0,ᛋᛏᚱᚪᛁᛏᛋ,363
comrade,8558949,0,ᚳᚩᛗᚱᚪᛞᛖ,355
tungsten,8558352,0,ᛏᚢᛝᛋᛏᛖᚾ,349
geoffrey,8549069,0,ᚷᛇᚠᚠᚱᛖᚣ,243
raleigh,8527511,0,ᚱᚪᛚᛖᛁᚷᚻ,319
freshly,8520991,0,ᚠᚱᛖᛋᚻᛚᚣ,332
signaling,8514105,0,ᛋᛁᚷᚾᚪᛚᛝ,379
pyramid,8504273,0,ᛈᚣᚱᚪᛗᛁᛞ,445
kidneys,8483978,0,ᚳᛁᛞᚾᛖᚣᛋ,385
monkeys,8475449,0,ᛗᚩᚾᚳᛖᚣᛋ,343
deduced,8466473,0,ᛞᛖᛞᚢᚳᛖᛞ,417
grantee,8462827,0,ᚷᚱᚪᚾᛏᛖᛖ,347
ballots,8459713,0,ᛒᚪᛚᛚᚩᛏᛋ,423
statues,8457365,0,ᛋᛏᚪᛏᚢᛖᛋ,391
maximal,8448836,0,ᛗᚪᛉᛁᛗᚪᛚ,487
startling,8441630,0,ᛋᛏᚪᚱᛏᛚᛝ,431
divides,8431069,0,ᛞᛁᚢᛁᛞᛖᛋ,363
lambert,8429247,0,ᛚᚪᛗᛒᛖᚱᛏ,439
conduit,8424531,0,ᚳᚩᚾᛞᚢᛁᛏ,231
removes,8410365,0,ᚱᛖᛗᚩᚢᛖᛋ,279
heartily,8408666,0,ᚻᛠᚱᛏᛁᛚᚣ,409
belfast,8400227,0,ᛒᛖᛚᚠᚪᛋᛏ,412
classed,8386680,0,ᚳᛚᚪᛋᛋᛖᛞ,445
indexed,8374759,0,ᛁᚾᛞᛖᛉᛖᛞ,419
topical,8374334,0,ᛏᚩᛈᛁᚳᚪᛚ,323
wrongful,8374034,0,ᚹᚱᚩᛝᚠᚢᛚ,194
zoology,8348557,0,ᛋᚩᚩᛚᚩᚷᚣ,267
seymour,8340631,0,ᛋᛖᚣᛗᚩᚢᚱ,315
imposes,8338301,0,ᛁᛗᛈᚩᛋᛖᛋ,325
inspire,8338188,0,ᛁᚾᛋᛈᛁᚱᛖ,265
coaches,8336270,0,ᚳᚩᚪᚳᚻᛖᛋ,273
ensures,8327343,0,ᛖᚾᛋᚢᚱᛖᛋ,283
puzzled,8319144,0,ᛈᚢᛋᛋᛚᛖᛞ,381
drowned,8309472,0,ᛞᚱᚩᚹᚾᛖᛞ,311
randall,8309467,0,ᚱᚪᚾᛞᚪᛚᛚ,469
bundles,8309257,0,ᛒᚢᚾᛞᛚᛖᛋ,375
shuttle,8299718,0,ᛋᚻᚢᛏᛏᛚᛖ,337
marines,8298587,0,ᛗᚪᚱᛁᚾᛖᛋ,359
athletes,8265024,0,ᚪᚦᛚᛖᛏᛖᛋ,421
italians,8263198,0,ᛁᛏᚪᛚᛡᚾᛋ,449
yearbook,8261130,0,ᚣᛠᚱᛒᚩᚩᚳ,311
informing,8260793,0,ᛁᚾᚠᚩᚱᛗᛝ,230
defiance,8259992,0,ᛞᛖᚠᛡᚾᚳᛖ,374
carbide,8254375,0,ᚳᚪᚱᛒᛁᛞᛖ,369
conical,8242499,0,ᚳᚩᚾᛁᚳᚪᛚ,263
glacier,8232097,0,ᚷᛚᚪᚳᛁᛖᚱ,309
strokes,8206141,0,ᛋᛏᚱᚩᚳᛖᛋ,263
shipper,8198356,0,ᛋᚻᛁᛈᛈᛖᚱ,271
textual,8196352,0,ᛏᛖᛉᛏᚢᚪᛚ,405
unworthy,8186586,0,ᚢᚾᚹᚩᚱᚦᚣ,177
hancock,8186217,0,ᚻᚪᚾᚳᚩᚳᚳ,195
screamed,8161865,0,ᛋᚳᚱᛠᛗᛖᛞ,413
shirley,8150950,0,ᛋᚻᛁᚱᛚᛖᚣ,361
emitted,8149575,0,ᛖᛗᛁᛏᛏᛖᛞ,443
norwich,8147329,0,ᚾᚩᚱᚹᛁᚳᚻ,133
peptide,8142112,0,ᛈᛖᛈᛏᛁᛞᛖ,399
beverly,8138214,0,ᛒᛖᚢᛖᚱᛚᚣ,385
endured,8137500,0,ᛖᚾᛞᚢᚱᛖᛞ,355
billions,8116299,0,ᛒᛁᛚᛚᛡᚾᛋ,427
exalted,8113533,0,ᛖᛉᚪᛚᛏᛖᛞ,499
concave,8101377,0,ᚳᚩᚾᚳᚪᚢᛖ,229
ingenuity,8080799,0,ᛝᛖᚾᚢᛁᛏᚣ,371
roadway,8071732,0,ᚱᚩᚪᛞᚹᚪᚣ,423
newborn,8071526,0,ᚾᛖᚹᛒᚩᚱᚾ,223
serpent,8068123,0,ᛋᛖᚱᛈᛖᚾᛏ,329
flashed,8063427,0,ᚠᛚᚪᛋᚻᛖᛞ,404
isotope,8055210,0,ᛁᛋᚩᛏᚩᛈᛖ,267
informs,8054220,0,ᛁᚾᚠᚩᚱᛗᛋ,204
firstly,8054213,0,ᚠᛁᚱᛋᛏᛚᚣ,332
rollers,8051059,0,ᚱᚩᛚᛚᛖᚱᛋ,295
extinct,8050866,0,ᛖᛉᛏᛁᚾᚳᛏ,305
impetus,8042168,0,ᛁᛗᛈᛖᛏᚢᛋ,327
thinkers,8041461,0,ᚦᛁᚾᚳᛖᚱᛋ,209
bracket,8035832,0,ᛒᚱᚪᚳᚳᛖᛏ,321
musician,8034906,0,ᛗᚢᛋᛁᚳᛡᚾ,307
hardening,8023414,0,ᚻᚪᚱᛞᛖᚾᛝ,395
strands,8021430,0,ᛋᛏᚱᚪᚾᛞᛋ,391
awakening,8002505,0,ᚪᚹᚪᚳᛖᚾᛝ,401
stringent,7999863,0,ᛋᛏᚱᛝᛖᚾᛏ,357
mentioning,7994961,0,ᛗᛖᚾᛏᛡᚾᛝ,441
stature,7990917,0,ᛋᛏᚪᛏᚢᚱᛖ,349
disgust,7977013,0,ᛞᛁᛋᚷᚢᛋᛏ,305
commend,7969280,0,ᚳᚩᛗᛗᛖᚾᛞ,347
scratch,7961531,0,ᛋᚳᚱᚪᛏᚳᚻ,269
berries,7957103,0,ᛒᛖᚱᚱᛁᛖᛋ,301
flooded,7942824,0,ᚠᛚᚩᚩᛞᛖᛞ,334
allusion,7941493,0,ᚪᛚᛚᚢᛋᛡᚾ,435
whistle,7937851,0,ᚹᚻᛁᛋᛏᛚᛖ,325
bubbles,7913495,0,ᛒᚢᛒᛒᛚᛖᛋ,379
thoracic,7886711,0,ᚦᚩᚱᚪᚳᛁᚳ,177
advisor,7885676,0,ᚪᛞᚢᛁᛋᚩᚱ,291
whitman,7876415,0,ᚹᚻᛁᛏᛗᚪᚾ,329
obesity,7874554,0,ᚩᛒᛖᛋᛁᛏᚣ,381
cousins,7870687,0,ᚳᚩᚢᛋᛁᚾᛋ,189
crimson,7870166,0,ᚳᚱᛁᛗᛋᚩᚾ,215
guessed,7862596,0,ᚷᚢᛖᛋᛋᛖᛞ,349
rhodesia,7861700,0,ᚱᚻᚩᛞᛖᛋᛡ,357
modeled,7856542,0,ᛗᚩᛞᛖᛚᛖᛞ,463
onwards,7854186,0,ᚩᚾᚹᚪᚱᛞᛋ,305
isolate,7851869,0,ᛁᛋᚩᛚᚪᛏᛖ,387
lantern,7836383,0,ᛚᚪᚾᛏᛖᚱᚾ,365
debated,7835901,0,ᛞᛖᛒᚪᛏᛖᛞ,529
assigning,7833815,0,ᚪᛋᛋᛁᚷᚾᛝ,359
knowingly,7830546,0,ᚳᚾᚩᚹᛝᛚᚣ,323
avenues,7822793,0,ᚪᚢᛖᚾᚢᛖᛋ,319
theorists,7816641,0,ᚦᛇᚱᛁᛋᛏᛋ,253
agrarian,7814207,0,ᚪᚷᚱᚪᚱᛡᚾ,369
vinegar,7803988,0,ᚢᛁᚾᛖᚷᚪᚱ,255
cascade,7801830,0,ᚳᚪᛋᚳᚪᛞᛖ,429
luncheon,7800553,0,ᛚᚢᚾᚳᚻᛇᚾ,211
attaining,7798814,0,ᚪᛏᛏᚪᛁᚾᛝ,451
recruit,7797994,0,ᚱᛖᚳᚱᚢᛁᛏ,195
anomaly,7768697,0,ᚪᚾᚩᛗᚪᛚᚣ,477
tunnels,7757966,0,ᛏᚢᚾᚾᛖᛚᛋ,313
collier,7749389,0,ᚳᚩᛚᛚᛁᛖᚱ,275
kinship,7747455,0,ᚳᛁᚾᛋᚻᛁᛈ,223
donation,7747025,0,ᛞᚩᚾᚪᛏᛡᚾ,417
simmons,7742629,0,ᛋᛁᛗᛗᚩᚾᛋ,315
ethylene,7739103,0,ᛖᚦᚣᛚᛖᚾᛖ,411
epistle,7739026,0,ᛖᛈᛁᛋᛏᛚᛖ,393
iceland,7726651,0,ᛁᚳᛖᛚᚪᚾᛞ,399
manhood,7719781,0,ᛗᚪᚾᚻᚩᚩᛞ,323
alumina,7713580,0,ᚪᛚᚢᛗᛁᚾᚪ,401
bilingual,7713018,0,ᛒᛁᛚᛝᚢᚪᛚ,417
catheter,7712378,0,ᚳᚪᚦᛖᛏᛖᚱ,319
stuffed,7708304,0,ᛋᛏᚢᚠᚠᛖᛞ,275
exporting,7707065,0,ᛖᛉᛈᚩᚱᛏᛝ,313
cabbage,7696406,1,ᚳᚪᛒᛒᚪᚷᛖ,413
reversing,7693979,0,ᚱᛖᚢᛖᚱᛋᛝ,291
servicing,7693442,0,ᛋᛖᚱᚢᛁᚳᛝ,257
intending,7688135,0,ᛁᚾᛏᛖᚾᛞᛝ,383
firearms,7684606,0,ᚠᛁᚱᛠᚱᛗᛋ,288
grasped,7678916,0,ᚷᚱᚪᛋᛈᛖᛞ,377
rebuilt,7669418,0,ᚱᛖᛒᚢᛁᛚᛏ,305
summers,7667582,0,ᛋᚢᛗᛗᛖᚱᛋ,329
formats,7658883,0,ᚠᚩᚱᛗᚪᛏᛋ,300
manuals,7656937,0,ᛗᚪᚾᚢᚪᛚᛋ,423
brushed,7645906,0,ᛒᚱᚢᛋᚻᛖᛞ,307
squeeze,7644260,0,ᛋᚳᚹᛖᛖᛋᛖ,339
formulae,7643014,0,ᚠᚩᚱᛗᚢᛚᚫ,268
winners,7641668,0,ᚹᛁᚾᚾᛖᚱᛋ,239
finnish,7639207,0,ᚠᛁᚾᚾᛁᛋᚻ,198
butcher,7633590,0,ᛒᚢᛏᚳᚻᛖᚱ,237
widened,7632264,0,ᚹᛁᛞᛖᚾᛖᛞ,391
warwick,7628888,0,ᚹᚪᚱᚹᛁᚳᚳ,203
unloading,7621249,0,ᚢᚾᛚᚩᚪᛞᛝ,377
approving,7616500,0,ᚪᛈᛈᚱᚩᚢᛝ,283
redress,7611098,0,ᚱᛖᛞᚱᛖᛋᛋ,351
scatter,7608580,0,ᛋᚳᚪᛏᛏᛖᚱ,359
blended,7608188,0,ᛒᛚᛖᚾᛞᛖᛞ,475
cadmium,7606169,0,ᚳᚪᛞᛗᛁᚢᛗ,375
crossings,7602582,0,ᚳᚱᚩᛋᛋᛝᛋ,269
adrenal,7595145,0,ᚪᛞᚱᛖᚾᚪᛚ,463
archive,7586557,0,ᚪᚱᚳᚻᛁᚢᛖ,245
willard,7580368,0,ᚹᛁᛚᛚᚪᚱᛞ,393
deserving,7576745,0,ᛞᛖᛋᛖᚱᚢᛝ,369
reasoned,7574335,0,ᚱᛠᛋᚩᚾᛖᛞ,365
salient,7563949,0,ᛋᚪᛚᛁᛖᚾᛏ,409
numbering,7560105,0,ᚾᚢᛗᛒᛖᚱᛝ,321
leukemia,7559748,0,ᛚᛖᚢᚳᛖᛗᛡ,401
laborer,7549131,0,ᛚᚪᛒᚩᚱᛖᚱ,327
coconut,7541776,0,ᚳᚩᚳᚩᚾᚢᛏ,131
goodman,7540883,0,ᚷᚩᚩᛞᛗᚪᚾ,317
griffith,7537985,0,ᚷᚱᛁᚠᚠᛁᚦ,99
entropy,7537127,0,ᛖᚾᛏᚱᚩᛈᚣ,319
pitched,7524162,0,ᛈᛁᛏᚳᚻᛖᛞ,325
babylon,7508043,0,ᛒᚪᛒᚣᛚᚩᚾ,431
densely,7497427,0,ᛞᛖᚾᛋᛖᛚᚣ,481
baskets,7492325,0,ᛒᚪᛋᚳᛖᛏᛋ,403
convict,7485453,0,ᚳᚩᚾᚢᛁᚳᛏ,155
compose,7468348,0,ᚳᚩᛗᛈᚩᛋᛖ,261
richest,7464281,0,ᚱᛁᚳᚻᛖᛋᛏ,257
launching,7462279,0,ᛚᚪᚢᚾᚳᚻᛝ,317
leipzig,7461336,0,ᛚᛖᛁᛈᛋᛁᚷ,315
exertion,7457787,0,ᛖᛉᛖᚱᛏᛡᚾ,387
vaginal,7453676,0,ᚢᚪᚷᛁᚾᚪᛚ,347
stanton,7452547,0,ᛋᛏᚪᚾᛏᚩᚾ,333
abscess,7451074,0,ᚪᛒᛋᚳᛖᛋᛋ,397
alleges,7447481,0,ᚪᛚᛚᛖᚷᛖᛋ,447
catches,7446287,0,ᚳᚪᛏᚳᚻᛖᛋ,325
strauss,7446068,0,ᛋᛏᚱᚪᚢᛋᛋ,329
signify,7443886,0,ᛋᛁᚷᚾᛁᚠᚣ,266
composing,7440633,0,ᚳᚩᛗᛈᚩᛋᛝ,273
lindsay,7437851,0,ᛚᛁᚾᛞᛋᚪᚣ,475
grantor,7433364,0,ᚷᚱᚪᚾᛏᚩᚱ,231
vatican,7424097,0,ᚢᚪᛏᛁᚳᚪᚾ,329
importing,7410465,0,ᛁᛗᛈᚩᚱᛏᛝ,301
thankful,7408243,0,ᚦᚪᚾᚳᚠᚢᛚ,222
santiago,7403182,0,ᛋᚪᚾᛏᛡᚷᚩ,369
entails,7397765,0,ᛖᚾᛏᚪᛁᛚᛋ,409
attaching,7394761,0,ᚪᛏᛏᚪᚳᚻᛝ,427
arrests,7326020,0,ᚪᚱᚱᛖᛋᛏᛋ,351
drifted,7321283,0,ᛞᚱᛁᚠᛏᛖᛞ,348
ferrous,7319646,0,ᚠᛖᚱᚱᚩᚢᛋ,154
etiology,7303809,0,ᛖᛏᛡᛚᚩᚷᚣ,433
gardening,7297323,0,ᚷᚪᚱᛞᛖᚾᛝ,389
procuring,7291775,0,ᛈᚱᚩᚳᚢᚱᛝ,167
uruguay,7261006,0,ᚢᚱᚢᚷᚢᚪᚣ,237
happier,7257308,0,ᚻᚪᛈᛈᛁᛖᚱ,315
emulsion,7256161,0,ᛖᛗᚢᛚᛋᛡᚾ,403
recited,7250601,0,ᚱᛖᚳᛁᛏᛖᛞ,337
garrett,7239217,0,ᚷᚪᚱᚱᛖᛏᛏ,321
stripes,7238214,0,ᛋᛏᚱᛁᛈᛖᛋ,317
stratum,7232277,0,ᛋᛏᚱᚪᛏᚢᛗ,353
rejects,7216327,0,ᚱᛖᛂᛖᚳᛏᛋ,307
skinner,7213464,0,ᛋᚳᛁᚾᚾᛖᚱ,233
thornton,7206555,0,ᚦᚩᚱᚾᛏᚩᚾ,147
deceive,7203124,0,ᛞᛖᚳᛖᛁᚢᛖ,337
tenancy,7201573,0,ᛏᛖᚾᚪᚾᚳᚣ,397
flushed,7199641,0,ᚠᛚᚢᛋᚻᛖᛞ,310
wilhelm,7195897,0,ᚹᛁᛚᚻᛖᛚᛗ,357
discern,7194082,0,ᛞᛁᛋᚳᛖᚱᚾ,293
burgess,7193960,0,ᛒᚢᚱᚷᛖᛋᛋ,265
methanol,7184755,0,ᛗᛖᚦᚪᚾᚩᛚ,349
winters,7168802,0,ᚹᛁᚾᛏᛖᚱᛋ,269
ecuador,7166150,0,ᛖᚳᚢᚪᛞᚩᚱ,287
rousseau,7163208,0,ᚱᚩᚢᛋᛋᛠᚢ,239
pointer,7159962,0,ᛈᚩᛁᚾᛏᛖᚱ,247
poetical,7159230,0,ᛈᛟᛏᛁᚳᚪᛚ,399
inspiring,7158574,0,ᛁᚾᛋᛈᛁᚱᛝ,277
jehovah,7158515,0,ᛂᛖᚻᚩᚢᚪᚻ,257
embryos,7149812,0,ᛖᛗᛒᚱᚣᚩᛋ,373
especial,7149336,0,ᛖᛋᛈᛖᚳᛡᛚ,423
mustard,7147488,0,ᛗᚢᛋᛏᚪᚱᛞ,383
withhold,7140289,0,ᚹᛁᚦᚻᚩᛚᛞ,247
eruption,7124555,0,ᛖᚱᚢᛈᛏᛡᚾ,319
abolish,7122471,0,ᚪᛒᚩᛚᛁᛋᚻ,345
potomac,7121710,0,ᛈᚩᛏᚩᛗᚪᚳ,297
brittle,7118041,0,ᛒᚱᛁᛏᛏᛚᛖ,361
prefers,7117959,0,ᛈᚱᛖᚠᛖᚱᛋ,254
dictate,7117215,0,ᛞᛁᚳᛏᚪᛏᛖ,415
dentist,7115996,0,ᛞᛖᚾᛏᛁᛋᛏ,387
conquer,7115672,0,ᚳᚩᚾᚳᚹᛖᚱ,159
bullets,7114591,0,ᛒᚢᛚᛚᛖᛏᛋ,389
draught,7103489,0,ᛞᚱᚪᚢᚷᚻᛏ,299
analyse,7098372,0,ᚪᚾᚪᛚᚣᛋᛖ,519
airways,7096139,0,ᚪᛁᚱᚹᚪᚣᛋ,411
trumpet,7085666,0,ᛏᚱᚢᛗᛈᛖᛏ,313
subdued,7079355,0,ᛋᚢᛒᛞᚢᛖᛞ,365
impending,7075007,0,ᛁᛗᛈᛖᚾᛞᛝ,409
indulge,7067856,0,ᛁᚾᛞᚢᛚᚷᛖ,309
behaved,7063254,0,ᛒᛖᚻᚪᚢᛖᛞ,407
regents,7055426,0,ᚱᛖᚷᛖᚾᛏᛋ,303
trenton,7034982,0,ᛏᚱᛖᚾᛏᚩᚾ,261
adhered,7031667,0,ᚪᛞᚻᛖᚱᛖᛞ,443
imitate,7031145,0,ᛁᛗᛁᛏᚪᛏᛖ,415
orlando,7023059,0,ᚩᚱᛚᚪᚾᛞᚩ,313
debtors,7019913,0,ᛞᛖᛒᛏᚩᚱᛋ,347
branching,7014958,0,ᛒᚱᚪᚾᚳᚻᛝ,313
rivalry,7007142,0,ᚱᛁᚢᚪᛚᚱᚣ,329
centred,6995087,0,ᚳᛖᚾᛏᚱᛖᛞ,335
donated,6986239,0,ᛞᚩᚾᚪᛏᛖᛞ,437
empress,6965899,0,ᛖᛗᛈᚱᛖᛋᛋ,365
eclipse,6958730,0,ᛖᚳᛚᛁᛈᛋᛖ,347
packets,6953286,0,ᛈᚪᚳᚳᛖᛏᛋ,345
benches,6943912,0,ᛒᛖᚾᚳᚻᛖᛋ,313
biennial,6941265,0,ᛒᛁᛖᚾᚾᛡᛚ,397
shannon,6903440,0,ᛋᚻᚪᚾᚾᚩᚾ,267
dancers,6898704,0,ᛞᚪᚾᚳᛖᚱᛋ,359
adorned,6887836,0,ᚪᛞᚩᚱᚾᛖᛞ,389
blossom,6887702,0,ᛒᛚᚩᛋᛋᚩᛗ,325
hubbard,6886762,0,ᚻᚢᛒᛒᚪᚱᛞ,345
insisting,6884895,0,ᛁᚾᛋᛁᛋᛏᛝ,335
targeting,6874573,0,ᛏᚪᚱᚷᛖᛏᛝ,389
pilgrim,6871813,1,ᛈᛁᛚᚷᚱᛁᛗ,277
cohesion,6869588,0,ᚳᚩᚻᛖᛋᛡᚾ,299
actress,6858345,0,ᚪᚳᛏᚱᛖᛋᛋ,353
escapes,6852168,0,ᛖᛋᚳᚪᛈᛖᛋ,393
spouses,6848888,0,ᛋᛈᚩᚢᛋᛖᛋ,279
floated,6847575,0,ᚠᛚᚩᚪᛏᛖᛞ,394
posters,6847357,0,ᛈᚩᛋᛏᛖᚱᛋ,293
hybrids,6847344,0,ᚻᚣᛒᚱᛁᛞᛋ,371
affording,6829891,0,ᚪᚠᚠᚩᚱᛞᛝ,287
protons,6829408,0,ᛈᚱᚩᛏᚩᚾᛋ,209
spacious,6824530,0,ᛋᛈᚪᚳᛡᚢᛋ,369
decreed,6793283,0,ᛞᛖᚳᚱᛖᛖᛞ,403
console,6788857,0,ᚳᚩᚾᛋᚩᛚᛖ,249
initiating,6785349,0,ᛁᚾᛁᛏᛡᛏᛝ,395
induces,6782276,0,ᛁᚾᛞᚢᚳᛖᛋ,285
brushes,6779108,0,ᛒᚱᚢᛋᚻᛖᛋ,271
preamble,6777184,0,ᛈᚱᛠᛗᛒᛚᛖ,435
totaled,6767103,0,ᛏᚩᛏᚪᛚᛖᛞ,451
dementia,6755859,0,ᛞᛖᛗᛖᚾᛏᛡ,489
haunted,6751633,0,ᚻᚪᚢᚾᛏᛖᛞ,367
awaited,6745615,0,ᚪᚹᚪᛁᛏᛖᛞ,459
invites,6741352,0,ᛁᚾᚢᛁᛏᛖᛋ,273
matured,6741314,0,ᛗᚪᛏᚢᚱᛖᛞ,397
allison,6720991,0,ᚪᛚᛚᛁᛋᚩᚾ,363
hallway,6713692,0,ᚻᚪᛚᛚᚹᚪᚣ,485
effecting,6695535,0,ᛖᚠᚠᛖᚳᛏᛝ,289
kashmir,6694561,0,ᚳᚪᛋᚻᛗᛁᚱ,299
firemen,6693369,0,ᚠᛁᚱᛖᛗᛖᚾ,278
enclosing,6691828,0,ᛖᚾᚳᛚᚩᛋᛝ,321
diabetic,6677585,0,ᛞᛡᛒᛖᛏᛁᚳ,427
gaussian,6671750,0,ᚷᚪᚢᛋᛋᛡᚾ,359
gorgeous,6669531,0,ᚷᚩᚱᚷᛇᚢᛋ,149
caustic,6662764,0,ᚳᚪᚢᛋᛏᛁᚳ,269
italics,6659399,0,ᛁᛏᚪᛚᛁᚳᛋ,357
annoyed,6654449,0,ᚪᚾᚾᚩᚣᛖᛞ,421
beatrice,6653755,0,ᛒᛠᛏᚱᛁᚳᛖ,351
recalling,6637040,0,ᚱᛖᚳᚪᛚᛚᛝ,413
rescued,6636011,0,ᚱᛖᛋᚳᚢᛖᛞ,303
tanzania,6633608,0,ᛏᚪᚾᛋᚪᚾᛡ,471
threatens,6633097,0,ᚦᚱᛠᛏᛖᚾᛋ,333
genital,6633056,0,ᚷᛖᚾᛁᛏᚪᛚ,373
nodules,6628627,0,ᚾᚩᛞᚢᛚᛖᛋ,321
orifice,6627195,0,ᚩᚱᛁᚠᛁᚳᛖ,162
expires,6626396,0,ᛖᛉᛈᛁᚱᛖᛋ,319
garland,6621639,0,ᚷᚪᚱᛚᚪᚾᛞ,413
sleeves,6618678,0,ᛋᛚᛖᛖᚢᛖᛋ,383
pierced,6608448,0,ᛈᛁᛖᚱᚳᛖᛞ,321
voyages,6607625,0,ᚢᚩᚣᚪᚷᛖᛋ,347
cricket,6601847,0,ᚳᚱᛁᚳᚳᛖᛏ,207
proudly,6597011,0,ᛈᚱᚩᚢᛞᛚᚣ,329
lottery,6588799,0,ᛚᚩᛏᛏᛖᚱᚣ,379
chaucer,6583199,0,ᚳᚻᚪᚢᚳᛖᚱ,227
reagents,6572926,0,ᚱᛠᚷᛖᚾᛏᛋ,345
mergers,6571218,0,ᛗᛖᚱᚷᛖᚱᛋ,297
acidity,6567378,0,ᚪᚳᛁᛞᛁᛏᚣ,423
cambodia,6565639,0,ᚳᚪᛗᛒᚩᛞᛡ,445
invoice,6565240,0,ᛁᚾᚢᚩᛁᚳᛖ,181
factions,6554522,0,ᚠᚪᚳᛏᛡᚾᛋ,360
giovanni,6553398,0,ᚷᛡᚢᚪᚾᚾᛁ,313
orphans,6544662,0,ᚩᚱᛈᚻᚪᚾᛋ,263
fastest,6542932,0,ᚠᚪᛋᛏᛖᛋᛏ,390
sunrise,6537955,0,ᛋᚢᚾᚱᛁᛋᛖ,247
viewers,6532286,0,ᚢᛁᛖᚹᛖᚱᛋ,251
lenders,6521968,0,ᛚᛖᚾᛞᛖᚱᛋ,389
bastard,6519281,0,ᛒᚪᛋᛏᚪᚱᛞ,467
courier,6518926,0,ᚳᚩᚢᚱᛁᛖᚱ,143
easterly,6514080,0,ᛠᛋᛏᛖᚱᛚᚣ,475
poorest,6513504,0,ᛈᚩᚩᚱᛖᛋᛏ,247
showers,6508589,0,ᛋᚻᚩᚹᛖᚱᛋ,233
sinners,6503434,0,ᛋᛁᚾᚾᛖᚱᛋ,273
trimmed,6495866,0,ᛏᚱᛁᛗᛗᛖᛞ,399
vocation,6492387,0,ᚢᚩᚳᚪᛏᛡᚾ,315
higgins,6485757,0,ᚻᛁᚷᚷᛁᚾᛋ,201
censure,6485035,0,ᚳᛖᚾᛋᚢᚱᛖ,243
recipes,6470548,0,ᚱᛖᚳᛁᛈᛖᛋ,285
grooves,6460496,0,ᚷᚱᚩᚩᚢᛖᛋ,165
watkins,6454601,0,ᚹᚪᛏᚳᛁᚾᛋ,301
relieving,6434469,0,ᚱᛖᛚᛁᛖᚢᛝ,331
violates,6427688,0,ᚢᛡᛚᚪᛏᛖᛋ,459
bromide,6412012,0,ᛒᚱᚩᛗᛁᛞᛖ,337
quicker,6410600,0,ᚳᚹᛁᚳᚳᛖᚱ,167
armenian,6408995,0,ᚪᚱᛗᛖᚾᛡᚾ,411
pathetic,6400745,0,ᛈᚪᚦᛖᛏᛁᚳ,315
coinage,6399501,0,ᚳᚩᛁᚾᚪᚷᛖ,261
vacated,6395814,0,ᚢᚪᚳᚪᛏᛖᛞ,425
bothered,6391330,0,ᛒᚩᚦᛖᚱᛖᛞ,307
harbors,6373649,0,ᚻᚪᚱᛒᚩᚱᛋ,263
albumin,6372151,0,ᚪᛚᛒᚢᛗᛁᚾ,365
upgrade,6371669,0,ᚢᛈᚷᚱᚪᛞᛖ,327
sparkling,6371101,0,ᛋᛈᚪᚱᚳᛚᛝ,369
murders,6363837,0,ᛗᚢᚱᛞᛖᚱᛋ,305
whiskey,6363140,0,ᚹᚻᛁᛋᚳᛖᚣ,309
venetian,6352456,0,ᚢᛖᚾᛖᛏᛡᚾ,361
vaguely,6346367,0,ᚢᚪᚷᚢᛖᛚᚣ,363
crusade,6327094,0,ᚳᚱᚢᛋᚪᛞᛖ,333
ditches,6321418,0,ᛞᛁᛏᚳᚻᛖᛋ,335
marxism,6318667,0,ᛗᚪᚱᛉᛁᛋᛗ,381
disposing,6307189,0,ᛞᛁᛋᛈᚩᛋᛝ,355
affixed,6302826,0,ᚪᚠᚠᛁᛉᛖᛞ,335
plywood,6289692,0,ᛈᛚᚣᚹᚩᚩᛞ,341
kathleen,6283413,0,ᚳᚪᚦᛚᛖᛖᚾ,351
faintly,6282772,0,ᚠᚪᛁᚾᛏᛚᚣ,394
atrophy,6281105,0,ᚪᛏᚱᚩᛈᚻᚣ,343
bottoms,6226578,0,ᛒᚩᛏᛏᚩᛗᛋ,317
powders,6217186,0,ᛈᚩᚹᛞᛖᚱᛋ,289
entitle,6212883,0,ᛖᚾᛏᛁᛏᛚᛖ,385
ensured,6210725,0,ᛖᚾᛋᚢᚱᛖᛞ,319
enclose,6204092,0,ᛖᚾᚳᛚᚩᛋᛖ,309
cyanide,6196516,0,ᚳᚣᚪᚾᛁᛞᛖ,429
educating,6187711,0,ᛖᛞᚢᚳᚪᛏᛝ,407
rotated,6187140,0,ᚱᚩᛏᚪᛏᛖᛞ,389
engravings,6185005,0,ᛖᛝᚱᚪᚢᛝᛋ,389
viscous,6179010,0,ᚢᛁᛋᚳᚩᚢᛋ,163
potency,6168867,0,ᛈᚩᛏᛖᚾᚳᚣ,321
complying,6165679,0,ᚳᚩᛗᛈᛚᚣᛝ,389
lexical,6153677,0,ᛚᛖᛉᛁᚳᚪᛚ,401
deborah,6150524,0,ᛞᛖᛒᚩᚱᚪᚻ,355
miranda,6149399,0,ᛗᛁᚱᚪᚾᛞᚪ,425
equator,6143162,0,ᛖᚳᚹᚪᛏᚩᚱ,273
chaotic,6138720,0,ᚳᚻᚪᚩᛏᛁᚳ,243
beetles,6135543,0,ᛒᛖᛖᛏᛚᛖᛋ,447
wilkins,6118919,0,ᚹᛁᛚᚳᛁᚾᛋ,249
outreach,6118141,0,ᚩᚢᛏᚱᛠᚳᚻ,225
depicts,6118139,0,ᛞᛖᛈᛁᚳᛏᛋ,355
archaic,6116751,0,ᚪᚱᚳᚻᚪᛁᚳ,285
alluvial,6116535,0,ᚪᛚᛚᚢᚢᛡᛚ,429
robbins,6116201,0,ᚱᚩᛒᛒᛁᚾᛋ,253
vaughan,6114940,0,ᚢᚪᚢᚷᚻᚪᚾ,269
puritan,6113842,0,ᛈᚢᚱᛁᛏᚪᚾ,273
meredith,6107876,0,ᛗᛖᚱᛖᛞᛁᚦ,341
rentals,6107771,0,ᚱᛖᚾᛏᚪᛚᛋ,389
daytime,6102999,0,ᛞᚪᚣᛏᛁᛗᛖ,517
prepaid,6101038,0,ᛈᚱᛖᛈᚪᛁᛞ,381
rhythmic,6099445,0,ᚱᚻᚣᚦᛗᛁᚳ,257
osborne,6098536,0,ᚩᛋᛒᚩᚱᚾᛖ,235
nigerian,6096641,0,ᚾᛁᚷᛖᚱᛡᚾ,291
expands,6092123,0,ᛖᛉᛈᚪᚾᛞᛋ,425
phillip,6091451,0,ᛈᚻᛁᛚᛚᛁᛈ,317
sighted,6086139,0,ᛋᛁᚷᚻᛏᛖᛞ,339
aquifer,6085611,0,ᚪᚳᚹᛁᚠᛖᚱ,240
bacilli,6083500,0,ᛒᚪᚳᛁᛚᛚᛁ,379
endemic,6082965,0,ᛖᚾᛞᛖᛗᛁᚳ,367
antennae,6066033,0,ᚪᚾᛏᛖᚾᚾᚫ,411
goodbye,6063602,0,ᚷᚩᚩᛞᛒᚣᛖ,351
affirming,6062749,0,ᚪᚠᚠᛁᚱᛗᛝ,293
bequest,6061702,0,ᛒᛖᚳᚹᛖᛋᛏ,339
crooked,6056660,0,ᚳᚱᚩᚩᚳᛖᛞ,207
pauline,6054271,0,ᛈᚪᚢᛚᛁᚾᛖ,343
dialects,6053395,0,ᛞᛡᛚᛖᚳᛏᛋ,461
insular,6051408,0,ᛁᚾᛋᚢᛚᚪᚱ,297
retinal,6046022,0,ᚱᛖᛏᛁᚾᚪᛚ,367
provoke,6044854,0,ᛈᚱᚩᚢᚩᚳᛖ,151
luggage,6043810,0,ᛚᚢᚷᚷᚪᚷᛖ,291
oysters,6042719,0,ᚩᚣᛋᛏᛖᚱᛋ,353
whipped,6038391,0,ᚹᚻᛁᛈᛈᛖᛞ,315
illicit,6037440,0,ᛁᛚᛚᛁᚳᛁᛏ,311
worries,6031610,0,ᚹᚩᚱᚱᛁᛖᛋ,199
massage,6025843,0,ᛗᚪᛋᛋᚪᚷᛖ,455
cutters,6024165,0,ᚳᚢᛏᛏᛖᚱᛋ,265
pebbles,6023921,0,ᛈᛖᛒᛒᛚᛖᛋ,425
calhoun,6020872,0,ᚳᚪᛚᚻᚩᚢᚾ,245
beauties,6019870,0,ᛒᛠᚢᛏᛁᛖᛋ,383
coupons,6019687,0,ᚳᚩᚢᛈᚩᚾᛋ,155
outrage,6018575,0,ᚩᚢᛏᚱᚪᚷᛖ,261
praises,6015791,0,ᛈᚱᚪᛁᛋᛖᛋ,355
fascist,6015425,0,ᚠᚪᛋᚳᛁᛋᛏ,308
pretext,6007441,0,ᛈᚱᛖᛏᛖᛉᛏ,353
commune,6006263,0,ᚳᚩᛗᛗᚢᚾᛖ,261
carlyle,6002871,0,ᚳᚪᚱᛚᚣᛚᛖ,437
arsenal,5983547,0,ᚪᚱᛋᛖᚾᚪᛚ,427
modesty,5983163,0,ᛗᚩᛞᛖᛋᛏᚣ,449
servers,5982606,0,ᛋᛖᚱᚢᛖᚱᛋ,265
overlying,5980452,0,ᚩᚢᛖᚱᛚᚣᛝ,343
bordering,5972377,0,ᛒᚩᚱᛞᛖᚱᛝ,325
idealism,5972005,0,ᛁᛞᛠᛚᛁᛋᛗ,457
stunned,5970173,0,ᛋᛏᚢᚾᚾᛖᛞ,329
manages,5970064,0,ᛗᚪᚾᚪᚷᛖᛋ,431
severed,5969513,0,ᛋᛖᚢᛖᚱᛖᛞ,357
updates,5959776,0,ᚢᛈᛞᚪᛏᛖᛋ,411
helpers,5959585,0,ᚻᛖᛚᛈᛖᚱᛋ,337
savages,5956928,0,ᛋᚪᚢᚪᚷᛖᛋ,387
offending,5953433,0,ᚩᚠᚠᛖᚾᛞᛝ,275
acetone,5952166,0,ᚪᚳᛖᛏᚩᚾᛖ,339
refunds,5950303,0,ᚱᛖᚠᚢᚾᛞᛋ,254
remnant,5944695,0,ᚱᛖᛗᚾᚪᚾᛏ,363
horrors,5942984,0,ᚻᚩᚱᚱᚩᚱᛋ,123
keepers,5942539,0,ᚳᛖᛖᛈᛖᚱᛋ,321
sorghum,5939374,0,ᛋᚩᚱᚷᚻᚢᛗ,185
spoiled,5937582,0,ᛋᛈᚩᛁᛚᛖᛞ,363
endorse,5933440,0,ᛖᚾᛞᚩᚱᛋᛖ,323
whitish,5932143,0,ᚹᚻᛁᛏᛁᛋᚻ,239
daniels,5928236,0,ᛞᚪᚾᛁᛖᛚᛋ,439
polishing,5925331,0,ᛈᚩᛚᛁᛋᚻᛝ,309
marshes,5921381,0,ᛗᚪᚱᛋᚻᛖᛋ,375
stately,5917211,0,ᛋᛏᚪᛏᛖᛚᚣ,511
annular,5916815,0,ᚪᚾᚾᚢᛚᚪᚱ,339
balcony,5906600,0,ᛒᚪᛚᚳᚩᚾᚣ,383
readable,5902442,0,ᚱᛠᛞᚪᛒᛚᛖ,507
pirates,5900978,0,ᛈᛁᚱᚪᛏᛖᛋ,361
falsely,5892341,0,ᚠᚪᛚᛋᛖᛚᚣ,468
realizes,5886911,0,ᚱᛠᛚᛁᛋᛖᛋ,397
sprayed,5884464,0,ᛋᛈᚱᚪᚣᛖᛞ,463
breeder,5884417,0,ᛒᚱᛖᛖᛞᛖᚱ,373
curator,5882756,0,ᚳᚢᚱᚪᛏᚩᚱ,201
groupings,5879615,0,ᚷᚱᚩᚢᛈᛝᛋ,213
triangles,5874626,0,ᛏᚱᛡᛝᛚᛖᛋ,449
tropics,5873901,0,ᛏᚱᚩᛈᛁᚳᛋ,217
pancreas,5872954,0,ᛈᚪᚾᚳᚱᛠᛋ,355
goodwin,5870645,0,ᚷᚩᚩᛞᚹᛁᚾ,199
trolley,5870504,0,ᛏᚱᚩᛚᛚᛖᚣ,393
lawsuit,5868614,0,ᛚᚪᚹᛋᚢᛁᛏ,335
heroine,5864040,0,ᚻᛖᚱᚩᛁᚾᛖ,235
cologne,5860278,0,ᚳᚩᛚᚩᚷᚾᛖ,213
sheldon,5850165,0,ᛋᚻᛖᛚᛞᚩᚾ,341
vintage,5847079,0,ᚢᛁᚾᛏᚪᚷᛖ,303
stadium,5841911,0,ᛋᛏᚪᛞᛁᚢᛗ,403
rewarding,5828688,0,ᚱᛖᚹᚪᚱᛞᛝ,373
rigidly,5823957,0,ᚱᛁᚷᛁᛞᛚᚣ,355
amherst,5822314,0,ᚪᛗᚻᛖᚱᛋᛏ,381
mediator,5818000,0,ᛗᛖᛞᛡᛏᚩᚱ,411
leaflets,5811671,0,ᛚᛠᚠᛚᛖᛏᛋ,436
chilled,5811475,0,ᚳᚻᛁᛚᛚᛖᛞ,369
bondage,5803275,0,ᛒᚩᚾᛞᚪᚷᛖ,367
lifelong,5794350,0,ᛚᛁᚠᛖᛚᚩᛝ,332
perfume,5790215,0,ᛈᛖᚱᚠᚢᛗᛖ,264
modular,5785978,1,ᛗᚩᛞᚢᛚᚪᚱ,351
stripping,5777761,0,ᛋᛏᚱᛁᛈᛈᛝ,319
punched,5777581,0,ᛈᚢᚾᚳᚻᛖᛞ,267
antwerp,5769384,0,ᚪᚾᛏᚹᛖᚱᛈ,325
capturing,5767992,0,ᚳᚪᛈᛏᚢᚱᛝ,305
immoral,5761658,0,ᛁᛗᛗᚩᚱᚪᛚ,361
doppler,5758598,0,ᛞᚩᛈᛈᛚᛖᚱ,333
hartley,5753410,0,ᚻᚪᚱᛏᛚᛖᚣ,433
sixties,5745022,0,ᛋᛁᛉᛏᛁᛖᛋ,341
handler,5738722,0,ᚻᚪᚾᛞᛚᛖᚱ,389
hardest,5736915,0,ᚻᚪᚱᛞᛖᛋᛏ,399
familial,5733991,0,ᚠᚪᛗᛁᛚᛡᛚ,454
assures,5729359,0,ᚪᛋᛋᚢᚱᛖᛋ,337
anglican,5726710,0,ᚪᛝᛚᛁᚳᚪᚾ,419
ballast,5726581,0,ᛒᚪᛚᛚᚪᛋᛏ,513
parenting,5724253,0,ᛈᚪᚱᛖᚾᛏᛝ,385
dilated,5724052,0,ᛞᛁᛚᚪᛏᛖᛞ,505
rubbish,5721886,0,ᚱᚢᛒᛒᛁᛋᚻ,243
drunken,5719353,0,ᛞᚱᚢᚾᚳᛖᚾ,241
striped,5718519,0,ᛋᛏᚱᛁᛈᛖᛞ,353
adduced,5714540,0,ᚪᛞᛞᚢᚳᛖᛞ,447
palaces,5714280,0,ᛈᚪᛚᚪᚳᛖᛋ,443
barnard,5713060,0,ᛒᚪᚱᚾᚪᚱᛞ,395
sulfide,5710563,0,ᛋᚢᛚᚠᛁᛞᛖ,318
softening,5706823,0,ᛋᚩᚠᛏᛖᚾᛝ,296
recital,5704795,0,ᚱᛖᚳᛁᛏᚪᛚ,351
deletion,5703072,0,ᛞᛖᛚᛖᛏᛡᚾ,491
machining,5700531,0,ᛗᚪᚳᚻᛁᚾᛝ,343
initials,5698554,0,ᛁᚾᛁᛏᛡᛚᛋ,383
kendall,5687162,0,ᚳᛖᚾᛞᚪᛚᛚ,441
dormant,5674330,0,ᛞᚩᚱᛗᚪᚾᛏ,363
vividly,5671524,0,ᚢᛁᚢᛁᛞᛚᚣ,333
clifton,5660743,0,ᚳᛚᛁᚠᛏᚩᚾ,214
omnibus,5654320,0,ᚩᛗᚾᛁᛒᚢᛋ,255
squared,5652419,0,ᛋᚳᚹᚪᚱᛖᛞ,349
emptied,5652214,0,ᛖᛗᛈᛏᛁᛖᛞ,427
imprint,5651400,0,ᛁᛗᛈᚱᛁᚾᛏ,275
alveolar,5642247,0,ᚪᛚᚢᛇᛚᚪᚱ,395
placebo,5641682,0,ᛈᛚᚪᚳᛖᛒᚩ,361
cancers,5634595,0,ᚳᚪᚾᚳᛖᚱᛋ,283
bentley,5632406,0,ᛒᛖᚾᛏᛚᛖᚣ,459
carotid,5632386,0,ᚳᚪᚱᚩᛏᛁᛞ,307
spelled,5627366,0,ᛋᛈᛖᛚᛚᛖᛞ,465
grossly,5623059,0,ᚷᚱᚩᛋᛋᛚᚣ,317
hebrews,5605892,0,ᚻᛖᛒᚱᛖᚹᛋ,301
teenage,5599918,0,ᛏᛖᛖᚾᚪᚷᛖ,403
budgeting,5599077,0,ᛒᚢᛞᚷᛖᛏᛝ,375
assists,5596671,0,ᚪᛋᛋᛁᛋᛏᛋ,399
flavour,5592082,0,ᚠᛚᚪᚢᚩᚢᚱ,196
subpoena,5591273,0,ᛋᚢᛒᛈᛟᚾᚪ,369
somatic,5580294,0,ᛋᚩᛗᚪᛏᛁᚳ,331
kellogg,5577505,0,ᚳᛖᛚᛚᚩᚷᚷ,267
tempest,5574495,0,ᛏᛖᛗᛈᛖᛋᛏ,419
elector,5560837,0,ᛖᛚᛖᚳᛏᚩᚱ,297
lettuce,5550710,0,ᛚᛖᛏᛏᚢᚳᛖ,341
aversion,5550415,0,ᚪᚢᛖᚱᛋᛡᚾ,367
sucrose,5549423,0,ᛋᚢᚳᚱᚩᛋᛖ,207
beaumont,5544930,0,ᛒᛠᚢᛗᚩᚾᛏ,339
adjourn,5529342,0,ᚪᛞᛂᚩᚢᚱᚾ,273
turmoil,5521591,0,ᛏᚢᚱᛗᚩᛁᛚ,255
environ,5507610,0,ᛖᚾᚢᛁᚱᚩᚾ,177
brandon,5506352,0,ᛒᚱᚪᚾᛞᚩᚾ,323
hermann,5505117,0,ᚻᛖᚱᛗᚪᚾᚾ,327
jesuits,5497079,0,ᛂᛖᛋᚢᛁᛏᛋ,303
riparian,5496774,0,ᚱᛁᛈᚪᚱᛡᚾ,329
resorts,5494559,0,ᚱᛖᛋᚩᚱᛏᛋ,261
fostering,5494110,0,ᚠᚩᛋᛏᛖᚱᛝ,278
anarchy,5483819,0,ᚪᚾᚪᚱᚳᚻᚣ,373
drawers,5481906,0,ᛞᚱᚪᚹᛖᚱᛋ,347
edifice,5473885,0,ᛖᛞᛁᚠᛁᚳᛖ,300
watered,5471284,0,ᚹᚪᛏᛖᚱᛖᛞ,409
progeny,5469665,0,ᛈᚱᚩᚷᛖᚾᚣ,277
stables,5463713,0,ᛋᛏᚪᛒᛚᛖᛋ,463
skilful,5461831,0,ᛋᚳᛁᛚᚠᚢᛚ,248
tempore,5461628,0,ᛏᛖᛗᛈᚩᚱᛖ,325
deepening,5460686,0,ᛞᛖᛖᛈᛖᚾᛝ,441
pronoun,5459735,0,ᛈᚱᚩᚾᚩᚢᚾ,129
bordeaux,5456557,0,ᛒᚩᚱᛞᛠᚢᛉ,327
precede,5455678,0,ᛈᚱᛖᚳᛖᛞᛖ,357
bermuda,5454657,0,ᛒᛖᚱᛗᚢᛞᚪ,399
narrowing,5443771,0,ᚾᚪᚱᚱᚩᚹᛝ,253
estuary,5442774,0,ᛖᛋᛏᚢᚪᚱᚣ,393
footwear,5439252,0,ᚠᚩᚩᛏᚹᛠᚱ,214
soybeans,5436831,0,ᛋᚩᚣᛒᛠᚾᛋ,415
adjunct,5436290,0,ᚪᛞᛂᚢᚾᚳᛏ,327
bedrock,5434091,0,ᛒᛖᛞᚱᚩᚳᚳ,261
forfeit,5423776,0,ᚠᚩᚱᚠᛖᛁᛏ,179
conveys,5423095,0,ᚳᚩᚾᚢᛖᚣᛋ,275
autopsy,5418212,0,ᚪᚢᛏᚩᛈᛋᚣ,365
inherit,5417461,0,ᛁᚾᚻᛖᚱᛁᛏ,251
thematic,5416926,0,ᚦᛖᛗᚪᛏᛁᚳ,343
varnish,5416423,0,ᚢᚪᚱᚾᛁᛋᚻ,247
jessica,5399441,0,ᛂᛖᛋᛋᛁᚳᚪ,351
pitcher,5395262,0,ᛈᛁᛏᚳᚻᛖᚱ,247
embargo,5391975,0,ᛖᛗᛒᚪᚱᚷᚩ,331
wichita,5375334,0,ᚹᛁᚳᚻᛁᛏᚪ,273
imagining,5373982,0,ᛁᛗᚪᚷᛁᚾᛝ,355
boycott,5370114,0,ᛒᚩᚣᚳᚩᛏᛏ,309
situate,5367148,0,ᛋᛁᛏᚢᚪᛏᛖ,369
delusion,5360671,0,ᛞᛖᛚᚢᛋᛡᚾ,421
deities,5359357,0,ᛞᛖᛁᛏᛁᛖᛋ,397
excuses,5359229,0,ᛖᛉᚳᚢᛋᛖᛋ,303
neonatal,5358926,0,ᚾᛇᚾᚪᛏᚪᛚ,425
viceroy,5357107,0,ᚢᛁᚳᛖᚱᚩᚣ,235
governs,5353764,0,ᚷᚩᚢᛖᚱᚾᛋ,187
valence,5346276,0,ᚢᚪᛚᛖᚾᚳᛖ,349
bipolar,5344521,0,ᛒᛁᛈᚩᛚᚪᚱ,323
timbers,5344391,0,ᛏᛁᛗᛒᛖᚱᛋ,353
concede,5325289,0,ᚳᚩᚾᚳᛖᛞᛖ,285
lorenzo,5323018,0,ᛚᚩᚱᛖᚾᛋᚩ,247
unitary,5318511,0,ᚢᚾᛁᛏᚪᚱᚣ,333
larceny,5318083,0,ᛚᚪᚱᚳᛖᚾᚣ,393
godfrey,5316760,0,ᚷᚩᛞᚠᚱᛖᚣ,296
mutants,5311644,0,ᛗᚢᛏᚪᚾᛏᛋ,371
stacked,5310611,0,ᛋᛏᚪᚳᚳᛖᛞ,391
ignores,5305867,0,ᛁᚷᚾᚩᚱᛖᛋ,215
sorrows,5303015,0,ᛋᚩᚱᚱᚩᚹᛋ,161
reigned,5302711,0,ᚱᛖᛁᚷᚾᛖᛞ,311
slammed,5298269,0,ᛋᛚᚪᛗᛗᛖᛞ,521
linearly,5292804,0,ᛚᛁᚾᛠᚱᛚᚣ,429
incline,5288275,0,ᛁᚾᚳᛚᛁᚾᛖ,273
poisons,5281155,0,ᛈᚩᛁᛋᚩᚾᛋ,223
depicting,5279281,0,ᛞᛖᛈᛁᚳᛏᛝ,381
twofold,5277724,0,ᛏᚹᚩᚠᚩᛚᛞ,256
tibetan,5277700,0,ᛏᛁᛒᛖᛏᚪᚾ,403
bizarre,5276644,0,ᛒᛁᛋᚪᚱᚱᛖ,331
liturgy,5274232,0,ᛚᛁᛏᚢᚱᚷᚣ,297
carlson,5270653,0,ᚳᚪᚱᛚᛋᚩᚾ,283
volcano,5270012,0,ᚢᚩᛚᚳᚪᚾᚩ,229
fixture,5269436,0,ᚠᛁᛉᛏᚢᚱᛖ,220
deserts,5260168,0,ᛞᛖᛋᛖᚱᛏᛋ,399
torpedo,5258069,0,ᛏᚩᚱᛈᛖᛞᚩ,283
cookies,5257709,0,ᚳᚩᚩᚳᛁᛖᛋ,191
martyrs,5257104,0,ᛗᚪᚱᛏᚣᚱᛋ,405
solicit,5251390,0,ᛋᚩᛚᛁᚳᛁᛏ,267
phantom,5250330,0,ᛈᚻᚪᚾᛏᚩᛗ,329
barnett,5250288,0,ᛒᚪᚱᚾᛖᛏᛏ,383
pavilion,5242587,0,ᛈᚪᚢᛁᛚᛡᚾ,383
carpets,5241920,0,ᚳᚪᚱᛈᛖᛏᛋ,343
wheeled,5232521,0,ᚹᚻᛖᛖᛚᛖᛞ,405
gravely,5230429,0,ᚷᚱᚪᚢᛖᛚᚣ,371
jeopardy,5227055,0,ᛂᛇᛈᚪᚱᛞᚣ,421
wharton,5225940,0,ᚹᚻᚪᚱᛏᚩᚾ,245
thirties,5222122,0,ᚦᛁᚱᛏᛁᛖᛋ,257
balfour,5221252,0,ᛒᚪᛚᚠᚩᚢᚱ,254
spokane,5217408,0,ᛋᛈᚩᚳᚪᚾᛖ,309
colouring,5216666,0,ᚳᚩᛚᚩᚢᚱᛝ,193
forrest,5212558,0,ᚠᚩᚱᚱᛖᛋᛏ,210
plenary,5210801,0,ᛈᛚᛖᚾᚪᚱᚣ,423
roasted,5207920,0,ᚱᚩᚪᛋᛏᛖᛞ,383
pioneering,5206603,0,ᛈᛡᚾᛖᛖᚱᛝ,403
departing,5206091,0,ᛞᛖᛈᚪᚱᛏᛝ,445
packard,5203294,0,ᛈᚪᚳᚳᚪᚱᛞ,363
krishna,5188220,0,ᚳᚱᛁᛋᚻᚾᚪ,257
upgrading,5187826,0,ᚢᛈᚷᚱᚪᛞᛝ,339
advises,5187552,0,ᚪᛞᚢᛁᛋᛖᛋ,393
tumours,5181257,0,ᛏᚢᛗᚩᚢᚱᛋ,207
shielding,5178177,0,ᛋᚻᛁᛖᛚᛞᛝ,415
wetland,5170299,0,ᚹᛖᛏᛚᚪᚾᛞ,433
submits,5168158,0,ᛋᚢᛒᛗᛁᛏᛋ,331
reminding,5161915,0,ᚱᛖᛗᛁᚾᛞᛝ,377
bidders,5161467,0,ᛒᛁᛞᛞᛖᚱᛋ,401
outflow,5160584,0,ᚩᚢᛏᚠᛚᚩᚹ,170
profess,5160310,0,ᛈᚱᚩᚠᛖᛋᛋ,236
audible,5160052,0,ᚪᚢᛞᛁᛒᛚᛖ,421
elongate,5155926,0,ᛖᛚᚩᛝᚪᛏᛖ,449
confuse,5153601,0,ᚳᚩᚾᚠᚢᛋᛖ,174
walpole,5151765,0,ᚹᚪᛚᛈᚩᛚᛖ,379
grandma,5151309,0,ᚷᚱᚪᚾᛞᛗᚪ,411
flashes,5151073,0,ᚠᛚᚪᛋᚻᛖᛋ,368
cardiff,5143551,0,ᚳᚪᚱᛞᛁᚠᚠ,245
pastors,5137863,0,ᛈᚪᛋᛏᚩᚱᛋ,323
hatched,5133591,0,ᚻᚪᛏᚳᚻᛖᛞ,371
sparrow,5132504,0,ᛋᛈᚪᚱᚱᚩᚹ,241
castles,5129954,0,ᚳᚪᛋᛏᛚᛖᛋ,415
allergy,5127315,0,ᚪᛚᛚᛖᚱᚷᚣ,441
greetings,5123386,0,ᚷᚱᛖᛖᛏᛝᛋ,353
inhabit,5122036,0,ᛁᚾᚻᚪᛒᛁᛏ,331
negation,5120829,0,ᚾᛖᚷᚪᛏᛡᚾ,405
elusive,5120620,0,ᛖᛚᚢᛋᛁᚢᛖ,297
enlarging,5118219,0,ᛖᚾᛚᚪᚱᚷᛝ,373
tasmania,5112094,0,ᛏᚪᛋᛗᚪᚾᛡ,513
desktop,5108844,0,ᛞᛖᛋᚳᛏᚩᛈ,331
easement,5103721,0,ᛠᛋᛖᛗᛖᚾᛏ,455
compton,5100666,0,ᚳᚩᛗᛈᛏᚩᚾ,229
deducting,5090961,0,ᛞᛖᛞᚢᚳᛏᛝ,399
goldman,5089707,0,ᚷᚩᛚᛞᛗᚪᚾ,383
coroner,5084952,0,ᚳᚩᚱᚩᚾᛖᚱ,145
sanford,5075689,0,ᛋᚪᚾᚠᚩᚱᛞ,288
stockings,5070859,0,ᛋᛏᚩᚳᚳᛝᛋ,277
scripts,5070044,0,ᛋᚳᚱᛁᛈᛏᛋ,263
subsoil,5068493,0,ᛋᚢᛒᛋᚩᛁᛚ,281
bananas,5066927,0,ᛒᚪᚾᚪᚾᚪᛋ,463
rebuild,5063595,0,ᚱᛖᛒᚢᛁᛚᛞ,335
blurred,5054207,0,ᛒᛚᚢᚱᚱᛖᛞ,315
femoral,5048091,0,ᚠᛖᛗᚩᚱᚪᛚ,328
unhealthy,5039736,0,ᚢᚾᚻᛠᛚᚦᚣ,345
fairfax,5039686,0,ᚠᚪᛁᚱᚠᚪᛉ,287
unfolding,5023495,0,ᚢᚾᚠᚩᛚᛞᛝ,282
brennan,5023479,0,ᛒᚱᛖᚾᚾᚪᚾ,323
browser,5022224,0,ᛒᚱᚩᚹᛋᛖᚱ,229
discard,5018451,0,ᛞᛁᛋᚳᚪᚱᛞ,383
nucleic,5010640,0,ᚾᚢᚳᛚᛖᛁᚳ,229
carrots,5010528,0,ᚳᚪᚱᚱᚩᛏᛋ,251
chassis,5009348,0,ᚳᚻᚪᛋᛋᛁᛋ,323
fascism,5007038,0,ᚠᚪᛋᚳᛁᛋᛗ,320
buckley,4996643,0,ᛒᚢᚳᚳᛚᛖᚣ,333
migrate,4993627,0,ᛗᛁᚷᚱᚪᛏᛖ,353
calgary,4988433,0,ᚳᚪᛚᚷᚪᚱᚣ,411
willful,4987497,0,ᚹᛁᛚᛚᚠᚢᛚ,274
weighting,4986977,0,ᚹᛖᛁᚷᚻᛏᛝ,295
traitor,4981226,0,ᛏᚱᚪᛁᛏᚩᚱ,275
prosper,4973180,0,ᛈᚱᚩᛋᛈᛖᚱ,235
packers,4973069,0,ᛈᚪᚳᚳᛖᚱᛋ,297
trainer,4972858,0,ᛏᚱᚪᛁᚾᛖᚱ,305
starter,4972358,0,ᛋᛏᚪᚱᛏᛖᚱ,357
ambrose,4971016,0,ᚪᛗᛒᚱᚩᛋᛖ,367
stellar,4965771,0,ᛋᛏᛖᛚᛚᚪᚱ,433
steroid,4965514,0,ᛋᛏᛖᚱᚩᛁᛞ,317
magnets,4963138,0,ᛗᚪᚷᚾᛖᛏᛋ,393
regimen,4962295,0,ᚱᛖᚷᛁᛗᛖᚾ,293
arduous,4956911,0,ᚪᚱᛞᚢᚩᚢᛋ,263
joaquin,4956734,0,ᛂᚩᚪᚳᚹᛁᚾ,233
runners,4953395,0,ᚱᚢᚾᚾᛖᚱᛋ,203
selects,4951573,0,ᛋᛖᛚᛖᚳᛏᛋ,385
janeiro,4949666,0,ᛂᚪᚾᛖᛁᚱᚩ,279
perjury,4944246,0,ᛈᛖᚱᛂᚢᚱᚣ,275
incense,4928477,0,ᛁᚾᚳᛖᚾᛋᛖ,289
dialysis,4924224,0,ᛞᛡᛚᚣᛋᛁᛋ,509
imputed,4921790,0,ᛁᛗᛈᚢᛏᛖᛞ,363
bethesda,4920513,0,ᛒᛖᚦᛖᛋᛞᚪ,439
fallacy,4916613,0,ᚠᚪᛚᛚᚪᚳᚣ,458
gripped,4911949,0,ᚷᚱᛁᛈᛈᛖᛞ,301
shrinking,4911043,0,ᛋᚻᚱᛁᚾᚳᛝ,239
jubilee,4904477,0,ᛂᚢᛒᛁᛚᛖᛖ,339
ballads,4899057,0,ᛒᚪᛚᛚᚪᛞᛋ,543
carcass,4897693,0,ᚳᚪᚱᚳᚪᛋᛋ,337
pharaoh,4894945,0,ᛈᚻᚪᚱᚪᚩᚻ,301
parable,4890945,0,ᛈᚪᚱᚪᛒᛚᛖ,449
ribbons,4887175,0,ᚱᛁᛒᛒᚩᚾᛋ,253
groaned,4879081,0,ᚷᚱᚩᚪᚾᛖᛞ,317
pollock,4871865,0,ᛈᚩᛚᛚᚩᚳᚳ,229
employe,4866283,0,ᛖᛗᛈᛚᚩᚣᛖ,431
heaviest,4862506,0,ᚻᛠᚢᛁᛖᛋᛏ,345
carlton,4851047,0,ᚳᚪᚱᛚᛏᚩᚾ,289
foremen,4847702,0,ᚠᚩᚱᛖᛗᛖᚾ,254
stocked,4843794,0,ᛋᛏᚩᚳᚳᛖᛞ,301
layered,4838395,0,ᛚᚪᚣᛖᚱᛖᛞ,507
quartet,4838043,0,ᚳᚹᚪᚱᛏᛖᛏ,325
audited,4837407,0,ᚪᚢᛞᛁᛏᛖᛞ,435
smelled,4835269,0,ᛋᛗᛖᛚᛚᛖᛞ,493
thickening,4833941,0,ᚦᛁᚳᚳᛖᚾᛝ,237
witches,4831006,0,ᚹᛁᛏᚳᚻᛖᛋ,265
woollen,4830825,0,ᚹᚩᚩᛚᛚᛖᚾ,275
lookout,4828416,0,ᛚᚩᚩᚳᚩᚢᛏ,169
seaboard,4827921,0,ᛋᛠᛒᚩᚪᚱᛞ,427
blinked,4820113,0,ᛒᛚᛁᚾᚳᛖᛞ,363
bologna,4818736,0,ᛒᚩᛚᚩᚷᚾᚪ,291
lunatic,4818514,0,ᛚᚢᚾᚪᛏᛁᚳ,305
prelude,4815427,0,ᛈᚱᛖᛚᚢᛞᛖ,353
shapiro,4813156,0,ᛋᚻᚪᛈᛁᚱᚩ,265
leningrad,4806715,0,ᛚᛖᚾᛝᚱᚪᛞ,445
inquiring,4803949,0,ᛁᚾᚳᚹᛁᚱᛝ,213
provost,4802674,0,ᛈᚱᚩᚢᚩᛋᛏ,183
dessert,4797144,0,ᛞᛖᛋᛋᛖᚱᛏ,399
starved,4796795,0,ᛋᛏᚪᚱᚢᛖᛞ,379
rowland,4795254,0,ᚱᚩᚹᛚᚪᚾᛞ,325
calcite,4790473,0,ᚳᚪᛚᚳᛁᛏᛖ,353
proctor,4789994,0,ᛈᚱᚩᚳᛏᚩᚱ,151
reputed,4788033,0,ᚱᛖᛈᚢᛏᛖᛞ,339
abusive,4787429,0,ᚪᛒᚢᛋᛁᚢᛖ,315
bedside,4783462,0,ᛒᛖᛞᛋᛁᛞᛖ,457
blanche,4783253,0,ᛒᛚᚪᚾᚳᚻᛖ,363
marches,4780579,0,ᛗᚪᚱᚳᚻᛖᛋ,335
pledges,4775536,0,ᛈᛚᛖᛞᚷᛖᛋ,409
planner,4772337,0,ᛈᛚᚪᚾᚾᛖᚱ,349
natures,4771095,0,ᚾᚪᛏᚢᚱᛖᛋ,319
pellets,4766157,0,ᛈᛖᛚᛚᛖᛏᛋ,435
cambrian,4766023,0,ᚳᚪᛗᛒᚱᛡᚾ,389
devonian,4764137,0,ᛞᛖᚢᚩᚾᛡᚾ,331
feeders,4760471,0,ᚠᛖᛖᛞᛖᚱᛋ,356
bombers,4760111,0,ᛒᚩᛗᛒᛖᚱᛋ,331
nairobi,4759295,0,ᚾᚪᛁᚱᚩᛒᛁ,267
lithuania,4756954,0,ᛚᛁᚦᚢᚪᚾᛡ,345
forgery,4754296,0,ᚠᚩᚱᚷᛖᚱᚣ,218
fancied,4748349,0,ᚠᚪᚾᚳᛁᛖᛞ,328
stressing,4740877,0,ᛋᛏᚱᛖᛋᛋᛝ,375
smokers,4738736,0,ᛋᛗᚩᚳᛖᚱᛋ,275
radiator,4736350,0,ᚱᚪᛞᛡᛏᚩᚱ,381
sutures,4733467,0,ᛋᚢᛏᚢᚱᛖᛋ,249
gatherings,4730543,0,ᚷᚪᚦᛖᚱᛝᛋ,329
reckoning,4728799,0,ᚱᛖᚳᚳᚩᚾᛝ,219
tremble,4723502,0,ᛏᚱᛖᛗᛒᛚᛖ,409
aspirin,4722416,0,ᚪᛋᛈᛁᚱᛁᚾ,295
jackets,4715357,0,ᛂᚪᚳᚳᛖᛏᛋ,339
bravery,4714330,0,ᛒᚱᚪᚢᛖᚱᚣ,353
inflict,4710151,0,ᛁᚾᚠᛚᛁᚳᛏ,238
relapse,4710089,0,ᚱᛖᛚᚪᛈᛋᛖ,411
coercive,4709648,0,ᚳᛟᚱᚳᛁᚢᛖ,221
wrecked,4709199,0,ᚹᚱᛖᚳᚳᛖᛞ,279
straining,4708768,0,ᛋᛏᚱᚪᛁᚾᛝ,359
plunder,4708760,0,ᛈᛚᚢᚾᛞᛖᚱ,315
gelatin,4704311,0,ᚷᛖᛚᚪᛏᛁᚾ,373
smoothed,4699564,0,ᛋᛗᚩᚩᚦᛖᛞ,299
patriots,4699261,0,ᛈᚪᛏᚱᛡᛏᛋ,429
augment,4695909,0,ᚪᚢᚷᛗᛖᚾᛏ,343
tillage,4692570,0,ᛏᛁᛚᛚᚪᚷᛖ,417
foresee,4690098,0,ᚠᚩᚱᛖᛋᛖᛖ,274
glances,4688294,0,ᚷᛚᚪᚾᚳᛖᛋ,349
ecstasy,4686390,0,ᛖᚳᛋᛏᚪᛋᚣ,445
masonic,4681313,0,ᛗᚪᛋᚩᚾᛁᚳ,301
acutely,4681255,0,ᚪᚳᚢᛏᛖᛚᚣ,415
poisson,4674988,0,ᛈᚩᛁᛋᛋᚩᚾ,223
frantic,4668280,0,ᚠᚱᚪᚾᛏᛁᚳ,242
fireman,4667142,0,ᚠᛁᚱᛖᛗᚪᚾ,308
warlike,4659082,0,ᚹᚪᚱᛚᛁᚳᛖ,311
despise,4659026,0,ᛞᛖᛋᛈᛁᛋᛖ,403
boarded,4655157,0,ᛒᚩᚪᚱᛞᛖᛞ,421
spurious,4640937,0,ᛋᛈᚢᚱᛡᚢᛋ,273
tabular,4633591,0,ᛏᚪᛒᚢᛚᚪᚱ,401
donovan,4633515,0,ᛞᚩᚾᚩᚢᚪᚾ,261
bribery,4631979,0,ᛒᚱᛁᛒᛖᚱᚣ,345
vanilla,4630988,0,ᚢᚪᚾᛁᛚᛚᚪ,403
excerpt,4630288,0,ᛖᛉᚳᛖᚱᛈᛏ,307
peruvian,4629725,0,ᛈᛖᚱᚢᚢᛡᚾ,263
dresden,4629254,0,ᛞᚱᛖᛋᛞᛖᚾ,405
baghdad,4628959,0,ᛒᚪᚷᚻᛞᚪᛞ,473
sargent,4626667,0,ᛋᚪᚱᚷᛖᚾᛏ,333
exchanging,4625420,0,ᛖᛉᚳᚻᚪᛝᛝ,405
walters,4622884,0,ᚹᚪᛚᛏᛖᚱᛋ,379
erasmus,4616836,0,ᛖᚱᚪᛋᛗᚢᛋ,355
wrestling,4613352,0,ᚹᚱᛖᛋᛏᛚᛝ,361
sensual,4611262,0,ᛋᛖᚾᛋᚢᚪᛚ,375
ruthless,4609241,0,ᚱᚢᚦᛚᛖᛋᛋ,265
favours,4607276,0,ᚠᚪᚢᚩᚢᚱᛋ,176
appalling,4607090,0,ᚪᛈᛈᚪᛚᛚᛝ,505
empires,4604205,0,ᛖᛗᛈᛁᚱᛖᛋ,343
grayish,4602204,0,ᚷᚱᚪᚣᛁᛋᚻ,335
remorse,4597701,0,ᚱᛖᛗᚩᚱᛋᛖ,287
mueller,4594117,0,ᛗᚢᛖᛚᛚᛖᚱ,365
marilyn,4591312,0,ᛗᚪᚱᛁᛚᚣᚾ,415
rutgers,4590742,0,ᚱᚢᛏᚷᛖᚱᛋ,221
pivoted,4589458,0,ᛈᛁᚢᚩᛏᛖᛞ,299
perched,4587852,0,ᛈᛖᚱᚳᚻᛖᛞ,313
epstein,4584204,0,ᛖᛈᛋᛏᛖᛁᚾ,349
chattel,4575055,0,ᚳᚻᚪᛏᛏᛖᛚ,391
cartoon,4563665,0,ᚳᚪᚱᛏᚩᚩᚾ,223
bonuses,4561274,0,ᛒᚩᚾᚢᛋᛖᛋ,273
carolyn,4560723,0,ᚳᚪᚱᚩᛚᚣᚾ,333
sampson,4557040,0,ᛋᚪᛗᛈᛋᚩᚾ,353
reforming,4553362,0,ᚱᛖᚠᚩᚱᛗᛝ,248
burrows,4549071,0,ᛒᚢᚱᚱᚩᚹᛋ,165
bullock,4547457,0,ᛒᚢᛚᛚᚩᚳᚳ,243
welcoming,4547235,0,ᚹᛖᛚᚳᚩᛗᛝ,329
screwed,4543164,0,ᛋᚳᚱᛖᚹᛖᛞ,319
schultz,4540893,0,ᛋᚳᚻᚢᛚᛏᛋ,277
outcrop,4535496,0,ᚩᚢᛏᚳᚱᚩᛈ,143
expanse,4534065,0,ᛖᛉᛈᚪᚾᛋᛖ,403
clasped,4529958,0,ᚳᛚᚪᛋᛈᛖᛞ,435
dearborn,4524711,0,ᛞᛠᚱᛒᚩᚱᚾ,317
semitic,4524491,0,ᛋᛖᛗᛁᛏᛁᚳ,325
eyelids,4524426,0,ᛖᚣᛖᛚᛁᛞᛋ,483
weathered,4523322,0,ᚹᛠᚦᛖᚱᛖᛞ,367
esquire,4518977,0,ᛖᛋᚳᚹᛁᚱᛖ,261
cheapest,4516068,0,ᚳᚻᛠᛈᛖᛋᛏ,367
dinners,4515123,0,ᛞᛁᚾᚾᛖᚱᛋ,309
voucher,4512892,0,ᚢᚩᚢᚳᚻᛖᚱ,127
strides,4511944,0,ᛋᛏᚱᛁᛞᛖᛋ,363
amnesty,4508898,0,ᚪᛗᚾᛖᛋᛏᚣ,479
implant,4498914,0,ᛁᛗᛈᛚᚪᚾᛏ,403
dickson,4497422,0,ᛞᛁᚳᚳᛋᚩᚾ,235
cypress,4495178,0,ᚳᚣᛈᚱᛖᛋᛋ,343
breakers,4490480,0,ᛒᚱᛠᚳᛖᚱᛋ,325
shepard,4490009,0,ᛋᚻᛖᛈᚪᚱᛞ,383
mildred,4489929,0,ᛗᛁᛚᛞᚱᛖᛞ,431
planter,4488904,0,ᛈᛚᚪᚾᛏᛖᚱ,379
venereal,4487312,0,ᚢᛖᚾᛖᚱᛠᛚ,359
philips,4486778,0,ᛈᚻᛁᛚᛁᛈᛋ,297
seekers,4482077,0,ᛋᛖᛖᚳᛖᚱᛋ,331
labored,4479721,0,ᛚᚪᛒᚩᚱᛖᛞ,405
attends,4478778,0,ᚪᛏᛏᛖᚾᛞᛋ,453
goddard,4476472,0,ᚷᚩᛞᛞᚪᚱᛞ,399
coolant,4472139,0,ᚳᚩᚩᛚᚪᚾᛏ,285
excision,4469544,0,ᛖᛉᚳᛁᛋᛡᚾ,347
attains,4468084,0,ᚪᛏᛏᚪᛁᚾᛋ,425
needful,4466741,0,ᚾᛖᛖᛞᚠᚢᛚ,330
smashed,4465783,0,ᛋᛗᚪᛋᚻᛖᛞ,453
mythical,4462252,0,ᛗᚣᚦᛁᚳᚪᛚ,393
arousal,4461192,0,ᚪᚱᚩᚢᛋᚪᛚ,341
creations,4459945,0,ᚳᚱᛠᛏᛡᚾᛋ,381
thatcher,4458366,0,ᚦᚪᛏᚳᚻᛖᚱ,275
nominee,4451159,0,ᚾᚩᛗᛁᚾᛖᛖ,301
crawled,4449926,0,ᚳᚱᚪᚹᛚᛖᛞ,369
consuls,4447148,0,ᚳᚩᚾᛋᚢᛚᛋ,231
cleaners,4446102,0,ᚳᛚᛠᚾᛖᚱᛋ,355
boasted,4443380,0,ᛒᚩᚪᛋᛏᛖᛞ,433
vitally,4443248,0,ᚢᛁᛏᚪᛚᛚᚣ,439
pretoria,4442409,0,ᛈᚱᛖᛏᚩᚱᛡ,305
armored,4437812,0,ᚪᚱᛗᚩᚱᛖᛞ,353
fifties,4435834,0,ᚠᛁᚠᛏᛁᛖᛋ,245
moulded,4434454,0,ᛗᚩᚢᛚᛞᛖᛞ,399
villain,4428762,0,ᚢᛁᛚᛚᚪᛁᚾ,337
romanian,4426694,0,ᚱᚩᛗᚪᚾᛡᚾ,351
belmont,4421425,0,ᛒᛖᛚᛗᚩᚾᛏ,367
commits,4414336,0,ᚳᚩᛗᛗᛁᛏᛋ,305
crashed,4414169,0,ᚳᚱᚪᛋᚻᛖᛞ,353
caravan,4410951,0,ᚳᚪᚱᚪᚢᚪᚾ,347
ezekiel,4410352,0,ᛖᛋᛖᚳᛁᛖᛚ,371
settler,4401171,0,ᛋᛖᛏᛏᛚᛖᚱ,389
photons,4400944,0,ᛈᚻᚩᛏᚩᚾᛋ,221
noblest,4397942,0,ᚾᚩᛒᛚᛖᛋᛏ,349
smuggling,4393448,0,ᛋᛗᚢᚷᚷᛚᛝ,313
heroism,4390165,0,ᚻᛖᚱᚩᛁᛋᛗ,263
broaden,4389636,0,ᛒᚱᚩᚪᛞᛖᚾ,361
blinded,4388898,0,ᛒᛚᛁᚾᛞᛖᛞ,439
rockets,4388721,0,ᚱᚩᚳᚳᛖᛏᛋ,223
discord,4378846,0,ᛞᛁᛋᚳᚩᚱᛞ,293
fashions,4375046,0,ᚠᚪᛋᚻᛡᚾᛋ,364
fremont,4373629,0,ᚠᚱᛖᛗᚩᚾᛏ,246
stumbling,4362367,0,ᛋᛏᚢᛗᛒᛚᛝ,399
ominous,4349207,0,ᚩᛗᛁᚾᚩᚢᛋ,201
visibly,4349118,0,ᚢᛁᛋᛁᛒᛚᚣ,355
senegal,4348976,0,ᛋᛖᚾᛖᚷᚪᛚ,403
seminal,4348647,0,ᛋᛖᛗᛁᚾᚪᛚ,421
burnett,4347104,0,ᛒᚢᚱᚾᛖᛏᛏ,289
nielsen,4346448,0,ᚾᛁᛖᛚᛋᛖᚾ,349
citadel,4345930,0,ᚳᛁᛏᚪᛞᛖᛚ,429
analysing,4345626,0,ᚪᚾᚪᛚᚣᛋᛝ,531
erratic,4345406,0,ᛖᚱᚱᚪᛏᛁᚳ,289
christi,4344304,0,ᚳᚻᚱᛁᛋᛏᛁ,221
surname,4343860,0,ᛋᚢᚱᚾᚪᛗᛖ,331
seasoned,4343314,0,ᛋᛠᛋᚩᚾᛖᛞ,407
grounding,4343305,0,ᚷᚱᚩᚢᚾᛞᛝ,235
persians,4342771,0,ᛈᛖᚱᛋᛡᚾᛋ,363
robbers,4341432,0,ᚱᚩᛒᛒᛖᚱᛋ,271
oratory,4341083,0,ᚩᚱᚪᛏᚩᚱᚣ,295
buckets,4340251,0,ᛒᚢᚳᚳᛖᛏᛋ,269
legation,4337650,0,ᛚᛖᚷᚪᛏᛡᚾ,449
baroque,4335226,0,ᛒᚪᚱᚩᚳᚹᛖ,275
metrics,4333899,0,ᛗᛖᛏᚱᛁᚳᛋ,305
lobster,4331814,1,ᛚᚩᛒᛋᛏᛖᚱ,331
torment,4331705,0,ᛏᚩᚱᛗᛖᚾᛏ,303
pivotal,4331622,0,ᛈᛁᚢᚩᛏᚪᛚ,313
cruiser,4330332,0,ᚳᚱᚢᛁᛋᛖᚱ,189
ulysses,4327930,0,ᚢᛚᚣᛋᛋᛖᛋ,405
disrupt,4326072,0,ᛞᛁᛋᚱᚢᛈᛏ,289
bruised,4319505,0,ᛒᚱᚢᛁᛋᛖᛞ,315
persona,4314037,0,ᛈᛖᚱᛋᚩᚾᚪ,307
puberty,4311873,0,ᛈᚢᛒᛖᚱᛏᚣ,347
sizable,4311497,0,ᛋᛁᛋᚪᛒᛚᛖ,435
monmouth,4310417,0,ᛗᚩᚾᛗᚩᚢᚦ,193
proverb,4308402,0,ᛈᚱᚩᚢᛖᚱᛒ,203
decayed,4306806,0,ᛞᛖᚳᚪᚣᛖᛞ,525
madonna,4303726,0,ᛗᚪᛞᚩᚾᚾᚪ,419
diurnal,4302681,0,ᛞᛁᚢᚱᚾᚪᛚ,333
sarcoma,4300037,0,ᛋᚪᚱᚳᚩᛗᚪ,349
bourbon,4297996,0,ᛒᚩᚢᚱᛒᚩᚾ,179
decency,4296255,0,ᛞᛖᚳᛖᚾᚳᚣ,381
parkway,4295693,0,ᛈᚪᚱᚳᚹᚪᚣ,383
confining,4294320,0,ᚳᚩᚾᚠᛁᚾᛝ,190
sausage,4293408,0,ᛋᚪᚢᛋᚪᚷᛖ,387
purport,4293314,0,ᛈᚢᚱᛈᚩᚱᛏ,177
someday,4292345,0,ᛋᚩᛗᛖᛞᚪᚣ,487
tapered,4290088,0,ᛏᚪᛈᛖᚱᛖᛞ,433
portray,4289560,0,ᛈᚩᚱᛏᚱᚪᚣ,331
tracked,4286932,0,ᛏᚱᚪᚳᚳᛖᛞ,349
confers,4285632,0,ᚳᚩᚾᚠᛖᚱᛋ,182
spilled,4281227,0,ᛋᛈᛁᛚᛚᛖᛞ,429
forceps,4280298,0,ᚠᚩᚱᚳᛖᛈᛋ,196
arresting,4279724,0,ᚪᚱᚱᛖᛋᛏᛝ,377
dryness,4277655,0,ᛞᚱᚣᚾᛖᛋᛋ,405
rejoicing,4274820,0,ᚱᛖᛂᚩᛁᚳᛝ,245
degrading,4274782,0,ᛞᛖᚷᚱᚪᛞᛝ,449
hostess,4274518,0,ᚻᚩᛋᛏᛖᛋᛋ,315
simplex,4265790,0,ᛋᛁᛗᛈᛚᛖᛉ,385
slander,4265210,0,ᛋᛚᚪᚾᛞᛖᚱ,419
vanishing,4265041,0,ᚢᚪᚾᛁᛋᚻᛝ,315
maynard,4261025,0,ᛗᚪᚣᚾᚪᚱᛞ,497
kaufman,4258243,0,ᚳᚪᚢᚠᛗᚪᚾ,312
disdain,4249742,0,ᛞᛁᛋᛞᚪᛁᚾ,419
compile,4248353,0,ᚳᚩᛗᛈᛁᛚᛖ,305
silvery,4243918,0,ᛋᛁᛚᚢᛖᚱᚣ,341
hysteria,4240838,0,ᚻᚣᛋᛏᛖᚱᛡ,423
endanger,4236775,0,ᛖᚾᛞᚪᛝᛖᚱ,439
inserts,4234693,0,ᛁᚾᛋᛖᚱᛏᛋ,303
platoon,4233474,0,ᛈᛚᚪᛏᚩᚩᚾ,315
stamens,4225974,0,ᛋᛏᚪᛗᛖᚾᛋ,429
folders,4225274,0,ᚠᚩᛚᛞᛖᚱᛋ,302
vibrating,4225135,0,ᚢᛁᛒᚱᚪᛏᛝ,341
carthage,4224989,0,ᚳᚪᚱᚦᚪᚷᛖ,307
gujarat,4220293,0,ᚷᚢᛂᚪᚱᚪᛏ,321
rudolph,4215182,0,ᚱᚢᛞᚩᛚᛈᚻ,249
winthrop,4208690,0,ᚹᛁᚾᚦᚱᚩᛈ,145
branded,4198267,0,ᛒᚱᚪᚾᛞᛖᛞ,443
vantage,4198198,0,ᚢᚪᚾᛏᚪᚷᛖ,369
shutter,4189920,0,ᛋᚻᚢᛏᛏᛖᚱ,275
unsound,4189189,0,ᚢᚾᛋᚩᚢᚾᛞ,213
colombo,4187952,0,ᚳᚩᛚᚩᛗᛒᚩ,239
refunding,4185571,0,ᚱᛖᚠᚢᚾᛞᛝ,280
profane,4183036,0,ᛈᚱᚩᚠᚪᚾᛖ,256
forbids,4182569,0,ᚠᚩᚱᛒᛁᛞᛋ,254
preside,4181812,0,ᛈᚱᛖᛋᛁᛞᛖ,361
emerald,4173987,0,ᛖᛗᛖᚱᚪᛚᛞ,475
pertain,4169844,0,ᛈᛖᚱᛏᚪᛁᚾ,337
cherish,4169760,0,ᚳᚻᛖᚱᛁᛋᚻ,221
shadowy,4169449,0,ᛋᚻᚪᛞᚩᚹᚣ,391
cynical,4166405,0,ᚳᚣᚾᛁᚳᚪᛚ,359
decatur,4164023,0,ᛞᛖᚳᚪᛏᚢᚱ,339
encoded,4159236,0,ᛖᚾᚳᚩᛞᛖᛞ,361
boyhood,4158815,0,ᛒᚩᚣᚻᚩᚩᛞ,297
fayette,4156694,0,ᚠᚪᚣᛖᛏᛏᛖ,454
neville,4156485,0,ᚾᛖᚢᛁᛚᛚᛖ,343
aquinas,4155786,0,ᚪᚳᚹᛁᚾᚪᛋ,339
babcock,4151908,0,ᛒᚪᛒᚳᚩᚳᚳ,265
brahman,4151350,0,ᛒᚱᚪᚻᛗᚪᚾ,389
farrell,4144408,0,ᚠᚪᚱᚱᛖᛚᛚ,334
lowland,4140557,0,ᛚᚩᚹᛚᚪᚾᛞ,387
quenching,4139874,0,ᚳᚹᛖᚾᚳᚻᛝ,243
subunit,4139011,0,ᛋᚢᛒᚢᚾᛁᛏ,239
affirms,4137517,0,ᚪᚠᚠᛁᚱᛗᛋ,267
perusal,4129611,0,ᛈᛖᚱᚢᛋᚪᛚ,347
obscene,4127115,0,ᚩᛒᛋᚳᛖᚾᛖ,297
tighter,4121505,0,ᛏᛁᚷᚻᛏᛖᚱ,267
carload,4121481,0,ᚳᚪᚱᛚᚩᚪᛞ,387
burners,4118809,0,ᛒᚢᚱᚾᛖᚱᛋ,235
pullman,4117805,0,ᛈᚢᛚᛚᛗᚪᚾ,389
caliber,4101437,0,ᚳᚪᛚᛁᛒᛖᚱ,353
congenial,4095524,0,ᚳᚩᛝᛖᚾᛡᛚ,375
reserving,4094186,0,ᚱᛖᛋᛖᚱᚢᛝ,291
trillion,4092232,0,ᛏᚱᛁᛚᛚᛡᚾ,383
athenians,4091845,0,ᚪᚦᛖᚾᛡᚾᛋ,387
gibbons,4090106,0,ᚷᛁᛒᛒᚩᚾᛋ,259
slapped,4089363,0,ᛋᛚᚪᛈᛈᛖᛞ,465
renamed,4084836,0,ᚱᛖᚾᚪᛗᛖᛞ,431
redwood,4080551,0,ᚱᛖᛞᚹᚩᚩᛞ,289
plumage,4076991,0,ᛈᛚᚢᛗᚪᚷᛖ,371
oblivion,4073867,0,ᚩᛒᛚᛁᚢᛡᚾ,311
thrilled,4072260,0,ᚦᚱᛁᛚᛚᛖᛞ,349
embodying,4062585,0,ᛖᛗᛒᚩᛞᚣᛝ,477
alimony,4061714,0,ᚪᛚᛁᛗᚩᚾᚣ,411
gentile,4059967,0,ᚷᛖᚾᛏᛁᛚᛖ,343
staples,4059461,0,ᛋᛏᚪᛈᛚᛖᛋ,445
linseed,4058101,0,ᛚᛁᚾᛋᛖᛖᛞ,409
elevate,4057470,0,ᛖᛚᛖᚢᚪᛏᛖ,433
breaches,4056647,0,ᛒᚱᛠᚳᚻᛖᛋ,337
leonardo,4052918,0,ᛚᛇᚾᚪᚱᛞᚩ,347
milford,4051440,0,ᛗᛁᛚᚠᚩᚱᛞ,284
outlining,4051137,0,ᚩᚢᛏᛚᛁᚾᛝ,281
luckily,4050228,0,ᛚᚢᚳᚳᛁᛚᚣ,309
nicolas,4044894,0,ᚾᛁᚳᚩᛚᚪᛋ,303
kernels,4035890,0,ᚳᛖᚱᚾᛖᛚᛋ,313
flatter,4032878,0,ᚠᛚᚪᛏᛏᛖᚱ,368
accords,4028961,0,ᚪᚳᚳᚩᚱᛞᛋ,283
inhaled,4026751,0,ᛁᚾᚻᚪᛚᛖᛞ,409
reassuring,4022944,0,ᚱᛠᛋᛋᚢᚱᛝ,319
barclay,4020597,0,ᛒᚪᚱᚳᛚᚪᚣ,455
regrets,4020326,0,ᚱᛖᚷᚱᛖᛏᛋ,285
parsley,4017601,0,ᛈᚪᚱᛋᛚᛖᚣ,447
osmotic,4016036,0,ᚩᛋᛗᚩᛏᛁᚳ,241
leprosy,4010402,0,ᛚᛖᛈᚱᚩᛋᚣ,357
mindful,4009409,0,ᛗᛁᚾᛞᚠᚢᛚ,298
spenser,4009382,0,ᛋᛈᛖᚾᛋᛖᚱ,323
banners,4007069,0,ᛒᚪᚾᚾᛖᚱᛋ,347
hayward,4007036,0,ᚻᚪᚣᚹᚪᚱᛞ,439
marathon,3997966,0,ᛗᚪᚱᚪᚦᚩᚾ,317
sprague,3991547,0,ᛋᛈᚱᚪᚷᚢᛖ,291
mammary,3990293,0,ᛗᚪᛗᛗᚪᚱᚣ,521
magnesia,3989305,0,ᛗᚪᚷᚾᛖᛋᛡ,441
throttle,3987243,0,ᚦᚱᚩᛏᛏᛚᛖ,281
primacy,3984217,0,ᛈᚱᛁᛗᚪᚳᚣ,369
forbade,3981376,0,ᚠᚩᚱᛒᚪᛞᛖ,334
mottled,3980383,0,ᛗᚩᛏᛏᛚᛖᛞ,425
kimball,3979223,0,ᚳᛁᛗᛒᚪᛚᛚ,419
spinach,3975981,0,ᛋᛈᛁᚾᚪᚳᚻ,289
fissure,3975974,0,ᚠᛁᛋᛋᚢᚱᛖ,220
partake,3974181,0,ᛈᚪᚱᛏᚪᚳᛖ,387
truthful,3973305,0,ᛏᚱᚢᚦᚠᚢᛚ,156
emanating,3973103,0,ᛖᛗᚪᚾᚪᛏᛝ,499
shorten,3972830,0,ᛋᚻᚩᚱᛏᛖᚾ,249
headline,3965950,0,ᚻᛠᛞᛚᛁᚾᛖ,421
bellows,3965684,0,ᛒᛖᛚᛚᚩᚹᛋ,353
torrent,3964401,0,ᛏᚩᚱᚱᛖᚾᛏ,243
freeway,3961550,0,ᚠᚱᛖᛖᚹᚪᚣ,366
dresser,3956572,0,ᛞᚱᛖᛋᛋᛖᚱ,351
faraday,3955284,0,ᚠᚪᚱᚪᛞᚪᚣ,496
politic,3954067,0,ᛈᚩᛚᛁᛏᛁᚳ,257
flemish,3953491,0,ᚠᛚᛖᛗᛁᛋᚻ,320
bottled,3951803,0,ᛒᚩᛏᛏᛚᛖᛞ,415
turkeys,3951600,0,ᛏᚢᚱᚳᛖᚣᛋ,309
suzanne,3951221,0,ᛋᚢᛋᚪᚾᚾᛖ,331
monsoon,3947918,0,ᛗᚩᚾᛋᚩᚩᚾ,203
preview,3946134,0,ᛈᚱᛖᚢᛁᛖᚹ,241
pleural,3934935,0,ᛈᛚᛖᚢᚱᚪᛚ,367
beaufort,3932113,0,ᛒᛠᚢᚠᚩᚱᛏ,252
opposes,3931689,0,ᚩᛈᛈᚩᛋᛖᛋ,273
steiner,3929489,0,ᛋᛏᛖᛁᚾᛖᚱ,317
cochran,3922711,0,ᚳᚩᚳᚻᚱᚪᚾ,193
baronet,3921576,0,ᛒᚪᚱᚩᚾᛖᛏ,331
provoking,3919761,0,ᛈᚱᚩᚢᚩᚳᛝ,163
accrual,3915476,0,ᚪᚳᚳᚱᚢᚪᛚ,307
quinine,3915144,0,ᚳᚹᛁᚾᛁᚾᛖ,219
hectare,3914609,0,ᚻᛖᚳᛏᚪᚱᛖ,337
pretrial,3914458,0,ᛈᚱᛖᛏᚱᛡᛚ,371
rodents,3909089,0,ᚱᚩᛞᛖᚾᛏᛋ,315
anchors,3908343,0,ᚪᚾᚳᚻᚩᚱᛋ,233
effusion,3903056,0,ᛖᚠᚠᚢᛋᛡᚾ,263
phyllis,3902998,0,ᛈᚻᚣᛚᛚᛁᛋ,399
farthest,3901789,0,ᚠᚪᚱᚦᛖᛋᛏ,294
karachi,3898252,0,ᚳᚪᚱᚪᚳᚻᛁ,285
growled,3893641,0,ᚷᚱᚩᚹᛚᛖᛞ,283
brewery,3892619,0,ᛒᚱᛖᚹᛖᚱᚣ,339
fetched,3885172,0,ᚠᛖᛏᚳᚻᛖᛞ,320
mariner,3884348,0,ᛗᚪᚱᛁᚾᛖᚱ,317
tankers,3881015,0,ᛏᚪᚾᚳᛖᚱᛋ,329
reliably,3880399,0,ᚱᛖᛚᛡᛒᛚᚣ,495
cheered,3875561,0,ᚳᚻᛖᛖᚱᛖᛞ,337
ritchie,3873421,0,ᚱᛁᛏᚳᚻᛁᛖ,235
pickering,3873184,0,ᛈᛁᚳᚳᛖᚱᛝ,257
seawater,3872991,0,ᛋᛠᚹᚪᛏᛖᚱ,415
alaskan,3872678,0,ᚪᛚᚪᛋᚳᚪᚾ,459
theologian,3872346,0,ᚦᛇᛚᚩᚷᛡᚾ,279
diarrhoea,3871291,0,ᛞᛡᚱᚱᚻᛟᚪ,421
wendell,3871082,0,ᚹᛖᚾᛞᛖᛚᛚ,417
clamped,3870214,0,ᚳᛚᚪᛗᛈᛖᛞ,453
takeover,3866872,0,ᛏᚪᚳᛇᚢᛖᚱ,291
winslow,3862449,0,ᚹᛁᚾᛋᛚᚩᚹ,231
bromine,3861906,0,ᛒᚱᚩᛗᛁᚾᛖ,277
vampire,3860372,0,ᚢᚪᛗᛈᛁᚱᛖ,323
skinned,3857358,0,ᛋᚳᛁᚾᚾᛖᛞ,311
detailing,3856885,0,ᛞᛖᛏᚪᛁᛚᛝ,495
defraud,3856438,0,ᛞᛖᚠᚱᚪᚢᛞ,358
almanac,3853190,0,ᚪᛚᛗᚪᚾᚪᚳ,477
fraught,3848079,0,ᚠᚱᚪᚢᚷᚻᛏ,212
neumann,3844729,0,ᚾᛖᚢᛗᚪᚾᚾ,325
richter,3839448,0,ᚱᛁᚳᚻᛏᛖᚱ,215
accents,3836561,0,ᚪᚳᚳᛖᚾᛏᛋ,331
boswell,3832961,0,ᛒᚩᛋᚹᛖᛚᛚ,353
rapport,3829578,0,ᚱᚪᛈᛈᚩᚱᛏ,271
bravely,3827481,0,ᛒᚱᚪᚢᛖᛚᚣ,415
primate,3824079,0,ᛈᚱᛁᛗᚪᛏᛖ,379
runaway,3822136,0,ᚱᚢᚾᚪᚹᚪᚣ,359
troubling,3819887,0,ᛏᚱᚩᚢᛒᛚᛝ,293
playful,3818242,0,ᛈᛚᚪᚣᚠᚢᛚ,394
tighten,3817843,0,ᛏᛁᚷᚻᛏᛖᚾ,285
flutter,3817180,0,ᚠᛚᚢᛏᛏᛖᚱ,274
charley,3815809,0,ᚳᚻᚪᚱᛚᛖᚣ,387
kissinger,3811818,0,ᚳᛁᛋᛋᛝᛖᚱ,307
compiling,3808885,0,ᚳᚩᛗᛈᛁᛚᛝ,317
ricardo,3802597,0,ᚱᛁᚳᚪᚱᛞᚩ,259
unionism,3801775,0,ᚢᚾᛡᚾᛁᛋᛗ,323
corolla,3801448,0,ᚳᚩᚱᚩᛚᛚᚪ,281
latency,3796781,0,ᛚᚪᛏᛖᚾᚳᚣ,441
ovaries,3796757,0,ᚩᚢᚪᚱᛁᛖᛋ,269
precept,3794938,0,ᛈᚱᛖᚳᛖᛈᛏ,303
punishing,3792776,0,ᛈᚢᚾᛁᛋᚻᛝ,261
overdue,3788376,0,ᚩᚢᛖᚱᛞᚢᛖ,247
awesome,3780992,0,ᚪᚹᛖᛋᚩᛗᛖ,381
retreating,3778388,0,ᚱᛖᛏᚱᛠᛏᛝ,395
ascribe,3777567,0,ᚪᛋᚳᚱᛁᛒᛖ,333
pistols,3776463,0,ᛈᛁᛋᛏᚩᛚᛋ,319
widowed,3774263,0,ᚹᛁᛞᚩᚹᛖᛞ,321
unsteady,3773715,0,ᚢᚾᛋᛏᛠᛞᚣ,445
lazarus,3772663,0,ᛚᚪᛋᚪᚱᚢᛋ,387
ischemia,3768773,0,ᛁᛋᚳᚻᛖᛗᛡ,365
hussein,3766250,0,ᚻᚢᛋᛋᛖᛁᚾ,259
retailing,3762420,0,ᚱᛖᛏᚪᛁᛚᛝ,417
labouring,3762218,0,ᛚᚪᛒᚩᚢᚱᛝ,331
ligands,3759622,0,ᛚᛁᚷᚪᚾᛞᛋ,389
indoors,3758431,0,ᛁᚾᛞᚩᚩᚱᛋ,227
vanguard,3757754,0,ᚢᚪᛝᚢᚪᚱᛞ,379
thirtieth,3755383,0,ᚦᛁᚱᛏᛁᛖᚦ,209
footage,3751790,0,ᚠᚩᚩᛏᚪᚷᛖ,256
tramway,3750084,0,ᛏᚱᚪᛗᚹᚪᚣ,457
swelled,3748572,0,ᛋᚹᛖᛚᛚᛖᛞ,441
fancies,3745020,0,ᚠᚪᚾᚳᛁᛖᛋ,292
unearned,3744246,0,ᚢᚾᛠᚱᚾᛖᛞ,337
pillows,3740128,0,ᛈᛁᛚᛚᚩᚹᛋ,299
synonym,3738743,0,ᛋᚣᚾᚩᚾᚣᛗ,395
wharves,3738627,0,ᚹᚻᚪᚱᚢᛖᛋ,273
mortals,3737093,0,ᛗᚩᚱᛏᚪᛚᛋ,371
legumes,3736364,0,ᛚᛖᚷᚢᛗᛖᛋ,351
fearless,3733937,0,ᚠᛠᚱᛚᛖᛋᛋ,368
shivering,3731465,0,ᛋᚻᛁᚢᛖᚱᛝ,267
booster,3730691,0,ᛒᚩᚩᛋᛏᛖᚱ,265
abstain,3725993,0,ᚪᛒᛋᛏᚪᛁᚾ,427
oxidase,3725552,0,ᚩᛉᛁᛞᚪᛋᛖ,391
rodgers,3725052,0,ᚱᚩᛞᚷᛖᚱᛋ,255
doubles,3719415,0,ᛞᚩᚢᛒᛚᛖᛋ,353
galilee,3719298,0,ᚷᚪᛚᛁᛚᛖᛖ,425
deafness,3719176,0,ᛞᛠᚠᚾᛖᛋᛋ,402
annealed,3719017,0,ᚪᚾᚾᛠᛚᛖᛞ,493
pencils,3715912,0,ᛈᛖᚾᚳᛁᛚᛋ,309
accessing,3712774,0,ᚪᚳᚳᛖᛋᛋᛝ,375
rumours,3705493,0,ᚱᚢᛗᚩᚢᚱᛋ,159
nurture,3702169,0,ᚾᚢᚱᛏᚢᚱᛖ,183
uncover,3700485,0,ᚢᚾᚳᚩᚢᛖᚱ,133
penance,3699744,0,ᛈᛖᚾᚪᚾᚳᛖ,345
lignite,3699557,0,ᛚᛁᚷᚾᛁᛏᛖ,307
anytime,3699401,0,ᚪᚾᚣᛏᛁᛗᛖ,457
melissa,3699030,0,ᛗᛖᛚᛁᛋᛋᚪ,445
abigail,3696921,0,ᚪᛒᛁᚷᚪᛁᛚ,407
lombard,3694010,0,ᛚᚩᛗᛒᚪᚱᛞ,409
hickory,3693630,0,ᚻᛁᚳᚳᚩᚱᚣ,201
brigham,3692346,0,ᛒᚱᛁᚷᚻᚪᛗ,311
sanchez,3689912,0,ᛋᚪᚾᚳᚻᛖᛋ,335
cyclone,3688230,0,ᚳᚣᚳᛚᚩᚾᛖ,305
laminar,3683915,0,ᛚᚪᛗᛁᚾᚪᚱ,409
spiders,3681461,0,ᛋᛈᛁᛞᛖᚱᛋ,347
upholding,3680899,0,ᚢᛈᚻᚩᛚᛞᛝ,317
deposed,3679057,0,ᛞᛖᛈᚩᛋᛖᛞ,415
compost,3677865,0,ᚳᚩᛗᛈᚩᛋᛏ,253
frigate,3677178,0,ᚠᚱᛁᚷᚪᛏᛖ,284
empower,3674031,0,ᛖᛗᛈᚩᚹᛖᚱ,285
lexicon,3670016,0,ᛚᛖᛉᛁᚳᚩᚾ,267
blindly,3660707,0,ᛒᛚᛁᚾᛞᛚᚣ,459
fervent,3658618,0,ᚠᛖᚱᚢᛖᚾᛏ,238
burmese,3658060,0,ᛒᚢᚱᛗᛖᛋᛖ,333
mcclure,3657841,0,ᛗᚳᚳᛚᚢᚱᛖ,251
calvert,3657435,0,ᚳᚪᛚᚢᛖᚱᛏ,323
sparingly,3655188,0,ᛋᛈᚪᚱᛝᛚᚣ,459
antoine,3653523,0,ᚪᚾᛏᚩᛁᚾᛖ,319
jameson,3653186,0,ᛂᚪᛗᛖᛋᚩᚾ,361
creamery,3649612,0,ᚳᚱᛠᛗᛖᚱᚣ,385
haughty,3648710,0,ᚻᚪᚢᚷᚻᛏᚣ,325
glories,3646091,0,ᚷᛚᚩᚱᛁᛖᛋ,259
availed,3641465,0,ᚪᚢᚪᛁᛚᛖᛞ,457
mundane,3638649,0,ᛗᚢᚾᛞᚪᚾᛖ,385
helical,3638256,0,ᚻᛖᛚᛁᚳᚪᛚ,377
cushions,3637478,0,ᚳᚢᛋᚻᛡᚾᛋ,281
portage,3636169,0,ᛈᚩᚱᛏᚪᚷᛖ,301
pounded,3633950,0,ᛈᚩᚢᚾᛞᛖᛞ,327
insider,3633899,0,ᛁᚾᛋᛁᛞᛖᚱ,311
coarser,3633789,0,ᚳᚩᚪᚱᛋᛖᚱ,259
nozzles,3633208,0,ᚾᚩᛋᛋᛚᛖᛋ,335
citrate,3633177,0,ᚳᛁᛏᚱᚪᛏᛖ,337
bahamas,3632098,0,ᛒᚪᚻᚪᛗᚪᛋ,499
reopened,3631958,0,ᚱᛇᛈᛖᚾᛖᛞ,347
insults,3631584,0,ᛁᚾᛋᚢᛚᛏᛋ,301
bandage,3629995,0,ᛒᚪᚾᛞᚪᚷᛖ,457
standby,3629020,0,ᛋᛏᚪᚾᛞᛒᚣ,491
cuisine,3628716,0,ᚳᚢᛁᛋᛁᚾᛖ,227
betwixt,3627495,0,ᛒᛖᛏᚹᛁᛉᛏ,343
stemmed,3619594,0,ᛋᛏᛖᛗᛗᛖᛞ,477
circled,3618068,0,ᚳᛁᚱᚳᛚᛖᛞ,297
inhuman,3614948,0,ᛁᚾᚻᚢᛗᚪᚾ,283
depriving,3611506,0,ᛞᛖᛈᚱᛁᚢᛝ,323
withered,3610214,0,ᚹᛁᚦᛖᚱᛖᛞ,289
sockets,3606175,0,ᛋᚩᚳᚳᛖᛏᛋ,265
knowles,3604006,0,ᚳᚾᚩᚹᛚᛖᛋ,261
staffed,3603939,0,ᛋᛏᚪᚠᚠᛖᛞ,369
ushered,3603767,0,ᚢᛋᚻᛖᚱᛖᛞ,313
combating,3602734,0,ᚳᚩᛗᛒᚪᛏᛝ,387
canvass,3600452,0,ᚳᚪᚾᚢᚪᛋᛋ,345
assyrian,3599303,0,ᚪᛋᛋᚣᚱᛡᚾ,453
cockpit,3597863,0,ᚳᚩᚳᚳᛈᛁᛏ,179
absorbs,3597601,0,ᚪᛒᛋᚩᚱᛒᛋ,343
diaspora,3597253,0,ᛞᛡᛋᛈᚩᚱᚪ,407
parisian,3596999,0,ᛈᚪᚱᛁᛋᛡᚾ,371
telecom,3592426,0,ᛏᛖᛚᛖᚳᚩᛗ,357
settles,3588865,0,ᛋᛖᛏᛏᛚᛖᛋ,431
abrasion,3587724,0,ᚪᛒᚱᚪᛋᛡᚾ,455
fistula,3585466,0,ᚠᛁᛋᛏᚢᛚᚪ,318
behaves,3580095,0,ᛒᛖᚻᚪᚢᛖᛋ,371
shotgun,3579783,0,ᛋᚻᚩᛏᚷᚢᚾ,191
neptune,3579515,0,ᚾᛖᛈᛏᚢᚾᛖ,297
woodrow,3579197,0,ᚹᚩᚩᛞᚱᚩᚹ,159
bleached,3577304,0,ᛒᛚᛠᚳᚻᛖᛞ,435
quakers,3576962,0,ᚳᚹᚪᚳᛖᚱᛋ,273
nightly,3576913,0,ᚾᛁᚷᚻᛏᛚᚣ,335
scanner,3573780,0,ᛋᚳᚪᚾᚾᛖᚱ,299
sonnets,3570133,0,ᛋᚩᚾᚾᛖᛏᛋ,297
dredged,3570062,0,ᛞᚱᛖᛞᚷᛖᛞ,429
radiance,3569477,0,ᚱᚪᛞᛡᚾᚳᛖ,413
hemlock,3569391,0,ᚻᛖᛗᛚᚩᚳᚳ,267
lessening,3568535,0,ᛚᛖᛋᛋᛖᚾᛝ,421
vibrant,3566601,0,ᚢᛁᛒᚱᚪᚾᛏ,291
ravages,3566483,0,ᚱᚪᚢᚪᚷᛖᛋ,345
averted,3566100,0,ᚪᚢᛖᚱᛏᛖᛞ,393
geodetic,3562032,0,ᚷᛇᛞᛖᛏᛁᚳ,317
incised,3558964,0,ᛁᚾᚳᛁᛋᛖᛞ,313
buildup,3555802,0,ᛒᚢᛁᛚᛞᚢᛈ,303
cornish,3555732,0,ᚳᚩᚱᚾᛁᛋᚻ,167
duality,3555320,0,ᛞᚢᚪᛚᛁᛏᚣ,455
exposes,3553116,0,ᛖᛉᛈᚩᛋᛖᛋ,337
scraped,3553046,0,ᛋᚳᚱᚪᛈᛖᛞ,373
burnham,3552266,0,ᛒᚢᚱᚾᚻᚪᛗ,295
plucked,3550506,0,ᛈᛚᚢᚳᚳᛖᛞ,301
addicts,3543818,0,ᚪᛞᛞᛁᚳᛏᛋ,431
concealing,3540691,0,ᚳᚩᚾᚳᛠᛚᛝ,323
plantings,3539896,0,ᛈᛚᚪᚾᛏᛝᛋ,433
lyrical,3534860,0,ᛚᚣᚱᛁᚳᚪᛚ,401
natured,3534716,0,ᚾᚪᛏᚢᚱᛖᛞ,355
derrida,3528554,0,ᛞᛖᚱᚱᛁᛞᚪ,395
merritt,3520206,0,ᛗᛖᚱᚱᛁᛏᛏ,309
erupted,3518137,0,ᛖᚱᚢᛈᛏᛖᛞ,339
hydrate,3517938,0,ᚻᚣᛞᚱᚪᛏᛖ,449
consort,3517214,0,ᚳᚩᚾᛋᚩᚱᛏ,179
fastening,3515490,0,ᚠᚪᛋᛏᛖᚾᛝ,386
payload,3508948,0,ᛈᚪᚣᛚᚩᚪᛞ,509
acrylic,3508337,0,ᚪᚳᚱᚣᛚᛁᚳ,341
explode,3508262,0,ᛖᛉᛈᛚᚩᛞᛖ,393
ballard,3506995,0,ᛒᚪᛚᛚᚪᚱᛞ,501
odyssey,3503733,0,ᚩᛞᚣᛋᛋᛖᚣ,475
belongings,3501819,0,ᛒᛖᛚᚩᛝᛝᛋ,419
siberian,3501117,0,ᛋᛁᛒᛖᚱᛡᚾ,359
plagued,3492269,0,ᛈᛚᚪᚷᚢᛖᛞ,389
fulness,3487730,0,ᚠᚢᛚᚾᛖᛋᛋ,280
diagnose,3487187,0,ᛞᛡᚷᚾᚩᛋᛖ,369
heparin,3483335,0,ᚻᛖᛈᚪᚱᛁᚾ,301
ptolemy,3482840,0,ᛈᛏᚩᛚᛖᛗᚣ,423
numeric,3481811,0,ᚾᚢᛗᛖᚱᛁᚳ,225
breakage,3480642,0,ᛒᚱᛠᚳᚪᚷᛖ,375
trainee,3473069,0,ᛏᚱᚪᛁᚾᛖᛖ,361
flipped,3472252,0,ᚠᛚᛁᛈᛈᛖᛞ,348
mockery,3471328,0,ᛗᚩᚳᚳᛖᚱᚣ,285
stroked,3469736,0,ᛋᛏᚱᚩᚳᛖᛞ,299
flanked,3467462,0,ᚠᛚᚪᚾᚳᛖᛞ,370
stanzas,3467310,0,ᛋᛏᚪᚾᛋᚪᛋ,441
brevity,3458693,0,ᛒᚱᛖᚢᛁᛏᚣ,335
pathogen,3457579,0,ᛈᚪᚦᚩᚷᛖᚾ,265
ejected,3456519,0,ᛖᛂᛖᚳᛏᛖᛞ,399
spurred,3454919,0,ᛋᛈᚢᚱᚱᛖᛞ,277
beckett,3453741,0,ᛒᛖᚳᚳᛖᛏᛏ,339
ignited,3452490,0,ᛁᚷᚾᛁᛏᛖᛞ,323
medulla,3451004,0,ᛗᛖᛞᚢᛚᛚᚪ,473
smelter,3449413,0,ᛋᛗᛖᛚᛏᛖᚱ,401
matilda,3437923,0,ᛗᚪᛏᛁᛚᛞᚪ,517
healthful,3437500,0,ᚻᛠᛚᚦᚠᚢᛚ,288
hemingway,3435962,0,ᚻᛖᛗᛝᚹᚪᚣ,459
sharper,3435848,0,ᛋᚻᚪᚱᛈᛖᚱ,305
dolphin,3431336,1,ᛞᚩᛚᛈᚻᛁᚾ,295
roanoke,3430499,0,ᚱᚩᚪᚾᚩᚳᛖ,231
oxidizing,3429887,0,ᚩᛉᛁᛞᛁᛋᛝ,337
subsets,3427595,0,ᛋᚢᛒᛋᛖᛏᛋ,349
hydroxy,3426166,0,ᚻᚣᛞᚱᚩᛉᚣ,383
unnamed,3423762,0,ᚢᚾᚾᚪᛗᛖᛞ,385
dressings,3422420,0,ᛞᚱᛖᛋᛋᛝᛋ,405
silurian,3414293,0,ᛋᛁᛚᚢᚱᛡᚾ,307
toluene,3413737,0,ᛏᚩᛚᚢᛖᚾᛖ,305
grandpa,3413730,0,ᚷᚱᚪᚾᛞᛈᚪ,383
utrecht,3412994,0,ᚢᛏᚱᛖᚳᚻᛏ,235
wolfgang,3411472,0,ᚹᚩᛚᚠᚷᚪᛝ,294
sanguine,3411350,0,ᛋᚪᛝᚢᛁᚾᛖ,359
derrick,3410781,0,ᛞᛖᚱᚱᛁᚳᚳ,235
monomer,3407091,0,ᛗᚩᚾᚩᛗᛖᚱ,263
swanson,3404416,0,ᛋᚹᚪᚾᛋᚩᚾ,287
labelling,3403903,0,ᛚᚪᛒᛖᛚᛚᛝ,523
coverings,3403622,0,ᚳᚩᚢᛖᚱᛝᛋ,233
picketing,3397373,0,ᛈᛁᚳᚳᛖᛏᛝ,305
infused,3397026,0,ᛁᚾᚠᚢᛋᛖᛞ,274
ferment,3396972,0,ᚠᛖᚱᛗᛖᚾᛏ,306
shrines,3396444,0,ᛋᚻᚱᛁᚾᛖᛋ,267
ephraim,3390135,0,ᛖᛈᚻᚱᚪᛁᛗ,343
eyebrow,3384946,0,ᛖᚣᛖᛒᚱᚩᚹ,335
valencia,3382527,0,ᚢᚪᛚᛖᚾᚳᛡ,389
impeded,3378717,0,ᛁᛗᛈᛖᛞᛖᛞ,457
hosiery,3377714,0,ᚻᚩᛋᛁᛖᚱᚣ,295
pitiful,3377528,0,ᛈᛁᛏᛁᚠᚢᛚ,242
clouded,3373879,0,ᚳᛚᚩᚢᛞᛖᛞ,341
scribes,3373626,0,ᛋᚳᚱᛁᛒᛖᛋ,289
turtles,3368881,0,ᛏᚢᚱᛏᛚᛖᛋ,325
clearest,3368624,0,ᚳᛚᛠᚱᛖᛋᛏ,385
tetanus,3367117,0,ᛏᛖᛏᚪᚾᚢᛋ,367
charmed,3367074,0,ᚳᚻᚪᚱᛗᛖᛞ,371
blasted,3367040,0,ᛒᛚᚪᛋᛏᛖᛞ,499
chapels,3366812,0,ᚳᚻᚪᛈᛖᛚᛋ,369
diocesan,3365592,0,ᛞᛡᚳᛖᛋᚪᚾ,455
biscuit,3365471,0,ᛒᛁᛋᚳᚢᛁᛏ,251
equated,3365218,0,ᛖᚳᚹᚪᛏᛖᛞ,411
tumbled,3365154,0,ᛏᚢᛗᛒᛚᛖᛞ,423
radiated,3364988,0,ᚱᚪᛞᛡᛏᛖᛞ,519
bolster,3364613,0,ᛒᚩᛚᛋᛏᛖᚱ,331
enquire,3364262,0,ᛖᚾᚳᚹᛁᚱᛖ,237
prompts,3357123,0,ᛈᚱᚩᛗᛈᛏᛋ,287
nitrous,3356480,0,ᚾᛁᛏᚱᚩᚢᛋ,193
pollard,3355815,0,ᛈᚩᛚᛚᚪᚱᛞ,393
triassic,3353574,0,ᛏᚱᛡᛋᛋᛁᚳ,327
seepage,3346307,0,ᛋᛖᛖᛈᚪᚷᛖ,411
patrols,3342781,0,ᛈᚪᛏᚱᚩᛚᛋ,343
clipped,3340382,0,ᚳᛚᛁᛈᛈᛖᛞ,359
incurring,3340236,0,ᛁᚾᚳᚢᚱᚱᛝ,177
sweetly,3339937,0,ᛋᚹᛖᛖᛏᛚᚣ,441
flavors,3339902,0,ᚠᛚᚪᚢᚩᚱᛋ,246
clutching,3338950,0,ᚳᛚᚢᛏᚳᚻᛝ,263
balkans,3338182,0,ᛒᚪᛚᚳᚪᚾᛋ,423
ladders,3337191,0,ᛚᚪᛞᛞᛖᚱᛋ,479
grafton,3336241,0,ᚷᚱᚪᚠᛏᚩᚾ,222
rampant,3332966,0,ᚱᚪᛗᛈᚪᚾᛏ,407
saharan,3332194,0,ᛋᚪᚻᚪᚱᚪᚾ,407
shudder,3332155,0,ᛋᚻᚢᛞᛞᛖᚱ,335
whistling,3331969,0,ᚹᚻᛁᛋᛏᛚᛝ,337
surpass,3328067,0,ᛋᚢᚱᛈᚪᛋᛋ,313
vitreous,3325870,0,ᚢᛁᛏᚱᛇᚢᛋ,201
beggars,3318908,0,ᛒᛖᚷᚷᚪᚱᛋ,323
artwork,3318654,0,ᚪᚱᛏᚹᚩᚱᚳ,217
weighty,3317016,0,ᚹᛖᛁᚷᚻᛏᚣ,319
squeezing,3311455,0,ᛋᚳᚹᛖᛖᛋᛝ,351
deutsch,3310882,0,ᛞᛖᚢᛏᛋᚳᚻ,307
refresh,3309772,0,ᚱᛖᚠᚱᛖᛋᚻ,234
wardens,3308019,0,ᚹᚪᚱᛞᛖᚾᛋ,365
corpses,3305751,0,ᚳᚩᚱᛈᛋᛖᛋ,247
prowess,3303828,0,ᛈᚱᚩᚹᛖᛋᛋ,253
freezer,3302720,0,ᚠᚱᛖᛖᛋᛖᚱ,278
boredom,3300555,0,ᛒᚩᚱᛖᛞᚩᛗ,313
muffled,3298279,0,ᛗᚢᚠᚠᛚᛖᛞ,307
resorting,3295754,0,ᚱᛖᛋᚩᚱᛏᛝ,287
kindled,3293933,0,ᚳᛁᚾᛞᛚᛖᛞ,391
emitter,3293127,0,ᛖᛗᛁᛏᛏᛖᚱ,365
regency,3292393,0,ᚱᛖᚷᛖᚾᚳᚣ,307
lawless,3289569,0,ᛚᚪᚹᛚᛖᛋᛋ,435
granada,3285841,0,ᚷᚱᚪᚾᚪᛞᚪ,437
alright,3284174,0,ᚪᛚᚱᛁᚷᚻᛏ,311
reclaim,3282988,0,ᚱᛖᚳᛚᚪᛁᛗ,363
academia,3281527,0,ᚪᚳᚪᛞᛖᛗᛡ,541
lettering,3281407,0,ᛚᛖᛏᛏᛖᚱᛝ,415
grieved,3279757,0,ᚷᚱᛁᛖᚢᛖᛞ,285
rewrite,3279503,0,ᚱᛖᚹᚱᛁᛏᛖ,265
terrors,3276610,0,ᛏᛖᚱᚱᚩᚱᛋ,219
migrating,3276145,0,ᛗᛁᚷᚱᚪᛏᛝ,365
mcguire,3274694,0,ᛗᚳᚷᚢᛁᚱᛖ,213
girders,3274229,0,ᚷᛁᚱᛞᛖᚱᛋ,279
magician,3274215,0,ᛗᚪᚷᛁᚳᛡᚾ,365
collars,3272160,0,ᚳᚩᛚᛚᚪᚱᛋ,327
peppers,3271422,0,ᛈᛖᛈᛈᛖᚱᛋ,327
oversee,3271070,0,ᚩᚢᛖᚱᛋᛖᛖ,275
graders,3270719,0,ᚷᚱᚪᛞᛖᚱᛋ,345
bohemian,3268010,0,ᛒᚩᚻᛖᛗᛡᚾ,365
revered,3267841,0,ᚱᛖᚢᛖᚱᛖᛞ,315
unbiased,3267471,0,ᚢᚾᛒᛡᛋᛖᛞ,409
compels,3265107,0,ᚳᚩᛗᛈᛖᛚᛋ,327
natalie,3262790,0,ᚾᚪᛏᚪᛚᛁᛖ,453
saginaw,3262789,0,ᛋᚪᚷᛁᚾᚪᚹ,343
microns,3261775,0,ᛗᛁᚳᚱᚩᚾᛋ,215
tainted,3260278,0,ᛏᚪᛁᚾᛏᛖᛞ,431
awfully,3257576,0,ᚪᚹᚠᚢᛚᛚᚣ,370
slumber,3256992,0,ᛋᛚᚢᛗᛒᛖᚱ,339
neolithic,3253237,0,ᚾᛇᛚᛁᚦᛁᚳ,223
wrapper,3246808,0,ᚹᚱᚪᛈᛈᛖᚱ,291
stabbed,3243270,0,ᛋᛏᚪᛒᛒᛖᛞ,487
respite,3242271,0,ᚱᛖᛋᛈᛁᛏᛖ,331
inertial,3242034,0,ᛁᚾᛖᚱᛏᛡᛚ,377
pharynx,3241336,0,ᛈᚻᚪᚱᚣᚾᛉ,353
ibrahim,3237765,0,ᛁᛒᚱᚪᚻᛁᛗ,325
sumatra,3236491,0,ᛋᚢᛗᚪᛏᚱᚪ,391
chaired,3235990,0,ᚳᚻᚪᛁᚱᛖᛞ,331
algiers,3235137,0,ᚪᛚᚷᛁᛖᚱᛋ,349
elevating,3230578,0,ᛖᛚᛖᚢᚪᛏᛝ,445
lessees,3227242,0,ᛚᛖᛋᛋᛖᛖᛋ,433
insulting,3227137,0,ᛁᚾᛋᚢᛚᛏᛝ,327
desmond,3222678,0,ᛞᛖᛋᛗᚩᚾᛞ,405
resists,3221804,0,ᚱᛖᛋᛁᛋᛏᛋ,327
tornado,3220037,0,ᛏᚩᚱᚾᚪᛞᚩ,299
secures,3217267,0,ᛋᛖᚳᚢᚱᛖᛋ,267
seville,3213808,0,ᛋᛖᚢᛁᛚᛚᛖ,367
couplings,3213539,0,ᚳᚩᚢᛈᛚᛝᛋ,271
isolating,3212810,0,ᛁᛋᚩᛚᚪᛏᛝ,399
roberto,3211859,0,ᚱᚩᛒᛖᚱᛏᚩ,223
ghastly,3210025,0,ᚷᚻᚪᛋᛏᛚᚣ,425
distort,3209817,0,ᛞᛁᛋᛏᚩᚱᛏ,309
forties,3205942,0,ᚠᚩᚱᛏᛁᛖᛋ,230
darkest,3202969,0,ᛞᚪᚱᚳᛖᛋᛏ,389
baffled,3201528,0,ᛒᚪᚠᚠᛚᛖᛞ,391
spinoza,3201301,0,ᛋᛈᛁᚾᚩᛋᚪ,313
verifying,3199443,1,ᚢᛖᚱᛁᚠᚣᛝ,296
plasmid,3198584,0,ᛈᛚᚪᛋᛗᛁᛞ,457
chatter,3195083,0,ᚳᚻᚪᛏᛏᛖᚱ,329
anorexia,3189760,0,ᚪᚾᚩᚱᛖᛉᛡ,365
revolve,3188745,0,ᚱᛖᚢᚩᛚᚢᛖ,231
insomnia,3188029,0,ᛁᚾᛋᚩᛗᚾᛡ,327
scented,3181184,0,ᛋᚳᛖᚾᛏᛖᛞ,377
notched,3177179,0,ᚾᚩᛏᚳᚻᛖᛞ,287
hoisted,3173816,0,ᚻᚩᛁᛋᛏᛖᛞ,329
markham,3172216,0,ᛗᚪᚱᚳᚻᚪᛗ,383
marianne,3170968,0,ᛗᚪᚱᛡᚾᚾᛖ,411
motioned,3170048,0,ᛗᚩᛏᛡᚾᛖᛞ,429
evinced,3169427,0,ᛖᚢᛁᚾᚳᛖᛞ,299
reliefs,3168039,0,ᚱᛖᛚᛁᛖᚠᛋ,304
cheques,3166622,0,ᚳᚻᛖᚳᚹᛖᛋ,255
slovakia,3165947,0,ᛋᛚᚩᚢᚪᚳᛡ,353
healthier,3164710,0,ᚻᛠᛚᚦᛁᛖᚱ,319
foramen,3161332,0,ᚠᚩᚱᚪᛗᛖᚾ,284
degrade,3161006,0,ᛞᛖᚷᚱᚪᛞᛖ,437
pliocene,3160112,0,ᛈᛚᛡᚳᛖᚾᛖ,399
jointed,3160086,0,ᛂᚩᛁᚾᛏᛖᛞ,319
siemens,3159267,0,ᛋᛁᛖᛗᛖᚾᛋ,371
purview,3158956,0,ᛈᚢᚱᚢᛁᛖᚹ,177
coulomb,3158265,0,ᚳᚩᚢᛚᚩᛗᛒ,235
worsted,3154940,0,ᚹᚩᚱᛋᛏᛖᛞ,305
conceit,3152975,0,ᚳᚩᚾᚳᛖᛁᛏ,219
nazareth,3152904,0,ᚾᚪᛋᚪᚱᛖᚦ,359
parlour,3152556,0,ᛈᚪᚱᛚᚩᚢᚱ,245
enraged,3151294,0,ᛖᚾᚱᚪᚷᛖᛞ,377
dragons,3150614,0,ᛞᚱᚪᚷᚩᚾᛋ,303
tritium,3148272,0,ᛏᚱᛁᛏᛁᚢᛗ,265
bouquet,3146845,0,ᛒᚩᚢᚳᚹᛖᛏ,229
tristan,3146392,0,ᛏᚱᛁᛋᛏᚪᚾ,339
nitrite,3144999,0,ᚾᛁᛏᚱᛁᛏᛖ,287
huddled,3142494,0,ᚻᚢᛞᛞᛚᛖᛞ,433
soprano,3140030,0,ᛋᚩᛈᚱᚪᚾᚩ,247
sojourn,3139887,0,ᛋᚩᛂᚩᚢᚱᚾ,147
aniline,3135799,0,ᚪᚾᛁᛚᛁᚾᛖ,357
cramped,3135671,0,ᚳᚱᚪᛗᛈᛖᛞ,391
colloid,3133603,0,ᚳᚩᛚᛚᚩᛁᛞ,293
abounds,3132698,0,ᚪᛒᚩᚢᚾᛞᛋ,339
turnips,3129584,0,ᛏᚢᚱᚾᛁᛈᛋ,229
shelton,3129385,0,ᛋᚻᛖᛚᛏᚩᚾ,311
tutorial,3128162,0,ᛏᚢᛏᚩᚱᛡᛚ,319
backlog,3126699,0,ᛒᚪᚳᚳᛚᚩᚷ,281
pinched,3119844,0,ᛈᛁᚾᚳᚻᛖᛞ,295
ruinous,3117692,0,ᚱᚢᛁᚾᚩᚢᛋ,137
reassure,3113997,0,ᚱᛠᛋᛋᚢᚱᛖ,307
fatally,3113635,0,ᚠᚪᛏᚪᛚᛚᚣ,504
exacted,3112962,0,ᛖᛉᚪᚳᛏᛖᛞ,439
clemens,3110940,0,ᚳᛚᛖᛗᛖᚾᛋ,373
quitted,3109527,0,ᚳᚹᛁᛏᛏᛖᛞ,337
riveted,3106716,0,ᚱᛁᚢᛖᛏᛖᛞ,327
yiddish,3106689,0,ᚣᛁᛞᛞᛁᛋᚻ,419
hostage,3105897,0,ᚻᚩᛋᛏᚪᚷᛖ,323
nomadic,3105591,0,ᚾᚩᛗᚪᛞᛁᚳ,337
diverting,3100623,0,ᛞᛁᚢᛖᚱᛏᛝ,339
bertram,3099329,0,ᛒᛖᚱᛏᚱᚪᛗ,377
rapture,3096667,0,ᚱᚪᛈᛏᚢᚱᛖ,291
palette,3094975,0,ᛈᚪᛚᛖᛏᛏᛖ,465
chained,3089802,0,ᚳᚻᚪᛁᚾᛖᛞ,349
furrows,3089532,0,ᚠᚢᚱᚱᚩᚹᛋ,106
summits,3089412,0,ᛋᚢᛗᛗᛁᛏᛋ,341
crowley,3089203,0,ᚳᚱᚩᚹᛚᛖᚣ,293
auctions,3088869,0,ᚪᚢᚳᛏᛡᚾᛋ,361
overlay,3084678,0,ᚩᚢᛖᚱᛚᚪᚣ,361
washers,3082865,0,ᚹᚪᛋᚻᛖᚱᛋ,323
ellison,3079115,0,ᛖᛚᛚᛁᛋᚩᚾ,333
breached,3078817,0,ᛒᚱᛠᚳᚻᛖᛞ,373
sweeney,3078635,0,ᛋᚹᛖᛖᚾᛖᚣ,405
erskine,3073097,0,ᛖᚱᛋᚳᛁᚾᛖ,271
asylums,3071790,0,ᚪᛋᚣᛚᚢᛗᛋ,453
upheaval,3070984,0,ᚢᛈᚻᛠᚢᚪᛚ,351
tubules,3070917,0,ᛏᚢᛒᚢᛚᛖᛋ,319
rethinking,3069233,0,ᚱᛖᚦᛁᚾᚳᛝ,235
emanuel,3068404,0,ᛖᛗᚪᚾᚢᛖᛚ,407
blooded,3067325,0,ᛒᛚᚩᚩᛞᛖᛞ,393
plaques,3065915,0,ᛈᛚᚪᚳᚹᛖᛋ,365
hartman,3061428,0,ᚻᚪᚱᛏᛗᚪᚾ,387
seamless,3059479,0,ᛋᛠᛗᛚᛖᛋᛋ,479
gilmore,3059002,0,ᚷᛁᛚᛗᚩᚱᛖ,277
tendons,3058263,0,ᛏᛖᚾᛞᚩᚾᛋ,333
ventura,3058181,0,ᚢᛖᚾᛏᚢᚱᚪ,269
heifers,3057585,0,ᚻᛖᛁᚠᛖᚱᛋ,254
yankees,3055368,0,ᚣᚪᚾᚳᛖᛖᛋ,429
unlucky,3054795,0,ᚢᚾᛚᚢᚳᚳᚣ,237
rectory,3053950,0,ᚱᛖᚳᛏᚩᚱᚣ,271
skipper,3053626,0,ᛋᚳᛁᛈᛈᛖᚱ,261
nipples,3053195,0,ᚾᛁᛈᛈᛚᛖᛋ,339
lactate,3051955,0,ᛚᚪᚳᛏᚪᛏᛖ,465
curtail,3051558,0,ᚳᚢᚱᛏᚪᛁᛚ,287
replica,3050914,0,ᚱᛖᛈᛚᛁᚳᚪ,335
crumbling,3050285,0,ᚳᚱᚢᛗᛒᛚᛝ,311
hyaline,3047681,0,ᚻᚣᚪᛚᛁᚾᛖ,423
mucosal,3046918,0,ᛗᚢᚳᚩᛋᚪᛚ,317
chancel,3046410,0,ᚳᚻᚪᚾᚳᛖᛚ,315
grooved,3044563,0,ᚷᚱᚩᚩᚢᛖᛞ,201
maidens,3044548,0,ᛗᚪᛁᛞᛖᚾᛋ,437
mumbled,3044064,0,ᛗᚢᛗᛒᛚᛖᛞ,435
gratify,3042177,0,ᚷᚱᚪᛏᛁᚠᚣ,320
fortran,3032785,0,ᚠᚩᚱᛏᚱᚪᚾ,216
jobbers,3027352,0,ᛂᚩᛒᛒᛖᚱᛋ,297
bailiff,3026402,0,ᛒᚪᛁᛚᛁᚠᚠ,297
austere,3026383,0,ᚪᚢᛋᛏᛖᚱᛖ,357
greeley,3024273,0,ᚷᚱᛖᛖᛚᛖᚣ,405
albanian,3023760,0,ᚪᛚᛒᚪᚾᛡᚾ,493
animate,3023199,0,ᚪᚾᛁᛗᚪᛏᛖ,451
formosa,3021256,0,ᚠᚩᚱᛗᚩᛋᚪ,248
steeply,3020610,0,ᛋᛏᛖᛖᛈᛚᚣ,465
germain,3018622,0,ᚷᛖᚱᛗᚪᛁᚾ,323
narrows,3017654,0,ᚾᚪᚱᚱᚩᚹᛋ,227
raisins,3015085,0,ᚱᚪᛁᛋᛁᚾᛋ,305
knitted,3013586,0,ᚳᚾᛁᛏᛏᛖᛞ,347
beseech,3011909,0,ᛒᛖᛋᛖᛖᚳᚻ,351
puzzles,3007778,0,ᛈᚢᛋᛋᛚᛖᛋ,345
profuse,3007765,0,ᛈᚱᚩᚠᚢᛋᛖ,186
pulleys,3006966,0,ᛈᚢᛚᛚᛖᚣᛋ,415
sawmill,3005006,0,ᛋᚪᚹᛗᛁᛚᛚ,417
lindsey,3002693,0,ᛚᛁᚾᛞᛋᛖᚣ,445
demeanor,3001416,0,ᛞᛖᛗᛠᚾᚩᚱ,383
porters,2999662,0,ᛈᚩᚱᛏᛖᚱᛋ,251
spartan,2998058,0,ᛋᛈᚪᚱᛏᚪᚾ,389
forlorn,2993552,0,ᚠᚩᚱᛚᚩᚱᚾ,140
trailed,2991868,0,ᛏᚱᚪᛁᛚᛖᛞ,427
torches,2988122,0,ᛏᚩᚱᚳᚻᛖᛋ,233
laplace,2986100,0,ᛚᚪᛈᛚᚪᚳᛖ,463
leveled,2983835,0,ᛚᛖᚢᛖᛚᛖᛞ,439
britons,2982169,0,ᛒᚱᛁᛏᚩᚾᛋ,251
polygon,2981648,0,ᛈᚩᛚᚣᚷᚩᚾ,279
alludes,2978221,0,ᚪᛚᛚᚢᛞᛖᛋ,455
picasso,2977358,0,ᛈᛁᚳᚪᛋᛋᚩ,297
buoyant,2976731,0,ᛒᚢᚩᚣᚪᚾᛏ,359
forsake,2974708,0,ᚠᚩᚱᛋᚪᚳᛖ,250
lengthening,2974469,0,ᛚᛖᛝᚦᛖᚾᛝ,399
cropped,2973542,0,ᚳᚱᚩᛈᛈᛖᛞ,273
quivering,2969942,0,ᚳᚹᛁᚢᛖᚱᛝ,223
lactose,2968168,0,ᛚᚪᚳᛏᚩᛋᛖ,369
audubon,2966977,0,ᚪᚢᛞᚢᛒᚩᚾ,289
ellipse,2964440,0,ᛖᛚᛚᛁᛈᛋᛖ,407
unarmed,2964141,0,ᚢᚾᚪᚱᛗᛖᛞ,367
fallout,2963670,0,ᚠᚪᛚᛚᚩᚢᛏ,314
steered,2961512,0,ᛋᛏᛖᛖᚱᛖᛞ,413
tackled,2961426,0,ᛏᚪᚳᚳᛚᛖᛞ,411
agendas,2960040,0,ᚪᚷᛖᚾᛞᚪᛋ,449
keyword,2959550,0,ᚳᛖᚣᚹᚩᚱᛞ,309
sizeable,2958470,0,ᛋᛁᛋᛠᛒᛚᛖ,447
buffers,2956271,0,ᛒᚢᚠᚠᛖᚱᛋ,199
relator,2955386,0,ᚱᛖᛚᚪᛏᚩᚱ,325
flicker,2955316,0,ᚠᛚᛁᚳᚳᛖᚱ,210
injecting,2954060,0,ᛁᚾᛂᛖᚳᛏᛝ,315
marries,2952701,0,ᛗᚪᚱᚱᛁᛖᛋ,341
ejection,2952459,0,ᛖᛂᛖᚳᛏᛡᚾ,379
schmitt,2950162,0,ᛋᚳᚻᛗᛁᛏᛏ,309
mcbride,2948042,0,ᛗᚳᛒᚱᛁᛞᛖ,343
imitating,2947965,0,ᛁᛗᛁᛏᚪᛏᛝ,427
peaceable,2947389,0,ᛈᛠᚳᛠᛒᛚᛖ,475
bunches,2946106,0,ᛒᚢᚾᚳᚻᛖᛋ,249
pendant,2945864,0,ᛈᛖᚾᛞᚪᚾᛏ,413
dutiable,2944109,0,ᛞᚢᛏᛡᛒᛚᛖ,459
thwarted,2943867,0,ᚦᚹᚪᚱᛏᛖᛞ,347
blushed,2942986,0,ᛒᛚᚢᛋᚻᛖᛞ,369
devotes,2941109,0,ᛞᛖᚢᚩᛏᛖᛋ,345
overrun,2941107,0,ᚩᚢᛖᚱᚱᚢᚾ,131
offsets,2940642,0,ᚩᚠᚠᛋᛖᛏᛋ,243
uplands,2939849,0,ᚢᛈᛚᚪᚾᛞᛋ,387
harshly,2938549,0,ᚻᚪᚱᛋᚻᛚᚣ,383
remington,2936912,0,ᚱᛖᛗᛝᛏᚩᚾ,323
cookery,2936588,0,ᚳᚩᚩᚳᛖᚱᚣ,221
alfonso,2934673,0,ᚪᛚᚠᚩᚾᛋᚩ,268
bauxite,2934211,0,ᛒᚪᚢᛉᛁᛏᛖ,365
propane,2932548,0,ᛈᚱᚩᛈᚪᚾᛖ,297
mallory,2930857,0,ᛗᚪᛚᛚᚩᚱᚣ,435
hammers,2928455,0,ᚻᚪᛗᛗᛖᚱᛋ,393
mansions,2926947,0,ᛗᚪᚾᛋᛡᚾᛋ,439
amperes,2926036,0,ᚪᛗᛈᛖᚱᛖᛋ,409
ploughing,2925853,0,ᛈᛚᚩᚢᚷᚻᛝ,245
adapter,2923160,0,ᚪᛞᚪᛈᛏᛖᚱ,463
insignia,2918254,0,ᛁᚾᛋᛁᚷᚾᛡ,297
totalling,2918249,0,ᛏᚩᛏᚪᛚᛚᛝ,447
bayesian,2914876,0,ᛒᚪᚣᛖᛋᛡᚾ,517
linnaeus,2913316,0,ᛚᛁᚾᚾᚫᚢᛋ,319
replete,2913288,0,ᚱᛖᛈᛚᛖᛏᛖ,387
beecher,2913118,0,ᛒᛖᛖᚳᚻᛖᚱ,309
hospice,2909082,0,ᚻᚩᛋᛈᛁᚳᛖ,237
tolstoy,2908938,0,ᛏᚩᛚᛋᛏᚩᚣ,361
minerva,2907703,0,ᛗᛁᚾᛖᚱᚢᚪ,309
troughs,2906713,0,ᛏᚱᚩᚢᚷᚻᛋ,173
glycine,2904332,0,ᚷᛚᚣᚳᛁᚾᛖ,333
toilets,2903675,0,ᛏᚩᛁᛚᛖᛏᛋ,349
flannel,2903486,0,ᚠᛚᚪᚾᚾᛖᛚ,370
rescind,2903267,0,ᚱᛖᛋᚳᛁᚾᛞ,293
clicked,2901574,0,ᚳᛚᛁᚳᚳᛖᛞ,299
quixote,2900056,0,ᚳᚹᛁᛉᚩᛏᛖ,243
cohorts,2899934,0,ᚳᚩᚻᚩᚱᛏᛋ,173
imparting,2897976,0,ᛁᛗᛈᚪᚱᛏᛝ,391
cruelly,2895152,0,ᚳᚱᚢᛖᛚᛚᚣ,343
listens,2893094,0,ᛚᛁᛋᛏᛖᚾᛋ,365
bridget,2892054,0,ᛒᚱᛁᛞᚷᛖᛏ,335
triplet,2888785,0,ᛏᚱᛁᛈᛚᛖᛏ,343
frazier,2887976,0,ᚠᚱᚪᛋᛁᛖᚱ,272
propped,2886703,0,ᛈᚱᚩᛈᛈᛖᛞ,303
enthalpy,2886291,0,ᛖᚾᚦᚪᛚᛈᚣ,417
embedding,2886186,0,ᛖᛗᛒᛖᛞᛞᛝ,523
emulate,2884783,0,ᛖᛗᚢᛚᚪᛏᛖ,437
pursues,2883993,0,ᛈᚢᚱᛋᚢᛖᛋ,233
israelis,2878754,0,ᛁᛋᚱᚫᛚᛁᛋ,353
undated,2878385,0,ᚢᚾᛞᚪᛏᛖᛞ,433
ascetic,2875664,0,ᚪᛋᚳᛖᛏᛁᚳ,333
digests,2874325,0,ᛞᛁᚷᛖᛋᛏᛋ,369
tactile,2871940,0,ᛏᚪᚳᛏᛁᛚᛖ,399
crocker,2871884,0,ᚳᚱᚩᚳᚳᛖᚱ,135
wellbeing,2870923,0,ᚹᛖᛚᛚᛒᛖᛝ,439
almonds,2866707,0,ᚪᛚᛗᚩᚾᛞᛋ,419
marbles,2866556,0,ᛗᚪᚱᛒᛚᛖᛋ,433
batches,2864511,0,ᛒᚪᛏᚳᚻᛖᛋ,373
calorie,2863450,0,ᚳᚪᛚᚩᚱᛁᛖ,299
centering,2863238,0,ᚳᛖᚾᛏᛖᚱᛝ,325
willows,2862853,0,ᚹᛁᛚᛚᚩᚹᛋ,275
bluntly,2862053,0,ᛒᛚᚢᚾᛏᛚᚣ,401
andover,2861517,0,ᚪᚾᛞᚩᚢᛖᚱ,303
corpora,2861122,0,ᚳᚩᚱᛈᚩᚱᚪ,189
closets,2859892,0,ᚳᛚᚩᛋᛖᛏᛋ,325
keynote,2859621,0,ᚳᛖᚣᚾᚩᛏᛖ,345
inquest,2859035,0,ᛁᚾᚳᚹᛖᛋᛏ,271
admirer,2856222,0,ᚪᛞᛗᛁᚱᛖᚱ,377
barbour,2856186,0,ᛒᚪᚱᛒᚩᚢᚱ,251
inwards,2855534,0,ᛁᚾᚹᚪᚱᛞᛋ,329
pasteur,2855301,0,ᛈᚪᛋᛏᛖᚢᚱ,333
vickers,2852489,0,ᚢᛁᚳᚳᛖᚱᛋ,191
cripple,2849901,0,ᚳᚱᛁᛈᛈᛚᛖ,281
binders,2849217,0,ᛒᛁᚾᛞᛖᚱᛋ,341
convene,2849201,0,ᚳᚩᚾᚢᛖᚾᛖ,215
genomic,2847964,0,ᚷᛖᚾᚩᛗᛁᚳ,235
sternly,2847242,0,ᛋᛏᛖᚱᚾᛚᚣ,395
millers,2845610,0,ᛗᛁᛚᛚᛖᚱᛋ,379
scourge,2842156,0,ᛋᚳᚩᚢᚱᚷᛖ,171
studded,2841610,0,ᛋᛏᚢᛞᛞᛖᛞ,449
scrolls,2837806,0,ᛋᚳᚱᚩᛚᛚᛋ,283
pistons,2834992,0,ᛈᛁᛋᛏᚩᚾᛋ,275
newbury,2834779,0,ᚾᛖᚹᛒᚢᚱᚣ,293
terence,2834286,0,ᛏᛖᚱᛖᚾᚳᛖ,313
teamwork,2833988,0,ᛏᛠᛗᚹᚩᚱᚳ,289
purcell,2833151,0,ᛈᚢᚱᚳᛖᛚᛚ,283
grenada,2829153,0,ᚷᚱᛖᚾᚪᛞᚪ,407
ablation,2827546,0,ᚪᛒᛚᚪᛏᛡᚾ,523
arrayed,2826252,0,ᚪᚱᚱᚪᚣᛖᛞ,475
festive,2824811,0,ᚠᛖᛋᛏᛁᚢᛖ,282
dualism,2824466,0,ᛞᚢᚪᛚᛁᛋᛗ,417
stalked,2824007,0,ᛋᛏᚪᛚᚳᛖᛞ,451
bruises,2823932,0,ᛒᚱᚢᛁᛋᛖᛋ,279
goodyear,2823915,0,ᚷᚩᚩᛞᚣᛠᚱ,343
solidly,2823603,0,ᛋᚩᛚᛁᛞᛚᚣ,429
bitumen,2820019,0,ᛒᛁᛏᚢᛗᛖᚾ,321
tacitus,2818671,0,ᛏᚪᚳᛁᛏᚢᛋ,315
prompting,2817022,0,ᛈᚱᚩᛗᛈᛏᛝ,313
strives,2816895,0,ᛋᛏᚱᛁᚢᛖᛋ,277
kinsman,2813453,0,ᚳᛁᚾᛋᛗᚪᚾ,323
rallied,2813169,0,ᚱᚪᛚᛚᛁᛖᛞ,441
fairies,2811445,0,ᚠᚪᛁᚱᛁᛖᛋ,292
lucknow,2808385,0,ᛚᚢᚳᚳᚾᚩᚹ,157
melodic,2808137,0,ᛗᛖᛚᚩᛞᛁᚳ,351
mcmahon,2803720,0,ᛗᚳᛗᚪᚻᚩᚾ,311
haulage,2800963,0,ᚻᚪᚢᛚᚪᚷᛖ,377
nurturing,2800044,0,ᚾᚢᚱᛏᚢᚱᛝ,195
fluency,2800037,0,ᚠᛚᚢᛖᚾᚳᚣ,290
olivine,2799733,0,ᚩᛚᛁᚢᛁᚾᛖ,241
bassett,2799295,0,ᛒᚪᛋᛋᛖᛏᛏ,449
albumen,2797870,0,ᚪᛚᛒᚢᛗᛖᚾ,401
purifying,2796871,0,ᛈᚢᚱᛁᚠᚣᛝ,272
alberto,2796376,0,ᚪᛚᛒᛖᚱᛏᚩ,375
sinuses,2794647,0,ᛋᛁᚾᚢᛋᛖᛋ,289
briskly,2793493,0,ᛒᚱᛁᛋᚳᛚᚣ,345
hobbies,2792078,0,ᚻᚩᛒᛒᛁᛖᛋ,303
defends,2791467,0,ᛞᛖᚠᛖᚾᛞᛋ,396
tunneling,2790814,0,ᛏᚢᚾᚾᛖᛚᛝ,339
streaked,2789952,0,ᛋᛏᚱᛠᚳᛖᛞ,401
artisan,2789485,0,ᚪᚱᛏᛁᛋᚪᚾ,377
valerie,2788814,0,ᚢᚪᛚᛖᚱᛁᛖ,349
cleansed,2788385,0,ᚳᛚᛠᚾᛋᛖᛞ,433
insures,2788115,0,ᛁᚾᛋᚢᚱᛖᛋ,247
rectify,2784373,0,ᚱᛖᚳᛏᛁᚠᚣ,286
laryngeal,2783327,0,ᛚᚪᚱᚣᛝᛠᛚ,545
slogans,2782653,0,ᛋᛚᚩᚷᚪᚾᛋ,329
authored,2781275,0,ᚪᚢᚦᚩᚱᛖᛞ,279
rattled,2780528,0,ᚱᚪᛏᛏᛚᛖᛞ,455
furthering,2779013,0,ᚠᚢᚱᚦᛖᚱᛝ,178
tyrants,2778324,0,ᛏᚣᚱᚪᚾᛏᛋ,411
bounced,2775742,0,ᛒᚩᚢᚾᚳᛖᛞ,269
amalgam,2774876,0,ᚪᛗᚪᛚᚷᚪᛗ,523
inaction,2774214,0,ᛁᚾᚪᚳᛏᛡᚾ,365
jurists,2771941,0,ᛂᚢᚱᛁᛋᛏᛋ,247
onerous,2770998,0,ᚩᚾᛖᚱᚩᚢᛋ,177
dominic,2770814,0,ᛞᚩᛗᛁᚾᛁᚳ,271
midwife,2770161,0,ᛗᛁᛞᚹᛁᚠᛖ,310
plugged,2768856,0,ᛈᛚᚢᚷᚷᛖᛞ,309
prefect,2767930,0,ᛈᚱᛖᚠᛖᚳᛏ,262
barrage,2766504,0,ᛒᚪᚱᚱᚪᚷᛖ,361
amazingly,2765302,0,ᚪᛗᚪᛋᛝᛚᚣ,573
vesicle,2763746,0,ᚢᛖᛋᛁᚳᛚᛖ,307
cartons,2763004,0,ᚳᚪᚱᛏᚩᚾᛋ,269
killers,2760620,0,ᚳᛁᛚᛚᛖᚱᛋ,321
manures,2757420,0,ᛗᚪᚾᚢᚱᛖᛋ,331
sprouts,2757270,0,ᛋᛈᚱᚩᚢᛏᛋ,229
isomers,2751506,0,ᛁᛋᚩᛗᛖᚱᛋ,293
impasse,2748959,0,ᛁᛗᛈᚪᛋᛋᛖ,415
droplet,2747502,0,ᛞᚱᚩᛈᛚᛖᛏ,349
cements,2746961,0,ᚳᛖᛗᛖᚾᛏᛋ,359
unionist,2746220,0,ᚢᚾᛡᚾᛁᛋᛏ,311
forgets,2743392,0,ᚠᚩᚱᚷᛖᛏᛋ,216
argonne,2742159,0,ᚪᚱᚷᚩᚾᚾᛖ,257
coveted,2742079,0,ᚳᚩᚢᛖᛏᛖᛞ,305
heartbeat,2740759,0,ᚻᛠᚱᛏᛒᛠᛏ,431
volition,2738432,0,ᚢᚩᛚᛁᛏᛡᚾ,309
slumped,2735926,0,ᛋᛚᚢᛗᛈᛖᛞ,399
rebound,2732974,0,ᚱᛖᛒᚩᚢᚾᛞ,267
resumes,2732301,0,ᚱᛖᛋᚢᛗᛖᛋ,325
opacity,2731994,0,ᚩᛈᚪᚳᛁᛏᚣ,353
sawdust,2731831,0,ᛋᚪᚹᛞᚢᛋᛏ,373
jakarta,2729533,0,ᛂᚪᚳᚪᚱᛏᚪ,411
algerian,2727425,0,ᚪᛚᚷᛖᚱᛡᚾ,401
hateful,2726222,0,ᚻᚪᛏᛖᚠᚢᛚ,324
shelled,2725308,0,ᛋᚻᛖᛚᛚᛖᛞ,445
hodgkin,2724892,0,ᚻᚩᛞᚷᚳᛁᚾ,209
clapped,2724163,0,ᚳᛚᚪᛈᛈᛖᛞ,425
snorted,2723048,0,ᛋᚾᚩᚱᛏᛖᛞ,315
tellers,2721673,0,ᛏᛖᛚᛚᛖᚱᛋ,403
pumpkin,2721304,0,ᛈᚢᛗᛈᚳᛁᚾ,233
technic,2721184,0,ᛏᛖᚳᚻᚾᛁᚳ,235
actuating,2718809,0,ᚪᚳᛏᚢᚪᛏᛝ,407
stallion,2718533,0,ᛋᛏᚪᛚᛚᛡᚾ,491
legible,2717099,0,ᛚᛖᚷᛁᛒᛚᛖ,389
surfacing,2715622,0,ᛋᚢᚱᚠᚪᚳᛝ,258
racially,2714945,0,ᚱᚪᚳᛡᛚᛚᚣ,477
follies,2714773,0,ᚠᚩᛚᛚᛁᛖᛋ,306
sorption,2713854,0,ᛋᚩᚱᛈᛏᛡᚾ,309
alleles,2713456,0,ᚪᛚᛚᛖᛚᛖᛋ,503
intents,2713274,0,ᛁᚾᛏᛖᚾᛏᛋ,327
radially,2711086,0,ᚱᚪᛞᛡᛚᛚᚣ,553
outfits,2709511,0,ᚩᚢᛏᚠᛁᛏᛋ,214
disraeli,2708484,0,ᛞᛁᛋᚱᚫᛚᛁ,389
janitor,2707901,0,ᛂᚪᚾᛁᛏᚩᚱ,271
singleton,2706358,0,ᛋᛝᛚᛖᛏᚩᚾ,367
sarcasm,2706024,0,ᛋᚪᚱᚳᚪᛋᛗ,395
tripoli,2700958,0,ᛏᚱᛁᛈᚩᛚᛁ,255
crashes,2700080,0,ᚳᚱᚪᛋᚻᛖᛋ,317
emblems,2699063,0,ᛖᛗᛒᛚᛖᛗᛋ,463
warmest,2699038,0,ᚹᚪᚱᛗᛖᛋᛏ,377
ferries,2695739,0,ᚠᛖᚱᚱᛁᛖᛋ,242
melanie,2694182,0,ᛗᛖᛚᚪᚾᛁᛖ,435
waivers,2693092,0,ᚹᚪᛁᚢᛖᚱᛋ,281
kremlin,2690514,0,ᚳᚱᛖᛗᛚᛁᚾ,295
fairest,2684961,0,ᚠᚪᛁᚱᛖᛋᛏ,320
seashore,2683289,0,ᛋᛠᛋᚻᚩᚱᛖ,323
ternary,2681884,0,ᛏᛖᚱᚾᚪᚱᚣ,377
societe,2681162,0,ᛋᚩᚳᛁᛖᛏᛖ,297
departs,2679232,0,ᛞᛖᛈᚪᚱᛏᛋ,419
whirled,2679207,0,ᚹᚻᛁᚱᛚᛖᛞ,313
ingersoll,2678017,0,ᛝᛖᚱᛋᚩᛚᛚ,363
stubble,2676653,0,ᛋᛏᚢᛒᛒᛚᛖ,377
marlowe,2676643,0,ᛗᚪᚱᛚᚩᚹᛖ,345
grafted,2676412,0,ᚷᚱᚪᚠᛏᛖᛞ,342
avarice,2675497,0,ᚪᚢᚪᚱᛁᚳᛖ,319
juniper,2672870,0,ᛂᚢᚾᛁᛈᛖᚱ,221
lesbians,2672539,0,ᛚᛖᛋᛒᛡᚾᛋ,443
slovenia,2671162,0,ᛋᛚᚩᚢᛖᚾᛡ,339
excised,2670849,0,ᛖᛉᚳᛁᛋᛖᛞ,367
blunder,2670805,0,ᛒᛚᚢᚾᛞᛖᚱ,333
herrick,2669511,0,ᚻᛖᚱᚱᛁᚳᚳ,169
grinder,2666340,0,ᚷᚱᛁᚾᛞᛖᚱ,255
oftener,2666214,0,ᚩᚠᛏᛖᚾᛖᚱ,242
ghostly,2663905,0,ᚷᚻᚩᛋᛏᛚᚣ,335
sampler,2662280,0,ᛋᚪᛗᛈᛚᛖᚱ,415
quarrying,2661690,0,ᚳᚹᚪᚱᚱᚣᛝ,333
indulging,2660891,0,ᛁᚾᛞᚢᛚᚷᛝ,321
asunder,2659709,0,ᚪᛋᚢᚾᛞᛖᚱ,349
likened,2659554,0,ᛚᛁᚳᛖᚾᛖᛞ,369
genesee,2659204,0,ᚷᛖᚾᛖᛋᛖᛖ,367
annette,2654640,0,ᚪᚾᚾᛖᛏᛏᛖ,407
maureen,2653416,0,ᛗᚪᚢᚱᛖᛖᚾ,345
dauphin,2652168,0,ᛞᚪᚢᛈᚻᛁᚾ,315
brewers,2651929,0,ᛒᚱᛖᚹᛖᚱᛋ,289
hanford,2649632,0,ᚻᚪᚾᚠᚩᚱᛞ,258
crustal,2644272,0,ᚳᚱᚢᛋᛏᚪᛚ,309
profiling,2643265,0,ᛈᚱᚩᚠᛁᛚᛝ,246
freddie,2642867,0,ᚠᚱᛖᛞᛞᛁᛖ,356
murdoch,2642665,0,ᛗᚢᚱᛞᚩᚳᚻ,217
detract,2642490,0,ᛞᛖᛏᚱᚪᚳᛏ,395
rotates,2642083,0,ᚱᚩᛏᚪᛏᛖᛋ,353
sessile,2641722,0,ᛋᛖᛋᛋᛁᛚᛖ,397
orchids,2639358,0,ᚩᚱᚳᚻᛁᛞᛋ,227
midline,2637488,0,ᛗᛁᛞᛚᛁᚾᛖ,391
schwarz,2637237,0,ᛋᚳᚻᚹᚪᚱᛋ,269
biologic,2637194,0,ᛒᛡᛚᚩᚷᛁᚳ,309
freemen,2636381,0,ᚠᚱᛖᛖᛗᛖᚾ,314
paupers,2635563,0,ᛈᚪᚢᛈᛖᚱᛋ,317
recount,2634578,0,ᚱᛖᚳᚩᚢᚾᛏ,189
actuary,2634280,0,ᚪᚳᛏᚢᚪᚱᚣ,383
sandals,2631273,0,ᛋᚪᚾᛞᚪᛚᛋ,491
saluted,2630422,0,ᛋᚪᛚᚢᛏᛖᛞ,441
haskell,2630265,0,ᚻᚪᛋᚳᛖᛚᛚ,399
cruises,2628201,0,ᚳᚱᚢᛁᛋᛖᛋ,231
lizards,2627967,0,ᛚᛁᛋᚪᚱᛞᛋ,407
hottest,2627015,0,ᚻᚩᛏᛏᛖᛋᛏ,327
laurent,2627001,0,ᛚᚪᚢᚱᛖᚾᛏ,339
colitis,2625825,0,ᚳᚩᛚᛁᛏᛁᛋ,267
slotted,2625301,0,ᛋᛚᚩᛏᛏᛖᛞ,407
redness,2623427,0,ᚱᛖᛞᚾᛖᛋᛋ,369
publick,2622866,0,ᛈᚢᛒᛚᛁᚳᚳ,237
clashes,2622345,0,ᚳᛚᚪᛋᚻᛖᛋ,379
cummins,2621401,0,ᚳᚢᛗᛗᛁᚾᛋ,271
sternum,2621091,0,ᛋᛏᛖᚱᚾᚢᛗ,293
ductile,2620100,0,ᛞᚢᚳᛏᛁᛚᛖ,335
caloric,2619756,0,ᚳᚪᛚᚩᚱᛁᚳ,245
cursory,2619445,0,ᚳᚢᚱᛋᚩᚱᚣ,201
inflows,2613430,0,ᛁᚾᚠᛚᚩᚹᛋ,214
notifying,2612999,0,ᚾᚩᛏᛁᚠᚣᛝ,310
soldering,2607628,0,ᛋᚩᛚᛞᛖᚱᛝ,379
tiffany,2607047,0,ᛏᛁᚠᚠᚪᚾᚣ,323
taunton,2606553,0,ᛏᚪᚢᚾᛏᚩᚾ,283
schists,2606055,0,ᛋᚳᚻᛁᛋᛏᛋ,285
lagrange,2606050,0,ᛚᚪᚷᚱᚪᛝᛖ,441
redeeming,2605573,0,ᚱᛖᛞᛖᛖᛗᛝ,451
arundel,2605557,0,ᚪᚱᚢᚾᛞᛖᛚ,369
equipping,2605013,0,ᛖᚳᚹᛁᛈᛈᛝ,295
mongolian,2603088,0,ᛗᚩᛝᚩᛚᛡᚾ,373
infringed,2601789,0,ᛁᚾᚠᚱᛝᛖᛞ,308
stooped,2601619,0,ᛋᛏᚩᚩᛈᛖᛞ,325
gravels,2598791,0,ᚷᚱᚪᚢᛖᛚᛋ,321
stipend,2598589,0,ᛋᛏᛁᛈᛖᚾᛞ,371
marston,2597454,0,ᛗᚪᚱᛋᛏᚩᚾ,327
stormed,2596037,0,ᛋᛏᚩᚱᛗᛖᛞ,357
whipple,2595755,0,ᚹᚻᛁᛈᛈᛚᛖ,299
recycle,2594921,0,ᚱᛖᚳᚣᚳᛚᛖ,347
croatian,2594627,0,ᚳᚱᚩᚪᛏᛡᚾ,323
castile,2593761,0,ᚳᚪᛋᛏᛁᛚᛖ,393
magnolia,2593319,0,ᛗᚪᚷᚾᚩᛚᛡ,401
tougher,2589728,0,ᛏᚩᚢᚷᚻᛖᚱ,187
fictions,2585799,0,ᚠᛁᚳᛏᛡᚾᛋ,294
defunct,2585366,0,ᛞᛖᚠᚢᚾᚳᛏ,262
courtly,2584176,0,ᚳᚩᚢᚱᛏᛚᚣ,269
staunch,2583460,0,ᛋᛏᚪᚢᚾᚳᚻ,277
blister,2582976,0,ᛒᛚᛁᛋᛏᛖᚱ,355
objecting,2582638,0,ᚩᛒᛂᛖᚳᛏᛝ,323
disabling,2582481,0,ᛞᛁᛋᚪᛒᛚᛝ,483
mortars,2581400,0,ᛗᚩᚱᛏᚪᚱᛋ,309
cellars,2581047,0,ᚳᛖᛚᛚᚪᚱᛋ,387
murmurs,2577494,0,ᛗᚢᚱᛗᚢᚱᛋ,223
refuted,2575495,0,ᚱᛖᚠᚢᛏᛖᛞ,298
fiftieth,2573435,0,ᚠᛁᚠᛏᛁᛖᚦ,197
drapery,2572806,0,ᛞᚱᚪᛈᛖᚱᚣ,421
merited,2572262,0,ᛗᛖᚱᛁᛏᛖᛞ,395
hilbert,2571503,0,ᚻᛁᛚᛒᛖᚱᛏ,325
twitter,2566505,0,ᛏᚹᛁᛏᛏᛖᚱ,305
pelagic,2565007,0,ᛈᛖᛚᚪᚷᛁᚳ,341
binomial,2563854,0,ᛒᛁᚾᚩᛗᛡᛚ,379
mckenna,2561691,0,ᛗᚳᚳᛖᚾᚾᚪ,319
camphor,2560770,0,ᚳᚪᛗᛈᚻᚩᚱ,265
alvarez,2558699,0,ᚪᛚᚢᚪᚱᛖᛋ,401
hovered,2558508,0,ᚻᚩᚢᛖᚱᛖᛞ,267
spaniard,2557952,0,ᛋᛈᚪᚾᛡᚱᛞ,429
caribou,2556994,0,ᚳᚪᚱᛁᛒᚩᚢ,223
helmets,2556689,0,ᚻᛖᛚᛗᛖᛏᛋ,413
hewlett,2556350,0,ᚻᛖᚹᛚᛖᛏᛏ,367
frankie,2552196,0,ᚠᚱᚪᚾᚳᛁᛖ,250
caprice,2550961,0,ᚳᚪᛈᚱᛁᚳᛖ,275
smoother,2550229,0,ᛋᛗᚩᚩᚦᛖᚱ,221
subsist,2545164,0,ᛋᚢᛒᛋᛁᛋᛏ,313
hackney,2544224,0,ᚻᚪᚳᚳᚾᛖᚣ,345
sparked,2544169,0,ᛋᛈᚪᚱᚳᛖᛞ,373
averred,2544028,0,ᚪᚢᛖᚱᚱᛖᛞ,345
garages,2543318,0,ᚷᚪᚱᚪᚷᛖᛋ,359
lacquer,2539698,0,ᛚᚪᚳᚳᚹᛖᚱ,293
stopper,2536800,0,ᛋᛏᚩᛈᛈᛖᚱ,283
chanced,2533509,0,ᚳᚻᚪᚾᚳᛖᛞ,331
framers,2532913,0,ᚠᚱᚪᛗᛖᚱᛋ,312
uncanny,2532546,0,ᚢᚾᚳᚪᚾᚾᚣ,303
orators,2530801,0,ᚩᚱᚪᛏᚩᚱᛋ,245
halogen,2530241,0,ᚻᚪᛚᚩᚷᛖᚾ,313
catfish,2529295,0,ᚳᚪᛏᚠᛁᛋᚻ,278
joachim,2529277,0,ᛂᚩᚪᚳᚻᛁᛗ,279
theoretic,2527636,0,ᚦᛇᚱᛖᛏᛁᚳ,227
paucity,2526455,0,ᛈᚪᚢᚳᛁᛏᚣ,349
madeira,2525345,0,ᛗᚪᛞᛖᛁᚱᚪ,463
convening,2524711,0,ᚳᚩᚾᚢᛖᚾᛝ,227
culvert,2523096,0,ᚳᚢᛚᚢᛖᚱᛏ,229
soundings,2521361,0,ᛋᚩᚢᚾᛞᛝᛋ,313
setback,2520896,0,ᛋᛖᛏᛒᚪᚳᚳ,363
styrene,2518477,0,ᛋᛏᚣᚱᛖᚾᛖ,389
ferrite,2517471,0,ᚠᛖᚱᚱᛁᛏᛖ,248
worsening,2516691,0,ᚹᚩᚱᛋᛖᚾᛝ,265
fledged,2515885,0,ᚠᛚᛖᛞᚷᛖᛞ,404
garrick,2514051,0,ᚷᚪᚱᚱᛁᚳᚳ,193
haggard,2513791,0,ᚻᚪᚷᚷᚪᚱᛞ,351
sedition,2504943,0,ᛋᛖᛞᛁᛏᛡᚾ,435
ripened,2502974,0,ᚱᛁᛈᛖᚾᛖᛞ,337
grayson,2501550,0,ᚷᚱᚪᚣᛋᚩᚾ,317
skipped,2499479,0,ᛋᚳᛁᛈᛈᛖᛞ,339
crafted,2499417,0,ᚳᚱᚪᚠᛏᛖᛞ,338
sturgeon,2499328,0,ᛋᛏᚢᚱᚷᛇᚾ,213
canteen,2499133,0,ᚳᚪᚾᛏᛖᛖᚾ,361
coronal,2498960,0,ᚳᚩᚱᚩᚾᚪᛚ,237
grunted,2498441,0,ᚷᚱᚢᚾᛏᛖᛞ,275
lettres,2498158,0,ᛚᛖᛏᛏᚱᛖᛋ,389
exploding,2497110,0,ᛖᛉᛈᛚᚩᛞᛝ,405
caracas,2495377,0,ᚳᚪᚱᚪᚳᚪᛋ,381
seduced,2492059,0,ᛋᛖᛞᚢᚳᛖᛞ,381
leftist,2491920,0,ᛚᛖᚠᛏᛁᛋᛏ,344
assayed,2491517,0,ᚪᛋᛋᚪᚣᛖᛞ,559
samantha,2488554,0,ᛋᚪᛗᚪᚾᚦᚪ,449
jericho,2487758,0,ᛂᛖᚱᛁᚳᚻᚩ,189
adipose,2487159,0,ᚪᛞᛁᛈᚩᛋᛖ,387
naughty,2486643,0,ᚾᚪᚢᚷᚻᛏᚣ,331
bahrain,2486125,0,ᛒᚪᚻᚱᚪᛁᚾ,349
mastering,2479823,0,ᛗᚪᛋᛏᛖᚱᛝ,437
bedtime,2479746,0,ᛒᛖᛞᛏᛁᛗᛖ,445
sleeper,2476870,0,ᛋᛚᛖᛖᛈᛖᚱ,381
lighten,2476863,0,ᛚᛁᚷᚻᛏᛖᚾ,299
depress,2475997,0,ᛞᛖᛈᚱᛖᛋᛋ,383
loosening,2475779,0,ᛚᚩᚩᛋᛖᚾᛝ,315
clippings,2475775,0,ᚳᛚᛁᛈᛈᛝᛋ,335
virgins,2475014,0,ᚢᛁᚱᚷᛁᚾᛋ,175
falsity,2474694,0,ᚠᚪᛚᛋᛁᛏᚣ,418
pastime,2474225,0,ᛈᚪᛋᛏᛁᛗᛖ,421
lunches,2472078,0,ᛚᚢᚾᚳᚻᛖᛋ,261
glamour,2471561,0,ᚷᛚᚪᛗᚩᚢᚱ,279
botanic,2469804,0,ᛒᚩᛏᚪᚾᛁᚳ,297
susanna,2469471,0,ᛋᚢᛋᚪᚾᚾᚪ,361
soundly,2468106,0,ᛋᚩᚢᚾᛞᛚᚣ,357
remarking,2466336,0,ᚱᛖᛗᚪᚱᚳᛝ,349
sicilian,2464846,0,ᛋᛁᚳᛁᛚᛡᚾ,337
upsetting,2463673,0,ᚢᛈᛋᛖᛏᛏᛝ,363
bayonet,2462847,0,ᛒᚪᚣᚩᚾᛖᛏ,423
bulkhead,2462730,0,ᛒᚢᛚᚳᚻᛠᛞ,371
aerosols,2461037,0,ᚫᚱᚩᛋᚩᛚᛋ,305
sardinia,2460429,0,ᛋᚪᚱᛞᛁᚾᛡ,417
daybreak,2460101,0,ᛞᚪᚣᛒᚱᛠᚳ,483
trickle,2459829,0,ᛏᚱᛁᚳᚳᛚᛖ,267
commuting,2459683,0,ᚳᚩᛗᛗᚢᛏᛝ,303
pursuer,2458697,0,ᛈᚢᚱᛋᚢᛖᚱ,191
prelate,2455135,0,ᛈᚱᛖᛚᚪᛏᛖ,417
oxalate,2452286,0,ᚩᛉᚪᛚᚪᛏᛖ,447
vertigo,2451482,0,ᚢᛖᚱᛏᛁᚷᚩ,195
broiler,2449250,0,ᛒᚱᚩᛁᛚᛖᚱ,261
stunted,2447079,0,ᛋᛏᚢᚾᛏᛖᛞ,359
heiress,2445421,0,ᚻᛖᛁᚱᛖᛋᛋ,305
shovels,2442497,0,ᛋᚻᚩᚢᛖᛚᛋ,279
viscera,2440347,0,ᚢᛁᛋᚳᛖᚱᚪ,275
stumble,2439800,0,ᛋᛏᚢᛗᛒᛚᛖ,387
waiters,2438837,0,ᚹᚪᛁᛏᛖᚱᛋ,337
muttering,2437059,0,ᛗᚢᛏᛏᛖᚱᛝ,349
darkening,2435961,0,ᛞᚪᚱᚳᛖᚾᛝ,385
feathered,2434944,0,ᚠᛠᚦᛖᚱᛖᛞ,350
plasmas,2431889,0,ᛈᛚᚪᛋᛗᚪᛋ,487
wrongdoing,2430738,0,ᚹᚱᚩᛝᛞᚩᛝ,291
artesian,2429554,0,ᚪᚱᛏᛖᛋᛡᚾ,423
inroads,2429224,0,ᛁᚾᚱᚩᚪᛞᛋ,317
notches,2427971,0,ᚾᚩᛏᚳᚻᛖᛋ,251
magneto,2427756,0,ᛗᚪᚷᚾᛖᛏᚩ,347
culprit,2427453,0,ᚳᚢᛚᛈᚱᛁᛏ,233
gerhard,2427433,0,ᚷᛖᚱᚻᚪᚱᛞ,315
ranches,2427098,0,ᚱᚪᚾᚳᚻᛖᛋ,293
mikhail,2425858,0,ᛗᛁᚳᚻᚪᛁᛚ,339
murmuring,2425084,0,ᛗᚢᚱᛗᚢᚱᛝ,249
leibniz,2424123,0,ᛚᛖᛁᛒᚾᛁᛋ,345
calibre,2424094,0,ᚳᚪᛚᛁᛒᚱᛖ,353
decorum,2423336,0,ᛞᛖᚳᚩᚱᚢᛗ,261
eviction,2420051,0,ᛖᚢᛁᚳᛏᛡᚾ,309
epitaph,2419943,0,ᛖᛈᛁᛏᚪᛈᚻ,363
skillet,2416410,0,ᛋᚳᛁᛚᛚᛖᛏ,369
giggled,2414384,0,ᚷᛁᚷᚷᛚᛖᛞ,311
creators,2412074,0,ᚳᚱᛠᛏᚩᚱᛋ,263
foresaw,2410276,0,ᚠᚩᚱᛖᛋᚪᚹ,256
peerage,2406742,0,ᛈᛖᛖᚱᚪᚷᛖ,369
couched,2401612,0,ᚳᚩᚢᚳᚻᛖᛞ,215
rewriting,2400774,0,ᚱᛖᚹᚱᛁᛏᛝ,277
ephesus,2400255,0,ᛖᛈᚻᛖᛋᚢᛋ,309
stifled,2399504,0,ᛋᛏᛁᚠᛚᛖᛞ,374
gallows,2399121,0,ᚷᚪᛚᛚᚩᚹᛋ,339
turnout,2398686,0,ᛏᚢᚱᚾᚩᚢᛏ,171
cushman,2397083,0,ᚳᚢᛋᚻᛗᚪᚾ,289
mediocre,2397008,0,ᛗᛖᛞᛡᚳᚱᛖ,425
greyish,2396422,0,ᚷᚱᛖᚣᛁᛋᚻ,305
steeper,2394079,0,ᛋᛏᛖᛖᛈᛖᚱ,367
olivier,2393491,0,ᚩᛚᛁᚢᛁᛖᚱ,223
exempting,2391578,0,ᛖᛉᛖᛗᛈᛏᛝ,433
applaud,2391154,0,ᚪᛈᛈᛚᚪᚢᛞ,445
inventing,2388021,0,ᛁᚾᚢᛖᚾᛏᛝ,297
marriott,2387649,0,ᛗᚪᚱᚱᛡᛏᛏ,415
outpost,2387615,0,ᚩᚢᛏᛈᚩᛋᛏ,231
engraver,2387209,0,ᛖᛝᚱᚪᚢᛖᚱ,335
retires,2386702,0,ᚱᛖᛏᛁᚱᛖᛋ,299
fattening,2386459,0,ᚠᚪᛏᛏᛖᚾᛝ,392
nascent,2386279,0,ᚾᚪᛋᚳᛖᚾᛏ,347
chuckle,2383594,0,ᚳᚻᚢᚳᚳᛚᛖ,205
breezes,2382618,0,ᛒᚱᛖᛖᛋᛖᛋ,379
adriatic,2380487,0,ᚪᛞᚱᛡᛏᛁᚳ,407
sniffed,2379393,0,ᛋᚾᛁᚠᚠᛖᛞ,273
mercies,2378454,0,ᛗᛖᚱᚳᛁᛖᛋ,313
steeped,2376971,0,ᛋᛏᛖᛖᛈᛖᛞ,445
summoning,2376967,0,ᛋᚢᛗᛗᚩᚾᛝ,313
foothold,2376428,0,ᚠᚩᚩᚦᚩᛚᛞ,190
receded,2376259,0,ᚱᛖᚳᛖᛞᛖᛞ,403
diverging,2373355,0,ᛞᛁᚢᛖᚱᚷᛝ,297
drummer,2372159,0,ᛞᚱᚢᛗᛗᛖᚱ,323
skimmed,2371682,0,ᛋᚳᛁᛗᛗᛖᛞ,395
pheasant,2369437,0,ᛈᚻᛠᛋᚪᚾᛏ,413
cadence,2364624,0,ᚳᚪᛞᛖᚾᚳᛖ,375
crammed,2360594,0,ᚳᚱᚪᛗᛗᛖᛞ,419
lecturing,2359507,0,ᛚᛖᚳᛏᚢᚱᛝ,305
wilfred,2358601,0,ᚹᛁᛚᚠᚱᛖᛞ,292
homeric,2358209,0,ᚻᚩᛗᛖᚱᛁᚳ,223
repress,2357720,0,ᚱᛖᛈᚱᛖᛋᛋ,305
humerus,2355366,0,ᚻᚢᛗᛖᚱᚢᛋ,231
vapours,2355280,0,ᚢᚪᛈᚩᚢᚱᛋ,217
chicano,2355262,0,ᚳᚻᛁᚳᚪᚾᚩ,213
tenuous,2355149,0,ᛏᛖᚾᚢᚩᚢᛋ,221
forgiving,2353995,0,ᚠᚩᚱᚷᛁᚢᛝ,150
nodular,2352215,0,ᚾᚩᛞᚢᛚᚪᚱ,309
epitome,2351980,0,ᛖᛈᛁᛏᚩᛗᛖ,345
sedation,2350957,0,ᛋᛖᛞᚪᛏᛡᚾ,501
potsdam,2350725,0,ᛈᚩᛏᛋᛞᚪᛗ,419
pitches,2349336,0,ᛈᛁᛏᚳᚻᛖᛋ,289
embarking,2346459,0,ᛖᛗᛒᚪᚱᚳᛝ,399
crested,2346031,0,ᚳᚱᛖᛋᛏᛖᛞ,359
sweeter,2345501,0,ᛋᚹᛖᛖᛏᛖᚱ,343
servile,2345371,0,ᛋᛖᚱᚢᛁᛚᛖ,305
mitotic,2344681,0,ᛗᛁᛏᚩᛏᛁᚳ,271
evolves,2344550,0,ᛖᚢᚩᛚᚢᛖᛋ,273
mendoza,2344259,0,ᛗᛖᚾᛞᚩᛋᚪ,413
tenable,2343859,0,ᛏᛖᚾᚪᛒᛚᛖ,453
oracles,2343552,0,ᚩᚱᚪᚳᛚᛖᛋ,321
issuers,2342864,0,ᛁᛋᛋᚢᛖᚱᛋ,271
flicked,2342553,0,ᚠᛚᛁᚳᚳᛖᛞ,288
laramie,2342063,0,ᛚᚪᚱᚪᛗᛁᛖ,447
rebates,2340988,0,ᚱᛖᛒᚪᛏᛖᛋ,415
dolores,2340920,0,ᛞᚩᛚᚩᚱᛖᛋ,307
mangrove,2340410,0,ᛗᚪᛝᚱᚩᚢᛖ,335
diverge,2338693,0,ᛞᛁᚢᛖᚱᚷᛖ,285
envision,2335828,0,ᛖᚾᚢᛁᛋᛡᚾ,319
carbons,2333126,0,ᚳᚪᚱᛒᚩᚾᛋ,271
concurs,2332725,0,ᚳᚩᚾᚳᚢᚱᛋ,129
wildest,2331096,0,ᚹᛁᛚᛞᛖᛋᛏ,391
chaplin,2330473,0,ᚳᚻᚪᛈᛚᛁᚾ,309
divines,2330203,0,ᛞᛁᚢᛁᚾᛖᛋ,303
bungalow,2328740,0,ᛒᚢᛝᚪᛚᚩᚹ,339
pierson,2328267,0,ᛈᛁᛖᚱᛋᚩᚾ,241
barrows,2324629,0,ᛒᚪᚱᚱᚩᚹᛋ,259
subheading,2324433,0,ᛋᚢᛒᚻᛠᛞᛝ,417
cuticle,2324154,0,ᚳᚢᛏᛁᚳᛚᛖ,259
trypsin,2320947,0,ᛏᚱᚣᛈᛋᛁᚾ,329
lucerne,2320252,0,ᛚᚢᚳᛖᚱᚾᛖ,263
febrile,2320228,0,ᚠᛖᛒᚱᛁᛚᛖ,312
unaided,2318877,0,ᚢᚾᚪᛁᛞᛖᛞ,405
connell,2316282,0,ᚳᚩᚾᚾᛖᛚᛚ,291
jasmine,2311969,0,ᛂᚪᛋᛗᛁᚾᛖ,385
retreats,2311425,0,ᚱᛖᛏᚱᛠᛏᛋ,369
doublet,2307955,0,ᛞᚩᚢᛒᛚᛖᛏ,359
ravaged,2307417,0,ᚱᚪᚢᚪᚷᛖᛞ,381
enteric,2306688,0,ᛖᚾᛏᛖᚱᛁᚳ,277
delaney,2305248,0,ᛞᛖᛚᚪᚾᛖᚣ,525
platter,2305223,0,ᛈᛚᚪᛏᛏᛖᚱ,409
overtly,2303845,0,ᚩᚢᛖᚱᛏᛚᚣ,323
vanessa,2298012,0,ᚢᚪᚾᛖᛋᛋᚪ,399
portico,2294665,0,ᛈᚩᚱᛏᛁᚳᚩ,171
intakes,2294512,0,ᛁᚾᛏᚪᚳᛖᛋ,349
arbiter,2294180,0,ᚪᚱᛒᛁᛏᛖᚱ,337
oneness,2293897,0,ᚩᚾᛖᚾᛖᛋᛋ,305
palermo,2292848,0,ᛈᚪᛚᛖᚱᛗᚩ,369
sprawling,2292527,0,ᛋᛈᚱᚪᚹᛚᛝ,375
reissue,2291531,0,ᚱᛖᛁᛋᛋᚢᛖ,285
scrubbing,2289491,0,ᛋᚳᚱᚢᛒᛒᛝ,281
hollows,2289373,0,ᚻᚩᛚᛚᚩᚹᛋ,255
levelling,2288348,0,ᛚᛖᚢᛖᛚᛚᛝ,435
unbound,2288316,0,ᚢᚾᛒᚩᚢᚾᛞ,221
longtime,2288098,0,ᛚᚩᛝᛏᛁᛗᛖ,387
starred,2287977,0,ᛋᛏᚪᚱᚱᛖᛞ,387
cautions,2286934,0,ᚳᚪᚢᛏᛡᚾᛋ,361
surmise,2286787,0,ᛋᚢᚱᛗᛁᛋᛖ,289
pomeroy,2284043,0,ᛈᚩᛗᛖᚱᚩᚣ,309
vaulted,2283935,0,ᚢᚪᚢᛚᛏᛖᛞ,391
widower,2283920,0,ᚹᛁᛞᚩᚹᛖᚱ,243
quieter,2282692,0,ᚳᚹᛁᛖᛏᛖᚱ,267
hammering,2282588,0,ᚻᚪᛗᛗᛖᚱᛝ,419
cowboys,2282534,0,ᚳᚩᚹᛒᚩᚣᛋ,263
gangrene,2281098,0,ᚷᚪᛝᚱᛖᚾᛖ,367
calumet,2280958,0,ᚳᚪᛚᚢᛗᛖᛏ,383
chevron,2279123,0,ᚳᚻᛖᚢᚱᚩᚾ,153
husserl,2278119,0,ᚻᚢᛋᛋᛖᚱᛚ,283
fillers,2277226,0,ᚠᛁᛚᛚᛖᚱᛋ,310
fruition,2276244,0,ᚠᚱᚢᛁᛏᛡᚾ,242
sparkle,2271536,0,ᛋᛈᚪᚱᚳᛚᛖ,357
bavarian,2270455,0,ᛒᚪᚢᚪᚱᛡᚾ,405
trusses,2269673,0,ᛏᚱᚢᛋᛋᛖᛋ,299
tuscany,2269592,0,ᛏᚢᛋᚳᚪᚾᚣ,357
burbank,2268972,0,ᛒᚢᚱᛒᚪᚾᚳ,275
sigmund,2267990,0,ᛋᛁᚷᛗᚢᚾᛞ,293
parnell,2267562,0,ᛈᚪᚱᚾᛖᛚᛚ,393
bandits,2264984,0,ᛒᚪᚾᛞᛁᛏᛋ,419
tailors,2264433,0,ᛏᚪᛁᛚᚩᚱᛋ,331
gallium,2262751,0,ᚷᚪᛚᛚᛁᚢᛗ,365
protease,2262607,0,ᛈᚱᚩᛏᛠᛋᛖ,349
scraper,2262430,0,ᛋᚳᚱᚪᛈᛖᚱ,295
camille,2261919,0,ᚳᚪᛗᛁᛚᛚᛖ,425
adheres,2261331,0,ᚪᛞᚻᛖᚱᛖᛋ,407
erythema,2255634,0,ᛖᚱᚣᚦᛖᛗᚪ,421
millard,2255067,0,ᛗᛁᛚᛚᚪᚱᛞ,445
retarding,2253524,0,ᚱᛖᛏᚪᚱᛞᛝ,413
grilled,2253032,0,ᚷᚱᛁᛚᛚᛖᛞ,361
candida,2252535,0,ᚳᚪᚾᛞᛁᛞᚪ,445
redmond,2250971,0,ᚱᛖᛞᛗᚩᚾᛞ,363
unchanging,2250451,0,ᚢᚾᚳᚻᚪᛝᛝ,323
trilogy,2248657,0,ᛏᚱᛁᛚᚩᚷᚣ,301
papyrus,2246885,0,ᛈᚪᛈᚣᚱᚢᛋ,353
mentors,2244821,0,ᛗᛖᚾᛏᚩᚱᛋ,297
ehrlich,2244238,0,ᛖᚻᚱᛚᛁᚳᚻ,241
taliban,2243897,0,ᛏᚪᛚᛁᛒᚪᚾ,447
grocers,2243466,0,ᚷᚱᚩᚳᛖᚱᛋ,179
alerted,2240283,0,ᚪᛚᛖᚱᛏᛖᛞ,463
esthetic,2240231,0,ᛖᛋᚦᛖᛏᛁᚳ,295
leeward,2239619,0,ᛚᛖᛖᚹᚪᚱᛞ,423
stalled,2238963,0,ᛋᛏᚪᛚᛚᛖᛞ,511
needham,2237610,0,ᚾᛖᛖᛞᚻᚪᛗ,443
lumbering,2236256,0,ᛚᚢᛗᛒᛖᚱᛝ,365
deceiving,2235973,0,ᛞᛖᚳᛖᛁᚢᛝ,349
symposia,2234505,0,ᛋᚣᛗᛈᚩᛋᛡ,437
canyons,2233652,0,ᚳᚪᚾᚣᚩᚾᛋ,331
chipped,2233504,0,ᚳᚻᛁᛈᛈᛖᛞ,309
parapet,2230982,0,ᛈᚪᚱᚪᛈᛖᛏ,417
chomsky,2230295,0,ᚳᚻᚩᛗᛋᚳᚣ,283
rostrum,2229993,0,ᚱᚩᛋᛏᚱᚢᛗ,215
schaefer,2228425,0,ᛋᚳᚻᚫᚠᛖᚱ,270
paddock,2228283,0,ᛈᚪᛞᛞᚩᚳᚳ,351
clutter,2224920,0,ᚳᛚᚢᛏᛏᛖᚱ,285
bateman,2224445,0,ᛒᚪᛏᛖᛗᚪᚾ,481
scarred,2224363,0,ᛋᚳᚪᚱᚱᛖᛞ,341
chariots,2224308,0,ᚳᚻᚪᚱᛡᛏᛋ,363
craters,2221475,0,ᚳᚱᚪᛏᛖᚱᛋ,311
muskets,2221421,0,ᛗᚢᛋᚳᛖᛏᛋ,319
anchoring,2221208,0,ᚪᚾᚳᚻᚩᚱᛝ,259
croydon,2220810,0,ᚳᚱᚩᚣᛞᚩᚾ,259
glitter,2218993,0,ᚷᛚᛁᛏᛏᛖᚱ,317
sketching,2218587,0,ᛋᚳᛖᛏᚳᚻᛝ,307
mediums,2215386,0,ᛗᛖᛞᛁᚢᛗᛋ,385
portals,2215171,0,ᛈᚩᚱᛏᚪᛚᛋ,343
enriching,2213269,0,ᛖᚾᚱᛁᚳᚻᛝ,253
grammes,2209399,0,ᚷᚱᚪᛗᛗᛖᛋ,387
salomon,2209118,0,ᛋᚪᛚᚩᛗᚩᚾ,337
caverns,2208236,0,ᚳᚪᚢᛖᚱᚾᛋ,273
billets,2207601,0,ᛒᛁᛚᛚᛖᛏᛋ,417
coverts,2205487,0,ᚳᚩᚢᛖᚱᛏᛋ,213
agility,2204316,0,ᚪᚷᛁᛚᛁᛏᚣ,411
mosques,2204256,0,ᛗᚩᛋᚳᚹᛖᛋ,283
plummer,2204158,0,ᛈᛚᚢᛗᛗᛖᚱ,339
ascites,2202693,0,ᚪᛋᚳᛁᛏᛖᛋ,373
diagnosing,2202449,0,ᛞᛡᚷᚾᚩᛋᛝ,381
serjeant,2202253,0,ᛋᛖᚱᛂᛠᚾᛏ,365
lubbock,2200399,0,ᛚᚢᛒᛒᚩᚳᚳ,231
succumb,2198739,0,ᛋᚢᚳᚳᚢᛗᛒ,217
pennies,2198447,0,ᛈᛖᚾᚾᛁᛖᛋ,319
whitley,2198409,0,ᚹᚻᛁᛏᛚᛖᚣ,375
pulaski,2198123,0,ᛈᚢᛚᚪᛋᚳᛁ,313
hansard,2197042,0,ᚻᚪᚾᛋᚪᚱᛞ,399
grapple,2197006,0,ᚷᚱᚪᛈᛈᛚᛖ,351
coupler,2196431,0,ᚳᚩᚢᛈᛚᛖᚱ,217
specter,2193207,0,ᛋᛈᛖᚳᛏᛖᚱ,313
feigned,2190709,0,ᚠᛖᛁᚷᚾᛖᛞ,302
moslems,2189506,0,ᛗᚩᛋᛚᛖᛗᛋ,395
hickman,2189239,0,ᚻᛁᚳᚳᛗᚪᚾ,277
hathaway,2188235,0,ᚻᚪᚦᚪᚹᚪᚣ,441
tripped,2187836,0,ᛏᚱᛁᛈᛈᛖᛞ,343
layoffs,2187691,0,ᛚᚪᚣᚩᚠᚠᛋ,337
mussels,2187098,0,ᛗᚢᛋᛋᛖᛚᛋ,373
agonist,2185976,0,ᚪᚷᚩᚾᛁᛋᛏ,293
pickles,2185762,0,ᛈᛁᚳᚳᛚᛖᛋ,293
tempering,2184973,0,ᛏᛖᛗᛈᛖᚱᛝ,397
rafters,2183634,0,ᚱᚪᚠᛏᛖᚱᛋ,300
secrete,2183616,0,ᛋᛖᚳᚱᛖᛏᛖ,337
tailoring,2183303,0,ᛏᚪᛁᛚᚩᚱᛝ,357
adjusts,2182874,0,ᚪᛞᛂᚢᛋᛏᛋ,391
bigotry,2180662,0,ᛒᛁᚷᚩᛏᚱᚣ,289
dosages,2180378,0,ᛞᚩᛋᚪᚷᛖᛋ,383
deviance,2179502,0,ᛞᛖᚢᛡᚾᚳᛖ,375
palazzo,2178311,0,ᛈᚪᛚᚪᛋᛋᚩ,423
moulton,2177488,0,ᛗᚩᚢᛚᛏᚩᚾ,249
imparts,2177128,0,ᛁᛗᛈᚪᚱᛏᛋ,365
cutlery,2176749,0,ᚳᚢᛏᛚᛖᚱᚣ,329
striated,2176300,0,ᛋᛏᚱᛡᛏᛖᛞ,445
detects,2176067,0,ᛞᛖᛏᛖᚳᛏᛋ,407
hamlets,2175940,0,ᚻᚪᛗᛚᛖᛏᛋ,443
trophic,2175518,0,ᛏᚱᚩᛈᚻᛁᚳ,187
blatant,2175493,0,ᛒᛚᚪᛏᚪᚾᛏ,475
cistern,2174977,0,ᚳᛁᛋᛏᛖᚱᚾ,263
prickly,2174677,0,ᛈᚱᛁᚳᚳᛚᚣ,287
billiard,2173740,0,ᛒᛁᛚᛚᛡᚱᛞ,445
lehmann,2173046,0,ᛚᛖᚻᛗᚪᚾᚾ,389
plumber,2170873,0,ᛈᛚᚢᛗᛒᛖᚱ,329
raiders,2169915,0,ᚱᚪᛁᛞᛖᚱᛋ,359
marsden,2169255,0,ᛗᚪᚱᛋᛞᛖᚾ,417
bolivar,2168897,0,ᛒᚩᛚᛁᚢᚪᚱ,283
christy,2168619,0,ᚳᚻᚱᛁᛋᛏᚣ,293
knotted,2168384,0,ᚳᚾᚩᛏᛏᛖᛞ,323
laissez,2167666,0,ᛚᚪᛁᛋᛋᛖᛋ,427
catcher,2167015,0,ᚳᚪᛏᚳᚻᛖᚱ,283
dilation,2166944,0,ᛞᛁᛚᚪᛏᛡᚾ,485
moorish,2165340,0,ᛗᚩᚩᚱᛁᛋᚻ,203
tacitly,2165151,0,ᛏᚪᚳᛁᛏᛚᚣ,435
herbage,2165026,0,ᚻᛖᚱᛒᚪᚷᛖ,343
adverbs,2163970,0,ᚪᛞᚢᛖᚱᛒᛋ,381
punches,2163524,0,ᛈᚢᚾᚳᚻᛖᛋ,231
roberta,2163155,0,ᚱᚩᛒᛖᚱᛏᚪ,313
hamster,2162436,0,ᚻᚪᛗᛋᛏᛖᚱ,381
rockies,2161882,0,ᚱᚩᚳᚳᛁᛖᛋ,195
fateful,2160889,0,ᚠᚪᛏᛖᚠᚢᛚ,303
suitors,2160397,0,ᛋᚢᛁᛏᚩᚱᛋ,217
unfolds,2160376,0,ᚢᚾᚠᚩᛚᛞᛋ,256
ripples,2159316,0,ᚱᛁᛈᛈᛚᛖᛋ,321
cuthbert,2158352,0,ᚳᚢᚦᛒᛖᚱᛏ,219
wayside,2155922,0,ᚹᚪᚣᛋᛁᛞᛖ,459
freudian,2152241,0,ᚠᚱᛖᚢᛞᛡᚾ,308
sceptre,2152217,0,ᛋᚳᛖᛈᛏᚱᛖ,313
saffron,2151658,0,ᛋᚪᚠᚠᚱᚩᚾ,201
bergman,2149329,0,ᛒᛖᚱᚷᛗᚪᚾ,353
ziegler,2149254,0,ᛋᛁᛖᚷᛚᛖᚱ,319
nonzero,2148914,0,ᚾᚩᚾᛋᛖᚱᚩ,203
lucifer,2148568,0,ᛚᚢᚳᛁᚠᛖᚱ,200
thickets,2148078,0,ᚦᛁᚳᚳᛖᛏᛋ,241
macadam,2147153,0,ᛗᚪᚳᚪᛞᚪᛗ,535
glorify,2146698,0,ᚷᛚᚩᚱᛁᚠᚣ,244
excites,2145813,0,ᛖᛉᚳᛁᛏᛖᛋ,337
michele,2145521,0,ᛗᛁᚳᚻᛖᛚᛖ,345
frescoes,2145300,0,ᚠᚱᛖᛋᚳᛟᛋ,282
puppets,2144041,0,ᛈᚢᛈᛈᛖᛏᛋ,311
cornelia,2143091,0,ᚳᚩᚱᚾᛖᛚᛡ,307
guesses,2142518,0,ᚷᚢᛖᛋᛋᛖᛋ,313
suckers,2142130,0,ᛋᚢᚳᚳᛖᚱᛋ,213
nourish,2139348,0,ᚾᚩᚢᚱᛁᛋᚻ,157
okinawa,2139182,0,ᚩᚳᛁᚾᚪᚹᚪ,293
devouring,2137711,0,ᛞᛖᚢᚩᚢᚱᛝ,259
moraine,2137258,0,ᛗᚩᚱᚪᛁᚾᛖ,313
phalanx,2135902,0,ᛈᚻᚪᛚᚪᚾᛉ,409
mormons,2135242,0,ᛗᚩᚱᛗᚩᚾᛋ,249
deadlock,2133565,0,ᛞᛠᛞᛚᚩᚳᚳ,393
holyoke,2132722,0,ᚻᚩᛚᚣᚩᚳᛖ,293
pickets,2132009,0,ᛈᛁᚳᚳᛖᛏᛋ,279
grizzly,2131303,0,ᚷᚱᛁᛋᛋᛚᚣ,341
burgeoning,2131136,0,ᛒᚢᚱᚷᛇᚾᛝ,241
malaise,2130981,0,ᛗᚪᛚᚪᛁᛋᛖ,489
maguire,2130806,0,ᛗᚪᚷᚢᛁᚱᛖ,297
stitching,2130689,0,ᛋᛏᛁᛏᚳᚻᛝ,317
aramaic,2129953,0,ᚪᚱᚪᛗᚪᛁᚳ,417
garnish,2129796,0,ᚷᚪᚱᚾᛁᛋᚻ,261
malayan,2129227,0,ᛗᚪᛚᚪᚣᚪᚾ,567
scruple,2128108,0,ᛋᚳᚱᚢᛈᛚᛖ,263
pyrites,2128104,0,ᛈᚣᚱᛁᛏᛖᛋ,367
betraying,2127087,0,ᛒᛖᛏᚱᚪᚣᛝ,477
ratchet,2126273,0,ᚱᚪᛏᚳᚻᛖᛏ,329
nullity,2126224,0,ᚾᚢᛚᛚᛁᛏᚣ,371
jugular,2126082,0,ᛂᚢᚷᚢᛚᚪᚱ,241
dunkirk,2125549,0,ᛞᚢᚾᚳᛁᚱᚳ,189
obligor,2124399,0,ᚩᛒᛚᛁᚷᚩᚱ,207
heywood,2124088,0,ᚻᛖᚣᚹᚩᚩᛞ,315
lasalle,2123958,0,ᛚᚪᛋᚪᛚᛚᛖ,533
pickett,2123925,0,ᛈᛁᚳᚳᛖᛏᛏ,285
trotsky,2121903,0,ᛏᚱᚩᛏᛋᚳᚣ,305
analogs,2121749,0,ᚪᚾᚪᛚᚩᚷᛋ,373
antigua,2121545,0,ᚪᚾᛏᛁᚷᚢᚪ,333
layouts,2121331,0,ᛚᚪᚣᚩᚢᛏᛋ,395
legatee,2120276,0,ᛚᛖᚷᚪᛏᛖᛖ,447
primers,2117272,0,ᛈᚱᛁᛗᛖᚱᛋ,287
hackett,2116385,0,ᚻᚪᚳᚳᛖᛏᛏ,331
pompous,2115586,0,ᛈᚩᛗᛈᚩᚢᛋ,227
braided,2115437,0,ᛒᚱᚪᛁᛞᛖᛞ,445
wielded,2114756,0,ᚹᛁᛖᛚᛞᛖᛞ,435
sarawak,2114426,0,ᛋᚪᚱᚪᚹᚪᚳ,387
fawcett,2113986,0,ᚠᚪᚹᚳᛖᛏᛏ,316
specials,2112796,0,ᛋᛈᛖᚳᛡᛚᛋ,409
choctaw,2112248,0,ᚳᚻᚩᚳᛏᚪᚹ,231
walnuts,2108625,0,ᚹᚪᛚᚾᚢᛏᛋ,333
coughed,2107099,0,ᚳᚩᚢᚷᚻᛖᛞ,219
maximus,2105023,0,ᛗᚪᛉᛁᛗᚢᛋ,373
betrays,2104540,0,ᛒᛖᛏᚱᚪᚣᛋ,451
adamant,2104397,0,ᚪᛞᚪᛗᚪᚾᛏ,539
gresham,2104067,0,ᚷᚱᛖᛋᚻᚪᛗ,339
ethernet,2102836,0,ᛖᚦᛖᚱᚾᛖᛏ,305
dairies,2101954,0,ᛞᚪᛁᚱᛁᛖᛋ,379
intrude,2101236,0,ᛁᚾᛏᚱᚢᛞᛖ,289
urethral,2101146,0,ᚢᚱᛖᚦᚱᚪᛚ,267
encased,2099350,0,ᛖᚾᚳᚪᛋᛖᛞ,415
puppies,2099137,0,ᛈᚢᛈᛈᛁᛖᛋ,283
humbled,2098800,0,ᚻᚢᛗᛒᛚᛖᛞ,387
bereaved,2098720,0,ᛒᛖᚱᛠᚢᛖᛞ,407
creosote,2096460,0,ᚳᚱᛇᛋᚩᛏᛖ,251
charred,2096028,0,ᚳᚻᚪᚱᚱᛖᛞ,311
reentry,2096013,0,ᚱᛖᛖᚾᛏᚱᚣ,347
halides,2094542,0,ᚻᚪᛚᛁᛞᛖᛋ,433
howells,2093716,0,ᚻᚩᚹᛖᛚᛚᛋ,315
saddles,2092550,0,ᛋᚪᛞᛞᛚᛖᛋ,521
furthest,2090673,0,ᚠᚢᚱᚦᛖᛋᛏ,200
lagoons,2090325,0,ᛚᚪᚷᚩᚩᚾᛋ,283
brenner,2090245,0,ᛒᚱᛖᚾᚾᛖᚱ,275
oberlin,2089053,0,ᚩᛒᛖᚱᛚᛁᚾ,279
nephews,2088678,0,ᚾᛖᛈᚻᛖᚹᛋ,301
stiffly,2088387,0,ᛋᛏᛁᚠᚠᛚᚣ,323
nuances,2087580,0,ᚾᚢᚪᚾᚳᛖᛋ,291
trodden,2086960,0,ᛏᚱᚩᛞᛞᛖᚾ,351
robotic,2085972,0,ᚱᚩᛒᚩᛏᛁᚳ,189
crusher,2084394,0,ᚳᚱᚢᛋᚻᛖᚱ,181
malarial,2083969,0,ᛗᚪᛚᚪᚱᛡᛚ,529
invokes,2082907,0,ᛁᚾᚢᚩᚳᛖᛋ,203
moveable,2081277,0,ᛗᚩᚢᛠᛒᛚᛖ,391
salinas,2078578,0,ᛋᚪᛚᛁᚾᚪᛋ,433
roentgen,2076848,0,ᚱᛟᚾᛏᚷᛖᚾ,295
cassava,2075851,0,ᚳᚪᛋᛋᚪᚢᚪ,413
twinkling,2075233,0,ᛏᚹᛁᚾᚳᛚᛝ,303
trifles,2074384,0,ᛏᚱᛁᚠᛚᛖᛋ,296
coulter,2074260,0,ᚳᚩᚢᛚᛏᛖᚱ,233
mondays,2073697,0,ᛗᚩᚾᛞᚪᚣᛋ,449
ordinal,2073288,0,ᚩᚱᛞᛁᚾᚪᛚ,337
nitride,2071657,0,ᚾᛁᛏᚱᛁᛞᛖ,317
basalts,2070419,0,ᛒᚪᛋᚪᛚᛏᛋ,493
boosted,2069752,0,ᛒᚩᚩᛋᛏᛖᛞ,343
locusts,2067907,0,ᛚᚩᚳᚢᛋᛏᛋ,261
papillae,2066870,0,ᛈᚪᛈᛁᛚᛚᚫ,461
numeral,2066471,0,ᚾᚢᛗᛖᚱᚪᛚ,351
wavelet,2064993,0,ᚹᚪᚢᛖᛚᛖᛏ,385
eduardo,2064486,0,ᛖᛞᚢᚪᚱᛞᚩ,363
veranda,2064348,0,ᚢᛖᚱᚪᚾᛞᚪ,393
cathodic,2064208,0,ᚳᚪᚦᚩᛞᛁᚳ,255
ravines,2064112,0,ᚱᚪᚢᛁᚾᛖᛋ,291
travail,2063708,0,ᛏᚱᚪᚢᚪᛁᛚ,371
spanned,2060522,0,ᛋᛈᚪᚾᚾᛖᛞ,407
archers,2060356,0,ᚪᚱᚳᚻᛖᚱᛋ,275
fetters,2060184,0,ᚠᛖᛏᛏᛖᚱᛋ,318
deluded,2057839,0,ᛞᛖᛚᚢᛞᛖᛞ,477
genteel,2057035,0,ᚷᛖᚾᛏᛖᛖᛚ,379
wilfrid,2055629,0,ᚹᛁᛚᚠᚱᛁᛞ,256
subside,2054815,0,ᛋᚢᛒᛋᛁᛞᛖ,357
ketones,2054525,0,ᚳᛖᛏᚩᚾᛖᛋ,295
nehemiah,2054268,0,ᚾᛖᚻᛖᛗᛡᚻ,387
amplify,2053974,0,ᚪᛗᛈᛚᛁᚠᚣ,420
plethora,2052734,0,ᛈᛚᛖᚦᚩᚱᚪ,303
kurdish,2051715,0,ᚳᚢᚱᛞᛁᛋᚻ,223
hastening,2047213,0,ᚻᚪᛋᛏᛖᚾᛝ,407
impairing,2043257,0,ᛁᛗᛈᚪᛁᚱᛝ,363
falmouth,2042400,0,ᚠᚪᛚᛗᚩᚢᚦ,258
roxbury,2042372,0,ᚱᚩᛉᛒᚢᚱᚣ,243
spawned,2041601,0,ᛋᛈᚪᚹᚾᛖᛞ,397
kinsmen,2041469,0,ᚳᛁᚾᛋᛗᛖᚾ,293
gypsies,2041215,0,ᚷᚣᛈᛋᛁᛖᛋ,367
onshore,2038083,0,ᚩᚾᛋᚻᚩᚱᛖ,197
kangaroo,2035374,1,ᚳᚪᛝᚪᚱᚩᚩ,311
arranges,2034988,0,ᚪᚱᚱᚪᛝᛖᛋ,415
murdering,2034337,0,ᛗᚢᚱᛞᛖᚱᛝ,331
morales,2033876,0,ᛗᚩᚱᚪᛚᛖᛋ,379
wayward,2033066,0,ᚹᚪᚣᚹᚪᚱᛞ,435
ostrich,2030555,0,ᚩᛋᛏᚱᛁᚳᚻ,197
fuscous,2029702,0,ᚠᚢᛋᚳᚩᚢᛋ,134
galloping,2029306,0,ᚷᚪᛚᛚᚩᛈᛝ,389
scooped,2029144,0,ᛋᚳᚩᚩᛈᛖᛞ,279
merrily,2028222,0,ᛗᛖᚱᚱᛁᛚᚣ,367
linguists,2028019,0,ᛚᛝᚢᛁᛋᛏᛋ,351
diffusing,2026677,0,ᛞᛁᚠᚠᚢᛋᛝ,259
titanic,2024988,0,ᛏᛁᛏᚪᚾᛁᚳ,319
lucille,2022622,0,ᛚᚢᚳᛁᛚᛚᛖ,333
assizes,2022140,0,ᚪᛋᛋᛁᛋᛖᛋ,407
martini,2021985,0,ᛗᚪᚱᛏᛁᚾᛁ,329
unfailing,2021632,0,ᚢᚾᚠᚪᛁᛚᛝ,314
brahmin,2019787,0,ᛒᚱᚪᚻᛗᛁᚾ,323
cassius,2018344,0,ᚳᚪᛋᛋᛁᚢᛋ,303
lethargy,2017486,0,ᛚᛖᚦᚪᚱᚷᚣ,373
fainted,2017227,0,ᚠᚪᛁᚾᛏᛖᛞ,374
dropout,2017088,0,ᛞᚱᚩᛈᚩᚢᛏ,219
myanmar,2016021,0,ᛗᚣᚪᚾᛗᚪᚱ,479
retorts,2014316,0,ᚱᛖᛏᚩᚱᛏᛋ,267
commute,2012769,0,ᚳᚩᛗᛗᚢᛏᛖ,291
fosters,2012530,0,ᚠᚩᛋᛏᛖᚱᛋ,252
mosaics,2012521,0,ᛗᚩᛋᚪᛁᚳᛋ,325
cheeses,2010971,0,ᚳᚻᛖᛖᛋᛖᛋ,343
curtiss,2010232,0,ᚳᚢᚱᛏᛁᛋᛋ,223
calvary,2009612,0,ᚳᚪᛚᚢᚪᚱᚣ,397
posited,2009464,0,ᛈᚩᛋᛁᛏᛖᛞ,349
agassiz,2009351,0,ᚪᚷᚪᛋᛋᛁᛋ,401
galleys,2009224,0,ᚷᚪᛚᛚᛖᚣᛋ,483
bulwark,2008783,0,ᛒᚢᛚᚹᚪᚱᚳ,277
stances,2007868,0,ᛋᛏᚪᚾᚳᛖᛋ,371
splenic,2007179,0,ᛋᛈᛚᛖᚾᛁᚳ,309
xxxviii,2007127,0,ᛉᛉᛉᚢᛁᛁᛁ,237
idealist,2006255,0,ᛁᛞᛠᛚᛁᛋᛏ,445
rollins,2004002,0,ᚱᚩᛚᛚᛁᚾᛋ,277
blowers,2003977,0,ᛒᛚᚩᚹᛖᚱᛋ,291
lorentz,2003757,0,ᛚᚩᚱᛖᚾᛏᛋ,299
engulfed,2002826,0,ᛖᛝᚢᛚᚠᛖᛞ,380
phthisis,2002361,0,ᛈᚻᚦᛁᛋᛁᛋ,239
captions,2002063,0,ᚳᚪᛈᛏᛡᚾᛋ,401
parched,2000644,0,ᛈᚪᚱᚳᚻᛖᛞ,343
toddler,1999669,0,ᛏᚩᛞᛞᛚᛖᚱ,395
queried,1999320,0,ᚳᚹᛖᚱᛁᛖᛞ,297
wastage,1998148,0,ᚹᚪᛋᛏᚪᚷᛖ,409
ascends,1997925,0,ᚪᛋᚳᛖᚾᛞᛋ,401
shuffling,1994150,0,ᛋᚻᚢᚠᚠᛚᛝ,235
lamellae,1993836,0,ᛚᚪᛗᛖᛚᛚᚫ,555
amorous,1993052,0,ᚪᛗᚩᚱᚩᚢᛋ,249
belated,1992984,0,ᛒᛖᛚᚪᛏᛖᛞ,513
abounding,1992831,0,ᚪᛒᚩᚢᚾᛞᛝ,365
bridged,1992172,0,ᛒᚱᛁᛞᚷᛖᛞ,365
streamed,1992142,0,ᛋᛏᚱᛠᛗᛖᛞ,459
usurped,1992074,0,ᚢᛋᚢᚱᛈᛖᛞ,269
flocked,1991899,0,ᚠᛚᚩᚳᚳᛖᛞ,264
spirals,1991493,0,ᛋᛈᛁᚱᚪᛚᛋ,361
attache,1991489,0,ᚪᛏᛏᚪᚳᚻᛖ,415
synovial,1990482,0,ᛋᚣᚾᚩᚢᛡᛚ,375
dowager,1990444,0,ᛞᚩᚹᚪᚷᛖᚱ,307
stamina,1989957,0,ᛋᛏᚪᛗᛁᚾᚪ,437
noodles,1988989,0,ᚾᚩᚩᛞᛚᛖᛋ,325
katrina,1985770,0,ᚳᚪᛏᚱᛁᚾᚪ,337
unmoved,1985019,0,ᚢᚾᛗᚩᚢᛖᛞ,269
pickled,1984173,0,ᛈᛁᚳᚳᛚᛖᛞ,329
infidel,1981997,0,ᛁᚾᚠᛁᛞᛖᛚ,322
fillets,1978908,0,ᚠᛁᛚᛚᛖᛏᛋ,358
airflow,1977621,0,ᚪᛁᚱᚠᛚᚩᚹ,240
pervading,1976958,0,ᛈᛖᚱᚢᚪᛞᛝ,389
invests,1976947,0,ᛁᚾᚢᛖᛋᛏᛋ,295
fervour,1976699,0,ᚠᛖᚱᚢᚩᚢᚱ,104
adamson,1976215,0,ᚪᛞᚪᛗᛋᚩᚾ,443
exhaled,1975746,0,ᛖᛉᚻᚪᛚᛖᛞ,463
cognate,1975375,0,ᚳᚩᚷᚾᚪᛏᛖ,289
victors,1974870,0,ᚢᛁᚳᛏᚩᚱᛋ,177
potable,1974612,0,ᛈᚩᛏᚪᛒᛚᛖ,407
strolling,1972919,0,ᛋᛏᚱᚩᛚᛚᛝ,355
mitosis,1971246,0,ᛗᛁᛏᚩᛋᛁᛋ,305
exclaim,1970670,0,ᛖᛉᚳᛚᚪᛁᛗ,399
wintering,1970519,0,ᚹᛁᚾᛏᛖᚱᛝ,295
orpheus,1969052,0,ᚩᚱᛈᚻᛖᚢᛋ,207
strayed,1967240,0,ᛋᛏᚱᚪᚣᛖᛞ,479
bromley,1967161,0,ᛒᚱᚩᛗᛚᛖᚣ,393
annulus,1967026,0,ᚪᚾᚾᚢᛚᚢᛋ,287
thatched,1966608,0,ᚦᚪᛏᚳᚻᛖᛞ,353
acclaim,1965811,0,ᚪᚳᚳᛚᚪᛁᛗ,395
derision,1965767,0,ᛞᛖᚱᛁᛋᛡᚾ,387
saloons,1965213,0,ᛋᚪᛚᚩᚩᚾᛋ,319
skyline,1965046,0,ᛋᚳᚣᛚᛁᚾᛖ,369
gestalt,1964502,0,ᚷᛖᛋᛏᚪᛚᛏ,425
proxies,1964328,0,ᛈᚱᚩᛉᛁᛖᛋ,259
brachial,1964079,0,ᛒᚱᚪᚳᚻᛡᛚ,385
ectopic,1963138,0,ᛖᚳᛏᚩᛈᛁᚳ,233
germane,1962961,0,ᚷᛖᚱᛗᚪᚾᛖ,359
cornice,1961549,0,ᚳᚩᚱᚾᛁᚳᛖ,171
choline,1961079,0,ᚳᚻᚩᛚᛁᚾᛖ,243
tonsils,1960037,0,ᛏᚩᚾᛋᛁᛚᛋ,305
alchemy,1959955,0,ᚪᛚᚳᚻᛖᛗᚣ,447
neoplasm,1959723,0,ᚾᛇᛈᛚᚪᛋᛗ,407
diptera,1958615,0,ᛞᛁᛈᛏᛖᚱᚪ,397
dempsey,1957492,0,ᛞᛖᛗᛈᛋᛖᚣ,493
codicil,1956331,0,ᚳᚩᛞᛁᚳᛁᛚ,257
hillary,1955302,0,ᚻᛁᛚᛚᚪᚱᚣ,411
attuned,1953783,0,ᚪᛏᛏᚢᚾᛖᛞ,403
yonkers,1951023,0,ᚣᚩᚾᚳᛖᚱᛋ,283
plagues,1950809,0,ᛈᛚᚪᚷᚢᛖᛋ,353
warbler,1949867,0,ᚹᚪᚱᛒᛚᛖᚱ,339
marvels,1949684,0,ᛗᚪᚱᚢᛖᛚᛋ,375
bunkers,1949513,0,ᛒᚢᚾᚳᛖᚱᛋ,237
munster,1948484,0,ᛗᚢᚾᛋᛏᛖᚱ,293
hezekiah,1947920,0,ᚻᛖᛋᛖᚳᛡᚻ,353
briefed,1946125,0,ᛒᚱᛁᛖᚠᛖᛞ,328
hawthorn,1945544,0,ᚻᚪᚹᚦᚩᚱᚾ,191
wiggins,1945493,0,ᚹᛁᚷᚷᛁᚾᛋ,197
trotter,1945112,0,ᛏᚱᚩᛏᛏᛖᚱ,273
vassals,1943282,0,ᚢᚪᛋᛋᚪᛚᛋ,429
conjure,1943096,0,ᚳᚩᚾᛂᚢᚱᛖ,167
diploid,1941635,0,ᛞᛁᛈᛚᚩᛁᛞ,363
empties,1941385,0,ᛖᛗᛈᛏᛁᛖᛋ,391
mourned,1941179,0,ᛗᚩᚢᚱᚾᛖᛞ,277
shaffer,1940635,0,ᛋᚻᚪᚠᚠᛖᚱ,255
shawnee,1940618,0,ᛋᚻᚪᚹᚾᛖᛖ,355
heretic,1940203,0,ᚻᛖᚱᛖᛏᛁᚳ,271
demonic,1939991,0,ᛞᛖᛗᚩᚾᛁᚳ,307
stylish,1938872,0,ᛋᛏᚣᛚᛁᛋᚻ,395
trimmings,1937952,0,ᛏᚱᛁᛗᛗᛝᛋ,375
epithets,1937579,0,ᛖᛈᛁᚦᛖᛏᛋ,325
smarter,1935785,0,ᛋᛗᚪᚱᛏᛖᚱ,369
sharpen,1934524,0,ᛋᚻᚪᚱᛈᛖᚾ,323
paranoia,1934004,0,ᛈᚪᚱᚪᚾᚩᛡ,391
colbert,1933119,0,ᚳᚩᛚᛒᛖᚱᛏ,291
gunshot,1932670,0,ᚷᚢᚾᛋᚻᚩᛏ,191
trooper,1929705,0,ᛏᚱᚩᚩᛈᛖᚱ,205
statist,1929648,0,ᛋᛏᚪᛏᛁᛋᛏ,411
gutters,1927700,0,ᚷᚢᛏᛏᛖᚱᛋ,269
acheson,1926814,0,ᚪᚳᚻᛖᛋᚩᚾ,289
braille,1924195,0,ᛒᚱᚪᛁᛚᛚᛖ,413
runways,1923824,0,ᚱᚢᚾᚹᚪᚣᛋ,315
airlift,1923495,0,ᚪᛁᚱᛚᛁᚠᛏ,304
fishers,1923465,0,ᚠᛁᛋᚻᛖᚱᛋ,240
hershey,1922248,0,ᚻᛖᚱᛋᚻᛖᚣ,347
gourmet,1921069,0,ᚷᚩᚢᚱᛗᛖᛏ,235
confide,1920167,0,ᚳᚩᚾᚠᛁᛞᛖ,238
kanawha,1919889,0,ᚳᚪᚾᚪᚹᚻᚪ,375
parades,1919684,0,ᛈᚪᚱᚪᛞᛖᛋ,457
lenient,1917672,0,ᛚᛖᚾᛁᛖᚾᛏ,355
natchez,1917284,0,ᚾᚪᛏᚳᚻᛖᛋ,341
affront,1917013,0,ᚪᚠᚠᚱᚩᚾᛏ,207
gambler,1916990,0,ᚷᚪᛗᛒᛚᛖᚱ,397
marconi,1916722,0,ᛗᚪᚱᚳᚩᚾᛁ,259
ramirez,1916249,0,ᚱᚪᛗᛁᚱᛖᛋ,341
paisley,1911939,0,ᛈᚪᛁᛋᛚᛖᚣ,467
workout,1911320,0,ᚹᚩᚱᚳᚩᚢᛏ,119
entente,1911084,0,ᛖᚾᛏᛖᚾᛏᛖ,377
ligation,1909655,0,ᛚᛁᚷᚪᛏᛡᚾ,413
gunners,1909380,0,ᚷᚢᚾᚾᛖᚱᛋ,209
annuals,1909355,0,ᚪᚾᚾᚢᚪᛚᛋ,381
hurtful,1909088,0,ᚻᚢᚱᛏᚠᚢᛚ,174
rebuked,1907557,0,ᚱᛖᛒᚢᚳᛖᛞ,311
hydride,1907398,0,ᚻᚣᛞᚱᛁᛞᛖ,413
chinook,1907190,0,ᚳᚻᛁᚾᚩᚩᚳ,123
fridays,1906205,0,ᚠᚱᛁᛞᚪᚣᛋ,386
eliciting,1905967,0,ᛖᛚᛁᚳᛁᛏᛝ,353
equaled,1905623,0,ᛖᚳᚹᚪᛚᛖᛞ,425
wetness,1905420,0,ᚹᛖᛏᚾᛖᛋᛋ,347
procter,1904920,0,ᛈᚱᚩᚳᛏᛖᚱ,211
sounder,1904617,0,ᛋᚩᚢᚾᛞᛖᚱ,259
fractal,1903872,0,ᚠᚱᚪᚳᛏᚪᛚ,352
burglar,1903349,0,ᛒᚢᚱᚷᛚᚪᚱ,273
reverie,1902761,0,ᚱᛖᚢᛖᚱᛁᛖ,257
tendering,1900433,0,ᛏᛖᚾᛞᛖᚱᛝ,401
conceals,1899576,0,ᚳᚩᚾᚳᛠᛚᛋ,297
enviable,1898286,0,ᛖᚾᚢᛡᛒᛚᛖ,407
dwindling,1897573,0,ᛞᚹᛁᚾᛞᛚᛝ,409
endorsing,1895556,0,ᛖᚾᛞᚩᚱᛋᛝ,335
parrish,1895355,0,ᛈᚪᚱᚱᛁᛋᚻ,269
comical,1895142,0,ᚳᚩᛗᛁᚳᚪᛚ,305
aspired,1894966,0,ᚪᛋᛈᛁᚱᛖᛞ,391
shooter,1893352,0,ᛋᚻᚩᚩᛏᛖᚱ,227
deplore,1891946,0,ᛞᛖᛈᛚᚩᚱᛖ,357
smitten,1891648,0,ᛋᛗᛁᛏᛏᛖᚾ,369
candour,1891021,0,ᚳᚪᚾᛞᚩᚢᚱ,249
penrose,1889332,0,ᛈᛖᚾᚱᚩᛋᛖ,277
goddamn,1888430,0,ᚷᚩᛞᛞᚪᛗᚾ,399
papists,1887268,0,ᛈᚪᛈᛁᛋᛏᛋ,379
uneasily,1887266,0,ᚢᚾᛠᛋᛁᛚᚣ,401
lichens,1886321,0,ᛚᛁᚳᚻᛖᚾᛋ,289
scorned,1883447,0,ᛋᚳᚩᚱᚾᛖᛞ,269
crippling,1882638,0,ᚳᚱᛁᛈᛈᛚᛝ,293
reptile,1882454,0,ᚱᛖᛈᛏᛁᛚᛖ,351
enrolling,1882123,0,ᛖᚾᚱᚩᛚᛚᛝ,339
crouching,1881825,0,ᚳᚱᚩᚢᚳᚻᛝ,149
revisit,1881276,0,ᚱᛖᚢᛁᛋᛁᛏ,255
tallest,1881190,0,ᛏᚪᛚᛚᛖᛋᛏ,481
ferrara,1879152,0,ᚠᛖᚱᚱᚪᚱᚪ,296
pelican,1878782,1,ᛈᛖᛚᛁᚳᚪᚾ,353
yucatan,1878005,0,ᚣᚢᚳᚪᛏᚪᚾ,401
neatness,1877721,0,ᚾᛠᛏᚾᛖᛋᛋ,399
spectre,1877281,0,ᛋᛈᛖᚳᛏᚱᛖ,313
methinks,1876485,0,ᛗᛖᚦᛁᚾᚳᛋ,269
deploying,1875353,0,ᛞᛖᛈᛚᚩᚣᛝ,461
bahadur,1874787,0,ᛒᚪᚻᚪᛞᚢᚱ,381
wedlock,1874244,0,ᚹᛖᛞᛚᚩᚳᚳ,281
squires,1873887,0,ᛋᚳᚹᛁᚱᛖᛋ,247
splashing,1873821,0,ᛋᛈᛚᚪᛋᚻᛝ,421
gustave,1871394,0,ᚷᚢᛋᛏᚪᚢᛖ,299
pinkish,1871097,0,ᛈᛁᚾᚳᛁᛋᚻ,223
shrinks,1870230,0,ᛋᚻᚱᛁᚾᚳᛋ,213
popcorn,1869899,0,ᛈᚩᛈᚳᚩᚱᚾ,153
centric,1869580,0,ᚳᛖᚾᛏᚱᛁᚳ,223
enrique,1868826,0,ᛖᚾᚱᛁᚳᚹᛖ,237
revolting,1866925,0,ᚱᛖᚢᚩᛚᛏᛝ,299
tracheal,1866056,0,ᛏᚱᚪᚳᚻᛠᛚ,385
bacchus,1865029,0,ᛒᚪᚳᚳᚻᚢᛋ,263
mindset,1864781,0,ᛗᛁᚾᛞᛋᛖᛏ,399
prosaic,1864405,0,ᛈᚱᚩᛋᚪᛁᚳ,255
conceding,1863726,0,ᚳᚩᚾᚳᛖᛞᛝ,297
regaining,1863534,0,ᚱᛖᚷᚪᛁᚾᛝ,331
acceded,1863132,0,ᚪᚳᚳᛖᛞᛖᛞ,435
resigning,1862928,0,ᚱᛖᛋᛁᚷᚾᛝ,287
apricot,1862008,1,ᚪᛈᚱᛁᚳᚩᛏ,261
vexation,1861882,0,ᚢᛖᛉᚪᛏᛡᚾ,409
toasted,1861044,0,ᛏᚩᚪᛋᛏᛖᛞ,431
chopper,1858971,0,ᚳᚻᚩᛈᛈᛖᚱ,207
fittest,1858603,0,ᚠᛁᛏᛏᛖᛋᛏ,330
recites,1858124,0,ᚱᛖᚳᛁᛏᛖᛋ,301
pedicle,1857193,0,ᛈᛖᛞᛁᚳᛚᛖ,383
halibut,1855317,0,ᚻᚪᛚᛁᛒᚢᛏ,347
hepburn,1854292,0,ᚻᛖᛈᛒᚢᚱᚾ,237
flexure,1853974,0,ᚠᛚᛖᛉᚢᚱᛖ,270
steeple,1853714,0,ᛋᛏᛖᛖᛈᛚᛖ,429
unravel,1852859,0,ᚢᚾᚱᚪᚢᛖᛚ,283
maxilla,1852569,0,ᛗᚪᛉᛁᛚᛚᚪ,489
enlisting,1851512,0,ᛖᚾᛚᛁᛋᛏᛝ,391
reclining,1850881,0,ᚱᛖᚳᛚᛁᚾᛝ,303
laurels,1850452,0,ᛚᚪᚢᚱᛖᛚᛋ,377
mahatma,1850421,0,ᛗᚪᚻᚪᛏᛗᚪ,515
nearness,1849598,0,ᚾᛠᚱᚾᛖᛋᛋ,351
phrased,1848706,0,ᛈᚻᚱᚪᛋᛖᛞ,383
utilise,1848587,0,ᚢᛏᛁᛚᛁᛋᛖ,317
beckman,1847424,0,ᛒᛖᚳᚳᛗᚪᚾ,351
interns,1846883,0,ᛁᚾᛏᛖᚱᚾᛋ,279
tsunami,1846520,0,ᛏᛋᚢᚾᚪᛗᛁ,343
apatite,1846461,0,ᚪᛈᚪᛏᛁᛏᛖ,453
martins,1845819,0,ᛗᚪᚱᛏᛁᚾᛋ,351
slashed,1845734,0,ᛋᛚᚪᛋᚻᛖᛞ,455
pontiff,1845504,0,ᛈᚩᚾᛏᛁᚠᚠ,173
margery,1845094,0,ᛗᚪᚱᚷᛖᚱᚣ,377
callous,1844870,0,ᚳᚪᛚᛚᚩᚢᛋ,319
trappings,1844192,0,ᛏᚱᚪᛈᛈᛝᛋ,385
patched,1843606,0,ᛈᚪᛏᚳᚻᛖᛞ,391
goggles,1841532,0,ᚷᚩᚷᚷᛚᛖᛋ,251
comedian,1841411,0,ᚳᚩᛗᛖᛞᛡᚾ,383
freezes,1841136,0,ᚠᚱᛖᛖᛋᛖᛋ,320
estonian,1840792,0,ᛖᛋᛏᚩᚾᛡᚾ,351
ruffled,1840221,0,ᚱᚢᚠᚠᛚᛖᛞ,247
merrick,1839579,0,ᛗᛖᚱᚱᛁᚳᚳ,217
clogged,1836046,0,ᚳᛚᚩᚷᚷᛖᛞ,283
exudate,1835971,0,ᛖᛉᚢᛞᚪᛏᛖ,429
pondering,1834986,0,ᛈᚩᚾᛞᛖᚱᛝ,325
levites,1834541,0,ᛚᛖᚢᛁᛏᛖᛋ,353
refuges,1831532,0,ᚱᛖᚠᚢᚷᛖᛋ,220
bellamy,1831381,0,ᛒᛖᛚᛚᚪᛗᚣ,545
beheaded,1831305,0,ᛒᛖᚻᛠᛞᛖᛞ,505
alanine,1831085,0,ᚪᛚᚪᚾᛁᚾᛖ,423
vestige,1831054,0,ᚢᛖᛋᛏᛁᚷᛖ,297
bristle,1830371,0,ᛒᚱᛁᛋᛏᛚᛖ,355
nestled,1830288,0,ᚾᛖᛋᛏᛚᛖᛞ,437
cementing,1829499,0,ᚳᛖᛗᛖᚾᛏᛝ,385
nonunion,1829028,0,ᚾᚩᚾᚢᚾᛡᚾ,233
saddled,1828832,0,ᛋᚪᛞᛞᛚᛖᛞ,557
annexes,1828118,0,ᚪᚾᚾᛖᛉᛖᛋ,389
auguste,1827834,0,ᚪᚢᚷᚢᛋᛏᛖ,299
phenols,1827130,0,ᛈᚻᛖᚾᚩᛚᛋ,295
chagrin,1826482,0,ᚳᚻᚪᚷᚱᛁᚾ,221
haldane,1825336,0,ᚻᚪᛚᛞᚪᚾᛖ,475
trotted,1822737,0,ᛏᚱᚩᛏᛏᛖᛞ,351
blender,1819524,0,ᛒᛚᛖᚾᛞᛖᚱ,397
venturing,1819444,0,ᚢᛖᚾᛏᚢᚱᛝ,251
mastoid,1819087,0,ᛗᚪᛋᛏᚩᛁᛞ,407
babbitt,1818479,0,ᛒᚪᛒᛒᛁᛏᛏ,429
catalan,1817532,0,ᚳᚪᛏᚪᛚᚪᚾ,465
messaging,1817378,0,ᛗᛖᛋᛋᚪᚷᛝ,437
bundled,1817263,0,ᛒᚢᚾᛞᛚᛖᛞ,411
inshore,1817065,0,ᛁᚾᛋᚻᚩᚱᛖ,221
aseptic,1816583,0,ᚪᛋᛖᛈᛏᛁᚳ,363
rickets,1816187,0,ᚱᛁᚳᚳᛖᛏᛋ,247
dreyfus,1816156,0,ᛞᚱᛖᚣᚠᚢᛋ,328
dioceses,1815826,0,ᛞᛡᚳᛖᛋᛖᛋ,449
manfred,1815649,0,ᛗᚪᚾᚠᚱᛖᛞ,366
blurted,1814959,0,ᛒᛚᚢᚱᛏᛖᛞ,363
enfield,1813628,0,ᛖᚾᚠᛁᛖᛚᛞ,358
wolcott,1812333,0,ᚹᚩᛚᚳᚩᛏᛏ,237
garnett,1812248,0,ᚷᚪᚱᚾᛖᛏᛏ,339
outlaws,1812052,0,ᚩᚢᛏᛚᚪᚹᛋ,311
disputing,1810625,0,ᛞᛁᛋᛈᚢᛏᛝ,357
favouring,1809994,0,ᚠᚪᚢᚩᚢᚱᛝ,202
reposed,1808707,0,ᚱᛖᛈᚩᛋᛖᛞ,337
olympus,1807662,0,ᚩᛚᚣᛗᛈᚢᛋ,353
gainful,1807027,0,ᚷᚪᛁᚾᚠᚢᛚ,252
cationic,1805531,0,ᚳᚪᛏᛡᚾᛁᚳ,349
vibrate,1804625,0,ᚢᛁᛒᚱᚪᛏᛖ,329
fortieth,1804435,0,ᚠᚩᚱᛏᛁᛖᚦ,182
latinos,1804392,0,ᛚᚪᛏᛁᚾᚩᛋ,349
hurdles,1804208,0,ᚻᚢᚱᛞᛚᛖᛋ,319
locates,1801528,0,ᛚᚩᚳᚪᛏᛖᛋ,369
rosette,1801501,0,ᚱᚩᛋᛖᛏᛏᛖ,323
eskimos,1801044,0,ᛖᛋᚳᛁᛗᚩᛋ,295
shuffle,1798514,0,ᛋᚻᚢᚠᚠᛚᛖ,223
polluting,1796293,0,ᛈᚩᛚᛚᚢᛏᛝ,337
bracken,1795685,0,ᛒᚱᚪᚳᚳᛖᚾ,291
carmine,1795591,0,ᚳᚪᚱᛗᛁᚾᛖ,319
potters,1795504,0,ᛈᚩᛏᛏᛖᚱᛋ,299
johanna,1795276,0,ᛂᚩᚻᚪᚾᚾᚪ,319
carnage,1795020,0,ᚳᚪᚱᚾᚪᚷᛖ,331
thundering,1794637,0,ᚦᚢᚾᛞᛖᚱᛝ,283
rampart,1794529,0,ᚱᚪᛗᛈᚪᚱᛏ,389
obverse,1793942,0,ᚩᛒᚢᛖᚱᛋᛖ,269
iceberg,1789949,0,ᛁᚳᛖᛒᛖᚱᚷ,267
florist,1787686,0,ᚠᛚᚩᚱᛁᛋᛏ,236
retinue,1786832,0,ᚱᛖᛏᛁᚾᚢᛖ,267
quicken,1785916,0,ᚳᚹᛁᚳᚳᛖᚾ,185
rallies,1785781,0,ᚱᚪᛚᛚᛁᛖᛋ,405
subvert,1785444,0,ᛋᚢᛒᚢᛖᚱᛏ,257
acronym,1784339,0,ᚪᚳᚱᚩᚾᚣᛗ,331
terrier,1781783,0,ᛏᛖᚱᚱᛁᛖᚱ,257
shatter,1780182,0,ᛋᚻᚪᛏᛏᛖᚱ,369
sprouting,1779573,0,ᛋᛈᚱᚩᚢᛏᛝ,255
amyloid,1779242,0,ᚪᛗᚣᛚᚩᛁᛞ,471
trident,1778365,0,ᛏᚱᛁᛞᛖᚾᛏ,345
couplet,1777555,0,ᚳᚩᚢᛈᛚᛖᛏ,265
eyeball,1776348,0,ᛖᚣᛖᛒᚪᛚᛚ,541
accrues,1775275,0,ᚪᚳᚳᚱᚢᛖᛋ,257
renters,1774415,0,ᚱᛖᚾᛏᛖᚱᛋ,297
panties,1771201,0,ᛈᚪᚾᛏᛁᛖᛋ,379
shyness,1770923,0,ᛋᚻᚣᚾᛖᛋᛋ,381
harassing,1769657,0,ᚻᚪᚱᚪᛋᛋᛝ,413
glimmer,1769184,0,ᚷᛚᛁᛗᛗᛖᚱ,341
exempts,1766893,0,ᛖᛉᛖᛗᛈᛏᛋ,407
tumbler,1766433,0,ᛏᚢᛗᛒᛚᛖᚱ,345
evasive,1766251,0,ᛖᚢᚪᛋᛁᚢᛖ,321
thalamus,1765941,0,ᚦᚪᛚᚪᛗᚢᛋ,399
onboard,1764855,0,ᚩᚾᛒᚩᚪᚱᛞ,301
belarus,1764774,0,ᛒᛖᛚᚪᚱᚢᛋ,365
cranium,1764770,0,ᚳᚱᚪᚾᛁᚢᛗ,255
nikolai,1763282,0,ᚾᛁᚳᚩᛚᚪᛁ,281
eustace,1762045,0,ᛖᚢᛋᛏᚪᚳᛖ,359
mahomet,1760669,0,ᛗᚪᚻᚩᛗᛖᛏ,395
harrowing,1760379,0,ᚻᚪᚱᚱᚩᚹᛝ,247
tempers,1760364,0,ᛏᛖᛗᛈᛖᚱᛋ,371
obviated,1759951,0,ᚩᛒᚢᛡᛏᛖᛞ,393
lineages,1757626,0,ᛚᛁᚾᛠᚷᛖᛋ,379
fenwick,1756578,0,ᚠᛖᚾᚹᛁᚳᚳ,174
dutiful,1755603,0,ᛞᚢᛏᛁᚠᚢᛚ,260
riemann,1755289,0,ᚱᛁᛖᛗᚪᚾᚾ,335
drinker,1754505,0,ᛞᚱᛁᚾᚳᛖᚱ,251
wickham,1753653,0,ᚹᛁᚳᚳᚻᚪᛗ,267
malabar,1753574,0,ᛗᚪᛚᚪᛒᚪᚱ,507
normans,1750103,0,ᚾᚩᚱᛗᚪᚾᛋ,297
outcast,1750102,0,ᚩᚢᛏᚳᚪᛋᛏ,291
bodleian,1748946,0,ᛒᚩᛞᛚᛖᛡᚾ,433
hinders,1748363,0,ᚻᛁᚾᛞᛖᚱᛋ,303
rumanian,1746862,0,ᚱᚢᛗᚪᚾᛡᚾ,347
twitching,1746657,0,ᛏᚹᛁᛏᚳᚻᛝ,283
stimson,1745505,0,ᛋᛏᛁᛗᛋᚩᚾ,303
crawley,1744986,0,ᚳᚱᚪᚹᛚᛖᚣ,383
clatter,1742607,0,ᚳᛚᚪᛏᛏᛖᚱ,379
wealthier,1741801,0,ᚹᛠᛚᚦᛁᛖᚱ,315
revolts,1741119,0,ᚱᛖᚢᚩᛚᛏᛋ,273
bernice,1740732,0,ᛒᛖᚱᚾᛁᚳᛖ,279
mistaking,1740561,0,ᛗᛁᛋᛏᚪᚳᛝ,403
semiotic,1740462,0,ᛋᛖᛗᛡᛏᛁᚳ,401
bolivian,1740027,0,ᛒᚩᛚᛁᚢᛡᚾ,311
catarrh,1739952,0,ᚳᚪᛏᚪᚱᚱᚻ,311
currant,1738508,0,ᚳᚢᚱᚱᚪᚾᛏ,223
crumble,1738327,0,ᚳᚱᚢᛗᛒᛚᛖ,299
thickest,1737439,0,ᚦᛁᚳᚳᛖᛋᛏ,241
agonizing,1736143,0,ᚪᚷᚩᚾᛁᛋᛝ,313
savanna,1735971,0,ᛋᚪᚢᚪᚾᚾᚪ,405
northrop,1735750,0,ᚾᚩᚱᚦᚱᚩᛈ,113
hunched,1735478,0,ᚻᚢᚾᚳᚻᛖᛞ,247
clamour,1734321,0,ᚳᛚᚪᛗᚩᚢᚱ,275
gunfire,1733150,0,ᚷᚢᚾᚠᛁᚱᛖ,160
anaheim,1732848,0,ᚪᚾᚪᚻᛖᛁᛗ,415
dunedin,1730473,0,ᛞᚢᚾᛖᛞᛁᚾ,337
pensive,1730003,0,ᛈᛖᚾᛋᛁᚢᛖ,293
pipette,1729821,0,ᛈᛁᛈᛖᛏᛏᛖ,369
shunned,1728544,0,ᛋᚻᚢᚾᚾᛖᛞ,293
arcuate,1728359,0,ᚪᚱᚳᚢᚪᛏᛖ,347
specious,1728234,0,ᛋᛈᛖᚳᛡᚢᛋ,339
hapless,1727291,0,ᚻᚪᛈᛚᛖᛋᛋ,409
topsoil,1726376,0,ᛏᚩᛈᛋᚩᛁᛚ,273
airfoil,1726157,0,ᚪᛁᚱᚠᚩᛁᛚ,252
charger,1726134,0,ᚳᚻᚪᚱᚷᛖᚱ,239
privity,1725975,0,ᛈᚱᛁᚢᛁᛏᚣ,281
cryptic,1723477,0,ᚳᚱᚣᛈᛏᛁᚳ,273
fulcrum,1722861,0,ᚠᚢᛚᚳᚱᚢᛗ,176
stephan,1722828,0,ᛋᛏᛖᛈᚻᚪᚾ,371
clipper,1721893,0,ᚳᛚᛁᛈᛈᛖᚱ,281
calculi,1720758,0,ᚳᚪᛚᚳᚢᛚᛁ,303
mumford,1720739,0,ᛗᚢᛗᚠᚩᚱᛞ,254
ingrained,1720622,0,ᛝᚱᚪᛁᚾᛖᛞ,403
fetuses,1720537,0,ᚠᛖᛏᚢᛋᛖᛋ,304
hammock,1719116,0,ᚻᚪᛗᛗᚩᚳᚳ,295
sorcery,1718352,0,ᛋᚩᚱᚳᛖᚱᚣ,265
haywood,1715646,0,ᚻᚪᚣᚹᚩᚩᛞ,345
mouthful,1715094,0,ᛗᚩᚢᚦᚠᚢᛚ,164
donkeys,1712948,0,ᛞᚩᚾᚳᛖᚣᛋ,361
dazzled,1712884,0,ᛞᚪᛋᛋᛚᛖᛞ,521
amylase,1712279,0,ᚪᛗᚣᛚᚪᛋᛖ,561
censors,1711232,0,ᚳᛖᚾᛋᚩᚱᛋ,233
twinkle,1710862,0,ᛏᚹᛁᚾᚳᛚᛖ,291
mcneill,1710758,0,ᛗᚳᚾᛖᛁᛚᛚ,357
entrust,1710732,0,ᛖᚾᛏᚱᚢᛋᛏ,281
oppress,1710426,0,ᚩᛈᛈᚱᛖᛋᛋ,277
captors,1708574,0,ᚳᚪᛈᛏᚩᚱᛋ,283
proteus,1708559,0,ᛈᚱᚩᛏᛖᚢᛋ,243
laureate,1708305,0,ᛚᚪᚢᚱᛠᛏᛖ,419
hatchet,1707955,0,ᚻᚪᛏᚳᚻᛖᛏ,341
egerton,1707951,0,ᛖᚷᛖᚱᛏᚩᚾ,257
spinner,1707454,0,ᛋᛈᛁᚾᚾᛖᚱ,263
saintly,1705785,0,ᛋᚪᛁᚾᛏᛚᚣ,445
tampering,1705377,0,ᛏᚪᛗᛈᛖᚱᛝ,427
roswell,1705030,0,ᚱᚩᛋᚹᛖᛚᛚ,303
cracker,1704298,0,ᚳᚱᚪᚳᚳᛖᚱ,225
divisor,1703519,0,ᛞᛁᚢᛁᛋᚩᚱ,225
devotee,1703443,0,ᛞᛖᚢᚩᛏᛖᛖ,359
scowled,1702928,0,ᛋᚳᚩᚹᛚᛖᛞ,321
orville,1702912,0,ᚩᚱᚢᛁᛚᛚᛖ,265
samurai,1701513,0,ᛋᚪᛗᚢᚱᚪᛁ,363
unearthed,1701060,0,ᚢᚾᛠᚱᚦᛖᛞ,313
laments,1700875,0,ᛚᚪᛗᛖᚾᛏᛋ,449
medially,1700581,0,ᛗᛖᛞᛡᛚᛚᚣ,583
matures,1700016,0,ᛗᚪᛏᚢᚱᛖᛋ,361
reaffirm,1699878,0,ᚱᛠᚠᚠᛁᚱᛗ,237
mystics,1699796,0,ᛗᚣᛋᛏᛁᚳᛋ,383
disable,1699676,0,ᛞᛁᛋᚪᛒᛚᛖ,471
breasted,1699676,0,ᛒᚱᛠᛋᛏᛖᛞ,449
riddles,1698326,0,ᚱᛁᛞᛞᛚᛖᛋ,413
secreting,1697671,0,ᛋᛖᚳᚱᛖᛏᛝ,349
angelica,1697639,0,ᚪᛝᛖᛚᛁᚳᚪ,457
windham,1697206,0,ᚹᛁᚾᛞᚻᚪᛗ,359
wooster,1696093,0,ᚹᚩᚩᛋᛏᛖᚱ,223
pardons,1695870,0,ᛈᚪᚱᛞᚩᚾᛋ,329
woodcut,1695712,0,ᚹᚩᚩᛞᚳᚢᛏ,197
trestle,1695199,0,ᛏᚱᛖᛋᛏᛚᛖ,389
scolded,1693824,0,ᛋᚳᚩᛚᛞᛖᛞ,391
snarled,1692311,0,ᛋᚾᚪᚱᛚᛖᛞ,419
aborted,1691955,0,ᚪᛒᚩᚱᛏᛖᛞ,391
granule,1691467,0,ᚷᚱᚪᚾᚢᛚᛖ,297
hoppers,1690953,0,ᚻᚩᛈᛈᛖᚱᛋ,247
taverns,1690486,0,ᛏᚪᚢᛖᚱᚾᛋ,319
absalom,1689155,0,ᚪᛒᛋᚪᛚᚩᛗ,459
leghorn,1688610,0,ᛚᛖᚷᚻᚩᚱᚾ,227
moravian,1688152,0,ᛗᚩᚱᚪᚢᛡᚾ,325
coolers,1687886,0,ᚳᚩᚩᛚᛖᚱᛋ,231
fortify,1687632,0,ᚠᚩᚱᛏᛁᚠᚣ,215
quashed,1686775,0,ᚳᚹᚪᛋᚻᛖᛞ,361
athenaeum,1686675,0,ᚪᚦᛖᚾᚫᚢᛗ,373
fanatic,1686311,0,ᚠᚪᚾᚪᛏᛁᚳ,328
engender,1686261,0,ᛖᛝᛖᚾᛞᛖᚱ,409
scoured,1686209,0,ᛋᚳᚩᚢᚱᛖᛞ,243
courted,1685415,0,ᚳᚩᚢᚱᛏᛖᛞ,249
frankel,1685102,0,ᚠᚱᚪᚾᚳᛖᛚ,292
sequelae,1684715,0,ᛋᛖᚳᚹᛖᛚᚫ,393
deviated,1684306,0,ᛞᛖᚢᛡᛏᛖᛞ,481
archery,1683202,0,ᚪᚱᚳᚻᛖᚱᚣ,325
pullets,1683126,0,ᛈᚢᛚᛚᛖᛏᛋ,371
relayed,1681955,0,ᚱᛖᛚᚪᚣᛖᛞ,507
tremors,1681336,0,ᛏᚱᛖᛗᚩᚱᛋ,279
shipley,1680324,0,ᛋᚻᛁᛈᛚᛖᚣ,393
malacca,1680310,0,ᛗᚪᛚᚪᚳᚳᚪ,461
checker,1679352,0,ᚳᚻᛖᚳᚳᛖᚱ,207
roubles,1677293,0,ᚱᚩᚢᛒᛚᛖᛋ,275
oocytes,1677030,0,ᚩᚩᚳᚣᛏᛖᛋ,309
ailment,1676889,0,ᚪᛁᛚᛗᛖᚾᛏ,427
litters,1676410,0,ᛚᛁᛏᛏᛖᚱᛋ,353
studious,1676265,0,ᛋᛏᚢᛞᛡᚢᛋ,367
brendan,1675779,0,ᛒᚱᛖᚾᛞᚪᚾ,383
ridgway,1675376,0,ᚱᛁᛞᚷᚹᚪᚣ,367
retract,1674540,0,ᚱᛖᛏᚱᚪᚳᛏ,317
recreate,1674119,0,ᚱᛖᚳᚱᛠᛏᛖ,337
chromic,1673897,0,ᚳᚻᚱᚩᛗᛁᚳ,169
restart,1673633,0,ᚱᛖᛋᛏᚪᚱᛏ,357
everest,1671884,0,ᛖᚢᛖᚱᛖᛋᛏ,327
validly,1669921,0,ᚢᚪᛚᛁᛞᛚᚣ,469
amassed,1669588,0,ᚪᛗᚪᛋᛋᛖᛞ,527
bronzes,1669288,0,ᛒᚱᚩᚾᛋᛖᛋ,281
entitling,1669093,0,ᛖᚾᛏᛁᛏᛚᛝ,397
precast,1668368,0,ᛈᚱᛖᚳᚪᛋᛏ,343
abusers,1668073,0,ᚪᛒᚢᛋᛖᚱᛋ,345
menzies,1667521,0,ᛗᛖᚾᛋᛁᛖᛋ,371
chanted,1666775,0,ᚳᚻᚪᚾᛏᛖᛞ,377
debugging,1666507,0,ᛞᛖᛒᚢᚷᚷᛝ,333
avocado,1665860,0,ᚪᚢᚩᚳᚪᛞᚩ,313
newtown,1664774,0,ᚾᛖᚹᛏᚩᚹᚾ,229
coldest,1664595,0,ᚳᚩᛚᛞᛖᛋᛏ,361
borrows,1664294,0,ᛒᚩᚱᚱᚩᚹᛋ,169
warheads,1664179,0,ᚹᚪᚱᚻᛠᛞᛋ,401
fourthly,1664099,0,ᚠᚩᚢᚱᚦᛚᚣ,204
prolonging,1662927,0,ᛈᚱᚩᛚᚩᛝᛝ,299
caressing,1662624,0,ᚳᚪᚱᛖᛋᛋᛝ,373
lockers,1662129,0,ᛚᚩᚳᚳᛖᚱᛋ,237
boucher,1660332,0,ᛒᚩᚢᚳᚻᛖᚱ,185
leviathan,1659016,0,ᛚᛖᚢᛡᚦᚪᚾ,381
ulterior,1658895,0,ᚢᛚᛏᛖᚱᛡᚱ,331
magnify,1656876,0,ᛗᚪᚷᚾᛁᚠᚣ,350
wiseman,1653715,0,ᚹᛁᛋᛖᛗᚪᚾ,367
hostels,1653566,0,ᚻᚩᛋᛏᛖᛚᛋ,335
olmsted,1653549,0,ᚩᛚᛗᛋᛏᛖᛞ,419
myeloma,1652750,0,ᛗᚣᛖᛚᚩᛗᚪ,489
flowery,1651931,0,ᚠᛚᚩᚹᛖᚱᚣ,282
misused,1651743,0,ᛗᛁᛋᚢᛋᛖᛞ,367
condoms,1650666,0,ᚳᚩᚾᛞᚩᛗᛋ,269
bergson,1650336,0,ᛒᛖᚱᚷᛋᚩᚾ,245
baillie,1649862,0,ᛒᚪᛁᛚᛚᛁᛖ,433
hillman,1648778,0,ᚻᛁᛚᛚᛗᚪᚾ,397
crackling,1648008,0,ᚳᚱᚪᚳᚳᛚᛝ,299
wanders,1647976,0,ᚹᚪᚾᛞᛖᚱᛋ,365
leucine,1645992,0,ᛚᛖᚢᚳᛁᚾᛖ,283
cinders,1645546,0,ᚳᛁᚾᛞᛖᚱᛋ,293
buddies,1645509,0,ᛒᚢᛞᛞᛁᛖᛋ,393
spiegel,1644638,0,ᛋᛈᛁᛖᚷᛖᛚ,351
chatted,1642730,0,ᚳᚻᚪᛏᛏᛖᛞ,407
cordage,1642038,0,ᚳᚩᚱᛞᚪᚷᛖ,301
auroral,1641684,0,ᚪᚢᚱᚩᚱᚪᛚ,299
fontana,1641524,0,ᚠᚩᚾᛏᚪᚾᚪ,320
biopsies,1640779,0,ᛒᛡᛈᛋᛁᛖᛋ,415
burgers,1639839,0,ᛒᚢᚱᚷᛖᚱᛋ,223
mouldings,1639746,0,ᛗᚩᚢᛚᛞᛝᛋ,375
hidalgo,1639508,0,ᚻᛁᛞᚪᛚᚷᚩ,337
accuses,1638862,0,ᚪᚳᚳᚢᛋᛖᛋ,299
notional,1638716,0,ᚾᚩᛏᛡᚾᚪᛚ,401
calomel,1636976,0,ᚳᚪᛚᚩᛗᛖᛚ,401
polemic,1636478,0,ᛈᚩᛚᛖᛗᛁᚳ,305
opulent,1635992,0,ᚩᛈᚢᛚᛖᚾᛏ,281
swarmed,1632974,0,ᛋᚹᚪᚱᛗᛖᛞ,407
zachary,1632456,0,ᛋᚪᚳᚻᚪᚱᚣ,397
inclosing,1632134,0,ᛁᚾᚳᛚᚩᛋᛝ,285
insides,1630517,0,ᛁᚾᛋᛁᛞᛖᛋ,353
pennant,1630479,0,ᛈᛖᚾᚾᚪᚾᛏ,353
endures,1630220,0,ᛖᚾᛞᚢᚱᛖᛋ,319
waggons,1630069,0,ᚹᚪᚷᚷᚩᚾᛋ,239
footman,1629684,0,ᚠᚩᚩᛏᛗᚪᚾ,272
powdery,1628593,0,ᛈᚩᚹᛞᛖᚱᚣ,339
normals,1628241,0,ᚾᚩᚱᛗᚪᛚᛋ,341
beholding,1628188,0,ᛒᛖᚻᚩᛚᛞᛝ,399
nullify,1626577,0,ᚾᚢᛚᛚᛁᚠᚣ,314
wrestle,1626397,0,ᚹᚱᛖᛋᛏᛚᛖ,349
grumbling,1625661,0,ᚷᚱᚢᛗᛒᛚᛝ,315
hatches,1625552,0,ᚻᚪᛏᚳᚻᛖᛋ,335
playboy,1625074,0,ᛈᛚᚪᚣᛒᚩᚣ,487
novices,1623861,0,ᚾᚩᚢᛁᚳᛖᛋ,203
pounder,1623180,0,ᛈᚩᚢᚾᛞᛖᚱ,249
petioles,1621900,0,ᛈᛖᛏᛡᛚᛖᛋ,469
errands,1621863,0,ᛖᚱᚱᚪᚾᛞᛋ,357
epsilon,1621639,0,ᛖᛈᛋᛁᛚᚩᚾ,303
turrets,1621510,0,ᛏᚢᚱᚱᛖᛏᛋ,263
presuming,1621438,0,ᛈᚱᛖᛋᚢᛗᛝ,327
rateable,1621083,0,ᚱᚪᛏᛠᛒᛚᛖ,477
venison,1620772,0,ᚢᛖᚾᛁᛋᚩᚾ,219
denuded,1620688,0,ᛞᛖᚾᚢᛞᛖᛞ,433
cantons,1620529,0,ᚳᚪᚾᛏᚩᚾᛋ,287
quercus,1619313,0,ᚳᚹᛖᚱᚳᚢᛋ,179
avignon,1619118,0,ᚪᚢᛁᚷᚾᚩᚾ,213
trimble,1618887,0,ᛏᚱᛁᛗᛒᛚᛖ,373
kittens,1617687,0,ᚳᛁᛏᛏᛖᚾᛋ,311
pompeii,1617233,0,ᛈᚩᛗᛈᛖᛁᛁ,293
denture,1614445,0,ᛞᛖᚾᛏᚢᚱᛖ,325
sickening,1614196,0,ᛋᛁᚳᚳᛖᚾᛝ,285
darrell,1613081,0,ᛞᚪᚱᚱᛖᛚᛚ,421
belcher,1613070,0,ᛒᛖᛚᚳᚻᛖᚱ,315
celeste,1612587,0,ᚳᛖᛚᛖᛋᛏᛖ,399
belgians,1611557,0,ᛒᛖᛚᚷᛡᚾᛋ,407
florins,1610489,0,ᚠᛚᚩᚱᛁᚾᛋ,206
burnout,1610358,0,ᛒᚢᚱᚾᚩᚢᛏ,173
emanate,1609748,0,ᛖᛗᚪᚾᚪᛏᛖ,487
rubella,1609485,0,ᚱᚢᛒᛖᛚᛚᚪ,385
aliquot,1608807,0,ᚪᛚᛁᚳᚹᚩᛏ,299
deflect,1608752,0,ᛞᛖᚠᛚᛖᚳᛏ,370
scorching,1606431,0,ᛋᚳᚩᚱᚳᚻᛝ,199
peaceably,1605961,0,ᛈᛠᚳᛠᛒᛚᚣ,511
solutes,1605769,0,ᛋᚩᛚᚢᛏᛖᛋ,315
plantar,1605693,0,ᛈᛚᚪᚾᛏᚪᚱ,409
moderns,1605214,0,ᛗᚩᛞᛖᚱᚾᛋ,327
barrack,1605133,0,ᛒᚪᚱᚱᚪᚳᚳ,303
publics,1604803,0,ᛈᚢᛒᛚᛁᚳᛋ,277
pendent,1604605,0,ᛈᛖᚾᛞᛖᚾᛏ,383
hazlitt,1603758,0,ᚻᚪᛋᛚᛁᛏᛏ,395
implore,1603287,0,ᛁᛗᛈᛚᚩᚱᛖ,303
inbound,1601196,0,ᛁᚾᛒᚩᚢᚾᛞ,249
squatting,1601120,0,ᛋᚳᚹᚪᛏᛏᛝ,379
thrombin,1600434,0,ᚦᚱᚩᛗᛒᛁᚾ,215
scapula,1598951,0,ᛋᚳᚪᛈᚢᛚᚪ,379
custard,1598793,0,ᚳᚢᛋᛏᚪᚱᛞ,325
cannons,1598567,0,ᚳᚪᚾᚾᚩᚾᛋ,257
diderot,1598171,0,ᛞᛁᛞᛖᚱᚩᛏ,353
charted,1598042,0,ᚳᚻᚪᚱᛏᛖᛞ,359
browned,1597996,0,ᛒᚱᚩᚹᚾᛖᛞ,283
artemis,1597028,0,ᚪᚱᛏᛖᛗᛁᛋ,389
gorilla,1596921,1,ᚷᚩᚱᛁᛚᛚᚪ,309
adenine,1596076,0,ᚪᛞᛖᚾᛁᚾᛖ,409
attests,1595852,0,ᚪᛏᛏᛖᛋᛏᛋ,447
wavered,1595155,0,ᚹᚪᚢᛖᚱᛖᛞ,353
swimmer,1594141,0,ᛋᚹᛁᛗᛗᛖᚱ,323
grenade,1594121,0,ᚷᚱᛖᚾᚪᛞᛖ,377
pulsating,1593851,0,ᛈᚢᛚᛋᚪᛏᛝ,407
heralds,1593849,0,ᚻᛖᚱᚪᛚᛞᛋ,413
campers,1592408,0,ᚳᚪᛗᛈᛖᚱᛋ,355
sigmoid,1592149,0,ᛋᛁᚷᛗᚩᛁᛞ,299
plateaus,1591568,0,ᛈᛚᚪᛏᛠᚢᛋ,437
buckles,1590434,0,ᛒᚢᚳᚳᛚᛖᛋ,283
adenoma,1589837,0,ᚪᛞᛖᚾᚩᛗᚪ,457
pricked,1589792,0,ᛈᚱᛁᚳᚳᛖᛞ,267
decoder,1588921,0,ᛞᛖᚳᚩᛞᛖᚱ,343
faulted,1587926,0,ᚠᚪᚢᛚᛏᛖᛞ,390
histone,1587216,0,ᚻᛁᛋᛏᚩᚾᛖ,269
clerics,1587073,0,ᚳᛚᛖᚱᛁᚳᛋ,261
ellington,1586817,0,ᛖᛚᛚᛝᛏᚩᚾ,387
rhubarb,1585162,0,ᚱᚻᚢᛒᚪᚱᛒ,267
stringers,1585089,0,ᛋᛏᚱᛝᛖᚱᛋ,333
orations,1584562,0,ᚩᚱᚪᛏᛡᚾᛋ,363
vulture,1583831,0,ᚢᚢᛚᛏᚢᚱᛖ,219
hindering,1583774,0,ᚻᛁᚾᛞᛖᚱᛝ,329
amniotic,1582661,0,ᚪᛗᚾᛡᛏᛁᚳ,407
tripled,1580904,0,ᛏᚱᛁᛈᛚᛖᛞ,373
mandela,1580651,0,ᛗᚪᚾᛞᛖᛚᚪ,523
heinous,1580523,0,ᚻᛖᛁᚾᚩᚢᛋ,213
burundi,1579099,0,ᛒᚢᚱᚢᚾᛞᛁ,227
cochlear,1578787,0,ᚳᚩᚳᚻᛚᛠᚱ,249
euphoria,1577464,0,ᛖᚢᛈᚻᚩᚱᛡ,261
quieted,1576814,0,ᚳᚹᛁᛖᛏᛖᛞ,345
genomes,1576718,0,ᚷᛖᚾᚩᛗᛖᛋ,311
synergy,1576527,0,ᛋᚣᚾᛖᚱᚷᚣ,383
battering,1576437,0,ᛒᚪᛏᛏᛖᚱᛝ,433
anatolia,1575635,0,ᚪᚾᚪᛏᚩᛚᛡ,469
inferno,1574126,0,ᛁᚾᚠᛖᚱᚾᚩ,176
fumbled,1574010,0,ᚠᚢᛗᛒᛚᛖᛞ,366
settlor,1572236,0,ᛋᛖᛏᛏᛚᚩᚱ,329
scorpion,1571932,0,ᛋᚳᚩᚱᛈᛡᚾ,263
hitachi,1571817,0,ᚻᛁᛏᚪᚳᚻᛁ,277
enjoining,1571795,0,ᛖᚾᛂᚩᛁᚾᛝ,279
untried,1571498,0,ᚢᚾᛏᚱᛁᛖᛞ,289
halleck,1571320,0,ᚻᚪᛚᛚᛖᚳᚳ,359
unmixed,1570118,0,ᚢᚾᛗᛁᛉᛖᛞ,337
nirvana,1568247,0,ᚾᛁᚱᚢᚪᚾᚪ,297
sneered,1567804,0,ᛋᚾᛖᛖᚱᛖᛞ,383
haddock,1567243,0,ᚻᚪᛞᛞᚩᚳᚳ,331
varsity,1566877,0,ᚢᚪᚱᛋᛁᛏᚣ,357
upsurge,1566837,0,ᚢᛈᛋᚢᚱᚷᛖ,197
woodman,1566470,0,ᚹᚩᚩᛞᛗᚪᚾ,319
ploughs,1565741,0,ᛈᛚᚩᚢᚷᚻᛋ,219
symington,1565153,0,ᛋᚣᛗᛝᛏᚩᚾ,401
succour,1564890,0,ᛋᚢᚳᚳᚩᚢᚱ,103
advices,1564143,0,ᚪᛞᚢᛁᚳᛖᛋ,353
wildcat,1563864,0,ᚹᛁᛚᛞᚳᚪᛏ,381
osmosis,1561863,0,ᚩᛋᛗᚩᛋᛁᛋ,275
meanness,1561577,0,ᛗᛠᚾᚾᛖᛋᛋ,411
pallets,1561445,0,ᛈᚪᛚᛚᛖᛏᛋ,465
wouldst,1560512,0,ᚹᚩᚢᛚᛞᛋᛏ,303
collage,1557932,0,ᚳᚩᛚᛚᚪᚷᛖ,347
postman,1556497,0,ᛈᚩᛋᛏᛗᚪᚾ,359
echelon,1556150,0,ᛖᚳᚻᛖᛚᚩᚾ,279
blotted,1553554,0,ᛒᛚᚩᛏᛏᛖᛞ,415
anointing,1552871,0,ᚪᚾᚩᛁᚾᛏᛝ,331
agrippa,1552454,0,ᚪᚷᚱᛁᛈᛈᚪ,339
barkley,1552424,0,ᛒᚪᚱᚳᛚᛖᚣ,425
invader,1552024,0,ᛁᚾᚢᚪᛞᛖᚱ,327
barbers,1551399,0,ᛒᚪᚱᛒᛖᚱᛋ,361
busiest,1551295,0,ᛒᚢᛋᛁᛖᛋᛏ,327
matheson,1550997,0,ᛗᚪᚦᛖᛋᚩᚾ,329
gentler,1550431,0,ᚷᛖᚾᛏᛚᛖᚱ,323
napkins,1550373,0,ᚾᚪᛈᚳᛁᚾᛋ,295
humoral,1550025,0,ᚻᚢᛗᚩᚱᚪᛚ,285
pushkin,1549878,0,ᛈᚢᛋᚻᚳᛁᚾ,195
crevice,1548953,0,ᚳᚱᛖᚢᛁᚳᛖ,205
cocoons,1548475,0,ᚳᚩᚳᚩᚩᚾᛋ,129
scrotum,1545952,0,ᛋᚳᚱᚩᛏᚢᛗ,217
nineveh,1545671,0,ᚾᛁᚾᛖᚢᛖᚻ,249
dailies,1544961,0,ᛞᚪᛁᛚᛁᛖᛋ,441
syncope,1544887,0,ᛋᚣᚾᚳᚩᛈᛖ,315
divider,1543999,0,ᛞᛁᚢᛁᛞᛖᚱ,321
johnnie,1542907,0,ᛂᚩᚻᚾᚾᛁᛖ,223
evicted,1542241,0,ᛖᚢᛁᚳᛏᛖᛞ,329
gnostic,1542146,0,ᚷᚾᚩᛋᛏᛁᚳ,209
niebuhr,1541644,0,ᚾᛁᛖᛒᚢᚻᚱ,225
fibrils,1541283,0,ᚠᛁᛒᚱᛁᛚᛋ,262
avionics,1540362,0,ᚪᚢᛡᚾᛁᚳᛋ,333
lessens,1539790,0,ᛚᛖᛋᛋᛖᚾᛋ,395
nostril,1539459,0,ᚾᚩᛋᛏᚱᛁᛚ,263
weaponry,1538993,0,ᚹᛠᛈᚩᚾᚱᚣ,321
messina,1538722,0,ᛗᛖᛋᛋᛁᚾᚪ,401
psalter,1538241,0,ᛈᛋᚪᛚᛏᛖᚱ,403
sweaters,1537786,0,ᛋᚹᛠᛏᛖᚱᛋ,371
neonates,1537021,0,ᚾᛇᚾᚪᛏᛖᛋ,375
bronchi,1536293,0,ᛒᚱᚩᚾᚳᚻᛁ,175
langmuir,1535953,0,ᛚᚪᛝᛗᚢᛁᚱ,365
impairs,1534488,0,ᛁᛗᛈᚪᛁᚱᛋ,337
stetson,1532345,0,ᛋᛏᛖᛏᛋᚩᚾ,327
belinda,1532081,0,ᛒᛖᛚᛁᚾᛞᚪ,447
attesting,1530955,0,ᚪᛏᛏᛖᛋᛏᛝ,473
refiner,1529238,0,ᚱᛖᚠᛁᚾᛖᚱ,218
vitiated,1526649,0,ᚢᛁᛏᛡᛏᛖᛞ,415
lovable,1525986,0,ᛚᚩᚢᚪᛒᛚᛖ,381
mullins,1525609,0,ᛗᚢᛚᛚᛁᚾᛋ,333
dictating,1525426,0,ᛞᛁᚳᛏᚪᛏᛝ,427
idyllic,1524022,0,ᛁᛞᚣᛚᛚᛁᚳ,413
dummies,1523502,0,ᛞᚢᛗᛗᛁᛖᛋ,385
mailbox,1522962,0,ᛗᚪᛁᛚᛒᚩᛉ,387
uplifting,1522815,0,ᚢᛈᛚᛁᚠᛏᛝ,290
paraded,1522739,0,ᛈᚪᚱᚪᛞᛖᛞ,493
tenfold,1522008,0,ᛏᛖᚾᚠᚩᛚᛞ,326
wistful,1521231,0,ᚹᛁᛋᛏᚠᚢᛚ,240
colonic,1521225,0,ᚳᚩᛚᚩᚾᛁᚳ,173
colgate,1521080,0,ᚳᚩᛚᚷᚪᛏᛖ,333
fainter,1520965,0,ᚠᚪᛁᚾᛏᛖᚱ,296
attired,1520689,0,ᚪᛏᛏᛁᚱᛖᛞ,413
audition,1519866,0,ᚪᚢᛞᛁᛏᛡᚾ,415
perishing,1519707,0,ᛈᛖᚱᛁᛋᚻᛝ,307
infecting,1519093,0,ᛁᚾᚠᛖᚳᛏᛝ,280
cheddar,1518817,0,ᚳᚻᛖᛞᛞᚪᚱ,389
impacting,1518460,0,ᛁᛗᛈᚪᚳᛏᛝ,393
shampoo,1517979,0,ᛋᚻᚪᛗᛈᚩᚩ,301
trampling,1517062,0,ᛏᚱᚪᛗᛈᛚᛝ,433
michaels,1516195,0,ᛗᛁᚳᚻᚫᛚᛋ,365
lorries,1515932,0,ᛚᚩᚱᚱᛁᛖᛋ,253
octopus,1515076,0,ᚩᚳᛏᚩᛈᚢᛋ,185
unicorn,1514019,0,ᚢᚾᛁᚳᚩᚱᚾ,123
bravest,1513568,0,ᛒᚱᚪᚢᛖᛋᛏ,351
maltese,1512477,0,ᛗᚪᛚᛏᛖᛋᛖ,487
pueblos,1512306,0,ᛈᚢᛖᛒᛚᚩᛋ,307
grotius,1510706,0,ᚷᚱᚩᛏᛁᚢᛋ,181
marlene,1508926,0,ᛗᚪᚱᛚᛖᚾᛖ,415
rubbers,1508377,0,ᚱᚢᛒᛒᛖᚱᛋ,267
scudder,1508323,0,ᛋᚳᚢᛞᛞᛖᚱ,325
patella,1507944,0,ᛈᚪᛏᛖᛚᛚᚪ,509
fronted,1507498,0,ᚠᚱᚩᚾᛏᛖᛞ,264
lamenting,1507380,0,ᛚᚪᛗᛖᚾᛏᛝ,475
pandora,1506787,0,ᛈᚪᚾᛞᚩᚱᚪ,373
slanted,1505743,0,ᛋᛚᚪᚾᛏᛖᛞ,467
purpura,1505368,0,ᛈᚢᚱᛈᚢᚱᚪ,211
samuels,1504716,0,ᛋᚪᛗᚢᛖᛚᛋ,417
selkirk,1503984,0,ᛋᛖᛚᚳᛁᚱᚳ,261
minster,1503491,0,ᛗᛁᚾᛋᛏᛖᚱ,321
knuckle,1502513,0,ᚳᚾᚢᚳᚳᛚᛖ,211
deranged,1502499,0,ᛞᛖᚱᚪᛝᛖᛞ,499
sundown,1501147,0,ᛋᚢᚾᛞᚩᚹᚾ,229
agitating,1499863,0,ᚪᚷᛁᛏᚪᛏᛝ,439
enclave,1498240,0,ᛖᚾᚳᛚᚪᚢᛖ,349
scavenging,1497759,0,ᛋᚳᚪᚢᛖᛝᛝ,391
pouches,1497732,0,ᛈᚩᚢᚳᚻᛖᛋ,209
coffers,1497336,0,ᚳᚩᚠᚠᛖᚱᛋ,155
cartels,1496821,0,ᚳᚪᚱᛏᛖᛚᛋ,373
loaders,1496622,0,ᛚᚩᚪᛞᛖᚱᛋ,397
sociable,1496504,0,ᛋᚩᚳᛡᛒᛚᛖ,381
chalice,1494322,0,ᚳᚻᚪᛚᛁᚳᛖ,317
conseil,1494271,0,ᚳᚩᚾᛋᛖᛁᛚ,273
gravest,1493289,0,ᚷᚱᚪᚢᛖᛋᛏ,307
yellows,1493194,0,ᚣᛖᛚᛚᚩᚹᛋ,395
crudely,1493000,0,ᚳᚱᚢᛞᛖᛚᚣ,359
mccarty,1492820,0,ᛗᚳᚳᚪᚱᛏᚣ,367
callers,1492642,0,ᚳᚪᛚᛚᛖᚱᛋ,387
walcott,1491842,0,ᚹᚪᛚᚳᚩᛏᛏ,327
defiled,1491423,0,ᛞᛖᚠᛁᛚᛖᛞ,418
pollack,1491209,0,ᛈᚩᛚᛚᚪᚳᚳ,319
airship,1490671,0,ᚪᛁᚱᛋᚻᛁᛈ,289
locator,1489476,0,ᛚᚩᚳᚪᛏᚩᚱ,267
workday,1488259,0,ᚹᚩᚱᚳᛞᚪᚣ,339
waddell,1487716,0,ᚹᚪᛞᛞᛖᛚᛚ,507
camilla,1486874,0,ᚳᚪᛗᛁᛚᛚᚪ,455
thallium,1486165,0,ᚦᚪᛚᛚᛁᚢᛗ,353
cinemas,1485853,0,ᚳᛁᚾᛖᛗᚪᛋ,361
langford,1485411,0,ᛚᚪᛝᚠᚩᚱᛞ,358
coolies,1485298,0,ᚳᚩᚩᛚᛁᛖᛋ,251
mandrel,1484609,0,ᛗᚪᚾᛞᚱᛖᛚ,437
cesarean,1484511,0,ᚳᛖᛋᚪᚱᛠᚾ,379
disobey,1484380,0,ᛞᛁᛋᚩᛒᛖᚣ,411
crediting,1484294,0,ᚳᚱᛖᛞᛁᛏᛝ,349
schelling,1483589,0,ᛋᚳᚻᛖᛚᛚᛝ,381
rooster,1483526,0,ᚱᚩᚩᛋᛏᛖᚱ,215
pyongyang,1483166,0,ᛈᚣᚩᛝᚣᚪᛝ,511
expound,1482435,0,ᛖᛉᛈᚩᚢᚾᛞ,285
permeate,1482405,0,ᛈᛖᚱᛗᛠᛏᛖ,427
paragon,1481979,0,ᛈᚪᚱᚪᚷᚩᚾ,301
donahue,1481148,0,ᛞᚩᚾᚪᚻᚢᛖ,315
shrieks,1481047,0,ᛋᚻᚱᛁᛖᚳᛋ,251
reproof,1480681,0,ᚱᛖᛈᚱᚩᚩᚠ,148
silencing,1480618,0,ᛋᛁᛚᛖᚾᚳᛝ,345
conifer,1480604,0,ᚳᚩᚾᛁᚠᛖᚱ,160
buckled,1480328,0,ᛒᚢᚳᚳᛚᛖᛞ,319
trickling,1480177,0,ᛏᚱᛁᚳᚳᛚᛝ,279
wishful,1479259,0,ᚹᛁᛋᚻᚠᚢᛚ,204
forgave,1478062,0,ᚠᚩᚱᚷᚪᚢᛖ,204
serially,1476997,0,ᛋᛖᚱᛡᛚᛚᚣ,487
frailty,1476216,0,ᚠᚱᚪᛁᛚᛏᚣ,376
vagrant,1476138,0,ᚢᚪᚷᚱᚪᚾᛏ,313
presidio,1475770,0,ᛈᚱᛖᛋᛁᛞᛡ,401
rearrange,1475468,0,ᚱᛠᚱᚱᚪᛝᛖ,385
spousal,1474742,0,ᛋᛈᚩᚢᛋᚪᛚ,329
deviates,1474738,0,ᛞᛖᚢᛡᛏᛖᛋ,445
incited,1474571,0,ᛁᚾᚳᛁᛏᛖᛞ,319
coffins,1474401,0,ᚳᚩᚠᚠᛁᚾᛋ,137
sinuous,1474253,0,ᛋᛁᚾᚢᚩᚢᛋ,179
flavoring,1471737,0,ᚠᛚᚪᚢᚩᚱᛝ,272
recedes,1471453,0,ᚱᛖᚳᛖᛞᛖᛋ,367
pereira,1471186,0,ᛈᛖᚱᛖᛁᚱᚪ,327
debased,1470288,0,ᛞᛖᛒᚪᛋᛖᛞ,523
raiment,1470140,0,ᚱᚪᛁᛗᛖᚾᛏ,365
buckeye,1469620,0,ᛒᚢᚳᚳᛖᚣᛖ,327
bioassay,1468939,0,ᛒᛡᚪᛋᛋᚪᚣ,571
bestowing,1468562,0,ᛒᛖᛋᛏᚩᚹᛝ,345
kindest,1467951,0,ᚳᛁᚾᛞᛖᛋᛏ,341
humanly,1466968,0,ᚻᚢᛗᚪᚾᛚᚣ,399
cannery,1466337,0,ᚳᚪᚾᚾᛖᚱᚣ,349
speeded,1466080,0,ᛋᛈᛖᛖᛞᛖᛞ,475
tracers,1465744,0,ᛏᚱᚪᚳᛖᚱᛋ,311
hitched,1464781,0,ᚻᛁᛏᚳᚻᛖᛞ,305
doughty,1464767,0,ᛞᚩᚢᚷᚻᛏᚣ,301
burrowing,1463803,0,ᛒᚢᚱᚱᚩᚹᛝ,191
jeffery,1463101,0,ᛂᛖᚠᚠᛖᚱᚣ,289
shrieking,1463075,0,ᛋᚻᚱᛁᛖᚳᛝ,277
clinker,1462599,0,ᚳᛚᛁᚾᚳᛖᚱ,237
obsidian,1462538,0,ᚩᛒᛋᛁᛞᛡᚾ,377
kettles,1461151,0,ᚳᛖᛏᛏᛚᛖᛋ,391
corsica,1460796,0,ᚳᚩᚱᛋᛁᚳᚪ,225
blemish,1460558,0,ᛒᛚᛖᛗᛁᛋᚻ,379
defaced,1459616,0,ᛞᛖᚠᚪᚳᛖᛞ,424
colleen,1459377,0,ᚳᚩᛚᛚᛖᛖᚾ,329
locales,1458686,0,ᛚᚩᚳᚪᛚᛖᛋ,383
bonanza,1458660,0,ᛒᚩᚾᚪᚾᛋᚪ,373
polaris,1457987,0,ᛈᚩᛚᚪᚱᛁᛋ,315
utilising,1457336,0,ᚢᛏᛁᛚᛁᛋᛝ,329
swirled,1457192,0,ᛋᚹᛁᚱᛚᛖᛞ,343
reactant,1456720,0,ᚱᛠᚳᛏᚪᚾᛏ,377
detente,1455344,0,ᛞᛖᛏᛖᚾᛏᛖ,437
agonies,1455070,0,ᚪᚷᚩᚾᛁᛖᛋ,301
subtype,1453363,0,ᛋᚢᛒᛏᚣᛈᛖ,389
offeror,1453028,0,ᚩᚠᚠᛖᚱᚩᚱ,107
inclose,1453027,0,ᛁᚾᚳᛚᚩᛋᛖ,273
ashford,1452973,0,ᚪᛋᚻᚠᚩᚱᛞ,282
headland,1452399,0,ᚻᛠᛞᛚᚪᚾᛞ,509
epigram,1451289,0,ᛖᛈᛁᚷᚱᚪᛗ,337
overhang,1451238,0,ᚩᚢᛖᚱᚻᚪᛝ,287
gullies,1451001,0,ᚷᚢᛚᛚᛁᛖᛋ,317
ignoble,1450218,0,ᛁᚷᚾᚩᛒᛚᛖ,285
testers,1448230,0,ᛏᛖᛋᛏᛖᚱᛋ,369
drizzle,1447825,0,ᛞᚱᛁᛋᛋᛚᛖ,377
instill,1447699,0,ᛁᚾᛋᛏᛁᛚᛚ,349
sonatas,1446951,0,ᛋᚩᚾᚪᛏᚪᛋ,395
lucinda,1446943,0,ᛚᚢᚳᛁᚾᛞᚪ,335
huffman,1445502,0,ᚻᚢᚠᚠᛗᚪᚾ,227
schemas,1443525,0,ᛋᚳᚻᛖᛗᚪᛋ,377
metered,1442855,0,ᛗᛖᛏᛖᚱᛖᛞ,431
meandering,1441955,0,ᛗᛠᚾᛞᛖᚱᛝ,455
termini,1441778,0,ᛏᛖᚱᛗᛁᚾᛁ,299
venturi,1441384,0,ᚢᛖᚾᛏᚢᚱᛁ,203
topmost,1440775,0,ᛏᚩᛈᛗᚩᛋᛏ,299
rosalie,1440567,0,ᚱᚩᛋᚪᛚᛁᛖ,339
dulness,1440537,0,ᛞᚢᛚᚾᛖᛋᛋ,367
presley,1439513,0,ᛈᚱᛖᛋᛚᛖᚣ,417
mermaid,1438981,0,ᛗᛖᚱᛗᚪᛁᛞ,437
rehearse,1438421,0,ᚱᛖᚻᛠᚱᛋᛖ,341
convoys,1437709,0,ᚳᚩᚾᚢᚩᚣᛋ,215
timidly,1436167,0,ᛏᛁᛗᛁᛞᛚᚣ,457
rancher,1435647,0,ᚱᚪᚾᚳᚻᛖᚱ,251
startle,1435578,0,ᛋᛏᚪᚱᛏᛚᛖ,419
martens,1435360,0,ᛗᚪᚱᛏᛖᚾᛋ,387
warship,1435340,0,ᚹᚪᚱᛋᚻᛁᛈ,277
cayenne,1433003,0,ᚳᚪᚣᛖᚾᚾᛖ,405
fashioning,1432484,0,ᚠᚪᛋᚻᛡᚾᛝ,390
demised,1432445,0,ᛞᛖᛗᛁᛋᛖᛞ,467
enamels,1432163,0,ᛖᚾᚪᛗᛖᛚᛋ,457
benzoic,1431557,0,ᛒᛖᚾᛋᚩᛁᚳ,261
verdure,1429854,0,ᚢᛖᚱᛞᚢᚱᛖ,251
casinos,1428138,0,ᚳᚪᛋᛁᚾᚩᛋ,283
routers,1428114,0,ᚱᚩᚢᛏᛖᚱᛋ,211
nilsson,1427119,0,ᚾᛁᛚᛋᛋᚩᚾ,275
faltering,1426033,0,ᚠᚪᛚᛏᛖᚱᛝ,388
hyacinth,1425418,0,ᚻᚣᚪᚳᛁᚾᚦ,301
gaskets,1425398,0,ᚷᚪᛋᚳᛖᛏᛋ,359
gestapo,1425384,0,ᚷᛖᛋᛏᚪᛈᚩ,343
menaced,1425309,0,ᛗᛖᚾᚪᚳᛖᛞ,433
cartier,1424957,0,ᚳᚪᚱᛏᛁᛖᚱ,289
clastic,1424857,0,ᚳᛚᚪᛋᛏᛁᚳ,339
resigns,1423558,0,ᚱᛖᛋᛁᚷᚾᛋ,261
satires,1422579,0,ᛋᚪᛏᛁᚱᛖᛋ,371
hatcher,1422410,0,ᚻᚪᛏᚳᚻᛖᚱ,293
satanic,1421988,0,ᛋᚪᛏᚪᚾᛁᚳ,379
stedman,1421366,0,ᛋᛏᛖᛞᛗᚪᚾ,465
tricked,1421260,0,ᛏᚱᛁᚳᚳᛖᛞ,283
fitzroy,1420588,0,ᚠᛁᛏᛋᚱᚩᚣ,266
sticker,1420572,0,ᛋᛏᛁᚳᚳᛖᚱ,247
devisee,1420144,0,ᛞᛖᚢᛁᛋᛖᛖ,377
paddles,1420133,0,ᛈᚪᛞᛞᛚᛖᛋ,511
collide,1419235,0,ᚳᚩᛚᛚᛁᛞᛖ,353
orestes,1418460,0,ᚩᚱᛖᛋᛏᛖᛋ,317
spooner,1417698,0,ᛋᛈᚩᚩᚾᛖᚱ,217
walkway,1416921,0,ᚹᚪᛚᚳᚹᚪᚣ,421
footpath,1415905,0,ᚠᚩᚩᛏᛈᚪᚦ,220
cottons,1415701,0,ᚳᚩᛏᛏᚩᚾᛋ,227
signers,1415341,0,ᛋᛁᚷᚾᛖᚱᛋ,261
refueling,1413882,0,ᚱᛖᚠᚢᛖᛚᛝ,302
wrinkle,1411107,0,ᚹᚱᛁᚾᚳᛚᛖ,243
stencil,1410880,0,ᛋᛏᛖᚾᚳᛁᛚ,325
spreader,1410722,0,ᛋᛈᚱᛠᛞᛖᚱ,383
tammany,1410372,0,ᛏᚪᛗᛗᚪᚾᚣ,527
riddled,1410207,0,ᚱᛁᛞᛞᛚᛖᛞ,449
rayburn,1409800,0,ᚱᚪᚣᛒᚢᚱᚾ,315
bulbous,1409507,0,ᛒᚢᛚᛒᚩᚢᛋ,261
weekday,1409505,0,ᚹᛖᛖᚳᛞᚪᚣ,455
clemson,1409065,0,ᚳᛚᛖᛗᛋᚩᚾ,313
partaking,1409029,0,ᛈᚪᚱᛏᚪᚳᛝ,399
payback,1409003,0,ᛈᚪᚣᛒᚪᚳᚳ,427
burrell,1406901,0,ᛒᚢᚱᚱᛖᛚᛚ,299
soloist,1406654,0,ᛋᚩᛚᚩᛁᛋᛏ,283
sapiens,1406293,0,ᛋᚪᛈᛁᛖᚾᛋ,373
billows,1406248,0,ᛒᛁᛚᛚᚩᚹᛋ,317
upstate,1405946,0,ᚢᛈᛋᛏᚪᛏᛖ,381
dionysus,1405797,0,ᛞᛡᚾᚣᛋᚢᛋ,437
gottingen,1405612,0,ᚷᚩᛏᛏᛝᛖᚾ,317
daggers,1405476,0,ᛞᚪᚷᚷᛖᚱᛋ,351
willett,1403729,0,ᚹᛁᛚᛚᛖᛏᛏ,381
lockout,1403693,0,ᛚᚩᚳᚳᚩᚢᛏ,175
pajamas,1403428,0,ᛈᚪᛂᚪᛗᚪᛋ,495
foliation,1400822,0,ᚠᚩᛚᛡᛏᛡᚾ,384
allegro,1400811,0,ᚪᛚᛚᛖᚷᚱᚩ,345
ledgers,1399896,0,ᛚᛖᛞᚷᛖᚱᛋ,377
newness,1398955,0,ᚾᛖᚹᚾᛖᛋᛋ,317
anathema,1398776,0,ᚪᚾᚪᚦᛖᛗᚪ,463
requiem,1398573,0,ᚱᛖᚳᚹᛁᛖᛗ,279
demesne,1398464,0,ᛞᛖᛗᛖᛋᚾᛖ,443
bellies,1395860,0,ᛒᛖᛚᛚᛁᛖᛋ,425
operant,1395640,0,ᚩᛈᛖᚱᚪᚾᛏ,313
perches,1395074,0,ᛈᛖᚱᚳᚻᛖᛋ,277
swamped,1394882,0,ᛋᚹᚪᛗᛈᛖᛞ,439
restful,1393239,0,ᚱᛖᛋᛏᚠᚢᛚ,268
clashed,1393204,0,ᚳᛚᚪᛋᚻᛖᛞ,415
lovejoy,1392651,0,ᛚᚩᚢᛖᛂᚩᚣ,297
mulatto,1391690,0,ᛗᚢᛚᚪᛏᛏᚩ,369
pretest,1390370,0,ᛈᚱᛖᛏᛖᛋᛏ,359
striker,1387834,0,ᛋᛏᚱᛁᚳᛖᚱ,245
entrant,1387773,0,ᛖᚾᛏᚱᚪᚾᛏ,351
egotism,1386400,0,ᛖᚷᚩᛏᛁᛋᛗ,305
juvenal,1386387,0,ᛂᚢᚢᛖᚾᚪᛚ,309
buffering,1386114,0,ᛒᚢᚠᚠᛖᚱᛝ,225
meteoric,1386007,0,ᛗᛖᛏᛇᚱᛁᚳ,293
electra,1384915,0,ᛖᛚᛖᚳᛏᚱᚪ,387
frosted,1384839,0,ᚠᚱᚩᛋᛏᛖᛞ,288
proline,1384831,0,ᛈᚱᚩᛚᛁᚾᛖ,261
boatmen,1384318,0,ᛒᚩᚪᛏᛗᛖᚾ,391
realists,1383988,0,ᚱᛠᛚᛁᛋᛏᛋ,389
palmyra,1383723,0,ᛈᚪᛚᛗᚣᚱᚪ,495
fledgling,1381998,0,ᚠᛚᛖᛞᚷᛚᛝ,400
tracker,1381609,0,ᛏᚱᚪᚳᚳᛖᚱ,271
alfredo,1380861,0,ᚪᛚᚠᚱᛖᛞᚩ,346
astride,1380749,0,ᚪᛋᛏᚱᛁᛞᛖ,407
colliding,1380353,0,ᚳᚩᛚᛚᛁᛞᛝ,365
reappears,1380278,0,ᚱᛠᛈᛈᛠᚱᛋ,379
defraying,1379279,0,ᛞᛖᚠᚱᚪᚣᛝ,448
molotov,1378522,0,ᛗᚩᛚᚩᛏᚩᚢ,227
grappling,1378305,0,ᚷᚱᚪᛈᛈᛚᛝ,363
dentate,1377568,0,ᛞᛖᚾᛏᚪᛏᛖ,467
stoutly,1377223,0,ᛋᛏᚩᚢᛏᛚᚣ,357
coronet,1376531,0,ᚳᚩᚱᚩᚾᛖᛏ,193
urology,1376179,0,ᚢᚱᚩᛚᚩᚷᚣ,221
irksome,1375891,0,ᛁᚱᚳᛋᚩᛗᛖ,253
bestows,1375531,0,ᛒᛖᛋᛏᚩᚹᛋ,319
climber,1375292,0,ᚳᛚᛁᛗᛒᛖᚱ,327
gunnery,1374018,0,ᚷᚢᚾᚾᛖᚱᚣ,259
hilltop,1373367,0,ᚻᛁᛚᛚᛏᚩᛈ,309
android,1372661,0,ᚪᚾᛞᚱᚩᛁᛞ,353
repeater,1372574,0,ᚱᛖᛈᛠᛏᛖᚱ,367
equinox,1372394,0,ᛖᚳᚹᛁᚾᚩᛉ,213
chloral,1372355,0,ᚳᚻᛚᚩᚱᚪᛚ,297
hegelian,1370304,0,ᚻᛖᚷᛖᛚᛡᚾ,383
smacked,1370272,0,ᛋᛗᚪᚳᚳᛖᛞ,403
amenity,1370246,0,ᚪᛗᛖᚾᛁᛏᚣ,457
shellac,1370005,0,ᛋᚻᛖᛚᛚᚪᚳ,399
chekhov,1369811,0,ᚳᚻᛖᚳᚻᚩᚢ,149
blocker,1369423,0,ᛒᛚᚩᚳᚳᛖᚱ,245
parrots,1368492,0,ᛈᚪᚱᚱᚩᛏᛋ,281
cordelia,1368380,0,ᚳᚩᚱᛞᛖᛚᛡ,367
neoplasia,1366567,0,ᚾᛇᛈᛚᚪᛋᛡ,443
gametes,1366338,0,ᚷᚪᛗᛖᛏᛖᛋ,431
rumored,1366244,0,ᚱᚢᛗᚩᚱᛖᛞ,259
raccoon,1365230,0,ᚱᚪᚳᚳᚩᚩᚾ,177
symonds,1365098,0,ᛋᚣᛗᚩᚾᛞᛋ,405
divulge,1365066,0,ᛞᛁᚢᚢᛚᚷᛖ,283
grander,1364465,0,ᚷᚱᚪᚾᛞᛖᚱ,321
bedouin,1364104,0,ᛒᛖᛞᚩᚢᛁᚾ,287
verdant,1360627,0,ᚢᛖᚱᛞᚪᚾᛏ,355
agitate,1360176,0,ᚪᚷᛁᛏᚪᛏᛖ,427
parotid,1359918,0,ᛈᚪᚱᚩᛏᛁᛞ,337
steuben,1359661,0,ᛋᛏᛖᚢᛒᛖᚾ,339
catered,1359281,0,ᚳᚪᛏᛖᚱᛖᛞ,403
rougher,1358821,0,ᚱᚩᚢᚷᚻᛖᚱ,139
awakens,1358541,0,ᚪᚹᚪᚳᛖᚾᛋ,375
choroid,1358278,0,ᚳᚻᚩᚱᚩᛁᛞ,181
nemesis,1357288,0,ᚾᛖᛗᛖᛋᛁᛋ,371
riviera,1356652,0,ᚱᛁᚢᛁᛖᚱᚪ,251
mistook,1356370,0,ᛗᛁᛋᛏᚩᚩᚳ,241
diogenes,1356245,0,ᛞᛡᚷᛖᚾᛖᛋ,429
somethin,1355563,0,ᛋᚩᛗᛖᚦᛁᚾ,263
fulfils,1354563,0,ᚠᚢᛚᚠᛁᛚᛋ,237
briefings,1354206,0,ᛒᚱᛁᛖᚠᛝᛋ,304
scherer,1351952,0,ᛋᚳᚻᛖᚱᛖᚱ,245
lessors,1351172,0,ᛚᛖᛋᛋᚩᚱᛋ,317
womanly,1351132,0,ᚹᚩᛗᚪᚾᛚᚣ,399
stilled,1350583,0,ᛋᛏᛁᛚᛚᛖᛞ,445
tethered,1350321,0,ᛏᛖᚦᛖᚱᛖᛞ,365
cowards,1349343,0,ᚳᚩᚹᚪᚱᛞᛋ,289
mimicry,1349047,0,ᛗᛁᛗᛁᚳᚱᚣ,331
scoffed,1348416,0,ᛋᚳᚩᚠᚠᛖᛞ,233
vulgate,1346572,0,ᚢᚢᛚᚷᚪᛏᛖ,319
norbert,1346523,0,ᚾᚩᚱᛒᛖᚱᛏ,245
thriller,1345383,0,ᚦᚱᛁᛚᛚᛖᚱ,271
devolve,1344802,0,ᛞᛖᚢᚩᛚᚢᛖ,309
tickled,1344388,0,ᛏᛁᚳᚳᛚᛖᛞ,345
eurasian,1344266,0,ᛖᚢᚱᚪᛋᛡᚾ,367
escorts,1343904,0,ᛖᛋᚳᚩᚱᛏᛋ,263
barbary,1343658,0,ᛒᚪᚱᛒᚪᚱᚣ,441
devises,1343398,0,ᛞᛖᚢᛁᛋᛖᛋ,363
surinam,1343388,0,ᛋᚢᚱᛁᚾᚪᛗ,295
reverting,1343281,0,ᚱᛖᚢᛖᚱᛏᛝ,297
lurched,1343133,0,ᛚᚢᚱᚳᚻᛖᛞ,279
cannula,1342943,0,ᚳᚪᚾᚾᚢᛚᚪ,341
perseus,1342472,0,ᛈᛖᚱᛋᛖᚢᛋ,297
sketchy,1341910,0,ᛋᚳᛖᛏᚳᚻᚣ,331
archway,1341588,0,ᚪᚱᚳᚻᚹᚪᚣ,363
imbibed,1340311,0,ᛁᛗᛒᛁᛒᛖᛞ,411
voyager,1339594,0,ᚢᚩᚣᚪᚷᛖᚱ,305
paroled,1339382,0,ᛈᚪᚱᚩᛚᛖᛞ,387
thaddeus,1339314,0,ᚦᚪᛞᛞᛖᚢᛋ,403
trellis,1339092,0,ᛏᚱᛖᛚᛚᛁᛋ,367
striven,1338940,0,ᛋᛏᚱᛁᚢᛖᚾ,253
clypeus,1338383,0,ᚳᛚᚣᛈᛖᚢᛋ,355
dwarfed,1337467,0,ᛞᚹᚪᚱᚠᛖᛞ,374
severus,1336503,0,ᛋᛖᚢᛖᚱᚢᛋ,257
reuters,1336225,0,ᚱᛖᚢᛏᛖᚱᛋ,271
velvety,1336086,0,ᚢᛖᛚᚢᛖᛏᚣ,375
uprisings,1335950,0,ᚢᛈᚱᛁᛋᛝᛋ,273
bloated,1335262,0,ᛒᛚᚩᚪᛏᛖᛞ,453
flatten,1334090,0,ᚠᛚᚪᛏᛏᛖᚾ,386
tabloid,1332510,0,ᛏᚪᛒᛚᚩᛁᛞ,417
repulse,1331518,0,ᚱᛖᛈᚢᛚᛋᛖ,317
wayland,1331050,0,ᚹᚪᚣᛚᚪᚾᛞ,507
benares,1330357,0,ᛒᛖᚾᚪᚱᛖᛋ,385
globose,1330279,0,ᚷᛚᚩᛒᚩᛋᛖ,285
engrossing,1329910,0,ᛖᛝᚱᚩᛋᛋᛝ,349
ratifying,1329255,0,ᚱᚪᛏᛁᚠᚣᛝ,382
passers,1328934,0,ᛈᚪᛋᛋᛖᚱᛋ,377
walkers,1328876,0,ᚹᚪᛚᚳᛖᚱᛋ,333
pillage,1328673,0,ᛈᛁᛚᛚᚪᚷᛖ,401
swellings,1328670,0,ᛋᚹᛖᛚᛚᛝᛋ,417
oratorio,1328443,0,ᚩᚱᚪᛏᚩᚱᛡ,299
cradled,1328170,0,ᚳᚱᚪᛞᛚᛖᛞ,439
retrace,1327913,0,ᚱᛖᛏᚱᚪᚳᛖ,325
stirrup,1327653,0,ᛋᛏᛁᚱᚱᚢᛈ,211
phoneme,1327312,0,ᛈᚻᚩᚾᛖᛗᛖ,307
yorkers,1327232,0,ᚣᚩᚱᚳᛖᚱᛋ,265
mediates,1325044,0,ᛗᛖᛞᛡᛏᛖᛋ,513
swahili,1324225,0,ᛋᚹᚪᚻᛁᛚᛁ,327
expelling,1321682,0,ᛖᛉᛈᛖᛚᛚᛝ,449
jacinto,1320972,0,ᛂᚪᚳᛁᚾᛏᚩ,273
handbag,1320614,0,ᚻᚪᚾᛞᛒᚪᚷ,413
flagged,1319815,0,ᚠᛚᚪᚷᚷᛖᛞ,362
antlers,1319784,0,ᚪᚾᛏᛚᛖᚱᛋ,389
austral,1319686,0,ᚪᚢᛋᛏᚱᚪᛚ,393
emotive,1319003,0,ᛖᛗᚩᛏᛁᚢᛖ,305
sabrina,1318308,0,ᛋᚪᛒᚱᛁᚾᚪ,379
spellings,1318201,0,ᛋᛈᛖᛚᛚᛝᛋ,441
condyle,1318064,0,ᚳᚩᚾᛞᚣᛚᛖ,381
outfall,1316124,0,ᚩᚢᛏᚠᚪᛚᛚ,314
myeloid,1315831,0,ᛗᚣᛖᛚᚩᛁᛞ,441
rodrigo,1314581,0,ᚱᚩᛞᚱᛁᚷᚩ,173
snatching,1313947,0,ᛋᚾᚪᛏᚳᚻᛝ,353
loudest,1313705,0,ᛚᚩᚢᛞᛖᛋᛏ,351
thrombus,1313561,0,ᚦᚱᚩᛗᛒᚢᛋ,211
airmail,1313555,0,ᚪᛁᚱᛗᚪᛁᛚ,411
taxicab,1313210,0,ᛏᚪᛉᛁᚳᚪᛒ,405
iridium,1311557,0,ᛁᚱᛁᛞᛁᚢᛗ,267
encodes,1311525,0,ᛖᚾᚳᚩᛞᛖᛋ,325
cartage,1311478,0,ᚳᚪᚱᛏᚪᚷᛖ,361
dredges,1311133,0,ᛞᚱᛖᛞᚷᛖᛋ,393
matrons,1310682,0,ᛗᚪᛏᚱᚩᚾᛋ,327
papilla,1310478,0,ᛈᚪᛈᛁᛚᛚᚪ,457
skirted,1310060,0,ᛋᚳᛁᚱᛏᛖᛞ,323
luscious,1309132,0,ᛚᚢᛋᚳᛡᚢᛋ,305
groomed,1309114,0,ᚷᚱᚩᚩᛗᛖᛞ,269
porcine,1308079,0,ᛈᚩᚱᚳᛁᚾᛖ,201
reworking,1307998,0,ᚱᛖᚹᚩᚱᚳᛝ,207
romulus,1305509,0,ᚱᚩᛗᚢᛚᚢᛋ,221
creatine,1305372,0,ᚳᚱᛠᛏᛁᚾᛖ,319
accuser,1304580,0,ᚪᚳᚳᚢᛋᛖᚱ,257
troilus,1304201,0,ᛏᚱᚩᛁᛚᚢᛋ,237
admires,1303892,0,ᚪᛞᛗᛁᚱᛖᛋ,419
loretta,1302766,0,ᛚᚩᚱᛖᛏᛏᚪ,373
huntley,1302561,0,ᚻᚢᚾᛏᛚᛖᚣ,357
incisor,1302501,0,ᛁᚾᚳᛁᛋᚩᚱ,175
carpeting,1301706,0,ᚳᚪᚱᛈᛖᛏᛝ,369
tangents,1301682,0,ᛏᚪᛝᛖᚾᛏᛋ,443
orienting,1301410,0,ᚩᚱᛁᛖᚾᛏᛝ,283
rearranging,1301194,0,ᚱᛠᚱᚱᚪᛝᛝ,397
erasure,1301174,0,ᛖᚱᚪᛋᚢᚱᛖ,309
atheists,1301006,0,ᚪᚦᛖᛁᛋᛏᛋ,365
jeanette,1300184,0,ᛂᛠᚾᛖᛏᛏᛖ,427
palatal,1299592,0,ᛈᚪᛚᚪᛏᚪᛚ,539
dynamos,1299175,0,ᛞᚣᚾᚪᛗᚩᛋ,449
spatula,1298151,0,ᛋᛈᚪᛏᚢᛚᚪ,425
coyotes,1297472,0,ᚳᚩᚣᚩᛏᛖᛋ,309
renault,1296910,0,ᚱᛖᚾᚪᚢᛚᛏ,339
battled,1296783,0,ᛒᚪᛏᛏᛚᛖᛞ,505
adelphi,1295045,0,ᚪᛞᛖᛚᛈᚻᛁ,423
confiding,1294758,0,ᚳᚩᚾᚠᛁᛞᛝ,250
tyndall,1294290,0,ᛏᚣᚾᛞᚪᛚᛚ,523
daresay,1293676,0,ᛞᚪᚱᛖᛋᚪᚣ,517
porches,1292821,0,ᛈᚩᚱᚳᚻᛖᛋ,217
harsher,1292521,0,ᚻᚪᚱᛋᚻᛖᚱ,285
humours,1292479,0,ᚻᚢᛗᚩᚢᚱᛋ,171
bumpers,1292219,0,ᛒᚢᛗᛈᛖᚱᛋ,309
hilliard,1292154,0,ᚻᛁᛚᛚᛡᚱᛞ,407
obscuring,1291792,0,ᚩᛒᛋᚳᚢᚱᛝ,227
inclining,1290301,0,ᛁᚾᚳᛚᛁᚾᛝ,285
retiree,1289606,0,ᚱᛖᛏᛁᚱᛖᛖ,313
nickels,1289305,0,ᚾᛁᚳᚳᛖᛚᛋ,279
perineal,1289248,0,ᛈᛖᚱᛁᚾᛠᛚ,363
obovate,1289039,0,ᚩᛒᚩᚢᚪᛏᛖ,301
synapse,1288971,0,ᛋᚣᚾᚪᛈᛋᛖ,445
hittite,1288373,0,ᚻᛁᛏᛏᛁᛏᛖ,329
gadgets,1288146,0,ᚷᚪᛞᚷᛖᛏᛋ,399
sprayer,1288089,0,ᛋᛈᚱᚪᚣᛖᚱ,385
reshaping,1287838,0,ᚱᛖᛋᚻᚪᛈᛝ,373
preaches,1287395,0,ᛈᚱᛠᚳᚻᛖᛋ,319
tottering,1287360,0,ᛏᚩᛏᛏᛖᚱᛝ,341
deferring,1286864,0,ᛞᛖᚠᛖᚱᚱᛝ,326
splints,1286683,0,ᛋᛈᛚᛁᚾᛏᛋ,341
diggers,1284991,0,ᛞᛁᚷᚷᛖᚱᛋ,285
toolbox,1284955,0,ᛏᚩᚩᛚᛒᚩᛉ,261
absolve,1284611,0,ᚪᛒᛋᚩᛚᚢᛖ,361
factoring,1284221,1,ᚠᚪᚳᛏᚩᚱᛝ,268
usurper,1283880,0,ᚢᛋᚢᚱᛈᛖᚱ,191
finesse,1283174,0,ᚠᛁᚾᛖᛋᛋᛖ,302
nonstop,1282942,0,ᚾᚩᚾᛋᛏᚩᛈ,227
stagger,1281393,0,ᛋᛏᚪᚷᚷᛖᚱ,321
welders,1279410,0,ᚹᛖᛚᛞᛖᚱᛋ,379
toppled,1278606,0,ᛏᚩᛈᛈᛚᛖᛞ,381
reasonings,1278557,0,ᚱᛠᛋᚩᚾᛝᛋ,341
faraway,1277931,0,ᚠᚪᚱᚪᚹᚪᚣ,426
invades,1277556,0,ᛁᚾᚢᚪᛞᛖᛋ,369
rostral,1276973,0,ᚱᚩᛋᛏᚱᚪᛚ,311
eastwood,1276545,0,ᛠᛋᛏᚹᚩᚩᛞ,343
mirroring,1276447,0,ᛗᛁᚱᚱᚩᚱᛝ,221
steppes,1275657,0,ᛋᛏᛖᛈᛈᛖᛋ,385
onstage,1275348,0,ᚩᚾᛋᛏᚪᚷᛖ,329
pyloric,1275223,0,ᛈᚣᛚᚩᚱᛁᚳ,281
neilson,1274938,0,ᚾᛖᛁᛚᛋᚩᚾ,289
isidore,1274769,0,ᛁᛋᛁᛞᚩᚱᛖ,289
cobbler,1274252,0,ᚳᚩᛒᛒᛚᛖᚱ,293
aleutian,1274029,0,ᚪᛚᛖᚢᛏᛡᚾ,435
oshkosh,1272872,0,ᚩᛋᚻᚳᚩᛋᚻ,179
jobless,1272701,0,ᛂᚩᛒᛚᛖᛋᛋ,351
wolfram,1272629,0,ᚹᚩᛚᚠᚱᚪᛗ,280
blunted,1271603,0,ᛒᛚᚢᚾᛏᛖᛞ,381
prodigy,1271195,0,ᛈᚱᚩᛞᛁᚷᚣ,301
trample,1270171,0,ᛏᚱᚪᛗᛈᛚᛖ,421
payoffs,1269565,0,ᛈᚪᚣᚩᚠᚠᛋ,307
brownian,1269336,0,ᛒᚱᚩᚹᚾᛡᚾ,263
abilene,1269295,0,ᚪᛒᛁᛚᛖᚾᛖ,425
leeches,1267472,0,ᛚᛖᛖᚳᚻᛖᛋ,363
fluence,1267421,0,ᚠᛚᚢᛖᚾᚳᛖ,254
manhole,1266526,0,ᛗᚪᚾᚻᚩᛚᛖ,367
typhoon,1266395,0,ᛏᚣᛈᚻᚩᚩᚾ,271
pizarro,1265862,0,ᛈᛁᛋᚪᚱᚱᚩ,253
daisies,1265811,0,ᛞᚪᛁᛋᛁᛖᛋ,421
coaster,1265779,0,ᚳᚩᚪᛋᛏᛖᚱ,307
negated,1265766,0,ᚾᛖᚷᚪᛏᛖᛞ,425
spinous,1265309,0,ᛋᛈᛁᚾᚩᚢᛋ,219
bypassing,1264729,0,ᛒᚣᛈᚪᛋᛋᛝ,489
tempera,1264304,0,ᛏᛖᛗᛈᛖᚱᚪ,415
picturing,1264269,0,ᛈᛁᚳᛏᚢᚱᛝ,239
deputed,1264244,0,ᛞᛖᛈᚢᛏᛖᛞ,417
smartly,1263523,0,ᛋᛗᚪᚱᛏᛚᚣ,467
codeine,1263393,0,ᚳᚩᛞᛖᛁᚾᛖ,303
gangster,1262811,0,ᚷᚪᛝᛋᛏᛖᚱ,383
moliere,1262520,0,ᛗᚩᛚᛁᛖᚱᛖ,327
oxidant,1262301,0,ᚩᛉᛁᛞᚪᚾᛏ,359
perused,1262254,0,ᛈᛖᚱᚢᛋᛖᛞ,333
loyally,1261434,0,ᛚᚩᚣᚪᛚᛚᚣ,529
teheran,1260616,0,ᛏᛖᚻᛖᚱᚪᚾ,353
vomited,1260579,0,ᚢᚩᛗᛁᛏᛖᛞ,327
intruding,1259317,0,ᛁᚾᛏᚱᚢᛞᛝ,301
guitars,1258392,0,ᚷᚢᛁᛏᚪᚱᛋ,271
aetiology,1257572,0,ᚫᛏᛡᛚᚩᚷᚣ,467
leukaemia,1257219,0,ᛚᛖᚢᚳᚫᛗᛡ,435
kinases,1256792,0,ᚳᛁᚾᚪᛋᛖᛋ,343
arouses,1256561,0,ᚪᚱᚩᚢᛋᛖᛋ,291
afghans,1255758,0,ᚪᚠᚷᚻᚪᚾᛋ,318
encoder,1255738,0,ᛖᚾᚳᚩᛞᛖᚱ,283
lecithin,1254996,0,ᛚᛖᚳᛁᚦᛁᚾ,249
meister,1254640,0,ᛗᛖᛁᛋᛏᛖᚱ,359
roadbed,1254566,0,ᚱᚩᚪᛞᛒᛖᛞ,421
slipper,1254114,0,ᛋᛚᛁᛈᛈᛖᚱ,321
trojans,1254105,0,ᛏᚱᚩᛂᚪᚾᛋ,293
isotherm,1253841,0,ᛁᛋᚩᚦᛖᚱᛗ,245
tartars,1253800,0,ᛏᚪᚱᛏᚪᚱᛋ,387
wrested,1253565,0,ᚹᚱᛖᛋᛏᛖᛞ,365
faceted,1252124,0,ᚠᚪᚳᛖᛏᛖᛞ,394
antient,1251914,0,ᚪᚾᛏᛁᛖᚾᛏ,371
elitist,1251728,0,ᛖᛚᛁᛏᛁᛋᛏ,373
endeared,1251540,0,ᛖᚾᛞᛠᚱᛖᛞ,461
granary,1251177,0,ᚷᚱᚪᚾᚪᚱᚣ,365
piloted,1250825,0,ᛈᛁᛚᚩᛏᛖᛞ,369
calumny,1249228,0,ᚳᚪᛚᚢᛗᚾᚣ,389
partook,1248507,0,ᛈᚪᚱᛏᚩᚩᚳ,237
knudsen,1248176,0,ᚳᚾᚢᛞᛋᛖᚾ,283
canceling,1248108,0,ᚳᚪᚾᚳᛖᛚᛝ,371
joiners,1247513,0,ᛂᚩᛁᚾᛖᚱᛋ,235
huggins,1247506,0,ᚻᚢᚷᚷᛁᚾᛋ,173
caramel,1246890,0,ᚳᚪᚱᚪᛗᛖᛚ,429
dripped,1246829,0,ᛞᚱᛁᛈᛈᛖᛞ,373
acreages,1246731,0,ᚪᚳᚱᛠᚷᛖᛋ,367
jetties,1246655,0,ᛂᛖᛏᛏᛁᛖᛋ,373
grimace,1246076,0,ᚷᚱᛁᛗᚪᚳᛖ,307
equates,1245817,0,ᛖᚳᚹᚪᛏᛖᛋ,375
inferring,1245709,0,ᛁᚾᚠᛖᚱᚱᛝ,230
auricle,1245628,0,ᚪᚢᚱᛁᚳᛚᛖ,295
candies,1245487,0,ᚳᚪᚾᛞᛁᛖᛋ,379
arcades,1245326,0,ᚪᚱᚳᚪᛞᛖᛋ,427
melinda,1244858,0,ᛗᛖᛚᛁᚾᛞᚪ,457
coopers,1244809,0,ᚳᚩᚩᛈᛖᚱᛋ,201
droppings,1243778,0,ᛞᚱᚩᛈᛈᛝᛋ,325
liberian,1241395,0,ᛚᛁᛒᛖᚱᛡᚾ,379
fuelled,1241241,0,ᚠᚢᛖᛚᛚᛖᛞ,374
rossini,1240239,0,ᚱᚩᛋᛋᛁᚾᛁ,215
templar,1237751,0,ᛏᛖᛗᛈᛚᚪᚱ,421
paresis,1236326,0,ᛈᚪᚱᛖᛋᛁᛋ,355
usurious,1235728,0,ᚢᛋᚢᚱᛡᚢᛋ,233
tunisian,1234565,0,ᛏᚢᚾᛁᛋᛡᚾ,311
cossack,1234465,0,ᚳᚩᛋᛋᚪᚳᚳ,249
roundup,1233915,0,ᚱᚩᚢᚾᛞᚢᛈ,185
spastic,1233884,0,ᛋᛈᚪᛋᛏᛁᚳ,349
titular,1233667,0,ᛏᛁᛏᚢᛚᚪᚱ,333
pickers,1233532,0,ᛈᛁᚳᚳᛖᚱᛋ,231
bayonne,1232750,0,ᛒᚪᚣᚩᚾᚾᛖ,393
undress,1232188,0,ᚢᚾᛞᚱᛖᛋᛋ,305
moldova,1232181,0,ᛗᚩᛚᛞᚩᚢᚪ,347
rotunda,1230793,0,ᚱᚩᛏᚢᚾᛞᚪ,295
animating,1230472,0,ᚪᚾᛁᛗᚪᛏᛝ,463
sightings,1229712,0,ᛋᛁᚷᚻᛏᛝᛋ,315
detaining,1228199,0,ᛞᛖᛏᚪᛁᚾᛝ,451
trapper,1228193,0,ᛏᚱᚪᛈᛈᛖᚱ,331
gesturing,1228191,0,ᚷᛖᛋᛏᚢᚱᛝ,289
magenta,1228107,0,ᛗᚪᚷᛖᚾᛏᚪ,437
momenta,1227961,0,ᛗᚩᛗᛖᚾᛏᚪ,401
occiput,1227534,0,ᚩᚳᚳᛁᛈᚢᛏ,169
keenest,1226827,0,ᚳᛖᛖᚾᛖᛋᛏ,355
beveled,1226656,0,ᛒᛖᚢᛖᛚᛖᛞ,427
obliges,1225152,0,ᚩᛒᛚᛁᚷᛖᛋ,309
toolkit,1224810,0,ᛏᚩᚩᛚᚳᛁᛏ,249
addenda,1222816,0,ᚪᛞᛞᛖᚾᛞᚪ,557
pitiable,1222156,0,ᛈᛁᛏᛡᛒᛚᛖ,441
expending,1221865,0,ᛖᛉᛈᛖᚾᛞᛝ,421
serrano,1221548,0,ᛋᛖᚱᚱᚪᚾᚩ,275
lobbies,1221146,0,ᛚᚩᛒᛒᛁᛖᛋ,353
blouses,1220690,0,ᛒᛚᚩᚢᛋᛖᛋ,317
olefins,1220019,0,ᚩᛚᛖᚠᛁᚾᛋ,262
genders,1219645,0,ᚷᛖᚾᛞᛖᚱᛋ,333
torturing,1219636,0,ᛏᚩᚱᛏᚢᚱᛝ,229
waldorf,1219257,0,ᚹᚪᛚᛞᚩᚱᚠ,298
dweller,1218671,0,ᛞᚹᛖᛚᛚᛖᚱ,399
faustus,1217832,0,ᚠᚪᚢᛋᛏᚢᛋ,270
courant,1217807,0,ᚳᚩᚢᚱᚪᚾᛏ,219
dyslexia,1217293,0,ᛞᚣᛋᛚᛖᛉᛡ,539
ascribing,1216999,0,ᚪᛋᚳᚱᛁᛒᛝ,345
rumbled,1216740,0,ᚱᚢᛗᛒᛚᛖᛞ,375
bowdoin,1216554,0,ᛒᚩᚹᛞᚩᛁᚾ,243
diluent,1215797,0,ᛞᛁᛚᚢᛖᚾᛏ,351
ryerson,1215613,0,ᚱᚣᛖᚱᛋᚩᚾ,281
gompers,1214440,0,ᚷᚩᛗᛈᛖᚱᛋ,269
effaced,1214411,0,ᛖᚠᚠᚪᚳᛖᛞ,337
unveiling,1214343,0,ᚢᚾᚢᛖᛁᛚᛝ,285
handgun,1213427,0,ᚻᚪᚾᛞᚷᚢᚾ,287
coenzyme,1213340,0,ᚳᛟᚾᛋᚣᛗᛖ,419
apropos,1212444,0,ᚪᛈᚱᚩᛈᚩᛋ,261
glosses,1211380,0,ᚷᛚᚩᛋᛋᛖᛋ,323
fissile,1211281,0,ᚠᛁᛋᛋᛁᛚᛖ,310
focussing,1211026,0,ᚠᚩᚳᚢᛋᛋᛝ,210
schilling,1209195,0,ᛋᚳᚻᛁᛚᛚᛝ,345
restate,1207920,0,ᚱᛖᛋᛏᚪᛏᛖ,413
befitting,1207889,0,ᛒᛖᚠᛁᛏᛏᛝ,358
celsius,1207589,0,ᚳᛖᛚᛋᛁᚢᛋ,293
spangled,1207261,0,ᛋᛈᚪᛝᛚᛖᛞ,501
watcher,1206345,0,ᚹᚪᛏᚳᚻᛖᚱ,289
regress,1205082,0,ᚱᛖᚷᚱᛖᛋᛋ,279
churned,1204431,0,ᚳᚻᚢᚱᚾᛖᛞ,235
remedying,1203813,0,ᚱᛖᛗᛖᛞᚣᛝ,487
sixtieth,1202797,0,ᛋᛁᛉᛏᛁᛖᚦ,293
soberly,1202729,0,ᛋᚩᛒᛖᚱᛚᚣ,375
bonfire,1202631,0,ᛒᚩᚾᚠᛁᚱᛖ,208
monrovia,1202623,0,ᛗᚩᚾᚱᚩᚢᛡ,235
cascading,1201963,0,ᚳᚪᛋᚳᚪᛞᛝ,441
yttrium,1201668,0,ᚣᛏᛏᚱᛁᚢᛗ,337
britten,1201120,0,ᛒᚱᛁᛏᛏᛖᚾ,317
trimmer,1201096,0,ᛏᚱᛁᛗᛗᛖᚱ,321
tortious,1199393,0,ᛏᚩᚱᛏᛡᚢᛋ,299
rippled,1199144,0,ᚱᛁᛈᛈᛚᛖᛞ,357
beauteous,1198762,0,ᛒᛠᚢᛏᛇᚢᛋ,329
rhodium,1198627,0,ᚱᚻᚩᛞᛁᚢᛗ,235
profiting,1198527,0,ᛈᚱᚩᚠᛁᛏᛝ,232
fusible,1198000,0,ᚠᚢᛋᛁᛒᛚᛖ,290
ciliated,1197787,0,ᚳᛁᛚᛡᛏᛖᛞ,439
injures,1197707,0,ᛁᚾᛂᚢᚱᛖᛋ,231
violator,1197576,0,ᚢᛡᛚᚪᛏᚩᚱ,357
bloomed,1197391,0,ᛒᛚᚩᚩᛗᛖᛞ,375
marques,1197385,0,ᛗᚪᚱᚳᚹᛖᛋ,331
tresses,1196271,0,ᛏᚱᛖᛋᛋᛖᛋ,363
forearms,1195890,0,ᚠᚩᚱᛠᚱᛗᛋ,264
debacle,1195542,0,ᛞᛖᛒᚪᚳᛚᛖ,467
imploring,1195370,0,ᛁᛗᛈᛚᚩᚱᛝ,315
phallic,1195252,0,ᛈᚻᚪᛚᛚᛁᚳ,353
gautier,1193245,0,ᚷᚪᚢᛏᛁᛖᚱ,285
apaches,1192687,0,ᚪᛈᚪᚳᚻᛖᛋ,393
immerse,1192057,0,ᛁᛗᛗᛖᚱᛋᛖ,371
orbiter,1191296,0,ᚩᚱᛒᛁᛏᛖᚱ,247
asphyxia,1191043,0,ᚪᛋᛈᚻᚣᛉᛡ,473
panicle,1190888,0,ᛈᚪᚾᛁᚳᛚᛖ,353
affable,1189940,0,ᚪᚠᚠᚪᛒᛚᛖ,399
pegasus,1189903,0,ᛈᛖᚷᚪᛋᚢᛋ,333
erudite,1188157,0,ᛖᚱᚢᛞᛁᛏᛖ,327
towered,1187946,0,ᛏᚩᚹᛖᚱᛖᛞ,319
muddled,1187708,0,ᛗᚢᛞᛞᛚᛖᛞ,481
zionists,1187441,0,ᛋᛡᚾᛁᛋᛏᛋ,385
strapping,1187356,0,ᛋᛏᚱᚪᛈᛈᛝ,385
muffins,1186365,0,ᛗᚢᚠᚠᛁᚾᛋ,191
juanita,1186269,0,ᛂᚢᚪᚾᛁᛏᚪ,353
kibbutz,1185581,0,ᚳᛁᛒᛒᚢᛏᛋ,281
pervade,1185579,0,ᛈᛖᚱᚢᚪᛞᛖ,377
tunable,1184364,0,ᛏᚢᚾᚪᛒᛚᛖ,389
cabaret,1182853,0,ᚳᚪᛒᚪᚱᛖᛏ,405
toynbee,1181063,0,ᛏᚩᚣᚾᛒᛖᛖ,393
tenures,1180783,0,ᛏᛖᚾᚢᚱᛖᛋ,289
slowest,1180002,0,ᛋᛚᚩᚹᛖᛋᛏ,331
jocelyn,1179888,0,ᛂᚩᚳᛖᛚᚣᚾ,329
syenite,1179679,0,ᛋᚣᛖᚾᛁᛏᛖ,409
mimetic,1179648,0,ᛗᛁᛗᛖᛏᛁᚳ,343
serrate,1178739,0,ᛋᛖᚱᚱᚪᛏᛖ,365
consoling,1178127,0,ᚳᚩᚾᛋᚩᛚᛝ,261
shadowing,1178109,0,ᛋᚻᚪᛞᚩᚹᛝ,367
kettering,1177997,0,ᚳᛖᛏᛏᛖᚱᛝ,355
quintet,1176769,0,ᚳᚹᛁᚾᛏᛖᛏ,277
elicits,1174612,0,ᛖᛚᛁᚳᛁᛏᛋ,327
strangle,1174523,0,ᛋᛏᚱᚪᛝᛚᛖ,439
hydrant,1174345,0,ᚻᚣᛞᚱᚪᚾᛏ,411
kristin,1173821,0,ᚳᚱᛁᛋᛏᛁᚾ,227
mimicking,1173701,0,ᛗᛁᛗᛁᚳᚳᛝ,309
entailing,1173649,0,ᛖᚾᛏᚪᛁᛚᛝ,435
bullied,1173204,0,ᛒᚢᛚᛚᛁᛖᛞ,397
penguins,1173156,0,ᛈᛖᛝᚢᛁᚾᛋ,305
paschal,1173107,0,ᛈᚪᛋᚳᚻᚪᛚ,399
aspires,1172590,0,ᚪᛋᛈᛁᚱᛖᛋ,355
dampers,1172366,0,ᛞᚪᛗᛈᛖᚱᛋ,431
indorse,1171708,0,ᛁᚾᛞᚩᚱᛋᛖ,287
gonadal,1171024,0,ᚷᚩᚾᚪᛞᚪᛚ,409
iranians,1170376,0,ᛁᚱᚪᚾᛡᚾᛋ,357
realises,1170118,0,ᚱᛠᛚᛁᛋᛖᛋ,397
ejector,1169809,0,ᛖᛂᛖᚳᛏᚩᚱ,261
lentils,1169438,0,ᛚᛖᚾᛏᛁᛚᛋ,385
mallard,1169299,0,ᛗᚪᛚᛚᚪᚱᛞ,511
squalid,1168863,0,ᛋᚳᚹᚪᛚᛁᛞ,375
insipid,1168744,0,ᛁᚾᛋᛁᛈᛁᛞ,307
kampala,1168326,0,ᚳᚪᛗᛈᚪᛚᚪ,491
plebeian,1167236,0,ᛈᛚᛖᛒᛖᛡᚾ,447
bighorn,1167082,0,ᛒᛁᚷᚻᚩᚱᚾ,179
connors,1167024,0,ᚳᚩᚾᚾᚩᚱᛋ,149
beckoning,1166088,0,ᛒᛖᚳᚳᚩᚾᛝ,269
afflict,1165737,0,ᚪᚠᚠᛚᛁᚳᛏ,277
bristling,1165340,0,ᛒᚱᛁᛋᛏᛚᛝ,367
fanfare,1165214,0,ᚠᚪᚾᚠᚪᚱᛖ,305
alkalis,1164597,0,ᚪᛚᚳᚪᛚᛁᛋ,437
pancake,1163738,0,ᛈᚪᚾᚳᚪᚳᛖ,359
hellman,1163479,0,ᚻᛖᛚᛚᛗᚪᚾ,433
thunders,1162722,0,ᚦᚢᚾᛞᛖᚱᛋ,257
shantung,1162188,0,ᛋᚻᚪᚾᛏᚢᛝ,343
visuals,1162051,0,ᚢᛁᛋᚢᚪᛚᛋ,313
lactating,1161616,0,ᛚᚪᚳᛏᚪᛏᛝ,477
espouse,1161500,0,ᛖᛋᛈᚩᚢᛋᛖ,293
lucretia,1161415,0,ᛚᚢᚳᚱᛖᛏᛡ,333
blankly,1161408,0,ᛒᛚᚪᚾᚳᛚᚣ,449
prosody,1159647,0,ᛈᚱᚩᛋᚩᛞᚣ,313
felspar,1159482,0,ᚠᛖᛚᛋᛈᚪᚱ,346
mercier,1157129,0,ᛗᛖᚱᚳᛁᛖᚱ,271
simmering,1156823,0,ᛋᛁᛗᛗᛖᚱᛝ,383
fiddler,1156672,0,ᚠᛁᛞᛞᛚᛖᚱ,362
mammalia,1156437,0,ᛗᚪᛗᛗᚪᛚᛡ,587
digesting,1155712,0,ᛞᛁᚷᛖᛋᛏᛝ,395
matisse,1154729,0,ᛗᚪᛏᛁᛋᛋᛖ,431
banbury,1154728,0,ᛒᚪᚾᛒᚢᚱᚣ,365
appeased,1154671,0,ᚪᛈᛈᛠᛋᛖᛞ,501
turnkey,1154302,0,ᛏᚢᚱᚾᚳᛖᚣ,285
cobbles,1154240,0,ᚳᚩᛒᛒᛚᛖᛋ,335
novella,1153729,0,ᚾᚩᚢᛖᛚᛚᚪ,349
inverting,1153369,0,ᛁᚾᚢᛖᚱᛏᛝ,279
noisily,1153367,0,ᚾᚩᛁᛋᛁᛚᚣ,327
roundly,1152628,0,ᚱᚩᚢᚾᛞᛚᚣ,315
rickety,1152366,0,ᚱᛁᚳᚳᛖᛏᚣ,297
appleby,1151236,0,ᚪᛈᛈᛚᛖᛒᚣ,487
atlases,1149925,0,ᚪᛏᛚᚪᛋᛖᛋ,499
harbinger,1149128,0,ᚻᚪᚱᛒᛝᛖᚱ,349
subways,1148741,0,ᛋᚢᛒᚹᚪᚣᛋ,389
niggers,1148404,0,ᚾᛁᚷᚷᛖᚱᛋ,225
angelina,1148302,0,ᚪᛝᛖᛚᛁᚾᚪ,473
impiety,1146942,0,ᛁᛗᛈᛁᛖᛏᚣ,405
striatum,1146876,0,ᛋᛏᚱᛡᛏᚢᛗ,363
aground,1146684,0,ᚪᚷᚱᚩᚢᚾᛞ,253
populus,1146346,0,ᛈᚩᛈᚢᛚᚢᛋ,225
picnics,1145987,0,ᛈᛁᚳᚾᛁᚳᛋ,213
deletes,1145938,0,ᛞᛖᛚᛖᛏᛖᛋ,475
rehearsing,1145621,0,ᚱᛖᚻᛠᚱᛋᛝ,353
brabant,1145412,0,ᛒᚱᚪᛒᚪᚾᛏ,415
recluse,1145262,0,ᚱᛖᚳᛚᚢᛋᛖ,287
robeson,1145259,0,ᚱᚩᛒᛖᛋᚩᚾ,235
upholds,1145148,0,ᚢᛈᚻᚩᛚᛞᛋ,291
afrique,1144198,0,ᚪᚠᚱᛁᚳᚹᛖ,240
condone,1142938,0,ᚳᚩᚾᛞᚩᚾᛖ,241
humbler,1142744,0,ᚻᚢᛗᛒᛚᛖᚱ,309
seaports,1142478,0,ᛋᛠᛈᚩᚱᛏᛋ,335
repelling,1142343,0,ᚱᛖᛈᛖᛚᛚᛝ,413
pervert,1142151,0,ᛈᛖᚱᚢᛖᚱᛏ,261
typists,1142124,0,ᛏᚣᛈᛁᛋᛏᛋ,401
florets,1140940,0,ᚠᛚᚩᚱᛖᛏᛋ,272
morrell,1140730,0,ᛗᚩᚱᚱᛖᛚᛚ,313
harpers,1139721,0,ᚻᚪᚱᛈᛖᚱᛋ,305
worthies,1139286,0,ᚹᚩᚱᚦᛁᛖᛋ,193
centaur,1139043,0,ᚳᛖᚾᛏᚪᚢᚱ,279
greener,1138667,0,ᚷᚱᛖᛖᚾᛖᚱ,269
wizards,1138370,0,ᚹᛁᛋᚪᚱᛞᛋ,353
renfrew,1138056,0,ᚱᛖᚾᚠᚱᛖᚹ,206
storied,1136958,0,ᛋᛏᚩᚱᛁᛖᛞ,317
combats,1136128,0,ᚳᚩᛗᛒᚪᛏᛋ,361
storeys,1135755,0,ᛋᛏᚩᚱᛖᚣᛋ,353
adducts,1134953,0,ᚪᛞᛞᚢᚳᛏᛋ,403
shivers,1134183,0,ᛋᚻᛁᚢᛖᚱᛋ,241
upscale,1134019,0,ᚢᛈᛋᚳᚪᛚᛖ,349
stowage,1133215,0,ᛋᛏᚩᚹᚪᚷᛖ,319
everard,1132953,0,ᛖᚢᛖᚱᚪᚱᛞ,345
debussy,1132875,0,ᛞᛖᛒᚢᛋᛋᚣ,429
screech,1132739,0,ᛋᚳᚱᛖᛖᚳᚻ,247
basilar,1131595,0,ᛒᚪᛋᛁᛚᚪᚱ,423
abridge,1131088,0,ᚪᛒᚱᛁᛞᚷᛖ,373
boomers,1130864,0,ᛒᚩᚩᛗᛖᚱᛋ,277
justine,1130242,0,ᛂᚢᛋᛏᛁᚾᛖ,279
termite,1129400,0,ᛏᛖᚱᛗᛁᛏᛖ,365
telford,1128592,0,ᛏᛖᛚᚠᚩᚱᛞ,308
allende,1127544,0,ᚪᛚᛚᛖᚾᛞᛖ,495
debited,1127174,0,ᛞᛖᛒᛁᛏᛖᛞ,463
holster,1127007,0,ᚻᚩᛚᛋᛏᛖᚱ,293
buddhas,1126673,0,ᛒᚢᛞᛞᚻᚪᛋ,415
donnell,1126546,0,ᛞᚩᚾᚾᛖᛚᛚ,367
blackie,1126401,0,ᛒᛚᚪᚳᚳᛁᛖ,355
boatman,1125671,0,ᛒᚩᚪᛏᛗᚪᚾ,421
deserting,1125378,0,ᛞᛖᛋᛖᚱᛏᛝ,425
fearsome,1125123,0,ᚠᛠᚱᛋᚩᛗᛖ,320
sumerian,1123910,0,ᛋᚢᛗᛖᚱᛡᚾ,341
prodded,1123613,0,ᛈᚱᚩᛞᛞᛖᛞ,395
serfdom,1123221,0,ᛋᛖᚱᚠᛞᚩᛗ,300
statics,1122474,0,ᛋᛏᚪᛏᛁᚳᛋ,365
weevils,1121729,0,ᚹᛖᛖᚢᛁᛚᛋ,313
trudged,1120881,0,ᛏᚱᚢᛞᚷᛖᛞ,335
reverts,1120410,0,ᚱᛖᚢᛖᚱᛏᛋ,271
fretted,1119232,0,ᚠᚱᛖᛏᛏᛖᛞ,354
aviators,1119006,0,ᚪᚢᛡᛏᚩᚱᛋ,337
coexisting,1118418,0,ᚳᛟᛉᛁᛋᛏᛝ,365
punjabi,1118373,0,ᛈᚢᚾᛂᚪᛒᛁ,301
racemes,1118125,0,ᚱᚪᚳᛖᛗᛖᛋ,379
couches,1118029,0,ᚳᚩᚢᚳᚻᛖᛋ,179
maggots,1117941,0,ᛗᚪᚷᚷᚩᛏᛋ,321
baffles,1117865,0,ᛒᚪᚠᚠᛚᛖᛋ,355
pollute,1117447,0,ᛈᚩᛚᛚᚢᛏᛖ,325
drugged,1115992,0,ᛞᚱᚢᚷᚷᛖᛞ,293
authorial,1115892,0,ᚪᚢᚦᚩᚱᛡᛚ,303
ingenuous,1115736,0,ᛝᛖᚾᚢᚩᚢᛋ,241
hendrix,1114116,0,ᚻᛖᚾᛞᚱᛁᛉ,297
gondola,1113963,0,ᚷᚩᚾᛞᚩᛚᚪ,319
tankage,1113183,0,ᛏᚪᚾᚳᚪᚷᛖ,379
furtive,1113062,0,ᚠᚢᚱᛏᛁᚢᛖ,176
backseat,1112943,0,ᛒᚪᚳᚳᛋᛠᛏ,405
currier,1112769,0,ᚳᚢᚱᚱᛁᛖᚱ,147
abelard,1112051,0,ᚪᛒᛖᛚᚪᚱᛞ,495
humeral,1110335,0,ᚻᚢᛗᛖᚱᚪᛚ,345
poplars,1110163,0,ᛈᚩᛈᛚᚪᚱᛋ,327
whittle,1110061,0,ᚹᚻᛁᛏᛏᛚᛖ,331
malachi,1109745,0,ᛗᚪᛚᚪᚳᚻᛁ,405
buzzard,1109326,0,ᛒᚢᛋᛋᚪᚱᛞ,367
maltose,1109186,0,ᛗᚪᛚᛏᚩᛋᛖ,427
obelisk,1108271,0,ᚩᛒᛖᛚᛁᛋᚳ,305
holcomb,1108086,0,ᚻᚩᛚᚳᚩᛗᛒ,255
squinting,1107281,0,ᛋᚳᚹᛁᚾᛏᛝ,283
empathic,1106807,0,ᛖᛗᛈᚪᚦᛁᚳ,327
tagalog,1105537,0,ᛏᚪᚷᚪᛚᚩᚷ,367
irenaeus,1104554,0,ᛁᚱᛖᚾᚫᚢᛋ,295
modesto,1104418,0,ᛗᚩᛞᛖᛋᛏᚩ,353
gregorio,1103801,0,ᚷᚱᛖᚷᚩᚱᛡ,237
moderne,1103602,0,ᛗᚩᛞᛖᚱᚾᛖ,341
goodall,1102835,0,ᚷᚩᚩᛞᚪᛚᛚ,363
parlors,1102759,0,ᛈᚪᚱᛚᚩᚱᛋ,295
haploid,1102362,0,ᚻᚪᛈᛚᚩᛁᛞ,363
bravado,1101982,0,ᛒᚱᚪᚢᚪᛞᚩ,365
tattoos,1101554,0,ᛏᚪᛏᛏᚩᚩᛋ,341
mombasa,1101480,0,ᛗᚩᛗᛒᚪᛋᚪ,457
asexual,1100808,0,ᚪᛋᛖᛉᚢᚪᛚ,437
dracula,1100731,0,ᛞᚱᚪᚳᚢᛚᚪ,383
godlike,1100241,0,ᚷᚩᛞᛚᛁᚳᛖ,297
borealis,1099837,0,ᛒᚩᚱᛠᛚᛁᛋ,345
seacoast,1099324,0,ᛋᛠᚳᚩᚪᛋᛏ,391
harboring,1098685,0,ᚻᚪᚱᛒᚩᚱᛝ,289
rosebud,1098647,0,ᚱᚩᛋᛖᛒᚢᛞ,291
scalpel,1097895,0,ᛋᚳᚪᛚᛈᛖᛚ,419
facades,1097756,0,ᚠᚪᚳᚪᛞᛖᛋ,418
saucers,1097200,0,ᛋᚪᚢᚳᛖᚱᛋ,297
jellies,1097075,0,ᛂᛖᛚᛚᛁᛖᛋ,401
rhizome,1096179,0,ᚱᚻᛁᛋᚩᛗᛖ,263
sweetie,1095987,0,ᛋᚹᛖᛖᛏᛁᛖ,363
shifter,1095802,0,ᛋᚻᛁᚠᛏᛖᚱ,246
chuckling,1095719,0,ᚳᚻᚢᚳᚳᛚᛝ,217
zeolites,1095624,0,ᛋᛇᛚᛁᛏᛖᛋ,377
sutured,1095479,0,ᛋᚢᛏᚢᚱᛖᛞ,285
raisers,1095297,0,ᚱᚪᛁᛋᛖᚱᛋ,323
relaxes,1094361,0,ᚱᛖᛚᚪᛉᛖᛋ,415
shamans,1093897,0,ᛋᚻᚪᛗᚪᚾᛋ,423
cantata,1093694,0,ᚳᚪᚾᛏᚪᛏᚪ,451
brocade,1093602,0,ᛒᚱᚩᚳᚪᛞᛖ,345
abetted,1093436,0,ᚪᛒᛖᛏᛏᛖᛞ,499
shelved,1092555,0,ᛋᚻᛖᛚᚢᛖᛞ,375
spearman,1092073,0,ᛋᛈᛠᚱᛗᚪᚾ,413
curable,1091873,0,ᚳᚢᚱᚪᛒᛚᛖ,325
bonnets,1091758,0,ᛒᚩᚾᚾᛖᛏᛋ,305
gritted,1090573,0,ᚷᚱᛁᛏᛏᛖᛞ,333
dodgers,1090279,0,ᛞᚩᛞᚷᛖᚱᛋ,333
stomata,1090277,0,ᛋᛏᚩᛗᚪᛏᚪ,443
montage,1089651,0,ᛗᚩᚾᛏᚪᚷᛖ,347
wrenching,1089367,0,ᚹᚱᛖᚾᚳᚻᛝ,241
similes,1088603,0,ᛋᛁᛗᛁᛚᛖᛋ,379
coached,1088378,0,ᚳᚩᚪᚳᚻᛖᛞ,309
olympian,1088182,0,ᚩᛚᚣᛗᛈᛡᚾ,433
gazelle,1087863,0,ᚷᚪᛋᛖᛚᛚᛖ,447
worthily,1087437,0,ᚹᚩᚱᚦᛁᛚᚣ,249
dockets,1087384,0,ᛞᚩᚳᚳᛖᛏᛋ,301
excreta,1086936,0,ᛖᛉᚳᚱᛖᛏᚪ,361
sneakers,1086760,0,ᛋᚾᛠᚳᛖᚱᛋ,335
adeline,1085678,0,ᚪᛞᛖᛚᛁᚾᛖ,453
jacobus,1085342,0,ᛂᚪᚳᚩᛒᚢᛋ,271
scarves,1085340,0,ᛋᚳᚪᚱᚢᛖᛋ,297
woolsey,1084742,0,ᚹᚩᚩᛚᛋᛖᚣ,329
cubicle,1084516,0,ᚳᚢᛒᛁᚳᛚᛖ,261
fatherly,1084346,0,ᚠᚪᚦᛖᚱᛚᚣ,358
gunboat,1084338,0,ᚷᚢᚾᛒᚩᚪᛏ,273
dossier,1083668,0,ᛞᚩᛋᛋᛁᛖᚱ,311
beehive,1083482,0,ᛒᛖᛖᚻᛁᚢᛖ,319
beauvoir,1083225,0,ᛒᛠᚢᚢᚩᛁᚱ,225
raffles,1083182,0,ᚱᚪᚠᚠᛚᛖᛋ,305
fitters,1083096,0,ᚠᛁᛏᛏᛖᚱᛋ,282
shakers,1082502,0,ᛋᚻᚪᚳᛖᚱᛋ,317
enticed,1081539,0,ᛖᚾᛏᛁᚳᛖᛞ,355
janssen,1081097,0,ᛂᚪᚾᛋᛋᛖᚾ,365
narrate,1080779,0,ᚾᚪᚱᚱᚪᛏᛖ,371
urethane,1080111,0,ᚢᚱᛖᚦᚪᚾᛖ,279
tactful,1079691,0,ᛏᚪᚳᛏᚠᚢᛚ,306
tyndale,1079623,0,ᛏᚣᚾᛞᚪᛚᛖ,517
deepens,1079273,0,ᛞᛖᛖᛈᛖᚾᛋ,415
rawlins,1078780,0,ᚱᚪᚹᛚᛁᚾᛋ,313
woefully,1078585,0,ᚹᛟᚠᚢᛚᛚᚣ,356
dipoles,1078389,0,ᛞᛁᛈᚩᛚᛖᛋ,363
yeomanry,1078082,0,ᚣᛇᛗᚪᚾᚱᚣ,455
cumulus,1076135,0,ᚳᚢᛗᚢᛚᚢᛋ,219
rooftop,1075341,0,ᚱᚩᚩᚠᛏᚩᛈ,136
middlings,1075191,0,ᛗᛁᛞᛞᛚᛝᛋ,485
rainier,1074965,0,ᚱᚪᛁᚾᛁᛖᚱ,277
outlier,1074905,0,ᚩᚢᛏᛚᛁᛖᚱ,251
disused,1074655,0,ᛞᛁᛋᚢᛋᛖᛞ,385
shrimps,1074129,0,ᛋᚻᚱᛁᛗᛈᛋ,285
fresnel,1073902,0,ᚠᚱᛖᛋᚾᛖᛚ,302
caisson,1073558,0,ᚳᚪᛁᛋᛋᚩᚾ,283
mondale,1073327,0,ᛗᚩᚾᛞᚪᛚᛖ,433
escorting,1073047,0,ᛖᛋᚳᚩᚱᛏᛝ,289
panthers,1072850,0,ᛈᚪᚾᚦᛖᚱᛋ,305
modicum,1072742,0,ᛗᚩᛞᛁᚳᚢᛗ,285
bunched,1071633,0,ᛒᚢᚾᚳᚻᛖᛞ,285
setters,1071617,0,ᛋᛖᛏᛏᛖᚱᛋ,369
consols,1071268,0,ᚳᚩᚾᛋᚩᛚᛋ,235
unearthly,1070597,0,ᚢᚾᛠᚱᚦᛚᚣ,333
portant,1070552,0,ᛈᚩᚱᛏᚪᚾᛏ,305
kentish,1070208,0,ᚳᛖᚾᛏᛁᛋᚻ,275
tsarist,1069974,0,ᛏᛋᚪᚱᛁᛋᛏ,363
cordoba,1069791,0,ᚳᚩᚱᛞᚩᛒᚪ,285
realtors,1069223,0,ᚱᛠᛚᛏᚩᚱᛋ,323
throbbed,1068761,0,ᚦᚱᚩᛒᛒᛖᛞ,301
haircut,1068150,0,ᚻᚪᛁᚱᚳᚢᛏ,237
plotter,1067773,0,ᛈᛚᚩᛏᛏᛖᚱ,319
tracery,1066745,0,ᛏᚱᚪᚳᛖᚱᚣ,361
plaited,1066540,0,ᛈᛚᚪᛁᛏᛖᛞ,459
ecclesia,1066327,0,ᛖᚳᚳᛚᛖᛋᛡ,393
conduce,1065694,0,ᚳᚩᚾᛞᚢᚳᛖ,221
himmler,1065398,0,ᚻᛁᛗᛗᛚᛖᚱ,347
crozier,1065263,0,ᚳᚱᚩᛋᛁᛖᚱ,193
alighting,1064858,0,ᚪᛚᛁᚷᚻᛏᛝ,379
crayons,1064430,0,ᚳᚱᚪᚣᚩᚾᛋ,313
mountings,1064427,0,ᛗᚩᚢᚾᛏᛝᛋ,301
baptize,1063920,0,ᛒᚪᛈᛏᛁᛋᛖ,411
noonday,1063874,0,ᚾᚩᚩᚾᛞᚪᚣ,361
stokers,1062640,0,ᛋᛏᚩᚳᛖᚱᛋ,263
sinatra,1062001,0,ᛋᛁᚾᚪᛏᚱᚪ,377
cystine,1061770,0,ᚳᚣᛋᛏᛁᚾᛖ,355
grumble,1061700,0,ᚷᚱᚢᛗᛒᛚᛖ,303
forsook,1061385,0,ᚠᚩᚱᛋᚩᚩᚳ,100
hussars,1061156,0,ᚻᚢᛋᛋᚪᚱᛋ,293
oxidize,1060421,0,ᚩᛉᛁᛞᛁᛋᛖ,325
cancels,1059224,0,ᚳᚪᚾᚳᛖᛚᛋ,345
naively,1058660,0,ᚾᚪᛁᚢᛖᛚᚣ,403
cathodes,1057866,0,ᚳᚪᚦᚩᛞᛖᛋ,331
octaves,1057521,0,ᚩᚳᛏᚪᚢᛖᛋ,299
offhand,1057282,0,ᚩᚠᚠᚻᚪᚾᛞ,249
bechtel,1056887,0,ᛒᛖᚳᚻᛏᛖᛚ,363
alloyed,1056846,0,ᚪᛚᛚᚩᚣᛖᛞ,509
placard,1056827,0,ᛈᛚᚪᚳᚪᚱᛞ,423
peddler,1056678,0,ᛈᛖᛞᛞᛚᛖᚱ,439
peptone,1056283,0,ᛈᛖᛈᛏᚩᚾᛖ,315
shapely,1055884,0,ᛋᚻᚪᛈᛖᛚᚣ,459
searcher,1055461,0,ᛋᛠᚱᚳᚻᛖᚱ,287
urchins,1055217,0,ᚢᚱᚳᚻᛁᚾᛋ,163
trioxide,1055066,0,ᛏᚱᛡᛉᛁᛞᛖ,411
impedes,1054635,0,ᛁᛗᛈᛖᛞᛖᛋ,421
entreaty,1054590,0,ᛖᚾᛏᚱᛠᛏᚣ,437
drooped,1054390,0,ᛞᚱᚩᚩᛈᛖᛞ,313
probity,1053965,0,ᛈᚱᚩᛒᛁᛏᚣ,315
sternal,1053168,0,ᛋᛏᛖᚱᚾᚪᛚ,389
ammeter,1052995,0,ᚪᛗᛗᛖᛏᛖᚱ,443
sardine,1052004,0,ᛋᚪᚱᛞᛁᚾᛖ,377
aimless,1049825,0,ᚪᛁᛗᛚᛖᛋᛋ,445
gadsden,1048980,0,ᚷᚪᛞᛋᛞᛖᚾ,441
deirdre,1048696,0,ᛞᛖᛁᚱᛞᚱᛖ,365
lamarck,1048041,0,ᛚᚪᛗᚪᚱᚳᚳ,375
mistrial,1047931,0,ᛗᛁᛋᛏᚱᛡᛚ,405
depleting,1047491,0,ᛞᛖᛈᛚᛖᛏᛝ,477
gnarled,1047345,0,ᚷᚾᚪᚱᛚᛖᛞ,383
poppies,1046844,0,ᛈᚩᛈᛈᛁᛖᛋ,287
flopped,1046736,0,ᚠᛚᚩᛈᛈᛖᛞ,324
lorimer,1046415,0,ᛚᚩᚱᛁᛗᛖᚱ,271
pontoon,1046301,0,ᛈᚩᚾᛏᚩᚩᚾ,181
tattooed,1046269,0,ᛏᚪᛏᛏᚩᛟᛞ,453
vedanta,1045187,0,ᚢᛖᛞᚪᚾᛏᚪ,441
plautus,1044307,0,ᛈᛚᚪᚢᛏᚢᛋ,331
eastland,1044269,0,ᛠᛋᛏᛚᚪᚾᛞ,509
plainer,1043305,0,ᛈᛚᚪᛁᚾᛖᚱ,351
overuse,1043195,0,ᚩᚢᛖᚱᚢᛋᛖ,211
taunted,1043007,0,ᛏᚪᚢᚾᛏᛖᛞ,403
radiates,1042844,0,ᚱᚪᛞᛡᛏᛖᛋ,483
biogenic,1042702,0,ᛒᛡᚷᛖᚾᛁᚳ,325
omentum,1041631,0,ᚩᛗᛖᚾᛏᚢᛗ,307
shylock,1041117,0,ᛋᚻᚣᛚᚩᚳᚳ,285
munition,1040809,0,ᛗᚢᚾᛁᛏᛡᚾ,329
sockeye,1039767,0,ᛋᚩᚳᚳᛖᚣᛖ,323
famines,1039757,0,ᚠᚪᛗᛁᚾᛖᛋ,350
gatherer,1039539,0,ᚷᚪᚦᛖᚱᛖᚱ,275
sidereal,1038453,0,ᛋᛁᛞᛖᚱᛠᛚ,433
toshiba,1038186,0,ᛏᚩᛋᚻᛁᛒᚪ,331
godless,1038024,0,ᚷᚩᛞᛚᛖᛋᛋ,359
jeweler,1037951,0,ᛂᛖᚹᛖᛚᛖᚱ,341
bubbled,1037509,0,ᛒᚢᛒᛒᛚᛖᛞ,415
sweeper,1037218,0,ᛋᚹᛖᛖᛈᛖᚱ,327
dissect,1037193,0,ᛞᛁᛋᛋᛖᚳᛏ,365
inflate,1036920,0,ᛁᚾᚠᛚᚪᛏᛖ,358
operand,1036568,0,ᚩᛈᛖᚱᚪᚾᛞ,343
undersea,1036170,0,ᚢᚾᛞᛖᚱᛋᛠ,361
chambre,1035987,0,ᚳᚻᚪᛗᛒᚱᛖ,343
bellied,1035388,0,ᛒᛖᛚᛚᛁᛖᛞ,461
retards,1034802,0,ᚱᛖᛏᚪᚱᛞᛋ,387
nuttall,1034238,0,ᚾᚢᛏᛏᚪᛚᛚ,393
beeswax,1033939,0,ᛒᛖᛖᛋᚹᚪᛉ,411
smirked,1033207,0,ᛋᛗᛁᚱᚳᛖᛞ,335
aladdin,1032790,0,ᚪᛚᚪᛞᛞᛁᚾ,505
loggers,1032731,0,ᛚᚩᚷᚷᛖᚱᛋ,245
casimir,1031887,0,ᚳᚪᛋᛁᛗᛁᚱ,307
mutated,1031512,0,ᛗᚢᛏᚪᛏᛖᛞ,445
nucleons,1031468,0,ᚾᚢᚳᛚᛇᚾᛋ,241
disarming,1031359,0,ᛞᛁᛋᚪᚱᛗᛝ,431
saladin,1031015,0,ᛋᚪᛚᚪᛞᛁᚾ,469
backers,1029520,0,ᛒᚪᚳᚳᛖᚱᛋ,315
tannery,1029156,0,ᛏᚪᚾᚾᛖᚱᚣ,395
grattan,1028989,0,ᚷᚱᚪᛏᛏᚪᚾ,369
loitering,1028659,0,ᛚᚩᛁᛏᛖᚱᛝ,327
forsythe,1028309,0,ᚠᚩᚱᛋᚣᚦᛖ,248
remitting,1028195,0,ᚱᛖᛗᛁᛏᛏᛝ,377
cyclops,1025722,0,ᚳᚣᚳᛚᚩᛈᛋ,305
vernier,1025421,0,ᚢᛖᚱᚾᛁᛖᚱ,219
guanine,1025376,0,ᚷᚢᚪᚾᛁᚾᛖ,273
saddest,1024677,0,ᛋᚪᛞᛞᛖᛋᛏ,507
kennels,1024407,0,ᚳᛖᚾᚾᛖᛚᛋ,331
breakout,1023544,0,ᛒᚱᛠᚳᚩᚢᛏ,263
caldera,1023516,0,ᚳᚪᛚᛞᛖᚱᚪ,447
corinne,1023356,0,ᚳᚩᚱᛁᚾᚾᛖ,187
lodgers,1023095,0,ᛚᚩᛞᚷᛖᚱᛋ,317
hexagon,1022658,0,ᚻᛖᛉᚪᚷᚩᚾ,287
riviere,1022501,0,ᚱᛁᚢᛁᛖᚱᛖ,221
thrashed,1022001,0,ᚦᚱᚪᛋᚻᛖᛞ,345
habitus,1021367,0,ᚻᚪᛒᛁᛏᚢᛋ,327
footmen,1021363,0,ᚠᚩᚩᛏᛗᛖᚾ,242
jerseys,1020629,0,ᛂᛖᚱᛋᛖᚣᛋ,391
teamster,1020216,0,ᛏᛠᛗᛋᛏᛖᚱ,429
andaman,1020143,0,ᚪᚾᛞᚪᛗᚪᚾ,509
bulldog,1019706,0,ᛒᚢᛚᛚᛞᚩᚷ,323
infarct,1019658,0,ᛁᚾᚠᚪᚱᚳᛏ,242
pulpits,1018838,0,ᛈᚢᛚᛈᛁᛏᛋ,305
stiffen,1018343,0,ᛋᛏᛁᚠᚠᛖᚾ,243
ballets,1018205,0,ᛒᚪᛚᛚᛖᛏᛋ,483
imposts,1018196,0,ᛁᛗᛈᚩᛋᛏᛋ,317
avidity,1017141,0,ᚪᚢᛁᛞᛁᛏᚣ,413
softens,1016594,0,ᛋᚩᚠᛏᛖᚾᛋ,270
empyema,1014839,0,ᛖᛗᛈᚣᛖᛗᚪ,519
forsooth,1013888,0,ᚠᚩᚱᛋᚩᚩᚦ,92
vengeful,1013660,0,ᚢᛖᛝᛖᚠᚢᛚ,294
paprika,1013329,0,ᛈᚪᛈᚱᛁᚳᚪ,335
steadied,1013250,0,ᛋᛏᛠᛞᛁᛖᛞ,497
filippo,1013101,0,ᚠᛁᛚᛁᛈᛈᚩ,230
throated,1013047,0,ᚦᚱᚩᚪᛏᛖᛞ,335
georgiana,1012681,0,ᚷᛇᚱᚷᛡᚾᚪ,319
nkrumah,1011962,0,ᚾᚳᚱᚢᛗᚪᚻ,247
motherly,1011244,0,ᛗᚩᚦᛖᚱᛚᚣ,337
unlocking,1011153,0,ᚢᚾᛚᚩᚳᚳᛝ,217
relapsing,1011152,0,ᚱᛖᛚᚪᛈᛋᛝ,423
eunuchs,1010233,0,ᛖᚢᚾᚢᚳᚻᛋ,191
microbe,1010021,0,ᛗᛁᚳᚱᚩᛒᛖ,261
stuarts,1009495,0,ᛋᛏᚢᚪᚱᛏᛋ,335
inflame,1009495,0,ᛁᚾᚠᛚᚪᛗᛖ,370
mandating,1009427,0,ᛗᚪᚾᛞᚪᛏᛝ,521
domicil,1008881,0,ᛞᚩᛗᛁᚳᛁᛚ,315
demeter,1008452,0,ᛞᛖᛗᛖᛏᛖᚱ,431
thessaly,1007826,0,ᚦᛖᛋᛋᚪᛚᚣ,451
butanol,1007536,0,ᛒᚢᛏᚪᚾᚩᛚ,329
blacker,1007395,0,ᛒᛚᚪᚳᚳᛖᚱ,335
hellish,1007370,0,ᚻᛖᛚᛚᛁᛋᚻ,343
cunningly,1007329,0,ᚳᚢᚾᚾᛝᛚᚣ,329
ashanti,1002852,0,ᚪᛋᚻᚪᚾᛏᛁ,389
vandals,1002195,0,ᚢᚪᚾᛞᚪᛚᛋ,441
ghettos,1001612,0,ᚷᚻᛖᛏᛏᚩᛋ,285
saleable,1001545,0,ᛋᚪᛚᛠᛒᛚᛖ,533
mantles,1000607,0,ᛗᚪᚾᛏᛚᛖᛋ,449
handout,1000441,0,ᚻᚪᚾᛞᚩᚢᛏ,307
jimenez,1000236,0,ᛂᛁᛗᛖᚾᛖᛋ,355
alumnus,999436,0,ᚪᛚᚢᛗᚾᚢᛋ,329
bigoted,999269,0,ᛒᛁᚷᚩᛏᛖᛞ,331
preempt,999232,0,ᛈᚱᛖᛖᛗᛈᛏ,361
leggett,998820,0,ᛚᛖᚷᚷᛖᛏᛏ,359
swerved,998381,0,ᛋᚹᛖᚱᚢᛖᛞ,309
thinness,998273,0,ᚦᛁᚾᚾᛖᛋᛋ,267
narrating,998108,0,ᚾᚪᚱᚱᚪᛏᛝ,383
diesels,997793,0,ᛞᛁᛖᛋᛖᛚᛋ,433
bullies,997713,0,ᛒᚢᛚᛚᛁᛖᛋ,361
sanctum,997452,0,ᛋᚪᚾᚳᛏᚢᛗ,325
mishaps,996371,0,ᛗᛁᛋᚻᚪᛈᛋ,371
dyspnoea,995817,0,ᛞᚣᛋᛈᚾᛟᚪ,497
actuate,995684,0,ᚪᚳᛏᚢᚪᛏᛖ,395
orinoco,995412,0,ᚩᚱᛁᚾᚩᚳᚩ,105
sangamon,994842,0,ᛋᚪᛝᚪᛗᚩᚾ,433
shopper,994329,0,ᛋᚻᚩᛈᛈᛖᚱ,247
fatiguing,993547,0,ᚠᚪᛏᛁᚷᚢᛝ,288
trenching,992692,0,ᛏᚱᛖᚾᚳᚻᛝ,281
unthinking,992221,0,ᚢᚾᚦᛁᚾᚳᛝ,189
brasses,991709,0,ᛒᚱᚪᛋᛋᛖᛋ,395
barnaby,991702,0,ᛒᚪᚱᚾᚪᛒᚣ,459
satchel,991344,0,ᛋᚪᛏᚳᚻᛖᛚ,385
derided,991133,0,ᛞᛖᚱᛁᛞᛖᛞ,443
columba,991061,0,ᚳᚩᛚᚢᛗᛒᚪ,325
octagon,990345,0,ᚩᚳᛏᚪᚷᚩᚾ,229
systole,989732,0,ᛋᚣᛋᛏᚩᛚᛖ,415
hardens,989675,0,ᚻᚪᚱᛞᛖᚾᛋ,369
squalor,989502,0,ᛋᚳᚹᚪᛚᚩᚱ,273
bankhead,988628,0,ᛒᚪᚾᚳᚻᛠᛞ,421
bioethics,988309,0,ᛒᛡᛖᚦᛁᚳᛋ,337
boldest,987889,0,ᛒᚩᛚᛞᛖᛋᛏ,409
domitian,987858,0,ᛞᚩᛗᛁᛏᛡᚾ,393
satiric,987546,0,ᛋᚪᛏᛁᚱᛁᚳ,295
handley,987318,0,ᚻᚪᚾᛞᛚᛖᚣ,481
fresher,987027,0,ᚠᚱᛖᛋᚻᛖᚱ,234
tribals,986422,0,ᛏᚱᛁᛒᚪᛚᛋ,385
sterner,985335,0,ᛋᛏᛖᚱᚾᛖᚱ,297
brooded,984974,0,ᛒᚱᚩᚩᛞᛖᛞ,331
melanin,984973,0,ᛗᛖᛚᚪᚾᛁᚾ,397
carcase,984814,0,ᚳᚪᚱᚳᚪᛋᛖ,351
salutes,984473,0,ᛋᚪᛚᚢᛏᛖᛋ,405
wrongdoer,984256,0,ᚹᚱᚩᛝᛞᛟᚱ,299
fuentes,983967,0,ᚠᚢᛖᚾᛏᛖᛋ,280
moonlit,982793,0,ᛗᚩᚩᚾᛚᛁᛏ,277
raucous,982414,0,ᚱᚪᚢᚳᚩᚢᛋ,187
flaccid,981954,0,ᚠᛚᚪᚳᚳᛁᛞ,318
stomped,981452,0,ᛋᛏᚩᛗᛈᛖᛞ,389
landers,981338,0,ᛚᚪᚾᛞᛖᚱᛋ,419
presser,980241,0,ᛈᚱᛖᛋᛋᛖᚱ,305
dogwood,979820,0,ᛞᚩᚷᚹᚩᚩᛞ,235
thalamic,979701,0,ᚦᚪᛚᚪᛗᛁᚳ,387
alopecia,978603,0,ᚪᛚᚩᛈᛖᚳᛡ,407
harpoon,978117,0,ᚻᚪᚱᛈᚩᚩᚾ,217
goebbels,977441,0,ᚷᛟᛒᛒᛖᛚᛋ,415
deterring,977292,0,ᛞᛖᛏᛖᚱᚱᛝ,383
tannins,976908,0,ᛏᚪᚾᚾᛁᚾᛋ,327
montane,976494,0,ᛗᚩᚾᛏᚪᚾᛖ,359
stalker,976440,0,ᛋᛏᚪᛚᚳᛖᚱ,373
adjoins,976107,0,ᚪᛞᛂᚩᛁᚾᛋ,343
fenders,975934,0,ᚠᛖᚾᛞᛖᚱᛋ,318
rascals,974507,0,ᚱᚪᛋᚳᚪᛚᛋ,397
bridger,974422,0,ᛒᚱᛁᛞᚷᛖᚱ,287
calkins,973802,0,ᚳᚪᛚᚳᛁᚾᛋ,309
enquiring,973588,0,ᛖᚾᚳᚹᛁᚱᛝ,249
girlish,973183,0,ᚷᛁᚱᛚᛁᛋᚻ,239
rathbone,973171,0,ᚱᚪᚦᛒᚩᚾᛖ,277
tensors,972868,0,ᛏᛖᚾᛋᚩᚱᛋ,279
perfidy,972390,0,ᛈᛖᚱᚠᛁᛞᚣ,346
hermione,971594,0,ᚻᛖᚱᛗᛡᚾᛖ,375
broiled,971522,0,ᛒᚱᚩᛁᛚᛖᛞ,339
rankine,971177,0,ᚱᚪᚾᚳᛁᚾᛖ,277
canines,970770,0,ᚳᚪᚾᛁᚾᛖᛋ,319
spurned,970740,0,ᛋᛈᚢᚱᚾᛖᛞ,295
catawba,970523,0,ᚳᚪᛏᚪᚹᛒᚪ,443
slavish,970214,0,ᛋᛚᚪᚢᛁᛋᚻ,333
theorized,970042,0,ᚦᛇᚱᛁᛋᛖᛞ,297
shipman,968693,0,ᛋᚻᛁᛈᛗᚪᚾ,347
exhorting,968656,0,ᛖᛉᚻᚩᚱᛏᛝ,293
muriatic,968385,0,ᛗᚢᚱᛡᛏᛁᚳ,295
redoubt,968120,0,ᚱᛖᛞᚩᚢᛒᛏ,297
headless,966789,0,ᚻᛠᛞᛚᛖᛋᛋ,467
reshape,966723,0,ᚱᛖᛋᚻᚪᛈᛖ,361
privies,965782,0,ᛈᚱᛁᚢᛁᛖᛋ,239
jacobin,965504,0,ᛂᚪᚳᚩᛒᛁᚾ,275
hangover,965201,0,ᚻᚪᛝᚩᚢᛖᚱ,287
congreve,964563,0,ᚳᚩᛝᚱᛖᚢᛖ,247
sunspot,964433,0,ᛋᚢᚾᛋᛈᚩᛏ,247
venation,964321,0,ᚢᛖᚾᚪᛏᛡᚾ,391
trawler,964297,0,ᛏᚱᚪᚹᛚᛖᚱ,337
mayfair,964234,0,ᛗᚪᚣᚠᚪᛁᚱ,412
sultans,962940,0,ᛋᚢᛚᛏᚪᚾᛋ,367
earthwork,962342,0,ᛠᚱᚦᚹᚩᚱᚳ,175
thistles,962229,0,ᚦᛁᛋᛏᛚᛖᛋ,341
pylorus,961579,0,ᛈᚣᛚᚩᚱᚢᛋ,293
calabria,961153,0,ᚳᚪᛚᚪᛒᚱᛡ,459
mirabeau,960115,0,ᛗᛁᚱᚪᛒᛠᚢ,383
cliques,959391,0,ᚳᛚᛁᚳᚹᛖᛋ,269
whisked,958884,0,ᚹᚻᛁᛋᚳᛖᛞ,295
cobwebs,958686,0,ᚳᚩᛒᚹᛖᛒᛋ,281
resetting,958683,0,ᚱᛖᛋᛖᛏᛏᛝ,395
winches,958075,0,ᚹᛁᚾᚳᚻᛖᛋ,235
assuage,958006,0,ᚪᛋᛋᚢᚪᚷᛖ,387
luminal,957335,0,ᛚᚢᛗᛁᚾᚪᛚ,377
moisten,957170,0,ᛗᚩᛁᛋᛏᛖᚾ,317
phallus,957039,0,ᛈᚻᚪᛚᛚᚢᛋ,365
ghanaian,956998,0,ᚷᚻᚪᚾᚪᛡᚾ,399
bramble,955918,0,ᛒᚱᚪᛗᛒᛚᛖ,441
amethyst,955196,0,ᚪᛗᛖᚦᚣᛋᛏ,455
redrawn,954850,0,ᚱᛖᛞᚱᚪᚹᚾ,323
phonics,954688,0,ᛈᚻᚩᚾᛁᚳᛋ,199
crawler,953678,0,ᚳᚱᚪᚹᛚᛖᚱ,291
flogged,953227,0,ᚠᛚᚩᚷᚷᛖᛞ,272
stiffer,952488,0,ᛋᛏᛁᚠᚠᛖᚱ,225
parathion,952396,0,ᛈᚪᚱᚪᚦᛡᚾ,389
shootings,952343,0,ᛋᚻᚩᚩᛏᛝᛋ,281
memento,951555,0,ᛗᛖᛗᛖᚾᛏᚩ,371
manured,951532,0,ᛗᚪᚾᚢᚱᛖᛞ,367
maddening,950998,0,ᛗᚪᛞᛞᛖᚾᛝ,521
grumman,950957,0,ᚷᚱᚢᛗᛗᚪᚾ,299
readjust,950502,0,ᚱᛠᛞᛂᚢᛋᛏ,361
languish,950233,0,ᛚᚪᛝᚢᛁᛋᚻ,359
scallop,949539,0,ᛋᚳᚪᛚᛚᚩᛈ,359
signora,948847,0,ᛋᛁᚷᚾᚩᚱᚪ,245
machado,948522,0,ᛗᚪᚳᚻᚪᛞᚩ,397
mahmoud,947687,0,ᛗᚪᚻᛗᚩᚢᛞ,361
bellini,947249,0,ᛒᛖᛚᛚᛁᚾᛁ,365
coulson,946854,0,ᚳᚩᚢᛚᛋᚩᚾ,185
snapper,946488,0,ᛋᚾᚪᛈᛈᛖᚱ,343
dentine,946218,0,ᛞᛖᚾᛏᛁᚾᛖ,371
thickens,945957,0,ᚦᛁᚳᚳᛖᚾᛋ,211
valency,945504,0,ᚢᚪᛚᛖᚾᚳᚣ,385
northrup,945392,0,ᚾᚩᚱᚦᚱᚢᛈ,109
sludges,945122,0,ᛋᛚᚢᛞᚷᛖᛋ,355
geodesic,945017,0,ᚷᛇᛞᛖᛋᛁᚳ,311
fortiori,944688,0,ᚠᚩᚱᛏᛡᚱᛁ,228
antiwar,944016,0,ᚪᚾᛏᛁᚹᚪᚱ,343
militias,943494,0,ᛗᛁᛚᛁᛏᛡᛋ,425
zirconia,943492,0,ᛋᛁᚱᚳᚩᚾᛡ,251
harford,942582,0,ᚻᚪᚱᚠᚩᚱᛞ,240
bespoke,942140,0,ᛒᛖᛋᛈᚩᚳᛖ,311
conjuring,941811,0,ᚳᚩᚾᛂᚢᚱᛝ,179
deltoid,941798,0,ᛞᛖᛚᛏᚩᛁᛞ,415
tillers,941670,0,ᛏᛁᛚᛚᛖᚱᛋ,367
salerno,941168,0,ᛋᚪᛚᛖᚱᚾᚩ,337
lourdes,941147,0,ᛚᚩᚢᚱᛞᛖᛋ,303
retelling,940275,0,ᚱᛖᛏᛖᛚᛚᛝ,429
cloaked,940026,0,ᚳᛚᚩᚪᚳᛖᛞ,359
brownie,939996,0,ᛒᚱᚩᚹᚾᛁᛖ,225
deplete,939991,0,ᛞᛖᛈᛚᛖᛏᛖ,465
balloting,939854,0,ᛒᚪᛚᛚᚩᛏᛝ,449
holiest,939630,0,ᚻᚩᛚᛁᛖᛋᛏ,313
marbled,938936,0,ᛗᚪᚱᛒᛚᛖᛞ,469
dominus,938708,0,ᛞᚩᛗᛁᚾᚢᛋ,283
expiation,938693,0,ᛖᛉᛈᛡᛏᛡᚾ,459
dreiser,938494,0,ᛞᚱᛖᛁᛋᛖᚱ,329
feynman,937805,0,ᚠᛖᚣᚾᛗᚪᚾ,398
giraffe,937398,0,ᚷᛁᚱᚪᚠᚠᛖ,227
javelin,937318,0,ᛂᚪᚢᛖᛚᛁᚾ,337
conrail,937119,0,ᚳᚩᚾᚱᚪᛁᛚ,261
colonna,937008,0,ᚳᚩᛚᚩᚾᚾᚪ,255
mcclain,936242,0,ᛗᚳᚳᛚᚪᛁᚾ,327
fairway,936157,0,ᚠᚪᛁᚱᚹᚪᚣ,360
carrick,935732,0,ᚳᚪᚱᚱᛁᚳᚳ,189
offends,935442,0,ᚩᚠᚠᛖᚾᛞᛋ,249
crowder,935417,0,ᚳᚱᚩᚹᛞᛖᚱ,217
bickering,935177,0,ᛒᛁᚳᚳᛖᚱᛝ,275
ruffians,935164,0,ᚱᚢᚠᚠᛡᚾᛋ,207
pageants,934963,0,ᛈᚪᚷᛠᚾᛏᛋ,407
fixedly,934742,0,ᚠᛁᛉᛖᛞᛚᚣ,412
managua,934467,0,ᛗᚪᚾᚪᚷᚢᚪ,411
marcuse,934377,0,ᛗᚪᚱᚳᚢᛋᛖ,315
bitches,934105,0,ᛒᛁᛏᚳᚻᛖᛋ,307
golfers,933530,0,ᚷᚩᛚᚠᛖᚱᛋ,230
oviduct,933466,0,ᚩᚢᛁᛞᚢᚳᛏ,205
menaces,932686,0,ᛗᛖᚾᚪᚳᛖᛋ,397
reassess,932203,0,ᚱᛠᛋᛋᛖᛋᛋ,399
puddles,931017,0,ᛈᚢᛞᛞᛚᛖᛋ,417
salable,930551,0,ᛋᚪᛚᚪᛒᛚᛖ,521
galilean,929857,0,ᚷᚪᛚᛁᛚᛠᚾ,429
envelop,929565,0,ᛖᚾᚢᛖᛚᚩᛈ,289
finders,929087,0,ᚠᛁᚾᛞᛖᚱᛋ,282
mittens,928992,0,ᛗᛁᛏᛏᛖᚾᛋ,369
smithson,928771,0,ᛋᛗᛁᚦᛋᚩᚾ,249
kennett,928727,0,ᚳᛖᚾᚾᛖᛏᛏ,323
threonine,928472,0,ᚦᚱᛇᚾᛁᚾᛖ,213
romaine,928333,0,ᚱᚩᛗᚪᛁᚾᛖ,313
seltzer,928301,0,ᛋᛖᛚᛏᛋᛖᚱ,383
nauseous,928123,0,ᚾᚪᚢᛋᛇᚢᛋ,279
colette,927803,0,ᚳᚩᛚᛖᛏᛏᛖ,345
rumford,927633,0,ᚱᚢᛗᚠᚩᚱᛞ,194
rambler,927462,0,ᚱᚪᛗᛒᛚᛖᚱ,391
detaching,926998,0,ᛞᛖᛏᚪᚳᚻᛝ,427
tolkien,926804,0,ᛏᚩᛚᚳᛁᛖᚾ,279
mubarak,926572,0,ᛗᚢᛒᚪᚱᚪᚳ,353
spender,926282,0,ᛋᛈᛖᚾᛞᛖᚱ,359
delilah,925539,0,ᛞᛖᛚᛁᛚᚪᚻ,453
falcons,925490,0,ᚠᚪᛚᚳᚩᚾᛋ,274
gossiping,925420,0,ᚷᚩᛋᛋᛁᛈᛝ,283
crochet,925284,0,ᚳᚱᚩᚳᚻᛖᛏ,193
hastens,925070,0,ᚻᚪᛋᛏᛖᚾᛋ,381
rattles,924914,0,ᚱᚪᛏᛏᛚᛖᛋ,419
coauthor,924806,0,ᚳᚩᚪᚢᚦᚩᚱ,143
basally,923918,0,ᛒᚪᛋᚪᛚᛚᚣ,557
kowloon,923833,0,ᚳᚩᚹᛚᚩᚩᚾ,155
nettles,923604,0,ᚾᛖᛏᛏᛚᛖᛋ,407
dreamers,923259,0,ᛞᚱᛠᛗᛖᚱᛋ,411
germania,922548,0,ᚷᛖᚱᛗᚪᚾᛡ,399
softest,921056,0,ᛋᚩᚠᛏᛖᛋᛏ,300
guevara,920852,0,ᚷᚢᛖᚢᚪᚱᚪ,295
centage,920726,0,ᚳᛖᚾᛏᚪᚷᛖ,349
remodel,920725,0,ᚱᛖᛗᚩᛞᛖᛚ,385
disunion,920546,0,ᛞᛁᛋᚢᚾᛡᚾ,341
grandly,920461,0,ᚷᚱᚪᚾᛞᛚᚣ,419
grosser,920383,0,ᚷᚱᚩᛋᛋᛖᚱ,219
sleeved,920148,0,ᛋᛚᛖᛖᚢᛖᛞ,419
notarial,919676,0,ᚾᚩᛏᚪᚱᛡᛚ,383
copyist,919318,0,ᚳᚩᛈᚣᛁᛋᛏ,309
unvarying,918431,0,ᚢᚾᚢᚪᚱᚣᛝ,325
darlene,917268,0,ᛞᚪᚱᛚᛖᚾᛖ,433
arthurian,916971,0,ᚪᚱᚦᚢᚱᛡᚾ,263
nabokov,915781,0,ᚾᚪᛒᚩᚳᚩᚢ,217
annabel,915738,0,ᚪᚾᚾᚪᛒᛖᛚ,453
magnate,914581,0,ᛗᚪᚷᚾᚪᛏᛖ,437
rheostat,914560,0,ᚱᚻᛇᛋᛏᚪᛏ,343
latrobe,912650,0,ᛚᚪᛏᚱᚩᛒᛖ,375
lamella,911794,0,ᛚᚪᛗᛖᛚᛚᚪ,551
creeper,911532,0,ᚳᚱᛖᛖᛈᛖᚱ,279
hustled,911520,0,ᚻᚢᛋᛏᛚᛖᛞ,367
bastions,911511,0,ᛒᚪᛋᛏᛡᚾᛋ,459
gonzalo,911420,0,ᚷᚩᚾᛋᚪᛚᚩ,283
tanners,911397,0,ᛏᚪᚾᚾᛖᚱᛋ,345
vanuatu,911320,0,ᚢᚪᚾᚢᚪᛏᚢ,291
headnote,911187,0,ᚻᛠᛞᚾᚩᛏᛖ,383
regrowth,909844,0,ᚱᛖᚷᚱᚩᚹᚦ,137
rebekah,909248,0,ᚱᛖᛒᛖᚳᚪᚻ,339
brimmed,909006,0,ᛒᚱᛁᛗᛗᛖᛞ,401
cymbals,908580,0,ᚳᚣᛗᛒᚪᛚᛋ,471
immersing,908274,0,ᛁᛗᛗᛖᚱᛋᛝ,383
sectioning,907724,0,ᛋᛖᚳᛏᛡᚾᛝ,407
typeset,907695,0,ᛏᚣᛈᛖᛋᛖᛏ,451
swooped,907635,0,ᛋᚹᚩᚩᛈᛖᛞ,285
flapped,907437,0,ᚠᛚᚪᛈᛈᛖᛞ,414
enslave,907237,0,ᛖᚾᛋᛚᚪᚢᛖ,389
personae,906410,0,ᛈᛖᚱᛋᚩᚾᚫ,311
sapwood,906048,0,ᛋᚪᛈᚹᚩᚩᛞ,315
rambles,905960,0,ᚱᚪᛗᛒᛚᛖᛋ,433
rivulet,905706,0,ᚱᛁᚢᚢᛚᛖᛏ,247
ochreous,904756,0,ᚩᚳᚻᚱᛇᚢᛋ,151
moneyed,904737,0,ᛗᚩᚾᛖᚣᛖᛞ,433
loftier,904625,0,ᛚᚩᚠᛏᛁᛖᚱ,250
macedon,904552,0,ᛗᚪᚳᛖᛞᚩᚾ,373
mencken,904159,0,ᛗᛖᚾᚳᚳᛖᚾ,289
lateran,904013,0,ᛚᚪᛏᛖᚱᚪᚾ,433
hampers,903928,0,ᚻᚪᛗᛈᛖᚱᛋ,365
prevost,903628,0,ᛈᚱᛖᚢᚩᛋᛏ,243
mummies,903594,0,ᛗᚢᛗᛗᛁᛖᛋ,367
unfeeling,903505,0,ᚢᚾᚠᛖᛖᛚᛝ,320
floored,902921,0,ᚠᛚᚩᚩᚱᛖᛞ,256
sickles,902806,0,ᛋᛁᚳᚳᛚᛖᛋ,303
ureters,902510,0,ᚢᚱᛖᛏᛖᚱᛋ,271
rescues,902424,0,ᚱᛖᛋᚳᚢᛖᛋ,267
vaunted,902345,0,ᚢᚪᚢᚾᛏᛖᛞ,347
tinkering,902268,0,ᛏᛁᚾᚳᛖᚱᛝ,289
anemone,901978,0,ᚪᚾᛖᛗᚩᚾᛖ,367
nuggets,901825,0,ᚾᚢᚷᚷᛖᛏᛋ,245
flitted,901821,0,ᚠᛚᛁᛏᛏᛖᛞ,380
shrouds,901357,0,ᛋᚻᚱᚩᚢᛞᛋ,239
squealed,901215,0,ᛋᚳᚹᛠᛚᛖᛞ,423
civilly,900954,0,ᚳᛁᚢᛁᛚᛚᚣ,327
harried,899863,0,ᚻᚪᚱᚱᛁᛖᛞ,329
baboons,899390,0,ᛒᚪᛒᚩᚩᚾᛋ,315
quintus,899359,0,ᚳᚹᛁᚾᛏᚢᛋ,207
caliper,898582,0,ᚳᚪᛚᛁᛈᛖᚱ,335
wieland,898273,0,ᚹᛁᛖᛚᚪᚾᛞ,405
glossed,897866,0,ᚷᛚᚩᛋᛋᛖᛞ,359
minutiae,897115,0,ᛗᛁᚾᚢᛏᛡᛖ,367
sporangia,896989,0,ᛋᛈᚩᚱᚪᛝᛡ,397
yellowing,896894,0,ᚣᛖᛚᛚᚩᚹᛝ,421
fiedler,896171,0,ᚠᛁᛖᛞᛚᛖᚱ,340
rearward,895720,0,ᚱᛠᚱᚹᚪᚱᛞ,347
spiraling,895581,0,ᛋᛈᛁᚱᚪᛚᛝ,387
dragoon,895134,0,ᛞᚱᚪᚷᚩᚩᚾ,257
dahomey,895013,0,ᛞᚪᚻᚩᛗᛖᚣ,457
keyhole,894769,0,ᚳᛖᚣᚻᚩᛚᛖ,353
wrigley,894707,0,ᚹᚱᛁᚷᛚᛖᚣ,321
muscled,893760,0,ᛗᚢᛋᚳᛚᛖᛞ,369
cubical,893654,0,ᚳᚢᛒᛁᚳᚪᛚ,291
stigmas,893097,0,ᛋᛏᛁᚷᛗᚪᛋ,381
krypton,892968,0,ᚳᚱᚣᛈᛏᚩᚾ,265
lullaby,892807,0,ᛚᚢᛚᛚᚪᛒᚣ,483
rheology,892504,0,ᚱᚻᛇᛚᚩᚷᚣ,275
rudyard,892464,0,ᚱᚢᛞᚣᚪᚱᛞ,403
jejunum,892072,0,ᛂᛖᛂᚢᚾᚢᛗ,247
villous,891978,0,ᚢᛁᛚᛚᚩᚢᛋ,243
segundo,891678,0,ᛋᛖᚷᚢᚾᛞᚩ,265
jutland,891333,0,ᛂᚢᛏᛚᚪᚾᛞ,387
sceptic,891087,0,ᛋᚳᛖᛈᛏᛁᚳ,279
spaniel,891047,0,ᛋᛈᚪᚾᛁᛖᛚ,393
alkanes,890852,0,ᚪᛚᚳᚪᚾᛖᛋ,429
gillies,890767,0,ᚷᛁᛚᛚᛁᛖᛋ,345
nunnery,890685,0,ᚾᚢᚾᚾᛖᚱᚣ,271
enliven,890455,0,ᛖᚾᛚᛁᚢᛖᚾ,299
shrugging,890146,0,ᛋᚻᚱᚢᚷᚷᛝ,203
wasatch,889757,0,ᚹᚪᛋᚪᛏᚳᚻ,361
lobbied,889754,0,ᛚᚩᛒᛒᛁᛖᛞ,389
leafless,889649,0,ᛚᛠᚠᛚᛖᛋᛋ,430
amulets,889602,0,ᚪᛗᚢᛚᛖᛏᛋ,423
demotion,889469,0,ᛞᛖᛗᚩᛏᛡᚾ,429
amazons,888869,0,ᚪᛗᚪᛋᚩᚾᛋ,407
dalmatia,888549,0,ᛞᚪᛚᛗᚪᛏᛡ,593
jumbled,888469,0,ᛂᚢᛗᛒᛚᛖᛞ,401
lapland,887639,0,ᛚᚪᛈᛚᚪᚾᛞ,501
fathered,887579,0,ᚠᚪᚦᛖᚱᛖᛞ,338
paddled,887090,0,ᛈᚪᛞᛞᛚᛖᛞ,547
malathion,886287,0,ᛗᚪᛚᚪᚦᛡᚾ,479
tackles,885748,0,ᛏᚪᚳᚳᛚᛖᛋ,375
newsmen,885488,0,ᚾᛖᚹᛋᛗᛖᚾ,335
manorial,884888,0,ᛗᚪᚾᚩᚱᛡᛚ,395
musique,884565,0,ᛗᚢᛋᛁᚳᚹᛖ,257
sported,884410,0,ᛋᛈᚩᚱᛏᛖᛞ,329
kuwaiti,884388,0,ᚳᚢᚹᚪᛁᛏᛁ,253
sorties,884309,0,ᛋᚩᚱᛏᛁᛖᛋ,281
starkey,884111,0,ᛋᛏᚪᚱᚳᛖᚣ,403
doleful,884019,0,ᛞᚩᛚᛖᚠᚢᛚ,314
muffler,883180,0,ᛗᚢᚠᚠᛚᛖᚱ,229
hobbled,883096,0,ᚻᚩᛒᛒᛚᛖᛞ,381
anchovy,882843,0,ᚪᚾᚳᚻᚩᚢᚣ,275
beaulieu,882570,0,ᛒᛠᚢᛚᛁᛖᚢ,347
muskrat,882303,0,ᛗᚢᛋᚳᚱᚪᛏ,307
outwash,882120,0,ᚩᚢᛏᚹᚪᛋᚻ,261
coterie,881955,0,ᚳᚩᛏᛖᚱᛁᛖ,255
brothels,881205,0,ᛒᚱᚩᚦᛖᛚᛋ,277
semiarid,880684,0,ᛋᛖᛗᛡᚱᛁᛞ,429
cutback,880393,0,ᚳᚢᛏᛒᚪᚳᚳ,259
slurred,880205,0,ᛋᛚᚢᚱᚱᛖᛞ,307
giggles,879887,0,ᚷᛁᚷᚷᛚᛖᛋ,275
unpacking,879785,0,ᚢᚾᛈᚪᚳᚳᛝ,277
dipolar,879710,0,ᛞᛁᛈᚩᛚᚪᚱ,351
cautery,879505,0,ᚳᚪᚢᛏᛖᚱᚣ,353
kristen,879441,0,ᚳᚱᛁᛋᛏᛖᚾ,263
plowman,879283,0,ᛈᛚᚩᚹᛗᚪᚾ,339
tableaux,879279,0,ᛏᚪᛒᛚᛠᚢᛉ,449
patenting,879083,0,ᛈᚪᛏᛖᚾᛏᛝ,433
tassels,878258,0,ᛏᚪᛋᛋᛖᛚᛋ,455
vasquez,877886,0,ᚢᚪᛋᚳᚹᛖᛋ,305
cadaver,877614,0,ᚳᚪᛞᚪᚢᛖᚱ,377
silicic,877275,0,ᛋᛁᛚᛁᚳᛁᚳ,245
rotator,877190,0,ᚱᚩᛏᚪᛏᚩᚱ,251
breccias,877159,0,ᛒᚱᛖᚳᚳᛡᛋ,325
changers,876803,0,ᚳᚻᚪᛝᛖᚱᛋ,343
holbein,876633,0,ᚻᚩᛚᛒᛖᛁᚾ,291
veneers,875826,0,ᚢᛖᚾᛖᛖᚱᛋ,297
starchy,875484,0,ᛋᛏᚪᚱᚳᚻᚣ,359
wellhead,875160,0,ᚹᛖᛚᛚᚻᛠᛞ,453
crusading,874314,0,ᚳᚱᚢᛋᚪᛞᛝ,345
truancy,874308,0,ᛏᚱᚢᚪᚾᚳᚣ,315
refutes,873664,0,ᚱᛖᚠᚢᛏᛖᛋ,262
seafloor,872950,0,ᛋᛠᚠᛚᚩᚩᚱ,262
tiniest,872819,0,ᛏᛁᚾᛁᛖᛋᛏ,329
unkempt,872028,0,ᚢᚾᚳᛖᛗᛈᛏ,285
funnels,871927,0,ᚠᚢᚾᚾᛖᛚᛋ,256
minnows,871732,0,ᛗᛁᚾᚾᚩᚹᛋ,239
adjudge,871624,0,ᚪᛞᛂᚢᛞᚷᛖ,399
pedicel,871390,0,ᛈᛖᛞᛁᚳᛖᛚ,383
revises,870501,0,ᚱᛖᚢᛁᛋᛖᛋ,285
formers,870409,0,ᚠᚩᚱᛗᛖᚱᛋ,222
tillich,870376,0,ᛏᛁᛚᛚᛁᚳᚻ,303
mitford,870193,0,ᛗᛁᛏᚠᚩᚱᛞ,270
vittorio,870001,0,ᚢᛁᛏᛏᚩᚱᛡ,277
jacobean,869891,0,ᛂᚪᚳᚩᛒᛠᚾ,353
scripting,869576,0,ᛋᚳᚱᛁᛈᛏᛝ,289
proffer,869332,0,ᛈᚱᚩᚠᚠᛖᚱ,143
moriarty,868774,0,ᛗᚩᚱᛡᚱᛏᚣ,369
scurrying,868549,0,ᛋᚳᚢᚱᚱᚣᛝ,273
torques,868390,0,ᛏᚩᚱᚳᚹᛖᛋ,229
bedstead,868358,0,ᛒᛖᛞᛋᛏᛠᛞ,527
cockney,868333,0,ᚳᚩᚳᚳᚾᛖᚣ,245
fittingly,868249,0,ᚠᛁᛏᛏᛝᛚᚣ,406
pinnate,867606,0,ᛈᛁᚾᚾᚪᛏᛖ,355
bushmen,867537,0,ᛒᚢᛋᚻᛗᛖᚾ,307
enjoins,867493,0,ᛖᚾᛂᚩᛁᚾᛋ,253
viscose,866334,0,ᚢᛁᛋᚳᚩᛋᛖ,227
mustering,866148,0,ᛗᚢᛋᛏᛖᚱᛝ,343
rubrics,866053,0,ᚱᚢᛒᚱᛁᚳᛋ,183
skeptic,865415,0,ᛋᚳᛖᛈᛏᛁᚳ,279
artless,865336,0,ᚪᚱᛏᛚᛖᛋᛋ,413
stirrer,865087,0,ᛋᛏᛁᚱᚱᛖᚱ,243
upstart,864505,0,ᚢᛈᛋᛏᚪᚱᛏ,325
bellowing,864232,0,ᛒᛖᛚᛚᚩᚹᛝ,379
spliced,864112,0,ᛋᛈᛚᛁᚳᛖᛞ,369
drawled,863048,0,ᛞᚱᚪᚹᛚᛖᛞ,445
hendrik,863035,0,ᚻᛖᚾᛞᚱᛁᚳ,263
liqueur,861859,0,ᛚᛁᚳᚹᛖᚢᚱ,217
bashful,861338,0,ᛒᚪᛋᚻᚠᚢᛚ,312
iodoform,861018,0,ᛡᛞᚩᚠᚩᚱᛗ,294
foundling,860629,0,ᚠᚩᚢᚾᛞᛚᛝ,282
quizzes,860617,0,ᚳᚹᛁᛋᛋᛖᛋ,289
helices,860524,0,ᚻᛖᛚᛁᚳᛖᛋ,327
chennai,860455,0,ᚳᚻᛖᚾᚾᚪᛁ,289
dialogic,860362,0,ᛞᛡᛚᚩᚷᛁᚳ,337
solanum,859832,0,ᛋᚩᛚᚪᚾᚢᛗ,333
subtler,859411,0,ᛋᚢᛒᛏᛚᛖᚱ,327
brazier,858858,0,ᛒᚱᚪᛋᛁᛖᚱ,331
bobbins,858814,0,ᛒᚩᛒᛒᛁᚾᛋ,303
foliated,858219,0,ᚠᚩᛚᛡᛏᛖᛞ,404
vespers,857573,0,ᚢᛖᛋᛈᛖᚱᛋ,297
hoosier,857538,0,ᚻᚩᚩᛋᛁᛖᚱ,199
bushman,857195,0,ᛒᚢᛋᚻᛗᚪᚾ,337
shankar,856775,0,ᛋᚻᚪᚾᚳᚪᚱ,323
hyperion,856714,0,ᚻᚣᛈᛖᚱᛡᚾ,383
equable,856371,0,ᛖᚳᚹᚪᛒᛚᛖ,397
portman,856266,0,ᛈᚩᚱᛏᛗᚪᚾ,317
erosive,856230,0,ᛖᚱᚩᛋᛁᚢᛖ,239
scooter,856074,0,ᛋᚳᚩᚩᛏᛖᚱ,217
placate,855465,0,ᛈᛚᚪᚳᚪᛏᛖ,449
hampering,854804,0,ᚻᚪᛗᛈᛖᚱᛝ,391
seaplane,854449,0,ᛋᛠᛈᛚᚪᚾᛖ,471
bassoon,854185,0,ᛒᚪᛋᛋᚩᚩᚾ,307
zombies,854058,0,ᛋᚩᛗᛒᛁᛖᛋ,343
sloughing,853931,0,ᛋᛚᚩᚢᚷᚻᛝ,255
ramadan,853711,0,ᚱᚪᛗᚪᛞᚪᚾ,491
palatial,852690,0,ᛈᚪᛚᚪᛏᛡᛚ,549
diatomic,852235,0,ᛞᛡᛏᚩᛗᛁᚳ,377
keratin,852067,0,ᚳᛖᚱᚪᛏᛁᚾ,307
carbine,851858,0,ᚳᚪᚱᛒᛁᚾᛖ,309
subsiding,851632,0,ᛋᚢᛒᛋᛁᛞᛝ,369
chelate,850967,0,ᚳᚻᛖᛚᚪᛏᛖ,399
bearable,850753,0,ᛒᛠᚱᚪᛒᛚᛖ,479
consign,850747,0,ᚳᚩᚾᛋᛁᚷᚾ,179
caudate,850675,0,ᚳᚪᚢᛞᚪᛏᛖ,425
expunged,850665,0,ᛖᛉᛈᚢᛝᛖᛞ,395
bindery,850060,0,ᛒᛁᚾᛞᛖᚱᚣ,391
reckons,849868,0,ᚱᛖᚳᚳᚩᚾᛋ,193
woodard,849472,0,ᚹᚩᚩᛞᚪᚱᛞ,319
mazarin,849305,0,ᛗᚪᛋᚪᚱᛁᚾ,389
macabre,848991,0,ᛗᚪᚳᚪᛒᚱᛖ,417
rationed,848574,0,ᚱᚪᛏᛡᚾᛖᛞ,459
shunted,848396,0,ᛋᚻᚢᚾᛏᛖᛞ,323
meltzer,847284,0,ᛗᛖᛚᛏᛋᛖᚱ,401
chantry,846546,0,ᚳᚻᚪᚾᛏᚱᚣ,335
sitters,846534,0,ᛋᛁᛏᛏᛖᚱᛋ,333
placers,846530,0,ᛈᛚᚪᚳᛖᚱᛋ,357
trebled,845719,0,ᛏᚱᛖᛒᛚᛖᛞ,427
cezanne,845592,0,ᚳᛖᛋᚪᚾᚾᛖ,355
reassert,845554,0,ᚱᛠᛋᛋᛖᚱᛏ,363
exciter,845540,0,ᛖᛉᚳᛁᛏᛖᚱ,295
bettering,845344,0,ᛒᛖᛏᛏᛖᚱᛝ,403
theistic,845107,0,ᚦᛖᛁᛋᛏᛁᚳ,259
drachms,844166,0,ᛞᚱᚪᚳᚻᛗᛋ,357
gauguin,843513,0,ᚷᚪᚢᚷᚢᛁᚾ,197
latches,843378,0,ᛚᚪᛏᚳᚻᛖᛋ,385
oilseed,842366,0,ᚩᛁᛚᛋᛖᛖᛞ,387
hydrous,841460,0,ᚻᚣᛞᚱᚩᚢᛋ,289
maister,841276,0,ᛗᚪᛁᛋᛏᛖᚱ,389
buckler,841227,0,ᛒᚢᚳᚳᛚᛖᚱ,241
cliches,839729,0,ᚳᛚᛁᚳᚻᛖᛋ,273
smelted,839335,0,ᛋᛗᛖᛚᛏᛖᛞ,479
foibles,838606,0,ᚠᚩᛁᛒᛚᛖᛋ,294
besieging,838475,0,ᛒᛖᛋᛁᛖᚷᛝ,375
exaction,838069,0,ᛖᛉᚪᚳᛏᛡᚾ,419
reviled,837803,0,ᚱᛖᚢᛁᛚᛖᛞ,341
kirsten,837530,0,ᚳᛁᚱᛋᛏᛖᚾ,263
valerian,837102,0,ᚢᚪᛚᛖᚱᛡᚾ,387
chimera,837089,0,ᚳᚻᛁᛗᛖᚱᚪ,313
lancers,836870,0,ᛚᚪᚾᚳᛖᚱᛋ,343
neomycin,835878,0,ᚾᛇᛗᚣᚳᛁᚾ,317
reddening,835462,0,ᚱᛖᛞᛞᛖᚾᛝ,431
skidded,835328,0,ᛋᚳᛁᛞᛞᛖᛞ,431
askance,835289,0,ᚪᛋᚳᚪᚾᚳᛖ,369
lamprey,834165,0,ᛚᚪᛗᛈᚱᛖᚣ,465
splayed,833910,0,ᛋᛈᛚᚪᚣᛖᛞ,525
cornmeal,833853,0,ᚳᚩᚱᚾᛗᛠᛚ,313
chamois,833780,0,ᚳᚻᚪᛗᚩᛁᛋ,295
spacers,833694,0,ᛋᛈᚪᚳᛖᚱᛋ,337
spearhead,833602,0,ᛋᛈᛠᚱᚻᛠᛞ,437
threshed,833279,0,ᚦᚱᛖᛋᚻᛖᛞ,315
vacuole,832965,0,ᚢᚪᚳᚢᚩᛚᛖ,263
bronzed,832936,0,ᛒᚱᚩᚾᛋᛖᛞ,317
copland,832357,0,ᚳᚩᛈᛚᚪᚾᛞ,351
satiety,830166,0,ᛋᚪᛏᛁᛖᛏᚣ,469
outages,830162,0,ᚩᚢᛏᚪᚷᛖᛋ,303
bamboos,830130,0,ᛒᚪᛗᛒᚩᚩᛋ,357
bemused,830060,0,ᛒᛖᛗᚢᛋᛖᛞ,411
hammett,829844,0,ᚻᚪᛗᛗᛖᛏᛏ,447
inboard,829343,0,ᛁᚾᛒᚩᚪᚱᛞ,325
jumpers,829238,0,ᛂᚢᛗᛈᛖᚱᛋ,285
sukarno,829172,0,ᛋᚢᚳᚪᚱᚾᚩ,213
crispin,829048,0,ᚳᚱᛁᛋᛈᛁᚾ,211
smothering,828996,0,ᛋᛗᚩᚦᛖᚱᛝ,293
audibly,828836,0,ᚪᚢᛞᛁᛒᛚᚣ,457
bagasse,828453,0,ᛒᚪᚷᚪᛋᛋᛖ,445
briefer,828155,0,ᛒᚱᛁᛖᚠᛖᚱ,250
apprise,827807,0,ᚪᛈᛈᚱᛁᛋᛖ,345
scalded,827368,0,ᛋᚳᚪᛚᛞᛖᛞ,481
badness,827301,0,ᛒᚪᛞᚾᛖᛋᛋ,449
boudoir,825347,0,ᛒᚩᚢᛞᚩᛁᚱ,209
clenching,825140,0,ᚳᛚᛖᚾᚳᚻᛝ,297
tallies,825114,0,ᛏᚪᛚᛚᛁᛖᛋ,453
octavian,825061,0,ᚩᚳᛏᚪᚢᛡᚾ,315
bimodal,825060,0,ᛒᛁᛗᚩᛞᚪᛚ,429
midtown,824928,0,ᛗᛁᛞᛏᚩᚹᚾ,305
decried,824918,0,ᛞᛖᚳᚱᛁᛖᛞ,367
nucleoli,824912,0,ᚾᚢᚳᛚᛇᛚᛁ,263
armorial,824653,0,ᚪᚱᛗᚩᚱᛡᛚ,377
harangue,824529,0,ᚻᚪᚱᚪᛝᚢᛖ,377
neoprene,824421,0,ᚾᛇᛈᚱᛖᚾᛖ,287
extents,823758,0,ᛖᛉᛏᛖᚾᛏᛋ,381
decoded,823331,0,ᛞᛖᚳᚩᛞᛖᛞ,421
fantasia,823252,0,ᚠᚪᚾᛏᚪᛋᛡ,444
strewed,823094,0,ᛋᛏᚱᛖᚹᛖᛞ,365
marvell,822947,0,ᛗᚪᚱᚢᛖᛚᛚ,395
walleye,822713,0,ᚹᚪᛚᛚᛖᚣᛖ,499
parasol,822249,0,ᛈᚪᚱᚪᛋᚩᛚ,381
voltaic,822170,0,ᚢᚩᛚᛏᚪᛁᚳ,283
mazzini,822160,0,ᛗᚪᛋᛋᛁᚾᛁ,365
sluices,821869,0,ᛋᛚᚢᛁᚳᛖᛋ,293
knesset,821517,0,ᚳᚾᛖᛋᛋᛖᛏ,341
diathesis,821395,0,ᛞᛡᚦᛖᛋᛁᛋ,405
rundown,820930,0,ᚱᚢᚾᛞᚩᚹᚾ,187
despising,820730,0,ᛞᛖᛋᛈᛁᛋᛝ,415
fielder,820582,0,ᚠᛁᛖᛚᛞᛖᚱ,340
epitaxy,820157,0,ᛖᛈᛁᛏᚪᛉᚣ,447
sorrowing,820081,0,ᛋᚩᚱᚱᚩᚹᛝ,187
sweeten,819922,0,ᛋᚹᛖᛖᛏᛖᚾ,361
herders,819868,0,ᚻᛖᚱᛞᛖᚱᛋ,321
saracen,819224,0,ᛋᚪᚱᚪᚳᛖᚾ,367
bookman,818764,0,ᛒᚩᚩᚳᛗᚪᚾ,285
berthold,818276,0,ᛒᛖᚱᚦᚩᛚᛞ,313
cuprous,818202,0,ᚳᚢᛈᚱᚩᚢᛋ,133
mourner,818125,0,ᛗᚩᚢᚱᚾᛖᚱ,199
chisels,818066,0,ᚳᚻᛁᛋᛖᛚᛋ,313
pesetas,817777,0,ᛈᛖᛋᛖᛏᚪᛋ,439
dearness,817348,0,ᛞᛠᚱᚾᛖᛋᛋ,411
caraway,817235,0,ᚳᚪᚱᚪᚹᚪᚣ,437
hillock,816678,0,ᚻᛁᛚᛚᚩᚳᚳ,233
crackle,816277,0,ᚳᚱᚪᚳᚳᛚᛖ,287
oregano,816182,0,ᚩᚱᛖᚷᚪᚾᚩ,235
whimper,816075,0,ᚹᚻᛁᛗᛈᛖᚱ,265
wakened,815441,0,ᚹᚪᚳᛖᚾᛖᛞ,381
ferrell,814981,0,ᚠᛖᚱᚱᛖᛚᛚ,304
atheneum,814681,0,ᚪᚦᛖᚾᛖᚢᛗ,339
molders,814492,0,ᛗᚩᛚᛞᛖᚱᛋ,371
ethiopians,814443,0,ᛖᚦᛡᛈᛡᚾᛋ,411
bilinear,814305,0,ᛒᛁᛚᛁᚾᛠᚱ,345
pounced,814256,0,ᛈᚩᚢᚾᚳᛖᛞ,251
patency,814217,0,ᛈᚪᛏᛖᚾᚳᚣ,411
susanne,814214,0,ᛋᚢᛋᚪᚾᚾᛖ,331
feedlot,813799,0,ᚠᛖᛖᛞᛚᚩᛏ,364
duchamp,813751,0,ᛞᚢᚳᚻᚪᛗᛈ,339
ungraded,813556,0,ᚢᛝᚱᚪᛞᛖᛞ,435
paneled,813532,0,ᛈᚪᚾᛖᛚᛖᛞ,465
levator,813369,0,ᛚᛖᚢᚪᛏᚩᚱ,317
getaway,812798,0,ᚷᛖᛏᚪᚹᚪᚣ,459
wishart,812716,0,ᚹᛁᛋᚻᚪᚱᛏ,293
restive,811984,0,ᚱᛖᛋᛏᛁᚢᛖ,291
whalers,811465,0,ᚹᚻᚪᛚᛖᚱᛋ,343
caboose,811465,0,ᚳᚪᛒᚩᚩᛋᛖ,305
daunted,811157,0,ᛞᚪᚢᚾᛏᛖᛞ,433
posturing,810798,0,ᛈᚩᛋᛏᚢᚱᛝ,255
blushes,810769,0,ᛒᛚᚢᛋᚻᛖᛋ,333
rhombic,810595,0,ᚱᚻᚩᛗᛒᛁᚳ,217
overlie,810587,0,ᚩᚢᛖᚱᛚᛁᛖ,259
batholith,809939,0,ᛒᚪᚦᚩᛚᛁᚦ,279
sidebar,809936,0,ᛋᛁᛞᛖᛒᚪᚱ,409
bazaars,809539,0,ᛒᚪᛋᚪᚪᚱᛋ,469
ferrier,808761,0,ᚠᛖᚱᚱᛁᛖᚱ,200
washout,808639,0,ᚹᚪᛋᚻᚩᚢᛏ,261
fibroid,808416,0,ᚠᛁᛒᚱᚩᛁᛞ,232
divined,808053,0,ᛞᛁᚢᛁᚾᛖᛞ,339
ironies,807528,0,ᛁᚱᚩᚾᛁᛖᛋ,229
darnell,807127,0,ᛞᚪᚱᚾᛖᛚᛚ,439
redford,805905,0,ᚱᛖᛞᚠᚩᚱᛞ,276
crunching,805438,0,ᚳᚱᚢᚾᚳᚻᛝ,171
strangling,805165,0,ᛋᛏᚱᚪᛝᛚᛝ,451
gladden,804873,0,ᚷᛚᚪᛞᛞᛖᚾ,461
hurries,804189,0,ᚻᚢᚱᚱᛁᛖᛋ,199
daimler,803958,0,ᛞᚪᛁᛗᛚᛖᚱ,439
stouter,803939,0,ᛋᛏᚩᚢᛏᛖᚱ,259
chorale,803442,0,ᚳᚻᚩᚱᚪᛚᛖ,291
reunions,802886,0,ᚱᛖᚢᚾᛡᚾᛋ,299
lawmaking,802835,0,ᛚᚪᚹᛗᚪᚳᛝ,449
firebox,802700,0,ᚠᛁᚱᛖᛒᚩᛉ,226
anatole,802675,0,ᚪᚾᚪᛏᚩᛚᛖ,429
ciphers,802653,1,ᚳᛁᛈᚻᛖᚱᛋ,241
revives,802226,0,ᚱᛖᚢᛁᚢᛖᛋ,235
stampings,801563,0,ᛋᛏᚪᛗᛈᛝᛋ,455
anguilla,801244,0,ᚪᛝᚢᛁᛚᛚᚪ,453
pledgee,801215,0,ᛈᛚᛖᛞᚷᛖᛖ,423
scabies,800689,0,ᛋᚳᚪᛒᛁᛖᛋ,375
wallach,800578,0,ᚹᚪᛚᛚᚪᚳᚻ,395
sunburn,799505,0,ᛋᚢᚾᛒᚢᚱᚾ,189
compleat,799457,0,ᚳᚩᛗᛈᛚᛠᛏ,375
ellwood,799358,0,ᛖᛚᛚᚹᚩᚩᛞ,335
pressor,799305,0,ᛈᚱᛖᛋᛋᚩᚱ,245
gastrin,799253,0,ᚷᚪᛋᛏᚱᛁᚾ,297
vesical,798896,0,ᚢᛖᛋᛁᚳᚪᛚ,337
leopards,798714,0,ᛚᛇᛈᚪᚱᛞᛋ,407
beholds,798670,0,ᛒᛖᚻᚩᛚᛞᛋ,373
seedbed,798361,0,ᛋᛖᛖᛞᛒᛖᛞ,493
dakotas,798319,0,ᛞᚪᚳᚩᛏᚪᛋ,415
unities,797725,0,ᚢᚾᛁᛏᛁᛖᛋ,273
backups,797692,0,ᛒᚪᚳᚳᚢᛈᛋ,283
asiatics,797615,0,ᚪᛋᛡᛏᛁᚳᛋ,413
falsify,797507,0,ᚠᚪᛚᛋᛁᚠᚣ,361
rosetta,797190,0,ᚱᚩᛋᛖᛏᛏᚪ,353
garbled,797163,0,ᚷᚪᚱᛒᛚᛖᛞ,415
curacao,797042,0,ᚳᚢᚱᚪᚳᚪᚩ,241
burford,796943,0,ᛒᚢᚱᚠᚩᚱᛞ,184
thinnest,796755,0,ᚦᛁᚾᚾᛖᛋᛏ,273
goodies,796648,0,ᚷᚩᚩᛞᛁᛖᛋ,271
centrum,796640,0,ᚳᛖᚾᛏᚱᚢᛗ,253
starkly,796563,0,ᛋᛏᚪᚱᚳᛚᚣ,409
pickups,796529,0,ᛈᛁᚳᚳᚢᛈᛋ,199
abashed,796029,0,ᚪᛒᚪᛋᚻᛖᛞ,487
oolitic,795227,0,ᚩᚩᛚᛁᛏᛁᚳ,221
grieves,795155,0,ᚷᚱᛁᛖᚢᛖᛋ,249
pitfall,794904,0,ᛈᛁᛏᚠᚪᛚᛚ,378
severer,794780,0,ᛋᛖᚢᛖᚱᛖᚱ,279
terrify,793778,0,ᛏᛖᚱᚱᛁᚠᚣ,284
pianists,793320,0,ᛈᛡᚾᛁᛋᛏᛋ,375
wagoner,793309,0,ᚹᚪᚷᚩᚾᛖᚱ,247
salamis,793019,0,ᛋᚪᛚᚪᛗᛁᛋ,475
deified,792756,0,ᛞᛖᛁᚠᛁᛖᛞ,376
tomkins,792572,0,ᛏᚩᛗᚳᛁᚾᛋ,263
carpels,792106,0,ᚳᚪᚱᛈᛖᛚᛋ,357
dwindle,792049,0,ᛞᚹᛁᚾᛞᛚᛖ,397
moldavia,791957,0,ᛗᚩᛚᛞᚪᚢᛡ,447
coppers,791949,0,ᚳᚩᛈᛈᛖᚱᛋ,237
vilnius,791876,0,ᚢᛁᛚᚾᛁᚢᛋ,223
mimesis,791809,0,ᛗᛁᛗᛖᛋᛁᛋ,377
caesarean,791386,0,ᚳᚫᛋᚪᚱᛠᚾ,413
lardner,790901,0,ᛚᚪᚱᛞᚾᛖᚱ,377
batista,790293,0,ᛒᚪᛏᛁᛋᛏᚪ,457
butyric,790252,0,ᛒᚢᛏᚣᚱᛁᚳ,281
contras,790236,0,ᚳᚩᚾᛏᚱᚪᛋ,269
trefoil,789927,0,ᛏᚱᛖᚠᚩᛁᛚ,250
ketchup,789822,0,ᚳᛖᛏᚳᚻᚢᛈ,221
triceps,789803,0,ᛏᚱᛁᚳᛖᛈᛋ,277
hackers,788777,0,ᚻᚪᚳᚳᛖᚱᛋ,277
elkhorn,788448,0,ᛖᛚᚳᚻᚩᚱᚾ,223
hermits,788129,0,ᚻᛖᚱᛗᛁᛏᛋ,315
hijacking,788096,0,ᚻᛁᛂᚪᚳᚳᛝ,293
bivalve,788027,0,ᛒᛁᚢᚪᛚᚢᛖ,335
betters,785799,0,ᛒᛖᛏᛏᛖᚱᛋ,377
scrapes,785615,0,ᛋᚳᚱᚪᛈᛖᛋ,337
rumpled,785588,0,ᚱᚢᛗᛈᛚᛖᛞ,357
maugham,785504,0,ᛗᚪᚢᚷᚻᚪᛗ,379
traumas,785058,0,ᛏᚱᚪᚢᛗᚪᛋ,391
bartram,784861,0,ᛒᚪᚱᛏᚱᚪᛗ,407
chicory,784756,0,ᚳᚻᛁᚳᚩᚱᚣ,201
suharto,784558,0,ᛋᚢᚻᚪᚱᛏᚩ,253
speckle,784445,0,ᛋᛈᛖᚳᚳᛚᛖ,329
honouring,784420,0,ᚻᚩᚾᚩᚢᚱᛝ,159
yankton,784331,0,ᚣᚪᚾᚳᛏᚩᚾ,337
clovers,784102,0,ᚳᛚᚩᚢᛖᚱᛋ,227
marauding,783997,0,ᛗᚪᚱᚪᚢᛞᛝ,447
shackle,783326,0,ᛋᚻᚪᚳᚳᛚᛖ,339
heartening,783276,0,ᚻᛠᚱᛏᛖᚾᛝ,377
revelry,783214,0,ᚱᛖᚢᛖᛚᚱᚣ,335
bicycling,783022,0,ᛒᛁᚳᚣᚳᛚᛝ,373
unpaved,782038,0,ᚢᚾᛈᚪᚢᛖᛞ,331
inexact,782011,0,ᛁᚾᛖᛉᚪᚳᛏ,343
khedive,782004,0,ᚳᚻᛖᛞᛁᚢᛖ,293
limiter,781528,0,ᛚᛁᛗᛁᛏᛖᚱ,343
elegies,781116,0,ᛖᛚᛖᚷᛁᛖᛋ,375
fleshly,780943,0,ᚠᛚᛖᛋᚻᛚᚣ,394
poussin,780930,0,ᛈᚩᚢᛋᛋᛁᚾ,219
quinone,780759,0,ᚳᚹᛁᚾᚩᚾᛖ,195
solvers,780263,0,ᛋᚩᛚᚢᛖᚱᛋ,267
stilted,779977,0,ᛋᛏᛁᛚᛏᛖᛞ,431
calypso,779469,0,ᚳᚪᛚᚣᛈᛋᚩ,389
fernand,779452,0,ᚠᛖᚱᚾᚪᚾᛞ,324
vaccinia,778623,0,ᚢᚪᚳᚳᛁᚾᛡ,293
oversaw,777961,0,ᚩᚢᛖᚱᛋᚪᚹ,257
hoarded,777713,0,ᚻᚩᚪᚱᛞᛖᛞ,383
kannada,777469,0,ᚳᚪᚾᚾᚪᛞᚪ,451
sierras,777324,0,ᛋᛁᛖᚱᚱᚪᛋ,323
protege,777247,0,ᛈᚱᚩᛏᛖᚷᛖ,271
cushioning,776929,0,ᚳᚢᛋᚻᛡᚾᛝ,307
rewrote,776585,0,ᚱᛖᚹᚱᚩᛏᛖ,241
hawkers,776571,0,ᚻᚪᚹᚳᛖᚱᛋ,283
dimitri,776550,0,ᛞᛁᛗᛁᛏᚱᛁ,323
leonidas,776137,0,ᛚᛇᚾᛁᛞᚪᛋ,413
acyclic,775315,0,ᚪᚳᚣᚳᛚᛁᚳ,343
yeshiva,775197,0,ᚣᛖᛋᚻᛁᚢᚪ,377
naphthol,775160,0,ᚾᚪᛈᚻᚦᚩᛚ,277
righted,773348,0,ᚱᛁᚷᚻᛏᛖᛞ,297
fingertip,773096,0,ᚠᛝᛖᚱᛏᛁᛈ,292
candace,772792,0,ᚳᚪᚾᛞᚪᚳᛖ,405
splines,772501,0,ᛋᛈᛚᛁᚾᛖᛋ,349
titrate,772405,0,ᛏᛁᛏᚱᚪᛏᛖ,383
evinces,772187,0,ᛖᚢᛁᚾᚳᛖᛋ,263
oblation,772167,0,ᚩᛒᛚᚪᛏᛡᚾ,433
baneful,771865,0,ᛒᚪᚾᛖᚠᚢᛚ,332
glottis,771772,0,ᚷᛚᚩᛏᛏᛁᛋ,299
celebes,771655,0,ᚳᛖᛚᛖᛒᛖᛋ,401
showering,771629,0,ᛋᚻᚩᚹᛖᚱᛝ,259
theosophy,771611,0,ᚦᛇᛋᚩᛈᚻᚣ,275
sobered,771298,0,ᛋᚩᛒᛖᚱᛖᛞ,355
throttling,771174,0,ᚦᚱᚩᛏᛏᛚᛝ,293
ensigns,771039,0,ᛖᚾᛋᛁᚷᚾᛋ,279
bivouac,770674,0,ᛒᛁᚢᚩᚢᚪᚳ,215
cebuano,770582,0,ᚳᛖᛒᚢᚪᚾᚩ,277
sloughs,770413,0,ᛋᛚᚩᚢᚷᚻᛋ,229
embalming,770270,0,ᛖᛗᛒᚪᛚᛗᛝ,519
affixes,770184,0,ᚪᚠᚠᛁᛉᛖᛋ,299
billowing,770049,0,ᛒᛁᛚᛚᚩᚹᛝ,343
patrice,769266,0,ᛈᚪᛏᚱᛁᚳᛖ,321
sleight,769120,0,ᛋᛚᛖᛁᚷᚻᛏ,323
jackman,769049,0,ᛂᚪᚳᚳᛗᚪᚾ,357
mildest,768961,0,ᛗᛁᛚᛞᛖᛋᛏ,443
benzine,768418,0,ᛒᛖᚾᛋᛁᚾᛖ,337
sophist,768267,0,ᛋᚩᛈᚻᛁᛋᛏ,269
outlive,767978,0,ᚩᚢᛏᛚᛁᚢᛖ,243
schloss,767814,0,ᛋᚳᚻᛚᚩᛋᛋ,275
leamington,767625,0,ᛚᛠᛗᛝᛏᚩᚾ,427
brooder,767571,0,ᛒᚱᚩᚩᛞᛖᚱ,253
resents,767361,0,ᚱᛖᛋᛖᚾᛏᛋ,339
suppers,767302,0,ᛋᚢᛈᛈᛖᚱᛋ,273
bloomer,767177,0,ᛒᛚᚩᚩᛗᛖᚱ,297
cronies,766559,0,ᚳᚱᚩᚾᛁᛖᛋ,211
garnets,766423,0,ᚷᚪᚱᚾᛖᛏᛋ,333
rhenish,766088,0,ᚱᚻᛖᚾᛁᛋᚻ,237
tenured,765510,0,ᛏᛖᚾᚢᚱᛖᛞ,325
clamoring,765413,0,ᚳᛚᚪᛗᚩᚱᛝ,351
deadwood,765032,0,ᛞᛠᛞᚹᚩᚩᛞ,409
factious,764749,0,ᚠᚪᚳᛏᛡᚢᛋ,334
jacobian,764016,0,ᛂᚪᚳᚩᛒᛡᚾ,351
trouser,763835,0,ᛏᚱᚩᚢᛋᛖᚱ,211
stepney,763276,0,ᛋᛏᛖᛈᚾᛖᚣ,421
reunite,763179,0,ᚱᛖᚢᚾᛁᛏᛖ,267
pierces,763075,0,ᛈᛁᛖᚱᚳᛖᛋ,285
bigness,762985,0,ᛒᛁᚷᚾᛖᛋᛋ,311
grahame,762897,0,ᚷᚱᚪᚻᚪᛗᛖ,383
opossum,762359,0,ᚩᛈᚩᛋᛋᚢᛗ,237
cambium,762246,0,ᚳᚪᛗᛒᛁᚢᛗ,347
allayed,761589,0,ᚪᛚᛚᚪᚣᛖᛞ,599
daedalus,760784,0,ᛞᚫᛞᚪᛚᚢᛋ,505
camelot,760729,0,ᚳᚪᛗᛖᛚᚩᛏ,387
jezebel,760149,0,ᛂᛖᛋᛖᛒᛖᛚ,425
remoter,759608,0,ᚱᛖᛗᚩᛏᛖᚱ,293
scrapping,758891,0,ᛋᚳᚱᚪᛈᛈᛝ,339
liaisons,758061,0,ᛚᛡᛁᛋᚩᚾᛋ,353
caliban,757995,0,ᚳᚪᛚᛁᛒᚪᚾ,401
enteral,757834,0,ᛖᚾᛏᛖᚱᚪᛚ,403
peevish,757099,0,ᛈᛖᛖᚢᛁᛋᚻ,287
smuggle,756785,0,ᛋᛗᚢᚷᚷᛚᛖ,301
stocker,756709,0,ᛋᛏᚩᚳᚳᛖᚱ,223
misgiving,756632,0,ᛗᛁᛋᚷᛁᚢᛝ,285
mantras,756474,0,ᛗᚪᚾᛏᚱᚪᛋ,417
fukuoka,755844,0,ᚠᚢᚳᚢᚩᚳᚪ,138
overhear,755080,0,ᚩᚢᛖᚱᚻᛠᚱ,231
vulgare,754959,0,ᚢᚢᛚᚷᚪᚱᛖ,271
demoted,754716,0,ᛞᛖᛗᚩᛏᛖᛞ,449
foothill,754383,0,ᚠᚩᚩᚦᛁᛚᛚ,198
switzer,754178,0,ᛋᚹᛁᛏᛋᛖᚱ,293
tamworth,754032,0,ᛏᚪᛗᚹᚩᚱᚦ,269
benelux,753479,0,ᛒᛖᚾᛖᛚᚢᛉ,347
cordate,753361,0,ᚳᚩᚱᛞᚪᛏᛖ,343
cremona,753265,0,ᚳᚱᛖᛗᚩᚾᚪ,295
sunsets,752912,0,ᛋᚢᚾᛋᛖᛏᛋ,317
seasonings,752838,0,ᛋᛠᛋᚩᚾᛝᛋ,383
beautify,752503,0,ᛒᛠᚢᛏᛁᚠᚣ,368
vistula,752199,0,ᚢᛁᛋᛏᚢᛚᚪ,319
burgher,752188,0,ᛒᚢᚱᚷᚻᛖᚱ,193
brutish,751924,0,ᛒᚱᚢᛏᛁᛋᚻ,241
untamed,751579,0,ᚢᚾᛏᚪᛗᛖᛞ,415
charade,751556,0,ᚳᚻᚪᚱᚪᛞᛖ,397
outdone,750776,0,ᚩᚢᛏᛞᚩᚾᛖ,261
lakshmi,750614,0,ᛚᚪᚳᛋᚻᛗᛁ,361
builded,750395,0,ᛒᚢᛁᛚᛞᛖᛞ,413
phoenicia,750339,0,ᛈᚻᛟᚾᛁᚳᛡ,329
sputnik,750156,0,ᛋᛈᚢᛏᚾᛁᚳ,231
archiving,750051,0,ᚪᚱᚳᚻᛁᚢᛝ,257
cradles,749934,0,ᚳᚱᚪᛞᛚᛖᛋ,403
hairpin,749673,0,ᚻᚪᛁᚱᛈᛁᚾ,265
eugenie,749665,0,ᛖᚢᚷᛖᚾᛁᛖ,281
pagodas,749152,0,ᛈᚪᚷᚩᛞᚪᛋ,403
macklin,749092,0,ᛗᚪᚳᚳᛚᛁᚾ,327
disband,748760,0,ᛞᛁᛋᛒᚪᚾᛞ,449
truckee,748302,0,ᛏᚱᚢᚳᚳᛖᛖ,233
essayed,748101,0,ᛖᛋᛋᚪᚣᛖᛞ,529
tympani,747364,0,ᛏᚣᛗᛈᚪᚾᛁ,433
assenting,747330,0,ᚪᛋᛋᛖᚾᛏᛝ,437
navajos,747094,0,ᚾᚪᚢᚪᛂᚩᛋ,323
franked,746762,0,ᚠᚱᚪᚾᚳᛖᛞ,308
moulder,746658,0,ᛗᚩᚢᛚᛞᛖᚱ,321
swagger,746282,0,ᛋᚹᚪᚷᚷᛖᚱ,281
blubber,745512,0,ᛒᛚᚢᛒᛒᛖᚱ,337
doorman,745341,0,ᛞᚩᚩᚱᛗᚪᚾ,311
papules,745298,0,ᛈᚪᛈᚢᛚᛖᛋ,379
pinhole,744826,0,ᛈᛁᚾᚻᚩᛚᛖ,273
cobbled,744489,0,ᚳᚩᛒᛒᛚᛖᛞ,371
resound,744460,0,ᚱᛖᛋᚩᚢᚾᛞ,259
flecked,744169,0,ᚠᛚᛖᚳᚳᛖᛞ,324
rhenium,743802,0,ᚱᚻᛖᚾᛁᚢᛗ,235
behrens,743432,0,ᛒᛖᚻᚱᛖᚾᛋ,311
panoply,743146,0,ᛈᚪᚾᚩᛈᛚᚣ,395
handset,743103,0,ᚻᚪᚾᛞᛋᛖᛏ,417
sawtooth,743016,0,ᛋᚪᚹᛏᚩᚩᚦ,247
mandala,743003,0,ᛗᚪᚾᛞᚪᛚᚪ,553
kneeled,742893,0,ᚳᚾᛖᛖᛚᛖᛞ,405
wegener,742625,0,ᚹᛖᚷᛖᚾᛖᚱ,277
shrubby,742490,0,ᛋᚻᚱᚢᛒᛒᚣ,315
reprove,742332,0,ᚱᛖᛈᚱᚩᚢᛖ,209
notepad,742299,0,ᚾᚩᛏᛖᛈᚪᛞ,391
proteid,742155,0,ᛈᚱᚩᛏᛖᛁᛞ,307
laconic,741946,0,ᛚᚪᚳᚩᚾᛁᚳ,263
pundits,741912,0,ᛈᚢᚾᛞᛁᛏᛋ,307
diastole,741700,0,ᛞᛡᛋᛏᚩᛚᛖ,455
alcalde,741433,0,ᚪᛚᚳᚪᛚᛞᛖ,509
sunbeams,741003,0,ᛋᚢᚾᛒᛠᛗᛋ,379
odorous,740951,0,ᚩᛞᚩᚱᚩᚢᛋ,177
crusted,740020,0,ᚳᚱᚢᛋᛏᛖᛞ,295
capstan,739999,0,ᚳᚪᛈᛋᛏᚪᚾ,391
arboreal,739950,0,ᚪᚱᛒᚩᚱᛠᛚ,369
wriggling,739303,0,ᚹᚱᛁᚷᚷᛚᛝ,247
scrolling,739270,0,ᛋᚳᚱᚩᛚᛚᛝ,309
crewmen,739224,0,ᚳᚱᛖᚹᛗᛖᚾ,277
lobules,739133,0,ᛚᚩᛒᚢᛚᛖᛋ,337
whisker,738519,0,ᚹᚻᛁᛋᚳᛖᚱ,217
seceded,738244,0,ᛋᛖᚳᛖᛞᛖᛞ,445
unheated,737309,0,ᚢᚾᚻᛠᛏᛖᛞ,379
swifter,737042,0,ᛋᚹᛁᚠᛏᛖᚱ,242
huygens,736939,0,ᚻᚢᚣᚷᛖᚾᛋ,295
massaging,736561,0,ᛗᚪᛋᛋᚪᚷᛝ,467
remover,736277,0,ᚱᛖᛗᚩᚢᛖᚱ,237
sputter,736178,0,ᛋᛈᚢᛏᛏᛖᚱ,295
margate,736150,0,ᛗᚪᚱᚷᚪᛏᛖ,419
naivete,735675,0,ᚾᚪᛁᚢᛖᛏᛖ,353
buttery,735647,0,ᛒᚢᛏᛏᛖᚱᚣ,363
variably,735590,0,ᚢᚪᚱᛡᛒᛚᚣ,455
dumplings,735531,0,ᛞᚢᛗᛈᛚᛝᛋ,411
sealants,735379,0,ᛋᛠᛚᚪᚾᛏᛋ,473
paulina,735155,0,ᛈᚪᚢᛚᛁᚾᚪ,373
spengler,734972,0,ᛋᛈᛖᛝᛚᛖᚱ,393
rectors,734958,0,ᚱᛖᚳᛏᚩᚱᛋ,221
streamer,734829,0,ᛋᛏᚱᛠᛗᛖᚱ,381
invents,734385,0,ᛁᚾᚢᛖᚾᛏᛋ,271
scepter,734197,0,ᛋᚳᛖᛈᛏᛖᚱ,313
ungainly,734196,0,ᚢᛝᚪᛁᚾᛚᚣ,415
bayreuth,733789,0,ᛒᚪᚣᚱᛖᚢᚦ,347
nicolai,733517,0,ᚾᛁᚳᚩᛚᚪᛁ,281
jostled,733407,0,ᛂᚩᛋᛏᛚᛖᛞ,385
sorbent,733204,0,ᛋᚩᚱᛒᛖᚾᛏ,287
blesses,733133,0,ᛒᛚᛖᛋᛋᛖᛋ,427
misreading,732906,0,ᛗᛁᛋᚱᛠᛞᛝ,443
tarnish,732597,0,ᛏᚪᚱᚾᛁᛋᚻ,303
rawhide,732453,0,ᚱᚪᚹᚻᛁᛞᛖ,337
coursed,732237,0,ᚳᚩᚢᚱᛋᛖᛞ,243
quintal,732093,0,ᚳᚹᛁᚾᛏᚪᛚ,321
puerile,732072,0,ᛈᚢᛖᚱᛁᛚᛖ,295
baleful,731822,0,ᛒᚪᛚᛖᚠᚢᛚ,376
cruised,731344,0,ᚳᚱᚢᛁᛋᛖᛞ,267
slovene,731318,0,ᛋᛚᚩᚢᛖᚾᛖ,299
casters,731316,0,ᚳᚪᛋᛏᛖᚱᛋ,353
camellia,731269,0,ᚳᚪᛗᛖᛚᛚᛡ,501
deathless,731105,0,ᛞᛠᚦᛚᛖᛋᛋ,449
rinaldo,730646,0,ᚱᛁᚾᚪᛚᛞᚩ,337
nibbled,730339,0,ᚾᛁᛒᛒᛚᛖᛞ,411
drummed,730127,0,ᛞᚱᚢᛗᛗᛖᛞ,401
manatee,729944,0,ᛗᚪᚾᚪᛏᛖᛖ,487
smithers,729879,0,ᛋᛗᛁᚦᛖᚱᛋ,291
utensil,729495,0,ᚢᛏᛖᚾᛋᛁᛚ,315
dimples,729327,0,ᛞᛁᛗᛈᛚᛖᛋ,427
scuffle,728651,0,ᛋᚳᚢᚠᚠᛚᛖ,213
nuptials,728634,0,ᚾᚢᛈᛏᛡᛚᛋ,367
latched,728455,0,ᛚᚪᛏᚳᚻᛖᛞ,421
upfront,727913,0,ᚢᛈᚠᚱᚩᚾᛏ,154
upriver,727908,0,ᚢᛈᚱᛁᚢᛖᚱ,169
rydberg,726666,0,ᚱᚣᛞᛒᛖᚱᚷ,359
alkenes,726212,0,ᚪᛚᚳᛖᚾᛖᛋ,399
vouched,726054,0,ᚢᚩᚢᚳᚻᛖᛞ,205
squeaked,725919,0,ᛋᚳᚹᛠᚳᛖᛞ,363
quelled,725810,0,ᚳᚹᛖᛚᛚᛖᛞ,401
ludgate,725806,0,ᛚᚢᛞᚷᚪᛏᛖ,405
couture,725524,0,ᚳᚩᚢᛏᚢᚱᛖ,163
monolith,725432,0,ᛗᚩᚾᚩᛚᛁᚦ,223
armoury,725205,0,ᚪᚱᛗᚩᚢᚱᚣ,303
mordant,725178,0,ᛗᚩᚱᛞᚪᚾᛏ,363
equalling,725021,0,ᛖᚳᚹᚪᛚᛚᛝ,421
refilling,724577,0,ᚱᛖᚠᛁᛚᛚᛝ,336
splices,724266,0,ᛋᛈᛚᛁᚳᛖᛋ,333
overhung,724191,0,ᚩᚢᛖᚱᚻᚢᛝ,193
marianas,723888,0,ᛗᚪᚱᛡᚾᚪᛋ,465
crushes,723827,0,ᚳᚱᚢᛋᚻᛖᛋ,223
fiercer,723588,0,ᚠᛁᛖᚱᚳᛖᚱ,202
marquee,723553,0,ᛗᚪᚱᚳᚹᛖᛖ,345
volleys,723161,0,ᚢᚩᛚᛚᛖᚣᛋ,379
melchior,723143,0,ᛗᛖᛚᚳᚻᛡᚱ,365
tilbury,722708,0,ᛏᛁᛚᛒᚢᚱᚣ,341
hedonic,721557,0,ᚻᛖᛞᚩᚾᛁᚳ,259
bellman,721253,0,ᛒᛖᛚᛚᛗᚪᚾ,471
barytes,721245,0,ᛒᚪᚱᚣᛏᛖᛋ,451
finches,721113,0,ᚠᛁᚾᚳᚻᛖᛋ,218
townley,721057,0,ᛏᚩᚹᚾᛚᛖᚣ,357
driller,720913,0,ᛞᚱᛁᛚᛚᛖᚱ,355
tijuana,720763,0,ᛏᛁᛂᚢᚪᚾᚪ,353
myopathy,720752,0,ᛗᚣᚩᛈᚪᚦᚣ,429
slovaks,720737,0,ᛋᛚᚩᚢᚪᚳᛋ,299
chechen,720557,0,ᚳᚻᛖᚳᚻᛖᚾ,235
hanbury,720456,0,ᚻᚪᚾᛒᚢᚱᚣ,327
squirming,720426,0,ᛋᚳᚹᛁᚱᛗᛝ,277
arcadian,720329,0,ᚪᚱᚳᚪᛞᛡᚾ,443
namibian,720203,0,ᚾᚪᛗᛁᛒᛡᚾ,425
mencius,720012,0,ᛗᛖᚾᚳᛁᚢᛋ,267
slacken,719824,0,ᛋᛚᚪᚳᚳᛖᚾ,345
pinches,719657,0,ᛈᛁᚾᚳᚻᛖᛋ,259
padlock,719620,0,ᛈᚪᛞᛚᚩᚳᚳ,335
blithely,719541,0,ᛒᛚᛁᚦᛖᛚᚣ,413
meanders,719406,0,ᛗᛠᚾᛞᛖᚱᛋ,429
platted,719126,0,ᛈᛚᚪᛏᛏᛖᛞ,487
ambrosia,718715,0,ᚪᛗᛒᚱᚩᛋᛡ,407
abraded,718594,0,ᚪᛒᚱᚪᛞᛖᛞ,511
ergodic,718339,0,ᛖᚱᚷᚩᛞᛁᚳ,235
theocracy,718314,0,ᚦᛇᚳᚱᚪᚳᚣ,283
croquet,717992,0,ᚳᚱᚩᚳᚹᛖᛏ,189
piquant,717760,0,ᛈᛁᚳᚹᚪᚾᛏ,291
shimmer,717336,0,ᛋᚻᛁᛗᛗᛖᚱ,327
kiwanis,716907,0,ᚳᛁᚹᚪᚾᛁᛋ,273
veritas,716884,0,ᚢᛖᚱᛁᛏᚪᛋ,321
listeria,716455,0,ᛚᛁᛋᛏᛖᚱᛡ,401
excises,716276,0,ᛖᛉᚳᛁᛋᛖᛋ,331
bitters,716232,0,ᛒᛁᛏᛏᛖᚱᛋ,341
latrine,716113,0,ᛚᚪᛏᚱᛁᚾᛖ,367
obviates,716017,0,ᚩᛒᚢᛡᛏᛖᛋ,357
corsets,715708,0,ᚳᚩᚱᛋᛖᛏᛋ,263
tequila,715688,0,ᛏᛖᚳᚹᛁᛚᚪ,359
remanding,715588,0,ᚱᛖᛗᚪᚾᛞᛝ,443
ashtray,715407,0,ᚪᛋᚻᛏᚱᚪᚣ,443
rustled,714899,0,ᚱᚢᛋᛏᛚᛖᛞ,355
poached,714583,0,ᛈᚩᚪᚳᚻᛖᛞ,339
impaled,714446,0,ᛁᛗᛈᚪᛚᛖᛞ,471
scrooge,714193,0,ᛋᚳᚱᚩᚩᚷᛖ,175
tadpole,713878,0,ᛏᚪᛞᛈᚩᛚᛖ,435
sextant,713512,0,ᛋᛖᛉᛏᚪᚾᛏ,411
peacocks,713471,0,ᛈᛠᚳᚩᚳᚳᛋ,251
mestizo,713166,0,ᛗᛖᛋᛏᛁᛋᚩ,341
unwitting,712882,0,ᚢᚾᚹᛁᛏᛏᛝ,279
signage,712845,0,ᛋᛁᚷᚾᚪᚷᛖ,311
acrobat,712649,0,ᚪᚳᚱᚩᛒᚪᛏ,345
goblins,712544,0,ᚷᚩᛒᛚᛁᚾᛋ,271
sledges,712485,0,ᛋᛚᛖᛞᚷᛖᛋ,419
swapped,712202,0,ᛋᚹᚪᛈᛈᛖᛞ,411
apologia,711229,0,ᚪᛈᚩᛚᚩᚷᛡ,351
inflating,711144,0,ᛁᚾᚠᛚᚪᛏᛝ,370
burdening,711110,0,ᛒᚢᚱᛞᛖᚾᛝ,339
hadrons,711079,0,ᚻᚪᛞᚱᚩᚾᛋ,309
thresher,710808,0,ᚦᚱᛖᛋᚻᛖᚱ,237
dimness,710620,0,ᛞᛁᛗᚾᛖᛋᛋ,393
diviner,710600,0,ᛞᛁᚢᛁᚾᛖᚱ,261
regatta,710547,0,ᚱᛖᚷᚪᛏᛏᚪ,407
potassa,709598,0,ᛈᚩᛏᚪᛋᛋᚪ,409
gautama,709221,0,ᚷᚪᚢᛏᚪᛗᚪ,441
cheeked,709211,0,ᚳᚻᛖᛖᚳᛖᛞ,339
overran,708998,0,ᚩᚢᛖᚱᚱᚪᚾ,225
midlife,708966,0,ᛗᛁᛞᛚᛁᚠᛖ,364
daycare,708876,0,ᛞᚪᚣᚳᚪᚱᛖ,477
twirled,708730,0,ᛏᚹᛁᚱᛚᛖᛞ,349
tersely,708445,0,ᛏᛖᚱᛋᛖᛚᚣ,433
sommers,708135,0,ᛋᚩᛗᛗᛖᚱᛋ,333
suburbia,707690,0,ᛋᚢᛒᚢᚱᛒᛡ,299
onetime,707459,0,ᚩᚾᛖᛏᛁᛗᛖ,331
quilted,707404,0,ᚳᚹᛁᛚᛏᛖᛞ,351
clarice,707197,0,ᚳᛚᚪᚱᛁᚳᛖ,305
regulus,706768,0,ᚱᛖᚷᚢᛚᚢᛋ,227
cyclist,705646,0,ᚳᚣᚳᛚᛁᛋᛏ,345
revenged,705544,0,ᚱᛖᚢᛖᛝᛖᛞ,383
aircrew,705479,0,ᚪᛁᚱᚳᚱᛖᚹ,249
burette,705455,0,ᛒᚢᚱᛖᛏᛏᛖ,327
lustful,705362,0,ᛚᚢᛋᛏᚠᚢᛚ,266
boarder,705238,0,ᛒᚩᚪᚱᛞᛖᚱ,343
atelier,704951,0,ᚪᛏᛖᛚᛁᛖᚱ,405
halcyon,704746,0,ᚻᚪᛚᚳᚣᚩᚾ,345
millionth,704680,0,ᛗᛁᛚᛚᛡᚾᚦ,389
dreamily,704574,0,ᛞᚱᛠᛗᛁᛚᚣ,487
fixated,704056,0,ᚠᛁᛉᚪᛏᛖᛞ,392
pentane,703814,0,ᛈᛖᚾᛏᚪᚾᛖ,391
deposes,703525,0,ᛞᛖᛈᚩᛋᛖᛋ,379
ruffles,703338,0,ᚱᚢᚠᚠᛚᛖᛋ,211
impelling,702490,0,ᛁᛗᛈᛖᛚᛚᛝ,437
pyrrhus,702394,0,ᛈᚣᚱᚱᚻᚢᛋ,247
damsels,702231,0,ᛞᚪᛗᛋᛖᛚᛋ,503
extolling,701907,0,ᛖᛉᛏᚩᛚᛚᛝ,405
kennard,701623,0,ᚳᛖᚾᚾᚪᚱᛞ,335
inglorious,701623,0,ᛝᛚᚩᚱᛡᚢᛋ,333
blandly,701500,0,ᛒᛚᚪᚾᛞᛚᚣ,525
evasions,701426,0,ᛖᚢᚪᛋᛡᚾᛋ,409
culturing,701299,0,ᚳᚢᛚᛏᚢᚱᛝ,241
tramped,700910,0,ᛏᚱᚪᛗᛈᛖᛞ,437
swindle,700474,0,ᛋᚹᛁᚾᛞᛚᛖ,361
fretful,700338,0,ᚠᚱᛖᛏᚠᚢᛚ,217
rescuer,700032,0,ᚱᛖᛋᚳᚢᛖᚱ,225
disavow,699679,0,ᛞᛁᛋᚪᚢᚩᚹ,299
aconite,698338,0,ᚪᚳᚩᚾᛁᛏᛖ,303
forages,698324,0,ᚠᚩᚱᚪᚷᛖᛋ,254
forsaking,697840,0,ᚠᚩᚱᛋᚪᚳᛝ,262
spelman,697041,0,ᛋᛈᛖᛚᛗᚪᚾ,433
uveitis,696529,0,ᚢᚢᛖᛁᛏᛁᛋ,247
fleshed,696157,0,ᚠᛚᛖᛋᚻᛖᛞ,374
pillory,696020,0,ᛈᛁᛚᛚᚩᚱᚣ,341
panelling,695688,0,ᛈᚪᚾᛖᛚᛚᛝ,461
timbering,695520,0,ᛏᛁᛗᛒᛖᚱᛝ,379
outhouse,695410,0,ᚩᚢᚦᚩᚢᛋᛖ,145
coolest,694961,0,ᚳᚩᚩᛚᛖᛋᛏ,279
playthings,694853,0,ᛈᛚᚪᚣᚦᛝᛋ,453
seaweeds,694830,0,ᛋᛠᚹᛖᛖᛞᛋ,457
hardman,694751,0,ᚻᚪᚱᛞᛗᚪᚾ,417
beguile,694607,0,ᛒᛖᚷᚢᛁᛚᛖ,319
recasting,694572,0,ᚱᛖᚳᚪᛋᛏᛝ,379
orogeny,694161,0,ᚩᚱᚩᚷᛖᚾᚣ,241
cursive,693783,0,ᚳᚢᚱᛋᛁᚢᛖ,181
unsealed,693694,0,ᚢᚾᛋᛠᛚᛖᛞ,423
fielded,693299,0,ᚠᛁᛖᛚᛞᛖᛞ,418
adaptor,692803,0,ᚪᛞᚪᛈᛏᚩᚱ,403
moselle,692615,0,ᛗᚩᛋᛖᛚᛚᛖ,411
sallied,692381,0,ᛋᚪᛚᛚᛁᛖᛞ,483
excepts,692093,0,ᛖᛉᚳᛖᛈᛏᛋ,349
fulvous,691822,0,ᚠᚢᛚᚢᚩᚢᛋ,144
wrinkling,691465,0,ᚹᚱᛁᚾᚳᛚᛝ,255
fictive,690932,0,ᚠᛁᚳᛏᛁᚢᛖ,206
cranked,690693,0,ᚳᚱᚪᚾᚳᛖᛞ,319
missive,690069,0,ᛗᛁᛋᛋᛁᚢᛖ,309
cheever,689576,0,ᚳᚻᛖᛖᚢᛖᚱ,251
gromyko,689496,0,ᚷᚱᚩᛗᚣᚳᚩ,229
sterols,689403,0,ᛋᛏᛖᚱᚩᛚᛋ,323
biplane,689109,0,ᛒᛁᛈᛚᚪᚾᛖ,401
embossing,689074,0,ᛖᛗᛒᚩᛋᛋᛝ,391
raceway,688816,0,ᚱᚪᚳᛖᚹᚪᚣ,407
negates,688461,0,ᚾᛖᚷᚪᛏᛖᛋ,389
quipped,688422,0,ᚳᚹᛁᛈᛈᛖᛞ,305
opposer,688393,0,ᚩᛈᛈᚩᛋᛖᚱ,231
diverts,686886,0,ᛞᛁᚢᛖᚱᛏᛋ,313
bicolor,686788,0,ᛒᛁᚳᚩᛚᚩᚱ,203
quibble,686489,0,ᚳᚹᛁᛒᛒᛚᛖ,325
bauhaus,686300,0,ᛒᚪᚢᚻᚪᚢᛋ,337
exhorts,686200,0,ᛖᛉᚻᚩᚱᛏᛋ,267
charmer,686015,0,ᚳᚻᚪᚱᛗᛖᚱ,293
heptane,686000,0,ᚻᛖᛈᛏᚪᚾᛖ,385
broglie,685457,0,ᛒᚱᚩᚷᛚᛁᛖ,267
shechem,685420,0,ᛋᚻᛖᚳᚻᛖᛗ,317
tempter,685374,0,ᛏᛖᛗᛈᛏᛖᚱ,377
portent,685233,0,ᛈᚩᚱᛏᛖᚾᛏ,275
remarry,685100,0,ᚱᛖᛗᚪᚱᚱᚣ,371
amphibia,682704,0,ᚪᛗᛈᚻᛁᛒᛡ,433
strivings,682268,0,ᛋᛏᚱᛁᚢᛝᛋ,289
emulating,682222,0,ᛖᛗᚢᛚᚪᛏᛝ,449
furthers,682109,0,ᚠᚢᚱᚦᛖᚱᛋ,152
eysenck,681992,0,ᛖᚣᛋᛖᚾᚳᚳ,345
famille,681669,0,ᚠᚪᛗᛁᛚᛚᛖ,414
endymion,681386,0,ᛖᚾᛞᚣᛗᛡᚾ,495
hippies,681070,0,ᚻᛁᛈᛈᛁᛖᛋ,291
haitians,680985,0,ᚻᚪᛁᛏᛡᚾᛋ,399
scuttle,680937,0,ᛋᚳᚢᛏᛏᛚᛖ,327
oakwood,680163,0,ᚩᚪᚳᚹᚩᚩᛞ,239
drenching,680024,0,ᛞᚱᛖᚾᚳᚻᛝ,311
gossips,679822,0,ᚷᚩᛋᛋᛁᛈᛋ,257
despots,679611,0,ᛞᛖᛋᛈᚩᛏᛋ,371
sunfish,679376,0,ᛋᚢᚾᚠᛁᛋᚻ,194
turners,679281,0,ᛏᚢᚱᚾᛖᚱᛋ,233
vegetal,678661,0,ᚢᛖᚷᛖᛏᚪᛚ,383
tallied,678265,0,ᛏᚪᛚᛚᛁᛖᛞ,489
barrens,678260,0,ᛒᚪᚱᚱᛖᚾᛋ,329
matinee,677958,0,ᛗᚪᛏᛁᚾᛖᛖ,421
goldwyn,677826,0,ᚷᚩᛚᛞᚹᚣᚾ,337
clothier,677684,0,ᚳᛚᚩᚦᛁᛖᚱ,207
headship,677165,0,ᚻᛠᛞᛋᚻᛁᛈ,371
prolongs,676968,0,ᛈᚱᚩᛚᚩᛝᛋ,273
blowout,676921,0,ᛒᛚᚩᚹᚩᚢᛏ,229
connate,676705,0,ᚳᚩᚾᚾᚪᛏᛖ,301
diplopia,676683,0,ᛞᛁᛈᛚᚩᛈᛡ,393
infects,676385,0,ᛁᚾᚠᛖᚳᛏᛋ,254
seabirds,676255,0,ᛋᛠᛒᛁᚱᛞᛋ,407
ennobling,676245,0,ᛖᚾᚾᚩᛒᛚᛝ,345
earthworm,675981,0,ᛠᚱᚦᚹᚩᚱᛗ,233
palfrey,675598,0,ᛈᚪᛚᚠᚱᛖᚣ,396
sallies,675144,0,ᛋᚪᛚᛚᛁᛖᛋ,447
overman,675011,0,ᚩᚢᛖᚱᛗᚪᚾ,285
nonionic,674769,0,ᚾᚩᚾᛡᚾᛁᚳ,245
southard,674464,0,ᛋᚩᚢᚦᚪᚱᛞ,265
reenter,674338,0,ᚱᛖᛖᚾᛏᛖᚱ,311
unnerving,674279,0,ᚢᚾᚾᛖᚱᚢᛝ,221
jockeys,674174,0,ᛂᚩᚳᚳᛖᚣᛋ,293
gizzard,673654,0,ᚷᛁᛋᛋᚪᚱᛞ,351
clotted,673636,0,ᚳᛚᚩᛏᛏᛖᛞ,367
globule,673397,0,ᚷᛚᚩᛒᚢᛚᛖ,301
whitening,673389,0,ᚹᚻᛁᛏᛖᚾᛝ,307
jodhpur,673320,0,ᛂᚩᛞᚻᛈᚢᚱ,213
chancre,673200,0,ᚳᚻᚪᚾᚳᚱᛖ,253
sapporo,672836,0,ᛋᚪᛈᛈᚩᚱᚩ,261
bristly,672478,0,ᛒᚱᛁᛋᛏᛚᚣ,391
showman,672293,0,ᛋᚻᚩᚹᛗᚪᚾ,299
coppice,671849,0,ᚳᚩᛈᛈᛁᚳᛖ,217
birches,671600,0,ᛒᛁᚱᚳᚻᛖᛋ,259
figural,671556,0,ᚠᛁᚷᚢᚱᚪᛚ,234
ragtime,671294,0,ᚱᚪᚷᛏᛁᛗᛖ,353
cookers,670945,0,ᚳᚩᚩᚳᛖᚱᛋ,171
wiggled,670855,0,ᚹᛁᚷᚷᛚᛖᛞ,313
skyward,670813,0,ᛋᚳᚣᚹᚪᚱᛞ,385
presage,670476,0,ᛈᚱᛖᛋᚪᚷᛖ,355
silesian,670080,0,ᛋᛁᛚᛖᛋᛡᚾ,413
abyssal,669672,0,ᚪᛒᚣᛋᛋᚪᛚ,537
hashish,669431,0,ᚻᚪᛋᚻᛁᛋᚻ,303
pontius,669369,0,ᛈᚩᚾᛏᛁᚢᛋ,225
impeaching,669103,0,ᛁᛗᛈᛠᚳᚻᛝ,369
piglets,668999,0,ᛈᛁᚷᛚᛖᛏᛋ,343
fevered,668996,0,ᚠᛖᚢᛖᚱᛖᛞ,306
septate,668813,0,ᛋᛖᛈᛏᚪᛏᛖ,445
tarried,668173,0,ᛏᚪᚱᚱᛁᛖᛞ,365
baronial,667149,0,ᛒᚪᚱᚩᚾᛡᛚ,385
housman,666919,0,ᚻᚩᚢᛋᛗᚪᚾ,283
prebend,666838,0,ᛈᚱᛖᛒᛖᚾᛞ,367
formica,666723,0,ᚠᚩᚱᛗᛁᚳᚪ,232
reordering,666474,0,ᚱᛇᚱᛞᛖᚱᛝ,309
cropper,666078,0,ᚳᚱᚩᛈᛈᛖᚱ,195
dampening,665723,0,ᛞᚪᛗᛈᛖᚾᛝ,475
mitzvah,665196,0,ᛗᛁᛏᛋᚢᚪᚻ,337
armpits,664785,0,ᚪᚱᛗᛈᛁᛏᛋ,365
akkadian,664761,0,ᚪᚳᚳᚪᛞᛡᚾ,445
divorcing,664573,0,ᛞᛁᚢᚩᚱᚳᛝ,233
codices,664244,0,ᚳᚩᛞᛁᚳᛖᛋ,273
triples,664197,0,ᛏᚱᛁᛈᛚᛖᛋ,337
jeweled,664018,0,ᛂᛖᚹᛖᛚᛖᛞ,419
buckram,663981,0,ᛒᚢᚳᚳᚱᚪᛗ,269
unbending,663957,0,ᚢᚾᛒᛖᚾᛞᛝ,357
hafnium,663833,0,ᚻᚪᚠᚾᛁᚢᛗ,256
ugandan,663456,0,ᚢᚷᚪᚾᛞᚪᚾ,361
fatness,663200,0,ᚠᚪᛏᚾᛖᛋᛋ,360
rushdie,663175,0,ᚱᚢᛋᚻᛞᛁᛖ,277
kingstown,663024,0,ᚳᛝᛋᛏᚩᚹᚾ,259
cypriots,662819,0,ᚳᚣᛈᚱᛡᛏᛋ,389
fermions,662772,0,ᚠᛖᚱᛗᛡᚾᛋ,340
thrasher,662530,0,ᚦᚱᚪᛋᚻᛖᚱ,267
reducer,662344,0,ᚱᛖᛞᚢᚳᛖᚱ,261
allelic,662335,0,ᚪᛚᛚᛖᛚᛁᚳ,427
tallinn,661819,0,ᛏᚪᛚᛚᛁᚾᚾ,391
inducer,661690,0,ᛁᚾᛞᚢᚳᛖᚱ,243
baseman,661502,0,ᛒᚪᛋᛖᛗᚪᚾ,475
flushes,661461,0,ᚠᛚᚢᛋᚻᛖᛋ,274
blacked,661371,0,ᛒᛚᚪᚳᚳᛖᛞ,413
aliment,661208,0,ᚪᛚᛁᛗᛖᚾᛏ,427
georgians,660569,0,ᚷᛇᚱᚷᛡᚾᛋ,275
unleaded,659427,0,ᚢᚾᛚᛠᛞᛖᛞ,459
smilingly,659385,0,ᛋᛗᛁᛚᛝᛚᚣ,483
mutable,659244,0,ᛗᚢᛏᚪᛒᛚᛖ,431
ascents,659117,0,ᚪᛋᚳᛖᚾᛏᛋ,371
joinery,659047,0,ᛂᚩᛁᚾᛖᚱᚣ,285
khalifa,658970,0,ᚳᚻᚪᛚᛁᚠᚪ,336
corrode,658672,0,ᚳᚩᚱᚱᚩᛞᛖ,205
tranche,658442,0,ᛏᚱᚪᚾᚳᚻᛖ,299
tatters,658141,0,ᛏᚪᛏᛏᛖᚱᛋ,405
bursary,658050,0,ᛒᚢᚱᛋᚪᚱᚣ,339
patties,658013,0,ᛈᚪᛏᛏᛁᛖᛋ,409
girdles,657805,0,ᚷᛁᚱᛞᛚᛖᛋ,341
micelle,656870,0,ᛗᛁᚳᛖᛚᛚᛖ,395
caliphs,656167,0,ᚳᚪᛚᛁᛈᚻᛋ,333
zambezi,655572,0,ᛋᚪᛗᛒᛖᛋᛁ,433
marissa,655431,0,ᛗᚪᚱᛁᛋᛋᚪ,413
shoveling,654891,0,ᛋᚻᚩᚢᛖᛚᛝ,305
misrule,654354,0,ᛗᛁᛋᚱᚢᛚᛖ,309
chalked,654247,0,ᚳᚻᚪᛚᚳᛖᛞ,375
imperil,654142,0,ᛁᛗᛈᛖᚱᛁᛚ,327
liminal,653706,0,ᛚᛁᛗᛁᚾᚪᛚ,405
reenact,653410,0,ᚱᛖᛖᚾᚪᚳᛏ,343
arabians,653305,0,ᚪᚱᚪᛒᛡᚾᛋ,455
harrows,652634,0,ᚻᚪᚱᚱᚩᚹᛋ,221
downers,652589,0,ᛞᚩᚹᚾᛖᚱᛋ,275
dappled,652575,0,ᛞᚪᛈᛈᛚᛖᛞ,501
devolving,652566,0,ᛞᛖᚢᚩᛚᚢᛝ,321
adaption,652461,0,ᚪᛞᚪᛈᛏᛡᚾ,521
pleiades,652380,0,ᛈᛚᛖᛡᛞᛖᛋ,499
glenoid,652198,0,ᚷᛚᛖᚾᚩᛁᛞ,313
outturn,652170,0,ᚩᚢᛏᛏᚢᚱᚾ,171
comport,652138,0,ᚳᚩᛗᛈᚩᚱᛏ,211
resenting,652063,0,ᚱᛖᛋᛖᚾᛏᛝ,365
geysers,652020,0,ᚷᛖᚣᛋᛖᚱᛋ,371
peroneal,652017,0,ᛈᛖᚱᚩᚾᛠᛚ,339
urinate,651793,0,ᚢᚱᛁᚾᚪᛏᛖ,297
stapled,651580,0,ᛋᛏᚪᛈᛚᛖᛞ,481
erastus,651347,0,ᛖᚱᚪᛋᛏᚢᛋ,343
talkers,651198,0,ᛏᚪᛚᚳᛖᚱᛋ,373
rebukes,651173,0,ᚱᛖᛒᚢᚳᛖᛋ,275
besetting,651153,0,ᛒᛖᛋᛖᛏᛏᛝ,445
xanthine,651150,0,ᛉᚪᚾᚦᛁᚾᛖ,305
alleluia,650669,0,ᚪᛚᛚᛖᛚᚢᛡ,493
legibly,650556,0,ᛚᛖᚷᛁᛒᛚᚣ,425
taylors,650510,0,ᛏᚪᚣᛚᚩᚱᛋ,403
excrete,650458,0,ᛖᛉᚳᚱᛖᛏᛖ,331
eddington,650337,0,ᛖᛞᛞᛝᛏᚩᚾ,419
windhoek,650024,0,ᚹᛁᚾᛞᚻᛟᚳ,287
rackets,649926,0,ᚱᚪᚳᚳᛖᛏᛋ,313
bounden,649814,0,ᛒᚩᚢᚾᛞᛖᚾ,285
rubbery,649739,0,ᚱᚢᛒᛒᛖᚱᚣ,317
croaked,649172,0,ᚳᚱᚩᚪᚳᛖᛞ,297
mascara,648576,0,ᛗᚪᛋᚳᚪᚱᚪ,439
laptops,648387,0,ᛚᚪᛈᛏᚩᛈᛋ,375
stationing,648294,0,ᛋᛏᚪᛏᛡᚾᛝ,483
wrappings,648138,0,ᚹᚱᚪᛈᛈᛝᛋ,345
carters,647966,0,ᚳᚪᚱᛏᛖᚱᛋ,311
intoned,647945,0,ᛁᚾᛏᚩᚾᛖᛞ,311
hatreds,647804,0,ᚻᚪᛏᚱᛖᛞᛋ,399
crookes,647570,0,ᚳᚱᚩᚩᚳᛖᛋ,171
trisomy,647428,0,ᛏᚱᛁᛋᚩᛗᚣ,335
butters,646410,0,ᛒᚢᛏᛏᛖᚱᛋ,313
coffees,645862,0,ᚳᚩᚠᚠᛖᛖᛋ,211
brusque,644785,0,ᛒᚱᚢᛋᚳᚹᛖ,227
abalone,644041,0,ᚪᛒᚪᛚᚩᚾᛖ,431
candied,643484,0,ᚳᚪᚾᛞᛁᛖᛞ,415
connote,643291,0,ᚳᚩᚾᚾᚩᛏᛖ,211
puccini,642355,0,ᛈᚢᚳᚳᛁᚾᛁ,163
taurine,642280,0,ᛏᚪᚢᚱᛁᚾᛖ,297
goblets,642012,0,ᚷᚩᛒᛚᛖᛏᛋ,337
gruffly,641666,0,ᚷᚱᚢᚠᚠᛚᚣ,211
verbiage,641639,0,ᚢᛖᚱᛒᛡᚷᛖ,333
delimit,641459,0,ᛞᛖᛚᛁᛗᛁᛏ,421
wrathful,641326,0,ᚹᚱᚪᚦᚠᚢᛚ,210
ravishing,640762,0,ᚱᚪᚢᛁᛋᚻᛝ,297
abidjan,640323,0,ᚪᛒᛁᛞᛂᚪᚾ,441
savoury,640294,0,ᛋᚪᚢᚩᚢᚱᚣ,277
humdrum,639891,0,ᚻᚢᛗᛞᚱᚢᛗ,271
nephron,639531,0,ᚾᛖᛈᚻᚱᚩᚾ,209
mailers,639498,0,ᛗᚪᛁᛚᛖᚱᛋ,403
vickery,639216,0,ᚢᛁᚳᚳᛖᚱᚣ,241
nitrile,638893,0,ᚾᛁᛏᚱᛁᛚᛖ,301
reloading,638559,0,ᚱᛖᛚᚩᚪᛞᛝ,423
baptizing,638232,0,ᛒᚪᛈᛏᛁᛋᛝ,423
mottles,638186,0,ᛗᚩᛏᛏᛚᛖᛋ,389
scherzo,638076,0,ᛋᚳᚻᛖᚱᛋᚩ,227
deforming,637977,0,ᛞᛖᚠᚩᚱᛗᛝ,326
inhaler,637882,0,ᛁᚾᚻᚪᛚᛖᚱ,331
tattooing,637526,0,ᛏᚪᛏᛏᚩᚩᛝ,367
scooted,637506,0,ᛋᚳᚩᚩᛏᛖᛞ,295
joubert,637416,0,ᛂᚩᚢᛒᛖᚱᛏ,245
collate,637210,0,ᚳᚩᛚᛚᚪᛏᛖ,389
macready,637133,0,ᛗᚪᚳᚱᛠᛞᚣ,493
plopped,637005,0,ᛈᛚᚩᛈᛈᛖᛞ,365
pomfret,636942,0,ᛈᚩᛗᚠᚱᛖᛏ,260
fleeces,636698,0,ᚠᛚᛖᛖᚳᛖᛋ,342
spittle,636617,0,ᛋᛈᛁᛏᛏᛚᛖ,385
cleanest,636485,0,ᚳᛚᛠᚾᛖᛋᛏ,403
livable,636253,0,ᛚᛁᚢᚪᛒᛚᛖ,405
phrygian,636066,0,ᛈᚻᚱᚣᚷᛡᚾ,333
chanson,635626,0,ᚳᚻᚪᚾᛋᚩᚾ,251
tumults,635521,0,ᛏᚢᛗᚢᛚᛏᛋ,321
manitou,635509,0,ᛗᚪᚾᛁᛏᚩᚢ,297
flirted,635475,0,ᚠᛚᛁᚱᛏᛖᛞ,332
faucets,635366,0,ᚠᚪᚢᚳᛖᛏᛋ,294
magyars,635304,0,ᛗᚪᚷᚣᚪᚱᛋ,449
congealed,635196,0,ᚳᚩᛝᛠᛚᛖᛞ,437
clapper,635176,0,ᚳᛚᚪᛈᛈᛖᚱ,347
elitism,635032,0,ᛖᛚᛁᛏᛁᛋᛗ,385
annulling,635010,0,ᚪᚾᚾᚢᛚᛚᛝ,383
deltaic,634893,0,ᛞᛖᛚᛏᚪᛁᚳ,429
longwood,634581,0,ᛚᚩᛝᚹᚩᚩᛞ,281
shekels,634455,0,ᛋᚻᛖᚳᛖᛚᛋ,349
lineman,634105,0,ᛚᛁᚾᛖᛗᚪᚾ,397
kharkov,633432,0,ᚳᚻᚪᚱᚳᚩᚢ,167
widgets,632911,0,ᚹᛁᛞᚷᛖᛏᛋ,335
curates,632850,0,ᚳᚢᚱᚪᛏᛖᛋ,303
wycombe,632821,0,ᚹᚣᚳᚩᛗᛒᛖ,341
ratable,632820,0,ᚱᚪᛏᚪᛒᛚᛖ,465
strutting,632057,0,ᛋᛏᚱᚢᛏᛏᛝ,323
commingling,632029,0,ᚳᚩᛗᛗᛝᛚᛝ,393
tabasco,631820,0,ᛏᚪᛒᚪᛋᚳᚩ,387
buttock,631513,0,ᛒᚢᛏᛏᚩᚳᚳ,215
gambier,631431,0,ᚷᚪᛗᛒᛁᛖᚱ,355
recreating,631157,0,ᚱᛖᚳᚱᛠᛏᛝ,349
achenes,630808,0,ᚪᚳᚻᛖᚾᛖᛋ,349
salvaging,630242,0,ᛋᚪᛚᚢᚪᚷᛝ,419
regains,629833,0,ᚱᛖᚷᚪᛁᚾᛋ,305
glazier,629738,0,ᚷᛚᚪᛋᛁᛖᚱ,349
trucker,629592,0,ᛏᚱᚢᚳᚳᛖᚱ,177
codfish,629285,0,ᚳᚩᛞᚠᛁᛋᚻ,218
midterm,629046,0,ᛗᛁᛞᛏᛖᚱᛗ,399
starlings,628988,0,ᛋᛏᚪᚱᛚᛝᛋ,425
nathanael,628869,0,ᚾᚪᚦᚪᚾᚫᛚ,431
sprains,628798,0,ᛋᛈᚱᚪᛁᚾᛋ,317
bullish,628746,0,ᛒᚢᛚᛚᛁᛋᚻ,317
squalls,628481,0,ᛋᚳᚹᚪᛚᛚᛋ,381
gliders,628247,0,ᚷᛚᛁᛞᛖᚱᛋ,341
toaster,627588,0,ᛏᚩᚪᛋᛏᛖᚱ,353
unwinding,627524,0,ᚢᚾᚹᛁᚾᛞᛝ,279
steadier,627394,0,ᛋᛏᛠᛞᛁᛖᚱ,419
darkens,626912,0,ᛞᚪᚱᚳᛖᚾᛋ,359
rimbaud,626841,0,ᚱᛁᛗᛒᚪᚢᛞ,363
bounces,626594,0,ᛒᚩᚢᚾᚳᛖᛋ,233
panicum,626446,0,ᛈᚪᚾᛁᚳᚢᛗ,287
carvers,625769,0,ᚳᚪᚱᚢᛖᚱᛋ,255
sergius,625729,0,ᛋᛖᚱᚷᛁᚢᛋ,235
durante,625500,0,ᛞᚢᚱᚪᚾᛏᛖ,355
parolee,625358,0,ᛈᚪᚱᚩᛚᛖᛖ,365
aridity,625107,0,ᚪᚱᛁᛞᛁᛏᚣ,421
seaworthy,624769,0,ᛋᛠᚹᚩᚱᚦᚣ,307
everted,624499,0,ᛖᚢᛖᚱᛏᛖᛞ,363
retaken,624408,0,ᚱᛖᛏᚪᚳᛖᚾ,343
permeating,624259,0,ᛈᛖᚱᛗᛠᛏᛝ,439
senders,623901,0,ᛋᛖᚾᛞᛖᚱᛋ,369
stylist,623845,0,ᛋᛏᚣᛚᛁᛋᛏ,431
shredding,623699,0,ᛋᚻᚱᛖᛞᛞᛝ,411
andante,623314,0,ᚪᚾᛞᚪᚾᛏᛖ,467
sabbaths,623116,0,ᛋᚪᛒᛒᚪᚦᛋ,427
banishing,623110,0,ᛒᚪᚾᛁᛋᚻᛝ,373
lindane,622885,0,ᛚᛁᚾᛞᚪᚾᛖ,415
galleria,622633,0,ᚷᚪᛚᛚᛖᚱᛡ,445
bombard,621349,0,ᛒᚩᛗᛒᚪᚱᛞ,397
wallowing,621209,0,ᚹᚪᛚᛚᚩᚹᛝ,367
plummet,621051,0,ᛈᛚᚢᛗᛗᛖᛏ,387
cellini,620417,0,ᚳᛖᛚᛚᛁᚾᛁ,317
wakeful,620324,0,ᚹᚪᚳᛖᚠᚢᛚ,274
pyjamas,620069,0,ᛈᚣᛂᚪᛗᚪᛋ,501
bourdon,619876,0,ᛒᚩᚢᚱᛞᚩᚾ,207
firefly,619642,0,ᚠᛁᚱᛖᚠᛚᚣ,289
dnieper,619639,0,ᛞᚾᛁᛖᛈᛖᚱ,337
digress,619639,0,ᛞᛁᚷᚱᛖᛋᛋ,321
transom,619591,0,ᛏᚱᚪᚾᛋᚩᛗ,327
spelter,619564,0,ᛋᛈᛖᛚᛏᛖᚱ,373
potholes,619363,0,ᛈᚩᚦᚩᛚᛖᛋ,255
legates,618467,0,ᛚᛖᚷᚪᛏᛖᛋ,433
roxanne,618358,0,ᚱᚩᛉᚪᚾᚾᛖ,287
pearlite,618034,0,ᛈᛠᚱᛚᛁᛏᛖ,393
buggies,617851,0,ᛒᚢᚷᚷᛁᛖᛋ,249
taussig,617647,0,ᛏᚪᚢᛋᛋᛁᚷ,313
steadman,617481,0,ᛋᛏᛠᛞᛗᚪᚾ,507
rookery,617384,0,ᚱᚩᚩᚳᛖᚱᚣ,219
daydream,617269,0,ᛞᚪᚣᛞᚱᛠᛗ,569
sciatica,617217,0,ᛋᚳᛡᛏᛁᚳᚪ,373
thwaites,617090,0,ᚦᚹᚪᛁᛏᛖᛋ,331
collating,616936,0,ᚳᚩᛚᛚᚪᛏᛝ,401
fondest,616865,0,ᚠᚩᚾᛞᛖᛋᛏ,306
erosions,616863,0,ᛖᚱᚩᛋᛡᚾᛋ,327
uprooting,616735,0,ᚢᛈᚱᚩᚩᛏᛝ,209
entreating,616720,0,ᛖᚾᛏᚱᛠᛏᛝ,413
sinless,616603,0,ᛋᛁᚾᛚᛖᛋᛋ,359
beguiling,616495,0,ᛒᛖᚷᚢᛁᛚᛝ,331
hustler,615601,0,ᚻᚢᛋᛏᛚᛖᚱ,289
dimpled,614929,0,ᛞᛁᛗᛈᛚᛖᛞ,463
plurals,614882,0,ᛈᛚᚢᚱᚪᛚᛋ,353
jaspers,614824,0,ᛂᚪᛋᛈᛖᚱᛋ,361
enfants,614327,0,ᛖᚾᚠᚪᚾᛏᛋ,336
tbilisi,614123,0,ᛏᛒᛁᛚᛁᛋᛁ,339
crucify,614029,0,ᚳᚱᚢᚳᛁᚠᚣ,176
rummaging,613985,0,ᚱᚢᛗᛗᚪᚷᛝ,349
instars,613509,0,ᛁᚾᛋᛏᚪᚱᛋ,333
tankard,613304,0,ᛏᚪᚾᚳᚪᚱᛞ,395
maghreb,611989,0,ᛗᚪᚷᚻᚱᛖᛒ,347
wallets,611693,0,ᚹᚪᛚᛚᛖᛏᛋ,441
sequent,610678,0,ᛋᛖᚳᚹᛖᚾᛏ,307
stranding,610063,0,ᛋᛏᚱᚪᚾᛞᛝ,417
clubbed,610051,0,ᚳᛚᚢᛒᛒᛖᛞ,367
fruited,609869,0,ᚠᚱᚢᛁᛏᛖᛞ,262
hungrily,609320,0,ᚻᚢᛝᚱᛁᛚᚣ,323
entrees,609298,0,ᛖᚾᛏᚱᛖᛖᛋ,353
harnack,609253,0,ᚻᚪᚱᚾᚪᚳᚳ,283
cachexia,609090,0,ᚳᚪᚳᚻᛖᛉᛡ,367
epithelia,609033,0,ᛖᛈᛁᚦᛖᛚᛡ,393
fancier,609023,0,ᚠᚪᚾᚳᛁᛖᚱ,250
newcome,608796,0,ᚾᛖᚹᚳᚩᛗᛖ,273
surfeit,608709,0,ᛋᚢᚱᚠᛖᛁᛏ,226
fanners,608546,0,ᚠᚪᚾᚾᛖᚱᛋ,288
bubonic,608539,0,ᛒᚢᛒᚩᚾᛁᚳ,205
rancour,608355,0,ᚱᚪᚾᚳᚩᚢᚱ,171
morsels,608238,0,ᛗᚩᚱᛋᛖᛚᛋ,335
amadeus,608068,0,ᚪᛗᚪᛞᛖᚢᛋ,477
amphora,607992,0,ᚪᛗᛈᚻᚩᚱᚪ,349
loafers,607934,0,ᛚᚩᚪᚠᛖᚱᛋ,310
scribal,607879,0,ᛋᚳᚱᛁᛒᚪᛚ,339
muscovy,607702,0,ᛗᚢᛋᚳᚩᚢᚣ,253
snipers,607631,0,ᛋᚾᛁᛈᛖᚱᛋ,287
thruster,607499,0,ᚦᚱᚢᛋᛏᛖᚱ,209
monteith,607212,0,ᛗᚩᚾᛏᛖᛁᚦ,269
perplex,607195,0,ᛈᛖᚱᛈᛚᛖᛉ,351
standeth,606376,0,ᛋᛏᚪᚾᛞᛖᚦ,399
tuneful,606180,0,ᛏᚢᚾᛖᚠᚢᛚ,236
knocker,605834,0,ᚳᚾᚩᚳᚳᛖᚱ,153
caskets,605769,0,ᚳᚪᛋᚳᛖᛏᛋ,355
gambled,605707,0,ᚷᚪᛗᛒᛚᛖᛞ,475
chesnut,605441,0,ᚳᚻᛖᛋᚾᚢᛏ,247
farrier,604933,0,ᚠᚪᚱᚱᛁᛖᚱ,230
besiege,604606,0,ᛒᛖᛋᛁᛖᚷᛖ,363
drawbar,604463,0,ᛞᚱᚪᚹᛒᚪᚱ,385
capella,604447,0,ᚳᚪᛈᛖᛚᛚᚪ,463
phrenic,604374,0,ᛈᚻᚱᛖᚾᛁᚳ,217
prioress,603971,0,ᛈᚱᛡᚱᛖᛋᛋ,345
hillier,603699,0,ᚻᛁᛚᛚᛁᛖᚱ,309
howbeit,603634,0,ᚻᚩᚹᛒᛖᛁᛏ,267
fujitsu,603131,0,ᚠᚢᛂᛁᛏᛋᚢ,188
brasilia,602757,0,ᛒᚱᚪᛋᛁᛚᛡ,433
snagged,602738,0,ᛋᚾᚪᚷᚷᛖᛞ,369
paroles,602687,0,ᛈᚪᚱᚩᛚᛖᛋ,351
woolens,602356,0,ᚹᚩᚩᛚᛖᚾᛋ,255
lozenges,601451,0,ᛚᚩᛋᛖᛝᛖᛋ,399
ostwald,601203,0,ᚩᛋᛏᚹᚪᛚᛞ,397
trumped,601146,0,ᛏᚱᚢᛗᛈᛖᛞ,343
gandhian,600867,0,ᚷᚪᚾᛞᚻᛡᚾ,391
calabar,600434,0,ᚳᚪᛚᚪᛒᚪᚱ,449
radicle,600257,0,ᚱᚪᛞᛁᚳᛚᛖ,381
manilla,600232,0,ᛗᚪᚾᛁᛚᛚᚪ,471
teammate,600219,0,ᛏᛠᛗᛗᚪᛏᛖ,533
sidelong,600180,0,ᛋᛁᛞᛖᛚᚩᛝ,399
toilers,599700,0,ᛏᚩᛁᛚᛖᚱᛋ,301
dominoes,599012,0,ᛞᚩᛗᛁᚾᛟᛋ,363
winnowing,598896,0,ᚹᛁᚾᚾᚩᚹᛝ,213
scrotal,598638,0,ᛋᚳᚱᚩᛏᚪᛚ,313
mislaid,598593,0,ᛗᛁᛋᛚᚪᛁᛞ,445
pardoning,598297,0,ᛈᚪᚱᛞᚩᚾᛝ,355
festering,597923,0,ᚠᛖᛋᛏᛖᚱᛝ,338
pimples,597850,0,ᛈᛁᛗᛈᛚᛖᛋ,381
rounder,597641,0,ᚱᚩᚢᚾᛞᛖᚱ,217
harrier,597548,0,ᚻᚪᚱᚱᛁᛖᚱ,251
scrawny,597323,0,ᛋᚳᚱᚪᚹᚾᚣ,325
logician,597108,0,ᛚᚩᚷᛁᚳᛡᚾ,277
estella,596979,0,ᛖᛋᛏᛖᛚᛚᚪ,489
behoves,596868,0,ᛒᛖᚻᚩᚢᛖᛋ,281
candler,596784,0,ᚳᚪᚾᛞᛚᛖᚱ,379
syllabi,596760,0,ᛋᚣᛚᛚᚪᛒᛁ,491
unknowing,596664,0,ᚢᚾᚳᚾᚩᚹᛝ,179
blacken,596395,0,ᛒᛚᚪᚳᚳᛖᚾ,353
hirsute,596351,0,ᚻᛁᚱᛋᚢᛏᛖ,247
tartary,596128,0,ᛏᚪᚱᛏᚪᚱᚣ,437
enthused,596106,0,ᛖᚾᚦᚢᛋᛖᛞ,313
milkman,595940,0,ᛗᛁᛚᚳᛗᚪᚾ,385
arranger,595884,0,ᚪᚱᚱᚪᛝᛖᚱ,373
plungers,595583,0,ᛈᛚᚢᛝᛖᚱᛋ,329
goschen,595344,0,ᚷᚩᛋᚳᚻᛖᚾ,209
kerouac,594974,0,ᚳᛖᚱᚩᚢᚪᚳ,211
semites,594282,0,ᛋᛖᛗᛁᛏᛖᛋ,401
betimes,594244,0,ᛒᛖᛏᛁᛗᛖᛋ,409
deigned,594116,0,ᛞᛖᛁᚷᚾᛖᛞ,389
quasars,593998,0,ᚳᚹᚪᛋᚪᚱᛋ,343
linwood,593821,0,ᛚᛁᚾᚹᚩᚩᛞ,255
blanching,593694,0,ᛒᛚᚪᚾᚳᚻᛝ,375
stirrings,593631,0,ᛋᛏᛁᚱᚱᛝᛋ,297
rwandan,593327,0,ᚱᚹᚪᚾᛞᚪᚾ,371
savants,593265,0,ᛋᚪᚢᚪᚾᛏᛋ,391
gipsies,593199,0,ᚷᛁᛈᛋᛁᛖᛋ,295
newbery,592899,0,ᚾᛖᚹᛒᛖᚱᚣ,357
breviary,592863,0,ᛒᚱᛖᚢᛡᚱᚣ,363
elastin,592746,0,ᛖᛚᚪᛋᛏᛁᚾ,409
necktie,592682,0,ᚾᛖᚳᚳᛏᛁᛖ,279
chaldean,592614,0,ᚳᚻᚪᛚᛞᛠᚾ,433
wickets,592538,0,ᚹᛁᚳᚳᛖᛏᛋ,255
pastels,592353,0,ᛈᚪᛋᛏᛖᛚᛋ,445
sinuate,592068,0,ᛋᛁᚾᚢᚪᛏᛖ,339
dobbins,592011,0,ᛞᚩᛒᛒᛁᚾᛋ,331
scarcer,592008,0,ᛋᚳᚪᚱᚳᛖᚱ,265
infanta,591656,0,ᛁᚾᚠᚪᚾᛏᚪ,344
slivers,591456,0,ᛋᛚᛁᚢᛖᚱᛋ,291
seconding,591409,0,ᛋᛖᚳᚩᚾᛞᛝ,337
eugenic,591310,0,ᛖᚢᚷᛖᚾᛁᚳ,227
outlast,591197,0,ᚩᚢᛏᛚᚪᛋᛏ,351
soothingly,590937,0,ᛋᚩᚩᚦᛝᛚᚣ,327
yardage,590928,0,ᚣᚪᚱᛞᚪᚷᛖ,481
drywall,590837,0,ᛞᚱᚣᚹᚪᛚᛚ,465
enright,590836,0,ᛖᚾᚱᛁᚷᚻᛏ,237
deploring,590645,0,ᛞᛖᛈᛚᚩᚱᛝ,369
erratum,590423,0,ᛖᚱᚱᚪᛏᚢᛗ,319
rockers,590403,0,ᚱᚩᚳᚳᛖᚱᛋ,175
collett,590086,0,ᚳᚩᛚᛚᛖᛏᛏ,351
curtesy,589801,0,ᚳᚢᚱᛏᛖᛋᚣ,309
percept,589320,0,ᛈᛖᚱᚳᛖᛈᛏ,303
savored,589317,0,ᛋᚪᚢᚩᚱᛖᛞ,327
hominid,589198,0,ᚻᚩᛗᛁᚾᛁᛞ,281
pirated,589139,0,ᛈᛁᚱᚪᛏᛖᛞ,397
bustled,588865,0,ᛒᚢᛋᛏᛚᛖᛞ,405
masaryk,588843,0,ᛗᚪᛋᚪᚱᚣᚳ,445
infesting,588840,0,ᛁᚾᚠᛖᛋᛏᛝ,320
woodmen,588827,0,ᚹᚩᚩᛞᛗᛖᚾ,289
zodiacal,588634,0,ᛋᚩᛞᛡᚳᚪᛚ,439
pincers,588323,0,ᛈᛁᚾᚳᛖᚱᛋ,247
cruciate,588146,0,ᚳᚱᚢᚳᛡᛏᛖ,273
lumpkin,587878,0,ᛚᚢᛗᛈᚳᛁᚾ,263
bettina,587873,0,ᛒᛖᛏᛏᛁᚾᚪ,403
maudlin,587786,0,ᛗᚪᚢᛞᛚᛁᚾ,393
thrushes,587262,0,ᚦᚱᚢᛋᚻᛖᛋ,215
retracing,587083,0,ᚱᛖᛏᚱᚪᚳᛝ,337
machete,587016,0,ᛗᚪᚳᚻᛖᛏᛖ,397
wriggle,586806,0,ᚹᚱᛁᚷᚷᛚᛖ,235
abysmal,585689,0,ᚪᛒᚣᛋᛗᚪᛚ,555
asuncion,585029,0,ᚪᛋᚢᚾᚳᛡᚾ,331
systeme,585002,0,ᛋᚣᛋᛏᛖᛗᛖ,473
mutters,584790,0,ᛗᚢᛏᛏᛖᚱᛋ,323
dervish,584734,0,ᛞᛖᚱᚢᛁᛋᚻ,277
empiric,584571,0,ᛖᛗᛈᛁᚱᛁᚳ,267
hydatid,583500,0,ᚻᚣᛞᚪᛏᛁᛞ,491
panicky,583475,0,ᛈᚪᚾᛁᚳᚳᚣ,329
censoring,583396,0,ᚳᛖᚾᛋᚩᚱᛝ,259
galician,583375,0,ᚷᚪᛚᛁᚳᛡᚾ,367
cupolas,583290,0,ᚳᚢᛈᚩᛚᚪᛋ,289
glinted,583187,0,ᚷᛚᛁᚾᛏᛖᛞ,365
satiated,583034,0,ᛋᚪᛏᛡᛏᛖᛞ,531
flaunting,582763,0,ᚠᛚᚪᚢᚾᛏᛝ,342
hibernia,582564,0,ᚻᛁᛒᛖᚱᚾᛡ,329
capitan,582326,0,ᚳᚪᛈᛁᛏᚪᚾ,369
flavius,581698,0,ᚠᛚᚪᚢᛁᚢᛋ,262
dropper,581590,0,ᛞᚱᚩᛈᛈᛖᚱ,271
warders,581392,0,ᚹᚪᚱᛞᛖᚱᛋ,347
maxillae,581251,0,ᛗᚪᛉᛁᛚᛚᚫ,493
furlongs,581207,0,ᚠᚢᚱᛚᚩᛝᛋ,228
mayoral,581094,0,ᛗᚪᚣᚩᚱᚪᛚ,459
gervais,580926,0,ᚷᛖᚱᚢᚪᛁᛋ,279
murillo,580737,0,ᛗᚢᚱᛁᛚᛚᚩ,269
bespeaks,580378,0,ᛒᛖᛋᛈᛠᚳᛋ,399
exigent,580333,0,ᛖᛉᛁᚷᛖᚾᛏ,317
rebelling,580195,0,ᚱᛖᛒᛖᛚᛚᛝ,431
jackals,579991,0,ᛂᚪᚳᚳᚪᛚᛋ,383
mobiles,579823,0,ᛗᚩᛒᛁᛚᛖᛋ,363
yoghurt,579685,0,ᚣᚩᚷᚻᚢᚱᛏ,223
brained,579633,0,ᛒᚱᚪᛁᚾᛖᛞ,385
stammer,579338,0,ᛋᛏᚪᛗᛗᛖᚱ,429
estrange,579301,0,ᛖᛋᛏᚱᚪᛝᛖ,433
warlord,578964,0,ᚹᚪᚱᛚᚩᚱᛞ,307
nicobar,578451,0,ᚾᛁᚳᚩᛒᚪᚱ,249
stepson,578349,0,ᛋᛏᛖᛈᛋᚩᚾ,311
farnese,577636,0,ᚠᚪᚱᚾᛖᛋᛖ,326
vivaldi,577285,0,ᚢᛁᚢᚪᛚᛞᛁ,327
sistine,577214,0,ᛋᛁᛋᛏᛁᚾᛖ,323
bluster,577004,0,ᛒᛚᚢᛋᛏᛖᚱ,327
espousing,576904,0,ᛖᛋᛈᚩᚢᛋᛝ,305
neophyte,576740,0,ᚾᛇᛈᚻᚣᛏᛖ,365
tussock,576671,0,ᛏᚢᛋᛋᚩᚳᚳ,201
cochise,576602,0,ᚳᚩᚳᚻᛁᛋᛖ,207
chipper,576554,0,ᚳᚻᛁᛈᛈᛖᚱ,231
bernini,576449,0,ᛒᛖᚱᚾᛁᚾᛁ,259
newbold,576102,0,ᚾᛖᚹᛒᚩᛚᛞ,345
retinol,575276,0,ᚱᛖᛏᛁᚾᚩᛚ,277
servius,575220,0,ᛋᛖᚱᚢᛁᚢᛋ,221
irkutsk,575127,0,ᛁᚱᚳᚢᛏᛋᚳ,183
ferrets,574812,0,ᚠᛖᚱᚱᛖᛏᛋ,270
malingering,574705,0,ᛗᚪᛚᛝᛖᚱᛝ,477
overeating,574702,0,ᚩᚢᛖᚱᛠᛏᛝ,335
umpires,574544,0,ᚢᛗᛈᛁᚱᛖᛋ,279
libation,574514,0,ᛚᛁᛒᚪᛏᛡᚾ,457
ducklings,573844,0,ᛞᚢᚳᚳᛚᛝᛋ,323
regroup,573798,0,ᚱᛖᚷᚱᚩᚢᛈ,159
steatite,573666,0,ᛋᛏᛠᛏᛁᛏᛖ,437
chicana,573510,0,ᚳᚻᛁᚳᚪᚾᚪ,303
subjoin,573500,0,ᛋᚢᛒᛂᚩᛁᚾ,221
printings,573201,0,ᛈᚱᛁᚾᛏᛝᛋ,305
jukebox,572935,0,ᛂᚢᚳᛖᛒᚩᛉ,235
mockingly,572640,0,ᛗᚩᚳᚳᛝᛚᚣ,359
diatribe,572531,0,ᛞᛡᛏᚱᛁᛒᛖ,425
faience,572522,0,ᚠᚪᛁᛖᚾᚳᛖ,306
glottal,572467,0,ᚷᛚᚩᛏᛏᚪᛚ,385
unsparing,572279,0,ᚢᚾᛋᛈᚪᚱᛝ,315
bokhara,572259,0,ᛒᚩᚳᚻᚪᚱᚪ,309
collard,572159,0,ᚳᚩᛚᛚᚪᚱᛞ,363
piccolo,571804,0,ᛈᛁᚳᚳᚩᛚᚩ,187
stymied,571669,0,ᛋᛏᚣᛗᛁᛖᛞ,473
royally,571073,0,ᚱᚩᚣᚪᛚᛚᚣ,467
impound,571069,0,ᛁᛗᛈᚩᚢᚾᛞ,273
cowered,571069,0,ᚳᚩᚹᛖᚱᛖᛞ,273
nostrum,570934,0,ᚾᚩᛋᛏᚱᚢᛗ,233
spiller,570437,0,ᛋᛈᛁᛚᛚᛖᚱ,351
wattage,570406,0,ᚹᚪᛏᛏᚪᚷᛖ,415
aileron,570342,0,ᚪᛁᛚᛖᚱᚩᚾ,315
turbans,570247,0,ᛏᚢᚱᛒᚪᚾᛋ,313
diatonic,570098,0,ᛞᛡᛏᚩᚾᛁᚳ,335
tantrum,569870,0,ᛏᚪᚾᛏᚱᚢᛗ,329
theodoric,569384,0,ᚦᛇᛞᚩᚱᛁᚳ,197
broncho,569340,0,ᛒᚱᚩᚾᚳᚻᚩ,151
scouted,569234,0,ᛋᚳᚩᚢᛏᛖᛞ,291
outlawing,569053,0,ᚩᚢᛏᛚᚪᚹᛝ,337
dribbling,568889,0,ᛞᚱᛁᛒᛒᛚᛝ,405
gyration,568777,0,ᚷᚣᚱᚪᛏᛡᚾ,423
deluged,568671,0,ᛞᛖᛚᚢᚷᛖᛞ,405
distill,568350,0,ᛞᛁᛋᛏᛁᛚᛚ,409
engorged,568000,0,ᛖᛝᚩᚱᚷᛖᛞ,337
sublease,567995,0,ᛋᚢᛒᛚᛠᛋᛖ,419
cloture,567931,0,ᚳᛚᚩᛏᚢᚱᛖ,233
embolus,567764,0,ᛖᛗᛒᚩᛚᚢᛋ,335
widener,567681,0,ᚹᛁᛞᛖᚾᛖᚱ,313
stutter,566767,0,ᛋᛏᚢᛏᛏᛖᚱ,311
farrand,566293,0,ᚠᚪᚱᚱᚪᚾᛞ,336
airfare,566182,0,ᚪᛁᚱᚠᚪᚱᛖ,316
corroding,566149,0,ᚳᚩᚱᚱᚩᛞᛝ,217
speedup,565849,0,ᛋᛈᛖᛖᛞᚢᛈ,365
palsied,565464,0,ᛈᚪᛚᛋᛁᛖᛞ,453
dextrin,565417,0,ᛞᛖᛉᛏᚱᛁᚾ,333
dribble,565037,0,ᛞᚱᛁᛒᛒᛚᛖ,393
openers,564588,0,ᚩᛈᛖᚾᛖᚱᛋ,277
stashed,564482,0,ᛋᛏᚪᛋᚻᛖᛞ,441
galahad,564098,0,ᚷᚪᛚᚪᚻᚪᛞ,493
excelling,563635,0,ᛖᛉᚳᛖᛚᛚᛝ,419
fingerlings,563510,0,ᚠᛝᛖᚱᛚᛝᛋ,364
chirped,563467,0,ᚳᚻᛁᚱᛈᛖᛞ,277
optician,563380,0,ᚩᛈᛏᛁᚳᛡᚾ,289
obloquy,563309,0,ᚩᛒᛚᚩᚳᚹᚣ,283
fellers,563286,0,ᚠᛖᛚᛚᛖᚱᛋ,346
seducer,563282,0,ᛋᛖᛞᚢᚳᛖᚱ,303
lunched,563239,0,ᛚᚢᚾᚳᚻᛖᛞ,297
humored,562977,0,ᚻᚢᛗᚩᚱᛖᛞ,271
mohawks,562793,0,ᛗᚩᚻᚪᚹᚳᛋ,283
chiffon,562574,0,ᚳᚻᛁᚠᚠᚩᚾ,107
figment,562393,0,ᚠᛁᚷᛗᛖᚾᛏ,276
bartering,562373,0,ᛒᚪᚱᛏᛖᚱᛝ,385
corsair,562335,0,ᚳᚩᚱᛋᚪᛁᚱ,223
chowder,562319,0,ᚳᚻᚩᚹᛞᛖᚱ,229
valuers,561481,0,ᚢᚪᛚᚢᛖᚱᛋ,307
gripper,561408,0,ᚷᚱᛁᛈᛈᛖᚱ,223
exhumed,561297,0,ᛖᛉᚻᚢᛗᛖᛞ,367
adverting,561016,0,ᚪᛞᚢᛖᚱᛏᛝ,405
duchies,560877,0,ᛞᚢᚳᚻᛁᛖᛋ,279
terracing,560874,0,ᛏᛖᚱᚱᚪᚳᛝ,337
surfers,560739,0,ᛋᚢᚱᚠᛖᚱᛋ,200
vermeer,560736,0,ᚢᛖᚱᛗᛖᛖᚱ,297
pervious,560295,0,ᛈᛖᚱᚢᛡᚢᛋ,287
halbert,560230,0,ᚻᚪᛚᛒᛖᚱᛏ,391
hounded,560091,0,ᚻᚩᚢᚾᛞᛖᛞ,307
cacique,559631,0,ᚳᚪᚳᛁᚳᚹᛖ,253
academe,559460,0,ᚪᚳᚪᛞᛖᛗᛖ,501
infringes,559377,0,ᛁᚾᚠᚱᛝᛖᛋ,272
gervase,559331,0,ᚷᛖᚱᚢᚪᛋᛖ,315
caterer,559153,0,ᚳᚪᛏᛖᚱᛖᚱ,325
decibel,558531,0,ᛞᛖᚳᛁᛒᛖᛚ,401
hothouse,558414,0,ᚻᚩᚦᚩᚢᛋᛖ,165
troupes,558360,0,ᛏᚱᚩᚢᛈᛖᛋ,243
beeches,558249,0,ᛒᛖᛖᚳᚻᛖᛋ,351
somites,558168,0,ᛋᚩᛗᛁᛏᛖᛋ,341
hanuman,557520,0,ᚻᚪᚾᚢᛗᚪᚾ,349
vietcong,557083,0,ᚢᛁᛖᛏᚳᚩᛝ,259
phillis,557046,0,ᛈᚻᛁᛚᛚᛁᛋ,327
martius,556346,0,ᛗᚪᚱᛏᛁᚢᛋ,325
ideality,556340,0,ᛁᛞᛠᛚᛁᛏᚣ,495
locarno,556013,0,ᛚᚩᚳᚪᚱᚾᚩ,237
outback,555795,0,ᚩᚢᛏᛒᚪᚳᚳ,253
defiles,555518,0,ᛞᛖᚠᛁᛚᛖᛋ,382
hogshead,555385,0,ᚻᚩᚷᛋᚻᛠᛞ,321
lustily,555317,0,ᛚᚢᛋᛏᛁᛚᚣ,395
quinton,555288,0,ᚳᚹᛁᚾᛏᚩᚾ,187
reasoner,555244,0,ᚱᛠᛋᚩᚾᛖᚱ,287
pontine,554847,0,ᛈᚩᚾᛏᛁᚾᛖ,265
massimo,554763,0,ᛗᚪᛋᛋᛁᛗᚩ,383
snuffed,554557,0,ᛋᚾᚢᚠᚠᛖᛞ,245
strophe,554506,0,ᛋᛏᚱᚩᛈᚻᛖ,263
logwood,554246,0,ᛚᚩᚷᚹᚩᚩᛞ,219
sappers,554184,0,ᛋᚪᛈᛈᛖᚱᛋ,367
devours,554168,0,ᛞᛖᚢᚩᚢᚱᛋ,233
anthesis,554113,0,ᚪᚾᚦᛖᛋᛁᛋ,335
beckons,553919,0,ᛒᛖᚳᚳᚩᚾᛋ,243
rapists,553856,0,ᚱᚪᛈᛁᛋᛏᛋ,347
hotspur,553439,0,ᚻᚩᛏᛋᛈᚢᚱ,199
overleaf,553093,0,ᚩᚢᛖᚱᛚᛠᚠ,272
rosters,553035,0,ᚱᚩᛋᛏᛖᚱᛋ,261
cambric,553014,0,ᚳᚪᛗᛒᚱᛁᚳ,297
perlite,552787,0,ᛈᛖᚱᛚᛁᛏᛖ,351
quechua,552736,0,ᚳᚹᛖᚳᚻᚢᚪ,235
stumped,552659,0,ᛋᛏᚢᛗᛈᛖᛞ,385
nonvoting,552507,0,ᚾᚩᚾᚢᚩᛏᛝ,213
tutored,552444,0,ᛏᚢᛏᚩᚱᛖᛞ,295
subtext,552340,0,ᛋᚢᛒᛏᛖᛉᛏ,349
trussed,552332,0,ᛏᚱᚢᛋᛋᛖᛞ,335
montauk,552158,0,ᛗᚩᚾᛏᚪᚢᚳ,279
forewings,551980,0,ᚠᚩᚱᛖᚹᛝᛋ,238
floured,551970,0,ᚠᛚᚩᚢᚱᛖᛞ,252
allotting,551900,0,ᚪᛚᛚᚩᛏᛏᛝ,447
cresson,551218,0,ᚳᚱᛖᛋᛋᚩᚾ,233
feelers,551021,0,ᚠᛖᛖᛚᛖᚱᛋ,340
sonship,550300,0,ᛋᚩᚾᛋᚻᛁᛈ,239
unleashing,549904,0,ᚢᚾᛚᛠᛋᚻᛝ,369
animism,549377,0,ᚪᚾᛁᛗᛁᛋᛗ,383
bragged,549363,0,ᛒᚱᚪᚷᚷᛖᛞ,359
redound,549339,0,ᚱᛖᛞᚩᚢᚾᛞ,295
calicut,549313,0,ᚳᚪᛚᛁᚳᚢᛏ,289
stallings,549113,0,ᛋᛏᚪᛚᛚᛝᛋ,487
nucleate,548986,0,ᚾᚢᚳᛚᛠᛏᛖ,353
steeled,548638,0,ᛋᛏᛖᛖᛚᛖᛞ,475
dionysian,548226,0,ᛞᛡᚾᚣᛋᛡᚾ,517
rampage,547567,0,ᚱᚪᛗᛈᚪᚷᛖ,403
bookish,547391,0,ᛒᚩᚩᚳᛁᛋᚻ,195
puranas,547115,0,ᛈᚢᚱᚪᚾᚪᛋ,333
jainism,547017,0,ᛂᚪᛁᚾᛁᛋᛗ,349
subtile,546918,0,ᛋᚢᛒᛏᛁᛚᛖ,347
pierrot,546547,0,ᛈᛁᛖᚱᚱᚩᛏ,229
crisply,546250,0,ᚳᚱᛁᛋᛈᛚᚣ,327
pasturing,546044,0,ᛈᚪᛋᛏᚢᚱᛝ,345
reynold,544782,0,ᚱᛖᚣᚾᚩᛚᛞ,379
blotter,543517,0,ᛒᛚᚩᛏᛏᛖᚱ,337
tensioning,543174,0,ᛏᛖᚾᛋᛡᚾᛝ,423
funereal,543073,0,ᚠᚢᚾᛖᚱᛠᛚ,294
bucolic,543071,0,ᛒᚢᚳᚩᛚᛁᚳ,201
shutoff,542931,0,ᛋᚻᚢᛏᚩᚠᚠ,149
basques,542756,0,ᛒᚪᛋᚳᚹᛖᛋ,363
heckler,542736,0,ᚻᛖᚳᚳᛚᛖᚱ,267
detours,542506,0,ᛞᛖᛏᚩᚢᚱᛋ,289
regaled,541710,0,ᚱᛖᚷᚪᛚᛖᛞ,421
nauseating,541430,0,ᚾᚪᚢᛋᛠᛏᛝ,429
misfits,541072,0,ᛗᛁᛋᚠᛁᛏᛋ,300
desalting,540606,0,ᛞᛖᛋᚪᛚᛏᛝ,517
densest,540361,0,ᛞᛖᚾᛋᛖᛋᛏ,417
pogroms,540199,0,ᛈᚩᚷᚱᚩᛗᛋ,209
sumption,539533,0,ᛋᚢᛗᛈᛏᛡᚾ,365
tancred,539410,0,ᛏᚪᚾᚳᚱᛖᛞ,365
gloried,539229,0,ᚷᛚᚩᚱᛁᛖᛞ,295
ratably,539094,0,ᚱᚪᛏᚪᛒᛚᚣ,501
invoicing,538896,0,ᛁᚾᚢᚩᛁᚳᛝ,193
cosines,538621,0,ᚳᚩᛋᛁᚾᛖᛋ,253
gimmick,538529,0,ᚷᛁᛗᛗᛁᚳᚳ,247
affaire,538386,0,ᚪᚠᚠᚪᛁᚱᛖ,307
premiss,538267,0,ᛈᚱᛖᛗᛁᛋᛋ,329
vacuous,537858,0,ᚢᚪᚳᚢᚩᚢᛋ,179
nestlings,537320,0,ᚾᛖᛋᛏᛚᛝᛋ,413
anywise,536175,0,ᚪᚾᚣᚹᛁᛋᛖ,399
stardom,535950,0,ᛋᛏᚪᚱᛞᚩᛗ,387
formant,535850,0,ᚠᚩᚱᛗᚪᚾᛏ,276
ethology,535531,0,ᛖᚦᚩᛚᚩᚷᚣ,279
stripling,535313,0,ᛋᛏᚱᛁᛈᛚᛝ,349
essenes,534625,0,ᛖᛋᛋᛖᚾᛖᛋ,389
fatuous,534599,0,ᚠᚪᛏᚢᚩᚢᛋ,224
pascual,534537,0,ᛈᚪᛋᚳᚢᚪᛚ,379
outgrow,534310,0,ᚩᚢᛏᚷᚱᚩᚹ,123
delbert,534222,0,ᛞᛖᛚᛒᛖᚱᛏ,427
slashes,533891,0,ᛋᛚᚪᛋᚻᛖᛋ,419
skylark,533677,0,ᛋᚳᚣᛚᚪᚱᚳ,363
macaque,533638,0,ᛗᚪᚳᚪᚳᚹᛖ,377
fallows,533339,0,ᚠᚪᛚᛚᚩᚹᛋ,324
venable,533245,0,ᚢᛖᚾᚪᛒᛚᛖ,397
wobbled,532948,0,ᚹᚩᛒᛒᛚᛖᛞ,377
cutaway,532790,0,ᚳᚢᛏᚪᚹᚪᚣ,391
interne,532598,0,ᛁᚾᛏᛖᚱᚾᛖ,293
elbowed,532455,0,ᛖᛚᛒᚩᚹᛖᛞ,383
ampulla,531529,0,ᚪᛗᛈᚢᛚᛚᚪ,457
challis,531494,0,ᚳᚻᚪᛚᛚᛁᛋ,363
winsome,531271,0,ᚹᛁᚾᛋᚩᛗᛖ,277
raptors,531204,0,ᚱᚪᛈᛏᚩᚱᛋ,281
badgers,530717,0,ᛒᚪᛞᚷᛖᚱᛋ,395
wishers,530637,0,ᚹᛁᛋᚻᛖᚱᛋ,257
actinic,530606,0,ᚪᚳᛏᛁᚾᛁᚳ,273
worthier,530469,0,ᚹᚩᚱᚦᛁᛖᚱ,151
weigher,530353,0,ᚹᛖᛁᚷᚻᛖᚱ,235
devalue,530245,0,ᛞᛖᚢᚪᛚᚢᛖ,399
nuclease,530159,0,ᚾᚢᚳᛚᛠᛋᛖ,347
decreeing,530095,0,ᛞᛖᚳᚱᛖᛖᛝ,393
curculio,529844,0,ᚳᚢᚱᚳᚢᛚᛡ,223
chested,529838,0,ᚳᚻᛖᛋᛏᛖᛞ,371
eritrean,529638,0,ᛖᚱᛁᛏᚱᛠᚾ,317
bouvier,529627,0,ᛒᚩᚢᚢᛁᛖᚱ,183
polyuria,529610,0,ᛈᚩᛚᚣᚢᚱᛡ,347
marinas,529470,0,ᛗᚪᚱᛁᚾᚪᛋ,389
pahlavi,528232,0,ᛈᚪᚻᛚᚪᚢᛁ,367
shorted,527751,0,ᛋᚻᚩᚱᛏᛖᛞ,309
lobular,527445,0,ᛚᚩᛒᚢᛚᚪᚱ,325
arapaho,527429,0,ᚪᚱᚪᛈᚪᚻᚩ,375
lengthens,527355,0,ᛚᛖᛝᚦᛖᚾᛋ,373
bridles,527153,0,ᛒᚱᛁᛞᛚᛖᛋ,385
dilworth,527104,0,ᛞᛁᛚᚹᚩᚱᚦ,235
checkup,527076,0,ᚳᚻᛖᚳᚳᚢᛈ,175
dullest,527026,0,ᛞᚢᛚᛚᛖᛋᛏ,417
jocular,526457,0,ᛂᚩᚳᚢᛚᚪᚱ,241
homines,526288,0,ᚻᚩᛗᛁᚾᛖᛋ,281
launder,525972,0,ᛚᚪᚢᚾᛞᛖᚱ,369
clocked,525823,0,ᚳᛚᚩᚳᚳᛖᛞ,275
worsens,525676,0,ᚹᚩᚱᛋᛖᚾᛋ,239
unquiet,525511,0,ᚢᚾᚳᚹᛁᛖᛏ,221
unglazed,525481,0,ᚢᛝᛚᚪᛋᛖᛞ,461
tousled,525359,0,ᛏᚩᚢᛋᛚᛖᛞ,351
musters,525131,0,ᛗᚢᛋᛏᛖᚱᛋ,317
sultana,525015,0,ᛋᚢᛚᛏᚪᚾᚪ,411
dockers,524758,0,ᛞᚩᚳᚳᛖᚱᛋ,253
orgasms,524561,0,ᚩᚱᚷᚪᛋᛗᛋ,309
battens,524462,0,ᛒᚪᛏᛏᛖᚾᛋ,425
signore,524242,0,ᛋᛁᚷᚾᚩᚱᛖ,215
jackass,523955,0,ᛂᚪᚳᚳᚪᛋᛋ,363
pansies,523642,0,ᛈᚪᚾᛋᛁᛖᛋ,373
degassing,523050,0,ᛞᛖᚷᚪᛋᛋᛝ,455
dissert,521960,0,ᛞᛁᛋᛋᛖᚱᛏ,363
mortise,521769,0,ᛗᚩᚱᛏᛁᛋᛖ,299
alveolus,521609,0,ᚪᛚᚢᛇᛚᚢᛋ,343
pynchon,521514,0,ᛈᚣᚾᚳᚻᚩᚾ,247
divesting,521246,0,ᛞᛁᚢᛖᛋᛏᛝ,381
achaeans,521225,0,ᚪᚳᚻᚫᚪᚾᛋ,413
andorra,521191,0,ᚪᚾᛞᚩᚱᚱᚪ,341
zedekiah,521009,0,ᛋᛖᛞᛖᚳᛡᚻ,419
voluble,520928,0,ᚢᚩᛚᚢᛒᛚᛖ,287
vicomte,520769,0,ᚢᛁᚳᚩᛗᛏᛖ,251
mytilus,520492,0,ᛗᚣᛏᛁᛚᚢᛋ,393
tumulus,520044,0,ᛏᚢᛗᚢᛚᚢᛋ,265
policed,519990,0,ᛈᚩᛚᛁᚳᛖᛞ,323
northmen,519956,0,ᚾᚩᚱᚦᛗᛖᚾ,219
freshen,519749,0,ᚠᚱᛖᛋᚻᛖᚾ,252
omicron,519700,0,ᚩᛗᛁᚳᚱᚩᚾ,169
cogency,518948,0,ᚳᚩᚷᛖᚾᚳᚣ,249
feelingly,518797,0,ᚠᛖᛖᛚᛝᛚᚣ,464
crowbar,518739,0,ᚳᚱᚩᚹᛒᚪᚱ,219
knossos,518718,0,ᚳᚾᚩᛋᛋᚩᛋ,215
deseret,518360,0,ᛞᛖᛋᛖᚱᛖᛏ,413
rehoboth,518348,0,ᚱᛖᚻᚩᛒᚩᚦ,181
farrowing,518149,0,ᚠᚪᚱᚱᚩᚹᛝ,226
perigee,518146,0,ᛈᛖᚱᛁᚷᛖᛖ,303
coppola,517902,0,ᚳᚩᛈᛈᚩᛚᚪ,283
tarbell,517839,0,ᛏᚪᚱᛒᛖᛚᛚ,441
piastres,517699,0,ᛈᛡᛋᛏᚱᛖᛋ,393
flowage,517225,0,ᚠᛚᚩᚹᚪᚷᛖ,282
classis,517172,0,ᚳᛚᚪᛋᛋᛁᛋ,373
rameses,517057,0,ᚱᚪᛗᛖᛋᛖᛋ,419
satsuma,516918,0,ᛋᚪᛏᛋᚢᛗᚪ,433
lucidly,516762,0,ᛚᚢᚳᛁᛞᛚᚣ,385
maecenas,516694,0,ᛗᚫᚳᛖᚾᚪᛋ,431
garters,516685,0,ᚷᚪᚱᛏᛖᚱᛋ,315
racquet,516248,0,ᚱᚪᚳᚳᚹᛖᛏ,279
sharers,515558,0,ᛋᚻᚪᚱᛖᚱᛋ,315
skimmer,515557,0,ᛋᚳᛁᛗᛗᛖᚱ,317
smudged,515198,0,ᛋᛗᚢᛞᚷᛖᛞ,389
unmanly,515018,0,ᚢᚾᛗᚪᚾᛚᚣ,405
scrapings,514567,0,ᛋᚳᚱᚪᛈᛝᛋ,349
dampier,514536,0,ᛞᚪᛗᛈᛁᛖᚱ,409
fulsome,514310,0,ᚠᚢᛚᛋᚩᛗᛖ,276
situating,513967,0,ᛋᛁᛏᚢᚪᛏᛝ,381
topside,513773,0,ᛏᚩᛈᛋᛁᛞᛖ,349
cajoled,513636,0,ᚳᚪᛂᚩᛚᛖᛞ,383
docketing,513583,0,ᛞᚩᚳᚳᛖᛏᛝ,327
juggler,513518,0,ᛂᚢᚷᚷᛚᛖᚱ,225
skaters,513482,0,ᛋᚳᚪᛏᛖᚱᛋ,353
sainted,513337,0,ᛋᚪᛁᚾᛏᛖᛞ,425
reprise,513324,0,ᚱᛖᛈᚱᛁᛋᛖ,283
batters,513200,0,ᛒᚪᛏᛏᛖᚱᛋ,407
earmarks,513094,0,ᛠᚱᛗᚪᚱᚳᛋ,365
triplex,512673,0,ᛏᚱᛁᛈᛚᛖᛉ,331
danubian,512449,0,ᛞᚪᚾᚢᛒᛡᚾ,415
assailing,512443,0,ᚪᛋᛋᚪᛁᛚᛝ,483
prattle,512345,0,ᛈᚱᚪᛏᛏᛚᛖ,409
spoiler,512111,0,ᛋᛈᚩᛁᛚᛖᚱ,285
exotics,511687,0,ᛖᛉᚩᛏᛁᚳᛋ,277
fastens,511387,0,ᚠᚪᛋᛏᛖᚾᛋ,360
scruffy,511137,0,ᛋᚳᚱᚢᚠᚠᚣ,187
ferraro,511058,0,ᚠᛖᚱᚱᚪᚱᚩ,206
amaranth,510986,0,ᚪᛗᚪᚱᚪᚾᚦ,407
olympiad,510802,0,ᚩᛚᚣᛗᛈᛡᛞ,493
linemen,510525,0,ᛚᛁᚾᛖᛗᛖᚾ,367
niccolo,510374,0,ᚾᛁᚳᚳᚩᛚᚩ,173
izvestia,510156,0,ᛁᛋᚢᛖᛋᛏᛡ,373
diathermy,509338,0,ᛞᛡᚦᛖᚱᛗᚣ,453
avulsion,509299,0,ᚪᚢᚢᛚᛋᛡᚾ,365
plateaux,509210,0,ᛈᛚᚪᛏᛠᚢᛉ,431
litharge,508860,0,ᛚᛁᚦᚪᚱᚷᛖ,301
slothful,508395,0,ᛋᛚᚩᚦᚠᚢᛚ,216
demerit,508338,0,ᛞᛖᛗᛖᚱᛁᛏ,395
umbrage,508092,0,ᚢᛗᛒᚱᚪᚷᛖ,327
extruding,507991,0,ᛖᛉᛏᚱᚢᛞᛝ,355
bathrobe,507905,0,ᛒᚪᚦᚱᚩᛒᛖ,309
crimped,507883,0,ᚳᚱᛁᛗᛈᛖᛞ,325
kitchin,507815,0,ᚳᛁᛏᚳᚻᛁᚾ,199
staffer,507542,0,ᛋᛏᚪᚠᚠᛖᚱ,291
browner,507470,0,ᛒᚱᚩᚹᚾᛖᚱ,205
diastase,507040,0,ᛞᛡᛋᛏᚪᛋᛖ,525
anodyne,507032,0,ᚪᚾᚩᛞᚣᚾᛖ,421
drapers,506623,0,ᛞᚱᚪᛈᛖᚱᛋ,371
verbose,506400,0,ᚢᛖᚱᛒᚩᛋᛖ,269
minorca,505875,0,ᛗᛁᚾᚩᚱᚳᚪ,259
icterus,505752,0,ᛁᚳᛏᛖᚱᚢᛋ,237
carrara,505541,0,ᚳᚪᚱᚱᚪᚱᚪ,337
jackpot,505475,0,ᛂᚪᚳᚳᛈᚩᛏ,269
graphed,505383,0,ᚷᚱᚪᛈᚻᛖᛞ,347
gunwale,504681,0,ᚷᚢᚾᚹᚪᛚᛖ,305
ferried,504662,0,ᚠᛖᚱᚱᛁᛖᛞ,278
unwound,504656,0,ᚢᚾᚹᚩᚢᚾᛞ,179
masques,504641,0,ᛗᚪᛋᚳᚹᛖᛋ,373
giveaway,504544,0,ᚷᛁᚢᛠᚹᚪᚣ,379
wroclaw,504392,0,ᚹᚱᚩᚳᛚᚪᚹ,239
fetches,504239,0,ᚠᛖᛏᚳᚻᛖᛋ,284
griddle,503821,0,ᚷᚱᛁᛞᛞᛚᛖ,377
itemize,503690,0,ᛁᛏᛖᛗᛁᛋᛖ,379
godsend,503564,0,ᚷᚩᛞᛋᛖᚾᛞ,351
manchus,503526,0,ᛗᚪᚾᚳᚻᚢᛋ,289
taffeta,503206,0,ᛏᚪᚠᚠᛖᛏᚪ,383
ledyard,503134,0,ᛚᛖᛞᚣᚪᚱᛞ,529
enameling,502784,0,ᛖᚾᚪᛗᛖᛚᛝ,483
bergamo,502636,0,ᛒᛖᚱᚷᚪᛗᚩ,331
aerobics,502564,0,ᚫᚱᚩᛒᛁᚳᛋ,277
anselmo,502173,0,ᚪᚾᛋᛖᛚᛗᚩ,397
scrubby,501987,0,ᛋᚳᚱᚢᛒᛒᚣ,305
crunchy,501453,0,ᚳᚱᚢᚾᚳᚻᚣ,195
caiaphas,501204,0,ᚳᚪᛡᛈᚻᚪᛋ,433
suckled,500930,0,ᛋᚢᚳᚳᛚᛖᛞ,311
relishing,500297,0,ᚱᛖᛚᛁᛋᚻᛝ,337
sullied,500179,0,ᛋᚢᛚᛚᛁᛖᛞ,389
chiller,500117,0,ᚳᚻᛁᛚᛚᛖᚱ,291
corelli,500010,0,ᚳᚩᚱᛖᛚᛚᛁ,275
lectern,499946,0,ᛚᛖᚳᛏᛖᚱᚾ,319
elapses,499540,0,ᛖᛚᚪᛈᛋᛖᛋ,453
redeems,498961,0,ᚱᛖᛞᛖᛖᛗᛋ,425
allylic,498894,0,ᚪᛚᛚᚣᛚᛁᚳ,463
dilator,498855,0,ᛞᛁᛚᚪᛏᚩᚱ,367
shopped,498794,0,ᛋᚻᚩᛈᛈᛖᛞ,325
macduff,498700,0,ᛗᚪᚳᛞᚢᚠᚠ,277
daltons,498465,0,ᛞᚪᛚᛏᚩᚾᛋ,407
beggary,498393,0,ᛒᛖᚷᚷᚪᚱᚣ,373
twinned,498262,0,ᛏᚹᛁᚾᚾᛖᛞ,323
malraux,498124,0,ᛗᚪᛚᚱᚪᚢᛉ,399
quondam,497801,0,ᚳᚹᚩᚾᛞᚪᛗ,325
dogfish,497782,0,ᛞᚩᚷᚠᛁᛋᚻ,222
ragweed,497742,0,ᚱᚪᚷᚹᛖᛖᛞ,367
nuclide,497609,0,ᚾᚢᚳᛚᛁᛞᛖ,305
hamstring,497445,0,ᚻᚪᛗᛋᛏᚱᛝ,393
shillong,497110,0,ᛋᚻᛁᛚᛚᚩᛝ,339
snubbed,497055,0,ᛋᚾᚢᛒᛒᛖᛞ,363
parquet,497031,0,ᛈᚪᚱᚳᚹᛖᛏ,309
unlined,496550,0,ᚢᚾᛚᛁᚾᛖᛞ,321
pygmies,496496,0,ᛈᚣᚷᛗᛁᛖᛋ,385
viaducts,496282,0,ᚢᛡᛞᚢᚳᛏᛋ,327
seaborne,496282,0,ᛋᛠᛒᚩᚱᚾᛖ,337
cuddled,496211,0,ᚳᚢᛞᛞᛚᛖᛞ,423
cradock,496075,0,ᚳᚱᚪᛞᚩᚳᚳ,243
barbuda,496054,0,ᛒᚪᚱᛒᚢᛞᚪ,419
okayama,495877,0,ᚩᚳᚪᚣᚪᛗᚪ,485
rejoining,495745,0,ᚱᛖᛂᚩᛁᚾᛝ,261
prouder,495574,0,ᛈᚱᚩᚢᛞᛖᚱ,231
monkish,495298,0,ᛗᚩᚾᚳᛁᛋᚻ,227
abortus,495118,0,ᚪᛒᚩᚱᛏᚢᛋ,291
joannes,495080,0,ᛂᚩᚪᚾᚾᛖᛋ,319
stacker,495073,0,ᛋᛏᚪᚳᚳᛖᚱ,313
estrous,495041,0,ᛖᛋᛏᚱᚩᚢᛋ,253
refines,494823,0,ᚱᛖᚠᛁᚾᛖᛋ,260
exulted,494471,0,ᛖᛉᚢᛚᛏᛖᛞ,405
haulers,494455,0,ᚻᚪᚢᛚᛖᚱᛋ,327
molokai,494185,0,ᛗᚩᛚᚩᚳᚪᛁ,299
likeable,494180,0,ᛚᛁᚳᛠᛒᛚᛖ,427
aurelian,494057,0,ᚪᚢᚱᛖᛚᛡᚾ,387
reynard,493874,0,ᚱᛖᚣᚾᚪᚱᛞ,407
leptons,493681,0,ᛚᛖᛈᛏᚩᚾᛋ,331
kieffer,493399,0,ᚳᛁᛖᚠᚠᛖᚱ,193
flexors,493128,0,ᚠᛚᛖᛉᚩᚱᛋ,260
eclipsing,493082,0,ᛖᚳᛚᛁᛈᛋᛝ,359
pulsars,492972,0,ᛈᚢᛚᛋᚪᚱᛋ,333
orderings,492740,0,ᚩᚱᛞᛖᚱᛝᛋ,317
firmest,492707,0,ᚠᛁᚱᛗᛖᛋᛏ,294
candide,492598,0,ᚳᚪᚾᛞᛁᛞᛖ,415
velvets,492258,0,ᚢᛖᛚᚢᛖᛏᛋ,325
outworn,491954,0,ᚩᚢᛏᚹᚩᚱᚾ,135
poacher,491692,0,ᛈᚩᚪᚳᚻᛖᚱ,261
rubicon,491653,0,ᚱᚢᛒᛁᚳᚩᚾ,155
topsail,491618,0,ᛏᚩᛈᛋᚪᛁᛚ,363
fibroma,491417,0,ᚠᛁᛒᚱᚩᛗᚪ,280
samadhi,491414,0,ᛋᚪᛗᚪᛞᚻᛁ,461
grouted,490819,0,ᚷᚱᚩᚢᛏᛖᛞ,253
reposes,490715,0,ᚱᛖᛈᚩᛋᛖᛋ,301
waltzes,490577,0,ᚹᚪᛚᛏᛋᛖᛋ,421
brigand,490500,0,ᛒᚱᛁᚷᚪᚾᛞ,335
skewers,490499,0,ᛋᚳᛖᚹᛖᚱᛋ,283
grudges,490166,0,ᚷᚱᚢᛞᚷᛖᛋ,257
filbert,489943,0,ᚠᛁᛚᛒᛖᚱᛏ,304
debauch,489825,0,ᛞᛖᛒᚪᚢᚳᚻ,353
rivaled,489678,0,ᚱᛁᚢᚪᛚᛖᛞ,371
cutlass,489656,0,ᚳᚢᛏᛚᚪᛋᛋ,351
aphasic,489477,0,ᚪᛈᚻᚪᛋᛁᚳ,357
stettin,489346,0,ᛋᛏᛖᛏᛏᛁᚾ,357
hatters,489317,0,ᚻᚪᛏᛏᛖᚱᛋ,369
fidgeting,489121,0,ᚠᛁᛞᚷᛖᛏᛝ,344
cleanser,488957,0,ᚳᛚᛠᚾᛋᛖᚱ,355
alsatian,488618,0,ᚪᛚᛋᚪᛏᛡᚾ,515
chasers,488421,0,ᚳᚻᚪᛋᛖᚱᛋ,317
crudest,488353,0,ᚳᚱᚢᛞᛖᛋᛏ,295
racists,488309,0,ᚱᚪᚳᛁᛋᛏᛋ,317
fiddled,488256,0,ᚠᛁᛞᛞᛚᛖᛞ,440
angstrom,488000,0,ᚪᛝᛋᛏᚱᚩᛗ,377
sanctus,487854,0,ᛋᚪᚾᚳᛏᚢᛋ,307
palladio,487775,0,ᛈᚪᛚᛚᚪᛞᛡ,579
ditched,487717,0,ᛞᛁᛏᚳᚻᛖᛞ,371
maniacal,487195,0,ᛗᚪᚾᛡᚳᚪᛚ,487
rigours,487102,0,ᚱᛁᚷᚩᚢᚱᛋ,133
mantled,486890,0,ᛗᚪᚾᛏᛚᛖᛞ,485
sweepings,486831,0,ᛋᚹᛖᛖᛈᛝᛋ,381
plodded,486672,0,ᛈᛚᚩᛞᛞᛖᛞ,457
siphons,486469,0,ᛋᛁᛈᚻᚩᚾᛋ,239
obscura,486373,0,ᚩᛒᛋᚳᚢᚱᚪ,245
ferrule,486369,0,ᚠᛖᚱᚱᚢᛚᛖ,234
buffoon,486040,0,ᛒᚢᚠᚠᚩᚩᚾ,111
diphthong,485137,0,ᛞᛁᛈᚻᚦᚩᛝ,277
imprest,485133,0,ᛁᛗᛈᚱᛖᛋᛏ,335
repenting,485118,0,ᚱᛖᛈᛖᚾᛏᛝ,355
towboat,485047,0,ᛏᚩᚹᛒᚩᚪᛏ,309
blaster,484981,0,ᛒᛚᚪᛋᛏᛖᚱ,421
heloise,484874,0,ᚻᛖᛚᚩᛁᛋᛖ,321
grimacing,484844,0,ᚷᚱᛁᛗᚪᚳᛝ,319
chickpea,484679,0,ᚳᚻᛁᚳᚳᛈᛠ,245
coppery,484598,0,ᚳᚩᛈᛈᛖᚱᚣ,287
purists,484324,0,ᛈᚢᚱᛁᛋᛏᛋ,253
incubus,484022,0,ᛁᚾᚳᚢᛒᚢᛋ,193
entangling,483929,0,ᛖᚾᛏᚪᛝᛚᛝ,483
hornets,483628,0,ᚻᚩᚱᚾᛖᛏᛋ,249
loosens,483498,0,ᛚᚩᚩᛋᛖᚾᛋ,289
lintels,483222,0,ᛚᛁᚾᛏᛖᛚᛋ,385
sennett,483022,0,ᛋᛖᚾᚾᛖᛏᛏ,363
deduces,482932,0,ᛞᛖᛞᚢᚳᛖᛋ,381
tibialis,482548,0,ᛏᛁᛒᛡᛚᛁᛋ,415
lackeys,482446,0,ᛚᚪᚳᚳᛖᚣᛋ,419
hackman,482270,0,ᚻᚪᚳᚳᛗᚪᚾ,343
purines,481968,0,ᛈᚢᚱᛁᚾᛖᛋ,237
okhotsk,481361,0,ᚩᚳᚻᚩᛏᛋᚳ,175
otology,481196,0,ᚩᛏᚩᛚᚩᚷᚣ,273
wearable,481157,0,ᚹᛠᚱᚪᛒᛚᛖ,437
gravure,481131,0,ᚷᚱᚪᚢᚢᚱᛖ,209
culebra,481014,0,ᚳᚢᛚᛖᛒᚱᚪ,325
likable,480983,0,ᛚᛁᚳᚪᛒᛚᛖ,415
elysium,480938,0,ᛖᛚᚣᛋᛁᚢᛗ,401
claudian,480843,0,ᚳᛚᚪᚢᛞᛡᚾ,411
iterate,480696,0,ᛁᛏᛖᚱᚪᛏᛖ,391
disliking,480589,0,ᛞᛁᛋᛚᛁᚳᛝ,369
gascony,480138,0,ᚷᚪᛋᚳᚩᚾᚣ,319
vicenza,479940,0,ᚢᛁᚳᛖᚾᛋᚪ,293
refocus,479822,0,ᚱᛖᚠᚩᚳᚢᛋ,156
jurymen,479761,0,ᛂᚢᚱᚣᛗᛖᚾ,321
trunnion,479758,0,ᛏᚱᚢᚾᚾᛡᚾ,267
debater,479670,0,ᛞᛖᛒᚪᛏᛖᚱ,451
saddler,479654,0,ᛋᚪᛞᛞᛚᛖᚱ,479
kestrel,479544,0,ᚳᛖᛋᛏᚱᛖᛚ,343
wattles,479537,0,ᚹᚪᛏᛏᛚᛖᛋ,427
swindling,479464,0,ᛋᚹᛁᚾᛞᛚᛝ,373
novation,479179,0,ᚾᚩᚢᚪᛏᛡᚾ,331
adduces,478890,0,ᚪᛞᛞᚢᚳᛖᛋ,411
quartos,478870,0,ᚳᚹᚪᚱᛏᚩᛋ,259
gainsay,478716,0,ᚷᚪᛁᚾᛋᚪᚣ,427
dioecious,478703,0,ᛞᛡᛖᚳᛡᚢᛋ,439
falkner,478568,0,ᚠᚪᛚᚳᚾᛖᚱ,292
lynette,478382,0,ᛚᚣᚾᛖᛏᛏᛖ,457
anyways,478328,0,ᚪᚾᚣᚹᚪᚣᛋ,501
broaching,478319,0,ᛒᚱᚩᚪᚳᚻᛝ,291
curried,477948,0,ᚳᚢᚱᚱᛁᛖᛞ,225
pillaging,477942,0,ᛈᛁᛚᛚᚪᚷᛝ,413
sherbet,477769,0,ᛋᚻᛖᚱᛒᛖᛏ,341
prepuce,477725,0,ᛈᚱᛖᛈᚢᚳᛖ,247
marjory,477650,0,ᛗᚪᚱᛂᚩᚱᚣ,337
matador,477508,0,ᛗᚪᛏᚪᛞᚩᚱ,431
schisms,477166,0,ᛋᚳᚻᛁᛋᛗᛋ,297
malleus,477044,0,ᛗᚪᛚᛚᛖᚢᛋ,437
silvers,477037,0,ᛋᛁᛚᚢᛖᚱᛋ,291
cassino,476879,0,ᚳᚪᛋᛋᛁᚾᚩ,283
ugliest,476691,0,ᚢᚷᛚᛁᛖᛋᛏ,303
vibrato,476613,0,ᚢᛁᛒᚱᚪᛏᚩ,269
entangle,476532,0,ᛖᚾᛏᚪᛝᛚᛖ,471
girdled,476481,0,ᚷᛁᚱᛞᛚᛖᛞ,377
reheated,475758,0,ᚱᛖᚻᛠᛏᛖᛞ,425
kirkman,475731,0,ᚳᛁᚱᚳᛗᚪᚾ,265
passant,475456,0,ᛈᚪᛋᛋᚪᚾᛏ,431
aerofoil,475381,0,ᚫᚱᚩᚠᚩᛁᛚ,232
solidus,475295,0,ᛋᚩᛚᛁᛞᚢᛋ,309
apiaries,474747,0,ᚪᛈᛡᚱᛁᛖᛋ,409
dignify,474652,0,ᛞᛁᚷᚾᛁᚠᚣ,302
bakunin,474285,0,ᛒᚪᚳᚢᚾᛁᚾ,263
collyer,474217,0,ᚳᚩᛚᛚᚣᛖᚱ,347
minaret,474162,0,ᛗᛁᚾᚪᚱᛖᛏ,365
averroes,473992,0,ᚪᚢᛖᚱᚱᛟᛋ,325
reappearing,473961,0,ᚱᛠᛈᛈᛠᚱᛝ,405
blucher,473781,0,ᛒᛚᚢᚳᚻᛖᚱ,251
isfahan,473666,0,ᛁᛋᚠᚪᚻᚪᚾ,332
huskily,473539,0,ᚻᚢᛋᚳᛁᛚᚣ,299
allegra,473503,0,ᚪᛚᛚᛖᚷᚱᚪ,435
corrals,473354,0,ᚳᚩᚱᚱᚪᛚᛋ,265
gophers,473206,0,ᚷᚩᛈᚻᛖᚱᛋ,221
acanthus,473148,0,ᚪᚳᚪᚾᚦᚢᛋ,297
sinaloa,472815,0,ᛋᛁᚾᚪᛚᚩᚪ,387
propels,472586,0,ᛈᚱᚩᛈᛖᛚᛋ,297
reveled,472544,0,ᚱᛖᚢᛖᛚᛖᛞ,377
mannering,472385,0,ᛗᚪᚾᚾᛖᚱᛝ,383
embarks,471823,0,ᛖᛗᛒᚪᚱᚳᛋ,373
almoner,471786,0,ᚪᛚᛗᚩᚾᛖᚱ,355
waybill,471709,0,ᚹᚪᚣᛒᛁᛚᛚ,457
outgoings,471643,0,ᚩᚢᛏᚷᚩᛝᛋ,225
clavering,471572,0,ᚳᛚᚪᚢᛖᚱᛝ,343
calcining,471521,0,ᚳᚪᛚᚳᛁᚾᛝ,335
senecas,471390,0,ᛋᛖᚾᛖᚳᚪᛋ,379
ponders,471282,0,ᛈᚩᚾᛞᛖᚱᛋ,299
crumbly,471131,0,ᚳᚱᚢᛗᛒᛚᚣ,335
antacid,470942,0,ᚪᚾᛏᚪᚳᛁᛞ,415
foochow,470644,0,ᚠᚩᚩᚳᚻᚩᚹ,78
waffles,470638,0,ᚹᚪᚠᚠᛚᛖᛋ,313
harries,470515,0,ᚻᚪᚱᚱᛁᛖᛋ,293
leavened,470314,0,ᛚᛠᚢᛖᚾᛖᛞ,437
turkmen,470294,0,ᛏᚢᚱᚳᛗᛖᚾ,253
infante,470220,0,ᛁᚾᚠᚪᚾᛏᛖ,314
encrypt,470189,1,ᛖᚾᚳᚱᚣᛈᛏ,325
copiers,470040,0,ᚳᚩᛈᛁᛖᚱᛋ,225
intimal,469930,0,ᛁᚾᛏᛁᛗᚪᛚ,391
festuca,469508,0,ᚠᛖᛋᛏᚢᚳᚪ,294
bannock,469465,0,ᛒᚪᚾᚾᚩᚳᚳ,249
wrangler,469277,0,ᚹᚱᚪᛝᛚᛖᚱ,357
sequels,469218,0,ᛋᛖᚳᚹᛖᛚᛋ,345
boxwood,469187,0,ᛒᚩᛉᚹᚩᚩᛞ,237
crewman,468761,0,ᚳᚱᛖᚹᛗᚪᚾ,307
fistulae,468534,0,ᚠᛁᛋᛏᚢᛚᚫ,322
expends,468291,0,ᛖᛉᛈᛖᚾᛞᛋ,395
spanner,468127,0,ᛋᛈᚪᚾᚾᛖᚱ,329
forbearing,468046,0,ᚠᚩᚱᛒᛠᚱᛝ,280
harleian,467770,0,ᚻᚪᚱᛚᛖᛡᚾ,407
cankers,467616,0,ᚳᚪᚾᚳᛖᚱᛋ,283
deadened,467605,0,ᛞᛠᛞᛖᚾᛖᛞ,539
plumose,467519,0,ᛈᛚᚢᛗᚩᛋᛖ,317
standings,467434,0,ᛋᛏᚪᚾᛞᛝᛋ,459
eschewing,467279,0,ᛖᛋᚳᚻᛖᚹᛝ,321
inverts,467207,0,ᛁᚾᚢᛖᚱᛏᛋ,253
lasagna,467179,0,ᛚᚪᛋᚪᚷᚾᚪ,463
airless,467151,0,ᚪᛁᚱᛚᛖᛋᛋ,385
retorting,466995,0,ᚱᛖᛏᚩᚱᛏᛝ,293
flagman,466883,0,ᚠᛚᚪᚷᛗᚪᚾ,386
tumbles,466831,0,ᛏᚢᛗᛒᛚᛖᛋ,387
restating,466824,0,ᚱᛖᛋᛏᚪᛏᛝ,425
portend,466398,0,ᛈᚩᚱᛏᛖᚾᛞ,305
shrivel,466355,0,ᛋᚻᚱᛁᚢᛖᛚ,261
sheeted,466268,0,ᛋᚻᛖᛖᛏᛖᛞ,425
dodgson,465909,0,ᛞᚩᛞᚷᛋᚩᚾ,291
ordains,465868,0,ᚩᚱᛞᚪᛁᚾᛋ,317
infield,465815,0,ᛁᚾᚠᛁᛖᛚᛞ,322
glutton,465768,0,ᚷᛚᚢᛏᛏᚩᚾ,247
decidua,465705,0,ᛞᛖᚳᛁᛞᚢᚪ,389
beatific,465629,0,ᛒᛠᛏᛁᚠᛁᚳ,306
riskier,465599,0,ᚱᛁᛋᚳᛁᛖᚱ,217
effendi,465588,0,ᛖᚠᚠᛖᚾᛞᛁ,287
icicles,465358,0,ᛁᚳᛁᚳᛚᛖᛋ,281
insecta,465265,0,ᛁᚾᛋᛖᚳᛏᚪ,349
deploys,465262,0,ᛞᛖᛈᛚᚩᚣᛋ,435
corydon,465253,0,ᚳᚩᚱᚣᛞᚩᚾ,259
flinching,465220,0,ᚠᛚᛁᚾᚳᚻᛝ,250
solders,465181,0,ᛋᚩᛚᛞᛖᚱᛋ,353
dukedom,465095,0,ᛞᚢᚳᛖᛞᚩᛗ,339
neurone,464986,0,ᚾᛖᚢᚱᚩᚾᛖ,213
cutouts,464970,0,ᚳᚢᛏᚩᚢᛏᛋ,197
tellingly,464805,0,ᛏᛖᛚᛚᛝᛚᚣ,527
logbook,464738,0,ᛚᚩᚷᛒᚩᚩᚳ,185
romberg,464723,0,ᚱᚩᛗᛒᛖᚱᚷ,245
unmasking,464487,0,ᚢᚾᛗᚪᛋᚳᛝ,345
recency,464045,0,ᚱᛖᚳᛖᚾᚳᚣ,303
whereto,463836,0,ᚹᚻᛖᚱᛖᛏᚩ,253
assents,463765,0,ᚪᛋᛋᛖᚾᛏᛋ,411
mollusc,463601,0,ᛗᚩᛚᛚᚢᛋᚳ,293
embolic,463593,0,ᛖᛗᛒᚩᛚᛁᚳ,323
cassock,463005,0,ᚳᚪᛋᛋᚩᚳᚳ,249
noisome,462965,0,ᚾᚩᛁᛋᚩᛗᛖ,265
adverts,462655,0,ᚪᛞᚢᛖᚱᛏᛋ,379
begetting,462641,0,ᛒᛖᚷᛖᛏᛏᛝ,409
rambled,462607,0,ᚱᚪᛗᛒᛚᛖᛞ,469
unloved,462597,0,ᚢᚾᛚᚩᚢᛖᛞ,271
chucked,462529,0,ᚳᚻᚢᚳᚳᛖᛞ,221
giselle,462442,0,ᚷᛁᛋᛖᛚᛚᛖ,381
pentose,462113,0,ᛈᛖᚾᛏᚩᛋᛖ,325
recoils,462070,0,ᚱᛖᚳᚩᛁᛚᛋ,255
braised,461895,0,ᛒᚱᚪᛁᛋᛖᛞ,409
cheetah,461715,0,ᚳᚻᛖᛖᛏᚪᚻ,349
lepidus,461677,0,ᛚᛖᛈᛁᛞᚢᛋ,359
berbers,461505,0,ᛒᛖᚱᛒᛖᚱᛋ,331
podiatry,461355,0,ᛈᚩᛞᛡᛏᚱᚣ,419
soonest,461288,0,ᛋᚩᚩᚾᛖᛋᛏ,275
soulful,461214,0,ᛋᚩᚢᛚᚠᚢᛚ,214
cagayan,461078,0,ᚳᚪᚷᚪᚣᚪᚾ,453
ignites,461062,0,ᛁᚷᚾᛁᛏᛖᛋ,287
alexius,460655,0,ᚪᛚᛖᛉᛁᚢᛋ,371
motored,460644,0,ᛗᚩᛏᚩᚱᛖᛞ,311
pullout,460367,0,ᛈᚢᛚᛚᚩᚢᛏ,261
wiretap,460299,0,ᚹᛁᚱᛖᛏᚪᛈ,327
sirloin,460287,0,ᛋᛁᚱᛚᚩᛁᚾ,235
intaglio,460220,0,ᛁᚾᛏᚪᚷᛚᛡ,413
tarquin,460149,0,ᛏᚪᚱᚳᚹᛁᚾ,259
comique,459407,0,ᚳᚩᛗᛁᚳᚹᛖ,221
drovers,459300,0,ᛞᚱᚩᚢᛖᚱᛋ,241
creston,459261,0,ᚳᚱᛖᛋᛏᚩᚾ,239
allured,459246,0,ᚪᛚᛚᚢᚱᛖᛞ,413
dockage,458937,0,ᛞᚩᚳᚳᚪᚷᛖ,303
alberts,458930,0,ᚪᛚᛒᛖᚱᛏᛋ,421
nouveaux,458635,0,ᚾᚩᚢᚢᛠᚢᛉ,201
avatars,458509,0,ᚪᚢᚪᛏᚪᚱᛋ,417
junkers,458470,0,ᛂᚢᚾᚳᛖᚱᛋ,213
maddock,458423,0,ᛗᚪᛞᛞᚩᚳᚳ,379
bombast,458135,0,ᛒᚩᛗᛒᚪᛋᛏ,409
erotica,458022,0,ᛖᚱᚩᛏᛁᚳᚪ,285
cravens,457888,0,ᚳᚱᚪᚢᛖᚾᛋ,273
gaspard,457573,0,ᚷᚪᛋᛈᚪᚱᛞ,407
treasons,457417,0,ᛏᚱᛠᛋᚩᚾᛋ,321
resales,457401,0,ᚱᛖᛋᚪᛚᛖᛋ,421
huronian,457268,0,ᚻᚢᚱᚩᚾᛡᚾ,209
epochal,457258,0,ᛖᛈᚩᚳᚻᚪᛚ,323
hitters,456816,0,ᚻᛁᛏᛏᛖᚱᛋ,303
speller,456402,0,ᛋᛈᛖᛚᛚᛖᚱ,387
leakages,456094,0,ᛚᛠᚳᚪᚷᛖᛋ,429
palomar,456069,0,ᛈᚪᛚᚩᛗᚪᚱ,399
messier,455872,0,ᛗᛖᛋᛋᛁᛖᚱ,353
slights,455836,0,ᛋᛚᛁᚷᚻᛏᛋ,309
nebular,455778,0,ᚾᛖᛒᚢᛚᚪᚱ,341
snowshoe,455515,0,ᛋᚾᚩᚹᛋᚻᛟ,267
conniving,455449,0,ᚳᚩᚾᚾᛁᚢᛝ,191
londres,455113,0,ᛚᚩᚾᛞᚱᛖᛋ,329
paladin,454835,0,ᛈᚪᛚᚪᛞᛁᚾ,459
sprinting,454721,0,ᛋᛈᚱᛁᚾᛏᛝ,305
grilles,454706,0,ᚷᚱᛁᛚᛚᛖᛋ,325
behemoth,454642,0,ᛒᛖᚻᛖᛗᚩᚦ,301
rupturing,454295,0,ᚱᚢᛈᛏᚢᚱᛝ,209
delphic,454205,0,ᛞᛖᛚᛈᚻᛁᚳ,339
deflate,454019,0,ᛞᛖᚠᛚᚪᛏᛖ,454
reorient,453462,0,ᚱᛇᚱᛁᛖᚾᛏ,249
urinals,453316,0,ᚢᚱᛁᚾᚪᛚᛋ,297
requite,453159,0,ᚱᛖᚳᚹᛁᛏᛖ,267
copilot,452966,0,ᚳᚩᛈᛁᛚᚩᛏ,233
injects,452825,0,ᛁᚾᛂᛖᚳᛏᛋ,289
papered,452533,0,ᛈᚪᛈᛖᚱᛖᛞ,417
perrier,452532,0,ᛈᛖᚱᚱᛁᛖᚱ,241
ageless,452532,0,ᚪᚷᛖᛚᛖᛋᛋ,427
leviable,452331,0,ᛚᛖᚢᛡᛒᛚᛖ,451
spouted,452180,0,ᛋᛈᚩᚢᛏᛖᛞ,321
nipissing,452142,0,ᚾᛁᛈᛁᛋᛋᛝ,319
enslaving,452120,0,ᛖᚾᛋᛚᚪᚢᛝ,401
littering,452082,0,ᛚᛁᛏᛏᛖᚱᛝ,379
knitwear,451853,0,ᚳᚾᛁᛏᚹᛠᚱ,271
stratus,451590,0,ᛋᛏᚱᚪᛏᚢᛋ,335
cordials,451577,0,ᚳᚩᚱᛞᛡᛚᛋ,353
cellist,451543,0,ᚳᛖᛚᛚᛁᛋᛏ,369
birdsong,451364,0,ᛒᛁᚱᛞᛋᚩᛝ,331
hardier,451311,0,ᚻᚪᚱᛞᛁᛖᚱ,329
faneuil,451101,0,ᚠᚪᚾᛖᚢᛁᛚ,302
vacuity,451033,0,ᚢᚪᚳᚢᛁᛏᚣ,309
wrights,450767,0,ᚹᚱᛁᚷᚻᛏᛋ,213
hangzhou,450761,0,ᚻᚪᛝᛋᚻᚩᚢ,285
kuznets,450564,0,ᚳᚢᛋᚾᛖᛏᛋ,277
ordaining,450363,0,ᚩᚱᛞᚪᛁᚾᛝ,343
abridging,450284,0,ᚪᛒᚱᛁᛞᚷᛝ,385
platina,450223,0,ᛈᛚᚪᛏᛁᚾᚪ,429
clamber,450147,0,ᚳᛚᚪᛗᛒᛖᚱ,393
abelson,450140,0,ᚪᛒᛖᛚᛋᚩᚾ,387
absentia,450015,0,ᚪᛒᛋᛖᚾᛏᛡ,473
dredger,449953,0,ᛞᚱᛖᛞᚷᛖᚱ,351
heralding,449949,0,ᚻᛖᚱᚪᛚᛞᛝ,439
totemic,449928,0,ᛏᚩᛏᛖᛗᛁᚳ,307
overage,449763,0,ᚩᚢᛖᚱᚪᚷᛖ,269
hardpan,449720,0,ᚻᚪᚱᛞᛈᚪᚾ,389
maturer,449653,0,ᛗᚪᛏᚢᚱᛖᚱ,319
hermite,449484,0,ᚻᛖᚱᛗᛁᛏᛖ,329
heroics,449370,0,ᚻᛖᚱᚩᛁᚳᛋ,205
caltech,449370,0,ᚳᚪᛚᛏᛖᚳᚻ,345
shearman,449359,0,ᛋᚻᛠᚱᛗᚪᚾ,393
drippings,449299,0,ᛞᚱᛁᛈᛈᛝᛋ,349
antiqua,449267,0,ᚪᚾᛏᛁᚳᚹᚪ,345
courbet,449218,0,ᚳᚩᚢᚱᛒᛖᛏ,221
fomenting,449198,0,ᚠᚩᛗᛖᚾᛏᛝ,314
palates,449071,0,ᛈᚪᛚᚪᛏᛖᛋ,489
barangay,448897,0,ᛒᚪᚱᚪᛝᚪᚣ,545
ambiance,448649,0,ᚪᛗᛒᛡᚾᚳᛖ,445
mughals,448358,0,ᛗᚢᚷᚻᚪᛚᛋ,337
smoothie,448341,0,ᛋᛗᚩᚩᚦᛁᛖ,241
bandaging,448307,0,ᛒᚪᚾᛞᚪᚷᛝ,469
cornering,448259,0,ᚳᚩᚱᚾᛖᚱᛝ,217
rudders,448056,0,ᚱᚢᛞᛞᛖᚱᛋ,323
gosport,448027,0,ᚷᚩᛋᛈᚩᚱᛏ,197
apollos,447793,0,ᚪᛈᚩᛚᛚᚩᛋ,353
ocellus,447607,0,ᚩᚳᛖᛚᛚᚢᛋ,289
hankering,447139,0,ᚻᚪᚾᚳᛖᚱᛝ,319
newsman,447125,0,ᚾᛖᚹᛋᛗᚪᚾ,365
toenails,446928,0,ᛏᛟᚾᚪᛁᛚᛋ,425
rebutting,446626,0,ᚱᛖᛒᚢᛏᛏᛝ,339
benzoin,445895,0,ᛒᛖᚾᛋᚩᛁᚾ,277
subaerial,445835,0,ᛋᚢᛒᚫᚱᛡᛚ,409
seraglio,445740,0,ᛋᛖᚱᚪᚷᛚᛡ,425
walkout,445253,0,ᚹᚪᛚᚳᚩᚢᛏ,271
playoff,445149,0,ᛈᛚᚪᚣᚩᚠᚠ,327
chemise,445029,0,ᚳᚻᛖᛗᛁᛋᛖ,325
pandering,444865,0,ᛈᚪᚾᛞᛖᚱᛝ,415
quivers,444862,0,ᚳᚹᛁᚢᛖᚱᛋ,197
hollering,444847,0,ᚻᚩᛚᛚᛖᚱᛝ,333
adenoid,444635,0,ᚪᛞᛖᚾᚩᛁᛞ,409
ichabod,444278,0,ᛁᚳᚻᚪᛒᚩᛞ,321
boaters,444034,0,ᛒᚩᚪᛏᛖᚱᛋ,355
seagulls,443987,0,ᛋᛠᚷᚢᛚᛚᛋ,381
porteous,443902,0,ᛈᚩᚱᛏᛇᚢᛋ,217
domaine,443842,0,ᛞᚩᛗᚪᛁᚾᛖ,391
calliope,443724,0,ᚳᚪᛚᛚᛡᛈᛖ,473
snowman,443624,0,ᛋᚾᚩᚹᛗᚪᚾ,305
tardive,443513,0,ᛏᚪᚱᛞᛁᚢᛖ,357
lynched,443329,0,ᛚᚣᚾᚳᚻᛖᛞ,397
wettest,443300,0,ᚹᛖᛏᛏᛖᛋᛏ,383
larimer,443122,0,ᛚᚪᚱᛁᛗᛖᚱ,361
crappie,442952,0,ᚳᚱᚪᛈᛈᛁᛖ,305
eclogue,442893,0,ᛖᚳᛚᚩᚷᚢᛖ,247
sociation,442581,0,ᛋᚩᚳᛡᛏᛡᚾ,375
stoical,442572,0,ᛋᛏᚩᛁᚳᚪᛚ,333
primula,442371,0,ᛈᚱᛁᛗᚢᛚᚪ,329
mistral,442173,0,ᛗᛁᛋᛏᚱᚪᛚ,395
cheapening,442071,0,ᚳᚻᛠᛈᛖᚾᛝ,363
comoros,442032,0,ᚳᚩᛗᚩᚱᚩᛋ,169
ourself,441950,0,ᚩᚢᚱᛋᛖᛚᚠ,216
makeover,441888,0,ᛗᚪᚳᛇᚢᛖᚱ,303
aptness,441644,0,ᚪᛈᛏᚾᛖᛋᛋ,401
phrasal,441507,0,ᛈᚻᚱᚪᛋᚪᛚ,397
uplifts,441393,0,ᚢᛈᛚᛁᚠᛏᛋ,264
shenyang,440946,0,ᛋᚻᛖᚾᚣᚪᛝ,451
nuzzled,440925,0,ᚾᚢᛋᛋᛚᛖᛞ,367
swisher,440877,0,ᛋᚹᛁᛋᚻᛖᚱ,257
golgotha,440826,0,ᚷᚩᛚᚷᚩᚦᚪ,223
pistils,440791,0,ᛈᛁᛋᛏᛁᛚᛋ,343
nonfood,440745,0,ᚾᚩᚾᚠᚩᚩᛞ,170
botched,440469,0,ᛒᚩᛏᚳᚻᛖᛞ,319
tripods,440463,0,ᛏᚱᛁᛈᚩᛞᛋ,293
arabica,440354,0,ᚪᚱᚪᛒᛁᚳᚪ,407
ethelred,440338,0,ᛖᚦᛖᛚᚱᛖᛞ,379
adjudging,440321,0,ᚪᛞᛂᚢᛞᚷᛝ,411
mindoro,439810,0,ᛗᛁᚾᛞᚩᚱᚩ,245
rumblings,439760,0,ᚱᚢᛗᛒᛚᛝᛋ,351
stepper,439648,0,ᛋᛏᛖᛈᛈᛖᚱ,343
estrone,439622,0,ᛖᛋᛏᚱᚩᚾᛖ,293
twister,439570,0,ᛏᚹᛁᛋᛏᛖᚱ,299
somalis,439437,0,ᛋᚩᛗᚪᛚᛁᛋ,385
kosygin,439394,0,ᚳᚩᛋᚣᚷᛁᚾ,253
cautioning,439140,0,ᚳᚪᚢᛏᛡᚾᛝ,387
copepod,438940,0,ᚳᚩᛈᛖᛈᚩᛞ,269
wenlock,438886,0,ᚹᛖᚾᛚᚩᚳᚳ,221
upsilon,438781,0,ᚢᛈᛋᛁᛚᚩᚾ,239
mollusk,438673,0,ᛗᚩᛚᛚᚢᛋᚳ,293
dwelled,438529,0,ᛞᚹᛖᛚᛚᛖᛞ,477
catkins,438527,0,ᚳᚪᛏᚳᛁᚾᛋ,295
flaxman,438329,0,ᚠᛚᚪᛉᛗᚪᚾ,416
friezes,438101,0,ᚠᚱᛁᛖᛋᛖᛋ,284
sawyers,437862,0,ᛋᚪᚹᚣᛖᚱᛋ,403
spleens,437778,0,ᛋᛈᛚᛖᛖᚾᛋ,385
rowboat,437713,0,ᚱᚩᚹᛒᚩᚪᛏ,261
humaine,437666,0,ᚻᚢᛗᚪᛁᚾᛖ,321
waikiki,437509,0,ᚹᚪᛁᚳᛁᚳᛁ,235
veggies,437492,0,ᚢᛖᚷᚷᛁᛖᛋ,255
trucked,437322,0,ᛏᚱᚢᚳᚳᛖᛞ,255
paddies,437302,0,ᛈᚪᛞᛞᛁᛖᛋ,469
enigmas,437129,0,ᛖᚾᛁᚷᛗᚪᛋ,365
gouache,437057,0,ᚷᚩᚢᚪᚳᚻᛖ,227
roaches,436989,0,ᚱᚩᚪᚳᚻᛖᛋ,271
flouted,436853,0,ᚠᛚᚩᚢᛏᛖᛞ,300
unpleasing,436645,0,ᚢᚾᛈᛚᛠᛋᛝ,389
miserly,436605,0,ᛗᛁᛋᛖᚱᛚᚣ,409
pimlico,436413,0,ᛈᛁᛗᛚᛁᚳᚩ,269
honeyed,436351,0,ᚻᚩᚾᛖᚣᛖᛞ,385
borstal,436271,0,ᛒᚩᚱᛋᛏᚪᛚ,361
reified,435777,0,ᚱᛖᛁᚠᛁᛖᛞ,298
shippen,435659,0,ᛋᚻᛁᛈᛈᛖᚾ,289
diarrheal,435615,0,ᛞᛡᚱᚱᚻᛠᛚ,423
joyless,435398,0,ᛂᚩᚣᛚᛖᛋᛋ,393
censuring,435384,0,ᚳᛖᚾᛋᚢᚱᛝ,255
houdini,435289,0,ᚻᚩᚢᛞᛁᚾᛁ,213
brander,435285,0,ᛒᚱᚪᚾᛞᛖᚱ,365
headroom,435220,0,ᚻᛠᛞᚱᚩᚩᛗ,317
hotspot,435024,0,ᚻᚩᛏᛋᛈᚩᛏ,251
spatter,435015,0,ᛋᛈᚪᛏᛏᛖᚱ,389
sevenths,434919,0,ᛋᛖᚢᛖᚾᚦᛋ,277
rummage,434489,0,ᚱᚢᛗᛗᚪᚷᛖ,337
snippet,434463,0,ᛋᚾᛁᛈᛈᛖᛏ,325
majorca,434211,0,ᛗᚪᛂᚩᚱᚳᚪ,333
scalars,434092,0,ᛋᚳᚪᛚᚪᚱᛋ,397
romanov,433855,0,ᚱᚩᛗᚪᚾᚩᚢ,225
winders,433642,0,ᚹᛁᚾᛞᛖᚱᛋ,299
tylenol,433556,0,ᛏᚣᛚᛖᚾᚩᛚ,411
emigres,433310,0,ᛖᛗᛁᚷᚱᛖᛋ,317
unlocks,433276,0,ᚢᚾᛚᚩᚳᚳᛋ,191
revamping,433176,0,ᚱᛖᚢᚪᛗᛈᛝ,371
scission,432670,0,ᛋᚳᛁᛋᛋᛡᚾ,339
vesture,432607,0,ᚢᛖᛋᛏᚢᚱᛖ,263
gershom,432551,0,ᚷᛖᚱᛋᚻᚩᛗ,249
majored,432362,0,ᛗᚪᛂᚩᚱᛖᛞ,379
wrecker,432126,0,ᚹᚱᛖᚳᚳᛖᚱ,201
roaster,432018,0,ᚱᚩᚪᛋᛏᛖᚱ,305
jittery,431891,0,ᛂᛁᛏᛏᛖᚱᚣ,367
demoniac,431662,0,ᛞᛖᛗᚩᚾᛡᚳ,383
swaddling,431632,0,ᛋᚹᚪᛞᛞᛚᛝ,499
tugboat,431345,0,ᛏᚢᚷᛒᚩᚪᛏ,303
incites,431212,0,ᛁᚾᚳᛁᛏᛖᛋ,283
refitting,431132,0,ᚱᛖᚠᛁᛏᛏᛝ,308
palliate,430959,0,ᛈᚪᛚᛚᛡᛏᛖ,519
pushers,430792,0,ᛈᚢᛋᚻᛖᚱᛋ,253
blondes,430771,0,ᛒᛚᚩᚾᛞᛖᛋ,379
angelico,430541,0,ᚪᛝᛖᛚᛁᚳᚩ,367
feebler,430453,0,ᚠᛖᛖᛒᛚᛖᚱ,348
whetted,430317,0,ᚹᚻᛖᛏᛏᛖᛞ,383
inheres,430288,0,ᛁᚾᚻᛖᚱᛖᛋ,281
codifying,430188,0,ᚳᚩᛞᛁᚠᚣᛝ,324
scalped,430119,0,ᛋᚳᚪᛚᛈᛖᛞ,435
boracic,430005,0,ᛒᚩᚱᚪᚳᛁᚳ,233
bilobed,429963,0,ᛒᛁᛚᚩᛒᛖᛞ,389
sprites,429949,0,ᛋᛈᚱᛁᛏᛖᛋ,317
revokes,429906,0,ᚱᛖᚢᚩᚳᛖᛋ,221
enlists,429834,0,ᛖᚾᛚᛁᛋᛏᛋ,365
ammoniac,429679,0,ᚪᛗᛗᚩᚾᛡᚳ,395
vandyke,429528,0,ᚢᚪᚾᛞᚣᚳᛖ,401
predate,429329,0,ᛈᚱᛖᛞᚪᛏᛖ,433
glutted,429171,0,ᚷᛚᚢᛏᛏᛖᛞ,367
striation,429132,0,ᛋᛏᚱᛡᛏᛡᚾ,425
astarte,428796,0,ᚪᛋᛏᚪᚱᛏᛖ,443
bittern,428617,0,ᛒᛁᛏᛏᛖᚱᚾ,317
grossed,428513,0,ᚷᚱᚩᛋᛋᛖᛞ,297
langland,428499,0,ᛚᚪᛝᛚᚪᚾᛞ,537
hordeum,428369,0,ᚻᚩᚱᛞᛖᚢᛗ,271
forgone,428092,0,ᚠᚩᚱᚷᚩᚾᛖ,140
beachhead,428000,0,ᛒᛠᚳᚻᚻᛠᛞ,427
deictic,427924,0,ᛞᛖᛁᚳᛏᛁᚳ,303
foisted,427896,0,ᚠᚩᛁᛋᛏᛖᛞ,308
evelina,427615,0,ᛖᚢᛖᛚᛁᚾᚪ,367
koestler,427588,0,ᚳᛟᛋᛏᛚᛖᚱ,359
artiste,426862,0,ᚪᚱᛏᛁᛋᛏᛖ,377
littler,426717,0,ᛚᛁᛏᛏᛚᛖᚱ,373
cutoffs,426700,0,ᚳᚢᛏᚩᚠᚠᛋ,139
ischium,426682,0,ᛁᛋᚳᚻᛁᚢᛗ,225
hunches,426604,0,ᚻᚢᚾᚳᚻᛖᛋ,211
igniter,426540,0,ᛁᚷᚾᛁᛏᛖᚱ,245
dusters,426483,0,ᛞᚢᛋᛏᛖᚱᛋ,335
queenie,426193,0,ᚳᚹᛖᛖᚾᛁᛖ,293
readiest,425584,0,ᚱᛠᛞᛁᛖᛋᛏ,419
assails,425212,0,ᚪᛋᛋᚪᛁᛚᛋ,457
freshet,424971,0,ᚠᚱᛖᛋᚻᛖᛏ,282
iscariot,424764,0,ᛁᛋᚳᚪᚱᛡᛏ,371
doctoring,424722,0,ᛞᚩᚳᛏᚩᚱᛝ,265
gluteus,424612,0,ᚷᛚᚢᛏᛖᚢᛋ,275
organon,424251,0,ᚩᚱᚷᚪᚾᚩᚾ,197
strayer,424221,0,ᛋᛏᚱᚪᚣᛖᚱ,401
earmarking,424073,0,ᛠᚱᛗᚪᚱᚳᛝ,391
pilfering,424063,0,ᛈᛁᛚᚠᛖᚱᛝ,306
cherubs,423978,0,ᚳᚻᛖᚱᚢᛒᛋ,231
glisten,423968,0,ᚷᛚᛁᛋᛏᛖᚾ,329
seriatim,423769,0,ᛋᛖᚱᛡᛏᛁᛗ,399
preform,423627,0,ᛈᚱᛖᚠᚩᚱᛗ,212
unifies,423610,0,ᚢᚾᛁᚠᛁᛖᛋ,216
simples,423600,0,ᛋᛁᛗᛈᛚᛖᛋ,391
ricotta,423393,0,ᚱᛁᚳᚩᛏᛏᚪ,277
trapeze,422900,0,ᛏᚱᚪᛈᛖᛋᛖ,397
angeline,422413,0,ᚪᛝᛖᛚᛁᚾᛖ,443
quintin,422376,0,ᚳᚹᛁᚾᛏᛁᚾ,211
eveline,422219,0,ᛖᚢᛖᛚᛁᚾᛖ,337
nacelle,422068,0,ᚾᚪᚳᛖᛚᛚᛖ,419
deafened,421930,0,ᛞᛠᚠᛖᚾᛖᛞ,452
delicti,421678,0,ᛞᛖᛚᛁᚳᛏᛁ,363
woodlot,421488,0,ᚹᚩᚩᛞᛚᚩᛏ,261
minimus,421445,0,ᛗᛁᚾᛁᛗᚢᛋ,289
spindly,421428,0,ᛋᛈᛁᚾᛞᛚᚣ,421
engraven,420911,0,ᛖᛝᚱᚪᚢᛖᚾ,353
scrapie,420749,0,ᛋᚳᚱᚪᛈᛁᛖ,315
intrust,420713,0,ᛁᚾᛏᚱᚢᛋᛏ,245
mastiff,420710,0,ᛗᚪᛋᛏᛁᚠᚠ,315
shoestring,419990,0,ᛋᚻᛟᛋᛏᚱᛝ,361
helicon,419870,0,ᚻᛖᛚᛁᚳᚩᚾ,243
verbena,419711,0,ᚢᛖᚱᛒᛖᚾᚪ,335
indents,419533,0,ᛁᚾᛞᛖᚾᛏᛋ,357
rattler,419276,0,ᚱᚪᛏᛏᛚᛖᚱ,377
berated,419180,0,ᛒᛖᚱᚪᛏᛖᛞ,451
couldst,419168,0,ᚳᚩᚢᛚᛞᛋᛏ,297
puddled,419034,0,ᛈᚢᛞᛞᛚᛖᛞ,453
shafter,418968,0,ᛋᚻᚪᚠᛏᛖᚱ,312
mealtime,418893,0,ᛗᛠᛚᛏᛁᛗᛖ,481
emended,418072,0,ᛖᛗᛖᚾᛞᛖᛞ,479
tahitian,418017,0,ᛏᚪᚻᛁᛏᛡᚾ,405
pinnace,417748,0,ᛈᛁᚾᚾᚪᚳᛖ,309
faggots,417740,0,ᚠᚪᚷᚷᚩᛏᛋ,252
crenate,417587,0,ᚳᚱᛖᚾᚪᛏᛖ,343
czarist,417428,0,ᚳᛋᚪᚱᛁᛋᛏ,317
gasohol,417232,0,ᚷᚪᛋᚩᚻᚩᛚ,277
amusingly,416927,0,ᚪᛗᚢᛋᛝᛚᚣ,479
chagall,416925,0,ᚳᚻᚪᚷᚪᛚᛚ,393
medicis,416781,0,ᛗᛖᛞᛁᚳᛁᛋ,355
truffle,416539,0,ᛏᚱᚢᚠᚠᛚᛖ,217
sievers,416310,0,ᛋᛁᛖᚢᛖᚱᛋ,285
trifled,416242,0,ᛏᚱᛁᚠᛚᛖᛞ,332
untaxed,416048,0,ᚢᚾᛏᚪᛉᛖᛞ,391
otoliths,415954,0,ᚩᛏᚩᛚᛁᚦᛋ,235
sitwell,415908,0,ᛋᛁᛏᚹᛖᛚᛚ,375
recoiling,415138,0,ᚱᛖᚳᚩᛁᛚᛝ,281
blighting,415123,0,ᛒᛚᛁᚷᚻᛏᛝ,343
lynchings,415009,0,ᛚᚣᚾᚳᚻᛝᛋ,373
trainings,414943,0,ᛏᚱᚪᛁᚾᛝᛋ,359
thraldom,414937,0,ᚦᚱᚪᛚᛞᚩᛗ,353
flotsam,414937,0,ᚠᛚᚩᛏᛋᚪᛗ,362
atomism,414926,0,ᚪᛏᚩᛗᛁᛋᛗ,389
venules,414923,0,ᚢᛖᚾᚢᛚᛖᛋ,295
uncivil,414875,0,ᚢᚾᚳᛁᚢᛁᛚ,183
homburg,414779,0,ᚻᚩᛗᛒᚢᚱᚷ,193
sliders,414740,0,ᛋᛚᛁᛞᛖᚱᛋ,377
bouncer,414657,0,ᛒᚩᚢᚾᚳᛖᚱ,191
vermouth,414348,0,ᚢᛖᚱᛗᚩᚢᚦ,167
shapers,414178,0,ᛋᚻᚪᛈᛖᚱᛋ,347
dwarves,414157,0,ᛞᚹᚪᚱᚢᛖᛋ,339
bleeker,414138,0,ᛒᛚᛖᛖᚳᛖᚱ,359
aneroid,414084,0,ᚪᚾᛖᚱᚩᛁᛞ,331
edified,413924,0,ᛖᛞᛁᚠᛁᛖᛞ,376
ingratiating,413579,0,ᛝᚱᚪᛏᛡᛏᛝ,491
variorum,413436,0,ᚢᚪᚱᛡᚱᚢᛗ,303
teleosts,413233,0,ᛏᛖᛚᛇᛋᛏᛋ,405
hassles,413068,0,ᚻᚪᛋᛋᛚᛖᛋ,419
chutney,412897,0,ᚳᚻᚢᛏᚾᛖᚣ,297
tidbits,412827,0,ᛏᛁᛞᛒᛁᛏᛋ,383
teetering,412609,0,ᛏᛖᛖᛏᛖᚱᛝ,409
mongoose,412600,0,ᛗᚩᛝᚩᚩᛋᛖ,291
plovers,412567,0,ᛈᛚᚩᚢᛖᚱᛋ,257
leprous,412433,0,ᛚᛖᛈᚱᚩᚢᛋ,257
romanes,412337,0,ᚱᚩᛗᚪᚾᛖᛋ,335
petrous,412105,0,ᛈᛖᛏᚱᚩᚢᛋ,243
bandied,412026,0,ᛒᚪᚾᛞᛁᛖᛞ,463
chukchi,412022,0,ᚳᚻᚢᚳᚳᚻᛁ,119
parsnip,411999,0,ᛈᚪᚱᛋᚾᛁᛈ,307
gobbled,411987,0,ᚷᚩᛒᛒᛚᛖᛞ,375
dilates,411851,0,ᛞᛁᛚᚪᛏᛖᛋ,469
diapason,411767,0,ᛞᛡᛈᚪᛋᚩᚾ,425
discoid,411574,0,ᛞᛁᛋᚳᚩᛁᛞ,313
commode,411545,0,ᚳᚩᛗᛗᚩᛞᛖ,325
unreason,411526,0,ᚢᚾᚱᛠᛋᚩᚾ,241
calamus,411026,0,ᚳᚪᛚᚪᛗᚢᛋ,407
grouchy,410822,0,ᚷᚱᚩᚢᚳᚻᚣ,177
runnels,410753,0,ᚱᚢᚾᚾᛖᛚᛋ,265
wracked,410752,0,ᚹᚱᚪᚳᚳᛖᛞ,309
shakily,410744,0,ᛋᚻᚪᚳᛁᛚᚣ,393
kindles,410522,0,ᚳᛁᚾᛞᛚᛖᛋ,355
oculist,410170,0,ᚩᚳᚢᛚᛁᛋᛏ,239
walloon,410143,0,ᚹᚪᛚᛚᚩᚩᚾ,305
brisket,409473,0,ᛒᚱᛁᛋᚳᛖᛏ,295
spruces,409271,0,ᛋᛈᚱᚢᚳᛖᛋ,243
lorrain,409258,0,ᛚᚩᚱᚱᚪᛁᚾ,259
kubrick,409162,0,ᚳᚢᛒᚱᛁᚳᚳ,145
patricio,409056,0,ᛈᚪᛏᚱᛁᚳᛡ,361
arminian,408955,0,ᚪᚱᛗᛁᚾᛡᚾ,375
cessions,408877,0,ᚳᛖᛋᛋᛡᚾᛋ,375
cricoid,408762,0,ᚳᚱᛁᚳᚩᛁᛞ,195
teasdale,408305,0,ᛏᛠᛋᛞᚪᛚᛖ,547
hitches,408120,0,ᚻᛁᛏᚳᚻᛖᛋ,269
recline,408038,0,ᚱᛖᚳᛚᛁᚾᛖ,291
spooked,407846,0,ᛋᛈᚩᚩᚳᛖᛞ,279
magpies,407739,0,ᛗᚪᚷᛈᛁᛖᛋ,379
begonias,407723,0,ᛒᛖᚷᚩᚾᛡᛋ,341
bridled,407544,0,ᛒᚱᛁᛞᛚᛖᛞ,421
dabbled,406916,0,ᛞᚪᛒᛒᛚᛖᛞ,537
plaints,406875,0,ᛈᛚᚪᛁᚾᛏᛋ,385
captious,406530,0,ᚳᚪᛈᛏᛡᚢᛋ,375
leaguers,406090,0,ᛚᛠᚷᚢᛖᚱᛋ,333
datable,406045,0,ᛞᚪᛏᚪᛒᛚᛖ,543
lanolin,405760,0,ᛚᚪᚾᚩᛚᛁᚾ,339
nahuatl,405730,0,ᚾᚪᚻᚢᚪᛏᛚ,381
scuffed,405676,0,ᛋᚳᚢᚠᚠᛖᛞ,229
glaringly,405591,0,ᚷᛚᚪᚱᛝᛚᚣ,453
bisecting,405585,0,ᛒᛁᛋᛖᚳᛏᛝ,363
molesting,405470,0,ᛗᚩᛚᛖᛋᛏᛝ,409
galleons,405407,0,ᚷᚪᛚᛚᛇᚾᛋ,383
bassist,405254,0,ᛒᚪᛋᛋᛁᛋᛏ,407
bahamian,405102,0,ᛒᚪᚻᚪᛗᛡᚾ,485
asepsis,405097,0,ᚪᛋᛖᛈᛋᛁᛋ,397
hessians,404794,0,ᚻᛖᛋᛋᛡᚾᛋ,385
arianism,404765,0,ᚪᚱᛡᚾᛁᛋᛗ,399
revelling,404647,0,ᚱᛖᚢᛖᛚᛚᛝ,373
coxcomb,404623,0,ᚳᚩᛉᚳᚩᛗᛒ,219
mondrian,404501,0,ᛗᚩᚾᛞᚱᛡᚾ,343
palpate,404469,0,ᛈᚪᛚᛈᚪᛏᛖ,479
mutagen,404238,0,ᛗᚢᛏᚪᚷᛖᚾ,343
drizzling,404167,0,ᛞᚱᛁᛋᛋᛚᛝ,389
facially,404077,0,ᚠᚪᚳᛡᛚᛚᚣ,468
tourney,403926,0,ᛏᚩᚢᚱᚾᛖᚣ,279
sorters,403926,0,ᛋᚩᚱᛏᛖᚱᛋ,261
pottage,403901,0,ᛈᚩᛏᛏᚪᚷᛖ,349
middens,403877,0,ᛗᛁᛞᛞᛖᚾᛋ,429
buyouts,403855,0,ᛒᚢᚣᚩᚢᛏᛋ,289
sneezed,403813,0,ᛋᚾᛖᛖᛋᛖᛞ,425
tendril,403603,0,ᛏᛖᚾᛞᚱᛁᛚ,359
hallows,403460,0,ᚻᚪᛚᛚᚩᚹᛋ,345
ambrosio,403282,0,ᚪᛗᛒᚱᚩᛋᛡ,407
variates,403251,0,ᚢᚪᚱᛡᛏᛖᛋ,397
eastlake,403033,0,ᛠᛋᛏᛚᚪᚳᛖ,471
grouper,402995,0,ᚷᚱᚩᚢᛈᛖᚱ,159
kolkhoz,402942,0,ᚳᚩᛚᚳᚻᚩᛋ,189
distaff,402886,0,ᛞᛁᛋᛏᚪᚠᚠ,333
slicked,402591,0,ᛋᛚᛁᚳᚳᛖᛞ,339
corneum,402567,0,ᚳᚩᚱᚾᛖᚢᛗ,201
retouch,402239,0,ᚱᛖᛏᚩᚢᚳᚻ,183
durance,402128,0,ᛞᚢᚱᚪᚾᚳᛖ,309
rankled,401899,0,ᚱᚪᚾᚳᛚᛖᛞ,379
refluxing,401761,0,ᚱᛖᚠᛚᚢᛉᛝ,282
cutlets,401651,0,ᚳᚢᛏᛚᛖᛏᛋ,327
oleander,401412,0,ᚩᛚᛠᚾᛞᛖᚱ,385
midrange,401233,0,ᛗᛁᛞᚱᚪᛝᛖ,445
seatbelt,400870,0,ᛋᛠᛏᛒᛖᛚᛏ,481
azimuths,400639,0,ᚪᛋᛁᛗᚢᚦᛋ,313
hebraic,400583,0,ᚻᛖᛒᚱᚪᛁᚳ,303
villany,400562,0,ᚢᛁᛚᛚᚪᚾᚣ,409
vocally,400240,0,ᚢᚩᚳᚪᛚᛚᚣ,369
tetanic,400033,0,ᛏᛖᛏᚪᚾᛁᚳ,355
isobars,399945,0,ᛁᛋᚩᛒᚪᚱᛋ,313
snipped,399922,0,ᛋᚾᛁᛈᛈᛖᛞ,355
berserk,399878,0,ᛒᛖᚱᛋᛖᚱᚳ,283
baryons,399790,0,ᛒᚪᚱᚣᚩᚾᛋ,361
polypus,399774,0,ᛈᚩᛚᚣᛈᚢᛋ,325
arragon,399731,0,ᚪᚱᚱᚪᚷᚩᚾ,269
mailman,399624,0,ᛗᚪᛁᛚᛗᚪᚾ,469
fiddles,399597,0,ᚠᛁᛞᛞᛚᛖᛋ,404
linnaean,399593,0,ᛚᛁᚾᚾᚫᚪᚾ,389
forbears,399471,0,ᚠᚩᚱᛒᛠᚱᛋ,254
lifters,399450,0,ᛚᛁᚠᛏᛖᚱᛋ,296
burthens,399305,0,ᛒᚢᚱᚦᛖᚾᛋ,229
gaiters,399286,0,ᚷᚪᛁᛏᛖᚱᛋ,335
swivels,399256,0,ᛋᚹᛁᚢᛖᛚᛋ,299
slavers,399042,0,ᛋᛚᚪᚢᛖᚱᛋ,357
crossly,398670,0,ᚳᚱᚩᛋᛋᛚᚣ,313
fondled,398547,0,ᚠᚩᚾᛞᛚᛖᛞ,356
canadas,398420,0,ᚳᚪᚾᚪᛞᚪᛋ,475
soyinka,398224,0,ᛋᚩᚣᛁᚾᚳᚪ,333
chanter,398139,0,ᚳᚻᚪᚾᛏᛖᚱ,299
batsman,397992,0,ᛒᚪᛏᛋᛗᚪᚾ,467
filiation,397771,0,ᚠᛁᛚᛡᛏᛡᚾ,408
anasazi,397720,0,ᚪᚾᚪᛋᚪᛋᛁ,457
fiducial,397700,0,ᚠᛁᛞᚢᚳᛡᛚ,318
communing,397647,0,ᚳᚩᛗᛗᚢᚾᛝ,273
lucrece,397546,0,ᛚᚢᚳᚱᛖᚳᛖ,247
gainers,397480,0,ᚷᚪᛁᚾᛖᚱᛋ,305
admixed,397286,0,ᚪᛞᛗᛁᛉᛖᛞ,491
browsed,396943,0,ᛒᚱᚩᚹᛋᛖᛞ,307
whacked,396697,0,ᚹᚻᚪᚳᚳᛖᛞ,321
cubital,396694,0,ᚳᚢᛒᛁᛏᚪᛚ,337
georgics,396666,0,ᚷᛇᚱᚷᛁᚳᛋ,183
drifter,396452,0,ᛞᚱᛁᚠᛏᛖᚱ,270
turnoff,395994,0,ᛏᚢᚱᚾᚩᚠᚠ,113
lafitte,395988,0,ᛚᚪᚠᛁᛏᛏᛖ,388
spurted,395900,0,ᛋᛈᚢᚱᛏᛖᛞ,325
taxpaying,395864,0,ᛏᚪᛉᛈᚪᚣᛝ,525
sleighs,395862,0,ᛋᛚᛖᛁᚷᚻᛋ,317
grassed,395655,0,ᚷᚱᚪᛋᛋᛖᛞ,387
extrema,395606,0,ᛖᛉᛏᚱᛖᛗᚪ,419
serapis,395427,0,ᛋᛖᚱᚪᛈᛁᛋ,355
invitee,395395,0,ᛁᚾᚢᛁᛏᛖᛖ,287
pietism,395176,0,ᛈᛁᛖᛏᛁᛋᛗ,355
averell,395072,0,ᚪᚢᛖᚱᛖᛚᛚ,391
sunbelt,394549,0,ᛋᚢᚾᛒᛖᛚᛏ,345
butlers,394350,0,ᛒᚢᛏᛚᛖᚱᛋ,327
fellini,394332,0,ᚠᛖᛚᛚᛁᚾᛁ,306
crabbed,394084,0,ᚳᚱᚪᛒᛒᛖᛞ,399
foxtail,394065,0,ᚠᚩᛉᛏᚪᛁᛚ,316
gymnasia,393982,0,ᚷᚣᛗᚾᚪᛋᛡ,477
topless,393661,0,ᛏᚩᛈᛚᛖᛋᛋ,355
indexer,393616,0,ᛁᚾᛞᛖᛉᛖᚱ,341
trolled,393324,0,ᛏᚱᚩᛚᛚᛖᛞ,379
cortina,393309,0,ᚳᚩᚱᛏᛁᚾᚪ,247
accompt,393276,0,ᚪᚳᚳᚩᛗᛈᛏ,303
ablution,393261,0,ᚪᛒᛚᚢᛏᛡᚾ,429
erector,393058,0,ᛖᚱᛖᚳᛏᚩᚱ,235
demotic,393011,0,ᛞᛖᛗᚩᛏᛁᚳ,337
flatbed,392961,0,ᚠᛚᚪᛏᛒᛖᛞ,448
hookups,392791,0,ᚻᚩᚩᚳᚢᛈᛋ,149
guilder,392651,0,ᚷᚢᛁᛚᛞᛖᚱ,291
planers,392520,0,ᛈᛚᚪᚾᛖᚱᛋ,373
prowled,392309,0,ᛈᚱᚩᚹᛚᛖᛞ,309
uptight,392235,0,ᚢᛈᛏᛁᚷᚻᛏ,235
brokering,392124,0,ᛒᚱᚩᚳᛖᚱᛝ,249
harlots,391868,0,ᚻᚪᚱᛚᚩᛏᛋ,323
gaucher,391067,0,ᚷᚪᚢᚳᚻᛖᚱ,231
unladen,390576,0,ᚢᚾᛚᚪᛞᛖᚾ,387
indorsing,390268,0,ᛁᚾᛞᚩᚱᛋᛝ,299
flighty,390033,0,ᚠᛚᛁᚷᚻᛏᚣ,308
untangle,389804,0,ᚢᚾᛏᚪᛝᛚᛖ,407
meynell,389399,0,ᛗᛖᚣᚾᛖᛚᛚ,483
agonising,389177,0,ᚪᚷᚩᚾᛁᛋᛝ,313
cicadas,389149,0,ᚳᛁᚳᚪᛞᚪᛋ,393
oliguria,389070,0,ᚩᛚᛁᚷᚢᚱᛡ,249
jollity,388921,0,ᛂᚩᛚᛚᛁᛏᚣ,383
gleeful,388790,0,ᚷᛚᛖᛖᚠᚢᛚ,302
oilcloth,388745,0,ᚩᛁᛚᚳᛚᚩᚦ,209
deviants,388692,0,ᛞᛖᚢᛡᚾᛏᛋ,407
flambeau,388613,0,ᚠᛚᚪᛗᛒᛠᚢ,416
clumped,388597,0,ᚳᛚᚢᛗᛈᛖᛞ,359
astaire,388437,0,ᚪᛋᛏᚪᛁᚱᛖ,415
sumpter,388165,0,ᛋᚢᛗᛈᛏᛖᚱ,307
maypole,387956,0,ᛗᚪᚣᛈᚩᛚᛖ,461
alcoves,387870,0,ᚪᛚᚳᚩᚢᛖᛋ,313
catalpa,387660,0,ᚳᚪᛏᚪᛚᛈᚪ,479
caritas,387595,0,ᚳᚪᚱᛁᛏᚪᛋ,361
oarsmen,387435,0,ᚩᚪᚱᛋᛗᛖᚾ,335
maroons,386900,0,ᛗᚪᚱᚩᚩᚾᛋ,275
helminth,386845,0,ᚻᛖᛚᛗᛁᚾᚦ,299
assayer,386619,0,ᚪᛋᛋᚪᚣᛖᚱ,481
tabacum,386593,0,ᛏᚪᛒᚪᚳᚢᛗ,401
flapper,386435,0,ᚠᛚᚪᛈᛈᛖᚱ,336
kirghiz,386331,0,ᚳᛁᚱᚷᚻᛁᛋ,179
muzzles,386110,0,ᛗᚢᛋᛋᛚᛖᛋ,373
lesseps,386056,0,ᛚᛖᛋᛋᛖᛈᛋ,409
boxcars,385967,0,ᛒᚩᛉᚳᚪᚱᛋ,289
veriest,385919,0,ᚢᛖᚱᛁᛖᛋᛏ,291
jephthah,385897,0,ᛂᛖᛈᚻᚦᚪᚻ,295
ticketing,385725,0,ᛏᛁᚳᚳᛖᛏᛝ,321
retails,385553,0,ᚱᛖᛏᚪᛁᛚᛋ,391
forbore,385504,0,ᚠᚩᚱᛒᚩᚱᛖ,166
falters,385501,0,ᚠᚪᛚᛏᛖᚱᛋ,362
abjured,385449,0,ᚪᛒᛂᚢᚱᛖᛞ,365
parried,385432,0,ᛈᚪᚱᚱᛁᛖᛞ,349
lisette,385324,0,ᛚᛁᛋᛖᛏᛏᛖ,409
clapton,384902,0,ᚳᛚᚪᛈᛏᚩᚾ,321
shikoku,384820,0,ᛋᚻᛁᚳᚩᚳᚢ,143
nabisco,384817,0,ᚾᚪᛒᛁᛋᚳᚩ,291
sequins,384810,0,ᛋᛖᚳᚹᛁᚾᛋ,265
avengers,384652,0,ᚪᚢᛖᛝᛖᚱᛋ,377
libyans,384623,0,ᛚᛁᛒᚣᚪᚾᛋ,447
biannual,384501,0,ᛒᛡᚾᚾᚢᚪᛚ,399
slatted,384363,0,ᛋᛚᚪᛏᛏᛖᛞ,497
endwise,383528,0,ᛖᚾᛞᚹᛁᛋᛖ,355
trueman,383491,0,ᛏᚱᚢᛖᛗᚪᚾ,337
hungered,383427,0,ᚻᚢᛝᛖᚱᛖᛞ,339
tigress,383362,0,ᛏᛁᚷᚱᛖᛋᛋ,291
frisbee,382943,0,ᚠᚱᛁᛋᛒᛖᛖ,292
quatuor,382741,0,ᚳᚹᚪᛏᚢᚩᚱ,209
footway,382714,0,ᚠᚩᚩᛏᚹᚪᚣ,294
plastid,382458,0,ᛈᛚᚪᛋᛏᛁᛞ,445
circlet,382456,0,ᚳᛁᚱᚳᛚᛖᛏ,267
dutcher,382343,0,ᛞᚢᛏᚳᚻᛖᚱ,265
jailers,382176,0,ᛂᚪᛁᛚᛖᚱᛋ,369
warlock,381900,0,ᚹᚪᚱᛚᚩᚳᚳ,233
taxiway,381568,0,ᛏᚪᛉᛁᚹᚪᚣ,453
prussic,381402,0,ᛈᚱᚢᛋᛋᛁᚳ,207
gropius,381211,0,ᚷᚱᚩᛈᛁᚢᛋ,165
critter,381169,0,ᚳᚱᛁᛏᛏᛖᚱ,251
roselle,381008,0,ᚱᚩᛋᛖᛚᛚᛖ,351
roguish,380522,0,ᚱᚩᚷᚢᛁᛋᚻ,145
pullers,380470,0,ᛈᚢᛚᛚᛖᚱᛋ,323
splinting,380288,0,ᛋᛈᛚᛁᚾᛏᛝ,367
tensely,380187,0,ᛏᛖᚾᛋᛖᛚᚣ,451
grenier,380165,0,ᚷᚱᛖᚾᛁᛖᚱ,233
subsume,379950,0,ᛋᚢᛒᛋᚢᛗᛖ,311
enrolls,379887,0,ᛖᚾᚱᚩᛚᛚᛋ,313
mortify,379857,0,ᛗᚩᚱᛏᛁᚠᚣ,284
milkers,379688,0,ᛗᛁᛚᚳᛖᚱᛋ,319
hesperia,379436,0,ᚻᛖᛋᛈᛖᚱᛡ,371
uploading,379433,0,ᚢᛈᛚᚩᚪᛞᛝ,391
beaucoup,379296,0,ᛒᛠᚢᚳᚩᚢᛈ,239
repents,379198,0,ᚱᛖᛈᛖᚾᛏᛋ,329
modeler,378869,0,ᛗᚩᛞᛖᛚᛖᚱ,385
recheck,378830,0,ᚱᛖᚳᚻᛖᚳᚳ,207
digraph,378642,0,ᛞᛁᚷᚱᚪᛈᚻ,311
hurtled,378432,0,ᚻᚢᚱᛏᛚᛖᛞ,325
appending,378282,0,ᚪᛈᛈᛖᚾᛞᛝ,447
hideaway,377974,0,ᚻᛁᛞᛠᚹᚪᚣ,471
airlock,377703,0,ᚪᛁᚱᛚᚩᚳᚳ,245
sandbox,377698,0,ᛋᚪᚾᛞᛒᚩᛉ,383
whizzed,377657,0,ᚹᚻᛁᛋᛋᛖᛞ,335
apothecia,376943,0,ᚪᛈᚩᚦᛖᚳᛡ,339
toryism,376780,0,ᛏᚩᚱᚣᛁᛋᛗ,335
chileans,376767,0,ᚳᚻᛁᛚᛠᚾᛋ,331
bowlers,376550,0,ᛒᚩᚹᛚᛖᚱᛋ,291
ingratiate,376453,0,ᛝᚱᚪᛏᛡᛏᛖ,479
milliard,376356,0,ᛗᛁᛚᛚᛡᚱᛞ,455
crinoid,376293,0,ᚳᚱᛁᚾᚩᛁᛞ,211
waylaid,376228,0,ᚹᚪᚣᛚᚪᛁᛞ,509
selvage,376013,0,ᛋᛖᛚᚢᚪᚷᛖ,377
bisects,375881,0,ᛒᛁᛋᛖᚳᛏᛋ,337
panicking,375798,0,ᛈᚪᚾᛁᚳᚳᛝ,305
bygones,375776,0,ᛒᚣᚷᚩᚾᛖᛋ,337
divulging,375654,0,ᛞᛁᚢᚢᛚᚷᛝ,295
barroom,375640,0,ᛒᚪᚱᚱᚩᚩᛗ,265
hyndman,375632,0,ᚻᚣᚾᛞᛗᚪᚾ,441
perspex,375374,0,ᛈᛖᚱᛋᛈᛖᛉ,331
thievery,375269,0,ᚦᛁᛖᚢᛖᚱᚣ,287
scorers,375191,0,ᛋᚳᚩᚱᛖᚱᛋ,215
goshawk,375171,0,ᚷᚩᛋᚻᚪᚹᚳ,229
riffles,375100,0,ᚱᛁᚠᚠᛚᛖᛋ,239
headband,375096,0,ᚻᛠᛞᛒᚪᚾᛞ,497
sculpting,375095,0,ᛋᚳᚢᛚᛈᛏᛝ,323
urinating,374952,0,ᚢᚱᛁᚾᚪᛏᛝ,309
lycidas,374744,0,ᛚᚣᚳᛁᛞᚪᛋ,459
coasted,374724,0,ᚳᚩᚪᛋᛏᛖᛞ,385
risotto,374658,0,ᚱᛁᛋᚩᛏᛏᚩ,227
samoans,374642,0,ᛋᚪᛗᚩᚪᚾᛋ,407
anacreon,374494,0,ᚪᚾᚪᚳᚱᛇᚾ,317
wizened,374480,0,ᚹᛁᛋᛖᚾᛖᛞ,355
maurier,374368,0,ᛗᚪᚢᚱᛁᛖᚱ,291
buffeting,374332,0,ᛒᚢᚠᚠᛖᛏᛝ,273
lepanto,374139,0,ᛚᛖᛈᚪᚾᛏᚩ,375
retrain,374118,0,ᚱᛖᛏᚱᚪᛁᚾ,305
sinkers,374018,0,ᛋᛁᚾᚳᛖᚱᛋ,257
stippling,374012,0,ᛋᛏᛁᛈᛈᛚᛝ,381
pompano,373895,0,ᛈᚩᛗᛈᚪᚾᚩ,297
hostler,373889,0,ᚻᚩᛋᛏᛚᛖᚱ,293
balearic,373628,0,ᛒᚪᛚᛠᚱᛁᚳ,395
kaffirs,373517,0,ᚳᚪᚠᚠᛁᚱᛋ,209
catwalk,373507,0,ᚳᚪᛏᚹᚪᛚᚳ,371
strolls,373499,0,ᛋᛏᚱᚩᛚᛚᛋ,329
arbutus,373312,0,ᚪᚱᛒᚢᛏᚢᛋ,287
rustics,373099,0,ᚱᚢᛋᛏᛁᚳᛋ,223
lineation,373068,0,ᛚᛁᚾᛠᛏᛡᚾ,437
cuirass,373028,0,ᚳᚢᛁᚱᚪᛋᛋ,261
confute,372807,0,ᚳᚩᚾᚠᚢᛏᛖ,180
shrilly,372798,0,ᛋᚻᚱᛁᛚᛚᚣ,367
borodin,372754,0,ᛒᚩᚱᚩᛞᛁᚾ,235
forgers,372339,0,ᚠᚩᚱᚷᛖᚱᛋ,168
gangetic,372262,0,ᚷᚪᛝᛖᛏᛁᚳ,363
polenta,371786,0,ᛈᚩᛚᛖᚾᛏᚪ,375
scuttling,371766,0,ᛋᚳᚢᛏᛏᛚᛝ,339
bequeathing,371740,0,ᛒᛖᚳᚹᛠᚦᛝ,353
sikhism,371558,0,ᛋᛁᚳᚻᛁᛋᛗ,275
samplings,371530,0,ᛋᚪᛗᛈᛚᛝᛋ,469
proofed,371221,0,ᛈᚱᚩᚩᚠᛖᛞ,226
ringleader,371207,0,ᚱᛝᛚᛠᛞᛖᚱ,439
limpopo,371198,0,ᛚᛁᛗᛈᚩᛈᚩ,275
karaoke,371156,0,ᚳᚪᚱᚪᚩᚳᛖ,305
hackles,371060,0,ᚻᚪᚳᚳᛚᛖᛋ,339
sugared,370768,0,ᛋᚢᚷᚪᚱᛖᛞ,337
sunless,370530,0,ᛋᚢᚾᛚᛖᛋᛋ,331
wittily,370513,0,ᚹᛁᛏᛏᛁᛚᚣ,375
talkies,370502,0,ᛏᚪᛚᚳᛁᛖᛋ,393
montero,370436,0,ᛗᚩᚾᛏᛖᚱᚩ,251
eschews,370346,0,ᛖᛋᚳᚻᛖᚹᛋ,295
refills,370334,0,ᚱᛖᚠᛁᛚᛚᛋ,310
cleanses,370272,0,ᚳᛚᛠᚾᛋᛖᛋ,397
gymnast,370223,0,ᚷᚣᛗᚾᚪᛋᛏ,429
bossier,370124,0,ᛒᚩᛋᛋᛁᛖᚱ,283
reproving,369291,0,ᚱᛖᛈᚱᚩᚢᛝ,221
gayatri,369268,0,ᚷᚪᚣᚪᛏᚱᛁ,415
sarnoff,368754,0,ᛋᚪᚱᚾᚩᚠᚠ,201
ascitic,368696,0,ᚪᛋᚳᛁᛏᛁᚳ,297
befalls,368637,0,ᛒᛖᚠᚪᛚᛚᛋ,426
prickle,368104,0,ᛈᚱᛁᚳᚳᛚᛖ,251
unasked,367784,0,ᚢᚾᚪᛋᚳᛖᛞ,351
whitest,367765,0,ᚹᚻᛁᛏᛖᛋᛏ,311
triazine,367662,0,ᛏᚱᛡᛋᛁᚾᛖ,357
saunter,367447,0,ᛋᚪᚢᚾᛏᛖᚱ,319
studium,367434,0,ᛋᛏᚢᛞᛁᚢᛗ,309
orients,367260,0,ᚩᚱᛁᛖᚾᛏᛋ,257
josephs,367076,0,ᛂᚩᛋᛖᛈᚻᛋ,283
ebonite,366896,0,ᛖᛒᚩᚾᛁᛏᛖ,321
concoct,366890,0,ᚳᚩᚾᚳᚩᚳᛏ,141
floater,366786,0,ᚠᛚᚩᚪᛏᛖᚱ,316
reassign,366595,0,ᚱᛠᛋᛋᛁᚷᚾ,303
petrels,366535,0,ᛈᛖᛏᚱᛖᛚᛋ,373
curette,366431,0,ᚳᚢᚱᛖᛏᛏᛖ,279
fluidic,365873,0,ᚠᛚᚢᛁᛞᛁᚳ,242
sedated,365751,0,ᛋᛖᛞᚪᛏᛖᛞ,521
gabbros,365557,0,ᚷᚪᛒᛒᚱᚩᛋ,307
volstead,365547,0,ᚢᚩᛚᛋᛏᛠᛞ,393
tactual,365458,0,ᛏᚪᚳᛏᚢᚪᛚ,401
glowering,365161,0,ᚷᛚᚩᚹᛖᚱᛝ,273
remount,365122,0,ᚱᛖᛗᚩᚢᚾᛏ,247
pessary,365021,0,ᛈᛖᛋᛋᚪᚱᚣ,427
millman,364764,0,ᛗᛁᛚᛚᛗᚪᚾ,445
reselling,364593,0,ᚱᛖᛋᛖᛚᛚᛝ,423
tickler,364480,0,ᛏᛁᚳᚳᛚᛖᚱ,267
sandman,364353,0,ᛋᚪᚾᛞᛗᚪᚾ,465
idealize,364209,0,ᛁᛞᛠᛚᛁᛋᛖ,453
vaguest,364202,0,ᚢᚪᚷᚢᛖᛋᛏ,299
ketosis,364092,0,ᚳᛖᛏᚩᛋᛁᛋ,283
absinthe,364020,0,ᚪᛒᛋᛁᚾᚦᛖ,343
shearers,363974,0,ᛋᚻᛠᚱᛖᚱᛋ,327
barmaid,363806,0,ᛒᚪᚱᛗᚪᛁᛞ,457
skelter,363672,0,ᛋᚳᛖᛚᛏᛖᚱ,343
pustule,363626,0,ᛈᚢᛋᛏᚢᛚᛖ,301
ballade,363613,0,ᛒᚪᛚᛚᚪᛞᛖ,557
markups,363596,0,ᛗᚪᚱᚳᚢᛈᛋ,291
denizen,363558,0,ᛞᛖᚾᛁᛋᛖᚾ,365
alloted,363540,0,ᚪᛚᛚᚩᛏᛖᛞ,465
ampoule,363344,0,ᚪᛗᛈᚩᚢᛚᛖ,361
fungible,363337,0,ᚠᚢᛝᛁᛒᛚᛖ,316
vendome,363199,0,ᚢᛖᚾᛞᚩᛗᛖ,333
unspent,363195,0,ᚢᚾᛋᛈᛖᚾᛏ,283
unveils,363028,0,ᚢᚾᚢᛖᛁᛚᛋ,259
stamper,362922,0,ᛋᛏᚪᛗᛈᛖᚱ,401
replant,362845,0,ᚱᛖᛈᛚᚪᚾᛏ,379
abysses,362762,0,ᚪᛒᚣᛋᛋᛖᛋ,487
ciliates,362527,0,ᚳᛁᛚᛡᛏᛖᛋ,403
cortege,362423,0,ᚳᚩᚱᛏᛖᚷᛖ,241
prakrit,362417,0,ᛈᚱᚪᚳᚱᛁᛏ,265
mumbles,361899,0,ᛗᚢᛗᛒᛚᛖᛋ,399
condoning,361526,0,ᚳᚩᚾᛞᚩᚾᛝ,253
cauline,361451,0,ᚳᚪᚢᛚᛁᚾᛖ,313
tinfoil,361217,0,ᛏᛁᚾᚠᚩᛁᛚ,232
emirate,361039,0,ᛖᛗᛁᚱᚪᛏᛖ,403
pyorrhea,360833,0,ᛈᚣᚩᚱᚱᚻᛠ,307
cardona,360712,0,ᚳᚪᚱᛞᚩᚾᚪ,343
exogamy,360657,0,ᛖᛉᚩᚷᚪᛗᚣ,409
maximin,360366,0,ᛗᚪᛉᛁᛗᛁᚾ,377
meddled,360336,0,ᛗᛖᛞᛞᛚᛖᛞ,545
marveling,360166,0,ᛗᚪᚱᚢᛖᛚᛝ,401
epicure,360157,0,ᛖᛈᛁᚳᚢᚱᛖ,235
liquefy,360071,0,ᛚᛁᚳᚹᛖᚠᚣ,308
queenly,360043,0,ᚳᚹᛖᛖᚾᛚᚣ,371
changeling,360003,0,ᚳᚻᚪᛝᛖᛚᛝ,431
extorting,359982,0,ᛖᛉᛏᚩᚱᛏᛝ,329
pigtail,359840,0,ᛈᛁᚷᛏᚪᛁᛚ,351
sienese,359732,0,ᛋᛁᛖᚾᛖᛋᛖ,367
hosanna,359717,0,ᚻᚩᛋᚪᚾᚾᚪ,335
dispels,359692,0,ᛞᛁᛋᛈᛖᛚᛋ,409
tangency,359607,0,ᛏᚪᛝᛖᚾᚳᚣ,447
stooges,359462,0,ᛋᛏᚩᚩᚷᛖᛋ,263
granola,359441,0,ᚷᚱᚪᚾᚩᛚᚪ,331
slimmer,359002,0,ᛋᛚᛁᛗᛗᛖᚱ,377
militar,358645,0,ᛗᛁᛚᛁᛏᚪᚱ,373
caldron,358637,0,ᚳᚪᛚᛞᚱᚩᚾ,319
mycosis,358406,0,ᛗᚣᚳᚩᛋᛁᛋ,331
innards,358363,0,ᛁᚾᚾᚪᚱᛞᛋ,339
folksong,358351,0,ᚠᚩᛚᚳᛋᚩᛝ,234
zebedee,358326,0,ᛋᛖᛒᛖᛞᛖᛖ,471
stative,358134,0,ᛋᛏᚪᛏᛁᚢᛖ,369
purples,358111,0,ᛈᚢᚱᛈᛚᛖᛋ,293
nutation,358055,0,ᚾᚢᛏᚪᛏᛡᚾ,383
plained,357456,0,ᛈᛚᚪᛁᚾᛖᛞ,429
sixfold,357378,0,ᛋᛁᛉᚠᚩᛚᛞ,302
souffle,357306,0,ᛋᚩᚢᚠᚠᛚᛖ,207
brindle,357184,0,ᛒᚱᛁᚾᛞᛚᛖ,361
grottoes,357081,0,ᚷᚱᚩᛏᛏᛟᛋ,289
lowness,356988,0,ᛚᚩᚹᚾᛖᛋᛋ,301
upbraid,356961,0,ᚢᛈᛒᚱᚪᛁᛞ,335
flipper,356762,0,ᚠᛚᛁᛈᛈᛖᚱ,270
blevins,356562,0,ᛒᛚᛖᚢᛁᚾᛋ,317
chordal,356532,0,ᚳᚻᚩᚱᛞᚪᛚ,313
benghazi,356479,0,ᛒᛖᛝᚻᚪᛋᛁ,411
reviser,356426,0,ᚱᛖᚢᛁᛋᛖᚱ,243
herbart,356401,0,ᚻᛖᚱᛒᚪᚱᛏ,329
palsies,356355,0,ᛈᚪᛚᛋᛁᛖᛋ,417
corinna,356300,0,ᚳᚩᚱᛁᚾᚾᚪ,217
biracial,356178,0,ᛒᛁᚱᚪᚳᛡᛚ,393
comedie,356099,0,ᚳᚩᛗᛖᛞᛁᛖ,345
bonheur,355994,0,ᛒᚩᚾᚻᛖᚢᚱ,201
partials,355958,0,ᛈᚪᚱᛏᛡᛚᛋ,443
martians,355894,0,ᛗᚪᚱᛏᛡᚾᛋ,427
cuckold,355869,0,ᚳᚢᚳᚳᚩᛚᛞ,211
buttoning,355712,0,ᛒᚢᛏᛏᚩᚾᛝ,297
stabler,355702,0,ᛋᛏᚪᛒᛚᛖᚱ,421
knavery,355474,0,ᚳᚾᚪᚢᛖᚱᚣ,323
prorate,355183,0,ᛈᚱᚩᚱᚪᛏᛖ,295
pocketing,355116,0,ᛈᚩᚳᚳᛖᛏᛝ,281
overheat,355089,0,ᚩᚢᛖᚱᚻᛠᛏ,279
imputes,354814,0,ᛁᛗᛈᚢᛏᛖᛋ,327
spotter,354716,0,ᛋᛈᚩᛏᛏᛖᚱ,299
occluding,354316,0,ᚩᚳᚳᛚᚢᛞᛝ,277
saratov,354146,0,ᛋᚪᚱᚪᛏᚩᚢ,327
fidgety,354102,0,ᚠᛁᛞᚷᛖᛏᚣ,368
dominie,353695,0,ᛞᚩᛗᛁᚾᛁᛖ,325
trooped,353596,0,ᛏᚱᚩᚩᛈᛖᛞ,283
christs,353568,0,ᚳᚻᚱᛁᛋᛏᛋ,243
saponin,353527,0,ᛋᚪᛈᚩᚾᛁᚾ,289
dunghill,353431,0,ᛞᚢᛝᚻᛁᛚᛚ,371
stiller,353207,0,ᛋᛏᛁᛚᛚᛖᚱ,367
headlamp,353032,0,ᚻᛠᛞᛚᚪᛗᛈ,505
grecians,352987,0,ᚷᚱᛖᚳᛡᚾᛋ,297
rontgen,352882,0,ᚱᚩᚾᛏᚷᛖᚾ,219
quibbling,352816,0,ᚳᚹᛁᛒᛒᛚᛝ,337
flossie,352769,0,ᚠᛚᚩᛋᛋᛁᛖ,286
dugouts,352708,0,ᛞᚢᚷᚩᚢᛏᛋ,231
arethusa,352620,0,ᚪᚱᛖᚦᚢᛋᚪ,333
eversion,352555,0,ᛖᚢᛖᚱᛋᛡᚾ,337
perianal,352336,0,ᛈᛖᚱᛡᚾᚪᛚ,427
bagpipe,352156,0,ᛒᚪᚷᛈᛁᛈᛖ,359
woolman,351969,0,ᚹᚩᚩᛚᛗᚪᚾ,303
beltway,351794,0,ᛒᛖᛚᛏᚹᚪᚣ,479
lorelei,351625,0,ᛚᚩᚱᛖᛚᛖᛁ,329
zigzags,351488,0,ᛋᛁᚷᛋᚪᚷᛋ,321
whittling,351371,0,ᚹᚻᛁᛏᛏᛚᛝ,343
spanked,351350,0,ᛋᛈᚪᚾᚳᛖᛞ,391
menorah,351287,0,ᛗᛖᚾᚩᚱᚪᚻ,305
pinball,350858,0,ᛈᛁᚾᛒᚪᛚᛚ,407
unseated,350849,0,ᚢᚾᛋᛠᛏᛖᛞ,409
polices,350791,0,ᛈᚩᛚᛁᚳᛖᛋ,287
isinglass,350758,0,ᛁᛋᛝᛚᚪᛋᛋ,439
royster,350298,0,ᚱᚩᚣᛋᛏᛖᚱ,311
gurgled,350104,0,ᚷᚢᚱᚷᛚᛖᛞ,277
herries,350048,0,ᚻᛖᚱᚱᛁᛖᛋ,263
amharic,349904,0,ᚪᛗᚻᚪᚱᛁᚳ,343
emetics,349786,0,ᛖᛗᛖᛏᛁᚳᛋ,361
defamed,349675,0,ᛞᛖᚠᚪᛗᛖᛞ,482
eumenes,349576,0,ᛖᚢᛗᛖᚾᛖᛋ,357
quartic,349511,0,ᚳᚹᚪᚱᛏᛁᚳ,243
satiation,349250,0,ᛋᚪᛏᛡᛏᛡᚾ,511
dieback,349130,0,ᛞᛁᛖᛒᚪᚳᚳ,371
postern,349102,0,ᛈᚩᛋᛏᛖᚱᚾ,269
organum,348663,0,ᚩᚱᚷᚪᚾᚢᛗ,235
daphnis,348582,0,ᛞᚪᛈᚻᚾᛁᛋ,365
synchro,348351,0,ᛋᚣᚾᚳᚻᚱᚩ,239
postmen,347871,0,ᛈᚩᛋᛏᛗᛖᚾ,329
porthole,347656,0,ᛈᚩᚱᚦᚩᛚᛖ,213
carolus,347487,0,ᚳᚪᚱᚩᛚᚢᛋ,257
direful,347409,0,ᛞᛁᚱᛖᚠᚢᛚ,276
unburnt,347156,0,ᚢᚾᛒᚢᚱᚾᛏ,195
reuniting,346895,0,ᚱᛖᚢᚾᛁᛏᛝ,279
newtons,346695,0,ᚾᛖᚹᛏᚩᚾᛋ,263
jaguars,346691,0,ᛂᚪᚷᚢᚪᚱᛋ,315
tampons,346568,0,ᛏᚪᛗᛈᚩᚾᛋ,359
aeronaut,346403,0,ᚫᚱᚩᚾᚪᚢᛏ,307
gaulish,346253,0,ᚷᚪᚢᛚᛁᛋᚻ,297
ternate,346081,0,ᛏᛖᚱᚾᚪᛏᛖ,389
tardily,345837,0,ᛏᚪᚱᛞᛁᛚᚣ,463
scamper,345688,0,ᛋᚳᚪᛗᛈᛖᚱ,355
ennoble,345555,0,ᛖᚾᚾᚩᛒᛚᛖ,333
jawbone,345528,0,ᛂᚪᚹᛒᚩᚾᛖ,317
acromion,345446,0,ᚪᚳᚱᚩᛗᛡᚾ,335
habited,345025,0,ᚻᚪᛒᛁᛏᛖᛞ,427
cottony,344894,0,ᚳᚩᛏᛏᚩᚾᚣ,277
testate,344886,0,ᛏᛖᛋᛏᚪᛏᛖ,461
trinket,344869,0,ᛏᚱᛁᚾᚳᛖᛏ,269
pedlars,344829,0,ᛈᛖᛞᛚᚪᚱᛋ,433
midweek,344761,0,ᛗᛁᛞᚹᛖᛖᚳ,357
shoemaking,344423,0,ᛋᚻᛟᛗᚪᚳᛝ,419
atheroma,344367,0,ᚪᚦᛖᚱᚩᛗᚪ,355
blinder,344292,0,ᛒᛚᛁᚾᛞᛖᚱ,361
quinces,344257,0,ᚳᚹᛁᚾᚳᛖᛋ,225
throwers,344177,0,ᚦᚱᚩᚹᛖᚱᛋ,173
savours,344015,0,ᛋᚪᚢᚩᚢᚱᛋ,227
pottinger,343881,0,ᛈᚩᛏᛏᛝᛖᚱ,325
curdled,343854,0,ᚳᚢᚱᛞᛚᛖᛞ,345
repealer,343653,0,ᚱᛖᛈᛠᛚᛖᚱ,381
maoists,343629,0,ᛗᚪᚩᛁᛋᛏᛋ,371
mollify,343446,0,ᛗᚩᛚᛚᛁᚠᚣ,360
friedan,343393,0,ᚠᚱᛁᛖᛞᚪᚾ,326
pattering,343391,0,ᛈᚪᛏᛏᛖᚱᛝ,415
notated,343217,0,ᚾᚩᛏᚪᛏᛖᛞ,407
earthmoving,343159,0,ᛠᚱᚦᛗᚩᚢᛝ,285
stolons,343154,0,ᛋᛏᚩᛚᚩᚾᛋ,281
effluvia,342925,0,ᛖᚠᚠᛚᚢᚢᛡ,257
dualist,342820,0,ᛞᚢᚪᛚᛁᛋᛏ,405
bantering,342634,0,ᛒᚪᚾᛏᛖᚱᛝ,403
lumiere,342588,0,ᛚᚢᛗᛁᛖᚱᛖ,323
atomics,342562,0,ᚪᛏᚩᛗᛁᚳᛋ,331
unsocial,342500,0,ᚢᚾᛋᚩᚳᛡᛚ,285
yerevan,342469,0,ᚣᛖᚱᛖᚢᚪᚾ,377
euphemia,342309,0,ᛖᚢᛈᚻᛖᛗᛡ,381
longhand,342232,0,ᛚᚩᛝᚻᚪᚾᛞ,397
brattle,342065,0,ᛒᚱᚪᛏᛏᛚᛖ,427
charnel,341981,0,ᚳᚻᚪᚱᚾᛖᛚ,313
moodily,341745,0,ᛗᚩᚩᛞᛁᛚᚣ,381
campana,341651,0,ᚳᚪᛗᛈᚪᚾᚪ,447
rivalling,341456,0,ᚱᛁᚢᚪᛚᛚᛝ,367
scavenge,340903,0,ᛋᚳᚪᚢᛖᛝᛖ,379
erasers,340890,0,ᛖᚱᚪᛋᛖᚱᛋ,359
cuckoos,340819,0,ᚳᚢᚳᚳᚩᚩᛋ,109
pestering,340586,0,ᛈᛖᛋᛏᛖᚱᛝ,379
pacifying,340574,0,ᛈᚪᚳᛁᚠᚣᛝ,368
cycloid,340424,0,ᚳᚣᚳᛚᚩᛁᛞ,329
pleasingly,340349,0,ᛈᛚᛠᛋᛝᛚᚣ,533
espanol,340285,0,ᛖᛋᛈᚪᚾᚩᛚ,369
handily,340173,0,ᚻᚪᚾᛞᛁᛚᚣ,445
bornite,340168,0,ᛒᚩᚱᚾᛁᛏᛖ,265
immured,340042,0,ᛁᛗᛗᚢᚱᛖᛞ,343
clavier,339789,0,ᚳᛚᚪᚢᛁᛖᚱ,295
bathtubs,339663,0,ᛒᚪᚦᛏᚢᛒᛋ,339
usurers,339584,0,ᚢᛋᚢᚱᛖᚱᛋ,201
louvers,339581,0,ᛚᚩᚢᚢᛖᚱᛋ,217
lampoon,339525,0,ᛚᚪᛗᛈᚩᚩᚾ,327
chamfer,339496,0,ᚳᚻᚪᛗᚠᛖᚱ,284
adopter,339455,0,ᚪᛞᚩᛈᛏᛖᚱ,373
chappie,339437,0,ᚳᚻᚪᛈᛈᛁᛖ,317
dillinger,339065,0,ᛞᛁᛚᛚᛝᛖᚱ,423
daniele,338920,0,ᛞᚪᚾᛁᛖᛚᛖ,453
purbeck,338846,0,ᛈᚢᚱᛒᛖᚳᚳ,211
ditties,338552,0,ᛞᛁᛏᛏᛁᛖᛋ,389
stridor,338355,0,ᛋᛏᚱᛁᛞᚩᚱ,261
cohabit,338351,0,ᚳᚩᚻᚪᛒᛁᛏ,291
unguided,338265,0,ᚢᛝᚢᛁᛞᛖᛞ,361
merrier,338211,0,ᛗᛖᚱᚱᛁᛖᚱ,269
bravura,338072,0,ᛒᚱᚪᚢᚢᚱᚪ,283
debunking,338041,0,ᛞᛖᛒᚢᚾᚳᛝ,341
hydrangea,337990,0,ᚻᚣᛞᚱᚪᛝᛠ,511
stannic,337937,0,ᛋᛏᚪᚾᚾᛁᚳ,311
samsara,337689,0,ᛋᚪᛗᛋᚪᚱᚪ,479
hirelings,337681,0,ᚻᛁᚱᛖᛚᛝᛋ,337
roofers,337561,0,ᚱᚩᚩᚠᛖᚱᛋ,158
chaplet,337228,0,ᚳᚻᚪᛈᛚᛖᛏ,375
baedeker,336777,0,ᛒᚫᛞᛖᚳᛖᚱ,409
antipas,336773,0,ᚪᚾᛏᛁᛈᚪᛋ,409
ensnare,336719,0,ᛖᚾᛋᚾᚪᚱᛖ,353
patmore,336639,0,ᛈᚪᛏᛗᚩᚱᛖ,355
endgame,336518,0,ᛖᚾᛞᚷᚪᛗᛖ,437
combust,336355,0,ᚳᚩᛗᛒᚢᛋᛏ,267
easiness,336259,0,ᛠᛋᛁᚾᛖᛋᛋ,395
killeen,336063,0,ᚳᛁᛚᛚᛖᛖᚾ,353
pampanga,335823,0,ᛈᚪᛗᛈᚪᛝᚪ,527
chaldee,335432,0,ᚳᚻᚪᛚᛞᛖᛖ,429
neuroma,335368,0,ᚾᛖᚢᚱᚩᛗᚪ,285
witless,335235,0,ᚹᛁᛏᛚᛖᛋᛋ,355
negroid,335002,0,ᚾᛖᚷᚱᚩᛁᛞ,251
laggard,334987,0,ᛚᚪᚷᚷᚪᚱᛞ,401
eyelets,334913,0,ᛖᚣᛖᛚᛖᛏᛋ,489
capably,334800,0,ᚳᚪᛈᚪᛒᛚᚣ,487
euglena,334744,0,ᛖᚢᚷᛚᛖᚾᚪ,353
mercers,334688,0,ᛗᛖᚱᚳᛖᚱᛋ,293
drafter,334636,0,ᛞᚱᚪᚠᛏᛖᚱ,336
crudity,334558,0,ᚳᚱᚢᛞᛁᛏᚣ,309
facture,334448,0,ᚠᚪᚳᛏᚢᚱᛖ,252
sufficing,334287,0,ᛋᚢᚠᚠᛁᚳᛝ,183
deflating,334262,0,ᛞᛖᚠᛚᚪᛏᛝ,466
prolate,334116,0,ᛈᚱᚩᛚᚪᛏᛖ,357
cobourg,334079,0,ᚳᚩᛒᚩᚢᚱᚷ,119
unfixed,334071,0,ᚢᚾᚠᛁᛉᛖᛞ,268
idealizing,334047,0,ᛁᛞᛠᛚᛁᛋᛝ,465
putamen,333875,0,ᛈᚢᛏᚪᛗᛖᚾ,369
billeting,333566,0,ᛒᛁᛚᛚᛖᛏᛝ,443
babbled,333361,0,ᛒᚪᛒᛒᛚᛖᛞ,509
caradoc,333322,0,ᚳᚪᚱᚪᛞᚩᚳ,327
swooned,333159,0,ᛋᚹᚩᚩᚾᛖᛞ,271
nanette,332737,0,ᚾᚪᚾᛖᛏᛏᛖ,407
jastrow,332686,0,ᛂᚪᛋᛏᚱᚩᚹ,283
crazily,332576,0,ᚳᚱᚪᛋᛁᛚᚣ,381
snorkel,332403,0,ᛋᚾᚩᚱᚳᛖᛚ,253
curtsey,332380,0,ᚳᚢᚱᛏᛋᛖᚣ,309
comedic,332346,0,ᚳᚩᛗᛖᛞᛁᚳ,291
imbedding,332288,0,ᛁᛗᛒᛖᛞᛞᛝ,487
seconde,332138,0,ᛋᛖᚳᚩᚾᛞᛖ,325
freakish,331968,0,ᚠᚱᛠᚳᛁᛋᚻ,242
bleeder,331910,0,ᛒᛚᛖᛖᛞᛖᚱ,435
bootleg,331678,0,ᛒᚩᚩᛏᛚᛖᚷ,291
herbaria,331590,0,ᚻᛖᚱᛒᚪᚱᛡ,377
reptilia,331409,0,ᚱᛖᛈᛏᛁᛚᛡ,391
croaker,331338,0,ᚳᚱᚩᚪᚳᛖᚱ,219
garnering,331326,0,ᚷᚪᚱᚾᛖᚱᛝ,311
squelch,331265,0,ᛋᚳᚹᛖᛚᚳᚻ,261
behoved,331244,0,ᛒᛖᚻᚩᚢᛖᛞ,317
fiestas,331202,0,ᚠᛁᛖᛋᛏᚪᛋ,362
scourging,330897,0,ᛋᚳᚩᚢᚱᚷᛝ,183
pergola,330885,0,ᛈᛖᚱᚷᚩᛚᚪ,315
middles,330873,0,ᛗᛁᛞᛞᛚᛖᛋ,473
gurkhas,330767,0,ᚷᚢᚱᚳᚻᚪᛋ,217
vendees,330551,0,ᚢᛖᚾᛞᛖᛖᛋ,375
minibus,330274,0,ᛗᛁᚾᛁᛒᚢᛋ,279
denarii,330251,0,ᛞᛖᚾᚪᚱᛁᛁ,355
spangles,329398,0,ᛋᛈᚪᛝᛚᛖᛋ,465
scottie,329260,0,ᛋᚳᚩᛏᛏᛁᛖ,289
dowries,329198,0,ᛞᚩᚹᚱᛁᛖᛋ,277
anagram,329109,0,ᚪᚾᚪᚷᚱᚪᛗ,419
expiated,329047,0,ᛖᛉᛈᛡᛏᛖᛞ,479
mulched,328767,0,ᛗᚢᛚᚳᚻᛖᛞ,339
fibular,328592,0,ᚠᛁᛒᚢᛚᚪᚱ,278
grendel,328454,0,ᚷᚱᛖᚾᛞᛖᛚ,353
overawe,328309,0,ᚩᚢᛖᚱᚪᚹᛖ,271
nannies,328283,0,ᚾᚪᚾᚾᛁᛖᛋ,335
vitiates,328212,0,ᚢᛁᛏᛡᛏᛖᛋ,379
negress,328038,0,ᚾᛖᚷᚱᛖᛋᛋ,297
drillings,327815,0,ᛞᚱᛁᛚᛚᛝᛋ,409
acolyte,327652,0,ᚪᚳᚩᛚᚣᛏᛖ,419
bottler,327615,0,ᛒᚩᛏᛏᛚᛖᚱ,337
occlude,327601,0,ᚩᚳᚳᛚᚢᛞᛖ,265
pathless,327564,0,ᛈᚪᚦᛚᛖᛋᛋ,391
chalets,327489,0,ᚳᚻᚪᛚᛖᛏᛋ,385
buffets,327485,0,ᛒᚢᚠᚠᛖᛏᛋ,247
slithering,327405,0,ᛋᛚᛁᚦᛖᚱᛝ,319
borates,327359,0,ᛒᚩᚱᚪᛏᛖᛋ,355
recreant,327184,0,ᚱᛖᚳᚱᛠᚾᛏ,299
stapler,327142,0,ᛋᛏᚪᛈᛚᛖᚱ,403
bullhead,327121,0,ᛒᚢᛚᛚᚻᛠᛞ,431
kickoff,327055,0,ᚳᛁᚳᚳᚩᚠᚠ,81
grandad,327052,0,ᚷᚱᚪᚾᛞᚪᛞ,429
scissor,327037,0,ᛋᚳᛁᛋᛋᚩᚱ,221
bushell,326968,0,ᛒᚢᛋᚻᛖᛚᛚ,353
dernier,326756,0,ᛞᛖᚱᚾᛁᛖᚱ,305
amphorae,326635,0,ᚪᛗᛈᚻᚩᚱᚫ,353
donates,326610,0,ᛞᚩᚾᚪᛏᛖᛋ,401
amputee,326595,0,ᚪᛗᛈᚢᛏᛖᛖ,407
cretans,326345,0,ᚳᚱᛖᛏᚪᚾᛋ,329
subheads,326203,0,ᛋᚢᛒᚻᛠᛞᛋ,391
enabler,326106,0,ᛖᚾᚪᛒᛚᛖᚱ,405
unloads,325977,0,ᚢᚾᛚᚩᚪᛞᛋ,351
lactase,325891,0,ᛚᚪᚳᛏᚪᛋᛖ,459
foulest,325886,0,ᚠᚩᚢᛚᛖᛋᛏ,264
spinose,325730,0,ᛋᛈᛁᚾᚩᛋᛖ,283
baconian,325681,0,ᛒᚪᚳᚩᚾᛡᚾ,343
obtrude,325620,0,ᚩᛒᛏᚱᚢᛞᛖ,297
stifles,325560,0,ᛋᛏᛁᚠᛚᛖᛋ,338
unscrew,325434,0,ᚢᚾᛋᚳᚱᛖᚹ,195
lumbago,325419,0,ᛚᚢᛗᛒᚪᚷᚩ,329
nonliving,325386,0,ᚾᚩᚾᛚᛁᚢᛝ,251
gennaro,325218,0,ᚷᛖᚾᚾᚪᚱᚩ,257
beretta,325195,0,ᛒᛖᚱᛖᛏᛏᚪ,421
gardenia,325062,0,ᚷᚪᚱᛞᛖᚾᛡ,417
haiphong,324882,0,ᚻᚪᛁᛈᚻᚩᛝ,303
wigwams,324838,0,ᚹᛁᚷᚹᚪᛗᛋ,307
auroras,324670,0,ᚪᚢᚱᚩᚱᚪᛋ,279
panache,324651,0,ᛈᚪᚾᚪᚳᚻᛖ,369
marcius,324589,0,ᛗᚪᚱᚳᛁᚢᛋ,279
infuses,324517,0,ᛁᚾᚠᚢᛋᛖᛋ,238
testily,324507,0,ᛏᛖᛋᛏᛁᛚᚣ,445
illyrian,324499,0,ᛁᛚᛚᚣᚱᛡᚾ,427
betaine,324021,0,ᛒᛖᛏᚪᛁᚾᛖ,411
seamount,323991,0,ᛋᛠᛗᚩᚢᚾᛏ,331
zircons,323808,0,ᛋᛁᚱᚳᚩᚾᛋ,197
sheikhs,323639,0,ᛋᚻᛖᛁᚳᚻᛋ,263
dandies,323608,0,ᛞᚪᚾᛞᛁᛖᛋ,455
extrude,323599,0,ᛖᛉᛏᚱᚢᛞᛖ,343
hiccups,323529,0,ᚻᛁᚳᚳᚢᛈᛋ,179
closeup,323368,0,ᚳᛚᚩᛋᛖᚢᛈ,259
weirdly,323109,0,ᚹᛖᛁᚱᛞᛚᚣ,393
jockeying,323028,0,ᛂᚩᚳᚳᛖᚣᛝ,319
herford,322849,0,ᚻᛖᚱᚠᚩᚱᛞ,210
stinted,322699,0,ᛋᛏᛁᚾᛏᛖᛞ,387
dunnage,322593,0,ᛞᚢᚾᚾᚪᚷᛖ,331
pollens,322589,0,ᛈᚩᛚᛚᛖᚾᛋ,345
slighting,322541,0,ᛋᛚᛁᚷᚻᛏᛝ,335
mallets,322461,0,ᛗᚪᛚᛚᛖᛏᛋ,493
whorled,322282,0,ᚹᚻᚩᚱᛚᛖᛞ,289
careening,322215,0,ᚳᚪᚱᛖᛖᚾᛝ,363
vocalic,322010,0,ᚢᚩᚳᚪᛚᛁᚳ,237
hyphens,321993,0,ᚻᚣᛈᚻᛖᚾᛋ,341
amatory,321950,0,ᚪᛗᚪᛏᚩᚱᚣ,445
trammel,321936,0,ᛏᚱᚪᛗᛗᛖᛚ,449
hisself,321870,0,ᚻᛁᛋᛋᛖᛚᚠ,302
cockade,321849,0,ᚳᚩᚳᚳᚪᛞᛖ,299
spicule,321836,0,ᛋᛈᛁᚳᚢᛚᛖ,283
strived,321727,0,ᛋᛏᚱᛁᚢᛖᛞ,313
yaounde,321710,0,ᚣᚪᚩᚢᚾᛞᛖ,395
herodian,321626,0,ᚻᛖᚱᚩᛞᛡᚾ,333
diabolic,321591,0,ᛞᛡᛒᚩᛚᛁᚳ,381
elongating,321553,0,ᛖᛚᚩᛝᚪᛏᛝ,461
haltingly,321549,0,ᚻᚪᛚᛏᛝᛚᚣ,507
randell,321525,0,ᚱᚪᚾᛞᛖᛚᛚ,439
retinas,321398,0,ᚱᛖᛏᛁᚾᚪᛋ,347
luckier,321325,0,ᛚᚢᚳᚳᛁᛖᚱ,211
waddled,321022,0,ᚹᚪᛞᛞᛚᛖᛞ,523
jitters,320533,0,ᛂᛁᛏᛏᛖᚱᛋ,317
cupcake,320360,0,ᚳᚢᛈᚳᚪᚳᛖ,249
kleenex,320286,0,ᚳᛚᛖᛖᚾᛖᛉ,363
cyperus,320210,0,ᚳᚣᛈᛖᚱᚢᛋ,293
deniers,320169,0,ᛞᛖᚾᛁᛖᚱᛋ,347
bretons,320136,0,ᛒᚱᛖᛏᚩᚾᛋ,287
bowstring,319894,0,ᛒᚩᚹᛋᛏᚱᛝ,289
shopmen,319644,0,ᛋᚻᚩᛈᛗᛖᚾ,293
foetuses,319590,0,ᚠᛟᛏᚢᛋᛖᛋ,320
lookers,319467,0,ᛚᚩᚩᚳᛖᚱᛋ,231
petioled,319414,0,ᛈᛖᛏᛡᛚᛖᛞ,505
perturb,319401,0,ᛈᛖᚱᛏᚢᚱᛒ,255
orpington,319139,0,ᚩᚱᛈᛝᛏᚩᚾ,235
slicker,319053,0,ᛋᛚᛁᚳᚳᛖᚱ,261
incipit,318974,0,ᛁᚾᚳᛁᛈᛁᛏ,237
twaddle,318882,0,ᛏᚹᚪᛞᛞᛚᛖ,493
hydrops,318704,0,ᚻᚣᛞᚱᚩᛈᛋ,329
moister,318461,0,ᛗᚩᛁᛋᛏᛖᚱ,299
hauteur,318458,0,ᚻᚪᚢᛏᛖᚢᚱ,263
exhales,318300,0,ᛖᛉᚻᚪᛚᛖᛋ,427
smetana,318261,0,ᛋᛗᛖᛏᚪᚾᚪ,473
biometry,318176,0,ᛒᛡᛗᛖᛏᚱᚣ,479
cathedra,318082,0,ᚳᚪᚦᛖᛞᚱᚪ,379
tonsure,318033,0,ᛏᚩᚾᛋᚢᚱᛖ,229
minivan,317913,0,ᛗᛁᚾᛁᚢᚪᚾ,291
seafarer,317855,0,ᛋᛠᚠᚪᚱᛖᚱ,350
blanked,317642,0,ᛒᛚᚪᚾᚳᛖᛞ,429
timpani,317625,0,ᛏᛁᛗᛈᚪᚾᛁ,361
defrost,317372,0,ᛞᛖᚠᚱᚩᛋᛏ,288
supremo,317275,0,ᛋᚢᛈᚱᛖᛗᚩ,255
ivories,317088,0,ᛁᚢᚩᚱᛁᛖᛋ,203
smudges,317004,0,ᛋᛗᚢᛞᚷᛖᛋ,353
hyannis,317003,0,ᚻᚣᚪᚾᚾᛁᛋ,365
palaver,316925,0,ᛈᚪᛚᚪᚢᛖᚱ,391
carousing,316690,0,ᚳᚪᚱᚩᚢᛋᛝ,263
quadric,316661,0,ᚳᚹᚪᛞᚱᛁᚳ,273
chateaux,316643,0,ᚳᚻᚪᛏᛠᚢᛉ,351
sandbar,316474,0,ᛋᚪᚾᛞᛒᚪᚱ,437
mauricio,316449,0,ᛗᚪᚢᚱᛁᚳᛡ,333
thimbles,316401,0,ᚦᛁᛗᛒᛚᛖᛋ,361
toccata,316068,0,ᛏᚩᚳᚳᚪᛏᚪ,345
lantana,316041,0,ᛚᚪᚾᛏᚪᚾᚪ,481
declaim,316032,0,ᛞᛖᚳᛚᚪᛁᛗ,441
banshee,315846,0,ᛒᚪᚾᛋᚻᛖᛖ,397
subbase,315796,0,ᛋᚢᛒᛒᚪᛋᛖ,395
pompeian,315725,0,ᛈᚩᛗᛈᛖᛡᚾ,367
styloid,315469,0,ᛋᛏᚣᛚᚩᛁᛞ,415
elytron,315189,0,ᛖᛚᚣᛏᚱᚩᚾ,349
footers,315001,0,ᚠᚩᚩᛏᛖᚱᛋ,206
teutons,314935,0,ᛏᛖᚢᛏᚩᚾᛋ,277
antonym,314870,0,ᚪᚾᛏᚩᚾᚣᛗ,395
colorings,314730,0,ᚳᚩᛚᚩᚱᛝᛋ,243
bardeen,314439,0,ᛒᚪᚱᛞᛖᛖᚾ,421
unrolling,314342,0,ᚢᚾᚱᚩᛚᛚᛝ,275
slouching,314064,0,ᛋᛚᚩᚢᚳᚻᛝ,251
sulkily,313846,0,ᛋᚢᛚᚳᛁᛚᚣ,349
cetacean,313661,0,ᚳᛖᛏᚪᚳᛠᚾ,387
blazers,313544,0,ᛒᛚᚪᛋᛖᚱᛋ,415
quizzed,313044,0,ᚳᚹᛁᛋᛋᛖᛞ,325
larkins,312998,0,ᛚᚪᚱᚳᛁᚾᛋ,307
lettice,312919,0,ᛚᛖᛏᛏᛁᚳᛖ,369
alkalic,312816,0,ᚪᛚᚳᚪᛚᛁᚳ,397
wisteria,312744,0,ᚹᛁᛋᛏᛖᚱᛡ,347
petered,312607,0,ᛈᛖᛏᛖᚱᛖᛞ,403
suavity,312322,0,ᛋᚢᚪᚢᛁᛏᚣ,349
redrawing,312251,0,ᚱᛖᛞᚱᚪᚹᛝ,373
pampering,312025,0,ᛈᚪᛗᛈᛖᚱᛝ,411
rewinding,312009,0,ᚱᛖᚹᛁᚾᛞᛝ,325
whitsun,311908,0,ᚹᚻᛁᛏᛋᚢᚾ,217
shuttling,311869,0,ᛋᚻᚢᛏᛏᛚᛝ,349
bromate,311790,0,ᛒᚱᚩᛗᚪᛏᛖ,373
herdman,311587,0,ᚻᛖᚱᛞᛗᚪᚾ,387
coexists,311541,0,ᚳᛟᛉᛁᛋᛏᛋ,339
pretzel,311537,0,ᛈᚱᛖᛏᛋᛖᛚ,373
godowns,311414,0,ᚷᚩᛞᚩᚹᚾᛋ,221
gehenna,311014,0,ᚷᛖᚻᛖᚾᚾᚪ,329
longhorn,310991,0,ᛚᚩᛝᚻᚩᚱᚾ,229
grazier,310931,0,ᚷᚱᚪᛋᛁᛖᚱ,287
ritalin,310678,0,ᚱᛁᛏᚪᛚᛁᚾ,331
effused,310625,0,ᛖᚠᚠᚢᛋᛖᛞ,283
morgana,310588,0,ᛗᚩᚱᚷᚪᚾᚪ,329
repacking,310547,0,ᚱᛖᛈᚪᚳᚳᛝ,323
warners,310528,0,ᚹᚪᚱᚾᛖᚱᛋ,287
warrens,310516,0,ᚹᚪᚱᚱᛖᚾᛋ,287
boorish,310516,0,ᛒᚩᚩᚱᛁᛋᚻ,193
ceilinged,310340,0,ᚳᛖᛁᛚᛝᛖᛞ,419
recross,310284,0,ᚱᛖᚳᚱᚩᛋᛋ,215
takeaway,310250,0,ᛏᚪᚳᛠᚹᚪᚣ,497
relived,310208,0,ᚱᛖᛚᛁᚢᛖᛞ,341
subdues,310129,0,ᛋᚢᛒᛞᚢᛖᛋ,329
shallot,310056,0,ᛋᚻᚪᛚᛚᚩᛏ,385
bustard,310056,0,ᛒᚢᛋᛏᚪᚱᛞ,373
looters,309876,0,ᛚᚩᚩᛏᛖᚱᛋ,277
stainer,309752,0,ᛋᛏᚪᛁᚾᛖᚱ,347
upstage,309675,0,ᚢᛈᛋᛏᚪᚷᛖ,339
vetches,309573,0,ᚢᛖᛏᚳᚻᛖᛋ,285
cockles,309489,0,ᚳᚩᚳᚳᛚᛖᛋ,239
subplot,309366,0,ᛋᚢᛒᛈᛚᚩᛏ,299
crooned,309345,0,ᚳᚱᚩᚩᚾᛖᛞ,223
planked,309285,0,ᛈᛚᚪᚾᚳᛖᛞ,411
cackled,308965,0,ᚳᚪᚳᚳᛚᛖᛞ,365
zhdanov,308952,0,ᛋᚻᛞᚪᚾᚩᚢ,301
mulches,308883,0,ᛗᚢᛚᚳᚻᛖᛋ,303
bunnies,308805,0,ᛒᚢᚾᚾᛁᛖᛋ,273
taichung,308792,0,ᛏᚪᛁᚳᚻᚢᛝ,305
spirito,308699,0,ᛋᛈᛁᚱᛁᛏᚩ,235
bewailing,308418,0,ᛒᛖᚹᚪᛁᛚᛝ,427
pennine,308416,0,ᛈᛖᚾᚾᛁᚾᛖ,295
merinos,308412,0,ᛗᛖᚱᛁᚾᚩᛋ,269
maunder,308387,0,ᛗᚪᚢᚾᛞᛖᚱ,367
loftily,308365,0,ᛚᚩᚠᛏᛁᛚᚣ,348
mummery,308321,0,ᛗᚢᛗᛗᛖᚱᚣ,397
courser,308238,0,ᚳᚩᚢᚱᛋᛖᚱ,165
stopgap,308154,0,ᛋᛏᚩᛈᚷᚪᛈ,319
muskoka,308125,0,ᛗᚢᛋᚳᚩᚳᚪ,257
clinked,307770,0,ᚳᛚᛁᚾᚳᛖᛞ,315
cowries,307686,0,ᚳᚩᚹᚱᛁᛖᛋ,201
letdown,307536,0,ᛚᛖᛏᛞᚩᚹᚾ,343
venders,307424,0,ᚢᛖᚾᛞᛖᚱᛋ,319
pawnees,307381,0,ᛈᚪᚹᚾᛖᛖᛋ,375
swatted,307297,0,ᛋᚹᚪᛏᛏᛖᛞ,443
augusti,307151,0,ᚪᚢᚷᚢᛋᛏᛁ,263
drachma,307099,0,ᛞᚱᚪᚳᚻᛗᚪ,401
shirked,306982,0,ᛋᚻᛁᚱᚳᛖᛞ,287
rejoins,306809,0,ᚱᛖᛂᚩᛁᚾᛋ,235
fistful,306690,0,ᚠᛁᛋᛏᚠᚢᛚ,223
jocasta,306684,0,ᛂᚩᚳᚪᛋᛏᚪ,363
serried,306632,0,ᛋᛖᚱᚱᛁᛖᛞ,329
measurer,306449,0,ᛗᛠᛋᚢᚱᛖᚱ,325
seebohm,306391,0,ᛋᛖᛖᛒᚩᚻᛗ,349
lanyard,306329,0,ᛚᚪᚾᚣᚪᚱᛞ,499
newsboy,306231,0,ᚾᛖᚹᛋᛒᚩᚣ,339
alcazar,306153,0,ᚪᛚᚳᚪᛋᚪᚱ,441
mustangs,306005,0,ᛗᚢᛋᛏᚪᛝᛋ,415
lawford,305815,0,ᛚᚪᚹᚠᚩᚱᛞ,298
joneses,305589,0,ᛂᚩᚾᛖᛋᛖᛋ,313
applets,305416,0,ᚪᛈᛈᛚᛖᛏᛋ,435
burdock,305324,0,ᛒᚢᚱᛞᚩᚳᚳ,197
morgans,305315,0,ᛗᚩᚱᚷᚪᚾᛋ,285
descant,305239,0,ᛞᛖᛋᚳᚪᚾᛏ,407
inputting,305224,0,ᛁᚾᛈᚢᛏᛏᛝ,303
peddled,305178,0,ᛈᛖᛞᛞᛚᛖᛞ,517
aphides,305091,0,ᚪᛈᚻᛁᛞᛖᛋ,403
pungency,304992,0,ᛈᚢᛝᛖᚾᚳᚣ,337
enchant,304778,0,ᛖᚾᚳᚻᚪᚾᛏ,317
funnier,304624,0,ᚠᚢᚾᚾᛁᛖᚱ,172
gambles,304533,0,ᚷᚪᛗᛒᛚᛖᛋ,439
mirthful,304356,0,ᛗᛁᚱᚦᚠᚢᛚ,196
justicia,304321,0,ᛂᚢᛋᛏᛁᚳᛡ,303
hohokam,304283,0,ᚻᚩᚻᚩᚳᚪᛗ,241
puckering,304177,0,ᛈᚢᚳᚳᛖᚱᛝ,229
smothers,303875,0,ᛋᛗᚩᚦᛖᚱᛋ,267
bowlder,303668,0,ᛒᚩᚹᛚᛞᛖᚱ,327
orvieto,303645,0,ᚩᚱᚢᛁᛖᛏᚩ,185
wheezed,303332,0,ᚹᚻᛖᛖᛋᛖᛞ,385
calyces,303232,0,ᚳᚪᛚᚣᚳᛖᛋ,419
adsorbing,302935,0,ᚪᛞᛋᚩᚱᛒᛝ,397
quavering,302858,0,ᚳᚹᚪᚢᛖᚱᛝ,289
malamud,302743,0,ᛗᚪᛚᚪᛗᚢᛞ,501
harpies,302704,0,ᚻᚪᚱᛈᛁᛖᛋ,325
qaddafi,302597,0,ᚳᚪᛞᛞᚪᚠᛁ,418
pimento,302560,0,ᛈᛁᛗᛖᚾᛏᚩ,307
hispania,302560,0,ᚻᛁᛋᛈᚪᚾᛡ,383
moniker,302530,0,ᛗᚩᚾᛁᚳᛖᚱ,229
pavlova,302502,0,ᛈᚪᚢᛚᚩᚢᚪ,323
gibbous,302331,0,ᚷᛁᛒᛒᚩᚢᛋ,233
oxygens,302145,0,ᚩᛉᚣᚷᛖᚾᛋ,323
deadness,302133,0,ᛞᛠᛞᚾᛖᛋᛋ,489
harmonia,302115,0,ᚻᚪᚱᛗᚩᚾᛡ,345
dethrone,302091,0,ᛞᛖᚦᚱᚩᚾᛖ,275
norwest,302087,0,ᚾᚩᚱᚹᛖᛋᛏ,245
cudgels,302039,0,ᚳᚢᛞᚷᛖᛚᛋ,315
prefixing,301930,0,ᛈᚱᛖᚠᛁᛉᛝ,280
belched,301900,0,ᛒᛖᛚᚳᚻᛖᛞ,393
blights,301724,0,ᛒᛚᛁᚷᚻᛏᛋ,317
terpene,301550,0,ᛏᛖᚱᛈᛖᚾᛖ,343
eduction,301376,0,ᛖᛞᚢᚳᛏᛡᚾ,367
cheyney,301314,0,ᚳᚻᛖᚣᚾᛖᚣ,405
cowherd,301304,0,ᚳᚩᚹᚻᛖᚱᛞ,229
bludgeon,301302,0,ᛒᛚᚢᛞᚷᛇᚾ,313
riggers,301177,0,ᚱᛁᚷᚷᛖᚱᛋ,207
capulet,301075,0,ᚳᚪᛈᚢᛚᛖᛏ,355
expensing,300964,0,ᛖᛉᛈᛖᚾᛋᛝ,385
decrypt,300951,1,ᛞᛖᚳᚱᚣᛈᛏ,385
muslins,300815,0,ᛗᚢᛋᛚᛁᚾᛋ,313
amoeboid,300780,0,ᚪᛗᛟᛒᚩᛁᛞ,439
valente,300768,0,ᚢᚪᛚᛖᚾᛏᛖ,395
roughed,300699,0,ᚱᚩᚢᚷᚻᛖᛞ,217
tournay,300696,0,ᛏᚩᚢᚱᚾᚪᚣ,309
topmast,300642,0,ᛏᚩᛈᛗᚪᛋᛏ,389
escudos,300586,0,ᛖᛋᚳᚢᛞᚩᛋ,285
victual,300521,0,ᚢᛁᚳᛏᚢᚪᛚ,279
restudy,300188,0,ᚱᛖᛋᛏᚢᛞᚣ,385
vicinal,300053,0,ᚢᛁᚳᛁᚾᚪᛚ,277
savouring,299595,0,ᛋᚪᚢᚩᚢᚱᛝ,253
deducts,299542,0,ᛞᛖᛞᚢᚳᛏᛋ,373
wenches,299533,0,ᚹᛖᚾᚳᚻᛖᛋ,271
tucuman,299351,0,ᛏᚢᚳᚢᛗᚪᚾ,275
naivety,299317,0,ᚾᚪᛁᚢᛖᛏᚣ,389
unsworn,299266,0,ᚢᚾᛋᚹᚩᚱᚾ,151
volution,299228,0,ᚢᚩᛚᚢᛏᛡᚾ,281
redfish,299228,0,ᚱᛖᛞᚠᛁᛋᚻ,276
deforms,299191,0,ᛞᛖᚠᚩᚱᛗᛋ,300
midship,299185,0,ᛗᛁᛞᛋᚻᛁᛈ,341
zymotic,299116,0,ᛋᚣᛗᚩᛏᛁᚳ,337
despoil,298802,0,ᛞᛖᛋᛈᚩᛁᛚ,363
gribble,298792,0,ᚷᚱᛁᛒᛒᛚᛖ,321
hollowing,298717,0,ᚻᚩᛚᛚᚩᚹᛝ,281
curries,298624,0,ᚳᚢᚱᚱᛁᛖᛋ,189
fullers,298328,0,ᚠᚢᛚᛚᛖᚱᛋ,282
dextral,297918,0,ᛞᛖᛉᛏᚱᚪᛚ,443
encrease,297838,0,ᛖᚾᚳᚱᛠᛋᛖ,349
uncared,297769,0,ᚢᚾᚳᚪᚱᛖᛞ,309
dilutes,297725,0,ᛞᛁᛚᚢᛏᛖᛋ,375
teardrop,297704,0,ᛏᛠᚱᛞᚱᚩᛈ,329
podesta,297697,0,ᛈᚩᛞᛖᛋᛏᚪ,415
prendre,297582,0,ᛈᚱᛖᚾᛞᚱᛖ,317
genevan,297153,0,ᚷᛖᚾᛖᚢᚪᚾ,309
rosales,297073,0,ᚱᚩᛋᚪᛚᛖᛋ,361
waisted,296999,0,ᚹᚪᛁᛋᛏᛖᛞ,415
chalons,296838,0,ᚳᚻᚪᛚᚩᚾᛋ,295
sesamum,296833,0,ᛋᛖᛋᚪᛗᚢᛗ,415
genially,296673,0,ᚷᛖᚾᛡᛚᛚᚣ,469
trundle,296621,0,ᛏᚱᚢᚾᛞᛚᛖ,331
bonjour,296350,0,ᛒᚩᚾᛂᚩᚢᚱ,155
trances,296329,0,ᛏᚱᚪᚾᚳᛖᛋ,329
unsmiling,296178,0,ᚢᚾᛋᛗᛁᛚᛝ,339
massifs,296067,0,ᛗᚪᛋᛋᛁᚠᛋ,360
escheats,295682,0,ᛖᛋᚳᚻᛠᛏᛋ,377
relenting,295530,0,ᚱᛖᛚᛖᚾᛏᛝ,385
bemoaning,295483,0,ᛒᛖᛗᚩᚪᚾᛝ,411
grimmer,295272,0,ᚷᚱᛁᛗᛗᛖᚱ,279
corbels,295037,0,ᚳᚩᚱᛒᛖᛚᛋ,285
getters,294972,0,ᚷᛖᛏᛏᛖᚱᛋ,333
nunavut,294786,0,ᚾᚢᚾᚪᚢᚢᛏ,223
blarney,294772,0,ᛒᛚᚪᚱᚾᛖᚣ,441
muzzled,294694,0,ᛗᚢᛋᛋᛚᛖᛞ,409
muddied,294442,0,ᛗᚢᛞᛞᛁᛖᛞ,439
pallium,294411,0,ᛈᚪᛚᛚᛁᚢᛗ,391
silenus,294336,0,ᛋᛁᛚᛖᚾᚢᛋ,309
trekked,294290,0,ᛏᚱᛖᚳᚳᛖᛞ,319
beeline,294283,0,ᛒᛖᛖᛚᛁᚾᛖ,395
sprints,294173,0,ᛋᛈᚱᛁᚾᛏᛋ,279
revisal,293849,0,ᚱᛖᚢᛁᛋᚪᛚ,335
scrappy,293734,0,ᛋᚳᚱᚪᛈᛈᚣ,363
abutted,293731,0,ᚪᛒᚢᛏᛏᛖᛞ,435
captioning,293532,0,ᚳᚪᛈᛏᛡᚾᛝ,427
borrelia,293442,0,ᛒᚩᚱᚱᛖᛚᛡ,337
appends,293292,0,ᚪᛈᛈᛖᚾᛞᛋ,421
nettled,293237,0,ᚾᛖᛏᛏᛚᛖᛞ,443
quirked,293174,0,ᚳᚹᛁᚱᚳᛖᛞ,243
aalborg,293115,0,ᚪᚪᛚᛒᚩᚱᚷ,363
eatables,293039,0,ᛠᛏᚪᛒᛚᛖᛋ,519
pranced,292960,0,ᛈᚱᚪᚾᚳᛖᛞ,349
quailed,292894,0,ᚳᚹᚪᛁᛚᛖᛞ,389
helluva,292681,0,ᚻᛖᛚᛚᚢᚢᚪ,339
clausal,292292,0,ᚳᛚᚪᚢᛋᚪᛚ,409
rennell,291978,0,ᚱᛖᚾᚾᛖᛚᛚ,349
kiddies,291701,0,ᚳᛁᛞᛞᛁᛖᛋ,373
munched,291625,0,ᛗᚢᚾᚳᚻᛖᛞ,295
smashes,291542,0,ᛋᛗᚪᛋᚻᛖᛋ,417
slacked,291515,0,ᛋᛚᚪᚳᚳᛖᛞ,405
catties,291509,0,ᚳᚪᛏᛏᛁᛖᛋ,379
indenting,291429,0,ᛁᚾᛞᛖᚾᛏᛝ,383
tiresias,291396,0,ᛏᛁᚱᛖᛋᛡᛋ,381
clinching,291001,0,ᚳᛚᛁᚾᚳᚻᛝ,261
railcar,290965,0,ᚱᚪᛁᛚᚳᚪᚱ,333
triomphe,290870,0,ᛏᚱᛡᛗᛈᚻᛖ,381
upslope,290819,0,ᚢᛈᛋᛚᚩᛈᛖ,289
reticle,290737,0,ᚱᛖᛏᛁᚳᛚᛖ,321
replaying,290719,0,ᚱᛖᛈᛚᚪᚣᛝ,473
tertius,290548,0,ᛏᛖᚱᛏᛁᚢᛋ,283
wallaby,290534,0,ᚹᚪᛚᛚᚪᛒᚣ,523
slasher,290436,0,ᛋᛚᚪᛋᚻᛖᚱ,377
lupinus,290435,0,ᛚᚢᛈᛁᚾᚢᛋ,235
daumier,290259,0,ᛞᚪᚢᛗᛁᛖᚱ,369
arraign,290216,0,ᚪᚱᚱᚪᛁᚷᚾ,293
stubbed,290111,0,ᛋᛏᚢᛒᛒᛖᛞ,393
truants,290025,0,ᛏᚱᚢᚪᚾᛏᛋ,311
railhead,289976,0,ᚱᚪᛁᛚᚻᛠᛞ,433
wantage,289848,0,ᚹᚪᚾᛏᚪᚷᛖ,385
falcate,289647,0,ᚠᚪᛚᚳᚪᛏᛖ,408
senates,289452,0,ᛋᛖᚾᚪᛏᛖᛋ,425
escorial,289393,0,ᛖᛋᚳᚩᚱᛡᛚ,331
vintner,289341,0,ᚢᛁᚾᛏᚾᛖᚱ,229
mammoths,289169,0,ᛗᚪᛗᛗᚩᚦᛋ,375
eyelash,289112,0,ᛖᚣᛖᛚᚪᛋᚻ,483
outgrew,288992,0,ᚩᚢᛏᚷᚱᛖᚹ,183
whatnot,288899,0,ᚹᚻᚪᛏᚾᚩᛏ,293
chilies,288766,0,ᚳᚻᛁᛚᛁᛖᛋ,291
seduces,288690,0,ᛋᛖᛞᚢᚳᛖᛋ,345
gallops,288620,0,ᚷᚪᛚᛚᚩᛈᛋ,363
automat,288509,0,ᚪᚢᛏᚩᛗᚪᛏ,393
gladioli,288336,0,ᚷᛚᚪᛞᛡᛚᛁ,487
strumming,288201,0,ᛋᛏᚱᚢᛗᛗᛝ,347
grandee,288108,0,ᚷᚱᚪᚾᛞᛖᛖ,377
junkies,288062,0,ᛂᚢᚾᚳᛁᛖᛋ,233
ephesian,287839,0,ᛖᛈᚻᛖᛋᛡᚾ,389
infilling,287822,0,ᛁᚾᚠᛁᛚᛚᛝ,318
gruelling,287772,0,ᚷᚱᚢᛖᛚᛚᛝ,323
alkynes,287404,0,ᚪᛚᚳᚣᚾᛖᛋ,435
gamelan,287396,0,ᚷᚪᛗᛖᛚᚪᚾ,451
prudish,287356,0,ᛈᚱᚢᛞᛁᛋᚻ,253
ligurian,287301,0,ᛚᛁᚷᚢᚱᛡᚾ,271
windrow,287227,0,ᚹᛁᚾᛞᚱᚩᚹ,205
medlars,287083,0,ᛗᛖᛞᛚᚪᚱᛋ,461
scuffling,286980,0,ᛋᚳᚢᚠᚠᛚᛝ,225
kenyans,286955,0,ᚳᛖᚾᚣᚪᚾᛋ,391
yakutat,286797,0,ᚣᚪᚳᚢᛏᚪᛏ,431
leapfrog,286515,0,ᛚᛠᛈᚠᚱᚩᚷ,262
becometh,286500,0,ᛒᛖᚳᚩᛗᛖᚦ,291
beccaria,286342,0,ᛒᛖᚳᚳᚪᚱᛡ,369
livered,286107,0,ᛚᛁᚢᛖᚱᛖᛞ,341
flasher,285846,0,ᚠᛚᚪᛋᚻᛖᚱ,326
untruths,285723,0,ᚢᚾᛏᚱᚢᚦᛋ,163
weatherly,285578,0,ᚹᛠᚦᛖᚱᛚᚣ,387
billowy,285462,0,ᛒᛁᛚᛚᚩᚹᚣ,367
mullions,285446,0,ᛗᚢᛚᛚᛡᚾᛋ,409
misleads,285224,0,ᛗᛁᛋᛚᛠᛞᛋ,479
sachems,284938,0,ᛋᚪᚳᚻᛖᛗᛋ,377
largess,284849,0,ᛚᚪᚱᚷᛖᛋᛋ,371
crumpling,284491,0,ᚳᚱᚢᛗᛈᛚᛝ,293
salines,284489,0,ᛋᚪᛚᛁᚾᛖᛋ,403
hornbeam,284445,0,ᚻᚩᚱᚾᛒᛠᛗ,311
betoken,284432,0,ᛒᛖᛏᚩᚳᛖᚾ,303
sulcate,284406,0,ᛋᚢᛚᚳᚪᛏᛖ,365
landman,284269,0,ᛚᚪᚾᛞᛗᚪᚾ,485
dustbin,284253,0,ᛞᚢᛋᛏᛒᛁᚾ,325
foreleg,284233,0,ᚠᚩᚱᛖᛚᛖᚷ,244
salamon,284127,0,ᛋᚪᛚᚪᛗᚩᚾ,427
juglans,284116,0,ᛂᚢᚷᛚᚪᚾᛋ,309
dharmas,284082,0,ᛞᚻᚪᚱᛗᚪᛋ,441
vertues,284071,0,ᚢᛖᚱᛏᚢᛖᛋ,263
hasidim,284023,0,ᚻᚪᛋᛁᛞᛁᛗ,395
healthily,283998,0,ᚻᛠᛚᚦᛁᛚᚣ,417
guttering,283995,0,ᚷᚢᛏᛏᛖᚱᛝ,295
juryman,283980,0,ᛂᚢᚱᚣᛗᚪᚾ,351
millage,283935,0,ᛗᛁᛚᛚᚪᚷᛖ,429
statism,283632,0,ᛋᛏᚪᛏᛁᛋᛗ,423
overdoing,283599,0,ᚩᚢᛖᚱᛞᚩᛝ,263
chapped,283379,0,ᚳᚻᚪᛈᛈᛖᛞ,375
cleanups,283279,0,ᚳᛚᛠᚾᚢᛈᛋ,323
wittingly,283071,0,ᚹᛁᛏᛏᛝᛚᚣ,423
catechu,283024,0,ᚳᚪᛏᛖᚳᚻᚢ,275
closeout,282859,0,ᚳᛚᚩᛋᛇᚢᛏ,249
devaluing,282843,0,ᛞᛖᚢᚪᛚᚢᛝ,411
gangways,282651,0,ᚷᚪᛝᚹᚪᚣᛋ,465
misuses,282609,0,ᛗᛁᛋᚢᛋᛖᛋ,331
eateries,282581,0,ᛠᛏᛖᚱᛁᛖᛋ,397
levered,282573,0,ᛚᛖᚢᛖᚱᛖᛞ,377
termine,282547,0,ᛏᛖᚱᛗᛁᚾᛖ,335
connive,282470,0,ᚳᚩᚾᚾᛁᚢᛖ,179
turanian,282427,0,ᛏᚢᚱᚪᚾᛡᚾ,335
snicker,282421,0,ᛋᚾᛁᚳᚳᛖᚱ,217
doubler,282412,0,ᛞᚩᚢᛒᛚᛖᚱ,311
ataturk,282312,0,ᚪᛏᚪᛏᚢᚱᚳ,339
songster,282301,0,ᛋᚩᛝᛋᛏᛖᚱ,329
mileages,282191,0,ᛗᛁᛚᛠᚷᛖᛋ,421
snuggle,282167,0,ᛋᚾᚢᚷᚷᛚᛖ,259
batavian,281949,0,ᛒᚪᛏᚪᚢᛡᚾ,453
salvors,281685,0,ᛋᚪᛚᚢᚩᚱᛋ,297
tiepolo,281621,0,ᛏᛁᛖᛈᚩᛚᚩ,287
brimful,281604,0,ᛒᚱᛁᛗᚠᚢᛚ,252
elysees,281594,0,ᛖᛚᚣᛋᛖᛖᛋ,483
morella,281515,0,ᛗᚩᚱᛖᛚᛚᚪ,399
esteems,281506,0,ᛖᛋᛏᛖᛖᛗᛋ,437
clucked,281228,0,ᚳᛚᚢᚳᚳᛖᛞ,271
mantels,281205,0,ᛗᚪᚾᛏᛖᛚᛋ,449
corsage,281112,0,ᚳᚩᚱᛋᚪᚷᛖ,265
beadwork,280906,0,ᛒᛠᛞᚹᚩᚱᚳ,309
jaycees,280841,0,ᛂᚪᚣᚳᛖᛖᛋ,437
squawking,280726,0,ᛋᚳᚹᚪᚹᚳᛝ,293
busters,280586,0,ᛒᚢᛋᛏᛖᚱᛋ,307
baubles,280344,0,ᛒᚪᚢᛒᛚᛖᛋ,415
eyesore,280179,0,ᛖᚣᛖᛋᚩᚱᛖ,375
conakry,280161,0,ᚳᚩᚾᚪᚳᚱᚣ,273
coronel,280159,0,ᚳᚩᚱᚩᚾᛖᛚ,207
gielgud,280089,0,ᚷᛁᛖᛚᚷᚢᛞ,297
frolics,280061,0,ᚠᚱᚩᛚᛁᚳᛋ,190
peppery,279944,0,ᛈᛖᛈᛈᛖᚱᚣ,377
cowbird,279822,0,ᚳᚩᚹᛒᛁᚱᛞ,231
froward,279821,0,ᚠᚱᚩᚹᚪᚱᛞ,236
frilled,279806,0,ᚠᚱᛁᛚᛚᛖᛞ,346
rhombus,279726,0,ᚱᚻᚩᛗᛒᚢᛋ,229
funicle,279620,0,ᚠᚢᚾᛁᚳᛚᛖ,218
crumple,279481,0,ᚳᚱᚢᛗᛈᛚᛖ,281
unfired,279313,0,ᚢᚾᚠᛁᚱᛖᛞ,232
wagered,279224,0,ᚹᚪᚷᛖᚱᛖᛞ,367
cowslip,279084,0,ᚳᚩᚹᛋᛚᛁᛈ,239
silvering,278848,0,ᛋᛁᛚᚢᛖᚱᛝ,317
tontine,278838,0,ᛏᚩᚾᛏᛁᚾᛖ,281
cutworm,278811,0,ᚳᚢᛏᚹᚩᚱᛗ,183
springbok,278762,0,ᛋᛈᚱᛝᛒᚩᚳ,267
windowing,278724,0,ᚹᛁᚾᛞᚩᚹᛝ,273
morrice,278620,0,ᛗᚩᚱᚱᛁᚳᛖ,211
pleaders,278588,0,ᛈᛚᛠᛞᛖᚱᛋ,445
zippers,278397,0,ᛋᛁᛈᛈᛖᚱᛋ,301
deceits,278166,0,ᛞᛖᚳᛖᛁᛏᛋ,379
carmela,278147,0,ᚳᚪᚱᛗᛖᛚᚪ,429
prickling,278050,0,ᛈᚱᛁᚳᚳᛚᛝ,263
prester,278050,0,ᛈᚱᛖᛋᛏᛖᚱ,311
safaris,278044,0,ᛋᚪᚠᚪᚱᛁᛋ,344
castanea,277884,0,ᚳᚪᛋᛏᚪᚾᛠ,457
secreta,277627,0,ᛋᛖᚳᚱᛖᛏᚪ,367
clatsop,277609,0,ᚳᛚᚪᛏᛋᚩᛈ,345
bigfoot,277491,0,ᛒᛁᚷᚠᚩᚩᛏ,184
whitely,277471,0,ᚹᚻᛁᛏᛖᛚᚣ,375
absenting,277393,0,ᚪᛒᛋᛖᚾᛏᛝ,445
casuals,277331,0,ᚳᚪᛋᚢᚪᛚᛋ,389
colicky,277239,0,ᚳᚩᛚᛁᚳᚳᚣ,253
fatimid,277090,0,ᚠᚪᛏᛁᛗᛁᛞ,380
seebeck,277016,0,ᛋᛖᛖᛒᛖᚳᚳ,341
scantling,276974,0,ᛋᚳᚪᚾᛏᛚᛝ,403
picador,276791,0,ᛈᛁᚳᚪᛞᚩᚱ,291
bernese,276590,0,ᛒᛖᚱᚾᛖᛋᛖ,355
heatedly,276589,0,ᚻᛠᛏᛖᛞᛚᚣ,523
trevino,276585,0,ᛏᚱᛖᚢᛁᚾᚩ,207
luxation,276577,0,ᛚᚢᛉᚪᛏᛡᚾ,415
tempora,276552,0,ᛏᛖᛗᛈᚩᚱᚪ,355
elkanah,276509,0,ᛖᛚᚳᚪᚾᚪᚻ,399
arcanum,276295,0,ᚪᚱᚳᚪᚾᚢᛗ,321
tanager,276270,0,ᛏᚪᚾᚪᚷᛖᚱ,377
monadic,276199,0,ᛗᚩᚾᚪᛞᛁᚳ,337
vivifying,276100,0,ᚢᛁᚢᛁᚠᚣᛝ,252
flailed,276075,0,ᚠᛚᚪᛁᛚᛖᛞ,432
refract,275907,0,ᚱᛖᚠᚱᚪᚳᛏ,260
inflaming,275869,0,ᛁᚾᚠᛚᚪᛗᛝ,382
nosegay,275764,0,ᚾᚩᛋᛖᚷᚪᚣ,373
rumbles,275635,0,ᚱᚢᛗᛒᛚᛖᛋ,339
dirtier,275619,0,ᛞᛁᚱᛏᛁᛖᚱ,299
duopoly,275315,0,ᛞᚢᚩᛈᚩᛚᚣ,325
ojibway,275211,0,ᚩᛂᛁᛒᚹᚪᚣ,355
vacuums,275095,0,ᚢᚪᚳᚢᚢᛗᛋ,243
nippers,274842,0,ᚾᛁᛈᛈᛖᚱᛋ,277
parkers,274812,0,ᛈᚪᚱᚳᛖᚱᛋ,295
hookers,274734,0,ᚻᚩᚩᚳᛖᚱᛋ,181
zapotec,274471,0,ᛋᚪᛈᚩᛏᛖᚳ,339
xanthate,274380,0,ᛉᚪᚾᚦᚪᛏᛖ,401
nutmegs,274301,0,ᚾᚢᛏᛗᛖᚷᛋ,299
scapulae,274221,0,ᛋᚳᚪᛈᚢᛚᚫ,383
secondo,274209,0,ᛋᛖᚳᚩᚾᛞᚩ,265
guerdon,274186,0,ᚷᚢᛖᚱᛞᚩᚾ,223
valance,274033,0,ᚢᚪᛚᚪᚾᚳᛖ,379
swished,273960,0,ᛋᚹᛁᛋᚻᛖᛞ,335
contemn,273825,0,ᚳᚩᚾᛏᛖᛗᚾ,275
cordite,273633,0,ᚳᚩᚱᛞᛁᛏᛖ,277
cattail,273534,0,ᚳᚪᛏᛏᚪᛁᛚ,429
dippers,273486,0,ᛞᛁᛈᛈᛖᚱᛋ,337
trended,273166,0,ᛏᚱᛖᚾᛞᛖᛞ,411
quested,272964,0,ᚳᚹᛖᛋᛏᛖᛞ,367
sankhya,272454,0,ᛋᚪᚾᚳᚻᚣᚪ,415
inbuilt,272358,0,ᛁᚾᛒᚢᛁᛚᛏ,287
frescos,272223,0,ᚠᚱᛖᛋᚳᚩᛋ,206
zephyrs,272214,0,ᛋᛖᛈᚻᚣᚱᛋ,353
uncured,272057,0,ᚢᚾᚳᚢᚱᛖᛞ,215
tinware,271985,0,ᛏᛁᚾᚹᚪᚱᛖ,313
bellona,271928,0,ᛒᛖᛚᛚᚩᚾᚪ,407
gunsmith,271902,0,ᚷᚢᚾᛋᛗᛁᚦ,209
rebuffs,271891,0,ᚱᛖᛒᚢᚠᚠᛋ,199
katrine,271706,0,ᚳᚪᛏᚱᛁᚾᛖ,307
zygotes,271321,0,ᛋᚣᚷᚩᛏᛖᛋ,359
stipple,271301,0,ᛋᛏᛁᛈᛈᛚᛖ,369
anklets,271219,0,ᚪᚾᚳᛚᛖᛏᛋ,391
estancia,271177,0,ᛖᛋᛏᚪᚾᚳᛡ,425
gossipy,271130,0,ᚷᚩᛋᛋᛁᛈᚣ,307
harrods,270926,0,ᚻᚪᚱᚱᚩᛞᛋ,291
evacuee,270877,0,ᛖᚢᚪᚳᚢᛖᛖ,317
mattock,270766,0,ᛗᚪᛏᛏᚩᚳᚳ,319
guarani,270622,0,ᚷᚢᚪᚱᚪᚾᛁ,285
cadenza,270603,0,ᚳᚪᛞᛖᚾᛋᚪ,445
platens,270463,0,ᛈᛚᚪᛏᛖᚾᛋ,421
grudged,270398,0,ᚷᚱᚢᛞᚷᛖᛞ,293
glassed,270361,0,ᚷᛚᚪᛋᛋᛖᛞ,449
douches,270322,0,ᛞᚩᚢᚳᚻᛖᛋ,255
vaudois,270288,0,ᚢᚪᚢᛞᚩᛁᛋ,283
cerulean,270216,0,ᚳᛖᚱᚢᛚᛠᚾ,305
prelacy,270135,0,ᛈᚱᛖᛚᚪᚳᚣ,407
angulate,270113,0,ᚪᛝᚢᛚᚪᛏᛖ,475
hombres,270082,0,ᚻᚩᛗᛒᚱᛖᛋ,293
motional,270078,0,ᛗᚩᛏᛡᚾᚪᛚ,443
menfolk,269902,0,ᛗᛖᚾᚠᚩᛚᚳ,262
petites,269891,0,ᛈᛖᛏᛁᛏᛖᛋ,379
sconces,269831,0,ᛋᚳᚩᚾᚳᛖᛋ,235
epoxies,269828,0,ᛖᛈᚩᛉᛁᛖᛋ,315
emetine,269775,0,ᛖᛗᛖᛏᛁᚾᛖ,391
villein,269618,0,ᚢᛁᛚᛚᛖᛁᚾ,307
sabines,269515,0,ᛋᚪᛒᛁᚾᛖᛋ,391
hotbeds,269487,0,ᚻᚩᛏᛒᛖᛞᛋ,359
downbeat,269449,0,ᛞᚩᚹᚾᛒᛠᛏ,373
mullahs,269330,0,ᛗᚢᛚᛚᚪᚻᛋ,393
cashews,268981,0,ᚳᚪᛋᚻᛖᚹᛋ,325
sirocco,268841,0,ᛋᛁᚱᚩᚳᚳᚩ,135
morello,268139,0,ᛗᚩᚱᛖᛚᛚᚩ,309
plumped,267959,0,ᛈᛚᚢᛗᛈᛖᛞ,389
partway,267890,0,ᛈᚪᚱᛏᚹᚪᚣ,429
detests,267859,0,ᛞᛖᛏᛖᛋᛏᛋ,447
mintage,267768,0,ᛗᛁᚾᛏᚪᚷᛖ,371
marsala,267604,0,ᛗᚪᚱᛋᚪᛚᚪ,499
tinkers,267533,0,ᛏᛁᚾᚳᛖᚱᛋ,263
barbering,267506,0,ᛒᚪᚱᛒᛖᚱᛝ,387
sexless,267451,0,ᛋᛖᛉᛚᛖᛋᛋ,413
canonry,267449,0,ᚳᚪᚾᚩᚾᚱᚣ,289
scotoma,267144,0,ᛋᚳᚩᛏᚩᛗᚪ,307
bottoming,267144,0,ᛒᚩᛏᛏᚩᛗᛝ,343
sheller,267080,0,ᛋᚻᛖᛚᛚᛖᚱ,367
parkins,267065,0,ᛈᚪᚱᚳᛁᚾᛋ,277
thirsted,267019,0,ᚦᛁᚱᛋᛏᛖᛞ,315
presets,266968,0,ᛈᚱᛖᛋᛖᛏᛋ,353
bolshoi,266710,0,ᛒᚩᛚᛋᚻᚩᛁ,255
abettor,266641,0,ᚪᛒᛖᛏᛏᚩᚱ,361
absolving,266517,0,ᚪᛒᛋᚩᛚᚢᛝ,373
raggedy,266457,0,ᚱᚪᚷᚷᛖᛞᚣ,401
alencon,266395,0,ᚪᛚᛖᚾᚳᚩᚾ,315
thinners,266394,0,ᚦᛁᚾᚾᛖᚱᛋ,225
midriff,266278,0,ᛗᛁᛞᚱᛁᚠᚠ,237
pedants,266206,0,ᛈᛖᛞᚪᚾᛏᛋ,437
dichter,266144,0,ᛞᛁᚳᚻᛏᛖᚱ,293
cowhide,266102,0,ᚳᚩᚹᚻᛁᛞᛖ,249
ethnical,266005,0,ᛖᚦᚾᛁᚳᚪᛚ,315
updraft,265808,0,ᚢᛈᛞᚱᚪᚠᛏ,304
tirades,265735,0,ᛏᛁᚱᚪᛞᛖᛋ,407
strifes,265681,0,ᛋᛏᚱᛁᚠᛖᛋ,276
costuming,265668,0,ᚳᚩᛋᛏᚢᛗᛝ,285
trashed,265613,0,ᛏᚱᚪᛋᚻᛖᛞ,399
gryphon,265522,0,ᚷᚱᚣᛈᚻᚩᚾ,233
fattest,265425,0,ᚠᚪᛏᛏᛖᛋᛏ,396
berbice,265035,0,ᛒᛖᚱᛒᛁᚳᛖ,311
signoria,264892,0,ᛋᛁᚷᚾᚩᚱᛡ,255
satraps,264874,0,ᛋᚪᛏᚱᚪᛈᛋ,413
riposte,264864,0,ᚱᛁᛈᚩᛋᛏᛖ,271
guayule,264821,0,ᚷᚢᚪᚣᚢᛚᛖ,363
unbeaten,264788,0,ᚢᚾᛒᛠᛏᛖᚾ,357
whitlow,264506,0,ᚹᚻᛁᛏᛚᚩᚹ,231
scarious,264352,0,ᛋᚳᚪᚱᛡᚢᛋ,337
mohegan,264342,0,ᛗᚩᚻᛖᚷᚪᚾ,311
wolfish,263732,0,ᚹᚩᛚᚠᛁᛋᚻ,208
grosbeak,263707,0,ᚷᚱᚩᛋᛒᛠᚳ,271
virgate,263661,0,ᚢᛁᚱᚷᚪᛏᛖ,285
bricked,263652,0,ᛒᚱᛁᚳᚳᛖᛞ,285
bequeaths,263619,0,ᛒᛖᚳᚹᛠᚦᛋ,327
propene,263424,0,ᛈᚱᚩᛈᛖᚾᛖ,267
truisms,263283,0,ᛏᚱᚢᛁᛋᛗᛋ,281
fodders,263191,0,ᚠᚩᛞᛞᛖᚱᛋ,318
utopians,263158,0,ᚢᛏᚩᛈᛡᚾᛋ,301
schlitz,263125,0,ᛋᚳᚻᛚᛁᛏᛋ,305
slacker,263035,0,ᛋᛚᚪᚳᚳᛖᚱ,327
juggled,262921,0,ᛂᚢᚷᚷᛚᛖᛞ,303
ruddock,262694,0,ᚱᚢᛞᛞᚩᚳᚳ,225
goneril,262660,0,ᚷᚩᚾᛖᚱᛁᛚ,235
nervure,262635,0,ᚾᛖᚱᚢᚢᚱᛖ,191
takeoffs,262298,0,ᛏᚪᚳᛇᚠᚠᛋ,267
sloshed,262272,0,ᛋᛚᚩᛋᚻᛖᛞ,365
collude,262271,0,ᚳᚩᛚᛚᚢᛞᛖ,325
despond,262228,0,ᛞᛖᛋᛈᚩᚾᛞ,377
celadon,261758,0,ᚳᛖᛚᚪᛞᚩᚾ,375
pinioned,261606,0,ᛈᛁᚾᛡᚾᛖᛞ,395
stabled,261537,0,ᛋᛏᚪᛒᛚᛖᛞ,499
frustum,261472,0,ᚠᚱᚢᛋᛏᚢᛗ,202
quickie,261419,0,ᚳᚹᛁᚳᚳᛁᛖ,187
tetrads,261380,0,ᛏᛖᛏᚱᚪᛞᛋ,435
brazils,261263,0,ᛒᚱᚪᛋᛁᛚᛋ,379
congener,260927,0,ᚳᚩᛝᛖᚾᛖᚱ,273
tracheae,260834,0,ᛏᚱᚪᚳᚻᛠᛖ,379
gigabit,260736,0,ᚷᛁᚷᚪᛒᛁᛏ,313
shucked,260653,0,ᛋᚻᚢᚳᚳᛖᛞ,261
pelagian,260530,0,ᛈᛖᛚᚪᚷᛡᚾ,433
bantams,260457,0,ᛒᚪᚾᛏᚪᛗᛋ,467
tinkled,260447,0,ᛏᛁᚾᚳᛚᛖᛞ,361
jointer,260447,0,ᛂᚩᛁᚾᛏᛖᚱ,241
forswear,260422,0,ᚠᚩᚱᛋᚹᛠᚱ,212
detains,260352,0,ᛞᛖᛏᚪᛁᚾᛋ,425
bastile,260093,0,ᛒᚪᛋᛏᛁᛚᛖ,441
malines,259911,0,ᛗᚪᛚᛁᚾᛖᛋ,421
empyrean,259879,0,ᛖᛗᛈᚣᚱᛠᚾ,433
ferreting,259796,0,ᚠᛖᚱᚱᛖᛏᛝ,296
starlit,259685,0,ᛋᛏᚪᚱᛚᛁᛏ,383
aplenty,259679,0,ᚪᛈᛚᛖᚾᛏᚣ,471
rhodora,259658,0,ᚱᚻᚩᛞᚩᚱᚪ,245
typifying,259623,0,ᛏᚣᛈᛁᚠᚣᛝ,420
overset,259618,0,ᚩᚢᛖᚱᛋᛖᛏ,267
spinney,259597,0,ᛋᛈᛁᚾᚾᛖᚣ,355
onsager,259588,0,ᚩᚾᛋᚪᚷᛖᚱ,281
misstep,259500,0,ᛗᛁᛋᛋᛏᛖᛈ,377
schemed,259068,0,ᛋᚳᚻᛖᛗᛖᛞ,383
saccade,259067,0,ᛋᚪᚳᚳᚪᛞᛖ,429
dollies,258900,0,ᛞᚩᛚᛚᛁᛖᛋ,393
sequela,258781,0,ᛋᛖᚳᚹᛖᛚᚪ,389
showery,258735,0,ᛋᚻᚩᚹᛖᚱᚣ,283
wagtail,258691,0,ᚹᚪᚷᛏᚪᛁᛚ,393
laocoon,258638,0,ᛚᚪᚩᚳᚩᚩᚾ,233
bleaches,258428,0,ᛒᛚᛠᚳᚻᛖᛋ,399
evensong,258427,0,ᛖᚢᛖᚾᛋᚩᛝ,305
compote,258371,0,ᚳᚩᛗᛈᚩᛏᛖ,267
seascape,258285,0,ᛋᛠᛋᚳᚪᛈᛖ,435
theophile,258190,0,ᚦᛇᛈᚻᛁᛚᛖ,283
thyroxin,258097,0,ᚦᚣᚱᚩᛉᛁᚾ,233
tokelau,258072,0,ᛏᚩᚳᛖᛚᚪᚢ,319
lathyrus,257843,0,ᛚᚪᚦᚣᚱᚢᛋ,345
dulcinea,257669,0,ᛞᚢᛚᚳᛁᚾᛠ,347
biograph,257461,0,ᛒᛡᚷᚱᚪᛈᚻ,359
cotonou,257254,0,ᚳᚩᛏᚩᚾᚩᚢ,125
waksman,257219,0,ᚹᚪᚳᛋᛗᚪᚾ,379
pandits,257192,0,ᛈᚪᚾᛞᛁᛏᛋ,401
bactrian,257157,0,ᛒᚪᚳᛏᚱᛡᚾ,377
lymington,257127,0,ᛚᚣᛗᛝᛏᚩᚾ,421
debarring,257113,0,ᛞᛖᛒᚪᚱᚱᛝ,415
neritic,257048,0,ᚾᛖᚱᛁᛏᛁᚳ,241
piggery,256984,0,ᛈᛁᚷᚷᛖᚱᚣ,289
megohms,256904,0,ᛗᛖᚷᚩᚻᛗᛋ,309
topcoat,256859,0,ᛏᚩᛈᚳᚩᚪᛏ,285
saviours,256826,0,ᛋᚪᚢᛡᚢᚱᛋ,327
veneering,256725,0,ᚢᛖᚾᛖᛖᚱᛝ,323
koranic,256347,0,ᚳᚩᚱᚪᚾᛁᚳ,201
prudery,256324,0,ᛈᚱᚢᛞᛖᚱᚣ,327
azotemia,256245,0,ᚪᛋᚩᛏᛖᛗᛡ,461
neckwear,256088,0,ᚾᛖᚳᚳᚹᛠᚱ,261
wallops,255877,0,ᚹᚪᛚᛚᚩᛈᛋ,365
cascara,255847,0,ᚳᚪᛋᚳᚪᚱᚪ,381
schemer,255715,0,ᛋᚳᚻᛖᛗᛖᚱ,305
feoffees,255563,0,ᚠᛇᚠᚠᛖᛖᛋ,234
paraxial,255560,0,ᛈᚪᚱᚪᛉᛡᛚ,475
maginot,255543,0,ᛗᚪᚷᛁᚾᚩᛏ,311
leanness,255536,0,ᛚᛠᚾᚾᛖᛋᛋ,413
powdering,255282,0,ᛈᚩᚹᛞᛖᚱᛝ,315
canopus,255201,0,ᚳᚪᚾᚩᛈᚢᛋ,245
dionysiac,255146,0,ᛞᛡᚾᚣᛋᛡᚳ,501
rappers,255116,0,ᚱᚪᛈᛈᛖᚱᛋ,325
shambling,255071,0,ᛋᚻᚪᛗᛒᛚᛝ,457
templet,254758,0,ᛏᛖᛗᛈᛚᛖᛏ,439
bipedal,254705,0,ᛒᛁᛈᛖᛞᚪᛚ,461
fathomed,254418,0,ᚠᚪᚦᚩᛗᛖᛞ,338
petunias,254363,0,ᛈᛖᛏᚢᚾᛡᛋ,361
whooped,254238,0,ᚹᚻᚩᚩᛈᛖᛞ,255
crosier,254214,0,ᚳᚱᚩᛋᛁᛖᚱ,193
boulter,254182,0,ᛒᚩᚢᛚᛏᛖᚱ,281
ephedra,253999,0,ᛖᛈᚻᛖᛞᚱᚪ,397
horatian,253942,0,ᚻᚩᚱᚪᛏᛡᚾ,333
barbels,253940,0,ᛒᚪᚱᛒᛖᛚᛋ,423
upended,253832,0,ᚢᛈᛖᚾᛞᛖᛞ,387
arimathea,253821,0,ᚪᚱᛁᛗᚪᚦᛠ,421
furrowing,253550,0,ᚠᚢᚱᚱᚩᚹᛝ,132
marimba,253519,0,ᛗᚪᚱᛁᛗᛒᚪ,439
splurge,253327,0,ᛋᛈᛚᚢᚱᚷᛖ,267
sparkes,253121,0,ᛋᛈᚪᚱᚳᛖᛋ,337
marmara,253089,0,ᛗᚪᚱᛗᚪᚱᚪ,455
mirages,253078,0,ᛗᛁᚱᚪᚷᛖᛋ,347
tickles,253044,0,ᛏᛁᚳᚳᛚᛖᛋ,309
entreats,253036,0,ᛖᚾᛏᚱᛠᛏᛋ,387
griffon,252939,0,ᚷᚱᛁᚠᚠᚩᚾ,99
tiburon,252907,0,ᛏᛁᛒᚢᚱᚩᚾ,201
ampules,252890,0,ᚪᛗᛈᚢᛚᛖᛋ,407
swabbed,252761,0,ᛋᚹᚪᛒᛒᛖᛞ,447
predating,252582,0,ᛈᚱᛖᛞᚪᛏᛝ,445
heifetz,252507,0,ᚻᛖᛁᚠᛖᛏᛋ,302
concent,252453,0,ᚳᚩᚾᚳᛖᚾᛏ,217
celtics,252453,0,ᚳᛖᛚᛏᛁᚳᛋ,309
cassady,252442,0,ᚳᚪᛋᛋᚪᛞᚣ,505
piebald,252401,0,ᛈᛁᛖᛒᚪᛚᛞ,461
capsize,252363,0,ᚳᚪᛈᛋᛁᛋᛖ,357
lilongwe,252341,0,ᛚᛁᛚᚩᛝᚹᛖ,349
calicoes,252338,0,ᚳᚪᛚᛁᚳᛟᛋ,363
afghani,252312,0,ᚪᚠᚷᚻᚪᚾᛁ,296
pressings,252188,0,ᛈᚱᛖᛋᛋᛝᛋ,359
shirtings,252151,0,ᛋᚻᛁᚱᛏᛝᛋ,309
reredos,252134,0,ᚱᛖᚱᛖᛞᚩᛋ,305
roomful,252133,0,ᚱᚩᚩᛗᚠᚢᛚ,174
bulrush,252078,0,ᛒᚢᛚᚱᚢᛋᚻ,227
dirhams,251644,0,ᛞᛁᚱᚻᚪᛗᛋ,375
manikin,251439,0,ᛗᚪᚾᛁᚳᛁᚾ,301
crabmeat,251274,0,ᚳᚱᚪᛒᛗᛠᛏ,421
armrest,251202,0,ᚪᚱᛗᚱᛖᛋᛏ,369
melanges,251180,0,ᛗᛖᛚᚪᛝᛖᛋ,507
privily,251012,0,ᛈᚱᛁᚢᛁᛚᚣ,295
fizzled,251007,0,ᚠᛁᛋᛋᛚᛖᛞ,368
pyrrhic,250973,0,ᛈᚣᚱᚱᚻᛁᚳ,235
decapod,250916,0,ᛞᛖᚳᚪᛈᚩᛞ,405
surtout,250792,0,ᛋᚢᚱᛏᚩᚢᛏ,195
demeaned,250763,0,ᛞᛖᛗᛠᚾᛖᛞ,521
psyches,250641,0,ᛈᛋᚣᚳᚻᛖᛋ,355
bencher,250565,0,ᛒᛖᚾᚳᚻᛖᚱ,271
parsees,250535,0,ᛈᚪᚱᛋᛖᛖᛋ,391
simkins,250369,0,ᛋᛁᛗᚳᛁᚾᛋ,281
shiites,250138,0,ᛋᚻᛁᛁᛏᛖᛋ,317
hacksaw,249932,0,ᚻᚪᚳᚳᛋᚪᚹ,315
spooned,249770,0,ᛋᛈᚩᚩᚾᛖᛞ,295
roderic,249614,0,ᚱᚩᛞᛖᚱᛁᚳ,229
taproot,249562,0,ᛏᚪᛈᚱᚩᚩᛏ,283
zemstvo,249508,0,ᛋᛖᛗᛋᛏᚢᚩ,313
gloated,249495,0,ᚷᛚᚩᚪᛏᛖᛞ,409
willowy,249476,0,ᚹᛁᛚᛚᚩᚹᚣ,325
bandana,249350,0,ᛒᚪᚾᛞᚪᚾᚪ,499
orizaba,249303,0,ᚩᚱᛁᛋᚪᛒᚪ,357
cornets,249223,0,ᚳᚩᚱᚾᛖᛏᛋ,239
lysenko,249021,0,ᛚᚣᛋᛖᚾᚳᚩ,345
ceanothus,248911,0,ᚳᛠᚾᚩᚦᚢᛋ,219
szilard,248894,0,ᛋᛋᛁᛚᚪᚱᛞ,407
saguaro,248842,0,ᛋᚪᚷᚢᚪᚱᚩ,285
gambols,248759,0,ᚷᚪᛗᛒᚩᛚᛋ,379
earpiece,248747,0,ᛠᚱᛈᛁᛖᚳᛖ,341
chalcis,248653,0,ᚳᚻᚪᛚᚳᛁᛋ,303
exemple,248640,0,ᛖᛉᛖᛗᛈᛚᛖ,435
pigskin,248544,0,ᛈᛁᚷᛋᚳᛁᚾ,217
chequer,248517,0,ᚳᚻᛖᚳᚹᛖᚱ,213
eyeless,248481,0,ᛖᚣᛖᛚᛖᛋᛋ,483
carrizo,248461,0,ᚳᚪᚱᚱᛁᛋᚩ,223
shriner,248302,0,ᛋᚻᚱᛁᚾᛖᚱ,225
bracero,248057,0,ᛒᚱᚪᚳᛖᚱᚩ,267
anglaise,247999,0,ᚪᛝᛚᚪᛁᛋᛖ,497
godunov,247907,0,ᚷᚩᛞᚢᚾᚩᚢ,155
platers,247889,0,ᛈᛚᚪᛏᛖᚱᛋ,403
tamales,247797,0,ᛏᚪᛗᚪᛚᛖᛋ,517
columbo,247752,0,ᚳᚩᛚᚢᛗᛒᚩ,235
alewife,247692,0,ᚪᛚᛖᚹᛁᚠᛖ,356
vinland,247634,0,ᚢᛁᚾᛚᚪᚾᛞ,351
amnesic,247588,0,ᚪᛗᚾᛖᛋᛁᚳ,361
abscond,247513,0,ᚪᛒᛋᚳᚩᚾᛞ,349
hegemon,247482,0,ᚻᛖᚷᛖᛗᚩᚾ,281
inflowing,247288,0,ᛁᚾᚠᛚᚩᚹᛝ,240
autarky,246991,0,ᚪᚢᛏᚪᚱᚳᚣ,383
windage,246714,0,ᚹᛁᚾᛞᚪᚷᛖ,349
noisier,246604,0,ᚾᚩᛁᛋᛁᛖᚱ,229
uptrend,246498,0,ᚢᛈᛏᚱᛖᚾᛞ,301
justina,246492,0,ᛂᚢᛋᛏᛁᚾᚪ,309
tendent,246403,0,ᛏᛖᚾᛞᛖᚾᛏ,399
auteurs,246292,0,ᚪᚢᛏᛖᚢᚱᛋ,293
socinian,245975,0,ᛋᚩᚳᛁᚾᛡᚾ,269
kristian,245969,0,ᚳᚱᛁᛋᛏᛡᚾ,303
belabor,245898,0,ᛒᛖᛚᚪᛒᚩᚱ,377
unionize,245792,0,ᚢᚾᛡᚾᛁᛋᛖ,319
quilter,245668,0,ᚳᚹᛁᛚᛏᛖᚱ,273
sealskin,245657,0,ᛋᛠᛚᛋᚳᛁᚾ,361
sheetings,245569,0,ᛋᚻᛖᛖᛏᛝᛋ,401
wayfaring,245504,0,ᚹᚪᚣᚠᚪᚱᛝ,408
tantras,245484,0,ᛏᚪᚾᛏᚱᚪᛋ,405
punctum,245412,0,ᛈᚢᚾᚳᛏᚢᛗ,221
benders,245376,0,ᛒᛖᚾᛞᛖᚱᛋ,377
meleager,245290,0,ᛗᛖᛚᛠᚷᛖᚱ,415
sauteed,245241,0,ᛋᚪᚢᛏᛖᛖᛞ,435
gagarin,244956,0,ᚷᚪᚷᚪᚱᛁᚾ,299
zouaves,244947,0,ᛋᚩᚢᚪᚢᛖᛋ,283
readouts,244341,0,ᚱᛠᛞᚩᚢᛏᛋ,331
censers,244260,0,ᚳᛖᚾᛋᛖᚱᛋ,293
hummock,244125,0,ᚻᚢᛗᛗᚩᚳᚳ,201
rodentia,244005,0,ᚱᚩᛞᛖᚾᛏᛡ,369
shrouding,243960,0,ᛋᚻᚱᚩᚢᛞᛝ,265
squirting,243778,0,ᛋᚳᚹᛁᚱᛏᛝ,265
misdeed,243669,0,ᛗᛁᛋᛞᛖᛖᛞ,467
bascule,243530,0,ᛒᚪᛋᚳᚢᛚᛖ,367
debrief,243521,0,ᛞᛖᛒᚱᛁᛖᚠ,328
nuthatch,243431,0,ᚾᚢᚦᚪᛏᚳᚻ,229
sizzled,243403,0,ᛋᛁᛋᛋᛚᛖᛞ,419
gerbils,243271,0,ᚷᛖᚱᛒᛁᛚᛋ,313
sculpin,243166,0,ᛋᚳᚢᛚᛈᛁᚾ,245
downton,243115,0,ᛞᚩᚹᚾᛏᚩᚾ,239
careering,243051,0,ᚳᚪᚱᛖᛖᚱᛝ,345
distils,242872,0,ᛞᛁᛋᛏᛁᛚᛋ,389
seafront,242843,0,ᛋᛠᚠᚱᚩᚾᛏ,270
pizzeria,242840,0,ᛈᛁᛋᛋᛖᚱᛡ,365
coombes,242748,0,ᚳᚩᚩᛗᛒᛖᛋ,279
tycoons,242737,0,ᛏᚣᚳᚩᚩᚾᛋ,271
nilotic,242607,0,ᚾᛁᛚᚩᛏᛁᚳ,243
minibar,242510,0,ᛗᛁᚾᛁᛒᚪᚱ,331
headsets,242493,0,ᚻᛠᛞᛋᛖᛏᛋ,453
fleeced,242103,0,ᚠᛚᛖᛖᚳᛖᛞ,378
origami,242078,0,ᚩᚱᛁᚷᚪᛗᛁ,265
gulches,241940,0,ᚷᚢᛚᚳᚻᛖᛋ,249
bondmen,241906,0,ᛒᚩᚾᛞᛗᛖᚾ,353
tremolo,241869,0,ᛏᚱᛖᛗᚩᛚᚩ,295
snuggling,241854,0,ᛋᚾᚢᚷᚷᛚᛝ,271
blotchy,241732,0,ᛒᛚᚩᛏᚳᚻᚣ,339
twelfths,241700,0,ᛏᚹᛖᛚᚠᚦᛋ,278
caulked,241646,0,ᚳᚪᚢᛚᚳᛖᛞ,355
mikoyan,241612,0,ᛗᛁᚳᚩᚣᚪᚾ,351
helvetia,241582,0,ᚻᛖᛚᚢᛖᛏᛡ,399
cardium,241452,0,ᚳᚪᚱᛞᛁᚢᛗ,315
acetals,241442,0,ᚪᚳᛖᛏᚪᛚᛋ,459
archons,241335,0,ᚪᚱᚳᚻᚩᚾᛋ,233
saroyan,241328,0,ᛋᚪᚱᚩᚣᚪᚾ,397
chippings,241326,0,ᚳᚻᛁᛈᛈᛝᛋ,285
mansard,241105,0,ᛗᚪᚾᛋᚪᚱᛞ,447
augured,241085,0,ᚪᚢᚷᚢᚱᛖᛞ,287
fluffed,241014,0,ᚠᛚᚢᚠᚠᛖᛞ,238
infests,240955,0,ᛁᚾᚠᛖᛋᛏᛋ,294
bruegel,240935,0,ᛒᚱᚢᛖᚷᛖᛚ,299
piasters,240931,0,ᛈᛡᛋᛏᛖᚱᛋ,393
gracile,240757,0,ᚷᚱᚪᚳᛁᛚᛖ,309
toggles,240751,0,ᛏᚩᚷᚷᛚᛖᛋ,293
actives,240709,0,ᚪᚳᛏᛁᚢᛖᛋ,323
latvians,240672,0,ᛚᚪᛏᚢᛡᚾᛋ,421
ramblings,240420,0,ᚱᚪᛗᛒᛚᛝᛋ,445
limpets,240379,0,ᛚᛁᛗᛈᛖᛏᛋ,397
vacates,240174,0,ᚢᚪᚳᚪᛏᛖᛋ,389
madrasa,240153,0,ᛗᚪᛞᚱᚪᛋᚪ,515
embroil,240010,0,ᛖᛗᛒᚱᚩᛁᛚ,321
barbell,239994,0,ᛒᚪᚱᛒᛖᛚᛚ,443
shocker,239993,0,ᛋᚻᚩᚳᚳᛖᚱ,187
fritter,239950,0,ᚠᚱᛁᛏᛏᛖᚱ,240
vainglory,239870,0,ᚢᚪᛝᛚᚩᚱᚣ,373
adoptee,239728,0,ᚪᛞᚩᛈᛏᛖᛖ,429
redneck,239676,0,ᚱᛖᛞᚾᛖᚳᚳ,289
burmans,239553,0,ᛒᚢᚱᛗᚪᚾᛋ,325
lexemes,239372,0,ᛚᛖᛉᛖᛗᛖᛋ,445
revealer,239296,0,ᚱᛖᚢᛠᛚᛖᚱ,341
demigod,239223,0,ᛞᛖᛗᛁᚷᚩᛞ,371
ahriman,239050,0,ᚪᚻᚱᛁᛗᚪᚾ,359
pierhead,239017,0,ᛈᛁᛖᚱᚻᛠᛞ,373
undrawn,238856,0,ᚢᚾᛞᚱᚪᚹᚾ,277
waggled,238756,0,ᚹᚪᚷᚷᛚᛖᛞ,379
acerbic,238732,0,ᚪᚳᛖᚱᛒᛁᚳ,293
baganda,238584,0,ᛒᚪᚷᚪᚾᛞᚪ,487
unfazed,238522,0,ᚢᚾᚠᚪᛋᛖᛞ,340
stearine,238500,0,ᛋᛏᛠᚱᛁᚾᛖ,359
feasibly,238340,0,ᚠᛠᛋᛁᛒᛚᚣ,432
paretic,238284,0,ᛈᚪᚱᛖᛏᛁᚳ,321
jabbering,238209,0,ᛂᚪᛒᛒᛖᚱᛝ,413
decanting,238189,0,ᛞᛖᚳᚪᚾᛏᛝ,433
queerly,238178,0,ᚳᚹᛖᛖᚱᛚᚣ,353
mullens,237975,0,ᛗᚢᛚᛚᛖᚾᛋ,369
jesters,237970,0,ᛂᛖᛋᛏᛖᚱᛋ,347
toughen,237842,0,ᛏᚩᚢᚷᚻᛖᚾ,205
utricle,237824,0,ᚢᛏᚱᛁᚳᛚᛖ,257
betaken,237723,0,ᛒᛖᛏᚪᚳᛖᚾ,393
dragnet,237630,0,ᛞᚱᚪᚷᚾᛖᛏ,369
distend,237625,0,ᛞᛁᛋᛏᛖᚾᛞ,417
predawn,237571,0,ᛈᚱᛖᛞᚪᚹᚾ,355
willets,237363,0,ᚹᛁᛚᛚᛖᛏᛋ,375
citrine,237361,0,ᚳᛁᛏᚱᛁᚾᛖ,241
pabulum,237114,0,ᛈᚪᛒᚢᛚᚢᛗ,351
edibles,236790,0,ᛖᛞᛁᛒᛚᛖᛋ,441
vacuuming,236687,0,ᚢᚪᚳᚢᚢᛗᛝ,269
eidetic,236656,0,ᛖᛁᛞᛖᛏᛁᚳ,357
diorites,236520,0,ᛞᛡᚱᛁᛏᛖᛋ,417
smithies,236463,0,ᛋᛗᛁᚦᛁᛖᛋ,311
byronic,236379,0,ᛒᚣᚱᚩᚾᛁᚳ,255
marcher,236252,0,ᛗᚪᚱᚳᚻᛖᚱ,293
diehard,236169,0,ᛞᛁᛖᚻᚪᚱᛞ,407
arugula,236098,0,ᚪᚱᚢᚷᚢᛚᚪ,301
rampaging,235962,0,ᚱᚪᛗᛈᚪᚷᛝ,415
nestles,235930,0,ᚾᛖᛋᛏᛚᛖᛋ,401
kaddish,235865,0,ᚳᚪᛞᛞᛁᛋᚻ,395
chugged,235772,0,ᚳᚻᚢᚷᚷᛖᛞ,229
shavers,235732,0,ᛋᚻᚪᚢᛖᚱᛋ,307
roguery,235727,0,ᚱᚩᚷᚢᛖᚱᚣ,219
cousteau,235687,0,ᚳᚩᚢᛋᛏᛠᚢ,247
alights,235470,0,ᚪᛚᛁᚷᚻᛏᛋ,353
eardrums,235397,0,ᛠᚱᛞᚱᚢᛗᛋ,347
arpents,235353,0,ᚪᚱᛈᛖᚾᛏᛋ,359
winfred,235322,0,ᚹᛁᚾᚠᚱᛖᛞ,248
defused,235231,0,ᛞᛖᚠᚢᛋᛖᛞ,370
slipway,235227,0,ᛋᛚᛁᛈᚹᚪᚣ,419
samovar,235139,0,ᛋᚪᛗᚩᚢᚪᚱ,339
ottawas,235096,0,ᚩᛏᛏᚪᚹᚪᛋ,391
placating,234810,0,ᛈᛚᚪᚳᚪᛏᛝ,461
proximo,234482,0,ᛈᚱᚩᛉᛁᛗᚩ,217
showmen,234466,0,ᛋᚻᚩᚹᛗᛖᚾ,269
cyphers,234424,0,ᚳᚣᛈᚻᛖᚱᛋ,313
oenothera,234376,0,ᛟᚾᚩᚦᛖᚱᚪ,299
tertium,234260,0,ᛏᛖᚱᛏᛁᚢᛗ,301
ablated,234152,0,ᚪᛒᛚᚪᛏᛖᛞ,543
bearskin,234094,0,ᛒᛠᚱᛋᚳᛁᚾ,307
milieus,234072,0,ᛗᛁᛚᛁᛖᚢᛋ,329
prefacing,234050,0,ᛈᚱᛖᚠᚪᚳᛝ,312
quaestor,233907,0,ᚳᚹᚫᛋᛏᚩᚱ,263
ribcage,233891,0,ᚱᛁᛒᚳᚪᚷᛖ,297
milesian,233800,0,ᛗᛁᛚᛖᛋᛡᚾ,431
inhales,233782,0,ᛁᚾᚻᚪᛚᛖᛋ,373
condign,233746,0,ᚳᚩᚾᛞᛁᚷᚾ,215
chirico,233687,0,ᚳᚻᛁᚱᛁᚳᚩ,129
rookies,233636,0,ᚱᚩᚩᚳᛁᛖᛋ,189
prattling,233632,0,ᛈᚱᚪᛏᛏᛚᛝ,421
biotypes,233538,0,ᛒᛡᛏᚣᛈᛖᛋ,493
birders,233486,0,ᛒᛁᚱᛞᛖᚱᛋ,323
unsaved,233449,0,ᚢᚾᛋᚪᚢᛖᛞ,341
penises,233320,0,ᛈᛖᚾᛁᛋᛖᛋ,343
balsams,233263,0,ᛒᚪᛚᛋᚪᛗᛋ,505
ramifying,233206,0,ᚱᚪᛗᛁᚠᚣᛝ,394
schoole,233103,0,ᛋᚳᚻᚩᚩᛚᛖ,243
caveman,233029,0,ᚳᚪᚢᛖᛗᚪᚾ,377
crinkle,233027,0,ᚳᚱᛁᚾᚳᛚᛖ,237
pleadingly,232931,0,ᛈᛚᛠᛞᛝᛚᚣ,569
tuckahoe,232927,0,ᛏᚢᚳᚳᚪᚻᛟ,291
hymnals,232927,0,ᚻᚣᛗᚾᚪᛚᛋ,449
chauvin,232920,0,ᚳᚻᚪᚢᚢᛁᚾ,199
plumbed,232836,0,ᛈᛚᚢᛗᛒᛖᛞ,407
finicky,232813,0,ᚠᛁᚾᛁᚳᚳᚣ,222
unheeding,232778,0,ᚢᚾᚻᛖᛖᛞᛝ,357
flamingos,232729,0,ᚠᛚᚪᛗᛝᚩᛋ,382
didymus,232610,0,ᛞᛁᛞᚣᛗᚢᛋ,439
praetors,232600,0,ᛈᚱᚫᛏᚩᚱᛋ,285
unstrung,232586,0,ᚢᚾᛋᛏᚱᚢᛝ,237
gristle,232313,0,ᚷᚱᛁᛋᛏᛚᛖ,311
prowler,232296,0,ᛈᚱᚩᚹᛚᛖᚱ,231
behests,232266,0,ᛒᛖᚻᛖᛋᛏᛋ,383
burgage,232225,0,ᛒᚢᚱᚷᚪᚷᛖ,273
moabite,231897,0,ᛗᚩᚪᛒᛁᛏᛖ,393
lechery,231854,0,ᛚᛖᚳᚻᛖᚱᚣ,357
saddening,231829,0,ᛋᚪᛞᛞᛖᚾᛝ,503
iterating,231771,0,ᛁᛏᛖᚱᚪᛏᛝ,403
candela,231661,0,ᚳᚪᚾᛞᛖᛚᚪ,465
carport,231616,0,ᚳᚪᚱᛈᚩᚱᛏ,241
warmers,231592,0,ᚹᚪᚱᛗᛖᚱᛋ,329
crisped,231492,0,ᚳᚱᛁᛋᛈᛖᛞ,307
enfolding,231487,0,ᛖᚾᚠᚩᛚᛞᛝ,346
tambour,231485,0,ᛏᚪᛗᛒᚩᚢᚱ,309
closers,231270,0,ᚳᛚᚩᛋᛖᚱᛋ,277
frisson,231265,0,ᚠᚱᛁᛋᛋᚩᚾ,186
lunette,231228,0,ᛚᚢᚾᛖᛏᛏᛖ,357
olivary,231142,0,ᚩᛚᛁᚢᚪᚱᚣ,325
curragh,231082,0,ᚳᚢᚱᚱᚪᚷᚻ,175
fumbles,231077,0,ᚠᚢᛗᛒᛚᛖᛋ,330
deciles,231072,0,ᛞᛖᚳᛁᛚᛖᛋ,393
panaceas,230976,0,ᛈᚪᚾᚪᚳᛠᛋ,441
cougars,230942,0,ᚳᚩᚢᚷᚪᚱᛋ,201
crofter,230861,0,ᚳᚱᚩᚠᛏᛖᚱ,170
scalene,230752,0,ᛋᚳᚪᛚᛖᚾᛖ,399
caesarian,230602,0,ᚳᚫᛋᚪᚱᛡᚾ,411
hamitic,230516,0,ᚻᚪᛗᛁᛏᛁᚳ,325
carboys,230513,0,ᚳᚪᚱᛒᚩᚣᛋ,345
excreting,230158,0,ᛖᛉᚳᚱᛖᛏᛝ,343
osteopath,230133,0,ᚩᛋᛏᛇᛈᚪᚦ,305
quietus,229964,0,ᚳᚹᛁᛖᛏᚢᛋ,245
impugning,229959,0,ᛁᛗᛈᚢᚷᚾᛝ,273
mystify,229924,0,ᛗᚣᛋᛏᛁᚠᚣ,422
deckers,229919,0,ᛞᛖᚳᚳᛖᚱᛋ,313
monomial,229707,0,ᛗᚩᚾᚩᛗᛡᛚ,365
czarina,229623,0,ᚳᛋᚪᚱᛁᚾᚪ,331
haranguing,229591,0,ᚻᚪᚱᚪᛝᚢᛝ,389
rebated,229542,0,ᚱᛖᛒᚪᛏᛖᛞ,451
grownup,229293,0,ᚷᚱᚩᚹᚾᚢᛈ,129
unmingled,229231,0,ᚢᚾᛗᛝᛚᛖᛞ,411
hollies,229166,0,ᚻᚩᛚᛚᛁᛖᛋ,327
palmers,228933,0,ᛈᚪᛚᛗᛖᚱᛋ,415
monition,228816,0,ᛗᚩᚾᛁᛏᛡᚾ,333
hazarding,228743,0,ᚻᚪᛋᚪᚱᛞᛝ,449
isopods,228699,0,ᛁᛋᚩᛈᚩᛞᛋ,283
mustela,228652,0,ᛗᚢᛋᛏᛖᛚᚪ,423
coccidia,228632,0,ᚳᚩᚳᚳᛁᛞᛡ,273
ungulate,228584,0,ᚢᛝᚢᛚᚪᛏᛖ,381
snooker,228489,0,ᛋᚾᚩᚩᚳᛖᚱ,187
adnexal,228449,0,ᚪᛞᚾᛖᛉᚪᛚ,499
ranchos,228392,0,ᚱᚪᚾᚳᚻᚩᛋ,233
pointes,228388,0,ᛈᚩᛁᚾᛏᛖᛋ,289
papaver,228352,0,ᛈᚪᛈᚪᚢᛖᚱ,361
foxhole,228254,0,ᚠᚩᛉᚻᚩᛚᛖ,226
starves,228212,0,ᛋᛏᚪᚱᚢᛖᛋ,343
locution,228082,0,ᛚᚩᚳᚢᛏᛡᚾ,291
fuchsias,227941,0,ᚠᚢᚳᚻᛋᛡᛋ,254
euphony,227738,0,ᛖᚢᛈᚻᚩᚾᚣ,275
auctioning,227612,0,ᚪᚢᚳᛏᛡᚾᛝ,387
stuccoed,227573,0,ᛋᛏᚢᚳᚳᛟᛞ,313
mellowing,227486,0,ᛗᛖᛚᛚᚩᚹᛝ,389
reneged,227392,0,ᚱᛖᚾᛖᚷᛖᛞ,347
capelin,227289,0,ᚳᚪᛈᛖᛚᛁᚾ,353
frescoed,227092,0,ᚠᚱᛖᛋᚳᛟᛞ,318
aneurin,226909,0,ᚪᚾᛖᚢᚱᛁᚾ,267
pintail,226820,0,ᛈᛁᚾᛏᚪᛁᛚ,363
longboat,226628,0,ᛚᚩᛝᛒᚩᚪᛏ,383
oneidas,226622,0,ᚩᚾᛖᛁᛞᚪᛋ,373
drearily,226545,0,ᛞᚱᛠᚱᛁᛚᚣ,427
bobcats,226506,0,ᛒᚩᛒᚳᚪᛏᛋ,351
myrtles,226474,0,ᛗᚣᚱᛏᛚᛖᛋ,437
lammers,226336,0,ᛚᚪᛗᛗᛖᚱᛋ,443
fillies,226313,0,ᚠᛁᛚᛚᛁᛖᛋ,330
apsidal,226269,0,ᚪᛈᛋᛁᛞᚪᛚ,483
volutes,226254,0,ᚢᚩᛚᚢᛏᛖᛋ,265
burnish,226220,0,ᛒᚢᚱᚾᛁᛋᚻ,211
fetlock,226186,0,ᚠᛖᛏᛚᚩᚳᚳ,234
calcine,226096,0,ᚳᚪᛚᚳᛁᚾᛖ,323
shallop,225919,0,ᛋᚻᚪᛚᛚᚩᛈ,369
egotist,225863,0,ᛖᚷᚩᛏᛁᛋᛏ,293
slingshot,225844,0,ᛋᛚᛝᛋᚻᚩᛏ,347
grabber,225729,0,ᚷᚱᚪᛒᛒᛖᚱ,325
romancing,225681,0,ᚱᚩᛗᚪᚾᚳᛝ,307
mawkish,225616,0,ᛗᚪᚹᚳᛁᛋᚻ,307
ustinov,225491,0,ᚢᛋᛏᛁᚾᚩᚢ,185
bedbugs,225490,0,ᛒᛖᛞᛒᚢᚷᛋ,351
loungers,225407,0,ᛚᚩᚢᛝᛖᚱᛋ,293
thyroids,225333,0,ᚦᚣᚱᚩᛁᛞᛋ,299
iguanas,225325,0,ᛁᚷᚢᚪᚾᚪᛋ,327
parvenu,225315,0,ᛈᚪᚱᚢᛖᚾᚢ,253
weigand,225281,0,ᚹᛖᛁᚷᚪᚾᛞ,349
monocle,225234,0,ᛗᚩᚾᚩᚳᛚᛖ,267
shopman,225171,0,ᛋᚻᚩᛈᛗᚪᚾ,323
jackdaw,225114,0,ᛂᚪᚳᚳᛞᚪᚹ,365
aerators,224974,0,ᚫᚱᚪᛏᚩᚱᛋ,339
mullets,224940,0,ᛗᚢᛚᛚᛖᛏᛋ,399
legless,224910,0,ᛚᛖᚷᛚᛖᛋᛋ,403
canonic,224905,0,ᚳᚪᚾᚩᚾᛁᚳ,219
cathexis,224897,0,ᚳᚪᚦᛖᛉᛁᛋ,313
bondman,224626,0,ᛒᚩᚾᛞᛗᚪᚾ,383
librium,224591,0,ᛚᛁᛒᚱᛁᚢᛗ,281
curfews,224518,0,ᚳᚢᚱᚠᛖᚹᛋ,168
poltava,224395,0,ᛈᚩᛚᛏᚪᚢᚪ,379
layover,224339,0,ᛚᚪᚣᚩᚢᛖᚱ,361
mechlin,224046,0,ᛗᛖᚳᚻᛚᛁᚾ,307
yakutsk,223948,0,ᚣᚪᚳᚢᛏᛋᚳ,341
punters,223818,0,ᛈᚢᚾᛏᛖᚱᛋ,265
kazakhs,223809,0,ᚳᚪᛋᚪᚳᚻᛋ,349
menelik,223776,0,ᛗᛖᚾᛖᛚᛁᚳ,351
sherpas,223644,0,ᛋᚻᛖᚱᛈᚪᛋ,347
syndics,223638,0,ᛋᚣᚾᛞᛁᚳᛋ,371
macules,223572,0,ᛗᚪᚳᚢᛚᛖᛋ,377
wahhabi,223526,0,ᚹᚪᚻᚻᚪᛒᛁ,351
florent,223482,0,ᚠᛚᚩᚱᛖᚾᛏ,248
pilates,223362,0,ᛈᛁᛚᚪᛏᛖᛋ,423
headrest,223282,0,ᚻᛠᛞᚱᛖᛋᛏ,411
tractus,223274,0,ᛏᚱᚪᚳᛏᚢᛋ,295
gamboge,223203,0,ᚷᚪᛗᛒᚩᚷᛖ,337
tasters,223154,0,ᛏᚪᛋᛏᛖᚱᛋ,399
diamines,223055,0,ᛞᛡᛗᛁᚾᛖᛋ,447
lections,223043,0,ᛚᛖᚳᛏᛡᚾᛋ,401
carlist,223032,0,ᚳᚪᚱᛚᛁᛋᛏ,337
pigweed,223007,0,ᛈᛁᚷᚹᛖᛖᛞ,333
simpering,222990,0,ᛋᛁᛗᛈᛖᚱᛝ,355
wannabe,222911,0,ᚹᚪᚾᚾᚪᛒᛖ,399
plicate,222894,0,ᛈᛚᛁᚳᚪᛏᛖ,383
trilled,222866,0,ᛏᚱᛁᛚᛚᛖᛞ,403
winesap,222857,0,ᚹᛁᚾᛖᛋᚪᛈ,339
panjabi,222607,0,ᛈᚪᚾᛂᚪᛒᛁ,395
pickaxe,222576,0,ᛈᛁᚳᚳᚪᛉᛖ,311
spinels,222523,0,ᛋᛈᛁᚾᛖᛚᛋ,349
airbags,222484,0,ᚪᛁᚱᛒᚪᚷᛋ,367
stander,222348,0,ᛋᛏᚪᚾᛞᛖᚱ,405
partite,222144,0,ᛈᚪᚱᛏᛁᛏᛖ,367
tolbooth,222008,0,ᛏᚩᛚᛒᚩᚩᚦ,219
bollard,221983,0,ᛒᚩᛚᛚᚪᚱᛞ,411
moonbeam,221919,0,ᛗᚩᚩᚾᛒᛠᛗ,355
settees,221666,0,ᛋᛖᛏᛏᛖᛖᛋ,425
tritons,221617,0,ᛏᚱᛁᛏᚩᚾᛋ,249
lockage,221430,0,ᛚᚩᚳᚳᚪᚷᛖ,287
curlers,221356,0,ᚳᚢᚱᛚᛖᚱᛋ,231
pentode,221334,0,ᛈᛖᚾᛏᚩᛞᛖ,361
thesauri,221223,0,ᚦᛖᛋᚪᚢᚱᛁ,267
sitcoms,221211,0,ᛋᛁᛏᚳᚩᛗᛋ,287
pestles,221150,0,ᛈᛖᛋᛏᛚᛖᛋ,415
polecat,221074,0,ᛈᚩᛚᛖᚳᚪᛏ,359
sparkly,220992,0,ᛋᛈᚪᚱᚳᛚᚣ,393
yardmen,220854,0,ᚣᚪᚱᛞᛗᛖᚾ,467
repaint,220761,0,ᚱᛖᛈᚪᛁᚾᛏ,337
pebbled,220755,0,ᛈᛖᛒᛒᛚᛖᛞ,461
contrat,220715,0,ᚳᚩᚾᛏᚱᚪᛏ,275
gellert,220587,0,ᚷᛖᛚᛚᛖᚱᛏ,367
megaton,220559,0,ᛗᛖᚷᚪᛏᚩᚾ,347
prorating,220523,0,ᛈᚱᚩᚱᚪᛏᛝ,307
romanic,220337,0,ᚱᚩᛗᚪᚾᛁᚳ,259
equerry,220240,0,ᛖᚳᚹᛖᚱᚱᚣ,291
equites,220060,0,ᛖᚳᚹᛁᛏᛖᛋ,309
broncos,220030,0,ᛒᚱᚩᚾᚳᚩᛋ,181
sartain,219991,0,ᛋᚪᚱᛏᚪᛁᚾ,377
sparser,219946,0,ᛋᛈᚪᚱᛋᛖᚱ,335
ingleside,219698,0,ᛝᛚᛖᛋᛁᛞᛖ,459
caddies,219652,0,ᚳᚪᛞᛞᛁᛖᛋ,439
outsize,219372,0,ᚩᚢᛏᛋᛁᛋᛖ,273
unfitting,219329,0,ᚢᚾᚠᛁᛏᛏᛝ,262
skeeter,219278,0,ᛋᚳᛖᛖᛏᛖᚱ,337
serbians,219228,0,ᛋᛖᚱᛒᛡᚾᛋ,381
skidder,219119,0,ᛋᚳᛁᛞᛞᛖᚱ,353
gumption,219027,0,ᚷᚢᛗᛈᛏᛡᚾ,329
haycock,218872,0,ᚻᚪᚣᚳᚩᚳᚳ,269
lactuca,218858,0,ᛚᚪᚳᛏᚢᚳᚪ,355
odorant,218675,0,ᚩᛞᚩᚱᚪᚾᛏ,299
arcaded,218601,0,ᚪᚱᚳᚪᛞᛖᛞ,463
knobbed,218377,0,ᚳᚾᚩᛒᛒᛖᛞ,327
drumbeat,218294,0,ᛞᚱᚢᛗᛒᛠᛏ,403
indiaman,218228,0,ᛁᚾᛞᛡᛗᚪᚾ,453
geometer,218210,0,ᚷᛇᛗᛖᛏᛖᚱ,333
bubbler,218141,0,ᛒᚢᛒᛒᛚᛖᚱ,337
parlous,217990,0,ᛈᚪᚱᛚᚩᚢᛋ,287
vomitus,217986,0,ᚢᚩᛗᛁᛏᚢᛋ,227
stilton,217754,0,ᛋᛏᛁᛚᛏᚩᚾ,311
galvani,217706,0,ᚷᚪᛚᚢᚪᚾᛁ,347
barreling,217541,0,ᛒᚪᚱᚱᛖᛚᛝ,399
terbium,217395,0,ᛏᛖᚱᛒᛁᚢᛗ,303
teahouse,217346,0,ᛏᛠᚻᚩᚢᛋᛖ,321
kutuzov,217267,0,ᚳᚢᛏᚢᛋᚩᚢ,141
theophany,216674,0,ᚦᛇᛈᚻᚪᚾᚣ,341
faustian,216558,0,ᚠᚪᚢᛋᛏᛡᚾ,350
rostand,216543,0,ᚱᚩᛋᛏᚪᚾᛞ,345
dioscorea,216374,0,ᛞᛡᛋᚳᚩᚱᛠ,389
flyover,216350,0,ᚠᛚᚣᚩᚢᛖᚱ,266
distich,216342,0,ᛞᛁᛋᛏᛁᚳᚻ,299
sciurus,216261,0,ᛋᚳᛁᚢᚱᚢᛋ,167
esteeming,216227,0,ᛖᛋᛏᛖᛖᛗᛝ,463
novelle,216200,0,ᚾᚩᚢᛖᛚᛚᛖ,319
coddled,215984,0,ᚳᚩᛞᛞᛚᛖᛞ,427
calista,215894,0,ᚳᚪᛚᛁᛋᛏᚪ,423
fasciola,215886,0,ᚠᚪᛋᚳᛡᛚᚪ,442
grosses,215816,0,ᚷᚱᚩᛋᛋᛖᛋ,261
offload,215390,0,ᚩᚠᚠᛚᚩᚪᛞ,277
navvies,215269,0,ᚾᚪᚢᚢᛁᛖᛋ,283
rawness,214957,0,ᚱᚪᚹᚾᛖᛋᛋ,329
hoardings,214937,0,ᚻᚩᚪᚱᛞᛝᛋ,359
larches,214902,0,ᛚᚪᚱᚳᚻᛖᛋ,337
flunked,214757,0,ᚠᛚᚢᚾᚳᛖᛞ,276
visages,214654,0,ᚢᛁᛋᚪᚷᛖᛋ,321
diptych,214607,0,ᛞᛁᛈᛏᚣᚳᚻ,361
garrets,214336,0,ᚷᚪᚱᚱᛖᛏᛋ,315
freckle,214316,0,ᚠᚱᛖᚳᚳᛚᛖ,246
hawsers,214227,0,ᚻᚪᚹᛋᛖᚱᛋ,323
knitter,214157,0,ᚳᚾᛁᛏᛏᛖᚱ,269
scarabs,213981,0,ᛋᚳᚪᚱᚪᛒᛋ,385
tiredly,213973,0,ᛏᛁᚱᛖᛞᛚᚣ,433
possums,213911,0,ᛈᚩᛋᛋᚢᛗᛋ,283
mauvais,213878,0,ᛗᚪᚢᚢᚪᛁᛋ,355
songbird,213876,0,ᛋᚩᛝᛒᛁᚱᛞ,331
squints,213801,0,ᛋᚳᚹᛁᚾᛏᛋ,257
demerol,213691,0,ᛞᛖᛗᛖᚱᚩᛚ,385
gubbins,213682,0,ᚷᚢᛒᛒᛁᚾᛋ,255
righter,213652,0,ᚱᛁᚷᚻᛏᛖᚱ,219
harpist,213651,0,ᚻᚪᚱᛈᛁᛋᛏ,317
apposed,213601,0,ᚪᛈᛈᚩᛋᛖᛞ,399
festoon,213591,0,ᚠᛖᛋᛏᚩᚩᚾ,224
petrine,213576,0,ᛈᛖᛏᚱᛁᚾᛖ,307
standen,213555,0,ᛋᛏᚪᚾᛞᛖᚾ,423
thanatos,213512,0,ᚦᚪᚾᚪᛏᚩᛋ,347
remands,213370,0,ᚱᛖᛗᚪᚾᛞᛋ,417
pincher,213363,0,ᛈᛁᚾᚳᚻᛖᚱ,217
fondant,213328,0,ᚠᚩᚾᛞᚪᚾᛏ,312
stoppings,213258,0,ᛋᛏᚩᛈᛈᛝᛋ,337
youngish,213209,0,ᚣᚩᚢᛝᛁᛋᚻ,299
groined,213175,0,ᚷᚱᚩᛁᚾᛖᛞ,251
cimabue,213171,0,ᚳᛁᛗᚪᛒᚢᛖ,343
deviancy,213138,0,ᛞᛖᚢᛡᚾᚳᚣ,411
grossen,213077,0,ᚷᚱᚩᛋᛋᛖᚾ,237
aphelion,213071,0,ᚪᛈᚻᛖᛚᛡᚾ,439
timbres,212990,0,ᛏᛁᛗᛒᚱᛖᛋ,353
mummers,212939,0,ᛗᚢᛗᛗᛖᚱᛋ,347
knurled,212904,0,ᚳᚾᚢᚱᛚᛖᛞ,285
decimus,212835,0,ᛞᛖᚳᛁᛗᚢᛋ,327
untangling,212802,0,ᚢᚾᛏᚪᛝᛚᛝ,419
subsuming,212763,0,ᛋᚢᛒᛋᚢᛗᛝ,323
poodles,212692,0,ᛈᚩᚩᛞᛚᛖᛋ,339
rozelle,212664,0,ᚱᚩᛋᛖᛚᛚᛖ,351
parfait,212664,0,ᛈᚪᚱᚠᚪᛁᛏ,340
convoke,212512,0,ᚳᚩᚾᚢᚩᚳᛖ,139
exegete,212368,0,ᛖᛉᛖᚷᛖᛏᛖ,391
groveling,212303,0,ᚷᚱᚩᚢᛖᛚᛝ,257
visiter,212236,0,ᚢᛁᛋᛁᛏᛖᚱ,255
nanchang,211988,0,ᚾᚪᚾᚳᚻᚪᛝ,367
sandbag,211967,0,ᛋᚪᚾᛞᛒᚪᚷ,443
lengthier,211923,0,ᛚᛖᛝᚦᛁᛖᚱ,333
auberge,211876,0,ᚪᚢᛒᛖᚱᚷᛖ,323
unhealed,211763,0,ᚢᚾᚻᛠᛚᛖᛞ,393
adelina,211747,0,ᚪᛞᛖᛚᛁᚾᚪ,483
antares,211713,0,ᚪᚾᛏᚪᚱᛖᛋ,413
carabao,211660,0,ᚳᚪᚱᚪᛒᚪᚩ,383
tanquam,211566,0,ᛏᚪᚾᚳᚹᚪᛗ,385
hexoses,211530,0,ᚻᛖᛉᚩᛋᛖᛋ,317
fantail,211501,0,ᚠᚪᚾᛏᚪᛁᛚ,388
pyrenean,211475,0,ᛈᚣᚱᛖᚾᛠᚾ,391
nibbles,211454,0,ᚾᛁᛒᛒᛚᛖᛋ,375
momento,211392,0,ᛗᚩᛗᛖᚾᛏᚩ,311
sneezes,211341,0,ᛋᚾᛖᛖᛋᛖᛋ,389
mazurka,211337,0,ᛗᚪᛋᚢᚱᚳᚪ,345
clamors,211336,0,ᚳᛚᚪᛗᚩᚱᛋ,325
cinched,211323,0,ᚳᛁᚾᚳᚻᛖᛞ,265
sickens,211309,0,ᛋᛁᚳᚳᛖᚾᛋ,259
piscina,211232,0,ᛈᛁᛋᚳᛁᚾᚪ,297
entices,211158,0,ᛖᚾᛏᛁᚳᛖᛋ,319
halters,211107,0,ᚻᚪᛚᛏᛖᚱᛋ,383
rescaling,211104,0,ᚱᛖᛋᚳᚪᛚᛝ,393
rocketing,211077,0,ᚱᚩᚳᚳᛖᛏᛝ,249
spearmen,210836,0,ᛋᛈᛠᚱᛗᛖᚾ,383
myotonia,210691,0,ᛗᚣᚩᛏᚩᚾᛡ,383
sarcoid,210616,0,ᛋᚪᚱᚳᚩᛁᛞ,301
hoodlum,210533,0,ᚻᚩᚩᛞᛚᚢᛗ,273
affably,210526,0,ᚪᚠᚠᚪᛒᛚᚣ,435
earplugs,210412,0,ᛠᚱᛈᛚᚢᚷᛋ,309
olduvai,210356,0,ᚩᛚᛞᚢᚢᚪᛁ,303
capsizing,210348,0,ᚳᚪᛈᛋᛁᛋᛝ,369
pietist,210257,0,ᛈᛁᛖᛏᛁᛋᛏ,343
pulsate,210204,0,ᛈᚢᛚᛋᚪᛏᛖ,395
castors,210183,0,ᚳᚪᛋᛏᚩᚱᛋ,293
wheedling,210173,0,ᚹᚻᛖᛖᛞᛚᛝ,417
deporting,209983,0,ᛞᛖᛈᚩᚱᛏᛝ,355
liftoff,209935,0,ᛚᛁᚠᛏᚩᚠᚠ,176
genette,209900,0,ᚷᛖᚾᛖᛏᛏᛖ,365
riveter,209873,0,ᚱᛁᚢᛖᛏᛖᚱ,249
papayas,209841,0,ᛈᚪᛈᚪᚣᚪᛋ,533
dormers,209825,0,ᛞᚩᚱᛗᛖᚱᛋ,309
curation,209820,0,ᚳᚢᚱᚪᛏᛡᚾ,319
bumpkin,209815,0,ᛒᚢᛗᛈᚳᛁᚾ,251
songbook,209747,0,ᛋᚩᛝᛒᚩᚩᚳ,227
astound,209595,0,ᚪᛋᛏᚩᚢᚾᛞ,337
kerygma,209507,0,ᚳᛖᚱᚣᚷᛗᚪ,379
foraged,209478,0,ᚠᚩᚱᚪᚷᛖᛞ,290
earphone,209432,0,ᛠᚱᛈᚻᚩᚾᛖ,289
warbled,209376,0,ᚹᚪᚱᛒᛚᛖᛞ,417
oddball,209361,0,ᚩᛞᛞᛒᚪᛚᛚ,489
somethings,209359,0,ᛋᚩᛗᛖᚦᛝᛋ,335
lancets,209312,0,ᛚᚪᚾᚳᛖᛏᛋ,391
heathland,209063,0,ᚻᛠᚦᛚᚪᚾᛞ,425
ransack,208951,0,ᚱᚪᚾᛋᚪᚳᚳ,313
armoire,208920,0,ᚪᚱᛗᚩᛁᚱᛖ,295
leveler,208888,0,ᛚᛖᚢᛖᛚᛖᚱ,361
realigning,208850,0,ᚱᛠᛚᛁᚷᚾᛝ,349
lanzhou,208767,0,ᛚᚪᚾᛋᚻᚩᚢ,285
hymnody,208686,0,ᚻᚣᛗᚾᚩᛞᚣ,425
redraft,208639,0,ᚱᛖᛞᚱᚪᚠᛏ,336
wardrop,208633,0,ᚹᚪᚱᛞᚱᚩᛈ,277
needled,208546,0,ᚾᛖᛖᛞᛚᛖᛞ,481
acidify,208460,0,ᚪᚳᛁᛞᛁᚠᚣ,366
bulkier,208381,0,ᛒᚢᛚᚳᛁᛖᚱ,259
lambent,208310,0,ᛚᚪᛗᛒᛖᚾᛏ,457
schmuck,208198,0,ᛋᚳᚻᛗᚢᚳᚳ,189
manship,208174,0,ᛗᚪᚾᛋᚻᛁᛈ,347
jaggery,208161,0,ᛂᚪᚷᚷᛖᚱᚣ,349
walkman,208148,0,ᚹᚪᛚᚳᛗᚪᚾ,399
doubter,208099,0,ᛞᚩᚢᛒᛏᛖᚱ,297
filched,207979,0,ᚠᛁᛚᚳᚻᛖᛞ,298
bismark,207953,0,ᛒᛁᛋᛗᚪᚱᚳ,337
lignins,207943,0,ᛚᛁᚷᚾᛁᚾᛋ,263
sagrada,207899,0,ᛋᚪᚷᚱᚪᛞᚪ,461
copaiba,207846,0,ᚳᚩᛈᚪᛁᛒᚪ,349
fatuity,207842,0,ᚠᚪᛏᚢᛁᛏᚣ,354
armlets,207836,0,ᚪᚱᛗᛚᛖᛏᛋ,431
tropism,207702,0,ᛏᚱᚩᛈᛁᛋᛗ,275
cheaters,207689,0,ᚳᚻᛠᛏᛖᚱᛋ,335
restock,207574,0,ᚱᛖᛋᛏᚩᚳᚳ,223
constat,207484,0,ᚳᚩᚾᛋᛏᚪᛏ,317
hussite,207467,0,ᚻᚢᛋᛋᛁᛏᛖ,289
inanity,207172,0,ᛁᚾᚪᚾᛁᛏᚣ,379
jiggled,207162,0,ᛂᛁᚷᚷᛚᛖᛞ,331
jadeite,207109,0,ᛂᚪᛞᛖᛁᛏᛖ,447
henbane,207106,0,ᚻᛖᚾᛒᚪᚾᛖ,373
earthward,206892,0,ᛠᚱᚦᚹᚪᚱᛞ,341
whirred,206833,0,ᚹᚻᛁᚱᚱᛖᛞ,251
barleys,206799,0,ᛒᚪᚱᛚᛖᚣᛋ,465
colchis,206795,0,ᚳᚩᛚᚳᚻᛁᛋ,213
tangibly,206766,0,ᛏᚪᛝᛁᛒᛚᚣ,503
dazzles,206697,0,ᛞᚪᛋᛋᛚᛖᛋ,485
armorer,206674,0,ᚪᚱᛗᚩᚱᛖᚱ,275
grisons,206609,0,ᚷᚱᛁᛋᚩᚾᛋ,201
bifacial,206533,0,ᛒᛁᚠᚪᚳᛡᛚ,384
breezed,206364,0,ᛒᚱᛖᛖᛋᛖᛞ,415
homonym,206355,0,ᚻᚩᛗᚩᚾᚣᛗ,311
pyrogen,206303,0,ᛈᚣᚱᚩᚷᛖᚾ,277
seignior,206188,0,ᛋᛖᛁᚷᚾᛡᚱ,315
fellatio,206181,0,ᚠᛖᛚᛚᚪᛏᛡ,478
tryouts,206179,0,ᛏᚱᚣᚩᚢᛏᛋ,295
quiller,206109,0,ᚳᚹᛁᛚᛚᛖᚱ,287
sniffling,206083,0,ᛋᚾᛁᚠᚠᛚᛝ,269
jungfrau,206042,0,ᛂᚢᛝᚠᚱᚪᚢ,232
wiggles,205751,0,ᚹᛁᚷᚷᛚᛖᛋ,277
humbles,205737,0,ᚻᚢᛗᛒᛚᛖᛋ,351
crazier,205603,0,ᚳᚱᚪᛋᛁᛖᚱ,283
locusta,205395,0,ᛚᚩᚳᚢᛋᛏᚪ,305
haymaking,205232,0,ᚻᚪᚣᛗᚪᚳᛝ,483
romanos,205125,0,ᚱᚩᛗᚪᚾᚩᛋ,275
phreatic,205122,0,ᛈᚻᚱᛠᛏᛁᚳ,289
lockman,205029,0,ᛚᚩᚳᚳᛗᚪᚾ,303
summery,205015,0,ᛋᚢᛗᛗᛖᚱᚣ,379
polyzoa,204923,0,ᛈᚩᛚᚣᛋᚩᚪ,383
slugger,204851,0,ᛋᛚᚢᚷᚷᛖᚱ,241
galliard,204828,0,ᚷᚪᛚᛚᛡᚱᛞ,467
bleacher,204783,0,ᛒᛚᛠᚳᚻᛖᚱ,357
lollard,204773,0,ᛚᚩᛚᛚᚪᚱᛞ,423
unfurling,204743,0,ᚢᚾᚠᚢᚱᛚᛝ,200
albinos,204632,0,ᚪᛚᛒᛁᚾᚩᛋ,351
saltire,204587,0,ᛋᚪᛚᛏᛁᚱᛖ,391
potluck,204455,0,ᛈᚩᛏᛚᚢᚳᚳ,211
pylades,204316,0,ᛈᚣᛚᚪᛞᛖᛋ,525
purposing,204270,0,ᛈᚢᚱᛈᚩᛋᛝ,239
minuses,204124,0,ᛗᛁᚾᚢᛋᛖᛋ,307
conducing,204101,0,ᚳᚩᚾᛞᚢᚳᛝ,233
nakedly,204096,0,ᚾᚪᚳᛖᛞᛚᚣ,471
wornout,204056,0,ᚹᚩᚱᚾᚩᚢᛏ,135
decries,203987,0,ᛞᛖᚳᚱᛁᛖᛋ,331
linkers,203974,0,ᛚᛁᚾᚳᛖᚱᛋ,277
bugaboo,203900,0,ᛒᚢᚷᚪᛒᚩᚩ,253
cercaria,203856,0,ᚳᛖᚱᚳᚪᚱᛡ,319
praecipe,203674,0,ᛈᚱᚫᚳᛁᛈᛖ,309
swimwear,203618,0,ᛋᚹᛁᛗᚹᛠᚱ,313
premising,203597,0,ᛈᚱᛖᛗᛁᛋᛝ,355
batsmen,203527,0,ᛒᚪᛏᛋᛗᛖᚾ,437
arroyos,203440,0,ᚪᚱᚱᚩᚣᚩᛋ,289
outpace,203290,0,ᚩᚢᛏᛈᚪᚳᛖ,289
sapient,203253,0,ᛋᚪᛈᛁᛖᚾᛏ,379
euphues,203229,0,ᛖᚢᛈᚻᚢᛖᛋ,259
waltzed,203157,0,ᚹᚪᛚᛏᛋᛖᛞ,457
filarial,202876,0,ᚠᛁᛚᚪᚱᛡᛚ,394
rewound,202844,0,ᚱᛖᚹᚩᚢᚾᛞ,225
rockery,202810,0,ᚱᚩᚳᚳᛖᚱᚣ,225
retried,202796,0,ᚱᛖᛏᚱᛁᛖᛞ,335
puranic,202719,0,ᛈᚢᚱᚪᚾᛁᚳ,227
mirabel,202667,0,ᛗᛁᚱᚪᛒᛖᛚ,411
buggers,202617,0,ᛒᚢᚷᚷᛖᚱᛋ,229
rustler,202616,0,ᚱᚢᛋᛏᛚᛖᚱ,277
stikine,202605,0,ᛋᛏᛁᚳᛁᚾᛖ,283
condole,202591,0,ᚳᚩᚾᛞᚩᛚᛖ,285
palmate,202539,0,ᛈᚪᛚᛗᚪᛏᛖ,507
atavism,202511,0,ᚪᛏᚪᚢᛁᛋᛗ,411
lipoids,202409,0,ᛚᛁᛈᚩᛁᛞᛋ,327
flagons,202366,0,ᚠᛚᚪᚷᚩᚾᛋ,278
farrago,202364,0,ᚠᚪᚱᚱᚪᚷᚩ,242
sensate,202351,0,ᛋᛖᚾᛋᚪᛏᛖ,425
mohican,202331,0,ᛗᚩᚻᛁᚳᚪᚾ,271
haywire,202322,0,ᚻᚪᚣᚹᛁᚱᛖ,351
buisson,202247,0,ᛒᚢᛁᛋᛋᚩᚾ,237
staters,202159,0,ᛋᛏᚪᛏᛖᚱᛋ,399
amorite,202072,0,ᚪᛗᚩᚱᛁᛏᛖ,343
chiseling,202050,0,ᚳᚻᛁᛋᛖᛚᛝ,339
baulked,201889,0,ᛒᚪᚢᛚᚳᛖᛞ,403
sellout,201832,0,ᛋᛖᛚᛚᚩᚢᛏ,335
meatless,201748,0,ᛗᛠᛏᛚᛖᛋᛋ,485
overlong,201701,0,ᚩᚢᛖᚱᛚᚩᛝ,247
troller,201531,0,ᛏᚱᚩᛚᛚᛖᚱ,301
corylus,201453,0,ᚳᚩᚱᚣᛚᚢᛋ,263
caravel,201239,0,ᚳᚪᚱᚪᚢᛖᛚ,361
chablis,201121,0,ᚳᚻᚪᛒᛚᛁᛋ,351
baloney,201098,0,ᛒᚪᛚᚩᚾᛖᚣ,437
ligneous,200938,0,ᛚᛁᚷᚾᛇᚢᛋ,247
flounce,200889,0,ᚠᛚᚩᚢᚾᚳᛖ,194
bullpen,200887,0,ᛒᚢᛚᛚᛈᛖᚾ,349
palpating,200847,0,ᛈᚪᛚᛈᚪᛏᛝ,491
priapism,200694,0,ᛈᚱᛡᛈᛁᛋᛗ,359
yorkist,200644,0,ᚣᚩᚱᚳᛁᛋᛏ,277
zymogen,200601,0,ᛋᚣᛗᚩᚷᛖᚾ,347
surcease,200495,0,ᛋᚢᚱᚳᛠᛋᛖ,309
badgering,200486,0,ᛒᚪᛞᚷᛖᚱᛝ,421
encodings,200479,0,ᛖᚾᚳᚩᛞᛝᛋ,337
hollers,200477,0,ᚻᚩᛚᛚᛖᚱᛋ,307
asinine,200463,0,ᚪᛋᛁᚾᛁᚾᛖ,337
berlitz,200367,0,ᛒᛖᚱᛚᛁᛏᛋ,355
wielder,200340,0,ᚹᛁᛖᛚᛞᛖᚱ,357
mistreat,200337,0,ᛗᛁᛋᛏᚱᛠᛏ,393
loveable,200253,0,ᛚᚩᚢᛠᛒᛚᛖ,393
pallone,200065,0,ᛈᚪᛚᛚᚩᚾᛖ,389
justitia,200000,0,ᛂᚢᛋᛏᛁᛏᛡ,349
misfire,199944,0,ᛗᛁᛋᚠᛁᚱᛖ,266
manhunt,199928,0,ᛗᚪᚾᚻᚢᚾᛏ,311
rotarian,199731,0,ᚱᚩᛏᚪᚱᛡᚾ,321
yenisei,199722,0,ᚣᛖᚾᛁᛋᛖᛁ,381
asthenic,199636,0,ᚪᛋᚦᛖᚾᛁᚳ,295
trismus,199590,0,ᛏᚱᛁᛋᛗᚢᛋ,281
starker,199503,0,ᛋᛏᚪᚱᚳᛖᚱ,311
silages,199484,0,ᛋᛁᛚᚪᚷᛖᛋ,391
annelid,199451,0,ᚪᚾᚾᛖᛚᛁᛞ,415
nappies,199446,0,ᚾᚪᛈᛈᛁᛖᛋ,363
tramcar,199392,0,ᛏᚱᚪᛗᚳᚪᚱ,359
specula,199266,0,ᛋᛈᛖᚳᚢᛚᚪ,349
connoting,199198,0,ᚳᚩᚾᚾᚩᛏᛝ,223
repulsing,199187,0,ᚱᛖᛈᚢᛚᛋᛝ,329
mulcted,199142,0,ᛗᚢᛚᚳᛏᛖᛞ,375
shafted,198974,0,ᛋᚻᚪᚠᛏᛖᛞ,390
abducting,198953,0,ᚪᛒᛞᚢᚳᛏᛝ,401
sniffer,198910,0,ᛋᚾᛁᚠᚠᛖᚱ,195
burrito,198731,0,ᛒᚢᚱᚱᛁᛏᚩ,183
spidery,198629,0,ᛋᛈᛁᛞᛖᚱᚣ,397
liliaceae,198504,0,ᛚᛁᛚᛡᚳᛠᛖ,473
joggers,198449,0,ᛂᚩᚷᚷᛖᚱᛋ,209
wiggler,198397,0,ᚹᛁᚷᚷᛚᛖᚱ,235
handers,198323,0,ᚻᚪᚾᛞᛖᚱᛋ,369
slugged,198321,0,ᛋᛚᚢᚷᚷᛖᛞ,319
cubitus,198253,0,ᚳᚢᛒᛁᛏᚢᛋ,223
dacoity,198147,0,ᛞᚪᚳᚩᛁᛏᚣ,399
boadicea,197909,0,ᛒᚩᚪᛞᛁᚳᛠ,407
blowfly,197852,0,ᛒᛚᚩᚹᚠᛚᚣ,338
dallied,197770,0,ᛞᚪᛚᛚᛁᛖᛞ,519
whipper,197754,0,ᚹᚻᛁᛈᛈᛖᚱ,237
aniseed,197675,0,ᚪᚾᛁᛋᛖᛖᛞ,433
canzone,197594,0,ᚳᚪᚾᛋᚩᚾᛖ,295
copycat,197492,0,ᚳᚩᛈᚣᚳᚪᛏ,335
kneecap,197479,0,ᚳᚾᛖᛖᚳᚪᛈ,329
clanked,197429,0,ᚳᛚᚪᚾᚳᛖᛞ,381
zostera,197330,0,ᛋᚩᛋᛏᛖᚱᚪ,347
elephas,197173,0,ᛖᛚᛖᛈᚻᚪᛋ,423
sophism,197009,0,ᛋᚩᛈᚻᛁᛋᛗ,281
buyback,196946,0,ᛒᚢᚣᛒᚪᚳᚳ,351
rhamnus,196912,0,ᚱᚻᚪᛗᚾᚢᛋ,287
ouvrage,196825,0,ᚩᚢᚢᚱᚪᚷᛖ,205
parodying,196752,0,ᛈᚪᚱᚩᛞᚣᛝ,429
inforce,196704,0,ᛁᚾᚠᚩᚱᚳᛖ,160
mullein,196656,0,ᛗᚢᛚᛚᛖᛁᚾ,347
affinal,196595,0,ᚪᚠᚠᛁᚾᚪᛚ,331
lowdown,196530,0,ᛚᚩᚹᛞᚩᚹᚾ,243
collies,196393,0,ᚳᚩᛚᛚᛁᛖᛋ,317
holmium,196360,0,ᚻᚩᛚᛗᛁᚢᛗ,279
amerced,196272,0,ᚪᛗᛖᚱᚳᛖᛞ,415
decoyed,196270,0,ᛞᛖᚳᚩᚣᛖᛞ,435
grannie,196266,0,ᚷᚱᚪᚾᚾᛁᛖ,281
mynheer,196236,0,ᛗᚣᚾᚻᛖᛖᚱ,371
calmest,196174,0,ᚳᚪᛚᛗᛖᛋᛏ,433
priories,196109,0,ᛈᚱᛡᚱᛁᛖᛋ,323
seawards,196084,0,ᛋᛠᚹᚪᚱᛞᛋ,431
cavorting,195994,0,ᚳᚪᚢᚩᚱᛏᛝ,269
lavishing,195956,0,ᛚᚪᚢᛁᛋᚻᛝ,359
escapee,195804,0,ᛖᛋᚳᚪᛈᛖᛖ,407
hercule,195635,0,ᚻᛖᚱᚳᚢᛚᛖ,257
rotifer,195623,0,ᚱᚩᛏᛁᚠᛖᚱ,188
underling,195606,0,ᚢᚾᛞᛖᚱᛚᛝ,351
regnant,195594,0,ᚱᛖᚷᚾᚪᚾᛏ,309
outwork,195571,0,ᚩᚢᛏᚹᚩᚱᚳ,119
bailies,195448,0,ᛒᚪᛁᛚᛁᛖᛋ,413
rabbins,195389,0,ᚱᚪᛒᛒᛁᚾᛋ,343
wasters,195319,0,ᚹᚪᛋᛏᛖᚱᛋ,359
adjured,195319,0,ᚪᛞᛂᚢᚱᛖᛞ,393
lotuses,195190,0,ᛚᚩᛏᚢᛋᛖᛋ,315
puffins,195050,0,ᛈᚢᚠᚠᛁᚾᛋ,163
foolery,195043,0,ᚠᚩᚩᛚᛖᚱᚣ,270
cepheid,195038,0,ᚳᛖᛈᚻᛖᛁᛞ,333
azurite,194946,0,ᚪᛋᚢᚱᛁᛏᛖ,321
dacoits,194896,0,ᛞᚪᚳᚩᛁᛏᛋ,349
unlearning,194823,0,ᚢᚾᛚᛠᚱᚾᛝ,333
vilayet,194820,0,ᚢᛁᛚᚪᚣᛖᛏ,433
snuffling,194811,0,ᛋᚾᚢᚠᚠᛚᛝ,241
minuter,194808,0,ᛗᛁᚾᚢᛏᛖᚱ,271
cecropia,194783,0,ᚳᛖᚳᚱᚩᛈᛡ,261
roundel,194753,0,ᚱᚩᚢᚾᛞᛖᛚ,279
moulins,194742,0,ᛗᚩᚢᛚᛁᚾᛋ,267
procyon,194724,0,ᛈᚱᚩᚳᚣᚩᚾ,213
quetzal,194707,0,ᚳᚹᛖᛏᛋᚪᛚ,381
comfrey,194610,0,ᚳᚩᛗᚠᚱᛖᚣ,274
hokusai,194595,0,ᚻᚩᚳᚢᛋᚪᛁ,227
puncher,194584,0,ᛈᚢᚾᚳᚻᛖᚱ,189
squally,194547,0,ᛋᚳᚹᚪᛚᛚᚣ,431
recouping,194412,0,ᚱᛖᚳᚩᚢᛈᛝ,223
bulimic,194390,0,ᛒᚢᛚᛁᛗᛁᚳ,283
dolmens,194386,0,ᛞᚩᛚᛗᛖᚾᛋ,389
crosser,194360,0,ᚳᚱᚩᛋᛋᛖᚱ,215
scriabin,194352,0,ᛋᚳᚱᛡᛒᛁᚾ,305
underwing,194320,0,ᚢᚾᛞᛖᚱᚹᛝ,297
livelong,194318,0,ᛚᛁᚢᛖᛚᚩᛝ,333
signory,194282,0,ᛋᛁᚷᚾᚩᚱᚣ,251
mounded,194259,0,ᛗᚩᚢᚾᛞᛖᛞ,355
bacchic,194236,0,ᛒᚪᚳᚳᚻᛁᚳ,251
condors,194165,0,ᚳᚩᚾᛞᚩᚱᛋ,209
bifocal,194105,0,ᛒᛁᚠᚩᚳᚪᛚ,284
deadlier,194082,0,ᛞᛠᛞᛚᛁᛖᚱ,469
louvres,194028,0,ᛚᚩᚢᚢᚱᛖᛋ,217
etchers,193990,0,ᛖᛏᚳᚻᛖᚱᛋ,293
reciter,193930,0,ᚱᛖᚳᛁᛏᛖᚱ,259
spandex,193899,0,ᛋᛈᚪᚾᛞᛖᛉ,425
degroot,193778,0,ᛞᛖᚷᚱᚩᚩᛏ,257
gaskins,193733,0,ᚷᚪᛋᚳᛁᚾᛋ,293
rodolph,193697,0,ᚱᚩᛞᚩᛚᛈᚻ,253
shiners,193688,0,ᛋᚻᛁᚾᛖᚱᛋ,267
bewitch,193606,0,ᛒᛖᚹᛁᛏᚳᚻ,273
thutmose,193550,0,ᚦᚢᛏᛗᚩᛋᛖ,265
olympias,193542,0,ᚩᛚᚣᛗᛈᛡᛋ,457
omelets,193451,0,ᚩᛗᛖᛚᛖᛏᛋ,397
hirundo,193407,0,ᚻᛁᚱᚢᚾᛞᚩ,193
torched,193324,0,ᛏᚩᚱᚳᚻᛖᛞ,269
bedroll,193285,0,ᛒᛖᛞᚱᚩᛚᛚ,381
hindgut,193262,0,ᚻᛁᚾᛞᚷᚢᛏ,251
doormat,193209,0,ᛞᚩᚩᚱᛗᚪᛏ,341
smarted,193139,0,ᛋᛗᚪᚱᛏᛖᛞ,447
tripper,193045,0,ᛏᚱᛁᛈᛈᛖᚱ,265
famishing,192979,0,ᚠᚪᛗᛁᛋᚻᛝ,356
cursors,192916,0,ᚳᚢᚱᛋᚩᚱᛋ,151
kalends,192913,0,ᚳᚪᛚᛖᚾᛞᛋ,421
lurches,192897,0,ᛚᚢᚱᚳᚻᛖᛋ,243
scansion,192878,0,ᛋᚳᚪᚾᛋᛡᚾ,381
tinsmith,192866,0,ᛏᛁᚾᛋᛗᛁᚦ,279
mantuan,192833,0,ᛗᚪᚾᛏᚢᚪᚾ,385
chlamys,192723,0,ᚳᚻᛚᚪᛗᚣᛋ,433
seahorse,192649,0,ᛋᛠᚻᚩᚱᛋᛖ,323
centrex,192432,0,ᚳᛖᚾᛏᚱᛖᛉ,293
hatless,192350,0,ᚻᚪᛏᛚᛖᛋᛋ,425
apprising,192309,0,ᚪᛈᛈᚱᛁᛋᛝ,357
entwine,192247,0,ᛖᚾᛏᚹᛁᚾᛖ,301
koinonia,192228,0,ᚳᚩᛁᚾᚩᚾᛡ,223
ribands,192219,0,ᚱᛁᛒᚪᚾᛞᛋ,371
stewpan,192129,0,ᛋᛏᛖᚹᛈᚪᚾ,367
frenchy,192064,0,ᚠᚱᛖᚾᚳᚻᚣ,248
obsessing,192052,0,ᚩᛒᛋᛖᛋᛋᛝ,373
dioramas,192010,0,ᛞᛡᚱᚪᛗᚪᛋ,525
darkish,191918,0,ᛞᚪᚱᚳᛁᛋᚻ,317
thickset,191903,0,ᚦᛁᚳᚳᛋᛖᛏ,241
hotshot,191891,0,ᚻᚩᛏᛋᚻᚩᛏ,231
elixirs,191755,0,ᛖᛚᛁᛉᛁᚱᛋ,313
iberians,191726,0,ᛁᛒᛖᚱᛡᚾᛋ,359
menuhin,191593,0,ᛗᛖᚾᚢᚻᛁᚾ,253
steinem,191573,0,ᛋᛏᛖᛁᚾᛖᛗ,377
fibrine,191568,0,ᚠᛁᛒᚱᛁᚾᛖ,232
corneous,191490,0,ᚳᚩᚱᚾᛇᚢᛋ,157
quartan,191357,0,ᚳᚹᚪᚱᛏᚪᚾ,325
calices,191253,0,ᚳᚪᛚᛁᚳᛖᛋ,347
diluvial,191241,0,ᛞᛁᛚᚢᚢᛡᛚ,379
disport,191234,0,ᛞᛁᛋᛈᚩᚱᛏ,293
halberd,191110,0,ᚻᚪᛚᛒᛖᚱᛞ,421
elamite,191044,0,ᛖᛚᚪᛗᛁᛏᛖ,465
chorizo,191044,0,ᚳᚻᚩᚱᛁᛋᚩ,145
khanate,190923,0,ᚳᚻᚪᚾᚪᛏᛖ,385
chasten,190900,0,ᚳᚻᚪᛋᛏᛖᚾ,341
norland,190672,0,ᚾᚩᚱᛚᚪᚾᛞ,335
messiahs,190650,0,ᛗᛖᛋᛋᛡᚻᛋ,427
subzero,190647,0,ᛋᚢᛒᛋᛖᚱᚩ,255
hamadan,190542,0,ᚻᚪᛗᚪᛞᚪᚾ,503
hydroid,190505,0,ᚻᚣᛞᚱᚩᛁᛞ,353
wheedle,190393,0,ᚹᚻᛖᛖᛞᛚᛖ,405
compend,190267,0,ᚳᚩᛗᛈᛖᚾᛞ,319
borlase,190228,0,ᛒᚩᚱᛚᚪᛋᛖ,369
instate,190189,0,ᛁᚾᛋᛏᚪᛏᛖ,395
colonus,190080,0,ᚳᚩᛚᚩᚾᚢᛋ,185
jaggers,190033,0,ᛂᚪᚷᚷᛖᚱᛋ,299
naturam,189945,0,ᚾᚪᛏᚢᚱᚪᛗ,367
gallies,189888,0,ᚷᚪᛚᛚᛁᛖᛋ,411
unbuilt,189839,0,ᚢᚾᛒᚢᛁᛚᛏ,259
caffein,189831,0,ᚳᚪᚠᚠᛖᛁᚾ,241
amboyna,189808,0,ᚪᛗᛒᚩᚣᚾᚪ,465
orbited,189770,0,ᚩᚱᛒᛁᛏᛖᛞ,325
echidna,189723,0,ᛖᚳᚻᛁᛞᚾᚪ,349
downswing,189681,0,ᛞᚩᚹᚾᛋᚹᛝ,295
pucelle,189624,0,ᛈᚢᚳᛖᛚᛚᛖ,339
leclair,189471,0,ᛚᛖᚳᛚᚪᛁᚱ,365
carouse,189435,0,ᚳᚪᚱᚩᚢᛋᛖ,251
inkwell,189357,0,ᛁᚾᚳᚹᛖᛚᛚ,305
unctions,189295,0,ᚢᚾᚳᛏᛡᚾᛋ,293
talipes,189293,0,ᛏᚪᛚᛁᛈᛖᛋ,423
indicting,189170,0,ᛁᚾᛞᛁᚳᛏᛝ,331
accenting,189151,0,ᚪᚳᚳᛖᚾᛏᛝ,357
legenda,189079,0,ᛚᛖᚷᛖᚾᛞᚪ,439
veronal,188934,0,ᚢᛖᚱᚩᚾᚪᛚ,287
theatrics,188842,0,ᚦᛠᛏᚱᛁᚳᛋ,281
emulous,188806,0,ᛖᛗᚢᛚᚩᚢᛋ,277
lockbox,188755,0,ᛚᚩᚳᚳᛒᚩᛉ,221
tappers,188661,0,ᛏᚪᛈᛈᛖᚱᛋ,373
cordons,188530,0,ᚳᚩᚱᛞᚩᚾᛋ,209
oxfords,188495,0,ᚩᛉᚠᚩᚱᛞᛋ,216
dizzily,188475,0,ᛞᛁᛋᛋᛁᛚᚣ,433
peltate,188183,0,ᛈᛖᛚᛏᚪᛏᛖ,465
cantering,188059,0,ᚳᚪᚾᛏᛖᚱᛝ,355
presaging,188027,0,ᛈᚱᛖᛋᚪᚷᛝ,367
furrier,188002,0,ᚠᚢᚱᚱᛁᛖᚱ,136
teeters,187862,0,ᛏᛖᛖᛏᛖᚱᛋ,383
mongrels,187813,0,ᛗᚩᛝᚱᛖᛚᛋ,361
fluxions,187786,0,ᚠᛚᚢᛉᛡᚾᛋ,314
knavish,187775,0,ᚳᚾᚪᚢᛁᛋᚻ,249
lineups,187750,0,ᛚᛁᚾᛖᚢᛈᛋ,299
divests,187715,0,ᛞᛁᚢᛖᛋᛏᛋ,355
bimetal,187700,0,ᛒᛁᛗᛖᛏᚪᛚ,459
lathered,187488,0,ᛚᚪᚦᛖᚱᛖᛞ,409
colluding,187215,0,ᚳᚩᛚᛚᚢᛞᛝ,337
drumhead,187138,0,ᛞᚱᚢᛗᚻᛠᛞ,395
numidian,186921,0,ᚾᚢᛗᛁᛞᛡᚾ,359
cravats,186773,0,ᚳᚱᚪᚢᚪᛏᛋ,333
mildews,186614,0,ᛗᛁᛚᛞᛖᚹᛋ,403
quitter,186533,0,ᚳᚹᛁᛏᛏᛖᚱ,259
pigmies,186465,0,ᛈᛁᚷᛗᛁᛖᛋ,313
doublings,186394,0,ᛞᚩᚢᛒᛚᛝᛋ,365
salmons,186358,0,ᛋᚪᛚᛗᚩᚾᛋ,383
hawkish,186355,0,ᚻᚪᚹᚳᛁᛋᚻ,259
unstuck,186179,0,ᚢᚾᛋᛏᚢᚳᚳ,173
pillbox,186174,0,ᛈᛁᛚᛚᛒᚩᛉ,335
hardtop,186164,0,ᚻᚪᚱᛞᛏᚩᛈ,329
preachings,186110,0,ᛈᚱᛠᚳᚻᛝᛋ,331
reverdy,186101,0,ᚱᛖᚢᛖᚱᛞᚣ,351
ovulate,186082,0,ᚩᚢᚢᛚᚪᛏᛖ,309
taiyuan,186045,0,ᛏᚪᛁᚣᚢᚪᚾ,419
missals,186001,0,ᛗᛁᛋᛋᚪᛚᛋ,431
derringer,185991,0,ᛞᛖᚱᚱᛝᛖᚱ,335
plosive,185987,0,ᛈᛚᚩᛋᛁᚢᛖ,277
scullion,185966,0,ᛋᚳᚢᛚᛚᛡᚾ,351
unbaked,185932,0,ᚢᚾᛒᚪᚳᛖᛞ,359
symbiont,185907,0,ᛋᚣᛗᛒᛡᚾᛏ,483
sagitta,185804,0,ᛋᚪᚷᛁᛏᛏᚪ,413
imboden,185652,0,ᛁᛗᛒᚩᛞᛖᚾ,355
pastern,185648,0,ᛈᚪᛋᛏᛖᚱᚾ,359
bovines,185625,0,ᛒᚩᚢᛁᚾᛖᛋ,251
agnatic,185569,0,ᚪᚷᚾᚪᛏᛁᚳ,343
chooser,185493,0,ᚳᚻᚩᚩᛋᛖᚱ,181
primero,185429,0,ᛈᚱᛁᛗᛖᚱᚩ,241
cutlers,185419,0,ᚳᚢᛏᛚᛖᚱᛋ,279
chignon,185312,0,ᚳᚻᛁᚷᚾᚩᚾ,149
creches,185243,0,ᚳᚱᛖᚳᚻᛖᛋ,247
quomodo,185124,0,ᚳᚹᚩᛗᚩᛞᚩ,213
echinus,185024,0,ᛖᚳᚻᛁᚾᚢᛋ,219
taverna,184966,0,ᛏᚪᚢᛖᚱᚾᚪ,363
gobbler,184960,0,ᚷᚩᛒᛒᛚᛖᚱ,297
revenges,184942,0,ᚱᛖᚢᛖᛝᛖᛋ,347
roomers,184913,0,ᚱᚩᚩᛗᛖᚱᛋ,227
marciano,184904,0,ᛗᚪᚱᚳᛡᚾᚩ,335
farrant,184866,0,ᚠᚪᚱᚱᚪᚾᛏ,306
slayers,184863,0,ᛋᛚᚪᚣᛖᚱᛋ,457
grampus,184794,0,ᚷᚱᚪᛗᛈᚢᛋ,295
brooked,184709,0,ᛒᚱᚩᚩᚳᛖᛞ,255
cyborgs,184704,0,ᚳᚣᛒᚩᚱᚷᛋ,265
matcher,184665,0,ᛗᚪᛏᚳᚻᛖᚱ,341
offside,184607,0,ᚩᚠᚠᛋᛁᛞᛖ,251
granter,184589,0,ᚷᚱᚪᚾᛏᛖᚱ,291
wisdoms,184583,0,ᚹᛁᛋᛞᚩᛗᛋ,323
offerer,184566,0,ᚩᚠᚠᛖᚱᛖᚱ,167
dumpers,184471,0,ᛞᚢᛗᛈᛖᚱᛋ,337
headsman,184469,0,ᚻᛠᛞᛋᛗᚪᚾ,471
wassail,184427,0,ᚹᚪᛋᛋᚪᛁᛚ,423
relievo,184424,0,ᚱᛖᛚᛁᛖᚢᚩ,259
anticus,184194,0,ᚪᚾᛏᛁᚳᚢᛋ,285
siecles,184169,0,ᛋᛁᛖᚳᛚᛖᛋ,357
lascars,183965,0,ᛚᚪᛋᚳᚪᚱᛋ,397
lubbers,183948,0,ᛚᚢᛒᛒᛖᚱᛋ,329
chervil,183924,0,ᚳᚻᛖᚱᚢᛁᛚ,221
fringilla,183796,0,ᚠᚱᛝᛁᛚᛚᚪ,366
relicts,183763,0,ᚱᛖᛚᛁᚳᛏᛋ,307
deviled,183760,0,ᛞᛖᚢᛁᛚᛖᛞ,419
karaite,183593,0,ᚳᚪᚱᚪᛁᛏᛖ,375
fuckers,183576,0,ᚠᚢᚳᚳᛖᚱᛋ,162
minuted,183545,0,ᛗᛁᚾᚢᛏᛖᛞ,349
chalker,183469,0,ᚳᚻᚪᛚᚳᛖᚱ,297
colones,183433,0,ᚳᚩᛚᚩᚾᛖᛋ,249
conjoin,183366,0,ᚳᚩᚾᛂᚩᛁᚾ,153
taoists,183324,0,ᛏᚪᚩᛁᛋᛏᛋ,359
ganesha,183130,0,ᚷᚪᚾᛖᛋᚻᚪ,383
rouault,183106,0,ᚱᚩᚢᚪᚢᛚᛏ,253
forints,182971,0,ᚠᚩᚱᛁᚾᛏᛋ,192
encores,182966,0,ᛖᚾᚳᚩᚱᛖᛋ,247
balaton,182937,0,ᛒᚪᛚᚪᛏᚩᚾ,423
hershel,182771,0,ᚻᛖᚱᛋᚻᛖᛚ,317
squirts,182716,0,ᛋᚳᚹᛁᚱᛏᛋ,239
batiste,182584,0,ᛒᚪᛏᛁᛋᛏᛖ,427
lanthorn,182308,0,ᛚᚪᚾᚦᚩᚱᚾ,251
grecque,182256,0,ᚷᚱᛖᚳᚳᚹᛖ,207
arpeggio,182201,0,ᚪᚱᛈᛖᚷᚷᛡ,359
flutist,181975,0,ᚠᛚᚢᛏᛁᛋᛏ,280
hipster,181873,0,ᚻᛁᛈᛋᛏᛖᚱ,287
forsythia,181833,0,ᚠᚩᚱᛋᚣᚦᛡ,288
ovarium,181753,0,ᚩᚢᚪᚱᛁᚢᛗ,223
crinkling,181742,0,ᚳᚱᛁᚾᚳᛚᛝ,249
recoded,181676,0,ᚱᛖᚳᚩᛞᛖᛞ,343
saucier,181668,0,ᛋᚪᚢᚳᛁᛖᚱ,275
drosera,181511,0,ᛞᚱᚩᛋᛖᚱᚪ,335
agitans,181344,0,ᚪᚷᛁᛏᚪᚾᛋ,383
mealybug,181342,0,ᛗᛠᛚᚣᛒᚢᚷ,437
piercings,181334,0,ᛈᛁᛖᚱᚳᛝᛋ,297
arrowed,181289,0,ᚪᚱᚱᚩᚹᛖᛞ,301
gavotte,181044,0,ᚷᚪᚢᚩᛏᛏᛖ,309
poitier,180940,0,ᛈᚩᛁᛏᛁᛖᚱ,249
oarsman,180935,0,ᚩᚪᚱᛋᛗᚪᚾ,365
inveigh,180866,0,ᛁᚾᚢᛖᛁᚷᚻ,201
commingle,180795,0,ᚳᚩᛗᛗᛝᛚᛖ,381
lagopus,180620,0,ᛚᚪᚷᚩᛈᚢᛋ,293
mobster,180578,0,ᛗᚩᛒᛋᛏᛖᚱ,329
meatloaf,180556,0,ᛗᛠᛏᛚᚩᚪᚠ,418
squalling,180545,0,ᛋᚳᚹᚪᛚᛚᛝ,407
menotti,180488,0,ᛗᛖᚾᚩᛏᛏᛁ,323
tyrolean,180434,0,ᛏᚣᚱᚩᛚᛠᚾ,391
shoeless,180318,0,ᛋᚻᛟᛚᛖᛋᛋ,405
holdout,180280,0,ᚻᚩᛚᛞᚩᚢᛏ,261
homarus,180173,0,ᚻᚩᛗᚪᚱᚢᛋ,265
cichlid,180052,0,ᚳᛁᚳᚻᛚᛁᛞ,273
marmots,179994,0,ᛗᚪᚱᛗᚩᛏᛋ,369
latinus,179984,0,ᛚᚪᛏᛁᚾᚢᛋ,345
nectary,179965,0,ᚾᛖᚳᛏᚪᚱᚣ,379
sorbate,179950,0,ᛋᚩᚱᛒᚪᛏᛖ,355
karloff,179918,0,ᚳᚪᚱᛚᚩᚠᚠ,205
whippings,179731,0,ᚹᚻᛁᛈᛈᛝᛋ,291
aegisthus,179729,0,ᚫᚷᛁᛋᚦᚢᛋ,263
brummer,179393,0,ᛒᚱᚢᛗᛗᛖᚱ,295
salters,179291,0,ᛋᚪᛚᛏᛖᚱᛋ,413
bonnier,179244,0,ᛒᚩᚾᚾᛁᛖᚱ,235
swinney,179191,0,ᛋᚹᛁᚾᚾᛖᚣ,331
treacher,179160,0,ᛏᚱᛠᚳᚻᛖᚱ,293
mbabane,179148,0,ᛗᛒᚪᛒᚪᚾᛖ,483
tootsie,179118,0,ᛏᚩᚩᛏᛋᛁᛖ,283
jovially,179081,0,ᛂᚩᚢᛡᛚᛚᚣ,403
fandango,179077,0,ᚠᚪᚾᛞᚪᛝᚩ,400
fissions,179039,0,ᚠᛁᛋᛋᛡᚾᛋ,328
catbird,178985,0,ᚳᚪᛏᛒᛁᚱᛞ,361
opaline,178918,0,ᚩᛈᚪᛚᛁᚾᛖ,347
jellied,178892,0,ᛂᛖᛚᛚᛁᛖᛞ,437
chevaux,178873,0,ᚳᚻᛖᚢᚪᚢᛉ,253
heavyset,178780,0,ᚻᛠᚢᚣᛋᛖᛏ,417
weltering,178661,0,ᚹᛖᛚᛏᛖᚱᛝ,375
scraggy,178603,0,ᛋᚳᚱᚪᚷᚷᚣ,311
gaolers,178588,0,ᚷᚪᚩᛚᛖᚱᛋ,325
diopters,178457,0,ᛞᛡᛈᛏᛖᚱᛋ,429
minders,178425,0,ᛗᛁᚾᛞᛖᚱᛋ,351
derailing,178273,0,ᛞᛖᚱᚪᛁᛚᛝ,447
alembic,178219,0,ᚪᛚᛖᛗᛒᛁᚳ,413
semarang,178199,0,ᛋᛖᛗᚪᚱᚪᛝ,475
ponchos,178127,0,ᛈᚩᚾᚳᚻᚩᛋ,175
bonbons,178023,0,ᛒᚩᚾᛒᚩᚾᛋ,247
starlet,178021,0,ᛋᛏᚪᚱᛚᛖᛏ,419
hartlib,177859,0,ᚻᚪᚱᛏᛚᛁᛒ,355
redskin,177525,0,ᚱᛖᛞᛋᚳᛁᚾ,293
tampers,177418,0,ᛏᚪᛗᛈᛖᚱᛋ,401
penates,177384,0,ᛈᛖᚾᚪᛏᛖᛋ,415
accedes,177227,0,ᚪᚳᚳᛖᛞᛖᛋ,399
sesbania,177193,0,ᛋᛖᛋᛒᚪᚾᛡ,467
nonsuch,177177,0,ᚾᚩᚾᛋᚢᚳᚻ,157
indoles,176996,0,ᛁᚾᛞᚩᛚᛖᛋ,349
cilician,176949,0,ᚳᛁᛚᛁᚳᛡᚾ,297
kintyre,176902,0,ᚳᛁᚾᛏᚣᚱᛖ,313
lockjaw,176759,0,ᛚᚩᚳᚳᛂᚪᚹ,259
strakes,176686,0,ᛋᛏᚱᚪᚳᛖᛋ,353
revalue,176641,0,ᚱᛖᚢᚪᛚᚢᛖ,321
ampullae,176616,0,ᚪᛗᛈᚢᛚᛚᚫ,461
soirees,176575,0,ᛋᚩᛁᚱᛖᛖᛋ,289
respire,176561,0,ᚱᛖᛋᛈᛁᚱᛖ,283
murrain,176489,0,ᛗᚢᚱᚱᚪᛁᚾ,253
trunked,176439,0,ᛏᚱᚢᚾᚳᛖᛞ,271
squashing,176421,0,ᛋᚳᚹᚪᛋᚻᛝ,337
seashell,176408,0,ᛋᛠᛋᚻᛖᛚᛚ,451
entrain,176152,0,ᛖᚾᛏᚱᚪᛁᚾ,323
jerkily,176020,0,ᛂᛖᚱᚳᛁᛚᚣ,335
frisians,176015,0,ᚠᚱᛁᛋᛡᚾᛋ,286
sachets,176009,0,ᛋᚪᚳᚻᛖᛏᛋ,365
bitwise,176004,0,ᛒᛁᛏᚹᛁᛋᛖ,321
coronas,175918,0,ᚳᚩᚱᚩᚾᚪᛋ,217
overfed,175914,0,ᚩᚢᛖᚱᚠᛖᛞ,246
styptic,175639,0,ᛋᛏᚣᛈᛏᛁᚳ,361
engagingly,175595,0,ᛖᛝᚪᚷᛝᛚᚣ,515
doilies,175558,0,ᛞᚩᛁᛚᛁᛖᛋ,351
tappets,175554,0,ᛏᚪᛈᛈᛖᛏᛋ,421
mannish,175490,0,ᛗᚪᚾᚾᛁᛋᚻ,333
signori,175479,0,ᛋᛁᚷᚾᚩᚱᛁ,179
flashings,175479,0,ᚠᛚᚪᛋᚻᛝᛋ,380
janacek,175459,0,ᛂᚪᚾᚪᚳᛖᚳ,353
underly,175429,0,ᚢᚾᛞᛖᚱᛚᚣ,375
sluiced,175383,0,ᛋᛚᚢᛁᚳᛖᛞ,329
cleavers,175359,0,ᚳᛚᛠᚢᛖᚱᛋ,329
nennius,175213,0,ᚾᛖᚾᚾᛁᚢᛋ,241
chelonia,175058,0,ᚳᚻᛖᛚᚩᚾᛡ,319
grasset,175006,0,ᚷᚱᚪᛋᛋᛖᛏ,357
gravies,174880,0,ᚷᚱᚪᚢᛁᛖᛋ,279
assorting,174868,0,ᚪᛋᛋᚩᚱᛏᛝ,359
listers,174846,0,ᛚᛁᛋᛏᛖᚱᛋ,347
coyness,174846,0,ᚳᚩᚣᚾᛖᛋᛋ,325
aquarian,174722,0,ᚪᚳᚹᚪᚱᛡᚾ,373
strafed,174633,0,ᛋᛏᚱᚪᚠᛖᛞ,378
hungrier,174626,0,ᚻᚢᛝᚱᛁᛖᚱ,225
tangiers,174437,0,ᛏᚪᛝᛁᛖᚱᛋ,397
dimmers,174270,0,ᛞᛁᛗᛗᛖᚱᛋ,393
darkies,174237,0,ᛞᚪᚱᚳᛁᛖᛋ,361
reroute,174225,0,ᚱᛖᚱᚩᚢᛏᛖ,225
bazooka,174134,0,ᛒᚪᛋᚩᚩᚳᚪ,335
surcoat,174088,0,ᛋᚢᚱᚳᚩᚪᛏ,243
sightly,174079,0,ᛋᛁᚷᚻᛏᛚᚣ,359
deathlike,174041,0,ᛞᛠᚦᛚᛁᚳᛖ,387
reveres,173888,0,ᚱᛖᚢᛖᚱᛖᛋ,279
upfield,173814,0,ᚢᛈᚠᛁᛖᛚᛞ,308
exotica,173685,0,ᛖᛉᚩᛏᛁᚳᚪ,321
cresols,173491,0,ᚳᚱᛖᛋᚩᛚᛋ,277
grommet,173365,0,ᚷᚱᚩᛗᛗᛖᛏ,303
oxidise,173279,0,ᚩᛉᛁᛞᛁᛋᛖ,325
amplest,173279,0,ᚪᛗᛈᛚᛖᛋᛏ,463
disowning,173098,0,ᛞᛁᛋᚩᚹᚾᛝ,307
brucine,172984,0,ᛒᚱᚢᚳᛁᚾᛖ,215
fenland,172950,0,ᚠᛖᚾᛚᚪᚾᛞ,386
chimaera,172940,0,ᚳᚻᛁᛗᚫᚱᚪ,347
sequoias,172836,0,ᛋᛖᚳᚹᚩᛡᛋ,319
ecdysis,172806,0,ᛖᚳᛞᚣᛋᛁᛋ,409
dynasts,172794,0,ᛞᚣᚾᚪᛋᛏᛋ,483
gloriana,172782,0,ᚷᛚᚩᚱᛡᚾᚪ,341
pensioning,172546,0,ᛈᛖᚾᛋᛡᚾᛝ,407
dismaying,172475,0,ᛞᛁᛋᛗᚪᚣᛝ,523
parlies,172458,0,ᛈᚪᚱᛚᛁᛖᛋ,375
pedaled,172369,0,ᛈᛖᛞᚪᛚᛖᛞ,525
saddens,172362,0,ᛋᚪᛞᛞᛖᚾᛋ,477
michiel,172295,0,ᛗᛁᚳᚻᛁᛖᛚ,309
reddens,172282,0,ᚱᛖᛞᛞᛖᚾᛋ,405
barkers,172225,0,ᛒᚪᚱᚳᛖᚱᛋ,313
hogback,172221,0,ᚻᚩᚷᛒᚪᚳᚳ,231
forager,172175,0,ᚠᚩᚱᚪᚷᛖᚱ,212
metopes,172102,0,ᛗᛖᛏᚩᛈᛖᛋ,367
kopecks,172042,0,ᚳᚩᛈᛖᚳᚳᛋ,209
costate,171969,0,ᚳᚩᛋᛏᚪᛏᛖ,355
awnless,171936,0,ᚪᚹᚾᛚᛖᛋᛋ,391
cabrini,171820,0,ᚳᚪᛒᚱᛁᚾᛁ,273
breathers,171820,0,ᛒᚱᛠᚦᛖᚱᛋ,317
slopped,171816,0,ᛋᛚᚩᛈᛈᛖᛞ,375
derides,171814,0,ᛞᛖᚱᛁᛞᛖᛋ,407
falloff,171761,0,ᚠᚪᛚᛚᚩᚠᚠ,256
boobies,171761,0,ᛒᚩᚩᛒᛁᛖᛋ,287
decodes,171712,0,ᛞᛖᚳᚩᛞᛖᛋ,385
grubbed,171708,0,ᚷᚱᚢᛒᛒᛖᛞ,309
tierces,171671,0,ᛏᛁᛖᚱᚳᛖᛋ,301
oresteia,171656,0,ᚩᚱᛖᛋᛏᛖᛡ,371
scoffer,171645,0,ᛋᚳᚩᚠᚠᛖᚱ,155
adsorbs,171589,0,ᚪᛞᛋᚩᚱᛒᛋ,371
posadas,171568,0,ᛈᚩᛋᚪᛞᚪᛋ,439
repassing,171565,0,ᚱᛖᛈᚪᛋᛋᛝ,403
lictors,171422,0,ᛚᛁᚳᛏᚩᚱᛋ,247
visayan,171267,0,ᚢᛁᛋᚪᚣᚪᚾ,413
menswear,171255,0,ᛗᛖᚾᛋᚹᛠᚱ,359
matthieu,171223,0,ᛗᚪᛏᚦᛁᛖᚢ,333
dioptric,171175,0,ᛞᛡᛈᛏᚱᛁᚳ,353
naismith,171104,0,ᚾᚪᛁᛋᛗᛁᚦ,317
avowals,171091,0,ᚪᚢᚩᚹᚪᛚᛋ,349
pleasuring,171071,0,ᛈᛚᛠᛋᚢᚱᛝ,371
ospreys,171069,0,ᚩᛋᛈᚱᛖᚣᛋ,337
cowshed,170914,0,ᚳᚩᚹᛋᚻᛖᛞ,271
cribbed,170718,0,ᚳᚱᛁᛒᛒᛖᛞ,333
replays,170636,0,ᚱᛖᛈᛚᚪᚣᛋ,447
cottier,170612,0,ᚳᚩᛏᛏᛁᛖᚱ,247
hayloft,170574,0,ᚻᚪᚣᛚᚩᚠᛏ,364
breeching,170484,0,ᛒᚱᛖᛖᚳᚻᛝ,321
giantess,170390,0,ᚷᛡᚾᛏᛖᛋᛋ,385
redheads,170264,0,ᚱᛖᛞᚻᛠᛞᛋ,441
latices,170163,0,ᛚᚪᛏᛁᚳᛖᛋ,393
stealers,170146,0,ᛋᛏᛠᛚᛖᚱᛋ,425
acidemia,170123,0,ᚪᚳᛁᛞᛖᛗᛡ,475
cabanas,169974,0,ᚳᚪᛒᚪᚾᚪᛋ,447
cupfuls,169954,0,ᚳᚢᛈᚠᚢᛚᛋ,190
ideogram,169918,0,ᛁᛞᛇᚷᚱᚪᛗ,357
bikinis,169835,0,ᛒᛁᚳᛁᚾᛁᛋ,249
gerunds,169808,0,ᚷᛖᚱᚢᚾᛞᛋ,269
laxness,169783,0,ᛚᚪᛉᚾᛖᛋᛋ,419
lupines,169769,0,ᛚᚢᛈᛁᚾᛖᛋ,299
limites,169744,0,ᛚᛁᛗᛁᛏᛖᛋ,385
scathingly,169706,0,ᛋᚳᚪᚦᛝᛚᚣ,423
goatherd,169646,0,ᚷᚩᚪᚦᛖᚱᛞ,293
hobbles,169641,0,ᚻᚩᛒᛒᛚᛖᛋ,345
ascidian,169585,0,ᚪᛋᚳᛁᛞᛡᚾ,419
vaquero,169472,0,ᚢᚪᚳᚹᛖᚱᚩ,217
headways,169466,0,ᚻᛠᛞᚹᚪᚣᛋ,493
curlews,169435,0,ᚳᚢᚱᛚᛖᚹᛋ,239
gauchos,169428,0,ᚷᚪᚢᚳᚻᚩᛋ,213
pikemen,169368,0,ᛈᛁᚳᛖᛗᛖᚾ,321
menisci,169336,0,ᛗᛖᚾᛁᛋᚳᛁ,295
bruiser,169266,0,ᛒᚱᚢᛁᛋᛖᚱ,237
studier,169249,0,ᛋᛏᚢᛞᛁᛖᚱ,313
visioned,169215,0,ᚢᛁᛋᛡᚾᛖᛞ,379
wrangled,169174,0,ᚹᚱᚪᛝᛚᛖᛞ,435
thyestes,169103,0,ᚦᚣᛖᛋᛏᛖᛋ,407
dystopia,169088,0,ᛞᚣᛋᛏᚩᛈᛡ,461
chaffed,168992,0,ᚳᚻᚪᚠᚠᛖᛞ,293
cirques,168930,0,ᚳᛁᚱᚳᚹᛖᛋ,207
optioned,168903,0,ᚩᛈᛏᛡᚾᛖᛞ,401
patroon,168860,0,ᛈᚪᛏᚱᚩᚩᚾ,253
doodles,168762,0,ᛞᚩᚩᛞᛚᛖᛋ,385
speakeasy,168747,0,ᛋᛈᛠᚳᛠᛋᚣ,483
emerita,168746,0,ᛖᛗᛖᚱᛁᛏᚪ,403
zygotic,168731,0,ᛋᚣᚷᚩᛏᛁᚳ,283
planche,168595,0,ᛈᛚᚪᚾᚳᚻᛖ,345
bastide,168582,0,ᛒᚪᛋᛏᛁᛞᛖ,457
aurally,168508,0,ᚪᚢᚱᚪᛚᛚᚣ,457
peccary,168475,0,ᛈᛖᚳᚳᚪᚱᚣ,347
rosella,168360,0,ᚱᚩᛋᛖᛚᛚᚪ,381
refolding,168353,0,ᚱᛖᚠᚩᛚᛞᛝ,328
narwhal,168215,0,ᚾᚪᚱᚹᚻᚪᛚ,349
hoplite,168211,0,ᚻᚩᛈᛚᛁᛏᛖ,303
lappets,168101,0,ᛚᚪᛈᛈᛖᛏᛋ,435
maldive,168094,0,ᛗᚪᛚᛞᛁᚢᛖ,431
chronos,168091,0,ᚳᚻᚱᚩᚾᚩᛋ,143
marrows,168031,0,ᛗᚪᚱᚱᚩᚹᛋ,269
pileated,168013,0,ᛈᛁᛚᛠᛏᛖᛞ,471
yarkand,167989,0,ᚣᚪᚱᚳᚪᚾᛞ,439
boluses,167884,0,ᛒᚩᛚᚢᛋᛖᛋ,317
masseur,167879,0,ᛗᚪᛋᛋᛖᚢᚱ,355
sickbed,167813,0,ᛋᛁᚳᚳᛒᛖᛞ,327
stabile,167703,0,ᛋᛏᚪᛒᛁᛚᛖ,441
stentor,167594,0,ᛋᛏᛖᚾᛏᚩᚱ,285
hearkening,167536,0,ᚻᛠᚱᚳᛖᚾᛝ,331
rearmost,167518,0,ᚱᛠᚱᛗᚩᛋᛏ,321
warningly,167449,0,ᚹᚪᚱᚾᛝᛚᚣ,411
eelworm,167440,0,ᛖᛖᛚᚹᚩᚱᛗ,315
shakeout,167190,0,ᛋᚻᚪᚳᛇᚢᛏ,289
cowgirl,167184,0,ᚳᚩᚹᚷᛁᚱᛚ,171
unrated,167173,0,ᚢᚾᚱᚪᛏᛖᛞ,355
defecting,167123,0,ᛞᛖᚠᛖᚳᛏᛝ,376
kickers,166960,0,ᚳᛁᚳᚳᛖᚱᛋ,201
pfennig,166788,0,ᛈᚠᛖᚾᚾᛁᚷ,218
earlobes,166752,0,ᛠᚱᛚᚩᛒᛖᛋ,381
compere,166752,0,ᚳᚩᛗᛈᛖᚱᛖ,279
corymbs,166687,0,ᚳᚩᚱᚣᛗᛒᛋ,319
quavers,166661,0,ᚳᚹᚪᚢᛖᚱᛋ,263
durably,166658,0,ᛞᚢᚱᚪᛒᛚᚣ,437
berried,166626,0,ᛒᛖᚱᚱᛁᛖᛞ,337
dieters,166621,0,ᛞᛁᛖᛏᛖᚱᛋ,377
gentles,166553,0,ᚷᛖᚾᛏᛚᛖᛋ,365
garners,166542,0,ᚷᚪᚱᚾᛖᚱᛋ,285
encamping,166521,0,ᛖᚾᚳᚪᛗᛈᛝ,399
sprawls,166520,0,ᛋᛈᚱᚪᚹᛚᛋ,349
frisked,166465,0,ᚠᚱᛁᛋᚳᛖᛞ,266
testudo,166445,0,ᛏᛖᛋᛏᚢᛞᚩ,337
alundum,166426,0,ᚪᛚᚢᚾᛞᚢᛗ,365
pelisse,166205,0,ᛈᛖᛚᛁᛋᛋᛖ,387
skinhead,165994,0,ᛋᚳᛁᚾᚻᛠᛞ,347
gannets,165856,0,ᚷᚪᚾᚾᛖᛏᛋ,351
pidgins,165819,0,ᛈᛁᛞᚷᛁᚾᛋ,293
arachne,165773,0,ᚪᚱᚪᚳᚻᚾᛖ,337
itemizing,165744,0,ᛁᛏᛖᛗᛁᛋᛝ,391
muezzin,165743,0,ᛗᚢᛖᛋᛋᛁᚾ,307
quaffed,165684,0,ᚳᚹᚪᚠᚠᛖᛞ,289
mothered,165671,0,ᛗᚩᚦᛖᚱᛖᛞ,317
picquet,165608,0,ᛈᛁᚳᚳᚹᛖᛏ,245
courtin,165365,0,ᚳᚩᚢᚱᛏᛁᚾ,153
alyssum,165281,0,ᚪᛚᚣᛋᛋᚢᛗ,453
gravida,165170,0,ᚷᚱᚪᚢᛁᛞᚪ,345
daddies,165077,0,ᛞᚪᛞᛞᛁᛖᛋ,515
padrone,165014,0,ᛈᚪᛞᚱᚩᚾᛖ,343
smokies,164987,0,ᛋᛗᚩᚳᛁᛖᛋ,295
drownings,164959,0,ᛞᚱᚩᚹᚾᛝᛋ,287
catched,164719,0,ᚳᚪᛏᚳᚻᛖᛞ,361
pleopods,164669,0,ᛈᛚᛇᛈᚩᛞᛋ,349
disarms,164423,0,ᛞᛁᛋᚪᚱᛗᛋ,405
greenly,164390,0,ᚷᚱᛖᛖᚾᛚᚣ,367
resized,164334,0,ᚱᛖᛋᛁᛋᛖᛞ,371
capello,164298,0,ᚳᚪᛈᛖᛚᛚᚩ,373
midribs,164263,0,ᛗᛁᛞᚱᛁᛒᛋ,347
balsamo,164199,0,ᛒᚪᛚᛋᚪᛗᚩ,459
carfare,164197,0,ᚳᚪᚱᚠᚪᚱᛖ,298
nocturia,164175,0,ᚾᚩᚳᛏᚢᚱᛡ,229
priscian,164173,0,ᛈᚱᛁᛋᚳᛡᚾ,287
ransoms,164079,0,ᚱᚪᚾᛋᚩᛗᛋ,321
bowline,163960,0,ᛒᚩᚹᛚᛁᚾᛖ,287
cladonia,163941,0,ᚳᛚᚪᛞᚩᚾᛡ,415
grizzle,163786,0,ᚷᚱᛁᛋᛋᛚᛖ,305
babbler,163777,0,ᛒᚪᛒᛒᛚᛖᚱ,431
trochus,163758,0,ᛏᚱᚩᚳᚻᚢᛋ,169
coagula,163695,0,ᚳᚩᚪᚷᚢᛚᚪ,307
dunston,163672,0,ᛞᚢᚾᛋᛏᚩᚾ,269
crinkly,163645,0,ᚳᚱᛁᚾᚳᛚᚣ,273
maurine,163624,0,ᛗᚪᚢᚱᛁᚾᛖ,309
trundling,163403,0,ᛏᚱᚢᚾᛞᛚᛝ,343
sidecar,163338,0,ᛋᛁᛞᛖᚳᚪᚱ,361
ismaili,163261,0,ᛁᛋᛗᚪᛁᛚᛁ,387
hutches,163102,0,ᚻᚢᛏᚳᚻᛖᛋ,241
thievish,162992,0,ᚦᛁᛖᚢᛁᛋᚻ,213
visaged,162894,0,ᚢᛁᛋᚪᚷᛖᛞ,357
someway,162873,0,ᛋᚩᛗᛖᚹᚪᚣ,417
volubly,162865,0,ᚢᚩᛚᚢᛒᛚᚣ,323
kestner,162738,0,ᚳᛖᛋᛏᚾᛖᚱ,299
humbugs,162677,0,ᚻᚢᛗᛒᚢᚷᛋ,231
cerumen,162648,0,ᚳᛖᚱᚢᛗᛖᚾ,261
lethally,162546,0,ᛚᛖᚦᚪᛚᛚᚣ,491
nesters,162521,0,ᚾᛖᛋᛏᛖᚱᛋ,339
maurois,162508,0,ᛗᚪᚢᚱᚩᛁᛋ,273
autumns,162470,0,ᚪᚢᛏᚢᛗᚾᛋ,315
armiger,162352,0,ᚪᚱᛗᛁᚷᛖᚱ,305
animist,162345,0,ᚪᚾᛁᛗᛁᛋᛏ,371
peelers,162313,0,ᛈᛖᛖᛚᛖᚱᛋ,381
vouches,162180,0,ᚢᚩᚢᚳᚻᛖᛋ,169
towelling,162065,0,ᛏᚩᚹᛖᛚᛚᛝ,377
wistaria,161983,0,ᚹᛁᛋᛏᚪᚱᛡ,377
scallion,161959,0,ᛋᚳᚪᛚᛚᛡᚾ,445
ragwort,161953,0,ᚱᚪᚷᚹᚩᚱᛏ,221
risible,161939,0,ᚱᛁᛋᛁᛒᛚᛖ,327
lastingly,161923,0,ᛚᚪᛋᛏᛝᛚᚣ,537
samarra,161881,0,ᛋᚪᛗᚪᚱᚱᚪ,437
recasts,161858,0,ᚱᛖᚳᚪᛋᛏᛋ,353
midgets,161808,0,ᛗᛁᛞᚷᛖᛏᛋ,387
upheaved,161777,0,ᚢᛈᚻᛠᚢᛖᛞ,337
costata,161750,0,ᚳᚩᛋᛏᚪᛏᚪ,385
nightie,161744,0,ᚾᛁᚷᚻᛏᛁᛖ,257
fluidly,161735,0,ᚠᛚᚢᛁᛞᛚᚣ,374
achillea,161715,0,ᚪᚳᚻᛁᛚᛚᛠ,419
tenuity,161694,0,ᛏᛖᚾᚢᛁᛏᚣ,351
unloose,161555,0,ᚢᚾᛚᚩᚩᛋᛖ,239
playpen,161539,0,ᛈᛚᚪᚣᛈᛖᚾ,455
periwig,161488,0,ᛈᛖᚱᛁᚹᛁᚷ,219
browbeat,161392,0,ᛒᚱᚩᚹᛒᛠᛏ,327
maddest,161280,0,ᛗᚪᛞᛞᛖᛋᛏ,525
bestiary,161257,0,ᛒᛖᛋᛏᛡᚱᚣ,461
huskies,161219,0,ᚻᚢᛋᚳᛁᛖᛋ,243
brisker,160983,0,ᛒᚱᛁᛋᚳᛖᚱ,247
negrito,160981,0,ᚾᛖᚷᚱᛁᛏᚩ,221
simmers,160861,0,ᛋᛁᛗᛗᛖᚱᛋ,357
sheppey,160817,0,ᛋᚻᛖᛈᛈᛖᚣ,399
dredgings,160762,0,ᛞᚱᛖᛞᚷᛝᛋ,405
tanagra,160756,0,ᛏᚪᚾᚪᚷᚱᚪ,407
medicean,160647,0,ᛗᛖᛞᛁᚳᛠᚾ,409
giblets,160633,0,ᚷᛁᛒᛚᛖᛏᛋ,361
felines,160614,0,ᚠᛖᛚᛁᚾᛖᛋ,322
recapping,160533,0,ᚱᛖᚳᚪᛈᛈᛝ,353
uptakes,160419,0,ᚢᛈᛏᚪᚳᛖᛋ,335
brownings,160377,0,ᛒᚱᚩᚹᚾᛝᛋ,259
edgardo,160356,0,ᛖᛞᚷᚪᚱᛞᚩ,377
subtend,160322,0,ᛋᚢᛒᛏᛖᚾᛞ,361
niggard,160314,0,ᚾᛁᚷᚷᚪᚱᛞ,291
swerves,160204,0,ᛋᚹᛖᚱᚢᛖᛋ,273
cheroot,160128,0,ᚳᚻᛖᚱᚩᚩᛏ,187
chaises,159968,0,ᚳᚻᚪᛁᛋᛖᛋ,337
gibbering,159851,0,ᚷᛁᛒᛒᛖᚱᛝ,327
devisor,159834,0,ᛞᛖᚢᛁᛋᚩᚱ,261
impasto,159755,0,ᛁᛗᛈᚪᛋᛏᚩ,361
shrikes,159738,0,ᛋᚻᚱᛁᚳᛖᛋ,251
aliened,159674,0,ᚪᛚᛁᛖᚾᛖᛞ,453
aesthetes,159654,0,ᚫᛋᚦᛖᛏᛖᛋ,405
armband,159512,0,ᚪᚱᛗᛒᚪᚾᛞ,455
reawaken,159465,0,ᚱᛠᚹᚪᚳᛖᚾ,345
allgood,159431,0,ᚪᛚᛚᚷᚩᚩᛞ,363
pannier,159328,0,ᛈᚪᚾᚾᛁᛖᚱ,307
bitmaps,159321,0,ᛒᛁᛏᛗᚪᛈᛋ,415
steadies,159318,0,ᛋᛏᛠᛞᛁᛖᛋ,461
groynes,159275,0,ᚷᚱᚩᚣᚾᛖᛋ,287
ossuary,159164,0,ᚩᛋᛋᚢᚪᚱᚣ,327
guineans,159159,0,ᚷᚢᛁᚾᛠᚾᛋ,271
killingly,159131,0,ᚳᛁᛚᛚᛝᛚᚣ,445
incased,159108,0,ᛁᚾᚳᚪᛋᛖᛞ,379
greasers,159070,0,ᚷᚱᛠᛋᛖᚱᛋ,321
pieties,159058,0,ᛈᛁᛖᛏᛁᛖᛋ,351
ventana,159044,0,ᚢᛖᚾᛏᚪᚾᚪ,381
eluates,158994,0,ᛖᛚᚢᚪᛏᛖᛋ,419
tearless,158981,0,ᛏᛠᚱᛚᛖᛋᛋ,425
jobbery,158952,0,ᛂᚩᛒᛒᛖᚱᚣ,347
harelip,158938,0,ᚻᚪᚱᛖᛚᛁᛈ,345
waterings,158807,0,ᚹᚪᛏᛖᚱᛝᛋ,385
oilskin,158807,0,ᚩᛁᛚᛋᚳᛁᚾ,237
oddness,158798,0,ᚩᛞᛞᚾᛖᛋᛋ,387
tribuna,158763,0,ᛏᚱᛁᛒᚢᚾᚪ,291
sucklings,158716,0,ᛋᚢᚳᚳᛚᛝᛋ,287
samnite,158680,0,ᛋᚪᛗᚾᛁᛏᛖ,407
armhole,158598,0,ᚪᚱᛗᚻᚩᛚᛖ,349
nymphaea,158571,0,ᚾᚣᛗᛈᚻᚫᚪ,467
introit,158493,0,ᛁᚾᛏᚱᚩᛁᛏ,227
gnocchi,158493,0,ᚷᚾᚩᚳᚳᚻᛁ,133
sunnier,158463,0,ᛋᚢᚾᚾᛁᛖᚱ,223
catlike,158353,0,ᚳᚪᛏᛚᛁᚳᛖ,353
whopper,158200,0,ᚹᚻᚩᛈᛈᛖᚱ,213
kinfolk,158198,0,ᚳᛁᚾᚠᚩᛚᚳ,168
partita,158148,0,ᛈᚪᚱᛏᛁᛏᚪ,397
grindle,158144,0,ᚷᚱᛁᚾᛞᛚᛖ,317
spicula,157994,0,ᛋᛈᛁᚳᚢᛚᚪ,313
phratry,157964,0,ᛈᚻᚱᚪᛏᚱᚣ,347
hrothgar,157839,0,ᚻᚱᚩᚦᚷᚪᚱ,171
ukulele,157833,0,ᚢᚳᚢᛚᛖᛚᛖ,299
grandam,157812,0,ᚷᚱᚪᚾᛞᚪᛗ,411
mallows,157769,0,ᛗᚪᛚᛚᚩᚹᛋ,393
donetsk,157765,0,ᛞᚩᚾᛖᛏᛋᚳ,317
galatian,157678,0,ᚷᚪᛚᚪᛏᛡᚾ,479
overtop,157618,0,ᚩᚢᛖᚱᛏᚩᛈ,197
tweeter,157584,0,ᛏᚹᛖᛖᛏᛖᚱ,349
lorette,157573,0,ᛚᚩᚱᛖᛏᛏᛖ,343
agonize,157522,0,ᚪᚷᚩᚾᛁᛋᛖ,301
moulted,157455,0,ᛗᚩᚢᛚᛏᛖᛞ,369
piranha,157451,0,ᛈᛁᚱᚪᚾᚻᚪ,331
gunship,157373,0,ᚷᚢᚾᛋᚻᛁᛈ,199
imagist,157328,0,ᛁᛗᚪᚷᛁᛋᛏ,359
hallowing,157225,0,ᚻᚪᛚᛚᚩᚹᛝ,371
bailees,157185,0,ᛒᚪᛁᛚᛖᛖᛋ,449
mariachi,157141,0,ᛗᚪᚱᛡᚳᚻᛁ,353
lustres,156934,0,ᛚᚢᛋᛏᚱᛖᛋ,319
treetop,156900,0,ᛏᚱᛖᛖᛏᚩᛈ,313
grangers,156891,0,ᚷᚱᚪᛝᛖᚱᛋ,335
karakul,156869,0,ᚳᚪᚱᚪᚳᚢᛚ,307
pearmain,156852,0,ᛈᛠᚱᛗᚪᛁᚾ,391
guaiacum,156790,0,ᚷᚢᚪᛡᚳᚢᛗ,311
unitive,156753,0,ᚢᚾᛁᛏᛁᚢᛖ,223
speeder,156670,0,ᛋᛈᛖᛖᛞᛖᚱ,397
postfix,156646,0,ᛈᚩᛋᛏᚠᛁᛉ,242
locknut,156591,0,ᛚᚩᚳᚳᚾᚢᛏ,197
varmint,156470,0,ᚢᚪᚱᛗᛁᚾᛏ,301
foghorn,156465,0,ᚠᚩᚷᚻᚩᚱᚾ,96
stylets,156458,0,ᛋᛏᚣᛚᛖᛏᛋ,467
sleighing,156276,0,ᛋᛚᛖᛁᚷᚻᛝ,343
talcose,156219,0,ᛏᚪᛚᚳᚩᛋᛖ,369
fowlers,155973,0,ᚠᚩᚹᛚᛖᚱᛋ,232
mannite,155970,0,ᛗᚪᚾᚾᛁᛏᛖ,383
artemas,155839,0,ᚪᚱᛏᛖᛗᚪᛋ,455
ethicist,155773,0,ᛖᚦᛁᚳᛁᛋᛏ,259
galusha,155690,0,ᚷᚪᛚᚢᛋᚻᚪ,363
pedalling,155591,0,ᛈᛖᛞᚪᛚᛚᛝ,521
stormer,155562,0,ᛋᛏᚩᚱᛗᛖᚱ,279
unguents,155504,0,ᚢᛝᚢᛖᚾᛏᛋ,293
slitted,155445,0,ᛋᛚᛁᛏᛏᛖᛞ,431
wattled,155333,0,ᚹᚪᛏᛏᛚᛖᛞ,463
cresset,155176,0,ᚳᚱᛖᛋᛋᛖᛏ,323
ditcher,155077,0,ᛞᛁᛏᚳᚻᛖᚱ,293
seeders,155067,0,ᛋᛖᛖᛞᛖᚱᛋ,407
gnashed,155064,0,ᚷᚾᚪᛋᚻᛖᛞ,375
kimonos,154891,0,ᚳᛁᛗᚩᚾᚩᛋ,211
emptier,154815,0,ᛖᛗᛈᛏᛁᛖᚱ,349
sibylla,154811,0,ᛋᛁᛒᚣᛚᛚᚪ,491
regally,154770,0,ᚱᛖᚷᚪᛚᛚᚣ,441
voiture,154761,0,ᚢᚩᛁᛏᚢᚱᛖ,181
dampens,154721,0,ᛞᚪᛗᛈᛖᚾᛋ,449
cahoots,154704,0,ᚳᚪᚻᚩᚩᛏᛋ,259
glowingly,154684,0,ᚷᛚᚩᚹᛝᛚᚣ,371
netball,154638,0,ᚾᛖᛏᛒᚪᛚᛚ,459
dialyzer,154605,0,ᛞᛡᛚᚣᛋᛖᚱ,503
thermals,154575,0,ᚦᛖᚱᛗᚪᛚᛋ,377
osmunda,154444,0,ᚩᛋᛗᚢᚾᛞᚪ,349
bambino,154306,0,ᛒᚪᛗᛒᛁᚾᚩ,357
pityingly,154290,0,ᛈᛁᛏᚣᛝᛚᚣ,491
bemoans,154279,0,ᛒᛖᛗᚩᚪᚾᛋ,385
acquits,154061,0,ᚪᚳᚳᚹᛁᛏᛋ,285
forebear,153938,0,ᚠᚩᚱᛖᛒᛠᚱ,268
savaged,153685,0,ᛋᚪᚢᚪᚷᛖᛞ,423
halyard,153672,0,ᚻᚪᛚᚣᚪᚱᛞ,493
cipolla,153556,0,ᚳᛁᛈᚩᛚᛚᚪ,337
carissa,153534,0,ᚳᚪᚱᛁᛋᛋᚪ,355
coachee,153509,0,ᚳᚩᚪᚳᚻᛖᛖ,287
hatchling,153474,0,ᚻᚪᛏᚳᚻᛚᛝ,367
equines,153440,0,ᛖᚳᚹᛁᚾᛖᛋ,279
demurring,153402,0,ᛞᛖᛗᚢᚱᚱᛝ,331
splicer,153394,0,ᛋᛈᛚᛁᚳᛖᚱ,291
wofully,153387,0,ᚹᚩᚠᚢᛚᛚᚣ,280
brahmas,153292,0,ᛒᚱᚪᚻᛗᚪᛋ,413
parsers,153180,0,ᛈᚪᚱᛋᛖᚱᛋ,335
strider,153170,0,ᛋᛏᚱᛁᛞᛖᚱ,321
smoothes,153108,0,ᛋᛗᚩᚩᚦᛖᛋ,263
lyceums,153081,0,ᛚᚣᚳᛖᚢᛗᛋ,383
valises,152927,0,ᚢᚪᛚᛁᛋᛖᛋ,377
olynthus,152889,0,ᚩᛚᚣᚾᚦᚢᛋ,273
totters,152808,0,ᛏᚩᛏᛏᛖᚱᛋ,315
rowdies,152773,0,ᚱᚩᚹᛞᛁᛖᛋ,277
convoying,152752,0,ᚳᚩᚾᚢᚩᚣᛝ,241
theodosian,152749,0,ᚦᛇᛞᚩᛋᛡᚾ,331
cabinda,152719,0,ᚳᚪᛒᛁᚾᛞᚪ,417
gaugers,152692,0,ᚷᚪᚢᚷᛖᚱᛋ,265
pennons,152677,0,ᛈᛖᚾᚾᚩᚾᛋ,257
residua,152638,0,ᚱᛖᛋᛁᛞᚢᚪ,351
malchus,152601,0,ᛗᚪᛚᚳᚻᚢᛋ,333
bushido,152596,0,ᛒᚢᛋᚻᛁᛞᚩ,267
bookies,152518,0,ᛒᚩᚩᚳᛁᛖᛋ,239
bedpost,152432,0,ᛒᛖᛞᛈᚩᛋᛏ,379
grahams,152325,0,ᚷᚱᚪᚻᚪᛗᛋ,369
venusian,152309,0,ᚢᛖᚾᚢᛋᛡᚾ,291
doormen,152265,0,ᛞᚩᚩᚱᛗᛖᚾ,281
lasagne,152174,0,ᛚᚪᛋᚪᚷᚾᛖ,433
ovations,152121,0,ᚩᚢᚪᛏᛡᚾᛋ,355
herbals,152065,0,ᚻᛖᚱᛒᚪᛚᛋ,385
washtub,152058,0,ᚹᚪᛋᚻᛏᚢᛒ,315
bruited,151913,0,ᛒᚱᚢᛁᛏᛖᛞ,321
stators,151885,0,ᛋᛏᚪᛏᚩᚱᛋ,339
gleaners,151820,0,ᚷᛚᛠᚾᛖᚱᛋ,359
gametic,151698,0,ᚷᚪᛗᛖᛏᛁᚳ,355
blunter,151595,0,ᛒᛚᚢᚾᛏᛖᚱ,303
bigwigs,151586,0,ᛒᛁᚷᚹᛁᚷᛋ,229
wallows,151557,0,ᚹᚪᛚᛚᚩᚹᛋ,341
parsecs,151483,0,ᛈᚪᚱᛋᛖᚳᛋ,337
booties,151469,0,ᛒᚩᚩᛏᛁᛖᛋ,285
boletus,151213,0,ᛒᚩᛚᛖᛏᚢᛋ,323
parries,151143,0,ᛈᚪᚱᚱᛁᛖᛋ,313
bourses,150991,0,ᛒᚩᚢᚱᛋᛖᛋ,255
vectoring,150961,0,ᚢᛖᚳᛏᚩᚱᛝ,239
upbound,150898,0,ᚢᛈᛒᚩᚢᚾᛞ,235
parmelia,150752,0,ᛈᚪᚱᛗᛖᛚᛡ,469
sociopath,150746,0,ᛋᚩᚳᛡᛈᚪᚦ,325
skulked,150721,0,ᛋᚳᚢᛚᚳᛖᛞ,311
inaptly,150625,0,ᛁᚾᚪᛈᛏᛚᚣ,435
scriber,150539,0,ᛋᚳᚱᛁᛒᛖᚱ,247
vervain,150480,0,ᚢᛖᚱᚢᚪᛁᚾ,241
laetrile,150420,0,ᛚᚫᛏᚱᛁᛚᛖ,415
hectoring,150337,0,ᚻᛖᚳᛏᚩᚱᛝ,259
gratiano,150329,0,ᚷᚱᚪᛏᛡᚾᚩ,327
avestan,150210,0,ᚪᚢᛖᛋᛏᚪᚾ,405
nereids,150097,0,ᚾᛖᚱᛖᛁᛞᛋ,347
ladybug,150060,0,ᛚᚪᛞᚣᛒᚢᚷ,443
uncoiling,149890,0,ᚢᚾᚳᚩᛁᛚᛝ,235
trireme,149835,0,ᛏᚱᛁᚱᛖᛗᛖ,317
rodlike,149794,0,ᚱᚩᛞᛚᛁᚳᛖ,291
wrangles,149767,0,ᚹᚱᚪᛝᛚᛖᛋ,399
bustles,149713,0,ᛒᚢᛋᛏᛚᛖᛋ,369
stunner,149481,0,ᛋᛏᚢᚾᚾᛖᚱ,251
evolute,149446,0,ᛖᚢᚩᛚᚢᛏᛖ,279
crazies,149433,0,ᚳᚱᚪᛋᛁᛖᛋ,325
cubists,149424,0,ᚳᚢᛒᛁᛋᛏᛋ,273
trigram,149354,0,ᛏᚱᛁᚷᚱᚪᛗ,297
salsify,149333,0,ᛋᚪᛚᛋᛁᚠᚣ,412
apparat,149332,0,ᚪᛈᛈᚪᚱᚪᛏ,447
repotting,149312,0,ᚱᛖᛈᚩᛏᛏᛝ,325
theobroma,149194,0,ᚦᛇᛒᚱᚩᛗᚪ,293
bookmen,149161,0,ᛒᚩᚩᚳᛗᛖᚾ,255
carolin,149111,0,ᚳᚪᚱᚩᛚᛁᚾ,261
manetti,149077,0,ᛗᚪᚾᛖᛏᛏᛁ,413
cestode,149066,0,ᚳᛖᛋᛏᚩᛞᛖ,355
remakes,149025,0,ᚱᛖᛗᚪᚳᛖᛋ,379
unshorn,148920,0,ᚢᚾᛋᚻᚩᚱᚾ,155
mascots,148897,0,ᛗᚪᛋᚳᚩᛏᛋ,353
yuppies,148794,0,ᚣᚢᛈᛈᛁᛖᛋ,343
uploads,148750,0,ᚢᛈᛚᚩᚪᛞᛋ,365
carline,148597,0,ᚳᚪᚱᛚᛁᚾᛖ,321
welcher,148489,0,ᚹᛖᛚᚳᚻᛖᚱ,273
hydrating,148424,0,ᚻᚣᛞᚱᚪᛏᛝ,461
drayman,148408,0,ᛞᚱᚪᚣᛗᚪᚾ,497
spigots,148300,0,ᛋᛈᛁᚷᚩᛏᛋ,263
growler,148288,0,ᚷᚱᚩᚹᛚᛖᚱ,205
scutage,148250,0,ᛋᚳᚢᛏᚪᚷᛖ,309
climaxing,148209,0,ᚳᛚᛁᛗᚪᛉᛝ,411
seraphs,148034,0,ᛋᛖᚱᚪᛈᚻᛋ,347
guppies,148030,0,ᚷᚢᛈᛈᛁᛖᛋ,257
forsaid,147905,0,ᚠᚩᚱᛋᚪᛁᛞ,290
attaint,147688,0,ᚪᛏᛏᚪᛁᚾᛏ,431
trowels,147554,0,ᛏᚱᚩᚹᛖᛚᛋ,289
anouilh,147527,0,ᚪᚾᚩᚢᛁᛚᚻ,263
assuaging,147455,0,ᚪᛋᛋᚢᚪᚷᛝ,399
guffaws,147444,0,ᚷᚢᚠᚠᚪᚹᛋ,193
traipsing,147334,0,ᛏᚱᚪᛁᛈᛋᛝ,373
foxtrot,147162,0,ᚠᚩᛉᛏᚱᚩᛏ,192
trimers,147054,0,ᛏᚱᛁᛗᛖᚱᛋ,303
solaced,146828,0,ᛋᚩᛚᚪᚳᛖᛞ,399
jordans,146779,0,ᛂᚩᚱᛞᚪᚾᛋ,323
wobbles,146766,0,ᚹᚩᛒᛒᛚᛖᛋ,341
rehearings,146759,0,ᚱᛖᚻᛠᚱᛝᛋ,353
equably,146676,0,ᛖᚳᚹᚪᛒᛚᚣ,433
ungreased,146609,0,ᚢᛝᚱᛠᛋᛖᛞ,411
harburg,146605,0,ᚻᚪᚱᛒᚢᚱᚷ,223
viziers,146571,0,ᚢᛁᛋᛁᛖᚱᛋ,249
worldling,146525,0,ᚹᚩᚱᛚᛞᛚᛝ,351
spheric,146353,0,ᛋᛈᚻᛖᚱᛁᚳ,241
orisons,146297,0,ᚩᚱᛁᛋᚩᚾᛋ,191
bounder,146251,0,ᛒᚩᚢᚾᛞᛖᚱ,267
heister,146223,0,ᚻᛖᛁᛋᛏᛖᚱ,311
trivium,146169,0,ᛏᚱᛁᚢᛁᚢᛗ,209
gaudily,146023,0,ᚷᚪᚢᛞᛁᛚᚣ,413
atropos,145991,0,ᚪᛏᚱᚩᛈᚩᛋ,277
syphons,145988,0,ᛋᚣᛈᚻᚩᚾᛋ,311
aleatory,145953,0,ᚪᛚᛠᛏᚩᚱᚣ,459
outland,145885,0,ᚩᚢᛏᛚᚪᚾᛞ,357
bobtail,145850,0,ᛒᚩᛒᛏᚪᛁᛚ,389
peppering,145754,0,ᛈᛖᛈᛈᛖᚱᛝ,353
pasties,145679,0,ᛈᚪᛋᛏᛁᛖᛋ,403
undreamt,145631,0,ᚢᚾᛞᚱᛠᛗᛏ,371
indited,145540,0,ᛁᚾᛞᛁᛏᛖᛞ,395
lacerta,145434,0,ᛚᚪᚳᛖᚱᛏᚪ,417
resells,145416,0,ᚱᛖᛋᛖᛚᛚᛋ,397
maskers,145207,0,ᛗᚪᛋᚳᛖᚱᛋ,365
dioscuri,145131,0,ᛞᛡᛋᚳᚢᚱᛁ,307
cheviots,145088,0,ᚳᚻᛖᚢᛡᛏᛋ,325
crocket,144985,0,ᚳᚱᚩᚳᚳᛖᛏ,183
venters,144911,0,ᚢᛖᚾᛏᛖᚱᛋ,289
anaerobe,144908,0,ᚪᚾᚫᚱᚩᛒᛖ,373
alpacas,144720,0,ᚪᛚᛈᚪᚳᚪᛋ,473
nacreous,144674,0,ᚾᚪᚳᚱᛇᚢᛋ,247
armless,144595,0,ᚪᚱᛗᛚᛖᛋᛋ,425
twelves,144448,0,ᛏᚹᛖᛚᚢᛖᛋ,341
stickle,144444,0,ᛋᛏᛁᚳᚳᛚᛖ,309
nayarit,144402,0,ᚾᚪᚣᚪᚱᛁᛏ,427
alastor,144307,0,ᚪᛚᚪᛋᛏᚩᚱ,397
strudel,144294,0,ᛋᛏᚱᚢᛞᛖᛚ,355
soapbox,144267,0,ᛋᚩᚪᛈᛒᚩᛉ,315
pinnule,144202,0,ᛈᛁᚾᚾᚢᛚᛖ,275
bellboy,144087,0,ᛒᛖᛚᛚᛒᚩᚣ,445
lineally,144058,0,ᛚᛁᚾᛠᛚᛚᚣ,491
pouched,144052,0,ᛈᚩᚢᚳᚻᛖᛞ,245
dewdrop,143967,0,ᛞᛖᚹᛞᚱᚩᛈ,325
telamon,143857,0,ᛏᛖᛚᚪᛗᚩᚾ,403
cuscuta,143712,0,ᚳᚢᛋᚳᚢᛏᚪ,241
sunroom,143689,0,ᛋᚢᚾᚱᚩᚩᛗ,181
exanthem,143650,0,ᛖᛉᚪᚾᚦᛖᛗ,383
deistic,143648,0,ᛞᛖᛁᛋᛏᛁᚳ,343
webworm,143608,0,ᚹᛖᛒᚹᚩᚱᛗ,255
jestingly,143599,0,ᛂᛖᛋᛏᛝᛚᚣ,471
enfolds,143512,0,ᛖᚾᚠᚩᛚᛞᛋ,320
rimless,143483,0,ᚱᛁᛗᛚᛖᛋᛋ,359
onrushing,143470,0,ᚩᚾᚱᚢᛋᚻᛝ,205
erotics,143470,0,ᛖᚱᚩᛏᛁᚳᛋ,241
thickish,143393,0,ᚦᛁᚳᚳᛁᛋᚻ,169
squishy,143311,0,ᛋᚳᚹᛁᛋᚻᚣ,295
accosting,143248,0,ᚪᚳᚳᚩᛋᛏᛝ,321
polders,143207,0,ᛈᚩᛚᛞᛖᚱᛋ,343
singulars,143203,0,ᛋᛝᚢᛚᚪᚱᛋ,369
pippins,143198,0,ᛈᛁᛈᛈᛁᚾᛋ,273
lipomas,143193,0,ᛚᛁᛈᚩᛗᚪᛋ,375
snaffle,143083,0,ᛋᚾᚪᚠᚠᛚᛖ,323
aviaries,143082,0,ᚪᚢᛡᚱᛁᛖᛋ,369
colobus,143059,0,ᚳᚩᛚᚩᛒᚢᛋ,217
lacteals,142986,0,ᛚᚪᚳᛏᛠᛚᛋ,477
kiloton,142975,0,ᚳᛁᛚᚩᛏᚩᚾ,219
buggery,142969,0,ᛒᚢᚷᚷᛖᚱᚣ,279
delaine,142910,0,ᛞᛖᛚᚪᛁᚾᛖ,453
himation,142904,0,ᚻᛁᛗᚪᛏᛡᚾ,417
chthonic,142892,0,ᚳᚻᚦᚩᚾᛁᚳ,121
shirted,142837,0,ᛋᚻᛁᚱᛏᛖᛞ,333
neighed,142715,0,ᚾᛖᛁᚷᚻᛖᛞ,323
apprize,142699,0,ᚪᛈᛈᚱᛁᛋᛖ,345
couloir,142671,0,ᚳᚩᚢᛚᚩᛁᚱ,145
footpad,142662,0,ᚠᚩᚩᛏᛈᚪᛞ,304
antenor,142659,0,ᚪᚾᛏᛖᚾᚩᚱ,299
temblor,142644,0,ᛏᛖᛗᛒᛚᚩᚱ,349
grottos,142586,0,ᚷᚱᚩᛏᛏᚩᛋ,213
rhodope,142464,0,ᚱᚻᚩᛞᚩᛈᛖ,247
filleting,142462,0,ᚠᛁᛚᛚᛖᛏᛝ,384
dumbest,142419,0,ᛞᚢᛗᛒᛖᛋᛏ,403
bodices,142299,0,ᛒᚩᛞᛁᚳᛖᛋ,321
gioconda,142289,0,ᚷᛡᚳᚩᚾᛞᚪ,359
waratah,142263,0,ᚹᚪᚱᚪᛏᚪᚻ,403
plumule,142200,0,ᛈᛚᚢᛗᚢᛚᛖ,333
melters,142100,0,ᛗᛖᛚᛏᛖᚱᛋ,401
keyless,142079,0,ᚳᛖᚣᛚᛖᛋᛋ,429
voyaged,142058,0,ᚢᚩᚣᚪᚷᛖᛞ,383
practic,141997,0,ᛈᚱᚪᚳᛏᛁᚳ,267
summand,141872,0,ᛋᚢᛗᛗᚪᚾᛞ,413
absents,141871,0,ᚪᛒᛋᛖᚾᛏᛋ,419
castrum,141824,0,ᚳᚪᛋᛏᚱᚢᛗ,307
dazedly,141709,0,ᛞᚪᛋᛖᛞᛚᚣ,571
suavely,141598,0,ᛋᚢᚪᚢᛖᛚᚣ,399
meatball,141586,0,ᛗᛠᛏᛒᚪᛚᛚ,543
hauberk,141581,0,ᚻᚪᚢᛒᛖᚱᚳ,275
vestals,141514,0,ᚢᛖᛋᛏᚪᛚᛋ,405
flaunts,141479,0,ᚠᛚᚪᚢᚾᛏᛋ,316
pottering,141444,0,ᛈᚩᛏᛏᛖᚱᛝ,325
crupper,141412,0,ᚳᚱᚢᛈᛈᛖᚱ,191
baileys,141406,0,ᛒᚪᛁᛚᛖᚣᛋ,485
profaning,141403,0,ᛈᚱᚩᚠᚪᚾᛝ,268
glimpsing,141395,0,ᚷᛚᛁᛗᛈᛋᛝ,367
polymath,141351,0,ᛈᚩᛚᚣᛗᚪᚦ,399
crisper,141319,0,ᚳᚱᛁᛋᛈᛖᚱ,229
dirtied,141066,0,ᛞᛁᚱᛏᛁᛖᛞ,377
seawalls,141055,0,ᛋᛠᚹᚪᛚᛚᛋ,477
alertly,140869,0,ᚪᛚᛖᚱᛏᛚᚣ,483
entwining,140822,0,ᛖᚾᛏᚹᛁᚾᛝ,313
inducting,140690,0,ᛁᚾᛞᚢᚳᛏᛝ,303
gallica,140620,0,ᚷᚪᛚᛚᛁᚳᚪ,401
goiters,140536,0,ᚷᚩᛁᛏᛖᚱᛋ,245
firkins,140489,0,ᚠᛁᚱᚳᛁᚾᛋ,170
bilabial,140417,0,ᛒᛁᛚᚪᛒᛡᛚ,503
unswept,140339,0,ᚢᚾᛋᚹᛖᛈᛏ,273
pardner,140335,0,ᛈᚪᚱᛞᚾᛖᚱ,347
partons,140294,0,ᛈᚪᚱᛏᚩᚾᛋ,299
plumper,140282,0,ᛈᛚᚢᛗᛈᛖᚱ,311
malawian,140258,0,ᛗᚪᛚᚪᚹᛡᚾ,493
midvein,140197,0,ᛗᛁᛞᚢᛖᛁᚾ,321
twiddling,140195,0,ᛏᚹᛁᛞᛞᛚᛝ,439
bordure,140195,0,ᛒᚩᚱᛞᚢᚱᛖ,249
konkani,140030,0,ᚳᚩᚾᚳᚪᚾᛁ,219
bishkek,139906,0,ᛒᛁᛋᚻᚳᛖᚳ,261
radioman,139796,0,ᚱᚪᛞᛡᛗᚪᚾ,501
addicting,139768,0,ᚪᛞᛞᛁᚳᛏᛝ,457
fechter,139720,0,ᚠᛖᚳᚻᛏᛖᚱ,242
margaux,139679,0,ᛗᚪᚱᚷᚪᚢᛉ,343
commodo,139676,0,ᚳᚩᛗᛗᚩᛞᚩ,265
airplay,139651,0,ᚪᛁᚱᛈᛚᚪᚣ,455
grackle,139640,0,ᚷᚱᚪᚳᚳᛚᛖ,291
trebles,139638,0,ᛏᚱᛖᛒᛚᛖᛋ,391
darters,139576,0,ᛞᚪᚱᛏᛖᚱᛋ,387
mudflow,139547,0,ᛗᚢᛞᚠᛚᚩᚹ,264
conches,139472,0,ᚳᚩᚾᚳᚻᛖᛋ,205
aristeas,139470,0,ᚪᚱᛁᛋᛏᛠᛋ,413
sunroof,139370,0,ᛋᚢᚾᚱᚩᚩᚠ,112
dinette,139330,0,ᛞᛁᚾᛖᛏᛏᛖ,401
brachet,139309,0,ᛒᚱᚪᚳᚻᛖᛏ,331
dawdled,139214,0,ᛞᚪᚹᛞᛚᛖᛞ,523
colossi,139200,0,ᚳᚩᛚᚩᛋᛋᛁ,237
repasts,139182,0,ᚱᛖᛈᚪᛋᛏᛋ,383
foppish,139174,0,ᚠᚩᛈᛈᛁᛋᚻ,202
tsarism,139127,0,ᛏᛋᚪᚱᛁᛋᛗ,375
biggins,139118,0,ᛒᛁᚷᚷᛁᚾᛋ,239
gambrel,139059,0,ᚷᚪᛗᛒᚱᛖᛚ,397
partied,139046,0,ᛈᚪᚱᛏᛁᛖᛞ,397
spondee,139011,0,ᛋᛈᚩᚾᛞᛖᛖ,355
flatted,138954,0,ᚠᛚᚪᛏᛏᛖᛞ,446
agnates,138947,0,ᚪᚷᚾᚪᛏᛖᛋ,419
benefic,138895,0,ᛒᛖᚾᛖᚠᛁᚳ,270
scrounge,138821,0,ᛋᚳᚱᚩᚢᛝᛖ,233
bedevil,138768,0,ᛒᛖᛞᛖᚢᛁᛚ,391
idolize,138555,0,ᛁᛞᚩᛚᛁᛋᛖ,351
fewness,138555,0,ᚠᛖᚹᚾᛖᛋᛋ,290
emersion,138518,0,ᛖᛗᛖᚱᛋᛡᚾ,405
astatic,138490,0,ᚪᛋᛏᚪᛏᛁᚳ,409
buzzers,138460,0,ᛒᚢᛋᛋᛖᚱᛋ,301
playgoer,138452,0,ᛈᛚᚪᚣᚷᛟᚱ,427
dactyls,138389,0,ᛞᚪᚳᛏᚣᛚᛋ,487
sundering,138322,0,ᛋᚢᚾᛞᛖᚱᛝ,331
floggings,138305,0,ᚠᛚᚩᚷᚷᛝᛋ,248
gladius,138299,0,ᚷᛚᚪᛞᛁᚢᛋ,363
chalmer,138292,0,ᚳᚻᚪᛚᛗᛖᚱ,355
ferriage,138279,0,ᚠᛖᚱᚱᛡᚷᛖ,282
unmined,138183,0,ᚢᚾᛗᛁᚾᛖᛞ,319
intones,138181,0,ᛁᚾᛏᚩᚾᛖᛋ,275
warbles,138114,0,ᚹᚪᚱᛒᛚᛖᛋ,381
truckle,138073,0,ᛏᚱᚢᚳᚳᛚᛖ,239
dowered,138043,0,ᛞᚩᚹᛖᚱᛖᛞ,349
obtaine,138036,0,ᚩᛒᛏᚪᛁᚾᛖ,351
lipreading,137866,0,ᛚᛁᛈᚱᛠᛞᛝ,435
blinker,137843,0,ᛒᛚᛁᚾᚳᛖᚱ,285
soubise,137735,0,ᛋᚩᚢᛒᛁᛋᛖ,275
papoose,137700,0,ᛈᚪᛈᚩᚩᛋᛖ,317
perilla,137648,0,ᛈᛖᚱᛁᛚᛚᚪ,395
tartans,137583,0,ᛏᚪᚱᛏᚪᚾᛋ,405
raunchy,137562,0,ᚱᚪᚢᚾᚳᚻᚣ,279
carrels,137223,0,ᚳᚪᚱᚱᛖᛚᛋ,325
coheres,137151,0,ᚳᚩᚻᛖᚱᛖᛋ,241
saccule,137018,0,ᛋᚪᚳᚳᚢᛚᛖ,319
wemmick,136868,0,ᚹᛖᛗᛗᛁᚳᚳ,285
bespeaking,136868,0,ᛒᛖᛋᛈᛠᚳᛝ,425
puncheon,136863,0,ᛈᚢᚾᚳᚻᛇᚾ,181
drudges,136812,0,ᛞᚱᚢᛞᚷᛖᛋ,329
amboina,136647,0,ᚪᛗᛒᚩᛁᚾᚪ,393
eastwick,136598,0,ᛠᛋᛏᚹᛁᚳᚳ,297
vilifying,136592,0,ᚢᛁᛚᛁᚠᚣᛝ,322
ingrafted,136588,0,ᛝᚱᚪᚠᛏᛖᛞ,404
gloriosa,136579,0,ᚷᛚᚩᚱᛡᛋᚪ,365
coquina,136575,0,ᚳᚩᚳᚹᛁᚾᚪ,209
handier,136574,0,ᚻᚪᚾᛞᛁᛖᚱ,347
manlike,136540,0,ᛗᚪᚾᛚᛁᚳᛖ,381
diastema,136530,0,ᛞᛡᛋᛏᛖᛗᚪ,543
unwinds,136500,0,ᚢᚾᚹᛁᚾᛞᛋ,253
shinned,136413,0,ᛋᚻᛁᚾᚾᛖᛞ,321
nonuser,136295,0,ᚾᚩᚾᚢᛋᛖᚱ,199
goulash,136225,0,ᚷᚩᚢᛚᚪᛋᚻ,273
derails,136119,0,ᛞᛖᚱᚪᛁᛚᛋ,421
smolder,135955,0,ᛋᛗᚩᛚᛞᛖᚱ,371
druidic,135952,0,ᛞᚱᚢᛁᛞᛁᚳ,267
straunge,135939,0,ᛋᛏᚱᚪᚢᛝᛖ,369
reassume,135841,0,ᚱᛠᛋᛋᚢᛗᛖ,367
forkful,135825,0,ᚠᚩᚱᚳᚠᚢᛚ,111
bettors,135808,0,ᛒᛖᛏᛏᚩᚱᛋ,317
limbers,135753,0,ᛚᛁᛗᛒᛖᚱᛋ,367
brinjal,135741,0,ᛒᚱᛁᚾᛂᚪᛚ,339
rematch,135646,0,ᚱᛖᛗᚪᛏᚳᚻ,341
ultimum,135524,0,ᚢᛚᛏᛁᛗᚢᛗ,311
cuprite,135491,0,ᚳᚢᛈᚱᛁᛏᛖ,227
prandial,135453,0,ᛈᚱᚪᚾᛞᛡᛚ,449
wireman,135413,0,ᚹᛁᚱᛖᛗᚪᚾ,325
commies,135383,0,ᚳᚩᛗᛗᛁᛖᛋ,313
sinapis,135366,0,ᛋᛁᚾᚪᛈᛁᛋ,337
marwari,135293,0,ᛗᚪᚱᚹᚪᚱᛁ,337
lassies,135263,0,ᛚᚪᛋᛋᛁᛖᛋ,427
boaster,135247,0,ᛒᚩᚪᛋᛏᛖᚱ,355
capetian,135232,0,ᚳᚪᛈᛖᛏᛡᚾ,415
gullied,135178,0,ᚷᚢᛚᛚᛁᛖᛞ,353
overtax,135138,0,ᚩᚢᛖᚱᛏᚪᛉ,291
groused,135129,0,ᚷᚱᚩᚢᛋᛖᛞ,247
clicker,135069,0,ᚳᛚᛁᚳᚳᛖᚱ,221
lowbrow,134982,0,ᛚᚩᚹᛒᚱᚩᚹ,197
obtruding,134872,0,ᚩᛒᛏᚱᚢᛞᛝ,309
viaticum,134839,0,ᚢᛡᛏᛁᚳᚢᛗ,287
draymen,134801,0,ᛞᚱᚪᚣᛗᛖᚾ,467
barques,134760,0,ᛒᚪᚱᚳᚹᛖᛋ,321
minuets,134750,0,ᛗᛁᚾᚢᛖᛏᛋ,313
apodeme,134717,0,ᚪᛈᚩᛞᛖᛗᛖ,441
bugatti,134716,0,ᛒᚢᚷᚪᛏᛏᛁ,327
dominos,134700,0,ᛞᚩᛗᛁᚾᚩᛋ,287
orangery,134483,0,ᚩᚱᚪᛝᛖᚱᚣ,375
suwanee,134460,0,ᛋᚢᚹᚪᚾᛖᛖ,335
pattens,134361,0,ᛈᚪᛏᛏᛖᚾᛋ,407
buttering,134356,0,ᛒᚢᛏᛏᛖᚱᛝ,339
bonkers,134334,0,ᛒᚩᚾᚳᛖᚱᛋ,241
ignatian,134218,0,ᛁᚷᚾᚪᛏᛡᚾ,369
moschus,134062,0,ᛗᚩᛋᚳᚻᚢᛋ,223
neuters,134050,0,ᚾᛖᚢᛏᛖᚱᛋ,289
tuxedos,134029,0,ᛏᚢᛉᛖᛞᚩᛋ,325
subacid,134009,0,ᛋᚢᛒᚪᚳᛁᛞ,347
gowland,134004,0,ᚷᚩᚹᛚᚪᚾᛞ,331
poppers,133971,0,ᛈᚩᛈᛈᛖᚱᛋ,267
tommies,133923,0,ᛏᚩᛗᛗᛁᛖᛋ,359
skydiving,133905,0,ᛋᚳᚣᛞᛁᚢᛝ,371
wheezes,133880,0,ᚹᚻᛖᛖᛋᛖᛋ,349
cigaret,133777,0,ᚳᛁᚷᚪᚱᛖᛏ,295
licencing,133752,0,ᛚᛁᚳᛖᚾᚳᛝ,305
loosest,133704,0,ᛚᚩᚩᛋᛖᛋᛏ,319
farseeing,133687,0,ᚠᚪᚱᛋᛖᛖᛝ,376
aurochs,133687,0,ᚪᚢᚱᚩᚳᚻᛋ,207
ironman,133589,0,ᛁᚱᚩᚾᛗᚪᚾ,275
sundials,133581,0,ᛋᚢᚾᛞᛡᛚᛋ,407
dullard,133547,0,ᛞᚢᛚᛚᚪᚱᛞ,435
scarier,133542,0,ᛋᚳᚪᚱᛁᛖᚱ,283
caudata,133459,0,ᚳᚪᚢᛞᚪᛏᚪ,455
focally,133404,0,ᚠᚩᚳᚪᛚᛚᚣ,368
revenger,133388,0,ᚱᛖᚢᛖᛝᛖᚱ,305
topknot,133277,0,ᛏᚩᛈᚳᚾᚩᛏ,217
ciphering,133204,1,ᚳᛁᛈᚻᛖᚱᛝ,267
implode,133148,0,ᛁᛗᛈᛚᚩᛞᛖ,381
baggers,133028,0,ᛒᚪᚷᚷᛖᚱᛋ,323
waterer,132972,0,ᚹᚪᛏᛖᚱᛖᚱ,331
terrine,132893,0,ᛏᛖᚱᚱᛁᚾᛖ,275
creedal,132799,0,ᚳᚱᛖᛖᛞᚪᛚ,417
mortising,132760,0,ᛗᚩᚱᛏᛁᛋᛝ,311
tempura,132758,0,ᛏᛖᛗᛈᚢᚱᚪ,351
arbours,132637,0,ᚪᚱᛒᚩᚢᚱᛋ,243
jocelin,132636,0,ᛂᚩᚳᛖᛚᛁᚾ,257
befalling,132569,0,ᛒᛖᚠᚪᛚᛚᛝ,452
khoisan,132556,0,ᚳᚻᚩᛁᛋᚪᚾ,253
theorised,132517,0,ᚦᛇᚱᛁᛋᛖᛞ,297
combers,132473,0,ᚳᚩᛗᛒᛖᚱᛋ,283
disrobe,132455,0,ᛞᛁᛋᚱᚩᛒᛖ,319
resealed,132371,0,ᚱᛖᛋᛠᛚᛖᛞ,469
gremlin,132272,0,ᚷᚱᛖᛗᛚᛁᚾ,299
preened,132248,0,ᛈᚱᛖᛖᚾᛖᛞ,373
prurigo,132228,0,ᛈᚱᚢᚱᛁᚷᚩ,123
surmising,132210,0,ᛋᚢᚱᛗᛁᛋᛝ,301
flatheads,132193,0,ᚠᛚᚪᚦᛠᛞᛋ,428
myalgias,132184,0,ᛗᚣᚪᛚᚷᛡᛋ,521
quieten,132175,0,ᚳᚹᛁᛖᛏᛖᚾ,285
nitrating,132093,0,ᚾᛁᛏᚱᚪᛏᛝ,365
gangland,132064,0,ᚷᚪᛝᛚᚪᚾᛞ,481
mashhad,132056,0,ᛗᚪᛋᚻᚻᚪᛞ,453
icteric,132053,0,ᛁᚳᛏᛖᚱᛁᚳ,225
perjure,132038,0,ᛈᛖᚱᛂᚢᚱᛖ,239
bursars,131834,0,ᛒᚢᚱᛋᚪᚱᛋ,289
trusteth,131798,0,ᛏᚱᚢᛋᛏᛖᚦ,257
twitchy,131765,0,ᛏᚹᛁᛏᚳᚻᚣ,307
westering,131755,0,ᚹᛖᛋᛏᛖᚱᛝ,355
billionth,131727,0,ᛒᛁᛚᛚᛡᚾᚦ,379
dustman,131712,0,ᛞᚢᛋᛏᛗᚪᚾ,401
heedful,131616,0,ᚻᛖᛖᛞᚠᚢᛚ,324
twitted,131475,0,ᛏᚹᛁᛏᛏᛖᛞ,383
cognize,131421,0,ᚳᚩᚷᚾᛁᛋᛖ,217
gorgons,131410,0,ᚷᚩᚱᚷᚩᚾᛋ,141
mithraic,131367,0,ᛗᛁᚦᚱᚪᛁᚳ,259
coiffed,131267,0,ᚳᚩᛁᚠᚠᛖᛞ,211
topples,131257,0,ᛏᚩᛈᛈᛚᛖᛋ,345
citrons,131216,0,ᚳᛁᛏᚱᚩᚾᛋ,203
greisen,131166,0,ᚷᚱᛖᛁᛋᛖᚾ,275
gibbets,131145,0,ᚷᛁᛒᛒᛖᛏᛋ,349
mitered,131142,0,ᛗᛁᛏᛖᚱᛖᛞ,395
drumlin,131097,0,ᛞᚱᚢᛗᛚᛁᚾ,307
pursers,131076,0,ᛈᚢᚱᛋᛖᚱᛋ,241
scabbed,131062,0,ᛋᚳᚪᛒᛒᛖᛞ,441
edomite,130967,0,ᛖᛞᚩᛗᛁᛏᛖ,391
bluffed,130936,0,ᛒᛚᚢᚠᚠᛖᛞ,297
extrait,130928,0,ᛖᛉᛏᚱᚪᛁᛏ,371
vitesse,130911,0,ᚢᛁᛏᛖᛋᛋᛖ,333
wastrel,130805,0,ᚹᚪᛋᛏᚱᛖᛚ,379
chilkat,130779,0,ᚳᚻᛁᛚᚳᚪᛏ,309
searchings,130773,0,ᛋᛠᚱᚳᚻᛝᛋ,341
batched,130771,0,ᛒᚪᛏᚳᚻᛖᛞ,409
gussets,130763,0,ᚷᚢᛋᛋᛖᛏᛋ,305
vernonia,130754,0,ᚢᛖᚱᚾᚩᚾᛡ,253
frights,130734,0,ᚠᚱᛁᚷᚻᛏᛋ,196
sampans,130656,0,ᛋᚪᛗᛈᚪᚾᛋ,443
fibered,130627,0,ᚠᛁᛒᛖᚱᛖᛞ,328
simenon,130602,0,ᛋᛁᛗᛖᚾᚩᚾ,287
axolotl,130593,0,ᚪᛉᚩᛚᚩᛏᛚ,363
batatas,130393,0,ᛒᚪᛏᚪᛏᚪᛋ,523
dastard,130370,0,ᛞᚪᛋᛏᚪᚱᛞ,495
alienee,130282,0,ᚪᛚᛁᛖᚾᛖᛖ,431
dodington,130277,0,ᛞᚩᛞᛝᛏᚩᚾ,359
cardioid,130246,0,ᚳᚪᚱᛞᛡᛁᛞ,437
haricot,130232,0,ᚻᚪᚱᛁᚳᚩᛏ,241
maitres,130199,0,ᛗᚪᛁᛏᚱᛖᛋ,389
allures,130143,0,ᚪᛚᛚᚢᚱᛖᛋ,377
lingually,130138,0,ᛚᛝᚢᚪᛚᛚᚣ,501
rankest,130073,0,ᚱᚪᚾᚳᛖᛋᛏ,329
weirder,130067,0,ᚹᛖᛁᚱᛞᛖᚱ,295
drainer,130015,0,ᛞᚱᚪᛁᚾᛖᚱ,335
modiolus,129962,0,ᛗᚩᛞᛡᛚᚢᛋ,403
relents,129924,0,ᚱᛖᛚᛖᚾᛏᛋ,359
unnerve,129919,0,ᚢᚾᚾᛖᚱᚢᛖ,209
borglum,129895,0,ᛒᚩᚱᚷᛚᚢᛗ,243
euterpe,129893,0,ᛖᚢᛏᛖᚱᛈᛖ,317
pirogue,129822,0,ᛈᛁᚱᚩᚷᚢᛖ,179
lascaux,129803,0,ᛚᚪᛋᚳᚪᚢᛉ,383
ileitis,129794,0,ᛁᛚᛖᛁᛏᛁᛋ,345
scrawls,129785,0,ᛋᚳᚱᚪᚹᛚᛋ,319
ensnaring,129767,0,ᛖᚾᛋᚾᚪᚱᛝ,365
jeremiad,129764,0,ᛂᛖᚱᛖᛗᛡᛞ,449
gretzky,129722,0,ᚷᚱᛖᛏᛋᚳᚣ,323
bardell,129714,0,ᛒᚪᚱᛞᛖᛚᛚ,471
hyaloid,129691,0,ᚻᚣᚪᛚᚩᛁᛞ,423
puttering,129676,0,ᛈᚢᛏᛏᛖᚱᛝ,321
cretins,129624,0,ᚳᚱᛖᛏᛁᚾᛋ,263
familar,129611,0,ᚠᚪᛗᛁᛚᚪᚱ,382
sashimi,129589,0,ᛋᚪᛋᚻᛁᛗᛁ,359
airdrop,129587,0,ᚪᛁᚱᛞᚱᚩᛈ,289
aunties,129547,0,ᚪᚢᚾᛏᛁᛖᛋ,339
cuspids,129520,0,ᚳᚢᛋᛈᛁᛞᛋ,285
flyaway,129448,0,ᚠᛚᚣᚪᚹᚪᚣ,494
flection,129435,0,ᚠᛚᛖᚳᛏᛡᚾ,350
mockers,129413,0,ᛗᚩᚳᚳᛖᚱᛋ,235
truster,129412,0,ᛏᚱᚢᛋᛏᛖᚱ,263
rehashing,129263,0,ᚱᛖᚻᚪᛋᚻᛝ,353
petaled,129170,0,ᛈᛖᛏᚪᛚᛖᛞ,495
deluges,129149,0,ᛞᛖᛚᚢᚷᛖᛋ,369
unsexed,129139,0,ᚢᚾᛋᛖᛉᛖᛞ,355
alidade,129054,0,ᚪᛚᛁᛞᚪᛞᛖ,543
drizzly,129018,0,ᛞᚱᛁᛋᛋᛚᚣ,413
damasks,128945,0,ᛞᚪᛗᚪᛋᚳᛋ,473
reoccupy,128908,0,ᚱᛇᚳᚳᚢᛈᚣ,227
whoopee,128885,0,ᚹᚻᚩᚩᛈᛖᛖ,233
fencers,128801,0,ᚠᛖᚾᚳᛖᚱᛋ,242
unwearying,128799,0,ᚢᚾᚹᛠᚱᚣᛝ,353
anteater,128728,0,ᚪᚾᛏᛠᛏᛖᚱ,431
gurgles,128666,0,ᚷᚢᚱᚷᛚᛖᛋ,241
holyday,128659,0,ᚻᚩᛚᚣᛞᚪᚣ,495
sparred,128629,0,ᛋᛈᚪᚱᚱᛖᛞ,371
adorers,128627,0,ᚪᛞᚩᚱᛖᚱᛋ,335
muffles,128606,0,ᛗᚢᚠᚠᛚᛖᛋ,271
shivery,128596,0,ᛋᚻᛁᚢᛖᚱᚣ,291
yielder,128546,0,ᚣᛁᛖᛚᛞᛖᚱ,441
corncob,128544,0,ᚳᚩᚱᚾᚳᚩᛒ,141
actinal,128493,0,ᚪᚳᛏᛁᚾᚪᛚ,399
stayers,128476,0,ᛋᛏᚪᚣᛖᚱᛋ,443
trochee,128451,0,ᛏᚱᚩᚳᚻᛖᛖ,247
doggone,128447,0,ᛞᚩᚷᚷᚩᚾᛖ,233
outmost,128437,0,ᚩᚢᛏᛗᚩᛋᛏ,259
alluvion,128338,0,ᚪᛚᛚᚢᚢᛡᚾ,385
gentians,128323,0,ᚷᛖᚾᛏᛡᚾᛋ,361
beltane,128292,0,ᛒᛖᛚᛏᚪᚾᛖ,453
meddler,128236,0,ᛗᛖᛞᛞᛚᛖᚱ,467
lionized,128213,0,ᛚᛡᚾᛁᛋᛖᛞ,449
benison,128149,0,ᛒᛖᚾᛁᛋᚩᚾ,277
hangouts,128123,0,ᚻᚪᛝᚩᚢᛏᛋ,321
chicane,128111,0,ᚳᚻᛁᚳᚪᚾᛖ,273
bewails,128104,0,ᛒᛖᚹᚪᛁᛚᛋ,401
olivers,128097,0,ᚩᛚᛁᚢᛖᚱᛋ,245
jammers,128088,0,ᛂᚪᛗᛗᛖᚱᛋ,407
nureyev,128036,0,ᚾᚢᚱᛖᚣᛖᚢ,283
anurans,128018,0,ᚪᚾᚢᚱᚪᚾᛋ,319
elzevir,127963,0,ᛖᛚᛋᛖᚢᛁᚱ,305
daemonic,127956,0,ᛞᚫᛗᚩᚾᛁᚳ,341
outrank,127919,0,ᚩᚢᛏᚱᚪᚾᚳ,219
realness,127841,0,ᚱᛠᛚᚾᛖᛋᛋ,395
taproom,127627,0,ᛏᚪᛈᚱᚩᚩᛗ,295
unifier,127624,0,ᚢᚾᛁᚠᛁᛖᚱ,174
pummeling,127621,0,ᛈᚢᛗᛗᛖᛚᛝ,407
guanaco,127607,0,ᚷᚢᚪᚾᚪᚳᚩ,263
ropeway,127530,0,ᚱᚩᛈᛖᚹᚪᚣ,347
costive,127517,0,ᚳᚩᛋᛏᛁᚢᛖ,233
moronic,127502,0,ᛗᚩᚱᚩᚾᛁᚳ,169
rustles,127485,0,ᚱᚢᛋᛏᛚᛖᛋ,319
hernani,127478,0,ᚻᛖᚱᚾᚪᚾᛁ,287
tetrode,127473,0,ᛏᛖᛏᚱᚩᛞᛖ,359
acutest,127440,0,ᚪᚳᚢᛏᛖᛋᛏ,351
nankeen,127437,0,ᚾᚪᚾᚳᛖᛖᚾ,331
massilia,127387,0,ᛗᚪᛋᛋᛁᛚᛡ,485
encored,127376,0,ᛖᚾᚳᚩᚱᛖᛞ,283
nastier,127353,0,ᚾᚪᛋᛏᛁᛖᚱ,347
abhorring,127348,0,ᚪᛒᚻᚩᚱᚱᛝ,289
malefic,127321,0,ᛗᚪᛚᛖᚠᛁᚳ,354
testacea,127254,0,ᛏᛖᛋᛏᚪᚳᛠ,457
outraging,127237,0,ᚩᚢᛏᚱᚪᚷᛝ,273
armadas,127215,0,ᚪᚱᛗᚪᛞᚪᛋ,515
ancilla,127200,0,ᚪᚾᚳᛁᛚᛚᚪ,413
howlers,127172,0,ᚻᚩᚹᛚᛖᚱᛋ,253
samaras,127167,0,ᛋᚪᛗᚪᚱᚪᛋ,479
cuddles,127151,0,ᚳᚢᛞᛞᛚᛖᛋ,387
ungentle,127141,0,ᚢᛝᛖᚾᛏᛚᛖ,377
papiers,127135,0,ᛈᚪᛈᛁᛖᚱᛋ,345
tittering,127130,0,ᛏᛁᛏᛏᛖᚱᛝ,365
preteen,127049,0,ᛈᚱᛖᛏᛖᛖᚾ,343
rapiers,126823,0,ᚱᚪᛈᛁᛖᚱᛋ,313
pupated,126769,0,ᛈᚢᛈᚪᛏᛖᛞ,401
dethroning,126698,0,ᛞᛖᚦᚱᚩᚾᛝ,287
estrays,126689,0,ᛖᛋᛏᚱᚪᚣᛋ,443
contort,126640,0,ᚳᚩᚾᛏᚩᚱᛏ,185
liveable,126615,0,ᛚᛁᚢᛠᛒᛚᛖ,417
teakwood,126611,0,ᛏᛠᚳᚹᚩᚩᛞ,303
bosomed,126605,0,ᛒᚩᛋᚩᛗᛖᛞ,355
dustpan,126575,0,ᛞᚢᛋᛏᛈᚪᚾ,373
tutelar,126481,0,ᛏᚢᛏᛖᛚᚪᚱ,369
unnoted,126422,0,ᚢᚾᚾᚩᛏᛖᛞ,283
nastily,126409,0,ᚾᚪᛋᛏᛁᛚᚣ,445
mimulus,126345,0,ᛗᛁᛗᚢᛚᚢᛋ,305
tangshan,126285,0,ᛏᚪᛝᛋᚻᚪᚾ,437
reburial,126220,0,ᚱᛖᛒᚢᚱᛡᛚ,333
waspish,126087,0,ᚹᚪᛋᛈᛁᛋᚻ,319
babyish,126027,0,ᛒᚪᛒᚣᛁᛋᚻ,429
patters,125971,0,ᛈᚪᛏᛏᛖᚱᛋ,389
headgate,125967,0,ᚻᛠᛞᚷᚪᛏᛖ,461
illogic,125925,0,ᛁᛚᛚᚩᚷᛁᚳ,245
rogation,125833,0,ᚱᚩᚷᚪᛏᛡᚾ,327
thrummed,125821,0,ᚦᚱᚢᛗᛗᛖᛞ,317
slitter,125782,0,ᛋᛚᛁᛏᛏᛖᚱ,353
vitelli,125761,0,ᚢᛁᛏᛖᛚᛚᛁ,337
chitons,125744,0,ᚳᚻᛁᛏᚩᚾᛋ,215
bosquet,125642,0,ᛒᚩᛋᚳᚹᛖᛏ,279
rewording,125604,0,ᚱᛖᚹᚩᚱᛞᛝ,283
savarin,125566,0,ᛋᚪᚢᚪᚱᛁᚾ,321
undried,125508,0,ᚢᚾᛞᚱᛁᛖᛞ,319
hematin,125501,0,ᚻᛖᛗᚪᛏᛁᚾ,377
twilled,125418,0,ᛏᚹᛁᛚᛚᛖᛞ,411
spanker,125372,0,ᛋᛈᚪᚾᚳᛖᚱ,313
miniver,125318,0,ᛗᛁᚾᛁᚢᛖᚱ,243
aussies,125296,0,ᚪᚢᛋᛋᛁᛖᛋ,357
sapphic,125255,0,ᛋᚪᛈᛈᚻᛁᚳ,303
buskins,125170,0,ᛒᚢᛋᚳᛁᚾᛋ,243
baptise,125123,0,ᛒᚪᛈᛏᛁᛋᛖ,411
calends,125105,0,ᚳᚪᛚᛖᚾᛞᛋ,421
treasuring,124995,0,ᛏᚱᛠᛋᚢᚱᛝ,325
slatter,124921,0,ᛋᛚᚪᛏᛏᛖᚱ,419
plantas,124914,0,ᛈᛚᚪᚾᛏᚪᛋ,451
allover,124909,0,ᚪᛚᛚᚩᚢᛖᚱ,331
tinkler,124848,0,ᛏᛁᚾᚳᛚᛖᚱ,283
hearthrug,124837,0,ᚻᛠᚱᚦᚱᚢᚷ,179
mellows,124705,0,ᛗᛖᛚᛚᚩᚹᛋ,363
chancey,124694,0,ᚳᚻᚪᚾᚳᛖᚣ,345
flatcar,124455,0,ᚠᛚᚪᛏᚳᚪᚱ,352
akinesia,124450,0,ᚪᚳᛁᚾᛖᛋᛡ,397
curcuma,124403,0,ᚳᚢᚱᚳᚢᛗᚪ,211
slammer,124338,0,ᛋᛚᚪᛗᛗᛖᚱ,443
stonily,124333,0,ᛋᛏᚩᚾᛁᛚᚣ,355
planaria,124273,0,ᛈᛚᚪᚾᚪᚱᛡ,457
alarums,124164,0,ᚪᛚᚪᚱᚢᛗᛋ,405
graveling,124068,0,ᚷᚱᚪᚢᛖᛚᛝ,347
insoles,124041,0,ᛁᚾᛋᚩᛚᛖᛋ,313
corbeil,123970,0,ᚳᚩᚱᛒᛖᛁᛚ,263
fidgets,123915,0,ᚠᛁᛞᚷᛖᛏᛋ,318
cloches,123857,0,ᚳᛚᚩᚳᚻᛖᛋ,249
skimmings,123831,0,ᛋᚳᛁᛗᛗᛝᛋ,371
laconian,123819,0,ᛚᚪᚳᚩᚾᛡᚾ,355
fridges,123743,0,ᚠᚱᛁᛞᚷᛖᛋ,270
flamingoes,123740,0,ᚠᛚᚪᛗᛝᛟᛋ,458
senilis,123730,0,ᛋᛖᚾᛁᛚᛁᛋ,337
unmated,123717,0,ᚢᚾᛗᚪᛏᛖᛞ,415
squills,123699,0,ᛋᚳᚹᛁᛚᛚᛋ,315
diamante,123639,0,ᛞᛡᛗᚪᚾᛏᛖ,519
sutlers,123636,0,ᛋᚢᛏᛚᛖᚱᛋ,319
lookups,123534,0,ᛚᚩᚩᚳᚢᛈᛋ,199
effaces,123430,0,ᛖᚠᚠᚪᚳᛖᛋ,301
allodial,123388,0,ᚪᛚᛚᚩᛞᛡᛚ,519
paiutes,123330,0,ᛈᚪᛁᚢᛏᛖᛋ,353
filioque,123317,0,ᚠᛁᛚᛡᚳᚹᛖ,312
suctions,123277,0,ᛋᚢᚳᛏᛡᚾᛋ,317
cupreous,123204,0,ᚳᚢᛈᚱᛇᚢᛋ,167
unquote,123048,0,ᚢᚾᚳᚹᚩᛏᛖ,197
choicer,123046,0,ᚳᚻᚩᛁᚳᛖᚱ,165
cantors,122948,0,ᚳᚪᚾᛏᚩᚱᛋ,269
simonian,122909,0,ᛋᛁᛗᚩᚾᛡᚾ,327
foxfire,122837,0,ᚠᚩᛉᚠᛁᚱᛖ,167
angiitis,122761,0,ᚪᛝᛁᛁᛏᛁᛋ,381
chiasmus,122707,0,ᚳᚻᛡᛋᛗᚢᛋ,323
xanthoma,122645,0,ᛉᚪᚾᚦᚩᛗᚪ,353
pounces,122579,0,ᛈᚩᚢᚾᚳᛖᛋ,215
shoelace,122564,0,ᛋᚻᛟᛚᚪᚳᛖ,409
compart,122512,0,ᚳᚩᛗᛈᚪᚱᛏ,301
celeriac,122463,0,ᚳᛖᛚᛖᚱᛡᚳ,351
brogues,122430,0,ᛒᚱᚩᚷᚢᛖᛋ,219
tonally,122393,0,ᛏᚩᚾᚪᛚᛚᚣ,441
compter,122393,0,ᚳᚩᛗᛈᛏᛖᚱ,271
linnets,122391,0,ᛚᛁᚾᚾᛖᛏᛋ,341
huddles,122357,0,ᚻᚢᛞᛞᛚᛖᛋ,397
misheard,122342,0,ᛗᛁᛋᚻᛠᚱᛞ,387
devilry,122217,0,ᛞᛖᚢᛁᛚᚱᚣ,377
infolding,122206,0,ᛁᚾᚠᚩᛚᛞᛝ,310
faberge,122203,0,ᚠᚪᛒᛖᚱᚷᛖ,322
falchion,122114,0,ᚠᚪᛚᚳᚻᛡᚾ,344
miscues,122108,0,ᛗᛁᛋᚳᚢᛖᛋ,291
ironist,122078,0,ᛁᚱᚩᚾᛁᛋᛏ,221
saurians,122077,0,ᛋᚪᚢᚱᛡᚾᛋ,353
suckering,122059,0,ᛋᚢᚳᚳᛖᚱᛝ,239
towline,122053,0,ᛏᚩᚹᛚᛁᚾᛖ,285
outport,122050,0,ᚩᚢᛏᛈᚩᚱᛏ,189
apiarist,122018,0,ᚪᛈᛡᚱᛁᛋᛏ,401
metiers,121999,0,ᛗᛖᛏᛁᛖᚱᛋ,359
finales,121944,0,ᚠᛁᚾᚪᛚᛖᛋ,352
costard,121897,0,ᚳᚩᛋᛏᚪᚱᛞ,329
slurped,121894,0,ᛋᛚᚢᚱᛈᛖᛞ,339
ganglions,121891,0,ᚷᚪᛝᛚᛡᚾᛋ,455
gudeman,121886,0,ᚷᚢᛞᛖᛗᚪᚾ,373
tensity,121730,0,ᛏᛖᚾᛋᛁᛏᚣ,401
pensees,121705,0,ᛈᛖᚾᛋᛖᛖᛋ,379
fishnet,121696,0,ᚠᛁᛋᚻᚾᛖᛏ,264
satrapy,121668,0,ᛋᚪᛏᚱᚪᛈᚣ,463
sheered,121667,0,ᛋᚻᛖᛖᚱᛖᛞ,377
parleys,121633,0,ᛈᚪᚱᛚᛖᚣᛋ,447
viverra,121601,0,ᚢᛁᚢᛖᚱᚱᚪ,223
geomancy,121489,0,ᚷᛇᛗᚪᚾᚳᚣ,371
groanings,121471,0,ᚷᚱᚩᚪᚾᛝᛋ,293
jitneys,121439,0,ᛂᛁᛏᚾᛖᚣᛋ,379
placket,121374,0,ᛈᛚᚪᚳᚳᛖᛏ,365
hitlers,121276,0,ᚻᛁᛏᛚᛖᚱᛋ,317
creasote,121235,0,ᚳᚱᛠᛋᚩᛏᛖ,319
shutout,121218,0,ᛋᚻᚢᛏᚩᚢᛏ,207
shoguns,121120,0,ᛋᚻᚩᚷᚢᚾᛋ,185
hallooing,121030,0,ᚻᚪᛚᛚᚩᚩᛝ,359
daybook,121026,0,ᛞᚪᚣᛒᚩᚩᚳ,377
wickers,121011,0,ᚹᛁᚳᚳᛖᚱᛋ,207
dioxides,120978,0,ᛞᛡᛉᛁᛞᛖᛋ,483
gallina,120964,0,ᚷᚪᛚᛚᛁᚾᚪ,417
largish,120943,0,ᛚᚪᚱᚷᛁᛋᚻ,305
deprave,120871,0,ᛞᛖᛈᚱᚪᚢᛖ,377
imploding,120844,0,ᛁᛗᛈᛚᚩᛞᛝ,393
imamate,120797,0,ᛁᛗᚪᛗᚪᛏᛖ,493
legwork,120645,0,ᛚᛖᚷᚹᚩᚱᚳ,207
catchings,120640,0,ᚳᚪᛏᚳᚻᛝᛋ,337
outbred,120631,0,ᚩᚢᛏᛒᚱᛖᛞ,297
hystrix,120610,0,ᚻᚣᛋᛏᚱᛁᛉ,327
slaters,120594,0,ᛋᛚᚪᛏᛖᚱᛋ,413
slogged,120490,0,ᛋᛚᚩᚷᚷᛖᛞ,323
meringues,120489,0,ᛗᛖᚱᛝᚢᛖᛋ,351
horrify,120480,0,ᚻᚩᚱᚱᛁᚠᚣ,188
rebirths,120441,0,ᚱᛖᛒᛁᚱᚦᛋ,239
roosted,120408,0,ᚱᚩᚩᛋᛏᛖᛞ,293
lumbers,120402,0,ᛚᚢᛗᛒᛖᚱᛋ,339
splashy,120387,0,ᛋᛈᛚᚪᛋᚻᚣ,445
inflect,120377,0,ᛁᚾᚠᛚᛖᚳᛏ,274
shackling,120364,0,ᛋᚻᚪᚳᚳᛚᛝ,351
tsarina,120350,0,ᛏᛋᚪᚱᛁᚾᚪ,377
ossicle,120345,0,ᚩᛋᛋᛁᚳᛚᛖ,297
clerked,120308,0,ᚳᛚᛖᚱᚳᛖᛞ,333
luddite,120151,0,ᛚᚢᛞᛞᛁᛏᛖ,411
sillier,120096,0,ᛋᛁᛚᛚᛁᛖᚱ,339
sirdars,119972,0,ᛋᛁᚱᛞᚪᚱᛋ,345
marchen,119904,0,ᛗᚪᚱᚳᚻᛖᚾ,311
leftism,119890,0,ᛚᛖᚠᛏᛁᛋᛗ,356
pekingese,119759,0,ᛈᛖᚳᛝᛖᛋᛖ,389
cytisus,119671,0,ᚳᚣᛏᛁᛋᚢᛋ,315
shrilling,119662,0,ᛋᚻᚱᛁᛚᛚᛝ,343
maltreat,119662,0,ᛗᚪᛚᛏᚱᛠᛏ,479
marlins,119648,0,ᛗᚪᚱᛚᛁᚾᛋ,365
delphian,119602,0,ᛞᛖᛚᛈᚻᛡᚾ,431
panfish,119538,0,ᛈᚪᚾᚠᛁᛋᚻ,278
godward,119499,0,ᚷᚩᛞᚹᚪᚱᛞ,329
reabsorb,119493,0,ᚱᛠᛒᛋᚩᚱᛒ,313
dacitic,119439,0,ᛞᚪᚳᛁᛏᛁᚳ,333
rattans,119401,0,ᚱᚪᛏᛏᚪᚾᛋ,405
canossa,119193,0,ᚳᚪᚾᚩᛋᛋᚪ,349
bickers,119188,0,ᛒᛁᚳᚳᛖᚱᛋ,249
embayed,119169,0,ᛖᛗᛒᚪᚣᛖᛞ,555
haggled,119134,0,ᚻᚪᚷᚷᛚᛖᛞ,383
respiring,119108,0,ᚱᛖᛋᛈᛁᚱᛝ,295
biotites,119091,0,ᛒᛡᛏᛁᛏᛖᛋ,437
coheirs,119084,0,ᚳᚩᚻᛖᛁᚱᛋ,205
boggles,119061,0,ᛒᚩᚷᚷᛚᛖᛋ,295
scorner,119048,0,ᛋᚳᚩᚱᚾᛖᚱ,191
mestiza,119019,0,ᛗᛖᛋᛏᛁᛋᚪ,431
perfuming,119006,0,ᛈᛖᚱᚠᚢᛗᛝ,276
podzols,119002,0,ᛈᚩᛞᛋᚩᛚᛋ,325
lucentio,118825,0,ᛚᚢᚳᛖᚾᛏᛡ,351
gilders,118758,0,ᚷᛁᛚᛞᛖᚱᛋ,341
anoints,118706,0,ᚪᚾᚩᛁᚾᛏᛋ,305
sudanic,118665,0,ᛋᚢᛞᚪᚾᛁᚳ,315
sniffle,118643,0,ᛋᚾᛁᚠᚠᛚᛖ,257
foliaged,118621,0,ᚠᚩᛚᛡᚷᛖᛞ,362
lindens,118478,0,ᛚᛁᚾᛞᛖᚾᛋ,371
hideouts,118477,0,ᚻᛁᛞᛇᚢᛏᛋ,299
traduce,118462,0,ᛏᚱᚪᛞᚢᚳᛖ,339
waggish,118456,0,ᚹᚪᚷᚷᛁᛋᚻ,257
barotse,118347,0,ᛒᚪᚱᚩᛏᛋᛖ,355
groover,118346,0,ᚷᚱᚩᚩᚢᛖᚱ,123
collets,118336,0,ᚳᚩᛚᛚᛖᛏᛋ,345
reissuing,118299,0,ᚱᛖᛁᛋᛋᚢᛝ,297
unblest,118293,0,ᚢᚾᛒᛚᛖᛋᛏ,345
lithiasis,118251,0,ᛚᛁᚦᛡᛋᛁᛋ,353
jonquil,118181,0,ᛂᚩᚾᚳᚹᛁᛚ,209
mogador,118171,0,ᛗᚩᚷᚪᛞᚩᚱ,299
etranger,118114,0,ᛖᛏᚱᚪᛝᛖᚱ,391
ordines,118061,0,ᚩᚱᛞᛁᚾᛖᛋ,287
caprine,118020,0,ᚳᚪᛈᚱᛁᚾᛖ,291
caitiff,118006,0,ᚳᚪᛁᛏᛁᚠᚠ,235
agraphia,117978,0,ᚪᚷᚱᚪᛈᚻᛡ,395
reworks,117913,0,ᚱᛖᚹᚩᚱᚳᛋ,181
slicers,117898,0,ᛋᛚᛁᚳᛖᚱᛋ,301
detesting,117851,0,ᛞᛖᛏᛖᛋᛏᛝ,473
sardars,117814,0,ᛋᚪᚱᛞᚪᚱᛋ,411
headwind,117764,0,ᚻᛠᛞᚹᛁᚾᛞ,389
muggers,117711,0,ᛗᚢᚷᚷᛖᚱᛋ,239
upthrust,117707,0,ᚢᛈᚦᚱᚢᛋᛏ,177
minuend,117684,0,ᛗᛁᚾᚢᛖᚾᛞ,319
puffery,117654,0,ᛈᚢᚠᚠᛖᚱᚣ,231
sunward,117584,0,ᛋᚢᚾᚹᚪᚱᛞ,301
hotheaded,117533,0,ᚻᚩᚦᛠᛞᛖᛞ,389
barilla,117503,0,ᛒᚪᚱᛁᛚᛚᚪ,443
cheerios,117490,0,ᚳᚻᛖᛖᚱᛡᛋ,341
aesculus,117387,0,ᚫᛋᚳᚢᛚᚢᛋ,299
whippet,117327,0,ᚹᚻᛁᛈᛈᛖᛏ,285
sandier,117238,0,ᛋᚪᚾᛞᛁᛖᚱ,377
torreya,117193,0,ᛏᚩᚱᚱᛖᚣᚪ,355
diarists,117176,0,ᛞᛡᚱᛁᛋᛏᛋ,403
celesta,117065,0,ᚳᛖᛚᛖᛋᛏᚪ,429
toddled,117021,0,ᛏᚩᛞᛞᛚᛖᛞ,473
foldout,116989,0,ᚠᚩᛚᛞᚩᚢᛏ,240
foppery,116942,0,ᚠᚩᛈᛈᛖᚱᚣ,276
levelly,116930,0,ᛚᛖᚢᛖᛚᛚᚣ,459
keelson,116881,0,ᚳᛖᛖᛚᛋᚩᚾ,309
escrows,116869,0,ᛖᛋᚳᚱᚩᚹᛋ,223
fallers,116837,0,ᚠᚪᛚᛚᛖᚱᛋ,376
centile,116790,0,ᚳᛖᚾᛏᛁᛚᛖ,339
albergo,116779,0,ᚪᛚᛒᛖᚱᚷᚩ,333
pledger,116778,0,ᛈᛚᛖᛞᚷᛖᚱ,367
desmids,116698,0,ᛞᛖᛋᛗᛁᛞᛋ,453
whelmed,116637,0,ᚹᚻᛖᛚᛗᛖᛞ,409
lychnis,116637,0,ᛚᚣᚳᚻᚾᛁᛋ,325
oersteds,116533,0,ᛟᚱᛋᛏᛖᛞᛋ,415
blueish,116498,0,ᛒᛚᚢᛖᛁᛋᚻ,311
calvaria,116476,0,ᚳᚪᛚᚢᚪᚱᛡ,401
hankers,116400,0,ᚻᚪᚾᚳᛖᚱᛋ,293
pitiably,116376,0,ᛈᛁᛏᛡᛒᛚᚣ,477
uncheck,116369,0,ᚢᚾᚳᚻᛖᚳᚳ,161
confest,116332,0,ᚳᚩᚾᚠᛖᛋᛏ,230
chapmen,116314,0,ᚳᚻᚪᛈᛗᛖᚾ,343
hedgers,116308,0,ᚻᛖᛞᚷᛖᚱᛋ,327
funnily,116273,0,ᚠᚢᚾᚾᛁᛚᚣ,270
moldering,116249,0,ᛗᚩᛚᛞᛖᚱᛝ,397
inkblot,116218,0,ᛁᚾᚳᛒᛚᚩᛏ,273
fiefdom,116202,0,ᚠᛁᛖᚠᛞᚩᛗ,269
stakeout,116091,0,ᛋᛏᚪᚳᛇᚢᛏ,325
bandbox,116084,0,ᛒᚪᚾᛞᛒᚩᛉ,391
snigger,116082,0,ᛋᚾᛁᚷᚷᛖᚱ,225
verruca,116030,0,ᚢᛖᚱᚱᚢᚳᚪ,205
behoove,115971,0,ᛒᛖᚻᚩᚩᚢᛖ,235
fettering,115940,0,ᚠᛖᛏᛏᛖᚱᛝ,344
whelped,115934,0,ᚹᚻᛖᛚᛈᛖᛞ,381
suffuse,115874,0,ᛋᚢᚠᚠᚢᛋᛖ,183
benched,115773,0,ᛒᛖᚾᚳᚻᛖᛞ,349
hogwash,115655,0,ᚻᚩᚷᚹᚪᛋᚻ,239
esprits,115637,0,ᛖᛋᛈᚱᛁᛏᛋ,317
animalia,115629,0,ᚪᚾᛁᛗᚪᛚᛡ,505
willies,115606,0,ᚹᛁᛚᛚᛁᛖᛋ,347
debases,115480,0,ᛞᛖᛒᚪᛋᛖᛋ,487
osmanli,115398,0,ᚩᛋᛗᚪᚾᛚᛁ,361
eyespot,115307,0,ᛖᚣᛖᛋᛈᚩᛏ,399
overdid,115229,0,ᚩᚢᛖᚱᛞᛁᛞ,297
sangallo,115228,0,ᛋᚪᛝᚪᛚᛚᚩ,479
hotness,115134,0,ᚻᚩᛏᚾᛖᛋᛋ,291
unlaced,115110,0,ᚢᚾᛚᚪᚳᛖᛞ,371
myotomy,115092,0,ᛗᚣᚩᛏᚩᛗᚣ,421
putrefy,115091,0,ᛈᚢᛏᚱᛖᚠᚣ,288
brevets,115074,0,ᛒᚱᛖᚢᛖᛏᛋ,321
adoringly,114966,0,ᚪᛞᚩᚱᛝᛚᚣ,459
sickest,114920,0,ᛋᛁᚳᚳᛖᛋᛏ,289
melodeon,114876,0,ᛗᛖᛚᚩᛞᛇᚾ,377
centals,114806,0,ᚳᛖᚾᛏᚪᛚᛋ,391
milfoil,114785,0,ᛗᛁᛚᚠᚩᛁᛚ,288
imagism,114694,0,ᛁᛗᚪᚷᛁᛋᛗ,371
bhavani,114687,0,ᛒᚻᚪᚢᚪᚾᛁ,341
serpens,114615,0,ᛋᛖᚱᛈᛖᚾᛋ,323
imbibes,114468,0,ᛁᛗᛒᛁᛒᛖᛋ,375
muddles,114459,0,ᛗᚢᛞᛞᛚᛖᛋ,445
chromed,114459,0,ᚳᚻᚱᚩᛗᛖᛞ,281
gruyere,114436,0,ᚷᚱᚢᚣᛖᚱᛖ,279
lockups,114424,0,ᛚᚩᚳᚳᚢᛈᛋ,205
gudgeons,114421,0,ᚷᚢᛞᚷᛇᚾᛋ,249
bellhop,114410,0,ᛒᛖᛚᛚᚻᚩᛈ,347
noumena,114379,0,ᚾᚩᚢᛗᛖᚾᚪ,303
docents,114331,0,ᛞᚩᚳᛖᚾᛏᛋ,317
utterer,114225,0,ᚢᛏᛏᛖᚱᛖᚱ,277
ctenoid,114223,0,ᚳᛏᛖᚾᚩᛁᛞ,295
shyster,114188,0,ᛋᚻᚣᛋᛏᛖᚱ,369
vaginas,114146,0,ᚢᚪᚷᛁᚾᚪᛋ,327
chylous,114126,0,ᚳᚻᚣᛚᚩᚢᛋ,275
swinish,114107,0,ᛋᚹᛁᚾᛁᛋᚻ,239
tastier,114096,0,ᛏᚪᛋᛏᛁᛖᚱ,377
casuist,114056,0,ᚳᚪᛋᚢᛁᛋᛏ,309
occulting,114003,0,ᚩᚳᚳᚢᛚᛏᛝ,247
ossianic,113987,0,ᚩᛋᛋᛡᚾᛁᚳ,293
russeting,113930,0,ᚱᚢᛋᛋᛖᛏᛝ,325
cotters,113918,0,ᚳᚩᛏᛏᛖᚱᛋ,269
tortrix,113876,0,ᛏᚩᚱᛏᚱᛁᛉ,225
reweigh,113854,0,ᚱᛖᚹᛖᛁᚷᚻ,235
disrobing,113825,0,ᛞᛁᛋᚱᚩᛒᛝ,331
vitiation,113814,0,ᚢᛁᛏᛡᛏᛡᚾ,395
ransoming,113703,0,ᚱᚪᚾᛋᚩᛗᛝ,347
douceur,113599,0,ᛞᚩᚢᚳᛖᚢᚱ,193
scrounging,113590,0,ᛋᚳᚱᚩᚢᛝᛝ,245
bergere,113549,0,ᛒᛖᚱᚷᛖᚱᛖ,301
armload,113456,0,ᚪᚱᛗᛚᚩᚪᛞ,445
seiches,113448,0,ᛋᛖᛁᚳᚻᛖᛋ,307
hatchings,113439,0,ᚻᚪᛏᚳᚻᛝᛋ,347
peepers,113431,0,ᛈᛖᛖᛈᛖᚱᛋ,351
aphakic,113391,0,ᚪᛈᚻᚪᚳᛁᚳ,317
viatical,113389,0,ᚢᛡᛏᛁᚳᚪᛚ,383
cecrops,113386,0,ᚳᛖᚳᚱᚩᛈᛋ,207
angolans,113355,0,ᚪᛝᚩᛚᚪᚾᛋ,435
rolodex,113289,0,ᚱᚩᛚᚩᛞᛖᛉ,301
trumper,113228,0,ᛏᚱᚢᛗᛈᛖᚱ,265
hassock,113221,0,ᚻᚪᛋᛋᚩᚳᚳ,259
unresting,113049,0,ᚢᚾᚱᛖᛋᛏᛝ,301
tundras,113029,0,ᛏᚢᚾᛞᚱᚪᛋ,341
carduus,113024,0,ᚳᚪᚱᛞᚢᚢᛋ,269
heartier,112996,0,ᚻᛠᚱᛏᛁᛖᚱ,311
aureoles,112842,0,ᚪᚢᚱᛇᛚᛖᛋ,345
propper,112767,0,ᛈᚱᚩᛈᛈᛖᚱ,225
reattach,112737,0,ᚱᛠᛏᛏᚪᚳᚻ,371
molucca,112730,0,ᛗᚩᛚᚢᚳᚳᚪ,277
destine,112613,0,ᛞᛖᛋᛏᛁᚾᛖ,395
unrolls,112585,0,ᚢᚾᚱᚩᛚᛚᛋ,249
rootlet,112573,0,ᚱᚩᚩᛏᛚᛖᛏ,283
rearrest,112561,0,ᚱᛠᚱᚱᛖᛋᛏ,321
plenums,112507,0,ᛈᛚᛖᚾᚢᛗᛋ,339
milkmen,112505,0,ᛗᛁᛚᚳᛗᛖᚾ,355
malleoli,112465,0,ᛗᚪᛚᛚᛇᛚᛁ,459
inconnu,112160,0,ᛁᚾᚳᚩᚾᚾᚢ,141
bleakest,112120,0,ᛒᛚᛠᚳᛖᛋᛏ,435
purveying,112101,0,ᛈᚢᚱᚢᛖᚣᛝ,309
grapnel,112097,0,ᚷᚱᚪᛈᚾᛖᛚ,337
smasher,112011,0,ᛋᛗᚪᛋᚻᛖᚱ,375
slyness,112005,0,ᛋᛚᚣᚾᛖᛋᛋ,431
breakups,111922,0,ᛒᚱᛠᚳᚢᛈᛋ,293
canzoni,111910,0,ᚳᚪᚾᛋᚩᚾᛁ,259
zuleika,111905,0,ᛋᚢᛚᛖᛁᚳᚪ,337
outliving,111885,0,ᚩᚢᛏᛚᛁᚢᛝ,255
yemenis,111837,0,ᚣᛖᛗᛖᚾᛁᛋ,421
watchings,111790,0,ᚹᚪᛏᚳᚻᛝᛋ,343
summering,111771,0,ᛋᚢᛗᛗᛖᚱᛝ,355
projets,111710,0,ᛈᚱᚩᛂᛖᛏᛋ,277
lamaism,111688,0,ᛚᚪᛗᚪᛁᛋᛗ,493
tympany,111632,0,ᛏᚣᛗᛈᚪᚾᚣ,505
treadles,111622,0,ᛏᚱᛠᛞᛚᛖᛋ,461
solvate,111621,0,ᛋᚩᛚᚢᚪᛏᛖ,359
sniveling,111601,0,ᛋᚾᛁᚢᛖᛚᛝ,335
groupie,111582,0,ᚷᚱᚩᚢᛈᛁᛖ,179
puttees,111514,0,ᛈᚢᛏᛏᛖᛖᛋ,351
shrimping,111496,0,ᛋᚻᚱᛁᛗᛈᛝ,311
camorra,111482,0,ᚳᚪᛗᚩᚱᚱᚪ,307
packman,111455,0,ᛈᚪᚳᚳᛗᚪᚾ,363
boxlike,111453,0,ᛒᚩᛉᛚᛁᚳᛖ,299
tamarin,111418,0,ᛏᚪᛗᚪᚱᛁᚾ,395
handsaw,111407,0,ᚻᚪᚾᛞᛋᚪᚹ,407
quorums,111394,0,ᚳᚹᚩᚱᚢᛗᛋ,177
orbison,111367,0,ᚩᚱᛒᛁᛋᚩᚾ,199
carnets,111302,0,ᚳᚪᚱᚾᛖᛏᛋ,329
atactic,111260,0,ᚪᛏᚪᚳᛏᛁᚳ,369
fettled,111253,0,ᚠᛖᛏᛏᛚᛖᛞ,416
heckled,111231,0,ᚻᛖᚳᚳᛚᛖᛞ,345
aramaean,111157,0,ᚪᚱᚪᛗᚫᚪᚾ,503
outruns,111136,0,ᚩᚢᛏᚱᚢᚾᛋ,165
loveman,111109,0,ᛚᚩᚢᛖᛗᚪᚾ,347
wingspread,111063,0,ᚹᛝᛋᛈᚱᛠᛞ,403
snifter,111020,0,ᛋᚾᛁᚠᛏᛖᚱ,252
travois,110940,0,ᛏᚱᚪᚢᚩᛁᛋ,261
cayugas,110938,0,ᚳᚪᚣᚢᚷᚪᛋ,383
trollop,110919,0,ᛏᚱᚩᛚᛚᚩᛈ,273
reddest,110822,0,ᚱᛖᛞᛞᛖᛋᛏ,435
dithered,110746,0,ᛞᛁᚦᛖᚱᛖᛞ,359
aprilis,110622,0,ᚪᛈᚱᛁᛚᛁᛋ,339
taglioni,110594,0,ᛏᚪᚷᛚᛡᚾᛁ,413
strymon,110572,0,ᛋᛏᚱᚣᛗᚩᚾ,333
benumbing,110557,0,ᛒᛖᚾᚢᛗᛒᛝ,371
sextons,110502,0,ᛋᛖᛉᛏᚩᚾᛋ,315
svengali,110484,0,ᛋᚢᛖᛝᚪᛚᛁ,403
zamorin,110441,0,ᛋᚪᛗᚩᚱᛁᚾ,299
kinesis,110354,0,ᚳᛁᚾᛖᛋᛁᛋ,277
gobelin,110310,0,ᚷᚩᛒᛖᛚᛁᚾ,285
deathblow,110279,0,ᛞᛠᚦᛒᛚᚩᚹ,363
stuffer,110207,0,ᛋᛏᚢᚠᚠᛖᚱ,197
cookout,110201,0,ᚳᚩᚩᚳᚩᚢᛏ,109
worrier,110193,0,ᚹᚩᚱᚱᛁᛖᚱ,157
woolled,110190,0,ᚹᚩᚩᛚᛚᛖᛞ,335
rammers,110188,0,ᚱᚪᛗᛗᛖᚱᛋ,381
doddering,110176,0,ᛞᚩᛞᛞᛖᚱᛝ,431
parroting,110168,0,ᛈᚪᚱᚱᚩᛏᛝ,307
strobes,110164,0,ᛋᛏᚱᚩᛒᛖᛋ,311
throstle,110157,0,ᚦᚱᚩᛋᛏᛚᛖ,275
gewgaws,110079,0,ᚷᛖᚹᚷᚪᚹᛋ,289
riffled,110069,0,ᚱᛁᚠᚠᛚᛖᛞ,275
timbrel,110024,0,ᛏᛁᛗᛒᚱᛖᛚ,373
toppers,110012,0,ᛏᚩᛈᛈᛖᚱᛋ,283
nelsons,110010,0,ᚾᛖᛚᛋᚩᚾᛋ,311
lapides,109982,0,ᛚᚪᛈᛁᛞᛖᛋ,453
minoans,109981,0,ᛗᛁᚾᚩᚪᚾᛋ,317
chaunce,109980,0,ᚳᚻᚪᚢᚾᚳᛖ,245
tarries,109848,0,ᛏᚪᚱᚱᛁᛖᛋ,329
brawler,109823,0,ᛒᚱᚪᚹᛚᛖᚱ,339
zambians,109761,0,ᛋᚪᛗᛒᛡᚾᛋ,471
deludes,109751,0,ᛞᛖᛚᚢᛞᛖᛋ,441
armfuls,109649,0,ᚪᚱᛗᚠᚢᛚᛋ,310
dayspring,109576,0,ᛞᚪᚣᛋᛈᚱᛝ,475
screamer,109548,0,ᛋᚳᚱᛠᛗᛖᚱ,335
rimrock,109444,0,ᚱᛁᛗᚱᚩᚳᚳ,157
moneyer,109354,0,ᛗᚩᚾᛖᚣᛖᚱ,355
methodic,109325,0,ᛗᛖᚦᚩᛞᛁᚳ,283
convoking,109300,0,ᚳᚩᚾᚢᚩᚳᛝ,151
bodegas,109300,0,ᛒᚩᛞᛖᚷᚪᛋ,391
drooled,109272,0,ᛞᚱᚩᚩᛚᛖᛞ,343
kansans,109251,0,ᚳᚪᚾᛋᚪᚾᛋ,371
musette,109196,0,ᛗᚢᛋᛖᛏᛏᛖ,379
emprise,109128,0,ᛖᛗᛈᚱᛁᛋᛖ,343
leaflike,109074,0,ᛚᛠᚠᛚᛁᚳᛖ,368
reefers,109072,0,ᚱᛖᛖᚠᛖᚱᛋ,278
blackly,109063,0,ᛒᛚᚪᚳᚳᛚᚣ,433
barkeep,108939,0,ᛒᚪᚱᚳᛖᛖᛈ,359
croppings,108933,0,ᚳᚱᚩᛈᛈᛝᛋ,249
diplegia,108929,0,ᛞᛁᛈᛚᛖᚷᛡ,427
smutted,108917,0,ᛋᛗᚢᛏᛏᛖᛞ,401
flavone,108791,0,ᚠᛚᚪᚢᚩᚾᛖ,278
colline,108655,0,ᚳᚩᛚᛚᛁᚾᛖ,293
brocket,108638,0,ᛒᚱᚩᚳᚳᛖᛏ,231
boutons,108614,0,ᛒᚩᚢᛏᚩᚾᛋ,219
scarfed,108513,0,ᛋᚳᚪᚱᚠᛖᛞ,332
relight,108448,0,ᚱᛖᛚᛁᚷᚻᛏ,281
verrucae,108405,0,ᚢᛖᚱᚱᚢᚳᚫ,209
headlining,108334,0,ᚻᛠᛞᛚᛁᚾᛝ,433
capsids,108277,0,ᚳᚪᛈᛋᛁᛞᛋ,379
coccoid,108217,0,ᚳᚩᚳᚳᚩᛁᛞ,173
palazzi,108173,0,ᛈᚪᛚᚪᛋᛋᛁ,447
alcyone,108167,0,ᚪᛚᚳᚣᚩᚾᛖ,389
unmasks,108155,0,ᚢᚾᛗᚪᛋᚳᛋ,319
trifler,108145,0,ᛏᚱᛁᚠᛚᛖᚱ,254
ranters,108093,0,ᚱᚪᚾᛏᛖᚱᛋ,327
doyenne,108078,0,ᛞᚩᚣᛖᚾᚾᛖ,391
helipad,108065,0,ᚻᛖᛚᛁᛈᚪᛞ,423
squawks,108052,0,ᛋᚳᚹᚪᚹᚳᛋ,267
onanism,107999,0,ᚩᚾᚪᚾᛁᛋᛗ,317
earldoms,107990,0,ᛠᚱᛚᛞᚩᛗᛋ,413
solider,107964,0,ᛋᚩᛚᛁᛞᛖᚱ,331
alledge,107946,0,ᚪᛚᛚᛖᛞᚷᛖ,483
patellae,107853,0,ᛈᚪᛏᛖᛚᛚᚫ,513
cavilling,107804,0,ᚳᚪᚢᛁᛚᛚᛝ,369
baldric,107803,0,ᛒᚪᛚᛞᚱᛁᚳ,375
hagfish,107799,0,ᚻᚪᚷᚠᛁᛋᚻ,246
sorrier,107796,0,ᛋᚩᚱᚱᛁᛖᚱ,191
funnies,107685,0,ᚠᚢᚾᚾᛁᛖᛋ,214
mailbag,107618,0,ᛗᚪᛁᛚᛒᚪᚷ,447
vasorum,107606,0,ᚢᚪᛋᚩᚱᚢᛗ,245
panders,107576,0,ᛈᚪᚾᛞᛖᚱᛋ,389
wolfers,107551,0,ᚹᚩᛚᚠᛖᚱᛋ,232
tadzhik,107516,0,ᛏᚪᛞᛋᚻᛁᚳ,365
gargles,107510,0,ᚷᚪᚱᚷᛚᛖᛋ,335
untruly,107497,0,ᚢᚾᛏᚱᚢᛚᚣ,281
clacked,107491,0,ᚳᛚᚪᚳᚳᛖᛞ,365
seclude,107475,0,ᛋᛖᚳᛚᚢᛞᛖ,365
dickering,107451,0,ᛞᛁᚳᚳᛖᚱᛝ,303
dishpan,107433,0,ᛞᛁᛋᚻᛈᚪᚾ,365
vestigia,107417,0,ᚢᛖᛋᛏᛁᚷᛡ,337
felucca,107321,0,ᚠᛖᛚᚢᚳᚳᚪ,268
gravers,107286,0,ᚷᚱᚪᚢᛖᚱᛋ,259
enthrone,107277,0,ᛖᚾᚦᚱᚩᚾᛖ,215
misdoings,107264,0,ᛗᛁᛋᛞᚩᛝᛋ,383
morisco,107243,0,ᛗᚩᚱᛁᛋᚳᚩ,193
honoree,107207,0,ᚻᚩᚾᚩᚱᛖᛖ,211
gascons,107198,0,ᚷᚪᛋᚳᚩᚾᛋ,269
eyewash,107146,0,ᛖᚣᛖᚹᚪᛋᚻ,429
remotes,107139,0,ᚱᛖᛗᚩᛏᛖᛋ,335
cremate,107095,0,ᚳᚱᛖᛗᚪᛏᛖ,385
conatus,107063,0,ᚳᚩᚾᚪᛏᚢᛋ,261
shiftings,107051,0,ᛋᚻᛁᚠᛏᛝᛋ,300
decider,106960,0,ᛞᛖᚳᛁᛞᛖᚱ,367
dadaist,106921,0,ᛞᚪᛞᚪᛁᛋᛏ,515
blitzed,106852,0,ᛒᛚᛁᛏᛋᛖᛞ,433
dracaena,106814,0,ᛞᚱᚪᚳᚫᚾᚪ,437
powicke,106811,0,ᛈᚩᚹᛁᚳᚳᛖ,193
thermite,106779,0,ᚦᛖᚱᛗᛁᛏᛖ,311
handlings,106756,0,ᚻᚪᚾᛞᛚᛝᛋ,443
deanship,106716,0,ᛞᛠᚾᛋᚻᛁᛈ,377
tartare,106678,0,ᛏᚪᚱᛏᚪᚱᛖ,401
threnody,106666,0,ᚦᚱᛖᚾᚩᛞᚣ,311
whinnying,106659,0,ᚹᚻᛁᚾᚾᚣᛝ,313
paddler,106631,0,ᛈᚪᛞᛞᛚᛖᚱ,469
moghuls,106624,0,ᛗᚩᚷᚻᚢᛚᛋ,247
corslet,106621,0,ᚳᚩᚱᛋᛚᛖᛏ,283
pacinian,106563,0,ᛈᚪᚳᛁᚾᛡᚾ,349
suffusing,106518,0,ᛋᚢᚠᚠᚢᛋᛝ,195
backhoes,106396,0,ᛒᚪᚳᚳᚻᛟᛋ,343
tidally,106380,0,ᛏᛁᛞᚪᛚᛚᚣ,525
laotians,106356,0,ᛚᚪᚩᛏᛡᚾᛋ,425
nasally,106285,0,ᚾᚪᛋᚪᛚᛚᚣ,525
glovers,106271,0,ᚷᛚᚩᚢᛖᚱᛋ,231
paunchy,106241,0,ᛈᚪᚢᚾᚳᚻᚣ,311
tallage,106211,0,ᛏᚪᛚᛚᚪᚷᛖ,483
genista,106201,0,ᚷᛖᚾᛁᛋᛏᚪ,353
henries,106166,0,ᚻᛖᚾᚱᛁᛖᛋ,281
deadbolt,106166,0,ᛞᛠᛞᛒᚩᛚᛏ,487
cartman,106109,0,ᚳᚪᚱᛏᛗᚪᚾ,377
ecotype,106082,0,ᛖᚳᚩᛏᚣᛈᛖ,359
precess,106047,0,ᛈᚱᛖᚳᛖᛋᛋ,307
screeds,106045,0,ᛋᚳᚱᛖᛖᛞᛋ,353
willock,106035,0,ᚹᛁᛚᛚᚩᚳᚳ,229
coracle,106031,0,ᚳᚩᚱᚪᚳᛚᛖ,281
sadists,105997,0,ᛋᚪᛞᛁᛋᛏᛋ,435
faciunt,105943,0,ᚠᚪᚳᛁᚢᚾᛏ,234
chinned,105894,0,ᚳᚻᛁᚾᚾᛖᛞ,281
nigella,105852,0,ᚾᛁᚷᛖᛚᛚᚪ,387
avernus,105841,0,ᚪᚢᛖᚱᚾᚢᛋ,263
indrawn,105825,0,ᛁᚾᛞᚱᚪᚹᚾ,305
enthrall,105808,0,ᛖᚾᚦᚱᚪᛚᛚ,355
holdups,105785,0,ᚻᚩᛚᛞᚢᛈᛋ,291
retakes,105682,0,ᚱᛖᛏᚪᚳᛖᛋ,367
cerasus,105622,0,ᚳᛖᚱᚪᛋᚢᛋ,297
lungfish,105613,0,ᛚᚢᛝᚠᛁᛋᚻ,264
chesser,105568,0,ᚳᚻᛖᛋᛋᛖᚱ,287
renames,105544,0,ᚱᛖᚾᚪᛗᛖᛋ,395
zonally,105540,0,ᛋᚩᚾᚪᛚᛚᚣ,435
amerind,105455,0,ᚪᛗᛖᚱᛁᚾᛞ,395
copulas,105363,0,ᚳᚩᛈᚢᛚᚪᛋ,289
pinfold,105327,0,ᛈᛁᚾᚠᚩᛚᛞ,274
porkers,105292,0,ᛈᚩᚱᚳᛖᚱᛋ,205
andrena,105197,0,ᚪᚾᛞᚱᛖᚾᚪ,419
shoaled,105127,0,ᛋᚻᚩᚪᛚᛖᛞ,409
cresses,105045,0,ᚳᚱᛖᛋᛋᛖᛋ,317
playlet,105039,0,ᛈᛚᚪᚣᛚᛖᛏ,515
egoists,105016,0,ᛖᚷᚩᛁᛋᛏᛋ,287
bedewed,105012,0,ᛒᛖᛞᛖᚹᛖᛞ,459
wrinkly,104975,0,ᚹᚱᛁᚾᚳᛚᚣ,279
defaces,104958,0,ᛞᛖᚠᚪᚳᛖᛋ,388
salsola,104928,0,ᛋᚪᛚᛋᚩᛚᚪ,453
rhonchi,104869,0,ᚱᚻᚩᚾᚳᚻᛁ,137
specked,104831,0,ᛋᛈᛖᚳᚳᛖᛞ,345
remolding,104781,0,ᚱᛖᛗᚩᛚᛞᛝ,397
berates,104771,0,ᛒᛖᚱᚪᛏᛖᛋ,415
capered,104748,0,ᚳᚪᛈᛖᚱᛖᛞ,387
entozoa,104697,0,ᛖᚾᛏᚩᛋᚩᚪ,319
retyped,104676,0,ᚱᛖᛏᚣᛈᛖᛞ,439
affrays,104657,0,ᚪᚠᚠᚱᚪᚣᛋ,365
disowns,104652,0,ᛞᛁᛋᚩᚹᚾᛋ,281
toreador,104613,0,ᛏᚩᚱᛠᛞᚩᚱ,293
porringer,104587,0,ᛈᚩᚱᚱᛝᛖᚱ,229
reunify,104527,0,ᚱᛖᚢᚾᛁᚠᚣ,246
birdies,104518,0,ᛒᛁᚱᛞᛁᛖᛋ,343
sarcina,104281,0,ᛋᚪᚱᚳᛁᚾᚪ,331
whitens,104278,0,ᚹᚻᛁᛏᛖᚾᛋ,281
ptyalin,104243,0,ᛈᛏᚣᚪᛚᛁᚾ,435
borscht,104215,0,ᛒᚩᚱᛋᚳᚻᛏ,227
flavins,104188,0,ᚠᛚᚪᚢᛁᚾᛋ,288
tippler,104094,0,ᛏᛁᛈᛈᛚᛖᚱ,327
scudded,103993,0,ᛋᚳᚢᛞᛞᛖᛞ,403
ambushing,103992,0,ᚪᛗᛒᚢᛋᚻᛝ,387
gaudier,103975,0,ᚷᚪᚢᛞᛁᛖᚱ,315
soberer,103962,0,ᛋᚩᛒᛖᚱᛖᚱ,277
foregoes,103940,0,ᚠᚩᚱᛖᚷᛟᛋ,240
timeouts,103898,0,ᛏᛁᛗᛇᚢᛏᛋ,317
lunation,103847,0,ᛚᚢᚾᚪᛏᛡᚾ,397
japanning,103827,0,ᛂᚪᛈᚪᚾᚾᛝ,411
mastaba,103817,0,ᛗᚪᛋᛏᚪᛒᚪ,535
evildoer,103803,0,ᛖᚢᛁᛚᛞᛟᚱ,357
headwall,103574,0,ᚻᛠᛞᚹᚪᛚᛚ,483
hurrahs,103536,0,ᚻᚢᚱᚱᚪᚻᛋ,221
cliched,103535,0,ᚳᛚᛁᚳᚻᛖᛞ,309
burgled,103531,0,ᛒᚢᚱᚷᛚᛖᛞ,321
twosome,103512,0,ᛏᚹᚩᛋᚩᛗᛖ,283
zamboni,103466,0,ᛋᚪᛗᛒᚩᚾᛁ,349
centime,103411,0,ᚳᛖᚾᛏᛁᛗᛖ,337
postdoc,103374,0,ᛈᚩᛋᛏᛞᚩᚳ,271
diapered,103372,0,ᛞᛡᛈᛖᚱᛖᛞ,473
vernant,103362,0,ᚢᛖᚱᚾᚪᚾᛏ,295
cottars,103289,0,ᚳᚩᛏᛏᚪᚱᛋ,299
unsprung,103287,0,ᚢᚾᛋᛈᚱᚢᛝ,221
marmite,103239,0,ᛗᚪᚱᛗᛁᛏᛖ,407
permeant,103232,0,ᛈᛖᚱᛗᛠᚾᛏ,389
ineptly,103218,0,ᛁᚾᛖᛈᛏᛚᚣ,405
reseated,103163,0,ᚱᛖᛋᛠᛏᛖᛞ,455
hassled,103142,0,ᚻᚪᛋᛋᛚᛖᛞ,455
welches,103053,0,ᚹᛖᛚᚳᚻᛖᛋ,315
compeer,102925,0,ᚳᚩᛗᛈᛖᛖᚱ,279
scrawling,102905,0,ᛋᚳᚱᚪᚹᛚᛝ,345
querida,102892,0,ᚳᚹᛖᚱᛁᛞᚪ,327
bulbils,102890,0,ᛒᚢᛚᛒᛁᛚᛋ,355
mugwort,102880,0,ᛗᚢᚷᚹᚩᚱᛏ,187
troches,102871,0,ᛏᚱᚩᚳᚻᛖᛋ,233
leister,102858,0,ᛚᛖᛁᛋᛏᛖᚱ,361
siliqua,102788,0,ᛋᛁᛚᛁᚳᚹᚪ,317
kippers,102784,0,ᚳᛁᛈᛈᛖᚱᛋ,261
wieners,102744,0,ᚹᛁᛖᚾᛖᚱᛋ,277
ghosted,102647,0,ᚷᚻᚩᛋᛏᛖᛞ,315
saltier,102534,0,ᛋᚪᛚᛏᛁᛖᚱ,391
alledging,102511,0,ᚪᛚᛚᛖᛞᚷᛝ,495
shittim,102483,0,ᛋᚻᛁᛏᛏᛁᛗ,327
telethon,102437,0,ᛏᛖᛚᛖᚦᚩᚾ,307
maremma,102415,0,ᛗᚪᚱᛖᛗᛗᚪ,485
vanitas,102395,0,ᚢᚪᚾᛁᛏᚪᛋ,369
psyllid,102382,0,ᛈᛋᚣᛚᛚᛁᛞ,465
cochins,102351,0,ᚳᚩᚳᚻᛁᚾᛋ,169
reelect,102322,0,ᚱᛖᛖᛚᛖᚳᛏ,357
flecker,102219,0,ᚠᛚᛖᚳᚳᛖᚱ,246
batcher,102184,0,ᛒᚪᛏᚳᚻᛖᚱ,331
estranging,102177,0,ᛖᛋᛏᚱᚪᛝᛝ,445
redbird,102115,0,ᚱᛖᛞᛒᛁᚱᛞ,359
tuamotu,102113,0,ᛏᚢᚪᛗᚩᛏᚢ,299
unblock,102072,0,ᚢᚾᛒᛚᚩᚳᚳ,199
orthopnea,102021,0,ᚩᚱᚦᚩᛈᚾᛠ,211
blonder,101976,0,ᛒᛚᚩᚾᛞᛖᚱ,337
spruced,101968,0,ᛋᛈᚱᚢᚳᛖᛞ,279
mahdist,101769,0,ᛗᚪᚻᛞᛁᛋᛏ,423
weakfish,101711,0,ᚹᛠᚳᚠᛁᛋᚻ,250
loopers,101594,0,ᛚᚩᚩᛈᛖᚱᛋ,261
nattering,101581,0,ᚾᚪᛏᛏᛖᚱᛝ,401
coaxingly,101566,0,ᚳᚩᚪᛉᛝᛚᚣ,419
reorders,101502,0,ᚱᛇᚱᛞᛖᚱᛋ,283
roughen,101458,0,ᚱᚩᚢᚷᚻᛖᚾ,157
fattens,101452,0,ᚠᚪᛏᛏᛖᚾᛋ,366
ignobly,101320,0,ᛁᚷᚾᚩᛒᛚᚣ,321
murrays,101304,0,ᛗᚢᚱᚱᚪᚣᛋ,349
organdy,101299,0,ᚩᚱᚷᚪᚾᛞᚣ,353
centavo,101271,0,ᚳᛖᚾᛏᚪᚢᚩ,275
danelaw,101147,0,ᛞᚪᚾᛖᛚᚪᚹ,471
saucily,101142,0,ᛋᚪᚢᚳᛁᛚᚣ,373
mandril,101094,0,ᛗᚪᚾᛞᚱᛁᛚ,401
uncased,101058,0,ᚢᚾᚳᚪᛋᛖᛞ,351
parleying,101055,0,ᛈᚪᚱᛚᛖᚣᛝ,473
footgear,101053,0,ᚠᚩᚩᛏᚷᛠᚱ,212
rangifer,101046,0,ᚱᚪᛝᛁᚠᛖᚱ,298
pampers,101023,0,ᛈᚪᛗᛈᛖᚱᛋ,385
recessing,100974,0,ᚱᛖᚳᛖᛋᛋᛝ,343
yardarm,100884,0,ᚣᚪᚱᛞᚪᚱᛗ,479
bifilar,100844,0,ᛒᛁᚠᛁᛚᚪᚱ,306
peridot,100817,0,ᛈᛖᚱᛁᛞᚩᛏ,307
oculars,100810,0,ᚩᚳᚢᛚᚪᚱᛋ,257
asellus,100483,0,ᚪᛋᛖᛚᛚᚢᛋ,419
vittles,100479,0,ᚢᛁᛏᛏᛚᛖᛋ,345
megarian,100467,0,ᛗᛖᚷᚪᚱᛡᚾ,399
humouring,100442,0,ᚻᚢᛗᚩᚢᚱᛝ,197
angiology,100431,0,ᚪᛝᛡᛚᚩᚷᚣ,483
gambits,100355,0,ᚷᚪᛗᛒᛁᛏᛋ,389
oospore,100338,0,ᚩᚩᛋᛈᚩᚱᛖ,195
sundari,100234,0,ᛋᚢᚾᛞᚪᚱᛁ,313
mislike,100223,0,ᛗᛁᛋᛚᛁᚳᛖ,339
rewired,100193,0,ᚱᛖᚹᛁᚱᛖᛞ,295
quintic,100181,0,ᚳᚹᛁᚾᛏᛁᚳ,195
addends,100146,0,ᚪᛞᛞᛖᚾᛞᛋ,513
raffish,100107,0,ᚱᚪᚠᚠᛁᛋᚻ,219
gimbals,100105,0,ᚷᛁᛗᛒᚪᛚᛋ,403
robinet,100079,0,ᚱᚩᛒᛁᚾᛖᛏ,265
kidnaps,100066,0,ᚳᛁᛞᚾᚪᛈᛋ,355
aztecan,100025,0,ᚪᛋᛏᛖᚳᚪᚾ,415
acetous,100023,0,ᚪᚳᛖᛏᚩᚢᛋ,299
surreys,99971,0,ᛋᚢᚱᚱᛖᚣᛋ,301
axiology,99935,0,ᚪᛉᛡᛚᚩᚷᚣ,451
ilocano,99825,0,ᛁᛚᚩᚳᚪᚾᚩ,257
caulker,99798,0,ᚳᚪᚢᛚᚳᛖᚱ,277
tandems,99740,0,ᛏᚪᚾᛞᛖᛗᛋ,465
tweeted,99735,0,ᛏᚹᛖᛖᛏᛖᛞ,427
hemline,99712,0,ᚻᛖᛗᛚᛁᚾᛖ,361
lowlife,99690,0,ᛚᚩᚹᛚᛁᚠᛖ,272
releaser,99679,0,ᚱᛖᛚᛠᛋᛖᚱ,391
dimmest,99654,0,ᛞᛁᛗᛗᛖᛋᛏ,441
katydid,99585,0,ᚳᚪᛏᚣᛞᛁᛞ,481
tippets,99571,0,ᛏᛁᛈᛈᛖᛏᛋ,355
justest,99559,0,ᛂᚢᛋᛏᛖᛋᛏ,331
anoxemia,99549,0,ᚪᚾᚩᛉᛖᛗᛡ,425
floorings,99547,0,ᚠᛚᚩᚩᚱᛝᛋ,232
stubbly,99538,0,ᛋᛏᚢᛒᛒᛚᚣ,413
glassie,99495,0,ᚷᛚᚪᛋᛋᛁᛖ,391
chuvash,99483,0,ᚳᚻᚢᚢᚪᛋᚻ,215
lectors,99445,0,ᛚᛖᚳᛏᚩᚱᛋ,283
mathurin,99400,0,ᛗᚪᚦᚢᚱᛁᚾ,247
jemadar,99391,0,ᛂᛖᛗᚪᛞᚪᚱ,469
seconal,99282,0,ᛋᛖᚳᚩᚾᚪᛚ,339
arrobas,99258,0,ᚪᚱᚱᚩᛒᚪᛋ,337
ovulating,99152,0,ᚩᚢᚢᛚᚪᛏᛝ,321
kaisers,99110,0,ᚳᚪᛁᛋᛖᚱᛋ,325
giddily,99101,0,ᚷᛁᛞᛞᛁᛚᚣ,433
putters,99046,0,ᛈᚢᛏᛏᛖᚱᛋ,295
fromage,99045,0,ᚠᚱᚩᛗᚪᚷᛖ,272
snowmen,98977,0,ᛋᚾᚩᚹᛗᛖᚾ,275
lockets,98799,0,ᛚᚩᚳᚳᛖᛏᛋ,285
stingless,98775,0,ᛋᛏᛝᛚᛖᛋᛋ,437
tipples,98740,0,ᛏᛁᛈᛈᛚᛖᛋ,369
stinker,98734,0,ᛋᛏᛁᚾᚳᛖᚱ,263
untuned,98698,0,ᚢᚾᛏᚢᚾᛖᛞ,279
spitted,98647,0,ᛋᛈᛁᛏᛏᛖᛞ,401
polypes,98616,0,ᛈᚩᛚᚣᛈᛖᛋ,389
thespians,98564,0,ᚦᛖᛋᛈᛡᚾᛋ,357
dadaism,98534,0,ᛞᚪᛞᚪᛁᛋᛗ,527
coiners,98517,0,ᚳᚩᛁᚾᛖᚱᛋ,211
bouches,98444,0,ᛒᚩᚢᚳᚻᛖᛋ,227
cognizing,98351,0,ᚳᚩᚷᚾᛁᛋᛝ,229
lingeringly,98322,0,ᛚᛝᛖᚱᛝᛚᚣ,485
copular,98306,0,ᚳᚩᛈᚢᛚᚪᚱ,247
tapster,98294,0,ᛏᚪᛈᛋᛏᛖᚱ,389
sissies,98253,0,ᛋᛁᛋᛋᛁᛖᛋ,341
hiatuses,98242,0,ᚻᛡᛏᚢᛋᛖᛋ,365
fuddled,98155,0,ᚠᚢᛞᛞᛚᛖᛞ,412
zestful,98112,0,ᛋᛖᛋᛏᚠᚢᛚ,310
squirms,98079,0,ᛋᚳᚹᛁᚱᛗᛋ,251
hallooed,98034,0,ᚻᚪᛚᛚᚩᛟᛞ,445
pompons,98008,0,ᛈᚩᛗᛈᚩᚾᛋ,253
toucans,97988,0,ᛏᚩᚢᚳᚪᚾᛋ,261
godhood,97959,0,ᚷᚩᛞᚻᚩᚩᛞ,239
sideman,97932,0,ᛋᛁᛞᛖᛗᚪᚾ,437
varangian,97919,0,ᚢᚪᚱᚪᛝᛡᚾ,423
maracas,97903,0,ᛗᚪᚱᚪᚳᚪᛋ,439
pimenta,97854,0,ᛈᛁᛗᛖᚾᛏᚪ,397
twiddle,97746,0,ᛏᚹᛁᛞᛞᛚᛖ,427
tattler,97746,0,ᛏᚪᛏᛏᛚᛖᚱ,425
shirred,97672,0,ᛋᚻᛁᚱᚱᛖᛞ,285
terrene,97634,0,ᛏᛖᚱᚱᛖᚾᛖ,311
babbles,97633,0,ᛒᚪᛒᛒᛚᛖᛋ,473
fluster,97625,0,ᚠᛚᚢᛋᛏᛖᚱ,268
falafel,97619,0,ᚠᚪᛚᚪᚠᛖᛚ,411
orcadian,97617,0,ᚩᚱᚳᚪᛞᛡᚾ,353
ganoids,97570,0,ᚷᚪᚾᚩᛁᛞᛋ,323
erastian,97547,0,ᛖᚱᚪᛋᛏᛡᚾ,423
leggins,97545,0,ᛚᛖᚷᚷᛁᚾᛋ,287
striper,97542,0,ᛋᛏᚱᛁᛈᛖᚱ,275
flexions,97459,0,ᚠᛚᛖᛉᛡᚾᛋ,378
judices,97306,0,ᛂᚢᛞᛁᚳᛖᛋ,293
titmice,97305,0,ᛏᛁᛏᛗᛁᚳᛖ,331
gorgets,97303,0,ᚷᚩᚱᚷᛖᛏᛋ,231
drowsed,97291,0,ᛞᚱᚩᚹᛋᛖᛞ,335
elevens,97287,0,ᛖᛚᛖᚢᛖᚾᛋ,359
chinked,97281,0,ᚳᚻᛁᚾᚳᛖᛞ,265
mapmaking,97276,0,ᛗᚪᛈᛗᚪᚳᛝ,471
ungrudging,97261,0,ᚢᛝᚱᚢᛞᚷᛝ,281
lustrum,97217,0,ᛚᚢᛋᛏᚱᚢᛗ,273
tessera,97150,0,ᛏᛖᛋᛋᛖᚱᚪ,407
albizzia,97108,0,ᚪᛚᛒᛁᛋᛋᛡ,475
chromos,97033,0,ᚳᚻᚱᚩᛗᚩᛋ,185
kingmaker,96928,0,ᚳᛝᛗᚪᚳᛖᚱ,351
delancy,96873,0,ᛞᛖᛚᚪᚾᚳᚣ,471
yardman,96869,0,ᚣᚪᚱᛞᛗᚪᚾ,497
encreasing,96868,0,ᛖᚾᚳᚱᛠᛋᛝ,361
shaikhs,96783,0,ᛋᚻᚪᛁᚳᚻᛋ,293
popedom,96774,0,ᛈᚩᛈᛖᛞᚩᛗ,327
kwanzaa,96715,0,ᚳᚹᚪᚾᛋᚪᚪ,405
penally,96709,0,ᛈᛖᚾᚪᛚᛚᚣ,485
chaitya,96705,0,ᚳᚻᚪᛁᛏᚣᚪ,423
stachys,96691,0,ᛋᛏᚪᚳᚻᚣᛋ,401
megabit,96649,0,ᛗᛖᚷᚪᛒᛁᛏ,403
radomes,96625,0,ᚱᚪᛞᚩᛗᛖᛋ,395
splotch,96591,0,ᛋᛈᛚᚩᛏᚳᚻ,271
catchup,96586,0,ᚳᚪᛏᚳᚻᚢᛈ,251
quester,96548,0,ᚳᚹᛖᛋᛏᛖᚱ,289
pedlers,96504,0,ᛈᛖᛞᛚᛖᚱᛋ,403
plugger,96418,0,ᛈᛚᚢᚷᚷᛖᚱ,231
meagerly,96403,0,ᛗᛠᚷᛖᚱᛚᚣ,451
willers,96385,0,ᚹᛁᛚᛚᛖᚱᛋ,327
dedimus,96350,0,ᛞᛖᛞᛁᛗᚢᛋ,403
sailers,96231,0,ᛋᚪᛁᛚᛖᚱᛋ,385
slavism,96226,0,ᛋᛚᚪᚢᛁᛋᛗ,381
umpteen,96212,0,ᚢᛗᛈᛏᛖᛖᚾ,339
accurst,96172,0,ᚪᚳᚳᚢᚱᛋᛏ,249
nonbearing,96168,0,ᚾᚩᚾᛒᛠᚱᛝ,325
sifters,96166,0,ᛋᛁᚠᛏᛖᚱᛋ,276
leadless,96105,0,ᛚᛠᛞᛚᛖᛋᛋ,517
miltown,95982,0,ᛗᛁᛚᛏᚩᚹᚾ,289
plottings,95959,0,ᛈᛚᚩᛏᛏᛝᛋ,373
tektite,95956,0,ᛏᛖᚳᛏᛁᛏᛖ,355
unbinding,95910,0,ᚢᚾᛒᛁᚾᛞᛝ,321
crooner,95887,0,ᚳᚱᚩᚩᚾᛖᚱ,145
carders,95875,0,ᚳᚪᚱᛞᛖᚱᛋ,341
childer,95866,0,ᚳᚻᛁᛚᛞᛖᚱ,307
boardings,95853,0,ᛒᚩᚪᚱᛞᛝᛋ,397
talbots,95843,0,ᛏᚪᛚᛒᚩᛏᛋ,409
chalcid,95784,0,ᚳᚻᚪᛚᚳᛁᛞ,339
unacted,95731,0,ᚢᚾᚪᚳᛏᛖᛞ,357
gabelle,95658,0,ᚷᚪᛒᛖᛚᛚᛖ,455
megaron,95648,0,ᛗᛖᚷᚪᚱᚩᚾ,299
capsula,95394,0,ᚳᚪᛈᛋᚢᛚᚪ,379
winkles,95391,0,ᚹᛁᚾᚳᛚᛖᛋ,285
xenolith,95374,0,ᛉᛖᚾᚩᛚᛁᚦ,259
wetback,95357,0,ᚹᛖᛏᛒᚪᚳᚳ,329
scarped,95356,0,ᛋᚳᚪᚱᛈᛖᛞ,373
toxines,95343,0,ᛏᚩᛉᛁᚾᛖᛋ,293
jailors,95339,0,ᛂᚪᛁᛚᚩᚱᛋ,309
gentled,95173,0,ᚷᛖᚾᛏᛚᛖᛞ,401
sharpie,95157,0,ᛋᚻᚪᚱᛈᛁᛖ,325
menders,95086,0,ᛗᛖᚾᛞᛖᚱᛋ,387
brevier,95054,0,ᛒᚱᛖᚢᛁᛖᚱ,251
laugher,95040,0,ᛚᚪᚢᚷᚻᛖᚱ,291
grafter,94995,0,ᚷᚱᚪᚠᛏᛖᚱ,264
littles,94836,0,ᛚᛁᛏᛏᛚᛖᛋ,415
neronian,94804,0,ᚾᛖᚱᚩᚾᛡᚾ,279
tweedle,94762,0,ᛏᚹᛖᛖᛞᛚᛖ,441
shindig,94733,0,ᛋᚻᛁᚾᛞᛁᚷ,273
themself,94689,0,ᚦᛖᛗᛋᛖᛚᚠ,338
helenus,94678,0,ᚻᛖᛚᛖᚾᚢᛋ,315
isopleth,94659,0,ᛁᛋᚩᛈᛚᛖᚦ,279
sandpit,94578,0,ᛋᚪᚾᛞᛈᛁᛏ,401
rashers,94573,0,ᚱᚪᛋᚻᛖᚱᛋ,315
deputes,94548,0,ᛞᛖᛈᚢᛏᛖᛋ,381
tunguska,94521,0,ᛏᚢᛝᚢᛋᚳᚪ,307
velours,94436,0,ᚢᛖᛚᚩᚢᚱᛋ,217
leotards,94432,0,ᛚᛇᛏᚪᚱᛞᛋ,423
parceling,94431,0,ᛈᚪᚱᚳᛖᛚᛝ,383
orthicon,94409,0,ᚩᚱᚦᛁᚳᚩᚾ,103
junkets,94337,0,ᛂᚢᚾᚳᛖᛏᛋ,261
secreto,94266,0,ᛋᛖᚳᚱᛖᛏᚩ,277
purloin,94215,0,ᛈᚢᚱᛚᚩᛁᚾ,197
purpled,94124,0,ᛈᚢᚱᛈᛚᛖᛞ,329
abetter,94118,0,ᚪᛒᛖᛏᛏᛖᚱ,421
aplitic,94091,0,ᚪᛈᛚᛁᛏᛁᚳ,347
dabbler,94080,0,ᛞᚪᛒᛒᛚᛖᚱ,459
flattop,94065,0,ᚠᛚᚪᛏᛏᚩᛈ,340
vermeil,94018,0,ᚢᛖᚱᛗᛖᛁᛚ,323
profert,94000,0,ᛈᚱᚩᚠᛖᚱᛏ,200
voyeurs,93940,0,ᚢᚩᚣᛖᚢᚱᛋ,247
abducts,93866,0,ᚪᛒᛞᚢᚳᛏᛋ,375
rankles,93864,0,ᚱᚪᚾᚳᛚᛖᛋ,343
hautboy,93861,0,ᚻᚪᚢᛏᛒᚩᚣ,353
delibes,93853,0,ᛞᛖᛚᛁᛒᛖᛋ,441
khaddar,93821,0,ᚳᚻᚪᛞᛞᚪᚱ,419
ambitus,93820,0,ᚪᛗᛒᛁᛏᚢᛋ,375
rayless,93799,0,ᚱᚪᚣᛚᛖᛋᛋ,457
peeress,93786,0,ᛈᛖᛖᚱᛖᛋᛋ,361
lunules,93780,0,ᛚᚢᚾᚢᛚᛖᛋ,301
boggled,93695,0,ᛒᚩᚷᚷᛚᛖᛞ,331
grindings,93643,0,ᚷᚱᛁᚾᛞᛝᛋ,309
calydon,93556,0,ᚳᚪᛚᚣᛞᚩᚾ,411
laziest,93513,0,ᛚᚪᛋᛁᛖᛋᛏ,433
conchas,93512,0,ᚳᚩᚾᚳᚻᚪᛋ,235
meddles,93499,0,ᛗᛖᛞᛞᛚᛖᛋ,509
stipule,93496,0,ᛋᛏᛁᛈᚢᛚᛖ,329
titties,93443,0,ᛏᛁᛏᛏᛁᛖᛋ,359
clobber,93434,0,ᚳᛚᚩᛒᛒᛖᚱ,293
butenes,93395,0,ᛒᚢᛏᛖᚾᛖᛋ,339
congrats,93313,0,ᚳᚩᛝᚱᚪᛏᛋ,319
pussies,93278,0,ᛈᚢᛋᛋᛁᛖᛋ,303
brights,93275,0,ᛒᚱᛁᚷᚻᛏᛋ,255
sylvite,93253,0,ᛋᚣᛚᚢᛁᛏᛖ,389
turbary,93103,0,ᛏᚢᚱᛒᚪᚱᚣ,345
greeter,93086,0,ᚷᚱᛖᛖᛏᛖᚱ,299
saturnia,93079,0,ᛋᚪᛏᚢᚱᚾᛡ,359
borated,93077,0,ᛒᚩᚱᚪᛏᛖᛞ,391
marline,93070,0,ᛗᚪᚱᛚᛁᚾᛖ,379
malmsey,93054,0,ᛗᚪᛚᛗᛋᛖᚣ,535
impresa,93029,0,ᛁᛗᛈᚱᛖᛋᚪ,373
layaway,92997,0,ᛚᚪᚣᚪᚹᚪᚣ,589
maillol,92854,0,ᛗᚪᛁᛚᛚᚩᛚ,425
canopic,92853,0,ᚳᚪᚾᚩᛈᛁᚳ,233
cannily,92825,0,ᚳᚪᚾᚾᛁᛚᚣ,375
ribband,92807,0,ᚱᛁᛒᛒᚪᚾᛞ,379
homages,92807,0,ᚻᚩᛗᚪᚷᛖᛋ,335
frailer,92800,0,ᚠᚱᚪᛁᛚᛖᚱ,292
overbear,92765,0,ᚩᚢᛖᚱᛒᛠᚱ,269
scrunch,92760,0,ᛋᚳᚱᚢᚾᚳᚻ,145
nordics,92734,0,ᚾᚩᚱᛞᛁᚳᛋ,233
spawner,92732,0,ᛋᛈᚪᚹᚾᛖᚱ,319
titulus,92676,0,ᛏᛁᛏᚢᛚᚢᛋ,281
koheleth,92640,0,ᚳᚩᚻᛖᛚᛖᚦ,255
sapless,92616,0,ᛋᚪᛈᛚᛖᛋᛋ,439
desisting,92615,0,ᛞᛖᛋᛁᛋᛏᛝ,431
assegai,92613,0,ᚪᛋᛋᛖᚷᚪᛁ,415
miscast,92558,0,ᛗᛁᛋᚳᚪᛋᛏ,377
unsized,92549,0,ᚢᚾᛋᛁᛋᛖᛞ,325
reelers,92544,0,ᚱᛖᛖᛚᛖᚱᛋ,349
hooters,92518,0,ᚻᚩᚩᛏᛖᚱᛋ,227
slobber,92493,0,ᛋᛚᚩᛒᛒᛖᚱ,333
lumpish,92441,0,ᛚᚢᛗᛈᛁᛋᚻ,297
probating,92433,0,ᛈᚱᚩᛒᚪᛏᛝ,357
stonier,92429,0,ᛋᛏᚩᚾᛁᛖᚱ,257
xeroxed,92375,0,ᛉᛖᚱᚩᛉᛖᛞ,335
beguine,92368,0,ᛒᛖᚷᚢᛁᚾᛖ,275
flaneur,92326,0,ᚠᛚᚪᚾᛖᚢᚱ,282
vincula,92315,0,ᚢᛁᚾᚳᚢᛚᚪ,249
gladder,92274,0,ᚷᛚᚪᛞᛞᛖᚱ,443
stupefy,92261,0,ᛋᛏᚢᛈᛖᚠᚣ,330
menhirs,92253,0,ᛗᛖᚾᚻᛁᚱᛋ,285
beatniks,92132,0,ᛒᛠᛏᚾᛁᚳᛋ,355
jerkins,92107,0,ᛂᛖᚱᚳᛁᚾᛋ,241
buglers,92035,0,ᛒᚢᚷᛚᛖᚱᛋ,285
flanker,92031,0,ᚠᛚᚪᚾᚳᛖᚱ,292
monachi,92019,0,ᛗᚩᚾᚪᚳᚻᛁ,271
panoche,91976,0,ᛈᚪᚾᚩᚳᚻᛖ,279
bugbears,91938,0,ᛒᚢᚷᛒᛠᚱᛋ,315
shakeup,91821,0,ᛋᚻᚪᚳᛖᚢᛈ,299
cavemen,91759,0,ᚳᚪᚢᛖᛗᛖᚾ,347
gateman,91757,0,ᚷᚪᛏᛖᛗᚪᚾ,437
remixed,91744,0,ᚱᛖᛗᛁᛉᛖᛞ,383
spindling,91691,0,ᛋᛈᛁᚾᛞᛚᛝ,397
cushite,91654,0,ᚳᚢᛋᚻᛁᛏᛖ,249
malvasia,91652,0,ᛗᚪᛚᚢᚪᛋᛡ,501
inglenook,91613,0,ᛝᛚᛖᚾᚩᚩᚳ,275
guzzler,91543,0,ᚷᚢᛋᛋᛚᛖᚱ,277
devoirs,91532,0,ᛞᛖᚢᚩᛁᚱᛋ,261
quayage,91514,0,ᚳᚹᚪᚣᚪᚷᛖ,413
sembled,91484,0,ᛋᛖᛗᛒᛚᛖᛞ,481
ashrams,91451,0,ᚪᛋᚻᚱᚪᛗᛋ,405
lentigo,91430,0,ᛚᛖᚾᛏᛁᚷᚩ,283
nervine,91369,0,ᚾᛖᚱᚢᛁᚾᛖ,237
engrafting,91355,0,ᛖᛝᚱᚪᚠᛏᛝ,394
pelasgi,91332,0,ᛈᛖᛚᚪᛋᚷᛁ,381
tressed,91327,0,ᛏᚱᛖᛋᛋᛖᛞ,399
waxwork,91312,0,ᚹᚪᛉᚹᚩᚱᚳ,213
enjoyer,91210,0,ᛖᚾᛂᚩᚣᛖᚱ,321
affusion,91133,0,ᚪᚠᚠᚢᛋᛡᚾ,293
firstling,91105,0,ᚠᛁᚱᛋᛏᛚᛝ,308
cameral,91090,0,ᚳᚪᛗᛖᚱᚪᛚ,429
misfiring,91069,0,ᛗᛁᛋᚠᛁᚱᛝ,278
cepheus,91023,0,ᚳᛖᛈᚻᛖᚢᛋ,269
mizraim,90991,0,ᛗᛁᛋᚱᚪᛁᛗ,365
tanbark,90981,0,ᛏᚪᚾᛒᚪᚱᚳ,367
quilled,90970,0,ᚳᚹᛁᛚᛚᛖᛞ,365
guesser,90919,0,ᚷᚢᛖᛋᛋᛖᚱ,271
fitment,90896,0,ᚠᛁᛏᛗᛖᚾᛏ,318
eidolon,90881,0,ᛖᛁᛞᚩᛚᚩᚾ,303
xenakis,90769,0,ᛉᛖᚾᚪᚳᛁᛋ,337
spooled,90768,0,ᛋᛈᚩᚩᛚᛖᛞ,339
smidgen,90723,0,ᛋᛗᛁᛞᚷᛖᚾ,357
spurius,90636,0,ᛋᛈᚢᚱᛁᚢᛋ,197
batteaux,90624,0,ᛒᚪᛏᛏᛠᚢᛉ,435
laibach,90570,0,ᛚᚪᛁᛒᚪᚳᚻ,395
comfits,90560,0,ᚳᚩᛗᚠᛁᛏᛋ,236
battler,90529,0,ᛒᚪᛏᛏᛚᛖᚱ,427
truckling,90506,0,ᛏᚱᚢᚳᚳᛚᛝ,251
spirant,90467,0,ᛋᛈᛁᚱᚪᚾᛏ,323
adullam,90337,0,ᚪᛞᚢᛚᛚᚪᛗ,503
statice,90272,0,ᛋᛏᚪᛏᛁᚳᛖ,379
elisions,90185,0,ᛖᛚᛁᛋᛡᚾᛋ,413
russets,90137,0,ᚱᚢᛋᛋᛖᛏᛋ,299
interning,90083,0,ᛁᚾᛏᛖᚱᚾᛝ,305
drunker,90000,0,ᛞᚱᚢᚾᚳᛖᚱ,223
unmoral,89940,0,ᚢᚾᛗᚩᚱᚪᛚ,291
sociably,89830,0,ᛋᚩᚳᛡᛒᛚᚣ,417
landmen,89807,0,ᛚᚪᚾᛞᛗᛖᚾ,455
jazzmen,89766,0,ᛂᚪᛋᛋᛗᛖᚾ,407
posthole,89764,0,ᛈᚩᛋᚦᚩᛚᛖ,255
closter,89702,0,ᚳᛚᚩᛋᛏᛖᚱ,283
hymeneal,89683,0,ᚻᚣᛗᛖᚾᛠᛚ,475
coucher,89678,0,ᚳᚩᚢᚳᚻᛖᚱ,137
snouted,89612,0,ᛋᚾᚩᚢᛏᛖᛞ,307
noctuid,89601,0,ᚾᚩᚳᛏᚢᛁᛞ,231
finical,89578,0,ᚠᛁᚾᛁᚳᚪᛚ,276
stemmer,89564,0,ᛋᛏᛖᛗᛗᛖᚱ,399
copecks,89554,0,ᚳᚩᛈᛖᚳᚳᛋ,209
gayness,89550,0,ᚷᚪᚣᚾᛖᛋᛋ,419
spicate,89528,0,ᛋᛈᛁᚳᚪᛏᛖ,363
monocot,89519,0,ᛗᚩᚾᚩᚳᚩᛏ,193
barters,89519,0,ᛒᚪᚱᛏᛖᚱᛋ,359
unbowed,89434,0,ᚢᚾᛒᚩᚹᛖᛞ,275
fisheye,89428,0,ᚠᛁᛋᚻᛖᚣᛖ,346
betakes,89418,0,ᛒᛖᛏᚪᚳᛖᛋ,417
becloud,89402,0,ᛒᛖᚳᛚᚩᚢᛞ,313
varlets,89375,0,ᚢᚪᚱᛚᛖᛏᛋ,363
slavering,89338,0,ᛋᛚᚪᚢᛖᚱᛝ,383
navarin,89329,0,ᚾᚪᚢᚪᚱᛁᚾ,297
tarpeian,89270,0,ᛏᚪᚱᛈᛖᛡᚾ,413
alumine,89268,0,ᚪᛚᚢᛗᛁᚾᛖ,371
turnery,89265,0,ᛏᚢᚱᚾᛖᚱᚣ,283
intuiting,89248,0,ᛁᚾᛏᚢᛁᛏᛝ,291
mattering,89184,0,ᛗᚪᛏᛏᛖᚱᛝ,443
cryogen,89184,0,ᚳᚱᚣᚩᚷᛖᚾ,247
palliating,89129,0,ᛈᚪᛚᛚᛡᛏᛝ,531
harveys,89108,0,ᚻᚪᚱᚢᛖᚣᛋ,357
jongleur,89106,0,ᛂᚩᛝᛚᛖᚢᚱ,277
tagetes,89102,0,ᛏᚪᚷᛖᛏᛖᛋ,419
aeriform,89048,0,ᚫᚱᛁᚠᚩᚱᛗ,234
ignitor,88995,0,ᛁᚷᚾᛁᛏᚩᚱ,185
belches,88992,0,ᛒᛖᛚᚳᚻᛖᛋ,357
rooters,88935,0,ᚱᚩᚩᛏᛖᚱᛋ,215
agential,88931,0,ᚪᚷᛖᚾᛏᛡᛚ,449
debouch,88925,0,ᛞᛖᛒᚩᚢᚳᚻ,263
hillmen,88813,0,ᚻᛁᛚᛚᛗᛖᚾ,367
mimosas,88760,0,ᛗᛁᛗᚩᛋᚪᛋ,383
praline,88749,0,ᛈᚱᚪᛚᛁᚾᛖ,351
skitter,88665,0,ᛋᚳᛁᛏᛏᛖᚱ,293
sidemen,88639,0,ᛋᛁᛞᛖᛗᛖᚾ,407
armouring,88605,0,ᚪᚱᛗᚩᚢᚱᛝ,279
volscian,88536,0,ᚢᚩᛚᛋᚳᛡᚾ,285
domical,88494,0,ᛞᚩᛗᛁᚳᚪᛚ,381
termino,88474,0,ᛏᛖᚱᛗᛁᚾᚩ,275
draftee,88468,0,ᛞᚱᚪᚠᛏᛖᛖ,392
homeopath,88457,0,ᚻᚩᛗᛇᛈᚪᚦ,287
tuckers,88441,0,ᛏᚢᚳᚳᛖᚱᛋ,219
spasmed,88393,0,ᛋᛈᚪᛋᛗᛖᛞ,473
subliming,88385,0,ᛋᚢᛒᛚᛁᛗᛝ,371
tilletia,88381,0,ᛏᛁᛚᛚᛖᛏᛡ,469
maestros,88380,0,ᛗᚫᛋᛏᚱᚩᛋ,355
bevelling,88139,0,ᛒᛖᚢᛖᛚᛚᛝ,423
scupper,88062,0,ᛋᚳᚢᛈᛈᛖᚱ,233
confuting,88050,0,ᚳᚩᚾᚠᚢᛏᛝ,192
luggers,88036,0,ᛚᚢᚷᚷᛖᚱᛋ,241
shoutings,87917,0,ᛋᚻᚩᚢᛏᛝᛋ,277
victrix,87904,0,ᚢᛁᚳᛏᚱᛁᛉ,195
foretop,87877,0,ᚠᚩᚱᛖᛏᚩᛈ,196
phloxes,87865,0,ᛈᚻᛚᚩᛉᛖᛋ,313
larders,87816,0,ᛚᚪᚱᛞᛖᚱᛋ,401
canards,87813,0,ᚳᚪᚾᚪᚱᛞᛋ,389
foreset,87797,0,ᚠᚩᚱᛖᛋᛖᛏ,266
meekest,87792,0,ᛗᛖᛖᚳᛖᛋᛏ,397
franker,87790,0,ᚠᚱᚪᚾᚳᛖᚱ,230
bistros,87747,0,ᛒᛁᛋᛏᚱᚩᛋ,275
dyarchy,87732,0,ᛞᚣᚪᚱᚳᚻᚣ,439
micmacs,87706,0,ᛗᛁᚳᛗᚪᚳᛋ,349
wouldnt,87696,0,ᚹᚩᚢᛚᛞᚾᛏ,279
unowned,87602,0,ᚢᚾᚩᚹᚾᛖᛞ,243
gourdes,87531,0,ᚷᚩᚢᚱᛞᛖᛋ,247
gabbled,87426,0,ᚷᚪᛒᛒᛚᛖᛞ,465
idiolect,87350,0,ᛁᛞᛡᛚᛖᚳᛏ,439
loculus,87286,0,ᛚᚩᚳᚢᛚᚢᛋ,225
pochard,87228,0,ᛈᚩᚳᚻᚪᚱᛞ,283
heritor,87175,0,ᚻᛖᚱᛁᛏᚩᚱ,209
alfreda,87167,0,ᚪᛚᚠᚱᛖᛞᚪ,436
speckling,87157,0,ᛋᛈᛖᚳᚳᛚᛝ,341
challah,87143,0,ᚳᚻᚪᛚᛚᚪᚻ,399
phacelia,87088,0,ᛈᚻᚪᚳᛖᛚᛡ,423
drawees,87080,0,ᛞᚱᚪᚹᛖᛖᛋ,403
carinal,87065,0,ᚳᚪᚱᛁᚾᚪᛚ,351
pinworm,87043,0,ᛈᛁᚾᚹᚩᚱᛗ,211
escolar,87026,0,ᛖᛋᚳᚩᛚᚪᚱ,321
gutless,87011,0,ᚷᚢᛏᛚᛖᛋᛋ,325
mounter,87003,0,ᛗᚩᚢᚾᛏᛖᚱ,247
moraceae,86990,0,ᛗᚩᚱᚪᚳᛠᛖ,375
curacoa,86891,0,ᚳᚢᚱᚪᚳᚩᚪ,241
angiopathy,86815,0,ᚪᛝᛡᛈᚪᚦᚣ,531
degreed,86808,0,ᛞᛖᚷᚱᛖᛖᛞ,407
burtons,86808,0,ᛒᚢᚱᛏᚩᚾᛋ,223
radiants,86795,0,ᚱᚪᛞᛡᚾᛏᛋ,445
beshrew,86776,0,ᛒᛖᛋᚻᚱᛖᚹ,301
haulier,86707,0,ᚻᚪᚢᛚᛁᛖᚱ,305
hellcat,86706,0,ᚻᛖᛚᛚᚳᚪᛏ,405
extorts,86701,0,ᛖᛉᛏᚩᚱᛏᛋ,303
bernicia,86687,0,ᛒᛖᚱᚾᛁᚳᛡ,319
conflux,86662,0,ᚳᚩᚾᚠᛚᚢᛉ,174
furcate,86652,0,ᚠᚢᚱᚳᚪᛏᛖ,252
cabbies,86640,0,ᚳᚪᛒᛒᛁᛖᛋ,383
libelling,86597,0,ᛚᛁᛒᛖᛚᛚᛝ,457
cowhand,86587,0,ᚳᚩᚹᚻᚪᚾᛞ,277
weeders,86585,0,ᚹᛖᛖᛞᛖᚱᛋ,373
alcmena,86585,0,ᚪᛚᚳᛗᛖᚾᚪ,447
unhooking,86527,0,ᚢᚾᚻᚩᚩᚳᛝ,161
unhoped,86432,0,ᚢᚾᚻᚩᛈᛖᛞ,261
misreads,86419,0,ᛗᛁᛋᚱᛠᛞᛋ,417
nepenthe,86403,0,ᚾᛖᛈᛖᚾᚦᛖ,307
starching,86277,0,ᛋᛏᚪᚱᚳᚻᛝ,335
moorhen,86237,0,ᛗᚩᚩᚱᚻᛖᚾ,215
nectars,86233,0,ᚾᛖᚳᛏᚪᚱᛋ,329
samoyed,86211,0,ᛋᚪᛗᚩᚣᛖᛞ,487
jennies,86202,0,ᛂᛖᚾᚾᛁᛖᛋ,313
flivver,86200,0,ᚠᛚᛁᚢᚢᛖᚱ,190
addrest,86197,0,ᚪᛞᛞᚱᛖᛋᛏ,465
recanting,86195,0,ᚱᛖᚳᚪᚾᛏᛝ,355
flogger,86171,0,ᚠᛚᚩᚷᚷᛖᚱ,194
rabidly,86131,0,ᚱᚪᛒᛁᛞᛚᚣ,465
northman,86110,0,ᚾᚩᚱᚦᛗᚪᚾ,249
zealotry,86107,0,ᛋᛠᛚᚩᛏᚱᚣ,415
lengthily,86089,0,ᛚᛖᛝᚦᛁᛚᚣ,431
hairdos,86084,0,ᚻᚪᛁᚱᛞᚩᛋ,311
pangolin,86067,0,ᛈᚪᛝᚩᛚᛁᚾ,359
peruses,86051,0,ᛈᛖᚱᚢᛋᛖᛋ,297
mutates,86003,0,ᛗᚢᛏᚪᛏᛖᛋ,409
slimmed,85991,0,ᛋᛚᛁᛗᛗᛖᛞ,455
injurer,85973,0,ᛁᚾᛂᚢᚱᛖᚱ,189
meshech,85961,0,ᛗᛖᛋᚻᛖᚳᚻ,317
feinted,85933,0,ᚠᛖᛁᚾᛏᛖᛞ,344
gurnard,85918,0,ᚷᚢᚱᚾᚪᚱᛞ,257
titbits,85916,0,ᛏᛁᛏᛒᛁᛏᛋ,353
percale,85892,0,ᛈᛖᚱᚳᚪᛚᛖ,371
churching,85884,0,ᚳᚻᚢᚱᚳᚻᛝ,165
demises,85842,0,ᛞᛖᛗᛁᛋᛖᛋ,431
damsons,85803,0,ᛞᚪᛗᛋᚩᚾᛋ,399
shavuot,85800,0,ᛋᚻᚪᚢᚢᚩᛏ,245
bizonal,85756,0,ᛒᛁᛋᚩᚾᚪᛚ,351
mayster,85723,0,ᛗᚪᚣᛋᛏᛖᚱ,461
roister,85648,0,ᚱᚩᛁᛋᛏᛖᚱ,239
otorrhea,85648,0,ᚩᛏᚩᚱᚱᚻᛠ,227
crammer,85647,0,ᚳᚱᚪᛗᛗᛖᚱ,341
unfilial,85639,0,ᚢᚾᚠᛁᛚᛡᛚ,318
hellene,85635,0,ᚻᛖᛚᛚᛖᚾᛖ,399
succors,85607,0,ᛋᚢᚳᚳᚩᚱᛋ,153
runoffs,85594,0,ᚱᚢᚾᚩᚠᚠᛋ,107
egalite,85560,0,ᛖᚷᚪᛚᛁᛏᛖ,411
lucanus,85529,0,ᛚᚢᚳᚪᚾᚢᛋ,271
pizzazz,85523,0,ᛈᛁᛋᛋᚪᛋᛋ,383
peccant,85498,0,ᛈᛖᚳᚳᚪᚾᛏ,321
medicos,85495,0,ᛗᛖᛞᛁᚳᚩᛋ,331
faddish,85484,0,ᚠᚪᛞᛞᛁᛋᚻ,384
overleap,85425,0,ᚩᚢᛖᚱᛚᛠᛈ,313
southron,85325,0,ᛋᚩᚢᚦᚱᚩᚾ,115
dovecot,85318,0,ᛞᚩᚢᛖᚳᚩᛏ,245
moorage,85316,0,ᛗᚩᚩᚱᚪᚷᛖ,277
volante,85302,0,ᚢᚩᛚᚪᚾᛏᛖ,335
pistole,85295,0,ᛈᛁᛋᛏᚩᛚᛖ,333
untwist,85289,0,ᚢᚾᛏᚹᛁᛋᛏ,253
pushups,85268,0,ᛈᚢᛋᚻᚢᛈᛋ,221
nearside,85262,0,ᚾᛠᚱᛋᛁᛞᛖ,389
candled,85239,0,ᚳᚪᚾᛞᛚᛖᛞ,457
labella,85218,0,ᛚᚪᛒᛖᛚᛚᚪ,541
boronic,85215,0,ᛒᚩᚱᚩᚾᛁᚳ,159
gulleys,85214,0,ᚷᚢᛚᛚᛖᚣᛋ,389
plushes,85208,0,ᛈᛚᚢᛋᚻᛖᛋ,315
triolein,85201,0,ᛏᚱᛡᛚᛖᛁᚾ,377
finmark,85147,0,ᚠᛁᚾᛗᚪᚱᚳ,254
aggress,85008,0,ᚪᚷᚷᚱᛖᛋᛋ,315
behinds,84940,0,ᛒᛖᚻᛁᚾᛞᛋ,353
northers,84899,0,ᚾᚩᚱᚦᛖᚱᛋ,183
ristori,84883,0,ᚱᛁᛋᛏᚩᚱᛁ,203
chortle,84883,0,ᚳᚻᚩᚱᛏᛚᛖ,253
fulmars,84754,0,ᚠᚢᛚᛗᚪᚱᛋ,310
chirrup,84707,0,ᚳᚻᛁᚱᚱᚢᛈ,135
suckles,84678,0,ᛋᚢᚳᚳᛚᛖᛋ,275
setoffs,84665,0,ᛋᛖᛏᚩᚠᚠᛋ,243
midmost,84652,0,ᛗᛁᛞᛗᚩᛋᛏ,381
neutering,84644,0,ᚾᛖᚢᛏᛖᚱᛝ,315
reapplying,84636,0,ᚱᛠᛈᛈᛚᚣᛝ,461
skookum,84518,0,ᛋᚳᚩᚩᚳᚢᛗ,167
juggles,84397,0,ᛂᚢᚷᚷᛚᛖᛋ,267
opsonin,84390,0,ᚩᛈᛋᚩᚾᛁᚾ,199
clyster,84327,0,ᚳᛚᚣᛋᛏᛖᚱ,379
overpay,84312,0,ᚩᚢᛖᚱᛈᚪᚣ,331
headword,84298,0,ᚻᛠᛞᚹᚩᚱᛞ,347
tippers,84294,0,ᛏᛁᛈᛈᛖᚱᛋ,307
armours,84294,0,ᚪᚱᛗᚩᚢᚱᛋ,253
metonym,84284,0,ᛗᛖᛏᚩᚾᚣᛗ,407
leveret,84255,0,ᛚᛖᚢᛖᚱᛖᛏ,347
kirkton,84149,0,ᚳᛁᚱᚳᛏᚩᚾ,163
younker,84114,0,ᚣᚩᚢᚾᚳᛖᚱ,233
stingrays,84080,0,ᛋᛏᛝᚱᚪᚣᛋ,455
fightings,84041,0,ᚠᛁᚷᚻᛏᛝᛋ,264
hubcaps,84024,0,ᚻᚢᛒᚳᚪᛈᛋ,293
inertias,84016,0,ᛁᚾᛖᚱᛏᛡᛋ,357
nibelung,83973,0,ᚾᛁᛒᛖᛚᚢᛝ,343
jiggers,83973,0,ᛂᛁᚷᚷᛖᚱᛋ,233
anthills,83835,0,ᚪᚾᚦᛁᛚᛚᛋ,361
digamma,83807,0,ᛞᛁᚷᚪᛗᛗᚪ,473
redcoat,83794,0,ᚱᛖᛞᚳᚩᚪᛏ,343
prances,83695,0,ᛈᚱᚪᚾᚳᛖᛋ,313
ketches,83689,0,ᚳᛖᛏᚳᚻᛖᛋ,295
theologic,83672,0,ᚦᛇᛚᚩᚷᛁᚳ,187
piscine,83668,0,ᛈᛁᛋᚳᛁᚾᛖ,267
rhizoid,83654,0,ᚱᚻᛁᛋᚩᛁᛞ,245
windbag,83651,0,ᚹᛁᚾᛞᛒᚪᚷ,343
canapes,83600,0,ᚳᚪᚾᚪᛈᛖᛋ,399
toucher,83548,0,ᛏᚩᚢᚳᚻᛖᚱ,183
rippers,83536,0,ᚱᛁᛈᛈᛖᚱᛋ,259
hoarder,83522,0,ᚻᚩᚪᚱᛞᛖᚱ,305
ortolan,83482,0,ᚩᚱᛏᚩᛚᚪᚾ,283
pasquin,83369,0,ᛈᚪᛋᚳᚹᛁᚾ,285
goggled,83341,0,ᚷᚩᚷᚷᛚᛖᛞ,287
modiste,83324,0,ᛗᚩᛞᛁᛋᛏᛖ,377
hayseed,83230,0,ᚻᚪᚣᛋᛖᛖᛞ,499
spendings,83228,0,ᛋᛈᛖᚾᛞᛝᛋ,413
flyways,83195,0,ᚠᛚᚣᚹᚪᚣᛋ,450
manlier,83188,0,ᛗᚪᚾᛚᛁᛖᚱ,379
toponym,83150,0,ᛏᚩᛈᚩᚾᚣᛗ,319
ayyubid,83139,0,ᚪᚣᚣᚢᛒᛁᛞ,487
questor,83045,0,ᚳᚹᛖᛋᛏᚩᚱ,229
hearkens,83042,0,ᚻᛠᚱᚳᛖᚾᛋ,305
clouted,83012,0,ᚳᛚᚩᚢᛏᛖᛞ,311
mistery,83011,0,ᛗᛁᛋᛏᛖᚱᚣ,395
ebonics,82978,0,ᛖᛒᚩᚾᛁᚳᛋ,261
nepalis,82951,0,ᚾᛖᛈᚪᛚᛁᛋ,393
adeptly,82948,0,ᚪᛞᛖᛈᛏᛚᚣ,531
sonchus,82884,0,ᛋᚩᚾᚳᚻᚢᛋ,181
hemionus,82862,0,ᚻᛖᛗᛡᚾᚢᛋ,353
burster,82850,0,ᛒᚢᚱᛋᛏᛖᚱ,265
mountie,82830,0,ᛗᚩᚢᚾᛏᛁᛖ,267
astwood,82812,0,ᚪᛋᛏᚹᚩᚩᛞ,331
embanking,82804,0,ᛖᛗᛒᚪᚾᚳᛝ,417
octavos,82795,0,ᚩᚳᛏᚪᚢᚩᛋ,239
steenie,82786,0,ᛋᛏᛖᛖᚾᛁᛖ,373
powwows,82746,0,ᛈᚩᚹᚹᚩᚹᛋ,167
subadar,82718,0,ᛋᚢᛒᚪᛞᚪᚱ,411
remould,82706,0,ᚱᛖᛗᚩᚢᛚᛞ,321
calcify,82629,0,ᚳᚪᛚᚳᛁᚠᚣ,332
cullers,82575,0,ᚳᚢᛚᛚᛖᚱᛋ,293
scabious,82545,0,ᛋᚳᚪᛒᛡᚢᛋ,387
lagunas,82525,0,ᛚᚪᚷᚢᚾᚪᛋ,369
carotin,82511,0,ᚳᚪᚱᚩᛏᛁᚾ,247
apelike,82502,0,ᚪᛈᛖᛚᛁᚳᛖ,391
lambkin,82447,0,ᛚᚪᛗᛒᚳᛁᚾ,375
trembly,82414,0,ᛏᚱᛖᛗᛒᛚᚣ,445
knobbly,82412,0,ᚳᚾᚩᛒᛒᛚᚣ,347
furbish,82380,0,ᚠᚢᚱᛒᛁᛋᚻ,184
guzzled,82336,0,ᚷᚢᛋᛋᛚᛖᛞ,355
noughts,82267,0,ᚾᚩᚢᚷᚻᛏᛋ,191
theropod,82196,0,ᚦᛖᚱᚩᛈᚩᛞ,229
mightst,82169,0,ᛗᛁᚷᚻᛏᛋᛏ,313
loutish,82114,0,ᛚᚩᚢᛏᛁᛋᚻ,249
biddies,82062,0,ᛒᛁᛞᛞᛁᛖᛋ,421
flitter,82050,0,ᚠᛚᛁᛏᛏᛖᚱ,302
wilders,82040,0,ᚹᛁᛚᛞᛖᚱᛋ,343
newspeak,82000,0,ᚾᛖᚹᛋᛈᛠᚳ,333
wranglings,81976,0,ᚹᚱᚪᛝᛚᛝᛋ,411
dollops,81955,0,ᛞᚩᛚᛚᚩᛈᛋ,345
cackles,81950,0,ᚳᚪᚳᚳᛚᛖᛋ,329
reviver,81820,0,ᚱᛖᚢᛁᚢᛖᚱ,193
pascals,81807,0,ᛈᚪᛋᚳᚪᛚᛋ,429
garaged,81770,0,ᚷᚪᚱᚪᚷᛖᛞ,395
atomize,81664,0,ᚪᛏᚩᛗᛁᛋᛖ,385
soldado,81659,0,ᛋᚩᛚᛞᚪᛞᚩ,415
relives,81599,0,ᚱᛖᛚᛁᚢᛖᛋ,305
amnesiac,81596,0,ᚪᛗᚾᛖᛋᛡᚳ,437
coopering,81581,0,ᚳᚩᚩᛈᛖᚱᛝ,227
cliburn,81578,0,ᚳᛚᛁᛒᚢᚱᚾ,221
caymans,81542,0,ᚳᚪᚣᛗᚪᚾᛋ,463
kitschy,81472,0,ᚳᛁᛏᛋᚳᚻᚣ,295
impugns,81398,0,ᛁᛗᛈᚢᚷᚾᛋ,247
rychard,81360,0,ᚱᚣᚳᚻᚪᚱᛞ,347
talmuds,81351,0,ᛏᚪᛚᛗᚢᛞᛋ,445
puckers,81313,0,ᛈᚢᚳᚳᛖᚱᛋ,203
puzzler,81309,0,ᛈᚢᛋᛋᛚᛖᚱ,303
piercer,81291,0,ᛈᛁᛖᚱᚳᛖᚱ,243
briareus,81275,0,ᛒᚱᛡᚱᛖᚢᛋ,313
marabou,81253,0,ᛗᚪᚱᚪᛒᚩᚢ,347
monarda,81241,0,ᛗᚩᚾᚪᚱᛞᚪ,401
cheapens,81223,0,ᚳᚻᛠᛈᛖᚾᛋ,337
strawed,81204,0,ᛋᛏᚱᚪᚹᛖᛞ,395
canasta,81165,0,ᚳᚪᚾᚪᛋᛏᚪ,445
tureens,81144,0,ᛏᚢᚱᛖᛖᚾᛋ,289
quiches,81097,0,ᚳᚹᛁᚳᚻᛖᛋ,219
hastate,81077,0,ᚻᚪᛋᛏᚪᛏᛖ,455
carpals,81044,0,ᚳᚪᚱᛈᚪᛚᛋ,387
muggins,80978,0,ᛗᚢᚷᚷᛁᚾᛋ,221
mugwump,80966,0,ᛗᚢᚷᚹᚢᛗᛈ,227
bracted,80964,0,ᛒᚱᚪᚳᛏᛖᛞ,397
hatband,80960,0,ᚻᚪᛏᛒᚪᚾᛞ,455
pleasers,80944,0,ᛈᛚᛠᛋᛖᚱᛋ,409
antilog,80926,0,ᚪᚾᛏᛁᛚᚩᚷ,313
inhered,80924,0,ᛁᚾᚻᛖᚱᛖᛞ,317
scoters,80894,0,ᛋᚳᚩᛏᛖᚱᛋ,263
delousing,80851,0,ᛞᛖᛚᚩᚢᛋᛝ,371
livened,80829,0,ᛚᛁᚢᛖᚾᛖᛞ,359
montjoy,80763,0,ᛗᚩᚾᛏᛂᚩᚣ,313
serpula,80672,0,ᛋᛖᚱᛈᚢᛚᚪ,347
humidor,80647,0,ᚻᚢᛗᛁᛞᚩᚱ,235
vanners,80643,0,ᚢᚪᚾᚾᛖᚱᛋ,289
cervidae,80616,0,ᚳᛖᚱᚢᛁᛞᚫ,315
definer,80605,0,ᛞᛖᚠᛁᚾᛖᚱ,296
holdall,80583,0,ᚻᚩᛚᛞᚪᛚᛚ,435
owenite,80549,0,ᚩᚹᛖᚾᛁᛏᛖ,279
sottish,80512,0,ᛋᚩᛏᛏᛁᛋᚻ,285
toggled,80467,0,ᛏᚩᚷᚷᛚᛖᛞ,329
blighty,80467,0,ᛒᛚᛁᚷᚻᛏᚣ,367
kelvins,80463,0,ᚳᛖᛚᚢᛁᚾᛋ,269
detents,80385,0,ᛞᛖᛏᛖᚾᛏᛋ,423
enrages,80361,0,ᛖᚾᚱᚪᚷᛖᛋ,341
areolate,80281,0,ᚪᚱᛇᛚᚪᛏᛖ,445
tickers,80250,0,ᛏᛁᚳᚳᛖᚱᛋ,247
chaffer,80167,0,ᚳᚻᚪᚠᚠᛖᚱ,215
chewers,80165,0,ᚳᚻᛖᚹᛖᚱᛋ,253
jellyby,80157,0,ᛂᛖᛚᛚᚣᛒᚣ,517
earmuffs,80156,0,ᛠᚱᛗᚢᚠᚠᛋ,251
winched,80150,0,ᚹᛁᚾᚳᚻᛖᛞ,271
rohilla,80120,0,ᚱᚩᚻᛁᛚᛚᚪ,315
regrind,80100,0,ᚱᛖᚷᚱᛁᚾᛞ,255
yojanas,80081,0,ᚣᚩᛂᚪᚾᚪᛋ,423
myology,80081,0,ᛗᚣᚩᛚᚩᚷᚣ,381
exurban,80025,0,ᛖᛉᚢᚱᛒᚪᚾ,315
dinmont,80020,0,ᛞᛁᚾᛗᚩᚾᛏ,315
datives,80016,0,ᛞᚪᛏᛁᚢᛖᛋ,399
plights,80000,0,ᛈᛚᛁᚷᚻᛏᛋ,299
fellahs,79993,0,ᚠᛖᛚᛚᚪᚻᛋ,388
pomatum,79943,0,ᛈᚩᛗᚪᛏᚢᛗ,351
belushi,79874,0,ᛒᛖᛚᚢᛋᚻᛁ,311
dottore,79840,0,ᛞᚩᛏᛏᚩᚱᛖ,299
tideway,79815,0,ᛏᛁᛞᛖᚹᚪᚣ,465
freebie,79813,0,ᚠᚱᛖᛖᛒᛁᛖ,306
maniple,79746,0,ᛗᚪᚾᛁᛈᛚᛖ,411
procris,79730,0,ᛈᚱᚩᚳᚱᛁᛋ,169
overawing,79722,0,ᚩᚢᛖᚱᚪᚹᛝ,283
politer,79710,0,ᛈᚩᛚᛁᛏᛖᚱ,291
volleying,79692,0,ᚢᚩᛚᛚᛖᚣᛝ,405
southpaw,79692,0,ᛋᚩᚢᚦᛈᚪᚹ,227
bookers,79659,0,ᛒᚩᚩᚳᛖᚱᛋ,219
shoppes,79577,0,ᛋᚻᚩᛈᛈᛖᛋ,289
shotted,79565,0,ᛋᚻᚩᛏᛏᛖᛞ,357
facetiae,79543,0,ᚠᚪᚳᛖᛏᛡᛖ,412
upturns,79538,0,ᚢᛈᛏᚢᚱᚾᛋ,201
pudenda,79487,0,ᛈᚢᛞᛖᚾᛞᚪ,417
weepers,79485,0,ᚹᛖᛖᛈᛖᚱᛋ,327
cowgate,79468,0,ᚳᚩᚹᚷᚪᛏᛖ,279
cavalla,79403,0,ᚳᚪᚢᚪᛚᛚᚪ,453
lurcher,79348,0,ᛚᚢᚱᚳᚻᛖᚱ,201
erotism,79189,0,ᛖᚱᚩᛏᛁᛋᛗ,299
pettish,79180,0,ᛈᛖᛏᛏᛁᛋᚻ,335
upthrown,79174,0,ᚢᛈᚦᚱᚩᚹᚾ,117
gestating,79168,0,ᚷᛖᛋᛏᚪᛏᛝ,431
ardours,79168,0,ᚪᚱᛞᚩᚢᚱᛋ,271
unpoetic,79147,0,ᚢᚾᛈᛟᛏᛁᚳ,261
accosts,79017,0,ᚪᚳᚳᚩᛋᛏᛋ,295
scalper,79004,0,ᛋᚳᚪᛚᛈᛖᚱ,357
mettled,78989,0,ᛗᛖᛏᛏᛚᛖᛞ,485
morgues,78945,0,ᛗᚩᚱᚷᚢᛖᛋ,229
crimina,78907,0,ᚳᚱᛁᛗᛁᚾᚪ,283
gemsbok,78895,0,ᚷᛖᛗᛋᛒᚩᚳ,289
dubiety,78894,0,ᛞᚢᛒᛁᛖᛏᚣ,413
scoggin,78820,0,ᛋᚳᚩᚷᚷᛁᚾ,167
parboil,78813,0,ᛈᚪᚱᛒᚩᛁᛚ,323
trounce,78804,0,ᛏᚱᚩᚢᚾᚳᛖ,189
clangour,78768,0,ᚳᛚᚪᛝᚩᚢᚱ,283
fensive,78724,0,ᚠᛖᚾᛋᛁᚢᛖ,252
shunter,78688,0,ᛋᚻᚢᚾᛏᛖᚱ,245
jumbles,78684,0,ᛂᚢᛗᛒᛚᛖᛋ,365
durhams,78684,0,ᛞᚢᚱᚻᚪᛗᛋ,347
lawbook,78681,0,ᛚᚪᚹᛒᚩᚩᚳ,277
wombats,78653,0,ᚹᚩᛗᛒᚪᛏᛋ,367
slidingly,78645,0,ᛋᛚᛁᛞᛝᛚᚣ,501
nonslip,78596,0,ᚾᚩᚾᛋᛚᛁᛈ,265
oneiric,78517,0,ᚩᚾᛖᛁᚱᛁᚳ,189
pibroch,78490,0,ᛈᛁᛒᚱᚩᚳᚻ,189
chortling,78439,0,ᚳᚻᚩᚱᛏᛚᛝ,265
eutherian,78431,0,ᛖᚢᚦᛖᚱᛡᚾ,289
redpoll,78390,0,ᚱᛖᛞᛈᚩᛚᛚ,363
romaunt,78378,0,ᚱᚩᛗᚪᚢᚾᛏ,277
pannage,78304,0,ᛈᚪᚾᚾᚪᚷᛖ,379
revilings,78290,0,ᚱᛖᚢᛁᛚᛝᛋ,317
roomier,78273,0,ᚱᚩᚩᛗᛁᛖᚱ,205
sarcode,78247,0,ᛋᚪᚱᚳᚩᛞᛖ,337
tsardom,78230,0,ᛏᛋᚪᚱᛞᚩᛗ,387
bobsled,78202,0,ᛒᚩᛒᛋᛚᛖᛞ,411
sorrels,78140,0,ᛋᚩᚱᚱᛖᛚᛋ,275
gallinae,78048,0,ᚷᚪᛚᛚᛁᚾᚫ,421
morrows,78047,0,ᛗᚩᚱᚱᚩᚹᛋ,179
beseems,78026,0,ᛒᛖᛋᛖᛖᛗᛋ,439
centner,78022,0,ᚳᛖᚾᛏᚾᛖᚱ,275
middest,77912,0,ᛗᛁᛞᛞᛖᛋᛏ,459
inutile,77907,0,ᛁᚾᚢᛏᛁᛚᛖ,293
lumpers,77900,0,ᛚᚢᛗᛈᛖᚱᛋ,321
tranced,77897,0,ᛏᚱᚪᚾᚳᛖᛞ,365
wantons,77878,0,ᚹᚪᚾᛏᚩᚾᛋ,293
maillot,77823,0,ᛗᚪᛁᛚᛚᚩᛏ,411
charier,77803,0,ᚳᚻᚪᚱᛁᛖᚱ,253
kainite,77794,0,ᚳᚪᛁᚾᛁᛏᛖ,327
nonskid,77731,0,ᚾᚩᚾᛋᚳᛁᛞ,251
daystar,77697,0,ᛞᚪᚣᛋᛏᚪᚱ,509
alcoran,77661,0,ᚪᛚᚳᚩᚱᚪᚾ,327
austins,77653,0,ᚪᚢᛋᛏᛁᚾᛋ,325
unpacks,77633,0,ᚢᚾᛈᚪᚳᚳᛋ,251
fanlike,77619,0,ᚠᚪᚾᛚᛁᚳᛖ,312
solvating,77609,0,ᛋᚩᛚᚢᚪᛏᛝ,371
shammar,77580,0,ᛋᚻᚪᛗᛗᚪᚱ,423
adamite,77499,0,ᚪᛞᚪᛗᛁᛏᛖ,511
squarer,77465,0,ᛋᚳᚹᚪᚱᛖᚱ,271
antiquing,77420,0,ᚪᚾᛏᛁᚳᚹᛝ,327
aerostat,77408,0,ᚫᚱᚩᛋᛏᚪᛏ,387
postbox,77400,0,ᛈᚩᛋᛏᛒᚩᛉ,277
cozened,77394,0,ᚳᚩᛋᛖᚾᛖᛞ,325
outsole,77389,0,ᚩᚢᛏᛋᚩᛚᛖ,269
reloads,77380,0,ᚱᛖᛚᚩᚪᛞᛋ,397
cappers,77375,0,ᚳᚪᛈᛈᛖᚱᛋ,327
sestina,77301,0,ᛋᛖᛋᛏᛁᚾᚪ,389
bignonia,77240,0,ᛒᛁᚷᚾᚩᚾᛡ,281
debunks,77164,0,ᛞᛖᛒᚢᚾᚳᛋ,315
bioscope,77151,0,ᛒᛡᛋᚳᚩᛈᛖ,351
picotee,77139,0,ᛈᛁᚳᚩᛏᛖᛖ,287
hyphema,77136,0,ᚻᚣᛈᚻᛖᛗᚪ,427
whicker,77084,0,ᚹᚻᛁᚳᚳᛖᚱ,177
phonies,77037,0,ᛈᚻᚩᚾᛁᛖᛋ,253
unfurls,77024,0,ᚢᚾᚠᚢᚱᛚᛋ,174
sunbathe,76991,0,ᛋᚢᚾᛒᚪᚦᛖ,315
hustles,76979,0,ᚻᚢᛋᛏᛚᛖᛋ,331
bobbies,76970,0,ᛒᚩᛒᛒᛁᛖᛋ,341
quislings,76933,0,ᚳᚹᛁᛋᛚᛝᛋ,321
loiters,76923,0,ᛚᚩᛁᛏᛖᚱᛋ,301
petrify,76877,0,ᛈᛖᛏᚱᛁᚠᚣ,316
torqued,76846,0,ᛏᚩᚱᚳᚹᛖᛞ,265
chaines,76835,0,ᚳᚻᚪᛁᚾᛖᛋ,313
pintado,76818,0,ᛈᛁᚾᛏᚪᛞᚩ,355
stretto,76793,0,ᛋᛏᚱᛖᛏᛏᚩ,315
nonpaying,76760,0,ᚾᚩᚾᛈᚪᚣᛝ,387
scabiosa,76735,0,ᛋᚳᚪᛒᛡᛋᚪ,481
heliacal,76721,0,ᚻᛖᛚᛡᚳᚪᛚ,453
knacker,76657,0,ᚳᚾᚪᚳᚳᛖᚱ,243
mezuzah,76621,0,ᛗᛖᛋᚢᛋᚪᚻ,367
sheerly,76563,0,ᛋᚻᛖᛖᚱᛚᚣ,397
chigger,76515,0,ᚳᚻᛁᚷᚷᛖᚱ,179
carrack,76395,0,ᚳᚪᚱᚱᚪᚳᚳ,255
gyrated,76393,0,ᚷᚣᚱᚪᛏᛖᛞ,443
titters,76305,0,ᛏᛁᛏᛏᛖᚱᛋ,339
topazes,76281,0,ᛏᚩᛈᚪᛋᛖᛋ,379
mesonic,76269,0,ᛗᛖᛋᚩᚾᛁᚳ,271
visigoth,76267,0,ᚢᛁᛋᛁᚷᚩᚦ,147
damosel,76132,0,ᛞᚪᛗᚩᛋᛖᛚ,457
spright,76101,0,ᛋᛈᚱᛁᚷᚻᛏ,237
hayride,76095,0,ᚻᚪᚣᚱᛁᛞᛖ,421
allness,76052,0,ᚪᛚᛚᚾᛖᛋᛋ,445
nurslings,76039,0,ᚾᚢᚱᛋᛚᛝᛋ,301
couvade,76036,0,ᚳᚩᚢᚢᚪᛞᛖ,279
pensione,75965,0,ᛈᛖᚾᛋᛡᚾᛖ,395
anatidae,75951,0,ᚪᚾᚪᛏᛁᛞᚫ,503
bossism,75912,0,ᛒᚩᛋᛋᛁᛋᛗ,329
beingness,75771,0,ᛒᛖᛝᚾᛖᛋᛋ,409
gunnels,75710,0,ᚷᚢᚾᚾᛖᛚᛋ,271
coulees,75655,0,ᚳᚩᚢᛚᛖᛖᛋ,283
isaurian,75643,0,ᛁᛋᚪᚢᚱᛡᚾ,331
weirdos,75603,0,ᚹᛖᛁᚱᛞᚩᛋ,277
slithers,75551,0,ᛋᛚᛁᚦᛖᚱᛋ,293
permuting,75546,1,ᛈᛖᚱᛗᚢᛏᛝ,333
arabist,75528,0,ᚪᚱᚪᛒᛁᛋᛏ,409
hummers,75393,0,ᚻᚢᛗᛗᛖᚱᛋ,299
pupates,75385,0,ᛈᚢᛈᚪᛏᛖᛋ,365
furcula,75376,0,ᚠᚢᚱᚳᚢᛚᚪ,202
skittle,75356,0,ᛋᚳᛁᛏᛏᛚᛖ,355
tipster,75348,0,ᛏᛁᛈᛋᛏᛖᚱ,323
sleeker,75296,0,ᛋᛚᛖᛖᚳᛖᚱ,351
secants,75265,0,ᛋᛖᚳᚪᚾᛏᛋ,371
sidearms,75262,0,ᛋᛁᛞᛠᚱᛗᛋ,417
knotter,75259,0,ᚳᚾᚩᛏᛏᛖᚱ,245
unfunny,75221,0,ᚢᚾᚠᚢᚾᚾᚣ,198
synechia,75183,0,ᛋᚣᚾᛖᚳᚻᛡ,395
steerer,75144,0,ᛋᛏᛖᛖᚱᛖᚱ,335
snuffle,75130,0,ᛋᚾᚢᚠᚠᛚᛖ,229
newbies,75127,0,ᚾᛖᚹᛒᛁᛖᛋ,327
fleabane,75093,0,ᚠᛚᛠᛒᚪᚾᛖ,438
mommies,74989,0,ᛗᚩᛗᛗᛁᛖᛋ,371
carolling,74958,0,ᚳᚪᚱᚩᛚᛚᛝ,353
manumit,74905,0,ᛗᚪᚾᚢᛗᛁᛏ,361
pointings,74876,0,ᛈᚩᛁᚾᛏᛝᛋ,301
clammed,74852,0,ᚳᛚᚪᛗᛗᛖᛞ,481
chocked,74852,0,ᚳᚻᚩᚳᚳᛖᛞ,225
billies,74776,0,ᛒᛁᛚᛚᛁᛖᛋ,389
scoldings,74753,0,ᛋᚳᚩᛚᛞᛝᛋ,367
soakage,74750,0,ᛋᚩᚪᚳᚪᚷᛖ,351
mastheads,74693,0,ᛗᚪᛋᚦᛠᛞᛋ,477
knighting,74677,0,ᚳᚾᛁᚷᚻᛏᛝ,251
dormice,74668,0,ᛞᚩᚱᛗᛁᚳᛖ,289
macrame,74643,0,ᛗᚪᚳᚱᚪᛗᛖ,427
satyric,74577,0,ᛋᚪᛏᚣᚱᛁᚳ,367
rhymers,74530,0,ᚱᚻᚣᛗᛖᚱᛋ,339
trudges,74513,0,ᛏᚱᚢᛞᚷᛖᛋ,299
feasance,74504,0,ᚠᛠᛋᚪᚾᚳᛖ,370
pailful,74479,0,ᛈᚪᛁᛚᚠᚢᛚ,322
luridly,74471,0,ᛚᚢᚱᛁᛞᛚᚣ,383
baptisia,74412,0,ᛒᚪᛈᛏᛁᛋᛡ,451
conchos,74334,0,ᚳᚩᚾᚳᚻᚩᛋ,145
headlock,74284,0,ᚻᛠᛞᛚᚩᚳᚳ,327
bowlegs,74279,0,ᛒᚩᚹᛚᛖᚷᛋ,297
shagged,74204,0,ᛋᚻᚪᚷᚷᛖᛞ,363
eponyms,74174,0,ᛖᛈᚩᚾᚣᛗᛋ,373
outwits,74078,0,ᚩᚢᛏᚹᛁᛏᛋ,231
pintles,74059,0,ᛈᛁᚾᛏᛚᛖᛋ,355
instils,74058,0,ᛁᚾᛋᛏᛁᛚᛋ,329
outsell,74045,0,ᚩᚢᛏᛋᛖᛚᛚ,335
yoursel,74035,0,ᚣᚩᚢᚱᛋᛖᛚ,317
baklava,74034,0,ᛒᚪᚳᛚᚪᚢᚪ,441
forepaw,73976,0,ᚠᚩᚱᛖᛈᚪᚹ,246
flunkey,73974,0,ᚠᛚᚢᚾᚳᛖᚣ,290
taggers,73932,0,ᛏᚪᚷᚷᛖᚱᛋ,321
phrasings,73859,0,ᛈᚻᚱᚪᛋᛝᛋ,359
vachell,73846,0,ᚢᚪᚳᚻᛖᛚᛚ,349
koumiss,73837,0,ᚳᚩᚢᛗᛁᛋᛋ,231
utrillo,73730,0,ᚢᛏᚱᛁᛚᛚᚩ,257
pleonasm,73674,0,ᛈᛚᛇᚾᚪᛋᛗ,407
gobbles,73671,0,ᚷᚩᛒᛒᛚᛖᛋ,339
derbies,73666,0,ᛞᛖᚱᛒᛁᛖᛋ,379
aproned,73601,0,ᚪᛈᚱᚩᚾᛖᛞ,343
plangent,73555,0,ᛈᛚᚪᛝᛖᚾᛏ,447
foulard,73534,0,ᚠᚩᚢᛚᚪᚱᛞ,282
buddleia,73534,0,ᛒᚢᛞᛞᛚᛖᛡ,489
unsplit,73455,0,ᚢᚾᛋᛈᛚᛁᛏ,291
azygous,73380,0,ᚪᛋᚣᚷᚩᚢᛋ,333
rehouse,73289,0,ᚱᛖᚻᚩᚢᛋᛖ,231
morceaux,73263,0,ᛗᚩᚱᚳᛠᚢᛉ,261
boastings,73256,0,ᛒᚩᚪᛋᛏᛝᛋ,409
pruners,73214,0,ᛈᚱᚢᚾᛖᚱᛋ,217
emptily,73214,0,ᛖᛗᛈᛏᛁᛚᚣ,447
battening,73194,0,ᛒᚪᛏᛏᛖᚾᛝ,451
imprese,73174,0,ᛁᛗᛈᚱᛖᛋᛖ,343
dynamis,73152,0,ᛞᚣᚾᚪᛗᛁᛋ,473
wailers,73142,0,ᚹᚪᛁᛚᛖᚱᛋ,351
chuffed,73140,0,ᚳᚻᚢᚠᚠᛖᛞ,199
jussive,73129,0,ᛂᚢᛋᛋᛁᚢᛖ,247
askaris,73129,0,ᚪᛋᚳᚪᚱᛁᛋ,355
poconos,73088,0,ᛈᚩᚳᚩᚾᚩᛋ,159
sithence,73058,0,ᛋᛁᚦᛖᚾᚳᛖ,265
plucker,73048,0,ᛈᛚᚢᚳᚳᛖᚱ,223
ungloved,72993,0,ᚢᛝᛚᚩᚢᛖᛞ,321
fescues,72956,0,ᚠᛖᛋᚳᚢᛖᛋ,258
bedpans,72948,0,ᛒᛖᛞᛈᚪᚾᛋ,439
ladakhi,72862,0,ᛚᚪᛞᚪᚳᚻᛁ,423
gibsons,72845,0,ᚷᛁᛒᛋᚩᚾᛋ,251
unpitying,72838,0,ᚢᚾᛈᛁᛏᚣᛝ,347
elegiacs,72812,0,ᛖᛚᛖᚷᛡᚳᛋ,397
clachan,72733,0,ᚳᛚᚪᚳᚻᚪᚾ,345
skiagram,72722,0,ᛋᚳᛡᚷᚱᚪᛗ,369
sizzles,72710,0,ᛋᛁᛋᛋᛚᛖᛋ,383
castled,72689,0,ᚳᚪᛋᛏᛚᛖᛞ,451
barneys,72687,0,ᛒᚪᚱᚾᛖᚣᛋ,421
glyptic,72686,0,ᚷᛚᚣᛈᛏᛁᚳ,339
twistings,72677,0,ᛏᚹᛁᛋᛏᛝᛋ,353
delphin,72661,0,ᛞᛖᛚᛈᚻᛁᚾ,355
crapper,72578,0,ᚳᚱᚪᛈᛈᛖᚱ,285
puddler,72556,0,ᛈᚢᛞᛞᛚᛖᚱ,375
impends,72556,0,ᛁᛗᛈᛖᚾᛞᛋ,383
drogues,72529,0,ᛞᚱᚩᚷᚢᛖᛋ,247
hotdogs,72485,0,ᚻᚩᛏᛞᚩᚷᛋ,255
habitue,72405,0,ᚻᚪᛒᛁᛏᚢᛖ,341
fleeter,72403,0,ᚠᛚᛖᛖᛏᛖᚱ,346
plowmen,72354,0,ᛈᛚᚩᚹᛗᛖᚾ,309
grubber,72353,0,ᚷᚱᚢᛒᛒᛖᚱ,231
jessamy,72342,0,ᛂᛖᛋᛋᚪᛗᚣ,481
icefall,72281,0,ᛁᚳᛖᚠᚪᛚᛚ,356
fleeted,72276,0,ᚠᛚᛖᛖᛏᛖᛞ,424
sectary,72271,0,ᛋᛖᚳᛏᚪᚱᚣ,403
autobus,72262,0,ᚪᚢᛏᚩᛒᚢᛋ,283
merlins,72230,0,ᛗᛖᚱᛚᛁᚾᛋ,335
epicene,72222,0,ᛖᛈᛁᚳᛖᚾᛖ,317
diluvian,72215,0,ᛞᛁᛚᚢᚢᛡᚾ,335
jargons,72145,0,ᛂᚪᚱᚷᚩᚾᛋ,251
abutter,72130,0,ᚪᛒᚢᛏᛏᛖᚱ,357
aplites,72096,0,ᚪᛈᛚᛁᛏᛖᛋ,423
thrashes,72090,0,ᚦᚱᚪᛋᚻᛖᛋ,309
octants,72064,0,ᚩᚳᛏᚪᚾᛏᛋ,317
cowbell,71995,0,ᚳᚩᚹᛒᛖᛚᛚ,313
godthaab,71982,0,ᚷᚩᛞᚦᚪᚪᛒ,373
dyewood,71930,0,ᛞᚣᛖᚹᚩᚩᛞ,381
manacle,71874,0,ᛗᚪᚾᚪᚳᛚᛖ,447
clerkly,71851,0,ᚳᛚᛖᚱᚳᛚᚣ,353
puffers,71822,0,ᛈᚢᚠᚠᛖᚱᛋ,181
swearers,71796,0,ᛋᚹᛠᚱᛖᚱᛋ,323
winningly,71642,0,ᚹᛁᚾᚾᛝᛚᚣ,363
curdles,71626,0,ᚳᚢᚱᛞᛚᛖᛋ,309
vulcans,71624,0,ᚢᚢᛚᚳᚪᚾᛋ,271
condoling,71624,0,ᚳᚩᚾᛞᚩᛚᛝ,297
decamps,71545,0,ᛞᛖᚳᚪᛗᛈᛋ,433
baptising,71454,0,ᛒᚪᛈᛏᛁᛋᛝ,423
westers,71453,0,ᚹᛖᛋᛏᛖᚱᛋ,329
enchain,71443,0,ᛖᚾᚳᚻᚪᛁᚾ,289
crassly,71342,0,ᚳᚱᚪᛋᛋᛚᚣ,403
toadies,71334,0,ᛏᚩᚪᛞᛁᛖᛋ,403
maddens,71279,0,ᛗᚪᛞᛞᛖᚾᛋ,495
baggies,71258,0,ᛒᚪᚷᚷᛁᛖᛋ,343
accrete,71235,0,ᚪᚳᚳᚱᛖᛏᛖ,327
koreish,71234,0,ᚳᚩᚱᛖᛁᛋᚻ,205
trouper,71226,0,ᛏᚱᚩᚢᛈᛖᚱ,201
chomped,71219,0,ᚳᚻᚩᛗᛈᛖᛞ,313
rebooting,71173,0,ᚱᛖᛒᚩᚩᛏᛝ,291
maltman,71110,0,ᛗᚪᛚᛏᛗᚪᚾ,497
mullers,71042,0,ᛗᚢᛚᛚᛖᚱᛋ,351
unclose,71036,0,ᚢᚾᚳᛚᚩᛋᛖ,245
outvote,70981,0,ᚩᚢᛏᚢᚩᛏᛖ,205
kumquat,70964,0,ᚳᚢᛗᚳᚹᚪᛏ,275
fauvism,70957,0,ᚠᚪᚢᚢᛁᛋᛗ,260
protist,70950,0,ᛈᚱᚩᛏᛁᛋᛏ,263
ladrone,70929,0,ᛚᚪᛞᚱᚩᚾᛖ,373
coaction,70917,0,ᚳᚩᚪᚳᛏᛡᚾ,325
apothegm,70901,0,ᚪᛈᚩᚦᛖᚷᛗ,307
carthago,70892,0,ᚳᚪᚱᚦᚪᚷᚩ,247
penciling,70871,0,ᛈᛖᚾᚳᛁᛚᛝ,335
beechen,70839,0,ᛒᛖᛖᚳᚻᛖᚾ,327
nutcase,70820,0,ᚾᚢᛏᚳᚪᛋᛖ,321
skimped,70800,0,ᛋᚳᛁᛗᛈᛖᛞ,367
galette,70755,0,ᚷᚪᛚᛖᛏᛏᛖ,439
idealise,70737,0,ᛁᛞᛠᛚᛁᛋᛖ,453
plodder,70732,0,ᛈᛚᚩᛞᛞᛖᚱ,379
gurneys,70717,0,ᚷᚢᚱᚾᛖᚣᛋ,283
culotte,70711,0,ᚳᚢᛚᚩᛏᛏᛖ,281
lustral,70709,0,ᛚᚢᛋᛏᚱᚪᛚ,369
bullions,70657,0,ᛒᚢᛚᛚᛡᚾᛋ,399
inwoven,70650,0,ᛁᚾᚹᚩᚢᛖᚾ,185
cabined,70635,0,ᚳᚪᛒᛁᚾᛖᛞ,387
elaters,70584,0,ᛖᛚᚪᛏᛖᚱᛋ,427
sunnite,70564,0,ᛋᚢᚾᚾᛁᛏᛖ,271
garrote,70517,0,ᚷᚪᚱᚱᚩᛏᛖ,269
tuatara,70503,0,ᛏᚢᚪᛏᚪᚱᚪ,423
clumber,70499,0,ᚳᛚᚢᛗᛒᛖᚱ,299
detouring,70441,0,ᛞᛖᛏᚩᚢᚱᛝ,315
creeped,70399,0,ᚳᚱᛖᛖᛈᛖᛞ,357
silkily,70398,0,ᛋᛁᛚᚳᛁᛚᚣ,377
shikari,70378,0,ᛋᚻᛁᚳᚪᚱᛁ,259
arietta,70378,0,ᚪᚱᛁᛖᛏᛏᚪ,421
bhikshu,70348,0,ᛒᚻᛁᚳᛋᚻᚢ,207
rankers,70270,0,ᚱᚪᚾᚳᛖᚱᛋ,281
dandled,70249,0,ᛞᚪᚾᛞᛚᛖᛞ,533
waddles,70246,0,ᚹᚪᛞᛞᛚᛖᛋ,487
meccano,70220,0,ᛗᛖᚳᚳᚪᚾᚩ,297
hoggets,70184,0,ᚻᚩᚷᚷᛖᛏᛋ,243
hunnish,70161,0,ᚻᚢᚾᚾᛁᛋᚻ,191
impanel,70144,0,ᛁᛗᛈᚪᚾᛖᛚ,411
inachus,70088,0,ᛁᚾᚪᚳᚻᚢᛋ,249
almohad,70086,0,ᚪᛚᛗᚩᚻᚪᛞ,457
shinier,70077,0,ᛋᚻᛁᚾᛁᛖᚱ,245
bambini,69974,0,ᛒᚪᛗᛒᛁᚾᛁ,381
mausolea,69969,0,ᛗᚪᚢᛋᚩᛚᛠ,413
spiriting,69925,0,ᛋᛈᛁᚱᛁᛏᛝ,307
swilled,69919,0,ᛋᚹᛁᛚᛚᛖᛞ,405
hobnail,69892,0,ᚻᚩᛒᚾᚪᛁᛚ,321
squinty,69889,0,ᛋᚳᚹᛁᚾᛏᚣ,307
pricier,69875,0,ᛈᚱᛁᚳᛁᛖᚱ,207
salvers,69796,0,ᛋᚪᛚᚢᛖᚱᛋ,357
vermejo,69795,0,ᚢᛖᚱᛗᛖᛂᚩ,263
rarebit,69767,0,ᚱᚪᚱᛖᛒᛁᛏ,337
flatman,69683,0,ᚠᛚᚪᛏᛗᚪᚾ,428
throbbings,69675,0,ᚦᚱᚩᛒᛒᛝᛋ,277
grinded,69662,0,ᚷᚱᛁᚾᛞᛖᛞ,333
nebulas,69635,0,ᚾᛖᛒᚢᛚᚪᛋ,383
chokers,69630,0,ᚳᚻᚩᚳᛖᚱᛋ,187
cabbala,69627,0,ᚳᚪᛒᛒᚪᛚᚪ,499
inkhorn,69617,0,ᛁᚾᚳᚻᚩᚱᚾ,143
steepen,69616,0,ᛋᛏᛖᛖᛈᛖᚾ,385
clamant,69608,0,ᚳᛚᚪᛗᚪᚾᛏ,439
gypseous,69574,0,ᚷᚣᛈᛋᛇᚢᛋ,313
threadfin,69572,0,ᚦᚱᛠᛞᚠᛁᚾ,276
milksop,69560,0,ᛗᛁᛚᚳᛋᚩᛈ,291
bodkins,69527,0,ᛒᚩᛞᚳᛁᚾᛋ,283
jaybird,69506,0,ᛂᚪᚣᛒᛁᚱᛞ,429
beepers,69498,0,ᛒᛖᛖᛈᛖᚱᛋ,369
fleshes,69460,0,ᚠᛚᛖᛋᚻᛖᛋ,338
regales,69411,0,ᚱᛖᚷᚪᛚᛖᛋ,385
upborne,69409,0,ᚢᛈᛒᚩᚱᚾᛖ,221
progeria,69409,0,ᛈᚱᚩᚷᛖᚱᛡ,263
snidely,69386,0,ᛋᚾᛁᛞᛖᛚᚣ,445
permute,69333,1,ᛈᛖᚱᛗᚢᛏᛖ,321
murkier,69305,0,ᛗᚢᚱᚳᛁᛖᚱ,207
crybaby,69297,0,ᚳᚱᚣᛒᚪᛒᚣ,449
frizzle,69285,0,ᚠᚱᛁᛋᛋᛚᛖ,290
alienor,69233,0,ᚪᛚᛁᛖᚾᚩᚱ,315
avicula,69230,0,ᚪᚢᛁᚳᚢᛚᚪ,317
effecte,69215,0,ᛖᚠᚠᛖᚳᛏᛖ,277
birdbath,69207,0,ᛒᛁᚱᛞᛒᚪᚦ,355
dogcart,69205,0,ᛞᚩᚷᚳᚪᚱᛏ,293
canters,69173,0,ᚳᚪᚾᛏᛖᚱᛋ,329
angriest,69167,0,ᚪᛝᚱᛁᛖᛋᛏ,397
crafter,69082,0,ᚳᚱᚪᚠᛏᛖᚱ,260
cachets,69069,0,ᚳᚪᚳᚻᛖᛏᛋ,325
venuses,69055,0,ᚢᛖᚾᚢᛋᛖᛋ,275
jameses,69028,0,ᛂᚪᛗᛖᛋᛖᛋ,445
harveian,68993,0,ᚻᚪᚱᚢᛖᛡᚾ,337
goitres,68939,0,ᚷᚩᛁᛏᚱᛖᛋ,245
freesias,68932,0,ᚠᚱᛖᛖᛋᛡᛋ,360
busload,68908,0,ᛒᚢᛋᛚᚩᚪᛞ,383
knothole,68903,0,ᚳᚾᚩᚦᚩᛚᛖ,201
mandioca,68844,0,ᛗᚪᚾᛞᛡᚳᚪ,503
puckish,68823,0,ᛈᚢᚳᚳᛁᛋᚻ,179
clarions,68796,0,ᚳᛚᚪᚱᛡᚾᛋ,383
squishing,68762,0,ᛋᚳᚹᛁᛋᚻᛝ,271
bronchia,68739,0,ᛒᚱᚩᚾᚳᚻᛡ,251
groomer,68729,0,ᚷᚱᚩᚩᛗᛖᚱ,191
frogmen,68728,0,ᚠᚱᚩᚷᛗᛖᚾ,204
blisses,68656,0,ᛒᛚᛁᛋᛋᛖᛋ,391
pomades,68652,0,ᛈᚩᛗᚪᛞᛖᛋ,427
knuckling,68624,0,ᚳᚾᚢᚳᚳᛚᛝ,223
traipse,68561,0,ᛏᚱᚪᛁᛈᛋᛖ,361
versant,68558,0,ᚢᛖᚱᛋᚪᚾᛏ,319
clubman,68547,0,ᚳᛚᚢᛒᛗᚪᚾ,347
idolizing,68537,0,ᛁᛞᚩᛚᛁᛋᛝ,363
parture,68520,0,ᛈᚪᚱᛏᚢᚱᛖ,291
disjoin,68461,0,ᛞᛁᛋᛂᚩᛁᚾ,277
overfly,68443,0,ᚩᚢᛖᚱᚠᛚᚣ,266
inanely,68387,0,ᛁᚾᚪᚾᛖᛚᚣ,429
homeboy,68332,0,ᚻᚩᛗᛖᛒᚩᚣ,339
mazzard,68315,0,ᛗᚪᛋᛋᚪᚱᛞ,471
cygnets,68202,0,ᚳᚣᚷᚾᛖᛏᛋ,341
hunkers,68181,0,ᚻᚢᚾᚳᛖᚱᛋ,199
canoeist,68166,0,ᚳᚪᚾᛟᛁᛋᛏ,365
hurtles,68158,0,ᚻᚢᚱᛏᛚᛖᛋ,289
gyrator,68148,0,ᚷᚣᚱᚪᛏᚩᚱ,305
crannog,68070,0,ᚳᚱᚪᚾᚾᚩᚷ,203
miasmata,68065,0,ᛗᛡᛋᛗᚪᛏᚪ,555
humulus,68061,0,ᚻᚢᛗᚢᛚᚢᛋ,229
unlatch,68017,0,ᚢᚾᛚᚪᛏᚳᚻ,297
sackbut,68011,0,ᛋᚪᚳᚳᛒᚢᛏ,299
khalifs,67987,0,ᚳᚻᚪᛚᛁᚠᛋ,292
brewpub,67941,0,ᛒᚱᛖᚹᛈᚢᛒ,265
piquets,67874,0,ᛈᛁᚳᚹᛖᛏᛋ,285
techies,67849,0,ᛏᛖᚳᚻᛁᛖᛋ,313
muskegs,67839,0,ᛗᚢᛋᚳᛖᚷᛋ,277
empyreal,67834,0,ᛖᛗᛈᚣᚱᛠᛚ,477
crotons,67771,0,ᚳᚱᚩᛏᚩᚾᛋ,179
cavetto,67770,0,ᚳᚪᚢᛖᛏᛏᚩ,305
chymist,67761,0,ᚳᚻᚣᛗᛁᛋᛏ,353
tassell,67716,0,ᛏᚪᛋᛋᛖᛚᛚ,475
squilla,67714,0,ᛋᚳᚹᛁᛚᛚᚪ,359
lollies,67626,0,ᛚᚩᛚᛚᛁᛖᛋ,377
tricksy,67618,0,ᛏᚱᛁᚳᚳᛋᚣ,283
burbled,67565,0,ᛒᚢᚱᛒᛚᛖᛞ,365
aculeate,67515,0,ᚪᚳᚢᛚᛠᛏᛖ,421
reviles,67501,0,ᚱᛖᚢᛁᛚᛖᛋ,305
killjoy,67463,0,ᚳᛁᛚᛚᛂᚩᚣ,337
rompers,67387,0,ᚱᚩᛗᛈᛖᚱᛋ,263
pasters,67335,0,ᛈᚪᛋᛏᛖᚱᛋ,383
skinker,67296,0,ᛋᚳᛁᚾᚳᛖᚱ,217
unwinking,67289,0,ᚢᚾᚹᛁᚾᚳᛝ,203
serener,67252,0,ᛋᛖᚱᛖᚾᛖᚱ,305
reargued,67250,0,ᚱᛠᚱᚷᚢᛖᛞ,307
wiseacre,67161,0,ᚹᛁᛋᛠᚳᚱᛖ,303
melasma,67120,0,ᛗᛖᛚᚪᛋᛗᚪ,529
boneset,67120,0,ᛒᚩᚾᛖᛋᛖᛏ,343
securer,67104,0,ᛋᛖᚳᚢᚱᛖᚱ,225
silures,67086,0,ᛋᛁᛚᚢᚱᛖᛋ,291
organza,67000,0,ᚩᚱᚷᚪᚾᛋᚪ,311
telexes,66904,0,ᛏᛖᛚᛖᛉᛖᛋ,433
scarify,66887,0,ᛋᚳᚪᚱᛁᚠᚣ,310
discase,66880,0,ᛞᛁᛋᚳᚪᛋᛖ,403
ructions,66867,0,ᚱᚢᚳᛏᛡᚾᛋ,275
unhandy,66849,0,ᚢᚾᚻᚪᚾᛞᚣ,373
bedfast,66817,0,ᛒᛖᛞᚠᚪᛋᛏ,428
birchen,66803,0,ᛒᛁᚱᚳᚻᛖᚾ,235
tanyard,66774,0,ᛏᚪᚾᚣᚪᚱᛞ,485
vainest,66738,0,ᚢᚪᛁᚾᛖᛋᛏ,339
gullets,66682,0,ᚷᚢᛚᛚᛖᛏᛋ,345
hackmen,66661,0,ᚻᚪᚳᚳᛗᛖᚾ,313
mathesis,66610,0,ᛗᚪᚦᛖᛋᛁᛋ,377
cohered,66601,0,ᚳᚩᚻᛖᚱᛖᛞ,277
battels,66546,0,ᛒᚪᛏᛏᛖᛚᛋ,469
somalian,66532,0,ᛋᚩᛗᚪᛚᛡᚾ,437
whiteout,66519,0,ᚹᚻᛁᛏᛇᚢᛏ,235
pluteus,66447,0,ᛈᛚᚢᛏᛖᚢᛋ,301
cesspit,66435,0,ᚳᛖᛋᛋᛈᛁᛏ,319
wintery,66405,0,ᚹᛁᚾᛏᛖᚱᚣ,319
gantlet,66382,0,ᚷᚪᚾᛏᛚᛖᛏ,401
morphew,66355,0,ᛗᚩᚱᛈᚻᛖᚹ,241
watchet,66304,0,ᚹᚪᛏᚳᚻᛖᛏ,337
yogurts,66200,0,ᚣᚩᚷᚢᚱᛏᛋ,253
glowers,66183,0,ᚷᛚᚩᚹᛖᚱᛋ,247
lowlier,66117,0,ᛚᚩᚹᛚᛁᛖᚱ,281
sunrays,66111,0,ᛋᚢᚾᚱᚪᚣᛋ,349
cervids,66106,0,ᚳᛖᚱᚢᛁᛞᛋ,267
tearooms,66101,0,ᛏᛠᚱᚩᚩᛗᛋ,317
atomist,66099,0,ᚪᛏᚩᛗᛁᛋᛏ,377
madrona,66084,0,ᛗᚪᛞᚱᚩᚾᚪ,401
agarics,66042,0,ᚪᚷᚪᚱᛁᚳᛋ,319
phrensy,66035,0,ᛈᚻᚱᛖᚾᛋᚣ,329
upraise,66032,0,ᚢᛈᚱᚪᛁᛋᛖ,305
untired,66017,0,ᚢᚾᛏᛁᚱᛖᛞ,289
recurve,65979,0,ᚱᛖᚳᚢᚱᚢᛖ,175
doggrel,65979,0,ᛞᚩᚷᚷᚱᛖᛚ,281
darwins,65929,0,ᛞᚪᚱᚹᛁᚾᛋ,329
misgave,65926,0,ᛗᛁᛋᚷᚪᚢᛖ,339
arriere,65903,0,ᚪᚱᚱᛁᛖᚱᛖ,295
rewinds,65885,0,ᚱᛖᚹᛁᚾᛞᛋ,299
fernery,65885,0,ᚠᛖᚱᚾᛖᚱᚣ,290
reivers,65834,0,ᚱᛖᛁᚢᛖᚱᛋ,243
relabel,65828,0,ᚱᛖᛚᚪᛒᛖᛚ,449
gloxinia,65814,0,ᚷᛚᚩᛉᛁᚾᛡ,311
viharas,65796,0,ᚢᛁᚻᚪᚱᚪᛋ,315
cocytus,65764,0,ᚳᚩᚳᚣᛏᚢᛋ,251
nonjuring,65755,0,ᚾᚩᚾᛂᚢᚱᛝ,195
festers,65725,0,ᚠᛖᛋᛏᛖᚱᛋ,312
idealising,65711,0,ᛁᛞᛠᛚᛁᛋᛝ,465
dirhems,65699,0,ᛞᛁᚱᚻᛖᛗᛋ,345
olefine,65694,0,ᚩᛚᛖᚠᛁᚾᛖ,276
vespidae,65668,0,ᚢᛖᛋᛈᛁᛞᚫ,387
fixable,65620,0,ᚠᛁᛉᚪᛒᛚᛖ,378
rabbets,65619,0,ᚱᚪᛒᛒᛖᛏᛋ,409
reechoed,65589,0,ᚱᛖᛖᚳᚻᛟᛞ,353
flytrap,65569,0,ᚠᛚᚣᛏᚱᚪᛈ,388
uxorious,65559,0,ᚢᛉᚩᚱᛡᚢᛋ,231
locrine,65555,0,ᛚᚩᚳᚱᛁᚾᛖ,231
jujitsu,65549,0,ᛂᚢᛂᛁᛏᛋᚢ,223
sextile,65546,0,ᛋᛖᛉᛏᛁᛚᛖ,397
liparis,65465,0,ᛚᛁᛈᚪᚱᛁᛋ,339
interring,65463,0,ᛁᚾᛏᛖᚱᚱᛝ,287
latchet,65442,0,ᛚᚪᛏᚳᚻᛖᛏ,391
baddies,65380,0,ᛒᚪᛞᛞᛁᛖᛋ,487
caracal,65281,0,ᚳᚪᚱᚪᚳᚪᛚ,401
discant,65266,0,ᛞᛁᛋᚳᚪᚾᛏ,371
flushings,65259,0,ᚠᛚᚢᛋᚻᛝᛋ,286
augusts,65254,0,ᚪᚢᚷᚢᛋᛏᛋ,285
oldness,65188,0,ᚩᛚᛞᚾᛖᛋᛋ,371
bonehead,65162,0,ᛒᚩᚾᛖᚻᛠᛞ,385
rustlings,65132,0,ᚱᚢᛋᛏᛚᛝᛋ,331
uproots,65091,0,ᚢᛈᚱᚩᚩᛏᛋ,183
abjures,65073,0,ᚪᛒᛂᚢᚱᛖᛋ,329
ganders,65053,0,ᚷᚪᚾᛞᛖᚱᛋ,363
wryneck,65051,0,ᚹᚱᚣᚾᛖᚳᚳ,255
jetport,65026,0,ᛂᛖᛏᛈᚩᚱᛏ,283
thuggery,64985,0,ᚦᚢᚷᚷᛖᚱᚣ,223
layette,64968,0,ᛚᚪᚣᛖᛏᛏᛖ,525
tarsius,64922,0,ᛏᚪᚱᛋᛁᚢᛋ,307
myosins,64921,0,ᛗᚣᚩᛋᛁᚾᛋ,347
deloris,64910,0,ᛞᛖᛚᚩᚱᛁᛋ,331
frazzle,64902,0,ᚠᚱᚪᛋᛋᛚᛖ,356
legumin,64865,0,ᛚᛖᚷᚢᛗᛁᚾ,291
clearers,64777,0,ᚳᛚᛠᚱᛖᚱᛋ,337
valvulae,64763,0,ᚢᚪᛚᚢᚢᛚᚫ,353
pimpled,64757,0,ᛈᛁᛗᛈᛚᛖᛞ,417
vastest,64747,0,ᚢᚪᛋᛏᛖᛋᛏ,391
tummies,64712,0,ᛏᚢᛗᛗᛁᛖᛋ,355
squiers,64687,0,ᛋᚳᚹᛁᛖᚱᛋ,247
ouranos,64674,0,ᚩᚢᚱᚪᚾᚩᛋ,207
untaken,64666,0,ᚢᚾᛏᚪᚳᛖᚾ,297
crowner,64655,0,ᚳᚱᚩᚹᚾᛖᚱ,157
deniable,64599,0,ᛞᛖᚾᛡᛒᛚᛖ,493
caudron,64594,0,ᚳᚪᚢᛞᚱᚩᚾ,249
blabbed,64547,0,ᛒᛚᚪᛒᛒᛖᛞ,509
corries,64539,0,ᚳᚩᚱᚱᛁᛖᛋ,193
mistily,64536,0,ᛗᛁᛋᛏᛁᛚᚣ,421
shaitan,64512,0,ᛋᚻᚪᛁᛏᚪᚾ,389
mollies,64435,0,ᛗᚩᛚᛚᛁᛖᛋ,375
wittier,64392,0,ᚹᛁᛏᛏᛁᛖᚱ,277
blearily,64372,0,ᛒᛚᛠᚱᛁᛚᚣ,461
spieler,64361,0,ᛋᛈᛁᛖᛚᛖᚱ,345
crumpet,64357,0,ᚳᚱᚢᛗᛈᛖᛏ,267
sparely,64350,0,ᛋᛈᚪᚱᛖᛚᚣ,447
soccage,64320,0,ᛋᚩᚳᚳᚪᚷᛖ,267
tintype,64309,0,ᛏᛁᚾᛏᚣᛈᛖ,391
hurdled,64296,0,ᚻᚢᚱᛞᛚᛖᛞ,355
legroom,64285,0,ᛚᛖᚷᚱᚩᚩᛗ,253
pricker,64278,0,ᛈᚱᛁᚳᚳᛖᚱ,189
potholed,64259,0,ᛈᚩᚦᚩᛚᛖᛞ,291
ozonide,64258,0,ᚩᛋᚩᚾᛁᛞᛖ,283
greened,64244,0,ᚷᚱᛖᛖᚾᛖᛞ,347
punster,64221,0,ᛈᚢᚾᛋᛏᛖᚱ,265
doglike,64197,0,ᛞᚩᚷᛚᛁᚳᛖ,297
sickled,64166,0,ᛋᛁᚳᚳᛚᛖᛞ,339
orangeade,64128,0,ᚩᚱᚪᛝᛠᛞᛖ,459
tenebrae,64127,0,ᛏᛖᚾᛖᛒᚱᚫ,395
eristic,64040,0,ᛖᚱᛁᛋᛏᛁᚳ,265
shipmen,64008,0,ᛋᚻᛁᛈᛗᛖᚾ,317
mappers,64008,0,ᛗᚪᛈᛈᛖᚱᛋ,385
maintop,63964,0,ᛗᚪᛁᚾᛏᚩᛈ,337
cyanite,63960,0,ᚳᚣᚪᚾᛁᛏᛖ,399
flouncing,63942,0,ᚠᛚᚩᚢᚾᚳᛝ,206
hosiers,63905,0,ᚻᚩᛋᛁᛖᚱᛋ,245
collaring,63897,0,ᚳᚩᛚᛚᚪᚱᛝ,353
bunglers,63855,0,ᛒᚢᛝᛚᛖᚱᛋ,347
bezants,63794,0,ᛒᛖᛋᚪᚾᛏᛋ,419
kowtowing,63788,0,ᚳᚩᚹᛏᚩᚹᛝ,203
cennini,63774,0,ᚳᛖᚾᚾᛁᚾᛁ,229
sayyids,63769,0,ᛋᚪᚣᚣᛁᛞᛋ,529
damozel,63762,0,ᛞᚪᛗᚩᛋᛖᛚ,457
limbering,63744,0,ᛚᛁᛗᛒᛖᚱᛝ,393
stuffings,63736,0,ᛋᛏᚢᚠᚠᛝᛋ,251
unhuman,63693,0,ᚢᚾᚻᚢᛗᚪᚾ,255
hoovers,63570,0,ᚻᚩᚩᚢᛖᚱᛋ,171
foodies,63553,0,ᚠᚩᚩᛞᛁᛖᛋ,256
paydays,63552,0,ᛈᚪᚣᛞᚪᚣᛋ,585
abattis,63537,0,ᚪᛒᚪᛏᛏᛁᛋ,457
tussles,63503,0,ᛏᚢᛋᛋᛚᛖᛋ,361
acilius,63482,0,ᚪᚳᛁᛚᛁᚢᛋ,301
asperse,63477,0,ᚪᛋᛈᛖᚱᛋᛖ,391
bespake,63446,0,ᛒᛖᛋᛈᚪᚳᛖ,401
tweezer,63437,0,ᛏᚹᛖᛖᛋᛖᚱ,343
stagers,63428,0,ᛋᛏᚪᚷᛖᚱᛋ,357
diaconal,63423,0,ᛞᛡᚳᚩᚾᚪᛚ,415
choughs,63421,0,ᚳᚻᚩᚢᚷᚻᛋ,139
baxters,63414,0,ᛒᚪᛉᛏᛖᚱᛋ,395
rerunning,63393,0,ᚱᛖᚱᚢᚾᚾᛝ,229
romanza,63372,0,ᚱᚩᛗᚪᚾᛋᚪ,365
canella,63371,0,ᚳᚪᚾᛖᛚᛚᚪ,449
megalith,63370,0,ᛗᛖᚷᚪᛚᛁᚦ,361
spankings,63347,0,ᛋᛈᚪᚾᚳᛝᛋ,367
finessing,63346,0,ᚠᛁᚾᛖᛋᛋᛝ,314
basemen,63333,0,ᛒᚪᛋᛖᛗᛖᚾ,445
snooper,63318,0,ᛋᚾᚩᚩᛈᛖᚱ,217
sunglass,63290,0,ᛋᚢᛝᛚᚪᛋᛋ,411
martials,63290,0,ᛗᚪᚱᛏᛡᛚᛋ,471
crackly,63273,0,ᚳᚱᚪᚳᚳᛚᚣ,323
godwits,63262,0,ᚷᚩᛞᚹᛁᛏᛋ,275
portioning,63256,0,ᛈᚩᚱᛏᛡᚾᛝ,335
apteryx,63234,0,ᚪᛈᛏᛖᚱᚣᛉ,427
dabbles,63215,0,ᛞᚪᛒᛒᛚᛖᛋ,501
sickbay,63183,0,ᛋᛁᚳᚳᛒᚪᚣ,371
phaetons,63151,0,ᛈᚻᚫᛏᚩᚾᛋ,315
midmonth,63041,0,ᛗᛁᛞᛗᚩᚾᚦ,303
needier,63021,0,ᚾᛖᛖᛞᛁᛖᚱ,361
eighthly,63018,0,ᛖᛁᚷᚻᚦᛚᚣ,319
civvies,63014,0,ᚳᛁᚢᚢᛁᛖᛋ,201
busboys,62987,0,ᛒᚢᛋᛒᚩᚣᛋ,341
pinners,62979,0,ᛈᛁᚾᚾᛖᚱᛋ,263
whipsaw,62978,0,ᚹᚻᛁᛈᛋᚪᚹ,285
tzetzes,62970,0,ᛏᛋᛖᛏᛋᛖᛋ,411
aerolite,62839,0,ᚫᚱᚩᛚᛁᛏᛖ,349
browses,62825,0,ᛒᚱᚩᚹᛋᛖᛋ,271
duotone,62731,0,ᛞᚢᚩᛏᚩᚾᛖ,261
thoriated,62729,0,ᚦᚩᚱᛡᛏᛖᛞ,345
martlet,62698,0,ᛗᚪᚱᛏᛚᛖᛏ,437
thegither,62654,0,ᚦᛖᚷᛁᚦᛖᚱ,203
unbosom,62627,0,ᚢᚾᛒᚩᛋᚩᛗ,231
tarsals,62626,0,ᛏᚪᚱᛋᚪᛚᛋ,443
snugged,62569,0,ᛋᚾᚢᚷᚷᛖᛞ,275
cartway,62508,0,ᚳᚪᚱᛏᚹᚪᚣ,399
ungulata,62484,0,ᚢᛝᚢᛚᚪᛏᚪ,411
crimper,62457,0,ᚳᚱᛁᛗᛈᛖᚱ,247
lacewings,62441,0,ᛚᚪᚳᛖᚹᛝᛋ,401
engraves,62440,0,ᛖᛝᚱᚪᚢᛖᛋ,377
wheelie,62428,0,ᚹᚻᛖᛖᛚᛁᛖ,347
annulet,62420,0,ᚪᚾᚾᚢᛚᛖᛏ,357
beginne,62412,0,ᛒᛖᚷᛁᚾᚾᛖ,301
gherkin,62405,0,ᚷᚻᛖᚱᚳᛁᚾ,191
ilissus,62394,0,ᛁᛚᛁᛋᛋᚢᛋ,297
babblings,62371,0,ᛒᚪᛒᛒᛚᛝᛋ,485
hardily,62365,0,ᚻᚪᚱᛞᛁᛚᚣ,427
yammering,62362,0,ᚣᚪᛗᛗᛖᚱᛝ,499
duffers,62299,0,ᛞᚢᚠᚠᛖᚱᛋ,227
lidless,62263,0,ᛚᛁᛞᛚᛖᛋᛋ,439
laneway,62222,0,ᛚᚪᚾᛖᚹᚪᚣ,485
blowgun,62217,0,ᛒᛚᚩᚹᚷᚢᚾ,209
sandlot,62185,0,ᛋᚪᚾᛞᛚᚩᛏ,407
vocable,62155,0,ᚢᚩᚳᚪᛒᛚᛖ,321
mammies,62138,0,ᛗᚪᛗᛗᛁᛖᛋ,461
fondles,62128,0,ᚠᚩᚾᛞᛚᛖᛋ,320
cembalo,62094,0,ᚳᛖᛗᛒᚪᛚᚩ,389
pantheons,62079,0,ᛈᚪᚾᚦᛇᚾᛋ,297
jennets,62068,0,ᛂᛖᚾᚾᛖᛏᛋ,341
navajoes,62039,0,ᚾᚪᚢᚪᛂᛟᛋ,399
izanagi,62013,0,ᛁᛋᚪᚾᚪᚷᛁ,355
cathexes,61977,0,ᚳᚪᚦᛖᛉᛖᛋ,349
amniotes,61968,0,ᚪᛗᚾᛡᛏᛖᛋ,483
aldoses,61960,0,ᚪᛚᛞᚩᛋᛖᛋ,439
shipway,61955,0,ᛋᚻᛁᛈᚹᚪᚣ,369
legists,61892,0,ᛚᛖᚷᛁᛋᛏᛋ,353
vidette,61829,0,ᚢᛁᛞᛖᛏᛏᛖ,375
gunplay,61828,0,ᚷᚢᚾᛈᛚᚪᚣ,365
sakkara,61815,0,ᛋᚪᚳᚳᚪᚱᚪ,381
shrined,61814,0,ᛋᚻᚱᛁᚾᛖᛞ,303
riptide,61766,0,ᚱᛁᛈᛏᛁᛞᛖ,331
queerer,61751,0,ᚳᚹᛖᛖᚱᛖᚱ,255
lacquey,61743,0,ᛚᚪᚳᚳᚹᛖᚣ,385
termers,61684,0,ᛏᛖᚱᛗᛖᚱᛋ,339
pinetum,61665,0,ᛈᛁᚾᛖᛏᚢᛗ,303
babysat,61651,0,ᛒᚪᛒᚣᛋᚪᛏ,531
sleekly,61648,0,ᛋᛚᛖᛖᚳᛚᚣ,449
unclasp,61586,0,ᚢᚾᚳᛚᚪᛋᛈ,311
clubmen,61561,0,ᚳᛚᚢᛒᛗᛖᚾ,317
shriven,61550,0,ᛋᚻᚱᛁᚢᛖᚾ,217
calyxes,61542,0,ᚳᚪᛚᚣᛉᛖᛋ,453
nelumbo,61536,0,ᚾᛖᛚᚢᛗᛒᚩ,311
deadheads,61512,0,ᛞᛠᛞᚻᛠᛞᛋ,561
clarets,61511,0,ᚳᛚᚪᚱᛖᛏᛋ,373
drugget,61505,0,ᛞᚱᚢᚷᚷᛖᛏ,263
waylaying,61472,0,ᚹᚪᚣᛚᚪᚣᛝ,571
anoraks,61444,0,ᚪᚾᚩᚱᚪᚳᛋ,307
aligner,61411,0,ᚪᛚᛁᚷᚾᛖᚱ,325
bloater,61405,0,ᛒᛚᚩᚪᛏᛖᚱ,375
falsest,61396,0,ᚠᚪᛚᛋᛖᛋᛏ,404
silents,61351,0,ᛋᛁᛚᛖᚾᛏᛋ,365
shebeen,61330,0,ᛋᚻᛖᛒᛖᛖᚾ,367
tenters,61307,0,ᛏᛖᚾᛏᛖᚱᛋ,345
nauseate,61278,0,ᚾᚪᚢᛋᛠᛏᛖ,417
metayer,61228,0,ᛗᛖᛏᚪᚣᛖᚱ,475
belleek,61197,0,ᛒᛖᛚᛚᛖᛖᚳ,421
milldam,61154,0,ᛗᛁᛚᛚᛞᚪᛗ,505
joyriding,61150,0,ᛂᚩᚣᚱᛁᛞᛝ,357
margent,61020,0,ᛗᚪᚱᚷᛖᚾᛏ,351
gristly,60981,0,ᚷᚱᛁᛋᛏᛚᚣ,347
falasha,60973,0,ᚠᚪᛚᚪᛋᚻᚪ,442
intarsia,60963,0,ᛁᚾᛏᚪᚱᛋᛡ,387
potence,60949,0,ᛈᚩᛏᛖᚾᚳᛖ,285
souchong,60889,0,ᛋᚩᚢᚳᚻᚩᛝ,185
chrysis,60884,0,ᚳᚻᚱᚣᛋᛁᛋ,287
macrura,60847,0,ᛗᚪᚳᚱᚢᚱᚪ,303
sparker,60814,0,ᛋᛈᚪᚱᚳᛖᚱ,295
unhitch,60763,0,ᚢᚾᚻᛁᛏᚳᚻ,181
skewering,60738,0,ᛋᚳᛖᚹᛖᚱᛝ,309
noncoms,60710,0,ᚾᚩᚾᚳᚩᛗᛋ,209
cheerly,60666,0,ᚳᚻᛖᛖᚱᛚᚣ,357
unlived,60652,0,ᚢᚾᛚᛁᚢᛖᛞ,295
ingression,60650,0,ᛝᚱᛖᛋᛋᛡᚾ,399
bostons,60648,0,ᛒᚩᛋᛏᚩᚾᛋ,269
fiscals,60639,0,ᚠᛁᛋᚳᚪᛚᛋ,322
classer,60628,0,ᚳᛚᚪᛋᛋᛖᚱ,367
gargled,60540,0,ᚷᚪᚱᚷᛚᛖᛞ,371
sorosis,60519,0,ᛋᚩᚱᚩᛋᛁᛋ,215
lefties,60472,0,ᛚᛖᚠᛏᛁᛖᛋ,352
wittering,60444,0,ᚹᛁᛏᛏᛖᚱᛝ,325
borachio,60443,0,ᛒᚩᚱᚪᚳᚻᛡ,319
grumous,60434,0,ᚷᚱᚢᛗᚩᚢᛋ,165
castoff,60431,0,ᚳᚪᛋᛏᚩᚠᚠ,233
dallies,60426,0,ᛞᚪᛚᛚᛁᛖᛋ,483
snorter,60375,0,ᛋᚾᚩᚱᛏᛖᚱ,237
mousses,60373,0,ᛗᚩᚢᛋᛋᛖᛋ,307
auspice,60352,0,ᚪᚢᛋᛈᛁᚳᛖ,307
bookend,60332,0,ᛒᚩᚩᚳᛖᚾᛞ,273
rescale,60301,0,ᚱᛖᛋᚳᚪᛚᛖ,381
cuplike,60297,0,ᚳᚢᛈᛚᛁᚳᛖ,243
ermines,60279,0,ᛖᚱᛗᛁᚾᛖᛋ,329
swatter,60231,0,ᛋᚹᚪᛏᛏᛖᚱ,365
ricksha,60225,0,ᚱᛁᚳᚳᛋᚻᚪ,241
coarsen,60209,0,ᚳᚩᚪᚱᛋᛖᚾ,277
mantids,60202,0,ᛗᚪᚾᛏᛁᛞᛋ,429
cassiope,60202,0,ᚳᚪᛋᛋᛡᛈᛖ,433
torsions,60198,0,ᛏᚩᚱᛋᛡᚾᛋ,319
turkman,60123,0,ᛏᚢᚱᚳᛗᚪᚾ,283
brogans,60103,0,ᛒᚱᚩᚷᚪᚾᛋ,275
nonacid,60085,0,ᚾᚩᚾᚪᚳᛁᛞ,295
affiance,60083,0,ᚪᚠᚠᛡᚾᚳᛖ,317
longhair,60080,0,ᛚᚩᛝᚻᚪᛁᚱ,321
highboy,60065,0,ᚻᛁᚷᚻᛒᚩᚣ,265
graters,60059,0,ᚷᚱᚪᛏᛖᚱᛋ,315
branchy,59979,0,ᛒᚱᚪᚾᚳᚻᚣ,337
vesuvian,59964,0,ᚢᛖᛋᚢᚢᛡᚾ,265
collops,59946,0,ᚳᚩᛚᛚᚩᛈᛋ,269
bruchus,59942,0,ᛒᚱᚢᚳᚻᚢᛋ,167
slashings,59928,0,ᛋᛚᚪᛋᚻᛝᛋ,431
diaphone,59908,0,ᛞᛡᛈᚻᚩᚾᛖ,365
deviser,59889,0,ᛞᛖᚢᛁᛋᛖᚱ,321
genitor,59874,0,ᚷᛖᚾᛁᛏᚩᚱ,221
joyride,59865,0,ᛂᚩᚣᚱᛁᛞᛖ,345
nubbins,59854,0,ᚾᚢᛒᛒᛁᚾᛋ,267
charily,59850,0,ᚳᚻᚪᚱᛁᛚᚣ,351
trouncing,59835,0,ᛏᚱᚩᚢᚾᚳᛝ,201
intreating,59831,0,ᛁᚾᛏᚱᛠᛏᛝ,377
meagrely,59822,0,ᛗᛠᚷᚱᛖᛚᚣ,451
totanus,59818,0,ᛏᚩᛏᚪᚾᚢᛋ,307
bedawin,59797,0,ᛒᛖᛞᚪᚹᛁᚾ,393
scourer,59740,0,ᛋᚳᚩᚢᚱᛖᚱ,165
viareggio,59725,0,ᚢᛡᚱᛖᚷᚷᛡ,329
whooper,59700,0,ᚹᚻᚩᚩᛈᛖᚱ,177
nullahs,59674,0,ᚾᚢᛚᛚᚪᚻᛋ,351
garfish,59655,0,ᚷᚪᚱᚠᛁᛋᚻ,234
baddest,59632,0,ᛒᚪᛞᛞᛖᛋᛏ,515
beldame,59615,0,ᛒᛖᛚᛞᚪᛗᛖ,525
versify,59593,0,ᚢᛖᚱᛋᛁᚠᚣ,270
juicier,59572,0,ᛂᚢᛁᚳᛁᛖᚱ,193
hingeless,59540,0,ᚻᛝᛖᛚᛖᛋᛋ,415
sideway,59524,0,ᛋᛁᛞᛖᚹᚪᚣ,459
poniards,59517,0,ᛈᚩᚾᛡᚱᛞᛋ,339
vaulter,59493,0,ᚢᚪᚢᛚᛏᛖᚱ,313
retreads,59484,0,ᚱᛖᛏᚱᛠᛞᛋ,399
coercions,59484,0,ᚳᛟᚱᚳᛡᚾᛋ,309
infixed,59457,0,ᛁᚾᚠᛁᛉᛖᛞ,296
swelter,59378,0,ᛋᚹᛖᛚᛏᛖᚱ,349
heronry,59278,0,ᚻᛖᚱᚩᚾᚱᚣ,251
suborning,59246,0,ᛋᚢᛒᚩᚱᚾᛝ,243
monkeying,59199,0,ᛗᚩᚾᚳᛖᚣᛝ,369
cultist,59190,0,ᚳᚢᛚᛏᛁᛋᛏ,291
raveled,59180,0,ᚱᚪᚢᛖᛚᛖᛞ,407
euripus,59159,0,ᛖᚢᚱᛁᛈᚢᛋ,211
upturning,59158,0,ᚢᛈᛏᚢᚱᚾᛝ,227
emplace,59064,0,ᛖᛗᛈᛚᚪᚳᛖ,431
basilian,59023,0,ᛒᚪᛋᛁᛚᛡᚾ,451
skeered,59020,0,ᛋᚳᛖᛖᚱᛖᛞ,367
mothball,59000,0,ᛗᚩᚦᛒᚪᛚᛚ,387
hunkering,58911,0,ᚻᚢᚾᚳᛖᚱᛝ,225
whizzes,58906,0,ᚹᚻᛁᛋᛋᛖᛋ,299
shoehorn,58874,0,ᛋᚻᛟᚻᚩᚱᚾ,229
besoins,58785,0,ᛒᛖᛋᚩᛁᚾᛋ,301
lipides,58777,0,ᛚᛁᛈᛁᛞᛖᛋ,387
incomings,58762,0,ᛁᚾᚳᚩᛗᛝᛋ,283
signors,58753,0,ᛋᛁᚷᚾᚩᚱᛋ,201
playgoing,58746,0,ᛈᛚᚪᚣᚷᚩᛝ,419
unfound,58738,0,ᚢᚾᚠᚩᚢᚾᛞ,162
maranta,58647,0,ᛗᚪᚱᚪᚾᛏᚪ,461
shimmying,58643,0,ᛋᚻᛁᛗᛗᚣᛝ,431
beheadings,58559,0,ᛒᛖᚻᛠᛞᛝᛋ,481
bowlful,58520,0,ᛒᚩᚹᛚᚠᚢᛚ,238
swizzle,58490,0,ᛋᚹᛁᛋᛋᛚᛖ,349
signets,58479,0,ᛋᛁᚷᚾᛖᛏᛋ,309
dogmata,58422,0,ᛞᚩᚷᛗᚪᛏᚪ,437
outspan,58373,0,ᚩᚢᛏᛋᛈᚪᚾ,291
pyrosis,58359,0,ᛈᚣᚱᚩᛋᛁᛋ,301
cyrilla,58338,0,ᚳᚣᚱᛁᛚᛚᚪ,401
stratas,58318,0,ᛋᛏᚱᚪᛏᚪᛋ,429
pelhams,58315,0,ᛈᛖᛚᚻᚪᛗᛋ,427
chibcha,58310,0,ᚳᚻᛁᛒᚳᚻᚪ,261
frizzed,58253,0,ᚠᚱᛁᛋᛋᛖᛞ,306
kursaal,58224,0,ᚳᚢᚱᛋᚪᚪᛚ,347
bergens,58209,0,ᛒᛖᚱᚷᛖᚾᛋ,305
ologies,58170,0,ᚩᛚᚩᚷᛁᛖᛋ,255
biretta,58143,0,ᛒᛁᚱᛖᛏᛏᚪ,385
creamers,58134,0,ᚳᚱᛠᛗᛖᚱᛋ,335
brashly,58123,0,ᛒᚱᚪᛋᚻᛚᚣ,421
quahogs,58102,0,ᚳᚹᚪᚻᚩᚷᛋ,229
monists,58101,0,ᛗᚩᚾᛁᛋᛏᛋ,303
gatemen,58067,0,ᚷᚪᛏᛖᛗᛖᚾ,407
binodal,58000,0,ᛒᛁᚾᚩᛞᚪᛚ,387
bowheads,57996,0,ᛒᚩᚹᚻᛠᛞᛋ,361
osteomas,57960,0,ᚩᛋᛏᛇᛗᚪᛋ,381
visitings,57952,0,ᚢᛁᛋᛁᛏᛝᛋ,309
fictile,57929,0,ᚠᛁᚳᛏᛁᛚᛖ,276
squashy,57894,0,ᛋᚳᚹᚪᛋᚻᚣ,361
gamboling,57889,0,ᚷᚪᛗᛒᚩᛚᛝ,405
refound,57853,0,ᚱᛖᚠᚩᚢᚾᛞ,208
faddist,57746,0,ᚠᚪᛞᛞᛁᛋᛏ,420
chaster,57743,0,ᚳᚻᚪᛋᛏᛖᚱ,323
staller,57737,0,ᛋᛏᚪᛚᛚᛖᚱ,433
vergers,57736,0,ᚢᛖᚱᚷᛖᚱᛋ,229
tricker,57695,0,ᛏᚱᛁᚳᚳᛖᚱ,205
taberna,57670,0,ᛏᚪᛒᛖᚱᚾᚪ,421
shamble,57667,0,ᛋᚻᚪᛗᛒᛚᛖ,445
dirties,57604,0,ᛞᛁᚱᛏᛁᛖᛋ,341
beachwear,57595,0,ᛒᛠᚳᚻᚹᛠᚱ,345
bugloss,57556,0,ᛒᚢᚷᛚᚩᛋᛋ,267
nogaret,57552,0,ᚾᚩᚷᚪᚱᛖᛏ,287
ratites,57547,0,ᚱᚪᛏᛁᛏᛖᛋ,377
caporal,57542,0,ᚳᚪᛈᚩᚱᚪᛚ,341
pageboy,57535,0,ᛈᚪᚷᛖᛒᚩᚣ,395
bethinking,57534,0,ᛒᛖᚦᛁᚾᚳᛝ,285
tollman,57443,0,ᛏᚩᛚᛚᛗᚪᚾ,409
mealworm,57400,0,ᛗᛠᛚᚹᚩᚱᛗ,361
sackful,57398,0,ᛋᚪᚳᚳᚠᚢᛚ,254
snuffer,57323,0,ᛋᚾᚢᚠᚠᛖᚱ,167
regrade,57318,0,ᚱᛖᚷᚱᚪᛞᛖ,359
amorpha,57281,0,ᚪᛗᚩᚱᛈᚻᚪ,349
skulled,57258,0,ᛋᚳᚢᛚᛚᛖᛞ,371
aristos,57169,0,ᚪᚱᛁᛋᛏᚩᛋ,311
heelers,57151,0,ᚻᛖᛖᛚᛖᚱᛋ,361
tumbril,57147,0,ᛏᚢᛗᛒᚱᛁᛚ,309
coronis,57144,0,ᚳᚩᚱᚩᚾᛁᛋ,151
chalaza,57139,0,ᚳᚻᚪᛚᚪᛋᚪ,453
wobbler,57112,0,ᚹᚩᛒᛒᛚᛖᚱ,299
blusher,57103,0,ᛒᛚᚢᛋᚻᛖᚱ,291
laddering,57027,0,ᛚᚪᛞᛞᛖᚱᛝ,505
keypads,57021,0,ᚳᛖᚣᛈᚪᛞᛋ,465
suffixing,57006,0,ᛋᚢᚠᚠᛁᛉᛝ,217
galangal,57006,0,ᚷᚪᛚᚪᛝᚪᛚ,533
cocotte,56963,0,ᚳᚩᚳᚩᛏᛏᛖ,225
pepysian,56943,0,ᛈᛖᛈᚣᛋᛡᚾ,445
arriver,56923,0,ᚪᚱᚱᛁᚢᛖᚱ,231
vouchee,56908,0,ᚢᚩᚢᚳᚻᛖᛖ,183
shirker,56894,0,ᛋᚻᛁᚱᚳᛖᚱ,209
seppuku,56893,0,ᛋᛖᛈᛈᚢᚳᚢ,225
volumed,56846,0,ᚢᚩᛚᚢᛗᛖᛞ,313
cocooning,56832,0,ᚳᚩᚳᚩᚩᚾᛝ,155
saltern,56831,0,ᛋᚪᛚᛏᛖᚱᚾ,389
drearier,56827,0,ᛞᚱᛠᚱᛁᛖᚱ,329
prehend,56821,0,ᛈᚱᛖᚻᛖᚾᛞ,329
agendum,56814,0,ᚪᚷᛖᚾᛞᚢᛗ,373
requiting,56807,0,ᚱᛖᚳᚹᛁᛏᛝ,279
potation,56805,0,ᛈᚩᛏᚪᛏᛡᚾ,401
fussily,56741,0,ᚠᚢᛋᛋᛁᛚᚣ,318
wallers,56719,0,ᚹᚪᛚᛚᛖᚱᛋ,393
matrice,56718,0,ᛗᚪᛏᚱᛁᚳᛖ,349
beseeming,56708,0,ᛒᛖᛋᛖᛖᛗᛝ,465
blowups,56660,0,ᛒᛚᚩᚹᚢᛈᛋ,259
lissome,56631,0,ᛚᛁᛋᛋᚩᛗᛖ,355
foments,56604,0,ᚠᚩᛗᛖᚾᛏᛋ,288
chidden,56602,0,ᚳᚻᛁᛞᛞᛖᚾ,341
retries,56601,0,ᚱᛖᛏᚱᛁᛖᛋ,299
eggheads,56597,0,ᛖᚷᚷᚻᛠᛞᛋ,375
longlegs,56558,0,ᛚᚩᛝᛚᛖᚷᛋ,369
walloping,56552,0,ᚹᚪᛚᛚᚩᛈᛝ,391
skirtings,56549,0,ᛋᚳᛁᚱᛏᛝᛋ,299
regrant,56538,0,ᚱᛖᚷᚱᚪᚾᛏ,291
youngers,56534,0,ᚣᚩᚢᛝᛖᚱᛋ,323
beduins,56533,0,ᛒᛖᛞᚢᛁᚾᛋ,333
firmans,56522,0,ᚠᛁᚱᛗᚪᚾᛋ,294
arcsine,56477,0,ᚪᚱᚳᛋᛁᚾᛖ,301
saclike,56458,0,ᛋᚪᚳᛚᛁᚳᛖ,347
stropping,56453,0,ᛋᛏᚱᚩᛈᛈᛝ,295
poplins,56444,0,ᛈᚩᛈᛚᛁᚾᛋ,279
noachian,56398,0,ᚾᚩᚪᚳᚻᛡᚾ,305
greenings,56373,0,ᚷᚱᛖᛖᚾᛝᛋ,323
nomades,56347,0,ᚾᚩᛗᚪᛞᛖᛋ,413
tetters,56345,0,ᛏᛖᛏᛏᛖᚱᛋ,375
settlings,56345,0,ᛋᛖᛏᛏᛚᛝᛋ,443
roadmen,56339,0,ᚱᚩᚪᛞᛗᛖᚾ,371
flusher,56278,0,ᚠᛚᚢᛋᚻᛖᚱ,232
miscall,56216,0,ᛗᛁᛋᚳᚪᛚᛚ,411
secluding,56174,0,ᛋᛖᚳᛚᚢᛞᛝ,377
unabating,56158,0,ᚢᚾᚪᛒᚪᛏᛝ,425
peddles,56158,0,ᛈᛖᛞᛞᛚᛖᛋ,481
plagiary,56157,0,ᛈᛚᚪᚷᛡᚱᚣ,451
amasses,56147,0,ᚪᛗᚪᛋᛋᛖᛋ,491
laddies,56124,0,ᛚᚪᛞᛞᛁᛖᛋ,499
entraps,56123,0,ᛖᚾᛏᚱᚪᛈᛋ,359
redroot,56078,0,ᚱᛖᛞᚱᚩᚩᛏ,251
catspaw,56009,0,ᚳᚪᛏᛋᛈᚪᚹ,381
ortheris,56008,0,ᚩᚱᚦᛖᚱᛁᛋ,185
relique,55995,0,ᚱᛖᛚᛁᚳᚹᛖ,281
necklet,55970,0,ᚾᛖᚳᚳᛚᛖᛏ,321
slackly,55965,0,ᛋᛚᚪᚳᚳᛚᚣ,425
urodele,55923,0,ᚢᚱᚩᛞᛖᛚᛖ,317
swaddle,55921,0,ᛋᚹᚪᛞᛞᛚᛖ,487
tussled,55920,0,ᛏᚢᛋᛋᛚᛖᛞ,397
stollen,55881,0,ᛋᛏᚩᛚᛚᛖᚾ,361
depraving,55862,0,ᛞᛖᛈᚱᚪᚢᛝ,389
babassu,55854,0,ᛒᚪᛒᚪᛋᛋᚢ,425
gazebos,55852,0,ᚷᚪᛋᛖᛒᚩᛋ,355
mouflon,55842,0,ᛗᚩᚢᚠᛚᚩᚾ,192
gloomed,55828,0,ᚷᛚᚩᚩᛗᛖᛞ,331
wickiup,55818,0,ᚹᛁᚳᚳᛁᚢᛈ,153
valvula,55815,0,ᚢᚪᛚᚢᚢᛚᚪ,349
banyans,55786,0,ᛒᚪᚾᚣᚪᚾᛋ,469
surlily,55754,0,ᛋᚢᚱᛚᛁᛚᚣ,347
brocard,55739,0,ᛒᚱᚩᚳᚪᚱᛞ,289
laurasia,55732,0,ᛚᚪᚢᚱᚪᛋᛡ,441
deadbeats,55691,0,ᛞᛠᛞᛒᛠᛏᛋ,569
enthuses,55690,0,ᛖᚾᚦᚢᛋᛖᛋ,277
jostles,55681,0,ᛂᚩᛋᛏᛚᛖᛋ,349
thundery,55678,0,ᚦᚢᚾᛞᛖᚱᚣ,307
schlock,55662,0,ᛋᚳᚻᛚᚩᚳᚳ,195
etrurian,55651,0,ᛖᛏᚱᚢᚱᛡᚾ,287
venires,55644,0,ᚢᛖᚾᛁᚱᛖᛋ,261
chaunting,55643,0,ᚳᚻᚪᚢᚾᛏᛝ,303
sweller,55632,0,ᛋᚹᛖᛚᛚᛖᚱ,363
motived,55632,0,ᛗᚩᛏᛁᚢᛖᛞ,327
unsheathing,55607,0,ᚢᚾᛋᚻᛠᚦᛝ,301
traducing,55574,0,ᛏᚱᚪᛞᚢᚳᛝ,351
dragger,55569,0,ᛞᚱᚪᚷᚷᛖᚱ,309
silvern,55555,0,ᛋᛁᛚᚢᛖᚱᚾ,267
cittern,55506,0,ᚳᛁᛏᛏᛖᚱᚾ,269
raffled,55456,0,ᚱᚪᚠᚠᛚᛖᛞ,341
columbae,55421,0,ᚳᚩᛚᚢᛗᛒᚫ,329
hurdler,55416,0,ᚻᚢᚱᛞᛚᛖᚱ,277
vomitings,55414,0,ᚢᚩᛗᛁᛏᛝᛋ,303
pommels,55394,0,ᛈᚩᛗᛗᛖᛚᛋ,385
soutane,55320,0,ᛋᚩᚢᛏᚪᚾᛖ,315
philtre,55297,0,ᛈᚻᛁᛚᛏᚱᛖ,307
whiffle,55294,0,ᚹᚻᛁᚠᚠᛚᛖ,217
appeases,55283,0,ᚪᛈᛈᛠᛋᛖᛋ,465
slickly,55197,0,ᛋᛚᛁᚳᚳᛚᚣ,359
yearningly,55179,0,ᚣᛠᚱᚾᛝᛚᚣ,507
tinkles,55157,0,ᛏᛁᚾᚳᛚᛖᛋ,325
magnums,55119,0,ᛗᚪᚷᚾᚢᛗᛋ,341
huffily,55117,0,ᚻᚢᚠᚠᛁᛚᚣ,237
desists,55106,0,ᛞᛖᛋᛁᛋᛏᛋ,405
ramrods,55073,0,ᚱᚪᛗᚱᚩᛞᛋ,339
toyshop,55071,0,ᛏᚩᚣᛋᚻᚩᛈ,295
warblings,55055,0,ᚹᚪᚱᛒᛚᛝᛋ,393
rebuffing,54989,0,ᚱᛖᛒᚢᚠᚠᛝ,225
citrous,54988,0,ᚳᛁᛏᚱᚩᚢᛋ,177
joyance,54960,0,ᛂᚩᚣᚪᚾᚳᛖ,353
gushers,54937,0,ᚷᚢᛋᚻᛖᚱᛋ,227
cooties,54914,0,ᚳᚩᚩᛏᛁᛖᛋ,237
decagon,54855,0,ᛞᛖᚳᚪᚷᚩᚾ,319
giantism,54851,0,ᚷᛡᚾᛏᛁᛋᛗ,367
dishrag,54848,0,ᛞᛁᛋᚻᚱᚪᚷ,321
acarine,54796,0,ᚪᚳᚪᚱᛁᚾᛖ,345
hibachi,54759,0,ᚻᛁᛒᚪᚳᚻᛁ,279
kitties,54685,0,ᚳᛁᛏᛏᛁᛖᛋ,313
graines,54615,0,ᚷᚱᚪᛁᚾᛖᛋ,305
overarm,54563,0,ᚩᚢᛖᚱᚪᚱᛗ,267
auletes,54560,0,ᚪᚢᛚᛖᛏᛖᛋ,419
muntjac,54551,0,ᛗᚢᚾᛏᛂᚪᚳ,309
dogsled,54534,0,ᛞᚩᚷᛋᛚᛖᛞ,395
ripcord,54528,0,ᚱᛁᛈᚳᚩᚱᛞ,205
labially,54489,0,ᛚᚪᛒᛡᛚᛚᚣ,587
duelist,54468,0,ᛞᚢᛖᛚᛁᛋᛏ,375
alcayde,54466,0,ᚪᛚᚳᚪᚣᛞᛖ,539
pelotas,54438,0,ᛈᛖᛚᚩᛏᚪᛋ,399
sulphas,54434,0,ᛋᚢᛚᛈᚻᚪᛋ,345
unchain,54402,0,ᚢᚾᚳᚻᚪᛁᚾ,225
enviably,54379,0,ᛖᚾᚢᛡᛒᛚᚣ,443
samisen,54368,0,ᛋᚪᛗᛁᛋᛖᚾ,401
junketing,54348,0,ᛂᚢᚾᚳᛖᛏᛝ,287
clunked,54344,0,ᚳᛚᚢᚾᚳᛖᛞ,287
grasper,54342,0,ᚷᚱᚪᛋᛈᛖᚱ,299
famulus,54303,0,ᚠᚪᛗᚢᛚᚢᛋ,302
doodled,54294,0,ᛞᚩᚩᛞᛚᛖᛞ,421
rasters,54263,0,ᚱᚪᛋᛏᛖᚱᛋ,351
gimlets,54262,0,ᚷᛁᛗᛚᛖᛏᛋ,371
wellies,54240,0,ᚹᛖᛚᛚᛁᛖᛋ,383
mattins,54235,0,ᛗᚪᛏᛏᛁᚾᛋ,399
smarten,54231,0,ᛋᛗᚪᚱᛏᛖᚾ,387
planula,54219,0,ᛈᛚᚪᚾᚢᛚᚪ,415
croyden,54157,0,ᚳᚱᚩᚣᛞᛖᚾ,319
frogman,54149,0,ᚠᚱᚩᚷᛗᚪᚾ,234
oldster,54105,0,ᚩᛚᛞᛋᛏᛖᚱ,359
hipbone,54090,0,ᚻᛁᛈᛒᚩᚾᛖ,261
copters,54076,0,ᚳᚩᛈᛏᛖᚱᛋ,253
perfuse,54047,0,ᛈᛖᚱᚠᚢᛋᛖ,246
queller,54039,0,ᚳᚹᛖᛚᛚᛖᚱ,323
khalkha,54015,0,ᚳᚻᚪᛚᚳᚻᚪ,339
dispone,53974,0,ᛞᛁᛋᛈᚩᚾᛖ,319
tangelos,53970,0,ᛏᚪᛝᛖᛚᚩᛋ,435
finback,53930,0,ᚠᛁᚾᛒᚪᚳᚳ,246
hexapod,53888,0,ᚻᛖᛉᚪᛈᚩᛞ,373
bowshot,53884,0,ᛒᚩᚹᛋᚻᚩᛏ,229
piggins,53879,0,ᛈᛁᚷᚷᛁᚾᛋ,221
nudists,53834,0,ᚾᚢᛞᛁᛋᛏᛋ,317
labarum,53802,0,ᛚᚪᛒᚪᚱᚢᛗ,413
boudins,53777,0,ᛒᚩᚢᛞᛁᚾᛋ,273
baldest,53713,0,ᛒᚪᛚᛞᛖᛋᛏ,499
solaces,53656,0,ᛋᚩᛚᚪᚳᛖᛋ,363
eremite,53560,0,ᛖᚱᛖᛗᛁᛏᛖ,373
tartlet,53553,0,ᛏᚪᚱᛏᛚᛖᛏ,425
lamplit,53537,0,ᛚᚪᛗᛈᛚᛁᛏ,447
enginery,53507,0,ᛖᛝᛁᚾᛖᚱᚣ,387
eclairs,53468,0,ᛖᚳᛚᚪᛁᚱᛋ,345
belugas,53447,0,ᛒᛖᛚᚢᚷᚪᛋ,371
jazzman,53411,0,ᛂᚪᛋᛋᛗᚪᚾ,437
energic,53406,0,ᛖᚾᛖᚱᚷᛁᚳ,235
medleys,53377,0,ᛗᛖᛞᛚᛖᚣᛋ,523
apocope,53373,0,ᚪᛈᚩᚳᚩᛈᛖ,277
skyhook,53313,0,ᛋᚳᚣᚻᚩᚩᚳ,219
boffins,53308,0,ᛒᚩᚠᚠᛁᚾᛋ,185
pennate,53307,0,ᛈᛖᚾᚾᚪᛏᛖ,391
longshot,53303,0,ᛚᚩᛝᛋᚻᚩᛏ,301
ojibwas,53258,0,ᚩᛂᛁᛒᚹᚪᛋ,305
attires,53243,0,ᚪᛏᛏᛁᚱᛖᛋ,377
fuzzier,53234,0,ᚠᚢᛋᛋᛁᛖᚱ,220
squatty,53226,0,ᛋᚳᚹᚪᛏᛏᚣ,403
forfend,53225,0,ᚠᚩᚱᚠᛖᚾᛞ,207
advisee,53214,0,ᚪᛞᚢᛁᛋᛖᛖ,407
cockers,53179,0,ᚳᚩᚳᚳᛖᚱᛋ,177
pinkeye,53165,0,ᛈᛁᚾᚳᛖᚣᛖ,353
nameable,53102,0,ᚾᚪᛗᛠᛒᛚᛖ,507
bartons,53049,0,ᛒᚪᚱᛏᚩᚾᛋ,317
repined,53046,0,ᚱᛖᛈᛁᚾᛖᛞ,337
palmist,53046,0,ᛈᚪᛚᛗᛁᛋᛏ,427
plumbic,53016,0,ᛈᛚᚢᛗᛒᛁᚳ,295
poetries,53015,0,ᛈᛟᛏᚱᛁᛖᛋ,347
hardhat,53003,0,ᚻᚪᚱᛞᚻᚪᛏ,399
ostlers,52994,0,ᚩᛋᛏᛚᛖᚱᛋ,323
dogbane,52994,0,ᛞᚩᚷᛒᚪᚾᛖ,367
humblie,52967,0,ᚻᚢᛗᛒᛚᛁᛖ,329
jollier,52957,0,ᛂᚩᛚᛚᛁᛖᚱ,299
roadman,52936,0,ᚱᚩᚪᛞᛗᚪᚾ,401
camelias,52922,0,ᚳᚪᛗᛖᛚᛡᛋ,481
cowlick,52914,0,ᚳᚩᚹᛚᛁᚳᚳ,169
geishas,52895,0,ᚷᛖᛁᛋᚻᚪᛋ,341
spicier,52875,0,ᛋᛈᛁᚳᛁᛖᚱ,249
couvert,52873,0,ᚳᚩᚢᚢᛖᚱᛏ,163
thuggish,52863,0,ᚦᚢᚷᚷᛁᛋᚻ,149
abbatial,52845,0,ᚪᛒᛒᚪᛏᛡᛚ,555
lobelias,52840,0,ᛚᚩᛒᛖᛚᛡᛋ,441
almonry,52800,0,ᚪᛚᛗᚩᚾᚱᚣ,391
sextets,52794,0,ᛋᛖᛉᛏᛖᛏᛋ,405
juridic,52774,0,ᛂᚢᚱᛁᛞᛁᚳ,215
ravelling,52762,0,ᚱᚪᚢᛖᛚᛚᛝ,403
salaams,52746,0,ᛋᚪᛚᚪᚪᛗᛋ,541
vulpine,52745,0,ᚢᚢᛚᛈᛁᚾᛖ,249
fioretti,52710,0,ᚠᛡᚱᛖᛏᛏᛁ,336
biggish,52698,0,ᛒᛁᚷᚷᛁᛋᚻ,233
nidation,52695,0,ᚾᛁᛞᚪᛏᛡᚾ,441
siskins,52676,0,ᛋᛁᛋᚳᛁᚾᛋ,263
embryon,52651,0,ᛖᛗᛒᚱᚣᚩᚾ,349
chiliasm,52636,0,ᚳᚻᛁᛚᛡᛋᛗ,371
growingly,52622,0,ᚷᚱᚩᚹᛝᛚᚣ,309
avocets,52601,0,ᚪᚢᚩᚳᛖᛏᛋ,299
calanthe,52552,0,ᚳᚪᛚᚪᚾᚦᛖ,381
iciness,52549,0,ᛁᚳᛁᚾᛖᛋᛋ,277
paludal,52544,0,ᛈᚪᛚᚢᛞᚪᛚ,475
sunlamp,52432,0,ᛋᚢᚾᛚᚪᛗᛈ,369
manakin,52410,0,ᛗᚪᚾᚪᚳᛁᚾ,367
slinked,52367,0,ᛋᛚᛁᚾᚳᛖᛞ,355
figwort,52357,0,ᚠᛁᚷᚹᚩᚱᛏ,146
relaxer,52315,0,ᚱᛖᛚᚪᛉᛖᚱ,373
jovinian,52310,0,ᛂᚩᚢᛁᚾᛡᚾ,243
madrono,52286,0,ᛗᚪᛞᚱᚩᚾᚩ,311
knockings,52285,0,ᚳᚾᚩᚳᚳᛝᛋ,207
unwraps,52268,0,ᚢᚾᚹᚱᚪᛈᛋ,255
silurus,52259,0,ᛋᛁᛚᚢᚱᚢᛋ,227
squealer,52255,0,ᛋᚳᚹᛠᛚᛖᚱ,345
prefabs,52253,0,ᛈᚱᛖᚠᚪᛒᛋ,334
cyprians,52238,0,ᚳᚣᛈᚱᛡᚾᛋ,359
mordent,52224,0,ᛗᚩᚱᛞᛖᚾᛏ,333
turkism,52178,0,ᛏᚢᚱᚳᛁᛋᛗ,241
funebre,52176,0,ᚠᚢᚾᛖᛒᚱᛖ,240
cupules,52144,0,ᚳᚢᛈᚢᛚᛖᛋ,255
dizzied,52128,0,ᛞᛁᛋᛋᛁᛖᛞ,413
fletching,52107,0,ᚠᛚᛖᛏᚳᚻᛝ,316
zillions,52067,0,ᛋᛁᛚᛚᛡᚾᛋ,419
auxiliar,52056,0,ᚪᚢᛉᛁᛚᛡᚱ,369
senores,52027,0,ᛋᛖᚾᚩᚱᛖᛋ,287
goodish,52027,0,ᚷᚩᚩᛞᛁᛋᚻ,227
messily,52019,0,ᛗᛖᛋᛋᛁᛚᚣ,451
unweaned,52007,0,ᚢᚾᚹᛠᚾᛖᛞ,345
carafes,51970,0,ᚳᚪᚱᚪᚠᛖᛋ,340
nimrods,51954,0,ᚾᛁᛗᚱᚩᛞᛋ,291
shawwal,51936,0,ᛋᚻᚪᚹᚹᚪᛚ,381
beanbags,51936,0,ᛒᛠᚾᛒᚪᚷᛋ,427
waltzer,51915,0,ᚹᚪᛚᛏᛋᛖᚱ,379
kipchak,51913,0,ᚳᛁᛈᚳᚻᚪᚳ,233
deranges,51911,0,ᛞᛖᚱᚪᛝᛖᛋ,463
oxcarts,51903,0,ᚩᛉᚳᚪᚱᛏᛋ,287
orotund,51892,0,ᚩᚱᚩᛏᚢᚾᛞ,205
willinger,51887,0,ᚹᛁᛚᛚᛝᛖᚱ,353
imbrued,51829,0,ᛁᛗᛒᚱᚢᛖᛞ,333
putties,51810,0,ᛈᚢᛏᛏᛁᛖᛋ,315
slouchy,51766,0,ᛋᛚᚩᚢᚳᚻᚣ,275
muscats,51746,0,ᛗᚢᛋᚳᚪᛏᛋ,349
samosas,51731,0,ᛋᚪᛗᚩᛋᚪᛋ,431
morgens,51623,0,ᛗᚩᚱᚷᛖᚾᛋ,255
bunghole,51614,0,ᛒᚢᛝᚻᚩᛚᛖ,313
unvexed,51583,0,ᚢᚾᚢᛖᛉᛖᛞ,305
wallahs,51521,0,ᚹᚪᛚᛚᚪᚻᛋ,435
cremating,51495,0,ᚳᚱᛖᛗᚪᛏᛝ,397
bummers,51454,0,ᛒᚢᛗᛗᛖᚱᛋ,337
niggled,51431,0,ᚾᛁᚷᚷᛚᛖᛞ,323
vihuela,51422,0,ᚢᛁᚻᚢᛖᛚᚪ,297
gobbets,51355,0,ᚷᚩᛒᛒᛖᛏᛋ,325
osculum,51336,0,ᚩᛋᚳᚢᛚᚢᛗ,223
ceilidh,51331,0,ᚳᛖᛁᛚᛁᛞᚻ,327
manxman,51301,0,ᛗᚪᚾᛉᛗᚪᚾ,441
summate,51294,0,ᛋᚢᛗᛗᚪᛏᛖ,421
trekker,51284,0,ᛏᚱᛖᚳᚳᛖᚱ,241
ramjets,51282,0,ᚱᚪᛗᛂᛖᛏᛋ,395
cayuses,51241,0,ᚳᚪᚣᚢᛋᛖᛋ,389
scrutin,51234,0,ᛋᚳᚱᚢᛏᛁᚾ,199
goalies,51202,0,ᚷᚩᚪᛚᛁᛖᛋ,345
forrard,51198,0,ᚠᚩᚱᚱᚪᚱᛞ,228
unyoked,51189,0,ᚢᚾᚣᚩᚳᛖᛞ,311
toffees,51188,0,ᛏᚩᚠᚠᛖᛖᛋ,257
blathering,51185,0,ᛒᛚᚪᚦᛖᚱᛝ,393
czarism,51104,0,ᚳᛋᚪᚱᛁᛋᛗ,329
muttons,51089,0,ᛗᚢᛏᛏᚩᚾᛋ,281
teddies,51072,0,ᛏᛖᛞᛞᛁᛖᛋ,455
skiffle,51048,0,ᛋᚳᛁᚠᚠᛚᛖ,241
upreared,51016,0,ᚢᛈᚱᛠᚱᛖᛞ,333
geezers,51003,0,ᚷᛖᛖᛋᛖᚱᛋ,335
loonies,51000,0,ᛚᚩᚩᚾᛁᛖᛋ,267
wrasses,50985,0,ᚹᚱᚪᛋᛋᛖᛋ,353
manches,50980,0,ᛗᚪᚾᚳᚻᛖᛋ,353
firebug,50940,0,ᚠᛁᚱᛖᛒᚢᚷ,192
falutin,50933,0,ᚠᚪᛚᚢᛏᛁᚾ,294
sorbets,50907,0,ᛋᚩᚱᛒᛖᛏᛋ,311
caecilian,50907,0,ᚳᚫᚳᛁᛚᛡᚾ,367
epicarp,50887,0,ᛖᛈᛁᚳᚪᚱᛈ,305
whimsey,50862,0,ᚹᚻᛁᛗᛋᛖᚣ,367
sculler,50856,0,ᛋᚳᚢᛚᛚᛖᚱ,293
rousted,50852,0,ᚱᚩᚢᛋᛏᛖᛞ,289
flexile,50835,0,ᚠᛚᛖᛉᛁᛚᛖ,360
dictums,50780,0,ᛞᛁᚳᛏᚢᛗᛋ,319
palmier,50752,0,ᛈᚪᛚᛗᛁᛖᚱ,393
friaries,50746,0,ᚠᚱᛡᚱᛁᛖᛋ,282
guipure,50702,0,ᚷᚢᛁᛈᚢᚱᛖ,175
elfland,50687,0,ᛖᛚᚠᛚᚪᚾᛞ,430
inlands,50684,0,ᛁᚾᛚᚪᚾᛞᛋ,401
oviform,50664,0,ᚩᚢᛁᚠᚩᚱᛗ,132
ceresin,50664,0,ᚳᛖᚱᛖᛋᛁᚾ,271
abroade,50660,0,ᚪᛒᚱᚩᚪᛞᛖ,429
gaffers,50619,0,ᚷᚪᚠᚠᛖᚱᛋ,249
remixes,50581,0,ᚱᛖᛗᛁᛉᛖᛋ,347
rondeaux,50547,0,ᚱᚩᚾᛞᛠᚢᛉ,295
uncaged,50542,0,ᚢᚾᚳᚪᚷᛖᛞ,315
semipro,50541,0,ᛋᛖᛗᛁᛈᚱᚩ,283
aerology,50511,0,ᚫᚱᚩᛚᚩᚷᚣ,319
scrimping,50507,0,ᛋᚳᚱᛁᛗᛈᛝ,301
fatback,50491,0,ᚠᚪᛏᛒᚪᚳᚳ,342
matapan,50461,0,ᛗᚪᛏᚪᛈᚪᚾ,493
carwash,50446,0,ᚳᚪᚱᚹᚪᛋᚻ,313
mummied,50441,0,ᛗᚢᛗᛗᛁᛖᛞ,403
litotes,50394,0,ᛚᛁᛏᚩᛏᛖᛋ,349
nattier,50387,0,ᚾᚪᛏᛏᛁᛖᚱ,353
chorals,50366,0,ᚳᚻᚩᚱᚪᛚᛋ,277
chafers,50325,0,ᚳᚻᚪᚠᛖᚱᛋ,266
vapoury,50279,0,ᚢᚪᛈᚩᚢᚱᚣ,267
auklets,50279,0,ᚪᚢᚳᛚᛖᛏᛋ,365
whorish,50273,0,ᚹᚻᚩᚱᛁᛋᚻ,167
izanami,50272,0,ᛁᛋᚪᚾᚪᛗᛁ,409
trysail,50266,0,ᛏᚱᚣᛋᚪᛁᛚ,427
slapper,50251,0,ᛋᛚᚪᛈᛈᛖᚱ,387
funfair,50244,0,ᚠᚢᚾᚠᚪᛁᚱ,175
odyssean,50228,0,ᚩᛞᚣᛋᛋᛠᚾ,443
appalls,50217,0,ᚪᛈᛈᚪᛚᛚᛋ,479
reboots,50164,0,ᚱᛖᛒᚩᚩᛏᛋ,265
lyrists,50113,0,ᛚᚣᚱᛁᛋᛏᛋ,383
etoiles,50111,0,ᛖᛏᚩᛁᛚᛖᛋ,357
scantly,50100,0,ᛋᚳᚪᚾᛏᛚᚣ,427
dinginess,50034,0,ᛞᛝᛁᚾᛖᛋᛋ,401
dustmen,50026,0,ᛞᚢᛋᛏᛗᛖᚾ,371
handcar,49989,0,ᚻᚪᚾᛞᚳᚪᚱ,359
bathetic,49985,0,ᛒᚪᚦᛖᛏᛁᚳ,333
jujubes,49980,0,ᛂᚢᛂᚢᛒᛖᛋ,261
relater,49978,0,ᚱᛖᛚᚪᛏᛖᚱ,385
burnous,49968,0,ᛒᚢᚱᚾᚩᚢᛋ,167
yellowy,49937,0,ᚣᛖᛚᛚᚩᚹᚣ,445
crueler,49915,0,ᚳᚱᚢᛖᛚᛖᚱ,245
adeliza,49910,0,ᚪᛞᛖᛚᛁᛋᚪ,507
twigged,49905,0,ᛏᚹᛁᚷᚷᛖᛞ,299
dogtooth,49852,0,ᛞᚩᚷᛏᚩᚩᚦ,191
dasheen,49849,0,ᛞᚪᛋᚻᛖᛖᚾ,425
anchusa,49841,0,ᚪᚾᚳᚻᚢᛋᚪ,315
succoring,49796,0,ᛋᚢᚳᚳᚩᚱᛝ,179
tallish,49788,0,ᛏᚪᛚᛚᛁᛋᚻ,409
rouille,49776,0,ᚱᚩᚢᛁᛚᛚᛖ,265
shereef,49765,0,ᛋᚻᛖᚱᛖᛖᚠ,290
visored,49731,0,ᚢᛁᛋᚩᚱᛖᛞ,261
dateable,49719,0,ᛞᚪᛏᛠᛒᛚᛖ,555
fixates,49712,0,ᚠᛁᛉᚪᛏᛖᛋ,356
mudslinging,49613,0,ᛗᚢᛞᛋᛚᛝᛝ,447
shedder,49611,0,ᛋᚻᛖᛞᛞᛖᚱ,399
cultism,49593,0,ᚳᚢᛚᛏᛁᛋᛗ,303
tieback,49583,0,ᛏᛁᛖᛒᚪᚳᚳ,341
tercets,49583,0,ᛏᛖᚱᚳᛖᛏᛋ,329
jeeringly,49570,0,ᛂᛖᛖᚱᛝᛚᚣ,437
scourings,49560,0,ᛋᚳᚩᚢᚱᛝᛋ,219
talisay,49552,0,ᛏᚪᛚᛁᛋᚪᚣ,513
unfaded,49512,0,ᚢᚾᚠᚪᛞᛖᛞ,376
psychos,49509,0,ᛈᛋᚣᚳᚻᚩᛋ,295
fanegas,49495,0,ᚠᚪᚾᛖᚷᚪᛋ,362
baldhead,49479,0,ᛒᚪᛚᛞᚻᛠᛞ,541
blazons,49468,0,ᛒᛚᚪᛋᚩᚾᛋ,373
endways,49465,0,ᛖᚾᛞᚹᚪᚣᛋ,457
topspin,49418,0,ᛏᚩᛈᛋᛈᛁᚾ,265
lazaret,49415,0,ᛚᚪᛋᚪᚱᛖᛏ,457
deathbeds,49401,0,ᛞᛠᚦᛒᛖᛞᛋ,473
fucoids,49396,0,ᚠᚢᚳᚩᛁᛞᛋ,198
outpour,49395,0,ᚩᚢᛏᛈᚩᚢᚱ,133
privado,49381,0,ᛈᚱᛁᚢᚪᛞᚩ,281
beanpole,49348,0,ᛒᛠᚾᛈᚩᛚᛖ,389
dittany,49345,0,ᛞᛁᛏᛏᚪᚾᚣ,467
roulade,49336,0,ᚱᚩᚢᛚᚪᛞᛖ,347
chiasmal,49305,0,ᚳᚻᛡᛋᛗᚪᛚ,437
invenit,49264,0,ᛁᚾᚢᛖᚾᛁᛏ,249
woofers,49246,0,ᚹᚩᚩᚠᛖᚱᛋ,166
fustians,49236,0,ᚠᚢᛋᛏᛡᚾᛋ,306
outride,49232,0,ᚩᚢᛏᚱᛁᛞᛖ,267
jawless,49220,0,ᛂᚪᚹᛚᛖᛋᛋ,399
smoothen,49190,0,ᛋᛗᚩᚩᚦᛖᚾ,239
percuss,49169,0,ᛈᛖᚱᚳᚢᛋᛋ,243
ethnarch,49133,0,ᛖᚦᚾᚪᚱᚳᚻ,245
alkanet,49105,0,ᚪᛚᚳᚪᚾᛖᛏ,435
helleri,49073,0,ᚻᛖᛚᛚᛖᚱᛁ,345
gunroom,49068,0,ᚷᚢᚾᚱᚩᚩᛗ,145
rockier,49032,0,ᚱᚩᚳᚳᛁᛖᚱ,153
flyable,48989,0,ᚠᛚᚣᚪᛒᛚᛖ,476
unroofing,48983,0,ᚢᚾᚱᚩᚩᚠᛝ,138
ruddier,48979,0,ᚱᚢᛞᛞᛁᛖᚱ,301
riddler,48945,0,ᚱᛁᛞᛞᛚᛖᚱ,371
illation,48925,0,ᛁᛚᛚᚪᛏᛡᚾ,469
nimbler,48909,0,ᚾᛁᛗᛒᛚᛖᚱ,343
placoid,48854,0,ᛈᛚᚪᚳᚩᛁᛞ,353
liberos,48806,0,ᛚᛁᛒᛖᚱᚩᛋ,303
chapati,48746,0,ᚳᚻᚪᛈᚪᛏᛁ,363
pearlash,48709,0,ᛈᛠᚱᛚᚪᛋᚻ,409
diademed,48707,0,ᛞᛡᛞᛖᛗᛖᛞ,579
younglings,48689,0,ᚣᚩᚢᛝᛚᛝᛋ,397
raphaels,48684,0,ᚱᚪᛈᚻᚫᛚᛋ,401
cuspate,48680,0,ᚳᚢᛋᛈᚪᛏᛖ,335
vaccina,48660,0,ᚢᚪᚳᚳᛁᚾᚪ,283
trochar,48634,0,ᛏᚱᚩᚳᚻᚪᚱ,221
waffled,48618,0,ᚹᚪᚠᚠᛚᛖᛞ,349
padshah,48610,0,ᛈᚪᛞᛋᚻᚪᚻ,425
nevadan,48596,0,ᚾᛖᚢᚪᛞᚪᚾ,411
salopian,48580,0,ᛋᚪᛚᚩᛈᛡᚾ,409
unwaxed,48578,0,ᚢᚾᚹᚪᛉᛖᛞ,351
timbale,48532,0,ᛏᛁᛗᛒᚪᛚᛖ,459
lagunes,48513,0,ᛚᚪᚷᚢᚾᛖᛋ,339
arctics,48455,0,ᚪᚱᚳᛏᛁᚳᛋ,277
illumed,48451,0,ᛁᛚᛚᚢᛗᛖᛞ,407
passkey,48410,0,ᛈᚪᛋᛋᚳᛖᚣ,429
ladened,48409,0,ᛚᚪᛞᛖᚾᛖᛞ,511
slabbed,48401,0,ᛋᛚᚪᛒᛒᛖᛞ,501
mahouts,48388,0,ᛗᚪᚻᚩᚢᛏᛋ,313
mylodon,48382,0,ᛗᚣᛚᚩᛞᚩᚾ,379
roarers,48379,0,ᚱᚩᚪᚱᛖᚱᛋ,257
hussies,48374,0,ᚻᚢᛋᛋᛁᛖᛋ,283
uncurling,48361,0,ᚢᚾᚳᚢᚱᛚᛝ,211
molests,48341,0,ᛗᚩᛚᛖᛋᛏᛋ,383
hayfork,48315,0,ᚻᚪᚣᚠᚩᚱᚳ,256
odiously,48314,0,ᚩᛞᛡᚢᛋᛚᚣ,435
tungusic,48278,0,ᛏᚢᛝᚢᛋᛁᚳ,241
prelims,48247,0,ᛈᚱᛖᛚᛁᛗᛋ,349
melilot,48211,0,ᛗᛖᛚᛁᛚᚩᛏ,381
unwaged,48194,0,ᚢᚾᚹᚪᚷᛖᛞ,321
nocturn,48137,0,ᚾᚩᚳᛏᚢᚱᚾ,151
washday,48123,0,ᚹᚪᛋᚻᛞᚪᚣ,481
surcingle,48093,0,ᛋᚢᚱᚳᛝᛚᛖ,299
clomped,48068,0,ᚳᛚᚩᛗᛈᛖᛞ,363
anomura,48000,0,ᚪᚾᚩᛗᚢᚱᚪ,315
novenas,47987,0,ᚾᚩᚢᛖᚾᚪᛋ,285
triduum,47943,0,ᛏᚱᛁᛞᚢᚢᛗ,267
hippest,47922,0,ᚻᛁᛈᛈᛖᛋᛏ,319
amnionic,47922,0,ᚪᛗᚾᛡᚾᛁᚳ,377
slithery,47920,0,ᛋᛚᛁᚦᛖᚱᚣ,343
spiculae,47915,0,ᛋᛈᛁᚳᚢᛚᚫ,317
dowsers,47909,0,ᛞᚩᚹᛋᛖᚱᛋ,299
brushings,47879,0,ᛒᚱᚢᛋᚻᛝᛋ,283
stipula,47864,0,ᛋᛏᛁᛈᚢᛚᚪ,359
servite,47862,0,ᛋᛖᚱᚢᛁᛏᛖ,291
rabbies,47861,0,ᚱᚪᛒᛒᛁᛖᛋ,381
mouches,47855,0,ᛗᚩᚢᚳᚻᛖᛋ,237
greylag,47826,0,ᚷᚱᛖᚣᛚᚪᚷ,385
middies,47808,0,ᛗᛁᛞᛞᛁᛖᛋ,431
rilievo,47805,0,ᚱᛁᛚᛁᛖᚢᚩ,223
eparchy,47750,0,ᛖᛈᚪᚱᚳᚻᚣ,357
caftans,47736,0,ᚳᚪᚠᛏᚪᚾᛋ,350
welters,47687,0,ᚹᛖᛚᛏᛖᚱᛋ,349
bulbuls,47675,0,ᛒᚢᛚᛒᚢᛚᛋ,327
spitter,47654,0,ᛋᛈᛁᛏᛏᛖᚱ,323
vidimus,47643,0,ᚢᛁᛞᛁᛗᚢᛋ,281
joggled,47616,0,ᛂᚩᚷᚷᛚᛖᛞ,307
hectors,47599,0,ᚻᛖᚳᛏᚩᚱᛋ,233
portaging,47593,0,ᛈᚩᚱᛏᚪᚷᛝ,313
glister,47589,0,ᚷᛚᛁᛋᛏᛖᚱ,311
theurgic,47586,0,ᚦᛖᚢᚱᚷᛁᚳ,147
fizzles,47563,0,ᚠᛁᛋᛋᛚᛖᛋ,332
defrays,47553,0,ᛞᛖᚠᚱᚪᚣᛋ,422
hiccuping,47546,0,ᚻᛁᚳᚳᚢᛈᛝ,205
ovality,47541,0,ᚩᚢᚪᛚᛁᛏᚣ,373
camwood,47519,0,ᚳᚪᛗᚹᚩᚩᛞ,303
cumbers,47484,0,ᚳᚢᛗᛒᛖᚱᛋ,279
guidons,47479,0,ᚷᚢᛁᛞᚩᚾᛋ,229
leathered,47428,0,ᛚᛠᚦᛖᚱᛖᛞ,421
uncorking,47404,0,ᚢᚾᚳᚩᚱᚳᛝ,155
deglaze,47404,0,ᛞᛖᚷᛚᚪᛋᛖ,463
shacked,47397,0,ᛋᚻᚪᚳᚳᛖᛞ,355
aquavit,47379,0,ᚪᚳᚹᚪᚢᛁᛏ,319
entasis,47370,0,ᛖᚾᛏᚪᛋᛁᛋ,389
misters,47334,0,ᛗᛁᛋᛏᛖᚱᛋ,345
cantars,47333,0,ᚳᚪᚾᛏᚪᚱᛋ,359
wayleave,47330,0,ᚹᚪᚣᛚᛠᚢᛖ,471
rorqual,47325,0,ᚱᚩᚱᚳᚹᚪᛚ,231
positum,47288,0,ᛈᚩᛋᛁᛏᚢᛗ,267
childes,47288,0,ᚳᚻᛁᛚᛞᛖᛋ,349
epaulet,47272,0,ᛖᛈᚪᚢᛚᛖᛏ,409
blanker,47272,0,ᛒᛚᚪᚾᚳᛖᚱ,351
mumblings,47259,0,ᛗᚢᛗᛒᛚᛝᛋ,411
dharani,47216,0,ᛞᚻᚪᚱᚪᚾᛁ,377
openest,47192,0,ᚩᛈᛖᚾᛖᛋᛏ,325
hankies,47172,0,ᚻᚪᚾᚳᛁᛖᛋ,313
passingly,47142,0,ᛈᚪᛋᛋᛝᛚᚣ,501
calumba,47140,0,ᚳᚪᛚᚢᛗᛒᚪ,415
muddier,47137,0,ᛗᚢᛞᛞᛁᛖᚱ,361
someones,47135,0,ᛋᚩᛗᛇᚾᛖᛋ,321
insteps,47132,0,ᛁᚾᛋᛏᛖᛈᛋ,335
preluding,47129,0,ᛈᚱᛖᛚᚢᛞᛝ,365
pedagog,47125,0,ᛈᛖᛞᚪᚷᚩᚷ,337
jarringly,47111,0,ᛂᚪᚱᚱᛝᛚᚣ,411
amorosa,47081,0,ᚪᛗᚩᚱᚩᛋᚪ,343
jousted,47059,0,ᛂᚩᚢᛋᛏᛖᛞ,315
rackety,47042,0,ᚱᚪᚳᚳᛖᛏᚣ,363
buskers,47028,0,ᛒᚢᛋᚳᛖᚱᛋ,261
distingue,46987,0,ᛞᛁᛋᛏᛝᚢᛖ,381
pawpaws,46962,0,ᛈᚪᚹᛈᚪᚹᛋ,371
suiters,46929,0,ᛋᚢᛁᛏᛖᚱᛋ,277
lowborn,46909,0,ᛚᚩᚹᛒᚩᚱᚾ,207
cashbox,46902,0,ᚳᚪᛋᚻᛒᚩᛉ,301
tamasha,46896,0,ᛏᚪᛗᚪᛋᚻᚪ,497
clabber,46895,0,ᚳᛚᚪᛒᛒᛖᚱ,383
lynches,46886,0,ᛚᚣᚾᚳᚻᛖᛋ,361
blendings,46880,0,ᛒᛚᛖᚾᛞᛝᛋ,451
applier,46876,0,ᚪᛈᛈᛚᛁᛖᚱ,365
crimine,46863,0,ᚳᚱᛁᛗᛁᚾᛖ,253
freshes,46860,0,ᚠᚱᛖᛋᚻᛖᛋ,276
lakelet,46854,0,ᛚᚪᚳᛖᛚᛖᛏ,449
espinal,46841,0,ᛖᛋᛈᛁᚾᚪᛚ,393
mongolic,46801,0,ᛗᚩᛝᚩᛚᛁᚳ,281
thataway,46798,0,ᚦᚪᛏᚪᚹᚪᚣ,477
khamsin,46798,0,ᚳᚻᚪᛗᛋᛁᚾ,317
langleys,46779,0,ᛚᚪᛝᛚᛖᚣᛋ,545
belayed,46777,0,ᛒᛖᛚᚪᚣᛖᛞ,557
bootees,46775,0,ᛒᚩᚩᛏᛖᛖᛋ,321
alchymy,46733,0,ᚪᛚᚳᚻᚣᛗᚣ,483
urgence,46731,0,ᚢᚱᚷᛖᚾᚳᛖ,207
overdoes,46697,0,ᚩᚢᛖᚱᛞᛟᛋ,313
tomcats,46641,0,ᛏᚩᛗᚳᚪᛏᛋ,359
sawfish,46626,0,ᛋᚪᚹᚠᛁᛋᚻ,278
nighest,46620,0,ᚾᛁᚷᚻᛖᛋᛏ,279
unoiled,46614,0,ᚢᚾᚩᛁᛚᛖᛞ,299
bullate,46535,0,ᛒᚢᛚᛚᚪᛏᛖ,433
castalio,46487,0,ᚳᚪᛋᛏᚪᛚᛡ,499
blazoning,46482,0,ᛒᛚᚪᛋᚩᚾᛝ,399
curtsying,46480,0,ᚳᚢᚱᛏᛋᚣᛝ,321
formals,46478,0,ᚠᚩᚱᛗᚪᛚᛋ,314
dapples,46475,0,ᛞᚪᛈᛈᛚᛖᛋ,465
refaced,46469,0,ᚱᛖᚠᚪᚳᛖᛞ,346
griever,46440,0,ᚷᚱᛁᛖᚢᛖᚱ,207
delenda,46419,0,ᛞᛖᛚᛖᚾᛞᚪ,511
showily,46396,0,ᛋᚻᚩᚹᛁᛚᚣ,309
custode,46393,0,ᚳᚢᛋᛏᚩᛞᛖ,291
upspringing,46364,0,ᚢᛈᛋᛈᚱᛝᛝ,311
sherifs,46362,0,ᛋᚻᛖᚱᛁᚠᛋ,240
mamelon,46360,0,ᛗᚪᛗᛖᛚᚩᚾ,415
hairnet,46356,0,ᚻᚪᛁᚱᚾᛖᛏ,317
vicarial,46344,0,ᚢᛁᚳᚪᚱᛡᛚ,335
taloned,46335,0,ᛏᚪᛚᚩᚾᛖᛞ,421
endives,46322,0,ᛖᚾᛞᛁᚢᛖᛋ,339
vapouring,46309,0,ᚢᚪᛈᚩᚢᚱᛝ,243
dratted,46297,0,ᛞᚱᚪᛏᛏᛖᛞ,471
shakier,46253,0,ᛋᚻᚪᚳᛁᛖᚱ,295
bucketing,46252,0,ᛒᚢᚳᚳᛖᛏᛝ,295
shabbath,46203,0,ᛋᚻᚪᛒᛒᚪᚦ,397
globins,46195,0,ᚷᛚᚩᛒᛁᚾᛋ,271
swishes,46181,0,ᛋᚹᛁᛋᚻᛖᛋ,299
meetest,46127,0,ᛗᛖᛖᛏᛖᛋᛏ,443
haunter,46092,0,ᚻᚪᚢᚾᛏᛖᚱ,289
dazzler,46089,0,ᛞᚪᛋᛋᛚᛖᚱ,443
bettine,46080,0,ᛒᛖᛏᛏᛁᚾᛖ,373
kingbirds,46077,0,ᚳᛝᛒᛁᚱᛞᛋ,337
rowlock,46075,0,ᚱᚩᚹᛚᚩᚳᚳ,143
chthonian,46003,0,ᚳᚻᚦᚩᚾᛡᚾ,213
euryale,45990,0,ᛖᚢᚱᚣᚪᛚᛖ,421
inedita,45974,0,ᛁᚾᛖᛞᛁᛏᚪ,403
sporran,45941,0,ᛋᛈᚩᚱᚱᚪᚾ,251
doggies,45938,0,ᛞᚩᚷᚷᛁᛖᛋ,281
exocarp,45886,0,ᛖᛉᚩᚳᚪᚱᛈ,285
turkies,45865,0,ᛏᚢᚱᚳᛁᛖᛋ,237
dunnock,45841,0,ᛞᚢᚾᚾᚩᚳᚳ,183
sherris,45800,0,ᛋᚻᛖᚱᚱᛁᛋ,249
clunker,45784,0,ᚳᛚᚢᚾᚳᛖᚱ,209
nutters,45777,0,ᚾᚢᛏᛏᛖᚱᛋ,281
enteron,45774,0,ᛖᚾᛏᛖᚱᚩᚾ,269
troades,45765,0,ᛏᚱᚩᚪᛞᛖᛋ,383
biotitic,45765,0,ᛒᛡᛏᛁᛏᛁᚳ,361
wayworn,45710,0,ᚹᚪᚣᚹᚩᚱᚾ,285
cushiony,45700,0,ᚳᚢᛋᚻᛡᚾᚣ,331
estopping,45666,0,ᛖᛋᛏᚩᛈᛈᛝ,351
peliosis,45660,0,ᛈᛖᛚᛡᛋᛁᛋ,427
dullish,45632,0,ᛞᚢᛚᛚᛁᛋᚻ,345
zenithal,45622,0,ᛋᛖᚾᛁᚦᚪᛚ,355
unsated,45620,0,ᚢᚾᛋᚪᛏᛖᛞ,397
bluffer,45619,0,ᛒᛚᚢᚠᚠᛖᚱ,219
romansh,45587,0,ᚱᚩᛗᚪᚾᛋᚻ,291
defeater,45581,0,ᛞᛖᚠᛠᛏᛖᚱ,404
recopying,45572,0,ᚱᛖᚳᚩᛈᚣᛝ,323
townies,45564,0,ᛏᚩᚹᚾᛁᛖᛋ,265
finalis,45420,0,ᚠᛁᚾᚪᛚᛁᛋ,316
sullage,45409,0,ᛋᚢᛚᛚᚪᚷᛖ,383
pectora,45399,0,ᛈᛖᚳᛏᚩᚱᚪ,297
icecaps,45390,0,ᛁᚳᛖᚳᚪᛈᛋ,317
idiocies,45368,0,ᛁᛞᛡᚳᛁᛖᛋ,391
dehisce,45324,0,ᛞᛖᚻᛁᛋᚳᛖ,343
ranched,45314,0,ᚱᚪᚾᚳᚻᛖᛞ,329
capulin,45310,0,ᚳᚪᛈᚢᛚᛁᚾ,289
enaction,45301,0,ᛖᚾᚪᚳᛏᛡᚾ,401
elenchi,45269,0,ᛖᛚᛖᚾᚳᚻᛁ,303
repinings,45265,0,ᚱᛖᛈᛁᚾᛝᛋ,313
invoker,45247,0,ᛁᚾᚢᚩᚳᛖᚱ,161
eurytus,45232,0,ᛖᚢᚱᚣᛏᚢᛋ,299
hansoms,45196,0,ᚻᚪᚾᛋᚩᛗᛋ,333
blithering,45184,0,ᛒᛚᛁᚦᛖᚱᛝ,327
jaghire,45153,0,ᛂᚪᚷᚻᛁᚱᛖ,283
knicker,45132,0,ᚳᚾᛁᚳᚳᛖᚱ,177
niblick,45124,0,ᚾᛁᛒᛚᛁᚳᚳ,251
lipless,45061,0,ᛚᛁᛈᛚᛖᛋᛋ,393
quantic,45054,0,ᚳᚹᚪᚾᛏᛁᚳ,261
peshwas,45046,0,ᛈᛖᛋᚻᚹᚪᛋ,355
taurida,45044,0,ᛏᚪᚢᚱᛁᛞᚪ,387
marplot,45035,0,ᛗᚪᚱᛈᛚᚩᛏ,361
tramper,45030,0,ᛏᚱᚪᛗᛈᛖᚱ,359
arguers,45013,0,ᚪᚱᚷᚢᛖᚱᛋ,259
greatheart,44998,0,ᚷᚱᛠᚦᛠᚱᛏ,321
towhees,44989,0,ᛏᚩᚹᚻᛖᛖᛋ,295
wheatears,44958,0,ᚹᚻᛠᛏᛠᚱᛋ,383
squeaker,44939,0,ᛋᚳᚹᛠᚳᛖᚱ,285
develin,44930,0,ᛞᛖᚢᛖᛚᛁᚾ,359
senones,44919,0,ᛋᛖᚾᚩᚾᛖᛋ,305
overbid,44873,0,ᚩᚢᛖᚱᛒᛁᛞ,269
shouter,44868,0,ᛋᚻᚩᚢᛏᛖᚱ,223
secedes,44867,0,ᛋᛖᚳᛖᛞᛖᛋ,409
telpher,44832,0,ᛏᛖᛚᛈᚻᛖᚱ,343
myalgic,44820,0,ᛗᚣᚪᛚᚷᛁᚳ,405
satanas,44792,0,ᛋᚪᛏᚪᚾᚪᛋ,485
bustier,44757,0,ᛒᚢᛋᛏᛁᛖᚱ,285
plashed,44709,0,ᛈᛚᚪᛋᚻᛖᛞ,445
pricket,44681,0,ᛈᚱᛁᚳᚳᛖᛏ,237
atalaya,44648,0,ᚪᛏᚪᛚᚪᚣᚪ,623
lemurian,44642,0,ᛚᛖᛗᚢᚱᛡᚾ,361
radiancy,44627,0,ᚱᚪᛞᛡᚾᚳᚣ,449
agitato,44600,0,ᚪᚷᛁᛏᚪᛏᚩ,367
pehlevi,44597,0,ᛈᛖᚻᛚᛖᚢᛁ,307
boleros,44550,0,ᛒᚩᛚᛖᚱᚩᛋ,279
lyddite,44527,0,ᛚᚣᛞᛞᛁᛏᛖ,511
jeepers,44527,0,ᛂᛖᛖᛈᛖᚱᛋ,345
faintings,44526,0,ᚠᚪᛁᚾᛏᛝᛋ,350
sloughy,44524,0,ᛋᛚᚩᚢᚷᚻᚣ,279
excitor,44516,0,ᛖᛉᚳᛁᛏᚩᚱ,235
witched,44487,0,ᚹᛁᛏᚳᚻᛖᛞ,301
unruled,44457,0,ᚢᚾᚱᚢᛚᛖᛞ,275
toggery,44457,0,ᛏᚩᚷᚷᛖᚱᚣ,281
blooper,44456,0,ᛒᛚᚩᚩᛈᛖᚱ,269
estrade,44453,0,ᛖᛋᛏᚱᚪᛞᛖ,443
novellae,44451,0,ᚾᚩᚢᛖᛚᛚᚫ,353
inertly,44401,0,ᛁᚾᛖᚱᛏᛚᚣ,373
ninnies,44381,0,ᚾᛁᚾᚾᛁᛖᛋ,269
naziism,44368,0,ᚾᚪᛋᛁᛁᛋᛗ,365
ashlars,44366,0,ᚪᛋᚻᛚᚪᚱᛋ,407
tomboys,44310,0,ᛏᚩᛗᛒᚩᚣᛋ,361
cinches,44304,0,ᚳᛁᚾᚳᚻᛖᛋ,229
hoarser,44302,0,ᚻᚩᚪᚱᛋᛖᚱ,269
plumier,44260,0,ᛈᛚᚢᛗᛁᛖᚱ,299
tarrier,44224,0,ᛏᚪᚱᚱᛁᛖᚱ,287
feasters,44210,0,ᚠᛠᛋᛏᛖᚱᛋ,354
sublets,44164,0,ᛋᚢᛒᛚᛖᛏᛋ,369
sequani,44153,0,ᛋᛖᚳᚹᚪᚾᛁ,309
comaker,44111,0,ᚳᚩᛗᚪᚳᛖᚱ,279
reprising,44097,0,ᚱᛖᛈᚱᛁᛋᛝ,295
monkery,44075,0,ᛗᚩᚾᚳᛖᚱᚣ,301
petcock,44066,0,ᛈᛖᛏᚳᚩᚳᚳ,215
humdinger,44066,0,ᚻᚢᛗᛞᛝᛖᚱ,343
fabella,44056,0,ᚠᚪᛒᛖᛚᛚᚪ,470
monodic,44048,0,ᛗᚩᚾᚩᛞᛁᚳ,247
seesawing,44026,0,ᛋᛖᛖᛋᚪᚹᛝ,435
lempira,44018,0,ᛚᛖᛗᛈᛁᚱᚪ,393
druthers,43991,0,ᛞᚱᚢᚦᛖᚱᛋ,239
caimans,43988,0,ᚳᚪᛁᛗᚪᚾᛋ,391
cinclus,43977,0,ᚳᛁᚾᚳᛚᚢᛋ,215
stylite,43971,0,ᛋᛏᚣᛚᛁᛏᛖ,445
bigmouth,43971,0,ᛒᛁᚷᛗᚩᚢᚦ,195
octanes,43937,0,ᚩᚳᛏᚪᚾᛖᛋ,325
tabulis,43931,0,ᛏᚪᛒᚢᛚᛁᛋ,377
popover,43924,0,ᛈᚩᛈᚩᚢᛖᚱ,181
firelit,43916,0,ᚠᛁᚱᛖᛚᛁᛏ,274
perianths,43887,0,ᛈᛖᚱᛡᚾᚦᛋ,315
wordage,43871,0,ᚹᚩᚱᛞᚪᚷᛖ,307
cantrip,43851,0,ᚳᚪᚾᛏᚱᛁᛈ,283
misuser,43806,0,ᛗᛁᛋᚢᛋᛖᚱ,289
encamps,43806,0,ᛖᚾᚳᚪᛗᛈᛋ,373
homered,43797,0,ᚻᚩᛗᛖᚱᛖᛞ,335
catboat,43777,0,ᚳᚪᛏᛒᚩᚪᛏ,393
juddering,43744,0,ᛂᚢᛞᛞᛖᚱᛝ,375
primmer,43721,0,ᛈᚱᛁᛗᛗᛖᚱ,305
alferez,43671,0,ᚪᛚᚠᛖᚱᛖᛋ,370
pravity,43606,0,ᛈᚱᚪᚢᛁᛏᚣ,347
numbingly,43600,0,ᚾᚢᛗᛒᛝᛚᚣ,419
plaudit,43598,0,ᛈᛚᚪᚢᛞᛁᛏ,395
guldens,43594,0,ᚷᚢᛚᛞᛖᚾᛋ,331
rurally,43584,0,ᚱᚢᚱᚪᛚᛚᚣ,371
gracioso,43576,0,ᚷᚱᚪᚳᛡᛋᚩ,305
shadier,43526,0,ᛋᚻᚪᛞᛁᛖᚱ,371
hurlers,43521,0,ᚻᚢᚱᛚᛖᚱᛋ,241
sunlike,43507,0,ᛋᚢᚾᛚᛁᚳᛖ,269
refixed,43500,0,ᚱᛖᚠᛁᛉᛖᛞ,314
scooper,43477,0,ᛋᚳᚩᚩᛈᛖᚱ,201
tireman,43472,0,ᛏᛁᚱᛖᛗᚪᚾ,365
tricorn,43429,0,ᛏᚱᛁᚳᚩᚱᚾ,161
degrease,43420,0,ᛞᛖᚷᚱᛠᛋᛖ,413
kingcraft,43414,0,ᚳᛝᚳᚱᚪᚠᛏ,274
ctenidia,43413,0,ᚳᛏᛖᚾᛁᛞᛡ,395
vitrify,43412,0,ᚢᛁᛏᚱᛁᚠᚣ,240
uncross,43408,0,ᚢᚾᚳᚱᚩᛋᛋ,169
mirable,43390,0,ᛗᛁᚱᚪᛒᛚᛖ,411
saltine,43370,0,ᛋᚪᛚᛏᛁᚾᛖ,409
wondred,43357,0,ᚹᚩᚾᛞᚱᛖᛞ,311
astilbe,43286,0,ᚪᛋᛏᛁᛚᛒᛖ,441
warthogs,43282,0,ᚹᚪᚱᚦᚩᚷᛋ,209
unsheathe,43272,0,ᚢᚾᛋᚻᛠᚦᛖ,289
machree,43267,0,ᛗᚪᚳᚻᚱᛖᛖ,349
thurible,43250,0,ᚦᚢᚱᛁᛒᛚᛖ,251
avoider,43247,0,ᚪᚢᚩᛁᛞᛖᚱ,305
cameleon,43245,0,ᚳᚪᛗᛖᛚᛇᚾ,391
pensile,43225,0,ᛈᛖᚾᛋᛁᛚᛖ,363
raddled,43224,0,ᚱᚪᛞᛞᛚᛖᛞ,515
meseems,43216,0,ᛗᛖᛋᛖᛖᛗᛋ,449
cuttingly,43197,0,ᚳᚢᛏᛏᛝᛚᚣ,389
crasher,43176,0,ᚳᚱᚪᛋᚻᛖᚱ,275
fanwise,43174,0,ᚠᚪᚾᚹᛁᛋᛖ,298
snooped,43128,0,ᛋᚾᚩᚩᛈᛖᛞ,295
rethinks,43110,0,ᚱᛖᚦᛁᚾᚳᛋ,209
dungaree,43108,0,ᛞᚢᛝᚪᚱᛖᛖ,413
sculpts,43100,0,ᛋᚳᚢᛚᛈᛏᛋ,297
ophidian,43073,0,ᚩᛈᚻᛁᛞᛡᚾ,329
outface,43027,0,ᚩᚢᛏᚠᚪᚳᛖ,248
costers,43010,0,ᚳᚩᛋᛏᛖᚱᛋ,263
mahican,42982,0,ᛗᚪᚻᛁᚳᚪᚾ,361
cattery,42980,0,ᚳᚪᛏᛏᛖᚱᚣ,409
noddies,42930,0,ᚾᚩᛞᛞᛁᛖᛋ,365
jiggles,42917,0,ᛂᛁᚷᚷᛚᛖᛋ,295
balboas,42917,0,ᛒᚪᛚᛒᚩᚪᛋ,449
carlina,42910,0,ᚳᚪᚱᛚᛁᚾᚪ,351
shawled,42865,0,ᛋᚻᚪᚹᛚᛖᛞ,421
feminin,42854,0,ᚠᛖᛗᛁᚾᛁᚾ,260
longueur,42836,0,ᛚᚩᛝᚢᛖᚢᚱ,243
licinian,42802,0,ᛚᛁᚳᛁᚾᛡᚾ,313
fairlead,42776,0,ᚠᚪᛁᚱᛚᛠᛞ,412
juggins,42773,0,ᛂᚢᚷᚷᛁᚾᛋ,187
clingfilm,42766,0,ᚳᛚᛝᚠᛁᛚᛗ,342
propone,42746,0,ᛈᚱᚩᛈᚩᚾᛖ,207
munches,42728,0,ᛗᚢᚾᚳᚻᛖᛋ,259
peckish,42727,0,ᛈᛖᚳᚳᛁᛋᚻ,243
incomer,42715,0,ᛁᚾᚳᚩᛗᛖᚱ,229
gerardia,42690,0,ᚷᛖᚱᚪᚱᛞᛡ,399
waggery,42659,0,ᚹᚪᚷᚷᛖᚱᚣ,331
renewer,42655,0,ᚱᛖᚾᛖᚹᛖᚱ,271
seceder,42650,0,ᛋᛖᚳᛖᛞᛖᚱ,367
finagle,42628,0,ᚠᛁᚾᚪᚷᛚᛖ,316
bedight,42627,0,ᛒᛖᛞᛁᚷᚻᛏ,347
seatmate,42616,0,ᛋᛠᛏᛗᚪᛏᛖ,515
nonflying,42610,0,ᚾᚩᚾᚠᛚᚣᛝ,322
ermined,42577,0,ᛖᚱᛗᛁᚾᛖᛞ,365
aqualung,42566,0,ᚪᚳᚹᚪᛚᚢᛝ,381
pleached,42535,0,ᛈᛚᛠᚳᚻᛖᛞ,417
peccavi,42532,0,ᛈᛖᚳᚳᚪᚢᛁ,267
muzhiks,42520,0,ᛗᚢᛋᚻᛁᚳᛋ,247
cognacs,42508,0,ᚳᚩᚷᚾᚪᚳᛋ,229
fritzie,42484,0,ᚠᚱᛁᛏᛋᛁᛖ,254
praiser,42459,0,ᛈᚱᚪᛁᛋᛖᚱ,313
carroty,42437,0,ᚳᚪᚱᚱᚩᛏᚣ,301
reascend,42435,0,ᚱᛠᛋᚳᛖᚾᛞ,371
threshes,42411,0,ᚦᚱᛖᛋᚻᛖᛋ,279
edifies,42380,0,ᛖᛞᛁᚠᛁᛖᛋ,340
westons,42377,0,ᚹᛖᛋᛏᚩᚾᛋ,287
unlobed,42360,0,ᚢᚾᛚᚩᛒᛖᛞ,329
redraws,42352,0,ᚱᛖᛞᚱᚪᚹᛋ,347
racoons,42336,0,ᚱᚪᚳᚩᚩᚾᛋ,217
leucothoe,42336,0,ᛚᛖᚢᚳᚩᚦᛟ,251
revetting,42324,0,ᚱᛖᚢᛖᛏᛏᛝ,345
unspeaking,42320,0,ᚢᚾᛋᛈᛠᚳᛝ,329
albitic,42292,0,ᚪᛚᛒᛁᛏᛁᚳ,365
callant,42238,0,ᚳᚪᛚᛚᚪᚾᛏ,441
berlins,42209,0,ᛒᛖᚱᛚᛁᚾᛋ,325
enflame,42204,0,ᛖᚾᚠᛚᚪᛗᛖ,406
jollies,42180,0,ᛂᚩᛚᛚᛁᛖᛋ,341
nitchie,42129,0,ᚾᛁᛏᚳᚻᛁᛖ,253
remanet,42111,0,ᚱᛖᛗᚪᚾᛖᛏ,401
cyclopia,42085,0,ᚳᚣᚳᛚᚩᛈᛡ,359
mauritia,42071,0,ᛗᚪᚢᚱᛁᛏᛡ,379
perseid,42020,0,ᛈᛖᚱᛋᛖᛁᛞ,361
cajoles,41915,0,ᚳᚪᛂᚩᛚᛖᛋ,347
mournings,41865,0,ᛗᚩᚢᚱᚾᛝᛋ,253
nattily,41855,0,ᚾᚪᛏᛏᛁᛚᚣ,451
radiomen,41852,0,ᚱᚪᛞᛡᛗᛖᚾ,471
enthroning,41819,0,ᛖᚾᚦᚱᚩᚾᛝ,227
cocoyam,41811,0,ᚳᚩᚳᚩᚣᚪᛗ,311
cleansings,41807,0,ᚳᛚᛠᚾᛋᛝᛋ,409
hardhead,41801,0,ᚻᚪᚱᛞᚻᛠᛞ,441
anapaest,41786,0,ᚪᚾᚪᛈᚫᛋᛏ,479
daimons,41780,0,ᛞᚪᛁᛗᚩᚾᛋ,377
natches,41733,0,ᚾᚪᛏᚳᚻᛖᛋ,341
recoups,41710,0,ᚱᛖᚳᚩᚢᛈᛋ,197
unfussy,41696,0,ᚢᚾᚠᚢᛋᛋᚣ,246
locater,41679,0,ᛚᚩᚳᚪᛏᛖᚱ,327
brescian,41637,0,ᛒᚱᛖᛋᚳᛡᚾ,341
inciter,41635,0,ᛁᚾᚳᛁᛏᛖᚱ,241
sneakily,41634,0,ᛋᚾᛠᚳᛁᛚᚣ,411
sculled,41623,0,ᛋᚳᚢᛚᛚᛖᛞ,371
bobbled,41609,0,ᛒᚩᛒᛒᛚᛖᛞ,419
heatless,41590,0,ᚻᛠᛏᛚᛖᛋᛋ,437
striver,41539,0,ᛋᛏᚱᛁᚢᛖᚱ,235
barlows,41530,0,ᛒᚪᚱᛚᚩᚹᛋ,321
soursop,41523,0,ᛋᚩᚢᚱᛋᚩᛈ,177
leasowes,41506,0,ᛚᛠᛋᚩᚹᛖᛋ,381
spicery,41501,0,ᛋᛈᛁᚳᛖᚱᚣ,321
moutons,41458,0,ᛗᚩᚢᛏᚩᚾᛋ,229
rubdown,41404,0,ᚱᚢᛒᛞᚩᚹᚾ,219
chasses,41352,0,ᚳᚻᚪᛋᛋᛖᛋ,359
caleche,41352,0,ᚳᚪᛚᛖᚳᚻᛖ,353
casques,41351,0,ᚳᚪᛋᚳᚹᛖᛋ,315
acicula,41333,0,ᚪᚳᛁᚳᚢᛚᚪ,327
trogons,41308,0,ᛏᚱᚩᚷᚩᚾᛋ,183
clavers,41303,0,ᚳᛚᚪᚢᛖᚱᛋ,317
attunes,41301,0,ᚪᛏᛏᚢᚾᛖᛋ,367
infixes,41295,0,ᛁᚾᚠᛁᛉᛖᛋ,260
earaches,41279,0,ᛠᚱᚪᚳᚻᛖᛋ,373
ecocide,41276,0,ᛖᚳᚩᚳᛁᛞᛖ,287
overshoe,41243,0,ᚩᚢᛖᚱᛋᚻᛟ,247
factoid,41209,0,ᚠᚪᚳᛏᚩᛁᛞ,298
sunders,41186,0,ᛋᚢᚾᛞᛖᚱᛋ,305
hearties,41181,0,ᚻᛠᚱᛏᛁᛖᛋ,353
tabbies,41160,0,ᛏᚪᛒᛒᛁᛖᛋ,429
hatpins,41128,0,ᚻᚪᛏᛈᛁᚾᛋ,335
stogies,41114,0,ᛋᛏᚩᚷᛁᛖᛋ,287
spouter,40986,0,ᛋᛈᚩᚢᛏᛖᚱ,243
marrons,40978,0,ᛗᚪᚱᚱᚩᚾᛋ,279
bulkers,40966,0,ᛒᚢᛚᚳᛖᚱᛋ,281
minikin,40959,0,ᛗᛁᚾᛁᚳᛁᚾ,235
evildoing,40932,0,ᛖᚢᛁᛚᛞᚩᛝ,349
malison,40892,0,ᛗᚪᛚᛁᛋᚩᚾ,361
pedicab,40877,0,ᛈᛖᛞᛁᚳᚪᛒ,401
upstaging,40867,0,ᚢᛈᛋᛏᚪᚷᛝ,351
parhelia,40865,0,ᛈᚪᚱᚻᛖᛚᛡ,421
parerga,40861,0,ᛈᚪᚱᛖᚱᚷᚪ,343
languors,40852,0,ᛚᚪᛝᚢᚩᚱᛋ,323
subtill,40846,0,ᛋᚢᛒᛏᛁᛚᛚ,353
squirmy,40834,0,ᛋᚳᚹᛁᚱᛗᚣ,301
weigela,40832,0,ᚹᛖᛁᚷᛖᛚᚪ,371
duennas,40826,0,ᛞᚢᛖᚾᚾᚪᛋ,367
unwired,40805,0,ᚢᚾᚹᛁᚱᛖᛞ,249
piggish,40798,0,ᛈᛁᚷᚷᛁᛋᚻ,215
workbox,40795,0,ᚹᚩᚱᚳᛒᚩᛉ,165
branchia,40792,0,ᛒᚱᚪᚾᚳᚻᛡ,341
zoonomia,40786,0,ᛋᚩᚩᚾᚩᛗᛡ,281
brawled,40781,0,ᛒᚱᚪᚹᛚᛖᛞ,417
illumes,40750,0,ᛁᛚᛚᚢᛗᛖᛋ,371
broodings,40708,0,ᛒᚱᚩᚩᛞᛝᛋ,307
spicers,40698,0,ᛋᛈᛁᚳᛖᚱᛋ,271
tallboy,40688,0,ᛏᚪᛚᛚᛒᚩᚣ,473
ocarina,40681,0,ᚩᚳᚪᚱᛁᚾᚪ,285
cubbies,40608,0,ᚳᚢᛒᛒᛁᛖᛋ,289
cowpoke,40576,0,ᚳᚩᚹᛈᚩᚳᛖ,169
reclose,40574,0,ᚱᛖᚳᛚᚩᛋᛖ,291
barchan,40574,0,ᛒᚪᚱᚳᚻᚪᚾ,331
gemlike,40503,0,ᚷᛖᛗᛚᛁᚳᛖ,339
simpers,40485,0,ᛋᛁᛗᛈᛖᚱᛋ,329
gropingly,40478,0,ᚷᚱᚩᛈᛝᛚᚣ,333
frocked,40461,0,ᚠᚱᚩᚳᚳᛖᛞ,202
empanel,40444,0,ᛖᛗᛈᚪᚾᛖᛚ,447
succory,40439,0,ᛋᚢᚳᚳᚩᚱᚣ,203
siestas,40436,0,ᛋᛁᛖᛋᛏᚪᛋ,413
deifies,40407,0,ᛞᛖᛁᚠᛁᛖᛋ,340
peritus,40390,0,ᛈᛖᚱᛁᛏᚢᛋ,267
sullens,40385,0,ᛋᚢᛚᛚᛖᚾᛋ,351
spongers,40385,0,ᛋᛈᚩᛝᛖᚱᛋ,313
tallowy,40384,0,ᛏᚪᛚᛚᚩᚹᚣ,431
jewries,40343,0,ᛂᛖᚹᚱᛁᛖᛋ,285
lusters,40340,0,ᛚᚢᛋᛏᛖᚱᛋ,319
rebuses,40338,0,ᚱᛖᛒᚢᛋᛖᛋ,315
sperone,40336,0,ᛋᛈᛖᚱᚩᚾᛖ,277
ramekin,40324,0,ᚱᚪᛗᛖᚳᛁᚾ,319
poppets,40315,0,ᛈᚩᛈᛈᛖᛏᛋ,315
stashes,40308,0,ᛋᛏᚪᛋᚻᛖᛋ,405
retrials,40290,0,ᚱᛖᛏᚱᛡᛚᛋ,381
sodaine,40273,0,ᛋᚩᛞᚪᛁᚾᛖ,373
caesuras,40268,0,ᚳᚫᛋᚢᚱᚪᛋ,331
shirvan,40264,0,ᛋᚻᛁᚱᚢᚪᚾ,247
gumdrop,40245,0,ᚷᚢᛗᛞᚱᚩᛈ,241
updater,40239,0,ᚢᛈᛞᚪᛏᛖᚱ,369
sulfurs,40232,0,ᛋᚢᛚᚠᚢᚱᛋ,198
mantrap,40232,0,ᛗᚪᚾᛏᚱᚪᛈ,407
ensheathing,40205,0,ᛖᚾᛋᚻᛠᚦᛝ,365
dulciana,40205,0,ᛞᚢᛚᚳᛡᚾᚪ,411
salpinx,40172,0,ᛋᚪᛚᛈᛁᚾᛉ,373
nuzzles,40161,0,ᚾᚢᛋᛋᛚᛖᛋ,331
outflung,40145,0,ᚩᚢᛏᚠᛚᚢᛝ,226
defamer,40144,0,ᛞᛖᚠᚪᛗᛖᚱ,404
dioptres,40130,0,ᛞᛡᛈᛏᚱᛖᛋ,429
loaches,40091,0,ᛚᚩᚪᚳᚻᛖᛋ,333
epigoni,40087,0,ᛖᛈᛁᚷᚩᚾᛁ,225
charpoy,40073,0,ᚳᚻᚪᚱᛈᚩᚣ,297
cochleae,40050,0,ᚳᚩᚳᚻᛚᛠᛖ,305
pronuba,40045,0,ᛈᚱᚩᚾᚢᛒᚪ,251
juicers,40010,0,ᛂᚢᛁᚳᛖᚱᛋ,215
freckling,40004,0,ᚠᚱᛖᚳᚳᛚᛝ,258
whiners,39990,0,ᚹᚻᛁᚾᛖᚱᛋ,233
barbets,39983,0,ᛒᚪᚱᛒᛖᛏᛋ,409
netlike,39978,0,ᚾᛖᛏᛚᛁᚳᛖ,339
clerisy,39955,0,ᚳᛚᛖᚱᛁᛋᚣ,351
erectly,39945,0,ᛖᚱᛖᚳᛏᛚᚣ,393
fleetly,39938,0,ᚠᛚᛖᛖᛏᛚᚣ,444
foundings,39937,0,ᚠᚩᚢᚾᛞᛝᛋ,262
gargery,39935,0,ᚷᚪᚱᚷᛖᚱᚣ,323
intitle,39917,0,ᛁᚾᛏᛁᛏᛚᛖ,349
thymuses,39884,0,ᚦᚣᛗᚢᛋᛖᛋ,355
bumbled,39884,0,ᛒᚢᛗᛒᛚᛖᛞ,425
decamping,39883,0,ᛞᛖᚳᚪᛗᛈᛝ,459
jounced,39858,0,ᛂᚩᚢᚾᚳᛖᛞ,245
andiron,39854,0,ᚪᚾᛞᛁᚱᚩᚾ,293
hardies,39849,0,ᚻᚪᚱᛞᛁᛖᛋ,371
toughly,39845,0,ᛏᚩᚢᚷᚻᛚᚣ,285
realigns,39808,0,ᚱᛠᛚᛁᚷᚾᛋ,323
deathtrap,39799,0,ᛞᛠᚦᛏᚱᚪᛈ,413
tiddler,39733,0,ᛏᛁᛞᛞᛚᛖᚱ,419
griller,39703,0,ᚷᚱᛁᛚᛚᛖᚱ,283
cestrum,39672,0,ᚳᛖᛋᛏᚱᚢᛗ,277
jewfish,39660,0,ᛂᛖᚹᚠᛁᛋᚻ,232
thornier,39609,0,ᚦᚩᚱᚾᛁᛖᚱ,161
exposer,39592,0,ᛖᛉᛈᚩᛋᛖᚱ,295
toddles,39567,0,ᛏᚩᛞᛞᛚᛖᛋ,437
shrills,39562,0,ᛋᚻᚱᛁᛚᛚᛋ,317
unaptly,39553,0,ᚢᚾᚪᛈᛏᛚᚣ,407
tarsier,39549,0,ᛏᚪᚱᛋᛁᛖᚱ,329
lustick,39507,0,ᛚᚢᛋᛏᛁᚳᚳ,245
quacked,39470,0,ᚳᚹᚪᚳᚳᛖᛞ,311
cankering,39465,0,ᚳᚪᚾᚳᛖᚱᛝ,309
earthborn,39464,0,ᛠᚱᚦᛒᚩᚱᚾ,233
relumed,39422,0,ᚱᛖᛚᚢᛗᛖᛞ,381
daubers,39420,0,ᛞᚪᚢᛒᛖᚱᛋ,381
ranyard,39402,0,ᚱᚪᚾᚣᚪᚱᛞ,437
cumbering,39389,0,ᚳᚢᛗᛒᛖᚱᛝ,305
ragouts,39376,0,ᚱᚪᚷᚩᚢᛏᛋ,247
waxlike,39346,0,ᚹᚪᛉᛚᛁᚳᛖ,347
appeaser,39342,0,ᚪᛈᛈᛠᛋᛖᚱ,423
hotfoot,39332,0,ᚻᚩᛏᚠᚩᚩᛏ,164
tinamou,39325,0,ᛏᛁᚾᚪᛗᚩᚢ,297
shroffs,39268,0,ᛋᚻᚱᚩᚠᚠᛋ,151
pampero,39265,0,ᛈᚪᛗᛈᛖᚱᚩ,339
hellers,39264,0,ᚻᛖᛚᛚᛖᚱᛋ,367
stertor,39240,0,ᛋᛏᛖᚱᛏᚩᚱ,267
encrust,39234,0,ᛖᚾᚳᚱᚢᛋᛏ,235
bobadil,39205,0,ᛒᚩᛒᚪᛞᛁᛚ,419
bonhams,39178,0,ᛒᚩᚾᚻᚪᛗᛋ,341
relatum,39177,0,ᚱᛖᛚᚪᛏᚢᛗ,381
amintor,39176,0,ᚪᛗᛁᚾᛏᚩᚱ,305
strooke,39174,0,ᛋᛏᚱᚩᚩᚳᛖ,217
tallyho,39158,0,ᛏᚪᛚᛚᚣᚻᚩ,435
aquiver,39138,0,ᚪᚳᚹᛁᚢᛖᚱ,241
succubi,39136,0,ᛋᚢᚳᚳᚢᛒᛁ,177
shalwar,39109,0,ᛋᚻᚪᛚᚹᚪᚱ,373
seesaws,39099,0,ᛋᛖᛖᛋᚪᚹᛋ,409
lycopus,39084,0,ᛚᚣᚳᚩᛈᚢᛋ,295
serapes,39080,0,ᛋᛖᚱᚪᛈᛖᛋ,391
pogonip,39075,0,ᛈᚩᚷᚩᚾᛁᛈ,177
nickering,39067,0,ᚾᛁᚳᚳᛖᚱᛝ,243
wildish,39047,0,ᚹᛁᛚᛞᛁᛋᚻ,319
vitrine,39019,0,ᚢᛁᛏᚱᛁᚾᛖ,231
ravager,39016,0,ᚱᚪᚢᚪᚷᛖᚱ,303
gunlock,39009,0,ᚷᚢᚾᛚᚩᚳᚳ,155
pothouse,39007,0,ᛈᚩᚦᚩᚢᛋᛖ,185
brassie,38971,0,ᛒᚱᚪᛋᛋᛁᛖ,373
phaeacian,38968,0,ᛈᚻᚫᚪᚳᛡᚾ,413
eohippus,38951,0,ᛇᚻᛁᛈᛈᚢᛋ,237
complot,38941,0,ᚳᚩᛗᛈᛚᚩᛏ,273
pyrenes,38935,0,ᛈᚣᚱᛖᚾᛖᛋ,373
handsel,38929,0,ᚻᚪᚾᛞᛋᛖᛚ,431
whacker,38916,0,ᚹᚻᚪᚳᚳᛖᚱ,243
demaine,38883,0,ᛞᛖᛗᚪᛁᚾᛖ,451
testees,38856,0,ᛏᛖᛋᛏᛖᛖᛋ,425
sunrising,38853,0,ᛋᚢᚾᚱᛁᛋᛝ,259
delation,38839,0,ᛞᛖᛚᚪᛏᛡᚾ,521
rosiest,38835,0,ᚱᚩᛋᛁᛖᛋᛏ,281
meerkat,38809,0,ᛗᛖᛖᚱᚳᚪᛏ,385
crampon,38809,0,ᚳᚱᚪᛗᛈᚩᚾ,271
bellmen,38790,0,ᛒᛖᛚᛚᛗᛖᚾ,441
chintzy,38789,0,ᚳᚻᛁᚾᛏᛋᚣ,311
hangnail,38780,0,ᚻᚪᛝᚾᚪᛁᛚ,429
podiums,38764,0,ᛈᚩᛞᛁᚢᛗᛋ,297
deplaning,38741,0,ᛞᛖᛈᛚᚪᚾᛝ,477
durbars,38733,0,ᛞᚢᚱᛒᚪᚱᛋ,325
clopped,38719,0,ᚳᛚᚩᛈᛈᛖᛞ,335
prickings,38704,0,ᛈᚱᛁᚳᚳᛝᛋ,243
distain,38684,0,ᛞᛁᛋᛏᚪᛁᚾ,389
bogland,38683,0,ᛒᚩᚷᛚᚪᚾᛞ,373
silique,38654,0,ᛋᛁᛚᛁᚳᚹᛖ,287
hijinks,38649,0,ᚻᛁᛂᛁᚾᚳᛋ,217
cardoon,38642,0,ᚳᚪᚱᛞᚩᚩᚾ,253
orderer,38623,0,ᚩᚱᛞᛖᚱᛖᚱ,263
gemmule,38604,0,ᚷᛖᛗᛗᚢᛚᛖ,369
enwraps,38595,0,ᛖᚾᚹᚱᚪᛈᛋ,319
saltish,38589,0,ᛋᚪᛚᛏᛁᛋᚻ,389
footsie,38586,0,ᚠᚩᚩᛏᛋᛁᛖ,226
huskier,38583,0,ᚻᚢᛋᚳᛁᛖᚱ,201
gritter,38574,0,ᚷᚱᛁᛏᛏᛖᚱ,255
enrobed,38559,0,ᛖᚾᚱᚩᛒᛖᛞ,331
retsina,38550,0,ᚱᛖᛏᛋᛁᚾᚪ,347
saltbox,38515,0,ᛋᚪᛚᛏᛒᚩᛉ,397
charpie,38500,0,ᚳᚻᚪᚱᛈᛁᛖ,285
kantars,38495,0,ᚳᚪᚾᛏᚪᚱᛋ,359
millier,38479,0,ᛗᛁᛚᛚᛁᛖᚱ,357
hatrack,38455,0,ᚻᚪᛏᚱᚪᚳᚳ,313
delated,38433,0,ᛞᛖᛚᚪᛏᛖᛞ,541
heydays,38429,0,ᚻᛖᚣᛞᚪᚣᛋ,535
ardency,38401,0,ᚪᚱᛞᛖᚾᚳᚣ,409
rattlin,38391,0,ᚱᚪᛏᛏᛚᛁᚾ,359
leucoma,38374,0,ᛚᛖᚢᚳᚩᛗᚪ,331
headwork,38364,0,ᚻᛠᛞᚹᚩᚱᚳ,271
lovingood,38298,0,ᛚᚩᚢᛝᚩᚩᛞ,265
perjuring,38260,0,ᛈᛖᚱᛂᚢᚱᛝ,251
dispell,38256,0,ᛞᛁᛋᛈᛖᛚᛚ,429
ideations,38251,0,ᛁᛞᛠᛏᛡᚾᛋ,477
ausonian,38246,0,ᚪᚢᛋᚩᚾᛡᚾ,325
coltish,38244,0,ᚳᚩᛚᛏᛁᛋᚻ,259
thinnish,38233,0,ᚦᛁᚾᚾᛁᛋᚻ,201
upgrowth,38200,0,ᚢᛈᚷᚱᚩᚹᚦ,105
alienus,38190,0,ᚪᛚᛁᛖᚾᚢᛋ,353
matelot,38185,0,ᛗᚪᛏᛖᛚᚩᛏ,433
calkers,38174,0,ᚳᚪᛚᚳᛖᚱᛋ,327
rabboni,38172,0,ᚱᚪᛒᛒᚩᚾᛁ,297
obviation,38159,0,ᚩᛒᚢᛡᛏᛡᚾ,373
pushpin,38156,0,ᛈᚢᛋᚻᛈᛁᚾ,225
frogged,38150,0,ᚠᚱᚩᚷᚷᛖᛞ,210
mahound,38135,0,ᛗᚪᚻᚩᚢᚾᛞ,319
geminis,38129,0,ᚷᛖᛗᛁᚾᛁᛋ,299
refuser,38118,0,ᚱᛖᚠᚢᛋᛖᚱ,214
earthlike,38112,0,ᛠᚱᚦᛚᛁᚳᛖ,309
smooching,38109,0,ᛋᛗᚩᚩᚳᚻᛝ,253
stylize,38073,0,ᛋᛏᚣᛚᛁᛋᛖ,439
gelders,38059,0,ᚷᛖᛚᛞᛖᚱᛋ,377
jassids,38003,0,ᛂᚪᛋᛋᛁᛞᛋ,413
doltish,37998,0,ᛞᚩᛚᛏᛁᛋᚻ,335
genappe,37996,0,ᚷᛖᚾᚪᛈᛈᛖ,363
pillowy,37977,0,ᛈᛁᛚᛚᚩᚹᚣ,349
hartely,37943,0,ᚻᚪᚱᛏᛖᛚᚣ,433
heathcock,37901,0,ᚻᛠᚦᚳᚩᚳᚳ,183
unreeling,37897,0,ᚢᚾᚱᛖᛖᛚᛝ,329
slathering,37889,0,ᛋᛚᚪᚦᛖᚱᛝ,385
refloat,37864,0,ᚱᛖᚠᛚᚩᚪᛏ,316
headmost,37842,0,ᚻᛠᛞᛗᚩᛋᛏ,411
spinage,37837,0,ᛋᛈᛁᚾᚪᚷᛖ,337
goanese,37815,0,ᚷᚩᚪᚾᛖᛋᛖ,337
incensing,37750,0,ᛁᚾᚳᛖᚾᛋᛝ,301
thrashings,37739,0,ᚦᚱᚪᛋᚻᛝᛋ,321
errancy,37699,0,ᛖᚱᚱᚪᚾᚳᚣ,331
argylls,37666,0,ᚪᚱᚷᚣᛚᛚᛋ,427
tackler,37660,0,ᛏᚪᚳᚳᛚᛖᚱ,333
ontarian,37646,0,ᚩᚾᛏᚪᚱᛡᚾ,339
fairish,37639,0,ᚠᚪᛁᚱᛁᛋᚻ,248
virgula,37621,0,ᚢᛁᚱᚷᚢᛚᚪ,235
tapirus,37619,0,ᛏᚪᛈᛁᚱᚢᛋ,297
erethism,37562,0,ᛖᚱᛖᚦᛁᛋᛗ,305
dolours,37541,0,ᛞᚩᛚᚩᚢᚱᛋ,243
dapifer,37529,0,ᛞᚪᛈᛁᚠᛖᚱ,340
blitzes,37511,0,ᛒᛚᛁᛏᛋᛖᛋ,397
onlooking,37492,0,ᚩᚾᛚᚩᚩᚳᛝ,215
chantey,37473,0,ᚳᚻᚪᚾᛏᛖᚣ,391
longbows,37418,0,ᛚᚩᛝᛒᚩᚹᛋ,299
arverni,37418,0,ᚪᚱᚢᛖᚱᚾᛁ,249
descrying,37381,0,ᛞᛖᛋᚳᚱᚣᛝ,415
waggles,37376,0,ᚹᚪᚷᚷᛚᛖᛋ,343
streaker,37347,0,ᛋᛏᚱᛠᚳᛖᚱ,323
redtail,37339,0,ᚱᛖᛞᛏᚪᛁᛚ,427
chaunged,37333,0,ᚳᚻᚪᚢᛝᛖᛞ,371
ocelots,37330,0,ᚩᚳᛖᛚᚩᛏᛋ,279
ataraxia,37323,0,ᚪᛏᚪᚱᚪᛉᛡ,515
anonyms,37316,0,ᚪᚾᚩᚾᚣᛗᛋ,389
weariest,37301,0,ᚹᛠᚱᛁᛖᛋᛏ,349
deodands,37285,0,ᛞᛇᛞᚪᚾᛞᛋ,487
ridotto,37267,0,ᚱᛁᛞᚩᛏᛏᚩ,263
divvied,37265,0,ᛞᛁᚢᚢᛁᛖᛞ,313
lawsonia,37259,0,ᛚᚪᚹᛋᚩᚾᛡ,385
asterion,37258,0,ᚪᛋᛏᛖᚱᛡᚾ,423
pinfish,37245,0,ᛈᛁᚾᚠᛁᛋᚻ,212
heftier,37241,0,ᚻᛖᚠᛏᛁᛖᚱ,260
dismays,37189,0,ᛞᛁᛋᛗᚪᚣᛋ,497
gorlois,37154,0,ᚷᚩᚱᛚᚩᛁᛋ,199
alocasia,37144,0,ᚪᛚᚩᚳᚪᛋᛡ,447
unwoven,37126,0,ᚢᚾᚹᚩᚢᛖᚾ,157
dementi,37126,0,ᛞᛖᛗᛖᚾᛏᛁ,413
deceases,37095,0,ᛞᛖᚳᛠᛋᛖᛋ,451
sramana,37094,0,ᛋᚱᚪᛗᚪᚾᚪ,455
congesting,37071,0,ᚳᚩᛝᛖᛋᛏᛝ,357
mailmen,37067,0,ᛗᚪᛁᛚᛗᛖᚾ,439
ammines,37054,0,ᚪᛗᛗᛁᚾᛖᛋ,419
butches,37005,0,ᛒᚢᛏᚳᚻᛖᛋ,279
gleeman,36974,0,ᚷᛚᛖᛖᛗᚪᚾ,421
clearway,36966,0,ᚳᛚᛠᚱᚹᚪᚣ,425
derbend,36955,0,ᛞᛖᚱᛒᛖᚾᛞ,413
imprime,36931,0,ᛁᛗᛈᚱᛁᛗᛖ,325
pinheads,36924,0,ᛈᛁᚾᚻᛠᛞᛋ,377
affixal,36924,0,ᚪᚠᚠᛁᛉᚪᛚ,349
fritzes,36912,0,ᚠᚱᛁᛏᛋᛖᛋ,276
basters,36898,0,ᛒᚪᛋᛏᛖᚱᛋ,401
seedier,36863,0,ᛋᛖᛖᛞᛁᛖᚱ,385
leftish,36861,0,ᛚᛖᚠᛏᛁᛋᚻ,308
cindery,36836,0,ᚳᛁᚾᛞᛖᚱᚣ,343
oenology,36826,0,ᛟᚾᚩᛚᚩᚷᚣ,319
defames,36813,0,ᛞᛖᚠᚪᛗᛖᛋ,446
ketoses,36805,0,ᚳᛖᛏᚩᛋᛖᛋ,319
almsmen,36802,0,ᚪᛚᛗᛋᛗᛖᚾ,461
careens,36795,0,ᚳᚪᚱᛖᛖᚾᛋ,337
deports,36783,0,ᛞᛖᛈᚩᚱᛏᛋ,329
codgers,36780,0,ᚳᚩᛞᚷᛖᚱᛋ,257
scammed,36770,0,ᛋᚳᚪᛗᛗᛖᛞ,461
makeups,36767,0,ᛗᚪᚳᛖᚢᛈᛋ,347
nexuses,36752,0,ᚾᛖᛉᚢᛋᛖᛋ,319
erythraea,36749,0,ᛖᚱᚣᚦᚱᚫᚪ,395
epergne,36717,0,ᛖᛈᛖᚱᚷᚾᛖ,301
hurrahing,36708,0,ᚻᚢᚱᚱᚪᚻᛝ,247
champed,36702,0,ᚳᚻᚪᛗᛈᛖᛞ,403
bennets,36694,0,ᛒᛖᚾᚾᛖᛏᛋ,365
sabbats,36675,0,ᛋᚪᛒᛒᚪᛏᛋ,481
advents,36658,0,ᚪᛞᚢᛖᚾᛏᛋ,397
springhead,36632,0,ᛋᛈᚱᛝᚻᛠᛞ,407
muriated,36622,0,ᛗᚢᚱᛡᛏᛖᛞ,407
jigsaws,36598,0,ᛂᛁᚷᛋᚪᚹᛋ,307
sororal,36585,0,ᛋᚩᚱᚩᚱᚪᛚ,259
adjures,36585,0,ᚪᛞᛂᚢᚱᛖᛋ,357
piggies,36582,0,ᛈᛁᚷᚷᛁᛖᛋ,259
pipkins,36567,0,ᛈᛁᛈᚳᛁᚾᛋ,243
hymenal,36549,0,ᚻᚣᛗᛖᚾᚪᛚ,463
apraxic,36541,0,ᚪᛈᚱᚪᛉᛁᚳ,339
baccate,36538,0,ᛒᚪᚳᚳᚪᛏᛖ,407
peckers,36537,0,ᛈᛖᚳᚳᛖᚱᛋ,267
periled,36526,0,ᛈᛖᚱᛁᛚᛖᛞ,381
hayrick,36524,0,ᚻᚪᚣᚱᛁᚳᚳ,291
mashers,36520,0,ᛗᚪᛋᚻᛖᚱᛋ,375
havanas,36501,0,ᚻᚪᚢᚪᚾᚪᛋ,399
spraining,36464,0,ᛋᛈᚱᚪᛁᚾᛝ,343
winnows,36463,0,ᚹᛁᚾᚾᚩᚹᛋ,187
owenism,36460,0,ᚩᚹᛖᚾᛁᛋᛗ,277
bearlike,36460,0,ᛒᛠᚱᛚᛁᚳᛖ,365
caromed,36456,0,ᚳᚪᚱᚩᛗᛖᛞ,355
paltering,36442,0,ᛈᚪᛚᛏᛖᚱᛝ,429
cognise,36442,0,ᚳᚩᚷᚾᛁᛋᛖ,217
hellions,36435,0,ᚻᛖᛚᛚᛡᚾᛋ,425
pourers,36431,0,ᛈᚩᚢᚱᛖᚱᛋ,195
bywords,36427,0,ᛒᚣᚹᚩᚱᛞᛋ,343
lochlin,36402,0,ᛚᚩᚳᚻᛚᛁᚾ,249
omayyad,36376,0,ᚩᛗᚪᚣᚣᚪᛞ,567
breviate,36335,0,ᛒᚱᛖᚢᛡᛏᛖ,375
rattier,36328,0,ᚱᚪᛏᛏᛁᛖᚱ,335
arcella,36317,0,ᚪᚱᚳᛖᛚᛚᚪ,431
fattier,36311,0,ᚠᚪᛏᛏᛁᛖᚱ,326
sirname,36306,0,ᛋᛁᚱᚾᚪᛗᛖ,359
tankful,36301,0,ᛏᚪᚾᚳᚠᚢᛚ,276
ceteras,36255,0,ᚳᛖᛏᛖᚱᚪᛋ,367
stickup,36242,0,ᛋᛏᛁᚳᚳᚢᛈ,215
fiancees,36221,0,ᚠᛡᚾᚳᛖᛖᛋ,338
droshky,36209,0,ᛞᚱᚩᛋᚻᚳᚣ,299
unthrift,36201,0,ᚢᚾᚦᚱᛁᚠᛏ,140
paletot,36186,0,ᛈᚪᛚᛖᛏᚩᛏ,405
upbringings,36177,0,ᚢᛈᛒᚱᛝᛝᛋ,329
elegist,36176,0,ᛖᛚᛖᚷᛁᛋᛏ,367
entombing,36173,0,ᛖᚾᛏᚩᛗᛒᛝ,373
gazetting,36168,0,ᚷᚪᛋᛖᛏᛏᛝ,431
zenanas,36124,0,ᛋᛖᚾᚪᚾᚪᛋ,425
mezereon,36117,0,ᛗᛖᛋᛖᚱᛇᚾ,339
fribble,36094,0,ᚠᚱᛁᛒᛒᛚᛖ,306
rieslings,36093,0,ᚱᛁᛖᛋᛚᛝᛋ,367
jibboom,36082,0,ᛂᛁᛒᛒᚩᚩᛗ,275
chucker,36074,0,ᚳᚻᚢᚳᚳᛖᚱ,143
pillowing,36070,0,ᛈᛁᛚᛚᚩᚹᛝ,325
swagman,36059,0,ᛋᚹᚪᚷᛗᚪᚾ,383
leadsman,36055,0,ᛚᛠᛞᛋᛗᚪᚾ,521
externs,36045,0,ᛖᛉᛏᛖᚱᚾᛋ,333
apogamy,36019,0,ᚪᛈᚩᚷᚪᛗᚣ,435
sullies,35974,0,ᛋᚢᛚᛚᛁᛖᛋ,353
lurkers,35970,0,ᛚᚢᚱᚳᛖᚱᛋ,231
caphtor,35946,0,ᚳᚪᛈᚻᛏᚩᚱ,253
venomed,35940,0,ᚢᛖᚾᚩᛗᛖᛞ,333
baobabs,35939,0,ᛒᚪᚩᛒᚪᛒᛋ,437
calicos,35938,0,ᚳᚪᛚᛁᚳᚩᛋ,287
longtail,35932,0,ᛚᚩᛝᛏᚪᛁᛚ,419
sworded,35924,0,ᛋᚹᚩᚱᛞᛖᛞ,335
sourest,35923,0,ᛋᚩᚢᚱᛖᛋᛏ,253
smithery,35917,0,ᛋᛗᛁᚦᛖᚱᚣ,341
ululating,35910,0,ᚢᛚᚢᛚᚪᛏᛝ,387
scanted,35904,0,ᛋᚳᚪᚾᛏᛖᛞ,407
jerboas,35891,0,ᛂᛖᚱᛒᚩᚪᛋ,333
fellies,35888,0,ᚠᛖᛚᛚᛁᛖᛋ,366
loquats,35862,0,ᛚᚩᚳᚹᚪᛏᛋ,321
battalia,35852,0,ᛒᚪᛏᛏᚪᛚᛡ,553
grogram,35840,0,ᚷᚱᚩᚷᚱᚪᛗ,231
augitic,35837,0,ᚪᚢᚷᛁᛏᛁᚳ,251
impales,35820,0,ᛁᛗᛈᚪᛚᛖᛋ,435
beadsman,35793,0,ᛒᛠᛞᛋᛗᚪᚾ,509
adynamia,35782,0,ᚪᛞᚣᚾᚪᛗᛡ,593
forerun,35761,0,ᚠᚩᚱᛖᚱᚢᚾ,130
crapaud,35753,0,ᚳᚱᚪᛈᚪᚢᛞ,353
gunnies,35742,0,ᚷᚢᚾᚾᛁᛖᛋ,229
marlite,35738,0,ᛗᚪᚱᛚᛁᛏᛖ,409
reveler,35691,0,ᚱᛖᚢᛖᛚᛖᚱ,299
grunter,35682,0,ᚷᚱᚢᚾᛏᛖᚱ,197
poseurs,35658,0,ᛈᚩᛋᛖᚢᚱᛋ,237
longways,35622,0,ᛚᚩᛝᚹᚪᚣᛋ,431
delices,35601,0,ᛞᛖᛚᛁᚳᛖᛋ,393
bournes,35595,0,ᛒᚩᚢᚱᚾᛖᛋ,231
davallia,35561,0,ᛞᚪᚢᚪᛚᛚᛡ,539
footbath,35542,0,ᚠᚩᚩᛏᛒᚪᚦ,238
sardius,35536,0,ᛋᚪᚱᛞᛁᚢᛋ,337
grovels,35531,0,ᚷᚱᚩᚢᛖᛚᛋ,231
twinkly,35526,0,ᛏᚹᛁᚾᚳᛚᚣ,327
warmish,35522,0,ᚹᚪᚱᛗᛁᛋᚻ,305
stopple,35521,0,ᛋᛏᚩᛈᛈᛚᛖ,345
eyeteeth,35501,0,ᛖᚣᛖᛏᛖᛖᚦ,435
inviter,35499,0,ᛁᚾᚢᛁᛏᛖᚱ,231
apadana,35455,0,ᚪᛈᚪᛞᚪᚾᚪ,549
unlevel,35440,0,ᚢᚾᛚᛖᚢᛖᛚ,315
sterlet,35427,0,ᛋᛏᛖᚱᛚᛖᛏ,389
trental,35415,0,ᛏᚱᛖᚾᛏᚪᛚ,395
chorusing,35358,0,ᚳᚻᚩᚱᚢᛋᛝ,189
laxation,35321,0,ᛚᚪᛉᚪᛏᛡᚾ,509
roamers,35313,0,ᚱᚩᚪᛗᛖᚱᛋ,317
dashingly,35302,0,ᛞᚪᛋᚻᛝᛚᚣ,517
catclaw,35300,0,ᚳᚪᛏᚳᛚᚪᚹ,371
spirula,35279,0,ᛋᛈᛁᚱᚢᛚᚪ,311
filcher,35266,0,ᚠᛁᛚᚳᚻᛖᚱ,220
caucusing,35224,0,ᚳᚪᚢᚳᚢᛋᛝ,261
headsail,35222,0,ᚻᛠᛞᛋᚪᛁᛚ,475
sonants,35213,0,ᛋᚩᚾᚪᚾᛏᛋ,327
sulkies,35211,0,ᛋᚢᛚᚳᛁᛖᛋ,293
bistort,35210,0,ᛒᛁᛋᛏᚩᚱᛏ,281
fitches,35208,0,ᚠᛁᛏᚳᚻᛖᛋ,248
vexilla,35203,0,ᚢᛖᛉᛁᛚᛚᚪ,391
wiliest,35152,0,ᚹᛁᛚᛁᛖᛋᛏ,333
dutches,35150,0,ᛞᚢᛏᚳᚻᛖᛋ,307
doodads,35104,0,ᛞᚩᚩᛞᚪᛞᛋ,431
uproars,35088,0,ᚢᛈᚱᚩᚪᚱᛋ,225
dewlaps,35072,0,ᛞᛖᚹᛚᚪᛈᛋ,441
abrader,35064,0,ᚪᛒᚱᚪᛞᛖᚱ,433
lapdogs,35044,0,ᛚᚪᛈᛞᚩᚷᛋ,379
tootles,35031,0,ᛏᚩᚩᛏᛚᛖᛋ,325
ungifted,35001,0,ᚢᛝᛁᚠᛏᛖᛞ,330
bezique,34985,0,ᛒᛖᛋᛁᚳᚹᛖ,311
maggoty,34975,0,ᛗᚪᚷᚷᚩᛏᚣ,371
elusions,34960,0,ᛖᛚᚢᛋᛡᚾᛋ,385
impaler,34952,0,ᛁᛗᛈᚪᛚᛖᚱ,393
moseyed,34941,0,ᛗᚩᛋᛖᚣᛖᛞ,457
parisis,34934,0,ᛈᚪᚱᛁᛋᛁᛋ,319
regalian,34905,0,ᚱᛖᚷᚪᛚᛡᚾ,401
porgies,34905,0,ᛈᚩᚱᚷᛁᛖᛋ,229
rundles,34897,0,ᚱᚢᚾᛞᛚᛖᛋ,325
liquoring,34889,0,ᛚᛁᚳᚹᚩᚱᛝ,233
camlets,34885,0,ᚳᚪᛗᛚᛖᛏᛋ,433
landaus,34884,0,ᛚᚪᚾᛞᚪᚢᛋ,441
mikados,34876,0,ᛗᛁᚳᚪᛞᚩᛋ,361
smatter,34853,0,ᛋᛗᚪᛏᛏᛖᚱ,417
linocut,34808,0,ᛚᛁᚾᚩᚳᚢᛏ,215
lionfish,34787,0,ᛚᛡᚾᚠᛁᛋᚻ,318
tegular,34770,0,ᛏᛖᚷᚢᛚᚪᚱ,327
swamper,34739,0,ᛋᚹᚪᛗᛈᛖᚱ,361
puttock,34721,0,ᛈᚢᛏᛏᚩᚳᚳ,197
reneges,34699,0,ᚱᛖᚾᛖᚷᛖᛋ,311
rabbles,34694,0,ᚱᚪᛒᛒᛚᛖᛋ,423
donnish,34687,0,ᛞᚩᚾᚾᛁᛋᚻ,261
pikeman,34636,0,ᛈᛁᚳᛖᛗᚪᚾ,351
macumba,34569,0,ᛗᚪᚳᚢᛗᛒᚪ,413
podgers,34566,0,ᛈᚩᛞᚷᛖᚱᛋ,287
mayweed,34564,0,ᛗᚪᚣᚹᛖᛖᛞ,513
stomack,34494,0,ᛋᛏᚩᛗᚪᚳᚳ,313
kindlings,34491,0,ᚳᛁᚾᛞᛚᛝᛋ,367
misliking,34455,0,ᛗᛁᛋᛚᛁᚳᛝ,351
gradate,34441,0,ᚷᚱᚪᛞᚪᛏᛖ,437
purlieu,34408,0,ᛈᚢᚱᛚᛁᛖᚢ,231
aviatrix,34394,0,ᚪᚢᛡᛏᚱᛁᛉ,355
jimmied,34384,0,ᛂᛁᛗᛗᛁᛖᛞ,397
showier,34365,0,ᛋᚻᚩᚹᛁᛖᚱ,211
unalike,34364,0,ᚢᚾᚪᛚᛁᚳᛖ,313
perpend,34364,0,ᛈᛖᚱᛈᛖᚾᛞ,349
redcaps,34353,0,ᚱᛖᛞᚳᚪᛈᛋ,373
rushers,34339,0,ᚱᚢᛋᚻᛖᚱᛋ,221
racketing,34335,0,ᚱᚪᚳᚳᛖᛏᛝ,339
arsines,34321,0,ᚪᚱᛋᛁᚾᛖᛋ,341
agnation,34252,0,ᚪᚷᚾᚪᛏᛡᚾ,435
bleeped,34250,0,ᛒᛚᛖᛖᛈᛖᛞ,467
fermium,34233,0,ᚠᛖᚱᛗᛁᚢᛗ,256
preemie,34199,0,ᛈᚱᛖᛖᛗᛁᛖ,357
chromes,34175,0,ᚳᚻᚱᚩᛗᛖᛋ,245
caninus,34162,0,ᚳᚪᚾᛁᚾᚢᛋ,255
retrait,34150,0,ᚱᛖᛏᚱᚪᛁᛏ,335
wildering,34144,0,ᚹᛁᛚᛞᛖᚱᛝ,369
wetters,34142,0,ᚹᛖᛏᛏᛖᚱᛋ,335
embowed,34142,0,ᛖᛗᛒᚩᚹᛖᛞ,381
revamps,34100,0,ᚱᛖᚢᚪᛗᛈᛋ,345
pomaded,34068,0,ᛈᚩᛗᚪᛞᛖᛞ,463
acinous,34055,0,ᚪᚳᛁᚾᚩᚢᛋ,233
agilely,34052,0,ᚪᚷᛁᛚᛖᛚᚣ,461
reviler,34049,0,ᚱᛖᚢᛁᛚᛖᚱ,263
kobolds,34045,0,ᚳᚩᛒᚩᛚᛞᛋ,303
nuthouse,34021,0,ᚾᚢᚦᚩᚢᛋᛖ,167
capanna,34018,0,ᚳᚪᛈᚪᚾᚾᚪ,405
frenching,34001,0,ᚠᚱᛖᚾᚳᚻᛝ,224
bairagi,33984,0,ᛒᚪᛁᚱᚪᚷᛁ,345
diddled,33980,0,ᛞᛁᛞᛞᛚᛖᛞ,527
carices,33980,0,ᚳᚪᚱᛁᚳᛖᛋ,285
daisied,33979,0,ᛞᚪᛁᛋᛁᛖᛞ,457
weblike,33974,0,ᚹᛖᛒᛚᛁᚳᛖ,331
misnaming,33959,0,ᛗᛁᛋᚾᚪᛗᛝ,431
rotters,33958,0,ᚱᚩᛏᛏᛖᚱᛋ,267
splurging,33956,0,ᛋᛈᛚᚢᚱᚷᛝ,279
neophobia,33950,0,ᚾᛇᛈᚻᚩᛒᛡ,311
drubbed,33941,0,ᛞᚱᚢᛒᛒᛖᛞ,381
farceur,33931,0,ᚠᚪᚱᚳᛖᚢᚱ,204
nonplus,33896,0,ᚾᚩᚾᛈᛚᚢᛋ,237
outcoming,33892,0,ᚩᚢᛏᚳᚩᛗᛝ,239
patinas,33871,0,ᛈᚪᛏᛁᚾᚪᛋ,409
pinkies,33851,0,ᛈᛁᚾᚳᛁᛖᛋ,267
upsides,33838,0,ᚢᛈᛋᛁᛞᛖᛋ,339
lambdas,33817,0,ᛚᚪᛗᛒᛞᚪᛋ,541
burgeons,33814,0,ᛒᚢᚱᚷᛇᚾᛋ,215
eschars,33757,0,ᛖᛋᚳᚻᚪᚱᛋ,317
unloosing,33746,0,ᚢᚾᛚᚩᚩᛋᛝ,251
dashers,33706,0,ᛞᚪᛋᚻᛖᚱᛋ,393
benumbs,33699,0,ᛒᛖᚾᚢᛗᛒᛋ,345
hairier,33698,0,ᚻᚪᛁᚱᛁᛖᚱ,271
plannings,33694,0,ᛈᛚᚪᚾᚾᛝᛋ,403
trivets,33676,0,ᛏᚱᛁᚢᛖᛏᛋ,283
folgers,33659,0,ᚠᚩᛚᚷᛖᚱᛋ,230
postbag,33607,0,ᛈᚩᛋᛏᛒᚪᚷ,337
gambians,33606,0,ᚷᚪᛗᛒᛡᚾᛋ,435
citrange,33597,0,ᚳᛁᛏᚱᚪᛝᛖ,357
stabber,33578,0,ᛋᛏᚪᛒᛒᛖᚱ,409
fuzzily,33538,0,ᚠᚢᛋᛋᛁᛚᚣ,318
bedsore,33532,0,ᛒᛖᛞᛋᚩᚱᛖ,355
ventose,33497,0,ᚢᛖᚾᛏᚩᛋᛖ,285
cowskin,33492,0,ᚳᚩᚹᛋᚳᛁᚾ,165
airiest,33488,0,ᚪᛁᚱᛁᛖᛋᛏ,349
spences,33481,0,ᛋᛈᛖᚾᚳᛖᛋ,325
weaponed,33476,0,ᚹᛠᛈᚩᚾᛖᛞ,363
honchos,33473,0,ᚻᚩᚾᚳᚻᚩᛋ,155
cuboids,33473,0,ᚳᚢᛒᚩᛁᛞᛋ,257
neotenic,33472,0,ᚾᛇᛏᛖᚾᛁᚳ,269
prancer,33471,0,ᛈᚱᚪᚾᚳᛖᚱ,271
subduer,33464,0,ᛋᚢᛒᛞᚢᛖᚱ,287
outtake,33432,0,ᚩᚢᛏᛏᚪᚳᛖ,305
markhor,33432,0,ᛗᚪᚱᚳᚻᚩᚱ,233
intereat,33429,0,ᛁᚾᛏᛖᚱᛠᛏ,365
cockily,33426,0,ᚳᚩᚳᚳᛁᛚᚣ,253
unblown,33418,0,ᚢᚾᛒᛚᚩᚹᚾ,221
linctus,33412,0,ᛚᛁᚾᚳᛏᚢᛋ,261
sheltie,33393,0,ᛋᚻᛖᛚᛏᛁᛖ,373
botches,33383,0,ᛒᚩᛏᚳᚻᛖᛋ,283
mangabey,33381,0,ᛗᚪᛝᚪᛒᛖᚣ,575
finagling,33359,0,ᚠᛁᚾᚪᚷᛚᛝ,328
conkers,33353,0,ᚳᚩᚾᚳᛖᚱᛋ,193
scarily,33351,0,ᛋᚳᚪᚱᛁᛚᚣ,381
embalms,33266,0,ᛖᛗᛒᚪᛚᛗᛋ,493
valuating,33252,0,ᚢᚪᛚᚢᚪᛏᛝ,411
eurythmy,33229,0,ᛖᚢᚱᚣᚦᛗᚣ,363
drugger,33219,0,ᛞᚱᚢᚷᚷᛖᚱ,215
windier,33190,0,ᚹᛁᚾᛞᛁᛖᚱ,277
headrace,33189,0,ᚻᛠᛞᚱᚪᚳᛖ,409
notcher,33161,0,ᚾᚩᛏᚳᚻᛖᚱ,209
inclusa,33133,0,ᛁᚾᚳᛚᚢᛋᚪ,299
herdmen,33119,0,ᚻᛖᚱᛞᛗᛖᚾ,357
slushed,33112,0,ᛋᛚᚢᛋᚻᛖᛞ,361
beauseant,33112,0,ᛒᛠᚢᛋᛠᚾᛏ,423
ostioles,33104,0,ᚩᛋᛏᛡᛚᛖᛋ,419
broches,33079,0,ᛒᚱᚩᚳᚻᛖᛋ,235
kibbled,33074,0,ᚳᛁᛒᛒᛚᛖᛞ,395
logjams,33071,0,ᛚᚩᚷᛂᚪᛗᛋ,355
chokingly,33067,0,ᚳᚻᚩᚳᛝᛚᚣ,311
rennets,33023,0,ᚱᛖᚾᚾᛖᛏᛋ,315
adulter,33010,0,ᚪᛞᚢᛚᛏᛖᚱ,399
dryades,33000,0,ᛞᚱᚣᚪᛞᛖᛋ,509
fieldings,32992,0,ᚠᛁᛖᛚᛞᛝᛋ,394
caryota,32975,0,ᚳᚪᚱᚣᚩᛏᚪ,387
whitter,32931,0,ᚹᚻᛁᛏᛏᛖᚱ,269
crumbed,32931,0,ᚳᚱᚢᛗᛒᛖᛞ,315
halfwit,32921,0,ᚻᚪᛚᚠᚹᛁᛏ,304
luthiers,32905,0,ᛚᚢᚦᛁᛖᚱᛋ,243
plussed,32901,0,ᛈᛚᚢᛋᛋᛖᛞ,381
threaders,32881,0,ᚦᚱᛠᛞᛖᚱᛋ,345
mushers,32878,0,ᛗᚢᛋᚻᛖᚱᛋ,281
arbores,32878,0,ᚪᚱᛒᚩᚱᛖᛋ,307
polymnia,32870,0,ᛈᚩᛚᚣᛗᚾᛡ,433
megrims,32838,0,ᛗᛖᚷᚱᛁᛗᛋ,321
gestate,32834,0,ᚷᛖᛋᛏᚪᛏᛖ,419
kunzite,32830,0,ᚳᚢᚾᛋᛁᛏᛖ,255
klavern,32813,0,ᚳᛚᚪᚢᛖᚱᚾ,293
tortoni,32759,0,ᛏᚩᚱᛏᚩᚾᛁ,203
voluted,32730,0,ᚢᚩᛚᚢᛏᛖᛞ,301
argante,32708,0,ᚪᚱᚷᚪᚾᛏᛖ,377
tantivy,32697,0,ᛏᚪᚾᛏᛁᚢᚣ,381
mosaism,32673,0,ᛗᚩᛋᚪᛁᛋᛗ,383
hitless,32660,0,ᚻᛁᛏᛚᛖᛋᛋ,359
duponts,32652,0,ᛞᚢᛈᚩᚾᛏᛋ,283
pouters,32631,0,ᛈᚩᚢᛏᛖᚱᛋ,243
hoister,32622,0,ᚻᚩᛁᛋᛏᛖᚱ,251
sphered,32592,0,ᛋᛈᚻᛖᚱᛖᛞ,353
caserne,32565,0,ᚳᚪᛋᛖᚱᚾᛖ,337
limners,32559,0,ᛚᛁᛗᚾᛖᚱᛋ,335
discina,32544,0,ᛞᛁᛋᚳᛁᚾᚪ,343
reassuming,32521,0,ᚱᛠᛋᛋᚢᛗᛝ,379
hastati,32521,0,ᚻᚪᛋᛏᚪᛏᛁ,419
knapped,32513,0,ᚳᚾᚪᛈᛈᛖᛞ,381
marlier,32490,0,ᛗᚪᚱᛚᛁᛖᚱ,361
begorra,32469,0,ᛒᛖᚷᚩᚱᚱᚪ,271
catmint,32466,0,ᚳᚪᛏᛗᛁᚾᛏ,359
blazingly,32458,0,ᛒᛚᚪᛋᛝᛚᚣ,539
airguns,32440,0,ᚪᛁᚱᚷᚢᚾᛋ,241
reshoot,32425,0,ᚱᛖᛋᚻᚩᚩᛏ,227
lechers,32395,0,ᛚᛖᚳᚻᛖᚱᛋ,307
smeller,32386,0,ᛋᛗᛖᛚᛚᛖᚱ,415
murthers,32386,0,ᛗᚢᚱᚦᛖᚱᛋ,221
nathless,32357,0,ᚾᚪᚦᛚᛖᛋᛋ,377
botcher,32357,0,ᛒᚩᛏᚳᚻᛖᚱ,241
ulsters,32335,0,ᚢᛚᛋᛏᛖᚱᛋ,319
tinajas,32222,0,ᛏᛁᚾᚪᛂᚪᛋ,403
cellaring,32200,0,ᚳᛖᛚᛚᚪᚱᛝ,413
chippie,32171,0,ᚳᚻᛁᛈᛈᛁᛖ,251
bromelia,32146,0,ᛒᚱᚩᛗᛖᛚᛡ,397
oxblood,32141,0,ᚩᛉᛒᛚᚩᚩᛞ,291
malodor,32134,0,ᛗᚪᛚᚩᛞᚩᚱ,355
strouds,32121,0,ᛋᛏᚱᚩᚢᛞᛋ,275
herniate,32093,0,ᚻᛖᚱᚾᛡᛏᛖ,363
bobbles,32076,0,ᛒᚩᛒᛒᛚᛖᛋ,383
kidskin,32047,0,ᚳᛁᛞᛋᚳᛁᚾ,259
unpinning,32046,0,ᚢᚾᛈᛁᚾᚾᛝ,243
philter,32046,0,ᛈᚻᛁᛚᛏᛖᚱ,307
tissued,31999,0,ᛏᛁᛋᛋᚢᛖᛞ,355
instating,31985,0,ᛁᚾᛋᛏᚪᛏᛝ,407
hijacks,31972,0,ᚻᛁᛂᚪᚳᚳᛋ,267
bloused,31964,0,ᛒᛚᚩᚢᛋᛖᛞ,353
mondain,31948,0,ᛗᚩᚾᛞᚪᛁᚾ,353
bailors,31914,0,ᛒᚪᛁᛚᚩᚱᛋ,333
betrothing,31913,0,ᛒᛖᛏᚱᚩᚦᛝ,289
crocked,31896,0,ᚳᚱᚩᚳᚳᛖᛞ,213
haziest,31874,0,ᚻᚪᛋᛁᛖᛋᛏ,383
ghillie,31854,0,ᚷᚻᛁᛚᛚᛁᛖ,315
missent,31850,0,ᛗᛁᛋᛋᛖᚾᛏ,363
ownself,31837,0,ᚩᚹᚾᛋᛖᛚᚠ,250
dotards,31814,0,ᛞᚩᛏᚪᚱᛞᛋ,405
blabber,31787,0,ᛒᛚᚪᛒᛒᛖᚱ,431
cornier,31769,0,ᚳᚩᚱᚾᛁᛖᚱ,169
grapery,31736,0,ᚷᚱᚪᛈᛖᚱᚣ,349
pesters,31717,0,ᛈᛖᛋᛏᛖᚱᛋ,353
tumbrel,31710,0,ᛏᚢᛗᛒᚱᛖᛚ,345
stacher,31704,0,ᛋᛏᚪᚳᚻᛖᚱ,323
neoteric,31686,0,ᚾᛇᛏᛖᚱᛁᚳ,251
cydippe,31681,0,ᚳᚣᛞᛁᛈᛈᛖ,389
lesourd,31677,0,ᛚᛖᛋᚩᚢᚱᛞ,303
thalloid,31675,0,ᚦᚪᛚᛚᚩᛁᛞ,375
startings,31657,0,ᛋᛏᚪᚱᛏᛝᛋ,411
frizzly,31644,0,ᚠᚱᛁᛋᛋᛚᚣ,326
errants,31624,0,ᛖᚱᚱᚪᚾᛏᛋ,327
throwout,31621,0,ᚦᚱᚩᚹᚩᚢᛏ,111
stymies,31617,0,ᛋᛏᚣᛗᛁᛖᛋ,437
imposer,31595,0,ᛁᛗᛈᚩᛋᛖᚱ,283
bouilli,31585,0,ᛒᚩᚢᛁᛚᛚᛁ,279
townlet,31577,0,ᛏᚩᚹᚾᛚᛖᛏ,313
goatish,31566,0,ᚷᚩᚪᛏᛁᛋᚻ,287
nailhead,31548,0,ᚾᚪᛁᛚᚻᛠᛞ,451
bouffes,31544,0,ᛒᚩᚢᚠᚠᛖᛋ,195
dialyses,31540,0,ᛞᛡᛚᚣᛋᛖᛋ,545
tabards,31494,0,ᛏᚪᛒᚪᚱᛞᛋ,467
outwood,31464,0,ᚩᚢᛏᚹᚩᚩᛞ,191
beadlike,31444,0,ᛒᛠᛞᛚᛁᚳᛖ,443
inrushing,31442,0,ᛁᚾᚱᚢᛋᚻᛝ,229
drinkings,31422,0,ᛞᚱᛁᚾᚳᛝᛋ,305
amities,31419,0,ᚪᛗᛁᛏᛁᛖᛋ,409
oatcake,31414,0,ᚩᚪᛏᚳᚪᚳᛖ,353
demotes,31391,0,ᛞᛖᛗᚩᛏᛖᛋ,413
taffety,31387,0,ᛏᚪᚠᚠᛖᛏᚣ,389
neckers,31378,0,ᚾᛖᚳᚳᛖᚱᛋ,253
garcons,31331,0,ᚷᚪᚱᚳᚩᚾᛋ,227
barbarea,31327,0,ᛒᚪᚱᛒᚪᚱᛠ,447
russels,31320,0,ᚱᚢᛋᛋᛖᛚᛋ,313
servery,31304,0,ᛋᛖᚱᚢᛖᚱᚣ,315
anapest,31296,0,ᚪᚾᚪᛈᛖᛋᛏ,445
camotes,31278,0,ᚳᚪᛗᚩᛏᛖᛋ,367
lustier,31257,0,ᛚᚢᛋᛏᛁᛖᚱ,297
lungwort,31256,0,ᛚᚢᛝᚹᚩᚱᛏ,251
halliard,31222,0,ᚻᚪᛚᛚᛡᚱᛞ,473
leucothea,31221,0,ᛚᛖᚢᚳᚩᚦᛠ,277
misletoe,31212,0,ᛗᛁᛋᛚᛖᛏᛟ,437
fervors,31198,0,ᚠᛖᚱᚢᚩᚱᛋ,154
allopath,31186,0,ᚪᛚᛚᚩᛈᚪᚦ,395
stapelia,31183,0,ᛋᛏᚪᛈᛖᛚᛡ,499
estival,31173,0,ᛖᛋᛏᛁᚢᚪᛚ,383
twiners,31172,0,ᛏᚹᛁᚾᛖᚱᛋ,269
weenies,31170,0,ᚹᛖᛖᚾᛁᛖᛋ,333
causers,31166,0,ᚳᚪᚢᛋᛖᚱᛋ,297
partlet,31154,0,ᛈᚪᚱᛏᛚᛖᛏ,409
margosa,31146,0,ᛗᚪᚱᚷᚩᛋᚪ,353
nighted,31123,0,ᚾᛁᚷᚻᛏᛖᛞ,315
unhorse,31112,0,ᚢᚾᚻᚩᚱᛋᛖ,193
breadbox,31111,0,ᛒᚱᛠᛞᛒᚩᛉ,385
serfage,31099,0,ᛋᛖᚱᚠᚪᚷᛖ,314
actable,31055,0,ᚪᚳᛏᚪᛒᛚᛖ,467
starets,31033,0,ᛋᛏᚪᚱᛖᛏᛋ,399
lycopod,31032,0,ᛚᚣᚳᚩᛈᚩᛞ,335
askesis,31028,0,ᚪᛋᚳᛖᛋᛁᛋ,367
diddler,31008,0,ᛞᛁᛞᛞᛚᛖᚱ,449
viminal,31006,0,ᚢᛁᛗᛁᚾᚪᛚ,335
cerates,30981,0,ᚳᛖᚱᚪᛏᛖᛋ,367
caloris,30961,0,ᚳᚪᛚᚩᚱᛁᛋ,285
exacter,30946,0,ᛖᛉᚪᚳᛏᛖᚱ,361
indrawing,30933,0,ᛁᚾᛞᚱᚪᚹᛝ,355
stumper,30915,0,ᛋᛏᚢᛗᛈᛖᚱ,307
judases,30861,0,ᛂᚢᛞᚪᛋᛖᛋ,399
cambers,30849,0,ᚳᚪᛗᛒᛖᚱᛋ,373
rouelle,30816,0,ᚱᚩᚢᛖᛚᛚᛖ,301
stuccoes,30810,0,ᛋᛏᚢᚳᚳᛟᛋ,277
dreamful,30809,0,ᛞᚱᛠᛗᚠᚢᛚ,358
tastily,30781,0,ᛏᚪᛋᛏᛁᛚᚣ,475
moodies,30773,0,ᛗᚩᚩᛞᛁᛖᛋ,325
expiates,30767,0,ᛖᛉᛈᛡᛏᛖᛋ,443
claimer,30767,0,ᚳᛚᚪᛁᛗᛖᚱ,363
lickers,30753,0,ᛚᛁᚳᚳᛖᚱᛋ,261
daemones,30741,0,ᛞᚫᛗᚩᚾᛖᛋ,417
dustier,30739,0,ᛞᚢᛋᛏᛁᛖᚱ,313
indwell,30738,0,ᛁᚾᛞᚹᛖᛚᛚ,381
funguses,30738,0,ᚠᚢᛝᚢᛋᛖᛋ,260
vervets,30733,0,ᚢᛖᚱᚢᛖᛏᛋ,263
tabella,30730,0,ᛏᚪᛒᛖᛚᛚᚪ,527
pettier,30702,0,ᛈᛖᛏᛏᛁᛖᚱ,337
egomania,30690,0,ᛖᚷᚩᛗᚪᚾᛡ,395
bassets,30675,0,ᛒᚪᛋᛋᛖᛏᛋ,443
chapeaux,30649,0,ᚳᚻᚪᛈᛠᚢᛉ,335
snorers,30630,0,ᛋᚾᚩᚱᛖᚱᛋ,231
lordlings,30623,0,ᛚᚩᚱᛞᛚᛝᛋ,385
kamerad,30621,0,ᚳᚪᛗᛖᚱᚪᛞ,445
bionomic,30620,0,ᛒᛡᚾᚩᛗᛁᚳ,319
filthier,30614,0,ᚠᛁᛚᚦᛁᛖᚱ,220
squinch,30610,0,ᛋᚳᚹᛁᚾᚳᚻ,181
sworder,30559,0,ᛋᚹᚩᚱᛞᛖᚱ,257
altesse,30540,0,ᚪᛚᛏᛖᛋᛋᛖ,469
caltrop,30523,0,ᚳᚪᛚᛏᚱᚩᛈ,303
corypha,30509,0,ᚳᚩᚱᚣᛈᚻᚪ,297
amorini,30505,0,ᚪᛗᚩᚱᛁᚾᛁ,277
boozers,30502,0,ᛒᚩᚩᛋᛖᚱᛋ,259
pyretic,30495,0,ᛈᚣᚱᛖᛏᛁᚳ,327
jimmies,30488,0,ᛂᛁᛗᛗᛁᛖᛋ,361
stanching,30472,0,ᛋᛏᚪᚾᚳᚻᛝ,353
repeople,30461,0,ᚱᛖᛈᛇᛈᛚᛖ,345
stroppy,30458,0,ᛋᛏᚱᚩᛈᛈᚣ,319
sheened,30442,0,ᛋᚻᛖᛖᚾᛖᛞ,395
godship,30423,0,ᚷᚩᛞᛋᚻᛁᛈ,263
nutwood,30397,0,ᚾᚢᛏᚹᚩᚩᛞ,213
hoodoos,30395,0,ᚻᚩᚩᛞᚩᚩᛋ,193
danseur,30395,0,ᛞᚪᚾᛋᛖᚢᚱ,349
redbone,30358,0,ᚱᛖᛞᛒᚩᚾᛖ,331
trisect,30352,0,ᛏᚱᛁᛋᛖᚳᛏ,293
beaklike,30341,0,ᛒᛠᚳᛚᛁᚳᛖ,367
denuder,30332,0,ᛞᛖᚾᚢᛞᛖᚱ,355
hutment,30328,0,ᚻᚢᛏᛗᛖᚾᛏ,311
hymnary,30313,0,ᚻᚣᛗᚾᚪᚱᚣ,437
yodelling,30307,0,ᚣᚩᛞᛖᛚᛚᛝ,491
gladiola,30279,0,ᚷᛚᚪᛞᛡᛚᚪ,553
bridals,30266,0,ᛒᚱᛁᛞᚪᛚᛋ,415
compone,30255,0,ᚳᚩᛗᛈᚩᚾᛖ,237
epirote,30241,0,ᛖᛈᛁᚱᚩᛏᛖ,285
toupees,30207,0,ᛏᚩᚢᛈᛖᛖᛋ,299
preludio,30193,0,ᛈᚱᛖᛚᚢᛞᛡ,393
pyramis,30160,0,ᛈᚣᚱᚪᛗᛁᛋ,409
plaided,30151,0,ᛈᛚᚪᛁᛞᛖᛞ,489
vizards,30136,0,ᚢᛁᛋᚪᚱᛞᛋ,337
tackers,30135,0,ᛏᚪᚳᚳᛖᚱᛋ,313
bethinks,30121,0,ᛒᛖᚦᛁᚾᚳᛋ,259
fetcher,30116,0,ᚠᛖᛏᚳᚻᛖᚱ,242
bennies,30115,0,ᛒᛖᚾᚾᛁᛖᛋ,337
bandeaux,30108,0,ᛒᚪᚾᛞᛠᚢᛉ,435
ologist,30093,0,ᚩᛚᚩᚷᛁᛋᛏ,247
eardrops,30093,0,ᛠᚱᛞᚱᚩᛈᛋ,323
rabbiting,30066,0,ᚱᚪᛒᛒᛁᛏᛝ,399
perukes,30065,0,ᛈᛖᚱᚢᚳᛖᛋ,257
cragged,30062,0,ᚳᚱᚪᚷᚷᛖᛞ,311
hookahs,30051,0,ᚻᚩᚩᚳᚪᚻᛋ,223
idiotism,30049,0,ᛁᛞᛡᛏᛁᛋᛗ,441
nibbler,30046,0,ᚾᛁᛒᛒᛚᛖᚱ,333
mollahs,30039,0,ᛗᚩᛚᛚᚪᚻᛋ,397
valuate,30018,0,ᚢᚪᛚᚢᚪᛏᛖ,399
biprism,30016,0,ᛒᛁᛈᚱᛁᛋᛗ,301
ciceros,30013,0,ᚳᛁᚳᛖᚱᚩᛋ,195
yarrows,29994,0,ᚣᚪᚱᚱᚩᚹᛋ,301
izhevsk,29992,0,ᛁᛋᚻᛖᚢᛋᚳ,243
podsols,29990,0,ᛈᚩᛞᛋᚩᛚᛋ,325
faibles,29986,0,ᚠᚪᛁᛒᛚᛖᛋ,384
tuxedoed,29966,0,ᛏᚢᛉᛖᛞᛟᛞ,437
fedoras,29952,0,ᚠᛖᛞᚩᚱᚪᛋ,326
bonitos,29952,0,ᛒᚩᚾᛁᛏᚩᛋ,247
parches,29931,0,ᛈᚪᚱᚳᚻᛖᛋ,307
fleshings,29902,0,ᚠᛚᛖᛋᚻᛝᛋ,350
potties,29882,0,ᛈᚩᛏᛏᛁᛖᛋ,319
bribers,29882,0,ᛒᚱᛁᛒᛖᚱᛋ,295
plumply,29878,0,ᛈᛚᚢᛗᛈᛚᚣ,409
irately,29873,0,ᛁᚱᚪᛏᛖᛚᚣ,441
softies,29870,0,ᛋᚩᚠᛏᛁᛖᛋ,272
buggering,29839,0,ᛒᚢᚷᚷᛖᚱᛝ,255
thatches,29807,0,ᚦᚪᛏᚳᚻᛖᛋ,317
azoturia,29802,0,ᚪᛋᚩᛏᚢᚱᛡ,337
tritely,29796,0,ᛏᚱᛁᛏᛖᛚᚣ,403
bowyers,29784,0,ᛒᚩᚹᚣᛖᚱᛋ,321
shotten,29776,0,ᛋᚻᚩᛏᛏᛖᚾ,297
cacodyl,29775,0,ᚳᚪᚳᚩᛞᚣᛚ,395
petards,29756,0,ᛈᛖᛏᚪᚱᛞᛋ,419
shrieve,29715,0,ᛋᚻᚱᛁᛖᚢᛖ,255
sticked,29713,0,ᛋᛏᛁᚳᚳᛖᛞ,325
wristed,29704,0,ᚹᚱᛁᛋᛏᛖᛞ,329
murthering,29702,0,ᛗᚢᚱᚦᛖᚱᛝ,247
mudbank,29700,0,ᛗᚢᛞᛒᚪᚾᚳ,363
inhumed,29674,0,ᛁᚾᚻᚢᛗᛖᛞ,313
chitter,29659,0,ᚳᚻᛁᛏᛏᛖᚱ,263
pasquil,29653,0,ᛈᚪᛋᚳᚹᛁᛚ,329
nitwits,29653,0,ᚾᛁᛏᚹᛁᛏᛋ,281
bashaws,29626,0,ᛒᚪᛋᚻᚪᚹᛋ,403
kempers,29611,0,ᚳᛖᛗᛈᛖᚱᛋ,325
spiraeas,29609,0,ᛋᛈᛁᚱᚫᚪᛋ,389
bedspring,29579,0,ᛒᛖᛞᛋᛈᚱᛝ,403
scorpios,29553,0,ᛋᚳᚩᚱᛈᛡᛋ,287
gardant,29549,0,ᚷᚪᚱᛞᚪᚾᛏ,399
quahaug,29535,0,ᚳᚹᚪᚻᚪᚢᚷ,269
railers,29528,0,ᚱᚪᛁᛚᛖᚱᛋ,343
tenpins,29524,0,ᛏᛖᚾᛈᛁᚾᛋ,311
sourish,29521,0,ᛋᚩᚢᚱᛁᛋᚻ,181
humaner,29506,0,ᚻᚢᛗᚪᚾᛖᚱ,301
whiffed,29497,0,ᚹᚻᛁᚠᚠᛖᛞ,233
flamens,29497,0,ᚠᛚᚪᛗᛖᚾᛋ,392
epacris,29494,0,ᛖᛈᚪᚳᚱᛁᛋ,315
kneeler,29470,0,ᚳᚾᛖᛖᛚᛖᚱ,327
outness,29464,0,ᚩᚢᛏᚾᛖᛋᛋ,271
trapezia,29447,0,ᛏᚱᚪᛈᛖᛋᛡ,437
cedilla,29432,0,ᚳᛖᛞᛁᛚᛚᚪ,443
ritters,29427,0,ᚱᛁᛏᛏᛖᚱᛋ,291
behynde,29398,0,ᛒᛖᚻᚣᚾᛞᛖ,439
sawbuck,29364,0,ᛋᚪᚹᛒᚢᚳᚳ,259
headachy,29364,0,ᚻᛠᛞᚪᚳᚻᚣ,457
clefted,29361,0,ᚳᛚᛖᚠᛏᛖᛞ,370
bobbers,29344,0,ᛒᚩᛒᛒᛖᚱᛋ,321
bedells,29337,0,ᛒᛖᛞᛖᛚᛚᛋ,483
bereaves,29330,0,ᛒᛖᚱᛠᚢᛖᛋ,371
puttied,29325,0,ᛈᚢᛏᛏᛁᛖᛞ,351
hyraxes,29321,0,ᚻᚣᚱᚪᛉᛖᛋ,401
kirtles,29317,0,ᚳᛁᚱᛏᛚᛖᛋ,307
mukluks,29283,0,ᛗᚢᚳᛚᚢᚳᛋ,229
caballing,29281,0,ᚳᚪᛒᚪᛚᛚᛝ,493
extatic,29226,0,ᛖᛉᛏᚪᛏᛁᚳ,373
lungfuls,29206,0,ᛚᚢᛝᚠᚢᛚᛋ,286
quashes,29201,0,ᚳᚹᚪᛋᚻᛖᛋ,325
inducts,29186,0,ᛁᚾᛞᚢᚳᛏᛋ,277
duskier,29180,0,ᛞᚢᛋᚳᛁᛖᚱ,267
tombola,29177,0,ᛏᚩᛗᛒᚩᛚᚪ,375
bowered,29171,0,ᛒᚩᚹᛖᚱᛖᛞ,321
purveys,29165,0,ᛈᚢᚱᚢᛖᚣᛋ,283
spooney,29163,0,ᛋᛈᚩᚩᚾᛖᚣ,309
doubtings,29159,0,ᛞᚩᚢᛒᛏᛝᛋ,351
scapose,29144,0,ᛋᚳᚪᛈᚩᛋᛖ,333
dunlins,29140,0,ᛞᚢᚾᛚᛁᚾᛋ,307
metical,29134,0,ᛗᛖᛏᛁᚳᚪᛚ,411
osiride,29130,0,ᚩᛋᛁᚱᛁᛞᛖ,289
stirrin,29118,0,ᛋᛏᛁᚱᚱᛁᚾ,225
pyralid,29033,0,ᛈᚣᚱᚪᛚᛁᛞ,447
boogers,29005,0,ᛒᚩᚩᚷᛖᚱᛋ,223
medusas,28996,0,ᛗᛖᛞᚢᛋᚪᛋ,433
chateaus,28995,0,ᚳᚻᚪᛏᛠᚢᛋ,357
nymphet,28939,0,ᚾᚣᛗᛈᚻᛖᛏ,395
castros,28929,0,ᚳᚪᛋᛏᚱᚩᛋ,293
paynims,28919,0,ᛈᚪᚣᚾᛁᛗᛋ,427
bushier,28915,0,ᛒᚢᛋᚻᛁᛖᚱ,249
manless,28898,0,ᛗᚪᚾᛚᛖᛋᛋ,443
spinets,28895,0,ᛋᛈᛁᚾᛖᛏᛋ,335
atresias,28863,0,ᚪᛏᚱᛖᛋᛡᛋ,447
wriggly,28860,0,ᚹᚱᛁᚷᚷᛚᚣ,271
deplane,28857,0,ᛞᛖᛈᛚᚪᚾᛖ,465
tithingman,28845,0,ᛏᛁᚦᛝᛗᚪᚾ,371
oscines,28844,0,ᚩᛋᚳᛁᚾᛖᛋ,253
stomper,28832,0,ᛋᛏᚩᛗᛈᛖᚱ,311
sickish,28832,0,ᛋᛁᚳᚳᛁᛋᚻ,217
blockings,28818,0,ᛒᛚᚩᚳᚳᛝᛋ,299
cutwork,28789,0,ᚳᚢᛏᚹᚩᚱᚳ,125
pentads,28787,0,ᛈᛖᚾᛏᚪᛞᛋ,437
singultus,28779,0,ᛋᛝᚢᛚᛏᚢᛋ,323
quillet,28771,0,ᚳᚹᛁᛚᛚᛖᛏ,335
siennas,28749,0,ᛋᛁᛖᚾᚾᚪᛋ,359
twirler,28738,0,ᛏᚹᛁᚱᛚᛖᚱ,271
sledged,28714,0,ᛋᛚᛖᛞᚷᛖᛞ,455
galagos,28699,0,ᚷᚪᛚᚪᚷᚩᛋ,361
armilla,28684,0,ᚪᚱᛗᛁᛚᛚᚪ,453
inertiae,28672,0,ᛁᚾᛖᚱᛏᛡᛖ,371
simoons,28622,0,ᛋᛁᛗᚩᚩᚾᛋ,251
confect,28619,0,ᚳᚩᚾᚠᛖᚳᛏ,190
stellas,28588,0,ᛋᛏᛖᛚᛚᚪᛋ,475
widgeons,28576,0,ᚹᛁᛞᚷᛇᚾᛋ,279
provand,28566,0,ᛈᚱᚩᚢᚪᚾᛞ,279
whirler,28561,0,ᚹᚻᛁᚱᛚᛖᚱ,235
huswife,28556,0,ᚻᚢᛋᚹᛁᚠᛖ,198
glandes,28537,0,ᚷᛚᚪᚾᛞᛖᛋ,425
samsons,28523,0,ᛋᚪᛗᛋᚩᚾᛋ,363
vamoose,28521,0,ᚢᚪᛗᚩᚩᛋᛖ,305
pipeful,28521,0,ᛈᛁᛈᛖᚠᚢᛚ,262
dammers,28520,0,ᛞᚪᛗᛗᛖᚱᛋ,459
operose,28508,0,ᚩᛈᛖᚱᚩᛋᛖ,255
toreros,28497,0,ᛏᚩᚱᛖᚱᚩᛋ,215
accidie,28434,0,ᚪᚳᚳᛁᛞᛁᛖ,341
meralgia,28415,0,ᛗᛖᚱᚪᛚᚷᛡ,443
hayrack,28413,0,ᚻᚪᚣᚱᚪᚳᚳ,357
scillas,28405,0,ᛋᚳᛁᛚᛚᚪᛋ,393
punkahs,28395,0,ᛈᚢᚾᚳᚪᚻᛋ,261
memphian,28377,0,ᛗᛖᛗᛈᚻᛡᚾ,411
outstay,28360,0,ᚩᚢᛏᛋᛏᚪᚣ,381
pessima,28357,0,ᛈᛖᛋᛋᛁᛗᚪ,415
roebucks,28356,0,ᚱᛟᛒᚢᚳᚳᛋ,237
limbeck,28351,0,ᛚᛁᛗᛒᛖᚳᚳ,329
coranto,28315,0,ᚳᚩᚱᚪᚾᛏᚩ,223
cambering,28291,0,ᚳᚪᛗᛒᛖᚱᛝ,399
slavdom,28289,0,ᛋᛚᚪᚢᛞᚩᛗ,393
airwave,28288,0,ᚪᛁᚱᚹᚪᚢᛖ,325
cadency,28275,0,ᚳᚪᛞᛖᚾᚳᚣ,411
unaired,28238,0,ᚢᚾᚪᛁᚱᛖᛞ,327
footboy,28234,0,ᚠᚩᚩᛏᛒᚩᚣ,246
vaultings,28233,0,ᚢᚪᚢᛚᛏᛝᛋ,367
deicers,28228,0,ᛞᛖᛁᚳᛖᚱᛋ,331
shoofly,28223,0,ᛋᚻᚩᚩᚠᛚᚣ,268
bordens,28220,0,ᛒᚩᚱᛞᛖᚾᛋ,317
neglige,28202,0,ᚾᛖᚷᛚᛁᚷᛖ,301
futtock,28191,0,ᚠᚢᛏᛏᚩᚳᚳ,156
driveling,28170,0,ᛞᚱᛁᚢᛖᛚᛝ,353
bandies,28170,0,ᛒᚪᚾᛞᛁᛖᛋ,427
pelides,28165,0,ᛈᛖᛚᛁᛞᛖᛋ,423
kelpies,28159,0,ᚳᛖᛚᛈᛁᛖᛋ,347
cimbrian,28152,0,ᚳᛁᛗᛒᚱᛡᚾ,323
nilghai,28136,0,ᚾᛁᛚᚷᚻᚪᛁ,301
scaleni,28121,0,ᛋᚳᚪᛚᛖᚾᛁ,363
reflate,28120,0,ᚱᛖᚠᛚᚪᛏᛖ,376
anosmic,28114,0,ᚪᚾᚩᛋᛗᛁᚳ,301
grizzling,28110,0,ᚷᚱᛁᛋᛋᛚᛝ,317
softish,28099,0,ᛋᚩᚠᛏᛁᛋᚻ,228
hoggish,28099,0,ᚻᚩᚷᚷᛁᛋᚻ,171
porkpie,28048,0,ᛈᚩᚱᚳᛈᛁᛖ,215
toddies,28005,0,ᛏᚩᛞᛞᛁᛖᛋ,395
quivery,27997,0,ᚳᚹᛁᚢᛖᚱᚣ,247
chummed,27994,0,ᚳᚻᚢᛗᛗᛖᛞ,337
oleaster,27992,0,ᚩᛚᛠᛋᛏᛖᚱ,379
theologus,27948,0,ᚦᛇᛚᚩᚷᚢᛋ,199
lycaenid,27945,0,ᛚᚣᚳᚫᚾᛁᛞ,439
muggles,27915,0,ᛗᚢᚷᚷᛚᛖᛋ,301
honkers,27915,0,ᚻᚩᚾᚳᛖᚱᛋ,203
spavins,27912,0,ᛋᛈᚪᚢᛁᚾᛋ,309
slidden,27908,0,ᛋᛚᛁᛞᛞᛖᚾ,431
cuisses,27902,0,ᚳᚢᛁᛋᛋᛖᛋ,273
grissel,27900,0,ᚷᚱᛁᛋᛋᛖᛚ,305
brambling,27899,0,ᛒᚱᚪᛗᛒᛚᛝ,453
forbode,27898,0,ᚠᚩᚱᛒᚩᛞᛖ,244
ruinate,27894,0,ᚱᚢᛁᚾᚪᛏᛖ,297
brambly,27893,0,ᛒᚱᚪᛗᛒᛚᚣ,477
shandean,27889,0,ᛋᚻᚪᚾᛞᛠᚾ,429
moocher,27885,0,ᛗᚩᚩᚳᚻᛖᚱ,199
hogweed,27862,0,ᚻᚩᚷᚹᛖᛖᛞ,289
unclosing,27844,0,ᚢᚾᚳᛚᚩᛋᛝ,257
bestrew,27824,0,ᛒᛖᛋᛏᚱᛖᚹ,337
chorded,27809,0,ᚳᚻᚩᚱᛞᛖᛞ,299
acastus,27807,0,ᚪᚳᚪᛋᛏᚢᛋ,375
evangels,27805,0,ᛖᚢᚪᛝᛖᛚᛋ,439
impalas,27800,0,ᛁᛗᛈᚪᛚᚪᛋ,465
poligar,27797,0,ᛈᚩᛚᛁᚷᚪᚱ,279
minicab,27774,0,ᛗᛁᚾᛁᚳᚪᛒ,333
filthily,27766,0,ᚠᛁᛚᚦᛁᛚᚣ,318
basenji,27751,0,ᛒᚪᛋᛖᚾᛂᛁ,375
greenling,27720,0,ᚷᚱᛖᛖᚾᛚᛝ,343
elogium,27671,0,ᛖᛚᚩᚷᛁᚢᛗ,269
aculeus,27659,0,ᚪᚳᚢᛚᛖᚢᛋ,309
pandect,27658,0,ᛈᚪᚾᛞᛖᚳᛏ,397
stifler,27635,0,ᛋᛏᛁᚠᛚᛖᚱ,296
tunnies,27623,0,ᛏᚢᚾᚾᛁᛖᛋ,271
collyria,27598,0,ᚳᚩᛚᛚᚣᚱᛡ,387
bracingly,27586,0,ᛒᚱᚪᚳᛝᛚᚣ,437
nemeses,27563,0,ᚾᛖᛗᛖᛋᛖᛋ,407
qataris,27561,0,ᚳᚪᛏᚪᚱᛁᛋ,361
croakings,27557,0,ᚳᚱᚩᚪᚳᛝᛋ,273
befouling,27554,0,ᛒᛖᚠᚩᚢᛚᛝ,292
ungently,27552,0,ᚢᛝᛖᚾᛏᛚᚣ,413
fauvist,27531,0,ᚠᚪᚢᚢᛁᛋᛏ,248
finable,27523,0,ᚠᛁᚾᚪᛒᛚᛖ,360
meningism,27513,0,ᛗᛖᚾᛝᛁᛋᛗ,401
mediety,27502,0,ᛗᛖᛞᛁᛖᛏᚣ,487
brocoli,27496,0,ᛒᚱᚩᚳᚩᛚᛁ,203
doggers,27480,0,ᛞᚩᚷᚷᛖᚱᛋ,261
grouser,27479,0,ᚷᚱᚩᚢᛋᛖᚱ,169
multure,27476,0,ᛗᚢᛚᛏᚢᚱᛖ,287
licitly,27472,0,ᛚᛁᚳᛁᛏᛚᚣ,383
fronded,27466,0,ᚠᚱᚩᚾᛞᛖᛞ,294
tattled,27458,0,ᛏᚪᛏᛏᛚᛖᛞ,503
poundal,27456,0,ᛈᚩᚢᚾᛞᚪᛚ,341
werwolf,27446,0,ᚹᛖᚱᚹᚩᛚᚠ,198
plowboy,27446,0,ᛈᛚᚩᚹᛒᚩᚣ,313
pothooks,27435,0,ᛈᚩᚦᚩᚩᚳᛋ,135
ryotwar,27433,0,ᚱᚣᚩᛏᚹᚪᚱ,307
shallon,27432,0,ᛋᚻᚪᛚᛚᚩᚾ,355
bestirs,27417,0,ᛒᛖᛋᛏᛁᚱᛋ,335
bulblet,27416,0,ᛒᚢᛚᛒᛚᛖᛏ,397
umbriel,27405,0,ᚢᛗᛒᚱᛁᛖᛚ,317
skulker,27400,0,ᛋᚳᚢᛚᚳᛖᚱ,233
sundews,27396,0,ᛋᚢᚾᛞᛖᚹᛋ,313
carinas,27357,0,ᚳᚪᚱᛁᚾᚪᛋ,331
dillenia,27327,0,ᛞᛁᛚᛚᛖᚾᛡ,469
panpipe,27324,0,ᛈᚪᚾᛈᛁᛈᛖ,353
plighting,27307,0,ᛈᛚᛁᚷᚻᛏᛝ,325
minored,27306,0,ᛗᛁᚾᚩᚱᛖᛞ,305
rosebay,27304,0,ᚱᚩᛋᛖᛒᚪᚣ,399
anaitis,27295,0,ᚪᚾᚪᛁᛏᛁᛋ,397
caimito,27284,0,ᚳᚪᛁᛗᛁᛏᚩ,309
dzungaria,27250,0,ᛞᛋᚢᛝᚪᚱᛡ,439
gustily,27244,0,ᚷᚢᛋᛏᛁᛚᚣ,339
agonise,27223,0,ᚪᚷᚩᚾᛁᛋᛖ,301
beetled,27213,0,ᛒᛖᛖᛏᛚᛖᛞ,483
simurgh,27189,0,ᛋᛁᛗᚢᚱᚷᚻ,209
dogtrot,27169,0,ᛞᚩᚷᛏᚱᚩᛏ,249
undines,27144,0,ᚢᚾᛞᛁᚾᛖᛋ,301
hyponym,27131,0,ᚻᚣᛈᚩᚾᚣᛗ,379
paniers,27124,0,ᛈᚪᚾᛁᛖᚱᛋ,331
palladia,27087,0,ᛈᚪᛚᛚᚪᛞᛡ,579
nutlike,27071,0,ᚾᚢᛏᛚᛁᚳᛖ,275
vicunas,27030,0,ᚢᛁᚳᚢᚾᚪᛋ,229
budgies,27029,0,ᛒᚢᛞᚷᛁᛖᛋ,321
mainers,27028,0,ᛗᚪᛁᚾᛖᚱᛋ,359
rootage,27024,0,ᚱᚩᚩᛏᚪᚷᛖ,265
engagers,27013,0,ᛖᛝᚪᚷᛖᚱᛋ,391
stretta,26959,0,ᛋᛏᚱᛖᛏᛏᚪ,405
epigone,26938,0,ᛖᛈᛁᚷᚩᚾᛖ,261
spackle,26932,0,ᛋᛈᚪᚳᚳᛚᛖ,359
exactor,26927,0,ᛖᛉᚪᚳᛏᚩᚱ,301
reprice,26885,0,ᚱᛖᛈᚱᛁᚳᛖ,243
detrain,26825,0,ᛞᛖᛏᚱᚪᛁᚾ,383
lucrine,26820,0,ᛚᚢᚳᚱᛁᚾᛖ,227
barites,26818,0,ᛒᚪᚱᛁᛏᛖᛋ,379
trayned,26808,0,ᛏᚱᚪᚣᚾᛖᛞ,455
pismire,26806,0,ᛈᛁᛋᛗᛁᚱᛖ,307
morrhua,26806,0,ᛗᚩᚱᚱᚻᚢᚪ,223
birdmen,26791,0,ᛒᛁᚱᛞᛗᛖᚾ,359
dickers,26786,0,ᛞᛁᚳᚳᛖᚱᛋ,277
valiance,26776,0,ᚢᚪᛚᛡᚾᚳᛖ,389
vaporings,26730,0,ᚢᚪᛈᚩᚱᛝᛋ,293
indigos,26725,0,ᛁᚾᛞᛁᚷᚩᛋ,257
spinnet,26679,0,ᛋᛈᛁᚾᚾᛖᛏ,311
burningly,26671,0,ᛒᚢᚱᚾᛝᛚᚣ,359
seacraft,26670,0,ᛋᛠᚳᚱᚪᚠᛏ,344
bursten,26670,0,ᛒᚢᚱᛋᛏᛖᚾ,283
filches,26665,0,ᚠᛁᛚᚳᚻᛖᛋ,262
mohaves,26653,0,ᛗᚩᚻᚪᚢᛖᛋ,321
senesce,26617,0,ᛋᛖᚾᛖᛋᚳᛖ,349
anodize,26617,0,ᚪᚾᚩᛞᛁᛋᛖ,373
tarweed,26610,0,ᛏᚪᚱᚹᛖᛖᛞ,409
bartonia,26609,0,ᛒᚪᚱᛏᚩᚾᛡ,371
upraising,26600,0,ᚢᛈᚱᚪᛁᛋᛝ,317
platine,26593,0,ᛈᛚᚪᛏᛁᚾᛖ,399
adducting,26591,0,ᚪᛞᛞᚢᚳᛏᛝ,429
gigolos,26587,0,ᚷᛁᚷᚩᛚᚩᛋ,205
kilobit,26580,0,ᚳᛁᛚᚩᛒᛁᛏ,275
carsick,26566,0,ᚳᚪᚱᛋᛁᚳᚳ,231
utterings,26495,0,ᚢᛏᛏᛖᚱᛝᛋ,331
soupcon,26492,0,ᛋᚩᚢᛈᚳᚩᚾ,155
parisii,26491,0,ᛈᚪᚱᛁᛋᛁᛁ,297
draggle,26487,0,ᛞᚱᚪᚷᚷᛚᛖ,371
panamas,26477,0,ᛈᚪᚾᚪᛗᚪᛋ,487
plaguey,26476,0,ᛈᛚᚪᚷᚢᛖᚣ,403
doliolum,26446,0,ᛞᚩᛚᛡᛚᚢᛗ,423
pitmans,26445,0,ᛈᛁᛏᛗᚪᚾᛋ,383
clubber,26444,0,ᚳᛚᚢᛒᛒᛖᚱ,289
monacan,26437,0,ᛗᚩᚾᚪᚳᚪᚾ,343
annealer,26436,0,ᚪᚾᚾᛠᛚᛖᚱ,415
flubbed,26429,0,ᚠᛚᚢᛒᛒᛖᛞ,356
proemium,26418,0,ᛈᚱᛟᛗᛁᚢᛗ,313
lidgate,26418,0,ᛚᛁᛞᚷᚪᛏᛖ,433
finicking,26395,0,ᚠᛁᚾᛁᚳᚳᛝ,198
belgard,26362,0,ᛒᛖᛚᚷᚪᚱᛞ,415
griesly,26350,0,ᚷᚱᛁᛖᛋᛚᚣ,355
overact,26349,0,ᚩᚢᛖᚱᚪᚳᛏ,257
passado,26346,0,ᛈᚪᛋᛋᚪᛞᚩ,439
sillies,26341,0,ᛋᛁᛚᛚᛁᛖᛋ,381
abidingly,26331,0,ᚪᛒᛁᛞᛝᛚᚣ,533
caroled,26318,0,ᚳᚪᚱᚩᛚᛖᛞ,357
fulgent,26304,0,ᚠᚢᛚᚷᛖᚾᛏ,250
floralia,26301,0,ᚠᛚᚩᚱᚪᛚᛡ,370
exarchs,26256,0,ᛖᛉᚪᚱᚳᚻᛋ,311
maistry,26247,0,ᛗᚪᛁᛋᛏᚱᚣ,425
pebrine,26234,0,ᛈᛖᛒᚱᛁᚾᛖ,309
violable,26225,0,ᚢᛡᛚᚪᛒᛚᛖ,481
barries,26224,0,ᛒᚪᚱᚱᛁᛖᛋ,331
psocids,26198,0,ᛈᛋᚩᚳᛁᛞᛋ,289
coppies,26197,0,ᚳᚩᛈᛈᛁᛖᛋ,257
banters,26193,0,ᛒᚪᚾᛏᛖᚱᛋ,377
convect,26185,0,ᚳᚩᚾᚢᛖᚳᛏ,191
contagia,26157,0,ᚳᚩᚾᛏᚪᚷᛡ,329
hoatzin,26147,0,ᚻᚩᚪᛏᛋᛁᚾ,299
towpaths,26131,0,ᛏᚩᚹᛈᚪᚦᛋ,283
insetting,26131,0,ᛁᚾᛋᛖᛏᛏᛝ,377
quavery,26114,0,ᚳᚹᚪᚢᛖᚱᚣ,313
pronate,26086,0,ᛈᚱᚩᚾᚪᛏᛖ,313
smileys,26080,0,ᛋᛗᛁᛚᛖᚣᛋ,451
crittur,26063,0,ᚳᚱᛁᛏᛏᚢᚱ,187
carriole,26045,0,ᚳᚪᚱᚱᛡᛚᛖ,379
markkaa,26044,0,ᛗᚪᚱᚳᚳᚪᚪ,399
scrupling,26042,0,ᛋᚳᚱᚢᛈᛚᛝ,275
bedward,26033,0,ᛒᛖᛞᚹᚪᚱᛞ,433
longwool,26029,0,ᛚᚩᛝᚹᚩᚩᛚ,265
carlism,26014,0,ᚳᚪᚱᛚᛁᛋᛗ,349
cudweed,26001,0,ᚳᚢᛞᚹᛖᛖᛞ,347
virgule,25996,0,ᚢᛁᚱᚷᚢᛚᛖ,205
fussier,25986,0,ᚠᚢᛋᛋᛁᛖᚱ,220
maidish,25971,0,ᛗᚪᛁᛞᛁᛋᚻ,395
shellings,25962,0,ᛋᚻᛖᛚᛚᛝᛋ,421
unbinds,25925,0,ᚢᚾᛒᛁᚾᛞᛋ,295
lemures,25892,0,ᛚᛖᛗᚢᚱᛖᛋ,345
natation,25857,0,ᚾᚪᛏᚪᛏᛡᚾ,477
titanian,25852,0,ᛏᛁᛏᚪᚾᛡᚾ,411
telexed,25837,0,ᛏᛖᛚᛖᛉᛖᛞ,469
galliots,25829,0,ᚷᚪᛚᛚᛡᛏᛋ,479
bragger,25818,0,ᛒᚱᚪᚷᚷᛖᚱ,281
intreats,25816,0,ᛁᚾᛏᚱᛠᛏᛋ,351
perrons,25809,0,ᛈᛖᚱᚱᚩᚾᛋ,221
rattail,25803,0,ᚱᚪᛏᛏᚪᛁᛚ,427
caddish,25782,0,ᚳᚪᛞᛞᛁᛋᚻ,395
dampest,25778,0,ᛞᚪᛗᛈᛖᛋᛏ,479
emaciate,25772,0,ᛖᛗᚪᚳᛡᛏᛖ,481
nosebag,25751,0,ᚾᚩᛋᛖᛒᚪᚷ,331
antefix,25743,0,ᚪᚾᛏᛖᚠᛁᛉ,332
oarlock,25721,0,ᚩᚪᚱᛚᚩᚳᚳ,221
chewink,25705,0,ᚳᚻᛖᚹᛁᚾᚳ,195
farness,25667,0,ᚠᚪᚱᚾᛖᛋᛋ,312
diapente,25656,0,ᛞᛡᛈᛖᚾᛏᛖ,461
lotters,25644,0,ᛚᚩᛏᛏᛖᚱᛋ,329
readably,25631,0,ᚱᛠᛞᚪᛒᛚᚣ,543
exclave,25613,0,ᛖᛉᚳᛚᚪᚢᛖ,367
reclame,25588,0,ᚱᛖᚳᛚᚪᛗᛖ,399
kibbles,25541,0,ᚳᛁᛒᛒᛚᛖᛋ,359
chaunts,25528,0,ᚳᚻᚪᚢᚾᛏᛋ,277
suppler,25522,0,ᛋᚢᛈᛈᛚᛖᚱ,293
soakers,25496,0,ᛋᚩᚪᚳᛖᚱᛋ,301
wimples,25494,0,ᚹᛁᛗᛈᛚᛖᛋ,357
reversi,25483,0,ᚱᛖᚢᛖᚱᛋᛁ,243
incises,25468,0,ᛁᚾᚳᛁᛋᛖᛋ,277
polonian,25454,0,ᛈᚩᛚᚩᚾᛡᚾ,295
bolshie,25442,0,ᛒᚩᛚᛋᚻᛁᛖ,315
ruffler,25439,0,ᚱᚢᚠᚠᛚᛖᚱ,169
czardom,25415,0,ᚳᛋᚪᚱᛞᚩᛗ,341
airsick,25411,0,ᚪᛁᚱᛋᛁᚳᚳ,249
currish,25406,0,ᚳᚢᚱᚱᛁᛋᚻ,145
piscary,25394,0,ᛈᛁᛋᚳᚪᚱᚣ,351
grouses,25389,0,ᚷᚱᚩᚢᛋᛖᛋ,211
potherbs,25379,0,ᛈᚩᚦᛖᚱᛒᛋ,247
areaways,25354,0,ᚪᚱᛠᚹᚪᚣᛋ,489
unhooks,25328,0,ᚢᚾᚻᚩᚩᚳᛋ,135
mojaves,25327,0,ᛗᚩᛂᚪᚢᛖᛋ,335
cruller,25272,0,ᚳᚱᚢᛚᛚᛖᚱ,251
crawdad,25267,0,ᚳᚱᚪᚹᛞᚪᛞ,415
bedmaking,25247,0,ᛒᛖᛞᛗᚪᚳᛝ,477
unbends,25236,0,ᚢᚾᛒᛖᚾᛞᛋ,331
mislaying,25210,0,ᛗᛁᛋᛚᚪᚣᛝ,507
suttees,25204,0,ᛋᚢᛏᛏᛖᛖᛋ,361
bracers,25174,0,ᛒᚱᚪᚳᛖᚱᛋ,313
musaceae,25166,0,ᛗᚢᛋᚪᚳᛠᛖ,413
fagotto,25164,0,ᚠᚪᚷᚩᛏᛏᚩ,248
scotching,25161,0,ᛋᚳᚩᛏᚳᚻᛝ,247
moistly,25156,0,ᛗᚩᛁᛋᛏᛚᚣ,397
cloyingly,25148,0,ᚳᛚᚩᚣᛝᛚᚣ,451
phocidae,25133,0,ᛈᚻᚩᚳᛁᛞᚫ,307
peewits,25114,0,ᛈᛖᛖᚹᛁᛏᛋ,339
skinful,25080,0,ᛋᚳᛁᚾᚠᚢᛚ,204
cacoethes,25064,0,ᚳᚪᚳᛟᚦᛖᛋ,331
recolor,25063,0,ᚱᛖᚳᚩᛚᚩᚱ,189
argolic,25060,0,ᚪᚱᚷᚩᛚᛁᚳ,249
corbies,25039,0,ᚳᚩᚱᛒᛁᛖᛋ,243
prender,25028,0,ᛈᚱᛖᚾᛞᛖᚱ,317
pommard,25005,0,ᛈᚩᛗᛗᚪᚱᛞ,389
squames,24999,0,ᛋᚳᚹᚪᛗᛖᛋ,373
traject,24984,0,ᛏᚱᚪᛂᛖᚳᛏ,343
fattish,24972,0,ᚠᚪᛏᛏᛁᛋᚻ,324
onliest,24963,0,ᚩᚾᛚᛁᛖᛋᛏ,319
rewoven,24942,0,ᚱᛖᚹᚩᚢᛖᚾ,203
pampango,24940,0,ᛈᚪᛗᛈᚪᛝᚩ,437
fannies,24932,0,ᚠᚪᚾᚾᛁᛖᛋ,308
heckles,24920,0,ᚻᛖᚳᚳᛚᛖᛋ,309
drudged,24920,0,ᛞᚱᚢᛞᚷᛖᛞ,365
witloof,24913,0,ᚹᛁᛏᛚᚩᚩᚠ,198
manchet,24893,0,ᛗᚪᚾᚳᚻᛖᛏ,359
seedpod,24890,0,ᛋᛖᛖᛞᛈᚩᛞ,415
ninepin,24850,0,ᚾᛁᚾᛖᛈᛁᚾ,259
mandrin,24829,0,ᛗᚪᚾᛞᚱᛁᚾ,357
concedo,24819,0,ᚳᚩᚾᚳᛖᛞᚩ,225
hematic,24809,0,ᚻᛖᛗᚪᛏᛁᚳ,361
manyema,24806,0,ᛗᚪᚾᚣᛖᛗᚪ,535
brioches,24789,0,ᛒᚱᛡᚳᚻᛖᛋ,335
savable,24787,0,ᛋᚪᚢᚪᛒᛚᛖ,451
champak,24778,0,ᚳᚻᚪᛗᛈᚪᚳ,357
bullace,24774,0,ᛒᚢᛚᛚᚪᚳᛖ,387
puccoon,24773,0,ᛈᚢᚳᚳᚩᚩᚾ,115
banksias,24770,0,ᛒᚪᚾᚳᛋᛡᛋ,413
rondels,24761,0,ᚱᚩᚾᛞᛖᛚᛋ,329
schappe,24732,0,ᛋᚳᚻᚪᛈᛈᛖ,339
sterned,24710,0,ᛋᛏᛖᚱᚾᛖᛞ,375
bloodying,24687,0,ᛒᛚᚩᚩᛞᚣᛝ,419
farrows,24683,0,ᚠᚪᚱᚱᚩᚹᛋ,200
nowness,24675,0,ᚾᚩᚹᚾᛖᛋᛋ,257
curlier,24675,0,ᚳᚢᚱᛚᛁᛖᚱ,209
tottery,24674,0,ᛏᚩᛏᛏᛖᚱᚣ,365
affiche,24669,0,ᚪᚠᚠᛁᚳᚻᛖ,235
cathouse,24663,0,ᚳᚪᚦᚩᚢᛋᛖ,245
visites,24660,0,ᚢᛁᛋᛁᛏᛖᛋ,297
fractus,24652,0,ᚠᚱᚪᚳᛏᚢᛋ,238
elutions,24640,0,ᛖᛚᚢᛏᛡᚾᛋ,391
englishing,24635,0,ᛖᛝᛚᛁᛋᚻᛝ,405
chadians,24621,0,ᚳᚻᚪᛞᛡᚾᛋ,411
fraises,24618,0,ᚠᚱᚪᛁᛋᛖᛋ,314
umpired,24616,0,ᚢᛗᛈᛁᚱᛖᛞ,315
capotes,24601,0,ᚳᚪᛈᚩᛏᛖᛋ,339
sciolist,24577,0,ᛋᚳᛡᛚᛁᛋᛏ,389
tearaway,24568,0,ᛏᛠᚱᚪᚹᚪᚣ,495
guenons,24556,0,ᚷᚢᛖᚾᚩᚾᛋ,205
meltons,24549,0,ᛗᛖᛚᛏᚩᚾᛋ,359
sharped,24548,0,ᛋᚻᚪᚱᛈᛖᛞ,383
driftin,24542,0,ᛞᚱᛁᚠᛏᛁᚾ,252
dickies,24535,0,ᛞᛁᚳᚳᛁᛖᛋ,297
libbers,24527,0,ᛚᛁᛒᛒᛖᚱᛋ,357
dawdles,24515,0,ᛞᚪᚹᛞᛚᛖᛋ,487
repines,24496,0,ᚱᛖᛈᛁᚾᛖᛋ,301
pranked,24486,0,ᛈᚱᚪᚾᚳᛖᛞ,349
sledded,24482,0,ᛋᛚᛖᛞᛞᛖᛞ,527
rolaids,24473,0,ᚱᚩᛚᚪᛁᛞᛋ,361
aliform,24463,0,ᚪᛚᛁᚠᚩᚱᛗ,292
daphnes,24451,0,ᛞᚪᛈᚻᚾᛖᛋ,401
pomelos,24444,0,ᛈᚩᛗᛖᛚᚩᛋ,321
halloos,24437,0,ᚻᚪᛚᛚᚩᚩᛋ,333
sequoya,24430,0,ᛋᛖᚳᚹᚩᚣᚪ,359
towrope,24415,0,ᛏᚩᚹᚱᚩᛈᛖ,213
inbreed,24412,0,ᛁᚾᛒᚱᛖᛖᛞ,355
sangaree,24390,0,ᛋᚪᛝᚪᚱᛖᛖ,471
grizzel,24390,0,ᚷᚱᛁᛋᛋᛖᛚ,305
kaftans,24371,0,ᚳᚪᚠᛏᚪᚾᛋ,350
klaxons,24360,0,ᚳᛚᚪᛉᚩᚾᛋ,319
howdahs,24353,0,ᚻᚩᚹᛞᚪᚻᛋ,311
mugshot,24352,0,ᛗᚢᚷᛋᚻᚩᛏ,233
icepick,24350,0,ᛁᚳᛖᛈᛁᚳᚳ,211
twaddling,24346,0,ᛏᚹᚪᛞᛞᛚᛝ,505
moujiks,24314,0,ᛗᚩᚢᛂᛁᚳᛋ,215
restrung,24307,0,ᚱᛖᛋᛏᚱᚢᛝ,283
toughie,24297,0,ᛏᚩᚢᚷᚻᛁᛖ,207
gossoon,24278,0,ᚷᚩᛋᛋᚩᚩᚾ,173
ziphius,24267,0,ᛋᛁᛈᚻᛁᚢᛋ,237
bargees,24195,0,ᛒᚪᚱᚷᛖᛖᛋ,373
noddles,24189,0,ᚾᚩᛞᛞᛚᛖᛋ,407
cosseting,24156,0,ᚳᚩᛋᛋᛖᛏᛝ,331
chiripa,24152,0,ᚳᚻᛁᚱᛁᛈᚪ,249
examens,24146,0,ᛖᛉᚪᛗᛖᚾᛋ,431
atomies,24124,0,ᚪᛏᚩᛗᛁᛖᛋ,385
outplay,24109,0,ᚩᚢᛏᛈᛚᚪᚣ,385
smidgeon,24107,0,ᛋᛗᛁᛞᚷᛇᚾ,331
envenom,24073,0,ᛖᚾᚢᛖᚾᚩᛗ,273
geneses,24043,0,ᚷᛖᚾᛖᛋᛖᛋ,353
skydive,24034,0,ᛋᚳᚣᛞᛁᚢᛖ,359
balista,24025,0,ᛒᚪᛚᛁᛋᛏᚪ,471
measurings,24016,0,ᛗᛠᛋᚢᚱᛝᛋ,379
culvers,24012,0,ᚳᚢᛚᚢᛖᚱᛋ,223
shammed,24010,0,ᛋᚻᚪᛗᛗᛖᛞ,471
mortaring,24010,0,ᛗᚩᚱᛏᚪᚱᛝ,335
lolloping,23978,0,ᛚᚩᛚᛚᚩᛈᛝ,355
saltpan,23971,0,ᛋᚪᛚᛏᛈᚪᚾ,451
idumaean,23966,0,ᛁᛞᚢᛗᚫᚪᚾ,421
butties,23961,0,ᛒᚢᛏᛏᛁᛖᛋ,333
asswage,23927,0,ᚪᛋᛋᚹᚪᚷᛖ,403
eyeshot,23898,0,ᛖᚣᛖᛋᚻᚩᛏ,379
plenipo,23882,0,ᛈᛚᛖᚾᛁᛈᚩ,293
minnies,23872,0,ᛗᛁᚾᚾᛁᛖᛋ,311
policial,23869,0,ᛈᚩᛚᛁᚳᛡᛚ,347
snowcap,23860,0,ᛋᚾᚩᚹᚳᚪᛈ,261
bumbler,23845,0,ᛒᚢᛗᛒᛚᛖᚱ,347
snicked,23832,0,ᛋᚾᛁᚳᚳᛖᛞ,295
grifter,23826,0,ᚷᚱᛁᚠᛏᛖᚱ,198
sandbur,23821,0,ᛋᚪᚾᛞᛒᚢᚱ,343
patacas,23815,0,ᛈᚪᛏᚪᚳᚪᛋ,459
decennia,23810,0,ᛞᛖᚳᛖᚾᚾᛡ,401
antapex,23809,0,ᚪᚾᛏᚪᛈᛖᛉ,439
gratiola,23795,0,ᚷᚱᚪᛏᛡᛚᚪ,461
virbius,23769,0,ᚢᛁᚱᛒᛁᚢᛋ,193
iguanid,23763,0,ᛁᚷᚢᚪᚾᛁᛞ,297
tatlers,23754,0,ᛏᚪᛏᛚᛖᚱᛋ,419
bradawl,23745,0,ᛒᚱᚪᛞᚪᚹᛚ,447
duckies,23714,0,ᛞᚢᚳᚳᛁᛖᛋ,269
chromas,23702,0,ᚳᚻᚱᚩᛗᚪᛋ,275
tossers,23690,0,ᛏᚩᛋᛋᛖᚱᛋ,303
bumbles,23645,0,ᛒᚢᛗᛒᛚᛖᛋ,389
privets,23635,0,ᛈᚱᛁᚢᛖᛏᛋ,267
danglers,23618,0,ᛞᚪᛝᛚᛖᚱᛋ,469
libidos,23596,0,ᛚᛁᛒᛁᛞᚩᛋ,345
outthink,23579,0,ᚩᚢᛏᚦᛁᚾᚳ,147
alaster,23561,0,ᚪᛚᚪᛋᛏᛖᚱ,457
ebriety,23556,0,ᛖᛒᚱᛁᛖᛏᚣ,399
millies,23554,0,ᛗᛁᛚᛚᛁᛖᛋ,399
raciest,23537,0,ᚱᚪᚳᛁᛖᛋᛏ,331
blathers,23523,0,ᛒᛚᚪᚦᛖᚱᛋ,367
bolides,23521,0,ᛒᚩᛚᛁᛞᛖᛋ,381
saulter,23507,0,ᛋᚪᚢᛚᛏᛖᚱ,363
revealings,23462,0,ᚱᛖᚢᛠᛚᛝᛋ,395
gadoids,23455,0,ᚷᚪᛞᚩᛁᛞᛋ,383
lingulate,23454,0,ᛚᛝᚢᛚᚪᛏᛖ,451
slavist,23451,0,ᛋᛚᚪᚢᛁᛋᛏ,369
dashiki,23450,0,ᛞᚪᛋᚻᛁᚳᛁ,337
fardels,23428,0,ᚠᚪᚱᛞᛖᛚᛋ,392
denudes,23411,0,ᛞᛖᚾᚢᛞᛖᛋ,397
godheads,23407,0,ᚷᚩᛞᚻᛠᛞᛋ,387
gleemen,23404,0,ᚷᛚᛖᛖᛗᛖᚾ,391
faineant,23379,0,ᚠᚪᛁᚾᛠᚾᛏ,356
touchings,23372,0,ᛏᚩᚢᚳᚻᛝᛋ,237
minicam,23349,0,ᛗᛁᚾᛁᚳᚪᛗ,343
heartens,23346,0,ᚻᛠᚱᛏᛖᚾᛋ,351
outrace,23332,0,ᚩᚢᛏᚱᚪᚳᛖ,257
desirer,23332,0,ᛞᛖᛋᛁᚱᛖᚱ,329
idolise,23319,0,ᛁᛞᚩᛚᛁᛋᛖ,351
rabbeting,23293,0,ᚱᚪᛒᛒᛖᛏᛝ,435
unitize,23289,0,ᚢᚾᛁᛏᛁᛋᛖ,273
pooches,23282,0,ᛈᚩᚩᚳᚻᛖᛋ,213
myriapod,23271,0,ᛗᚣᚱᛡᛈᚩᛞ,431
noggins,23264,0,ᚾᚩᚷᚷᛁᚾᛋ,183
pantile,23248,0,ᛈᚪᚾᛏᛁᛚᛖ,399
unstrap,23242,0,ᚢᚾᛋᛏᚱᚪᛈ,295
cannels,23241,0,ᚳᚪᚾᚾᛖᛚᛋ,361
sprigging,23227,0,ᛋᛈᚱᛁᚷᚷᛝ,251
pumices,23227,0,ᛈᚢᛗᛁᚳᛖᛋ,281
doggish,23185,0,ᛞᚩᚷᚷᛁᛋᚻ,237
diabolos,23177,0,ᛞᛡᛒᚩᛚᚩᛋ,397
quizzer,23167,0,ᚳᚹᛁᛋᛋᛖᚱ,247
teashops,23124,0,ᛏᛠᛋᚻᚩᛈᛋ,347
rageful,23120,0,ᚱᚪᚷᛖᚠᚢᛚ,270
retches,23107,0,ᚱᛖᛏᚳᚻᛖᛋ,293
hickeys,23103,0,ᚻᛁᚳᚳᛖᚣᛋ,303
epizoic,23072,0,ᛖᛈᛁᛋᚩᛁᚳ,245
indites,23043,0,ᛁᚾᛞᛁᛏᛖᛋ,359
complin,23032,0,ᚳᚩᛗᛈᛚᛁᚾ,267
stomate,23030,0,ᛋᛏᚩᛗᚪᛏᛖ,413
spreaded,23007,0,ᛋᛈᚱᛠᛞᛖᛞ,461
phlegmy,22985,0,ᛈᚻᛚᛖᚷᛗᚣ,397
rowdier,22979,0,ᚱᚩᚹᛞᛁᛖᚱ,235
poshest,22975,0,ᛈᚩᛋᚻᛖᛋᛏ,305
gnomons,22967,0,ᚷᚾᚩᛗᚩᚾᛋ,213
tedesca,22954,0,ᛏᛖᛞᛖᛋᚳᚪ,445
praters,22952,0,ᛈᚱᚪᛏᛖᚱᛋ,341
sacques,22943,0,ᛋᚪᚳᚳᚹᛖᛋ,315
ratlike,22933,0,ᚱᚪᛏᛚᛁᚳᛖ,351
hyposmia,22932,0,ᚻᚣᛈᚩᛋᛗᛡ,407
gittern,22930,0,ᚷᛁᛏᛏᛖᚱᚾ,273
piratic,22909,0,ᛈᛁᚱᚪᛏᛁᚳ,285
sorehead,22892,0,ᛋᚩᚱᛖᚻᛠᛞ,359
sallets,22880,0,ᛋᚪᛚᛚᛖᛏᛋ,475
wildlings,22873,0,ᚹᛁᛚᛞᛚᛝᛋ,417
spirted,22872,0,ᛋᛈᛁᚱᛏᛖᛞ,353
folkway,22862,0,ᚠᚩᛚᚳᚹᚪᚣ,314
widders,22847,0,ᚹᛁᛞᛞᛖᚱᛋ,359
indeedy,22833,0,ᛁᚾᛞᛖᛖᛞᚣ,475
opacify,22801,0,ᚩᛈᚪᚳᛁᚠᚣ,296
schemings,22795,0,ᛋᚳᚻᛖᛗᛝᛋ,359
sextans,22775,0,ᛋᛖᛉᛏᚪᚾᛋ,405
tinklings,22753,0,ᛏᛁᚾᚳᛚᛝᛋ,337
larynges,22740,0,ᛚᚪᚱᚣᛝᛖᛋ,483
delvers,22730,0,ᛞᛖᛚᚢᛖᚱᛋ,363
favilla,22723,0,ᚠᚪᚢᛁᛚᛚᚪ,376
blithest,22715,0,ᛒᛚᛁᚦᛖᛋᛏ,349
hypnoid,22705,0,ᚻᚣᛈᚾᚩᛁᛞ,325
clupeid,22703,0,ᚳᛚᚢᛈᛖᛁᛞ,319
yashmak,22672,0,ᚣᚪᛋᚻᛗᚪᚳ,457
alonely,22672,0,ᚪᛚᚩᚾᛖᛚᚣ,449
earnests,22668,0,ᛠᚱᚾᛖᛋᛏᛋ,381
tipsily,22662,0,ᛏᛁᛈᛋᛁᛚᚣ,393
duumvir,22660,0,ᛞᚢᚢᛗᚢᛁᚱ,211
aerialist,22654,0,ᚫᚱᛡᛚᛁᛋᛏ,435
benzols,22649,0,ᛒᛖᚾᛋᚩᛚᛋ,343
pendule,22643,0,ᛈᛖᚾᛞᚢᛚᛖ,371
goateed,22634,0,ᚷᚩᚪᛏᛖᛖᛞ,403
batfish,22634,0,ᛒᚪᛏᚠᛁᛋᚻ,326
sneezer,22627,0,ᛋᚾᛖᛖᛋᛖᚱ,347
combles,22613,0,ᚳᚩᛗᛒᛚᛖᛋ,345
barytic,22607,0,ᛒᚪᚱᚣᛏᛁᚳ,375
standee,22601,0,ᛋᛏᚪᚾᛞᛖᛖ,461
shielings,22585,0,ᛋᚻᛁᛖᛚᛝᛋ,379
graftings,22568,0,ᚷᚱᚪᚠᛏᛝᛋ,318
oboists,22564,0,ᚩᛒᚩᛁᛋᛏᛋ,271
swapper,22555,0,ᛋᚹᚪᛈᛈᛖᚱ,333
nickers,22551,0,ᚾᛁᚳᚳᛖᚱᛋ,217
catnaps,22539,0,ᚳᚪᛏᚾᚪᛈᛋ,391
tackier,22514,0,ᛏᚪᚳᚳᛁᛖᚱ,291
thitherto,22513,0,ᚦᛁᚦᛖᚱᛏᚩ,185
putouts,22511,0,ᛈᚢᛏᚩᚢᛏᛋ,227
frizzling,22511,0,ᚠᚱᛁᛋᛋᛚᛝ,302
coalpit,22509,0,ᚳᚩᚪᛚᛈᛁᛏ,323
wingspans,22507,0,ᚹᛝᛋᛈᚪᚾᛋ,373
hencoop,22507,0,ᚻᛖᚾᚳᚩᚩᛈ,189
satiates,22485,0,ᛋᚪᛏᛡᛏᛖᛋ,495
defiler,22482,0,ᛞᛖᚠᛁᛚᛖᚱ,340
flopper,22461,0,ᚠᛚᚩᛈᛈᛖᚱ,246
sabreur,22459,0,ᛋᚪᛒᚱᛖᚢᚱ,303
beaconed,22456,0,ᛒᛠᚳᚩᚾᛖᛞ,375
martynia,22441,0,ᛗᚪᚱᛏᚣᚾᛡ,477
setline,22428,0,ᛋᛖᛏᛚᛁᚾᛖ,379
horrent,22420,0,ᚻᚩᚱᚱᛖᚾᛏ,207
poundings,22414,0,ᛈᚩᚢᚾᛞᛝᛋ,303
gyrates,22409,0,ᚷᚣᚱᚪᛏᛖᛋ,407
stupors,22401,0,ᛋᛏᚢᛈᚩᚱᛋ,229
razored,22393,0,ᚱᚪᛋᚩᚱᛖᛞ,335
nondrying,22375,0,ᚾᚩᚾᛞᚱᚣᛝ,347
pogonias,22371,0,ᛈᚩᚷᚩᚾᛡᛋ,263
pantingly,22364,0,ᛈᚪᚾᛏᛝᛚᚣ,483
heteros,22363,0,ᚻᛖᛏᛖᚱᚩᛋ,287
sirenian,22358,0,ᛋᛁᚱᛖᚾᛡᚾ,327
cerebra,22329,0,ᚳᛖᚱᛖᛒᚱᚪ,327
wryness,22313,0,ᚹᚱᚣᚾᛖᛋᛋ,335
crouton,22313,0,ᚳᚱᚩᚢᛏᚩᚾ,129
barbate,22312,0,ᛒᚪᚱᛒᚪᛏᛖ,453
weazened,22302,0,ᚹᛠᛋᛖᚾᛖᛞ,433
infuser,22301,0,ᛁᚾᚠᚢᛋᛖᚱ,196
mesquit,22282,0,ᛗᛖᛋᚳᚹᛁᛏ,313
wariest,22272,0,ᚹᚪᚱᛁᛖᛋᛏ,337
tourers,22262,0,ᛏᚩᚢᚱᛖᚱᛋ,211
phellem,22238,0,ᛈᚻᛖᛚᛚᛖᛗ,417
oxtails,22237,0,ᚩᛉᛏᚪᛁᛚᛋ,367
piddock,22232,0,ᛈᛁᛞᛞᚩᚳᚳ,285
bobbery,22231,0,ᛒᚩᛒᛒᛖᚱᚣ,371
ungummed,22221,0,ᚢᛝᚢᛗᛗᛖᛞ,383
issuant,22204,0,ᛁᛋᛋᚢᚪᚾᛏ,325
plashes,22196,0,ᛈᛚᚪᛋᚻᛖᛋ,409
furnacing,22173,0,ᚠᚢᚱᚾᚪᚳᛝ,234
randoms,22129,0,ᚱᚪᚾᛞᚩᛗᛋ,357
pileups,22124,0,ᛈᛁᛚᛖᚢᛈᛋ,313
congests,22112,0,ᚳᚩᛝᛖᛋᛏᛋ,331
tepidly,22089,0,ᛏᛖᛈᛁᛞᛚᚣ,465
potshot,22074,0,ᛈᚩᛏᛋᚻᚩᛏ,251
maligns,22070,0,ᛗᚪᛚᛁᚷᚾᛋ,371
jollied,22060,0,ᛂᚩᛚᛚᛁᛖᛞ,377
scumble,22043,0,ᛋᚳᚢᛗᛒᛚᛖ,341
talipot,22032,0,ᛏᚪᛚᛁᛈᚩᛏ,369
titlark,22024,0,ᛏᛁᛏᛚᚪᚱᚳ,343
emerods,22016,0,ᛖᛗᛖᚱᚩᛞᛋ,365
egoisms,21997,0,ᛖᚷᚩᛁᛋᛗᛋ,299
unboned,21992,0,ᚢᚾᛒᚩᚾᛖᛞ,285
octuple,21987,0,ᚩᚳᛏᚢᛈᛚᛖ,265
essayer,21986,0,ᛖᛋᛋᚪᚣᛖᚱ,451
trendle,21975,0,ᛏᚱᛖᚾᛞᛚᛖ,395
leucaemia,21965,0,ᛚᛖᚢᚳᚫᛗᛡ,435
turbots,21959,0,ᛏᚢᚱᛒᚩᛏᛋ,253
queechy,21949,0,ᚳᚹᛖᛖᚳᚻᚣ,305
washrag,21942,0,ᚹᚪᛋᚻᚱᚪᚷ,317
harlock,21941,0,ᚻᚪᚱᛚᚩᚳᚳ,237
unbroke,21929,0,ᚢᚾᛒᚱᚩᚳᛖ,191
chorine,21926,0,ᚳᚻᚩᚱᛁᚾᛖ,181
tidiest,21905,0,ᛏᛁᛞᛁᛖᛋᛏ,389
knishes,21831,0,ᚳᚾᛁᛋᚻᛖᛋ,269
sillily,21828,0,ᛋᛁᛚᛚᛁᛚᚣ,437
crowdie,21828,0,ᚳᚱᚩᚹᛞᛁᛖ,237
teredos,21825,0,ᛏᛖᚱᛖᛞᚩᛋ,353
waverer,21812,0,ᚹᚪᚢᛖᚱᛖᚱ,275
satinet,21808,0,ᛋᚪᛏᛁᚾᛖᛏ,395
dispart,21788,0,ᛞᛁᛋᛈᚪᚱᛏ,383
amorist,21772,0,ᚪᛗᚩᚱᛁᛋᛏ,329
milline,21771,0,ᛗᛁᛚᛚᛁᚾᛖ,375
hymnist,21771,0,ᚻᚣᛗᚾᛁᛋᛏ,369
wheelings,21770,0,ᚹᚻᛖᛖᛚᛝᛋ,381
ductule,21766,0,ᛞᚢᚳᛏᚢᛚᛖ,307
dolente,21762,0,ᛞᚩᛚᛖᚾᛏᛖ,391
dampish,21753,0,ᛞᚪᛗᛈᛁᛋᚻ,407
outrush,21747,0,ᚩᚢᛏᚱᚢᛋᚻ,159
minters,21746,0,ᛗᛁᚾᛏᛖᚱᛋ,321
hachure,21745,0,ᚻᚪᚳᚻᚢᚱᛖ,237
velites,21726,0,ᚢᛖᛚᛁᛏᛖᛋ,353
bolthole,21722,0,ᛒᚩᛚᚦᚩᛚᛖ,293
pesante,21721,0,ᛈᛖᛋᚪᚾᛏᛖ,415
friending,21713,0,ᚠᚱᛁᛖᚾᛞᛝ,308
fleuret,21705,0,ᚠᛚᛖᚢᚱᛖᛏ,282
agnosias,21705,0,ᚪᚷᚾᚩᛋᛡᛋ,363
uprisen,21702,0,ᚢᛈᚱᛁᛋᛖᚾ,237
shuteye,21690,0,ᛋᚻᚢᛏᛖᚣᛖ,375
parasang,21682,0,ᛈᚪᚱᚪᛋᚪᛝ,477
toeholds,21657,0,ᛏᛟᚻᚩᛚᛞᛋ,387
anarthria,21653,0,ᚪᚾᚪᚱᚦᚱᛡ,357
campions,21640,0,ᚳᚪᛗᛈᛡᚾᛋ,413
gnashes,21633,0,ᚷᚾᚪᛋᚻᛖᛋ,339
huzzahs,21622,0,ᚻᚢᛋᛋᚪᚻᛋ,305
anseres,21619,0,ᚪᚾᛋᛖᚱᛖᛋ,377
phlomis,21612,0,ᛈᚻᛚᚩᛗᛁᛋ,301
pummels,21607,0,ᛈᚢᛗᛗᛖᛚᛋ,381
reverso,21603,0,ᚱᛖᚢᛖᚱᛋᚩ,219
punnets,21601,0,ᛈᚢᚾᚾᛖᛏᛋ,283
poetized,21600,0,ᛈᛟᛏᛁᛋᛖᛞ,425
soulish,21598,0,ᛋᚩᚢᛚᛁᛋᚻ,243
chollas,21594,0,ᚳᚻᚩᛚᛚᚪᛋ,339
scollop,21590,0,ᛋᚳᚩᛚᛚᚩᛈ,269
sippets,21572,0,ᛋᛁᛈᛈᛖᛏᛋ,349
skysail,21556,0,ᛋᚳᚣᛋᚪᛁᛚ,423
veloute,21550,0,ᚢᛖᛚᚩᚢᛏᛖ,279
purpure,21541,0,ᛈᚢᚱᛈᚢᚱᛖ,181
heatable,21532,0,ᚻᛠᛏᚪᛒᛚᛖ,489
eelpout,21511,0,ᛖᛖᛚᛈᚩᚢᛏ,319
sumachs,21497,0,ᛋᚢᛗᚪᚳᚻᛋ,313
conoids,21493,0,ᚳᚩᚾᚩᛁᛞᛋ,229
beggaring,21479,0,ᛒᛖᚷᚷᚪᚱᛝ,349
sunnily,21474,0,ᛋᚢᚾᚾᛁᛚᚣ,321
peppier,21472,0,ᛈᛖᛈᛈᛁᛖᚱ,305
weighin,21471,0,ᚹᛖᛁᚷᚻᛁᚾ,217
tinhorn,21470,0,ᛏᛁᚾᚻᚩᚱᚾ,189
pearlers,21458,0,ᛈᛠᚱᛚᛖᚱᛋ,367
bibbers,21456,0,ᛒᛁᛒᛒᛖᚱᛋ,345
slogger,21441,0,ᛋᛚᚩᚷᚷᛖᚱ,245
popguns,21434,0,ᛈᚩᛈᚷᚢᚾᛋ,195
wanhope,21427,0,ᚹᚪᚾᚻᚩᛈᛖ,285
possets,21416,0,ᛈᚩᛋᛋᛖᛏᛋ,335
dewfall,21412,0,ᛞᛖᚹᚠᚪᛚᛚ,420
aspersing,21410,0,ᚪᛋᛈᛖᚱᛋᛝ,403
choosey,21388,0,ᚳᚻᚩᚩᛋᛖᚣ,273
clangers,21381,0,ᚳᛚᚪᛝᛖᚱᛋ,393
credent,21361,0,ᚳᚱᛖᛞᛖᚾᛏ,335
xeroxes,21350,0,ᛉᛖᚱᚩᛉᛖᛋ,299
glazers,21349,0,ᚷᛚᚪᛋᛖᚱᛋ,371
fartlek,21326,0,ᚠᚪᚱᛏᛚᛖᚳ,322
beckets,21323,0,ᛒᛖᚳᚳᛖᛏᛋ,333
battues,21313,0,ᛒᚪᛏᛏᚢᛖᛋ,399
mudlark,21312,0,ᛗᚢᛞᛚᚪᚱᚳ,357
aphotic,21307,0,ᚪᛈᚻᚩᛏᛁᚳ,273
brailed,21291,0,ᛒᚱᚪᛁᛚᛖᛞ,429
bumboat,21264,0,ᛒᚢᛗᛒᚩᚪᛏ,359
dolmans,21246,0,ᛞᚩᛚᛗᚪᚾᛋ,419
galingale,21226,0,ᚷᚪᛚᛝᚪᛚᛖ,503
menages,21224,0,ᛗᛖᚾᚪᚷᛖᛋ,401
leggers,21194,0,ᛚᛖᚷᚷᛖᚱᛋ,305
madcaps,21183,0,ᛗᚪᛞᚳᚪᛈᛋ,463
fasters,21183,0,ᚠᚪᛋᛏᛖᚱᛋ,342
pushful,21182,0,ᛈᚢᛋᚻᚠᚢᛚ,200
vigreux,21159,0,ᚢᛁᚷᚱᛖᚢᛉ,179
madders,21149,0,ᛗᚪᛞᛞᛖᚱᛋ,477
chopine,21137,0,ᚳᚻᚩᛈᛁᚾᛖ,213
seculum,21132,0,ᛋᛖᚳᚢᛚᚢᛗ,283
thurifer,21124,0,ᚦᚢᚱᛁᚠᛖᚱ,130
bayards,21122,0,ᛒᚪᚣᚪᚱᛞᛋ,511
almsman,21119,0,ᚪᛚᛗᛋᛗᚪᚾ,491
webwork,21073,0,ᚹᛖᛒᚹᚩᚱᚳ,197
mudsill,21037,0,ᛗᚢᛞᛋᛁᛚᛚ,393
currach,21032,0,ᚳᚢᚱᚱᚪᚳᚻ,171
shelver,21028,0,ᛋᚻᛖᛚᚢᛖᚱ,297
guichet,21022,0,ᚷᚢᛁᚳᚻᛖᛏ,213
soughed,21021,0,ᛋᚩᚢᚷᚻᛖᛞ,259
iguassu,21021,0,ᛁᚷᚢᚪᛋᛋᚢ,257
joggles,21020,0,ᛂᚩᚷᚷᛚᛖᛋ,271
duskily,21019,0,ᛞᚢᛋᚳᛁᛚᚣ,365
spyhole,21007,0,ᛋᛈᚣᚻᚩᛚᛖ,369
amative,20976,0,ᚪᛗᚪᛏᛁᚢᛖ,425
lugworm,20964,0,ᛚᚢᚷᚹᚩᚱᛗ,201
satiable,20909,0,ᛋᚪᛏᛡᛒᛚᛖ,517
nitpick,20904,0,ᚾᛁᛏᛈᛁᚳᚳ,219
tollers,20875,0,ᛏᚩᛚᛚᛖᚱᛋ,343
horners,20857,0,ᚻᚩᚱᚾᛖᚱᛋ,201
dicasts,20850,0,ᛞᛁᚳᚪᛋᛏᛋ,395
pseudos,20848,0,ᛈᛋᛖᚢᛞᚩᛋ,315
filmdom,20845,0,ᚠᛁᛚᛗᛞᚩᛗ,344
theorizer,20831,0,ᚦᛇᚱᛁᛋᛖᚱ,219
danders,20829,0,ᛞᚪᚾᛞᛖᚱᛋ,435
itemise,20825,0,ᛁᛏᛖᛗᛁᛋᛖ,379
ycleped,20821,0,ᚣᚳᛚᛖᛈᛖᛞ,455
lionlike,20816,0,ᛚᛡᚾᛚᛁᚳᛖ,393
necrose,20810,0,ᚾᛖᚳᚱᚩᛋᛖ,247
mincingly,20791,0,ᛗᛁᚾᚳᛝᛚᚣ,399
boxmaking,20772,0,ᛒᚩᛉᛗᚪᚳᛝ,375
affined,20765,0,ᚪᚠᚠᛁᚾᛖᛞ,317
oldhamia,20757,0,ᚩᛚᛞᚻᚪᛗᛡ,467
seedman,20732,0,ᛋᛖᛖᛞᛗᚪᚾ,473
infolds,20732,0,ᛁᚾᚠᚩᛚᛞᛋ,284
laagers,20722,0,ᛚᚪᚪᚷᛖᚱᛋ,415
snugger,20717,0,ᛋᚾᚢᚷᚷᛖᚱ,197
niggles,20713,0,ᚾᛁᚷᚷᛚᛖᛋ,287
abrades,20702,0,ᚪᛒᚱᚪᛞᛖᛋ,475
tussore,20688,0,ᛏᚢᛋᛋᚩᚱᛖ,253
nuttier,20655,0,ᚾᚢᛏᛏᛁᛖᚱ,259
rosiere,20643,0,ᚱᚩᛋᛁᛖᚱᛖ,247
smiters,20637,0,ᛋᛗᛁᛏᛖᚱᛋ,345
cailles,20637,0,ᚳᚪᛁᛚᛚᛖᛋ,407
assorts,20636,0,ᚪᛋᛋᚩᚱᛏᛋ,333
zedoary,20630,0,ᛋᛖᛞᚩᚪᚱᚣ,427
assagai,20630,0,ᚪᛋᛋᚪᚷᚪᛁ,445
loaners,20623,0,ᛚᚩᚪᚾᛖᚱᛋ,337
mutinying,20613,0,ᛗᚢᛏᛁᚾᚣᛝ,375
boletes,20612,0,ᛒᚩᛚᛖᛏᛖᛋ,387
percase,20605,0,ᛈᛖᚱᚳᚪᛋᛖ,351
dizzier,20605,0,ᛞᛁᛋᛋᛁᛖᚱ,335
unwares,20601,0,ᚢᚾᚹᚪᚱᛖᛋ,279
corvees,20588,0,ᚳᚩᚱᚢᛖᛖᛋ,221
graffed,20584,0,ᚷᚱᚪᚠᚠᛖᛞ,285
butomus,20583,0,ᛒᚢᛏᚩᛗᚢᛋ,257
unposed,20576,0,ᚢᚾᛈᚩᛋᛖᛞ,291
gnomish,20564,0,ᚷᚾᚩᛗᛁᛋᚻ,231
madames,20554,0,ᛗᚪᛞᚪᛗᛖᛋ,545
minicar,20538,0,ᛗᛁᚾᛁᚳᚪᚱ,283
liftman,20531,0,ᛚᛁᚠᛏᛗᚪᚾ,362
rubbles,20528,0,ᚱᚢᛒᛒᛚᛖᛋ,329
tensest,20524,0,ᛏᛖᚾᛋᛖᛋᛏ,387
bareges,20513,0,ᛒᚪᚱᛖᚷᛖᛋ,373
hueless,20510,0,ᚻᚢᛖᛚᛖᛋᛋ,339
bollock,20494,0,ᛒᚩᛚᛚᚩᚳᚳ,247
aphonic,20493,0,ᚪᛈᚻᚩᚾᛁᚳ,243
carpers,20491,0,ᚳᚪᚱᛈᛖᚱᛋ,295
borzois,20477,0,ᛒᚩᚱᛋᚩᛁᛋ,223
badmouth,20468,0,ᛒᚪᛞᛗᚩᚢᚦ,333
mummify,20463,0,ᛗᚢᛗᛗᛁᚠᚣ,352
treaders,20462,0,ᛏᚱᛠᛞᛖᚱᛋ,399
gumwood,20456,0,ᚷᚢᛗᚹᚩᚩᛞ,213
haggles,20452,0,ᚻᚪᚷᚷᛚᛖᛋ,347
bandora,20435,0,ᛒᚪᚾᛞᚩᚱᚪ,391
voluspa,20402,0,ᚢᚩᛚᚢᛋᛈᚪ,279
salaaming,20402,0,ᛋᚪᛚᚪᚪᛗᛝ,567
garotte,20399,0,ᚷᚪᚱᚩᛏᛏᛖ,317
tippled,20395,0,ᛏᛁᛈᛈᛚᛖᛞ,405
stotter,20388,0,ᛋᛏᚩᛏᛏᛖᚱ,315
aiblins,20386,0,ᚪᛁᛒᛚᛁᚾᛋ,375
baffler,20383,0,ᛒᚪᚠᚠᛚᛖᚱ,313
pidgeons,20377,0,ᛈᛁᛞᚷᛇᚾᛋ,303
emprize,20350,0,ᛖᛗᛈᚱᛁᛋᛖ,343
unended,20343,0,ᚢᚾᛖᚾᛞᛖᛞ,373
hornier,20334,0,ᚻᚩᚱᚾᛁᛖᚱ,179
silkier,20331,0,ᛋᛁᛚᚳᛁᛖᚱ,279
reguard,20314,0,ᚱᛖᚷᚢᚪᚱᛞ,295
signiors,20307,0,ᛋᛁᚷᚾᛡᚱᛋ,301
ratline,20301,0,ᚱᚪᛏᛚᛁᚾᛖ,367
ambages,20296,0,ᚪᛗᛒᚪᚷᛖᛋ,463
thruways,20285,0,ᚦᚱᚢᚹᚪᚣᛋ,291
catcall,20281,0,ᚳᚪᛏᚳᚪᛚᛚ,425
resurge,20278,0,ᚱᛖᛋᚢᚱᚷᛖ,229
onagers,20260,0,ᚩᚾᚪᚷᛖᚱᛋ,281
statant,20234,0,ᛋᛏᚪᛏᚪᚾᛏ,453
submiss,20221,0,ᛋᚢᛒᛗᛁᛋᛋ,325
ousters,20193,0,ᚩᚢᛋᛏᛖᚱᛋ,253
damningly,20161,0,ᛞᚪᛗᚾᛝᛚᚣ,541
bluegum,20158,0,ᛒᛚᚢᛖᚷᚢᛗ,295
sozzled,20136,0,ᛋᚩᛋᛋᛚᛖᛞ,395
insulas,20128,0,ᛁᚾᛋᚢᛚᚪᛋ,339
unweeting,20127,0,ᚢᚾᚹᛖᛖᛏᛝ,323
cadette,20090,0,ᚳᚪᛞᛖᛏᛏᛖ,451
growlings,20065,0,ᚷᚱᚩᚹᛚᛝᛋ,259
reboiling,20048,0,ᚱᛖᛒᚩᛁᛚᛝ,329
roastings,20035,0,ᚱᚩᚪᛋᛏᛝᛋ,359
miseres,20014,0,ᛗᛁᛋᛖᚱᛖᛋ,353
delayer,20012,0,ᛞᛖᛚᚪᚣᛖᚱ,507
cupidon,19996,0,ᚳᚢᛈᛁᛞᚩᚾ,215
gaggles,19995,0,ᚷᚪᚷᚷᛚᛖᛋ,341
llanero,19985,0,ᛚᛚᚪᚾᛖᚱᚩ,357
ommiades,19984,0,ᚩᛗᛗᛡᛞᛖᛋ,465
cochleas,19981,0,ᚳᚩᚳᚻᛚᛠᛋ,291
estated,19978,0,ᛖᛋᛏᚪᛏᛖᛞ,491
mantlet,19971,0,ᛗᚪᚾᛏᛚᛖᛏ,455
agnomen,19971,0,ᚪᚷᚾᚩᛗᛖᚾ,317
demarch,19967,0,ᛞᛖᛗᚪᚱᚳᚻ,371
songfest,19898,0,ᛋᚩᛝᚠᛖᛋᛏ,320
hydremia,19863,0,ᚻᚣᛞᚱᛖᛗᛡ,471
lizzies,19860,0,ᛚᛁᛋᛋᛁᛖᛋ,361
stupids,19851,0,ᛋᛏᚢᛈᛁᛞᛋ,331
prolonge,19851,0,ᛈᚱᚩᛚᚩᛝᛖ,287
boylike,19847,0,ᛒᚩᚣᛚᛁᚳᛖ,355
clocher,19818,0,ᚳᛚᚩᚳᚻᛖᚱ,207
kernite,19817,0,ᚳᛖᚱᚾᛁᛏᛖ,277
escaper,19817,0,ᛖᛋᚳᚪᛈᛖᚱ,351
hearsays,19813,0,ᚻᛠᚱᛋᚪᚣᛋ,449
abjects,19811,0,ᚪᛒᛂᛖᚳᛏᛋ,387
meatuses,19801,0,ᛗᛠᛏᚢᛋᛖᛋ,415
locustae,19798,0,ᛚᚩᚳᚢᛋᛏᚫ,309
potents,19788,0,ᛈᚩᛏᛖᚾᛏᛋ,317
triandria,19783,0,ᛏᚱᛡᚾᛞᚱᛡ,413
mimical,19781,0,ᛗᛁᛗᛁᚳᚪᛚ,387
poaches,19771,0,ᛈᚩᚪᚳᚻᛖᛋ,303
tautening,19759,0,ᛏᚪᚢᛏᛖᚾᛝ,393
headgears,19755,0,ᚻᛠᛞᚷᛠᚱᛋ,411
dexters,19743,0,ᛞᛖᛉᛏᛖᚱᛋ,393
deutzias,19724,0,ᛞᛖᚢᛏᛋᛡᛋ,431
decolor,19697,0,ᛞᛖᚳᚩᛚᚩᚱ,267
tantara,19696,0,ᛏᚪᚾᛏᚪᚱᚪ,449
bearwood,19696,0,ᛒᛠᚱᚹᚩᚩᛞ,303
theophania,19687,0,ᚦᛇᛈᚻᚪᚾᛡ,345
plectra,19687,0,ᛈᛚᛖᚳᛏᚱᚪ,363
aloofly,19682,0,ᚪᛚᚩᚩᚠᛚᚣ,362
pantler,19666,0,ᛈᚪᚾᛏᛚᛖᚱ,379
tablier,19665,0,ᛏᚪᛒᛚᛁᛖᚱ,399
westlin,19662,0,ᚹᛖᛋᛏᛚᛁᚾ,331
corkage,19661,0,ᚳᚩᚱᚳᚪᚷᛖ,225
apercus,19648,0,ᚪᛈᛖᚱᚳᚢᛋ,287
tunicle,19629,0,ᛏᚢᚾᛁᚳᛚᛖ,275
falsies,19628,0,ᚠᚪᛚᛋᛁᛖᛋ,376
masquer,19618,0,ᛗᚪᛋᚳᚹᛖᚱ,331
unrests,19612,0,ᚢᚾᚱᛖᛋᛏᛋ,275
masjids,19605,0,ᛗᚪᛋᛂᛁᛞᛋ,431
kissers,19564,0,ᚳᛁᛋᛋᛖᚱᛋ,281
thralled,19563,0,ᚦᚱᚪᛚᛚᛖᛞ,415
markkas,19542,0,ᛗᚪᚱᚳᚳᚪᛋ,355
oxidate,19526,0,ᚩᛉᛁᛞᚪᛏᛖ,397
manilas,19525,0,ᛗᚪᚾᛁᛚᚪᛋ,451
gibbose,19515,0,ᚷᛁᛒᛒᚩᛋᛖ,297
babiche,19507,0,ᛒᚪᛒᛁᚳᚻᛖ,353
scummed,19504,0,ᛋᚳᚢᛗᛗᛖᛞ,367
rancors,19499,0,ᚱᚪᚾᚳᚩᚱᛋ,221
cadgers,19495,0,ᚳᚪᛞᚷᛖᚱᛋ,347
leadwork,19475,0,ᛚᛠᛞᚹᚩᚱᚳ,321
tarente,19470,0,ᛏᚪᚱᛖᚾᛏᛖ,389
sparest,19468,0,ᛋᛈᚪᚱᛖᛋᛏ,383
hogfish,19463,0,ᚻᚩᚷᚠᛁᛋᚻ,156
phasmid,19459,0,ᛈᚻᚪᛋᛗᛁᛞ,407
bedgown,19439,0,ᛒᛖᛞᚷᚩᚹᚾ,289
saxhorn,19435,0,ᛋᚪᛉᚻᚩᚱᚾ,267
bronzen,19433,0,ᛒᚱᚩᚾᛋᛖᚾ,257
fondues,19419,0,ᚠᚩᚾᛞᚢᛖᛋ,250
coddles,19393,0,ᚳᚩᛞᛞᛚᛖᛋ,391
dantons,19361,0,ᛞᚪᚾᛏᚩᚾᛋ,363
scouter,19359,0,ᛋᚳᚩᚢᛏᛖᚱ,213
dornick,19336,0,ᛞᚩᚱᚾᛁᚳᚳ,193
welsher,19318,0,ᚹᛖᛚᛋᚻᛖᚱ,313
pigpens,19308,0,ᛈᛁᚷᛈᛖᚾᛋ,283
montres,19293,0,ᛗᚩᚾᛏᚱᛖᛋ,297
catsups,19289,0,ᚳᚪᛏᛋᚢᛈᛋ,321
gushingly,19273,0,ᚷᚢᛋᚻᛝᛚᚣ,351
trashes,19272,0,ᛏᚱᚪᛋᚻᛖᛋ,363
bonasus,19270,0,ᛒᚩᚾᚪᛋᚢᛋ,303
mintaka,19269,0,ᛗᛁᚾᛏᚪᚳᚪ,397
suntans,19261,0,ᛋᚢᚾᛏᚪᚾᛋ,323
missies,19252,0,ᛗᛁᛋᛋᛁᛖᛋ,359
driblet,19246,0,ᛞᚱᛁᛒᛚᛖᛏ,391
songlike,19227,0,ᛋᚩᛝᛚᛁᚳᛖ,323
hornist,19223,0,ᚻᚩᚱᚾᛁᛋᛏ,213
recodes,19220,0,ᚱᛖᚳᚩᛞᛖᛋ,307
chiasmic,19215,0,ᚳᚻᛡᛋᛗᛁᚳ,311
chantings,19214,0,ᚳᚻᚪᚾᛏᛝᛋ,353
longbeard,19198,0,ᛚᚩᛝᛒᛠᚱᛞ,429
sylvine,19197,0,ᛋᚣᛚᚢᛁᚾᛖ,359
bemired,19194,0,ᛒᛖᛗᛁᚱᛖᛞ,397
agrapha,19184,0,ᚪᚷᚱᚪᛈᚻᚪ,385
smokier,19177,0,ᛋᛗᚩᚳᛁᛖᚱ,253
rollick,19170,0,ᚱᚩᛚᛚᛁᚳᚳ,221
hypoxis,19167,0,ᚻᚣᛈᚩᛉᛁᛋ,307
iceboat,19164,0,ᛁᚳᛖᛒᚩᚪᛏ,335
hastier,19161,0,ᚻᚪᛋᛏᛁᛖᚱ,341
sludged,19126,0,ᛋᛚᚢᛞᚷᛖᛞ,391
rosehip,19119,0,ᚱᚩᛋᛖᚻᛁᛈ,235
remoras,19090,0,ᚱᛖᛗᚩᚱᚪᛋ,317
cachexy,19086,0,ᚳᚪᚳᚻᛖᛉᚣ,363
regather,19065,0,ᚱᛖᚷᚪᚦᛖᚱ,275
ettarre,19064,0,ᛖᛏᛏᚪᚱᚱᛖ,371
jujutsu,19038,0,ᛂᚢᛂᚢᛏᛋᚢ,195
trayful,19036,0,ᛏᚱᚪᚣᚠᚢᛚ,348
onement,19027,0,ᚩᚾᛖᛗᛖᚾᛏ,329
starers,19026,0,ᛋᛏᚪᚱᛖᚱᛋ,351
slabber,19004,0,ᛋᛚᚪᛒᛒᛖᚱ,423
byroads,18998,0,ᛒᚣᚱᚩᚪᛞᛋ,421
cheesed,18984,0,ᚳᚻᛖᛖᛋᛖᛞ,379
lorchas,18983,0,ᛚᚩᚱᚳᚻᚪᛋ,277
hoaxers,18980,0,ᚻᚩᚪᛉᛖᚱᛋ,305
gougers,18980,0,ᚷᚩᚢᚷᛖᚱᛋ,175
demagog,18960,0,ᛞᛖᛗᚪᚷᚩᚷ,365
winless,18959,0,ᚹᛁᚾᛚᛖᛋᛋ,325
langsyne,18959,0,ᛚᚪᛝᛋᚣᚾᛖ,501
mangonel,18935,0,ᛗᚪᛝᚩᚾᛖᛚ,423
cissoid,18930,0,ᚳᛁᛋᛋᚩᛁᛞ,277
runlets,18919,0,ᚱᚢᚾᛚᛖᛏᛋ,295
garbles,18896,0,ᚷᚪᚱᛒᛚᛖᛋ,379
bumpier,18882,0,ᛒᚢᛗᛈᛁᛖᚱ,287
septets,18872,0,ᛋᛖᛈᛏᛖᛏᛋ,401
voguish,18867,0,ᚢᚩᚷᚢᛁᛋᚻ,137
tokened,18830,0,ᛏᚩᚳᛖᚾᛖᛞ,331
senoras,18828,0,ᛋᛖᚾᚩᚱᚪᛋ,317
quaggas,18794,0,ᚳᚹᚪᚷᚷᚪᛋ,313
pompeys,18791,0,ᛈᚩᛗᛈᛖᚣᛋ,387
taurini,18778,0,ᛏᚪᚢᚱᛁᚾᛁ,261
hogtied,18777,0,ᚻᚩᚷᛏᛁᛖᛞ,293
vanille,18757,0,ᚢᚪᚾᛁᛚᛚᛖ,373
unhanged,18748,0,ᚢᚾᚻᚪᛝᛖᛞ,387
laddish,18747,0,ᛚᚪᛞᛞᛁᛋᚻ,455
tabrets,18740,0,ᛏᚪᛒᚱᛖᛏᛋ,407
tartufe,18737,0,ᛏᚪᚱᛏᚢᚠᛖ,298
moppets,18734,0,ᛗᚩᛈᛈᛖᛏᛋ,343
waylays,18665,0,ᚹᚪᚣᛚᚪᚣᛋ,545
aesthesis,18662,0,ᚫᛋᚦᛖᛋᛁᛋ,363
ushabti,18652,0,ᚢᛋᚻᚪᛒᛏᛁ,327
orphrey,18646,0,ᚩᚱᛈᚻᚱᛖᚣ,265
untwine,18641,0,ᚢᚾᛏᚹᛁᚾᛖ,237
broadax,18640,0,ᛒᚱᚩᚪᛞᚪᛉ,409
valiancy,18639,0,ᚢᚪᛚᛡᚾᚳᚣ,425
aglance,18622,0,ᚪᚷᛚᚪᚾᚳᛖ,393
ribwort,18620,0,ᚱᛁᛒᚹᚩᚱᛏ,199
abroach,18618,0,ᚪᛒᚱᚩᚪᚳᚻ,309
piglike,18616,0,ᛈᛁᚷᛚᛁᚳᛖ,275
deepish,18605,0,ᛞᛖᛖᛈᛁᛋᚻ,373
sideral,18602,0,ᛋᛁᛞᛖᚱᚪᛚ,421
violists,18597,0,ᚢᛡᛚᛁᛋᛏᛋ,379
gummite,18581,0,ᚷᚢᛗᛗᛁᛏᛖ,319
tritoma,18566,0,ᛏᚱᛁᛏᚩᛗᚪ,335
hinnies,18562,0,ᚻᛁᚾᚾᛁᛖᛋ,263
enamour,18554,0,ᛖᚾᚪᛗᚩᚢᚱ,285
guestling,18533,0,ᚷᚢᛖᛋᛏᛚᛝ,351
altezza,18523,0,ᚪᛚᛏᛖᛋᛋᚪ,499
scarper,18508,0,ᛋᚳᚪᚱᛈᛖᚱ,295
imbiber,18508,0,ᛁᛗᛒᛁᛒᛖᚱ,333
vaccaria,18497,0,ᚢᚪᚳᚳᚪᚱᛡ,341
linkman,18493,0,ᛚᛁᚾᚳᛗᚪᚾ,343
filleul,18493,0,ᚠᛁᛚᛚᛖᚢᛚ,322
outwent,18489,0,ᚩᚢᛏᚹᛖᚾᛏ,243
greasily,18487,0,ᚷᚱᛠᛋᛁᛚᚣ,397
praties,18486,0,ᛈᚱᚪᛏᛁᛖᛋ,361
winkers,18472,0,ᚹᛁᚾᚳᛖᚱᛋ,223
cornels,18470,0,ᚳᚩᚱᚾᛖᛚᛋ,253
mazurian,18464,0,ᛗᚪᛋᚢᚱᛡᚾ,371
hoppity,18453,0,ᚻᚩᛈᛈᛁᛏᚣ,309
tagalong,18451,0,ᛏᚪᚷᚪᛚᚩᛝ,429
precook,18418,0,ᛈᚱᛖᚳᚩᚩᚳ,161
purgers,18402,0,ᛈᚢᚱᚷᛖᚱᛋ,205
jabbers,18402,0,ᛂᚪᛒᛒᛖᚱᛋ,387
goobers,18391,0,ᚷᚩᚩᛒᛖᚱᛋ,223
geophagy,18391,0,ᚷᛇᛈᚻᚪᚷᚣ,341
resiled,18375,0,ᚱᛖᛋᛁᛚᛖᛞ,391
billmen,18367,0,ᛒᛁᛚᛚᛗᛖᚾ,405
percoid,18349,0,ᛈᛖᚱᚳᚩᛁᛞ,261
buckbean,18345,0,ᛒᚢᚳᚳᛒᛠᚾ,289
collare,18337,0,ᚳᚩᛚᛚᚪᚱᛖ,341
gratingly,18331,0,ᚷᚱᚪᛏᛝᛚᚣ,439
onefold,18320,0,ᚩᚾᛖᚠᚩᛚᛞ,274
wailful,18298,0,ᚹᚪᛁᛚᚠᚢᛚ,298
affoord,18283,0,ᚪᚠᚠᚩᚩᚱᛞ,215
boodles,18282,0,ᛒᚩᚩᛞᛚᛖᛋ,357
mildewy,18253,0,ᛗᛁᛚᛞᛖᚹᚣ,453
smashup,18245,0,ᛋᛗᚪᛋᚻᚢᛈ,343
bankets,18243,0,ᛒᚪᚾᚳᛖᛏᛋ,379
orangist,18228,0,ᚩᚱᚪᛝᛁᛋᛏ,337
betided,18220,0,ᛒᛖᛏᛁᛞᛖᛞ,463
willest,18205,0,ᚹᛁᛚᛚᛖᛋᛏ,375
queened,18199,0,ᚳᚹᛖᛖᚾᛖᛞ,351
gaspingly,18192,0,ᚷᚪᛋᛈᛝᛚᚣ,465
garroting,18169,0,ᚷᚪᚱᚱᚩᛏᛝ,281
gesneria,18168,0,ᚷᛖᛋᚾᛖᚱᛡ,351
cicisbeo,18139,0,ᚳᛁᚳᛁᛋᛒᛇ,243
apogees,18127,0,ᚪᛈᚩᚷᛖᛖᛋ,351
meliadus,18115,0,ᛗᛖᛚᛡᛞᚢᛋ,463
wayment,18111,0,ᚹᚪᚣᛗᛖᚾᛏ,445
reclothe,18110,0,ᚱᛖᚳᛚᚩᚦᛖ,243
knopped,18109,0,ᚳᚾᚩᛈᛈᛖᛞ,291
triolets,18105,0,ᛏᚱᛡᛚᛖᛏᛋ,429
ballota,18094,0,ᛒᚪᛚᛚᚩᛏᚪ,467
basinet,18093,0,ᛒᚪᛋᛁᚾᛖᛏ,397
spiffed,18091,0,ᛋᛈᛁᚠᚠᛖᛞ,287
chivvying,18082,0,ᚳᚻᛁᚢᚢᚣᛝ,255
teacakes,18080,0,ᛏᛠᚳᚪᚳᛖᛋ,411
flatlet,18045,0,ᚠᛚᚪᛏᛚᛖᛏ,430
crabber,18041,0,ᚳᚱᚪᛒᛒᛖᚱ,321
cudgeling,18039,0,ᚳᚢᛞᚷᛖᛚᛝ,341
duresse,18018,0,ᛞᚢᚱᛖᛋᛋᛖ,343
entrail,18013,0,ᛖᚾᛏᚱᚪᛁᛚ,367
granose,18006,0,ᚷᚱᚪᚾᚩᛋᛖ,281
wafered,17984,0,ᚹᚪᚠᛖᚱᛖᛞ,352
troikas,17983,0,ᛏᚱᚩᛁᚳᚪᛋ,271
bestrid,17967,0,ᛒᛖᛋᛏᚱᛁᛞ,371
pandour,17962,0,ᛈᚪᚾᛞᚩᚢᚱ,279
munshis,17962,0,ᛗᚢᚾᛋᚻᛁᛋ,263
catchee,17957,0,ᚳᚪᛏᚳᚻᛖᛖ,339
actinian,17946,0,ᚪᚳᛏᛁᚾᛡᚾ,365
kitbags,17941,0,ᚳᛁᛏᛒᚪᚷᛋ,331
baviere,17938,0,ᛒᚪᚢᛁᛖᚱᛖ,337
restyle,17934,0,ᚱᛖᛋᛏᚣᛚᛖ,433
dodders,17925,0,ᛞᚩᛞᛞᛖᚱᛋ,405
ptomain,17913,0,ᛈᛏᚩᛗᚪᛁᚾ,337
deskman,17913,0,ᛞᛖᛋᚳᛗᚪᚾ,419
yengeese,17908,0,ᚣᛖᛝᛖᛖᛋᛖ,503
splodge,17907,0,ᛋᛈᛚᚩᛞᚷᛖ,349
quatern,17907,0,ᚳᚹᚪᛏᛖᚱᚾ,295
sanicle,17898,0,ᛋᚪᚾᛁᚳᛚᛖ,363
darners,17898,0,ᛞᚪᚱᚾᛖᚱᛋ,357
seamster,17894,0,ᛋᛠᛗᛋᛏᛖᚱ,423
whiffling,17886,0,ᚹᚻᛁᚠᚠᛚᛝ,229
luceres,17883,0,ᛚᚢᚳᛖᚱᛖᛋ,287
strowed,17876,0,ᛋᛏᚱᚩᚹᛖᛞ,305
tardier,17870,0,ᛏᚪᚱᛞᛁᛖᚱ,365
dikasts,17860,0,ᛞᛁᚳᚪᛋᛏᛋ,395
jackies,17852,0,ᛂᚪᚳᚳᛁᛖᛋ,311
mojarra,17835,0,ᛗᚩᛂᚪᚱᚱᚪ,331
cometic,17826,0,ᚳᚩᛗᛖᛏᛁᚳ,261
postils,17823,0,ᛈᚩᛋᛏᛁᛚᛋ,319
apodous,17786,0,ᚪᛈᚩᛞᚩᚢᛋ,299
tisanes,17783,0,ᛏᛁᛋᚪᚾᛖᛋ,389
porteno,17777,0,ᛈᚩᚱᛏᛖᚾᚩ,223
brinded,17775,0,ᛒᚱᛁᚾᛞᛖᛞ,377
stagnum,17772,0,ᛋᛏᚪᚷᚾᚢᛗ,329
phonate,17772,0,ᛈᚻᚩᚾᚪᛏᛖ,325
argasid,17768,0,ᚪᚱᚷᚪᛋᛁᛞ,395
obliger,17741,0,ᚩᛒᛚᛁᚷᛖᚱ,267
harmost,17738,0,ᚻᚪᚱᛗᚩᛋᛏ,321
brassed,17731,0,ᛒᚱᚪᛋᛋᛖᛞ,431
wanness,17722,0,ᚹᚪᚾᚾᛖᛋᛋ,347
naughts,17719,0,ᚾᚪᚢᚷᚻᛏᛋ,281
endmost,17717,0,ᛖᚾᛞᛗᚩᛋᛏ,375
sexists,17697,0,ᛋᛖᛉᛁᛋᛏᛋ,363
funkier,17697,0,ᚠᚢᚾᚳᛁᛖᚱ,156
mandola,17695,0,ᛗᚪᚾᛞᚩᛚᚪ,463
punition,17691,0,ᛈᚢᚾᛁᛏᛡᚾ,301
chilcat,17654,0,ᚳᚻᛁᛚᚳᚪᛏ,309
dismayd,17649,0,ᛞᛁᛋᛗᚪᚣᛞ,533
airheads,17633,0,ᚪᛁᚱᚻᛠᛞᛋ,413
ortalis,17627,0,ᚩᚱᛏᚪᛚᛁᛋ,331
midways,17620,0,ᛗᛁᛞᚹᚪᚣᛋ,463
sclaves,17616,0,ᛋᚳᛚᚪᚢᛖᛋ,359
prosthion,17616,0,ᛈᚱᚩᛋᚦᛡᚾ,255
outsail,17615,0,ᚩᚢᛏᛋᚪᛁᛚ,323
guereza,17606,0,ᚷᚢᛖᚱᛖᛋᚪ,315
limpkin,17589,0,ᛚᛁᛗᛈᚳᛁᚾ,291
jollily,17566,0,ᛂᚩᛚᛚᛁᛚᚣ,397
graylings,17565,0,ᚷᚱᚪᚣᛚᛝᛋ,433
daedalian,17565,0,ᛞᚫᛞᚪᛚᛡᚾ,585
tenrecs,17546,0,ᛏᛖᚾᚱᛖᚳᛋ,299
rabbity,17538,0,ᚱᚪᛒᛒᛁᛏᚣ,423
haddest,17521,0,ᚻᚪᛞᛞᛖᛋᛏ,477
bespread,17513,0,ᛒᛖᛋᛈᚱᛠᛞ,433
cagoule,17505,0,ᚳᚪᚷᚩᚢᛚᛖ,277
agamous,17467,0,ᚪᚷᚪᛗᚩᚢᛋ,345
viragos,17459,0,ᚢᛁᚱᚪᚷᚩᛋ,219
tilters,17451,0,ᛏᛁᛚᛏᛖᚱᛋ,353
hollock,17437,0,ᚻᚩᛚᛚᚩᚳᚳ,209
chidingly,17431,0,ᚳᚻᛁᛞᛝᛚᚣ,411
fabless,17424,0,ᚠᚪᛒᛚᛖᛋᛋ,406
deftest,17423,0,ᛞᛖᚠᛏᛖᛋᛏ,396
campane,17420,0,ᚳᚪᛗᛈᚪᚾᛖ,417
docters,17407,0,ᛞᚩᚳᛏᛖᚱᛋ,299
doglegs,17397,0,ᛞᚩᚷᛚᛖᚷᛋ,323
balmier,17394,0,ᛒᚪᛚᛗᛁᛖᚱ,411
shalots,17392,0,ᛋᚻᚪᛚᚩᛏᛋ,365
jaconet,17387,0,ᛂᚪᚳᚩᚾᛖᛏ,309
touters,17372,0,ᛏᚩᚢᛏᛖᚱᛋ,259
beefier,17369,0,ᛒᛖᛖᚠᛁᛖᚱ,306
unseens,17368,0,ᚢᚾᛋᛖᛖᚾᛋ,301
bourgeon,17362,0,ᛒᚩᚢᚱᚷᛇᚾ,169
pilules,17358,0,ᛈᛁᛚᚢᛚᛖᛋ,343
instals,17353,0,ᛁᚾᛋᛏᚪᛚᛋ,395
basella,17329,0,ᛒᚪᛋᛖᛚᛚᚪ,521
dibbles,17313,0,ᛞᛁᛒᛒᛚᛖᛋ,435
ratters,17303,0,ᚱᚪᛏᛏᛖᚱᛋ,357
sylvans,17271,0,ᛋᚣᛚᚢᚪᚾᛋ,411
ligeance,17232,0,ᛚᛁᚷᛠᚾᚳᛖ,339
expunges,17232,0,ᛖᛉᛈᚢᛝᛖᛋ,359
pelmets,17221,0,ᛈᛖᛚᛗᛖᛏᛋ,433
birdied,17177,0,ᛒᛁᚱᛞᛁᛖᛞ,379
lentisk,17166,0,ᛚᛖᚾᛏᛁᛋᚳ,325
octrois,17164,0,ᚩᚳᛏᚱᚩᛁᛋ,181
unfroze,17159,0,ᚢᚾᚠᚱᚩᛋᛖ,172
unrisen,17154,0,ᚢᚾᚱᛁᛋᛖᚾ,223
choller,17137,0,ᚳᚻᚩᛚᛚᛖᚱ,267
chimley,17133,0,ᚳᚻᛁᛗᛚᛖᚣ,381
destining,17131,0,ᛞᛖᛋᛏᛁᚾᛝ,407
mickles,17117,0,ᛗᛁᚳᚳᛚᛖᛋ,321
lothsome,17117,0,ᛚᚩᚦᛋᚩᛗᛖ,283
ringleted,17101,0,ᚱᛝᛚᛖᛏᛖᛞ,445
sobbingly,17098,0,ᛋᚩᛒᛒᛝᛚᚣ,437
clashings,17096,0,ᚳᛚᚪᛋᚻᛝᛋ,391
jouster,17086,0,ᛂᚩᚢᛋᛏᛖᚱ,237
nemertea,17085,0,ᚾᛖᛗᛖᚱᛏᛠ,413
sippers,17081,0,ᛋᛁᛈᛈᛖᚱᛋ,301
fatties,17076,0,ᚠᚪᛏᛏᛁᛖᛋ,368
pilfers,17072,0,ᛈᛁᛚᚠᛖᚱᛋ,280
acushla,17051,0,ᚪᚳᚢᛋᚻᛚᚪ,359
nitrify,17049,0,ᚾᛁᛏᚱᛁᚠᚣ,266
lowboys,17048,0,ᛚᚩᚹᛒᚩᚣᛋ,323
burbles,17044,0,ᛒᚢᚱᛒᛚᛖᛋ,329
maggies,17042,0,ᛗᚪᚷᚷᛁᛖᛋ,353
patsies,17021,0,ᛈᚪᛏᛋᛁᛖᛋ,403
enlaced,17015,0,ᛖᚾᛚᚪᚳᛖᛞ,435
matrics,17014,0,ᛗᚪᛏᚱᛁᚳᛋ,335
ballate,17009,0,ᛒᚪᛚᛚᚪᛏᛖ,527
conchie,17007,0,ᚳᚩᚾᚳᚻᛁᛖ,183
rashest,17003,0,ᚱᚪᛋᚻᛖᛋᛏ,363
circlings,16999,0,ᚳᛁᚱᚳᛚᛝᛋ,273
lanista,16966,0,ᛚᚪᚾᛁᛋᛏᚪ,439
bowknot,16955,0,ᛒᚩᚹᚳᚾᚩᛏ,195
boloney,16945,0,ᛒᚩᛚᚩᚾᛖᚣ,347
headsmen,16938,0,ᚻᛠᛞᛋᛗᛖᚾ,441
forwent,16928,0,ᚠᚩᚱᚹᛖᚾᛏ,194
repeopling,16927,0,ᚱᛖᛈᛇᛈᛚᛝ,357
ripsaws,16923,0,ᚱᛁᛈᛋᚪᚹᛋ,307
pottles,16921,0,ᛈᚩᛏᛏᛚᛖᛋ,361
berbere,16908,0,ᛒᛖᚱᛒᛖᚱᛖ,345
ballium,16908,0,ᛒᚪᛚᛚᛁᚢᛗ,409
philyra,16902,0,ᛈᚻᛁᛚᚣᚱᚪ,381
servage,16897,0,ᛋᛖᚱᚢᚪᚷᛖ,315
rappels,16884,0,ᚱᚪᛈᛈᛖᛚᛋ,387
enthrals,16874,0,ᛖᚾᚦᚱᚪᛚᛋ,335
medinas,16873,0,ᛗᛖᛞᛁᚾᚪᛋ,437
rutters,16868,0,ᚱᚢᛏᛏᛖᚱᛋ,263
pinyons,16860,0,ᛈᛁᚾᚣᚩᚾᛋ,295
hitcher,16842,0,ᚻᛁᛏᚳᚻᛖᚱ,227
apraxias,16831,0,ᚪᛈᚱᚪᛉᛡᛋ,455
starost,16823,0,ᛋᛏᚪᚱᚩᛋᛏ,339
intrant,16820,0,ᛁᚾᛏᚱᚪᚾᛏ,315
muncher,16818,0,ᛗᚢᚾᚳᚻᛖᚱ,217
masoned,16818,0,ᛗᚪᛋᚩᚾᛖᛞ,413
freckly,16813,0,ᚠᚱᛖᚳᚳᛚᚣ,282
grummet,16807,0,ᚷᚱᚢᛗᛗᛖᛏ,299
unsetting,16789,0,ᚢᚾᛋᛖᛏᛏᛝ,349
coquets,16788,0,ᚳᚩᚳᚹᛖᛏᛋ,231
coziest,16780,0,ᚳᚩᛋᛁᛖᛋᛏ,283
semence,16756,0,ᛋᛖᛗᛖᚾᚳᛖ,367
darkeys,16752,0,ᛞᚪᚱᚳᛖᚣᛋ,433
millrun,16683,0,ᛗᛁᛚᛚᚱᚢᚾ,291
incrust,16650,0,ᛁᚾᚳᚱᚢᛋᛏ,199
valours,16639,0,ᚢᚪᛚᚩᚢᚱᛋ,247
stickling,16636,0,ᛋᛏᛁᚳᚳᛚᛝ,321
launces,16631,0,ᛚᚪᚢᚾᚳᛖᛋ,335
mistiming,16619,0,ᛗᛁᛋᛏᛁᛗᛝ,395
teaberry,16614,0,ᛏᛠᛒᛖᚱᚱᚣ,421
ferules,16594,0,ᚠᛖᚱᚢᛚᛖᛋ,276
loppers,16585,0,ᛚᚩᛈᛈᛖᚱᛋ,297
goatees,16568,0,ᚷᚩᚪᛏᛖᛖᛋ,367
battier,16567,0,ᛒᚪᛏᛏᛁᛖᚱ,385
poisers,16546,0,ᛈᚩᛁᛋᛖᚱᛋ,265
kinless,16543,0,ᚳᛁᚾᛚᛖᛋᛋ,319
relocking,16532,0,ᚱᛖᛚᚩᚳᚳᛝ,263
favorer,16528,0,ᚠᚪᚢᚩᚱᛖᚱ,198
caudles,16525,0,ᚳᚪᚢᛞᛚᛖᛋ,395
silicle,16503,0,ᛋᛁᛚᛁᚳᛚᛖ,341
quiesce,16486,0,ᚳᚹᛁᛖᛋᚳᛖ,263
annexion,16485,0,ᚪᚾᚾᛖᛉᛡᚾ,405
unright,16464,0,ᚢᚾᚱᛁᚷᚻᛏ,173
webfoot,16463,0,ᚹᛖᛒᚠᚩᚩᛏ,222
motmots,16460,0,ᛗᚩᛏᛗᚩᛏᛋ,327
occults,16455,0,ᚩᚳᚳᚢᛚᛏᛋ,221
fellest,16446,0,ᚠᛖᛚᛚᛖᛋᛏ,394
enounce,16437,0,ᛖᚾᚩᚢᚾᚳᛖ,215
elapids,16430,0,ᛖᛚᚪᛈᛁᛞᛋ,453
crackings,16425,0,ᚳᚱᚪᚳᚳᛝᛋ,279
dineros,16420,0,ᛞᛁᚾᛖᚱᚩᛋ,287
noysome,16419,0,ᚾᚩᚣᛋᚩᛗᛖ,337
ribless,16417,0,ᚱᛁᛒᛚᛖᛋᛋ,349
octopod,16415,0,ᚩᚳᛏᚩᛈᚩᛞ,225
perilling,16397,0,ᛈᛖᚱᛁᛚᛚᛝ,377
tomtits,16388,0,ᛏᚩᛗᛏᛁᛏᛋ,339
pogonion,16386,0,ᛈᚩᚷᚩᚾᛡᚾ,239
damoetas,16368,0,ᛞᚪᛗᛟᛏᚪᛋ,549
fandoms,16339,0,ᚠᚪᚾᛞᚩᛗᛋ,348
inurned,16328,0,ᛁᚾᚢᚱᚾᛖᛞ,259
misname,16327,0,ᛗᛁᛋᚾᚪᛗᛖ,419
southers,16325,0,ᛋᚩᚢᚦᛖᚱᛋ,199
sauries,16321,0,ᛋᚪᚢᚱᛁᛖᛋ,315
potoroo,16315,0,ᛈᚩᛏᚩᚱᚩᚩ,141
omnific,16311,0,ᚩᛗᚾᛁᚠᛁᚳ,184
frighting,16290,0,ᚠᚱᛁᚷᚻᛏᛝ,222
alerter,16264,0,ᚪᛚᛖᚱᛏᛖᚱ,385
ablates,16251,0,ᚪᛒᛚᚪᛏᛖᛋ,507
shrived,16249,0,ᛋᚻᚱᛁᚢᛖᛞ,277
abscise,16241,0,ᚪᛒᛋᚳᛁᛋᛖ,375
toxodon,16240,0,ᛏᚩᛉᚩᛞᚩᚾ,245
beatable,16235,0,ᛒᛠᛏᚪᛒᛚᛖ,527
tittles,16233,0,ᛏᛁᛏᛏᛚᛖᛋ,401
ladanum,16229,0,ᛚᚪᛞᚪᚾᚢᛗ,459
bruneian,16208,0,ᛒᚱᚢᚾᛖᛡᚾ,307
perkily,16200,0,ᛈᛖᚱᚳᛁᛚᚣ,341
clianthus,16197,0,ᚳᛚᛡᚾᚦᚢᛋ,283
girasol,16191,0,ᚷᛁᚱᚪᛋᚩᛚ,289
eyehole,16187,0,ᛖᚣᛖᚻᚩᛚᛖ,407
pachisi,16179,0,ᛈᚪᚳᚻᛁᛋᛁ,291
astrain,16177,0,ᚪᛋᛏᚱᚪᛁᚾ,377
ellasar,16172,0,ᛖᛚᛚᚪᛋᚪᚱ,471
stalest,16164,0,ᛋᛏᚪᛚᛖᛋᛏ,461
natator,16154,0,ᚾᚪᛏᚪᛏᚩᚱ,359
mixable,16144,0,ᛗᛁᛉᚪᛒᛚᛖ,447
hipline,16141,0,ᚻᛁᛈᛚᛁᚾᛖ,297
sciolism,16121,0,ᛋᚳᛡᛚᛁᛋᛗ,401
gangstas,16092,0,ᚷᚪᛝᛋᛏᚪᛋ,455
loverly,16083,0,ᛚᚩᚢᛖᚱᛚᚣ,337
unsweet,16065,0,ᚢᚾᛋᚹᛖᛖᛏ,297
usuries,16051,0,ᚢᛋᚢᚱᛁᛖᛋ,221
unsmooth,16048,0,ᚢᚾᛋᛗᚩᚩᚦ,175
iodopsin,16044,0,ᛡᛞᚩᛈᛋᛁᚾ,359
packmen,16038,0,ᛈᚪᚳᚳᛗᛖᚾ,333
exposit,16038,0,ᛖᛉᛈᚩᛋᛁᛏ,307
seedmen,16035,0,ᛋᛖᛖᛞᛗᛖᚾ,443
basidial,16024,0,ᛒᚪᛋᛁᛞᛡᛚ,511
doeskins,16023,0,ᛞᛟᛋᚳᛁᚾᛋ,351
chukker,16001,0,ᚳᚻᚢᚳᚳᛖᚱ,143
deaconry,16000,0,ᛞᛠᚳᚩᚾᚱᚣ,361
succisa,15994,0,ᛋᚢᚳᚳᛁᛋᚪ,263
bookful,15990,0,ᛒᚩᚩᚳᚠᚢᛚ,166
cuppers,15983,0,ᚳᚢᛈᛈᛖᚱᛋ,233
tittler,15982,0,ᛏᛁᛏᛏᛚᛖᚱ,359
dirtily,15971,0,ᛞᛁᚱᛏᛁᛚᚣ,397
nebbish,15965,0,ᚾᛖᛒᛒᛁᛋᚻ,325
cattish,15960,0,ᚳᚪᛏᛏᛁᛋᚻ,335
cheerer,15956,0,ᚳᚻᛖᛖᚱᛖᚱ,259
usances,15938,0,ᚢᛋᚪᚾᚳᛖᛋ,315
fogyism,15938,0,ᚠᚩᚷᚣᛁᛋᛗ,284
caesural,15922,0,ᚳᚫᛋᚢᚱᚪᛚ,351
hereaway,15921,0,ᚻᛖᚱᛠᚹᚪᚣ,429
shiningly,15879,0,ᛋᚻᛁᚾᛝᛚᚣ,391
undrest,15868,0,ᚢᚾᛞᚱᛖᛋᛏ,311
slovens,15849,0,ᛋᛚᚩᚢᛖᚾᛋ,285
fleabite,15849,0,ᚠᛚᛠᛒᛁᛏᛖ,402
misfiling,15847,0,ᛗᛁᛋᚠᛁᛚᛝ,340
stichos,15845,0,ᛋᛏᛁᚳᚻᚩᛋ,239
santons,15839,0,ᛋᚪᚾᛏᚩᚾᛋ,327
ripplings,15831,0,ᚱᛁᛈᛈᛚᛝᛋ,333
garlics,15820,0,ᚷᚪᚱᛚᛁᚳᛋ,295
lividly,15801,0,ᛚᛁᚢᛁᛞᛚᚣ,403
periagua,15752,0,ᛈᛖᚱᛡᚷᚢᚪ,345
figurer,15745,0,ᚠᛁᚷᚢᚱᛖᚱ,142
destain,15734,0,ᛞᛖᛋᛏᚪᛁᚾ,425
claries,15720,0,ᚳᛚᚪᚱᛁᛖᛋ,345
cobbers,15712,0,ᚳᚩᛒᛒᛖᚱᛋ,273
astigmia,15686,0,ᚪᛋᛏᛁᚷᛗᛡ,435
taipans,15675,0,ᛏᚪᛁᛈᚪᚾᛋ,409
gibbers,15673,0,ᚷᛁᛒᛒᛖᚱᛋ,301
alamode,15666,0,ᚪᛚᚪᛗᚩᛞᛖ,501
acquite,15654,0,ᚪᚳᚳᚹᛁᛏᛖ,299
flypast,15649,0,ᚠᛚᚣᛈᚪᛋᛏ,430
hoofers,15644,0,ᚻᚩᚩᚠᛖᚱᛋ,170
menially,15610,0,ᛗᛖᚾᛡᛚᛚᚣ,523
myogram,15606,0,ᛗᚣᚩᚷᚱᚪᛗ,377
conster,15601,0,ᚳᚩᚾᛋᛏᛖᚱ,239
panocha,15588,0,ᛈᚪᚾᚩᚳᚻᚪ,309
mincers,15578,0,ᛗᛁᚾᚳᛖᚱᛋ,275
albites,15557,0,ᚪᛚᛒᛁᛏᛖᛋ,441
patonce,15556,0,ᛈᚪᛏᚩᚾᚳᛖ,315
litchis,15547,0,ᛚᛁᛏᚳᚻᛁᛋ,283
treille,15532,0,ᛏᚱᛖᛁᛚᛚᛖ,381
arcadias,15529,0,ᚪᚱᚳᚪᛞᛡᛋ,467
repoint,15521,0,ᚱᛖᛈᚩᛁᚾᛏ,247
endogen,15520,0,ᛖᚾᛞᚩᚷᛖᚾ,305
fetiche,15513,0,ᚠᛖᛏᛁᚳᚻᛖ,262
sordino,15503,0,ᛋᚩᚱᛞᛁᚾᚩ,227
pinatas,15501,0,ᛈᛁᚾᚪᛏᚪᛋ,409
vendange,15493,0,ᚢᛖᚾᛞᚪᛝᛖ,431
propjet,15479,0,ᛈᚱᚩᛈᛂᛖᛏ,267
yodeler,15477,0,ᚣᚩᛞᛖᛚᛖᚱ,417
poulder,15473,0,ᛈᚩᚢᛚᛞᛖᚱ,293
piscidia,15469,0,ᛈᛁᛋᚳᛁᛞᛡ,367
chrisom,15456,0,ᚳᚻᚱᛁᛋᚩᛗ,209
unpeople,15439,0,ᚢᚾᛈᛇᛈᛚᛖ,299
braises,15430,0,ᛒᚱᚪᛁᛋᛖᛋ,373
sedarim,15416,0,ᛋᛖᛞᚪᚱᛁᛗ,419
wimpled,15413,0,ᚹᛁᛗᛈᛚᛖᛞ,393
diapensia,15403,0,ᛞᛡᛈᛖᚾᛋᛡ,495
whopped,15398,0,ᚹᚻᚩᛈᛈᛖᛞ,291
fordone,15388,0,ᚠᚩᚱᛞᚩᚾᛖ,212
queasily,15366,0,ᚳᚹᛠᛋᛁᛚᚣ,401
vendues,15345,0,ᚢᛖᚾᛞᚢᛖᛋ,311
purfled,15335,0,ᛈᚢᚱᚠᛚᛖᛞ,288
forbare,15331,0,ᚠᚩᚱᛒᚪᚱᛖ,256
woozily,15330,0,ᚹᚩᚩᛋᛁᛚᚣ,293
untithed,15321,0,ᚢᚾᛏᛁᚦᛖᛞ,283
fidessa,15321,0,ᚠᛁᛞᛖᛋᛋᚪ,392
amendes,15310,0,ᚪᛗᛖᚾᛞᛖᛋ,473
bantlings,15308,0,ᛒᚪᚾᛏᛚᛝᛋ,451
sparrer,15303,0,ᛋᛈᚪᚱᚱᛖᚱ,293
murkily,15303,0,ᛗᚢᚱᚳᛁᛚᚣ,305
milords,15302,0,ᛗᛁᛚᚩᚱᛞᛋ,335
winkled,15300,0,ᚹᛁᚾᚳᛚᛖᛞ,321
oxytone,15298,0,ᚩᛉᚣᛏᚩᚾᛖ,319
trysted,15290,0,ᛏᚱᚣᛋᛏᛖᛞ,441
inkpots,15290,0,ᛁᚾᚳᛈᚩᛏᛋ,235
guzzles,15284,0,ᚷᚢᛋᛋᛚᛖᛋ,319
creakily,15282,0,ᚳᚱᛠᚳᛁᛚᚣ,353
redbuds,15281,0,ᚱᛖᛞᛒᚢᛞᛋ,373
colorum,15279,0,ᚳᚩᛚᚩᚱᚢᛗ,185
pianolas,15276,0,ᛈᛡᚾᚩᛚᚪᛋ,409
amellus,15276,0,ᚪᛗᛖᛚᛚᚢᛋ,437
upchuck,15273,0,ᚢᛈᚳᚻᚢᚳᚳ,111
squiffy,15256,0,ᛋᚳᚹᛁᚠᚠᚣ,223
lanners,15252,0,ᛚᚪᚾᚾᛖᚱᛋ,359
acerate,15244,0,ᚪᚳᛖᚱᚪᛏᛖ,411
colters,15234,0,ᚳᚩᛚᛏᛖᚱᛋ,283
squidgy,15231,0,ᛋᚳᚹᛁᛞᚷᚣ,325
cervine,15230,0,ᚳᛖᚱᚢᛁᚾᛖ,221
fillips,15229,0,ᚠᛁᛚᛚᛁᛈᛋ,306
fantasm,15210,0,ᚠᚪᚾᛏᚪᛋᛗ,408
whereso,15209,0,ᚹᚻᛖᚱᛖᛋᚩ,247
unbreathing,15196,0,ᚢᚾᛒᚱᛠᚦᛝ,297
quandong,15183,0,ᚳᚹᚪᚾᛞᚩᛝ,333
flosses,15183,0,ᚠᛚᚩᛋᛋᛖᛋ,308
honkies,15181,0,ᚻᚩᚾᚳᛁᛖᛋ,223
fullish,15167,0,ᚠᚢᛚᛚᛁᛋᚻ,258
hoodman,15165,0,ᚻᚩᚩᛞᛗᚪᚾ,323
mistier,15157,0,ᛗᛁᛋᛏᛁᛖᚱ,323
strikings,15155,0,ᛋᛏᚱᛁᚳᛝᛋ,299
tattooer,15154,0,ᛏᚪᛏᛏᚩᛟᚱ,375
wrastle,15150,0,ᚹᚱᚪᛋᛏᛚᛖ,379
lobated,15150,0,ᛚᚩᛒᚪᛏᛖᛞ,453
vetchling,15143,0,ᚢᛖᛏᚳᚻᛚᛝ,317
befogging,15123,0,ᛒᛖᚠᚩᚷᚷᛝ,250
libeler,15115,0,ᛚᛁᛒᛖᛚᛖᚱ,383
glyster,15109,0,ᚷᛚᚣᛋᛏᛖᚱ,383
confabs,15085,0,ᚳᚩᚾᚠᚪᛒᛋ,262
taboret,15079,0,ᛏᚪᛒᚩᚱᛖᛏ,361
rochets,15069,0,ᚱᚩᚳᚻᛖᛏᛋ,233
sawbill,15067,0,ᛋᚪᚹᛒᛁᛚᛚ,407
benight,15061,0,ᛒᛖᚾᛁᚷᚻᛏ,287
bunglingly,15057,0,ᛒᚢᛝᛚᛝᛚᚣ,471
gerenuk,15051,0,ᚷᛖᚱᛖᚾᚢᚳ,207
napless,15048,0,ᚾᚪᛈᛚᛖᛋᛋ,415
ringtails,15044,0,ᚱᛝᛏᚪᛁᛚᛋ,403
pastils,15042,0,ᛈᚪᛋᛏᛁᛚᛋ,409
smacker,15036,0,ᛋᛗᚪᚳᚳᛖᚱ,325
unreaped,15020,0,ᚢᚾᚱᛠᛈᛖᛞ,351
reechoing,15020,0,ᚱᛖᛖᚳᚻᚩᛝ,267
jophiel,15016,0,ᛂᚩᛈᚻᛁᛖᛚ,281
tattles,15004,0,ᛏᚪᛏᛏᛚᛖᛋ,467
unctious,15001,0,ᚢᚾᚳᛏᛡᚢᛋ,267
clappings,15001,0,ᚳᛚᚪᛈᛈᛝᛋ,401
motorial,14993,0,ᛗᚩᛏᚩᚱᛡᛚ,335
pollicy,14974,0,ᛈᚩᛚᛚᛁᚳᚣ,343
nestors,14974,0,ᚾᛖᛋᛏᚩᚱᛋ,279
pillions,14970,0,ᛈᛁᛚᛚᛡᚾᛋ,409
hearable,14960,0,ᚻᛠᚱᚪᛒᛚᛖ,441
weaselly,14957,0,ᚹᛠᛋᛖᛚᛚᚣ,497
burnets,14955,0,ᛒᚢᚱᚾᛖᛏᛋ,283
taluses,14950,0,ᛏᚪᛚᚢᛋᛖᛋ,405
dovekie,14950,0,ᛞᚩᚢᛖᚳᛁᛖ,277
bedsits,14950,0,ᛒᛖᛞᛋᛁᛏᛋ,413
ivorine,14935,0,ᛁᚢᚩᚱᛁᚾᛖ,179
brickle,14932,0,ᛒᚱᛁᚳᚳᛚᛖ,269
manward,14915,0,ᛗᚪᚾᚹᚪᚱᛞ,413
colures,14907,0,ᚳᚩᛚᚢᚱᛖᛋ,227
methanal,14903,0,ᛗᛖᚦᚪᚾᚪᛚ,439
auxetic,14902,0,ᚪᚢᛉᛖᛏᛁᚳ,317
unsnarl,14899,0,ᚢᚾᛋᚾᚪᚱᛚ,295
immerge,14894,0,ᛁᛗᛗᛖᚱᚷᛖ,335
facient,14889,0,ᚠᚪᚳᛁᛖᚾᛏ,298
bridoon,14888,0,ᛒᚱᛁᛞᚩᚩᚾ,235
duelled,14875,0,ᛞᚢᛖᛚᛚᛖᛞ,461
modelings,14873,0,ᛗᚩᛞᛖᛚᛝᛋ,439
thwartings,14872,0,ᚦᚹᚪᚱᛏᛝᛋ,323
doddery,14871,0,ᛞᚩᛞᛞᛖᚱᚣ,455
algates,14870,0,ᚪᛚᚷᚪᛏᛖᛋ,463
umlauts,14868,0,ᚢᛗᛚᚪᚢᛏᛋ,359
drowses,14868,0,ᛞᚱᚩᚹᛋᛖᛋ,299
popeyed,14845,0,ᛈᚩᛈᛖᚣᛖᛞ,419
toadied,14843,0,ᛏᚩᚪᛞᛁᛖᛞ,439
bedecks,14842,0,ᛒᛖᛞᛖᚳᚳᛋ,363
kreosote,14838,0,ᚳᚱᛇᛋᚩᛏᛖ,251
unrobed,14832,0,ᚢᚾᚱᚩᛒᛖᛞ,267
blenching,14817,0,ᛒᛚᛖᚾᚳᚻᛝ,345
wynston,14804,0,ᚹᚣᚾᛋᛏᚩᚾ,299
embower,14787,0,ᛖᛗᛒᚩᚹᛖᚱ,303
darbies,14787,0,ᛞᚪᚱᛒᛁᛖᛋ,409
fautors,14786,0,ᚠᚪᚢᛏᚩᚱᛋ,232
oreamnos,14779,0,ᚩᚱᛠᛗᚾᚩᛋ,287
corkers,14775,0,ᚳᚩᚱᚳᛖᚱᛋ,175
harmans,14770,0,ᚻᚪᚱᛗᚪᚾᛋ,381
misgive,14761,0,ᛗᛁᛋᚷᛁᚢᛖ,273
cerises,14740,0,ᚳᛖᚱᛁᛋᛖᛋ,295
dimwits,14739,0,ᛞᛁᛗᚹᛁᛏᛋ,353
reforge,14732,0,ᚱᛖᚠᚩᚱᚷᛖ,182
lernaean,14719,0,ᛚᛖᚱᚾᚫᚪᚾ,407
refuels,14718,0,ᚱᛖᚠᚢᛖᛚᛋ,276
yieldings,14712,0,ᚣᛁᛖᛚᛞᛝᛋ,495
dombeya,14710,0,ᛞᚩᛗᛒᛖᚣᚪ,495
canacee,14709,0,ᚳᚪᚾᚪᚳᛖᛖ,383
palmful,14708,0,ᛈᚪᛚᛗᚠᚢᛚ,362
remotion,14705,0,ᚱᛖᛗᚩᛏᛡᚾ,351
sweatbox,14703,0,ᛋᚹᛠᛏᛒᚩᛉ,355
eponymy,14691,0,ᛖᛈᚩᚾᚣᛗᚣ,423
ecdyses,14689,0,ᛖᚳᛞᚣᛋᛖᛋ,445
crewels,14681,0,ᚳᚱᛖᚹᛖᛚᛋ,303
alphard,14679,0,ᚪᛚᛈᚻᚪᚱᛞ,433
appulse,14678,0,ᚪᛈᛈᚢᛚᛋᛖ,379
misdoers,14655,0,ᛗᛁᛋᛞᛟᚱᛋ,391
flossed,14650,0,ᚠᛚᚩᛋᛋᛖᛞ,344
noyades,14645,0,ᚾᚩᚣᚪᛞᛖᛋ,445
chrisma,14625,0,ᚳᚻᚱᛁᛋᛗᚪ,299
asquint,14611,0,ᚪᛋᚳᚹᛁᚾᛏ,301
swabber,14606,0,ᛋᚹᚪᛒᛒᛖᚱ,369
sciaenid,14605,0,ᛋᚳᛡᛖᚾᛁᛞ,389
dispend,14602,0,ᛞᛁᛋᛈᛖᚾᛞ,401
jacinths,14590,0,ᛂᚪᚳᛁᚾᚦᛋ,265
abought,14589,0,ᚪᛒᚩᚢᚷᚻᛏ,267
autocue,14565,0,ᚪᚢᛏᚩᚳᚢᛖ,249
hylodes,14558,0,ᚻᚣᛚᚩᛞᛖᛋ,415
wabbled,14553,0,ᚹᚪᛒᛒᛚᛖᛞ,467
maenalus,14547,0,ᛗᚫᚾᚪᛚᚢᛋ,427
grayest,14511,0,ᚷᚱᚪᚣᛖᛋᛏ,407
spumoni,14510,0,ᛋᛈᚢᛗᚩᚾᛁ,237
houghed,14508,0,ᚻᚩᚢᚷᚻᛖᛞ,229
noyance,14507,0,ᚾᚩᚣᚪᚾᚳᛖ,345
provant,14503,0,ᛈᚱᚩᚢᚪᚾᛏ,249
mooneye,14499,0,ᛗᚩᚩᚾᛖᚣᛖ,351
drabber,14499,0,ᛞᚱᚪᛒᛒᛖᚱ,397
unbarring,14488,0,ᚢᚾᛒᚪᚱᚱᛝ,291
tomfool,14488,0,ᛏᚩᛗᚠᚩᚩᛚ,226
uncurls,14476,0,ᚢᚾᚳᚢᚱᛚᛋ,185
chorions,14472,0,ᚳᚻᚩᚱᛡᚾᛋ,243
pinchings,14463,0,ᛈᛁᚾᚳᚻᛝᛋ,271
outvied,14456,0,ᚩᚢᛏᚢᛁᛖᛞ,259
dawdler,14452,0,ᛞᚪᚹᛞᛚᛖᚱ,445
flurrying,14446,0,ᚠᛚᚢᚱᚱᚣᛝ,282
punkins,14438,0,ᛈᚢᚾᚳᛁᚾᛋ,201
nonagon,14431,0,ᚾᚩᚾᚪᚷᚩᚾ,215
latilla,14415,0,ᛚᚪᛏᛁᛚᛚᚪ,503
tassets,14404,0,ᛏᚪᛋᛋᛖᛏᛋ,441
curveting,14395,0,ᚳᚢᚱᚢᛖᛏᛝ,235
emaciating,14346,0,ᛖᛗᚪᚳᛡᛏᛝ,493
adulate,14346,0,ᚪᛞᚢᛚᚪᛏᛖ,485
foxhunt,14339,0,ᚠᚩᛉᚻᚢᚾᛏ,170
isogamy,14324,0,ᛁᛋᚩᚷᚪᛗᚣ,379
fancily,14323,0,ᚠᚪᚾᚳᛁᛚᚣ,348
corvine,14322,0,ᚳᚩᚱᚢᛁᚾᛖ,161
daysman,14313,0,ᛞᚪᚣᛋᛗᚪᚾ,539
overbuy,14311,0,ᚩᚢᛖᚱᛒᚢᚣ,255
glommed,14304,0,ᚷᛚᚩᛗᛗᛖᛞ,395
thiazines,14301,0,ᚦᛡᛋᛁᚾᛖᛋ,345
glaives,14293,0,ᚷᛚᚪᛁᚢᛖᛋ,341
aestival,14292,0,ᚫᛋᛏᛁᚢᚪᛚ,417
prisoning,14290,0,ᛈᚱᛁᛋᚩᚾᛝ,253
argyles,14285,0,ᚪᚱᚷᚣᛚᛖᛋ,421
fulgora,14279,0,ᚠᚢᛚᚷᚩᚱᚪ,210
warfaring,14269,0,ᚹᚪᚱᚠᚪᚱᛝ,316
gasbags,14269,0,ᚷᚪᛋᛒᚪᚷᛋ,395
dianoetic,14259,0,ᛞᛡᚾᛟᛏᛁᚳ,411
floozie,14255,0,ᚠᛚᚩᚩᛋᛁᛖ,240
dabblings,14243,0,ᛞᚪᛒᛒᛚᛝᛋ,513
arctiid,14232,0,ᚪᚱᚳᛏᛁᛁᛞ,331
rectums,14229,0,ᚱᛖᚳᛏᚢᛗᛋ,277
lotharios,14221,0,ᛚᚩᚦᚪᚱᛡᛋ,353
gallous,14218,0,ᚷᚪᛚᛚᚩᚢᛋ,323
etymons,14209,0,ᛖᛏᚣᛗᚩᚾᛋ,389
piscinae,14206,0,ᛈᛁᛋᚳᛁᚾᚫ,301
moneses,14206,0,ᛗᚩᚾᛖᛋᛖᛋ,347
lunkhead,14198,0,ᛚᚢᚾᚳᚻᛠᛞ,339
jingoists,14196,0,ᛂᛝᚩᛁᛋᛏᛋ,319
weevers,14193,0,ᚹᛖᛖᚢᛖᚱᛋ,287
cackler,14193,0,ᚳᚪᚳᚳᛚᛖᚱ,287
uncorks,14170,0,ᚢᚾᚳᚩᚱᚳᛋ,129
gauntly,14163,0,ᚷᚪᚢᚾᛏᛚᚣ,381
buccina,14160,0,ᛒᚢᚳᚳᛁᚾᚪ,247
lignage,14144,0,ᛚᛁᚷᚾᚪᚷᛖ,331
playbox,14140,0,ᛈᛚᚪᚣᛒᚩᛉ,431
oversew,14139,0,ᚩᚢᛖᚱᛋᛖᚹ,227
orphaning,14134,0,ᚩᚱᛈᚻᚪᚾᛝ,289
linkups,14131,0,ᛚᛁᚾᚳᚢᛈᛋ,245
cattier,14130,0,ᚳᚪᛏᛏᛁᛖᚱ,337
sodgers,14129,0,ᛋᚩᛞᚷᛖᚱᛋ,297
eyelike,14116,0,ᛖᚣᛖᛚᛁᚳᛖ,421
stingiest,14111,0,ᛋᛏᛝᛁᛖᛋᛏ,401
whereout,14103,0,ᚹᚻᛖᚱᛇᚢᛏ,223
nauseant,14101,0,ᚾᚪᚢᛋᛠᚾᛏ,379
moneron,14071,0,ᛗᚩᚾᛖᚱᚩᚾ,221
diaphane,14060,0,ᛞᛡᛈᚻᚪᚾᛖ,455
ruddily,14056,0,ᚱᚢᛞᛞᛁᛚᚣ,399
incests,14048,0,ᛁᚾᚳᛖᛋᛏᛋ,305
ginglymus,14048,0,ᚷᛝᛚᚣᛗᚢᛋ,399
moidore,14023,0,ᛗᚩᛁᛞᚩᚱᛖ,283
bucksaw,14023,0,ᛒᚢᚳᚳᛋᚪᚹ,259
compast,14016,0,ᚳᚩᛗᛈᚪᛋᛏ,343
jacamar,14006,0,ᛂᚪᚳᚪᛗᚪᚱ,423
unladed,14005,0,ᚢᚾᛚᚪᛞᛖᛞ,447
bedlams,13997,0,ᛒᛖᛞᛚᚪᛗᛋ,511
upstair,13993,0,ᚢᛈᛋᛏᚪᛁᚱ,297
curvets,13991,0,ᚳᚢᚱᚢᛖᛏᛋ,209
moultings,13989,0,ᛗᚩᚢᛚᛏᛝᛋ,345
reposit,13981,0,ᚱᛖᛈᚩᛋᛁᛏ,271
ailette,13976,0,ᚪᛁᛚᛖᛏᛏᛖ,453
wounder,13965,0,ᚹᚩᚢᚾᛞᛖᚱ,225
wallies,13960,0,ᚹᚪᛚᛚᛁᛖᛋ,413
gumshoes,13959,0,ᚷᚢᛗᛋᚻᛟᛋ,303
stovers,13955,0,ᛋᛏᚩᚢᛖᚱᛋ,253
bocconia,13955,0,ᛒᚩᚳᚳᚩᚾᛡ,237
stretti,13950,0,ᛋᛏᚱᛖᛏᛏᛁ,339
unhasting,13948,0,ᚢᚾᚻᚪᛋᛏᛝ,343
vexedly,13943,0,ᚢᛖᛉᛖᛞᛚᚣ,449
rumples,13935,0,ᚱᚢᛗᛈᛚᛖᛋ,321
cryonic,13926,0,ᚳᚱᚣᚩᚾᛁᚳ,207
scutter,13919,0,ᛋᚳᚢᛏᛏᛖᚱ,265
rechange,13908,0,ᚱᛖᚳᚻᚪᛝᛖ,357
stammel,13906,0,ᛋᛏᚪᛗᛗᛖᛚ,491
aggrade,13905,0,ᚪᚷᚷᚱᚪᛞᛖ,395
attonce,13903,0,ᚪᛏᛏᚩᚾᚳᛖ,331
tompions,13901,0,ᛏᚩᛗᛈᛡᚾᛋ,369
hoagies,13888,0,ᚻᚩᚪᚷᛁᛖᛋ,295
zillahs,13887,0,ᛋᛁᛚᛚᚪᚻᛋ,403
bracteal,13882,0,ᛒᚱᚪᚳᛏᛠᛚ,423
cowhage,13858,0,ᚳᚩᚹᚻᚪᚷᛖ,243
unstack,13852,0,ᚢᚾᛋᛏᚪᚳᚳ,267
stayres,13847,0,ᛋᛏᚪᚣᚱᛖᛋ,443
alaskas,13847,0,ᚪᛚᚪᛋᚳᚪᛋ,483
exigeant,13834,0,ᛖᛉᛁᚷᛠᚾᛏ,359
epigeic,13819,0,ᛖᛈᛁᚷᛖᛁᚳ,269
bubbies,13819,0,ᛒᚢᛒᛒᛁᛖᛋ,337
outlaid,13811,0,ᚩᚢᛏᛚᚪᛁᛞ,359
jalouse,13811,0,ᛂᚪᛚᚩᚢᛋᛖ,337
oxyacid,13809,0,ᚩᛉᚣᚪᚳᛁᛞ,387
hobbist,13798,0,ᚻᚩᛒᛒᛁᛋᛏ,295
insnare,13789,0,ᛁᚾᛋᚾᚪᚱᛖ,317
marrowy,13781,0,ᛗᚪᚱᚱᚩᚹᚣ,319
breacher,13773,0,ᛒᚱᛠᚳᚻᛖᚱ,295
outgoers,13757,0,ᚩᚢᛏᚷᛟᚱᛋ,233
granate,13754,0,ᚷᚱᚪᚾᚪᛏᛖ,377
unbated,13746,0,ᚢᚾᛒᚪᛏᛖᛞ,405
enplane,13736,0,ᛖᚾᛈᛚᚪᚾᛖ,405
komatik,13705,0,ᚳᚩᛗᚪᛏᛁᚳ,291
backsaw,13689,0,ᛒᚪᚳᚳᛋᚪᚹ,353
coalmen,13671,0,ᚳᚩᚪᛚᛗᛖᚾ,357
trompes,13658,0,ᛏᚱᚩᛗᛈᛖᛋ,311
pillock,13652,0,ᛈᛁᛚᛚᚩᚳᚳ,253
friseur,13646,0,ᚠᚱᛁᛋᛖᚢᚱ,178
lingerers,13645,0,ᛚᛝᛖᚱᛖᚱᛋ,361
tindals,13632,0,ᛏᛁᚾᛞᚪᛚᛋ,431
optimes,13628,0,ᚩᛈᛏᛁᛗᛖᛋ,331
tumblings,13619,0,ᛏᚢᛗᛒᛚᛝᛋ,399
comarum,13597,0,ᚳᚩᛗᚪᚱᚢᛗ,273
mousers,13588,0,ᛗᚩᚢᛋᛖᚱᛋ,265
sashays,13577,0,ᛋᚪᛋᚻᚪᚣᛋ,479
legated,13577,0,ᛚᛖᚷᚪᛏᛖᛞ,469
mickeys,13576,0,ᛗᛁᚳᚳᛖᚣᛋ,351
unthawed,13572,0,ᚢᚾᚦᚪᚹᛖᛞ,309
meatiest,13572,0,ᛗᛠᛏᛁᛖᛋᛏ,449
zappers,13569,0,ᛋᚪᛈᛈᛖᚱᛋ,367
bodeful,13556,0,ᛒᚩᛞᛖᚠᚢᛚ,302
metrist,13540,0,ᛗᛖᛏᚱᛁᛋᛏ,351
sneakingly,13525,0,ᛋᚾᛠᚳᛝᛚᚣ,459
vaurien,13518,0,ᚢᚪᚢᚱᛁᛖᚾ,241
sabbatia,13512,0,ᛋᚪᛒᛒᚪᛏᛡ,535
ameslan,13501,0,ᚪᛗᛖᛋᛚᚪᚾ,487
resawed,13492,0,ᚱᛖᛋᚪᚹᛖᛞ,403
rundlet,13486,0,ᚱᚢᚾᛞᛚᛖᛏ,331
wimpish,13484,0,ᚹᛁᛗᛈᛁᛋᚻ,271
scunner,13478,0,ᛋᚳᚢᚾᚾᛖᚱ,205
geophagia,13478,0,ᚷᛇᛈᚻᚪᚷᛡ,345
cannier,13460,0,ᚳᚪᚾᚾᛁᛖᚱ,277
plowers,13459,0,ᛈᛚᚩᚹᛖᚱᛋ,273
rosined,13434,0,ᚱᚩᛋᛁᚾᛖᛞ,287
flowingly,13424,0,ᚠᛚᚩᚹᛝᛚᚣ,356
tenners,13415,0,ᛏᛖᚾᚾᛖᚱᛋ,315
plashet,13394,0,ᛈᛚᚪᛋᚻᛖᛏ,415
pompions,13387,0,ᛈᚩᛗᛈᛡᚾᛋ,353
martyring,13385,0,ᛗᚪᚱᛏᚣᚱᛝ,431
hobnobs,13379,0,ᚻᚩᛒᚾᚩᛒᛋ,241
russify,13369,0,ᚱᚢᛋᛋᛁᚠᚣ,256
repacks,13368,0,ᚱᛖᛈᚪᚳᚳᛋ,297
unvoted,13348,0,ᚢᚾᚢᚩᛏᛖᛞ,257
bidarka,13342,0,ᛒᛁᛞᚪᚱᚳᚪ,399
moodier,13334,0,ᛗᚩᚩᛞᛁᛖᚱ,283
enviers,13334,0,ᛖᚾᚢᛁᛖᚱᛋ,261
endevor,13316,0,ᛖᚾᛞᛖᚢᚩᚱ,273
ravelings,13312,0,ᚱᚪᚢᛖᛚᛝᛋ,383
resending,13311,0,ᚱᛖᛋᛖᚾᛞᛝ,395
bearward,13310,0,ᛒᛠᚱᚹᚪᚱᛞ,397
criminy,13297,0,ᚳᚱᛁᛗᛁᚾᚣ,289
embosom,13290,0,ᛖᛗᛒᚩᛋᚩᛗ,337
hubbies,13288,0,ᚻᚢᛒᛒᛁᛖᛋ,299
spongier,13282,0,ᛋᛈᚩᛝᛁᛖᚱ,291
enanthem,13278,0,ᛖᚾᚪᚾᚦᛖᛗ,365
gedeckt,13276,0,ᚷᛖᛞᛖᚳᚳᛏ,325
colmans,13274,0,ᚳᚩᛚᛗᚪᚾᛋ,343
silenes,13268,0,ᛋᛁᛚᛖᚾᛖᛋ,373
demurer,13263,0,ᛞᛖᛗᚢᚱᛖᚱ,319
nougats,13255,0,ᚾᚩᚢᚷᚪᛏᛋ,265
goodmen,13247,0,ᚷᚩᚩᛞᛗᛖᚾ,287
plaiter,13236,0,ᛈᛚᚪᛁᛏᛖᚱ,381
murdrum,13235,0,ᛗᚢᚱᛞᚱᚢᛗ,259
plosions,13231,0,ᛈᛚᚩᛋᛡᚾᛋ,365
trigynia,13230,0,ᛏᚱᛁᚷᚣᚾᛡ,357
regalias,13218,0,ᚱᛖᚷᚪᛚᛡᛋ,425
proxeny,13216,0,ᛈᚱᚩᛉᛖᚾᚣ,307
cliquey,13212,0,ᚳᛚᛁᚳᚹᛖᚣ,319
dustily,13210,0,ᛞᚢᛋᛏᛁᛚᚣ,411
washpot,13209,0,ᚹᚪᛋᚻᛈᚩᛏ,301
libbard,13206,0,ᛚᛁᛒᛒᚪᚱᛞ,423
blethering,13180,0,ᛒᛚᛖᚦᛖᚱᛝ,363
gaunter,13173,0,ᚷᚪᚢᚾᛏᛖᚱ,283
digrams,13168,0,ᛞᛁᚷᚱᚪᛗᛋ,369
delouse,13168,0,ᛞᛖᛚᚩᚢᛋᛖ,359
fantast,13167,0,ᚠᚪᚾᛏᚪᛋᛏ,396
unionise,13163,0,ᚢᚾᛡᚾᛁᛋᛖ,319
baldies,13131,0,ᛒᚪᛚᛞᛁᛖᛋ,471
fledges,13120,0,ᚠᛚᛖᛞᚷᛖᛋ,368
duddies,13112,0,ᛞᚢᛞᛞᛁᛖᛋ,421
botulin,13109,0,ᛒᚩᛏᚢᛚᛁᚾ,263
rattery,13101,0,ᚱᚪᛏᛏᛖᚱᚣ,407
braunch,13100,0,ᛒᚱᚪᚢᚾᚳᚻ,237
bluffly,13096,0,ᛒᛚᚢᚠᚠᛚᚣ,317
brinish,13086,0,ᛒᚱᛁᚾᛁᛋᚻ,239
boscage,13078,0,ᛒᚩᛋᚳᚪᚷᛖ,315
pemican,13076,0,ᛈᛖᛗᛁᚳᚪᚾ,351
enations,13070,0,ᛖᚾᚪᛏᛡᚾᛋ,441
shallus,13062,0,ᛋᚻᚪᛚᛚᚢᛋ,375
dobsons,13058,0,ᛞᚩᛒᛋᚩᚾᛋ,299
sapremia,13048,0,ᛋᚪᛈᚱᛖᛗᛡ,449
tegmine,13047,0,ᛏᛖᚷᛗᛁᚾᛖ,341
acridly,13044,0,ᚪᚳᚱᛁᛞᛚᚣ,417
witherings,13042,0,ᚹᛁᚦᛖᚱᛝᛋ,265
hatchel,13030,0,ᚻᚪᛏᚳᚻᛖᛚ,355
sobralia,13027,0,ᛋᚩᛒᚱᚪᛚᛡ,409
sackers,13018,0,ᛋᚪᚳᚳᛖᚱᛋ,307
tympans,13017,0,ᛏᚣᛗᛈᚪᚾᛋ,455
moriche,13008,0,ᛗᚩᚱᛁᚳᚻᛖ,223
giggler,13003,0,ᚷᛁᚷᚷᛚᛖᚱ,233
gnawers,12998,0,ᚷᚾᚪᚹᛖᚱᛋ,293
eirenic,12981,0,ᛖᛁᚱᛖᚾᛁᚳ,249
pigfish,12971,0,ᛈᛁᚷᚠᛁᛋᚻ,200
chartas,12968,0,ᚳᚻᚪᚱᛏᚪᛋ,353
godsons,12965,0,ᚷᚩᛞᛋᚩᚾᛋ,255
headlike,12959,0,ᚻᛠᛞᛚᛁᚳᛖ,405
krakens,12952,0,ᚳᚱᚪᚳᛖᚾᛋ,283
whirlings,12949,0,ᚹᚻᛁᚱᛚᛝᛋ,289
drossel,12945,0,ᛞᚱᚩᛋᛋᛖᛚ,353
haggler,12943,0,ᚻᚪᚷᚷᛚᛖᚱ,305
percher,12942,0,ᛈᛖᚱᚳᚻᛖᚱ,235
dumpish,12939,0,ᛞᚢᛗᛈᛁᛋᚻ,313
donjons,12937,0,ᛞᚩᚾᛂᚩᚾᛋ,251
lovably,12936,0,ᛚᚩᚢᚪᛒᛚᚣ,417
fawningly,12930,0,ᚠᚪᚹᚾᛝᛚᚣ,402
effuses,12903,0,ᛖᚠᚠᚢᛋᛖᛋ,247
bawbees,12893,0,ᛒᚪᚹᛒᛖᛖᛋ,425
kowtows,12884,0,ᚳᚩᚹᛏᚩᚹᛋ,177
judsons,12877,0,ᛂᚢᛞᛋᚩᚾᛋ,271
unaimed,12871,0,ᚢᚾᚪᛁᛗᛖᛞ,387
fumbler,12867,0,ᚠᚢᛗᛒᛚᛖᚱ,288
untiled,12864,0,ᚢᚾᛏᛁᛚᛖᛞ,351
spoutings,12854,0,ᛋᛈᚩᚢᛏᛝᛋ,297
clivers,12847,0,ᚳᛚᛁᚢᛖᚱᛋ,251
sighter,12845,0,ᛋᛁᚷᚻᛏᛖᚱ,261
scrawly,12830,0,ᛋᚳᚱᚪᚹᛚᚣ,369
spatted,12829,0,ᛋᛈᚪᛏᛏᛖᛞ,467
flappings,12827,0,ᚠᛚᚪᛈᛈᛝᛋ,390
pandore,12826,0,ᛈᚪᚾᛞᚩᚱᛖ,343
decerning,12808,0,ᛞᛖᚳᛖᚱᚾᛝ,355
tirolean,12792,0,ᛏᛁᚱᚩᛚᛠᚾ,319
genoise,12792,0,ᚷᛖᚾᚩᛁᛋᛖ,271
epochas,12789,0,ᛖᛈᚩᚳᚻᚪᛋ,303
goldbug,12787,0,ᚷᚩᛚᛞᛒᚢᚷ,267
eudaemon,12787,0,ᛖᚢᛞᚫᛗᚩᚾ,367
cloughs,12783,0,ᚳᛚᚩᚢᚷᚻᛋ,189
cachous,12776,0,ᚳᚪᚳᚻᚩᚢᛋ,209
precaria,12775,0,ᛈᚱᛖᚳᚪᚱᛡ,349
taximan,12762,0,ᛏᚪᛉᛁᛗᚪᚾ,431
maltmen,12725,0,ᛗᚪᛚᛏᛗᛖᚾ,467
forlore,12723,0,ᚠᚩᚱᛚᚩᚱᛖ,178
hoydens,12719,0,ᚻᚩᚣᛞᛖᚾᛋ,371
wedgies,12711,0,ᚹᛖᛞᚷᛁᛖᛋ,343
bicorne,12705,0,ᛒᛁᚳᚩᚱᚾᛖ,219
surbase,12701,0,ᛋᚢᚱᛒᚪᛋᛖ,345
coldish,12687,0,ᚳᚩᛚᛞᛁᛋᚻ,289
gibbeting,12686,0,ᚷᛁᛒᛒᛖᛏᛝ,375
dardani,12684,0,ᛞᚪᚱᛞᚪᚾᛁ,443
voodoos,12672,0,ᚢᚩᚩᛞᚩᚩᛋ,173
dejects,12660,0,ᛞᛖᛂᛖᚳᛏᛋ,385
swashes,12631,0,ᛋᚹᚪᛋᚻᛖᛋ,365
dockhead,12625,0,ᛞᚩᚳᚳᚻᛠᛞ,343
shaveling,12623,0,ᛋᚻᚪᚢᛖᛚᛝ,395
cunners,12620,0,ᚳᚢᚾᚾᛖᚱᛋ,205
imponed,12608,0,ᛁᛗᛈᚩᚾᛖᛞ,337
galileos,12606,0,ᚷᚪᛚᛁᛚᛇᛋ,385
staidly,12589,0,ᛋᛏᚪᛁᛞᛚᚣ,505
chivied,12582,0,ᚳᚻᛁᚢᛁᛖᛞ,257
parlays,12573,0,ᛈᚪᚱᛚᚪᚣᛋ,477
ebauche,12572,0,ᛖᛒᚪᚢᚳᚻᛖ,331
euchred,12568,0,ᛖᚢᚳᚻᚱᛖᛞ,273
leadsmen,12558,0,ᛚᛠᛞᛋᛗᛖᚾ,491
frappes,12547,0,ᚠᚱᚪᛈᛈᛖᛋ,316
ingatherings,12542,0,ᛝᚪᚦᛖᚱᛝᛋ,391
eyedrop,12534,0,ᛖᚣᛖᛞᚱᚩᛈ,387
blendes,12527,0,ᛒᛚᛖᚾᛞᛖᛋ,439
totient,12519,1,ᛏᚩᛏᛁᛖᚾᛏ,311
stymieing,12519,0,ᛋᛏᚣᛗᛁᛖᛝ,463
chimbly,12519,0,ᚳᚻᛁᛗᛒᛚᚣ,375
failles,12501,0,ᚠᚪᛁᛚᛚᛖᛋ,396
tyrones,12469,0,ᛏᚣᚱᚩᚾᛖᛋ,329
dishful,12464,0,ᛞᛁᛋᚻᚠᚢᛚ,274
zecchin,12457,0,ᛋᛖᚳᚳᚻᛁᚾ,229
powwowing,12443,0,ᛈᚩᚹᚹᚩᚹᛝ,193
yodeled,12442,0,ᚣᚩᛞᛖᛚᛖᛞ,495
greasier,12430,0,ᚷᚱᛠᛋᛁᛖᚱ,299
laqueus,12424,0,ᛚᚪᚳᚹᛖᚢᛋ,325
untaped,12420,0,ᚢᚾᛏᚪᛈᛖᛞ,387
poppied,12409,0,ᛈᚩᛈᛈᛁᛖᛞ,323
spillings,12404,0,ᛋᛈᛁᛚᛚᛝᛋ,405
capriole,12391,0,ᚳᚪᛈᚱᛡᛚᛖ,411
boogies,12390,0,ᛒᚩᚩᚷᛁᛖᛋ,243
rattrap,12383,0,ᚱᚪᛏᛏᚱᚪᛈ,377
rattlings,12378,0,ᚱᚪᛏᛏᛚᛝᛋ,431
workbag,12373,0,ᚹᚩᚱᚳᛒᚪᚷ,225
podlike,12372,0,ᛈᚩᛞᛚᛁᚳᛖ,323
lousier,12357,0,ᛚᚩᚢᛋᛁᛖᚱ,245
rewords,12346,0,ᚱᛖᚹᚩᚱᛞᛋ,257
iodinating,12340,0,ᛡᛞᛁᚾᚪᛏᛝ,491
tungusian,12330,0,ᛏᚢᛝᚢᛋᛡᚾ,333
recured,12316,0,ᚱᛖᚳᚢᚱᛖᛞ,261
spheares,12315,0,ᛋᛈᚻᛠᚱᛖᛋ,359
senecios,12315,0,ᛋᛖᚾᛖᚳᛡᛋ,389
fretsaw,12307,0,ᚠᚱᛖᛏᛋᚪᚹ,308
beldams,12293,0,ᛒᛖᛚᛞᚪᛗᛋ,511
bedizen,12287,0,ᛒᛖᛞᛁᛋᛖᚾ,397
idolising,12282,0,ᛁᛞᚩᛚᛁᛋᛝ,363
fishier,12281,0,ᚠᛁᛋᚻᛁᛖᚱ,218
wrongest,12278,0,ᚹᚱᚩᛝᛖᛋᛏ,295
adorant,12273,0,ᚪᛞᚩᚱᚪᚾᛏ,389
wrastling,12250,0,ᚹᚱᚪᛋᛏᛚᛝ,391
readapting,12245,0,ᚱᛠᛞᚪᛈᛏᛝ,487
pettily,12243,0,ᛈᛖᛏᛏᛁᛚᚣ,435
weariful,12242,0,ᚹᛠᚱᛁᚠᚢᛚ,248
gullery,12238,0,ᚷᚢᛚᛚᛖᚱᚣ,347
ribalds,12228,0,ᚱᛁᛒᚪᛚᛞᛋ,415
petties,12227,0,ᛈᛖᛏᛏᛁᛖᛋ,379
slivering,12221,0,ᛋᛚᛁᚢᛖᚱᛝ,317
cierges,12217,0,ᚳᛁᛖᚱᚷᛖᛋ,259
soggarth,12213,0,ᛋᚩᚷᚷᚪᚱᚦ,207
basined,12213,0,ᛒᚪᛋᛁᚾᛖᛞ,427
parader,12206,0,ᛈᚪᚱᚪᛞᛖᚱ,415
medusan,12201,0,ᛗᛖᛞᚢᛋᚪᚾ,409
henleys,12198,0,ᚻᛖᚾᛚᛖᚣᛋ,415
lewdest,12190,0,ᛚᛖᚹᛞᛖᛋᛏ,427
clootie,12190,0,ᚳᛚᚩᚩᛏᛁᛖ,257
sordini,12185,0,ᛋᚩᚱᛞᛁᚾᛁ,251
claques,12179,0,ᚳᛚᚪᚳᚹᛖᛋ,335
guidman,12178,0,ᚷᚢᛁᛞᛗᚪᚾ,337
drapped,12176,0,ᛞᚱᚪᛈᛈᛖᛞ,439
gumboil,12157,0,ᚷᚢᛗᛒᚩᛁᛚ,263
cladode,12152,0,ᚳᛚᚪᛞᚩᛞᛖ,435
snoozes,12145,0,ᛋᚾᚩᚩᛋᛖᛋ,269
fierily,12143,0,ᚠᛁᛖᚱᛁᛚᚣ,318
unclothe,12140,0,ᚢᚾᚳᛚᚩᚦᛖ,197
pituita,12139,0,ᛈᛁᛏᚢᛁᛏᚪ,323
clitter,12126,0,ᚳᛚᛁᛏᛏᛖᚱ,313
shittah,12115,0,ᛋᚻᛁᛏᛏᚪᚻ,345
banally,12110,0,ᛒᚪᚾᚪᛚᛚᚣ,533
unheaded,12109,0,ᚢᚾᚻᛠᛞᛖᛞ,409
picaros,12105,0,ᛈᛁᚳᚪᚱᚩᛋ,255
hogskin,12101,0,ᚻᚩᚷᛋᚳᛁᚾ,173
meeters,12091,0,ᛗᛖᛖᛏᛖᚱᛋ,395
indenes,12085,0,ᛁᚾᛞᛖᚾᛖᛋ,365
dispread,12084,0,ᛞᛁᛋᛈᚱᛠᛞ,425
lugsail,12075,0,ᛚᚢᚷᛋᚪᛁᛚ,347
feedbag,12068,0,ᚠᛖᛖᛞᛒᚪᚷ,400
maleates,12061,0,ᛗᚪᛚᛠᛏᛖᛋ,529
doggery,12060,0,ᛞᚩᚷᚷᛖᚱᚣ,311
heartleaf,12054,0,ᚻᛠᚱᛏᛚᛠᚠ,386
brabble,12049,0,ᛒᚱᚪᛒᛒᛚᛖ,431
propine,12047,0,ᛈᚱᚩᛈᛁᚾᛖ,231
haunching,12039,0,ᚻᚪᚢᚾᚳᚻᛝ,267
chibouk,12037,0,ᚳᚻᛁᛒᚩᚢᚳ,151
uddered,12033,0,ᚢᛞᛞᛖᚱᛖᛞ,415
acerose,12025,0,ᚪᚳᛖᚱᚩᛋᛖ,315
poliosis,12022,0,ᛈᚩᛚᛡᛋᛁᛋ,367
fecalith,12011,0,ᚠᛖᚳᚪᛚᛁᚦ,288
molossi,12010,0,ᛗᚩᛚᚩᛋᛋᛁ,295
slathers,12009,0,ᛋᛚᚪᚦᛖᚱᛋ,359
ringdoves,12005,0,ᚱᛝᛞᚩᚢᛖᛋ,309
notates,12002,0,ᚾᚩᛏᚪᛏᛖᛋ,371
dickeys,11996,0,ᛞᛁᚳᚳᛖᚣᛋ,369
stonies,11995,0,ᛋᛏᚩᚾᛁᛖᛋ,299
sivaism,11990,0,ᛋᛁᚢᚪᛁᛋᛗ,339
eastmost,11988,0,ᛠᛋᛏᛗᚩᛋᛏ,411
dornock,11984,0,ᛞᚩᚱᚾᚩᚳᚳ,169
outrange,11978,0,ᚩᚢᛏᚱᚪᛝᛖ,323
krasnik,11976,0,ᚳᚱᚪᛋᚾᛁᚳ,247
kippering,11965,0,ᚳᛁᛈᛈᛖᚱᛝ,287
unplugs,11964,0,ᚢᚾᛈᛚᚢᚷᛋ,221
prowlings,11961,0,ᛈᚱᚩᚹᛚᛝᛋ,285
eyecups,11961,0,ᛖᚣᛖᚳᚢᛈᛋ,349
thamesis,11959,0,ᚦᚪᛗᛖᛋᛁᛋ,377
saveloy,11955,0,ᛋᚪᚢᛖᛚᚩᚣ,403
betroths,11955,0,ᛒᛖᛏᚱᚩᚦᛋ,263
dreamier,11953,0,ᛞᚱᛠᛗᛁᛖᚱ,389
reechoes,11938,0,ᚱᛖᛖᚳᚻᛟᛋ,317
perkier,11921,0,ᛈᛖᚱᚳᛁᛖᚱ,243
beadsmen,11918,0,ᛒᛠᛞᛋᛗᛖᚾ,479
singsonged,11912,0,ᛋᛝᛋᚩᛝᛖᛞ,427
deplume,11904,0,ᛞᛖᛈᛚᚢᛗᛖ,413
skirret,11891,0,ᛋᚳᛁᚱᚱᛖᛏ,245
triflings,11884,0,ᛏᚱᛁᚠᛚᛝᛋ,308
indianian,11879,0,ᛁᚾᛞᛡᚾᛡᚾ,421
styward,11875,0,ᛋᛏᚣᚹᚪᚱᛞ,431
churner,11875,0,ᚳᚻᚢᚱᚾᛖᚱ,157
macrons,11871,0,ᛗᚪᚳᚱᚩᚾᛋ,281
behight,11863,0,ᛒᛖᚻᛁᚷᚻᛏ,281
pinkest,11862,0,ᛈᛁᚾᚳᛖᛋᛏ,295
skurrying,11858,0,ᛋᚳᚢᚱᚱᚣᛝ,273
bleeper,11854,0,ᛒᛚᛖᛖᛈᛖᚱ,389
doodler,11852,0,ᛞᚩᚩᛞᛚᛖᚱ,343
minishing,11849,0,ᛗᛁᚾᛁᛋᚻᛝ,317
oilcans,11823,0,ᚩᛁᛚᚳᚪᚾᛋ,303
duramen,11819,0,ᛞᚢᚱᚪᛗᛖᚾ,367
amyclas,11819,0,ᚪᛗᚣᚳᛚᚪᛋ,507
dodgems,11816,0,ᛞᚩᛞᚷᛖᛗᛋ,393
corseting,11808,0,ᚳᚩᚱᛋᛖᛏᛝ,289
fondlings,11796,0,ᚠᚩᚾᛞᛚᛝᛋ,332
duvetyn,11793,0,ᛞᚢᚢᛖᛏᚣᚾ,353
nuncheon,11788,0,ᚾᚢᚾᚳᚻᛇᚾ,167
misplay,11787,0,ᛗᛁᛋᛈᛚᚪᚣ,471
jacinthe,11785,0,ᛂᚪᚳᛁᚾᚦᛖ,279
logroll,11783,0,ᛚᚩᚷᚱᚩᛚᛚ,261
handwear,11772,0,ᚻᚪᚾᛞᚹᛠᚱ,377
foggage,11718,0,ᚠᚩᚷᚷᚪᚷᛖ,224
bugbane,11716,0,ᛒᚢᚷᛒᚪᚾᛖ,335
fabular,11709,0,ᚠᚪᛒᚢᛚᚪᚱ,344
bushtit,11701,0,ᛒᚢᛋᚻᛏᛁᛏ,289
indulto,11696,0,ᛁᚾᛞᚢᛚᛏᚩ,291
descale,11695,0,ᛞᛖᛋᚳᚪᛚᛖ,459
cowfish,11690,0,ᚳᚩᚹᚠᛁᛋᚻ,148
ringbolts,11673,0,ᚱᛝᛒᚩᛚᛏᛋ,343
earthlier,11669,0,ᛠᚱᚦᛚᛁᛖᚱ,307
outfacing,11663,0,ᚩᚢᛏᚠᚪᚳᛝ,260
tournee,11657,0,ᛏᚩᚢᚱᚾᛖᛖ,243
wealthily,11653,0,ᚹᛠᛚᚦᛁᛚᚣ,413
sophies,11631,0,ᛋᚩᛈᚻᛁᛖᛋ,277
dassies,11622,0,ᛞᚪᛋᛋᛁᛖᛋ,443
shipful,11618,0,ᛋᚻᛁᛈᚠᚢᛚ,228
khanjar,11618,0,ᚳᚻᚪᚾᛂᚪᚱ,307
dubbers,11610,0,ᛞᚢᛒᛒᛖᚱᛋ,345
boxthorn,11604,0,ᛒᚩᛉᚦᚩᚱᚾ,167
elkwood,11601,0,ᛖᛚᚳᚹᚩᚩᛞ,275
outvoting,11595,0,ᚩᚢᛏᚢᚩᛏᛝ,217
snortings,11593,0,ᛋᚾᚩᚱᛏᛝᛋ,291
blanque,11582,0,ᛒᛚᚪᚾᚳᚹᛖ,359
mossier,11581,0,ᛗᚩᛋᛋᛁᛖᚱ,293
lappels,11572,0,ᛚᚪᛈᛈᛖᛚᛋ,449
freshed,11563,0,ᚠᚱᛖᛋᚻᛖᛞ,312
knouted,11560,0,ᚳᚾᚩᚢᛏᛖᛞ,267
carnate,11560,0,ᚳᚪᚱᚾᚪᛏᛖ,373
obsequy,11552,0,ᚩᛒᛋᛖᚳᚹᚣ,323
wottest,11547,0,ᚹᚩᛏᛏᛖᛋᛏ,323
rustier,11544,0,ᚱᚢᛋᛏᛁᛖᚱ,235
foggily,11543,0,ᚠᚩᚷᚷᛁᛚᚣ,250
rumelian,11536,0,ᚱᚢᛗᛖᛚᛡᚾ,361
vapidly,11533,0,ᚢᚪᛈᛁᛞᛚᚣ,439
isabels,11531,0,ᛁᛋᚪᛒᛖᛚᛋ,435
cystidea,11530,0,ᚳᚣᛋᛏᛁᛞᛠ,457
cannoning,11530,0,ᚳᚪᚾᚾᚩᚾᛝ,283
respray,11516,0,ᚱᛖᛋᛈᚱᚪᚣ,385
jimminy,11515,0,ᛂᛁᛗᛗᛁᚾᚣ,373
sikerly,11502,0,ᛋᛁᚳᛖᚱᛚᚣ,351
biremes,11495,0,ᛒᛁᚱᛖᛗᛖᛋ,361
tacklings,11493,0,ᛏᚪᚳᚳᛚᛝᛋ,387
daybeds,11486,0,ᛞᚪᚣᛒᛖᛞᛋ,559
beknown,11481,0,ᛒᛖᚳᚾᚩᚹᚾ,225
calaber,11476,0,ᚳᚪᛚᚪᛒᛖᚱ,419
dismals,11474,0,ᛞᛁᛋᛗᚪᛚᛋ,467
maculas,11470,0,ᛗᚪᚳᚢᛚᚪᛋ,407
upshots,11464,0,ᚢᛈᛋᚻᚩᛏᛋ,241
headbutt,11452,0,ᚻᛠᛞᛒᚢᛏᛏ,403
musicks,11446,0,ᛗᚢᛋᛁᚳᚳᛋ,237
worthful,11431,0,ᚹᚩᚱᚦᚠᚢᛚ,120
rissole,11427,0,ᚱᛁᛋᛋᚩᛚᛖ,295
silesias,11425,0,ᛋᛁᛚᛖᛋᛡᛋ,437
susliks,11424,0,ᛋᚢᛋᛚᛁᚳᛋ,279
mistico,11416,0,ᛗᛁᛋᛏᛁᚳᚩ,265
frowsty,11416,0,ᚠᚱᚩᚹᛋᛏᚣ,254
tersest,11412,0,ᛏᛖᚱᛋᛖᛋᛏ,369
hosackia,11411,0,ᚻᚩᛋᚪᚳᚳᛡ,313
bassine,11410,0,ᛒᚪᛋᛋᛁᚾᛖ,391
halidom,11406,0,ᚻᚪᛚᛁᛞᚩᛗ,391
lyncher,11397,0,ᛚᚣᚾᚳᚻᛖᚱ,319
eyetooth,11386,0,ᛖᚣᛖᛏᚩᚩᚦ,315
codlins,11377,0,ᚳᚩᛞᛚᛁᚾᛋ,295
angerona,11370,0,ᚪᛝᛖᚱᚩᚾᚪ,387
unkeyed,11351,0,ᚢᚾᚳᛖᚣᛖᛞ,371
nonfading,11349,0,ᚾᚩᚾᚠᚪᛞᛝ,332
grimier,11328,0,ᚷᚱᛁᛗᛁᛖᚱ,239
treelet,11327,0,ᛏᚱᛖᛖᛚᛖᛏ,403
peafowls,11326,0,ᛈᛠᚠᚩᚹᛚᛋ,306
pretors,11314,0,ᛈᚱᛖᛏᚩᚱᛋ,251
vauntings,11308,0,ᚢᚪᚢᚾᛏᛝᛋ,323
foggier,11290,0,ᚠᚩᚷᚷᛁᛖᚱ,152
eurekas,11290,0,ᛖᚢᚱᛖᚳᚪᛋ,311
deathward,11278,0,ᛞᛠᚦᚹᚪᚱᛞ,419
emigree,11276,0,ᛖᛗᛁᚷᚱᛖᛖ,331
mumbler,11267,0,ᛗᚢᛗᛒᛚᛖᚱ,357
griskin,11265,0,ᚷᚱᛁᛋᚳᛁᚾ,185
poysons,11260,0,ᛈᚩᚣᛋᚩᚾᛋ,295
nephros,11257,0,ᚾᛖᛈᚻᚱᚩᛋ,233
ravined,11250,0,ᚱᚪᚢᛁᚾᛖᛞ,327
riskily,11244,0,ᚱᛁᛋᚳᛁᛚᚣ,315
musimon,11224,0,ᛗᚢᛋᛁᛗᚩᚾ,265
sweetings,11215,0,ᛋᚹᛖᛖᛏᛝᛋ,397
scleras,11215,0,ᛋᚳᛚᛖᚱᚪᛋ,367
paviours,11209,0,ᛈᚪᚢᛡᚢᚱᛋ,317
grinner,11204,0,ᚷᚱᛁᚾᚾᛖᚱ,195
duckpin,11204,0,ᛞᚢᚳᚳᛈᛁᚾ,221
butyrin,11199,0,ᛒᚢᛏᚣᚱᛁᚾ,297
draggling,11198,0,ᛞᚱᚪᚷᚷᛚᛝ,383
choused,11191,0,ᚳᚻᚩᚢᛋᛖᛞ,255
adulating,11188,0,ᚪᛞᚢᛚᚪᛏᛝ,497
dhourra,11180,0,ᛞᚻᚩᚢᚱᚱᚪ,241
frailly,11171,0,ᚠᚱᚪᛁᛚᛚᚣ,390
strafer,11169,0,ᛋᛏᚱᚪᚠᛖᚱ,300
misspeak,11162,0,ᛗᛁᛋᛋᛈᛠᚳ,373
befouls,11155,0,ᛒᛖᚠᚩᚢᛚᛋ,266
unfrock,11145,0,ᚢᚾᚠᚱᚩᚳᚳ,78
jellaba,11139,0,ᛂᛖᛚᛚᚪᛒᚪ,505
tethelin,11128,0,ᛏᛖᚦᛖᛚᛁᚾ,331
sneakier,11114,0,ᛋᚾᛠᚳᛁᛖᚱ,313
smoochy,11111,0,ᛋᛗᚩᚩᚳᚻᚣ,277
brunets,11109,0,ᛒᚱᚢᚾᛖᛏᛋ,283
syncarp,11107,0,ᛋᚣᚾᚳᚪᚱᛈ,349
venially,11105,0,ᚢᛖᚾᛡᛚᛚᚣ,455
schepel,11104,0,ᛋᚳᚻᛖᛈᛖᛚ,339
vanward,11094,0,ᚢᚪᚾᚹᚪᚱᛞ,345
mallees,11083,0,ᛗᚪᛚᛚᛖᛖᛋ,501
devilling,11076,0,ᛞᛖᚢᛁᛚᛚᛝ,415
slowish,11073,0,ᛋᛚᚩᚹᛁᛋᚻ,259
gunters,11072,0,ᚷᚢᚾᛏᛖᚱᛋ,239
raviolis,11054,0,ᚱᚪᚢᛡᛚᛁᛋ,375
anginose,11054,0,ᚪᛝᛁᚾᚩᛋᛖ,363
middays,11047,0,ᛗᛁᛞᛞᚪᚣᛋ,533
ululate,11036,0,ᚢᛚᚢᛚᚪᛏᛖ,375
punkies,10996,0,ᛈᚢᚾᚳᛁᛖᛋ,239
tinsels,10987,0,ᛏᛁᚾᛋᛖᛚᛋ,365
kinkier,10985,0,ᚳᛁᚾᚳᛁᛖᚱ,195
halitus,10982,0,ᚻᚪᛚᛁᛏᚢᛋ,339
aspirer,10982,0,ᚪᛋᛈᛁᚱᛖᚱ,313
bustler,10981,0,ᛒᚢᛋᛏᛚᛖᚱ,327
infract,10980,0,ᛁᚾᚠᚱᚪᚳᛏ,242
sassier,10975,0,ᛋᚪᛋᛋᛁᛖᚱ,365
gruntings,10970,0,ᚷᚱᚢᚾᛏᛝᛋ,251
swisses,10967,0,ᛋᚹᛁᛋᛋᛖᛋ,329
takeouts,10947,0,ᛏᚪᚳᛇᚢᛏᛋ,325
staider,10946,0,ᛋᛏᚪᛁᛞᛖᚱ,407
boucles,10943,0,ᛒᚩᚢᚳᛚᛖᛋ,277
tripart,10940,0,ᛏᚱᛁᛈᚪᚱᛏ,311
decants,10938,0,ᛞᛖᚳᚪᚾᛏᛋ,407
bisters,10936,0,ᛒᛁᛋᛏᛖᚱᛋ,335
muddily,10934,0,ᛗᚢᛞᛞᛁᛚᚣ,459
fealties,10930,0,ᚠᛠᛚᛏᛁᛖᛋ,394
amender,10930,0,ᚪᛗᛖᚾᛞᛖᚱ,431
pliantly,10927,0,ᛈᛚᛡᚾᛏᛚᚣ,487
befooling,10927,0,ᛒᛖᚠᚩᚩᛚᛝ,296
viragoes,10914,0,ᚢᛁᚱᚪᚷᛟᛋ,295
fusspot,10897,0,ᚠᚢᛋᛋᛈᚩᛏ,220
lunarian,10891,0,ᛚᚢᚾᚪᚱᛡᚾ,349
rebuker,10885,0,ᚱᛖᛒᚢᚳᛖᚱ,233
airhole,10882,0,ᚪᛁᚱᚻᚩᛚᛖ,309
tweezed,10875,0,ᛏᚹᛖᛖᛋᛖᛞ,421
gluepot,10857,0,ᚷᛚᚢᛖᛈᚩᛏ,269
straked,10849,0,ᛋᛏᚱᚪᚳᛖᛞ,389
jazzier,10849,0,ᛂᚪᛋᛋᛁᛖᚱ,349
aphesis,10841,0,ᚪᛈᚻᛖᛋᛁᛋ,367
amblers,10841,0,ᚪᛗᛒᛚᛖᚱᛋ,433
unpared,10826,0,ᚢᚾᛈᚪᚱᛖᛞ,339
scruffs,10826,0,ᛋᚳᚱᚢᚠᚠᛋ,137
groaner,10825,0,ᚷᚱᚩᚪᚾᛖᚱ,239
reburying,10782,0,ᚱᛖᛒᚢᚱᚣᛝ,335
pointel,10777,0,ᛈᚩᛁᚾᛏᛖᛚ,309
greyest,10774,0,ᚷᚱᛖᚣᛖᛋᛏ,377
agenesia,10773,0,ᚪᚷᛖᚾᛖᛋᛡ,437
agamids,10767,0,ᚪᚷᚪᛗᛁᛞᛋ,455
cattily,10752,0,ᚳᚪᛏᛏᛁᛚᚣ,435
dewless,10728,0,ᛞᛖᚹᛚᛖᛋᛋ,421
suspire,10726,0,ᛋᚢᛋᛈᛁᚱᛖ,261
fallace,10710,0,ᚠᚪᛚᛚᚪᚳᛖ,422
arnotto,10703,0,ᚪᚱᚾᚩᛏᛏᚩ,269
duodena,10701,0,ᛞᚢᚩᛞᛖᚾᚪ,381
feebled,10690,0,ᚠᛖᛖᛒᛚᛖᛞ,426
sandboy,10689,0,ᛋᚪᚾᛞᛒᚩᚣ,439
thickhead,10678,0,ᚦᛁᚳᚳᚻᛠᛞ,283
tarpons,10665,0,ᛏᚪᚱᛈᚩᚾᛋ,299
tricots,10654,0,ᛏᚱᛁᚳᚩᛏᛋ,233
deskill,10644,0,ᛞᛖᛋᚳᛁᛚᛚ,399
geophyte,10638,0,ᚷᛇᛈᚻᚣᛏᛖ,353
cantala,10631,0,ᚳᚪᚾᛏᚪᛚᚪ,465
anorchia,10614,0,ᚪᚾᚩᚱᚳᚻᛡ,287
unengaging,10612,0,ᚢᚾᛖᛝᚪᚷᛝ,371
carangid,10597,0,ᚳᚪᚱᚪᛝᛁᛞ,417
gabfest,10594,0,ᚷᚪᛒᚠᛖᛋᛏ,356
talliage,10586,0,ᛏᚪᛚᛚᛡᚷᛖ,493
aphetic,10586,0,ᚪᛈᚻᛖᛏᛁᚳ,333
staddle,10585,0,ᛋᛏᚪᛞᛞᛚᛖ,527
prepose,10584,0,ᛈᚱᛖᛈᚩᛋᛖ,291
rattoon,10570,0,ᚱᚪᛏᛏᚩᚩᚾ,269
tattering,10556,0,ᛏᚪᛏᛏᛖᚱᛝ,431
cunninger,10555,0,ᚳᚢᚾᚾᛝᛖᚱ,231
flasket,10549,0,ᚠᛚᚪᛋᚳᛖᛏ,364
tsetses,10542,0,ᛏᛋᛖᛏᛋᛖᛋ,411
gaspers,10536,0,ᚷᚪᛋᛈᛖᚱᛋ,341
dracone,10533,0,ᛞᚱᚪᚳᚩᚾᛖ,313
syphers,10531,0,ᛋᚣᛈᚻᛖᚱᛋ,353
lockmen,10530,0,ᛚᚩᚳᚳᛗᛖᚾ,273
kingliest,10518,0,ᚳᛝᛚᛁᛖᛋᛏ,375
payslip,10514,0,ᛈᚪᚣᛋᛚᛁᛈ,443
zloties,10496,0,ᛋᛚᚩᛏᛁᛖᛋ,343
trapesing,10493,0,ᛏᚱᚪᛈᛖᛋᛝ,409
heshvan,10485,0,ᚻᛖᛋᚻᚢᚪᚾ,295
contuse,10479,0,ᚳᚩᚾᛏᚢᛋᛖ,231
contusing,10470,0,ᚳᚩᚾᛏᚢᛋᛝ,243
immures,10453,0,ᛁᛗᛗᚢᚱᛖᛋ,307
patchings,10442,0,ᛈᚪᛏᚳᚻᛝᛋ,367
camisas,10440,0,ᚳᚪᛗᛁᛋᚪᛋ,415
bilimbi,10419,0,ᛒᛁᛚᛁᛗᛒᛁ,359
gumweed,10410,0,ᚷᚢᛗᚹᛖᛖᛞ,333
keelers,10409,0,ᚳᛖᛖᛚᛖᚱᛋ,351
souldan,10404,0,ᛋᚩᚢᛚᛞᚪᚾ,351
outdraw,10400,0,ᚩᚢᛏᛞᚱᚪᚹ,285
ectasis,10398,0,ᛖᚳᛏᚪᛋᛁᛋ,373
busbies,10374,0,ᛒᚢᛋᛒᛁᛖᛋ,329
coevally,10373,0,ᚳᛟᚢᚪᛚᛚᚣ,445
puniest,10371,0,ᛈᚢᚾᛁᛖᛋᛏ,285
porched,10369,0,ᛈᚩᚱᚳᚻᛖᛞ,253
tamable,10363,0,ᛏᚪᛗᚪᛒᛚᛖ,525
bullrings,10356,0,ᛒᚢᛚᛚᚱᛝᛋ,353
jaywalk,10352,0,ᛂᚪᚣᚹᚪᛚᚳ,439
dossers,10349,0,ᛞᚩᛋᛋᛖᚱᛋ,333
anorthic,10336,0,ᚪᚾᚩᚱᚦᛁᚳ,193
gabbles,10320,0,ᚷᚪᛒᛒᛚᛖᛋ,429
shophar,10317,0,ᛋᚻᚩᛈᚻᚪᚱ,257
garpike,10310,0,ᚷᚪᚱᛈᛁᚳᛖ,279
moaners,10309,0,ᛗᚩᚪᚾᛖᚱᛋ,335
flummox,10303,0,ᚠᛚᚢᛗᛗᚩᛉ,274
cozener,10302,0,ᚳᚩᛋᛖᚾᛖᚱ,247
plaidie,10293,0,ᛈᛚᚪᛁᛞᛁᛖ,431
gabbler,10293,0,ᚷᚪᛒᛒᛚᛖᚱ,387
onanist,10276,0,ᚩᚾᚪᚾᛁᛋᛏ,305
bewrays,10273,0,ᛒᛖᚹᚱᚪᚣᛋ,411
knelled,10269,0,ᚳᚾᛖᛚᛚᛖᛞ,411
ethnoses,10265,0,ᛖᚦᚾᚩᛋᛖᛋ,281
pitlike,10258,0,ᛈᛁᛏᛚᛁᚳᛖ,317
replier,10254,0,ᚱᛖᛈᛚᛁᛖᚱ,303
dotages,10250,0,ᛞᚩᛏᚪᚷᛖᛋ,389
prinked,10249,0,ᛈᚱᛁᚾᚳᛖᛞ,283
galoots,10241,0,ᚷᚪᛚᚩᚩᛏᛋ,313
swashed,10233,0,ᛋᚹᚪᛋᚻᛖᛞ,401
cullies,10232,0,ᚳᚢᛚᛚᛁᛖᛋ,313
hospitia,10225,0,ᚻᚩᛋᛈᛁᛏᛡ,323
indusial,10219,0,ᛁᚾᛞᚢᛋᛡᛚ,385
boxfish,10211,0,ᛒᚩᛉᚠᛁᛋᚻ,224
guerite,10202,0,ᚷᚢᛖᚱᛁᛏᛖ,255
honorer,10194,0,ᚻᚩᚾᚩᚱᛖᚱ,155
peewees,10190,0,ᛈᛖᛖᚹᛖᛖᛋ,383
octette,10183,0,ᚩᚳᛏᛖᛏᛏᛖ,331
justled,10176,0,ᛂᚢᛋᛏᛚᛖᛞ,381
unjaded,10168,0,ᚢᚾᛂᚪᛞᛖᛞ,411
wappers,10166,0,ᚹᚪᛈᛈᛖᚱᛋ,333
collied,10163,0,ᚳᚩᛚᛚᛁᛖᛞ,353
rustily,10156,0,ᚱᚢᛋᛏᛁᛚᚣ,333
aerogram,10151,0,ᚫᚱᚩᚷᚱᚪᛗ,315
gunshop,10150,0,ᚷᚢᚾᛋᚻᚩᛈ,175
spinals,10141,0,ᛋᛈᛁᚾᚪᛚᛋ,379
maulers,10141,0,ᛗᚪᚢᛚᛖᚱᛋ,375
outvies,10138,0,ᚩᚢᛏᚢᛁᛖᛋ,223
pastier,10137,0,ᛈᚪᛋᛏᛁᛖᚱ,361
fleecer,10137,0,ᚠᛚᛖᛖᚳᛖᚱ,300
veneres,10129,0,ᚢᛖᚾᛖᚱᛖᛋ,297
armures,10124,0,ᚪᚱᛗᚢᚱᛖᛋ,313
singalongs,10118,0,ᛋᛝᚪᛚᚩᛝᛋ,441
endurer,10098,0,ᛖᚾᛞᚢᚱᛖᚱ,277
tribade,10095,0,ᛏᚱᛁᛒᚪᛞᛖ,415
wronghead,10094,0,ᚹᚱᚩᛝᚻᛠᛞ,337
exhumes,10085,0,ᛖᛉᚻᚢᛗᛖᛋ,331
acarids,10082,0,ᚪᚳᚪᚱᛁᛞᛋ,391
outwalk,10074,0,ᚩᚢᛏᚹᚪᛚᚳ,271
tulisan,10073,0,ᛏᚢᛚᛁᛋᚪᚾ,345
deaerate,10072,0,ᛞᛠᛖᚱᚪᛏᛖ,499
bogeyed,10070,0,ᛒᚩᚷᛖᚣᛖᛞ,411
woodier,10066,0,ᚹᚩᚩᛞᛁᛖᚱ,231
torrubia,10048,0,ᛏᚩᚱᚱᚢᛒᛡ,259
scincid,10043,0,ᛋᚳᛁᚾᚳᛁᛞ,259
pinnies,10041,0,ᛈᛁᚾᚾᛁᛖᛋ,283
shouther,10036,0,ᛋᚻᚩᚢᚦᛖᚱ,169
muumuus,10031,0,ᛗᚢᚢᛗᚢᚢᛋ,207
idahoan,10024,0,ᛁᛞᚪᚻᚩᚪᚾ,373
brewage,10024,0,ᛒᚱᛖᚹᚪᚷᛖ,339
threshings,10021,0,ᚦᚱᛖᛋᚻᛝᛋ,291
vacance,10019,0,ᚢᚪᚳᚪᚾᚳᛖ,319
valvule,10000,0,ᚢᚪᛚᚢᚢᛚᛖ,319
brocage,10000,0,ᛒᚱᚩᚳᚪᚷᛖ,273
isogram,9999,0,ᛁᛋᚩᚷᚱᚪᛗ,287
horreum,9991,0,ᚻᚩᚱᚱᛖᚢᛗ,193
trusser,9975,0,ᛏᚱᚢᛋᛋᛖᚱ,257
swounds,9963,0,ᛋᚹᚩᚢᚾᛞᛋ,253
atomise,9959,0,ᚪᛏᚩᛗᛁᛋᛖ,385
scrumpy,9957,0,ᛋᚳᚱᚢᛗᛈᚣ,297
moreish,9954,0,ᛗᚩᚱᛖᛁᛋᚻ,263
sleekit,9951,0,ᛋᛚᛖᛖᚳᛁᛏ,363
violater,9931,0,ᚢᛡᛚᚪᛏᛖᚱ,417
anticks,9930,0,ᚪᚾᛏᛁᚳᚳᛋ,295
bohemias,9927,0,ᛒᚩᚻᛖᛗᛡᛋ,389
onymous,9926,0,ᚩᚾᚣᛗᚩᚢᛋ,273
thisaway,9917,0,ᚦᛁᛋᚪᚹᚪᚣ,405
jugglings,9915,0,ᛂᚢᚷᚷᛚᛝᛋ,279
ratholes,9912,0,ᚱᚪᚦᚩᛚᛖᛋ,313
pierids,9911,0,ᛈᛁᛖᚱᛁᛞᛋ,325
wordier,9907,0,ᚹᚩᚱᛞᛁᛖᚱ,235
drubbings,9904,0,ᛞᚱᚢᛒᛒᛝᛋ,357
staringly,9898,0,ᛋᛏᚪᚱᛝᛚᚣ,475
swiller,9896,0,ᛋᚹᛁᛚᛚᛖᚱ,327
xylosma,9894,0,ᛉᚣᛚᚩᛋᛗᚪ,451
tetrose,9889,0,ᛏᛖᛏᚱᚩᛋᛖ,323
suntrap,9889,0,ᛋᚢᚾᛏᚱᚪᛈ,295
springier,9887,0,ᛋᛈᚱᛝᛁᛖᚱ,295
ribbony,9879,0,ᚱᛁᛒᛒᚩᚾᚣ,303
wolvish,9875,0,ᚹᚩᛚᚢᛁᛋᚻ,209
reputes,9871,0,ᚱᛖᛈᚢᛏᛖᛋ,303
combier,9868,0,ᚳᚩᛗᛒᛁᛖᚱ,261
craniate,9865,0,ᚳᚱᚪᚾᛡᛏᛖ,383
schnook,9864,0,ᛋᚳᚻᚾᚩᚩᚳ,145
hushaby,9859,0,ᚻᚢᛋᚻᚪᛒᚣ,363
irrupts,9840,0,ᛁᚱᚱᚢᛈᛏᛋ,211
newells,9834,0,ᚾᛖᚹᛖᛚᛚᛋ,381
hopples,9831,0,ᚻᚩᛈᛈᛚᛖᛋ,309
dirndls,9825,0,ᛞᛁᚱᚾᛞᛚᛋ,375
shrewed,9820,0,ᛋᚻᚱᛖᚹᛖᛞ,329
seizers,9808,0,ᛋᛖᛁᛋᛖᚱᛋ,335
demount,9807,0,ᛞᛖᛗᚩᚢᚾᛏ,325
playact,9804,0,ᛈᛚᚪᚣᚪᚳᛏ,485
ragment,9779,0,ᚱᚪᚷᛗᛖᚾᛏ,351
chiliast,9754,0,ᚳᚻᛁᛚᛡᛋᛏ,359
helotry,9750,0,ᚻᛖᛚᚩᛏᚱᚣ,343
ogreish,9711,0,ᚩᚷᚱᛖᛁᛋᚻ,209
fatless,9708,0,ᚠᚪᛏᛚᛖᛋᛋ,404
cicalas,9707,0,ᚳᛁᚳᚪᛚᚪᛋ,377
thuswise,9696,0,ᚦᚢᛋᚹᛁᛋᛖ,231
haematic,9695,0,ᚻᚫᛗᚪᛏᛁᚳ,395
scoffings,9692,0,ᛋᚳᚩᚠᚠᛝᛋ,209
squawky,9688,0,ᛋᚳᚹᚪᚹᚳᚣ,317
uncreating,9684,0,ᚢᚾᚳᚱᛠᛏᛝ,303
ullages,9682,0,ᚢᛚᛚᚪᚷᛖᛋ,383
alibied,9679,0,ᚪᛚᛁᛒᛁᛖᛞ,449
abeyant,9674,0,ᚪᛒᛖᚣᚪᚾᛏ,513
cornuto,9663,0,ᚳᚩᚱᚾᚢᛏᚩ,129
croutes,9657,0,ᚳᚱᚩᚢᛏᛖᛋ,213
toothily,9645,0,ᛏᚩᚩᚦᛁᛚᚣ,285
empaled,9645,0,ᛖᛗᛈᚪᛚᛖᛞ,507
thingumbob,9644,0,ᚦᛝᚢᛗᛒᚩᛒ,287
streamings,9644,0,ᛋᛏᚱᛠᛗᛝᛋ,435
craythur,9633,0,ᚳᚱᚪᚣᚦᚢᚱ,243
whilere,9631,0,ᚹᚻᛁᛚᛖᚱᛖ,291
sumless,9628,0,ᛋᚢᛗᛚᛖᛋᛋ,373
keeners,9622,0,ᚳᛖᛖᚾᛖᚱᛋ,307
henpeck,9621,0,ᚻᛖᚾᛈᛖᚳᚳ,255
playday,9619,0,ᛈᛚᚪᚣᛞᚪᚣ,605
stoppit,9614,0,ᛋᛏᚩᛈᛈᛁᛏ,295
portate,9611,0,ᛈᚩᚱᛏᚪᛏᛖ,343
raspingly,9596,0,ᚱᚪᛋᛈᛝᛚᚣ,459
burlier,9583,0,ᛒᚢᚱᛚᛁᛖᚱ,257
unwiser,9576,0,ᚢᚾᚹᛁᛋᛖᚱ,213
valiums,9574,0,ᚢᚪᛚᛁᚢᛗᛋ,331
tartana,9557,0,ᛏᚪᚱᛏᚪᚾᚪ,449
refuter,9548,0,ᚱᛖᚠᚢᛏᛖᚱ,220
scavage,9535,0,ᛋᚳᚪᚢᚪᚷᛖ,347
boughed,9528,0,ᛒᚩᚢᚷᚻᛖᛞ,267
sneerer,9524,0,ᛋᚾᛖᛖᚱᛖᚱ,305
pewters,9521,0,ᛈᛖᚹᛏᛖᚱᛋ,319
hopsack,9520,0,ᚻᚩᛈᛋᚪᚳᚳ,249
jaunted,9516,0,ᛂᚪᚢᚾᛏᛖᛞ,381
polypod,9509,0,ᛈᚩᛚᚣᛈᚩᛞ,365
broider,9506,0,ᛒᚱᚩᛁᛞᛖᚱ,277
tiffins,9504,0,ᛏᛁᚠᚠᛁᚾᛋ,207
schrund,9487,0,ᛋᚳᚻᚱᚢᚾᛞ,221
delivre,9487,0,ᛞᛖᛚᛁᚢᚱᛖ,341
outdrew,9480,0,ᚩᚢᛏᛞᚱᛖᚹ,255
offbeats,9480,0,ᚩᚠᚠᛒᛠᛏᛋ,293
barraging,9476,0,ᛒᚪᚱᚱᚪᚷᛝ,373
outmode,9472,0,ᚩᚢᛏᛗᚩᛞᛖ,303
quadded,9463,0,ᚳᚹᚪᛞᛞᛖᛞ,463
cattalo,9462,0,ᚳᚪᛏᛏᚪᛚᚩ,405
aporosa,9451,0,ᚪᛈᚩᚱᚩᛋᚪ,315
oilbird,9448,0,ᚩᛁᛚᛒᛁᚱᛞ,303
dunnest,9426,0,ᛞᚢᚾᚾᛖᛋᛏ,329
sorrily,9408,0,ᛋᚩᚱᚱᛁᛚᚣ,289
prancings,9408,0,ᛈᚱᚪᚾᚳᛝᛋ,325
rejudge,9407,0,ᚱᛖᛂᚢᛞᚷᛖ,291
heathenry,9400,0,ᚻᛠᚦᛖᚾᚱᚣ,347
outriding,9382,0,ᚩᚢᛏᚱᛁᛞᛝ,279
godpapa,9371,0,ᚷᚩᛞᛈᚪᛈᚪ,393
manacling,9360,0,ᛗᚪᚾᚪᚳᛚᛝ,459
balagan,9355,0,ᛒᚪᛚᚪᚷᚪᚾ,471
foodful,9348,0,ᚠᚩᚩᛞᚠᚢᛚ,183
marsupia,9342,0,ᛗᚪᚱᛋᚢᛈᛡ,385
kermess,9338,0,ᚳᛖᚱᛗᛖᛋᛋ,335
scambling,9324,0,ᛋᚳᚪᛗᛒᛚᛝ,447
sighingly,9323,0,ᛋᛁᚷᚻᛝᛚᚣ,379
atabegs,9317,0,ᚪᛏᚪᛒᛖᚷᛋ,451
emblaze,9316,0,ᛖᛗᛒᛚᚪᛋᛖ,489
scyphus,9314,0,ᛋᚳᚣᛈᚻᚢᛋ,291
clingfish,9313,0,ᚳᛚᛝᚠᛁᛋᚻ,274
diddles,9312,0,ᛞᛁᛞᛞᛚᛖᛋ,491
haltering,9308,0,ᚻᚪᛚᛏᛖᚱᛝ,409
jambosa,9300,0,ᛂᚪᛗᛒᚩᛋᚪ,423
dandles,9299,0,ᛞᚪᚾᛞᛚᛖᛋ,497
flacons,9277,0,ᚠᛚᚪᚳᚩᚾᛋ,274
sprawly,9276,0,ᛋᛈᚱᚪᚹᛚᚣ,399
slangily,9271,0,ᛋᛚᚪᛝᛁᛚᚣ,509
errhine,9268,0,ᛖᚱᚱᚻᛁᚾᛖ,239
sedates,9259,0,ᛋᛖᛞᚪᛏᛖᛋ,485
scanter,9251,0,ᛋᚳᚪᚾᛏᛖᚱ,329
laputan,9249,0,ᛚᚪᛈᚢᛏᚪᚾ,401
winnock,9231,0,ᚹᛁᚾᚾᚩᚳᚳ,141
strokings,9226,0,ᛋᛏᚱᚩᚳᛝᛋ,275
ashcans,9222,0,ᚪᛋᚻᚳᚪᚾᛋ,365
kidders,9219,0,ᚳᛁᛞᛞᛖᚱᛋ,353
planate,9212,0,ᛈᛚᚪᚾᚪᛏᛖ,465
waywode,9204,0,ᚹᚪᚣᚹᚩᛞᛖ,401
springald,9197,0,ᛋᛈᚱᛝᚪᛚᛞ,445
mistype,9196,0,ᛗᛁᛋᛏᚣᛈᛖ,427
zymurgy,9194,0,ᛋᚣᛗᚢᚱᚷᚣ,361
sundogs,9188,0,ᛋᚢᚾᛞᚩᚷᛋ,251
pedlary,9186,0,ᛈᛖᛞᛚᚪᚱᚣ,483
juicily,9179,0,ᛂᚢᛁᚳᛁᛚᚣ,291
alfaqui,9168,0,ᚪᛚᚠᚪᚳᚹᛁ,332
skycaps,9161,0,ᛋᚳᚣᚳᚪᛈᛋ,375
araroba,9158,0,ᚪᚱᚪᚱᚩᛒᚪ,381
trunnel,9154,0,ᛏᚱᚢᚾᚾᛖᛚ,271
girlond,9153,0,ᚷᛁᚱᛚᚩᚾᛞ,257
durmast,9151,0,ᛞᚢᚱᛗᚪᛋᛏ,383
sailoring,9148,0,ᛋᚪᛁᛚᚩᚱᛝ,351
byzants,9148,0,ᛒᚣᛋᚪᚾᛏᛋ,455
saluter,9146,0,ᛋᚪᛚᚢᛏᛖᚱ,363
unstaid,9134,0,ᚢᚾᛋᛏᚪᛁᛞ,361
prettying,9125,0,ᛈᚱᛖᛏᛏᚣᛝ,421
leadwort,9121,0,ᛚᛠᛞᚹᚩᚱᛏ,367
tameable,9108,0,ᛏᚪᛗᛠᛒᛚᛖ,537
poleaxes,9108,0,ᛈᚩᛚᛠᛉᛖᛋ,399
braidings,9087,0,ᛒᚱᚪᛁᛞᛝᛋ,421
carhops,9086,0,ᚳᚪᚱᚻᚩᛈᛋ,247
remphan,9063,0,ᚱᛖᛗᛈᚻᚪᚾ,341
graylag,9059,0,ᚷᚱᚪᚣᛚᚪᚷ,415
spliffs,9055,0,ᛋᛈᛚᛁᚠᚠᛋ,257
ravened,9051,0,ᚱᚪᚢᛖᚾᛖᛞ,363
towheads,9047,0,ᛏᚩᚹᚻᛠᛞᛋ,359
toilful,9045,0,ᛏᚩᛁᛚᚠᚢᛚ,248
mutines,9045,0,ᛗᚢᛏᛁᚾᛖᛋ,313
streite,9042,0,ᛋᛏᚱᛖᛁᛏᛖ,347
munjeet,9040,0,ᛗᚢᚾᛂᛖᛖᛏ,333
giddier,9035,0,ᚷᛁᛞᛞᛁᛖᚱ,335
mobbish,9021,0,ᛗᚩᛒᛒᛁᛋᚻ,307
dewclaw,9021,0,ᛞᛖᚹᚳᛚᚪᚹ,377
cohorns,9018,0,ᚳᚩᚻᚩᚱᚾᛋ,143
grabble,9010,0,ᚷᚱᚪᛒᛒᛚᛖ,387
cathayan,9007,0,ᚳᚪᚦᚪᚣᚪᚾ,441
oiliest,9005,0,ᚩᛁᛚᛁᛖᛋᛏ,321
heptads,9005,0,ᚻᛖᛈᛏᚪᛞᛋ,431
unroyal,8995,0,ᚢᚾᚱᚩᚣᚪᛚ,323
lapsana,8987,0,ᛚᚪᛈᛋᚪᚾᚪ,489
zymosis,8981,0,ᛋᚣᛗᚩᛋᛁᛋ,371
heathered,8981,0,ᚻᛠᚦᛖᚱᛖᛞ,371
versate,8978,0,ᚢᛖᚱᛋᚪᛏᛖ,357
herniaria,8974,0,ᚻᛖᚱᚾᛡᚱᛡ,355
rewires,8966,0,ᚱᛖᚹᛁᚱᛖᛋ,259
utahans,8963,0,ᚢᛏᚪᚻᚪᚾᛋ,361
creakingly,8951,0,ᚳᚱᛠᚳᛝᛚᚣ,401
perigon,8948,0,ᛈᛖᚱᛁᚷᚩᚾ,205
lauders,8937,0,ᛚᚪᚢᛞᛖᚱᛋ,393
notedly,8934,0,ᚾᚩᛏᛖᛞᛚᚣ,427
octonion,8932,0,ᚩᚳᛏᚩᚾᛡᚾ,251
shoebill,8930,0,ᛋᚻᛟᛒᛁᛚᛚ,397
speckly,8927,0,ᛋᛈᛖᚳᚳᛚᚣ,365
cribber,8927,0,ᚳᚱᛁᛒᛒᛖᚱ,255
panelings,8919,0,ᛈᚪᚾᛖᛚᛝᛋ,441
unseamed,8916,0,ᚢᚾᛋᛠᛗᛖᛞ,421
spicily,8913,0,ᛋᛈᛁᚳᛁᛚᚣ,347
rapaces,8911,0,ᚱᚪᛈᚪᚳᛖᛋ,381
gruntle,8907,0,ᚷᚱᚢᚾᛏᛚᛖ,259
scandix,8901,0,ᛋᚳᚪᚾᛞᛁᛉ,359
teucrian,8896,0,ᛏᛖᚢᚳᚱᛡᚾ,289
malangas,8894,0,ᛗᚪᛚᚪᛝᚪᛋ,567
odinism,8888,0,ᚩᛞᛁᚾᛁᛋᛗ,311
axillas,8875,0,ᚪᛉᛁᛚᛚᚪᛋ,471
halfbeak,8874,0,ᚻᚪᛚᚠᛒᛠᚳ,378
ruddles,8868,0,ᚱᚢᛞᛞᛚᛖᛋ,385
pursual,8868,0,ᛈᚢᚱᛋᚢᚪᛚ,283
prosers,8866,0,ᛈᚱᚩᛋᛖᚱᛋ,245
hoodooed,8864,0,ᚻᚩᚩᛞᚩᛟᛞ,305
potpies,8851,0,ᛈᚩᛏᛈᛁᛖᛋ,303
shrimpy,8841,0,ᛋᚻᚱᛁᛗᛈᚣ,335
dromond,8839,0,ᛞᚱᚩᛗᚩᚾᛞ,303
armillae,8836,0,ᚪᚱᛗᛁᛚᛚᚫ,457
crayoning,8829,0,ᚳᚱᚪᚣᚩᚾᛝ,339
thoraxes,8828,0,ᚦᚩᚱᚪᛉᛖᛋ,287
sweatily,8805,0,ᛋᚹᛠᛏᛁᛚᚣ,447
majagua,8802,0,ᛗᚪᛂᚪᚷᚢᚪ,419
longwise,8801,0,ᛚᚩᛝᚹᛁᛋᛖ,329
biradial,8796,0,ᛒᛁᚱᚪᛞᛡᛚ,469
cruisings,8768,0,ᚳᚱᚢᛁᛋᛝᛋ,243
chinche,8764,0,ᚳᚻᛁᚾᚳᚻᛖ,199
whiningly,8757,0,ᚹᚻᛁᚾᛝᛚᚣ,357
pilkins,8748,0,ᛈᛁᛚᚳᛁᚾᛋ,273
apotheose,8747,0,ᚪᛈᚩᚦᛇᛋᛖ,313
snappings,8741,0,ᛋᚾᚪᛈᛈᛝᛋ,397
oddment,8729,0,ᚩᛞᛞᛗᛖᚾᛏ,411
stroken,8722,0,ᛋᛏᚱᚩᚳᛖᚾ,239
gouldings,8711,0,ᚷᚩᚢᛚᛞᛝᛋ,321
tocsins,8702,0,ᛏᚩᚳᛋᛁᚾᛋ,245
cockier,8702,0,ᚳᚩᚳᚳᛁᛖᚱ,155
uncleft,8701,0,ᚢᚾᚳᛚᛖᚠᛏ,246
flamingly,8695,0,ᚠᛚᚪᛗᛝᛚᚣ,498
homerian,8692,0,ᚻᚩᛗᛖᚱᛡᚾ,315
dillies,8679,0,ᛞᛁᛚᛚᛁᛖᛋ,417
tetched,8673,0,ᛏᛖᛏᚳᚻᛖᛞ,377
asprawl,8672,0,ᚪᛋᛈᚱᚪᚹᛚ,393
limmers,8670,0,ᛚᛁᛗᛗᛖᚱᛋ,377
shelvings,8666,0,ᛋᚻᛖᛚᚢᛝᛋ,351
chutzpa,8666,0,ᚳᚻᚢᛏᛋᛈᚪ,291
flakier,8664,0,ᚠᛚᚪᚳᛁᛖᚱ,294
poortith,8661,0,ᛈᚩᚩᚱᛏᛁᚦ,163
gloppen,8658,0,ᚷᛚᚩᛈᛈᛖᚾ,279
chemics,8657,0,ᚳᚻᛖᛗᛁᚳᛋ,271
brazening,8634,0,ᛒᚱᚪᛋᛖᚾᛝ,397
tiddley,8629,0,ᛏᛁᛞᛞᛚᛖᚣ,511
concuss,8628,0,ᚳᚩᚾᚳᚢᛋᛋ,171
sandhog,8627,0,ᛋᚪᚾᛞᚻᚩᚷ,315
histrion,8620,0,ᚻᛁᛋᛏᚱᛡᚾ,313
coatees,8617,0,ᚳᚩᚪᛏᛖᛖᛋ,363
spoused,8614,0,ᛋᛈᚩᚢᛋᛖᛞ,315
bagfuls,8608,0,ᛒᚪᚷᚠᚢᛚᛋ,306
balteus,8605,0,ᛒᚪᛚᛏᛖᚢᛋ,413
cowardy,8603,0,ᚳᚩᚹᚪᚱᛞᚣ,339
bunsens,8598,0,ᛒᚢᚾᛋᛖᚾᛋ,295
besotting,8590,0,ᛒᛖᛋᚩᛏᛏᛝ,385
ungalled,8581,0,ᚢᛝᚪᛚᛚᛖᛞ,481
dowdies,8579,0,ᛞᚩᚹᛞᛁᛖᛋ,355
sleazier,8569,0,ᛋᛚᛠᛋᛁᛖᚱ,397
highish,8561,0,ᚻᛁᚷᚻᛁᛋᚻ,201
bunters,8542,0,ᛒᚢᚾᛏᛖᚱᛋ,283
moulter,8530,0,ᛗᚩᚢᛚᛏᛖᚱ,291
ritzier,8524,0,ᚱᛁᛏᛋᛁᛖᚱ,263
pickier,8519,0,ᛈᛁᚳᚳᛁᛖᚱ,209
nursers,8508,0,ᚾᚢᚱᛋᛖᚱᛋ,227
querier,8505,0,ᚳᚹᛖᚱᛁᛖᚱ,219
coontie,8498,0,ᚳᚩᚩᚾᛏᛁᛖ,213
ruelles,8495,0,ᚱᚢᛖᛚᛚᛖᛋ,347
snivels,8494,0,ᛋᚾᛁᚢᛖᛚᛋ,309
aperies,8481,0,ᚪᛈᛖᚱᛁᛖᛋ,369
shinnying,8477,0,ᛋᚻᛁᚾᚾᚣᛝ,347
ebonies,8468,0,ᛖᛒᚩᚾᛁᛖᛋ,315
zionward,8462,0,ᛋᛡᚾᚹᚪᚱᛞ,405
potages,8460,0,ᛈᚩᛏᚪᚷᛖᛋ,343
frizzes,8457,0,ᚠᚱᛁᛋᛋᛖᛋ,270
ingresses,8456,0,ᛝᚱᛖᛋᛋᛖᛋ,383
beanfeast,8435,0,ᛒᛠᚾᚠᛠᛋᛏ,422
guarder,8428,0,ᚷᚢᚪᚱᛞᛖᚱ,295
modenas,8426,0,ᛗᚩᛞᛖᚾᚪᛋ,413
hurdies,8422,0,ᚻᚢᚱᛞᛁᛖᛋ,277
furores,8415,0,ᚠᚢᚱᚩᚱᛖᛋ,154
soignee,8414,0,ᛋᚩᛁᚷᚾᛖᛖ,271
hoecakes,8409,0,ᚻᛟᚳᚪᚳᛖᛋ,349
crusado,8399,0,ᚳᚱᚢᛋᚪᛞᚩ,273
surlier,8397,0,ᛋᚢᚱᛚᛁᛖᚱ,249
lessoning,8396,0,ᛚᛖᛋᛋᚩᚾᛝ,361
iambuses,8373,0,ᛡᛗᛒᚢᛋᛖᛋ,415
gunless,8373,0,ᚷᚢᚾᛚᛖᛋᛋ,295
phratria,8358,0,ᛈᚻᚱᚪᛏᚱᛡ,351
unbraid,8354,0,ᚢᚾᛒᚱᚪᛁᛞ,321
engorges,8348,0,ᛖᛝᚩᚱᚷᛖᛋ,301
loofahs,8343,0,ᛚᚩᚩᚠᚪᚻᛋ,262
illanun,8319,0,ᛁᛚᛚᚪᚾᚢᚾ,335
coperta,8316,0,ᚳᚩᛈᛖᚱᛏᚪ,297
lashers,8312,0,ᛚᚪᛋᚻᛖᚱᛋ,377
mistyping,8311,0,ᛗᛁᛋᛏᚣᛈᛝ,439
salvete,8308,0,ᛋᚪᛚᚢᛖᛏᛖ,419
bezonian,8303,0,ᛒᛖᛋᚩᚾᛡᚾ,353
subfusc,8292,0,ᛋᚢᛒᚠᚢᛋᚳ,188
cryptos,8284,0,ᚳᚱᚣᛈᛏᚩᛋ,289
cobnuts,8283,0,ᚳᚩᛒᚾᚢᛏᛋ,225
bitewings,8282,0,ᛒᛁᛏᛖᚹᛝᛋ,369
frettings,8280,0,ᚠᚱᛖᛏᛏᛝᛋ,330
testons,8276,0,ᛏᛖᛋᛏᚩᚾᛋ,327
wigless,8275,0,ᚹᛁᚷᛚᛖᛋᛋ,313
bindingly,8274,0,ᛒᛁᚾᛞᛝᛚᚣ,465
sulfurea,8262,0,ᛋᚢᛚᚠᚢᚱᛠ,254
pungence,8262,0,ᛈᚢᛝᛖᚾᚳᛖ,301
nucleole,8261,0,ᚾᚢᚳᛚᛇᛚᛖ,299
anticke,8258,0,ᚪᚾᛏᛁᚳᚳᛖ,309
deckles,8242,0,ᛞᛖᚳᚳᛚᛖᛋ,375
grippes,8241,0,ᚷᚱᛁᛈᛈᛖᛋ,265
leeringly,8234,0,ᛚᛖᛖᚱᛝᛚᚣ,473
phocine,8232,0,ᛈᚻᚩᚳᛁᚾᛖ,213
tinnily,8230,0,ᛏᛁᚾᚾᛁᛚᚣ,355
chinwag,8228,0,ᚳᚻᛁᚾᚹᚪᚷ,229
duskish,8226,0,ᛞᚢᛋᚳᛁᛋᚻ,265
monacid,8224,0,ᛗᚩᚾᚪᚳᛁᛞ,337
hawkbit,8221,0,ᚻᚪᚹᚳᛒᛁᛏ,303
kineses,8205,0,ᚳᛁᚾᛖᛋᛖᛋ,313
dungeoned,8204,0,ᛞᚢᛝᛇᚾᛖᛞ,397
cuddies,8200,0,ᚳᚢᛞᛞᛁᛖᛋ,345
turbant,8197,0,ᛏᚢᚱᛒᚪᚾᛏ,319
enisled,8191,0,ᛖᚾᛁᛋᛚᛖᛞ,409
epicier,8164,0,ᛖᛈᛁᚳᛁᛖᚱ,263
addible,8163,0,ᚪᛞᛞᛁᛒᛚᛖ,507
accusal,8160,0,ᚪᚳᚳᚢᛋᚪᛚ,349
heisted,8159,0,ᚻᛖᛁᛋᛏᛖᛞ,389
rognons,8155,0,ᚱᚩᚷᚾᚩᚾᛋ,153
narcism,8154,0,ᚾᚪᚱᚳᛁᛋᛗ,305
excuser,8154,0,ᛖᛉᚳᚢᛋᛖᚱ,261
poysoning,8145,0,ᛈᚩᚣᛋᚩᚾᛝ,321
whiteys,8142,0,ᚹᚻᛁᛏᛖᚣᛋ,355
tauntings,8134,0,ᛏᚪᚢᚾᛏᛝᛋ,379
amorino,8128,0,ᚪᛗᚩᚱᛁᚾᚩ,253
clodded,8123,0,ᚳᛚᚩᛞᛞᛖᛞ,427
uncrown,8118,0,ᚢᚾᚳᚱᚩᚹᚾ,111
pesthole,8111,0,ᛈᛖᛋᚦᚩᛚᛖ,315
actinon,8111,0,ᚪᚳᛏᛁᚾᚩᚾ,265
enwound,8109,0,ᛖᚾᚹᚩᚢᚾᛞ,243
achromia,8109,0,ᚪᚳᚻᚱᚩᛗᛡ,329
steamier,8102,0,ᛋᛏᛠᛗᛁᛖᚱ,401
lankier,8099,0,ᛚᚪᚾᚳᛁᛖᚱ,321
crenels,8096,0,ᚳᚱᛖᚾᛖᛚᛋ,313
patrials,8095,0,ᛈᚪᛏᚱᛡᛚᛋ,443
minifying,8092,0,ᛗᛁᚾᛁᚠᚣᛝ,346
sedater,8088,0,ᛋᛖᛞᚪᛏᛖᚱ,443
casquet,8086,0,ᚳᚪᛋᚳᚹᛖᛏ,321
servals,8079,0,ᛋᛖᚱᚢᚪᛚᛋ,357
unslept,8075,0,ᚢᚾᛋᛚᛖᛈᛏ,327
soboles,8073,0,ᛋᚩᛒᚩᛚᛖᛋ,321
grannam,8072,0,ᚷᚱᚪᚾᚾᚪᛗ,351
unfeared,8071,0,ᚢᚾᚠᛠᚱᛖᛞ,310
skijoring,8071,0,ᛋᚳᛁᛂᚩᚱᛝ,231
valeted,8061,0,ᚢᚪᛚᛖᛏᛖᛞ,455
sheitan,8052,0,ᛋᚻᛖᛁᛏᚪᚾ,359
pudency,8039,0,ᛈᚢᛞᛖᚾᚳᚣ,347
swaggie,8026,0,ᛋᚹᚪᚷᚷᛁᛖ,301
leglike,8023,0,ᛚᛖᚷᛚᛁᚳᛖ,341
poutingly,8011,0,ᛈᚩᚢᛏᛝᛚᚣ,367
sphingids,8006,0,ᛋᛈᚻᛝᛁᛞᛋ,371
liefest,8006,0,ᛚᛁᛖᚠᛖᛋᛏ,352
scatted,8002,0,ᛋᚳᚪᛏᛏᛖᛞ,437
lumpier,7997,0,ᛚᚢᛗᛈᛁᛖᚱ,299
wackier,7996,0,ᚹᚪᚳᚳᛁᛖᚱ,251
gharials,7995,0,ᚷᚻᚪᚱᛡᛚᛋ,381
dumpage,7983,0,ᛞᚢᛗᛈᚪᚷᛖ,387
regreet,7977,0,ᚱᛖᚷᚱᛖᛖᛏ,299
grouching,7971,0,ᚷᚱᚩᚢᚳᚻᛝ,153
xanthous,7968,0,ᛉᚪᚾᚦᚩᚢᛋ,241
derider,7967,0,ᛞᛖᚱᛁᛞᛖᚱ,365
blethers,7967,0,ᛒᛚᛖᚦᛖᚱᛋ,337
tentoria,7966,0,ᛏᛖᚾᛏᚩᚱᛡ,339
repaper,7942,0,ᚱᛖᛈᚪᛈᛖᚱ,339
mudders,7942,0,ᛗᚢᛞᛞᛖᚱᛋ,383
indianan,7939,0,ᛁᚾᛞᛡᚾᚪᚾ,411
toledos,7925,0,ᛏᚩᛚᛖᛞᚩᛋ,355
soilure,7924,0,ᛋᚩᛁᛚᚢᚱᛖ,245
hipshot,7917,0,ᚻᛁᛈᛋᚻᚩᛏ,239
tousles,7915,0,ᛏᚩᚢᛋᛚᛖᛋ,315
librate,7915,0,ᛚᛁᛒᚱᚪᛏᛖ,399
rebecks,7904,0,ᚱᛖᛒᛖᚳᚳᛋ,285
pargeting,7898,0,ᛈᚪᚱᚷᛖᛏᛝ,373
buvette,7898,0,ᛒᚢᚢᛖᛏᛏᛖ,319
reattain,7885,0,ᚱᛠᛏᛏᚪᛁᚾ,395
tamines,7876,0,ᛏᚪᛗᛁᚾᛖᛋ,407
avellan,7873,0,ᚪᚢᛖᛚᛚᚪᚾ,439
burleys,7865,0,ᛒᚢᚱᛚᛖᚣᛋ,371
skiddoo,7864,0,ᛋᚳᛁᛞᛞᚩᚩ,289
dybbuks,7856,0,ᛞᚣᛒᛒᚢᚳᛋ,383
latiner,7854,0,ᛚᚪᛏᛁᚾᛖᚱ,367
headspring,7852,0,ᚻᛠᛞᛋᛈᚱᛝ,407
pithiest,7846,0,ᛈᛁᚦᛁᛖᛋᛏ,289
fructed,7845,0,ᚠᚱᚢᚳᛏᛖᛞ,244
addable,7845,0,ᚪᛞᛞᚪᛒᛚᛖ,573
chamlet,7839,0,ᚳᚻᚪᛗᛚᛖᛏ,403
untwining,7835,0,ᚢᚾᛏᚹᛁᚾᛝ,249
motleys,7819,0,ᛗᚩᛏᛚᛖᚣᛋ,433
rutiles,7816,0,ᚱᚢᛏᛁᛚᛖᛋ,297
soldans,7815,0,ᛋᚩᛚᛞᚪᚾᛋ,401
hackbut,7813,0,ᚻᚪᚳᚳᛒᚢᛏ,269
cheatery,7808,0,ᚳᚻᛠᛏᛖᚱᚣ,385
conjury,7802,0,ᚳᚩᚾᛂᚢᚱᚣ,203
unmelting,7795,0,ᚢᚾᛗᛖᛚᛏᛝ,381
uplooking,7781,0,ᚢᛈᛚᚩᚩᚳᛝ,225
fineable,7778,0,ᚠᛁᚾᛠᛒᛚᛖ,372
agrypnia,7777,0,ᚪᚷᚱᚣᛈᚾᛡ,407
alnilam,7775,0,ᚪᛚᚾᛁᛚᚪᛗ,471
muzzily,7771,0,ᛗᚢᛋᛋᛁᛚᚣ,387
cooters,7771,0,ᚳᚩᚩᛏᛖᚱᛋ,217
marasca,7765,0,ᛗᚪᚱᚪᛋᚳᚪ,439
oxymora,7762,0,ᚩᛉᚣᛗᚩᚱᚪ,343
unsight,7755,0,ᚢᚾᛋᛁᚷᚻᛏ,215
saidest,7750,0,ᛋᚪᛁᛞᛖᛋᛏ,449
egality,7741,0,ᛖᚷᚪᛚᛁᛏᚣ,447
prigged,7734,0,ᛈᚱᛁᚷᚷᛖᛞ,275
foumart,7728,0,ᚠᚩᚢᛗᚪᚱᛏ,250
suborns,7718,0,ᛋᚢᛒᚩᚱᚾᛋ,217
scolder,7709,0,ᛋᚳᚩᛚᛞᛖᚱ,313
stayned,7704,0,ᛋᛏᚪᚣᚾᛖᛞ,497
pouffes,7701,0,ᛈᚩᚢᚠᚠᛖᛋ,177
soggily,7697,0,ᛋᚩᚷᚷᛁᛚᚣ,301
rickeys,7694,0,ᚱᛁᚳᚳᛖᚣᛋ,291
tupelos,7691,0,ᛏᚢᛈᛖᛚᚩᛋ,305
amusive,7676,0,ᚪᛗᚢᛋᛁᚢᛖ,325
ravener,7668,0,ᚱᚪᚢᛖᚾᛖᚱ,285
holloaing,7666,0,ᚻᚩᛚᛚᚩᚪᛝ,359
insense,7655,0,ᛁᚾᛋᛖᚾᛋᛖ,329
caterva,7654,0,ᚳᚪᛏᛖᚱᚢᚪ,347
pavanes,7642,0,ᛈᚪᚢᚪᚾᛖᛋ,389
triffid,7638,0,ᛏᚱᛁᚠᚠᛁᛞ,225
vampers,7632,0,ᚢᚪᛗᛈᛖᚱᛋ,345
sialolith,7624,0,ᛋᛡᛚᚩᛚᛁᚦ,349
vulgars,7619,0,ᚢᚢᛚᚷᚪᚱᛋ,257
capiases,7615,0,ᚳᚪᛈᛡᛋᛖᛋ,433
thereaway,7614,0,ᚦᛖᚱᛠᚹᚪᚣ,411
malices,7612,0,ᛗᚪᛚᛁᚳᛖᛋ,405
frogbit,7612,0,ᚠᚱᚩᚷᛒᛁᛏ,188
perionyx,7611,0,ᛈᛖᚱᛡᚾᚣᛉ,407
astylar,7611,0,ᚪᛋᛏᚣᛚᚪᚱ,493
uphills,7595,0,ᚢᛈᚻᛁᛚᛚᛋ,299
fawners,7585,0,ᚠᚪᚹᚾᛖᚱᛋ,278
nourice,7584,0,ᚾᚩᚢᚱᛁᚳᛖ,161
wordily,7580,0,ᚹᚩᚱᛞᛁᛚᚣ,333
untruss,7564,0,ᚢᚾᛏᚱᚢᛋᛋ,211
unpliant,7562,0,ᚢᚾᛈᛚᛡᚾᛏ,343
ratafias,7557,0,ᚱᚪᛏᚪᚠᛡᛋ,426
backets,7550,0,ᛒᚪᚳᚳᛖᛏᛋ,363
mytilid,7546,0,ᛗᚣᛏᛁᛚᛁᛞ,457
eggcups,7540,0,ᛖᚷᚷᚳᚢᛈᛋ,213
allayer,7538,0,ᚪᛚᛚᚪᚣᛖᚱ,521
welshes,7536,0,ᚹᛖᛚᛋᚻᛖᛋ,355
riblike,7528,0,ᚱᛁᛒᛚᛁᚳᛖ,287
sudation,7525,0,ᛋᚢᛞᚪᛏᛡᚾ,437
ethicism,7523,0,ᛖᚦᛁᚳᛁᛋᛗ,271
judders,7515,0,ᛂᚢᛞᛞᛖᚱᛋ,349
firedog,7503,0,ᚠᛁᚱᛖᛞᚩᚷ,224
gloires,7496,0,ᚷᛚᚩᛁᚱᛖᛋ,259
dejecting,7490,0,ᛞᛖᛂᛖᚳᛏᛝ,411
wabbles,7487,0,ᚹᚪᛒᛒᛚᛖᛋ,431
vigours,7487,0,ᚢᛁᚷᚩᚢᚱᛋ,125
pinders,7475,0,ᛈᛁᚾᛞᛖᚱᛋ,323
unseeming,7472,0,ᚢᚾᛋᛖᛖᛗᛝ,369
pappose,7466,0,ᛈᚪᛈᛈᚩᛋᛖ,353
moonbow,7452,0,ᛗᚩᚩᚾᛒᚩᚹ,201
shirrings,7448,0,ᛋᚻᛁᚱᚱᛝᛋ,261
brawlings,7448,0,ᛒᚱᚪᚹᛚᛝᛋ,393
mumpers,7447,0,ᛗᚢᛗᛈᛖᚱᛋ,319
marcels,7446,0,ᛗᚪᚱᚳᛖᛚᛋ,385
yawningly,7444,0,ᚣᚪᚹᚾᛝᛚᚣ,503
knolled,7436,0,ᚳᚾᚩᛚᛚᛖᛞ,351
seigner,7431,0,ᛋᛖᛁᚷᚾᛖᚱ,275
tonsuring,7429,0,ᛏᚩᚾᛋᚢᚱᛝ,241
anyones,7424,0,ᚪᚾᚣᚩᚾᛖᛋ,385
towages,7416,0,ᛏᚩᚹᚪᚷᛖᛋ,319
scramming,7415,0,ᛋᚳᚱᚪᛗᛗᛝ,395
drivels,7403,0,ᛞᚱᛁᚢᛖᛚᛋ,327
unburst,7392,0,ᚢᚾᛒᚢᚱᛋᛏ,219
jurally,7391,0,ᛂᚢᚱᚪᛚᛚᚣ,397
ulcered,7388,0,ᚢᛚᚳᛖᚱᛖᛞ,323
smirching,7382,0,ᛋᛗᛁᚱᚳᚻᛝ,281
snooded,7375,0,ᛋᚾᚩᚩᛞᛖᛞ,341
citherns,7362,0,ᚳᛁᚦᛖᚱᚾᛋ,209
dizened,7361,0,ᛞᛁᛋᛖᚾᛖᛞ,425
upticks,7359,0,ᚢᛈᛏᛁᚳᚳᛋ,215
bewraying,7359,0,ᛒᛖᚹᚱᚪᚣᛝ,437
heureka,7351,0,ᚻᛖᚢᚱᛖᚳᚪ,281
incepting,7343,0,ᛁᚾᚳᛖᛈᛏᛝ,321
regrate,7339,0,ᚱᛖᚷᚱᚪᛏᛖ,329
byrnies,7332,0,ᛒᚣᚱᚾᛁᛖᛋ,355
snuffly,7322,0,ᛋᚾᚢᚠᚠᛚᚣ,265
devoice,7320,0,ᛞᛖᚢᚩᛁᚳᛖ,277
bawdier,7317,0,ᛒᚪᚹᛞᛁᛖᚱ,375
odelsthing,7315,0,ᚩᛞᛖᛚᛋᚦᛝ,373
skyjack,7308,0,ᛋᚳᚣᛂᚪᚳᚳ,329
etamine,7301,0,ᛖᛏᚪᛗᛁᚾᛖ,421
bosches,7296,0,ᛒᚩᛋᚳᚻᛖᛋ,277
slopingly,7293,0,ᛋᛚᚩᛈᛝᛚᚣ,431
degauss,7289,0,ᛞᛖᚷᚪᚢᛋᛋ,379
vestiary,7268,0,ᚢᛖᛋᛏᛡᚱᚣ,403
prestos,7265,0,ᛈᚱᛖᛋᛏᚩᛋ,293
glummer,7261,0,ᚷᛚᚢᛗᛗᛖᚱ,313
shadily,7254,0,ᛋᚻᚪᛞᛁᛚᚣ,469
pignuts,7243,0,ᛈᛁᚷᚾᚢᛏᛋ,235
arracks,7243,0,ᚪᚱᚱᚪᚳᚳᛋ,295
touraco,7234,0,ᛏᚩᚢᚱᚪᚳᚩ,197
plumcot,7234,0,ᛈᛚᚢᛗᚳᚩᛏ,269
slaveys,7232,0,ᛋᛚᚪᚢᛖᚣᛋ,449
titlist,7231,0,ᛏᛁᛏᛚᛁᛋᛏ,365
maigres,7222,0,ᛗᚪᛁᚷᚱᛖᛋ,347
satined,7219,0,ᛋᚪᛏᛁᚾᛖᛞ,425
rowdily,7216,0,ᚱᚩᚹᛞᛁᛚᚣ,333
gradating,7205,0,ᚷᚱᚪᛞᚪᛏᛝ,449
nombril,7202,0,ᚾᚩᛗᛒᚱᛁᛚ,283
salties,7199,0,ᛋᚪᛚᛏᛁᛖᛋ,433
aristas,7194,0,ᚪᚱᛁᛋᛏᚪᛋ,401
megadeath,7189,0,ᛗᛖᚷᚪᛞᛠᚦ,455
iterant,7182,0,ᛁᛏᛖᚱᚪᚾᛏ,353
virelay,7178,0,ᚢᛁᚱᛖᛚᚪᚣ,385
openpgp,7158,1,ᚩᛈᛖᚾᛈᚷᛈ,249
hobbler,7156,0,ᚻᚩᛒᛒᛚᛖᚱ,303
paprica,7153,0,ᛈᚪᛈᚱᛁᚳᚪ,335
wabster,7150,0,ᚹᚪᛒᛋᛏᛖᚱ,367
cedared,7150,0,ᚳᛖᛞᚪᚱᛖᛞ,433
curtest,7147,0,ᚳᚢᚱᛏᛖᛋᛏ,265
molters,7137,0,ᛗᚩᛚᛏᛖᚱᛋ,341
beebread,7122,0,ᛒᛖᛖᛒᚱᛠᛞ,465
warpaths,7115,0,ᚹᚪᚱᛈᚪᚦᛋ,325
encomion,7115,0,ᛖᚾᚳᚩᛗᛡᚾ,323
etherize,7114,0,ᛖᚦᛖᚱᛁᛋᛖ,301
anagoge,7114,0,ᚪᚾᚪᚷᚩᚷᛖ,331
beadroll,7110,0,ᛒᛠᛞᚱᚩᛚᛚ,423
balistae,7108,0,ᛒᚪᛚᛁᛋᛏᚫ,475
sweatier,7102,0,ᛋᚹᛠᛏᛁᛖᚱ,349
psychal,7096,0,ᛈᛋᚣᚳᚻᚪᛚ,405
agnails,7089,0,ᚪᚷᚾᚪᛁᛚᛋ,397
carolings,7086,0,ᚳᚪᚱᚩᛚᛝᛋ,333
lozenged,7072,0,ᛚᚩᛋᛖᛝᛖᛞ,435
linkmen,7070,0,ᛚᛁᚾᚳᛗᛖᚾ,313
pertest,7067,0,ᛈᛖᚱᛏᛖᛋᛏ,359
seasoner,7064,0,ᛋᛠᛋᚩᚾᛖᚱ,329
coupers,7064,0,ᚳᚩᚢᛈᛖᚱᛋ,197
inermes,7059,0,ᛁᚾᛖᚱᛗᛖᛋ,329
ginkgoes,7048,0,ᚷᛁᚾᚳᚷᛟᛋ,243
irrupting,7047,0,ᛁᚱᚱᚢᛈᛏᛝ,237
undreaming,7044,0,ᚢᚾᛞᚱᛠᛗᛝ,391
prismed,7037,0,ᛈᚱᛁᛋᛗᛖᛞ,365
peptize,7032,0,ᛈᛖᛈᛏᛁᛋᛖ,363
childed,7031,0,ᚳᚻᛁᛚᛞᛖᛞ,385
apertly,7024,0,ᚪᛈᛖᚱᛏᛚᚣ,453
manglers,7022,0,ᛗᚪᛝᛚᛖᚱᛋ,451
hebenon,7022,0,ᚻᛖᛒᛖᚾᚩᚾ,283
greenwing,7021,0,ᚷᚱᛖᛖᚾᚹᛝ,289
taffies,7008,0,ᛏᚪᚠᚠᛁᛖᛋ,311
antrums,7007,0,ᚪᚾᛏᚱᚢᛗᛋ,323
unbrace,7005,0,ᚢᚾᛒᚱᚪᚳᛖ,281
sparids,7004,0,ᛋᛈᚪᚱᛁᛞᛋ,377
feebles,6996,0,ᚠᛖᛖᛒᛚᛖᛋ,390
annoyer,6981,0,ᚪᚾᚾᚩᚣᛖᚱ,343
jawfish,6978,0,ᛂᚪᚹᚠᛁᛋᚻ,262
dooleys,6974,0,ᛞᚩᚩᛚᛖᚣᛋ,399
gazanias,6972,0,ᚷᚪᛋᚪᚾᛡᛋ,453
tulwars,6969,0,ᛏᚢᛚᚹᚪᚱᛋ,315
chiliads,6963,0,ᚳᚻᛁᛚᛡᛞᛋ,389
squibbing,6950,0,ᛋᚳᚹᛁᛒᛒᛝ,317
indigoes,6947,0,ᛁᚾᛞᛁᚷᛟᛋ,333
admixes,6938,0,ᚪᛞᛗᛁᛉᛖᛋ,455
townish,6930,0,ᛏᚩᚹᚾᛁᛋᚻ,221
swanker,6928,0,ᛋᚹᚪᚾᚳᛖᚱ,289
overjoy,6928,0,ᚩᚢᛖᚱᛂᚩᚣ,235
unbolts,6927,0,ᚢᚾᛒᚩᛚᛏᛋ,285
sinople,6927,0,ᛋᛁᚾᚩᛈᛚᛖ,303
baggier,6927,0,ᛒᚪᚷᚷᛁᛖᚱ,301
cacumen,6926,0,ᚳᚪᚳᚢᛗᛖᚾ,293
repique,6920,0,ᚱᛖᛈᛁᚳᚹᛖ,251
gripple,6918,0,ᚷᚱᛁᛈᛈᛚᛖ,285
haggish,6914,0,ᚻᚪᚷᚷᛁᛋᚻ,261
sonnies,6909,0,ᛋᚩᚾᚾᛁᛖᛋ,269
magueys,6898,0,ᛗᚪᚷᚢᛖᚣᛋ,411
sourses,6895,0,ᛋᚩᚢᚱᛋᛖᛋ,247
damfool,6892,0,ᛞᚪᛗᚠᚩᚩᛚ,346
cormous,6892,0,ᚳᚩᚱᛗᚩᚢᛋ,165
tammies,6886,0,ᛏᚪᛗᛗᛁᛖᛋ,449
dottrel,6885,0,ᛞᚩᛏᛏᚱᛖᛚ,365
pooched,6874,0,ᛈᚩᚩᚳᚻᛖᛞ,249
lispers,6874,0,ᛚᛁᛋᛈᛖᚱᛋ,331
advisings,6866,0,ᚪᛞᚢᛁᛋᛝᛋ,405
haymows,6864,0,ᚻᚪᚣᛗᚩᚹᛋ,373
galanty,6862,0,ᚷᚪᛚᚪᚾᛏᚣ,475
besmears,6855,0,ᛒᛖᛋᛗᛠᚱᛋ,425
mobsman,6849,0,ᛗᚩᛒᛋᛗᚪᚾ,389
arouser,6848,0,ᚪᚱᚩᚢᛋᛖᚱ,249
drappie,6835,0,ᛞᚱᚪᛈᛈᛁᛖ,381
rozzers,6832,0,ᚱᚩᛋᛋᛖᚱᛋ,255
menacer,6822,0,ᛗᛖᚾᚪᚳᛖᚱ,355
becalming,6816,0,ᛒᛖᚳᚪᛚᛗᛝ,461
myalism,6813,0,ᛗᚣᚪᛚᛁᛋᛗ,499
cottoning,6803,0,ᚳᚩᛏᛏᚩᚾᛝ,253
seaquake,6800,0,ᛋᛠᚳᚹᚪᚳᛖ,371
cranker,6798,0,ᚳᚱᚪᚾᚳᛖᚱ,241
moonish,6790,0,ᛗᚩᚩᚾᛁᛋᚻ,221
molochs,6783,0,ᛗᚩᛚᚩᚳᚻᛋ,247
eudemon,6783,0,ᛖᚢᛞᛖᛗᚩᚾ,333
nabathean,6781,0,ᚾᚪᛒᚪᚦᛠᚾ,427
leporid,6776,0,ᛚᛖᛈᚩᚱᛁᛞ,321
huffish,6775,0,ᚻᚢᚠᚠᛁᛋᚻ,137
chopins,6775,0,ᚳᚻᚩᛈᛁᚾᛋ,199
noticer,6774,0,ᚾᚩᛏᛁᚳᛖᚱ,217
suckets,6766,0,ᛋᚢᚳᚳᛖᛏᛋ,261
slaloms,6760,0,ᛋᛚᚪᛚᚩᛗᛋ,427
rosilla,6749,0,ᚱᚩᛋᛁᛚᛚᚪ,345
accurse,6747,0,ᚪᚳᚳᚢᚱᛋᛖ,257
jumpier,6744,0,ᛂᚢᛗᛈᛁᛖᚱ,263
berceaux,6741,0,ᛒᛖᚱᚳᛠᚢᛉ,311
windily,6736,0,ᚹᛁᚾᛞᛁᛚᚣ,375
sunhats,6736,0,ᛋᚢᚾᚻᚪᛏᛋ,317
eellike,6735,0,ᛖᛖᛚᛚᛁᚳᛖ,391
replowing,6733,0,ᚱᛖᛈᛚᚩᚹᛝ,299
canalling,6723,0,ᚳᚪᚾᚪᛚᛚᛝ,461
uncloak,6712,0,ᚢᚾᚳᛚᚩᚪᚳ,235
gloriole,6708,0,ᚷᛚᚩᚱᛡᛚᛖ,355
trenail,6703,0,ᛏᚱᛖᚾᚪᛁᛚ,367
casabas,6700,0,ᚳᚪᛋᚪᛒᚪᛋ,471
acetyls,6691,0,ᚪᚳᛖᛏᚣᛚᛋ,465
malteds,6685,0,ᛗᚪᛚᛏᛖᛞᛋ,509
faggoting,6683,0,ᚠᚪᚷᚷᚩᛏᛝ,278
vizored,6677,0,ᚢᛁᛋᚩᚱᛖᛞ,261
fiendly,6670,0,ᚠᛁᛖᚾᛞᛚᚣ,394
heirdom,6669,0,ᚻᛖᛁᚱᛞᚩᛗ,299
wafture,6664,0,ᚹᚪᚠᛏᚢᚱᛖ,258
souslik,6664,0,ᛋᚩᚢᛋᛚᛁᚳ,233
feastful,6661,0,ᚠᛠᛋᛏᚠᚢᛚ,301
matzohs,6650,0,ᛗᚪᛏᛋᚩᚻᛋ,363
camelry,6643,0,ᚳᚪᛗᛖᛚᚱᚣ,435
sestets,6634,0,ᛋᛖᛋᛏᛖᛏᛋ,411
windles,6632,0,ᚹᛁᚾᛞᛚᛖᛋ,361
kiddish,6630,0,ᚳᛁᛞᛞᛁᛋᚻ,329
veeries,6628,0,ᚢᛖᛖᚱᛁᛖᛋ,299
peplums,6617,0,ᛈᛖᛈᛚᚢᛗᛋ,353
ceraunia,6617,0,ᚳᛖᚱᚪᚢᚾᛡ,327
upbuilt,6615,0,ᚢᛈᛒᚢᛁᛚᛏ,273
touzled,6613,0,ᛏᚩᚢᛋᛚᛖᛞ,351
dallier,6611,0,ᛞᚪᛚᛚᛁᛖᚱ,441
peascods,6608,0,ᛈᛠᛋᚳᚩᛞᛋ,367
bawdily,6592,0,ᛒᚪᚹᛞᛁᛚᚣ,473
dabster,6590,0,ᛞᚪᛒᛋᛏᛖᚱ,437
coucals,6582,0,ᚳᚩᚢᚳᚪᛚᛋ,259
tenible,6574,0,ᛏᛖᚾᛁᛒᛚᛖ,387
bowfins,6566,0,ᛒᚩᚹᚠᛁᚾᛋ,202
hipless,6565,0,ᚻᛁᛈᛚᛖᛋᛋ,343
suiciding,6562,0,ᛋᚢᛁᚳᛁᛞᛝ,299
waffler,6556,0,ᚹᚪᚠᚠᛚᛖᚱ,271
taborer,6555,0,ᛏᚪᛒᚩᚱᛖᚱ,313
fennels,6550,0,ᚠᛖᚾᚾᛖᛚᛋ,320
wrymouth,6548,0,ᚹᚱᚣᛗᚩᚢᚦ,219
markmen,6543,0,ᛗᚪᚱᚳᛗᛖᚾ,359
jotters,6540,0,ᛂᚩᛏᛏᛖᚱᛋ,293
cairned,6535,0,ᚳᚪᛁᚱᚾᛖᛞ,337
fueller,6531,0,ᚠᚢᛖᛚᛚᛖᚱ,296
dasyure,6531,0,ᛞᚪᛋᚣᚢᚱᛖ,423
bricole,6525,0,ᛒᚱᛁᚳᚩᛚᛖ,263
algenib,6525,0,ᚪᛚᚷᛖᚾᛁᛒ,375
yearlies,6516,0,ᚣᛠᚱᛚᛁᛖᛋ,447
gormand,6514,0,ᚷᚩᚱᛗᚪᚾᛞ,321
thamyras,6512,0,ᚦᚪᛗᚣᚱᚪᛋ,437
outsets,6503,0,ᚩᚢᛏᛋᛖᛏᛋ,301
oarfish,6502,0,ᚩᚪᚱᚠᛁᛋᚻ,224
pulpous,6494,0,ᛈᚢᛚᛈᚩᚢᛋ,225
hanches,6493,0,ᚻᚪᚾᚳᚻᛖᛋ,305
replunge,6479,0,ᚱᛖᛈᛚᚢᛝᛖ,343
stalkings,6475,0,ᛋᛏᚪᛚᚳᛝᛋ,427
bawbles,6473,0,ᛒᚪᚹᛒᛚᛖᛋ,431
spleeny,6472,0,ᛋᛈᛚᛖᛖᚾᚣ,435
centare,6471,0,ᚳᛖᚾᛏᚪᚱᛖ,343
daphnias,6469,0,ᛞᚪᛈᚻᚾᛡᛋ,441
docible,6465,0,ᛞᚩᚳᛁᛒᛚᛖ,341
hotcake,6464,0,ᚻᚩᛏᚳᚪᚳᛖ,279
dottles,6464,0,ᛞᚩᛏᛏᛚᛖᛋ,407
iodinate,6462,0,ᛡᛞᛁᚾᚪᛏᛖ,479
thermions,6449,0,ᚦᛖᚱᛗᛡᚾᛋ,343
duffles,6441,0,ᛞᚢᚠᚠᛚᛖᛋ,289
braques,6441,0,ᛒᚱᚪᚳᚹᛖᛋ,321
piculet,6434,0,ᛈᛁᚳᚢᛚᛖᛏ,289
diriges,6426,0,ᛞᛁᚱᛁᚷᛖᛋ,299
antiacid,6410,0,ᚪᚾᛏᛡᚳᛁᛞ,425
stearins,6408,0,ᛋᛏᛠᚱᛁᚾᛋ,345
etiolate,6405,0,ᛖᛏᛡᛚᚪᛏᛖ,529
windups,6400,0,ᚹᛁᚾᛞᚢᛈᛋ,267
lowbred,6399,0,ᛚᚩᚹᛒᚱᛖᛞ,327
slivery,6395,0,ᛋᛚᛁᚢᛖᚱᚣ,341
strafes,6394,0,ᛋᛏᚱᚪᚠᛖᛋ,342
resitting,6391,0,ᚱᛖᛋᛁᛏᛏᛝ,359
disgest,6371,0,ᛞᛁᛋᚷᛖᛋᛏ,369
fibbers,6362,0,ᚠᛁᛒᛒᛖᚱᛋ,286
relearns,6361,0,ᚱᛖᛚᛠᚱᚾᛋ,353
liplike,6355,0,ᛚᛁᛈᛚᛁᚳᛖ,331
unmarry,6352,0,ᚢᚾᛗᚪᚱᚱᚣ,325
delible,6352,0,ᛞᛖᛚᛁᛒᛚᛖ,461
deionize,6348,0,ᛞᛖᛡᚾᛁᛋᛖ,443
sniffly,6346,0,ᛋᚾᛁᚠᚠᛚᚣ,293
dejeune,6338,0,ᛞᛖᛂᛖᚢᚾᛖ,359
condite,6334,0,ᚳᚩᚾᛞᛁᛏᛖ,295
bandala,6325,0,ᛒᚪᚾᛞᚪᛚᚪ,543
bandlet,6316,0,ᛒᚪᚾᛞᛚᛖᛏ,475
evenest,6313,0,ᛖᚢᛖᚾᛖᛋᛏ,345
skellum,6309,0,ᛋᚳᛖᛚᛚᚢᛗ,353
taximen,6305,0,ᛏᚪᛉᛁᛗᛖᚾ,401
uneasier,6303,0,ᚢᚾᛠᛋᛁᛖᚱ,303
elogies,6297,0,ᛖᛚᚩᚷᛁᛖᛋ,315
pelters,6294,0,ᛈᛖᛚᛏᛖᚱᛋ,373
sistering,6288,0,ᛋᛁᛋᛏᛖᚱᛝ,353
galways,6284,0,ᚷᚪᛚᚹᚪᚣᛋ,459
bridale,6269,0,ᛒᚱᛁᛞᚪᛚᛖ,429
refutal,6266,0,ᚱᛖᚠᚢᛏᚪᛚ,312
neatherds,6249,0,ᚾᛠᚦᛖᚱᛞᛋ,363
trobles,6248,0,ᛏᚱᚩᛒᛚᛖᛋ,331
seckels,6243,0,ᛋᛖᚳᚳᛖᛚᛋ,339
dumpier,6241,0,ᛞᚢᛗᛈᛁᛖᚱ,315
springily,6230,0,ᛋᛈᚱᛝᛁᛚᚣ,393
stupent,6229,0,ᛋᛏᚢᛈᛖᚾᛏ,313
defrock,6227,0,ᛞᛖᚠᚱᚩᚳᚳ,202
haycart,6225,0,ᚻᚪᚣᚳᚪᚱᛏ,403
pignolia,6223,0,ᛈᛁᚷᚾᚩᛚᛡ,307
flotant,6223,0,ᚠᛚᚩᛏᚪᚾᛏ,326
maydays,6222,0,ᛗᚪᚣᛞᚪᚣᛋ,613
goujons,6220,0,ᚷᚩᚢᛂᚩᚾᛋ,153
spongeous,6217,0,ᛋᛈᚩᛝᛇᚢᛋ,279
boordes,6216,0,ᛒᚩᚩᚱᛞᛖᛋ,295
gainest,6209,0,ᚷᚪᛁᚾᛖᛋᛏ,353
wimbles,6202,0,ᚹᛁᛗᛒᛚᛖᛋ,375
wencher,6201,0,ᚹᛖᚾᚳᚻᛖᚱ,229
lavation,6201,0,ᛚᚪᚢᚪᛏᛡᚾ,465
threatful,6199,0,ᚦᚱᛠᛏᚠᚢᛚ,262
penults,6198,0,ᛈᛖᚾᚢᛚᛏᛋ,327
longness,6198,0,ᛚᚩᛝᚾᛖᛋᛋ,361
irisher,6189,0,ᛁᚱᛁᛋᚻᛖᚱ,227
uptilting,6187,0,ᚢᛈᛏᛁᛚᛏᛝ,347
verdite,6185,0,ᚢᛖᚱᛞᛁᛏᛖ,327
sanchos,6179,0,ᛋᚪᚾᚳᚻᚩᛋ,275
arblast,6175,0,ᚪᚱᛒᛚᚪᛋᛏ,451
vespids,6173,0,ᚢᛖᛋᛈᛁᛞᛋ,339
unnoble,6157,0,ᚢᚾᚾᚩᛒᛚᛖ,269
dabbers,6153,0,ᛞᚪᛒᛒᛖᚱᛋ,439
testier,6150,0,ᛏᛖᛋᛏᛁᛖᚱ,347
soddies,6148,0,ᛋᚩᛞᛞᛁᛖᛋ,389
floatings,6148,0,ᚠᛚᚩᚪᛏᛝᛋ,370
varment,6145,0,ᚢᚪᚱᛗᛖᚾᛏ,337
flammed,6145,0,ᚠᛚᚪᛗᛗᛖᛞ,470
agiotage,6144,0,ᚪᚷᛡᛏᚪᚷᛖ,461
pennorth,6143,0,ᛈᛖᚾᚾᚩᚱᚦ,191
outwore,6118,0,ᚩᚢᛏᚹᚩᚱᛖ,173
succuba,6117,0,ᛋᚢᚳᚳᚢᛒᚪ,243
lashins,6114,0,ᛚᚪᛋᚻᛁᚾᛋ,359
psyllas,6110,0,ᛈᛋᚣᛚᛚᚪᛋ,495
buckies,6107,0,ᛒᚢᚳᚳᛁᛖᛋ,241
sevener,6101,0,ᛋᛖᚢᛖᚾᛖᚱ,297
gamines,6098,0,ᚷᚪᛗᛁᚾᛖᛋ,365
coddler,6090,0,ᚳᚩᛞᛞᛚᛖᚱ,349
proface,6087,0,ᛈᚱᚩᚠᚪᚳᛖ,240
blobbed,6085,0,ᛒᛚᚩᛒᛒᛖᛞ,419
centimo,6084,0,ᚳᛖᚾᛏᛁᛗᚩ,277
leftest,6083,0,ᛚᛖᚠᛏᛖᛋᛏ,380
sapotes,6081,0,ᛋᚪᛈᚩᛏᛖᛋ,379
unborne,6079,0,ᚢᚾᛒᚩᚱᚾᛖ,207
bonnily,6079,0,ᛒᚩᚾᚾᛁᛚᚣ,333
midiron,6075,0,ᛗᛁᛞᛁᚱᚩᚾ,269
featherer,6070,0,ᚠᛠᚦᛖᚱᛖᚱ,272
surloin,6068,0,ᛋᚢᚱᛚᚩᛁᚾ,207
mustier,6066,0,ᛗᚢᛋᛏᛁᛖᚱ,295
jiffies,6060,0,ᛂᛁᚠᚠᛁᛖᛋ,223
gulpers,6059,0,ᚷᚢᛚᛈᛖᚱᛋ,267
welkins,6058,0,ᚹᛖᛚᚳᛁᚾᛋ,285
pshawed,6053,0,ᛈᛋᚻᚪᚹᛖᛞ,391
fatheaded,6050,0,ᚠᚪᚦᛠᛞᛖᛞ,458
outsoar,6048,0,ᚩᚢᛏᛋᚩᚪᚱ,237
pommies,6045,0,ᛈᚩᛗᛗᛁᛖᛋ,343
lovebug,6026,0,ᛚᚩᚢᛖᛒᚢᚷ,231
lavolta,6024,0,ᛚᚪᚢᚩᛚᛏᚪ,409
slimier,6013,0,ᛋᛚᛁᛗᛁᛖᚱ,337
brisken,6013,0,ᛒᚱᛁᛋᚳᛖᚾ,265
ornation,6012,0,ᚩᚱᚾᚪᛏᛡᚾ,339
godlier,6003,0,ᚷᚩᛞᛚᛁᛖᚱ,295
tallier,6001,0,ᛏᚪᛚᛚᛁᛖᚱ,411
yonders,5999,0,ᚣᚩᚾᛞᛖᚱᛋ,359
doppers,5999,0,ᛞᚩᛈᛈᛖᚱᛋ,313
blubbed,5991,0,ᛒᛚᚢᛒᛒᛖᛞ,415
seriema,5989,0,ᛋᛖᚱᛁᛖᛗᚪ,397
bedless,5987,0,ᛒᛖᛞᛚᛖᛋᛋ,463
spoliating,5962,0,ᛋᛈᚩᛚᛡᛏᛝ,421
brisked,5956,0,ᛒᚱᛁᛋᚳᛖᛞ,325
strewings,5955,0,ᛋᛏᚱᛖᚹᛝᛋ,341
loonier,5954,0,ᛚᚩᚩᚾᛁᛖᚱ,225
seasides,5945,0,ᛋᛠᛋᛁᛞᛖᛋ,455
unwrite,5943,0,ᚢᚾᚹᚱᛁᛏᛖ,219
dowdily,5938,0,ᛞᚩᚹᛞᛁᛚᚣ,411
orology,5924,0,ᚩᚱᚩᛚᚩᚷᚣ,225
mesquin,5924,0,ᛗᛖᛋᚳᚹᛁᚾ,283
kanchil,5922,0,ᚳᚪᚾᚳᚻᛁᛚ,279
mooches,5921,0,ᛗᚩᚩᚳᚻᛖᛋ,241
rubatos,5918,0,ᚱᚢᛒᚪᛏᚩᛋ,291
rellish,5918,0,ᚱᛖᛚᛚᛁᛋᚻ,331
begrime,5906,0,ᛒᛖᚷᚱᛁᛗᛖ,325
hareems,5890,0,ᚻᚪᚱᛖᛖᛗᛋ,389
apathies,5890,0,ᚪᛈᚪᚦᛁᛖᛋ,393
grudgings,5889,0,ᚷᚱᚢᛞᚷᛝᛋ,269
patness,5883,0,ᛈᚪᛏᚾᛖᛋᛋ,401
maidans,5879,0,ᛗᚪᛁᛞᚪᚾᛋ,467
darnels,5878,0,ᛞᚪᚱᚾᛖᛚᛋ,419
jimjams,5877,0,ᛂᛁᛗᛂᚪᛗᛋ,397
redacts,5871,0,ᚱᛖᛞᚪᚳᛏᛋ,389
pinesap,5863,0,ᛈᛁᚾᛖᛋᚪᛈ,363
ruttish,5861,0,ᚱᚢᛏᛏᛁᛋᚻ,239
aurelias,5858,0,ᚪᚢᚱᛖᛚᛡᛋ,411
daftest,5851,0,ᛞᚪᚠᛏᛖᛋᛏ,426
reobtain,5845,0,ᚱᛇᛒᛏᚪᛁᚾ,329
colugos,5841,0,ᚳᚩᛚᚢᚷᚩᛋ,173
wapitis,5838,0,ᚹᚪᛈᛁᛏᛁᛋ,333
ruddied,5835,0,ᚱᚢᛞᛞᛁᛖᛞ,379
marauds,5825,0,ᛗᚪᚱᚪᚢᛞᛋ,421
erratas,5824,0,ᛖᚱᚱᚪᛏᚪᛋ,395
enterings,5817,0,ᛖᚾᛏᛖᚱᛝᛋ,365
capfuls,5808,0,ᚳᚪᛈᚠᚢᛚᛋ,284
bangtail,5807,0,ᛒᚪᛝᛏᚪᛁᛚ,497
coalbin,5803,0,ᚳᚩᚪᛚᛒᛁᚾ,311
fugally,5797,0,ᚠᚢᚷᚪᛚᛚᚣ,368
ennuied,5796,0,ᛖᚾᚾᚢᛁᛖᛞ,315
deposer,5792,0,ᛞᛖᛈᚩᛋᛖᚱ,337
exoderm,5787,0,ᛖᛉᚩᛞᛖᚱᛗ,359
prosily,5786,0,ᛈᚱᚩᛋᛁᛚᚣ,321
frounce,5780,0,ᚠᚱᚩᚢᚾᚳᛖ,132
glaciate,5778,0,ᚷᛚᚪᚳᛡᛏᛖ,433
adherer,5771,0,ᚪᛞᚻᛖᚱᛖᚱ,365
climbings,5770,0,ᚳᛚᛁᛗᛒᛝᛋ,381
sestine,5768,0,ᛋᛖᛋᛏᛁᚾᛖ,359
towelings,5766,0,ᛏᚩᚹᛖᛚᛝᛋ,357
hungerly,5765,0,ᚻᚢᛝᛖᚱᛚᚣ,359
taunter,5762,0,ᛏᚪᚢᚾᛏᛖᚱ,325
zygomas,5755,0,ᛋᚣᚷᚩᛗᚪᛋ,401
beavered,5754,0,ᛒᛠᚢᛖᚱᛖᛞ,407
gamebag,5744,0,ᚷᚪᛗᛖᛒᚪᚷ,427
lossier,5733,0,ᛚᚩᛋᛋᛁᛖᚱ,295
linkboy,5733,0,ᛚᛁᚾᚳᛒᚩᚣ,317
yorkish,5725,0,ᚣᚩᚱᚳᛁᛋᚻ,241
noduled,5720,0,ᚾᚩᛞᚢᛚᛖᛞ,357
fureurs,5720,0,ᚠᚢᚱᛖᚢᚱᛋ,150
epaules,5707,0,ᛖᛈᚪᚢᛚᛖᛋ,403
corsned,5704,0,ᚳᚩᚱᛋᚾᛖᛞ,269
unnethes,5702,0,ᚢᚾᚾᛖᚦᛖᛋ,253
isthmians,5697,0,ᛁᛋᚦᛗᛡᚾᛋ,349
snowier,5696,0,ᛋᚾᚩᚹᛁᛖᚱ,217
unalert,5687,0,ᚢᚾᚪᛚᛖᚱᛏ,339
manroot,5678,0,ᛗᚪᚾᚱᚩᚩᛏ,281
defacer,5675,0,ᛞᛖᚠᚪᚳᛖᚱ,346
boskage,5667,0,ᛒᚩᛋᚳᚪᚷᛖ,315
scenter,5655,0,ᛋᚳᛖᚾᛏᛖᚱ,299
tellies,5637,0,ᛏᛖᛚᛚᛁᛖᛋ,423
stahlian,5637,0,ᛋᛏᚪᚻᛚᛡᚾ,441
jemmies,5628,0,ᛂᛖᛗᛗᛁᛖᛋ,397
lavrock,5620,0,ᛚᚪᚢᚱᚩᚳᚳ,217
limpingly,5614,0,ᛚᛁᛗᛈᛝᛚᚣ,473
jounces,5612,0,ᛂᚩᚢᚾᚳᛖᛋ,209
trepans,5610,0,ᛏᚱᛖᛈᚪᚾᛋ,359
hoverer,5609,0,ᚻᚩᚢᛖᚱᛖᚱ,189
slingback,5607,0,ᛋᛚᛝᛒᚪᚳᚳ,389
phoneys,5606,0,ᛈᚻᚩᚾᛖᚣᛋ,325
emeries,5600,0,ᛖᛗᛖᚱᛁᛖᛋ,367
acanthion,5598,0,ᚪᚳᚪᚾᚦᛡᚾ,377
fleered,5597,0,ᚠᛚᛖᛖᚱᛖᛞ,376
bandogs,5596,0,ᛒᚪᚾᛞᚩᚷᛋ,353
brotula,5594,0,ᛒᚱᚩᛏᚢᛚᚪ,311
bearably,5593,0,ᛒᛠᚱᚪᛒᛚᚣ,515
upswell,5589,0,ᚢᛈᛋᚹᛖᛚᛚ,331
mislays,5587,0,ᛗᛁᛋᛚᚪᚣᛋ,481
overwear,5586,0,ᚩᚢᛖᚱᚹᛠᚱ,227
sandmen,5585,0,ᛋᚪᚾᛞᛗᛖᚾ,435
auxesis,5584,0,ᚪᚢᛉᛖᛋᛁᛋ,351
calycle,5577,0,ᚳᚪᛚᚣᚳᛚᛖ,439
intimas,5554,0,ᛁᚾᛏᛁᛗᚪᛋ,371
flebile,5554,0,ᚠᛚᛖᛒᛁᛚᛖ,374
spikier,5552,0,ᛋᛈᛁᚳᛁᛖᚱ,249
potfuls,5545,0,ᛈᚩᛏᚠᚢᛚᛋ,240
vermins,5539,0,ᚢᛖᚱᛗᛁᚾᛋ,265
gallfly,5538,0,ᚷᚪᛚᛚᚠᛚᚣ,438
lawland,5522,0,ᛚᚪᚹᛚᚪᚾᛞ,477
feijoas,5520,0,ᚠᛖᛁᛂᚩᚪᛋ,294
bortsch,5512,0,ᛒᚩᚱᛏᛋᚳᚻ,227
craunch,5506,0,ᚳᚱᚪᚢᚾᚳᚻ,189
leafiest,5505,0,ᛚᛠᚠᛁᛖᛋᛏ,394
penuche,5501,0,ᛈᛖᚾᚢᚳᚻᛖ,245
twiddly,5500,0,ᛏᚹᛁᛞᛞᛚᚣ,463
slagheap,5500,0,ᛋᛚᚪᚷᚻᛠᛈ,415
ratches,5499,0,ᚱᚪᛏᚳᚻᛖᛋ,323
thinkingly,5498,0,ᚦᛁᚾᚳᛝᛚᚣ,333
apposer,5495,0,ᚪᛈᛈᚩᛋᛖᚱ,321
atabeks,5489,0,ᚪᛏᚪᛒᛖᚳᛋ,447
naggers,5466,0,ᚾᚪᚷᚷᛖᚱᛋ,291
elflike,5460,0,ᛖᛚᚠᛚᛁᚳᛖ,326
calesas,5460,0,ᚳᚪᛚᛖᛋᚪᛋ,453
alnitak,5459,0,ᚪᛚᚾᛁᛏᚪᚳ,399
lowwood,5451,0,ᛚᚩᚹᚹᚩᚩᛞ,221
coitions,5450,0,ᚳᚩᛁᛏᛡᚾᛋ,299
swotted,5448,0,ᛋᚹᚩᛏᛏᛖᛞ,353
creamily,5447,0,ᚳᚱᛠᛗᛁᛚᚣ,411
hubbles,5446,0,ᚻᚢᛒᛒᛚᛖᛋ,341
oxtongue,5440,0,ᚩᛉᛏᚩᛝᚢᛖ,269
ditherer,5436,0,ᛞᛁᚦᛖᚱᛖᚱ,281
outswear,5434,0,ᚩᚢᛏᛋᚹᛠᚱ,261
tineids,5425,0,ᛏᛁᚾᛖᛁᛞᛋ,359
buttony,5425,0,ᛒᚢᛏᛏᚩᚾᚣ,321
sneezings,5424,0,ᛋᚾᛖᛖᛋᛝᛋ,401
gambist,5423,0,ᚷᚪᛗᛒᛁᛋᛏ,389
alisons,5402,0,ᚪᛚᛁᛋᚩᚾᛋ,343
venthole,5398,0,ᚢᛖᚾᚦᚩᛚᛖ,251
caroler,5398,0,ᚳᚪᚱᚩᛚᛖᚱ,279
pegasean,5394,0,ᛈᛖᚷᚪᛋᛠᚾ,415
auburns,5384,0,ᚪᚢᛒᚢᚱᚾᛋ,257
pyrexias,5378,0,ᛈᚣᚱᛖᛉᛡᛋ,431
rosaces,5377,0,ᚱᚩᛋᚪᚳᛖᛋ,301
enseamed,5372,0,ᛖᚾᛋᛠᛗᛖᛞ,485
loggats,5366,0,ᛚᚩᚷᚷᚪᛏᛋ,323
bukshee,5364,0,ᛒᚢᚳᛋᚻᛖᛖ,287
cheapish,5363,0,ᚳᚻᛠᛈᛁᛋᚻ,295
tornese,5348,0,ᛏᚩᚱᚾᛖᛋᛖ,293
earthstar,5348,0,ᛠᚱᚦᛋᛏᚪᚱ,345
propend,5346,0,ᛈᚱᚩᛈᛖᚾᛞ,289
guimpes,5344,0,ᚷᚢᛁᛗᛈᛖᛋ,285
unsober,5339,0,ᚢᚾᛋᚩᛒᛖᚱ,231
chaunges,5334,0,ᚳᚻᚪᚢᛝᛖᛋ,335
icicled,5332,0,ᛁᚳᛁᚳᛚᛖᛞ,317
ungagged,5331,0,ᚢᛝᚪᚷᚷᛖᛞ,369
eftsoon,5331,0,ᛖᚠᛏᛋᚩᚩᚾ,224
sootier,5330,0,ᛋᚩᚩᛏᛁᛖᚱ,235
mushier,5330,0,ᛗᚢᛋᚻᛁᛖᚱ,259
spitten,5322,0,ᛋᛈᛁᛏᛏᛖᚾ,341
puisnes,5318,0,ᛈᚢᛁᛋᚾᛖᛋ,279
cantles,5318,0,ᚳᚪᚾᛏᛚᛖᛋ,391
fusains,5315,0,ᚠᚢᛋᚪᛁᚾᛋ,268
luncher,5312,0,ᛚᚢᚾᚳᚻᛖᚱ,219
shinleaf,5306,0,ᛋᚻᛁᚾᛚᛠᚠ,320
launced,5306,0,ᛚᚪᚢᚾᚳᛖᛞ,371
corrade,5302,0,ᚳᚩᚱᚱᚪᛞᛖ,295
domines,5299,0,ᛞᚩᛗᛁᚾᛖᛋ,347
carjack,5298,0,ᚳᚪᚱᛂᚪᚳᚳ,281
kneepan,5284,0,ᚳᚾᛖᛖᛈᚪᚾ,345
candent,5276,0,ᚳᚪᚾᛞᛖᚾᛏ,383
craturs,5272,0,ᚳᚱᚪᛏᚢᚱᛋ,247
mantuas,5269,0,ᛗᚪᚾᛏᚢᚪᛋ,409
caviler,5263,0,ᚳᚪᚢᛁᛚᛖᚱ,295
aplasias,5262,0,ᚪᛈᛚᚪᛋᛡᛋ,523
misdate,5261,0,ᛗᛁᛋᛞᚪᛏᛖ,467
tabours,5258,0,ᛏᚪᛒᚩᚢᚱᛋ,291
atavist,5257,0,ᚪᛏᚪᚢᛁᛋᛏ,399
ensouls,5254,0,ᛖᚾᛋᚩᚢᛚᛋ,285
embowel,5248,0,ᛖᛗᛒᚩᚹᛖᛚ,365
sappier,5244,0,ᛋᚪᛈᛈᛁᛖᚱ,345
jezails,5243,0,ᛂᛖᛋᚪᛁᛚᛋ,411
ixodids,5238,0,ᛁᛉᚩᛞᛁᛞᛋ,347
clonked,5235,0,ᚳᛚᚩᚾᚳᛖᛞ,291
renowns,5233,0,ᚱᛖᚾᚩᚹᚾᛋ,215
scalade,5228,0,ᛋᚳᚪᛚᚪᛞᛖ,489
smeddum,5221,0,ᛋᛗᛖᛞᛞᚢᛗ,443
scalier,5219,0,ᛋᚳᚪᛚᛁᛖᚱ,345
commixt,5219,0,ᚳᚩᛗᛗᛁᛉᛏ,299
verdins,5217,0,ᚢᛖᚱᛞᛁᚾᛋ,283
vaunter,5217,0,ᚢᚪᚢᚾᛏᛖᚱ,269
hoppled,5217,0,ᚻᚩᛈᛈᛚᛖᛞ,345
shammer,5211,0,ᛋᚻᚪᛗᛗᛖᚱ,393
camball,5210,0,ᚳᚪᛗᛒᚪᛚᛚ,485
heartease,5206,0,ᚻᛠᚱᛏᛠᛋᛖ,431
unsnaps,5205,0,ᚢᚾᛋᚾᚪᛈᛋ,307
spurtle,5197,0,ᛋᛈᚢᚱᛏᛚᛖ,309
scrouge,5197,0,ᛋᚳᚱᚩᚢᚷᛖ,171
camagon,5196,0,ᚳᚪᛗᚪᚷᚩᚾ,331
inthrall,5195,0,ᛁᚾᚦᚱᚪᛚᛚ,319
soaringly,5192,0,ᛋᚩᚪᚱᛝᛚᚣ,423
sesames,5190,0,ᛋᛖᛋᚪᛗᛖᛋ,461
scrimps,5190,0,ᛋᚳᚱᛁᛗᛈᛋ,275
odorize,5190,0,ᚩᛞᚩᚱᛁᛋᛖ,265
turnups,5185,0,ᛏᚢᚱᚾᚢᛈᛋ,201
codille,5178,0,ᚳᚩᛞᛁᛚᛚᛖ,353
imbrute,5177,0,ᛁᛗᛒᚱᚢᛏᛖ,303
eugenias,5170,0,ᛖᚢᚷᛖᚾᛡᛋ,343
liftmen,5149,0,ᛚᛁᚠᛏᛗᛖᚾ,332
fantods,5148,0,ᚠᚪᚾᛏᚩᛞᛋ,336
bedaubing,5148,0,ᛒᛖᛞᚪᚢᛒᛝ,457
welaway,5141,0,ᚹᛖᛚᚪᚹᚪᚣ,475
goodbys,5139,0,ᚷᚩᚩᛞᛒᚣᛋ,337
goingness,5138,0,ᚷᚩᛝᚾᛖᛋᛋ,305
debarks,5137,0,ᛞᛖᛒᚪᚱᚳᛋ,391
vibrions,5128,0,ᚢᛁᛒᚱᛡᚾᛋ,295
sponsion,5121,0,ᛋᛈᚩᚾᛋᛡᚾ,321
piddles,5121,0,ᛈᛁᛞᛞᛚᛖᛋ,445
zechins,5114,0,ᛋᛖᚳᚻᛁᚾᛋ,269
precava,5105,0,ᛈᚱᛖᚳᚪᚢᚪ,331
arnicas,5097,0,ᚪᚱᚾᛁᚳᚪᛋ,331
fogyish,5095,0,ᚠᚩᚷᚣᛁᛋᚻ,236
caranda,5090,0,ᚳᚪᚱᚪᚾᛞᚪ,433
enchase,5085,0,ᛖᚾᚳᚻᚪᛋᛖ,349
grainings,5078,0,ᚷᚱᚪᛁᚾᛝᛋ,317
galumph,5065,0,ᚷᚪᛚᚢᛗᛈᚻ,327
cossets,5065,0,ᚳᚩᛋᛋᛖᛏᛋ,305
bioplast,5061,0,ᛒᛡᛈᛚᚪᛋᛏ,493
higgled,5060,0,ᚻᛁᚷᚷᛚᛖᛞ,317
chukkas,5059,0,ᚳᚻᚢᚳᚳᚪᛋ,215
cuishes,5058,0,ᚳᚢᛁᛋᚻᛖᛋ,243
alkylic,5051,0,ᚪᛚᚳᚣᛚᛁᚳ,403
turment,5047,0,ᛏᚢᚱᛗᛖᚾᛏ,299
snaffling,5039,0,ᛋᚾᚪᚠᚠᛚᛝ,335
yelpers,5035,0,ᚣᛖᛚᛈᛖᚱᛋ,417
sergers,5035,0,ᛋᛖᚱᚷᛖᚱᛋ,279
dinkies,5035,0,ᛞᛁᚾᚳᛁᛖᛋ,313
weakener,5031,0,ᚹᛠᚳᛖᚾᛖᚱ,315
pesants,5028,0,ᛈᛖᛋᚪᚾᛏᛋ,401
yellers,5025,0,ᚣᛖᛚᛚᛖᚱᛋ,447
traynes,5021,0,ᛏᚱᚪᚣᚾᛖᛋ,419
albinic,5020,0,ᚪᛚᛒᛁᚾᛁᚳ,335
vengeable,5017,0,ᚢᛖᛝᛠᛒᛚᛖ,459
madwort,5012,0,ᛗᚪᛞᚹᚩᚱᛏ,353
furmety,5010,0,ᚠᚢᚱᛗᛖᛏᚣ,316
irenics,5004,0,ᛁᚱᛖᚾᛁᚳᛋ,235
usurous,5002,0,ᚢᛋᚢᚱᚩᚢᛋ,133
hotpots,4987,0,ᚻᚩᛏᛈᚩᛏᛋ,251
deathsman,4978,0,ᛞᛠᚦᛋᛗᚪᚾ,453
biyearly,4978,0,ᛒᛁᚣᛠᚱᛚᚣ,491
skippings,4971,0,ᛋᚳᛁᛈᛈᛝᛋ,315
klutzes,4971,0,ᚳᛚᚢᛏᛋᛖᛋ,321
dorsers,4970,0,ᛞᚩᚱᛋᛖᚱᛋ,291
upcasts,4968,0,ᚢᛈᚳᚪᛋᛏᛋ,321
chudder,4955,0,ᚳᚻᚢᛞᛞᛖᚱ,295
engirdle,4945,0,ᛖᛝᛁᚱᛞᛚᛖ,417
mudpack,4944,0,ᛗᚢᛞᛈᚪᚳᚳ,329
cumquat,4926,0,ᚳᚢᛗᚳᚹᚪᛏ,275
expiable,4924,0,ᛖᛉᛈᛡᛒᛚᛖ,465
stagily,4923,0,ᛋᛏᚪᚷᛁᛚᚣ,433
detoxes,4915,0,ᛞᛖᛏᚩᛉᛖᛋ,389
slowgoing,4913,0,ᛋᛚᚩᚹᚷᚩᛝ,255
heathlike,4910,0,ᚻᛠᚦᛚᛁᚳᛖ,321
sharked,4909,0,ᛋᚻᚪᚱᚳᛖᛞ,353
goofier,4904,0,ᚷᚩᚩᚠᛁᛖᚱ,142
silurid,4902,0,ᛋᛁᛚᚢᚱᛁᛞ,291
slummer,4895,0,ᛋᛚᚢᛗᛗᛖᚱ,349
freakier,4892,0,ᚠᚱᛠᚳᛁᛖᚱ,244
mafiosos,4887,0,ᛗᚪᚠᛡᛋᚩᛋ,390
endewed,4881,0,ᛖᚾᛞᛖᚹᛖᛞ,427
restaff,4877,0,ᚱᛖᛋᛏᚪᚠᚠ,291
heftily,4871,0,ᚻᛖᚠᛏᛁᛚᚣ,358
cockshy,4868,0,ᚳᚩᚳᚳᛋᚻᚣ,225
tiepins,4863,0,ᛏᛁᛖᛈᛁᚾᛋ,313
seabound,4861,0,ᛋᛠᛒᚩᚢᚾᛞ,351
odoured,4861,0,ᚩᛞᚩᚢᚱᛖᛞ,273
cholers,4861,0,ᚳᚻᚩᛚᛖᚱᛋ,247
decocting,4859,0,ᛞᛖᚳᚩᚳᛏᛝ,327
dolabra,4858,0,ᛞᚩᛚᚪᛒᚱᚪ,435
frazzling,4856,0,ᚠᚱᚪᛋᛋᛚᛝ,368
milkier,4848,0,ᛗᛁᛚᚳᛁᛖᚱ,297
argands,4840,0,ᚪᚱᚷᚪᚾᛞᛋ,393
wagerer,4832,0,ᚹᚪᚷᛖᚱᛖᚱ,289
racegoer,4832,0,ᚱᚪᚳᛖᚷᛟᚱ,299
sassaby,4827,0,ᛋᚪᛋᛋᚪᛒᚣ,517
sciarids,4826,0,ᛋᚳᛡᚱᛁᛞᛋ,357
unjudging,4816,0,ᚢᚾᛂᚢᛞᚷᛝ,257
hoorays,4815,0,ᚻᚩᚩᚱᚪᚣᛋ,301
lobworm,4812,0,ᛚᚩᛒᚹᚩᚱᛗ,249
abashes,4809,0,ᚪᛒᚪᛋᚻᛖᛋ,451
glaikit,4806,0,ᚷᛚᚪᛁᚳᛁᛏ,321
conched,4806,0,ᚳᚩᚾᚳᚻᛖᛞ,241
dividings,4804,0,ᛞᛁᚢᛁᛞᛝᛋ,375
apostil,4801,0,ᚪᛈᚩᛋᛏᛁᛚ,363
hircine,4797,0,ᚻᛁᚱᚳᛁᚾᛖ,205
gauntry,4794,0,ᚷᚪᚢᚾᛏᚱᚣ,319
senegas,4793,0,ᛋᛖᚾᛖᚷᚪᛋ,383
unpiled,4791,0,ᚢᚾᛈᛁᛚᛖᛞ,335
lignify,4782,0,ᛚᛁᚷᚾᛁᚠᚣ,286
theoriser,4780,0,ᚦᛇᚱᛁᛋᛖᚱ,219
mitches,4779,0,ᛗᛁᛏᚳᚻᛖᛋ,317
wrongers,4775,0,ᚹᚱᚩᛝᛖᚱᛋ,247
rudesby,4773,0,ᚱᚢᛞᛖᛋᛒᚣ,387
jessies,4767,0,ᛂᛖᛋᛋᛁᛖᛋ,361
zippier,4762,0,ᛋᛁᛈᛈᛁᛖᚱ,279
bedropt,4762,0,ᛒᛖᛞᚱᚩᛈᛏ,337
tackets,4761,0,ᛏᚪᚳᚳᛖᛏᛋ,361
embrown,4758,0,ᛖᛗᛒᚱᚩᚹᚾ,265
ladyish,4754,0,ᛚᚪᛞᚣᛁᛋᚻ,469
koshering,4740,0,ᚳᚩᛋᚻᛖᚱᛝ,253
divvies,4736,0,ᛞᛁᚢᚢᛁᛖᛋ,277
pikelet,4735,0,ᛈᛁᚳᛖᛚᛖᛏ,353
cushats,4734,0,ᚳᚢᛋᚻᚪᛏᛋ,301
auxinic,4733,0,ᚪᚢᛉᛁᚾᛁᚳ,251
tuilles,4729,0,ᛏᚢᛁᛚᛚᛖᛋ,359
brabbling,4723,0,ᛒᚱᚪᛒᛒᛚᛝ,443
macaber,4721,0,ᛗᚪᚳᚪᛒᛖᚱ,417
disuses,4717,0,ᛞᛁᛋᚢᛋᛖᛋ,349
stounds,4713,0,ᛋᛏᚩᚢᚾᛞᛋ,293
hoptoad,4708,0,ᚻᚩᛈᛏᚩᚪᛞ,325
milcher,4707,0,ᛗᛁᛚᚳᚻᛖᚱ,289
gutsier,4702,0,ᚷᚢᛏᛋᛁᛖᚱ,241
snubbings,4695,0,ᛋᚾᚢᛒᛒᛝᛋ,339
clotbur,4693,0,ᚳᛚᚩᛏᛒᚢᚱ,227
orestean,4688,0,ᚩᚱᛖᛋᛏᛠᚾ,335
quaffer,4686,0,ᚳᚹᚪᚠᚠᛖᚱ,211
grappas,4685,0,ᚷᚱᚪᛈᛈᚪᛋ,361
sapsago,4676,0,ᛋᚪᛈᛋᚪᚷᚩ,367
numbles,4676,0,ᚾᚢᛗᛒᛚᛖᛋ,357
gurnets,4675,0,ᚷᚢᚱᚾᛖᛏᛋ,239
scrowle,4673,0,ᛋᚳᚱᚩᚹᛚᛖ,243
dispred,4672,0,ᛞᛁᛋᛈᚱᛖᛞ,383
galateas,4665,0,ᚷᚪᛚᚪᛏᛠᛋ,505
deterge,4664,0,ᛞᛖᛏᛖᚱᚷᛖ,377
tollmen,4657,0,ᛏᚩᛚᛚᛗᛖᚾ,379
favonian,4656,0,ᚠᚪᚢᚩᚾᛡᚾ,274
knobber,4653,0,ᚳᚾᚩᛒᛒᛖᚱ,249
friskings,4640,0,ᚠᚱᛁᛋᚳᛝᛋ,242
banzais,4635,0,ᛒᚪᚾᛋᚪᛁᛋ,421
typhons,4632,0,ᛏᚣᛈᚻᚩᚾᛋ,317
ergotic,4631,0,ᛖᚱᚷᚩᛏᛁᚳ,205
pushier,4628,0,ᛈᚢᛋᚻᛁᛖᚱ,231
praisings,4620,0,ᛈᚱᚪᛁᛋᛝᛋ,367
misdealing,4620,0,ᛗᛁᛋᛞᛠᛚᛝ,505
hissingly,4620,0,ᚻᛁᛋᛋᛝᛚᚣ,415
fablers,4617,0,ᚠᚪᛒᛚᛖᚱᛋ,364
meropes,4614,0,ᛗᛖᚱᚩᛈᛖᛋ,319
thuggism,4606,0,ᚦᚢᚷᚷᛁᛋᛗ,197
arnatto,4599,0,ᚪᚱᚾᚪᛏᛏᚩ,359
prosier,4597,0,ᛈᚱᚩᛋᛁᛖᚱ,223
chiantis,4595,0,ᚳᚻᛡᚾᛏᛁᛋ,315
unurged,4594,0,ᚢᚾᚢᚱᚷᛖᛞ,219
lionizes,4592,0,ᛚᛡᚾᛁᛋᛖᛋ,413
nymphos,4591,0,ᚾᚣᛗᛈᚻᚩᛋ,329
nycturia,4577,0,ᚾᚣᚳᛏᚢᚱᛡ,325
galeres,4577,0,ᚷᚪᛚᛖᚱᛖᛋ,385
childly,4573,0,ᚳᚻᛁᛚᛞᛚᚣ,405
filliping,4564,0,ᚠᛁᛚᛚᛁᛈᛝ,332
twofers,4558,0,ᛏᚹᚩᚠᛖᚱᛋ,218
buirdly,4556,0,ᛒᚢᛁᚱᛞᛚᚣ,371
vivider,4545,0,ᚢᛁᚢᛁᛞᛖᚱ,235
visnomy,4544,0,ᚢᛁᛋᚾᚩᛗᚣ,297
airlike,4541,0,ᚪᛁᚱᛚᛁᚳᛖ,323
reassort,4540,0,ᚱᛠᛋᛋᚩᚱᛏ,303
earthnuts,4539,0,ᛠᚱᚦᚾᚢᛏᛋ,269
waddler,4532,0,ᚹᚪᛞᛞᛚᛖᚱ,445
leprose,4532,0,ᛚᛖᛈᚱᚩᛋᛖ,321
gaunted,4532,0,ᚷᚪᚢᚾᛏᛖᛞ,361
clerids,4532,0,ᚳᛚᛖᚱᛁᛞᛋ,337
balmily,4522,0,ᛒᚪᛚᛗᛁᛚᚣ,509
trampings,4518,0,ᛏᚱᚪᛗᛈᛝᛋ,413
anginous,4504,0,ᚪᛝᛁᚾᚩᚢᛋ,299
emplane,4496,0,ᛖᛗᛈᛚᚪᚾᛖ,447
saprobe,4494,0,ᛋᚪᛈᚱᚩᛒᛖ,339
jerkier,4491,0,ᛂᛖᚱᚳᛁᛖᚱ,237
cancans,4491,0,ᚳᚪᚾᚳᚪᚾᛋ,331
englobes,4487,0,ᛖᛝᛚᚩᛒᛖᛋ,407
dueller,4486,0,ᛞᚢᛖᛚᛚᛖᚱ,383
frontes,4484,0,ᚠᚱᚩᚾᛏᛖᛋ,228
princox,4482,0,ᛈᚱᛁᚾᚳᚩᛉ,181
havened,4480,0,ᚻᚪᚢᛖᚾᛖᛞ,375
disbars,4458,0,ᛞᛁᛋᛒᚪᚱᛋ,395
comfier,4458,0,ᚳᚩᛗᚠᛁᛖᚱ,202
bonnies,4457,0,ᛒᚩᚾᚾᛁᛖᛋ,277
siriasis,4441,0,ᛋᛁᚱᛡᛋᛁᛋ,339
anights,4433,0,ᚪᚾᛁᚷᚻᛏᛋ,309
caroche,4428,0,ᚳᚪᚱᚩᚳᚻᛖ,231
cajoler,4423,0,ᚳᚪᛂᚩᛚᛖᚱ,305
creances,4422,0,ᚳᚱᛠᚾᚳᛖᛋ,295
mistime,4421,0,ᛗᛁᛋᛏᛁᛗᛖ,383
atonies,4421,0,ᚪᛏᚩᚾᛁᛖᛋ,343
decayer,4420,0,ᛞᛖᚳᚪᚣᛖᚱ,447
genevas,4415,0,ᚷᛖᚾᛖᚢᚪᛋ,333
squabby,4401,0,ᛋᚳᚹᚪᛒᛒᚣ,407
kebbuck,4396,0,ᚳᛖᛒᛒᚢᚳᚳ,231
flaunty,4396,0,ᚠᛚᚪᚢᚾᛏᚣ,366
anurous,4393,0,ᚪᚾᚢᚱᚩᚢᛋ,203
unopening,4389,0,ᚢᚾᚩᛈᛖᚾᛝ,257
gloamings,4385,0,ᚷᛚᚩᚪᛗᛝᛋ,397
imbrown,4384,0,ᛁᛗᛒᚱᚩᚹᚾ,229
kelsons,4382,0,ᚳᛖᛚᛋᚩᚾᛋ,295
duelers,4371,0,ᛞᚢᛖᛚᛖᚱᛋ,363
dustheaps,4369,0,ᛞᚢᛋᚦᛠᛈᛋ,355
glancings,4359,0,ᚷᛚᚪᚾᚳᛝᛋ,361
fuddles,4352,0,ᚠᚢᛞᛞᛚᛖᛋ,376
nictating,4350,0,ᚾᛁᚳᛏᚪᛏᛝ,367
hahnium,4342,0,ᚻᚪᚻᚾᛁᚢᛗ,277
garboil,4336,0,ᚷᚪᚱᛒᚩᛁᛚ,297
evulsed,4329,0,ᛖᚢᚢᛚᛋᛖᛞ,355
gladdon,4327,0,ᚷᛚᚪᛞᛞᚩᚾ,401
achenial,4324,0,ᚪᚳᚻᛖᚾᛡᛚ,409
prevues,4322,0,ᛈᚱᛖᚢᚢᛖᛋ,247
redeyes,4320,0,ᚱᛖᛞᛖᚣᛖᛋ,457
chillings,4317,0,ᚳᚻᛁᛚᛚᛝᛋ,345
ensuant,4315,0,ᛖᚾᛋᚢᚪᚾᛏ,337
unpathed,4313,0,ᚢᚾᛈᚪᚦᛖᛞ,333
squealings,4312,0,ᛋᚳᚹᛠᛚᛝᛋ,399
skreigh,4305,0,ᛋᚳᚱᛖᛁᚷᚻ,215
mettles,4304,0,ᛗᛖᛏᛏᛚᛖᛋ,449
chokies,4302,0,ᚳᚻᚩᚳᛁᛖᛋ,207
holloas,4297,0,ᚻᚩᛚᛚᚩᚪᛋ,333
bushers,4292,0,ᛒᚢᛋᚻᛖᚱᛋ,271
tushery,4275,0,ᛏᚢᛋᚻᛖᚱᚣ,319
sheilings,4274,0,ᛋᚻᛖᛁᛚᛝᛋ,379
ramonas,4271,0,ᚱᚪᛗᚩᚾᚪᛋ,365
outcrying,4271,0,ᚩᚢᛏᚳᚱᚣᛝ,275
simooms,4268,0,ᛋᛁᛗᚩᚩᛗᛋ,293
anelace,4267,0,ᚪᚾᛖᛚᚪᚳᛖ,443
wayless,4266,0,ᚹᚪᚣᛚᛖᛋᛋ,465
previse,4266,0,ᛈᚱᛖᚢᛁᛋᛖ,275
undight,4262,0,ᚢᚾᛞᛁᚷᚻᛏ,251
edacious,4262,0,ᛖᛞᚪᚳᛡᚢᛋ,429
duncery,4255,0,ᛞᚢᚾᚳᛖᚱᚣ,315
anapsid,4254,0,ᚪᚾᚪᛈᛋᛁᛞ,439
leggier,4252,0,ᛚᛖᚷᚷᛁᛖᚱ,283
mutably,4251,0,ᛗᚢᛏᚪᛒᛚᚣ,467
earwigging,4247,0,ᛠᚱᚹᛁᚷᚷᛝ,283
retypes,4245,0,ᚱᛖᛏᚣᛈᛖᛋ,403
fanwort,4241,0,ᚠᚪᚾᚹᚩᚱᛏ,224
ventail,4240,0,ᚢᛖᚾᛏᚪᛁᛚ,359
samshoo,4240,0,ᛋᚪᛗᛋᚻᚩᚩ,311
cowpock,4240,0,ᚳᚩᚹᛈᚩᚳᚳ,115
seethingly,4239,0,ᛋᛖᛖᚦᛝᛚᚣ,447
celtuce,4239,0,ᚳᛖᛚᛏᚢᚳᛖ,295
shoughs,4238,0,ᛋᚻᚩᚢᚷᚻᛋ,179
buccula,4237,0,ᛒᚢᚳᚳᚢᛚᚪ,263
speeching,4236,0,ᛋᛈᛖᛖᚳᚻᛝ,345
burrhel,4234,0,ᛒᚢᚱᚱᚻᛖᛚ,249
pertake,4225,0,ᛈᛖᚱᛏᚪᚳᛖ,357
notelet,4224,0,ᚾᚩᛏᛖᛚᛖᛏ,361
loathful,4223,0,ᛚᚩᚪᚦᚠᚢᛚ,260
totties,4222,0,ᛏᚩᛏᛏᛁᛖᛋ,335
unseared,4219,0,ᚢᚾᛋᛠᚱᛖᛞ,361
owllike,4217,0,ᚩᚹᛚᛚᛁᚳᛖ,283
smugger,4213,0,ᛋᛗᚢᚷᚷᛖᚱ,239
clovery,4213,0,ᚳᛚᚩᚢᛖᚱᚣ,277
gymslip,4194,0,ᚷᚣᛗᛋᛚᛁᛈ,391
mammons,4193,0,ᛗᚪᛗᛗᚩᚾᛋ,399
dasturi,4191,0,ᛞᚪᛋᛏᚢᚱᛁ,343
soggier,4184,0,ᛋᚩᚷᚷᛁᛖᚱ,203
cinques,4184,0,ᚳᛁᚾᚳᚹᛖᛋ,225
dizzard,4183,0,ᛞᛁᛋᛋᚪᚱᛞ,423
chunter,4181,0,ᚳᚻᚢᚾᛏᛖᚱ,205
ardrigh,4178,0,ᚪᚱᛞᚱᛁᚷᚻ,279
frothily,4172,0,ᚠᚱᚩᚦᛁᛚᚣ,232
locoism,4169,0,ᛚᚩᚳᚩᛁᛋᛗ,255
gawkily,4169,0,ᚷᚪᚹᚳᛁᛚᚣ,353
faitour,4169,0,ᚠᚪᛁᛏᚩᚢᚱ,210
thuggees,4162,0,ᚦᚢᚷᚷᛖᛖᛋ,229
smoored,4162,0,ᛋᛗᚩᚩᚱᛖᛞ,305
plethory,4159,0,ᛈᛚᛖᚦᚩᚱᚣ,309
townees,4155,0,ᛏᚩᚹᚾᛖᛖᛋ,301
stenching,4146,0,ᛋᛏᛖᚾᚳᚻᛝ,323
pitapat,4146,0,ᛈᛁᛏᚪᛈᚪᛏ,429
elegize,4138,0,ᛖᛚᛖᚷᛁᛋᛖ,375
shticks,4136,0,ᛋᚻᛏᛁᚳᚳᛋ,245
teflons,4130,0,ᛏᛖᚠᛚᚩᚾᛋ,290
flubdub,4127,0,ᚠᛚᚢᛒᛞᚢᛒ,292
malkins,4124,0,ᛗᚪᛚᚳᛁᚾᛋ,367
galoche,4123,0,ᚷᚪᛚᚩᚳᚻᛖ,297
reneger,4121,0,ᚱᛖᚾᛖᚷᛖᚱ,269
flannen,4120,0,ᚠᛚᚪᚾᚾᛖᚾ,326
dodonian,4119,0,ᛞᚩᛞᚩᚾᛡᚾ,357
picenian,4114,0,ᛈᛁᚳᛖᚾᛡᚾ,319
amoebaean,4113,0,ᚪᛗᛟᛒᚫᚪᚾ,539
coryzas,4112,0,ᚳᚩᚱᚣᛋᚪᛋ,337
crotals,4110,0,ᚳᚱᚩᛏᚪᛚᛋ,313
rowleian,4109,0,ᚱᚩᚹᛚᛖᛡᚾ,313
outflying,4107,0,ᚩᚢᛏᚠᛚᚣᛝ,326
magicking,4103,0,ᛗᚪᚷᛁᚳᚳᛝ,321
rhumbas,4098,0,ᚱᚻᚢᛗᛒᚪᛋ,319
stylise,4095,0,ᛋᛏᚣᛚᛁᛋᛖ,439
barnful,4094,0,ᛒᚪᚱᚾᚠᚢᛚ,276
outroar,4093,0,ᚩᚢᛏᚱᚩᚪᚱ,195
ringsters,4092,0,ᚱᛝᛋᛏᛖᚱᛋ,333
tittery,4091,0,ᛏᛁᛏᛏᛖᚱᚣ,389
indabas,4086,0,ᛁᚾᛞᚪᛒᚪᛋ,457
respell,4084,0,ᚱᛖᛋᛈᛖᛚᛚ,387
margays,4081,0,ᛗᚪᚱᚷᚪᚣᛋ,449
periostea,4080,0,ᛈᛖᚱᛡᛋᛏᛠ,449
chasmal,4076,0,ᚳᚻᚪᛋᛗᚪᛚ,427
biffins,4069,0,ᛒᛁᚠᚠᛁᚾᛋ,209
raftmen,4063,0,ᚱᚪᚠᛏᛗᛖᚾ,336
timbals,4053,0,ᛏᛁᛗᛒᚪᛚᛋ,445
tuckets,4049,0,ᛏᚢᚳᚳᛖᛏᛋ,267
raddles,4048,0,ᚱᚪᛞᛞᛚᛖᛋ,479
navally,4047,0,ᚾᚪᚢᚪᛚᛚᚣ,475
wisards,4043,0,ᚹᛁᛋᚪᚱᛞᛋ,353
pinnula,4043,0,ᛈᛁᚾᚾᚢᛚᚪ,305
exotism,4041,0,ᛖᛉᚩᛏᛁᛋᛗ,335
ethereous,4041,0,ᛖᚦᛖᚱᛇᚢᛋ,247
swankie,4038,0,ᛋᚹᚪᚾᚳᛁᛖ,309
glibber,4036,0,ᚷᛚᛁᛒᛒᛖᚱ,321
horsier,4030,0,ᚻᚩᚱᛋᛁᛖᚱ,203
phlegms,4024,0,ᛈᚻᛚᛖᚷᛗᛋ,347
tarmacs,4022,0,ᛏᚪᚱᛗᚪᚳᛋ,401
scrimpy,4018,0,ᛋᚳᚱᛁᛗᛈᚣ,325
spinier,4016,0,ᛋᛈᛁᚾᛁᛖᚱ,265
ophryon,4015,0,ᚩᛈᚻᚱᚣᚩᚾ,223
serenes,4012,0,ᛋᛖᚱᛖᚾᛖᛋ,347
ostents,4012,0,ᚩᛋᛏᛖᚾᛏᛋ,327
bishoping,4011,0,ᛒᛁᛋᚻᚩᛈᛝ,297
puddens,4000,0,ᛈᚢᛞᛞᛖᚾᛋ,373
claught,3999,0,ᚳᛚᚪᚢᚷᚻᛏ,285
junonian,3996,0,ᛂᚢᚾᚩᚾᛡᚾ,241
stoopes,3994,0,ᛋᛏᚩᚩᛈᛖᛋ,289
edifier,3994,0,ᛖᛞᛁᚠᛁᛖᚱ,298
dottier,3973,0,ᛞᚩᛏᛏᛁᛖᚱ,323
tenably,3964,0,ᛏᛖᚾᚪᛒᛚᚣ,489
vibgyor,3962,0,ᚢᛁᛒᚷᚣᚩᚱ,233
regorge,3959,0,ᚱᛖᚷᚩᚱᚷᛖ,197
diffame,3958,0,ᛞᛁᚠᚠᚪᛗᛖ,359
wearyingly,3948,0,ᚹᛠᚱᚣᛝᛚᚣ,497
unwitty,3948,0,ᚢᚾᚹᛁᛏᛏᚣ,303
dortour,3942,0,ᛞᚩᚱᛏᚩᚢᚱ,187
stonish,3931,0,ᛋᛏᚩᚾᛁᛋᚻ,255
spodium,3929,0,ᛋᛈᚩᛞᛁᚢᛗ,297
actinias,3929,0,ᚪᚳᛏᛁᚾᛡᛋ,389
worryings,3926,0,ᚹᚩᚱᚱᚣᛝᛋ,283
belauding,3925,0,ᛒᛖᛚᚪᚢᛞᛝ,469
thimbled,3923,0,ᚦᛁᛗᛒᛚᛖᛞ,397
immixed,3923,0,ᛁᛗᛗᛁᛉᛖᛞ,407
grumose,3922,0,ᚷᚱᚢᛗᚩᛋᛖ,229
loments,3921,0,ᛚᚩᛗᛖᚾᛏᛋ,359
bejewel,3921,0,ᛒᛖᛂᛖᚹᛖᛚ,391
maidism,3914,0,ᛗᚪᛁᛞᛁᛋᛗ,443
hosties,3907,0,ᚻᚩᛋᛏᛁᛖᛋ,293
embased,3902,0,ᛖᛗᛒᚪᛋᛖᛞ,505
sexpots,3901,0,ᛋᛖᛉᛈᚩᛏᛋ,329
unstuff,3898,0,ᚢᚾᛋᛏᚢᚠᚠ,151
romaika,3898,0,ᚱᚩᛗᚪᛁᚳᚪ,327
torpors,3891,0,ᛏᚩᚱᛈᚩᚱᛋ,191
townful,3890,0,ᛏᚩᚹᚾᚠᚢᛚ,192
abseils,3879,0,ᚪᛒᛋᛖᛁᛚᛋ,435
rulable,3878,0,ᚱᚢᛚᚪᛒᛚᛖ,385
staghead,3873,0,ᛋᛏᚪᚷᚻᛠᛞ,447
swithers,3870,0,ᛋᚹᛁᚦᛖᚱᛋ,239
dulcify,3863,0,ᛞᚢᛚᚳᛁᚠᚣ,314
jemimas,3857,0,ᛂᛖᛗᛁᛗᚪᛋ,427
outflew,3854,0,ᚩᚢᛏᚠᛚᛖᚹ,230
debaser,3851,0,ᛞᛖᛒᚪᛋᛖᚱ,445
coignes,3847,0,ᚳᚩᛁᚷᚾᛖᛋ,217
snakily,3845,0,ᛋᚾᚪᚳᛁᛚᚣ,399
croonings,3845,0,ᚳᚱᚩᚩᚾᛝᛋ,199
cissies,3843,0,ᚳᛁᛋᛋᛁᛖᛋ,301
canthari,3843,0,ᚳᚪᚾᚦᚪᚱᛁ,283
levants,3835,0,ᛚᛖᚢᚪᚾᛏᛋ,381
clangors,3831,0,ᚳᛚᚪᛝᚩᚱᛋ,333
fanweed,3821,0,ᚠᚪᚾᚹᛖᛖᛞ,370
shoneen,3815,0,ᛋᚻᚩᚾᛖᛖᚾ,275
undrape,3808,0,ᚢᚾᛞᚱᚪᛈᛖ,339
deboner,3805,0,ᛞᛖᛒᚩᚾᛖᚱ,331
lurdane,3802,0,ᛚᚢᚱᛞᚪᚾᛖ,369
trigamy,3800,0,ᛏᚱᛁᚷᚪᛗᚣ,389
brokery,3798,0,ᛒᚱᚩᚳᛖᚱᚣ,273
escarps,3781,0,ᛖᛋᚳᚪᚱᛈᛋ,337
bluewings,3781,0,ᛒᛚᚢᛖᚹᛝᛋ,355
aggrate,3781,0,ᚪᚷᚷᚱᚪᛏᛖ,365
headpins,3777,0,ᚻᛠᛞᛈᛁᚾᛋ,377
piffero,3774,0,ᛈᛁᚠᚠᛖᚱᚩ,163
latinic,3771,0,ᛚᚪᛏᛁᚾᛁᚳ,333
faitors,3767,0,ᚠᚪᛁᛏᚩᚱᛋ,260
fleawort,3759,0,ᚠᛚᛠᚹᚩᚱᛏ,280
moaningly,3751,0,ᛗᚩᚪᚾᛝᛚᚣ,459
mobsmen,3750,0,ᛗᚩᛒᛋᛗᛖᚾ,359
ciboule,3746,0,ᚳᛁᛒᚩᚢᛚᛖ,255
unteaching,3743,0,ᚢᚾᛏᛠᚳᚻᛝ,315
looneys,3743,0,ᛚᚩᚩᚾᛖᚣᛋ,339
pageful,3741,0,ᛈᚪᚷᛖᚠᚢᛚ,302
strumas,3736,0,ᛋᛏᚱᚢᛗᚪᛋ,347
haffets,3732,0,ᚻᚪᚠᚠᛖᛏᛋ,303
seidels,3725,0,ᛋᛖᛁᛞᛖᛚᛋ,433
unsmote,3724,0,ᚢᚾᛋᛗᚩᛏᛖ,289
chiasmas,3722,0,ᚳᚻᛡᛋᛗᚪᛋ,417
skelped,3720,0,ᛋᚳᛖᛚᛈᛖᛞ,405
dowdier,3718,0,ᛞᚩᚹᛞᛁᛖᚱ,313
unclogs,3711,0,ᚢᚾᚳᛚᚩᚷᛋ,195
fantoms,3705,0,ᚠᚪᚾᛏᚩᛗᛋ,318
pavises,3703,0,ᛈᚪᚢᛁᛋᛖᛋ,347
raglans,3700,0,ᚱᚪᚷᛚᚪᚾᛋ,377
miniums,3700,0,ᛗᛁᚾᛁᚢᛗᛋ,289
arguses,3696,0,ᚪᚱᚷᚢᛋᛖᛋ,301
pedesis,3695,0,ᛈᛖᛞᛖᛋᛁᛋ,403
forcats,3694,0,ᚠᚩᚱᚳᚪᛏᛋ,242
astoned,3690,0,ᚪᛋᛏᚩᚾᛖᛞ,401
brevete,3683,0,ᛒᚱᛖᚢᛖᛏᛖ,335
breathier,3676,0,ᛒᚱᛠᚦᛁᛖᚱ,295
dibbers,3674,0,ᛞᛁᛒᛒᛖᚱᛋ,373
simnels,3670,0,ᛋᛁᛗᚾᛖᛚᛋ,377
boughts,3665,0,ᛒᚩᚢᚷᚻᛏᛋ,223
comether,3654,0,ᚳᚩᛗᛖᚦᛖᚱ,241
bestuck,3654,0,ᛒᛖᛋᛏᚢᚳᚳ,269
twinter,3650,0,ᛏᚹᛁᚾᛏᛖᚱ,275
stibble,3650,0,ᛋᛏᛁᛒᛒᛚᛖ,405
stringier,3647,0,ᛋᛏᚱᛝᛁᛖᚱ,311
kerugma,3647,0,ᚳᛖᚱᚢᚷᛗᚪ,279
spredding,3644,0,ᛋᛈᚱᛖᛞᛞᛝ,431
flirtings,3643,0,ᚠᛚᛁᚱᛏᛝᛋ,308
inulins,3641,0,ᛁᚾᚢᛚᛁᚾᛋ,249
adnouns,3640,0,ᚪᛞᚾᚩᚢᚾᛋ,307
misfile,3638,0,ᛗᛁᛋᚠᛁᛚᛖ,328
borages,3635,0,ᛒᚩᚱᚪᚷᛖᛋ,313
sowbread,3631,0,ᛋᚩᚹᛒᚱᛠᛞ,349
pyrolas,3631,0,ᛈᚣᚱᚩᛚᚪᛋ,387
hatfuls,3631,0,ᚻᚪᛏᚠᚢᛚᛋ,310
upthrows,3627,0,ᚢᛈᚦᚱᚩᚹᛋ,141
cowheel,3624,0,ᚳᚩᚹᚻᛖᛖᛚ,269
bigeyes,3619,0,ᛒᛁᚷᛖᚣᛖᛋ,399
mueddin,3609,0,ᛗᚢᛖᛞᛞᛁᚾ,379
bonsais,3607,0,ᛒᚩᚾᛋᚪᛁᛋ,331
tarpans,3605,0,ᛏᚪᚱᛈᚪᚾᛋ,389
unvital,3601,0,ᚢᚾᚢᛁᛏᚪᛚ,295
roynish,3601,0,ᚱᚩᚣᚾᛁᛋᚻ,257
myelins,3601,0,ᛗᚣᛖᛚᛁᚾᛋ,427
selcouth,3599,0,ᛋᛖᛚᚳᚩᚢᚦ,221
laggingly,3591,0,ᛚᚪᚷᚷᛝᛚᚣ,459
janglers,3581,0,ᛂᚪᛝᛚᛖᚱᛋ,417
venally,3577,0,ᚢᛖᚾᚪᛚᛚᚣ,445
mammets,3577,0,ᛗᚪᛗᛗᛖᛏᛋ,489
amusers,3574,0,ᚪᛗᚢᛋᛖᚱᛋ,355
platans,3562,0,ᛈᛚᚪᛏᚪᚾᛋ,451
dacryon,3559,0,ᛞᚪᚳᚱᚣᚩᚾ,349
scarres,3557,0,ᛋᚳᚪᚱᚱᛖᛋ,305
queasier,3555,0,ᚳᚹᛠᛋᛁᛖᚱ,303
lingeries,3553,0,ᛚᛝᛖᚱᛁᛖᛋ,381
letches,3550,0,ᛚᛖᛏᚳᚻᛖᛋ,355
stenchy,3541,0,ᛋᛏᛖᚾᚳᚻᚣ,347
croupes,3539,0,ᚳᚱᚩᚢᛈᛖᛋ,197
snibbed,3538,0,ᛋᚾᛁᛒᛒᛖᛞ,391
studdie,3528,0,ᛋᛏᚢᛞᛞᛁᛖ,391
joannas,3524,0,ᛂᚩᚪᚾᚾᚪᛋ,349
losable,3521,0,ᛚᚩᛋᚪᛒᛚᛖ,431
dighted,3520,0,ᛞᛁᚷᚻᛏᛖᛞ,375
mortary,3519,0,ᛗᚩᚱᛏᚪᚱᚣ,359
becalms,3518,0,ᛒᛖᚳᚪᛚᛗᛋ,435
unlegal,3513,0,ᚢᚾᛚᛖᚷᚪᛚ,359
votress,3512,0,ᚢᚩᛏᚱᛖᛋᛋ,253
heroins,3507,0,ᚻᛖᚱᚩᛁᚾᛋ,221
tenours,3506,0,ᛏᛖᚾᚩᚢᚱᛋ,229
hangbird,3504,0,ᚻᚪᛝᛒᛁᚱᛞ,391
fetialis,3504,0,ᚠᛖᛏᛡᛚᛁᛋ,392
recoyle,3500,0,ᚱᛖᚳᚩᚣᛚᛖ,341
miskals,3496,0,ᛗᛁᛋᚳᚪᛚᛋ,391
suwandi,3493,0,ᛋᚢᚹᚪᚾᛞᛁ,321
grillings,3493,0,ᚷᚱᛁᛚᛚᛝᛋ,337
gosmore,3491,0,ᚷᚩᛋᛗᚩᚱᛖ,233
pyebald,3487,0,ᛈᚣᛖᛒᚪᛚᛞ,533
unlades,3485,0,ᚢᚾᛚᚪᛞᛖᛋ,411
beautied,3485,0,ᛒᛠᚢᛏᛁᛖᛞ,419
desines,3481,0,ᛞᛖᛋᛁᚾᛖᛋ,389
mashies,3480,0,ᛗᚪᛋᚻᛁᛖᛋ,395
availes,3476,0,ᚪᚢᚪᛁᛚᛖᛋ,421
flouter,3475,0,ᚠᛚᚩᚢᛏᛖᚱ,222
jabirus,3474,0,ᛂᚪᛒᛁᚱᚢᛋ,293
variolic,3472,0,ᚢᚪᚱᛡᛚᛁᚳ,335
proponing,3467,0,ᛈᚱᚩᛈᚩᚾᛝ,219
vomiter,3460,0,ᚢᚩᛗᛁᛏᛖᚱ,249
scorper,3458,0,ᛋᚳᚩᚱᛈᛖᚱ,205
potboys,3458,0,ᛈᚩᛏᛒᚩᚣᛋ,333
tapists,3443,0,ᛏᚪᛈᛁᛋᛏᛋ,395
nervily,3439,0,ᚾᛖᚱᚢᛁᛚᚣ,317
motiles,3439,0,ᛗᚩᛏᛁᛚᛖᛋ,361
bigheads,3437,0,ᛒᛁᚷᚻᛠᛞᛋ,383
impeder,3436,0,ᛁᛗᛈᛖᛞᛖᚱ,379
pussley,3429,0,ᛈᚢᛋᛋᛚᛖᚣ,395
tawnier,3426,0,ᛏᚪᚹᚾᛁᛖᚱ,313
belight,3421,0,ᛒᛖᛚᛁᚷᚻᛏ,331
fondler,3414,0,ᚠᚩᚾᛞᛚᛖᚱ,278
khilats,3413,0,ᚳᚻᛁᛚᚪᛏᛋ,349
argalis,3413,0,ᚪᚱᚷᚪᛚᛁᛋ,379
provend,3411,0,ᛈᚱᚩᚢᛖᚾᛞ,249
linecut,3401,0,ᛚᛁᚾᛖᚳᚢᛏ,275
lateens,3397,0,ᛚᚪᛏᛖᛖᚾᛋ,445
darkled,3397,0,ᛞᚪᚱᚳᛚᛖᛞ,439
ginmill,3390,0,ᚷᛁᚾᛗᛁᛚᛚ,325
quirted,3388,0,ᚳᚹᛁᚱᛏᛖᛞ,289
ceriman,3386,0,ᚳᛖᚱᛁᛗᚪᚾ,319
uglifying,3385,0,ᚢᚷᛚᛁᚠᚣᛝ,308
sledder,3384,0,ᛋᛚᛖᛞᛞᛖᚱ,449
epilate,3378,0,ᛖᛈᛁᛚᚪᛏᛖ,437
nervier,3362,0,ᚾᛖᚱᚢᛁᛖᚱ,219
mackles,3356,0,ᛗᚪᚳᚳᛚᛖᛋ,387
niftier,3355,0,ᚾᛁᚠᛏᛁᛖᚱ,230
frothier,3354,0,ᚠᚱᚩᚦᛁᛖᚱ,134
fennish,3351,0,ᚠᛖᚾᚾᛁᛋᚻ,234
moblike,3350,0,ᛗᚩᛒᛚᛁᚳᛖ,323
savvied,3349,0,ᛋᚪᚢᚢᛁᛖᛞ,343
plumbings,3348,0,ᛈᛚᚢᛗᛒᛝᛋ,383
mananas,3346,0,ᛗᚪᚾᚪᚾᚪᛋ,473
phonier,3345,0,ᛈᚻᚩᚾᛁᛖᚱ,211
monilias,3339,0,ᛗᚩᚾᛁᛚᛡᛋ,371
perchings,3330,0,ᛈᛖᚱᚳᚻᛝᛋ,289
remuage,3329,0,ᚱᛖᛗᚢᚪᚷᛖ,333
untreed,3325,0,ᚢᚾᛏᚱᛖᛖᛞ,325
tercels,3325,0,ᛏᛖᚱᚳᛖᛚᛋ,343
unchoke,3321,0,ᚢᚾᚳᚻᚩᚳᛖ,155
wingbacks,3318,0,ᚹᛝᛒᚪᚳᚳᛋ,335
drolled,3318,0,ᛞᚱᚩᛚᛚᛖᛞ,409
escoted,3317,0,ᛖᛋᚳᚩᛏᛖᛞ,355
imarets,3311,0,ᛁᛗᚪᚱᛖᛏᛋ,389
kludges,3307,0,ᚳᛚᚢᛞᚷᛖᛋ,315
ericius,3306,0,ᛖᚱᛁᚳᛁᚢᛋ,209
genipap,3301,0,ᚷᛖᚾᛁᛈᚪᛈ,327
lispingly,3297,0,ᛚᛁᛋᛈᛝᛚᚣ,455
apishly,3296,0,ᚪᛈᛁᛋᚻᛚᚣ,423
energid,3295,0,ᛖᚾᛖᚱᚷᛁᛞ,311
abvolts,3292,0,ᚪᛒᚢᚩᛚᛏᛋ,353
outdare,3287,0,ᚩᚢᛏᛞᚪᚱᛖ,333
sinuating,3274,0,ᛋᛁᚾᚢᚪᛏᛝ,351
caserns,3272,0,ᚳᚪᛋᛖᚱᚾᛋ,323
treacles,3267,0,ᛏᚱᛠᚳᛚᛖᛋ,385
reannexing,3266,0,ᚱᛠᚾᚾᛖᛉᛝ,371
paleolith,3262,0,ᛈᚪᛚᛇᛚᛁᚦ,363
idiopathy,3260,0,ᛁᛞᛡᛈᚪᚦᚣ,475
tinnier,3258,0,ᛏᛁᚾᚾᛁᛖᚱ,257
dandier,3255,0,ᛞᚪᚾᛞᛁᛖᚱ,413
ecdemic,3254,0,ᛖᚳᛞᛖᛗᛁᚳ,351
bisaltae,3254,0,ᛒᛁᛋᚪᛚᛏᚫ,475
sapheads,3251,0,ᛋᚪᛈᚻᛠᛞᛋ,467
piddler,3250,0,ᛈᛁᛞᛞᛚᛖᚱ,403
venatic,3246,0,ᚢᛖᚾᚪᛏᛁᚳ,299
unspilt,3243,0,ᚢᚾᛋᛈᛁᛚᛏ,291
lothness,3241,0,ᛚᚩᚦᚾᛖᛋᛋ,287
burgles,3238,0,ᛒᚢᚱᚷᛚᛖᛋ,285
stumpings,3237,0,ᛋᛏᚢᛗᛈᛝᛋ,361
tuffets,3227,0,ᛏᚢᚠᚠᛖᛏᛋ,245
shandry,3227,0,ᛋᚻᚪᚾᛞᚱᚣ,405
ashcake,3226,0,ᚪᛋᚻᚳᚪᚳᛖ,363
peacoats,3225,0,ᛈᛠᚳᚩᚪᛏᛋ,381
bedimming,3223,0,ᛒᛖᛞᛁᛗᛗᛝ,469
telfers,3222,0,ᛏᛖᛚᚠᛖᚱᛋ,332
lavabos,3221,0,ᛚᚪᚢᚪᛒᚩᛋ,391
oilfish,3215,0,ᚩᛁᛚᚠᛁᛋᚻ,220
misruling,3215,0,ᛗᛁᛋᚱᚢᛚᛝ,321
garblings,3215,0,ᚷᚪᚱᛒᛚᛝᛋ,391
pulasan,3214,0,ᛈᚢᛚᚪᛋᚪᚾ,395
justles,3202,0,ᛂᚢᛋᛏᛚᛖᛋ,345
chapeaus,3188,0,ᚳᚻᚪᛈᛠᚢᛋ,341
lichtly,3180,0,ᛚᛁᚳᚻᛏᛚᚣ,375
upcurling,3179,0,ᚢᛈᚳᚢᚱᛚᛝ,225
peeringly,3175,0,ᛈᛖᛖᚱᛝᛚᚣ,443
baygall,3164,0,ᛒᚪᚣᚷᚪᛚᛚ,521
ensnarl,3163,0,ᛖᚾᛋᚾᚪᚱᛚ,359
hottish,3156,0,ᚻᚩᛏᛏᛁᛋᚻ,255
xerotes,3155,0,ᛉᛖᚱᚩᛏᛖᛋ,311
whiffer,3153,0,ᚹᚻᛁᚠᚠᛖᚱ,155
gunites,3152,0,ᚷᚢᚾᛁᛏᛖᛋ,259
nonbeings,3143,0,ᚾᚩᚾᛒᛖᛝᛋ,325
remudas,3142,0,ᚱᛖᛗᚢᛞᚪᛋ,391
panayan,3135,0,ᛈᚪᚾᚪᚣᚪᚾ,495
shodden,3132,0,ᛋᚻᚩᛞᛞᛖᚾ,357
aurorean,3132,0,ᚪᚢᚱᚩᚱᛠᚾ,267
chinars,3130,0,ᚳᚻᛁᚾᚪᚱᛋ,257
squench,3124,0,ᛋᚳᚹᛖᚾᚳᚻ,217
pulsant,3111,0,ᛈᚢᛚᛋᚪᚾᛏ,357
harshen,3107,0,ᚻᚪᚱᛋᚻᛖᚾ,303
fleeching,3104,0,ᚠᛚᛖᛖᚳᚻᛝ,324
hungerer,3102,0,ᚻᚢᛝᛖᚱᛖᚱ,261
trilbys,3101,0,ᛏᚱᛁᛚᛒᚣᛋ,391
hectics,3093,0,ᚻᛖᚳᛏᛁᚳᛋ,259
thorites,3084,0,ᚦᚩᚱᛁᛏᛖᛋ,233
ruttier,3084,0,ᚱᚢᛏᛏᛁᛖᚱ,241
pakchoi,3078,0,ᛈᚪᚳᚳᚻᚩᛁ,227
brawlie,3075,0,ᛒᚱᚪᚹᛚᛁᛖ,359
knobble,3070,0,ᚳᚾᚩᛒᛒᛚᛖ,311
glaceed,3070,0,ᚷᛚᚪᚳᛖᛖᛞ,423
lathwork,3069,0,ᛚᚪᚦᚹᚩᚱᚳ,225
demonian,3069,0,ᛞᛖᛗᚩᚾᛡᚾ,399
untunes,3064,0,ᚢᚾᛏᚢᚾᛖᛋ,243
scuffer,3062,0,ᛋᚳᚢᚠᚠᛖᚱ,151
thumbnut,3058,0,ᚦᚢᛗᛒᚾᚢᛏ,231
weirdie,3056,0,ᚹᛖᛁᚱᛞᛁᛖ,315
beliers,3056,0,ᛒᛖᛚᛁᛖᚱᛋ,363
whumped,3052,0,ᚹᚻᚢᛗᛈᛖᛞ,315
shadufs,3049,0,ᛋᚻᚪᛞᚢᚠᛋ,320
ngaliema,3048,0,ᛝᚪᛚᛁᛖᛗᚪ,515
shrifts,3047,0,ᛋᚻᚱᛁᚠᛏᛋ,232
laughings,3046,0,ᛚᚪᚢᚷᚻᛝᛋ,345
pudgier,3045,0,ᛈᚢᛞᚷᛁᛖᚱ,261
moneran,3045,0,ᛗᚩᚾᛖᚱᚪᚾ,311
purringly,3041,0,ᛈᚢᚱᚱᛝᛚᚣ,323
sowbane,3039,0,ᛋᚩᚹᛒᚪᚾᛖ,333
phaethusa,3039,0,ᛈᚻᚫᚦᚢᛋᚪ,325
huzzahing,3032,0,ᚻᚢᛋᛋᚪᚻᛝ,331
jerkingly,3024,0,ᛂᛖᚱᚳᛝᛚᚣ,383
rammish,3014,0,ᚱᚪᛗᛗᛁᛋᚻ,357
winceys,3008,0,ᚹᛁᚾᚳᛖᚣᛋ,315
thirster,3004,0,ᚦᛁᚱᛋᛏᛖᚱ,237
foamier,3001,0,ᚠᚩᚪᛗᛁᛖᚱ,286
chrotta,2998,0,ᚳᚻᚱᚩᛏᛏᚪ,269
baggily,2988,0,ᛒᚪᚷᚷᛁᛚᚣ,399
respeaking,2986,0,ᚱᛖᛋᛈᛠᚳᛝ,375
courlan,2979,0,ᚳᚩᚢᚱᛚᚪᚾ,233
hubbubs,2978,0,ᚻᚢᛒᛒᚢᛒᛋ,265
sambars,2977,0,ᛋᚪᛗᛒᚪᚱᛋ,443
dammars,2976,0,ᛞᚪᛗᛗᚪᚱᛋ,489
thwarter,2975,0,ᚦᚹᚪᚱᛏᛖᚱ,269
blewits,2973,0,ᛒᛚᛖᚹᛁᛏᛋ,363
dumdums,2972,0,ᛞᚢᛗᛞᚢᛗᛋ,379
jampots,2971,0,ᛂᚪᛗᛈᚩᛏᛋ,367
filchings,2969,0,ᚠᛁᛚᚳᚻᛝᛋ,274
abjurer,2967,0,ᚪᛒᛂᚢᚱᛖᚱ,287
vivaces,2962,0,ᚢᛁᚢᚪᚳᛖᛋ,267
lutfisk,2957,0,ᛚᚢᛏᚠᛁᛋᚳ,234
exampling,2953,0,ᛖᛉᚪᛗᛈᛚᛝ,477
hyphening,2939,0,ᚻᚣᛈᚻᛖᚾᛝ,367
whedder,2937,0,ᚹᚻᛖᛞᛞᛖᚱ,365
paperer,2936,0,ᛈᚪᛈᛖᚱᛖᚱ,339
fishily,2929,0,ᚠᛁᛋᚻᛁᛚᚣ,316
aporose,2929,0,ᚪᛈᚩᚱᚩᛋᛖ,285
bonxies,2927,0,ᛒᚩᚾᛉᛁᛖᛋ,295
saltate,2923,0,ᛋᚪᛚᛏᚪᛏᛖ,505
joskins,2919,0,ᛂᚩᛋᚳᛁᚾᛋ,223
adermin,2919,0,ᚪᛞᛖᚱᛗᛁᚾ,395
tussahs,2907,0,ᛏᚢᛋᛋᚪᚻᛋ,341
coydogs,2907,0,ᚳᚩᚣᛞᚩᚷᛋ,289
feutred,2901,0,ᚠᛖᚢᛏᚱᛖᛞ,298
crottle,2899,0,ᚳᚱᚩᛏᛏᛚᛖ,289
hennins,2898,0,ᚻᛖᚾᚾᛁᚾᛋ,261
anosmias,2898,0,ᚪᚾᚩᛋᛗᛡᛋ,417
airdock,2898,0,ᚪᛁᚱᛞᚩᚳᚳ,261
wisents,2893,0,ᚹᛁᛋᛖᚾᛏᛋ,311
skelpin,2889,0,ᛋᚳᛖᛚᛈᛁᚾ,309
unrecking,2888,0,ᚢᚾᚱᛖᚳᚳᛝ,215
comedos,2888,0,ᚳᚩᛗᛖᛞᚩᛋ,307
bhistis,2887,0,ᛒᚻᛁᛋᛏᛁᛋ,311
sapotas,2886,0,ᛋᚪᛈᚩᛏᚪᛋ,409
seamanly,2884,0,ᛋᛠᛗᚪᚾᛚᚣ,535
muggier,2884,0,ᛗᚢᚷᚷᛁᛖᚱ,217
rampions,2882,0,ᚱᚪᛗᛈᛡᚾᛋ,411
puffily,2875,0,ᛈᚢᚠᚠᛁᛚᚣ,257
sinopis,2872,0,ᛋᛁᚾᚩᛈᛁᛋ,247
spelunk,2869,0,ᛋᛈᛖᛚᚢᚾᚳ,281
goldcup,2869,0,ᚷᚩᛚᛞᚳᚢᛈ,245
wightly,2866,0,ᚹᛁᚷᚻᛏᛚᚣ,325
niddering,2866,0,ᚾᛁᛞᛞᛖᚱᛝ,395
biovular,2853,0,ᛒᛡᚢᚢᛚᚪᚱ,355
gaudery,2852,0,ᚷᚪᚢᛞᛖᚱᚣ,387
netties,2850,0,ᚾᛖᛏᛏᛁᛖᛋ,365
turtler,2846,0,ᛏᚢᚱᛏᛚᛖᚱ,283
enticings,2842,0,ᛖᚾᛏᛁᚳᛝᛋ,331
ensurer,2841,0,ᛖᚾᛋᚢᚱᛖᚱ,241
meloids,2835,0,ᛗᛖᛚᚩᛁᛞᛋ,391
hazelly,2834,0,ᚻᚪᛋᛖᛚᛚᚣ,489
barytas,2832,0,ᛒᚪᚱᚣᛏᚪᛋ,481
alecost,2828,0,ᚪᛚᛖᚳᚩᛋᛏ,369
rallyings,2823,0,ᚱᚪᛚᛚᚣᛝᛋ,489
apieces,2821,0,ᚪᛈᛁᛖᚳᛖᛋ,371
tirages,2817,0,ᛏᛁᚱᚪᚷᛖᛋ,335
washins,2815,0,ᚹᚪᛋᚻᛁᚾᛋ,305
aiglets,2815,0,ᚪᛁᚷᛚᛖᛏᛋ,397
tubfuls,2813,0,ᛏᚢᛒᚠᚢᛚᛋ,254
chirked,2813,0,ᚳᚻᛁᚱᚳᛖᛞ,247
newsier,2811,0,ᚾᛖᚹᛋᛁᛖᚱ,277
labiated,2811,0,ᛚᚪᛒᛡᛏᛖᛞ,553
unspied,2801,0,ᚢᚾᛋᛈᛁᛖᛞ,315
palliard,2800,0,ᛈᚪᛚᛚᛡᚱᛞ,493
titanias,2791,0,ᛏᛁᛏᚪᚾᛡᛋ,435
stooper,2791,0,ᛋᛏᚩᚩᛈᛖᚱ,247
bullbat,2780,0,ᛒᚢᛚᛚᛒᚪᛏ,427
shebangs,2778,0,ᛋᚻᛖᛒᚪᛝᛋ,433
trepangs,2777,0,ᛏᚱᛖᛈᚪᛝᛋ,409
empight,2774,0,ᛖᛗᛈᛁᚷᚻᛏ,311
ectozoa,2774,0,ᛖᚳᛏᚩᛋᚩᚪ,303
yummier,2773,0,ᚣᚢᛗᛗᛁᛖᚱ,357
browden,2773,0,ᛒᚱᚩᚹᛞᛖᚾ,283
woodbin,2770,0,ᚹᚩᚩᛞᛒᛁᚾ,243
edacity,2763,0,ᛖᛞᚪᚳᛁᛏᚣ,459
burbots,2762,0,ᛒᚢᚱᛒᚩᛏᛋ,255
breastie,2761,0,ᛒᚱᛠᛋᛏᛁᛖ,391
toggler,2754,0,ᛏᚩᚷᚷᛚᛖᚱ,251
tomtate,2751,0,ᛏᚩᛗᛏᚪᛏᛖ,419
alehoof,2751,0,ᚪᛚᛖᚻᚩᚩᚠ,276
riboses,2750,0,ᚱᛁᛒᚩᛋᛖᛋ,283
unkinking,2748,0,ᚢᚾᚳᛁᚾᚳᛝ,197
sandheap,2748,0,ᛋᚪᚾᛞᚻᛠᛈ,443
kaoliangs,2748,0,ᚳᚪᚩᛚᛡᛝᛋ,429
dittied,2746,0,ᛞᛁᛏᛏᛁᛖᛞ,425
yawners,2739,0,ᚣᚪᚹᚾᛖᚱᛋ,379
cariere,2726,0,ᚳᚪᚱᛁᛖᚱᛖ,297
caducean,2726,0,ᚳᚪᛞᚢᚳᛠᚾ,353
calpack,2720,0,ᚳᚪᛚᛈᚪᚳᚳ,349
bleaters,2717,0,ᛒᛚᛠᛏᛖᚱᛋ,433
enamoring,2707,0,ᛖᚾᚪᛗᚩᚱᛝ,361
mobcaps,2706,0,ᛗᚩᛒᚳᚪᛈᛋ,345
wambles,2703,0,ᚹᚪᛗᛒᛚᛖᛋ,441
brumous,2701,0,ᛒᚱᚢᛗᚩᚢᛋ,209
needily,2698,0,ᚾᛖᛖᛞᛁᛚᚣ,459
greyhen,2697,0,ᚷᚱᛖᚣᚻᛖᚾ,317
minaces,2695,0,ᛗᛁᚾᚪᚳᛖᛋ,361
hoarier,2695,0,ᚻᚩᚪᚱᛁᛖᚱ,247
bilsted,2689,0,ᛒᛁᛚᛋᛏᛖᛞ,433
simlins,2683,0,ᛋᛁᛗᛚᛁᚾᛋ,341
trapezing,2682,0,ᛏᚱᚪᛈᛖᛋᛝ,409
formful,2676,0,ᚠᚩᚱᛗᚠᚢᛚ,169
greeces,2674,0,ᚷᚱᛖᛖᚳᛖᛋ,295
rescans,2673,0,ᚱᛖᛋᚳᚪᚾᛋ,323
begriming,2672,0,ᛒᛖᚷᚱᛁᛗᛝ,337
attones,2664,0,ᚪᛏᛏᚩᚾᛖᛋ,371
sleazily,2662,0,ᛋᛚᛠᛋᛁᛚᚣ,495
zestier,2659,0,ᛋᛖᛋᛏᛁᛖᚱ,341
nobbles,2653,0,ᚾᚩᛒᛒᛚᛖᛋ,351
towmond,2652,0,ᛏᚩᚹᛗᚩᚾᛞ,281
oughtnt,2652,0,ᚩᚢᚷᚻᛏᚾᛏ,197
humidly,2652,0,ᚻᚢᛗᛁᛞᛚᚣ,393
huffier,2650,0,ᚻᚢᚠᚠᛁᛖᚱ,139
variolar,2648,0,ᚢᚪᚱᛡᛚᚪᚱ,399
euprepia,2648,0,ᛖᚢᛈᚱᛖᛈᛡ,341
variolas,2646,0,ᚢᚪᚱᛡᛚᚪᛋ,441
tunably,2642,0,ᛏᚢᚾᚪᛒᛚᚣ,425
reaphook,2638,0,ᚱᛠᛈᚻᚩᚩᚳ,213
muskier,2635,0,ᛗᚢᛋᚳᛁᛖᚱ,249
imbrues,2634,0,ᛁᛗᛒᚱᚢᛖᛋ,297
asterial,2632,0,ᚪᛋᛏᛖᚱᛡᛚ,467
lechwes,2629,0,ᛚᛖᚳᚻᚹᛖᛋ,315
unpeopling,2626,0,ᚢᚾᛈᛇᛈᛚᛝ,311
velveting,2625,0,ᚢᛖᛚᚢᛖᛏᛝ,351
tapetis,2621,0,ᛏᚪᛈᛖᛏᛁᛋ,409
lariated,2619,0,ᛚᚪᚱᛡᛏᛖᛞ,503
starvings,2618,0,ᛋᛏᚪᚱᚢᛝᛋ,355
fleabags,2618,0,ᚠᛚᛠᛒᚪᚷᛋ,412
fleecie,2616,0,ᚠᛚᛖᛖᚳᛁᛖ,320
reedier,2615,0,ᚱᛖᛖᛞᛁᛖᚱ,343
zymases,2610,0,ᛋᚣᛗᚪᛋᛖᛋ,497
fainest,2606,0,ᚠᚪᛁᚾᛖᛋᛏ,338
wakener,2602,0,ᚹᚪᚳᛖᚾᛖᚱ,303
incuses,2602,0,ᛁᚾᚳᚢᛋᛖᛋ,249
osiered,2597,0,ᚩᛋᛁᛖᚱᛖᛞ,325
trouses,2594,0,ᛏᚱᚩᚢᛋᛖᛋ,253
soapier,2593,0,ᛋᚩᚪᛈᛁᛖᚱ,309
maypops,2593,0,ᛗᚪᚣᛈᚩᛈᛋ,417
lindies,2591,0,ᛚᛁᚾᛞᛁᛖᛋ,373
hippish,2587,0,ᚻᛁᛈᛈᛁᛋᚻ,247
tartest,2577,0,ᛏᚪᚱᛏᛖᛋᛏ,405
maliced,2574,0,ᛗᚪᛚᛁᚳᛖᛞ,441
niduses,2568,0,ᚾᛁᛞᚢᛋᛖᛋ,325
ridgeling,2565,0,ᚱᛁᛞᚷᛖᛚᛝ,367
acinose,2564,0,ᚪᚳᛁᚾᚩᛋᛖ,297
flooder,2558,0,ᚠᛚᚩᚩᛞᛖᚱ,256
spurner,2555,0,ᛋᛈᚢᚱᚾᛖᚱ,217
nailrod,2550,0,ᚾᚪᛁᛚᚱᚩᛞ,337
rechanging,2549,0,ᚱᛖᚳᚻᚪᛝᛝ,369
oldwife,2544,0,ᚩᛚᛞᚹᛁᚠᛖ,288
ridglings,2543,0,ᚱᛁᛞᚷᛚᛝᛋ,353
prancke,2539,0,ᛈᚱᚪᚾᚳᚳᛖ,273
isotony,2538,0,ᛁᛋᚩᛏᚩᚾᚣ,289
shinnes,2533,0,ᛋᚻᛁᚾᚾᛖᛋ,285
shiness,2533,0,ᛋᚻᛁᚾᛖᛋᛋ,309
ungoodly,2530,0,ᚢᛝᚩᚩᛞᛚᚣ,361
peasecod,2530,0,ᛈᛠᛋᛖᚳᚩᛞ,381
grigris,2524,0,ᚷᚱᛁᚷᚱᛁᛋ,171
tamarao,2523,0,ᛏᚪᛗᚪᚱᚪᚩ,439
aoudads,2522,0,ᚪᚩᚢᛞᚪᛞᛋ,435
lunulas,2518,0,ᛚᚢᚾᚢᛚᚪᛋ,331
nostocs,2517,0,ᚾᚩᛋᛏᚩᚳᛋ,221
webfeet,2510,0,ᚹᛖᛒᚠᛖᛖᛏ,342
outthrow,2509,0,ᚩᚢᛏᚦᚱᚩᚹ,111
hyraces,2507,0,ᚻᚣᚱᚪᚳᛖᛋ,367
spitzes,2505,0,ᛋᛈᛁᛏᛋᛖᛋ,359
bolivias,2505,0,ᛒᚩᛚᛁᚢᛡᛋ,335
enranged,2503,0,ᛖᚾᚱᚪᛝᛖᛞ,439
enneagon,2501,0,ᛖᚾᚾᛠᚷᚩᚾ,287
jellify,2491,0,ᛂᛖᛚᛚᛁᚠᚣ,386
peacocky,2488,0,ᛈᛠᚳᚩᚳᚳᚣ,301
flambes,2488,0,ᚠᛚᚪᛗᛒᛖᛋ,424
sengreen,2480,0,ᛋᛖᛝᚱᛖᛖᚾ,373
pedaler,2478,0,ᛈᛖᛞᚪᛚᛖᚱ,447
youward,2477,0,ᚣᚩᚢᚹᚪᚱᛞ,329
thwackings,2476,0,ᚦᚹᚪᚳᚳᛝᛋ,279
pappies,2476,0,ᛈᚪᛈᛈᛁᛖᛋ,377
malarian,2475,0,ᛗᚪᛚᚪᚱᛡᚾ,485
hominal,2469,0,ᚻᚩᛗᛁᚾᚪᛚ,331
nimiety,2468,0,ᚾᛁᛗᛁᛖᛏᚣ,391
darioles,2468,0,ᛞᚪᚱᛡᛚᛖᛋ,497
mustily,2462,0,ᛗᚢᛋᛏᛁᛚᚣ,393
bajardo,2458,0,ᛒᚪᛂᚪᚱᛞᚩ,399
glaciating,2455,0,ᚷᛚᚪᚳᛡᛏᛝ,445
smirker,2441,0,ᛋᛗᛁᚱᚳᛖᚱ,257
laicize,2441,0,ᛚᚪᛁᚳᛁᛋᛖ,365
tapiocas,2439,0,ᛏᚪᛈᛡᚳᚪᛋ,469
chuddar,2435,0,ᚳᚻᚢᛞᛞᚪᚱ,325
druncke,2430,0,ᛞᚱᚢᚾᚳᚳᛖ,225
swounding,2419,0,ᛋᚹᚩᚢᚾᛞᛝ,279
numdahs,2418,0,ᚾᚢᛗᛞᚪᚻᛋ,365
mizzens,2416,0,ᛗᛁᛋᛋᛖᚾᛋ,357
dearests,2416,0,ᛞᛠᚱᛖᛋᛏᛋ,441
replunging,2412,0,ᚱᛖᛈᛚᚢᛝᛝ,355
warison,2411,0,ᚹᚪᚱᛁᛋᚩᚾ,247
moanful,2409,0,ᛗᚩᚪᚾᚠᚢᛚ,282
potbank,2407,0,ᛈᚩᛏᛒᚪᚾᚳ,309
polyose,2406,0,ᛈᚩᛚᚣᚩᛋᛖ,353
worrits,2399,0,ᚹᚩᚱᚱᛁᛏᛋ,191
surceasing,2397,0,ᛋᚢᚱᚳᛠᛋᛝ,321
corsive,2394,0,ᚳᚩᚱᛋᛁᚢᛖ,185
birkies,2392,0,ᛒᛁᚱᚳᛁᛖᛋ,267
tipsier,2390,0,ᛏᛁᛈᛋᛁᛖᚱ,295
muzzler,2385,0,ᛗᚢᛋᛋᛚᛖᚱ,331
goemagot,2385,0,ᚷᛟᛗᚪᚷᚩᛏ,351
balatas,2378,0,ᛒᚪᛚᚪᛏᚪᛋ,537
felwort,2376,0,ᚠᛖᛚᚹᚩᚱᛏ,238
propyls,2367,0,ᛈᚱᚩᛈᚣᛚᛋ,333
quiddit,2365,0,ᚳᚹᛁᛞᛞᛁᛏ,331
malicho,2358,0,ᛗᚪᛚᛁᚳᚻᚩ,315
mudhook,2353,0,ᛗᚢᛞᚻᚩᚩᚳ,213
samites,2348,0,ᛋᚪᛗᛁᛏᛖᛋ,431
tutress,2347,0,ᛏᚢᛏᚱᛖᛋᛋ,305
droningly,2342,0,ᛞᚱᚩᚾᛝᛚᚣ,391
glamors,2338,0,ᚷᛚᚪᛗᚩᚱᛋ,329
bowless,2336,0,ᛒᚩᚹᛚᛖᛋᛋ,333
pranker,2334,0,ᛈᚱᚪᚾᚳᛖᚱ,271
maddish,2327,0,ᛗᚪᛞᛞᛁᛋᚻ,453
folkvang,2327,0,ᚠᚩᛚᚳᚢᚪᛝ,274
araceous,2326,0,ᚪᚱᚪᚳᛇᚢᛋ,315
skelpit,2321,0,ᛋᚳᛖᛚᛈᛁᛏ,339
outfoot,2321,0,ᚩᚢᛏᚠᚩᚩᛏ,144
inbreathe,2315,0,ᛁᚾᛒᚱᛠᚦᛖ,313
spattle,2314,0,ᛋᛈᚪᛏᛏᛚᛖ,451
roomily,2308,0,ᚱᚩᚩᛗᛁᛚᚣ,303
fermery,2308,0,ᚠᛖᚱᛗᛖᚱᚣ,332
drawler,2308,0,ᛞᚱᚪᚹᛚᛖᚱ,367
chymous,2302,0,ᚳᚻᚣᛗᚩᚢᛋ,273
unseeking,2301,0,ᚢᚾᛋᛖᛖᚳᛝ,311
sterved,2299,0,ᛋᛏᛖᚱᚢᛖᛞ,349
hegiras,2298,0,ᚻᛖᚷᛁᚱᚪᛋ,299
karsies,2297,0,ᚳᚪᚱᛋᛁᛖᛋ,325
duodene,2290,0,ᛞᚢᚩᛞᛖᚾᛖ,351
rompish,2286,0,ᚱᚩᛗᛈᛁᛋᚻ,239
uprolling,2282,0,ᚢᛈᚱᚩᛚᛚᛝ,289
sonneting,2276,0,ᛋᚩᚾᚾᛖᛏᛝ,323
devisal,2268,0,ᛞᛖᚢᛁᛋᚪᛚ,413
mugfuls,2267,0,ᛗᚢᚷᚠᚢᛚᛋ,222
pleughs,2266,0,ᛈᛚᛖᚢᚷᚻᛋ,279
chouses,2266,0,ᚳᚻᚩᚢᛋᛖᛋ,219
taliped,2263,0,ᛏᚪᛚᛁᛈᛖᛞ,459
nippier,2262,0,ᚾᛁᛈᛈᛁᛖᚱ,255
zantiote,2260,0,ᛋᚪᚾᛏᛡᛏᛖ,471
dacrons,2258,0,ᛞᚪᚳᚱᚩᚾᛋ,299
aliptes,2257,0,ᚪᛚᛁᛈᛏᛖᛋ,423
dogteeth,2254,0,ᛞᚩᚷᛏᛖᛖᚦ,311
caplins,2249,0,ᚳᚪᛈᛚᛁᚾᛋ,339
audiles,2239,0,ᚪᚢᛞᛁᛚᛖᛋ,413
arrases,2233,0,ᚪᚱᚱᚪᛋᛖᛋ,389
mavises,2230,0,ᛗᚪᚢᛁᛋᛖᛋ,375
outerly,2229,0,ᚩᚢᛏᛖᚱᛚᚣ,323
boothose,2229,0,ᛒᚩᚩᚦᚩᛋᛖ,207
loudish,2221,0,ᛚᚩᚢᛞᛁᛋᚻ,279
nombles,2218,0,ᚾᚩᛗᛒᛚᛖᛋ,361
flaught,2211,0,ᚠᛚᚪᚢᚷᚻᛏ,274
creolize,2211,0,ᚳᚱᛇᛚᛁᛋᛖ,289
caducei,2211,0,ᚳᚪᛞᚢᚳᛖᛁ,313
soonish,2210,0,ᛋᚩᚩᚾᛁᛋᚻ,203
seismal,2209,0,ᛋᛖᛁᛋᛗᚪᛚ,445
ozonize,2208,0,ᚩᛋᚩᚾᛁᛋᛖ,247
cushaws,2207,0,ᚳᚢᛋᚻᚪᚹᛋ,261
revoker,2206,0,ᚱᛖᚢᚩᚳᛖᚱ,179
dorters,2206,0,ᛞᚩᚱᛏᛖᚱᛋ,297
astraean,2206,0,ᚪᛋᛏᚱᚫᚪᚾ,447
togated,2205,0,ᛏᚩᚷᚪᛏᛖᛞ,395
rwandas,2205,0,ᚱᚹᚪᚾᛞᚪᛋ,395
potholer,2203,0,ᛈᚩᚦᚩᛚᛖᚱ,213
caracts,2201,0,ᚳᚪᚱᚪᚳᛏᛋ,343
eyefuls,2194,0,ᛖᚣᛖᚠᚢᛚᛋ,368
neguses,2191,0,ᚾᛖᚷᚢᛋᛖᛋ,289
pigboat,2173,0,ᛈᛁᚷᛒᚩᚪᛏ,315
receder,2170,0,ᚱᛖᚳᛖᛞᛖᚱ,325
anodise,2169,0,ᚪᚾᚩᛞᛁᛋᛖ,373
afforce,2163,0,ᚪᚠᚠᚩᚱᚳᛖ,199
barefit,2161,0,ᛒᚪᚱᛖᚠᛁᛏ,328
subocean,2159,0,ᛋᚢᛒᚩᚳᛠᚾ,275
squails,2158,0,ᛋᚳᚹᚪᛁᛚᛋ,339
glossas,2150,0,ᚷᛚᚩᛋᛋᚪᛋ,353
haslets,2149,0,ᚻᚪᛋᛚᛖᛏᛋ,425
downier,2146,0,ᛞᚩᚹᚾᛁᛖᚱ,253
loathest,2140,0,ᛚᚩᚪᚦᛖᛋᛏ,361
dilater,2137,0,ᛞᛁᛚᚪᛏᛖᚱ,427
behooving,2127,0,ᛒᛖᚻᚩᚩᚢᛝ,247
chichis,2125,0,ᚳᚻᛁᚳᚻᛁᛋ,187
jadedly,2124,0,ᛂᚪᛞᛖᛞᛚᚣ,555
eveless,2122,0,ᛖᚢᛖᛚᛖᛋᛋ,383
hayband,2112,0,ᚻᚪᚣᛒᚪᚾᛞ,499
usquebae,2100,0,ᚢᛋᚳᚹᛖᛒᚫ,317
lapfuls,2096,0,ᛚᚪᛈᚠᚢᛚᛋ,344
gorcock,2093,0,ᚷᚩᚱᚳᚩᚳᚳ,81
bivvies,2093,0,ᛒᛁᚢᚢᛁᛖᛋ,249
tizzies,2088,0,ᛏᛁᛋᛋᛁᛖᛋ,347
tholepin,2088,0,ᚦᚩᛚᛖᛈᛁᚾ,255
enlargd,2080,0,ᛖᚾᛚᚪᚱᚷᛞ,383
niggler,2077,0,ᚾᛁᚷᚷᛚᛖᚱ,245
shintos,2074,0,ᛋᚻᛁᚾᛏᚩᛋ,255
goffers,2074,0,ᚷᚩᚠᚠᛖᚱᛋ,159
hotched,2073,0,ᚻᚩᛏᚳᚻᛖᛞ,281
liberias,2072,0,ᛚᛁᛒᛖᚱᛡᛋ,403
eupepsia,2069,0,ᛖᚢᛈᛖᛈᛋᛡ,383
assoiling,2067,0,ᚪᛋᛋᚩᛁᛚᛝ,393
unwedge,2065,0,ᚢᚾᚹᛖᛞᚷᛖ,291
lobcock,2063,0,ᛚᚩᛒᚳᚩᚳᚳ,187
strengthy,2062,0,ᛋᛏᚱᛖᛝᚦᚣ,377
mouthier,2062,0,ᛗᚩᚢᚦᛁᛖᚱ,195
caseful,2062,0,ᚳᚪᛋᛖᚠᚢᛚ,308
outwept,2059,0,ᚩᚢᛏᚹᛖᛈᛏ,257
mescals,2057,0,ᛗᛖᛋᚳᚪᛚᛋ,427
plantal,2056,0,ᛈᛚᚪᚾᛏᚪᛚ,471
commove,2056,0,ᚳᚩᛗᛗᚩᚢᛖ,239
jollify,2052,0,ᛂᚩᛚᛚᛁᚠᚣ,326
gagster,2052,0,ᚷᚪᚷᛋᛏᛖᚱ,321
thwacker,2051,0,ᚦᚹᚪᚳᚳᛖᚱ,225
latrant,2051,0,ᛚᚪᛏᚱᚪᚾᛏ,425
covents,2050,0,ᚳᚩᚢᛖᚾᛏᛋ,231
sweltry,2049,0,ᛋᚹᛖᛚᛏᚱᚣ,385
uncunning,2048,0,ᚢᚾᚳᚢᚾᚾᛝ,185
blellum,2046,0,ᛒᛚᛖᛚᛚᚢᛗ,421
renable,2045,0,ᚱᛖᚾᚪᛒᛚᛖ,405
thrawart,2042,0,ᚦᚱᚪᚹᚪᚱᛏ,299
wormier,2041,0,ᚹᚩᚱᛗᛁᛖᚱ,217
porrima,2041,0,ᛈᚩᚱᚱᛁᛗᚪ,271
hurrays,2040,0,ᚻᚢᚱᚱᚪᚣᛋ,301
jugfuls,2039,0,ᛂᚢᚷᚠᚢᛚᛋ,188
coaxers,2038,0,ᚳᚩᚪᛉᛖᚱᛋ,295
salacot,2034,0,ᛋᚪᛚᚪᚳᚩᛏ,399
graithed,2030,0,ᚷᚱᚪᛁᚦᛖᛞ,317
soupier,2028,0,ᛋᚩᚢᛈᛁᛖᚱ,215
tarwood,2027,0,ᛏᚪᚱᚹᚩᚩᛞ,289
burdies,2027,0,ᛒᚢᚱᛞᛁᛖᛋ,315
epizoan,2021,0,ᛖᛈᛁᛋᚩᚪᚾ,327
tautogs,2019,0,ᛏᚪᚢᛏᚩᚷᛋ,295
panadas,2019,0,ᛈᚪᚾᚪᛞᚪᛋ,505
felicias,2017,0,ᚠᛖᛚᛁᚳᛡᛋ,346
fratery,2016,0,ᚠᚱᚪᛏᛖᚱᚣ,350
skirred,2012,0,ᛋᚳᛁᚱᚱᛖᛞ,275
lucivee,2010,0,ᛚᚢᚳᛁᚢᛖᛖ,257
runkled,2006,0,ᚱᚢᚾᚳᛚᛖᛞ,285
blintze,2005,0,ᛒᛚᛁᚾᛏᛋᛖ,373
biotypic,1998,0,ᛒᛡᛏᚣᛈᛁᚳ,417
enstate,1997,0,ᛖᚾᛋᛏᚪᛏᛖ,431
plessor,1990,0,ᛈᛚᛖᛋᛋᚩᚱ,307
homerid,1989,0,ᚻᚩᛗᛖᚱᛁᛞ,299
ruiners,1987,0,ᚱᚢᛁᚾᛖᚱᛋ,205
gussies,1985,0,ᚷᚢᛋᛋᛁᛖᛋ,277
rhaphis,1984,0,ᚱᚻᚪᛈᚻᛁᛋ,281
quoited,1984,0,ᚳᚹᚩᛁᛏᛖᛞ,285
mezcals,1983,0,ᛗᛖᛋᚳᚪᛚᛋ,427
esthesis,1983,0,ᛖᛋᚦᛖᛋᛁᛋ,329
pawkily,1979,0,ᛈᚪᚹᚳᛁᛚᚣ,379
fullams,1977,0,ᚠᚢᛚᛚᚪᛗᛋ,372
defaste,1977,0,ᛞᛖᚠᚪᛋᛏᛖ,434
savvies,1976,0,ᛋᚪᚢᚢᛁᛖᛋ,307
schleps,1971,0,ᛋᚳᚻᛚᛖᛈᛋ,325
papains,1969,0,ᛈᚪᛈᚪᛁᚾᛋ,393
nilgais,1961,0,ᚾᛁᛚᚷᚪᛁᛋ,331
wittols,1959,0,ᚹᛁᛏᛏᚩᛚᛋ,301
bestrow,1959,0,ᛒᛖᛋᛏᚱᚩᚹ,277
guvnors,1955,0,ᚷᚢᚢᚾᚩᚱᛋ,123
huddler,1951,0,ᚻᚢᛞᛞᛚᛖᚱ,355
passels,1948,0,ᛈᚪᛋᛋᛖᛚᛋ,439
umwhile,1943,0,ᚢᛗᚹᚻᛁᛚᛖ,287
moonily,1937,0,ᛗᚩᚩᚾᛁᛚᚣ,321
creakier,1937,0,ᚳᚱᛠᚳᛁᛖᚱ,255
scalage,1935,0,ᛋᚳᚪᛚᚪᚷᛖ,417
outcrys,1929,0,ᚩᚢᛏᚳᚱᚣᛋ,249
derhams,1929,0,ᛞᛖᚱᚻᚪᛗᛋ,411
sighful,1926,0,ᛋᛁᚷᚻᚠᚢᛚ,202
uncramp,1924,0,ᚢᚾᚳᚱᚪᛗᛈ,267
howdies,1924,0,ᚻᚩᚹᛞᛁᛖᛋ,289
murrions,1923,0,ᛗᚢᚱᚱᛡᚾᛋ,285
caterings,1915,0,ᚳᚪᛏᛖᚱᛝᛋ,379
elocute,1914,0,ᛖᛚᚩᚳᚢᛏᛖ,289
whackings,1913,0,ᚹᚻᚪᚳᚳᛝᛋ,297
apojove,1906,0,ᚪᛈᚩᛂᚩᚢᛖ,261
dyslogia,1905,0,ᛞᚣᛋᛚᚩᚷᛡ,449
eyewink,1902,0,ᛖᚣᛖᚹᛁᚾᚳ,329
rackful,1896,0,ᚱᚪᚳᚳᚠᚢᛚ,212
paganly,1895,0,ᛈᚪᚷᚪᚾᛚᚣ,459
apteral,1885,0,ᚪᛈᛏᛖᚱᚪᛚ,447
byplays,1878,0,ᛒᚣᛈᛚᚪᚣᛋ,533
embathed,1876,0,ᛖᛗᛒᚪᚦᛖᛞ,457
dandily,1874,0,ᛞᚪᚾᛞᛁᛚᚣ,511
nanisms,1872,0,ᚾᚪᚾᛁᛋᛗᛋ,363
oleaceous,1871,0,ᚩᛚᛠᚳᛇᚢᛋ,299
misdeals,1866,0,ᛗᛁᛋᛞᛠᛚᛋ,479
wrester,1862,0,ᚹᚱᛖᛋᛏᛖᚱ,287
pouldre,1861,0,ᛈᚩᚢᛚᛞᚱᛖ,293
loathers,1860,0,ᛚᚩᚪᚦᛖᚱᛋ,313
clomben,1856,0,ᚳᛚᚩᛗᛒᛖᚾ,321
frappee,1850,0,ᚠᚱᚪᛈᛈᛖᛖ,330
swishings,1847,0,ᛋᚹᛁᛋᚻᛝᛋ,311
teatimes,1840,0,ᛏᛠᛏᛁᛗᛖᛋ,449
amentias,1838,0,ᚪᛗᛖᚾᛏᛡᛋ,483
fellani,1829,0,ᚠᛖᛚᛚᚪᚾᛁ,372
myriarch,1827,0,ᛗᚣᚱᛡᚱᚳᚻ,339
skulpin,1825,0,ᛋᚳᚢᛚᛈᛁᚾ,245
woodsias,1822,0,ᚹᚩᚩᛞᛋᛡᛋ,335
raggety,1821,0,ᚱᚪᚷᚷᛖᛏᚣ,371
loggets,1819,0,ᛚᚩᚷᚷᛖᛏᛋ,293
lutists,1817,0,ᛚᚢᛏᛁᛋᛏᛋ,331
schedar,1813,0,ᛋᚳᚻᛖᛞᚪᚱ,353
upheaped,1812,0,ᚢᛈᚻᛠᛈᛖᛞ,377
fleapits,1807,0,ᚠᛚᛠᛈᛁᛏᛋ,370
rebatoes,1803,0,ᚱᛖᛒᚪᛏᛟᛋ,431
lousily,1802,0,ᛚᚩᚢᛋᛁᛚᚣ,343
crooken,1799,0,ᚳᚱᚩᚩᚳᛖᚾ,147
carneying,1784,0,ᚳᚪᚱᚾᛖᚣᛝ,399
mousier,1782,0,ᛗᚩᚢᛋᛁᛖᚱ,243
discure,1782,0,ᛞᛁᛋᚳᚢᚱᛖ,267
stablings,1781,0,ᛋᛏᚪᛒᛚᛝᛋ,475
shelfed,1777,0,ᛋᚻᛖᛚᚠᛖᛞ,374
dartles,1777,0,ᛞᚪᚱᛏᛚᛖᛋ,449
bunnets,1776,0,ᛒᚢᚾᚾᛖᛏᛋ,301
pithball,1766,0,ᛈᛁᚦᛒᚪᛚᛚ,383
reheboth,1765,0,ᚱᛖᚻᛖᛒᚩᚦ,241
shiitic,1764,0,ᛋᚻᛁᛁᛏᛁᚳ,241
stoures,1762,0,ᛋᛏᚩᚢᚱᛖᛋ,253
pietose,1761,0,ᛈᛁᛖᛏᚩᛋᛖ,327
epizoon,1759,0,ᛖᛈᛁᛋᚩᚩᚾ,237
buxomly,1758,0,ᛒᚢᛉᚩᛗᛚᚣ,365
acetify,1756,0,ᚪᚳᛖᛏᛁᚠᚣ,372
mimeses,1748,0,ᛗᛁᛗᛖᛋᛖᛋ,413
welfaring,1742,0,ᚹᛖᛚᚠᚪᚱᛝ,348
trudger,1742,0,ᛏᚱᚢᛞᚷᛖᚱ,257
oraches,1740,0,ᚩᚱᚪᚳᚻᛖᛋ,271
intonings,1735,0,ᛁᚾᛏᚩᚾᛝᛋ,287
acrogen,1733,0,ᚪᚳᚱᚩᚷᛖᚾ,241
muckles,1726,0,ᛗᚢᚳᚳᛚᛖᛋ,293
ragtags,1722,0,ᚱᚪᚷᛏᚪᚷᛋ,351
homelyn,1721,0,ᚻᚩᛗᛖᛚᚣᚾ,373
roinish,1718,0,ᚱᚩᛁᚾᛁᛋᚻ,185
donship,1714,0,ᛞᚩᚾᛋᚻᛁᛈ,275
ploddings,1709,0,ᛈᛚᚩᛞᛞᛝᛋ,433
vedalias,1702,0,ᚢᛖᛞᚪᛚᛡᛋ,489
cymbalo,1701,0,ᚳᚣᛗᛒᚪᛚᚩ,425
breathful,1698,0,ᛒᚱᛠᚦᚠᚢᛚ,264
showish,1697,0,ᛋᚻᚩᚹᛁᛋᚻ,209
metopion,1692,0,ᛗᛖᛏᚩᛈᛡᚾ,383
raftman,1691,0,ᚱᚪᚠᛏᛗᚪᚾ,366
exuviate,1691,0,ᛖᛉᚢᚢᛡᛏᛖ,353
asthenias,1690,0,ᚪᛋᚦᛖᚾᛡᛋ,411
wiverns,1689,0,ᚹᛁᚢᛖᚱᚾᛋ,213
fissive,1688,0,ᚠᛁᛋᛋᛁᚢᛖ,240
pansied,1684,0,ᛈᚪᚾᛋᛁᛖᛞ,409
mongered,1682,0,ᛗᚩᛝᛖᚱᛖᛞ,391
etherify,1681,0,ᛖᚦᛖᚱᛁᚠᚣ,286
tonuses,1677,0,ᛏᚩᚾᚢᛋᛖᛋ,271
acetose,1677,0,ᚪᚳᛖᛏᚩᛋᛖ,363
tipcart,1676,0,ᛏᛁᛈᚳᚪᚱᛏ,313
slimpsy,1675,0,ᛋᛚᛁᛗᛈᛋᚣ,427
nutpick,1675,0,ᚾᚢᛏᛈᛁᚳᚳ,191
nictate,1675,0,ᚾᛁᚳᛏᚪᛏᛖ,355
falerian,1675,0,ᚠᚪᛚᛖᚱᛡᚾ,386
dudheen,1674,0,ᛞᚢᛞᚻᛖᛖᚾ,367
preambling,1671,0,ᛈᚱᛠᛗᛒᛚᛝ,447
usaunce,1670,0,ᚢᛋᚪᚢᚾᚳᛖ,265
ermelin,1670,0,ᛖᚱᛗᛖᛚᛁᚾ,349
uberant,1669,0,ᚢᛒᛖᚱᚪᚾᛏ,327
sixsome,1662,0,ᛋᛁᛉᛋᚩᛗᛖ,329
imbruting,1659,0,ᛁᛗᛒᚱᚢᛏᛝ,315
hangdogs,1659,0,ᚻᚪᛝᛞᚩᚷᛋ,365
shigram,1657,0,ᛋᚻᛁᚷᚱᚪᛗ,303
rollmop,1657,0,ᚱᚩᛚᛚᛗᚩᛈ,285
drubber,1655,0,ᛞᚱᚢᛒᛒᛖᚱ,303
signman,1654,0,ᛋᛁᚷᚾᛗᚪᚾ,327
brickly,1651,0,ᛒᚱᛁᚳᚳᛚᚣ,305
filmier,1638,0,ᚠᛁᛚᛗᛁᛖᚱ,286
bantengs,1627,0,ᛒᚪᚾᛏᛖᛝᛋ,445
mismate,1626,0,ᛗᛁᛋᛗᚪᛏᛖ,449
dealfish,1621,0,ᛞᛠᛚᚠᛁᛋᚻ,380
euchres,1614,0,ᛖᚢᚳᚻᚱᛖᛋ,237
anomies,1612,0,ᚪᚾᚩᛗᛁᛖᛋ,355
khodjas,1610,0,ᚳᚻᚩᛞᛂᚪᛋ,319
peptise,1607,0,ᛈᛖᛈᛏᛁᛋᛖ,363
ogdoads,1601,0,ᚩᚷᛞᚩᚪᛞᛋ,359
stetted,1599,0,ᛋᛏᛖᛏᛏᛖᛞ,453
imbauba,1596,0,ᛁᛗᛒᚪᚢᛒᚪ,421
succade,1595,0,ᛋᚢᚳᚳᚪᛞᛖ,335
vendage,1594,0,ᚢᛖᚾᛞᚪᚷᛖ,369
limeades,1591,0,ᛚᛁᛗᛠᛞᛖᛋ,493
aliyahs,1581,0,ᚪᛚᛁᚣᚪᚻᛋ,477
tintack,1579,0,ᛏᛁᚾᛏᚪᚳᚳ,301
mazeful,1570,0,ᛗᚪᛋᛖᚠᚢᛚ,366
springals,1569,0,ᛋᛈᚱᛝᚪᛚᛋ,409
abhenry,1568,0,ᚪᛒᚻᛖᚾᚱᚣ,391
outlies,1562,0,ᚩᚢᛏᛚᛁᛖᛋ,293
embanks,1559,0,ᛖᛗᛒᚪᚾᚳᛋ,391
expurge,1555,0,ᛖᛉᛈᚢᚱᚷᛖ,255
qintars,1552,0,ᚳᛁᚾᛏᚪᚱᛋ,293
ablauts,1552,0,ᚪᛒᛚᚪᚢᛏᛋ,443
stagier,1545,0,ᛋᛏᚪᚷᛁᛖᚱ,335
sombred,1537,0,ᛋᚩᛗᛒᚱᛖᛞ,359
portass,1535,0,ᛈᚩᚱᛏᚪᛋᛋ,323
ballading,1532,0,ᛒᚪᛚᛚᚪᛞᛝ,569
peytrel,1531,0,ᛈᛖᚣᛏᚱᛖᛚ,423
cleekit,1530,0,ᚳᛚᛖᛖᚳᛁᛏ,323
zosters,1522,0,ᛋᚩᛋᛏᛖᚱᛋ,303
doucets,1518,0,ᛞᚩᚢᚳᛖᛏᛋ,291
uncording,1516,0,ᚢᚾᚳᚩᚱᛞᛝ,231
daphnean,1515,0,ᛞᚪᛈᚻᚾᛠᚾ,419
succuss,1508,0,ᛋᚢᚳᚳᚢᛋᛋ,191
boulles,1507,0,ᛒᚩᚢᛚᛚᛖᛋ,337
wimbled,1505,0,ᚹᛁᛗᛒᛚᛖᛞ,411
osmunds,1505,0,ᚩᛋᛗᚢᚾᛞᛋ,305
poetises,1502,0,ᛈᛟᛏᛁᛋᛖᛋ,389
koshers,1501,0,ᚳᚩᛋᚻᛖᚱᛋ,227
tomenta,1498,0,ᛏᚩᛗᛖᚾᛏᚪ,389
sylphic,1497,0,ᛋᚣᛚᛈᚻᛁᚳ,339
arrided,1497,0,ᚪᚱᚱᛁᛞᛖᛞ,395
niggery,1482,0,ᚾᛁᚷᚷᛖᚱᚣ,275
poetizer,1481,0,ᛈᛟᛏᛁᛋᛖᚱ,347
balsamy,1477,0,ᛒᚪᛚᛋᚪᛗᚣ,555
atopies,1474,0,ᚪᛏᚩᛈᛁᛖᛋ,357
kingbolts,1465,0,ᚳᛝᛒᚩᛚᛏᛋ,345
awlwort,1459,0,ᚪᚹᛚᚹᚩᚱᛏ,285
maistring,1446,0,ᛗᚪᛁᛋᛏᚱᛝ,401
gummier,1445,0,ᚷᚢᛗᛗᛁᛖᚱ,271
toothier,1444,0,ᛏᚩᚩᚦᛁᛖᚱ,187
besonian,1439,0,ᛒᛖᛋᚩᚾᛡᚾ,353
denayed,1437,0,ᛞᛖᚾᚪᚣᛖᛞ,541
doolans,1435,0,ᛞᚩᚩᛚᚪᚾᛋ,355
warsaws,1432,0,ᚹᚪᚱᛋᚪᚹᛋ,349
pearlier,1430,0,ᛈᛠᚱᛚᛁᛖᚱ,345
skidpan,1427,0,ᛋᚳᛁᛞᛈᚪᚾ,355
euphory,1425,0,ᛖᚢᛈᚻᚩᚱᚣ,257
teenier,1421,0,ᛏᛖᛖᚾᛁᛖᚱ,331
tatouay,1414,0,ᛏᚪᛏᚩᚢᚪᚣ,425
beaufets,1414,0,ᛒᛠᚢᚠᛖᛏᛋ,354
glochid,1409,0,ᚷᛚᚩᚳᚻᛁᛞ,253
unreared,1399,0,ᚢᚾᚱᛠᚱᛖᛞ,319
pigwash,1398,0,ᛈᛁᚷᚹᚪᛋᚻ,283
greeses,1397,0,ᚷᚱᛖᛖᛋᛖᛋ,335
shoetree,1395,0,ᛋᚻᛟᛏᚱᛖᛖ,363
ascella,1395,0,ᚪᛋᚳᛖᛚᛚᚪ,473
adultly,1393,0,ᚪᛞᚢᛚᛏᛚᚣ,497
misliving,1392,0,ᛗᛁᛋᛚᛁᚢᛝ,341
chacmas,1392,0,ᚳᚻᚪᚳᛗᚪᛋ,367
woodlet,1391,0,ᚹᚩᚩᛞᛚᛖᛏ,321
swevens,1388,0,ᛋᚹᛖᚢᛖᚾᛋ,291
peskily,1377,0,ᛈᛖᛋᚳᛁᛚᚣ,383
bulgingly,1376,0,ᛒᚢᛚᚷᛝᛚᚣ,409
zionisms,1373,0,ᛋᛡᚾᛁᛋᛗᛋ,397
recoure,1371,0,ᚱᛖᚳᚩᚢᚱᛖ,179
drearest,1370,0,ᛞᚱᛠᚱᛖᛋᛏ,399
peachick,1367,0,ᛈᛠᚳᚻᛁᚳᚳ,245
nearlier,1367,0,ᚾᛠᚱᛚᛁᛖᚱ,331
unlusty,1365,0,ᚢᚾᛚᚢᛋᛏᚣ,323
mizzles,1364,0,ᛗᛁᛋᛋᛚᛖᛋ,401
canfuls,1364,0,ᚳᚪᚾᚠᚢᛚᛋ,270
snottie,1363,0,ᛋᚾᚩᛏᛏᛁᛖ,305
achiras,1358,0,ᚪᚳᚻᛁᚱᚪᛋ,325
aphonias,1356,0,ᚪᛈᚻᚩᚾᛡᛋ,359
enrooting,1355,0,ᛖᚾᚱᚩᚩᛏᛝ,259
soudans,1351,0,ᛋᚩᚢᛞᚪᚾᛋ,331
xyloses,1346,0,ᛉᚣᛚᚩᛋᛖᛋ,403
cockups,1337,0,ᚳᚩᚳᚳᚢᛈᛋ,145
spriest,1334,0,ᛋᛈᚱᛁᛖᛋᛏ,317
wimpier,1333,0,ᚹᛁᛗᛈᛁᛖᚱ,273
searcloth,1332,0,ᛋᛠᚱᚳᛚᚩᚦ,271
spiered,1327,0,ᛋᛈᛁᛖᚱᛖᛞ,361
pavages,1327,0,ᛈᚪᚢᚪᚷᛖᛋ,377
coextend,1324,0,ᚳᛟᛉᛏᛖᚾᛞ,387
galerum,1323,0,ᚷᚪᛚᛖᚱᚢᛗ,339
quipper,1314,0,ᚳᚹᛁᛈᛈᛖᚱ,227
tubbier,1312,0,ᛏᚢᛒᛒᛁᛖᚱ,293
tamandu,1308,0,ᛏᚪᛗᚪᚾᛞᚢ,445
nymphean,1306,0,ᚾᚣᛗᛈᚻᛠᚾ,407
brandying,1300,0,ᛒᚱᚪᚾᛞᚣᛝ,469
tarazed,1294,0,ᛏᚪᚱᚪᛋᛖᛞ,473
chechias,1293,0,ᚳᚻᛖᚳᚻᛡᛋ,299
stiflings,1288,0,ᛋᛏᛁᚠᛚᛝᛋ,350
turgors,1286,0,ᛏᚢᚱᚷᚩᚱᛋ,161
ternions,1284,0,ᛏᛖᚱᚾᛡᚾᛋ,355
sacrify,1282,0,ᛋᚪᚳᚱᛁᚠᚣ,310
elegise,1282,0,ᛖᛚᛖᚷᛁᛋᛖ,375
paigles,1280,0,ᛈᚪᛁᚷᛚᛖᛋ,381
toupeed,1279,0,ᛏᚩᚢᛈᛖᛖᛞ,335
daikons,1278,0,ᛞᚪᛁᚳᚩᚾᛋ,319
jambeaux,1275,0,ᛂᚪᛗᛒᛠᚢᛉ,425
arariba,1275,0,ᚪᚱᚪᚱᛁᛒᚪ,405
trenise,1267,0,ᛏᚱᛖᚾᛁᛋᛖ,317
spirtle,1267,0,ᛋᛈᛁᚱᛏᛚᛖ,337
woozier,1263,0,ᚹᚩᚩᛋᛁᛖᚱ,195
guggled,1261,0,ᚷᚢᚷᚷᛚᛖᛞ,283
vauntie,1260,0,ᚢᚪᚢᚾᛏᛁᛖ,289
envyingly,1259,0,ᛖᚾᚢᚣᛝᛚᚣ,457
enraced,1255,0,ᛖᚾᚱᚪᚳᛖᛞ,373
swonken,1247,0,ᛋᚹᚩᚾᚳᛖᚾ,217
intoner,1242,0,ᛁᚾᛏᚩᚾᛖᚱ,233
kennets,1235,0,ᚳᛖᚾᚾᛖᛏᛋ,317
undreading,1231,0,ᚢᚾᛞᚱᛠᛞᛝ,409
wrothful,1229,0,ᚹᚱᚩᚦᚠᚢᛚ,120
boohooed,1225,0,ᛒᚩᚩᚻᚩᛟᛞ,277
santims,1222,0,ᛋᚪᚾᛏᛁᛗᛋ,393
shreiking,1221,0,ᛋᚻᚱᛖᛁᚳᛝ,277
abfarad,1221,0,ᚪᛒᚠᚪᚱᚪᛞ,454
nursled,1220,0,ᚾᚢᚱᛋᛚᛖᛞ,325
kookier,1220,0,ᚳᚩᚩᚳᛁᛖᚱ,149
goddens,1218,0,ᚷᚩᛞᛞᛖᚾᛋ,351
bourder,1217,0,ᛒᚩᚢᚱᛞᛖᚱ,249
noshers,1216,0,ᚾᚩᛋᚻᛖᚱᛋ,243
tiptops,1212,0,ᛏᛁᛈᛏᚩᛈᛋ,295
dorsums,1211,0,ᛞᚩᚱᛋᚢᛗᛋ,287
athodyds,1211,0,ᚪᚦᚩᛞᚣᛞᛋ,443
speldings,1205,0,ᛋᛈᛖᛚᛞᛝᛋ,457
daysmen,1203,0,ᛞᚪᚣᛋᛗᛖᚾ,509
plumery,1201,0,ᛈᛚᚢᛗᛖᚱᚣ,371
longspun,1201,0,ᛚᚩᛝᛋᛈᚢᚾ,287
soppier,1193,0,ᛋᚩᛈᛈᛁᛖᚱ,255
unerect,1191,0,ᚢᚾᛖᚱᛖᚳᛏ,249
beardown,1189,0,ᛒᛠᚱᛞᚩᚹᚾ,325
ennuyed,1188,0,ᛖᚾᚾᚢᚣᛖᛞ,387
sawwort,1184,0,ᛋᚪᚹᚹᚩᚱᛏ,265
unsoothing,1183,0,ᚢᚾᛋᚩᚩᚦᛝ,183
restringe,1174,0,ᚱᛖᛋᛏᚱᛝᛖ,347
whelked,1170,0,ᚹᚻᛖᛚᚳᛖᛞ,351
raspish,1169,0,ᚱᚪᛋᛈᛁᛋᚻ,311
oxslips,1169,0,ᚩᛉᛋᛚᛁᛈᛋ,307
bagonet,1168,0,ᛒᚪᚷᚩᚾᛖᛏ,337
unbrave,1167,0,ᚢᚾᛒᚱᚪᚢᛖ,271
greisly,1165,0,ᚷᚱᛖᛁᛋᛚᚣ,355
ascaunt,1164,0,ᚪᛋᚳᚪᚢᚾᛏ,351
cutches,1162,0,ᚳᚢᛏᚳᚻᛖᛋ,231
umptieth,1152,0,ᚢᛗᛈᛏᛁᛖᚦ,279
degases,1148,0,ᛞᛖᚷᚪᛋᛖᛋ,443
prasine,1143,0,ᛈᚱᚪᛋᛁᚾᛖ,331
dottily,1143,0,ᛞᚩᛏᛏᛁᛚᚣ,421
aroides,1143,0,ᚪᚱᚩᛁᛞᛖᛋ,355
pythiums,1138,0,ᛈᚣᚦᛁᚢᛗᛋ,309
handbow,1137,0,ᚻᚪᚾᛞᛒᚩᚹ,325
embrave,1137,0,ᛖᛗᛒᚱᚪᚢᛖ,377
tousche,1135,0,ᛏᚩᚢᛋᚳᚻᛖ,225
uptowns,1130,0,ᚢᛈᛏᚩᚹᚾᛋ,213
mawmets,1130,0,ᛗᚪᚹᛗᛖᛏᛋ,437
conglobe,1129,0,ᚳᚩᛝᛚᚩᛒᛖ,307
waulked,1125,0,ᚹᚪᚢᛚᚳᛖᛞ,361
antheral,1125,0,ᚪᚾᚦᛖᚱᚪᛚ,379
rodsmen,1124,0,ᚱᚩᛞᛋᛗᛖᚾ,327
fizzier,1124,0,ᚠᛁᛋᛋᛁᛖᚱ,248
upfilling,1120,0,ᚢᛈᚠᛁᛚᛚᛝ,304
jarfuls,1117,0,ᛂᚪᚱᚠᚢᛚᛋ,276
briered,1117,0,ᛒᚱᛁᛖᚱᛖᛞ,337
kulturs,1112,0,ᚳᚢᛚᛏᚢᚱᛋ,215
himward,1111,0,ᚻᛁᛗᚹᚪᚱᛞ,341
sallowy,1110,0,ᛋᚪᛚᛚᚩᚹᚣ,425
aretted,1108,0,ᚪᚱᛖᛏᛏᛖᛞ,449
titianic,1105,0,ᛏᛁᛏᛡᚾᛁᚳ,329
noursling,1102,0,ᚾᚩᚢᚱᛋᛚᛝ,255
azurous,1099,0,ᚪᛋᚢᚱᚩᚢᛋ,227
napalms,1098,0,ᚾᚪᛈᚪᛚᛗᛋ,463
nuttily,1093,0,ᚾᚢᛏᛏᛁᛚᚣ,357
bedcord,1092,0,ᛒᛖᛞᚳᚩᚱᛞ,337
castock,1090,0,ᚳᚪᛋᛏᚩᚳᚳ,255
uraturia,1086,0,ᚢᚱᚪᛏᚢᚱᛡ,291
spewers,1085,0,ᛋᛈᛖᚹᛖᚱᛋ,313
metreta,1084,0,ᛗᛖᛏᚱᛖᛏᚪ,431
sorghos,1081,0,ᛋᚩᚱᚷᚻᚩᛋ,171
grivets,1065,0,ᚷᚱᛁᚢᛖᛏᛋ,241
benweed,1065,0,ᛒᛖᚾᚹᛖᛖᛞ,399
sartors,1062,0,ᛋᚪᚱᛏᚩᚱᛋ,291
whereer,1056,0,ᚹᚻᛖᚱᛖᛖᚱ,265
isotonia,1056,0,ᛁᛋᚩᛏᚩᚾᛡ,293
treviss,1053,0,ᛏᚱᛖᚢᛁᛋᛋ,277
acapnial,1050,0,ᚪᚳᚪᛈᚾᛡᛚ,459
subedit,1042,0,ᛋᚢᛒᛖᛞᛁᛏ,363
tannest,1041,0,ᛏᚪᚾᚾᛖᛋᛏ,393
inhumes,1040,0,ᛁᚾᚻᚢᛗᛖᛋ,277
bibless,1037,0,ᛒᛁᛒᛚᛖᛋᛋ,399
razures,1035,0,ᚱᚪᛋᚢᚱᛖᛋ,295
enclothe,1033,0,ᛖᚾᚳᛚᚩᚦᛖ,261
bonelet,1033,0,ᛒᚩᚾᛖᛚᛖᛏ,363
ungoaded,1026,0,ᚢᛝᚩᚪᛞᛖᛞ,431
joshers,1023,0,ᛂᚩᛋᚻᛖᚱᛋ,251
deedbox,1022,0,ᛞᛖᛖᛞᛒᚩᛉ,427
conteck,1021,0,ᚳᚩᚾᛏᛖᚳᚳ,201
unitise,1019,0,ᚢᚾᛁᛏᛁᛋᛖ,273
braeface,1018,0,ᛒᚱᚫᚠᚪᚳᛖ,352
aethereall,1017,0,ᚫᚦᛖᚱᛠᛚᛚ,439
mightnt,1014,0,ᛗᛁᚷᚻᛏᚾᛏ,289
kummels,1014,0,ᚳᚢᛗᛗᛖᛚᛋ,351
hollooing,1009,0,ᚻᚩᛚᛚᚩᚩᛝ,269
cockish,1009,0,ᚳᚩᚳᚳᛁᛋᚻ,153
graffias,1008,0,ᚷᚱᚪᚠᚠᛡᛋ,289
lobbyings,1006,0,ᛚᚩᛒᛒᚣᛝᛋ,437
geebungs,1006,0,ᚷᛖᛖᛒᚢᛝᛋ,347
battill,1004,0,ᛒᚪᛏᛏᛁᛚᛚ,453
beteeme,1001,0,ᛒᛖᛏᛖᛖᛗᛖ,459
bedrape,1001,0,ᛒᛖᛞᚱᚪᛈᛖ,435
frowsting,990,0,ᚠᚱᚩᚹᛋᛏᛝ,230
strepen,987,0,ᛋᛏᚱᛖᛈᛖᚾ,329
malacias,982,0,ᛗᚪᛚᚪᚳᛡᛋ,511
brinier,982,0,ᛒᚱᛁᚾᛁᛖᚱ,241
botonee,973,0,ᛒᚩᛏᚩᚾᛖᛖ,297
pigsnie,969,0,ᛈᛁᚷᛋᚾᛁᛖ,271
nektons,967,0,ᚾᛖᚳᛏᚩᚾᛋ,257
wanglers,965,0,ᚹᚪᛝᛚᛖᚱᛋ,399
stowres,964,0,ᛋᛏᚩᚹᚱᛖᛋ,269
purlers,962,0,ᛈᚢᚱᛚᛖᚱᛋ,261
murreys,958,0,ᛗᚢᚱᚱᛖᚣᛋ,319
outglow,955,0,ᚩᚢᛏᚷᛚᚩᚹ,185
captiving,950,0,ᚳᚪᛈᛏᛁᚢᛝ,325
swindge,949,0,ᛋᚹᛁᚾᛞᚷᛖ,305
podalgia,948,0,ᛈᚩᛞᚪᛚᚷᛡ,433
peskier,948,0,ᛈᛖᛋᚳᛁᛖᚱ,285
demures,947,0,ᛞᛖᛗᚢᚱᛖᛋ,361
algieba,944,0,ᚪᛚᚷᛁᛖᛒᚪ,443
ebonize,943,0,ᛖᛒᚩᚾᛁᛋᛖ,315
asklent,942,0,ᚪᛋᚳᛚᛖᚾᛏ,391
soakingly,941,0,ᛋᚩᚪᚳᛝᛚᚣ,425
fizgigs,940,0,ᚠᛁᛋᚷᛁᚷᛋ,204
wambled,938,0,ᚹᚪᛗᛒᛚᛖᛞ,477
fucuses,933,0,ᚠᚢᚳᚢᛋᛖᛋ,194
prefard,931,0,ᛈᚱᛖᚠᚪᚱᛞ,320
orpines,925,0,ᚩᚱᛈᛁᚾᛖᛋ,241
toffies,924,0,ᛏᚩᚠᚠᛁᛖᛋ,221
silexes,924,0,ᛋᛁᛚᛖᛉᛖᛋ,391
byrlady,922,0,ᛒᚣᚱᛚᚪᛞᚣ,537
wrathily,921,0,ᚹᚱᚪᚦᛁᛚᚣ,339
unlingering,920,0,ᚢᚾᛚᛝᛖᚱᛝ,341
dandify,920,0,ᛞᚪᚾᛞᛁᚠᚣ,440
inanest,919,0,ᛁᚾᚪᚾᛖᛋᛏ,365
drabbet,917,0,ᛞᚱᚪᛒᛒᛖᛏ,445
ataxies,914,0,ᚪᛏᚪᛉᛁᛖᛋ,451
sinopias,911,0,ᛋᛁᚾᚩᛈᛡᛋ,323
parbreak,909,0,ᛈᚪᚱᛒᚱᛠᚳ,345
tailard,908,0,ᛏᚪᛁᛚᚪᚱᛞ,457
corozos,906,0,ᚳᚩᚱᚩᛋᚩᛋ,151
serails,905,0,ᛋᛖᚱᚪᛁᛚᛋ,385
plumate,905,0,ᛈᛚᚢᛗᚪᛏᛖ,413
mammees,905,0,ᛗᚪᛗᛗᛖᛖᛋ,497
dearworth,899,0,ᛞᛠᚱᚹᚩᚱᚦ,251
agamete,897,0,ᚪᚷᚪᛗᛖᛏᛖ,475
gauffer,895,0,ᚷᚪᚢᚠᚠᛖᚱ,199
noddled,893,0,ᚾᚩᛞᛞᛚᛖᛞ,443
gyppies,893,0,ᚷᚣᛈᛈᛁᛖᛋ,357
cowherb,888,0,ᚳᚩᚹᚻᛖᚱᛒ,201
allmouth,886,0,ᚪᛚᛚᛗᚩᚢᚦ,329
tossups,881,0,ᛏᚩᛋᛋᚢᛈᛋ,271
carfuls,879,0,ᚳᚪᚱᚠᚢᛚᛋ,252
buyides,875,0,ᛒᚢᚣᛁᛞᛖᛋ,407
sowters,873,0,ᛋᚩᚹᛏᛖᚱᛋ,269
benzyls,871,0,ᛒᛖᚾᛋᚣᛚᛋ,439
threnode,870,0,ᚦᚱᛖᚾᚩᛞᛖ,275
lothfull,865,0,ᛚᚩᚦᚠᚢᛚᛚ,236
turkics,864,0,ᛏᚢᚱᚳᛁᚳᛋ,183
unspell,860,0,ᚢᚾᛋᛈᛖᛚᛚ,341
flaunes,857,0,ᚠᛚᚪᚢᚾᛖᛋ,324
pulques,856,0,ᛈᚢᛚᚳᚹᛖᛋ,271
wambais,853,0,ᚹᚪᛗᛒᚪᛁᛋ,429
camails,852,0,ᚳᚪᛗᚪᛁᛚᛋ,435
tombacs,851,0,ᛏᚩᛗᛒᚪᚳᛋ,361
becharm,844,0,ᛒᛖᚳᚻᚪᚱᛗ,343
muclucs,842,0,ᛗᚢᚳᛚᚢᚳᛋ,229
gabbier,841,0,ᚷᚪᛒᛒᛁᛖᚱ,345
shortias,837,0,ᛋᚻᚩᚱᛏᛡᛋ,313
naupathia,834,0,ᚾᚪᚢᛈᚪᚦᛡ,381
balkier,833,0,ᛒᚪᛚᚳᛁᛖᚱ,353
simball,832,0,ᛋᛁᛗᛒᚪᛚᛚ,459
gangrening,829,0,ᚷᚪᛝᚱᛖᚾᛝ,379
spurnes,823,0,ᛋᛈᚢᚱᚾᛖᛋ,259
rubaboo,823,0,ᚱᚢᛒᚪᛒᚩᚩ,247
foredoes,823,0,ᚠᚩᚱᛖᛞᛟᛋ,312
santimi,822,0,ᛋᚪᚾᛏᛁᛗᛁ,371
wheneer,821,0,ᚹᚻᛖᚾᛖᛖᚱ,283
usquabae,816,0,ᚢᛋᚳᚹᚪᛒᚫ,347
chibrit,814,0,ᚳᚻᛁᛒᚱᛁᛏ,229
pushily,813,0,ᛈᚢᛋᚻᛁᛚᚣ,329
pommele,810,0,ᛈᚩᛗᛗᛖᛚᛖ,399
socages,798,0,ᛋᚩᚳᚪᚷᛖᛋ,307
bulchin,798,0,ᛒᚢᛚᚳᚻᛁᚾ,233
betight,790,0,ᛒᛖᛏᛁᚷᚻᛏ,317
orchils,789,0,ᚩᚱᚳᚻᛁᛚᛋ,211
claucht,789,0,ᚳᛚᚪᚢᚳᚻᛏ,281
unwilting,788,0,ᚢᚾᚹᛁᛚᛏᛝ,293
oxhearts,788,0,ᚩᛉᚻᛠᚱᛏᛋ,309
mootmen,788,0,ᛗᚩᚩᛏᛗᛖᚾ,311
dudeens,786,0,ᛞᚢᛞᛖᛖᚾᛋ,397
batavias,786,0,ᛒᚪᛏᚪᚢᛡᛋ,477
daffier,784,0,ᛞᚪᚠᚠᛁᛖᚱ,299
plimmed,780,0,ᛈᛚᛁᛗᛗᛖᛞ,445
viduate,778,0,ᚢᛁᛞᚢᚪᛏᛖ,349
talliths,778,0,ᛏᚪᛚᛚᛁᚦᛋ,391
sphingine,774,0,ᛋᛈᚻᛝᛁᚾᛖ,325
barmier,773,0,ᛒᚪᚱᛗᛁᛖᚱ,349
ruchbah,771,0,ᚱᚢᚳᚻᛒᚪᚻ,231
aeriality,765,0,ᚫᚱᛡᛚᛁᛏᚣ,485
runches,761,0,ᚱᚢᚾᚳᚻᛖᛋ,199
raddest,760,0,ᚱᚪᛞᛞᛖᛋᛏ,465
kithless,760,0,ᚳᛁᚦᛚᛖᛋᛋ,295
overdoer,759,0,ᚩᚢᛖᚱᛞᛟᚱ,271
nonuple,757,0,ᚾᚩᚾᚢᛈᛚᛖ,251
jampans,755,0,ᛂᚪᛗᛈᚪᚾᛋ,427
ecartes,747,0,ᛖᚳᚪᚱᛏᛖᛋ,367
outseen,746,0,ᚩᚢᛏᛋᛖᛖᚾ,285
upboiling,736,0,ᚢᛈᛒᚩᛁᛚᛝ,297
overlip,736,0,ᚩᚢᛖᚱᛚᛁᛈ,235
vamoosing,735,0,ᚢᚪᛗᚩᚩᛋᛝ,317
healsome,735,0,ᚻᛠᛚᛋᚩᛗᛖ,403
stinter,733,0,ᛋᛏᛁᚾᛏᛖᚱ,309
murrins,727,0,ᛗᚢᚱᚱᛁᚾᛋ,209
kinkily,726,0,ᚳᛁᚾᚳᛁᛚᚣ,293
scranch,725,0,ᛋᚳᚱᚪᚾᚳᚻ,239
etherise,725,0,ᛖᚦᛖᚱᛁᛋᛖ,301
fancify,724,0,ᚠᚪᚾᚳᛁᚠᚣ,277
tuckering,723,0,ᛏᚢᚳᚳᛖᚱᛝ,245
finises,720,0,ᚠᛁᚾᛁᛋᛖᛋ,266
wollies,716,0,ᚹᚩᛚᛚᛁᛖᛋ,323
resedas,715,0,ᚱᛖᛋᛖᛞᚪᛋ,437
fishgig,715,0,ᚠᛁᛋᚻᚷᛁᚷ,174
peachier,714,0,ᛈᛠᚳᚻᛁᛖᚱ,297
ungarbed,712,0,ᚢᛝᚪᚱᛒᛖᛞ,407
loggish,710,0,ᛚᚩᚷᚷᛁᛋᚻ,221
laicise,708,0,ᛚᚪᛁᚳᛁᛋᛖ,365
gawkier,704,0,ᚷᚪᚹᚳᛁᛖᚱ,255
addaxes,704,0,ᚪᛞᛞᚪᛉᛖᛋ,539
diddier,703,0,ᛞᛁᛞᛞᛁᛖᚱ,407
niobites,702,0,ᚾᛡᛒᛁᛏᛖᛋ,407
catwise,699,0,ᚳᚪᛏᚹᛁᛋᛖ,339
kowhais,695,0,ᚳᚩᚹᚻᚪᛁᛋ,243
edental,693,0,ᛖᛞᛖᚾᛏᚪᛚ,481
velcros,692,0,ᚢᛖᛚᚳᚱᚩᛋ,227
snidest,691,0,ᛋᚾᛁᛞᛖᛋᛏ,381
waitingly,689,0,ᚹᚪᛁᛏᛝᛚᚣ,461
narcist,686,0,ᚾᚪᚱᚳᛁᛋᛏ,293
headfuls,685,0,ᚻᛠᛞᚠᚢᛚᛋ,352
nippily,681,0,ᚾᛁᛈᛈᛁᛚᚣ,353
caroach,679,0,ᚳᚪᚱᚩᚪᚳᚻ,261
nutrify,677,0,ᚾᚢᛏᚱᛁᚠᚣ,238
pavisse,676,0,ᛈᚪᚢᛁᛋᛋᛖ,347
megilps,676,0,ᛗᛖᚷᛁᛚᛈᛋ,355
setuale,675,0,ᛋᛖᛏᚢᚪᛚᛖ,419
trevets,674,0,ᛏᚱᛖᚢᛖᛏᛋ,319
lynages,673,0,ᛚᚣᚾᚪᚷᛖᛋ,439
wastels,672,0,ᚹᚪᛋᛏᛖᛚᛋ,421
limitings,669,0,ᛚᛁᛗᛁᛏᛝᛋ,397
limbmeal,666,0,ᛚᛁᛗᛒᛗᛠᛚ,489
unreins,665,0,ᚢᚾᚱᛖᛁᚾᛋ,223
onfalls,664,0,ᚩᚾᚠᚪᛚᛚᛋ,334
siwashing,663,0,ᛋᛁᚹᚪᛋᚻᛝ,355
nonages,661,0,ᚾᚩᚾᚪᚷᛖᛋ,299
flyness,659,0,ᚠᛚᚣᚾᛖᛋᛋ,380
smouching,657,0,ᛋᛗᚩᚢᚳᚻᛝ,249
tapmost,655,0,ᛏᚪᛈᛗᚩᛋᛏ,389
dispace,655,0,ᛞᛁᛋᛈᚪᚳᛖ,393
gargets,654,0,ᚷᚪᚱᚷᛖᛏᛋ,321
quassias,651,0,ᚳᚹᚪᛋᛋᛡᛋ,395
hammier,651,0,ᚻᚪᛗᛗᛁᛖᚱ,371
graithly,651,0,ᚷᚱᚪᛁᚦᛚᚣ,337
acaudal,647,0,ᚪᚳᚪᚢᛞᚪᛚ,469
figeater,645,0,ᚠᛁᚷᛠᛏᛖᚱ,296
carauna,645,0,ᚳᚪᚱᚪᚢᚾᚪ,347
unmeted,633,0,ᚢᚾᛗᛖᛏᛖᛞ,385
melenas,632,0,ᛗᛖᛚᛖᚾᚪᛋ,457
thrimsas,630,0,ᚦᚱᛁᛗᛋᚪᛋ,321
enjewel,625,0,ᛖᚾᛂᛖᚹᛖᛚ,359
ragmans,624,0,ᚱᚪᚷᛗᚪᚾᛋ,375
otalgias,622,0,ᚩᛏᚪᛚᚷᛡᛋ,413
adducer,622,0,ᚪᛞᛞᚢᚳᛖᚱ,369
luskish,617,0,ᛚᚢᛋᚳᛁᛋᚻ,249
abrachia,617,0,ᚪᛒᚱᚪᚳᚻᛡ,409
hamates,613,0,ᚻᚪᛗᚪᛏᛖᛋ,467
mayfish,607,0,ᛗᚪᚣᚠᛁᛋᚻ,380
bremely,604,0,ᛒᚱᛖᛗᛖᛚᚣ,453
hominian,600,0,ᚻᚩᛗᛁᚾᛡᚾ,297
upgather,598,0,ᚢᛈᚷᚪᚦᛖᚱ,243
orrises,598,0,ᚩᚱᚱᛁᛋᛖᛋ,233
avoutry,597,0,ᚪᚢᚩᚢᛏᚱᚣ,283
saxonly,594,0,ᛋᚪᛉᚩᚾᛚᚣ,409
obolary,594,0,ᚩᛒᚩᛚᚪᚱᚣ,359
acatour,589,0,ᚪᚳᚪᛏᚩᚢᚱ,287
dyspneas,587,0,ᛞᚣᛋᛈᚾᛠᛋ,479
arianist,586,0,ᚪᚱᛡᚾᛁᛋᛏ,387
meetinger,584,0,ᛗᛖᛖᛏᛝᛖᚱ,421
manuses,582,0,ᛗᚪᚾᚢᛋᛖᛋ,373
shriech,580,0,ᛋᚻᚱᛁᛖᚳᚻ,221
isohels,574,0,ᛁᛋᚩᚻᛖᛚᛋ,307
dispacing,573,0,ᛞᛁᛋᛈᚪᚳᛝ,405
sdeigne,571,0,ᛋᛞᛖᛁᚷᚾᛖ,353
empayre,570,0,ᛖᛗᛈᚪᚣᚱᛖ,459
limitss,568,0,ᛚᛁᛗᛁᛏᛋᛋ,371
preeved,567,0,ᛈᚱᛖᛖᚢᛖᛞ,347
beerier,564,0,ᛒᛖᛖᚱᛁᛖᚱ,315
toppingly,563,0,ᛏᚩᛈᛈᛝᛚᚣ,407
forayer,560,0,ᚠᚩᚱᚪᚣᛖᚱ,298
ratafee,559,0,ᚱᚪᛏᚪᚠᛖᛖ,400
mitress,557,0,ᛗᛁᛏᚱᛖᛋᛋ,345
azotite,554,0,ᚪᛋᚩᛏᛁᛏᛖ,373
untride,548,0,ᚢᚾᛏᚱᛁᛞᛖ,289
stypsis,547,0,ᛋᛏᚣᛈᛋᛁᛋ,395
metrify,539,0,ᛗᛖᛏᚱᛁᚠᚣ,344
dibrach,539,0,ᛞᛁᛒᚱᚪᚳᚻ,325
cuttier,538,0,ᚳᚢᛏᛏᛁᛖᚱ,243
aggroup,537,0,ᚪᚷᚷᚱᚩᚢᛈ,195
pentail,534,0,ᛈᛖᚾᛏᚪᛁᛚ,399
burgoos,534,0,ᛒᚢᚱᚷᚩᚩᛋ,159
dreadingly,533,0,ᛞᚱᛠᛞᛝᛚᚣ,553
pardahs,522,0,ᛈᚪᚱᛞᚪᚻᛋ,413
annexal,521,0,ᚪᚾᚾᛖᛉᚪᛚ,439
tutsans,520,0,ᛏᚢᛏᛋᚪᚾᛋ,353
archils,515,0,ᚪᚱᚳᚻᛁᛚᛋ,301
ymolten,514,0,ᚣᛗᚩᛚᛏᛖᚾ,409
hoarhead,512,0,ᚻᚩᚪᚱᚻᛠᛞ,359
serosas,510,0,ᛋᛖᚱᚩᛋᚪᛋ,341
yeastier,506,0,ᚣᛠᛋᛏᛁᛖᚱ,433
winseys,501,0,ᚹᛁᚾᛋᛖᚣᛋ,355
enstore,500,0,ᛖᚾᛋᛏᚩᚱᛖ,293
scauper,495,0,ᛋᚳᚪᚢᛈᛖᚱ,287
abderian,493,0,ᚪᛒᛞᛖᚱᛡᚾ,461
plexors,492,0,ᛈᛚᛖᛉᚩᚱᛋ,301
fullans,492,0,ᚠᚢᛚᛚᚪᚾᛋ,330
pargets,490,0,ᛈᚪᚱᚷᛖᛏᛋ,347
daytide,490,0,ᛞᚪᚣᛏᛁᛞᛖ,535
abettal,489,0,ᚪᛒᛖᛏᛏᚪᛚ,513
beslave,485,0,ᛒᛖᛋᛚᚪᚢᛖ,421
repayal,482,0,ᚱᛖᛈᚪᚣᚪᛚ,491
rebatos,482,0,ᚱᛖᛒᚪᛏᚩᛋ,355
unadoring,481,0,ᚢᚾᚪᛞᚩᚱᛝ,315
lucites,479,0,ᛚᚢᚳᛁᛏᛖᛋ,299
astasias,479,0,ᚪᛋᛏᚪᛋᛡᛋ,519
alepine,478,0,ᚪᛚᛖᛈᛁᚾᛖ,407
discerp,475,0,ᛞᛁᛋᚳᛖᚱᛈ,307
nazisms,473,0,ᚾᚪᛋᛁᛋᛗᛋ,387
hebraean,473,0,ᚻᛖᛒᚱᚫᚪᚾ,389
scrives,469,0,ᛋᚳᚱᛁᚢᛖᛋ,231
tarsels,468,0,ᛏᚪᚱᛋᛖᛚᛋ,413
scotchs,461,0,ᛋᚳᚩᛏᚳᚻᛋ,221
scrambing,460,0,ᛋᚳᚱᚪᛗᛒᛝ,385
caremes,457,0,ᚳᚪᚱᛖᛗᛖᛋ,379
tipsify,454,0,ᛏᛁᛈᛋᛁᚠᚣ,322
besognio,450,0,ᛒᛖᛋᚩᚷᚾᛡ,341
asquirm,449,0,ᚪᛋᚳᚹᛁᚱᛗ,295
tussers,448,0,ᛏᚢᛋᛋᛖᚱᛋ,299
hallahs,443,0,ᚻᚪᛚᛚᚪᚻᛋ,439
dyeweed,441,0,ᛞᚣᛖᚹᛖᛖᛞ,501
clerkling,441,0,ᚳᛚᛖᚱᚳᛚᛝ,329
ipecacs,439,0,ᛁᛈᛖᚳᚪᚳᛋ,317
sudsier,435,0,ᛋᚢᛞᛋᛁᛖᚱ,307
balases,432,0,ᛒᚪᛚᚪᛋᛖᛋ,501
pockily,419,0,ᛈᚩᚳᚳᛁᛚᚣ,283
dyspneal,414,0,ᛞᚣᛋᛈᚾᛠᛚ,499
skriech,411,0,ᛋᚳᚱᛁᛖᚳᚻ,211
cohunes,409,0,ᚳᚩᚻᚢᚾᛖᛋ,195
dottels,406,0,ᛞᚩᛏᛏᛖᛚᛋ,407
whidahs,402,0,ᚹᚻᛁᛞᚪᚻᛋ,335
hausens,402,0,ᚻᚪᚢᛋᛖᚾᛋ,325
fipples,402,0,ᚠᛁᛈᛈᛚᛖᛋ,312
lymiter,395,0,ᛚᚣᛗᛁᛏᛖᚱ,415
echards,390,0,ᛖᚳᚻᚪᚱᛞᛋ,353
giambeux,389,0,ᚷᛡᛗᛒᛖᚢᛉ,373
kiblahs,388,0,ᚳᛁᛒᛚᚪᚻᛋ,351
coronion,387,0,ᚳᚩᚱᚩᚾᛡᚾ,203
sannups,385,0,ᛋᚪᚾᚾᚢᛈᛋ,307
verbify,381,0,ᚢᛖᚱᛒᛁᚠᚣ,278
outwrit,380,0,ᚩᚢᛏᚹᚱᛁᛏ,189
sorbile,376,0,ᛋᚩᚱᛒᛁᛚᛖ,303
renably,376,0,ᚱᛖᚾᚪᛒᛚᚣ,441
samburs,373,0,ᛋᚪᛗᛒᚢᚱᛋ,349
remercy,372,0,ᚱᛖᛗᛖᚱᚳᚣ,343
urodynia,371,0,ᚢᚱᚩᛞᚣᚾᛡ,349
titmose,371,0,ᛏᛁᛏᛗᚩᛋᛖ,347
snudges,371,0,ᛋᚾᚢᛞᚷᛖᛋ,311
huggingly,365,0,ᚻᚢᚷᚷᛝᛚᚣ,315
fontlet,362,0,ᚠᚩᚾᛏᛚᛖᛏ,296
skibobs,361,0,ᛋᚳᛁᛒᚩᛒᛋ,279
urocele,357,0,ᚢᚱᚩᚳᛖᛚᛖ,241
kwestion,357,0,ᚳᚹᛖᛋᛏᛡᚾ,347
franions,357,0,ᚠᚱᚪᚾᛡᚾᛋ,328
barbuts,353,0,ᛒᚪᚱᛒᚢᛏᛋ,345
jereeds,352,0,ᛂᛖᚱᛖᛖᛞᛋ,391
cutaneal,352,0,ᚳᚢᛏᚪᚾᛠᛚ,383
frecken,350,0,ᚠᚱᛖᚳᚳᛖᚾ,202
gossibs,349,0,ᚷᚩᛋᛋᛁᛒᛋ,275
thripses,348,0,ᚦᚱᛁᛈᛋᛖᛋ,263
venefic,347,0,ᚢᛖᚾᛖᚠᛁᚳ,212
gushier,347,0,ᚷᚢᛋᚻᛁᛖᚱ,205
ungouged,341,0,ᚢᛝᚩᚢᚷᛖᛞ,265
serfism,341,0,ᛋᛖᚱᚠᛁᛋᛗ,288
citydom,341,0,ᚳᛁᛏᚣᛞᚩᛗ,373
ballses,340,0,ᛒᚪᛚᛚᛋᛖᛋ,477
tideful,339,0,ᛏᛁᛞᛖᚠᚢᛚ,324
prozacs,338,0,ᛈᚱᚩᛋᚪᚳᛋ,277
clutchs,334,0,ᚳᛚᚢᛏᚳᚻᛋ,237
mythopoem,332,0,ᛗᚣᚦᚩᛈᛟᛗ,383
pheeres,328,0,ᛈᚻᛖᛖᚱᛖᛋ,331
galaxes,326,0,ᚷᚪᛚᚪᛉᛖᛋ,451
courbed,325,0,ᚳᚩᚢᚱᛒᛖᛞ,251
duckier,320,0,ᛞᚢᚳᚳᛁᛖᚱ,227
pianisms,313,0,ᛈᛡᚾᛁᛋᛗᛋ,387
gypster,311,0,ᚷᚣᛈᛋᛏᛖᚱ,353
scrowling,310,0,ᛋᚳᚱᚩᚹᛚᛝ,255
reccies,308,0,ᚱᛖᚳᚳᛁᛖᛋ,255
gyruses,308,0,ᚷᚣᚱᚢᛋᛖᛋ,307
miswend,307,0,ᛗᛁᛋᚹᛖᚾᛞ,359
uranyls,304,0,ᚢᚱᚪᚾᚣᛚᛋ,369
arieses,303,0,ᚪᚱᛁᛖᛋᛖᛋ,379
lingberry,299,0,ᛚᛝᛒᛖᚱᚱᚣ,405
redoxes,298,0,ᚱᛖᛞᚩᛉᛖᛋ,341
momisms,298,0,ᛗᚩᛗᛁᛋᛗᛋ,357
amoebous,294,0,ᚪᛗᛟᛒᚩᚢᛋ,375
smithses,293,0,ᛋᛗᛁᚦᛋᛖᛋ,333
eolopile,293,0,ᛇᛚᚩᛈᛁᛚᛖ,335
reechie,292,0,ᚱᛖᛖᚳᚻᛁᛖ,279
rareyfy,290,0,ᚱᚪᚱᛖᚣᚠᚣ,394
achiest,289,0,ᚪᚳᚻᛁᛖᛋᛏ,343
flukier,288,0,ᚠᛚᚢᚳᛁᛖᚱ,200
drownds,287,0,ᛞᚱᚩᚹᚾᛞᛋ,297
scouses,281,0,ᛋᚳᚩᚢᛋᛖᛋ,249
monases,279,0,ᛗᚩᚾᚪᛋᛖᛋ,377
aurifying,279,0,ᚪᚢᚱᛁᚠᚣᛝ,326
ohmages,277,0,ᚩᚻᛗᚪᚷᛖᛋ,335
bopeeps,275,0,ᛒᚩᛈᛖᛖᛈᛋ,341
fanteeg,270,0,ᚠᚪᚾᛏᛖᛖᚷ,338
teacarts,269,0,ᛏᛠᚳᚪᚱᛏᛋ,401
smidges,269,0,ᛋᛗᛁᛞᚷᛖᛋ,381
hematal,266,0,ᚻᛖᛗᚪᛏᚪᛚ,487
casavas,265,0,ᚳᚪᛋᚪᚢᚪᛋ,413
dibbuks,264,0,ᛞᛁᛒᛒᚢᚳᛋ,311
droddum,258,0,ᛞᚱᚩᛞᛞᚢᛗ,359
avenses,256,0,ᚪᚢᛖᚾᛋᛖᛋ,369
jakeses,253,0,ᛂᚪᚳᛖᛋᛖᛋ,387
saurels,252,0,ᛋᚪᚢᚱᛖᛚᛋ,357
weeness,247,0,ᚹᛖᛖᚾᛖᛋᛋ,355
misally,242,0,ᛗᛁᛋᚪᛚᛚᚣ,501
peltingly,241,0,ᛈᛖᛚᛏᛝᛚᚣ,497
appairing,238,0,ᚪᛈᛈᚪᛁᚱᛝ,401
crutchs,236,0,ᚳᚱᚢᛏᚳᚻᛋ,175
lacepod,234,0,ᛚᚪᚳᛖᛈᚩᛞ,389
thusgate,232,0,ᚦᚢᛋᚷᚪᛏᛖ,301
arcuses,229,0,ᚪᚱᚳᚢᛋᛖᛋ,297
searness,228,0,ᛋᛠᚱᚾᛖᛋᛋ,375
taoisms,226,0,ᛏᚪᚩᛁᛋᛗᛋ,371
morningly,226,0,ᛗᚩᚱᚾᛝᛚᚣ,373
hegaris,226,0,ᚻᛖᚷᚪᚱᛁᛋ,299
pultans,225,0,ᛈᚢᛚᛏᚪᚾᛋ,357
sensify,224,0,ᛋᛖᚾᛋᛁᚠᚣ,338
animize,224,0,ᚪᚾᛁᛗᛁᛋᛖ,379
theriacas,220,0,ᚦᛖᚱᛡᚳᚪᛋ,353
rulesse,220,0,ᚱᚢᛚᛖᛋᛋᛖ,327
opalize,219,0,ᚩᛈᚪᛚᛁᛋᛖ,371
fringepod,219,0,ᚠᚱᛝᛖᛈᚩᛞ,298
kingwoods,218,0,ᚳᛝᚹᚩᚩᛞᛋ,267
outrave,213,0,ᚩᚢᛏᚱᚪᚢᛖ,247
sibrede,210,0,ᛋᛁᛒᚱᛖᛞᛖ,379
pungapung,209,0,ᛈᚢᛝᚪᛈᚢᛝ,347
carnify,206,0,ᚳᚪᚱᚾᛁᚠᚣ,286
maoisms,202,0,ᛗᚪᚩᛁᛋᛗᛋ,383
youngthly,199,0,ᚣᚩᚢᛝᚦᛚᚣ,373
pothoses,199,0,ᛈᚩᚦᚩᛋᛖᛋ,235
hackees,198,0,ᚻᚪᚳᚳᛖᛖᛋ,333
ridgels,197,0,ᚱᛁᛞᚷᛖᛚᛋ,341
allices,196,0,ᚪᛚᛚᛁᚳᛖᛋ,407
whampee,194,0,ᚹᚻᚪᛗᛈᛖᛖ,387
lagends,194,0,ᛚᚪᚷᛖᚾᛞᛋ,425
enround,191,0,ᛖᚾᚱᚩᚢᚾᛞ,235
metrete,188,0,ᛗᛖᛏᚱᛖᛏᛖ,401
duncish,186,0,ᛞᚢᚾᚳᛁᛋᚻ,241
ebonise,185,0,ᛖᛒᚩᚾᛁᛋᛖ,315
uratemia,181,0,ᚢᚱᚪᛏᛖᛗᛡ,415
citrins,181,0,ᚳᛁᛏᚱᛁᚾᛋ,227
aphakias,180,0,ᚪᛈᚻᚪᚳᛡᛋ,433
enmitys,176,0,ᛖᚾᛗᛁᛏᚣᛋ,413
coriums,176,0,ᚳᚩᚱᛁᚢᛗᛋ,189
sphenion,171,0,ᛋᛈᚻᛖᚾᛡᚾ,351
naythles,171,0,ᚾᚪᚣᚦᛚᛖᛋ,427
dysaphia,168,0,ᛞᚣᛋᚪᛈᚻᛡ,515
lavaboes,165,0,ᛚᚪᚢᚪᛒᛟᛋ,467
batfowl,164,0,ᛒᚪᛏᚠᚩᚹᛚ,318
wampees,163,0,ᚹᚪᛗᛈᛖᛖᛋ,417
axseeds,161,0,ᚪᛉᛋᛖᛖᛞᛋ,473
outbuys,159,0,ᚩᚢᛏᛒᚢᚣᛋ,289
sufisms,156,0,ᛋᚢᚠᛁᛋᛗᛋ,266
formols,155,0,ᚠᚩᚱᛗᚩᛚᛋ,224
shindys,152,0,ᛋᚻᛁᚾᛞᚣᛋ,381
rosated,142,0,ᚱᚩᛋᚪᛏᛖᛞ,383
revengings,141,0,ᚱᛖᚢᛖᛝᛝᛋ,359
pipages,137,0,ᛈᛁᛈᚪᚷᛖᛋ,351
giggiting,137,0,ᚷᛁᚷᚷᛁᛏᛝ,251
diaglyph,136,0,ᛞᛡᚷᛚᚣᛈᚻ,455
ensteep,135,0,ᛖᚾᛋᛏᛖᛖᛈ,385
shoebird,134,0,ᛋᚻᛟᛒᛁᚱᛞ,351
samiels,134,0,ᛋᚪᛗᛁᛖᛚᛋ,445
kvasses,134,0,ᚳᚢᚪᛋᛋᛖᛋ,339
biltongs,134,0,ᛒᛁᛚᛏᚩᛝᛋ,363
anesthyl,134,0,ᚪᚾᛖᛋᚦᚣᛚ,427
kiddied,132,0,ᚳᛁᛞᛞᛁᛖᛞ,409
avianize,132,0,ᚪᚢᛡᚾᛁᛋᛖ,387
lovages,131,0,ᛚᚩᚢᚪᚷᛖᛋ,317
skepful,128,0,ᛋᚳᛖᛈᚠᚢᛚ,254
cutises,126,0,ᚳᚢᛏᛁᛋᛖᛋ,279
nigrify,125,0,ᚾᛁᚷᚱᛁᚠᚣ,224
taguans,124,0,ᛏᚪᚷᚢᚪᚾᛋ,355
whareer,121,0,ᚹᚻᚪᚱᛖᛖᚱ,295
sclaffs,117,0,ᛋᚳᛚᚪᚠᚠᛋ,293
grugrus,117,0,ᚷᚱᚢᚷᚱᚢᛋ,115
angiocarp,116,0,ᚪᛝᛡᚳᚪᚱᛈ,447
kapeika,113,0,ᚳᚪᛈᛖᛁᚳᚪ,361
amooved,113,0,ᚪᛗᚩᚩᚢᛖᛞ,341
entomion,111,0,ᛖᚾᛏᚩᛗᛡᚾ,369
amylums,101,0,ᚪᛗᚣᛚᚢᛗᛋ,471
comitys,100,0,ᚳᚩᛗᛁᛏᚣᛋ,337
poteens,97,0,ᛈᚩᛏᛖᛖᚾᛋ,325
mentums,97,0,ᛗᛖᚾᛏᚢᛗᛋ,353
gidgees,97,0,ᚷᛁᛞᚷᛖᛖᛋ,341
scorser,92,0,ᛋᚳᚩᚱᛋᛖᚱ,215
unwayed,91,0,ᚢᚾᚹᚪᚣᛖᛞ,407
nardoos,90,0,ᚾᚪᚱᛞᚩᚩᛋ,293
realgars,89,0,ᚱᛠᛚᚷᚪᚱᛋ,371
samekhs,88,0,ᛋᚪᛗᛖᚳᚻᛋ,377
melagra,87,0,ᛗᛖᛚᚪᚷᚱᚪ,433
albinal,86,0,ᚪᛚᛒᛁᚾᚪᛚ,461
acrasias,81,0,ᚪᚳᚱᚪᛋᛡᛋ,431
nisuses,79,0,ᚾᛁᛋᚢᛋᛖᛋ,289
lamedhs,78,0,ᛚᚪᛗᛖᛞᚻᛋ,473
aniente,77,0,ᚪᚾᛁᛖᚾᛏᛖ,379
rubeolas,76,0,ᚱᚢᛒᛇᛚᚪᛋ,339
buntals,73,0,ᛒᚢᚾᛏᚪᛚᛋ,375
mercify,70,0,ᛗᛖᚱᚳᛁᚠᚣ,298
inpours,69,0,ᛁᚾᛈᚩᚢᚱᛋ,177
tapises,68,0,ᛏᚪᛈᛁᛋᛖᛋ,403
reemish,68,0,ᚱᛖᛖᛗᛁᛋᚻ,323
glareole,68,0,ᚷᛚᚪᚱᛇᛚᛖ,379
henbits,64,0,ᚻᛖᚾᛒᛁᛏᛋ,323
tussurs,62,0,ᛏᚢᛋᛋᚢᚱᛋ,235
lowsest,60,0,ᛚᚩᚹᛋᛖᛋᛏ,331
reassail,59,0,ᚱᛠᛋᛋᚪᛁᛚ,427
greesings,54,0,ᚷᚱᛖᛖᛋᛝᛋ,347
browsts,53,0,ᛒᚱᚩᚹᛋᛏᛋ,263
obeches,52,0,ᚩᛒᛖᚳᚻᛖᛋ,291
synovias,51,0,ᛋᚣᚾᚩᚢᛡᛋ,355
boltant,50,0,ᛒᚩᛚᛏᚪᚾᛏ,385
leglens,48,0,ᛚᛖᚷᛚᛖᚾᛋ,379
reingress,47,0,ᚱᛖᛝᚱᛖᛋᛋ,341
ortygan,47,0,ᚩᚱᛏᚣᚷᚪᚾ,323
dutchss,47,0,ᛞᚢᛏᚳᚻᛋᛋ,293
