ass'n,5412381,0,ᚪᛋᛋᚾ,232
don't,1549437,1,ᛞᚩᚾᛏ,184
dep't,1507733,0,ᛞᛖᛈᛏ,258
gov't,1141122,0,ᚷᚩᚢᛏ,86
sec'y,1112596,0,ᛋᛖᚳᚣ,236
heav'n,1093558,0,ᚻᛠᚢᚾ,164
how'd,985802,0,ᚻᚩᚹᛞ,138
aff'd,959442,0,ᚪᚠᚠᛞ,190
rec'd,943421,0,ᚱᛖᚳᛞ,180
wou'd,760659,0,ᚹᚩᚢᛞ,118
ass't,718384,0,ᚪᛋᛋᛏ,262
lov'd,607158,0,ᛚᚩᚢᛞ,172
cap'n,583227,0,ᚳᚪᛈᚾ,182
rev'd,558919,0,ᚱᛖᚢᛞ,170
can't,448784,1,ᚳᚪᚾᛏ,198
fix'd,412329,0,ᚠᛁᛉᛞ,169
arm's,400641,0,ᚪᚱᛗᛋ,232
cou'd,394386,0,ᚳᚩᚢᛞ,112
why'd,383178,0,ᚹᚻᚣᛞ,234
liv'd,357641,0,ᛚᛁᚢᛞ,196
van't,338899,0,ᚢᚪᚾᛏ,188
com'n,338809,0,ᚳᚩᛗᚾ,120
arm'd,299912,0,ᚪᚱᛗᛞ,268
ask'd,292851,0,ᚪᛋᚳᛞ,252
dec'd,265127,0,ᛞᛖᚳᛞ,258
man's,264861,0,ᛗᚪᚾᛋ,250
fear'd,239439,0,ᚠᛠᚱᛞ,211
isn't,215909,1,ᛁᛋᚾᛏ,172
she'd,212202,1,ᛋᚻᛖᛞ,232
con't,211868,0,ᚳᚩᚾᛏ,108
mov'd,202486,0,ᛗᚩᚢᛞ,170
lib'n,201943,0,ᛚᛁᛒᚾ,194
sup't,196232,0,ᛋᚢᛈᛏ,158
mix'd,195530,0,ᛗᛁᛉᛞ,238
for't,192012,0,ᚠᚩᚱᛏ,79
pub'd,189457,0,ᛈᚢᛒᛞ,196
won't,176802,1,ᚹᚩᚾᛏ,114
bow'd,175047,0,ᛒᚩᚹᛞ,176
cat's,164792,0,ᚳᚪᛏᛋ,222
hang'd,149387,0,ᚻᚪᛝᛞ,288
giv'n,135714,0,ᚷᛁᚢᚾ,80
rear'd,133679,0,ᚱᛠᚱᛞ,220
cry'd,132633,0,ᚳᚱᚣᛞ,216
seal'd,124732,0,ᛋᛠᛚᛞ,324
ret'd,118925,0,ᚱᛖᛏᛞ,226
fam'd,115708,0,ᚠᚪᛗᛞ,259
sav'd,111335,0,ᛋᚪᚢᛞ,242
nam'd,111278,0,ᚾᚪᛗᛞ,286
own'd,110318,0,ᚩᚹᚾᛞ,144
urg'd,104378,0,ᚢᚱᚷᛞ,120
woo'd,102283,0,ᚹᚩᚩᛞ,122
that's,98013,1,ᚦᚪᛏᛋ,214
vow'd,96108,0,ᚢᚩᚹᛞ,118
reg't,95717,0,ᚱᛖᚷᛏ,154
death's,95077,0,ᛞᛠᚦᛋ,256
try'd,94621,0,ᛏᚱᚣᛞ,262
they'd,90456,1,ᚦᛖᚣᛞ,264
rob't,87925,0,ᚱᚩᛒᛏ,138
fir'd,85731,0,ᚠᛁᚱᛞ,133
you'd,85456,1,ᚣᚩᚢᛞ,202
san'a,84634,0,ᛋᚪᚾᚪ,276
acc't,82344,0,ᚪᚳᚳᛏ,182
rep't,80028,0,ᚱᛖᛈᛏ,180
ceas'd,78116,0,ᚳᛠᛋᛞ,264
rul'd,76285,0,ᚱᚢᛚᛞ,176
vex'd,75851,0,ᚢᛖᛉᛞ,206
tir'd,74988,0,ᛏᛁᚱᛞ,190
let's,73794,1,ᛚᛖᛏᛋ,252
ree'd,70684,0,ᚱᛖᛖᛞ,234
tax'n,70221,0,ᛏᚪᛉᚾ,232
heap'd,68704,0,ᚻᛠᛈᛞ,264
gaz'd,67708,0,ᚷᚪᛋᛞ,256
hop'd,66649,0,ᚻᚩᛈᛞ,162
env't,65959,0,ᛖᚾᚢᛏ,158
was't,64810,0,ᚹᚪᛋᛏ,228
god's,63972,0,ᚷᚩᛞᛋ,166
ref'd,63307,0,ᚱᛖᚠᛞ,169
long'd,61133,0,ᛚᚩᛝᛞ,248
dog's,60459,0,ᛞᚩᚷᛋ,166
dar'd,60239,0,ᛞᚪᚱᛞ,286
wak'd,60187,0,ᚹᚪᚳᛞ,218
din'd,60081,0,ᛞᛁᚾᛞ,238
fac'd,59902,0,ᚠᚪᚳᛞ,201
div'n,57072,0,ᛞᛁᚢᚾ,152
aim'd,55705,0,ᚪᛁᛗᛞ,288
one's,53803,0,ᚩᚾᛖᛋ,156
leap'd,53297,0,ᛚᛠᛈᛞ,314
wan't,52087,0,ᚹᚪᚾᛏ,204
she's,51534,1,ᛋᚻᛖᛋ,196
ain't,51159,0,ᚪᛁᚾᛏ,216
fed'n,48047,0,ᚠᛖᛞᚾ,187
his'n,47718,0,ᚻᛁᛋᚾ,136
inc'd,46451,0,ᛁᚾᚳᛞ,162
han't,46171,0,ᚻᚪᚾᛏ,208
bro't,45051,0,ᛒᚱᚩᛏ,138
rang'd,44167,0,ᚱᚪᛝᛞ,276
opp'n,44139,0,ᚩᛈᛈᚾ,122
req'd,44111,0,ᚱᛖᚳᛞ,180
men's,43468,0,ᛗᛖᚾᛋ,220
out'n,42798,0,ᚩᚢᛏᚾ,98
reg'd,42694,0,ᚱᛖᚷᛞ,184
bos'n,42663,0,ᛒᚩᛋᚾ,150
lean'd,42401,0,ᛚᛠᚾᛞ,300
tun'd,42114,0,ᛏᚢᚾᛞ,180
off'n,41833,0,ᚩᚠᚠᚾ,40
col'd,41071,0,ᚳᚩᛚᛞ,182
cur'd,40708,0,ᚳᚢᚱᛞ,116
earn'd,40662,0,ᛠᚱᚾᛞ,238
wav'd,38045,0,ᚹᚪᚢᛞ,208
rob'd,37179,0,ᚱᚩᛒᛞ,168
lik'd,37050,0,ᛚᛁᚳᛞ,206
heav'd,35658,0,ᚻᛠᚢᛞ,224
year's,35562,0,ᚣᛠᚱᛋ,276
beam'd,35479,0,ᛒᛠᛗᛞ,330
com't,35365,0,ᚳᚩᛗᛏ,150
arn't,35008,0,ᚪᚱᚾᛏ,196
see't,35000,0,ᛋᛖᛖᛏ,246
din't,34889,0,ᛞᛁᚾᛏ,208
div'd,34769,0,ᛞᛁᚢᛞ,212
bath'd,34350,0,ᛒᚪᚦᛞ,252
ine'd,33499,0,ᛁᚾᛖᛞ,216
see'd,33266,0,ᛋᛖᛖᛞ,276
lsn't,32050,0,ᛚᛋᚾᛏ,214
jew's,31314,0,ᛂᛖᚹᛋ,176
adn't,31280,0,ᚪᛞᚾᛏ,274
who'd,31072,0,ᚹᚻᚩᛞ,138
lin'd,30428,0,ᛚᛁᚾᛞ,222
lay'd,30215,0,ᛚᚪᚣᛞ,362
sow'd,30071,0,ᛋᚩᚹᛞ,168
heal'd,29887,0,ᚻᛠᛚᛞ,294
neat's,29291,0,ᚾᛠᛏᛋ,250
dhu'l,28849,0,ᛞᚻᚢᛚ,188
err'd,28306,0,ᛖᚱᚱᛞ,178
app'd,28067,0,ᚪᛈᛈᛞ,272
reap'd,27699,0,ᚱᛠᛈᛞ,252
joy'd,27430,0,ᛂᚩᚣᛞ,236
pay'd,27299,0,ᛈᚪᚣᛞ,332
dou't,26567,0,ᛞᚩᚢᛏ,158
edw'd,26412,0,ᛖᛞᚹᛞ,264
ont'd,26334,0,ᚩᚾᛏᛞ,184
est'd,25683,0,ᛖᛋᛏᛞ,268
dev't,25395,0,ᛞᛖᚢᛏ,218
row'd,25064,0,ᚱᚩᚹᛞ,126
fee'd,24951,0,ᚠᛖᛖᛞ,225
doen't,24719,0,ᛞᛟᚾᛏ,260
sev'n,24186,0,ᛋᛖᚢᚾ,152
car'd,23935,0,ᚳᚪᚱᛞ,210
ben't,23889,0,ᛒᛖᚾᛏ,216
wip'd,23515,0,ᚹᛁᛈᛞ,182
rag'd,23192,0,ᚱᚪᚷᛞ,214
dry'd,23124,0,ᛞᚱᚣᛞ,292
pin'd,23033,0,ᛈᛁᚾᛞ,192
asn't,22991,0,ᚪᛋᚾᛏ,238
dee'd,22692,0,ᛞᛖᛖᛞ,312
pil'd,22514,0,ᛈᛁᛚᛞ,236
idn't,22443,0,ᛁᛞᚾᛏ,208
beg'd,22350,0,ᛒᛖᚷᛞ,234
von't,22091,0,ᚢᚩᚾᛏ,98
adj't,21982,0,ᚪᛞᛂᛏ,282
man'd,21723,0,ᛗᚪᚾᛞ,286
det'd,21486,0,ᛞᛖᛏᛞ,304
spy'd,20999,0,ᛋᛈᚣᛞ,288
ban't,20981,0,ᛒᚪᚾᛏ,246
tax'd,20923,0,ᛏᚪᛉᛞ,292
tam'd,20524,0,ᛏᚪᛗᛞ,316
who's,20027,1,ᚹᚻᚩᛋ,102
sear'd,19936,0,ᛋᛠᚱᛞ,262
com'd,19482,0,ᚳᚩᛗᛞ,180
lou'd,19435,0,ᛚᚩᚢᛞ,172
lac'd,18785,0,ᛚᚪᚳᛞ,272
app't,18547,0,ᚪᛈᛈᛏ,242
day's,18399,0,ᛞᚪᚣᛋ,342
war's,18340,0,ᚹᚪᚱᛋ,180
cal'd,18316,0,ᚳᚪᛚᛞ,272
edg'd,18288,0,ᛖᛞᚷᛞ,262
hew'd,18284,0,ᚻᛖᚹᛞ,198
wax'd,18214,0,ᚹᚪᛉᛞ,252
with't,18195,0,ᚹᛁᚦᛏ,114
yer'd,17905,0,ᚣᛖᚱᛞ,270
hir'd,17875,0,ᚻᛁᚱᛞ,154
ebb'd,17775,0,ᛖᛒᛒᛞ,278
ram's,17749,0,ᚱᚪᛗᛋ,232
cow's,17741,0,ᚳᚩᚹᛋ,92
con'd,17592,0,ᚳᚩᚾᛞ,138
hog's,17470,0,ᚻᚩᚷᛋ,100
fig'd,17339,0,ᚠᛁᚷᛞ,139
far'd,17223,0,ᚠᚪᚱᛞ,199
wer't,17128,0,ᚹᛖᚱᛏ,156
bean't,17128,0,ᛒᛠᚾᛏ,258
ass'd,17036,0,ᚪᛋᛋᛞ,292
aas'n,16954,0,ᚪᚪᛋᚾ,276
lion's,16733,0,ᛚᛡᚾᛋ,262
bak'd,16530,0,ᛒᚪᚳᛞ,260
amn't,16435,0,ᚪᛗᚾᛏ,256
bear's,16279,0,ᛒᛠᚱᛋ,234
cap't,16227,0,ᚳᚪᛈᛏ,212
acc'd,16014,0,ᚪᚳᚳᛞ,212
pac'd,15924,0,ᛈᚪᚳᛞ,242
peal'd,15563,0,ᛈᛠᛚᛞ,314
sho'd,15466,0,ᛋᚻᚩᛞ,172
lon't,15187,0,ᛚᚩᚾᛏ,168
enf'd,14884,0,ᛖᚾᚠᛞ,187
pav'd,14748,0,ᛈᚪᚢᛞ,232
say'd,14651,0,ᛋᚪᚣᛞ,342
ris'n,14473,0,ᚱᛁᛋᚾ,124
dun't,14330,0,ᛞᚢᚾᛏ,180
nhw'n,14281,0,ᚾᚻᚹᚾ,100
dey'd,14013,0,ᛞᛖᚣᛞ,348
mor'n,13997,0,ᛗᚩᚱᚾ,118
com'th,13579,0,ᚳᚩᛗᚦ,96
mew'd,13399,0,ᛗᛖᚹᛞ,246
tum'd,13385,0,ᛏᚢᛗᛞ,222
art's,13313,0,ᚪᚱᛏᛋ,220
pop'n,13192,0,ᛈᚩᛈᚾ,122
liu'd,13157,0,ᛚᛁᚢᛞ,196
ken'd,12847,0,ᚳᛖᚾᛞ,198
del'd,12830,0,ᛞᛖᛚᛞ,318
exp'd,12560,0,ᛖᛉᛈᛞ,246
you'n,12384,0,ᚣᚩᚢᚾ,142
one'd,12311,0,ᚩᚾᛖᛞ,192
leav'd,12275,0,ᛚᛠᚢᛞ,274
and't,12221,0,ᚪᚾᛞᛏ,274
for'd,12108,0,ᚠᚩᚱᛞ,109
orb'd,12102,0,ᚩᚱᛒᛞ,168
rep'd,11882,0,ᚱᛖᛈᛞ,210
two's,11736,0,ᛏᚹᚩᛋ,138
wun't,11732,0,ᚹᚢᚾᛏ,110
gor'd,11641,0,ᚷᚩᚱᛞ,124
say't,11559,0,ᛋᚪᚣᛏ,312
thou'd,11540,0,ᚦᚩᚢᛞ,104
this'd,11500,0,ᚦᛁᛋᛞ,178
ill'd,11499,0,ᛁᛚᛚᛞ,266
mus'd,11464,0,ᛗᚢᛋᛞ,216
tan't,11265,0,ᛏᚪᚾᛏ,244
ply'd,11053,0,ᛈᛚᚣᛞ,308
fil'd,11028,0,ᚠᛁᛚᛞ,195
may't,10999,0,ᛗᚪᚣᛏ,330
pat'd,10995,0,ᛈᚪᛏᛞ,288
don'd,10953,0,ᛞᚩᚾᛞ,214
rem'd,10938,0,ᚱᛖᛗᛞ,238
our'n,10910,0,ᚩᚢᚱᚾ,50
dam'd,10899,0,ᛞᚪᛗᛞ,346
app'n,10894,0,ᚪᛈᛈᚾ,212
wean'd,10840,0,ᚹᛠᚾᛞ,246
raz'd,10802,0,ᚱᚪᛋᛞ,250
lur'd,10769,0,ᛚᚢᚱᛞ,176
fring'd,10755,0,ᚠᚱᛝᛞ,181
asa'n,10691,0,ᚪᛋᚪᚾ,276
dep'd,10557,0,ᛞᛖᛈᛞ,288
heau'n,10478,0,ᚻᛠᚢᚾ,164
exp'n,10437,0,ᛖᛉᛈᚾ,186
bay'd,10432,0,ᛒᚪᚣᛞ,350
rov'd,10368,0,ᚱᚩᚢᛞ,110
mou'd,10342,0,ᛗᚩᚢᛞ,170
sol'n,10338,0,ᛋᚩᛚᚾ,162
aug't,10214,0,ᚪᚢᚷᛏ,176
oan't,10152,0,ᚩᚪᚾᛏ,192
iln'd,10096,0,ᛁᛚᚾᛞ,222
pub'n,10060,0,ᛈᚢᛒᚾ,136
ann's,10007,0,ᚪᚾᚾᛋ,208
pet'n,9854,0,ᛈᛖᛏᚾ,198
oesn't,9811,0,ᛟᛋᚾᛏ,224
bar'd,9773,0,ᛒᚪᚱᛞ,258
chi'n,9513,0,ᚳᚻᛁᚾ,96
gel'd,9475,0,ᚷᛖᛚᛞ,246
this'n,9428,0,ᚦᛁᛋᚾ,118
dwi'n,9400,0,ᛞᚹᛁᚾ,168
cox'n,9384,0,ᚳᚩᛉᚾ,96
bang'd,9218,0,ᛒᚪᛝᛞ,326
cap'm,9213,0,ᚳᚪᛈᛗ,224
tim'd,9168,0,ᛏᛁᛗᛞ,250
adm'n,9161,0,ᚪᛞᛗᚾ,286
thaw'd,9120,0,ᚦᚪᚹᛞ,210
fin'd,9092,0,ᚠᛁᚾᛞ,151
near'd,9077,0,ᚾᛠᚱᛞ,238
noth'n,9068,0,ᚾᚩᚦᚾ,70
ingag'd,9040,0,ᛝᚪᚷᛞ,282
six'd,8988,0,ᛋᛁᛉᛞ,220
wag'd,8828,0,ᚹᚪᚷᛞ,222
sew'd,8821,0,ᛋᛖᚹᛞ,228
pig's,8778,0,ᛈᛁᚷᛋ,144
pay't,8738,0,ᛈᚪᚣᛏ,302
ifi'd,8703,0,ᛁᚠᛁᛞ,153
her'n,8622,0,ᚻᛖᚱᚾ,130
adv't,8581,0,ᚪᛞᚢᛏ,248
pen'd,8538,0,ᛈᛖᚾᛞ,228
def't,8524,0,ᛞᛖᚠᛏ,217
imp't,8489,0,ᛁᛗᛈᛏ,204
hear'd,8467,0,ᚻᛠᚱᛞ,232
oon't,8392,0,ᚩᚩᚾᛏ,102
wha'd,8371,0,ᚹᚻᚪᛞ,228
afl'd,8351,0,ᚪᚠᛚᛞ,261
thee'd,8339,0,ᚦᛖᛖᛞ,228
moh'd,8183,0,ᛗᚩᚻᛞ,190
did't,8125,0,ᛞᛁᛞᛏ,268
obd't,8118,0,ᚩᛒᛞᛏ,216
ope'd,8072,0,ᚩᛈᛖᛞ,206
bat's,8053,0,ᛒᚪᛏᛋ,270
vou'd,7950,0,ᚢᚩᚢᛞ,102
boy's,7939,0,ᛒᚩᚣᛋ,224
tri'd,7935,0,ᛏᚱᛁᛞ,190
they'th,7907,0,ᚦᛖᚣᚦ,180
ren't,7865,0,ᚱᛖᚾᛏ,166
esn't,7825,0,ᛖᛋᚾᛏ,208
ton't,7824,0,ᛏᚩᚾᛏ,154
grae'd,7747,0,ᚷᚱᚫᛞ,218
rav'd,7679,0,ᚱᚪᚢᛞ,200
wor'd,7550,0,ᚹᚩᚱᛞ,126
cas'd,7536,0,ᚳᚪᛋᛞ,252
mow'd,7533,0,ᛗᚩᚹᛞ,186
yok'd,7506,0,ᚣᚩᚳᛞ,212
exp't,7434,0,ᛖᛉᛈᛏ,216
does't,7318,0,ᛞᛟᛋᛏ,284
men't,7311,0,ᛗᛖᚾᛏ,226
guy'd,7303,0,ᚷᚢᚣᛞ,212
kil'd,7298,0,ᚳᛁᛚᛞ,206
dean's,7228,0,ᛞᛠᚾᛋ,280
gar'd,7210,0,ᚷᚪᚱᛞ,214
den't,7182,0,ᛞᛖᚾᛏ,244
ton'd,7156,0,ᛏᚩᚾᛞ,184
afi'd,7141,0,ᚪᚠᛁᛞ,219
tso'd,7139,0,ᛏᛋᚩᛞ,208
rat's,7139,0,ᚱᚪᛏᛋ,220
onc't,7125,0,ᚩᚾᚳᛏ,108
pay'n,7099,0,ᛈᚪᚣᚾ,272
aaa'n,7079,0,ᚪᚪᚪᚾ,320
isl'd,7059,0,ᛁᛋᛚᛞ,246
dew'd,6984,0,ᛞᛖᚹᛞ,264
weav'd,6911,0,ᚹᛠᚢᛞ,220
thee't,6873,0,ᚦᛖᛖᛏ,198
bear't,6790,0,ᛒᛠᚱᛏ,240
oil'd,6716,0,ᚩᛁᛚᛞ,200
kul't,6709,0,ᚳᚢᛚᛏ,148
too't,6703,0,ᛏᚩᚩᛏ,132
low'd,6655,0,ᛚᚩᚹᛞ,188
reb'd,6592,0,ᚱᛖᛒᛞ,228
fou't,6566,0,ᚠᚩᚢᛏ,71
pon't,6546,0,ᛈᚩᚾᛏ,138
fie'd,6539,0,ᚠᛁᛖᛞ,189
att'n,6505,0,ᚪᛏᛏᚾ,244
fav'd,6458,0,ᚠᚪᚢᛞ,191
siz'd,6452,0,ᛋᛁᛋᛞ,226
doo't,6443,0,ᛞᚩᚩᛏ,162
for'n,6401,0,ᚠᚩᚱᚾ,49
rak'd,6362,0,ᚱᚪᚳᛞ,210
cow'd,6327,0,ᚳᚩᚹᛞ,128
idea'd,6321,0,ᛁᛞᛠᛞ,318
cau't,6313,0,ᚳᚪᚢᛏ,172
fang'd,6277,0,ᚠᚪᛝᛞ,267
lim'd,6262,0,ᛚᛁᛗᛞ,264
mit'a,6243,0,ᛗᛁᛏᚪ,258
tak'n,6238,0,ᛏᚪᚳᚾ,198
ask't,6225,0,ᚪᛋᚳᛏ,222
sha'th,6142,0,ᛋᚻᚪᚦ,178
acq'd,6035,0,ᚪᚳᚳᛞ,212
seam'd,6009,0,ᛋᛠᛗᛞ,322
with'n,5978,0,ᚹᛁᚦᚾ,84
hon'd,5908,0,ᚻᚩᚾᛞ,148
that'n,5875,0,ᚦᚪᛏᚾ,190
boy'd,5825,0,ᛒᚩᚣᛞ,260
sup'd,5806,0,ᛋᚢᛈᛞ,188
earl's,5801,0,ᛠᚱᛚᛋ,246
rif'd,5791,0,ᚱᛁᚠᛞ,133
tyr'd,5737,0,ᛏᚣᚱᛞ,262
dav'd,5713,0,ᛞᚪᚢᛞ,278
air'd,5679,0,ᚪᛁᚱᛞ,228
dem'd,5668,0,ᛞᛖᛗᛞ,316
sai'd,5624,0,ᛋᚪᛁᛞ,270
oar'd,5589,0,ᚩᚪᚱᛞ,204
dis't,5505,0,ᛞᛁᛋᛏ,232
bee's,5472,0,ᛒᛖᛖᛋ,248
all'd,5408,0,ᚪᛚᛚᛞ,332
mar'd,5386,0,ᛗᚪᚱᛞ,268
ten'n,5357,0,ᛏᛖᚾᚾ,184
hal'd,5357,0,ᚻᚪᛚᛞ,282
ere't,5344,0,ᛖᚱᛖᛏ,204
pos'd,5331,0,ᛈᚩᛋᛞ,192
try'n,5310,0,ᛏᚱᚣᚾ,202
bor'd,5287,0,ᛒᚩᚱᛞ,168
woo't,5228,0,ᚹᚩᚩᛏ,92
ray'd,5173,0,ᚱᚪᚣᛞ,300
viz't,5153,0,ᚢᛁᛋᛏ,146
job's,5124,0,ᛂᚩᛒᛋ,158
saw't,5093,0,ᛋᚪᚹᛏ,228
son's,5089,0,ᛋᚩᚾᛋ,142
hen's,5085,0,ᚻᛖᚾᛋ,172
cos't,5079,0,ᚳᚩᛋᛏ,132
sub'n,5078,0,ᛋᚢᛒᚾ,146
par'd,5032,0,ᛈᚪᚱᛞ,240
pin's,5031,0,ᛈᛁᚾᛋ,156
ain'd,5026,0,ᚪᛁᚾᛞ,246
east'n,4966,0,ᛠᛋᛏᚾ,250
den'd,4953,0,ᛞᛖᚾᛞ,274
mgm't,4934,0,ᛗᚷᛗᛏ,218
let't,4934,0,ᛚᛖᛏᛏ,258
don'n,4910,0,ᛞᚩᚾᚾ,154
bon'd,4908,0,ᛒᚩᚾᛞ,186
ser't,4869,0,ᛋᛖᚱᛏ,190
hou'd,4833,0,ᚻᚩᚢᛞ,122
rub'd,4828,0,ᚱᚢᛒᛞ,164
leam'd,4799,0,ᛚᛠᛗᛞ,342
chm'n,4774,0,ᚳᚻᛗᚾ,136
fon'n,4767,0,ᚠᚩᚾᚾ,67
bee'n,4735,0,ᛒᛖᛖᚾ,224
leg'd,4657,0,ᛚᛖᚷᛞ,246
ren'd,4629,0,ᚱᛖᚾᛞ,196
ail'd,4605,0,ᚪᛁᛚᛞ,290
thou't,4593,0,ᚦᚩᚢᛏ,74
ken't,4583,0,ᚳᛖᚾᛏ,168
maz'd,4577,0,ᛗᚪᛋᛞ,310
hey'd,4568,0,ᚻᛖᚣᛞ,282
hear't,4568,0,ᚻᛠᚱᛏ,202
imp'd,4507,0,ᛁᛗᛈᛞ,234
arc's,4485,0,ᚪᚱᚳᛋ,174
ibz'd,4464,0,ᛁᛒᛋᛞ,234
war't,4450,0,ᚹᚪᚱᛏ,186
fal'n,4450,0,ᚠᚪᛚᚾ,201
sir'd,4417,0,ᛋᛁᚱᛞ,184
did'n,4403,0,ᛞᛁᛞᚾ,238
mer't,4351,0,ᛗᛖᚱᛏ,208
gre't,4342,0,ᚷᚱᛖᛏ,154
fry'd,4329,0,ᚠᚱᚣᛞ,205
add'n,4327,0,ᚪᛞᛞᚾ,304
won'd,4325,0,ᚹᚩᚾᛞ,144
that'd,4321,0,ᚦᚪᛏᛞ,250
fac't,4321,0,ᚠᚪᚳᛏ,171
pig'n,4303,0,ᛈᛁᚷᚾ,120
that't,4302,0,ᚦᚪᛏᛏ,220
wov'n,4299,0,ᚹᚩᚢᚾ,58
ldn't,4199,0,ᛚᛞᚾᛏ,250
aft'd,4168,0,ᚪᚠᛏᛞ,247
inl'd,4122,0,ᛁᚾᛚᛞ,222
wam't,4108,0,ᚹᚪᛗᛏ,246
ibi'd,4104,0,ᛁᛒᛁᛞ,212
sha't,4102,0,ᛋᚻᚪᛏ,232
ras'd,4102,0,ᚱᚪᛋᛞ,250
how's,4101,1,ᚻᚩᚹᛋ,102
dcn't,4036,0,ᛞᚳᚾᛏ,190
whe'n,4035,0,ᚹᚻᛖᚾ,138
dad'd,4025,0,ᛞᚪᛞᛞ,364
rwy'n,4020,0,ᚱᚹᚣᚾ,162
cri'd,4020,0,ᚳᚱᛁᛞ,144
sun's,4018,0,ᛋᚢᚾᛋ,138
poet's,4017,0,ᛈᛟᛏᛋ,238
nay's,4013,0,ᚾᚪᚣᛋ,282
boa'd,4005,0,ᛒᚩᚪᛞ,254
thev'd,4002,0,ᚦᛖᚢᛞ,164
hem'd,3979,0,ᚻᛖᛗᛞ,250
eye'd,3963,0,ᛖᚣᛖᛞ,326
they'n,3958,0,ᚦᛖᚣᚾ,204
fix't,3937,0,ᚠᛁᛉᛏ,139
lam'd,3924,0,ᛚᚪᛗᛞ,330
upo'n,3910,0,ᚢᛈᚩᚾ,82
ebu's,3908,0,ᛖᛒᚢᛋ,184
saw'd,3896,0,ᛋᚪᚹᛞ,258
now't,3871,0,ᚾᚩᚹᛏ,114
abc's,3867,0,ᚪᛒᚳᛋ,224
eall'd,3866,0,ᛠᛚᛚᛞ,344
tow'd,3849,0,ᛏᚩᚹᛞ,174
cop'd,3847,0,ᚳᚩᛈᛞ,152
rec't,3746,0,ᚱᛖᚳᛏ,150
gap'd,3743,0,ᚷᚪᛈᛞ,246
afk'd,3741,0,ᚪᚠᚳᛞ,201
riv'n,3730,0,ᚱᛁᚢᚾ,74
two'd,3713,0,ᛏᚹᚩᛞ,174
use'd,3701,0,ᚢᛋᛖᛞ,212
nak'd,3680,0,ᚾᚪᚳᛞ,228
has't,3662,0,ᚻᚪᛋᛏ,232
nun's,3658,0,ᚾᚢᚾᛋ,114
wha't,3657,0,ᚹᚻᚪᛏ,198
hat's,3656,0,ᚻᚪᛏᛋ,232
paw'd,3648,0,ᛈᚪᚹᛞ,248
edm'd,3641,0,ᛖᛞᛗᛞ,316
inv't,3583,0,ᛁᚾᚢᛏ,122
her'd,3583,0,ᚻᛖᚱᛞ,190
wan'd,3577,0,ᚹᚪᚾᛞ,234
ord'd,3562,0,ᚩᚱᛞᛞ,196
pai't,3559,0,ᛈᚪᛁᛏ,230
aga'n,3534,0,ᚪᚷᚪᚾ,240
ent'd,3523,0,ᛖᚾᛏᛞ,244
dep'n,3511,0,ᛞᛖᛈᚾ,228
goo'd,3496,0,ᚷᚩᚩᛞ,120
earth's,3492,0,ᛠᚱᚦᛋ,178
dcp't,3481,0,ᛞᚳᛈᛏ,204
lee'd,3455,0,ᛚᛖᛖᛞ,296
chi'd,3455,0,ᚳᚻᛁᛞ,156
jon't,3454,0,ᛂᚩᚾᛏ,132
sau'd,3447,0,ᛋᚪᚢᛞ,242
fel'd,3440,0,ᚠᛖᛚᛞ,231
leas'd,3428,0,ᛚᛠᛋᛞ,324
mingl'd,3411,0,ᛗᛝᛚᛞ,312
obs'd,3405,0,ᚩᛒᛋᛞ,210
dean't,3399,0,ᛞᛠᚾᛏ,286
der'd,3393,0,ᛞᛖᚱᛞ,256
hee'd,3387,0,ᚻᛖᛖᛞ,246
dom'd,3370,0,ᛞᚩᛗᛞ,256
pan's,3369,0,ᛈᚪᚾᛋ,222
dim'd,3353,0,ᛞᛁᛗᛞ,280
kan't,3345,0,ᚳᚪᚾᛏ,198
int't,3340,0,ᛁᚾᛏᛏ,178
dlv'd,3324,0,ᛞᛚᚢᛞ,254
sin'd,3310,0,ᛋᛁᚾᛞ,202
rev'n,3297,0,ᚱᛖᚢᚾ,110
ver'd,3292,0,ᚢᛖᚱᛞ,170
ayn't,3270,0,ᚪᚣᚾᛏ,288
riv'd,3245,0,ᚱᛁᚢᛞ,134
att'd,3241,0,ᚪᛏᛏᛞ,304
eev'n,3233,0,ᛖᛖᚢᚾ,166
lan'd,3219,0,ᛚᚪᚾᛞ,288
way'd,3218,0,ᚹᚪᚣᛞ,308
yuh'd,3212,0,ᚣᚢᚻᛞ,218
nos'd,3207,0,ᚾᚩᛋᛞ,178
ivy'd,3198,0,ᛁᚢᚣᛞ,226
earth'd,3192,0,ᛠᚱᚦᛞ,214
man't,3174,0,ᛗᚪᚾᛏ,256
owl's,3159,0,ᚩᚹᛚᛋ,152
dad's,3158,0,ᛞᚪᛞᛋ,328
ioyn'd,3132,0,ᛡᚣᚾᛞ,328
lnc'd,3115,0,ᛚᚾᚳᛞ,204
bas'd,3093,0,ᛒᚪᛋᛞ,300
fau't,3091,0,ᚠᚪᚢᛏ,161
box'd,3081,0,ᛒᚩᛉᛞ,204
pip'd,3058,0,ᛈᛁᛈᛞ,206
fum'd,3057,0,ᚠᚢᛗᛞ,165
mum'd,3031,0,ᛗᚢᛗᛞ,234
cou't,3027,0,ᚳᚩᚢᛏ,82
loi'd,3020,0,ᛚᚩᛁᛞ,200
lav'd,3007,0,ᛚᚪᚢᛞ,262
pav't,2999,0,ᛈᚪᚢᛏ,202
gie'd,2999,0,ᚷᛁᛖᛞ,204
flx'd,2996,0,ᚠᛚᛉᛞ,211
coo'd,2979,0,ᚳᚩᚩᛞ,116
fiu'd,2977,0,ᚠᛁᚢᛞ,125
lay't,2976,0,ᛚᚪᚣᛏ,332
wean't,2968,0,ᚹᛠᚾᛏ,216
auth'd,2968,0,ᚪᚢᚦᛞ,194
and'd,2968,0,ᚪᚾᛞᛞ,304
ins't,2963,0,ᛁᚾᛋᛏ,172
dan't,2961,0,ᛞᚪᚾᛏ,274
sat'd,2957,0,ᛋᚪᛏᛞ,298
caa'd,2940,0,ᚳᚪᚪᛞ,296
ten't,2931,0,ᛏᛖᚾᛏ,214
nag's,2924,0,ᚾᚪᚷᛋ,196
cap'd,2900,0,ᚳᚪᛈᛞ,242
haw'n,2894,0,ᚻᚪᚹᚾ,168
guy's,2880,0,ᚷᚢᚣᛋ,176
res'd,2879,0,ᚱᛖᛋᛞ,220
cen't,2875,0,ᚳᛖᚾᛏ,168
toy'd,2870,0,ᛏᚩᚣᛞ,258
wak't,2859,0,ᚹᚪᚳᛏ,188
asa't,2843,0,ᚪᛋᚪᛏ,306
apl't,2841,0,ᚪᛈᛚᛏ,272
tee'd,2831,0,ᛏᛖᛖᛞ,282
lung'd,2816,0,ᛚᚢᛝᛞ,244
men'd,2814,0,ᛗᛖᚾᛞ,256
flea'd,2813,0,ᚠᛚᛠᛞ,273
trae'd,2811,0,ᛏᚱᚫᛞ,260
rap'd,2811,0,ᚱᚪᛈᛞ,240
engl'd,2805,0,ᛖᛝᛚᛞ,308
how't,2796,0,ᚻᚩᚹᛏ,108
wou't,2790,0,ᚹᚩᚢᛏ,88
sec'd,2778,0,ᛋᛖᚳᛞ,222
min'd,2776,0,ᛗᛁᚾᛞ,220
sec't,2770,0,ᛋᛖᚳᛏ,192
dog'd,2765,0,ᛞᚩᚷᛞ,202
yon'd,2764,0,ᚣᚩᚾᛞ,228
things'd,2753,0,ᚦᛝᛋᛞ,226
that'th,2743,0,ᚦᚪᛏᚦ,166
sep't,2740,0,ᛋᛖᛈᛏ,222
ter'd,2732,0,ᛏᛖᚱᛞ,226
mean't,2728,0,ᛗᛠᚾᛏ,268
say'n,2720,0,ᛋᚪᚣᚾ,282
aas't,2707,0,ᚪᚪᛋᛏ,306
pur'd,2702,0,ᛈᚢᚱᛞ,146
swing'd,2701,0,ᛋᚹᛝᛞ,240
loo'd,2698,0,ᛚᚩᚩᛞ,176
teaz'd,2673,0,ᛏᛠᛋᛞ,310
par't,2672,0,ᛈᚪᚱᛏ,210
ven't,2665,0,ᚢᛖᚾᛏ,158
dig'd,2658,0,ᛞᛁᚷᛞ,226
dow'n,2653,0,ᛞᚩᚹᚾ,144
uon't,2638,0,ᚢᚩᚾᛏ,98
cep'n,2631,0,ᚳᛖᛈᚾ,152
lel't,2624,0,ᛚᛖᛚᛏ,272
joh'n,2620,0,ᛂᚩᚻᚾ,96
prea't,2616,0,ᛈᚱᛠᛏ,222
ibt'd,2608,0,ᛁᛒᛏᛞ,240
aul's,2605,0,ᚪᚢᛚᛋ,226
pow's,2602,0,ᛈᚩᚹᛋ,122
mov't,2598,0,ᛗᚩᚢᛏ,140
fro'n,2597,0,ᚠᚱᚩᚾ,49
all's,2596,0,ᚪᛚᛚᛋ,296
peak'd,2586,0,ᛈᛠᚳᛞ,254
gan't,2581,0,ᚷᚪᚾᛏ,202
vac'd,2576,0,ᚢᚪᚳᛞ,202
fly's,2561,0,ᚠᛚᚣᛋ,231
unio'n,2546,0,ᚢᚾᛡᚾ,168
tow'n,2538,0,ᛏᚩᚹᚾ,114
hip'd,2534,0,ᚻᛁᛈᛞ,186
rem'n,2527,0,ᚱᛖᛗᚾ,178
cum'd,2526,0,ᚳᚢᛗᛞ,176
bed's,2514,0,ᛒᛖᛞᛋ,270
ann'd,2514,0,ᚪᚾᚾᛞ,244
dom'n,2511,0,ᛞᚩᛗᚾ,196
mos't,2508,0,ᛗᚩᛋᛏ,190
arr'd,2507,0,ᚪᚱᚱᛞ,208
maj't,2500,0,ᛗᚪᛂᛏ,264
cod's,2499,0,ᚳᚩᛞᛋ,162
see'n,2491,0,ᛋᛖᛖᚾ,216
mom's,2491,0,ᛗᚩᛗᛋ,202
len'th,2474,0,ᛚᛖᚾᚦ,174
isa't,2468,0,ᛁᛋᚪᛏ,240
top'd,2463,0,ᛏᚩᛈᛞ,198
dip'd,2456,0,ᛞᛁᛈᛞ,252
lmp't,2454,0,ᛚᛗᛈᛏ,246
iook'd,2452,0,ᛡᚩᚳᛞ,216
tion'd,2433,0,ᛏᛡᚾᛞ,284
sky's,2433,0,ᛋᚳᚣᛋ,222
def'd,2383,0,ᛞᛖᚠᛞ,247
tak't,2382,0,ᛏᚪᚳᛏ,228
mom'd,2376,0,ᛗᚩᛗᛞ,238
vee'd,2362,0,ᚢᛖᛖᛞ,226
loc'n,2354,0,ᛚᚩᚳᚾ,122
mus't,2353,0,ᛗᚢᛋᛏ,186
cha'n,2343,0,ᚳᚻᚪᚾ,162
sum'd,2335,0,ᛋᚢᛗᛞ,216
ohn's,2335,0,ᚩᚻᚾᛋ,112
gou'd,2335,0,ᚷᚩᚢᛞ,116
iba't,2332,0,ᛁᛒᚪᛏ,248
hav'n,2324,0,ᚻᚪᚢᚾ,152
ddn't,2317,0,ᛞᛞᚾᛏ,266
org'n,2316,0,ᚩᚱᚷᚾ,64
dos't,2307,0,ᛞᚩᛋᛏ,208
dtv'd,2305,0,ᛞᛏᚢᛞ,240
hear'n,2304,0,ᚻᛠᚱᚾ,172
mfg'd,2301,0,ᛗᚠᚷᛞ,179
sha'n,2299,0,ᛋᚻᚪᚾ,202
wil't,2298,0,ᚹᛁᛚᛏ,182
war'd,2292,0,ᚹᚪᚱᛞ,216
grea't,2279,0,ᚷᚱᛠᛏ,196
iain't,2274,0,ᛡᛁᚾᛏ,226
pas'd,2272,0,ᛈᚪᛋᛞ,282
why'n,2270,0,ᚹᚻᚣᚾ,174
cag'd,2262,0,ᚳᚪᚷᛞ,216
sam'd,2256,0,ᛋᚪᛗᛞ,310
her's,2250,0,ᚻᛖᚱᛋ,154
bon't,2244,0,ᛒᚩᚾᛏ,156
dis'd,2240,0,ᛞᛁᛋᛞ,262
cau'd,2237,0,ᚳᚪᚢᛞ,202
how'n,2227,0,ᚻᚩᚹᚾ,78
tom's,2224,0,ᛏᚩᛗᛋ,190
them'd,2222,0,ᚦᛖᛗᛞ,232
jon'n,2218,0,ᛂᚩᚾᚾ,102
bui't,2211,0,ᛒᚢᛁᛏ,154
vov's,2208,0,ᚢᚩᚢᛋ,66
lik't,2207,0,ᛚᛁᚳᛏ,176
had'n,2203,0,ᚻᚪᛞᚾ,238
lei't,2190,0,ᛚᛖᛁᛏ,230
get'n,2188,0,ᚷᛖᛏᚾ,172
doz'd,2182,0,ᛞᚩᛋᛞ,238
aon't,2175,0,ᚪᚩᚾᛏ,192
neu'n,2173,0,ᚾᛖᚢᚾ,128
isu't,2170,0,ᛁᛋᚢᛏ,146
jaw'd,2156,0,ᛂᚪᚹᛞ,242
cdn't,2153,0,ᚳᛞᚾᛏ,190
yie'd,2151,0,ᚣᛁᛖᛞ,290
pry'd,2134,0,ᛈᚱᚣᛞ,246
leak'd,2131,0,ᛚᛠᚳᛞ,284
doa't,2125,0,ᛞᚩᚪᛏ,252
mic'd,2124,0,ᛗᛁᚳᛞ,204
iin'd,2121,0,ᛁᛁᚾᛞ,180
hit'd,2120,0,ᚻᛁᛏᛞ,202
sta'n,2115,0,ᛋᛏᚪᚾ,238
kai'd,2101,0,ᚳᚪᛁᛞ,230
teas'd,2093,0,ᛏᛠᛋᛞ,310
pul'd,2086,0,ᛈᚢᛚᛞ,208
wro't,2080,0,ᚹᚱᚩᛏ,96
por'd,2072,0,ᛈᚩᚱᛞ,150
wff'n,2054,0,ᚹᚠᚠᚾ,52
gen't,2054,0,ᚷᛖᚾᛏ,172
sol'd,2052,0,ᛋᚩᛚᛞ,222
gie't,2052,0,ᚷᛁᛖᛏ,174
kid's,2050,0,ᚳᛁᛞᛋ,186
eve'n,2049,0,ᛖᚢᛖᚾ,166
daz'd,2042,0,ᛞᚪᛋᛞ,328
drv'd,2036,0,ᛞᚱᚢᛞ,192
kin't,2035,0,ᚳᛁᚾᛏ,132
aym'd,2024,0,ᚪᚣᛗᛞ,360
lip'd,2021,0,ᛚᛁᛈᛞ,236
ran't,2016,0,ᚱᚪᚾᛏ,196
sol'th,2014,0,ᛋᚩᛚᚦ,138
dup'd,2011,0,ᛞᚢᛈᛞ,224
giv'd,2009,0,ᚷᛁᚢᛞ,140
woi'd,1994,0,ᚹᚩᛁᛞ,146
spi'd,1994,0,ᛋᛈᛁᛞ,216
geh'n,1991,0,ᚷᛖᚻᚾ,136
sho't,1986,0,ᛋᚻᚩᛏ,142
lad's,1985,0,ᛚᚪᛞᛋ,312
wdn't,1980,0,ᚹᛞᚾᛏ,196
tar'd,1971,0,ᛏᚪᚱᛞ,256
aun't,1967,0,ᚪᚢᚾᛏ,188
pal'd,1943,0,ᛈᚪᛚᛞ,302
adj'd,1941,0,ᚪᛞᛂᛞ,312
tsn't,1938,0,ᛏᛋᚾᛏ,200
pee'd,1935,0,ᛈᛖᛖᛞ,266
ewe's,1935,0,ᛖᚹᛖᛋ,206
sht't,1933,0,ᛋᚻᛏᛏ,194
jum'n,1931,0,ᛂᚢᛗᚾ,140
ithn't,1931,0,ᛁᚦᚾᛏ,124
tip'd,1930,0,ᛏᛁᛈᛞ,222
sam's,1926,0,ᛋᚪᛗᛋ,274
abs't,1925,0,ᚪᛒᛋᛏ,270
som'n,1916,0,ᛋᚩᛗᚾ,160
law'd,1915,0,ᛚᚪᚹᛞ,278
shu'd,1914,0,ᛋᚻᚢᛞ,168
bum'd,1910,0,ᛒᚢᛗᛞ,224
son't,1900,0,ᛋᚩᚾᛏ,148
ack'd,1900,0,ᚪᚳᚳᛞ,212
wee'd,1895,0,ᚹᛖᛖᛞ,242
fer'd,1893,0,ᚠᛖᚱᛞ,169
afs'd,1889,0,ᚪᚠᛋᛞ,241
fin'n,1888,0,ᚠᛁᚾᚾ,91
vrg'd,1885,0,ᚢᚱᚷᛞ,120
sta't,1883,0,ᛋᛏᚪᛏ,268
tou'd,1868,0,ᛏᚩᚢᛞ,158
key'd,1868,0,ᚳᛖᚣᛞ,272
bak't,1856,0,ᛒᚪᚳᛏ,230
onb'd,1855,0,ᚩᚾᛒᛞ,186
hoo'd,1855,0,ᚻᚩᚩᛞ,126
run'd,1843,0,ᚱᚢᚾᛞ,132
blv'd,1837,0,ᛒᛚᚢᛞ,226
ant's,1837,0,ᚪᚾᛏᛋ,238
gag'd,1836,0,ᚷᚪᚷᛞ,220
che'n,1836,0,ᚳᚻᛖᚾ,132
ther'd,1814,0,ᚦᛖᚱᛞ,172
mar'n,1809,0,ᛗᚪᚱᚾ,208
dnn't,1808,0,ᛞᚾᚾᛏ,206
abc'd,1808,0,ᚪᛒᚳᛞ,260
feal'd,1805,0,ᚠᛠᛚᛞ,273
amp'd,1800,0,ᚪᛗᛈᛞ,300
head's,1790,0,ᚻᛠᛞᛋ,274
nat't,1784,0,ᚾᚪᛏᛏ,244
tom'd,1782,0,ᛏᚩᛗᛞ,226
you't,1778,0,ᚣᚩᚢᛏ,172
fear't,1769,0,ᚠᛠᚱᛏ,181
hop't,1764,0,ᚻᚩᛈᛏ,132
ret'n,1757,0,ᚱᛖᛏᚾ,166
cov't,1751,0,ᚳᚩᚢᛏ,82
fan'd,1746,0,ᚠᚪᚾᛞ,217
giu'n,1742,0,ᚷᛁᚢᚾ,80
mus'n,1740,0,ᛗᚢᛋᚾ,156
rel'd,1737,0,ᚱᛖᛚᛞ,240
ext'n,1736,0,ᛖᛉᛏᚾ,202
mix't,1735,0,ᛗᛁᛉᛏ,208
ajf'd,1719,0,ᚪᛂᚠᛞ,225
pox'd,1717,0,ᛈᚩᛉᛞ,186
ibr'd,1715,0,ᛁᛒᚱᛞ,192
can'd,1709,0,ᚳᚪᚾᛞ,228
iff'n,1707,0,ᛁᚠᚠᚾ,64
rig'd,1704,0,ᚱᛁᚷᛞ,148
try't,1696,0,ᛏᚱᚣᛏ,232
qff'd,1686,0,ᚳᚠᚠᛞ,106
ext'd,1671,0,ᛖᛉᛏᛞ,262
pang'd,1668,0,ᛈᚪᛝᛞ,308
orm'd,1664,0,ᚩᚱᛗᛞ,178
beak'd,1661,0,ᛒᛠᚳᛞ,272
dri'd,1660,0,ᛞᚱᛁᛞ,220
dear'd,1660,0,ᛞᛠᚱᛞ,298
tra'n,1658,0,ᛏᚱᚪᚾ,196
bob'd,1649,0,ᛒᚩᛒᛞ,218
wen't,1647,0,ᚹᛖᚾᛏ,174
kha'n,1646,0,ᚳᚻᚪᚾ,162
leaf'd,1645,0,ᛚᛠᚠᛞ,273
rac'd,1643,0,ᚱᚪᚳᛞ,210
heab'n,1640,0,ᚻᛠᛒᚾ,222
alt'd,1634,0,ᚪᛚᛏᛞ,318
tan'd,1632,0,ᛏᚪᚾᛞ,274
reg'n,1631,0,ᚱᛖᚷᚾ,124
red'n,1621,0,ᚱᛖᛞᚾ,196
non't,1617,0,ᚾᚩᚾᛏ,124
lew'd,1607,0,ᛚᛖᚹᛞ,248
snp't,1596,0,ᛋᚾᛈᛏ,184
lot's,1590,0,ᛚᚩᛏᛋ,192
val'd,1585,0,ᚢᚪᛚᛞ,262
wiv'd,1582,0,ᚹᛁᚢᛞ,142
san't,1580,0,ᛋᚪᚾᛏ,238
thej'th,1576,0,ᚦᛖᛂᚦ,114
lap'd,1576,0,ᛚᚪᛈᛞ,302
iss'd,1575,0,ᛁᛋᛋᛞ,226
emp't,1573,0,ᛖᛗᛈᛏ,240
oft'n,1569,0,ᚩᚠᛏᚾ,97
fox's,1566,0,ᚠᚩᛉᛋ,109
bui'd,1566,0,ᛒᚢᛁᛞ,184
plae'd,1564,0,ᛈᛚᚫᛞ,306
rib'd,1563,0,ᚱᛁᛒᛞ,192
lis'n,1557,0,ᛚᛁᛋᚾ,186
bob's,1556,0,ᛒᚩᛒᛋ,182
gad's,1549,0,ᚷᚪᛞᛋ,256
dom't,1545,0,ᛞᚩᛗᛏ,226
dpn't,1540,0,ᛞᛈᚾᛏ,220
ind'n,1538,0,ᛁᚾᛞᚾ,178
ach'd,1536,0,ᚪᚳᚻᛞ,222
fee't,1534,0,ᚠᛖᛖᛏ,195
dod't,1529,0,ᛞᚩᛞᛏ,244
elia's,1518,0,ᛖᛚᛡᛋ,300
mat'd,1517,0,ᛗᚪᛏᛞ,316
rcc'd,1515,0,ᚱᚳᚳᛞ,126
doh't,1509,0,ᛞᚩᚻᛏ,178
bet'n,1507,0,ᛒᛖᛏᚾ,216
mon't,1497,0,ᛗᚩᚾᛏ,166
hang't,1495,0,ᚻᚪᛝᛏ,258
haw'd,1494,0,ᚻᚪᚹᛞ,228
pear'd,1490,0,ᛈᛠᚱᛞ,252
las't,1489,0,ᛚᚪᛋᛏ,282
col'n,1488,0,ᚳᚩᛚᚾ,122
lee's,1485,0,ᛚᛖᛖᛋ,260
roa'd,1483,0,ᚱᚩᚪᛞ,204
soi'th,1482,0,ᛋᚩᛁᚦ,96
mean'd,1476,0,ᛗᛠᚾᛞ,298
wil'd,1466,0,ᚹᛁᛚᛞ,212
who'n,1465,0,ᚹᚻᚩᚾ,78
alf'd,1465,0,ᚪᛚᚠᛞ,261
dat'd,1459,0,ᛞᚪᛏᛞ,334
sky'd,1445,0,ᛋᚳᚣᛞ,258
bang's,1445,0,ᛒᚪᛝᛋ,290
aff't,1442,0,ᚪᚠᚠᛏ,160
hum'd,1437,0,ᚻᚢᛗᛞ,186
per'd,1432,0,ᛈᛖᚱᛞ,210
mfr'd,1427,0,ᛗᚠᚱᛞ,173
sch'd,1422,0,ᛋᚳᚻᛞ,178
hap'd,1421,0,ᚻᚪᛈᛞ,252
ase'n,1421,0,ᚪᛋᛖᚾ,246
thet'd,1419,0,ᚦᛖᛏᛞ,220
day'd,1419,0,ᛞᚪᚣᛞ,378
ans'd,1412,0,ᚪᚾᛋᛞ,268
ace'd,1410,0,ᚪᚳᛖᛞ,266
god'd,1408,0,ᚷᚩᛞᛞ,202
ish'd,1407,0,ᛁᛋᚻᛞ,196
ver'n,1401,0,ᚢᛖᚱᚾ,110
seav'n,1401,0,ᛋᛠᚢᚾ,194
fiow'd,1399,0,ᚠᛡᚹᛞ,217
cai'd,1399,0,ᚳᚪᛁᛞ,230
beg'n,1395,0,ᛒᛖᚷᚾ,174
bee't,1394,0,ᛒᛖᛖᛏ,254
pou'd,1393,0,ᛈᚩᚢᛞ,142
ram'd,1392,0,ᚱᚪᛗᛞ,268
ati'n,1392,0,ᚪᛏᛁᚾ,216
law's,1390,0,ᛚᚪᚹᛋ,242
hug'd,1388,0,ᚻᚢᚷᛞ,132
mir'd,1386,0,ᛗᛁᚱᛞ,202
cun't,1386,0,ᚳᚢᚾᛏ,104
pla'n,1382,0,ᛈᛚᚪᚾ,242
ani'd,1381,0,ᚪᚾᛁᛞ,246
aaa't,1380,0,ᚪᚪᚪᛏ,350
msa's,1376,0,ᛗᛋᚪᛋ,274
pas't,1373,0,ᛈᚪᛋᛏ,252
egg'd,1372,0,ᛖᚷᚷᛞ,190
pro'd,1362,0,ᛈᚱᚩᛞ,150
thar'd,1358,0,ᚦᚪᚱᛞ,202
off'd,1357,0,ᚩᚠᚠᛞ,100
iba'n,1355,0,ᛁᛒᚪᚾ,218
meal'd,1353,0,ᛗᛠᛚᛞ,342
urn'd,1346,0,ᚢᚱᚾᛞ,132
all'n,1337,0,ᚪᛚᛚᚾ,272
arm't,1332,0,ᚪᚱᛗᛏ,238
kid'd,1331,0,ᚳᛁᛞᛞ,222
ron't,1330,0,ᚱᚩᚾᛏ,106
thor's,1326,0,ᚦᚩᚱᛋ,76
kep't,1323,0,ᚳᛖᛈᛏ,182
isn'l,1321,0,ᛁᛋᚾᛚ,186
god't,1320,0,ᚷᚩᛞᛏ,172
yeh'd,1319,0,ᚣᛖᚻᛞ,282
all't,1319,0,ᚪᛚᛚᛏ,302
aif'd,1313,0,ᚪᛁᚠᛞ,219
sun'n,1312,0,ᛋᚢᚾᚾ,114
wes't,1311,0,ᚹᛖᛋᛏ,198
loth'd,1310,0,ᛚᚩᚦᛞ,174
now'n,1309,0,ᚾᚩᚹᚾ,84
tod's,1299,0,ᛏᚩᛞᛋ,208
cut'n,1298,0,ᚳᚢᛏᚾ,104
sub'd,1296,0,ᛋᚢᛒᛞ,206
sma't,1294,0,ᛋᛗᚪᛏ,280
bias'd,1292,0,ᛒᛡᛋᛞ,310
fru't,1290,0,ᚠᚱᚢᛏ,75
cud'n,1290,0,ᚳᚢᛞᚾ,134
rip'd,1284,0,ᚱᛁᛈᛞ,174
giv't,1277,0,ᚷᛁᚢᛏ,110
dub'd,1276,0,ᛞᚢᛒᛞ,242
ceas't,1271,0,ᚳᛠᛋᛏ,234
mad'n,1270,0,ᛗᚪᛞᚾ,286
til't,1269,0,ᛏᛁᛚᛏ,222
atc'd,1265,0,ᚪᛏᚳᛞ,258
abu'n,1265,0,ᚪᛒᚢᚾ,190
cou'n,1259,0,ᚳᚩᚢᚾ,52
lat'n,1256,0,ᛚᚪᛏᚾ,258
may's,1254,0,ᛗᚪᚣᛋ,324
cov'd,1254,0,ᚳᚩᚢᛞ,112
yew'd,1253,0,ᚣᛖᚹᛞ,278
wow'd,1252,0,ᚹᚩᚹᛞ,134
irk'd,1251,0,ᛁᚱᚳᛞ,144
bring't,1249,0,ᛒᚱᛝᛏ,210
wai'd,1247,0,ᚹᚪᛁᛞ,236
bor'n,1246,0,ᛒᚩᚱᚾ,108
ric'd,1245,0,ᚱᛁᚳᛞ,144
dow'd,1243,0,ᛞᚩᚹᛞ,204
hot'n,1242,0,ᚻᚩᛏᚾ,118
fox'd,1232,0,ᚠᚩᛉᛞ,145
lor'd,1229,0,ᛚᚩᚱᛞ,180
han'd,1228,0,ᚻᚪᚾᛞ,238
hon't,1225,0,ᚻᚩᚾᛏ,118
use't,1224,0,ᚢᛋᛖᛏ,182
yean'd,1222,0,ᚣᛠᚾᛞ,330
nuth'n,1220,0,ᚾᚢᚦᚾ,66
gam'd,1216,0,ᚷᚪᛗᛞ,274
dang'd,1216,0,ᛞᚪᛝᛞ,354
mai'n,1210,0,ᛗᚪᛁᚾ,228
seh'n,1208,0,ᛋᛖᚻᚾ,172
res't,1207,0,ᚱᛖᛋᛏ,190
pos't,1207,0,ᛈᚩᛋᛏ,162
gon't,1206,0,ᚷᚩᚾᛏ,112
daw'd,1205,0,ᛞᚪᚹᛞ,294
iiv'd,1199,0,ᛁᛁᚢᛞ,154
seal's,1197,0,ᛋᛠᛚᛋ,288
beam's,1197,0,ᛒᛠᛗᛋ,294
nat'n,1195,0,ᚾᚪᛏᚾ,214
oin'd,1193,0,ᚩᛁᚾᛞ,156
arn'd,1191,0,ᚪᚱᚾᛞ,226
put'n,1186,0,ᛈᚢᛏᚾ,134
man'n,1185,0,ᛗᚪᚾᚾ,226
wit's,1184,0,ᚹᛁᛏᛋ,162
gem'd,1183,0,ᚷᛖᛗᛞ,244
ind't,1179,0,ᛁᚾᛞᛏ,208
tsk'd,1176,0,ᛏᛋᚳᛞ,214
year'd,1175,0,ᚣᛠᚱᛞ,312
bes't,1174,0,ᛒᛖᛋᛏ,240
sob'd,1173,0,ᛋᚩᛒᛞ,210
gra'n,1173,0,ᚷᚱᚪᚾ,154
bat'n,1173,0,ᛒᚪᛏᚾ,246
hmo's,1170,0,ᚻᛗᚩᛋ,154
nip'd,1169,0,ᚾᛁᛈᛞ,192
hav't,1167,0,ᚻᚪᚢᛏ,182
leav'n,1166,0,ᛚᛠᚢᚾ,214
wip't,1162,0,ᚹᛁᛈᛏ,152
noi'th,1161,0,ᚾᚩᛁᚦ,72
xor'd,1158,0,ᛉᚩᚱᛞ,154
req't,1154,0,ᚱᛖᚳᛏ,150
cnn't,1154,0,ᚳᚾᚾᛏ,130
gee'd,1150,0,ᚷᛖᛖᛞ,240
eont'd,1149,0,ᛇᚾᛏᛞ,218
flu'd,1147,0,ᚠᛚᚢᛞ,167
unp'd,1143,0,ᚢᚾᛈᛞ,164
let'n,1143,0,ᛚᛖᛏᚾ,228
ens'n,1139,0,ᛖᚾᛋᚾ,178
vis't,1138,0,ᚢᛁᛋᛏ,146
wit'n,1133,0,ᚹᛁᛏᚾ,138
ooh'd,1131,0,ᚩᚩᚻᛞ,126
org'd,1128,0,ᚩᚱᚷᛞ,124
jus't,1128,0,ᛂᚢᛋᛏ,152
bug's,1123,0,ᛒᚢᚷᛋ,134
vve'd,1120,0,ᚢᚢᛖᛞ,162
amo't,1114,0,ᚪᛗᚩᛏ,234
soi't,1111,0,ᛋᚩᛁᛏ,150
tko'd,1106,0,ᛏᚳᚩᛞ,168
sek'd,1102,0,ᛋᛖᚳᛞ,222
aii'd,1101,0,ᚪᛁᛁᛞ,248
rap't,1099,0,ᚱᚪᛈᛏ,210
gar't,1097,0,ᚷᚪᚱᛏ,184
gol'd,1096,0,ᚷᚩᛚᛞ,186
lef't,1095,0,ᛚᛖᚠᛏ,201
ors's,1094,0,ᚩᚱᛋᛋ,124
dhu'n,1091,0,ᛞᚻᚢᚾ,144
acq'n,1090,0,ᚪᚳᚳᚾ,152
glu'd,1088,0,ᚷᛚᚢᛞ,182
doc't,1085,0,ᛞᚩᚳᛏ,168
iro'n,1084,0,ᛁᚱᚩᚾ,78
ass's,1083,0,ᚪᛋᛋᛋ,256
fun'd,1080,0,ᚠᚢᚾᛞ,123
ann't,1079,0,ᚪᚾᚾᛏ,214
elk's,1074,0,ᛖᛚᚳᛋ,206
pop'd,1073,0,ᛈᚩᛈᛞ,182
lln'd,1073,0,ᛚᛚᚾᛞ,264
alk'd,1072,0,ᚪᛚᚳᛞ,272
not'n,1070,0,ᚾᚩᛏᚾ,124
inf'n,1070,0,ᛁᚾᚠᚾ,91
sit'n,1067,0,ᛋᛁᛏᚾ,172
ldc's,1067,0,ᛚᛞᚳᛋ,228
aan't,1067,0,ᚪᚪᚾᛏ,282
val'n,1062,0,ᚢᚪᛚᚾ,202
atf'd,1061,0,ᚪᛏᚠᛞ,247
act'n,1061,0,ᚪᚳᛏᚾ,198
dhi'b,1060,0,ᛞᚻᛁᛒ,204
now'd,1058,0,ᚾᚩᚹᛞ,144
isn'r,1057,0,ᛁᛋᚾᚱ,124
one't,1056,0,ᚩᚾᛖᛏ,162
fom'th,1055,0,ᚠᚩᛗᚦ,85
cring'd,1055,0,ᚳᚱᛝᛞ,192
vex't,1051,0,ᚢᛖᛉᛏ,176
sat'n,1050,0,ᛋᚪᛏᚾ,238
reu'd,1049,0,ᚱᛖᚢᛞ,170
thin'd,1048,0,ᚦᛁᚾᛞ,154
dos'd,1048,0,ᛞᚩᛋᛞ,238
deaf'd,1045,0,ᛞᛠᚠᛞ,289
isn'i,1044,0,ᛁᛋᚾᛁ,144
ban'd,1044,0,ᛒᚪᚾᛞ,276
hyr'd,1043,0,ᚻᚣᚱᛞ,226
aiu't,1043,0,ᚪᛁᚢᛏ,190
lop'd,1041,0,ᛚᚩᛈᛞ,212
nut'n,1036,0,ᚾᚢᛏᚾ,120
pai'd,1033,0,ᛈᚪᛁᛞ,260
rcv'd,1031,0,ᚱᚳᚢᛞ,116
asa'd,1030,0,ᚪᛋᚪᛞ,336
ohm's,1027,0,ᚩᚻᛗᛋ,154
jim's,1026,0,ᛂᛁᛗᛋ,192
poi't,1025,0,ᛈᚩᛁᛏ,140
dal'n,1023,0,ᛞᚪᛚᚾ,288
boo'd,1023,0,ᛒᚩᚩᛞ,164
ded'd,1022,0,ᛞᛖᛞᛞ,334
lan't,1021,0,ᛚᚪᚾᛏ,258
mak't,1019,0,ᛗᚪᚳᛏ,240
pyn'd,1018,0,ᛈᚣᚾᛞ,264
dou'n,1018,0,ᛞᚩᚢᚾ,128
dbn't,1015,0,ᛞᛒᚾᛏ,238
ask'n,1014,0,ᚪᛋᚳᚾ,192
sen't,1011,0,ᛋᛖᚾᛏ,208
lay'n,1010,0,ᛚᚪᚣᚾ,302
hev'n,1006,0,ᚻᛖᚢᚾ,122
vic'd,1004,0,ᚢᛁᚳᛞ,136
beat'n,1001,0,ᛒᛠᛏᚾ,258
rtu'd,998,0,ᚱᛏᚢᛞ,162
fur'd,997,0,ᚠᚢᚱᛞ,105
tin'd,996,0,ᛏᛁᚾᛞ,208
wet'n,994,0,ᚹᛖᛏᚾ,174
dop't,990,0,ᛞᚩᛈᛏ,198
wam'd,989,0,ᚹᚪᛗᛞ,276
mam'd,989,0,ᛗᚪᛗᛞ,328
yna'n,986,0,ᚣᚾᚪᚾ,258
sol't,986,0,ᛋᚩᛚᛏ,192
wear't,983,0,ᚹᛠᚱᛏ,198
who't,979,0,ᚹᚻᚩᛏ,108
udn't,979,0,ᚢᛞᚾᛏ,180
mid'n,978,0,ᛗᛁᛞᚾ,220
coy'd,975,0,ᚳᚩᚣᛞ,212
unk'n,972,0,ᚢᚾᚳᚾ,74
beav'n,972,0,ᛒᛠᚢᚾ,202
tong'd,968,0,ᛏᚩᛝᛞ,234
har'd,967,0,ᚻᚪᚱᛞ,220
tiu'n,957,0,ᛏᛁᚢᚾ,122
leon'd,955,0,ᛚᛇᚾᛞ,232
pow'd,951,0,ᛈᚩᚹᛞ,158
fit'th,945,0,ᚠᛁᛏᚦ,97
end't,944,0,ᛖᚾᛞᛏ,244
lie'd,943,0,ᛚᛁᛖᛞ,260
vet'n,942,0,ᚢᛖᛏᚾ,158
ray's,937,0,ᚱᚪᚣᛋ,264
cor'n,937,0,ᚳᚩᚱᚾ,60
awd'd,935,0,ᚪᚹᛞᛞ,294
avo'd,934,0,ᚪᚢᚩᛞ,196
caw'd,931,0,ᚳᚪᚹᛞ,218
rak't,929,0,ᚱᚪᚳᛏ,180
sep'n,927,0,ᛋᛖᛈᚾ,192
log'd,927,0,ᛚᚩᚷᛞ,186
ham'd,926,0,ᚻᚪᛗᛞ,280
dip'n,926,0,ᛞᛁᛈᚾ,192
wot'd,921,0,ᚹᚩᛏᛞ,174
pic'n,920,0,ᛈᛁᚳᚾ,116
fou'd,920,0,ᚠᚩᚢᛞ,101
jim'd,919,0,ᛂᛁᛗᛞ,228
hel'd,918,0,ᚻᛖᛚᛞ,252
amd't,918,0,ᚪᛗᛞᛏ,316
nee'd,915,0,ᚾᛖᛖᛞ,252
ski'd,914,0,ᛋᚳᛁᛞ,186
had't,914,0,ᚻᚪᛞᛏ,268
sou'th,913,0,ᛋᚩᚢᚦ,68
singl'd,908,0,ᛋᛝᛚᛞ,294
tau't,907,0,ᛏᚪᚢᛏ,218
sun'd,906,0,ᛋᚢᚾᛞ,174
baa'd,903,0,ᛒᚪᚪᛞ,344
pos'n,902,0,ᛈᚩᛋᚾ,132
ocr'd,901,0,ᚩᚳᚱᛞ,120
dip't,900,0,ᛞᛁᛈᛏ,222
oov't,898,0,ᚩᚩᚢᛏ,76
ten'd,896,0,ᛏᛖᚾᛞ,244
lic'd,896,0,ᛚᛁᚳᛞ,206
fan'n,896,0,ᚠᚪᚾᚾ,157
eve's,894,0,ᛖᚢᛖᛋ,190
dev'n,894,0,ᛞᛖᚢᚾ,188
war'n,893,0,ᚹᚪᚱᚾ,156
vew'd,892,0,ᚢᛖᚹᛞ,178
was'n,889,0,ᚹᚪᛋᚾ,198
vin'th,889,0,ᚢᛁᚾᚦ,68
dec'n,888,0,ᛞᛖᚳᚾ,198
aln't,884,0,ᚪᛚᚾᛏ,258
mum's,883,0,ᛗᚢᛗᛋ,198
sur'd,882,0,ᛋᚢᚱᛞ,156
lol'd,882,0,ᛚᚩᛚᛞ,242
die'd,882,0,ᛞᛁᛖᛞ,276
rou'd,881,0,ᚱᚩᚢᛞ,110
afj'd,881,0,ᚪᚠᛂᛞ,225
ioin'd,880,0,ᛡᛁᚾᛞ,256
lei'd,879,0,ᛚᛖᛁᛞ,260
she'th,878,0,ᛋᚻᛖᚦ,148
san'd,878,0,ᛋᚪᚾᛞ,268
use'n,873,0,ᚢᛋᛖᚾ,152
pac't,872,0,ᛈᚪᚳᛏ,212
mix'n,869,0,ᛗᛁᛉᚾ,178
mis'd,869,0,ᛗᛁᛋᛞ,244
zez't,868,0,ᛋᛖᛋᛏ,232
ope's,868,0,ᚩᛈᛖᛋ,170
emp'd,867,0,ᛖᛗᛈᛞ,270
ano't,867,0,ᚪᚾᚩᛏ,192
pal't,866,0,ᛈᚪᛚᛏ,272
det'n,866,0,ᛞᛖᛏᚾ,244
lll't,865,0,ᛚᛚᛚᛏ,278
wcu'd,864,0,ᚹᚳᚢᛞ,124
ben's,860,0,ᛒᛖᚾᛋ,210
stc'd,859,0,ᛋᛏᚳᛞ,214
lud's,858,0,ᛚᚢᛞᛋ,218
tic'd,857,0,ᛏᛁᚳᛞ,192
cam't,857,0,ᚳᚪᛗᛏ,240
yno'n,856,0,ᚣᚾᚩᚾ,168
cak'd,856,0,ᚳᚪᚳᛞ,212
att't,856,0,ᚪᛏᛏᛏ,274
arg't,856,0,ᚪᚱᚷᛏ,184
web'n,855,0,ᚹᛖᛒᚾ,176
til'd,854,0,ᛏᛁᛚᛞ,252
nex't,853,0,ᚾᛖᛉᛏ,202
ber'd,853,0,ᛒᛖᚱᛞ,228
res'n,852,0,ᚱᛖᛋᚾ,160
fus'd,850,0,ᚠᚢᛋᛞ,147
dqn't,849,0,ᛞᚳᚾᛏ,190
wal'd,846,0,ᚹᚪᛚᛞ,278
year't,845,0,ᚣᛠᚱᛏ,282
dung'd,845,0,ᛞᚢᛝᛞ,260
fig's,844,0,ᚠᛁᚷᛋ,103
log'n,842,0,ᛚᚩᚷᚾ,126
lim't,842,0,ᛚᛁᛗᛏ,234
dcc'd,839,0,ᛞᚳᚳᛞ,204
but't,838,0,ᛒᚢᛏᛏ,182
joey'd,837,0,ᛂᛟᚣᛞ,312
sou'd,831,0,ᛋᚩᚢᛞ,152
dhi'l,831,0,ᛞᚻᛁᛚ,216
lil't,830,0,ᛚᛁᛚᛏ,236
him'd,830,0,ᚻᛁᛗᛞ,214
wex'd,828,0,ᚹᛖᛉᛞ,222
cling'd,827,0,ᚳᛚᛝᛞ,254
fab'd,826,0,ᚠᚪᛒᛞ,249
east'd,821,0,ᛠᛋᛏᛞ,310
ara'd,821,0,ᚪᚱᚪᛞ,294
cor'd,819,0,ᚳᚩᚱᛞ,120
bar't,818,0,ᛒᚪᚱᛏ,228
sel'd,814,0,ᛋᛖᛚᛞ,282
gpl'd,814,0,ᚷᛈᛚᛞ,222
gang'd,814,0,ᚷᚪᛝᛞ,282
iii'd,813,0,ᛁᛁᛁᛞ,182
con'n,813,0,ᚳᚩᚾᚾ,78
age'd,810,0,ᚪᚷᛖᛞ,270
mit'n,807,0,ᛗᛁᛏᚾ,190
leap't,807,0,ᛚᛠᛈᛏ,284
win't,805,0,ᚹᛁᚾᛏ,138
fii'th,805,0,ᚠᛁᛁᚦ,69
sow's,804,0,ᛋᚩᚹᛋ,132
obe't,802,0,ᚩᛒᛖᛏ,194
tug'd,800,0,ᛏᚢᚷᛞ,168
fow'd,799,0,ᚠᚩᚹᛞ,117
doc'd,799,0,ᛞᚩᚳᛞ,198
seaz'd,798,0,ᛋᛠᛋᛞ,304
ror'd,798,0,ᚱᚩᚱᛞ,118
hol'd,798,0,ᚻᚩᛚᛞ,192
cong'n,795,0,ᚳᚩᛝᚾ,128
thll'd,794,0,ᚦᛚᛚᛞ,240
oro's,794,0,ᚩᚱᚩᛋ,78
adu't,793,0,ᚪᛞᚢᛏ,248
ham'n,791,0,ᚻᚪᛗᚾ,220
loy'd,789,0,ᛚᚩᚣᛞ,272
ftp'd,789,0,ᚠᛏᛈᛞ,193
bur'd,788,0,ᛒᚢᚱᛞ,164
amy'd,788,0,ᚪᛗᚣᛞ,360
moo'd,787,0,ᛗᚩᚩᛞ,174
lop't,787,0,ᛚᚩᛈᛏ,182
jom'n,787,0,ᛂᚩᛗᚾ,144
rei'd,786,0,ᚱᛖᛁᛞ,198
heau'd,784,0,ᚻᛠᚢᛞ,224
lai'd,783,0,ᛚᚪᛁᛞ,290
ast'n,782,0,ᚪᛋᛏᚾ,238
pik'd,780,0,ᛈᛁᚳᛞ,176
oxf'd,778,0,ᚩᛉᚠᛞ,145
long's,778,0,ᛚᚩᛝᛋ,212
gow't,778,0,ᚷᚩᚹᛏ,102
nor'n,775,0,ᚾᚩᚱᚾ,76
ino'd,775,0,ᛁᚾᚩᛞ,156
inn't,773,0,ᛁᚾᚾᛏ,148
brae'd,773,0,ᛒᚱᚫᛞ,262
ooz'd,768,0,ᚩᚩᛋᛞ,156
red'd,767,0,ᚱᛖᛞᛞ,256
nak't,766,0,ᚾᚪᚳᛏ,198
rin'd,765,0,ᚱᛁᚾᛞ,160
enn't,764,0,ᛖᚾᚾᛏ,184
air's,764,0,ᚪᛁᚱᛋ,192
tou'n,763,0,ᛏᚩᚢᚾ,98
dow't,762,0,ᛞᚩᚹᛏ,174
may'd,759,0,ᛗᚪᚣᛞ,360
top't,757,0,ᛏᚩᛈᛏ,168
veng'd,756,0,ᚢᛖᛝᛞ,238
cot'n,756,0,ᚳᚩᛏᚾ,108
adh'd,755,0,ᚪᛞᚻᛞ,298
pat't,749,0,ᛈᚪᛏᛏ,258
day't,749,0,ᛞᚪᚣᛏ,348
pra't,748,0,ᛈᚱᚪᛏ,210
lin't,748,0,ᛚᛁᚾᛏ,192
she'n,745,0,ᛋᚻᛖᚾ,172
dor't,745,0,ᛞᚩᚱᛏ,166
sac'd,743,0,ᛋᚪᚳᛞ,252
leon's,743,0,ᛚᛇᚾᛋ,196
dan'd,743,0,ᛞᚪᚾᛞ,304
ttu'n,739,0,ᛏᛏᚢᚾ,150
dye'd,739,0,ᛞᚣᛖᛞ,348
asi'n,737,0,ᚪᛋᛁᚾ,210
arc'd,737,0,ᚪᚱᚳᛞ,210
cin't,735,0,ᚳᛁᚾᛏ,132
seas'd,734,0,ᛋᛠᛋᛞ,304
oyl'd,734,0,ᚩᚣᛚᛞ,272
cat'd,734,0,ᚳᚪᛏᛞ,258
bre'n,734,0,ᛒᚱᛖᚾ,168
sot't,732,0,ᛋᚩᛏᛏ,178
nion's,732,0,ᚾᛡᚾᛋ,218
bei'n,732,0,ᛒᛖᛁᚾ,188
ien't,731,0,ᛁᛖᚾᛏ,186
btu's,731,0,ᛒᛏᚢᛋ,176
suth'd,730,0,ᛋᚢᚦᛞ,150
yma'n,728,0,ᚣᛗᚪᚾ,300
bob't,727,0,ᛒᚩᛒᛏ,188
ser'd,725,0,ᛋᛖᚱᛞ,220
pcb's,725,0,ᛈᚳᛒᛋ,170
read'n,721,0,ᚱᛠᛞᚾ,238
kil't,720,0,ᚳᛁᛚᛏ,176
adm't,720,0,ᚪᛞᛗᛏ,316
git'n,719,0,ᚷᛁᛏᚾ,136
roc'd,717,0,ᚱᚩᚳᛞ,120
lll'd,717,0,ᛚᛚᛚᛞ,308
min't,716,0,ᛗᛁᚾᛏ,190
shi't,715,0,ᛋᚻᛁᛏ,166
see'th,715,0,ᛋᛖᛖᚦ,192
viv's,713,0,ᚢᛁᚢᛋ,90
klz'n,712,0,ᚳᛚᛋᚾ,168
eff'n,712,0,ᛖᚠᚠᚾ,100
iie'd,711,0,ᛁᛁᛖᛞ,218
ase't,710,0,ᚪᛋᛖᛏ,276
saa'd,709,0,ᛋᚪᚪᛞ,336
foo'd,709,0,ᚠᚩᚩᛞ,105
bec'd,709,0,ᛒᛖᚳᛞ,230
caa't,708,0,ᚳᚪᚪᛏ,266
say'th,704,0,ᛋᚪᚣᚦ,258
sor't,703,0,ᛋᚩᚱᛏ,130
car's,703,0,ᚳᚪᚱᛋ,174
wor't,702,0,ᚹᚩᚱᛏ,96
stu'n,702,0,ᛋᛏᚢᚾ,144
iadn't,702,0,ᛡᛞᚾᛏ,284
dra't,701,0,ᛞᚱᚪᛏ,256
oin't,699,0,ᚩᛁᚾᛏ,126
fir't,699,0,ᚠᛁᚱᛏ,103
coi't,699,0,ᚳᚩᛁᛏ,110
adv'd,699,0,ᚪᛞᚢᛞ,278
ace't,699,0,ᚪᚳᛖᛏ,236
tol'd,695,0,ᛏᚩᛚᛞ,228
lok'd,695,0,ᛚᚩᚳᛞ,182
add't,695,0,ᚪᛞᛞᛏ,334
def'n,693,0,ᛞᛖᚠᚾ,187
spo't,692,0,ᛋᛈᚩᛏ,162
hid'n,692,0,ᚻᛁᛞᚾ,172
kec'd,691,0,ᚳᛖᚳᛞ,182
hmm'd,691,0,ᚻᛗᛗᛞ,254
gal'd,691,0,ᚷᚪᛚᛞ,276
inj'd,688,0,ᛁᚾᛂᛞ,186
wol'd,687,0,ᚹᚩᛚᛞ,188
gum'd,685,0,ᚷᚢᛗᛞ,180
than't,683,0,ᚦᚪᚾᛏ,190
sin't,681,0,ᛋᛁᚾᛏ,172
lot'd,681,0,ᛚᚩᛏᛞ,228
vol't,680,0,ᚢᚩᛚᛏ,142
abo't,680,0,ᚪᛒᚩᛏ,224
team's,678,0,ᛏᛠᛗᛋ,292
ari'd,678,0,ᚪᚱᛁᛞ,228
dit'n,677,0,ᛞᛁᛏᚾ,208
are't,677,0,ᚪᚱᛖᛏ,234
fil'th,675,0,ᚠᛁᛚᚦ,111
but'n,675,0,ᛒᚢᛏᚾ,152
ben'd,675,0,ᛒᛖᚾᛞ,246
head'd,674,0,ᚻᛠᛞᛞ,310
tix'd,671,0,ᛏᛁᛉᛞ,226
dvr'd,671,0,ᛞᚢᚱᛞ,192
bear'd,671,0,ᛒᛠᚱᛞ,270
agi'n,671,0,ᚪᚷᛁᚾ,174
hai'd,670,0,ᚻᚪᛁᛞ,240
fpy'd,668,0,ᚠᛈᚣᛞ,237
edn't,668,0,ᛖᛞᚾᛏ,244
heb'n,667,0,ᚻᛖᛒᚾ,180
son'd,666,0,ᛋᚩᚾᛞ,178
cox's,664,0,ᚳᚩᛉᛋ,120
head'n,663,0,ᚻᛠᛞᚾ,250
ruth's,662,0,ᚱᚢᚦᛋ,72
put't,662,0,ᛈᚢᛏᛏ,164
max'd,661,0,ᛗᚪᛉᛞ,304
ess'd,661,0,ᛖᛋᛋᛞ,262
det't,661,0,ᛞᛖᛏᛏ,274
sow't,660,0,ᛋᚩᚹᛏ,138
kin'd,660,0,ᚳᛁᚾᛞ,162
mon'th,659,0,ᛗᚩᚾᚦ,112
hov'd,658,0,ᚻᚩᚢᛞ,122
fle'd,658,0,ᚠᛚᛖᛞ,231
bbq'd,658,0,ᛒᛒᚳᛞ,224
ope'n,657,0,ᚩᛈᛖᚾ,146
das't,657,0,ᛞᚪᛋᛏ,298
gun's,652,0,ᚷᚢᚾᛋ,102
dum'd,651,0,ᛞᚢᛗᛞ,252
avn't,650,0,ᚪᚢᚾᛏ,188
omm'n,649,0,ᚩᛗᛗᚾ,178
bai'n,649,0,ᛒᚪᛁᚾ,218
sev't,648,0,ᛋᛖᚢᛏ,182
rej'd,647,0,ᚱᛖᛂᛞ,204
odd's,647,0,ᚩᛞᛞᛋ,238
kob't,647,0,ᚳᚩᛒᛏ,140
ins'd,646,0,ᛁᚾᛋᛞ,202
emb'd,644,0,ᛖᛗᛒᛞ,288
and'n,644,0,ᚪᚾᛞᚾ,244
mak'n,643,0,ᛗᚪᚳᚾ,210
vey'd,640,0,ᚢᛖᚣᛞ,262
duc'd,638,0,ᛞᚢᚳᛞ,194
fix'n,637,0,ᚠᛁᛉᚾ,109
our's,636,0,ᚩᚢᚱᛋ,74
lle'n,636,0,ᛚᛚᛖᚾ,242
sue'd,632,0,ᛋᚢᛖᛞ,212
pol't,632,0,ᛈᚩᛚᛏ,182
loew's,632,0,ᛚᛟᚹᛋ,228
ieu'n,632,0,ᛁᛖᚢᚾ,130
int'd,630,0,ᛁᚾᛏᛞ,208
ros'd,629,0,ᚱᚩᛋᛞ,160
dol'd,629,0,ᛞᚩᛚᛞ,258
wus'n,626,0,ᚹᚢᛋᚾ,104
lis't,625,0,ᛚᛁᛋᛏ,216
tion't,624,0,ᛏᛡᚾᛏ,254
dion't,624,0,ᛞᛡᚾᛏ,284
taf't,623,0,ᛏᚪᚠᛏ,217
ogg's,623,0,ᚩᚷᚷᛋ,94
tur'd,621,0,ᛏᚢᚱᛞ,162
set'n,621,0,ᛋᛖᛏᚾ,208
heay'n,620,0,ᚻᛠᚣᚾ,264
fiz'd,620,0,ᚠᛁᛋᛞ,175
poo'd,619,0,ᛈᚩᚩᛞ,146
gav't,619,0,ᚷᚪᚢᛏ,176
ats'n,619,0,ᚪᛏᛋᚾ,238
wab'd,617,0,ᚹᚪᛒᛞ,266
rol'd,617,0,ᚱᚩᛚᛞ,180
pam's,617,0,ᛈᚪᛗᛋ,264
sen'd,616,0,ᛋᛖᚾᛞ,238
man'th,615,0,ᛗᚪᚾᚦ,202
law'n,615,0,ᛚᚪᚹᚾ,218
sun't,614,0,ᛋᚢᚾᛏ,144
sow'n,614,0,ᛋᚩᚹᚾ,108
dee't,613,0,ᛞᛖᛖᛏ,282
hut's,612,0,ᚻᚢᛏᛋ,138
tes't,610,0,ᛏᛖᛋᛏ,238
swa'd,610,0,ᛋᚹᚪᛞ,258
mou't,609,0,ᛗᚩᚢᛏ,140
eqp't,608,0,ᛖᚳᛈᛏ,182
suc'n,607,0,ᛋᚢᚳᚾ,98
tap'd,606,0,ᛏᚪᛈᛞ,288
thii'd,605,0,ᚦᛁᛁᛞ,156
mod'd,604,0,ᛗᚩᛞᛞ,256
len't,604,0,ᛚᛖᚾᛏ,228
faz't,603,0,ᚠᚪᛋᛏ,211
win'd,602,0,ᚹᛁᚾᛞ,168
eec'd,602,0,ᛖᛖᚳᛞ,236
cai't,602,0,ᚳᚪᛁᛏ,200
ham's,601,0,ᚻᚪᛗᛋ,244
roo't,600,0,ᚱᚩᚩᛏ,84
gee's,600,0,ᚷᛖᛖᛋ,204
ufo's,599,0,ᚢᚠᚩᛋ,65
winge'd,598,0,ᚹᛝᛖᛞ,254
sum'n,598,0,ᛋᚢᛗᚾ,156
ibl'd,598,0,ᛁᛒᛚᛞ,254
heai'd,598,0,ᚻᛠᛁᛞ,252
pcs'd,597,0,ᛈᚳᛋᛞ,198
bas'n,597,0,ᛒᚪᛋᚾ,240
fon't,596,0,ᚠᚩᚾᛏ,97
roy'd,595,0,ᚱᚩᚣᛞ,210
clo's,592,0,ᚳᛚᚩᛋ,146
cal't,592,0,ᚳᚪᛚᛏ,242
reb'n,591,0,ᚱᛖᛒᚾ,168
tlu'n,589,0,ᛏᛚᚢᚾ,164
soo'n,589,0,ᛋᚩᚩᚾ,96
lih'n,589,0,ᛚᛁᚻᚾ,156
leas't,589,0,ᛚᛠᛋᛏ,294
dox't,589,0,ᛞᚩᛉᛏ,202
big'n,589,0,ᛒᛁᚷᚾ,138
lix'd,588,0,ᛚᛁᛉᛞ,240
thir'd,587,0,ᚦᛁᚱᛞ,136
haen't,586,0,ᚻᚫᚾᛏ,212
chae'd,586,0,ᚳᚻᚫᛞ,226
ani't,586,0,ᚪᚾᛁᛏ,216
itn't,584,0,ᛁᛏᚾᛏ,178
dan's,583,0,ᛞᚪᚾᛋ,268
csn't,583,0,ᚳᛋᚾᛏ,154
yow'd,582,0,ᚣᚩᚹᛞ,218
cur't,582,0,ᚳᚢᚱᛏ,86
jan't,580,0,ᛂᚪᚾᛏ,222
ahn't,580,0,ᚪᚻᚾᛏ,208
deb't,579,0,ᛞᛖᛒᛏ,276
wor'th,578,0,ᚹᚩᚱᚦ,42
our'd,578,0,ᚩᚢᚱᛞ,110
gov'n,578,0,ᚷᚩᚢᚾ,56
sai'n,575,0,ᛋᚪᛁᚾ,210
coi'n,575,0,ᚳᚩᛁᚾ,80
jok'd,574,0,ᛂᚩᚳᛞ,146
obs'n,573,0,ᚩᛒᛋᚾ,150
atn't,573,0,ᚪᛏᚾᛏ,244
luv'd,572,0,ᛚᚢᚢᛞ,168
bcc'd,572,0,ᛒᚳᚳᛞ,176
reav'd,571,0,ᚱᛠᚢᛞ,212
arb'n,571,0,ᚪᚱᛒᚾ,198
leng'th,569,0,ᛚᛖᛝᚦ,224
not'd,568,0,ᚾᚩᛏᛞ,184
fer't,568,0,ᚠᛖᚱᛏ,139
lion't,567,0,ᛚᛡᚾᛏ,268
rer'd,566,0,ᚱᛖᚱᛞ,178
mop'd,566,0,ᛗᚩᛈᛞ,210
jsn't,566,0,ᛂᛋᚾᛏ,178
par'n,565,0,ᛈᚪᚱᚾ,180
let'th,564,0,ᛚᛖᛏᚦ,204
klng's,564,0,ᚳᛚᛝᛋ,218
oil's,563,0,ᚩᛁᛚᛋ,164
vic's,561,0,ᚢᛁᚳᛋ,100
pol'd,560,0,ᛈᚩᛚᛞ,212
fii'd,560,0,ᚠᛁᛁᛞ,153
coi'd,560,0,ᚳᚩᛁᛞ,140
ink'd,559,0,ᛁᚾᚳᛞ,162
vau't,556,0,ᚢᚪᚢᛏ,162
gie'n,555,0,ᚷᛁᛖᚾ,144
ger'd,555,0,ᚷᛖᚱᛞ,184
doz'n,555,0,ᛞᚩᛋᚾ,178
chu'n,555,0,ᚳᚻᚢᚾ,68
ruh'n,554,0,ᚱᚢᚻᚾ,66
then't,553,0,ᚦᛖᚾᛏ,160
fre'd,553,0,ᚠᚱᛖᛞ,169
dun'n,553,0,ᛞᚢᚾᚾ,150
team'd,552,0,ᛏᛠᛗᛞ,328
bung'd,552,0,ᛒᚢᛝᛞ,232
ream'd,551,0,ᚱᛠᛗᛞ,280
oar's,551,0,ᚩᚪᚱᛋ,168
hol't,551,0,ᚻᚩᛚᛏ,162
act'd,551,0,ᚪᚳᛏᛞ,258
tai't,550,0,ᛏᚪᛁᛏ,246
max's,549,0,ᛗᚪᛉᛋ,268
gib'd,549,0,ᚷᛁᛒᛞ,198
bad'n,549,0,ᛒᚪᛞᚾ,276
tip't,548,0,ᛏᛁᛈᛏ,192
pit's,548,0,ᛈᛁᛏᛋ,186
him'n,548,0,ᚻᛁᛗᚾ,154
foo't,548,0,ᚠᚩᚩᛏ,75
job'd,547,0,ᛂᚩᛒᛞ,194
hew'n,547,0,ᚻᛖᚹᚾ,138
bee'd,546,0,ᛒᛖᛖᛞ,284
ais'n,546,0,ᚪᛁᛋᚾ,210
cam's,544,0,ᚳᚪᛗᛋ,234
aah'd,544,0,ᚪᚪᚻᛞ,306
fau'd,543,0,ᚠᚪᚢᛞ,191
ape's,543,0,ᚪᛈᛖᛋ,260
vil'd,541,0,ᚢᛁᛚᛞ,196
ibs'd,541,0,ᛁᛒᛋᛞ,234
wom'n,539,0,ᚹᚩᛗᚾ,126
sot'th,539,0,ᛋᚩᛏᚦ,124
rct'd,539,0,ᚱᚳᛏᛞ,172
lac't,539,0,ᛚᚪᚳᛏ,242
fay'd,539,0,ᚠᚪᚣᛞ,291
asi't,539,0,ᚪᛋᛁᛏ,240
zon'd,538,0,ᛋᚩᚾᛞ,178
hol'n,538,0,ᚻᚩᛚᚾ,132
wag'n,535,0,ᚹᚪᚷᚾ,162
rig't,535,0,ᚱᛁᚷᛏ,118
chg'd,534,0,ᚳᚻᚷᛞ,142
yes'd,533,0,ᚣᛖᛋᛞ,312
nou't,533,0,ᚾᚩᚢᛏ,98
zee'd,532,0,ᛋᛖᛖᛞ,276
lig't,532,0,ᛚᛁᚷᛏ,180
cha'd,532,0,ᚳᚻᚪᛞ,222
fly'n,531,0,ᚠᛚᚣᚾ,207
ait'd,530,0,ᚪᛁᛏᛞ,276
dian't,529,0,ᛞᛡᚾᛏ,284
orc'd,527,0,ᚩᚱᚳᛞ,120
meow'd,527,0,ᛗᛇᚹᛞ,220
kiu'd,527,0,ᚳᛁᚢᛞ,136
inn's,527,0,ᛁᚾᚾᛋ,142
liv'n,525,0,ᛚᛁᚢᚾ,136
mac's,524,0,ᛗᚪᚳᛋ,234
tie'd,522,0,ᛏᛁᛖᛞ,246
anc't,522,0,ᚪᚾᚳᛏ,198
chr'n,521,0,ᚳᚻᚱᚾ,76
wom't,519,0,ᚹᚩᛗᛏ,156
inn'd,518,0,ᛁᚾᚾᛞ,178
too'd,517,0,ᛏᚩᚩᛞ,162
rcp't,516,0,ᚱᚳᛈᛏ,126
goes't,516,0,ᚷᛟᛋᛏ,212
foi't,516,0,ᚠᚩᛁᛏ,99
por't,515,0,ᛈᚩᚱᛏ,120
pat'n,515,0,ᛈᚪᛏᚾ,228
abs'n,515,0,ᚪᛒᛋᚾ,240
lul'd,514,0,ᛚᚢᛚᛞ,238
sui't,513,0,ᛋᚢᛁᛏ,146
mon'd,513,0,ᛗᚩᚾᛞ,196
lit't,513,0,ᛚᛁᛏᛏ,222
they't,512,0,ᚦᛖᚣᛏ,234
rim'd,511,0,ᚱᛁᛗᛞ,202
fyl'd,511,0,ᚠᚣᛚᛞ,267
shoe'd,510,0,ᛋᚻᛟᛞ,248
seab'd,508,0,ᛋᛠᛒᛞ,312
nov't,508,0,ᚾᚩᚢᛏ,98
fax'd,508,0,ᚠᚪᛉᛞ,235
del't,508,0,ᛞᛖᛚᛏ,288
heap't,506,0,ᚻᛠᛈᛏ,234
tim's,505,0,ᛏᛁᛗᛋ,214
vac't,504,0,ᚢᚪᚳᛏ,172
sam't,504,0,ᛋᚪᛗᛏ,280
nnn'n,504,0,ᚾᚾᚾᚾ,116
mil'd,504,0,ᛗᛁᛚᛞ,264
ali'd,504,0,ᚪᛚᛁᛞ,290
aik'd,504,0,ᚪᛁᚳᛞ,230
abr'd,504,0,ᚪᛒᚱᛞ,258
nin't,503,0,ᚾᛁᚾᛏ,148
ery'd,503,0,ᛖᚱᚣᛞ,270
dhu'r,503,0,ᛞᚻᚢᚱ,126
abe'd,503,0,ᚪᛒᛖᛞ,314
pro't,502,0,ᛈᚱᚩᛏ,120
vor't,500,0,ᚢᚩᚱᛏ,80
lear'd,499,0,ᛚᛠᚱᛞ,282
pau'd,498,0,ᛈᚪᚢᛞ,232
vis'd,497,0,ᚢᛁᛋᛞ,176
maz'n,497,0,ᛗᚪᛋᚾ,250
bie'n,496,0,ᛒᛁᛖᚾ,188
ded'n,495,0,ᛞᛖᛞᚾ,274
meat's,494,0,ᛗᛠᛏᛋ,292
dim't,493,0,ᛞᛁᛗᛏ,250
mngm't,492,0,ᛗᛝᛗᛏ,280
mem'n,491,0,ᛗᛖᛗᚾ,238
sip'd,490,0,ᛋᛁᛈᛞ,216
los't,489,0,ᛚᚩᛋᛏ,192
dyw'd,488,0,ᛞᚣᚹᛞ,300
thay'd,487,0,ᚦᚪᚣᛞ,294
bho'n,487,0,ᛒᚻᚩᚾ,120
not't,486,0,ᚾᚩᛏᛏ,154
fit'n,486,0,ᚠᛁᛏᚾ,121
eli'd,485,0,ᛖᛚᛁᛞ,260
ange's,485,0,ᚪᛝᛖᛋ,296
ali's,485,0,ᚪᛚᛁᛋ,254
seb'n,484,0,ᛋᛖᛒᚾ,210
mak'th,483,0,ᛗᚪᚳᚦ,186
dun'd,483,0,ᛞᚢᚾᛞ,210
cion't,483,0,ᚳᛡᚾᛏ,208
fou'th,482,0,ᚠᚩᚢᚦ,17
but'd,482,0,ᛒᚢᛏᛞ,212
oiv'd,481,0,ᚩᛁᚢᛞ,130
nor'th,481,0,ᚾᚩᚱᚦ,52
dwn't,481,0,ᛞᚹᚾᛏ,196
bar'n,481,0,ᛒᚪᚱᚾ,198
wit't,480,0,ᚹᛁᛏᛏ,168
qon't,480,0,ᚳᚩᚾᛏ,108
per't,480,0,ᛈᛖᚱᛏ,180
cah't,478,0,ᚳᚪᚻᛏ,192
ill't,477,0,ᛁᛚᛚᛏ,236
fan't,477,0,ᚠᚪᚾᛏ,187
leau'd,476,0,ᛚᛠᚢᛞ,274
mee't,475,0,ᛗᛖᛖᛏ,264
les'n,475,0,ᛚᛖᛋᚾ,222
beau'd,475,0,ᛒᛠᚢᛞ,262
ais't,475,0,ᚪᛁᛋᛏ,240
ast't,474,0,ᚪᛋᛏᛏ,268
tak'th,473,0,ᛏᚪᚳᚦ,174
sig'd,473,0,ᛋᛁᚷᛞ,190
shu't,473,0,ᛋᚻᚢᛏ,138
muh'd,471,0,ᛗᚢᚻᛞ,186
mob'd,471,0,ᛗᚩᛒᛞ,228
que'n,470,0,ᚳᚹᛖᚾ,128
shc'd,469,0,ᛋᚻᚳᛞ,178
fling't,469,0,ᚠᛚᛝᛏ,213
fai'd,469,0,ᚠᚪᛁᛞ,219
lyv'd,468,0,ᛚᚣᚢᛞ,268
des'd,468,0,ᛞᛖᛋᛞ,298
mac'n,467,0,ᛗᚪᚳᚾ,210
frm't,467,0,ᚠᚱᛗᛏ,143
vial'd,466,0,ᚢᛡᛚᛞ,272
drm't,466,0,ᛞᚱᛗᛏ,230
them't,465,0,ᚦᛖᛗᛏ,202
iont'd,465,0,ᛡᚾᛏᛞ,284
ats't,465,0,ᚪᛏᛋᛏ,268
run'n,464,0,ᚱᚢᚾᚾ,72
flr'd,464,0,ᚠᛚᚱᛞ,175
baa'th,464,0,ᛒᚪᚪᚦ,260
sec'n,463,0,ᛋᛖᚳᚾ,162
lang's,463,0,ᛚᚪᛝᛋ,302
und't,462,0,ᚢᚾᛞᛏ,180
ter't,462,0,ᛏᛖᚱᛏ,196
lie'n,462,0,ᛚᛁᛖᚾ,200
mig't,460,0,ᛗᛁᚷᛏ,178
alw'n,460,0,ᚪᛚᚹᚾ,218
alb't,460,0,ᚪᛚᛒᛏ,290
cow't,459,0,ᚳᚩᚹᛏ,98
hang'n,457,0,ᚻᚪᛝᚾ,228
dhr'd,457,0,ᛞᚻᚱᛞ,212
mar's,456,0,ᛗᚪᚱᛋ,232
heai't,456,0,ᚻᛠᛁᛏ,222
wad'n,455,0,ᚹᚪᛞᚾ,234
lov'n,455,0,ᛚᚩᚢᚾ,112
lii't,455,0,ᛚᛁᛁᛏ,194
jay'd,455,0,ᛂᚪᚣᛞ,326
ara't,455,0,ᚪᚱᚪᛏ,264
cam'n,452,0,ᚳᚪᛗᚾ,210
yon't,451,0,ᚣᚩᚾᛏ,198
suth't,451,0,ᛋᚢᚦᛏ,120
nll'd,451,0,ᚾᛚᛚᛞ,264
dxn't,450,0,ᛞᛉᚾᛏ,224
sam'n,449,0,ᛋᚪᛗᚾ,250
fil't,448,0,ᚠᛁᛚᛏ,165
aud't,448,0,ᚪᚢᛞᛏ,248
sco't,447,0,ᛋᚳᚩᛏ,132
ant'd,447,0,ᚪᚾᛏᛞ,274
ieav'n,446,0,ᛁᛠᚢᚾ,172
mit'i,442,0,ᛗᛁᛏᛁ,192
ira's,442,0,ᛁᚱᚪᛋ,192
mod'n,441,0,ᛗᚩᛞᚾ,196
ccu'd,441,0,ᚳᚳᚢᛞ,118
taw'd,440,0,ᛏᚪᚹᛞ,264
pav'n,440,0,ᛈᚪᚢᚾ,172
gap't,440,0,ᚷᚪᛈᛏ,216
tol't,439,0,ᛏᚩᛚᛏ,198
lle'd,439,0,ᛚᛚᛖᛞ,302
lad'n,439,0,ᛚᚪᛞᚾ,288
sln'n,436,0,ᛋᛚᚾᚾ,184
rac't,436,0,ᚱᚪᚳᛏ,180
ceal'd,436,0,ᚳᛠᛚᛞ,284
hab't,435,0,ᚻᚪᛒᛏ,240
doo'd,435,0,ᛞᚩᚩᛞ,192
ala't,435,0,ᚪᛚᚪᛏ,326
zion't,434,0,ᛋᛡᚾᛏ,248
waa't,434,0,ᚹᚪᚪᛏ,272
new'd,434,0,ᚾᛖᚹᛞ,204
kot'n,434,0,ᚳᚩᛏᚾ,108
tin's,433,0,ᛏᛁᚾᛋ,172
ger'n,433,0,ᚷᛖᚱᚾ,124
bll'd,433,0,ᛒᛚᛚᛞ,296
abo's,433,0,ᚪᛒᚩᛋ,218
abo'd,433,0,ᚪᛒᚩᛞ,254
ther'n,432,0,ᚦᛖᚱᚾ,112
frae't,432,0,ᚠᚱᚫᛏ,173
deac'n,432,0,ᛞᛠᚳᚾ,240
tos't,431,0,ᛏᚩᛋᛏ,178
iva'n,431,0,ᛁᚢᚪᚾ,160
sig'n,430,0,ᛋᛁᚷᚾ,130
mam'n,430,0,ᛗᚪᛗᚾ,268
hat'd,430,0,ᚻᚪᛏᛞ,268
dis'n,430,0,ᛞᛁᛋᚾ,202
jur'd,429,0,ᛂᚢᚱᛞ,140
hiv'd,429,0,ᚻᛁᚢᛞ,146
cop's,429,0,ᚳᚩᛈᛋ,116
bac'n,429,0,ᛒᚪᚳᚾ,200
spa'n,428,0,ᛋᛈᚪᚾ,222
fin't,428,0,ᚠᛁᚾᛏ,121
een't,428,0,ᛖᛖᚾᛏ,222
cah'd,428,0,ᚳᚪᚻᛞ,222
oak'n,427,0,ᚩᚪᚳᚾ,146
got'n,427,0,ᚷᚩᛏᚾ,112
ett'n,426,0,ᛖᛏᛏᚾ,214
end'd,426,0,ᛖᚾᛞᛞ,274
iss'n,425,0,ᛁᛋᛋᚾ,166
why't,424,0,ᚹᚻᚣᛏ,204
fan's,424,0,ᚠᚪᚾᛋ,181
cry'n,424,0,ᚳᚱᚣᚾ,156
ilu'd,423,0,ᛁᛚᚢᛞ,196
pan't,422,0,ᛈᚪᚾᛏ,228
ill'n,422,0,ᛁᛚᛚᚾ,206
ere'd,422,0,ᛖᚱᛖᛞ,234
amy's,422,0,ᚪᛗᚣᛋ,324
saf'd,421,0,ᛋᚪᚠᛞ,241
pre't,421,0,ᛈᚱᛖᛏ,180
mla'n,421,0,ᛗᛚᚪᚾ,270
hab'n,421,0,ᚻᚪᛒᚾ,210
gil't,420,0,ᚷᛁᛚᛏ,180
pac's,419,0,ᛈᚪᚳᛋ,206
far'n,419,0,ᚠᚪᚱᚾ,139
rey'd,418,0,ᚱᛖᚣᛞ,270
pip't,417,0,ᛈᛁᛈᛏ,176
mal'd,417,0,ᛗᚪᛚᛞ,330
boi'n,417,0,ᛒᚩᛁᚾ,128
year'n,416,0,ᚣᛠᚱᚾ,252
tur'n,416,0,ᛏᚢᚱᚾ,102
fyr'd,416,0,ᚠᚣᚱᛞ,205
thcy'd,415,0,ᚦᚳᚣᛞ,210
lig'd,415,0,ᛚᛁᚷᛞ,210
fif'th,415,0,ᚠᛁᚠᚦ,40
ada'n,414,0,ᚪᛞᚪᚾ,312
rau'd,413,0,ᚱᚪᚢᛞ,200
ahh'd,413,0,ᚪᚻᚻᛞ,232
abu's,413,0,ᚪᛒᚢᛋ,214
yak's,412,0,ᚣᚪᚳᛋ,266
usi'd,412,0,ᚢᛋᛁᛞ,176
sdr's,412,0,ᛋᛞᚱᛋ,206
los'd,412,0,ᛚᚩᛋᛞ,222
dam't,412,0,ᛞᚪᛗᛏ,316
art'd,412,0,ᚪᚱᛏᛞ,256
vem't,411,0,ᚢᛖᛗᛏ,200
pet's,411,0,ᛈᛖᛏᛋ,222
ish't,411,0,ᛁᛋᚻᛏ,166
smi'th,410,0,ᛋᛗᛁᚦ,160
pud'n,410,0,ᛈᚢᛞᚾ,164
pic'd,410,0,ᛈᛁᚳᛞ,176
hah'd,410,0,ᚻᚪᚻᛞ,232
few'd,410,0,ᚠᛖᚹᛞ,177
tel't,409,0,ᛏᛖᛚᛏ,258
kep'd,409,0,ᚳᛖᛈᛞ,212
neot's,408,0,ᚾᛇᛏᛋ,182
kon't,408,0,ᚳᚩᚾᛏ,108
hap'n,408,0,ᚻᚪᛈᚾ,192
thro't,407,0,ᚦᚱᚩᛏ,82
lbi'd,407,0,ᛚᛒᛁᛞ,254
ald'n,407,0,ᚪᛚᛞᚾ,288
ord's,406,0,ᚩᚱᛞᛋ,160
hit'n,406,0,ᚻᛁᛏᚾ,142
coa't,406,0,ᚳᚩᚪᛏ,176
ust'd,405,0,ᚢᛋᛏᛞ,204
car't,405,0,ᚳᚪᚱᛏ,180
zoo'n,404,0,ᛋᚩᚩᚾ,96
tin'n,404,0,ᛏᛁᚾᚾ,148
met'd,404,0,ᛗᛖᛏᛞ,286
von's,403,0,ᚢᚩᚾᛋ,92
lyn'd,403,0,ᛚᚣᚾᛞ,294
heat'n,403,0,ᚻᛠᛏᚾ,220
rew'd,402,0,ᚱᛖᚹᛞ,186
loek'd,402,0,ᛚᛟᚳᛞ,258
hun'd,402,0,ᚻᚢᚾᛞ,144
han'n,401,0,ᚻᚪᚾᚾ,178
eye's,401,0,ᛖᚣᛖᛋ,290
buy't,401,0,ᛒᚢᚣᛏ,226
abb's,401,0,ᚪᛒᛒᛋ,272
gem'n,400,0,ᚷᛖᛗᚾ,184
plea'd,399,0,ᛈᛚᛠᛞ,314
yeou'd,398,0,ᚣᛇᚢᛞ,236
pen't,398,0,ᛈᛖᚾᛏ,198
elia'n,398,0,ᛖᛚᛡᚾ,276
cot'd,398,0,ᚳᚩᛏᛞ,168
obe'd,397,0,ᚩᛒᛖᛞ,224
kap'n,397,0,ᚳᚪᛈᚾ,182
smz'th,396,0,ᛋᛗᛋᚦ,182
mot'd,396,0,ᛗᚩᛏᛞ,226
mar't,396,0,ᛗᚪᚱᛏ,238
bra'n,396,0,ᛒᚱᚪᚾ,198
aco't,396,0,ᚪᚳᚩᛏ,176
mor'd,395,0,ᛗᚩᚱᛞ,178
int'n,395,0,ᛁᚾᛏᚾ,148
dhe'n,395,0,ᛞᚻᛖᚾ,208
cav'd,395,0,ᚳᚪᚢᛞ,202
yan't,394,0,ᚣᚪᚾᛏ,288
qur'n,394,0,ᚳᚹᚱᚾ,72
pok'd,394,0,ᛈᚩᚳᛞ,152
pan'd,394,0,ᛈᚪᚾᛞ,258
nat'd,394,0,ᚾᚪᛏᛞ,274
gar'n,393,0,ᚷᚪᚱᚾ,154
lev'n,392,0,ᛚᛖᚢᚾ,172
eto'n,391,0,ᛖᛏᚩᚾ,162
ein't,391,0,ᛖᛁᚾᛏ,186
dei't,391,0,ᛞᛖᛁᛏ,246
min'n,390,0,ᛗᛁᚾᚾ,160
jam'n,389,0,ᛂᚪᛗᚾ,234
hec'd,389,0,ᚻᛖᚳᛞ,192
hay's,389,0,ᚻᚪᚣᛋ,276
vhe'n,388,0,ᚢᚻᛖᚾ,122
tom't,388,0,ᛏᚩᛗᛏ,196
sue's,388,0,ᛋᚢᛖᛋ,176
mit'e,388,0,ᛗᛁᛏᛖ,228
ifl'd,388,0,ᛁᚠᛚᛞ,195
amm'd,388,0,ᚪᛗᛗᛞ,328
suth'n,387,0,ᛋᚢᚦᚾ,90
jean's,387,0,ᛂᛠᚾᛋ,228
acz'd,387,0,ᚪᚳᛋᛞ,252
str't,386,0,ᛋᛏᚱᛏ,182
oou'd,386,0,ᚩᚩᚢᛞ,106
gul'd,386,0,ᚷᚢᛚᛞ,182
bot'n,386,0,ᛒᚩᛏᚾ,156
lug'd,385,0,ᛚᚢᚷᛞ,182
kay'd,385,0,ᚳᚪᚣᛞ,302
cul'd,385,0,ᚳᚢᛚᛞ,178
tear'd,384,0,ᛏᛠᚱᛞ,268
roy's,384,0,ᚱᚩᚣᛋ,174
meas'd,384,0,ᛗᛠᛋᛞ,322
wer'd,383,0,ᚹᛖᚱᛞ,186
path'd,383,0,ᛈᚪᚦᛞ,234
nav'n,383,0,ᚾᚪᚢᚾ,158
loa'n,383,0,ᛚᚩᚪᚾ,206
gii't,383,0,ᚷᛁᛁᛏ,138
eva'd,383,0,ᛖᚢᚪᛞ,256
djn't,383,0,ᛞᛂᚾᛏ,214
cem't,383,0,ᚳᛖᛗᛏ,210
add'd,383,0,ᚪᛞᛞᛞ,364
sex'd,382,0,ᛋᛖᛉᛞ,256
men'n,382,0,ᛗᛖᚾᚾ,196
fol'd,382,0,ᚠᚩᛚᛞ,171
fic'd,382,0,ᚠᛁᚳᛞ,135
als't,382,0,ᚪᛚᛋᛏ,282
tie't,379,0,ᛏᛁᛖᛏ,216
rioh'd,379,0,ᚱᛡᚻᛞ,230
mul't,379,0,ᛗᚢᛚᛏ,206
lam's,379,0,ᛚᚪᛗᛋ,294
hoey's,379,0,ᚻᛟᚣᛋ,262
ars'd,378,0,ᚪᚱᛋᛞ,250
whi'n,377,0,ᚹᚻᛁᚾ,102
van'n,377,0,ᚢᚪᚾᚾ,158
pre'd,377,0,ᛈᚱᛖᛞ,210
sal'n,376,0,ᛋᚪᛚᚾ,252
tit'th,375,0,ᛏᛁᛏᚦ,154
sal'd,375,0,ᛋᚪᛚᛞ,312
ron'd,375,0,ᚱᚩᚾᛞ,136
lbz'd,375,0,ᛚᛒᛋᛞ,276
cas't,375,0,ᚳᚪᛋᛏ,222
aft'n,375,0,ᚪᚠᛏᚾ,187
mac'd,374,0,ᛗᚪᚳᛞ,270
rob'n,373,0,ᚱᚩᛒᚾ,108
ner'd,373,0,ᚾᛖᚱᛞ,196
reas'n,372,0,ᚱᛠᛋᚾ,202
jam'd,371,0,ᛂᚪᛗᛞ,294
aci'd,371,0,ᚪᚳᛁᛞ,230
sei'n,370,0,ᛋᛖᛁᚾ,180
lou's,370,0,ᛚᚩᚢᛋ,136
bro'd,369,0,ᛒᚱᚩᛞ,168
abu'd,369,0,ᚪᛒᚢᛞ,250
tat't,368,0,ᛏᚪᛏᛏ,274
nof's,368,0,ᚾᚩᚠᛋ,91
him't,368,0,ᚻᛁᛗᛏ,184
ags't,368,0,ᚪᚷᛋᛏ,226
loa'd,367,0,ᛚᚩᚪᛞ,266
lil'd,367,0,ᛚᛁᛚᛞ,266
isn'f,367,0,ᛁᛋᚾᚠ,115
aat'n,367,0,ᚪᚪᛏᚾ,282
wie'n,366,0,ᚹᛁᛖᚾ,146
twing'd,366,0,ᛏᚹᛝᛞ,246
sil'd,366,0,ᛋᛁᛚᛞ,246
kid'n,366,0,ᚳᛁᛞᚾ,162
bow't,366,0,ᛒᚩᚹᛏ,146
fob'd,365,0,ᚠᚩᛒᛞ,159
wau'd,364,0,ᚹᚪᚢᛞ,208
roh't,364,0,ᚱᚩᚻᛏ,100
aim't,364,0,ᚪᛁᛗᛏ,258
wid'n,363,0,ᚹᛁᛞᚾ,168
yok't,362,0,ᚣᚩᚳᛏ,182
sey'd,362,0,ᛋᛖᚣᛞ,312
nor's,362,0,ᚾᚩᚱᛋ,100
ell'd,362,0,ᛖᛚᛚᛞ,302
arr's,362,0,ᚪᚱᚱᛋ,172
rad'n,361,0,ᚱᚪᛞᚾ,226
pop't,361,0,ᛈᚩᛈᛏ,152
sar'n,360,0,ᛋᚪᚱᚾ,190
han's,360,0,ᚻᚪᚾᛋ,202
doi't,360,0,ᛞᚩᛁᛏ,186
yah'd,359,0,ᚣᚪᚻᛞ,312
sic'd,359,0,ᛋᛁᚳᛞ,186
shy'd,359,0,ᛋᚻᚣᛞ,268
dor'd,359,0,ᛞᚩᚱᛞ,196
day'n,359,0,ᛞᚪᚣᚾ,318
wry'd,358,0,ᚹᚱᚣᛞ,222
tin't,358,0,ᛏᛁᚾᛏ,178
ppt'd,358,0,ᛈᛈᛏᛞ,234
kli'n,358,0,ᚳᛚᛁᚾ,146
lov'th,357,0,ᛚᚩᚢᚦ,88
lem'n,356,0,ᛚᛖᛗᚾ,240
iin't,356,0,ᛁᛁᚾᛏ,150
vho'd,354,0,ᚢᚻᚩᛞ,122
koh'n,354,0,ᚳᚩᚻᚾ,72
kis'd,354,0,ᚳᛁᛋᛞ,186
atn'd,354,0,ᚪᛏᚾᛞ,274
red's,353,0,ᚱᛖᛞᛋ,220
lir'd,353,0,ᛚᛁᚱᛞ,204
bol'n,353,0,ᛒᚩᛚᚾ,170
woa'd,352,0,ᚹᚩᚪᛞ,212
own't,352,0,ᚩᚹᚾᛏ,114
mur'd,352,0,ᛗᚢᚱᛞ,174
ipo'd,352,0,ᛁᛈᚩᛞ,170
cab'n,352,0,ᚳᚪᛒᚾ,200
ter'n,351,0,ᛏᛖᚱᚾ,166
sion'd,351,0,ᛋᛡᚾᛞ,278
shi'n,351,0,ᛋᚻᛁᚾ,136
pen'n,351,0,ᛈᛖᚾᚾ,168
tith'd,350,0,ᛏᛁᚦᛞ,184
sho'n,350,0,ᛋᚻᚩᚾ,112
don'th,349,0,ᛞᚩᚾᚦ,130
nor'd,348,0,ᚾᚩᚱᛞ,136
mom'n,347,0,ᛗᚩᛗᚾ,178
lbt'd,347,0,ᛚᛒᛏᛞ,282
ike'd,347,0,ᛁᚳᛖᛞ,200
iba'd,347,0,ᛁᛒᚪᛞ,278
gin'd,347,0,ᚷᛁᚾᛞ,166
dir'n,347,0,ᛞᛁᚱᚾ,160
nff'd,346,0,ᚾᚠᚠᛞ,122
lik'n,346,0,ᛚᛁᚳᚾ,146
ike's,346,0,ᛁᚳᛖᛋ,164
agc'd,346,0,ᚪᚷᚳᛞ,216
wig'd,345,0,ᚹᛁᚷᛞ,156
sei'd,345,0,ᛋᛖᛁᛞ,240
near't,345,0,ᚾᛠᚱᛏ,208
git't,345,0,ᚷᛁᛏᛏ,166
doem't,345,0,ᛞᛟᛗᛏ,302
asb'n,345,0,ᚪᛋᛒᚾ,240
tal't,344,0,ᛏᚪᛚᛏ,288
sca't,344,0,ᛋᚳᚪᛏ,222
buz'd,344,0,ᛒᚢᛋᛞ,206
lang'd,343,0,ᛚᚪᛝᛞ,338
jay's,343,0,ᛂᚪᚣᛋ,290
fur't,343,0,ᚠᚢᚱᛏ,75
bra'd,343,0,ᛒᚱᚪᛞ,258
wat'n,342,0,ᚹᚪᛏᚾ,204
miz'd,342,0,ᛗᛁᛋᛞ,244
maw'd,342,0,ᛗᚪᚹᛞ,276
ves't,341,0,ᚢᛖᛋᛏ,182
lcl't,341,0,ᛚᚳᛚᛏ,218
car'n,341,0,ᚳᚪᚱᚾ,150
mith'd,340,0,ᛗᛁᚦᛞ,196
eel's,340,0,ᛖᛖᛚᛋ,260
yee'd,339,0,ᚣᛖᛖᛞ,326
pat's,339,0,ᛈᚪᛏᛋ,252
muz'd,339,0,ᛗᚢᛋᛞ,216
mis't,339,0,ᛗᛁᛋᛏ,214
mer'n,339,0,ᛗᛖᚱᚾ,178
kis't,339,0,ᚳᛁᛋᛏ,156
kay's,339,0,ᚳᚪᚣᛋ,266
ile'd,339,0,ᛁᛚᛖᛞ,260
seth's,338,0,ᛋᛖᚦᛋ,178
pou't,338,0,ᛈᚩᚢᛏ,112
ott's,338,0,ᚩᛏᛏᛋ,178
nath'n,337,0,ᚾᚪᚦᚾ,160
tui'n,336,0,ᛏᚢᛁᚾ,122
one'n,336,0,ᚩᚾᛖᚾ,132
llv'd,336,0,ᛚᛚᚢᛞ,238
hom'd,336,0,ᚻᚩᛗᛞ,190
thoo'd,335,0,ᚦᚩᚩᛞ,108
row't,335,0,ᚱᚩᚹᛏ,96
pru't,335,0,ᛈᚱᚢᛏ,116
hsu'n,335,0,ᚻᛋᚢᚾ,108
gin't,335,0,ᚷᛁᚾᛏ,136
cat'n,335,0,ᚳᚪᛏᚾ,198
set't,334,0,ᛋᛖᛏᛏ,238
oor's,333,0,ᚩᚩᚱᛋ,78
met'n,333,0,ᛗᛖᛏᚾ,226
ihe'd,333,0,ᛁᚻᛖᛞ,210
wear'n,332,0,ᚹᛠᚱᚾ,168
sta'd,332,0,ᛋᛏᚪᛞ,298
ida'd,332,0,ᛁᛞᚪᛞ,306
don's,332,0,ᛞᚩᚾᛋ,178
ntf'd,331,0,ᚾᛏᚠᛞ,179
mon'n,331,0,ᛗᚩᚾᚾ,136
chk'd,331,0,ᚳᚻᚳᛞ,138
aft's,331,0,ᚪᚠᛏᛋ,211
tis'd,330,0,ᛏᛁᛋᛞ,232
rec'n,330,0,ᚱᛖᚳᚾ,120
cee'd,330,0,ᚳᛖᛖᛞ,236
who'th,329,0,ᚹᚻᚩᚦ,54
thew'd,329,0,ᚦᛖᚹᛞ,180
for'th,329,0,ᚠᚩᚱᚦ,25
cad't,329,0,ᚳᚪᛞᛏ,258
som't,328,0,ᛋᚩᛗᛏ,190
rom'n,328,0,ᚱᚩᛗᚾ,118
lad'd,328,0,ᛚᚪᛞᛞ,348
fuz't,328,0,ᚠᚢᛋᛏ,117
die't,328,0,ᛞᛁᛖᛏ,246
atio'n,328,0,ᚪᛏᛡᚾ,292
cam'd,327,0,ᚳᚪᛗᛞ,270
wear'd,326,0,ᚹᛠᚱᛞ,228
vot'd,326,0,ᚢᚩᛏᛞ,158
mao's,326,0,ᛗᚪᚩᛋ,228
gun'd,326,0,ᚷᚢᚾᛞ,138
can'n,326,0,ᚳᚪᚾᚾ,168
wnn't,325,0,ᚹᚾᚾᛏ,136
sud'n,325,0,ᛋᚢᛞᚾ,174
foi'th,325,0,ᚠᚩᛁᚦ,45
ash'd,325,0,ᚪᛋᚻᛞ,262
she't,324,0,ᛋᚻᛖᛏ,202
hen'd,323,0,ᚻᛖᚾᛞ,208
dur'n,323,0,ᛞᚢᚱᚾ,132
dra'n,323,0,ᛞᚱᚪᚾ,226
cpa's,323,0,ᚳᛈᚪᛋ,206
cas'n,323,0,ᚳᚪᛋᚾ,192
boa't,323,0,ᛒᚩᚪᛏ,224
iasn't,322,0,ᛡᛋᚾᛏ,248
diu'd,322,0,ᛞᛁᚢᛞ,212
then'd,321,0,ᚦᛖᚾᛞ,190
rax'd,321,0,ᚱᚪᛉᛞ,244
lss'n,321,0,ᛚᛋᛋᚾ,208
woi'th,320,0,ᚹᚩᛁᚦ,62
tru't,320,0,ᛏᚱᚢᛏ,132
sof't,320,0,ᛋᚩᚠᛏ,121
god'n,320,0,ᚷᚩᛞᚾ,142
evy's,320,0,ᛖᚢᚣᛋ,226
alm's,320,0,ᚪᛚᛗᛋ,294
wie't,319,0,ᚹᛁᛖᛏ,176
sca'd,319,0,ᛋᚳᚪᛞ,252
van's,318,0,ᚢᚪᚾᛋ,182
sar'd,318,0,ᛋᚪᚱᛞ,250
rum'd,318,0,ᚱᚢᛗᛞ,174
lit'n,318,0,ᛚᛁᛏᚾ,192
ism't,318,0,ᛁᛋᛗᛏ,214
hoy't,318,0,ᚻᚩᚣᛏ,192
sup'n,317,0,ᛋᚢᛈᚾ,128
eem'd,317,0,ᛖᛖᛗᛞ,294
lag'd,316,0,ᛚᚪᚷᛞ,276
die'n,316,0,ᛞᛁᛖᚾ,216
ati'd,316,0,ᚪᛏᛁᛞ,276
whea't,315,0,ᚹᚻᛠᛏ,210
his't,315,0,ᚻᛁᛋᛏ,166
cha't,315,0,ᚳᚻᚪᛏ,192
abu't,315,0,ᚪᛒᚢᛏ,220
mis'n,314,0,ᛗᛁᛋᚾ,184
iock'd,314,0,ᛡᚳᚳᛞ,222
ftx'd,314,0,ᚠᛏᛉᛞ,197
vor'n,313,0,ᚢᚩᚱᚾ,50
rep'n,313,0,ᚱᛖᛈᚾ,150
cre't,313,0,ᚳᚱᛖᛏ,150
any'd,313,0,ᚪᚾᚣᛞ,318
nol'th,312,0,ᚾᚩᛚᚦ,114
nho'n,312,0,ᚾᚻᚩᚾ,88
wiu'd,311,0,ᚹᛁᚢᛞ,142
pol'n,310,0,ᛈᚩᛚᚾ,152
ice'd,310,0,ᛁᚳᛖᛞ,200
fih'd,310,0,ᚠᛁᚻᛞ,145
caen't,310,0,ᚳᚫᚾᛏ,202
cal's,309,0,ᚳᚪᛚᛋ,236
aii't,309,0,ᚪᛁᛁᛏ,218
iix'd,308,0,ᛁᛁᛉᛞ,198
fev'n,308,0,ᚠᛖᚢᚾ,101
with'd,307,0,ᚹᛁᚦᛞ,144
lot't,307,0,ᛚᚩᛏᛏ,198
dur'd,307,0,ᛞᚢᚱᛞ,192
suz't,306,0,ᛋᚢᛋᛏ,168
foi'd,306,0,ᚠᚩᛁᛞ,129
dau'd,305,0,ᛞᚪᚢᛞ,278
bin's,305,0,ᛒᛁᚾᛋ,174
tiar'd,304,0,ᛏᛡᚱᛞ,266
stb'd,304,0,ᛋᛏᛒᛞ,262
mear'd,304,0,ᛗᛠᚱᛞ,280
jou'd,304,0,ᛂᚩᚢᛞ,136
being's,304,0,ᛒᛖᛝᛋ,260
zim'd,303,0,ᛋᛁᛗᛞ,244
tax't,303,0,ᛏᚪᛉᛏ,262
rcg'd,303,0,ᚱᚳᚷᛞ,130
pon'd,303,0,ᛈᚩᚾᛞ,168
nip't,303,0,ᚾᛁᛈᛏ,162
ceaz'd,302,0,ᚳᛠᛋᛞ,264
lib'd,301,0,ᛚᛁᛒᛞ,254
lev'd,301,0,ᛚᛖᚢᛞ,232
dha'n,301,0,ᛞᚻᚪᚾ,238
waen't,300,0,ᚹᚫᚾᛏ,208
kit's,300,0,ᚳᛁᛏᛋ,156
des'n,300,0,ᛞᛖᛋᚾ,238
bro'n,300,0,ᛒᚱᚩᚾ,108
sip'n,299,0,ᛋᛁᛈᚾ,156
hap't,299,0,ᚻᚪᛈᛏ,222
ami'n,299,0,ᚪᛗᛁᚾ,228
wah'd,298,0,ᚹᚪᚻᛞ,228
lon'd,298,0,ᛚᚩᚾᛞ,198
lef'n,298,0,ᛚᛖᚠᚾ,171
due'd,298,0,ᛞᚢᛖᛞ,248
awl'd,298,0,ᚪᚹᛚᛞ,278
wox't,297,0,ᚹᚩᛉᛏ,132
seap'd,297,0,ᛋᛠᛈᛞ,294
ppt'n,297,0,ᛈᛈᛏᚾ,174
meas't,297,0,ᛗᛠᛋᛏ,292
jog'd,297,0,ᛂᚩᚷᛞ,150
nez'd,296,0,ᚾᛖᛋᛞ,238
luk'd,296,0,ᛚᚢᚳᛞ,178
lon'n,296,0,ᛚᚩᚾᚾ,138
fol't,296,0,ᚠᚩᛚᛏ,141
ana's,296,0,ᚪᚾᚪᛋ,276
uni't,295,0,ᚢᚾᛁᛏ,122
lum'd,295,0,ᛚᚢᛗᛞ,236
hll'd,295,0,ᚻᛚᛚᛞ,258
dev'd,295,0,ᛞᛖᚢᛞ,248
bin'd,295,0,ᛒᛁᚾᛞ,210
sap'd,294,0,ᛋᚪᛈᛞ,282
mdf'd,294,0,ᛗᛞᚠᛞ,251
mah'd,294,0,ᛗᚪᚻᛞ,280
kai't,294,0,ᚳᚪᛁᛏ,200
weau'd,293,0,ᚹᛠᚢᛞ,220
ofl't,293,0,ᚩᚠᛚᛏ,141
moi't,293,0,ᛗᚩᛁᛏ,168
gaw'n,293,0,ᚷᚪᚹᚾ,162
cup'd,293,0,ᚳᚢᛈᛞ,148
ago'n,293,0,ᚪᚷᚩᚾ,150
act's,293,0,ᚪᚳᛏᛋ,222
kim's,292,0,ᚳᛁᛗᛋ,168
gay's,292,0,ᚷᚪᚣᛋ,270
bap't,292,0,ᛒᚪᛈᛏ,260
udg'd,291,0,ᚢᛞᚷᛞ,198
sda's,291,0,ᛋᛞᚪᛋ,292
pep't,291,0,ᛈᛖᛈᛏ,212
deal't,291,0,ᛞᛠᛚᛏ,330
bar's,291,0,ᛒᚪᚱᛋ,222
out'd,290,0,ᚩᚢᛏᛞ,158
cdc'd,290,0,ᚳᛞᚳᛞ,204
beath'd,290,0,ᛒᛠᚦᛞ,264
aeem'd,290,0,ᚫᛖᛗᛞ,328
oif'n,289,0,ᚩᛁᚠᚾ,69
mit'm,289,0,ᛗᛁᛏᛗ,232
her't,289,0,ᚻᛖᚱᛏ,160
gor't,289,0,ᚷᚩᚱᛏ,94
ccn't,289,0,ᚳᚳᚾᛏ,114
too'th,288,0,ᛏᚩᚩᚦ,78
oft't,288,0,ᚩᚠᛏᛏ,127
veal'd,287,0,ᚢᛠᛚᛞ,274
soem'd,287,0,ᛋᛟᛗᛞ,296
rob's,287,0,ᚱᚩᛒᛋ,132
req'n,287,0,ᚱᛖᚳᚾ,120
iss't,287,0,ᛁᛋᛋᛏ,196
dau'n,287,0,ᛞᚪᚢᚾ,218
yoo'd,286,0,ᚣᚩᚩᛞ,206
row'n,286,0,ᚱᚩᚹᚾ,66
rem't,286,0,ᚱᛖᛗᛏ,208
oion't,286,0,ᚩᛡᚾᛏ,202
cli'n,286,0,ᚳᛚᛁᚾ,146
ruth'd,285,0,ᚱᚢᚦᛞ,108
beg't,285,0,ᛒᛖᚷᛏ,204
sean's,284,0,ᛋᛠᚾᛋ,244
fau'n,284,0,ᚠᚪᚢᚾ,131
bil'd,284,0,ᛒᛁᛚᛞ,254
tai'n,283,0,ᛏᚪᛁᚾ,216
gum's,283,0,ᚷᚢᛗᛋ,144
fly'd,283,0,ᚠᛚᚣᛞ,267
edz'n,283,0,ᛖᛞᛋᚾ,238
lat'd,282,0,ᛚᚪᛏᛞ,318
ins'n,282,0,ᛁᚾᛋᚾ,142
feu'd,282,0,ᚠᛖᚢᛞ,161
ans'n,282,0,ᚪᚾᛋᚾ,208
wha's,281,0,ᚹᚻᚪᛋ,192
tyl'd,281,0,ᛏᚣᛚᛞ,324
jon'th,280,0,ᛂᚩᚾᚦ,78
itt's,280,0,ᛁᛏᛏᛋ,202
ird's,280,0,ᛁᚱᛞᛋ,184
gui'd,280,0,ᚷᚢᛁᛞ,140
dic'd,280,0,ᛞᛁᚳᛞ,222
cor't,280,0,ᚳᚩᚱᛏ,90
oria's,279,0,ᚩᚱᛡᛋ,178
ign'd,279,0,ᛁᚷᚾᛞ,166
dlv'n,279,0,ᛞᛚᚢᚾ,194
yes'n,278,0,ᚣᛖᛋᚾ,252
jon's,278,0,ᛂᚩᚾᛋ,126
fit't,278,0,ᚠᛁᛏᛏ,151
coh'n,278,0,ᚳᚩᚻᚾ,72
wer'n,277,0,ᚹᛖᚱᚾ,126
num'd,277,0,ᚾᚢᛗᛞ,192
kno'd,277,0,ᚳᚾᚩᛞ,138
wud'n,275,0,ᚹᚢᛞᚾ,140
wht'n,275,0,ᚹᚻᛏᚾ,130
sou'n,275,0,ᛋᚩᚢᚾ,92
som'd,275,0,ᛋᚩᛗᛞ,220
iii't,275,0,ᛁᛁᛁᛏ,152
hen't,275,0,ᚻᛖᚾᛏ,178
efo'n,275,0,ᛖᚠᚩᚾ,105
sub't,274,0,ᛋᚢᛒᛏ,176
izn't,274,0,ᛁᛋᚾᛏ,172
hat'th,274,0,ᚻᚪᛏᚦ,184
eaus'd,274,0,ᛠᚢᛋᛞ,254
bai't,274,0,ᛒᚪᛁᛏ,248
wan'n,273,0,ᚹᚪᚾᚾ,174
unm'd,273,0,ᚢᚾᛗᛞ,192
wsn't,272,0,ᚹᛋᚾᛏ,160
url'd,272,0,ᚢᚱᛚᛞ,176
rid'n,272,0,ᚱᛁᛞᚾ,160
pyl'd,272,0,ᛈᚣᛚᛞ,308
poz'd,272,0,ᛈᚩᛋᛞ,192
pli'd,272,0,ᛈᛚᛁᛞ,236
ned's,272,0,ᚾᛖᛞᛋ,238
mlx'd,272,0,ᛗᛚᛉᛞ,280
icf's,272,0,ᛁᚳᚠᛋ,99
gyv'd,272,0,ᚷᚣᚢᛞ,212
aba't,272,0,ᚪᛒᚪᛏ,314
thee'th,271,0,ᚦᛖᛖᚦ,144
sal't,271,0,ᛋᚪᛚᛏ,282
rat'd,271,0,ᚱᚪᛏᛞ,256
fom'd,271,0,ᚠᚩᛗᛞ,169
dnf'd,271,0,ᛞᚾᚠᛞ,209
bou'd,271,0,ᛒᚩᚢᛞ,160
ros'n,270,0,ᚱᚩᛋᚾ,100
pri'n,270,0,ᛈᚱᛁᚾ,114
leav't,270,0,ᛚᛠᚢᛏ,244
keg't,270,0,ᚳᛖᚷᛏ,156
ten's,269,0,ᛏᛖᚾᛋ,208
ood't,269,0,ᚩᚩᛞᛏ,162
gen'n,269,0,ᚷᛖᚾᚾ,142
wcn't,268,0,ᚹᚳᚾᛏ,120
tch'd,268,0,ᛏᚳᚻᛞ,184
bou't,268,0,ᛒᚩᚢᛏ,130
beth's,268,0,ᛒᛖᚦᛋ,186
viv'd,267,0,ᚢᛁᚢᛞ,126
pig'd,267,0,ᛈᛁᚷᛞ,180
nha't,267,0,ᚾᚻᚪᛏ,208
iha't,267,0,ᛁᚻᚪᛏ,210
hir'n,267,0,ᚻᛁᚱᚾ,94
earl'd,267,0,ᛠᚱᛚᛞ,282
dat'n,267,0,ᛞᚪᛏᚾ,274
brz't,267,0,ᛒᚱᛋᛏ,184
ras't,266,0,ᚱᚪᛋᛏ,220
out't,266,0,ᚩᚢᛏᛏ,128
grt'd,266,0,ᚷᚱᛏᛞ,176
bup't,266,0,ᛒᚢᛈᛏ,166
wpn't,265,0,ᚹᛈᚾᛏ,150
vha't,265,0,ᚢᚻᚪᛏ,182
gla'd,265,0,ᚷᛚᚪᛞ,276
alt't,265,0,ᚪᛚᛏᛏ,288
oap'n,264,0,ᚩᚪᛈᚾ,176
moth's,264,0,ᛗᚩᚦᛋ,136
asia's,264,0,ᚪᛋᛡᛋ,310
mas'd,263,0,ᛗᚪᛋᛞ,310
acq't,263,0,ᚪᚳᚳᛏ,182
rcg't,262,0,ᚱᚳᚷᛏ,100
nda'd,262,0,ᚾᛞᚪᛞ,304
llt't,262,0,ᛚᛚᛏᛏ,264
oul't,261,0,ᚩᚢᛚᛏ,142
nee'n,261,0,ᚾᛖᛖᚾ,192
lol't,261,0,ᛚᚩᛚᛏ,212
leu't,261,0,ᛚᛖᚢᛏ,202
iodg'd,261,0,ᛡᛞᚷᛞ,302
hum'n,261,0,ᚻᚢᛗᚾ,126
clo'th,261,0,ᚳᛚᚩᚦ,98
bal'd,261,0,ᛒᚪᛚᛞ,320
ann'n,261,0,ᚪᚾᚾᚾ,184
ste'n,260,0,ᛋᛏᛖᚾ,208
sim'n,260,0,ᛋᛁᛗᚾ,184
sha'd,260,0,ᛋᚻᚪᛞ,262
eeas'd,260,0,ᛖᛠᛋᛞ,318
reap't,259,0,ᚱᛠᛈᛏ,222
eve'd,259,0,ᛖᚢᛖᛞ,226
doth't,259,0,ᛞᚩᚦᛏ,160
bep't,259,0,ᛒᛖᛈᛏ,230
tyth'd,258,0,ᛏᚣᚦᛞ,256
sei't,258,0,ᛋᛖᛁᛏ,210
psu's,258,0,ᛈᛋᚢᛋ,152
hel'n,258,0,ᚻᛖᛚᚾ,192
fas't,258,0,ᚠᚪᛋᛏ,211
enf't,258,0,ᛖᚾᚠᛏ,157
ait's,258,0,ᚪᛁᛏᛋ,240
tex't,257,0,ᛏᛖᛉᛏ,232
nco's,257,0,ᚾᚳᚩᛋ,102
liy'd,257,0,ᛚᛁᚣᛞ,296
ent't,257,0,ᛖᚾᛏᛏ,214
tor'd,256,0,ᛏᚩᚱᛞ,166
hyp'd,256,0,ᚻᚣᛈᛞ,258
est'n,256,0,ᛖᛋᛏᚾ,208
eeg't,256,0,ᛖᛖᚷᛏ,210
earn't,256,0,ᛠᚱᚾᛏ,208
wee't,255,0,ᚹᛖᛖᛏ,212
thol'd,255,0,ᚦᚩᛚᛞ,174
ofi't,255,0,ᚩᚠᛁᛏ,99
nic'd,255,0,ᚾᛁᚳᛞ,162
jear'd,255,0,ᛂᛠᚱᛞ,246
heath'n,254,0,ᚻᛠᚦᚾ,166
thai'd,253,0,ᚦᚪᛁᛞ,222
sce't,253,0,ᛋᚳᛖᛏ,192
oak'd,253,0,ᚩᚪᚳᛞ,206
mun't,253,0,ᛗᚢᚾᛏ,162
frea's,253,0,ᚠᚱᛠᛋ,175
deu't,253,0,ᛞᛖᚢᛏ,218
urk's,252,0,ᚢᚱᚳᛋ,80
ted'd,252,0,ᛏᛖᛞᛞ,304
sop't,252,0,ᛋᚩᛈᛏ,162
sim'd,252,0,ᛋᛁᛗᛞ,244
qan't,252,0,ᚳᚪᚾᛏ,198
goy't,252,0,ᚷᚩᚣᛏ,186
exc't,252,0,ᛖᛉᚳᛏ,186
dead'n,252,0,ᛞᛠᛞᚾ,316
ces't,252,0,ᚳᛖᛋᛏ,192
lap't,251,0,ᛚᚪᛈᛏ,272
fet't,251,0,ᚠᛖᛏᛏ,187
msn't,250,0,ᛗᛋᚾᛏ,212
fox't,250,0,ᚠᚩᛉᛏ,115
bead's,250,0,ᛒᛠᛞᛋ,312
oom't,249,0,ᚩᚩᛗᛏ,144
niov'd,249,0,ᚾᛡᚢᛞ,228
moek'd,249,0,ᛗᛟᚳᛞ,256
heal'th,249,0,ᚻᛠᛚᚦ,210
bus'd,249,0,ᛒᚢᛋᛞ,206
ben'n,249,0,ᛒᛖᚾᚾ,186
sbe'd,248,0,ᛋᛒᛖᛞ,270
pow't,248,0,ᛈᚩᚹᛏ,128
gvr'd,248,0,ᚷᚢᚱᛞ,120
auf'n,248,0,ᚪᚢᚠᚾ,131
tra't,247,0,ᛏᚱᚪᛏ,226
ton'n,247,0,ᛏᚩᚾᚾ,124
sor'd,247,0,ᛋᚩᚱᛞ,160
leah'd,247,0,ᛚᛠᚻᛞ,294
gut'n,247,0,ᚷᚢᛏᚾ,108
cad'd,247,0,ᚳᚪᛞᛞ,288
cfc's,246,0,ᚳᚠᚳᛋ,81
bet'd,246,0,ᛒᛖᛏᛞ,276
ami's,246,0,ᚪᛗᛁᛋ,252
ama't,246,0,ᚪᛗᚪᛏ,324
vas't,245,0,ᚢᚪᛋᛏ,212
nor't,245,0,ᚾᚩᚱᛏ,106
mou'n,245,0,ᛗᚩᚢᚾ,110
mmm'd,245,0,ᛗᛗᛗᛞ,302
lct't,245,0,ᛚᚳᛏᛏ,204
kev'd,245,0,ᚳᛖᚢᛞ,172
jiv'd,245,0,ᛂᛁᚢᛞ,160
ful'd,245,0,ᚠᚢᛚᛞ,167
bow'n,245,0,ᛒᚩᚹᚾ,116
bed'n,245,0,ᛒᛖᛞᚾ,246
sum't,244,0,ᛋᚢᛗᛏ,186
loc'd,244,0,ᛚᚩᚳᛞ,182
cel'n,244,0,ᚳᛖᛚᚾ,182
bring'n,244,0,ᛒᚱᛝᚾ,180
tom'n,243,0,ᛏᚩᛗᚾ,166
thil'd,243,0,ᚦᛁᛚᛞ,198
gps'd,243,0,ᚷᛈᛋᛞ,202
yer'n,242,0,ᚣᛖᚱᚾ,210
vrn'th,242,0,ᚢᚱᚾᚦ,48
ted's,242,0,ᛏᛖᛞᛋ,268
fur'n,242,0,ᚠᚢᚱᚾ,45
adm'd,242,0,ᚪᛞᛗᛞ,346
soc's,241,0,ᛋᚩᚳᛋ,126
seas'n,241,0,ᛋᛠᛋᚾ,244
say's,241,0,ᛋᚪᚣᛋ,306
pem'n,241,0,ᛈᛖᛗᚾ,210
ook'd,241,0,ᚩᚩᚳᛞ,116
moh'n,241,0,ᛗᚩᚻᚾ,130
dep'th,241,0,ᛞᛖᛈᚦ,204
cum'n,241,0,ᚳᚢᛗᚾ,116
bom'd,241,0,ᛒᚩᛗᛞ,228
ada'd,241,0,ᚪᛞᚪᛞ,372
ver't,240,0,ᚢᛖᚱᛏ,140
tos'd,240,0,ᛏᚩᛋᛞ,208
ter's,240,0,ᛏᛖᚱᛋ,190
pul't,240,0,ᛈᚢᛚᛏ,178
cho'n,240,0,ᚳᚻᚩᚾ,72
yaw'd,239,0,ᚣᚪᚹᛞ,308
pew'd,239,0,ᛈᛖᚹᛞ,218
ibn't,239,0,ᛁᛒᚾᛏ,180
gua'd,239,0,ᚷᚢᚪᛞ,206
woi't,238,0,ᚹᚩᛁᛏ,116
vie'd,238,0,ᚢᛁᛖᛞ,190
sou't,238,0,ᛋᚩᚢᛏ,122
scr's,238,0,ᛋᚳᚱᛋ,130
rip't,238,0,ᚱᛁᛈᛏ,144
paz'n,238,0,ᛈᚪᛋᚾ,222
hay'd,238,0,ᚻᚪᚣᛞ,312
haa'd,238,0,ᚻᚪᚪᛞ,306
eli's,238,0,ᛖᛚᛁᛋ,224
cos'n,238,0,ᚳᚩᛋᚾ,102
awa'd,238,0,ᚪᚹᚪᛞ,302
tis'n,237,0,ᛏᛁᛋᚾ,172
tag'd,237,0,ᛏᚪᚷᛞ,262
rwa'd,237,0,ᚱᚹᚪᛞ,216
pla't,237,0,ᛈᛚᚪᛏ,272
mnc's,237,0,ᛗᚾᚳᛋ,166
dna'd,237,0,ᛞᚾᚪᛞ,304
bop'd,237,0,ᛒᚩᛈᛞ,200
tie'n,236,0,ᛏᛁᛖᚾ,186
rot'n,236,0,ᚱᚩᛏᚾ,106
ord'n,236,0,ᚩᚱᛞᚾ,136
fub'd,236,0,ᚠᚢᛒᛞ,155
ewing's,236,0,ᛖᚹᛝᛋ,218
boy't,236,0,ᛒᚩᚣᛏ,230
beth'd,236,0,ᛒᛖᚦᛞ,222
bag'd,236,0,ᛒᚪᚷᛞ,264
thai's,235,0,ᚦᚪᛁᛋ,186
tear't,235,0,ᛏᛠᚱᛏ,238
jom'd,235,0,ᛂᚩᛗᛞ,204
jen's,235,0,ᛂᛖᚾᛋ,186
epa's,235,0,ᛖᛈᚪᛋ,260
sos't,234,0,ᛋᚩᛋᛏ,172
lob's,234,0,ᛚᚩᛒᛋ,194
hun't,234,0,ᚻᚢᚾᛏ,114
cun'd,234,0,ᚳᚢᚾᛞ,134
thar't,233,0,ᚦᚪᚱᛏ,172
mom't,233,0,ᛗᚩᛗᛏ,208
hoh'n,233,0,ᚻᚩᚻᚾ,82
haen's,233,0,ᚻᚫᚾᛋ,206
ddt'd,233,0,ᛞᛞᛏᛞ,326
cath'n,233,0,ᚳᚪᚦᚾ,144
cab't,233,0,ᚳᚪᛒᛏ,230
why's,232,0,ᚹᚻᚣᛋ,198
taen't,232,0,ᛏᚫᚾᛏ,248
mead's,232,0,ᛗᛠᛞᛋ,322
est's,232,0,ᛖᛋᛏᛋ,232
bos'd,232,0,ᛒᚩᛋᛞ,210
abt't,232,0,ᚪᛒᛏᛏ,276
woh't,231,0,ᚹᚩᚻᛏ,108
var'n,231,0,ᚢᚪᚱᚾ,140
tyn'd,231,0,ᛏᚣᚾᛞ,280
rtc'd,231,0,ᚱᛏᚳᛞ,172
pak'd,231,0,ᛈᚪᚳᛞ,242
jix'd,231,0,ᛂᛁᛉᛞ,204
hav'd,231,0,ᚻᚪᚢᛞ,212
fsn't,231,0,ᚠᛋᚾᛏ,143
boo't,231,0,ᛒᚩᚩᛏ,134
sew'n,230,0,ᛋᛖᚹᚾ,168
pak'n,230,0,ᛈᚪᚳᚾ,182
mem'd,230,0,ᛗᛖᛗᛞ,298
mas'n,230,0,ᛗᚪᛋᚾ,250
iib't,230,0,ᛁᛁᛒᛏ,182
fun'n,230,0,ᚠᚢᚾᚾ,63
fll'd,230,0,ᚠᛚᛚᛞ,237
ede'n,230,0,ᛖᛞᛖᚾ,252
vit'n,229,0,ᚢᛁᛏᚾ,122
roo'd,229,0,ᚱᚩᚩᛞ,114
leb'n,229,0,ᛚᛖᛒᚾ,230
giu't,229,0,ᚷᛁᚢᛏ,110
feaz'd,229,0,ᚠᛠᛋᛞ,253
angl'd,229,0,ᚪᛝᛚᛞ,338
yen't,228,0,ᚣᛖᚾᛏ,258
rta'd,228,0,ᚱᛏᚪᛞ,256
pro'n,228,0,ᛈᚱᚩᚾ,90
hop'n,228,0,ᚻᚩᛈᚾ,102
hie'n,228,0,ᚻᛁᛖᚾ,150
fou'n,228,0,ᚠᚩᚢᚾ,41
enw'n,228,0,ᛖᚾᚹᚾ,144
rue't,227,0,ᚱᚢᛖᛏ,140
reh'd,227,0,ᚱᛖᚻᛞ,190
raia'd,227,0,ᚱᚪᛡᛞ,304
jov'd,227,0,ᛂᚩᚢᛞ,136
bap'd,227,0,ᛒᚪᛈᛞ,290
von'd,226,0,ᚢᚩᚾᛞ,128
ofi'n,226,0,ᚩᚠᛁᚾ,69
erio'd,226,0,ᛖᚱᛡᛞ,274
bre'd,226,0,ᛒᚱᛖᛞ,228
aian't,226,0,ᚪᛡᚾᛏ,292
wot's,225,0,ᚹᚩᛏᛋ,138
wlth'n,225,0,ᚹᛚᚦᚾ,126
rai'd,225,0,ᚱᚪᛁᛞ,228
pie'd,225,0,ᛈᛁᛖᛞ,230
meat'n,225,0,ᛗᛠᛏᚾ,268
lean't,225,0,ᛚᛠᚾᛏ,270
gai'd,225,0,ᚷᚪᛁᛞ,234
fra'n,225,0,ᚠᚱᚪᚾ,139
eoll'd,225,0,ᛇᛚᛚᛞ,276
enn's,225,0,ᛖᚾᚾᛋ,178
eff'd,225,0,ᛖᚠᚠᛞ,160
aiu'd,225,0,ᚪᛁᚢᛞ,220
zeal'd,224,0,ᛋᛠᛚᛞ,324
vai'd,224,0,ᚢᚪᛁᛞ,220
tut't,224,0,ᛏᚢᛏᛏ,180
nrg'd,224,0,ᚾᚱᚷᛞ,146
lax'd,224,0,ᛚᚪᛉᛞ,306
dap't,224,0,ᛞᚪᛈᛏ,288
whe'd,223,0,ᚹᚻᛖᛞ,198
way't,223,0,ᚹᚪᚣᛏ,278
soh'd,223,0,ᛋᚩᚻᛞ,172
seom'd,223,0,ᛋᛇᛗᛞ,254
qui't,223,0,ᚳᚹᛁᛏ,122
pro's,223,0,ᛈᚱᚩᛋ,114
mii'd,223,0,ᛗᛁᛁᛞ,222
hag's,223,0,ᚻᚪᚷᛋ,190
dov'd,223,0,ᛞᚩᚢᛞ,188
bum's,223,0,ᛒᚢᛗᛋ,188
bau'n,223,0,ᛒᚪᚢᚾ,190
sap't,222,0,ᛋᚪᛈᛏ,252
mil'n,222,0,ᛗᛁᛚᚾ,204
kon'd,222,0,ᚳᚩᚾᛞ,138
kib'd,222,0,ᚳᛁᛒᛞ,194
kat'd,222,0,ᚳᚪᛏᛞ,258
ern'd,222,0,ᛖᚱᚾᛞ,196
bay's,222,0,ᛒᚪᚣᛋ,314
vip's,221,0,ᚢᛁᛈᛋ,130
tri'n,221,0,ᛏᚱᛁᚾ,130
ley'd,221,0,ᛚᛖᚣᛞ,332
jean'd,221,0,ᛂᛠᚾᛞ,264
ind'd,221,0,ᛁᚾᛞᛞ,238
gov'd,221,0,ᚷᚩᚢᛞ,116
fli'th,221,0,ᚠᛚᛁᚦ,111
rtv'd,220,0,ᚱᛏᚢᛞ,162
mol't,220,0,ᛗᚩᛚᛏ,210
mai'd,220,0,ᛗᚪᛁᛞ,288
lan'n,220,0,ᛚᚪᚾᚾ,228
eck's,220,0,ᛖᚳᚳᛋ,146
ode'n,219,0,ᚩᛞᛖᚾ,192
now's,219,0,ᚾᚩᚹᛋ,108
loo't,219,0,ᛚᚩᚩᛏ,146
len'd,219,0,ᛚᛖᚾᛞ,258
fso's,219,0,ᚠᛋᚩᛋ,115
coo't,219,0,ᚳᚩᚩᛏ,86
bel't,219,0,ᛒᛖᛚᛏ,260
phy'n,218,0,ᛈᚻᚣᚾ,198
liz'd,218,0,ᛚᛁᛋᛞ,246
lif'd,218,0,ᛚᛁᚠᛞ,195
lath'd,218,0,ᛚᚪᚦᛞ,264
kean't,218,0,ᚳᛠᚾᛏ,210
enl'd,218,0,ᛖᚾᛚᛞ,258
and'th,218,0,ᚪᚾᛞᚦ,220
wnu'd,217,0,ᚹᚾᚢᛞ,140
rat'n,217,0,ᚱᚪᛏᚾ,196
qso'd,217,0,ᚳᛋᚩᛞ,162
opt'n,217,0,ᚩᛈᛏᚾ,138
ira'd,217,0,ᛁᚱᚪᛞ,228
fion't,217,0,ᚠᛡᚾᛏ,197
col't,216,0,ᚳᚩᛚᛏ,152
cnt'd,216,0,ᚳᚾᛏᛞ,190
qov't,215,0,ᚳᚩᚢᛏ,82
net's,215,0,ᚾᛖᛏᛋ,208
nan's,215,0,ᚾᚪᚾᛋ,208
lex'n,215,0,ᛚᛖᛉᚾ,216
gus'd,215,0,ᚷᚢᛋᛞ,162
bev'd,215,0,ᛒᛖᚢᛞ,220
seu'n,214,0,ᛋᛖᚢᚾ,152
mov'n,214,0,ᛗᚩᚢᚾ,110
efl't,214,0,ᛖᚠᛚᛏ,201
yor'n,213,0,ᚣᚩᚱᚾ,150
weu'd,213,0,ᚹᛖᚢᛞ,178
uni'n,213,0,ᚢᚾᛁᚾ,92
song'd,213,0,ᛋᚩᛝᛞ,228
siu'd,213,0,ᛋᛁᚢᛞ,176
rap'n,213,0,ᚱᚪᛈᚾ,180
hin't,213,0,ᚻᛁᚾᛏ,142
fro'd,213,0,ᚠᚱᚩᛞ,109
earth't,213,0,ᛠᚱᚦᛏ,184
agr't,213,0,ᚪᚷᚱᛏ,184
aft't,213,0,ᚪᚠᛏᛏ,217
thow'd,212,0,ᚦᚩᚹᛞ,120
rma'n,212,0,ᚱᛗᚪᚾ,208
one'th,212,0,ᚩᚾᛖᚦ,108
yeam'd,211,0,ᚣᛠᛗᛞ,372
way'n,211,0,ᚹᚪᚣᚾ,248
let'd,211,0,ᛚᛖᛏᛞ,288
ken's,211,0,ᚳᛖᚾᛋ,162
enc'd,211,0,ᛖᚾᚳᛞ,198
wpu'd,210,0,ᚹᛈᚢᛞ,154
saf't,210,0,ᛋᚪᚠᛏ,211
nay'd,210,0,ᚾᚪᚣᛞ,318
cus'd,210,0,ᚳᚢᛋᛞ,158
bey'd,210,0,ᛒᛖᚣᛞ,320
wat't,209,0,ᚹᚪᛏᛏ,234
tor't,209,0,ᛏᚩᚱᛏ,136
spu'd,209,0,ᛋᛈᚢᛞ,188
lev't,209,0,ᛚᛖᚢᛏ,202
kit'n,209,0,ᚳᛁᛏᚾ,132
hat'n,209,0,ᚻᚪᛏᚾ,208
emt's,209,0,ᛖᛗᛏᛋ,250
aoc't,209,0,ᚪᚩᚳᛏ,176
wou'n,208,0,ᚹᚩᚢᚾ,58
six'th,208,0,ᛋᛁᛉᚦ,136
lal't,208,0,ᛚᚪᛚᛏ,302
neu't,207,0,ᚾᛖᚢᛏ,158
gui't,207,0,ᚷᚢᛁᛏ,110
jan's,206,0,ᛂᚪᚾᛋ,216
iii'th,206,0,ᛁᛁᛁᚦ,98
hob't,206,0,ᚻᚩᛒᛏ,150
fri'd,206,0,ᚠᚱᛁᛞ,133
bay't,206,0,ᛒᚪᚣᛏ,320
ais'd,206,0,ᚪᛁᛋᛞ,270
you's,205,0,ᚣᚩᚢᛋ,166
rel'n,205,0,ᚱᛖᛚᚾ,180
ran'd,205,0,ᚱᚪᚾᛞ,226
pup'd,205,0,ᛈᚢᛈᛞ,178
proe'd,205,0,ᛈᚱᛟᛞ,226
inf't,205,0,ᛁᚾᚠᛏ,121
hud'n,205,0,ᚻᚢᛞᚾ,144
doc's,205,0,ᛞᚩᚳᛋ,162
con's,205,0,ᚳᚩᚾᛋ,102
cod't,205,0,ᚳᚩᛞᛏ,168
area's,205,0,ᚪᚱᛠᛋ,270
alt'n,205,0,ᚪᛚᛏᚾ,258
als'n,205,0,ᚪᛚᛋᚾ,252
voy'd,204,0,ᚢᚩᚣᛞ,202
ris'd,204,0,ᚱᛁᛋᛞ,184
mat'n,204,0,ᛗᚪᛏᚾ,256
mag't,204,0,ᛗᚪᚷᛏ,244
bow's,204,0,ᛒᚩᚹᛋ,140
baz'n,204,0,ᛒᚪᛋᚾ,240
asl'n,204,0,ᚪᛋᛚᚾ,252
tid'n,203,0,ᛏᛁᛞᚾ,208
ted'n,203,0,ᛏᛖᛞᚾ,244
sok'd,203,0,ᛋᚩᚳᛞ,162
owu'd,203,0,ᚩᚹᚢᛞ,118
mnm'n,203,0,ᛗᚾᛗᚾ,200
lil'th,203,0,ᛚᛁᛚᚦ,182
lead'n,203,0,ᛚᛠᛞᚾ,300
fiv'd,203,0,ᚠᛁᚢᛞ,125
fah'n,203,0,ᚠᚪᚻᚾ,151
ein'n,203,0,ᛖᛁᚾᚾ,156
sco'n,202,0,ᛋᚳᚩᚾ,102
lear's,202,0,ᛚᛠᚱᛋ,246
lbr'd,202,0,ᛚᛒᚱᛞ,234
jaw's,202,0,ᛂᚪᚹᛋ,206
ham't,202,0,ᚻᚪᛗᛏ,250
fay't,202,0,ᚠᚪᚣᛏ,261
zei't,201,0,ᛋᛖᛁᛏ,210
olv'd,201,0,ᚩᛚᚢᛞ,172
non'n,201,0,ᚾᚩᚾᚾ,94
gau'n,201,0,ᚷᚪᚢᚾ,146
cir't,201,0,ᚳᛁᚱᛏ,114
xua't,200,0,ᛉᚢᚪᛏ,206
woa't,200,0,ᚹᚩᚪᛏ,182
ryv'd,200,0,ᚱᚣᚢᛞ,206
pot'n,200,0,ᛈᚩᛏᚾ,138
lli't,200,0,ᛚᛚᛁᛏ,236
lin'n,200,0,ᛚᛁᚾᚾ,162
led's,200,0,ᛚᛖᛞᛋ,282
ida's,200,0,ᛁᛞᚪᛋ,270
eva's,200,0,ᛖᚢᚪᛋ,220
dhu'i,200,0,ᛞᚻᚢᛁ,146
uou'd,199,0,ᚢᚩᚢᛞ,102
tog'd,199,0,ᛏᚩᚷᛞ,172
rix'd,199,0,ᚱᛁᛉᛞ,178
qpl'd,199,0,ᚳᛈᛚᛞ,218
kno'n,199,0,ᚳᚾᚩᚾ,78
iud's,199,0,ᛁᚢᛞᛋ,176
hig'n,199,0,ᚻᛁᚷᚾ,100
edi'n,199,0,ᛖᛞᛁᚾ,216
set'd,198,0,ᛋᛖᛏᛞ,268
rah'd,198,0,ᚱᚪᚻᛞ,220
ofl'n,198,0,ᚩᚠᛚᚾ,111
mit'ing,198,0,ᛗᛁᛏᛝ,240
bec'n,198,0,ᛒᛖᚳᚾ,170
adi't,198,0,ᚪᛞᛁᛏ,276
sur'n,197,0,ᛋᚢᚱᚾ,96
pap'd,197,0,ᛈᚪᛈᛞ,272
fei't,197,0,ᚠᛖᛁᛏ,159
eev'd,197,0,ᛖᛖᚢᛞ,226
yor't,196,0,ᚣᚩᚱᛏ,180
vok'd,196,0,ᚢᚩᚳᛞ,112
sem'd,196,0,ᛋᛖᛗᛞ,280
rup't,196,0,ᚱᚢᛈᛏ,116
piz'n,196,0,ᛈᛁᛋᚾ,156
ord't,196,0,ᚩᚱᛞᛏ,166
med'n,196,0,ᛗᛖᛞᚾ,256
liam's,196,0,ᛚᛡᛗᛋ,304
fry's,196,0,ᚠᚱᚣᛋ,169
epa't,196,0,ᛖᛈᚪᛏ,266
ttt't,195,0,ᛏᛏᛏᛏ,236
seat'd,195,0,ᛋᛠᛏᛞ,310
lam'n,195,0,ᛚᚪᛗᚾ,270
inv'd,195,0,ᛁᚾᚢᛞ,152
dab'd,195,0,ᛞᚪᛒᛞ,336
coz'n,195,0,ᚳᚩᛋᚾ,102
ala'n,195,0,ᚪᛚᚪᚾ,296
sov't,194,0,ᛋᚩᚢᛏ,122
qrm'd,194,0,ᚳᚱᛗᛞ,184
mor't,194,0,ᛗᚩᚱᛏ,148
gen'd,194,0,ᚷᛖᚾᛞ,202
soi'd,193,0,ᛋᚩᛁᛞ,180
qui'n,193,0,ᚳᚹᛁᚾ,92
ied'd,193,0,ᛁᛖᛞᛞ,276
fat't,193,0,ᚠᚪᛏᛏ,217
bring'd,193,0,ᛒᚱᛝᛞ,240
boh'n,193,0,ᛒᚩᚻᚾ,120
dat's,192,0,ᛞᚪᛏᛋ,298
bla'n,192,0,ᛒᛚᚪᚾ,260
stn't,191,0,ᛋᛏᚾᛏ,200
snu'th,191,0,ᛋᚾᚢᚦ,90
lip't,191,0,ᛚᛁᛈᛏ,206
cay'd,191,0,ᚳᚪᚣᛞ,302
bna't,191,0,ᛒᚾᚪᛏ,246
ars't,191,0,ᚪᚱᛋᛏ,220
ari't,191,0,ᚪᚱᛁᛏ,198
wyl'd,190,0,ᚹᚣᛚᛞ,284
vir'n,190,0,ᚢᛁᚱᚾ,74
mem't,190,0,ᛗᛖᛗᛏ,268
hal's,190,0,ᚻᚪᛚᛋ,246
ago'd,190,0,ᚪᚷᚩᛞ,210
wes'n,189,0,ᚹᛖᛋᚾ,168
run't,189,0,ᚱᚢᚾᛏ,102
rfc'd,189,0,ᚱᚠᚳᛞ,115
pot't,189,0,ᛈᚩᛏᛏ,168
mof't,189,0,ᛗᚩᚠᛏ,139
hor'n,189,0,ᚻᚩᚱᚾ,70
hai't,189,0,ᚻᚪᛁᛏ,210
ent's,189,0,ᛖᚾᛏᛋ,208
dgn't,189,0,ᛞᚷᚾᛏ,194
der't,189,0,ᛞᛖᚱᛏ,226
cra't,189,0,ᚳᚱᚪᛏ,180
ala'd,189,0,ᚪᛚᚪᛞ,356
weh'n,188,0,ᚹᛖᚻᚾ,138
soc't,188,0,ᛋᚩᚳᛏ,132
lee't,188,0,ᛚᛖᛖᛏ,266
dam'n,188,0,ᛞᚪᛗᚾ,286
cop't,188,0,ᚳᚩᛈᛏ,122
can'th,188,0,ᚳᚪᚾᚦ,144
wlu'n,187,0,ᚹᛚᚢᚾ,124
vtr's,187,0,ᚢᛏᚱᛋ,126
swm'n,187,0,ᛋᚹᛗᚾ,172
rit'n,187,0,ᚱᛁᛏᚾ,130
mot'n,187,0,ᛗᚩᛏᚾ,166
meth'd,187,0,ᛗᛖᚦᛞ,232
leg'n,187,0,ᛚᛖᚷᚾ,186
hos'd,187,0,ᚻᚩᛋᛞ,172
dsn't,187,0,ᛞᛋᚾᛏ,230
wir'd,186,0,ᚹᛁᚱᛞ,150
svp't,186,0,ᛋᚢᛈᛏ,158
stu'd,186,0,ᛋᛏᚢᛞ,204
rym'd,186,0,ᚱᚣᛗᛞ,274
rar'd,186,0,ᚱᚪᚱᛞ,208
neal'd,186,0,ᚾᛠᛚᛞ,300
fas'n,186,0,ᚠᚪᛋᚾ,181
des't,186,0,ᛞᛖᛋᛏ,268
deon't,186,0,ᛞᛇᚾᛏ,218
sting'd,185,0,ᛋᛏᛝᛞ,280
sof'n,185,0,ᛋᚩᚠᚾ,91
scv'n,185,0,ᛋᚳᚢᚾ,98
pir'd,185,0,ᛈᛁᚱᛞ,174
oui't,185,0,ᚩᚢᛁᛏ,100
ibm's,185,0,ᛁᛒᛗᛋ,216
faw'd,185,0,ᚠᚪᚹᛞ,207
eig't,185,0,ᛖᛁᚷᛏ,174
bean's,185,0,ᛒᛠᚾᛋ,252
ash's,185,0,ᚪᛋᚻᛋ,226
piay'd,184,0,ᛈᛡᚣᛞ,342
otv'd,184,0,ᚩᛏᚢᛞ,158
heat'd,184,0,ᚻᛠᛏᛞ,280
dean'd,184,0,ᛞᛠᚾᛞ,316
dad'n,184,0,ᛞᚪᛞᚾ,304
ane's,184,0,ᚪᚾᛖᛋ,246
ale'n,184,0,ᚪᛚᛖᚾ,266
tap'n,183,0,ᛏᚪᛈᚾ,228
seal't,183,0,ᛋᛠᛚᛏ,294
lan's,183,0,ᛚᚪᚾᛋ,252
kem'd,183,0,ᚳᛖᛗᛞ,240
ign't,183,0,ᛁᚷᚾᛏ,136
gro'n,183,0,ᚷᚱᚩᚾ,64
eta'n,183,0,ᛖᛏᚪᚾ,252
brea'th,183,0,ᛒᚱᛠᚦ,186
ate's,183,0,ᚪᛏᛖᛋ,276
sur't,182,0,ᛋᚢᚱᛏ,126
huh'd,182,0,ᚻᚢᚻᛞ,138
gap'n,182,0,ᚷᚪᛈᚾ,186
rlf'd,181,0,ᚱᛚᚠᛞ,175
nom'n,181,0,ᚾᚩᛗᚾ,136
fft'd,181,0,ᚠᚠᛏᛞ,152
fah't,181,0,ᚠᚪᚻᛏ,181
bear'th,181,0,ᛒᛠᚱᚦ,186
arm'n,181,0,ᚪᚱᛗᚾ,208
ame'n,181,0,ᚪᛗᛖᚾ,264
vel's,180,0,ᚢᛖᛚᛋ,196
tru'th,180,0,ᛏᚱᚢᚦ,78
sin's,180,0,ᛋᛁᚾᛋ,166
gro'th,180,0,ᚷᚱᚩᚦ,40
gear'd,180,0,ᚷᛠᚱᛞ,226
fez'd,180,0,ᚠᛖᛋᛞ,211
erv'd,180,0,ᛖᚱᚢᛞ,170
ziau'd,179,0,ᛋᛡᚢᛞ,252
wor'n,179,0,ᚹᚩᚱᚾ,66
than'd,179,0,ᚦᚪᚾᛞ,220
riu'd,179,0,ᚱᛁᚢᛞ,134
coa'd,179,0,ᚳᚩᚪᛞ,206
bus'n,179,0,ᛒᚢᛋᚾ,146
mang't,178,0,ᛗᚪᛝᛏ,306
lin's,178,0,ᛚᛁᚾᛋ,186
key's,178,0,ᚳᛖᚣᛋ,236
gan's,178,0,ᚷᚪᚾᛋ,196
aui'd,178,0,ᚪᚢᛁᛞ,220
ati't,178,0,ᚪᛏᛁᛏ,246
asl't,178,0,ᚪᛋᛚᛏ,282
wii'n,177,0,ᚹᛁᛁᚾ,110
ush'd,177,0,ᚢᛋᚻᛞ,168
seai'd,177,0,ᛋᛠᛁᛞ,282
sau't,177,0,ᛋᚪᚢᛏ,212
pma'd,177,0,ᛈᛗᚪᛞ,300
ora's,177,0,ᚩᚱᚪᛋ,168
nai't,177,0,ᚾᚪᛁᛏ,216
lov't,177,0,ᛚᚩᚢᛏ,142
jung's,177,0,ᛂᚢᛝᛋ,172
ini'd,177,0,ᛁᚾᛁᛞ,180
iji'd,177,0,ᛁᛂᛁᛞ,188
hau't,177,0,ᚻᚪᚢᛏ,182
fiam'd,177,0,ᚠᛡᛗᛞ,269
ana'n,177,0,ᚪᚾᚪᚾ,252
val's,176,0,ᚢᚪᛚᛋ,226
uep't,176,0,ᚢᛖᛈᛏ,172
uan't,176,0,ᚢᚪᚾᛏ,188
roh'd,176,0,ᚱᚩᚻᛞ,130
pot's,176,0,ᛈᚩᛏᛋ,162
moy'd,176,0,ᛗᚩᚣᛞ,270
meg'd,176,0,ᛗᛖᚷᛞ,244
law't,176,0,ᛚᚪᚹᛏ,248
lah'n,176,0,ᛚᚪᚻᚾ,222
kie'n,176,0,ᚳᛁᛖᚾ,140
gang's,176,0,ᚷᚪᛝᛋ,246
fre't,176,0,ᚠᚱᛖᛏ,139
engr'd,176,0,ᛖᛝᚱᛞ,246
wal't,175,0,ᚹᚪᛚᛏ,248
quo'd,175,0,ᚳᚹᚩᛞ,128
mez'n,175,0,ᛗᛖᛋᚾ,220
mai't,175,0,ᛗᚪᛁᛏ,258
jem's,175,0,ᛂᛖᛗᛋ,228
got't,175,0,ᚷᚩᛏᛏ,142
dud'n,175,0,ᛞᚢᛞᚾ,210
cat't,175,0,ᚳᚪᛏᛏ,228
bye'n,175,0,ᛒᚣᛖᚾ,260
ars'n,175,0,ᚪᚱᛋᚾ,190
whi't,174,0,ᚹᚻᛁᛏ,132
vet's,174,0,ᚢᛖᛏᛋ,182
sean'd,174,0,ᛋᛠᚾᛞ,280
pox't,174,0,ᛈᚩᛉᛏ,156
llt'd,174,0,ᛚᛚᛏᛞ,294
gas'd,174,0,ᚷᚪᛋᛞ,256
dot't,174,0,ᛞᚩᛏᛏ,214
ble't,174,0,ᛒᛚᛖᛏ,260
bet't,174,0,ᛒᛖᛏᛏ,246
tlia't,173,0,ᛏᛚᛡᛏ,298
thin't,173,0,ᚦᛁᚾᛏ,124
sel't,173,0,ᛋᛖᛚᛏ,252
rez'd,173,0,ᚱᛖᛋᛞ,220
muf't,173,0,ᛗᚢᚠᛏ,135
meg's,173,0,ᛗᛖᚷᛋ,208
mak'd,173,0,ᛗᚪᚳᛞ,270
luth'n,173,0,ᛚᚢᚦᚾ,110
kat's,173,0,ᚳᚪᛏᛋ,222
ime's,173,0,ᛁᛗᛖᛋ,222
gra'd,173,0,ᚷᚱᚪᛞ,214
fbi's,173,0,ᚠᛒᛁᛋ,147
brea'd,173,0,ᛒᚱᛠᛞ,270
atl'n,173,0,ᚪᛏᛚᚾ,258
ycu'd,172,0,ᚣᚳᚢᛞ,208
thei't,172,0,ᚦᛖᛁᛏ,162
sce'd,172,0,ᛋᚳᛖᛞ,222
nob'd,172,0,ᚾᚩᛒᛞ,186
lay'th,172,0,ᛚᚪᚣᚦ,278
drn't,172,0,ᛞᚱᚾᛏ,188
death'd,172,0,ᛞᛠᚦᛞ,292
atl'd,172,0,ᚪᛏᛚᛞ,318
ant't,172,0,ᚪᚾᛏᛏ,244
act't,172,0,ᚪᚳᛏᛏ,228
wbn't,171,0,ᚹᛒᚾᛏ,168
uso'n,171,0,ᚢᛋᚩᚾ,92
sez'n,171,0,ᛋᛖᛋᚾ,202
rot'd,171,0,ᚱᚩᛏᛞ,166
riz'd,171,0,ᚱᛁᛋᛞ,184
ool'd,171,0,ᚩᚩᛚᛞ,176
old'n,171,0,ᚩᛚᛞᚾ,198
ill's,171,0,ᛁᛚᛚᛋ,230
hue'd,171,0,ᚻᚢᛖᛞ,182
hin'd,171,0,ᚻᛁᚾᛞ,172
dbp't,171,0,ᛞᛒᛈᛏ,252
ark's,171,0,ᚪᚱᚳᛋ,174
ana't,171,0,ᚪᚾᚪᛏ,282
shh'd,170,0,ᛋᚻᚻᛞ,188
ori'n,170,0,ᚩᚱᛁᚾ,78
nig't,170,0,ᚾᛁᚷᛏ,136
lst's,170,0,ᛚᛋᛏᛋ,238
gath'd,170,0,ᚷᚪᚦᛞ,208
flo'd,170,0,ᚠᛚᚩᛞ,171
fiu't,170,0,ᚠᛁᚢᛏ,95
bur'n,170,0,ᛒᚢᚱᚾ,104
area'n,170,0,ᚪᚱᛠᚾ,246
sav'n,169,0,ᛋᚪᚢᚾ,182
mol'th,169,0,ᛗᚩᛚᚦ,156
gow'd,169,0,ᚷᚩᚹᛞ,132
deal'd,169,0,ᛞᛠᛚᛞ,360
cop'n,169,0,ᚳᚩᛈᚾ,92
bag'n,169,0,ᛒᚪᚷᚾ,204
aak'd,169,0,ᚪᚪᚳᛞ,296
rss'd,168,0,ᚱᛋᛋᛞ,206
ror't,168,0,ᚱᚩᚱᛏ,88
ons't,168,0,ᚩᚾᛋᛏ,148
onc's,168,0,ᚩᚾᚳᛋ,102
mel's,168,0,ᛗᛖᛚᛋ,264
foia'd,168,0,ᚠᚩᛡᛞ,205
far't,168,0,ᚠᚪᚱᛏ,169
dec't,168,0,ᛞᛖᚳᛏ,228
asu'n,168,0,ᚪᛋᚢᚾ,182
aro'd,168,0,ᚪᚱᚩᛞ,204
anv'n,168,0,ᚪᚾᚢᚾ,158
yai'd,167,0,ᚣᚪᛁᛞ,320
tuk'n,167,0,ᛏᚢᚳᚾ,104
tao't,167,0,ᛏᚪᚩᛏ,222
srm's,167,0,ᛋᚱᛗᛋ,188
rub'n,167,0,ᚱᚢᛒᚾ,104
rtb'd,167,0,ᚱᛏᛒᛞ,220
prz'n,167,0,ᛈᚱᛋᚾ,136
pin't,167,0,ᛈᛁᚾᛏ,162
neal's,167,0,ᚾᛠᛚᛋ,264
mit'o,167,0,ᛗᛁᛏᚩ,168
heam'd,167,0,ᚻᛠᛗᛞ,292
fii't,167,0,ᚠᛁᛁᛏ,123
ain's,167,0,ᚪᛁᚾᛋ,210
wol't,166,0,ᚹᚩᛚᛏ,158
tru'n,166,0,ᛏᚱᚢᚾ,102
soh's,166,0,ᛋᚩᚻᛋ,136
new's,166,0,ᚾᛖᚹᛋ,168
mel'd,166,0,ᛗᛖᛚᛞ,300
lub'd,166,0,ᛚᚢᛒᛞ,226
inc'n,166,0,ᛁᚾᚳᚾ,102
hath'd,166,0,ᚻᚪᚦᛞ,214
edw'n,166,0,ᛖᛞᚹᚾ,204
dog't,166,0,ᛞᚩᚷᛏ,172
clz'n,166,0,ᚳᛚᛋᚾ,168
art't,166,0,ᚪᚱᛏᛏ,226
wuk'd,165,0,ᚹᚢᚳᛞ,124
rex'd,165,0,ᚱᛖᛉᛞ,214
rav'n,165,0,ᚱᚪᚢᚾ,140
obt'd,165,0,ᚩᛒᛏᛞ,216
nah'n,165,0,ᚾᚪᚻᚾ,178
lci't,165,0,ᛚᚳᛁᛏ,176
lbo'd,165,0,ᛚᛒᚩᛞ,230
fag'd,165,0,ᚠᚪᚷᛞ,205
bit'n,165,0,ᛒᛁᛏᚾ,180
apl'd,165,0,ᚪᛈᛚᛞ,302
vii's,164,0,ᚢᛁᛁᛋ,118
unt'd,164,0,ᚢᚾᛏᛞ,180
two'n,164,0,ᛏᚹᚩᚾ,114
sai't,164,0,ᛋᚪᛁᛏ,240
loi't,164,0,ᛚᚩᛁᛏ,170
led'n,164,0,ᛚᛖᛞᚾ,258
iii's,164,0,ᛁᛁᛁᛋ,146
dun's,164,0,ᛞᚢᚾᛋ,174
dog'n,164,0,ᛞᚩᚷᚾ,142
ajj'd,164,0,ᚪᛂᛂᛞ,260
spi't,163,0,ᛋᛈᛁᛏ,186
raz'n,163,0,ᚱᚪᛋᚾ,190
fte's,163,0,ᚠᛏᛖᛋ,181
efi't,163,0,ᛖᚠᛁᛏ,159
drg's,163,0,ᛞᚱᚷᛋ,170
box'n,163,0,ᛒᚩᛉᚾ,144
asr'n,163,0,ᚪᛋᚱᚾ,190
ama'n,163,0,ᚪᛗᚪᚾ,294
ahe'd,163,0,ᚪᚻᛖᛞ,276
sil't,162,0,ᛋᛁᛚᛏ,216
roek'd,162,0,ᚱᛟᚳᛞ,196
poet't,162,0,ᛈᛟᛏᛏ,244
nab'd,162,0,ᚾᚪᛒᛞ,276
mag'n,162,0,ᛗᚪᚷᚾ,214
jar'd,162,0,ᛂᚪᚱᛞ,234
guy't,162,0,ᚷᚢᚣᛏ,182
fiou'd,162,0,ᚠᛡᚢᛞ,201
era's,162,0,ᛖᚱᚪᛋ,228
dtm't,162,0,ᛞᛏᛗᛏ,278
dfv'd,162,0,ᛞᚠᚢᛞ,183
dee's,162,0,ᛞᛖᛖᛋ,276
deav'd,162,0,ᛞᛠᚢᛞ,290
cip'd,162,0,ᚳᛁᛈᛞ,176
bha'n,162,0,ᛒᚻᚪᚾ,210
ans't,162,0,ᚪᚾᛋᛏ,238
swo'd,161,0,ᛋᚹᚩᛞ,168
rip'n,161,0,ᚱᛁᛈᚾ,114
off't,161,0,ᚩᚠᚠᛏ,70
ego'd,161,0,ᛖᚷᚩᛞ,180
arl't,161,0,ᚪᚱᛚᛏ,240
alm'd,161,0,ᚪᛚᛗᛞ,330
val't,160,0,ᚢᚪᛚᛏ,232
tee'th,160,0,ᛏᛖᛖᚦ,198
raing'd,160,0,ᚱᚪᛝᛞ,276
ohe'd,160,0,ᚩᚻᛖᛞ,186
nom'd,160,0,ᚾᚩᛗᛞ,196
muc'n,160,0,ᛗᚢᚳᚾ,116
lou'n,160,0,ᛚᚩᚢᚾ,112
jin'd,160,0,ᛂᛁᚾᛞ,186
jeu'n,160,0,ᛂᛖᚢᚾ,136
isr't,160,0,ᛁᛋᚱᛏ,154
heal't,160,0,ᚻᛠᛚᛏ,264
fra't,160,0,ᚠᚱᚪᛏ,169
dus't,160,0,ᛞᚢᛋᛏ,204
area't,160,0,ᚪᚱᛠᛏ,276
tll't,159,0,ᛏᛚᛚᛏ,264
tew'd,159,0,ᛏᛖᚹᛞ,234
lun'n,159,0,ᛚᚢᚾᚾ,134
laz't,159,0,ᛚᚪᛋᛏ,282
erz't,159,0,ᛖᚱᛋᛏ,190
ecm'd,159,0,ᛖᚳᛗᛞ,240
eais'd,159,0,ᛠᛁᛋᛞ,282
sti't,158,0,ᛋᛏᛁᛏ,202
sma's,158,0,ᛋᛗᚪᛋ,274
read's,158,0,ᚱᛠᛞᛋ,262
oyd's,158,0,ᚩᚣᛞᛋ,252
hca'th,158,0,ᚻᚳᚪᚦ,138
amz'n,158,0,ᚪᛗᛋᚾ,250
yez'd,157,0,ᚣᛖᛋᛞ,312
vin't,157,0,ᚢᛁᚾᛏ,122
usn't,157,0,ᚢᛋᚾᛏ,144
tun't,157,0,ᛏᚢᚾᛏ,150
thow't,157,0,ᚦᚩᚹᛏ,90
rel't,157,0,ᚱᛖᛚᛏ,210
pik't,157,0,ᛈᛁᚳᛏ,146
mui't,157,0,ᛗᚢᛁᛏ,164
hie'd,157,0,ᚻᛁᛖᛞ,210
fis'd,157,0,ᚠᛁᛋᛞ,175
fai't,157,0,ᚠᚪᛁᛏ,189
does'n,157,0,ᛞᛟᛋᚾ,254
son'n,156,0,ᛋᚩᚾᚾ,118
sen's,156,0,ᛋᛖᚾᛋ,202
rpm's,156,0,ᚱᛈᛗᛋ,178
rat't,156,0,ᚱᚪᛏᛏ,226
pet't,156,0,ᛈᛖᛏᛏ,228
opi'n,156,0,ᚩᛈᛁᚾ,110
ooo'd,156,0,ᚩᚩᚩᛞ,110
nap't,156,0,ᚾᚪᛈᛏ,228
nan't,156,0,ᚾᚪᚾᛏ,214
leah's,156,0,ᛚᛠᚻᛋ,258
his'd,156,0,ᚻᛁᛋᛞ,196
gif't,156,0,ᚷᛁᚠᛏ,109
dcm't,156,0,ᛞᚳᛗᛏ,232
dat't,156,0,ᛞᚪᛏᛏ,304
van'd,155,0,ᚢᚪᚾᛞ,218
ull'd,155,0,ᚢᛚᛚᛞ,238
tup's,155,0,ᛏᚢᛈᛋ,158
sst's,155,0,ᛋᛋᛏᛋ,218
sot's,155,0,ᛋᚩᛏᛋ,172
pom't,155,0,ᛈᚩᛗᛏ,180
peg'd,155,0,ᛈᛖᚷᛞ,216
mah'n,155,0,ᛗᚪᚻᚾ,220
lim'n,155,0,ᛚᛁᛗᚾ,204
lif't,155,0,ᛚᛁᚠᛏ,165
isn'a,155,0,ᛁᛋᚾᚪ,210
iarn't,155,0,ᛡᚱᚾᛏ,206
hat't,155,0,ᚻᚪᛏᛏ,238
fyn'd,155,0,ᚠᚣᚾᛞ,223
fdl'd,155,0,ᚠᛞᛚᛞ,253
ett'd,155,0,ᛖᛏᛏᛞ,274
dem't,155,0,ᛞᛖᛗᛏ,286
dam's,155,0,ᛞᚪᛗᛋ,310
buy'd,155,0,ᛒᚢᚣᛞ,256
both'd,155,0,ᛒᚩᚦᛞ,162
yeu'd,154,0,ᚣᛖᚢᛞ,262
pel't,154,0,ᛈᛖᛚᛏ,242
lar'd,154,0,ᛚᚪᚱᛞ,270
kuz'n,154,0,ᚳᚢᛋᚾ,98
hos'n,154,0,ᚻᚩᛋᚾ,112
glv'n,154,0,ᚷᛚᚢᚾ,122
dkp't,154,0,ᛞᚳᛈᛏ,204
buy'n,154,0,ᛒᚢᚣᚾ,196
age's,154,0,ᚪᚷᛖᛋ,234
afi'n,154,0,ᚪᚠᛁᚾ,159
acc'n,154,0,ᚪᚳᚳᚾ,152
vin'd,153,0,ᚢᛁᚾᛞ,152
sok't,153,0,ᛋᚩᚳᛏ,132
seal'n,153,0,ᛋᛠᛚᚾ,264
rna's,153,0,ᚱᚾᚪᛋ,190
olk's,153,0,ᚩᛚᚳᛋ,146
lyu'd,153,0,ᛚᚣᚢᛞ,268
iohn's,153,0,ᛡᚻᚾᛋ,212
esp'd,153,0,ᛖᛋᛈᛞ,252
der'n,153,0,ᛞᛖᚱᚾ,196
crr'd,153,0,ᚳᚱᚱᛞ,124
brv't,153,0,ᛒᚱᚢᛏ,134
ven'd,152,0,ᚢᛖᚾᛞ,188
stm't,152,0,ᛋᛏᛗᛏ,242
stea'n,152,0,ᛋᛏᛠᚾ,250
sal's,152,0,ᛋᚪᛚᛋ,276
saa't,152,0,ᛋᚪᚪᛏ,306
orio's,152,0,ᚩᚱᛡᛋ,178
mig's,152,0,ᛗᛁᚷᛋ,172
lsl'd,152,0,ᛚᛋᛚᛞ,288
long't,152,0,ᛚᚩᛝᛏ,218
fel't,152,0,ᚠᛖᛚᛏ,201
egg's,152,0,ᛖᚷᚷᛋ,154
dig't,152,0,ᛞᛁᚷᛏ,196
deg'd,152,0,ᛞᛖᚷᛞ,262
ant'n,152,0,ᚪᚾᛏᚾ,214
wbu'd,151,0,ᚹᛒᚢᛞ,172
tim't,151,0,ᛏᛁᛗᛏ,220
ple'd,151,0,ᛈᛚᛖᛞ,272
per'n,151,0,ᛈᛖᚱᚾ,150
pca's,151,0,ᛈᚳᚪᛋ,206
mim'n,151,0,ᛗᛁᛗᚾ,202
jug'd,151,0,ᛂᚢᚷᛞ,146
har'n,151,0,ᚻᚪᚱᚾ,160
fer'n,151,0,ᚠᛖᚱᚾ,109
feai'd,151,0,ᚠᛠᛁᛞ,231
fbr't,151,0,ᚠᛒᚱᛏ,133
che't,151,0,ᚳᚻᛖᛏ,162
cgi'd,151,0,ᚳᚷᛁᛞ,150
wem't,150,0,ᚹᛖᛗᛏ,216
smy'th,150,0,ᛋᛗᚣᚦ,232
red't,150,0,ᚱᛖᛞᛏ,226
rai'n,150,0,ᚱᚪᛁᚾ,168
pam'd,150,0,ᛈᚪᛗᛞ,300
oii't,150,0,ᚩᛁᛁᛏ,128
nfl'd,150,0,ᚾᚠᛚᛞ,193
gaw'd,150,0,ᚷᚪᚹᛞ,222
fog'd,150,0,ᚠᚩᚷᛞ,115
fln'd,150,0,ᚠᛚᚾᛞ,193
exz't,150,0,ᛖᛉᛋᛏ,226
bid'n,150,0,ᛒᛁᛞᚾ,210
ami'd,150,0,ᚪᛗᛁᛞ,288
ali't,150,0,ᚪᛚᛁᛏ,260
afl't,150,0,ᚪᚠᛚᛏ,231
typ'd,149,0,ᛏᚣᛈᛞ,294
tul't,149,0,ᛏᚢᛚᛏ,194
tso'n,149,0,ᛏᛋᚩᚾ,148
ini't,149,0,ᛁᚾᛁᛏ,150
gra't,149,0,ᚷᚱᚪᛏ,184
yet't,148,0,ᚣᛖᛏᛏ,288
vel't,148,0,ᚢᛖᛚᛏ,202
thong'd,148,0,ᚦᚩᛝᛞ,180
they's,148,0,ᚦᛖᚣᛋ,228
sla'n,148,0,ᛋᛚᚪᚾ,252
seau'n,148,0,ᛋᛠᚢᚾ,194
plt'n,148,0,ᛈᛚᛏᚾ,204
nsk'd,148,0,ᚾᛋᚳᛞ,184
les't,148,0,ᛚᛖᛋᛏ,252
lec'd,148,0,ᛚᛖᚳᛞ,242
iion't,148,0,ᛁᛡᚾᛏ,226
gil'd,148,0,ᚷᛁᛚᛞ,210
bri't,148,0,ᛒᚱᛁᛏ,162
bre't,148,0,ᛒᚱᛖᛏ,198
weak'n,147,0,ᚹᛠᚳᚾ,170
uni'd,147,0,ᚢᚾᛁᛞ,152
shm't,147,0,ᛋᚻᛗᛏ,206
pot'd,147,0,ᛈᚩᛏᛞ,198
poem's,147,0,ᛈᛟᛗᛋ,250
path's,147,0,ᛈᚪᚦᛋ,198
owe'd,147,0,ᚩᚹᛖᛞ,182
nei't,147,0,ᚾᛖᛁᛏ,186
lat't,147,0,ᛚᚪᛏᛏ,288
kin's,147,0,ᚳᛁᚾᛋ,126
ken'th,147,0,ᚳᛖᚾᚦ,114
kai'n,147,0,ᚳᚪᛁᚾ,170
eur'd,147,0,ᛖᚢᚱᛞ,170
baw'd,147,0,ᛒᚪᚹᛞ,266
apt'd,147,0,ᚪᛈᛏᛞ,288
amn'd,147,0,ᚪᛗᚾᛞ,286
voi'd,146,0,ᚢᚩᛁᛞ,130
qua't,146,0,ᚳᚹᚪᛏ,188
qsl'd,146,0,ᚳᛋᛚᛞ,228
pow'n,146,0,ᛈᚩᚹᚾ,98
pit't,146,0,ᛈᛁᛏᛏ,192
pai'n,146,0,ᛈᚪᛁᚾ,200
ich'd,146,0,ᛁᚳᚻᛞ,156
hung'n,146,0,ᚻᚢᛝᚾ,134
gog's,146,0,ᚷᚩᚷᛋ,94
eni'd,146,0,ᛖᚾᛁᛞ,216
eave's,146,0,ᛠᚢᛖᛋ,232
chl'd,146,0,ᚳᚻᛚᛞ,198
uns'd,145,0,ᚢᚾᛋᛞ,174
ond's,145,0,ᚩᚾᛞᛋ,178
lym'd,145,0,ᛚᚣᛗᛞ,336
hei'd,145,0,ᚻᛖᛁᛞ,210
gru'n,145,0,ᚷᚱᚢᚾ,60
gou'n,145,0,ᚷᚩᚢᚾ,56
dot's,145,0,ᛞᚩᛏᛋ,208
asx'n,145,0,ᚪᛋᛉᚾ,226
ana'd,145,0,ᚪᚾᚪᛞ,312
zon't,144,0,ᛋᚩᚾᛏ,148
wot'n,144,0,ᚹᚩᛏᚾ,114
ull's,144,0,ᚢᛚᛚᛋ,202
ton's,144,0,ᛏᚩᚾᛋ,148
pop's,144,0,ᛈᚩᛈᛋ,146
nei'th,144,0,ᚾᛖᛁᚦ,132
mut't,144,0,ᛗᚢᛏᛏ,192
kmg's,144,0,ᚳᛗᚷᛋ,154
ira'n,144,0,ᛁᚱᚪᚾ,168
iown'd,144,0,ᛡᚹᚾᛞ,244
how'th,144,0,ᚻᚩᚹᚦ,54
ets'd,144,0,ᛖᛏᛋᛞ,268
bep'd,144,0,ᛒᛖᛈᛞ,260
zli'n,143,0,ᛋᛚᛁᚾ,186
wis't,143,0,ᚹᛁᛋᛏ,162
vbu'd,143,0,ᚢᛒᚢᛞ,156
til'th,143,0,ᛏᛁᛚᚦ,168
tar'n,143,0,ᛏᚪᚱᚾ,196
tab'd,143,0,ᛏᚪᛒᛞ,306
srm'th,143,0,ᛋᚱᛗᚦ,140
roth's,143,0,ᚱᚩᚦᛋ,76
nil'd,143,0,ᚾᛁᛚᛞ,222
nai's,143,0,ᚾᚪᛁᛋ,210
mri'd,143,0,ᛗᚱᛁᛞ,202
moo'n,143,0,ᛗᚩᚩᚾ,114
mll'd,143,0,ᛗᛚᛚᛞ,306
ifi't,143,0,ᛁᚠᛁᛏ,123
hur'd,143,0,ᚻᚢᚱᛞ,126
dri't,143,0,ᛞᚱᛁᛏ,190
dok't,143,0,ᛞᚩᚳᛏ,168
diam'd,143,0,ᛞᛡᛗᛞ,356
wep't,142,0,ᚹᛖᛈᛏ,188
tel'd,142,0,ᛏᛖᛚᛞ,288
sar's,142,0,ᛋᚪᚱᛋ,214
ped'n,142,0,ᛈᛖᛞᚾ,228
lak't,142,0,ᛚᚪᚳᛏ,242
lai't,142,0,ᛚᚪᛁᛏ,260
fij'th,142,0,ᚠᛁᛂᚦ,75
est't,142,0,ᛖᛋᛏᛏ,238
ere's,142,0,ᛖᚱᛖᛋ,198
bir'd,142,0,ᛒᛁᚱᛞ,192
ark'd,142,0,ᚪᚱᚳᛞ,210
zet't,141,0,ᛋᛖᛏᛏ,238
sev'd,141,0,ᛋᛖᚢᛞ,212
pen's,141,0,ᛈᛖᚾᛋ,192
peh't,141,0,ᛈᛖᚻᛏ,192
peas'd,141,0,ᛈᛠᛋᛞ,294
nim'd,141,0,ᚾᛁᛗᛞ,220
lux'd,141,0,ᛚᚢᛉᛞ,212
len's,141,0,ᛚᛖᚾᛋ,222
lel'd,141,0,ᛚᛖᛚᛞ,302
lear'n,141,0,ᛚᛠᚱᚾ,222
fit'd,141,0,ᚠᛁᛏᛞ,181
aii'n,141,0,ᚪᛁᛁᚾ,188
vie't,140,0,ᚢᛁᛖᛏ,160
tit't,140,0,ᛏᛁᛏᛏ,208
thes'd,140,0,ᚦᛖᛋᛞ,214
them'n,140,0,ᚦᛖᛗᚾ,172
ski'n,140,0,ᛋᚳᛁᚾ,126
sis'n,140,0,ᛋᛁᛋᚾ,166
oeil's,140,0,ᛟᛁᛚᛋ,240
nan'd,140,0,ᚾᚪᚾᛞ,244
mun'n,140,0,ᛗᚢᚾᚾ,132
lnt't,140,0,ᛚᚾᛏᛏ,220
ieap'd,140,0,ᛁᛠᛈᛞ,272
hor'd,140,0,ᚻᚩᚱᛞ,130
hog'd,140,0,ᚻᚩᚷᛞ,136
cos'd,140,0,ᚳᚩᛋᛞ,162
woi'n,139,0,ᚹᚩᛁᚾ,86
tap't,139,0,ᛏᚪᛈᛏ,258
tan'n,139,0,ᛏᚪᚾᚾ,214
swing'n,139,0,ᛋᚹᛝᚾ,180
sov'n,139,0,ᛋᚩᚢᚾ,92
sne'd,139,0,ᛋᚾᛖᛞ,238
seal'th,139,0,ᛋᛠᛚᚦ,240
rnl'd,139,0,ᚱᚾᛚᛞ,202
raek'd,139,0,ᚱᚫᚳᛞ,214
oat's,139,0,ᚩᚪᛏᛋ,216
mob's,139,0,ᛗᚩᛒᛋ,192
low'n,139,0,ᛚᚩᚹᚾ,128
jum'd,139,0,ᛂᚢᛗᛞ,200
frm'd,139,0,ᚠᚱᛗᛞ,173
ban'n,139,0,ᛒᚪᚾᚾ,216
art'n,139,0,ᚪᚱᛏᚾ,196
vss'n,138,0,ᚢᛋᛋᚾ,138
tba't,138,0,ᛏᛒᚪᛏ,276
sty'd,138,0,ᛋᛏᚣᛞ,304
spl't,138,0,ᛋᛈᛚᛏ,228
snn'th,138,0,ᛋᚾᚾᚦ,116
sir't,138,0,ᛋᛁᚱᛏ,154
rsn't,138,0,ᚱᛋᚾᛏ,152
piac'd,138,0,ᛈᛡᚳᛞ,252
nou'd,138,0,ᚾᚩᚢᛞ,128
joia'd,138,0,ᛂᚩᛡᛞ,240
upo't,137,0,ᚢᛈᚩᛏ,112
old's,137,0,ᚩᛚᛞᛋ,222
neav'n,137,0,ᚾᛠᚢᚾ,170
mlt't,137,0,ᛗᛚᛏᛏ,262
lit'th,137,0,ᛚᛁᛏᚦ,168
hau'd,137,0,ᚻᚪᚢᛞ,212
dei'd,137,0,ᛞᛖᛁᛞ,276
ali'n,137,0,ᚪᛚᛁᚾ,230
vln'th,136,0,ᚢᛚᚾᚦ,110
suf't,136,0,ᛋᚢᚠᛏ,117
scp't,136,0,ᛋᚳᛈᛏ,168
qin'd,136,0,ᚳᛁᚾᛞ,162
len'n,136,0,ᛚᛖᚾᚾ,198
joy's,136,0,ᛂᚩᚣᛋ,200
hdn't,136,0,ᚻᛞᚾᛏ,200
fiay'd,136,0,ᚠᛡᚣᛞ,301
arg'd,136,0,ᚪᚱᚷᛞ,214
afe'd,136,0,ᚪᚠᛖᛞ,255
wed'n,135,0,ᚹᛖᛞᚾ,204
upo'th,135,0,ᚢᛈᚩᚦ,58
uke's,135,0,ᚢᚳᛖᛋ,136
par's,135,0,ᛈᚪᚱᛋ,204
oom'n,135,0,ᚩᚩᛗᚾ,114
myn'd,135,0,ᛗᚣᚾᛞ,292
lpn's,135,0,ᛚᛈᚾᛋ,198
leai'n,135,0,ᛚᛠᛁᚾ,242
idd's,135,0,ᛁᛞᛞᛋ,262
hnn't,135,0,ᚻᚾᚾᛏ,140
thol't,134,0,ᚦᚩᛚᛏ,144
tam't,134,0,ᛏᚪᛗᛏ,286
sol's,134,0,ᛋᚩᛚᛋ,186
rou'n,134,0,ᚱᚩᚢᚾ,50
met't,134,0,ᛗᛖᛏᛏ,256
jen'd,134,0,ᛂᛖᚾᛞ,222
irm's,134,0,ᛁᚱᛗᛋ,166
fhe'd,134,0,ᚠᚻᛖᛞ,181
fen't,134,0,ᚠᛖᚾᛏ,157
ext't,134,0,ᛖᛉᛏᛏ,232
cbn't,134,0,ᚳᛒᚾᛏ,162
axs'n,134,0,ᚪᛉᛋᚾ,226
tln'n,133,0,ᛏᛚᚾᚾ,190
prv't,133,0,ᛈᚱᚢᛏ,116
oyn'd,133,0,ᚩᚣᚾᛞ,228
ort'n,133,0,ᚩᚱᛏᚾ,106
heah'd,133,0,ᚻᛠᚻᛞ,244
hal't,133,0,ᚻᚪᛚᛏ,252
fce'd,133,0,ᚠᚳᛖᛞ,171
ber'n,133,0,ᛒᛖᚱᚾ,168
beap'd,133,0,ᛒᛠᛈᛞ,302
air't,133,0,ᚪᛁᚱᛏ,198
var'd,132,0,ᚢᚪᚱᛞ,200
toi't,132,0,ᛏᚩᛁᛏ,156
seia'd,132,0,ᛋᛖᛡᛞ,316
nam't,132,0,ᚾᚪᛗᛏ,256
mou'th,132,0,ᛗᚩᚢᚦ,86
mean'n,132,0,ᛗᛠᚾᚾ,238
ler'd,132,0,ᛚᛖᚱᛞ,240
kong's,132,0,ᚳᚩᛝᛋ,152
klt'n,132,0,ᚳᛚᛏᚾ,174
har't,132,0,ᚻᚪᚱᛏ,190
fla'n,132,0,ᚠᛚᚪᚾ,201
eye'n,132,0,ᛖᚣᛖᚾ,266
dil'd,132,0,ᛞᛁᛚᛞ,282
dey's,132,0,ᛞᛖᚣᛋ,312
bru'n,132,0,ᛒᚱᚢᚾ,104
bei't,132,0,ᛒᛖᛁᛏ,218
ash'n,132,0,ᚪᛋᚻᚾ,202
ahea'd,132,0,ᚪᚻᛠᛞ,318
tec'd,131,0,ᛏᛖᚳᛞ,228
sel'n,131,0,ᛋᛖᛚᚾ,222
peak's,131,0,ᛈᛠᚳᛋ,218
lez'th,131,0,ᛚᛖᛋᚦ,198
fll't,131,0,ᚠᛚᛚᛏ,207
eear'd,131,0,ᛖᛠᚱᛞ,276
each'd,131,0,ᛠᚳᚻᛞ,234
dig'n,131,0,ᛞᛁᚷᚾ,166
trz'n,130,0,ᛏᚱᛋᚾ,152
tro'n,130,0,ᛏᚱᚩᚾ,106
ron's,130,0,ᚱᚩᚾᛋ,100
puk'd,130,0,ᛈᚢᚳᛞ,148
plo't,130,0,ᛈᛚᚩᛏ,182
phd's,130,0,ᛈᚻᛞᛋ,208
heath's,130,0,ᚻᛠᚦᛋ,190
fah'd,130,0,ᚠᚪᚻᛞ,211
dom's,130,0,ᛞᚩᛗᛋ,220
daez't,130,0,ᛞᚫᛋᛏ,302
clea'n,130,0,ᚳᛚᛠᚾ,224
asi'd,130,0,ᚪᛋᛁᛞ,270
apa't,130,0,ᚪᛈᚪᛏ,296
yar'd,129,0,ᚣᚪᚱᛞ,300
wov'd,129,0,ᚹᚩᚢᛞ,118
wix's,129,0,ᚹᛁᛉᛋ,150
vvz't,129,0,ᚢᚢᛋᛏ,118
tra's,129,0,ᛏᚱᚪᛋ,220
ssn't,129,0,ᛋᛋᚾᛏ,194
prs't,129,0,ᛈᚱᛋᛏ,166
new't,129,0,ᚾᛖᚹᛏ,174
jeh'n,129,0,ᛂᛖᚻᚾ,156
hau'n,129,0,ᚻᚪᚢᚾ,152
dul'd,129,0,ᛞᚢᛚᛞ,254
dod'd,129,0,ᛞᚩᛞᛞ,274
amb's,129,0,ᚪᛗᛒᛋ,282
mii't,128,0,ᛗᛁᛁᛏ,192
fla't,128,0,ᚠᛚᚪᛏ,231
dim'n,128,0,ᛞᛁᛗᚾ,220
amo'n,128,0,ᚪᛗᚩᚾ,204
ako't,128,0,ᚪᚳᚩᛏ,176
abe's,128,0,ᚪᛒᛖᛋ,278
voo'd,127,0,ᚢᚩᚩᛞ,106
thei'n,127,0,ᚦᛖᛁᚾ,132
sos'd,127,0,ᛋᚩᛋᛞ,202
row's,127,0,ᚱᚩᚹᛋ,90
oom'd,127,0,ᚩᚩᛗᛞ,174
mat't,127,0,ᛗᚪᛏᛏ,286
hui't,127,0,ᚻᚢᛁᛏ,116
bud'd,127,0,ᛒᚢᛞᛞ,242
wlng'd,126,0,ᚹᛚᛝᛞ,260
wiah'd,126,0,ᚹᛡᚻᛞ,238
vab'd,126,0,ᚢᚪᛒᛞ,250
tre's,126,0,ᛏᚱᛖᛋ,190
sov'd,126,0,ᛋᚩᚢᛞ,152
see's,126,0,ᛋᛖᛖᛋ,240
ret't,126,0,ᚱᛖᛏᛏ,196
raf't,126,0,ᚱᚪᚠᛏ,169
ohio's,126,0,ᚩᚻᛡᛋ,190
mel'n,126,0,ᛗᛖᛚᚾ,240
isn'c,126,0,ᛁᛋᚾᚳ,126
fiaw'd,126,0,ᚠᛡᚹᛞ,217
dno't,126,0,ᛞᚾᚩᛏ,184
che'd,126,0,ᚳᚻᛖᛞ,192
asn'n,126,0,ᚪᛋᚾᚾ,208
wim'd,125,0,ᚹᛁᛗᛞ,210
wil'n,125,0,ᚹᛁᛚᚾ,152
wax't,125,0,ᚹᚪᛉᛏ,222
ses'n,125,0,ᛋᛖᛋᚾ,202
ney'd,125,0,ᚾᛖᚣᛞ,288
mot't,125,0,ᛗᚩᛏᛏ,196
mil't,125,0,ᛗᛁᛚᛏ,234
lvz't,125,0,ᛚᚢᛋᛏ,188
jan'd,125,0,ᛂᚪᚾᛞ,252
irn't,125,0,ᛁᚱᚾᛏ,130
ina't,125,0,ᛁᚾᚪᛏ,216
dol't,125,0,ᛞᚩᛚᛏ,228
cox't,125,0,ᚳᚩᛉᛏ,126
bol't,125,0,ᛒᚩᛚᛏ,200
adg't,125,0,ᚪᛞᚷᛏ,262
wel't,124,0,ᚹᛖᛚᛏ,218
tak'd,124,0,ᛏᚪᚳᛞ,258
real'd,124,0,ᚱᛠᛚᛞ,282
ori't,124,0,ᚩᚱᛁᛏ,108
lie't,124,0,ᛚᛁᛖᛏ,230
leal't,124,0,ᛚᛠᛚᛏ,314
lau'd,124,0,ᛚᚪᚢᛞ,262
kee'd,124,0,ᚳᛖᛖᛞ,236
jap'd,124,0,ᛂᚪᛈᛞ,266
fon'd,124,0,ᚠᚩᚾᛞ,127
byw'n,124,0,ᛒᚣᚹᚾ,212
bhe'd,124,0,ᛒᚻᛖᛞ,240
baek'd,124,0,ᛒᚫᚳᛞ,264
ava'd,124,0,ᚪᚢᚪᛞ,286
arr't,124,0,ᚪᚱᚱᛏ,178
zan't,123,0,ᛋᚪᚾᛏ,238
ocea'n,123,0,ᚩᚳᛠᚾ,158
lis'd,123,0,ᛚᛁᛋᛞ,246
jon'd,123,0,ᛂᚩᚾᛞ,162
goi't,123,0,ᚷᚩᛁᛏ,114
dtp't,123,0,ᛞᛏᛈᛏ,250
clu'n,123,0,ᚳᛚᚢᚾ,118
boy'n,123,0,ᛒᚩᚣᚾ,200
awa't,123,0,ᚪᚹᚪᛏ,272
agu'd,123,0,ᚪᚷᚢᛞ,206
tun'n,122,0,ᛏᚢᚾᚾ,120
stl'd,122,0,ᛋᛏᛚᛞ,274
rod's,122,0,ᚱᚩᛞᛋ,160
nag'd,122,0,ᚾᚪᚷᛞ,232
laek'd,122,0,ᛚᚫᚳᛞ,276
fmg's,122,0,ᚠᛗᚷᛋ,143
ded't,122,0,ᛞᛖᛞᛏ,304
axa's,122,0,ᚪᛉᚪᛋ,294
aesn't,122,0,ᚫᛋᚾᛏ,242
wee'n,121,0,ᚹᛖᛖᚾ,182
wat'd,121,0,ᚹᚪᛏᛞ,264
vcx'd,121,0,ᚢᚳᛉᛞ,152
nit'd,121,0,ᚾᛁᛏᛞ,208
mean'th,121,0,ᛗᛠᚾᚦ,214
log's,121,0,ᛚᚩᚷᛋ,150
faa't,121,0,ᚠᚪᚪᛏ,255
cuz'n,121,0,ᚳᚢᛋᚾ,98
aus't,121,0,ᚪᚢᛋᛏ,212
abi'd,121,0,ᚪᛒᛁᛞ,278
thet'n,120,0,ᚦᛖᛏᚾ,160
sus'n,120,0,ᛋᚢᛋᚾ,138
seg't,120,0,ᛋᛖᚷᛏ,196
llu'd,120,0,ᛚᛚᚢᛞ,238
joey's,120,0,ᛂᛟᚣᛋ,276
ito's,120,0,ᛁᛏᚩᛋ,150
dou'd,120,0,ᛞᚩᚢᛞ,188
aoo't,120,0,ᚪᚩᚩᛏ,170
abm's,120,0,ᚪᛒᛗᛋ,282
yol'th,119,0,ᚣᚩᛚᚦ,188
was'd,119,0,ᚹᚪᛋᛞ,258
too'n,119,0,ᛏᚩᚩᚾ,102
sah'n,119,0,ᛋᚪᚻᚾ,202
rry'd,119,0,ᚱᚱᚣᛞ,214
rior's,119,0,ᚱᛡᚱᛋ,182
pta's,119,0,ᛈᛏᚪᛋ,252
nex'd,119,0,ᚾᛖᛉᛞ,232
moi'th,119,0,ᛗᚩᛁᚦ,114
lmt'd,119,0,ᛚᛗᛏᛞ,292
jer'd,119,0,ᛂᛖᚱᛞ,204
iowa's,119,0,ᛡᚹᚪᛋ,276
iik'd,119,0,ᛁᛁᚳᛞ,164
hof's,119,0,ᚻᚩᚠᛋ,85
daw'n,119,0,ᛞᚪᚹᚾ,234
cmm'n,119,0,ᚳᛗᛗᚾ,184
chi's,119,0,ᚳᚻᛁᛋ,120
cab'd,119,0,ᚳᚪᛒᛞ,260
wod't,118,0,ᚹᚩᛞᛏ,174
uff'd,118,0,ᚢᚠᚠᛞ,96
tok'n,118,0,ᛏᚩᚳᚾ,108
tii't,118,0,ᛏᛁᛁᛏ,180
tel'n,118,0,ᛏᛖᛚᚾ,228
rion't,118,0,ᚱᛡᚾᛏ,206
new'n,118,0,ᚾᛖᚹᚾ,144
net't,118,0,ᚾᛖᛏᛏ,214
mow'n,118,0,ᛗᚩᚹᚾ,126
min's,118,0,ᛗᛁᚾᛋ,184
kai's,118,0,ᚳᚪᛁᛋ,194
izn'd,118,0,ᛁᛋᚾᛞ,202
icn't,118,0,ᛁᚳᚾᛏ,132
fat'n,118,0,ᚠᚪᛏᚾ,187
dyn'd,118,0,ᛞᚣᚾᛞ,310
crn't,118,0,ᚳᚱᚾᛏ,112
cao'd,118,0,ᚳᚪᚩᛞ,206
bri'n,118,0,ᛒᚱᛁᚾ,132
asb't,118,0,ᚪᛋᛒᛏ,270
sto'd,117,0,ᛋᛏᚩᛞ,208
smz't,117,0,ᛋᛗᛋᛏ,236
roo'n,117,0,ᚱᚩᚩᚾ,54
rcq'd,117,0,ᚱᚳᚳᛞ,126
nin'th,117,0,ᚾᛁᚾᚦ,94
mit'l,117,0,ᛗᛁᛏᛚ,234
mal't,117,0,ᛗᚪᛚᛏ,300
ket'd,117,0,ᚳᛖᛏᛞ,228
jov't,117,0,ᛂᚩᚢᛏ,106
gro'd,117,0,ᚷᚱᚩᛞ,124
ell's,117,0,ᛖᛚᛚᛋ,266
eek'd,117,0,ᛖᛖᚳᛞ,236
awn'd,117,0,ᚪᚹᚾᛞ,234
and's,117,0,ᚪᚾᛞᛋ,268
web'd,116,0,ᚹᛖᛒᛞ,236
uin't,116,0,ᚢᛁᚾᛏ,122
tut's,116,0,ᛏᚢᛏᛋ,174
pix'd,116,0,ᛈᛁᛉᛞ,210
ont't,116,0,ᚩᚾᛏᛏ,154
oll't,116,0,ᚩᛚᛚᛏ,212
lead's,116,0,ᛚᛠᛞᛋ,324
goo't,116,0,ᚷᚩᚩᛏ,90
earu'd,116,0,ᛠᚱᚢᛞ,212
aru't,116,0,ᚪᚱᚢᛏ,170
aai'n,116,0,ᚪᚪᛁᚾ,254
zion's,115,0,ᛋᛡᚾᛋ,242
vog't,115,0,ᚢᚩᚷᛏ,86
ttn'n,115,0,ᛏᛏᚾᚾ,176
rek's,115,0,ᚱᛖᚳᛋ,144
oss'd,115,0,ᚩᛋᛋᛞ,202
ojx'n,115,0,ᚩᛂᛉᚾ,120
moi'n,115,0,ᛗᚩᛁᚾ,138
jpr's,115,0,ᛂᛈᚱᛋ,144
iln't,115,0,ᛁᛚᚾᛏ,192
iii'n,115,0,ᛁᛁᛁᚾ,122
htn't,115,0,ᚻᛏᚾᛏ,170
has'n,115,0,ᚻᚪᛋᚾ,202
cqn't,115,0,ᚳᚳᚾᛏ,114
cao't,115,0,ᚳᚪᚩᛏ,176
bud's,115,0,ᛒᚢᛞᛋ,206
bah'd,115,0,ᛒᚪᚻᛞ,270
ara'n,115,0,ᚪᚱᚪᚾ,234
alm't,115,0,ᚪᛚᛗᛏ,300
wid'th,114,0,ᚹᛁᛞᚦ,144
wcr't,114,0,ᚹᚳᚱᛏ,102
ool's,114,0,ᚩᚩᛚᛋ,140
nrm'd,114,0,ᚾᚱᛗᛞ,200
mei'n,114,0,ᛗᛖᛁᚾ,198
map'd,114,0,ᛗᚪᛈᛞ,300
lil's,114,0,ᛚᛁᛚᛋ,230
hor's,114,0,ᚻᚩᚱᛋ,94
ego's,114,0,ᛖᚷᚩᛋ,144
den'n,114,0,ᛞᛖᚾᚾ,214
bal't,114,0,ᛒᚪᛚᛏ,290
abi's,114,0,ᚪᛒᛁᛋ,242
wei't,113,0,ᚹᛖᛁᛏ,176
ups'd,113,0,ᚢᛈᛋᛞ,188
ueav'n,113,0,ᚢᛠᚢᚾ,144
tdy'd,113,0,ᛏᛞᚣᛞ,340
slu'n,113,0,ᛋᛚᚢᚾ,158
sci't,113,0,ᛋᚳᛁᛏ,156
orm't,113,0,ᚩᚱᛗᛏ,148
mon's,113,0,ᛗᚩᚾᛋ,160
lok'n,113,0,ᛚᚩᚳᚾ,122
lll'n,113,0,ᛚᛚᛚᚾ,248
jul't,113,0,ᛂᚢᛚᛏ,172
ipl'd,113,0,ᛁᛈᛚᛞ,236
ick'd,113,0,ᛁᚳᚳᛞ,146
hii'n,113,0,ᚻᛁᛁᚾ,114
gin'n,113,0,ᚷᛁᚾᚾ,106
eyn't,113,0,ᛖᚣᚾᛏ,258
era'd,113,0,ᛖᚱᚪᛞ,264
east's,113,0,ᛠᛋᛏᛋ,274
area'd,113,0,ᚪᚱᛠᛞ,306
wring'd,112,0,ᚹᚱᛝᛞ,198
with'th,112,0,ᚹᛁᚦᚦ,60
uer'd,112,0,ᚢᛖᚱᛞ,170
things'n,112,0,ᚦᛝᛋᚾ,166
sid'd,112,0,ᛋᛁᛞᛞ,262
rei't,112,0,ᚱᛖᛁᛏ,168
ref'n,112,0,ᚱᛖᚠᚾ,109
oecl'd,112,0,ᛟᚳᛚᛞ,258
nic's,112,0,ᚾᛁᚳᛋ,126
mut'n,112,0,ᛗᚢᛏᚾ,162
mer's,112,0,ᛗᛖᚱᛋ,202
mdn't,112,0,ᛗᛞᚾᛏ,248
mas't,112,0,ᛗᚪᛋᛏ,280
llt'n,112,0,ᛚᛚᛏᚾ,234
liu't,112,0,ᛚᛁᚢᛏ,166
kim'd,112,0,ᚳᛁᛗᛞ,204
kar'd,112,0,ᚳᚪᚱᛞ,210
iean'd,112,0,ᛁᛠᚾᛞ,258
fion'd,112,0,ᚠᛡᚾᛞ,227
dov'n,112,0,ᛞᚩᚢᚾ,128
dmn't,112,0,ᛞᛗᚾᛏ,248
deaw'd,112,0,ᛞᛠᚹᛞ,306
cai'n,112,0,ᚳᚪᛁᚾ,170
bil't,112,0,ᛒᛁᛚᛏ,224
suc't,111,0,ᛋᚢᚳᛏ,128
singh's,111,0,ᛋᛝᚻᛋ,208
scw'd,111,0,ᛋᚳᚹᛞ,174
orr's,111,0,ᚩᚱᚱᛋ,82
orn't,111,0,ᚩᚱᚾᛏ,106
nai'n,111,0,ᚾᚪᛁᚾ,186
mau'd,111,0,ᛗᚪᚢᛞ,260
lbl'd,111,0,ᛚᛒᛚᛞ,296
jew'd,111,0,ᛂᛖᚹᛞ,212
ixx'n,111,0,ᛁᛉᛉᚾ,154
inm'd,111,0,ᛁᚾᛗᛞ,220
iack'd,111,0,ᛡᚳᚳᛞ,222
hui'd,111,0,ᚻᚢᛁᛞ,146
flea's,111,0,ᚠᛚᛠᛋ,237
crz't,111,0,ᚳᚱᛋᛏ,136
apa'n,111,0,ᚪᛈᚪᚾ,266
you'th,110,0,ᚣᚩᚢᚦ,118
won'th,110,0,ᚹᚩᚾᚦ,60
vcr's,110,0,ᚢᚳᚱᛋ,80
tlu't,110,0,ᛏᛚᚢᛏ,194
tiz'd,110,0,ᛏᛁᛋᛞ,232
this't,110,0,ᚦᛁᛋᛏ,148
tang'd,110,0,ᛏᚪᛝᛞ,324
seth'd,110,0,ᛋᛖᚦᛞ,214
rum'n,110,0,ᚱᚢᛗᚾ,114
reau'd,110,0,ᚱᛠᚢᛞ,212
ral't,110,0,ᚱᚪᛚᛏ,240
qua'n,110,0,ᚳᚹᚪᚾ,158
mui'n,110,0,ᛗᚢᛁᚾ,134
hiz'n,110,0,ᚻᛁᛋᚾ,136
fop's,110,0,ᚠᚩᛈᛋ,105
dic't,110,0,ᛞᛁᚳᛏ,192
ava's,110,0,ᚪᚢᚪᛋ,250
wuz'n,109,0,ᚹᚢᛋᚾ,104
vol'n,109,0,ᚢᚩᛚᚾ,112
tet'n,109,0,ᛏᛖᛏᚾ,214
ste'd,109,0,ᛋᛏᛖᛞ,268
ssh'd,109,0,ᛋᛋᚻᛞ,218
meat'd,109,0,ᛗᛠᛏᛞ,328
luv'n,109,0,ᛚᚢᚢᚾ,108
lun'd,109,0,ᛚᚢᚾᛞ,194
laing't,109,0,ᛚᚪᛝᛏ,308
hee'n,109,0,ᚻᛖᛖᚾ,186
dhi'a,109,0,ᛞᚻᛁᚪ,240
deok'd,109,0,ᛞᛇᚳᛞ,232
are'd,109,0,ᚪᚱᛖᛞ,264
amt'd,109,0,ᚪᛗᛏᛞ,316
swi't,108,0,ᛋᚹᛁᛏ,162
spa'd,108,0,ᛋᛈᚪᛞ,282
rek'n,108,0,ᚱᛖᚳᚾ,120
nss'n,108,0,ᚾᛋᛋᚾ,164
liz's,108,0,ᛚᛁᛋᛋ,210
lii'd,108,0,ᛚᛁᛁᛞ,224
ist't,108,0,ᛁᛋᛏᛏ,202
deal'n,108,0,ᛞᛠᛚᚾ,300
vor'd,107,0,ᚢᚩᚱᛞ,110
vit't,107,0,ᚢᛁᛏᛏ,152
smt'th,107,0,ᛋᛗᛏᚦ,188
singe'd,107,0,ᛋᛝᛖᛞ,288
ore'd,107,0,ᚩᚱᛖᛞ,174
fro't,107,0,ᚠᚱᚩᛏ,79
fbi'd,107,0,ᚠᛒᛁᛞ,183
eep't,107,0,ᛖᛖᛈᛏ,236
cei't,107,0,ᚳᛖᛁᛏ,170
caw't,107,0,ᚳᚪᚹᛏ,188
ato'n,107,0,ᚪᛏᚩᚾ,192
wfe'd,106,0,ᚹᚠᛖᛞ,177
sll't,106,0,ᛋᛚᛚᛏ,258
paa't,106,0,ᛈᚪᚪᛏ,296
our't,106,0,ᚩᚢᚱᛏ,80
mnt'd,106,0,ᛗᚾᛏᛞ,248
maa'n,106,0,ᛗᚪᚪᚾ,294
leu'd,106,0,ᛚᛖᚢᛞ,232
iet's,106,0,ᛁᛖᛏᛋ,210
iei't,106,0,ᛁᛖᛁᛏ,188
hit's,106,0,ᚻᛁᛏᛋ,166
fll'th,106,0,ᚠᛚᛚᚦ,153
elg'n,106,0,ᛖᛚᚷᚾ,186
ears'd,106,0,ᛠᚱᛋᛞ,262
cna't,106,0,ᚳᚾᚪᛏ,198
anm'n,106,0,ᚪᚾᛗᚾ,226
ajn't,106,0,ᚪᛂᚾᛏ,222
wai't,105,0,ᚹᚪᛁᛏ,206
tor'n,105,0,ᛏᚩᚱᚾ,106
tip'n,105,0,ᛏᛁᛈᚾ,162
swm'd,105,0,ᛋᚹᛗᛞ,232
spy's,105,0,ᛋᛈᚣᛋ,252
shl't,105,0,ᛋᚻᛚᛏ,208
saw'n,105,0,ᛋᚪᚹᚾ,198
near'n,105,0,ᚾᛠᚱᚾ,178
diy'd,105,0,ᛞᛁᚣᛞ,312
ciz'd,105,0,ᚳᛁᛋᛞ,186
ccm't,105,0,ᚳᚳᛗᛏ,156
cau'n,105,0,ᚳᚪᚢᚾ,142
caa's,105,0,ᚳᚪᚪᛋ,260
bed'd,105,0,ᛒᛖᛞᛞ,306
bac't,105,0,ᛒᚪᚳᛏ,230
agi'd,105,0,ᚪᚷᛁᛞ,234
wri't,104,0,ᚹᚱᛁᛏ,120
tuu'd,104,0,ᛏᚢᚢᛞ,154
spe'd,104,0,ᛋᛈᛖᛞ,252
sie'd,104,0,ᛋᛁᛖᛞ,240
roi'n,104,0,ᚱᚩᛁᚾ,78
pyp'd,104,0,ᛈᚣᛈᛞ,278
piae'd,104,0,ᛈᛡᛖᛞ,306
oll'd,104,0,ᚩᛚᛚᛞ,242
ney's,104,0,ᚾᛖᚣᛋ,252
mos'n,104,0,ᛗᚩᛋᚾ,160
mei't,104,0,ᛗᛖᛁᛏ,228
kear'd,104,0,ᚳᛠᚱᛞ,222
kean's,104,0,ᚳᛠᚾᛋ,204
jol'n,104,0,ᛂᚩᛚᚾ,146
joel's,104,0,ᛂᛟᛚᛋ,246
hak'd,104,0,ᚻᚪᚳᛞ,222
gun'n,104,0,ᚷᚢᚾᚾ,78
gij't,104,0,ᚷᛁᛂᛏ,144
gat't,104,0,ᚷᚪᛏᛏ,232
fol'th,104,0,ᚠᚩᛚᚦ,87
faw't,104,0,ᚠᚪᚹᛏ,177
dong'd,104,0,ᛞᚩᛝᛞ,264
crv'd,104,0,ᚳᚱᚢᛞ,116
ayl'd,104,0,ᚪᚣᛚᛞ,362
wuu'd,103,0,ᚹᚢᚢᛞ,114
sex's,103,0,ᛋᛖᛉᛋ,220
ser's,103,0,ᛋᛖᚱᛋ,184
roc's,103,0,ᚱᚩᚳᛋ,84
rai't,103,0,ᚱᚪᛁᛏ,198
ofa'd,103,0,ᚩᚠᚪᛞ,195
nev'd,103,0,ᚾᛖᚢᛞ,188
ned'd,103,0,ᚾᛖᛞᛞ,274
mer'd,103,0,ᛗᛖᚱᛞ,238
leaf't,103,0,ᛚᛠᚠᛏ,243
lau'n,103,0,ᛚᚪᚢᚾ,202
guv'd,103,0,ᚷᚢᚢᛞ,112
feat'd,103,0,ᚠᛠᛏᛞ,259
doing't,103,0,ᛞᚩᛝᛏ,234
bai'd,103,0,ᛒᚪᛁᛞ,278
arl'd,103,0,ᚪᚱᛚᛞ,270
any't,103,0,ᚪᚾᚣᛏ,288
way's,102,0,ᚹᚪᚣᛋ,272
vvi'th,102,0,ᚢᚢᛁᚦ,42
uam'd,102,0,ᚢᚪᛗᛞ,260
top'n,102,0,ᛏᚩᛈᚾ,138
tnm'd,102,0,ᛏᚾᛗᛞ,248
nep't,102,0,ᚾᛖᛈᛏ,198
lion'd,102,0,ᛚᛡᚾᛞ,298
iso'd,102,0,ᛁᛋᚩᛞ,180
eapp'd,102,0,ᛠᛈᛈᛞ,284
dwe't,102,0,ᛞᚹᛖᛏ,234
dii't,102,0,ᛞᛁᛁᛏ,210
dhi'i,102,0,ᛞᚻᛁᛁ,174
crt's,102,0,ᚳᚱᛏᛋ,136
cbo's,102,0,ᚳᛒᚩᛋ,134
thoy'd,101,0,ᚦᚩᚣᛞ,204
stx'd,101,0,ᛋᛏᛉᛞ,248
sti'd,101,0,ᛋᛏᛁᛞ,232
rop'd,101,0,ᚱᚩᛈᛞ,150
ltl't,101,0,ᛚᛏᛚᛏ,264
fem'd,101,0,ᚠᛖᛗᛞ,229
dii'd,101,0,ᛞᛁᛁᛞ,240
afr'd,101,0,ᚪᚠᚱᛞ,199
wang's,100,0,ᚹᚪᛝᛋ,248
uin'd,100,0,ᚢᛁᚾᛞ,152
trea't,100,0,ᛏᚱᛠᛏ,238
sid'n,100,0,ᛋᛁᛞᚾ,202
ler's,100,0,ᛚᛖᚱᛋ,204
leng'd,100,0,ᛚᛖᛝᛞ,308
kan'n,100,0,ᚳᚪᚾᚾ,168
hep'd,100,0,ᚻᛖᛈᛞ,222
gus's,100,0,ᚷᚢᛋᛋ,126
ess'n,100,0,ᛖᛋᛋᚾ,202
cru'd,100,0,ᚳᚱᚢᛞ,116
cmi't,100,0,ᚳᛗᛁᛏ,174
bol'd,100,0,ᛒᚩᛚᛞ,230
riz'n,99,0,ᚱᛁᛋᚾ,124
ols't,99,0,ᚩᛚᛋᛏ,192
nai'd,99,0,ᚾᚪᛁᛞ,246
lith'd,99,0,ᛚᛁᚦᛞ,198
lit'd,99,0,ᛚᛁᛏᛞ,252
ker's,99,0,ᚳᛖᚱᛋ,144
ive'd,99,0,ᛁᚢᛖᛞ,190
ilt't,99,0,ᛁᛚᛏᛏ,222
ify'd,99,0,ᛁᚠᚣᛞ,225
fnd'n,99,0,ᚠᚾᛞᚾ,149
exi't,99,0,ᛖᛉᛁᛏ,204
erm'n,99,0,ᛖᚱᛗᚾ,178
era'n,99,0,ᛖᚱᚪᚾ,204
drp't,99,0,ᛞᚱᛈᛏ,202
cim't,99,0,ᚳᛁᛗᛏ,174
yaa'd,98,0,ᚣᚪᚪᛞ,386
won'n,98,0,ᚹᚩᚾᚾ,84
tii'd,98,0,ᛏᛁᛁᛞ,210
theam'd,98,0,ᚦᛠᛗᛞ,274
sis'd,98,0,ᛋᛁᛋᛞ,226
sib'd,98,0,ᛋᛁᛒᛞ,234
rui'd,98,0,ᚱᚢᛁᛞ,134
rce'd,98,0,ᚱᚳᛖᛞ,180
qsl's,98,0,ᚳᛋᛚᛋ,192
pai's,98,0,ᛈᚪᛁᛋ,224
paes'd,98,0,ᛈᚫᛋᛞ,286
lou't,98,0,ᛚᚩᚢᛏ,142
joel'd,98,0,ᛂᛟᛚᛞ,282
isn'd,98,0,ᛁᛋᚾᛞ,202
ingto'n,98,0,ᛝᛏᚩᚾ,174
hel't,98,0,ᚻᛖᛚᛏ,222
heat's,98,0,ᚻᛠᛏᛋ,244
dra'd,98,0,ᛞᚱᚪᛞ,286
cnc'd,98,0,ᚳᚾᚳᛞ,144
cmu't,98,0,ᚳᛗᚢᛏ,146
bii'd,98,0,ᛒᛁᛁᛞ,212
bid'th,98,0,ᛒᛁᛞᚦ,186
yes't,97,0,ᚣᛖᛋᛏ,282
whc'n,97,0,ᚹᚻᚳᚾ,84
vel'd,97,0,ᚢᛖᛚᛞ,232
tnn'd,97,0,ᛏᚾᚾᛞ,206
spn'n,97,0,ᛋᛈᚾᚾ,154
piov'd,97,0,ᛈᛡᚢᛞ,242
paek'd,97,0,ᛈᚫᚳᛞ,246
orp'n,97,0,ᚩᚱᛈᚾ,90
low'th,97,0,ᛚᚩᚹᚦ,104
long'th,97,0,ᛚᚩᛝᚦ,164
lem'd,97,0,ᛚᛖᛗᛞ,300
kul'd,97,0,ᚳᚢᛚᛞ,178
hnk'd,97,0,ᚻᚾᚳᛞ,154
heg'd,97,0,ᚻᛖᚷᛞ,196
gyb'd,97,0,ᚷᚣᛒᛞ,270
fot't,97,0,ᚠᚩᛏᛏ,127
exc'd,97,0,ᛖᛉᚳᛞ,216
del's,97,0,ᛞᛖᛚᛋ,282
cer't,97,0,ᚳᛖᚱᛏ,150
bew'd,97,0,ᛒᛖᚹᛞ,236
asg'n,97,0,ᚪᛋᚷᚾ,196
amd'd,97,0,ᚪᛗᛞᛞ,346
ada's,97,0,ᚪᛞᚪᛋ,336
vun't,96,0,ᚢᚢᚾᛏ,94
trv'd,96,0,ᛏᚱᚢᛞ,162
tov'd,96,0,ᛏᚩᚢᛞ,158
tear's,96,0,ᛏᛠᚱᛋ,232
snn'n,96,0,ᛋᚾᚾᚾ,140
pra'd,96,0,ᛈᚱᚪᛞ,240
pie'n,96,0,ᛈᛁᛖᚾ,170
onl'd,96,0,ᚩᚾᛚᛞ,198
lha't,96,0,ᛚᚻᚪᛏ,252
jam's,96,0,ᛂᚪᛗᛋ,258
hean'n,96,0,ᚻᛠᚾᚾ,190
gee't,96,0,ᚷᛖᛖᛏ,210
egb't,96,0,ᛖᚷᛒᛏ,204
bel's,96,0,ᛒᛖᛚᛋ,254
bel'n,96,0,ᛒᛖᛚᚾ,230
bad'd,96,0,ᛒᚪᛞᛞ,336
agm'n,96,0,ᚪᚷᛗᚾ,214
yoa'd,95,0,ᚣᚩᚪᛞ,296
trn'n,95,0,ᛏᚱᚾᚾ,128
tot'n,95,0,ᛏᚩᛏᚾ,154
spa'th,95,0,ᛋᛈᚪᚦ,198
skz'n,95,0,ᛋᚳᛋᚾ,148
shea's,95,0,ᛋᚻᛠᛋ,238
pri'd,95,0,ᛈᚱᛁᛞ,174
orb't,95,0,ᚩᚱᛒᛏ,138
nap'd,95,0,ᚾᚪᛈᛞ,258
kan'd,95,0,ᚳᚪᚾᛞ,228
iis'd,95,0,ᛁᛁᛋᛞ,204
fling'd,95,0,ᚠᛚᛝᛞ,243
fat'd,95,0,ᚠᚪᛏᛞ,247
edu'n,95,0,ᛖᛞᚢᚾ,188
dma'd,95,0,ᛞᛗᚪᛞ,346
axe'n,95,0,ᚪᛉᛖᚾ,240
aus'n,95,0,ᚪᚢᛋᚾ,182
zoo'd,94,0,ᛋᚩᚩᛞ,156
rit't,94,0,ᚱᛁᛏᛏ,160
rfp's,94,0,ᚱᚠᛈᛋ,109
qod't,94,0,ᚳᚩᛞᛏ,168
npo'n,94,0,ᚾᛈᚩᚾ,108
nme's,94,0,ᚾᛗᛖᛋ,220
ner's,94,0,ᚾᛖᚱᛋ,160
nei'd,94,0,ᚾᛖᛁᛞ,216
mir'n,94,0,ᛗᛁᚱᚾ,142
liu's,94,0,ᛚᛁᚢᛋ,160
ivy's,94,0,ᛁᚢᚣᛋ,190
hei't,94,0,ᚻᛖᛁᛏ,180
fha't,94,0,ᚠᚻᚪᛏ,181
dow's,94,0,ᛞᚩᚹᛋ,168
dov't,94,0,ᛞᚩᚢᛏ,158
cpu's,94,0,ᚳᛈᚢᛋ,112
cdc's,94,0,ᚳᛞᚳᛋ,168
biu'n,94,0,ᛒᛁᚢᚾ,124
ary's,94,0,ᚪᚱᚣᛋ,264
uir'd,93,0,ᚢᛁᚱᛞ,134
ther's,93,0,ᚦᛖᚱᛋ,136
sion't,93,0,ᛋᛡᚾᛏ,248
oul'd,93,0,ᚩᚢᛚᛞ,172
otl't,93,0,ᚩᛏᛚᛏ,198
oil't,93,0,ᚩᛁᛚᛏ,170
neu's,93,0,ᚾᛖᚢᛋ,152
net'd,93,0,ᚾᛖᛏᛞ,244
liang'd,93,0,ᛚᛡᛝᛞ,348
lep't,93,0,ᛚᛖᛈᛏ,242
ire'd,93,0,ᛁᚱᛖᛞ,198
exa't,93,0,ᛖᛉᚪᛏ,270
doem'd,93,0,ᛞᛟᛗᛞ,332
dik'd,93,0,ᛞᛁᚳᛞ,222
dew't,93,0,ᛞᛖᚹᛏ,234
clo'd,93,0,ᚳᛚᚩᛞ,182
ajk'd,93,0,ᚪᛂᚳᛞ,236
tod'd,92,0,ᛏᚩᛞᛞ,244
thef't,92,0,ᚦᛖᚠᛏ,133
sut't,92,0,ᛋᚢᛏᛏ,174
ren's,92,0,ᚱᛖᚾᛋ,160
ioon't,92,0,ᛡᚩᚾᛏ,202
igh't,92,0,ᛁᚷᚻᛏ,130
geal'd,92,0,ᚷᛠᛚᛞ,288
fai'th,92,0,ᚠᚪᛁᚦ,135
dui't,92,0,ᛞᚢᛁᛏ,182
dix's,92,0,ᛞᛁᛉᛋ,220
zer't,91,0,ᛋᛖᚱᛏ,190
wit'd,91,0,ᚹᛁᛏᛞ,198
sus'd,91,0,ᛋᚢᛋᛞ,198
suc'd,91,0,ᛋᚢᚳᛞ,158
spb't,91,0,ᛋᛈᛒᛏ,216
soz't,91,0,ᛋᚩᛋᛏ,172
sod'n,91,0,ᛋᚩᛞᚾ,178
sms'd,91,0,ᛋᛗᛋᛞ,266
sii'd,91,0,ᛋᛁᛁᛞ,204
ree'n,91,0,ᚱᛖᛖᚾ,174
pis'n,91,0,ᛈᛁᛋᚾ,156
owe'n,91,0,ᚩᚹᛖᚾ,122
oln's,91,0,ᚩᛚᚾᛋ,162
ole's,91,0,ᚩᛚᛖᛋ,200
lej't,91,0,ᛚᛖᛂᛏ,236
kik't,91,0,ᚳᛁᚳᛏ,116
keg'd,91,0,ᚳᛖᚷᛞ,186
joi'd,91,0,ᛂᚩᛁᛞ,164
gou't,91,0,ᚷᚩᚢᛏ,86
fyw'n,91,0,ᚠᚣᚹᚾ,153
fcd'n,91,0,ᚠᚳᛞᚾ,133
equ'n,91,0,ᛖᚳᚹᚾ,128
eig'n,91,0,ᛖᛁᚷᚾ,144
dyn't,91,0,ᛞᚣᚾᛏ,280
drm'd,91,0,ᛞᚱᛗᛞ,260
dod's,91,0,ᛞᚩᛞᛋ,238
urr'd,90,0,ᚢᚱᚱᛞ,114
tii'th,90,0,ᛏᛁᛁᚦ,126
tee'n,90,0,ᛏᛖᛖᚾ,222
phe'd,90,0,ᛈᚻᛖᛞ,222
ook's,90,0,ᚩᚩᚳᛋ,80
nat's,90,0,ᚾᚪᛏᛋ,238
mos's,90,0,ᛗᚩᛋᛋ,184
liq'd,90,0,ᛚᛁᚳᛞ,206
kias'd,90,0,ᚳᛡᛋᛞ,262
jou'n,90,0,ᛂᚩᚢᚾ,76
ieav'd,90,0,ᛁᛠᚢᛞ,232
hil'd,90,0,ᚻᛁᛚᛞ,216
boj'd,90,0,ᛒᚩᛂᛞ,194
bit's,90,0,ᛒᛁᛏᛋ,204
vic't,89,0,ᚢᛁᚳᛏ,106
upp'd,89,0,ᚢᛈᛈᛞ,178
tot't,89,0,ᛏᚩᛏᛏ,184
spe't,89,0,ᛋᛈᛖᛏ,222
rii't,89,0,ᚱᛁᛁᛏ,132
ont'n,89,0,ᚩᚾᛏᚾ,124
ngto'n,89,0,ᛝᛏᚩᚾ,174
nes't,89,0,ᚾᛖᛋᛏ,208
jed'd,89,0,ᛂᛖᛞᛞ,282
fif't,89,0,ᚠᛁᚠᛏ,94
end'n,89,0,ᛖᚾᛞᚾ,214
duw'n,89,0,ᛞᚢᚹᚾ,140
bul'd,89,0,ᛒᚢᛚᛞ,226
bep'n,89,0,ᛒᛖᛈᚾ,200
arz't,89,0,ᚪᚱᛋᛏ,220
arr'n,89,0,ᚪᚱᚱᚾ,148
wol'th,88,0,ᚹᚩᛚᚦ,104
twx'd,88,0,ᛏᚹᛉᛞ,214
tna't,88,0,ᛏᚾᚪᛏ,244
tac'd,88,0,ᛏᚪᚳᛞ,258
sis't,88,0,ᛋᛁᛋᛏ,196
luc's,88,0,ᛚᚢᚳᛋ,142
lob'd,88,0,ᛚᚩᛒᛞ,230
kil'n,88,0,ᚳᛁᛚᚾ,146
kih'd,88,0,ᚳᛁᚻᛞ,156
fru'n,88,0,ᚠᚱᚢᚾ,45
eiv'd,88,0,ᛖᛁᚢᛞ,190
ctio'n,88,0,ᚳᛏᛡᚾ,208
bct'n,88,0,ᛒᚳᛏᚾ,162
bang'n,88,0,ᛒᚪᛝᚾ,266
ady's,88,0,ᚪᛞᚣᛋ,342
aas'd,88,0,ᚪᚪᛋᛞ,336
xlv'th,87,0,ᛉᛚᚢᚦ,128
weat'n,87,0,ᚹᛠᛏᚾ,216
weam'd,87,0,ᚹᛠᛗᛞ,288
taz't,87,0,ᛏᚪᛋᛏ,268
std's,87,0,ᛋᛏᛞᛋ,254
opp'd,87,0,ᚩᛈᛈᛞ,182
noo'n,87,0,ᚾᚩᚩᚾ,72
moth'd,87,0,ᛗᚩᚦᛞ,172
maw'n,87,0,ᛗᚪᚹᚾ,216
lin'th,87,0,ᛚᛁᚾᚦ,138
kit'd,87,0,ᚳᛁᛏᛞ,192
iit'th,87,0,ᛁᛁᛏᚦ,126
iago's,87,0,ᛡᚷᚩᛋ,184
hah't,87,0,ᚻᚪᚻᛏ,202
gol't,87,0,ᚷᚩᛚᛏ,156
fdr's,87,0,ᚠᛞᚱᛋ,155
eary's,87,0,ᛠᚱᚣᛋ,276
earv'd,87,0,ᛠᚱᚢᛞ,212
both'n,87,0,ᛒᚩᚦᚾ,102
asu't,87,0,ᚪᛋᚢᛏ,212
ajs'd,87,0,ᚪᛂᛋᛞ,276
afi't,87,0,ᚪᚠᛁᛏ,189
wak'n,86,0,ᚹᚪᚳᚾ,158
vah'd,86,0,ᚢᚪᚻᛞ,212
saz'd,86,0,ᛋᚪᛋᛞ,292
rvs'd,86,0,ᚱᚢᛋᛞ,156
ram'n,86,0,ᚱᚪᛗᚾ,208
opn't,86,0,ᚩᛈᚾᛏ,138
nen't,86,0,ᚾᛖᚾᛏ,184
hro't,86,0,ᚻᚱᚩᛏ,100
got's,86,0,ᚷᚩᛏᛋ,136
gil's,86,0,ᚷᛁᛚᛋ,174
gey's,86,0,ᚷᛖᚣᛋ,240
gan'n,86,0,ᚷᚪᚾᚾ,172
gaia'd,86,0,ᚷᚪᛡᛞ,310
etl't,86,0,ᛖᛏᛚᛏ,258
eff't,86,0,ᛖᚠᚠᛏ,130
eain't,86,0,ᛠᛁᚾᛏ,228
dil'n,86,0,ᛞᛁᛚᚾ,222
dai'n,86,0,ᛞᚪᛁᚾ,246
ciy'd,86,0,ᚳᛁᚣᛞ,236
ata'n,86,0,ᚪᛏᚪᚾ,282
wai'n,85,0,ᚹᚪᛁᚾ,176
tss'n,85,0,ᛏᛋᛋᚾ,194
rpg'd,85,0,ᚱᛈᚷᛞ,160
rog't,85,0,ᚱᚩᚷᛏ,94
rez'n,85,0,ᚱᛖᛋᚾ,160
rch'd,85,0,ᚱᚳᚻᛞ,136
pun'd,85,0,ᛈᚢᚾᛞ,164
oue's,85,0,ᚩᚢᛖᛋ,130
ofy'th,85,0,ᚩᚠᚣᚦ,117
oau't,85,0,ᚩᚪᚢᛏ,166
lip's,85,0,ᛚᛁᛈᛋ,200
keav'n,85,0,ᚳᛠᚢᚾ,154
ist'n,85,0,ᛁᛋᛏᚾ,172
iir'd,85,0,ᛁᛁᚱᛞ,162
ifn't,85,0,ᛁᚠᚾᛏ,121
hiv'n,85,0,ᚻᛁᚢᚾ,86
heath'd,85,0,ᚻᛠᚦᛞ,226
giy'n,85,0,ᚷᛁᚣᚾ,180
gid'n,85,0,ᚷᛁᛞᚾ,166
fik'd,85,0,ᚠᛁᚳᛞ,135
eara'd,85,0,ᛠᚱᚪᛞ,306
dai'd,85,0,ᛞᚪᛁᛞ,306
daa't,85,0,ᛞᚪᚪᛏ,342
cil'd,85,0,ᚳᛁᛚᛞ,206
cer'd,85,0,ᚳᛖᚱᛞ,180
bag's,85,0,ᛒᚪᚷᛋ,228
apc's,85,0,ᚪᛈᚳᛋ,206
aai't,85,0,ᚪᚪᛁᛏ,284
wiu't,84,0,ᚹᛁᚢᛏ,112
umm'd,84,0,ᚢᛗᛗᛞ,234
uion't,84,0,ᚢᛡᚾᛏ,198
two't,84,0,ᛏᚹᚩᛏ,144
thar'n,84,0,ᚦᚪᚱᚾ,142
ska'd,84,0,ᛋᚳᚪᛞ,252
oun't,84,0,ᚩᚢᚾᛏ,98
oti't,84,0,ᚩᛏᛁᛏ,156
ncc't,84,0,ᚾᚳᚳᛏ,114
leok'd,84,0,ᛚᛇᚳᛞ,216
leam't,84,0,ᛚᛠᛗᛏ,312
lak'd,84,0,ᛚᚪᚳᛞ,272
kip's,84,0,ᚳᛁᛈᛋ,140
joi'n,84,0,ᛂᚩᛁᚾ,104
iorm'd,84,0,ᛡᚱᛗᛞ,278
iask'd,84,0,ᛡᛋᚳᛞ,262
iash'd,84,0,ᛡᛋᚻᛞ,272
hom's,84,0,ᚻᚩᛗᛋ,154
gom'n,84,0,ᚷᚩᛗᚾ,124
gav'd,84,0,ᚷᚪᚢᛞ,206
ena'd,84,0,ᛖᚾᚪᛞ,282
daen't,84,0,ᛞᚫᚾᛏ,278
big'd,84,0,ᛒᛁᚷᛞ,198
ayz'n,84,0,ᚪᚣᛋᚾ,282
yay'd,83,0,ᚣᚪᚣᛞ,392
wes'd,83,0,ᚹᛖᛋᛞ,228
viow'd,83,0,ᚢᛡᚹᛞ,218
tlt't,83,0,ᛏᛚᛏᛏ,250
tel's,83,0,ᛏᛖᛚᛋ,252
suo't,83,0,ᛋᚢᚩᛏ,122
siu't,83,0,ᛋᛁᚢᛏ,146
rip's,83,0,ᚱᛁᛈᛋ,138
pre'n,83,0,ᛈᚱᛖᚾ,150
mam'th,83,0,ᛗᚪᛗᚦ,244
kat'n,83,0,ᚳᚪᛏᚾ,198
jee'd,83,0,ᛂᛖᛖᛞ,260
irs't,83,0,ᛁᚱᛋᛏ,154
ina'n,83,0,ᛁᚾᚪᚾ,186
iev'd,83,0,ᛁᛖᚢᛞ,190
goi'n,83,0,ᚷᚩᛁᚾ,84
fec'd,83,0,ᚠᛖᚳᛞ,171
ell't,83,0,ᛖᛚᛚᛏ,272
duu't,83,0,ᛞᚢᚢᛏ,154
cox'd,83,0,ᚳᚩᛉᛞ,156
btu'n,83,0,ᛒᛏᚢᚾ,152
bom'n,83,0,ᛒᚩᛗᚾ,168
beau's,83,0,ᛒᛠᚢᛋ,226
awn't,83,0,ᚪᚹᚾᛏ,204
aleo's,83,0,ᚪᛚᛇᛋ,264
ail't,83,0,ᚪᛁᛚᛏ,260
acl'd,83,0,ᚪᚳᛚᛞ,272
tre't,82,0,ᛏᚱᛖᛏ,196
plae't,82,0,ᛈᛚᚫᛏ,276
pla'd,82,0,ᛈᛚᚪᛞ,302
piu'd,82,0,ᛈᛁᚢᛞ,166
ningu'n,82,0,ᚾᛝᚢᚾ,140
mang'd,82,0,ᛗᚪᛝᛞ,336
lvz'th,82,0,ᛚᚢᛋᚦ,134
luc'd,82,0,ᛚᚢᚳᛞ,178
llb'n,82,0,ᛚᛚᛒᚾ,236
lii'n,82,0,ᛚᛁᛁᚾ,164
liam'd,82,0,ᛚᛡᛗᛞ,340
les'd,82,0,ᛚᛖᛋᛞ,282
leg's,82,0,ᛚᛖᚷᛋ,210
laf't,82,0,ᛚᚪᚠᛏ,231
kow'd,82,0,ᚳᚩᚹᛞ,128
jie'd,82,0,ᛂᛁᛖᛞ,224
iean't,82,0,ᛁᛠᚾᛏ,228
hung't,82,0,ᚻᚢᛝᛏ,164
hax'n,82,0,ᚻᚪᛉᚾ,196
gon'd,82,0,ᚷᚩᚾᛞ,142
gem's,82,0,ᚷᛖᛗᛋ,208
gas'n,82,0,ᚷᚪᛋᚾ,196
fli'd,82,0,ᚠᛚᛁᛞ,195
fim'd,82,0,ᚠᛁᛗᛞ,193
fay's,82,0,ᚠᚪᚣᛋ,255
ealm'd,82,0,ᛠᛚᛗᛞ,342
cpu'd,82,0,ᚳᛈᚢᛞ,148
cho'd,82,0,ᚳᚻᚩᛞ,132
cdg'd,82,0,ᚳᛞᚷᛞ,208
but's,82,0,ᛒᚢᛏᛋ,176
ard's,82,0,ᚪᚱᛞᛋ,250
wong's,81,0,ᚹᚩᛝᛋ,158
wau't,81,0,ᚹᚪᚢᛏ,178
tiv'd,81,0,ᛏᛁᚢᛞ,182
tit'n,81,0,ᛏᛁᛏᚾ,178
tit'd,81,0,ᛏᛁᛏᛞ,238
sti'n,81,0,ᛋᛏᛁᚾ,172
rin't,81,0,ᚱᛁᚾᛏ,130
pym's,81,0,ᛈᚣᛗᛋ,270
msh'd,81,0,ᛗᛋᚻᛞ,236
ire'n,81,0,ᛁᚱᛖᚾ,138
hud's,81,0,ᚻᚢᛞᛋ,168
fin's,81,0,ᚠᛁᚾᛋ,115
erb's,81,0,ᛖᚱᛒᛋ,192
der's,81,0,ᛞᛖᚱᛋ,220
bul't,81,0,ᛒᚢᛚᛏ,196
athn't,81,0,ᚪᚦᚾᛏ,190
ait'n,81,0,ᚪᛁᛏᚾ,216
abs'd,81,0,ᚪᛒᛋᛞ,300
wis'd,80,0,ᚹᛁᛋᛞ,192
tor's,80,0,ᛏᚩᚱᛋ,130
tah's,80,0,ᛏᚪᚻᛋ,232
rrv'd,80,0,ᚱᚱᚢᛞ,114
psa's,80,0,ᛈᛋᚪᛋ,246
pdr'd,80,0,ᛈᛞᚱᛞ,232
pag'd,80,0,ᛈᚪᚷᛞ,246
ofb't,80,0,ᚩᚠᛒᛏ,129
oeas'd,80,0,ᛟᚪᛋᛞ,322
oco'n,80,0,ᚩᚳᚩᚾ,56
nab's,80,0,ᚾᚪᛒᛋ,240
kyb'd,80,0,ᚳᚣᛒᛞ,266
hep't,80,0,ᚻᛖᛈᛏ,192
going's,80,0,ᚷᚩᛝᛋ,156
fin'th,80,0,ᚠᛁᚾᚦ,67
dre'n,80,0,ᛞᚱᛖᚾ,196
doth'd,80,0,ᛞᚩᚦᛞ,190
dif't,80,0,ᛞᛁᚠᛏ,181
ctn't,80,0,ᚳᛏᚾᛏ,160
cnr'd,80,0,ᚳᚾᚱᛞ,142
cis'd,80,0,ᚳᛁᛋᛞ,186
boo'th,80,0,ᛒᚩᚩᚦ,80
beav'd,80,0,ᛒᛠᚢᛞ,262
ate'd,80,0,ᚪᛏᛖᛞ,312
anu'd,80,0,ᚪᚾᚢᛞ,218
ach't,80,0,ᚪᚳᚻᛏ,192
weap'n,79,0,ᚹᛠᛈᚾ,200
vez'd,79,0,ᚢᛖᛋᛞ,212
tne'd,79,0,ᛏᚾᛖᛞ,244
sin'n,79,0,ᛋᛁᚾᚾ,142
per's,79,0,ᛈᛖᚱᛋ,174
oug't,79,0,ᚩᚢᚷᛏ,86
not's,79,0,ᚾᚩᛏᛋ,148
nkv'd,79,0,ᚾᚳᚢᛞ,134
nal't,79,0,ᚾᚪᛚᛏ,258
lys's,79,0,ᛚᚣᛋᛋ,282
liv'th,79,0,ᛚᛁᚢᚦ,112
lii'th,79,0,ᛚᛁᛁᚦ,140
kal'd,79,0,ᚳᚪᛚᛞ,272
gem't,79,0,ᚷᛖᛗᛏ,214
gai'n,79,0,ᚷᚪᛁᚾ,174
fao'd,79,0,ᚠᚪᚩᛞ,195
eool'd,79,0,ᛇᚩᛚᛞ,210
ene'd,79,0,ᛖᚾᛖᛞ,252
aso'n,79,0,ᚪᛋᚩᚾ,186
wqn't,78,0,ᚹᚳᚾᛏ,120
whe't,78,0,ᚹᚻᛖᛏ,168
vtn'th,78,0,ᚢᛏᚾᚦ,96
vsn'th,78,0,ᚢᛋᚾᚦ,90
six't,78,0,ᛋᛁᛉᛏ,190
siv'd,78,0,ᛋᛁᚢᛞ,176
rog'd,78,0,ᚱᚩᚷᛞ,124
rna'n,78,0,ᚱᚾᚪᚾ,166
orth'd,78,0,ᚩᚱᚦᛞ,112
nss't,78,0,ᚾᛋᛋᛏ,194
hos't,78,0,ᚻᚩᛋᛏ,142
get'd,78,0,ᚷᛖᛏᛞ,232
fec't,78,0,ᚠᛖᚳᛏ,141
fda's,78,0,ᚠᛞᚪᛋ,241
ehe'd,78,0,ᛖᚻᛖᛞ,246
diz'n,78,0,ᛞᛁᛋᚾ,202
bah't,78,0,ᛒᚪᚻᛏ,240
aum's,78,0,ᚪᚢᛗᛋ,224
arc't,78,0,ᚪᚱᚳᛏ,180
age'n,78,0,ᚪᚷᛖᚾ,210
wol'n,77,0,ᚹᚩᛚᚾ,128
sim't,77,0,ᛋᛁᛗᛏ,214
rnn't,77,0,ᚱᚾᚾᛏ,128
nul's,77,0,ᚾᚢᛚᛋ,158
max'n,77,0,ᛗᚪᛉᚾ,244
loew't,77,0,ᛚᛟᚹᛏ,234
jec't,77,0,ᛂᛖᚳᛏ,176
irm'n,77,0,ᛁᚱᛗᚾ,142
iit't,77,0,ᛁᛁᛏᛏ,180
heu'n,77,0,ᚻᛖᚢᚾ,122
fre'n,77,0,ᚠᚱᛖᚾ,109
eck'd,77,0,ᛖᚳᚳᛞ,182
cnf'd,77,0,ᚳᚾᚠᛞ,133
cla'd,77,0,ᚳᛚᚪᛞ,272
bru'd,77,0,ᛒᚱᚢᛞ,164
atk'd,77,0,ᚪᛏᚳᛞ,258
weal'd,76,0,ᚹᛠᛚᛞ,290
tuf't,76,0,ᛏᚢᚠᛏ,123
smi'd,76,0,ᛋᛗᛁᛞ,244
sii't,76,0,ᛋᛁᛁᛏ,174
rpt'd,76,0,ᚱᛈᛏᛞ,202
rle'd,76,0,ᚱᛚᛖᛞ,240
qum'n,76,0,ᚳᚹᛗᚾ,132
phd'd,76,0,ᛈᚻᛞᛞ,244
own's,76,0,ᚩᚹᚾᛋ,108
oii'n,76,0,ᚩᛁᛁᚾ,98
nom't,76,0,ᚾᚩᛗᛏ,166
mex'n,76,0,ᛗᛖᛉᚾ,214
lew'n,76,0,ᛚᛖᚹᚾ,188
ima'n,76,0,ᛁᛗᚪᚾ,228
iil't,76,0,ᛁᛁᛚᛏ,194
hsa's,76,0,ᚻᛋᚪᛋ,226
hoi'd,76,0,ᚻᚩᛁᛞ,150
hiu'd,76,0,ᚻᛁᚢᛞ,146
goi'd,76,0,ᚷᚩᛁᛞ,144
ftr'd,76,0,ᚠᛏᚱᛞ,161
fry'n,76,0,ᚠᚱᚣᚾ,145
fiu'th,76,0,ᚠᛁᚢᚦ,41
evn't,76,0,ᛖᚢᚾᛏ,158
dly'd,76,0,ᛞᛚᚣᛞ,354
ddh't,76,0,ᛞᛞᚻᛏ,260
dce'd,76,0,ᛞᚳᛖᛞ,258
cmt'd,76,0,ᚳᛗᛏᛞ,232
bis'n,76,0,ᛒᛁᛋᚾ,174
bii'th,76,0,ᛒᛁᛁᚦ,128
bce'n,76,0,ᛒᚳᛖᚾ,170
zai'd,75,0,ᛋᚪᛁᛞ,270
ynu'd,75,0,ᚣᚾᚢᛞ,224
vip'd,75,0,ᚢᛁᛈᛞ,166
ure't,75,0,ᚢᚱᛖᛏ,140
them's,75,0,ᚦᛖᛗᛋ,196
thel't,75,0,ᚦᛖᛚᛏ,204
ten'th,75,0,ᛏᛖᚾᚦ,160
ssm'n,75,0,ᛋᛋᛗᚾ,206
sop'd,75,0,ᛋᚩᛈᛞ,192
rtm'd,75,0,ᚱᛏᛗᛞ,230
pvo's,75,0,ᛈᚢᚩᛋ,106
preo't,75,0,ᛈᚱᛇᛏ,154
outh's,75,0,ᚩᚢᚦᛋ,68
onn't,75,0,ᚩᚾᚾᛏ,124
ojk'n,75,0,ᚩᛂᚳᚾ,86
niz'd,75,0,ᚾᛁᛋᛞ,202
leai't,75,0,ᛚᛠᛁᛏ,272
jag'd,75,0,ᛂᚪᚷᛞ,240
ipp'd,75,0,ᛁᛈᛈᛞ,206
ine't,75,0,ᛁᚾᛖᛏ,186
het'n,75,0,ᚻᛖᛏᚾ,178
gre'n,75,0,ᚷᚱᛖᚾ,124
gau't,75,0,ᚷᚪᚢᛏ,176
esl'd,75,0,ᛖᛋᛚᛞ,282
ern't,75,0,ᛖᚱᚾᛏ,166
ely's,75,0,ᛖᛚᚣᛋ,296
dyu'd,75,0,ᛞᚣᚢᛞ,284
dil't,75,0,ᛞᛁᛚᛏ,252
dang't,75,0,ᛞᚪᛝᛏ,324
cur'n,75,0,ᚳᚢᚱᚾ,56
alj's,75,0,ᚪᛚᛂᛋ,260
air'n,75,0,ᚪᛁᚱᚾ,168
ags'n,75,0,ᚪᚷᛋᚾ,196
yoh'd,74,0,ᚣᚩᚻᛞ,222
wel'd,74,0,ᚹᛖᛚᛞ,248
urs'd,74,0,ᚢᚱᛋᛞ,156
tra'd,74,0,ᛏᚱᚪᛞ,256
spae'd,74,0,ᛋᛈᚫᛞ,286
soth'n,74,0,ᛋᚩᚦᚾ,94
rao's,74,0,ᚱᚪᚩᛋ,168
paz'd,74,0,ᛈᚪᛋᛞ,282
osn't,74,0,ᚩᛋᚾᛏ,148
lof't,74,0,ᛚᚩᚠᛏ,141
lnl'd,74,0,ᛚᚾᛚᛞ,264
lai'n,74,0,ᛚᚪᛁᚾ,230
kiog's,74,0,ᚳᛡᚷᛋ,190
jdn't,74,0,ᛂᛞᚾᛏ,214
iri't,74,0,ᛁᚱᛁᛏ,132
iamb's,74,0,ᛡᛗᛒᛋ,292
hut'n,74,0,ᚻᚢᛏᚾ,114
get't,74,0,ᚷᛖᛏᛏ,202
frx'd,74,0,ᚠᚱᛉᛞ,149
cal'n,74,0,ᚳᚪᛚᚾ,212
bel'd,74,0,ᛒᛖᛚᛞ,290
ayr'd,74,0,ᚪᚣᚱᛞ,300
aff'n,74,0,ᚪᚠᚠᚾ,130
wat's,73,0,ᚹᚪᛏᛋ,228
vion't,73,0,ᚢᛡᚾᛏ,198
vim't,73,0,ᚢᛁᛗᛏ,164
tli't,73,0,ᛏᛚᛁᛏ,222
tiy'd,73,0,ᛏᛁᚣᛞ,282
sic's,73,0,ᛋᛁᚳᛋ,150
sex'n,73,0,ᛋᛖᛉᚾ,196
rie'd,73,0,ᚱᛁᛖᛞ,198
ral'd,73,0,ᚱᚪᛚᛞ,270
pit'd,73,0,ᛈᛁᛏᛞ,222
pas'n,73,0,ᛈᚪᛋᚾ,222
noy'd,73,0,ᚾᚩᚣᛞ,228
neb'd,73,0,ᚾᛖᛒᛞ,246
mit'h,73,0,ᛗᛁᛏᚻ,184
lay's,73,0,ᛚᚪᚣᛋ,326
ioath'd,73,0,ᛡᚪᚦᛞ,298
ibm'd,73,0,ᛁᛒᛗᛞ,252
exh'n,73,0,ᛖᛉᚻᚾ,166
eet'd,73,0,ᛖᛖᛏᛞ,282
dsp't,73,0,ᛞᛋᛈᛏ,244
bay'n,73,0,ᛒᚪᚣᚾ,290
bam'n,73,0,ᛒᚪᛗᚾ,258
atm'd,73,0,ᚪᛏᛗᛞ,316
tye'd,72,0,ᛏᚣᛖᛞ,318
this's,72,0,ᚦᛁᛋᛋ,142
rab'd,72,0,ᚱᚪᛒᛞ,258
noel's,72,0,ᚾᛟᛚᛋ,238
naw'd,72,0,ᚾᚪᚹᛞ,234
mso's,72,0,ᛗᛋᚩᛋ,184
lha's,72,0,ᛚᚻᚪᛋ,246
ixt'n,72,0,ᛁᛉᛏᚾ,166
ivi'd,72,0,ᛁᚢᛁᛞ,154
hic'n,72,0,ᚻᛁᚳᚾ,96
fun's,72,0,ᚠᚢᚾᛋ,87
fui't,72,0,ᚠᚢᛁᛏ,95
fam't,72,0,ᚠᚪᛗᛏ,229
dtn't,72,0,ᛞᛏᚾᛏ,236
dar'n,72,0,ᛞᚪᚱᚾ,226
cre'd,72,0,ᚳᚱᛖᛞ,180
cln't,72,0,ᚳᛚᚾᛏ,174
bub'n,72,0,ᛒᚢᛒᚾ,154
box't,72,0,ᛒᚩᛉᛏ,174
aye'd,72,0,ᚪᚣᛖᛞ,356
ast'd,72,0,ᚪᛋᛏᛞ,298
acn'd,72,0,ᚪᚳᚾᛞ,228
yeai's,71,0,ᚣᛠᛁᛋ,296
wnn'n,71,0,ᚹᚾᚾᚾ,106
sto'n,71,0,ᛋᛏᚩᚾ,148
pll't,71,0,ᛈᛚᛚᛏ,248
pii'd,71,0,ᛈᛁᛁᛞ,194
pec'd,71,0,ᛈᛖᚳᛞ,212
pal's,71,0,ᛈᚪᛚᛋ,266
nez't,71,0,ᚾᛖᛋᛏ,208
nen's,71,0,ᚾᛖᚾᛋ,178
lez't,71,0,ᛚᛖᛋᛏ,252
jap'n,71,0,ᛂᚪᛈᚾ,206
fum'th,71,0,ᚠᚢᛗᚦ,81
fet's,71,0,ᚠᛖᛏᛋ,181
ebb's,71,0,ᛖᛒᛒᛋ,242
eale's,71,0,ᛠᛚᛖᛋ,302
eake's,71,0,ᛠᚳᛖᛋ,242
dal'd,71,0,ᛞᚪᛚᛞ,348
cleo'd,71,0,ᚳᛚᛇᛞ,216
bul'n,71,0,ᛒᚢᛚᚾ,166
whn't,70,0,ᚹᚻᚾᛏ,130
viz'd,70,0,ᚢᛁᛋᛞ,176
upn't,70,0,ᚢᛈᚾᛏ,134
tua'n,70,0,ᛏᚢᚪᚾ,188
threa'd,70,0,ᚦᚱᛠᛞ,214
ruz't,70,0,ᚱᚢᛋᛏ,126
ref't,70,0,ᚱᛖᚠᛏ,139
reai'd,70,0,ᚱᛠᛁᛞ,240
pam'n,70,0,ᛈᚪᛗᚾ,240
ooo't,70,0,ᚩᚩᚩᛏ,80
nie'n,70,0,ᚾᛁᛖᚾ,156
map'n,70,0,ᛗᚪᛈᚾ,240
lor't,70,0,ᛚᚩᚱᛏ,150
long'n,70,0,ᛚᚩᛝᚾ,188
ler't,70,0,ᛚᛖᚱᛏ,210
ldf'd,70,0,ᛚᛞᚠᛞ,253
laz'n,70,0,ᛚᚪᛋᚾ,252
ktng's,70,0,ᚳᛏᛝᛋ,204
iti'd,70,0,ᛁᛏᛁᛞ,210
ita't,70,0,ᛁᛏᚪᛏ,246
ini'n,70,0,ᛁᚾᛁᚾ,120
hoi't,70,0,ᚻᚩᛁᛏ,120
hay't,70,0,ᚻᚪᚣᛏ,282
gal'n,70,0,ᚷᚪᛚᚾ,216
ere'n,70,0,ᛖᚱᛖᚾ,174
edm'n,70,0,ᛖᛞᛗᚾ,256
doy'd,70,0,ᛞᚩᚣᛞ,288
dll't,70,0,ᛞᛚᛚᛏ,294
blo'd,70,0,ᛒᛚᚩᛞ,230
are'n,70,0,ᚪᚱᛖᚾ,204
ait't,70,0,ᚪᛁᛏᛏ,246
abi't,70,0,ᚪᛒᛁᛏ,248
wul'd,69,0,ᚹᚢᛚᛞ,184
wey'd,69,0,ᚹᛖᚣᛞ,278
tri'th,69,0,ᛏᚱᛁᚦ,106
thon't,69,0,ᚦᚩᚾᛏ,100
sut'n,69,0,ᛋᚢᛏᚾ,144
stea'd,69,0,ᛋᛏᛠᛞ,310
spm'n,69,0,ᛋᛈᛗᚾ,196
rlm'n,69,0,ᚱᛚᛗᚾ,184
rir'd,69,0,ᚱᛁᚱᛞ,142
prt'n,69,0,ᛈᚱᛏᚾ,142
ofu'n,69,0,ᚩᚠᚢᚾ,41
mas's,69,0,ᛗᚪᛋᛋ,274
lot'n,69,0,ᛚᚩᛏᚾ,168
kei't,69,0,ᚳᛖᛁᛏ,170
jev'n,69,0,ᛂᛖᚢᚾ,136
isn't',69,0,ᛁᛋᚾᛏ,172
ioos'd,69,0,ᛡᚩᛋᛞ,256
iear'd,69,0,ᛁᛠᚱᛞ,240
hoo'n,69,0,ᚻᚩᚩᚾ,66
goth'd,69,0,ᚷᚩᚦᛞ,118
gav'n,69,0,ᚷᚪᚢᚾ,146
frm'n,69,0,ᚠᚱᛗᚾ,113
fov'd,69,0,ᚠᚩᚢᛞ,101
flo's,69,0,ᚠᛚᚩᛋ,135
fim't,69,0,ᚠᛁᛗᛏ,163
fbc'd,69,0,ᚠᛒᚳᛞ,165
eqm't,69,0,ᛖᚳᛗᛏ,210
eobb'd,69,0,ᛇᛒᛒᛞ,252
eis's,69,0,ᛖᛁᛋᛋ,204
dhe'd,69,0,ᛞᚻᛖᛞ,268
dal't,69,0,ᛞᚪᛚᛏ,318
anu's,69,0,ᚪᚾᚢᛋ,182
win'n,68,0,ᚹᛁᚾᚾ,108
vrm's,68,0,ᚢᚱᛗᛋ,138
vem'n,68,0,ᚢᛖᛗᚾ,170
usc'd,68,0,ᚢᛋᚳᛞ,158
tou't,68,0,ᛏᚩᚢᛏ,128
tln't,68,0,ᛏᛚᚾᛏ,220
tdn't,68,0,ᛏᛞᚾᛏ,236
sss't,68,0,ᛋᛋᛋᛏ,218
peth'n,68,0,ᛈᛖᚦᚾ,144
myr'd,68,0,ᛗᚣᚱᛞ,274
lli'd,68,0,ᛚᛚᛁᛞ,266
jes't,68,0,ᛂᛖᛋᛏ,216
idd'n,68,0,ᛁᛞᛞᚾ,238
hong'd,68,0,ᚻᚩᛝᛞ,198
fun't,68,0,ᚠᚢᚾᛏ,93
edt'n,68,0,ᛖᛞᛏᚾ,244
eca's,68,0,ᛖᚳᚪᛋ,230
cut'd,68,0,ᚳᚢᛏᛞ,164
cui'd,68,0,ᚳᚢᛁᛞ,136
bir'th,68,0,ᛒᛁᚱᚦ,108
bez't,68,0,ᛒᛖᛋᛏ,240
atv's,68,0,ᚪᛏᚢᛋ,212
atm's,68,0,ᚪᛏᛗᛋ,280
woc's,67,0,ᚹᚩᚳᛋ,92
wii't,67,0,ᚹᛁᛁᛏ,140
whae'd,67,0,ᚹᚻᚫᛞ,232
vii't,67,0,ᚢᛁᛁᛏ,124
vei'd,67,0,ᚢᛖᛁᛞ,190
tub'd,67,0,ᛏᚢᛒᛞ,212
tir't,67,0,ᛏᛁᚱᛏ,160
tiah'd,67,0,ᛏᛡᚻᛞ,278
thet't,67,0,ᚦᛖᛏᛏ,190
tear'n,67,0,ᛏᛠᚱᚾ,208
sings't,67,0,ᛋᛝᛋᛏ,244
shoe's,67,0,ᛋᚻᛟᛋ,212
rta'n,67,0,ᚱᛏᚪᚾ,196
ril'd,67,0,ᚱᛁᛚᛞ,204
que't,67,0,ᚳᚹᛖᛏ,158
pim'd,67,0,ᛈᛁᛗᛞ,234
peop't,67,0,ᛈᛇᛈᛏ,186
ory'd,67,0,ᚩᚱᚣᛞ,210
oil'n,67,0,ᚩᛁᛚᚾ,140
odn't,67,0,ᚩᛞᚾᛏ,184
mom'th,67,0,ᛗᚩᛗᚦ,154
loo's,67,0,ᛚᚩᚩᛋ,140
ink'n,67,0,ᛁᚾᚳᚾ,102
ifl't,67,0,ᛁᚠᛚᛏ,165
iet't,67,0,ᛁᛖᛏᛏ,216
gyu'd,67,0,ᚷᚣᚢᛞ,212
fte'd,67,0,ᚠᛏᛖᛞ,217
flt'th,67,0,ᚠᛚᛏᚦ,139
fir'n,67,0,ᚠᛁᚱᚾ,73
fed's,67,0,ᚠᛖᛞᛋ,211
faa's,67,0,ᚠᚪᚪᛋ,249
eye't,67,0,ᛖᚣᛖᛏ,296
epz't,67,0,ᛖᛈᛋᛏ,222
cnu'd,67,0,ᚳᚾᚢᛞ,134
aww'd,67,0,ᚪᚹᚹᛞ,224
aca'd,67,0,ᚪᚳᚪᛞ,296
wdu'd,66,0,ᚹᛞᚢᛞ,200
toes'd,66,0,ᛏᛟᛋᛞ,284
tii'n,66,0,ᛏᛁᛁᚾ,150
thin'n,66,0,ᚦᛁᚾᚾ,94
shi'd,66,0,ᛋᚻᛁᛞ,196
rpv's,66,0,ᚱᛈᚢᛋ,110
rda's,66,0,ᚱᛞᚪᛋ,250
pzu't,66,0,ᛈᛋᚢᛏ,158
prn't,66,0,ᛈᚱᚾᛏ,142
pas's,66,0,ᛈᚪᛋᛋ,246
oon'd,66,0,ᚩᚩᚾᛞ,132
olf'n,66,0,ᚩᛚᚠᚾ,111
mum'n,66,0,ᛗᚢᛗᚾ,174
mol'd,66,0,ᛗᚩᛚᛞ,240
mil's,66,0,ᛗᛁᛚᛋ,228
lro'n,66,0,ᛚᚱᚩᚾ,120
laz'd,66,0,ᛚᚪᛋᛞ,312
laing's,66,0,ᛚᚪᛝᛋ,302
kew'n,66,0,ᚳᛖᚹᚾ,128
jua'n,66,0,ᛂᚢᚪᚾ,166
joy't,66,0,ᛂᚩᚣᛏ,206
itn'd,66,0,ᛁᛏᚾᛞ,208
inl't,66,0,ᛁᚾᛚᛏ,192
iady's,66,0,ᛡᛞᚣᛋ,352
hii'd,66,0,ᚻᛁᛁᛞ,174
fod'd,66,0,ᚠᚩᛞᛞ,187
eit'd,66,0,ᛖᛁᛏᛞ,246
dhe'v,66,0,ᛞᚻᛖᚢ,182
cios'd,66,0,ᚳᛡᛋᛞ,262
cem'd,66,0,ᚳᛖᛗᛞ,240
bum't,66,0,ᛒᚢᛗᛏ,194
bij't,66,0,ᛒᛁᛂᛏ,188
ack's,66,0,ᚪᚳᚳᛋ,176
abn't,66,0,ᚪᛒᚾᛏ,246
zoey'd,65,0,ᛋᛟᚣᛞ,328
zeb'n,65,0,ᛋᛖᛒᚾ,210
yir'd,65,0,ᚣᛁᚱᛞ,234
wru'd,65,0,ᚹᚱᚢᛞ,122
wom'd,65,0,ᚹᚩᛗᛞ,186
tva's,65,0,ᛏᚢᚪᛋ,212
tui't,65,0,ᛏᚢᛁᛏ,152
thro'd,65,0,ᚦᚱᚩᛞ,112
thom's,65,0,ᚦᚩᛗᛋ,136
thal't,65,0,ᚦᚪᛚᛏ,234
sro's,65,0,ᛋᚱᚩᛋ,124
song's,65,0,ᛋᚩᛝᛋ,192
reu'n,65,0,ᚱᛖᚢᚾ,110
reak'd,65,0,ᚱᛠᚳᛞ,222
pwn'd,65,0,ᛈᚹᚾᛞ,180
orn'd,65,0,ᚩᚱᚾᛞ,136
omb's,65,0,ᚩᛗᛒᛋ,192
nna's,65,0,ᚾᚾᚪᛋ,208
nit'n,65,0,ᚾᛁᛏᚾ,148
nib'd,65,0,ᚾᛁᛒᛞ,210
meal's,65,0,ᛗᛠᛚᛋ,306
lun't,65,0,ᛚᚢᚾᛏ,164
iso't,65,0,ᛁᛋᚩᛏ,150
ine's,65,0,ᛁᚾᛖᛋ,180
ili't,65,0,ᛁᛚᛁᛏ,194
ick's,65,0,ᛁᚳᚳᛋ,110
ice'n,65,0,ᛁᚳᛖᚾ,140
iail'd,65,0,ᛡᛁᛚᛞ,300
hur't,65,0,ᚻᚢᚱᛏ,96
hem'n,65,0,ᚻᛖᛗᚾ,190
gue'n,65,0,ᚷᚢᛖᚾ,116
gor'n,65,0,ᚷᚩᚱᚾ,64
gir'n,65,0,ᚷᛁᚱᚾ,88
gib'n,65,0,ᚷᛁᛒᚾ,138
frc'n,65,0,ᚠᚱᚳᚾ,55
eek't,65,0,ᛖᛖᚳᛏ,206
daa'd,65,0,ᛞᚪᚪᛞ,372
ceu'd,65,0,ᚳᛖᚢᛞ,172
bom't,65,0,ᛒᚩᛗᛏ,198
bear'n,65,0,ᛒᛠᚱᚾ,210
bci'n,65,0,ᛒᚳᛁᚾ,134
apr'd,65,0,ᚪᛈᚱᛞ,240
win's,64,0,ᚹᛁᚾᛋ,132
vou't,64,0,ᚢᚩᚢᛏ,72
umm'n,64,0,ᚢᛗᛗᚾ,174
tul'n,64,0,ᛏᚢᛚᚾ,164
thum'd,64,0,ᚦᚢᛗᛞ,168
tah'n,64,0,ᛏᚪᚻᚾ,208
sto't,64,0,ᛋᛏᚩᛏ,178
ssk'd,64,0,ᛋᛋᚳᛞ,208
sim's,64,0,ᛋᛁᛗᛋ,208
sed'n,64,0,ᛋᛖᛞᚾ,238
pup's,64,0,ᛈᚢᛈᛋ,142
orm's,64,0,ᚩᚱᛗᛋ,142
ore'n,64,0,ᚩᚱᛖᚾ,114
mith'i,64,0,ᛗᛁᚦᛁ,138
mid't,64,0,ᛗᛁᛞᛏ,250
lui's,64,0,ᛚᚢᛁᛋ,160
ker'd,64,0,ᚳᛖᚱᛞ,180
kdt'd,64,0,ᚳᛞᛏᛞ,250
imf's,64,0,ᛁᛗᚠᛋ,157
hoo't,64,0,ᚻᚩᚩᛏ,96
gan'd,64,0,ᚷᚪᚾᛞ,232
fua'd,64,0,ᚠᚢᚪᛞ,191
fen'd,64,0,ᚠᛖᚾᛞ,187
eoin'd,64,0,ᛇᛁᚾᛞ,190
easy't,64,0,ᛠᛋᚣᛏ,324
deom'd,64,0,ᛞᛇᛗᛞ,290
deal'th,64,0,ᛞᛠᛚᚦ,276
bun'n,64,0,ᛒᚢᚾᚾ,122
bri'd,64,0,ᛒᚱᛁᛞ,192
bmw's,64,0,ᛒᛗᚹᛋ,204
aui't,64,0,ᚪᚢᛁᛏ,190
ate'n,64,0,ᚪᛏᛖᚾ,252
ale'd,64,0,ᚪᛚᛖᛞ,326
wis'n,63,0,ᚹᛁᛋᚾ,132
wev'd,63,0,ᚹᛖᚢᛞ,178
toi'n,63,0,ᛏᚩᛁᚾ,126
ther't,63,0,ᚦᛖᚱᛏ,142
then'n,63,0,ᚦᛖᚾᚾ,130
tas't,63,0,ᛏᚪᛋᛏ,268
ske'd,63,0,ᛋᚳᛖᛞ,222
shy't,63,0,ᛋᚻᚣᛏ,238
sew't,63,0,ᛋᛖᚹᛏ,198
san's,63,0,ᛋᚪᚾᛋ,232
rye'd,63,0,ᚱᚣᛖᛞ,270
ream's,63,0,ᚱᛠᛗᛋ,244
pap't,63,0,ᛈᚪᛈᛏ,242
owl'd,63,0,ᚩᚹᛚᛞ,188
nom's,63,0,ᚾᚩᛗᛋ,160
nin'n,63,0,ᚾᛁᚾᚾ,118
may'n,63,0,ᛗᚪᚣᚾ,300
mal's,63,0,ᛗᚪᛚᛋ,294
mag'd,63,0,ᛗᚪᚷᛞ,274
lseo's,63,0,ᛚᛋᛇᛋ,220
liar's,63,0,ᛚᛡᚱᛋ,244
lei'th,63,0,ᛚᛖᛁᚦ,176
lbs'd,63,0,ᛚᛒᛋᛞ,276
lam't,63,0,ᛚᚪᛗᛏ,300
jmu'n,63,0,ᛂᛗᚢᚾ,140
idb's,63,0,ᛁᛞᛒᛋ,234
hung'd,63,0,ᚻᚢᛝᛞ,194
hev't,63,0,ᚻᛖᚢᛏ,152
hag'd,63,0,ᚻᚪᚷᛞ,226
gse's,63,0,ᚷᛋᛖᛋ,190
fut't,63,0,ᚠᚢᛏᛏ,123
fnm'd,63,0,ᚠᚾᛗᛞ,191
eonn'd,63,0,ᛇᚾᚾᛞ,188
engng'd,63,0,ᛖᛝᛝᛞ,314
end's,63,0,ᛖᚾᛞᛋ,238
ell'n,63,0,ᛖᛚᛚᚾ,242
elf's,63,0,ᛖᛚᚠᛋ,195
cob's,63,0,ᚳᚩᛒᛋ,134
cef'n,63,0,ᚳᛖᚠᚾ,111
anu'n,63,0,ᚪᚾᚢᚾ,158
wok'd,62,0,ᚹᚩᚳᛞ,128
wmn't,62,0,ᚹᛗᚾᛏ,178
wll'd,62,0,ᚹᛚᛚᛞ,254
urm'd,62,0,ᚢᚱᛗᛞ,174
uck'd,62,0,ᚢᚳᚳᛞ,118
thii't,62,0,ᚦᛁᛁᛏ,126
sil's,62,0,ᛋᛁᛚᛋ,210
sch'n,62,0,ᛋᚳᚻᚾ,118
sar't,62,0,ᛋᚪᚱᛏ,220
rus'n,62,0,ᚱᚢᛋᚾ,96
ruia'd,62,0,ᚱᚢᛡᛞ,210
rom'd,62,0,ᚱᚩᛗᛞ,178
rbi's,62,0,ᚱᛒᛁᛋ,156
peas'n,62,0,ᛈᛠᛋᚾ,234
ove'n,62,0,ᚩᚢᛖᚾ,106
opc's,62,0,ᚩᛈᚳᛋ,116
oly't,62,0,ᚩᛚᚣᛏ,242
nin'd,62,0,ᚾᛁᚾᛞ,178
nih'd,62,0,ᚾᛁᚻᛞ,172
lig'n,62,0,ᛚᛁᚷᚾ,150
leal'd,62,0,ᛚᛠᛚᛞ,344
kah'n,62,0,ᚳᚪᚻᚾ,162
ive'n,62,0,ᛁᚢᛖᚾ,130
iso'n,62,0,ᛁᛋᚩᚾ,120
isi't,62,0,ᛁᛋᛁᛏ,174
iri'd,62,0,ᛁᚱᛁᛞ,162
imm'd,62,0,ᛁᛗᛗᛞ,262
idea's,62,0,ᛁᛞᛠᛋ,282
ibe'd,62,0,ᛁᛒᛖᛞ,248
hue't,62,0,ᚻᚢᛖᛏ,152
had'd,62,0,ᚻᚪᛞᛞ,298
ger's,62,0,ᚷᛖᚱᛋ,148
gal's,62,0,ᚷᚪᛚᛋ,240
flr't,62,0,ᚠᛚᚱᛏ,145
fcn't,62,0,ᚠᚳᚾᛏ,103
equ't,62,0,ᛖᚳᚹᛏ,158
elf'd,62,0,ᛖᛚᚠᛞ,231
eapn't,62,0,ᛠᛈᚾᛏ,240
dre'd,62,0,ᛞᚱᛖᛞ,256
doq't,62,0,ᛞᚩᚳᛏ,168
dls't,62,0,ᛞᛚᛋᛏ,274
dion's,62,0,ᛞᛡᚾᛋ,278
dey'n,62,0,ᛞᛖᚣᚾ,288
boi'd,62,0,ᛒᚩᛁᛞ,188
bob'n,62,0,ᛒᚩᛒᚾ,158
ber't,62,0,ᛒᛖᚱᛏ,198
aup't,62,0,ᚪᚢᛈᛏ,202
aru'd,62,0,ᚪᚱᚢᛞ,200
ano'n,62,0,ᚪᚾᚩᚾ,162
acn't,62,0,ᚪᚳᚾᛏ,198
yii'd,61,0,ᚣᛁᛁᛞ,254
upw'd,61,0,ᚢᛈᚹᛞ,154
upi'n,61,0,ᚢᛈᛁᚾ,106
tro't,61,0,ᛏᚱᚩᛏ,136
sph't,61,0,ᛋᛈᚻᛏ,178
san'n,61,0,ᛋᚪᚾᚾ,208
ror'n,61,0,ᚱᚩᚱᚾ,58
rex's,61,0,ᚱᛖᛉᛋ,178
pvz't,61,0,ᛈᚢᛋᛏ,158
oll'n,61,0,ᚩᛚᛚᚾ,182
oingt's,61,0,ᚩᛝᛏᛋ,198
liat's,61,0,ᛚᛡᛏᛋ,292
ley't,61,0,ᛚᛖᚣᛏ,302
kel't,61,0,ᚳᛖᛚᛏ,212
ifi's,61,0,ᛁᚠᛁᛋ,117
ifc'th,61,0,ᛁᚠᚳᚦ,51
ica'n,61,0,ᛁᚳᚪᚾ,170
het'd,61,0,ᚻᛖᛏᛞ,238
has'd,61,0,ᚻᚪᛋᛞ,262
guz'd,61,0,ᚷᚢᛋᛞ,162
gur'd,61,0,ᚷᚢᚱᛞ,120
fig't,61,0,ᚠᛁᚷᛏ,109
fai'n,61,0,ᚠᚪᛁᚾ,159
eun't,61,0,ᛖᚢᚾᛏ,158
engi'n,61,0,ᛖᛝᛁᚾ,206
clt'n,61,0,ᚳᛚᛏᚾ,174
ceaa'd,61,0,ᚳᛠᚪᛞ,308
zcz't,60,0,ᛋᚳᛋᛏ,178
wcr'd,60,0,ᚹᚳᚱᛞ,132
vye's,60,0,ᚢᚣᛖᛋ,226
uul's,60,0,ᚢᚢᛚᛋ,132
tre'd,60,0,ᛏᚱᛖᛞ,226
tav'd,60,0,ᛏᚪᚢᛞ,248
tac't,60,0,ᛏᚪᚳᛏ,228
shia't,60,0,ᛋᚻᛡᛏ,242
rug's,60,0,ᚱᚢᚷᛋ,84
rei'n,60,0,ᚱᛖᛁᚾ,138
oun'd,60,0,ᚩᚢᚾᛞ,128
osk'd,60,0,ᚩᛋᚳᛞ,162
ora'n,60,0,ᚩᚱᚪᚾ,144
llm't,60,0,ᛚᛚᛗᛏ,276
kee'n,60,0,ᚳᛖᛖᚾ,176
kar't,60,0,ᚳᚪᚱᛏ,180
itl't,60,0,ᛁᛏᛚᛏ,222
iti't,60,0,ᛁᛏᛁᛏ,180
isa's,60,0,ᛁᛋᚪᛋ,234
hev'd,60,0,ᚻᛖᚢᛞ,182
heu'd,60,0,ᚻᛖᚢᛞ,182
gaa'd,60,0,ᚷᚪᚪᛞ,300
eer'd,60,0,ᛖᛖᚱᛞ,234
dry't,60,0,ᛞᚱᚣᛏ,262
drea'd,60,0,ᛞᚱᛠᛞ,298
bas't,60,0,ᛒᚪᛋᛏ,270
aks'd,60,0,ᚪᚳᛋᛞ,252
acd'd,60,0,ᚪᚳᛞᛞ,288
wap'd,59,0,ᚹᚪᛈᛞ,248
viol'd,59,0,ᚢᛡᛚᛞ,272
und'd,59,0,ᚢᚾᛞᛞ,210
ttt'n,59,0,ᛏᛏᛏᚾ,206
trea'd,59,0,ᛏᚱᛠᛞ,268
tib't,59,0,ᛏᛁᛒᛏ,210
thet's,59,0,ᚦᛖᛏᛋ,184
tan's,59,0,ᛏᚪᚾᛋ,238
sip's,59,0,ᛋᛁᛈᛋ,180
prm't,59,0,ᛈᚱᛗᛏ,184
pdf'd,59,0,ᛈᛞᚠᛞ,223
otl'n,59,0,ᚩᛏᛚᚾ,168
opn'd,59,0,ᚩᛈᚾᛞ,168
ooh't,59,0,ᚩᚩᚻᛏ,96
nuz't,59,0,ᚾᚢᛋᛏ,144
nsn't,59,0,ᚾᛋᚾᛏ,170
mun'd,59,0,ᛗᚢᚾᛞ,192
mul'd,59,0,ᛗᚢᛚᛞ,236
mtx'd,59,0,ᛗᛏᛉᛞ,266
mit'd,59,0,ᛗᛁᛏᛞ,250
mih't,59,0,ᛗᛁᚻᛏ,184
mba's,59,0,ᛗᛒᚪᛋ,282
lyk'd,59,0,ᛚᚣᚳᛞ,278
lvi'th,59,0,ᛚᚢᛁᚦ,112
lsu't,59,0,ᛚᛋᚢᛏ,188
kel'n,59,0,ᚳᛖᛚᚾ,182
job't,59,0,ᛂᚩᛒᛏ,164
jfc'th,59,0,ᛂᚠᚳᚦ,57
inu'd,59,0,ᛁᚾᚢᛞ,152
fih'n,59,0,ᚠᛁᚻᚾ,85
erp't,59,0,ᛖᚱᛈᛏ,180
earth'n,59,0,ᛠᚱᚦᚾ,154
duo't,59,0,ᛞᚢᚩᛏ,158
dmi't,59,0,ᛞᛗᛁᛏ,250
dit't,59,0,ᛞᛁᛏᛏ,238
cog'd,59,0,ᚳᚩᚷᛞ,126
cll'd,59,0,ᚳᛚᛚᛞ,248
bui'n,59,0,ᛒᚢᛁᚾ,124
asc'e,59,0,ᚪᛋᚳᛖ,230
alm'n,59,0,ᚪᛚᛗᚾ,270
ala's,59,0,ᚪᛚᚪᛋ,320
xxx'd,58,0,ᛉᛉᛉᛞ,230
viol'n,58,0,ᚢᛡᛚᚾ,212
uso's,58,0,ᚢᛋᚩᛋ,116
trl'th,58,0,ᛏᚱᛚᚦ,148
theg'd,58,0,ᚦᛖᚷᛞ,178
tam'n,58,0,ᛏᚪᛗᚾ,256
soo't,58,0,ᛋᚩᚩᛏ,126
sit't,58,0,ᛋᛁᛏᛏ,202
shea'd,58,0,ᛋᚻᛠᛞ,274
rus'd,58,0,ᚱᚢᛋᛞ,156
rug'd,58,0,ᚱᚢᚷᛞ,120
rog's,58,0,ᚱᚩᚷᛋ,88
ris't,58,0,ᚱᛁᛋᛏ,154
pri't,58,0,ᛈᚱᛁᛏ,144
peg's,58,0,ᛈᛖᚷᛋ,180
oor'n,58,0,ᚩᚩᚱᚾ,54
ogl'd,58,0,ᚩᚷᛚᛞ,186
naer't,58,0,ᚾᚫᚱᛏ,200
lys'd,58,0,ᛚᚣᛋᛞ,318
lil'n,58,0,ᛚᛁᛚᚾ,206
leav'th,58,0,ᛚᛠᚢᚦ,190
lal'd,58,0,ᛚᚪᛚᛞ,332
kor'd,58,0,ᚳᚩᚱᛞ,120
kle'n,58,0,ᚳᛚᛖᚾ,182
itt't,58,0,ᛁᛏᛏᛏ,208
iti'n,58,0,ᛁᛏᛁᚾ,150
iew'd,58,0,ᛁᛖᚹᛞ,206
htu't,58,0,ᚻᛏᚢᛏ,144
hoc'd,58,0,ᚻᚩᚳᛞ,132
hinge'd,58,0,ᚻᛝᛖᛞ,258
gos't,58,0,ᚷᚩᛋᛏ,136
fra'd,58,0,ᚠᚱᚪᛞ,199
eso'n,58,0,ᛖᛋᚩᚾ,156
each'n,58,0,ᛠᚳᚻᚾ,174
doo's,58,0,ᛞᚩᚩᛋ,156
dead's,58,0,ᛞᛠᛞᛋ,340
clu'd,58,0,ᚳᛚᚢᛞ,178
brt't,58,0,ᛒᚱᛏᛏ,190
bes'n,58,0,ᛒᛖᛋᚾ,210
ars's,58,0,ᚪᚱᛋᛋ,214
age't,58,0,ᚪᚷᛖᛏ,240
aby's,58,0,ᚪᛒᚣᛋ,314
zoa'd,57,0,ᛋᚩᚪᛞ,246
zee't,57,0,ᛋᛖᛖᛏ,246
wop't,57,0,ᚹᚩᛈᛏ,128
wmg'd,57,0,ᚹᛗᚷᛞ,196
usk'd,57,0,ᚢᛋᚳᛞ,158
tub'n,57,0,ᛏᚢᛒᚾ,152
tli'n,57,0,ᛏᛚᛁᚾ,192
tiw's,57,0,ᛏᛁᚹᛋ,162
tinge'd,57,0,ᛏᛝᛖᛞ,294
tem't,57,0,ᛏᛖᛗᛏ,256
tay'd,57,0,ᛏᚪᚣᛞ,348
tat'n,57,0,ᛏᚪᛏᚾ,244
spa't,57,0,ᛋᛈᚪᛏ,252
soy'd,57,0,ᛋᚩᚣᛞ,252
sod'd,57,0,ᛋᚩᛞᛞ,238
rom's,57,0,ᚱᚩᛗᛋ,142
rcn't,57,0,ᚱᚳᚾᛏ,112
pom'd,57,0,ᛈᚩᛗᛞ,210
owl'n,57,0,ᚩᚹᛚᚾ,128
ono's,57,0,ᚩᚾᚩᛋ,96
nmm'n,57,0,ᚾᛗᛗᚾ,200
nbc's,57,0,ᚾᛒᚳᛋ,156
mie'd,57,0,ᛗᛁᛖᛞ,258
mad'd,57,0,ᛗᚪᛞᛞ,346
lor'n,57,0,ᛚᚩᚱᚾ,120
lbv'd,57,0,ᛚᛒᚢᛞ,226
irm'd,57,0,ᛁᚱᛗᛞ,202
ine'n,57,0,ᛁᚾᛖᚾ,156
ihz'd,57,0,ᛁᚻᛋᛞ,196
hsn't,57,0,ᚻᛋᚾᛏ,164
hring's,57,0,ᚻᚱᛝᛋ,166
hou't,57,0,ᚻᚩᚢᛏ,92
her'th,57,0,ᚻᛖᚱᚦ,106
goo'th,57,0,ᚷᚩᚩᚦ,36
giow'd,57,0,ᚷᛡᚹᛞ,232
gax'd,57,0,ᚷᚪᛉᛞ,250
eous'd,57,0,ᛇᚢᛋᛞ,186
eiz'd,57,0,ᛖᛁᛋᛞ,240
din'n,57,0,ᛞᛁᚾᚾ,178
deam'd,57,0,ᛞᛠᛗᛞ,358
dar't,57,0,ᛞᚪᚱᛏ,256
cui't,57,0,ᚳᚢᛁᛏ,106
coy't,57,0,ᚳᚩᚣᛏ,182
com's,57,0,ᚳᚩᛗᛋ,144
coek's,57,0,ᚳᛟᚳᛋ,162
cep't,57,0,ᚳᛖᛈᛏ,182
cdd'd,57,0,ᚳᛞᛞᛞ,280
brm'n,57,0,ᛒᚱᛗᚾ,172
aug'n,57,0,ᚪᚢᚷᚾ,146
asr't,57,0,ᚪᛋᚱᛏ,220
ari's,57,0,ᚪᚱᛁᛋ,192
anc'd,57,0,ᚪᚾᚳᛞ,228
ame's,57,0,ᚪᛗᛖᛋ,288
aji't,57,0,ᚪᛂᛁᛏ,224
yeah'd,56,0,ᚣᛠᚻᛞ,324
wen'd,56,0,ᚹᛖᚾᛞ,204
vving'd,56,0,ᚢᚢᛝᛞ,174
tln'd,56,0,ᛏᛚᚾᛞ,250
teal'd,56,0,ᛏᛠᛚᛞ,330
taz'n,56,0,ᛏᚪᛋᚾ,238
sus't,56,0,ᛋᚢᛋᛏ,168
srv't,56,0,ᛋᚱᚢᛏ,126
sit'd,56,0,ᛋᛁᛏᛞ,232
rib'n,56,0,ᚱᛁᛒᚾ,132
ree't,56,0,ᚱᛖᛖᛏ,204
rbc's,56,0,ᚱᛒᚳᛋ,138
pii't,56,0,ᛈᛁᛁᛏ,164
pey'd,56,0,ᛈᛖᚣᛞ,302
orc't,56,0,ᚩᚱᚳᛏ,90
mal'n,56,0,ᛗᚪᛚᚾ,270
low't,56,0,ᛚᚩᚹᛏ,158
low's,56,0,ᛚᚩᚹᛋ,152
ley's,56,0,ᛚᛖᚣᛋ,296
leag'd,56,0,ᛚᛠᚷᛞ,288
jun't,56,0,ᛂᚢᚾᛏ,128
joio'd,56,0,ᛂᚩᛡᛞ,240
ite'n,56,0,ᛁᛏᛖᚾ,186
inc't,56,0,ᛁᚾᚳᛏ,132
ich's,56,0,ᛁᚳᚻᛋ,120
gha't,56,0,ᚷᚻᚪᛏ,196
fuz'd,56,0,ᚠᚢᛋᛞ,147
fci'd,56,0,ᚠᚳᛁᛞ,135
fcc's,56,0,ᚠᚳᚳᛋ,81
eti't,56,0,ᛖᛏᛁᛏ,216
enr'd,56,0,ᛖᚾᚱᛞ,196
doa'n,56,0,ᛞᚩᚪᚾ,222
bean'n,56,0,ᛒᛠᚾᚾ,228
baz'd,56,0,ᛒᚪᛋᛞ,300
atl't,56,0,ᚪᛏᛚᛏ,288
aig'n,56,0,ᚪᛁᚷᚾ,174
agg'd,56,0,ᚪᚷᚷᛞ,220
aci's,56,0,ᚪᚳᛁᛋ,194
vis'n,55,0,ᚢᛁᛋᚾ,116
ver's,55,0,ᚢᛖᚱᛋ,134
vai'n,55,0,ᚢᚪᛁᚾ,160
tro'd,55,0,ᛏᚱᚩᛞ,166
trio'n,55,0,ᛏᚱᛡᚾ,206
tnt't,55,0,ᛏᚾᛏᛏ,206
tai'd,55,0,ᛏᚪᛁᛞ,276
spi'n,55,0,ᛋᛈᛁᚾ,156
sdp't,55,0,ᛋᛞᛈᛏ,244
sag'd,55,0,ᛋᚪᚷᛞ,256
saek'd,55,0,ᛋᚫᚳᛞ,256
rau't,55,0,ᚱᚪᚢᛏ,170
rao't,55,0,ᚱᚪᚩᛏ,174
qso's,55,0,ᚳᛋᚩᛋ,126
prw't,55,0,ᛈᚱᚹᛏ,132
poh't,55,0,ᛈᚩᚻᛏ,132
pem't,55,0,ᛈᛖᛗᛏ,240
paw't,55,0,ᛈᚪᚹᛏ,218
orth'n,55,0,ᚩᚱᚦᚾ,52
orr't,55,0,ᚩᚱᚱᛏ,88
mei'd,55,0,ᛗᛖᛁᛞ,258
lyo'n,55,0,ᛚᚣᚩᚾ,212
lwr's,55,0,ᛚᚹᚱᛋ,156
lli'n,55,0,ᛚᛚᛁᚾ,206
leg't,55,0,ᛚᛖᚷᛏ,216
lcf't,55,0,ᛚᚳᚠᛏ,147
kno't,55,0,ᚳᚾᚩᛏ,108
jac'd,55,0,ᛂᚪᚳᛞ,236
itio'n,55,0,ᛁᛏᛡᚾ,226
isn'th,55,0,ᛁᛋᚾᚦ,118
irn'd,55,0,ᛁᚱᚾᛞ,160
ieam'd,55,0,ᛁᛠᛗᛞ,300
hiu't,55,0,ᚻᛁᚢᛏ,116
heh'd,55,0,ᚻᛖᚻᛞ,202
hean't,55,0,ᚻᛠᚾᛏ,220
gev't,55,0,ᚷᛖᚢᛏ,146
gao's,55,0,ᚷᚪᚩᛋ,174
evt'n,55,0,ᛖᚢᛏᚾ,158
eoar'd,55,0,ᛇᚪᚱᛞ,238
dot'd,55,0,ᛞᚩᛏᛞ,244
did'd,55,0,ᛞᛁᛞᛞ,298
cuu't,55,0,ᚳᚢᚢᛏ,78
chm't,55,0,ᚳᚻᛗᛏ,166
bion's,55,0,ᛒᛡᚾᛋ,250
bin't,55,0,ᛒᛁᚾᛏ,180
bey's,55,0,ᛒᛖᚣᛋ,284
bej't,55,0,ᛒᛖᛂᛏ,224
beal'd,55,0,ᛒᛠᛚᛞ,332
bdb'd,55,0,ᛒᛞᛒᛞ,300
bam'd,55,0,ᛒᚪᛗᛞ,318
asj'n,55,0,ᚪᛋᛂᚾ,216
ypu'd,54,0,ᚣᛈᚢᛞ,238
yle'd,54,0,ᚣᛚᛖᛞ,332
ybu'd,54,0,ᚣᛒᚢᛞ,256
wxn't,54,0,ᚹᛉᚾᛏ,154
vsn't,54,0,ᚢᛋᚾᛏ,144
vox'd,54,0,ᚢᚩᛉᛞ,146
uzi'd,54,0,ᚢᛋᛁᛞ,176
upd'n,54,0,ᚢᛈᛞᚾ,164
unb'd,54,0,ᚢᚾᛒᛞ,182
tri't,54,0,ᛏᚱᛁᛏ,160
tem'd,54,0,ᛏᛖᛗᛞ,286
song't,54,0,ᛋᚩᛝᛏ,198
sid's,54,0,ᛋᛁᛞᛋ,226
scu'd,54,0,ᛋᚳᚢᛞ,158
pre's,54,0,ᛈᚱᛖᛋ,174
pns't,54,0,ᛈᚾᛋᛏ,184
pau't,54,0,ᛈᚪᚢᛏ,202
oot'n,54,0,ᚩᚩᛏᚾ,102
onn'd,54,0,ᚩᚾᚾᛞ,154
ofz't,54,0,ᚩᚠᛋᛏ,121
nun'n,54,0,ᚾᚢᚾᚾ,90
nay't,54,0,ᚾᚪᚣᛏ,288
mgn't,54,0,ᛗᚷᚾᛏ,176
lor's,54,0,ᛚᚩᚱᛋ,144
ius't,54,0,ᛁᚢᛋᛏ,146
ius'd,54,0,ᛁᚢᛋᛞ,176
ili'd,54,0,ᛁᛚᛁᛞ,224
ifb's,54,0,ᛁᚠᛒᛋ,147
hei'n,54,0,ᚻᛖᛁᚾ,150
heah's,54,0,ᚻᛠᚻᛋ,208
goo'n,54,0,ᚷᚩᚩᚾ,60
giv'th,54,0,ᚷᛁᚢᚦ,56
gat'n,54,0,ᚷᚪᛏᚾ,202
gal't,54,0,ᚷᚪᛚᛏ,246
fuc'd,54,0,ᚠᚢᚳᛞ,107
fti'd,54,0,ᚠᛏᛁᛞ,181
fos'n,54,0,ᚠᚩᛋᚾ,91
fev'd,54,0,ᚠᛖᚢᛞ,161
ect'n,54,0,ᛖᚳᛏᚾ,168
bog'd,54,0,ᛒᚩᚷᛞ,174
bingo'd,54,0,ᛒᛝᚩᛞ,236
bil's,54,0,ᛒᛁᛚᛋ,218
anl's,54,0,ᚪᚾᛚᛋ,252
aid'd,54,0,ᚪᛁᛞᛞ,306
abm't,54,0,ᚪᛒᛗᛏ,288
zem'th,53,0,ᛋᛖᛗᚦ,196
zee'n,53,0,ᛋᛖᛖᚾ,216
wre'd,53,0,ᚹᚱᛖᛞ,186
wan's,53,0,ᚹᚪᚾᛋ,198
vil't,53,0,ᚢᛁᛚᛏ,166
veow'd,53,0,ᚢᛇᚹᛞ,152
swe't,53,0,ᛋᚹᛖᛏ,198
swa'n,53,0,ᛋᚹᚪᚾ,198
sgp't,53,0,ᛋᚷᛈᛏ,172
sev'th,53,0,ᛋᛖᚢᚦ,128
rus't,53,0,ᚱᚢᛋᛏ,126
rod'n,53,0,ᚱᚩᛞᚾ,136
rig'n,53,0,ᚱᛁᚷᚾ,88
pcr'd,53,0,ᛈᚳᚱᛞ,156
orh'd,53,0,ᚩᚱᚻᛞ,130
ofi's,53,0,ᚩᚠᛁᛋ,93
nou'n,53,0,ᚾᚩᚢᚾ,68
nnm'd,53,0,ᚾᚾᛗᛞ,218
nir'd,53,0,ᚾᛁᚱᛞ,160
nik'd,53,0,ᚾᛁᚳᛞ,162
lve'd,53,0,ᛚᚢᛖᛞ,232
klr'n,53,0,ᚳᛚᚱᚾ,126
kdl'd,53,0,ᚳᛞᛚᛞ,264
imu'd,53,0,ᛁᛗᚢᛞ,194
imi't,53,0,ᛁᛗᛁᛏ,192
gmy's,53,0,ᚷᛗᚣᛋ,244
gao't,53,0,ᚷᚪᚩᛏ,180
fil'n,53,0,ᚠᛁᛚᚾ,135
fct't,53,0,ᚠᚳᛏᛏ,133
eup't,53,0,ᛖᚢᛈᛏ,172
enn'd,53,0,ᛖᚾᚾᛞ,214
dha'i,53,0,ᛞᚻᚪᛁ,240
daw's,53,0,ᛞᚪᚹᛋ,258
chu'd,53,0,ᚳᚻᚢᛞ,128
bat'd,53,0,ᛒᚪᛏᛞ,306
aub'n,53,0,ᚪᚢᛒᚾ,190
arv'd,53,0,ᚪᚱᚢᛞ,200
arf'd,53,0,ᚪᚱᚠᛞ,199
aln'n,53,0,ᚪᛚᚾᚾ,228
aga't,53,0,ᚪᚷᚪᛏ,270
wie'd,52,0,ᚹᛁᛖᛞ,206
vie'n,52,0,ᚢᛁᛖᚾ,130
uis'd,52,0,ᚢᛁᛋᛞ,176
toi'd,52,0,ᛏᚩᛁᛞ,186
tll'd,52,0,ᛏᛚᛚᛞ,294
tex'd,52,0,ᛏᛖᛉᛞ,262
sig't,52,0,ᛋᛁᚷᛏ,160
puu'd,52,0,ᛈᚢᚢᛞ,138
pria'd,52,0,ᛈᚱᛡᛞ,250
ppp's,52,0,ᛈᛈᛈᛋ,182
ock'd,52,0,ᚩᚳᚳᛞ,122
nta'n,52,0,ᚾᛏᚪᚾ,214
nov'n,52,0,ᚾᚩᚢᚾ,68
ner't,52,0,ᚾᛖᚱᛏ,166
nar'd,52,0,ᚾᚪᚱᛞ,226
meu'd,52,0,ᛗᛖᚢᛞ,230
lfl'd,52,0,ᛚᚠᛚᛞ,237
jem'd,52,0,ᛂᛖᛗᛞ,264
jct'n,52,0,ᛂᚳᛏᚾ,138
hup't,52,0,ᚻᚢᛈᛏ,128
heal'n,52,0,ᚻᛠᛚᚾ,234
giay's,52,0,ᚷᛡᚣᛋ,280
geb'n,52,0,ᚷᛖᛒᚾ,174
fat's,52,0,ᚠᚪᛏᛋ,211
eri'd,52,0,ᛖᚱᛁᛞ,198
dut't,52,0,ᛞᚢᛏᛏ,210
dir't,52,0,ᛞᛁᚱᛏ,190
cue'd,52,0,ᚳᚢᛖᛞ,172
cmr's,52,0,ᚳᛗᚱᛋ,148
bug'd,52,0,ᛒᚢᚷᛞ,170
avy's,52,0,ᚪᚢᚣᛋ,256
aso't,52,0,ᚪᛋᚩᛏ,216
abd'd,52,0,ᚪᛒᛞᛞ,336
yer's,51,0,ᚣᛖᚱᛋ,234
vvz'th,51,0,ᚢᚢᛋᚦ,64
tlr'd,51,0,ᛏᛚᚱᛞ,232
tlio't,51,0,ᛏᛚᛡᛏ,298
thor't,51,0,ᚦᚩᚱᛏ,82
taz'd,51,0,ᛏᚪᛋᛞ,298
tah'd,51,0,ᛏᚪᚻᛞ,268
ssn's,51,0,ᛋᛋᚾᛋ,188
run'th,51,0,ᚱᚢᚾᚦ,48
rui't,51,0,ᚱᚢᛁᛏ,104
rue'd,51,0,ᚱᚢᛖᛞ,170
roi't,51,0,ᚱᚩᛁᛏ,108
ril't,51,0,ᚱᛁᛚᛏ,174
raw'd,51,0,ᚱᚪᚹᛞ,216
qfi'd,51,0,ᚳᚠᛁᛞ,135
ptae'd,51,0,ᛈᛏᚫᛞ,292
prz't,51,0,ᛈᚱᛋᛏ,166
phy'd,51,0,ᛈᚻᚣᛞ,258
oom'th,51,0,ᚩᚩᛗᚦ,90
ood'n,51,0,ᚩᚩᛞᚾ,132
nol'd,51,0,ᚾᚩᛚᛞ,198
nie'd,51,0,ᚾᛁᛖᛞ,216
mut'd,51,0,ᛗᚢᛏᛞ,222
mes'n,51,0,ᛗᛖᛋᚾ,220
liow'd,51,0,ᛚᛡᚹᛞ,288
jui't,51,0,ᛂᚢᛁᛏ,130
job'n,51,0,ᛂᚩᛒᚾ,134
ist'd,51,0,ᛁᛋᛏᛞ,232
irw'n,51,0,ᛁᚱᚹᚾ,90
ingle's,51,0,ᛝᛚᛖᛋ,272
hym'd,51,0,ᚻᚣᛗᛞ,286
erm't,51,0,ᛖᚱᛗᛏ,208
eock'd,51,0,ᛇᚳᚳᛞ,156
ent'n,51,0,ᛖᚾᛏᚾ,184
eail'd,51,0,ᛠᛁᛚᛞ,302
cll't,51,0,ᚳᛚᛚᛏ,218
bot't,51,0,ᛒᚩᛏᛏ,186
ave'd,51,0,ᚪᚢᛖᛞ,256
aav'd,51,0,ᚪᚪᚢᛞ,286
aaa's,51,0,ᚪᚪᚪᛋ,344
wiu's,50,0,ᚹᛁᚢᛋ,106
wet't,50,0,ᚹᛖᛏᛏ,204
vid't,50,0,ᚢᛁᛞᛏ,182
var't,50,0,ᚢᚪᚱᛏ,170
uov't,50,0,ᚢᚩᚢᛏ,72
uen't,50,0,ᚢᛖᚾᛏ,158
tye't,50,0,ᛏᚣᛖᛏ,288
sui'd,50,0,ᛋᚢᛁᛞ,176
sim'th,50,0,ᛋᛁᛗᚦ,160
sav't,50,0,ᛋᚪᚢᛏ,212
sat't,50,0,ᛋᚪᛏᛏ,268
reio'n,50,0,ᚱᛖᛡᚾ,214
read't,50,0,ᚱᛠᛞᛏ,268
plm'n,50,0,ᛈᛚᛗᚾ,216
mdb's,50,0,ᛗᛞᛒᛋ,274
mcn's,50,0,ᛗᚳᚾᛋ,166
lum'n,50,0,ᛚᚢᛗᚾ,176
lui't,50,0,ᛚᚢᛁᛏ,166
lln't,50,0,ᛚᛚᚾᛏ,234
lbo's,50,0,ᛚᛒᚩᛋ,194
jed's,50,0,ᛂᛖᛞᛋ,246
iil'th,50,0,ᛁᛁᛚᚦ,140
ibv'd,50,0,ᛁᛒᚢᛞ,184
hes't,50,0,ᚻᛖᛋᛏ,202
hem't,50,0,ᚻᛖᛗᛏ,220
haek'd,50,0,ᚻᚫᚳᛞ,226
gay'd,50,0,ᚷᚪᚣᛞ,306
ful't,50,0,ᚠᚢᛚᛏ,137
flt't,50,0,ᚠᛚᛏᛏ,193
flm'd,50,0,ᚠᛚᛗᛞ,235
ehi'd,50,0,ᛖᚻᛁᛞ,210
duc't,50,0,ᛞᚢᚳᛏ,164
coh't,50,0,ᚳᚩᚻᛏ,102
cly'd,50,0,ᚳᛚᚣᛞ,278
buu's,50,0,ᛒᚢᚢᛋ,120
bin'n,50,0,ᛒᛁᚾᚾ,150
bef'n,50,0,ᛒᛖᚠᚾ,159
aun's,50,0,ᚪᚢᚾᛋ,182
are's,50,0,ᚪᚱᛖᛋ,228
aos'n,50,0,ᚪᚩᛋᚾ,186
aat't,50,0,ᚪᚪᛏᛏ,312
wnn'd,49,0,ᚹᚾᚾᛞ,166
whv'd,49,0,ᚹᚻᚢᛞ,134
vou'n,49,0,ᚢᚩᚢᚾ,42
ueat's,49,0,ᚢᛠᛏᛋ,224
uav's,49,0,ᚢᚪᚢᛋ,156
thee'n,49,0,ᚦᛖᛖᚾ,168
tei'n,49,0,ᛏᛖᛁᚾ,186
sung'd,49,0,ᛋᚢᛝᛞ,224
sou's,49,0,ᛋᚩᚢᛋ,116
seu'd,49,0,ᛋᛖᚢᛞ,212
sem'n,49,0,ᛋᛖᛗᚾ,220
rot't,49,0,ᚱᚩᛏᛏ,136
riam'd,49,0,ᚱᛡᛗᛞ,278
rca's,49,0,ᚱᚳᚪᛋ,174
quo't,49,0,ᚳᚹᚩᛏ,98
ple's,49,0,ᛈᛚᛖᛋ,236
pis'd,49,0,ᛈᛁᛋᛞ,216
pay'th,49,0,ᛈᚪᚣᚦ,248
oss't,49,0,ᚩᛋᛋᛏ,172
ofl's,49,0,ᚩᚠᛚᛋ,135
lul't,49,0,ᛚᚢᛚᛏ,208
llo'd,49,0,ᛚᛚᚩᛞ,242
liz'n,49,0,ᛚᛁᛋᚾ,186
liv't,49,0,ᛚᛁᚢᛏ,166
lib't,49,0,ᛚᛁᛒᛏ,224
lak'n,49,0,ᛚᚪᚳᚾ,212
kou'd,49,0,ᚳᚩᚢᛞ,112
kok'd,49,0,ᚳᚩᚳᛞ,122
ihi'd,49,0,ᛁᚻᛁᛞ,174
iel't,49,0,ᛁᛖᛚᛏ,230
iapp'd,49,0,ᛡᛈᛈᛞ,282
hud't,49,0,ᚻᚢᛞᛏ,174
gmc's,49,0,ᚷᛗᚳᛋ,154
fwing'd,49,0,ᚠᚹᛝᛞ,189
fri'n,49,0,ᚠᚱᛁᚾ,73
fip'd,49,0,ᚠᛁᛈᛞ,165
feb't,49,0,ᚠᛖᛒᛏ,189
erd'n,49,0,ᛖᚱᛞᚾ,196
doz't,49,0,ᛞᚩᛋᛏ,208
dca't,49,0,ᛞᚳᚪᛏ,258
cer'n,49,0,ᚳᛖᚱᚾ,120
cep's,49,0,ᚳᛖᛈᛋ,176
can's,49,0,ᚳᚪᚾᛋ,192
bro's,49,0,ᛒᚱᚩᛋ,132
bll'th,49,0,ᛒᛚᛚᚦ,212
bll't,49,0,ᛒᛚᛚᛏ,266
amm'n,49,0,ᚪᛗᛗᚾ,268
aim's,49,0,ᚪᛁᛗᛋ,252
yen's,48,0,ᚣᛖᚾᛋ,252
yar'n,48,0,ᚣᚪᚱᚾ,240
wqu'd,48,0,ᚹᚳᚹᛞ,140
weal's,48,0,ᚹᛠᛚᛋ,254
vnn't,48,0,ᚢᚾᚾᛏ,120
uch'd,48,0,ᚢᚳᚻᛞ,128
tung's,48,0,ᛏᚢᛝᛋ,194
thip't,48,0,ᚦᛁᛈᛏ,138
things't,48,0,ᚦᛝᛋᛏ,196
thei'd,48,0,ᚦᛖᛁᛞ,192
tcn'n,48,0,ᛏᚳᚾᚾ,130
siv'n,48,0,ᛋᛁᚢᚾ,116
ses'd,48,0,ᛋᛖᛋᛞ,262
rim's,48,0,ᚱᛁᛗᛋ,166
rie'n,48,0,ᚱᛁᛖᚾ,138
rfi'd,48,0,ᚱᚠᛁᛞ,133
rev't,48,0,ᚱᛖᚢᛏ,140
reaz'n,48,0,ᚱᛠᛋᚾ,202
reath'd,48,0,ᚱᛠᚦᛞ,214
reas'd,48,0,ᚱᛠᛋᛞ,262
que'd,48,0,ᚳᚹᛖᛞ,188
piu't,48,0,ᛈᛁᚢᛏ,136
nii'd,48,0,ᚾᛁᛁᛞ,180
men'th,48,0,ᛗᛖᚾᚦ,172
mad't,48,0,ᛗᚪᛞᛏ,316
lyn'n,48,0,ᛚᚣᚾᚾ,234
kin'n,48,0,ᚳᛁᚾᚾ,102
jud'd,48,0,ᛂᚢᛞᛞ,218
ite'd,48,0,ᛁᛏᛖᛞ,246
iru'd,48,0,ᛁᚱᚢᛞ,134
iiu'd,48,0,ᛁᛁᚢᛞ,154
ihn'n,48,0,ᛁᚻᚾᚾ,112
ide'd,48,0,ᛁᛞᛖᛞ,276
ibo'd,48,0,ᛁᛒᚩᛞ,188
haz'd,48,0,ᚻᚪᛋᛞ,262
fdn't,48,0,ᚠᛞᚾᛏ,179
ers'd,48,0,ᛖᚱᛋᛞ,220
dial'd,48,0,ᛞᛡᛚᛞ,358
cuu'd,48,0,ᚳᚢᚢᛞ,108
cty'd,48,0,ᚳᛏᚣᛞ,264
ble'd,48,0,ᛒᛚᛖᛞ,290
bit'd,48,0,ᛒᛁᛏᛞ,240
bii't,48,0,ᛒᛁᛁᛏ,182
aly'd,48,0,ᚪᛚᚣᛞ,362
aal't,48,0,ᚪᚪᛚᛏ,326
yle's,47,0,ᚣᛚᛖᛋ,296
uss't,47,0,ᚢᛋᛋᛏ,168
uem't,47,0,ᚢᛖᛗᛏ,200
tts'd,47,0,ᛏᛏᛋᛞ,260
tlv's,47,0,ᛏᛚᚢᛋ,188
thom'd,47,0,ᚦᚩᛗᛞ,172
tbo't,47,0,ᛏᛒᚩᛏ,186
spe'n,47,0,ᛋᛈᛖᚾ,192
sff'd,47,0,ᛋᚠᚠᛞ,146
sen'n,47,0,ᛋᛖᚾᚾ,178
riam's,47,0,ᚱᛡᛗᛋ,242
rer't,47,0,ᚱᛖᚱᛏ,148
rcm't,47,0,ᚱᚳᛗᛏ,154
ram't,47,0,ᚱᚪᛗᛏ,238
qfl'd,47,0,ᚳᚠᛚᛞ,177
pus'd,47,0,ᛈᚢᛋᛞ,188
puc'd,47,0,ᛈᚢᚳᛞ,148
paf'd,47,0,ᛈᚪᚠᛞ,231
otf'n,47,0,ᚩᛏᚠᚾ,97
ost's,47,0,ᚩᛋᛏᛋ,172
old'd,47,0,ᚩᛚᛞᛞ,258
ofx'd,47,0,ᚩᚠᛉᛞ,145
nun't,47,0,ᚾᚢᚾᛏ,120
mud'n,47,0,ᛗᚢᛞᚾ,192
meav'n,47,0,ᛗᛠᚢᚾ,212
mcc't,47,0,ᛗᚳᚳᛏ,156
mat's,47,0,ᛗᚪᛏᛋ,280
map's,47,0,ᛗᚪᛈᛋ,264
lod'n,47,0,ᛚᚩᛞᚾ,198
lnv'd,47,0,ᛚᚾᚢᛞ,194
llc'd,47,0,ᛚᛚᚳᛞ,248
lec't,47,0,ᛚᛖᚳᛏ,212
lean'n,47,0,ᛚᛠᚾᚾ,240
iil'd,47,0,ᛁᛁᛚᛞ,224
ihn't,47,0,ᛁᚻᚾᛏ,142
ibu'd,47,0,ᛁᛒᚢᛞ,184
het't,47,0,ᚻᛖᛏᛏ,208
fiea'd,47,0,ᚠᛁᛠᛞ,231
fci's,47,0,ᚠᚳᛁᛋ,99
eoui't,47,0,ᛇᚢᛁᛏ,134
eco'n,47,0,ᛖᚳᚩᚾ,116
dfp't,47,0,ᛞᚠᛈᛏ,193
deb's,47,0,ᛞᛖᛒᛋ,270
dear's,47,0,ᛞᛠᚱᛋ,262
bun'd,47,0,ᛒᚢᚾᛞ,182
brea't,47,0,ᛒᚱᛠᛏ,240
beau't,47,0,ᛒᛠᚢᛏ,232
ank'd,47,0,ᚪᚾᚳᛞ,228
afc'd,47,0,ᚪᚠᚳᛞ,201
yic'd,46,0,ᚣᛁᚳᛞ,236
wid't,46,0,ᚹᛁᛞᛏ,198
vra's,46,0,ᚢᚱᚪᛋ,164
viw'd,46,0,ᚢᛁᚹᛞ,142
ump'd,46,0,ᚢᛗᛈᛞ,206
uig'd,46,0,ᚢᛁᚷᛞ,140
sra'n,46,0,ᛋᚱᚪᚾ,190
rcs't,46,0,ᚱᚳᛋᛏ,136
pip's,46,0,ᛈᛁᛈᛋ,170
pan'n,46,0,ᛈᚪᚾᚾ,198
ort't,46,0,ᚩᚱᛏᛏ,136
ope't,46,0,ᚩᛈᛖᛏ,176
oeer'd,46,0,ᛟᛖᚱᛞ,250
oath'd,46,0,ᚩᚪᚦᛞ,198
nnn't,46,0,ᚾᚾᚾᛏ,146
neal't,46,0,ᚾᛠᛚᛏ,270
mop't,46,0,ᛗᚩᛈᛏ,180
liop'd,46,0,ᛚᛡᛈᛞ,312
kings's,46,0,ᚳᛝᛋᛋ,198
jim'n,46,0,ᛂᛁᛗᚾ,168
ita'n,46,0,ᛁᛏᚪᚾ,216
ili'th,46,0,ᛁᛚᛁᚦ,140
ijl'd,46,0,ᛁᛂᛚᛞ,230
ibc'd,46,0,ᛁᛒᚳᛞ,194
hig't,46,0,ᚻᛁᚷᛏ,130
fol'n,46,0,ᚠᚩᛚᚾ,111
fln't,46,0,ᚠᛚᚾᛏ,163
fet'd,46,0,ᚠᛖᛏᛞ,217
ewa'd,46,0,ᛖᚹᚪᛞ,272
evi'n,46,0,ᛖᚢᛁᚾ,130
eart's,46,0,ᛠᚱᛏᛋ,232
dro'n,46,0,ᛞᚱᚩᚾ,136
dit'd,46,0,ᛞᛁᛏᛞ,268
dcu't,46,0,ᛞᚳᚢᛏ,164
dai't,46,0,ᛞᚪᛁᛏ,276
bnt'd,46,0,ᛒᚾᛏᛞ,238
beai'd,46,0,ᛒᛠᛁᛞ,290
bak'n,46,0,ᛒᚪᚳᚾ,200
ata't,46,0,ᚪᛏᚪᛏ,312
asj't,46,0,ᚪᛋᛂᛏ,246
ajs't,46,0,ᚪᛂᛋᛏ,246
afl'n,46,0,ᚪᚠᛚᚾ,201
acb'd,46,0,ᚪᚳᛒᛞ,260
wyng'd,45,0,ᚹᚣᛝᛞ,290
vol'd,45,0,ᚢᚩᛚᛞ,172
tym'd,45,0,ᛏᚣᛗᛞ,322
toy's,45,0,ᛏᚩᚣᛋ,222
tot'd,45,0,ᛏᚩᛏᛞ,214
rra'n,45,0,ᚱᚱᚪᚾ,148
rou't,45,0,ᚱᚩᚢᛏ,80
ree's,45,0,ᚱᛖᛖᛋ,198
pur't,45,0,ᛈᚢᚱᛏ,116
pru'd,45,0,ᛈᚱᚢᛞ,146
omn't,45,0,ᚩᛗᚾᛏ,166
oam'd,45,0,ᚩᚪᛗᛞ,264
mss'd,45,0,ᛗᛋᛋᛞ,266
llk'd,45,0,ᛚᛚᚳᛞ,248
lab'n,45,0,ᛚᚪᛒᚾ,260
kii'd,45,0,ᚳᛁᛁᛞ,164
jud'th,45,0,ᛂᚢᛞᚦ,134
jen't,45,0,ᛂᛖᚾᛏ,192
ixh'n,45,0,ᛁᛉᚻᚾ,130
ivz't,45,0,ᛁᚢᛋᛏ,146
isp't,45,0,ᛁᛋᛈᛏ,186
ife's,45,0,ᛁᚠᛖᛋ,153
hls'n,45,0,ᚻᛚᛋᚾ,178
heal's,45,0,ᚻᛠᛚᛋ,258
ens'd,45,0,ᛖᚾᛋᛞ,238
earn'n,45,0,ᛠᚱᚾᚾ,178
dvd's,45,0,ᛞᚢᛞᛋ,234
dna's,45,0,ᛞᚾᚪᛋ,268
deat'n,45,0,ᛞᛠᛏᚾ,286
dai's,45,0,ᛞᚪᛁᛋ,270
cul't,45,0,ᚳᚢᛚᛏ,148
coz't,45,0,ᚳᚩᛋᛏ,132
cnp'n,45,0,ᚳᚾᛈᚾ,114
bot'd,45,0,ᛒᚩᛏᛞ,216
athe'n,45,0,ᚪᚦᛖᚾ,198
asc'n,45,0,ᚪᛋᚳᚾ,192
ajn'd,45,0,ᚪᛂᚾᛞ,252
yeal's,44,0,ᚣᛠᛚᛋ,338
yau'd,44,0,ᚣᚪᚢᛞ,292
yal'd,44,0,ᚣᚪᛚᛞ,362
whi'th,44,0,ᚹᚻᛁᚦ,78
weal'th,44,0,ᚹᛠᛚᚦ,206
utio'n,44,0,ᚢᛏᛡᚾ,198
unt't,44,0,ᚢᚾᛏᛏ,150
tlr't,44,0,ᛏᛚᚱᛏ,202
tiow'd,44,0,ᛏᛡᚹᛞ,274
threa't,44,0,ᚦᚱᛠᛏ,184
thou'n,44,0,ᚦᚩᚢᚾ,44
tek'n,44,0,ᛏᛖᚳᚾ,168
stl't,44,0,ᛋᛏᛚᛏ,244
smi't,44,0,ᛋᛗᛁᛏ,214
sll'd,44,0,ᛋᛚᛚᛞ,288
roi'd,44,0,ᚱᚩᛁᛞ,138
rge's,44,0,ᚱᚷᛖᛋ,148
pll'd,44,0,ᛈᛚᛚᛞ,278
owa'd,44,0,ᚩᚹᚪᛞ,212
oai'd,44,0,ᚩᚪᛁᛞ,224
nej'd,44,0,ᚾᛖᛂᛞ,222
lut't,44,0,ᛚᚢᛏᛏ,194
llc's,44,0,ᛚᛚᚳᛋ,212
kuh'n,44,0,ᚳᚢᚻᚾ,68
kam'd,44,0,ᚳᚪᛗᛞ,270
jet's,44,0,ᛂᛖᛏᛋ,216
jav'd,44,0,ᛂᚪᚢᛞ,226
ist's,44,0,ᛁᛋᛏᛋ,196
isi'n,44,0,ᛁᛋᛁᚾ,144
icu't,44,0,ᛁᚳᚢᛏ,106
hem's,44,0,ᚻᛖᛗᛋ,214
hee's,44,0,ᚻᛖᛖᛋ,210
gow'n,44,0,ᚷᚩᚹᚾ,72
giw'n,44,0,ᚷᛁᚹᚾ,96
gaio'd,44,0,ᚷᚪᛡᛞ,310
flu't,44,0,ᚠᛚᚢᛏ,137
ffi't,44,0,ᚠᚠᛁᛏ,94
fbe'd,44,0,ᚠᛒᛖᛞ,219
eain'd,44,0,ᛠᛁᚾᛞ,258
dir'd,44,0,ᛞᛁᚱᛞ,220
cpi's,44,0,ᚳᛈᛁᛋ,140
cmn't,44,0,ᚳᛗᚾᛏ,172
cbu'd,44,0,ᚳᛒᚢᛞ,166
cap's,44,0,ᚳᚪᛈᛋ,206
boeing's,44,0,ᛒᛟᛝᛋ,276
bic'd,44,0,ᛒᛁᚳᛞ,194
bcg'd,44,0,ᛒᚳᚷᛞ,180
bcc'n,44,0,ᛒᚳᚳᚾ,116
bath's,44,0,ᛒᚪᚦᛋ,216
att's,44,0,ᚪᛏᛏᛋ,268
alb'n,44,0,ᚪᛚᛒᚾ,260
aim'n,44,0,ᚪᛁᛗᚾ,228
zee'th,43,0,ᛋᛖᛖᚦ,192
wln'n,43,0,ᚹᛚᚾᚾ,150
wal'n,43,0,ᚹᚪᛚᚾ,218
tot'th,43,0,ᛏᚩᛏᚦ,130
tis't,43,0,ᛏᛁᛋᛏ,202
thel'n,43,0,ᚦᛖᛚᚾ,174
sli'd,43,0,ᛋᛚᛁᛞ,246
siow'd,43,0,ᛋᛡᚹᛞ,268
seam'n,43,0,ᛋᛠᛗᚾ,262
sab'n,43,0,ᛋᚪᛒᚾ,240
rya'n,43,0,ᚱᚣᚪᚾ,240
rue's,43,0,ᚱᚢᛖᛋ,134
rol's,43,0,ᚱᚩᛚᛋ,144
ren'n,43,0,ᚱᛖᚾᚾ,136
pfc's,43,0,ᛈᚠᚳᛋ,111
ovi'n,43,0,ᚩᚢᛁᚾ,70
ore't,43,0,ᚩᚱᛖᛏ,144
ont's,43,0,ᚩᚾᛏᛋ,148
oil'th,43,0,ᚩᛁᛚᚦ,116
ofl'd,43,0,ᚩᚠᛚᛞ,171
nnt'd,43,0,ᚾᚾᛏᛞ,206
ngur'd,43,0,ᛝᚢᚱᛞ,182
llm'n,43,0,ᛚᛚᛗᚾ,246
lem't,43,0,ᛚᛖᛗᛏ,270
lee'n,43,0,ᛚᛖᛖᚾ,236
klng't,43,0,ᚳᛚᛝᛏ,224
jun'n,43,0,ᛂᚢᚾᚾ,98
hil's,43,0,ᚻᛁᛚᛋ,180
fup'd,43,0,ᚠᚢᛈᛞ,137
fif'd,43,0,ᚠᛁᚠᛞ,124
evv'n,43,0,ᛖᚢᚢᚾ,102
era't,43,0,ᛖᚱᚪᛏ,234
edr'n,43,0,ᛖᛞᚱᚾ,196
duz'n,43,0,ᛞᚢᛋᚾ,174
dob't,43,0,ᛞᚩᛒᛏ,216
crm't,43,0,ᚳᚱᛗᛏ,154
cpn't,43,0,ᚳᛈᚾᛏ,144
cni'd,43,0,ᚳᚾᛁᛞ,162
boo'n,43,0,ᛒᚩᚩᚾ,104
beu't,43,0,ᛒᛖᚢᛏ,190
bem'n,43,0,ᛒᛖᛗᚾ,228
asx't,43,0,ᚪᛋᛉᛏ,256
apu'd,43,0,ᚪᛈᚢᛞ,232
amv'd,43,0,ᚪᛗᚢᛞ,260
aerv'd,43,0,ᚫᚱᚢᛞ,204
wll't,42,0,ᚹᛚᛚᛏ,224
vxm't,42,0,ᚢᛉᛗᛏ,180
vang'd,42,0,ᚢᚪᛝᛞ,268
urn't,42,0,ᚢᚱᚾᛏ,102
twa'n,42,0,ᛏᚹᚪᚾ,204
thei'th,42,0,ᚦᛖᛁᚦ,108
sul't,42,0,ᛋᚢᛚᛏ,188
snu't,42,0,ᛋᚾᚢᛏ,144
siay'd,42,0,ᛋᛡᚣᛞ,352
rui'n,42,0,ᚱᚢᛁᚾ,74
ris'th,42,0,ᚱᛁᛋᚦ,100
rii'n,42,0,ᚱᛁᛁᚾ,102
prr'n,42,0,ᛈᚱᚱᚾ,94
prio'n,42,0,ᛈᚱᛡᚾ,190
oxe'n,42,0,ᚩᛉᛖᚾ,150
oti'n,42,0,ᚩᛏᛁᚾ,126
nov'd,42,0,ᚾᚩᚢᛞ,128
nii't,42,0,ᚾᛁᛁᛏ,150
ngag'd,42,0,ᛝᚪᚷᛞ,282
moi'd,42,0,ᛗᚩᛁᛞ,198
lpv'd,42,0,ᛚᛈᚢᛞ,208
lon's,42,0,ᛚᚩᚾᛋ,162
lok't,42,0,ᛚᚩᚳᛏ,152
lau't,42,0,ᛚᚪᚢᛏ,232
lau's,42,0,ᛚᚪᚢᛋ,226
inger'd,42,0,ᛝᛖᚱᛞ,246
iit'd,42,0,ᛁᛁᛏᛞ,210
iall'n,42,0,ᛡᛚᛚᚾ,282
hul'd,42,0,ᚻᚢᛚᛞ,188
hoi'n,42,0,ᚻᚩᛁᚾ,90
hil'n,42,0,ᚻᛁᛚᚾ,156
head't,42,0,ᚻᛠᛞᛏ,280
grm'n,42,0,ᚷᚱᛗᚾ,128
foo's,42,0,ᚠᚩᚩᛋ,69
foc'd,42,0,ᚠᚩᚳᛞ,111
fen'n,42,0,ᚠᛖᚾᚾ,127
fei'd,42,0,ᚠᛖᛁᛞ,189
fbt'd,42,0,ᚠᛒᛏᛞ,211
'don't,42,0,ᛞᚩᚾᛏ,184
cut's,42,0,ᚳᚢᛏᛋ,128
cot't,42,0,ᚳᚩᛏᛏ,138
coek'd,42,0,ᚳᛟᚳᛞ,198
cnu't,42,0,ᚳᚾᚢᛏ,104
asp'd,42,0,ᚪᛋᛈᛞ,282
aji'd,42,0,ᚪᛂᛁᛞ,254
abc't,42,0,ᚪᛒᚳᛏ,230
abb't,42,0,ᚪᛒᛒᛏ,278
wbo'd,41,0,ᚹᛒᚩᛞ,176
tlo'n,41,0,ᛏᛚᚩᚾ,168
swo'n,41,0,ᛋᚹᚩᚾ,108
nut't,41,0,ᚾᚢᛏᛏ,150
mias'd,41,0,ᛗᛡᛋᛞ,320
mai's,41,0,ᛗᚪᛁᛋ,252
jac't,41,0,ᛂᚪᚳᛏ,206
irr'd,41,0,ᛁᚱᚱᛞ,142
ino't,41,0,ᛁᚾᚩᛏ,126
ingor'd,41,0,ᛝᚩᚱᛞ,186
hut't,41,0,ᚻᚢᛏᛏ,144
hion'd,41,0,ᚻᛡᚾᛞ,248
hen'th,41,0,ᚻᛖᚾᚦ,124
gro't,41,0,ᚷᚱᚩᛏ,94
gom't,41,0,ᚷᚩᛗᛏ,154
giac'd,41,0,ᚷᛡᚳᛞ,226
fus't,41,0,ᚠᚢᛋᛏ,117
fli't,41,0,ᚠᛚᛁᛏ,165
feas't,41,0,ᚠᛠᛋᛏ,223
fear'th,41,0,ᚠᛠᚱᚦ,127
elm'n,41,0,ᛖᛚᛗᚾ,240
eii't,41,0,ᛖᛁᛁᛏ,188
dry'n,41,0,ᛞᚱᚣᚾ,232
dln't,41,0,ᛞᛚᚾᛏ,250
dev's,41,0,ᛞᛖᚢᛋ,212
being't,41,0,ᛒᛖᛝᛏ,266
veu'd,40,0,ᚢᛖᚢᛞ,162
trm'n,40,0,ᛏᚱᛗᚾ,170
tlm't,40,0,ᛏᛚᛗᛏ,262
thus't,40,0,ᚦᚢᛋᛏ,120
tfia't,40,0,ᛏᚠᛡᛏ,227
roa't,40,0,ᚱᚩᚪᛏ,174
phc'd,40,0,ᛈᚻᚳᛞ,168
ood's,40,0,ᚩᚩᛞᛋ,156
nym's,40,0,ᚾᚣᛗᛋ,256
nis'd,40,0,ᚾᛁᛋᛞ,202
nii'n,40,0,ᚾᛁᛁᚾ,120
mev'd,40,0,ᛗᛖᚢᛞ,230
lif'th,40,0,ᛚᛁᚠᚦ,111
jet't,40,0,ᛂᛖᛏᛏ,222
ilt'd,40,0,ᛁᛚᛏᛞ,252
ieal'd,40,0,ᛁᛠᛚᛞ,302
fly'th,40,0,ᚠᛚᚣᚦ,183
eli'th,40,0,ᛖᛚᛁᚦ,176
dav'n,40,0,ᛞᚪᚢᚾ,218
