american,690466665,1,ᚪᛗᛖᚱᛁᚳᚪᚾ,416
business,639691262,1,ᛒᚢᛋᛁᚾᛖᛋᛋ,350
children,598475810,1,ᚳᚻᛁᛚᛞᚱᛖᚾ,336
interest,571960010,1,ᛁᚾᛏᛖᚱᛖᛋᛏ,376
education,546933770,1,ᛖᛞᚢᚳᚪᛏᛡᚾ,464
possible,526529908,1,ᛈᚩᛋᛋᛁᛒᛚᛖ,388
therefore,506720596,1,ᚦᛖᚱᛖᚠᚩᚱᛖ,237
services,502945470,1,ᛋᛖᚱᚢᛁᚳᛖᛋ,298
required,470773502,1,ᚱᛖᚳᚹᛁᚱᛖᛞ,308
property,461518364,1,ᛈᚱᚩᛈᛖᚱᛏᚣ,344
evidence,442368254,1,ᛖᚢᛁᛞᛖᚾᚳᛖ,366
provided,439475571,1,ᛈᚱᚩᚢᛁᛞᛖᛞ,340
economic,428073481,1,ᛖᚳᚩᚾᚩᛗᛁᚳ,238
district,393429611,1,ᛞᛁᛋᛏᚱᛁᚳᛏ,346
analysis,388658232,1,ᚪᚾᚪᛚᚣᛋᛁᛋ,536
received,384273689,1,ᚱᛖᚳᛖᛁᚢᛖᛞ,348
problems,359090432,1,ᛈᚱᚩᛒᛚᛖᛗᛋ,386
industry,352793441,1,ᛁᚾᛞᚢᛋᛏᚱᚣ,378
treatment,327650037,1,ᛏᚱᛠᛏᛗᛖᚾᛏ,464
authority,325747579,1,ᚪᚢᚦᚩᚱᛁᛏᚣ,316
products,319579471,1,ᛈᚱᚩᛞᚢᚳᛏᛋ,278
students,316358919,1,ᛋᛏᚢᛞᛖᚾᛏᛋ,412
increased,310516213,1,ᛁᚾᚳᚱᛠᛋᛖᛞ,402
practice,305555507,1,ᛈᚱᚪᚳᛏᛁᚳᛖ,334
washington,301688309,1,ᚹᚪᛋᚻᛝᛏᚩᚾ,366
obtained,298372356,1,ᚩᛒᛏᚪᛁᚾᛖᛞ,440
specific,294757038,1,ᛋᛈᛖᚳᛁᚠᛁᚳ,253
contract,292128657,1,ᚳᚩᚾᛏᚱᚪᚳᛏ,288
operation,290256299,1,ᚩᛈᛖᚱᚪᛏᛡᚾ,420
probably,288577360,1,ᛈᚱᚩᛒᚪᛒᛚᚣ,456
personal,287384571,1,ᛈᛖᚱᛋᚩᚾᚪᛚ,380
standard,282322835,1,ᛋᛏᚪᚾᛞᚪᚱᛞ,524
complete,277683260,1,ᚳᚩᛗᛈᛚᛖᛏᛖ,400
condition,271190492,1,ᚳᚩᚾᛞᛁᛏᛡᚾ,364
pressure,266957058,1,ᛈᚱᛖᛋᛋᚢᚱᛖ,308
reported,263046729,1,ᚱᛖᛈᚩᚱᛏᛖᛞ,354
attention,262838966,1,ᚪᛏᛏᛖᚾᛏᛡᚾ,506
materials,262353422,1,ᛗᚪᛏᛖᚱᛡᛚᛋ,538
military,259413054,1,ᛗᛁᛚᛁᛏᚪᚱᚣ,476
proposed,259036248,1,ᛈᚱᚩᛈᚩᛋᛖᛞ,320
security,255209442,1,ᛋᛖᚳᚢᚱᛁᛏᚣ,340
financial,254108736,1,ᚠᛁᚾᚪᚾᚳᛡᛚ,381
activity,250174107,1,ᚪᚳᛏᛁᚢᛁᛏᚣ,396
original,250013635,1,ᚩᚱᛁᚷᛁᚾᚪᛚ,296
december,248396684,1,ᛞᛖᚳᛖᛗᛒᛖᚱ,446
situation,243854044,1,ᛋᛁᛏᚢᚪᛏᛡᚾ,438
programs,243187281,1,ᛈᚱᚩᚷᚱᚪᛗᛋ,310
questions,241550136,1,ᚳᚹᛖᛋᛏᛡᚾᛋ,400
purposes,239576177,1,ᛈᚢᚱᛈᚩᛋᛖᛋ,280
included,235852211,1,ᛁᚾᚳᛚᚢᛞᛖᛞ,394
physical,235651395,1,ᛈᚻᚣᛋᛁᚳᚪᛚ,436
produced,233847055,1,ᛈᚱᚩᛞᚢᚳᛖᛞ,322
approach,232450246,1,ᚪᛈᛈᚱᚩᚪᚳᚻ,334
director,231107531,1,ᛞᛁᚱᛖᚳᛏᚩᚱ,288
chairman,228022406,1,ᚳᚻᚪᛁᚱᛗᚪᚾ,372
judgment,226332454,1,ᛂᚢᛞᚷᛗᛖᚾᛏ,372
officers,218657818,1,ᚩᚠᚠᛁᚳᛖᚱᛋ,186
patients,218579528,1,ᛈᚪᛏᛁᛖᚾᛏᛋ,438
involved,217389563,1,ᛁᚾᚢᚩᛚᚢᛖᛞ,302
movement,214149652,1,ᛗᚩᚢᛖᛗᛖᚾᛏ,374
relations,212502755,1,ᚱᛖᛚᚪᛏᛡᚾᛋ,496
consider,212217474,1,ᚳᚩᚾᛋᛁᛞᛖᚱ,300
followed,211340341,1,ᚠᚩᛚᛚᚩᚹᛖᛞ,337
expected,208567673,1,ᛖᛉᛈᛖᚳᛏᛖᛞ,452
direction,207900608,1,ᛞᛁᚱᛖᚳᛏᛡᚾ,406
response,205538602,1,ᚱᛖᛋᛈᚩᚾᛋᛖ,330
observed,203728063,1,ᚩᛒᛋᛖᚱᚢᛖᛞ,358
november,201139638,1,ᚾᚩᚢᛖᛗᛒᛖᚱ,316
potential,198116049,1,ᛈᚩᛏᛖᚾᛏᛡᛚ,444
referred,194435566,1,ᚱᛖᚠᛖᚱᚱᛖᛞ,325
hospital,193759696,1,ᚻᚩᛋᛈᛁᛏᚪᛚ,386
february,193631234,1,ᚠᛖᛒᚱᚢᚪᚱᚣ,355
provides,193405996,1,ᛈᚱᚩᚢᛁᛞᛖᛋ,304
otherwise,189195656,1,ᚩᚦᛖᚱᚹᛁᛋᛖ,260
capacity,188905969,1,ᚳᚪᛈᚪᚳᛁᛏᚣ,456
mentioned,187032566,1,ᛗᛖᚾᛏᛡᚾᛖᛞ,518
prepared,186647010,1,ᛈᚱᛖᛈᚪᚱᛖᛞ,428
minister,185639545,1,ᛗᛁᚾᛁᛋᛏᛖᚱ,352
directly,185558635,1,ᛞᛁᚱᛖᚳᛏᛚᚣ,446
presence,184586901,1,ᛈᚱᛖᛋᛖᚾᚳᛖ,350
distance,182517505,1,ᛞᛁᛋᛏᚪᚾᚳᛖ,438
employed,179003775,1,ᛖᛗᛈᛚᚩᚣᛖᛞ,520
actually,177951046,1,ᚪᚳᛏᚢᚪᛚᛚᚣ,518
engineering,177291795,1,ᛖᛝᛁᚾᛖᛖᚱᛝ,430
continue,177255595,1,ᚳᚩᚾᛏᛁᚾᚢᛖ,238
entitled,176589926,1,ᛖᚾᛏᛁᛏᛚᛖᛞ,474
progress,174431458,1,ᛈᚱᚩᚷᚱᛖᛋᛋ,262
elements,171729739,1,ᛖᛚᛖᛗᛖᚾᛏᛋ,486
compared,169929207,1,ᚳᚩᛗᛈᚪᚱᛖᛞ,398
religious,169720279,1,ᚱᛖᛚᛁᚷᛡᚢᛋ,362
relative,169003137,1,ᚱᛖᛚᚪᛏᛁᚢᛖ,408
electric,168905261,1,ᛖᛚᛖᚳᛏᚱᛁᚳ,334
separate,167844440,1,ᛋᛖᛈᚪᚱᚪᛏᛖ,494
includes,167444377,1,ᛁᚾᚳᛚᚢᛞᛖᛋ,358
chemical,166165891,1,ᚳᚻᛖᛗᛁᚳᚪᛚ,388
benefits,165527541,1,ᛒᛖᚾᛖᚠᛁᛏᛋ,369
transfer,165501414,1,ᛏᚱᚪᚾᛋᚠᛖᚱ,329
computer,157679496,1,ᚳᚩᛗᛈᚢᛏᛖᚱ,274
functions,154560438,1,ᚠᚢᚾᚳᛏᛡᚾᛋ,295
internal,154068054,1,ᛁᚾᛏᛖᚱᚾᚪᛚ,396
christian,153630939,1,ᚳᚻᚱᛁᛋᛏᛡᚾ,326
provision,153024405,1,ᛈᚱᚩᚢᛁᛋᛡᚾ,284
positive,152845740,1,ᛈᚩᛋᛁᛏᛁᚢᛖ,294
instance,152627918,1,ᛁᚾᛋᛏᚪᚾᚳᛖ,378
designed,152386989,1,ᛞᛖᛋᛁᚷᚾᛖᛞ,442
returned,149975517,1,ᚱᛖᛏᚢᚱᚾᛖᛞ,336
concerning,149924547,1,ᚳᚩᚾᚳᛖᚱᚾᛝ,248
formation,149836131,1,ᚠᚩᚱᛗᚪᛏᛡᚾ,383
whatever,149080272,1,ᚹᚻᚪᛏᛖᚢᛖᚱ,346
majority,149011492,1,ᛗᚪᛂᚩᚱᛁᛏᚣ,416
approved,148720636,1,ᚪᛈᛈᚱᚩᚢᛖᛞ,360
constant,147964575,1,ᚳᚩᚾᛋᛏᚪᚾᛏ,346
recently,147894341,1,ᚱᛖᚳᛖᚾᛏᛚᚣ,422
expenses,146285997,1,ᛖᛉᛈᛖᚾᛋᛖᛋ,426
assembly,146269571,1,ᚪᛋᛋᛖᛗᛒᛚᚣ,578
selected,145401564,1,ᛋᛖᛚᛖᚳᛏᛖᛞ,488
contains,144246931,1,ᚳᚩᚾᛏᚪᛁᚾᛋ,318
essential,143880152,1,ᛖᛋᛋᛖᚾᛏᛡᛚ,508
domestic,143482344,1,ᛞᚩᛗᛖᛋᛏᛁᚳ,390
containing,143271435,1,ᚳᚩᚾᛏᚪᛁᚾᛝ,344
critical,143128881,1,ᚳᚱᛁᛏᛁᚳᚪᛚ,328
entirely,142948359,1,ᛖᚾᛏᛁᚱᛖᛚᚣ,440
cultural,142569993,1,ᚳᚢᛚᛏᚢᚱᚪᛚ,332
commerce,141462905,1,ᚳᚩᛗᛗᛖᚱᚳᛖ,320
intended,139748699,1,ᛁᚾᛏᛖᚾᛞᛖᛞ,460
subjects,139715153,1,ᛋᚢᛒᛂᛖᚳᛏᛋ,346
ordinary,139556497,1,ᚩᚱᛞᛁᚾᚪᚱᚣ,378
reduction,138665581,1,ᚱᛖᛞᚢᚳᛏᛡᚾ,378
exercise,137765524,1,ᛖᛉᛖᚱᚳᛁᛋᛖ,356
articles,136750977,1,ᚪᚱᛏᛁᚳᛚᛖᛋ,404
purchase,136588869,1,ᛈᚢᚱᚳᚻᚪᛋᛖ,310
requires,135923311,1,ᚱᛖᚳᚹᛁᚱᛖᛋ,272
agencies,135767103,1,ᚪᚷᛖᚾᚳᛁᛖᛋ,374
projects,135423436,1,ᛈᚱᚩᛂᛖᚳᛏᛋ,290
accepted,135251308,1,ᚪᚳᚳᛖᛈᛏᛖᛞ,448
governor,135181604,1,ᚷᚩᚢᛖᚱᚾᚩᚱ,152
remember,134992088,1,ᚱᛖᛗᛖᛗᛒᛖᚱ,426
railroad,134579045,1,ᚱᚪᛁᛚᚱᚩᚪᛞ,416
somewhat,133566346,1,ᛋᚩᛗᛖᚹᚻᚪᛏ,396
accounts,131584647,1,ᚪᚳᚳᚩᚢᚾᛏᛋ,274
families,130238041,1,ᚠᚪᛗᛁᛚᛁᛖᛋ,425
employee,128359570,1,ᛖᛗᛈᛚᚩᚣᛖᛖ,498
policies,126299765,1,ᛈᚩᛚᛁᚳᛁᛖᛋ,318
maintain,123577619,1,ᛗᚪᛁᚾᛏᚪᛁᚾ,444
remained,123261015,1,ᚱᛖᛗᚪᛁᚾᛖᛞ,462
negative,122963898,1,ᚾᛖᚷᚪᛏᛁᚢᛖ,370
advanced,120335125,1,ᚪᛞᚢᚪᚾᚳᛖᛞ,484
affected,120178886,1,ᚪᚠᚠᛖᚳᛏᛖᛞ,396
indicate,119909334,1,ᛁᚾᛞᛁᚳᚪᛏᛖ,416
directed,119675759,1,ᛞᛁᚱᛖᚳᛏᛖᛞ,426
numerous,119577183,1,ᚾᚢᛗᛖᚱᚩᚢᛋ,244
attorney,119523610,1,ᚪᛏᛏᚩᚱᚾᛖᚣ,432
occurred,119057772,1,ᚩᚳᚳᚢᚱᚱᛖᛞ,214
increases,118166169,1,ᛁᚾᚳᚱᛠᛋᛖᛋ,366
decisions,116813095,1,ᛞᛖᚳᛁᛋᛡᚾᛋ,442
developing,116512960,1,ᛞᛖᚢᛖᛚᚩᛈᛝ,428
quantity,116264412,1,ᚳᚹᚪᚾᛏᛁᛏᚣ,410
argument,115828548,1,ᚪᚱᚷᚢᛗᛖᚾᛏ,354
extended,115739672,1,ᛖᛉᛏᛖᚾᛞᛖᛞ,514
daughter,115396599,1,ᛞᚪᚢᚷᚻᛏᛖᚱ,366
criminal,115359582,1,ᚳᚱᛁᛗᛁᚾᚪᛚ,356
slightly,114897055,1,ᛋᛚᛁᚷᚻᛏᛚᚣ,432
beautiful,114843381,1,ᛒᛠᚢᛏᛁᚠᚢᛚ,341
examples,114774776,1,ᛖᛉᚪᛗᛈᛚᛖᛋ,518
citizens,110339987,1,ᚳᛁᛏᛁᛋᛖᚾᛋ,336
medicine,109642486,1,ᛗᛖᛞᛁᚳᛁᚾᛖ,398
payments,108433009,1,ᛈᚪᚣᛗᛖᚾᛏᛋ,522
believed,107619202,1,ᛒᛖᛚᛁᛖᚢᛖᛞ,458
properly,107117365,1,ᛈᚱᚩᛈᛖᚱᛚᚣ,358
illinois,106868622,1,ᛁᛚᛚᛁᚾᚩᛁᛋ,328
processing,106406370,1,ᛈᚱᚩᚳᛖᛋᛋᛝ,326
selection,106104794,1,ᛋᛖᛚᛖᚳᛏᛡᚾ,468
external,106036736,1,ᛖᛉᛏᛖᚱᚾᚪᛚ,450
japanese,105718715,1,ᛂᚪᛈᚪᚾᛖᛋᛖ,490
immediate,105602997,1,ᛁᛗᛗᛖᛞᛡᛏᛖ,562
extension,105200456,1,ᛖᛉᛏᛖᚾᛋᛡᚾ,458
clinical,105070036,1,ᚳᛚᛁᚾᛁᚳᚪᛚ,360
politics,105003848,1,ᛈᚩᛚᛁᛏᛁᚳᛋ,310
supplies,104582541,1,ᛋᚢᛈᛈᛚᛁᛖᛋ,366
recorded,104469430,1,ᚱᛖᚳᚩᚱᛞᛖᛞ,354
happened,104031943,1,ᚻᚪᛈᛈᛖᚾᛖᛞ,458
combined,102421095,1,ᚳᚩᛗᛒᛁᚾᛖᛞ,368
estimate,102182167,1,ᛖᛋᛏᛁᛗᚪᛏᛖ,504
republic,101726442,1,ᚱᛖᛈᚢᛒᛚᛁᚳ,302
conflict,101051058,1,ᚳᚩᚾᚠᛚᛁᚳᛏ,227
improved,100994060,1,ᛁᛗᛈᚱᚩᚢᛖᛞ,322
employer,100485027,1,ᛖᛗᛈᛚᚩᚣᛖᚱ,442
detailed,100199573,1,ᛞᛖᛏᚪᛁᛚᛖᛞ,572
consists,99851431,1,ᚳᚩᚾᛋᛁᛋᛏᛋ,298
suitable,99381002,1,ᛋᚢᛁᛏᚪᛒᛚᛖ,444
opposite,99347841,1,ᚩᛈᛈᚩᛋᛁᛏᛖ,310
adequate,98615365,1,ᚪᛞᛖᚳᚹᚪᛏᛖ,508
admitted,98122307,1,ᚪᛞᛗᛁᛏᛏᛖᛞ,562
liability,97915014,1,ᛚᛡᛒᛁᛚᛁᛏᚣ,538
multiple,95403736,1,ᛗᚢᛚᛏᛁᛈᛚᛖ,420
contrast,95277134,1,ᚳᚩᚾᛏᚱᚪᛋᛏ,328
positions,94740937,1,ᛈᚩᛋᛁᛏᛡᚾᛋ,382
officials,94501286,1,ᚩᚠᚠᛁᚳᛡᛚᛋ,288
mountain,94403398,1,ᛗᚩᚢᚾᛏᚪᛁᚾ,326
parallel,94391655,1,ᛈᚪᚱᚪᛚᛚᛖᛚ,534
australia,93886874,1,ᚪᚢᛋᛏᚱᚪᛚᛡ,500
examined,93752814,1,ᛖᛉᚪᛗᛁᚾᛖᛞ,498
everyone,93738688,1,ᛖᚢᛖᚱᚣᚩᚾᛖ,354
valuable,93328031,1,ᚢᚪᛚᚢᚪᛒᛚᛖ,474
attached,93246447,1,ᚪᛏᛏᚪᚳᚻᛖᛞ,504
regarded,93003024,1,ᚱᛖᚷᚪᚱᛞᛖᛞ,448
straight,92421087,1,ᛋᛏᚱᚪᛁᚷᚻᛏ,350
delivery,92194933,1,ᛞᛖᛚᛁᚢᛖᚱᚣ,444
concrete,90910885,1,ᚳᚩᚾᚳᚱᛖᛏᛖ,266
possibly,90449780,1,ᛈᚩᛋᛋᛁᛒᛚᚣ,424
apparent,90242217,1,ᚪᛈᛈᚪᚱᛖᚾᛏ,446
document,90201211,1,ᛞᚩᚳᚢᛗᛖᚾᛏ,338
relevant,90035780,1,ᚱᛖᛚᛖᚢᚪᚾᛏ,406
patterns,89647582,1,ᛈᚪᛏᛏᛖᚱᚾᛋ,418
michigan,89339577,1,ᛗᛁᚳᚻᛁᚷᚪᚾ,312
contrary,89274402,1,ᚳᚩᚾᛏᚱᚪᚱᚣ,330
declared,89068439,1,ᛞᛖᚳᛚᚪᚱᛖᛞ,506
approval,88709190,1,ᚪᛈᛈᚱᚩᚢᚪᛚ,374
suddenly,88618228,1,ᛋᚢᛞᛞᛖᚾᛚᚣ,506
powerful,88459483,1,ᛈᚩᚹᛖᚱᚠᚢᛚ,225
supposed,88445359,1,ᛋᚢᛈᛈᚩᛋᛖᛞ,358
pursuant,87599423,1,ᛈᚢᚱᛋᚢᚪᚾᛏ,298
schedule,87518486,1,ᛋᚳᚻᛖᛞᚢᛚᛖ,388
recovery,87510089,1,ᚱᛖᚳᚩᚢᛖᚱᚣ,282
aircraft,87231494,1,ᚪᛁᚱᚳᚱᚪᚠᛏ,321
consumer,86784273,1,ᚳᚩᚾᛋᚢᛗᛖᚱ,254
sciences,86207054,1,ᛋᚳᛁᛖᚾᚳᛖᛋ,326
distinct,86014351,1,ᛞᛁᛋᛏᛁᚾᚳᛏ,364
ministry,85941869,1,ᛗᛁᚾᛁᛋᛏᚱᚣ,388
sentence,85660571,1,ᛋᛖᚾᛏᛖᚾᚳᛖ,384
solutions,85224167,1,ᛋᚩᛚᚢᛏᛡᚾᛋ,384
engineers,84735810,1,ᛖᛝᛁᚾᛖᛖᚱᛋ,404
assigned,84190967,1,ᚪᛋᛋᛁᚷᚾᛖᛞ,436
acquired,84139472,1,ᚪᚳᚳᚹᛁᚱᛖᛞ,340
expansion,84075851,1,ᛖᛉᛈᚪᚾᛋᛡᚾ,472
exception,83907293,1,ᛖᛉᚳᛖᛈᛏᛡᚾ,432
yourself,83378824,1,ᚣᚩᚢᚱᛋᛖᛚᚠ,319
strategy,83064671,1,ᛋᛏᚱᚪᛏᛖᚷᚣ,466
identity,82548756,1,ᛁᛞᛖᚾᛏᛁᛏᚣ,468
deposits,82288801,1,ᛞᛖᛈᚩᛋᛁᛏᛋ,402
suggests,82264965,1,ᛋᚢᚷᚷᛖᛋᛏᛋ,322
contents,82104657,1,ᚳᚩᚾᛏᛖᚾᛏᛋ,316
proposal,81253567,1,ᛈᚱᚩᛈᚩᛋᚪᛚ,334
absolute,79705390,1,ᚪᛒᛋᚩᛚᚢᛏᛖ,420
academic,79264850,1,ᚪᚳᚪᛞᛖᛗᛁᚳ,478
describe,78907125,1,ᛞᛖᛋᚳᚱᛁᛒᛖ,392
accident,78660806,1,ᚪᚳᚳᛁᛞᛖᚾᛏ,398
attitude,78564736,1,ᚪᛏᛏᛁᛏᚢᛞᛖ,464
appendix,78412547,1,ᚪᛈᛈᛖᚾᛞᛁᛉ,446
soldiers,78131977,1,ᛋᚩᛚᛞᛁᛖᚱᛋ,384
literary,77840365,1,ᛚᛁᛏᛖᚱᚪᚱᚣ,452
counties,77675070,1,ᚳᚩᚢᚾᛏᛁᛖᛋ,262
finished,77551586,1,ᚠᛁᚾᛁᛋᚻᛖᛞ,325
composed,77144475,1,ᚳᚩᛗᛈᚩᛋᛖᛞ,350
province,76725735,1,ᛈᚱᚩᚢᛁᚾᚳᛖ,204
campaign,76694522,1,ᚳᚪᛗᛈᚪᛁᚷᚾ,398
branches,76658122,1,ᛒᚱᚪᚾᚳᚻᛖᛋ,354
answered,76623391,1,ᚪᚾᛋᚹᛖᚱᛖᛞ,432
carolina,76560591,1,ᚳᚪᚱᚩᛚᛁᚾᚪ,358
exposure,76531824,1,ᛖᛉᛈᚩᛋᚢᚱᛖ,298
identify,75931075,1,ᛁᛞᛖᚾᛏᛁᚠᚣ,411
emphasis,75689000,1,ᛖᛗᛈᚻᚪᛋᛁᛋ,438
tradition,75620512,1,ᛏᚱᚪᛞᛁᛏᛡᚾ,482
informed,75089677,1,ᛁᚾᚠᚩᚱᛗᛖᛞ,307
thousands,74988466,1,ᚦᚩᚢᛋᚪᚾᛞᛋ,336
symptoms,74733149,1,ᛋᚣᛗᛈᛏᚩᛗᛋ,460
doctrine,74678849,1,ᛞᚩᚳᛏᚱᛁᚾᛖ,306
boundary,74672849,1,ᛒᚩᚢᚾᛞᚪᚱᚣ,400
achieved,74472803,1,ᚪᚳᚻᛁᛖᚢᛖᛞ,390
facility,74456616,1,ᚠᚪᚳᛁᛚᛁᛏᚣ,409
occupied,74279524,1,ᚩᚳᚳᚢᛈᛁᛖᛞ,266
accounting,73878477,1,ᚪᚳᚳᚩᚢᚾᛏᛝ,300
concerns,73360963,1,ᚳᚩᚾᚳᛖᚱᚾᛋ,222
resource,73346378,1,ᚱᛖᛋᚩᚢᚱᚳᛖ,232
variables,72668882,1,ᚢᚪᚱᛡᛒᛚᛖᛋ,472
mortgage,72514061,1,ᛗᚩᚱᛏᚷᚪᚷᛖ,346
operated,72134018,1,ᚩᛈᛖᚱᚪᛏᛖᛞ,440
machines,72133998,1,ᛗᚪᚳᚻᛁᚾᛖᛋ,384
magnetic,71853386,1,ᛗᚪᚷᚾᛖᛏᛁᚳ,384
supplied,71720694,1,ᛋᚢᛈᛈᛚᛁᛖᛞ,402
software,71046825,1,ᛋᚩᚠᛏᚹᚪᚱᛖ,315
comments,71005136,1,ᚳᚩᛗᛗᛖᚾᛏᛋ,370
vertical,70981737,1,ᚢᛖᚱᛏᛁᚳᚪᛚ,354
dangerous,70659279,1,ᛞᚪᛝᛖᚱᚩᚢᛋ,406
proceeding,70631314,1,ᛈᚱᚩᚳᛖᛖᛞᛝ,376
sequence,70533290,1,ᛋᛖᚳᚹᛖᚾᚳᛖ,328
execution,70340227,1,ᛖᛉᛖᚳᚢᛏᛡᚾ,392
continuing,70276459,1,ᚳᚩᚾᛏᛁᚾᚢᛝ,250
category,70230912,1,ᚳᚪᛏᛖᚷᚩᚱᚣ,374
intention,70083004,1,ᛁᚾᛏᛖᚾᛏᛡᚾ,410
commonly,69670149,1,ᚳᚩᛗᛗᚩᚾᛚᚣ,374
struggle,69603747,1,ᛋᛏᚱᚢᚷᚷᛚᛖ,300
rendered,69084166,1,ᚱᛖᚾᛞᛖᚱᛖᛞ,430
resulted,68754181,1,ᚱᛖᛋᚢᛚᛏᛖᛞ,422
velocity,67929811,1,ᚢᛖᛚᚩᚳᛁᛏᚣ,356
challenge,67753365,1,ᚳᚻᚪᛚᛚᛖᛝᛖ,492
obviously,67662808,1,ᚩᛒᚢᛡᚢᛋᛚᚣ,410
treasurer,67474214,1,ᛏᚱᛠᛋᚢᚱᛖᚱ,324
abstract,67379482,1,ᚪᛒᛋᛏᚱᚪᚳᛏ,450
magazine,67124987,1,ᛗᚪᚷᚪᛋᛁᚾᛖ,462
whenever,66676170,1,ᚹᚻᛖᚾᛖᚢᛖᚱ,286
register,66567093,1,ᚱᛖᚷᛁᛋᛏᛖᚱ,316
formerly,66412478,1,ᚠᚩᚱᛗᛖᚱᛚᚣ,345
tendency,66356699,1,ᛏᛖᚾᛞᛖᚾᚳᚣ,456
vehicles,66162365,1,ᚢᛖᚻᛁᚳᛚᛖᛋ,330
accurate,66105069,1,ᚪᚳᚳᚢᚱᚪᛏᛖ,360
presents,65707666,1,ᛈᚱᛖᛋᛖᚾᛏᛋ,382
electron,65595493,1,ᛖᛚᛖᚳᛏᚱᚩᚾ,326
attempts,65545018,1,ᚪᛏᛏᛖᛗᛈᛏᛋ,508
pictures,65300241,1,ᛈᛁᚳᛏᚢᚱᛖᛋ,280
controls,64973167,1,ᚳᚩᚾᛏᚱᚩᛚᛋ,252
resolved,64913184,1,ᚱᛖᛋᚩᛚᚢᛖᛞ,370
modified,64716393,1,ᛗᚩᛞᛁᚠᛁᛖᛞ,387
elizabeth,64707090,0,ᛖᛚᛁᛋᚪᛒᛖᚦ,454
concepts,63293933,1,ᚳᚩᚾᚳᛖᛈᛏᛋ,284
operator,62924795,1,ᚩᛈᛖᚱᚪᛏᚩᚱ,302
evolution,62801582,1,ᛖᚢᚩᛚᚢᛏᛡᚾ,348
atlantic,62763832,1,ᚪᛏᛚᚪᚾᛏᛁᚳ,458
scotland,62668359,1,ᛋᚳᚩᛏᛚᚪᚾᛞ,420
audience,62303443,1,ᚪᚢᛞᛁᛖᚾᚳᛖ,396
normally,61878495,1,ᚾᚩᚱᛗᚪᛚᛚᚣ,464
infection,61863595,1,ᛁᚾᚠᛖᚳᛏᛡᚾ,337
publishing,61707581,1,ᛈᚢᛒᛚᛁᛋᚻᛝ,366
involves,61464335,1,ᛁᚾᚢᚩᛚᚢᛖᛋ,266
attended,61397100,1,ᚪᛏᛏᛖᚾᛞᛖᛞ,556
bulletin,61095741,1,ᛒᚢᛚᛚᛖᛏᛁᚾ,396
languages,61069458,1,ᛚᚪᛝᚢᚪᚷᛖᛋ,486
frequent,60826911,1,ᚠᚱᛖᚳᚹᛖᚾᛏ,267
equations,60784725,1,ᛖᚳᚹᚪᛏᛡᚾᛋ,444
statutes,60506835,1,ᛋᛏᚪᛏᚢᛏᛖᛋ,450
definite,59836183,1,ᛞᛖᚠᛁᚾᛁᛏᛖ,375
physician,59220410,1,ᛈᚻᚣᛋᛁᚳᛡᚾ,402
diagnosis,59199743,1,ᛞᛡᚷᚾᚩᛋᛁᛋ,386
suffered,59171815,1,ᛋᚢᚠᚠᛖᚱᛖᛞ,294
coverage,58635895,1,ᚳᚩᚢᛖᚱᚪᚷᛖ,282
entrance,58509421,1,ᛖᚾᛏᚱᚪᚾᚳᛖ,372
objection,58347619,1,ᚩᛒᛂᛖᚳᛏᛡᚾ,380
churches,58299560,1,ᚳᚻᚢᚱᚳᚻᛖᛋ,206
accuracy,57969235,1,ᚪᚳᚳᚢᚱᚪᚳᚣ,350
probable,57957251,1,ᛈᚱᚩᛒᚪᛒᛚᛖ,420
thickness,57927782,1,ᚦᛁᚳᚳᚾᛖᛋᛋ,264
supporting,57919497,1,ᛋᚢᛈᛈᚩᚱᛏᛝ,298
variations,57788471,1,ᚢᚪᚱᛡᛏᛡᚾᛋ,466
customer,57784204,1,ᚳᚢᛋᛏᚩᛗᛖᚱ,284
managers,57401816,1,ᛗᚪᚾᚪᚷᛖᚱᛋ,442
consisting,57367182,1,ᚳᚩᚾᛋᛁᛋᛏᛝ,324
replaced,56762963,1,ᚱᛖᛈᛚᚪᚳᛖᛞ,460
premises,56608070,1,ᛈᚱᛖᛗᛁᛋᛖᛋ,396
missouri,56598172,1,ᛗᛁᛋᛋᚩᚢᚱᛁ,260
graduate,56184231,1,ᚷᚱᚪᛞᚢᚪᛏᛖ,440
terminal,55843100,1,ᛏᛖᚱᛗᛁᚾᚪᛚ,438
monitoring,55709096,1,ᛗᚩᚾᛁᛏᚩᚱᛝ,294
behaviour,55571546,1,ᛒᛖᚻᚪᚢᛡᚢᚱ,372
reserved,55541184,1,ᚱᛖᛋᛖᚱᚢᛖᛞ,368
hydrogen,55528143,1,ᚻᚣᛞᚱᚩᚷᛖᚾ,346
admission,55519137,1,ᚪᛞᛗᛁᛋᛋᛡᚾ,530
pollution,55370385,1,ᛈᚩᛚᛚᚢᛏᛡᚾ,394
isolated,54909218,1,ᛁᛋᚩᛚᚪᛏᛖᛞ,476
moderate,54308886,1,ᛗᚩᛞᛖᚱᚪᛏᛖ,468
minority,53985797,1,ᛗᛁᚾᚩᚱᛁᛏᚣ,342
trustees,53936472,1,ᛏᚱᚢᛋᛏᛖᛖᛋ,372
associate,53660995,1,ᚪᛋᛋᚩᚳᛡᛏᛖ,456
colorado,53608271,1,ᚳᚩᛚᚩᚱᚪᛞᚩ,304
resident,53345076,1,ᚱᛖᛋᛁᛞᛖᚾᛏ,406
nitrogen,53255169,1,ᚾᛁᛏᚱᚩᚷᛖᚾ,250
emotional,53206365,1,ᛖᛗᚩᛏᛡᚾᚪᛚ,510
shoulder,53177042,1,ᛋᚻᚩᚢᛚᛞᛖᚱ,326
incident,52335602,1,ᛁᚾᚳᛁᛞᛖᚾᛏ,348
guidance,52297100,1,ᚷᚢᛁᛞᚪᚾᚳᛖ,346
receipts,52188725,1,ᚱᛖᚳᛖᛁᛈᛏᛋ,344
spectrum,52029114,1,ᛋᛈᛖᚳᛏᚱᚢᛗ,320
seriously,51953012,1,ᛋᛖᚱᛡᚢᛋᛚᚣ,470
adjacent,51819441,1,ᚪᛞᛂᚪᚳᛖᚾᛏ,488
compound,51736533,1,ᚳᚩᛗᛈᚩᚢᚾᛞ,262
surfaces,51359488,1,ᛋᚢᚱᚠᚪᚳᛖᛋ,299
executed,51199880,1,ᛖᛉᛖᚳᚢᛏᛖᛞ,412
lawrence,51150715,0,ᛚᚪᚹᚱᛖᚾᚳᛖ,376
elections,51077997,1,ᛖᛚᛖᚳᛏᛡᚾᛋ,468
disposal,51019870,1,ᛞᛁᛋᛈᚩᛋᚪᛚ,446
colleges,50987362,1,ᚳᚩᛚᛚᛖᚷᛖᛋ,370
currency,50983285,1,ᚳᚢᚱᚱᛖᚾᚳᚣ,250
situated,50893011,1,ᛋᛁᛏᚢᚪᛏᛖᛞ,458
circular,50711168,1,ᚳᛁᚱᚳᚢᛚᚪᚱ,252
ultimate,50640792,1,ᚢᛚᛏᛁᛗᚪᛏᛖ,460
rejected,50413814,1,ᚱᛖᛂᛖᚳᛏᛖᛞ,410
likewise,50288512,1,ᛚᛁᚳᛖᚹᛁᛋᛖ,354
calendar,50245849,1,ᚳᚪᛚᛖᚾᛞᚪᚱ,476
chapters,50202940,1,ᚳᚻᚪᛈᛏᛖᚱᛋ,366
analyses,50084359,1,ᚪᚾᚪᛚᚣᛋᛖᛋ,572
passenger,49999029,1,ᛈᚪᛋᛋᛖᛝᛖᚱ,470
proceeds,49979198,1,ᛈᚱᚩᚳᛖᛖᛞᛋ,350
confined,49791059,1,ᚳᚩᚾᚠᛁᚾᛖᛞ,267
membrane,49761132,1,ᛗᛖᛗᛒᚱᚪᚾᛖ,474
specimen,49723702,1,ᛋᛈᛖᚳᛁᛗᛖᚾ,374
carriers,49609853,1,ᚳᚪᚱᚱᛁᛖᚱᛋ,294
underlying,49396035,1,ᚢᚾᛞᛖᚱᛚᚣᛝ,454
annually,49309361,1,ᚪᚾᚾᚢᚪᛚᛚᚣ,504
quarters,49051514,1,ᚳᚹᚪᚱᛏᛖᚱᛋ,330
anderson,48930293,0,ᚪᚾᛞᛖᚱᛋᚩᚾ,382
salaries,48911677,1,ᛋᚪᛚᚪᚱᛁᛖᛋ,482
adjusted,48898189,1,ᚪᛞᛂᚢᛋᛏᛖᛞ,494
promotion,48816092,1,ᛈᚱᚩᛗᚩᛏᛡᚾ,334
thereafter,48737794,1,ᚦᛖᚱᛠᚠᛏᛖᚱ,331
retained,48618025,1,ᚱᛖᛏᚪᛁᚾᛖᛞ,450
advisory,48016668,1,ᚪᛞᚢᛁᛋᚩᚱᚣ,394
produces,47600136,1,ᛈᚱᚩᛞᚢᚳᛖᛋ,286
divisions,46910095,1,ᛞᛁᚢᛁᛋᛡᚾᛋ,396
surprise,46888832,1,ᛋᚢᚱᛈᚱᛁᛋᛖ,272
internet,46649005,1,ᛁᚾᛏᛖᚱᚾᛖᛏ,352
interval,46271369,1,ᛁᚾᛏᛖᚱᚢᚪᛚ,370
eligible,45955071,1,ᛖᛚᛁᚷᛁᛒᛚᛖ,420
networks,45889733,1,ᚾᛖᛏᚹᚩᚱᚳᛋ,258
reserves,45774408,1,ᚱᛖᛋᛖᚱᚢᛖᛋ,332
promised,45542524,1,ᛈᚱᚩᛗᛁᛋᛖᛞ,372
maryland,45355977,1,ᛗᚪᚱᚣᛚᚪᚾᛞ,570
scarcely,45258199,1,ᛋᚳᚪᚱᚳᛖᛚᚣ,430
channels,45158283,1,ᚳᚻᚪᚾᚾᛖᛚᛋ,384
decreased,44705588,1,ᛞᛖᚳᚱᛠᛋᛖᛞ,498
friendly,44556216,1,ᚠᚱᛁᛖᚾᛞᛚᚣ,405
injuries,44541534,1,ᛁᚾᛂᚢᚱᛁᛖᛋ,262
imported,44523384,1,ᛁᛗᛈᚩᚱᛏᛖᛞ,378
survival,44438606,1,ᛋᚢᚱᚢᛁᚢᚪᛚ,274
hundreds,44385889,1,ᚻᚢᚾᛞᚱᛖᛞᛋ,364
scholars,44175610,1,ᛋᚳᚻᚩᛚᚪᚱᛋ,330
synthesis,44069459,1,ᛋᚣᚾᚦᛖᛋᛁᛋ,394
veterans,43785014,1,ᚢᛖᛏᛖᚱᚪᚾᛋ,386
requests,43749921,1,ᚱᛖᚳᚹᛖᛋᛏᛋ,342
drainage,43509819,1,ᛞᚱᚪᛁᚾᚪᚷᛖ,438
confusion,43471718,1,ᚳᚩᚾᚠᚢᛋᛡᚾ,243
dominant,43460327,1,ᛞᚩᛗᛁᚾᚪᚾᛏ,412
enormous,43358813,1,ᛖᚾᚩᚱᛗᚩᚢᛋ,248
conscious,43347681,1,ᚳᚩᚾᛋᚳᛡᚢᛋ,278
partners,43347654,1,ᛈᚪᚱᛏᚾᛖᚱᛋ,370
hamilton,43323775,0,ᚻᚪᛗᛁᛚᛏᚩᚾ,390
saturday,43289756,1,ᛋᚪᛏᚢᚱᛞᚪᚣ,512
servants,43245088,1,ᛋᛖᚱᚢᚪᚾᛏᛋ,372
revenues,43033892,1,ᚱᛖᚢᛖᚾᚢᛖᛋ,300
overcome,42968313,1,ᚩᚢᛖᚱᚳᚩᛗᛖ,246
particle,42887630,1,ᛈᚪᚱᛏᛁᚳᛚᛖ,394
colonies,42819088,1,ᚳᚩᛚᚩᚾᛁᛖᛋ,280
advances,42730714,1,ᚪᛞᚢᚪᚾᚳᛖᛋ,448
moisture,42672587,1,ᛗᚩᛁᛋᛏᚢᚱᛖ,302
demanded,42663358,1,ᛞᛖᛗᚪᚾᛞᛖᛞ,598
validity,42573003,1,ᚢᚪᛚᛁᛞᛁᛏᚣ,486
detection,42456740,1,ᛞᛖᛏᛖᚳᛏᛡᚾ,490
indicating,42363762,1,ᛁᚾᛞᛁᚳᚪᛏᛝ,428
occasions,42175170,1,ᚩᚳᚳᚪᛋᛡᚾᛋ,372
merchant,42039193,1,ᛗᛖᚱᚳᚻᚪᚾᛏ,370
darkness,41807161,1,ᛞᚪᚱᚳᚾᛖᛋᛋ,412
township,41736443,1,ᛏᚩᚹᚾᛋᚻᛁᛈ,264
reviewed,41724571,1,ᚱᛖᚢᛁᛖᚹᛖᛞ,354
dramatic,41719517,1,ᛞᚱᚪᛗᚪᛏᛁᚳ,468
louisiana,41425435,1,ᛚᚩᚢᛁᛋᛡᚾᚪ,400
expanded,41382162,1,ᛖᛉᛈᚪᚾᛞᛖᛞ,528
cultures,41298248,1,ᚳᚢᛚᛏᚢᚱᛖᛋ,282
incurred,41232274,1,ᛁᚾᚳᚢᚱᚱᛖᛞ,254
conclude,41199866,1,ᚳᚩᚾᚳᛚᚢᛞᛖ,294
locations,40980047,1,ᛚᚩᚳᚪᛏᛡᚾᛋ,438
excluded,40867502,1,ᛖᛉᚳᛚᚢᛞᛖᛞ,448
disposed,40772776,1,ᛞᛁᛋᛈᚩᛋᛖᛞ,432
discover,40596139,1,ᛞᛁᛋᚳᚩᚢᛖᚱ,274
preserve,40464912,1,ᛈᚱᛖᛋᛖᚱᚢᛖ,322
kentucky,40448920,1,ᚳᛖᚾᛏᚢᚳᚳᚣ,300
cylinder,40375248,1,ᚳᚣᛚᛁᚾᛞᛖᚱ,416
franklin,40317117,0,ᚠᚱᚪᚾᚳᛚᛁᚾ,285
villages,40239216,1,ᚢᛁᛚᛚᚪᚷᛖᛋ,414
partially,40139896,1,ᛈᚪᚱᛏᛡᛚᛚᚣ,566
initially,40113786,1,ᛁᚾᛁᛏᛡᛚᛚᚣ,506
strictly,40050820,1,ᛋᛏᚱᛁᚳᛏᛚᚣ,402
monetary,39995565,1,ᛗᚩᚾᛖᛏᚪᚱᚣ,444
equipped,39636649,1,ᛖᚳᚹᛁᛈᛈᛖᛞ,372
universe,39605776,1,ᚢᚾᛁᚢᛖᚱᛋᛖ,264
educated,39600972,1,ᛖᛞᚢᚳᚪᛏᛖᛞ,484
assessed,39517238,1,ᚪᛋᛋᛖᛋᛋᛖᛞ,532
minerals,39364122,1,ᛗᛁᚾᛖᚱᚪᛚᛋ,432
inflation,39220149,1,ᛁᚾᚠᛚᚪᛏᛡᚾ,427
platform,39095223,1,ᛈᛚᚪᛏᚠᚩᚱᛗ,363
migration,38964810,1,ᛗᛁᚷᚱᚪᛏᛡᚾ,422
recreation,38895758,1,ᚱᛖᚳᚱᛠᛏᛡᚾ,406
believes,38825486,1,ᛒᛖᛚᛁᛖᚢᛖᛋ,422
dynamics,38679345,1,ᛞᚣᚾᚪᛗᛁᚳᛋ,486
northwest,38551315,1,ᚾᚩᚱᚦᚹᛖᛋᛏ,250
editorial,38528709,1,ᛖᛞᛁᛏᚩᚱᛡᛚ,444
disorder,38092034,1,ᛞᛁᛋᚩᚱᛞᛖᚱ,358
performing,38080757,1,ᛈᛖᚱᚠᚩᚱᛗᛝ,291
historic,38030663,1,ᚻᛁᛋᛏᚩᚱᛁᚳ,228
marshall,37765319,0,ᛗᚪᚱᛋᚻᚪᛚᛚ,498
lectures,37759500,1,ᛚᛖᚳᛏᚢᚱᛖᛋ,346
comprising,37670669,1,ᚳᚩᛗᛈᚱᛁᛋᛝ,308
margaret,37613247,0,ᛗᚪᚱᚷᚪᚱᛖᛏ,430
database,37435406,1,ᛞᚪᛏᚪᛒᚪᛋᛖ,620
respects,37335355,1,ᚱᛖᛋᛈᛖᚳᛏᛋ,366
terrible,37180070,1,ᛏᛖᚱᚱᛁᛒᛚᛖ,380
oriented,37130751,1,ᚩᚱᛁᛖᚾᛏᛖᛞ,360
injection,37093296,1,ᛁᚾᛂᛖᚳᛏᛡᚾ,372
evaluate,36936281,1,ᛖᚢᚪᛚᚢᚪᛏᛖ,466
campbell,36922515,0,ᚳᚪᛗᛈᛒᛖᛚᛚ,498
wildlife,36891743,1,ᚹᛁᛚᛞᛚᛁᚠᛖ,385
posterior,36839445,1,ᛈᚩᛋᛏᛖᚱᛡᚱ,358
visitors,36779125,1,ᚢᛁᛋᛁᛏᚩᚱᛋ,248
supports,36760905,1,ᛋᚢᛈᛈᚩᚱᛏᛋ,272
threatened,36725551,1,ᚦᚱᛠᛏᛖᚾᛖᛞ,436
socialist,36686489,1,ᛋᚩᚳᛡᛚᛁᛋᛏ,396
receives,36603776,1,ᚱᛖᚳᛖᛁᚢᛖᛋ,312
proteins,36541461,1,ᛈᚱᚩᛏᛖᛁᚾᛋ,300
receiver,36512086,1,ᚱᛖᚳᛖᛁᚢᛖᚱ,270
declined,36411495,1,ᛞᛖᚳᛚᛁᚾᛖᛞ,458
eighteen,36330784,1,ᛖᛁᚷᚻᛏᛖᛖᚾ,360
computed,36301663,1,ᚳᚩᛗᛈᚢᛏᛖᛞ,352
tomorrow,36234196,1,ᛏᚩᛗᚩᚱᚱᚩᚹ,192
bargaining,36195008,1,ᛒᚪᚱᚷᚪᛁᚾᛝ,422
producer,35989888,1,ᛈᚱᚩᛞᚢᚳᛖᚱ,244
wherever,35977763,1,ᚹᚻᛖᚱᛖᚢᛖᚱ,268
syndrome,35809275,1,ᛋᚣᚾᛞᚱᚩᛗᛖ,430
inclined,35768626,1,ᛁᚾᚳᛚᛁᚾᛖᛞ,362
taxpayer,35723882,1,ᛏᚪᛉᛈᚪᚣᛖᚱ,524
chloride,35480885,1,ᚳᚻᛚᚩᚱᛁᛞᛖ,314
oklahoma,35350189,1,ᚩᚳᛚᚪᚻᚩᛗᚪ,388
abundant,35296118,1,ᚪᛒᚢᚾᛞᚪᚾᛏ,464
diffusion,35257449,1,ᛞᛁᚠᚠᚢᛋᛡᚾ,316
surgical,35164890,1,ᛋᚢᚱᚷᛁᚳᚪᛚ,298
flexible,35112561,1,ᚠᛚᛖᛉᛁᛒᛚᛖ,421
integral,35042139,1,ᛁᚾᛏᛖᚷᚱᚪᛚ,384
humanity,35022873,1,ᚻᚢᛗᚪᚾᛁᛏᚣ,416
indirect,35018462,1,ᛁᚾᛞᛁᚱᛖᚳᛏ,330
robinson,34969437,0,ᚱᚩᛒᛁᚾᛋᚩᚾ,228
anywhere,34881439,1,ᚪᚾᚣᚹᚻᛖᚱᛖ,416
inserted,34867952,1,ᛁᚾᛋᛖᚱᛏᛖᛞ,406
equality,34824836,1,ᛖᚳᚹᚪᛚᛁᛏᚣ,462
exemption,34759922,1,ᛖᛉᛖᛗᛈᛏᛡᚾ,490
meanwhile,34576330,1,ᛗᛠᚾᚹᚻᛁᛚᛖ,422
algorithm,34464507,1,ᚪᛚᚷᚩᚱᛁᚦᛗ,312
describing,34431237,1,ᛞᛖᛋᚳᚱᛁᛒᛝ,404
aluminum,34254891,1,ᚪᛚᚢᛗᛁᚾᚢᛗ,378
invention,33913480,1,ᛁᚾᚢᛖᚾᛏᛡᚾ,354
reversed,33876481,1,ᚱᛖᚢᛖᚱᛋᛖᛞ,368
prisoner,33848090,1,ᛈᚱᛁᛋᚩᚾᛖᚱ,252
attacked,33729174,1,ᚪᛏᛏᚪᚳᚳᛖᛞ,494
detected,33456329,1,ᛞᛖᛏᛖᚳᛏᛖᛞ,510
assisted,33445051,1,ᚪᛋᛋᛁᛋᛏᛖᛞ,502
pakistan,33307424,1,ᛈᚪᚳᛁᛋᛏᚪᚾ,422
regiment,33163260,1,ᚱᛖᚷᛁᛗᛖᚾᛏ,352
nutrition,33039492,1,ᚾᚢᛏᚱᛁᛏᛡᚾ,328
elevation,32949285,1,ᛖᛚᛖᚢᚪᛏᛡᚾ,502
prospect,32884498,1,ᛈᚱᚩᛋᛈᛖᚳᛏ,296
specially,32817946,1,ᛋᛈᛖᚳᛡᛚᛚᚣ,532
dimension,32665647,1,ᛞᛁᛗᛖᚾᛋᛡᚾ,476
infinite,32621564,1,ᛁᚾᚠᛁᚾᛁᛏᛖ,279
railways,32619738,1,ᚱᚪᛁᛚᚹᚪᚣᛋ,484
affirmed,32577380,1,ᚪᚠᚠᛁᚱᛗᛖᛞ,370
fourteen,32504144,1,ᚠᚩᚢᚱᛏᛖᛖᚾ,245
restored,32432528,1,ᚱᛖᛋᛏᚩᚱᛖᛞ,364
messages,32381937,1,ᛗᛖᛋᛋᚪᚷᛖᛋ,478
attained,32324681,1,ᚪᛏᛏᚪᛁᚾᛖᛞ,528
portrait,32317875,1,ᛈᚩᚱᛏᚱᚪᛁᛏ,318
initiated,32311746,1,ᛁᚾᛁᛏᛡᛏᛖᛞ,472
conducting,32212277,1,ᚳᚩᚾᛞᚢᚳᛏᛝ,292
vicinity,32207658,1,ᚢᛁᚳᛁᚾᛁᛏᚣ,300
passages,32191885,1,ᛈᚪᛋᛋᚪᚷᛖᛋ,480
valuation,32173986,1,ᚢᚪᛚᚢᚪᛏᛡᚾ,468
twentieth,32160844,1,ᛏᚹᛖᚾᛏᛁᛖᚦ,336
brilliant,31961684,1,ᛒᚱᛁᛚᛚᛡᚾᛏ,444
chambers,31898102,1,ᚳᚻᚪᛗᛒᛖᚱᛋ,396
purchasing,31858000,1,ᛈᚢᚱᚳᚻᚪᛋᛝ,322
richmond,31736896,1,ᚱᛁᚳᚻᛗᚩᚾᛞ,274
reflects,31699540,1,ᚱᛖᚠᛚᛖᚳᛏᛋ,345
segments,31647157,1,ᛋᛖᚷᛗᛖᚾᛏᛋ,416
explains,31634125,1,ᛖᛉᛈᛚᚪᛁᚾᛋ,440
breakfast,31589664,1,ᛒᚱᛠᚳᚠᚪᛋᛏ,405
benjamin,31476529,1,ᛒᛖᚾᛂᚪᛗᛁᚾ,422
captured,31411048,1,ᚳᚪᛈᛏᚢᚱᛖᛞ,382
premiums,31310061,1,ᛈᚱᛖᛗᛁᚢᛗᛋ,350
analyzed,31229286,1,ᚪᚾᚪᛚᚣᛋᛖᛞ,608
hardware,31178824,1,ᚻᚪᚱᛞᚹᚪᚱᛖ,414
portland,31106799,1,ᛈᚩᚱᛏᛚᚪᚾᛞ,408
surprising,31049006,1,ᛋᚢᚱᛈᚱᛁᛋᛝ,284
precision,31006771,1,ᛈᚱᛖᚳᛁᛋᛡᚾ,354
crystals,30995547,1,ᚳᚱᚣᛋᛏᚪᛚᛋ,462
insisted,30924544,1,ᛁᚾᛋᛁᛋᛏᛖᛞ,412
elevated,30892348,1,ᛖᛚᛖᚢᚪᛏᛖᛞ,522
generate,30861991,1,ᚷᛖᚾᛖᚱᚪᛏᛖ,414
connecting,30772423,1,ᚳᚩᚾᚾᛖᚳᛏᛝ,296
attempting,30641278,1,ᚪᛏᛏᛖᛗᛈᛏᛝ,534
handbook,30593823,1,ᚻᚪᚾᛞᛒᚩᚩᚳ,326
threshold,30570944,1,ᚦᚱᛖᛋᚻᚩᛚᛞ,328
innocent,30469797,1,ᛁᚾᚾᚩᚳᛖᚾᛏ,264
enhanced,30451340,1,ᛖᚾᚻᚪᚾᚳᛖᛞ,414
contacts,30432939,1,ᚳᚩᚾᛏᚪᚳᛏᛋ,330
reception,30299196,1,ᚱᛖᚳᛖᛈᛏᛡᚾ,396
disaster,30294881,1,ᛞᛁᛋᚪᛋᛏᛖᚱ,460
marginal,30292256,1,ᛗᚪᚱᚷᛁᚾᚪᛚ,426
outcomes,30286737,1,ᚩᚢᛏᚳᚩᛗᛖᛋ,280
southwest,30262075,1,ᛋᚩᚢᚦᚹᛖᛋᛏ,266
isolation,30237517,1,ᛁᛋᚩᛚᚪᛏᛡᚾ,456
arrested,30181232,1,ᚪᚱᚱᛖᛋᛏᛖᛞ,454
inspired,30135997,1,ᛁᚾᛋᛈᛁᚱᛖᛞ,354
inherent,30108197,1,ᛁᚾᚻᛖᚱᛖᚾᛏ,316
juvenile,30097119,1,ᛂᚢᚢᛖᚾᛁᛚᛖ,310
absorbed,29999490,1,ᚪᛒᛋᚩᚱᛒᛖᛞ,446
tropical,29979799,1,ᛏᚱᚩᛈᛁᚳᚪᛚ,334
disputes,29910982,1,ᛞᛁᛋᛈᚢᛏᛖᛋ,398
unlikely,29767348,1,ᚢᚾᛚᛁᚳᛖᛚᚣ,392
informal,29725445,1,ᛁᚾᚠᚩᚱᛗᚪᛚ,321
temporal,29659037,1,ᛏᛖᛗᛈᚩᚱᚪᛚ,428
balanced,29640781,1,ᛒᚪᛚᚪᚾᚳᛖᛞ,526
amounted,29630485,1,ᚪᛗᚩᚢᚾᛏᛖᛞ,422
collecting,29447777,1,ᚳᚩᛚᛚᛖᚳᛏᛝ,384
effected,29420142,1,ᛖᚠᚠᛖᚳᛏᛖᛞ,366
companion,29380983,1,ᚳᚩᛗᛈᚪᚾᛡᚾ,396
workshop,29377566,1,ᚹᚩᚱᚳᛋᚻᚩᛈ,176
archives,29361892,1,ᚪᚱᚳᚻᛁᚢᛖᛋ,298
geography,29213668,1,ᚷᛇᚷᚱᚪᛈᚻᚣ,352
forestry,29158559,1,ᚠᚩᚱᛖᛋᛏᚱᚣ,313
protocol,29133299,1,ᛈᚱᚩᛏᚩᚳᚩᛚ,220
distress,29110008,1,ᛞᛁᛋᛏᚱᛖᛋᛋ,416
mitchell,29078164,0,ᛗᛁᛏᚳᚻᛖᛚᛚ,410
wondered,28974873,1,ᚹᚩᚾᛞᛖᚱᛖᛞ,378
maturity,28878062,1,ᛗᚪᛏᚢᚱᛁᛏᚣ,434
highways,28789985,1,ᚻᛁᚷᚻᚹᚪᚣᛋ,366
delicate,28763709,1,ᛞᛖᛚᛁᚳᚪᛏᛖ,496
deduction,28751728,1,ᛞᛖᛞᚢᚳᛏᛡᚾ,456
frontier,28705421,1,ᚠᚱᚩᚾᛏᛁᛖᚱ,217
delaware,28621940,1,ᛞᛖᛚᚪᚹᚪᚱᛖ,520
scottish,28612246,1,ᛋᚳᚩᛏᛏᛁᛋᚻ,298
enthusiasm,28587645,1,ᛖᚾᚦᚢᛋᛡᛋᛗ,388
outlined,28534634,1,ᚩᚢᛏᛚᛁᚾᛖᛞ,358
feedback,28531009,1,ᚠᛖᛖᛞᛒᚪᚳᚳ,409
infantry,28526039,1,ᛁᚾᚠᚪᚾᛏᚱᚣ,361
favorite,28467146,1,ᚠᚪᚢᚩᚱᛁᛏᛖ,277
respecting,28448430,1,ᚱᛖᛋᛈᛖᚳᛏᛝ,392
profound,28410917,1,ᛈᚱᚩᚠᚩᚢᚾᛞ,191
artistic,28409803,1,ᚪᚱᛏᛁᛋᛏᛁᚳ,354
hereafter,28375595,1,ᚻᛖᚱᛠᚠᛏᛖᚱ,349
discussing,28361894,1,ᛞᛁᛋᚳᚢᛋᛋᛝ,374
governed,28343317,1,ᚷᚩᚢᛖᚱᚾᛖᛞ,290
withdrawn,28332274,1,ᚹᛁᚦᛞᚱᚪᚹᚾ,300
locality,28279851,1,ᛚᚩᚳᚪᛚᛁᛏᚣ,456
disabled,28273406,1,ᛞᛁᛋᚪᛒᛚᛖᛞ,560
exclusion,28180942,1,ᛖᛉᚳᛚᚢᛋᛡᚾ,392
exhibits,28131638,1,ᛖᛉᚻᛁᛒᛁᛏᛋ,372
scattering,28049357,1,ᛋᚳᚪᛏᛏᛖᚱᛝ,438
presenting,27947251,1,ᛈᚱᛖᛋᛖᚾᛏᛝ,408
utilized,27936432,1,ᚢᛏᛁᛚᛁᛋᛖᛞ,406
affection,27875150,1,ᚪᚠᚠᛖᚳᛏᛡᚾ,376
enlarged,27848433,1,ᛖᚾᛚᚪᚱᚷᛖᛞ,450
suggesting,27817776,1,ᛋᚢᚷᚷᛖᛋᛏᛝ,348
inclusion,27804334,1,ᛁᚾᚳᛚᚢᛋᛡᚾ,338
generous,27765303,1,ᚷᛖᚾᛖᚱᚩᚢᛋ,254
columbus,27748977,1,ᚳᚩᛚᚢᛗᛒᚢᛋ,284
somebody,27711891,1,ᛋᚩᛗᛖᛒᚩᛞᚣ,458
salvation,27689982,1,ᛋᚪᛚᚢᚪᛏᛡᚾ,518
licensed,27666671,1,ᛚᛁᚳᛖᚾᛋᛖᛞ,422
berkeley,27620115,1,ᛒᛖᚱᚳᛖᛚᛖᚣ,462
preventing,27557274,1,ᛈᚱᛖᚢᛖᚾᛏᛝ,358
heritage,27550370,1,ᚻᛖᚱᛁᛏᚪᚷᛖ,372
grateful,27516250,1,ᚷᚱᚪᛏᛖᚠᚢᛚ,329
dividend,27469353,1,ᛞᛁᚢᛁᛞᛖᚾᛞ,428
promptly,27394582,1,ᛈᚱᚩᛗᛈᛏᛚᚣ,410
lifetime,27391531,1,ᛚᛁᚠᛖᛏᛁᛗᛖ,401
decreases,27372108,1,ᛞᛖᚳᚱᛠᛋᛖᛋ,462
arkansas,27348446,1,ᚪᚱᚳᚪᚾᛋᚪᛋ,450
currents,27312472,1,ᚳᚢᚱᚱᛖᚾᛏᛋ,246
harrison,27293039,0,ᚻᚪᚱᚱᛁᛋᚩᚾ,262
invested,27271054,1,ᛁᚾᚢᛖᛋᛏᛖᛞ,398
explicit,27250191,1,ᛖᛉᛈᛚᛁᚳᛁᛏ,364
sanitary,27247847,1,ᛋᚪᚾᛁᛏᚪᚱᚣ,480
authorize,27231455,1,ᚪᚢᚦᚩᚱᛁᛋᛖ,274
journals,27126725,1,ᛂᚩᚢᚱᚾᚪᛚᛋ,310
fracture,27117564,1,ᚠᚱᚪᚳᛏᚢᚱᛖ,263
additions,27098352,1,ᚪᛞᛞᛁᛏᛡᚾᛋ,554
infected,27079034,1,ᛁᚾᚠᛖᚳᛏᛖᛞ,357
prevailing,27018463,1,ᛈᚱᛖᚢᚪᛁᛚᛝ,404
operates,27003403,1,ᚩᛈᛖᚱᚪᛏᛖᛋ,404
gasoline,26995481,1,ᚷᚪᛋᚩᛚᛁᚾᛖ,374
criterion,26901863,1,ᚳᚱᛁᛏᛖᚱᛡᚾ,328
memories,26858917,1,ᛗᛖᛗᚩᚱᛁᛖᛋ,378
regulate,26819956,1,ᚱᛖᚷᚢᛚᚪᛏᛖ,394
maritime,26808317,1,ᛗᚪᚱᛁᛏᛁᛗᛖ,438
consumed,26798221,1,ᚳᚩᚾᛋᚢᛗᛖᛞ,332
courtesy,26797959,1,ᚳᚩᚢᚱᛏᛖᛋᚣ,316
retention,26789175,1,ᚱᛖᛏᛖᚾᛏᛡᚾ,428
handsome,26765423,1,ᚻᚪᚾᛞᛋᚩᛗᛖ,436
oxidation,26712152,1,ᚩᛉᛁᛞᚪᛏᛡᚾ,466
remarked,26683790,1,ᚱᛖᛗᚪᚱᚳᛖᛞ,426
confused,26596103,1,ᚳᚩᚾᚠᚢᛋᛖᛞ,263
compiled,26549159,1,ᚳᚩᛗᛈᛁᛚᛖᛞ,394
consulting,26548440,1,ᚳᚩᚾᛋᚢᛚᛏᛝ,316
observer,26442809,1,ᚩᛒᛋᛖᚱᚢᛖᚱ,280
enclosed,26406583,1,ᛖᚾᚳᛚᚩᛋᛖᛞ,398
promises,26365712,1,ᛈᚱᚩᛗᛁᛋᛖᛋ,336
claimant,26319249,1,ᚳᛚᚪᛁᛗᚪᚾᛏ,470
covenant,26312581,1,ᚳᚩᚢᛖᚾᚪᚾᛏ,304
circuits,26265208,1,ᚳᛁᚱᚳᚢᛁᛏᛋ,214
numbered,26253089,1,ᚾᚢᛗᛒᛖᚱᛖᛞ,398
manifest,26252117,1,ᛗᚪᚾᛁᚠᛖᛋᛏ,409
intimate,26249834,1,ᛁᚾᛏᛁᛗᚪᛏᛖ,444
advocate,26236225,1,ᚪᛞᚢᚩᚳᚪᛏᛖ,432
expended,26104268,1,ᛖᛉᛈᛖᚾᛞᛖᛞ,498
violations,26101930,1,ᚢᛡᛚᚪᛏᛡᚾᛋ,528
brooklyn,25990770,1,ᛒᚱᚩᚩᚳᛚᚣᚾ,304
functioning,25973871,1,ᚠᚢᚾᚳᛏᛡᚾᛝ,321
medieval,25888083,1,ᛗᛖᛞᛁᛖᚢᚪᛚ,498
splendid,25858817,1,ᛋᛈᛚᛖᚾᛞᛁᛞ,474
prolonged,25816815,1,ᛈᚱᚩᛚᚩᛝᛖᛞ,376
actively,25777580,1,ᚪᚳᛏᛁᚢᛖᛚᚣ,446
stresses,25769572,1,ᛋᛏᚱᛖᛋᛋᛖᛋ,416
synthetic,25675079,1,ᛋᚣᚾᚦᛖᛏᛁᚳ,360
residual,25654433,1,ᚱᛖᛋᛁᛞᚢᚪᛚ,424
promoted,25654224,1,ᛈᚱᚩᛗᚩᛏᛖᛞ,354
nebraska,25640168,1,ᚾᛖᛒᚱᚪᛋᚳᚪ,428
afforded,25484013,1,ᚪᚠᚠᚩᚱᛞᛖᛞ,364
mobility,25439628,1,ᛗᚩᛒᛁᛚᛁᛏᚣ,436
doubtful,25433525,1,ᛞᚩᚢᛒᛏᚠᚢᛚ,297
entities,25401488,1,ᛖᚾᛏᛁᛏᛁᛖᛋ,396
generating,25326249,1,ᚷᛖᚾᛖᚱᚪᛏᛝ,426
romantic,25237730,1,ᚱᚩᛗᚪᚾᛏᛁᚳ,318
judiciary,25199021,1,ᛂᚢᛞᛁᚳᛡᚱᚣ,394
barriers,25177324,1,ᛒᚪᚱᚱᛁᛖᚱᛋ,342
severely,25154710,1,ᛋᛖᚢᛖᚱᛖᛚᚣ,444
discount,25075947,1,ᛞᛁᛋᚳᚩᚢᚾᛏ,284
protecting,25048482,1,ᛈᚱᚩᛏᛖᚳᛏᛝ,338
phillips,25016965,0,ᛈᚻᛁᛚᛚᛁᛈᛋ,370
asserted,25008165,1,ᚪᛋᛋᛖᚱᛏᛖᛞ,496
relieved,24999174,1,ᚱᛖᛚᛁᛖᚢᛖᛞ,408
linguistic,24910905,1,ᛚᛝᚢᛁᛋᛏᛁᚳ,342
festival,24905255,1,ᚠᛖᛋᛏᛁᚢᚪᛚ,385
sociology,24899871,1,ᛋᚩᚳᛡᛚᚩᚷᚣ,380
rejection,24833515,1,ᚱᛖᛂᛖᚳᛏᛡᚾ,390
secondly,24776739,1,ᛋᛖᚳᚩᚾᛞᛚᚣ,434
corrosion,24775464,1,ᚳᚩᚱᚱᚩᛋᛡᚾ,238
councils,24723733,1,ᚳᚩᚢᚾᚳᛁᛚᛋ,222
induction,24686404,1,ᛁᚾᛞᚢᚳᛏᛡᚾ,360
conveyed,24584366,1,ᚳᚩᚾᚢᛖᚣᛖᛞ,378
tribunal,24560541,1,ᛏᚱᛁᛒᚢᚾᚪᛚ,364
auxiliary,24484718,1,ᚪᚢᛉᛁᛚᛡᚱᚣ,472
listened,24454326,1,ᛚᛁᛋᛏᛖᚾᛖᛞ,468
issuance,24375747,1,ᛁᛋᛋᚢᚪᚾᚳᛖ,346
abnormal,24373545,1,ᚪᛒᚾᚩᚱᛗᚪᛚ,446
princess,24295535,1,ᛈᚱᛁᚾᚳᛖᛋᛋ,300
senators,24246372,1,ᛋᛖᚾᚪᛏᚩᚱᛋ,376
birmingham,24241533,1,ᛒᛁᚱᛗᛝᚻᚪᛗ,444
metallic,24235141,1,ᛗᛖᛏᚪᛚᛚᛁᚳ,484
reporter,24174335,1,ᚱᛖᛈᚩᚱᛏᛖᚱ,276
overview,24087357,1,ᚩᚢᛖᚱᚢᛁᛖᚹ,208
suspicion,24049717,1,ᛋᚢᛋᛈᛁᚳᛡᚾ,332
emissions,23961884,1,ᛖᛗᛁᛋᛋᛡᚾᛋ,464
publicly,23949439,1,ᛈᚢᛒᛚᛁᚳᛚᚣ,400
stimulus,23946192,1,ᛋᛏᛁᛗᚢᛚᚢᛋ,346
ceremony,23909801,1,ᚳᛖᚱᛖᛗᚩᚾᚣ,368
creatures,23900812,1,ᚳᚱᛠᛏᚢᚱᛖᛋ,326
strengthen,23844514,1,ᛋᛏᚱᛖᛝᚦᛖᚾ,370
florence,23832913,1,ᚠᛚᚩᚱᛖᚾᚳᛖ,269
expressing,23785508,1,ᛖᛉᛈᚱᛖᛋᛋᛝ,420
remedies,23772471,1,ᚱᛖᛗᛖᛞᛁᛖᛋ,456
recalled,23675860,1,ᚱᛖᚳᚪᛚᛚᛖᛞ,490
coloured,23657652,1,ᚳᚩᛚᚩᚢᚱᛖᛞ,270
vigorous,23609256,1,ᚢᛁᚷᚩᚱᚩᚢᛋ,132
laughter,23582173,1,ᛚᚪᚢᚷᚻᛏᛖᚱ,350
morality,23521092,1,ᛗᚩᚱᚪᛚᛁᛏᚣ,452
exceeded,23491202,1,ᛖᛉᚳᛖᛖᛞᛖᛞ,506
launched,23489953,1,ᛚᚪᚢᚾᚳᚻᛖᛞ,394
creditor,23388411,1,ᚳᚱᛖᛞᛁᛏᚩᚱ,288
stanford,23350615,1,ᛋᛏᚪᚾᚠᚩᚱᛞ,347
unlawful,23336537,1,ᚢᚾᛚᚪᚹᚠᚢᛚ,299
imagined,23219291,1,ᛁᛗᚪᚷᛁᚾᛖᛞ,432
realistic,23198722,1,ᚱᛠᛚᛁᛋᛏᛁᚳ,380
nicholas,23189050,1,ᚾᛁᚳᚻᚩᛚᚪᛋ,326
everyday,23124796,1,ᛖᚢᛖᚱᚣᛞᚪᚣ,540
cellular,22985390,1,ᚳᛖᛚᛚᚢᛚᚪᚱ,410
contempt,22971837,1,ᚳᚩᚾᛏᛖᛗᛈᛏ,348
sickness,22948503,1,ᛋᛁᚳᚳᚾᛖᛋᛋ,312
commanding,22834819,1,ᚳᚩᛗᛗᚪᚾᛞᛝ,456
backward,22797367,1,ᛒᚪᚳᚳᚹᚪᚱᛞ,400
shipment,22740399,1,ᛋᚻᛁᛈᛗᛖᚾᛏ,376
displays,22728877,1,ᛞᛁᛋᛈᛚᚪᚣᛋ,542
energies,22673398,1,ᛖᚾᛖᚱᚷᛁᛖᛋ,342
reflecting,22611531,1,ᚱᛖᚠᛚᛖᚳᛏᛝ,371
authorizing,22530368,1,ᚪᚢᚦᚩᚱᛁᛋᛝ,286
rainfall,22490403,1,ᚱᚪᛁᚾᚠᚪᛚᛚ,413
patience,22476153,1,ᛈᚪᛏᛁᛖᚾᚳᛖ,406
commands,22455859,1,ᚳᚩᛗᛗᚪᚾᛞᛋ,430
enrolled,22453513,1,ᛖᚾᚱᚩᛚᛚᛖᛞ,416
evaluating,22435784,1,ᛖᚢᚪᛚᚢᚪᛏᛝ,478
organism,22418738,1,ᚩᚱᚷᚪᚾᛁᛋᛗ,316
receptor,22378531,1,ᚱᛖᚳᛖᛈᛏᚩᚱ,278
collapse,22377281,1,ᚳᚩᛚᛚᚪᛈᛋᛖ,426
shortage,22327844,1,ᛋᚻᚩᚱᛏᚪᚷᛖ,334
counseling,22226207,1,ᚳᚩᚢᚾᛋᛖᛚᛝ,324
failures,22218675,1,ᚠᚪᛁᛚᚢᚱᛖᛋ,337
explaining,22215418,1,ᛖᛉᛈᛚᚪᛁᚾᛝ,466
reminded,22190316,1,ᚱᛖᛗᛁᚾᛞᛖᛞ,454
molecule,22177503,1,ᛗᚩᛚᛖᚳᚢᛚᛖ,374
licenses,22167736,1,ᛚᛁᚳᛖᚾᛋᛖᛋ,386
symbolic,22070562,1,ᛋᚣᛗᛒᚩᛚᛁᚳ,412
historian,22062431,1,ᚻᛁᛋᛏᚩᚱᛡᚾ,320
addressing,21987827,1,ᚪᛞᛞᚱᛖᛋᛋᛝ,538
deprived,21942897,1,ᛞᛖᛈᚱᛁᚢᛖᛞ,400
justices,21906681,1,ᛂᚢᛋᛏᛁᚳᛖᛋ,316
perceive,21888958,1,ᛈᛖᚱᚳᛖᛁᚢᛖ,302
exchanges,21855200,1,ᛖᛉᚳᚻᚪᛝᛖᛋ,446
speeches,21848542,1,ᛋᛈᛖᛖᚳᚻᛖᛋ,386
landlord,21839615,1,ᛚᚪᚾᛞᛚᚩᚱᛞ,468
examiner,21826495,1,ᛖᛉᚪᛗᛁᚾᛖᚱ,420
contingent,21730496,1,ᚳᚩᚾᛏᛝᛖᚾᛏ,342
smallest,21727714,1,ᛋᛗᚪᛚᛚᛖᛋᛏ,546
downward,21660717,1,ᛞᚩᚹᚾᚹᚪᚱᛞ,360
behaviors,21640053,1,ᛒᛖᚻᚪᚢᛡᚱᛋ,422
enforced,21588787,1,ᛖᚾᚠᚩᚱᚳᛖᛞ,285
monopoly,21544456,1,ᛗᚩᚾᚩᛈᚩᛚᚣ,340
survived,21512207,1,ᛋᚢᚱᚢᛁᚢᛖᛞ,260
sediment,21507384,1,ᛋᛖᛞᛁᛗᛖᚾᛏ,466
manpower,21502148,1,ᛗᚪᚾᛈᚩᚹᛖᚱ,344
assertion,21497031,1,ᚪᛋᛋᛖᚱᛏᛡᚾ,476
cathedral,21387456,1,ᚳᚪᚦᛖᛞᚱᚪᛚ,452
pregnant,21371902,1,ᛈᚱᛖᚷᚾᚪᚾᛏ,352
stressed,21323003,1,ᛋᛏᚱᛖᛋᛋᛖᛞ,452
ignorant,21258885,1,ᛁᚷᚾᚩᚱᚪᚾᛏ,280
travelling,21252341,1,ᛏᚱᚪᚢᛖᛚᛚᛝ,462
succeeding,21214279,1,ᛋᚢᚳᚳᛖᛖᛞᛝ,384
rebellion,21209848,1,ᚱᛖᛒᛖᛚᛚᛡᚾ,488
broadway,21145208,1,ᛒᚱᚩᚪᛞᚹᚪᚣ,484
organize,21117956,1,ᚩᚱᚷᚪᚾᛁᛋᛖ,312
sensible,21000131,1,ᛋᛖᚾᛋᛁᛒᛚᛖ,434
organizing,20992785,1,ᚩᚱᚷᚪᚾᛁᛋᛝ,324
severity,20990412,1,ᛋᛖᚢᛖᚱᛁᛏᚣ,394
pertaining,20952098,1,ᛈᛖᚱᛏᚪᛁᚾᛝ,416
borrowed,20908342,1,ᛒᚩᚱᚱᚩᚹᛖᛞ,272
sensation,20834110,1,ᛋᛖᚾᛋᚪᛏᛡᚾ,494
regulating,20808426,1,ᚱᛖᚷᚢᛚᚪᛏᛝ,406
football,20799002,1,ᚠᚩᚩᛏᛒᚪᛚᛚ,379
biography,20725091,1,ᛒᛡᚷᚱᚪᛈᚻᚣ,462
conquest,20717202,1,ᚳᚩᚾᚳᚹᛖᛋᛏ,260
develops,20691169,1,ᛞᛖᚢᛖᛚᚩᛈᛋ,402
monument,20659700,1,ᛗᚩᚾᚢᛗᛖᚾᛏ,336
cardinal,20655868,1,ᚳᚪᚱᛞᛁᚾᚪᛚ,440
reynolds,20580400,0,ᚱᛖᚣᚾᚩᛚᛞᛋ,432
profiles,20482234,1,ᛈᚱᚩᚠᛁᛚᛖᛋ,287
biblical,20439103,1,ᛒᛁᛒᛚᛁᚳᚪᛚ,440
permitting,20410953,1,ᛈᛖᚱᛗᛁᛏᛏᛝ,420
portugal,20386779,1,ᛈᚩᚱᛏᚢᚷᚪᛚ,310
pathology,20386296,0,ᛈᚪᚦᚩᛚᚩᚷᚣ,352
immunity,20255577,1,ᛁᛗᛗᚢᚾᛁᛏᚣ,398
settlers,20228251,1,ᛋᛖᛏᛏᛚᛖᚱᛋ,442
breakdown,20226169,1,ᛒᚱᛠᚳᛞᚩᚹᚾ,338
resigned,20226159,1,ᚱᛖᛋᛁᚷᚾᛖᛞ,364
extracts,20208196,1,ᛖᛉᛏᚱᚪᚳᛏᛋ,406
altitude,20192776,1,ᚪᛚᛏᛁᛏᚢᛞᛖ,478
explosion,20192305,1,ᛖᛉᛈᛚᚩᛋᛡᚾ,426
spectral,20156376,1,ᛋᛈᛖᚳᛏᚱᚪᛚ,416
catherine,20150967,1,ᚳᚪᚦᛖᚱᛁᚾᛖ,320
bacterial,20134961,1,ᛒᚪᚳᛏᛖᚱᛡᛚ,488
librarian,20080515,1,ᛚᛁᛒᚱᚪᚱᛡᚾ,420
delegate,20054316,1,ᛞᛖᛚᛖᚷᚪᛏᛖ,536
formally,20014754,1,ᚠᚩᚱᛗᚪᛚᛚᚣ,437
balances,19979951,1,ᛒᚪᛚᚪᚾᚳᛖᛋ,490
minimize,19979563,1,ᛗᛁᚾᛁᛗᛁᛋᛖ,384
momentum,19935738,1,ᛗᚩᛗᛖᚾᛏᚢᛗ,378
mistaken,19932792,1,ᛗᛁᛋᛏᚪᚳᛖᚾ,420
gradient,19887057,1,ᚷᚱᚪᛞᛁᛖᚾᛏ,400
cemetery,19850179,1,ᚳᛖᛗᛖᛏᛖᚱᚣ,458
autonomy,19803860,1,ᚪᚢᛏᚩᚾᚩᛗᚣ,376
improper,19796819,1,ᛁᛗᛈᚱᚩᛈᛖᚱ,284
kindness,19731810,1,ᚳᛁᚾᛞᚾᛖᛋᛋ,364
mistakes,19719374,1,ᛗᛁᛋᛏᚪᚳᛖᛋ,444
mentally,19719146,1,ᛗᛖᚾᛏᚪᛚᛚᚣ,572
packages,19702819,1,ᛈᚪᚳᚳᚪᚷᛖᛋ,400
refugees,19683560,1,ᚱᛖᚠᚢᚷᛖᛖᛋ,287
latitude,19649522,1,ᛚᚪᛏᛁᛏᚢᛞᛖ,478
clearance,19634716,1,ᚳᛚᛠᚱᚪᚾᚳᛖ,412
goodness,19574932,1,ᚷᚩᚩᛞᚾᛖᛋᛋ,322
nineteen,19543961,1,ᚾᛁᚾᛖᛏᛖᛖᚾ,378
midnight,19497830,1,ᛗᛁᛞᚾᛁᚷᚻᛏ,350
deferred,19426631,1,ᛞᛖᚠᛖᚱᚱᛖᛞ,403
clerical,19414581,1,ᚳᛚᛖᚱᛁᚳᚪᛚ,378
envelope,19369280,1,ᛖᚾᚢᛖᛚᚩᛈᛖ,356
coalition,19348261,1,ᚳᚩᚪᛚᛁᛏᛡᚾ,416
presumed,19332915,1,ᛈᚱᛖᛋᚢᛗᛖᛞ,404
portfolio,19269770,1,ᛈᚩᚱᛏᚠᚩᛚᛡ,309
vascular,19248947,1,ᚢᚪᛋᚳᚢᛚᚪᚱ,350
collision,19203428,1,ᚳᚩᛚᛚᛁᛋᛡᚾ,386
curiosity,19192989,1,ᚳᚢᚱᛡᛋᛁᛏᚣ,380
literacy,19160262,1,ᛚᛁᛏᛖᚱᚪᚳᚣ,454
caribbean,19160075,1,ᚳᚪᚱᛁᛒᛒᛠᚾ,412
cerebral,19074378,1,ᚳᛖᚱᛖᛒᚱᚪᛚ,400
vibration,19060131,1,ᚢᛁᛒᚱᚪᛏᛡᚾ,398
socialism,19054983,1,ᛋᚩᚳᛡᛚᛁᛋᛗ,408
partition,19047493,1,ᛈᚪᚱᛏᛁᛏᛡᚾ,436
proposes,19035779,1,ᛈᚱᚩᛈᚩᛋᛖᛋ,284
indonesia,18975080,1,ᛁᚾᛞᚩᚾᛖᛋᛡ,412
mixtures,18841628,1,ᛗᛁᛉᛏᚢᚱᛖᛋ,342
sixteenth,18789584,1,ᛋᛁᛉᛏᛖᛖᚾᚦ,358
maternal,18749818,1,ᛗᚪᛏᛖᚱᚾᚪᛚ,504
decisive,18683716,1,ᛞᛖᚳᛁᛋᛁᚢᛖ,354
troubles,18567437,1,ᛏᚱᚩᚢᛒᛚᛖᛋ,334
centered,18522740,1,ᚳᛖᚾᛏᛖᚱᛖᛞ,402
petitions,18514040,1,ᛈᛖᛏᛁᛏᛡᚾᛋ,448
alongside,18489700,1,ᚪᛚᚩᛝᛋᛁᛞᛖ,496
clusters,18487012,1,ᚳᛚᚢᛋᛏᛖᚱᛋ,332
efficacy,18438008,1,ᛖᚠᚠᛁᚳᚪᚳᚣ,328
calcutta,18267811,1,ᚳᚪᛚᚳᚢᛏᛏᚪ,414
toxicity,18257480,1,ᛏᚩᛉᛁᚳᛁᛏᚣ,350
strongest,18253120,1,ᛋᛏᚱᚩᛝᛖᛋᛏ,388
notified,18227447,1,ᚾᚩᛏᛁᚠᛁᛖᛞ,315
challenging,18150731,1,ᚳᚻᚪᛚᛚᛖᛝᛝ,504
sullivan,18106367,0,ᛋᚢᛚᛚᛁᚢᚪᚾ,362
enlisted,18088222,1,ᛖᚾᛚᛁᛋᛏᛖᛞ,468
impaired,18064137,1,ᛁᛗᛈᚪᛁᚱᛖᛞ,440
prevents,18031826,1,ᛈᚱᛖᚢᛖᚾᛏᛋ,332
averaged,18029279,1,ᚪᚢᛖᚱᚪᚷᛖᛞ,448
fragment,18024323,1,ᚠᚱᚪᚷᛗᛖᚾᛏ,353
inasmuch,17882928,1,ᛁᚾᚪᛋᛗᚢᚳᚻ,320
pipeline,17832286,1,ᛈᛁᛈᛖᛚᛁᚾᛖ,384
disappear,17809621,1,ᛞᛁᛋᚪᛈᛈᛠᚱ,476
discrete,17798951,1,ᛞᛁᛋᚳᚱᛖᛏᛖ,390
explored,17793310,1,ᛖᛉᛈᛚᚩᚱᛖᛞ,404
mistress,17781329,1,ᛗᛁᛋᛏᚱᛖᛋᛋ,398
preceded,17742202,1,ᛈᚱᛖᚳᛖᛞᛖᛞ,446
convince,17690142,1,ᚳᚩᚾᚢᛁᚾᚳᛖ,192
accessed,17682958,1,ᚪᚳᚳᛖᛋᛋᛖᛞ,452
embedded,17656479,1,ᛖᛗᛒᛖᛞᛞᛖᛞ,600
parental,17578869,1,ᛈᚪᚱᛖᚾᛏᚪᛚ,476
hartford,17558513,1,ᚻᚪᚱᛏᚠᚩᚱᛞ,299
nonlinear,17533403,1,ᚾᚩᚾᛚᛁᚾᛠᚱ,318
requesting,17529053,1,ᚱᛖᚳᚹᛖᛋᛏᛝ,368
forecast,17525116,1,ᚠᚩᚱᛖᚳᚪᛋᛏ,309
portable,17509457,1,ᛈᚩᚱᛏᚪᛒᛚᛖ,418
probation,17500123,1,ᛈᚱᚩᛒᚪᛏᛡᚾ,414
erroneous,17495569,1,ᛖᚱᚱᚩᚾᛇᚢᛋ,222
credited,17478882,1,ᚳᚱᛖᛞᛁᛏᛖᛞ,426
muscular,17452411,1,ᛗᚢᛋᚳᚢᛚᚪᚱ,324
troubled,17452149,1,ᛏᚱᚩᚢᛒᛚᛖᛞ,370
catholics,17435447,1,ᚳᚪᚦᚩᛚᛁᚳᛋ,292
invented,17387060,1,ᛁᚾᚢᛖᚾᛏᛖᛞ,374
unchanged,17352444,1,ᚢᚾᚳᚻᚪᛝᛖᛞ,400
rhetoric,17332505,1,ᚱᚻᛖᛏᚩᚱᛁᚳ,222
messenger,17331669,1,ᛗᛖᛋᛋᛖᛝᛖᚱ,468
initiation,17327870,1,ᛁᚾᛁᛏᛡᛏᛡᚾ,452
oriental,17300915,1,ᚩᚱᛁᛖᚾᛏᚪᛚ,374
contexts,17291470,1,ᚳᚩᚾᛏᛖᛉᛏᛋ,334
holidays,17265450,1,ᚻᚩᛚᛁᛞᚪᚣᛋ,476
exported,17247358,1,ᛖᛉᛈᚩᚱᛏᛖᛞ,390
estimating,17229498,1,ᛖᛋᛏᛁᛗᚪᛏᛝ,516
elevator,17157914,1,ᛖᛚᛖᚢᚪᛏᚩᚱ,384
concealed,17156455,1,ᚳᚩᚾᚳᛠᛚᛖᛞ,400
furnishing,17074251,1,ᚠᚢᚱᚾᛁᛋᚻᛝ,231
earthquake,17063542,1,ᛠᚱᚦᚳᚹᚪᚳᛖ,334
implicit,17059373,1,ᛁᛗᛈᛚᛁᚳᛁᛏ,352
johnston,16949647,1,ᛂᚩᚻᚾᛋᛏᚩᚾ,244
detector,16921558,1,ᛞᛖᛏᛖᚳᛏᚩᚱ,372
preserving,16920431,1,ᛈᚱᛖᛋᛖᚱᚢᛝ,334
weighted,16913192,1,ᚹᛖᛁᚷᚻᛏᛖᛞ,372
critique,16904642,1,ᚳᚱᛁᛏᛁᚳᚹᛖ,244
thereupon,16903260,1,ᚦᛖᚱᛖᚢᛈᚩᚾ,232
strangers,16898946,1,ᛋᛏᚱᚪᛝᛖᚱᛋ,430
provider,16875453,1,ᛈᚱᚩᚢᛁᛞᛖᚱ,262
punished,16868172,1,ᛈᚢᚾᛁᛋᚻᛖᛞ,338
symmetry,16846048,1,ᛋᚣᛗᛗᛖᛏᚱᚣ,538
antibody,16839463,1,ᚪᚾᛏᛁᛒᚩᛞᚣ,476
neighbor,16826499,1,ᚾᛖᛁᚷᚻᛒᚩᚱ,246
depended,16822740,1,ᛞᛖᛈᛖᚾᛞᛖᛞ,540
transmit,16807396,1,ᛏᚱᚪᚾᛋᛗᛁᛏ,410
sulphate,16794155,1,ᛋᚢᛚᛈᚻᚪᛏᛖ,418
medicare,16703360,1,ᛗᛖᛞᛁᚳᚪᚱᛖ,446
designer,16615453,1,ᛞᛖᛋᛁᚷᚾᛖᚱ,364
paradise,16612705,1,ᛈᚪᚱᚪᛞᛁᛋᛖ,488
departed,16598157,1,ᛞᛖᛈᚪᚱᛏᛖᛞ,522
conceive,16590945,1,ᚳᚩᚾᚳᛖᛁᚢᛖ,230
readiness,16584622,1,ᚱᛠᛞᛁᚾᛖᛋᛋ,442
destined,16527249,1,ᛞᛖᛋᛏᛁᚾᛖᛞ,484
specialty,16499434,1,ᛋᛈᛖᚳᛡᛚᛏᚣ,518
battalion,16454332,1,ᛒᚪᛏᛏᚪᛚᛡᚾ,582
objected,16402112,1,ᚩᛒᛂᛖᚳᛏᛖᛞ,400
garrison,16400243,1,ᚷᚪᚱᚱᛁᛋᚩᚾ,256
systemic,16384126,1,ᛋᚣᛋᛏᛖᛗᛁᚳ,450
complain,16346209,1,ᚳᚩᛗᛈᛚᚪᛁᚾ,364
feminist,16310703,1,ᚠᛖᛗᛁᚾᛁᛋᛏ,343
turnover,16307991,1,ᛏᚢᚱᚾᚩᚢᛖᚱ,190
completing,16273790,1,ᚳᚩᛗᛈᛚᛖᛏᛝ,412
concluding,16260935,1,ᚳᚩᚾᚳᛚᚢᛞᛝ,306
authentic,16250548,1,ᚪᚢᚦᛖᚾᛏᛁᚳ,304
deserves,16193432,1,ᛞᛖᛋᛖᚱᚢᛖᛋ,410
wireless,16190666,1,ᚹᛁᚱᛖᛚᛖᛋᛋ,374
basement,16189169,1,ᛒᚪᛋᛖᛗᛖᚾᛏ,504
embodied,16183603,1,ᛖᛗᛒᚩᛞᛁᛖᛞ,482
testator,16176739,1,ᛏᛖᛋᛏᚪᛏᚩᚱ,412
sanctions,16103771,1,ᛋᚪᚾᚳᛏᛡᚾᛋ,440
exchanged,16025244,1,ᛖᛉᚳᚻᚪᛝᛖᛞ,482
indebted,16017234,1,ᛁᚾᛞᛖᛒᛏᛖᛞ,492
convincing,15907974,1,ᚳᚩᚾᚢᛁᚾᚳᛝ,204
financed,15907400,1,ᚠᛁᚾᚪᚾᚳᛖᛞ,357
declares,15891737,1,ᛞᛖᚳᛚᚪᚱᛖᛋ,470
recorder,15880620,1,ᚱᛖᚳᚩᚱᛞᛖᚱ,276
therefrom,15843973,1,ᚦᛖᚱᛖᚠᚱᚩᛗ,241
secretion,15803786,1,ᛋᛖᚳᚱᛖᛏᛡᚾ,406
detention,15786410,1,ᛞᛖᛏᛖᚾᛏᛡᚾ,506
builders,15781407,1,ᛒᚢᛁᛚᛞᛖᚱᛋ,388
fractions,15777430,1,ᚠᚱᚪᚳᛏᛡᚾᛋ,371
mutually,15734590,1,ᛗᚢᛏᚢᚪᛚᛚᚣ,482
traveled,15716428,1,ᛏᚱᚪᚢᛖᛚᛖᛞ,466
insertion,15692555,1,ᛁᚾᛋᛖᚱᛏᛡᚾ,386
manganese,15678454,1,ᛗᚪᛝᚪᚾᛖᛋᛖ,560
brussels,15627520,1,ᛒᚱᚢᛋᛋᛖᛚᛋ,374
ambitious,15612806,1,ᚪᛗᛒᛁᛏᛡᚢᛋ,482
restrict,15600531,1,ᚱᛖᛋᛏᚱᛁᚳᛏ,304
laborers,15591877,1,ᛚᚪᛒᚩᚱᛖᚱᛋ,380
uncommon,15590927,1,ᚢᚾᚳᚩᛗᛗᚩᚾ,230
wavelength,15578403,1,ᚹᚪᚢᛖᛚᛖᛝᚦ,410
responding,15556559,1,ᚱᛖᛋᛈᚩᚾᛞᛝ,378
decedent,15552991,1,ᛞᛖᚳᛖᛞᛖᚾᛏ,480
religions,15551065,1,ᚱᛖᛚᛁᚷᛡᚾᛋ,388
commencing,15550225,1,ᚳᚩᛗᛗᛖᚾᚳᛝ,350
verified,15510099,1,ᚢᛖᚱᛁᚠᛁᛖᛞ,301
struggling,15508551,1,ᛋᛏᚱᚢᚷᚷᛚᛝ,312
baseball,15506276,1,ᛒᚪᛋᛖᛒᚪᛚᛚ,582
pamphlet,15505881,1,ᛈᚪᛗᛈᚻᛚᛖᛏ,476
armstrong,15489931,0,ᚪᚱᛗᛋᛏᚱᚩᛝ,388
offshore,15447364,1,ᚩᚠᚠᛋᚻᚩᚱᛖ,172
alkaline,15445967,1,ᚪᛚᚳᚪᛚᛁᚾᛖ,480
injected,15418308,1,ᛁᚾᛂᛖᚳᛏᛖᛞ,392
embraced,15379299,1,ᛖᛗᛒᚱᚪᚳᛖᛞ,476
pavement,15376212,1,ᛈᚪᚢᛖᛗᛖᚾᛏ,436
agreeable,15371338,1,ᚪᚷᚱᛖᛠᛒᛚᛖ,502
solitary,15369762,1,ᛋᚩᛚᛁᛏᚪᚱᚣ,434
lordship,15367619,1,ᛚᚩᚱᛞᛋᚻᛁᛈ,330
imitation,15342189,1,ᛁᛗᛁᛏᚪᛏᛡᚾ,484
warrants,15275637,1,ᚹᚪᚱᚱᚪᚾᛏᛋ,376
averages,15269439,1,ᚪᚢᛖᚱᚪᚷᛖᛋ,412
quotation,15241789,1,ᚳᚹᚩᛏᚪᛏᛡᚾ,390
prohibit,15221553,1,ᛈᚱᚩᚻᛁᛒᛁᛏ,266
marriages,15137685,1,ᛗᚪᚱᚱᛡᚷᛖᛋ,434
telegram,15134318,1,ᛏᛖᛚᛖᚷᚱᚪᛗ,462
europeans,15072474,1,ᛖᚢᚱᚩᛈᛠᚾᛋ,322
forthcoming,15063834,1,ᚠᚩᚱᚦᚳᚩᛗᛝ,195
semester,15056013,1,ᛋᛖᛗᛖᛋᛏᛖᚱ,448
fidelity,14940781,1,ᚠᛁᛞᛖᛚᛁᛏᚣ,455
sunlight,14929293,1,ᛋᚢᚾᛚᛁᚷᚻᛏ,288
separating,14919832,1,ᛋᛖᛈᚪᚱᚪᛏᛝ,506
welcomed,14906180,1,ᚹᛖᛚᚳᚩᛗᛖᛞ,406
negotiate,14869017,1,ᚾᛖᚷᚩᛏᛡᛏᛖ,412
fountain,14853726,1,ᚠᚩᚢᚾᛏᚪᛁᚾ,257
formulas,14847075,1,ᚠᚩᚱᛗᚢᛚᚪᛋ,317
plastics,14826035,1,ᛈᛚᚪᛋᛏᛁᚳᛋ,422
fifteenth,14823133,1,ᚠᛁᚠᛏᛖᛖᚾᚦ,262
reversal,14813291,1,ᚱᛖᚢᛖᚱᛋᚪᛚ,382
questioning,14808857,1,ᚳᚹᛖᛋᛏᛡᚾᛝ,426
shepherd,14804268,1,ᛋᚻᛖᛈᚻᛖᚱᛞ,376
adaptive,14798103,1,ᚪᛞᚪᛈᛏᛁᚢᛖ,486
delivering,14798047,1,ᛞᛖᛚᛁᚢᛖᚱᛝ,420
sunshine,14787809,1,ᛋᚢᚾᛋᚻᛁᚾᛖ,288
polished,14784157,1,ᛈᚩᛚᛁᛋᚻᛖᛞ,386
depicted,14777368,1,ᛞᛖᛈᛁᚳᛏᛖᛞ,458
methodist,14758410,1,ᛗᛖᚦᚩᛞᛁᛋᛏ,382
detached,14727391,1,ᛞᛖᛏᚪᚳᚻᛖᛞ,504
crawford,14721215,0,ᚳᚱᚪᚹᚠᚩᚱᛞ,249
instinct,14716623,1,ᛁᚾᛋᛏᛁᚾᚳᛏ,304
disclose,14700935,1,ᛞᛁᛋᚳᛚᚩᛋᛖ,386
persuade,14699109,1,ᛈᛖᚱᛋᚢᚪᛞᛖ,430
commence,14685251,1,ᚳᚩᛗᛗᛖᚾᚳᛖ,338
compelling,14673449,1,ᚳᚩᛗᛈᛖᛚᛚᛝ,426
simplest,14666402,1,ᛋᛁᛗᛈᛚᛖᛋᛏ,450
insights,14602406,1,ᛁᚾᛋᛁᚷᚻᛏᛋ,296
unstable,14588145,1,ᚢᚾᛋᛏᚪᛒᛚᛖ,442
volcanic,14581323,1,ᚢᚩᛚᚳᚪᚾᛁᚳ,266
offenses,14569429,1,ᚩᚠᚠᛖᚾᛋᛖᛋ,280
fashioned,14518946,1,ᚠᚪᛋᚻᛡᚾᛖᛞ,467
assignor,14518116,1,ᚪᛋᛋᛁᚷᚾᚩᚱ,298
summoned,14451061,1,ᛋᚢᛗᛗᚩᚾᛖᛞ,390
destroying,14448794,1,ᛞᛖᛋᛏᚱᚩᚣᛝ,468
satisfying,14393034,1,ᛋᚪᛏᛁᛋᚠᚣᛝ,477
sketches,14382262,1,ᛋᚳᛖᛏᚳᚻᛖᛋ,348
surveyed,14364477,1,ᛋᚢᚱᚢᛖᚣᛖᛞ,396
agitation,14357358,1,ᚪᚷᛁᛏᚪᛏᛡᚾ,496
resemble,14346372,1,ᚱᛖᛋᛖᛗᛒᛚᛖ,470
possessing,14316954,1,ᛈᚩᛋᛋᛖᛋᛋᛝ,408
residues,14309028,1,ᚱᛖᛋᛁᛞᚢᛖᛋ,374
overtime,14301270,1,ᚩᚢᛖᚱᛏᛁᛗᛖ,316
communion,14287174,1,ᚳᚩᛗᛗᚢᚾᛡᚾ,330
wellington,14281936,1,ᚹᛖᛚᛚᛝᛏᚩᚾ,406
therapist,14262376,1,ᚦᛖᚱᚪᛈᛁᛋᛏ,366
corridor,14197300,1,ᚳᚩᚱᚱᛁᛞᚩᚱ,180
airlines,14185117,1,ᚪᛁᚱᛚᛁᚾᛖᛋ,392
supplier,14178185,1,ᛋᚢᛈᛈᛚᛁᛖᚱ,324
realities,14172736,1,ᚱᛠᛚᛁᛏᛁᛖᛋ,434
offences,14165274,1,ᚩᚠᚠᛖᚾᚳᛖᛋ,240
defended,14162111,1,ᛞᛖᚠᛖᚾᛞᛖᛞ,499
furnaces,14151998,1,ᚠᚢᚱᚾᚪᚳᛖᛋ,275
fixtures,14143274,1,ᚠᛁᛉᛏᚢᚱᛖᛋ,273
prophets,14119543,1,ᛈᚱᚩᛈᚻᛖᛏᛋ,306
procured,14094133,1,ᛈᚱᚩᚳᚢᚱᛖᛞ,244
volatile,14088696,1,ᚢᚩᛚᚪᛏᛁᛚᛖ,410
bachelor,14079919,1,ᛒᚪᚳᚻᛖᛚᚩᚱ,352
outlines,14056914,1,ᚩᚢᛏᛚᛁᚾᛖᛋ,322
abolition,14045137,1,ᚪᛒᚩᛚᛁᛏᛡᚾ,464
prestige,14043881,1,ᛈᚱᛖᛋᛏᛁᚷᛖ,348
graphics,14029885,1,ᚷᚱᚪᛈᚻᛁᚳᛋ,288
comprise,14028116,1,ᚳᚩᛗᛈᚱᛁᛋᛖ,296
projecting,14022784,1,ᛈᚱᚩᛂᛖᚳᛏᛝ,316
infrared,13987310,1,ᛁᚾᚠᚱᚪᚱᛖᛞ,337
musicians,13892558,1,ᛗᚢᛋᛁᚳᛡᚾᛋ,360
lecturer,13890874,1,ᛚᛖᚳᛏᚢᚱᛖᚱ,304
prompted,13850241,1,ᛈᚱᚩᛗᛈᛏᛖᛞ,390
licensee,13824170,1,ᛚᛁᚳᛖᚾᛋᛖᛖ,400
colleague,13813295,1,ᚳᚩᛚᛚᛠᚷᚢᛖ,362
investor,13758340,1,ᛁᚾᚢᛖᛋᛏᚩᚱ,260
endeavour,13745568,1,ᛖᚾᛞᛠᚢᚩᚢᚱ,318
foremost,13712021,1,ᚠᚩᚱᛖᛗᚩᛋᛏ,277
acoustic,13642720,1,ᚪᚳᚩᚢᛋᛏᛁᚳ,276
airplane,13626719,1,ᚪᛁᚱᛈᛚᚪᚾᛖ,448
deserted,13624302,1,ᛞᛖᛋᛖᚱᛏᛖᛞ,502
feminine,13615156,1,ᚠᛖᛗᛁᚾᛁᚾᛖ,327
humidity,13596984,1,ᚻᚢᛗᛁᛞᛁᛏᚣ,410
executor,13564430,1,ᛖᛉᛖᚳᚢᛏᚩᚱ,274
catalyst,13560209,1,ᚳᚪᛏᚪᛚᚣᛋᛏ,554
ammonium,13542307,1,ᚪᛗᛗᚩᚾᛁᚢᛗ,380
victorian,13527481,1,ᚢᛁᚳᛏᚩᚱᛡᚾ,260
hispanic,13509587,1,ᚻᛁᛋᛈᚪᚾᛁᚳ,320
nutrient,13494323,1,ᚾᚢᛏᚱᛁᛖᚾᛏ,288
composer,13491675,1,ᚳᚩᛗᛈᚩᛋᛖᚱ,272
offender,13477024,1,ᚩᚠᚠᛖᚾᛞᛖᚱ,274
pharmacy,13454007,1,ᛈᚻᚪᚱᛗᚪᚳᚣ,458
suburban,13452900,1,ᛋᚢᛒᚢᚱᛒᚪᚾ,318
stretching,13442199,1,ᛋᛏᚱᛖᛏᚳᚻᛝ,364
semantic,13407245,1,ᛋᛖᛗᚪᚾᛏᛁᚳ,420
baseline,13401543,1,ᛒᚪᛋᛖᛚᛁᚾᛖ,478
epidemic,13385654,1,ᛖᛈᛁᛞᛖᛗᛁᚳ,412
affinity,13382259,1,ᚪᚠᚠᛁᚾᛁᛏᚣ,354
bankrupt,13359197,1,ᛒᚪᚾᚳᚱᚢᛈᛏ,316
chlorine,13343688,1,ᚳᚻᛚᚩᚱᛁᚾᛖ,254
occupies,13332084,1,ᚩᚳᚳᚢᛈᛁᛖᛋ,230
coherent,13317903,1,ᚳᚩᚻᛖᚱᛖᚾᛏ,276
complied,13304943,1,ᚳᚩᛗᛈᛚᛁᛖᛞ,394
appetite,13289958,1,ᚪᛈᛈᛖᛏᛁᛏᛖ,466
diversion,13229568,1,ᛞᛁᚢᛖᚱᛋᛡᚾ,390
markedly,13213608,1,ᛗᚪᚱᚳᛖᛞᛚᚣ,524
apostles,13186223,1,ᚪᛈᚩᛋᛏᛚᛖᛋ,452
pastoral,13166947,1,ᛈᚪᛋᛏᚩᚱᚪᛚ,440
aperture,13163904,1,ᚪᛈᛖᚱᛏᚢᚱᛖ,358
hardness,13163570,1,ᚻᚪᚱᛞᚾᛖᛋᛋ,422
mainland,13162571,1,ᛗᚪᛁᚾᛚᚪᚾᛞ,516
genetics,13161154,1,ᚷᛖᚾᛖᛏᛁᚳᛋ,336
buddhist,13159116,1,ᛒᚢᛞᛞᚻᛁᛋᛏ,408
obstacle,13143238,1,ᚩᛒᛋᛏᚪᚳᛚᛖ,430
squadron,13135025,1,ᛋᚳᚹᚪᛞᚱᚩᚾ,318
metaphor,13105268,1,ᛗᛖᛏᚪᛈᚻᚩᚱ,378
repaired,13098390,1,ᚱᛖᛈᚪᛁᚱᛖᛞ,416
textiles,13093483,1,ᛏᛖᛉᛏᛁᛚᛖᛋ,456
endorsed,13083721,1,ᛖᚾᛞᚩᚱᛋᛖᛞ,412
disturbing,13062063,1,ᛞᛁᛋᛏᚢᚱᛒᛝ,386
rationale,13059474,1,ᚱᚪᛏᛡᚾᚪᛚᛖ,540
daylight,13050987,1,ᛞᚪᚣᛚᛁᚷᚻᛏ,492
peterson,13029096,0,ᛈᛖᛏᛖᚱᛋᚩᚾ,336
exercising,13022402,1,ᛖᛉᛖᚱᚳᛁᛋᛝ,368
seminary,13013408,1,ᛋᛖᛗᛁᚾᚪᚱᚣ,462
observes,12998998,1,ᚩᛒᛋᛖᚱᚢᛖᛋ,322
accession,12993751,1,ᚪᚳᚳᛖᛋᛋᛡᚾ,432
horrible,12977400,1,ᚻᚩᚱᚱᛁᛒᛚᛖ,284
murdered,12949431,1,ᛗᚢᚱᛞᛖᚱᛖᛞ,408
surveyor,12943654,1,ᛋᚢᚱᚢᛖᚣᚩᚱ,258
coronary,12938032,1,ᚳᚩᚱᚩᚾᚪᚱᚣ,278
disputed,12934667,1,ᛞᛁᛋᛈᚢᛏᛖᛞ,434
performs,12904986,1,ᛈᛖᚱᚠᚩᚱᛗᛋ,265
targeted,12893928,1,ᛏᚪᚱᚷᛖᛏᛖᛞ,466
climatic,12824270,1,ᚳᛚᛁᛗᚪᛏᛁᚳ,388
pleasures,12815423,1,ᛈᛚᛠᛋᚢᚱᛖᛋ,412
contends,12796258,1,ᚳᚩᚾᛏᛖᚾᛞᛋ,346
fletcher,12793984,0,ᚠᛚᛖᛏᚳᚻᛖᚱ,315
negotiating,12782283,1,ᚾᛖᚷᚩᛏᛡᛏᛝ,424
finances,12760396,1,ᚠᛁᚾᚪᚾᚳᛖᛋ,321
deputies,12757767,1,ᛞᛖᛈᚢᛏᛁᛖᛋ,412
honorary,12751518,1,ᚻᚩᚾᚩᚱᚪᚱᚣ,288
patriotic,12728222,1,ᛈᚪᛏᚱᛡᛏᛁᚳ,420
husbands,12716878,1,ᚻᚢᛋᛒᚪᚾᛞᛋ,408
examines,12712735,1,ᛖᛉᚪᛗᛁᚾᛖᛋ,462
morrison,12632307,0,ᛗᚩᚱᚱᛁᛋᚩᚾ,220
shrugged,12604346,1,ᛋᚻᚱᚢᚷᚷᛖᛞ,280
homestead,12603857,1,ᚻᚩᛗᛖᛋᛏᛠᛞ,478
underneath,12601168,1,ᚢᚾᛞᛖᚱᚾᛠᚦ,342
analytic,12578027,1,ᚪᚾᚪᛚᚣᛏᛁᚳ,502
interact,12572199,1,ᛁᚾᛏᛖᚱᚪᚳᛏ,366
thirteenth,12571999,1,ᚦᛁᚱᛏᛖᛖᚾᚦ,274
richards,12557732,0,ᚱᛁᚳᚻᚪᚱᛞᛋ,328
opponent,12551396,1,ᚩᛈᛈᚩᚾᛖᚾᛏ,284
paradigm,12541409,1,ᛈᚪᚱᚪᛞᛁᚷᛗ,456
caroline,12510999,1,ᚳᚪᚱᚩᛚᛁᚾᛖ,328
inferred,12509351,1,ᛁᚾᚠᛖᚱᚱᛖᛞ,307
resembling,12488328,1,ᚱᛖᛋᛖᛗᛒᛚᛝ,482
abruptly,12486023,1,ᚪᛒᚱᚢᛈᛏᛚᚣ,450
accorded,12464106,1,ᚪᚳᚳᚩᚱᛞᛖᛞ,386
randolph,12443066,0,ᚱᚪᚾᛞᚩᛚᛈᚻ,372
platinum,12431572,1,ᛈᛚᚪᛏᛁᚾᚢᛗ,406
norwegian,12424971,1,ᚾᚩᚱᚹᛖᚷᛡᚾ,286
davidson,12403548,0,ᛞᚪᚢᛁᛞᛋᚩᚾ,398
descending,12395313,1,ᛞᛖᛋᚳᛖᚾᛞᛝ,486
grounded,12366789,1,ᚷᚱᚩᚢᚾᛞᛖᛞ,312
warranty,12364051,1,ᚹᚪᚱᚱᚪᚾᛏᚣ,426
westward,12358709,1,ᚹᛖᛋᛏᚹᚪᚱᛞ,414
communal,12354810,1,ᚳᚩᛗᛗᚢᚾᚪᛚ,364
downtown,12338119,1,ᛞᚩᚹᚾᛏᚩᚹᚾ,258
purified,12295302,1,ᛈᚢᚱᛁᚠᛁᛖᛞ,277
geometric,12286951,1,ᚷᛇᛗᛖᛏᚱᛁᚳ,310
ascribed,12279375,1,ᚪᛋᚳᚱᛁᛒᛖᛞ,422
sectional,12255555,1,ᛋᛖᚳᛏᛡᚾᚪᛚ,498
chancery,12253029,1,ᚳᚻᚪᚾᚳᛖᚱᚣ,356
ferguson,12239978,0,ᚠᛖᚱᚷᚢᛋᚩᚾ,189
switches,12211907,1,ᛋᚹᛁᛏᚳᚻᛖᛋ,318
deviations,12185192,1,ᛞᛖᚢᛡᛏᛡᚾᛋ,514
allotted,12174824,1,ᚪᛚᛚᚩᛏᛏᛖᛞ,524
scrutiny,12147547,1,ᛋᚳᚱᚢᛏᛁᚾᚣ,302
sustaining,12135889,1,ᛋᚢᛋᛏᚪᛁᚾᛝ,404
retarded,12124986,1,ᚱᛖᛏᚪᚱᛞᛖᛞ,490
fairness,12113666,1,ᚠᚪᛁᚱᚾᛖᛋᛋ,343
syracuse,12101143,1,ᛋᚣᚱᚪᚳᚢᛋᛖ,400
printers,12097476,1,ᛈᚱᛁᚾᛏᛖᚱᛋ,304
pneumonia,12073712,1,ᛈᚾᛖᚢᛗᚩᚾᛡ,356
fastened,12065182,1,ᚠᚪᛋᛏᛖᚾᛖᛞ,463
nonsense,12050303,1,ᚾᚩᚾᛋᛖᚾᛋᛖ,334
mcdonald,12043259,0,ᛗᚳᛞᚩᚾᚪᛚᛞ,468
registry,11999683,1,ᚱᛖᚷᛁᛋᛏᚱᚣ,352
dissolve,11994649,1,ᛞᛁᛋᛋᚩᛚᚢᛖ,376
harvesting,11935467,1,ᚻᚪᚱᚢᛖᛋᛏᛝ,392
diminish,11924000,1,ᛞᛁᛗᛁᚾᛁᛋᚻ,358
sometime,11915088,1,ᛋᚩᛗᛖᛏᛁᛗᛖ,426
farewell,11910952,1,ᚠᚪᚱᛖᚹᛖᛚᛚ,409
clarence,11884816,1,ᚳᛚᚪᚱᛖᚾᚳᛖ,370
injurious,11881390,1,ᛁᚾᛂᚢᚱᛡᚢᛋ,274
cervical,11879907,1,ᚳᛖᚱᚢᛁᚳᚪᛚ,308
footnote,11879315,1,ᚠᚩᚩᛏᚾᚩᛏᛖ,237
conceded,11873763,1,ᚳᚩᚾᚳᛖᛞᛖᛞ,374
reverend,11817198,1,ᚱᛖᚢᛖᚱᛖᚾᛞ,344
missiles,11811288,1,ᛗᛁᛋᛋᛁᛚᛖᛋ,432
generals,11798175,1,ᚷᛖᚾᛖᚱᚪᛚᛋ,414
helpless,11793303,1,ᚻᛖᛚᛈᛚᛖᛋᛋ,452
electors,11759753,1,ᛖᛚᛖᚳᛏᚩᚱᛋ,350
painters,11758043,1,ᛈᚪᛁᚾᛏᛖᚱᛋ,390
inquired,11731537,1,ᛁᚾᚳᚹᛁᚱᛖᛞ,290
greatness,11716700,1,ᚷᚱᛠᛏᚾᛖᛋᛋ,398
fortunes,11715508,1,ᚠᚩᚱᛏᚢᚾᛖᛋ,231
disagree,11712299,1,ᛞᛁᛋᚪᚷᚱᛖᛖ,432
protests,11690189,1,ᛈᚱᚩᛏᛖᛋᛏᛋ,352
arteries,11690136,1,ᚪᚱᛏᛖᚱᛁᛖᛋ,396
recourse,11680007,1,ᚱᛖᚳᚩᚢᚱᛋᛖ,232
triangular,11662096,1,ᛏᚱᛡᛝᚢᛚᚪᚱ,440
multiply,11644372,1,ᛗᚢᛚᛏᛁᛈᛚᚣ,456
casualty,11637643,1,ᚳᚪᛋᚢᚪᛚᛏᚣ,498
announce,11634208,1,ᚪᚾᚾᚩᚢᚾᚳᛖ,274
citations,11620337,1,ᚳᛁᛏᚪᛏᛡᚾᛋ,448
stationed,11601985,1,ᛋᛏᚪᛏᛡᚾᛖᛞ,560
cheerful,11600245,1,ᚳᚻᛖᛖᚱᚠᚢᛚ,259
episodes,11596207,1,ᛖᛈᛁᛋᚩᛞᛖᛋ,410
monarchy,11592300,1,ᛗᚩᚾᚪᚱᚳᚻᚣ,354
nuisance,11581186,1,ᚾᚢᛁᛋᚪᚾᚳᛖ,322
brazilian,11555208,1,ᛒᚱᚪᛋᛁᛚᛡᚾ,462
suppress,11551838,1,ᛋᚢᛈᛈᚱᛖᛋᛋ,326
honestly,11540150,1,ᚻᚩᚾᛖᛋᛏᛚᚣ,414
bradford,11519339,0,ᛒᚱᚪᛞᚠᚩᚱᛞ,367
tourists,11515145,1,ᛏᚩᚢᚱᛁᛋᛏᛋ,276
charcoal,11506336,1,ᚳᚻᚪᚱᚳᚩᚪᛚ,334
upstairs,11504952,1,ᚢᛈᛋᛏᚪᛁᚱᛋ,350
differed,11500632,1,ᛞᛁᚠᚠᛖᚱᛖᛞ,358
employes,11498163,1,ᛖᛗᛈᛚᚩᚣᛖᛋ,484
symphony,11493928,1,ᛋᚣᛗᛈᚻᚩᚾᚣ,432
preclude,11492422,1,ᛈᚱᛖᚳᛚᚢᛞᛖ,366
depletion,11491001,1,ᛞᛖᛈᛚᛖᛏᛡᚾ,534
compares,11484691,1,ᚳᚩᛗᛈᚪᚱᛖᛋ,362
nobility,11475957,1,ᚾᚩᛒᛁᛚᛁᛏᚣ,394
resisted,11462433,1,ᚱᛖᛋᛁᛋᛏᛖᛞ,430
connexion,11458251,1,ᚳᚩᚾᚾᛖᛉᛡᚾ,328
delicious,11449874,1,ᛞᛖᛚᛁᚳᛡᚢᛋ,436
combines,11441455,1,ᚳᚩᛗᛒᛁᚾᛖᛋ,332
instruct,11365005,1,ᛁᚾᛋᛏᚱᚢᚳᛏ,258
silently,11357209,1,ᛋᛁᛚᛖᚾᛏᛚᚣ,488
asbestos,11344063,1,ᚪᛋᛒᛖᛋᛏᚩᛋ,450
dispatch,11343038,1,ᛞᛁᛋᛈᚪᛏᚳᚻ,408
carnegie,11310996,1,ᚳᚪᚱᚾᛖᚷᛁᛖ,332
deserved,11303903,1,ᛞᛖᛋᛖᚱᚢᛖᛞ,446
hesitate,11271303,1,ᚻᛖᛋᛁᛏᚪᛏᛖ,456
garments,11258661,1,ᚷᚪᚱᛗᛖᚾᛏᛋ,404
digestion,11254715,1,ᛞᛁᚷᛖᛋᛏᛡᚾ,452
obsolete,11248627,1,ᚩᛒᛋᚩᛚᛖᛏᛖ,394
monsieur,11246264,1,ᛗᚩᚾᛋᛁᛖᚢᚱ,272
harmless,11225363,1,ᚻᚪᚱᛗᛚᛖᛋᛋ,448
excludes,11220077,1,ᛖᛉᚳᛚᚢᛞᛖᛋ,412
righteous,11213087,1,ᚱᛁᚷᚻᛏᛇᚢᛋ,238
revisions,11202755,1,ᚱᛖᚢᛁᛋᛡᚾᛋ,354
skeleton,11192033,1,ᛋᚳᛖᛚᛖᛏᚩᚾ,368
ordnance,11191282,1,ᚩᚱᛞᚾᚪᚾᚳᛖ,342
polymers,11183824,1,ᛈᚩᛚᚣᛗᛖᚱᛋ,428
democrat,11181894,1,ᛞᛖᛗᚩᚳᚱᚪᛏ,414
earnestly,11178373,1,ᛠᚱᚾᛖᛋᛏᛚᚣ,504
hormones,11156672,1,ᚻᚩᚱᛗᚩᚾᛖᛋ,268
eternity,11151899,1,ᛖᛏᛖᚱᚾᛁᛏᚣ,426
scheduling,11150066,1,ᛋᚳᚻᛖᛞᚢᛚᛝ,400
hardship,11126641,1,ᚻᚪᚱᛞᛋᚻᛁᛈ,370
prophecy,11125670,1,ᛈᚱᚩᛈᚻᛖᚳᚣ,310
burlington,11103153,1,ᛒᚢᚱᛚᛝᛏᚩᚾ,322
converting,11064325,1,ᚳᚩᚾᚢᛖᚱᛏᛝ,268
applause,11061669,1,ᚪᛈᛈᛚᚪᚢᛋᛖ,476
impulses,11026587,1,ᛁᛗᛈᚢᛚᛋᛖᛋ,394
augustus,11022486,0,ᚪᚢᚷᚢᛋᛏᚢᛋ,288
harmonic,11011398,1,ᚻᚪᚱᛗᚩᚾᛁᚳ,282
tactical,11009620,1,ᛏᚪᚳᛏᛁᚳᚪᛚ,442
radicals,11008906,1,ᚱᚪᛞᛁᚳᚪᛚᛋ,464
recession,11006714,1,ᚱᛖᚳᛖᛋᛋᛡᚾ,400
migrants,10945607,1,ᛗᛁᚷᚱᚪᚾᛏᛋ,368
advisers,10943918,1,ᚪᛞᚢᛁᛋᛖᚱᛋ,404
qualifying,10937010,1,ᚳᚹᚪᛚᛁᚠᚣᛝ,417
favoured,10922725,1,ᚠᚪᚢᚩᚢᚱᛖᛞ,279
spaniards,10913184,1,ᛋᛈᚪᚾᛡᚱᛞᛋ,482
analysts,10895425,1,ᚪᚾᚪᛚᚣᛋᛏᛋ,564
enriched,10885465,1,ᛖᚾᚱᛁᚳᚻᛖᛞ,330
withholding,10884740,1,ᚹᛁᚦᚻᚩᛚᛞᛝ,326
vanished,10875733,1,ᚢᚪᚾᛁᛋᚻᛖᛞ,392
recruiting,10869812,1,ᚱᛖᚳᚱᚢᛁᛏᛝ,274
deficits,10854985,1,ᛞᛖᚠᛁᚳᛁᛏᛋ,345
borrower,10846752,1,ᛒᚩᚱᚱᚩᚹᛖᚱ,194
miniature,10844704,1,ᛗᛁᚾᛡᛏᚢᚱᛖ,378
restrain,10822790,1,ᚱᛖᛋᛏᚱᚪᛁᚾ,358
ordained,10820958,1,ᚩᚱᛞᚪᛁᚾᛖᛞ,420
fortress,10815151,1,ᚠᚩᚱᛏᚱᛖᛋᛋ,263
bourgeois,10805819,1,ᛒᚩᚢᚱᚷᛇᛁᛋ,224
filtered,10791161,1,ᚠᛁᛚᛏᛖᚱᛖᛞ,399
extremes,10768914,1,ᛖᛉᛏᚱᛖᛗᛖᛋ,442
undergoing,10759264,1,ᚢᚾᛞᛖᚱᚷᚩᛝ,302
defenses,10739764,1,ᛞᛖᚠᛖᚾᛋᛖᛋ,427
submitting,10730353,1,ᛋᚢᛒᛗᛁᛏᛏᛝ,416
congestion,10727264,1,ᚳᚩᛝᛖᛋᛏᛡᚾ,414
practicing,10711068,1,ᛈᚱᚪᚳᛏᛁᚳᛝ,346
wretched,10698060,1,ᚹᚱᛖᛏᚳᚻᛖᛞ,348
divinity,10682312,1,ᛞᛁᚢᛁᚾᛁᛏᚣ,376
miracles,10674325,1,ᛗᛁᚱᚪᚳᛚᛖᛋ,416
kinetics,10649930,1,ᚳᛁᚾᛖᛏᛁᚳᛋ,296
aromatic,10633785,1,ᚪᚱᚩᛗᚪᛏᛁᚳ,386
analysed,10627825,1,ᚪᚾᚪᛚᚣᛋᛖᛞ,608
reformed,10619342,1,ᚱᛖᚠᚩᚱᛗᛖᛞ,325
deducted,10616405,1,ᛞᛖᛞᚢᚳᛏᛖᛞ,476
seconded,10611897,1,ᛋᛖᚳᚩᚾᛞᛖᛞ,414
vitality,10605151,1,ᚢᛁᛏᚪᛚᛁᛏᚣ,456
proximal,10603294,1,ᛈᚱᚩᛉᛁᛗᚪᛚ,380
dominate,10585708,1,ᛞᚩᛗᛁᚾᚪᛏᛖ,450
rigorous,10576634,1,ᚱᛁᚷᚩᚱᚩᚢᛋ,140
elephant,10515442,1,ᛖᛚᛖᛈᚻᚪᚾᛏ,458
aerospace,10512316,1,ᚫᚱᚩᛋᛈᚪᚳᛖ,392
careless,10494984,1,ᚳᚪᚱᛖᛚᛖᛋᛋ,434
textbook,10490220,1,ᛏᛖᛉᛏᛒᚩᚩᚳ,320
stripped,10488813,1,ᛋᛏᚱᛁᛈᛈᛖᛞ,396
theatrical,10481125,1,ᚦᛠᛏᚱᛁᚳᚪᛚ,398
recordings,10474830,1,ᚱᛖᚳᚩᚱᛞᛝᛋ,330
advocacy,10453028,1,ᚪᛞᚢᚩᚳᚪᚳᚣ,422
graphite,10445077,1,ᚷᚱᚪᛈᚻᛁᛏᛖ,348
ventures,10437102,1,ᚢᛖᚾᛏᚢᚱᛖᛋ,292
guardians,10363050,1,ᚷᚢᚪᚱᛞᛡᚾᛋ,406
arthritis,10332636,0,ᚪᚱᚦᚱᛁᛏᛁᛋ,298
ratified,10329016,1,ᚱᚪᛏᛁᚠᛁᛖᛞ,387
manifold,10316276,1,ᛗᚪᚾᛁᚠᚩᛚᛞ,399
mechanic,10314868,1,ᛗᛖᚳᚻᚪᚾᛁᚳ,344
assignee,10292656,1,ᚪᛋᛋᛁᚷᚾᛖᛖ,414
beginnings,10290889,1,ᛒᛖᚷᛁᚾᚾᛝᛋ,366
medicaid,10285587,1,ᛗᛖᛞᛁᚳᚪᛁᛞ,488
comrades,10285263,1,ᚳᚩᛗᚱᚪᛞᛖᛋ,408
immortal,10281455,1,ᛁᛗᛗᚩᚱᛏᚪᛚ,420
matrices,10254975,1,ᛗᚪᛏᚱᛁᚳᛖᛋ,402
auditory,10223965,1,ᚪᚢᛞᛁᛏᚩᚱᚣ,400
africans,10210670,1,ᚪᚠᚱᛁᚳᚪᚾᛋ,333
stricken,10201593,1,ᛋᛏᚱᛁᚳᚳᛖᚾ,276
classics,10200918,1,ᚳᛚᚪᛋᛋᛁᚳᛋ,386
bestowed,10197325,1,ᛒᛖᛋᛏᚩᚹᛖᛞ,422
switched,10181007,1,ᛋᚹᛁᛏᚳᚻᛖᛞ,354
scarcity,10163368,1,ᛋᚳᚪᚱᚳᛁᛏᚣ,380
dissenting,10162894,1,ᛞᛁᛋᛋᛖᚾᛏᛝ,460
hopeless,10151247,1,ᚻᚩᛈᛖᛚᛖᛋᛋ,386
huntington,10140558,1,ᚻᚢᚾᛏᛝᛏᚩᚾ,288
desirous,10134328,1,ᛞᛖᛋᛁᚱᚩᚢᛋ,314
graceful,10126496,1,ᚷᚱᚪᚳᛖᚠᚢᛚ,283
titanium,10104831,1,ᛏᛁᛏᚪᚾᛁᚢᛗ,380
woodland,10092270,1,ᚹᚩᚩᛞᛚᚪᚾᛞ,410
saunders,10082191,0,ᛋᚪᚢᚾᛞᛖᚱᛋ,402
chickens,10066617,1,ᚳᚻᛁᚳᚳᛖᚾᛋ,242
chromium,10064116,1,ᚳᚻᚱᚩᛗᛁᚢᛗ,230
buchanan,10051921,0,ᛒᚢᚳᚻᚪᚾᚪᚾ,352
scenarios,10050130,1,ᛋᚳᛖᚾᚪᚱᛡᛋ,430
highland,10045378,1,ᚻᛁᚷᚻᛚᚪᚾᛞ,382
brackets,10043281,1,ᛒᚱᚪᚳᚳᛖᛏᛋ,374
aberdeen,10035865,1,ᚪᛒᛖᚱᛞᛖᛖᚾ,488
startled,10027688,1,ᛋᛏᚪᚱᛏᛚᛖᛞ,508
guaranty,10026316,1,ᚷᚢᚪᚱᚪᚾᛏᚣ,416
insanity,10012755,1,ᛁᚾᛋᚪᚾᛁᛏᚣ,432
inactive,9994948,1,ᛁᚾᚪᚳᛏᛁᚢᛖ,330
mischief,9983341,1,ᛗᛁᛋᚳᚻᛁᛖᚠ,291
manitoba,9978643,1,ᛗᚪᚾᛁᛏᚩᛒᚪ,452
effluent,9976859,1,ᛖᚠᚠᛚᚢᛖᚾᛏ,302
diagnosed,9921415,1,ᛞᛡᚷᚾᚩᛋᛖᛞ,458
treasures,9915807,1,ᛏᚱᛠᛋᚢᚱᛖᛋ,366
divorced,9902857,1,ᛞᛁᚢᚩᚱᚳᛖᛞ,310
detained,9893866,1,ᛞᛖᛏᚪᛁᚾᛖᛞ,528
auditors,9886710,1,ᚪᚢᛞᛁᛏᚩᚱᛋ,350
narrator,9879333,1,ᚾᚪᚱᚱᚪᛏᚩᚱ,322
buddhism,9875028,1,ᛒᚢᛞᛞᚻᛁᛋᛗ,420
shippers,9866598,1,ᛋᚻᛁᛈᛈᛖᚱᛋ,324
hardened,9835007,1,ᚻᚪᚱᛞᛖᚾᛖᛞ,472
savannah,9824018,1,ᛋᚪᚢᚪᚾᚾᚪᚻ,428
committing,9813626,1,ᚳᚩᛗᛗᛁᛏᛏᛝ,390
murmured,9795130,1,ᛗᚢᚱᛗᚢᚱᛖᛞ,326
restless,9782293,1,ᚱᛖᛋᛏᛚᛖᛋᛋ,436
somerset,9770595,1,ᛋᚩᛗᛖᚱᛋᛖᛏ,388
clifford,9759751,1,ᚳᛚᛁᚠᚠᚩᚱᛞ,228
chaplain,9747178,1,ᚳᚻᚪᛈᛚᚪᛁᚾ,406
mutations,9733024,1,ᛗᚢᛏᚪᛏᛡᚾᛋ,478
almighty,9727776,1,ᚪᛚᛗᛁᚷᚻᛏᚣ,474
fruitful,9714892,1,ᚠᚱᚢᛁᛏᚠᚢᛚ,184
specifying,9712195,1,ᛋᛈᛖᚳᛁᚠᚣᛝ,391
withstand,9692877,1,ᚹᛁᚦᛋᛏᚪᚾᛞ,382
socrates,9682739,1,ᛋᚩᚳᚱᚪᛏᛖᛋ,360
ionization,9662660,0,ᛡᚾᛁᛋᚪᛏᛡᚾ,512
referral,9638252,1,ᚱᛖᚠᛖᚱᚱᚪᛚ,339
sentencing,9633951,1,ᛋᛖᚾᛏᛖᚾᚳᛝ,396
impartial,9620380,1,ᛁᛗᛈᚪᚱᛏᛡᛚ,492
prudence,9614857,1,ᛈᚱᚢᛞᛖᚾᚳᛖ,322
suffrage,9580003,1,ᛋᚢᚠᚠᚱᚪᚷᛖ,252
northward,9574984,1,ᚾᚩᚱᚦᚹᚪᚱᛞ,268
strangely,9571352,1,ᛋᛏᚱᚪᛝᛖᛚᚣ,542
animated,9559555,1,ᚪᚾᛁᛗᚪᛏᛖᛞ,540
muttered,9558591,1,ᛗᚢᛏᛏᛖᚱᛖᛞ,426
cessation,9547805,1,ᚳᛖᛋᛋᚪᛏᛡᚾ,478
engrossed,9544244,1,ᛖᛝᚱᚩᛋᛋᛖᛞ,426
steamship,9531516,1,ᛋᛏᛠᛗᛋᚻᛁᛈ,442
sponsors,9531494,1,ᛋᛈᚩᚾᛋᚩᚱᛋ,256
seminars,9531456,1,ᛋᛖᛗᛁᚾᚪᚱᛋ,412
syphilis,9522462,1,ᛋᚣᛈᚻᛁᛚᛁᛋ,410
skeletal,9520007,1,ᛋᚳᛖᛚᛖᛏᚪᛚ,502
anesthesia,9486469,1,ᚪᚾᛖᛋᚦᛖᛋᛡ,478
houghton,9465507,1,ᚻᚩᚢᚷᚻᛏᚩᚾ,168
grandson,9461143,1,ᚷᚱᚪᚾᛞᛋᚩᚾ,332
declines,9457994,1,ᛞᛖᚳᛚᛁᚾᛖᛋ,422
cunningham,9450839,0,ᚳᚢᚾᚾᛝᚻᚪᛗ,344
nowadays,9429311,1,ᚾᚩᚹᚪᛞᚪᚣᛋ,494
consular,9427811,1,ᚳᚩᚾᛋᚢᛚᚪᚱ,286
sexually,9416326,1,ᛋᛖᛉᚢᚪᛚᛚᚣ,516
sandwich,9415973,1,ᛋᚪᚾᛞᚹᛁᚳᚻ,354
positioning,9413658,1,ᛈᚩᛋᛁᛏᛡᚾᛝ,408
confront,9400781,1,ᚳᚩᚾᚠᚱᚩᚾᛏ,157
muhammad,9397010,1,ᛗᚢᚻᚪᛗᛗᚪᛞ,522
recovering,9396655,1,ᚱᛖᚳᚩᚢᛖᚱᛝ,258
obedient,9395992,1,ᚩᛒᛖᛞᛁᛖᚾᛏ,410
secretly,9390627,1,ᛋᛖᚳᚱᛖᛏᛚᚣ,446
parishes,9386408,1,ᛈᚪᚱᛁᛋᚻᛖᛋ,378
intimacy,9371537,1,ᛁᚾᛏᛁᛗᚪᚳᚣ,434
humphrey,9355049,1,ᚻᚢᛗᛈᚻᚱᛖᚣ,344
eventual,9352054,1,ᛖᚢᛖᚾᛏᚢᚪᛚ,398
solvents,9342479,1,ᛋᚩᛚᚢᛖᚾᛏᛋ,344
adequacy,9336855,1,ᚪᛞᛖᚳᚹᚪᚳᚣ,498
imminent,9315593,1,ᛁᛗᛗᛁᚾᛖᚾᛏ,388
cognition,9314735,1,ᚳᚩᚷᚾᛁᛏᛡᚾ,292
sufferings,9305179,1,ᛋᚢᚠᚠᛖᚱᛝᛋ,270
predicting,9290296,1,ᛈᚱᛖᛞᛁᚳᛏᛝ,392
barracks,9289199,1,ᛒᚪᚱᚱᚪᚳᚳᛋ,356
civilians,9286021,1,ᚳᛁᚢᛁᛚᛡᚾᛋ,340
founders,9275312,1,ᚠᚩᚢᚾᛞᛖᚱᛋ,261
converts,9266044,1,ᚳᚩᚾᚢᛖᚱᛏᛋ,242
needless,9264772,1,ᚾᛖᛖᛞᛚᛖᛋᛋ,498
auspices,9258354,1,ᚪᚢᛋᛈᛁᚳᛖᛋ,360
homeless,9246775,1,ᚻᚩᛗᛖᛚᛖᛋᛋ,414
bandwidth,9234209,1,ᛒᚪᚾᛞᚹᛁᛞᚦ,420
confirms,9234025,1,ᚳᚩᚾᚠᛁᚱᛗᛋ,217
homeland,9230775,1,ᚻᚩᛗᛖᛚᚪᚾᛞ,456
strained,9222835,1,ᛋᛏᚱᚪᛁᚾᛖᛞ,436
diaphragm,9217132,1,ᛞᛡᛈᚻᚱᚪᚷᛗ,458
expelled,9215676,1,ᛖᛉᛈᛖᛚᛚᛖᛞ,526
southward,9200693,1,ᛋᚩᚢᚦᚹᚪᚱᛞ,284
wilmington,9197430,1,ᚹᛁᛚᛗᛝᛏᚩᚾ,368
chestnut,9197002,1,ᚳᚻᛖᛋᛏᚾᚢᛏ,306
cromwell,9195913,1,ᚳᚱᚩᛗᚹᛖᛚᛚ,334
planners,9192799,1,ᛈᛚᚪᚾᚾᛖᚱᛋ,402
dictated,9189839,1,ᛞᛁᚳᛏᚪᛏᛖᛞ,504
elongated,9184216,1,ᛖᛚᚩᛝᚪᛏᛖᛞ,538
celestial,9184124,1,ᚳᛖᛚᛖᛋᛏᛡᛚ,512
dominions,9183756,1,ᛞᚩᛗᛁᚾᛡᚾᛋ,416
betrayed,9167775,1,ᛒᛖᛏᚱᚪᚣᛖᛞ,554
countess,9167713,1,ᚳᚩᚢᚾᛏᛖᛋᛋ,284
awakened,9151421,1,ᚪᚹᚪᚳᛖᚾᛖᛞ,478
salesman,9140599,1,ᛋᚪᛚᛖᛋᛗᚪᚾ,540
granular,9116754,1,ᚷᚱᚪᚾᚢᛚᚪᚱ,338
donations,9114221,1,ᛞᚩᚾᚪᛏᛡᚾᛋ,470
notorious,9106001,1,ᚾᚩᛏᚩᚱᛡᚢᛋ,276
promotes,9103221,1,ᛈᚱᚩᛗᚩᛏᛖᛋ,318
ethnicity,9099364,1,ᛖᚦᚾᛁᚳᛁᛏᚣ,338
pursuits,9092839,1,ᛈᚢᚱᛋᚢᛁᛏᛋ,256
stephens,9089505,1,ᛋᛏᛖᛈᚻᛖᚾᛋ,394
rewarded,9087450,1,ᚱᛖᚹᚪᚱᛞᛖᛞ,450
holiness,9080902,1,ᚻᚩᛚᛁᚾᛖᛋᛋ,336
partisan,9060534,1,ᛈᚪᚱᛏᛁᛋᚪᚾ,420
patented,9057235,1,ᛈᚪᛏᛖᚾᛏᛖᛞ,510
airports,9031169,1,ᚪᛁᚱᛈᚩᚱᛏᛋ,312
improves,9027482,1,ᛁᛗᛈᚱᚩᚢᛖᛋ,286
liberals,9024569,1,ᛚᛁᛒᛖᚱᚪᛚᛋ,466
randomly,9007111,1,ᚱᚪᚾᛞᚩᛗᛚᚣ,480
ingredient,8937935,1,ᛝᚱᛖᛞᛁᛖᚾᛏ,432
habitats,8922209,1,ᚻᚪᛒᛁᛏᚪᛏᛋ,480
nationals,8917478,1,ᚾᚪᛏᛡᚾᚪᛚᛋ,544
demurrer,8915207,1,ᛞᛖᛗᚢᚱᚱᛖᚱ,330
inventor,8905707,1,ᛁᚾᚢᛖᚾᛏᚩᚱ,236
worthless,8904196,1,ᚹᚩᚱᚦᛚᛖᛋᛋ,288
reckoned,8889911,1,ᚱᛖᚳᚳᚩᚾᛖᛞ,296
pastures,8883460,1,ᛈᚪᛋᛏᚢᚱᛖᛋ,386
protects,8880442,1,ᛈᚱᚩᛏᛖᚳᛏᛋ,312
fulfilling,8872014,1,ᚠᚢᛚᚠᛁᛚᛚᛝ,336
perennial,8871072,1,ᛈᛖᚱᛖᚾᚾᛡᛚ,426
curtains,8859377,1,ᚳᚢᚱᛏᚪᛁᚾᛋ,296
exempted,8858574,1,ᛖᛉᛖᛗᛈᛏᛖᛞ,510
additive,8840444,1,ᚪᛞᛞᛁᛏᛁᚢᛖ,466
salvador,8838460,1,ᛋᚪᛚᚢᚪᛞᚩᚱ,430
ornament,8818070,1,ᚩᚱᚾᚪᛗᛖᚾᛏ,370
carriages,8810087,1,ᚳᚪᚱᚱᛡᚷᛖᛋ,376
assemble,8802683,1,ᚪᛋᛋᛖᛗᛒᛚᛖ,542
katherine,8793890,1,ᚳᚪᚦᛖᚱᛁᚾᛖ,320
coincide,8791975,1,ᚳᚩᛁᚾᚳᛁᛞᛖ,280
fiduciary,8787047,1,ᚠᛁᛞᚢᚳᛡᚱᚣ,359
excepted,8739596,1,ᛖᛉᚳᛖᛈᛏᛖᛞ,452
narrower,8715801,1,ᚾᚪᚱᚱᚩᚹᛖᚱ,252
maximize,8714907,1,ᛗᚪᛉᛁᛗᛁᛋᛖ,468
prentice,8713697,1,ᛈᚱᛖᚾᛏᛁᚳᛖ,320
cortical,8705205,1,ᚳᚩᚱᛏᛁᚳᚪᛚ,304
excretion,8701012,1,ᛖᛉᚳᚱᛖᛏᛡᚾ,400
elective,8695533,1,ᛖᛚᛖᚳᛏᛁᚢᛖ,380
lawfully,8688190,1,ᛚᚪᚹᚠᚢᛚᛚᚣ,443
addiction,8672824,1,ᚪᛞᛞᛁᚳᛏᛡᚾ,514
honolulu,8667292,1,ᚻᚩᚾᚩᛚᚢᛚᚢ,218
chemists,8664190,1,ᚳᚻᛖᛗᛁᛋᛏᛋ,370
seizures,8654154,1,ᛋᛖᛁᛋᚢᚱᛖᛋ,338
narrowly,8653552,1,ᚾᚪᚱᚱᚩᚹᛚᚣ,350
exhibiting,8644335,1,ᛖᛉᚻᛁᛒᛁᛏᛝ,398
virtuous,8640119,1,ᚢᛁᚱᛏᚢᚩᚢᛋ,170
adhesive,8636346,1,ᚪᛞᚻᛖᛋᛁᚢᛖ,430
gestures,8615653,1,ᚷᛖᛋᛏᚢᚱᛖᛋ,330
diverted,8615009,1,ᛞᛁᚢᛖᚱᛏᛖᛞ,416
captains,8612022,1,ᚳᚪᛈᛏᚪᛁᚾᛋ,422
gigantic,8599859,1,ᚷᛁᚷᚪᚾᛏᛁᚳ,294
sidewalk,8586770,1,ᛋᛁᛞᛖᚹᚪᛚᚳ,442
tolerate,8580800,1,ᛏᚩᛚᛖᚱᚪᛏᛖ,440
inverted,8580453,1,ᛁᚾᚢᛖᚱᛏᛖᛞ,356
calories,8575677,1,ᚳᚪᛚᚩᚱᛁᛖᛋ,352
prevails,8573188,1,ᛈᚱᛖᚢᚪᛁᛚᛋ,378
disgrace,8572150,1,ᛞᛁᛋᚷᚱᚪᚳᛖ,378
intrusion,8549422,1,ᛁᚾᛏᚱᚢᛋᛡᚾ,322
speedily,8548136,1,ᛋᛈᛖᛖᛞᛁᛚᚣ,526
narrowed,8547479,1,ᚾᚪᚱᚱᚩᚹᛖᛞ,330
rapidity,8541043,1,ᚱᚪᛈᛁᛞᛁᛏᚣ,464
violently,8539530,1,ᚢᛡᛚᛖᚾᛏᛚᚣ,514
deception,8538890,1,ᛞᛖᚳᛖᛈᛏᛡᚾ,474
appointing,8537996,1,ᚪᛈᛈᚩᛁᚾᛏᛝ,388
baptized,8528596,1,ᛒᚪᛈᛏᛁᛋᛖᛞ,500
chandler,8519781,0,ᚳᚻᚪᚾᛞᛚᛖᚱ,402
cornwall,8515706,1,ᚳᚩᚱᚾᚹᚪᛚᛚ,322
epithelial,8512353,1,ᛖᛈᛁᚦᛖᛚᛡᛚ,466
responds,8510033,1,ᚱᛖᛋᛈᚩᚾᛞᛋ,352
ventured,8487540,1,ᚢᛖᚾᛏᚢᚱᛖᛞ,328
intuition,8447683,1,ᛁᚾᛏᚢᛁᛏᛡᚾ,348
doctoral,8445848,1,ᛞᚩᚳᛏᚩᚱᚪᛚ,356
template,8439410,1,ᛏᛖᛗᛈᛚᚪᛏᛖ,536
ceramics,8436426,1,ᚳᛖᚱᚪᛗᛁᚳᛋ,356
keyboard,8423247,1,ᚳᛖᚣᛒᚩᚪᚱᛞ,448
inversion,8408105,1,ᛁᚾᚢᛖᚱᛋᛡᚾ,330
habitual,8398121,1,ᚻᚪᛒᛁᛏᚢᚪᛚ,444
humility,8392606,1,ᚻᚢᛗᛁᛚᛁᛏᚣ,394
airborne,8388149,1,ᚪᛁᚱᛒᚩᚱᚾᛖ,314
schwartz,8387348,0,ᛋᚳᚻᚹᚪᚱᛏᛋ,328
curiously,8377814,1,ᚳᚢᚱᛡᚢᛋᛚᚣ,366
cultured,8366380,1,ᚳᚢᛚᛏᚢᚱᛖᛞ,318
highness,8364367,1,ᚻᛁᚷᚻᚾᛖᛋᛋ,296
calculus,8358633,1,ᚳᚪᛚᚳᚢᛚᚢᛋ,328
overthrow,8357216,1,ᚩᚢᛖᚱᚦᚱᚩᚹ,130
classify,8342295,1,ᚳᛚᚪᛋᛋᛁᚠᚣ,425
deceived,8335739,1,ᛞᛖᚳᛖᛁᚢᛖᛞ,426
adjutant,8335134,1,ᚪᛞᛂᚢᛏᚪᚾᛏ,470
squeezed,8334889,1,ᛋᚳᚹᛖᛖᛋᛖᛞ,428
displaying,8329739,1,ᛞᛁᛋᛈᛚᚪᚣᛝ,568
beverage,8320382,1,ᛒᛖᚢᛖᚱᚪᚷᛖ,390
traverse,8316103,1,ᛏᚱᚪᚢᛖᚱᛋᛖ,368
deployed,8314138,1,ᛞᛖᛈᛚᚩᚣᛖᛞ,538
presided,8298825,1,ᛈᚱᛖᛋᛁᛞᛖᛞ,450
mystical,8287581,1,ᛗᚣᛋᛏᛁᚳᚪᛚ,500
wetlands,8282400,1,ᚹᛖᛏᛚᚪᚾᛞᛋ,486
solitude,8282118,1,ᛋᚩᛚᛁᛏᚢᛞᛖ,382
bitterly,8269635,1,ᛒᛁᛏᛏᛖᚱᛚᚣ,464
resorted,8266511,1,ᚱᛖᛋᚩᚱᛏᛖᛞ,364
blankets,8243015,1,ᛒᛚᚪᚾᚳᛖᛏᛋ,452
provoked,8242898,1,ᛈᚱᚩᚢᚩᚳᛖᛞ,240
pediatric,8238300,1,ᛈᛖᛞᛡᛏᚱᛁᚳ,420
wandered,8237468,1,ᚹᚪᚾᛞᛖᚱᛖᛞ,468
concerts,8221625,1,ᚳᚩᚾᚳᛖᚱᛏᛋ,252
labelled,8189228,1,ᛚᚪᛒᛖᛚᛚᛖᛞ,600
goodwill,8189102,1,ᚷᚩᚩᛞᚹᛁᛚᛚ,316
seniority,8184260,1,ᛋᛖᚾᛡᚱᛁᛏᚣ,460
syllable,8181768,1,ᛋᚣᛚᛚᚪᛒᛚᛖ,600
cavities,8176350,1,ᚳᚪᚢᛁᛏᛁᛖᛋ,354
bartlett,8173696,0,ᛒᚪᚱᛏᛚᛖᛏᛏ,486
powdered,8156167,1,ᛈᚩᚹᛞᛖᚱᛖᛞ,392
despatch,8145978,1,ᛞᛖᛋᛈᚪᛏᚳᚻ,444
installing,8134331,1,ᛁᚾᛋᛏᚪᛚᛚᛝ,494
correcting,8125368,1,ᚳᚩᚱᚱᛖᚳᛏᛝ,260
sheridan,8111436,1,ᛋᚻᛖᚱᛁᛞᚪᚾ,400
charters,8102602,1,ᚳᚻᚪᚱᛏᛖᚱᛋ,334
fighters,8096331,1,ᚠᛁᚷᚻᛏᛖᚱᛋ,263
antigens,8095284,1,ᚪᚾᛏᛁᚷᛖᚾᛋ,382
connects,8092402,1,ᚳᚩᚾᚾᛖᚳᛏᛋ,270
converse,8085412,1,ᚳᚩᚾᚢᛖᚱᛋᛖ,250
mythology,8070089,1,ᛗᚣᚦᚩᛚᚩᚷᚣ,386
refinery,8066821,1,ᚱᛖᚠᛁᚾᛖᚱᚣ,321
canadians,8039301,1,ᚳᚪᚾᚪᛞᛡᚾᛋ,514
ancestor,8025031,1,ᚪᚾᚳᛖᛋᛏᚩᚱ,336
remanded,7990822,1,ᚱᛖᛗᚪᚾᛞᛖᛞ,520
horizons,7987773,1,ᚻᚩᚱᛁᛋᚩᚾᛋ,214
alphabet,7966755,1,ᚪᛚᛈᚻᚪᛒᛖᛏ,520
announcing,7964473,1,ᚪᚾᚾᚩᚢᚾᚳᛝ,286
terribly,7958376,1,ᛏᛖᚱᚱᛁᛒᛚᚣ,416
blockade,7957851,1,ᛒᛚᚩᚳᚳᚪᛞᛖ,420
parasite,7954285,1,ᛈᚪᚱᚪᛋᛁᛏᛖ,458
eloquent,7944896,1,ᛖᛚᚩᚳᚹᛖᚾᛏ,334
trespass,7929731,1,ᛏᚱᛖᛋᛈᚪᛋᛋ,436
crescent,7914895,1,ᚳᚱᛖᛋᚳᛖᚾᛏ,312
trinidad,7912205,1,ᛏᚱᛁᚾᛁᛞᚪᛞ,436
inception,7909642,1,ᛁᚾᚳᛖᛈᛏᛡᚾ,378
esteemed,7900045,1,ᛖᛋᛏᛖᛖᛗᛖᛞ,540
survivor,7891749,1,ᛋᚢᚱᚢᛁᚢᚩᚱ,122
caldwell,7888512,0,ᚳᚪᛚᛞᚹᛖᛚᛚ,504
novelist,7877251,1,ᚾᚩᚢᛖᛚᛁᛋᛏ,322
societal,7876300,1,ᛋᚩᚳᛁᛖᛏᚪᛚ,400
granules,7871429,1,ᚷᚱᚪᚾᚢᛚᛖᛋ,350
woodward,7867123,0,ᚹᚩᚩᛞᚹᚪᚱᛞ,338
disguise,7864739,1,ᛞᛁᛋᚷᚢᛁᛋᛖ,344
offended,7859832,1,ᚩᚠᚠᛖᚾᛞᛖᛞ,352
diameters,7849157,1,ᛞᛡᛗᛖᛏᛖᚱᛋ,524
sinclair,7839800,1,ᛋᛁᚾᚳᛚᚪᛁᚱ,338
brighton,7836494,1,ᛒᚱᛁᚷᚻᛏᚩᚾ,238
immature,7836077,1,ᛁᛗᛗᚪᛏᚢᚱᛖ,410
americas,7818305,1,ᚪᛗᛖᚱᛁᚳᚪᛋ,440
townsend,7816207,0,ᛏᚩᚹᚾᛋᛖᚾᛞ,352
credible,7814421,1,ᚳᚱᛖᛞᛁᛒᛚᛖ,412
defender,7808651,1,ᛞᛖᚠᛖᚾᛞᛖᚱ,421
glossary,7774917,1,ᚷᛚᚩᛋᛋᚪᚱᚣ,414
convened,7771086,1,ᚳᚩᚾᚢᛖᚾᛖᛞ,304
longitude,7769652,1,ᛚᚩᛝᛁᛏᚢᛞᛖ,408
salinity,7766788,1,ᛋᚪᛚᛁᚾᛁᛏᚣ,476
homicide,7764820,1,ᚻᚩᛗᛁᚳᛁᛞᛖ,332
brochure,7763311,1,ᛒᚱᚩᚳᚻᚢᚱᛖ,196
winnipeg,7754598,1,ᚹᛁᚾᚾᛁᛈᛖᚷ,266
tempered,7749390,1,ᛏᛖᛗᛈᛖᚱᛖᛞ,474
underway,7748613,1,ᚢᚾᛞᛖᚱᚹᚪᚣ,418
twilight,7746569,1,ᛏᚹᛁᛚᛁᚷᚻᛏ,312
reckless,7739293,1,ᚱᛖᚳᚳᛚᛖᛋᛋ,350
confirming,7716624,1,ᚳᚩᚾᚠᛁᚱᛗᛝ,243
surround,7714017,1,ᛋᚢᚱᚱᚩᚢᚾᛞ,206
microbial,7710458,1,ᛗᛁᚳᚱᚩᛒᛡᛚ,374
trousers,7706011,1,ᛏᚱᚩᚢᛋᛖᚱᛋ,264
einstein,7695946,1,ᛖᛁᚾᛋᛏᛖᛁᚾ,366
forgetting,7684956,1,ᚠᚩᚱᚷᛖᛏᛏᛝ,301
practise,7682945,1,ᛈᚱᚪᚳᛏᛁᛋᛖ,374
shortest,7680806,1,ᛋᚻᚩᚱᛏᛖᛋᛏ,332
immersed,7676061,1,ᛁᛗᛗᛖᚱᛋᛖᛞ,460
alliances,7667175,1,ᚪᛚᛚᛡᚾᚳᛖᛋ,512
invariant,7665872,1,ᛁᚾᚢᚪᚱᛡᚾᛏ,366
pictorial,7663932,1,ᛈᛁᚳᛏᚩᚱᛡᛚ,344
livingston,7663340,0,ᛚᛁᚢᛝᛋᛏᚩᚾ,334
pecuniary,7662104,1,ᛈᛖᚳᚢᚾᛡᚱᚣ,376
nathaniel,7658157,1,ᚾᚪᚦᚪᚾᛁᛖᛚ,428
corporal,7654254,1,ᚳᚩᚱᛈᚩᚱᚪᛚ,262
eminence,7640785,1,ᛖᛗᛁᚾᛖᚾᚳᛖ,374
talented,7639017,1,ᛏᚪᛚᛖᚾᛏᛖᛞ,540
marketed,7636817,1,ᛗᚪᚱᚳᛖᛏᛖᛞ,474
redeemed,7632577,1,ᚱᛖᛞᛖᛖᛗᛖᛞ,528
viability,7627613,1,ᚢᛡᛒᛁᛚᛁᛏᚣ,468
passport,7621302,1,ᛈᚪᛋᛋᛈᚩᚱᛏ,366
embraces,7600231,1,ᛖᛗᛒᚱᚪᚳᛖᛋ,440
simplify,7598442,1,ᛋᛁᛗᛈᛚᛁᚠᚣ,407
optimism,7597745,1,ᚩᛈᛏᛁᛗᛁᛋᛗ,366
brownish,7597223,1,ᛒᚱᚩᚹᚾᛁᛋᚻ,234
distrust,7593124,1,ᛞᛁᛋᛏᚱᚢᛋᛏ,358
licences,7573035,1,ᛚᛁᚳᛖᚾᚳᛖᛋ,346
folklore,7572098,1,ᚠᚩᛚᚳᛚᚩᚱᛖ,253
expulsion,7571944,1,ᛖᛉᛈᚢᛚᛋᛡᚾ,422
bacillus,7566160,1,ᛒᚪᚳᛁᛚᛚᚢᛋ,404
vitamins,7553063,1,ᚢᛁᛏᚪᛗᛁᚾᛋ,374
entirety,7542199,1,ᛖᚾᛏᛁᚱᛖᛏᚣ,426
friedman,7536545,1,ᚠᚱᛁᛖᛞᛗᚪᚾ,397
reminder,7526294,1,ᚱᛖᛗᛁᚾᛞᛖᚱ,376
renowned,7522751,1,ᚱᛖᚾᚩᚹᚾᛖᛞ,318
embarked,7521645,1,ᛖᛗᛒᚪᚱᚳᛖᛞ,476
adelaide,7518731,1,ᚪᛞᛖᛚᚪᛁᛞᛖ,610
stafford,7510769,0,ᛋᛏᚪᚠᚠᚩᚱᛞ,320
conveyor,7497927,1,ᚳᚩᚾᚢᛖᚣᚩᚱ,240
tractors,7462087,1,ᛏᚱᚪᚳᛏᚩᚱᛋ,310
malicious,7450534,1,ᛗᚪᛚᛁᚳᛡᚢᛋ,448
orchards,7440031,1,ᚩᚱᚳᚻᚪᚱᛞᛋ,304
insulating,7437954,1,ᛁᚾᛋᚢᛚᚪᛏᛝ,424
massacre,7425738,1,ᛗᚪᛋᛋᚪᚳᚱᛖ,462
contests,7423635,1,ᚳᚩᚾᛏᛖᛋᛏᛋ,340
brighter,7413659,1,ᛒᚱᛁᚷᚻᛏᛖᚱ,280
likeness,7387286,1,ᛚᛁᚳᛖᚾᛖᛋᛋ,386
overcoming,7387030,1,ᚩᚢᛖᚱᚳᚩᛗᛝ,258
ambitions,7385884,1,ᚪᛗᛒᛁᛏᛡᚾᛋ,508
exploded,7382261,1,ᛖᛉᛈᛚᚩᛞᛖᛞ,482
benedict,7373972,1,ᛒᛖᚾᛖᛞᛁᚳᛏ,416
conducts,7365131,1,ᚳᚩᚾᛞᚢᚳᛏᛋ,266
contours,7351695,1,ᚳᚩᚾᛏᚩᚢᚱᛋ,182
necrosis,7349614,0,ᚾᛖᚳᚱᚩᛋᛁᛋ,264
atkinson,7342385,0,ᚪᛏᚳᛁᚾᛋᚩᚾ,318
attracting,7337544,1,ᚪᛏᛏᚱᚪᚳᛏᛝ,474
succeeds,7331366,1,ᛋᚢᚳᚳᛖᛖᛞᛋ,358
outright,7322587,1,ᚩᚢᛏᚱᛁᚷᚻᛏ,210
umbrella,7317969,1,ᚢᛗᛒᚱᛖᛚᛚᚪ,456
epilepsy,7316230,1,ᛖᛈᛁᛚᛖᛈᛋᚣ,480
agitated,7310311,1,ᚪᚷᛁᛏᚪᛏᛖᛞ,516
degraded,7305795,1,ᛞᛖᚷᚱᚪᛞᛖᛞ,526
prostate,7286688,1,ᛈᚱᚩᛋᛏᚪᛏᛖ,396
trenches,7285832,1,ᛏᚱᛖᚾᚳᚻᛖᛋ,322
untreated,7281712,1,ᚢᚾᛏᚱᛠᛏᛖᛞ,426
preachers,7268128,1,ᛈᚱᛠᚳᚻᛖᚱᛋ,330
ensemble,7262859,1,ᛖᚾᛋᛖᛗᛒᛚᛖ,488
grandeur,7260496,1,ᚷᚱᚪᚾᛞᛖᚢᚱ,324
pictured,7260309,1,ᛈᛁᚳᛏᚢᚱᛖᛞ,316
jennifer,7260178,1,ᛂᛖᚾᚾᛁᚠᛖᚱ,273
reproach,7222067,1,ᚱᛖᛈᚱᚩᚪᚳᚻ,272
leverage,7214041,1,ᛚᛖᚢᛖᚱᚪᚷᛖ,402
egyptians,7193064,1,ᛖᚷᚣᛈᛏᛡᚾᛋ,478
flourish,7190029,1,ᚠᛚᚩᚢᚱᛁᛋᚻ,203
networking,7183163,1,ᚾᛖᛏᚹᚩᚱᚳᛝ,284
securely,7182990,1,ᛋᛖᚳᚢᚱᛖᛚᚣ,390
attested,7165035,1,ᚪᛏᛏᛖᛋᛏᛖᛞ,550
recruits,7162598,1,ᚱᛖᚳᚱᚢᛁᛏᛋ,248
meaningless,7162084,1,ᛗᛠᚾᛝᛚᛖᛋᛋ,534
infested,7136818,1,ᛁᚾᚠᛖᛋᛏᛖᛞ,397
waterloo,7134357,1,ᚹᚪᛏᛖᚱᛚᚩᚩ,340
monitors,7131966,1,ᛗᚩᚾᛁᛏᚩᚱᛋ,268
bethlehem,7128146,1,ᛒᛖᚦᛚᛖᚻᛖᛗ,434
viscount,7116676,1,ᚢᛁᛋᚳᚩᚢᚾᛏ,198
mandated,7105278,1,ᛗᚪᚾᛞᚪᛏᛖᛞ,598
educator,7103775,1,ᛖᛞᚢᚳᚪᛏᚩᚱ,346
solemnly,7097838,1,ᛋᚩᛚᛖᛗᚾᛚᚣ,476
uniforms,7093647,1,ᚢᚾᛁᚠᚩᚱᛗᛋ,207
carlisle,7090144,1,ᚳᚪᚱᛚᛁᛋᛚᛖ,418
richness,7085284,1,ᚱᛁᚳᚻᚾᛖᛋᛋ,280
mustered,7083845,1,ᛗᚢᛋᛏᛖᚱᛖᛞ,420
appended,7075804,1,ᚪᛈᛈᛖᚾᛞᛖᛞ,524
hastened,7068496,1,ᚻᚪᛋᛏᛖᚾᛖᛞ,484
tolerant,7062558,1,ᛏᚩᛚᛖᚱᚪᚾᛏ,402
punitive,7059046,1,ᛈᚢᚾᛁᛏᛁᚢᛖ,266
mammalian,7057661,1,ᛗᚪᛗᛗᚪᛚᛡᚾ,616
luminous,7053358,1,ᛚᚢᛗᛁᚾᚩᚢᛋ,270
rigidity,7048636,1,ᚱᛁᚷᛁᛞᛁᛏᚣ,372
overflow,7044944,1,ᚩᚢᛖᚱᚠᛚᚩᚹ,189
westerly,7043026,1,ᚹᛖᛋᛏᛖᚱᛚᚣ,452
eyebrows,7039183,1,ᛖᚣᛖᛒᚱᚩᚹᛋ,388
tendered,7036866,1,ᛏᛖᚾᛞᛖᚱᛖᛞ,478
spirited,7031535,1,ᛋᛈᛁᚱᛁᛏᛖᛞ,384
gratifying,6994641,1,ᚷᚱᚪᛏᛁᚠᚣᛝ,399
remnants,6984597,1,ᚱᛖᛗᚾᚪᚾᛏᛋ,416
forcibly,6984054,1,ᚠᚩᚱᚳᛁᛒᛚᚣ,301
disciple,6978775,1,ᛞᛁᛋᚳᛁᛈᛚᛖ,400
capitals,6975071,1,ᚳᚪᛈᛁᛏᚪᛚᛋ,466
hardwood,6963939,1,ᚻᚪᚱᛞᚹᚩᚩᛞ,342
keywords,6955294,1,ᚳᛖᚣᚹᚩᚱᛞᛋ,362
pilgrims,6951617,1,ᛈᛁᛚᚷᚱᛁᛗᛋ,330
acquires,6948556,1,ᚪᚳᚳᚹᛁᚱᛖᛋ,304
greenish,6940393,1,ᚷᚱᛖᛖᚾᛁᛋᚻ,298
honoured,6940306,1,ᚻᚩᚾᚩᚢᚱᛖᛞ,236
nottingham,6935547,1,ᚾᚩᛏᛏᛝᚻᚪᛗ,424
breeders,6922222,1,ᛒᚱᛖᛖᛞᛖᚱᛋ,426
filament,6919297,1,ᚠᛁᛚᚪᛗᛖᚾᛏ,429
listener,6909788,1,ᛚᛁᛋᛏᛖᚾᛖᚱ,390
fluoride,6908816,1,ᚠᛚᚢᚩᚱᛁᛞᛖ,283
hectares,6901202,1,ᚻᛖᚳᛏᚪᚱᛖᛋ,390
retailer,6900725,1,ᚱᛖᛏᚪᛁᛚᛖᚱ,416
judicious,6891124,1,ᛂᚢᛞᛁᚳᛡᚢᛋ,336
animation,6888214,1,ᚪᚾᛁᛗᚪᛏᛡᚾ,520
sanskrit,6879266,1,ᛋᚪᚾᛋᚳᚱᛁᛏ,346
appliance,6874528,1,ᚪᛈᛈᛚᛡᚾᚳᛖ,472
precinct,6873361,1,ᛈᚱᛖᚳᛁᚾᚳᛏ,266
anchored,6870586,1,ᚪᚾᚳᚻᚩᚱᛖᛞ,336
armature,6860741,1,ᚪᚱᛗᚪᛏᚢᚱᛖ,416
notebook,6837626,1,ᚾᚩᛏᛖᛒᚩᚩᚳ,250
believer,6835345,1,ᛒᛖᛚᛁᛖᚢᛖᚱ,380
overlook,6825658,1,ᚩᚢᛖᚱᛚᚩᚩᚳ,188
planters,6825325,1,ᛈᛚᚪᚾᛏᛖᚱᛋ,432
murderer,6823058,1,ᛗᚢᚱᛞᛖᚱᛖᚱ,330
rebuilding,6817221,1,ᚱᛖᛒᚢᛁᛚᛞᛝ,414
prepares,6792223,1,ᛈᚱᛖᛈᚪᚱᛖᛋ,392
feminism,6792206,1,ᚠᛖᛗᛁᚾᛁᛋᛗ,355
excursion,6786747,1,ᛖᛉᚳᚢᚱᛋᛡᚾ,330
turbines,6765841,1,ᛏᚢᚱᛒᛁᚾᛖᛋ,314
auckland,6752571,1,ᚪᚢᚳᚳᛚᚪᚾᛞ,414
forensic,6749706,1,ᚠᚩᚱᛖᚾᛋᛁᚳ,213
traveler,6744450,1,ᛏᚱᚪᚢᛖᛚᛖᚱ,388
peroxide,6730583,1,ᛈᛖᚱᚩᛉᛁᛞᛖ,362
handicap,6704670,1,ᚻᚪᚾᛞᛁᚳᚪᛈ,422
withdrawing,6682788,1,ᚹᛁᚦᛞᚱᚪᚹᛝ,350
ukrainian,6675879,1,ᚢᚳᚱᚪᛁᚾᛡᚾ,320
infinity,6673427,1,ᛁᚾᚠᛁᚾᛁᛏᚣ,315
buckingham,6672672,1,ᛒᚢᚳᚳᛝᚻᚪᛗ,360
gardener,6671682,1,ᚷᚪᚱᛞᛖᚾᛖᚱ,388
variously,6654816,1,ᚢᚪᚱᛡᚢᛋᛚᚣ,450
immersion,6651205,1,ᛁᛗᛗᛖᚱᛋᛡᚾ,440
munitions,6634488,1,ᛗᚢᚾᛁᛏᛡᚾᛋ,382
softened,6631459,1,ᛋᚩᚠᛏᛖᚾᛖᛞ,373
importer,6629716,1,ᛁᛗᛈᚩᚱᛏᛖᚱ,300
humorous,6621470,1,ᚻᚢᛗᚩᚱᚩᚢᛋ,178
porosity,6614189,1,ᛈᚩᚱᚩᛋᛁᛏᚣ,314
insurers,6601188,1,ᛁᚾᛋᚢᚱᛖᚱᛋ,258
visually,6582284,1,ᚢᛁᛋᚢᚪᛚᛚᚣ,436
assessor,6578380,1,ᚪᛋᛋᛖᛋᛋᚩᚱ,394
stubborn,6571467,1,ᛋᛏᚢᛒᛒᚩᚱᚾ,284
honduras,6566347,1,ᚻᚩᚾᛞᚢᚱᚪᛋ,312
aesthetics,6562185,1,ᚫᛋᚦᛖᛏᛁᚳᛋ,382
frederic,6555794,1,ᚠᚱᛖᛞᛖᚱᛁᚳ,291
neutrons,6547823,1,ᚾᛖᚢᛏᚱᚩᚾᛋ,258
freshman,6546649,1,ᚠᚱᛖᛋᚻᛗᚪᚾ,353
explorer,6542119,1,ᛖᛉᛈᛚᚩᚱᛖᚱ,326
colorful,6541793,1,ᚳᚩᛚᚩᚱᚠᚢᛚ,189
collagen,6537968,1,ᚳᚩᛚᛚᚪᚷᛖᚾ,376
proclaim,6534639,1,ᛈᚱᚩᚳᛚᚪᛁᛗ,346
sulphide,6531158,1,ᛋᚢᛚᛈᚻᛁᛞᛖ,382
journeys,6522737,1,ᛂᚩᚢᚱᚾᛖᚣᛋ,310
screened,6520903,1,ᛋᚳᚱᛖᛖᚾᛖᛞ,396
delivers,6517739,1,ᛞᛖᛚᛁᚢᛖᚱᛋ,394
parochial,6513319,1,ᛈᚪᚱᚩᚳᚻᛡᛚ,374
perished,6504581,1,ᛈᛖᚱᛁᛋᚻᛖᛞ,384
custodian,6501077,1,ᚳᚢᛋᛏᚩᛞᛡᚾ,360
delicacy,6493428,1,ᛞᛖᛚᛁᚳᚪᚳᚣ,486
melville,6486708,1,ᛗᛖᛚᚢᛁᛚᛚᛖ,458
affiliate,6481068,1,ᚪᚠᚠᛁᛚᛡᛏᛖ,438
laurence,6478416,1,ᛚᚪᚢᚱᛖᚾᚳᛖ,360
costumes,6475093,1,ᚳᚩᛋᛏᚢᛗᛖᛋ,326
uniquely,6474814,1,ᚢᚾᛁᚳᚹᛖᛚᚣ,338
oxidized,6474268,1,ᚩᛉᛁᛞᛁᛋᛖᛞ,414
isabella,6464643,1,ᛁᛋᚪᛒᛖᛚᛚᚪ,552
impurity,6462178,1,ᛁᛗᛈᚢᚱᛁᛏᚣ,352
salesmen,6446236,1,ᛋᚪᛚᛖᛋᛗᛖᚾ,510
fugitive,6445896,1,ᚠᚢᚷᛁᛏᛁᚢᛖ,213
promoter,6445318,1,ᛈᚱᚩᛗᚩᛏᛖᚱ,276
obscured,6439433,1,ᚩᛒᛋᚳᚢᚱᛖᛞ,304
sureties,6437198,1,ᛋᚢᚱᛖᛏᛁᛖᛋ,344
alleviate,6437168,1,ᚪᛚᛚᛖᚢᛡᛏᛖ,546
urgently,6432043,1,ᚢᚱᚷᛖᚾᛏᛚᚣ,362
despised,6431022,1,ᛞᛖᛋᛈᛁᛋᛖᛞ,492
cottages,6428686,1,ᚳᚩᛏᛏᚪᚷᛖᛋ,372
monoxide,6422616,1,ᛗᚩᚾᚩᛉᛁᛞᛖ,348
blossoms,6413583,1,ᛒᛚᚩᛋᛋᚩᛗᛋ,378
beethoven,6409037,1,ᛒᛖᛖᚦᚩᚢᛖᚾ,306
cherokee,6394233,1,ᚳᚻᛖᚱᚩᚳᛖᛖ,268
workload,6389172,1,ᚹᚩᚱᚳᛚᚩᚪᛞ,316
mosquito,6387412,1,ᛗᚩᛋᚳᚹᛁᛏᚩ,260
appleton,6374424,1,ᚪᛈᛈᛚᛖᛏᚩᚾ,418
landmark,6365935,1,ᛚᚪᚾᛞᛗᚪᚱᚳ,480
canceled,6364995,1,ᚳᚪᚾᚳᛖᛚᛖᛞ,448
elongation,6364645,1,ᛖᛚᚩᛝᚪᛏᛡᚾ,518
compiler,6362157,1,ᚳᚩᛗᛈᛁᛚᛖᚱ,316
assembling,6346134,1,ᚪᛋᛋᛖᛗᛒᛚᛝ,554
openness,6338401,1,ᚩᛈᛖᚾᚾᛖᛋᛋ,348
simulate,6338059,1,ᛋᛁᛗᚢᛚᚪᛏᛖ,454
voltages,6313900,1,ᚢᚩᛚᛏᚪᚷᛖᛋ,376
dismissing,6302587,1,ᛞᛁᛋᛗᛁᛋᛋᛝ,460
destroys,6297010,1,ᛞᛖᛋᛏᚱᚩᚣᛋ,442
harcourt,6292588,1,ᚻᚪᚱᚳᚩᚢᚱᛏ,224
pretending,6284358,1,ᛈᚱᛖᛏᛖᚾᛞᛝ,444
allocate,6283822,1,ᚪᛚᛚᚩᚳᚪᛏᛖ,486
deformed,6271067,1,ᛞᛖᚠᚩᚱᛗᛖᛞ,403
confines,6266461,1,ᚳᚩᚾᚠᛁᚾᛖᛋ,231
thickened,6253816,1,ᚦᛁᚳᚳᛖᚾᛖᛞ,314
darkened,6249319,1,ᛞᚪᚱᚳᛖᚾᛖᛞ,462
unbroken,6246483,1,ᚢᚾᛒᚱᚩᚳᛖᚾ,220
strikingly,6232655,1,ᛋᛏᚱᛁᚳᛝᛚᚣ,422
manually,6228457,1,ᛗᚪᚾᚢᚪᛚᛚᚣ,546
aftermath,6220180,1,ᚪᚠᛏᛖᚱᛗᚪᚦ,409
budapest,6211301,1,ᛒᚢᛞᚪᛈᛖᛋᛏ,472
concurring,6187807,1,ᚳᚩᚾᚳᚢᚱᚱᛝ,166
climates,6181988,1,ᚳᛚᛁᛗᚪᛏᛖᛋ,464
isotopes,6180042,1,ᛁᛋᚩᛏᚩᛈᛖᛋ,320
excerpts,6180042,1,ᛖᛉᚳᛖᚱᛈᛏᛋ,360
resonant,6175105,1,ᚱᛖᛋᚩᚾᚪᚾᛏ,352
shortening,6175026,1,ᛋᚻᚩᚱᛏᛖᚾᛝ,328
sewerage,6172782,1,ᛋᛖᚹᛖᚱᚪᚷᛖ,398
zimbabwe,6171226,1,ᛋᛁᛗᛒᚪᛒᚹᛖ,460
adultery,6166802,1,ᚪᛞᚢᛚᛏᛖᚱᚣ,502
vouchers,6166024,1,ᚢᚩᚢᚳᚻᛖᚱᛋ,180
diphtheria,6164950,1,ᛞᛁᛈᚻᚦᛖᚱᛡ,376
ligament,6164282,1,ᛚᛁᚷᚪᛗᛖᚾᛏ,444
depleted,6161094,1,ᛞᛖᛈᛚᛖᛏᛖᛞ,554
unwanted,6160177,1,ᚢᚾᚹᚪᚾᛏᛖᛞ,392
gertrude,6152410,1,ᚷᛖᚱᛏᚱᚢᛞᛖ,324
cabinets,6148811,1,ᚳᚪᛒᛁᚾᛖᛏᛋ,410
causation,6145731,1,ᚳᚪᚢᛋᚪᛏᛡᚾ,458
remission,6142171,1,ᚱᛖᛗᛁᛋᛋᛡᚾ,422
commenting,6114877,1,ᚳᚩᛗᛗᛖᚾᛏᛝ,396
minimizing,6111159,1,ᛗᛁᚾᛁᛗᛁᛋᛝ,396
adjudged,6109750,1,ᚪᛞᛂᚢᛞᚷᛖᛞ,488
postpone,6107203,1,ᛈᚩᛋᛏᛈᚩᚾᛖ,308
geothermal,6107192,1,ᚷᛇᚦᛖᚱᛗᚪᛚ,382
harrington,6106157,0,ᚻᚪᚱᚱᛝᛏᚩᚾ,316
exertions,6106143,1,ᛖᛉᛖᚱᛏᛡᚾᛋ,440
carbonic,6085890,1,ᚳᚪᚱᛒᚩᚾᛁᚳ,262
omissions,6084153,1,ᚩᛗᛁᛋᛋᛡᚾᛋ,404
elicited,6078760,1,ᛖᛚᛁᚳᛁᛏᛖᛞ,430
flanders,6074132,1,ᚠᛚᚪᚾᛞᛖᚱᛋ,421
routines,6068163,1,ᚱᚩᚢᛏᛁᚾᛖᛋ,260
aldermen,6063250,1,ᚪᛚᛞᛖᚱᛗᛖᚾ,504
mandamus,6057127,1,ᛗᚪᚾᛞᚪᛗᚢᛋ,510
waterway,6038709,1,ᚹᚪᛏᛖᚱᚹᚪᚣ,472
attaches,6030768,1,ᚪᛏᛏᚪᚳᚻᛖᛋ,468
forwards,6030117,1,ᚠᚩᚱᚹᚪᚱᛞᛋ,289
suitably,6028268,1,ᛋᚢᛁᛏᚪᛒᛚᚣ,480
freedoms,6026507,1,ᚠᚱᛖᛖᛞᚩᛗᛋ,367
dictates,6024588,1,ᛞᛁᚳᛏᚪᛏᛖᛋ,468
reviewer,6022623,1,ᚱᛖᚢᛁᛖᚹᛖᚱ,276
terrific,6020354,1,ᛏᛖᚱᚱᛁᚠᛁᚳ,225
sebastian,6015273,1,ᛋᛖᛒᚪᛋᛏᛡᚾ,526
drawback,6014443,1,ᛞᚱᚪᚹᛒᚪᚳᚳ,400
ancestry,6014250,1,ᚪᚾᚳᛖᛋᛏᚱᚣ,432
replaces,6011347,1,ᚱᛖᛈᛚᚪᚳᛖᛋ,424
morphine,6007333,1,ᛗᚩᚱᛈᚻᛁᚾᛖ,282
estoppel,5995291,1,ᛖᛋᛏᚩᛈᛈᛖᛚ,412
allergic,5995046,1,ᚪᛚᛚᛖᚱᚷᛁᚳ,382
institut,5994710,1,ᛁᚾᛋᛏᛁᛏᚢᛏ,324
elegance,5992849,1,ᛖᛚᛖᚷᚪᚾᚳᛖ,430
tailored,5988904,1,ᛏᚪᛁᛚᚩᚱᛖᛞ,434
counters,5976967,1,ᚳᚩᚢᚾᛏᛖᚱᛋ,242
chairmen,5962235,1,ᚳᚻᚪᛁᚱᛗᛖᚾ,342
boroughs,5961302,1,ᛒᚩᚱᚩᚢᚷᚻᛋ,182
packaged,5955443,1,ᛈᚪᚳᚳᚪᚷᛖᛞ,436
platelet,5942810,1,ᛈᛚᚪᛏᛖᛚᛖᛏ,538
branched,5940245,1,ᛒᚱᚪᚾᚳᚻᛖᛞ,390
retrieve,5934962,1,ᚱᛖᛏᚱᛁᛖᚢᛖ,316
lessened,5918159,1,ᛚᛖᛋᛋᛖᚾᛖᛞ,498
pigments,5916917,1,ᛈᛁᚷᛗᛖᚾᛏᛋ,370
ascended,5910437,1,ᚪᛋᚳᛖᚾᛞᛖᛞ,504
subtitle,5909393,1,ᛋᚢᛒᛏᛁᛏᛚᛖ,406
actuated,5895155,1,ᚪᚳᛏᚢᚪᛏᛖᛞ,484
goldsmith,5891346,1,ᚷᚩᛚᛞᛋᛗᛁᚦ,346
paternal,5888943,1,ᛈᚪᛏᛖᚱᚾᚪᛚ,476
invasive,5886993,1,ᛁᚾᚢᚪᛋᛁᚢᛖ,314
gentiles,5880941,1,ᚷᛖᚾᛏᛁᛚᛖᛋ,396
conserve,5874808,1,ᚳᚩᚾᛋᛖᚱᚢᛖ,250
crippled,5873405,1,ᚳᚱᛁᛈᛈᛚᛖᛞ,370
legality,5871829,1,ᛚᛖᚷᚪᛚᛁᛏᚣ,520
cutaneous,5868514,1,ᚳᚢᛏᚪᚾᛇᚢᛋ,298
fostered,5867325,1,ᚠᚩᛋᛏᛖᚱᛖᛞ,355
linkages,5867283,1,ᛚᛁᚾᚳᚪᚷᛖᛋ,380
explores,5859291,1,ᛖᛉᛈᛚᚩᚱᛖᛋ,368
hercules,5858647,1,ᚻᛖᚱᚳᚢᛚᛖᛋ,310
militant,5855369,1,ᛗᛁᛚᛁᛏᚪᚾᛏ,450
arrivals,5853791,1,ᚪᚱᚱᛁᚢᚪᛚᛋ,376
anthology,5851796,1,ᚪᚾᚦᚩᛚᚩᚷᚣ,338
burglary,5845578,1,ᛒᚢᚱᚷᛚᚪᚱᚣ,376
kerosene,5842666,1,ᚳᛖᚱᚩᛋᛖᚾᛖ,314
brightly,5840845,1,ᛒᚱᛁᚷᚻᛏᛚᚣ,378
clustering,5836928,1,ᚳᛚᚢᛋᛏᛖᚱᛝ,358
precepts,5832412,1,ᛈᚱᛖᚳᛖᛈᛏᛋ,356
monterey,5819469,1,ᛗᚩᚾᛏᛖᚱᛖᚣ,414
alderman,5818115,1,ᚪᛚᛞᛖᚱᛗᚪᚾ,534
hawthorne,5814593,1,ᚻᚪᚹᚦᚩᚱᚾᛖ,258
calamity,5804234,1,ᚳᚪᛚᚪᛗᛁᛏᚣ,544
persists,5803865,1,ᛈᛖᚱᛋᛁᛋᛏᛋ,370
mitigate,5803285,1,ᛗᛁᛏᛁᚷᚪᛏᛖ,432
molasses,5796307,1,ᛗᚩᛚᚪᛋᛋᛖᛋ,474
homework,5792727,1,ᚻᚩᛗᛖᚹᚩᚱᚳ,218
ridicule,5790389,1,ᚱᛁᛞᛁᚳᚢᛚᛖ,318
dispense,5784527,1,ᛞᛁᛋᛈᛖᚾᛋᛖ,432
endeavors,5759656,1,ᛖᚾᛞᛠᚢᚩᚱᛋ,368
battered,5750563,1,ᛒᚪᛏᛏᛖᚱᛖᛞ,510
estrogen,5742057,1,ᛖᛋᛏᚱᚩᚷᛖᚾ,310
narcotic,5738497,1,ᚾᚪᚱᚳᚩᛏᛁᚳ,260
comforts,5725185,1,ᚳᚩᛗᚠᚩᚱᛏᛋ,223
broadening,5724201,1,ᛒᚱᚩᚪᛞᛖᚾᛝ,440
contending,5717996,1,ᚳᚩᚾᛏᛖᚾᛞᛝ,372
existent,5714608,1,ᛖᛉᛁᛋᛏᛖᚾᛏ,412
retreated,5711669,1,ᚱᛖᛏᚱᛠᛏᛖᛞ,472
capsules,5709011,1,ᚳᚪᛈᛋᚢᛚᛖᛋ,402
majestic,5708418,1,ᛗᚪᛂᛖᛋᛏᛁᚳ,428
dentists,5706628,1,ᛞᛖᚾᛏᛁᛋᛏᛋ,440
enjoined,5704188,1,ᛖᚾᛂᚩᛁᚾᛖᛞ,356
theologians,5703783,1,ᚦᛇᛚᚩᚷᛡᚾᛋ,332
deutsche,5700647,1,ᛞᛖᚢᛏᛋᚳᚻᛖ,374
dolomite,5694468,1,ᛞᚩᛚᚩᛗᛁᛏᛖ,404
kensington,5687272,1,ᚳᛖᚾᛋᛝᛏᚩᚾ,336
superiors,5674888,1,ᛋᚢᛈᛖᚱᛡᚱᛋ,348
banished,5654368,1,ᛒᚪᚾᛁᛋᚻᛖᛞ,450
totality,5648022,1,ᛏᚩᛏᚪᛚᛁᛏᚣ,488
stumbled,5644563,1,ᛋᛏᚢᛗᛒᛚᛖᛞ,476
vesicles,5640289,1,ᚢᛖᛋᛁᚳᛚᛖᛋ,360
geologist,5619364,1,ᚷᛇᛚᚩᚷᛁᛋᛏ,298
shelters,5619348,1,ᛋᚻᛖᛚᛏᛖᚱᛋ,406
vineyard,5612391,1,ᚢᛁᚾᛖᚣᚪᚱᛞ,430
fernando,5609214,1,ᚠᛖᚱᚾᚪᚾᛞᚩ,331
anxiously,5602920,1,ᚪᚾᛉᛡᚢᛋᛚᚣ,512
forgiven,5602606,1,ᚠᚩᚱᚷᛁᚢᛖᚾ,167
monastic,5593856,1,ᛗᚩᚾᚪᛋᛏᛁᚳ,360
fictional,5592325,1,ᚠᛁᚳᛏᛡᚾᚪᛚ,411
backbone,5589969,1,ᛒᚪᚳᚳᛒᚩᚾᛖ,348
enhances,5588929,1,ᛖᚾᚻᚪᚾᚳᛖᛋ,378
terraces,5586964,1,ᛏᛖᚱᚱᚪᚳᛖᛋ,378
trailers,5586855,1,ᛏᚱᚪᛁᛚᛖᚱᛋ,402
foreword,5586103,1,ᚠᚩᚱᛖᚹᚩᚱᛞ,213
diligent,5584731,1,ᛞᛁᛚᛁᚷᛖᚾᛏ,396
trainees,5577626,1,ᛏᚱᚪᛁᚾᛖᛖᛋ,414
sculptor,5571408,1,ᛋᚳᚢᛚᛈᛏᚩᚱ,262
athletics,5569130,1,ᚪᚦᛚᛖᛏᛁᚳᛋ,398
stockton,5567195,1,ᛋᛏᚩᚳᚳᛏᚩᚾ,240
foucault,5563776,1,ᚠᚩᚢᚳᚪᚢᛚᛏ,257
topology,5559037,1,ᛏᚩᛈᚩᛚᚩᚷᚣ,316
dissolving,5558624,1,ᛞᛁᛋᛋᚩᛚᚢᛝ,388
singularly,5558238,1,ᛋᛝᚢᛚᚪᚱᛚᚣ,492
indulged,5556589,1,ᛁᚾᛞᚢᛚᚷᛖᛞ,398
inflated,5548649,1,ᛁᚾᚠᛚᚪᛏᛖᛞ,447
ancients,5546888,1,ᚪᚾᚳᛁᛖᚾᛏᛋ,378
northerly,5541886,1,ᚾᚩᚱᚦᛖᚱᛚᚣ,306
antimony,5539611,1,ᚪᚾᛏᛁᛗᚩᚾᚣ,426
peptides,5536658,1,ᛈᛖᛈᛏᛁᛞᛖᛋ,452
convicts,5531585,1,ᚳᚩᚾᚢᛁᚳᛏᛋ,208
regained,5531564,1,ᚱᛖᚷᚪᛁᚾᛖᛞ,408
suspense,5531031,1,ᛋᚢᛋᛈᛖᚾᛋᛖ,368
bismarck,5524995,1,ᛒᛁᛋᛗᚪᚱᚳᚳ,350
abandoning,5523762,1,ᚪᛒᚪᚾᛞᚩᚾᛝ,488
diffused,5523612,1,ᛞᛁᚠᚠᚢᛋᛖᛞ,336
mediaeval,5516736,1,ᛗᛖᛞᛡᛖᚢᚪᛚ,574
proverbs,5515591,1,ᛈᚱᚩᚢᛖᚱᛒᛋ,256
aptitude,5515586,1,ᚪᛈᛏᛁᛏᚢᛞᛖ,448
suspects,5513681,1,ᛋᚢᛋᛈᛖᚳᛏᛋ,344
anaerobic,5507668,1,ᚪᚾᚫᚱᚩᛒᛁᚳ,350
conforming,5505710,1,ᚳᚩᚾᚠᚩᚱᛗᛝ,219
neglecting,5505412,1,ᚾᛖᚷᛚᛖᚳᛏᛝ,404
extracting,5505401,1,ᛖᛉᛏᚱᚪᚳᛏᛝ,432
mandates,5503715,1,ᛗᚪᚾᛞᚪᛏᛖᛋ,562
arguably,5500084,1,ᚪᚱᚷᚢᚪᛒᛚᚣ,462
predicts,5498873,1,ᛈᚱᛖᛞᛁᚳᛏᛋ,366
emperors,5496821,1,ᛖᛗᛈᛖᚱᚩᚱᛋ,330
advocating,5493211,1,ᚪᛞᚢᚩᚳᚪᛏᛝ,444
poisoned,5492821,1,ᛈᚩᛁᛋᚩᚾᛖᛞ,326
desolate,5492235,1,ᛞᛖᛋᚩᛚᚪᛏᛖ,512
polarity,5489366,1,ᛈᚩᛚᚪᚱᛁᛏᚣ,424
canberra,5488890,1,ᚳᚪᚾᛒᛖᚱᚱᚪ,386
silicate,5487923,1,ᛋᛁᛚᛁᚳᚪᛏᛖ,424
pendulum,5477473,1,ᛈᛖᚾᛞᚢᛚᚢᛗ,378
treatises,5472844,1,ᛏᚱᛠᛏᛁᛋᛖᛋ,442
subgroup,5472614,1,ᛋᚢᛒᚷᚱᚩᚢᛈ,198
finishes,5458704,1,ᚠᛁᚾᛁᛋᚻᛖᛋ,289
southerly,5454821,1,ᛋᚩᚢᚦᛖᚱᛚᚣ,322
turnpike,5443968,1,ᛏᚢᚱᚾᛈᛁᚳᛖ,256
apartheid,5443430,1,ᚪᛈᚪᚱᚦᛖᛁᛞ,440
intriguing,5441161,1,ᛁᚾᛏᚱᛁᚷᚢᛝ,260
dispensing,5433416,1,ᛞᛁᛋᛈᛖᚾᛋᛝ,444
firmness,5428705,1,ᚠᛁᚱᛗᚾᛖᛋᛋ,317
crucible,5428500,1,ᚳᚱᚢᚳᛁᛒᛚᛖ,272
vaccines,5426883,1,ᚢᚪᚳᚳᛁᚾᛖᛋ,306
reprints,5422190,1,ᚱᛖᛈᚱᛁᚾᛏᛋ,304
bedrooms,5418864,1,ᛒᛖᛞᚱᚩᚩᛗᛋ,366
collects,5413993,1,ᚳᚩᛚᛚᛖᚳᛏᛋ,358
foreseen,5409774,1,ᚠᚩᚱᛖᛋᛖᛖᚾ,303
weekends,5402368,1,ᚹᛖᛖᚳᛖᚾᛞᛋ,404
hampered,5397697,1,ᚻᚪᛗᛈᛖᚱᛖᛞ,468
casually,5395409,1,ᚳᚪᛋᚢᚪᛚᛚᚣ,512
trembled,5387279,1,ᛏᚱᛖᛗᛒᛚᛖᛞ,498
schooner,5382043,1,ᛋᚳᚻᚩᚩᚾᛖᚱ,210
resection,5376819,1,ᚱᛖᛋᛖᚳᛏᛡᚾ,406
nostrils,5376766,1,ᚾᚩᛋᛏᚱᛁᛚᛋ,316
mohammed,5375028,1,ᛗᚩᚻᚪᛗᛗᛖᛞ,496
memorials,5366079,1,ᛗᛖᛗᚩᚱᛡᛚᛋ,460
rectangle,5365855,1,ᚱᛖᚳᛏᚪᛝᛚᛖ,466
survives,5359362,1,ᛋᚢᚱᚢᛁᚢᛖᛋ,224
glittering,5356292,1,ᚷᛚᛁᛏᛏᛖᚱᛝ,396
occupant,5353195,1,ᚩᚳᚳᚢᛈᚪᚾᛏ,264
bulgarian,5349093,1,ᛒᚢᛚᚷᚪᚱᛡᚾ,398
martinez,5343797,0,ᛗᚪᚱᛏᛁᚾᛖᛋ,418
iteration,5342489,1,ᛁᛏᛖᚱᚪᛏᛡᚾ,460
smallpox,5340501,1,ᛋᛗᚪᛚᛚᛈᚩᛉ,464
placenta,5335766,1,ᛈᛚᚪᚳᛖᚾᛏᚪ,478
stenosis,5333627,0,ᛋᛏᛖᚾᚩᛋᛁᛋ,352
childish,5332794,1,ᚳᚻᛁᛚᛞᛁᛋᚻ,336
paterson,5331517,1,ᛈᚪᛏᛖᚱᛋᚩᚾ,366
sinister,5331076,1,ᛋᛁᚾᛁᛋᛏᛖᚱ,334
adulthood,5330379,1,ᚪᛞᚢᛚᚦᚩᚩᛞ,370
exploits,5325020,1,ᛖᛉᛈᛚᚩᛁᛏᛋ,380
utensils,5324702,1,ᚢᛏᛖᚾᛋᛁᛚᛋ,368
terminus,5323853,1,ᛏᛖᚱᛗᛁᚾᚢᛋ,324
laborious,5318893,1,ᛚᚪᛒᚩᚱᛡᚢᛋ,412
chuckled,5317598,1,ᚳᚻᚢᚳᚳᛚᛖᛞ,294
fiercely,5317155,1,ᚠᛁᛖᚱᚳᛖᛚᚣ,367
refreshing,5314402,1,ᚱᛖᚠᚱᛖᛋᚻᛝ,313
gardiner,5312977,1,ᚷᚪᚱᛞᛁᚾᛖᚱ,352
damascus,5308479,1,ᛞᚪᛗᚪᛋᚳᚢᛋ,476
syllabus,5298679,1,ᛋᚣᛚᛚᚪᛒᚢᛋ,516
illusions,5289033,1,ᛁᛚᛚᚢᛋᛡᚾᛋ,422
orthodoxy,5287682,1,ᚩᚱᚦᚩᛞᚩᛉᚣ,276
heredity,5282133,1,ᚻᛖᚱᛖᛞᛁᛏᚣ,450
outbreaks,5265453,1,ᚩᚢᛏᛒᚱᛠᚳᛋ,316
voltaire,5262552,1,ᚢᚩᛚᛏᚪᛁᚱᛖ,348
quarries,5262509,1,ᚳᚹᚪᚱᚱᛁᛖᛋ,302
humboldt,5260816,1,ᚻᚢᛗᛒᚩᛚᛞᛏ,386
contacting,5259435,1,ᚳᚩᚾᛏᚪᚳᛏᛝ,356
pretence,5259391,1,ᛈᚱᛖᛏᛖᚾᚳᛖ,356
boulders,5257191,1,ᛒᚩᚢᛚᛞᛖᚱᛋ,364
maneuver,5250076,1,ᛗᚪᚾᛖᚢᚢᛖᚱ,348
entailed,5249456,1,ᛖᚾᛏᚪᛁᛚᛖᛞ,512
stranded,5248129,1,ᛋᛏᚱᚪᚾᛞᛖᛞ,494
luxurious,5245201,1,ᛚᚢᛉᚢᚱᛡᚢᛋ,300
graduating,5240082,1,ᚷᚱᚪᛞᚢᚪᛏᛝ,452
twenties,5232195,1,ᛏᚹᛖᚾᛏᛁᛖᛋ,384
forbidding,5224609,1,ᚠᚩᚱᛒᛁᛞᛞᛝ,369
perceiving,5209682,1,ᛈᛖᚱᚳᛖᛁᚢᛝ,314
mexicans,5209305,1,ᛗᛖᛉᛁᚳᚪᚾᛋ,408
forwarding,5207297,1,ᚠᚩᚱᚹᚪᚱᛞᛝ,315
undergoes,5197030,1,ᚢᚾᛞᛖᚱᚷᛟᛋ,352
goldberg,5196883,1,ᚷᚩᛚᛞᛒᛖᚱᚷ,342
mastered,5194960,1,ᛗᚪᛋᛏᛖᚱᛖᛞ,514
tortured,5194859,1,ᛏᚩᚱᛏᚢᚱᛖᛞ,306
meningitis,5180941,0,ᛗᛖᚾᛝᛁᛏᛁᛋ,420
practising,5177051,1,ᛈᚱᚪᚳᛏᛁᛋᛝ,386
helsinki,5175618,1,ᚻᛖᛚᛋᛁᚾᚳᛁ,320
workable,5167840,1,ᚹᚩᚱᚳᚪᛒᛚᛖ,348
infamous,5165701,1,ᛁᚾᚠᚪᛗᚩᚢᛋ,293
reptiles,5164373,1,ᚱᛖᛈᛏᛁᛚᛖᛋ,404
adsorbed,5163622,1,ᚪᛞᛋᚩᚱᛒᛖᛞ,474
artisans,5158121,1,ᚪᚱᛏᛁᛋᚪᚾᛋ,430
patriarch,5156296,1,ᛈᚪᛏᚱᛡᚱᚳᚻ,364
genealogy,5154776,1,ᚷᛖᚾᛠᛚᚩᚷᚣ,422
ordinate,5152572,1,ᚩᚱᛞᛁᚾᚪᛏᛖ,390
hillside,5150282,1,ᚻᛁᛚᛚᛋᛁᛞᛖ,440
delights,5148177,1,ᛞᛖᛚᛁᚷᚻᛏᛋ,412
eagerness,5145340,1,ᛠᚷᛖᚱᚾᛖᛋᛋ,406
password,5138745,1,ᛈᚪᛋᛋᚹᚩᚱᛞ,372
tubercle,5132129,1,ᛏᚢᛒᛖᚱᚳᛚᛖ,354
emergent,5132098,1,ᛖᛗᛖᚱᚷᛖᚾᛏ,388
prolific,5128055,1,ᛈᚱᚩᛚᛁᚠᛁᚳ,211
courteous,5127184,1,ᚳᚩᚢᚱᛏᛇᚢᛋ,190
prescott,5120915,1,ᛈᚱᛖᛋᚳᚩᛏᛏ,312
longevity,5111760,1,ᛚᚩᛝᛖᚢᛁᛏᚣ,422
inspecting,5110365,1,ᛁᚾᛋᛈᛖᚳᛏᛝ,374
activate,5109546,1,ᚪᚳᛏᛁᚢᚪᛏᛖ,426
christie,5109430,1,ᚳᚻᚱᛁᛋᛏᛁᛖ,288
precedes,5108573,1,ᛈᚱᛖᚳᛖᛞᛖᛋ,410
conferring,5105782,1,ᚳᚩᚾᚠᛖᚱᚱᛝ,219
labourer,5103374,1,ᛚᚪᛒᚩᚢᚱᛖᚱ,330
pasadena,5097658,1,ᛈᚪᛋᚪᛞᛖᚾᚪ,572
francois,5094441,1,ᚠᚱᚪᚾᚳᚩᛁᛋ,243
therapies,5084909,1,ᚦᛖᚱᚪᛈᛁᛖᛋ,374
edmonton,5076522,1,ᛖᛞᛗᚩᚾᛏᚩᚾ,358
peasantry,5076205,1,ᛈᛠᛋᚪᚾᛏᚱᚣ,504
digested,5069513,1,ᛞᛁᚷᛖᛋᛏᛖᛞ,472
sheriffs,5067903,1,ᛋᚻᛖᚱᛁᚠᚠᛋ,242
amenable,5067250,1,ᚪᛗᛖᚾᚪᛒᛚᛖ,562
whitehead,5066504,1,ᚹᚻᛁᛏᛖᚻᛠᛞ,420
occlusion,5059469,1,ᚩᚳᚳᛚᚢᛋᛡᚾ,298
genocide,5057372,1,ᚷᛖᚾᚩᚳᛁᛞᛖ,320
forcible,5056264,1,ᚠᚩᚱᚳᛁᛒᛚᛖ,265
catalogs,5049687,1,ᚳᚪᛏᚪᛚᚩᚷᛋ,416
advisors,5048035,1,ᚪᛞᚢᛁᛋᚩᚱᛋ,344
freehold,5045240,1,ᚠᚱᛖᛖᚻᚩᛚᛞ,339
exponent,5041944,1,ᛖᛉᛈᚩᚾᛖᚾᛏ,348
nominate,5038342,1,ᚾᚩᛗᛁᚾᚪᛏᛖ,390
pathogens,5035967,1,ᛈᚪᚦᚩᚷᛖᚾᛋ,318
fibrosis,5035717,0,ᚠᛁᛒᚱᚩᛋᛁᛋ,249
driveway,5032352,1,ᛞᚱᛁᚢᛖᚹᚪᚣ,420
nautical,5028484,1,ᚾᚪᚢᛏᛁᚳᚪᛚ,402
cheshire,5024043,1,ᚳᚻᛖᛋᚻᛁᚱᛖ,288
analyzer,5023364,1,ᚪᚾᚪᛚᚣᛋᛖᚱ,530
fragrant,5022690,1,ᚠᚱᚪᚷᚱᚪᚾᛏ,323
cosmetic,5022029,1,ᚳᚩᛋᛗᛖᛏᛁᚳ,314
lorraine,5017779,1,ᛚᚩᚱᚱᚪᛁᚾᛖ,326
captures,5015046,1,ᚳᚪᛈᛏᚢᚱᛖᛋ,346
excesses,5008775,1,ᛖᛉᚳᛖᛋᛋᛖᛋ,420
taxonomy,5005912,1,ᛏᚪᛉᚩᚾᚩᛗᚣ,420
defences,5002192,1,ᛞᛖᚠᛖᚾᚳᛖᛋ,387
approves,4999297,1,ᚪᛈᛈᚱᚩᚢᛖᛋ,324
heinrich,4986964,1,ᚻᛖᛁᚾᚱᛁᚳᚻ,228
hindered,4981015,1,ᚻᛁᚾᛞᛖᚱᛖᛞ,406
chalmers,4980614,1,ᚳᚻᚪᛚᛗᛖᚱᛋ,408
populace,4973573,1,ᛈᚩᛈᚢᛚᚪᚳᛖ,346
fabulous,4955309,1,ᚠᚪᛒᚢᛚᚩᚢᛋ,299
coventry,4954479,1,ᚳᚩᚢᛖᚾᛏᚱᚣ,292
palpable,4951708,1,ᛈᚪᛚᛈᚪᛒᛚᛖ,554
merciful,4948952,1,ᛗᛖᚱᚳᛁᚠᚢᛚ,271
cinnamon,4943154,1,ᚳᛁᚾᚾᚪᛗᚩᚾ,306
justifying,4942547,1,ᛂᚢᛋᛏᛁᚠᚣᛝ,367
polluted,4939797,1,ᛈᚩᛚᛚᚢᛏᛖᛞ,414
overland,4937578,1,ᚩᚢᛖᚱᛚᚪᚾᛞ,376
mattress,4934121,1,ᛗᚪᛏᛏᚱᛖᛋᛋ,470
follower,4928531,1,ᚠᚩᛚᛚᚩᚹᛖᚱ,259
radiology,4926540,0,ᚱᚪᛞᛡᛚᚩᚷᚣ,504
prenatal,4920463,1,ᛈᚱᛖᚾᚪᛏᚪᛚ,476
juncture,4920058,1,ᛂᚢᚾᚳᛏᚢᚱᛖ,222
dartmouth,4918987,1,ᛞᚪᚱᛏᛗᚩᚢᚦ,342
bordered,4916818,1,ᛒᚩᚱᛞᛖᚱᛖᛞ,402
tenement,4912862,1,ᛏᛖᚾᛖᛗᛖᚾᛏ,448
sideways,4901212,1,ᛋᛁᛞᛖᚹᚪᚣᛋ,512
invaders,4895180,1,ᛁᚾᚢᚪᛞᛖᚱᛋ,380
cassette,4894353,1,ᚳᚪᛋᛋᛖᛏᛏᛖ,468
activism,4889954,1,ᚪᚳᛏᛁᚢᛁᛋᛗ,358
vertices,4889489,1,ᚢᛖᚱᛏᛁᚳᛖᛋ,304
resented,4888059,1,ᚱᛖᛋᛖᚾᛏᛖᛞ,442
squirrel,4885207,1,ᛋᚳᚹᛁᚱᚱᛖᛚ,278
bequeathed,4871985,1,ᛒᛖᚳᚹᛠᚦᛖᛞ,430
galaxies,4871756,1,ᚷᚪᛚᚪᛉᛁᛖᛋ,482
selenium,4871027,1,ᛋᛖᛚᛖᚾᛁᚢᛗ,394
imparted,4870504,1,ᛁᛗᛈᚪᚱᛏᛖᛞ,468
tectonic,4869421,1,ᛏᛖᚳᛏᚩᚾᛁᚳ,278
snatched,4861811,1,ᛋᚾᚪᛏᚳᚻᛖᛞ,430
champions,4858930,1,ᚳᚻᚪᛗᛈᛡᚾᛋ,436
rehearsal,4857566,1,ᚱᛖᚻᛠᚱᛋᚪᛚ,444
outdoors,4849929,1,ᚩᚢᛏᛞᚩᚩᚱᛋ,236
feldspar,4848487,1,ᚠᛖᛚᛞᛋᛈᚪᚱ,435
mckinley,4846404,1,ᛗᚳᚳᛁᚾᛚᛖᚣ,400
cyclical,4843671,1,ᚳᚣᚳᛚᛁᚳᚪᛚ,416
synopsis,4843116,1,ᛋᚣᚾᚩᛈᛋᛁᛋ,372
roadside,4838713,1,ᚱᚩᚪᛞᛋᛁᛞᛖ,444
impacted,4835339,1,ᛁᛗᛈᚪᚳᛏᛖᛞ,470
faulkner,4833582,1,ᚠᚪᚢᛚᚳᚾᛖᚱ,295
activist,4827394,1,ᚪᚳᛏᛁᚢᛁᛋᛏ,346
monsters,4825215,1,ᛗᚩᚾᛋᛏᛖᚱᛋ,350
exporter,4824043,1,ᛖᛉᛈᚩᚱᛏᛖᚱ,312
dominating,4823853,1,ᛞᚩᛗᛁᚾᚪᛏᛝ,462
pentagon,4820237,1,ᛈᛖᚾᛏᚪᚷᚩᚾ,348
depressing,4815854,1,ᛞᛖᛈᚱᛖᛋᛋᛝ,462
achilles,4815832,1,ᚪᚳᚻᛁᛚᛚᛖᛋ,430
reflexes,4812132,1,ᚱᛖᚠᛚᛖᛉᛖᛋ,387
treachery,4811026,1,ᛏᚱᛠᚳᚻᛖᚱᚣ,396
analogue,4807412,1,ᚪᚾᚪᛚᚩᚷᚢᛖ,390
mahogany,4805534,1,ᛗᚪᚻᚩᚷᚪᚾᚣ,444
normandy,4803891,1,ᚾᚩᚱᛗᚪᚾᛞᚣ,436
actuarial,4802121,1,ᚪᚳᛏᚢᚪᚱᛡᛚ,460
pedagogy,4798973,1,ᛈᛖᛞᚪᚷᚩᚷᚣ,440
johannes,4786133,1,ᛂᚩᚻᚪᚾᚾᛖᛋ,342
isolates,4783506,1,ᛁᛋᚩᛚᚪᛏᛖᛋ,440
shorthand,4782211,1,ᛋᚻᚩᚱᚦᚪᚾᛞ,314
indicted,4777207,1,ᛁᚾᛞᛁᚳᛏᛖᛞ,408
inhibits,4776484,1,ᛁᚾᚻᛁᛒᛁᛏᛋ,318
dopamine,4772935,1,ᛞᚩᛈᚪᛗᛁᚾᛖ,434
gestation,4772292,1,ᚷᛖᛋᛏᚪᛏᛡᚾ,488
brisbane,4766865,1,ᛒᚱᛁᛋᛒᚪᚾᛖ,410
paraguay,4766667,1,ᛈᚪᚱᚪᚷᚢᚪᚣ,468
glaciers,4766532,1,ᚷᛚᚪᚳᛁᛖᚱᛋ,362
overload,4765762,1,ᚩᚢᛖᚱᛚᚩᚪᛞ,354
dialogues,4762988,1,ᛞᛡᛚᚩᚷᚢᛖᛋ,416
headaches,4756943,1,ᚻᛠᛞᚪᚳᚻᛖᛋ,474
sporadic,4752992,1,ᛋᛈᚩᚱᚪᛞᛁᚳ,344
tennyson,4746100,1,ᛏᛖᚾᚾᚣᛋᚩᚾ,376
armament,4744112,1,ᚪᚱᛗᚪᛗᛖᚾᛏ,502
sponsoring,4738505,1,ᛋᛈᚩᚾᛋᚩᚱᛝ,282
andersen,4729340,1,ᚪᚾᛞᛖᚱᛋᛖᚾ,442
exploiting,4726069,1,ᛖᛉᛈᛚᚩᛁᛏᛝ,406
philippe,4724101,1,ᛈᚻᛁᛚᛁᛈᛈᛖ,354
remotely,4722858,1,ᚱᛖᛗᚩᛏᛖᛚᚣ,458
steroids,4710865,1,ᛋᛏᛖᚱᚩᛁᛞᛋ,370
slippery,4709324,1,ᛋᛚᛁᛈᛈᛖᚱᚣ,424
testifying,4707698,1,ᛏᛖᛋᛏᛁᚠᚣᛝ,453
inwardly,4707273,1,ᛁᚾᚹᚪᚱᛞᛚᚣ,452
whispering,4700805,1,ᚹᚻᛁᛋᛈᛖᚱᛝ,326
clenched,4699491,1,ᚳᛚᛖᚾᚳᚻᛖᛞ,374
titration,4687562,1,ᛏᛁᛏᚱᚪᛏᛡᚾ,452
assaults,4684947,1,ᚪᛋᛋᚪᚢᛚᛏᛋ,488
glabrous,4681702,1,ᚷᛚᚪᛒᚱᚩᚢᛋ,322
reginald,4677733,1,ᚱᛖᚷᛁᚾᚪᛚᛞ,414
arrogant,4663612,1,ᚪᚱᚱᚩᚷᚪᚾᛏ,328
emphatic,4657119,1,ᛖᛗᛈᚻᚪᛏᛁᚳ,404
yugoslav,4646511,1,ᚣᚢᚷᚩᛋᛚᚪᚢ,356
freshmen,4646490,1,ᚠᚱᛖᛋᚻᛗᛖᚾ,323
remitted,4640791,1,ᚱᛖᛗᛁᛏᛏᛖᛞ,454
piedmont,4637829,1,ᛈᛁᛖᛞᛗᚩᚾᛏ,396
diagnoses,4637283,1,ᛞᛡᚷᚾᚩᛋᛖᛋ,422
douglass,4637241,1,ᛞᚩᚢᚷᛚᚪᛋᛋ,392
filipino,4626131,1,ᚠᛁᛚᛁᛈᛁᚾᚩ,247
sketched,4617046,1,ᛋᚳᛖᛏᚳᚻᛖᛞ,384
colliery,4616720,1,ᚳᚩᛚᛚᛁᛖᚱᚣ,378
kilowatt,4612206,1,ᚳᛁᛚᚩᚹᚪᛏᛏ,358
prologue,4608678,1,ᛈᚱᚩᛚᚩᚷᚢᛖ,228
allusions,4606138,1,ᚪᛚᛚᚢᛋᛡᚾᛋ,488
neuronal,4605761,1,ᚾᛖᚢᚱᚩᚾᚪᛚ,316
pronouns,4602741,1,ᛈᚱᚩᚾᚩᚢᚾᛋ,182
nicotine,4598989,1,ᚾᛁᚳᚩᛏᛁᚾᛖ,266
antennas,4598006,1,ᚪᚾᛏᛖᚾᚾᚪᛋ,460
inflamed,4595853,1,ᛁᚾᚠᛚᚪᛗᛖᛞ,459
sulfuric,4586465,1,ᛋᚢᛚᚠᚢᚱᛁᚳ,189
triumphs,4584999,1,ᛏᚱᛁᚢᛗᛈᚻᛋ,294
scissors,4584498,1,ᛋᚳᛁᛋᛋᚩᚱᛋ,274
mattered,4583213,1,ᛗᚪᛏᛏᛖᚱᛖᛞ,520
resistor,4581273,1,ᚱᛖᛋᛁᛋᛏᚩᚱ,292
comforting,4573801,1,ᚳᚩᛗᚠᚩᚱᛏᛝ,249
paraffin,4571979,1,ᛈᚪᚱᚪᚠᚠᛁᚾ,312
steamboat,4570359,1,ᛋᛏᛠᛗᛒᚩᚪᛏ,516
resolves,4566111,1,ᚱᛖᛋᚩᛚᚢᛖᛋ,334
acquaint,4563268,1,ᚪᚳᚳᚹᚪᛁᚾᛏ,358
legacies,4560173,1,ᛚᛖᚷᚪᚳᛁᛖᛋ,418
protesting,4559584,1,ᛈᚱᚩᛏᛖᛋᛏᛝ,378
subsided,4558578,1,ᛋᚢᛒᛋᛁᛞᛖᛞ,446
flotation,4555549,1,ᚠᛚᚩᛏᚪᛏᛡᚾ,433
rightful,4553704,1,ᚱᛁᚷᚻᛏᚠᚢᛚ,219
lymphoma,4552444,1,ᛚᚣᛗᛈᚻᚩᛗᚪ,488
disliked,4551464,1,ᛞᛁᛋᛚᛁᚳᛖᛞ,446
isotopic,4550699,1,ᛁᛋᚩᛏᚩᛈᛁᚳ,244
quadrant,4549669,1,ᚳᚹᚪᛞᚱᚪᚾᛏ,414
bronchial,4548242,1,ᛒᚱᚩᚾᚳᚻᛡᛚ,324
modelled,4547882,1,ᛗᚩᛞᛖᛚᛚᛖᛞ,536
barbados,4543454,1,ᛒᚪᚱᛒᚪᛞᚩᛋ,476
betrayal,4541391,1,ᛒᛖᛏᚱᚪᚣᚪᛚ,568
macedonia,4538952,1,ᛗᚪᚳᛖᛞᚩᚾᛡ,480
politely,4528284,1,ᛈᚩᛚᛁᛏᛖᛚᚣ,456
perfusion,4525358,1,ᛈᛖᚱᚠᚢᛋᛡᚾ,315
cemented,4519565,1,ᚳᛖᛗᛖᚾᛏᛖᛞ,462
swallowing,4519227,1,ᛋᚹᚪᛚᛚᚩᚹᛝ,420
outsider,4517002,1,ᚩᚢᛏᛋᛁᛞᛖᚱ,320
splendor,4514628,1,ᛋᛈᛚᛖᚾᛞᚩᚱ,372
summation,4514395,1,ᛋᚢᛗᛗᚪᛏᛡᚾ,490
narration,4513771,1,ᚾᚪᚱᚱᚪᛏᛡᚾ,440
secession,4502663,1,ᛋᛖᚳᛖᛋᛋᛡᚾ,442
brewster,4502096,1,ᛒᚱᛖᚹᛋᛏᛖᚱ,348
chrysler,4495001,1,ᚳᚻᚱᚣᛋᛚᛖᚱ,354
achieves,4492995,1,ᚪᚳᚻᛁᛖᚢᛖᛋ,354
converge,4492178,1,ᚳᚩᚾᚢᛖᚱᚷᛖ,214
desertion,4491419,1,ᛞᛖᛋᛖᚱᛏᛡᚾ,482
dwellers,4489502,1,ᛞᚹᛖᛚᛚᛖᚱᛋ,452
attracts,4485910,1,ᚪᛏᛏᚱᚪᚳᛏᛋ,448
rosemary,4484849,1,ᚱᚩᛋᛖᛗᚪᚱᚣ,420
descends,4484587,1,ᛞᛖᛋᚳᛖᚾᛞᛋ,460
inclosed,4481721,1,ᛁᚾᚳᛚᚩᛋᛖᛞ,362
sparsely,4479517,1,ᛋᛈᚪᚱᛋᛖᛚᚣ,500
bristles,4478859,1,ᛒᚱᛁᛋᛏᛚᛖᛋ,408
elliptic,4477638,1,ᛖᛚᛚᛁᛈᛏᛁᚳ,390
reversion,4472842,1,ᚱᛖᚢᛖᚱᛋᛡᚾ,348
sherwood,4470642,1,ᛋᚻᛖᚱᚹᚩᚩᛞ,276
perilous,4462576,1,ᛈᛖᚱᛁᛚᚩᚢᛋ,288
indigent,4462441,1,ᛁᚾᛞᛁᚷᛖᚾᛏ,352
hegemony,4459935,1,ᚻᛖᚷᛖᛗᚩᚾᚣ,384
chattels,4459654,1,ᚳᚻᚪᛏᛏᛖᛚᛋ,444
junctions,4459286,1,ᛂᚢᚾᚳᛏᛡᚾᛋ,330
phonetic,4448329,1,ᛈᚻᚩᚾᛖᛏᛁᚳ,272
utilizes,4448328,1,ᚢᛏᛁᛚᛁᛋᛖᛋ,370
validate,4439712,1,ᚢᚪᛚᛁᛞᚪᛏᛖ,516
carleton,4437887,1,ᚳᚪᚱᛚᛖᛏᚩᚾ,356
holistic,4437332,1,ᚻᚩᛚᛁᛋᛏᛁᚳ,290
droplets,4416270,1,ᛞᚱᚩᛈᛚᛖᛏᛋ,402
garfield,4412774,1,ᚷᚪᚱᚠᛁᛖᛚᛞ,387
preferring,4401441,1,ᛈᚱᛖᚠᛖᚱᚱᛝ,291
reformer,4394892,1,ᚱᛖᚠᚩᚱᛗᛖᚱ,247
escorted,4394209,1,ᛖᛋᚳᚩᚱᛏᛖᛞ,366
clinician,4388884,1,ᚳᛚᛁᚾᛁᚳᛡᚾ,326
idleness,4388014,1,ᛁᛞᛚᛖᚾᛖᛋᛋ,462
resolute,4382831,1,ᚱᛖᛋᚩᛚᚢᛏᛖ,340
atypical,4380988,1,ᚪᛏᚣᛈᛁᚳᚪᛚ,516
sequencing,4380743,1,ᛋᛖᚳᚹᛖᚾᚳᛝ,340
domicile,4380229,1,ᛞᚩᛗᛁᚳᛁᛚᛖ,382
fullness,4376357,1,ᚠᚢᛚᛚᚾᛖᛋᛋ,353
recycled,4374831,1,ᚱᛖᚳᚣᚳᛚᛖᛞ,436
sprinkle,4371697,1,ᛋᛈᚱᛁᚾᚳᛚᛖ,320
clearness,4371133,1,ᚳᛚᛠᚱᚾᛖᛋᛋ,408
skillful,4367788,1,ᛋᚳᛁᛚᛚᚠᚢᛚ,321
epistles,4367236,1,ᛖᛈᛁᛋᛏᛚᛖᛋ,446
abrasive,4366096,1,ᚪᛒᚱᚪᛋᛁᚢᛖ,420
concerto,4365627,1,ᚳᚩᚾᚳᛖᚱᛏᚩ,206
censuses,4363379,1,ᚳᛖᚾᛋᚢᛋᛖᛋ,338
irritating,4363016,1,ᛁᚱᚱᛁᛏᚪᛏᛝ,378
wrinkled,4353430,1,ᚹᚱᛁᚾᚳᛚᛖᛞ,332
deepened,4350386,1,ᛞᛖᛖᛈᛖᚾᛖᛞ,518
alcohols,4349931,1,ᚪᛚᚳᚩᚻᚩᛚᛋ,346
puncture,4342203,1,ᛈᚢᚾᚳᛏᚢᚱᛖ,228
lamented,4333777,1,ᛚᚪᛗᛖᚾᛏᛖᛞ,552
vladimir,4329131,1,ᚢᛚᚪᛞᛁᛗᛁᚱ,406
affluent,4328447,1,ᚪᚠᚠᛚᚢᛖᚾᛏ,332
websites,4321230,1,ᚹᛖᛒᛋᛁᛏᛖᛋ,410
migrated,4321115,1,ᛗᛁᚷᚱᚪᛏᛖᛞ,442
overriding,4321082,1,ᚩᚢᛖᚱᚱᛁᛞᛝ,298
sanctity,4320223,1,ᛋᚪᚾᚳᛏᛁᛏᚣ,444
ascension,4317624,1,ᚪᛋᚳᛖᚾᛋᛡᚾ,448
remedied,4317512,1,ᚱᛖᛗᛖᛞᛁᛖᛞ,492
germanic,4313781,1,ᚷᛖᚱᛗᚪᚾᛁᚳ,336
vacations,4313424,1,ᚢᚪᚳᚪᛏᛡᚾᛋ,458
deadlines,4312839,1,ᛞᛠᛞᛚᛁᚾᛖᛋ,540
pedigree,4310648,1,ᛈᛖᛞᛁᚷᚱᛖᛖ,392
dialectic,4306096,1,ᛞᛡᛚᛖᚳᛏᛁᚳ,452
counsels,4299301,1,ᚳᚩᚢᚾᛋᛖᛚᛋ,298
ontology,4298482,0,ᚩᚾᛏᚩᛚᚩᚷᚣ,302
subtract,4294105,1,ᛋᚢᛒᛏᚱᚪᚳᛏ,356
macarthur,4290901,1,ᛗᚪᚳᚪᚱᚦᚢᚱ,308
vanadium,4289896,1,ᚢᚪᚾᚪᛞᛁᚢᛗ,420
terrifying,4286126,1,ᛏᛖᚱᚱᛁᚠᚣᛝ,363
gonzalez,4284867,0,ᚷᚩᚾᛋᚪᛚᛖᛋ,396
carnival,4284415,1,ᚳᚪᚱᚾᛁᚢᚪᛚ,354
delirium,4283313,1,ᛞᛖᛚᛁᚱᛁᚢᛗ,376
salaried,4282842,1,ᛋᚪᛚᚪᚱᛁᛖᛞ,518
sentinel,4281927,1,ᛋᛖᚾᛏᛁᚾᛖᛚ,408
visionary,4281662,1,ᚢᛁᛋᛡᚾᚪᚱᚣ,434
assailed,4270829,1,ᚪᛋᛋᚪᛁᛚᛖᛞ,560
tightening,4270505,1,ᛏᛁᚷᚻᛏᛖᚾᛝ,364
forceful,4268948,1,ᚠᚩᚱᚳᛖᚠᚢᛚ,178
ointment,4267306,1,ᚩᛁᚾᛏᛗᛖᚾᛏ,352
analyzes,4267069,1,ᚪᚾᚪᛚᚣᛋᛖᛋ,572
intrigue,4262906,1,ᛁᚾᛏᚱᛁᚷᚢᛖ,248
revolver,4262254,1,ᚱᛖᚢᚩᛚᚢᛖᚱ,242
marjorie,4261943,1,ᛗᚪᚱᛂᚩᚱᛁᛖ,332
inhibiting,4260406,1,ᛁᚾᚻᛁᛒᛁᛏᛝ,344
secreted,4257293,1,ᛋᛖᚳᚱᛖᛏᛖᛞ,426
rockwell,4257283,1,ᚱᚩᚳᚳᚹᛖᛚᛚ,276
obsession,4253921,1,ᚩᛒᛋᛖᛋᛋᛡᚾ,430
quotient,4253245,1,ᚳᚹᚩᛏᛁᛖᚾᛏ,284
captives,4250986,1,ᚳᚪᛈᛏᛁᚢᛖᛋ,366
squarely,4249727,1,ᛋᚳᚹᚪᚱᛖᛚᚣ,436
michelle,4248988,1,ᛗᛁᚳᚻᛖᛚᛚᛖ,418
staggering,4248935,1,ᛋᛏᚪᚷᚷᛖᚱᛝ,400
embodies,4247777,1,ᛖᛗᛒᚩᛞᛁᛖᛋ,446
cocktail,4245050,1,ᚳᚩᚳᚳᛏᚪᛁᛚ,306
congested,4244343,1,ᚳᚩᛝᛖᛋᛏᛖᛞ,434
dictator,4239863,1,ᛞᛁᚳᛏᚪᛏᚩᚱ,366
disclosing,4239777,1,ᛞᛁᛋᚳᛚᚩᛋᛝ,398
hereford,4236685,1,ᚻᛖᚱᛖᚠᚩᚱᛞ,277
anecdote,4218607,1,ᚪᚾᛖᚳᛞᚩᛏᛖ,428
renounce,4218341,1,ᚱᛖᚾᚩᚢᚾᚳᛖ,226
underwear,4214307,1,ᚢᚾᛞᛖᚱᚹᛠᚱ,338
wesleyan,4212430,1,ᚹᛖᛋᛚᛖᚣᚪᚾ,508
stamford,4210465,1,ᛋᛏᚪᛗᚠᚩᚱᛞ,389
recesses,4203499,1,ᚱᛖᚳᛖᛋᛋᛖᛋ,384
headlines,4193352,1,ᚻᛠᛞᛚᛁᚾᛖᛋ,474
witnessing,4190086,1,ᚹᛁᛏᚾᛖᛋᛋᛝ,390
forester,4184693,1,ᚠᚩᚱᛖᛋᛏᛖᚱ,277
nobleman,4180554,1,ᚾᚩᛒᛚᛖᛗᚪᚾ,434
wasteful,4176104,1,ᚹᚪᛋᛏᛖᚠᚢᛚ,373
mushroom,4169484,1,ᛗᚢᛋᚻᚱᚩᚩᛗ,246
bancroft,4169003,1,ᛒᚪᚾᚳᚱᚩᚠᛏ,279
jurassic,4166158,1,ᛂᚢᚱᚪᛋᛋᛁᚳ,298
populous,4162851,1,ᛈᚩᛈᚢᛚᚩᚢᛋ,232
horsemen,4156680,1,ᚻᚩᚱᛋᛖᛗᛖᚾ,328
flowered,4154950,1,ᚠᛚᚩᚹᛖᚱᛖᛞ,335
refunded,4153047,1,ᚱᛖᚠᚢᚾᛞᛖᛞ,357
motivate,4152852,1,ᛗᚩᛏᛁᚢᚪᛏᛖ,394
vertebrae,4149555,1,ᚢᛖᚱᛏᛖᛒᚱᚫ,380
cherries,4148154,1,ᚳᚻᛖᚱᚱᛁᛖᛋ,276
pertains,4146771,1,ᛈᛖᚱᛏᚪᛁᚾᛋ,390
cordially,4143855,1,ᚳᚩᚱᛞᛡᛚᛚᚣ,476
strikers,4141135,1,ᛋᛏᚱᛁᚳᛖᚱᛋ,298
cruisers,4138516,1,ᚳᚱᚢᛁᛋᛖᚱᛋ,242
suicidal,4137969,1,ᛋᚢᛁᚳᛁᛞᚪᛚ,390
wentworth,4137805,1,ᚹᛖᚾᛏᚹᚩᚱᚦ,216
hormonal,4135869,1,ᚻᚩᚱᛗᚩᚾᚪᛚ,318
colossal,4133463,1,ᚳᚩᛚᚩᛋᛋᚪᛚ,376
wondrous,4133051,1,ᚹᚩᚾᛞᚱᚩᚢᛋ,218
idolatry,4132874,1,ᛁᛞᚩᛚᚪᛏᚱᚣ,470
whispers,4129938,1,ᚹᚻᛁᛋᛈᛖᚱᛋ,300
griffiths,4129599,1,ᚷᚱᛁᚠᚠᛁᚦᛋ,152
custodial,4128621,1,ᚳᚢᛋᛏᚩᛞᛡᛚ,404
quarrels,4126177,1,ᚳᚹᚪᚱᚱᛖᛚᛋ,344
unloaded,4125982,1,ᚢᚾᛚᚩᚪᛞᛖᛞ,454
sectarian,4125383,1,ᛋᛖᚳᛏᚪᚱᛡᚾ,436
synonyms,4122978,1,ᛋᚣᚾᚩᚾᚣᛗᛋ,448
iroquois,4118425,1,ᛁᚱᚩᚳᚹᚩᛁᛋ,172
burdened,4115914,1,ᛒᚢᚱᛞᛖᚾᛖᛞ,416
besieged,4115910,1,ᛒᛖᛋᛁᛖᚷᛖᛞ,452
sweetheart,4108069,1,ᛋᚹᛖᛖᚦᛠᚱᛏ,390
flattering,4106115,1,ᚠᛚᚪᛏᛏᛖᚱᛝ,447
imitated,4100961,1,ᛁᛗᛁᛏᚪᛏᛖᛞ,504
utilised,4098032,1,ᚢᛏᛁᛚᛁᛋᛖᛞ,406
confided,4091090,1,ᚳᚩᚾᚠᛁᛞᛖᛞ,327
renewals,4090255,1,ᚱᛖᚾᛖᚹᚪᛚᛋ,416
cataract,4085869,1,ᚳᚪᛏᚪᚱᚪᚳᛏ,446
wardrobe,4083258,1,ᚹᚪᚱᛞᚱᚩᛒᛖ,362
quantify,4077213,1,ᚳᚹᚪᚾᛏᛁᚠᚣ,353
schiller,4074585,1,ᛋᚳᚻᛁᛚᛚᛖᚱ,344
agreeably,4074330,1,ᚪᚷᚱᛖᛠᛒᛚᚣ,538
sheppard,4073321,0,ᛋᚻᛖᛈᛈᚪᚱᛞ,426
mandible,4067558,1,ᛗᚪᚾᛞᛁᛒᛚᛖ,518
landfill,4066136,1,ᛚᚪᚾᛞᚠᛁᛚᛚ,467
literate,4064328,1,ᛚᛁᛏᛖᚱᚪᛏᛖ,464
emeritus,4062948,1,ᛖᛗᛖᚱᛁᛏᚢᛋ,362
manchuria,4056354,1,ᛗᚪᚾᚳᚻᚢᚱᛡ,354
conforms,4048006,1,ᚳᚩᚾᚠᚩᚱᛗᛋ,193
filtrate,4034864,1,ᚠᛁᛚᛏᚱᚪᛏᛖ,399
cheyenne,4033079,1,ᚳᚻᛖᚣᛖᚾᚾᛖ,398
humanism,4023101,1,ᚻᚢᛗᚪᚾᛁᛋᛗ,378
equities,4010021,1,ᛖᚳᚹᛁᛏᛁᛖᛋ,340
montague,4005137,1,ᛗᚩᚾᛏᚪᚷᚢᛖ,350
grievous,4003739,1,ᚷᚱᛁᛖᚢᚩᚢᛋ,192
brigades,3999321,1,ᛒᚱᛁᚷᚪᛞᛖᛋ,426
obstruct,3991431,1,ᚩᛒᛋᛏᚱᚢᚳᛏ,266
overseer,3990284,1,ᚩᚢᛖᚱᛋᛖᛖᚱ,286
mckenzie,3982526,1,ᛗᚳᚳᛖᚾᛋᛁᛖ,344
shoemaker,3979787,1,ᛋᚻᛟᛗᚪᚳᛖᚱ,418
unfolded,3979556,1,ᚢᚾᚠᚩᛚᛞᛖᛞ,359
download,3979523,1,ᛞᚩᚹᚾᛚᚩᚪᛞ,410
teamsters,3973714,1,ᛏᛠᛗᛋᛏᛖᚱᛋ,482
admirers,3973600,1,ᚪᛞᛗᛁᚱᛖᚱᛋ,430
globally,3972623,1,ᚷᛚᚩᛒᚪᛚᛚᚣ,504
watchful,3967592,1,ᚹᚪᛏᚳᚻᚠᚢᛚ,289
soliciting,3965805,1,ᛋᚩᛚᛁᚳᛁᛏᛝ,346
neoplasms,3963648,1,ᚾᛇᛈᛚᚪᛋᛗᛋ,460
exchanger,3962051,1,ᛖᛉᚳᚻᚪᛝᛖᚱ,404
necklace,3960762,1,ᚾᛖᚳᚳᛚᚪᚳᛖ,372
integers,3952950,1,ᛁᚾᛏᛖᚷᛖᚱᛋ,334
archival,3951642,1,ᚪᚱᚳᚻᛁᚢᚪᛚ,348
variances,3948352,1,ᚢᚪᚱᛡᚾᚳᛖᛋ,380
systolic,3946335,1,ᛋᚣᛋᛏᚩᛚᛁᚳ,392
felicity,3945676,1,ᚠᛖᛚᛁᚳᛁᛏᚣ,379
broadest,3944823,1,ᛒᚱᚩᚪᛞᛖᛋᛏ,444
signalling,3937308,1,ᛋᛁᚷᚾᚪᛚᛚᛝ,452
plutarch,3936706,1,ᛈᛚᚢᛏᚪᚱᚳᚻ,322
cohesive,3936170,1,ᚳᚩᚻᛖᛋᛁᚢᛖ,264
allegory,3931622,1,ᚪᛚᛚᛖᚷᚩᚱᚣ,448
signifying,3921415,1,ᛋᛁᚷᚾᛁᚠᚣᛝ,345
keystone,3919060,1,ᚳᛖᚣᛋᛏᚩᚾᛖ,398
clarifying,3918799,1,ᚳᛚᚪᚱᛁᚠᚣᛝ,409
glycogen,3917701,1,ᚷᛚᚣᚳᚩᚷᛖᚾ,326
burgundy,3912396,1,ᛒᚢᚱᚷᚢᚾᛞᚣ,316
surfaced,3912334,1,ᛋᚢᚱᚠᚪᚳᛖᛞ,335
farmland,3908518,1,ᚠᚪᚱᛗᛚᚪᚾᛞ,469
dilemmas,3905835,1,ᛞᛁᛚᛖᛗᛗᚪᛋ,552
invoices,3904884,1,ᛁᚾᚢᚩᛁᚳᛖᛋ,234
blackish,3895412,1,ᛒᛚᚪᚳᚳᛁᛋᚻ,364
indorsed,3892607,1,ᛁᚾᛞᚩᚱᛋᛖᛞ,376
navigate,3888306,1,ᚾᚪᚢᛁᚷᚪᛏᛖ,400
condemning,3883720,1,ᚳᚩᚾᛞᛖᛗᚾᛝ,384
triggers,3880596,1,ᛏᚱᛁᚷᚷᛖᚱᛋ,266
tramways,3875252,1,ᛏᚱᚪᛗᚹᚪᚣᛋ,510
adherent,3873523,1,ᚪᛞᚻᛖᚱᛖᚾᛏ,442
pedestal,3872789,1,ᛈᛖᛞᛖᛋᛏᚪᛚ,548
visceral,3872773,1,ᚢᛁᛋᚳᛖᚱᚪᛚ,348
assented,3868311,1,ᚪᛋᛋᛖᚾᛏᛖᛞ,514
extrusion,3866509,1,ᛖᛉᛏᚱᚢᛋᛡᚾ,376
outcrops,3866157,1,ᚩᚢᛏᚳᚱᚩᛈᛋ,196
tranquil,3861545,1,ᛏᚱᚪᚾᚳᚹᛁᛚ,332
mortimer,3859879,1,ᛗᚩᚱᛏᛁᛗᛖᚱ,328
macaulay,3858711,1,ᛗᚪᚳᚪᚢᛚᚪᚣ,554
allocating,3856499,1,ᚪᛚᛚᚩᚳᚪᛏᛝ,498
tenderly,3855200,1,ᛏᛖᚾᛞᛖᚱᛚᚣ,498
salutary,3850783,1,ᛋᚪᛚᚢᛏᚪᚱᚣ,496
idealized,3847120,1,ᛁᛞᛠᛚᛁᛋᛖᛞ,542
parietal,3846002,1,ᛈᚪᚱᛁᛖᛏᚪᛚ,478
mckinney,3845925,1,ᛗᚳᚳᛁᚾᚾᛖᚣ,356
suspending,3845442,1,ᛋᚢᛋᛈᛖᚾᛞᛝ,416
disperse,3842869,1,ᛞᛁᛋᛈᛖᚱᛋᛖ,414
dogmatic,3841629,1,ᛞᚩᚷᛗᚪᛏᛁᚳ,384
tangential,3836949,1,ᛏᚪᛝᛖᚾᛏᛡᛚ,570
romances,3829596,1,ᚱᚩᛗᚪᚾᚳᛖᛋ,348
interiors,3827257,1,ᛁᚾᛏᛖᚱᛡᚱᛋ,368
unjustly,3824885,1,ᚢᚾᛂᚢᛋᛏᛚᚣ,360
override,3823045,1,ᚩᚢᛖᚱᚱᛁᛞᛖ,286
mcdowell,3820163,1,ᛗᚳᛞᚩᚹᛖᛚᛚ,412
peacetime,3819328,1,ᛈᛠᚳᛖᛏᛁᛗᛖ,460
purporting,3818350,1,ᛈᚢᚱᛈᚩᚱᛏᛝ,256
intently,3814497,1,ᛁᚾᛏᛖᚾᛏᛚᚣ,450
discreet,3810012,1,ᛞᛁᛋᚳᚱᛖᛖᛏ,390
priestly,3807406,1,ᛈᚱᛁᛖᛋᛏᛚᚣ,440
shameful,3803728,1,ᛋᚻᚪᛗᛖᚠᚢᛚ,389
hatchery,3801179,1,ᚻᚪᛏᚳᚻᛖᚱᚣ,396
biscuits,3800455,1,ᛒᛁᛋᚳᚢᛁᛏᛋ,304
stratton,3796796,1,ᛋᛏᚱᚪᛏᛏᚩᚾ,374
josephus,3795632,1,ᛂᚩᛋᛖᛈᚻᚢᛋ,286
abridged,3791921,1,ᚪᛒᚱᛁᛞᚷᛖᛞ,462
predator,3791538,1,ᛈᚱᛖᛞᚪᛏᚩᚱ,384
teenager,3780315,1,ᛏᛖᛖᚾᚪᚷᛖᚱ,414
breathless,3779773,1,ᛒᚱᛠᚦᛚᛖᛋᛋ,432
goodrich,3778251,1,ᚷᚩᚩᛞᚱᛁᚳᚻ,198
addicted,3776303,1,ᚪᛞᛞᛁᚳᛏᛖᛞ,534
stagnant,3774578,1,ᛋᛏᚪᚷᚾᚪᚾᛏ,440
neurotic,3774505,1,ᚾᛖᚢᚱᚩᛏᛁᚳ,220
waveform,3772121,1,ᚹᚪᚢᛖᚠᚩᚱᛗ,277
scaffold,3772017,1,ᛋᚳᚪᚠᚠᚩᛚᛞ,336
synaptic,3771179,1,ᛋᚣᚾᚪᛈᛏᛁᚳ,428
subjecting,3768484,1,ᛋᚢᛒᛂᛖᚳᛏᛝ,372
hydroxyl,3767982,1,ᚻᚣᛞᚱᚩᛉᚣᛚ,456
supposes,3766331,1,ᛋᚢᛈᛈᚩᛋᛖᛋ,322
sectoral,3764057,1,ᛋᛖᚳᛏᚩᚱᚪᛚ,380
lavender,3762962,1,ᛚᚪᚢᛖᚾᛞᛖᚱ,436
organise,3762428,1,ᚩᚱᚷᚪᚾᛁᛋᛖ,312
maximizing,3761996,1,ᛗᚪᛉᛁᛗᛁᛋᛝ,480
jaundice,3760985,1,ᛂᚪᚢᚾᛞᛁᚳᛖ,366
pembroke,3757570,1,ᛈᛖᛗᛒᚱᚩᚳᛖ,340
nominating,3755474,1,ᚾᚩᛗᛁᚾᚪᛏᛝ,402
endeavoring,3750388,1,ᛖᚾᛞᛠᚢᚩᚱᛝ,394
chivalry,3748371,1,ᚳᚻᛁᚢᚪᛚᚱᚣ,354
rotations,3748018,1,ᚱᚩᛏᚪᛏᛡᚾᛋ,422
perverse,3747833,1,ᛈᛖᚱᚢᛖᚱᛋᛖ,322
cupboard,3745480,1,ᚳᚢᛈᛒᚩᚪᚱᛞ,324
cafeteria,3744631,1,ᚳᚪᚠᛖᛏᛖᚱᛡ,423
downfall,3743392,1,ᛞᚩᚹᚾᚠᚪᛚᛚ,389
stoppage,3742981,1,ᛋᛏᚩᛈᛈᚪᚷᛖ,386
iniquity,3740639,1,ᛁᚾᛁᚳᚹᛁᛏᚣ,316
rejoiced,3739979,1,ᚱᛖᛂᚩᛁᚳᛖᛞ,322
expedite,3737107,1,ᛖᛉᛈᛖᛞᛁᛏᛖ,470
retorted,3726031,1,ᚱᛖᛏᚩᚱᛏᛖᛞ,370
belgrade,3721732,1,ᛒᛖᛚᚷᚱᚪᛞᛖ,482
untimely,3720583,1,ᚢᚾᛏᛁᛗᛖᛚᚣ,436
certifying,3719669,1,ᚳᛖᚱᛏᛁᚠᚣᛝ,365
minutely,3716627,1,ᛗᛁᚾᚢᛏᛖᛚᚣ,436
shipyard,3712956,1,ᛋᚻᛁᛈᚣᚪᚱᛞ,450
displace,3712034,1,ᛞᛁᛋᛈᛚᚪᚳᛖ,466
sluggish,3710879,1,ᛋᛚᚢᚷᚷᛁᛋᚻ,270
bangalore,3710668,1,ᛒᚪᛝᚪᛚᚩᚱᛖ,492
botswana,3709868,1,ᛒᚩᛏᛋᚹᚪᚾᚪ,422
depiction,3709004,1,ᛞᛖᛈᛁᚳᛏᛡᚾ,438
transact,3708933,1,ᛏᚱᚪᚾᛋᚪᚳᛏ,418
facebook,3708207,1,ᚠᚪᚳᛖᛒᚩᚩᚳ,267
happiest,3705501,1,ᚻᚪᛈᛈᛁᛖᛋᛏ,416
obituary,3703182,1,ᚩᛒᛁᛏᚢᚪᚱᚣ,372
acceptor,3701208,1,ᚪᚳᚳᛖᛈᛏᚩᚱ,310
excreted,3699341,1,ᛖᛉᚳᚱᛖᛏᛖᛞ,420
saratoga,3689259,1,ᛋᚪᚱᚪᛏᚩᚷᚪ,438
wilfully,3685621,1,ᚹᛁᛚᚠᚢᛚᛚᚣ,377
optimize,3682663,1,ᚩᛈᛏᛁᛗᛁᛋᛖ,362
loosened,3682620,1,ᛚᚩᚩᛋᛖᚾᛖᛞ,392
underlie,3677635,1,ᚢᚾᛞᛖᚱᛚᛁᛖ,370
lengthened,3676514,1,ᛚᛖᛝᚦᛖᚾᛖᛞ,476
harbours,3673540,1,ᚻᚪᚱᛒᚩᚢᚱᛋ,266
stitches,3672687,1,ᛋᛏᛁᛏᚳᚻᛖᛋ,358
hydration,3672310,1,ᚻᚣᛞᚱᚪᛏᛡᚾ,518
istanbul,3665675,1,ᛁᛋᛏᚪᚾᛒᚢᛚ,406
antiques,3662969,1,ᚪᚾᛏᛁᚳᚹᛖᛋ,368
bicycles,3662325,1,ᛒᛁᚳᚣᚳᛚᛖᛋ,414
condensing,3662216,1,ᚳᚩᚾᛞᛖᚾᛋᛝ,366
redeemer,3661860,1,ᚱᛖᛞᛖᛖᛗᛖᚱ,450
fanciful,3660704,1,ᚠᚪᚾᚳᛁᚠᚢᛚ,250
oncology,3660064,0,ᚩᚾᚳᚩᛚᚩᚷᚣ,256
numerals,3657920,1,ᚾᚢᛗᛖᚱᚪᛚᛋ,404
unionists,3656699,1,ᚢᚾᛡᚾᛁᛋᛏᛋ,364
kitchens,3656249,1,ᚳᛁᛏᚳᚻᛖᚾᛋ,288
radiative,3655330,1,ᚱᚪᛞᛡᛏᛁᚢᛖ,464
holotype,3655000,1,ᚻᚩᛚᚩᛏᚣᛈᛖ,382
hatfield,3654822,0,ᚻᚪᛏᚠᛁᛖᛚᛞ,441
remodeling,3651282,1,ᚱᛖᛗᚩᛞᛖᛚᛝ,464
rejoined,3650929,1,ᚱᛖᛂᚩᛁᚾᛖᛞ,338
exhausting,3650169,1,ᛖᛉᚻᚪᚢᛋᛏᛝ,428
sabotage,3646326,1,ᛋᚪᛒᚩᛏᚪᚷᛖ,458
lactation,3646306,1,ᛚᚪᚳᛏᚪᛏᛡᚾ,534
artifact,3644343,1,ᚪᚱᛏᛁᚠᚪᚳᛏ,369
labyrinth,3631509,1,ᛚᚪᛒᚣᚱᛁᚾᚦ,410
glimpses,3627665,1,ᚷᛚᛁᛗᛈᛋᛖᛋ,408
depositing,3623108,1,ᛞᛖᛈᚩᛋᛁᛏᛝ,428
tyrosine,3622412,1,ᛏᚣᚱᚩᛋᛁᚾᛖ,360
pyramids,3620283,1,ᛈᚣᚱᚪᛗᛁᛞᛋ,498
insulted,3617732,1,ᛁᚾᛋᚢᛚᛏᛖᛞ,404
aeroplane,3615617,1,ᚫᚱᚩᛈᛚᚪᚾᛖ,428
boldness,3611664,1,ᛒᚩᛚᛞᚾᛖᛋᛋ,432
shielded,3605865,1,ᛋᚻᛁᛖᛚᛞᛖᛞ,492
primates,3602742,1,ᛈᚱᛁᛗᚪᛏᛖᛋ,432
melodies,3599308,1,ᛗᛖᛚᚩᛞᛁᛖᛋ,458
organising,3595355,1,ᚩᚱᚷᚪᚾᛁᛋᛝ,324
pitfalls,3594769,1,ᛈᛁᛏᚠᚪᛚᛚᛋ,431
luxuries,3594143,1,ᛚᚢᛉᚢᚱᛁᛖᛋ,288
furiously,3593761,1,ᚠᚢᚱᛡᚢᛋᛚᚣ,355
midlands,3592357,1,ᛗᛁᛞᛚᚪᚾᛞᛋ,532
lowlands,3585556,1,ᛚᚩᚹᛚᚪᚾᛞᛋ,440
fluorine,3585116,1,ᚠᛚᚢᚩᚱᛁᚾᛖ,223
platonic,3575466,1,ᛈᛚᚪᛏᚩᚾᛁᚳ,352
handlers,3570643,1,ᚻᚪᚾᛞᛚᛖᚱᛋ,442
mobilize,3570272,1,ᛗᚩᛒᛁᛚᛁᛋᛖ,394
stairway,3567063,1,ᛋᛏᚪᛁᚱᚹᚪᚣ,470
cartoons,3562444,1,ᚳᚪᚱᛏᚩᚩᚾᛋ,276
baroness,3561412,1,ᛒᚪᚱᚩᚾᛖᛋᛋ,378
subtotal,3561083,1,ᛋᚢᛒᛏᚩᛏᚪᛚ,412
quenched,3554289,1,ᚳᚹᛖᚾᚳᚻᛖᛞ,320
motivating,3552697,1,ᛗᚩᛏᛁᚢᚪᛏᛝ,406
curative,3550902,1,ᚳᚢᚱᚪᛏᛁᚢᛖ,284
guilford,3549560,1,ᚷᚢᛁᛚᚠᚩᚱᛞ,233
jacobson,3548587,1,ᛂᚪᚳᚩᛒᛋᚩᚾ,304
mcmillan,3547919,1,ᛗᚳᛗᛁᛚᛚᚪᚾ,458
impelled,3537956,1,ᛁᛗᛈᛖᛚᛚᛖᛞ,514
diplomat,3537497,1,ᛞᛁᛈᛚᚩᛗᚪᛏ,470
baptists,3532586,1,ᛒᚪᛈᛏᛁᛋᛏᛋ,456
outwards,3531512,1,ᚩᚢᛏᚹᚪᚱᛞᛋ,338
entangled,3525955,1,ᛖᚾᛏᚪᛝᛚᛖᛞ,560
logistic,3525693,1,ᛚᚩᚷᛁᛋᛏᛁᚳ,284
labrador,3525662,1,ᛚᚪᛒᚱᚪᛞᚩᚱ,446
vigilant,3521149,1,ᚢᛁᚷᛁᛚᚪᚾᛏ,340
overhaul,3520232,1,ᚩᚢᛖᚱᚻᚪᚢᛚ,284
galloway,3519561,1,ᚷᚪᛚᛚᚩᚹᚪᚣ,486
chimneys,3519233,1,ᚳᚻᛁᛗᚾᛖᚣᛋ,390
caffeine,3518423,1,ᚳᚪᚠᚠᛖᛁᚾᛖ,308
adoration,3516952,1,ᚪᛞᚩᚱᚪᛏᛡᚾ,496
lawsuits,3514618,1,ᛚᚪᚹᛋᚢᛁᛏᛋ,388
disgusting,3514013,1,ᛞᛁᛋᚷᚢᛋᛏᛝ,384
prairies,3512808,1,ᛈᚱᚪᛁᚱᛁᛖᛋ,344
borrowings,3512282,1,ᛒᚩᚱᚱᚩᚹᛝᛋ,248
nativity,3504835,1,ᚾᚪᛏᛁᚢᛁᛏᚣ,412
verbally,3497406,1,ᚢᛖᚱᛒᚪᛚᛚᚣ,488
axillary,3497399,1,ᚪᛉᛁᛚᛚᚪᚱᚣ,532
cartesian,3497108,1,ᚳᚪᚱᛏᛖᛋᛡᚾ,436
bertrand,3494611,1,ᛒᛖᚱᛏᚱᚪᚾᛞ,424
cautioned,3494534,1,ᚳᚪᚢᛏᛡᚾᛖᛞ,464
subunits,3493253,1,ᛋᚢᛒᚢᚾᛁᛏᛋ,292
heretics,3491928,1,ᚻᛖᚱᛖᛏᛁᚳᛋ,324
cleopatra,3486431,1,ᚳᛚᛇᛈᚪᛏᚱᚪ,434
insecure,3476811,1,ᛁᚾᛋᛖᚳᚢᚱᛖ,274
textures,3472631,1,ᛏᛖᛉᛏᚢᚱᛖᛋ,366
silenced,3472554,1,ᛋᛁᛚᛖᚾᚳᛖᛞ,422
narrated,3471817,1,ᚾᚪᚱᚱᚪᛏᛖᛞ,460
attrition,3466323,1,ᚪᛏᛏᚱᛁᛏᛡᚾ,452
pineapple,3464210,1,ᛈᛁᚾᛠᛈᛈᛚᛖ,438
fissures,3464181,1,ᚠᛁᛋᛋᚢᚱᛖᛋ,273
protruding,3462718,1,ᛈᚱᚩᛏᚱᚢᛞᛝ,302
recharge,3459397,1,ᚱᛖᚳᚻᚪᚱᚷᛖ,306
profusion,3458281,1,ᛈᚱᚩᚠᚢᛋᛡᚾ,255
anaesthesia,3457724,1,ᚪᚾᚫᛋᚦᛖᛋᛡ,512
empowering,3456600,1,ᛖᛗᛈᚩᚹᛖᚱᛝ,364
easements,3455849,1,ᛠᛋᛖᛗᛖᚾᛏᛋ,508
ischemic,3452800,1,ᛁᛋᚳᚻᛖᛗᛁᚳ,302
obsessed,3452507,1,ᚩᛒᛋᛖᛋᛋᛖᛞ,450
amateurs,3450262,1,ᚪᛗᚪᛏᛖᚢᚱᛋ,458
stewards,3446312,1,ᛋᛏᛖᚹᚪᚱᛞᛋ,448
leasehold,3445689,1,ᛚᛠᛋᛖᚻᚩᛚᛞ,494
puritans,3441224,1,ᛈᚢᚱᛁᛏᚪᚾᛋ,326
tapestry,3441041,1,ᛏᚪᛈᛖᛋᛏᚱᚣ,492
trumpets,3436818,1,ᛏᚱᚢᛗᛈᛖᛏᛋ,366
nominees,3435189,1,ᚾᚩᛗᛁᚾᛖᛖᛋ,354
offsetting,3435186,1,ᚩᚠᚠᛋᛖᛏᛏᛝ,328
trainers,3430115,1,ᛏᚱᚪᛁᚾᛖᚱᛋ,358
lifeless,3429973,1,ᛚᛁᚠᛖᛚᛖᛋᛋ,419
implants,3429520,1,ᛁᛗᛈᛚᚪᚾᛏᛋ,456
caucasus,3429211,1,ᚳᚪᚢᚳᚪᛋᚢᛋ,332
marietta,3427465,1,ᛗᚪᚱᛁᛖᛏᛏᚪ,492
construe,3426820,1,ᚳᚩᚾᛋᛏᚱᚢᛖ,242
backyard,3425111,1,ᛒᚪᚳᚳᚣᚪᚱᛞ,484
traversing,3424183,1,ᛏᚱᚪᚢᛖᚱᛋᛝ,380
putative,3422663,1,ᛈᚢᛏᚪᛏᛁᚢᛖ,362
humiliating,3421021,1,ᚻᚢᛗᛁᛚᛡᛏᛝ,446
watchman,3419910,1,ᚹᚪᛏᚳᚻᛗᚪᚾ,408
salivary,3418563,1,ᛋᚪᛚᛁᚢᚪᚱᚣ,468
aquarium,3411252,1,ᚪᚳᚹᚪᚱᛁᚢᛗ,342
impunity,3405279,1,ᛁᛗᛈᚢᚾᛁᛏᚣ,370
westport,3404172,1,ᚹᛖᛋᛏᛈᚩᚱᛏ,318
volcanoes,3403435,1,ᚢᚩᛚᚳᚪᚾᛟᛋ,358
mercedes,3401692,1,ᛗᛖᚱᚳᛖᛞᛖᛋ,438
comedies,3399028,1,ᚳᚩᛗᛖᛞᛁᛖᛋ,398
nickname,3397685,1,ᚾᛁᚳᚳᚾᚪᛗᛖ,350
nitrates,3397236,1,ᚾᛁᛏᚱᚪᛏᛖᛋ,406
outweigh,3395022,1,ᚩᚢᛏᚹᛖᛁᚷᚻ,226
permeable,3393472,1,ᛈᛖᚱᛗᛠᛒᛚᛖ,502
obnoxious,3391168,1,ᚩᛒᚾᚩᛉᛡᚢᛋ,314
spatially,3390768,1,ᛋᛈᚪᛏᛡᛚᛚᚣ,608
scratching,3388682,1,ᛋᚳᚱᚪᛏᚳᚻᛝ,348
outburst,3386659,1,ᚩᚢᛏᛒᚢᚱᛋᛏ,256
harassed,3382603,1,ᚻᚪᚱᚪᛋᛋᛖᛞ,490
monarchs,3381712,1,ᛗᚩᚾᚪᚱᚳᚻᛋ,304
motorist,3377679,1,ᛗᚩᛏᚩᚱᛁᛋᛏ,298
conquering,3377404,1,ᚳᚩᚾᚳᚹᛖᚱᛝ,238
reverses,3375831,1,ᚱᛖᚢᛖᚱᛋᛖᛋ,332
aqueduct,3375775,1,ᚪᚳᚹᛖᛞᚢᚳᛏ,360
abolishing,3371736,1,ᚪᛒᚩᛚᛁᛋᚻᛝ,424
ethnology,3370004,0,ᛖᚦᚾᚩᛚᚩᚷᚣ,308
dynamite,3369525,1,ᛞᚣᚾᚪᛗᛁᛏᛖ,546
porphyry,3365582,1,ᛈᚩᚱᛈᚻᚣᚱᚣ,344
laboured,3364643,1,ᛚᚪᛒᚩᚢᚱᛖᛞ,408
outraged,3363718,1,ᚩᚢᛏᚱᚪᚷᛖᛞ,350
backdrop,3362697,1,ᛒᚪᚳᚳᛞᚱᚩᛈ,334
didactic,3361365,1,ᛞᛁᛞᚪᚳᛏᛁᚳ,422
schroeder,3359281,1,ᛋᚳᚻᚱᛟᛞᛖᚱ,350
converging,3357648,1,ᚳᚩᚾᚢᛖᚱᚷᛝ,226
sprinkling,3356029,1,ᛋᛈᚱᛁᚾᚳᛚᛝ,332
typology,3355292,0,ᛏᚣᛈᚩᛚᚩᚷᚣ,412
hannibal,3354497,1,ᚻᚪᚾᚾᛁᛒᚪᛚ,440
mcintosh,3352019,0,ᛗᚳᛁᚾᛏᚩᛋᚻ,286
lockwood,3349451,1,ᛚᚩᚳᚳᚹᚩᚩᛞ,228
commotion,3348024,1,ᚳᚩᛗᛗᚩᛏᛡᚾ,364
mitigating,3346914,1,ᛗᛁᛏᛁᚷᚪᛏᛝ,444
softness,3346848,1,ᛋᚩᚠᛏᚾᛖᛋᛋ,323
methylene,3344939,1,ᛗᛖᚦᚣᛚᛖᚾᛖ,482
sustains,3337202,1,ᛋᚢᛋᛏᚪᛁᚾᛋ,378
campuses,3334525,1,ᚳᚪᛗᛈᚢᛋᛖᛋ,400
hostages,3334493,1,ᚻᚩᛋᛏᚪᚷᛖᛋ,376
overheard,3331162,1,ᚩᚢᛖᚱᚻᛠᚱᛞ,320
virulent,3327445,1,ᚢᛁᚱᚢᛚᛖᚾᛏ,276
delusions,3322604,1,ᛞᛖᛚᚢᛋᛡᚾᛋ,474
eighties,3319315,1,ᛖᛁᚷᚻᛏᛁᛖᛋ,348
eruptions,3318523,1,ᛖᚱᚢᛈᛏᛡᚾᛋ,372
codified,3317467,1,ᚳᚩᛞᛁᚠᛁᛖᛞ,329
columbian,3316858,1,ᚳᚩᛚᚢᛗᛒᛡᚾ,364
lebanese,3313863,1,ᛚᛖᛒᚪᚾᛖᛋᛖ,514
gendered,3313633,1,ᚷᛖᚾᛞᛖᚱᛖᛞ,436
katharine,3309874,1,ᚳᚪᚦᚪᚱᛁᚾᛖ,350
verbatim,3307650,1,ᚢᛖᚱᛒᚪᛏᛁᛗ,400
melanoma,3307345,1,ᛗᛖᛚᚪᚾᚩᛗᚪ,512
simulating,3305712,1,ᛋᛁᛗᚢᛚᚪᛏᛝ,466
grantees,3304785,1,ᚷᚱᚪᚾᛏᛖᛖᛋ,400
nostalgia,3304729,1,ᚾᚩᛋᛏᚪᛚᚷᛡ,442
tincture,3304177,1,ᛏᛁᚾᚳᛏᚢᚱᛖ,272
plankton,3300299,1,ᛈᛚᚪᚾᚳᛏᚩᚾ,350
assorted,3299115,1,ᚪᛋᛋᚩᚱᛏᛖᛞ,436
suitcase,3294527,1,ᛋᚢᛁᛏᚳᚪᛋᛖ,376
genotype,3292992,1,ᚷᛖᚾᚩᛏᚣᛈᛖ,392
collusion,3289125,1,ᚳᚩᛚᛚᚢᛋᛡᚾ,358
firewood,3286485,1,ᚠᛁᚱᛖᚹᚩᚩᛞ,233
abortions,3284294,1,ᚪᛒᚩᚱᛏᛡᚾᛋ,424
persuading,3282290,1,ᛈᛖᚱᛋᚢᚪᛞᛝ,442
occupier,3277599,1,ᚩᚳᚳᚢᛈᛁᛖᚱ,188
shivered,3274903,1,ᛋᚻᛁᚢᛖᚱᛖᛞ,344
espionage,3274604,1,ᛖᛋᛈᛡᚾᚪᚷᛖ,480
palatine,3271132,1,ᛈᚪᛚᚪᛏᛁᚾᛖ,496
undulating,3267474,1,ᚢᚾᛞᚢᛚᚪᛏᛝ,432
usefully,3262939,1,ᚢᛋᛖᚠᚢᛚᛚᚣ,377
shutters,3261883,1,ᛋᚻᚢᛏᛏᛖᚱᛋ,328
oblivious,3261268,1,ᚩᛒᛚᛁᚢᛡᚢᛋ,338
referees,3260823,1,ᚱᛖᚠᛖᚱᛖᛖᛋ,345
hinduism,3258878,1,ᚻᛁᚾᛞᚢᛁᛋᛗ,330
lockheed,3256460,1,ᛚᚩᚳᚳᚻᛖᛖᛞ,352
conserving,3254543,1,ᚳᚩᚾᛋᛖᚱᚢᛝ,262
unlocked,3250850,1,ᚢᚾᛚᚩᚳᚳᛖᛞ,294
frighten,3247715,1,ᚠᚱᛁᚷᚻᛏᛖᚾ,239
globular,3246753,1,ᚷᛚᚩᛒᚢᛚᚪᚱ,342
threefold,3244209,1,ᚦᚱᛖᛖᚠᚩᛚᛞ,321
serenity,3243895,1,ᛋᛖᚱᛖᚾᛁᛏᚣ,420
itemized,3242626,1,ᛁᛏᛖᛗᛁᛋᛖᛞ,468
petersen,3241122,1,ᛈᛖᛏᛖᚱᛋᛖᚾ,396
holstein,3240662,1,ᚻᚩᛚᛋᛏᛖᛁᚾ,342
clutched,3238644,1,ᚳᛚᚢᛏᚳᚻᛖᛞ,340
harvests,3238497,1,ᚻᚪᚱᚢᛖᛋᛏᛋ,366
mediators,3237350,1,ᛗᛖᛞᛡᛏᚩᚱᛋ,464
initiates,3234820,1,ᛁᚾᛁᛏᛡᛏᛖᛋ,436
beginner,3231495,1,ᛒᛖᚷᛁᚾᚾᛖᚱ,312
enslaved,3226639,1,ᛖᚾᛋᛚᚪᚢᛖᛞ,478
balloons,3225615,1,ᛒᚪᛚᛚᚩᚩᚾᛋ,400
hygienic,3225294,1,ᚻᚣᚷᛁᛖᚾᛁᚳ,314
malleable,3223147,1,ᛗᚪᛚᛚᛠᛒᛚᛖ,624
colombian,3222309,1,ᚳᚩᛚᚩᛗᛒᛡᚾ,368
modality,3218874,1,ᛗᚩᛞᚪᛚᛁᛏᚣ,530
hydrated,3218041,1,ᚻᚣᛞᚱᚪᛏᛖᛞ,538
forested,3215757,1,ᚠᚩᚱᛖᛋᛏᛖᛞ,355
vanishes,3211836,1,ᚢᚪᚾᛁᛋᚻᛖᛋ,356
activating,3210668,1,ᚪᚳᛏᛁᚢᚪᛏᛝ,438
elisabeth,3207033,1,ᛖᛚᛁᛋᚪᛒᛖᚦ,454
slippers,3204769,1,ᛋᛚᛁᛈᛈᛖᚱᛋ,374
danville,3203354,1,ᛞᚪᚾᚢᛁᛚᛚᛖ,462
holloway,3202782,0,ᚻᚩᛚᛚᚩᚹᚪᚣ,402
crouched,3202647,1,ᚳᚱᚩᚢᚳᚻᛖᛞ,226
foothills,3201219,1,ᚠᚩᚩᚦᛁᛚᛚᛋ,251
spindles,3201003,1,ᛋᛈᛁᚾᛞᛚᛖᛋ,438
contagion,3200245,1,ᚳᚩᚾᛏᚪᚷᛡᚾ,358
chastity,3198693,1,ᚳᚻᚪᛋᛏᛁᛏᚣ,438
physique,3196676,1,ᛈᚻᚣᛋᛁᚳᚹᛖ,352
humanist,3194690,1,ᚻᚢᛗᚪᚾᛁᛋᛏ,366
catharine,3192736,1,ᚳᚪᚦᚪᚱᛁᚾᛖ,350
whitaker,3192554,0,ᚹᚻᛁᛏᚪᚳᛖᚱ,320
nucleation,3192484,1,ᚾᚢᚳᛚᛠᛏᛡᚾ,422
weariness,3191528,1,ᚹᛠᚱᛁᚾᛖᛋᛋ,372
emmanuel,3191126,1,ᛖᛗᛗᚪᚾᚢᛖᛚ,478
barbarian,3188337,1,ᛒᚪᚱᛒᚪᚱᛡᚾ,474
passover,3186244,1,ᛈᚪᛋᛋᚩᚢᛖᚱ,334
cameroon,3185579,1,ᚳᚪᛗᛖᚱᚩᚩᚾ,302
fondness,3183030,1,ᚠᚩᚾᛞᚾᛖᛋᛋ,329
silicone,3182455,1,ᛋᛁᛚᛁᚳᚩᚾᛖ,304
clements,3181649,1,ᚳᛚᛖᛗᛖᚾᛏᛋ,432
carloads,3178208,1,ᚳᚪᚱᛚᚩᚪᛞᛋ,440
glycerol,3177114,1,ᚷᛚᚣᚳᛖᚱᚩᛚ,364
shutdown,3176175,1,ᛋᚻᚢᛏᛞᚩᚹᚾ,282
mournful,3174924,1,ᛗᚩᚢᚱᚾᚠᚢᛚ,199
squamous,3174883,1,ᛋᚳᚹᚪᛗᚩᚢᛋ,316
ailments,3171136,1,ᚪᛁᛚᛗᛖᚾᛏᛋ,480
decorating,3170162,1,ᛞᛖᚳᚩᚱᚪᛏᛝ,422
maitland,3166086,1,ᛗᚪᛁᛏᛚᚪᚾᛞ,546
eclectic,3164113,1,ᛖᚳᛚᛖᚳᛏᛁᚳ,336
budgeted,3163859,1,ᛒᚢᛞᚷᛖᛏᛖᛞ,452
panorama,3163503,1,ᛈᚪᚾᚩᚱᚪᛗᚪ,452
conduits,3158520,1,ᚳᚩᚾᛞᚢᛁᛏᛋ,284
antelope,3156221,1,ᚪᚾᛏᛖᛚᚩᛈᛖ,442
erickson,3153371,0,ᛖᚱᛁᚳᚳᛋᚩᚾ,224
scranton,3148802,1,ᛋᚳᚱᚪᚾᛏᚩᚾ,298
sensibly,3148063,1,ᛋᛖᚾᛋᛁᛒᛚᚣ,470
carbonyl,3143219,1,ᚳᚪᚱᛒᚩᚾᚣᛚ,394
modestly,3142809,1,ᛗᚩᛞᛖᛋᛏᛚᚣ,522
abduction,3142646,1,ᚪᛒᛞᚢᚳᛏᛡᚾ,458
invasions,3142496,1,ᛁᚾᚢᚪᛋᛡᚾᛋ,402
forsaken,3141732,1,ᚠᚩᚱᛋᚪᚳᛖᚾ,279
ellsworth,3139961,1,ᛖᛚᛚᛋᚹᚩᚱᚦ,308
traitors,3139893,1,ᛏᚱᚪᛁᛏᚩᚱᛋ,328
devoured,3139424,1,ᛞᛖᚢᚩᚢᚱᛖᛞ,336
princely,3136551,1,ᛈᚱᛁᚾᚳᛖᛚᚣ,370
distract,3136332,1,ᛞᛁᛋᛏᚱᚪᚳᛏ,412
insidious,3136272,1,ᛁᚾᛋᛁᛞᛡᚢᛋ,396
malaysian,3135843,1,ᛗᚪᛚᚪᚣᛋᛡᚾ,630
finality,3132183,1,ᚠᛁᚾᚪᛚᛁᛏᚣ,425
reassured,3131802,1,ᚱᛠᛋᛋᚢᚱᛖᛞ,396
kidnapping,3128212,1,ᚳᛁᛞᚾᚪᛈᛈᛝ,424
steadfast,3127257,1,ᛋᛏᛠᛞᚠᚪᛋᛏ,521
mariners,3127126,1,ᛗᚪᚱᛁᚾᛖᚱᛋ,370
unitarian,3123043,1,ᚢᚾᛁᛏᚪᚱᛡᚾ,366
fingertips,3120871,1,ᚠᛝᛖᚱᛏᛁᛈᛋ,345
ferocious,3119490,1,ᚠᛖᚱᚩᚳᛡᚢᛋ,263
fineness,3117296,1,ᚠᛁᚾᛖᚾᛖᛋᛋ,331
metrical,3114934,1,ᛗᛖᛏᚱᛁᚳᚪᛚ,422
rendition,3111629,1,ᚱᛖᚾᛞᛁᛏᛡᚾ,422
complies,3107588,1,ᚳᚩᛗᛈᛚᛁᛖᛋ,358
secluded,3105915,1,ᛋᛖᚳᛚᚢᛞᛖᛞ,454
marquess,3097337,1,ᛗᚪᚱᚳᚹᛖᛋᛋ,384
coolidge,3095512,1,ᚳᚩᚩᛚᛁᛞᚷᛖ,304
extinguish,3094972,1,ᛖᛉᛏᛝᚢᛁᛋᚻ,362
liberate,3089953,1,ᛚᛁᛒᛖᚱᚪᛏᛖ,466
purports,3086616,1,ᛈᚢᚱᛈᚩᚱᛏᛋ,230
courtney,3086491,1,ᚳᚩᚢᚱᛏᚾᛖᚣ,292
copeland,3086331,0,ᚳᚩᛈᛖᛚᚪᚾᛞ,418
brittany,3085687,1,ᛒᚱᛁᛏᛏᚪᚾᚣ,450
indecent,3082097,1,ᛁᚾᛞᛖᚳᛖᚾᛏ,384
glaucoma,3079103,1,ᚷᛚᚪᚢᚳᚩᛗᚪ,378
galactic,3078537,1,ᚷᚪᛚᚪᚳᛏᛁᚳ,400
flattery,3076780,1,ᚠᛚᚪᛏᛏᛖᚱᚣ,471
warships,3069600,1,ᚹᚪᚱᛋᚻᛁᛈᛋ,330
researching,3068367,1,ᚱᛖᛋᛠᚱᚳᚻᛝ,366
environs,3064629,1,ᛖᚾᚢᛁᚱᚩᚾᛋ,230
totalled,3062923,1,ᛏᚩᛏᚪᛚᛚᛖᛞ,524
seclusion,3059746,1,ᛋᛖᚳᛚᚢᛋᛡᚾ,398
hypnosis,3055313,1,ᚻᚣᛈᚾᚩᛋᛁᛋ,342
traceable,3053185,1,ᛏᚱᚪᚳᛠᛒᛚᛖ,490
schubert,3050511,1,ᛋᚳᚻᚢᛒᛖᚱᛏ,290
futility,3050473,1,ᚠᚢᛏᛁᛚᛁᛏᚣ,361
welcomes,3049423,1,ᚹᛖᛚᚳᚩᛗᛖᛋ,370
cucumber,3047609,1,ᚳᚢᚳᚢᛗᛒᛖᚱ,242
unfairly,3044052,1,ᚢᚾᚠᚪᛁᚱᛚᚣ,349
launches,3041165,1,ᛚᚪᚢᚾᚳᚻᛖᛋ,358
connolly,3039536,1,ᚳᚩᚾᚾᚩᛚᛚᚣ,334
communes,3039492,1,ᚳᚩᛗᛗᚢᚾᛖᛋ,314
paleozoic,3038991,1,ᛈᚪᛚᛇᛋᚩᛁᚳ,358
organist,3035980,1,ᚩᚱᚷᚪᚾᛁᛋᛏ,304
acidosis,3031064,0,ᚪᚳᛁᛞᚩᛋᛁᛋ,374
illusory,3030334,1,ᛁᛚᛚᚢᛋᚩᚱᚣ,354
postpaid,3028742,1,ᛈᚩᛋᛏᛈᚪᛁᛞ,422
gestured,3027512,1,ᚷᛖᛋᛏᚢᚱᛖᛞ,366
genitalia,3026991,1,ᚷᛖᚾᛁᛏᚪᛚᛡ,480
diplomas,3026271,1,ᛞᛁᛈᛚᚩᛗᚪᛋ,464
excelled,3022497,1,ᛖᛉᚳᛖᛚᛚᛖᛞ,496
mirrored,3021250,1,ᛗᛁᚱᚱᚩᚱᛖᛞ,298
encamped,3016981,1,ᛖᚾᚳᚪᛗᛈᛖᛞ,476
globulin,3013881,1,ᚷᛚᚩᛒᚢᛚᛁᚾ,294
coarsely,3013591,1,ᚳᚩᚪᚱᛋᛖᛚᚣ,424
culinary,3012155,1,ᚳᚢᛚᛁᚾᚪᚱᚣ,360
anointed,3010308,1,ᚪᚾᚩᛁᚾᛏᛖᛞ,408
dedicate,3008830,1,ᛞᛖᛞᛁᚳᚪᛏᛖ,512
lithuanian,3007541,1,ᛚᛁᚦᚢᚪᚾᛡᚾ,374
construing,3007229,1,ᚳᚩᚾᛋᛏᚱᚢᛝ,254
mulberry,3003319,1,ᛗᚢᛚᛒᛖᚱᚱᚣ,400
rockford,3002450,1,ᚱᚩᚳᚳᚠᚩᚱᛞ,153
triggering,3001453,1,ᛏᚱᛁᚷᚷᛖᚱᛝ,292
olympics,2998533,1,ᚩᛚᚣᛗᛈᛁᚳᛋ,394
claudius,2997778,1,ᚳᛚᚪᚢᛞᛁᚢᛋ,362
pretense,2989798,1,ᛈᚱᛖᛏᛖᚾᛋᛖ,396
textured,2988354,1,ᛏᛖᛉᛏᚢᚱᛖᛞ,402
antidote,2988226,1,ᚪᚾᛏᛁᛞᚩᛏᛖ,438
midwives,2986303,1,ᛗᛁᛞᚹᛁᚢᛖᛋ,364
adiabatic,2984479,1,ᚪᛞᛡᛒᚪᛏᛁᚳ,554
homemade,2980806,1,ᚻᚩᛗᛖᛗᚪᛞᛖ,492
youngster,2978042,1,ᚣᚩᚢᛝᛋᛏᛖᚱ,382
glistening,2975253,1,ᚷᛚᛁᛋᛏᛖᚾᛝ,408
paranoid,2974938,1,ᛈᚪᚱᚪᚾᚩᛁᛞ,404
thackeray,2972946,1,ᚦᚪᚳᚳᛖᚱᚪᚣ,406
estopped,2971862,1,ᛖᛋᛏᚩᛈᛈᛖᛞ,428
entrants,2970129,1,ᛖᚾᛏᚱᚪᚾᛏᛋ,404
inhabiting,2968129,1,ᛁᚾᚻᚪᛒᛁᛏᛝ,410
happenings,2961877,1,ᚻᚪᛈᛈᛖᚾᛝᛋ,434
forenoon,2961804,1,ᚠᚩᚱᛖᚾᚩᚩᚾ,159
overruling,2950691,1,ᚩᚢᛖᚱᚱᚢᛚᛝ,254
adhesions,2949819,1,ᚪᛞᚻᛖᛋᛡᚾᛋ,518
nurtured,2946572,1,ᚾᚢᚱᛏᚢᚱᛖᛞ,272
motility,2944060,1,ᛗᚩᛏᛁᛚᛁᛏᚣ,434
reverted,2942719,1,ᚱᛖᚢᛖᚱᛏᛖᛞ,374
buoyancy,2942529,1,ᛒᚢᚩᚣᚪᚾᚳᚣ,416
rayleigh,2942375,1,ᚱᚪᚣᛚᛖᛁᚷᚻ,422
abortive,2941179,1,ᚪᛒᚩᚱᛏᛁᚢᛖ,336
donnelly,2941166,1,ᛞᚩᚾᚾᛖᛚᛚᚣ,470
newcomer,2939839,1,ᚾᛖᚹᚳᚩᛗᛖᚱ,284
reindeer,2936248,1,ᚱᛖᛁᚾᛞᛖᛖᚱ,372
closures,2935967,1,ᚳᛚᚩᛋᚢᚱᛖᛋ,280
schuyler,2934969,1,ᛋᚳᚻᚢᚣᛚᛖᚱ,346
pyridine,2933579,1,ᛈᚣᚱᛁᛞᛁᚾᛖ,404
appoints,2933289,1,ᚪᛈᛈᚩᛁᚾᛏᛋ,362
lymphoid,2932506,1,ᛚᚣᛗᛈᚻᚩᛁᛞ,440
equalled,2929933,1,ᛖᚳᚹᚪᛚᛚᛖᛞ,498
esoteric,2929213,1,ᛖᛋᚩᛏᛖᚱᛁᚳ,308
disbursing,2924076,1,ᛞᛁᛋᛒᚢᚱᛋᛝ,380
consumes,2923549,1,ᚳᚩᚾᛋᚢᛗᛖᛋ,296
euclidean,2920833,1,ᛖᚢᚳᛚᛁᛞᛠᚾ,414
miseries,2913952,1,ᛗᛁᛋᛖᚱᛁᛖᛋ,384
astounding,2912329,1,ᚪᛋᛏᚩᚢᚾᛞᛝ,416
outgrowth,2911641,1,ᚩᚢᛏᚷᚱᚩᚹᚦ,128
compress,2911251,1,ᚳᚩᛗᛈᚱᛖᛋᛋ,318
patentee,2910941,1,ᛈᚪᛏᛖᚾᛏᛖᛖ,488
perfecting,2910777,1,ᛈᛖᚱᚠᛖᚳᛏᛝ,341
pardoned,2909118,1,ᛈᚪᚱᛞᚩᚾᛖᛞ,432
feverish,2908612,1,ᚠᛖᚢᛖᚱᛁᛋᚻ,257
booklets,2908398,1,ᛒᚩᚩᚳᛚᛖᛏᛋ,340
outdated,2908355,1,ᚩᚢᛏᛞᚪᛏᛖᛞ,470
sweetest,2908224,1,ᛋᚹᛖᛖᛏᛖᛋᛏ,444
diastolic,2903100,1,ᛞᛡᛋᛏᚩᛚᛁᚳ,432
modifies,2901847,1,ᛗᚩᛞᛁᚠᛁᛖᛋ,351
overture,2896538,1,ᚩᚢᛖᚱᛏᚢᚱᛖ,228
epilogue,2894444,1,ᛖᛈᛁᛚᚩᚷᚢᛖ,308
kilogram,2894286,1,ᚳᛁᛚᚩᚷᚱᚪᛗ,320
saucepan,2894108,1,ᛋᚪᚢᚳᛖᛈᚪᚾ,402
commuter,2893510,1,ᚳᚩᛗᛗᚢᛏᛖᚱ,302
machined,2892550,1,ᛗᚪᚳᚻᛁᚾᛖᛞ,420
anatomic,2890982,1,ᚪᚾᚪᛏᚩᛗᛁᚳ,404
signaled,2890583,1,ᛋᛁᚷᚾᚪᛚᛖᛞ,456
hundredth,2888824,1,ᚻᚢᚾᛞᚱᛖᛞᚦ,316
freedman,2885656,1,ᚠᚱᛖᛖᛞᛗᚪᚾ,433
selector,2884027,1,ᛋᛖᛚᛖᚳᛏᚩᚱ,350
adoptive,2883930,1,ᚪᛞᚩᛈᛏᛁᚢᛖ,396
predation,2883222,1,ᛈᚱᛖᛞᚪᛏᛡᚾ,502
suffices,2879047,1,ᛋᚢᚠᚠᛁᚳᛖᛋ,224
bradshaw,2878877,0,ᛒᚱᚪᛞᛋᚻᚪᚹ,450
monotony,2877911,1,ᛗᚩᚾᚩᛏᚩᚾᚣ,312
benefiting,2876252,1,ᛒᛖᚾᛖᚠᛁᛏᛝ,395
rochelle,2876156,1,ᚱᚩᚳᚻᛖᛚᛚᛖ,334
waitress,2873044,1,ᚹᚪᛁᛏᚱᛖᛋᛋ,390
prefixed,2872514,1,ᛈᚱᛖᚠᛁᛉᛖᛞ,357
imagines,2872041,1,ᛁᛗᚪᚷᛁᚾᛖᛋ,396
pointers,2870359,1,ᛈᚩᛁᚾᛏᛖᚱᛋ,300
dictation,2868264,1,ᛞᛁᚳᛏᚪᛏᛡᚾ,484
clutches,2867766,1,ᚳᛚᚢᛏᚳᚻᛖᛋ,304
emulsions,2866513,1,ᛖᛗᚢᛚᛋᛡᚾᛋ,456
tenacity,2866118,1,ᛏᛖᚾᚪᚳᛁᛏᚣ,458
frontage,2861847,1,ᚠᚱᚩᚾᛏᚪᚷᛖ,289
masterly,2861414,1,ᛗᚪᛋᛏᛖᚱᛚᚣ,534
associating,2860698,1,ᚪᛋᛋᚩᚳᛡᛏᛝ,468
seduction,2860407,1,ᛋᛖᛞᚢᚳᛏᛡᚾ,420
coolness,2860391,1,ᚳᚩᚩᛚᚾᛖᛋᛋ,302
caucasian,2859334,1,ᚳᚪᚢᚳᚪᛋᛡᚾ,412
consents,2857835,1,ᚳᚩᚾᛋᛖᚾᛏᛋ,310
laundering,2857511,1,ᛚᚪᚢᚾᛞᛖᚱᛝ,448
aneurysm,2854704,1,ᚪᚾᛖᚢᚱᚣᛋᛗ,434
thermally,2853925,1,ᚦᛖᚱᛗᚪᛚᛚᚣ,500
impotent,2850712,1,ᛁᛗᛈᚩᛏᛖᚾᛏ,366
hypnotic,2849026,1,ᚻᚣᛈᚾᚩᛏᛁᚳ,308
linearity,2847240,1,ᛚᛁᚾᛠᚱᛁᛏᚣ,446
overcame,2847110,1,ᚩᚢᛖᚱᚳᚪᛗᛖ,336
ruptured,2846161,1,ᚱᚢᛈᛏᚢᚱᛖᛞ,286
denounce,2840163,1,ᛞᛖᚾᚩᚢᚾᚳᛖ,304
absentee,2834726,1,ᚪᛒᛋᛖᚾᛏᛖᛖ,500
recessed,2833203,1,ᚱᛖᚳᛖᛋᛋᛖᛞ,420
idiopathic,2830375,1,ᛁᛞᛡᛈᚪᚦᛁᚳ,416
bequests,2827499,1,ᛒᛖᚳᚹᛖᛋᛏᛋ,392
strolled,2822008,1,ᛋᛏᚱᚩᛚᛚᛖᛞ,432
misgivings,2819303,1,ᛗᛁᛋᚷᛁᚢᛝᛋ,338
levelled,2814176,1,ᛚᛖᚢᛖᛚᛚᛖᛞ,512
emulation,2813996,1,ᛖᛗᚢᛚᚪᛏᛡᚾ,506
woodruff,2812893,1,ᚹᚩᚩᛞᚱᚢᚠᚠ,140
phenolic,2812859,1,ᛈᚻᛖᚾᚩᛚᛁᚳ,286
bessemer,2812282,1,ᛒᛖᛋᛋᛖᛗᛖᚱ,450
sufferer,2811899,1,ᛋᚢᚠᚠᛖᚱᛖᚱ,216
confucian,2809086,1,ᚳᚩᚾᚠᚢᚳᛡᚾ,203
plumbers,2808691,1,ᛈᛚᚢᛗᛒᛖᚱᛋ,382
tompkins,2808139,1,ᛏᚩᛗᛈᚳᛁᚾᛋ,306
breeches,2807599,1,ᛒᚱᛖᛖᚳᚻᛖᛋ,362
hesitant,2807189,1,ᚻᛖᛋᛁᛏᚪᚾᛏ,418
ballroom,2803595,1,ᛒᚪᛚᛚᚱᚩᚩᛗ,400
espoused,2803200,1,ᛖᛋᛈᚩᚢᛋᛖᛞ,382
granitic,2800570,1,ᚷᚱᚪᚾᛁᛏᛁᚳ,288
liberating,2799239,1,ᛚᛁᛒᛖᚱᚪᛏᛝ,478
borehole,2798831,1,ᛒᚩᚱᛖᚻᚩᛚᛖ,316
pectoral,2797444,1,ᛈᛖᚳᛏᚩᚱᚪᛚ,370
begotten,2795683,1,ᛒᛖᚷᚩᛏᛏᛖᚾ,366
cowardly,2795307,1,ᚳᚩᚹᚪᚱᛞᛚᚣ,412
homeward,2794247,1,ᚻᚩᛗᛖᚹᚪᚱᛞ,384
actuator,2793513,1,ᚪᚳᛏᚢᚪᛏᚩᚱ,346
austrians,2793387,1,ᚪᚢᛋᛏᚱᛡᚾᛋ,412
duodenum,2791557,1,ᛞᚢᚩᛞᛖᚾᚢᛗ,358
gravelly,2788319,1,ᚷᚱᚪᚢᛖᛚᛚᚣ,444
videotape,2787098,1,ᚢᛁᛞᛇᛏᚪᛈᛖ,430
souvenir,2787040,1,ᛋᚩᚢᚢᛖᚾᛁᚱ,204
mandarin,2786600,1,ᛗᚪᚾᛞᚪᚱᛁᚾ,454
microbes,2786477,1,ᛗᛁᚳᚱᚩᛒᛖᛋ,314
atchison,2784232,1,ᚪᛏᚳᚻᛁᛋᚩᚾ,312
chadwick,2784044,1,ᚳᚻᚪᛞᚹᛁᚳᚳ,298
payrolls,2781704,1,ᛈᚪᚣᚱᚩᛚᛚᛋ,460
trumbull,2780809,1,ᛏᚱᚢᛗᛒᚢᛚᛚ,354
toulouse,2779840,1,ᛏᚩᚢᛚᚩᚢᛋᛖ,272
coldness,2778816,1,ᚳᚩᛚᛞᚾᛖᛋᛋ,384
intruder,2778705,1,ᛁᚾᛏᚱᚢᛞᛖᚱ,300
corporeal,2777919,1,ᚳᚩᚱᛈᚩᚱᛠᛚ,274
caledonia,2776053,1,ᚳᚪᛚᛖᛞᚩᚾᛡ,482
newtonian,2774806,1,ᚾᛖᚹᛏᚩᚾᛡᚾ,346
pioneered,2772979,1,ᛈᛡᚾᛖᛖᚱᛖᛞ,480
upgraded,2771039,1,ᚢᛈᚷᚱᚪᛞᛖᛞ,416
messianic,2767511,1,ᛗᛖᛋᛋᛡᚾᛁᚳ,424
ascorbic,2765599,1,ᚪᛋᚳᚩᚱᛒᛁᚳ,286
biologist,2765469,1,ᛒᛡᛚᚩᚷᛁᛋᛏ,408
formatting,2765031,1,ᚠᚩᚱᛗᚪᛏᛏᛝ,385
flagrant,2764923,1,ᚠᛚᚪᚷᚱᚪᚾᛏ,385
whosoever,2764772,1,ᚹᚻᚩᛋᛟᚢᛖᚱ,266
neglects,2761243,1,ᚾᛖᚷᛚᛖᚳᛏᛋ,378
accretion,2753944,1,ᚪᚳᚳᚱᛖᛏᛡᚾ,396
afferent,2752275,1,ᚪᚠᚠᛖᚱᛖᚾᛏ,334
annulled,2750548,1,ᚪᚾᚾᚢᛚᛚᛖᛞ,460
wrinkles,2749025,1,ᚹᚱᛁᚾᚳᛚᛖᛋ,296
botanist,2748749,1,ᛒᚩᛏᚪᚾᛁᛋᛏ,396
sensuous,2746376,1,ᛋᛖᚾᛋᚢᚩᚢᛋ,268
irishman,2744591,1,ᛁᚱᛁᛋᚻᛗᚪᚾ,346
mistrust,2740772,1,ᛗᛁᛋᛏᚱᚢᛋᛏ,340
limerick,2739998,1,ᛚᛁᛗᛖᚱᛁᚳᚳ,310
portrays,2739657,1,ᛈᚩᚱᛏᚱᚪᚣᛋ,384
condemns,2738312,1,ᚳᚩᚾᛞᛖᛗᚾᛋ,358
earmarked,2737804,1,ᛠᚱᛗᚪᚱᚳᛖᛞ,468
repulsed,2735856,1,ᚱᛖᛈᚢᛚᛋᛖᛞ,406
subclass,2734819,1,ᛋᚢᛒᚳᛚᚪᛋᛋ,406
credence,2734296,1,ᚳᚱᛖᛞᛖᚾᚳᛖ,356
regulars,2731792,1,ᚱᛖᚷᚢᛚᚪᚱᛋ,332
cavalier,2731121,1,ᚳᚪᚢᚪᛚᛁᛖᚱ,392
stricter,2730584,1,ᛋᛏᚱᛁᚳᛏᛖᚱ,304
leighton,2730224,1,ᛚᛖᛁᚷᚻᛏᚩᚾ,306
semitism,2729154,1,ᛋᛖᛗᛁᛏᛁᛋᛗ,436
fuselage,2727238,1,ᚠᚢᛋᛖᛚᚪᚷᛖ,379
guernsey,2727193,1,ᚷᚢᛖᚱᚾᛋᛖᚣ,350
migraine,2727155,1,ᛗᛁᚷᚱᚪᛁᚾᛖ,354
premiere,2724464,1,ᛈᚱᛖᛗᛁᛖᚱᛖ,368
mismatch,2724358,1,ᛗᛁᛋᛗᚪᛏᚳᚻ,418
laudable,2723047,1,ᛚᚪᚢᛞᚪᛒᛚᛖ,560
discerning,2722782,1,ᛞᛁᛋᚳᛖᚱᚾᛝ,372
cascades,2720947,1,ᚳᚪᛋᚳᚪᛞᛖᛋ,482
sedgwick,2719246,1,ᛋᛖᛞᚷᚹᛁᚳᚳ,302
assassin,2717380,1,ᚪᛋᛋᚪᛋᛋᛁᚾ,466
deponent,2716834,1,ᛞᛖᛈᚩᚾᛖᚾᛏ,390
workbook,2710938,1,ᚹᚩᚱᚳᛒᚩᚩᚳ,138
teaspoons,2709426,1,ᛏᛠᛋᛈᚩᚩᚾᛋ,360
waterman,2707692,1,ᚹᚪᛏᛖᚱᛗᚪᚾ,450
ignatius,2706921,1,ᛁᚷᚾᚪᛏᛁᚢᛋ,320
absorber,2702484,1,ᚪᛒᛋᚩᚱᛒᛖᚱ,368
populist,2700784,1,ᛈᚩᛈᚢᛚᛁᛋᛏ,312
mesozoic,2696710,1,ᛗᛖᛋᚩᛋᚩᛁᚳ,302
newsweek,2696460,1,ᚾᛖᚹᛋᚹᛖᛖᚳ,334
woodwork,2694027,1,ᚹᚩᚩᛞᚹᚩᚱᚳ,172
armenians,2693589,1,ᚪᚱᛗᛖᚾᛡᚾᛋ,464
fluttering,2693489,1,ᚠᛚᚢᛏᛏᛖᚱᛝ,353
penelope,2693401,1,ᛈᛖᚾᛖᛚᚩᛈᛖ,396
tortoise,2692975,1,ᛏᚩᚱᛏᚩᛁᛋᛖ,294
retainer,2692479,1,ᚱᛖᛏᚪᛁᚾᛖᚱ,372
compliant,2691050,1,ᚳᚩᛗᛈᛚᛡᚾᛏ,402
algebras,2690912,1,ᚪᛚᚷᛖᛒᚱᚪᛋ,476
perplexing,2690330,1,ᛈᛖᚱᛈᛚᛖᛉᛝ,430
siliceous,2689403,1,ᛋᛁᛚᛁᚳᛇᚢᛋ,298
logarithm,2689349,1,ᛚᚩᚷᚪᚱᛁᚦᛗ,312
retirees,2688795,1,ᚱᛖᛏᛁᚱᛖᛖᛋ,366
scramble,2688488,1,ᛋᚳᚱᚪᛗᛒᛚᛖ,446
horseshoe,2687094,1,ᚻᚩᚱᛋᛖᛋᚻᛟ,320
rebuttal,2683717,1,ᚱᛖᛒᚢᛏᛏᚪᛚ,430
cortisol,2680921,1,ᚳᚩᚱᛏᛁᛋᚩᛚ,254
chlorite,2680888,1,ᚳᚻᛚᚩᚱᛁᛏᛖ,284
inspires,2679364,1,ᛁᚾᛋᛈᛁᚱᛖᛋ,318
sixpence,2677813,1,ᛋᛁᛉᛈᛖᚾᚳᛖ,350
distilling,2672132,1,ᛞᛁᛋᛏᛁᛚᛚᛝ,488
bathrooms,2670676,1,ᛒᚪᚦᚱᚩᚩᛗᛋ,312
fatality,2670444,1,ᚠᚪᛏᚪᛚᛁᛏᚣ,521
veronica,2670173,1,ᚢᛖᚱᚩᚾᛁᚳᚪ,258
overhanging,2664677,1,ᚩᚢᛖᚱᚻᚪᛝᛝ,366
hammered,2661966,1,ᚻᚪᛗᛗᛖᚱᛖᛞ,496
marshals,2661774,1,ᛗᚪᚱᛋᚻᚪᛚᛋ,478
woodbury,2661284,1,ᚹᚩᚩᛞᛒᚢᚱᚣ,300
whittier,2660055,1,ᚹᚻᛁᛏᛏᛁᛖᚱ,300
crackers,2659475,1,ᚳᚱᚪᚳᚳᛖᚱᛋ,278
hellenic,2659044,1,ᚻᛖᛚᛚᛖᚾᛁᚳ,376
repulsion,2658875,1,ᚱᛖᛈᚢᛚᛋᛡᚾ,386
cadillac,2658439,1,ᚳᚪᛞᛁᛚᛚᚪᚳ,486
lanterns,2658279,1,ᛚᚪᚾᛏᛖᚱᚾᛋ,418
armoured,2656580,1,ᚪᚱᛗᚩᚢᚱᛖᛞ,356
sagacity,2656350,1,ᛋᚪᚷᚪᚳᛁᛏᚣ,470
sapphire,2655914,1,ᛋᚪᛈᛈᚻᛁᚱᛖ,368
flickering,2655003,1,ᚠᛚᛁᚳᚳᛖᚱᛝ,289
timeless,2654989,1,ᛏᛁᛗᛖᛚᛖᛋᛋ,474
asterisk,2653269,1,ᚪᛋᛏᛖᚱᛁᛋᚳ,384
aquifers,2652206,1,ᚪᚳᚹᛁᚠᛖᚱᛋ,293
percival,2649720,1,ᛈᛖᚱᚳᛁᚢᚪᛚ,338
competed,2649094,1,ᚳᚩᛗᛈᛖᛏᛖᛞ,416
airfield,2649067,1,ᚪᛁᚱᚠᛁᛖᛚᛞ,401
zanzibar,2644823,1,ᛋᚪᚾᛋᛁᛒᚪᚱ,432
neurosis,2642300,0,ᚾᛖᚢᚱᚩᛋᛁᛋ,254
devotees,2639487,1,ᛞᛖᚢᚩᛏᛖᛖᛋ,412
veracity,2638715,1,ᚢᛖᚱᚪᚳᛁᛏᚣ,384
luxuriant,2637302,1,ᛚᚢᛉᚢᚱᛡᚾᛏ,332
ebenezer,2631299,1,ᛖᛒᛖᚾᛖᛋᛖᚱ,422
mackerel,2629467,1,ᛗᚪᚳᚳᛖᚱᛖᛚ,412
defaults,2628760,1,ᛞᛖᚠᚪᚢᛚᛏᛋ,443
poignant,2625232,1,ᛈᚩᛁᚷᚾᚪᚾᛏ,312
hallmark,2623985,1,ᚻᚪᛚᛚᛗᚪᚱᚳ,458
contesting,2618838,1,ᚳᚩᚾᛏᛖᛋᛏᛝ,366
yokohama,2617671,1,ᚣᚩᚳᚩᚻᚪᛗᚪ,418
dietrich,2617216,1,ᛞᛁᛖᛏᚱᛁᚳᚻ,324
geriatric,2616937,1,ᚷᛖᚱᛡᛏᚱᛁᚳ,316
extruded,2616444,1,ᛖᛉᛏᚱᚢᛞᛖᛞ,432
ecstatic,2609632,1,ᛖᚳᛋᛏᚪᛏᛁᚳ,392
decorate,2609334,1,ᛞᛖᚳᚩᚱᚪᛏᛖ,410
devolved,2607833,1,ᛞᛖᚢᚩᛚᚢᛖᛞ,398
druggist,2604581,1,ᛞᚱᚢᚷᚷᛁᛋᛏ,280
deported,2604322,1,ᛞᛖᛈᚩᚱᛏᛖᛞ,432
crumpled,2604144,1,ᚳᚱᚢᛗᛈᛚᛖᛞ,370
materiel,2602044,1,ᛗᚪᛏᛖᚱᛁᛖᛚ,476
embolism,2601050,1,ᛖᛗᛒᚩᛚᛁᛋᛗ,434
revolves,2598542,1,ᚱᛖᚢᚩᛚᚢᛖᛋ,284
stomachs,2597168,1,ᛋᛏᚩᛗᚪᚳᚻᛋ,376
trampled,2591308,1,ᛏᚱᚪᛗᛈᛚᛖᛞ,510
exegesis,2586924,1,ᛖᛉᛖᚷᛖᛋᛁᛋ,402
pristine,2585711,1,ᛈᚱᛁᛋᛏᛁᚾᛖ,324
pondered,2584741,1,ᛈᚩᚾᛞᛖᚱᛖᛞ,402
reappeared,2583999,1,ᚱᛠᛈᛈᛠᚱᛖᛞ,482
navigating,2581439,1,ᚾᚪᚢᛁᚷᚪᛏᛝ,412
robotics,2579845,1,ᚱᚩᛒᚩᛏᛁᚳᛋ,242
strapped,2576856,1,ᛋᛏᚱᚪᛈᛈᛖᛞ,462
confound,2576521,1,ᚳᚩᚾᚠᚩᚢᚾᛞ,179
serviced,2576244,1,ᛋᛖᚱᚢᛁᚳᛖᛞ,334
armchair,2574397,1,ᚪᚱᛗᚳᚻᚪᛁᚱ,354
schumann,2574147,1,ᛋᚳᚻᚢᛗᚪᚾᚾ,318
scruples,2573801,1,ᛋᚳᚱᚢᛈᛚᛖᛋ,316
callahan,2572917,1,ᚳᚪᛚᛚᚪᚻᚪᚾ,502
appalled,2568202,1,ᚪᛈᛈᚪᛚᛚᛖᛞ,582
ovulation,2563539,1,ᚩᚢᚢᛚᚪᛏᛡᚾ,378
solidity,2563224,1,ᛋᚩᛚᛁᛞᛁᛏᚣ,446
solenoid,2559788,1,ᛋᚩᛚᛖᚾᚩᛁᛞ,356
deterred,2555359,1,ᛞᛖᛏᛖᚱᚱᛖᛞ,460
emigrant,2554358,1,ᛖᛗᛁᚷᚱᚪᚾᛏ,382
lengthwise,2550663,1,ᛚᛖᛝᚦᚹᛁᛋᛖ,394
optimizing,2550022,1,ᚩᛈᛏᛁᛗᛁᛋᛝ,374
surpassing,2549106,1,ᛋᚢᚱᛈᚪᛋᛋᛝ,392
delineate,2546609,1,ᛞᛖᛚᛁᚾᛠᛏᛖ,524
purplish,2546402,1,ᛈᚢᚱᛈᛚᛁᛋᚻ,280
nameless,2542180,1,ᚾᚪᛗᛖᛚᛖᛋᛋ,510
littoral,2539882,1,ᛚᛁᛏᛏᚩᚱᚪᛚ,410
wherewith,2539436,1,ᚹᚻᛖᚱᛖᚹᛁᚦ,242
piecemeal,2539322,1,ᛈᛁᛖᚳᛖᛗᛠᛚ,474
barrington,2537469,1,ᛒᚪᚱᚱᛝᛏᚩᚾ,354
funerals,2535969,1,ᚠᚢᚾᛖᚱᚪᛚᛋ,335
firsthand,2534931,1,ᚠᛁᚱᛋᚦᚪᚾᛞ,317
abutment,2534416,1,ᚪᛒᚢᛏᛗᛖᚾᛏ,446
deferral,2533386,1,ᛞᛖᚠᛖᚱᚱᚪᛚ,417
knuckles,2530696,1,ᚳᚾᚢᚳᚳᛚᛖᛋ,264
downhill,2529061,1,ᛞᚩᚹᚾᚻᛁᛚᛚ,344
airspace,2528594,1,ᚪᛁᚱᛋᛈᚪᚳᛖ,412
profited,2527329,1,ᛈᚱᚩᚠᛁᛏᛖᛞ,309
imbedded,2526063,1,ᛁᛗᛒᛖᛞᛞᛖᛞ,564
wanderings,2525829,1,ᚹᚪᚾᛞᛖᚱᛝᛋ,444
homology,2525237,0,ᚻᚩᛗᚩᛚᚩᚷᚣ,308
culverts,2524173,1,ᚳᚢᛚᚢᛖᚱᛏᛋ,282
columnar,2522463,1,ᚳᚩᛚᚢᛗᚾᚪᚱ,304
insolent,2522063,1,ᛁᚾᛋᚩᛚᛖᚾᛏ,348
dolphins,2522010,1,ᛞᚩᛚᛈᚻᛁᚾᛋ,348
retraining,2520714,1,ᚱᛖᛏᚱᚪᛁᚾᛝ,384
synoptic,2519940,1,ᛋᚣᚾᚩᛈᛏᛁᚳ,338
positron,2519392,1,ᛈᚩᛋᛁᛏᚱᚩᚾ,240
duodenal,2519231,1,ᛞᚢᚩᛞᛖᚾᚪᛚ,454
swallows,2517196,1,ᛋᚹᚪᛚᛚᚩᚹᛋ,394
redesign,2516522,1,ᚱᛖᛞᛖᛋᛁᚷᚾ,364
notations,2516009,1,ᚾᚩᛏᚪᛏᛡᚾᛋ,440
methionine,2515315,1,ᛗᛖᚦᛡᚾᛁᚾᛖ,406
cynicism,2513648,1,ᚳᚣᚾᛁᚳᛁᛋᛗ,344
butchers,2511890,1,ᛒᚢᛏᚳᚻᛖᚱᛋ,290
nematode,2507464,1,ᚾᛖᛗᚪᛏᚩᛞᛖ,486
radiations,2507086,1,ᚱᚪᛞᛡᛏᛡᚾᛋ,552
lectured,2506613,1,ᛚᛖᚳᛏᚢᚱᛖᛞ,382
repelled,2506309,1,ᚱᛖᛈᛖᛚᛚᛖᛞ,490
bargains,2505876,1,ᛒᚪᚱᚷᚪᛁᚾᛋ,396
chippewa,2504225,1,ᚳᚻᛁᛈᛈᛖᚹᚪ,336
windward,2503604,1,ᚹᛁᚾᛞᚹᚪᚱᛞ,384
divinely,2502471,1,ᛞᛁᚢᛁᚾᛖᛚᚣ,426
roderick,2502268,1,ᚱᚩᛞᛖᚱᛁᚳᚳ,242
subtlety,2501554,1,ᛋᚢᛒᛏᛚᛖᛏᚣ,478
infernal,2500606,1,ᛁᚾᚠᛖᚱᚾᚪᛚ,339
biennium,2497416,1,ᛒᛁᛖᚾᚾᛁᚢᛗ,322
designee,2489656,1,ᛞᛖᛋᛁᚷᚾᛖᛖ,420
gladness,2488014,1,ᚷᛚᚪᛞᚾᛖᛋᛋ,478
hartmann,2487857,1,ᚻᚪᚱᛏᛗᚪᚾᚾ,416
whiskers,2486458,1,ᚹᚻᛁᛋᚳᛖᚱᛋ,270
trophies,2485704,1,ᛏᚱᚩᛈᚻᛁᛖᛋ,294
teutonic,2482579,1,ᛏᛖᚢᛏᚩᚾᛁᚳ,268
professing,2479411,1,ᛈᚱᚩᚠᛖᛋᛋᛝ,315
overtake,2478924,1,ᚩᚢᛖᚱᛏᚪᚳᛖ,324
grossman,2478779,1,ᚷᚱᚩᛋᛋᛗᚪᚾ,338
atropine,2478519,1,ᚪᛏᚱᚩᛈᛁᚾᛖ,344
vertebra,2477100,1,ᚢᛖᚱᛏᛖᛒᚱᚪ,376
cropland,2476942,1,ᚳᚱᚩᛈᛚᚪᚾᛞ,362
serpents,2476745,1,ᛋᛖᚱᛈᛖᚾᛏᛋ,382
civility,2476622,1,ᚳᛁᚢᛁᛚᛁᛏᚣ,344
meditate,2472490,1,ᛗᛖᛞᛁᛏᚪᛏᛖ,540
foretold,2471283,1,ᚠᚩᚱᛖᛏᚩᛚᛞ,315
cleverly,2470862,1,ᚳᛚᛖᚢᛖᚱᛚᚣ,410
odysseus,2469386,1,ᚩᛞᚣᛋᛋᛖᚢᛋ,428
unmarked,2467198,1,ᚢᚾᛗᚪᚱᚳᛖᛞ,380
heartfelt,2467010,1,ᚻᛠᚱᛏᚠᛖᛚᛏ,403
despotic,2463783,1,ᛞᛖᛋᛈᚩᛏᛁᚳ,362
relieves,2460377,1,ᚱᛖᛚᛁᛖᚢᛖᛋ,372
shredded,2459444,1,ᛋᚻᚱᛖᛞᛞᛖᛞ,488
israelite,2457671,1,ᛁᛋᚱᚫᛚᛁᛏᛖ,426
arbitral,2451668,1,ᚪᚱᛒᛁᛏᚱᚪᛚ,440
vehement,2450913,1,ᚢᛖᚻᛖᛗᛖᚾᛏ,386
farmington,2449502,1,ᚠᚪᚱᛗᛝᛏᚩᚾ,355
entitles,2448099,1,ᛖᚾᛏᛁᛏᛚᛖᛋ,438
scandals,2446956,1,ᛋᚳᚪᚾᛞᚪᛚᛋ,504
cloister,2446915,1,ᚳᛚᚩᛁᛋᛏᛖᚱ,314
refiners,2444793,1,ᚱᛖᚠᛁᚾᛖᚱᛋ,271
extortion,2443374,1,ᛖᛉᛏᚩᚱᛏᛡᚾ,386
absences,2442074,1,ᚪᛒᛋᛖᚾᚳᛖᛋ,440
aldehyde,2441704,1,ᚪᛚᛞᛖᚻᚣᛞᛖ,608
pendency,2435876,1,ᛈᛖᚾᛞᛖᚾᚳᚣ,440
brougham,2428318,1,ᛒᚱᚩᚢᚷᚻᚪᛗ,290
postcard,2428065,1,ᛈᚩᛋᛏᚳᚪᚱᛞ,372
sessional,2427628,1,ᛋᛖᛋᛋᛡᚾᚪᛚ,532
dragoons,2427285,1,ᛞᚱᚪᚷᚩᚩᚾᛋ,310
prelates,2424582,1,ᛈᚱᛖᛚᚪᛏᛖᛋ,470
shattering,2422880,1,ᛋᚻᚪᛏᛏᛖᚱᛝ,448
magdalen,2419297,1,ᛗᚪᚷᛞᚪᛚᛖᚾ,540
lausanne,2419227,1,ᛚᚪᚢᛋᚪᚾᚾᛖ,448
follicle,2417704,1,ᚠᚩᛚᛚᛁᚳᛚᛖ,339
covalent,2416407,1,ᚳᚩᚢᚪᛚᛖᚾᛏ,348
relocate,2416342,1,ᚱᛖᛚᚩᚳᚪᛏᛖ,394
audacity,2412230,1,ᚪᚢᛞᚪᚳᛁᛏᚣ,492
freeport,2407559,1,ᚠᚱᛖᛖᛈᚩᚱᛏ,267
crusades,2406897,1,ᚳᚱᚢᛋᚪᛞᛖᛋ,386
charlton,2405489,1,ᚳᚻᚪᚱᛚᛏᚩᚾ,312
moroccan,2405310,1,ᛗᚩᚱᚩᚳᚳᚪᚾ,248
mohammad,2401283,1,ᛗᚩᚻᚪᛗᛗᚪᛞ,526
barefoot,2398836,1,ᛒᚪᚱᛖᚠᚩᚩᛏ,311
ploughed,2398664,1,ᛈᛚᚩᚢᚷᚻᛖᛞ,322
manoeuvre,2395477,1,ᛗᚪᚾᛟᚢᚢᚱᛖ,364
harriman,2394847,1,ᚻᚪᚱᚱᛁᛗᚪᚾ,370
appraise,2394610,1,ᚪᛈᛈᚱᚪᛁᛋᛖ,442
artifice,2393356,1,ᚪᚱᛏᛁᚠᛁᚳᛖ,311
inflicting,2391115,1,ᛁᚾᚠᛚᛁᚳᛏᛝ,317
executes,2389787,1,ᛖᛉᛖᚳᚢᛏᛖᛋ,376
sleepers,2389697,1,ᛋᛚᛖᛖᛈᛖᚱᛋ,434
excavating,2388378,1,ᛖᛉᚳᚪᚢᚪᛏᛝ,462
injector,2388327,1,ᛁᚾᛂᛖᚳᛏᚩᚱ,254
attacker,2378800,1,ᚪᛏᛏᚪᚳᚳᛖᚱ,416
cannabis,2378251,1,ᚳᚪᚾᚾᚪᛒᛁᛋ,410
alluvium,2376668,1,ᚪᛚᛚᚢᚢᛁᚢᛗ,354
wrappers,2376090,1,ᚹᚱᚪᛈᛈᛖᚱᛋ,344
bandages,2374097,1,ᛒᚪᚾᛞᚪᚷᛖᛋ,510
causeway,2373452,1,ᚳᚪᚢᛋᛖᚹᚪᚣ,452
primeval,2372181,1,ᛈᚱᛁᛗᛖᚢᚪᛚ,396
minimise,2371899,1,ᛗᛁᚾᛁᛗᛁᛋᛖ,384
justinian,2369958,1,ᛂᚢᛋᛏᛁᚾᛡᚾ,348
nothingness,2368870,1,ᚾᚩᚦᛝᚾᛖᛋᛋ,322
collapsing,2368355,1,ᚳᚩᛚᛚᚪᛈᛋᛝ,438
agronomy,2367971,1,ᚪᚷᚱᚩᚾᚩᛗᚣ,342
sintered,2364469,1,ᛋᛁᚾᛏᛖᚱᛖᛞ,406
subsisting,2363679,1,ᛋᚢᛒᛋᛁᛋᛏᛝ,392
timeline,2359836,1,ᛏᛁᛗᛖᛚᛁᚾᛖ,428
outrages,2359363,1,ᚩᚢᛏᚱᚪᚷᛖᛋ,314
ladyship,2359058,1,ᛚᚪᛞᚣᛋᚻᛁᛈ,512
assesses,2358483,1,ᚪᛋᛋᛖᛋᛋᛖᛋ,496
buttocks,2356804,1,ᛒᚢᛏᛏᚩᚳᚳᛋ,268
tiberius,2355273,1,ᛏᛁᛒᛖᚱᛁᚢᛋ,316
wanderer,2353839,1,ᚹᚪᚾᛞᛖᚱᛖᚱ,390
drenched,2351145,1,ᛞᚱᛖᚾᚳᚻᛖᛞ,388
deplored,2350719,1,ᛞᛖᛈᛚᚩᚱᛖᛞ,446
weinberg,2350561,1,ᚹᛖᛁᚾᛒᛖᚱᚷ,302
unsolved,2347410,1,ᚢᚾᛋᚩᛚᚢᛖᛞ,324
concedes,2344247,1,ᚳᚩᚾᚳᛖᛞᛖᛋ,338
hallowed,2343084,1,ᚻᚪᛚᛚᚩᚹᛖᛞ,448
sergeants,2342109,1,ᛋᛖᚱᚷᛠᚾᛏᛋ,398
amicable,2340136,1,ᚪᛗᛁᚳᚪᛒᛚᛖ,510
congruent,2335217,1,ᚳᚩᛝᚱᚢᛖᚾᛏ,268
analgesia,2334481,1,ᚪᚾᚪᛚᚷᛖᛋᛡ,540
vermilion,2334276,1,ᚢᛖᚱᛗᛁᛚᛡᚾ,392
verdicts,2333384,1,ᚢᛖᚱᛞᛁᚳᛏᛋ,326
permeated,2329769,1,ᛈᛖᚱᛗᛠᛏᛖᛞ,516
pervades,2329066,1,ᛈᛖᚱᚢᚪᛞᛖᛋ,430
consenting,2326463,1,ᚳᚩᚾᛋᛖᚾᛏᛝ,336
pinnacle,2326361,1,ᛈᛁᚾᚾᚪᚳᛚᛖ,382
neutrino,2325855,1,ᚾᛖᚢᛏᚱᛁᚾᚩ,236
hometown,2325639,1,ᚻᚩᛗᛖᛏᚩᚹᚾ,282
flavored,2325568,1,ᚠᛚᚪᚢᚩᚱᛖᛞ,349
ranchers,2324501,1,ᚱᚪᚾᚳᚻᛖᚱᛋ,304
brandeis,2324304,1,ᛒᚱᚪᚾᛞᛖᛁᛋ,438
commoner,2323618,1,ᚳᚩᛗᛗᚩᚾᛖᚱ,276
perfumes,2322879,1,ᛈᛖᚱᚠᚢᛗᛖᛋ,317
britannia,2322057,1,ᛒᚱᛁᛏᚪᚾᚾᛡ,424
crockett,2322033,1,ᚳᚱᚩᚳᚳᛖᛏᛏ,242
undercut,2321337,1,ᚢᚾᛞᛖᚱᚳᚢᛏ,274
authorise,2318897,1,ᚪᚢᚦᚩᚱᛁᛋᛖ,274
sherlock,2315095,1,ᛋᚻᛖᚱᛚᚩᚳᚳ,260
torsional,2312593,1,ᛏᚩᚱᛋᛡᚾᚪᛚ,436
ceaseless,2311846,1,ᚳᛠᛋᛖᛚᛖᛋᛋ,488
sparrows,2311282,1,ᛋᛈᚪᚱᚱᚩᚹᛋ,294
recitals,2310497,1,ᚱᛖᚳᛁᛏᚪᛚᛋ,404
costello,2309483,1,ᚳᚩᛋᛏᛖᛚᛚᚩ,352
unveiled,2309009,1,ᚢᚾᚢᛖᛁᛚᛖᛞ,362
conversing,2308815,1,ᚳᚩᚾᚢᛖᚱᛋᛝ,262
purulent,2308486,1,ᛈᚢᚱᚢᛚᛖᚾᛏ,288
unbelief,2307432,1,ᚢᚾᛒᛖᛚᛁᛖᚠ,333
dextrose,2307092,1,ᛞᛖᛉᛏᚱᚩᛋᛖ,400
freedmen,2306005,1,ᚠᚱᛖᛖᛞᛗᛖᚾ,403
mortuary,2303942,1,ᛗᚩᚱᛏᚢᚪᚱᚣ,362
tenacious,2301843,1,ᛏᛖᚾᚪᚳᛡᚢᛋ,428
recovers,2298536,1,ᚱᛖᚳᚩᚢᛖᚱᛋ,232
sputtering,2294740,1,ᛋᛈᚢᛏᛏᛖᚱᛝ,374
brackish,2293878,1,ᛒᚱᚪᚳᚳᛁᛋᚻ,302
prodigal,2293001,1,ᛈᚱᚩᛞᛁᚷᚪᛚ,368
encircling,2292266,1,ᛖᚾᚳᛁᚱᚳᛚᛝ,316
magnifying,2289979,1,ᛗᚪᚷᚾᛁᚠᚣᛝ,429
antilles,2289764,1,ᚪᚾᛏᛁᛚᛚᛖᛋ,482
granites,2288083,1,ᚷᚱᚪᚾᛁᛏᛖᛋ,364
pinpoint,2287827,1,ᛈᛁᚾᛈᚩᛁᚾᛏ,272
durkheim,2287629,1,ᛞᚢᚱᚳᚻᛖᛁᛗ,308
repudiate,2286118,1,ᚱᛖᛈᚢᛞᛡᛏᛖ,446
fluidity,2285627,1,ᚠᛚᚢᛁᛞᛁᛏᚣ,391
affaires,2280373,1,ᚪᚠᚠᚪᛁᚱᛖᛋ,360
pharyngeal,2279857,1,ᛈᚻᚪᚱᚣᛝᛠᛚ,538
addendum,2276693,1,ᚪᛞᛞᛖᚾᛞᚢᛗ,534
equalize,2275345,1,ᛖᚳᚹᚪᛚᛁᛋᛖ,420
gratuity,2274176,1,ᚷᚱᚪᛏᚢᛁᛏᚣ,380
durations,2265474,1,ᛞᚢᚱᚪᛏᛡᚾᛋ,448
sobriety,2264909,1,ᛋᚩᛒᚱᛁᛖᛏᚣ,392
unspoken,2263131,1,ᚢᚾᛋᛈᚩᚳᛖᚾ,244
enquired,2261875,1,ᛖᚾᚳᚹᛁᚱᛖᛞ,326
midpoint,2259648,1,ᛗᛁᛞᛈᚩᛁᚾᛏ,360
provence,2257464,1,ᛈᚱᚩᚢᛖᚾᚳᛖ,240
slowdown,2255753,1,ᛋᛚᚩᚹᛞᚩᚹᚾ,296
bounties,2255001,1,ᛒᚩᚢᚾᛏᛁᛖᛋ,310
splashed,2254159,1,ᛋᛈᛚᚪᛋᚻᛖᛞ,498
pretends,2253995,1,ᛈᚱᛖᛏᛖᚾᛞᛋ,418
adjuvant,2251193,1,ᚪᛞᛂᚢᚢᚪᚾᛏ,414
horribly,2250843,1,ᚻᚩᚱᚱᛁᛒᛚᚣ,320
focussed,2249399,1,ᚠᚩᚳᚢᛋᛋᛖᛞ,287
tantalum,2248826,1,ᛏᚪᚾᛏᚪᛚᚢᛗ,488
nineties,2247292,1,ᚾᛁᚾᛖᛏᛁᛖᛋ,366
hematite,2243600,1,ᚻᛖᛗᚪᛏᛁᛏᛖ,474
parables,2242387,1,ᛈᚪᚱᚪᛒᛚᛖᛋ,502
tiresome,2242146,1,ᛏᛁᚱᛖᛋᚩᛗᛖ,366
gelatine,2241135,1,ᚷᛖᛚᚪᛏᛁᚾᛖ,440
recounts,2239826,1,ᚱᛖᚳᚩᚢᚾᛏᛋ,242
snowfall,2237647,1,ᛋᚾᚩᚹᚠᚪᛚᛚ,353
restores,2237614,1,ᚱᛖᛋᛏᚩᚱᛖᛋ,328
overdose,2235457,1,ᚩᚢᛖᚱᛞᚩᛋᛖ,304
primrose,2235227,1,ᛈᚱᛁᛗᚱᚩᛋᛖ,294
solvency,2234261,1,ᛋᚩᛚᚢᛖᚾᚳᚣ,348
cytology,2233717,0,ᚳᚣᛏᚩᛚᚩᚷᚣ,382
treasured,2233159,1,ᛏᚱᛠᛋᚢᚱᛖᛞ,402
necrotic,2231702,1,ᚾᛖᚳᚱᚩᛏᛁᚳ,230
operable,2231038,1,ᚩᛈᛖᚱᚪᛒᛚᛖ,426
revolved,2230668,1,ᚱᛖᚢᚩᛚᚢᛖᛞ,320
retrieving,2229420,1,ᚱᛖᛏᚱᛁᛖᚢᛝ,328
carapace,2228352,1,ᚳᚪᚱᚪᛈᚪᚳᛖ,438
galvanic,2227408,1,ᚷᚪᛚᚢᚪᚾᛁᚳ,360
royalist,2225475,1,ᚱᚩᚣᚪᛚᛁᛋᛏ,434
denouncing,2223912,1,ᛞᛖᚾᚩᚢᚾᚳᛝ,316
cambodian,2223252,1,ᚳᚪᛗᛒᚩᛞᛡᚾ,474
fructose,2223080,1,ᚠᚱᚢᚳᛏᚩᛋᛖ,215
reinhold,2222709,1,ᚱᛖᛁᚾᚻᚩᛚᛞ,330
clarinet,2222384,1,ᚳᛚᚪᚱᛁᚾᛖᛏ,380
blockers,2222162,1,ᛒᛚᚩᚳᚳᛖᚱᛋ,298
watchmen,2220969,1,ᚹᚪᛏᚳᚻᛗᛖᚾ,378
despairing,2220522,1,ᛞᛖᛋᛈᚪᛁᚱᛝ,470
sharpening,2218329,1,ᛋᚻᚪᚱᛈᛖᚾᛝ,402
gillette,2217858,1,ᚷᛁᛚᛚᛖᛏᛏᛖ,446
divested,2217298,1,ᛞᛁᚢᛖᛋᛏᛖᛞ,458
doorstep,2215896,1,ᛞᚩᚩᚱᛋᛏᛖᛈ,336
corinthian,2210467,1,ᚳᚩᚱᛁᚾᚦᛡᚾ,232
rossetti,2203414,1,ᚱᚩᛋᛋᛖᛏᛏᛁ,340
ferocity,2203055,1,ᚠᛖᚱᚩᚳᛁᛏᚣ,293
estradiol,2202874,1,ᛖᛋᛏᚱᚪᛞᛡᛚ,556
dismayed,2202110,1,ᛞᛁᛋᛗᚪᚣᛖᛞ,600
rabbinic,2196152,1,ᚱᚪᛒᛒᛁᚾᛁᚳ,334
shrouded,2194313,1,ᛋᚻᚱᚩᚢᛞᛖᛞ,342
shadowed,2193847,1,ᛋᚻᚪᛞᚩᚹᛖᛞ,444
gradation,2193546,1,ᚷᚱᚪᛞᚪᛏᛡᚾ,506
stylized,2192998,1,ᛋᛏᚣᛚᛁᛋᛖᛞ,528
whistled,2192327,1,ᚹᚻᛁᛋᛏᛚᛖᛞ,414
extensor,2190825,1,ᛖᛉᛏᛖᚾᛋᚩᚱ,340
herschel,2188721,1,ᚻᛖᚱᛋᚳᚻᛖᛚ,330
penitent,2187119,1,ᛈᛖᚾᛁᛏᛖᚾᛏ,384
evacuate,2186827,1,ᛖᚢᚪᚳᚢᚪᛏᛖ,406
snapshot,2185884,1,ᛋᚾᚪᛈᛋᚻᚩᛏ,364
roadways,2184142,1,ᚱᚩᚪᛞᚹᚪᚣᛋ,476
eyesight,2182060,1,ᛖᚣᛖᛋᛁᚷᚻᛏ,420
unsigned,2181690,1,ᚢᚾᛋᛁᚷᚾᛖᛞ,318
persisting,2180981,1,ᛈᛖᚱᛋᛁᛋᛏᛝ,396
clemency,2175999,1,ᚳᛚᛖᛗᛖᚾᚳᚣ,436
basilica,2175857,1,ᛒᚪᛋᛁᛚᛁᚳᚪ,456
revolted,2174356,1,ᚱᛖᚢᚩᛚᛏᛖᛞ,376
hutchins,2174093,1,ᚻᚢᛏᚳᚻᛁᚾᛋ,234
vestiges,2171709,1,ᚢᛖᛋᛏᛁᚷᛖᛋ,350
cysteine,2169754,1,ᚳᚣᛋᛏᛖᛁᚾᛖ,422
crevices,2169161,1,ᚳᚱᛖᚢᛁᚳᛖᛋ,258
fatigued,2168681,1,ᚠᚪᛏᛁᚷᚢᛖᛞ,365
polygamy,2168462,1,ᛈᚩᛚᚣᚷᚪᛗᚣ,514
skirmish,2166584,1,ᛋᚳᛁᚱᛗᛁᛋᚻ,286
inquirer,2166066,1,ᛁᚾᚳᚹᛁᚱᛖᚱ,212
chattering,2165456,1,ᚳᚻᚪᛏᛏᛖᚱᛝ,408
episodic,2163542,1,ᛖᛈᛁᛋᚩᛞᛁᚳ,334
decennial,2162121,1,ᛞᛖᚳᛖᚾᚾᛡᛚ,474
sedative,2162050,1,ᛋᛖᛞᚪᛏᛁᚢᛖ,466
referent,2161883,1,ᚱᛖᚠᛖᚱᛖᚾᛏ,313
conceiving,2161406,1,ᚳᚩᚾᚳᛖᛁᚢᛝ,242
overlaps,2160210,1,ᚩᚢᛖᚱᛚᚪᛈᛋ,354
mobilizing,2159921,1,ᛗᚩᛒᛁᛚᛁᛋᛝ,406
noblemen,2156921,1,ᚾᚩᛒᛚᛖᛗᛖᚾ,404
indented,2156393,1,ᛁᚾᛞᛖᚾᛏᛖᛞ,460
starters,2155187,1,ᛋᛏᚪᚱᛏᛖᚱᛋ,410
antipathy,2154518,1,ᚪᚾᛏᛁᛈᚪᚦᚣ,464
reclaiming,2154335,1,ᚱᛖᚳᛚᚪᛁᛗᛝ,442
yosemite,2153783,1,ᚣᚩᛋᛖᛗᛁᛏᛖ,458
whistler,2151675,1,ᚹᚻᛁᛋᛏᛚᛖᚱ,336
arginine,2150887,1,ᚪᚱᚷᛁᚾᛁᚾᛖ,312
alkalies,2150739,1,ᚪᛚᚳᚪᛚᛁᛖᛋ,504
arsenate,2149783,1,ᚪᚱᛋᛖᚾᚪᛏᛖ,480
grumbled,2149292,1,ᚷᚱᚢᛗᛒᛚᛖᛞ,392
augsburg,2148695,1,ᚪᚢᚷᛋᛒᚢᚱᚷ,262
slowness,2147321,1,ᛋᛚᚩᚹᚾᛖᛋᛋ,354
altruism,2147172,1,ᚪᛚᛏᚱᚢᛁᛋᛗ,398
withdraws,2147025,1,ᚹᛁᚦᛞᚱᚪᚹᛋ,324
hereunto,2145570,1,ᚻᛖᚱᛖᚢᚾᛏᚩ,266
troopers,2144402,1,ᛏᚱᚩᚩᛈᛖᚱᛋ,258
giuseppe,2142397,1,ᚷᛁᚢᛋᛖᛈᛈᛖ,324
enchanting,2141128,1,ᛖᚾᚳᚻᚪᚾᛏᛝ,396
minstrel,2139898,1,ᛗᛁᚾᛋᛏᚱᛖᛚ,394
displacing,2139579,1,ᛞᛁᛋᛈᛚᚪᚳᛝ,478
globules,2137878,1,ᚷᛚᚩᛒᚢᛚᛖᛋ,354
overturn,2137733,1,ᚩᚢᛖᚱᛏᚢᚱᚾ,190
flanagan,2136392,1,ᚠᛚᚪᚾᚪᚷᚪᚾ,441
unethical,2135950,1,ᚢᚾᛖᚦᛁᚳᚪᛚ,318
distaste,2135479,1,ᛞᛁᛋᛏᚪᛋᛏᛖ,508
carbolic,2133384,1,ᚳᚪᚱᛒᚩᛚᛁᚳ,306
stanhope,2130143,1,ᛋᛏᚪᚾᚻᚩᛈᛖ,378
woodcuts,2128685,1,ᚹᚩᚩᛞᚳᚢᛏᛋ,250
shuffled,2127827,1,ᛋᚻᚢᚠᚠᛚᛖᛞ,312
coachman,2127728,1,ᚳᚩᚪᚳᚻᛗᚪᚾ,350
bracelet,2127153,1,ᛒᚱᚪᚳᛖᛚᛖᛏ,448
enthusiast,2126125,1,ᛖᚾᚦᚢᛋᛡᛋᛏ,376
strangled,2125257,1,ᛋᛏᚱᚪᛝᛚᛖᛞ,528
kirkland,2123628,1,ᚳᛁᚱᚳᛚᚪᚾᛞ,356
drinkers,2122926,1,ᛞᚱᛁᚾᚳᛖᚱᛋ,304
sycamore,2122732,1,ᛋᚣᚳᚪᛗᚩᚱᛖ,422
horseman,2115816,1,ᚻᚩᚱᛋᛖᛗᚪᚾ,358
conifers,2114664,1,ᚳᚩᚾᛁᚠᛖᚱᛋ,213
ephesians,2114570,1,ᛖᛈᚻᛖᛋᛡᚾᛋ,442
sufficed,2113143,1,ᛋᚢᚠᚠᛁᚳᛖᛞ,260
grammars,2112827,1,ᚷᚱᚪᛗᛗᚪᚱᛋ,428
vicarious,2110200,1,ᚢᛁᚳᚪᚱᛡᚢᛋ,318
glendale,2108038,1,ᚷᛚᛖᚾᛞᚪᛚᛖ,512
buffered,2106919,1,ᛒᚢᚠᚠᛖᚱᛖᛞ,302
dishonor,2106679,1,ᛞᛁᛋᚻᚩᚾᚩᚱ,250
calmness,2106404,1,ᚳᚪᛚᛗᚾᛖᛋᛋ,456
albrecht,2104583,1,ᚪᛚᛒᚱᛖᚳᚻᛏ,404
landlady,2104533,1,ᛚᚪᚾᛞᛚᚪᛞᚣ,650
culpable,2103258,1,ᚳᚢᛚᛈᚪᛒᛚᛖ,430
lagrangian,2101445,1,ᛚᚪᚷᚱᚪᛝᛡᚾ,510
madeline,2101255,1,ᛗᚪᛞᛖᛚᛁᚾᛖ,524
flattening,2099659,1,ᚠᛚᚪᛏᛏᛖᚾᛝ,465
interred,2097672,1,ᛁᚾᛏᛖᚱᚱᛖᛞ,364
pilotage,2097498,1,ᛈᛁᛚᚩᛏᚪᚷᛖ,394
windmill,2097284,1,ᚹᛁᚾᛞᛗᛁᛚᛚ,416
disprove,2097138,1,ᛞᛁᛋᛈᚱᚩᚢᛖ,304
flagship,2095245,1,ᚠᛚᚪᚷᛋᚻᛁᛈ,339
edifices,2095106,1,ᛖᛞᛁᚠᛁᚳᛖᛋ,353
tortuous,2094013,1,ᛏᚩᚱᛏᚢᚩᚢᛋ,202
torrents,2093420,1,ᛏᚩᚱᚱᛖᚾᛏᛋ,296
conjugal,2092615,1,ᚳᚩᚾᛂᚢᚷᚪᛚ,276
scrambling,2092126,1,ᛋᚳᚱᚪᛗᛒᛚᛝ,458
smothered,2091953,1,ᛋᛗᚩᚦᛖᚱᛖᛞ,370
atrocious,2091780,1,ᚪᛏᚱᚩᚳᛡᚢᛋ,350
spillway,2091632,1,ᛋᛈᛁᛚᛚᚹᚪᚣ,492
holbrook,2090696,1,ᚻᚩᛚᛒᚱᚩᚩᚳ,202
pervaded,2088369,1,ᛈᛖᚱᚢᚪᛞᛖᛞ,466
barbecue,2086512,1,ᛒᚪᚱᛒᛖᚳᚢᛖ,380
genitive,2086039,1,ᚷᛖᚾᛁᛏᛁᚢᛖ,304
gonzales,2085588,0,ᚷᚩᚾᛋᚪᛚᛖᛋ,396
immediacy,2084494,1,ᛁᛗᛗᛖᛞᛡᚳᚣ,552
mcintyre,2083932,1,ᛗᚳᛁᚾᛏᚣᚱᛖ,384
intruded,2083492,1,ᛁᚾᛏᚱᚢᛞᛖᛞ,378
flexural,2083187,1,ᚠᛚᛖᛉᚢᚱᚪᛚ,373
nourishing,2081632,1,ᚾᚩᚢᚱᛁᛋᚻᛝ,236
broccoli,2081535,1,ᛒᚱᚩᚳᚳᚩᛚᛁ,216
overcoat,2080598,1,ᚩᚢᛖᚱᚳᚩᚪᛏ,264
overtook,2080318,1,ᚩᚢᛖᚱᛏᚩᚩᚳ,174
protozoa,2079552,1,ᛈᚱᚩᛏᚩᛋᚩᚪ,284
lightest,2079285,1,ᛚᛁᚷᚻᛏᛖᛋᛏ,382
pursuers,2079169,1,ᛈᚢᚱᛋᚢᛖᚱᛋ,244
alienate,2077761,1,ᚪᛚᛁᛖᚾᚪᛏᛖ,520
uplifted,2077232,1,ᚢᛈᛚᛁᚠᛏᛖᛞ,367
chisholm,2076533,1,ᚳᚻᛁᛋᚻᚩᛚᛗ,294
deletions,2075816,1,ᛞᛖᛚᛖᛏᛡᚾᛋ,544
brutally,2074846,1,ᛒᚱᚢᛏᚪᛚᛚᚣ,480
subacute,2074459,1,ᛋᚢᛒᚪᚳᚢᛏᛖ,356
rearranged,2072817,1,ᚱᛠᚱᚱᚪᛝᛖᛞ,474
detritus,2072092,1,ᛞᛖᛏᚱᛁᛏᚢᛋ,372
irritant,2071485,1,ᛁᚱᚱᛁᛏᚪᚾᛏ,328
subpoenas,2070692,1,ᛋᚢᛒᛈᛟᚾᚪᛋ,422
inimical,2068843,1,ᛁᚾᛁᛗᛁᚳᚪᛚ,376
onondaga,2066817,1,ᚩᚾᚩᚾᛞᚪᚷᚪ,372
forefinger,2066485,1,ᚠᚩᚱᛖᚠᛝᛖᚱ,246
stitched,2063870,1,ᛋᛏᛁᛏᚳᚻᛖᛞ,394
buckwheat,2061813,1,ᛒᚢᚳᚳᚹᚻᛠᛏ,300
pericles,2060422,1,ᛈᛖᚱᛁᚳᛚᛖᛋ,358
heralded,2057788,1,ᚻᛖᚱᚪᛚᛞᛖᛞ,516
disposes,2054879,1,ᛞᛁᛋᛈᚩᛋᛖᛋ,396
galbraith,2053712,1,ᚷᚪᛚᛒᚱᚪᛁᚦ,392
landless,2051128,1,ᛚᚪᚾᛞᛚᛖᛋᛋ,534
villains,2049233,1,ᚢᛁᛚᛚᚪᛁᚾᛋ,390
backpack,2047399,1,ᛒᚪᚳᚳᛈᚪᚳᚳ,350
holocene,2047156,1,ᚻᚩᛚᚩᚳᛖᚾᛖ,286
radiators,2042500,1,ᚱᚪᛞᛡᛏᚩᚱᛋ,434
outlawed,2040524,1,ᚩᚢᛏᛚᚪᚹᛖᛞ,414
replevin,2037638,1,ᚱᛖᛈᛚᛖᚢᛁᚾ,324
mustache,2035919,1,ᛗᚢᛋᛏᚪᚳᚻᛖ,386
lancelot,2035797,1,ᛚᚪᚾᚳᛖᛚᚩᛏ,418
sagittal,2034268,1,ᛋᚪᚷᛁᛏᛏᚪᛚ,486
damnation,2029535,1,ᛞᚪᛗᚾᚪᛏᛡᚾ,578
operatic,2028512,1,ᚩᛈᛖᚱᚪᛏᛁᚳ,328
kimberly,2025437,1,ᚳᛁᛗᛒᛖᚱᛚᚣ,430
shortcut,2025184,1,ᛋᚻᚩᚱᛏᚳᚢᛏ,228
ramparts,2024938,1,ᚱᚪᛗᛈᚪᚱᛏᛋ,442
cranston,2024377,1,ᚳᚱᚪᚾᛋᛏᚩᚾ,298
xenophon,2023571,1,ᛉᛖᚾᚩᛈᚻᚩᚾ,252
showered,2021301,1,ᛋᚻᚩᚹᛖᚱᛖᛞ,336
eventful,2021065,1,ᛖᚢᛖᚾᛏᚠᚢᛚ,303
falkland,2020216,1,ᚠᚪᛚᚳᛚᚪᚾᛞ,473
paganism,2019693,1,ᛈᚪᚷᚪᚾᛁᛋᛗ,438
removals,2018859,1,ᚱᛖᛗᚩᚢᚪᛚᛋ,382
courtier,2018489,1,ᚳᚩᚢᚱᛏᛁᛖᚱ,202
showcase,2017649,1,ᛋᚻᚩᚹᚳᚪᛋᛖ,332
quickest,2015890,1,ᚳᚹᛁᚳᚳᛖᛋᛏ,268
regimens,2015859,1,ᚱᛖᚷᛁᛗᛖᚾᛋ,346
mercuric,2012476,1,ᛗᛖᚱᚳᚢᚱᛁᚳ,220
motorola,2012395,1,ᛗᚩᛏᚩᚱᚩᛚᚪ,332
indolent,2012344,1,ᛁᚾᛞᚩᛚᛖᚾᛏ,384
faltered,2009832,1,ᚠᚪᛚᛏᛖᚱᛖᛞ,465
brotherly,2008398,1,ᛒᚱᚩᚦᛖᚱᛚᚣ,338
upwardly,2008202,1,ᚢᛈᚹᚪᚱᛞᛚᚣ,438
deprives,2008192,1,ᛞᛖᛈᚱᛁᚢᛖᛋ,364
privates,2007360,1,ᛈᚱᛁᚢᚪᛏᛖᛋ,364
windfall,2005274,1,ᚹᛁᚾᛞᚠᚪᛚᛚ,413
modifier,2004572,1,ᛗᚩᛞᛁᚠᛁᛖᚱ,309
divorces,2003029,1,ᛞᛁᚢᚩᚱᚳᛖᛋ,274
isabelle,2001796,1,ᛁᛋᚪᛒᛖᛚᛚᛖ,522
barbaric,2000220,1,ᛒᚪᚱᛒᚪᚱᛁᚳ,382
monomers,1999502,1,ᛗᚩᚾᚩᛗᛖᚱᛋ,316
propelling,1997197,1,ᛈᚱᚩᛈᛖᛚᛚᛝ,396
beckoned,1997045,1,ᛒᛖᚳᚳᚩᚾᛖᛞ,346
fillmore,1996031,1,ᚠᛁᛚᛚᛗᚩᚱᛖ,335
latterly,1995195,1,ᛚᚪᛏᛏᛖᚱᛚᚣ,542
bimonthly,1994896,1,ᛒᛁᛗᚩᚾᚦᛚᚣ,380
shoppers,1994780,1,ᛋᚻᚩᛈᛈᛖᚱᛋ,300
rosalind,1993664,1,ᚱᚩᛋᚪᛚᛁᚾᛞ,390
escalating,1991386,1,ᛖᛋᚳᚪᛚᚪᛏᛝ,538
neuralgia,1991035,1,ᚾᛖᚢᚱᚪᛚᚷᛡ,404
frigates,1990140,1,ᚠᚱᛁᚷᚪᛏᛖᛋ,337
famously,1990072,1,ᚠᚪᛗᚩᚢᛋᛚᚣ,409
wellness,1989934,1,ᚹᛖᛚᛚᚾᛖᛋᛋ,434
validating,1989840,1,ᚢᚪᛚᛁᛞᚪᛏᛝ,528
choicest,1986940,1,ᚳᚻᚩᛁᚳᛖᛋᛏ,266
woodcock,1986441,1,ᚹᚩᚩᛞᚳᚩᚳᚳ,168
reunited,1985454,1,ᚱᛖᚢᚾᛁᛏᛖᛞ,356
accursed,1984720,1,ᚪᚳᚳᚢᚱᛋᛖᛞ,346
imperious,1984658,1,ᛁᛗᛈᛖᚱᛡᚢᛋ,386
unfunded,1982752,1,ᚢᚾᚠᚢᚾᛞᛖᛞ,311
formalin,1981641,1,ᚠᚩᚱᛗᚪᛚᛁᚾ,321
castillo,1981596,0,ᚳᚪᛋᛏᛁᛚᛚᚩ,406
bernhard,1981529,1,ᛒᛖᚱᚾᚻᚪᚱᛞ,388
bisexual,1980436,1,ᛒᛁᛋᛖᛉᚢᚪᛚ,432
dislikes,1979454,1,ᛞᛁᛋᛚᛁᚳᛖᛋ,410
petitioning,1978317,1,ᛈᛖᛏᛁᛏᛡᚾᛝ,474
chappell,1977230,1,ᚳᚻᚪᛈᛈᛖᛚᛚ,432
bastards,1974761,1,ᛒᚪᛋᛏᚪᚱᛞᛋ,520
endangering,1974731,1,ᛖᚾᛞᚪᛝᛖᚱᛝ,518
severest,1973811,1,ᛋᛖᚢᛖᚱᛖᛋᛏ,380
diuretic,1973629,1,ᛞᛁᚢᚱᛖᛏᛁᚳ,304
envisage,1973563,1,ᛖᚾᚢᛁᛋᚪᚷᛖ,364
dysplasia,1972519,1,ᛞᚣᛋᛈᛚᚪᛋᛡ,618
shrieked,1972302,1,ᛋᚻᚱᛁᛖᚳᛖᛞ,354
worsened,1970842,1,ᚹᚩᚱᛋᛖᚾᛖᛞ,342
downturn,1969906,1,ᛞᚩᚹᚾᛏᚢᚱᚾ,246
barnabas,1969825,1,ᛒᚪᚱᚾᚪᛒᚪᛋ,506
computes,1969570,1,ᚳᚩᛗᛈᚢᛏᛖᛋ,316
excelsior,1968175,1,ᛖᛉᚳᛖᛚᛋᛡᚱ,438
jamaican,1967753,1,ᛂᚪᛗᚪᛁᚳᚪᚾ,472
apportion,1967074,1,ᚪᛈᛈᚩᚱᛏᛡᚾ,396
khartoum,1966449,1,ᚳᚻᚪᚱᛏᚩᚢᛗ,284
tattered,1964610,1,ᛏᚪᛏᛏᛖᚱᛖᛞ,508
rebelled,1964110,1,ᚱᛖᛒᛖᛚᛚᛖᛞ,508
suspecting,1963732,1,ᛋᚢᛋᛈᛖᚳᛏᛝ,370
insiders,1962530,1,ᛁᚾᛋᛁᛞᛖᚱᛋ,364
effector,1960875,1,ᛖᚠᚠᛖᚳᛏᚩᚱ,228
islander,1958941,1,ᛁᛋᛚᚪᚾᛞᛖᚱ,450
emigrate,1957905,1,ᛖᛗᛁᚷᚱᚪᛏᛖ,420
petrarch,1956816,1,ᛈᛖᛏᚱᚪᚱᚳᚻ,324
lattices,1956154,1,ᛚᚪᛏᛏᛁᚳᛖᛋ,452
clarissa,1953170,1,ᚳᛚᚪᚱᛁᛋᛋᚪ,428
reactance,1952755,1,ᚱᛠᚳᛏᚪᚾᚳᛖ,398
methodism,1952725,1,ᛗᛖᚦᚩᛞᛁᛋᛗ,394
desserts,1950871,1,ᛞᛖᛋᛋᛖᚱᛏᛋ,452
pensioner,1949983,1,ᛈᛖᚾᛋᛡᚾᛖᚱ,406
sudanese,1949340,1,ᛋᚢᛞᚪᚾᛖᛋᛖ,458
untoward,1949293,1,ᚢᚾᛏᚩᚹᚪᚱᛞ,314
censured,1949129,1,ᚳᛖᚾᛋᚢᚱᛖᛞ,332
hesitating,1948783,1,ᚻᛖᛋᛁᛏᚪᛏᛝ,468
bradbury,1948287,1,ᛒᚱᚪᛞᛒᚢᚱᚣ,436
incisions,1947761,1,ᛁᚾᚳᛁᛋᛡᚾᛋ,346
unknowns,1947337,1,ᚢᚾᚳᚾᚩᚹᚾᛋ,182
biosphere,1947187,1,ᛒᛡᛋᛈᚻᛖᚱᛖ,432
pyrenees,1946719,1,ᛈᚣᚱᛖᚾᛖᛖᛋ,440
portraying,1945100,1,ᛈᚩᚱᛏᚱᚪᚣᛝ,410
subspace,1943745,1,ᛋᚢᛒᛋᛈᚪᚳᛖ,390
agonists,1943338,1,ᚪᚷᚩᚾᛁᛋᛏᛋ,346
blunders,1942390,1,ᛒᛚᚢᚾᛞᛖᚱᛋ,386
depraved,1942341,1,ᛞᛖᛈᚱᚪᚢᛖᛞ,466
aberrant,1942165,1,ᚪᛒᛖᚱᚱᚪᚾᛏ,432
stepwise,1941406,1,ᛋᛏᛖᛈᚹᛁᛋᛖ,392
fireside,1939139,1,ᚠᛁᚱᛖᛋᛁᛞᛖ,351
dwindled,1938923,1,ᛞᚹᛁᚾᛞᛚᛖᛞ,486
timidity,1933089,1,ᛏᛁᛗᛁᛞᛁᛏᚣ,474
basaltic,1932651,1,ᛒᚪᛋᚪᛚᛏᛁᚳ,484
yorktown,1932253,1,ᚣᚩᚱᚳᛏᚩᚹᚾ,248
devotions,1932239,1,ᛞᛖᚢᚩᛏᛡᚾᛋ,414
crumbled,1930670,1,ᚳᚱᚢᛗᛒᛚᛖᛞ,388
keynesian,1930453,1,ᚳᛖᚣᚾᛖᛋᛡᚾ,468
embossed,1929930,1,ᛖᛗᛒᚩᛋᛋᛖᛞ,468
dynamism,1929461,1,ᛞᚣᚾᚪᛗᛁᛋᛗ,544
carotene,1929071,1,ᚳᚪᚱᚩᛏᛖᚾᛖ,350
incisors,1928547,1,ᛁᚾᚳᛁᛋᚩᚱᛋ,228
lobsters,1927234,1,ᛚᚩᛒᛋᛏᛖᚱᛋ,384
informer,1926788,1,ᛁᚾᚠᚩᚱᛗᛖᚱ,229
watchers,1925708,1,ᚹᚪᛏᚳᚻᛖᚱᛋ,342
painless,1925120,1,ᛈᚪᛁᚾᛚᛖᛋᛋ,446
suicides,1924686,1,ᛋᚢᛁᚳᛁᛞᛖᛋ,340
vicarage,1923327,1,ᚢᛁᚳᚪᚱᚪᚷᛖ,336
hungarians,1920421,1,ᚻᚢᛝᚪᚱᛡᚾᛋ,402
circadian,1920376,1,ᚳᛁᚱᚳᚪᛞᛡᚾ,390
wreckage,1920023,1,ᚹᚱᛖᚳᚳᚪᚷᛖ,304
antennal,1919592,1,ᚪᚾᛏᛖᚾᚾᚪᛚ,480
whistles,1918291,1,ᚹᚻᛁᛋᛏᛚᛖᛋ,378
blisters,1918194,1,ᛒᛚᛁᛋᛏᛖᚱᛋ,408
lettered,1917815,1,ᛚᛖᛏᛏᛖᚱᛖᛞ,492
colonels,1917122,1,ᚳᚩᛚᚩᚾᛖᛚᛋ,322
outboard,1916978,1,ᚩᚢᛏᛒᚩᚪᚱᛞ,334
vortices,1913071,1,ᚢᚩᚱᛏᛁᚳᛖᛋ,244
fracturing,1913005,1,ᚠᚱᚪᚳᛏᚢᚱᛝ,275
heartless,1912879,1,ᚻᛠᚱᛏᛚᛖᛋᛋ,448
peduncle,1912876,1,ᛈᛖᛞᚢᚾᚳᛚᛖ,384
sausages,1912101,1,ᛋᚪᚢᛋᚪᚷᛖᛋ,440
alkaloid,1912064,1,ᚪᛚᚳᚪᛚᚩᛁᛞ,480
droughts,1911856,1,ᛞᚱᚩᚢᚷᚻᛏᛋ,262
eutectic,1910110,1,ᛖᚢᛏᛖᚳᛏᛁᚳ,312
workingmen,1910096,1,ᚹᚩᚱᚳᛝᛗᛖᚾ,296
crucially,1910026,1,ᚳᚱᚢᚳᛡᛚᛚᚣ,396
fulfills,1908693,1,ᚠᚢᛚᚠᛁᛚᛚᛋ,310
emirates,1908396,1,ᛖᛗᛁᚱᚪᛏᛖᛋ,456
distally,1907968,1,ᛞᛁᛋᛏᚪᛚᛚᚣ,578
fungicide,1907098,1,ᚠᚢᛝᛁᚳᛁᛞᛖ,315
abeyance,1905719,1,ᚪᛒᛖᚣᚪᚾᚳᛖ,534
automata,1904751,1,ᚪᚢᛏᚩᛗᚪᛏᚪ,490
burnside,1903196,1,ᛒᚢᚱᚾᛋᛁᛞᛖ,344
backlash,1902929,1,ᛒᚪᚳᚳᛚᚪᛋᚻ,430
unleashed,1902736,1,ᚢᚾᛚᛠᛋᚻᛖᛞ,446
augmenting,1902490,1,ᚪᚢᚷᛗᛖᚾᛏᛝ,422
orifices,1901478,1,ᚩᚱᛁᚠᛁᚳᛖᛋ,215
remotest,1901128,1,ᚱᛖᛗᚩᛏᛖᛋᛏ,394
monsanto,1899699,1,ᛗᚩᚾᛋᚪᚾᛏᚩ,352
discarding,1898743,1,ᛞᛁᛋᚳᚪᚱᛞᛝ,462
shimmering,1898149,1,ᛋᚻᛁᛗᛗᛖᚱᛝ,406
betrothed,1896963,1,ᛒᛖᛏᚱᚩᚦᛖᛞ,366
setbacks,1896583,1,ᛋᛖᛏᛒᚪᚳᚳᛋ,416
suffixes,1895772,1,ᛋᚢᚠᚠᛁᛉᛖᛋ,258
screenings,1895008,1,ᛋᚳᚱᛖᛖᚾᛝᛋ,372
nagasaki,1894516,1,ᚾᚪᚷᚪᛋᚪᚳᛁ,434
apprised,1891624,1,ᚪᛈᛈᚱᛁᛋᛖᛞ,434
glaciation,1890630,1,ᚷᛚᚪᚳᛡᛏᛡᚾ,502
hokkaido,1890461,1,ᚻᚩᚳᚳᚪᛁᛞᚩ,280
neutrals,1890394,1,ᚾᛖᚢᛏᚱᚪᛚᛋ,392
exhorted,1890038,1,ᛖᛉᚻᚩᚱᛏᛖᛞ,370
confessing,1889757,1,ᚳᚩᚾᚠᛖᛋᛋᛝ,303
shetland,1888706,1,ᛋᚻᛖᛏᛚᚪᚾᛞ,490
deflation,1888166,1,ᛞᛖᚠᛚᚪᛏᛡᚾ,523
methadone,1886098,1,ᛗᛖᚦᚪᛞᚩᚾᛖ,432
overseeing,1885618,1,ᚩᚢᛖᚱᛋᛖᛖᛝ,354
doorways,1885506,1,ᛞᚩᚩᚱᚹᚪᚣᛋ,386
succinct,1885193,1,ᛋᚢᚳᚳᛁᚾᚳᛏ,214
joyfully,1884671,1,ᛂᚩᚣᚠᚢᛚᛚᚣ,401
supplant,1884563,1,ᛋᚢᛈᛈᛚᚪᚾᛏ,400
reactants,1883744,1,ᚱᛠᚳᛏᚪᚾᛏᛋ,430
bayonets,1882705,1,ᛒᚪᚣᚩᚾᛖᛏᛋ,476
winfield,1880921,1,ᚹᛁᚾᚠᛁᛖᛚᛞ,341
fastener,1879518,1,ᚠᚪᛋᛏᛖᚾᛖᚱ,385
withstood,1878475,1,ᚹᛁᚦᛋᛏᚩᚩᛞ,270
patterning,1877998,1,ᛈᚪᛏᛏᛖᚱᚾᛝ,444
ligature,1877780,1,ᛚᛁᚷᚪᛏᚢᚱᛖ,358
littered,1876431,1,ᛚᛁᛏᛏᛖᚱᛖᛞ,456
dynastic,1876380,1,ᛞᚣᚾᚪᛋᛏᛁᚳ,474
playback,1875552,1,ᛈᛚᚪᚣᛒᚪᚳᚳ,500
horowitz,1875468,1,ᚻᚩᚱᚩᚹᛁᛏᛋ,210
truncate,1874745,1,ᛏᚱᚢᚾᚳᚪᛏᛖ,338
pickwick,1874478,1,ᛈᛁᚳᚳᚹᛁᚳᚳ,176
averment,1873941,1,ᚪᚢᛖᚱᛗᛖᚾᛏ,404
surmised,1873557,1,ᛋᚢᚱᛗᛁᛋᛖᛞ,378
glycerin,1871643,1,ᚷᛚᚣᚳᛖᚱᛁᚾ,344
postures,1870587,1,ᛈᚩᛋᛏᚢᚱᛖᛋ,296
vagaries,1870553,1,ᚢᚪᚷᚪᚱᛁᛖᛋ,376
seditious,1870069,1,ᛋᛖᛞᛁᛏᛡᚢᛋ,462
disrupting,1870032,1,ᛞᛁᛋᚱᚢᛈᛏᛝ,368
lipstick,1869982,1,ᛚᛁᛈᛋᛏᛁᚳᚳ,316
rehearsed,1868632,1,ᚱᛖᚻᛠᚱᛋᛖᛞ,430
endpoint,1868123,1,ᛖᚾᛞᛈᚩᛁᚾᛏ,354
distorting,1867744,1,ᛞᛁᛋᛏᚩᚱᛏᛝ,388
faintest,1866117,1,ᚠᚪᛁᚾᛏᛖᛋᛏ,397
mercurial,1865151,1,ᛗᛖᚱᚳᚢᚱᛡᛚ,356
softwood,1863982,1,ᛋᚩᚠᛏᚹᚩᚩᛞ,243
violators,1863506,1,ᚢᛡᛚᚪᛏᚩᚱᛋ,410
restated,1861995,1,ᚱᛖᛋᛏᚪᛏᛖᛞ,502
pulpwood,1860421,1,ᛈᚢᛚᛈᚹᚩᚩᛞ,284
speckled,1860303,1,ᛋᛈᛖᚳᚳᛚᛖᛞ,418
appraising,1860197,1,ᚪᛈᛈᚱᚪᛁᛋᛝ,454
unsettling,1859987,1,ᚢᚾᛋᛖᛏᛏᛚᛝ,422
eclipsed,1859899,1,ᛖᚳᛚᛁᛈᛋᛖᛞ,436
overlaid,1859663,1,ᚩᚢᛖᚱᛚᚪᛁᛞ,378
pheasants,1858247,1,ᛈᚻᛠᛋᚪᚾᛏᛋ,466
hebrides,1857997,1,ᚻᛖᛒᚱᛁᛞᛖᛋ,402
violative,1856941,1,ᚢᛡᛚᚪᛏᛁᚢᛖ,440
dinosaur,1856812,1,ᛞᛁᚾᚩᛋᚪᚢᚱ,320
overlain,1855932,1,ᚩᚢᛖᚱᛚᚪᛁᚾ,318
smuggled,1855592,1,ᛋᛗᚢᚷᚷᛚᛖᛞ,390
ordinating,1855393,1,ᚩᚱᛞᛁᚾᚪᛏᛝ,402
phoenician,1855046,1,ᛈᚻᛟᚾᛁᚳᛡᚾ,358
drunkard,1853904,1,ᛞᚱᚢᚾᚳᚪᚱᛞ,342
ugliness,1853159,1,ᚢᚷᛚᛁᚾᛖᛋᛋ,326
autistic,1852902,1,ᚪᚢᛏᛁᛋᛏᛁᚳ,346
erudition,1852699,1,ᛖᚱᚢᛞᛁᛏᛡᚾ,396
boarders,1851577,1,ᛒᚩᚪᚱᛞᛖᚱᛋ,396
collided,1851359,1,ᚳᚩᛚᛚᛁᛞᛖᛞ,442
javanese,1850310,1,ᛂᚪᚢᚪᚾᛖᛋᛖ,450
peerless,1849243,1,ᛈᛖᛖᚱᛚᛖᛋᛋ,434
torments,1848721,1,ᛏᚩᚱᛗᛖᚾᛏᛋ,356
cultivar,1847807,1,ᚳᚢᛚᛏᛁᚢᚪᚱ,290
audacious,1847764,1,ᚪᚢᛞᚪᚳᛡᚢᛋ,462
corrects,1845862,1,ᚳᚩᚱᚱᛖᚳᛏᛋ,234
bullshit,1845496,1,ᛒᚢᛚᛚᛋᚻᛁᛏ,376
tributes,1844999,1,ᛏᚱᛁᛒᚢᛏᛖᛋ,344
mycelium,1844764,1,ᛗᚣᚳᛖᛚᛁᚢᛗ,432
symbiotic,1842402,1,ᛋᚣᛗᛒᛡᛏᛁᚳ,498
thesaurus,1842117,1,ᚦᛖᛋᚪᚢᚱᚢᛋ,292
tireless,1841950,1,ᛏᛁᚱᛖᛚᛖᛋᛋ,414
androgen,1839933,1,ᚪᚾᛞᚱᚩᚷᛖᚾ,346
archangel,1839895,1,ᚪᚱᚳᚻᚪᛝᛖᛚ,460
outposts,1839843,1,ᚩᚢᛏᛈᚩᛋᛏᛋ,284
subtypes,1839661,1,ᛋᚢᛒᛏᚣᛈᛖᛋ,442
furlough,1839284,1,ᚠᚢᚱᛚᚩᚢᚷᚻ,139
thereunto,1839234,1,ᚦᛖᚱᛖᚢᚾᛏᚩ,248
gustavus,1838046,1,ᚷᚢᛋᛏᚪᚢᚢᛋ,288
intrepid,1836630,1,ᛁᚾᛏᚱᛖᛈᛁᛞ,360
heroines,1836053,1,ᚻᛖᚱᚩᛁᚾᛖᛋ,288
abyssinia,1835490,1,ᚪᛒᚣᛋᛋᛁᚾᛡ,534
immanent,1832083,1,ᛁᛗᛗᚪᚾᛖᚾᛏ,454
impeller,1830109,1,ᛁᛗᛈᛖᛚᛚᛖᚱ,436
palpation,1828616,1,ᛈᚪᛚᛈᚪᛏᛡᚾ,548
galatians,1828277,1,ᚷᚪᛚᚪᛏᛡᚾᛋ,532
detested,1828202,1,ᛞᛖᛏᛖᛋᛏᛖᛞ,550
rutledge,1826692,1,ᚱᚢᛏᛚᛖᛞᚷᛖ,386
debarred,1825011,1,ᛞᛖᛒᚪᚱᚱᛖᛞ,492
spinners,1824817,1,ᛋᛈᛁᚾᚾᛖᚱᛋ,316
drudgery,1824258,1,ᛞᚱᚢᛞᚷᛖᚱᚣ,390
ethically,1824136,1,ᛖᚦᛁᚳᚪᛚᛚᚣ,462
presumes,1824066,1,ᛈᚱᛖᛋᚢᛗᛖᛋ,368
unfilled,1823082,1,ᚢᚾᚠᛁᛚᛚᛖᛞ,367
typified,1822218,1,ᛏᚣᛈᛁᚠᛁᛖᛞ,425
scorched,1821767,1,ᛋᚳᚩᚱᚳᚻᛖᛞ,276
dorsally,1821162,1,ᛞᚩᚱᛋᚪᛚᛚᚣ,506
etruscan,1820543,1,ᛖᛏᚱᚢᛋᚳᚪᚾ,332
speculum,1818847,1,ᛋᛈᛖᚳᚢᛚᚢᛗ,326
immobile,1818630,1,ᛁᛗᛗᚩᛒᛁᛚᛖ,412
mightily,1814899,1,ᛗᛁᚷᚻᛏᛁᛚᚣ,408
changeable,1814860,1,ᚳᚻᚪᛝᛠᛒᛚᛖ,522
factorial,1814803,1,ᚠᚪᚳᛏᚩᚱᛡᛚ,369
boniface,1814741,1,ᛒᚩᚾᛁᚠᚪᚳᛖ,307
epidural,1813797,1,ᛖᛈᛁᛞᚢᚱᚪᛚ,414
fearfully,1813731,1,ᚠᛠᚱᚠᚢᛚᛚᚣ,376
scrubbed,1812241,1,ᛋᚳᚱᚢᛒᛒᛖᛞ,358
prefixes,1811226,1,ᛈᚱᛖᚠᛁᛉᛖᛋ,321
winifred,1811012,1,ᚹᛁᚾᛁᚠᚱᛖᛞ,279
scrapers,1809873,1,ᛋᚳᚱᚪᛈᛖᚱᛋ,348
baptiste,1809321,1,ᛒᚪᛈᛏᛁᛋᛏᛖ,470
dilutions,1809020,1,ᛞᛁᛚᚢᛏᛡᚾᛋ,444
heighten,1808565,1,ᚻᛖᛁᚷᚻᛏᛖᚾ,316
debility,1807456,1,ᛞᛖᛒᛁᛚᛁᛏᚣ,514
sheraton,1805625,1,ᛋᚻᛖᚱᚪᛏᚩᚾ,346
meditating,1805306,1,ᛗᛖᛞᛁᛏᚪᛏᛝ,552
falstaff,1804781,1,ᚠᚪᛚᛋᛏᚪᚠᚠ,385
resounding,1802844,1,ᚱᛖᛋᚩᚢᚾᛞᛝ,338
hempstead,1802754,1,ᚻᛖᛗᛈᛋᛏᛠᛞ,514
collation,1801349,1,ᚳᚩᛚᛚᚪᛏᛡᚾ,458
seminole,1800469,1,ᛋᛖᛗᛁᚾᚩᛚᛖ,398
torrance,1800018,1,ᛏᚩᚱᚱᚪᚾᚳᛖ,294
apricots,1796490,1,ᚪᛈᚱᛁᚳᚩᛏᛋ,314
grandiose,1796318,1,ᚷᚱᚪᚾᛞᛡᛋᛖ,470
ainsworth,1796287,1,ᚪᛁᚾᛋᚹᚩᚱᚦ,252
entreated,1795797,1,ᛖᚾᛏᚱᛠᛏᛖᛞ,490
infidels,1793663,1,ᛁᚾᚠᛁᛞᛖᛚᛋ,375
eugenics,1793422,1,ᛖᚢᚷᛖᚾᛁᚳᛋ,280
estranged,1792850,1,ᛖᛋᛏᚱᚪᛝᛖᛞ,522
bookshop,1792384,1,ᛒᚩᚩᚳᛋᚻᚩᛈ,214
inhabits,1792182,1,ᛁᚾᚻᚪᛒᛁᛏᛋ,384
caressed,1792064,1,ᚳᚪᚱᛖᛋᛋᛖᛞ,450
accented,1791338,1,ᚪᚳᚳᛖᚾᛏᛖᛞ,434
condense,1788984,1,ᚳᚩᚾᛞᛖᚾᛋᛖ,354
numbness,1786720,1,ᚾᚢᛗᛒᚾᛖᛋᛋ,366
violinist,1785662,1,ᚢᛡᛚᛁᚾᛁᛋᛏ,386
sparkled,1785069,1,ᛋᛈᚪᚱᚳᛚᛖᛞ,446
torpedoes,1784702,1,ᛏᚩᚱᛈᛖᛞᛟᛋ,412
cornered,1784458,1,ᚳᚩᚱᚾᛖᚱᛖᛞ,294
dissecting,1784415,1,ᛞᛁᛋᛋᛖᚳᛏᛝ,444
lustrous,1784237,1,ᛚᚢᛋᛏᚱᚩᚢᛋ,262
implored,1783839,1,ᛁᛗᛈᛚᚩᚱᛖᛞ,392
colloids,1782745,1,ᚳᚩᛚᛚᚩᛁᛞᛋ,346
brezhnev,1780224,1,ᛒᚱᛖᛋᚻᚾᛖᚢ,314
prophesy,1780024,1,ᛈᚱᚩᛈᚻᛖᛋᚣ,350
defection,1779754,1,ᛞᛖᚠᛖᚳᛏᛡᚾ,433
furrowed,1779011,1,ᚠᚢᚱᚱᚩᚹᛖᛞ,209
evermore,1778624,1,ᛖᚢᛖᚱᛗᚩᚱᛖ,304
sundries,1778368,1,ᛋᚢᚾᛞᚱᛁᛖᛋ,336
freights,1778329,1,ᚠᚱᛖᛁᚷᚻᛏᛋ,263
premised,1776749,1,ᛈᚱᛖᛗᛁᛋᛖᛞ,432
synapses,1773467,1,ᛋᚣᚾᚪᛈᛋᛖᛋ,498
tristram,1772453,1,ᛏᚱᛁᛋᛏᚱᚪᛗ,392
parallax,1769857,1,ᛈᚪᚱᚪᛚᛚᚪᛉ,538
spotless,1768038,1,ᛋᛈᚩᛏᛚᛖᛋᛋ,408
toddlers,1767063,1,ᛏᚩᛞᛞᛚᛖᚱᛋ,448
incensed,1766570,1,ᛁᚾᚳᛖᚾᛋᛖᛞ,378
pulsation,1766359,1,ᛈᚢᛚᛋᚪᛏᛡᚾ,464
tortures,1766258,1,ᛏᚩᚱᛏᚢᚱᛖᛋ,270
sawmills,1765890,1,ᛋᚪᚹᛗᛁᛚᛚᛋ,470
vampires,1765862,1,ᚢᚪᛗᛈᛁᚱᛖᛋ,376
emanated,1764133,1,ᛖᛗᚪᚾᚪᛏᛖᛞ,576
staunton,1763855,1,ᛋᛏᚪᚢᚾᛏᚩᚾ,336
contrive,1763270,1,ᚳᚩᚾᛏᚱᛁᚢᛖ,220
empowers,1763124,1,ᛖᛗᛈᚩᚹᛖᚱᛋ,338
virginian,1761754,1,ᚢᛁᚱᚷᛁᚾᛡᚾ,258
westwood,1761412,1,ᚹᛖᛋᛏᚹᚩᚩᛞ,320
soldered,1761396,1,ᛋᚩᛚᛞᛖᚱᛖᛞ,456
gottlieb,1760239,1,ᚷᚩᛏᛏᛚᛁᛖᛒ,374
recounting,1759242,1,ᚱᛖᚳᚩᚢᚾᛏᛝ,268
candidly,1757621,1,ᚳᚪᚾᛞᛁᛞᛚᚣ,524
flywheel,1757057,1,ᚠᛚᚣᚹᚻᛖᛖᛚ,427
sheltering,1752969,1,ᛋᚻᛖᛚᛏᛖᚱᛝ,432
climbers,1751367,1,ᚳᛚᛁᛗᛒᛖᚱᛋ,380
cremation,1750152,1,ᚳᚱᛖᛗᚪᛏᛡᚾ,454
nouvelle,1749651,1,ᚾᚩᚢᚢᛖᛚᛚᛖ,322
inverter,1749455,1,ᛁᚾᚢᛖᚱᛏᛖᚱ,278
impeached,1749160,1,ᛁᛗᛈᛠᚳᚻᛖᛞ,446
gonorrhea,1748171,1,ᚷᚩᚾᚩᚱᚱᚻᛠ,214
blockage,1747545,1,ᛒᛚᚩᚳᚳᚪᚷᛖ,348
mourners,1747347,1,ᛗᚩᚢᚱᚾᛖᚱᛋ,252
mannheim,1747046,1,ᛗᚪᚾᚾᚻᛖᛁᛗ,418
rhodesian,1745083,1,ᚱᚻᚩᛞᛖᛋᛡᚾ,386
patently,1742840,1,ᛈᚪᛏᛖᚾᛏᛚᚣ,530
compacts,1742700,1,ᚳᚩᛗᛈᚪᚳᛏᛋ,356
frenzied,1742645,1,ᚠᚱᛖᚾᛋᛁᛖᛞ,349
felonies,1742411,1,ᚠᛖᛚᚩᚾᛁᛖᛋ,329
privation,1741123,1,ᛈᚱᛁᚢᚪᛏᛡᚾ,380
psalmist,1739476,1,ᛈᛋᚪᛚᛗᛁᛋᛏ,480
uncovering,1738612,1,ᚢᚾᚳᚩᚢᛖᚱᛝ,212
unsuited,1737420,1,ᚢᚾᛋᚢᛁᛏᛖᛞ,334
celibacy,1735601,1,ᚳᛖᛚᛁᛒᚪᚳᚣ,458
initiator,1734945,1,ᛁᚾᛁᛏᛡᛏᚩᚱ,334
workweek,1733488,1,ᚹᚩᚱᚳᚹᛖᛖᚳ,216
decipher,1733130,1,ᛞᛖᚳᛁᛈᚻᛖᚱ,344
exclaims,1732453,1,ᛖᛉᚳᛚᚪᛁᛗᛋ,452
emaciated,1731156,1,ᛖᛗᚪᚳᛡᛏᛖᛞ,570
essences,1731102,1,ᛖᛋᛋᛖᚾᚳᛖᛋ,402
dairymen,1729925,1,ᛞᚪᛁᚱᚣᛗᛖᚾ,498
crustacea,1729506,1,ᚳᚱᚢᛋᛏᚪᚳᛠ,358
calcined,1729193,1,ᚳᚪᛚᚳᛁᚾᛖᛞ,412
maharaja,1728086,1,ᛗᚪᚻᚪᚱᚪᛂᚪ,530
diskette,1727161,1,ᛞᛁᛋᚳᛖᛏᛏᛖ,438
boardman,1726020,1,ᛒᚩᚪᚱᛞᛗᚪᚾ,462
indorser,1725506,1,ᛁᚾᛞᚩᚱᛋᛖᚱ,298
smelters,1725374,1,ᛋᛗᛖᛚᛏᛖᚱᛋ,454
caseload,1725332,1,ᚳᚪᛋᛖᛚᚩᚪᛞ,496
lukewarm,1723932,1,ᛚᚢᚳᛖᚹᚪᚱᛗ,354
ascribes,1722582,1,ᚪᛋᚳᚱᛁᛒᛖᛋ,386
lunatics,1721549,1,ᛚᚢᚾᚪᛏᛁᚳᛋ,358
crutches,1721037,1,ᚳᚱᚢᛏᚳᚻᛖᛋ,242
grinders,1718036,1,ᚷᚱᛁᚾᛞᛖᚱᛋ,308
galloped,1717556,1,ᚷᚪᛚᛚᚩᛈᛖᛞ,466
vivacity,1716586,1,ᚢᛁᚢᚪᚳᛁᛏᚣ,340
crucifix,1715804,1,ᚳᚱᚢᚳᛁᚠᛁᛉ,151
vexatious,1714560,1,ᚢᛖᛉᚪᛏᛡᚢᛋ,436
precluding,1714321,1,ᛈᚱᛖᚳᛚᚢᛞᛝ,378
serrated,1712670,1,ᛋᛖᚱᚱᚪᛏᛖᛞ,454
homeowner,1712655,1,ᚻᚩᛗᛇᚹᚾᛖᚱ,268
genitals,1712265,1,ᚷᛖᚾᛁᛏᚪᛚᛋ,426
euthanasia,1709152,1,ᛖᚢᚦᚪᚾᚪᛋᛡ,458
florists,1708963,1,ᚠᛚᚩᚱᛁᛋᛏᛋ,289
decadent,1708141,1,ᛞᛖᚳᚪᛞᛖᚾᛏ,510
salzburg,1706620,1,ᛋᚪᛚᛋᛒᚢᚱᚷ,368
axiomatic,1705714,1,ᚪᛉᛡᛗᚪᛏᛁᚳ,522
pyroxene,1705063,1,ᛈᚣᚱᚩᛉᛖᚾᛖ,374
canvassing,1704671,1,ᚳᚪᚾᚢᚪᛋᛋᛝ,424
marxists,1703168,1,ᛗᚪᚱᛉᛁᛋᛏᛋ,422
dispersing,1703052,1,ᛞᛁᛋᛈᛖᚱᛋᛝ,426
dentition,1702636,1,ᛞᛖᚾᛏᛁᛏᛡᚾ,470
medallion,1702598,1,ᛗᛖᛞᚪᛚᛚᛡᚾ,606
gneisses,1702432,1,ᚷᚾᛖᛁᛋᛋᛖᛋ,370
laminate,1702128,1,ᛚᚪᛗᛁᚾᚪᛏᛖ,524
augustin,1701191,1,ᚪᚢᚷᚢᛋᛏᛁᚾ,292
archduke,1700497,1,ᚪᚱᚳᚻᛞᚢᚳᛖ,316
programing,1698646,1,ᛈᚱᚩᚷᚱᚪᛗᛝ,336
newborns,1698268,1,ᚾᛖᚹᛒᚩᚱᚾᛋ,276
mainstay,1697576,1,ᛗᚪᛁᚾᛋᛏᚪᚣ,540
blighted,1697247,1,ᛒᛚᛁᚷᚻᛏᛖᛞ,420
unwieldy,1695753,1,ᚢᚾᚹᛁᛖᛚᛞᚣ,414
bottomed,1694915,1,ᛒᚩᛏᛏᚩᛗᛖᛞ,420
overcast,1694665,1,ᚩᚢᛖᚱᚳᚪᛋᛏ,310
strangest,1694559,1,ᛋᛏᚱᚪᛝᛖᛋᛏ,478
divisive,1694202,1,ᛞᛁᚢᛁᛋᛁᚢᛖ,308
carboxyl,1693562,1,ᚳᚪᚱᛒᚩᛉᚣᛚ,412
himalaya,1692860,1,ᚻᛁᛗᚪᛚᚪᚣᚪ,592
inclines,1692424,1,ᛁᚾᚳᛚᛁᚾᛖᛋ,326
cheapness,1691268,1,ᚳᚻᛠᛈᚾᛖᛋᛋ,390
brahmins,1691212,1,ᛒᚱᚪᚻᛗᛁᚾᛋ,376
linoleum,1690374,1,ᛚᛁᚾᚩᛚᛖᚢᛗ,354
neuritis,1689283,0,ᚾᛖᚢᚱᛁᛏᛁᛋ,284
panicked,1689074,1,ᛈᚪᚾᛁᚳᚳᛖᛞ,382
muskegon,1688229,1,ᛗᚢᛋᚳᛖᚷᚩᚾ,260
nonhuman,1688024,1,ᚾᚩᚾᚻᚢᛗᚪᚾ,288
exemplar,1688009,1,ᛖᛉᛖᛗᛈᛚᚪᚱ,476
abounded,1688009,1,ᚪᛒᚩᚢᚾᛞᛖᛞ,442
squinted,1686323,1,ᛋᚳᚹᛁᚾᛏᛖᛞ,360
nonwhite,1686229,1,ᚾᚩᚾᚹᚻᛁᛏᛖ,264
notifies,1683899,1,ᚾᚩᛏᛁᚠᛁᛖᛋ,279
demeanour,1682784,1,ᛞᛖᛗᛠᚾᚩᚢᚱ,386
reissued,1681941,1,ᚱᛖᛁᛋᛋᚢᛖᛞ,374
sameness,1681883,1,ᛋᚪᛗᛖᚾᛖᛋᛋ,490
overrule,1681576,1,ᚩᚢᛖᚱᚱᚢᛚᛖ,242
postural,1681367,1,ᛈᚩᛋᛏᚢᚱᚪᛚ,346
blissful,1680510,1,ᛒᛚᛁᛋᛋᚠᚢᛚ,349
gateways,1680036,1,ᚷᚪᛏᛖᚹᚪᚣᛋ,512
conjured,1679464,1,ᚳᚩᚾᛂᚢᚱᛖᛞ,256
overalls,1678005,1,ᚩᚢᛖᚱᚪᛚᛚᛋ,384
macaroni,1677893,1,ᛗᚪᚳᚪᚱᚩᚾᛁ,356
falconer,1677835,1,ᚠᚪᛚᚳᚩᚾᛖᚱ,299
shackles,1676769,1,ᛋᚻᚪᚳᚳᛚᛖᛋ,392
toughest,1676418,1,ᛏᚩᚢᚷᚻᛖᛋᛏ,288
redirect,1675689,1,ᚱᛖᛞᛁᚱᛖᚳᛏ,348
babylonia,1675605,1,ᛒᚪᛒᚣᛚᚩᚾᛡ,538
postponing,1675365,1,ᛈᚩᛋᛏᛈᚩᚾᛝ,320
leninist,1674602,1,ᛚᛖᚾᛁᚾᛁᛋᛏ,372
stalwart,1674462,1,ᛋᛏᚪᛚᚹᚪᚱᛏ,468
wealthiest,1674203,1,ᚹᛠᛚᚦᛁᛖᛋᛏ,416
cephalic,1674056,1,ᚳᛖᛈᚻᚪᛚᛁᚳ,360
graffiti,1673957,1,ᚷᚱᚪᚠᚠᛁᛏᛁ,250
litigant,1673153,1,ᛚᛁᛏᛁᚷᚪᚾᛏ,396
disarmed,1671880,1,ᛞᛁᛋᚪᚱᛗᛖᛞ,508
mortally,1671822,1,ᛗᚩᚱᛏᚪᛚᛚᚣ,494
revulsion,1671172,1,ᚱᛖᚢᚢᛚᛋᛡᚾ,346
lemonade,1670410,1,ᛚᛖᛗᚩᚾᚪᛞᛖ,500
legatees,1670082,1,ᛚᛖᚷᚪᛏᛖᛖᛋ,500
alleviating,1668081,1,ᚪᛚᛚᛖᚢᛡᛏᛝ,558
statuary,1667786,1,ᛋᛏᚪᛏᚢᚪᚱᚣ,482
heresies,1667024,1,ᚻᛖᚱᛖᛋᛁᛖᛋ,372
pulitzer,1666085,1,ᛈᚢᛚᛁᛏᛋᛖᚱ,340
upgrades,1665477,1,ᚢᛈᚷᚱᚪᛞᛖᛋ,380
laziness,1664077,1,ᛚᚪᛋᛁᚾᛖᛋᛋ,456
sentient,1663270,1,ᛋᛖᚾᛏᛁᛖᚾᛏ,394
caravans,1662816,1,ᚳᚪᚱᚪᚢᚪᚾᛋ,400
upturned,1661498,1,ᚢᛈᛏᚢᚱᚾᛖᛞ,304
hollowed,1661042,1,ᚻᚩᛚᛚᚩᚹᛖᛞ,358
inoculum,1660236,1,ᛁᚾᚩᚳᚢᛚᚢᛗ,230
cyclones,1659398,1,ᚳᚣᚳᛚᚩᚾᛖᛋ,358
psoriasis,1659337,1,ᛈᛋᚩᚱᛡᛋᛁᛋ,358
bernardo,1657239,1,ᛒᛖᚱᚾᚪᚱᛞᚩ,372
irishmen,1655091,1,ᛁᚱᛁᛋᚻᛗᛖᚾ,316
redefine,1653802,1,ᚱᛖᛞᛖᚠᛁᚾᛖ,363
grenades,1652608,1,ᚷᚱᛖᚾᚪᛞᛖᛋ,430
canister,1652217,1,ᚳᚪᚾᛁᛋᛏᛖᚱ,360
resinous,1651047,1,ᚱᛖᛋᛁᚾᚩᚢᛋ,254
lonesome,1650890,1,ᛚᚩᚾᛖᛋᚩᛗᛖ,374
germinal,1650846,1,ᚷᛖᚱᛗᛁᚾᚪᛚ,396
buffaloes,1650495,1,ᛒᚢᚠᚠᚪᛚᛟᛋ,374
otherness,1650041,1,ᚩᚦᛖᚱᚾᛖᛋᛋ,292
sulfides,1647990,1,ᛋᚢᛚᚠᛁᛞᛖᛋ,371
dominica,1647013,1,ᛞᚩᛗᛁᚾᛁᚳᚪ,368
catheters,1646181,1,ᚳᚪᚦᛖᛏᛖᚱᛋ,372
timbered,1645057,1,ᛏᛁᛗᛒᛖᚱᛖᛞ,456
invalids,1644747,1,ᛁᚾᚢᚪᛚᛁᛞᛋ,406
bennington,1644147,1,ᛒᛖᚾᚾᛝᛏᚩᚾ,360
dropouts,1643209,1,ᛞᚱᚩᛈᚩᚢᛏᛋ,272
officiating,1642937,1,ᚩᚠᚠᛁᚳᛡᛏᛝ,300
parabola,1642879,1,ᛈᚪᚱᚪᛒᚩᛚᚪ,486
derelict,1641841,1,ᛞᛖᚱᛖᛚᛁᚳᛏ,410
spinster,1641554,1,ᛋᛈᛁᚾᛋᛏᛖᚱ,346
bailiffs,1641165,1,ᛒᚪᛁᛚᛁᚠᚠᛋ,350
cossacks,1640304,1,ᚳᚩᛋᛋᚪᚳᚳᛋ,302
endorses,1638366,1,ᛖᚾᛞᚩᚱᛋᛖᛋ,376
blizzard,1638239,1,ᛒᛚᛁᛋᛋᚪᚱᛞ,468
repented,1636098,1,ᚱᛖᛈᛖᚾᛏᛖᛞ,432
convents,1634989,1,ᚳᚩᚾᚢᛖᚾᛏᛋ,260
perforce,1632976,1,ᛈᛖᚱᚠᚩᚱᚳᛖ,221
spoilage,1631199,1,ᛋᛈᚩᛁᛚᚪᚷᛖ,388
polygons,1630316,1,ᛈᚩᛚᚣᚷᚩᚾᛋ,332
equalizing,1628814,1,ᛖᚳᚹᚪᛚᛁᛋᛝ,432
plundering,1626779,1,ᛈᛚᚢᚾᛞᛖᚱᛝ,394
currants,1624040,1,ᚳᚢᚱᚱᚪᚾᛏᛋ,276
dyspepsia,1623426,1,ᛞᚣᛋᛈᛖᛈᛋᛡ,558
termites,1621432,1,ᛏᛖᚱᛗᛁᛏᛖᛋ,418
melodious,1619289,1,ᛗᛖᛚᚩᛞᛡᚢᛋ,470
dissuade,1618530,1,ᛞᛁᛋᛋᚢᚪᛞᛖ,482
ardently,1617826,1,ᚪᚱᛞᛖᚾᛏᛚᚣ,528
channeling,1616075,1,ᚳᚻᚪᚾᚾᛖᛚᛝ,410
straggling,1616036,1,ᛋᛏᚱᚪᚷᚷᛚᛝ,406
glimpsed,1615040,1,ᚷᛚᛁᛗᛈᛋᛖᛞ,444
roommate,1614926,1,ᚱᚩᚩᛗᛗᚪᛏᛖ,390
lombardy,1614085,1,ᛚᚩᛗᛒᚪᚱᛞᚣ,512
maladies,1613725,1,ᛗᚪᛚᚪᛞᛁᛖᛋ,578
missoula,1612918,1,ᛗᛁᛋᛋᚩᚢᛚᚪ,388
modulating,1611514,1,ᛗᚩᛞᚢᛚᚪᛏᛝ,478
laterals,1611355,1,ᛚᚪᛏᛖᚱᚪᛚᛋ,530
aurelius,1610967,1,ᚪᚢᚱᛖᛚᛁᚢᛋ,338
shuddering,1610668,1,ᛋᚻᚢᛞᛞᛖᚱᛝ,414
thundered,1610664,1,ᚦᚢᚾᛞᛖᚱᛖᛞ,360
millennia,1610536,1,ᛗᛁᛚᛚᛖᚾᚾᛡ,480
trollope,1609713,1,ᛏᚱᚩᛚᛚᚩᛈᛖ,340
mollusks,1608277,1,ᛗᚩᛚᛚᚢᛋᚳᛋ,346
commuted,1608213,1,ᚳᚩᛗᛗᚢᛏᛖᛞ,380
foregone,1605568,1,ᚠᚩᚱᛖᚷᚩᚾᛖ,207
fourfold,1604648,1,ᚠᚩᚢᚱᚠᚩᛚᛞ,194
superman,1603849,1,ᛋᚢᛈᛖᚱᛗᚪᚾ,374
quickening,1603280,1,ᚳᚹᛁᚳᚳᛖᚾᛝ,264
unmanned,1601474,1,ᚢᚾᛗᚪᚾᚾᛖᛞ,414
scanners,1601436,1,ᛋᚳᚪᚾᚾᛖᚱᛋ,352
outmoded,1598199,1,ᚩᚢᛏᛗᚩᛞᛖᛞ,392
preprint,1598099,1,ᛈᚱᛖᛈᚱᛁᚾᛏ,294
reprisal,1597854,1,ᚱᛖᛈᚱᛁᛋᚪᛚ,386
gruesome,1597303,1,ᚷᚱᚢᛖᛋᚩᛗᛖ,296
mindanao,1596394,1,ᛗᛁᚾᛞᚪᚾᚪᚩ,450
connelly,1595351,1,ᚳᚩᚾᚾᛖᛚᛚᚣ,394
dutchman,1594748,1,ᛞᚢᛏᚳᚻᛗᚪᚾ,384
charisma,1594136,1,ᚳᚻᚪᚱᛁᛋᛗᚪ,396
mordecai,1593651,1,ᛗᚩᚱᛞᛖᚳᚪᛁ,386
epiphany,1592790,1,ᛖᛈᛁᛈᚻᚪᚾᚣ,436
obligate,1592204,1,ᚩᛒᛚᛁᚷᚪᛏᛖ,412
cutbacks,1591873,1,ᚳᚢᛏᛒᚪᚳᚳᛋ,312
dullness,1591740,1,ᛞᚢᛚᛚᚾᛖᛋᛋ,440
loudness,1591567,1,ᛚᚩᚢᛞᚾᛖᛋᛋ,374
emanation,1591232,1,ᛖᛗᚪᚾᚪᛏᛡᚾ,556
outbound,1591026,1,ᚩᚢᛏᛒᚩᚢᚾᛞ,258
eclipses,1590742,1,ᛖᚳᛚᛁᛈᛋᛖᛋ,400
messuage,1590198,1,ᛗᛖᛋᛋᚢᚪᚷᛖ,428
verandah,1589055,1,ᚢᛖᚱᚪᚾᛞᚪᚻ,416
unyielding,1588949,1,ᚢᚾᚣᛁᛖᛚᛞᛝ,474
modulate,1587593,1,ᛗᚩᛞᚢᛚᚪᛏᛖ,466
cenozoic,1587165,1,ᚳᛖᚾᚩᛋᚩᛁᚳ,220
reverent,1586995,1,ᚱᛖᚢᛖᚱᛖᚾᛏ,314
virology,1585417,0,ᚢᛁᚱᚩᛚᚩᚷᚣ,252
alacrity,1584161,1,ᚪᛚᚪᚳᚱᛁᛏᚣ,484
wretches,1583045,1,ᚹᚱᛖᛏᚳᚻᛖᛋ,312
garlands,1583004,1,ᚷᚪᚱᛚᚪᚾᛞᛋ,466
atlantis,1582512,1,ᚪᛏᛚᚪᚾᛏᛁᛋ,498
anaconda,1581597,1,ᚪᚾᚪᚳᚩᚾᛞᚪ,458
outliers,1581245,1,ᚩᚢᛏᛚᛁᛖᚱᛋ,304
eastwards,1580766,1,ᛠᛋᛏᚹᚪᚱᛞᛋ,490
twitched,1579928,1,ᛏᚹᛁᛏᚳᚻᛖᛞ,360
baritone,1579773,1,ᛒᚪᚱᛁᛏᚩᚾᛖ,362
efferent,1579550,1,ᛖᚠᚠᛖᚱᛖᚾᛏ,304
imprints,1579257,1,ᛁᛗᛈᚱᛁᚾᛏᛋ,328
disturbs,1576234,1,ᛞᛁᛋᛏᚢᚱᛒᛋ,360
alighted,1575993,1,ᚪᛚᛁᚷᚻᛏᛖᛞ,456
carbides,1574741,1,ᚳᚪᚱᛒᛁᛞᛖᛋ,422
blossoming,1572210,1,ᛒᛚᚩᛋᛋᚩᛗᛝ,404
sprawled,1572094,1,ᛋᛈᚱᚪᚹᛚᛖᛞ,452
encloses,1571814,1,ᛖᚾᚳᛚᚩᛋᛖᛋ,362
subsumed,1571328,1,ᛋᚢᛒᛋᚢᛗᛖᛞ,400
stuttering,1570671,1,ᛋᛏᚢᛏᛏᛖᚱᛝ,390
abandons,1570299,1,ᚪᛒᚪᚾᛞᚩᚾᛋ,462
grandest,1569818,1,ᚷᚱᚪᚾᛞᛖᛋᛏ,422
buttress,1569793,1,ᛒᚢᛏᛏᚱᛖᛋᛋ,366
draughts,1569449,1,ᛞᚱᚪᚢᚷᚻᛏᛋ,352
emphases,1568615,1,ᛖᛗᛈᚻᚪᛋᛖᛋ,474
pancakes,1568460,1,ᛈᚪᚾᚳᚪᚳᛖᛋ,412
patrician,1568433,1,ᛈᚪᛏᚱᛁᚳᛡᚾ,390
viennese,1568236,1,ᚢᛁᛖᚾᚾᛖᛋᛖ,346
voidable,1568202,1,ᚢᚩᛁᛞᚪᛒᛚᛖ,428
burgoyne,1567573,1,ᛒᚢᚱᚷᚩᚣᚾᛖ,298
invidious,1566980,1,ᛁᚾᚢᛁᛞᛡᚢᛋ,346
thorndike,1565964,1,ᚦᚩᚱᚾᛞᛁᚳᛖ,252
mcdaniel,1564964,1,ᛗᚳᛞᚪᚾᛁᛖᛚ,470
hydrants,1564872,1,ᚻᚣᛞᚱᚪᚾᛏᛋ,464
heaviness,1563232,1,ᚻᛠᚢᛁᚾᛖᛋᛋ,368
chauncey,1560900,1,ᚳᚻᚪᚢᚾᚳᛖᚣ,348
autumnal,1559926,1,ᚪᚢᛏᚢᛗᚾᚪᛚ,432
unabated,1556791,1,ᚢᚾᚪᛒᚪᛏᛖᛞ,502
infusions,1556242,1,ᛁᚾᚠᚢᛋᛡᚾᛋ,307
ayrshire,1555743,1,ᚪᚣᚱᛋᚻᛁᚱᛖ,396
coinciding,1553867,1,ᚳᚩᛁᚾᚳᛁᛞᛝ,292
reddened,1553854,1,ᚱᛖᛞᛞᛖᚾᛖᛞ,508
softball,1553297,1,ᛋᚩᚠᛏᛒᚪᛚᛚ,425
suffused,1553290,1,ᛋᚢᚠᚠᚢᛋᛖᛞ,272
vocations,1551015,1,ᚢᚩᚳᚪᛏᛡᚾᛋ,368
loyalist,1547702,1,ᛚᚩᚣᚪᛚᛁᛋᛏ,496
perfumed,1547306,1,ᛈᛖᚱᚠᚢᛗᛖᛞ,353
phosphor,1546533,1,ᛈᚻᚩᛋᛈᚻᚩᚱ,210
artistry,1546285,1,ᚪᚱᛏᛁᛋᛏᚱᚣ,424
politico,1545857,1,ᛈᚩᛚᛁᛏᛁᚳᚩ,264
casework,1544937,1,ᚳᚪᛋᛖᚹᚩᚱᚳ,280
loathsome,1544633,1,ᛚᚩᚪᚦᛋᚩᛗᛖ,380
scornful,1544510,1,ᛋᚳᚩᚱᚾᚠᚢᛚ,191
effusions,1543057,1,ᛖᚠᚠᚢᛋᛡᚾᛋ,316
disloyal,1542831,1,ᛞᛁᛋᛚᚩᚣᚪᛚ,526
darwinian,1541580,1,ᛞᚪᚱᚹᛁᚾᛡᚾ,412
subsonic,1541370,1,ᛋᚢᛒᛋᚩᚾᛁᚳ,250
porridge,1540440,1,ᛈᚩᚱᚱᛁᛞᚷᛖ,276
authorising,1538939,1,ᚪᚢᚦᚩᚱᛁᛋᛝ,286
collated,1538835,1,ᚳᚩᛚᛚᚪᛏᛖᛞ,478
crusader,1535600,1,ᚳᚱᚢᛋᚪᛞᛖᚱ,344
memorize,1535433,1,ᛗᛖᛗᚩᚱᛁᛋᛖ,378
decimals,1534872,1,ᛞᛖᚳᛁᛗᚪᛚᛋ,494
venomous,1534184,1,ᚢᛖᚾᚩᛗᚩᚢᛋ,240
tientsin,1533861,1,ᛏᛁᛖᚾᛏᛋᛁᚾ,358
impudent,1533612,1,ᛁᛗᛈᚢᛞᛖᚾᛏ,392
astringent,1532815,1,ᚪᛋᛏᚱᛝᛖᚾᛏ,454
fanatics,1531254,1,ᚠᚪᚾᚪᛏᛁᚳᛋ,381
valvular,1530519,1,ᚢᚪᛚᚢᚢᛚᚪᚱ,360
lithology,1530097,0,ᛚᛁᚦᚩᛚᚩᚷᚣ,316
brakeman,1528726,1,ᛒᚱᚪᚳᛖᛗᚪᚾ,446
baptisms,1528299,1,ᛒᚪᛈᛏᛁᛋᛗᛋ,468
consoled,1528263,1,ᚳᚩᚾᛋᚩᛚᛖᛞ,338
commends,1527912,1,ᚳᚩᛗᛗᛖᚾᛞᛋ,400
overheating,1527630,1,ᚩᚢᛖᚱᚻᛠᛏᛝ,358
flotilla,1527400,1,ᚠᛚᚩᛏᛁᛚᛚᚪ,415
horrific,1527313,1,ᚻᚩᚱᚱᛁᚠᛁᚳ,129
canfield,1527059,1,ᚳᚪᚾᚠᛁᛖᛚᛞ,401
prolapse,1526993,1,ᛈᚱᚩᛚᚪᛈᛋᛖ,394
dockyard,1526282,1,ᛞᚩᚳᚳᚣᚪᚱᛞ,422
speciation,1525093,1,ᛋᛈᛖᚳᛡᛏᛡᚾ,478
immanuel,1524964,1,ᛁᛗᛗᚪᚾᚢᛖᛚ,442
slavonic,1524887,1,ᛋᛚᚪᚢᚩᚾᛁᚳ,306
hacienda,1524294,1,ᚻᚪᚳᛁᛖᚾᛞᚪ,446
monotone,1524284,1,ᛗᚩᚾᚩᛏᚩᚾᛖ,276
saddened,1523300,1,ᛋᚪᛞᛞᛖᚾᛖᛞ,580
surnames,1522689,1,ᛋᚢᚱᚾᚪᛗᛖᛋ,384
stiffening,1522471,1,ᛋᛏᛁᚠᚠᛖᚾᛝ,322
exclaiming,1522214,1,ᛖᛉᚳᛚᚪᛁᛗᛝ,478
irrigate,1520956,1,ᛁᚱᚱᛁᚷᚪᛏᛖ,324
gamblers,1520731,1,ᚷᚪᛗᛒᛚᛖᚱᛋ,450
soldiery,1519916,1,ᛋᚩᛚᛞᛁᛖᚱᚣ,434
adorable,1519135,1,ᚪᛞᚩᚱᚪᛒᛚᛖ,502
weekdays,1518575,1,ᚹᛖᛖᚳᛞᚪᚣᛋ,508
delirious,1518280,1,ᛞᛖᛚᛁᚱᛡᚢᛋ,434
lighters,1517367,1,ᛚᛁᚷᚻᛏᛖᚱᛋ,334
enveloping,1517315,1,ᛖᚾᚢᛖᛚᚩᛈᛝ,368
uprooted,1517055,1,ᚢᛈᚱᚩᚩᛏᛖᛞ,286
firewall,1516835,1,ᚠᛁᚱᛖᚹᚪᛚᛚ,373
savagery,1516715,1,ᛋᚪᚢᚪᚷᛖᚱᚣ,448
unavailing,1516626,1,ᚢᚾᚪᚢᚪᛁᛚᛝ,412
reusable,1515391,1,ᚱᛖᚢᛋᚪᛒᛚᛖ,432
gunboats,1514702,1,ᚷᚢᚾᛒᚩᚪᛏᛋ,326
godfather,1513795,1,ᚷᚩᛞᚠᚪᚦᛖᚱ,295
lutherans,1513376,1,ᛚᚢᚦᛖᚱᚪᚾᛋ,338
syntheses,1512625,1,ᛋᚣᚾᚦᛖᛋᛖᛋ,430
splinter,1511536,1,ᛋᛈᛚᛁᚾᛏᛖᚱ,366
glutamic,1511432,1,ᚷᛚᚢᛏᚪᛗᛁᚳ,364
provokes,1509605,1,ᛈᚱᚩᚢᚩᚳᛖᛋ,204
unguarded,1509530,1,ᚢᛝᚢᚪᚱᛞᛖᛞ,438
curators,1508720,1,ᚳᚢᚱᚪᛏᚩᚱᛋ,254
coalesce,1508395,1,ᚳᚩᚪᛚᛖᛋᚳᛖ,390
bakeries,1507892,1,ᛒᚪᚳᛖᚱᛁᛖᛋ,400
superbly,1505850,1,ᛋᚢᛈᛖᚱᛒᛚᚣ,414
hilarious,1505395,1,ᚻᛁᛚᚪᚱᛡᚢᛋ,398
reworked,1504979,1,ᚱᛖᚹᚩᚱᚳᛖᛞ,284
magmatic,1504939,1,ᛗᚪᚷᛗᚪᛏᛁᚳ,456
prothorax,1501366,1,ᛈᚱᚩᚦᚩᚱᚪᛉ,228
quivered,1501137,1,ᚳᚹᛁᚢᛖᚱᛖᛞ,300
plasmids,1500663,1,ᛈᛚᚪᛋᛗᛁᛞᛋ,510
comanche,1500648,1,ᚳᚩᛗᚪᚾᚳᚻᛖ,320
admirals,1500394,1,ᚪᛞᛗᛁᚱᚪᛚᛋ,522
hematoma,1499212,1,ᚻᛖᛗᚪᛏᚩᛗᚪ,492
dampness,1499148,1,ᛞᚪᛗᛈᚾᛖᛋᛋ,502
agitator,1499098,1,ᚪᚷᛁᛏᚪᛏᚩᚱ,378
crandall,1498701,1,ᚳᚱᚪᚾᛞᚪᛚᛚ,482
cancelling,1496890,1,ᚳᚪᚾᚳᛖᛚᛚᛝ,444
lakeside,1496349,1,ᛚᚪᚳᛖᛋᛁᛞᛖ,490
polynesia,1496120,1,ᛈᚩᛚᚣᚾᛖᛋᛡ,482
quarried,1494907,1,ᚳᚹᚪᚱᚱᛁᛖᛞ,338
demurred,1494849,1,ᛞᛖᛗᚢᚱᚱᛖᛞ,408
lifespan,1492715,1,ᛚᛁᚠᛖᛋᛈᚪᚾ,395
wrenched,1492690,1,ᚹᚱᛖᚾᚳᚻᛖᛞ,318
befallen,1492628,1,ᛒᛖᚠᚪᛚᛚᛖᚾ,469
patrolling,1491996,1,ᛈᚪᛏᚱᚩᛚᛚᛝ,442
organics,1491241,1,ᚩᚱᚷᚪᚾᛁᚳᛋ,258
molluscs,1491124,1,ᛗᚩᛚᛚᚢᛋᚳᛋ,346
chlorate,1491054,1,ᚳᚻᛚᚩᚱᚪᛏᛖ,350
zealously,1491040,1,ᛋᛠᛚᚩᚢᛋᛚᚣ,474
handmade,1489834,1,ᚻᚪᚾᛞᛗᚪᛞᛖ,562
bushnell,1489250,1,ᛒᚢᛋᚻᚾᛖᛚᛚ,382
amarillo,1488497,1,ᚪᛗᚪᚱᛁᛚᛚᚩ,460
mollusca,1488338,1,ᛗᚩᛚᛚᚢᛋᚳᚪ,390
revivals,1488096,1,ᚱᛖᚢᛁᚢᚪᛚᛋ,338
enforces,1487519,1,ᛖᚾᚠᚩᚱᚳᛖᛋ,249
unevenly,1486223,1,ᚢᚾᛖᚢᛖᚾᛚᚣ,374
grimaced,1485801,1,ᚷᚱᛁᛗᚪᚳᛖᛞ,396
lavishly,1484645,1,ᛚᚪᚢᛁᛋᚻᛚᚣ,456
punctual,1484357,1,ᛈᚢᚾᚳᛏᚢᚪᛚ,320
conspiring,1484318,1,ᚳᚩᚾᛋᛈᛁᚱᛝ,266
inequity,1484289,1,ᛁᚾᛖᚳᚹᛁᛏᚣ,352
rudeness,1483962,1,ᚱᚢᛞᛖᚾᛖᛋᛋ,372
libretto,1483062,1,ᛚᛁᛒᚱᛖᛏᛏᚩ,368
abscissa,1482130,1,ᚪᛒᛋᚳᛁᛋᛋᚪ,458
danielle,1481795,1,ᛞᚪᚾᛁᛖᛚᛚᛖ,526
sorcerer,1480592,1,ᛋᚩᚱᚳᛖᚱᛖᚱ,240
corrupting,1480030,1,ᚳᚩᚱᚱᚢᛈᛏᛝ,226
venetians,1478834,1,ᚢᛖᚾᛖᛏᛡᚾᛋ,414
hamsters,1478686,1,ᚻᚪᛗᛋᛏᛖᚱᛋ,434
banquets,1478385,1,ᛒᚪᚾᚳᚹᛖᛏᛋ,398
vignette,1476964,1,ᚢᛁᚷᚾᛖᛏᛏᛖ,332
gretchen,1475976,1,ᚷᚱᛖᛏᚳᚻᛖᚾ,286
disjoint,1475532,1,ᛞᛁᛋᛂᚩᛁᚾᛏ,336
engravers,1474602,1,ᛖᛝᚱᚪᚢᛖᚱᛋ,388
doorbell,1473321,1,ᛞᚩᚩᚱᛒᛖᛚᛚ,388
amygdala,1471502,1,ᚪᛗᚣᚷᛞᚪᛚᚪ,644
downside,1470687,1,ᛞᚩᚹᚾᛋᛁᛞᛖ,384
kirkwood,1469940,1,ᚳᛁᚱᚳᚹᚩᚩᛞ,190
strainer,1469401,1,ᛋᛏᚱᚪᛁᚾᛖᚱ,358
motorway,1469149,1,ᛗᚩᛏᚩᚱᚹᚪᚣ,374
occluded,1468869,1,ᚩᚳᚳᛚᚢᛞᛖᛞ,354
newburgh,1468750,1,ᚾᛖᚹᛒᚢᚱᚷᚻ,230
chromate,1467655,1,ᚳᚻᚱᚩᛗᚪᛏᛖ,348
lavished,1467228,1,ᛚᚪᚢᛁᛋᚻᛖᛞ,436
generall,1467213,1,ᚷᛖᚾᛖᚱᚪᛚᛚ,434
catalina,1466051,1,ᚳᚪᛏᚪᛚᛁᚾᚪ,496
lamellar,1466048,1,ᛚᚪᛗᛖᛚᛚᚪᚱ,562
breathtaking,1463507,1,ᛒᚱᛠᚦᛏᚪᚳᛝ,434
presides,1463102,1,ᛈᚱᛖᛋᛁᛞᛖᛋ,414
nutshell,1462089,1,ᚾᚢᛏᛋᚻᛖᛚᛚ,380
diabetics,1461719,1,ᛞᛡᛒᛖᛏᛁᚳᛋ,480
absurdly,1461608,1,ᚪᛒᛋᚢᚱᛞᛚᚣ,490
salience,1461096,1,ᛋᚪᛚᛁᛖᚾᚳᛖ,430
greenleaf,1460974,1,ᚷᚱᛖᛖᚾᛚᛠᚠ,375
heartland,1460653,1,ᚻᛠᚱᛏᛚᚪᚾᛞ,490
brownell,1460613,1,ᛒᚱᚩᚹᚾᛖᛚᛚ,340
faithless,1460609,1,ᚠᚪᛁᚦᛚᛖᛋᛋ,381
wrestled,1459590,1,ᚹᚱᛖᛋᛏᛚᛖᛞ,438
habsburg,1459288,1,ᚻᚪᛒᛋᛒᚢᚱᚷ,326
incisive,1458785,1,ᛁᚾᚳᛁᛋᛁᚢᛖ,258
theophilus,1457699,1,ᚦᛇᛈᚻᛁᛚᚢᛋ,272
phonemes,1457230,1,ᛈᚻᚩᚾᛖᛗᛖᛋ,360
sardines,1455098,1,ᛋᚪᚱᛞᛁᚾᛖᛋ,430
bullocks,1454996,1,ᛒᚢᛚᛚᚩᚳᚳᛋ,296
brighten,1453666,1,ᛒᚱᛁᚷᚻᛏᛖᚾ,298
inductor,1453381,1,ᛁᚾᛞᚢᚳᛏᚩᚱ,242
choruses,1452776,1,ᚳᚻᚩᚱᚢᛋᛖᛋ,230
causally,1451853,1,ᚳᚪᚢᛋᚪᛚᛚᚣ,512
relished,1451079,1,ᚱᛖᛚᛁᛋᚻᛖᛞ,414
notables,1450217,1,ᚾᚩᛏᚪᛒᛚᛖᛋ,446
parlance,1449963,1,ᛈᚪᚱᛚᚪᚾᚳᛖ,430
unseemly,1449374,1,ᚢᚾᛋᛖᛖᛗᛚᚣ,466
varietal,1448633,1,ᚢᚪᚱᛁᛖᛏᚪᛚ,438
abducted,1448530,1,ᚪᛒᛞᚢᚳᛏᛖᛞ,478
defrayed,1448254,1,ᛞᛖᚠᚱᚪᚣᛖᛞ,525
irritate,1446361,1,ᛁᚱᚱᛁᛏᚪᛏᛖ,366
irrigating,1446140,1,ᛁᚱᚱᛁᚷᚪᛏᛝ,336
mudstone,1444350,1,ᛗᚢᛞᛋᛏᚩᚾᛖ,378
besought,1444128,1,ᛒᛖᛋᚩᚢᚷᚻᛏ,290
carefree,1444082,1,ᚳᚪᚱᛖᚠᚱᛖᛖ,335
pitchers,1443269,1,ᛈᛁᛏᚳᚻᛖᚱᛋ,300
sagacious,1442427,1,ᛋᚪᚷᚪᚳᛡᚢᛋ,440
magellan,1442008,1,ᛗᚪᚷᛖᛚᛚᚪᚾ,524
spartans,1440967,1,ᛋᛈᚪᚱᛏᚪᚾᛋ,442
stipends,1440921,1,ᛋᛏᛁᛈᛖᚾᛞᛋ,424
crayfish,1440807,1,ᚳᚱᚪᚣᚠᛁᛋᚻ,333
fascists,1440511,1,ᚠᚪᛋᚳᛁᛋᛏᛋ,361
enlarges,1440009,1,ᛖᚾᛚᚪᚱᚷᛖᛋ,414
meteorite,1438889,1,ᛗᛖᛏᛇᚱᛁᛏᛖ,406
tympanic,1437574,1,ᛏᚣᛗᛈᚪᚾᛁᚳ,446
vultures,1436730,1,ᚢᚢᛚᛏᚢᚱᛖᛋ,272
prussians,1436328,1,ᛈᚱᚢᛋᛋᛡᚾᛋ,352
carnation,1435920,1,ᚳᚪᚱᚾᚪᛏᛡᚾ,442
recurred,1435059,1,ᚱᛖᚳᚢᚱᚱᛖᛞ,272
enormity,1434964,1,ᛖᚾᚩᚱᛗᛁᛏᚣ,378
oxytocin,1434076,1,ᚩᛉᚣᛏᚩᚳᛁᚾ,296
pacifist,1433834,1,ᛈᚪᚳᛁᚠᛁᛋᛏ,329
decently,1433610,1,ᛞᛖᚳᛖᚾᛏᛚᚣ,500
upheavals,1433550,1,ᚢᛈᚻᛠᚢᚪᛚᛋ,404
conspire,1433422,1,ᚳᚩᚾᛋᛈᛁᚱᛖ,254
consortia,1432424,1,ᚳᚩᚾᛋᚩᚱᛏᛡ,286
stickers,1430801,1,ᛋᛏᛁᚳᚳᛖᚱᛋ,300
meekness,1430779,1,ᛗᛖᛖᚳᚾᛖᛋᛋ,420
lavatory,1430236,1,ᛚᚪᚢᚪᛏᚩᚱᚣ,450
vastness,1430072,1,ᚢᚪᛋᛏᚾᛖᛋᛋ,414
adverted,1429710,1,ᚪᛞᚢᛖᚱᛏᛖᛞ,482
chromite,1429556,1,ᚳᚻᚱᚩᛗᛁᛏᛖ,282
devilish,1429488,1,ᛞᛖᚢᛁᛚᛁᛋᚻ,370
humblest,1429159,1,ᚻᚢᛗᛒᛚᛖᛋᛏ,410
springtime,1428707,1,ᛋᛈᚱᛝᛏᛁᛗᛖ,414
neuroses,1428199,1,ᚾᛖᚢᚱᚩᛋᛖᛋ,290
cyanosis,1428183,0,ᚳᚣᚪᚾᚩᛋᛁᛋ,386
ginsberg,1428181,1,ᚷᛁᚾᛋᛒᛖᚱᚷ,286
triennial,1427901,1,ᛏᚱᛁᛖᚾᚾᛡᛚ,406
savagely,1427348,1,ᛋᚪᚢᚪᚷᛖᛚᚣ,510
victuals,1427181,1,ᚢᛁᚳᛏᚢᚪᛚᛋ,332
saracens,1426811,1,ᛋᚪᚱᚪᚳᛖᚾᛋ,420
catalonia,1426292,1,ᚳᚪᛏᚪᛚᚩᚾᛡ,482
berliner,1424718,1,ᛒᛖᚱᛚᛁᚾᛖᚱ,350
dietetic,1421575,1,ᛞᛁᛖᛏᛖᛏᛁᚳ,416
arsenals,1419912,1,ᚪᚱᛋᛖᚾᚪᛚᛋ,480
corroded,1417917,1,ᚳᚩᚱᚱᚩᛞᛖᛞ,294
jordanian,1415972,1,ᛂᚩᚱᛞᚪᚾᛡᚾ,406
lakewood,1415870,1,ᛚᚪᚳᛖᚹᚩᚩᛞ,372
aeschylus,1415040,1,ᚫᛋᚳᚻᚣᛚᚢᛋ,422
inducted,1414511,1,ᛁᚾᛞᚢᚳᛏᛖᛞ,380
adjuncts,1414422,1,ᚪᛞᛂᚢᚾᚳᛏᛋ,380
bypassed,1414416,1,ᛒᚣᛈᚪᛋᛋᛖᛞ,566
trappers,1413898,1,ᛏᚱᚪᛈᛈᛖᚱᛋ,384
zechariah,1412871,1,ᛋᛖᚳᚻᚪᚱᛡᚻ,394
knowlton,1412002,1,ᚳᚾᚩᚹᛚᛏᚩᚾ,236
vacuoles,1411669,1,ᚢᚪᚳᚢᚩᛚᛖᛋ,316
cookbook,1410620,1,ᚳᚩᚩᚳᛒᚩᚩᚳ,128
grenoble,1408761,1,ᚷᚱᛖᚾᚩᛒᛚᛖ,332
silences,1407991,1,ᛋᛁᛚᛖᚾᚳᛖᛋ,386
bulkheads,1407596,1,ᛒᚢᛚᚳᚻᛠᛞᛋ,424
checkout,1407091,1,ᚳᚻᛖᚳᚳᚩᚢᛏ,198
maverick,1406775,1,ᛗᚪᚢᛖᚱᛁᚳᚳ,306
pedicels,1406639,1,ᛈᛖᛞᛁᚳᛖᛚᛋ,436
furthered,1406613,1,ᚠᚢᚱᚦᛖᚱᛖᛞ,255
subgenus,1406518,1,ᛋᚢᛒᚷᛖᚾᚢᛋ,286
chartres,1405869,1,ᚳᚻᚪᚱᛏᚱᛖᛋ,334
boosters,1404282,1,ᛒᚩᚩᛋᛏᛖᚱᛋ,318
dislodge,1403954,1,ᛞᛁᛋᛚᚩᛞᚷᛖ,426
nebulous,1403192,1,ᚾᛖᛒᚢᛚᚩᚢᛋ,296
toroidal,1402777,1,ᛏᚩᚱᚩᛁᛞᚪᛚ,374
mcknight,1402559,1,ᛗᚳᚳᚾᛁᚷᚻᛏ,256
symbiosis,1401604,0,ᛋᚣᛗᛒᛡᛋᛁᛋ,532
commending,1401209,1,ᚳᚩᛗᛗᛖᚾᛞᛝ,426
exactions,1401179,1,ᛖᛉᚪᚳᛏᛡᚾᛋ,472
drawdown,1400602,1,ᛞᚱᚪᚹᛞᚩᚹᚾ,360
arabella,1400112,1,ᚪᚱᚪᛒᛖᛚᛚᚪ,576
apoplexy,1398353,1,ᚪᛈᚩᛈᛚᛖᛉᚣ,480
plastering,1397590,1,ᛈᛚᚪᛋᛏᛖᚱᛝ,482
terraced,1394910,1,ᛏᛖᚱᚱᚪᚳᛖᛞ,414
boccaccio,1394641,1,ᛒᚩᚳᚳᚪᚳᚳᛡ,324
dejected,1393901,1,ᛞᛖᛂᛖᚳᛏᛖᛞ,488
sonorous,1393881,1,ᛋᚩᚾᚩᚱᚩᚢᛋ,170
heedless,1393071,1,ᚻᛖᛖᛞᛚᛖᛋᛋ,492
transept,1392738,1,ᛏᚱᚪᚾᛋᛖᛈᛏ,418
wedgwood,1391653,1,ᚹᛖᛞᚷᚹᚩᚩᛞ,314
garnered,1391091,1,ᚷᚪᚱᚾᛖᚱᛖᛞ,388
censored,1390811,1,ᚳᛖᚾᛋᚩᚱᛖᛞ,336
penchant,1389150,1,ᛈᛖᚾᚳᚻᚪᚾᛏ,360
beardsley,1388673,1,ᛒᛠᚱᛞᛋᛚᛖᚣ,566
swimmers,1387533,1,ᛋᚹᛁᛗᛗᛖᚱᛋ,376
inbreeding,1387006,1,ᛁᚾᛒᚱᛖᛖᛞᛝ,434
oilseeds,1384456,1,ᚩᛁᛚᛋᛖᛖᛞᛋ,440
enameled,1384111,1,ᛖᚾᚪᛗᛖᛚᛖᛞ,560
magicians,1383735,1,ᛗᚪᚷᛁᚳᛡᚾᛋ,418
standish,1383042,1,ᛋᛏᚪᚾᛞᛁᛋᚻ,434
demolish,1382842,1,ᛞᛖᛗᚩᛚᛁᛋᚻ,414
egregious,1382742,1,ᛖᚷᚱᛖᚷᛡᚢᛋ,342
dutchess,1382572,1,ᛞᚢᛏᚳᚻᛖᛋᛋ,360
lifeboat,1382437,1,ᛚᛁᚠᛖᛒᚩᚪᛏ,397
flawless,1382421,1,ᚠᛚᚪᚹᛚᛖᛋᛋ,437
tuesdays,1382306,1,ᛏᚢᛖᛋᛞᚪᚣᛋ,524
buttered,1382240,1,ᛒᚢᛏᛏᛖᚱᛖᛞ,416
hardwick,1381985,1,ᚻᚪᚱᛞᚹᛁᚳᚳ,296
bouillon,1381886,1,ᛒᚩᚢᛁᛚᛚᚩᚾ,284
urticaria,1380331,1,ᚢᚱᛏᛁᚳᚪᚱᛡ,332
insomuch,1380281,1,ᛁᚾᛋᚩᛗᚢᚳᚻ,230
adolphus,1379707,1,ᚪᛞᚩᛚᛈᚻᚢᛋ,388
deflated,1379176,1,ᛞᛖᚠᛚᚪᛏᛖᛞ,543
printout,1378628,1,ᛈᚱᛁᚾᛏᚩᚢᛏ,242
cortland,1378626,1,ᚳᚩᚱᛏᛚᚪᚾᛞ,378
evidencing,1378609,1,ᛖᚢᛁᛞᛖᚾᚳᛝ,378
salvaged,1378304,1,ᛋᚪᛚᚢᚪᚷᛖᛞ,496
jewelers,1376831,1,ᛂᛖᚹᛖᛚᛖᚱᛋ,394
isotherms,1376458,1,ᛁᛋᚩᚦᛖᚱᛗᛋ,298
clavicle,1376093,1,ᚳᛚᚪᚢᛁᚳᛚᛖ,370
disclaim,1375767,1,ᛞᛁᛋᚳᛚᚪᛁᛗ,458
tuskegee,1374259,1,ᛏᚢᛋᚳᛖᚷᛖᛖ,346
cisterns,1374231,1,ᚳᛁᛋᛏᛖᚱᚾᛋ,316
flatness,1373929,1,ᚠᛚᚪᛏᚾᛖᛋᛋ,433
domesday,1373156,1,ᛞᚩᛗᛖᛋᛞᚪᚣ,576
frankish,1371408,1,ᚠᚱᚪᚾᚳᛁᛋᚻ,259
huguenot,1370692,1,ᚻᚢᚷᚢᛖᚾᚩᛏ,208
apathetic,1369852,1,ᚪᛈᚪᚦᛖᛏᛁᚳ,412
airtight,1366535,1,ᚪᛁᚱᛏᛁᚷᚻᛏ,328
buttoned,1366063,1,ᛒᚢᛏᛏᚩᚾᛖᛞ,374
comeback,1363935,1,ᚳᚩᛗᛖᛒᚪᚳᚳ,342
casement,1363779,1,ᚳᚪᛋᛖᛗᛖᚾᛏ,456
squatted,1363158,1,ᛋᚳᚹᚪᛏᛏᛖᛞ,456
tasmanian,1362946,1,ᛏᚪᛋᛗᚪᚾᛡᚾ,542
himselfe,1362455,1,ᚻᛁᛗᛋᛖᛚᚠᛖ,387
bellowed,1362091,1,ᛒᛖᛚᛚᚩᚹᛖᛞ,456
retaliate,1361938,1,ᚱᛖᛏᚪᛚᛡᛏᛖ,540
dominick,1361405,1,ᛞᚩᛗᛁᚾᛁᚳᚳ,284
trawlers,1361364,1,ᛏᚱᚪᚹᛚᛖᚱᛋ,390
phantoms,1359936,1,ᛈᚻᚪᚾᛏᚩᛗᛋ,382
retrofit,1359487,1,ᚱᛖᛏᚱᚩᚠᛁᛏ,247
coronado,1359311,1,ᚳᚩᚱᚩᚾᚪᛞᚩ,260
lockport,1359048,1,ᛚᚩᚳᚳᛈᚩᚱᛏ,226
obscures,1357730,1,ᚩᛒᛋᚳᚢᚱᛖᛋ,268
centurion,1356445,1,ᚳᛖᚾᛏᚢᚱᛡᚾ,318
canvases,1356218,1,ᚳᚪᚾᚢᚪᛋᛖᛋ,412
notaries,1356159,1,ᚾᚩᛏᚪᚱᛁᛖᛋ,354
guerrero,1355374,1,ᚷᚢᛖᚱᚱᛖᚱᚩ,194
slippage,1354701,1,ᛋᛚᛁᛈᛈᚪᚷᛖ,424
devoutly,1354139,1,ᛞᛖᚢᚩᚢᛏᛚᚣ,404
sharpest,1353615,1,ᛋᚻᚪᚱᛈᛖᛋᛏ,406
isomeric,1353533,1,ᛁᛋᚩᛗᛖᚱᛁᚳ,284
wildfire,1352800,1,ᚹᛁᛚᛞᚠᛁᚱᛖ,323
encroach,1352099,1,ᛖᚾᚳᚱᚩᚪᚳᚻ,260
schooled,1351799,1,ᛋᚳᚻᚩᚩᛚᛖᛞ,332
legalize,1351395,1,ᛚᛖᚷᚪᛚᛁᛋᛖ,478
impressing,1350512,1,ᛁᛗᛈᚱᛖᛋᛋᛝ,408
magnates,1350478,1,ᛗᚪᚷᚾᚪᛏᛖᛋ,490
leninism,1350045,1,ᛚᛖᚾᛁᚾᛁᛋᛗ,384
andesite,1349942,1,ᚪᚾᛞᛖᛋᛁᛏᛖ,492
thyroxine,1347695,1,ᚦᚣᚱᚩᛉᛁᚾᛖ,300
carlsbad,1346827,1,ᚳᚪᚱᛚᛋᛒᚪᛞ,494
trainmen,1346657,1,ᛏᚱᚪᛁᚾᛗᛖᚾ,394
knighted,1346401,1,ᚳᚾᛁᚷᚻᛏᛖᛞ,328
rhyolite,1346244,1,ᚱᚻᚣᚩᛚᛁᛏᛖ,374
browsers,1345951,1,ᛒᚱᚩᚹᛋᛖᚱᛋ,282
ingeniously,1344364,1,ᛝᛖᚾᛡᚢᛋᛚᚣ,514
dentures,1344234,1,ᛞᛖᚾᛏᚢᚱᛖᛋ,378
adjuster,1344028,1,ᚪᛞᛂᚢᛋᛏᛖᚱ,416
backside,1343992,1,ᛒᚪᚳᚳᛋᛁᛞᛖ,424
homecoming,1343375,0,ᚻᚩᛗᛖᚳᚩᛗᛝ,338
poseidon,1343037,0,ᛈᚩᛋᛖᛁᛞᚩᚾ,326
decoction,1340910,0,ᛞᛖᚳᚩᚳᛏᛡᚾ,384
selfless,1340507,0,ᛋᛖᛚᚠᛚᛖᛋᛋ,441
mulligan,1340439,0,ᛗᚢᛚᛚᛁᚷᚪᚾ,394
callable,1339463,0,ᚳᚪᛚᛚᚪᛒᛚᛖ,554
permeation,1338178,0,ᛈᛖᚱᛗᛠᛏᛡᚾ,496
huntsman,1336344,0,ᚻᚢᚾᛏᛋᛗᚪᚾ,364
mastitis,1334227,0,ᛗᚪᛋᛏᛁᛏᛁᛋ,454
rangeland,1332999,0,ᚱᚪᛝᛖᛚᚪᚾᛞ,542
foreboding,1331536,0,ᚠᚩᚱᛖᛒᚩᛞᛝ,323
essayist,1331385,0,ᛖᛋᛋᚪᚣᛁᛋᛏ,516
theodosius,1330470,0,ᚦᛇᛞᚩᛋᛁᚢᛋ,282
jacobite,1330204,0,ᛂᚪᚳᚩᛒᛁᛏᛖ,372
transect,1328564,0,ᛏᚱᚪᚾᛋᛖᚳᛏ,388
crickets,1325649,0,ᚳᚱᛁᚳᚳᛖᛏᛋ,260
ironical,1325285,0,ᛁᚱᚩᚾᛁᚳᚪᛚ,292
replicas,1325181,0,ᚱᛖᛈᛚᛁᚳᚪᛋ,388
diffuser,1324877,0,ᛞᛁᚠᚠᚢᛋᛖᚱ,258
gatherers,1324504,0,ᚷᚪᚦᛖᚱᛖᚱᛋ,328
stripper,1324455,0,ᛋᛏᚱᛁᛈᛈᛖᚱ,318
socializing,1324048,0,ᛋᚩᚳᛡᛚᛁᛋᛝ,416
competes,1323603,0,ᚳᚩᛗᛈᛖᛏᛖᛋ,380
downtime,1323416,0,ᛞᚩᚹᚾᛏᛁᛗᛖ,372
arrowhead,1322859,0,ᚪᚱᚱᚩᚹᚻᛠᛞ,366
flounder,1322607,0,ᚠᛚᚩᚢᚾᛞᛖᚱ,281
untitled,1321790,0,ᚢᚾᛏᛁᛏᛚᛖᛞ,410
rectifying,1321721,0,ᚱᛖᚳᛏᛁᚠᚣᛝ,365
entwined,1321661,0,ᛖᚾᛏᚹᛁᚾᛖᛞ,390
outgrown,1321114,0,ᚩᚢᛏᚷᚱᚩᚹᚾ,152
flaubert,1320965,0,ᚠᛚᚪᚢᛒᛖᚱᛏ,373
colville,1320916,0,ᚳᚩᛚᚢᛁᛚᛚᛖ,340
ecliptic,1320880,0,ᛖᚳᛚᛁᛈᛏᛁᚳ,330
burghers,1320690,0,ᛒᚢᚱᚷᚻᛖᚱᛋ,246
gulliver,1320264,0,ᚷᚢᛚᛚᛁᚢᛖᚱ,278
lovelace,1320258,0,ᛚᚩᚢᛖᛚᚪᚳᛖ,400
airframe,1319676,0,ᚪᛁᚱᚠᚱᚪᛗᛖ,387
blackout,1319225,0,ᛒᛚᚪᚳᚳᚩᚢᛏ,326
jealously,1319201,0,ᛂᛠᛚᚩᚢᛋᛚᚣ,458
insulate,1318861,0,ᛁᚾᛋᚢᛚᚪᛏᛖ,412
guinness,1318421,0,ᚷᚢᛁᚾᚾᛖᛋᛋ,282
benefice,1315453,0,ᛒᛖᚾᛖᚠᛁᚳᛖ,337
alienating,1314429,0,ᚪᛚᛁᛖᚾᚪᛏᛝ,532
pruritus,1314392,0,ᛈᚱᚢᚱᛁᛏᚢᛋ,214
kathmandu,1314106,0,ᚳᚪᚦᛗᚪᚾᛞᚢ,404
outflows,1314096,0,ᚩᚢᛏᚠᛚᚩᚹᛋ,223
disarray,1314069,0,ᛞᛁᛋᚪᚱᚱᚪᚣ,492
assyrians,1313750,0,ᚪᛋᛋᚣᚱᛡᚾᛋ,506
absolved,1313682,0,ᚪᛒᛋᚩᛚᚢᛖᛞ,450
lifeline,1310347,0,ᛚᛁᚠᛖᛚᛁᚾᛖ,373
redefining,1309913,0,ᚱᛖᛞᛖᚠᛁᚾᛝ,375
teammates,1307819,0,ᛏᛠᛗᛗᚪᛏᛖᛋ,586
treadmill,1307735,0,ᛏᚱᛠᛞᛗᛁᛚᛚ,516
sanctioning,1307237,0,ᛋᚪᚾᚳᛏᛡᚾᛝ,466
overheads,1305201,0,ᚩᚢᛖᚱᚻᛠᛞᛋ,362
adverbial,1303180,0,ᚪᛞᚢᛖᚱᛒᛡᛚ,508
scrubber,1303073,0,ᛋᚳᚱᚢᛒᛒᛖᚱ,280
mannered,1302158,0,ᛗᚪᚾᚾᛖᚱᛖᛞ,460
outpouring,1301668,0,ᚩᚢᛏᛈᚩᚢᚱᛝ,212
adrienne,1301647,0,ᚪᛞᚱᛁᛖᚾᚾᛖ,420
tabulating,1300642,0,ᛏᚪᛒᚢᛚᚪᛏᛝ,528
goldfish,1300416,0,ᚷᚩᛚᛞᚠᛁᛋᚻ,295
loophole,1299718,0,ᛚᚩᚩᛈᚻᚩᛚᛖ,300
defiantly,1299695,0,ᛞᛖᚠᛡᚾᛏᛚᚣ,529
scrapped,1299369,0,ᛋᚳᚱᚪᛈᛈᛖᛞ,416
cauldron,1298932,0,ᚳᚪᚢᛚᛞᚱᚩᚾ,322
warfarin,1297376,0,ᚹᚪᚱᚠᚪᚱᛁᚾ,297
commando,1296687,0,ᚳᚩᛗᛗᚪᚾᛞᚩ,384
moderating,1294947,0,ᛗᚩᛞᛖᚱᚪᛏᛝ,480
extolled,1294815,0,ᛖᛉᛏᚩᛚᛚᛖᛞ,482
amplifying,1294684,0,ᚪᛗᛈᛚᛁᚠᚣᛝ,499
nautilus,1293111,0,ᚾᚪᚢᛏᛁᛚᚢᛋ,348
renouncing,1293042,0,ᚱᛖᚾᚩᚢᚾᚳᛝ,238
wantonly,1292286,0,ᚹᚪᚾᛏᚩᚾᛚᚣ,416
sprocket,1291278,0,ᛋᛈᚱᚩᚳᚳᛖᛏ,266
broilers,1290667,0,ᛒᚱᚩᛁᛚᛖᚱᛋ,314
exudation,1290511,0,ᛖᛉᚢᛞᚪᛏᛡᚾ,498
shoshone,1288463,0,ᛋᚻᚩᛋᚻᚩᚾᛖ,262
synonymy,1288027,0,ᛋᚣᚾᚩᚾᚣᛗᚣ,498
brahmans,1287992,0,ᛒᚱᚪᚻᛗᚪᚾᛋ,442
escalate,1286878,0,ᛖᛋᚳᚪᛚᚪᛏᛖ,526
tutelage,1286856,0,ᛏᚢᛏᛖᛚᚪᚷᛖ,442
cabbages,1286771,0,ᚳᚪᛒᛒᚪᚷᛖᛋ,466
birthdays,1286226,0,ᛒᛁᚱᚦᛞᚪᚣᛋ,450
alphonse,1286200,0,ᚪᛚᛈᚻᚩᚾᛋᛖ,392
sectioned,1285801,0,ᛋᛖᚳᛏᛡᚾᛖᛞ,484
catalase,1284316,0,ᚳᚪᛏᚪᛚᚪᛋᛖ,556
misdeeds,1281984,0,ᛗᛁᛋᛞᛖᛖᛞᛋ,520
atrophic,1281773,0,ᚪᛏᚱᚩᛈᚻᛁᚳ,284
spoonful,1280408,0,ᛋᛈᚩᚩᚾᚠᚢᛚ,217
wildness,1280312,0,ᚹᛁᛚᛞᚾᛖᛋᛋ,414
enthroned,1279145,0,ᛖᚾᚦᚱᚩᚾᛖᛞ,304
delineating,1278459,0,ᛞᛖᛚᛁᚾᛠᛏᛝ,536
dormancy,1277730,0,ᛞᚩᚱᛗᚪᚾᚳᚣ,420
lobbyist,1276570,0,ᛚᚩᛒᛒᚣᛁᛋᛏ,448
unbecoming,1276567,0,ᚢᚾᛒᛖᚳᚩᛗᛝ,330
grudgingly,1276517,0,ᚷᚱᚢᛞᚷᛝᛚᚣ,392
unionized,1276061,0,ᚢᚾᛡᚾᛁᛋᛖᛞ,408
funerary,1275698,0,ᚠᚢᚾᛖᚱᚪᚱᚣ,323
capacious,1274892,0,ᚳᚪᛈᚪᚳᛡᚢᛋ,426
quartile,1274115,0,ᚳᚹᚪᚱᛏᛁᛚᛖ,370
wearisome,1273202,0,ᚹᛠᚱᛁᛋᚩᛗᛖ,368
shrapnel,1273112,0,ᛋᚻᚱᚪᛈᚾᛖᛚ,396
colloquy,1272582,0,ᚳᚩᛚᛚᚩᚳᚹᚣ,308
blistering,1271750,0,ᛒᛚᛁᛋᛏᛖᚱᛝ,434
amphibian,1270907,0,ᚪᛗᛈᚻᛁᛒᛡᚾ,462
renegade,1270461,0,ᚱᛖᚾᛖᚷᚪᛞᛖ,444
southland,1270117,0,ᛋᚩᚢᚦᛚᚪᚾᛞ,356
japonica,1270099,0,ᛂᚪᛈᚩᚾᛁᚳᚪ,354
ginsburg,1269434,0,ᚷᛁᚾᛋᛒᚢᚱᚷ,222
monogram,1268993,0,ᛗᚩᚾᚩᚷᚱᚪᛗ,310
downcast,1268820,0,ᛞᚩᚹᚾᚳᚪᛋᛏ,366
spicules,1267778,0,ᛋᛈᛁᚳᚢᛚᛖᛋ,336
scotsman,1267688,0,ᛋᚳᚩᛏᛋᛗᚪᚾ,382
socratic,1267103,0,ᛋᚩᚳᚱᚪᛏᛁᚳ,284
moralist,1266424,0,ᛗᚩᚱᚪᛚᛁᛋᛏ,402
thursdays,1266261,0,ᚦᚢᚱᛋᛞᚪᚣᛋ,414
branchial,1266174,0,ᛒᚱᚪᚾᚳᚻᛡᛚ,414
templars,1266065,0,ᛏᛖᛗᛈᛚᚪᚱᛋ,474
outlived,1266042,0,ᚩᚢᛏᛚᛁᚢᛖᛞ,332
agricola,1265813,0,ᚪᚷᚱᛁᚳᚩᛚᚪ,346
epigrams,1265679,0,ᛖᛈᛁᚷᚱᚪᛗᛋ,390
sadistic,1264520,0,ᛋᚪᛞᛁᛋᛏᛁᚳ,426
namesake,1263405,0,ᚾᚪᛗᛖᛋᚪᚳᛖ,494
pleurisy,1261800,0,ᛈᛚᛖᚢᚱᛁᛋᚣ,384
lonsdale,1259503,0,ᛚᚩᚾᛋᛞᚪᛚᛖ,488
couplers,1259079,0,ᚳᚩᚢᛈᛚᛖᚱᛋ,270
scallops,1258958,0,ᛋᚳᚪᛚᛚᚩᛈᛋ,412
gregorian,1258480,0,ᚷᚱᛖᚷᚩᚱᛡᚾ,266
homilies,1257927,0,ᚻᚩᛗᛁᛚᛁᛖᛋ,356
impostor,1257210,0,ᛁᛗᛈᚩᛋᛏᚩᚱ,282
caresses,1257004,0,ᚳᚪᚱᛖᛋᛋᛖᛋ,414
handheld,1256764,0,ᚻᚪᚾᛞᚻᛖᛚᛞ,490
checkers,1256246,0,ᚳᚻᛖᚳᚳᛖᚱᛋ,260
relocating,1255057,0,ᚱᛖᛚᚩᚳᚪᛏᛝ,406
vagabond,1255034,0,ᚢᚪᚷᚪᛒᚩᚾᛞ,400
asthmatic,1254993,0,ᚪᛋᚦᛗᚪᛏᛁᚳ,426
sorbonne,1254254,0,ᛋᚩᚱᛒᚩᚾᚾᛖ,264
federico,1252401,0,ᚠᛖᛞᛖᚱᛁᚳᚩ,287
leniency,1252316,0,ᛚᛖᚾᛁᛖᚾᚳᚣ,412
permeates,1252041,0,ᛈᛖᚱᛗᛠᛏᛖᛋ,480
showroom,1251445,0,ᛋᚻᚩᚹᚱᚩᚩᛗ,198
expertly,1251418,0,ᛖᛉᛈᛖᚱᛏᛚᚣ,470
virtuoso,1250375,0,ᚢᛁᚱᛏᚢᚩᛋᚩ,174
accruals,1250303,0,ᚪᚳᚳᚱᚢᚪᛚᛋ,360
stockade,1250230,0,ᛋᛏᚩᚳᚳᚪᛞᛖ,398
streamers,1250016,0,ᛋᛏᚱᛠᛗᛖᚱᛋ,434
absently,1249921,0,ᚪᛒᛋᛖᚾᛏᛚᚣ,542
knockout,1247945,0,ᚳᚾᚩᚳᚳᚩᚢᛏ,144
eggplant,1247521,0,ᛖᚷᚷᛈᛚᚪᚾᛏ,402
accesses,1247448,0,ᚪᚳᚳᛖᛋᛋᛖᛋ,416
shrunken,1247387,0,ᛋᚻᚱᚢᚾᚳᛖᚾ,228
cystitis,1246703,0,ᚳᚣᛋᛏᛁᛏᛁᛋ,402
regretting,1245989,0,ᚱᛖᚷᚱᛖᛏᛏᛝ,370
gracilis,1245407,0,ᚷᚱᚪᚳᛁᛚᛁᛋ,326
gauntlet,1245143,0,ᚷᚪᚢᚾᛏᛚᛖᛏ,404
objector,1244846,0,ᚩᛒᛂᛖᚳᛏᚩᚱ,262
trujillo,1244541,0,ᛏᚱᚢᛂᛁᛚᛚᚩ,294
misnomer,1243362,0,ᛗᛁᛋᚾᚩᛗᛖᚱ,340
asteroid,1242299,0,ᚪᛋᛏᛖᚱᚩᛁᛞ,414
laxative,1242224,0,ᛚᚪᛉᚪᛏᛁᚢᛖ,474
semiotics,1240548,0,ᛋᛖᛗᛡᛏᛁᚳᛋ,454
rollover,1239063,0,ᚱᚩᛚᛚᚩᚢᛖᚱ,252
unopened,1238452,0,ᚢᚾᚩᛈᛖᚾᛖᛞ,334
oliphant,1238374,0,ᚩᛚᛁᛈᚻᚪᚾᛏ,362
blackman,1238334,0,ᛒᛚᚪᚳᚳᛗᚪᚾ,454
overbearing,1237775,0,ᚩᚢᛖᚱᛒᛠᚱᛝ,348
fastenings,1237219,0,ᚠᚪᛋᛏᛖᚾᛝᛋ,439
molested,1236846,0,ᛗᚩᛚᛖᛋᛏᛖᛞ,486
ilmenite,1236818,0,ᛁᛚᛗᛖᚾᛁᛏᛖ,428
textural,1236236,0,ᛏᛖᛉᛏᚢᚱᚪᛚ,416
enquirer,1235960,0,ᛖᚾᚳᚹᛁᚱᛖᚱ,248
aerodrome,1235867,0,ᚫᚱᚩᛞᚱᚩᛗᛖ,364
tasteful,1235023,0,ᛏᚪᛋᛏᛖᚠᚢᛚ,413
leftover,1234974,0,ᛚᛖᚠᛏᚩᚢᛖᚱ,289
launcher,1234911,0,ᛚᚪᚢᚾᚳᚻᛖᚱ,316
surmount,1234612,0,ᛋᚢᚱᛗᚩᚢᚾᛏ,236
apostasy,1234163,0,ᚪᛈᚩᛋᛏᚪᛋᚣ,512
perineum,1233946,0,ᛈᛖᚱᛁᚾᛖᚢᛗ,322
abrogate,1232509,0,ᚪᛒᚱᚩᚷᚪᛏᛖ,416
geniuses,1231763,0,ᚷᛖᚾᛁᚢᛋᛖᛋ,320
curtailing,1231268,0,ᚳᚢᚱᛏᚪᛁᛚᛝ,366
carpeted,1231032,0,ᚳᚪᚱᛈᛖᛏᛖᛞ,446
flinders,1230879,0,ᚠᛚᛁᚾᛞᛖᚱᛋ,355
sarajevo,1230193,0,ᛋᚪᚱᚪᛂᛖᚢᚩ,372
mindless,1230168,0,ᛗᛁᚾᛞᛚᛖᛋᛋ,466
whitcomb,1229532,0,ᚹᚻᛁᛏᚳᚩᛗᛒ,284
unharmed,1229354,0,ᚢᚾᚻᚪᚱᛗᛖᛞ,390
islamist,1229058,0,ᛁᛋᛚᚪᛗᛁᛋᛏ,468
expediting,1229013,0,ᛖᛉᛈᛖᛞᛁᛏᛝ,482
talisman,1228963,0,ᛏᚪᛚᛁᛋᛗᚪᚾ,510
tecumseh,1228217,0,ᛏᛖᚳᚢᛗᛋᛖᚻ,356
alhambra,1227433,0,ᚪᛚᚻᚪᛗᛒᚱᚪ,530
specular,1227191,0,ᛋᛈᛖᚳᚢᛚᚪᚱ,360
fallopian,1226302,0,ᚠᚪᛚᛚᚩᛈᛡᚾ,431
janitors,1226051,0,ᛂᚪᚾᛁᛏᚩᚱᛋ,324
musketry,1226007,0,ᛗᚢᛋᚳᛖᛏᚱᚣ,380
castilian,1225457,0,ᚳᚪᛋᛏᛁᛚᛡᚾ,462
coroners,1225414,0,ᚳᚩᚱᚩᚾᛖᚱᛋ,198
solidify,1223997,0,ᛋᚩᛚᛁᛞᛁᚠᚣ,389
cyanamid,1223872,0,ᚳᚣᚪᚾᚪᛗᛁᛞ,530
parmesan,1222859,0,ᛈᚪᚱᛗᛖᛋᚪᚾ,468
interned,1222200,0,ᛁᚾᛏᛖᚱᚾᛖᛞ,382
fermenting,1221222,0,ᚠᛖᚱᛗᛖᚾᛏᛝ,385
philippi,1221018,0,ᛈᚻᛁᛚᛁᛈᛈᛁ,318
centroid,1220637,0,ᚳᛖᚾᛏᚱᚩᛁᛞ,306
arrhythmia,1220452,0,ᚪᚱᚱᚻᚣᚦᛗᛡ,428
rhinitis,1220262,0,ᚱᚻᛁᚾᛁᛏᛁᛋ,268
pairwise,1219130,0,ᛈᚪᛁᚱᚹᛁᛋᛖ,352
filename,1219072,0,ᚠᛁᛚᛖᚾᚪᛗᛖ,437
indwelling,1218158,0,ᛁᚾᛞᚹᛖᛚᛚᛝ,460
unwavering,1217239,0,ᚢᚾᚹᚪᚢᛖᚱᛝ,308
stallions,1217188,0,ᛋᛏᚪᛚᛚᛡᚾᛋ,544
assaulting,1216850,0,ᚪᛋᛋᚪᚢᛚᛏᛝ,514
soreness,1215625,0,ᛋᚩᚱᛖᚾᛖᛋᛋ,340
manasseh,1215525,0,ᛗᚪᚾᚪᛋᛋᛖᚻ,490
maximise,1214676,0,ᛗᚪᛉᛁᛗᛁᛋᛖ,468
micaceous,1214535,0,ᛗᛁᚳᚪᚳᛇᚢᛋ,322
tendrils,1214486,0,ᛏᛖᚾᛞᚱᛁᛚᛋ,412
rochdale,1213560,0,ᚱᚩᚳᚻᛞᚪᛚᛖ,380
factored,1213468,0,ᚠᚪᚳᛏᚩᚱᛖᛞ,345
flinched,1213401,0,ᚠᛚᛁᚾᚳᚻᛖᛞ,327
interwar,1212967,0,ᛁᚾᛏᛖᚱᚹᚪᚱ,324
baptised,1210695,0,ᛒᚪᛈᛏᛁᛋᛖᛞ,500
opulence,1209022,0,ᚩᛈᚢᛚᛖᚾᚳᛖ,302
listless,1208967,0,ᛚᛁᛋᛏᛚᛖᛋᛋ,462
countering,1208804,0,ᚳᚩᚢᚾᛏᛖᚱᛝ,268
teletype,1208301,0,ᛏᛖᛚᛖᛏᚣᛈᛖ,538
stringency,1207783,0,ᛋᛏᚱᛝᛖᚾᚳᚣ,414
enclaves,1207761,0,ᛖᚾᚳᛚᚪᚢᛖᛋ,402
thousandth,1207527,0,ᚦᚩᚢᛋᚪᚾᛞᚦ,288
imprison,1207316,0,ᛁᛗᛈᚱᛁᛋᚩᚾ,276
vibrator,1206351,0,ᚢᛁᛒᚱᚪᛏᚩᚱ,280
atrocity,1205704,0,ᚪᛏᚱᚩᚳᛁᛏᚣ,380
trickery,1205644,0,ᛏᚱᛁᚳᚳᛖᚱᚣ,308
algernon,1204837,0,ᚪᛚᚷᛖᚱᚾᚩᚾ,330
boycotts,1204469,0,ᛒᚩᚣᚳᚩᛏᛏᛋ,362
quartets,1204400,0,ᚳᚹᚪᚱᛏᛖᛏᛋ,378
licensor,1204112,0,ᛚᛁᚳᛖᚾᛋᚩᚱ,284
defaulting,1204097,0,ᛞᛖᚠᚪᚢᛚᛏᛝ,469
unawares,1203782,0,ᚢᚾᚪᚹᚪᚱᛖᛋ,376
secundum,1202405,0,ᛋᛖᚳᚢᚾᛞᚢᛗ,328
broached,1202258,0,ᛒᚱᚩᚪᚳᚻᛖᛞ,368
neurones,1202220,0,ᚾᛖᚢᚱᚩᚾᛖᛋ,266
apically,1201577,0,ᚪᛈᛁᚳᚪᛚᛚᚣ,530
saussure,1201454,0,ᛋᚪᚢᛋᛋᚢᚱᛖ,340
finitely,1201069,0,ᚠᛁᚾᛁᛏᛖᛚᚣ,395
tartaric,1200684,0,ᛏᚪᚱᛏᚪᚱᛁᚳ,378
everyman,1200526,0,ᛖᚢᛖᚱᚣᛗᚪᚾ,448
changeover,1198893,0,ᚳᚻᚪᛝᛇᚢᛖᚱ,334
solstice,1198659,0,ᛋᚩᛚᛋᛏᛁᚳᛖ,356
equipage,1198292,0,ᛖᚳᚹᛁᛈᚪᚷᛖ,354
passable,1197161,0,ᛈᚪᛋᛋᚪᛒᛚᛖ,544
ruthenium,1197078,0,ᚱᚢᚦᛖᚾᛁᚢᛗ,220
bookcase,1196699,0,ᛒᚩᚩᚳᚳᚪᛋᛖ,318
pedantic,1196337,0,ᛈᛖᛞᚪᚾᛏᛁᚳ,428
sulfates,1196181,0,ᛋᚢᛚᚠᚪᛏᛖᛋ,407
chinaman,1195572,0,ᚳᚻᛁᚾᚪᛗᚪᚾ,390
campfire,1193756,0,ᚳᚪᛗᛈᚠᛁᚱᛖ,335
captioned,1193079,0,ᚳᚪᛈᛏᛡᚾᛖᛞ,504
inherits,1192737,0,ᛁᚾᚻᛖᚱᛁᛏᛋ,304
harbored,1191795,0,ᚻᚪᚱᛒᚩᚱᛖᛞ,366
boylston,1190568,0,ᛒᚩᚣᛚᛋᛏᚩᚾ,392
sprouted,1190439,0,ᛋᛈᚱᚩᚢᛏᛖᛞ,332
testicle,1189998,0,ᛏᛖᛋᛏᛁᚳᛚᛖ,422
tornadoes,1189753,0,ᛏᚩᚱᚾᚪᛞᛟᛋ,428
orphaned,1189480,0,ᚩᚱᛈᚻᚪᚾᛖᛞ,366
populism,1189079,0,ᛈᚩᛈᚢᛚᛁᛋᛗ,324
harnessing,1188963,0,ᚻᚪᚱᚾᛖᛋᛋᛝ,412
pandemic,1188479,0,ᛈᚪᚾᛞᛖᛗᛁᚳ,440
meniscus,1188266,0,ᛗᛖᚾᛁᛋᚳᚢᛋ,320
rosettes,1188140,0,ᚱᚩᛋᛖᛏᛏᛖᛋ,376
cushioned,1188115,0,ᚳᚢᛋᚻᛡᚾᛖᛞ,384
relapses,1187011,0,ᚱᛖᛚᚪᛈᛋᛖᛋ,464
cashmere,1186702,0,ᚳᚪᛋᚻᛗᛖᚱᛖ,402
pastimes,1185720,0,ᛈᚪᛋᛏᛁᛗᛖᛋ,474
straddle,1184339,0,ᛋᛏᚱᚪᛞᛞᛚᛖ,538
overthrew,1183974,0,ᚩᚢᛖᚱᚦᚱᛖᚹ,190
triplets,1183961,0,ᛏᚱᛁᛈᛚᛖᛏᛋ,396
tokugawa,1183730,0,ᛏᚩᚳᚢᚷᚪᚹᚪ,312
emissary,1182266,0,ᛖᛗᛁᛋᛋᚪᚱᚣ,486
heraldry,1181678,0,ᚻᛖᚱᚪᛚᛞᚱᚣ,474
rosewood,1181354,0,ᚱᚩᛋᛖᚹᚩᚩᛞ,260
decoupling,1180953,0,ᛞᛖᚳᚩᚢᛈᛚᛝ,374
elocution,1180352,0,ᛖᛚᚩᚳᚢᛏᛡᚾ,358
mystique,1180209,0,ᛗᚣᛋᛏᛁᚳᚹᛖ,416
newfound,1180184,0,ᚾᛖᚹᚠᚩᚢᚾᛞ,245
journeying,1180079,0,ᛂᚩᚢᚱᚾᛖᚣᛝ,336
saturate,1179486,0,ᛋᚪᛏᚢᚱᚪᛏᛖ,446
residuum,1179387,0,ᚱᛖᛋᛁᛞᚢᚢᛗ,328
rotatory,1178014,0,ᚱᚩᛏᚪᛏᚩᚱᚣ,354
squatter,1177296,0,ᛋᚳᚹᚪᛏᛏᛖᚱ,378
thermionic,1175785,0,ᚦᛖᚱᛗᛡᚾᛁᚳ,334
sarasota,1175663,0,ᛋᚪᚱᚪᛋᚩᛏᚪ,474
beholder,1174625,0,ᛒᛖᚻᚩᛚᛞᛖᚱ,398
aliquots,1174468,0,ᚪᛚᛁᚳᚹᚩᛏᛋ,352
sentries,1174458,0,ᛋᛖᚾᛏᚱᛁᛖᛋ,370
abstruse,1173769,0,ᚪᛒᛋᛏᚱᚢᛋᛖ,404
etiologic,1173602,0,ᛖᛏᛡᛚᚩᚷᛁᚳ,374
eruptive,1173584,0,ᛖᚱᚢᛈᛏᛁᚢᛖ,284
fusiform,1173558,0,ᚠᚢᛋᛁᚠᚩᚱᛗ,180
polemics,1173098,0,ᛈᚩᛚᛖᛗᛁᚳᛋ,358
coconuts,1172983,0,ᚳᚩᚳᚩᚾᚢᛏᛋ,184
overlies,1171715,0,ᚩᚢᛖᚱᛚᛁᛖᛋ,312
divalent,1171487,0,ᛞᛁᚢᚪᛚᛖᚾᛏ,448
incursion,1171348,0,ᛁᚾᚳᚢᚱᛋᛡᚾ,276
heraldic,1170798,0,ᚻᛖᚱᚪᛚᛞᛁᚳ,404
parthenon,1170737,0,ᛈᚪᚱᚦᛖᚾᚩᚾ,288
reticent,1170172,0,ᚱᛖᛏᛁᚳᛖᚾᛏ,336
antigone,1170084,0,ᚪᚾᛏᛁᚷᚩᚾᛖ,336
skylight,1168508,0,ᛋᚳᚣᛚᛁᚷᚻᛏ,372
vespasian,1168342,0,ᚢᛖᛋᛈᚪᛋᛡᚾ,452
boutique,1167245,0,ᛒᚩᚢᛏᛁᚳᚹᛖ,260
devisees,1166658,0,ᛞᛖᚢᛁᛋᛖᛖᛋ,430
phonemic,1166582,0,ᛈᚻᚩᚾᛖᛗᛁᚳ,284
civilizing,1166566,0,ᚳᛁᚢᛁᛚᛁᛋᛝ,314
automate,1166271,0,ᚪᚢᛏᚩᛗᚪᛏᛖ,460
downsizing,1166270,0,ᛞᚩᚹᚾᛋᛁᛋᛝ,360
lightening,1166101,0,ᛚᛁᚷᚻᛏᛖᚾᛝ,378
peddlers,1166065,0,ᛈᛖᛞᛞᛚᛖᚱᛋ,492
membered,1165548,0,ᛗᛖᛗᛒᛖᚱᛖᛞ,504
greedily,1165425,0,ᚷᚱᛖᛖᛞᛁᛚᚣ,458
coliseum,1165311,0,ᚳᚩᛚᛁᛋᛖᚢᛗ,318
formless,1165209,0,ᚠᚩᚱᛗᛚᛖᛋᛋ,337
prefaces,1165069,0,ᛈᚱᛖᚠᚪᚳᛖᛋ,353
inquires,1164835,0,ᛁᚾᚳᚹᛁᚱᛖᛋ,254
arguable,1164650,0,ᚪᚱᚷᚢᚪᛒᛚᛖ,426
abhorred,1164396,0,ᚪᛒᚻᚩᚱᚱᛖᛞ,366
disengage,1164115,0,ᛞᛁᛋᛖᛝᚪᚷᛖ,500
moraines,1163223,0,ᛗᚩᚱᚪᛁᚾᛖᛋ,366
oversees,1162375,0,ᚩᚢᛖᚱᛋᛖᛖᛋ,328
avowedly,1162373,0,ᚪᚢᚩᚹᛖᛞᛚᚣ,458
calderon,1161985,0,ᚳᚪᛚᛞᛖᚱᚩᚾ,386
actuation,1161917,0,ᚪᚳᛏᚢᚪᛏᛡᚾ,464
vibrated,1160848,0,ᚢᛁᛒᚱᚪᛏᛖᛞ,418
rebutted,1160211,0,ᚱᛖᛒᚢᛏᛏᛖᛞ,416
strident,1160009,0,ᛋᛏᚱᛁᛞᛖᚾᛏ,398
earthworks,1157817,0,ᛠᚱᚦᚹᚩᚱᚳᛋ,228
resonate,1157443,0,ᚱᛖᛋᚩᚾᚪᛏᛖ,390
docketed,1157282,0,ᛞᚩᚳᚳᛖᛏᛖᛞ,404
accusers,1157274,0,ᚪᚳᚳᚢᛋᛖᚱᛋ,310
cardigan,1156005,0,ᚳᚪᚱᛞᛁᚷᚪᚾ,384
pavilions,1155953,0,ᛈᚪᚢᛁᛚᛡᚾᛋ,436
innovate,1155900,0,ᛁᚾᚾᚩᚢᚪᛏᛖ,322
stockman,1155877,0,ᛋᛏᚩᚳᚳᛗᚪᚾ,342
motorman,1155402,0,ᛗᚩᛏᚩᚱᛗᚪᚾ,352
durables,1154776,0,ᛞᚢᚱᚪᛒᛚᛖᛋ,454
technics,1154418,0,ᛏᛖᚳᚻᚾᛁᚳᛋ,288
palisade,1154148,0,ᛈᚪᛚᛁᛋᚪᛞᛖ,550
homemaking,1153841,0,ᚻᚩᛗᛖᛗᚪᚳᛝ,428
oversize,1153375,0,ᚩᚢᛖᚱᛋᛁᛋᛖ,292
albanians,1153286,0,ᚪᛚᛒᚪᚾᛡᚾᛋ,546
steelhead,1152721,0,ᛋᛏᛖᛖᛚᚻᛠᛞ,540
reprinting,1152559,0,ᚱᛖᛈᚱᛁᚾᛏᛝ,330
overtaking,1152518,0,ᚩᚢᛖᚱᛏᚪᚳᛝ,336
bronchus,1152478,0,ᛒᚱᚩᚾᚳᚻᚢᛋ,200
hartwell,1151827,0,ᚻᚪᚱᛏᚹᛖᛚᛚ,422
bandaged,1151547,0,ᛒᚪᚾᛞᚪᚷᛖᛞ,546
exigency,1149139,0,ᛖᛉᛁᚷᛖᚾᚳᚣ,374
cerebrum,1148844,0,ᚳᛖᚱᛖᛒᚱᚢᛗ,304
imbecile,1148434,0,ᛁᛗᛒᛖᚳᛁᛚᛖ,414
reprieve,1148298,0,ᚱᛖᛈᚱᛁᛖᚢᛖ,300
paycheck,1148270,0,ᛈᚪᚣᚳᚻᛖᚳᚳ,372
knapsack,1147187,0,ᚳᚾᚪᛈᛋᚪᚳᚳ,358
guilders,1146857,0,ᚷᚢᛁᛚᛞᛖᚱᛋ,344
artfully,1145958,0,ᚪᚱᛏᚠᚢᛚᛚᚣ,421
shallows,1145798,0,ᛋᚻᚪᛚᛚᚩᚹᛋ,398
morpheme,1145717,0,ᛗᚩᚱᛈᚻᛖᛗᛖ,360
forebears,1145573,0,ᚠᚩᚱᛖᛒᛠᚱᛋ,321
pounders,1145551,0,ᛈᚩᚢᚾᛞᛖᚱᛋ,302
mesquite,1144499,0,ᛗᛖᛋᚳᚹᛁᛏᛖ,380
exhausts,1143789,0,ᛖᛉᚻᚪᚢᛋᛏᛋ,402
mainline,1143773,0,ᛗᚪᛁᚾᛚᛁᚾᛖ,428
snatches,1143537,0,ᛋᚾᚪᛏᚳᚻᛖᛋ,394
rabelais,1143090,0,ᚱᚪᛒᛖᛚᚪᛁᛋ,490
blanched,1142770,0,ᛒᛚᚪᚾᚳᚻᛖᛞ,452
intercom,1142434,0,ᛁᚾᛏᛖᚱᚳᚩᛗ,288
nihilism,1142137,0,ᚾᛁᚻᛁᛚᛁᛋᛗ,342
starches,1141780,0,ᛋᛏᚪᚱᚳᚻᛖᛋ,376
glimmering,1140795,0,ᚷᛚᛁᛗᛗᛖᚱᛝ,420
distancing,1139559,0,ᛞᛁᛋᛏᚪᚾᚳᛝ,450
kampuchea,1139417,0,ᚳᚪᛗᛈᚢᚳᚻᛠ,372
blotches,1139096,0,ᛒᛚᚩᛏᚳᚻᛖᛋ,356
ontogeny,1138782,0,ᚩᚾᛏᚩᚷᛖᚾᚣ,318
jeannette,1137957,0,ᛂᛠᚾᚾᛖᛏᛏᛖ,456
emporium,1137125,0,ᛖᛗᛈᚩᚱᛁᚢᛗ,304
micelles,1135800,0,ᛗᛁᚳᛖᛚᛚᛖᛋ,448
deflecting,1135055,0,ᛞᛖᚠᛚᛖᚳᛏᛝ,449
placards,1134788,0,ᛈᛚᚪᚳᚪᚱᛞᛋ,476
lakeland,1134220,0,ᛚᚪᚳᛖᛚᚪᚾᛞ,538
crockery,1134109,0,ᚳᚱᚩᚳᚳᛖᚱᚣ,238
voracious,1133230,0,ᚢᚩᚱᚪᚳᛡᚢᛋ,294
tartrate,1132868,0,ᛏᚪᚱᛏᚱᚪᛏᛖ,460
epicurus,1132580,0,ᛖᛈᛁᚳᚢᚱᚢᛋ,224
evocation,1132540,0,ᛖᚢᚩᚳᚪᛏᛡᚾ,382
horrifying,1131777,0,ᚻᚩᚱᚱᛁᚠᚣᛝ,267
subsides,1131454,0,ᛋᚢᛒᛋᛁᛞᛖᛋ,410
coriander,1131354,0,ᚳᚩᚱᛡᚾᛞᛖᚱ,334
oxidised,1129816,0,ᚩᛉᛁᛞᛁᛋᛖᛞ,414
refilled,1129313,0,ᚱᛖᚠᛁᛚᛚᛖᛞ,413
sanctify,1129254,0,ᛋᚪᚾᚳᛏᛁᚠᚣ,387
campsite,1128962,0,ᚳᚪᛗᛈᛋᛁᛏᛖ,434
pitiless,1128806,0,ᛈᛁᛏᛁᛚᛖᛋᛋ,410
generale,1128699,0,ᚷᛖᚾᛖᚱᚪᛚᛖ,428
fluently,1128651,0,ᚠᛚᚢᛖᚾᛏᛚᚣ,409
crushers,1128385,0,ᚳᚱᚢᛋᚻᛖᚱᛋ,234
peshawar,1128208,0,ᛈᛖᛋᚻᚪᚹᚪᚱ,410
paroxysm,1127976,0,ᛈᚪᚱᚩᛉᚣᛋᛗ,432
excavate,1127142,0,ᛖᛉᚳᚪᚢᚪᛏᛖ,450
distorts,1126798,0,ᛞᛁᛋᛏᚩᚱᛏᛋ,362
recoiled,1126627,0,ᚱᛖᚳᚩᛁᛚᛖᛞ,358
unreality,1126523,0,ᚢᚾᚱᛠᛚᛁᛏᚣ,418
ceasefire,1125936,0,ᚳᛠᛋᛖᚠᛁᚱᛖ,353
culprits,1125921,0,ᚳᚢᛚᛈᚱᛁᛏᛋ,286
havelock,1125845,0,ᚻᚪᚢᛖᛚᚩᚳᚳ,296
greville,1125180,0,ᚷᚱᛖᚢᛁᛚᛚᛖ,342
unheeded,1125135,0,ᚢᚾᚻᛖᛖᛞᛖᛞ,434
unassuming,1124070,0,ᚢᚾᚪᛋᛋᚢᛗᛝ,388
prorated,1124011,0,ᛈᚱᚩᚱᚪᛏᛖᛞ,384
unscathed,1123940,0,ᚢᚾᛋᚳᚪᚦᛖᛞ,356
polaroid,1123070,0,ᛈᚩᛚᚪᚱᚩᛁᛞ,358
mildness,1122846,0,ᛗᛁᛚᛞᚾᛖᛋᛋ,466
digester,1121319,0,ᛞᛁᚷᛖᛋᛏᛖᚱ,394
vanities,1121037,0,ᚢᚪᚾᛁᛏᛁᛖᛋ,370
manassas,1120928,0,ᛗᚪᚾᚪᛋᛋᚪᛋ,550
relapsed,1120751,0,ᚱᛖᛚᚪᛈᛋᛖᛞ,500
encircle,1120615,0,ᛖᚾᚳᛁᚱᚳᛚᛖ,304
vesuvius,1120477,0,ᚢᛖᛋᚢᚢᛁᚢᛋ,216
flaxseed,1120220,0,ᚠᛚᚪᛉᛋᛖᛖᛞ,495
localize,1120005,0,ᛚᚩᚳᚪᛚᛁᛋᛖ,414
copiously,1119880,0,ᚳᚩᛈᛡᚢᛋᛚᚣ,402
ruptures,1119537,0,ᚱᚢᛈᛏᚢᚱᛖᛋ,250
ambience,1119233,0,ᚪᛗᛒᛁᛖᚾᚳᛖ,436
prefaced,1118889,0,ᛈᚱᛖᚠᚪᚳᛖᛞ,389
ottomans,1117839,0,ᚩᛏᛏᚩᛗᚪᚾᛋ,382
patagonia,1117729,0,ᛈᚪᛏᚪᚷᚩᚾᛡ,456
hologram,1117586,0,ᚻᚩᛚᚩᚷᚱᚪᛗ,306
tinnitus,1116513,0,ᛏᛁᚾᚾᛁᛏᚢᛋ,294
blenheim,1116031,0,ᛒᛚᛖᚾᚻᛖᛁᛗ,422
delegating,1114703,0,ᛞᛖᛚᛖᚷᚪᛏᛝ,548
idiomatic,1114272,0,ᛁᛞᛡᛗᚪᛏᛁᚳ,498
clemente,1114250,0,ᚳᛚᛖᛗᛖᚾᛏᛖ,446
mistletoe,1113759,0,ᛗᛁᛋᛏᛚᛖᛏᛟ,496
scalable,1112602,0,ᛋᚳᚪᛚᚪᛒᛚᛖ,534
echelons,1112057,0,ᛖᚳᚻᛖᛚᚩᚾᛋ,332
principe,1112004,0,ᛈᚱᛁᚾᚳᛁᛈᛖ,268
warranting,1111367,0,ᚹᚪᚱᚱᚪᚾᛏᛝ,402
colonizing,1110200,0,ᚳᚩᛚᚩᚾᛁᛋᛝ,292
catskill,1109896,0,ᚳᚪᛏᛋᚳᛁᛚᛚ,412
staggers,1109795,0,ᛋᛏᚪᚷᚷᛖᚱᛋ,374
augustan,1109670,0,ᚪᚢᚷᚢᛋᛏᚪᚾ,358
eldorado,1109150,0,ᛖᛚᛞᚩᚱᚪᛞᚩ,440
refusals,1109117,0,ᚱᛖᚠᚢᛋᚪᛚᛋ,359
prettily,1109116,0,ᛈᚱᛖᛏᛏᛁᛚᚣ,446
filiform,1107469,0,ᚠᛁᛚᛁᚠᚩᚱᛗ,228
ruefully,1106948,0,ᚱᚢᛖᚠᚢᛚᛚᚣ,335
proteases,1105533,0,ᛈᚱᚩᛏᛠᛋᛖᛋ,402
factional,1105285,0,ᚠᚪᚳᛏᛡᚾᚪᛚ,477
musicals,1103434,0,ᛗᚢᛋᛁᚳᚪᛚᛋ,394
chartering,1103075,0,ᚳᚻᚪᚱᛏᛖᚱᛝ,360
townsmen,1101331,0,ᛏᚩᚹᚾᛋᛗᛖᚾ,334
marveled,1101215,0,ᛗᚪᚱᚢᛖᛚᛖᛞ,478
conclave,1101057,0,ᚳᚩᚾᚳᛚᚪᚢᛖ,302
extorted,1100796,0,ᛖᛉᛏᚩᚱᛏᛖᛞ,406
polities,1100247,0,ᛈᚩᛚᛁᛏᛁᛖᛋ,364
recursion,1098730,0,ᚱᛖᚳᚢᚱᛋᛡᚾ,294
subtilis,1098044,0,ᛋᚢᛒᛏᛁᛚᛁᛋ,364
samplers,1097847,0,ᛋᚪᛗᛈᛚᛖᚱᛋ,468
moribund,1097264,0,ᛗᚩᚱᛁᛒᚢᚾᛞ,302
collodion,1096920,0,ᚳᚩᛚᛚᚩᛞᛡᚾ,398
trickled,1096746,0,ᛏᚱᛁᚳᚳᛚᛖᛞ,356
perdition,1095582,0,ᛈᛖᚱᛞᛁᛏᛡᚾ,436
canopies,1095229,0,ᚳᚪᚾᚩᛈᛁᛖᛋ,340
polarizing,1095114,0,ᛈᚩᛚᚪᚱᛁᛋᛝ,394
rejoices,1094284,0,ᚱᛖᛂᚩᛁᚳᛖᛋ,286
stellate,1094203,0,ᛋᛏᛖᛚᛚᚪᛏᛖ,548
consoles,1094033,0,ᚳᚩᚾᛋᚩᛚᛖᛋ,302
adoptions,1093087,0,ᚪᛞᚩᛈᛏᛡᚾᛋ,484
fatigues,1091965,0,ᚠᚪᛏᛁᚷᚢᛖᛋ,329
mnemonic,1091703,0,ᛗᚾᛖᛗᚩᚾᛁᚳ,318
rosamond,1091654,0,ᚱᚩᛋᚪᛗᚩᚾᛞ,364
consults,1091418,0,ᚳᚩᚾᛋᚢᛚᛏᛋ,290
charmingly,1090970,0,ᚳᚻᚪᚱᛗᛝᛚᚣ,470
turmeric,1090894,0,ᛏᚢᚱᛗᛖᚱᛁᚳ,266
dampened,1090594,0,ᛞᚪᛗᛈᛖᚾᛖᛞ,552
superego,1089215,0,ᛋᚢᛈᛖᚱᛖᚷᚩ,268
tradeoffs,1089040,0,ᛏᚱᚪᛞᛇᚠᚠᛋ,354
slighted,1089033,0,ᛋᛚᛁᚷᚻᛏᛖᛞ,412
purposed,1088842,0,ᛈᚢᚱᛈᚩᛋᛖᛞ,316
betrothal,1088230,0,ᛒᛖᛏᚱᚩᚦᚪᛚ,380
trombone,1087981,0,ᛏᚱᚩᛗᛒᚩᚾᛖ,312
capsular,1087732,0,ᚳᚪᛈᛋᚢᛚᚪᚱ,390
woodside,1087080,0,ᚹᚩᚩᛞᛋᛁᛞᛖ,362
moreland,1087066,0,ᛗᚩᚱᛖᛚᚪᚾᛞ,444
scavenger,1087048,0,ᛋᚳᚪᚢᛖᛝᛖᚱ,390
soloists,1086429,0,ᛋᚩᛚᚩᛁᛋᛏᛋ,336
emanates,1086230,0,ᛖᛗᚪᚾᚪᛏᛖᛋ,540
corundum,1085912,0,ᚳᚩᚱᚢᚾᛞᚢᛗ,226
snowball,1084521,0,ᛋᚾᚩᚹᛒᚪᛚᛚ,412
valiantly,1083632,0,ᚢᚪᛚᛡᚾᛏᛚᚣ,544
penalize,1082591,0,ᛈᛖᚾᚪᛚᛁᛋᛖ,460
marchand,1080569,0,ᛗᚪᚱᚳᚻᚪᚾᛞ,430
foretell,1079930,0,ᚠᚩᚱᛖᛏᛖᛚᛚ,359
benzoate,1079554,0,ᛒᛖᚾᛋᚩᚪᛏᛖ,440
diverged,1079255,0,ᛞᛁᚢᛖᚱᚷᛖᛞ,374
urination,1079206,0,ᚢᚱᛁᚾᚪᛏᛡᚾ,366
guangzhou,1078856,0,ᚷᚢᚪᛝᛋᚻᚩᚢ,282
federals,1078760,0,ᚠᛖᛞᛖᚱᚪᛚᛋ,459
stealthily,1078563,0,ᛋᛏᛠᛚᚦᛁᛚᚣ,506
truckers,1077091,0,ᛏᚱᚢᚳᚳᛖᚱᛋ,230
tibetans,1076842,0,ᛏᛁᛒᛖᛏᚪᚾᛋ,456
assessee,1076616,0,ᚪᛋᛋᛖᛋᛋᛖᛖ,510
syncline,1075451,0,ᛋᚣᚾᚳᛚᛁᚾᛖ,398
tomahawk,1075086,0,ᛏᚩᛗᚪᚻᚪᚹᚳ,386
sculpted,1074794,0,ᛋᚳᚢᛚᛈᛏᛖᛞ,400
verifies,1074604,0,ᚢᛖᚱᛁᚠᛁᛖᛋ,265
nucleated,1073199,0,ᚾᚢᚳᛚᛠᛏᛖᛞ,442
cyclists,1072981,0,ᚳᚣᚳᛚᛁᛋᛏᛋ,398
diagonals,1072855,0,ᛞᛡᚷᚩᚾᚪᛚᛋ,472
disquiet,1072612,0,ᛞᛁᛋᚳᚹᛁᛖᛏ,362
nefarious,1071873,0,ᚾᛖᚠᚪᚱᛡᚢᛋ,369
inchoate,1070978,0,ᛁᚾᚳᚻᚩᚪᛏᛖ,326
proudest,1070348,0,ᛈᚱᚩᚢᛞᛖᛋᛏ,332
tormenting,1070262,0,ᛏᚩᚱᛗᛖᚾᛏᛝ,382
eyepiece,1069297,0,ᛖᚣᛖᛈᛁᛖᚳᛖ,458
inviolate,1068916,0,ᛁᚾᚢᛡᛚᚪᛏᛖ,466
unpaired,1068824,0,ᚢᚾᛈᚪᛁᚱᛖᛞ,370
valentin,1068415,0,ᚢᚪᛚᛖᚾᛏᛁᚾ,388
loftiest,1067848,0,ᛚᚩᚠᛏᛁᛖᛋᛏ,351
adenomas,1067531,0,ᚪᛞᛖᚾᚩᛗᚪᛋ,510
decibels,1067283,0,ᛞᛖᚳᛁᛒᛖᛚᛋ,454
bivariate,1067265,0,ᛒᛁᚢᚪᚱᛡᛏᛖ,436
leveraging,1067253,0,ᛚᛖᚢᛖᚱᚪᚷᛝ,414
pastries,1067200,0,ᛈᚪᛋᛏᚱᛁᛖᛋ,414
connotes,1066754,0,ᚳᚩᚾᚾᚩᛏᛖᛋ,264
partakes,1066594,0,ᛈᚪᚱᛏᚪᚳᛖᛋ,440
inositol,1066371,0,ᛁᚾᚩᛋᛁᛏᚩᛚ,290
adductor,1065948,0,ᚪᛞᛞᚢᚳᛏᚩᚱ,368
pediment,1065700,0,ᛈᛖᛞᛁᛗᛖᚾᛏ,456
guerilla,1065319,0,ᚷᚢᛖᚱᛁᛚᛚᚪ,372
palpably,1064622,0,ᛈᚪᛚᛈᚪᛒᛚᚣ,590
mycenaean,1063640,0,ᛗᚣᚳᛖᚾᚫᚪᚾ,510
satirist,1063341,0,ᛋᚪᛏᛁᚱᛁᛋᛏ,394
uprights,1063252,0,ᚢᛈᚱᛁᚷᚻᛏᛋ,240
antonius,1063099,0,ᚪᚾᛏᚩᚾᛁᚢᛋ,308
overwork,1062844,0,ᚩᚢᛖᚱᚹᚩᚱᚳ,138
clumsily,1062304,0,ᚳᛚᚢᛗᛋᛁᛚᚣ,420
purebred,1062016,0,ᛈᚢᚱᛖᛒᚱᛖᛞ,352
rarefied,1061869,0,ᚱᚪᚱᛖᚠᛁᛖᛞ,375
diocletian,1061179,0,ᛞᛡᚳᛚᛖᛏᛡᚾ,544
languishing,1061141,0,ᛚᚪᛝᚢᛁᛋᚻᛝ,438
schemata,1060922,0,ᛋᚳᚻᛖᛗᚪᛏᚪ,480
dempster,1060554,0,ᛞᛖᛗᛈᛋᛏᛖᚱ,460
handouts,1060011,0,ᚻᚪᚾᛞᚩᚢᛏᛋ,360
vagrants,1059626,0,ᚢᚪᚷᚱᚪᚾᛏᛋ,366
analyser,1059370,0,ᚪᚾᚪᛚᚣᛋᛖᚱ,530
hermetic,1058857,0,ᚻᛖᚱᛗᛖᛏᛁᚳ,342
demented,1058499,0,ᛞᛖᛗᛖᚾᛏᛖᛞ,538
tampered,1058439,0,ᛏᚪᛗᛈᛖᚱᛖᛞ,504
colophon,1058130,0,ᚳᚩᛚᚩᛈᚻᚩᚾ,202
billiards,1057526,0,ᛒᛁᛚᛚᛡᚱᛞᛋ,498
prettier,1057368,0,ᛈᚱᛖᛏᛏᛁᛖᚱ,348
varicose,1057337,0,ᚢᚪᚱᛁᚳᚩᛋᛖ,282
ionisation,1057302,0,ᛡᚾᛁᛋᚪᛏᛡᚾ,512
palmetto,1057136,0,ᛈᚪᛚᛗᛖᛏᛏᚩ,476
dandelion,1056912,0,ᛞᚪᚾᛞᛖᛚᛡᚾ,580
hawaiians,1054951,0,ᚻᚪᚹᚪᛁᛡᚾᛋ,456
accosted,1054891,0,ᚪᚳᚳᚩᛋᛏᛖᛞ,398
optimist,1054806,0,ᚩᛈᛏᛁᛗᛁᛋᛏ,354
lacrosse,1054778,0,ᛚᚪᚳᚱᚩᛋᛋᛖ,374
offshoot,1054696,0,ᚩᚠᚠᛋᚻᚩᚩᛏ,160
stoicism,1054679,0,ᛋᛏᚩᛁᚳᛁᛋᛗ,318
amicably,1054444,0,ᚪᛗᛁᚳᚪᛒᛚᚣ,546
deserter,1052855,0,ᛞᛖᛋᛖᚱᛏᛖᚱ,424
roughage,1052741,0,ᚱᚩᚢᚷᚻᚪᚷᛖ,242
roadless,1052277,0,ᚱᚩᚪᛞᛚᛖᛋᛋ,450
selfhood,1051344,0,ᛋᛖᛚᚠᚻᚩᚩᛞ,321
stirrups,1051291,0,ᛋᛏᛁᚱᚱᚢᛈᛋ,264
acronyms,1051120,0,ᚪᚳᚱᚩᚾᚣᛗᛋ,384
mannitol,1050747,0,ᛗᚪᚾᚾᛁᛏᚩᛚ,396
brassica,1050144,0,ᛒᚱᚪᛋᛋᛁᚳᚪ,416
explodes,1050006,0,ᛖᛉᛈᛚᚩᛞᛖᛋ,446
watchdog,1049928,0,ᚹᚪᛏᚳᚻᛞᚩᚷ,324
entrails,1048706,0,ᛖᚾᛏᚱᚪᛁᛚᛋ,420
dairyman,1048498,0,ᛞᚪᛁᚱᚣᛗᚪᚾ,528
unlearned,1048324,0,ᚢᚾᛚᛠᚱᚾᛖᛞ,410
heracles,1048170,0,ᚻᛖᚱᚪᚳᛚᛖᛋ,404
biweekly,1048139,0,ᛒᛁᚹᛖᛖᚳᛚᚣ,434
moieties,1047064,0,ᛗᚩᛁᛖᛏᛁᛖᛋ,386
devalued,1046770,0,ᛞᛖᚢᚪᛚᚢᛖᛞ,488
geranium,1046675,0,ᚷᛖᚱᚪᚾᛁᚢᛗ,326
revisiting,1046437,0,ᚱᛖᚢᛁᛋᛁᛏᛝ,334
allergen,1046409,0,ᚪᛚᛚᛖᚱᚷᛖᚾ,434
apostate,1045831,0,ᚪᛈᚩᛋᛏᚪᛏᛖ,482
wickedly,1044928,0,ᚹᛁᚳᚳᛖᛞᛚᚣ,408
freetown,1044905,0,ᚠᚱᛖᛖᛏᚩᚹᚾ,261
hallways,1044806,0,ᚻᚪᛚᛚᚹᚪᚣᛋ,538
elevates,1044806,0,ᛖᛚᛖᚢᚪᛏᛖᛋ,486
trinkets,1044803,0,ᛏᚱᛁᚾᚳᛖᛏᛋ,322
martyred,1044574,0,ᛗᚪᚱᛏᚣᚱᛖᛞ,508
backfill,1044448,0,ᛒᚪᚳᚳᚠᛁᛚᛚ,363
condoned,1044358,0,ᚳᚩᚾᛞᚩᚾᛖᛞ,330
dilatory,1044264,0,ᛞᛁᛚᚪᛏᚩᚱᚣ,470
airspeed,1044187,0,ᚪᛁᚱᛋᛈᛖᛖᛞ,458
couplets,1044000,0,ᚳᚩᚢᛈᛚᛖᛏᛋ,318
brunette,1043932,0,ᛒᚱᚢᚾᛖᛏᛏᛖ,356
pumpkins,1043058,0,ᛈᚢᛗᛈᚳᛁᚾᛋ,286
aversive,1042074,0,ᚪᚢᛖᚱᛋᛁᚢᛖ,332
crichton,1041385,0,ᚳᚱᛁᚳᚻᛏᚩᚾ,186
roundish,1040946,0,ᚱᚩᚢᚾᛞᛁᛋᚻ,246
oncogene,1040465,0,ᚩᚾᚳᚩᚷᛖᚾᛖ,236
vagrancy,1039351,0,ᚢᚪᚷᚱᚪᚾᚳᚣ,370
plantain,1039031,0,ᛈᛚᚪᚾᛏᚪᛁᚾ,458
lameness,1038838,0,ᛚᚪᛗᛖᚾᛖᛋᛋ,510
lateness,1037909,0,ᛚᚪᛏᛖᚾᛖᛋᛋ,498
unwashed,1037634,0,ᚢᚾᚹᚪᛋᚻᛖᛞ,380
talmudic,1037570,0,ᛏᚪᛚᛗᚢᛞᛁᚳ,436
eclampsia,1037517,0,ᛖᚳᛚᚪᛗᛈᛋᛡ,524
deuteron,1036609,0,ᛞᛖᚢᛏᛖᚱᚩᚾ,332
cocoanut,1036212,0,ᚳᚩᚳᚩᚪᚾᚢᛏ,228
emitters,1036040,0,ᛖᛗᛁᛏᛏᛖᚱᛋ,418
isotonic,1035813,0,ᛁᛋᚩᛏᚩᚾᛁᚳ,230
meridians,1035402,0,ᛗᛖᚱᛁᛞᛡᚾᛋ,458
skeptics,1035401,0,ᛋᚳᛖᛈᛏᛁᚳᛋ,332
diffuses,1035178,0,ᛞᛁᚠᚠᚢᛋᛖᛋ,300
bastille,1034484,0,ᛒᚪᛋᛏᛁᛚᛚᛖ,514
hydrates,1034268,0,ᚻᚣᛞᚱᚪᛏᛖᛋ,502
tonnages,1033433,0,ᛏᚩᚾᚾᚪᚷᛖᛋ,358
censures,1033413,0,ᚳᛖᚾᛋᚢᚱᛖᛋ,296
worships,1033377,0,ᚹᚩᚱᛋᚻᛁᛈᛋ,240
surnamed,1033195,0,ᛋᚢᚱᚾᚪᛗᛖᛞ,420
dysphagia,1033095,0,ᛞᚣᛋᛈᚻᚪᚷᛡ,532
cleavages,1032982,0,ᚳᛚᛠᚢᚪᚷᛖᛋ,432
farmyard,1032855,0,ᚠᚪᚱᛗᚣᚪᚱᛞ,481
confuses,1032798,0,ᚳᚩᚾᚠᚢᛋᛖᛋ,227
barnyard,1032121,0,ᛒᚪᚱᚾᚣᚪᚱᛞ,498
stampede,1031806,0,ᛋᛏᚪᛗᛈᛖᛞᛖ,546
freckles,1031390,0,ᚠᚱᛖᚳᚳᛚᛖᛋ,299
catullus,1030967,0,ᚳᚪᛏᚢᛚᛚᚢᛋ,374
concorde,1030376,0,ᚳᚩᚾᚳᚩᚱᛞᛖ,236
mackinac,1029672,0,ᛗᚪᚳᚳᛁᚾᚪᚳ,364
shrewdly,1029422,0,ᛋᚻᚱᛖᚹᛞᛚᚣ,438
memorizing,1028974,0,ᛗᛖᛗᚩᚱᛁᛋᛝ,390
sardonic,1028972,0,ᛋᚪᚱᛞᚩᚾᛁᚳ,330
icebergs,1028852,0,ᛁᚳᛖᛒᛖᚱᚷᛋ,320
intimating,1028533,0,ᛁᚾᛏᛁᛗᚪᛏᛝ,456
bouquets,1028457,0,ᛒᚩᚢᚳᚹᛖᛏᛋ,282
burlingame,1027262,0,ᛒᚢᚱᛚᛝᚪᛗᛖ,462
penthouse,1025179,0,ᛈᛖᚾᚦᚩᚢᛋᛖ,274
agnostic,1024965,0,ᚪᚷᚾᚩᛋᛏᛁᚳ,306
deflator,1024693,0,ᛞᛖᚠᛚᚪᛏᚩᚱ,405
intelsat,1024633,0,ᛁᚾᛏᛖᛚᛋᚪᛏ,468
outcasts,1023479,0,ᚩᚢᛏᚳᚪᛋᛏᛋ,344
principia,1023333,0,ᛈᚱᛁᚾᚳᛁᛈᛡ,308
believeth,1023196,0,ᛒᛖᛚᛁᛖᚢᛖᚦ,374
astonish,1023126,0,ᚪᛋᛏᚩᚾᛁᛋᚻ,352
diuresis,1022769,0,ᛞᛁᚢᚱᛖᛋᛁᛋ,338
pendants,1022290,0,ᛈᛖᚾᛞᚪᚾᛏᛋ,466
energizing,1021410,0,ᛖᚾᛖᚱᚷᛁᛋᛝ,354
rashness,1021294,0,ᚱᚪᛋᚻᚾᛖᛋᛋ,386
newsroom,1021271,0,ᚾᛖᚹᛋᚱᚩᚩᛗ,264
chorionic,1021146,0,ᚳᚻᚩᚱᛡᚾᛁᚳ,234
grantors,1020977,0,ᚷᚱᚪᚾᛏᚩᚱᛋ,284
prosodic,1020113,0,ᛈᚱᚩᛋᚩᛞᛁᚳ,254
shooters,1018270,0,ᛋᚻᚩᚩᛏᛖᚱᛋ,280
downwind,1018163,0,ᛞᚩᚹᚾᚹᛁᚾᛞ,312
decrepit,1017865,0,ᛞᛖᚳᚱᛖᛈᛁᛏ,380
ellipses,1017730,0,ᛖᛚᛚᛁᛈᛋᛖᛋ,460
smoldering,1017364,0,ᛋᛗᚩᛚᛞᛖᚱᛝ,450
khomeini,1016798,0,ᚳᚻᚩᛗᛖᛁᚾᛁ,272
anguished,1016335,0,ᚪᛝᚢᛁᛋᚻᛖᛞ,442
seafarers,1016283,0,ᛋᛠᚠᚪᚱᛖᚱᛋ,403
publican,1015855,0,ᛈᚢᛒᛚᛁᚳᚪᚾ,350
pacifism,1015010,0,ᛈᚪᚳᛁᚠᛁᛋᛗ,341
disburse,1014040,0,ᛞᛁᛋᛒᚢᚱᛋᛖ,368
aldridge,1013018,0,ᚪᛚᛞᚱᛁᛞᚷᛖ,474
tribunes,1012949,0,ᛏᚱᛁᛒᚢᚾᛖᛋ,314
clitoris,1012815,0,ᚳᛚᛁᛏᚩᚱᛁᛋ,278
viciously,1012727,0,ᚢᛁᚳᛡᚢᛋᛚᚣ,386
disallow,1011919,0,ᛞᛁᛋᚪᛚᛚᚩᚹ,442
freezers,1011626,0,ᚠᚱᛖᛖᛋᛖᚱᛋ,331
panicles,1010771,0,ᛈᚪᚾᛁᚳᛚᛖᛋ,406
johansen,1010715,0,ᛂᚩᚻᚪᚾᛋᛖᚾ,342
couriers,1010211,0,ᚳᚩᚢᚱᛁᛖᚱᛋ,196
mangroves,1009981,0,ᛗᚪᛝᚱᚩᚢᛖᛋ,388
conveyer,1009693,0,ᚳᚩᚾᚢᛖᚣᛖᚱ,300
headlight,1009644,0,ᚻᛠᛞᛚᛁᚷᚻᛏ,424
scabbard,1009183,0,ᛋᚳᚪᛒᛒᚪᚱᛞ,482
eyeballs,1009101,0,ᛖᚣᛖᛒᚪᛚᛚᛋ,594
urquhart,1009013,0,ᚢᚱᚳᚹᚻᚪᚱᛏ,236
bungalows,1008915,0,ᛒᚢᛝᚪᛚᚩᚹᛋ,392
stupidly,1008693,0,ᛋᛏᚢᛈᛁᛞᛚᚣ,454
scorpions,1007587,0,ᛋᚳᚩᚱᛈᛡᚾᛋ,316
striations,1007336,0,ᛋᛏᚱᛡᛏᛡᚾᛋ,478
lovemaking,1007318,0,ᛚᚩᚢᛖᛗᚪᚳᛝ,410
landward,1006896,0,ᛚᚪᚾᛞᚹᚪᚱᛞ,504
unceasingly,1006636,0,ᚢᚾᚳᛠᛋᛝᛚᚣ,462
screeching,1006112,0,ᛋᚳᚱᛖᛖᚳᚻᛝ,326
greenock,1004930,0,ᚷᚱᛖᛖᚾᚩᚳᚳ,224
lippmann,1004687,0,ᛚᛁᛈᛈᛗᚪᚾᚾ,416
azimuthal,1003810,0,ᚪᛋᛁᛗᚢᚦᚪᛚ,430
tutorials,1003321,0,ᛏᚢᛏᚩᚱᛡᛚᛋ,372
sickened,1002649,0,ᛋᛁᚳᚳᛖᚾᛖᛞ,362
narrates,1001643,0,ᚾᚪᚱᚱᚪᛏᛖᛋ,424
shamrock,1001564,0,ᛋᚻᚪᛗᚱᚩᚳᚳ,288
inedible,1001148,0,ᛁᚾᛖᛞᛁᛒᛚᛖ,448
pustules,1000621,0,ᛈᚢᛋᛏᚢᛚᛖᛋ,354
hematuria,999774,0,ᚻᛖᛗᚪᛏᚢᚱᛡ,438
adapters,999639,0,ᚪᛞᚪᛈᛏᛖᚱᛋ,516
longshore,999233,0,ᛚᚩᛝᛋᚻᚩᚱᛖ,320
imitates,999206,0,ᛁᛗᛁᛏᚪᛏᛖᛋ,468
stipules,999072,0,ᛋᛏᛁᛈᚢᛚᛖᛋ,382
bourbons,999015,0,ᛒᚩᚢᚱᛒᚩᚾᛋ,232
perceval,998650,0,ᛈᛖᚱᚳᛖᚢᚪᛚ,374
protrude,998459,0,ᛈᚱᚩᛏᚱᚢᛞᛖ,290
reaffirms,998080,0,ᚱᛠᚠᚠᛁᚱᛗᛋ,290
idealists,997973,0,ᛁᛞᛠᛚᛁᛋᛏᛋ,498
novgorod,997616,0,ᚾᚩᚢᚷᚩᚱᚩᛞ,170
premiers,997564,0,ᛈᚱᛖᛗᛁᛖᚱᛋ,354
disrupts,996761,0,ᛞᛁᛋᚱᚢᛈᛏᛋ,342
rapacious,996690,0,ᚱᚪᛈᚪᚳᛡᚢᛋ,424
moorland,996405,0,ᛗᚩᚩᚱᛚᚪᚾᛞ,384
slumbering,996199,0,ᛋᛚᚢᛗᛒᛖᚱᛝ,418
unlisted,996063,0,ᚢᚾᛚᛁᛋᛏᛖᛞ,404
demerits,996051,0,ᛞᛖᛗᛖᚱᛁᛏᛋ,448
adulation,995882,0,ᚪᛞᚢᛚᚪᛏᛡᚾ,554
accordion,995822,0,ᚪᚳᚳᚩᚱᛞᛡᚾ,366
literati,995170,0,ᛚᛁᛏᛖᚱᚪᛏᛁ,428
serenade,994996,0,ᛋᛖᚱᛖᚾᚪᛞᛖ,480
aneurism,994744,0,ᚪᚾᛖᚢᚱᛁᛋᛗ,362
greenery,994157,0,ᚷᚱᛖᛖᚾᛖᚱᚣ,372
radishes,994021,0,ᚱᚪᛞᛁᛋᚻᛖᛋ,424
takeovers,993776,0,ᛏᚪᚳᛇᚢᛖᚱᛋ,344
militate,993433,0,ᛗᛁᛚᛁᛏᚪᛏᛖ,488
edwardian,993206,0,ᛖᛞᚹᚪᚱᛞᛡᚾ,508
reinhard,993187,0,ᚱᛖᛁᚾᚻᚪᚱᛞ,358
veracruz,991899,0,ᚢᛖᚱᚪᚳᚱᚢᛋ,258
villager,991632,0,ᚢᛁᛚᛚᚪᚷᛖᚱ,372
tunnelling,991544,0,ᛏᚢᚾᚾᛖᛚᛚᛝ,412
underpin,990929,0,ᚢᚾᛞᛖᚱᛈᛁᚾ,302
scoliosis,990918,0,ᛋᚳᚩᛚᛡᛋᛁᛋ,390
philemon,990851,0,ᛈᚻᛁᛚᛖᛗᚩᚾ,344
slumbers,990575,0,ᛋᛚᚢᛗᛒᛖᚱᛋ,392
vauxhall,990135,0,ᚢᚪᚢᛉᚻᚪᛚᛚ,416
vivacious,989235,0,ᚢᛁᚢᚪᚳᛡᚢᛋ,310
covertly,989228,0,ᚳᚩᚢᛖᚱᛏᛚᚣ,336
odorless,989113,0,ᚩᛞᚩᚱᛚᛖᛋᛋ,360
trembles,987866,0,ᛏᚱᛖᛗᛒᛚᛖᛋ,462
shorthorn,987544,0,ᛋᚻᚩᚱᚦᚩᚱᚾ,146
epicurean,987286,0,ᛖᛈᛁᚳᚢᚱᛠᚾ,306
woolworth,986820,0,ᚹᚩᚩᛚᚹᚩᚱᚦ,148
toothache,986718,0,ᛏᚩᚩᚦᚪᚳᚻᛖ,278
uncalled,986615,0,ᚢᚾᚳᚪᛚᛚᛖᛞ,444
votaries,986310,0,ᚢᚩᛏᚪᚱᛁᛖᛋ,328
gangsters,986185,0,ᚷᚪᛝᛋᛏᛖᚱᛋ,436
renderings,986109,0,ᚱᛖᚾᛞᛖᚱᛝᛋ,406
ryegrass,985209,0,ᚱᚣᛖᚷᚱᚪᛋᛋ,412
broadens,984884,0,ᛒᚱᚩᚪᛞᛖᚾᛋ,414
degrades,984799,0,ᛞᛖᚷᚱᚪᛞᛖᛋ,490
inheriting,983795,0,ᛁᚾᚻᛖᚱᛁᛏᛝ,330
searchers,983586,0,ᛋᛠᚱᚳᚻᛖᚱᛋ,340
tractive,982944,0,ᛏᚱᚪᚳᛏᛁᚢᛖ,340
earthworms,982536,0,ᛠᚱᚦᚹᚩᚱᛗᛋ,286
osteotomy,982410,0,ᚩᛋᛏᛇᛏᚩᛗᚣ,400
silkworm,981797,0,ᛋᛁᛚᚳᚹᚩᚱᛗ,278
popliteal,981381,0,ᛈᚩᛈᛚᛁᛏᛠᛚ,438
zucchini,980506,0,ᛋᚢᚳᚳᚻᛁᚾᛁ,196
normalcy,980043,0,ᚾᚩᚱᛗᚪᛚᚳᚣ,404
tenderer,979055,0,ᛏᛖᚾᛞᛖᚱᛖᚱ,400
spiteful,978810,0,ᛋᛈᛁᛏᛖᚠᚢᛚ,331
suriname,978775,0,ᛋᚢᚱᛁᚾᚪᛗᛖ,362
preheated,978377,0,ᛈᚱᛖᚻᛠᛏᛖᛞ,468
subpoenaed,977662,0,ᛋᚢᛒᛈᛟᚾᚫᛞ,462
comedians,977234,0,ᚳᚩᛗᛖᛞᛡᚾᛋ,436
sebaceous,977132,0,ᛋᛖᛒᚪᚳᛇᚢᛋ,388
rubidium,976577,0,ᚱᚢᛒᛁᛞᛁᚢᛗ,300
foreheads,976547,0,ᚠᚩᚱᛖᚻᛠᛞᛋ,361
rhizomes,975644,0,ᚱᚻᛁᛋᚩᛗᛖᛋ,316
flagella,975533,0,ᚠᛚᚪᚷᛖᛚᛚᚪ,499
whomever,975040,0,ᚹᚻᚩᛗᛖᚢᛖᚱ,268
amritsar,973780,0,ᚪᛗᚱᛁᛏᛋᚪᚱ,430
ectoderm,973679,0,ᛖᚳᛏᚩᛞᛖᚱᛗ,384
keenness,973583,0,ᚳᛖᛖᚾᚾᛖᛋᛋ,378
midbrain,973241,0,ᛗᛁᛞᛒᚱᚪᛁᚾ,420
refraining,972258,0,ᚱᛖᚠᚱᚪᛁᚾᛝ,327
temerity,971804,0,ᛏᛖᛗᛖᚱᛁᛏᚣ,468
suspends,971743,0,ᛋᚢᛋᛈᛖᚾᛞᛋ,390
congolese,971402,0,ᚳᚩᛝᚩᛚᛖᛋᛖ,366
denizens,971156,0,ᛞᛖᚾᛁᛋᛖᚾᛋ,418
jubilant,971076,0,ᛂᚢᛒᛁᛚᚪᚾᛏ,390
freeways,970689,0,ᚠᚱᛖᛖᚹᚪᚣᛋ,419
tempests,970653,0,ᛏᛖᛗᛈᛖᛋᛏᛋ,472
ravenous,970357,0,ᚱᚪᚢᛖᚾᚩᚢᛋ,270
unshaken,968731,0,ᚢᚾᛋᚻᚪᚳᛖᚾ,314
marketer,968576,0,ᛗᚪᚱᚳᛖᛏᛖᚱ,396
lucidity,968317,0,ᛚᚢᚳᛁᛞᛁᛏᚣ,402
miscible,968244,0,ᛗᛁᛋᚳᛁᛒᛚᛖ,400
canaries,968200,0,ᚳᚪᚾᚪᚱᛁᛖᛋ,398
margined,967771,0,ᛗᚪᚱᚷᛁᚾᛖᛞ,412
nepalese,967335,0,ᚾᛖᛈᚪᛚᛖᛋᛖ,496
shambles,967237,0,ᛋᚻᚪᛗᛒᛚᛖᛋ,498
apotheosis,966985,0,ᚪᛈᚩᚦᛇᛋᛁᛋ,330
lysozyme,966665,0,ᛚᚣᛋᚩᛋᚣᛗᛖ,530
homesick,966431,0,ᚻᚩᛗᛖᛋᛁᚳᚳ,278
poincare,966280,0,ᛈᚩᛁᚾᚳᚪᚱᛖ,298
westland,965957,0,ᚹᛖᛋᛏᛚᚪᚾᛞ,486
colonize,965616,0,ᚳᚩᛚᚩᚾᛁᛋᛖ,280
leukemic,965598,0,ᛚᛖᚢᚳᛖᛗᛁᚳ,338
ablative,964866,0,ᚪᛒᛚᚪᛏᛁᚢᛖ,488
gloomily,963961,0,ᚷᛚᚩᚩᛗᛁᛚᚣ,382
silvered,963633,0,ᛋᛁᛚᚢᛖᚱᛖᛞ,394
fluorite,963503,0,ᚠᛚᚢᚩᚱᛁᛏᛖ,253
reproved,963038,0,ᚱᛖᛈᚱᚩᚢᛖᛞ,298
bulwarks,962961,0,ᛒᚢᛚᚹᚪᚱᚳᛋ,330
futurity,962310,0,ᚠᚢᛏᚢᚱᛁᛏᚣ,271
showdown,961867,0,ᛋᚻᚩᚹᛞᚩᚹᚾ,246
cathartic,961367,0,ᚳᚪᚦᚪᚱᛏᛁᚳ,326
abstaining,961298,0,ᚪᛒᛋᛏᚪᛁᚾᛝ,506
tashkent,960844,0,ᛏᚪᛋᚻᚳᛖᚾᛏ,400
unpacked,960814,0,ᚢᚾᛈᚪᚳᚳᛖᛞ,354
binaries,960553,0,ᛒᛁᚾᚪᚱᛁᛖᛋ,380
andalusia,960506,0,ᚪᚾᛞᚪᛚᚢᛋᛡ,548
provable,960486,0,ᛈᚱᚩᚢᚪᛒᛚᛖ,362
gazetted,959053,0,ᚷᚪᛋᛖᛏᛏᛖᛞ,508
legendre,958805,0,ᛚᛖᚷᛖᚾᛞᚱᛖ,420
staccato,958611,0,ᛋᛏᚪᚳᚳᚪᛏᚩ,398
netscape,958376,0,ᚾᛖᛏᛋᚳᚪᛈᛖ,428
dejection,958308,0,ᛞᛖᛂᛖᚳᛏᛡᚾ,468
erosional,958289,0,ᛖᚱᚩᛋᛡᚾᚪᛚ,444
splitter,957845,0,ᛋᛈᛚᛁᛏᛏᛖᚱ,396
gilligan,957779,0,ᚷᛁᛚᛚᛁᚷᚪᚾ,368
knightly,957382,0,ᚳᚾᛁᚷᚻᛏᛚᚣ,348
pampered,957045,0,ᛈᚪᛗᛈᛖᚱᛖᛞ,488
threadbare,956522,0,ᚦᚱᛠᛞᛒᚪᚱᛖ,450
drafters,956463,0,ᛞᚱᚪᚠᛏᛖᚱᛋ,389
fatalism,956190,0,ᚠᚪᛏᚪᛚᛁᛋᛗ,483
sphagnum,954956,0,ᛋᛈᚻᚪᚷᚾᚢᛗ,336
eastbound,953882,0,ᛠᛋᛏᛒᚩᚢᚾᛞ,410
guttural,953823,0,ᚷᚢᛏᛏᚢᚱᚪᛚ,322
crosscut,953775,0,ᚳᚱᚩᛋᛋᚳᚢᛏ,212
adenauer,953643,0,ᚪᛞᛖᚾᚪᚢᛖᚱ,460
cinchona,953504,0,ᚳᛁᚾᚳᚻᚩᚾᚪ,242
buckskin,953231,0,ᛒᚢᚳᚳᛋᚳᛁᚾ,216
philippa,953206,0,ᛈᚻᛁᛚᛁᛈᛈᚪ,384
kennebec,952761,0,ᚳᛖᚾᚾᛖᛒᛖᚳ,346
contusion,952108,0,ᚳᚩᚾᛏᚢᛋᛡᚾ,300
scurried,951768,0,ᛋᚳᚢᚱᚱᛁᛖᛞ,278
wrenches,951453,0,ᚹᚱᛖᚾᚳᚻᛖᛋ,282
francine,951173,0,ᚠᚱᚪᚾᚳᛁᚾᛖ,279
lawgiver,951151,0,ᛚᚪᚹᚷᛁᚢᛖᚱ,318
admonish,950264,0,ᚪᛞᛗᚩᚾᛁᛋᚻ,400
pellagra,949812,0,ᛈᛖᛚᛚᚪᚷᚱᚪ,478
fettered,949658,0,ᚠᛖᛏᛏᛖᚱᛖᛞ,421
lacrimal,949653,0,ᛚᚪᚳᚱᛁᛗᚪᛚ,466
covetous,949455,0,ᚳᚩᚢᛖᛏᚩᚢᛋ,212
saturating,949136,0,ᛋᚪᛏᚢᚱᚪᛏᛝ,458
loblolly,947944,0,ᛚᚩᛒᛚᚩᛚᛚᚣ,470
nigerians,946809,0,ᚾᛁᚷᛖᚱᛡᚾᛋ,344
intranet,946623,0,ᛁᚾᛏᚱᚪᚾᛖᛏ,382
fiercest,945717,0,ᚠᛁᛖᚱᚳᛖᛋᛏ,303
ferments,945557,0,ᚠᛖᚱᛗᛖᚾᛏᛋ,359
girlhood,945422,0,ᚷᛁᚱᛚᚻᚩᚩᛞ,258
commingled,944808,0,ᚳᚩᛗᛗᛝᛚᛖᛞ,470
untested,944761,0,ᚢᚾᛏᛖᛋᛏᛖᛞ,426
alistair,944140,0,ᚪᛚᛁᛋᛏᚪᛁᚱ,452
unwearied,943818,0,ᚢᚾᚹᛠᚱᛁᛖᛞ,358
serenely,943315,0,ᛋᛖᚱᛖᚾᛖᛚᚣ,470
untapped,942699,0,ᚢᚾᛏᚪᛈᛈᛖᛞ,430
headdress,942669,0,ᚻᛠᛞᛞᚱᛖᛋᛋ,494
syllabic,942093,0,ᛋᚣᛚᛚᚪᛒᛁᚳ,504
burghley,941079,0,ᛒᚢᚱᚷᚻᛚᛖᚣ,358
plutonic,939980,0,ᛈᛚᚢᛏᚩᚾᛁᚳ,258
niceties,939904,0,ᚾᛁᚳᛖᛏᛁᛖᛋ,350
dividers,939890,0,ᛞᛁᚢᛁᛞᛖᚱᛋ,374
engenders,939530,0,ᛖᛝᛖᚾᛞᛖᚱᛋ,462
riflemen,939528,0,ᚱᛁᚠᛚᛖᛗᛖᚾ,351
punishes,939189,0,ᛈᚢᚾᛁᛋᚻᛖᛋ,302
hemphill,939172,0,ᚻᛖᛗᛈᚻᛁᛚᛚ,404
bromides,939159,0,ᛒᚱᚩᛗᛁᛞᛖᛋ,390
canteens,938154,0,ᚳᚪᚾᛏᛖᛖᚾᛋ,414
biometric,937874,0,ᛒᛡᛗᛖᛏᚱᛁᚳ,420
artefact,937815,0,ᚪᚱᛏᛖᚠᚪᚳᛏ,405
mendelian,937253,0,ᛗᛖᚾᛞᛖᛚᛡᚾ,532
sorority,937209,0,ᛋᚩᚱᚩᚱᛁᛏᚣ,282
litigate,937047,0,ᛚᛁᛏᛁᚷᚪᛏᛖ,434
surficial,935602,0,ᛋᚢᚱᚠᛁᚳᛡᛚ,293
solicits,935464,0,ᛋᚩᛚᛁᚳᛁᛏᛋ,320
muskogee,935115,0,ᛗᚢᛋᚳᚩᚷᛖᛖ,298
pantheism,934888,0,ᛈᚪᚾᚦᛖᛁᛋᛗ,396
unusable,934528,0,ᚢᚾᚢᛋᚪᛒᛚᛖ,386
lipscomb,934295,0,ᛚᛁᛈᛋᚳᚩᛗᛒ,352
slackening,934072,0,ᛋᛚᚪᚳᚳᛖᚾᛝ,424
imprinting,933766,0,ᛁᛗᛈᚱᛁᚾᛏᛝ,354
stumpage,932769,0,ᛋᛏᚢᛗᛈᚪᚷᛖ,410
millwork,932333,0,ᛗᛁᛚᛚᚹᚩᚱᚳ,298
fitzhugh,931935,0,ᚠᛁᛏᛋᚻᚢᚷᚻ,211
gingerbread,931101,0,ᚷᛝᛖᚱᛒᚱᛠᛞ,444
roulette,929879,0,ᚱᚩᚢᛚᛖᛏᛏᛖ,346
fallible,929683,0,ᚠᚪᛚᛚᛁᛒᛚᛖ,477
famished,929511,0,ᚠᚪᛗᛁᛋᚻᛖᛞ,433
sophists,929084,0,ᛋᚩᛈᚻᛁᛋᛏᛋ,322
winchell,928197,0,ᚹᛁᚾᚳᚻᛖᛚᛚ,328
expounding,927993,0,ᛖᛉᛈᚩᚢᚾᛞᛝ,364
payloads,927918,0,ᛈᚪᚣᛚᚩᚪᛞᛋ,562
procures,927027,0,ᛈᚱᚩᚳᚢᚱᛖᛋ,208
hoarsely,926574,0,ᚻᚩᚪᚱᛋᛖᛚᚣ,434
unwonted,926558,0,ᚢᚾᚹᚩᚾᛏᛖᛞ,302
enmeshed,925691,0,ᛖᚾᛗᛖᛋᚻᛖᛞ,466
spirally,925608,0,ᛋᛈᛁᚱᚪᛚᛚᚣ,484
chlamydia,925445,0,ᚳᚻᛚᚪᛗᚣᛞᛡ,576
imaginings,924340,0,ᛁᛗᚪᚷᛁᚾᛝᛋ,408
ridgeway,924269,0,ᚱᛁᛞᚷᛖᚹᚪᚣ,434
godmother,924057,0,ᚷᚩᛞᛗᚩᚦᛖᚱ,274
ribosome,923936,0,ᚱᛁᛒᚩᛋᚩᛗᛖ,308
impugned,923798,0,ᛁᛗᛈᚢᚷᚾᛖᛞ,350
slovenly,923304,0,ᛋᛚᚩᚢᛖᚾᛚᚣ,408
briefest,923082,0,ᛒᚱᛁᛖᚠᛖᛋᛏ,351
pharisee,922835,0,ᛈᚻᚪᚱᛁᛋᛖᛖ,392
lockouts,922524,0,ᛚᚩᚳᚳᚩᚢᛏᛋ,228
brigands,922267,0,ᛒᚱᛁᚷᚪᚾᛞᛋ,388
jeroboam,922263,0,ᛂᛖᚱᚩᛒᚩᚪᛗ,358
cherubim,921898,0,ᚳᚻᛖᚱᚢᛒᛁᛗ,280
jacketed,921362,0,ᛂᚪᚳᚳᛖᛏᛖᛞ,442
fattened,920632,0,ᚠᚪᛏᛏᛖᚾᛖᛞ,469
convicting,920419,0,ᚳᚩᚾᚢᛁᚳᛏᛝ,234
restroom,920383,0,ᚱᛖᛋᛏᚱᚩᚩᛗ,286
gujarati,920357,0,ᚷᚢᛂᚪᚱᚪᛏᛁ,352
lanthanum,919971,0,ᛚᚪᚾᚦᚪᚾᚢᛗ,404
rapeseed,919652,0,ᚱᚪᛈᛖᛋᛖᛖᛞ,494
platoons,919594,0,ᛈᛚᚪᛏᚩᚩᚾᛋ,368
manoeuvring,919591,0,ᛗᚪᚾᛟᚢᚢᚱᛝ,376
populate,919527,0,ᛈᚩᛈᚢᛚᚪᛏᛖ,392
straddling,919372,0,ᛋᛏᚱᚪᛞᛞᛚᛝ,550
magnesian,918631,0,ᛗᚪᚷᚾᛖᛋᛡᚾ,470
colossus,918222,0,ᚳᚩᛚᚩᛋᛋᚢᛋ,262
subsists,917965,0,ᛋᚢᛒᛋᛁᛋᛏᛋ,366
paleocene,917520,0,ᛈᚪᛚᛇᚳᛖᚾᛖ,430
dravidian,917377,0,ᛞᚱᚪᚢᛁᛞᛡᚾ,456
socialize,917305,0,ᛋᚩᚳᛡᛚᛁᛋᛖ,404
serology,917295,0,ᛋᛖᚱᚩᛚᚩᚷᚣ,338
renovate,916630,0,ᚱᛖᚾᚩᚢᚪᛏᛖ,340
haunches,915986,0,ᚻᚪᚢᚾᚳᚻᛖᛋ,308
mesoderm,915876,0,ᛗᛖᛋᚩᛞᛖᚱᛗ,436
beekeeping,914169,0,ᛒᛖᛖᚳᛖᛖᛈᛝ,464
overdone,914035,0,ᚩᚢᛖᚱᛞᚩᚾᛖ,280
hedgehog,913748,0,ᚻᛖᛞᚷᛖᚻᚩᚷ,310
limonite,913586,0,ᛚᛁᛗᚩᚾᛁᛏᛖ,368
behooves,913208,0,ᛒᛖᚻᚩᚩᚢᛖᛋ,288
jacobins,913151,0,ᛂᚪᚳᚩᛒᛁᚾᛋ,328
reaffirming,913095,0,ᚱᛠᚠᚠᛁᚱᛗᛝ,316
advection,913041,0,ᚪᛞᚢᛖᚳᛏᛡᚾ,464
emeralds,912484,0,ᛖᛗᛖᚱᚪᛚᛞᛋ,528
inferiors,912409,0,ᛁᚾᚠᛖᚱᛡᚱᛋ,311
oilfield,912314,0,ᚩᛁᛚᚠᛁᛖᛚᛞ,373
marquise,910567,0,ᛗᚪᚱᚳᚹᛁᛋᛖ,362
cashiers,910212,0,ᚳᚪᛋᚻᛁᛖᚱᛋ,348
pierpont,910011,0,ᛈᛁᛖᚱᛈᚩᚾᛏ,290
anabolic,909945,0,ᚪᚾᚪᛒᚩᛚᛁᚳ,408
hatteras,909078,0,ᚻᚪᛏᛏᛖᚱᚪᛋ,466
uncoated,908550,0,ᚢᚾᚳᚩᚪᛏᛖᛞ,364
aspirant,908336,0,ᚪᛋᛈᛁᚱᚪᚾᛏ,420
thumbnail,906976,0,ᚦᚢᛗᛒᚾᚪᛁᛚ,370
artworks,906584,0,ᚪᚱᛏᚹᚩᚱᚳᛋ,270
manfully,905567,0,ᛗᚪᚾᚠᚢᛚᛚᚣ,451
minutest,905516,0,ᛗᛁᚾᚢᛏᛖᛋᛏ,372
myasthenia,905270,0,ᛗᚣᚪᛋᚦᛖᚾᛡ,532
delusive,904416,0,ᛞᛖᛚᚢᛋᛁᚢᛖ,386
flexibly,904388,0,ᚠᛚᛖᛉᛁᛒᛚᚣ,457
stoppers,903698,0,ᛋᛏᚩᛈᛈᛖᚱᛋ,336
phalanges,903672,0,ᛈᚻᚪᛚᚪᛝᛖᛋ,532
crackled,903278,0,ᚳᚱᚪᚳᚳᛚᛖᛞ,376
baseless,903167,0,ᛒᚪᛋᛖᛚᛖᛋᛋ,524
devolves,902867,0,ᛞᛖᚢᚩᛚᚢᛖᛋ,362
overlays,901985,0,ᚩᚢᛖᚱᛚᚪᚣᛋ,414
inspects,901817,0,ᛁᚾᛋᛈᛖᚳᛏᛋ,348
partnering,901707,0,ᛈᚪᚱᛏᚾᛖᚱᛝ,396
alarmingly,901271,0,ᚪᛚᚪᚱᛗᛝᛚᚣ,604
emulated,899990,0,ᛖᛗᚢᛚᚪᛏᛖᛞ,526
uncooked,898892,0,ᚢᚾᚳᚩᚩᚳᛖᛞ,228
ponytail,898525,0,ᛈᚩᚾᚣᛏᚪᛁᛚ,442
octavius,898403,0,ᚩᚳᛏᚪᚢᛁᚢᛋ,266
clattering,896282,0,ᚳᛚᚪᛏᛏᛖᚱᛝ,458
tumblers,896146,0,ᛏᚢᛗᛒᛚᛖᚱᛋ,398
impounding,895380,0,ᛁᛗᛈᚩᚢᚾᛞᛝ,352
animates,895188,0,ᚪᚾᛁᛗᚪᛏᛖᛋ,504
charlene,894891,0,ᚳᚻᚪᚱᛚᛖᚾᛖ,380
dissents,894500,0,ᛞᛁᛋᛋᛖᚾᛏᛋ,434
collared,894463,0,ᚳᚩᛚᛚᚪᚱᛖᛞ,430
panelled,893347,0,ᛈᚪᚾᛖᛚᛚᛖᛞ,538
trachoma,893170,0,ᛏᚱᚪᚳᚻᚩᛗᚪ,378
bailment,892716,0,ᛒᚪᛁᛚᛗᛖᚾᛏ,488
rhapsody,892672,0,ᚱᚻᚪᛈᛋᚩᛞᚣ,426
ripeness,892165,0,ᚱᛁᛈᛖᚾᛖᛋᛋ,354
expanses,892085,0,ᛖᛉᛈᚪᚾᛋᛖᛋ,456
innuendo,890963,0,ᛁᚾᚾᚢᛖᚾᛞᚩ,284
pageantry,890747,0,ᛈᚪᚷᛠᚾᛏᚱᚣ,468
burglars,890521,0,ᛒᚢᚱᚷᛚᚪᚱᛋ,326
grappled,890300,0,ᚷᚱᚪᛈᛈᛚᛖᛞ,440
manholes,890175,0,ᛗᚪᚾᚻᚩᛚᛖᛋ,420
malagasy,889767,0,ᛗᚪᛚᚪᚷᚪᛋᚣ,608
ophthalmia,889092,0,ᚩᛈᚻᚦᚪᛚᛗᛡ,426
lethargic,889036,0,ᛚᛖᚦᚪᚱᚷᛁᚳ,314
baseness,887447,0,ᛒᚪᛋᛖᚾᛖᛋᛋ,480
farragut,887374,0,ᚠᚪᚱᚱᚪᚷᚢᛏ,297
seigneur,887253,0,ᛋᛖᛁᚷᚾᛖᚢᚱ,278
aphorism,886992,0,ᚪᛈᚻᚩᚱᛁᛋᛗ,336
snuggled,886927,0,ᛋᚾᚢᚷᚷᛚᛖᛞ,348
recommit,885982,0,ᚱᛖᚳᚩᛗᛗᛁᛏ,330
northland,885887,0,ᚾᚩᚱᚦᛚᚪᚾᛞ,340
subheadings,885551,0,ᛋᚢᛒᚻᛠᛞᛝᛋ,470
comatose,884925,0,ᚳᚩᛗᚪᛏᚩᛋᛖ,374
sarcomas,884907,0,ᛋᚪᚱᚳᚩᛗᚪᛋ,402
starfish,884876,0,ᛋᛏᚪᚱᚠᛁᛋᚻ,329
stomatal,884701,0,ᛋᛏᚩᛗᚪᛏᚪᛚ,516
solomons,884465,0,ᛋᚩᛚᚩᛗᚩᚾᛋ,300
steepest,883900,0,ᛋᛏᛖᛖᛈᛖᛋᛏ,468
flavours,883226,0,ᚠᛚᚪᚢᚩᚢᚱᛋ,249
locative,882288,0,ᛚᚩᚳᚪᛏᛁᚢᛖ,350
carolingian,882106,0,ᚳᚪᚱᚩᛚᛝᛡᚾ,416
warblers,881214,0,ᚹᚪᚱᛒᛚᛖᚱᛋ,392
workingman,880383,0,ᚹᚩᚱᚳᛝᛗᚪᚾ,326
rivulets,880160,0,ᚱᛁᚢᚢᛚᛖᛏᛋ,300
pittance,879899,0,ᛈᛁᛏᛏᚪᚾᚳᛖ,398
humiliate,879530,0,ᚻᚢᛗᛁᛚᛡᛏᛖ,434
tympanum,878954,0,ᛏᚣᛗᛈᚪᚾᚢᛗ,476
indulges,877367,0,ᛁᚾᛞᚢᛚᚷᛖᛋ,362
foreseeing,877127,0,ᚠᚩᚱᛖᛋᛖᛖᛝ,353
squirmed,876133,0,ᛋᚳᚹᛁᚱᛗᛖᛞ,354
profiled,875869,0,ᛈᚱᚩᚠᛁᛚᛖᛞ,323
eightieth,875221,0,ᛖᛁᚷᚻᛏᛁᛖᚦ,300
relented,874784,0,ᚱᛖᛚᛖᚾᛏᛖᛞ,462
effigies,874644,0,ᛖᚠᚠᛁᚷᛁᛖᛋ,270
marigold,874617,0,ᛗᚪᚱᛁᚷᚩᛚᛞ,396
facetious,874284,0,ᚠᚪᚳᛖᛏᛡᚢᛋ,401
blundering,874215,0,ᛒᛚᚢᚾᛞᛖᚱᛝ,412
centrale,873782,0,ᚳᛖᚾᛏᚱᚪᛚᛖ,416
sideline,873445,0,ᛋᛁᛞᛖᛚᛁᚾᛖ,440
agonized,872109,0,ᚪᚷᚩᚾᛁᛋᛖᛞ,390
zeppelin,871664,0,ᛋᛖᛈᛈᛖᛚᛁᚾ,406
colonist,871296,0,ᚳᚩᛚᚩᚾᛁᛋᛏ,272
repeaters,871219,0,ᚱᛖᛈᛠᛏᛖᚱᛋ,420
installs,871020,0,ᛁᚾᛋᛏᚪᛚᛚᛋ,468
diverges,870866,0,ᛞᛁᚢᛖᚱᚷᛖᛋ,338
solvation,870834,0,ᛋᚩᛚᚢᚪᛏᛡᚾ,428
anastasia,870192,0,ᚪᚾᚪᛋᛏᚪᛋᛡ,592
renovating,870118,0,ᚱᛖᚾᚩᚢᚪᛏᛝ,352
kingfisher,869559,0,ᚳᛝᚠᛁᛋᚻᛖᚱ,279
drummers,869242,0,ᛞᚱᚢᛗᛗᛖᚱᛋ,376
smollett,868955,0,ᛋᛗᚩᛚᛚᛖᛏᛏ,462
solvable,868807,0,ᛋᚩᛚᚢᚪᛒᛚᛖ,434
divulged,868521,0,ᛞᛁᚢᚢᛚᚷᛖᛞ,372
corvette,868104,0,ᚳᚩᚱᚢᛖᛏᛏᛖ,286
compacting,868043,0,ᚳᚩᛗᛈᚪᚳᛏᛝ,382
tadpoles,867982,0,ᛏᚪᛞᛈᚩᛚᛖᛋ,488
fortifying,867633,0,ᚠᚩᚱᛏᛁᚠᚣᛝ,294
weizmann,867512,0,ᚹᛖᛁᛋᛗᚪᚾᚾ,396
rainbows,867451,0,ᚱᚪᛁᚾᛒᚩᚹᛋ,308
chameleon,866998,0,ᚳᚻᚪᛗᛖᛚᛇᚾ,414
porpoise,866101,0,ᛈᚩᚱᛈᚩᛁᛋᛖ,262
staffers,865583,0,ᛋᛏᚪᚠᚠᛖᚱᛋ,344
spoliation,865395,0,ᛋᛈᚩᛚᛡᛏᛡᚾ,478
camshaft,864725,0,ᚳᚪᛗᛋᚻᚪᚠᛏ,415
catalyze,864523,0,ᚳᚪᛏᚪᛚᚣᛋᛖ,562
retraced,863565,0,ᚱᛖᛏᚱᚪᚳᛖᛞ,414
statuses,861060,0,ᛋᛏᚪᛏᚢᛋᛖᛋ,444
subdural,860686,0,ᛋᚢᛒᛞᚢᚱᚪᛚ,390
greenway,860427,0,ᚷᚱᛖᛖᚾᚹᚪᚣ,410
milanese,860425,0,ᛗᛁᛚᚪᚾᛖᛋᛖ,488
chechnya,860356,0,ᚳᚻᛖᚳᚻᚾᚣᚪ,368
abdallah,860332,0,ᚪᛒᛞᚪᛚᛚᚪᚻ,610
mariposa,860290,0,ᛗᚪᚱᛁᛈᚩᛋᚪ,410
travesty,860289,0,ᛏᚱᚪᚢᛖᛋᛏᚣ,452
necropsy,860184,0,ᚾᛖᚳᚱᚩᛈᛋᚣ,326
nitrites,860052,0,ᚾᛁᛏᚱᛁᛏᛖᛋ,340
esterase,860042,0,ᛖᛋᛏᛖᚱᚪᛋᛖ,474
scatters,859733,0,ᛋᚳᚪᛏᛏᛖᚱᛋ,412
telepathy,859603,0,ᛏᛖᛚᛖᛈᚪᚦᚣ,514
shouldst,859596,0,ᛋᚻᚩᚢᛚᛞᛋᛏ,360
transits,859408,0,ᛏᚱᚪᚾᛋᛁᛏᛋ,392
djibouti,858715,0,ᛞᛂᛁᛒᚩᚢᛏᛁ,318
cristina,858629,0,ᚳᚱᛁᛋᛏᛁᚾᚪ,324
colliers,858447,0,ᚳᚩᛚᛚᛁᛖᚱᛋ,328
dedicating,858402,0,ᛞᛖᛞᛁᚳᚪᛏᛝ,524
copepods,858325,0,ᚳᚩᛈᛖᛈᚩᛞᛋ,322
cyclonic,858048,0,ᚳᚣᚳᛚᚩᚾᛁᚳ,282
lopsided,857768,0,ᛚᚩᛈᛋᛁᛞᛖᛞ,452
mightier,857748,0,ᛗᛁᚷᚻᛏᛁᛖᚱ,310
joyously,857341,0,ᛂᚩᚣᚩᚢᛋᛚᚣ,386
influent,857319,0,ᛁᚾᚠᛚᚢᛖᚾᛏ,293
bristled,857259,0,ᛒᚱᛁᛋᛏᛚᛖᛞ,444
felonious,857158,0,ᚠᛖᛚᚩᚾᛡᚢᛋ,341
plotters,857120,0,ᛈᛚᚩᛏᛏᛖᚱᛋ,372
phaseolus,857119,0,ᛈᚻᚪᛋᛇᛚᚢᛋ,386
repressing,856912,0,ᚱᛖᛈᚱᛖᛋᛋᛝ,384
reflexion,856842,0,ᚱᛖᚠᛚᛖᛉᛡᚾ,403
heartedly,856824,0,ᚻᛠᚱᛏᛖᛞᛚᚣ,534
overlord,856820,0,ᚩᚢᛖᚱᛚᚩᚱᛞ,268
starched,856645,0,ᛋᛏᚪᚱᚳᚻᛖᛞ,412
whiteman,855675,0,ᚹᚻᛁᛏᛖᛗᚪᚾ,396
smartest,855389,0,ᛋᛗᚪᚱᛏᛖᛋᛏ,470
carousel,855326,0,ᚳᚪᚱᚩᚢᛋᛖᛚ,324
nontoxic,855325,0,ᚾᚩᚾᛏᚩᛉᛁᚳ,222
terrence,855169,0,ᛏᛖᚱᚱᛖᚾᚳᛖ,324
handfuls,854763,0,ᚻᚪᚾᛞᚠᚢᛚᛋ,369
envisions,854652,0,ᛖᚾᚢᛁᛋᛡᚾᛋ,372
ellipsis,854226,0,ᛖᛚᛚᛁᛈᛋᛁᛋ,424
procaine,854198,0,ᛈᚱᚩᚳᚪᛁᚾᛖ,298
signally,854150,0,ᛋᛁᚷᚾᚪᛚᛚᚣ,476
beseeching,853917,0,ᛒᛖᛋᛖᛖᚳᚻᛝ,430
abernethy,853784,0,ᚪᛒᛖᚱᚾᛖᚦᚣ,440
abdicate,853673,0,ᚪᛒᛞᛁᚳᚪᛏᛖ,514
rockaway,853371,0,ᚱᚩᚳᚳᚪᚹᚪᚣ,360
runaways,853315,0,ᚱᚢᚾᚪᚹᚪᚣᛋ,412
parodies,853082,0,ᛈᚪᚱᚩᛞᛁᛖᛋ,398
heartwood,853047,0,ᚻᛠᚱᛏᚹᚩᚩᛞ,324
pocketed,852920,0,ᛈᚩᚳᚳᛖᛏᛖᛞ,358
mucilage,852817,0,ᛗᚢᚳᛁᛚᚪᚷᛖ,372
plainest,852444,0,ᛈᛚᚪᛁᚾᛖᛋᛏ,452
beguiled,851457,0,ᛒᛖᚷᚢᛁᛚᛖᛞ,408
cannibal,851403,0,ᚳᚪᚾᚾᛁᛒᚪᛚ,430
skewness,851362,0,ᛋᚳᛖᚹᚾᛖᛋᛋ,354
anglicans,851261,0,ᚪᛝᛚᛁᚳᚪᚾᛋ,472
howitzer,851217,0,ᚻᚩᚹᛁᛏᛋᛖᚱ,270
wharfage,851017,0,ᚹᚻᚪᚱᚠᚪᚷᛖ,333
underlay,850902,0,ᚢᚾᛞᛖᚱᛚᚪᚣ,472
testable,850820,0,ᛏᛖᛋᛏᚪᛒᛚᛖ,536
unipolar,850602,0,ᚢᚾᛁᛈᚩᛚᚪᚱ,294
suppliant,850442,0,ᛋᚢᛈᛈᛚᛡᚾᛏ,410
recreated,850432,0,ᚱᛖᚳᚱᛠᛏᛖᛞ,426
brownlow,850131,0,ᛒᚱᚩᚹᚾᛚᚩᚹ,226
minimums,849949,0,ᛗᛁᚾᛁᛗᚢᛗᛋ,360
boneless,849348,0,ᛒᚩᚾᛖᛚᛖᛋᛋ,410
brinkley,848374,0,ᛒᚱᛁᚾᚳᛚᛖᚣ,388
oldfield,847954,0,ᚩᛚᛞᚠᛁᛖᛚᛞ,431
mahayana,847739,0,ᛗᚪᚻᚪᚣᚪᚾᚪ,614
weeklies,847424,0,ᚹᛖᛖᚳᛚᛁᛖᛋ,390
conceits,845911,0,ᚳᚩᚾᚳᛖᛁᛏᛋ,272
amazonian,845706,0,ᚪᛗᚪᛋᚩᚾᛡᚾ,490
pillaged,845415,0,ᛈᛁᛚᛚᚪᚷᛖᛞ,490
finisher,844079,0,ᚠᛁᚾᛁᛋᚻᛖᚱ,247
herculean,844049,0,ᚻᛖᚱᚳᚢᛚᛠᚾ,328
humorist,843982,0,ᚻᚢᛗᚩᚱᛁᛋᛏ,258
latrines,843124,0,ᛚᚪᛏᚱᛁᚾᛖᛋ,420
steerage,843014,0,ᛋᛏᛖᛖᚱᚪᚷᛖ,438
erections,842528,0,ᛖᚱᛖᚳᛏᛡᚾᛋ,406
trestles,842446,0,ᛏᚱᛖᛋᛏᛚᛖᛋ,442
shortens,841344,0,ᛋᚻᚩᚱᛏᛖᚾᛋ,302
oestrogen,841228,0,ᛟᛋᛏᚱᚩᚷᛖᚾ,326
contrite,840024,0,ᚳᚩᚾᛏᚱᛁᛏᛖ,276
tabulate,840020,0,ᛏᚪᛒᚢᛚᚪᛏᛖ,516
incurved,839703,0,ᛁᚾᚳᚢᚱᚢᛖᛞ,246
linotype,839560,0,ᛚᛁᚾᚩᛏᚣᛈᛖ,412
splashes,839483,0,ᛋᛈᛚᚪᛋᚻᛖᛋ,462
autocrat,839326,0,ᚪᚢᛏᚩᚳᚱᚪᛏ,346
banister,839173,0,ᛒᚪᚾᛁᛋᛏᛖᚱ,408
artemisia,839124,0,ᚪᚱᛏᛖᛗᛁᛋᛡ,496
chastise,839115,0,ᚳᚻᚪᛋᛏᛁᛋᛖ,396
caligula,838827,0,ᚳᚪᛚᛁᚷᚢᛚᚪ,404
parkland,838510,0,ᛈᚪᚱᚳᛚᚪᚾᛞ,452
cupidity,837586,0,ᚳᚢᛈᛁᛞᛁᛏᚣ,372
uxbridge,837555,0,ᚢᛉᛒᚱᛁᛞᚷᛖ,326
unfitted,836815,0,ᚢᚾᚠᛁᛏᛏᛖᛞ,339
unsalted,836804,0,ᚢᚾᛋᚪᛚᛏᛖᛞ,470
virility,836586,0,ᚢᛁᚱᛁᛚᛁᛏᚣ,342
alastair,836384,0,ᚪᛚᚪᛋᛏᚪᛁᚱ,518
scrawled,836158,0,ᛋᚳᚱᚪᚹᛚᛖᛞ,422
ramayana,835968,0,ᚱᚪᛗᚪᚣᚪᚾᚪ,602
sullenly,835552,0,ᛋᚢᛚᛚᛖᚾᛚᚣ,474
rumoured,835037,0,ᚱᚢᛗᚩᚢᚱᛖᛞ,262
quintals,833896,0,ᚳᚹᛁᚾᛏᚪᛚᛋ,374
doggedly,833479,0,ᛞᚩᚷᚷᛖᛞᛚᚣ,462
pedantry,833313,0,ᛈᛖᛞᚪᚾᛏᚱᚣ,498
allstate,832993,0,ᚪᛚᛚᛋᛏᚪᛏᛖ,578
celerity,832659,0,ᚳᛖᛚᛖᚱᛁᛏᚣ,424
westerns,831701,0,ᚹᛖᛋᛏᛖᚱᚾᛋ,358
copyhold,830852,0,ᚳᚩᛈᚣᚻᚩᛚᛞ,358
mimicked,830535,0,ᛗᛁᛗᛁᚳᚳᛖᛞ,386
wintered,830081,0,ᚹᛁᚾᛏᛖᚱᛖᛞ,372
augments,829780,0,ᚪᚢᚷᛗᛖᚾᛏᛋ,396
tonality,829586,0,ᛏᚩᚾᚪᛚᛁᛏᚣ,458
homespun,829285,0,ᚻᚩᛗᛖᛋᛈᚢᚾ,296
emaciation,828530,0,ᛖᛗᚪᚳᛡᛏᛡᚾ,550
sweepers,827926,0,ᛋᚹᛖᛖᛈᛖᚱᛋ,380
nazarene,826767,0,ᚾᚪᛋᚪᚱᛖᚾᛖ,450
menelaus,826502,0,ᛗᛖᚾᛖᛚᚪᚢᛋ,460
cilantro,825971,0,ᚳᛁᛚᚪᚾᛏᚱᚩ,320
nonpolar,825845,0,ᚾᚩᚾᛈᚩᛚᚪᚱ,296
replanting,825777,0,ᚱᛖᛈᛚᚪᚾᛏᛝ,458
callosum,825696,0,ᚳᚪᛚᛚᚩᛋᚢᛗ,390
osteopathy,825594,0,ᚩᛋᛏᛇᛈᚪᚦᚣ,408
hydrides,824849,0,ᚻᚣᛞᚱᛁᛞᛖᛋ,466
downpour,824322,0,ᛞᚩᚹᚾᛈᚩᚢᚱ,208
unwisely,823926,0,ᚢᚾᚹᛁᛋᛖᛚᚣ,378
doublets,823208,0,ᛞᚩᚢᛒᛚᛖᛏᛋ,412
cripples,822983,0,ᚳᚱᛁᛈᛈᛚᛖᛋ,334
walkways,822934,0,ᚹᚪᛚᚳᚹᚪᚣᛋ,474
hibiscus,822885,0,ᚻᛁᛒᛁᛋᚳᚢᛋ,268
hortense,822882,0,ᚻᚩᚱᛏᛖᚾᛋᛖ,316
paralyzing,822782,0,ᛈᚪᚱᚪᛚᚣᛋᛝ,556
stigmata,821996,0,ᛋᛏᛁᚷᛗᚪᛏᚪ,484
arthritic,821660,0,ᚪᚱᚦᚱᛁᛏᛁᚳ,258
lethality,821496,0,ᛚᛖᚦᚪᛚᛁᛏᚣ,508
quadrate,821198,0,ᚳᚹᚪᛞᚱᚪᛏᛖ,452
arthropod,820791,0,ᚪᚱᚦᚱᚩᛈᚩᛞ,270
dismount,820644,0,ᛞᛁᛋᛗᚩᚢᚾᛏ,342
teleology,820493,0,ᛏᛖᛚᛇᛚᚩᚷᚣ,440
catharsis,819179,0,ᚳᚪᚦᚪᚱᛋᛁᛋ,360
princeps,818254,0,ᛈᚱᛁᚾᚳᛖᛈᛋ,290
handbags,817395,0,ᚻᚪᚾᛞᛒᚪᚷᛋ,466
pacified,817387,0,ᛈᚪᚳᛁᚠᛁᛖᛞ,373
compiles,817081,0,ᚳᚩᛗᛈᛁᛚᛖᛋ,358
kootenay,816790,0,ᚳᚩᚩᛏᛖᚾᚪᚣ,382
adrenals,816677,0,ᚪᛞᚱᛖᚾᚪᛚᛋ,516
casanova,816126,0,ᚳᚪᛋᚪᚾᚩᚢᚪ,396
shotguns,815873,0,ᛋᚻᚩᛏᚷᚢᚾᛋ,244
gershwin,815828,0,ᚷᛖᚱᛋᚻᚹᛁᚾ,250
composes,815572,0,ᚳᚩᛗᛈᚩᛋᛖᛋ,314
reflexed,815514,0,ᚱᛖᚠᛚᛖᛉᛖᛞ,423
pressmen,815386,0,ᛈᚱᛖᛋᛋᛗᛖᚾ,394
countrey,814497,0,ᚳᚩᚢᚾᛏᚱᛖᚣ,292
unraveling,814391,0,ᚢᚾᚱᚪᚢᛖᛚᛝ,362
blockading,814164,0,ᛒᛚᚩᚳᚳᚪᛞᛝ,432
vaseline,814044,0,ᚢᚪᛋᛖᛚᛁᚾᛖ,420
werewolf,813781,0,ᚹᛖᚱᛖᚹᚩᛚᚠ,265
erectile,813542,0,ᛖᚱᛖᚳᛏᛁᛚᛖ,388
nucleolus,813383,0,ᚾᚢᚳᛚᛇᛚᚢᛋ,288
magister,813261,0,ᛗᚪᚷᛁᛋᛏᛖᚱ,406
conjoint,813205,0,ᚳᚩᚾᛂᚩᛁᚾᛏ,212
finnegan,813088,0,ᚠᛁᚾᚾᛖᚷᚪᚾ,301
hollered,813018,0,ᚻᚩᛚᛚᛖᚱᛖᛞ,410
migrates,812810,0,ᛗᛁᚷᚱᚪᛏᛖᛋ,406
duchesse,812644,0,ᛞᚢᚳᚻᛖᛋᛋᛖ,368
reshaped,812243,0,ᚱᛖᛋᚻᚪᛈᛖᛞ,450
belittle,812199,0,ᛒᛖᛚᛁᛏᛏᛚᛖ,490
enhancer,811563,0,ᛖᚾᚻᚪᚾᚳᛖᚱ,336
disobeying,810815,0,ᛞᛁᛋᚩᛒᛖᚣᛝ,490
cutthroat,809792,0,ᚳᚢᛏᚦᚱᚩᚪᛏ,254
debriefing,809791,0,ᛞᛖᛒᚱᛁᛖᚠᛝ,407
headlands,809726,0,ᚻᛠᛞᛚᚪᚾᛞᛋ,562
jewelled,809579,0,ᛂᛖᚹᛖᛚᛚᛖᛞ,492
refracting,809491,0,ᚱᛖᚠᚱᚪᚳᛏᛝ,339
monogamy,809369,0,ᛗᚩᚾᚩᚷᚪᛗᚣ,402
hookworm,809068,0,ᚻᚩᚩᚳᚹᚩᚱᛗ,158
pharaohs,809038,0,ᛈᚻᚪᚱᚪᚩᚻᛋ,354
cabernet,808624,0,ᚳᚪᛒᛖᚱᚾᛖᛏ,404
publique,807769,0,ᛈᚢᛒᛚᛁᚳᚹᛖ,310
telltale,807740,0,ᛏᛖᛚᛚᛏᚪᛚᛖ,568
scribbling,807633,0,ᛋᚳᚱᛁᛒᛒᛚᛝ,382
stalingrad,807572,0,ᛋᛏᚪᛚᛝᚱᚪᛞ,558
ensilage,807360,0,ᛖᚾᛋᛁᛚᚪᚷᛖ,434
repudiating,807202,0,ᚱᛖᛈᚢᛞᛡᛏᛝ,458
credibly,806976,0,ᚳᚱᛖᛞᛁᛒᛚᚣ,448
incubate,806590,0,ᛁᚾᚳᚢᛒᚪᛏᛖ,360
officiate,806105,0,ᚩᚠᚠᛁᚳᛡᛏᛖ,288
laughingly,805803,0,ᛚᚪᚢᚷᚻᛝᛚᚣ,468
rapacity,804846,0,ᚱᚪᛈᚪᚳᛁᛏᚣ,454
sidewall,804037,0,ᛋᛁᛞᛖᚹᚪᛚᛚ,502
polythene,803669,0,ᛈᚩᛚᚣᚦᛖᚾᛖ,394
humoured,802658,0,ᚻᚢᛗᚩᚢᚱᛖᛞ,274
boldface,802500,0,ᛒᚩᛚᛞᚠᚪᚳᛖ,409
followeth,802301,0,ᚠᚩᛚᛚᚩᚹᛖᚦ,253
covariant,801674,0,ᚳᚩᚢᚪᚱᛡᚾᛏ,326
stammering,801307,0,ᛋᛏᚪᛗᛗᛖᚱᛝ,508
inflicts,800964,0,ᛁᚾᚠᛚᛁᚳᛏᛋ,291
arsenide,800206,0,ᚪᚱᛋᛖᚾᛁᛞᛖ,444
conquers,799626,0,ᚳᚩᚾᚳᚹᛖᚱᛋ,212
incubating,799373,0,ᛁᚾᚳᚢᛒᚪᛏᛝ,372
vestigial,799333,0,ᚢᛖᛋᛏᛁᚷᛡᛚ,410
lacquers,799166,0,ᛚᚪᚳᚳᚹᛖᚱᛋ,346
unproven,798678,0,ᚢᚾᛈᚱᚩᚢᛖᚾ,192
damnable,798014,0,ᛞᚪᛗᚾᚪᛒᛚᛖ,584
quandary,797988,0,ᚳᚹᚪᚾᛞᚪᚱᚣ,458
convivial,797144,0,ᚳᚩᚾᚢᛁᚢᛡᛚ,266
quarreling,796950,0,ᚳᚹᚪᚱᚱᛖᛚᛝ,370
disunity,796040,0,ᛞᛁᛋᚢᚾᛁᛏᚣ,398
subparts,795545,0,ᛋᚢᛒᛈᚪᚱᛏᛋ,380
villainy,795520,0,ᚢᛁᛚᛚᚪᛁᚾᚣ,440
cofactor,795215,0,ᚳᚩᚠᚪᚳᛏᚩᚱ,209
leghorns,794786,0,ᛚᛖᚷᚻᚩᚱᚾᛋ,280
heartache,794717,0,ᚻᛠᚱᛏᚪᚳᚻᛖ,402
wriggled,794591,0,ᚹᚱᛁᚷᚷᛚᛖᛞ,324
combated,794407,0,ᚳᚩᛗᛒᚪᛏᛖᛞ,464
stickney,794386,0,ᛋᛏᛁᚳᚳᚾᛖᚣ,368
decorous,794354,0,ᛞᛖᚳᚩᚱᚩᚢᛋ,250
grossest,793288,0,ᚷᚱᚩᛋᛋᛖᛋᛏ,320
vineland,793215,0,ᚢᛁᚾᛖᛚᚪᚾᛞ,418
overpaid,793127,0,ᚩᚢᛖᚱᛈᚪᛁᛞ,348
freehand,792794,0,ᚠᚱᛖᛖᚻᚪᚾᛞ,385
exorcism,792616,0,ᛖᛉᚩᚱᚳᛁᛋᛗ,300
vincenzo,792513,0,ᚢᛁᚾᚳᛖᚾᛋᚩ,232
chiseled,791801,0,ᚳᚻᛁᛋᛖᛚᛖᛞ,416
ironclad,791258,0,ᛁᚱᚩᚾᚳᛚᚪᛞ,350
herdsmen,790872,0,ᚻᛖᚱᛞᛋᛗᛖᚾ,410
powhatan,790437,0,ᛈᚩᚹᚻᚪᛏᚪᚾ,374
authoress,789909,0,ᚪᚢᚦᚩᚱᛖᛋᛋ,296
refrains,789846,0,ᚱᛖᚠᚱᚪᛁᚾᛋ,301
ignominy,789211,0,ᛁᚷᚾᚩᛗᛁᚾᚣ,318
aspartic,789099,0,ᚪᛋᛈᚪᚱᛏᛁᚳ,404
cadences,788677,0,ᚳᚪᛞᛖᚾᚳᛖᛋ,428
acapulco,787839,0,ᚪᚳᚪᛈᚢᛚᚳᚩ,346
derricks,786734,0,ᛞᛖᚱᚱᛁᚳᚳᛋ,288
twinkled,786356,0,ᛏᚹᛁᚾᚳᛚᛖᛞ,380
bivalves,786101,0,ᛒᛁᚢᚪᛚᚢᛖᛋ,388
disfavor,785996,0,ᛞᛁᛋᚠᚪᚢᚩᚱ,293
cheapside,785911,0,ᚳᚻᛠᛈᛋᛁᛞᛖ,428
sprayers,785731,0,ᛋᛈᚱᚪᚣᛖᚱᛋ,438
blowpipe,785567,0,ᛒᛚᚩᚹᛈᛁᛈᛖ,344
ubiquity,785559,0,ᚢᛒᛁᚳᚹᛁᛏᚣ,320
mobilise,785552,0,ᛗᚩᛒᛁᛚᛁᛋᛖ,394
germaine,784995,0,ᚷᛖᚱᛗᚪᛁᚾᛖ,390
squeezes,784964,0,ᛋᚳᚹᛖᛖᛋᛖᛋ,392
vocalist,784722,0,ᚢᚩᚳᚪᛚᛁᛋᛏ,336
farcical,784144,0,ᚠᚪᚱᚳᛁᚳᚪᛚ,337
lifesaving,783992,0,ᛚᛁᚠᛖᛋᚪᚢᛝ,405
detracts,783740,0,ᛞᛖᛏᚱᚪᚳᛏᛋ,448
spillage,783682,0,ᛋᛈᛁᛚᛚᚪᚷᛖ,454
disguising,783306,0,ᛞᛁᛋᚷᚢᛁᛋᛝ,356
mercator,783271,0,ᛗᛖᚱᚳᚪᛏᚩᚱ,336
headstrong,783091,0,ᚻᛠᛞᛋᛏᚱᚩᛝ,430
stressor,782622,0,ᛋᛏᚱᛖᛋᛋᚩᚱ,314
unrolled,782291,0,ᚢᚾᚱᚩᛚᛚᛖᛞ,352
poundage,782255,0,ᛈᚩᚢᚾᛞᚪᚷᛖ,352
knowable,781907,0,ᚳᚾᚩᚹᚪᛒᛚᛖ,366
heartbreak,781859,0,ᚻᛠᚱᛏᛒᚱᛠᚳ,396
hairless,781543,0,ᚻᚪᛁᚱᛚᛖᛋᛋ,408
ambushed,781401,0,ᚪᛗᛒᚢᛋᚻᛖᛞ,464
confocal,781013,0,ᚳᚩᚾᚠᚩᚳᚪᛚ,241
cressida,780990,0,ᚳᚱᛖᛋᛋᛁᛞᚪ,414
balinese,780477,0,ᛒᚪᛚᛁᚾᛖᛋᛖ,478
archived,779805,0,ᚪᚱᚳᚻᛁᚢᛖᛞ,334
parisians,779725,0,ᛈᚪᚱᛁᛋᛡᚾᛋ,424
hyperemia,779576,0,ᚻᚣᛈᛖᚱᛖᛗᛡ,492
theologies,779186,0,ᚦᛇᛚᚩᚷᛁᛖᛋ,294
calender,779158,0,ᚳᚪᛚᛖᚾᛞᛖᚱ,446
enriches,778856,0,ᛖᚾᚱᛁᚳᚻᛖᛋ,294
aspirate,778125,0,ᚪᛋᛈᛁᚱᚪᛏᛖ,458
hairline,778033,0,ᚻᚪᛁᚱᛚᛁᚾᛖ,362
darkroom,778022,0,ᛞᚪᚱᚳᚱᚩᚩᛗ,306
airships,777963,0,ᚪᛁᚱᛋᚻᛁᛈᛋ,342
stationer,777805,0,ᛋᛏᚪᛏᛡᚾᛖᚱ,482
gullible,777735,0,ᚷᚢᛚᛚᛁᛒᛚᛖ,398
handguns,777715,0,ᚻᚪᚾᛞᚷᚢᚾᛋ,340
foramina,777055,0,ᚠᚩᚱᚪᛗᛁᚾᚪ,345
whitened,776966,0,ᚹᚻᛁᛏᛖᚾᛖᛞ,384
blackening,776884,0,ᛒᛚᚪᚳᚳᛖᚾᛝ,432
hammocks,776661,0,ᚻᚪᛗᛗᚩᚳᚳᛋ,348
eschewed,776355,0,ᛖᛋᚳᚻᛖᚹᛖᛞ,398
eichmann,776190,0,ᛖᛁᚳᚻᛗᚪᚾᚾ,360
scripted,775712,0,ᛋᚳᚱᛁᛈᛏᛖᛞ,366
virginal,775656,0,ᚢᛁᚱᚷᛁᚾᚪᛚ,292
atheistic,775558,0,ᚪᚦᛖᛁᛋᛏᛁᚳ,356
rebuffed,775167,0,ᚱᛖᛒᚢᚠᚠᛖᛞ,302
bleachers,775045,0,ᛒᛚᛠᚳᚻᛖᚱᛋ,410
platters,774974,0,ᛈᛚᚪᛏᛏᛖᚱᛋ,462
rockwood,774827,0,ᚱᚩᚳᚳᚹᚩᚩᛞ,166
obdurate,774697,0,ᚩᛒᛞᚢᚱᚪᛏᛖ,394
enamored,774569,0,ᛖᚾᚪᛗᚩᚱᛖᛞ,438
nitration,774098,0,ᚾᛁᛏᚱᚪᛏᛡᚾ,422
frictions,774015,0,ᚠᚱᛁᚳᛏᛡᚾᛋ,305
enrollee,773966,0,ᛖᚾᚱᚩᛚᛚᛖᛖ,394
phantasy,773776,0,ᛈᚻᚪᚾᛏᚪᛋᚣ,504
toothless,773666,0,ᛏᚩᚩᚦᛚᛖᛋᛋ,324
forfeits,773639,0,ᚠᚩᚱᚠᛖᛁᛏᛋ,232
darjeeling,773536,0,ᛞᚪᚱᛂᛖᛖᛚᛝ,520
wormwood,773349,0,ᚹᚩᚱᛗᚹᚩᚩᛞ,230
despises,773306,0,ᛞᛖᛋᛈᛁᛋᛖᛋ,456
cremated,772529,0,ᚳᚱᛖᛗᚪᛏᛖᛞ,474
phthalate,771841,0,ᛈᚻᚦᚪᛚᚪᛏᛖ,464
maddened,771653,0,ᛗᚪᛞᛞᛖᚾᛖᛞ,598
rightist,770376,0,ᚱᛁᚷᚻᛏᛁᛋᛏ,284
monazite,770321,0,ᛗᚩᚾᚪᛋᛁᛏᛖ,414
apposite,770310,0,ᚪᛈᛈᚩᛋᛁᛏᛖ,400
almanack,770250,0,ᚪᛚᛗᚪᚾᚪᚳᚳ,490
accustom,769818,0,ᚪᚳᚳᚢᛋᛏᚩᛗ,316
iterated,769788,0,ᛁᛏᛖᚱᚪᛏᛖᛞ,480
jeweller,769561,0,ᛂᛖᚹᛖᛚᛚᛖᚱ,414
antietam,769499,0,ᚪᚾᛏᛁᛖᛏᚪᛗ,510
maldives,768858,0,ᛗᚪᛚᛞᛁᚢᛖᛋ,484
minimising,768403,0,ᛗᛁᚾᛁᛗᛁᛋᛝ,396
boastful,768400,0,ᛒᚩᚪᛋᛏᚠᚢᛚ,355
inhumane,768340,0,ᛁᚾᚻᚢᛗᚪᚾᛖ,350
glaucous,768210,0,ᚷᛚᚪᚢᚳᚩᚢᛋ,266
trolleys,768158,0,ᛏᚱᚩᛚᛚᛖᚣᛋ,446
fastness,768096,0,ᚠᚪᛋᛏᚾᛖᛋᛋ,413
unnerved,767926,0,ᚢᚾᚾᛖᚱᚢᛖᛞ,298
wineries,767712,0,ᚹᛁᚾᛖᚱᛁᛖᛋ,308
redaction,767060,0,ᚱᛖᛞᚪᚳᛏᛡᚾ,472
yearbooks,767046,0,ᚣᛠᚱᛒᚩᚩᚳᛋ,364
airliner,766647,0,ᚪᛁᚱᛚᛁᚾᛖᚱ,350
epigraph,766424,0,ᛖᛈᛁᚷᚱᚪᛈᚻ,332
raincoat,766266,0,ᚱᚪᛁᚾᚳᚩᚪᛏ,344
succinic,766204,0,ᛋᚢᚳᚳᛁᚾᛁᚳ,186
puckered,766030,0,ᛈᚢᚳᚳᛖᚱᛖᛞ,306
lifelike,765663,0,ᛚᛁᚠᛖᛚᛁᚳᛖ,357
discards,765326,0,ᛞᛁᛋᚳᚪᚱᛞᛋ,436
preparer,764877,0,ᛈᚱᛖᛈᚪᚱᛖᚱ,350
merrimac,764667,0,ᛗᛖᚱᚱᛁᛗᚪᚳ,372
carvalho,764276,0,ᚳᚪᚱᚢᚪᛚᚻᚩ,324
doughnut,763997,0,ᛞᚩᚢᚷᚻᚾᚢᛏ,230
smuggler,763584,0,ᛋᛗᚢᚷᚷᛚᛖᚱ,312
sihanouk,763188,0,ᛋᛁᚻᚪᚾᚩᚢᚳ,256
espresso,762970,0,ᛖᛋᛈᚱᛖᛋᛋᚩ,354
wrestler,762770,0,ᚹᚱᛖᛋᛏᛚᛖᚱ,360
maligned,762614,0,ᛗᚪᛚᛁᚷᚾᛖᛞ,474
honduran,761775,0,ᚻᚩᚾᛞᚢᚱᚪᚾ,288
cornices,761715,0,ᚳᚩᚱᚾᛁᚳᛖᛋ,224
inviscid,761591,0,ᛁᚾᚢᛁᛋᚳᛁᛞ,280
arrester,761331,0,ᚪᚱᚱᛖᛋᛏᛖᚱ,376
lysander,761296,0,ᛚᚣᛋᚪᚾᛞᛖᚱ,522
tolerating,760988,0,ᛏᚩᛚᛖᚱᚪᛏᛝ,452
instants,760858,0,ᛁᚾᛋᛏᚪᚾᛏᛋ,410
bulawayo,760747,0,ᛒᚢᛚᚪᚹᚪᚣᚩ,460
cherishing,760252,0,ᚳᚻᛖᚱᛁᛋᚻᛝ,300
delighting,760249,0,ᛞᛖᛚᛁᚷᚻᛏᛝ,438
moralizing,759839,0,ᛗᚩᚱᚪᛚᛁᛋᛝ,422
adjoined,759692,0,ᚪᛞᛂᚩᛁᚾᛖᛞ,446
mutinous,759431,0,ᛗᚢᛏᛁᚾᚩᚢᛋ,256
smattering,759184,0,ᛋᛗᚪᛏᛏᛖᚱᛝ,496
hereupon,758390,0,ᚻᛖᚱᛖᚢᛈᚩᚾ,250
cinnabar,758336,0,ᚳᛁᚾᚾᚪᛒᚪᚱ,368
treeless,758079,0,ᛏᚱᛖᛖᛚᛖᛋᛋ,450
tantrums,757221,0,ᛏᚪᚾᛏᚱᚢᛗᛋ,382
secretes,756809,0,ᛋᛖᚳᚱᛖᛏᛖᛋ,390
halothane,756338,0,ᚻᚪᛚᚩᚦᚪᚾᛖ,398
blackest,755966,0,ᛒᛚᚪᚳᚳᛖᛋᛏ,436
roxburgh,755581,0,ᚱᚩᛉᛒᚢᚱᚷᚻ,180
typifies,755434,0,ᛏᚣᛈᛁᚠᛁᛖᛋ,389
cascaded,755424,0,ᚳᚪᛋᚳᚪᛞᛖᛞ,518
brambles,755056,0,ᛒᚱᚪᛗᛒᛚᛖᛋ,494
trailhead,754944,0,ᛏᚱᚪᛁᛚᚻᛠᛞ,492
beholden,754713,0,ᛒᛖᚻᚩᛚᛞᛖᚾ,416
forklift,754689,0,ᚠᚩᚱᚳᛚᛁᚠᛏ,198
succumbing,754427,0,ᛋᚢᚳᚳᚢᛗᛒᛝ,296
dietitian,754240,0,ᛞᛁᛖᛏᛁᛏᛡᚾ,472
ennobled,753975,0,ᛖᚾᚾᚩᛒᛚᛖᛞ,422
forfeiting,753951,0,ᚠᚩᚱᚠᛖᛁᛏᛝ,258
bombarding,752834,0,ᛒᚩᛗᛒᚪᚱᛞᛝ,476
impaction,752192,0,ᛁᛗᛈᚪᚳᛏᛡᚾ,450
tabletop,750960,0,ᛏᚪᛒᛚᛖᛏᚩᛈ,466
tuberous,750937,0,ᛏᚢᛒᛖᚱᚩᚢᛋ,264
sphenoid,750798,0,ᛋᛈᚻᛖᚾᚩᛁᛞ,342
foresees,750596,0,ᚠᚩᚱᛖᛋᛖᛖᛋ,327
applauding,750465,0,ᚪᛈᛈᛚᚪᚢᛞᛝ,524
airstrip,749937,0,ᚪᛁᚱᛋᛏᚱᛁᛈ,336
sprinted,749787,0,ᛋᛈᚱᛁᚾᛏᛖᛞ,382
windlass,749433,0,ᚹᛁᚾᛞᛚᚪᛋᛋ,444
disowned,749006,0,ᛞᛁᛋᚩᚹᚾᛖᛞ,384
adopters,748728,0,ᚪᛞᚩᛈᛏᛖᚱᛋ,426
waggoner,747436,0,ᚹᚪᚷᚷᚩᚾᛖᚱ,264
shackled,747093,0,ᛋᚻᚪᚳᚳᛚᛖᛞ,428
invoiced,746933,0,ᛁᚾᚢᚩᛁᚳᛖᛞ,270
footpaths,746867,0,ᚠᚩᚩᛏᛈᚪᚦᛋ,273
meltdown,746784,0,ᛗᛖᛚᛏᛞᚩᚹᚾ,414
oxidants,746543,0,ᚩᛉᛁᛞᚪᚾᛏᛋ,412
klondike,745825,0,ᚳᛚᚩᚾᛞᛁᚳᛖ,322
plasters,745786,0,ᛈᛚᚪᛋᛏᛖᚱᛋ,456
preceeding,745697,0,ᛈᚱᛖᚳᛖᛖᛞᛝ,436
whimpering,745646,0,ᚹᚻᛁᛗᛈᛖᚱᛝ,344
redolent,743985,0,ᚱᛖᛞᚩᛚᛖᚾᛏ,402
handmaid,743985,0,ᚻᚪᚾᛞᛗᚪᛁᛞ,526
descents,743446,0,ᛞᛖᛋᚳᛖᚾᛏᛋ,430
aquarius,743299,0,ᚪᚳᚹᚪᚱᛁᚢᛋ,324
advowson,743179,0,ᚪᛞᚢᚩᚹᛋᚩᚾ,304
emigrating,742730,0,ᛖᛗᛁᚷᚱᚪᛏᛝ,432
raptures,742687,0,ᚱᚪᛈᛏᚢᚱᛖᛋ,344
imperium,742540,0,ᛁᛗᛈᛖᚱᛁᚢᛗ,328
treadwell,742523,0,ᛏᚱᛠᛞᚹᛖᛚᛚ,500
outerwear,742283,0,ᚩᚢᛏᛖᚱᚹᛠᚱ,286
chicanos,741990,0,ᚳᚻᛁᚳᚪᚾᚩᛋ,266
inscribe,741555,0,ᛁᚾᛋᚳᚱᛁᛒᛖ,296
herdsman,741418,0,ᚻᛖᚱᛞᛋᛗᚪᚾ,440
cytosine,741167,0,ᚳᚣᛏᚩᛋᛁᚾᛖ,362
unmasked,741053,0,ᚢᚾᛗᚪᛋᚳᛖᛞ,422
clippers,740902,0,ᚳᛚᛁᛈᛈᛖᚱᛋ,334
howsoever,740782,0,ᚻᚩᚹᛋᛟᚢᛖᚱ,266
unswerving,739630,0,ᚢᚾᛋᚹᛖᚱᚢᛝ,264
oddities,739447,0,ᚩᛞᛞᛁᛏᛁᛖᛋ,426
pyrethrum,739359,0,ᛈᚣᚱᛖᚦᚱᚢᛗ,314
alginate,738733,0,ᚪᛚᚷᛁᚾᚪᛏᛖ,470
unfurled,738719,0,ᚢᚾᚠᚢᚱᛚᛖᛞ,277
postmark,737959,0,ᛈᚩᛋᛏᛗᚪᚱᚳ,354
defrauding,737640,0,ᛞᛖᚠᚱᚪᚢᛞᛝ,437
petulant,737573,0,ᛈᛖᛏᚢᛚᚪᚾᛏ,430
faceless,737394,0,ᚠᚪᚳᛖᛚᛖᛋᛋ,425
scantily,737320,0,ᛋᚳᚪᚾᛏᛁᛚᚣ,458
marcella,737159,0,ᛗᚪᚱᚳᛖᛚᛚᚪ,502
kirchner,737118,0,ᚳᛁᚱᚳᚻᚾᛖᚱ,198
bluebird,736929,0,ᛒᛚᚢᛖᛒᛁᚱᛞ,396
exudates,736884,0,ᛖᛉᚢᛞᚪᛏᛖᛋ,482
superheat,736833,0,ᛋᚢᛈᛖᚱᚻᛠᛏ,368
dorsalis,736392,0,ᛞᚩᚱᛋᚪᛚᛁᛋ,414
displeasing,736326,0,ᛞᛁᛋᛈᛚᛠᛋᛝ,530
unstated,736239,0,ᚢᚾᛋᛏᚪᛏᛖᛞ,456
vibrates,735680,0,ᚢᛁᛒᚱᚪᛏᛖᛋ,382
creepers,735668,0,ᚳᚱᛖᛖᛈᛖᚱᛋ,332
bruckner,735527,0,ᛒᚱᚢᚳᚳᚾᛖᚱ,208
insureds,735241,0,ᛁᚾᛋᚢᚱᛖᛞᛋ,336
gaillard,735033,0,ᚷᚪᛁᛚᛚᚪᚱᛞ,488
abrasions,734179,0,ᚪᛒᚱᚪᛋᛡᚾᛋ,508
leftists,734114,0,ᛚᛖᚠᛏᛁᛋᛏᛋ,397
bewitching,734038,0,ᛒᛖᚹᛁᛏᚳᚻᛝ,352
veinlets,734031,0,ᚢᛖᛁᚾᛚᛖᛏᛋ,382
triticum,733536,0,ᛏᚱᛁᛏᛁᚳᚢᛗ,278
corsican,733457,0,ᚳᚩᚱᛋᛁᚳᚪᚾ,254
marinade,732981,0,ᛗᚪᚱᛁᚾᚪᛞᛖ,492
evacuating,732482,0,ᛖᚢᚪᚳᚢᚪᛏᛝ,418
outlooks,732422,0,ᚩᚢᛏᛚᚩᚩᚳᛋ,222
finalize,732189,0,ᚠᛁᚾᚪᛚᛁᛋᛖ,383
licorice,732108,0,ᛚᛁᚳᚩᚱᛁᚳᛖ,246
bettered,731709,0,ᛒᛖᛏᛏᛖᚱᛖᛞ,480
geronimo,730916,0,ᚷᛖᚱᚩᚾᛁᛗᚩ,240
audiology,730381,0,ᚪᚢᛞᛡᛚᚩᚷᚣ,496
ideational,729768,0,ᛁᛞᛠᛏᛡᚾᚪᛚ,594
instilling,729640,0,ᛁᚾᛋᛏᛁᛚᛚᛝ,428
bladders,729330,0,ᛒᛚᚪᛞᛞᛖᚱᛋ,540
standoff,729312,0,ᛋᛏᚪᚾᛞᚩᚠᚠ,338
halogens,729258,0,ᚻᚪᛚᚩᚷᛖᚾᛋ,366
glanders,728123,0,ᚷᛚᚪᚾᛞᛖᚱᛋ,436
pastured,727489,0,ᛈᚪᛋᛏᚢᚱᛖᛞ,422
shuttles,726426,0,ᛋᚻᚢᛏᛏᛚᛖᛋ,390
massaged,726186,0,ᛗᚪᛋᛋᚪᚷᛖᛞ,544
laterite,726109,0,ᛚᚪᛏᛖᚱᛁᛏᛖ,464
dartmoor,725942,0,ᛞᚪᚱᛏᛗᚩᚩᚱ,352
luckless,725122,0,ᛚᚢᚳᚳᛚᛖᛋᛋ,348
slovenian,724889,0,ᛋᛚᚩᚢᛖᚾᛡᚾ,368
luncheons,724426,0,ᛚᚢᚾᚳᚻᛇᚾᛋ,264
scuttled,724359,0,ᛋᚳᚢᛏᛏᛚᛖᛞ,416
hapsburg,724350,0,ᚻᚪᛈᛋᛒᚢᚱᚷ,308
unburned,723800,0,ᚢᚾᛒᚢᚱᚾᛖᛞ,292
promisor,723696,0,ᛈᚱᚩᛗᛁᛋᚩᚱ,234
hilarity,723612,0,ᚻᛁᛚᚪᚱᛁᛏᚣ,428
tinplate,723165,0,ᛏᛁᚾᛈᛚᚪᛏᛖ,458
wavelets,722877,0,ᚹᚪᚢᛖᛚᛖᛏᛋ,438
libelous,722842,0,ᛚᛁᛒᛖᛚᚩᚢᛋ,368
upstanding,722370,0,ᚢᛈᛋᛏᚪᚾᛞᛝ,452
repairer,722265,0,ᚱᛖᛈᚪᛁᚱᛖᚱ,338
restorer,722229,0,ᚱᛖᛋᛏᚩᚱᛖᚱ,286
detainee,722053,0,ᛞᛖᛏᚪᛁᚾᛖᛖ,506
paddocks,721979,0,ᛈᚪᛞᛞᚩᚳᚳᛋ,404
preludes,721967,0,ᛈᚱᛖᛚᚢᛞᛖᛋ,406
caissons,721512,0,ᚳᚪᛁᛋᛋᚩᚾᛋ,336
hardback,721462,0,ᚻᚪᚱᛞᛒᚪᚳᚳ,404
reclined,721250,0,ᚱᛖᚳᛚᛁᚾᛖᛞ,380
squashed,721204,0,ᛋᚳᚹᚪᛋᚻᛖᛞ,414
corduroy,721072,0,ᚳᚩᚱᛞᚢᚱᚩᚣ,244
peppered,720157,0,ᛈᛖᛈᛈᛖᚱᛖᛞ,430
befriend,720035,0,ᛒᛖᚠᚱᛁᛖᚾᛞ,357
esthetics,719978,0,ᛖᛋᚦᛖᛏᛁᚳᛋ,348
quartering,719829,0,ᚳᚹᚪᚱᛏᛖᚱᛝ,356
derailed,719787,0,ᛞᛖᚱᚪᛁᛚᛖᛞ,524
workroom,719680,0,ᚹᚩᚱᚳᚱᚩᚩᛗ,146
sailboat,719474,0,ᛋᚪᛁᛚᛒᚩᚪᛏ,478
almanacs,719406,0,ᚪᛚᛗᚪᚾᚪᚳᛋ,530
footstep,718919,0,ᚠᚩᚩᛏᛋᛏᛖᛈ,297
coriaceous,718843,0,ᚳᚩᚱᛡᚳᛇᚢᛋ,248
megawatt,717998,0,ᛗᛖᚷᚪᚹᚪᛏᛏ,486
balthasar,717884,0,ᛒᚪᛚᚦᚪᛋᚪᚱ,494
doomsday,717790,0,ᛞᚩᚩᛗᛋᛞᚪᚣ,516
hogsheads,717576,0,ᚻᚩᚷᛋᚻᛠᛞᛋ,374
anatolian,717403,0,ᚪᚾᚪᛏᚩᛚᛡᚾ,498
singleness,717098,0,ᛋᛝᛚᛖᚾᛖᛋᛋ,474
sceptics,717008,0,ᛋᚳᛖᛈᛏᛁᚳᛋ,332
flippant,716639,0,ᚠᛚᛁᛈᛈᚪᚾᛏ,377
ruminant,716570,0,ᚱᚢᛗᛁᚾᚪᚾᛏ,330
nugatory,716532,0,ᚾᚢᚷᚪᛏᚩᚱᚣ,326
nepotism,716416,0,ᚾᛖᛈᚩᛏᛁᛋᛗ,360
gladiator,716189,0,ᚷᛚᚪᛞᛡᛏᚩᚱ,460
embalmed,715989,0,ᛖᛗᛒᚪᛚᛗᛖᛞ,596
michelin,715655,0,ᛗᛁᚳᚻᛖᛚᛁᚾ,338
mortifying,714982,0,ᛗᚩᚱᛏᛁᚠᚣᛝ,363
turgenev,714705,0,ᛏᚢᚱᚷᛖᚾᛖᚢ,256
spiritus,714261,0,ᛋᛈᛁᚱᛁᛏᚢᛋ,284
subserve,713717,0,ᛋᚢᛒᛋᛖᚱᚢᛖ,318
poachers,713581,0,ᛈᚩᚪᚳᚻᛖᚱᛋ,314
spheroid,712897,0,ᛋᛈᚻᛖᚱᚩᛁᛞ,324
percents,712759,0,ᛈᛖᚱᚳᛖᚾᛏᛋ,342
worshiping,712588,0,ᚹᚩᚱᛋᚻᛁᛈᛝ,266
rarities,712224,0,ᚱᚪᚱᛁᛏᛁᛖᛋ,360
anarchic,711656,0,ᚪᚾᚪᚱᚳᚻᛁᚳ,314
combatting,711581,0,ᚳᚩᛗᛒᚪᛏᛏᛝ,446
propound,711471,0,ᛈᚱᚩᛈᚩᚢᚾᛞ,232
tanzanian,711222,0,ᛏᚪᚾᛋᚪᚾᛡᚾ,500
sideband,711139,0,ᛋᛁᛞᛖᛒᚪᚾᛞ,516
cyanogen,710862,0,ᚳᚣᚪᚾᚩᚷᛖᚾ,362
caprices,710788,0,ᚳᚪᛈᚱᛁᚳᛖᛋ,328
alphonso,710738,0,ᚪᛚᛈᚻᚩᚾᛋᚩ,332
soundest,710705,0,ᛋᚩᚢᚾᛞᛖᛋᛏ,360
scapular,710483,0,ᛋᚳᚪᛈᚢᛚᚪᚱ,390
rooftops,710406,0,ᚱᚩᚩᚠᛏᚩᛈᛋ,189
stockmen,710386,0,ᛋᛏᚩᚳᚳᛗᛖᚾ,312
epitaphs,710265,0,ᛖᛈᛁᛏᚪᛈᚻᛋ,416
telecast,710063,0,ᛏᛖᛚᛖᚳᚪᛋᛏ,488
occident,709833,0,ᚩᚳᚳᛁᛞᛖᚾᛏ,308
boomerang,709588,0,ᛒᚩᚩᛗᛖᚱᚪᛝ,400
shockingly,709528,0,ᛋᚻᚩᚳᚳᛝᛚᚣ,364
woodbine,709029,0,ᚹᚩᚩᛞᛒᛁᚾᛖ,310
polishes,708899,0,ᛈᚩᛚᛁᛋᚻᛖᛋ,350
stumbles,708856,0,ᛋᛏᚢᛗᛒᛚᛖᛋ,440
pitcairn,708738,0,ᛈᛁᛏᚳᚪᛁᚱᚾ,314
endangers,708718,0,ᛖᚾᛞᚪᛝᛖᚱᛋ,492
laudanum,707889,0,ᛚᚪᚢᛞᚪᚾᚢᛗ,462
voyagers,707848,0,ᚢᚩᚣᚪᚷᛖᚱᛋ,358
senility,706981,0,ᛋᛖᚾᛁᛚᛁᛏᚣ,446
figurine,706698,0,ᚠᛁᚷᚢᚱᛁᚾᛖ,191
kashmiri,706506,0,ᚳᚪᛋᚻᛗᛁᚱᛁ,330
energize,706400,0,ᛖᚾᛖᚱᚷᛁᛋᛖ,342
melanesia,706303,0,ᛗᛖᛚᚪᚾᛖᛋᛡ,564
tortilla,705228,0,ᛏᚩᚱᛏᛁᛚᛚᚪ,410
timorous,704823,0,ᛏᛁᛗᚩᚱᚩᚢᛋ,242
bartered,704677,0,ᛒᚪᚱᛏᛖᚱᛖᛞ,462
poultice,704461,0,ᛈᚩᚢᛚᛏᛁᚳᛖ,296
heathenism,704232,0,ᚻᛠᚦᛖᚾᛁᛋᛗ,388
caucuses,704217,0,ᚳᚪᚢᚳᚢᛋᛖᛋ,302
pretexts,703951,0,ᛈᚱᛖᛏᛖᛉᛏᛋ,406
purveyor,703680,0,ᛈᚢᚱᚢᛖᚣᚩᚱ,248
toothpick,703529,0,ᛏᚩᚩᚦᛈᛁᚳᚳ,178
cumbrous,703488,0,ᚳᚢᛗᛒᚱᚩᚢᛋ,222
deaconess,703295,0,ᛞᛠᚳᚩᚾᛖᛋᛋ,420
typeface,702888,0,ᛏᚣᛈᛖᚠᚪᚳᛖ,451
reachable,702586,0,ᚱᛠᚳᚻᚪᛒᛚᛖ,454
gluttony,702489,0,ᚷᛚᚢᛏᛏᚩᚾᚣ,350
menschen,702094,0,ᛗᛖᚾᛋᚳᚻᛖᚾ,352
handover,701793,0,ᚻᚪᚾᛞᚩᚢᛖᚱ,326
homepage,701514,0,ᚻᚩᛗᛖᛈᚪᚷᛖ,392
carcases,701475,0,ᚳᚪᚱᚳᚪᛋᛖᛋ,404
plication,700168,0,ᛈᛚᛁᚳᚪᛏᛡᚾ,452
automating,700017,0,ᚪᚢᛏᚩᛗᚪᛏᛝ,472
doorknob,699611,0,ᛞᚩᚩᚱᚳᚾᚩᛒ,224
gorillas,699270,0,ᚷᚩᚱᛁᛚᛚᚪᛋ,362
conjures,698752,0,ᚳᚩᚾᛂᚢᚱᛖᛋ,220
athabasca,698287,0,ᚪᚦᚪᛒᚪᛋᚳᚪ,520
continua,698097,0,ᚳᚩᚾᛏᛁᚾᚢᚪ,268
dressers,697946,0,ᛞᚱᛖᛋᛋᛖᚱᛋ,404
butchery,697720,0,ᛒᚢᛏᚳᚻᛖᚱᚣ,340
adduction,695360,0,ᚪᛞᛞᚢᚳᛏᛡᚾ,486
patellar,695317,0,ᛈᚪᛏᛖᛚᛚᚪᚱ,520
rescuers,695042,0,ᚱᛖᛋᚳᚢᛖᚱᛋ,278
upbuilding,694138,0,ᚢᛈᛒᚢᛁᛚᛞᛝ,382
freckled,694113,0,ᚠᚱᛖᚳᚳᛚᛖᛞ,335
prospering,693869,0,ᛈᚱᚩᛋᛈᛖᚱᛝ,314
herniation,693015,0,ᚻᛖᚱᚾᛡᛏᛡᚾ,432
reptilian,692894,0,ᚱᛖᛈᛏᛁᛚᛡᚾ,420
nicotiana,692667,0,ᚾᛁᚳᚩᛏᛡᚾᚪ,372
grizzled,692591,0,ᚷᚱᛁᛋᛋᛚᛖᛞ,394
pressman,692501,0,ᛈᚱᛖᛋᛋᛗᚪᚾ,424
abattoir,692438,0,ᚪᛒᚪᛏᛏᚩᛁᚱ,422
bonfires,692401,0,ᛒᚩᚾᚠᛁᚱᛖᛋ,261
thankless,692383,0,ᚦᚪᚾᚳᛚᛖᛋᛋ,390
breakaway,692233,0,ᛒᚱᛠᚳᚪᚹᚪᚣ,510
loquitur,692171,0,ᛚᚩᚳᚹᛁᛏᚢᚱ,216
workouts,692141,0,ᚹᚩᚱᚳᚩᚢᛏᛋ,172
foreland,691622,0,ᚠᚩᚱᛖᛚᚪᚾᛞ,375
bathsheba,691213,0,ᛒᚪᚦᛋᚻᛖᛒᚪ,464
bevelled,690971,0,ᛒᛖᚢᛖᛚᛚᛖᛞ,500
afflicting,690749,0,ᚪᚠᚠᛚᛁᚳᛏᛝ,356
catchers,690551,0,ᚳᚪᛏᚳᚻᛖᚱᛋ,336
ascetics,690467,0,ᚪᛋᚳᛖᛏᛁᚳᛋ,386
sociality,690406,0,ᛋᚩᚳᛡᛚᛁᛏᚣ,446
terriers,690372,0,ᛏᛖᚱᚱᛁᛖᚱᛋ,310
arsenite,689642,0,ᚪᚱᛋᛖᚾᛁᛏᛖ,414
overruns,688762,0,ᚩᚢᛖᚱᚱᚢᚾᛋ,184
bakelite,688319,0,ᛒᚪᚳᛖᛚᛁᛏᛖ,468
widowers,687960,0,ᚹᛁᛞᚩᚹᛖᚱᛋ,296
discours,687637,0,ᛞᛁᛋᚳᚩᚢᚱᛋ,260
develope,687082,0,ᛞᛖᚢᛖᛚᚩᛈᛖ,416
officious,686836,0,ᚩᚠᚠᛁᚳᛡᚢᛋ,218
loveless,686805,0,ᛚᚩᚢᛖᛚᛖᛋᛋ,396
paralyze,686545,0,ᛈᚪᚱᚪᛚᚣᛋᛖ,544
adroitly,685969,0,ᚪᛞᚱᚩᛁᛏᛚᚣ,470
premolar,685943,0,ᛈᚱᛖᛗᚩᛚᚪᚱ,380
playmate,685531,0,ᛈᛚᚪᚣᛗᚪᛏᛖ,610
fireball,685474,0,ᚠᛁᚱᛖᛒᚪᛚᛚ,415
foolscap,685409,0,ᚠᚩᚩᛚᛋᚳᚪᛈ,295
noblesse,685063,0,ᚾᚩᛒᛚᛖᛋᛋᛖ,410
dethroned,684742,0,ᛞᛖᚦᚱᚩᚾᛖᛞ,364
lightnings,684597,0,ᛚᛁᚷᚻᛏᚾᛝᛋ,364
monocyte,684522,0,ᛗᚩᚾᚩᚳᚣᛏᛖ,356
dyestuff,684469,0,ᛞᚣᛖᛋᛏᚢᚠᚠ,378
fingernail,684259,0,ᚠᛝᛖᚱᚾᚪᛁᛚ,389
marchers,683362,0,ᛗᚪᚱᚳᚻᛖᚱᛋ,346
probated,683245,0,ᛈᚱᚩᛒᚪᛏᛖᛞ,434
neodymium,682926,0,ᚾᛇᛞᚣᛗᛁᚢᛗ,438
taciturn,682772,0,ᛏᚪᚳᛁᛏᚢᚱᚾ,302
basketry,681750,0,ᛒᚪᛋᚳᛖᛏᚱᚣ,464
sparkles,681513,0,ᛋᛈᚪᚱᚳᛚᛖᛋ,410
leverett,681479,0,ᛚᛖᚢᛖᚱᛖᛏᛏ,406
carpathian,681466,0,ᚳᚪᚱᛈᚪᚦᛡᚾ,402
banqueting,681415,0,ᛒᚪᚾᚳᚹᛖᛏᛝ,424
whiteley,681376,0,ᚹᚻᛁᛏᛖᛚᛖᚣ,442
wycliffe,681305,0,ᚹᚣᚳᛚᛁᚠᚠᛖ,310
gladiolus,680523,0,ᚷᛚᚪᛞᛡᛚᚢᛋ,512
adjourns,680450,0,ᚪᛞᛂᚩᚢᚱᚾᛋ,326
treatable,680409,0,ᛏᚱᛠᛏᚪᛒᛚᛖ,536
quintile,680066,0,ᚳᚹᛁᚾᛏᛁᛚᛖ,322
stopcock,679883,0,ᛋᛏᚩᛈᚳᚩᚳᚳ,208
legalizing,679504,0,ᛚᛖᚷᚪᛚᛁᛋᛝ,490
tragical,679503,0,ᛏᚱᚪᚷᛁᚳᚪᛚ,398
entrusting,679388,0,ᛖᚾᛏᚱᚢᛋᛏᛝ,360
hedonism,678421,0,ᚻᛖᛞᚩᚾᛁᛋᛗ,370
heartburn,678105,0,ᚻᛠᚱᛏᛒᚢᚱᚾ,306
kerchief,678041,0,ᚳᛖᚱᚳᚻᛁᛖᚠ,227
avocados,676956,0,ᚪᚢᚩᚳᚪᛞᚩᛋ,366
bultmann,676205,0,ᛒᚢᛚᛏᛗᚪᚾᚾ,422
fivefold,676183,0,ᚠᛁᚢᛖᚠᚩᛚᛞ,274
glorifying,675634,0,ᚷᛚᚩᚱᛁᚠᚣᛝ,323
cardamom,675205,0,ᚳᚪᚱᛞᚪᛗᚩᛗ,456
backfire,674620,0,ᛒᚪᚳᚳᚠᛁᚱᛖ,295
dolerite,674512,0,ᛞᚩᛚᛖᚱᛁᛏᛖ,404
redstone,673963,0,ᚱᛖᛞᛋᛏᚩᚾᛖ,382
proctors,673737,0,ᛈᚱᚩᚳᛏᚩᚱᛋ,204
brownies,673435,0,ᛒᚱᚩᚹᚾᛁᛖᛋ,278
chuckles,673369,0,ᚳᚻᚢᚳᚳᛚᛖᛋ,258
avicenna,673230,0,ᚪᚢᛁᚳᛖᚾᚾᚪ,366
abernathy,673220,0,ᚪᛒᛖᚱᚾᚪᚦᚣ,470
dovetail,673203,0,ᛞᚩᚢᛖᛏᚪᛁᛚ,426
deplores,673185,0,ᛞᛖᛈᛚᚩᚱᛖᛋ,410
encumber,672588,0,ᛖᚾᚳᚢᛗᛒᛖᚱ,322
clematis,672412,0,ᚳᛚᛖᛗᚪᛏᛁᛋ,464
decanter,671679,0,ᛞᛖᚳᚪᚾᛏᛖᚱ,432
anemones,671505,0,ᚪᚾᛖᛗᚩᚾᛖᛋ,420
docility,671108,0,ᛞᚩᚳᛁᛚᛁᛏᚣ,406
botulism,670939,0,ᛒᚩᛏᚢᛚᛁᛋᛗ,358
fistulas,670899,0,ᚠᛁᛋᛏᚢᛚᚪᛋ,371
capstone,670586,0,ᚳᚪᛈᛋᛏᚩᚾᛖ,368
plebeians,670227,0,ᛈᛚᛖᛒᛖᛡᚾᛋ,500
imitator,670116,0,ᛁᛗᛁᛏᚪᛏᚩᚱ,366
demerara,669889,0,ᛞᛖᛗᛖᚱᚪᚱᚪ,510
zachariah,669689,0,ᛋᚪᚳᚻᚪᚱᛡᚻ,424
madrigal,669411,0,ᛗᚪᛞᚱᛁᚷᚪᛚ,486
contriving,669171,0,ᚳᚩᚾᛏᚱᛁᚢᛝ,232
bowlders,669118,0,ᛒᚩᚹᛚᛞᛖᚱᛋ,380
sanatoria,669091,0,ᛋᚪᚾᚪᛏᚩᚱᛡ,460
sackcloth,669058,0,ᛋᚪᚳᚳᚳᛚᚩᚦ,274
dihedral,668727,0,ᛞᛁᚻᛖᛞᚱᚪᛚ,480
operands,668262,0,ᚩᛈᛖᚱᚪᚾᛞᛋ,396
cavanagh,668199,0,ᚳᚪᚢᚪᚾᚪᚷᚻ,376
trigonal,667808,0,ᛏᚱᛁᚷᚩᚾᚪᛚ,324
overseen,667653,0,ᚩᚢᛖᚱᛋᛖᛖᚾ,304
auctioned,667213,0,ᚪᚢᚳᛏᛡᚾᛖᛞ,464
collegial,667184,0,ᚳᚩᛚᛚᛖᚷᛡᛚ,430
workdays,667031,0,ᚹᚩᚱᚳᛞᚪᚣᛋ,392
vientiane,666742,0,ᚢᛁᛖᚾᛏᛡᚾᛖ,392
newsreel,665983,0,ᚾᛖᚹᛋᚱᛖᛖᛚ,386
exultant,665722,0,ᛖᛉᚢᛚᛏᚪᚾᛏ,434
acquirer,665604,0,ᚪᚳᚳᚹᛁᚱᛖᚱ,262
excerpta,665273,0,ᛖᛉᚳᛖᚱᛈᛏᚪ,404
aristide,665191,0,ᚪᚱᛁᛋᛏᛁᛞᛖ,438
chargers,664744,0,ᚳᚻᚪᚱᚷᛖᚱᛋ,292
pickford,664671,0,ᛈᛁᚳᚳᚠᚩᚱᛞ,209
unkindly,664630,0,ᚢᚾᚳᛁᚾᛞᛚᚣ,370
homeopathy,664528,0,ᚻᚩᛗᛇᛈᚪᚦᚣ,390
logicians,664191,0,ᛚᚩᚷᛁᚳᛡᚾᛋ,330
shigella,664053,0,ᛋᚻᛁᚷᛖᛚᛚᚪ,434
draconian,664049,0,ᛞᚱᚪᚳᚩᚾᛡᚾ,382
barreled,663912,0,ᛒᚪᚱᚱᛖᛚᛖᛞ,476
egoistic,663883,0,ᛖᚷᚩᛁᛋᛏᛁᚳ,278
amortize,663470,0,ᚪᛗᚩᚱᛏᛁᛋᛖ,396
mediately,663026,0,ᛗᛖᛞᛡᛏᛖᛚᚣ,636
wordless,662494,0,ᚹᚩᚱᛞᛚᛖᛋᛋ,372
redshift,662346,0,ᚱᛖᛞᛋᚻᛁᚠᛏ,335
futurist,662067,0,ᚠᚢᛏᚢᚱᛁᛋᛏ,221
glaciated,661848,0,ᚷᛚᚪᚳᛡᛏᛖᛞ,522
ecclesiae,661781,0,ᛖᚳᚳᛚᛖᛋᛡᛖ,460
daydreaming,661759,0,ᛞᚪᚣᛞᚱᛠᛗᛝ,648
sardinian,661705,0,ᛋᚪᚱᛞᛁᚾᛡᚾ,446
rescinding,660814,0,ᚱᛖᛋᚳᛁᚾᛞᛝ,372
withholds,660658,0,ᚹᛁᚦᚻᚩᛚᛞᛋ,300
kinshasa,660410,0,ᚳᛁᚾᛋᚻᚪᛋᚪ,396
litigating,660335,0,ᛚᛁᛏᛁᚷᚪᛏᛝ,446
haystack,659670,0,ᚻᚪᚣᛋᛏᚪᚳᚳ,458
peacemaking,659651,0,ᛈᛠᚳᛖᛗᚪᚳᛝ,492
kalahari,659593,0,ᚳᚪᛚᚪᚻᚪᚱᛁ,442
rummaged,659260,0,ᚱᚢᛗᛗᚪᚷᛖᛞ,426
oracular,658325,0,ᚩᚱᚪᚳᚢᛚᚪᚱ,312
celibate,658272,0,ᚳᛖᛚᛁᛒᚪᛏᛖ,468
congeners,658265,0,ᚳᚩᛝᛖᚾᛖᚱᛋ,326
washable,658207,0,ᚹᚪᛋᚻᚪᛒᛚᛖ,490
reinvest,657920,0,ᚱᛖᛁᚾᚢᛖᛋᛏ,320
ravished,657831,0,ᚱᚪᚢᛁᛋᚻᛖᛞ,374
boycotting,657698,0,ᛒᚩᚣᚳᚩᛏᛏᛝ,388
forgives,657677,0,ᚠᚩᚱᚷᛁᚢᛖᛋ,191
suborder,657657,0,ᛋᚢᛒᚩᚱᛞᛖᚱ,302
uncovers,657365,0,ᚢᚾᚳᚩᚢᛖᚱᛋ,186
proteids,657339,0,ᛈᚱᚩᛏᛖᛁᛞᛋ,360
starbuck,657117,0,ᛋᛏᚪᚱᛒᚢᚳᚳ,310
arbiters,656990,0,ᚪᚱᛒᛁᛏᛖᚱᛋ,390
basswood,656984,0,ᛒᚪᛋᛋᚹᚩᚩᛞ,386
parolees,656682,0,ᛈᚪᚱᚩᛚᛖᛖᛋ,418
fiendish,656553,0,ᚠᛁᛖᚾᛞᛁᛋᚻ,325
hillocks,655942,0,ᚻᛁᛚᛚᚩᚳᚳᛋ,286
gridiron,655891,0,ᚷᚱᛁᛞᛁᚱᚩᚾ,226
scourged,655834,0,ᛋᚳᚩᚢᚱᚷᛖᛞ,260
hardcore,655232,0,ᚻᚪᚱᛞᚳᚩᚱᛖ,318
unsavory,654533,0,ᚢᚾᛋᚪᚢᚩᚱᚣ,306
hazarded,654072,0,ᚻᚪᛋᚪᚱᛞᛖᛞ,526
gaslight,654041,0,ᚷᚪᛋᛚᛁᚷᚻᛏ,370
healthiest,653941,0,ᚻᛠᛚᚦᛁᛖᛋᛏ,420
endorser,653831,0,ᛖᚾᛞᚩᚱᛋᛖᚱ,334
mandalay,653808,0,ᛗᚪᚾᛞᚪᛚᚪᚣ,656
exteriors,653416,0,ᛖᛉᛏᛖᚱᛡᚱᛋ,422
embargoes,652927,0,ᛖᛗᛒᚪᚱᚷᛟᛋ,460
ganglionic,652725,0,ᚷᚪᛝᛚᛡᚾᛁᚳ,446
expander,652720,0,ᛖᛉᛈᚪᚾᛞᛖᚱ,450
townsite,652563,0,ᛏᚩᚹᚾᛋᛁᛏᛖ,324
speedway,652531,0,ᛋᛈᛖᛖᛞᚹᚪᚣ,538
brooches,652441,0,ᛒᚱᚩᚩᚳᚻᛖᛋ,242
involute,652360,0,ᛁᚾᚢᚩᛚᚢᛏᛖ,272
heirloom,651807,0,ᚻᛖᛁᚱᛚᚩᚩᛗ,290
pensioned,651661,0,ᛈᛖᚾᛋᛡᚾᛖᛞ,484
bivalent,651582,0,ᛒᛁᚢᚪᛚᛖᚾᛏ,420
tamarack,651151,0,ᛏᚪᛗᚪᚱᚪᚳᚳ,458
proration,650372,0,ᛈᚱᚩᚱᚪᛏᛡᚾ,364
capetown,650362,0,ᚳᚪᛈᛖᛏᚩᚹᚾ,334
kandahar,650160,0,ᚳᚪᚾᛞᚪᚻᚪᚱ,456
displease,649597,0,ᛞᛁᛋᛈᛚᛠᛋᛖ,518
gnostics,649264,0,ᚷᚾᚩᛋᛏᛁᚳᛋ,262
histones,648939,0,ᚻᛁᛋᛏᚩᚾᛖᛋ,322
derisive,648922,0,ᛞᛖᚱᛁᛋᛁᚢᛖ,352
reveries,647999,0,ᚱᛖᚢᛖᚱᛁᛖᛋ,310
baldness,647859,0,ᛒᚪᛚᛞᚾᛖᛋᛋ,522
gentlest,647806,0,ᚷᛖᚾᛏᛚᛖᛋᛏ,424
buffeted,647641,0,ᛒᚢᚠᚠᛖᛏᛖᛞ,350
acrylate,646921,0,ᚪᚳᚱᚣᛚᚪᛏᛖ,520
henchmen,646822,0,ᚻᛖᚾᚳᚻᛗᛖᚾ,322
catapult,646579,0,ᚳᚪᛏᚪᛈᚢᛚᛏ,444
theodolite,645564,0,ᚦᛇᛞᚩᛚᛁᛏᛖ,372
engendering,645494,0,ᛖᛝᛖᚾᛞᛖᚱᛝ,488
sacristy,645491,0,ᛋᚪᚳᚱᛁᛋᛏᚣ,420
bookmark,644675,0,ᛒᚩᚩᚳᛗᚪᚱᚳ,280
sprained,643952,0,ᛋᛈᚱᚪᛁᚾᛖᛞ,420
squander,643536,0,ᛋᚳᚹᚪᚾᛞᛖᚱ,378
bisected,643275,0,ᛒᛁᛋᛖᚳᛏᛖᛞ,440
unafraid,642898,0,ᚢᚾᚪᚠᚱᚪᛁᛞ,359
legations,642559,0,ᛚᛖᚷᚪᛏᛡᚾᛋ,502
armories,642488,0,ᚪᚱᛗᚩᚱᛁᛖᛋ,348
casebook,642362,0,ᚳᚪᛋᛖᛒᚩᚩᚳ,318
justness,642319,0,ᛂᚢᛋᛏᚾᛖᛋᛋ,354
ironwork,642008,0,ᛁᚱᚩᚾᚹᚩᚱᚳ,128
reinvent,641864,0,ᚱᛖᛁᚾᚢᛖᚾᛏ,296
evictions,641131,0,ᛖᚢᛁᚳᛏᛡᚾᛋ,362
uncoupling,640988,0,ᚢᚾᚳᚩᚢᛈᛚᛝ,250
swastika,640879,0,ᛋᚹᚪᛋᛏᛁᚳᚪ,422
evenness,640151,0,ᛖᚢᛖᚾᚾᛖᛋᛋ,368
bastardy,639593,0,ᛒᚪᛋᛏᚪᚱᛞᚣ,570
previews,639296,0,ᛈᚱᛖᚢᛁᛖᚹᛋ,294
bohemians,639203,0,ᛒᚩᚻᛖᛗᛡᚾᛋ,418
nonfatal,639055,0,ᚾᚩᚾᚠᚪᛏᚪᛚ,393
trimmers,638568,0,ᛏᚱᛁᛗᛗᛖᚱᛋ,374
bloodied,638334,0,ᛒᛚᚩᚩᛞᛁᛖᛞ,424
bowditch,638319,0,ᛒᚩᚹᛞᛁᛏᚳᚻ,302
urbanity,638158,0,ᚢᚱᛒᚪᚾᛁᛏᚣ,394
unissued,638040,0,ᚢᚾᛁᛋᛋᚢᛖᛞ,328
gamaliel,637967,0,ᚷᚪᛗᚪᛚᛁᛖᛚ,526
purifier,637117,0,ᛈᚢᚱᛁᚠᛁᛖᚱ,199
beatitude,636369,0,ᛒᛠᛏᛁᛏᚢᛞᛖ,478
warlords,636322,0,ᚹᚪᚱᛚᚩᚱᛞᛋ,360
seedless,636305,0,ᛋᛖᛖᛞᛚᛖᛋᛋ,522
crosshead,635490,0,ᚳᚱᚩᛋᛋᚻᛠᛞ,358
championing,634649,0,ᚳᚻᚪᛗᛈᛡᚾᛝ,462
headstone,633897,0,ᚻᛠᛞᛋᛏᚩᚾᛖ,436
helmsman,633472,0,ᚻᛖᛚᛗᛋᛗᚪᚾ,484
fixative,633458,0,ᚠᛁᛉᚪᛏᛁᚢᛖ,337
picayune,633416,0,ᛈᛁᚳᚪᚣᚢᚾᛖ,386
pyogenic,633112,0,ᛈᚣᚩᚷᛖᚾᛁᚳ,310
undressing,633061,0,ᚢᚾᛞᚱᛖᛋᛋᛝ,384
windpipe,632815,0,ᚹᛁᚾᛞᛈᛁᛈᛖ,352
roughest,632749,0,ᚱᚩᚢᚷᚻᛖᛋᛏ,240
antacids,632689,0,ᚪᚾᛏᚪᚳᛁᛞᛋ,468
kaskaskia,632644,0,ᚳᚪᛋᚳᚪᛋᚳᛡ,446
berenice,631987,0,ᛒᛖᚱᛖᚾᛁᚳᛖ,346
sandburg,631955,0,ᛋᚪᚾᛞᛒᚢᚱᚷ,360
operetta,631765,0,ᚩᛈᛖᚱᛖᛏᛏᚪ,410
outstrip,631603,0,ᚩᚢᛏᛋᛏᚱᛁᛈ,266
folkways,631528,0,ᚠᚩᛚᚳᚹᚪᚣᛋ,367
twopence,631125,0,ᛏᚹᚩᛈᛖᚾᚳᛖ,304
capsicum,629908,0,ᚳᚪᛈᛋᛁᚳᚢᛗ,324
slanders,629786,0,ᛋᛚᚪᚾᛞᛖᚱᛋ,472
praetorian,628644,0,ᛈᚱᚫᛏᚩᚱᛡᚾ,368
sweetening,628370,0,ᛋᚹᛖᛖᛏᛖᚾᛝ,440
menhaden,628347,0,ᛗᛖᚾᚻᚪᛞᛖᚾ,472
farmstead,628274,0,ᚠᚪᚱᛗᛋᛏᛠᛞ,491
veronese,627781,0,ᚢᛖᚱᚩᚾᛖᛋᛖ,304
centimes,627313,0,ᚳᛖᚾᛏᛁᛗᛖᛋ,390
moistening,626750,0,ᛗᚩᛁᛋᛏᛖᚾᛝ,396
avocation,626429,0,ᚪᚢᚩᚳᚪᛏᛡᚾ,412
christen,626412,0,ᚳᚻᚱᛁᛋᛏᛖᚾ,286
prickles,626053,0,ᛈᚱᛁᚳᚳᛚᛖᛋ,304
cheerily,625928,0,ᚳᚻᛖᛖᚱᛁᛚᚣ,388
prefects,625362,0,ᛈᚱᛖᚠᛖᚳᛏᛋ,315
opticians,625279,0,ᚩᛈᛏᛁᚳᛡᚾᛋ,342
bedouins,625007,0,ᛒᛖᛞᚩᚢᛁᚾᛋ,340
antitank,624942,0,ᚪᚾᛏᛁᛏᚪᚾᚳ,414
lodgment,624907,0,ᛚᚩᛞᚷᛗᛖᚾᛏ,412
admiringly,624440,0,ᚪᛞᛗᛁᚱᛝᛚᚣ,554
tradable,624313,0,ᛏᚱᚪᛞᚪᛒᛚᛖ,554
bolstering,623896,0,ᛒᚩᛚᛋᛏᛖᚱᛝ,410
parishad,623504,0,ᛈᚪᚱᛁᛋᚻᚪᛞ,444
rivalled,623405,0,ᚱᛁᚢᚪᛚᛚᛖᛞ,444
pomerania,623250,0,ᛈᚩᛗᛖᚱᚪᚾᛡ,432
mutilate,623220,0,ᛗᚢᛏᛁᛚᚪᛏᛖ,460
mutagens,623186,0,ᛗᚢᛏᚪᚷᛖᚾᛋ,396
harrowed,622923,0,ᚻᚪᚱᚱᚩᚹᛖᛞ,324
crossbar,622756,0,ᚳᚱᚩᛋᛋᛒᚪᚱ,306
stencils,622305,0,ᛋᛏᛖᚾᚳᛁᛚᛋ,378
lusitania,622271,0,ᛚᚢᛋᛁᛏᚪᚾᛡ,452
broadleaf,622090,0,ᛒᚱᚩᚪᛞᛚᛠᚠ,449
stendhal,622087,0,ᛋᛏᛖᚾᛞᚻᚪᛚ,490
asperity,621759,0,ᚪᛋᛈᛖᚱᛁᛏᚣ,464
coplanar,621664,0,ᚳᚩᛈᛚᚪᚾᚪᚱ,370
submerge,621313,0,ᛋᚢᛒᛗᛖᚱᚷᛖ,350
perjured,621110,0,ᛈᛖᚱᛂᚢᚱᛖᛞ,328
hyacinths,621100,0,ᚻᚣᚪᚳᛁᚾᚦᛋ,354
maelstrom,620986,0,ᛗᚫᛚᛋᛏᚱᚩᛗ,446
butchering,620949,0,ᛒᚢᛏᚳᚻᛖᚱᛝ,316
waldemar,620696,0,ᚹᚪᛚᛞᛖᛗᚪᚱ,524
seraphim,620342,0,ᛋᛖᚱᚪᛈᚻᛁᛗ,396
tentacle,619907,0,ᛏᛖᚾᛏᚪᚳᛚᛖ,464
shallots,619089,0,ᛋᚻᚪᛚᛚᚩᛏᛋ,438
collinear,619063,0,ᚳᚩᛚᛚᛁᚾᛠᚱ,346
idealised,618932,0,ᛁᛞᛠᛚᛁᛋᛖᛞ,542
rootlets,618134,0,ᚱᚩᚩᛏᛚᛖᛏᛋ,336
parsnips,618130,0,ᛈᚪᚱᛋᚾᛁᛈᛋ,360
livelier,617716,0,ᛚᛁᚢᛖᛚᛁᛖᚱ,356
cassation,617515,0,ᚳᚪᛋᛋᚪᛏᛡᚾ,508
copyists,617469,0,ᚳᚩᛈᚣᛁᛋᛏᛋ,362
raccoons,616797,0,ᚱᚪᚳᚳᚩᚩᚾᛋ,230
resupply,616583,0,ᚱᛖᛋᚢᛈᛈᛚᚣ,396
hittites,616484,0,ᚻᛁᛏᛏᛁᛏᛖᛋ,382
proposer,615830,0,ᛈᚱᚩᛈᚩᛋᛖᚱ,242
deceiver,615659,0,ᛞᛖᚳᛖᛁᚢᛖᚱ,348
tapeworm,615562,0,ᛏᚪᛈᛖᚹᚩᚱᛗ,374
unbidden,615245,0,ᚢᚾᛒᛁᛞᛞᛖᚾ,398
ritually,615201,0,ᚱᛁᛏᚢᚪᛚᛚᚣ,450
artistes,614602,0,ᚪᚱᛏᛁᛋᛏᛖᛋ,430
turbojet,614531,0,ᛏᚢᚱᛒᚩᛂᛖᛏ,304
onlooker,614054,0,ᚩᚾᛚᚩᚩᚳᛖᚱ,214
upraised,613861,0,ᚢᛈᚱᚪᛁᛋᛖᛞ,394
meristem,613495,0,ᛗᛖᚱᛁᛋᛏᛖᛗ,430
accademia,613454,0,ᚪᚳᚳᚪᛞᛖᛗᛡ,554
oppressing,613348,0,ᚩᛈᛈᚱᛖᛋᛋᛝ,356
slighter,613189,0,ᛋᛚᛁᚷᚻᛏᛖᚱ,334
sunspots,613132,0,ᛋᚢᚾᛋᛈᚩᛏᛋ,300
mainspring,613129,0,ᛗᚪᛁᚾᛋᛈᚱᛝ,414
quietude,612914,0,ᚳᚹᛁᛖᛏᚢᛞᛖ,348
chiefest,612516,0,ᚳᚻᛁᛖᚠᛖᛋᛏ,315
quackery,612500,0,ᚳᚹᚪᚳᚳᛖᚱᚣ,336
eulogies,612290,0,ᛖᚢᛚᚩᚷᛁᛖᛋ,318
cesspool,611862,0,ᚳᛖᛋᛋᛈᚩᚩᛚ,316
esquires,611722,0,ᛖᛋᚳᚹᛁᚱᛖᛋ,314
menander,611667,0,ᛗᛖᚾᚪᚾᛞᛖᚱ,460
quintana,610745,0,ᚳᚹᛁᚾᛏᚪᚾᚪ,374
perishes,610091,0,ᛈᛖᚱᛁᛋᚻᛖᛋ,348
tamarind,610019,0,ᛏᚪᛗᚪᚱᛁᚾᛞ,484
obligingly,609686,0,ᚩᛒᛚᛁᚷᛝᛚᚣ,444
relegate,609561,0,ᚱᛖᛚᛖᚷᚪᛏᛖ,458
soulless,609459,0,ᛋᚩᚢᛚᛚᛖᛋᛋ,382
theocratic,609284,0,ᚦᛇᚳᚱᚪᛏᛁᚳ,270
rockfish,609133,0,ᚱᚩᚳᚳᚠᛁᛋᚻ,153
gossamer,608843,0,ᚷᚩᛋᛋᚪᛗᛖᚱ,376
sheepish,608330,0,ᛋᚻᛖᛖᛈᛁᛋᚻ,360
biscayne,608064,0,ᛒᛁᛋᚳᚪᚣᚾᛖ,454
envisioning,606869,0,ᛖᚾᚢᛁᛋᛡᚾᛝ,398
coarsest,606517,0,ᚳᚩᚪᚱᛋᛖᛋᛏ,360
taxicabs,606508,0,ᛏᚪᛉᛁᚳᚪᛒᛋ,458
convener,605828,0,ᚳᚩᚾᚢᛖᚾᛖᚱ,226
saddlery,605826,0,ᛋᚪᛞᛞᛚᛖᚱᚣ,582
hepatoma,605651,0,ᚻᛖᛈᚪᛏᚩᛗᚪ,464
nijmegen,605534,0,ᚾᛁᛂᛗᛖᚷᛖᚾ,348
pressuring,605495,0,ᛈᚱᛖᛋᛋᚢᚱᛝ,320
surmises,604948,0,ᛋᚢᚱᛗᛁᛋᛖᛋ,342
bypasses,604515,0,ᛒᚣᛈᚪᛋᛋᛖᛋ,530
bethought,603985,0,ᛒᛖᚦᚩᚢᚷᚻᛏ,242
tricycle,603939,0,ᛏᚱᛁᚳᚣᚳᛚᛖ,370
languidly,603528,0,ᛚᚪᛝᚢᛁᛞᛚᚣ,548
deceives,603527,0,ᛞᛖᚳᛖᛁᚢᛖᛋ,390
underage,603255,0,ᚢᚾᛞᛖᚱᚪᚷᛖ,380
beautifying,602248,0,ᛒᛠᚢᛏᛁᚠᚣᛝ,447
acrimony,601786,0,ᚪᚳᚱᛁᛗᚩᚾᚣ,362
foresaid,601064,0,ᚠᚩᚱᛖᛋᚪᛁᛞ,357
appetizing,600953,0,ᚪᛈᛈᛖᛏᛁᛋᛝ,472
crinkled,600592,0,ᚳᚱᛁᚾᚳᛚᛖᛞ,326
ossified,600298,0,ᚩᛋᛋᛁᚠᛁᛖᛞ,333
decanted,600144,0,ᛞᛖᚳᚪᚾᛏᛖᛞ,510
inquests,600043,0,ᛁᚾᚳᚹᛖᛋᛏᛋ,324
truffles,599429,0,ᛏᚱᚢᚠᚠᛚᛖᛋ,270
toilsome,599206,0,ᛏᚩᛁᛚᛋᚩᛗᛖ,368
bondsmen,598868,0,ᛒᚩᚾᛞᛋᛗᛖᚾ,406
outlawry,598752,0,ᚩᚢᛏᛚᚪᚹᚱᚣ,372
unreasoning,598730,0,ᚢᚾᚱᛠᛋᚩᚾᛝ,320
ballooning,598309,0,ᛒᚪᛚᛚᚩᚩᚾᛝ,426
picnicking,598076,0,ᛈᛁᚳᚾᛁᚳᚳᛝ,252
juristic,597835,0,ᛂᚢᚱᛁᛋᛏᛁᚳ,238
buzzards,597717,0,ᛒᚢᛋᛋᚪᚱᛞᛋ,420
finitude,597420,0,ᚠᛁᚾᛁᛏᚢᛞᛖ,311
subverting,597118,0,ᛋᚢᛒᚢᛖᚱᛏᛝ,336
kangaroos,596751,0,ᚳᚪᛝᚪᚱᚩᚩᛋ,364
funniest,596748,0,ᚠᚢᚾᚾᛁᛖᛋᛏ,273
choctaws,596685,0,ᚳᚻᚩᚳᛏᚪᚹᛋ,284
bretagne,596375,0,ᛒᚱᛖᛏᚪᚷᚾᛖ,408
humpback,596294,0,ᚻᚢᛗᛈᛒᚪᚳᚳ,324
adenoids,595880,0,ᚪᛞᛖᚾᚩᛁᛞᛋ,462
parapets,595520,0,ᛈᚪᚱᚪᛈᛖᛏᛋ,470
milliner,595027,0,ᛗᛁᛚᛚᛁᚾᛖᚱ,386
pontoons,594825,0,ᛈᚩᚾᛏᚩᚩᚾᛋ,234
quagmire,594655,0,ᚳᚹᚪᚷᛗᛁᚱᛖ,326
crossbow,594355,0,ᚳᚱᚩᛋᛋᛒᚩᚹ,224
ungracious,593929,0,ᚢᛝᚱᚪᚳᛡᚢᛋ,366
paraquat,593920,0,ᛈᚪᚱᚪᚳᚹᚪᛏ,436
choppers,593789,0,ᚳᚻᚩᛈᛈᛖᚱᛋ,260
tweezers,593564,0,ᛏᚹᛖᛖᛋᛖᚱᛋ,396
euphorbia,593491,0,ᛖᚢᛈᚻᚩᚱᛒᛡ,322
paleness,593422,0,ᛈᚪᛚᛖᚾᛖᛋᛋ,482
usufruct,593288,0,ᚢᛋᚢᚠᚱᚢᚳᛏ,147
clinched,592765,0,ᚳᛚᛁᚾᚳᚻᛖᛞ,338
steinway,592095,0,ᛋᛏᛖᛁᚾᚹᚪᚣ,458
redwoods,591569,0,ᚱᛖᛞᚹᚩᚩᛞᛋ,342
stannous,591358,0,ᛋᛏᚪᚾᚾᚩᚢᛋ,330
pickerel,591016,0,ᛈᛁᚳᚳᛖᚱᛖᛚ,318
wariness,591015,0,ᚹᚪᚱᛁᚾᛖᛋᛋ,360
portents,590241,0,ᛈᚩᚱᛏᛖᚾᛏᛋ,328
neckline,589376,0,ᚾᛖᚳᚳᛚᛁᚾᛖ,322
stadiums,589156,0,ᛋᛏᚪᛞᛁᚢᛗᛋ,456
rajendra,589070,0,ᚱᚪᛂᛖᚾᛞᚱᚪ,438
gingivitis,588835,0,ᚷᛝᛁᚢᛁᛏᛁᛋ,304
halftone,588807,0,ᚻᚪᛚᚠᛏᚩᚾᛖ,357
mouldering,588201,0,ᛗᚩᚢᛚᛞᛖᚱᛝ,400
iphigenia,588200,0,ᛁᛈᚻᛁᚷᛖᚾᛡ,348
circuiting,587764,0,ᚳᛁᚱᚳᚢᛁᛏᛝ,240
spreaders,587538,0,ᛋᛈᚱᛠᛞᛖᚱᛋ,436
polonius,587120,0,ᛈᚩᛚᚩᚾᛁᚢᛋ,246
retracting,587091,0,ᚱᛖᛏᚱᚪᚳᛏᛝ,396
lyricism,587089,0,ᛚᚣᚱᛁᚳᛁᛋᛗ,386
swiveled,586433,0,ᛋᚹᛁᚢᛖᛚᛖᛞ,402
hijacked,586263,0,ᚻᛁᛂᚪᚳᚳᛖᛞ,370
shifters,585786,0,ᛋᚻᛁᚠᛏᛖᚱᛋ,299
sulawesi,585738,0,ᛋᚢᛚᚪᚹᛖᛋᛁ,396
melamine,585177,0,ᛗᛖᛚᚪᛗᛁᚾᛖ,506
romanism,585036,0,ᚱᚩᛗᚪᚾᛁᛋᛗ,370
roadster,584951,0,ᚱᚩᚪᛞᛋᛏᛖᚱ,394
quaintly,584619,0,ᚳᚹᚪᛁᚾᛏᛚᚣ,424
mellowed,584318,0,ᛗᛖᛚᛚᚩᚹᛖᛞ,466
squabble,584313,0,ᛋᚳᚹᚪᛒᛒᛚᛖ,444
spitfire,584053,0,ᛋᛈᛁᛏᚠᛁᚱᛖ,297
snobbery,583170,0,ᛋᚾᚩᛒᛒᛖᚱᚣ,392
ornithine,583156,0,ᚩᚱᚾᛁᚦᛁᚾᛖ,210
coasters,582970,0,ᚳᚩᚪᛋᛏᛖᚱᛋ,360
examinee,582810,0,ᛖᛉᚪᛗᛁᚾᛖᛖ,476
rotenone,582561,0,ᚱᚩᛏᛖᚾᚩᚾᛖ,276
euphoric,582502,0,ᛖᚢᛈᚻᚩᚱᛁᚳ,198
falsifying,582415,0,ᚠᚪᛚᛋᛁᚠᚣᛝ,440
lovelier,582368,0,ᛚᚩᚢᛖᛚᛁᛖᚱ,332
offstage,582045,0,ᚩᚠᚠᛋᛏᚪᚷᛖ,304
chinamen,581786,0,ᚳᚻᛁᚾᚪᛗᛖᚾ,360
mycology,581710,0,ᛗᚣᚳᚩᛚᚩᚷᚣ,394
polyglot,581094,0,ᛈᚩᛚᚣᚷᛚᚩᛏ,382
ransomed,581091,0,ᚱᚪᚾᛋᚩᛗᛖᛞ,424
fissured,581026,0,ᚠᛁᛋᛋᚢᚱᛖᛞ,309
salonika,580661,0,ᛋᚪᛚᚩᚾᛁᚳᚪ,400
liqueurs,580543,0,ᛚᛁᚳᚹᛖᚢᚱᛋ,270
evacuees,579654,0,ᛖᚢᚪᚳᚢᛖᛖᛋ,370
cochineal,579629,0,ᚳᚩᚳᚻᛁᚾᛠᛚ,298
promptings,579452,0,ᛈᚱᚩᛗᛈᛏᛝᛋ,366
vendetta,579127,0,ᚢᛖᚾᛞᛖᛏᛏᚪ,470
cantonal,579013,0,ᚳᚪᚾᛏᚩᚾᚪᛚ,404
antonyms,578412,0,ᚪᚾᛏᚩᚾᚣᛗᛋ,448
fanciers,578345,0,ᚠᚪᚾᚳᛁᛖᚱᛋ,303
misprint,578244,0,ᛗᛁᛋᛈᚱᛁᚾᛏ,328
disengaging,577771,0,ᛞᛁᛋᛖᛝᚪᚷᛝ,512
luminary,577703,0,ᛚᚢᛗᛁᚾᚪᚱᚣ,418
siderite,576715,0,ᛋᛁᛞᛖᚱᛁᛏᛖ,408
minarets,576524,0,ᛗᛁᚾᚪᚱᛖᛏᛋ,418
repartee,576473,0,ᚱᛖᛈᚪᚱᛏᛖᛖ,422
rollback,576424,0,ᚱᚩᛚᛚᛒᚪᚳᚳ,348
burrowed,576339,0,ᛒᚢᚱᚱᚩᚹᛖᛞ,268
effusive,575969,0,ᛖᚠᚠᚢᛋᛁᚢᛖ,228
detonating,575426,0,ᛞᛖᛏᚩᚾᚪᛏᛝ,486
brakemen,575265,0,ᛒᚱᚪᚳᛖᛗᛖᚾ,416
landfall,575199,0,ᛚᚪᚾᛞᚠᚪᛚᛚ,533
englander,575197,0,ᛖᛝᛚᚪᚾᛞᛖᚱ,512
quixotic,575097,0,ᚳᚹᛁᛉᚩᛏᛁᚳ,220
revamped,575037,0,ᚱᛖᚢᚪᛗᛈᛖᛞ,448
placidly,574951,0,ᛈᛚᚪᚳᛁᛞᛚᚣ,522
acetates,574619,0,ᚪᚳᛖᛏᚪᛏᛖᛋ,512
frenetic,574604,0,ᚠᚱᛖᚾᛖᛏᛁᚳ,279
djakarta,574359,0,ᛞᛂᚪᚳᚪᚱᛏᚪ,500
maximising,574299,0,ᛗᚪᛉᛁᛗᛁᛋᛝ,480
intrudes,574223,0,ᛁᚾᛏᚱᚢᛞᛖᛋ,342
triptych,574157,0,ᛏᚱᛁᛈᛏᚣᚳᚻ,342
coverlet,574096,0,ᚳᚩᚢᛖᚱᛚᛖᛏ,300
centrist,573110,0,ᚳᛖᚾᛏᚱᛁᛋᛏ,322
herakles,572360,0,ᚻᛖᚱᚪᚳᛚᛖᛋ,404
harbouring,572331,0,ᚻᚪᚱᛒᚩᚢᚱᛝ,292
cubicles,571569,0,ᚳᚢᛒᛁᚳᛚᛖᛋ,314
backache,571122,0,ᛒᚪᚳᚳᚪᚳᚻᛖ,384
partaken,571113,0,ᛈᚪᚱᛏᚪᚳᛖᚾ,416
yellowed,571021,0,ᚣᛖᛚᛚᚩᚹᛖᛞ,498
regrouping,570860,0,ᚱᛖᚷᚱᚩᚢᛈᛝ,238
narcosis,570324,0,ᚾᚪᚱᚳᚩᛋᛁᛋ,294
ridiculing,570092,0,ᚱᛁᛞᛁᚳᚢᛚᛝ,330
auditions,569722,0,ᚪᚢᛞᛁᛏᛡᚾᛋ,468
fibroids,569380,0,ᚠᛁᛒᚱᚩᛁᛞᛋ,285
fredrick,569279,0,ᚠᚱᛖᛞᚱᛁᚳᚳ,237
fireclay,569273,0,ᚠᛁᚱᛖᚳᛚᚪᚣ,397
downgrade,569002,0,ᛞᚩᚹᛝᚱᚪᛞᛖ,458
circuses,568818,0,ᚳᛁᚱᚳᚢᛋᛖᛋ,244
mulattoes,568694,0,ᛗᚢᛚᚪᛏᛏᛟᛋ,498
barnacle,568520,0,ᛒᚪᚱᚾᚪᚳᛚᛖ,448
botrytis,568332,0,ᛒᚩᛏᚱᚣᛏᛁᛋ,384
perspiring,567971,0,ᛈᛖᚱᛋᛈᛁᚱᛝ,338
toujours,567833,0,ᛏᚩᚢᛂᚩᚢᚱᛋ,180
washroom,567639,0,ᚹᚪᛋᚻᚱᚩᚩᛗ,288
recharging,567360,0,ᚱᛖᚳᚻᚪᚱᚷᛝ,318
scribble,567346,0,ᛋᚳᚱᛁᛒᛒᛚᛖ,370
innovating,567226,0,ᛁᚾᚾᚩᚢᚪᛏᛝ,334
terminer,566851,0,ᛏᛖᚱᛗᛁᚾᛖᚱ,346
recension,566676,0,ᚱᛖᚳᛖᚾᛋᛡᚾ,376
redressing,566321,0,ᚱᛖᛞᚱᛖᛋᛋᛝ,430
chillies,566246,0,ᚳᚻᛁᛚᛚᛁᛖᛋ,364
chelates,566167,0,ᚳᚻᛖᛚᚪᛏᛖᛋ,452
assamese,566152,0,ᚪᛋᛋᚪᛗᛖᛋᛖ,558
peruvians,565760,0,ᛈᛖᚱᚢᚢᛡᚾᛋ,316
angulation,565696,0,ᚪᛝᚢᛚᚪᛏᛡᚾ,544
descried,565324,0,ᛞᛖᛋᚳᚱᛁᛖᛞ,420
faubourg,564954,0,ᚠᚪᚢᛒᚩᚢᚱᚷ,201
crawfish,564668,0,ᚳᚱᚪᚹᚠᛁᛋᚻ,249
alleyway,564652,0,ᚪᛚᛚᛖᚣᚹᚪᚣ,632
ballpark,564589,0,ᛒᚪᛚᛚᛈᚪᚱᚳ,468
chartist,563936,0,ᚳᚻᚪᚱᛏᛁᛋᛏ,346
condyles,563491,0,ᚳᚩᚾᛞᚣᛚᛖᛋ,434
airfoils,562628,0,ᚪᛁᚱᚠᚩᛁᛚᛋ,305
gasworks,562452,0,ᚷᚪᛋᚹᚩᚱᚳᛋ,270
spectres,562306,0,ᛋᛈᛖᚳᛏᚱᛖᛋ,366
palliation,562146,0,ᛈᚪᛚᛚᛡᛏᛡᚾ,588
sublingual,562061,0,ᛋᚢᛒᛚᛝᚢᚪᛚ,442
wardship,562005,0,ᚹᚪᚱᛞᛋᚻᛁᛈ,366
airwaves,561994,0,ᚪᛁᚱᚹᚪᚢᛖᛋ,378
porphyria,561893,0,ᛈᚩᚱᛈᚻᚣᚱᛡ,348
campagna,561822,0,ᚳᚪᛗᛈᚪᚷᚾᚪ,464
stannard,561678,0,ᛋᛏᚪᚾᚾᚪᚱᛞ,464
infarcts,561625,0,ᛁᚾᚠᚪᚱᚳᛏᛋ,295
freshest,561519,0,ᚠᚱᛖᛋᚻᛖᛋᛏ,335
sleepily,561053,0,ᛋᛚᛖᛖᛈᛁᛚᚣ,510
arsenious,561025,0,ᚪᚱᛋᛖᚾᛡᚢᛋ,420
oceanside,560712,0,ᚩᚳᛠᚾᛋᛁᛞᛖ,398
auricles,560553,0,ᚪᚢᚱᛁᚳᛚᛖᛋ,348
numeracy,560185,0,ᚾᚢᛗᛖᚱᚪᚳᚣ,394
enuresis,560108,0,ᛖᚾᚢᚱᛖᛋᛁᛋ,314
promisee,559957,0,ᛈᚱᚩᛗᛁᛋᛖᛖ,350
palpated,559545,0,ᛈᚪᛚᛈᚪᛏᛖᛞ,568
parkways,559235,0,ᛈᚪᚱᚳᚹᚪᚣᛋ,436
contouring,559122,0,ᚳᚩᚾᛏᚩᚢᚱᛝ,208
terrains,558995,0,ᛏᛖᚱᚱᚪᛁᚾᛋ,358
interpol,558625,0,ᛁᚾᛏᛖᚱᛈᚩᛚ,320
provisos,558461,0,ᛈᚱᚩᚢᛁᛋᚩᛋ,208
articled,558392,0,ᚪᚱᛏᛁᚳᛚᛖᛞ,440
deodorant,557668,0,ᛞᛇᛞᚩᚱᚪᚾᛏ,422
nonempty,557057,0,ᚾᚩᚾᛖᛗᛈᛏᚣ,408
largesse,556894,0,ᛚᚪᚱᚷᛖᛋᛋᛖ,438
mandolin,556828,0,ᛗᚪᚾᛞᚩᛚᛁᚾ,426
laplacian,556610,0,ᛚᚪᛈᛚᚪᚳᛡᚾ,532
hatchets,555926,0,ᚻᚪᛏᚳᚻᛖᛏᛋ,394
vestment,555689,0,ᚢᛖᛋᛏᛗᛖᚾᛏ,408
laminating,555510,0,ᛚᚪᛗᛁᚾᚪᛏᛝ,536
abductor,555501,0,ᚪᛒᛞᚢᚳᛏᚩᚱ,340
discords,555382,0,ᛞᛁᛋᚳᚩᚱᛞᛋ,346
unneeded,555233,0,ᚢᚾᚾᛖᛖᛞᛖᛞ,440
spikelet,554949,0,ᛋᛈᛁᚳᛖᛚᛖᛏ,406
woodwind,554876,0,ᚹᚩᚩᛞᚹᛁᚾᛞ,290
outfitting,554745,0,ᚩᚢᛏᚠᛁᛏᛏᛝ,299
treetops,554019,0,ᛏᚱᛖᛖᛏᚩᛈᛋ,366
legalism,553728,0,ᛚᛖᚷᚪᛚᛁᛋᛗ,482
extruder,553445,0,ᛖᛉᛏᚱᚢᛞᛖᚱ,354
actinide,553041,0,ᚪᚳᛏᛁᚾᛁᛞᛖ,416
delimiting,552894,0,ᛞᛖᛚᛁᛗᛁᛏᛝ,500
polycarp,552364,0,ᛈᚩᛚᚣᚳᚪᚱᛈ,390
tenantry,552180,0,ᛏᛖᚾᚪᚾᛏᚱᚣ,454
eggshell,552102,0,ᛖᚷᚷᛋᚻᛖᛚᛚ,390
reniform,551724,0,ᚱᛖᚾᛁᚠᚩᚱᛗ,229
moluccas,551574,0,ᛗᚩᛚᚢᚳᚳᚪᛋ,330
romanians,551334,0,ᚱᚩᛗᚪᚾᛡᚾᛋ,404
coalescing,551288,0,ᚳᚩᚪᛚᛖᛋᚳᛝ,402
paramour,551216,0,ᛈᚪᚱᚪᛗᚩᚢᚱ,340
encomium,551059,0,ᛖᚾᚳᚩᛗᛁᚢᛗ,292
liquidus,550857,0,ᛚᛁᚳᚹᛁᛞᚢᛋ,312
capuchin,550319,0,ᚳᚪᛈᚢᚳᚻᛁᚾ,252
shudders,549937,0,ᛋᚻᚢᛞᛞᛖᚱᛋ,388
millikan,549791,0,ᛗᛁᛚᛚᛁᚳᚪᚾ,418
gomorrah,549771,0,ᚷᚩᛗᚩᚱᚱᚪᚻ,244
caterers,549651,0,ᚳᚪᛏᛖᚱᛖᚱᛋ,378
grandees,549209,0,ᚷᚱᚪᚾᛞᛖᛖᛋ,430
aloysius,549128,0,ᚪᛚᚩᚣᛋᛁᚢᛋ,420
debugger,549113,0,ᛞᛖᛒᚢᚷᚷᛖᚱ,332
wildwood,548953,0,ᚹᛁᛚᛞᚹᚩᚩᛞ,334
islamism,548919,0,ᛁᛋᛚᚪᛗᛁᛋᛗ,480
blantyre,548612,0,ᛒᛚᚪᚾᛏᚣᚱᛖ,500
asphalts,548316,0,ᚪᛋᛈᚻᚪᛚᛏᛋ,498
cryostat,548250,0,ᚳᚱᚣᚩᛋᛏᚪᛏ,402
propanol,548112,0,ᛈᚱᚩᛈᚪᚾᚩᛚ,310
bathhouse,547837,0,ᛒᚪᚦᚻᚩᚢᛋᛖ,316
filigree,547737,0,ᚠᛁᛚᛁᚷᚱᛖᛖ,299
bounteous,547599,0,ᛒᚩᚢᚾᛏᛇᚢᛋ,256
tarragon,547506,0,ᛏᚪᚱᚱᚪᚷᚩᚾ,328
vanquish,547096,0,ᚢᚪᚾᚳᚹᛁᛋᚻ,268
relators,546876,0,ᚱᛖᛚᚪᛏᚩᚱᛋ,378
rejoicings,546860,0,ᚱᛖᛂᚩᛁᚳᛝᛋ,298
monopole,546816,0,ᛗᚩᚾᚩᛈᚩᛚᛖ,304
vexations,546798,0,ᚢᛖᛉᚪᛏᛡᚾᛋ,462
anaerobes,546775,0,ᚪᚾᚫᚱᚩᛒᛖᛋ,426
reducers,546683,0,ᚱᛖᛞᚢᚳᛖᚱᛋ,314
butyrate,546045,0,ᛒᚢᛏᚣᚱᚪᛏᛖ,460
schizoid,545989,0,ᛋᚳᚻᛁᛋᚩᛁᛞ,300
intifada,545980,0,ᛁᚾᛏᛁᚠᚪᛞᚪ,435
monsoons,545919,0,ᛗᚩᚾᛋᚩᚩᚾᛋ,256
sportive,545811,0,ᛋᛈᚩᚱᛏᛁᚢᛖ,274
festoons,545225,0,ᚠᛖᛋᛏᚩᚩᚾᛋ,277
tilghman,545151,0,ᛏᛁᛚᚷᚻᛗᚪᚾ,400
oxidizer,544937,0,ᚩᛉᛁᛞᛁᛋᛖᚱ,336
crunched,544668,0,ᚳᚱᚢᚾᚳᚻᛖᛞ,248
convenes,544558,0,ᚳᚩᚾᚢᛖᚾᛖᛋ,268
endoderm,544534,0,ᛖᚾᛞᚩᛞᛖᚱᛗ,430
moccasin,544521,0,ᛗᚩᚳᚳᚪᛋᛁᚾ,314
daintily,544414,0,ᛞᚪᛁᚾᛏᛁᛚᚣ,512
lability,544245,0,ᛚᚪᛒᛁᛚᛁᛏᚣ,528
freeborn,544159,0,ᚠᚱᛖᛖᛒᚩᚱᚾ,255
lebesgue,544138,0,ᛚᛖᛒᛖᛋᚷᚢᛖ,408
mackinaw,543997,0,ᛗᚪᚳᚳᛁᚾᚪᚹ,370
toilette,543839,0,ᛏᚩᛁᛚᛖᛏᛏᛖ,422
laughton,543242,0,ᛚᚪᚢᚷᚻᛏᚩᚾ,308
picketed,543226,0,ᛈᛁᚳᚳᛖᛏᛖᛞ,382
monorail,543130,0,ᛗᚩᚾᚩᚱᚪᛁᛚ,326
eurydice,542809,0,ᛖᚢᚱᚣᛞᛁᚳᛖ,384
chimeric,542708,0,ᚳᚻᛁᛗᛖᚱᛁᚳ,260
bondsman,542341,0,ᛒᚩᚾᛞᛋᛗᚪᚾ,436
savannas,542322,0,ᛋᚪᚢᚪᚾᚾᚪᛋ,458
coquette,541853,0,ᚳᚩᚳᚹᛖᛏᛏᛖ,304
convoked,541808,0,ᚳᚩᚾᚢᚩᚳᛖᛞ,228
cockerel,541516,0,ᚳᚩᚳᚳᛖᚱᛖᛚ,264
glabella,541449,0,ᚷᛚᚪᛒᛖᛚᛚᚪ,558
dispelling,540899,0,ᛞᛁᛋᛈᛖᛚᛚᛝ,508
unlooked,540870,0,ᚢᚾᛚᚩᚩᚳᛖᛞ,288
snippets,540560,0,ᛋᚾᛁᛈᛈᛖᛏᛋ,378
piteously,540128,0,ᛈᛁᛏᛇᚢᛋᛚᚣ,406
atomized,539530,0,ᚪᛏᚩᛗᛁᛋᛖᛞ,474
bottlers,539481,0,ᛒᚩᛏᛏᛚᛖᚱᛋ,390
showtime,539441,0,ᛋᚻᚩᚹᛏᛁᛗᛖ,330
continuo,538986,0,ᚳᚩᚾᛏᛁᚾᚢᚩ,178
envelops,538641,0,ᛖᚾᚢᛖᛚᚩᛈᛋ,342
penumbra,538522,0,ᛈᛖᚾᚢᛗᛒᚱᚪ,382
torpedoed,538513,0,ᛏᚩᚱᛈᛖᛞᛟᛞ,448
dendrite,538473,0,ᛞᛖᚾᛞᚱᛁᛏᛖ,442
empathize,537826,0,ᛖᛗᛈᚪᚦᛁᛋᛖ,434
anaphase,537766,0,ᚪᚾᚪᛈᚻᚪᛋᛖ,506
honeybee,537582,0,ᚻᚩᚾᛖᚣᛒᛖᛖ,424
scrofula,537379,0,ᛋᚳᚱᚩᚠᚢᛚᚪ,259
dortmund,537229,0,ᛞᚩᚱᛏᛗᚢᚾᛞ,358
shockley,537110,0,ᛋᚻᚩᚳᚳᛚᛖᚣ,352
pelicans,536979,0,ᛈᛖᛚᛁᚳᚪᚾᛋ,406
callback,536946,0,ᚳᚪᛚᛚᛒᚪᚳᚳ,440
occasioning,536758,0,ᚩᚳᚳᚪᛋᛡᚾᛝ,398
fitfully,536737,0,ᚠᛁᛏᚠᚢᛚᛚᚣ,346
crevasse,536584,0,ᚳᚱᛖᚢᚪᛋᛋᛖ,364
capsized,536288,0,ᚳᚪᛈᛋᛁᛋᛖᛞ,446
liveries,536137,0,ᛚᛁᚢᛖᚱᛁᛖᛋ,336
atomizer,536063,0,ᚪᛏᚩᛗᛁᛋᛖᚱ,396
retouching,536049,0,ᚱᛖᛏᚩᚢᚳᚻᛝ,262
liniment,535802,0,ᛚᛁᚾᛁᛗᛖᚾᛏ,390
oblations,535788,0,ᚩᛒᛚᚪᛏᛡᚾᛋ,486
irruption,535461,0,ᛁᚱᚱᚢᛈᛏᛡᚾ,294
minotaur,535381,0,ᛗᛁᚾᚩᛏᚪᚢᚱ,308
stoneman,534227,0,ᛋᛏᚩᚾᛖᛗᚪᚾ,412
pericarp,534082,0,ᛈᛖᚱᛁᚳᚪᚱᛈ,316
folktale,533984,0,ᚠᚩᛚᚳᛏᚪᛚᛖ,391
tenanted,533834,0,ᛏᛖᚾᚪᚾᛏᛖᛞ,496
amundsen,533753,0,ᚪᛗᚢᚾᛞᛋᛖᚾ,438
tricolor,533288,0,ᛏᚱᛁᚳᚩᛚᚩᚱ,212
coltrane,533101,0,ᚳᚩᛚᛏᚱᚪᚾᛖ,356
novitiate,533065,0,ᚾᚩᚢᛁᛏᛡᛏᛖ,362
overhangs,532260,0,ᚩᚢᛖᚱᚻᚪᛝᛋ,340
meconium,532198,0,ᛗᛖᚳᚩᚾᛁᚢᛗ,292
soldiering,532033,0,ᛋᚩᛚᛞᛁᛖᚱᛝ,410
mathewson,531764,0,ᛗᚪᚦᛖᚹᛋᚩᚾ,348
tightens,531689,0,ᛏᛁᚷᚻᛏᛖᚾᛋ,338
defected,531502,0,ᛞᛖᚠᛖᚳᛏᛖᛞ,453
welshman,531308,0,ᚹᛖᛚᛋᚻᛗᚪᚾ,432
missioner,530941,0,ᛗᛁᛋᛋᛡᚾᛖᚱ,422
jointure,530940,0,ᛂᚩᛁᚾᛏᚢᚱᛖ,244
retailed,530867,0,ᚱᛖᛏᚪᛁᛚᛖᛞ,494
poisonings,530766,0,ᛈᚩᛁᛋᚩᚾᛝᛋ,302
nitrides,530742,0,ᚾᛁᛏᚱᛁᛞᛖᛋ,370
rearguard,530543,0,ᚱᛠᚱᚷᚢᚪᚱᛞ,348
slouched,530432,0,ᛋᛚᚩᚢᚳᚻᛖᛞ,328
penalizing,530177,0,ᛈᛖᚾᚪᛚᛁᛋᛝ,472
predates,530071,0,ᛈᚱᛖᛞᚪᛏᛖᛋ,486
daffodil,529939,0,ᛞᚪᚠᚠᚩᛞᛁᛚ,390
jacquard,529855,0,ᛂᚪᚳᚳᚹᚪᚱᛞ,376
marksman,529629,0,ᛗᚪᚱᚳᛋᛗᚪᚾ,442
chelation,529559,0,ᚳᚻᛖᛚᚪᛏᛡᚾ,468
mentation,529511,0,ᛗᛖᚾᛏᚪᛏᛡᚾ,518
recouped,529481,0,ᚱᛖᚳᚩᚢᛈᛖᛞ,300
bedsteads,529377,0,ᛒᛖᛞᛋᛏᛠᛞᛋ,580
pygmalion,529006,0,ᛈᚣᚷᛗᚪᛚᛡᚾ,540
profaned,528701,0,ᛈᚱᚩᚠᚪᚾᛖᛞ,345
bestowal,528660,0,ᛒᛖᛋᛏᚩᚹᚪᛚ,436
humanely,528539,0,ᚻᚢᛗᚪᚾᛖᛚᚣ,466
cordless,528505,0,ᚳᚩᚱᛞᛚᛖᛋᛋ,366
controul,528485,0,ᚳᚩᚾᛏᚱᚩᚢᛚ,202
downgrading,528347,0,ᛞᚩᚹᛝᚱᚪᛞᛝ,470
divisors,528128,0,ᛞᛁᚢᛁᛋᚩᚱᛋ,278
obtusely,527564,0,ᚩᛒᛏᚢᛋᛖᛚᚣ,426
sidewise,527557,0,ᛋᛁᛞᛖᚹᛁᛋᛖ,410
tottered,526882,0,ᛏᚩᛏᛏᛖᚱᛖᛞ,418
implosion,526497,0,ᛁᛗᛈᛚᚩᛋᛡᚾ,414
corrupts,526473,0,ᚳᚩᚱᚱᚢᛈᛏᛋ,200
exocrine,526416,0,ᛖᛉᚩᚳᚱᛁᚾᛖ,272
daydreams,526407,0,ᛞᚪᚣᛞᚱᛠᛗᛋ,622
erythroid,526390,0,ᛖᚱᚣᚦᚱᚩᛁᛞ,324
squabbling,526004,0,ᛋᚳᚹᚪᛒᛒᛚᛝ,456
expounds,525084,0,ᛖᛉᛈᚩᚢᚾᛞᛋ,338
tabloids,524789,0,ᛏᚪᛒᛚᚩᛁᛞᛋ,470
ecclesial,524329,0,ᛖᚳᚳᛚᛖᛋᛡᛚ,466
reloaded,524043,0,ᚱᛖᛚᚩᚪᛞᛖᛞ,500
chimeras,523793,0,ᚳᚻᛁᛗᛖᚱᚪᛋ,366
menarche,523768,0,ᛗᛖᚾᚪᚱᚳᚻᛖ,378
mastodon,523562,0,ᛗᚪᛋᛏᚩᛞᚩᚾ,412
footwall,523386,0,ᚠᚩᚩᛏᚹᚪᛚᛚ,337
bolsters,523115,0,ᛒᚩᛚᛋᛏᛖᚱᛋ,384
scrolled,522921,0,ᛋᚳᚱᚩᛚᛚᛖᛞ,386
purgation,522589,0,ᛈᚢᚱᚷᚪᛏᛡᚾ,366
dialectal,522583,0,ᛞᛡᛚᛖᚳᛏᚪᛚ,578
smolensk,522492,0,ᛋᛗᚩᛚᛖᚾᛋᚳ,366
methought,522303,0,ᛗᛖᚦᚩᚢᚷᚻᛏ,252
underdog,522292,0,ᚢᚾᛞᛖᚱᛞᚩᚷ,312
fiscally,522010,0,ᚠᛁᛋᚳᚪᛚᛚᚣ,445
badlands,521964,0,ᛒᚪᛞᛚᚪᚾᛞᛋ,588
raillery,521864,0,ᚱᚪᛁᛚᛚᛖᚱᚣ,466
beardless,521691,0,ᛒᛠᚱᛞᛚᛖᛋᛋ,516
habakkuk,521583,0,ᚻᚪᛒᚪᚳᚳᚢᚳ,320
overtone,521219,0,ᚩᚢᛖᚱᛏᚩᚾᛖ,250
roadstead,521063,0,ᚱᚩᚪᛞᛋᛏᛠᛞ,514
dutchmen,520490,0,ᛞᚢᛏᚳᚻᛗᛖᚾ,354
cotswold,520278,0,ᚳᚩᛏᛋᚹᚩᛚᛞ,320
gaborone,519707,0,ᚷᚪᛒᚩᚱᚩᚾᛖ,296
maximums,519665,0,ᛗᚪᛉᛁᛗᚢᛗᛋ,444
discerns,519635,0,ᛞᛁᛋᚳᛖᚱᚾᛋ,346
anteroom,519604,0,ᚪᚾᛏᛖᚱᚩᚩᛗ,348
rickshaw,519486,0,ᚱᛁᚳᚳᛋᚻᚪᚹ,260
silicious,519327,0,ᛋᛁᛚᛁᚳᛡᚢᛋ,364
scabrous,519273,0,ᛋᚳᚪᛒᚱᚩᚢᛋ,298
etcetera,519208,0,ᛖᛏᚳᛖᛏᛖᚱᚪ,440
typhoons,518980,0,ᛏᚣᛈᚻᚩᚩᚾᛋ,324
humanizing,518857,0,ᚻᚢᛗᚪᚾᛁᛋᛝ,386
entombed,517666,0,ᛖᚾᛏᚩᛗᛒᛖᛞ,450
payables,517622,0,ᛈᚪᚣᚪᛒᛚᛖᛋ,594
banality,517483,0,ᛒᚪᚾᚪᛚᛁᛏᚣ,550
downplay,517235,0,ᛞᚩᚹᚾᛈᛚᚪᚣ,460
angularly,517224,0,ᚪᛝᚢᛚᚪᚱᛚᚣ,536
denaturing,517043,0,ᛞᛖᚾᚪᛏᚢᚱᛝ,434
softener,516940,0,ᛋᚩᚠᛏᛖᚾᛖᚱ,295
woollens,516904,0,ᚹᚩᚩᛚᛚᛖᚾᛋ,328
bracketing,516685,0,ᛒᚱᚪᚳᚳᛖᛏᛝ,400
serjeants,516206,0,ᛋᛖᚱᛂᛠᚾᛏᛋ,418
scienter,515258,0,ᛋᚳᛁᛖᚾᛏᛖᚱ,330
speedier,514836,0,ᛋᛈᛖᛖᛞᛁᛖᚱ,428
knickers,514766,0,ᚳᚾᛁᚳᚳᛖᚱᛋ,230
dragline,514313,0,ᛞᚱᚪᚷᛚᛁᚾᛖ,414
calipers,514204,0,ᚳᚪᛚᛁᛈᛖᚱᛋ,388
faithfull,514134,0,ᚠᚪᛁᚦᚠᚢᛚᛚ,286
goteborg,513676,0,ᚷᚩᛏᛖᛒᚩᚱᚷ,246
quatrain,513495,0,ᚳᚹᚪᛏᚱᚪᛁᚾ,356
corporis,513200,0,ᚳᚩᚱᛈᚩᚱᛁᛋ,176
headwater,513168,0,ᚻᛠᛞᚹᚪᛏᛖᚱ,474
cantatas,512913,0,ᚳᚪᚾᛏᚪᛏᚪᛋ,504
flannels,512622,0,ᚠᛚᚪᚾᚾᛖᛚᛋ,423
slithered,512413,0,ᛋᛚᛁᚦᛖᚱᛖᛞ,396
selfsame,512127,0,ᛋᛖᛚᚠᛋᚪᛗᛖ,483
trousseau,511737,0,ᛏᚱᚩᚢᛋᛋᛠᚢ,298
amblyopia,511466,0,ᚪᛗᛒᛚᚣᚩᛈᛡ,562
kerensky,511374,0,ᚳᛖᚱᛖᚾᛋᚳᚣ,356
keewatin,510991,0,ᚳᛖᛖᚹᚪᛏᛁᚾ,382
silencer,510812,0,ᛋᛁᛚᛖᚾᚳᛖᚱ,344
cetaceans,510680,0,ᚳᛖᛏᚪᚳᛠᚾᛋ,440
proudhon,510649,0,ᛈᚱᚩᚢᛞᚻᚩᚾ,212
rollicking,510436,0,ᚱᚩᛚᛚᛁᚳᚳᛝ,300
frothingham,510256,0,ᚠᚱᚩᚦᛝᚻᚪᛗ,295
blotched,510150,0,ᛒᛚᚩᛏᚳᚻᛖᛞ,392
bollworm,510146,0,ᛒᚩᛚᛚᚹᚩᚱᛗ,322
swaggering,510102,0,ᛋᚹᚪᚷᚷᛖᚱᛝ,360
innately,509861,0,ᛁᚾᚾᚪᛏᛖᛚᚣ,488
overpass,509774,0,ᚩᚢᛖᚱᛈᚪᛋᛋ,334
literals,509310,0,ᛚᛁᛏᛖᚱᚪᛚᛋ,464
cohabiting,509029,0,ᚳᚩᚻᚪᛒᛁᛏᛝ,370
stippled,508923,0,ᛋᛏᛁᛈᛈᛚᛖᛞ,458
costumed,508893,0,ᚳᚩᛋᛏᚢᛗᛖᛞ,362
checkoff,508876,0,ᚳᚻᛖᚳᚳᚩᚠᚠ,140
deadliest,508622,0,ᛞᛠᛞᛚᛁᛖᛋᛏ,570
glasnost,508595,0,ᚷᛚᚪᛋᚾᚩᛋᛏ,388
venerate,508578,0,ᚢᛖᚾᛖᚱᚪᛏᛖ,400
wayfarer,508124,0,ᚹᚪᚣᚠᚪᚱᛖᚱ,407
meatballs,508078,0,ᛗᛠᛏᛒᚪᛚᛚᛋ,596
overmuch,507748,0,ᚩᚢᛖᚱᛗᚢᚳᚻ,198
resonating,507116,0,ᚱᛖᛋᚩᚾᚪᛏᛝ,402
milepost,507070,0,ᛗᛁᛚᛖᛈᚩᛋᛏ,404
unformed,506932,0,ᚢᚾᚠᚩᚱᛗᛖᛞ,279
lossless,506764,0,ᛚᚩᛋᛋᛚᛖᛋᛋ,432
earphones,506640,0,ᛠᚱᛈᚻᚩᚾᛖᛋ,342
parsifal,506327,0,ᛈᚪᚱᛋᛁᚠᚪᛚ,407
scallions,506253,0,ᛋᚳᚪᛚᛚᛡᚾᛋ,498
unflagging,505888,0,ᚢᚾᚠᛚᚪᚷᚷᛝ,317
profiler,505780,0,ᛈᚱᚩᚠᛁᛚᛖᚱ,245
oratorios,505772,0,ᚩᚱᚪᛏᚩᚱᛡᛋ,352
neocortex,505746,0,ᚾᛇᚳᚩᚱᛏᛖᛉ,274
stopover,505394,0,ᛋᛏᚩᛈᚩᚢᛖᚱ,250
bicuspid,505254,0,ᛒᛁᚳᚢᛋᛈᛁᛞ,324
audiencia,505051,0,ᚪᚢᛞᛁᛖᚾᚳᛡ,436
ablutions,504481,0,ᚪᛒᛚᚢᛏᛡᚾᛋ,482
mortmain,504371,0,ᛗᚩᚱᛏᛗᚪᛁᚾ,376
tillable,504369,0,ᛏᛁᛚᛚᚪᛒᛚᛖ,534
coauthors,504334,0,ᚳᚩᚪᚢᚦᚩᚱᛋ,196
succumbs,503966,0,ᛋᚢᚳᚳᚢᛗᛒᛋ,270
rescript,503946,0,ᚱᛖᛋᚳᚱᛁᛈᛏ,288
scullery,503918,0,ᛋᚳᚢᛚᛚᛖᚱᚣ,396
whittled,503821,0,ᚹᚻᛁᛏᛏᛚᛖᛞ,420
micawber,503793,0,ᛗᛁᚳᚪᚹᛒᛖᚱ,370
pinnules,503569,0,ᛈᛁᚾᚾᚢᛚᛖᛋ,328
lumbered,503459,0,ᛚᚢᛗᛒᛖᚱᛖᛞ,442
gambetta,503154,0,ᚷᚪᛗᛒᛖᛏᛏᚪ,528
cometary,502745,0,ᚳᚩᛗᛖᛏᚪᚱᚣ,428
dreamlike,502046,0,ᛞᚱᛠᛗᛚᛁᚳᛖ,464
milkweed,502038,0,ᛗᛁᛚᚳᚹᛖᛖᛞ,430
unworked,501964,0,ᚢᚾᚹᚩᚱᚳᛖᛞ,238
malthusian,501862,0,ᛗᚪᛚᚦᚢᛋᛡᚾ,438
goodbyes,501790,0,ᚷᚩᚩᛞᛒᚣᛖᛋ,404
secretin,501531,0,ᛋᛖᚳᚱᛖᛏᛁᚾ,330
hanseatic,501310,0,ᚻᚪᚾᛋᛠᛏᛁᚳ,414
revelled,501129,0,ᚱᛖᚢᛖᛚᛚᛖᛞ,450
redskins,501094,0,ᚱᛖᛞᛋᚳᛁᚾᛋ,346
wettable,500913,0,ᚹᛖᛏᛏᚪᛒᛚᛖ,502
potlatch,500912,0,ᛈᚩᛏᛚᚪᛏᚳᚻ,374
handwork,500558,0,ᚻᚪᚾᛞᚹᚩᚱᚳ,288
entryway,500514,0,ᛖᚾᛏᚱᚣᚹᚪᚣ,488
metonymy,499683,0,ᛗᛖᛏᚩᚾᚣᛗᚣ,510
verities,499650,0,ᚢᛖᚱᛁᛏᛁᛖᛋ,322
predated,499545,0,ᛈᚱᛖᛞᚪᛏᛖᛞ,522
skippers,499465,0,ᛋᚳᛁᛈᛈᛖᚱᛋ,314
plaudits,499387,0,ᛈᛚᚪᚢᛞᛁᛏᛋ,448
swindler,499239,0,ᛋᚹᛁᚾᛞᛚᛖᚱ,372
backlogs,498885,0,ᛒᚪᚳᚳᛚᚩᚷᛋ,334
paulinus,498839,0,ᛈᚪᚢᛚᛁᚾᚢᛋ,332
gestural,498654,0,ᚷᛖᛋᛏᚢᚱᚪᛚ,380
clambering,498545,0,ᚳᛚᚪᛗᛒᛖᚱᛝ,472
cognates,498505,0,ᚳᚩᚷᚾᚪᛏᛖᛋ,342
handrail,498466,0,ᚻᚪᚾᛞᚱᚪᛁᛚ,450
harshest,498444,0,ᚻᚪᚱᛋᚻᛖᛋᛏ,386
afflicts,498315,0,ᚪᚠᚠᛚᛁᚳᛏᛋ,330
sweltering,498298,0,ᛋᚹᛖᛚᛏᛖᚱᛝ,428
libations,498178,0,ᛚᛁᛒᚪᛏᛡᚾᛋ,510
outspread,497281,0,ᚩᚢᛏᛋᛈᚱᛠᛞ,374
replayed,497141,0,ᚱᛖᛈᛚᚪᚣᛖᛞ,550
acicular,496983,0,ᚪᚳᛁᚳᚢᛚᚪᚱ,338
crumbles,496957,0,ᚳᚱᚢᛗᛒᛚᛖᛋ,352
tractate,496907,0,ᛏᚱᚪᚳᛏᚪᛏᛖ,462
plexuses,496783,0,ᛈᛚᛖᛉᚢᛋᛖᛋ,406
balsamic,496780,0,ᛒᚪᛚᛋᚪᛗᛁᚳ,496
strutted,496638,0,ᛋᛏᚱᚢᛏᛏᛖᛞ,400
purifies,496394,0,ᛈᚢᚱᛁᚠᛁᛖᛋ,241
disbanding,495846,0,ᛞᛁᛋᛒᚪᚾᛞᛝ,528
campanian,495782,0,ᚳᚪᛗᛈᚪᚾᛡᚾ,486
colonials,495734,0,ᚳᚩᛚᚩᚾᛡᛚᛋ,362
unproved,495202,0,ᚢᚾᛈᚱᚩᚢᛖᛞ,252
trapdoor,495114,0,ᛏᚱᚪᛈᛞᚩᚩᚱ,324
isobaric,494989,0,ᛁᛋᚩᛒᚪᚱᛁᚳ,304
dubiously,494540,0,ᛞᚢᛒᛡᚢᛋᛚᚣ,492
sibelius,494495,0,ᛋᛁᛒᛖᛚᛁᚢᛋ,372
macaques,494438,0,ᛗᚪᚳᚪᚳᚹᛖᛋ,430
puncturing,493942,0,ᛈᚢᚾᚳᛏᚢᚱᛝ,240
educates,493912,0,ᛖᛞᚢᚳᚪᛏᛖᛋ,448
dashwood,493830,0,ᛞᚪᛋᚻᚹᚩᚩᛞ,384
kiribati,492878,0,ᚳᛁᚱᛁᛒᚪᛏᛁ,334
sinecure,492830,0,ᛋᛁᚾᛖᚳᚢᚱᛖ,274
musicale,492783,0,ᛗᚢᛋᛁᚳᚪᛚᛖ,408
freshets,492589,0,ᚠᚱᛖᛋᚻᛖᛏᛋ,335
blustering,492404,0,ᛒᛚᚢᛋᛏᛖᚱᛝ,406
ferrites,492403,0,ᚠᛖᚱᚱᛁᛏᛖᛋ,301
steffens,492367,0,ᛋᛏᛖᚠᚠᛖᚾᛋ,332
thrusters,492000,0,ᚦᚱᚢᛋᛏᛖᚱᛋ,262
fomented,491933,0,ᚠᚩᛗᛖᚾᛏᛖᛞ,391
viceroys,491395,0,ᚢᛁᚳᛖᚱᚩᚣᛋ,288
mobilising,491268,0,ᛗᚩᛒᛁᛚᛁᛋᛝ,406
tutelary,491244,0,ᛏᚢᛏᛖᛚᚪᚱᚣ,472
bukharin,491052,0,ᛒᚢᚳᚻᚪᚱᛁᚾ,268
storages,490928,0,ᛋᛏᚩᚱᚪᚷᛖᛋ,364
nauseated,490479,0,ᚾᚪᚢᛋᛠᛏᛖᛞ,506
headboard,490374,0,ᚻᛠᛞᛒᚩᚪᚱᛞ,486
malleolus,490174,0,ᛗᚪᛚᛚᛇᛚᚢᛋ,484
premixed,489825,0,ᛈᚱᛖᛗᛁᛉᛖᛞ,426
chiltern,489727,0,ᚳᚻᛁᛚᛏᛖᚱᚾ,306
beriberi,489720,0,ᛒᛖᚱᛁᛒᛖᚱᛁ,340
redgrave,489707,0,ᚱᛖᛞᚷᚱᚪᚢᛖ,362
isoprene,489701,0,ᛁᛋᚩᛈᚱᛖᚾᛖ,308
marsupial,489663,0,ᛗᚪᚱᛋᚢᛈᛡᛚ,458
valhalla,489606,0,ᚢᚪᛚᚻᚪᛚᛚᚪ,536
extender,489432,0,ᛖᛉᛏᛖᚾᛞᛖᚱ,436
banditti,489209,0,ᛒᚪᚾᛞᛁᛏᛏᛁ,456
initialed,488763,0,ᛁᚾᛁᛏᛡᛚᛖᛞ,486
tourette,488757,0,ᛏᚩᚢᚱᛖᛏᛏᛖ,332
ephemera,488674,0,ᛖᛈᚻᛖᛗᛖᚱᚪ,446
distrain,488650,0,ᛞᛁᛋᛏᚱᚪᛁᚾ,400
ironwood,488535,0,ᛁᚱᚩᚾᚹᚩᚩᛞ,200
terrazzo,488406,0,ᛏᛖᚱᚱᚪᛋᛋᚩ,358
quickens,488354,0,ᚳᚹᛁᚳᚳᛖᚾᛋ,238
paganini,488301,0,ᛈᚪᚷᚪᚾᛁᚾᛁ,374
pubertal,488287,0,ᛈᚢᛒᛖᚱᛏᚪᛚ,414
stroller,488108,0,ᛋᛏᚱᚩᛚᛚᛖᚱ,354
odometer,488002,0,ᚩᛞᚩᛗᛖᛏᛖᚱ,378
remanent,487703,0,ᚱᛖᛗᚪᚾᛖᚾᛏ,430
cogently,487031,0,ᚳᚩᚷᛖᚾᛏᛚᚣ,368
barberry,486516,0,ᛒᚪᚱᛒᛖᚱᚱᚣ,422
glowered,486220,0,ᚷᛚᚩᚹᛖᚱᛖᛞ,350
nonstick,485816,0,ᚾᚩᚾᛋᛏᛁᚳᚳ,234
steeples,485648,0,ᛋᛏᛖᛖᛈᛚᛖᛋ,482
pastiche,485542,0,ᛈᚪᛋᛏᛁᚳᚻᛖ,386
ringleaders,485302,0,ᚱᛝᛚᛠᛞᛖᚱᛋ,492
playroom,485292,0,ᛈᛚᚪᚣᚱᚩᚩᛗ,412
heartened,485180,0,ᚻᛠᚱᛏᛖᚾᛖᛞ,454
gracchus,484873,0,ᚷᚱᚪᚳᚳᚻᚢᛋ,230
hydrogel,484542,0,ᚻᚣᛞᚱᚩᚷᛖᛚ,390
engineman,484110,0,ᛖᛝᛁᚾᛖᛗᚪᚾ,470
skipjack,483988,0,ᛋᚳᛁᛈᛂᚪᚳᚳ,300
crinoids,483603,0,ᚳᚱᛁᚾᚩᛁᛞᛋ,264
scratchy,483501,0,ᛋᚳᚱᚪᛏᚳᚻᚣ,372
actuates,483428,0,ᚪᚳᛏᚢᚪᛏᛖᛋ,448
scaphoid,483247,0,ᛋᚳᚪᛈᚻᚩᛁᛞ,356
ossicles,482955,0,ᚩᛋᛋᛁᚳᛚᛖᛋ,350
locksmith,482796,0,ᛚᚩᚳᚳᛋᛗᛁᚦ,266
midstream,482746,0,ᛗᛁᛞᛋᛏᚱᛠᛗ,494
diphthongs,482412,0,ᛞᛁᛈᚻᚦᚩᛝᛋ,330
wheatland,482390,0,ᚹᚻᛠᛏᛚᚪᚾᛞ,498
seleucus,482278,0,ᛋᛖᛚᛖᚢᚳᚢᛋ,332
unctuous,482145,0,ᚢᚾᚳᛏᚢᚩᚢᛋ,170
wheelers,482069,0,ᚹᚻᛖᛖᛚᛖᚱᛋ,380
balthazar,481992,0,ᛒᚪᛚᚦᚪᛋᚪᚱ,494
foragers,481697,0,ᚠᚩᚱᚪᚷᛖᚱᛋ,265
floodway,481318,0,ᚠᛚᚩᚩᛞᚹᚪᚣ,397
ticklish,481239,0,ᛏᛁᚳᚳᛚᛁᛋᚻ,296
scooters,481008,0,ᛋᚳᚩᚩᛏᛖᚱᛋ,270
surplice,480988,0,ᛋᚢᚱᛈᛚᛁᚳᛖ,294
firmware,480753,0,ᚠᛁᚱᛗᚹᚪᚱᛖ,309
kristina,480700,0,ᚳᚱᛁᛋᛏᛁᚾᚪ,324
consorts,480616,0,ᚳᚩᚾᛋᚩᚱᛏᛋ,232
ammonite,480235,0,ᚪᛗᛗᚩᚾᛁᛏᛖ,432
dalmatian,480145,0,ᛞᚪᛚᛗᚪᛏᛡᚾ,622
bluegill,479920,0,ᛒᛚᚢᛖᚷᛁᛚᛚ,398
dumpster,479788,0,ᛞᚢᛗᛈᛋᛏᛖᚱ,396
ayurveda,478993,0,ᚪᚣᚢᚱᚢᛖᛞᚪ,470
ungulates,478989,0,ᚢᛝᚢᛚᚪᛏᛖᛋ,434
infuriating,478920,0,ᛁᚾᚠᚢᚱᛡᛏᛝ,321
ratcliff,478489,0,ᚱᚪᛏᚳᛚᛁᚠᚠ,288
coarsening,478145,0,ᚳᚩᚪᚱᛋᛖᚾᛝ,356
cementum,478122,0,ᚳᛖᛗᛖᚾᛏᚢᛗ,380
europium,477971,0,ᛖᚢᚱᚩᛈᛁᚢᛗ,236
playoffs,477778,0,ᛈᛚᚪᚣᚩᚠᚠᛋ,380
nestorian,477600,0,ᚾᛖᛋᛏᚩᚱᛡᚾ,362
frederik,477458,0,ᚠᚱᛖᛞᛖᚱᛁᚳ,291
beetroot,477406,0,ᛒᛖᛖᛏᚱᚩᚩᛏ,338
chamorro,477356,0,ᚳᚻᚪᛗᚩᚱᚱᚩ,240
quotidian,477278,0,ᚳᚹᚩᛏᛁᛞᛡᚾ,354
albacore,476909,0,ᚪᛚᛒᚪᚳᚩᚱᛖ,426
wrongdoers,476893,0,ᚹᚱᚩᛝᛞᛟᚱᛋ,352
balmoral,476658,0,ᛒᚪᛚᛗᚩᚱᚪᛚ,490
citywide,476044,0,ᚳᛁᛏᚣᚹᛁᛞᛖ,412
illumine,475932,0,ᛁᛚᛚᚢᛗᛁᚾᛖ,378
wollongong,475907,0,ᚹᚩᛚᛚᚩᛝᚩᛝ,344
kinsfolk,475845,0,ᚳᛁᚾᛋᚠᚩᛚᚳ,221
ganymede,475744,0,ᚷᚪᚾᚣᛗᛖᛞᛖ,540
polonium,475612,0,ᛈᚩᛚᚩᚾᛁᚢᛗ,264
scandium,475578,0,ᛋᚳᚪᚾᛞᛁᚢᛗ,386
dismally,475139,0,ᛞᛁᛋᛗᚪᛚᛚᚣ,590
dainties,475061,0,ᛞᚪᛁᚾᛏᛁᛖᛋ,456
hedgerow,475016,0,ᚻᛖᛞᚷᛖᚱᚩᚹ,300
myelitis,474860,0,ᛗᚣᛖᛚᛁᛏᛁᛋ,488
lufthansa,474859,0,ᛚᚢᚠᚦᚪᚾᛋᚪ,359
sharpens,474724,0,ᛋᚻᚪᚱᛈᛖᚾᛋ,376
unshaven,474591,0,ᚢᚾᛋᚻᚪᚢᛖᚾ,304
prophase,474568,0,ᛈᚱᚩᛈᚻᚪᛋᛖ,344
paulette,474524,0,ᛈᚪᚢᛚᛖᛏᛏᛖ,468
angelique,474401,0,ᚪᛝᛖᛚᛁᚳᚹᛖ,446
mainsail,474394,0,ᛗᚪᛁᚾᛋᚪᛁᛚ,482
bilinguals,474312,0,ᛒᛁᛚᛝᚢᚪᛚᛋ,470
ofttimes,474301,0,ᚩᚠᛏᛏᛁᛗᛖᛋ,349
fascicle,474124,0,ᚠᚪᛋᚳᛁᚳᛚᛖ,349
martingale,474061,0,ᛗᚪᚱᛏᛝᚪᛚᛖ,554
ninetieth,473978,0,ᚾᛁᚾᛖᛏᛁᛖᚦ,318
toxicant,473931,0,ᛏᚩᛉᛁᚳᚪᚾᛏ,342
correggio,473877,0,ᚳᚩᚱᚱᛖᚷᚷᛡ,250
boathouse,473854,0,ᛒᚩᚪᚦᚩᚢᛋᛖ,300
sikorsky,473531,0,ᛋᛁᚳᚩᚱᛋᚳᚣ,284
carbines,473424,0,ᚳᚪᚱᛒᛁᚾᛖᛋ,362
throttled,473112,0,ᚦᚱᚩᛏᛏᛚᛖᛞ,370
pellucid,473066,0,ᛈᛖᛚᛚᚢᚳᛁᛞ,392
pillared,472946,0,ᛈᛁᛚᛚᚪᚱᛖᛞ,484
meandered,472845,0,ᛗᛠᚾᛞᛖᚱᛖᛞ,532
marjoram,472683,0,ᛗᚪᚱᛂᚩᚱᚪᛗ,402
perturbing,472647,0,ᛈᛖᚱᛏᚢᚱᛒᛝ,334
medicago,472525,0,ᛗᛖᛞᛁᚳᚪᚷᚩ,392
critiquing,472518,0,ᚳᚱᛁᛏᛁᚳᚹᛝ,256
cerberus,472509,0,ᚳᛖᚱᛒᛖᚱᚢᛋ,286
birthrate,472220,0,ᛒᛁᚱᚦᚱᚪᛏᛖ,342
fidgeted,472059,0,ᚠᛁᛞᚷᛖᛏᛖᛞ,421
hibernian,471652,0,ᚻᛁᛒᛖᚱᚾᛡᚾ,358
townsman,471533,0,ᛏᚩᚹᚾᛋᛗᚪᚾ,364
intitled,471505,0,ᛁᚾᛏᛁᛏᛚᛖᛞ,438
margrave,471404,0,ᛗᚪᚱᚷᚱᚪᚢᛖ,374
menacingly,471344,0,ᛗᛖᚾᚪᚳᛝᛚᚣ,532
scaliger,471076,0,ᛋᚳᚪᛚᛁᚷᛖᚱ,362
capitate,470983,0,ᚳᚪᛈᛁᛏᚪᛏᛖ,466
dumbbell,470935,0,ᛞᚢᛗᛒᛒᛖᛚᛚ,498
situates,470905,0,ᛋᛁᛏᚢᚪᛏᛖᛋ,422
localism,470777,0,ᛚᚩᚳᚪᛚᛁᛋᛗ,418
monotype,470356,0,ᛗᚩᚾᚩᛏᚣᛈᛖ,386
narbonne,470140,0,ᚾᚪᚱᛒᚩᚾᚾᛖ,330
landowning,470107,0,ᛚᚪᚾᛞᚩᚹᚾᛝ,422
trackers,469399,0,ᛏᚱᚪᚳᚳᛖᚱᛋ,324
resurvey,469302,0,ᚱᛖᛋᚢᚱᚢᛖᚣ,318
climaxed,469284,0,ᚳᛚᛁᛗᚪᛉᛖᛞ,488
derogate,468869,0,ᛞᛖᚱᚩᚷᚪᛏᛖ,414
lewdness,468837,0,ᛚᛖᚹᛞᚾᛖᛋᛋ,450
antiphon,468413,0,ᚪᚾᛏᛁᛈᚻᚩᚾ,318
selznick,468411,0,ᛋᛖᛚᛋᚾᛁᚳᚳ,332
lapidary,468166,0,ᛚᚪᛈᛁᛞᚪᚱᚣ,544
myositis,467962,0,ᛗᚣᚩᛋᛁᛏᛁᛋ,408
riverbed,467893,0,ᚱᛁᚢᛖᚱᛒᛖᛞ,340
granddad,467468,0,ᚷᚱᚪᚾᛞᛞᚪᛞ,518
cupcakes,467128,0,ᚳᚢᛈᚳᚪᚳᛖᛋ,302
teachable,467121,0,ᛏᛠᚳᚻᚪᛒᛚᛖ,502
doldrums,467107,0,ᛞᚩᛚᛞᚱᚢᛗᛋ,396
concreting,466985,0,ᚳᚩᚾᚳᚱᛖᛏᛝ,278
hatchway,466835,0,ᚻᚪᛏᚳᚻᚹᚪᚣ,434
inducers,466780,0,ᛁᚾᛞᚢᚳᛖᚱᛋ,296
shamanic,466409,0,ᛋᚻᚪᛗᚪᚾᛁᚳ,414
movables,466063,0,ᛗᚩᚢᚪᛒᛚᛖᛋ,432
cadavers,466001,0,ᚳᚪᛞᚪᚢᛖᚱᛋ,430
pelleted,465872,0,ᛈᛖᛚᛚᛖᛏᛖᛞ,538
absconding,465856,0,ᚪᛒᛋᚳᚩᚾᛞᛝ,428
hominids,465585,0,ᚻᚩᛗᛁᚾᛁᛞᛋ,334
visigoths,465510,0,ᚢᛁᛋᛁᚷᚩᚦᛋ,200
vulgarly,465334,0,ᚢᚢᛚᚷᚪᚱᛚᚣ,380
muskrats,465059,0,ᛗᚢᛋᚳᚱᚪᛏᛋ,360
delphine,465016,0,ᛞᛖᛚᛈᚻᛁᚾᛖ,422
squeamish,464881,0,ᛋᚳᚹᛠᛗᛁᛋᚻ,372
subsoils,464731,0,ᛋᚢᛒᛋᚩᛁᛚᛋ,334
feedlots,464687,0,ᚠᛖᛖᛞᛚᚩᛏᛋ,417
stagnate,464482,0,ᛋᛏᚪᚷᚾᚪᛏᛖ,478
ampoules,464268,0,ᚪᛗᛈᚩᚢᛚᛖᛋ,414
rudiment,464003,0,ᚱᚢᛞᛁᛗᛖᚾᛏ,360
personas,463888,0,ᛈᛖᚱᛋᚩᚾᚪᛋ,360
mermaids,463669,0,ᛗᛖᚱᛗᚪᛁᛞᛋ,490
enlivening,463506,0,ᛖᚾᛚᛁᚢᛖᚾᛝ,378
reveille,463417,0,ᚱᛖᚢᛖᛁᛚᛚᛖ,392
optimise,463413,0,ᚩᛈᛏᛁᛗᛁᛋᛖ,362
pullorum,462974,0,ᛈᚢᛚᛚᚩᚱᚢᛗ,284
crofters,462921,0,ᚳᚱᚩᚠᛏᛖᚱᛋ,223
uploaded,462894,0,ᚢᛈᛚᚩᚪᛞᛖᛞ,468
litigious,462723,0,ᛚᛁᛏᛁᚷᛡᚢᛋ,374
cryolite,462502,0,ᚳᚱᚣᚩᛚᛁᛏᛖ,364
foreskin,462395,0,ᚠᚩᚱᛖᛋᚳᛁᚾ,213
unsettle,462002,0,ᚢᚾᛋᛖᛏᛏᛚᛖ,410
emulator,461980,0,ᛖᛗᚢᛚᚪᛏᚩᚱ,388
jettison,461951,0,ᛂᛖᛏᛏᛁᛋᚩᚾ,342
overawed,461921,0,ᚩᚢᛖᚱᚪᚹᛖᛞ,360
conjunct,461888,0,ᚳᚩᚾᛂᚢᚾᚳᛏ,190
collages,461782,0,ᚳᚩᛚᛚᚪᚷᛖᛋ,400
carillon,461625,0,ᚳᚪᚱᛁᛚᛚᚩᚾ,334
absented,461568,0,ᚪᛒᛋᛖᚾᛏᛖᛞ,522
mementos,461428,0,ᛗᛖᛗᛖᚾᛏᚩᛋ,424
restocking,461350,0,ᚱᛖᛋᛏᚩᚳᚳᛝ,302
impolite,461136,0,ᛁᛗᛈᚩᛚᛁᛏᛖ,382
jabalpur,460988,0,ᛂᚪᛒᚪᛚᛈᚢᚱ,422
implanting,460475,0,ᛁᛗᛈᛚᚪᚾᛏᛝ,482
desisted,459163,0,ᛞᛖᛋᛁᛋᛏᛖᛞ,508
turnouts,459005,0,ᛏᚢᚱᚾᚩᚢᛏᛋ,224
refitted,458950,0,ᚱᛖᚠᛁᛏᛏᛖᛞ,385
cicatrix,458813,0,ᚳᛁᚳᚪᛏᚱᛁᛉ,302
membrana,458664,0,ᛗᛖᛗᛒᚱᚪᚾᚪ,504
rucksack,458506,0,ᚱᚢᚳᚳᛋᚪᚳᚳ,216
unturned,458432,0,ᚢᚾᛏᚢᚱᚾᛖᛞ,290
furfural,458395,0,ᚠᚢᚱᚠᚢᚱᚪᛚ,202
guiltily,458089,0,ᚷᚢᛁᛚᛏᛁᛚᚣ,390
hemangioma,458022,0,ᚻᛖᛗᚪᛝᛡᛗᚪ,612
escapade,457899,0,ᛖᛋᚳᚪᛈᚪᛞᛖ,526
anaphora,457616,0,ᚪᚾᚪᛈᚻᚩᚱᚪ,404
hostelry,457063,0,ᚻᚩᛋᛏᛖᛚᚱᚣ,396
morbidly,456598,0,ᛗᚩᚱᛒᛁᛞᛚᚣ,446
handyman,456577,0,ᚻᚪᚾᛞᚣᛗᚪᚾ,538
uncreated,456556,0,ᚢᚾᚳᚱᛠᛏᛖᛞ,380
prompter,455953,0,ᛈᚱᚩᛗᛈᛏᛖᚱ,312
overlaying,455620,0,ᚩᚢᛖᚱᛚᚪᚣᛝ,440
londoner,455600,0,ᛚᚩᚾᛞᚩᚾᛖᚱ,312
hideously,455515,0,ᚻᛁᛞᛇᚢᛋᛚᚣ,416
spiralling,455467,0,ᛋᛈᛁᚱᚪᛚᛚᛝ,460
simmered,455169,0,ᛋᛁᛗᛗᛖᚱᛖᛞ,460
futurism,455166,0,ᚠᚢᛏᚢᚱᛁᛋᛗ,233
vaporizing,454890,0,ᚢᚪᛈᚩᚱᛁᛋᛝ,324
elsinore,454876,0,ᛖᛚᛋᛁᚾᚩᚱᛖ,338
fixations,454858,0,ᚠᛁᛉᚪᛏᛡᚾᛋ,425
formwork,454849,0,ᚠᚩᚱᛗᚹᚩᚱᚳ,141
flickers,454814,0,ᚠᛚᛁᚳᚳᛖᚱᛋ,263
heartbeats,454695,0,ᚻᛠᚱᛏᛒᛠᛏᛋ,484
tensioned,454645,0,ᛏᛖᚾᛋᛡᚾᛖᛞ,500
misogyny,454285,0,ᛗᛁᛋᚩᚷᚣᚾᚣ,414
bedecked,454172,0,ᛒᛖᛞᛖᚳᚳᛖᛞ,466
vacationing,453800,0,ᚢᚪᚳᚪᛏᛡᚾᛝ,484
reseller,453580,0,ᚱᛖᛋᛖᛚᛚᛖᚱ,422
triumphing,453188,0,ᛏᚱᛁᚢᛗᛈᚻᛝ,320
idolized,453163,0,ᛁᛞᚩᛚᛁᛋᛖᛞ,440
tangerine,453095,0,ᛏᚪᛝᛖᚱᛁᚾᛖ,440
freshening,453077,0,ᚠᚱᛖᛋᚻᛖᚾᛝ,331
buncombe,452465,0,ᛒᚢᚾᚳᚩᛗᛒᛖ,312
mallards,452460,0,ᛗᚪᛚᛚᚪᚱᛞᛋ,564
signpost,452370,0,ᛋᛁᚷᚾᛈᚩᛋᛏ,292
sandhill,452040,0,ᛋᚪᚾᛞᚻᛁᛚᛚ,468
discolor,451983,0,ᛞᛁᛋᚳᚩᛚᚩᚱ,284
parities,451669,0,ᛈᚪᚱᛁᛏᛁᛖᛋ,392
outhouses,451587,0,ᚩᚢᚦᚩᚢᛋᛖᛋ,198
detracting,451525,0,ᛞᛖᛏᚱᚪᚳᛏᛝ,474
hellenes,451141,0,ᚻᛖᛚᛚᛖᚾᛖᛋ,452
gallants,450606,0,ᚷᚪᛚᛚᚪᚾᛏᛋ,498
chansons,450191,0,ᚳᚻᚪᚾᛋᚩᚾᛋ,304
backwash,450131,0,ᛒᚪᚳᚳᚹᚪᛋᚻ,376
overkill,449880,0,ᚩᚢᛖᚱᚳᛁᛚᛚ,278
borghese,449558,0,ᛒᚩᚱᚷᚻᛖᛋᛖ,306
barbican,449512,0,ᛒᚪᚱᛒᛁᚳᚪᚾ,400
eclogues,449467,0,ᛖᚳᛚᚩᚷᚢᛖᛋ,300
scourges,449287,0,ᛋᚳᚩᚢᚱᚷᛖᛋ,224
nightcap,448855,0,ᚾᛁᚷᚻᛏᚳᚪᛈ,312
verlaine,448547,0,ᚢᛖᚱᛚᚪᛁᚾᛖ,378
spofford,448524,0,ᛋᛈᚩᚠᚠᚩᚱᛞ,214
surprize,448455,0,ᛋᚢᚱᛈᚱᛁᛋᛖ,272
engrafted,448417,0,ᛖᛝᚱᚪᚠᛏᛖᛞ,471
obelisks,448403,0,ᚩᛒᛖᛚᛁᛋᚳᛋ,358
flamenco,448167,0,ᚠᛚᚪᛗᛖᚾᚳᚩ,359
polluter,448107,0,ᛈᚩᛚᛚᚢᛏᛖᚱ,336
shatters,447802,0,ᛋᚻᚪᛏᛏᛖᚱᛋ,422
entrancing,447788,0,ᛖᚾᛏᚱᚪᚾᚳᛝ,384
gasolene,447684,0,ᚷᚪᛋᚩᛚᛖᚾᛖ,410
vilified,447599,0,ᚢᛁᛚᛁᚠᛁᛖᛞ,327
tsunamis,447571,0,ᛏᛋᚢᚾᚪᛗᛁᛋ,396
burnishing,447429,0,ᛒᚢᚱᚾᛁᛋᚻᛝ,290
shoveled,447293,0,ᛋᚻᚩᚢᛖᛚᛖᛞ,382
trivially,447110,0,ᛏᚱᛁᚢᛡᛚᛚᚣ,460
handball,447044,0,ᚻᚪᚾᛞᛒᚪᛚᛚ,542
norsemen,446703,0,ᚾᚩᚱᛋᛖᛗᛖᚾ,334
thickener,446433,0,ᚦᛁᚳᚳᛖᚾᛖᚱ,236
demurely,446259,0,ᛞᛖᛗᚢᚱᛖᛚᚣ,484
pontiffs,445807,0,ᛈᚩᚾᛏᛁᚠᚠᛋ,226
flavouring,445752,0,ᚠᛚᚪᚢᚩᚢᚱᛝ,275
viburnum,445441,0,ᚢᛁᛒᚢᚱᚾᚢᛗ,212
redouble,444657,0,ᚱᛖᛞᚩᚢᛒᛚᛖ,378
rasputin,444607,1,ᚱᚪᛋᛈᚢᛏᛁᚾ,326
woodhull,444532,0,ᚹᚩᚩᛞᚻᚢᛚᛚ,294
kilovolt,444123,0,ᚳᛁᛚᚩᚢᚩᛚᛏ,266
pestered,444086,0,ᛈᛖᛋᛏᛖᚱᛖᛞ,456
ashmolean,443775,0,ᚪᛋᚻᛗᚩᛚᛠᚾ,462
gallican,443702,0,ᚷᚪᛚᛚᛁᚳᚪᚾ,430
mestizos,443649,0,ᛗᛖᛋᛏᛁᛋᚩᛋ,394
refereed,443608,0,ᚱᛖᚠᛖᚱᛖᛖᛞ,381
ferryman,443288,0,ᚠᛖᚱᚱᚣᛗᚪᚾ,391
clueless,442772,0,ᚳᛚᚢᛖᛚᛖᛋᛋ,402
isolator,442705,0,ᛁᛋᚩᛚᚪᛏᚩᚱ,338
sorrento,442477,0,ᛋᚩᚱᚱᛖᚾᛏᚩ,244
benchers,442414,0,ᛒᛖᚾᚳᚻᛖᚱᛋ,324
catenary,442255,0,ᚳᚪᛏᛖᚾᚪᚱᚣ,476
negations,442237,0,ᚾᛖᚷᚪᛏᛡᚾᛋ,458
fraulein,442215,0,ᚠᚱᚪᚢᛚᛖᛁᚾ,313
stickler,442189,0,ᛋᛏᛁᚳᚳᛚᛖᚱ,320
shanties,441841,0,ᛋᚻᚪᚾᛏᛁᛖᛋ,412
georgette,441831,0,ᚷᛇᚱᚷᛖᛏᛏᛖ,338
redoubts,441749,0,ᚱᛖᛞᚩᚢᛒᛏᛋ,350
grimaces,441481,0,ᚷᚱᛁᛗᚪᚳᛖᛋ,360
hotspots,441151,0,ᚻᚩᛏᛋᛈᚩᛏᛋ,304
forelegs,441115,0,ᚠᚩᚱᛖᛚᛖᚷᛋ,297
centavos,440993,0,ᚳᛖᚾᛏᚪᚢᚩᛋ,328
civilize,440911,0,ᚳᛁᚢᛁᛚᛁᛋᛖ,302
squashes,440751,0,ᛋᚳᚹᚪᛋᚻᛖᛋ,378
monistic,440511,0,ᛗᚩᚾᛁᛋᛏᛁᚳ,294
pistachio,440306,0,ᛈᛁᛋᛏᚪᚳᚻᛡ,426
scimitar,440235,0,ᛋᚳᛁᛗᛁᛏᚪᚱ,366
schnabel,440103,0,ᛋᚳᚻᚾᚪᛒᛖᛚ,416
benedick,440082,0,ᛒᛖᚾᛖᛞᛁᚳᚳ,370
chipmunk,439949,0,ᚳᚻᛁᛈᛗᚢᚾᚳ,226
usurpers,439817,0,ᚢᛋᚢᚱᛈᛖᚱᛋ,244
immunize,439791,0,ᛁᛗᛗᚢᚾᛁᛋᛖ,356
besotted,439481,0,ᛒᛖᛋᚩᛏᛏᛖᛞ,462
earliness,439339,0,ᛠᚱᛚᛁᚾᛖᛋᛋ,426
ratifies,439157,0,ᚱᚪᛏᛁᚠᛁᛖᛋ,351
adelbert,438795,0,ᚪᛞᛖᛚᛒᛖᚱᛏ,524
servient,438579,0,ᛋᛖᚱᚢᛁᛖᚾᛏ,320
partaker,438410,0,ᛈᚪᚱᛏᚪᚳᛖᚱ,398
leftward,438401,0,ᛚᛖᚠᛏᚹᚪᚱᛞ,417
unbiassed,438281,0,ᚢᚾᛒᛡᛋᛋᛖᛞ,462
totemism,438204,0,ᛏᚩᛏᛖᛗᛁᛋᛗ,418
henchman,438051,0,ᚻᛖᚾᚳᚻᛗᚪᚾ,352
passbook,437988,0,ᛈᚪᛋᛋᛒᚩᚩᚳ,334
marechal,437913,0,ᛗᚪᚱᛖᚳᚻᚪᛚ,452
closeted,437792,0,ᚳᛚᚩᛋᛖᛏᛖᛞ,428
ecologic,437596,0,ᛖᚳᚩᛚᚩᚷᛁᚳ,228
vintages,437502,0,ᚢᛁᚾᛏᚪᚷᛖᛋ,356
heartiest,437491,0,ᚻᛠᚱᛏᛁᛖᛋᛏ,412
enunciate,437064,0,ᛖᚾᚢᚾᚳᛡᛏᛖ,374
mufflers,436916,0,ᛗᚢᚠᚠᛚᛖᚱᛋ,282
tobaccos,436883,0,ᛏᚩᛒᚪᚳᚳᚩᛋ,310
wagnerian,436776,0,ᚹᚪᚷᚾᛖᚱᛡᚾ,376
pellicle,436751,0,ᛈᛖᛚᛚᛁᚳᛚᛖ,440
coquetry,436715,0,ᚳᚩᚳᚹᛖᛏᚱᚣ,292
argonaut,436626,0,ᚪᚱᚷᚩᚾᚪᚢᛏ,320
silicide,436562,0,ᛋᛁᛚᛁᚳᛁᛞᛖ,388
medellin,436464,0,ᛗᛖᛞᛖᛚᛚᛁᚾ,500
copperas,436150,0,ᚳᚩᛈᛈᛖᚱᚪᛋ,334
wildcats,435923,0,ᚹᛁᛚᛞᚳᚪᛏᛋ,434
moulders,435667,0,ᛗᚩᚢᛚᛞᛖᚱᛋ,374
synopses,435639,0,ᛋᚣᚾᚩᛈᛋᛖᛋ,408
avogadro,435520,0,ᚪᚢᚩᚷᚪᛞᚱᚩ,328
gazettes,435175,0,ᚷᚪᛋᛖᛏᛏᛖᛋ,472
polygyny,434827,0,ᛈᚩᛚᚣᚷᚣᚾᚣ,478
slovenes,434730,0,ᛋᛚᚩᚢᛖᚾᛖᛋ,352
applauds,434536,0,ᚪᛈᛈᛚᚪᚢᛞᛋ,498
undulate,434243,0,ᚢᚾᛞᚢᛚᚪᛏᛖ,420
plastids,434169,0,ᛈᛚᚪᛋᛏᛁᛞᛋ,498
critters,434150,0,ᚳᚱᛁᛏᛏᛖᚱᛋ,304
coexisted,434064,0,ᚳᛟᛉᛁᛋᛏᛖᛞ,442
vanillin,433735,0,ᚢᚪᚾᛁᛚᛚᛁᚾ,366
trillions,433586,0,ᛏᚱᛁᛚᛚᛡᚾᛋ,436
hadassah,433412,0,ᚻᚪᛞᚪᛋᛋᚪᚻ,532
flatters,433228,0,ᚠᛚᚪᛏᛏᛖᚱᛋ,421
unburied,432869,0,ᚢᚾᛒᚢᚱᛁᛖᛞ,294
bowsprit,432735,0,ᛒᚩᚹᛋᛈᚱᛁᛏ,284
ailerons,432670,0,ᚪᛁᛚᛖᚱᚩᚾᛋ,368
untaught,432352,0,ᚢᚾᛏᚪᚢᚷᚻᛏ,290
calabash,432293,0,ᚳᚪᛚᚪᛒᚪᛋᚻ,514
rochford,432288,0,ᚱᚩᚳᚻᚠᚩᚱᛞ,163
motormen,432245,0,ᛗᚩᛏᚩᚱᛗᛖᚾ,322
cleanness,432001,0,ᚳᛚᛠᚾᚾᛖᛋᛋ,426
windbreak,431854,0,ᚹᛁᚾᛞᛒᚱᛠᚳ,362
houseman,431701,0,ᚻᚩᚢᛋᛖᛗᚪᚾ,350
coracoid,431676,0,ᚳᚩᚱᚪᚳᚩᛁᛞ,268
golconda,431653,0,ᚷᚩᛚᚳᚩᚾᛞᚪ,332
marooned,431460,0,ᛗᚪᚱᚩᚩᚾᛖᛞ,378
penknife,431255,0,ᛈᛖᚾᚳᚾᛁᚠᛖ,281
mortgaging,431114,0,ᛗᚩᚱᛏᚷᚪᚷᛝ,358
sauntering,430962,0,ᛋᚪᚢᚾᛏᛖᚱᛝ,398
dreamland,430922,0,ᛞᚱᛠᛗᛚᚪᚾᛞ,568
colander,430839,0,ᚳᚩᛚᚪᚾᛞᛖᚱ,386
samarium,430707,0,ᛋᚪᛗᚪᚱᛁᚢᛗ,434
allspice,430672,0,ᚪᛚᛚᛋᛈᛁᚳᛖ,450
conjurer,430643,0,ᚳᚩᚾᛂᚢᚱᛖᚱ,178
sandbags,430371,0,ᛋᚪᚾᛞᛒᚪᚷᛋ,496
telecoms,430029,0,ᛏᛖᛚᛖᚳᚩᛗᛋ,410
centaurs,429979,0,ᚳᛖᚾᛏᚪᚢᚱᛋ,332
commutes,429836,0,ᚳᚩᛗᛗᚢᛏᛖᛋ,344
thrillers,429798,0,ᚦᚱᛁᛚᛚᛖᚱᛋ,324
drachmas,429230,0,ᛞᚱᚪᚳᚻᛗᚪᛋ,454
nullifying,429107,0,ᚾᚢᛚᛚᛁᚠᚣᛝ,393
gunshots,429035,0,ᚷᚢᚾᛋᚻᚩᛏᛋ,244
flattens,428989,0,ᚠᛚᚪᛏᛏᛖᚾᛋ,439
carinate,428983,0,ᚳᚪᚱᛁᚾᚪᛏᛖ,404
plighted,428973,0,ᛈᛚᛁᚷᚻᛏᛖᛞ,402
illusive,428706,0,ᛁᛚᛚᚢᛋᛁᚢᛖ,334
pennants,428574,0,ᛈᛖᚾᚾᚪᚾᛏᛋ,406
dandruff,428377,0,ᛞᚪᚾᛞᚱᚢᚠᚠ,322
irradiating,428333,0,ᛁᚱᚱᚪᛞᛡᛏᛝ,484
griselda,428171,0,ᚷᚱᛁᛋᛖᛚᛞᚪ,438
plumbago,428072,0,ᛈᛚᚢᛗᛒᚪᚷᚩ,372
belittling,428013,0,ᛒᛖᛚᛁᛏᛏᛚᛝ,502
bursitis,427862,0,ᛒᚢᚱᛋᛁᛏᛁᛋ,302
sequitur,427328,0,ᛋᛖᚳᚹᛁᛏᚢᚱ,256
educable,427164,0,ᛖᛞᚢᚳᚪᛒᛚᛖ,470
allusive,427091,0,ᚪᛚᛚᚢᛋᛁᚢᛖ,400
ensnared,427031,0,ᛖᚾᛋᚾᚪᚱᛖᛞ,442
enforcer,426948,0,ᛖᚾᚠᚩᚱᚳᛖᚱ,207
rifleman,426874,0,ᚱᛁᚠᛚᛖᛗᚪᚾ,381
swiftest,426098,0,ᛋᚹᛁᚠᛏᛖᛋᛏ,343
alizarin,426081,0,ᚪᛚᛁᛋᚪᚱᛁᚾ,422
bedspread,426052,0,ᛒᛖᛞᛋᛈᚱᛠᛞ,522
snorkeling,425878,0,ᛋᚾᚩᚱᚳᛖᛚᛝ,332
slipshod,425622,0,ᛋᛚᛁᛈᛋᚻᚩᛞ,372
inebriate,425508,0,ᛁᚾᛖᛒᚱᛡᛏᛖ,432
ruminating,425356,0,ᚱᚢᛗᛁᚾᚪᛏᛝ,380
erasures,425354,0,ᛖᚱᚪᛋᚢᚱᛖᛋ,362
codebook,425327,0,ᚳᚩᛞᛖᛒᚩᚩᚳ,264
fiddlers,425293,0,ᚠᛁᛞᛞᛚᛖᚱᛋ,415
conciliar,425132,0,ᚳᚩᚾᚳᛁᛚᛡᚱ,284
rehoboam,425117,0,ᚱᛖᚻᚩᛒᚩᚪᛗ,344
langhorne,424466,0,ᛚᚪᛝᚻᚩᚱᚾᛖ,386
vitriolic,424464,0,ᚢᛁᛏᚱᛡᛚᛁᚳ,328
overhearing,424452,0,ᚩᚢᛖᚱᚻᛠᚱᛝ,310
encysted,424447,0,ᛖᚾᚳᚣᛋᛏᛖᛞ,480
dyslexic,424426,0,ᛞᚣᛋᛚᛖᛉᛁᚳ,476
kurtosis,424424,0,ᚳᚢᚱᛏᚩᛋᛁᛋ,230
rekindle,424059,0,ᚱᛖᚳᛁᚾᛞᛚᛖ,380
neophytes,424027,0,ᚾᛇᛈᚻᚣᛏᛖᛋ,418
corsairs,423912,0,ᚳᚩᚱᛋᚪᛁᚱᛋ,276
larkspur,423732,0,ᛚᚪᚱᚳᛋᛈᚢᚱ,304
aquiline,423667,0,ᚪᚳᚹᛁᛚᛁᚾᛖ,360
churlish,423666,0,ᚳᚻᚢᚱᛚᛁᛋᚻ,230
volvulus,423602,0,ᚢᚩᛚᚢᚢᛚᚢᛋ,218
placentia,423449,0,ᛈᛚᚪᚳᛖᚾᛏᛡ,488
nocturne,423394,0,ᚾᚩᚳᛏᚢᚱᚾᛖ,218
fumigant,423301,0,ᚠᚢᛗᛁᚷᚪᚾᛏ,309
congruity,423296,0,ᚳᚩᛝᚱᚢᛁᛏᚣ,306
songbirds,423253,0,ᛋᚩᛝᛒᛁᚱᛞᛋ,384
hearkened,423197,0,ᚻᛠᚱᚳᛖᚾᛖᛞ,408
castilla,423144,0,ᚳᚪᛋᛏᛁᛚᛚᚪ,496
clamouring,423045,0,ᚳᛚᚪᛗᚩᚢᚱᛝ,354
perfects,422671,0,ᛈᛖᚱᚠᛖᚳᛏᛋ,315
undreamed,422329,0,ᚢᚾᛞᚱᛠᛗᛖᛞ,468
sonority,422044,0,ᛋᚩᚾᚩᚱᛁᛏᚣ,300
tailgate,421940,0,ᛏᚪᛁᛚᚷᚪᛏᛖ,500
falsetto,421841,0,ᚠᚪᛚᛋᛖᛏᛏᚩ,417
sakharov,421569,0,ᛋᚪᚳᚻᚪᚱᚩᚢ,304
fractals,421388,0,ᚠᚱᚪᚳᛏᚪᛚᛋ,405
stagnating,421329,0,ᛋᛏᚪᚷᚾᚪᛏᛝ,490
throwback,421142,0,ᚦᚱᚩᚹᛒᚪᚳᚳ,226
omelette,420948,0,ᚩᛗᛖᛚᛖᛏᛏᛖ,470
huntsmen,420700,0,ᚻᚢᚾᛏᛋᛗᛖᚾ,334
isotropy,420560,0,ᛁᛋᚩᛏᚱᚩᛈᚣ,314
snobbish,420529,0,ᛋᚾᚩᛒᛒᛁᛋᚻ,318
presaged,420444,0,ᛈᚱᛖᛋᚪᚷᛖᛞ,444
adjourning,420248,0,ᚪᛞᛂᚩᚢᚱᚾᛝ,352
zephaniah,418864,0,ᛋᛖᛈᚻᚪᚾᛡᚻ,442
beggarly,418764,0,ᛒᛖᚷᚷᚪᚱᛚᚣ,446
fractious,418473,0,ᚠᚱᚪᚳᛏᛡᚢᛋ,345
edgewise,418325,0,ᛖᛞᚷᛖᚹᛁᛋᛖ,410
trunnions,418073,0,ᛏᚱᚢᚾᚾᛡᚾᛋ,320
snowshoes,418072,0,ᛋᚾᚩᚹᛋᚻᛟᛋ,320
repainting,417942,0,ᚱᛖᛈᚪᛁᚾᛏᛝ,416
exorcise,417748,0,ᛖᛉᚩᚱᚳᛁᛋᛖ,296
mystifying,417726,0,ᛗᚣᛋᛏᛁᚠᚣᛝ,501
blockhead,417567,0,ᛒᛚᚩᚳᚳᚻᛠᛞ,388
roosters,417249,0,ᚱᚩᚩᛋᛏᛖᚱᛋ,268
confetti,416721,0,ᚳᚩᚾᚠᛖᛏᛏᛁ,267
clamored,416698,0,ᚳᛚᚪᛗᚩᚱᛖᛞ,428
pipettes,416653,0,ᛈᛁᛈᛖᛏᛏᛖᛋ,422
enervating,416648,0,ᛖᚾᛖᚱᚢᚪᛏᛝ,412
cadastre,416562,0,ᚳᚪᛞᚪᛋᛏᚱᛖ,486
affright,416441,0,ᚪᚠᚠᚱᛁᚷᚻᛏ,242
trustful,416126,0,ᛏᚱᚢᛋᛏᚠᚢᛚ,263
pulmonic,416089,0,ᛈᚢᛚᛗᚩᚾᛁᚳ,270
entrench,416054,0,ᛖᚾᛏᚱᛖᚾᚳᚻ,298
amazonas,415883,0,ᚪᛗᚪᛋᚩᚾᚪᛋ,504
pustular,415782,0,ᛈᚢᛋᛏᚢᛚᚪᚱ,342
whiplash,415593,0,ᚹᚻᛁᛈᛚᚪᛋᚻ,362
binaural,415151,0,ᛒᛁᚾᚪᚢᚱᚪᛚ,402
unerringly,415131,0,ᚢᚾᛖᚱᚱᛝᛚᚣ,376
tearfully,415073,0,ᛏᛠᚱᚠᚢᛚᛚᚣ,433
oregonian,415042,0,ᚩᚱᛖᚷᚩᚾᛡᚾ,274
diatomite,415028,0,ᛞᛡᛏᚩᛗᛁᛏᛖ,490
sunburst,414908,0,ᛋᚢᚾᛒᚢᚱᛋᛏ,272
gimmicks,414891,0,ᚷᛁᛗᛗᛁᚳᚳᛋ,300
ramified,414471,0,ᚱᚪᛗᛁᚠᛁᛖᛞ,399
joystick,414469,0,ᛂᚩᚣᛋᛏᛁᚳᚳ,316
sidestep,414141,0,ᛋᛁᛞᛖᛋᛏᛖᛈ,462
detonate,414136,0,ᛞᛖᛏᚩᚾᚪᛏᛖ,474
rebounds,414123,0,ᚱᛖᛒᚩᚢᚾᛞᛋ,320
impetigo,413684,0,ᛁᛗᛈᛖᛏᛁᚷᚩ,326
arequipa,413245,0,ᚪᚱᛖᚳᚹᛁᛈᚪ,378
diaghilev,413160,0,ᛞᛡᚷᚻᛁᛚᛖᚢ,410
honeydew,413129,0,ᚻᚩᚾᛖᚣᛞᛖᚹ,404
outfield,412698,0,ᚩᚢᛏᚠᛁᛖᛚᛞ,331
maleness,412659,0,ᛗᚪᛚᛖᚾᛖᛋᛋ,510
marchese,412588,0,ᛗᚪᚱᚳᚻᛖᛋᛖ,402
forehand,412580,0,ᚠᚩᚱᛖᚻᚪᚾᛞ,325
shampoos,412293,0,ᛋᚻᚪᛗᛈᚩᚩᛋ,354
doctored,412226,0,ᛞᚩᚳᛏᚩᚱᛖᛞ,342
mantegna,412149,0,ᛗᚪᚾᛏᛖᚷᚾᚪ,466
camillus,411594,0,ᚳᚪᛗᛁᛚᛚᚢᛋ,414
phonation,411105,0,ᛈᚻᚩᚾᚪᛏᛡᚾ,394
diviners,410759,0,ᛞᛁᚢᛁᚾᛖᚱᛋ,314
hysteric,410460,0,ᚻᚣᛋᛏᛖᚱᛁᚳ,360
kennelly,410274,0,ᚳᛖᚾᚾᛖᛚᛚᚣ,454
sagamore,410143,0,ᛋᚪᚷᚪᛗᚩᚱᛖ,420
hazelnut,410086,0,ᚻᚪᛋᛖᛚᚾᚢᛏ,404
annotate,409762,0,ᚪᚾᚾᚩᛏᚪᛏᛖ,444
madhouse,409597,0,ᛗᚪᛞᚻᚩᚢᛋᛖ,410
humanoid,409484,0,ᚻᚢᛗᚪᚾᚩᛁᛞ,350
kickapoo,409139,0,ᚳᛁᚳᚳᚪᛈᚩᚩ,224
unlovely,408951,0,ᚢᚾᛚᚩᚢᛖᛚᚣ,358
rushmore,408782,0,ᚱᚢᛋᚻᛗᚩᚱᛖ,246
liposome,408614,0,ᛚᛁᛈᚩᛋᚩᛗᛖ,352
prurient,408307,0,ᛈᚱᚢᚱᛁᛖᚾᛏ,254
glengarry,408159,0,ᚷᛚᛖᛝᚪᚱᚱᚣ,458
katharina,407693,0,ᚳᚪᚦᚪᚱᛁᚾᚪ,380
penances,407297,0,ᛈᛖᚾᚪᚾᚳᛖᛋ,398
perverts,407242,0,ᛈᛖᚱᚢᛖᚱᛏᛋ,314
extremum,406400,0,ᛖᛉᛏᚱᛖᛗᚢᛗ,396
leaseback,406353,0,ᛚᛠᛋᛖᛒᚪᚳᚳ,486
billeted,406203,0,ᛒᛁᛚᛚᛖᛏᛖᛞ,520
eulogium,405881,0,ᛖᚢᛚᚩᚷᛁᚢᛗ,272
prospers,405869,0,ᛈᚱᚩᛋᛈᛖᚱᛋ,288
leftmost,405843,0,ᛚᛖᚠᛏᛗᚩᛋᛏ,391
harangues,405804,0,ᚻᚪᚱᚪᛝᚢᛖᛋ,430
readjusting,405785,0,ᚱᛠᛞᛂᚢᛋᛏᛝ,440
obligating,405635,0,ᚩᛒᛚᛁᚷᚪᛏᛝ,424
clarinda,405459,0,ᚳᛚᚪᚱᛁᚾᛞᚪ,440
vaporize,405397,0,ᚢᚪᛈᚩᚱᛁᛋᛖ,312
presente,405396,0,ᛈᚱᛖᛋᛖᚾᛏᛖ,396
marksmen,405388,0,ᛗᚪᚱᚳᛋᛗᛖᚾ,412
revalued,405327,0,ᚱᛖᚢᚪᛚᚢᛖᛞ,410
ironside,405191,0,ᛁᚱᚩᚾᛋᛁᛞᛖ,318
fanshawe,405158,0,ᚠᚪᚾᛋᚻᚪᚹᛖ,387
climaxes,405114,0,ᚳᛚᛁᛗᚪᛉᛖᛋ,452
gendarme,405054,0,ᚷᛖᚾᛞᚪᚱᛗᛖ,448
assuaged,405044,0,ᚪᛋᛋᚢᚪᚷᛖᛞ,476
eyeglass,405013,0,ᛖᚣᛖᚷᛚᚪᛋᛋ,530
flutters,404881,0,ᚠᛚᚢᛏᛏᛖᚱᛋ,327
camellias,404871,0,ᚳᚪᛗᛖᛚᛚᛡᛋ,554
sojourning,404741,0,ᛋᚩᛂᚩᚢᚱᚾᛝ,226
arminius,404580,0,ᚪᚱᛗᛁᚾᛁᚢᛋ,326
anyplace,404491,0,ᚪᚾᚣᛈᛚᚪᚳᛖ,522
bullfrog,404207,0,ᛒᚢᛚᛚᚠᚱᚩᚷ,247
transiting,404158,0,ᛏᚱᚪᚾᛋᛁᛏᛝ,418
chickpeas,404044,0,ᚳᚻᛁᚳᚳᛈᛠᛋ,298
naphtali,403960,0,ᚾᚪᛈᚻᛏᚪᛚᛁ,452
merovingian,403947,0,ᛗᛖᚱᚩᚢᛝᛡᚾ,374
dauphine,403774,0,ᛞᚪᚢᛈᚻᛁᚾᛖ,382
gramercy,403581,0,ᚷᚱᚪᛗᛖᚱᚳᚣ,390
hereward,403406,0,ᚻᛖᚱᛖᚹᚪᚱᛞ,384
doggerel,403378,0,ᛞᚩᚷᚷᛖᚱᛖᛚ,348
jugglers,403039,0,ᛂᚢᚷᚷᛚᛖᚱᛋ,278
homelike,402974,0,ᚻᚩᛗᛖᛚᛁᚳᛖ,352
visitant,402880,0,ᚢᛁᛋᛁᛏᚪᚾᛏ,362
sturdily,402821,0,ᛋᛏᚢᚱᛞᛁᛚᚣ,422
ethelbert,402646,0,ᛖᚦᛖᛚᛒᛖᚱᛏ,410
arrestee,402640,0,ᚪᚱᚱᛖᛋᛏᛖᛖ,432
inflexion,402545,0,ᛁᚾᚠᛚᛖᛉᛡᚾ,385
nonmetal,402542,0,ᚾᚩᚾᛗᛖᛏᚪᛚ,432
verifier,402375,0,ᚢᛖᚱᛁᚠᛁᛖᚱ,223
taconite,402274,0,ᛏᚪᚳᚩᚾᛁᛏᛖ,362
overrode,402107,0,ᚩᚢᛖᚱᚱᚩᛞᛖ,262
immodest,402072,0,ᛁᛗᛗᚩᛞᛖᛋᛏ,448
latticed,401779,0,ᛚᚪᛏᛏᛁᚳᛖᛞ,488
seaplanes,401590,0,ᛋᛠᛈᛚᚪᚾᛖᛋ,524
vestries,401360,0,ᚢᛖᛋᛏᚱᛁᛖᛋ,344
segmenting,401060,0,ᛋᛖᚷᛗᛖᚾᛏᛝ,442
connived,401047,0,ᚳᚩᚾᚾᛁᚢᛖᛞ,268
nativism,401018,0,ᚾᚪᛏᛁᚢᛁᛋᛗ,374
headlined,400913,0,ᚻᛠᛞᛚᛁᚾᛖᛞ,510
outcries,400608,0,ᚩᚢᛏᚳᚱᛁᛖᛋ,244
heirship,400578,0,ᚻᛖᛁᚱᛋᚻᛁᛈ,282
spiracle,400403,0,ᛋᛈᛁᚱᚪᚳᛚᛖ,388
escheated,400052,0,ᛖᛋᚳᚻᛠᛏᛖᛞ,480
freewill,400042,0,ᚠᚱᛖᛖᚹᛁᛚᛚ,343
abettors,399913,0,ᚪᛒᛖᛏᛏᚩᚱᛋ,414
sombrero,399869,0,ᛋᚩᛗᛒᚱᛖᚱᚩ,288
bookmaking,399582,0,ᛒᚩᚩᚳᛗᚪᚳᛝ,348
agenesis,399522,0,ᚪᚷᛖᚾᛖᛋᛁᛋ,414
perithecia,399254,0,ᛈᛖᚱᛁᚦᛖᚳᛡ,344
infusoria,399204,0,ᛁᚾᚠᚢᛋᚩᚱᛡ,243
seleucid,399158,0,ᛋᛖᛚᛖᚢᚳᛁᛞ,396
algerians,398667,0,ᚪᛚᚷᛖᚱᛡᚾᛋ,454
sublimed,398500,0,ᛋᚢᛒᛚᛁᛗᛖᛞ,448
restarting,398365,0,ᚱᛖᛋᛏᚪᚱᛏᛝ,436
lineament,398342,0,ᛚᛁᚾᛠᛗᛖᚾᛏ,468
annelids,398146,0,ᚪᚾᚾᛖᛚᛁᛞᛋ,468
stoutest,398080,0,ᛋᛏᚩᚢᛏᛖᛋᛏ,360
acylation,397807,0,ᚪᚳᚣᛚᚪᛏᛡᚾ,578
thickenings,397726,0,ᚦᛁᚳᚳᛖᚾᛝᛋ,290
brazenly,397669,0,ᛒᚱᚪᛋᛖᚾᛚᚣ,494
underlings,397598,0,ᚢᚾᛞᛖᚱᛚᛝᛋ,404
coagulum,397548,0,ᚳᚩᚪᚷᚢᛚᚢᛗ,284
klystron,397421,0,ᚳᛚᚣᛋᛏᚱᚩᚾ,348
lookouts,397031,0,ᛚᚩᚩᚳᚩᚢᛏᛋ,222
streambed,397002,0,ᛋᛏᚱᛠᛗᛒᛖᛞ,520
penciled,396891,0,ᛈᛖᚾᚳᛁᛚᛖᛞ,412
terpenes,396642,0,ᛏᛖᚱᛈᛖᚾᛖᛋ,396
dockside,396493,0,ᛞᚩᚳᚳᛋᛁᛞᛖ,362
rotifers,396471,0,ᚱᚩᛏᛁᚠᛖᚱᛋ,241
riverhead,396333,0,ᚱᛁᚢᛖᚱᚻᛠᛞ,344
mongoloid,396321,0,ᛗᚩᛝᚩᛚᚩᛁᛞ,364
clothiers,396293,0,ᚳᛚᚩᚦᛁᛖᚱᛋ,260
murmansk,395940,0,ᛗᚢᚱᛗᚪᚾᛋᚳ,348
sundered,395918,0,ᛋᚢᚾᛞᛖᚱᛖᛞ,408
drifters,395797,0,ᛞᚱᛁᚠᛏᛖᚱᛋ,323
outfalls,395783,0,ᚩᚢᛏᚠᚪᛚᛚᛋ,367
deflects,395603,0,ᛞᛖᚠᛚᛖᚳᛏᛋ,423
manicure,395492,0,ᛗᚪᚾᛁᚳᚢᚱᛖ,322
repletion,395362,0,ᚱᛖᛈᛚᛖᛏᛡᚾ,456
marshaling,395322,0,ᛗᚪᚱᛋᚻᚪᛚᛝ,504
feoffment,395228,0,ᚠᛇᚠᚠᛗᛖᚾᛏ,273
overshot,395178,0,ᚩᚢᛖᚱᛋᚻᚩᛏ,230
sclerotia,395023,0,ᛋᚳᛚᛖᚱᚩᛏᛡ,390
javelins,394784,0,ᛂᚪᚢᛖᛚᛁᚾᛋ,390
ruggiero,394760,0,ᚱᚢᚷᚷᛁᛖᚱᚩ,164
rascally,394512,0,ᚱᚪᛋᚳᚪᛚᛚᚣ,520
flippers,394509,0,ᚠᛚᛁᛈᛈᛖᚱᛋ,323
phalaris,394477,0,ᛈᚻᚪᛚᚪᚱᛁᛋ,428
polisher,394412,0,ᛈᚩᛚᛁᛋᚻᛖᚱ,308
coddington,394329,0,ᚳᚩᛞᛞᛝᛏᚩᚾ,372
miscreant,394266,0,ᛗᛁᛋᚳᚱᛠᚾᛏ,376
osteitis,394218,0,ᚩᛋᛏᛖᛁᛏᛁᛋ,360
trickles,394210,0,ᛏᚱᛁᚳᚳᛚᛖᛋ,320
diluents,394073,0,ᛞᛁᛚᚢᛖᚾᛏᛋ,404
brandies,393902,0,ᛒᚱᚪᚾᛞᛁᛖᛋ,438
clansmen,393532,0,ᚳᛚᚪᚾᛋᛗᛖᚾ,432
restates,393455,0,ᚱᛖᛋᛏᚪᛏᛖᛋ,466
parasols,393247,0,ᛈᚪᚱᚪᛋᚩᛚᛋ,434
bluestem,392942,0,ᛒᛚᚢᛖᛋᛏᛖᛗ,454
valorous,392887,0,ᚢᚪᛚᚩᚱᚩᚢᛋ,254
penstock,392858,0,ᛈᛖᚾᛋᛏᚩᚳᚳ,284
cleverer,392818,0,ᚳᛚᛖᚢᛖᚱᛖᚱ,312
vonnegut,392766,0,ᚢᚩᚾᚾᛖᚷᚢᛏ,214
regicide,392631,0,ᚱᛖᚷᛁᚳᛁᛞᛖ,326
salmonid,392392,0,ᛋᚪᛚᛗᚩᚾᛁᛞ,450
locators,392389,0,ᛚᚩᚳᚪᛏᚩᚱᛋ,320
canopied,392277,0,ᚳᚪᚾᚩᛈᛁᛖᛞ,376
dwarfism,392239,0,ᛞᚹᚪᚱᚠᛁᛋᛗ,373
masseter,392064,0,ᛗᚪᛋᛋᛖᛏᛖᚱ,478
caustics,392009,0,ᚳᚪᚢᛋᛏᛁᚳᛋ,322
proofread,392008,0,ᛈᚱᚩᚩᚠᚱᛠᛞ,279
statical,391784,0,ᛋᛏᚪᛏᛁᚳᚪᛚ,482
dysarthria,391644,0,ᛞᚣᛋᚪᚱᚦᚱᛡ,476
trammels,391609,0,ᛏᚱᚪᛗᛗᛖᛚᛋ,502
sopranos,391429,0,ᛋᚩᛈᚱᚪᚾᚩᛋ,300
coolants,391383,0,ᚳᚩᚩᛚᚪᚾᛏᛋ,338
lampreys,391374,0,ᛚᚪᛗᛈᚱᛖᚣᛋ,518
gondolas,391208,0,ᚷᚩᚾᛞᚩᛚᚪᛋ,372
relegating,391142,0,ᚱᛖᛚᛖᚷᚪᛏᛝ,470
scilicet,391110,0,ᛋᚳᛁᛚᛁᚳᛖᛏ,340
stiletto,390989,0,ᛋᛏᛁᛚᛖᛏᛏᚩ,408
edwardes,390758,0,ᛖᛞᚹᚪᚱᛞᛖᛋ,492
ladylike,390667,0,ᛚᚪᛞᚣᛚᛁᚳᛖ,546
quietest,390601,0,ᚳᚹᛁᛖᛏᛖᛋᛏ,368
percepts,390522,0,ᛈᛖᚱᚳᛖᛈᛏᛋ,356
smallish,390450,0,ᛋᛗᚪᛚᛚᛁᛋᚻ,474
myxedema,390398,0,ᛗᚣᛉᛖᛞᛖᛗᚪ,612
debaters,390263,0,ᛞᛖᛒᚪᛏᛖᚱᛋ,504
angstroms,390234,0,ᚪᛝᛋᛏᚱᚩᛗᛋ,430
alehouse,390034,0,ᚪᛚᛖᚻᚩᚢᛋᛖ,390
twittering,389884,0,ᛏᚹᛁᛏᛏᛖᚱᛝ,384
flagpole,389830,0,ᚠᛚᚪᚷᛈᚩᛚᛖ,379
barabbas,389735,0,ᛒᚪᚱᚪᛒᛒᚪᛋ,538
submerging,389652,0,ᛋᚢᛒᛗᛖᚱᚷᛝ,362
cattleya,389627,0,ᚳᚪᛏᛏᛚᛖᚣᚪ,568
hospices,389538,0,ᚻᚩᛋᛈᛁᚳᛖᛋ,290
smoothest,389509,0,ᛋᛗᚩᚩᚦᛖᛋᛏ,322
kyphosis,389358,0,ᚳᚣᛈᚻᚩᛋᛁᛋ,326
pontifex,389303,0,ᛈᚩᚾᛏᛁᚠᛖᛉ,285
singaporean,389125,0,ᛋᛝᚪᛈᚩᚱᛠᚾ,428
haircuts,388496,0,ᚻᚪᛁᚱᚳᚢᛏᛋ,290
osteology,388495,0,ᚩᛋᛏᛇᛚᚩᚷᚣ,360
seedsmen,388404,0,ᛋᛖᛖᛞᛋᛗᛖᚾ,496
acrobats,388263,0,ᚪᚳᚱᚩᛒᚪᛏᛋ,398
condylar,388201,0,ᚳᚩᚾᛞᚣᛚᚪᚱ,422
pronation,387969,0,ᛈᚱᚩᚾᚪᛏᛡᚾ,382
machismo,387956,0,ᛗᚪᚳᚻᛁᛋᛗᚩ,366
mallarme,387676,0,ᛗᚪᛚᛚᚪᚱᛗᛖ,560
nonworking,387597,0,ᚾᚩᚾᚹᚩᚱᚳᛝ,194
svalbard,387391,0,ᛋᚢᚪᛚᛒᚪᚱᛞ,484
phosgene,387338,0,ᛈᚻᚩᛋᚷᛖᚾᛖ,306
geniality,386835,0,ᚷᛖᚾᛡᛚᛁᛏᚣ,486
grovelling,386772,0,ᚷᚱᚩᚢᛖᛚᛚᛝ,330
dislodging,386479,0,ᛞᛁᛋᛚᚩᛞᚷᛝ,438
relaxant,386422,0,ᚱᛖᛚᚪᛉᚪᚾᛏ,480
workaday,386351,0,ᚹᚩᚱᚳᚪᛞᚪᚣ,436
woodsman,386287,0,ᚹᚩᚩᛞᛋᛗᚪᚾ,372
infighting,386013,0,ᛁᚾᚠᛁᚷᚻᛏᛝ,271
nostrums,386008,0,ᚾᚩᛋᛏᚱᚢᛗᛋ,286
trachyte,385972,0,ᛏᚱᚪᚳᚻᚣᛏᛖ,432
aperiodic,385955,0,ᚪᛈᛖᚱᛡᛞᛁᚳ,458
videodisc,385853,0,ᚢᛁᛞᛇᛞᛁᛋᚳ,350
breakneck,385820,0,ᛒᚱᛠᚳᚾᛖᚳᚳ,316
bermudas,385715,0,ᛒᛖᚱᛗᚢᛞᚪᛋ,452
finalist,385652,0,ᚠᛁᚾᚪᛚᛁᛋᛏ,375
resounds,385583,0,ᚱᛖᛋᚩᚢᚾᛞᛋ,312
venality,385556,0,ᚢᛖᚾᚪᛚᛁᛏᚣ,462
iodinated,385410,0,ᛡᛞᛁᚾᚪᛏᛖᛞ,568
dalliance,385388,0,ᛞᚪᛚᛚᛡᚾᚳᛖ,548
relishes,385129,0,ᚱᛖᛚᛁᛋᚻᛖᛋ,378
beefsteak,385095,0,ᛒᛖᛖᚠᛋᛏᛠᚳ,431
acolytes,385071,0,ᚪᚳᚩᛚᚣᛏᛖᛋ,472
alledged,384765,0,ᚪᛚᛚᛖᛞᚷᛖᛞ,572
loanable,384703,0,ᛚᚩᚪᚾᚪᛒᛚᛖ,504
mazatlan,384658,0,ᛗᚪᛋᚪᛏᛚᚪᚾ,576
matriarch,384589,0,ᛗᚪᛏᚱᛡᚱᚳᚻ,392
foremast,384466,0,ᚠᚩᚱᛖᛗᚪᛋᛏ,367
helminths,384397,0,ᚻᛖᛚᛗᛁᚾᚦᛋ,352
accolade,384324,0,ᚪᚳᚳᚩᛚᚪᛞᛖ,456
rapports,384224,0,ᚱᚪᛈᛈᚩᚱᛏᛋ,324
wreckers,384188,0,ᚹᚱᛖᚳᚳᛖᚱᛋ,254
bemoaned,384152,0,ᛒᛖᛗᚩᚪᚾᛖᛞ,488
glitters,383954,0,ᚷᛚᛁᛏᛏᛖᚱᛋ,370
disdaining,383855,0,ᛞᛁᛋᛞᚪᛁᚾᛝ,498
johnsons,383798,0,ᛂᚩᚻᚾᛋᚩᚾᛋ,238
blanketing,383797,0,ᛒᛚᚪᚾᚳᛖᛏᛝ,478
jubilees,383648,0,ᛂᚢᛒᛁᛚᛖᛖᛋ,392
sisterly,383555,0,ᛋᛁᛋᛏᛖᚱᛚᚣ,450
choleric,383409,0,ᚳᚻᚩᛚᛖᚱᛁᚳ,238
panelist,383285,0,ᛈᚪᚾᛖᛚᛁᛋᛏ,452
coronoid,383069,0,ᚳᚩᚱᚩᚾᚩᛁᛞ,194
hilltops,383040,0,ᚻᛁᛚᛚᛏᚩᛈᛋ,362
doubters,382891,0,ᛞᚩᚢᛒᛏᛖᚱᛋ,350
subverts,382762,0,ᛋᚢᛒᚢᛖᚱᛏᛋ,310
resettle,382654,0,ᚱᛖᛋᛖᛏᛏᛚᛖ,456
pipework,382497,0,ᛈᛁᛈᛖᚹᚩᚱᚳ,234
sidekick,382416,0,ᛋᛁᛞᛖᚳᛁᚳᚳ,310
highbrow,381821,0,ᚻᛁᚷᚻᛒᚱᚩᚹ,192
siphoned,381743,0,ᛋᛁᛈᚻᚩᚾᛖᛞ,342
amalgams,381729,0,ᚪᛗᚪᛚᚷᚪᛗᛋ,576
robustly,381530,0,ᚱᚩᛒᚢᛋᛏᛚᚣ,370
caretaking,381511,0,ᚳᚪᚱᛖᛏᚪᚳᛝ,436
coachmen,381413,0,ᚳᚩᚪᚳᚻᛗᛖᚾ,320
trotters,381375,0,ᛏᚱᚩᛏᛏᛖᚱᛋ,326
cortices,381273,0,ᚳᚩᚱᛏᛁᚳᛖᛋ,254
alarmist,381257,0,ᚪᛚᚪᚱᛗᛁᛋᛏ,492
microglia,381099,0,ᛗᛁᚳᚱᚩᚷᛚᛡ,330
hexagons,381098,0,ᚻᛖᛉᚪᚷᚩᚾᛋ,340
unitized,380936,0,ᚢᚾᛁᛏᛁᛋᛖᛞ,362
inscribing,380919,0,ᛁᚾᛋᚳᚱᛁᛒᛝ,308
requited,380886,0,ᚱᛖᚳᚹᛁᛏᛖᛞ,356
disproving,380884,0,ᛞᛁᛋᛈᚱᚩᚢᛝ,316
paleogene,380759,0,ᛈᚪᛚᛇᚷᛖᚾᛖ,434
abrogating,380673,0,ᚪᛒᚱᚩᚷᚪᛏᛝ,428
enmities,380396,0,ᛖᚾᛗᛁᛏᛁᛖᛋ,408
pandanus,380095,0,ᛈᚪᚾᛞᚪᚾᚢᛋ,440
monoliths,380040,0,ᛗᚩᚾᚩᛚᛁᚦᛋ,276
applique,379920,0,ᚪᛈᛈᛚᛁᚳᚹᛖ,386
oestradiol,379722,0,ᛟᛋᛏᚱᚪᛞᛡᛚ,572
terrance,379674,0,ᛏᛖᚱᚱᚪᚾᚳᛖ,354
rebounding,379633,0,ᚱᛖᛒᚩᚢᚾᛞᛝ,346
caudally,379595,0,ᚳᚪᚢᛞᚪᛚᛚᚣ,548
catharina,379350,0,ᚳᚪᚦᚪᚱᛁᚾᚪ,380
overstep,379251,0,ᚩᚢᛖᚱᛋᛏᛖᛈ,310
unfrozen,379194,0,ᚢᚾᚠᚱᚩᛋᛖᚾ,201
plenteous,379187,0,ᛈᛚᛖᚾᛏᛇᚢᛋ,368
motorcar,379086,0,ᛗᚩᛏᚩᚱᚳᚪᚱ,276
revisers,379073,0,ᚱᛖᚢᛁᛋᛖᚱᛋ,296
sisyphus,378984,0,ᛋᛁᛋᚣᛈᚻᚢᛋ,362
terrapin,378860,0,ᛏᛖᚱᚱᚪᛈᛁᚾ,348
absurdum,378747,0,ᚪᛒᛋᚢᚱᛞᚢᛗ,388
deforest,378595,0,ᛞᛖᚠᚩᚱᛖᛋᛏ,355
psalmody,378537,0,ᛈᛋᚪᛚᛗᚩᛞᚣ,536
veneered,378318,0,ᚢᛖᚾᛖᛖᚱᛖᛞ,400
thereabout,378001,0,ᚦᛖᚱᛠᛒᚩᚢᛏ,322
fritters,377976,0,ᚠᚱᛁᛏᛏᛖᚱᛋ,293
reliques,377491,0,ᚱᛖᛚᛁᚳᚹᛖᛋ,334
petechiae,377470,0,ᛈᛖᛏᛖᚳᚻᛡᛖ,446
analects,377412,0,ᚪᚾᚪᛚᛖᚳᛏᛋ,488
unedited,377268,0,ᚢᚾᛖᛞᛁᛏᛖᛞ,434
unicorns,377194,0,ᚢᚾᛁᚳᚩᚱᚾᛋ,176
lithotomy,376783,0,ᛚᛁᚦᚩᛏᚩᛗᚣ,356
medecine,376429,0,ᛗᛖᛞᛖᚳᛁᚾᛖ,434
mainmast,376323,0,ᛗᚪᛁᚾᛗᚪᛋᛏ,508
amperage,376265,0,ᚪᛗᛈᛖᚱᚪᚷᛖ,470
mouthfuls,376133,0,ᛗᚩᚢᚦᚠᚢᛚᛋ,217
enfolded,376043,0,ᛖᚾᚠᚩᛚᛞᛖᛞ,423
confides,375908,0,ᚳᚩᚾᚠᛁᛞᛖᛋ,291
betrayer,375802,0,ᛒᛖᛏᚱᚪᚣᛖᚱ,476
potemkin,375641,0,ᛈᚩᛏᛖᛗᚳᛁᚾ,320
shredder,375534,0,ᛋᚻᚱᛖᛞᛞᛖᚱ,410
christos,375292,0,ᚳᚻᚱᛁᛋᛏᚩᛋ,250
backdoor,375215,0,ᛒᚪᚳᚳᛞᚩᚩᚱ,298
refluxed,374776,0,ᚱᛖᚠᛚᚢᛉᛖᛞ,359
cyrillic,374672,0,ᚳᚣᚱᛁᛚᛚᛁᚳ,348
hummocks,374648,0,ᚻᚢᛗᛗᚩᚳᚳᛋ,254
mutilating,374308,0,ᛗᚢᛏᛁᛚᚪᛏᛝ,472
dijkstra,374293,0,ᛞᛁᛂᚳᛋᛏᚱᚪ,390
nativist,373878,0,ᚾᚪᛏᛁᚢᛁᛋᛏ,362
helianthus,373757,0,ᚻᛖᛚᛡᚾᚦᚢᛋ,360
loitered,373736,0,ᛚᚩᛁᛏᛖᚱᛖᛞ,404
newsboys,373704,0,ᚾᛖᚹᛋᛒᚩᚣᛋ,392
overplus,373564,0,ᚩᚢᛖᚱᛈᛚᚢᛋ,260
volitions,373477,0,ᚢᚩᛚᛁᛏᛡᚾᛋ,362
numinous,373470,0,ᚾᚢᛗᛁᚾᚩᚢᛋ,226
orgasmic,373362,0,ᚩᚱᚷᚪᛋᛗᛁᚳ,300
renumber,373322,0,ᚱᛖᚾᚢᛗᛒᛖᚱ,320
ambushes,373194,0,ᚪᛗᛒᚢᛋᚻᛖᛋ,428
sclerite,373085,0,ᛋᚳᛚᛖᚱᛁᛏᛖ,374
generics,372904,0,ᚷᛖᚾᛖᚱᛁᚳᛋ,288
banditry,372899,0,ᛒᚪᚾᛞᛁᛏᚱᚣ,480
roasters,372856,0,ᚱᚩᚪᛋᛏᛖᚱᛋ,358
brooders,372728,0,ᛒᚱᚩᚩᛞᛖᚱᛋ,306
sicilians,372668,0,ᛋᛁᚳᛁᛚᛡᚾᛋ,390
parietes,372405,0,ᛈᚪᚱᛁᛖᛏᛖᛋ,428
strychnia,372266,0,ᛋᛏᚱᚣᚳᚻᚾᛡ,398
teratoma,372238,0,ᛏᛖᚱᚪᛏᚩᛗᚪ,468
skittish,372168,0,ᛋᚳᛁᛏᛏᛁᛋᚻ,322
flaunted,372047,0,ᚠᛚᚪᚢᚾᛏᛖᛞ,419
maturely,371831,0,ᛗᚪᛏᚢᚱᛖᛚᚣ,484
nonsmoking,371618,0,ᚾᚩᚾᛋᛗᚩᚳᛝ,288
erodible,371257,0,ᛖᚱᚩᛞᛁᛒᛚᛖ,406
martinet,371180,0,ᛗᚪᚱᛏᛁᚾᛖᛏ,424
wrongness,371175,0,ᚹᚱᚩᛝᚾᛖᛋᛋ,318
tungstate,370749,0,ᛏᚢᛝᛋᛏᚪᛏᛖ,476
desolating,370749,0,ᛞᛖᛋᚩᛚᚪᛏᛝ,524
sunburnt,370547,0,ᛋᚢᚾᛒᚢᚱᚾᛏ,248
improver,370433,0,ᛁᛗᛈᚱᚩᚢᛖᚱ,244
keepsake,370406,0,ᚳᛖᛖᛈᛋᚪᚳᛖ,420
aleutians,370255,0,ᚪᛚᛖᚢᛏᛡᚾᛋ,488
consigning,370204,0,ᚳᚩᚾᛋᛁᚷᚾᛝ,258
twitches,370077,0,ᛏᚹᛁᛏᚳᚻᛖᛋ,324
lordosis,369832,0,ᛚᚩᚱᛞᚩᛋᛁᛋ,324
disjunct,369752,0,ᛞᛁᛋᛂᚢᚾᚳᛏ,314
palenque,369529,0,ᛈᚪᛚᛖᚾᚳᚹᛖ,408
almsgiving,369487,0,ᚪᛚᛗᛋᚷᛁᚢᛝ,424
flatware,369423,0,ᚠᛚᚪᛏᚹᚪᚱᛖ,425
spoilers,369250,0,ᛋᛈᚩᛁᛚᛖᚱᛋ,338
startups,369223,0,ᛋᛏᚪᚱᛏᚢᛈᛋ,378
excursus,369112,0,ᛖᛉᚳᚢᚱᛋᚢᛋ,250
martinis,368844,0,ᛗᚪᚱᛏᛁᚾᛁᛋ,382
crannies,368776,0,ᚳᚱᚪᚾᚾᛁᛖᛋ,330
espousal,368765,0,ᛖᛋᛈᚩᚢᛋᚪᛚ,396
secundus,368740,0,ᛋᛖᚳᚢᚾᛞᚢᛋ,310
parodied,368513,0,ᛈᚪᚱᚩᛞᛁᛖᛞ,434
airstream,368387,0,ᚪᛁᚱᛋᛏᚱᛠᛗ,442
herniated,368158,0,ᚻᛖᚱᚾᛡᛏᛖᛞ,452
dossiers,368123,0,ᛞᚩᛋᛋᛁᛖᚱᛋ,364
begrudge,367855,0,ᛒᛖᚷᚱᚢᛞᚷᛖ,332
forefoot,367419,0,ᚠᚩᚱᛖᚠᚩᚩᛏ,162
frascati,367383,0,ᚠᚱᚪᛋᚳᚪᛏᛁ,363
lightens,366990,0,ᛚᛁᚷᚻᛏᛖᚾᛋ,352
pretzels,366922,0,ᛈᚱᛖᛏᛋᛖᛚᛋ,426
sabotaging,366732,0,ᛋᚪᛒᚩᛏᚪᚷᛝ,470
spiralis,366683,0,ᛋᛈᛁᚱᚪᛚᛁᛋ,392
wainscot,366557,0,ᚹᚪᛁᚾᛋᚳᚩᛏ,308
carthusian,366384,0,ᚳᚪᚱᚦᚢᛋᛡᚾ,318
noontide,366315,0,ᚾᚩᚩᚾᛏᛁᛞᛖ,318
thorstein,366024,0,ᚦᚩᚱᛋᛏᛖᛁᚾ,262
serratus,365756,0,ᛋᛖᚱᚱᚪᛏᚢᛋ,354
bagpipes,365751,0,ᛒᚪᚷᛈᛁᛈᛖᛋ,412
haematite,365675,0,ᚻᚫᛗᚪᛏᛁᛏᛖ,508
rotative,365673,0,ᚱᚩᛏᚪᛏᛁᚢᛖ,334
tragedian,365618,0,ᛏᚱᚪᚷᛖᛞᛡᚾ,476
watermen,365524,0,ᚹᚪᛏᛖᚱᛗᛖᚾ,420
palettes,365400,0,ᛈᚪᛚᛖᛏᛏᛖᛋ,518
desponding,365366,0,ᛞᛖᛋᛈᚩᚾᛞᛝ,456
doxology,365358,0,ᛞᚩᛉᚩᛚᚩᚷᚣ,350
whiskies,365284,0,ᚹᚻᛁᛋᚳᛁᛖᛋ,290
scampering,365102,0,ᛋᚳᚪᛗᛈᛖᚱᛝ,434
cuboidal,365018,0,ᚳᚢᛒᚩᛁᛞᚪᛚ,374
rephrase,364991,0,ᚱᛖᛈᚻᚱᚪᛋᛖ,372
stylised,364827,0,ᛋᛏᚣᛚᛁᛋᛖᛞ,528
benumbed,364784,0,ᛒᛖᚾᚢᛗᛒᛖᛞ,448
canticle,364693,0,ᚳᚪᚾᛏᛁᚳᛚᛖ,382
folksongs,364676,0,ᚠᚩᛚᚳᛋᚩᛝᛋ,287
longhouse,364645,0,ᛚᚩᛝᚻᚩᚢᛋᛖ,312
giraffes,364545,0,ᚷᛁᚱᚪᚠᚠᛖᛋ,280
insanely,364154,0,ᛁᚾᛋᚪᚾᛖᛚᚣ,482
makepeace,363629,0,ᛗᚪᚳᛖᛈᛠᚳᛖ,480
wildfowl,363434,0,ᚹᛁᛚᛞᚠᚩᚹᛚ,313
imposter,363394,0,ᛁᛗᛈᚩᛋᛏᛖᚱ,342
arcturus,363385,0,ᚪᚱᚳᛏᚢᚱᚢᛋ,250
graziers,363292,0,ᚷᚱᚪᛋᛁᛖᚱᛋ,340
olivetti,363247,0,ᚩᛚᛁᚢᛖᛏᛏᛁ,330
forepart,362873,0,ᚠᚩᚱᛖᛈᚪᚱᛏ,297
hepatica,362589,0,ᚻᛖᛈᚪᛏᛁᚳᚪ,430
contenting,362522,0,ᚳᚩᚾᛏᛖᚾᛏᛝ,342
dreamless,362487,0,ᛞᚱᛠᛗᛚᛖᛋᛋ,526
starship,362445,0,ᛋᛏᚪᚱᛋᚻᛁᛈ,370
montreux,362422,0,ᛗᚩᚾᛏᚱᛖᚢᛉ,294
recliner,362358,0,ᚱᛖᚳᛚᛁᚾᛖᚱ,302
audiotape,362150,0,ᚪᚢᛞᛡᛏᚪᛈᛖ,562
backflow,362122,0,ᛒᚪᚳᚳᚠᛚᚩᚹ,285
waldheim,361861,0,ᚹᚪᛚᛞᚻᛖᛁᛗ,470
vesalius,361419,0,ᚢᛖᛋᚪᛚᛁᚢᛋ,380
betatron,361284,0,ᛒᛖᛏᚪᛏᚱᚩᚾ,390
escapees,361095,0,ᛖᛋᚳᚪᛈᛖᛖᛋ,460
newscast,361085,0,ᚾᛖᚹᛋᚳᚪᛋᛏ,390
chastening,361007,0,ᚳᚻᚪᛋᛏᛖᚾᛝ,420
holdover,360931,0,ᚻᚩᛚᛞᚩᚢᛖᚱ,280
inanition,360864,0,ᛁᚾᚪᚾᛁᛏᛡᚾ,412
couscous,360759,0,ᚳᚩᚢᛋᚳᚩᚢᛋ,152
threatenings,360721,0,ᚦᚱᛠᛏᛖᚾᛝᛋ,412
kickback,360575,0,ᚳᛁᚳᚳᛒᚪᚳᚳ,254
bosporus,360410,0,ᛒᚩᛋᛈᚩᚱᚢᛋ,238
rootless,360380,0,ᚱᚩᚩᛏᛚᛖᛋᛋ,330
sensorial,360345,0,ᛋᛖᚾᛋᚩᚱᛡᛚ,400
vocative,359994,0,ᚢᚩᚳᚪᛏᛁᚢᛖ,280
scotsmen,359929,0,ᛋᚳᚩᛏᛋᛗᛖᚾ,352
cutworms,359830,0,ᚳᚢᛏᚹᚩᚱᛗᛋ,236
larboard,359811,0,ᛚᚪᚱᛒᚩᚪᚱᛞ,446
windowed,359592,0,ᚹᛁᚾᛞᚩᚹᛖᛞ,350
clausius,359559,0,ᚳᛚᚪᚢᛋᛁᚢᛋ,326
reassessing,359386,0,ᚱᛠᛋᛋᛖᛋᛋᛝ,478
toughening,359377,0,ᛏᚩᚢᚷᚻᛖᚾᛝ,284
chenille,359212,0,ᚳᚻᛖᚾᛁᛚᛚᛖ,376
apprized,359176,0,ᚪᛈᛈᚱᛁᛋᛖᛞ,434
nomogram,358845,0,ᚾᚩᛗᚩᚷᚱᚪᛗ,310
congeries,358784,0,ᚳᚩᛝᛖᚱᛁᛖᛋ,328
unimodal,358731,0,ᚢᚾᛁᛗᚩᛞᚪᛚ,400
mealtimes,358475,0,ᛗᛠᛚᛏᛁᛗᛖᛋ,534
acrolein,358339,0,ᚪᚳᚱᚩᛚᛖᛁᚾ,328
hieratic,358326,0,ᚻᛁᛖᚱᚪᛏᛁᚳ,332
cinereous,358121,0,ᚳᛁᚾᛖᚱᛇᚢᛋ,248
fleetingly,358036,0,ᚠᛚᛖᛖᛏᛝᛚᚣ,523
subtlest,357915,0,ᛋᚢᛒᛏᛚᛖᛋᛏ,428
chaperon,357832,0,ᚳᚻᚪᛈᛖᚱᚩᚾ,290
changeful,357738,0,ᚳᚻᚪᛝᛖᚠᚢᛚ,357
malarious,357719,0,ᛗᚪᛚᚪᚱᛡᚢᛋ,512
hudibras,357660,0,ᚻᚢᛞᛁᛒᚱᚪᛋ,368
sureness,357614,0,ᛋᚢᚱᛖᚾᛖᛋᛋ,336
vanzetti,357542,0,ᚢᚪᚾᛋᛖᛏᛏᛁ,398
utilises,357506,0,ᚢᛏᛁᛚᛁᛋᛖᛋ,370
moralism,357318,0,ᛗᚩᚱᚪᛚᛁᛋᛗ,414
reissues,357229,0,ᚱᛖᛁᛋᛋᚢᛖᛋ,338
unblinking,357224,0,ᚢᚾᛒᛚᛁᚾᚳᛝ,318
shotwell,357091,0,ᛋᚻᚩᛏᚹᛖᛚᛚ,374
hellfire,356942,0,ᚻᛖᛚᛚᚠᛁᚱᛖ,347
freighting,356679,0,ᚠᚱᛖᛁᚷᚻᛏᛝ,289
porticoes,356409,0,ᛈᚩᚱᛏᛁᚳᛟᛋ,300
sorbents,356348,0,ᛋᚩᚱᛒᛖᚾᛏᛋ,340
farrowed,355954,0,ᚠᚪᚱᚱᚩᚹᛖᛞ,303
huntress,355848,0,ᚻᚢᚾᛏᚱᛖᛋᛋ,298
scrabble,355611,0,ᛋᚳᚱᚪᛒᛒᛚᛖ,436
expatiate,355552,0,ᛖᛉᛈᚪᛏᛡᛏᛖ,546
cercariae,355388,0,ᚳᛖᚱᚳᚪᚱᛡᛖ,386
gargoyle,355307,0,ᚷᚪᚱᚷᚩᚣᛚᛖ,392
mucinous,355117,0,ᛗᚢᚳᛁᚾᚩᚢᛋ,210
collides,354994,0,ᚳᚩᛚᛚᛁᛞᛖᛋ,406
legionary,354884,0,ᛚᛖᚷᛡᚾᚪᚱᚣ,504
harbingers,354459,0,ᚻᚪᚱᛒᛝᛖᚱᛋ,402
baronies,354261,0,ᛒᚪᚱᚩᚾᛁᛖᛋ,356
dateline,353822,0,ᛞᚪᛏᛖᛚᛁᚾᛖ,512
suzerain,353585,0,ᛋᚢᛋᛖᚱᚪᛁᚾ,344
hindemith,353481,0,ᚻᛁᚾᛞᛖᛗᛁᚦ,346
sibilant,353334,0,ᛋᛁᛒᛁᛚᚪᚾᛏ,434
tularemia,352946,0,ᛏᚢᛚᚪᚱᛖᛗᛡ,488
meshwork,352939,0,ᛗᛖᛋᚻᚹᚩᚱᚳ,264
fenestra,352916,0,ᚠᛖᚾᛖᛋᛏᚱᚪ,385
chevrons,352888,0,ᚳᚻᛖᚢᚱᚩᚾᛋ,206
uninviting,352782,0,ᚢᚾᛁᚾᚢᛁᛏᛝ,264
beerbohm,352736,0,ᛒᛖᛖᚱᛒᚩᚻᛗ,368
gunpoint,352537,0,ᚷᚢᚾᛈᚩᛁᚾᛏ,218
massages,352267,0,ᛗᚪᛋᛋᚪᚷᛖᛋ,508
succours,351933,0,ᛋᚢᚳᚳᚩᚢᚱᛋ,156
billowed,351863,0,ᛒᛁᛚᛚᚩᚹᛖᛞ,420
turbofan,351448,0,ᛏᚢᚱᛒᚩᚠᚪᚾ,269
buckshot,351331,0,ᛒᚢᚳᚳᛋᚻᚩᛏ,232
maronite,351213,0,ᛗᚪᚱᚩᚾᛁᛏᛖ,372
cockatoo,351116,0,ᚳᚩᚳᚳᚪᛏᚩᚩ,216
neckties,350985,0,ᚾᛖᚳᚳᛏᛁᛖᛋ,332
oxymoron,350664,0,ᚩᛉᚣᛗᚩᚱᚩᚾ,282
ethmoidal,350558,0,ᛖᚦᛗᚩᛁᛞᚪᛚ,440
triploid,350545,0,ᛏᚱᛁᛈᛚᚩᛁᛞ,344
penology,350514,0,ᛈᛖᚾᚩᛚᚩᚷᚣ,346
theravada,350415,0,ᚦᛖᚱᚪᚢᚪᛞᚪ,466
espouses,350285,0,ᛖᛋᛈᚩᚢᛋᛖᛋ,346
storeyed,350226,0,ᛋᛏᚩᚱᛖᚣᛖᛞ,456
awakenings,350103,0,ᚪᚹᚪᚳᛖᚾᛝᛋ,454
bloomers,350061,0,ᛒᛚᚩᚩᛗᛖᚱᛋ,350
passives,350035,0,ᛈᚪᛋᛋᛁᚢᛖᛋ,400
worthiest,349865,0,ᚹᚩᚱᚦᛁᛖᛋᛏ,252
woolsack,349738,0,ᚹᚩᚩᛚᛋᚪᚳᚳ,282
antedating,349679,0,ᚪᚾᛏᛖᛞᚪᛏᛝ,576
stardust,349670,0,ᛋᛏᚪᚱᛞᚢᛋᛏ,424
antedate,349515,0,ᚪᚾᛏᛖᛞᚪᛏᛖ,564
cerenkov,349443,0,ᚳᛖᚱᛖᚾᚳᚩᚢ,210
becalmed,349392,0,ᛒᛖᚳᚪᛚᛗᛖᛞ,538
anorthite,349195,0,ᚪᚾᚩᚱᚦᛁᛏᛖ,306
tantalus,349116,0,ᛏᚪᚾᛏᚪᛚᚢᛋ,470
enthralling,348983,0,ᛖᚾᚦᚱᚪᛚᛚᛝ,434
befitted,348719,0,ᛒᛖᚠᛁᛏᛏᛖᛞ,435
blackleg,348596,0,ᛒᛚᚪᚳᚳᛚᛖᚷ,414
racialism,348572,0,ᚱᚪᚳᛡᛚᛁᛋᛗ,456
landsman,348473,0,ᛚᚪᚾᛞᛋᛗᚪᚾ,538
funneled,348357,0,ᚠᚢᚾᚾᛖᛚᛖᛞ,359
puissant,348192,0,ᛈᚢᛁᛋᛋᚪᚾᛏ,368
stavanger,347880,0,ᛋᛏᚪᚢᚪᛝᛖᚱ,466
opencast,347872,0,ᚩᛈᛖᚾᚳᚪᛋᛏ,368
prejudge,347537,0,ᛈᚱᛖᛂᚢᛞᚷᛖ,334
ziegfeld,347391,0,ᛋᛁᛖᚷᚠᛖᛚᛞ,399
raindrop,347388,0,ᚱᚪᛁᚾᛞᚱᚩᛈ,318
headlamps,347264,0,ᚻᛠᛞᛚᚪᛗᛈᛋ,558
stanchion,347199,0,ᛋᛏᚪᚾᚳᚻᛡᚾ,410
ogallala,347112,0,ᚩᚷᚪᛚᛚᚪᛚᚪ,534
vaporous,347043,0,ᚢᚪᛈᚩᚱᚩᚢᛋ,224
varnishing,346916,0,ᚢᚪᚱᚾᛁᛋᚻᛝ,326
sloughed,346848,0,ᛋᛚᚩᚢᚷᚻᛖᛞ,332
hardiest,346845,0,ᚻᚪᚱᛞᛁᛖᛋᛏ,430
travails,346512,0,ᛏᚱᚪᚢᚪᛁᛚᛋ,424
rickover,346434,0,ᚱᛁᚳᚳᚩᚢᛖᚱ,156
poleward,346403,0,ᛈᚩᛚᛖᚹᚪᚱᛞ,406
balancer,346036,0,ᛒᚪᛚᚪᚾᚳᛖᚱ,448
teenaged,345937,0,ᛏᛖᛖᚾᚪᚷᛖᛞ,492
lexicons,345896,0,ᛚᛖᛉᛁᚳᚩᚾᛋ,320
footfall,345695,0,ᚠᚩᚩᛏᚠᚪᛚᛚ,320
realigned,345641,0,ᚱᛠᛚᛁᚷᚾᛖᛞ,426
decoders,345616,0,ᛞᛖᚳᚩᛞᛖᚱᛋ,396
exorcist,345580,0,ᛖᛉᚩᚱᚳᛁᛋᛏ,288
gridlock,345477,0,ᚷᚱᛁᛞᛚᚩᚳᚳ,254
moldavian,345375,0,ᛗᚩᛚᛞᚪᚢᛡᚾ,476
reliever,345293,0,ᚱᛖᛚᛁᛖᚢᛖᚱ,330
passerby,345274,0,ᛈᚪᛋᛋᛖᚱᛒᚣ,488
brocades,345216,0,ᛒᚱᚩᚳᚪᛞᛖᛋ,398
potestas,345068,0,ᛈᚩᛏᛖᛋᛏᚪᛋ,438
unsought,344795,0,ᚢᚾᛋᚩᚢᚷᚻᛏ,194
handbill,344454,0,ᚻᚪᚾᛞᛒᛁᛚᛚ,476
wallsend,344357,0,ᚹᚪᛚᛚᛋᛖᚾᛞ,500
nurtures,344308,0,ᚾᚢᚱᛏᚢᚱᛖᛋ,236
stunningly,344305,0,ᛋᛏᚢᚾᚾᛝᛚᚣ,428
inverses,344300,0,ᛁᚾᚢᛖᚱᛋᛖᛋ,314
trenched,344284,0,ᛏᚱᛖᚾᚳᚻᛖᛞ,358
posthumus,343939,0,ᛈᚩᛋᚦᚢᛗᚢᛋ,238
swatches,343731,0,ᛋᚹᚪᛏᚳᚻᛖᛋ,384
timbuktu,343709,0,ᛏᛁᛗᛒᚢᚳᛏᚢ,300
macphail,343049,0,ᛗᚪᚳᛈᚻᚪᛁᛚ,448
arthralgia,343023,0,ᚪᚱᚦᚱᚪᛚᚷᛡ,418
southdown,342944,0,ᛋᚩᚢᚦᛞᚩᚹᚾ,212
mutinies,342818,0,ᛗᚢᛏᛁᚾᛁᛖᛋ,344
reassures,342369,0,ᚱᛠᛋᛋᚢᚱᛖᛋ,360
torrence,342365,0,ᛏᚩᚱᚱᛖᚾᚳᛖ,264
shawnees,341739,0,ᛋᚻᚪᚹᚾᛖᛖᛋ,408
sweatshop,341626,0,ᛋᚹᛠᛏᛋᚻᚩᛈ,366
animator,341622,0,ᚪᚾᛁᛗᚪᛏᚩᚱ,402
ejectors,341586,0,ᛖᛂᛖᚳᛏᚩᚱᛋ,314
prevision,341263,0,ᛈᚱᛖᚢᛁᛋᛡᚾ,344
backhand,341229,0,ᛒᚪᚳᚳᚻᚪᚾᛞ,422
opposers,341026,0,ᚩᛈᛈᚩᛋᛖᚱᛋ,284
dribbled,341017,0,ᛞᚱᛁᛒᛒᛚᛖᛞ,482
playtime,340816,0,ᛈᛚᚪᚣᛏᛁᛗᛖ,544
disables,340622,0,ᛞᛁᛋᚪᛒᛚᛖᛋ,524
olfaction,340485,0,ᚩᛚᚠᚪᚳᛏᛡᚾ,387
cornbread,339880,0,ᚳᚩᚱᚾᛒᚱᛠᛞ,330
escapist,339782,0,ᛖᛋᚳᚪᛈᛁᛋᛏ,416
corollas,339630,0,ᚳᚩᚱᚩᛚᛚᚪᛋ,334
spaniels,339413,0,ᛋᛈᚪᚾᛁᛖᛚᛋ,446
paralysing,339025,0,ᛈᚪᚱᚪᛚᚣᛋᛝ,556
weighers,338838,0,ᚹᛖᛁᚷᚻᛖᚱᛋ,288
plantago,338659,0,ᛈᛚᚪᚾᛏᚪᚷᚩ,422
magnolias,338599,0,ᛗᚪᚷᚾᚩᛚᛡᛋ,454
throwaway,338576,0,ᚦᚱᚩᚹᚪᚹᚪᚣ,358
perelman,338524,0,ᛈᛖᚱᛖᛚᛗᚪᚾ,458
tenesmus,338513,0,ᛏᛖᚾᛖᛋᛗᚢᛋ,402
hoodlums,338458,0,ᚻᚩᚩᛞᛚᚢᛗᛋ,326
savoured,338325,0,ᛋᚪᚢᚩᚢᚱᛖᛞ,330
helpmate,338137,0,ᚻᛖᛚᛈᛗᚪᛏᛖ,500
kerosine,338032,0,ᚳᛖᚱᚩᛋᛁᚾᛖ,278
encoders,337888,0,ᛖᚾᚳᚩᛞᛖᚱᛋ,336
conferee,337855,0,ᚳᚩᚾᚠᛖᚱᛖᛖ,263
gainsaid,337705,0,ᚷᚪᛁᚾᛋᚪᛁᛞ,444
brindisi,337696,0,ᛒᚱᛁᚾᛞᛁᛋᛁ,336
frighted,337479,0,ᚠᚱᛁᚷᚻᛏᛖᛞ,299
shadrach,337189,0,ᛋᚻᚪᛞᚱᚪᚳᚻ,406
rewrites,337174,0,ᚱᛖᚹᚱᛁᛏᛖᛋ,318
subsumes,337170,0,ᛋᚢᛒᛋᚢᛗᛖᛋ,364
raceways,337147,0,ᚱᚪᚳᛖᚹᚪᚣᛋ,460
refocusing,337095,0,ᚱᛖᚠᚩᚳᚢᛋᛝ,235
spiraled,337050,0,ᛋᛈᛁᚱᚪᛚᛖᛞ,464
nitriles,336843,0,ᚾᛁᛏᚱᛁᛚᛖᛋ,354
tactless,336771,0,ᛏᚪᚳᛏᛚᛖᛋᛋ,474
sixpenny,336555,0,ᛋᛁᛉᛈᛖᚾᚾᚣ,402
tyramine,336495,0,ᛏᚣᚱᚪᛗᛁᚾᛖ,468
comports,336415,0,ᚳᚩᛗᛈᚩᚱᛏᛋ,264
outpaced,336314,0,ᚩᚢᛏᛈᚪᚳᛖᛞ,378
nominals,336254,0,ᚾᚩᛗᛁᚾᚪᛚᛋ,390
oxidases,336221,0,ᚩᛉᛁᛞᚪᛋᛖᛋ,444
issachar,336215,0,ᛁᛋᛋᚪᚳᚻᚪᚱ,378
riddance,335987,0,ᚱᛁᛞᛞᚪᚾᚳᛖ,426
villeins,335243,0,ᚢᛁᛚᛚᛖᛁᚾᛋ,360
homeroom,335225,0,ᚻᚩᛗᛖᚱᚩᚩᛗ,264
issuable,335033,0,ᛁᛋᛋᚢᚪᛒᛚᛖ,438
altamira,334769,0,ᚪᛚᛏᚪᛗᛁᚱᚪ,536
diasporas,334685,0,ᛞᛡᛋᛈᚩᚱᚪᛋ,460
clamours,334596,0,ᚳᛚᚪᛗᚩᚢᚱᛋ,328
phantasm,334558,0,ᛈᚻᚪᚾᛏᚪᛋᛗ,472
eventide,334524,0,ᛖᚢᛖᚾᛏᛁᛞᛖ,412
inkstand,334434,0,ᛁᚾᚳᛋᛏᚪᚾᛞ,400
fetishes,334400,0,ᚠᛖᛏᛁᛋᚻᛖᛋ,355
unhooked,334287,0,ᚢᚾᚻᚩᚩᚳᛖᛞ,238
evildoers,334285,0,ᛖᚢᛁᛚᛞᛟᚱᛋ,410
haematoma,334045,0,ᚻᚫᛗᚪᛏᚩᛗᚪ,526
titmouse,333878,0,ᛏᛁᛏᛗᚩᚢᛋᛖ,350
impasses,333828,0,ᛁᛗᛈᚪᛋᛋᛖᛋ,468
anabasis,333736,0,ᚪᚾᚪᛒᚪᛋᛁᛋ,518
bluebeard,333705,0,ᛒᛚᚢᛖᛒᛠᚱᛞ,474
albinism,333635,0,ᚪᛚᛒᛁᚾᛁᛋᛗ,446
retarder,333338,0,ᚱᛖᛏᚪᚱᛞᛖᚱ,412
schillings,333251,0,ᛋᚳᚻᛁᛚᛚᛝᛋ,398
areopagus,333027,0,ᚪᚱᛇᛈᚪᚷᚢᛋ,362
mutterings,332975,0,ᛗᚢᛏᛏᛖᚱᛝᛋ,402
bisection,332573,0,ᛒᛁᛋᛖᚳᛏᛡᚾ,420
disdains,332379,0,ᛞᛁᛋᛞᚪᛁᚾᛋ,472
unshaded,332289,0,ᚢᚾᛋᚻᚪᛞᛖᛞ,450
saliency,332224,0,ᛋᚪᛚᛁᛖᚾᚳᚣ,466
crackles,332180,0,ᚳᚱᚪᚳᚳᛚᛖᛋ,340
crawlers,331933,0,ᚳᚱᚪᚹᛚᛖᚱᛋ,344
pilaster,331762,0,ᛈᛁᛚᚪᛋᛏᛖᚱ,434
humanize,331699,0,ᚻᚢᛗᚪᚾᛁᛋᛖ,374
greatcoat,331442,0,ᚷᚱᛠᛏᚳᚩᚪᛏ,372
presages,331433,0,ᛈᚱᛖᛋᚪᚷᛖᛋ,408
pinafore,331342,0,ᛈᛁᚾᚪᚠᚩᚱᛖ,287
diazonium,331166,0,ᛞᛡᛋᚩᚾᛁᚢᛗ,390
foreplay,331140,0,ᚠᚩᚱᛖᛈᛚᚪᚣ,403
maitreya,330959,0,ᛗᚪᛁᛏᚱᛖᚣᚪ,536
rhomboid,330946,0,ᚱᚻᚩᛗᛒᚩᛁᛞ,300
plummeting,330904,0,ᛈᛚᚢᛗᛗᛖᛏᛝ,466
harriers,330765,0,ᚻᚪᚱᚱᛁᛖᚱᛋ,304
tenerife,330700,0,ᛏᛖᚾᛖᚱᛁᚠᛖ,333
heritors,330684,0,ᚻᛖᚱᛁᛏᚩᚱᛋ,262
mandrake,330681,0,ᛗᚪᚾᛞᚱᚪᚳᛖ,474
enlarger,330610,0,ᛖᚾᛚᚪᚱᚷᛖᚱ,372
taliesin,330498,0,ᛏᚪᛚᛁᛖᛋᛁᚾ,440
startles,330452,0,ᛋᛏᚪᚱᛏᛚᛖᛋ,472
eucalypt,330383,0,ᛖᚢᚳᚪᛚᚣᛈᛏ,458
foundering,330267,0,ᚠᚩᚢᚾᛞᛖᚱᛝ,287
marinate,330249,0,ᛗᚪᚱᛁᚾᚪᛏᛖ,462
bobwhite,330075,0,ᛒᚩᛒᚹᚻᛁᛏᛖ,328
foulness,330001,0,ᚠᚩᚢᛚᚾᛖᛋᛋ,287
gaullist,329828,0,ᚷᚪᚢᛚᛚᛁᛋᛏ,406
codeword,329793,0,ᚳᚩᛞᛖᚹᚩᚱᛞ,302
swindled,329778,0,ᛋᚹᛁᚾᛞᛚᛖᛞ,450
arrogate,329777,0,ᚪᚱᚱᚩᚷᚪᛏᛖ,366
unappealing,329737,0,ᚢᚾᚪᛈᛈᛠᛚᛝ,476
skinless,329470,0,ᛋᚳᛁᚾᛚᛖᛋᛋ,372
croppers,329355,0,ᚳᚱᚩᛈᛈᛖᚱᛋ,248
escapism,329337,0,ᛖᛋᚳᚪᛈᛁᛋᛗ,428
oftenest,329308,0,ᚩᚠᛏᛖᚾᛖᛋᛏ,343
wellspring,329122,0,ᚹᛖᛚᛚᛋᛈᚱᛝ,418
babyhood,328850,0,ᛒᚪᛒᚣᚻᚩᚩᛞ,448
tamarisk,328787,0,ᛏᚪᛗᚪᚱᛁᛋᚳ,432
calamine,328675,0,ᚳᚪᛚᚪᛗᛁᚾᛖ,478
showcasing,328670,0,ᛋᚻᚩᚹᚳᚪᛋᛝ,344
antinomy,328423,0,ᚪᚾᛏᛁᚾᚩᛗᚣ,426
recreates,328381,0,ᚱᛖᚳᚱᛠᛏᛖᛋ,390
braggart,328172,0,ᛒᚱᚪᚷᚷᚪᚱᛏ,370
apostacy,327926,0,ᚪᛈᚩᛋᛏᚪᚳᚣ,472
tartarus,327898,0,ᛏᚪᚱᛏᚪᚱᚢᛋ,390
vintners,327884,0,ᚢᛁᚾᛏᚾᛖᚱᛋ,282
semitone,327871,0,ᛋᛖᛗᛁᛏᚩᚾᛖ,384
regressing,327610,0,ᚱᛖᚷᚱᛖᛋᛋᛝ,358
landline,327575,0,ᛚᚪᚾᛞᛚᛁᚾᛖ,488
coenzymes,327314,0,ᚳᛟᚾᛋᚣᛗᛖᛋ,472
revolute,327243,0,ᚱᛖᚢᚩᛚᚢᛏᛖ,290
landmass,327155,0,ᛚᚪᚾᛞᛗᚪᛋᛋ,562
vacantly,326828,0,ᚢᚪᚳᚪᚾᛏᛚᚣ,474
recusant,326806,0,ᚱᛖᚳᚢᛋᚪᚾᛏ,332
plympton,326736,0,ᛈᛚᚣᛗᛈᛏᚩᚾ,428
grownups,326730,0,ᚷᚱᚩᚹᚾᚢᛈᛋ,182
colquitt,326435,0,ᚳᚩᛚᚳᚹᛁᛏᛏ,274
grumbles,326361,0,ᚷᚱᚢᛗᛒᛚᛖᛋ,356
implores,326169,0,ᛁᛗᛈᛚᚩᚱᛖᛋ,356
ductwork,326109,0,ᛞᚢᚳᛏᚹᚩᚱᚳ,214
gangplank,325920,0,ᚷᚪᛝᛈᛚᚪᚾᚳ,448
debonair,325860,0,ᛞᛖᛒᚩᚾᚪᛁᚱ,392
mutinied,325706,0,ᛗᚢᛏᛁᚾᛁᛖᛞ,380
orchitis,325680,0,ᚩᚱᚳᚻᛁᛏᛁᛋ,228
modernes,325618,0,ᛗᚩᛞᛖᚱᚾᛖᛋ,394
coiffure,325594,0,ᚳᚩᛁᚠᚠᚢᚱᛖ,136
romanist,325319,0,ᚱᚩᛗᚪᚾᛁᛋᛏ,358
palladian,325311,0,ᛈᚪᛚᛚᚪᛞᛡᚾ,608
coxswain,325056,0,ᚳᚩᛉᛋᚹᚪᛁᚾ,296
footwork,324989,0,ᚠᚩᚩᛏᚹᚩᚱᚳ,125
bewailed,324783,0,ᛒᛖᚹᚪᛁᛚᛖᛞ,504
repacked,324730,0,ᚱᛖᛈᚪᚳᚳᛖᛞ,400
embezzling,324707,0,ᛖᛗᛒᛖᛋᛋᛚᛝ,524
leatherhead,324528,0,ᛚᛠᚦᛖᚱᚻᛠᛞ,486
acrostic,324400,0,ᚪᚳᚱᚩᛋᛏᛁᚳ,284
tranches,324312,0,ᛏᚱᚪᚾᚳᚻᛖᛋ,352
codicils,324295,0,ᚳᚩᛞᛁᚳᛁᛚᛋ,310
chastising,324255,0,ᚳᚻᚪᛋᛏᛁᛋᛝ,408
trowsers,324125,0,ᛏᚱᚩᚹᛋᛖᚱᛋ,280
fallback,324060,0,ᚠᚪᛚᛚᛒᚪᚳᚳ,429
gravamen,323692,0,ᚷᚱᚪᚢᚪᛗᛖᚾ,392
reawakening,323690,0,ᚱᛠᚹᚪᚳᛖᚾᛝ,424
cobblers,323509,0,ᚳᚩᛒᛒᛚᛖᚱᛋ,346
bavarians,323342,0,ᛒᚪᚢᚪᚱᛡᚾᛋ,458
masonite,323199,0,ᛗᚪᛋᚩᚾᛁᛏᛖ,414
silvanus,323187,0,ᛋᛁᛚᚢᚪᚾᚢᛋ,342
redheaded,323017,0,ᚱᛖᛞᚻᛠᛞᛖᛞ,544
fairways,322961,0,ᚠᚪᛁᚱᚹᚪᚣᛋ,413
diametral,322744,0,ᛞᛡᛗᛖᛏᚱᚪᛚ,574
astutely,322387,0,ᚪᛋᛏᚢᛏᛖᛚᚣ,514
birdseye,322385,0,ᛒᛁᚱᛞᛋᛖᚣᛖ,482
gazelles,322271,0,ᚷᚪᛋᛖᛚᛚᛖᛋ,500
sectorial,322239,0,ᛋᛖᚳᛏᚩᚱᛡᛚ,390
moonless,322030,0,ᛗᚩᚩᚾᛚᛖᛋᛋ,360
mogollon,321369,0,ᛗᚩᚷᚩᛚᛚᚩᚾ,284
chiefdom,321258,0,ᚳᚻᛁᛖᚠᛞᚩᛗ,303
adoptees,321169,0,ᚪᛞᚩᛈᛏᛖᛖᛋ,482
upmarket,321124,0,ᚢᛈᛗᚪᚱᚳᛖᛏ,364
duisburg,320960,0,ᛞᚢᛁᛋᛒᚢᚱᚷ,268
conduces,320860,0,ᚳᚩᚾᛞᚢᚳᛖᛋ,274
hypotonia,320710,0,ᚻᚣᛈᚩᛏᚩᚾᛡ,378
sparsity,320424,0,ᛋᛈᚪᚱᛋᛁᛏᚣ,450
preempts,320081,0,ᛈᚱᛖᛖᛗᛈᛏᛋ,414
heaviside,319956,0,ᚻᛠᚢᛁᛋᛁᛞᛖ,406
recanted,319916,0,ᚱᛖᚳᚪᚾᛏᛖᛞ,432
swimsuit,319874,0,ᛋᚹᛁᛗᛋᚢᛁᛏ,320
thomistic,319805,0,ᚦᚩᛗᛁᛋᛏᛁᚳ,270
breakages,319728,0,ᛒᚱᛠᚳᚪᚷᛖᛋ,428
subhuman,319628,0,ᛋᚢᛒᚻᚢᛗᚪᚾ,340
trencher,319549,0,ᛏᚱᛖᚾᚳᚻᛖᚱ,280
alaskans,319520,0,ᚪᛚᚪᛋᚳᚪᚾᛋ,512
seconder,319493,0,ᛋᛖᚳᚩᚾᛞᛖᚱ,336
mesmeric,319444,0,ᛗᛖᛋᛗᛖᚱᛁᚳ,384
veratrum,319226,0,ᚢᛖᚱᚪᛏᚱᚢᛗ,322
aversions,319192,0,ᚪᚢᛖᚱᛋᛡᚾᛋ,420
unsheathed,319129,0,ᚢᚾᛋᚻᛠᚦᛖᛞ,378
detaches,318895,0,ᛞᛖᛏᚪᚳᚻᛖᛋ,468
megabyte,318628,0,ᛗᛖᚷᚪᛒᚣᛏᛖ,542
simpsons,318251,0,ᛋᛁᛗᛈᛋᚩᚾᛋ,340
ammeters,318210,0,ᚪᛗᛗᛖᛏᛖᚱᛋ,496
sinusoid,318190,0,ᛋᛁᚾᚢᛋᚩᛁᛞ,296
tarkington,318161,0,ᛏᚪᚱᚳᛝᛏᚩᚾ,354
saccades,317948,0,ᛋᚪᚳᚳᚪᛞᛖᛋ,482
vespucci,317889,0,ᚢᛖᛋᛈᚢᚳᚳᛁ,226
populating,317875,0,ᛈᚩᛈᚢᛚᚪᛏᛝ,404
lawmaker,317857,0,ᛚᚪᚹᛗᚪᚳᛖᚱ,448
cumulate,317658,0,ᚳᚢᛗᚢᛚᚪᛏᛖ,386
anorexic,317562,0,ᚪᚾᚩᚱᛖᛉᛁᚳ,302
luckiest,317415,0,ᛚᚢᚳᚳᛁᛖᛋᛏ,312
affronts,317364,0,ᚪᚠᚠᚱᚩᚾᛏᛋ,260
cotenant,317343,0,ᚳᚩᛏᛖᚾᚪᚾᛏ,360
fraxinus,317262,0,ᚠᚱᚪᛉᛁᚾᚢᛋ,273
alderney,317223,0,ᚪᛚᛞᛖᚱᚾᛖᚣ,536
paspalum,317194,0,ᛈᚪᛋᛈᚪᛚᚢᛗ,480
radicles,317185,0,ᚱᚪᛞᛁᚳᛚᛖᛋ,434
perverting,317169,0,ᛈᛖᚱᚢᛖᚱᛏᛝ,340
proffers,317027,0,ᛈᚱᚩᚠᚠᛖᚱᛋ,196
wordplay,316997,0,ᚹᚩᚱᛞᛈᛚᚪᚣ,442
disgorge,316887,0,ᛞᛁᛋᚷᚩᚱᚷᛖ,292
bostonian,316873,0,ᛒᚩᛋᛏᚩᚾᛡᚾ,352
falconry,316665,0,ᚠᚪᛚᚳᚩᚾᚱᚣ,335
simpkins,316002,0,ᛋᛁᛗᛈᚳᛁᚾᛋ,324
zemindar,315945,0,ᛋᛖᛗᛁᚾᛞᚪᚱ,448
portends,315252,0,ᛈᚩᚱᛏᛖᚾᛞᛋ,358
entraining,315026,0,ᛖᚾᛏᚱᚪᛁᚾᛝ,402
ballasting,314908,0,ᛒᚪᛚᛚᚪᛋᛏᛝ,592
rumanians,314804,0,ᚱᚢᛗᚪᚾᛡᚾᛋ,400
entrepot,314594,0,ᛖᚾᛏᚱᛖᛈᚩᛏ,342
aquatint,314509,0,ᚪᚳᚹᚪᛏᛁᚾᛏ,404
cosmical,314482,0,ᚳᚩᛋᛗᛁᚳᚪᛚ,358
chartism,314458,0,ᚳᚻᚪᚱᛏᛁᛋᛗ,358
amputees,314458,0,ᚪᛗᛈᚢᛏᛖᛖᛋ,460
formosan,314455,0,ᚠᚩᚱᛗᚩᛋᚪᚾ,277
matinees,314369,0,ᛗᚪᛏᛁᚾᛖᛖᛋ,474
wizardry,314346,0,ᚹᛁᛋᚪᚱᛞᚱᚣ,414
fumigating,314304,0,ᚠᚢᛗᛁᚷᚪᛏᛝ,359
defeatist,314250,0,ᛞᛖᚠᛠᛏᛁᛋᛏ,469
foxglove,314221,0,ᚠᚩᛉᚷᛚᚩᚢᛖ,223
wouldest,314220,0,ᚹᚩᚢᛚᛞᛖᛋᛏ,370
envisaging,314211,0,ᛖᚾᚢᛁᛋᚪᚷᛝ,376
undeviating,314020,0,ᚢᚾᛞᛖᚢᛡᛏᛝ,436
vinifera,313888,0,ᚢᛁᚾᛁᚠᛖᚱᚪ,271
bodywork,313884,0,ᛒᚩᛞᚣᚹᚩᚱᚳ,310
cordwood,313845,0,ᚳᚩᚱᛞᚹᚩᚩᛞ,242
aquatics,313746,0,ᚪᚳᚹᚪᛏᛁᚳᛋ,382
underfed,313667,0,ᚢᚾᛞᛖᚱᚠᛖᛞ,357
peephole,313588,0,ᛈᛖᛖᛈᚻᚩᛚᛖ,390
quotable,313489,0,ᚳᚹᚩᛏᚪᛒᛚᛖ,396
hairpins,313451,0,ᚻᚪᛁᚱᛈᛁᚾᛋ,318
univocal,313421,0,ᚢᚾᛁᚢᚩᚳᚪᛚ,256
exordium,313246,0,ᛖᛉᚩᚱᛞᛁᚢᛗ,326
trumpeting,313171,0,ᛏᚱᚢᛗᛈᛖᛏᛝ,392
lowliest,312924,0,ᛚᚩᚹᛚᛁᛖᛋᛏ,382
floaters,312830,0,ᚠᛚᚩᚪᛏᛖᚱᛋ,369
pinholes,312662,0,ᛈᛁᚾᚻᚩᛚᛖᛋ,326
lyricist,312617,0,ᛚᚣᚱᛁᚳᛁᛋᛏ,374
athanasian,312195,0,ᚪᚦᚪᚾᚪᛋᛡᚾ,514
repassed,312106,0,ᚱᛖᛈᚪᛋᛋᛖᛞ,480
dirtiest,312087,0,ᛞᛁᚱᛏᛁᛖᛋᛏ,400
lyonnais,312063,0,ᛚᚣᚩᚾᚾᚪᛁᛋ,422
cyclamen,312002,0,ᚳᚣᚳᛚᚪᛗᛖᚾ,466
monoecious,311863,0,ᛗᚩᚾᛟᚳᛡᚢᛋ,366
paralyse,311862,0,ᛈᚪᚱᚪᛚᚣᛋᛖ,544
gyrations,311573,0,ᚷᚣᚱᚪᛏᛡᚾᛋ,476
verandas,311508,0,ᚢᛖᚱᚪᚾᛞᚪᛋ,446
kurosawa,311342,0,ᚳᚢᚱᚩᛋᚪᚹᚪ,300
peerages,311315,0,ᛈᛖᛖᚱᚪᚷᛖᛋ,422
weightings,311313,0,ᚹᛖᛁᚷᚻᛏᛝᛋ,348
magnetos,311303,0,ᛗᚪᚷᚾᛖᛏᚩᛋ,400
lackland,311201,0,ᛚᚪᚳᚳᛚᚪᚾᛞ,484
pomology,311036,0,ᛈᚩᛗᚩᛚᚩᚷᚣ,328
earthbound,310944,0,ᛠᚱᚦᛒᚩᚢᚾᛞ,314
quayside,310721,0,ᚳᚹᚪᚣᛋᛁᛞᛖ,472
subtending,310659,0,ᛋᚢᛒᛏᛖᚾᛞᛝ,440
macadamia,310629,0,ᛗᚪᚳᚪᛞᚪᛗᛡ,642
composts,310467,0,ᚳᚩᛗᛈᚩᛋᛏᛋ,306
hunkered,310400,0,ᚻᚢᚾᚳᛖᚱᛖᛞ,302
sargasso,310300,0,ᛋᚪᚱᚷᚪᛋᛋᚩ,388
exegetes,310209,0,ᛖᛉᛖᚷᛖᛏᛖᛋ,444
harangued,310001,0,ᚻᚪᚱᚪᛝᚢᛖᛞ,466
abjection,309876,0,ᚪᛒᛂᛖᚳᛏᛡᚾ,470
washcloth,309819,0,ᚹᚪᛋᚻᚳᛚᚩᚦ,290
confuted,309688,0,ᚳᚩᚾᚠᚢᛏᛖᛞ,269
benignly,309504,0,ᛒᛖᚾᛁᚷᚾᛚᚣ,410
ballasts,309488,0,ᛒᚪᛚᛚᚪᛋᛏᛋ,566
citadels,309404,0,ᚳᛁᛏᚪᛞᛖᛚᛋ,482
accreted,309267,0,ᚪᚳᚳᚱᛖᛏᛖᛞ,416
foursome,309215,0,ᚠᚩᚢᚱᛋᚩᛗᛖ,221
shuffles,309115,0,ᛋᚻᚢᚠᚠᛚᛖᛋ,276
harewood,308887,0,ᚻᚪᚱᛖᚹᚩᚩᛞ,320
glaziers,308840,0,ᚷᛚᚪᛋᛁᛖᚱᛋ,402
overreach,308614,0,ᚩᚢᛖᚱᚱᛠᚳᚻ,244
crataegus,308331,0,ᚳᚱᚪᛏᚫᚷᚢᛋ,354
welshmen,308321,0,ᚹᛖᛚᛋᚻᛗᛖᚾ,402
sumerians,308230,0,ᛋᚢᛗᛖᚱᛡᚾᛋ,394
jamboree,308214,0,ᛂᚪᛗᛒᚩᚱᛖᛖ,418
analecta,308103,0,ᚪᚾᚪᛚᛖᚳᛏᚪ,532
sondheim,308096,0,ᛋᚩᚾᛞᚻᛖᛁᛗ,370
threshers,308082,0,ᚦᚱᛖᛋᚻᛖᚱᛋ,290
natality,307997,0,ᚾᚪᛏᚪᛚᛁᛏᚣ,548
metalled,307953,0,ᛗᛖᛏᚪᛚᛚᛖᛞ,596
cheapened,307757,0,ᚳᚻᛠᛈᛖᚾᛖᛞ,440
solarium,307697,0,ᛋᚩᛚᚪᚱᛁᚢᛗ,346
halftime,307670,0,ᚻᚪᛚᚠᛏᛁᛗᛖ,423
removers,307520,0,ᚱᛖᛗᚩᚢᛖᚱᛋ,290
airscrew,307515,0,ᚪᛁᚱᛋᚳᚱᛖᚹ,302
pavlovian,307402,0,ᛈᚪᚢᛚᚩᚢᛡᚾ,362
saarinen,307374,0,ᛋᚪᚪᚱᛁᚾᛖᚾ,414
touchingly,307289,0,ᛏᚩᚢᚳᚻᛝᛚᚣ,360
hamstrings,307218,0,ᚻᚪᛗᛋᛏᚱᛝᛋ,446
incloses,307190,0,ᛁᚾᚳᛚᚩᛋᛖᛋ,326
miscarry,306809,0,ᛗᛁᛋᚳᚪᚱᚱᚣ,390
invitees,306706,0,ᛁᚾᚢᛁᛏᛖᛖᛋ,340
runabout,306629,0,ᚱᚢᚾᚪᛒᚩᚢᛏ,270
disabuse,306629,0,ᛞᛁᛋᚪᛒᚢᛋᛖ,454
carnelian,306490,0,ᚳᚪᚱᚾᛖᛚᛡᚾ,426
fugacity,306460,0,ᚠᚢᚷᚪᚳᛁᛏᚣ,325
servitor,306345,0,ᛋᛖᚱᚢᛁᛏᚩᚱ,242
crowfoot,306304,0,ᚳᚱᚩᚹᚠᚩᚩᛏ,125
matabele,306210,0,ᛗᚪᛏᚪᛒᛖᛚᛖ,592
ladybird,306093,0,ᛚᚪᛞᚣᛒᛁᚱᛞ,554
madonnas,306039,0,ᛗᚪᛞᚩᚾᚾᚪᛋ,472
graveled,305836,0,ᚷᚱᚪᚢᛖᛚᛖᛞ,424
ileostomy,305833,0,ᛁᛚᛇᛋᛏᚩᛗᚣ,438
sainthood,305788,0,ᛋᚪᛁᚾᚦᚩᚩᛞ,318
vanadate,305787,0,ᚢᚪᚾᚪᛞᚪᛏᛖ,538
roughening,305733,0,ᚱᚩᚢᚷᚻᛖᚾᛝ,236
scorsese,305595,0,ᛋᚳᚩᚱᛋᛖᛋᛖ,324
unshared,305563,0,ᚢᚾᛋᚻᚪᚱᛖᛞ,372
headstock,305533,0,ᚻᛠᛞᛋᛏᚩᚳᚳ,366
bottomry,305433,0,ᛒᚩᛏᛏᚩᛗᚱᚣ,378
forsakes,305077,0,ᚠᚩᚱᛋᚪᚳᛖᛋ,303
deselect,305050,0,ᛞᛖᛋᛖᛚᛖᚳᛏ,488
valkyrie,305037,0,ᚢᚪᛚᚳᚣᚱᛁᛖ,398
upholder,304966,0,ᚢᛈᚻᚩᛚᛞᛖᚱ,316
denarius,304768,0,ᛞᛖᚾᚪᚱᛁᚢᛋ,380
responsa,304609,0,ᚱᛖᛋᛈᚩᚾᛋᚪ,360
acrylics,304415,0,ᚪᚳᚱᚣᛚᛁᚳᛋ,394
inhalant,304279,0,ᛁᚾᚻᚪᛚᚪᚾᛏ,438
enshrine,304122,0,ᛖᚾᛋᚻᚱᛁᚾᛖ,310
centrals,304062,0,ᚳᛖᚾᛏᚱᚪᛚᛋ,402
brocaded,304055,0,ᛒᚱᚩᚳᚪᛞᛖᛞ,434
forelimb,303966,0,ᚠᚩᚱᛖᛚᛁᛗᛒ,323
conodont,303664,0,ᚳᚩᚾᚩᛞᚩᚾᛏ,240
marasmus,303562,0,ᛗᚪᚱᚪᛋᛗᚢᛋ,456
voronezh,303530,0,ᚢᚩᚱᚩᚾᛖᛋᚻ,200
duvalier,303487,0,ᛞᚢᚢᚪᛚᛁᛖᚱ,374
blacktop,303423,0,ᛒᛚᚪᚳᚳᛏᚩᛈ,366
uniroyal,303286,0,ᚢᚾᛁᚱᚩᚣᚪᛚ,354
retracts,303152,0,ᚱᛖᛏᚱᚪᚳᛏᛋ,370
dredgers,302976,0,ᛞᚱᛖᛞᚷᛖᚱᛋ,404
contessa,302975,0,ᚳᚩᚾᛏᛖᛋᛋᚪ,378
resubmit,302964,0,ᚱᛖᛋᚢᛒᛗᛁᛏ,356
scrupled,302940,0,ᛋᚳᚱᚢᛈᛚᛖᛞ,352
pilchard,302892,0,ᛈᛁᛚᚳᚻᚪᚱᛞ,380
cyclopean,302780,0,ᚳᚣᚳᛚᚩᛈᛠᚾ,390
witchery,302629,0,ᚹᛁᛏᚳᚻᛖᚱᚣ,326
litanies,302573,0,ᛚᛁᛏᚪᚾᛁᛖᛋ,440
alcestis,302483,0,ᚪᛚᚳᛖᛋᛏᛁᛋ,446
thinkable,302457,0,ᚦᛁᚾᚳᚪᛒᛚᛖ,376
accusingly,302348,0,ᚪᚳᚳᚢᛋᛝᛚᚣ,434
lodestar,302300,0,ᛚᚩᛞᛖᛋᛏᚪᚱ,456
horatius,302146,0,ᚻᚩᚱᚪᛏᛁᚢᛋ,284
focusses,302145,0,ᚠᚩᚳᚢᛋᛋᛖᛋ,251
sternest,302039,0,ᛋᛏᛖᚱᚾᛖᛋᛏ,398
cookware,301782,0,ᚳᚩᚩᚳᚹᚪᚱᛖ,234
campagne,301465,0,ᚳᚪᛗᛈᚪᚷᚾᛖ,434
firebird,301289,0,ᚠᛁᚱᛖᛒᛁᚱᛞ,303
trephine,301245,0,ᛏᚱᛖᛈᚻᛁᚾᛖ,330
harpoons,301213,0,ᚻᚪᚱᛈᚩᚩᚾᛋ,270
extremis,301136,0,ᛖᛉᛏᚱᛖᛗᛁᛋ,406
demiurge,300699,0,ᛞᛖᛗᛁᚢᚱᚷᛖ,356
videotaping,300696,0,ᚢᛁᛞᛇᛏᚪᛈᛝ,442
bardolph,300577,0,ᛒᚪᚱᛞᚩᛚᛈᚻ,404
pigtails,300144,0,ᛈᛁᚷᛏᚪᛁᛚᛋ,404
linchpin,300115,0,ᛚᛁᚾᚳᚻᛈᛁᚾ,272
furriers,300092,0,ᚠᚢᚱᚱᛁᛖᚱᛋ,189
marvelling,300050,0,ᛗᚪᚱᚢᛖᛚᛚᛝ,474
semolina,299950,0,ᛋᛖᛗᚩᛚᛁᚾᚪ,428
trumpery,299878,0,ᛏᚱᚢᛗᛈᛖᚱᚣ,368
retrench,299866,0,ᚱᛖᛏᚱᛖᚾᚳᚻ,280
blazoned,299473,0,ᛒᛚᚪᛋᚩᚾᛖᛞ,476
hesperus,299429,0,ᚻᛖᛋᛈᛖᚱᚢᛋ,320
nitrated,299338,0,ᚾᛁᛏᚱᚪᛏᛖᛞ,442
supernal,299305,0,ᛋᚢᛈᛖᚱᚾᚪᛚ,376
hollands,299299,0,ᚻᚩᛚᛚᚪᚾᛞᛋ,444
spenders,299217,0,ᛋᛈᛖᚾᛞᛖᚱᛋ,412
dashiell,298988,0,ᛞᚪᛋᚻᛁᛖᛚᛚ,506
highroad,298898,0,ᚻᛁᚷᚻᚱᚩᚪᛞ,298
rheostats,298859,0,ᚱᚻᛇᛋᛏᚪᛏᛋ,396
valletta,298727,0,ᚢᚪᛚᛚᛖᛏᛏᚪ,528
miltiades,298672,0,ᛗᛁᛚᛏᛡᛞᛖᛋ,550
cyclades,298405,0,ᚳᚣᚳᛚᚪᛞᛖᛋ,508
tactician,298334,0,ᛏᚪᚳᛏᛁᚳᛡᚾ,408
zealander,298241,0,ᛋᛠᛚᚪᚾᛞᛖᚱ,528
cognomen,298167,0,ᚳᚩᚷᚾᚩᛗᛖᚾ,240
gemstone,298001,0,ᚷᛖᛗᛋᛏᚩᚾᛖ,370
chillers,297810,0,ᚳᚻᛁᛚᛚᛖᚱᛋ,344
unthought,297770,0,ᚢᚾᚦᚩᚢᚷᚻᛏ,146
salacious,297754,0,ᛋᚪᛚᚪᚳᛡᚢᛋ,496
searchingly,297685,0,ᛋᛠᚱᚳᚻᛝᛚᚣ,464
caciques,297572,0,ᚳᚪᚳᛁᚳᚹᛖᛋ,306
filberts,297357,0,ᚠᛁᛚᛒᛖᚱᛏᛋ,357
adaptors,297193,0,ᚪᛞᚪᛈᛏᚩᚱᛋ,456
landwehr,297171,0,ᛚᚪᚾᛞᚹᛖᚻᚱ,408
thiopental,297087,0,ᚦᛡᛈᛖᚾᛏᚪᛚ,480
familiars,297059,0,ᚠᚪᛗᛁᛚᛡᚱᛋ,445
taverner,297055,0,ᛏᚪᚢᛖᚱᚾᛖᚱ,344
chapelry,296940,0,ᚳᚻᚪᛈᛖᛚᚱᚣ,430
slovakian,296830,0,ᛋᛚᚩᚢᚪᚳᛡᚾ,382
mediations,296774,0,ᛗᛖᛞᛡᛏᛡᚾᛋ,582
vibrancy,296745,0,ᚢᛁᛒᚱᚪᚾᚳᚣ,348
bisector,296726,0,ᛒᛁᛋᛖᚳᛏᚩᚱ,302
draftees,296608,0,ᛞᚱᚪᚠᛏᛖᛖᛋ,445
procreate,296572,0,ᛈᚱᚩᚳᚱᛠᛏᛖ,320
murmurings,296522,0,ᛗᚢᚱᛗᚢᚱᛝᛋ,302
kamikaze,296513,0,ᚳᚪᛗᛁᚳᚪᛋᛖ,442
bewilder,296465,0,ᛒᛖᚹᛁᛚᛞᛖᚱ,418
neuroglia,296441,0,ᚾᛖᚢᚱᚩᚷᛚᛡ,314
promethean,296324,0,ᛈᚱᚩᛗᛖᚦᛠᚾ,342
opossums,296260,0,ᚩᛈᚩᛋᛋᚢᛗᛋ,290
rocketed,296255,0,ᚱᚩᚳᚳᛖᛏᛖᛞ,326
modelers,296138,0,ᛗᚩᛞᛖᛚᛖᚱᛋ,438
checkups,296016,0,ᚳᚻᛖᚳᚳᚢᛈᛋ,228
squirted,295833,0,ᛋᚳᚹᛁᚱᛏᛖᛞ,342
phalangeal,295499,0,ᛈᚻᚪᛚᚪᛝᛠᛚ,594
wheatsheaf,295490,0,ᚹᚻᛠᛏᛋᚻᛠᚠ,397
flexuous,295421,0,ᚠᛚᛖᛉᚢᚩᚢᛋ,255
bergamot,294988,0,ᛒᛖᚱᚷᚪᛗᚩᛏ,390
avifauna,294941,0,ᚪᚢᛁᚠᚪᚢᚾᚪ,359
abscissae,294908,0,ᚪᛒᛋᚳᛁᛋᛋᚫ,462
halteres,294845,0,ᚻᚪᛚᛏᛖᚱᛖᛋ,450
railcars,294687,0,ᚱᚪᛁᛚᚳᚪᚱᛋ,386
valences,294508,0,ᚢᚪᛚᛖᚾᚳᛖᛋ,402
bluefish,294058,0,ᛒᛚᚢᛖᚠᛁᛋᚻ,313
degassed,293967,0,ᛞᛖᚷᚪᛋᛋᛖᛞ,532
hyperaemia,293960,0,ᚻᚣᛈᛖᚱᚫᛗᛡ,526
sideshow,293763,0,ᛋᛁᛞᛖᛋᚻᚩᚹ,342
impulsion,293698,0,ᛁᛗᛈᚢᛚᛋᛡᚾ,410
dwindles,293688,0,ᛞᚹᛁᚾᛞᛚᛖᛋ,450
aperient,293578,0,ᚪᛈᛖᚱᛁᛖᚾᛏ,404
catalans,292929,0,ᚳᚪᛏᚪᛚᚪᚾᛋ,518
firework,292928,0,ᚠᛁᚱᛖᚹᚩᚱᚳ,161
calibers,292894,0,ᚳᚪᛚᛁᛒᛖᚱᛋ,406
castaway,292772,0,ᚳᚪᛋᛏᚪᚹᚪᚣ,538
eavesdrop,292726,0,ᛠᚢᛖᛋᛞᚱᚩᛈ,382
barrages,292701,0,ᛒᚪᚱᚱᚪᚷᛖᛋ,414
oviducts,292514,0,ᚩᚢᛁᛞᚢᚳᛏᛋ,258
optative,292481,0,ᚩᛈᛏᚪᛏᛁᚢᛖ,366
worsteds,292387,0,ᚹᚩᚱᛋᛏᛖᛞᛋ,358
demigods,292366,0,ᛞᛖᛗᛁᚷᚩᛞᛋ,424
ashtrays,292361,0,ᚪᛋᚻᛏᚱᚪᚣᛋ,496
scholiast,292295,0,ᛋᚳᚻᚩᛚᛡᛋᛏ,388
psychics,292289,0,ᛈᛋᚣᚳᚻᛁᚳᛋ,332
handsets,292077,0,ᚻᚪᚾᛞᛋᛖᛏᛋ,470
hamstrung,291987,0,ᚻᚪᛗᛋᛏᚱᚢᛝ,396
despairs,291965,0,ᛞᛖᛋᛈᚪᛁᚱᛋ,444
pudendal,291904,0,ᛈᚢᛞᛖᚾᛞᚪᛚ,490
clinkers,291865,0,ᚳᛚᛁᚾᚳᛖᚱᛋ,290
slandering,291831,0,ᛋᛚᚪᚾᛞᛖᚱᛝ,498
strophes,291819,0,ᛋᛏᚱᚩᛈᚻᛖᛋ,316
dolorous,291774,0,ᛞᚩᛚᚩᚱᚩᚢᛋ,250
zigzagging,291715,0,ᛋᛁᚷᛋᚪᚷᚷᛝ,364
rachitic,291415,0,ᚱᚪᚳᚻᛁᛏᛁᚳ,278
overripe,291293,0,ᚩᚢᛖᚱᚱᛁᛈᛖ,240
glyceryl,291118,0,ᚷᛚᚣᚳᛖᚱᚣᛚ,460
peterkin,290909,0,ᛈᛖᛏᛖᚱᚳᛁᚾ,320
misnamed,290663,0,ᛗᛁᛋᚾᚪᛗᛖᛞ,508
emanuele,290642,0,ᛖᛗᚪᚾᚢᛖᛚᛖ,474
enunciating,290622,0,ᛖᚾᚢᚾᚳᛡᛏᛝ,386
corpsmen,290594,0,ᚳᚩᚱᛈᛋᛗᛖᚾ,294
ursuline,290593,0,ᚢᚱᛋᚢᛚᛁᚾᛖ,270
trillium,290319,0,ᛏᚱᛁᛚᛚᛁᚢᛗ,352
sinkhole,290124,0,ᛋᛁᚾᚳᚻᚩᛚᛖ,296
toboggan,289992,0,ᛏᚩᛒᚩᚷᚷᚪᚾ,294
headpiece,289937,0,ᚻᛠᛞᛈᛁᛖᚳᛖ,442
stanbury,289815,0,ᛋᛏᚪᚾᛒᚢᚱᚣ,416
libelled,289754,0,ᛚᛁᛒᛖᛚᛚᛖᛞ,534
intension,289686,0,ᛁᚾᛏᛖᚾᛋᛡᚾ,404
hirohito,289237,0,ᚻᛁᚱᚩᚻᛁᛏᚩ,192
charades,289174,0,ᚳᚻᚪᚱᚪᛞᛖᛋ,450
hanukkah,289162,0,ᚻᚪᚾᚢᚳᚳᚪᚻ,298
kwakiutl,289113,0,ᚳᚹᚪᚳᛁᚢᛏᛚ,308
revisits,289018,0,ᚱᛖᚢᛁᛋᛁᛏᛋ,308
vileness,288837,0,ᚢᛁᛚᛖᚾᛖᛋᛋ,376
helmeted,288738,0,ᚻᛖᛚᛗᛖᛏᛖᛞ,516
vaqueros,288639,0,ᚢᚪᚳᚹᛖᚱᚩᛋ,270
cuisines,288613,0,ᚳᚢᛁᛋᛁᚾᛖᛋ,280
breastfed,288497,0,ᛒᚱᛠᛋᛏᚠᛖᛞ,451
cottager,288417,0,ᚳᚩᛏᛏᚪᚷᛖᚱ,330
illiquid,288361,0,ᛁᛚᛚᛁᚳᚹᛁᛞ,360
topsails,288298,0,ᛏᚩᛈᛋᚪᛁᛚᛋ,416
bassoons,288203,0,ᛒᚪᛋᛋᚩᚩᚾᛋ,360
hunterian,288156,0,ᚻᚢᚾᛏᛖᚱᛡᚾ,328
sweetish,288118,0,ᛋᚹᛖᛖᛏᛁᛋᚻ,372
pyelitis,288062,0,ᛈᚣᛖᛚᛁᛏᛁᛋ,460
decretal,288029,0,ᛞᛖᚳᚱᛖᛏᚪᛚ,476
stedfast,287923,0,ᛋᛏᛖᛞᚠᚪᛋᛏ,479
colloquia,287802,0,ᚳᚩᛚᛚᚩᚳᚹᛡ,312
polarize,287632,0,ᛈᚩᛚᚪᚱᛁᛋᛖ,382
vitiligo,287094,0,ᚢᛁᛏᛁᛚᛁᚷᚩ,252
estonians,287075,0,ᛖᛋᛏᚩᚾᛡᚾᛋ,404
vitalizing,286651,0,ᚢᛁᛏᚪᛚᛁᛋᛝ,426
liquefying,286583,0,ᛚᛁᚳᚹᛖᚠᚣᛝ,387
griffins,286578,0,ᚷᚱᛁᚠᚠᛁᚾᛋ,176
reasserting,286497,0,ᚱᛠᛋᛋᛖᚱᛏᛝ,442
unfenced,286377,0,ᚢᚾᚠᛖᚾᚳᛖᛞ,299
anathemas,286131,0,ᚪᚾᚪᚦᛖᛗᚪᛋ,516
quartier,286040,0,ᚳᚹᚪᚱᛏᛁᛖᚱ,308
headcount,285902,0,ᚻᛠᛞᚳᚩᚢᚾᛏ,332
bandanna,285813,0,ᛒᚪᚾᛞᚪᚾᚾᚪ,528
destruct,285612,0,ᛞᛖᛋᛏᚱᚢᚳᛏ,354
agrostis,285545,0,ᚪᚷᚱᚩᛋᛏᛁᛋ,328
roofless,285470,0,ᚱᚩᚩᚠᛚᛖᛋᛋ,273
desktops,285272,0,ᛞᛖᛋᚳᛏᚩᛈᛋ,384
parlours,285228,0,ᛈᚪᚱᛚᚩᚢᚱᛋ,298
acrosome,285156,0,ᚪᚳᚱᚩᛋᚩᛗᛖ,326
accredit,285017,0,ᚪᚳᚳᚱᛖᛞᛁᛏ,380
peptones,284921,0,ᛈᛖᛈᛏᚩᚾᛖᛋ,368
omdurman,284855,0,ᚩᛗᛞᚢᚱᛗᚪᚾ,378
flavorings,284809,0,ᚠᛚᚪᚢᚩᚱᛝᛋ,325
encrusting,284698,0,ᛖᚾᚳᚱᚢᛋᛏᛝ,314
deerskin,284693,0,ᛞᛖᛖᚱᛋᚳᛁᚾ,360
craftily,284650,0,ᚳᚱᚪᚠᛏᛁᛚᚣ,389
pronghorn,284549,0,ᛈᚱᚩᛝᚻᚩᚱᚾ,210
dysphoria,284530,0,ᛞᚣᛋᛈᚻᚩᚱᛡ,436
inundate,284479,0,ᛁᚾᚢᚾᛞᚪᛏᛖ,404
agaricus,284463,0,ᚪᚷᚪᚱᛁᚳᚢᛋ,322
chainsaw,284373,0,ᚳᚻᚪᛁᚾᛋᚪᚹ,362
ethicists,284306,0,ᛖᚦᛁᚳᛁᛋᛏᛋ,312
redcoats,284237,0,ᚱᛖᛞᚳᚩᚪᛏᛋ,396
salvific,284176,0,ᛋᚪᛚᚢᛁᚠᛁᚳ,303
costlier,284052,0,ᚳᚩᛋᛏᛚᛁᛖᚱ,314
reentering,283769,0,ᚱᛖᛖᚾᛏᛖᚱᛝ,390
nihilist,283735,0,ᚾᛁᚻᛁᛚᛁᛋᛏ,330
conjuror,283710,0,ᚳᚩᚾᛂᚢᚱᚩᚱ,118
gymnasts,283466,0,ᚷᚣᛗᚾᚪᛋᛏᛋ,482
zoonotic,283366,0,ᛋᚩᚩᚾᚩᛏᛁᚳ,206
nervures,283191,0,ᚾᛖᚱᚢᚢᚱᛖᛋ,244
exemplum,283105,0,ᛖᛉᛖᛗᛈᛚᚢᛗ,442
clemence,282900,0,ᚳᛚᛖᛗᛖᚾᚳᛖ,400
manacles,282896,0,ᛗᚪᚾᚪᚳᛚᛖᛋ,500
meatpacking,282854,0,ᛗᛠᛏᛈᚪᚳᚳᛝ,484
glitches,282683,0,ᚷᛚᛁᛏᚳᚻᛖᛋ,336
civilising,282682,0,ᚳᛁᚢᛁᛚᛁᛋᛝ,314
junkyard,282680,0,ᛂᚢᚾᚳᚣᚪᚱᛞ,382
dragoman,282626,0,ᛞᚱᚪᚷᚩᛗᚪᚾ,418
leisured,282613,0,ᛚᛖᛁᛋᚢᚱᛖᛞ,394
annalist,282447,0,ᚪᚾᚾᚪᛚᛁᛋᛏ,468
libertie,282348,0,ᛚᛁᛒᛖᚱᛏᛁᛖ,400
platypus,282311,0,ᛈᛚᚪᛏᚣᛈᚢᛋ,474
switcher,282300,0,ᛋᚹᛁᛏᚳᚻᛖᚱ,276
previewing,282221,0,ᛈᚱᛖᚢᛁᛖᚹᛝ,320
prickled,282211,0,ᛈᚱᛁᚳᚳᛚᛖᛞ,340
trundled,282210,0,ᛏᚱᚢᚾᛞᛚᛖᛞ,420
ruminate,282138,0,ᚱᚢᛗᛁᚾᚪᛏᛖ,368
websters,281771,0,ᚹᛖᛒᛋᛏᛖᚱᛋ,390
sartorial,281665,0,ᛋᚪᚱᛏᚩᚱᛡᛚ,418
moonbeams,281588,0,ᛗᚩᚩᚾᛒᛠᛗᛋ,408
sturdier,281550,0,ᛋᛏᚢᚱᛞᛁᛖᚱ,324
gamester,281381,0,ᚷᚪᛗᛖᛋᛏᛖᚱ,442
apollonia,281217,0,ᚪᛈᚩᛚᛚᚩᚾᛡ,436
drowsily,281115,0,ᛞᚱᚩᚹᛋᛁᛚᚣ,386
moveables,281063,0,ᛗᚩᚢᛠᛒᛚᛖᛋ,444
laypeople,281033,0,ᛚᚪᚣᛈᛇᛈᛚᛖ,540
rosaries,280976,0,ᚱᚩᛋᚪᚱᛁᛖᛋ,330
floridas,280944,0,ᚠᛚᚩᚱᛁᛞᚪᛋ,363
angiosperm,280860,0,ᚪᛝᛡᛋᛈᛖᚱᛗ,528
spattering,280825,0,ᛋᛈᚪᛏᛏᛖᚱᛝ,468
rhizopus,280807,0,ᚱᚻᛁᛋᚩᛈᚢᛋ,224
protract,280798,0,ᛈᚱᚩᛏᚱᚪᚳᛏ,300
reapplied,280381,0,ᚱᛠᛈᛈᛚᛁᛖᛞ,466
truffaut,280353,0,ᛏᚱᚢᚠᚠᚪᚢᛏ,236
flattish,280342,0,ᚠᛚᚪᛏᛏᛁᛋᚻ,397
teletext,280238,0,ᛏᛖᛚᛖᛏᛖᛉᛏ,498
whitefly,280112,0,ᚹᚻᛁᛏᛖᚠᛚᚣ,377
overhand,280111,0,ᚩᚢᛖᚱᚻᚪᚾᛞ,326
lettuces,280094,0,ᛚᛖᛏᛏᚢᚳᛖᛋ,394
pinewood,280052,0,ᛈᛁᚾᛖᚹᚩᚩᛞ,292
technica,280004,0,ᛏᛖᚳᚻᚾᛁᚳᚪ,332
undertow,279768,0,ᚢᚾᛞᛖᚱᛏᚩᚹ,284
tribally,279741,0,ᛏᚱᛁᛒᚪᛚᛚᚣ,508
knitters,279705,0,ᚳᚾᛁᛏᛏᛖᚱᛋ,322
sphinxes,279605,0,ᛋᛈᚻᛁᚾᛉᛖᛋ,346
justiciar,279574,0,ᛂᚢᛋᛏᛁᚳᛡᚱ,314
hatchlings,279404,0,ᚻᚪᛏᚳᚻᛚᛝᛋ,420
concolor,278819,0,ᚳᚩᚾᚳᚩᛚᚩᚱ,160
compeers,278765,0,ᚳᚩᛗᛈᛖᛖᚱᛋ,332
disproof,278675,0,ᛞᛁᛋᛈᚱᚩᚩᚠ,243
cicerone,278606,0,ᚳᛁᚳᛖᚱᚩᚾᛖ,238
mesdames,278600,0,ᛗᛖᛋᛞᚪᛗᛖᛋ,568
entrusts,278392,0,ᛖᚾᛏᚱᚢᛋᛏᛋ,334
lollipop,278283,0,ᛚᚩᛚᛚᛁᛈᚩᛈ,350
riskless,278158,0,ᚱᛁᛋᚳᛚᛖᛋᛋ,354
betokens,278141,0,ᛒᛖᛏᚩᚳᛖᚾᛋ,356
calluses,278064,0,ᚳᚪᛚᛚᚢᛋᛖᛋ,432
hardener,277907,0,ᚻᚪᚱᛞᛖᚾᛖᚱ,394
keypunch,277818,0,ᚳᛖᚣᛈᚢᚾᚳᚻ,294
conduced,277767,0,ᚳᚩᚾᛞᚢᚳᛖᛞ,310
diatribes,277687,0,ᛞᛡᛏᚱᛁᛒᛖᛋ,478
spirifer,277663,0,ᛋᛈᛁᚱᛁᚠᛖᚱ,249
windless,277655,0,ᚹᛁᚾᛞᛚᛖᛋᛋ,414
missives,277625,0,ᛗᛁᛋᛋᛁᚢᛖᛋ,362
medalist,277437,0,ᛗᛖᛞᚪᛚᛁᛋᛏ,540
streamlet,277436,0,ᛋᛏᚱᛠᛗᛚᛖᛏ,502
stenoses,277263,0,ᛋᛏᛖᚾᚩᛋᛖᛋ,388
seashells,277248,0,ᛋᛠᛋᚻᛖᛚᛚᛋ,504
blenders,277079,0,ᛒᛚᛖᚾᛞᛖᚱᛋ,450
hemlocks,277022,0,ᚻᛖᛗᛚᚩᚳᚳᛋ,320
bionomics,277009,0,ᛒᛡᚾᚩᛗᛁᚳᛋ,372
thessalian,276688,0,ᚦᛖᛋᛋᚪᛚᛡᚾ,484
connoted,276676,0,ᚳᚩᚾᚾᚩᛏᛖᛞ,300
backstop,276597,0,ᛒᚪᚳᚳᛋᛏᚩᛈ,346
outsides,276547,0,ᚩᚢᛏᛋᛁᛞᛖᛋ,362
wardroom,276499,0,ᚹᚪᚱᛞᚱᚩᚩᛗ,312
freeness,276473,0,ᚠᚱᛖᛖᚾᛖᛋᛋ,349
crotchet,276372,0,ᚳᚱᚩᛏᚳᚻᛖᛏ,252
metritis,276359,0,ᛗᛖᛏᚱᛁᛏᛁᛋ,382
suffusion,276242,0,ᛋᚢᚠᚠᚢᛋᛡᚾ,252
affianced,276038,0,ᚪᚠᚠᛡᚾᚳᛖᛞ,406
tyrannus,276037,0,ᛏᚣᚱᚪᚾᚾᚢᛋ,384
grapples,275718,0,ᚷᚱᚪᛈᛈᛚᛖᛋ,404
junipers,275656,0,ᛂᚢᚾᛁᛈᛖᚱᛋ,274
vitalism,275626,0,ᚢᛁᛏᚪᛚᛁᛋᛗ,418
jauntily,275366,0,ᛂᚪᚢᚾᛏᛁᛚᚣ,432
mouthwash,275315,0,ᛗᚩᚢᚦᚹᚪᛋᚻ,278
openwork,275167,0,ᚩᛈᛖᚾᚹᚩᚱᚳ,196
rancheria,275156,0,ᚱᚪᚾᚳᚻᛖᚱᛡ,358
laggards,275095,0,ᛚᚪᚷᚷᚪᚱᛞᛋ,454
followings,275077,0,ᚠᚩᛚᛚᚩᚹᛝᛋ,313
defeatism,275077,0,ᛞᛖᚠᛠᛏᛁᛋᛗ,481
heathenish,274958,0,ᚻᛠᚦᛖᚾᛁᛋᚻ,340
matronly,274936,0,ᛗᚪᛏᚱᚩᚾᛚᚣ,450
guyanese,274893,0,ᚷᚢᚣᚪᚾᛖᛋᛖ,436
cenotaph,274848,0,ᚳᛖᚾᚩᛏᚪᛈᚻ,338
chalices,274792,0,ᚳᚻᚪᛚᛁᚳᛖᛋ,370
threesome,274603,0,ᚦᚱᛖᛖᛋᚩᛗᛖ,348
machetes,274586,0,ᛗᚪᚳᚻᛖᛏᛖᛋ,450
stenotic,274409,0,ᛋᛏᛖᚾᚩᛏᛁᚳ,318
drollery,274360,0,ᛞᚱᚩᛚᛚᛖᚱᚣ,434
columned,274309,0,ᚳᚩᛚᚢᛗᚾᛖᛞ,352
lycopene,274206,0,ᛚᚣᚳᚩᛈᛖᚾᛖ,402
seraphic,274172,0,ᛋᛖᚱᚪᛈᚻᛁᚳ,338
stylists,274072,0,ᛋᛏᚣᛚᛁᛋᛏᛋ,484
padlocks,274071,0,ᛈᚪᛞᛚᚩᚳᚳᛋ,388
cleansers,274018,0,ᚳᛚᛠᚾᛋᛖᚱᛋ,408
molarity,273932,0,ᛗᚩᛚᚪᚱᛁᛏᚣ,452
nicklaus,273830,0,ᚾᛁᚳᚳᛚᚪᚢᛋ,312
delmarva,273824,0,ᛞᛖᛚᛗᚪᚱᚢᚪ,508
oxalates,273787,0,ᚩᛉᚪᛚᚪᛏᛖᛋ,500
trochaic,273679,0,ᛏᚱᚩᚳᚻᚪᛁᚳ,254
declaiming,273628,0,ᛞᛖᚳᛚᚪᛁᛗᛝ,520
limiters,273626,0,ᛚᛁᛗᛁᛏᛖᚱᛋ,396
castrate,273241,0,ᚳᚪᛋᛏᚱᚪᛏᛖ,456
bicyclic,273175,0,ᛒᛁᚳᚣᚳᛚᛁᚳ,338
ateliers,273105,0,ᚪᛏᛖᛚᛁᛖᚱᛋ,458
aspirating,273048,0,ᚪᛋᛈᛁᚱᚪᛏᛝ,470
monthlies,273025,0,ᛗᚩᚾᚦᛚᛁᛖᛋ,336
unwrapping,272956,0,ᚢᚾᚹᚱᚪᛈᛈᛝ,324
beehives,272864,0,ᛒᛖᛖᚻᛁᚢᛖᛋ,372
crouches,272788,0,ᚳᚱᚩᚢᚳᚻᛖᛋ,190
endogamy,272783,0,ᛖᚾᛞᚩᚷᚪᛗᚣ,480
magritte,272610,0,ᛗᚪᚷᚱᛁᛏᛏᛖ,412
bailable,272504,0,ᛒᚪᛁᛚᚪᛒᛚᛖ,560
aleurone,272385,0,ᚪᛚᛖᚢᚱᚩᚾᛖ,354
flexures,272379,0,ᚠᛚᛖᛉᚢᚱᛖᛋ,323
hindmost,272240,0,ᚻᛁᚾᛞᛗᚩᛋᛏ,362
ramblers,272093,0,ᚱᚪᛗᛒᛚᛖᚱᛋ,444
saccadic,271909,0,ᛋᚪᚳᚳᚪᛞᛁᚳ,406
frolicking,271908,0,ᚠᚱᚩᛚᛁᚳᚳᛝ,229
apterous,271878,0,ᚪᛈᛏᛖᚱᚩᚢᛋ,340
careened,271689,0,ᚳᚪᚱᛖᛖᚾᛖᛞ,440
ohmmeter,271615,0,ᚩᚻᛗᛗᛖᛏᛖᚱ,376
hostiles,271421,0,ᚻᚩᛋᛏᛁᛚᛖᛋ,366
unchaste,271362,0,ᚢᚾᚳᚻᚪᛋᛏᛖ,344
enablers,271224,0,ᛖᚾᚪᛒᛚᛖᚱᛋ,458
federate,271125,0,ᚠᛖᛞᛖᚱᚪᛏᛖ,459
gyratory,270914,0,ᚷᚣᚱᚪᛏᚩᚱᚣ,408
turreted,270880,0,ᛏᚢᚱᚱᛖᛏᛖᛞ,366
sideslip,270696,0,ᛋᛁᛞᛖᛋᛚᛁᛈ,440
bulleted,270617,0,ᛒᚢᛚᛚᛖᛏᛖᛞ,492
unforced,270518,0,ᚢᚾᚠᚩᚱᚳᛖᛞ,221
adenitis,270292,0,ᚪᛞᛖᚾᛁᛏᛁᛋ,456
brinsley,270141,0,ᛒᚱᛁᚾᛋᛚᛖᚣ,428
forelock,270137,0,ᚠᚩᚱᛖᛚᚩᚳᚳ,193
hoplites,269899,0,ᚻᚩᛈᛚᛁᛏᛖᛋ,356
towboats,269892,0,ᛏᚩᚹᛒᚩᚪᛏᛋ,362
wallowed,269805,0,ᚹᚪᛚᛚᚩᚹᛖᛞ,444
ruination,269419,0,ᚱᚢᛁᚾᚪᛏᛡᚾ,366
hobbyist,269328,0,ᚻᚩᛒᛒᚣᛁᛋᛏ,398
unvoiced,269200,0,ᚢᚾᚢᚩᛁᚳᛖᛞ,242
coquille,269053,0,ᚳᚩᚳᚹᛁᛚᛚᛖ,296
sacredly,268842,0,ᛋᚪᚳᚱᛖᛞᛚᚣ,506
disposer,268705,0,ᛞᛁᛋᛈᚩᛋᛖᚱ,354
gandhara,268579,0,ᚷᚪᚾᛞᚻᚪᚱᚪ,460
iterates,268525,0,ᛁᛏᛖᚱᚪᛏᛖᛋ,444
smugness,268505,0,ᛋᛗᚢᚷᚾᛖᛋᛋ,346
spearmint,268489,0,ᛋᛈᛠᚱᛗᛁᚾᛏ,406
catacomb,268355,0,ᚳᚪᛏᚪᚳᚩᛗᛒ,418
outshine,268311,0,ᚩᚢᛏᛋᚻᛁᚾᛖ,272
dniester,268296,0,ᛞᚾᛁᛖᛋᛏᛖᚱ,406
deadlocks,268244,0,ᛞᛠᛞᛚᚩᚳᚳᛋ,446
tartuffe,268139,0,ᛏᚪᚱᛏᚢᚠᚠᛖ,300
pillowed,268124,0,ᛈᛁᛚᛚᚩᚹᛖᛞ,402
heinlein,268116,0,ᚻᛖᛁᚾᛚᛖᛁᚾ,350
stephane,268092,0,ᛋᛏᛖᛈᚻᚪᚾᛖ,438
gossiped,268015,0,ᚷᚩᛋᛋᛁᛈᛖᛞ,360
arteriole,267992,0,ᚪᚱᛏᛖᚱᛡᛚᛖ,492
squarish,267918,0,ᛋᚳᚹᚪᚱᛁᛋᚻ,300
cabarets,267910,0,ᚳᚪᛒᚪᚱᛖᛏᛋ,458
depletes,267772,0,ᛞᛖᛈᛚᛖᛏᛖᛋ,518
baronets,267733,0,ᛒᚪᚱᚩᚾᛖᛏᛋ,384
headscarf,267557,0,ᚻᛠᛞᛋᚳᚪᚱᚠ,397
learnedly,267530,0,ᛚᛠᚱᚾᛖᛞᛚᚣ,554
preambles,267514,0,ᛈᚱᛠᛗᛒᛚᛖᛋ,488
retaliating,267252,0,ᚱᛖᛏᚪᛚᛡᛏᛝ,552
iroquoian,267157,0,ᛁᚱᚩᚳᚹᚩᛡᚾ,224
defrosting,266988,0,ᛞᛖᚠᚱᚩᛋᛏᛝ,367
jolliffe,266878,0,ᛂᚩᛚᛚᛁᚠᚠᛖ,292
kindreds,266849,0,ᚳᛁᚾᛞᚱᛖᛞᛋ,382
hustlers,266687,0,ᚻᚢᛋᛏᛚᛖᚱᛋ,342
birthmark,266371,0,ᛒᛁᚱᚦᛗᚪᚱᚳ,300
sprinter,266311,0,ᛋᛈᚱᛁᚾᛏᛖᚱ,304
osteopaths,266269,0,ᚩᛋᛏᛇᛈᚪᚦᛋ,358
serengeti,266197,0,ᛋᛖᚱᛖᛝᛖᛏᛁ,434
breakable,266194,1,ᛒᚱᛠᚳᚪᛒᛚᛖ,492
copulate,266149,0,ᚳᚩᛈᚢᛚᚪᛏᛖ,362
blueness,266053,0,ᛒᛚᚢᛖᚾᛖᛋᛋ,406
dressage,266032,0,ᛞᚱᛖᛋᛋᚪᚷᛖ,454
bulldogs,265905,0,ᛒᚢᛚᛚᛞᚩᚷᛋ,376
hymenium,265830,0,ᚻᚣᛗᛖᚾᛁᚢᛗ,398
volutions,265810,0,ᚢᚩᛚᚢᛏᛡᚾᛋ,334
abstains,265680,0,ᚪᛒᛋᛏᚪᛁᚾᛋ,480
throughly,265624,0,ᚦᚱᚩᚢᚷᚻᛚᚣ,242
laguerre,265597,0,ᛚᚪᚷᚢᛖᚱᚱᛖ,346
torturer,265539,0,ᛏᚩᚱᛏᚢᚱᛖᚱ,228
defector,265434,0,ᛞᛖᚠᛖᚳᛏᚩᚱ,315
puppetry,265362,0,ᛈᚢᛈᛈᛖᛏᚱᚣ,372
clincher,265321,0,ᚳᛚᛁᚾᚳᚻᛖᚱ,260
tomentum,265298,0,ᛏᚩᛗᛖᚾᛏᚢᛗ,366
merryman,265260,0,ᛗᛖᚱᚱᚣᛗᚪᚾ,460
berberis,265204,0,ᛒᛖᚱᛒᛖᚱᛁᛋ,362
piquancy,265051,0,ᛈᛁᚳᚹᚪᚾᚳᚣ,348
expiatory,265022,0,ᛖᛉᛈᛡᛏᚩᚱᚣ,444
surtaxes,264972,0,ᛋᚢᚱᛏᚪᛉᛖᛋ,390
amputate,264950,0,ᚪᛗᛈᚢᛏᚪᛏᛖ,496
wormhole,264874,0,ᚹᚩᚱᛗᚻᚩᛚᛖ,278
bluebell,264798,0,ᛒᛚᚢᛖᛒᛖᛚᛚ,478
rivetted,264693,0,ᚱᛁᚢᛖᛏᛏᛖᛞ,386
bindweed,264621,0,ᛒᛁᚾᛞᚹᛖᛖᛞ,452
anechoic,264597,0,ᚪᚾᛖᚳᚻᚩᛁᚳ,280
anchises,264572,0,ᚪᚾᚳᚻᛁᛋᛖᛋ,366
mauritian,264563,0,ᛗᚪᚢᚱᛁᛏᛡᚾ,408
ticketed,264467,0,ᛏᛁᚳᚳᛖᛏᛖᛞ,398
communed,264368,0,ᚳᚩᛗᛗᚢᚾᛖᛞ,350
voyageur,264224,0,ᚢᚩᚣᚪᚷᛖᚢᚱ,308
mantissa,263939,0,ᛗᚪᚾᛏᛁᛋᛋᚪ,490
unsorted,263556,0,ᚢᚾᛋᚩᚱᛏᛖᛞ,318
habitant,263551,0,ᚻᚪᛒᛁᛏᚪᚾᛏ,456
rustlers,263539,0,ᚱᚢᛋᛏᛚᛖᚱᛋ,330
lincolns,263205,0,ᛚᛁᚾᚳᚩᛚᚾᛋ,308
decamped,263180,0,ᛞᛖᚳᚪᛗᛈᛖᛞ,536
miserere,263176,0,ᛗᛁᛋᛖᚱᛖᚱᛖ,378
mydriasis,262985,0,ᛗᚣᛞᚱᛡᛋᛁᛋ,518
exoteric,262936,0,ᛖᛉᚩᛏᛖᚱᛁᚳ,302
unalaska,262863,0,ᚢᚾᚪᛚᚪᛋᚳᚪ,462
sweetman,262696,0,ᛋᚹᛖᛖᛏᛗᚪᚾ,462
pullover,262600,0,ᛈᚢᛚᛚᚩᚢᛖᚱ,280
buchwald,262557,0,ᛒᚢᚳᚻᚹᚪᛚᛞ,378
moldovan,262506,0,ᛗᚩᛚᛞᚩᚢᚪᚾ,376
diaphysis,262480,0,ᛞᛡᛈᚻᚣᛋᛁᛋ,502
bloodbath,262395,0,ᛒᛚᚩᚩᛞᛒᚪᚦ,400
impolicy,262358,0,ᛁᛗᛈᚩᛚᛁᚳᚣ,372
buckthorn,262145,0,ᛒᚢᚳᚳᚦᚩᚱᚾ,142
victrola,262006,0,ᚢᛁᚳᛏᚱᚩᛚᚪ,294
hercynian,261991,0,ᚻᛖᚱᚳᚣᚾᛡᚾ,382
dentinal,261938,0,ᛞᛖᚾᛏᛁᚾᚪᛚ,474
tightest,261876,0,ᛏᛁᚷᚻᛏᛖᛋᛏ,368
leveller,261642,0,ᛚᛖᚢᛖᛚᛚᛖᚱ,434
foliaceous,261499,0,ᚠᚩᛚᛡᚳᛇᚢᛋ,299
radiolaria,261397,0,ᚱᚪᛞᛡᛚᚪᚱᛡ,592
massenet,261382,0,ᛗᚪᛋᛋᛖᚾᛖᛏ,496
olympians,261228,0,ᚩᛚᚣᛗᛈᛡᚾᛋ,486
millionths,261216,0,ᛗᛁᛚᛚᛡᚾᚦᛋ,442
irradiate,261208,0,ᛁᚱᚱᚪᛞᛡᛏᛖ,472
cantered,261169,0,ᚳᚪᚾᛏᛖᚱᛖᛞ,432
sarcasms,261047,0,ᛋᚪᚱᚳᚪᛋᛗᛋ,448
teetered,260760,0,ᛏᛖᛖᛏᛖᚱᛖᛞ,486
checksum,260448,1,ᚳᚻᛖᚳᚳᛋᚢᛗ,256
spandrel,260397,0,ᛋᛈᚪᚾᛞᚱᛖᛚ,462
fastball,260354,0,ᚠᚪᛋᛏᛒᚪᛚᛚ,515
basilisk,260334,0,ᛒᚪᛋᛁᛚᛁᛋᚳ,412
woodshed,260307,0,ᚹᚩᚩᛞᛋᚻᛖᛞ,354
donative,260129,0,ᛞᚩᚾᚪᛏᛁᚢᛖ,382
majolica,260119,0,ᛗᚪᛂᚩᛚᛁᚳᚪ,426
ductless,260053,0,ᛞᚢᚳᛏᛚᛖᛋᛋ,410
partizan,260040,0,ᛈᚪᚱᛏᛁᛋᚪᚾ,420
winnowed,259974,0,ᚹᛁᚾᚾᚩᚹᛖᛞ,290
homonyms,259896,0,ᚻᚩᛗᚩᚾᚣᛗᛋ,364
unclothed,259889,0,ᚢᚾᚳᛚᚩᚦᛖᛞ,286
requital,259883,0,ᚱᛖᚳᚹᛁᛏᚪᛚ,370
dulcimer,259709,0,ᛞᚢᛚᚳᛁᛗᛖᚱ,358
castries,259588,0,ᚳᚪᛋᛏᚱᛁᛖᛋ,384
stoppard,259120,0,ᛋᛏᚩᛈᛈᚪᚱᛞ,402
cisternae,259057,0,ᚳᛁᛋᛏᛖᚱᚾᚫ,364
maiestie,258985,0,ᛗᚪᛁᛖᛋᛏᛁᛖ,476
quinault,258970,0,ᚳᚹᛁᚾᚪᚢᛚᛏ,324
antillean,258826,0,ᚪᚾᛏᛁᛚᛚᛠᚾ,500
aspersion,258790,0,ᚪᛋᛈᛖᚱᛋᛡᚾ,460
pardoner,258749,0,ᛈᚪᚱᛞᚩᚾᛖᚱ,354
geminate,258709,0,ᚷᛖᛗᛁᚾᚪᛏᛖ,438
laureates,258672,0,ᛚᚪᚢᚱᛠᛏᛖᛋ,472
saponins,258638,0,ᛋᚪᛈᚩᚾᛁᚾᛋ,342
gastrula,258586,0,ᚷᚪᛋᛏᚱᚢᛚᚪ,410
headfirst,258458,0,ᚻᛠᛞᚠᛁᚱᛋᛏ,377
placated,258453,0,ᛈᛚᚪᚳᚪᛏᛖᛞ,538
nonesuch,258408,0,ᚾᚩᚾᛖᛋᚢᚳᚻ,224
outworks,258365,0,ᚩᚢᛏᚹᚩᚱᚳᛋ,172
affiliating,258249,0,ᚪᚠᚠᛁᛚᛡᛏᛝ,450
shabbily,258236,0,ᛋᚻᚪᛒᛒᛁᛚᚣ,502
tunneled,258007,0,ᛏᚢᚾᚾᛖᛚᛖᛞ,416
codifies,258001,0,ᚳᚩᛞᛁᚠᛁᛖᛋ,293
britches,257941,0,ᛒᚱᛁᛏᚳᚻᛖᛋ,318
unitedly,257853,0,ᚢᚾᛁᛏᛖᛞᛚᚣ,454
telluric,257816,0,ᛏᛖᛚᛚᚢᚱᛁᚳ,330
portages,257812,0,ᛈᚩᚱᛏᚪᚷᛖᛋ,354
redactor,257773,0,ᚱᛖᛞᚪᚳᛏᚩᚱ,354
trochlear,257539,0,ᛏᚱᚩᚳᚻᛚᛠᚱ,306
stolidly,257478,0,ᛋᛏᚩᛚᛁᛞᛚᚣ,488
blinders,257446,0,ᛒᛚᛁᚾᛞᛖᚱᛋ,414
unspoilt,257441,0,ᚢᚾᛋᛈᚩᛁᛚᛏ,298
parterre,257373,0,ᛈᚪᚱᛏᛖᚱᚱᛖ,366
mindsets,257280,0,ᛗᛁᚾᛞᛋᛖᛏᛋ,452
curbside,257265,0,ᚳᚢᚱᛒᛋᛁᛞᛖ,328
fullback,257243,0,ᚠᚢᛚᛚᛒᚪᚳᚳ,335
glimmers,257209,0,ᚷᛚᛁᛗᛗᛖᚱᛋ,394
conflate,257208,0,ᚳᚩᚾᚠᛚᚪᛏᛖ,347
splatter,257164,0,ᛋᛈᛚᚪᛏᛏᛖᚱ,462
mementoes,256994,0,ᛗᛖᛗᛖᚾᛏᛟᛋ,500
anthropos,256955,0,ᚪᚾᚦᚱᚩᛈᚩᛋ,252
strongman,256922,0,ᛋᛏᚱᚩᛝᛗᚪᚾ,406
matchbox,256738,0,ᛗᚪᛏᚳᚻᛒᚩᛉ,378
embitter,256620,0,ᛖᛗᛒᛁᛏᛏᛖᚱ,426
forsworn,256583,0,ᚠᚩᚱᛋᚹᚩᚱᚾ,139
quibbles,256223,0,ᚳᚹᛁᛒᛒᛚᛖᛋ,378
crocuses,256158,0,ᚳᚱᚩᚳᚢᛋᛖᛋ,220
kreisler,256153,0,ᚳᚱᛖᛁᛋᛚᛖᚱ,326
angostura,256122,0,ᚪᛝᚩᛋᛏᚢᚱᚪ,406
congruous,256085,0,ᚳᚩᛝᚱᚢᚩᚢᛋ,176
airedale,256077,0,ᚪᛁᚱᛖᛞᚪᛚᛖ,532
radiantly,256013,0,ᚱᚪᛞᛡᚾᛏᛚᚣ,568
racemose,255892,0,ᚱᚪᚳᛖᛗᚩᛋᛖ,386
scavenged,255876,0,ᛋᚳᚪᚢᛖᛝᛖᛞ,468
bickerings,255867,0,ᛒᛁᚳᚳᛖᚱᛝᛋ,328
limousin,255798,0,ᛚᛁᛗᚩᚢᛋᛁᚾ,298
mohicans,255693,0,ᛗᚩᚻᛁᚳᚪᚾᛋ,324
noontime,255521,0,ᚾᚩᚩᚾᛏᛁᛗᛖ,300
spearheads,255508,0,ᛋᛈᛠᚱᚻᛠᛞᛋ,490
novellas,255437,0,ᚾᚩᚢᛖᛚᛚᚪᛋ,402
hexagram,254979,0,ᚻᛖᛉᚪᚷᚱᚪᛗ,430
nephrons,254936,0,ᚾᛖᛈᚻᚱᚩᚾᛋ,262
emissive,254749,0,ᛖᛗᛁᛋᛋᛁᚢᛖ,376
belgravia,254589,0,ᛒᛖᛚᚷᚱᚪᚢᛡ,436
obtruded,254492,0,ᚩᛒᛏᚱᚢᛞᛖᛞ,386
deflexion,254350,0,ᛞᛖᚠᛚᛖᛉᛡᚾ,481
feckless,254307,0,ᚠᛖᚳᚳᛚᛖᛋᛋ,341
gladsome,254191,0,ᚷᛚᚪᛞᛋᚩᛗᛖ,474
weatherman,253952,0,ᚹᛠᚦᛖᚱᛗᚪᚾ,408
milliards,253764,0,ᛗᛁᛚᛚᛡᚱᛞᛋ,508
angouleme,253744,0,ᚪᛝᚩᚢᛚᛖᛗᛖ,464
suchlike,253650,0,ᛋᚢᚳᚻᛚᛁᚳᛖ,276
erectors,253556,0,ᛖᚱᛖᚳᛏᚩᚱᛋ,288
hornfels,253299,0,ᚻᚩᚱᚾᚠᛖᛚᛋ,265
flatfish,253262,0,ᚠᛚᚪᛏᚠᛁᛋᚻ,340
palomino,253170,0,ᛈᚪᛚᚩᛗᛁᚾᚩ,358
julienne,252937,0,ᛂᚢᛚᛁᛖᚾᚾᛖ,336
holsters,252845,0,ᚻᚩᛚᛋᛏᛖᚱᛋ,346
throttles,252721,0,ᚦᚱᚩᛏᛏᛚᛖᛋ,334
songsters,252617,0,ᛋᚩᛝᛋᛏᛖᚱᛋ,382
foundlings,252610,0,ᚠᚩᚢᚾᛞᛚᛝᛋ,335
milkmaid,252589,0,ᛗᛁᛚᚳᛗᚪᛁᛞ,476
plethoric,252569,0,ᛈᛚᛖᚦᚩᚱᛁᚳ,250
parakeet,252437,0,ᛈᚪᚱᚪᚳᛖᛖᛏ,454
toasters,252276,0,ᛏᚩᚪᛋᛏᛖᚱᛋ,406
coinages,252221,0,ᚳᚩᛁᚾᚪᚷᛖᛋ,314
sunshiny,252200,0,ᛋᚢᚾᛋᚻᛁᚾᚣ,324
socialite,252106,0,ᛋᚩᚳᛡᛚᛁᛏᛖ,410
emulates,252084,0,ᛖᛗᚢᛚᚪᛏᛖᛋ,490
wiretaps,252022,0,ᚹᛁᚱᛖᛏᚪᛈᛋ,380
proteges,251948,0,ᛈᚱᚩᛏᛖᚷᛖᛋ,324
claymore,251853,0,ᚳᛚᚪᚣᛗᚩᚱᛖ,442
archways,251818,0,ᚪᚱᚳᚻᚹᚪᚣᛋ,416
outputting,251739,0,ᚩᚢᛏᛈᚢᛏᛏᛝ,312
myotonic,251622,0,ᛗᚣᚩᛏᚩᚾᛁᚳ,320
ricochet,251285,0,ᚱᛁᚳᚩᚳᚻᛖᛏ,224
gaveston,251207,0,ᚷᚪᚢᛖᛋᛏᚩᚾ,332
kordofan,251179,0,ᚳᚩᚱᛞᚩᚠᚪᚾ,255
bollocks,250985,0,ᛒᚩᛚᛚᚩᚳᚳᛋ,300
imbroglio,250956,0,ᛁᛗᛒᚱᚩᚷᛚᛡ,378
ghiberti,250750,0,ᚷᚻᛁᛒᛖᚱᛏᛁ,300
vegetate,250647,0,ᚢᛖᚷᛖᛏᚪᛏᛖ,436
perspire,250542,0,ᛈᛖᚱᛋᛈᛁᚱᛖ,326
buckhorn,250273,0,ᛒᚢᚳᚳᚻᚩᚱᚾ,160
cattails,250176,0,ᚳᚪᛏᛏᚪᛁᛚᛋ,482
demesnes,250094,0,ᛞᛖᛗᛖᛋᚾᛖᛋ,496
cluttering,250035,0,ᚳᛚᚢᛏᛏᛖᚱᛝ,364
snowdrop,250032,0,ᛋᚾᚩᚹᛞᚱᚩᛈ,258
proffering,250009,0,ᛈᚱᚩᚠᚠᛖᚱᛝ,222
colonising,249875,0,ᚳᚩᛚᚩᚾᛁᛋᛝ,292
bhandari,249723,0,ᛒᚻᚪᚾᛞᚪᚱᛁ,438
bleakness,249486,0,ᛒᛚᛠᚳᚾᛖᛋᛋ,458
reasoners,249450,0,ᚱᛠᛋᚩᚾᛖᚱᛋ,340
standout,249359,0,ᛋᛏᚪᚾᛞᚩᚢᛏ,396
sojourns,249168,0,ᛋᚩᛂᚩᚢᚱᚾᛋ,200
banishes,248611,0,ᛒᚪᚾᛁᛋᚻᛖᛋ,414
skinners,248565,0,ᛋᚳᛁᚾᚾᛖᚱᛋ,286
shootout,248394,0,ᛋᚻᚩᚩᛏᚩᚢᛏ,218
specters,248275,0,ᛋᛈᛖᚳᛏᛖᚱᛋ,366
overrate,248166,0,ᚩᚢᛖᚱᚱᚪᛏᛖ,322
intersex,248093,0,ᛁᚾᛏᛖᚱᛋᛖᛉ,364
postages,247892,0,ᛈᚩᛋᛏᚪᚷᛖᛋ,396
japanned,247879,0,ᛂᚪᛈᚪᚾᚾᛖᛞ,488
banknote,247786,0,ᛒᚪᚾᚳᚾᚩᛏᛖ,362
sedately,247540,0,ᛋᛖᛞᚪᛏᛖᛚᚣ,608
sassanian,247074,0,ᛋᚪᛋᛋᚪᚾᛡᚾ,518
tyrolese,247039,0,ᛏᚣᚱᚩᛚᛖᛋᛖ,440
suffixed,247015,0,ᛋᚢᚠᚠᛁᛉᛖᛞ,294
annotating,246878,0,ᚪᚾᚾᚩᛏᚪᛏᛝ,456
fruitage,246874,0,ᚠᚱᚢᛁᛏᚪᚷᛖ,287
monomania,246649,0,ᛗᚩᚾᚩᛗᚪᚾᛡ,418
editable,246618,0,ᛖᛞᛁᛏᚪᛒᛚᛖ,544
actinium,246587,0,ᚪᚳᛏᛁᚾᛁᚢᛗ,334
excisions,246553,0,ᛖᛉᚳᛁᛋᛡᚾᛋ,400
levulose,246550,0,ᛚᛖᚢᚢᛚᚩᛋᛖ,346
polysemy,246543,0,ᛈᚩᛚᚣᛋᛖᛗᚣ,520
stupefying,246484,0,ᛋᛏᚢᛈᛖᚠᚣᛝ,409
scraggly,246430,0,ᛋᚳᚱᚪᚷᚷᛚᚣ,384
arpeggios,246423,0,ᚪᚱᛈᛖᚷᚷᛡᛋ,412
tidiness,246319,0,ᛏᛁᛞᛁᚾᛖᛋᛋ,412
shuttled,246315,0,ᛋᚻᚢᛏᛏᛚᛖᛞ,426
billable,246271,0,ᛒᛁᛚᛚᚪᛒᛚᛖ,536
declarer,245945,0,ᛞᛖᚳᛚᚪᚱᛖᚱ,428
morasses,245907,0,ᛗᚩᚱᚪᛋᛋᛖᛋ,412
grippers,245880,0,ᚷᚱᛁᛈᛈᛖᚱᛋ,276
nijinsky,245761,0,ᚾᛁᛂᛁᚾᛋᚳᚣ,326
norseman,245704,0,ᚾᚩᚱᛋᛖᛗᚪᚾ,364
libration,245682,0,ᛚᛁᛒᚱᚪᛏᛡᚾ,468
reticule,245527,0,ᚱᛖᛏᛁᚳᚢᛚᛖ,324
resolver,245325,0,ᚱᛖᛋᚩᛚᚢᛖᚱ,292
divorcee,245208,0,ᛞᛁᚢᚩᚱᚳᛖᛖ,288
elongates,245117,0,ᛖᛚᚩᛝᚪᛏᛖᛋ,502
baronage,245052,0,ᛒᚪᚱᚩᚾᚪᚷᛖ,386
thunderer,245029,0,ᚦᚢᚾᛞᛖᚱᛖᚱ,282
etiolated,244998,0,ᛖᛏᛡᛚᚪᛏᛖᛞ,618
cassiopeia,244995,0,ᚳᚪᛋᛋᛡᛈᛖᛡ,540
pawnshop,244985,0,ᛈᚪᚹᚾᛋᚻᚩᛈ,314
veracious,244852,0,ᚢᛖᚱᚪᚳᛡᚢᛋ,354
bimanual,244645,0,ᛒᛁᛗᚪᚾᚢᚪᛚ,462
sandbank,244644,0,ᛋᚪᚾᛞᛒᚪᚾᚳ,468
equalise,244545,0,ᛖᚳᚹᚪᛚᛁᛋᛖ,420
backroom,244450,0,ᛒᚪᚳᚳᚱᚩᚩᛗ,280
lobotomy,244399,0,ᛚᚩᛒᚩᛏᚩᛗᚣ,388
invitingly,244399,0,ᛁᚾᚢᛁᛏᛝᛚᚣ,408
portholes,244372,0,ᛈᚩᚱᚦᚩᛚᛖᛋ,266
swaddled,244363,0,ᛋᚹᚪᛞᛞᛚᛖᛞ,576
seedbeds,244295,0,ᛋᛖᛖᛞᛒᛖᛞᛋ,546
radiogram,244161,0,ᚱᚪᛞᛡᚷᚱᚪᛗ,500
plastron,244150,0,ᛈᛚᚪᛋᛏᚱᚩᚾ,372
enquires,244071,0,ᛖᚾᚳᚹᛁᚱᛖᛋ,290
littlest,244028,0,ᛚᛁᛏᛏᛚᛖᛋᛏ,474
hummocky,243997,0,ᚻᚢᛗᛗᚩᚳᚳᚣ,304
diarrhoeal,243981,0,ᛞᛡᚱᚱᚻᛟᚪᛚ,494
hydroids,243943,0,ᚻᚣᛞᚱᚩᛁᛞᛋ,406
vietminh,243929,0,ᚢᛁᛖᛏᛗᛁᚾᚻ,314
sluggard,243779,0,ᛋᛚᚢᚷᚷᚪᚱᛞ,360
tonicity,243663,0,ᛏᚩᚾᛁᚳᛁᛏᚣ,332
upbraiding,243637,0,ᚢᛈᛒᚱᚪᛁᛞᛝ,414
threadlike,243389,0,ᚦᚱᛠᛞᛚᛁᚳᛖ,398
revelers,243324,0,ᚱᛖᚢᛖᛚᛖᚱᛋ,352
carberry,243305,0,ᚳᚪᚱᛒᛖᚱᚱᚣ,374
blustery,243295,0,ᛒᛚᚢᛋᛏᛖᚱᚣ,430
daguerre,243192,0,ᛞᚪᚷᚢᛖᚱᚱᛖ,362
appealingly,242974,0,ᚪᛈᛈᛠᛚᛝᛚᚣ,620
placebos,242871,0,ᛈᛚᚪᚳᛖᛒᚩᛋ,414
postcode,242291,0,ᛈᚩᛋᛏᚳᚩᛞᛖ,338
saccular,242217,0,ᛋᚪᚳᚳᚢᛚᚪᚱ,360
combiner,242206,0,ᚳᚩᛗᛒᛁᚾᛖᚱ,290
diploids,242174,0,ᛞᛁᛈᛚᚩᛁᛞᛋ,416
duplexes,242120,0,ᛞᚢᛈᛚᛖᛉᛖᛋ,442
penurious,242113,0,ᛈᛖᚾᚢᚱᛡᚢᛋ,316
scrabbling,241798,0,ᛋᚳᚱᚪᛒᛒᛚᛝ,448
monaural,241547,0,ᛗᚩᚾᚪᚢᚱᚪᛚ,388
alienage,241493,0,ᚪᛚᛁᛖᚾᚪᚷᛖ,478
triremes,241038,0,ᛏᚱᛁᚱᛖᛗᛖᛋ,370
wellborn,240989,0,ᚹᛖᛚᛚᛒᚩᚱᚾ,340
fledglings,240840,0,ᚠᛚᛖᛞᚷᛚᛝᛋ,453
smoothies,240813,0,ᛋᛗᚩᚩᚦᛁᛖᛋ,294
iodination,240640,0,ᛡᛞᛁᚾᚪᛏᛡᚾ,548
madwoman,240635,0,ᛗᚪᛞᚹᚩᛗᚪᚾ,480
audiogram,240587,0,ᚪᚢᛞᛡᚷᚱᚪᛗ,492
enviously,240542,0,ᛖᚾᚢᛡᚢᛋᛚᚣ,438
dominium,240341,0,ᛞᚩᛗᛁᚾᛁᚢᛗ,332
outshone,240151,0,ᚩᚢᛏᛋᚻᚩᚾᛖ,248
geodesics,239847,0,ᚷᛇᛞᛖᛋᛁᚳᛋ,364
prideful,239808,0,ᛈᚱᛁᛞᛖᚠᚢᛚ,319
mandrels,239753,0,ᛗᚪᚾᛞᚱᛖᛚᛋ,490
inspirer,239736,0,ᛁᚾᛋᛈᛁᚱᛖᚱ,276
wrestles,239482,0,ᚹᚱᛖᛋᛏᛚᛖᛋ,402
concocting,239442,0,ᚳᚩᚾᚳᚩᚳᛏᛝ,220
concours,239419,0,ᚳᚩᚾᚳᚩᚢᚱᛋ,136
wishbone,239231,0,ᚹᛁᛋᚻᛒᚩᚾᛖ,290
acquitting,239225,0,ᚪᚳᚳᚹᛁᛏᛏᛝ,370
ghoulish,239167,0,ᚷᚻᚩᚢᛚᛁᛋᚻ,230
senorita,239109,0,ᛋᛖᚾᚩᚱᛁᛏᚪ,354
foldable,238947,0,ᚠᚩᛚᛞᚪᛒᛚᛖ,469
vertuous,238836,0,ᚢᛖᚱᛏᚢᚩᚢᛋ,206
marchesa,238815,0,ᛗᚪᚱᚳᚻᛖᛋᚪ,432
manichean,238672,0,ᛗᚪᚾᛁᚳᚻᛠᚾ,402
dystopian,238638,0,ᛞᚣᛋᛏᚩᛈᛡᚾ,490
quietism,238402,0,ᚳᚹᛁᛖᛏᛁᛋᛗ,344
loincloth,238366,0,ᛚᚩᛁᚾᚳᛚᚩᚦ,238
disobeys,238341,0,ᛞᛁᛋᚩᛒᛖᚣᛋ,464
woodpile,238326,0,ᚹᚩᚩᛞᛈᛁᛚᛖ,336
trickier,238326,0,ᛏᚱᛁᚳᚳᛁᛖᚱ,236
capitula,238293,0,ᚳᚪᛈᛁᛏᚢᛚᚪ,416
compendia,238288,0,ᚳᚩᛗᛈᛖᚾᛞᛡ,426
embargoed,238123,0,ᛖᛗᛒᚪᚱᚷᛟᛞ,496
rocketry,238119,0,ᚱᚩᚳᚳᛖᛏᚱᚣ,284
halfback,238083,0,ᚻᚪᛚᚠᛒᚪᚳᚳ,379
havisham,237910,0,ᚻᚪᚢᛁᛋᚻᚪᛗ,398
scantlings,237885,0,ᛋᚳᚪᚾᛏᛚᛝᛋ,456
strangles,237767,0,ᛋᛏᚱᚪᛝᛚᛖᛋ,492
lemaitre,237725,0,ᛚᛖᛗᚪᛁᛏᚱᛖ,476
visiters,237634,0,ᚢᛁᛋᛁᛏᛖᚱᛋ,308
solander,237541,0,ᛋᚩᛚᚪᚾᛞᛖᚱ,426
agonised,237468,0,ᚪᚷᚩᚾᛁᛋᛖᛞ,390
rasselas,237429,0,ᚱᚪᛋᛋᛖᛚᚪᛋ,504
uncleared,237307,0,ᚢᚾᚳᛚᛠᚱᛖᛞ,394
waybills,237172,0,ᚹᚪᚣᛒᛁᛚᛚᛋ,510
curtsied,237127,0,ᚳᚢᚱᛏᛋᛁᛖᛞ,326
yieldingly,237008,0,ᚣᛁᛖᛚᛞᛝᛚᚣ,618
compassing,236875,0,ᚳᚩᛗᛈᚪᛋᛋᛝ,416
ribaldry,236742,0,ᚱᛁᛒᚪᛚᛞᚱᚣ,476
corallum,236717,0,ᚳᚩᚱᚪᛚᛚᚢᛗ,348
blastula,236704,0,ᛒᛚᚪᛋᛏᚢᛚᚪ,516
flounces,236554,0,ᚠᛚᚩᚢᚾᚳᛖᛋ,247
circuity,236533,0,ᚳᛁᚱᚳᚢᛁᛏᚣ,264
lovesick,236471,0,ᛚᚩᚢᛖᛋᛁᚳᚳ,260
untended,236461,0,ᚢᚾᛏᛖᚾᛞᛖᛞ,432
foliations,236447,0,ᚠᚩᛚᛡᛏᛡᚾᛋ,437
subplots,236299,0,ᛋᚢᛒᛈᛚᚩᛏᛋ,352
laburnum,236179,0,ᛚᚪᛒᚢᚱᚾᚢᛗ,348
twisters,236166,0,ᛏᚹᛁᛋᛏᛖᚱᛋ,352
woodsmen,236165,0,ᚹᚩᚩᛞᛋᛗᛖᚾ,342
descript,236099,0,ᛞᛖᛋᚳᚱᛁᛈᛏ,366
careworn,235903,0,ᚳᚪᚱᛖᚹᚩᚱᚾ,254
pemmican,235853,0,ᛈᛖᛗᛗᛁᚳᚪᚾ,422
carnally,235815,0,ᚳᚪᚱᚾᚪᛚᛚᚣ,496
rainless,235709,0,ᚱᚪᛁᚾᛚᛖᛋᛋ,414
lengthways,235619,0,ᛚᛖᛝᚦᚹᚪᚣᛋ,496
chortled,235582,0,ᚳᚻᚩᚱᛏᛚᛖᛞ,342
potently,235566,0,ᛈᚩᛏᛖᚾᛏᛚᚣ,440
schnapps,235475,0,ᛋᚳᚻᚾᚪᛈᛈᛋ,354
reordered,235420,0,ᚱᛇᚱᛞᛖᚱᛖᛞ,386
glossina,235419,0,ᚷᛚᚩᛋᛋᛁᚾᚪ,360
mayflies,235357,0,ᛗᚪᚣᚠᛚᛁᛖᛋ,497
meteoroid,235341,0,ᛗᛖᛏᛇᚱᚩᛁᛞ,376
fallowed,235271,0,ᚠᚪᛚᛚᚩᚹᛖᛞ,427
ruggedly,235198,0,ᚱᚢᚷᚷᛖᛞᛚᚣ,380
branchiae,235155,0,ᛒᚱᚪᚾᚳᚻᛡᛖ,408
thersites,235113,0,ᚦᛖᚱᛋᛁᛏᛖᛋ,346
stibnite,235068,0,ᛋᛏᛁᛒᚾᛁᛏᛖ,390
isometry,235042,0,ᛁᛋᚩᛗᛖᛏᚱᚣ,402
mongolians,235034,0,ᛗᚩᛝᚩᛚᛡᚾᛋ,426
profunda,234955,0,ᛈᚱᚩᚠᚢᚾᛞᚪ,281
messaged,234828,0,ᛗᛖᛋᛋᚪᚷᛖᛞ,514
skewered,234598,0,ᛋᚳᛖᚹᛖᚱᛖᛞ,386
armagnac,234496,0,ᚪᚱᛗᚪᚷᚾᚪᚳ,432
planation,234411,0,ᛈᛚᚪᚾᚪᛏᛡᚾ,534
archaism,234220,0,ᚪᚱᚳᚻᚪᛁᛋᛗ,396
unpeeled,234202,0,ᚢᚾᛈᛖᛖᛚᛖᛞ,438
consorting,234199,0,ᚳᚩᚾᛋᚩᚱᛏᛝ,258
forborne,234147,0,ᚠᚩᚱᛒᚩᚱᚾᛖ,195
poolside,234069,0,ᛈᚩᚩᛚᛋᛁᛞᛖ,370
spillane,233992,0,ᛋᛈᛁᛚᛚᚪᚾᛖ,466
unburden,233937,0,ᚢᚾᛒᚢᚱᛞᛖᚾ,292
corpsman,233845,0,ᚳᚩᚱᛈᛋᛗᚪᚾ,324
mongolism,233828,0,ᛗᚩᛝᚩᛚᛁᛋᛗ,392
busyness,233813,0,ᛒᚢᛋᚣᚾᛖᛋᛋ,422
sourness,233808,0,ᛋᚩᚢᚱᚾᛖᛋᛋ,276
pantries,233710,0,ᛈᚪᚾᛏᚱᛁᛖᛋ,390
peroneus,233671,0,ᛈᛖᚱᚩᚾᛖᚢᛋ,280
abducens,233528,0,ᚪᛒᛞᚢᚳᛖᚾᛋ,412
chasuble,233494,0,ᚳᚻᚪᛋᚢᛒᛚᛖ,390
holdfast,233463,0,ᚻᚩᛚᛞᚠᚪᛋᛏ,403
stiffens,233370,0,ᛋᛏᛁᚠᚠᛖᚾᛋ,296
dipstick,233257,0,ᛞᛁᛈᛋᛏᛁᚳᚳ,332
catchall,233142,0,ᚳᚪᛏᚳᚻᚪᛚᛚ,448
achiever,233074,0,ᚪᚳᚻᛁᛖᚢᛖᚱ,312
larousse,232904,0,ᛚᚪᚱᚩᚢᛋᛋᛖ,364
defecate,232789,0,ᛞᛖᚠᛖᚳᚪᛏᛖ,461
chatters,232722,0,ᚳᚻᚪᛏᛏᛖᚱᛋ,382
corrodes,232713,0,ᚳᚩᚱᚱᚩᛞᛖᛋ,258
bankside,232510,0,ᛒᚪᚾᚳᛋᛁᛞᛖ,440
manatees,232375,0,ᛗᚪᚾᚪᛏᛖᛖᛋ,540
undulant,232351,0,ᚢᚾᛞᚢᛚᚪᚾᛏ,382
englishes,232220,0,ᛖᛝᛚᛁᛋᚻᛖᛋ,446
amphioxus,232207,0,ᚪᛗᛈᚻᛡᛉᚢᛋ,444
lusignan,232177,0,ᛚᚢᛋᛁᚷᚾᚪᚾ,332
porticos,231909,0,ᛈᚩᚱᛏᛁᚳᚩᛋ,224
unblushing,231733,0,ᚢᚾᛒᛚᚢᛋᚻᛝ,324
cockpits,231604,0,ᚳᚩᚳᚳᛈᛁᛏᛋ,232
bryozoan,231594,0,ᛒᚱᚣᚩᛋᚩᚪᚾ,368
frazzled,231286,0,ᚠᚱᚪᛋᛋᛚᛖᛞ,445
bookworm,231274,0,ᛒᚩᚩᚳᚹᚩᚱᛗ,196
shovelling,231161,0,ᛋᚻᚩᚢᛖᛚᛚᛝ,378
chequers,231036,0,ᚳᚻᛖᚳᚹᛖᚱᛋ,266
ordinals,230980,0,ᚩᚱᛞᛁᚾᚪᛚᛋ,390
cephalon,230978,0,ᚳᛖᛈᚻᚪᛚᚩᚾ,352
heliport,230715,0,ᚻᛖᛚᛁᛈᚩᚱᛏ,314
pacifier,230415,0,ᛈᚪᚳᛁᚠᛁᛖᚱ,295
macassar,230381,0,ᛗᚪᚳᚪᛋᛋᚪᚱ,492
windrows,230278,0,ᚹᛁᚾᛞᚱᚩᚹᛋ,258
busybody,230259,0,ᛒᚢᛋᚣᛒᚩᛞᚣ,480
undimmed,230155,0,ᚢᚾᛞᛁᛗᛗᛖᛞ,450
darksome,230078,0,ᛞᚪᚱᚳᛋᚩᛗᛖ,408
sumatran,230006,0,ᛋᚢᛗᚪᛏᚱᚪᚾ,420
nonlethal,229990,0,ᚾᚩᚾᛚᛖᚦᚪᛚ,380
seceders,229871,0,ᛋᛖᚳᛖᛞᛖᚱᛋ,420
papillon,229830,0,ᛈᚪᛈᛁᛚᛚᚩᚾ,396
tensional,229644,0,ᛏᛖᚾᛋᛡᚾᚪᛚ,514
snickers,229617,0,ᛋᚾᛁᚳᚳᛖᚱᛋ,270
pilfered,229509,0,ᛈᛁᛚᚠᛖᚱᛖᛞ,383
traffics,229431,0,ᛏᚱᚪᚠᚠᛁᚳᛋ,268
headphone,229288,0,ᚻᛠᛞᛈᚻᚩᚾᛖ,390
catalyse,229260,0,ᚳᚪᛏᚪᛚᚣᛋᛖ,562
turbaned,229202,0,ᛏᚢᚱᛒᚪᚾᛖᛞ,416
sedulous,229134,0,ᛋᛖᛞᚢᛚᚩᚢᛋ,348
unclosed,229050,0,ᚢᚾᚳᛚᚩᛋᛖᛞ,334
croutons,228996,0,ᚳᚱᚩᚢᛏᚩᚾᛋ,182
lilliput,228981,0,ᛚᛁᛚᛚᛁᛈᚢᛏ,386
badgered,228956,0,ᛒᚪᛞᚷᛖᚱᛖᛞ,498
ferrules,228905,0,ᚠᛖᚱᚱᚢᛚᛖᛋ,287
upstarts,228860,0,ᚢᛈᛋᛏᚪᚱᛏᛋ,378
flurries,228798,0,ᚠᛚᚢᚱᚱᛁᛖᛋ,251
katowice,228722,0,ᚳᚪᛏᚩᚹᛁᚳᛖ,306
scoffers,228683,0,ᛋᚳᚩᚠᚠᛖᚱᛋ,208
trobriand,228649,0,ᛏᚱᚩᛒᚱᛡᚾᛞ,374
filipina,228590,0,ᚠᛁᛚᛁᛈᛁᚾᚪ,337
saltbush,228524,0,ᛋᚪᛚᛏᛒᚢᛋᚻ,422
distending,228499,0,ᛞᛁᛋᛏᛖᚾᛞᛝ,496
violences,228487,0,ᚢᛡᛚᛖᚾᚳᛖᛋ,412
licenced,228485,0,ᛚᛁᚳᛖᚾᚳᛖᛞ,382
brokenly,228478,0,ᛒᚱᚩᚳᛖᚾᛚᚣ,364
piscator,228411,0,ᛈᛁᛋᚳᚪᛏᚩᚱ,314
manacled,228407,0,ᛗᚪᚾᚪᚳᛚᛖᛞ,536
antinous,228376,0,ᚪᚾᛏᛁᚾᚩᚢᛋ,308
mattocks,228324,0,ᛗᚪᛏᛏᚩᚳᚳᛋ,372
shipmate,228085,0,ᛋᚻᛁᛈᛗᚪᛏᛖ,444
erasable,228036,0,ᛖᚱᚪᛋᚪᛒᛚᛖ,526
straggle,228022,0,ᛋᛏᚱᚪᚷᚷᛚᛖ,394
gibbsite,227868,0,ᚷᛁᛒᛒᛋᛁᛏᛖ,380
naturals,227841,0,ᚾᚪᛏᚢᚱᚪᛚᛋ,422
libertas,227742,0,ᛚᛁᛒᛖᚱᛏᚪᛋ,452
playgoers,227738,0,ᛈᛚᚪᚣᚷᛟᚱᛋ,480
perfumer,227552,0,ᛈᛖᚱᚠᚢᛗᛖᚱ,275
coulombs,227459,0,ᚳᚩᚢᛚᚩᛗᛒᛋ,288
oleoresin,227406,0,ᚩᛚᛇᚱᛖᛋᛁᚾ,312
aircrews,227302,0,ᚪᛁᚱᚳᚱᛖᚹᛋ,302
frontals,227276,0,ᚠᚱᚩᚾᛏᚪᛚᛋ,331
standers,227273,0,ᛋᛏᚪᚾᛞᛖᚱᛋ,458
limonene,227258,0,ᛚᛁᛗᚩᚾᛖᚾᛖ,374
blotters,227202,0,ᛒᛚᚩᛏᛏᛖᚱᛋ,390
truncheon,227175,0,ᛏᚱᚢᚾᚳᚻᛇᚾ,208
streight,226933,0,ᛋᛏᚱᛖᛁᚷᚻᛏ,320
saddlers,226916,0,ᛋᚪᛞᛞᛚᛖᚱᛋ,532
enzootic,226893,0,ᛖᚾᛋᚩᚩᛏᛁᚳ,266
chewable,226757,0,ᚳᚻᛖᚹᚪᛒᛚᛖ,420
rosaline,226630,0,ᚱᚩᛋᚪᛚᛁᚾᛖ,368
skimmers,226177,0,ᛋᚳᛁᛗᛗᛖᚱᛋ,370
allworthy,226118,0,ᚪᛚᛚᚹᚩᚱᚦᚣ,388
rhizoids,226050,0,ᚱᚻᛁᛋᚩᛁᛞᛋ,298
godspeed,226009,0,ᚷᚩᛞᛋᛈᛖᛖᛞ,432
blowouts,225930,0,ᛒᛚᚩᚹᚩᚢᛏᛋ,282
piracies,225920,0,ᛈᛁᚱᚪᚳᛁᛖᛋ,346
virtuosi,225732,0,ᚢᛁᚱᛏᚢᚩᛋᛁ,198
broaches,225652,0,ᛒᚱᚩᚪᚳᚻᛖᛋ,332
infuriate,225639,0,ᛁᚾᚠᚢᚱᛡᛏᛖ,309
enlivens,225514,0,ᛖᚾᛚᛁᚢᛖᚾᛋ,352
tediously,225272,0,ᛏᛖᛞᛡᚢᛋᛚᚣ,554
custards,225167,0,ᚳᚢᛋᛏᚪᚱᛞᛋ,378
cuticles,225031,0,ᚳᚢᛏᛁᚳᛚᛖᛋ,312
amphipod,224958,0,ᚪᛗᛈᚻᛁᛈᚩᛞ,404
idolater,224649,0,ᛁᛞᚩᛚᚪᛏᛖᚱ,434
odontoid,224638,0,ᚩᛞᚩᚾᛏᚩᛁᛞ,318
farriers,224551,0,ᚠᚪᚱᚱᛁᛖᚱᛋ,283
shoelaces,224548,0,ᛋᚻᛟᛚᚪᚳᛖᛋ,462
footways,224525,0,ᚠᚩᚩᛏᚹᚪᚣᛋ,347
ascidians,224386,0,ᚪᛋᚳᛁᛞᛡᚾᛋ,472
twitchings,224305,0,ᛏᚹᛁᛏᚳᚻᛝᛋ,336
lowville,224244,0,ᛚᚩᚹᚢᛁᛚᛚᛖ,346
strumpet,224225,0,ᛋᛏᚱᚢᛗᛈᛖᛏ,366
floridan,224087,0,ᚠᛚᚩᚱᛁᛞᚪᚾ,339
feeblest,224086,0,ᚠᛖᛖᛒᛚᛖᛋᛏ,449
dwarfish,224047,0,ᛞᚹᚪᚱᚠᛁᛋᚻ,325
jumpsuit,224016,0,ᛂᚢᛗᛈᛋᚢᛁᛏ,300
lineations,223998,0,ᛚᛁᚾᛠᛏᛡᚾᛋ,490
walleyes,223953,0,ᚹᚪᛚᛚᛖᚣᛖᛋ,552
rarified,223922,0,ᚱᚪᚱᛁᚠᛁᛖᛞ,339
unwisdom,223905,0,ᚢᚾᚹᛁᛋᛞᚩᛗ,302
moralize,223888,0,ᛗᚩᚱᚪᛚᛁᛋᛖ,410
digraphs,223722,0,ᛞᛁᚷᚱᚪᛈᚻᛋ,364
inflates,223582,0,ᛁᚾᚠᛚᚪᛏᛖᛋ,411
nightwear,223540,0,ᚾᛁᚷᚻᛏᚹᛠᚱ,298
drawstring,223399,0,ᛞᚱᚪᚹᛋᛏᚱᛝ,418
ideologue,223322,0,ᛁᛞᛇᛚᚩᚷᚢᛖ,328
misjudge,223299,0,ᛗᛁᛋᛂᚢᛞᚷᛖ,368
capstans,223284,0,ᚳᚪᛈᛋᛏᚪᚾᛋ,444
alewives,223276,0,ᚪᛚᛖᚹᛁᚢᛖᛋ,410
endemism,223274,0,ᛖᚾᛞᛖᛗᛁᛋᛗ,478
resettling,223273,0,ᚱᛖᛋᛖᛏᛏᛚᛝ,468
decouple,223263,0,ᛞᛖᚳᚩᚢᛈᛚᛖ,362
vicariate,223121,0,ᚢᛁᚳᚪᚱᛡᛏᛖ,388
internes,223111,0,ᛁᚾᛏᛖᚱᚾᛖᛋ,346
thermidor,223024,0,ᚦᛖᚱᛗᛁᛞᚩᚱ,292
dextrine,222965,0,ᛞᛖᛉᛏᚱᛁᚾᛖ,400
baccarat,222710,0,ᛒᚪᚳᚳᚪᚱᚪᛏ,448
cabriolet,222630,0,ᚳᚪᛒᚱᛡᛚᛖᛏ,488
flounced,222620,0,ᚠᛚᚩᚢᚾᚳᛖᛞ,283
absolves,222565,0,ᚪᛒᛋᚩᛚᚢᛖᛋ,414
offloading,222552,0,ᚩᚠᚠᛚᚩᚪᛞᛝ,356
giveaways,222487,0,ᚷᛁᚢᛠᚹᚪᚣᛋ,432
attendee,222462,0,ᚪᛏᛏᛖᚾᛞᛖᛖ,534
caduceus,222452,0,ᚳᚪᛞᚢᚳᛖᚢᛋ,338
squawked,222360,0,ᛋᚳᚹᚪᚹᚳᛖᛞ,370
hooligan,222171,0,ᚻᚩᚩᛚᛁᚷᚪᚾ,284
unbutton,221960,0,ᚢᚾᛒᚢᛏᛏᚩᚾ,250
tetrarch,221915,0,ᛏᛖᛏᚱᚪᚱᚳᚻ,340
sideward,221843,0,ᛋᛁᛞᛖᚹᚪᚱᛞ,456
cestodes,221771,0,ᚳᛖᛋᛏᚩᛞᛖᛋ,408
pollutes,221761,0,ᛈᚩᛚᛚᚢᛏᛖᛋ,378
curtails,221744,0,ᚳᚢᚱᛏᚪᛁᛚᛋ,340
marathons,221692,0,ᛗᚪᚱᚪᚦᚩᚾᛋ,370
sephardi,221617,0,ᛋᛖᛈᚻᚪᚱᛞᛁ,414
levirate,221372,0,ᛚᛖᚢᛁᚱᚪᛏᛖ,408
collegian,221372,0,ᚳᚩᛚᛚᛖᚷᛡᚾ,386
mildewed,221194,0,ᛗᛁᛚᛞᛖᚹᛖᛞ,506
subtends,221120,0,ᛋᚢᛒᛏᛖᚾᛞᛋ,414
sophronia,221085,0,ᛋᚩᛈᚻᚱᚩᚾᛡ,280
squeegee,221033,0,ᛋᚳᚹᛖᛖᚷᛖᛖ,370
sounders,220999,0,ᛋᚩᚢᚾᛞᛖᚱᛋ,312
ambrosial,220986,0,ᚪᛗᛒᚱᚩᛋᛡᛚ,480
socketed,220662,0,ᛋᚩᚳᚳᛖᛏᛖᛞ,368
latinity,220473,0,ᛚᚪᛏᛁᚾᛁᛏᚣ,482
encrypting,220260,1,ᛖᚾᚳᚱᚣᛈᛏᛝ,404
walruses,220117,0,ᚹᚪᛚᚱᚢᛋᛖᛋ,376
inflames,220106,0,ᛁᚾᚠᛚᚪᛗᛖᛋ,423
asclepias,220038,0,ᚪᛋᚳᛚᛖᛈᛡᛋ,506
foresail,219807,0,ᚠᚩᚱᛖᛋᚪᛁᛚ,341
rerouted,219601,0,ᚱᛖᚱᚩᚢᛏᛖᛞ,314
insatiate,219539,0,ᛁᚾᛋᚪᛏᛡᛏᛖ,502
wilsonian,219493,0,ᚹᛁᛚᛋᚩᚾᛡᚾ,348
clownish,219476,0,ᚳᛚᚩᚹᚾᛁᛋᚻ,248
miltonic,219351,0,ᛗᛁᛚᛏᚩᚾᛁᚳ,314
arrangers,218975,0,ᚪᚱᚱᚪᛝᛖᚱᛋ,426
callisto,218945,0,ᚳᚪᛚᛚᛁᛋᛏᚩ,406
auguries,218924,0,ᚪᚢᚷᚢᚱᛁᛖᛋ,282
volcanos,218899,0,ᚢᚩᛚᚳᚪᚾᚩᛋ,282
outflank,218843,0,ᚩᚢᛏᚠᛚᚪᚾᚳ,283
butylene,218826,0,ᛒᚢᛏᚣᛚᛖᚾᛖ,462
balloted,218670,0,ᛒᚪᛚᛚᚩᛏᛖᛞ,526
prussiate,218407,0,ᛈᚱᚢᛋᛋᛡᛏᛖ,396
calabrian,218287,0,ᚳᚪᛚᚪᛒᚱᛡᚾ,488
mexicali,218241,0,ᛗᛖᛉᛁᚳᚪᛚᛁ,430
pressers,217964,0,ᛈᚱᛖᛋᛋᛖᚱᛋ,358
haversian,217953,0,ᚻᚪᚢᛖᚱᛋᛡᚾ,390
unlinked,217939,0,ᚢᚾᛚᛁᚾᚳᛖᛞ,334
vicinage,217916,0,ᚢᛁᚳᛁᚾᚪᚷᛖ,288
unstinting,217671,0,ᚢᚾᛋᛏᛁᚾᛏᛝ,342
sordello,217602,0,ᛋᚩᚱᛞᛖᛚᛚᚩ,380
outsized,217575,0,ᚩᚢᛏᛋᛁᛋᛖᛞ,362
solecism,217543,0,ᛋᚩᛚᛖᚳᛁᛋᛗ,368
quirinal,217519,0,ᚳᚹᛁᚱᛁᚾᚪᛚ,304
planchet,217431,0,ᛈᛚᚪᚾᚳᚻᛖᛏ,404
mightest,217404,0,ᛗᛁᚷᚻᛏᛖᛋᛏ,380
venturer,217378,0,ᚢᛖᚾᛏᚢᚱᛖᚱ,250
unexciting,217325,0,ᚢᚾᛖᛉᚳᛁᛏᛝ,328
zoonoses,217324,0,ᛋᚩᚩᚾᚩᛋᛖᛋ,276
camomile,217213,0,ᚳᚪᛗᚩᛗᛁᛚᛖ,430
decretum,216746,0,ᛞᛖᚳᚱᛖᛏᚢᛗ,380
damocles,216705,0,ᛞᚪᛗᚩᚳᛚᛖᛋ,470
arcadians,216657,0,ᚪᚱᚳᚪᛞᛡᚾᛋ,496
reclaims,216627,0,ᚱᛖᚳᛚᚪᛁᛗᛋ,416
convulsing,216611,0,ᚳᚩᚾᚢᚢᛚᛋᛝ,260
encreased,216610,0,ᛖᚾᚳᚱᛠᛋᛖᛞ,438
birdwood,216581,0,ᛒᛁᚱᛞᚹᚩᚩᛞ,314
probates,216389,0,ᛈᚱᚩᛒᚪᛏᛖᛋ,398
hopefuls,216336,0,ᚻᚩᛈᛖᚠᚢᛚᛋ,271
thiouracil,216325,0,ᚦᛡᚢᚱᚪᚳᛁᛚ,340
rearranges,216312,0,ᚱᛠᚱᚱᚪᛝᛖᛋ,438
marauder,216235,0,ᛗᚪᚱᚪᚢᛞᛖᚱ,446
protists,216141,0,ᛈᚱᚩᛏᛁᛋᛏᛋ,316
benchley,216096,0,ᛒᛖᚾᚳᚻᛚᛖᚣ,436
childbed,216074,0,ᚳᚻᛁᛚᛞᛒᛖᛞ,446
lonicera,216062,0,ᛚᚩᚾᛁᚳᛖᚱᚪ,328
croatians,216035,0,ᚳᚱᚩᚪᛏᛡᚾᛋ,376
clitoral,215968,0,ᚳᛚᛁᛏᚩᚱᚪᛚ,364
birdcage,215962,0,ᛒᛁᚱᛞᚳᚪᚷᛖ,386
subtilty,215942,0,ᛋᚢᛒᛏᛁᛚᛏᚣ,442
twopenny,215910,0,ᛏᚹᚩᛈᛖᚾᚾᚣ,356
morosely,215890,0,ᛗᚩᚱᚩᛋᛖᛚᚣ,392
flatiron,215876,0,ᚠᛚᚪᛏᛁᚱᚩᚾ,309
disavowing,215782,0,ᛞᛁᛋᚪᚢᚩᚹᛝ,378
macerate,215760,0,ᛗᚪᚳᛖᚱᚪᛏᛖ,482
inexpert,215639,0,ᛁᚾᛖᛉᛈᛖᚱᛏ,354
armourer,215551,0,ᚪᚱᛗᚩᚢᚱᛖᚱ,278
tailpipe,215550,0,ᛏᚪᛁᛚᛈᛁᛈᛖ,444
misspent,215542,0,ᛗᛁᛋᛋᛈᛖᚾᛏ,406
tarnishing,215429,0,ᛏᚪᚱᚾᛁᛋᚻᛝ,382
modeller,215246,0,ᛗᚩᛞᛖᛚᛚᛖᚱ,458
tankards,215206,0,ᛏᚪᚾᚳᚪᚱᛞᛋ,448
neologism,215188,0,ᚾᛇᛚᚩᚷᛁᛋᛗ,322
trilingual,215058,0,ᛏᚱᛁᛚᛝᚢᚪᛚ,426
greenest,214987,0,ᚷᚱᛖᛖᚾᛖᛋᛏ,370
firedamp,214980,0,ᚠᛁᚱᛖᛞᚪᛗᛈ,411
tramcars,214940,0,ᛏᚱᚪᛗᚳᚪᚱᛋ,412
footholds,214897,0,ᚠᚩᚩᚦᚩᛚᛞᛋ,243
braziers,214884,0,ᛒᚱᚪᛋᛁᛖᚱᛋ,384
underarm,214791,0,ᚢᚾᛞᛖᚱᚪᚱᛗ,378
spotters,214699,0,ᛋᛈᚩᛏᛏᛖᚱᛋ,352
chitchat,214688,0,ᚳᚻᛁᛏᚳᚻᚪᛏ,318
benthonic,214661,0,ᛒᛖᚾᚦᚩᚾᛁᚳ,242
factotum,214490,0,ᚠᚪᚳᛏᚩᛏᚢᛗ,311
trippers,214409,0,ᛏᚱᛁᛈᛈᛖᚱᛋ,318
putrefying,214237,0,ᛈᚢᛏᚱᛖᚠᚣᛝ,367
postilion,214063,0,ᛈᚩᛋᛏᛁᛚᛡᚾ,402
stowaway,214036,0,ᛋᛏᚩᚹᚪᚹᚪᚣ,454
sesamoid,214020,0,ᛋᛖᛋᚪᛗᚩᛁᛞ,468
coronets,213964,0,ᚳᚩᚱᚩᚾᛖᛏᛋ,246
rethought,213772,0,ᚱᛖᚦᚩᚢᚷᚻᛏ,192
salvages,213730,0,ᛋᚪᛚᚢᚪᚷᛖᛋ,460
sniffled,213464,0,ᛋᚾᛁᚠᚠᛚᛖᛞ,346
uncoiled,213411,0,ᚢᚾᚳᚩᛁᛚᛖᛞ,312
whimpers,213379,0,ᚹᚻᛁᛗᛈᛖᚱᛋ,318
medfield,213353,0,ᛗᛖᛞᚠᛁᛖᛚᛞ,489
chapbook,213317,0,ᚳᚻᚪᛈᛒᚩᚩᚳ,264
plainsong,213272,0,ᛈᛚᚪᛁᚾᛋᚩᛝ,412
stricker,212918,0,ᛋᛏᚱᛁᚳᚳᛖᚱ,258
overreact,212812,0,ᚩᚢᛖᚱᚱᛠᚳᛏ,280
buffoons,212806,0,ᛒᚢᚠᚠᚩᚩᚾᛋ,164
napoleons,212639,0,ᚾᚪᛈᚩᛚᛇᚾᛋ,372
unfasten,212635,0,ᚢᚾᚠᚪᛋᛏᛖᚾ,339
hauliers,212325,0,ᚻᚪᚢᛚᛁᛖᚱᛋ,358
grimness,212317,0,ᚷᚱᛁᛗᚾᛖᛋᛋ,332
seigniory,212233,0,ᛋᛖᛁᚷᚾᛡᚱᚣ,418
connubial,212207,0,ᚳᚩᚾᚾᚢᛒᛡᛚ,322
reasserts,212175,0,ᚱᛠᛋᛋᛖᚱᛏᛋ,416
medicate,212129,0,ᛗᛖᛞᛁᚳᚪᛏᛖ,494
biconvex,212107,0,ᛒᛁᚳᚩᚾᚢᛖᛉ,258
prebends,211832,0,ᛈᚱᛖᛒᛖᚾᛞᛋ,420
fordable,211823,0,ᚠᚩᚱᛞᚪᛒᛚᛖ,407
figments,211731,0,ᚠᛁᚷᛗᛖᚾᛏᛋ,329
liveried,211729,0,ᛚᛁᚢᛖᚱᛁᛖᛞ,372
periplus,211601,0,ᛈᛖᚱᛁᛈᛚᚢᛋ,324
hyoscine,211530,0,ᚻᚣᚩᛋᚳᛁᚾᛖ,326
handcuff,211443,0,ᚻᚪᚾᛞᚳᚢᚠᚠ,258
bareness,211387,0,ᛒᚪᚱᛖᚾᛖᛋᛋ,438
beanstalk,211386,0,ᛒᛠᚾᛋᛏᚪᛚᚳ,494
spearfish,211326,0,ᛋᛈᛠᚱᚠᛁᛋᚻ,325
satanism,211168,0,ᛋᚪᛏᚪᚾᛁᛋᛗ,490
kalendar,211164,0,ᚳᚪᛚᛖᚾᛞᚪᚱ,476
catatonia,211063,0,ᚳᚪᛏᚪᛏᚩᚾᛡ,468
stirrers,211045,0,ᛋᛏᛁᚱᚱᛖᚱᛋ,296
araucaria,210911,0,ᚪᚱᚪᚢᚳᚪᚱᛡ,436
unvaried,210879,0,ᚢᚾᚢᚪᚱᛁᛖᛞ,330
centinel,210853,0,ᚳᛖᚾᛏᛁᚾᛖᛚ,368
enfeoffed,210801,0,ᛖᚾᚠᛇᚠᚠᛖᛞ,299
orangutan,210768,0,ᚩᚱᚪᛝᚢᛏᚪᚾ,382
disgusts,210761,0,ᛞᛁᛋᚷᚢᛋᛏᛋ,358
ornately,210750,0,ᚩᚱᚾᚪᛏᛖᛚᚣ,446
indorses,210562,0,ᛁᚾᛞᚩᚱᛋᛖᛋ,340
lyallpur,210326,0,ᛚᚣᚪᛚᛚᛈᚢᚱ,476
digitize,210314,0,ᛞᛁᚷᛁᛏᛁᛋᛖ,378
maidenly,210242,0,ᛗᚪᛁᛞᛖᚾᛚᚣ,560
pronator,210212,0,ᛈᚱᚩᚾᚪᛏᚩᚱ,264
futilely,210191,0,ᚠᚢᛏᛁᛚᛖᛚᚣ,411
handhold,210177,0,ᚻᚪᚾᛞᚻᚩᛚᛞ,430
detoxify,210063,0,ᛞᛖᛏᚩᛉᛁᚠᚣ,405
shuttering,210028,0,ᛋᚻᚢᛏᛏᛖᚱᛝ,354
tramples,210008,0,ᛏᚱᚪᛗᛈᛚᛖᛋ,474
oversold,209883,0,ᚩᚢᛖᚱᛋᚩᛚᛞ,310
ransacking,209882,0,ᚱᚪᚾᛋᚪᚳᚳᛝ,392
dormouse,209833,0,ᛞᚩᚱᛗᚩᚢᛋᛖ,308
aventine,209829,0,ᚪᚢᛖᚾᛏᛁᚾᛖ,382
congresso,209755,0,ᚳᚩᛝᚱᛖᛋᛋᚩ,290
abdicating,209635,0,ᚪᛒᛞᛁᚳᚪᛏᛝ,526
polanski,209614,0,ᛈᚩᛚᚪᚾᛋᚳᛁ,346
pyramiding,209273,0,ᛈᚣᚱᚪᛗᛁᛞᛝ,524
inhalers,209265,0,ᛁᚾᚻᚪᛚᛖᚱᛋ,384
lignitic,209250,0,ᛚᛁᚷᚾᛁᛏᛁᚳ,284
calvados,209210,0,ᚳᚪᛚᚢᚪᛞᚩᛋ,432
phyletic,209127,0,ᛈᚻᚣᛚᛖᛏᛁᚳ,412
bareback,209122,0,ᛒᚪᚱᛖᛒᚪᚳᚳ,420
dungarees,209088,0,ᛞᚢᛝᚪᚱᛖᛖᛋ,466
eelgrass,209087,0,ᛖᛖᛚᚷᚱᚪᛋᛋ,438
permuted,208733,1,ᛈᛖᚱᛗᚢᛏᛖᛞ,410
mordants,208671,0,ᛗᚩᚱᛞᚪᚾᛏᛋ,416
negligee,208489,0,ᚾᛖᚷᛚᛁᚷᛖᛖ,368
restarts,208408,0,ᚱᛖᛋᛏᚪᚱᛏᛋ,410
huckster,208316,0,ᚻᚢᚳᚳᛋᛏᛖᚱ,242
annoyingly,208311,0,ᚪᚾᚾᚩᚣᛝᛚᚣ,520
hostlers,208252,0,ᚻᚩᛋᛏᛚᛖᚱᛋ,346
calcific,207942,0,ᚳᚪᛚᚳᛁᚠᛁᚳ,273
anasarca,207684,0,ᚪᚾᚪᛋᚪᚱᚳᚪ,494
quavered,207678,0,ᚳᚹᚪᚢᛖᚱᛖᛞ,366
cisterna,207443,0,ᚳᛁᛋᛏᛖᚱᚾᚪ,360
endemics,207344,0,ᛖᚾᛞᛖᛗᛁᚳᛋ,420
durocher,206903,0,ᛞᚢᚱᚩᚳᚻᛖᚱ,224
voracity,206882,0,ᚢᚩᚱᚪᚳᛁᛏᚣ,324
roundels,206842,0,ᚱᚩᚢᚾᛞᛖᛚᛋ,332
liberians,206620,0,ᛚᛁᛒᛖᚱᛡᚾᛋ,432
stratify,206584,0,ᛋᛏᚱᚪᛏᛁᚠᚣ,415
womanish,206551,0,ᚹᚩᛗᚪᚾᛁᛋᚻ,330
afebrile,206536,0,ᚪᚠᛖᛒᚱᛁᛚᛖ,409
preseason,206464,0,ᛈᚱᛖᛋᛠᛋᚩᚾ,372
costless,206437,0,ᚳᚩᛋᛏᛚᛖᛋᛋ,378
preoccupy,206410,0,ᛈᚱᛇᚳᚳᚢᛈᚣ,270
bialystok,206305,0,ᛒᛡᛚᚣᛋᛏᚩᚳ,476
pistoles,206297,0,ᛈᛁᛋᛏᚩᛚᛖᛋ,386
apennine,205965,0,ᚪᛈᛖᚾᚾᛁᚾᛖ,392
rebuilds,205943,0,ᚱᛖᛒᚢᛁᛚᛞᛋ,388
obduracy,205736,0,ᚩᛒᛞᚢᚱᚪᚳᚣ,384
ouvrages,205729,0,ᚩᚢᚢᚱᚪᚷᛖᛋ,258
sandbars,205721,0,ᛋᚪᚾᛞᛒᚪᚱᛋ,490
gunwales,205703,0,ᚷᚢᚾᚹᚪᛚᛖᛋ,358
nembutal,205689,0,ᚾᛖᛗᛒᚢᛏᚪᛚ,460
goatskin,205673,0,ᚷᚩᚪᛏᛋᚳᛁᚾ,306
nonviable,205314,0,ᚾᚩᚾᚢᛡᛒᛚᛖ,376
barbadian,205262,0,ᛒᚪᚱᛒᚪᛞᛡᚾ,552
quenches,205245,0,ᚳᚹᛖᚾᚳᚻᛖᛋ,284
somberly,205227,0,ᛋᚩᛗᛒᛖᚱᛚᚣ,446
forestal,205184,0,ᚠᚩᚱᛖᛋᛏᚪᛚ,369
trackway,205176,0,ᛏᚱᚪᚳᚳᚹᚪᚣ,412
baguette,205161,0,ᛒᚪᚷᚢᛖᛏᛏᛖ,430
gearboxes,205062,0,ᚷᛠᚱᛒᚩᛉᛖᛋ,372
allemand,205012,0,ᚪᛚᛚᛖᛗᚪᚾᛞ,596
crocheting,205011,0,ᚳᚱᚩᚳᚻᛖᛏᛝ,272
proprium,204996,0,ᛈᚱᚩᛈᚱᛁᚢᛗ,220
henequen,204825,0,ᚻᛖᚾᛖᚳᚹᛖᚾ,314
calcaneal,204822,0,ᚳᚪᛚᚳᚪᚾᛠᛚ,504
capriccio,204802,0,ᚳᚪᛈᚱᛁᚳᚳᛡ,328
televising,204786,0,ᛏᛖᛚᛖᚢᛁᛋᛝ,432
bootless,204771,0,ᛒᚩᚩᛏᛚᛖᛋᛋ,380
muniment,204742,0,ᛗᚢᚾᛁᛗᛖᚾᛏ,360
speckles,204656,0,ᛋᛈᛖᚳᚳᛚᛖᛋ,382
ostinato,204521,0,ᚩᛋᛏᛁᚾᚪᛏᚩ,342
outvoted,204363,0,ᚩᚢᛏᚢᚩᛏᛖᛞ,294
philistia,204335,0,ᛈᚻᛁᛚᛁᛋᛏᛡ,420
housefly,204142,0,ᚻᚩᚢᛋᛖᚠᛚᚣ,331
rowboats,204130,0,ᚱᚩᚹᛒᚩᚪᛏᛋ,314
baldwins,204127,0,ᛒᚪᛚᛞᚹᛁᚾᛋ,452
kishinev,204113,0,ᚳᛁᛋᚻᛁᚾᛖᚢ,250
transoms,204063,0,ᛏᚱᚪᚾᛋᚩᛗᛋ,380
skinheads,203996,0,ᛋᚳᛁᚾᚻᛠᛞᛋ,400
eyeliner,203945,0,ᛖᚣᛖᛚᛁᚾᛖᚱ,448
storable,203926,0,ᛋᛏᚩᚱᚪᛒᛚᛖ,428
equalising,203803,0,ᛖᚳᚹᚪᛚᛁᛋᛝ,432
pietists,203756,0,ᛈᛁᛖᛏᛁᛋᛏᛋ,396
screener,203755,0,ᛋᚳᚱᛖᛖᚾᛖᚱ,318
tailless,203692,0,ᛏᚪᛁᛚᛚᛖᛋᛋ,506
tugboats,203608,0,ᛏᚢᚷᛒᚩᚪᛏᛋ,356
husbanding,203487,0,ᚻᚢᛋᛒᚪᚾᛞᛝ,434
alcaldes,203392,0,ᚪᛚᚳᚪᛚᛞᛖᛋ,562
derogating,203384,0,ᛞᛖᚱᚩᚷᚪᛏᛝ,426
hayfield,203312,0,ᚻᚪᚣᚠᛁᛖᛚᛞ,485
preterit,203305,0,ᛈᚱᛖᛏᛖᚱᛁᛏ,348
gainsaying,203237,0,ᚷᚪᛁᚾᛋᚪᚣᛝ,506
enclitic,203202,0,ᛖᚾᚳᛚᛁᛏᛁᚳ,316
sickroom,203156,0,ᛋᛁᚳᚳᚱᚩᚩᛗ,206
casemate,203143,0,ᚳᚪᛋᛖᛗᚪᛏᛖ,524
embezzle,203104,0,ᛖᛗᛒᛖᛋᛋᛚᛖ,512
intreated,203099,0,ᛁᚾᛏᚱᛠᛏᛖᛞ,454
stultify,203046,0,ᛋᛏᚢᛚᛏᛁᚠᚣ,383
decimate,202935,0,ᛞᛖᚳᛁᛗᚪᛏᛖ,494
negativing,202684,0,ᚾᛖᚷᚪᛏᛁᚢᛝ,382
mephisto,202639,0,ᛗᛖᛈᚻᛁᛋᛏᚩ,354
dushanbe,202511,0,ᛞᚢᛋᚻᚪᚾᛒᛖ,422
godzilla,202203,0,ᚷᚩᛞᛋᛁᛚᛚᚪ,440
fervency,202155,0,ᚠᛖᚱᚢᛖᚾᚳᚣ,295
baluster,202076,0,ᛒᚪᛚᚢᛋᛏᛖᚱ,424
hiccough,202029,0,ᚻᛁᚳᚳᚩᚢᚷᚻ,130
nighthawk,201908,0,ᚾᛁᚷᚻᚦᚪᚹᚳ,234
rekindling,201803,0,ᚱᛖᚳᛁᚾᛞᛚᛝ,392
cableway,201549,0,ᚳᚪᛒᛚᛖᚹᚪᚣ,530
indexers,201537,0,ᛁᚾᛞᛖᛉᛖᚱᛋ,394
exultingly,201516,0,ᛖᛉᚢᛚᛏᛝᛚᚣ,504
finalise,201488,0,ᚠᛁᚾᚪᛚᛁᛋᛖ,383
unscrewing,201458,0,ᚢᚾᛋᚳᚱᛖᚹᛝ,274
mincemeat,201456,0,ᛗᛁᚾᚳᛖᛗᛠᛏ,450
panniers,201154,0,ᛈᚪᚾᚾᛁᛖᚱᛋ,360
convoyed,201148,0,ᚳᚩᚾᚢᚩᚣᛖᛞ,318
nosology,201133,0,ᚾᚩᛋᚩᛚᚩᚷᚣ,296
vantages,200969,0,ᚢᚪᚾᛏᚪᚷᛖᛋ,422
overshoes,200824,0,ᚩᚢᛖᚱᛋᚻᛟᛋ,300
morpheus,200822,0,ᛗᚩᚱᛈᚻᛖᚢᛋ,278
deftness,200785,0,ᛞᛖᚠᛏᚾᛖᛋᛋ,419
galileans,200760,0,ᚷᚪᛚᛁᛚᛠᚾᛋ,482
satirize,200741,0,ᛋᚪᛏᛁᚱᛁᛋᛖ,402
bornholm,200699,0,ᛒᚩᚱᚾᚻᚩᛚᛗ,282
dilators,200636,0,ᛞᛁᛚᚪᛏᚩᚱᛋ,420
plicated,200560,0,ᛈᛚᛁᚳᚪᛏᛖᛞ,472
lacerate,200557,0,ᛚᚪᚳᛖᚱᚪᛏᛖ,484
knuckled,200472,0,ᚳᚾᚢᚳᚳᛚᛖᛞ,300
militating,200469,0,ᛗᛁᛚᛁᛏᚪᛏᛝ,500
sultanas,200359,0,ᛋᚢᛚᛏᚪᚾᚪᛋ,464
enceinte,200359,0,ᛖᚾᚳᛖᛁᚾᛏᛖ,362
agitates,200330,0,ᚪᚷᛁᛏᚪᛏᛖᛋ,480
taxiways,200138,0,ᛏᚪᛉᛁᚹᚪᚣᛋ,506
divinest,200071,0,ᛞᛁᚢᛁᚾᛖᛋᛏ,362
contused,200043,0,ᚳᚩᚾᛏᚢᛋᛖᛞ,320
unravels,200036,0,ᚢᚾᚱᚪᚢᛖᛚᛋ,336
ambrosian,199955,0,ᚪᛗᛒᚱᚩᛋᛡᚾ,436
playbook,199681,0,ᛈᛚᚪᚣᛒᚩᚩᚳ,404
aliments,199674,0,ᚪᛚᛁᛗᛖᚾᛏᛋ,480
poissons,199658,0,ᛈᚩᛁᛋᛋᚩᚾᛋ,276
haywards,199624,0,ᚻᚪᚣᚹᚪᚱᛞᛋ,492
trainman,199604,0,ᛏᚱᚪᛁᚾᛗᚪᚾ,424
landsmen,199544,0,ᛚᚪᚾᛞᛋᛗᛖᚾ,508
diagramming,199408,0,ᛞᛡᚷᚱᚪᛗᛗᛝ,542
cornelian,199405,0,ᚳᚩᚱᚾᛖᛚᛡᚾ,336
biennials,199382,0,ᛒᛁᛖᚾᚾᛡᛚᛋ,450
orgiastic,199365,0,ᚩᚱᚷᛡᛋᛏᛁᚳ,298
coursers,199221,0,ᚳᚩᚢᚱᛋᛖᚱᛋ,218
supermen,199220,0,ᛋᚢᛈᛖᚱᛗᛖᚾ,344
shrilled,198892,0,ᛋᚻᚱᛁᛚᛚᛖᛞ,420
reproves,198666,0,ᚱᛖᛈᚱᚩᚢᛖᛋ,262
recycles,198666,0,ᚱᛖᚳᚣᚳᛚᛖᛋ,400
drumlins,198599,0,ᛞᚱᚢᛗᛚᛁᚾᛋ,360
offsprings,198497,0,ᚩᚠᚠᛋᛈᚱᛝᛋ,250
sweetmeat,198441,0,ᛋᚹᛖᛖᛏᛗᛠᛏ,504
carpaccio,198369,0,ᚳᚪᚱᛈᚪᚳᚳᛡ,394
appanage,198218,0,ᚪᛈᛈᚪᚾᚪᚷᛖ,490
strophic,198191,0,ᛋᛏᚱᚩᛈᚻᛁᚳ,240
dazzlingly,198132,0,ᛞᚪᛋᛋᛚᛝᛚᚣ,620
quencher,197942,0,ᚳᚹᛖᚾᚳᚻᛖᚱ,242
spyglass,197804,0,ᛋᛈᚣᚷᛚᚪᛋᛋ,492
downsize,197790,0,ᛞᚩᚹᚾᛋᛁᛋᛖ,348
bucklers,197749,0,ᛒᚢᚳᚳᛚᛖᚱᛋ,294
washouts,197672,0,ᚹᚪᛋᚻᚩᚢᛏᛋ,314
moralising,197669,0,ᛗᚩᚱᚪᛚᛁᛋᛝ,422
grapheme,197632,0,ᚷᚱᚪᛈᚻᛖᛗᛖ,396
dagestan,197597,0,ᛞᚪᚷᛖᛋᛏᚪᚾ,508
reproofs,197559,0,ᚱᛖᛈᚱᚩᚩᚠᛋ,201
poisoner,197330,0,ᛈᚩᛁᛋᚩᚾᛖᚱ,248
dustless,197317,0,ᛞᚢᛋᛏᛚᛖᛋᛋ,450
autobahn,197275,0,ᚪᚢᛏᚩᛒᚪᚻᚾ,376
sententia,197267,0,ᛋᛖᚾᛏᛖᚾᛏᛡ,470
eniwetok,197167,0,ᛖᚾᛁᚹᛖᛏᚩᚳ,292
paddlers,197118,0,ᛈᚪᛞᛞᛚᛖᚱᛋ,522
meanderings,197017,0,ᛗᛠᚾᛞᛖᚱᛝᛋ,508
apologie,197003,0,ᚪᛈᚩᛚᚩᚷᛁᛖ,342
tsimshian,196988,0,ᛏᛋᛁᛗᛋᚻᛡᚾ,426
seedsman,196988,0,ᛋᛖᛖᛞᛋᛗᚪᚾ,526
sophisms,196922,0,ᛋᚩᛈᚻᛁᛋᛗᛋ,334
kindlier,196901,0,ᚳᛁᚾᛞᛚᛁᛖᚱ,344
geometers,196897,0,ᚷᛇᛗᛖᛏᛖᚱᛋ,386
backrest,196818,0,ᛒᚪᚳᚳᚱᛖᛋᛏ,374
socialising,196814,0,ᛋᚩᚳᛡᛚᛁᛋᛝ,416
gaieties,196581,0,ᚷᚪᛁᛖᛏᛁᛖᛋ,422
moonrise,196513,0,ᛗᚩᚩᚾᚱᛁᛋᛖ,276
barouche,196487,0,ᛒᚪᚱᚩᚢᚳᚻᛖ,282
whitener,196389,0,ᚹᚻᛁᛏᛖᚾᛖᚱ,306
tuppence,196190,0,ᛏᚢᛈᛈᛖᚾᚳᛖ,324
cellules,196152,0,ᚳᛖᛚᛚᚢᛚᛖᛋ,422
towardes,196131,0,ᛏᚩᚹᚪᚱᛞᛖᛋ,402
bonhomie,195917,0,ᛒᚩᚾᚻᚩᛗᛁᛖ,296
skittles,195804,0,ᛋᚳᛁᛏᛏᛚᛖᛋ,408
portioned,195784,0,ᛈᚩᚱᛏᛡᚾᛖᛞ,412
clarisse,195707,0,ᚳᛚᚪᚱᛁᛋᛋᛖ,398
truncating,195431,0,ᛏᚱᚢᚾᚳᚪᛏᛝ,350
pullback,195399,0,ᛈᚢᛚᛚᛒᚪᚳᚳ,376
fumigate,195397,0,ᚠᚢᛗᛁᚷᚪᛏᛖ,347
dissuading,195334,0,ᛞᛁᛋᛋᚢᚪᛞᛝ,494
purities,195303,0,ᛈᚢᚱᛁᛏᛁᛖᛋ,298
ejections,195291,0,ᛖᛂᛖᚳᛏᛡᚾᛋ,432
knockers,195241,0,ᚳᚾᚩᚳᚳᛖᚱᛋ,206
mustards,195218,0,ᛗᚢᛋᛏᚪᚱᛞᛋ,436
skullcap,195133,0,ᛋᚳᚢᛚᛚᚳᚪᛈ,368
rosebuds,195060,0,ᚱᚩᛋᛖᛒᚢᛞᛋ,344
martello,195030,0,ᛗᚪᚱᛏᛖᛚᛚᚩ,458
clansman,195019,0,ᚳᛚᚪᚾᛋᛗᚪᚾ,462
chorused,194835,0,ᚳᚻᚩᚱᚢᛋᛖᛞ,266
consulta,194833,0,ᚳᚩᚾᛋᚢᛚᛏᚪ,334
birgitta,194774,0,ᛒᛁᚱᚷᛁᛏᛏᚪ,366
pummeled,194695,0,ᛈᚢᛗᛗᛖᛚᛖᛞ,484
gilberts,194685,0,ᚷᛁᛚᛒᛖᚱᛏᛋ,372
colonise,194683,0,ᚳᚩᛚᚩᚾᛁᛋᛖ,280
embalmer,194646,0,ᛖᛗᛒᚪᛚᛗᛖᚱ,518
armbands,194596,0,ᚪᚱᛗᛒᚪᚾᛞᛋ,508
preempting,194460,0,ᛈᚱᛖᛖᛗᛈᛏᛝ,440
marmoset,194235,0,ᛗᚪᚱᛗᚩᛋᛖᛏ,436
colorist,194228,0,ᚳᚩᛚᚩᚱᛁᛋᛏ,254
upstroke,194096,0,ᚢᛈᛋᛏᚱᚩᚳᛖ,256
reckonings,194096,0,ᚱᛖᚳᚳᚩᚾᛝᛋ,272
anagrams,194095,0,ᚪᚾᚪᚷᚱᚪᛗᛋ,472
endplate,193773,0,ᛖᚾᛞᛈᛚᚪᛏᛖ,524
traduced,193737,0,ᛏᚱᚪᛞᚢᚳᛖᛞ,428
highball,193651,0,ᚻᛁᚷᚻᛒᚪᛚᛚ,398
uncapped,193425,0,ᚢᚾᚳᚪᛈᛈᛖᛞ,384
chicanas,193409,0,ᚳᚻᛁᚳᚪᚾᚪᛋ,356
lamppost,193363,0,ᛚᚪᛗᛈᛈᚩᛋᛏ,446
inkerman,193196,0,ᛁᚾᚳᛖᚱᛗᚪᚾ,348
kalevala,193183,0,ᚳᚪᛚᛖᚢᚪᛚᚪ,520
tameness,193164,0,ᛏᚪᛗᛖᚾᛖᛋᛋ,496
primaeval,193108,0,ᛈᚱᛁᛗᚫᚢᚪᛚ,430
barbette,193092,0,ᛒᚪᚱᛒᛖᛏᛏᛖ,482
dietician,193007,0,ᛞᛁᛖᛏᛁᚳᛡᚾ,426
giardiasis,192997,0,ᚷᛡᚱᛞᛡᛋᛁᛋ,468
singletons,192952,0,ᛋᛝᛚᛖᛏᚩᚾᛋ,420
callused,192841,0,ᚳᚪᛚᛚᚢᛋᛖᛞ,468
grayness,192759,0,ᚷᚱᚪᚣᚾᛖᛋᛋ,430
rehearses,192725,0,ᚱᛖᚻᛠᚱᛋᛖᛋ,394
bodiless,192632,0,ᛒᚩᛞᛁᛚᛖᛋᛋ,434
outgrowing,192612,0,ᚩᚢᛏᚷᚱᚩᚹᛝ,202
coteries,192582,0,ᚳᚩᛏᛖᚱᛁᛖᛋ,308
purslane,192462,0,ᛈᚢᚱᛋᛚᚪᚾᛖ,376
barbital,192412,0,ᛒᚪᚱᛒᛁᛏᚪᛚ,490
teakettle,192323,0,ᛏᛠᚳᛖᛏᛏᛚᛖ,506
steepening,192275,0,ᛋᛏᛖᛖᛈᛖᚾᛝ,464
slackens,192203,0,ᛋᛚᚪᚳᚳᛖᚾᛋ,398
apostoli,192185,0,ᚪᛈᚩᛋᛏᚩᛚᛁ,370
inforced,192118,0,ᛁᚾᚠᚩᚱᚳᛖᛞ,249
tailrace,191845,0,ᛏᚪᛁᛚᚱᚪᚳᛖ,448
gunmetal,191826,0,ᚷᚢᚾᛗᛖᛏᚪᛚ,416
bulldozing,191807,0,ᛒᚢᛚᛚᛞᚩᛋᛝ,438
despoiling,191742,0,ᛞᛖᛋᛈᚩᛁᛚᛝ,442
hyperopia,191437,0,ᚻᚣᛈᛖᚱᚩᛈᛡ,404
bullheads,191410,0,ᛒᚢᛚᛚᚻᛠᛞᛋ,484
hydrangeas,191348,0,ᚻᚣᛞᚱᚪᛝᛠᛋ,564
parceled,191346,0,ᛈᚪᚱᚳᛖᛚᛖᛞ,460
carditis,191287,0,ᚳᚪᚱᛞᛁᛏᛁᛋ,384
armrests,191177,0,ᚪᚱᛗᚱᛖᛋᛏᛋ,422
brandish,190997,0,ᛒᚱᚪᚾᛞᛁᛋᚻ,394
doghouse,190968,0,ᛞᚩᚷᚻᚩᚢᛋᛖ,266
spanners,190928,0,ᛋᛈᚪᚾᚾᛖᚱᛋ,382
curitiba,190821,0,ᚳᚢᚱᛁᛏᛁᛒᚪ,306
strangler,190752,0,ᛋᛏᚱᚪᛝᛚᛖᚱ,450
skittering,190646,0,ᛋᚳᛁᛏᛏᛖᚱᛝ,372
garnishing,190544,0,ᚷᚪᚱᚾᛁᛋᚻᛝ,340
dooryard,190527,0,ᛞᚩᚩᚱᚣᚪᚱᛞ,414
draughty,190454,0,ᛞᚱᚪᚢᚷᚻᛏᚣ,402
satirizing,190414,0,ᛋᚪᛏᛁᚱᛁᛋᛝ,414
mailable,190406,0,ᛗᚪᛁᛚᚪᛒᛚᛖ,570
anthropic,190301,0,ᚪᚾᚦᚱᚩᛈᛁᚳ,236
missteps,190279,0,ᛗᛁᛋᛋᛏᛖᛈᛋ,430
lamberts,190217,0,ᛚᚪᛗᛒᛖᚱᛏᛋ,492
pannonian,190212,0,ᛈᚪᚾᚾᚩᚾᛡᚾ,370
recluses,190188,0,ᚱᛖᚳᛚᚢᛋᛖᛋ,340
cognized,190170,0,ᚳᚩᚷᚾᛁᛋᛖᛞ,306
antonina,190047,0,ᚪᚾᛏᚩᚾᛁᚾᚪ,378
antipode,189938,0,ᚪᚾᛏᛁᛈᚩᛞᛖ,422
instills,189885,0,ᛁᚾᛋᛏᛁᛚᛚᛋ,402
muharram,189872,0,ᛗᚢᚻᚪᚱᚱᚪᛗ,384
sublimes,189855,0,ᛋᚢᛒᛚᛁᛗᛖᛋ,412
confider,189658,0,ᚳᚩᚾᚠᛁᛞᛖᚱ,249
beatified,189654,0,ᛒᛠᛏᛁᚠᛁᛖᛞ,449
locutions,189574,0,ᛚᚩᚳᚢᛏᛡᚾᛋ,344
starless,189281,0,ᛋᛏᚪᚱᛚᛖᛋᛋ,466
uncorked,189230,0,ᚢᚾᚳᚩᚱᚳᛖᛞ,232
sharpies,189082,0,ᛋᚻᚪᚱᛈᛁᛖᛋ,378
condones,188998,0,ᚳᚩᚾᛞᚩᚾᛖᛋ,294
concords,188997,0,ᚳᚩᚾᚳᚩᚱᛞᛋ,222
shipload,188988,0,ᛋᚻᛁᛈᛚᚩᚪᛞ,416
calixtus,188816,0,ᚳᚪᛚᛁᛉᛏᚢᛋ,376
walgreen,188712,0,ᚹᚪᛚᚷᚱᛖᛖᚾ,380
caducous,188692,0,ᚳᚪᛞᚢᚳᚩᚢᛋ,278
foxholes,188685,0,ᚠᚩᛉᚻᚩᛚᛖᛋ,279
couperin,188583,0,ᚳᚩᚢᛈᛖᚱᛁᚾ,204
snowbird,188573,0,ᛋᚾᚩᚹᛒᛁᚱᛞ,300
vinegars,188567,0,ᚢᛁᚾᛖᚷᚪᚱᛋ,308
likelier,188555,0,ᛚᛁᚳᛖᛚᛁᛖᚱ,366
wholemeal,188454,0,ᚹᚻᚩᛚᛖᛗᛠᛚ,442
bathwater,188184,0,ᛒᚪᚦᚹᚪᛏᛖᚱ,416
doorjamb,188153,0,ᛞᚩᚩᚱᛂᚪᛗᛒ,380
leakproof,188089,0,ᛚᛠᚳᛈᚱᚩᚩᚠ,265
blackhead,188079,0,ᛒᛚᚪᚳᚳᚻᛠᛞ,478
machiavel,187988,0,ᛗᚪᚳᚻᛡᚢᛖᛚ,454
nacelles,187975,0,ᚾᚪᚳᛖᛚᛚᛖᛋ,472
weirdest,187962,0,ᚹᛖᛁᚱᛞᛖᛋᛏ,396
lampoons,187678,0,ᛚᚪᛗᛈᚩᚩᚾᛋ,380
asystole,187667,0,ᚪᛋᚣᛋᛏᚩᛚᛖ,512
germfree,187634,0,ᚷᛖᚱᛗᚠᚱᛖᛖ,313
engrained,187627,0,ᛖᛝᚱᚪᛁᚾᛖᛞ,470
rotators,187614,0,ᚱᚩᛏᚪᛏᚩᚱᛋ,304
novocain,187601,0,ᚾᚩᚢᚩᚳᚪᛁᚾ,216
dewberry,187496,0,ᛞᛖᚹᛒᛖᚱᚱᚣ,428
liveness,187489,0,ᛚᛁᚢᛖᚾᛖᛋᛋ,376
tussocks,187465,0,ᛏᚢᛋᛋᚩᚳᚳᛋ,254
chaplets,187452,0,ᚳᚻᚪᛈᛚᛖᛏᛋ,428
roentgens,187255,0,ᚱᛟᚾᛏᚷᛖᚾᛋ,348
carucate,187201,0,ᚳᚪᚱᚢᚳᚪᛏᛖ,360
viewable,187193,0,ᚢᛁᛖᚹᚪᛒᛚᛖ,418
cherwell,187144,0,ᚳᚻᛖᚱᚹᛖᛚᛚ,346
duckweed,187113,0,ᛞᚢᚳᚳᚹᛖᛖᛞ,360
pamunkey,187033,0,ᛈᚪᛗᚢᚾᚳᛖᚣ,426
ambulant,187002,0,ᚪᛗᛒᚢᛚᚪᚾᛏ,490
elastics,187000,0,ᛖᛚᚪᛋᛏᛁᚳᛋ,446
barataria,186973,0,ᛒᚪᚱᚪᛏᚪᚱᛡ,540
mantilla,186891,0,ᛗᚪᚾᛏᛁᛚᛚᚪ,530
mullioned,186792,0,ᛗᚢᛚᛚᛡᚾᛖᛞ,512
blubbering,186733,0,ᛒᛚᚢᛒᛒᛖᚱᛝ,416
silliest,186478,0,ᛋᛁᛚᛚᛁᛖᛋᛏ,440
ashikaga,186464,0,ᚪᛋᚻᛁᚳᚪᚷᚪ,428
betweens,186407,0,ᛒᛖᛏᚹᛖᛖᚾᛋ,422
playbill,186307,0,ᛈᛚᚪᚣᛒᛁᛚᛚ,554
hangovers,186305,0,ᚻᚪᛝᚩᚢᛖᚱᛋ,340
philomel,186284,0,ᛈᚻᛁᛚᚩᛗᛖᛚ,388
trappist,186256,0,ᛏᚱᚪᛈᛈᛁᛋᛏ,396
remarque,186167,0,ᚱᛖᛗᚪᚱᚳᚹᛖ,356
savoyard,186086,0,ᛋᚪᚢᚩᚣᚪᚱᛞ,460
sonogram,186076,0,ᛋᚩᚾᚩᚷᚱᚪᛗ,292
romancer,186074,0,ᚱᚩᛗᚪᚾᚳᛖᚱ,306
outports,185961,0,ᚩᚢᛏᛈᚩᚱᛏᛋ,242
cambered,185849,0,ᚳᚪᛗᛒᛖᚱᛖᛞ,476
flatland,185824,0,ᚠᛚᚪᛏᛚᚪᚾᛞ,519
hoosiers,185807,0,ᚻᚩᚩᛋᛁᛖᚱᛋ,252
petalled,185636,0,ᛈᛖᛏᚪᛚᛚᛖᛞ,568
hinayana,185550,0,ᚻᛁᚾᚪᚣᚪᚾᚪ,506
ignitions,185426,0,ᛁᚷᚾᛁᛏᛡᚾᛋ,356
cherubic,185353,0,ᚳᚻᛖᚱᚢᛒᛁᚳ,222
uncouple,185273,0,ᚢᚾᚳᚩᚢᛈᛚᛖ,238
racialist,185225,0,ᚱᚪᚳᛡᛚᛁᛋᛏ,444
chorales,185143,0,ᚳᚻᚩᚱᚪᛚᛖᛋ,344
lacerating,185068,0,ᛚᚪᚳᛖᚱᚪᛏᛝ,496
centaurea,185014,0,ᚳᛖᚾᛏᚪᚢᚱᛠ,388
germains,184994,0,ᚷᛖᚱᛗᚪᛁᚾᛋ,376
cimmerian,184969,0,ᚳᛁᛗᛗᛖᚱᛡᚾ,400
hauntingly,184813,0,ᚻᚪᚢᚾᛏᛝᛚᚣ,466
tendance,184796,0,ᛏᛖᚾᛞᚪᚾᚳᛖ,450
laudation,184796,0,ᛚᚪᚢᛞᚪᛏᛡᚾ,554
sleepwear,184784,0,ᛋᛚᛖᛖᛈᚹᛠᚱ,442
batterer,184679,0,ᛒᚪᛏᛏᛖᚱᛖᚱ,432
pollster,184656,0,ᛈᚩᛚᛚᛋᛏᛖᚱ,386
castrating,184569,0,ᚳᚪᛋᛏᚱᚪᛏᛝ,468
weldment,184554,0,ᚹᛖᛚᛞᛗᛖᚾᛏ,474
mobsters,184541,0,ᛗᚩᛒᛋᛏᛖᚱᛋ,382
seatbelts,184535,0,ᛋᛠᛏᛒᛖᛚᛏᛋ,534
recrossing,184360,0,ᚱᛖᚳᚱᚩᛋᛋᛝ,294
doberman,184277,0,ᛞᚩᛒᛖᚱᛗᚪᚾ,432
roundhead,184204,0,ᚱᚩᚢᚾᛞᚻᛠᛞ,360
measurers,184112,0,ᛗᛠᛋᚢᚱᛖᚱᛋ,378
escalade,184096,0,ᛖᛋᚳᚪᛚᚪᛞᛖ,556
haziness,184042,0,ᚻᚪᛋᛁᚾᛖᛋᛋ,406
sunshade,184034,0,ᛋᚢᚾᛋᚻᚪᛞᛖ,414
snappers,184018,0,ᛋᚾᚪᛈᛈᛖᚱᛋ,396
vitalize,184003,0,ᚢᛁᛏᚪᛚᛁᛋᛖ,414
nonbasic,183967,0,ᚾᚩᚾᛒᚪᛋᛁᚳ,320
spellers,183950,0,ᛋᛈᛖᛚᛚᛖᚱᛋ,440
conflating,183934,0,ᚳᚩᚾᚠᛚᚪᛏᛝ,359
cockspur,183885,0,ᚳᚩᚳᚳᛋᛈᚢᚱ,156
algerine,183736,0,ᚪᛚᚷᛖᚱᛁᚾᛖ,392
untangled,183545,0,ᚢᚾᛏᚪᛝᛚᛖᛞ,496
sambucus,183451,0,ᛋᚪᛗᛒᚢᚳᚢᛋ,354
leiomyoma,183419,0,ᛚᛖᛡᛗᚣᚩᛗᚪ,596
rescaled,183259,0,ᚱᛖᛋᚳᚪᛚᛖᛞ,470
whoredom,183146,0,ᚹᚻᚩᚱᛖᛞᚩᛗ,294
wittiest,183125,0,ᚹᛁᛏᛏᛁᛖᛋᛏ,378
andirons,183066,0,ᚪᚾᛞᛁᚱᚩᚾᛋ,346
culottes,183050,0,ᚳᚢᛚᚩᛏᛏᛖᛋ,334
hollerith,183036,0,ᚻᚩᛚᛚᛖᚱᛁᚦ,290
scholium,182754,0,ᛋᚳᚻᚩᛚᛁᚢᛗ,274
claspers,182662,0,ᚳᛚᚪᛋᛈᛖᚱᛋ,410
reworded,182618,0,ᚱᛖᚹᚩᚱᛞᛖᛞ,360
dressier,182615,0,ᛞᚱᛖᛋᛋᛁᛖᚱ,382
pugilist,182594,0,ᛈᚢᚷᛁᛚᛁᛋᛏ,310
schemers,182582,0,ᛋᚳᚻᛖᛗᛖᚱᛋ,358
respired,182517,0,ᚱᛖᛋᛈᛁᚱᛖᛞ,372
diverses,182485,0,ᛞᛁᚢᛖᚱᛋᛖᛋ,374
overhears,182462,0,ᚩᚢᛖᚱᚻᛠᚱᛋ,284
abomasum,182384,0,ᚪᛒᚩᛗᚪᛋᚢᛗ,460
cribbage,182372,0,ᚳᚱᛁᛒᛒᚪᚷᛖ,358
marzipan,182360,0,ᛗᚪᚱᛋᛁᛈᚪᚾ,432
pushover,182164,0,ᛈᚢᛋᚻᚩᚢᛖᚱ,210
coleslaw,182121,0,ᚳᚩᛚᛖᛋᛚᚪᚹ,402
penalise,182092,0,ᛈᛖᚾᚪᛚᛁᛋᛖ,460
playable,181898,0,ᛈᛚᚪᚣᚪᛒᛚᛖ,614
greyness,181813,0,ᚷᚱᛖᚣᚾᛖᛋᛋ,400
birdlike,181780,0,ᛒᛁᚱᛞᛚᛁᚳᛖ,376
auditioning,181690,0,ᚪᚢᛞᛁᛏᛡᚾᛝ,494
merriest,181671,0,ᛗᛖᚱᚱᛁᛖᛋᛏ,370
muckraking,181599,0,ᛗᚢᚳᚳᚱᚪᚳᛝ,300
samizdat,181513,0,ᛋᚪᛗᛁᛋᛞᚪᛏ,550
redbreast,181507,0,ᚱᛖᛞᛒᚱᛠᛋᛏ,460
batholiths,181435,0,ᛒᚪᚦᚩᛚᛁᚦᛋ,332
binuclear,181359,0,ᛒᛁᚾᚢᚳᛚᛠᚱ,330
unmapped,181304,0,ᚢᚾᛗᚪᛈᛈᛖᛞ,442
abjectly,181247,0,ᚪᛒᛂᛖᚳᛏᛚᚣ,510
disavows,181165,0,ᛞᛁᛋᚪᚢᚩᚹᛋ,352
seascapes,181136,0,ᛋᛠᛋᚳᚪᛈᛖᛋ,488
abdomens,181048,0,ᚪᛒᛞᚩᛗᛖᚾᛋ,474
bushland,181015,0,ᛒᚢᛋᚻᛚᚪᚾᛞ,428
clubfoot,181011,0,ᚳᛚᚢᛒᚠᚩᚩᛏ,225
platysma,180912,0,ᛈᛚᚪᛏᚣᛋᛗᚪ,596
sapphira,180823,0,ᛋᚪᛈᛈᚻᛁᚱᚪ,398
surprizing,180764,0,ᛋᚢᚱᛈᚱᛁᛋᛝ,284
carraway,180695,0,ᚳᚪᚱᚱᚪᚹᚪᚣ,448
waviness,180496,0,ᚹᚪᚢᛁᚾᛖᛋᛋ,352
halyards,180476,0,ᚻᚪᛚᚣᚪᚱᛞᛋ,546
colluded,180275,0,ᚳᚩᛚᛚᚢᛞᛖᛞ,414
freudians,180251,0,ᚠᚱᛖᚢᛞᛡᚾᛋ,361
beggared,180110,0,ᛒᛖᚷᚷᚪᚱᛖᛞ,426
bankroll,179993,0,ᛒᚪᚾᚳᚱᚩᛚᛚ,364
battened,179971,0,ᛒᚪᛏᛏᛖᚾᛖᛞ,528
barratry,179913,0,ᛒᚪᚱᚱᚪᛏᚱᚣ,450
coccygeal,179805,0,ᚳᚩᚳᚳᚣᚷᛠᛚ,348
ballyhoo,179638,0,ᛒᚪᛚᛚᚣᚻᚩᚩ,444
moriscos,179608,0,ᛗᚩᚱᛁᛋᚳᚩᛋ,246
intermix,179581,0,ᛁᚾᛏᛖᚱᛗᛁᛉ,346
thorazine,179562,0,ᚦᚩᚱᚪᛋᛁᚾᛖ,300
untiringly,179533,0,ᚢᚾᛏᛁᚱᛝᛚᚣ,388
buildups,179464,0,ᛒᚢᛁᛚᛞᚢᛈᛋ,356
urinated,179385,0,ᚢᚱᛁᚾᚪᛏᛖᛞ,386
fatalist,179374,0,ᚠᚪᛏᚪᛚᛁᛋᛏ,471
reclines,179356,0,ᚱᛖᚳᛚᛁᚾᛖᛋ,344
cotangent,179283,0,ᚳᚩᛏᚪᛝᛖᚾᛏ,410
hairlike,179231,0,ᚻᚪᛁᚱᛚᛁᚳᛖ,346
eurasians,179187,0,ᛖᚢᚱᚪᛋᛡᚾᛋ,420
popsicle,179183,0,ᛈᚩᛈᛋᛁᚳᛚᛖ,330
filleted,179124,0,ᚠᛁᛚᛚᛖᛏᛖᛞ,461
imprimis,179085,0,ᛁᛗᛈᚱᛁᛗᛁᛋ,342
headbands,179072,0,ᚻᛠᛞᛒᚪᚾᛞᛋ,550
backbiting,178909,0,ᛒᚪᚳᚳᛒᛁᛏᛝ,414
festered,178879,0,ᚠᛖᛋᛏᛖᚱᛖᛞ,415
vavasour,178877,0,ᚢᚪᚢᚪᛋᚩᚢᚱ,274
badinage,178834,0,ᛒᚪᛞᛁᚾᚪᚷᛖ,488
sexology,178832,0,ᛋᛖᛉᚩᛚᚩᚷᚣ,374
copulating,178815,0,ᚳᚩᛈᚢᛚᚪᛏᛝ,374
clannish,178755,0,ᚳᛚᚪᚾᚾᛁᛋᚻ,348
jacksons,178715,0,ᛂᚪᚳᚳᛋᚩᚾᛋ,302
tittered,178670,0,ᛏᛁᛏᛏᛖᚱᛖᛞ,442
epaulets,178659,0,ᛖᛈᚪᚢᛚᛖᛏᛋ,462
instated,178658,0,ᛁᚾᛋᛏᚪᛏᛖᛞ,484
antitype,178610,0,ᚪᚾᛏᛁᛏᚣᛈᛖ,488
straggly,178293,0,ᛋᛏᚱᚪᚷᚷᛚᚣ,430
englished,178241,0,ᛖᛝᛚᛁᛋᚻᛖᛞ,482
consigns,178226,0,ᚳᚩᚾᛋᛁᚷᚾᛋ,232
blackcap,178063,0,ᛒᛚᚪᚳᚳᚳᚪᛈ,410
dumbness,177891,0,ᛞᚢᛗᛒᚾᛖᛋᛋ,426
midfield,177782,0,ᛗᛁᛞᚠᛁᛖᛚᛞ,453
sinaitic,177743,0,ᛋᛁᚾᚪᛁᛏᛁᚳ,344
airbrush,177738,0,ᚪᛁᚱᛒᚱᚢᛋᚻ,290
vectored,177725,0,ᚢᛖᚳᛏᚩᚱᛖᛞ,316
sceptres,177703,0,ᛋᚳᛖᛈᛏᚱᛖᛋ,366
frugally,177696,0,ᚠᚱᚢᚷᚪᛚᛚᚣ,379
binnacle,177638,0,ᛒᛁᚾᚾᚪᚳᛚᛖ,400
seminoma,177610,0,ᛋᛖᛗᛁᚾᚩᛗᚪ,426
forewarn,177576,0,ᚠᚩᚱᛖᚹᚪᚱᚾ,243
unthrifty,177530,0,ᚢᚾᚦᚱᛁᚠᛏᚣ,243
sodalite,177480,0,ᛋᚩᛞᚪᛚᛁᛏᛖ,476
guffawed,177427,0,ᚷᚢᚠᚠᚪᚹᛖᛞ,296
killdeer,177417,0,ᚳᛁᛚᛚᛞᛖᛖᚱ,424
charette,177405,0,ᚳᚻᚪᚱᛖᛏᛏᛖ,396
reinsure,177362,0,ᚱᛖᛁᚾᛋᚢᚱᛖ,272
delimits,177124,0,ᛞᛖᛚᛁᛗᛁᛏᛋ,474
mofussil,177116,0,ᛗᚩᚠᚢᛋᛋᛁᛚ,293
charmers,177099,0,ᚳᚻᚪᚱᛗᛖᚱᛋ,346
respited,177074,0,ᚱᛖᛋᛈᛁᛏᛖᛞ,420
redstart,176934,0,ᚱᛖᛞᛋᛏᚪᚱᛏ,446
nucleases,176928,0,ᚾᚢᚳᛚᛠᛋᛖᛋ,400
sheepmen,176890,0,ᛋᚻᛖᛖᛈᛗᛖᚾ,420
yuletide,176812,0,ᚣᚢᛚᛖᛏᛁᛞᛖ,492
suborned,176774,0,ᛋᚢᛒᚩᚱᚾᛖᛞ,320
prisoned,176738,0,ᛈᚱᛁᛋᚩᚾᛖᛞ,330
rivieres,176716,0,ᚱᛁᚢᛁᛖᚱᛖᛋ,274
fretwork,176569,0,ᚠᚱᛖᛏᚹᚩᚱᚳ,189
glittery,176533,0,ᚷᛚᛁᛏᛏᛖᚱᚣ,420
shekinah,176517,0,ᛋᚻᛖᚳᛁᚾᚪᚻ,336
burgeoned,176386,0,ᛒᚢᚱᚷᛇᚾᛖᛞ,318
conjoining,176286,0,ᚳᚩᚾᛂᚩᛁᚾᛝ,232
missional,176221,0,ᛗᛁᛋᛋᛡᚾᚪᛚ,514
fireless,176110,0,ᚠᛁᚱᛖᛚᛖᛋᛋ,357
queerest,176049,0,ᚳᚹᛖᛖᚱᛖᛋᛏ,356
untilled,176044,0,ᚢᚾᛏᛁᛚᛚᛖᛞ,424
pattered,176028,0,ᛈᚪᛏᛏᛖᚱᛖᛞ,492
saboteur,175804,0,ᛋᚪᛒᚩᛏᛖᚢᚱ,358
osculating,175786,0,ᚩᛋᚳᚢᛚᚪᛏᛝ,384
handiest,175681,0,ᚻᚪᚾᛞᛁᛖᛋᛏ,448
tinkered,175645,0,ᛏᛁᚾᚳᛖᚱᛖᛞ,366
burritos,175544,0,ᛒᚢᚱᚱᛁᛏᚩᛋ,236
asphodel,175529,0,ᚪᛋᛈᚻᚩᛞᛖᛚ,452
beauclerk,175504,0,ᛒᛠᚢᚳᛚᛖᚱᚳ,350
riveters,175452,0,ᚱᛁᚢᛖᛏᛖᚱᛋ,302
cruelest,175440,0,ᚳᚱᚢᛖᛚᛖᛋᛏ,346
muleteer,175404,0,ᛗᚢᛚᛖᛏᛖᛖᚱ,418
crackpot,175366,0,ᚳᚱᚪᚳᚳᛈᚩᛏ,256
umpteenth,175355,0,ᚢᛗᛈᛏᛖᛖᚾᚦ,344
tektites,175346,0,ᛏᛖᚳᛏᛁᛏᛖᛋ,408
sharpers,175343,0,ᛋᚻᚪᚱᛈᛖᚱᛋ,358
claptrap,175224,0,ᚳᛚᚪᛈᛏᚱᚪᛈ,436
gunfight,175174,0,ᚷᚢᚾᚠᛁᚷᚻᛏ,181
goldmine,175124,0,ᚷᚩᛚᛞᛗᛁᚾᛖ,384
bareboat,175094,0,ᛒᚪᚱᛖᛒᚩᚪᛏ,460
unleashes,175011,0,ᚢᚾᛚᛠᛋᚻᛖᛋ,410
gravitas,175002,0,ᚷᚱᚪᚢᛁᛏᚪᛋ,368
demagogy,175001,0,ᛞᛖᛗᚪᚷᚩᚷᚣ,468
sublevel,174833,0,ᛋᚢᛒᛚᛖᚢᛖᛚ,400
yemenite,174811,0,ᚣᛖᛗᛖᚾᛁᛏᛖ,494
gordimer,174798,0,ᚷᚩᚱᛞᛁᛗᛖᚱ,304
convulse,174770,0,ᚳᚩᚾᚢᚢᛚᛋᛖ,248
becomingly,174678,0,ᛒᛖᚳᚩᛗᛝᛚᚣ,474
neckcloth,174675,0,ᚾᛖᚳᚳᚳᛚᚩᚦ,220
prunella,174630,0,ᛈᚱᚢᚾᛖᛚᛚᚪ,396
hornpipe,174579,0,ᚻᚩᚱᚾᛈᛁᛈᛖ,254
stalkers,174541,0,ᛋᛏᚪᛚᚳᛖᚱᛋ,426
sheepdog,174537,0,ᛋᚻᛖᛖᛈᛞᚩᚷ,366
carotids,174446,0,ᚳᚪᚱᚩᛏᛁᛞᛋ,360
ennobles,174357,0,ᛖᚾᚾᚩᛒᛚᛖᛋ,386
footsore,174222,0,ᚠᚩᚩᛏᛋᚩᚱᛖ,213
stammers,174142,0,ᛋᛏᚪᛗᛗᛖᚱᛋ,482
cheetahs,173951,0,ᚳᚻᛖᛖᛏᚪᚻᛋ,402
stampeding,173914,0,ᛋᛏᚪᛗᛈᛖᛞᛝ,558
trattoria,173880,0,ᛏᚱᚪᛏᛏᚩᚱᛡ,410
cynosure,173824,0,ᚳᚣᚾᚩᛋᚢᚱᛖ,286
floridian,173809,0,ᚠᛚᚩᚱᛁᛞᛡᚾ,349
massacring,173799,0,ᛗᚪᛋᛋᚪᚳᚱᛝ,474
dissects,173724,0,ᛞᛁᛋᛋᛖᚳᛏᛋ,418
viewless,173671,0,ᚢᛁᛖᚹᛚᛖᛋᛋ,366
niceness,173474,0,ᚾᛁᚳᛖᚾᛖᛋᛋ,342
rapunzel,173472,0,ᚱᚪᛈᚢᚾᛋᛖᛚ,376
disgracing,173443,0,ᛞᛁᛋᚷᚱᚪᚳᛝ,390
easterner,173268,0,ᛠᛋᛏᛖᚱᚾᛖᚱ,406
breathable,173245,0,ᛒᚱᛠᚦᚪᛒᛚᛖ,484
blinkers,173183,0,ᛒᛚᛁᚾᚳᛖᚱᛋ,338
racquets,173108,0,ᚱᚪᚳᚳᚹᛖᛏᛋ,332
refereeing,173081,0,ᚱᛖᚠᛖᚱᛖᛖᛝ,371
wavelike,173050,0,ᚹᚪᚢᛖᛚᛁᚳᛖ,370
telemann,172934,0,ᛏᛖᛚᛖᛗᚪᚾᚾ,492
dichotic,172880,0,ᛞᛁᚳᚻᚩᛏᛁᚳ,266
marshman,172717,0,ᛗᚪᚱᛋᚻᛗᚪᚾ,452
buzzword,172668,0,ᛒᚢᛋᛋᚹᚩᚱᛞ,296
prorogue,172656,0,ᛈᚱᚩᚱᚩᚷᚢᛖ,166
barranca,172602,0,ᛒᚪᚱᚱᚪᚾᚳᚪ,416
atlantean,172385,0,ᚪᛏᛚᚪᚾᛏᛠᚾ,552
electrum,172188,0,ᛖᛚᛖᚳᛏᚱᚢᛗ,364
regattas,172089,0,ᚱᛖᚷᚪᛏᛏᚪᛋ,460
biplanes,172033,0,ᛒᛁᛈᛚᚪᚾᛖᛋ,454
rauwolfia,171947,0,ᚱᚪᚢᚹᚩᛚᚠᛡ,319
merodach,171928,0,ᛗᛖᚱᚩᛞᚪᚳᚻ,378
epiphyte,171878,0,ᛖᛈᛁᛈᚻᚣᛏᛖ,436
logbooks,171859,0,ᛚᚩᚷᛒᚩᚩᚳᛋ,238
rephrasing,171677,0,ᚱᛖᛈᚻᚱᚪᛋᛝ,384
saturnian,171604,0,ᛋᚪᛏᚢᚱᚾᛡᚾ,388
lifework,171465,0,ᛚᛁᚠᛖᚹᚩᚱᚳ,223
flurried,171438,0,ᚠᛚᚢᚱᚱᛁᛖᛞ,287
purblind,171425,0,ᛈᚢᚱᛒᛚᛁᚾᛞ,340
pentoses,171395,0,ᛈᛖᚾᛏᚩᛋᛖᛋ,378
sneeringly,171289,0,ᛋᚾᛖᛖᚱᛝᛚᚣ,482
speranza,171064,0,ᛋᛈᛖᚱᚪᚾᛋᚪ,450
shoeshine,170872,0,ᛋᚻᛟᛋᚻᛁᚾᛖ,362
hoodwink,170800,0,ᚻᚩᚩᛞᚹᛁᚾᚳ,218
fishpond,170794,0,ᚠᛁᛋᚻᛈᚩᚾᛞ,277
keynotes,170790,0,ᚳᛖᚣᚾᚩᛏᛖᛋ,398
temptingly,170770,0,ᛏᛖᛗᛈᛏᛝᛚᚣ,554
hemianopia,170744,0,ᚻᛖᛗᛡᚾᚩᛈᛡ,454
blameable,170691,0,ᛒᛚᚪᛗᛠᛒᛚᛖ,612
whinnied,170681,0,ᚹᚻᛁᚾᚾᛁᛖᛞ,318
wrongdoings,170614,0,ᚹᚱᚩᛝᛞᚩᛝᛋ,344
paragons,170594,0,ᛈᚪᚱᚪᚷᚩᚾᛋ,354
pushcart,170419,0,ᛈᚢᛋᚻᚳᚪᚱᛏ,302
hedonist,170372,0,ᚻᛖᛞᚩᚾᛁᛋᛏ,358
passably,170297,0,ᛈᚪᛋᛋᚪᛒᛚᚣ,580
seditions,170253,0,ᛋᛖᛞᛁᛏᛡᚾᛋ,488
cichlids,170176,0,ᚳᛁᚳᚻᛚᛁᛞᛋ,326
metazoan,170158,0,ᛗᛖᛏᚪᛋᚩᚪᚾ,480
accompts,170128,0,ᚪᚳᚳᚩᛗᛈᛏᛋ,356
glistens,170101,0,ᚷᛚᛁᛋᛏᛖᚾᛋ,382
kuwaitis,169986,0,ᚳᚢᚹᚪᛁᛏᛁᛋ,306
pindaric,169945,0,ᛈᛁᚾᛞᚪᚱᛁᚳ,344
arsonist,169817,0,ᚪᚱᛋᚩᚾᛁᛋᛏ,340
clathrate,169735,0,ᚳᛚᚪᚦᚱᚪᛏᛖ,422
moderato,169726,0,ᛗᚩᛞᛖᚱᚪᛏᚩ,408
procurer,169698,0,ᛈᚱᚩᚳᚢᚱᛖᚱ,166
fascines,169629,0,ᚠᚪᛋᚳᛁᚾᛖᛋ,345
unroofed,169582,0,ᚢᚾᚱᚩᚩᚠᛖᛞ,215
caravels,169560,0,ᚳᚪᚱᚪᚢᛖᛚᛋ,414
ulcerate,169537,0,ᚢᛚᚳᛖᚱᚪᛏᛖ,390
slackers,169239,0,ᛋᛚᚪᚳᚳᛖᚱᛋ,380
paranoiac,169228,0,ᛈᚪᚱᚪᚾᚩᛡᚳ,404
brandreth,169223,0,ᛒᚱᚪᚾᛞᚱᛖᚦ,370
calamari,169192,0,ᚳᚪᛚᚪᛗᚪᚱᛁ,490
rentable,169187,0,ᚱᛖᚾᛏᚪᛒᛚᛖ,464
endocarp,169081,0,ᛖᚾᛞᚩᚳᚪᚱᛈ,356
pleasance,168961,0,ᛈᛚᛠᛋᚪᚾᚳᛖ,484
gearshift,168886,0,ᚷᛠᚱᛋᚻᛁᚠᛏ,305
rosebush,168738,0,ᚱᚩᛋᛖᛒᚢᛋᚻ,278
benzylic,168726,0,ᛒᛖᚾᛋᚣᛚᛁᚳ,430
natively,168603,0,ᚾᚪᛏᛁᚢᛖᛚᚣ,462
mayoress,168515,0,ᛗᚪᚣᚩᚱᛖᛋᛋ,462
collards,168314,0,ᚳᚩᛚᛚᚪᚱᛞᛋ,416
stinginess,168291,0,ᛋᛏᛝᛁᚾᛖᛋᛋ,424
cumbered,168265,0,ᚳᚢᛗᛒᛖᚱᛖᛞ,382
snickering,168099,0,ᛋᚾᛁᚳᚳᛖᚱᛝ,296
unloosed,167976,0,ᚢᚾᛚᚩᚩᛋᛖᛞ,328
outflowing,167845,0,ᚩᚢᛏᚠᛚᚩᚹᛝ,249
ratchets,167551,0,ᚱᚪᛏᚳᚻᛖᛏᛋ,382
regrinding,167474,0,ᚱᛖᚷᚱᛁᚾᛞᛝ,334
torquato,167300,0,ᛏᚩᚱᚳᚹᚪᛏᚩ,272
muenster,167286,0,ᛗᚢᛖᚾᛋᛏᛖᚱ,360
plaister,167179,0,ᛈᛚᚪᛁᛋᛏᛖᚱ,434
petaloid,166996,0,ᛈᛖᛏᚪᛚᚩᛁᛞ,466
wireworm,166907,0,ᚹᛁᚱᛖᚹᚩᚱᛗ,236
dactylic,166900,0,ᛞᚪᚳᛏᚣᛚᛁᚳ,478
reflexly,166641,0,ᚱᛖᚠᛚᛖᛉᛚᚣ,443
inundating,166513,0,ᛁᚾᚢᚾᛞᚪᛏᛝ,416
pinprick,166457,0,ᛈᛁᚾᛈᚱᛁᚳᚳ,214
unquoted,166451,0,ᚢᚾᚳᚹᚩᛏᛖᛞ,286
isostasy,166446,0,ᛁᛋᚩᛋᛏᚪᛋᚣ,456
sacculus,166417,0,ᛋᚪᚳᚳᚢᛚᚢᛋ,308
walloons,166354,0,ᚹᚪᛚᛚᚩᚩᚾᛋ,358
sundress,166348,0,ᛋᚢᚾᛞᚱᛖᛋᛋ,358
igniters,166289,0,ᛁᚷᚾᛁᛏᛖᚱᛋ,298
braceros,166283,0,ᛒᚱᚪᚳᛖᚱᚩᛋ,320
psyllium,166199,0,ᛈᛋᚣᛚᛚᛁᚢᛗ,450
cratered,166171,0,ᚳᚱᚪᛏᛖᚱᛖᛞ,414
demotions,166053,0,ᛞᛖᛗᚩᛏᛡᚾᛋ,482
dysphonia,165967,0,ᛞᚣᛋᛈᚻᚩᚾᛡ,454
molality,165889,0,ᛗᚩᛚᚪᛚᛁᛏᚣ,514
dogberry,165863,0,ᛞᚩᚷᛒᛖᚱᚱᚣ,366
dextrous,165813,0,ᛞᛖᛉᛏᚱᚩᚢᛋ,336
redoubling,165781,0,ᚱᛖᛞᚩᚢᛒᛚᛝ,390
fishhook,165670,0,ᚠᛁᛋᚻᚻᚩᚩᚳ,159
cocksure,165597,0,ᚳᚩᚳᚳᛋᚢᚱᛖ,180
radiances,165458,0,ᚱᚪᛞᛡᚾᚳᛖᛋ,466
blastema,165343,0,ᛒᛚᚪᛋᛏᛖᛗᚪ,578
predella,165333,0,ᛈᚱᛖᛞᛖᛚᛚᚪ,520
gadgetry,165280,0,ᚷᚪᛞᚷᛖᛏᚱᚣ,460
henhouse,165264,0,ᚻᛖᚾᚻᚩᚢᛋᛖ,272
mortises,165231,0,ᛗᚩᚱᛏᛁᛋᛖᛋ,352
nucellus,165179,0,ᚾᚢᚳᛖᛚᛚᚢᛋ,314
boatload,165089,0,ᛒᚩᚪᛏᛚᚩᚪᛞ,490
longhorns,164898,0,ᛚᚩᛝᚻᚩᚱᚾᛋ,282
craziest,164789,0,ᚳᚱᚪᛋᛁᛖᛋᛏ,384
alienist,164628,0,ᚪᛚᛁᛖᚾᛁᛋᛏ,440
hardtack,164627,0,ᚻᚪᚱᛞᛏᚪᚳᚳ,402
shimmers,164597,0,ᛋᚻᛁᛗᛗᛖᚱᛋ,380
trekkers,164576,0,ᛏᚱᛖᚳᚳᛖᚱᛋ,294
pussycat,164533,0,ᛈᚢᛋᛋᚣᚳᚪᛏ,424
droppers,164458,0,ᛞᚱᚩᛈᛈᛖᚱᛋ,324
cowslips,164437,0,ᚳᚩᚹᛋᛚᛁᛈᛋ,292
gloomier,164404,0,ᚷᛚᚩᚩᛗᛁᛖᚱ,284
bilharzia,164401,0,ᛒᛁᛚᚻᚪᚱᛋᛡ,456
roadbeds,164387,0,ᚱᚩᚪᛞᛒᛖᛞᛋ,474
wurtzite,164317,0,ᚹᚢᚱᛏᛋᛁᛏᛖ,302
ranchmen,164169,0,ᚱᚪᚾᚳᚻᛗᛖᚾ,340
ballgame,164132,0,ᛒᚪᛚᛚᚷᚪᛗᛖ,556
entrapping,164109,0,ᛖᚾᛏᚱᚪᛈᛈᛝ,428
satchels,163996,0,ᛋᚪᛏᚳᚻᛖᛚᛋ,438
rheometer,163926,0,ᚱᚻᛇᛗᛖᛏᛖᚱ,350
outwitting,163901,0,ᚩᚢᛏᚹᛁᛏᛏᛝ,316
indusium,163876,0,ᛁᚾᛞᚢᛋᛁᚢᛗ,310
lachesis,163780,0,ᛚᚪᚳᚻᛖᛋᛁᛋ,410
inputted,163696,0,ᛁᚾᛈᚢᛏᛏᛖᛞ,380
provosts,163658,0,ᛈᚱᚩᚢᚩᛋᛏᛋ,236
begrimed,163643,0,ᛒᛖᚷᚱᛁᛗᛖᛞ,414
purlieus,163575,0,ᛈᚢᚱᛚᛁᛖᚢᛋ,284
chessmen,163548,0,ᚳᚻᛖᛋᛋᛗᛖᚾ,376
wranglers,163365,0,ᚹᚱᚪᛝᛚᛖᚱᛋ,410
billfold,163348,0,ᛒᛁᛚᛚᚠᚩᛚᛞ,409
narcissi,163297,0,ᚾᚪᚱᚳᛁᛋᛋᛁ,318
ascanius,163250,0,ᚪᛋᚳᚪᚾᛁᚢᛋ,376
bassinet,163206,0,ᛒᚪᛋᛋᛁᚾᛖᛏ,450
distills,163180,0,ᛞᛁᛋᛏᛁᛚᛚᛋ,462
sidebars,163131,0,ᛋᛁᛞᛖᛒᚪᚱᛋ,462
bobolink,163122,0,ᛒᚩᛒᚩᛚᛁᚾᚳ,282
deodorizing,162875,0,ᛞᛇᛞᚩᚱᛁᛋᛝ,400
dewdrops,162803,0,ᛞᛖᚹᛞᚱᚩᛈᛋ,378
ostracod,162769,0,ᚩᛋᛏᚱᚪᚳᚩᛞ,336
sodality,162741,0,ᛋᚩᛞᚪᛚᛁᛏᚣ,512
bibulous,162637,0,ᛒᛁᛒᚢᛚᚩᚢᛋ,292
slavonian,162507,0,ᛋᛚᚪᚢᚩᚾᛡᚾ,398
raisonne,162391,0,ᚱᚪᛁᛋᚩᚾᚾᛖ,324
frangible,162362,0,ᚠᚱᚪᛝᛁᛒᛚᛖ,421
stromata,162343,0,ᛋᛏᚱᚩᛗᚪᛏᚪ,454
bifocals,162317,0,ᛒᛁᚠᚩᚳᚪᛚᛋ,337
blackens,162314,0,ᛒᛚᚪᚳᚳᛖᚾᛋ,406
wheedled,162253,0,ᚹᚻᛖᛖᛞᛚᛖᛞ,494
orwellian,162182,0,ᚩᚱᚹᛖᛚᛚᛡᚾ,386
reground,162122,0,ᚱᛖᚷᚱᚩᚢᚾᛞ,234
landside,162119,0,ᛚᚪᚾᛞᛋᛁᛞᛖ,528
libretti,162031,0,ᛚᛁᛒᚱᛖᛏᛏᛁ,392
poetaster,161775,0,ᛈᛟᛏᚪᛋᛏᛖᚱ,472
hardball,161769,0,ᚻᚪᚱᛞᛒᚪᛚᛚ,524
singhalese,161731,0,ᛋᛝᚻᚪᛚᛖᛋᛖ,512
ericaceae,161694,0,ᛖᚱᛁᚳᚪᚳᛠᛖ,408
bouncers,161557,0,ᛒᚩᚢᚾᚳᛖᚱᛋ,244
ranchman,161492,0,ᚱᚪᚾᚳᚻᛗᚪᚾ,370
trinomial,161352,0,ᛏᚱᛁᚾᚩᛗᛡᛚ,388
crowbars,161335,0,ᚳᚱᚩᚹᛒᚪᚱᛋ,272
digitate,161314,0,ᛞᛁᚷᛁᛏᚪᛏᛖ,450
cabotage,161094,0,ᚳᚪᛒᚩᛏᚪᚷᛖ,418
catcalls,161092,0,ᚳᚪᛏᚳᚪᛚᛚᛋ,478
gardenias,160996,0,ᚷᚪᚱᛞᛖᚾᛡᛋ,470
durative,160957,0,ᛞᚢᚱᚪᛏᛁᚢᛖ,360
exotoxin,160845,0,ᛖᛉᚩᛏᚩᛉᛁᚾ,294
riotously,160742,0,ᚱᛡᛏᚩᚢᛋᛚᚣ,416
couchant,160715,0,ᚳᚩᚢᚳᚻᚪᚾᛏ,244
headliner,160710,0,ᚻᛠᛞᛚᛁᚾᛖᚱ,432
subserving,160680,0,ᛋᚢᛒᛋᛖᚱᚢᛝ,330
mortician,160676,0,ᛗᚩᚱᛏᛁᚳᛡᚾ,328
peridium,160572,0,ᛈᛖᚱᛁᛞᛁᚢᛗ,346
denticle,160547,0,ᛞᛖᚾᛏᛁᚳᛚᛖ,428
latchkey,160506,0,ᛚᚪᛏᚳᚻᚳᛖᚣ,448
takedown,160423,0,ᛏᚪᚳᛖᛞᚩᚹᚾ,380
krakatoa,160410,0,ᚳᚱᚪᚳᚪᛏᚩᚪ,394
kidnaped,160408,0,ᚳᛁᛞᚾᚪᛈᛖᛞ,458
compline,160324,0,ᚳᚩᛗᛈᛚᛁᚾᛖ,334
crucifying,160215,0,ᚳᚱᚢᚳᛁᚠᚣᛝ,255
unframed,160117,0,ᚢᚾᚠᚱᚪᛗᛖᛞ,369
hothouses,160086,0,ᚻᚩᚦᚩᚢᛋᛖᛋ,218
cupbearer,160020,0,ᚳᚢᛈᛒᛠᚱᛖᚱ,318
aerofoils,159996,0,ᚫᚱᚩᚠᚩᛁᛚᛋ,285
uncombed,159873,0,ᚢᚾᚳᚩᛗᛒᛖᛞ,340
resister,159720,0,ᚱᛖᛋᛁᛋᛏᛖᚱ,352
cotillion,159685,0,ᚳᚩᛏᛁᛚᛚᛡᚾ,392
exorcising,159650,0,ᛖᛉᚩᚱᚳᛁᛋᛝ,308
centriole,159571,0,ᚳᛖᚾᛏᚱᛡᛚᛖ,426
reappoint,159525,0,ᚱᛠᛈᛈᚩᛁᚾᛏ,332
withouten,159427,0,ᚹᛁᚦᚩᚢᛏᛖᚾ,220
blasters,159301,0,ᛒᛚᚪᛋᛏᛖᚱᛋ,474
chancres,159271,0,ᚳᚻᚪᚾᚳᚱᛖᛋ,306
mediatory,159231,0,ᛗᛖᛞᛡᛏᚩᚱᚣ,514
lonelier,159205,0,ᛚᚩᚾᛖᛚᛁᛖᚱ,358
packager,159160,0,ᛈᚪᚳᚳᚪᚷᛖᚱ,358
drizzled,159121,0,ᛞᚱᛁᛋᛋᛚᛖᛞ,466
dribbles,159050,0,ᛞᚱᛁᛒᛒᛚᛖᛋ,446
sailfish,159009,0,ᛋᚪᛁᛚᚠᛁᛋᚻ,363
redbrick,158919,0,ᚱᛖᛞᛒᚱᛁᚳᚳ,296
tokenism,158764,0,ᛏᚩᚳᛖᚾᛁᛋᛗ,330
noisiest,158755,0,ᚾᚩᛁᛋᛁᛖᛋᛏ,330
holabird,158692,0,ᚻᚩᛚᚪᛒᛁᚱᛞ,392
halberds,158530,0,ᚻᚪᛚᛒᛖᚱᛞᛋ,474
churchly,158419,0,ᚳᚻᚢᚱᚳᚻᛚᚣ,262
forefeet,158298,0,ᚠᚩᚱᛖᚠᛖᛖᛏ,282
breakouts,158245,0,ᛒᚱᛠᚳᚩᚢᛏᛋ,316
influxes,158182,0,ᛁᚾᚠᛚᚢᛉᛖᛋ,305
chillingly,158116,0,ᚳᚻᛁᛚᛚᛝᛚᚣ,468
trigrams,158113,0,ᛏᚱᛁᚷᚱᚪᛗᛋ,350
farmhand,158043,0,ᚠᚪᚱᛗᚻᚪᚾᛞ,419
prodrome,157967,0,ᛈᚱᚩᛞᚱᚩᛗᛖ,306
crunches,157844,0,ᚳᚱᚢᚾᚳᚻᛖᛋ,212
perfecto,157843,0,ᛈᛖᚱᚠᛖᚳᛏᚩ,269
plosives,157649,0,ᛈᛚᚩᛋᛁᚢᛖᛋ,330
grevillea,157638,0,ᚷᚱᛖᚢᛁᛚᛚᛠ,384
auricula,157630,0,ᚪᚢᚱᛁᚳᚢᛚᚪ,328
unpruned,157596,0,ᚢᚾᛈᚱᚢᚾᛖᛞ,274
hornbook,157525,0,ᚻᚩᚱᚾᛒᚩᚩᚳ,158
burthened,157492,0,ᛒᚢᚱᚦᛖᚾᛖᛞ,332
seducers,157463,0,ᛋᛖᛞᚢᚳᛖᚱᛋ,356
choosers,157431,0,ᚳᚻᚩᚩᛋᛖᚱᛋ,234
approver,157416,0,ᚪᛈᛈᚱᚩᚢᛖᚱ,282
peltries,157378,0,ᛈᛖᛚᛏᚱᛁᛖᛋ,404
oospores,157260,0,ᚩᚩᛋᛈᚩᚱᛖᛋ,248
lockstep,157105,0,ᛚᚩᚳᚳᛋᛏᛖᛈ,328
stubbles,157076,0,ᛋᛏᚢᛒᛒᛚᛖᛋ,430
entoderm,157003,0,ᛖᚾᛏᚩᛞᛖᚱᛗ,400
inunction,157001,0,ᛁᚾᚢᚾᚳᛏᛡᚾ,300
neutered,156961,0,ᚾᛖᚢᛏᛖᚱᛖᛞ,392
sinfully,156926,0,ᛋᛁᚾᚠᚢᛚᛚᚣ,367
nobodies,156829,0,ᚾᚩᛒᚩᛞᛁᛖᛋ,344
synapsis,156713,0,ᛋᚣᚾᚪᛈᛋᛁᛋ,462
lactated,156654,0,ᛚᚪᚳᛏᚪᛏᛖᛞ,554
engrailed,156648,0,ᛖᛝᚱᚪᛁᛚᛖᛞ,514
teleostei,156551,0,ᛏᛖᛚᛇᛋᛏᛖᛁ,450
caramels,156534,0,ᚳᚪᚱᚪᛗᛖᛚᛋ,482
swindles,156489,0,ᛋᚹᛁᚾᛞᛚᛖᛋ,414
shallowing,156311,0,ᛋᚻᚪᛚᛚᚩᚹᛝ,424
ugandans,156301,0,ᚢᚷᚪᚾᛞᚪᚾᛋ,414
stockinged,156299,0,ᛋᛏᚩᚳᚳᛝᛖᛞ,380
galoshes,156257,0,ᚷᚪᛚᚩᛋᚻᛖᛋ,390
valencian,156195,0,ᚢᚪᛚᛖᚾᚳᛡᚾ,418
protasis,156144,0,ᛈᚱᚩᛏᚪᛋᛁᛋ,354
aconitum,155997,0,ᚪᚳᚩᚾᛁᛏᚢᛗ,310
sainfoin,155977,0,ᛋᚪᛁᚾᚠᚩᛁᚾ,279
araminta,155965,0,ᚪᚱᚪᛗᛁᚾᛏᚪ,492
intenser,155919,0,ᛁᚾᛏᛖᚾᛋᛖᚱ,346
epicures,155905,0,ᛖᛈᛁᚳᚢᚱᛖᛋ,288
harasser,155859,0,ᚻᚪᚱᚪᛋᛋᛖᚱ,412
marabout,155858,0,ᛗᚪᚱᚪᛒᚩᚢᛏ,406
seashores,155799,0,ᛋᛠᛋᚻᚩᚱᛖᛋ,376
almagest,155695,0,ᚪᛚᛗᚪᚷᛖᛋᛏ,534
tracheid,155662,0,ᛏᚱᚪᚳᚻᛖᛁᛞ,390
colorant,155659,0,ᚳᚩᛚᚩᚱᚪᚾᛏ,296
carnauba,155530,0,ᚳᚪᚱᚾᚪᚢᛒᚪ,408
nonlegal,155506,0,ᚾᚩᚾᛚᛖᚷᚪᛚ,392
sorrowed,155459,0,ᛋᚩᚱᚱᚩᚹᛖᛞ,264
nephrite,155429,0,ᚾᛖᛈᚻᚱᛁᛏᛖ,330
bilberry,155349,0,ᛒᛁᛚᛒᛖᚱᚱᚣ,418
repousse,155334,0,ᚱᛖᛈᚩᚢᛋᛋᛖ,304
turncoat,155314,0,ᛏᚢᚱᚾᚳᚩᚪᛏ,278
subdeacon,155264,0,ᛋᚢᛒᛞᛠᚳᚩᚾ,364
catechin,155256,0,ᚳᚪᛏᛖᚳᚻᛁᚾ,332
shastras,155181,0,ᛋᚻᚪᛋᛏᚱᚪᛋ,446
scuttles,155118,0,ᛋᚳᚢᛏᛏᛚᛖᛋ,380
mothballs,155114,0,ᛗᚩᚦᛒᚪᛚᛚᛋ,440
hijackings,155059,0,ᚻᛁᛂᚪᚳᚳᛝᛋ,346
soapsuds,154992,0,ᛋᚩᚪᛈᛋᚢᛞᛋ,398
tasseled,154947,0,ᛏᚪᛋᛋᛖᛚᛖᛞ,558
aphasics,154841,0,ᚪᛈᚻᚪᛋᛁᚳᛋ,410
localise,154840,0,ᛚᚩᚳᚪᛚᛁᛋᛖ,414
boatyard,154783,0,ᛒᚩᚪᛏᚣᚪᚱᛞ,524
centners,154728,0,ᚳᛖᚾᛏᚾᛖᚱᛋ,328
perfecta,154680,0,ᛈᛖᚱᚠᛖᚳᛏᚪ,359
redeploy,154658,0,ᚱᛖᛞᛖᛈᛚᚩᚣ,460
vocalizing,154576,0,ᚢᚩᚳᚪᛚᛁᛋᛝ,356
calibres,154500,0,ᚳᚪᛚᛁᛒᚱᛖᛋ,406
spencers,154498,0,ᛋᛈᛖᚾᚳᛖᚱᛋ,336
calcitic,154374,0,ᚳᚪᛚᚳᛁᛏᛁᚳ,330
safranin,154349,0,ᛋᚪᚠᚱᚪᚾᛁᚾ,349
teiresias,154334,0,ᛏᛖᛁᚱᛖᛋᛡᛋ,448
embolden,154296,0,ᛖᛗᛒᚩᛚᛞᛖᚾ,464
maltster,154281,0,ᛗᚪᛚᛏᛋᛏᛖᚱ,490
helpmeet,154271,0,ᚻᛖᛚᛈᛗᛖᛖᛏ,470
aperitif,154215,0,ᚪᛈᛖᚱᛁᛏᛁᚠ,341
unbolted,154169,0,ᚢᚾᛒᚩᛚᛏᛖᛞ,388
heartsick,154127,0,ᚻᛠᚱᛏᛋᛁᚳᚳ,312
unheroic,154053,0,ᚢᚾᚻᛖᚱᚩᛁᚳ,184
assayers,154053,0,ᚪᛋᛋᚪᚣᛖᚱᛋ,534
luxuriate,154042,0,ᛚᚢᛉᚢᚱᛡᛏᛖ,370
regality,153968,0,ᚱᛖᚷᚪᛚᛁᛏᚣ,458
mydriatic,153965,0,ᛗᚣᛞᚱᛡᛏᛁᚳ,484
hornless,153755,0,ᚻᚩᚱᚾᛚᛖᛋᛋ,316
pelagians,153741,0,ᛈᛖᛚᚪᚷᛡᚾᛋ,486
unionised,153540,0,ᚢᚾᛡᚾᛁᛋᛖᛞ,408
mittimus,153538,0,ᛗᛁᛏᛏᛁᛗᚢᛋ,378
latently,153451,0,ᛚᚪᛏᛖᚾᛏᛚᚣ,560
epicycle,153446,0,ᛖᛈᛁᚳᚣᚳᛚᛖ,410
grommets,153402,0,ᚷᚱᚩᛗᛗᛖᛏᛋ,356
bourbaki,153357,0,ᛒᚩᚢᚱᛒᚪᚳᛁ,284
parapodia,153354,0,ᛈᚪᚱᚪᛈᚩᛞᛡ,494
camphene,153328,0,ᚳᚪᛗᛈᚻᛖᚾᛖ,410
expatiating,153320,0,ᛖᛉᛈᚪᛏᛡᛏᛝ,558
hawthorns,153278,0,ᚻᚪᚹᚦᚩᚱᚾᛋ,244
enshrining,153259,0,ᛖᚾᛋᚻᚱᛁᚾᛝ,322
imploded,153256,0,ᛁᛗᛈᛚᚩᛞᛖᛞ,470
mandalas,153241,0,ᛗᚪᚾᛞᚪᛚᚪᛋ,606
nonrigid,152939,0,ᚾᚩᚾᚱᛁᚷᛁᛞ,244
turndown,152795,0,ᛏᚢᚱᚾᛞᚩᚹᚾ,246
rationals,152784,0,ᚱᚪᛏᛡᚾᚪᛚᛋ,526
stitcher,152706,0,ᛋᛏᛁᛏᚳᚻᛖᚱ,316
phimosis,152645,0,ᛈᚻᛁᛗᚩᛋᛁᛋ,312
rockfall,152629,0,ᚱᚩᚳᚳᚠᚪᛚᛚ,289
priggish,152622,0,ᛈᚱᛁᚷᚷᛁᛋᚻ,226
legalise,152589,0,ᛚᛖᚷᚪᛚᛁᛋᛖ,478
unpeopled,152544,0,ᚢᚾᛈᛇᛈᛚᛖᛞ,388
turkoman,152471,0,ᛏᚢᚱᚳᚩᛗᚪᚾ,290
storeman,152382,0,ᛋᛏᚩᚱᛖᛗᚪᚾ,394
ringmaster,152372,0,ᚱᛝᛗᚪᛋᛏᛖᚱ,448
souldier,152229,0,ᛋᚩᚢᛚᛞᛁᛖᚱ,334
deckhand,152036,0,ᛞᛖᚳᚳᚻᚪᚾᛞ,420
potations,151935,0,ᛈᚩᛏᚪᛏᛡᚾᛋ,454
empirics,151925,0,ᛖᛗᛈᛁᚱᛁᚳᛋ,320
frizzled,151906,0,ᚠᚱᛁᛋᛋᛚᛖᛞ,379
ziggurat,151867,0,ᛋᛁᚷᚷᚢᚱᚪᛏ,288
unhorsed,151826,0,ᚢᚾᚻᚩᚱᛋᛖᛞ,282
primulas,151724,0,ᛈᚱᛁᛗᚢᛚᚪᛋ,382
beautician,151668,0,ᛒᛠᚢᛏᛁᚳᛡᚾ,412
joviality,151576,0,ᛂᚩᚢᛡᛚᛁᛏᚣ,420
calfskin,151570,0,ᚳᚪᛚᚠᛋᚳᛁᚾ,311
psaltery,151529,0,ᛈᛋᚪᛚᛏᛖᚱᚣ,506
orpiment,151516,0,ᚩᚱᛈᛁᛗᛖᚾᛏ,318
esculent,151495,0,ᛖᛋᚳᚢᛚᛖᚾᛏ,364
thyroidal,151471,0,ᚦᚣᚱᚩᛁᛞᚪᛚ,416
colocynth,151468,0,ᚳᚩᛚᚩᚳᚣᚾᚦ,250
paladins,151464,0,ᛈᚪᛚᚪᛞᛁᚾᛋ,512
brattice,151461,0,ᛒᚱᚪᛏᛏᛁᚳᛖ,398
arapahoes,151428,0,ᚪᚱᚪᛈᚪᚻᛟᛋ,504
apollyon,151410,0,ᚪᛈᚩᛚᛚᚣᚩᚾ,432
plummets,151393,0,ᛈᛚᚢᛗᛗᛖᛏᛋ,440
calyptra,151390,0,ᚳᚪᛚᚣᛈᛏᚱᚪ,496
slivered,151348,0,ᛋᛚᛁᚢᛖᚱᛖᛞ,394
skerries,151281,0,ᛋᚳᛖᚱᚱᛁᛖᛋ,306
bayberry,151207,0,ᛒᚪᚣᛒᛖᚱᚱᚣ,514
haymaker,151205,0,ᚻᚪᚣᛗᚪᚳᛖᚱ,482
airdrome,151175,0,ᚪᛁᚱᛞᚱᚩᛗᛖ,384
newlywed,151156,0,ᚾᛖᚹᛚᚣᚹᛖᛞ,466
erythrina,151090,0,ᛖᚱᚣᚦᚱᛁᚾᚪ,354
aortitis,151065,0,ᚪᚩᚱᛏᛁᛏᛁᛋ,348
damnably,151055,0,ᛞᚪᛗᚾᚪᛒᛚᚣ,620
vivified,151015,0,ᚢᛁᚢᛁᚠᛁᛖᛞ,257
maserati,151015,0,ᛗᚪᛋᛖᚱᚪᛏᛁ,486
sparkler,150885,0,ᛋᛈᚪᚱᚳᛚᛖᚱ,368
postholes,150875,0,ᛈᚩᛋᚦᚩᛚᛖᛋ,308
tartarian,150827,0,ᛏᚪᚱᛏᚪᚱᛡᚾ,470
outsmart,150763,0,ᚩᚢᛏᛋᛗᚪᚱᛏ,360
tunisians,150753,0,ᛏᚢᚾᛁᛋᛡᚾᛋ,364
showboat,150726,0,ᛋᚻᚩᚹᛒᚩᚪᛏ,326
reverser,150613,0,ᚱᛖᚢᛖᚱᛋᛖᚱ,290
johnathan,150545,0,ᛂᚩᚻᚾᚪᚦᚪᚾ,324
psalters,150544,0,ᛈᛋᚪᛚᛏᛖᚱᛋ,456
decimating,150430,0,ᛞᛖᚳᛁᛗᚪᛏᛝ,506
wobblies,150403,0,ᚹᚩᛒᛒᛚᛁᛖᛋ,372
hornbill,150305,0,ᚻᚩᚱᚾᛒᛁᛚᛚ,308
sailcloth,150192,0,ᛋᚪᛁᛚᚳᛚᚩᚦ,352
molester,150183,0,ᛗᚩᛚᛖᛋᛏᛖᚱ,408
doughboy,150170,0,ᛞᚩᚢᚷᚻᛒᚩᚣ,310
besmeared,150150,0,ᛒᛖᛋᛗᛠᚱᛖᛞ,528
esotropia,150121,0,ᛖᛋᚩᛏᚱᚩᛈᛡ,354
defensor,150019,0,ᛞᛖᚠᛖᚾᛋᚩᚱ,325
urobilin,150004,0,ᚢᚱᚩᛒᛁᛚᛁᚾ,246
dynamiting,149938,0,ᛞᚣᚾᚪᛗᛁᛏᛝ,558
blindingly,149917,0,ᛒᛚᛁᚾᛞᛝᛚᚣ,538
deauville,149913,0,ᛞᛠᚢᚢᛁᛚᛚᛖ,448
ological,149818,0,ᚩᛚᚩᚷᛁᚳᚪᛚ,318
yellower,149796,0,ᚣᛖᛚᛚᚩᚹᛖᚱ,420
rattlers,149791,0,ᚱᚪᛏᛏᛚᛖᚱᛋ,430
mishmash,149757,0,ᛗᛁᛋᚻᛗᚪᛋᚻ,422
plumages,149729,0,ᛈᛚᚢᛗᚪᚷᛖᛋ,424
tumorous,149664,0,ᛏᚢᛗᚩᚱᚩᚢᛋ,214
retinues,149623,0,ᚱᛖᛏᛁᚾᚢᛖᛋ,320
sericeous,149617,0,ᛋᛖᚱᛁᚳᛇᚢᛋ,272
chastely,149528,0,ᚳᚻᚪᛋᛏᛖᛚᚣ,488
detoured,149499,0,ᛞᛖᛏᚩᚢᚱᛖᛞ,392
mameluke,149487,0,ᛗᚪᛗᛖᛚᚢᚳᛖ,462
myrtaceae,149486,0,ᛗᚣᚱᛏᚪᚳᛠᛖ,530
panamint,149444,0,ᛈᚪᚾᚪᛗᛁᚾᛏ,456
errantry,149282,0,ᛖᚱᚱᚪᚾᛏᚱᚣ,388
apodosis,149223,0,ᚪᛈᚩᛞᚩᛋᛁᛋ,380
jackdaws,149196,0,ᛂᚪᚳᚳᛞᚪᚹᛋ,418
scuppers,149187,0,ᛋᚳᚢᛈᛈᛖᚱᛋ,286
setaceous,149133,0,ᛋᛖᛏᚪᚳᛇᚢᛋ,386
mascagni,149126,0,ᛗᚪᛋᚳᚪᚷᚾᛁ,408
touristy,149102,0,ᛏᚩᚢᚱᛁᛋᛏᚣ,326
sturgeons,149038,0,ᛋᛏᚢᚱᚷᛇᚾᛋ,266
goodwife,149011,0,ᚷᚩᚩᛞᚹᛁᚠᛖ,239
strummed,148993,0,ᛋᛏᚱᚢᛗᛗᛖᛞ,424
plimsoll,148993,0,ᛈᛚᛁᛗᛋᚩᛚᛚ,424
moratoria,148927,0,ᛗᚩᚱᚪᛏᚩᚱᛡ,370
groggily,148860,0,ᚷᚱᚩᚷᚷᛁᛚᚣ,276
bankable,148806,0,ᛒᚪᚾᚳᚪᛒᛚᛖ,498
morbific,148788,0,ᛗᚩᚱᛒᛁᚠᛁᚳ,227
maharani,148767,0,ᛗᚪᚻᚪᚱᚪᚾᛁ,456
remounts,148757,0,ᚱᛖᛗᚩᚢᚾᛏᛋ,300
fishbone,148737,0,ᚠᛁᛋᚻᛒᚩᚾᛖ,273
scarifying,148669,0,ᛋᚳᚪᚱᛁᚠᚣᛝ,389
madrasas,148577,0,ᛗᚪᛞᚱᚪᛋᚪᛋ,568
lockable,148557,0,ᛚᚩᚳᚳᚪᛒᛚᛖ,404
rounders,148533,0,ᚱᚩᚢᚾᛞᛖᚱᛋ,270
perswade,148499,0,ᛈᛖᚱᛋᚹᚪᛞᛖ,446
devourer,148471,0,ᛞᛖᚢᚩᚢᚱᛖᚱ,258
summable,148457,0,ᛋᚢᛗᛗᚪᛒᛚᛖ,496
ailanthus,148404,0,ᚪᛁᛚᚪᚾᚦᚢᛋ,388
riffraff,148332,0,ᚱᛁᚠᚠᚱᚪᚠᚠ,158
reassigning,148167,0,ᚱᛠᛋᛋᛁᚷᚾᛝ,382
uncaused,148129,0,ᚢᚾᚳᚪᚢᛋᛖᛞ,354
placemen,147993,0,ᛈᛚᚪᚳᛖᛗᛖᚾ,460
devalues,147910,0,ᛞᛖᚢᚪᛚᚢᛖᛋ,452
jugglery,147883,0,ᛂᚢᚷᚷᛚᛖᚱᚣ,328
pupilage,147784,0,ᛈᚢᛈᛁᛚᚪᚷᛖ,374
chessman,147761,0,ᚳᚻᛖᛋᛋᛗᚪᚾ,406
thereinto,147733,0,ᚦᛖᚱᛖᛁᚾᛏᚩ,276
microbic,147716,0,ᛗᛁᚳᚱᚩᛒᛁᚳ,238
cakewalk,147629,0,ᚳᚪᚳᛖᚹᚪᛚᚳ,392
crossway,147510,0,ᚳᚱᚩᛋᛋᚹᚪᚣ,356
pickaxes,147505,0,ᛈᛁᚳᚳᚪᛉᛖᛋ,364
antlered,147502,0,ᚪᚾᛏᛚᛖᚱᛖᛞ,492
splutter,147490,0,ᛋᛈᛚᚢᛏᛏᛖᚱ,368
antients,147450,0,ᚪᚾᛏᛁᛖᚾᛏᛋ,424
pinwheel,147423,0,ᛈᛁᚾᚹᚻᛖᛖᛚ,352
coturnix,147215,0,ᚳᚩᛏᚢᚱᚾᛁᛉ,200
stemless,147209,0,ᛋᛏᛖᛗᛚᛖᛋᛋ,496
snowplow,147115,0,ᛋᚾᚩᚹᛈᛚᚩᚹ,250
vegetating,147016,0,ᚢᛖᚷᛖᛏᚪᛏᛝ,448
bookends,147008,0,ᛒᚩᚩᚳᛖᚾᛞᛋ,326
colourings,146990,0,ᚳᚩᛚᚩᚢᚱᛝᛋ,246
unamiable,146910,0,ᚢᚾᚪᛗᛡᛒᛚᛖ,508
aventure,146893,0,ᚪᚢᛖᚾᛏᚢᚱᛖ,336
oculists,146796,0,ᚩᚳᚢᛚᛁᛋᛏᛋ,292
environing,146790,0,ᛖᚾᚢᛁᚱᚩᚾᛝ,256
tailspin,146765,0,ᛏᚪᛁᛚᛋᛈᛁᚾ,416
camisole,146738,0,ᚳᚪᛗᛁᛋᚩᛚᛖ,412
untasted,146544,0,ᚢᚾᛏᚪᛋᛏᛖᛞ,456
repulses,146486,0,ᚱᛖᛈᚢᛚᛋᛖᛋ,370
airfares,146421,0,ᚪᛁᚱᚠᚪᚱᛖᛋ,369
pandects,146387,0,ᛈᚪᚾᛞᛖᚳᛏᛋ,450
coreopsis,146341,0,ᚳᚩᚱᛇᛈᛋᛁᛋ,252
glassful,146302,0,ᚷᛚᚪᛋᛋᚠᚢᛚ,371
syntagma,146289,0,ᛋᚣᚾᛏᚪᚷᛗᚪ,526
louvered,146284,0,ᛚᚩᚢᚢᛖᚱᛖᛞ,320
pimiento,146239,0,ᛈᛁᛗᛁᛖᚾᛏᚩ,338
quintets,146145,0,ᚳᚹᛁᚾᛏᛖᛏᛋ,330
begetter,146032,0,ᛒᛖᚷᛖᛏᛏᛖᚱ,408
ludmilla,146004,0,ᛚᚢᛞᛗᛁᛚᛚᚪ,510
gluttons,145990,0,ᚷᛚᚢᛏᛏᚩᚾᛋ,300
flashers,145800,0,ᚠᛚᚪᛋᚻᛖᚱᛋ,379
trichina,145780,0,ᛏᚱᛁᚳᚻᛁᚾᚪ,294
decapods,145749,0,ᛞᛖᚳᚪᛈᚩᛞᛋ,458
donatist,145741,0,ᛞᚩᚾᚪᛏᛁᛋᛏ,424
flappers,145735,0,ᚠᛚᚪᛈᛈᛖᚱᛋ,389
obliques,145689,0,ᚩᛒᛚᛁᚳᚹᛖᛋ,324
fontanel,145667,0,ᚠᚩᚾᛏᚪᚾᛖᛚ,363
scalenus,145560,0,ᛋᚳᚪᛚᛖᚾᚢᛋ,388
sanitize,145455,0,ᛋᚪᚾᛁᛏᛁᛋᛖ,420
groupies,145385,0,ᚷᚱᚩᚢᛈᛁᛖᛋ,232
myxoedema,145361,0,ᛗᚣᛉᛟᛞᛖᛗᚪ,628
zippered,145321,0,ᛋᛁᛈᛈᛖᚱᛖᛞ,404
exigence,145268,0,ᛖᛉᛁᚷᛖᚾᚳᛖ,338
reenters,145212,0,ᚱᛖᛖᚾᛏᛖᚱᛋ,364
marquees,145155,0,ᛗᚪᚱᚳᚹᛖᛖᛋ,398
toneless,145094,0,ᛏᚩᚾᛖᛚᛖᛋᛋ,408
slobbering,145057,0,ᛋᛚᚩᛒᛒᛖᚱᛝ,412
cankered,145048,0,ᚳᚪᚾᚳᛖᚱᛖᛞ,386
heathendom,144987,0,ᚻᛠᚦᛖᚾᛞᚩᛗ,400
ladrones,144857,0,ᛚᚪᛞᚱᚩᚾᛖᛋ,426
freeware,144787,0,ᚠᚱᛖᛖᚹᚪᚱᛖ,341
scirrhus,144775,0,ᛋᚳᛁᚱᚱᚻᚢᛋ,198
enfilade,144706,0,ᛖᚾᚠᛁᛚᚪᛞᛖ,455
refolded,144703,0,ᚱᛖᚠᚩᛚᛞᛖᛞ,405
macerating,144663,0,ᛗᚪᚳᛖᚱᚪᛏᛝ,494
pantheist,144586,0,ᛈᚪᚾᚦᛖᛁᛋᛏ,384
politick,144567,0,ᛈᚩᛚᛁᛏᛁᚳᚳ,270
miasmatic,144558,0,ᛗᛡᛋᛗᚪᛏᛁᚳ,502
rutabaga,144557,0,ᚱᚢᛏᚪᛒᚪᚷᚪ,442
toothsome,144510,0,ᛏᚩᚩᚦᛋᚩᛗᛖ,276
tahitians,144346,0,ᛏᚪᚻᛁᛏᛡᚾᛋ,458
kohlrabi,144341,0,ᚳᚩᚻᛚᚱᚪᛒᛁ,316
catamenia,144318,0,ᚳᚪᛏᚪᛗᛖᚾᛡ,540
concerting,144242,0,ᚳᚩᚾᚳᛖᚱᛏᛝ,278
redounds,144168,0,ᚱᛖᛞᚩᚢᚾᛞᛋ,348
magneton,144094,0,ᛗᚪᚷᚾᛖᛏᚩᚾ,376
landslip,144052,0,ᛚᚪᚾᛞᛋᛚᛁᛈ,488
sweetens,143918,0,ᛋᚹᛖᛖᛏᛖᚾᛋ,414
mealybugs,143851,0,ᛗᛠᛚᚣᛒᚢᚷᛋ,490
reacquire,143774,0,ᚱᛠᚳᚳᚹᛁᚱᛖ,274
hoarders,143733,0,ᚻᚩᚪᚱᛞᛖᚱᛋ,358
provably,143723,0,ᛈᚱᚩᚢᚪᛒᛚᚣ,398
megaliths,143521,0,ᛗᛖᚷᚪᛚᛁᚦᛋ,414
forepaws,143495,0,ᚠᚩᚱᛖᛈᚪᚹᛋ,299
centrism,143452,0,ᚳᛖᚾᛏᚱᛁᛋᛗ,334
zoospore,143331,0,ᛋᚩᚩᛋᛈᚩᚱᛖ,248
sunniest,143253,0,ᛋᚢᚾᚾᛁᛖᛋᛏ,324
fructify,143244,0,ᚠᚱᚢᚳᛏᛁᚠᚣ,224
vocalize,143135,0,ᚢᚩᚳᚪᛚᛁᛋᛖ,344
bogeyman,143102,0,ᛒᚩᚷᛖᚣᛗᚪᚾ,452
hortensia,143075,0,ᚻᚩᚱᛏᛖᚾᛋᛡ,356
palliated,143041,0,ᛈᚪᛚᛚᛡᛏᛖᛞ,608
euryalus,143036,0,ᛖᚢᚱᚣᚪᛚᚢᛋ,410
spillers,142869,0,ᛋᛈᛁᛚᛚᛖᚱᛋ,404
cowbirds,142816,0,ᚳᚩᚹᛒᛁᚱᛞᛋ,284
salivating,142809,0,ᛋᚪᛚᛁᚢᚪᛏᛝ,492
athetosis,142807,0,ᚪᚦᛖᛏᚩᛋᛁᛋ,372
ideograms,142788,0,ᛁᛞᛇᚷᚱᚪᛗᛋ,410
luxuriating,142787,0,ᛚᚢᛉᚢᚱᛡᛏᛝ,382
staplers,142753,0,ᛋᛏᚪᛈᛚᛖᚱᛋ,456
haustoria,142748,0,ᚻᚪᚢᛋᛏᚩᚱᛡ,360
androids,142747,0,ᚪᚾᛞᚱᚩᛁᛞᛋ,406
nasality,142644,0,ᚾᚪᛋᚪᛚᛁᛏᚣ,542
misfired,142465,0,ᛗᛁᛋᚠᛁᚱᛖᛞ,355
inveighing,142462,0,ᛁᚾᚢᛖᛁᚷᚻᛝ,280
pfennigs,142435,0,ᛈᚠᛖᚾᚾᛁᚷᛋ,271
solatium,142329,0,ᛋᚩᛚᚪᛏᛁᚢᛗ,394
betokening,142286,0,ᛒᛖᛏᚩᚳᛖᚾᛝ,382
spittoon,142251,0,ᛋᛈᛁᛏᛏᚩᚩᚾ,288
summoner,142205,0,ᛋᚢᛗᛗᚩᚾᛖᚱ,312
refashion,142168,0,ᚱᛖᚠᚪᛋᚻᛡᚾ,389
teriyaki,142160,0,ᛏᛖᚱᛁᚣᚪᚳᛁ,412
burberry,142147,0,ᛒᚢᚱᛒᛖᚱᚱᚣ,328
vacuumed,142077,0,ᚢᚪᚳᚢᚢᛗᛖᛞ,346
oldsters,141875,0,ᚩᛚᛞᛋᛏᛖᚱᛋ,412
denature,141867,0,ᛞᛖᚾᚪᛏᚢᚱᛖ,422
corniche,141737,0,ᚳᚩᚱᚾᛁᚳᚻᛖ,194
disrobed,141668,0,ᛞᛁᛋᚱᚩᛒᛖᛞ,408
sawflies,141667,0,ᛋᚪᚹᚠᛚᛁᛖᛋ,395
trichinae,141660,0,ᛏᚱᛁᚳᚻᛁᚾᚫ,298
shriveling,141577,0,ᛋᚻᚱᛁᚢᛖᛚᛝ,340
fusilier,141524,0,ᚠᚢᛋᛁᛚᛁᛖᚱ,271
chasseur,141418,0,ᚳᚻᚪᛋᛋᛖᚢᚱ,320
bolivians,141365,0,ᛒᚩᛚᛁᚢᛡᚾᛋ,364
excitingly,141297,0,ᛖᛉᚳᛁᛏᛝᛚᚣ,472
punisher,141237,0,ᛈᚢᚾᛁᛋᚻᛖᚱ,260
cockeyed,141221,0,ᚳᚩᚳᚳᛖᚣᛖᛞ,372
sublimer,141112,0,ᛋᚢᛒᛚᛁᛗᛖᚱ,370
pedology,141047,0,ᛈᛖᛞᚩᛚᚩᚷᚣ,406
highborn,140985,0,ᚻᛁᚷᚻᛒᚩᚱᚾ,202
concerti,140984,0,ᚳᚩᚾᚳᛖᚱᛏᛁ,230
ensiform,140929,0,ᛖᚾᛋᛁᚠᚩᚱᛗ,271
teetotal,140926,0,ᛏᛖᛖᛏᚩᛏᚪᛚ,488
dyscrasia,140911,0,ᛞᚣᛋᚳᚱᚪᛋᛡ,526
truelove,140817,0,ᛏᚱᚢᛖᛚᚩᚢᛖ,290
memorise,140766,0,ᛗᛖᛗᚩᚱᛁᛋᛖ,378
downland,140683,0,ᛞᚩᚹᚾᛚᚪᚾᛞ,432
alfresco,140616,0,ᚪᛚᚠᚱᛖᛋᚳᚩ,323
antonini,140606,0,ᚪᚾᛏᚩᚾᛁᚾᛁ,312
socialise,140572,0,ᛋᚩᚳᛡᛚᛁᛋᛖ,404
cronyism,140536,0,ᚳᚱᚩᚾᚣᛁᛋᛗ,318
basileus,140533,0,ᛒᚪᛋᛁᛚᛖᚢᛋ,438
groupers,140480,0,ᚷᚱᚩᚢᛈᛖᚱᛋ,212
caruncle,140466,0,ᚳᚪᚱᚢᚾᚳᛚᛖ,306
oleanders,140464,0,ᚩᛚᛠᚾᛞᛖᚱᛋ,438
haploids,140445,0,ᚻᚪᛈᛚᚩᛁᛞᛋ,416
heroical,140322,0,ᚻᛖᚱᚩᛁᚳᚪᛚ,322
gunslinger,140280,0,ᚷᚢᚾᛋᛚᛝᛖᚱ,332
lovelorn,140259,0,ᛚᚩᚢᛖᛚᚩᚱᚾ,270
gourmand,140239,0,ᚷᚩᚢᚱᛗᚪᚾᛞ,324
diehards,140238,0,ᛞᛁᛖᚻᚪᚱᛞᛋ,460
snuffbox,140237,0,ᛋᚾᚢᚠᚠᛒᚩᛉ,204
flatboat,140187,0,ᚠᛚᚪᛏᛒᚩᚪᛏ,455
stiffest,140128,0,ᛋᛏᛁᚠᚠᛖᛋᛏ,326
hepaticae,140117,0,ᚻᛖᛈᚪᛏᛁᚳᚫ,434
sequined,140041,0,ᛋᛖᚳᚹᛁᚾᛖᛞ,368
masseuse,139919,0,ᛗᚪᛋᛋᛖᚢᛋᛖ,464
saltation,139828,0,ᛋᚪᛚᛏᚪᛏᛡᚾ,574
barrette,139800,0,ᛒᚪᚱᚱᛖᛏᛏᛖ,432
strikeout,139691,0,ᛋᛏᚱᛁᚳᛇᚢᛏ,270
inveigle,139518,0,ᛁᚾᚢᛖᛁᚷᛚᛖ,318
tubeless,139495,0,ᛏᚢᛒᛖᛚᛖᛋᛋ,436
revealingly,139446,0,ᚱᛖᚢᛠᛚᛝᛚᚣ,518
adoniram,139431,0,ᚪᛞᚩᚾᛁᚱᚪᛗ,432
grafters,139385,0,ᚷᚱᚪᚠᛏᛖᚱᛋ,317
weldable,139354,0,ᚹᛖᛚᛞᚪᛒᛚᛖ,546
fimbriate,139353,0,ᚠᛁᛗᛒᚱᛡᛏᛖ,409
reanimate,139328,0,ᚱᛠᚾᛁᛗᚪᛏᛖ,474
bollards,139219,0,ᛒᚩᛚᛚᚪᚱᛞᛋ,464
uncleaned,139216,0,ᚢᚾᚳᛚᛠᚾᛖᛞ,412
acerbity,139202,0,ᚪᚳᛖᚱᛒᛁᛏᚣ,442
kilotons,139191,0,ᚳᛁᛚᚩᛏᚩᚾᛋ,272
dilations,139096,0,ᛞᛁᛚᚪᛏᛡᚾᛋ,538
hotelier,139026,0,ᚻᚩᛏᛖᛚᛁᛖᚱ,338
ferreted,138949,0,ᚠᛖᚱᚱᛖᛏᛖᛞ,373
stretchy,138888,0,ᛋᛏᚱᛖᛏᚳᚻᚣ,388
rubaiyat,138772,0,ᚱᚢᛒᚪᛁᚣᚪᛏ,462
menadione,138600,0,ᛗᛖᚾᚪᛞᛡᚾᛖ,556
eulogize,138597,0,ᛖᚢᛚᚩᚷᛁᛋᛖ,318
jetliner,138577,0,ᛂᛖᛏᛚᛁᚾᛖᚱ,374
neuritic,138570,0,ᚾᛖᚢᚱᛁᛏᛁᚳ,244
reformat,138541,0,ᚱᛖᚠᚩᚱᛗᚪᛏ,325
pondweed,138474,0,ᛈᚩᚾᛞᚹᛖᛖᛞ,410
cynewulf,138408,0,ᚳᚣᚾᛖᚹᚢᛚᚠ,309
lunettes,138336,0,ᛚᚢᚾᛖᛏᛏᛖᛋ,410
kestrels,138272,0,ᚳᛖᛋᛏᚱᛖᛚᛋ,396
clenches,138265,0,ᚳᛚᛖᚾᚳᚻᛖᛋ,338
stegomyia,138255,0,ᛋᛏᛖᚷᚩᛗᚣᛡ,484
opsonins,138230,0,ᚩᛈᛋᚩᚾᛁᚾᛋ,252
deaneries,138206,0,ᛞᛠᚾᛖᚱᛁᛖᛋ,456
bitterns,138188,0,ᛒᛁᛏᛏᛖᚱᚾᛋ,370
cabooses,138141,0,ᚳᚪᛒᚩᚩᛋᛖᛋ,358
sanitaria,137923,0,ᛋᚪᚾᛁᛏᚪᚱᛡ,484
ealdorman,137896,0,ᛠᛚᛞᚩᚱᛗᚪᚾ,486
geosphere,137846,0,ᚷᛇᛋᛈᚻᛖᚱᛖ,322
kasparov,137750,0,ᚳᚪᛋᛈᚪᚱᚩᚢ,324
royalism,137715,0,ᚱᚩᚣᚪᛚᛁᛋᛗ,446
piercingly,137537,0,ᛈᛁᛖᚱᚳᛝᛚᚣ,420
steadiest,137493,0,ᛋᛏᛠᛞᛁᛖᛋᛏ,520
reimpose,137493,0,ᚱᛖᛁᛗᛈᚩᛋᛖ,350
ptomaine,137483,0,ᛈᛏᚩᛗᚪᛁᚾᛖ,404
abruption,137346,0,ᚪᛒᚱᚢᛈᛏᛡᚾ,410
amputating,137277,0,ᚪᛗᛈᚢᛏᚪᛏᛝ,508
stampers,137269,0,ᛋᛏᚪᛗᛈᛖᚱᛋ,454
imperials,137189,0,ᛁᛗᛈᛖᚱᛡᛚᛋ,456
leastways,137131,0,ᛚᛠᛋᛏᚹᚪᚣᛋ,566
wideawake,137076,0,ᚹᛁᛞᛠᚹᚪᚳᛖ,444
hereabout,137057,0,ᚻᛖᚱᛠᛒᚩᚢᛏ,340
brassard,137045,0,ᛒᚱᚪᛋᛋᚪᚱᛞ,472
enslaves,137044,0,ᛖᚾᛋᛚᚪᚢᛖᛋ,442
crotches,136891,0,ᚳᚱᚩᛏᚳᚻᛖᛋ,246
disporting,136888,0,ᛞᛁᛋᛈᚩᚱᛏᛝ,372
trackmen,136857,0,ᛏᚱᚪᚳᚳᛗᛖᚾ,360
icehouse,136843,0,ᛁᚳᛖᚻᚩᚢᛋᛖ,264
cheroots,136787,0,ᚳᚻᛖᚱᚩᚩᛏᛋ,240
dovecote,136663,0,ᛞᚩᚢᛖᚳᚩᛏᛖ,312
fantasie,136600,0,ᚠᚪᚾᛏᚪᛋᛁᛖ,435
pavillon,136513,0,ᛈᚪᚢᛁᛚᛚᚩᚾ,356
houseful,136497,0,ᚻᚩᚢᛋᛖᚠᚢᛚ,231
vinculum,136463,0,ᚢᛁᚾᚳᚢᛚᚢᛗ,226
juvenilia,136460,0,ᛂᚢᚢᛖᚾᛁᛚᛡ,350
foreward,136402,0,ᚠᚩᚱᛖᚹᚪᚱᛞ,303
lacquering,136386,0,ᛚᚪᚳᚳᚹᛖᚱᛝ,372
trounced,136324,0,ᛏᚱᚩᚢᚾᚳᛖᛞ,278
clinches,136310,0,ᚳᛚᛁᚾᚳᚻᛖᛋ,302
housetop,136275,0,ᚻᚩᚢᛋᛖᛏᚩᛈ,262
rachitis,136209,0,ᚱᚪᚳᚻᛁᛏᛁᛋ,318
derisory,136112,0,ᛞᛖᚱᛁᛋᚩᚱᚣ,372
topnotch,136066,0,ᛏᚩᛈᚾᚩᛏᚳᚻ,240
fielders,136061,0,ᚠᛁᛖᛚᛞᛖᚱᛋ,393
monkfish,135992,0,ᛗᚩᚾᚳᚠᛁᛋᚻ,229
hindfoot,135934,0,ᚻᛁᚾᛞᚠᚩᚩᛏ,247
jalapeno,135931,0,ᛂᚪᛚᚪᛈᛖᚾᚩ,450
culpably,135790,0,ᚳᚢᛚᛈᚪᛒᛚᚣ,466
shimmied,135712,0,ᛋᚻᛁᛗᛗᛁᛖᛞ,436
excitant,135488,0,ᛖᛉᚳᛁᛏᚪᚾᛏ,402
unmarred,135476,0,ᚢᚾᛗᚪᚱᚱᛖᛞ,378
crappies,135463,0,ᚳᚱᚪᛈᛈᛁᛖᛋ,358
copybook,135437,0,ᚳᚩᛈᚣᛒᚩᚩᚳ,254
squeezer,135338,0,ᛋᚳᚹᛖᛖᛋᛖᚱ,350
amoebiasis,135327,0,ᚪᛗᛟᛒᛡᛋᛁᛋ,556
hoofbeats,135322,0,ᚻᚩᚩᚠᛒᛠᛏᛋ,321
gizzards,135303,0,ᚷᛁᛋᛋᚪᚱᛞᛋ,404
aubusson,135265,0,ᚪᚢᛒᚢᛋᛋᚩᚾ,306
bigamous,135219,0,ᛒᛁᚷᚪᛗᚩᚢᛋ,340
angelical,135218,0,ᚪᛝᛖᛚᛁᚳᚪᛚ,530
noumenon,135190,0,ᚾᚩᚢᛗᛖᚾᚩᚾ,242
tegument,135147,0,ᛏᛖᚷᚢᛗᛖᚾᛏ,372
tualatin,135138,0,ᛏᚢᚪᛚᚪᛏᛁᚾ,448
casuists,135095,0,ᚳᚪᛋᚢᛁᛋᛏᛋ,362
appetising,135043,0,ᚪᛈᛈᛖᛏᛁᛋᛝ,472
knapweed,135014,0,ᚳᚾᚪᛈᚹᛖᛖᛞ,424
raphanus,134974,0,ᚱᚪᛈᚻᚪᚾᚢᛋ,356
hesperian,134869,0,ᚻᛖᛋᛈᛖᚱᛡᚾ,400
pegboard,134805,0,ᛈᛖᚷᛒᚩᚪᚱᛞ,392
ribboned,134692,0,ᚱᛁᛒᛒᚩᚾᛖᛞ,356
toiletry,134621,0,ᛏᚩᛁᛚᛖᛏᚱᚣ,410
zemstvos,134501,0,ᛋᛖᛗᛋᛏᚢᚩᛋ,366
seventhly,134464,0,ᛋᛖᚢᛖᚾᚦᛚᚣ,400
asklepios,134407,0,ᚪᛋᚳᛚᛖᛈᛡᛋ,506
bolivars,134344,0,ᛒᚩᛚᛁᚢᚪᚱᛋ,336
overages,134328,0,ᚩᚢᛖᚱᚪᚷᛖᛋ,322
remarrying,134315,0,ᚱᛖᛗᚪᚱᚱᚣᛝ,450
shrivels,134314,0,ᛋᚻᚱᛁᚢᛖᛚᛋ,314
unreached,134304,0,ᚢᚾᚱᛠᚳᚻᛖᛞ,344
togolese,134280,0,ᛏᚩᚷᚩᛚᛖᛋᛖ,350
behooved,134160,0,ᛒᛖᚻᚩᚩᚢᛖᛞ,324
frijoles,134131,0,ᚠᚱᛁᛂᚩᛚᛖᛋ,281
flageolet,134036,0,ᚠᛚᚪᚷᛇᛚᛖᛏ,429
starlike,134001,0,ᛋᛏᚪᚱᛚᛁᚳᛖ,404
eulogizing,133876,0,ᛖᚢᛚᚩᚷᛁᛋᛝ,330
anhedonia,133863,0,ᚪᚾᚻᛖᛞᚩᚾᛡ,448
dimittis,133786,0,ᛞᛁᛗᛁᛏᛏᛁᛋ,424
potsherd,133676,0,ᛈᚩᛏᛋᚻᛖᚱᛞ,352
curriers,133666,0,ᚳᚢᚱᚱᛁᛖᚱᛋ,200
squished,133650,0,ᛋᚳᚹᛁᛋᚻᛖᛞ,348
debugged,133512,0,ᛞᛖᛒᚢᚷᚷᛖᛞ,410
fishbowl,133468,0,ᚠᛁᛋᚻᛒᚩᚹᛚ,269
mirthless,133457,0,ᛗᛁᚱᚦᛚᛖᛋᛋ,364
dogfight,133390,0,ᛞᚩᚷᚠᛁᚷᚻᛏ,245
seculars,133250,0,ᛋᛖᚳᚢᛚᚪᚱᛋ,370
molehill,133236,0,ᛗᚩᛚᛖᚻᛁᛚᛚ,418
hawkshaw,133150,0,ᚻᚪᚹᚳᛋᚻᚪᚹ,344
bordello,133120,0,ᛒᚩᚱᛞᛖᛚᛚᚩ,388
scalpels,133095,0,ᛋᚳᚪᛚᛈᛖᛚᛋ,472
canoeists,133063,0,ᚳᚪᚾᛟᛁᛋᛏᛋ,418
monocots,133049,0,ᛗᚩᚾᚩᚳᚩᛏᛋ,246
evangelic,132930,0,ᛖᚢᚪᛝᛖᛚᛁᚳ,430
billfish,132791,0,ᛒᛁᛚᛚᚠᛁᛋᚻ,347
circiter,132642,0,ᚳᛁᚱᚳᛁᛏᛖᚱ,236
overbite,132580,0,ᚩᚢᛖᚱᛒᛁᛏᛖ,306
mappable,132553,0,ᛗᚪᛈᛈᚪᛒᛚᛖ,552
outlasts,132533,0,ᚩᚢᛏᛚᚪᛋᛏᛋ,404
aspheric,132513,0,ᚪᛋᛈᚻᛖᚱᛁᚳ,338
anodynes,132487,0,ᚪᚾᚩᛞᚣᚾᛖᛋ,474
bulblets,132449,0,ᛒᚢᛚᛒᛚᛖᛏᛋ,450
cromlech,132447,0,ᚳᚱᚩᛗᛚᛖᚳᚻ,278
pinatubo,132423,0,ᛈᛁᚾᚪᛏᚢᛒᚩ,330
raptured,132372,0,ᚱᚪᛈᛏᚢᚱᛖᛞ,380
reliquiae,132351,0,ᚱᛖᛚᛁᚳᚹᛡᛖ,388
punctilio,132282,0,ᛈᚢᚾᚳᛏᛁᛚᛡ,358
incurious,132264,0,ᛁᚾᚳᚢᚱᛡᚢᛋ,250
digressing,132261,0,ᛞᛁᚷᚱᛖᛋᛋᛝ,400
provirus,132252,0,ᛈᚱᚩᚢᛁᚱᚢᛋ,162
expeller,132206,0,ᛖᛉᛈᛖᛚᛚᛖᚱ,448
vivarium,132132,0,ᚢᛁᚢᚪᚱᛁᚢᛗ,250
presidios,132096,0,ᛈᚱᛖᛋᛁᛞᛡᛋ,454
cinerama,132092,0,ᚳᛁᚾᛖᚱᚪᛗᚪ,416
ballades,132090,0,ᛒᚪᛚᛚᚪᛞᛖᛋ,610
megatons,131993,0,ᛗᛖᚷᚪᛏᚩᚾᛋ,400
amethysts,131978,0,ᚪᛗᛖᚦᚣᛋᛏᛋ,508
graffito,131975,0,ᚷᚱᚪᚠᚠᛁᛏᚩ,226
returnee,131881,0,ᚱᛖᛏᚢᚱᚾᛖᛖ,314
tetrapod,131833,0,ᛏᛖᛏᚱᚪᛈᚩᛞ,432
hebraism,131747,0,ᚻᛖᛒᚱᚪᛁᛋᛗ,414
burnable,131707,0,ᛒᚢᚱᚾᚪᛒᛚᛖ,402
croupier,131700,0,ᚳᚱᚩᚢᛈᛁᛖᚱ,186
gladdening,131693,0,ᚷᛚᚪᛞᛞᛖᚾᛝ,540
mastiffs,131675,0,ᛗᚪᛋᛏᛁᚠᚠᛋ,368
necroses,131615,0,ᚾᛖᚳᚱᚩᛋᛖᛋ,300
stutters,131614,0,ᛋᛏᚢᛏᛏᛖᚱᛋ,364
coloreds,131564,0,ᚳᚩᛚᚩᚱᛖᛞᛋ,320
claribel,131520,0,ᚳᛚᚪᚱᛁᛒᛖᛚ,426
sunrises,131479,0,ᛋᚢᚾᚱᛁᛋᛖᛋ,300
brindled,131437,0,ᛒᚱᛁᚾᛞᛚᛖᛞ,450
defecating,131401,0,ᛞᛖᚠᛖᚳᚪᛏᛝ,473
oncidium,131374,0,ᚩᚾᚳᛁᛞᛁᚢᛗ,274
impiously,131332,0,ᛁᛗᛈᛡᚢᛋᛚᚣ,484
tinsmiths,131310,0,ᛏᛁᚾᛋᛗᛁᚦᛋ,332
annulate,131247,0,ᚪᚾᚾᚢᛚᚪᛏᛖ,454
worldlings,131196,0,ᚹᚩᚱᛚᛞᛚᛝᛋ,404
curricle,131112,0,ᚳᚢᚱᚱᛁᚳᛚᛖ,222
glacially,131099,0,ᚷᛚᚪᚳᛡᛚᛚᚣ,556
mattathias,131022,0,ᛗᚪᛏᛏᚪᚦᛡᛋ,548
gourmets,131020,0,ᚷᚩᚢᚱᛗᛖᛏᛋ,288
blamable,131016,0,ᛒᛚᚪᛗᚪᛒᛚᛖ,600
exanthema,130935,0,ᛖᛉᚪᚾᚦᛖᛗᚪ,480
stockers,130907,0,ᛋᛏᚩᚳᚳᛖᚱᛋ,276
whiggish,130902,0,ᚹᚻᛁᚷᚷᛁᛋᚻ,214
sonatina,130881,0,ᛋᚩᚾᚪᛏᛁᚾᚪ,402
scutcheon,130806,0,ᛋᚳᚢᛏᚳᚻᛇᚾ,234
luddites,130715,0,ᛚᚢᛞᛞᛁᛏᛖᛋ,464
grabbers,130700,0,ᚷᚱᚪᛒᛒᛖᚱᛋ,378
sloppily,130527,0,ᛋᛚᚩᛈᛈᛁᛚᚣ,426
shrewder,130491,0,ᛋᚻᚱᛖᚹᛞᛖᚱ,340
squelching,130485,0,ᛋᚳᚹᛖᛚᚳᚻᛝ,340
stellaria,130423,0,ᛋᛏᛖᛚᛚᚪᚱᛡ,540
mannerly,130395,0,ᛗᚪᚾᚾᛖᚱᛚᚣ,480
unmelted,130245,0,ᚢᚾᛗᛖᛚᛏᛖᛞ,458
wriggles,130221,0,ᚹᚱᛁᚷᚷᛚᛖᛋ,288
mistreating,130027,0,ᛗᛁᛋᛏᚱᛠᛏᛝ,472
dowagers,129921,0,ᛞᚩᚹᚪᚷᛖᚱᛋ,360
arrogating,129896,0,ᚪᚱᚱᚩᚷᚪᛏᛝ,378
straitly,129892,0,ᛋᛏᚱᚪᛁᛏᛚᚣ,486
amnestic,129891,0,ᚪᛗᚾᛖᛋᛏᛁᚳ,420
aerobatic,129885,0,ᚫᚱᚩᛒᚪᛏᛁᚳ,380
shambled,129847,0,ᛋᚻᚪᛗᛒᛚᛖᛞ,534
albuginea,129782,0,ᚪᛚᛒᚢᚷᛁᚾᛠ,420
bargello,129755,0,ᛒᚪᚱᚷᛖᛚᛚᚩ,406
collator,129723,0,ᚳᚩᛚᛚᚪᛏᚩᚱ,340
inveighs,129705,0,ᛁᚾᚢᛖᛁᚷᚻᛋ,254
puncheons,129636,0,ᛈᚢᚾᚳᚻᛇᚾᛋ,234
canaille,129519,0,ᚳᚪᚾᚪᛁᛚᛚᛖ,480
imperils,129516,0,ᛁᛗᛈᛖᚱᛁᛚᛋ,380
seidlitz,129417,0,ᛋᛖᛁᛞᛚᛁᛏᛋ,456
anodonta,129414,0,ᚪᚾᚩᛞᚩᚾᛏᚪ,414
moneyers,129363,0,ᛗᚩᚾᛖᚣᛖᚱᛋ,408
raggedly,129333,0,ᚱᚪᚷᚷᛖᛞᛚᚣ,474
logrolling,129294,0,ᛚᚩᚷᚱᚩᛚᛚᛝ,340
patulous,129267,0,ᛈᚪᛏᚢᛚᚩᚢᛋ,338
prattled,129199,0,ᛈᚱᚪᛏᛏᛚᛖᛞ,498
almoners,129114,0,ᚪᛚᛗᚩᚾᛖᚱᛋ,408
shrewish,129083,0,ᛋᚻᚱᛖᚹᛁᛋᚻ,280
outrunning,129043,0,ᚩᚢᛏᚱᚢᚾᚾᛝ,220
warhorse,129028,0,ᚹᚪᚱᚻᚩᚱᛋᛖ,288
absaroka,128998,0,ᚪᛒᛋᚪᚱᚩᚳᚪ,436
motorbus,128883,0,ᛗᚩᛏᚩᚱᛒᚢᛋ,272
blanches,128863,0,ᛒᛚᚪᚾᚳᚻᛖᛋ,416
answerer,128833,0,ᚪᚾᛋᚹᛖᚱᛖᚱ,354
slathered,128811,0,ᛋᛚᚪᚦᛖᚱᛖᛞ,462
homonymy,128780,0,ᚻᚩᛗᚩᚾᚣᛗᚣ,414
relaunch,128754,0,ᚱᛖᛚᚪᚢᚾᚳᚻ,316
telemark,128748,0,ᛏᛖᛚᛖᛗᚪᚱᚳ,458
forearmed,128743,0,ᚠᚩᚱᛠᚱᛗᛖᛞ,367
verniers,128712,0,ᚢᛖᚱᚾᛁᛖᚱᛋ,272
enfeeble,128692,0,ᛖᚾᚠᛖᛖᛒᛚᛖ,433
tornados,128684,0,ᛏᚩᚱᚾᚪᛞᚩᛋ,352
cultists,128627,0,ᚳᚢᛚᛏᛁᛋᛏᛋ,344
muteness,128615,0,ᛗᚢᛏᛖᚾᛖᛋᛋ,402
florinda,128545,0,ᚠᛚᚩᚱᛁᚾᛞᚪ,339
scotched,128347,0,ᛋᚳᚩᛏᚳᚻᛖᛞ,324
erewhile,128275,0,ᛖᚱᛖᚹᚻᛁᛚᛖ,358
concision,128260,0,ᚳᚩᚾᚳᛁᛋᛡᚾ,282
cockaded,128180,0,ᚳᚩᚳᚳᚪᛞᛖᛞ,388
vocables,128060,0,ᚢᚩᚳᚪᛒᛚᛖᛋ,374
woebegone,128032,0,ᚹᛟᛒᛖᚷᚩᚾᛖ,350
habitues,127990,0,ᚻᚪᛒᛁᛏᚢᛖᛋ,394
ependyma,127970,0,ᛖᛈᛖᚾᛞᚣᛗᚪ,566
oxytocic,127928,0,ᚩᛉᚣᛏᚩᚳᛁᚳ,280
quadroon,127924,0,ᚳᚹᚪᛞᚱᚩᚩᚾ,272
euphrasia,127916,0,ᛖᚢᛈᚻᚱᚪᛋᛡ,404
misapply,127896,0,ᛗᛁᛋᚪᛈᛈᛚᚣ,514
cinerary,127708,0,ᚳᛁᚾᛖᚱᚪᚱᚣ,362
trustingly,127618,0,ᛏᚱᚢᛋᛏᛝᛚᚣ,440
reckoner,127357,0,ᚱᛖᚳᚳᚩᚾᛖᚱ,218
sacajawea,127340,0,ᛋᚪᚳᚪᛂᚪᚹᛠ,522
sniffles,127198,0,ᛋᚾᛁᚠᚠᛚᛖᛋ,310
conidium,127143,0,ᚳᚩᚾᛁᛞᛁᚢᛗ,274
quarrier,127023,0,ᚳᚹᚪᚱᚱᛁᛖᚱ,260
quiddity,127009,0,ᚳᚹᛁᛞᛞᛁᛏᚣ,434
marinara,126994,0,ᛗᚪᚱᛁᚾᚪᚱᚪ,444
cognovit,126887,0,ᚳᚩᚷᚾᚩᚢᛁᛏ,166
esquisse,126866,0,ᛖᛋᚳᚹᛁᛋᛋᛖ,356
nazarite,126750,0,ᚾᚪᛋᚪᚱᛁᛏᛖ,444
bartholdi,126745,0,ᛒᚪᚱᚦᚩᛚᛞᛁ,374
bandsmen,126734,0,ᛒᚪᚾᛞᛋᛗᛖᚾ,496
snowbank,126634,0,ᛋᚾᚩᚹᛒᚪᚾᚳ,308
mesocarp,126625,0,ᛗᛖᛋᚩᚳᚪᚱᛈ,362
backcloth,126619,0,ᛒᚪᚳᚳᚳᛚᚩᚦ,282
pulsated,126578,0,ᛈᚢᛚᛋᚪᛏᛖᛞ,484
laudably,126568,0,ᛚᚪᚢᛞᚪᛒᛚᚣ,596
mounties,126341,0,ᛗᚩᚢᚾᛏᛁᛖᛋ,320
strelitz,126311,0,ᛋᛏᚱᛖᛚᛁᛏᛋ,406
wielders,126149,0,ᚹᛁᛖᛚᛞᛖᚱᛋ,410
hemostat,126119,0,ᚻᛖᛗᚩᛋᛏᚪᛏ,436
fireweed,126006,0,ᚠᛁᚱᛖᚹᛖᛖᛞ,353
orbiters,125983,0,ᚩᚱᛒᛁᛏᛖᚱᛋ,300
bedsprings,125960,0,ᛒᛖᛞᛋᛈᚱᛝᛋ,456
minivans,125932,0,ᛗᛁᚾᛁᚢᚪᚾᛋ,344
indention,125842,0,ᛁᚾᛞᛖᚾᛏᛡᚾ,440
carryout,125830,0,ᚳᚪᚱᚱᚣᚩᚢᛏ,304
unrhymed,125795,0,ᚢᚾᚱᚻᚣᛗᛖᛞ,396
wormlike,125774,0,ᚹᚩᚱᛗᛚᛁᚳᛖ,292
slickers,125739,0,ᛋᛚᛁᚳᚳᛖᚱᛋ,314
unedifying,125678,0,ᚢᚾᛖᛞᛁᚠᚣᛝ,403
lavishes,125655,0,ᛚᚪᚢᛁᛋᚻᛖᛋ,400
revenant,125649,0,ᚱᛖᚢᛖᚾᚪᚾᛏ,362
plectrum,125603,0,ᛈᛚᛖᚳᛏᚱᚢᛗ,340
cricketing,125599,0,ᚳᚱᛁᚳᚳᛖᛏᛝ,286
chutzpah,125574,0,ᚳᚻᚢᛏᛋᛈᚪᚻ,314
calderas,125489,0,ᚳᚪᛚᛞᛖᚱᚪᛋ,500
flattest,125456,0,ᚠᛚᚪᛏᛏᛖᛋᛏ,469
pokeweed,125413,0,ᛈᚩᚳᛖᚹᛖᛖᛞ,372
retraces,125372,0,ᚱᛖᛏᚱᚪᚳᛖᛋ,378
mulattos,125355,0,ᛗᚢᛚᚪᛏᛏᚩᛋ,422
clappers,125343,0,ᚳᛚᚪᛈᛈᛖᚱᛋ,400
occludes,125291,0,ᚩᚳᚳᛚᚢᛞᛖᛋ,318
reinsert,125133,0,ᚱᛖᛁᚾᛋᛖᚱᛏ,328
stablish,125117,0,ᛋᛏᚪᛒᛚᛁᛋᚻ,450
fellahin,125112,0,ᚠᛖᛚᛚᚪᚻᛁᚾ,395
floodlit,125082,0,ᚠᛚᚩᚩᛞᛚᛁᛏ,341
jubilate,125064,0,ᛂᚢᛒᛁᛚᚪᛏᛖ,428
selvedge,125061,0,ᛋᛖᛚᚢᛖᛞᚷᛖ,436
learnable,125040,0,ᛚᛠᚱᚾᚪᛒᛚᛖ,520
tauntingly,124988,0,ᛏᚪᚢᚾᛏᛝᛚᚣ,502
bantered,124980,0,ᛒᚪᚾᛏᛖᚱᛖᛞ,480
funafuti,124941,0,ᚠᚢᚾᚪᚠᚢᛏᛁ,226
apologue,124941,0,ᚪᛈᚩᛚᚩᚷᚢᛖ,314
classmen,124923,0,ᚳᛚᚪᛋᛋᛗᛖᚾ,456
capitols,124893,0,ᚳᚪᛈᛁᛏᚩᛚᛋ,376
binomials,124840,0,ᛒᛁᚾᚩᛗᛡᛚᛋ,432
updrafts,124814,0,ᚢᛈᛞᚱᚪᚠᛏᛋ,357
foredeck,124807,0,ᚠᚩᚱᛖᛞᛖᚳᚳ,269
tyrannic,124770,0,ᛏᚣᚱᚪᚾᚾᛁᚳ,372
standbys,124685,0,ᛋᛏᚪᚾᛞᛒᚣᛋ,544
croakers,124679,0,ᚳᚱᚩᚪᚳᛖᚱᛋ,272
doorpost,124623,0,ᛞᚩᚩᚱᛈᚩᛋᛏ,276
genevese,124583,0,ᚷᛖᚾᛖᚢᛖᛋᛖ,370
upbraids,124570,0,ᚢᛈᛒᚱᚪᛁᛞᛋ,388
salivate,124553,0,ᛋᚪᛚᛁᚢᚪᛏᛖ,480
bathrobes,124533,0,ᛒᚪᚦᚱᚩᛒᛖᛋ,362
hijacker,124449,0,ᚻᛁᛂᚪᚳᚳᛖᚱ,292
unbarred,124447,0,ᚢᚾᛒᚪᚱᚱᛖᛞ,368
groschen,124373,0,ᚷᚱᚩᛋᚳᚻᛖᚾ,220
abridges,124276,0,ᚪᛒᚱᛁᛞᚷᛖᛋ,426
rechecking,124228,0,ᚱᛖᚳᚻᛖᚳᚳᛝ,286
domineer,124156,0,ᛞᚩᛗᛁᚾᛖᛖᚱ,372
smoulder,124072,0,ᛋᛗᚩᚢᛚᛞᛖᚱ,374
dolichos,124058,0,ᛞᚩᛚᛁᚳᚻᚩᛋ,296
intrusting,124002,0,ᛁᚾᛏᚱᚢᛋᛏᛝ,324
purveyed,123923,0,ᛈᚢᚱᚢᛖᚣᛖᛞ,386
emulsify,123764,0,ᛖᛗᚢᛚᛋᛁᚠᚣ,403
pedicure,123706,0,ᛈᛖᛞᛁᚳᚢᚱᛖ,324
toponyms,123637,0,ᛏᚩᛈᚩᚾᚣᛗᛋ,372
tautness,123601,0,ᛏᚪᚢᛏᚾᛖᛋᛋ,420
gynoecium,123569,0,ᚷᚣᚾᛟᚳᛁᚢᛗ,350
fantasias,123481,0,ᚠᚪᚾᛏᚪᛋᛡᛋ,497
sextants,123385,0,ᛋᛖᛉᛏᚪᚾᛏᛋ,464
pianistic,123329,0,ᛈᛡᚾᛁᛋᛏᛁᚳ,366
madrasah,123315,0,ᛗᚪᛞᚱᚪᛋᚪᚻ,538
autarchy,123294,0,ᚪᚢᛏᚪᚱᚳᚻᚣ,406
footpads,123229,0,ᚠᚩᚩᛏᛈᚪᛞᛋ,357
recamier,123120,0,ᚱᛖᚳᚪᛗᛁᛖᚱ,368
vibrissae,123113,0,ᚢᛁᛒᚱᛁᛋᛋᚫ,344
khalifah,123109,0,ᚳᚻᚪᛚᛁᚠᚪᚻ,359
dustbins,123102,0,ᛞᚢᛋᛏᛒᛁᚾᛋ,378
spatulas,123045,0,ᛋᛈᚪᛏᚢᛚᚪᛋ,478
drabness,123044,0,ᛞᚱᚪᛒᚾᛖᛋᛋ,460
katmandu,122961,0,ᚳᚪᛏᛗᚪᚾᛞᚢ,458
consomme,122960,0,ᚳᚩᚾᛋᚩᛗᛗᛖ,318
frippery,122876,0,ᚠᚱᛁᛈᛈᛖᚱᚣ,311
hassocks,122864,0,ᚻᚪᛋᛋᚩᚳᚳᛋ,312
petrifying,122707,0,ᛈᛖᛏᚱᛁᚠᚣᛝ,395
nastiest,122704,0,ᚾᚪᛋᛏᛁᛖᛋᛏ,448
splinted,122629,0,ᛋᛈᛚᛁᚾᛏᛖᛞ,444
hollowly,122578,0,ᚻᚩᛚᛚᚩᚹᛚᚣ,378
taffrail,122560,0,ᛏᚪᚠᚠᚱᚪᛁᛚ,372
oilskins,122457,0,ᚩᛁᛚᛋᚳᛁᚾᛋ,290
holydays,122444,0,ᚻᚩᛚᚣᛞᚪᚣᛋ,548
rurality,122434,0,ᚱᚢᚱᚪᛚᛁᛏᚣ,388
gladdens,122430,0,ᚷᛚᚪᛞᛞᛖᚾᛋ,514
infolded,122382,0,ᛁᚾᚠᚩᛚᛞᛖᛞ,387
outlives,122299,0,ᚩᚢᛏᛚᛁᚢᛖᛋ,296
indiction,122254,0,ᛁᚾᛞᛁᚳᛏᛡᚾ,388
hotplate,122210,0,ᚻᚩᛏᛈᛚᚪᛏᛖ,428
deviltry,122207,0,ᛞᛖᚢᛁᛚᛏᚱᚣ,436
coppices,122073,0,ᚳᚩᛈᛈᛁᚳᛖᛋ,270
turmoils,121951,0,ᛏᚢᚱᛗᚩᛁᛚᛋ,308
habitude,121942,0,ᚻᚪᛒᛁᛏᚢᛞᛖ,430
breadmaking,121911,0,ᛒᚱᛠᛞᛗᚪᚳᛝ,530
corselet,121843,0,ᚳᚩᚱᛋᛖᛚᛖᛏ,350
ingratiated,121809,0,ᛝᚱᚪᛏᛡᛏᛖᛞ,568
brachium,121776,0,ᛒᚱᚪᚳᚻᛁᚢᛗ,310
mortared,121764,0,ᛗᚩᚱᛏᚪᚱᛖᛞ,412
handcart,121721,0,ᚻᚪᚾᛞᚳᚪᚱᛏ,418
bivouacs,121546,0,ᛒᛁᚢᚩᚢᚪᚳᛋ,268
groundings,121536,0,ᚷᚱᚩᚢᚾᛞᛝᛋ,288
subtopic,121507,0,ᛋᚢᛒᛏᚩᛈᛁᚳ,270
uncurled,121488,0,ᚢᚾᚳᚢᚱᛚᛖᛞ,288
eritreans,121469,0,ᛖᚱᛁᛏᚱᛠᚾᛋ,370
steepled,121315,0,ᛋᛏᛖᛖᛈᛚᛖᛞ,518
mazarine,121288,0,ᛗᚪᛋᚪᚱᛁᚾᛖ,456
grosbeaks,121229,0,ᚷᚱᚩᛋᛒᛠᚳᛋ,324
wagtails,121207,0,ᚹᚪᚷᛏᚪᛁᛚᛋ,446
bombards,121137,0,ᛒᚩᛗᛒᚪᚱᛞᛋ,450
bullhorn,121121,0,ᛒᚢᛚᛚᚻᚩᚱᚾ,280
doctorow,120955,0,ᛞᚩᚳᛏᚩᚱᚩᚹ,212
schmaltz,120936,0,ᛋᚳᚻᛗᚪᛚᛏᛋ,442
tuneless,120892,0,ᛏᚢᚾᛖᛚᛖᛋᛋ,404
bumptious,120862,0,ᛒᚢᛗᛈᛏᛡᚢᛋ,400
debarked,120780,0,ᛞᛖᛒᚪᚱᚳᛖᛞ,494
overfill,120722,0,ᚩᚢᛖᚱᚠᛁᛚᛚ,267
shagreen,120653,0,ᛋᚻᚪᚷᚱᛖᛖᚾ,364
pureness,120633,0,ᛈᚢᚱᛖᚾᛖᛋᛋ,326
enticingly,120464,0,ᛖᚾᛏᛁᚳᛝᛚᚣ,454
dysphasia,120388,0,ᛞᚣᛋᛈᚻᚪᛋᛡ,568
markdown,120260,0,ᛗᚪᚱᚳᛞᚩᚹᚾ,336
shoveler,120252,0,ᛋᚻᚩᚢᛖᛚᛖᚱ,304
tacloban,120222,0,ᛏᚪᚳᛚᚩᛒᚪᚾ,436
derriere,120143,0,ᛞᛖᚱᚱᛁᛖᚱᛖ,354
cuteness,120141,0,ᚳᚢᛏᛖᚾᛖᛋᛋ,344
enduringly,120133,0,ᛖᚾᛞᚢᚱᛝᛚᚣ,454
bermudian,119784,0,ᛒᛖᚱᛗᚢᛞᛡᚾ,438
officiant,119761,0,ᚩᚠᚠᛁᚳᛡᚾᛏ,250
encrypts,119706,1,ᛖᚾᚳᚱᚣᛈᛏᛋ,378
thornless,119695,0,ᚦᚩᚱᚾᛚᛖᛋᛋ,298
gremlins,119603,0,ᚷᚱᛖᛗᛚᛁᚾᛋ,352
decathlon,119458,0,ᛞᛖᚳᚪᚦᛚᚩᚾ,380
drenches,119409,0,ᛞᚱᛖᚾᚳᚻᛖᛋ,352
tanagers,119405,0,ᛏᚪᚾᚪᚷᛖᚱᛋ,430
provisoes,119328,0,ᛈᚱᚩᚢᛁᛋᛟᛋ,284
pisiform,119265,0,ᛈᛁᛋᛁᚠᚩᚱᛗ,249
ovulated,119222,0,ᚩᚢᚢᛚᚪᛏᛖᛞ,398
cyclopes,119190,0,ᚳᚣᚳᛚᚩᛈᛖᛋ,372
cajolery,119162,0,ᚳᚪᛂᚩᛚᛖᚱᚣ,408
catarrhs,119147,0,ᚳᚪᛏᚪᚱᚱᚻᛋ,364
misfires,119139,0,ᛗᛁᛋᚠᛁᚱᛖᛋ,319
panicled,119133,0,ᛈᚪᚾᛁᚳᛚᛖᛞ,442
staysail,119098,0,ᛋᛏᚪᚣᛋᚪᛁᛚ,566
deferent,119076,0,ᛞᛖᚠᛖᚱᛖᚾᛏ,391
berengaria,118870,0,ᛒᛖᚱᛖᛝᚪᚱᛡ,500
warlocks,118810,0,ᚹᚪᚱᛚᚩᚳᚳᛋ,286
energising,118793,0,ᛖᚾᛖᚱᚷᛁᛋᛝ,354
hellhole,118766,0,ᚻᛖᛚᛚᚻᚩᛚᛖ,406
chinooks,118753,0,ᚳᚻᛁᚾᚩᚩᚳᛋ,176
manyfold,118628,0,ᛗᚪᚾᚣᚠᚩᛚᛞ,471
verbenas,118600,0,ᚢᛖᚱᛒᛖᚾᚪᛋ,388
cineraria,118538,0,ᚳᛁᚾᛖᚱᚪᚱᛡ,366
fujiyama,118521,0,ᚠᚢᛂᛁᚣᚪᛗᚪ,441
postdate,118472,0,ᛈᚩᛋᛏᛞᚪᛏᛖ,474
quadrics,118454,0,ᚳᚹᚪᛞᚱᛁᚳᛋ,326
ranchero,118432,0,ᚱᚪᚾᚳᚻᛖᚱᚩ,258
songbooks,118397,0,ᛋᚩᛝᛒᚩᚩᚳᛋ,280
nonsocial,118376,0,ᚾᚩᚾᛋᚩᚳᛡᛚ,318
latinate,118308,0,ᛚᚪᛏᛁᚾᚪᛏᛖ,512
coppered,118308,0,ᚳᚩᛈᛈᛖᚱᛖᛞ,340
unblocking,118304,0,ᚢᚾᛒᛚᚩᚳᚳᛝ,278
buckeyes,118302,0,ᛒᚢᚳᚳᛖᚣᛖᛋ,380
hankered,118247,0,ᚻᚪᚾᚳᛖᚱᛖᛞ,396
enchants,118242,0,ᛖᚾᚳᚻᚪᚾᛏᛋ,370
vinaceous,118058,0,ᚢᛁᚾᚪᚳᛇᚢᛋ,270
adjudges,118008,0,ᚪᛞᛂᚢᛞᚷᛖᛋ,452
megabits,118002,0,ᛗᛖᚷᚪᛒᛁᛏᛋ,456
converso,117986,0,ᚳᚩᚾᚢᛖᚱᛋᚩ,190
excretes,117961,0,ᛖᛉᚳᚱᛖᛏᛖᛋ,384
cockades,117956,0,ᚳᚩᚳᚳᚪᛞᛖᛋ,352
breezily,117931,0,ᛒᚱᛖᛖᛋᛁᛚᚣ,466
topcoats,117929,0,ᛏᚩᛈᚳᚩᚪᛏᛋ,338
gigabyte,117928,0,ᚷᛁᚷᚪᛒᚣᛏᛖ,452
palaestra,117922,0,ᛈᚪᛚᚫᛋᛏᚱᚪ,534
consoler,117910,0,ᚳᚩᚾᛋᚩᛚᛖᚱ,260
ouvriers,117908,0,ᚩᚢᚢᚱᛁᛖᚱᛋ,186
catwalks,117890,0,ᚳᚪᛏᚹᚪᛚᚳᛋ,424
maranatha,117885,0,ᛗᚪᚱᚪᚾᚪᚦᚪ,504
valuator,117873,0,ᚢᚪᛚᚢᚪᛏᚩᚱ,350
whiggism,117851,0,ᚹᚻᛁᚷᚷᛁᛋᛗ,262
cruncher,117846,0,ᚳᚱᚢᚾᚳᚻᛖᚱ,170
alsatians,117828,0,ᚪᛚᛋᚪᛏᛡᚾᛋ,568
distends,117760,0,ᛞᛁᛋᛏᛖᚾᛞᛋ,470
coxcombs,117754,0,ᚳᚩᛉᚳᚩᛗᛒᛋ,272
butanone,117737,0,ᛒᚢᛏᚪᚾᚩᚾᛖ,352
garlicky,117692,0,ᚷᚪᚱᛚᛁᚳᚳᚣ,358
dogwoods,117647,0,ᛞᚩᚷᚹᚩᚩᛞᛋ,288
richesse,117643,0,ᚱᛁᚳᚻᛖᛋᛋᛖ,318
namibians,117641,0,ᚾᚪᛗᛁᛒᛡᚾᛋ,478
triatomic,117607,0,ᛏᚱᛡᛏᚩᛗᛁᚳ,358
gabonese,117577,0,ᚷᚪᛒᚩᚾᛖᛋᛖ,398
courtrai,117558,0,ᚳᚩᚢᚱᛏᚱᚪᛁ,232
enthymeme,117556,0,ᛖᚾᚦᚣᛗᛖᛗᛖ,480
charlock,117444,0,ᚳᚻᚪᚱᛚᚩᚳᚳ,250
slapdash,117440,0,ᛋᛚᚪᛈᛞᚪᛋᚻ,528
unprimed,117424,1,ᚢᚾᛈᚱᛁᛗᛖᛞ,344
passional,117358,0,ᛈᚪᛋᛋᛡᚾᚪᛚ,552
jingoistic,117291,0,ᛂᛝᚩᛁᛋᛏᛁᚳ,310
periclean,117275,0,ᛈᛖᚱᛁᚳᛚᛠᚾ,376
nepenthes,117241,0,ᚾᛖᛈᛖᚾᚦᛖᛋ,360
gunsmiths,117165,0,ᚷᚢᚾᛋᛗᛁᚦᛋ,262
antipope,117149,0,ᚪᚾᛏᛁᛈᚩᛈᛖ,376
snivelling,117129,0,ᛋᚾᛁᚢᛖᛚᛚᛝ,408
chiselling,117074,0,ᚳᚻᛁᛋᛖᛚᛚᛝ,412
fiefdoms,117063,0,ᚠᛁᛖᚠᛞᚩᛗᛋ,322
gaultheria,117010,0,ᚷᚪᚢᛚᚦᛖᚱᛡ,380
chiggers,117001,0,ᚳᚻᛁᚷᚷᛖᚱᛋ,232
thrillingly,116955,0,ᚦᚱᛁᛚᛚᛝᛚᚣ,448
tuberose,116948,0,ᛏᚢᛒᛖᚱᚩᛋᛖ,328
lacrymal,116925,0,ᛚᚪᚳᚱᚣᛗᚪᛚ,538
cleavable,116895,0,ᚳᛚᛠᚢᚪᛒᛚᛖ,496
castella,116869,0,ᚳᚪᛋᛏᛖᛚᛚᚪ,532
rectally,116834,0,ᚱᛖᚳᛏᚪᛚᛚᚣ,496
enervate,116795,0,ᛖᚾᛖᚱᚢᚪᛏᛖ,400
inflexed,116764,0,ᛁᚾᚠᛚᛖᛉᛖᛞ,405
foxhound,116739,0,ᚠᚩᛉᚻᚩᚢᚾᛞ,207
insomniac,116717,0,ᛁᚾᛋᚩᛗᚾᛡᚳ,340
ravisher,116608,0,ᚱᚪᚢᛁᛋᚻᛖᚱ,296
underbid,116588,0,ᚢᚾᛞᛖᚱᛒᛁᛞ,380
adynamic,116532,0,ᚪᛞᚣᚾᚪᛗᛁᚳ,530
frenzies,116529,0,ᚠᚱᛖᚾᛋᛁᛖᛋ,313
cellarer,116515,0,ᚳᛖᛚᛚᚪᚱᛖᚱ,412
rockwork,116486,0,ᚱᚩᚳᚳᚹᚩᚱᚳ,94
licenser,116410,0,ᛚᛁᚳᛖᚾᛋᛖᚱ,344
reemploy,116358,0,ᚱᛖᛖᛗᛈᛚᚩᚣ,442
upstaged,116304,0,ᚢᛈᛋᛏᚪᚷᛖᛞ,428
sealskins,116197,0,ᛋᛠᛚᛋᚳᛁᚾᛋ,414
ramekins,116121,0,ᚱᚪᛗᛖᚳᛁᚾᛋ,372
aspidium,116120,0,ᚪᛋᛈᛁᛞᛁᚢᛗ,418
furcation,116114,0,ᚠᚢᚱᚳᚪᛏᛡᚾ,321
deskilling,116108,0,ᛞᛖᛋᚳᛁᛚᛚᛝ,478
fishtail,116027,0,ᚠᛁᛋᚻᛏᚪᛁᛚ,369
alemanni,115983,0,ᚪᛚᛖᛗᚪᚾᚾᛁ,494
idealizes,115945,0,ᛁᛞᛠᛚᛁᛋᛖᛋ,506
draconis,115928,0,ᛞᚱᚪᚳᚩᚾᛁᛋ,330
linearize,115927,0,ᛚᛁᚾᛠᚱᛁᛋᛖ,404
nonracial,115882,0,ᚾᚩᚾᚱᚪᚳᛡᛚ,366
subleases,115861,0,ᛋᚢᛒᛚᛠᛋᛖᛋ,472
arborist,115854,0,ᚪᚱᛒᚩᚱᛁᛋᛏ,330
pulsates,115792,0,ᛈᚢᛚᛋᚪᛏᛖᛋ,448
cadenzas,115743,0,ᚳᚪᛞᛖᚾᛋᚪᛋ,498
cockneys,115701,0,ᚳᚩᚳᚳᚾᛖᚣᛋ,298
worryingly,115677,0,ᚹᚩᚱᚱᚣᛝᛚᚣ,406
cumulant,115676,0,ᚳᚢᛗᚢᛚᚪᚾᛏ,348
tonsured,115638,0,ᛏᚩᚾᛋᚢᚱᛖᛞ,318
meibomian,115616,0,ᛗᛖᛁᛒᚩᛗᛡᚾ,444
estragon,115583,0,ᛖᛋᛏᚱᚪᚷᚩᚾ,340
plateful,115554,0,ᛈᛚᚪᛏᛖᚠᚢᛚ,417
ambulate,115549,0,ᚪᛗᛒᚢᛚᚪᛏᛖ,528
instable,115546,0,ᛁᚾᛋᛏᚪᛒᛚᛖ,470
peterloo,115406,0,ᛈᛖᛏᛖᚱᛚᚩᚩ,334
immerses,115406,0,ᛁᛗᛗᛖᚱᛋᛖᛋ,424
limekiln,115346,0,ᛚᛁᛗᛖᚳᛁᛚᚾ,388
linalool,115295,0,ᛚᛁᚾᚪᛚᚩᚩᛚ,390
bleeders,115236,0,ᛒᛚᛖᛖᛞᛖᚱᛋ,488
misjudging,115011,0,ᛗᛁᛋᛂᚢᛞᚷᛝ,380
lutetium,114970,0,ᛚᚢᛏᛖᛏᛁᚢᛗ,366
embanked,114959,0,ᛖᛗᛒᚪᚾᚳᛖᛞ,494
kauravas,114887,0,ᚳᚪᚢᚱᚪᚢᚪᛋ,374
daiquiri,114877,0,ᛞᚪᛁᚳᚹᛁᚱᛁ,322
suffuses,114876,0,ᛋᚢᚠᚠᚢᛋᛖᛋ,236
goshawks,114834,0,ᚷᚩᛋᚻᚪᚹᚳᛋ,282
rotaries,114803,0,ᚱᚩᛏᚪᚱᛁᛖᛋ,336
outranks,114783,0,ᚩᚢᛏᚱᚪᚾᚳᛋ,272
launders,114783,0,ᛚᚪᚢᚾᛞᛖᚱᛋ,422
squamosa,114779,0,ᛋᚳᚹᚪᛗᚩᛋᚪ,410
pinnaces,114773,0,ᛈᛁᚾᚾᚪᚳᛖᛋ,362
conseils,114753,0,ᚳᚩᚾᛋᛖᛁᛚᛋ,326
serration,114720,0,ᛋᛖᚱᚱᚪᛏᛡᚾ,434
oiliness,114696,0,ᚩᛁᛚᛁᚾᛖᛋᛋ,344
virginias,114666,0,ᚢᛁᚱᚷᛁᚾᛡᛋ,282
propylaea,114638,0,ᛈᚱᚩᛈᚣᛚᚫᚪ,478
sebright,114577,0,ᛋᛖᛒᚱᛁᚷᚻᛏ,322
incrusting,114575,0,ᛁᚾᚳᚱᚢᛋᛏᛝ,278
garbanzo,114552,0,ᚷᚪᚱᛒᚪᚾᛋᚩ,372
rednecks,114541,0,ᚱᛖᛞᚾᛖᚳᚳᛋ,342
spirilla,114529,0,ᛋᛈᛁᚱᛁᛚᛚᚪ,412
misreadings,114512,0,ᛗᛁᛋᚱᛠᛞᛝᛋ,496
grumblings,114451,0,ᚷᚱᚢᛗᛒᛚᛝᛋ,368
bestrode,114420,0,ᛒᛖᛋᛏᚱᚩᛞᛖ,414
chemosis,114398,0,ᚳᚻᛖᛗᚩᛋᛁᛋ,318
illustre,114386,0,ᛁᛚᛚᚢᛋᛏᚱᛖ,370
perjurer,114383,0,ᛈᛖᚱᛂᚢᚱᛖᚱ,250
dandyism,114371,0,ᛞᚪᚾᛞᚣᛁᛋᛗ,562
loyalism,114365,0,ᛚᚩᚣᚪᛚᛁᛋᛗ,508
crampons,114338,0,ᚳᚱᚪᛗᛈᚩᚾᛋ,324
ensample,114269,0,ᛖᚾᛋᚪᛗᛈᛚᛖ,500
aquilegia,114164,0,ᚪᚳᚹᛁᛚᛖᚷᛡ,424
teardrops,114161,0,ᛏᛠᚱᛞᚱᚩᛈᛋ,382
feminizing,114149,0,ᚠᛖᛗᛁᚾᛁᛋᛝ,363
myopathic,114097,0,ᛗᚣᚩᛈᚪᚦᛁᚳ,370
nightjar,114032,0,ᚾᛁᚷᚻᛏᛂᚪᚱ,304
gantries,114007,0,ᚷᚪᚾᛏᚱᛁᛖᛋ,364
parcelling,113990,0,ᛈᚪᚱᚳᛖᛚᛚᛝ,456
bestower,113962,0,ᛒᛖᛋᛏᚩᚹᛖᚱ,344
safeties,113934,0,ᛋᚪᚠᛖᛏᛁᛖᛋ,429
linesman,113929,0,ᛚᛁᚾᛖᛋᛗᚪᚾ,450
fanfares,113875,0,ᚠᚪᚾᚠᚪᚱᛖᛋ,358
messines,113748,0,ᛗᛖᛋᛋᛁᚾᛖᛋ,424
aardvark,113706,0,ᚪᚪᚱᛞᚢᚪᚱᚳ,418
gymkhana,113685,0,ᚷᚣᛗᚳᚻᚪᚾᚪ,450
colocasia,113615,0,ᚳᚩᛚᚩᚳᚪᛋᛡ,370
bitterer,113587,0,ᛒᛁᛏᛏᛖᚱᛖᚱ,366
quatorze,113504,0,ᚳᚹᚪᛏᚩᚱᛋᛖ,326
radetzky,113501,0,ᚱᚪᛞᛖᛏᛋᚳᚣ,492
credenza,113450,0,ᚳᚱᛖᛞᛖᚾᛋᚪ,426
heatproof,113418,0,ᚻᛠᛏᛈᚱᚩᚩᚠ,261
escarole,113412,0,ᛖᛋᚳᚪᚱᚩᛚᛖ,388
oddments,113373,0,ᚩᛞᛞᛗᛖᚾᛏᛋ,464
skywards,113369,0,ᛋᚳᚣᚹᚪᚱᛞᛋ,438
fleetest,113270,0,ᚠᛚᛖᛖᛏᛖᛋᛏ,447
boyishly,113268,0,ᛒᚩᚣᛁᛋᚻᛚᚣ,454
midships,113265,0,ᛗᛁᛞᛋᚻᛁᛈᛋ,394
carabaos,113246,0,ᚳᚪᚱᚪᛒᚪᚩᛋ,436
intrench,113229,0,ᛁᚾᛏᚱᛖᚾᚳᚻ,262
nosegays,113120,0,ᚾᚩᛋᛖᚷᚪᚣᛋ,426
offprint,113099,0,ᚩᚠᚠᛈᚱᛁᚾᛏ,184
quincunx,113058,0,ᚳᚹᛁᚾᚳᚢᚾᛉ,184
carboloy,113038,0,ᚳᚪᚱᛒᚩᛚᚩᚣ,372
roundups,113035,0,ᚱᚩᚢᚾᛞᚢᛈᛋ,238
handgrip,113027,0,ᚻᚪᚾᛞᚷᚱᛁᛈ,340
floppies,113006,0,ᚠᛚᚩᛈᛈᛁᛖᛋ,319
postlude,112960,0,ᛈᚩᛋᛏᛚᚢᛞᛖ,394
superius,112950,0,ᛋᚢᛈᛖᚱᛁᚢᛋ,264
pawtuxet,112933,0,ᛈᚪᚹᛏᚢᛉᛖᛏ,394
instancing,112912,0,ᛁᚾᛋᛏᚪᚾᚳᛝ,390
capitano,112879,0,ᚳᚪᛈᛁᛏᚪᚾᚩ,376
writable,112876,0,ᚹᚱᛁᛏᚪᛒᛚᛖ,418
outcaste,112876,0,ᚩᚢᛏᚳᚪᛋᛏᛖ,358
incomers,112797,0,ᛁᚾᚳᚩᛗᛖᚱᛋ,282
autotype,112759,0,ᚪᚢᛏᚩᛏᚣᛈᛖ,438
pleasured,112578,0,ᛈᛚᛠᛋᚢᚱᛖᛞ,448
headhunting,112515,0,ᚻᛠᛞᚻᚢᚾᛏᛝ,414
beauclerc,112514,0,ᛒᛠᚢᚳᛚᛖᚱᚳ,350
reciters,112502,0,ᚱᛖᚳᛁᛏᛖᚱᛋ,312
marinating,112424,0,ᛗᚪᚱᛁᚾᚪᛏᛝ,474
ceramist,112420,0,ᚳᛖᚱᚪᛗᛁᛋᛏ,402
houseboy,112418,0,ᚻᚩᚢᛋᛖᛒᚩᚣ,324
snatcher,112417,0,ᛋᚾᚪᛏᚳᚻᛖᚱ,352
earthiness,112363,0,ᛠᚱᚦᛁᚾᛖᛋᛋ,358
shriller,112322,0,ᛋᚻᚱᛁᛚᛚᛖᚱ,342
gherkins,112309,0,ᚷᚻᛖᚱᚳᛁᚾᛋ,244
turnkeys,112244,0,ᛏᚢᚱᚾᚳᛖᚣᛋ,338
feverfew,112218,0,ᚠᛖᚢᛖᚱᚠᛖᚹ,238
reburied,112211,0,ᚱᛖᛒᚢᚱᛁᛖᛞ,340
apomixis,112138,0,ᚪᛈᚩᛗᛁᛉᛁᛋ,380
paramecia,112120,0,ᛈᚪᚱᚪᛗᛖᚳᛡ,506
townhall,112084,0,ᛏᚩᚹᚾᚻᚪᛚᛚ,380
backfiring,112080,0,ᛒᚪᚳᚳᚠᛁᚱᛝ,307
coniferae,112053,0,ᚳᚩᚾᛁᚠᛖᚱᚫ,261
walkouts,112040,0,ᚹᚪᛚᚳᚩᚢᛏᛋ,324
takeaways,112015,0,ᛏᚪᚳᛠᚹᚪᚣᛋ,550
fenianism,111868,0,ᚠᛖᚾᛡᚾᛁᛋᛗ,389
truckmen,111865,0,ᛏᚱᚢᚳᚳᛗᛖᚾ,266
intermit,111858,0,ᛁᚾᛏᛖᚱᛗᛁᛏ,358
overcook,111816,0,ᚩᚢᛖᚱᚳᚩᚩᚳ,128
delsarte,111776,0,ᛞᛖᛚᛋᚪᚱᛏᛖ,516
druidism,111704,0,ᛞᚱᚢᛁᛞᛁᛋᛗ,378
stockpot,111672,0,ᛋᛏᚩᚳᚳᛈᚩᛏ,254
tallness,111659,0,ᛏᚪᛚᛚᚾᛖᛋᛋ,504
klondyke,111646,0,ᚳᛚᚩᚾᛞᚣᚳᛖ,394
flatwise,111640,0,ᚠᛚᚪᛏᚹᛁᛋᛖ,401
reprises,111622,0,ᚱᛖᛈᚱᛁᛋᛖᛋ,336
afflatus,111609,0,ᚪᚠᚠᛚᚪᛏᚢᛋ,386
rehoused,111568,0,ᚱᛖᚻᚩᚢᛋᛖᛞ,320
jocosely,111551,0,ᛂᚩᚳᚩᛋᛖᛚᚣ,360
cotopaxi,111471,0,ᚳᚩᛏᚩᛈᚪᛉᛁ,304
saltness,111380,0,ᛋᚪᛚᛏᚾᛖᛋᛋ,484
parlayed,111360,0,ᛈᚪᚱᛚᚪᚣᛖᛞ,580
arrestor,111311,0,ᚪᚱᚱᛖᛋᛏᚩᚱ,316
pasterns,111284,0,ᛈᚪᛋᛏᛖᚱᚾᛋ,412
cretonne,111251,0,ᚳᚱᛖᛏᚩᚾᚾᛖ,282
echolalia,111223,0,ᛖᚳᚻᚩᛚᚪᛚᛡ,460
unavenged,111212,0,ᚢᚾᚪᚢᛖᛝᛖᛞ,434
carryall,111166,0,ᚳᚪᚱᚱᚣᚪᛚᛚ,478
reforest,111132,0,ᚱᛖᚠᚩᚱᛖᛋᛏ,277
bedsores,111100,0,ᛒᛖᛞᛋᚩᚱᛖᛋ,408
politest,111047,0,ᛈᚩᛚᛁᛏᛖᛋᛏ,392
myotomes,110971,0,ᛗᚣᚩᛏᚩᛗᛖᛋ,438
monitory,110970,0,ᛗᚩᚾᛁᛏᚩᚱᚣ,318
cabochon,110938,0,ᚳᚪᛒᚩᚳᚻᚩᚾ,250
forename,110910,0,ᚠᚩᚱᛖᚾᚪᛗᛖ,351
serenading,110756,0,ᛋᛖᚱᛖᚾᚪᛞᛝ,492
polygala,110719,0,ᛈᚩᛚᚣᚷᚪᛚᚪ,510
sarrazin,110688,0,ᛋᚪᚱᚱᚪᛋᛁᚾ,382
origanum,110686,0,ᚩᚱᛁᚷᚪᚾᚢᛗ,266
grumpily,110662,0,ᚷᚱᚢᛗᛈᛁᛚᚣ,352
behemoths,110620,0,ᛒᛖᚻᛖᛗᚩᚦᛋ,354
malarkey,110554,0,ᛗᚪᛚᚪᚱᚳᛖᚣ,532
abbesses,110534,0,ᚪᛒᛒᛖᛋᛋᛖᛋ,512
sepiolite,110469,0,ᛋᛖᛈᛡᛚᛁᛏᛖ,500
victorias,110457,0,ᚢᛁᚳᛏᚩᚱᛡᛋ,284
whodunit,110441,0,ᚹᚻᚩᛞᚢᚾᛁᛏ,260
carcanet,110426,0,ᚳᚪᚱᚳᚪᚾᛖᛏ,386
humongous,110413,0,ᚻᚢᛗᚩᛝᚩᚢᛋ,246
grackles,110346,0,ᚷᚱᚪᚳᚳᛚᛖᛋ,344
quilters,110329,0,ᚳᚹᛁᛚᛏᛖᚱᛋ,326
hosannas,110308,0,ᚻᚩᛋᚪᚾᚾᚪᛋ,388
beguiles,110285,0,ᛒᛖᚷᚢᛁᛚᛖᛋ,372
snuffers,110248,0,ᛋᚾᚢᚠᚠᛖᚱᛋ,220
melampus,110229,0,ᛗᛖᛚᚪᛗᛈᚢᛋ,478
lividity,110221,0,ᛚᛁᚢᛁᛞᛁᛏᚣ,420
thrashers,110219,0,ᚦᚱᚪᛋᚻᛖᚱᛋ,320
refection,110089,0,ᚱᛖᚠᛖᚳᛏᛡᚾ,355
corncobs,110074,0,ᚳᚩᚱᚾᚳᚩᛒᛋ,194
samphire,110056,0,ᛋᚪᛗᛈᚻᛁᚱᛖ,396
foggiest,109983,0,ᚠᚩᚷᚷᛁᛖᛋᛏ,253
exiguous,109922,0,ᛖᛉᛁᚷᚢᚩᚢᛋ,228
arsehole,109898,0,ᚪᚱᛋᛖᚻᚩᛚᛖ,398
quartern,109872,0,ᚳᚹᚪᚱᛏᛖᚱᚾ,306
humanising,109864,0,ᚻᚢᛗᚪᚾᛁᛋᛝ,386
waveband,109738,0,ᚹᚪᚢᛖᛒᚪᚾᛞ,462
revisory,109693,0,ᚱᛖᚢᛁᛋᚩᚱᚣ,286
demonize,109682,0,ᛞᛖᛗᚩᚾᛁᛋᛖ,414
coverall,109603,0,ᚳᚩᚢᛖᚱᚪᛚᛚ,344
penlight,109540,0,ᛈᛖᚾᛚᛁᚷᚻᛏ,342
altruist,109515,0,ᚪᛚᛏᚱᚢᛁᛋᛏ,386
uncoerced,109481,0,ᚢᚾᚳᛟᚱᚳᛖᛞ,308
rewarder,109419,0,ᚱᛖᚹᚪᚱᛞᛖᚱ,372
vanguards,109373,0,ᚢᚪᛝᚢᚪᚱᛞᛋ,432
dreariest,109322,0,ᛞᚱᛠᚱᛁᛖᛋᛏ,430
reassumed,109264,0,ᚱᛠᛋᛋᚢᛗᛖᛞ,456
whipcord,109246,0,ᚹᚻᛁᛈᚳᚩᚱᛞ,236
abetment,109146,0,ᚪᛒᛖᛏᛗᛖᚾᛏ,510
warcraft,109076,0,ᚹᚪᚱᚳᚱᚪᚠᛏ,309
canonist,109057,0,ᚳᚪᚾᚩᚾᛁᛋᛏ,318
grenelle,109015,0,ᚷᚱᛖᚾᛖᛚᛚᛖ,404
cucurbit,108873,0,ᚳᚢᚳᚢᚱᛒᛁᛏ,194
shareable,108693,0,ᛋᚻᚪᚱᛠᛒᛚᛖ,494
moistens,108637,0,ᛗᚩᛁᛋᛏᛖᚾᛋ,370
heroides,108635,0,ᚻᛖᚱᚩᛁᛞᛖᛋ,348
montages,108593,0,ᛗᚩᚾᛏᚪᚷᛖᛋ,400
legalese,108587,0,ᛚᛖᚷᚪᛚᛖᛋᛖ,514
exfoliating,108577,0,ᛖᛉᚠᚩᛚᛡᛏᛝ,441
weathermen,108523,0,ᚹᛠᚦᛖᚱᛗᛖᚾ,378
belfries,108519,0,ᛒᛖᛚᚠᚱᛁᛖᛋ,365
besieges,108507,0,ᛒᛖᛋᛁᛖᚷᛖᛋ,416
shipside,108457,0,ᛋᚻᛁᛈᛋᛁᛞᛖ,390
supinely,108373,0,ᛋᚢᛈᛁᚾᛖᛚᚣ,402
millibar,108353,0,ᛗᛁᛚᛚᛁᛒᚪᚱ,448
starveling,108250,0,ᛋᛏᚪᚱᚢᛖᛚᛝ,442
internee,108213,0,ᛁᚾᛏᛖᚱᚾᛖᛖ,360
olympiads,108198,0,ᚩᛚᚣᛗᛈᛡᛞᛋ,546
seborrhea,108102,0,ᛋᛖᛒᚩᚱᚱᚻᛠ,342
medicating,108075,0,ᛗᛖᛞᛁᚳᚪᛏᛝ,506
rustless,108017,0,ᚱᚢᛋᛏᛚᛖᛋᛋ,372
simulant,107992,0,ᛋᛁᛗᚢᛚᚪᚾᛏ,416
duellist,107903,0,ᛞᚢᛖᛚᛚᛁᛋᛏ,448
aspirins,107860,0,ᚪᛋᛈᛁᚱᛁᚾᛋ,348
moleskin,107818,0,ᛗᚩᛚᛖᛋᚳᛁᚾ,344
kempster,107816,0,ᚳᛖᛗᛈᛋᛏᛖᚱ,384
jockeyed,107786,0,ᛂᚩᚳᚳᛖᚣᛖᛞ,396
ephialtes,107775,0,ᛖᛈᚻᛡᛚᛏᛖᛋ,492
debauching,107773,0,ᛞᛖᛒᚪᚢᚳᚻᛝ,432
myosotis,107671,0,ᛗᚣᚩᛋᚩᛏᛁᛋ,384
overtaxing,107614,0,ᚩᚢᛖᚱᛏᚪᛉᛝ,370
millpond,107509,0,ᛗᛁᛚᛚᛈᚩᚾᛞ,416
splicers,107491,0,ᛋᛈᛚᛁᚳᛖᚱᛋ,344
punchers,107482,0,ᛈᚢᚾᚳᚻᛖᚱᛋ,242
oligarch,107418,0,ᚩᛚᛁᚷᚪᚱᚳᚻ,272
liberace,107406,0,ᛚᛁᛒᛖᚱᚪᚳᛖ,420
branchings,107345,0,ᛒᚱᚪᚾᚳᚻᛝᛋ,366
mithraism,107335,0,ᛗᛁᚦᚱᚪᛁᛋᛗ,370
sniggering,107320,0,ᛋᚾᛁᚷᚷᛖᚱᛝ,304
overdosing,107315,0,ᚩᚢᛖᚱᛞᚩᛋᛝ,316
autogiro,107293,0,ᚪᚢᛏᚩᚷᛁᚱᚩ,232
placarding,107287,0,ᛈᛚᚪᚳᚪᚱᛞᛝ,502
dithyramb,107208,0,ᛞᛁᚦᚣᚱᚪᛗᛒ,468
ulcerous,107197,0,ᚢᛚᚳᛖᚱᚩᚢᛋ,230
sherbets,107153,0,ᛋᚻᛖᚱᛒᛖᛏᛋ,394
cowsheds,107128,0,ᚳᚩᚹᛋᚻᛖᛞᛋ,324
forcemeat,107071,0,ᚠᚩᚱᚳᛖᛗᛠᛏ,339
mauvaise,106980,0,ᛗᚪᚢᚢᚪᛁᛋᛖ,422
freebies,106898,0,ᚠᚱᛖᛖᛒᛁᛖᛋ,359
holdouts,106892,0,ᚻᚩᛚᛞᚩᚢᛏᛋ,314
undoubting,106874,0,ᚢᚾᛞᚩᚢᛒᛏᛝ,330
fingerlike,106846,0,ᚠᛝᛖᚱᛚᛁᚳᛖ,343
unbraced,106834,0,ᚢᚾᛒᚱᚪᚳᛖᛞ,370
nurturer,106799,0,ᚾᚢᚱᛏᚢᚱᛖᚱ,194
draggled,106770,0,ᛞᚱᚪᚷᚷᛚᛖᛞ,460
foliolate,106758,0,ᚠᚩᛚᛡᛚᚪᛏᛖ,485
snowshoeing,106715,0,ᛋᚾᚩᚹᛋᚻᛟᛝ,346
maltreating,106707,0,ᛗᚪᛚᛏᚱᛠᛏᛝ,558
unfallen,106561,0,ᚢᚾᚠᚪᛚᛚᛖᚾ,373
fibrillae,106484,0,ᚠᛁᛒᚱᛁᛚᛚᚫ,383
pastrami,106465,0,ᛈᚪᛋᛏᚱᚪᛗᛁ,462
scammony,106463,0,ᛋᚳᚪᛗᛗᚩᚾᚣ,444
aeronauts,106431,0,ᚫᚱᚩᚾᚪᚢᛏᛋ,360
levitate,106404,0,ᛚᛖᚢᛁᛏᚪᛏᛖ,456
olefines,106381,0,ᚩᛚᛖᚠᛁᚾᛖᛋ,329
slipways,106369,0,ᛋᛚᛁᛈᚹᚪᚣᛋ,472
demarche,106329,0,ᛞᛖᛗᚪᚱᚳᚻᛖ,438
agitprop,106250,0,ᚪᚷᛁᛏᛈᚱᚩᛈ,308
buccinum,106203,0,ᛒᚢᚳᚳᛁᚾᚢᛗ,224
bludgeons,106111,0,ᛒᛚᚢᛞᚷᛇᚾᛋ,366
chanters,106075,0,ᚳᚻᚪᚾᛏᛖᚱᛋ,352
blowhole,106042,0,ᛒᛚᚩᚹᚻᚩᛚᛖ,330
harlotry,105996,0,ᚻᚪᚱᛚᚩᛏᚱᚣ,384
postured,105992,0,ᛈᚩᛋᛏᚢᚱᛖᛞ,332
clarionet,105946,0,ᚳᛚᚪᚱᛡᚾᛖᛏ,456
contorting,105903,0,ᚳᚩᚾᛏᚩᚱᛏᛝ,264
bloodier,105863,0,ᛒᛚᚩᚩᛞᛁᛖᚱ,346
beguines,105842,0,ᛒᛖᚷᚢᛁᚾᛖᛋ,328
blowback,105793,0,ᛒᛚᚩᚹᛒᚪᚳᚳ,344
wiseacres,105741,0,ᚹᛁᛋᛠᚳᚱᛖᛋ,356
playboys,105741,0,ᛈᛚᚪᚣᛒᚩᚣᛋ,540
plantlet,105703,0,ᛈᛚᚪᚾᛏᛚᛖᛏ,500
succubus,105652,0,ᛋᚢᚳᚳᚢᛒᚢᛋ,202
cassocks,105648,0,ᚳᚪᛋᛋᚩᚳᚳᛋ,302
footrest,105638,0,ᚠᚩᚩᛏᚱᛖᛋᛏ,265
jointers,105607,0,ᛂᚩᛁᚾᛏᛖᚱᛋ,294
septation,105585,0,ᛋᛖᛈᛏᚪᛏᛡᚾ,514
memorising,105534,0,ᛗᛖᛗᚩᚱᛁᛋᛝ,390
havildar,105532,0,ᚻᚪᚢᛁᛚᛞᚪᚱ,424
conjugial,105487,0,ᚳᚩᚾᛂᚢᚷᛡᛚ,286
demander,105481,0,ᛞᛖᛗᚪᚾᛞᛖᚱ,520
diametric,105462,0,ᛞᛡᛗᛖᛏᚱᛁᚳ,448
frittering,105444,0,ᚠᚱᛁᛏᛏᛖᚱᛝ,319
archness,105409,0,ᚪᚱᚳᚻᚾᛖᛋᛋ,346
trilobed,105380,0,ᛏᚱᛁᛚᚩᛒᛖᛞ,398
godchild,105372,0,ᚷᚩᛞᚳᚻᛁᛚᛞ,342
scorpius,105364,0,ᛋᚳᚩᚱᛈᛁᚢᛋ,214
reshapes,105341,0,ᚱᛖᛋᚻᚪᛈᛖᛋ,414
unsubtle,105321,0,ᚢᚾᛋᚢᛒᛏᛚᛖ,348
flinches,105167,0,ᚠᛚᛁᚾᚳᚻᛖᛋ,291
bouldery,105151,0,ᛒᚩᚢᛚᛞᛖᚱᚣ,414
knightes,105050,0,ᚳᚾᛁᚷᚻᛏᛖᛋ,292
barmaids,105032,0,ᛒᚪᚱᛗᚪᛁᛞᛋ,510
imperiling,105019,0,ᛁᛗᛈᛖᚱᛁᛚᛝ,406
zizyphus,104995,0,ᛋᛁᛋᚣᛈᚻᚢᛋ,362
asthenopia,104987,0,ᚪᛋᚦᛖᚾᚩᛈᛡ,408
incumber,104986,0,ᛁᚾᚳᚢᛗᛒᛖᚱ,286
demoniacs,104888,0,ᛞᛖᛗᚩᚾᛡᚳᛋ,436
skillets,104788,0,ᛋᚳᛁᛚᛚᛖᛏᛋ,422
louisiane,104781,0,ᛚᚩᚢᛁᛋᛡᚾᛖ,370
breughel,104770,0,ᛒᚱᛖᚢᚷᚻᛖᛚ,322
ciborium,104742,0,ᚳᛁᛒᚩᚱᛁᚢᛗ,228
misplacing,104724,0,ᛗᛁᛋᛈᛚᚪᚳᛝ,460
trueness,104677,0,ᛏᚱᚢᛖᚾᛖᛋᛋ,342
snappish,104582,0,ᛋᚾᚪᛈᛈᛁᛋᚻ,372
lawbreaking,104552,0,ᛚᚪᚹᛒᚱᛠᚳᛝ,462
rubicund,104463,0,ᚱᚢᛒᛁᚳᚢᚾᛞ,240
mephitis,104445,0,ᛗᛖᛈᚻᛁᛏᛁᛋ,378
bulldoze,104412,0,ᛒᚢᛚᛚᛞᚩᛋᛖ,426
varmints,104384,0,ᚢᚪᚱᛗᛁᚾᛏᛋ,354
outworking,104376,0,ᚩᚢᛏᚹᚩᚱᚳᛝ,198
selvages,104366,0,ᛋᛖᛚᚢᚪᚷᛖᛋ,430
hipsters,104366,0,ᚻᛁᛈᛋᛏᛖᚱᛋ,340
limbless,104355,0,ᛚᛁᛗᛒᛚᛖᛋᛋ,482
horology,104302,0,ᚻᚩᚱᚩᛚᚩᚷᚣ,248
voidance,104284,0,ᚢᚩᛁᛞᚪᚾᚳᛖ,336
poorness,104195,0,ᛈᚩᚩᚱᚾᛖᛋᛋ,270
enfilading,104089,0,ᛖᚾᚠᛁᛚᚪᛞᛝ,467
bustards,104081,0,ᛒᚢᛋᛏᚪᚱᛞᛋ,426
saunters,104031,0,ᛋᚪᚢᚾᛏᛖᚱᛋ,372
confrere,103951,0,ᚳᚩᚾᚠᚱᛖᚱᛖ,207
cartload,103909,0,ᚳᚪᚱᛏᛚᚩᚪᛞ,446
unslaked,103839,0,ᚢᚾᛋᛚᚪᚳᛖᛞ,424
subjoins,103836,0,ᛋᚢᛒᛂᚩᛁᚾᛋ,274
excoriating,103787,0,ᛖᛉᚳᚩᚱᛡᛏᛝ,390
hyperpnea,103755,0,ᚻᚣᛈᛖᚱᛈᚾᛠ,428
clingstone,103753,0,ᚳᛚᛝᛋᛏᚩᚾᛖ,380
federating,103746,0,ᚠᛖᛞᛖᚱᚪᛏᛝ,471
vendible,103709,0,ᚢᛖᚾᛞᛁᛒᛚᛖ,420
homeopaths,103704,0,ᚻᚩᛗᛇᛈᚪᚦᛋ,340
runnable,103670,0,ᚱᚢᚾᚾᚪᛒᛚᛖ,370
flankers,103665,0,ᚠᛚᚪᚾᚳᛖᚱᛋ,345
graviton,103558,0,ᚷᚱᚪᚢᛁᛏᚩᚾ,254
uncleanly,103550,0,ᚢᚾᚳᛚᛠᚾᛚᚣ,432
khoikhoi,103545,0,ᚳᚻᚩᛁᚳᚻᚩᛁ,148
autosome,103523,0,ᚪᚢᛏᚩᛋᚩᛗᛖ,364
grannies,103498,0,ᚷᚱᚪᚾᚾᛁᛖᛋ,334
firelock,103494,0,ᚠᛁᚱᛖᛚᚩᚳᚳ,217
messmate,103415,0,ᛗᛖᛋᛋᛗᚪᛏᛖ,538
templets,103382,0,ᛏᛖᛗᛈᛚᛖᛏᛋ,492
sexiness,103318,0,ᛋᛖᛉᛁᚾᛖᛋᛋ,400
jebusite,103314,0,ᛂᛖᛒᚢᛋᛁᛏᛖ,378
balladry,103301,0,ᛒᚪᛚᛚᚪᛞᚱᚣ,604
slimness,103231,0,ᛋᛚᛁᛗᚾᛖᛋᛋ,430
collates,103153,0,ᚳᚩᛚᛚᚪᛏᛖᛋ,442
allopathy,103113,0,ᚪᛚᛚᚩᛈᚪᚦᚣ,498
hecklers,103060,0,ᚻᛖᚳᚳᛚᛖᚱᛋ,320
lockages,103039,0,ᛚᚩᚳᚳᚪᚷᛖᛋ,340
pintails,103036,0,ᛈᛁᚾᛏᚪᛁᛚᛋ,416
torpedoing,103013,0,ᛏᚩᚱᛈᛖᛞᚩᛝ,362
sketcher,102991,0,ᛋᚳᛖᛏᚳᚻᛖᚱ,306
belaboring,102947,0,ᛒᛖᛚᚪᛒᚩᚱᛝ,456
bechuana,102898,0,ᛒᛖᚳᚻᚢᚪᚾᚪ,390
crafters,102890,0,ᚳᚱᚪᚠᛏᛖᚱᛋ,313
grimmest,102871,0,ᚷᚱᛁᛗᛗᛖᛋᛏ,380
disgorging,102792,0,ᛞᛁᛋᚷᚩᚱᚷᛝ,304
pantsuit,102786,0,ᛈᚪᚾᛏᛋᚢᛁᛏ,374
swimmingly,102774,0,ᛋᚹᛁᛗᛗᛝᛚᚣ,500
bloodily,102742,0,ᛒᛚᚩᚩᛞᛁᛚᚣ,444
glistering,102739,0,ᚷᛚᛁᛋᛏᛖᚱᛝ,390
pressingly,102630,0,ᛈᚱᛖᛋᛋᛝᛚᚣ,482
plunders,102605,0,ᛈᛚᚢᚾᛞᛖᚱᛋ,368
bestride,102605,0,ᛒᛖᛋᛏᚱᛁᛞᛖ,438
thomasine,102598,0,ᚦᚩᛗᚪᛋᛁᚾᛖ,360
timeworn,102579,0,ᛏᛁᛗᛖᚹᚩᚱᚾ,294
eriogonum,102542,0,ᛖᚱᛡᚷᚩᚾᚢᛗ,312
portending,102534,0,ᛈᚩᚱᛏᛖᚾᛞᛝ,384
workless,102531,0,ᚹᚩᚱᚳᛚᛖᛋᛋ,296
leviathans,102530,0,ᛚᛖᚢᛡᚦᚪᚾᛋ,434
flatcars,102492,0,ᚠᛚᚪᛏᚳᚪᚱᛋ,405
tartness,102482,0,ᛏᚪᚱᛏᚾᛖᛋᛋ,428
rostrate,102421,0,ᚱᚩᛋᛏᚱᚪᛏᛖ,364
ninefold,102400,0,ᚾᛁᚾᛖᚠᚩᛚᛞ,327
tripolis,102373,0,ᛏᚱᛁᛈᚩᛚᛁᛋ,308
fishable,102372,0,ᚠᛁᛋᚻᚪᛒᛚᛖ,407
bonefish,102367,0,ᛒᚩᚾᛖᚠᛁᛋᚻ,273
chaldron,102292,0,ᚳᚻᚪᛚᛞᚱᚩᚾ,342
immolate,102291,0,ᛁᛗᛗᚩᛚᚪᛏᛖ,476
enfeebling,102256,0,ᛖᚾᚠᛖᛖᛒᛚᛝ,445
strombus,102254,0,ᛋᛏᚱᚩᛗᛒᚢᛋ,318
sardonyx,102214,0,ᛋᚪᚱᛞᚩᚾᚣᛉ,436
remounting,102047,0,ᚱᛖᛗᚩᚢᚾᛏᛝ,326
harpalus,101992,0,ᚻᚪᚱᛈᚪᛚᚢᛋ,400
untagged,101921,0,ᚢᚾᛏᚪᚷᚷᛖᛞ,378
helvetian,101885,0,ᚻᛖᛚᚢᛖᛏᛡᚾ,428
bracteate,101849,0,ᛒᚱᚪᚳᛏᛠᛏᛖ,476
poolroom,101810,0,ᛈᚩᚩᛚᚱᚩᚩᛗ,226
deflates,101801,0,ᛞᛖᚠᛚᚪᛏᛖᛋ,507
filature,101756,0,ᚠᛁᛚᚪᛏᚢᚱᛖ,343
trimeter,101749,0,ᛏᚱᛁᛗᛖᛏᛖᚱ,376
venerating,101625,0,ᚢᛖᚾᛖᚱᚪᛏᛝ,412
maxwells,101591,0,ᛗᚪᛉᚹᛖᛚᛚᛋ,500
obtrudes,101525,0,ᚩᛒᛏᚱᚢᛞᛖᛋ,350
trefoils,101516,0,ᛏᚱᛖᚠᚩᛁᛚᛋ,303
wideness,101489,0,ᚹᛁᛞᛖᚾᛖᛋᛋ,408
scarcest,101463,0,ᛋᚳᚪᚱᚳᛖᛋᛏ,366
misstate,101408,0,ᛗᛁᛋᛋᛏᚪᛏᛖ,490
mythopoeic,101368,0,ᛗᚣᚦᚩᛈᛟᛁᚳ,356
misplace,101327,0,ᛗᛁᛋᛈᛚᚪᚳᛖ,448
recapped,101285,0,ᚱᛖᚳᚪᛈᛈᛖᛞ,430
prowlers,101209,0,ᛈᚱᚩᚹᛚᛖᚱᛋ,284
euphonic,101171,0,ᛖᚢᛈᚻᚩᚾᛁᚳ,216
pyorrhoea,101163,0,ᛈᚣᚩᚱᚱᚻᛟᚪ,378
sculpins,101150,0,ᛋᚳᚢᛚᛈᛁᚾᛋ,298
argentum,101148,0,ᚪᚱᚷᛖᚾᛏᚢᛗ,354
mandatum,101138,0,ᛗᚪᚾᛞᚪᛏᚢᛗ,516
uppercut,101109,0,ᚢᛈᛈᛖᚱᚳᚢᛏ,242
chambray,101101,0,ᚳᚻᚪᛗᛒᚱᚪᚣ,476
arachnid,101088,0,ᚪᚱᚪᚳᚻᚾᛁᛞ,390
plumaged,101032,0,ᛈᛚᚢᛗᚪᚷᛖᛞ,460
spaceman,101026,0,ᛋᛈᚪᚳᛖᛗᚪᚾ,470
cogwheel,101022,0,ᚳᚩᚷᚹᚻᛖᛖᛚ,286
paleface,100976,0,ᛈᚪᛚᛖᚠᚪᚳᛖ,459
parklike,100883,0,ᛈᚪᚱᚳᛚᛁᚳᛖ,348
fossorial,100883,0,ᚠᚩᛋᛋᚩᚱᛡᛚ,313
scandent,100872,0,ᛋᚳᚪᚾᛞᛖᚾᛏ,436
filthiest,100755,0,ᚠᛁᛚᚦᛁᛖᛋᛏ,321
espalier,100693,0,ᛖᛋᛈᚪᛚᛁᛖᚱ,442
convexly,100690,0,ᚳᚩᚾᚢᛖᛉᛚᚣ,342
malaprop,100665,0,ᛗᚪᛚᚪᛈᚱᚩᛈ,442
embarras,100665,0,ᛖᛗᛒᚪᚱᚱᚪᛋ,468
lanyards,100590,0,ᛚᚪᚾᚣᚪᚱᛞᛋ,552
epiphora,100555,0,ᛖᛈᛁᛈᚻᚩᚱᚪ,322
manikins,100519,0,ᛗᚪᚾᛁᚳᛁᚾᛋ,354
chintzes,100513,0,ᚳᚻᛁᚾᛏᛋᛖᛋ,328
speedups,100507,0,ᛋᛈᛖᛖᛞᚢᛈᛋ,418
transfix,100465,0,ᛏᚱᚪᚾᛋᚠᛁᛉ,329
planches,100465,0,ᛈᛚᚪᚾᚳᚻᛖᛋ,398
edgeways,100438,0,ᛖᛞᚷᛖᚹᚪᚣᛋ,512
rwandans,100359,0,ᚱᚹᚪᚾᛞᚪᚾᛋ,424
fanciest,100292,0,ᚠᚪᚾᚳᛁᛖᛋᛏ,351
poltroon,100242,0,ᛈᚩᛚᛏᚱᚩᚩᚾ,236
radicchio,100226,0,ᚱᚪᛞᛁᚳᚳᚻᛡ,384
unvented,100088,0,ᚢᚾᚢᛖᚾᛏᛖᛞ,346
variolous,100054,0,ᚢᚪᚱᛡᛚᚩᚢᛋ,354
entangles,100043,0,ᛖᚾᛏᚪᛝᛚᛖᛋ,524
maguires,100021,0,ᛗᚪᚷᚢᛁᚱᛖᛋ,350
peculium,99989,0,ᛈᛖᚳᚢᛚᛁᚢᛗ,304
backless,99982,0,ᛒᚪᚳᚳᛚᛖᛋᛋ,430
whiggery,99974,0,ᚹᚻᛁᚷᚷᛖᚱᚣ,288
mutineer,99963,0,ᛗᚢᛏᛁᚾᛖᛖᚱ,338
omnivore,99956,0,ᚩᛗᚾᛁᚢᚩᚱᛖ,226
bannocks,99946,0,ᛒᚪᚾᚾᚩᚳᚳᛋ,302
pinochle,99941,0,ᛈᛁᚾᚩᚳᚻᛚᛖ,286
cowherds,99906,0,ᚳᚩᚹᚻᛖᚱᛞᛋ,282
terebinth,99899,0,ᛏᛖᚱᛖᛒᛁᚾᚦ,330
katydids,99891,0,ᚳᚪᛏᚣᛞᛁᛞᛋ,534
endearingly,99821,0,ᛖᚾᛞᛠᚱᛝᛚᚣ,560
libraire,99810,0,ᛚᛁᛒᚱᚪᛁᚱᛖ,382
pelasgian,99789,0,ᛈᛖᛚᚪᛋᚷᛡᚾ,486
pandered,99788,0,ᛈᚪᚾᛞᛖᚱᛖᛞ,492
annamite,99786,0,ᚪᚾᚾᚪᛗᛁᛏᛖ,480
varioloid,99775,0,ᚢᚪᚱᛡᛚᚩᛁᛞ,418
unboiled,99768,0,ᚢᚾᛒᚩᛁᛚᛖᛞ,360
cashless,99768,0,ᚳᚪᛋᚻᛚᛖᛋᛋ,432
elamites,99756,0,ᛖᛚᚪᛗᛁᛏᛖᛋ,518
censorial,99755,0,ᚳᛖᚾᛋᚩᚱᛡᛚ,360
wifehood,99739,0,ᚹᛁᚠᛖᚻᚩᚩᛞ,245
versifying,99697,0,ᚢᛖᚱᛋᛁᚠᚣᛝ,349
ultimacy,99696,0,ᚢᛚᛏᛁᛗᚪᚳᚣ,450
refinish,99528,0,ᚱᛖᚠᛁᚾᛁᛋᚻ,247
teleplay,99484,0,ᛏᛖᛚᛖᛈᛚᚪᚣ,582
scrounged,99423,0,ᛋᚳᚱᚩᚢᛝᛖᛞ,322
vitalist,99408,0,ᚢᛁᛏᚪᛚᛁᛋᛏ,406
uncomely,99373,0,ᚢᚾᚳᚩᛗᛖᛚᚣ,366
eulogist,99307,0,ᛖᚢᛚᚩᚷᛁᛋᛏ,310
frankest,99252,0,ᚠᚱᚪᚾᚳᛖᛋᛏ,331
airiness,99251,0,ᚪᛁᚱᛁᚾᛖᛋᛋ,372
tenpence,99217,0,ᛏᛖᚾᛈᛖᚾᚳᛖ,374
bendable,99217,0,ᛒᛖᚾᛞᚪᛒᛚᛖ,544
manganite,99201,0,ᛗᚪᛝᚪᚾᛁᛏᛖ,530
quantize,99199,0,ᚳᚹᚪᚾᛏᛁᛋᛖ,368
floccose,99123,0,ᚠᛚᚩᚳᚳᚩᛋᛖ,235
armholes,99114,0,ᚪᚱᛗᚻᚩᛚᛖᛋ,402
adenosis,99106,0,ᚪᛞᛖᚾᚩᛋᛁᛋ,426
tusculan,99031,0,ᛏᚢᛋᚳᚢᛚᚪᚾ,330
walkable,99030,0,ᚹᚪᛚᚳᚪᛒᛚᛖ,500
gazpacho,98978,0,ᚷᚪᛋᛈᚪᚳᚻᚩ,350
pergolas,98957,0,ᛈᛖᚱᚷᚩᛚᚪᛋ,368
isolable,98952,0,ᛁᛋᚩᛚᚪᛒᛚᛖ,462
tropisms,98933,0,ᛏᚱᚩᛈᛁᛋᛗᛋ,328
overdraw,98877,0,ᚩᚢᛖᚱᛞᚱᚪᚹ,304
toolmaking,98842,0,ᛏᚩᚩᛚᛗᚪᚳᛝ,406
stubbled,98832,0,ᛋᛏᚢᛒᛒᛚᛖᛞ,466
cuticula,98823,0,ᚳᚢᛏᛁᚳᚢᛚᚪ,292
autarkic,98783,0,ᚪᚢᛏᚪᚱᚳᛁᚳ,324
scalloping,98713,0,ᛋᚳᚪᛚᛚᚩᛈᛝ,438
rowdyism,98707,0,ᚱᚩᚹᛞᚣᛁᛋᛗ,384
clinkering,98640,0,ᚳᛚᛁᚾᚳᛖᚱᛝ,316
bespoken,98593,0,ᛒᛖᛋᛈᚩᚳᛖᚾ,340
empathise,98572,0,ᛖᛗᛈᚪᚦᛁᛋᛖ,434
danseuse,98551,0,ᛞᚪᚾᛋᛖᚢᛋᛖ,458
crinoidea,98512,0,ᚳᚱᛁᚾᚩᛁᛞᛠ,320
manicuring,98440,0,ᛗᚪᚾᛁᚳᚢᚱᛝ,334
classico,98437,0,ᚳᛚᚪᛋᛋᛁᚳᚩ,340
cleanable,98423,0,ᚳᛚᛠᚾᚪᛒᛚᛖ,522
cordovan,98370,0,ᚳᚩᚱᛞᚩᚢᚪᚾ,256
revivify,98305,0,ᚱᛖᚢᛁᚢᛁᚠᚣ,251
tailbone,98278,0,ᛏᚪᛁᛚᛒᚩᚾᛖ,424
epitomes,98205,0,ᛖᛈᛁᛏᚩᛗᛖᛋ,398
estancias,98153,0,ᛖᛋᛏᚪᚾᚳᛡᛋ,478
remoulding,98125,0,ᚱᛖᛗᚩᚢᛚᛞᛝ,400
foreknew,98108,0,ᚠᚩᚱᛖᚳᚾᛖᚹ,215
crustose,98095,0,ᚳᚱᚢᛋᛏᚩᛋᛖ,266
icebound,98087,0,ᛁᚳᛖᛒᚩᚢᚾᛞ,300
unpitied,98082,0,ᚢᚾᛈᛁᛏᛁᛖᛞ,352
angelfish,98061,0,ᚪᛝᛖᛚᚠᛁᛋᚻ,425
alamanni,98060,0,ᚪᛚᚪᛗᚪᚾᚾᛁ,524
raptorial,98023,0,ᚱᚪᛈᛏᚩᚱᛡᛚ,408
monarque,97892,0,ᛗᚩᚾᚪᚱᚳᚹᛖ,314
untwisting,97801,0,ᚢᚾᛏᚹᛁᛋᛏᛝ,332
shoalest,97711,0,ᛋᚻᚩᚪᛚᛖᛋᛏ,432
malingerer,97711,0,ᛗᚪᛚᛝᛖᚱᛖᚱ,476
corsages,97711,0,ᚳᚩᚱᛋᚪᚷᛖᛋ,318
rareness,97684,0,ᚱᚪᚱᛖᚾᛖᛋᛋ,388
unfreezing,97642,0,ᚢᚾᚠᚱᛖᛖᛋᛝ,311
harebell,97597,0,ᚻᚪᚱᛖᛒᛖᛚᛚ,472
dejeuner,97553,0,ᛞᛖᛂᛖᚢᚾᛖᚱ,370
unversed,97542,0,ᚢᚾᚢᛖᚱᛋᛖᛞ,322
ballista,97523,0,ᛒᚪᛚᛚᛁᛋᛏᚪ,544
showgirl,97479,0,ᛋᚻᚩᚹᚷᛁᚱᛚ,234
commodes,97476,0,ᚳᚩᛗᛗᚩᛞᛖᛋ,378
sigillum,97426,0,ᛋᛁᚷᛁᛚᛚᚢᛗ,352
firstlings,97412,0,ᚠᛁᚱᛋᛏᛚᛝᛋ,361
misquote,97322,0,ᛗᛁᛋᚳᚹᚩᛏᛖ,320
buggered,97241,0,ᛒᚢᚷᚷᛖᚱᛖᛞ,332
cactuses,97215,0,ᚳᚪᚳᛏᚢᛋᛖᛋ,358
snuffled,97196,0,ᛋᚾᚢᚠᚠᛚᛖᛞ,318
plumbism,97021,0,ᛈᛚᚢᛗᛒᛁᛋᛗ,406
pyknotic,97012,0,ᛈᚣᚳᚾᚩᛏᛁᚳ,298
scuffles,96999,0,ᛋᚳᚢᚠᚠᛚᛖᛋ,266
footless,96977,0,ᚠᚩᚩᛏᛚᛖᛋᛋ,321
quaestors,96846,0,ᚳᚹᚫᛋᛏᚩᚱᛋ,316
faddists,96823,0,ᚠᚪᛞᛞᛁᛋᛏᛋ,473
untanned,96709,0,ᚢᚾᛏᚪᚾᚾᛖᛞ,402
decrypts,96680,1,ᛞᛖᚳᚱᚣᛈᛏᛋ,438
defoliant,96625,0,ᛞᛖᚠᚩᛚᛡᚾᛏ,433
kuznetsk,96591,0,ᚳᚢᛋᚾᛖᛏᛋᚳ,290
sociopaths,96570,0,ᛋᚩᚳᛡᛈᚪᚦᛋ,378
pronated,96548,0,ᛈᚱᚩᚾᚪᛏᛖᛞ,402
twinkles,96519,0,ᛏᚹᛁᚾᚳᛚᛖᛋ,344
ageratum,96442,0,ᚪᚷᛖᚱᚪᛏᚢᛗ,422
closeups,96401,0,ᚳᛚᚩᛋᛖᚢᛈᛋ,312
extraits,96387,0,ᛖᛉᛏᚱᚪᛁᛏᛋ,424
rucellai,96324,0,ᚱᚢᚳᛖᛚᛚᚪᛁ,368
conjoins,96299,0,ᚳᚩᚾᛂᚩᛁᚾᛋ,206
wannabes,96283,0,ᚹᚪᚾᚾᚪᛒᛖᛋ,452
idolised,96271,0,ᛁᛞᚩᛚᛁᛋᛖᛞ,440
memsahib,96268,0,ᛗᛖᛗᛋᚪᚻᛁᛒ,474
lambskin,96255,0,ᛚᚪᛗᛒᛋᚳᛁᚾ,428
manganate,96251,0,ᛗᚪᛝᚪᚾᚪᛏᛖ,596
drugless,96244,0,ᛞᚱᚢᚷᛚᛖᛋᛋ,366
megarians,96149,0,ᛗᛖᚷᚪᚱᛡᚾᛋ,452
tartarin,96121,0,ᛏᚪᚱᛏᚪᚱᛁᚾ,394
jonquils,96115,0,ᛂᚩᚾᚳᚹᛁᛚᛋ,262
melanism,96098,0,ᛗᛖᛚᚪᚾᛁᛋᛗ,492
prothesis,96037,0,ᛈᚱᚩᚦᛖᛋᛁᛋ,270
inerrant,96035,0,ᛁᚾᛖᚱᚱᚪᚾᛏ,334
fabulist,96009,0,ᚠᚪᛒᚢᛚᛁᛋᛏ,379
loanword,95852,0,ᛚᚩᚪᚾᚹᚩᚱᛞ,332
execrate,95851,0,ᛖᛉᛖᚳᚱᚪᛏᛖ,428
asterism,95838,0,ᚪᛋᛏᛖᚱᛁᛋᛗ,442
tollgate,95808,0,ᛏᚩᛚᛚᚷᚪᛏᛖ,452
flambeaux,95804,0,ᚠᛚᚪᛗᛒᛠᚢᛉ,463
colognes,95789,0,ᚳᚩᛚᚩᚷᚾᛖᛋ,266
mollifying,95748,0,ᛗᚩᛚᛚᛁᚠᚣᛝ,439
furuncle,95732,0,ᚠᚢᚱᚢᚾᚳᛚᛖ,201
hobnobbing,95648,0,ᚻᚩᛒᚾᚩᛒᛒᛝ,328
outgrows,95589,0,ᚩᚢᛏᚷᚱᚩᚹᛋ,176
mellower,95584,0,ᛗᛖᛚᛚᚩᚹᛖᚱ,388
sterculia,95571,0,ᛋᛏᛖᚱᚳᚢᛚᛡ,386
refracts,95542,0,ᚱᛖᚠᚱᚪᚳᛏᛋ,313
intubate,95533,0,ᛁᚾᛏᚢᛒᚪᛏᛖ,406
caulkers,95482,0,ᚳᚪᚢᛚᚳᛖᚱᛋ,330
tideland,95419,0,ᛏᛁᛞᛖᛚᚪᚾᛞ,534
unplaced,95404,0,ᚢᚾᛈᛚᚪᚳᛖᛞ,414
reflation,95392,0,ᚱᛖᚠᛚᚪᛏᛡᚾ,445
baptizes,95369,0,ᛒᚪᛈᛏᛁᛋᛖᛋ,464
lacework,95367,0,ᛚᚪᚳᛖᚹᚩᚱᚳ,300
fenestrae,95336,0,ᚠᛖᚾᛖᛋᛏᚱᚫ,389
sceptred,95334,0,ᛋᚳᛖᛈᛏᚱᛖᛞ,402
befogged,95236,0,ᛒᛖᚠᚩᚷᚷᛖᛞ,327
strangury,95218,0,ᛋᛏᚱᚪᛝᚢᚱᚣ,416
vesicant,95216,0,ᚢᛖᛋᛁᚳᚪᚾᛏ,352
dignifying,95212,0,ᛞᛁᚷᚾᛁᚠᚣᛝ,381
whimsies,95190,0,ᚹᚻᛁᛗᛋᛁᛖᛋ,348
columbiad,95190,0,ᚳᚩᛚᚢᛗᛒᛡᛞ,424
burettes,95169,0,ᛒᚢᚱᛖᛏᛏᛖᛋ,380
epilation,95164,0,ᛖᛈᛁᛚᚪᛏᛡᚾ,506
mapmaker,95102,0,ᛗᚪᛈᛗᚪᚳᛖᚱ,470
fluttery,95082,0,ᚠᛚᚢᛏᛏᛖᚱᚣ,377
honeypot,95067,0,ᚻᚩᚾᛖᚣᛈᚩᛏ,338
herefrom,95063,0,ᚻᛖᚱᛖᚠᚱᚩᛗ,259
carjacking,95056,0,ᚳᚪᚱᛂᚪᚳᚳᛝ,360
goitrous,95049,0,ᚷᚩᛁᛏᚱᚩᚢᛋ,188
flautist,95033,0,ᚠᛚᚪᚢᛏᛁᛋᛏ,377
diacritic,95015,0,ᛞᛡᚳᚱᛁᛏᛁᚳ,354
scalpers,95012,0,ᛋᚳᚪᛚᛈᛖᚱᛋ,410
shopworn,94978,0,ᛋᚻᚩᛈᚹᚩᚱᚾ,192
fanlight,94935,0,ᚠᚪᚾᛚᛁᚷᚻᛏ,331
circlets,94910,0,ᚳᛁᚱᚳᛚᛖᛏᛋ,320
elenchus,94893,0,ᛖᛚᛖᚾᚳᚻᚢᛋ,328
diastasis,94788,0,ᛞᛡᛋᛏᚪᛋᛁᛋ,542
bigamist,94785,0,ᛒᛁᚷᚪᛗᛁᛋᛏ,420
drivelling,94765,0,ᛞᚱᛁᚢᛖᛚᛚᛝ,426
quietist,94756,0,ᚳᚹᛁᛖᛏᛁᛋᛏ,332
declaims,94634,0,ᛞᛖᚳᛚᚪᛁᛗᛋ,494
televise,94610,0,ᛏᛖᛚᛖᚢᛁᛋᛖ,420
helvetii,94608,0,ᚻᛖᛚᚢᛖᛏᛁᛁ,354
bentwood,94586,0,ᛒᛖᚾᛏᚹᚩᚩᛞ,338
thunderings,94580,0,ᚦᚢᚾᛞᛖᚱᛝᛋ,336
rudbeckia,94547,0,ᚱᚢᛞᛒᛖᚳᚳᛡ,364
verboten,94507,0,ᚢᛖᚱᛒᚩᛏᛖᚾ,304
tamarins,94486,0,ᛏᚪᛗᚪᚱᛁᚾᛋ,448
docilely,94481,0,ᛞᚩᚳᛁᛚᛖᛚᚣ,456
starlets,94416,0,ᛋᛏᚪᚱᛚᛖᛏᛋ,472
playacting,94413,0,ᛈᛚᚪᚣᚪᚳᛏᛝ,564
reunites,94395,0,ᚱᛖᚢᚾᛁᛏᛖᛋ,320
chisinau,94295,0,ᚳᚻᛁᛋᛁᚾᚪᚢ,280
grenadian,94290,0,ᚷᚱᛖᚾᚪᛞᛡᚾ,446
briarwood,94250,0,ᛒᚱᛡᚱᚹᚩᚩᛞ,312
mudslide,94220,0,ᛗᚢᛞᛋᛚᛁᛞᛖ,476
topmasts,94185,0,ᛏᚩᛈᛗᚪᛋᛏᛋ,442
occulted,94159,0,ᚩᚳᚳᚢᛚᛏᛖᛞ,324
vocalism,94144,0,ᚢᚩᚳᚪᛚᛁᛋᛗ,348
triumvir,94058,0,ᛏᚱᛁᚢᛗᚢᛁᚱ,220
inedited,94058,0,ᛁᚾᛖᛞᛁᛏᛖᛞ,462
slipcase,94056,0,ᛋᛚᛁᛈᚳᚪᛋᛖ,430
octagons,94055,0,ᚩᚳᛏᚪᚷᚩᚾᛋ,282
libeller,93897,0,ᛚᛁᛒᛖᛚᛚᛖᚱ,456
lodowick,93851,0,ᛚᚩᛞᚩᚹᛁᚳᚳ,252
pinnated,93790,0,ᛈᛁᚾᚾᚪᛏᛖᛞ,444
topsides,93774,0,ᛏᚩᛈᛋᛁᛞᛖᛋ,402
biramous,93767,0,ᛒᛁᚱᚪᛗᚩᚢᛋ,334
sombrely,93760,0,ᛋᚩᛗᛒᚱᛖᛚᚣ,446
pullmans,93753,0,ᛈᚢᛚᛚᛗᚪᚾᛋ,442
harasses,93651,0,ᚻᚪᚱᚪᛋᛋᛖᛋ,454
amphoras,93646,0,ᚪᛗᛈᚻᚩᚱᚪᛋ,402
doubloon,93619,0,ᛞᚩᚢᛒᛚᚩᚩᚾ,276
engrosses,93616,0,ᛖᛝᚱᚩᛋᛋᛖᛋ,390
flatbread,93615,0,ᚠᛚᚪᛏᛒᚱᛠᛞ,501
buffalos,93607,0,ᛒᚢᚠᚠᚪᛚᚩᛋ,298
zarzuela,93573,0,ᛋᚪᚱᛋᚢᛖᛚᚪ,454
cairngorm,93496,0,ᚳᚪᛁᚱᛝᚩᚱᛗ,320
dentally,93440,0,ᛞᛖᚾᛏᚪᛚᛚᚣ,590
masquers,93410,0,ᛗᚪᛋᚳᚹᛖᚱᛋ,384
crenated,93405,0,ᚳᚱᛖᚾᚪᛏᛖᛞ,432
euphuism,93371,0,ᛖᚢᛈᚻᚢᛁᛋᛗ,294
subtitling,93362,0,ᛋᚢᛒᛏᛁᛏᛚᛝ,418
sweepingly,93291,0,ᛋᚹᛖᛖᛈᛝᛚᚣ,504
intrados,93238,0,ᛁᚾᛏᚱᚪᛞᚩᛋ,376
hindlegs,93110,0,ᚻᛁᚾᛞᛚᛖᚷᛋ,382
woodenly,93105,0,ᚹᚩᚩᛞᛖᚾᛚᚣ,394
fetlocks,93104,0,ᚠᛖᛏᛚᚩᚳᚳᛋ,287
inserter,93034,0,ᛁᚾᛋᛖᚱᛏᛖᚱ,328
maisters,93021,0,ᛗᚪᛁᛋᛏᛖᚱᛋ,442
sherries,93015,0,ᛋᚻᛖᚱᚱᛁᛖᛋ,316
hymnbook,92966,0,ᚻᚣᛗᚾᛒᚩᚩᚳ,314
defoliating,92936,0,ᛞᛖᚠᚩᛚᛡᛏᛝ,483
setscrew,92926,0,ᛋᛖᛏᛋᚳᚱᛖᚹ,342
unrooted,92907,0,ᚢᚾᚱᚩᚩᛏᛖᛞ,272
stylites,92877,0,ᛋᛏᚣᛚᛁᛏᛖᛋ,498
reveller,92802,0,ᚱᛖᚢᛖᛚᛚᛖᚱ,372
levelers,92768,0,ᛚᛖᚢᛖᛚᛖᚱᛋ,414
crumples,92716,0,ᚳᚱᚢᛗᛈᛚᛖᛋ,334
johnnies,92675,0,ᛂᚩᚻᚾᚾᛁᛖᛋ,276
spatters,92674,0,ᛋᛈᚪᛏᛏᛖᚱᛋ,442
protegee,92642,0,ᛈᚱᚩᛏᛖᚷᛖᛖ,338
deputize,92574,0,ᛞᛖᛈᚢᛏᛁᛋᛖ,412
airworthy,92453,0,ᚪᛁᚱᚹᚩᚱᚦᚣ,284
lewellyn,92429,0,ᛚᛖᚹᛖᛚᛚᚣᚾ,504
sybarite,92423,0,ᛋᚣᛒᚪᚱᛁᛏᛖ,482
omnirange,92411,0,ᚩᛗᚾᛁᚱᚪᛝᛖ,392
nosedive,92389,0,ᚾᚩᛋᛖᛞᛁᚢᛖ,346
pelasgic,92383,0,ᛈᛖᛚᚪᛋᚷᛁᚳ,394
flatfoot,92351,0,ᚠᛚᚪᛏᚠᚩᚩᛏ,306
chemises,92302,0,ᚳᚻᛖᛗᛁᛋᛖᛋ,378
roquette,92208,0,ᚱᚩᚳᚹᛖᛏᛏᛖ,302
glowworm,91966,0,ᚷᛚᚩᚹᚹᚩᚱᛗ,224
holidaying,91954,0,ᚻᚩᛚᛁᛞᚪᚣᛝ,502
ladybugs,91929,0,ᛚᚪᛞᚣᛒᚢᚷᛋ,496
begrudging,91921,0,ᛒᛖᚷᚱᚢᛞᚷᛝ,344
teacupful,91915,0,ᛏᛠᚳᚢᛈᚠᚢᛚ,305
logotype,91909,0,ᛚᚩᚷᚩᛏᚣᛈᛖ,376
infantes,91894,0,ᛁᚾᚠᚪᚾᛏᛖᛋ,367
brouhaha,91826,0,ᛒᚱᚩᚢᚻᚪᚻᚪ,322
amaretto,91813,0,ᚪᛗᚪᚱᛖᛏᛏᚩ,468
criminis,91809,0,ᚳᚱᛁᛗᛁᚾᛁᛋ,270
disinter,91800,0,ᛞᛁᛋᛁᚾᛏᛖᚱ,370
strongbox,91799,0,ᛋᛏᚱᚩᛝᛒᚩᛉ,324
serialize,91760,0,ᛋᛖᚱᛡᛚᛁᛋᛖ,462
seacoasts,91757,0,ᛋᛠᚳᚩᚪᛋᛏᛋ,444
guttered,91757,0,ᚷᚢᛏᛏᛖᚱᛖᛞ,372
knotweed,91749,0,ᚳᚾᚩᛏᚹᛖᛖᛞ,350
relighting,91742,0,ᚱᛖᛚᛁᚷᚻᛏᛝ,360
sashayed,91700,0,ᛋᚪᛋᚻᚪᚣᛖᛞ,582
fastback,91681,0,ᚠᚪᛋᛏᛒᚪᚳᚳ,395
cointreau,91626,0,ᚳᚩᛁᚾᛏᚱᛠᚢ,262
deepness,91583,0,ᛞᛖᛖᛈᚾᛖᛋᛋ,468
bargemen,91558,0,ᛒᚪᚱᚷᛖᛗᛖᚾ,420
panoptic,91545,0,ᛈᚪᚾᚩᛈᛏᛁᚳ,322
coureurs,91535,0,ᚳᚩᚢᚱᛖᚢᚱᛋ,168
mephitic,91484,0,ᛗᛖᛈᚻᛁᛏᛁᚳ,338
fitments,91451,0,ᚠᛁᛏᛗᛖᚾᛏᛋ,371
pantaleon,91402,0,ᛈᚪᚾᛏᚪᛚᛇᚾ,468
funiculi,91372,0,ᚠᚢᚾᛁᚳᚢᛚᛁ,185
seedtime,91329,0,ᛋᛖᛖᛞᛏᛁᛗᛖ,504
besmirch,91313,0,ᛒᛖᛋᛗᛁᚱᚳᚻ,330
getaways,91291,0,ᚷᛖᛏᚪᚹᚪᚣᛋ,512
trembler,91218,0,ᛏᚱᛖᛗᛒᛚᛖᚱ,420
simpered,91067,0,ᛋᛁᛗᛈᛖᚱᛖᛞ,432
crossbeam,91054,0,ᚳᚱᚩᛋᛋᛒᛠᛗ,378
roadwork,91036,0,ᚱᚩᚪᛞᚹᚩᚱᚳ,254
omphalos,91015,0,ᚩᛗᛈᚻᚪᛚᚩᛋ,374
cocculus,90991,0,ᚳᚩᚳᚳᚢᛚᚢᛋ,178
ironware,90986,0,ᛁᚱᚩᚾᚹᚪᚱᛖ,272
rainmaking,90966,0,ᚱᚪᛁᚾᛗᚪᚳᛝ,428
siberians,90930,0,ᛋᛁᛒᛖᚱᛡᚾᛋ,412
quitters,90917,0,ᚳᚹᛁᛏᛏᛖᚱᛋ,312
brooklet,90859,0,ᛒᚱᚩᚩᚳᛚᛖᛏ,298
careered,90798,0,ᚳᚪᚱᛖᛖᚱᛖᛞ,422
tremblings,90738,0,ᛏᚱᛖᛗᛒᛚᛝᛋ,474
coquetting,90703,0,ᚳᚩᚳᚹᛖᛏᛏᛝ,316
insection,90615,0,ᛁᚾᛋᛖᚳᛏᛡᚾ,388
stuffers,90416,0,ᛋᛏᚢᚠᚠᛖᚱᛋ,250
honorees,90397,0,ᚻᚩᚾᚩᚱᛖᛖᛋ,264
lakeward,90368,0,ᛚᚪᚳᛖᚹᚪᚱᛞ,466
padishah,90337,0,ᛈᚪᛞᛁᛋᚻᚪᚻ,456
overside,90337,0,ᚩᚢᛖᚱᛋᛁᛞᛖ,328
crumpets,90320,0,ᚳᚱᚢᛗᛈᛖᛏᛋ,320
orangeman,90209,0,ᚩᚱᚪᛝᛖᛗᚪᚾ,458
nickeled,90182,0,ᚾᛁᚳᚳᛖᛚᛖᛞ,382
sheerest,90158,0,ᛋᚻᛖᛖᚱᛖᛋᛏ,400
buybacks,90094,0,ᛒᚢᚣᛒᚪᚳᚳᛋ,404
delegacy,90075,0,ᛞᛖᛚᛖᚷᚪᚳᚣ,526
acclaiming,90028,0,ᚪᚳᚳᛚᚪᛁᛗᛝ,474
featherbed,90021,0,ᚠᛠᚦᛖᚱᛒᛖᛞ,411
grumbler,89963,0,ᚷᚱᚢᛗᛒᛚᛖᚱ,314
legalising,89914,0,ᛚᛖᚷᚪᛚᛁᛋᛝ,490
bullwhip,89904,0,ᛒᚢᛚᛚᚹᚻᛁᛈ,326
parvenus,89902,0,ᛈᚪᚱᚢᛖᚾᚢᛋ,306
whiskeys,89757,0,ᚹᚻᛁᛋᚳᛖᚣᛋ,362
intaglios,89750,0,ᛁᚾᛏᚪᚷᛚᛡᛋ,466
monetize,89723,0,ᛗᚩᚾᛖᛏᛁᛋᛖ,384
scrapper,89700,0,ᛋᚳᚱᚪᛈᛈᛖᚱ,338
castrato,89700,0,ᚳᚪᛋᛏᚱᚪᛏᚩ,396
campaspe,89673,0,ᚳᚪᛗᛈᚪᛋᛈᛖ,484
scorches,89663,0,ᛋᚳᚩᚱᚳᚻᛖᛋ,240
portress,89662,0,ᛈᚩᚱᛏᚱᛖᛋᛋ,304
romaines,89623,0,ᚱᚩᛗᚪᛁᚾᛖᛋ,366
bonanzas,89611,0,ᛒᚩᚾᚪᚾᛋᚪᛋ,426
heartsease,89606,0,ᚻᛠᚱᛏᛋᛠᛋᛖ,484
mongooses,89553,0,ᛗᚩᛝᚩᚩᛋᛖᛋ,344
illumining,89430,0,ᛁᛚᛚᚢᛗᛁᚾᛝ,390
sapience,89410,0,ᛋᚪᛈᛁᛖᚾᚳᛖ,400
exhorter,89376,0,ᛖᛉᚻᚩᚱᛏᛖᚱ,292
overfeed,89365,0,ᚩᚢᛖᚱᚠᛖᛖᛞ,313
attender,89360,0,ᚪᛏᛏᛖᚾᛞᛖᚱ,478
cyprinid,89312,0,ᚳᚣᛈᚱᛁᚾᛁᛞ,350
crinkles,89275,0,ᚳᚱᛁᚾᚳᛚᛖᛋ,290
argentic,89257,0,ᚪᚱᚷᛖᚾᛏᛁᚳ,324
arraigning,89204,0,ᚪᚱᚱᚪᛁᚷᚾᛝ,372
schiedam,89195,0,ᛋᚳᚻᛁᛖᛞᚪᛗ,444
tandoori,89115,0,ᛏᚪᚾᛞᚩᚩᚱᛁ,330
carousal,89055,0,ᚳᚪᚱᚩᚢᛋᚪᛚ,354
skylarks,89027,0,ᛋᚳᚣᛚᚪᚱᚳᛋ,416
waxworks,89023,0,ᚹᚪᛉᚹᚩᚱᚳᛋ,266
strobili,89016,0,ᛋᛏᚱᚩᛒᛁᛚᛁ,326
caldrons,89008,0,ᚳᚪᛚᛞᚱᚩᚾᛋ,372
divulges,88943,0,ᛞᛁᚢᚢᛚᚷᛖᛋ,336
cincture,88931,0,ᚳᛁᚾᚳᛏᚢᚱᛖ,226
ketonuria,88884,0,ᚳᛖᛏᚩᚾᚢᚱᛡ,296
salients,88869,0,ᛋᚪᛚᛁᛖᚾᛏᛋ,462
planarian,88858,0,ᛈᛚᚪᚾᚪᚱᛡᚾ,486
momently,88853,0,ᛗᚩᛗᛖᚾᛏᛚᚣ,480
suckered,88850,0,ᛋᚢᚳᚳᛖᚱᛖᛞ,316
baptizer,88839,0,ᛒᚪᛈᛏᛁᛋᛖᚱ,422
kneecaps,88811,0,ᚳᚾᛖᛖᚳᚪᛈᛋ,382
impishly,88811,0,ᛁᛗᛈᛁᛋᚻᛚᚣ,428
jewesses,88803,0,ᛂᛖᚹᛖᛋᛋᛖᛋ,416
unshaped,88798,0,ᚢᚾᛋᚻᚪᛈᛖᛞ,404
bumpkins,88700,0,ᛒᚢᛗᛈᚳᛁᚾᛋ,304
passible,88694,0,ᛈᚪᛋᛋᛁᛒᛚᛖ,478
scriptor,88633,0,ᛋᚳᚱᛁᛈᛏᚩᚱ,228
billabong,88610,0,ᛒᛁᛚᛚᚪᛒᚩᛝ,482
bushfire,88591,0,ᛒᚢᛋᚻᚠᛁᚱᛖ,251
gorboduc,88568,0,ᚷᚩᚱᛒᚩᛞᚢᚳ,208
popinjay,88559,0,ᛈᚩᛈᛁᚾᛂᚪᚣ,390
spherule,88549,0,ᛋᛈᚻᛖᚱᚢᛚᛖ,340
headwinds,88402,0,ᚻᛠᛞᚹᛁᚾᛞᛋ,442
lushness,88304,0,ᛚᚢᛋᚻᚾᛖᛋᛋ,354
mannikin,88274,0,ᛗᚪᚾᚾᛁᚳᛁᚾ,330
shagbark,88215,0,ᛋᚻᚪᚷᛒᚪᚱᚳ,372
revanche,88182,0,ᚱᛖᚢᚪᚾᚳᚻᛖ,310
sputters,88159,0,ᛋᛈᚢᛏᛏᛖᚱᛋ,348
spastics,88142,0,ᛋᛈᚪᛋᛏᛁᚳᛋ,402
cuckolds,88124,0,ᚳᚢᚳᚳᚩᛚᛞᛋ,264
stupider,88117,0,ᛋᛏᚢᛈᛁᛞᛖᚱ,356
birdseed,88094,0,ᛒᛁᚱᛞᛋᛖᛖᛞ,468
invictus,88034,0,ᛁᚾᚢᛁᚳᛏᚢᛋ,222
hardanger,88031,0,ᚻᚪᚱᛞᚪᛝᛖᚱ,474
repealers,88010,0,ᚱᛖᛈᛠᛚᛖᚱᛋ,434
farriery,87987,0,ᚠᚪᚱᚱᛁᛖᚱᚣ,333
enkindle,87984,0,ᛖᚾᚳᛁᚾᛞᛚᛖ,398
cadenced,87976,0,ᚳᚪᛞᛖᚾᚳᛖᛞ,464
noviciate,87975,0,ᚾᚩᚢᛁᚳᛡᛏᛖ,316
cheekily,87938,0,ᚳᚻᛖᛖᚳᛁᛚᚣ,390
animists,87938,0,ᚪᚾᛁᛗᛁᛋᛏᛋ,424
timbrels,87926,0,ᛏᛁᛗᛒᚱᛖᛚᛋ,426
pedalled,87912,0,ᛈᛖᛞᚪᛚᛚᛖᛞ,598
typecast,87823,0,ᛏᚣᛈᛖᚳᚪᛋᛏ,494
affronting,87815,0,ᚪᚠᚠᚱᚩᚾᛏᛝ,286
coulters,87805,0,ᚳᚩᚢᛚᛏᛖᚱᛋ,286
cuspidor,87786,0,ᚳᚢᛋᛈᛁᛞᚩᚱ,250
costumer,87777,0,ᚳᚩᛋᛏᚢᛗᛖᚱ,284
armorers,87752,0,ᚪᚱᛗᚩᚱᛖᚱᛋ,328
browbeating,87716,0,ᛒᚱᚩᚹᛒᛠᛏᛝ,406
piranhas,87712,0,ᛈᛁᚱᚪᚾᚻᚪᛋ,384
proroguing,87693,0,ᛈᚱᚩᚱᚩᚷᚢᛝ,178
civilise,87665,0,ᚳᛁᚢᛁᛚᛁᛋᛖ,302
abreaction,87579,0,ᚪᛒᚱᛠᚳᛏᛡᚾ,486
ergotism,87555,0,ᛖᚱᚷᚩᛏᛁᛋᛗ,316
honester,87551,0,ᚻᚩᚾᛖᛋᛏᛖᚱ,316
chaldaic,87539,0,ᚳᚻᚪᛚᛞᚪᛁᚳ,436
hierarch,87500,0,ᚻᛁᛖᚱᚪᚱᚳᚻ,276
strippings,87439,0,ᛋᛏᚱᛁᛈᛈᛝᛋ,372
eldritch,87372,0,ᛖᛚᛞᚱᛁᛏᚳᚻ,366
harpagon,87356,0,ᚻᚪᚱᛈᚪᚷᚩᚾ,324
waverers,87300,0,ᚹᚪᚢᛖᚱᛖᚱᛋ,328
pactolus,87261,0,ᛈᚪᚳᛏᚩᛚᚢᛋ,348
indigene,87228,0,ᛁᚾᛞᛁᚷᛖᚾᛖ,360
fadeless,87199,0,ᚠᚪᛞᛖᛚᛖᛋᛋ,501
placable,87190,0,ᛈᛚᚪᚳᚪᛒᛚᛖ,524
chimaeras,87167,0,ᚳᚻᛁᛗᚫᚱᚪᛋ,400
flummery,87119,0,ᚠᛚᚢᛗᛗᛖᚱᚣ,401
wagoners,87113,0,ᚹᚪᚷᚩᚾᛖᚱᛋ,300
stockist,87066,0,ᛋᛏᚩᚳᚳᛁᛋᛏ,288
myriapods,87025,0,ᛗᚣᚱᛡᛈᚩᛞᛋ,484
driblets,87019,0,ᛞᚱᛁᛒᛚᛖᛏᛋ,444
ramifies,86999,0,ᚱᚪᛗᛁᚠᛁᛖᛋ,363
talesmen,86897,0,ᛏᚪᛚᛖᛋᛗᛖᚾ,516
hominoid,86887,0,ᚻᚩᛗᛁᚾᚩᛁᛞ,288
stripers,86868,0,ᛋᛏᚱᛁᛈᛖᚱᛋ,328
legatine,86859,0,ᛚᛖᚷᚪᛏᛁᚾᛖ,440
abutters,86833,0,ᚪᛒᚢᛏᛏᛖᚱᛋ,410
befouled,86824,0,ᛒᛖᚠᚩᚢᛚᛖᛞ,369
pigheaded,86796,0,ᛈᛁᚷᚻᛠᛞᛖᛞ,468
clambake,86779,0,ᚳᛚᚪᛗᛒᚪᚳᛖ,492
stemware,86765,0,ᛋᛏᛖᛗᚹᚪᚱᛖ,444
notepads,86712,0,ᚾᚩᛏᛖᛈᚪᛞᛋ,444
steppers,86671,0,ᛋᛏᛖᛈᛈᛖᚱᛋ,396
firebreak,86669,0,ᚠᛁᚱᛖᛒᚱᛠᚳ,305
stenosed,86639,0,ᛋᛏᛖᚾᚩᛋᛖᛞ,424
trepanning,86632,0,ᛏᚱᛖᛈᚪᚾᚾᛝ,414
gunflint,86615,0,ᚷᚢᚾᚠᛚᛁᚾᛏ,243
dishcloth,86553,0,ᛞᛁᛋᚻᚳᛚᚩᚦ,294
redshank,86526,0,ᚱᛖᛞᛋᚻᚪᚾᚳ,382
chamfers,86466,0,ᚳᚻᚪᛗᚠᛖᚱᛋ,337
funhouse,86425,0,ᚠᚢᚾᚻᚩᚢᛋᛖ,187
steradian,86408,0,ᛋᛏᛖᚱᚪᛞᛡᚾ,512
adaptions,86381,0,ᚪᛞᚪᛈᛏᛡᚾᛋ,574
taxations,86367,0,ᛏᚪᛉᚪᛏᛡᚾᛋ,548
crochets,86347,0,ᚳᚱᚩᚳᚻᛖᛏᛋ,246
changelings,86328,0,ᚳᚻᚪᛝᛖᛚᛝᛋ,484
pollards,86295,0,ᛈᚩᛚᛚᚪᚱᛞᛋ,446
causalgia,86278,0,ᚳᚪᚢᛋᚪᛚᚷᛡ,460
bludgeoning,86246,0,ᛒᛚᚢᛞᚷᛇᚾᛝ,392
unvalued,86205,0,ᚢᚾᚢᚪᛚᚢᛖᛞ,364
banneret,86163,0,ᛒᚪᚾᚾᛖᚱᛖᛏ,420
solesmes,86140,0,ᛋᚩᛚᛖᛋᛗᛖᛋ,444
sniffers,86103,0,ᛋᚾᛁᚠᚠᛖᚱᛋ,248
horsefly,86095,0,ᚻᚩᚱᛋᛖᚠᛚᚣ,339
crucifer,85994,0,ᚳᚱᚢᚳᛁᚠᛖᚱ,151
modernly,85956,0,ᛗᚩᛞᛖᚱᚾᛚᚣ,450
apocynum,85951,0,ᚪᛈᚩᚳᚣᚾᚢᛗ,366
unbought,85946,0,ᚢᚾᛒᚩᚢᚷᚻᛏ,202
lampooning,85923,0,ᛚᚪᛗᛈᚩᚩᚾᛝ,406
pilosity,85910,0,ᛈᛁᛚᚩᛋᛁᛏᚣ,400
cerithium,85903,0,ᚳᛖᚱᛁᚦᛁᚢᛗ,232
whoreson,85880,0,ᚹᚻᚩᚱᛖᛋᚩᚾ,216
pugilism,85858,0,ᛈᚢᚷᛁᛚᛁᛋᛗ,322
shaddock,85844,0,ᛋᚻᚪᛞᛞᚩᚳᚳ,384
ablations,85799,0,ᚪᛒᛚᚪᛏᛡᚾᛋ,576
curtsies,85732,0,ᚳᚢᚱᛏᛋᛁᛖᛋ,290
pencilling,85711,0,ᛈᛖᚾᚳᛁᛚᛚᛝ,408
klansman,85709,0,ᚳᛚᚪᚾᛋᛗᚪᚾ,462
overstay,85680,0,ᚩᚢᛖᚱᛋᛏᚪᚣ,400
concealer,85666,0,ᚳᚩᚾᚳᛠᛚᛖᚱ,322
camerata,85666,0,ᚳᚪᛗᛖᚱᚪᛏᚪ,512
levitating,85661,0,ᛚᛖᚢᛁᛏᚪᛏᛝ,468
partible,85647,0,ᛈᚪᚱᛏᛁᛒᛚᛖ,442
impended,85620,0,ᛁᛗᛈᛖᚾᛞᛖᛞ,486
sunblock,85577,0,ᛋᚢᚾᛒᛚᚩᚳᚳ,252
zephyrus,85512,0,ᛋᛖᛈᚻᚣᚱᚢᛋ,356
coelacanth,85495,0,ᚳᛟᛚᚪᚳᚪᚾᚦ,410
lifebuoy,85447,0,ᛚᛁᚠᛖᛒᚢᚩᚣ,347
tourneys,85370,0,ᛏᚩᚢᚱᚾᛖᚣᛋ,332
scurries,85343,0,ᛋᚳᚢᚱᚱᛁᛖᛋ,242
pungently,85315,0,ᛈᚢᛝᛖᚾᛏᛚᚣ,456
poxvirus,85299,0,ᛈᚩᛉᚢᛁᚱᚢᛋ,198
treelike,85285,0,ᛏᚱᛖᛖᛚᛁᚳᛖ,388
sodomite,85283,0,ᛋᚩᛞᚩᛗᛁᛏᛖ,384
starkest,85282,0,ᛋᛏᚪᚱᚳᛖᛋᛏ,412
turbinal,85248,0,ᛏᚢᚱᛒᛁᚾᚪᛚ,364
hempseed,85197,0,ᚻᛖᛗᛈᛋᛖᛖᛞ,480
coziness,85178,0,ᚳᚩᛋᛁᚾᛖᛋᛋ,306
railheads,85127,0,ᚱᚪᛁᛚᚻᛠᛞᛋ,486
enflamed,85114,0,ᛖᚾᚠᛚᚪᛗᛖᛞ,495
disunite,85114,0,ᛞᛁᛋᚢᚾᛁᛏᛖ,362
energise,85043,0,ᛖᚾᛖᚱᚷᛁᛋᛖ,342
riskiest,85008,0,ᚱᛁᛋᚳᛁᛖᛋᛏ,318
berceuse,84994,0,ᛒᛖᚱᚳᛖᚢᛋᛖ,342
acentric,84992,0,ᚪᚳᛖᚾᛏᚱᛁᚳ,320
caloocan,84973,0,ᚳᚪᛚᚩᚩᚳᚪᚾ,336
exotropia,84806,0,ᛖᛉᚩᛏᚱᚩᛈᛡ,348
reclusion,84794,0,ᚱᛖᚳᛚᚢᛋᛡᚾ,356
voidness,84788,0,ᚢᚩᛁᛞᚾᛖᛋᛋ,332
caesarism,84742,0,ᚳᚫᛋᚪᚱᛁᛋᛗ,430
derivate,84736,0,ᛞᛖᚱᛁᚢᚪᛏᛖ,424
strongmen,84723,0,ᛋᛏᚱᚩᛝᛗᛖᚾ,376
lionesses,84708,0,ᛚᛡᚾᛖᛋᛋᛖᛋ,502
bilabiate,84676,0,ᛒᛁᛚᚪᛒᛡᛏᛖ,556
ptyalism,84657,0,ᛈᛏᚣᚪᛚᛁᛋᛗ,530
barbecuing,84600,0,ᛒᚪᚱᛒᛖᚳᚢᛝ,392
moldable,84551,0,ᛗᚩᛚᛞᚪᛒᛚᛖ,538
phantasia,84472,0,ᛈᚻᚪᚾᛏᚪᛋᛡ,508
gametangia,84455,0,ᚷᚪᛗᛖᛏᚪᛝᛡ,594
harridan,84427,0,ᚻᚪᚱᚱᛁᛞᚪᚾ,388
servanda,84407,0,ᛋᛖᚱᚢᚪᚾᛞᚪ,446
ocotillo,84375,0,ᚩᚳᚩᛏᛁᛚᛚᚩ,270
gobblers,84364,0,ᚷᚩᛒᛒᛚᛖᚱᛋ,350
auxilium,84311,0,ᚪᚢᛉᛁᛚᛁᚢᛗ,356
bickered,84205,0,ᛒᛁᚳᚳᛖᚱᛖᛞ,352
keyholes,84182,0,ᚳᛖᚣᚻᚩᛚᛖᛋ,406
poinciana,84169,0,ᛈᚩᛁᚾᚳᛡᚾᚪ,356
sidenote,84162,0,ᛋᛁᛞᛖᚾᚩᛏᛖ,402
theosophic,84144,0,ᚦᛇᛋᚩᛈᚻᛁᚳ,216
fascisti,84139,0,ᚠᚪᛋᚳᛁᛋᛏᛁ,339
guileful,84098,0,ᚷᚢᛁᛚᛖᚠᚢᛚ,269
puddlers,84046,0,ᛈᚢᛞᛞᛚᛖᚱᛋ,428
scrunching,84012,0,ᛋᚳᚱᚢᚾᚳᚻᛝ,224
soothsaying,83964,0,ᛋᚩᚩᚦᛋᚪᚣᛝ,404
linesmen,83951,0,ᛚᛁᚾᛖᛋᛗᛖᚾ,420
ruffianly,83938,0,ᚱᚢᚠᚠᛡᚾᛚᚣ,330
premixes,83934,0,ᛈᚱᛖᛗᛁᛉᛖᛋ,390
glibness,83916,0,ᚷᛚᛁᛒᚾᛖᛋᛋ,384
tunicate,83915,0,ᛏᚢᚾᛁᚳᚪᛏᛖ,358
traumata,83900,0,ᛏᚱᚪᚢᛗᚪᛏᚪ,494
blighter,83900,0,ᛒᛚᛁᚷᚻᛏᛖᚱ,342
katakana,83757,0,ᚳᚪᛏᚪᚳᚪᚾᚪ,502
valances,83645,0,ᚢᚪᛚᚪᚾᚳᛖᛋ,432
ragnarok,83585,0,ᚱᚪᚷᚾᚪᚱᚩᚳ,282
malthouse,83468,0,ᛗᚪᛚᚦᚩᚢᛋᛖ,376
obscurer,83410,0,ᚩᛒᛋᚳᚢᚱᛖᚱ,226
freshens,83371,0,ᚠᚱᛖᛋᚻᛖᚾᛋ,305
ductules,83355,0,ᛞᚢᚳᛏᚢᛚᛖᛋ,360
minsters,83353,0,ᛗᛁᚾᛋᛏᛖᚱᛋ,374
skylines,83320,0,ᛋᚳᚣᛚᛁᚾᛖᛋ,422
unequals,83297,0,ᚢᚾᛖᚳᚹᚪᛚᛋ,354
eyedrops,83193,0,ᛖᚣᛖᛞᚱᚩᛈᛋ,440
mazurkas,83135,0,ᛗᚪᛋᚢᚱᚳᚪᛋ,398
elitists,83091,0,ᛖᛚᛁᛏᛁᛋᛏᛋ,426
diptychs,83078,0,ᛞᛁᛈᛏᚣᚳᚻᛋ,414
contemning,83057,0,ᚳᚩᚾᛏᛖᛗᚾᛝ,354
insignias,83032,0,ᛁᚾᛋᛁᚷᚾᛡᛋ,350
saponaria,83022,0,ᛋᚪᛈᚩᚾᚪᚱᛡ,444
canonize,83022,0,ᚳᚪᚾᚩᚾᛁᛋᛖ,326
cavatina,83018,0,ᚳᚪᚢᚪᛏᛁᚾᚪ,426
pontianak,82994,0,ᛈᚩᚾᛏᛡᚾᚪᚳ,384
dateless,82956,0,ᛞᚪᛏᛖᛚᛖᛋᛋ,558
muscatel,82940,0,ᛗᚢᛋᚳᚪᛏᛖᛚ,436
urodeles,82937,0,ᚢᚱᚩᛞᛖᛚᛖᛋ,370
tripwire,82918,0,ᛏᚱᛁᛈᚹᛁᚱᛖ,272
scribers,82855,0,ᛋᚳᚱᛁᛒᛖᚱᛋ,300
wordsmith,82849,0,ᚹᚩᚱᛞᛋᛗᛁᚦ,286
bedstraw,82819,0,ᛒᛖᛞᛋᛏᚱᚪᚹ,456
gummosis,82810,0,ᚷᚢᛗᛗᚩᛋᛁᛋ,306
distichs,82808,0,ᛞᛁᛋᛏᛁᚳᚻᛋ,352
laciniate,82791,0,ᛚᚪᚳᛁᚾᛡᛏᛖ,476
concetta,82740,0,ᚳᚩᚾᚳᛖᛏᛏᚪ,344
amoretti,82682,0,ᚪᛗᚩᚱᛖᛏᛏᛁ,402
boliviano,82650,0,ᛒᚩᛚᛁᚢᛡᚾᚩ,318
debouching,82573,0,ᛞᛖᛒᚩᚢᚳᚻᛝ,342
thirstily,82538,0,ᚦᛁᚱᛋᛏᛁᛚᚣ,366
ocherous,82418,0,ᚩᚳᚻᛖᚱᚩᚢᛋ,184
silkwood,82342,0,ᛋᛁᛚᚳᚹᚩᚩᛞ,292
clavecin,82339,0,ᚳᛚᚪᚢᛖᚳᛁᚾ,326
purloining,82312,0,ᛈᚢᚱᛚᚩᛁᚾᛝ,276
hutments,82251,0,ᚻᚢᛏᛗᛖᚾᛏᛋ,364
etrangers,82251,0,ᛖᛏᚱᚪᛝᛖᚱᛋ,444
preakness,82231,0,ᛈᚱᛠᚳᚾᛖᛋᛋ,378
sleights,82189,0,ᛋᛚᛖᛁᚷᚻᛏᛋ,376
springtide,82174,0,ᛋᛈᚱᛝᛏᛁᛞᛖ,432
caryatid,82162,0,ᚳᚪᚱᚣᚪᛏᛁᛞ,500
scantier,82121,0,ᛋᚳᚪᚾᛏᛁᛖᚱ,360
ammonoid,82116,0,ᚪᛗᛗᚩᚾᚩᛁᛞ,402
infamies,82110,0,ᛁᚾᚠᚪᛗᛁᛖᛋ,381
ditchers,82094,0,ᛞᛁᛏᚳᚻᛖᚱᛋ,346
shirkers,82073,0,ᛋᚻᛁᚱᚳᛖᚱᛋ,262
forebode,82025,0,ᚠᚩᚱᛖᛒᚩᛞᛖ,311
minatory,82019,0,ᛗᛁᚾᚪᛏᚩᚱᚣ,408
ferrymen,82008,0,ᚠᛖᚱᚱᚣᛗᛖᚾ,361
unhusked,81995,0,ᚢᚾᚻᚢᛋᚳᛖᛞ,280
metaline,81939,0,ᛗᛖᛏᚪᛚᛁᚾᛖ,494
suctorial,81935,0,ᛋᚢᚳᛏᚩᚱᛡᛚ,326
dipteran,81929,0,ᛞᛁᛈᛏᛖᚱᚪᚾ,426
calisaya,81885,0,ᚳᚪᛚᛁᛋᚪᚣᚪ,564
rehashed,81797,0,ᚱᛖᚻᚪᛋᚻᛖᛞ,430
resinate,81741,0,ᚱᛖᛋᛁᚾᚪᛏᛖ,414
ribbands,81715,0,ᚱᛁᛒᛒᚪᚾᛞᛋ,432
babblers,81714,0,ᛒᚪᛒᛒᛚᛖᚱᛋ,484
seahorses,81685,0,ᛋᛠᚻᚩᚱᛋᛖᛋ,376
finishings,81679,0,ᚠᛁᚾᛁᛋᚻᛝᛋ,301
lecanora,81579,0,ᛚᛖᚳᚪᚾᚩᚱᚪ,394
pentacle,81578,0,ᛈᛖᚾᛏᚪᚳᛚᛖ,448
bellyful,81558,0,ᛒᛖᛚᛚᚣᚠᚢᛚ,455
argosies,81541,0,ᚪᚱᚷᚩᛋᛁᛖᛋ,336
unbuckle,81531,0,ᚢᚾᛒᚢᚳᚳᛚᛖ,262
misspelt,81531,0,ᛗᛁᛋᛋᛈᛖᛚᛏ,450
haddocks,81465,0,ᚻᚪᛞᛞᚩᚳᚳᛋ,384
dropsies,81390,0,ᛞᚱᚩᛈᛋᛁᛖᛋ,354
khanates,81311,0,ᚳᚻᚪᚾᚪᛏᛖᛋ,438
chondrus,81297,0,ᚳᚻᚩᚾᛞᚱᚢᛋ,228
telephus,81250,0,ᛏᛖᛚᛖᛈᚻᚢᛋ,388
unwarily,81238,0,ᚢᚾᚹᚪᚱᛁᛚᚣ,366
cambrics,81220,0,ᚳᚪᛗᛒᚱᛁᚳᛋ,350
kaiserin,81200,0,ᚳᚪᛁᛋᛖᚱᛁᚾ,332
turcoman,81195,0,ᛏᚢᚱᚳᚩᛗᚪᚾ,290
flitches,81111,0,ᚠᛚᛁᛏᚳᚻᛖᛋ,321
liveborn,81063,0,ᛚᛁᚢᛖᛒᚩᚱᚾ,282
bakeshop,81049,0,ᛒᚪᚳᛖᛋᚻᚩᛈ,364
banshees,81043,0,ᛒᚪᚾᛋᚻᛖᛖᛋ,450
masseurs,81018,0,ᛗᚪᛋᛋᛖᚢᚱᛋ,408
latinist,80956,0,ᛚᚪᛏᛁᚾᛁᛋᛏ,432
petitory,80950,0,ᛈᛖᛏᛁᛏᚩᚱᚣ,380
descanting,80882,0,ᛞᛖᛋᚳᚪᚾᛏᛝ,486
leadbelly,80820,0,ᛚᛠᛞᛒᛖᛚᛚᚣ,648
underlet,80740,0,ᚢᚾᛞᛖᚱᛚᛖᛏ,398
sanderling,80710,0,ᛋᚪᚾᛞᛖᚱᛚᛝ,498
curacies,80709,0,ᚳᚢᚱᚪᚳᛁᛖᛋ,288
orthoptic,80683,0,ᚩᚱᚦᚩᛈᛏᛁᚳ,176
thriftily,80632,0,ᚦᚱᛁᚠᛏᛁᛚᚣ,315
girondin,80620,0,ᚷᛁᚱᚩᚾᛞᛁᚾ,244
anthurium,80620,0,ᚪᚾᚦᚢᚱᛁᚢᛗ,250
speeders,80618,0,ᛋᛈᛖᛖᛞᛖᚱᛋ,450
otoscope,80616,0,ᚩᛏᚩᛋᚳᚩᛈᛖ,256
aeschylean,80600,0,ᚫᛋᚳᚻᚣᛚᛠᚾ,504
patricks,80567,0,ᛈᚪᛏᚱᛁᚳᚳᛋ,320
chordate,80546,0,ᚳᚻᚩᚱᛞᚪᛏᛖ,366
wetbacks,80514,0,ᚹᛖᛏᛒᚪᚳᚳᛋ,382
uncandid,80487,0,ᚢᚾᚳᚪᚾᛞᛁᛞ,380
sympatry,80481,0,ᛋᚣᛗᛈᚪᛏᚱᚣ,540
clysters,80440,0,ᚳᛚᚣᛋᛏᛖᚱᛋ,432
deviously,80394,0,ᛞᛖᚢᛡᚢᛋᛚᚣ,498
neptunian,80338,0,ᚾᛖᛈᛏᚢᚾᛡᚾ,366
brawlers,80325,0,ᛒᚱᚪᚹᛚᛖᚱᛋ,392
squiggly,80300,0,ᛋᚳᚹᛁᚷᚷᛚᚣ,326
shimmery,80277,0,ᛋᚻᛁᛗᛗᛖᚱᚣ,430
untidily,80274,0,ᚢᚾᛏᛁᛞᛁᛚᚣ,418
tastiest,80254,0,ᛏᚪᛋᛏᛁᛖᛋᛏ,478
orleanist,80197,0,ᚩᚱᛚᛠᚾᛁᛋᛏ,372
lawbooks,80182,0,ᛚᚪᚹᛒᚩᚩᚳᛋ,330
resinoid,80180,0,ᚱᛖᛋᛁᚾᚩᛁᛞ,318
ungallant,80163,0,ᚢᛝᚪᛚᛚᚪᚾᛏ,510
marrieds,80136,0,ᛗᚪᚱᚱᛁᛖᛞᛋ,430
gemmation,80067,0,ᚷᛖᛗᛗᚪᛏᛡᚾ,518
borderer,80051,0,ᛒᚩᚱᛞᛖᚱᛖᚱ,324
numerate,80029,0,ᚾᚢᛗᛖᚱᚪᛏᛖ,404
antihero,79990,0,ᚪᚾᛏᛁᚻᛖᚱᚩ,324
unengaged,79987,0,ᚢᚾᛖᛝᚪᚷᛖᛞ,448
jalousie,79960,0,ᛂᚪᛚᚩᚢᛋᛁᛖ,368
vortexes,79947,0,ᚢᚩᚱᛏᛖᛉᛖᛋ,314
cowhands,79939,0,ᚳᚩᚹᚻᚪᚾᛞᛋ,330
headgates,79873,0,ᚻᛠᛞᚷᚪᛏᛖᛋ,514
edentata,79871,0,ᛖᛞᛖᚾᛏᚪᛏᚪ,564
astounds,79871,0,ᚪᛋᛏᚩᚢᚾᛞᛋ,390
recopied,79868,0,ᚱᛖᚳᚩᛈᛁᛖᛞ,328
demijohn,79837,0,ᛞᛖᛗᛁᛂᚩᚻᚾ,354
lucretian,79791,0,ᛚᚢᚳᚱᛖᛏᛡᚾ,362
moorcock,79740,0,ᛗᚩᚩᚱᚳᚩᚳᚳ,142
moralise,79660,0,ᛗᚩᚱᚪᛚᛁᛋᛖ,410
taffetas,79657,0,ᛏᚪᚠᚠᛖᛏᚪᛋ,436
dentated,79638,0,ᛞᛖᚾᛏᚪᛏᛖᛞ,556
univalve,79631,0,ᚢᚾᛁᚢᚪᛚᚢᛖ,306
squiggle,79631,0,ᛋᚳᚹᛁᚷᚷᛚᛖ,290
woodlice,79613,0,ᚹᚩᚩᛞᛚᛁᚳᛖ,306
degaussing,79589,0,ᛞᛖᚷᚪᚢᛋᛋᛝ,458
uncrated,79566,0,ᚢᚾᚳᚱᚪᛏᛖᛞ,368
octoroon,79531,0,ᚩᚳᛏᚩᚱᚩᚩᚾ,140
imitable,79424,0,ᛁᛗᛁᛏᚪᛒᛚᛖ,490
astragal,79411,0,ᚪᛋᛏᚱᚪᚷᚪᛚ,504
edginess,79335,0,ᛖᛞᚷᛁᚾᛖᛋᛋ,406
stargazing,79317,0,ᛋᛏᚪᚱᚷᚪᛋᛝ,466
traipsed,79297,0,ᛏᚱᚪᛁᛈᛋᛖᛞ,450
argemone,79279,0,ᚪᚱᚷᛖᛗᚩᚾᛖ,366
ametropia,79278,0,ᚪᛗᛖᛏᚱᚩᛈᛡ,462
shunters,79241,0,ᛋᚻᚢᚾᛏᛖᚱᛋ,298
holothuria,79234,0,ᚻᚩᛚᚩᚦᚢᚱᛡ,236
gatepost,79183,0,ᚷᚪᛏᛖᛈᚩᛋᛏ,402
monitions,79172,0,ᛗᚩᚾᛁᛏᛡᚾᛋ,386
tridents,79138,0,ᛏᚱᛁᛞᛖᚾᛏᛋ,398
basidium,79105,0,ᛒᚪᛋᛁᛞᛁᚢᛗ,436
zoonosis,79092,0,ᛋᚩᚩᚾᚩᛋᛁᛋ,240
eyesores,79092,0,ᛖᚣᛖᛋᚩᚱᛖᛋ,428
ojibways,79038,0,ᚩᛂᛁᛒᚹᚪᚣᛋ,408
seigniors,79013,0,ᛋᛖᛁᚷᚾᛡᚱᛋ,368
anatoxin,78966,0,ᚪᚾᚪᛏᚩᛉᛁᚾ,396
absconds,78823,0,ᚪᛒᛋᚳᚩᚾᛞᛋ,402
skincare,78822,0,ᛋᚳᛁᚾᚳᚪᚱᛖ,314
acidotic,78798,0,ᚪᚳᛁᛞᚩᛏᛁᚳ,340
shortish,78797,0,ᛋᚻᚩᚱᛏᛁᛋᚻ,260
travailing,78783,0,ᛏᚱᚪᚢᚪᛁᛚᛝ,450
dukedoms,78750,0,ᛞᚢᚳᛖᛞᚩᛗᛋ,392
unifacial,78583,0,ᚢᚾᛁᚠᚪᚳᛡᛚ,355
succored,78557,0,ᛋᚢᚳᚳᚩᚱᛖᛞ,256
posthaste,78545,0,ᛈᚩᛋᚦᚪᛋᛏᛖ,384
moluccan,78526,0,ᛗᚩᛚᚢᚳᚳᚪᚾ,306
extrados,78463,0,ᛖᛉᛏᚱᚪᛞᚩᛋ,430
decrypting,78462,1,ᛞᛖᚳᚱᚣᛈᛏᛝ,464
recission,78457,0,ᚱᛖᚳᛁᛋᛋᛡᚾ,364
supertax,78370,0,ᛋᚢᛈᛖᚱᛏᚪᛉ,380
ninepins,78368,0,ᚾᛁᚾᛖᛈᛁᚾᛋ,312
balletic,78366,0,ᛒᚪᛚᛚᛖᛏᛁᚳ,474
sharable,78346,0,ᛋᚻᚪᚱᚪᛒᛚᛖ,482
prepense,78322,0,ᛈᚱᛖᛈᛖᚾᛋᛖ,380
dullards,78316,0,ᛞᚢᛚᛚᚪᚱᛞᛋ,488
drownded,78297,0,ᛞᚱᚩᚹᚾᛞᛖᛞ,400
sputniks,78164,0,ᛋᛈᚢᛏᚾᛁᚳᛋ,284
roadkill,78159,0,ᚱᚩᚪᛞᚳᛁᛚᛚ,394
cantoned,78126,0,ᚳᚪᚾᛏᚩᚾᛖᛞ,390
hawkweed,78118,0,ᚻᚪᚹᚳᚹᛖᛖᛞ,394
axletree,78076,0,ᚪᛉᛚᛖᛏᚱᛖᛖ,488
overfull,78049,0,ᚩᚢᛖᚱᚠᚢᛚᛚ,239
renegado,78022,0,ᚱᛖᚾᛖᚷᚪᛞᚩ,384
pastness,78014,0,ᛈᚪᛋᛏᚾᛖᛋᛋ,454
crutched,77993,0,ᚳᚱᚢᛏᚳᚻᛖᛞ,278
botanizing,77986,0,ᛒᚩᛏᚪᚾᛁᛋᛝ,416
reignite,77972,0,ᚱᛖᛁᚷᚾᛁᛏᛖ,312
disjoining,77959,0,ᛞᛁᛋᛂᚩᛁᚾᛝ,356
succouring,77930,0,ᛋᚢᚳᚳᚩᚢᚱᛝ,182
hugeness,77851,0,ᚻᚢᚷᛖᚾᛖᛋᛋ,312
dyspneic,77843,0,ᛞᚣᛋᛈᚾᛖᛁᚳ,428
praenomen,77795,0,ᛈᚱᚫᚾᚩᛗᛖᚾ,358
jongleurs,77778,0,ᛂᚩᛝᛚᛖᚢᚱᛋ,330
diffract,77725,0,ᛞᛁᚠᚠᚱᚪᚳᛏ,304
beechnut,77684,0,ᛒᛖᛖᚳᚻᚾᚢᛏ,322
eyespots,77680,0,ᛖᚣᛖᛋᛈᚩᛏᛋ,452
polestar,77627,0,ᛈᚩᛚᛖᛋᛏᚪᚱ,410
custodes,77625,0,ᚳᚢᛋᛏᚩᛞᛖᛋ,344
vilayets,77593,0,ᚢᛁᛚᚪᚣᛖᛏᛋ,486
neckband,77547,0,ᚾᛖᚳᚳᛒᚪᚾᛞ,398
lepidote,77512,0,ᛚᛖᛈᛁᛞᚩᛏᛖ,436
biscayan,77466,0,ᛒᛁᛋᚳᚪᚣᚪᚾ,484
sawhorse,77446,0,ᛋᚪᚹᚻᚩᚱᛋᛖ,330
defoliate,77368,0,ᛞᛖᚠᚩᛚᛡᛏᛖ,471
dunghills,77265,0,ᛞᚢᛝᚻᛁᛚᛚᛋ,424
pinworms,77151,0,ᛈᛁᚾᚹᚩᚱᛗᛋ,264
moveless,77149,0,ᛗᚩᚢᛖᛚᛖᛋᛋ,394
snuffles,77113,0,ᛋᚾᚢᚠᚠᛚᛖᛋ,282
lynchers,77079,0,ᛚᚣᚾᚳᚻᛖᚱᛋ,372
impounds,77062,0,ᛁᛗᛈᚩᚢᚾᛞᛋ,326
stonefly,77028,0,ᛋᛏᚩᚾᛖᚠᛚᚣ,393
caladium,76946,0,ᚳᚪᛚᚪᛞᛁᚢᛗ,474
outtakes,76924,0,ᚩᚢᛏᛏᚪᚳᛖᛋ,358
tailwind,76894,0,ᛏᚪᛁᛚᚹᛁᚾᛞ,428
luxations,76870,0,ᛚᚢᛉᚪᛏᛡᚾᛋ,468
cosigner,76857,0,ᚳᚩᛋᛁᚷᚾᛖᚱ,228
zworykin,76851,0,ᛋᚹᚩᚱᚣᚳᛁᚾ,266
tempters,76823,0,ᛏᛖᛗᛈᛏᛖᚱᛋ,430
downrange,76819,0,ᛞᚩᚹᚾᚱᚪᛝᛖ,398
flunkies,76732,0,ᚠᛚᚢᚾᚳᛁᛖᛋ,271
bouffant,76637,0,ᛒᚩᚢᚠᚠᚪᚾᛏ,260
gardened,76627,0,ᚷᚪᚱᛞᛖᚾᛖᛞ,466
secretum,76606,0,ᛋᛖᚳᚱᛖᛏᚢᛗ,344
beachheads,76512,0,ᛒᛠᚳᚻᚻᛠᛞᛋ,480
anteaters,76501,0,ᚪᚾᛏᛠᛏᛖᚱᛋ,484
condoled,76485,0,ᚳᚩᚾᛞᚩᛚᛖᛞ,374
brigaded,76464,0,ᛒᚱᛁᚷᚪᛞᛖᛞ,462
tryphena,76459,0,ᛏᚱᚣᛈᚻᛖᚾᚪ,432
unpinned,76417,0,ᚢᚾᛈᛁᚾᚾᛖᛞ,320
overeager,76406,0,ᚩᚢᛖᚱᛠᚷᛖᚱ,292
feculent,76389,0,ᚠᛖᚳᚢᛚᛖᚾᛏ,313
hiragana,76359,0,ᚻᛁᚱᚪᚷᚪᚾᚪ,402
muralist,76345,0,ᛗᚢᚱᚪᛚᛁᛋᛏ,398
cosecant,76311,0,ᚳᚩᛋᛖᚳᚪᚾᛏ,338
fascista,76301,0,ᚠᚪᛋᚳᛁᛋᛏᚪ,405
hipparion,76292,0,ᚻᛁᛈᛈᚪᚱᛡᚾ,384
sauterne,76288,0,ᛋᚪᚢᛏᛖᚱᚾᛖ,386
respites,76283,0,ᚱᛖᛋᛈᛁᛏᛖᛋ,384
xanthomas,76266,0,ᛉᚪᚾᚦᚩᛗᚪᛋ,406
grounder,76259,0,ᚷᚱᚩᚢᚾᛞᛖᚱ,234
jabbered,76237,0,ᛂᚪᛒᛒᛖᚱᛖᛞ,490
starosta,76152,0,ᛋᛏᚪᚱᚩᛋᛏᚪ,436
ingratiation,76125,0,ᛝᚱᚪᛏᛡᛏᛡᚾ,548
summered,76115,0,ᛋᚢᛗᛗᛖᚱᛖᛞ,432
triplane,76070,0,ᛏᚱᛁᛈᛚᚪᚾᛖ,410
plainant,76061,0,ᛈᛚᚪᛁᚾᚪᚾᛏ,458
orangerie,76060,0,ᚩᚱᚪᛝᛖᚱᛁᛖ,370
unfreeze,76054,0,ᚢᚾᚠᚱᛖᛖᛋᛖ,299
blindest,76009,0,ᛒᛚᛁᚾᛞᛖᛋᛏ,462
dalmatic,75996,0,ᛞᚪᛚᛗᚪᛏᛁᚳ,530
matadors,75986,0,ᛗᚪᛏᚪᛞᚩᚱᛋ,484
pirogues,75971,0,ᛈᛁᚱᚩᚷᚢᛖᛋ,232
phoenixes,75909,0,ᛈᚻᛟᚾᛁᛉᛖᛋ,376
placitum,75907,0,ᛈᛚᚪᚳᛁᛏᚢᛗ,390
garishly,75895,0,ᚷᚪᚱᛁᛋᚻᛚᚣ,408
patchily,75881,0,ᛈᚪᛏᚳᚻᛁᛚᚣ,442
alluringly,75871,0,ᚪᛚᛚᚢᚱᛝᛚᚣ,512
sandspit,75865,0,ᛋᚪᚾᛞᛋᛈᛁᛏ,454
cobwebby,75739,0,ᚳᚩᛒᚹᛖᛒᛒᚣ,392
communings,75688,0,ᚳᚩᛗᛗᚢᚾᛝᛋ,326
unwalled,75667,0,ᚢᚾᚹᚪᛚᛚᛖᛞ,450
mensural,75636,0,ᛗᛖᚾᛋᚢᚱᚪᛚ,404
roistering,75617,0,ᚱᚩᛁᛋᛏᛖᚱᛝ,318
scorcher,75615,0,ᛋᚳᚩᚱᚳᚻᛖᚱ,198
potbelly,75558,0,ᛈᚩᛏᛒᛖᛚᛚᚣ,486
dyewoods,75551,0,ᛞᚣᛖᚹᚩᚩᛞᛋ,434
chutneys,75537,0,ᚳᚻᚢᛏᚾᛖᚣᛋ,350
trollers,75496,0,ᛏᚱᚩᛚᛚᛖᚱᛋ,354
embroiling,75465,0,ᛖᛗᛒᚱᚩᛁᛚᛝ,400
magwitch,75400,0,ᛗᚪᚷᚹᛁᛏᚳᚻ,330
unplowed,75323,0,ᚢᚾᛈᛚᚩᚹᛖᛞ,330
foreknow,75319,0,ᚠᚩᚱᛖᚳᚾᚩᚹ,155
fungiform,75310,0,ᚠᚢᛝᛁᚠᚩᚱᛗ,206
flyovers,75268,0,ᚠᛚᚣᚩᚢᛖᚱᛋ,319
antipolo,75188,0,ᚪᚾᛏᛁᛈᚩᛚᚩ,346
roughish,75174,0,ᚱᚩᚢᚷᚻᛁᛋᚻ,168
musquash,75108,0,ᛗᚢᛋᚳᚹᚪᛋᚻ,332
taproots,75082,0,ᛏᚪᛈᚱᚩᚩᛏᛋ,336
shutouts,75064,0,ᛋᚻᚢᛏᚩᚢᛏᛋ,260
misquoting,75046,0,ᛗᛁᛋᚳᚹᚩᛏᛝ,332
finessed,75022,0,ᚠᛁᚾᛖᛋᛋᛖᛞ,391
crushingly,75002,0,ᚳᚱᚢᛋᚻᛝᛚᚣ,358
syzygies,74911,0,ᛋᚣᛋᚣᚷᛁᛖᛋ,480
inductee,74797,0,ᛁᚾᛞᚢᚳᛏᛖᛖ,358
hecatomb,74772,0,ᚻᛖᚳᚪᛏᚩᛗᛒ,398
kirghizia,74730,0,ᚳᛁᚱᚷᚻᛁᛋᛡ,286
drumbeats,74726,0,ᛞᚱᚢᛗᛒᛠᛏᛋ,456
laodicean,74690,0,ᛚᚪᚩᛞᛁᚳᛠᚾ,448
loiterer,74642,0,ᛚᚩᛁᛏᛖᚱᛖᚱ,326
preteens,74626,0,ᛈᚱᛖᛏᛖᛖᚾᛋ,396
cowgirls,74619,0,ᚳᚩᚹᚷᛁᚱᛚᛋ,224
descants,74606,0,ᛞᛖᛋᚳᚪᚾᛏᛋ,460
springboks,74579,0,ᛋᛈᚱᛝᛒᚩᚳᛋ,320
doubtingly,74561,0,ᛞᚩᚢᛒᛏᛝᛚᚣ,474
unwarned,74496,0,ᚢᚾᚹᚪᚱᚾᛖᛞ,344
unsoiled,74454,0,ᚢᚾᛋᚩᛁᛚᛖᛞ,352
bichrome,74451,0,ᛒᛁᚳᚻᚱᚩᛗᛖ,284
bedrolls,74401,0,ᛒᛖᛞᚱᚩᛚᛚᛋ,434
babushka,74390,0,ᛒᚪᛒᚢᛋᚻᚳᚪ,408
peperomia,74388,0,ᛈᛖᛈᛖᚱᚩᛗᛡ,416
arraigns,74378,0,ᚪᚱᚱᚪᛁᚷᚾᛋ,346
sayonara,74360,0,ᛋᚪᚣᚩᚾᚪᚱᚪ,494
sauropod,74345,0,ᛋᚪᚢᚱᚩᛈᚩᛞ,310
secretor,74340,0,ᛋᛖᚳᚱᛖᛏᚩᚱ,288
sadducee,74305,0,ᛋᚪᛞᛞᚢᚳᛖᛖ,478
hidalgos,74290,0,ᚻᛁᛞᚪᛚᚷᚩᛋ,390
adorably,74256,0,ᚪᛞᚩᚱᚪᛒᛚᚣ,538
ideograph,74190,0,ᛁᛞᛇᚷᚱᚪᛈᚻ,352
vexillum,74165,0,ᚢᛖᛉᛁᛚᛚᚢᛗ,368
whispery,74152,0,ᚹᚻᛁᛋᛈᛖᚱᚣ,350
scepters,74124,0,ᛋᚳᛖᛈᛏᛖᚱᛋ,366
letterer,74123,0,ᛚᛖᛏᛏᛖᚱᛖᚱ,414
pacifies,74113,0,ᛈᚪᚳᛁᚠᛁᛖᛋ,337
pentelic,74059,0,ᛈᛖᚾᛏᛖᛚᛁᚳ,382
invaliding,74002,0,ᛁᚾᚢᚪᛚᛁᛞᛝ,432
clubroom,73982,0,ᚳᛚᚢᛒᚱᚩᚩᛗ,246
lagerlof,73959,0,ᛚᚪᚷᛖᚱᛚᚩᚠ,347
sunstone,73951,0,ᛋᚢᚾᛋᛏᚩᚾᛖ,300
autotomy,73875,0,ᚪᚢᛏᚩᛏᚩᛗᚣ,406
scuffled,73868,0,ᛋᚳᚢᚠᚠᛚᛖᛞ,302
fulcrums,73845,0,ᚠᚢᛚᚳᚱᚢᛗᛋ,229
bucolics,73818,0,ᛒᚢᚳᚩᛚᛁᚳᛋ,254
mounters,73781,0,ᛗᚩᚢᚾᛏᛖᚱᛋ,300
jawbones,73741,0,ᛂᚪᚹᛒᚩᚾᛖᛋ,370
dropseed,73720,0,ᛞᚱᚩᛈᛋᛖᛖᛞ,426
ciphered,73700,1,ᚳᛁᛈᚻᛖᚱᛖᛞ,344
cracklings,73688,0,ᚳᚱᚪᚳᚳᛚᛝᛋ,352
sprigged,73663,0,ᛋᛈᚱᛁᚷᚷᛖᛞ,328
meddlers,73645,0,ᛗᛖᛞᛞᛚᛖᚱᛋ,520
gimcrack,73604,0,ᚷᛁᛗᚳᚱᚪᚳᚳ,266
lynnette,73551,0,ᛚᚣᚾᚾᛖᛏᛏᛖ,486
coalmine,73533,0,ᚳᚩᚪᛚᛗᛁᚾᛖ,388
labrusca,73517,0,ᛚᚪᛒᚱᚢᛋᚳᚪ,408
spondees,73431,0,ᛋᛈᚩᚾᛞᛖᛖᛋ,408
poetesses,73408,0,ᛈᛟᛏᛖᛋᛋᛖᛋ,478
exfoliate,73343,0,ᛖᛉᚠᚩᛚᛡᛏᛖ,429
statures,73339,0,ᛋᛏᚪᛏᚢᚱᛖᛋ,402
blanquet,73337,0,ᛒᛚᚪᚾᚳᚹᛖᛏ,418
vlaminck,73322,0,ᚢᛚᚪᛗᛁᚾᚳᚳ,330
tideless,73279,0,ᛏᛁᛞᛖᛚᛖᛋᛋ,492
cogitating,73272,0,ᚳᚩᚷᛁᛏᚪᛏᛝ,362
vitellus,73265,0,ᚢᛁᛏᛖᛚᛚᚢᛋ,362
precocial,73233,0,ᛈᚱᛖᚳᚩᚳᛡᛚ,334
julietta,73199,0,ᛂᚢᛚᛁᛖᛏᛏᚪ,426
carthamus,73178,0,ᚳᚪᚱᚦᚪᛗᚢᛋ,350
cashiering,73164,0,ᚳᚪᛋᚻᛁᛖᚱᛝ,374
mignonne,73144,0,ᛗᛁᚷᚾᚩᚾᚾᛖ,280
malayans,73125,0,ᛗᚪᛚᚪᚣᚪᚾᛋ,620
imprests,73120,0,ᛁᛗᛈᚱᛖᛋᛏᛋ,388
hautboys,73118,0,ᚻᚪᚢᛏᛒᚩᚣᛋ,406
apothegms,73117,0,ᚪᛈᚩᚦᛖᚷᛗᛋ,360
settable,73103,0,ᛋᛖᛏᛏᚪᛒᛚᛖ,536
abalones,73098,0,ᚪᛒᚪᛚᚩᚾᛖᛋ,484
ploughings,73093,0,ᛈᛚᚩᚢᚷᚻᛝᛋ,298
synonyme,73039,0,ᛋᚣᚾᚩᚾᚣᛗᛖ,462
unavowed,73020,0,ᚢᚾᚪᚢᚩᚹᛖᛞ,314
discordia,72982,0,ᛞᛁᛋᚳᚩᚱᛞᛡ,400
eminency,72960,0,ᛖᛗᛁᚾᛖᚾᚳᚣ,410
spacemen,72872,0,ᛋᛈᚪᚳᛖᛗᛖᚾ,440
receipting,72849,0,ᚱᛖᚳᛖᛁᛈᛏᛝ,370
dotterel,72831,0,ᛞᚩᛏᛏᛖᚱᛖᛚ,432
bearberry,72804,0,ᛒᛠᚱᛒᛖᚱᚱᚣ,434
vivifies,72797,0,ᚢᛁᚢᛁᚠᛁᛖᛋ,221
cosseted,72746,0,ᚳᚩᛋᛋᛖᛏᛖᛞ,408
slattern,72742,0,ᛋᛚᚪᛏᛏᛖᚱᚾ,448
cuspidal,72734,0,ᚳᚢᛋᛈᛁᛞᚪᛚ,402
appeasers,72731,0,ᚪᛈᛈᛠᛋᛖᚱᛋ,476
lunations,72707,0,ᛚᚢᚾᚪᛏᛡᚾᛋ,450
springlike,72706,0,ᛋᛈᚱᛝᛚᛁᚳᛖ,370
courante,72697,0,ᚳᚩᚢᚱᚪᚾᛏᛖ,286
choirboy,72689,0,ᚳᚻᚩᛁᚱᛒᚩᚣ,256
bezaleel,72689,0,ᛒᛖᛋᚪᛚᛖᛖᛚ,558
jolliest,72685,0,ᛂᚩᛚᛚᛁᛖᛋᛏ,400
thralldom,72658,0,ᚦᚱᚪᛚᛚᛞᚩᛗ,426
churched,72656,0,ᚳᚻᚢᚱᚳᚻᛖᛞ,242
bakhtiari,72641,0,ᛒᚪᚳᚻᛏᛡᚱᛁ,402
boudoirs,72631,0,ᛒᚩᚢᛞᚩᛁᚱᛋ,262
overgrow,72621,0,ᚩᚢᛖᚱᚷᚱᚩᚹ,142
stainers,72591,0,ᛋᛏᚪᛁᚾᛖᚱᛋ,400
boasters,72536,0,ᛒᚩᚪᛋᛏᛖᚱᛋ,408
handymen,72521,0,ᚻᚪᚾᛞᚣᛗᛖᚾ,508
gambolling,72515,0,ᚷᚪᛗᛒᚩᛚᛚᛝ,478
ravelled,72509,0,ᚱᚪᚢᛖᛚᛚᛖᛞ,480
customed,72508,0,ᚳᚢᛋᛏᚩᛗᛖᛞ,362
halliards,72460,0,ᚻᚪᛚᛚᛡᚱᛞᛋ,526
bivalved,72439,0,ᛒᛁᚢᚪᛚᚢᛖᛞ,424
laywomen,72431,0,ᛚᚪᚣᚹᚩᛗᛖᚾ,466
favourer,72427,0,ᚠᚪᚢᚩᚢᚱᛖᚱ,201
playlets,72412,0,ᛈᛚᚪᚣᛚᛖᛏᛋ,568
sporules,72408,0,ᛋᛈᚩᚱᚢᛚᛖᛋ,310
bushbuck,72367,0,ᛒᚢᛋᚻᛒᚢᚳᚳ,230
rankness,72353,0,ᚱᚪᚾᚳᚾᛖᛋᛋ,352
unobvious,72342,0,ᚢᚾᚩᛒᚢᛡᚢᛋ,266
bowstrings,72318,0,ᛒᚩᚹᛋᛏᚱᛝᛋ,342
statedly,72309,0,ᛋᛏᚪᛏᛖᛞᛚᚣ,600
xenotime,72235,0,ᛉᛖᚾᚩᛏᛁᛗᛖ,378
pinniped,72204,0,ᛈᛁᚾᚾᛁᛈᛖᛞ,362
pertness,72193,0,ᛈᛖᚱᛏᚾᛖᛋᛋ,382
haircloth,72178,0,ᚻᚪᛁᚱᚳᛚᚩᚦ,260
backdating,72177,0,ᛒᚪᚳᚳᛞᚪᛏᛝ,508
gamecock,72129,0,ᚷᚪᛗᛖᚳᚩᚳᚳ,298
inflator,72093,0,ᛁᚾᚠᛚᚪᛏᚩᚱ,309
grandmas,72088,0,ᚷᚱᚪᚾᛞᛗᚪᛋ,464
vulvitis,72072,0,ᚢᚢᛚᚢᛁᛏᛁᛋ,256
detraining,72061,0,ᛞᛖᛏᚱᚪᛁᚾᛝ,462
despight,72050,0,ᛞᛖᛋᛈᛁᚷᚻᛏ,382
hackneys,72018,0,ᚻᚪᚳᚳᚾᛖᚣᛋ,398
gnomonic,72011,0,ᚷᚾᚩᛗᚩᚾᛁᚳ,204
despiser,71977,0,ᛞᛖᛋᛈᛁᛋᛖᚱ,414
religioso,71971,0,ᚱᛖᛚᛁᚷᛡᛋᚩ,366
munchkin,71966,0,ᛗᚢᚾᚳᚻᚳᛁᚾ,212
raciness,71958,0,ᚱᚪᚳᛁᚾᛖᛋᛋ,354
bazookas,71921,0,ᛒᚪᛋᚩᚩᚳᚪᛋ,388
sorriest,71919,0,ᛋᚩᚱᚱᛁᛖᛋᛏ,292
strawman,71910,0,ᛋᛏᚱᚪᚹᛗᚪᚾ,436
capsella,71777,0,ᚳᚪᛈᛋᛖᛚᛚᚪ,516
frigidly,71766,0,ᚠᚱᛁᚷᛁᛞᛚᚣ,357
mugwumps,71762,0,ᛗᚢᚷᚹᚢᛗᛈᛋ,280
exegeses,71754,0,ᛖᛉᛖᚷᛖᛋᛖᛋ,438
diabolism,71721,0,ᛞᛡᛒᚩᛚᛁᛋᛗ,492
egotists,71710,0,ᛖᚷᚩᛏᛁᛋᛏᛋ,346
teahouses,71644,0,ᛏᛠᚻᚩᚢᛋᛖᛋ,374
palisading,71619,0,ᛈᚪᛚᛁᛋᚪᛞᛝ,562
cavorted,71613,0,ᚳᚪᚢᚩᚱᛏᛖᛞ,346
tipplers,71568,0,ᛏᛁᛈᛈᛚᛖᚱᛋ,380
hepatics,71551,0,ᚻᛖᛈᚪᛏᛁᚳᛋ,386
resample,71550,0,ᚱᛖᛋᚪᛗᛈᛚᛖ,482
coonskin,71534,0,ᚳᚩᚩᚾᛋᚳᛁᚾ,182
seignory,71526,0,ᛋᛖᛁᚷᚾᚩᚱᚣ,318
anaplasia,71462,0,ᚪᚾᚪᛈᛚᚪᛋᛡ,596
stannite,71453,0,ᛋᛏᚪᚾᚾᛁᛏᛖ,424
timecard,71445,0,ᛏᛁᛗᛖᚳᚪᚱᛞ,438
clambers,71424,0,ᚳᛚᚪᛗᛒᛖᚱᛋ,446
grisette,71414,0,ᚷᚱᛁᛋᛖᛏᛏᛖ,364
nannette,71400,0,ᚾᚪᚾᚾᛖᛏᛏᛖ,436
astatine,71390,0,ᚪᛋᛏᚪᛏᛁᚾᛖ,492
unrevealing,71387,0,ᚢᚾᚱᛖᚢᛠᛚᛝ,374
horridly,71352,0,ᚻᚩᚱᚱᛁᛞᛚᚣ,348
scourers,71155,0,ᛋᚳᚩᚢᚱᛖᚱᛋ,218
fortuity,71146,0,ᚠᚩᚱᛏᚢᛁᛏᚣ,275
urceolate,71102,0,ᚢᚱᚳᛇᛚᚪᛏᛖ,364
pulvinus,71079,0,ᛈᚢᛚᚢᛁᚾᚢᛋ,238
fistfuls,71063,0,ᚠᛁᛋᛏᚠᚢᛚᛋ,276
advancer,71052,0,ᚪᛞᚢᚪᚾᚳᛖᚱ,406
uneatable,71033,0,ᚢᚾᛠᛏᚪᛒᛚᛖ,498
delectus,71027,0,ᛞᛖᛚᛖᚳᛏᚢᛋ,424
unguessed,71013,0,ᚢᛝᚢᛖᛋᛋᛖᛞ,414
sheepman,71013,0,ᛋᚻᛖᛖᛈᛗᚪᚾ,450
uncoined,71012,0,ᚢᚾᚳᚩᛁᚾᛖᛞ,268
maculate,70983,0,ᛗᚪᚳᚢᛚᚪᛏᛖ,480
rowlocks,70953,0,ᚱᚩᚹᛚᚩᚳᚳᛋ,196
patroons,70923,0,ᛈᚪᛏᚱᚩᚩᚾᛋ,306
voluptas,70916,0,ᚢᚩᛚᚢᛈᛏᚪᛋ,338
eridanus,70895,0,ᛖᚱᛁᛞᚪᚾᚢᛋ,380
pigsties,70865,0,ᛈᛁᚷᛋᛏᛁᛖᛋ,354
unpicked,70848,0,ᚢᚾᛈᛁᚳᚳᛖᛞ,288
stenches,70835,0,ᛋᛏᛖᚾᚳᚻᛖᛋ,364
toponymy,70820,0,ᛏᚩᛈᚩᚾᚣᛗᚣ,422
splenius,70818,0,ᛋᛈᛚᛖᚾᛁᚢᛋ,352
griddles,70800,0,ᚷᚱᛁᛞᛞᛚᛖᛋ,430
phasianus,70799,0,ᛈᚻᚪᛋᛡᚾᚢᛋ,408
pocasset,70777,0,ᛈᚩᚳᚪᛋᛋᛖᛏ,392
shabbier,70762,0,ᛋᚻᚪᛒᛒᛁᛖᚱ,404
unseeded,70759,0,ᚢᚾᛋᛖᛖᛞᛖᛞ,464
mirabilia,70741,0,ᛗᛁᚱᚪᛒᛁᛚᛡ,482
unplugging,70736,0,ᚢᚾᛈᛚᚢᚷᚷᛝ,264
unsleeping,70724,0,ᚢᚾᛋᛚᛖᛖᛈᛝ,414
dockland,70684,0,ᛞᚩᚳᚳᛚᚪᚾᛞ,410
creational,70683,0,ᚳᚱᛠᛏᛡᚾᚪᛚ,498
paludina,70665,0,ᛈᚪᛚᚢᛞᛁᚾᚪ,462
altricial,70623,0,ᚪᛚᛏᚱᛁᚳᛡᛚ,464
statists,70575,0,ᛋᛏᚪᛏᛁᛋᛏᛋ,464
martlets,70520,0,ᛗᚪᚱᛏᛚᛖᛏᛋ,490
beefeater,70517,0,ᛒᛖᛖᚠᛠᛏᛖᚱ,443
curiouser,70504,0,ᚳᚢᚱᛡᚢᛋᛖᚱ,268
parented,70500,0,ᛈᚪᚱᛖᚾᛏᛖᛞ,462
kisangani,70491,0,ᚳᛁᛋᚪᛝᚪᚾᛁ,430
gimmicky,70485,0,ᚷᛁᛗᛗᛁᚳᚳᚣ,350
shewbread,70477,0,ᛋᚻᛖᚹᛒᚱᛠᛞ,432
striplings,70455,0,ᛋᛏᚱᛁᛈᛚᛝᛋ,402
gloxinias,70418,0,ᚷᛚᚩᛉᛁᚾᛡᛋ,364
falangist,70418,0,ᚠᚪᛚᚪᛝᛁᛋᛏ,491
prankish,70287,0,ᛈᚱᚪᚾᚳᛁᛋᚻ,300
trochees,70207,0,ᛏᚱᚩᚳᚻᛖᛖᛋ,300
earthshaking,70181,0,ᛠᚱᚦᛋᚻᚪᚳᛝ,390
blandest,70177,0,ᛒᛚᚪᚾᛞᛖᛋᛏ,528
dissever,70147,0,ᛞᛁᛋᛋᛖᚢᛖᚱ,374
acclaims,70125,0,ᚪᚳᚳᛚᚪᛁᛗᛋ,448
leastwise,70063,0,ᛚᛠᛋᛏᚹᛁᛋᛖ,464
sandaled,70057,0,ᛋᚪᚾᛞᚪᛚᛖᛞ,594
misspell,70057,0,ᛗᛁᛋᛋᛈᛖᛚᛚ,464
makeovers,70040,0,ᛗᚪᚳᛇᚢᛖᚱᛋ,356
galbanum,70026,0,ᚷᚪᛚᛒᚪᚾᚢᛗ,448
savantes,70020,0,ᛋᚪᚢᚪᚾᛏᛖᛋ,458
jodhpurs,70020,0,ᛂᚩᛞᚻᛈᚢᚱᛋ,266
obtention,70014,0,ᚩᛒᛏᛖᚾᛏᛡᚾ,418
exploder,69965,0,ᛖᛉᛈᛚᚩᛞᛖᚱ,404
bethabara,69916,0,ᛒᛖᚦᚪᛒᚪᚱᚪ,496
clatters,69914,0,ᚳᛚᚪᛏᛏᛖᚱᛋ,432
cigarets,69820,0,ᚳᛁᚷᚪᚱᛖᛏᛋ,348
jeremiads,69700,0,ᛂᛖᚱᛖᛗᛡᛞᛋ,502
boneyard,69665,0,ᛒᚩᚾᛖᚣᚪᚱᛞ,464
horsehead,69637,0,ᚻᚩᚱᛋᛖᚻᛠᛞ,382
chesnuts,69581,0,ᚳᚻᛖᛋᚾᚢᛏᛋ,300
assegais,69553,0,ᚪᛋᛋᛖᚷᚪᛁᛋ,468
winnable,69533,0,ᚹᛁᚾᚾᚪᛒᛚᛖ,406
palatals,69445,0,ᛈᚪᛚᚪᛏᚪᛚᛋ,592
capybara,69398,0,ᚳᚪᛈᚣᛒᚪᚱᚪ,522
unbuckling,69374,0,ᚢᚾᛒᚢᚳᚳᛚᛝ,274
parasangs,69302,0,ᛈᚪᚱᚪᛋᚪᛝᛋ,530
puttered,69283,0,ᛈᚢᛏᛏᛖᚱᛖᛞ,398
parboiling,69276,0,ᛈᚪᚱᛒᚩᛁᛚᛝ,402
kissable,69255,0,ᚳᛁᛋᛋᚪᛒᛚᛖ,448
fishwife,69255,0,ᚠᛁᛋᚻᚹᛁᚠᛖ,228
chancels,69241,0,ᚳᚻᚪᚾᚳᛖᛚᛋ,368
urinates,69212,0,ᚢᚱᛁᚾᚪᛏᛖᛋ,350
prepupal,69207,0,ᛈᚱᛖᛈᚢᛈᚪᛚ,380
aigrette,69172,0,ᚪᛁᚷᚱᛖᛏᛏᛖ,408
northerns,69156,0,ᚾᚩᚱᚦᛖᚱᚾᛋ,212
valencias,69148,0,ᚢᚪᛚᛖᚾᚳᛡᛋ,442
culverin,69106,0,ᚳᚢᛚᚢᛖᚱᛁᚾ,230
cellists,69103,0,ᚳᛖᛚᛚᛁᛋᛏᛋ,422
debacles,69081,0,ᛞᛖᛒᚪᚳᛚᛖᛋ,520
clumsier,69013,0,ᚳᛚᚢᛗᛋᛁᛖᚱ,322
fugacious,68996,0,ᚠᚢᚷᚪᚳᛡᚢᛋ,295
deltoids,68994,0,ᛞᛖᛚᛏᚩᛁᛞᛋ,468
undraped,68952,0,ᚢᚾᛞᚱᚪᛈᛖᛞ,428
pluvialis,68942,0,ᛈᛚᚢᚢᛡᛚᛁᛋ,386
anecdota,68891,0,ᚪᚾᛖᚳᛞᚩᛏᚪ,458
outbidding,68815,0,ᚩᚢᛏᛒᛁᛞᛞᛝ,418
starcher,68800,0,ᛋᛏᚪᚱᚳᚻᛖᚱ,334
tailgating,68728,0,ᛏᚪᛁᛚᚷᚪᛏᛝ,512
inspirit,68703,0,ᛁᚾᛋᛈᛁᚱᛁᛏ,288
princeling,68670,0,ᛈᚱᛁᚾᚳᛖᛚᛝ,346
pomander,68668,0,ᛈᚩᛗᚪᚾᛞᛖᚱ,414
zamenhof,68644,0,ᛋᚪᛗᛖᚾᚻᚩᚠ,349
sunbaked,68610,0,ᛋᚢᚾᛒᚪᚳᛖᛞ,412
bluenose,68525,0,ᛒᛚᚢᛖᚾᚩᛋᛖ,360
autoharp,68461,0,ᚪᚢᛏᚩᚻᚪᚱᛈ,340
bulimics,68453,0,ᛒᚢᛚᛁᛗᛁᚳᛋ,336
decenter,68401,0,ᛞᛖᚳᛖᚾᛏᛖᚱ,402
curtseying,68386,0,ᚳᚢᚱᛏᛋᛖᚣᛝ,388
adjustor,68380,0,ᚪᛞᛂᚢᛋᛏᚩᚱ,356
homoeopath,68341,0,ᚻᚩᛗᛟᚩᛈᚪᚦ,336
sanatory,68340,0,ᛋᚪᚾᚪᛏᚩᚱᚣ,456
parodist,68336,0,ᛈᚪᚱᚩᛞᛁᛋᛏ,390
agrimony,68333,0,ᚪᚷᚱᛁᛗᚩᚾᚣ,366
scarlets,68283,0,ᛋᚳᚪᚱᛚᛖᛏᛋ,426
caragana,68179,0,ᚳᚪᚱᚪᚷᚪᚾᚪ,458
whippers,68128,0,ᚹᚻᛁᛈᛈᛖᚱᛋ,290
greybeard,68125,0,ᚷᚱᛖᚣᛒᛠᚱᛞ,468
buntline,68118,0,ᛒᚢᚾᛏᛚᛁᚾᛖ,352
lycopods,68046,0,ᛚᚣᚳᚩᛈᚩᛞᛋ,388
snuggles,68010,0,ᛋᚾᚢᚷᚷᛚᛖᛋ,312
asbestus,67991,0,ᚪᛋᛒᛖᛋᛏᚢᛋ,446
clawlike,67977,0,ᚳᛚᚪᚹᛚᛁᚳᛖ,386
busloads,67927,0,ᛒᚢᛋᛚᚩᚪᛞᛋ,436
walloped,67926,0,ᚹᚪᛚᛚᚩᛈᛖᛞ,468
slideway,67900,0,ᛋᛚᛁᛞᛖᚹᚪᚣ,532
eelworms,67874,0,ᛖᛖᛚᚹᚩᚱᛗᛋ,368
flypaper,67787,0,ᚠᛚᚣᛈᚪᛈᛖᚱ,439
systoles,67782,0,ᛋᚣᛋᛏᚩᛚᛖᛋ,468
biddable,67770,0,ᛒᛁᛞᛞᚪᛒᛚᛖ,568
vedettes,67757,0,ᚢᛖᛞᛖᛏᛏᛖᛋ,464
windsors,67723,0,ᚹᛁᚾᛞᛋᚩᚱᛋ,292
triflers,67691,0,ᛏᚱᛁᚠᛚᛖᚱᛋ,307
tartlets,67674,0,ᛏᚪᚱᛏᛚᛖᛏᛋ,478
theropods,67672,0,ᚦᛖᚱᚩᛈᚩᛞᛋ,282
ropeways,67635,0,ᚱᚩᛈᛖᚹᚪᚣᛋ,400
yarmulke,67631,0,ᚣᚪᚱᛗᚢᛚᚳᛖ,438
fireroom,67620,0,ᚠᛁᚱᛖᚱᚩᚩᛗ,207
farthingale,67609,0,ᚠᚪᚱᚦᛝᚪᛚᛖ,431
shallops,67599,0,ᛋᚻᚪᛚᛚᚩᛈᛋ,422
refugium,67580,0,ᚱᛖᚠᚢᚷᛁᚢᛗ,205
inflecting,67569,0,ᛁᚾᚠᛚᛖᚳᛏᛝ,353
warmonger,67544,0,ᚹᚪᚱᛗᚩᛝᛖᚱ,362
cachalot,67481,0,ᚳᚪᚳᚻᚪᛚᚩᛏ,382
pourtray,67458,0,ᛈᚩᚢᚱᛏᚱᚪᚣ,334
gouaches,67419,0,ᚷᚩᚢᚪᚳᚻᛖᛋ,280
manciple,67376,0,ᛗᚪᚾᚳᛁᛈᛚᛖ,424
hachures,67373,0,ᚻᚪᚳᚻᚢᚱᛖᛋ,290
javelina,67362,0,ᛂᚪᚢᛖᛚᛁᚾᚪ,434
overplay,67334,0,ᚩᚢᛖᚱᛈᛚᚪᚣ,404
thorniest,67300,0,ᚦᚩᚱᚾᛁᛖᛋᛏ,262
sectored,67288,0,ᛋᛖᚳᛏᚩᚱᛖᛞ,366
scutella,67253,0,ᛋᚳᚢᛏᛖᛚᛚᚪ,438
unchosen,67216,0,ᚢᚾᚳᚻᚩᛋᛖᚾ,224
bluecoat,67190,0,ᛒᛚᚢᛖᚳᚩᚪᛏ,380
overtops,67179,0,ᚩᚢᛖᚱᛏᚩᛈᛋ,250
saraband,67168,0,ᛋᚪᚱᚪᛒᚪᚾᛞ,534
flatworm,67149,0,ᚠᛚᚪᛏᚹᚩᚱᛗ,339
kilobits,67147,0,ᚳᛁᛚᚩᛒᛁᛏᛋ,328
extrudes,67112,0,ᛖᛉᛏᚱᚢᛞᛖᛋ,396
burundian,67088,0,ᛒᚢᚱᚢᚾᛞᛡᚾ,332
dampener,67047,0,ᛞᚪᛗᛈᛖᚾᛖᚱ,474
corralling,67010,0,ᚳᚩᚱᚱᚪᛚᛚᛝ,364
outshining,67002,0,ᚩᚢᛏᛋᚻᛁᚾᛝ,284
castalian,66998,0,ᚳᚪᛋᛏᚪᛚᛡᚾ,528
peekaboo,66990,0,ᛈᛖᛖᚳᚪᛒᚩᚩ,362
untucked,66964,0,ᚢᚾᛏᚢᚳᚳᛖᛞ,276
volleyed,66951,0,ᚢᚩᛚᛚᛖᚣᛖᛞ,482
sanative,66942,0,ᛋᚪᚾᚪᛏᛁᚢᛖ,436
goloshes,66919,0,ᚷᚩᛚᚩᛋᚻᛖᛋ,300
rampaged,66909,0,ᚱᚪᛗᛈᚪᚷᛖᛞ,492
quickset,66813,0,ᚳᚹᛁᚳᚳᛋᛖᛏ,268
limbered,66796,0,ᛚᛁᛗᛒᛖᚱᛖᛞ,470
wineskin,66726,0,ᚹᛁᚾᛖᛋᚳᛁᚾ,272
lutenist,66676,0,ᛚᚢᛏᛖᚾᛁᛋᛏ,374
notifier,66658,0,ᚾᚩᛏᛁᚠᛁᛖᚱ,237
pinchers,66651,0,ᛈᛁᚾᚳᚻᛖᚱᛋ,270
buckaroo,66643,0,ᛒᚢᚳᚳᚪᚱᚩᚩ,212
pythoness,66610,0,ᛈᚣᚦᚩᚾᛖᛋᛋ,360
brunches,66601,0,ᛒᚱᚢᚾᚳᚻᛖᛋ,260
warrener,66571,0,ᚹᚪᚱᚱᛖᚾᛖᚱ,312
maturest,66548,0,ᛗᚪᛏᚢᚱᛖᛋᛏ,420
splitted,66532,0,ᛋᛈᛚᛁᛏᛏᛖᛞ,474
turquois,66483,0,ᛏᚢᚱᚳᚹᚩᛁᛋ,196
satanist,66391,0,ᛋᚪᛏᚪᚾᛁᛋᛏ,478
conferva,66342,0,ᚳᚩᚾᚠᛖᚱᚢᚪ,229
presetting,66293,0,ᛈᚱᛖᛋᛖᛏᛏᛝ,438
inebriating,66288,0,ᛁᚾᛖᛒᚱᛡᛏᛝ,444
devilled,66242,0,ᛞᛖᚢᛁᛚᛚᛖᛞ,492
chaunted,66239,0,ᚳᚻᚪᚢᚾᛏᛖᛞ,380
tilefish,66158,0,ᛏᛁᛚᛖᚠᛁᛋᚻ,339
polecats,66157,0,ᛈᚩᛚᛖᚳᚪᛏᛋ,412
geomantic,66130,0,ᚷᛇᛗᚪᚾᛏᛁᚳ,358
bookwork,66103,0,ᛒᚩᚩᚳᚹᚩᚱᚳ,138
gestalts,66068,0,ᚷᛖᛋᛏᚪᛚᛏᛋ,478
dabblers,66059,0,ᛞᚪᛒᛒᛚᛖᚱᛋ,512
palmiest,66035,0,ᛈᚪᛚᛗᛁᛖᛋᛏ,494
statured,66024,0,ᛋᛏᚪᛏᚢᚱᛖᛞ,438
sinology,66007,0,ᛋᛁᚾᚩᛚᚩᚷᚣ,320
frontlet,65991,0,ᚠᚱᚩᚾᛏᛚᛖᛏ,307
moonshee,65957,0,ᛗᚩᚩᚾᛋᚻᛖᛖ,324
comitium,65946,0,ᚳᚩᛗᛁᛏᛁᚢᛗ,286
hospodar,65854,0,ᚻᚩᛋᛈᚩᛞᚪᚱ,330
falernian,65837,0,ᚠᚪᛚᛖᚱᚾᛡᚾ,415
pinscher,65816,0,ᛈᛁᚾᛋᚳᚻᛖᚱ,270
organdie,65805,0,ᚩᚱᚷᚪᚾᛞᛁᛖ,348
overpast,65802,0,ᚩᚢᛖᚱᛈᚪᛋᛏ,340
outlasting,65787,0,ᚩᚢᛏᛚᚪᛋᛏᛝ,430
hideaways,65780,0,ᚻᛁᛞᛠᚹᚪᚣᛋ,524
stepsons,65778,0,ᛋᛏᛖᛈᛋᚩᚾᛋ,364
castanet,65768,0,ᚳᚪᛋᛏᚪᚾᛖᛏ,474
barrooms,65743,0,ᛒᚪᚱᚱᚩᚩᛗᛋ,318
assigner,65718,0,ᚪᛋᛋᛁᚷᚾᛖᚱ,358
confutes,65705,0,ᚳᚩᚾᚠᚢᛏᛖᛋ,233
spindled,65693,0,ᛋᛈᛁᚾᛞᛚᛖᛞ,474
ungranted,65691,0,ᚢᛝᚱᚪᚾᛏᛖᛞ,434
mastoids,65630,0,ᛗᚪᛋᛏᚩᛁᛞᛋ,460
forelady,65603,0,ᚠᚩᚱᛖᛚᚪᛞᚣ,449
deportee,65594,0,ᛞᛖᛈᚩᚱᛏᛖᛖ,410
hinderer,65544,0,ᚻᛁᚾᛞᛖᚱᛖᚱ,328
comedown,65503,0,ᚳᚩᛗᛖᛞᚩᚹᚾ,302
aspersed,65487,0,ᚪᛋᛈᛖᚱᛋᛖᛞ,480
ovaritis,65482,0,ᚩᚢᚪᚱᛁᛏᛁᛋ,292
cockcrow,65452,0,ᚳᚩᚳᚳᚳᚱᚩᚹ,96
harkened,65429,0,ᚻᚪᚱᚳᛖᚾᛖᛞ,396
sisyphean,65405,0,ᛋᛁᛋᚣᛈᚻᛠᚾ,444
blazonry,65356,0,ᛒᛚᚪᛋᚩᚾᚱᚣ,434
innoxious,65350,0,ᛁᚾᚾᚩᛉᛡᚢᛋ,306
lubberly,65339,0,ᛚᚢᛒᛒᛖᚱᛚᚣ,452
polishings,65262,0,ᛈᚩᛚᛁᛋᚻᛝᛋ,362
keelboat,65261,0,ᚳᛖᛖᛚᛒᚩᚪᛏ,444
courants,65254,0,ᚳᚩᚢᚱᚪᚾᛏᛋ,272
maldivian,65244,0,ᛗᚪᛚᛞᛁᚢᛡᚾ,500
crockets,65240,0,ᚳᚱᚩᚳᚳᛖᛏᛋ,236
bandanas,65215,0,ᛒᚪᚾᛞᚪᚾᚪᛋ,552
bechamel,65214,0,ᛒᛖᚳᚻᚪᛗᛖᛚ,472
chymosin,65203,0,ᚳᚻᚣᛗᚩᛋᛁᚾ,330
bevatron,65117,0,ᛒᛖᚢᚪᛏᚱᚩᚾ,334
heartthrob,65107,0,ᚻᛠᚱᛏᚦᚱᚩᛒ,286
xanthippe,65077,0,ᛉᚪᚾᚦᛁᛈᛈᛖ,362
cotillon,65065,0,ᚳᚩᛏᛁᛚᛚᚩᚾ,292
cogitate,65054,0,ᚳᚩᚷᛁᛏᚪᛏᛖ,350
cosiness,65035,0,ᚳᚩᛋᛁᚾᛖᛋᛋ,306
sangfroid,64905,0,ᛋᚪᛝᚠᚱᚩᛁᛞ,369
pasquino,64835,0,ᛈᚪᛋᚳᚹᛁᚾᚩ,292
rawboned,64833,0,ᚱᚪᚹᛒᚩᚾᛖᛞ,380
bestriding,64828,0,ᛒᛖᛋᛏᚱᛁᛞᛝ,450
bighorns,64827,0,ᛒᛁᚷᚻᚩᚱᚾᛋ,232
murthered,64815,0,ᛗᚢᚱᚦᛖᚱᛖᛞ,324
contrail,64805,0,ᚳᚩᚾᛏᚱᚪᛁᛚ,320
valuably,64781,0,ᚢᚪᛚᚢᚪᛒᛚᚣ,510
osnaburg,64748,0,ᚩᛋᚾᚪᛒᚢᚱᚷ,278
folksinger,64675,0,ᚠᚩᛚᚳᛋᛝᛖᚱ,305
slashers,64633,0,ᛋᛚᚪᛋᚻᛖᚱᛋ,430
blowfish,64610,0,ᛒᛚᚩᚹᚠᛁᛋᚻ,269
mittened,64565,0,ᛗᛁᛏᛏᛖᚾᛖᛞ,472
mistimed,64558,0,ᛗᛁᛋᛏᛁᛗᛖᛞ,472
raftsmen,64510,0,ᚱᚪᚠᛏᛋᛗᛖᚾ,389
fauteuil,64488,0,ᚠᚪᚢᛏᛖᚢᛁᛚ,335
reticles,64456,0,ᚱᛖᛏᛁᚳᛚᛖᛋ,374
batterie,64431,0,ᛒᚪᛏᛏᛖᚱᛁᛖ,452
palfreys,64401,0,ᛈᚪᛚᚠᚱᛖᚣᛋ,449
obligato,64366,0,ᚩᛒᛚᛁᚷᚪᛏᚩ,352
smeltery,64339,0,ᛋᛗᛖᛚᛏᛖᚱᚣ,504
rewritings,64304,0,ᚱᛖᚹᚱᛁᛏᛝᛋ,330
oxygenic,64271,0,ᚩᛉᚣᚷᛖᚾᛁᚳ,314
feterita,64236,0,ᚠᛖᛏᛖᚱᛁᛏᚪ,393
illative,64223,0,ᛁᛚᛚᚪᛏᛁᚢᛖ,434
cashbook,64211,0,ᚳᚪᛋᚻᛒᚩᚩᚳ,274
excoriate,64192,0,ᛖᛉᚳᚩᚱᛡᛏᛖ,378
chaffers,64166,0,ᚳᚻᚪᚠᚠᛖᚱᛋ,268
outrider,64114,0,ᚩᚢᛏᚱᛁᛞᛖᚱ,278
canticum,64081,0,ᚳᚪᚾᛏᛁᚳᚢᛗ,316
overrating,64045,0,ᚩᚢᛖᚱᚱᚪᛏᛝ,334
figgered,63981,0,ᚠᛁᚷᚷᛖᚱᛖᛞ,301
scissoring,63934,0,ᛋᚳᛁᛋᛋᚩᚱᛝ,300
rummages,63904,0,ᚱᚢᛗᛗᚪᚷᛖᛋ,390
philomath,63844,0,ᛈᚻᛁᛚᚩᛗᚪᚦ,350
vineries,63792,0,ᚢᛁᚾᛖᚱᛁᛖᛋ,292
helmsmen,63784,0,ᚻᛖᛚᛗᛋᛗᛖᚾ,454
meliorate,63696,0,ᛗᛖᛚᛡᚱᚪᛏᛖ,552
waysides,63643,0,ᚹᚪᚣᛋᛁᛞᛖᛋ,512
earpieces,63641,0,ᛠᚱᛈᛁᛖᚳᛖᛋ,394
souffles,63574,0,ᛋᚩᚢᚠᚠᛚᛖᛋ,260
chambering,63534,0,ᚳᚻᚪᛗᛒᛖᚱᛝ,422
macaroon,63513,0,ᛗᚪᚳᚪᚱᚩᚩᚾ,332
jailbird,63445,0,ᛂᚪᛁᛚᛒᛁᚱᛞ,430
befooled,63420,0,ᛒᛖᚠᚩᚩᛚᛖᛞ,373
habanera,63370,0,ᚻᚪᛒᚪᚾᛖᚱᚪ,482
headrests,63291,0,ᚻᛠᛞᚱᛖᛋᛏᛋ,464
scullions,63231,0,ᛋᚳᚢᛚᛚᛡᚾᛋ,404
glossies,63228,0,ᚷᛚᚩᛋᛋᛁᛖᛋ,354
sannyasi,63191,0,ᛋᚪᚾᚾᚣᚪᛋᛁ,492
coatless,63160,0,ᚳᚩᚪᛏᛚᛖᛋᛋ,422
bicycled,63157,0,ᛒᛁᚳᚣᚳᛚᛖᛞ,450
unhoused,63136,0,ᚢᚾᚻᚩᚢᛋᛖᛞ,274
gradable,63136,0,ᚷᚱᚪᛞᚪᛒᛚᛖ,512
highlife,63123,0,ᚻᛁᚷᚻᛚᛁᚠᛖ,267
gayeties,63102,0,ᚷᚪᚣᛖᛏᛁᛖᛋ,494
skinnier,63097,0,ᛋᚳᛁᚾᚾᛁᛖᚱ,264
sermonic,63043,0,ᛋᛖᚱᛗᚩᚾᛁᚳ,282
kippered,63021,0,ᚳᛁᛈᛈᛖᚱᛖᛞ,364
stoutish,62997,0,ᛋᛏᚩᚢᛏᛁᛋᚻ,288
umquhile,62937,0,ᚢᛗᚳᚹᚻᛁᛚᛖ,300
sandarac,62914,0,ᛋᚪᚾᛞᚪᚱᚪᚳ,486
stillest,62888,0,ᛋᛏᛁᛚᛚᛖᛋᛏ,468
caribbee,62887,0,ᚳᚪᚱᛁᛒᛒᛖᛖ,408
breeched,62872,0,ᛒᚱᛖᛖᚳᚻᛖᛞ,398
ilyushin,62861,0,ᛁᛚᚣᚢᛋᚻᛁᚾ,346
wellheads,62798,0,ᚹᛖᛚᛚᚻᛠᛞᛋ,506
soberest,62784,0,ᛋᚩᛒᛖᚱᛖᛋᛏ,378
drainers,62742,0,ᛞᚱᚪᛁᚾᛖᚱᛋ,388
paratory,62741,0,ᛈᚪᚱᚪᛏᚩᚱᚣ,428
expresso,62738,0,ᛖᛉᛈᚱᛖᛋᛋᚩ,348
sabbatic,62737,0,ᛋᚪᛒᛒᚪᛏᛁᚳ,472
belabour,62705,0,ᛒᛖᛚᚪᛒᚩᚢᚱ,380
forswore,62683,0,ᚠᚩᚱᛋᚹᚩᚱᛖ,177
primness,62677,0,ᛈᚱᛁᛗᚾᛖᛋᛋ,358
mogadore,62673,0,ᛗᚩᚷᚪᛞᚩᚱᛖ,366
pretorian,62656,0,ᛈᚱᛖᛏᚩᚱᛡᚾ,334
baldpate,62653,0,ᛒᚪᛚᛞᛈᚪᛏᛖ,586
gemellus,62638,0,ᚷᛖᛗᛖᛚᛚᚢᛋ,424
carmines,62623,0,ᚳᚪᚱᛗᛁᚾᛖᛋ,372
peignoir,62553,0,ᛈᛖᛁᚷᚾᚩᛁᚱ,236
kumquats,62553,0,ᚳᚢᛗᚳᚹᚪᛏᛋ,328
apprises,62548,0,ᚪᛈᛈᚱᛁᛋᛖᛋ,398
scalawag,62540,0,ᛋᚳᚪᛚᚪᚹᚪᚷ,466
charlies,62535,0,ᚳᚻᚪᚱᛚᛁᛖᛋ,368
deservings,62524,0,ᛞᛖᛋᛖᚱᚢᛝᛋ,422
palinode,62509,0,ᛈᚪᛚᛁᚾᚩᛞᛖ,436
voussoir,62503,0,ᚢᚩᚢᛋᛋᚩᛁᚱ,168
dytiscus,62497,0,ᛞᚣᛏᛁᛋᚳᚢᛋ,404
slimmest,62482,0,ᛋᛚᛁᛗᛗᛖᛋᛏ,478
haricots,62465,0,ᚻᚪᚱᛁᚳᚩᛏᛋ,294
stockier,62464,0,ᛋᛏᚩᚳᚳᛁᛖᚱ,254
carports,62446,0,ᚳᚪᚱᛈᚩᚱᛏᛋ,294
corseted,62439,0,ᚳᚩᚱᛋᛖᛏᛖᛞ,366
sampaloc,62388,0,ᛋᚪᛗᛈᚪᛚᚩᚳ,454
fumarole,62364,0,ᚠᚢᛗᚪᚱᚩᛚᛖ,331
sluggers,62356,0,ᛋᛚᚢᚷᚷᛖᚱᛋ,294
apparels,62320,0,ᚪᛈᛈᚪᚱᛖᛚᛋ,484
humanise,62255,0,ᚻᚢᛗᚪᚾᛁᛋᛖ,374
frailest,62248,0,ᚠᚱᚪᛁᛚᛖᛋᛏ,393
grindelia,62226,0,ᚷᚱᛁᚾᛞᛖᛚᛡ,424
fireboat,62209,0,ᚠᛁᚱᛖᛒᚩᚪᛏ,335
walkover,62182,0,ᚹᚪᛚᚳᚩᚢᛖᚱ,290
nickered,62180,0,ᚾᛁᚳᚳᛖᚱᛖᛞ,320
chaudron,62173,0,ᚳᚻᚪᚢᛞᚱᚩᚾ,272
vestures,62111,0,ᚢᛖᛋᛏᚢᚱᛖᛋ,316
teresina,62081,0,ᛏᛖᚱᛖᛋᛁᚾᚪ,414
sluttish,62048,0,ᛋᛚᚢᛏᛏᛁᛋᚻ,354
doorsill,62022,0,ᛞᚩᚩᚱᛋᛁᛚᛚ,344
surfeiting,62012,0,ᛋᚢᚱᚠᛖᛁᛏᛝ,305
distrait,61998,0,ᛞᛁᛋᛏᚱᚪᛁᛏ,430
besieger,61998,0,ᛒᛖᛋᛁᛖᚷᛖᚱ,374
scorners,61986,0,ᛋᚳᚩᚱᚾᛖᚱᛋ,244
dialyzers,61855,0,ᛞᛡᛚᚣᛋᛖᚱᛋ,556
defrauds,61850,0,ᛞᛖᚠᚱᚪᚢᛞᛋ,411
misstating,61818,0,ᛗᛁᛋᛋᛏᚪᛏᛝ,502
flatmate,61768,0,ᚠᛚᚪᛏᛗᚪᛏᛖ,525
moviegoer,61767,0,ᛗᚩᚢᛁᛖᚷᛟᚱ,290
returner,61728,0,ᚱᛖᛏᚢᚱᚾᛖᚱ,258
moresque,61715,0,ᛗᚩᚱᛖᛋᚳᚹᛖ,308
aerolites,61653,0,ᚫᚱᚩᛚᛁᛏᛖᛋ,402
toadfish,61606,0,ᛏᚩᚪᛞᚠᛁᛋᚻ,361
cowhouse,61602,0,ᚳᚩᚹᚻᚩᚢᛋᛖ,192
wigglers,61601,0,ᚹᛁᚷᚷᛚᛖᚱᛋ,288
seaboards,61592,0,ᛋᛠᛒᚩᚪᚱᛞᛋ,480
spritzer,61581,0,ᛋᛈᚱᛁᛏᛋᛖᚱ,328
woodworm,61572,0,ᚹᚩᚩᛞᚹᚩᚱᛗ,230
guzzlers,61570,0,ᚷᚢᛋᛋᛚᛖᚱᛋ,330
zoophyte,61539,0,ᛋᚩᚩᛈᚻᚣᛏᛖ,362
cowbells,61534,0,ᚳᚩᚹᛒᛖᛚᛚᛋ,366
assertor,61516,0,ᚪᛋᛋᛖᚱᛏᚩᚱ,358
dicranum,61507,0,ᛞᛁᚳᚱᚪᚾᚢᛗ,344
decurions,61480,0,ᛞᛖᚳᚢᚱᛡᚾᛋ,372
bargeman,61453,0,ᛒᚪᚱᚷᛖᛗᚪᚾ,450
handspring,61416,0,ᚻᚪᚾᛞᛋᛈᚱᛝ,424
tumbrils,61391,0,ᛏᚢᛗᛒᚱᛁᛚᛋ,362
goatherds,61376,0,ᚷᚩᚪᚦᛖᚱᛞᛋ,346
homebody,61313,0,ᚻᚩᛗᛖᛒᚩᛞᚣ,428
inkblots,61296,0,ᛁᚾᚳᛒᛚᚩᛏᛋ,326
unseeingly,61216,0,ᚢᚾᛋᛖᛖᛝᛚᚣ,474
quickies,61203,0,ᚳᚹᛁᚳᚳᛁᛖᛋ,240
bookland,61183,0,ᛒᚩᚩᚳᛚᚪᚾᛞ,376
chirruping,61174,0,ᚳᚻᛁᚱᚱᚢᛈᛝ,214
romanizing,61113,0,ᚱᚩᛗᚪᚾᛁᛋᛝ,378
trusties,61062,0,ᛏᚱᚢᛋᛏᛁᛖᛋ,336
greeters,61049,0,ᚷᚱᛖᛖᛏᛖᚱᛋ,352
bentleys,61045,0,ᛒᛖᚾᛏᛚᛖᚣᛋ,512
lactates,61028,0,ᛚᚪᚳᛏᚪᛏᛖᛋ,518
wherries,61006,0,ᚹᚻᛖᚱᚱᛁᛖᛋ,282
wearables,61005,0,ᚹᛠᚱᚪᛒᛚᛖᛋ,490
postdocs,60959,0,ᛈᚩᛋᛏᛞᚩᚳᛋ,324
scotches,60954,0,ᛋᚳᚩᛏᚳᚻᛖᛋ,288
washbowl,60943,0,ᚹᚪᛋᚻᛒᚩᚹᛚ,352
amusedly,60892,0,ᚪᛗᚢᛋᛖᛞᛚᚣ,556
apiarists,60886,0,ᚪᛈᛡᚱᛁᛋᛏᛋ,454
coverlid,60879,0,ᚳᚩᚢᛖᚱᛚᛁᛞ,294
cercarial,60874,0,ᚳᛖᚱᚳᚪᚱᛡᛚ,392
solvates,60847,0,ᛋᚩᛚᚢᚪᛏᛖᛋ,412
utricles,60838,0,ᚢᛏᚱᛁᚳᛚᛖᛋ,310
annulets,60814,0,ᚪᚾᚾᚢᛚᛖᛏᛋ,410
bloaters,60792,0,ᛒᛚᚩᚪᛏᛖᚱᛋ,428
cofferer,60784,0,ᚳᚩᚠᚠᛖᚱᛖᚱ,180
chelonian,60711,0,ᚳᚻᛖᛚᚩᚾᛡᚾ,348
microdot,60702,0,ᛗᛁᚳᚱᚩᛞᚩᛏ,288
quintius,60675,0,ᚳᚹᛁᚾᛏᛁᚢᛋ,238
pervasion,60668,0,ᛈᛖᚱᚢᚪᛋᛡᚾ,410
chaetodon,60642,0,ᚳᚻᚫᛏᚩᛞᚩᚾ,328
reanalyze,60608,0,ᚱᛠᚾᚪᛚᚣᛋᛖ,542
islanded,60601,0,ᛁᛋᛚᚪᚾᛞᛖᛞ,528
adansonia,60466,0,ᚪᛞᚪᚾᛋᚩᚾᛡ,508
pineries,60451,0,ᛈᛁᚾᛖᚱᛁᛖᛋ,332
exemples,60428,0,ᛖᛉᛖᛗᛈᛚᛖᛋ,488
sapropel,60400,0,ᛋᚪᛈᚱᚩᛈᛖᛚ,394
lenience,60392,0,ᛚᛖᚾᛁᛖᚾᚳᛖ,376
cucullus,60379,0,ᚳᚢᚳᚢᛚᛚᚢᛋ,234
kinships,60378,0,ᚳᛁᚾᛋᚻᛁᛈᛋ,276
doorstop,60326,0,ᛞᚩᚩᚱᛋᛏᚩᛈ,276
mandator,60321,0,ᛗᚪᚾᛞᚪᛏᚩᚱ,460
bastioned,60305,0,ᛒᚪᛋᛏᛡᚾᛖᛞ,562
hotcakes,60301,0,ᚻᚩᛏᚳᚪᚳᛖᛋ,332
underlip,60297,0,ᚢᚾᛞᛖᚱᛚᛁᛈ,346
impeaches,60225,0,ᛁᛗᛈᛠᚳᚻᛖᛋ,410
frostily,60222,0,ᚠᚱᚩᛋᛏᛁᛚᚣ,339
misguide,60214,0,ᛗᛁᛋᚷᚢᛁᛞᛖ,362
striders,60213,0,ᛋᛏᚱᛁᛞᛖᚱᛋ,374
tuckered,60202,0,ᛏᚢᚳᚳᛖᚱᛖᛞ,322
bellhops,60177,0,ᛒᛖᛚᛚᚻᚩᛈᛋ,400
bahamians,60146,0,ᛒᚪᚻᚪᛗᛡᚾᛋ,538
meisters,60139,0,ᛗᛖᛁᛋᛏᛖᚱᛋ,412
cherubin,60129,0,ᚳᚻᛖᚱᚢᛒᛁᚾ,238
homelier,60076,0,ᚻᚩᛗᛖᛚᛁᛖᚱ,350
cutaways,60044,0,ᚳᚢᛏᚪᚹᚪᚣᛋ,444
causerie,60014,0,ᚳᚪᚢᛋᛖᚱᛁᛖ,342
lecterns,60012,0,ᛚᛖᚳᛏᛖᚱᚾᛋ,372
mahatmas,59995,0,ᛗᚪᚻᚪᛏᛗᚪᛋ,568
daintier,59970,0,ᛞᚪᛁᚾᛏᛁᛖᚱ,414
doorless,59938,0,ᛞᚩᚩᚱᛚᛖᛋᛋ,360
levities,59924,0,ᛚᛖᚢᛁᛏᛁᛖᛋ,384
cordobas,59921,0,ᚳᚩᚱᛞᚩᛒᚪᛋ,338
tombaugh,59902,0,ᛏᚩᛗᛒᚪᚢᚷᚻ,338
overpaying,59874,0,ᚩᚢᛖᚱᛈᚪᚣᛝ,410
kyphotic,59874,0,ᚳᚣᛈᚻᚩᛏᛁᚳ,292
monkhood,59866,0,ᛗᚩᚾᚳᚻᚩᚩᛞ,246
suspence,59833,0,ᛋᚢᛋᛈᛖᚾᚳᛖ,328
twiddled,59795,0,ᛏᚹᛁᛞᛞᛚᛖᛞ,516
pinecone,59793,0,ᛈᛁᚾᛖᚳᚩᚾᛖ,286
descries,59788,0,ᛞᛖᛋᚳᚱᛁᛖᛋ,384
loadable,59775,0,ᛚᚩᚪᛞᚪᛒᛚᛖ,564
bubblers,59761,0,ᛒᚢᛒᛒᛚᛖᚱᛋ,390
greffier,59741,0,ᚷᚱᛖᚠᚠᛁᛖᚱ,208
neoplasias,59721,0,ᚾᛇᛈᛚᚪᛋᛡᛋ,496
destines,59707,0,ᛞᛖᛋᛏᛁᚾᛖᛋ,448
cruzados,59697,0,ᚳᚱᚢᛋᚪᛞᚩᛋ,326
perilled,59689,0,ᛈᛖᚱᛁᛚᛚᛖᛞ,454
tornillo,59687,0,ᛏᚩᚱᚾᛁᛚᛚᚩ,290
pyromania,59666,0,ᛈᚣᚱᚩᛗᚪᚾᛡ,468
vertexes,59653,0,ᚢᛖᚱᛏᛖᛉᛖᛋ,374
chalazion,59612,0,ᚳᚻᚪᛚᚪᛋᛡᚾ,492
springless,59603,0,ᛋᛈᚱᛝᛚᛖᛋᛋ,432
langeland,59565,0,ᛚᚪᛝᛖᛚᚪᚾᛞ,604
loudmouth,59550,0,ᛚᚩᚢᛞᛗᚩᚢᚦ,258
puseyism,59545,0,ᛈᚢᛋᛖᚣᛁᛋᛗ,424
flunkeys,59533,0,ᚠᛚᚢᚾᚳᛖᚣᛋ,343
unshaved,59526,0,ᚢᚾᛋᚻᚪᚢᛖᛞ,364
forswearing,59485,0,ᚠᚩᚱᛋᚹᛠᚱᛝ,291
obtrusion,59482,0,ᚩᛒᛏᚱᚢᛋᛡᚾ,330
comporting,59458,0,ᚳᚩᛗᛈᚩᚱᛏᛝ,290
rakishly,59445,0,ᚱᚪᚳᛁᛋᚻᛚᚣ,404
hautbois,59424,0,ᚻᚪᚢᛏᛒᚩᛁᛋ,334
romanies,59420,0,ᚱᚩᛗᚪᚾᛁᛖᛋ,366
outrance,59381,0,ᚩᚢᛏᚱᚪᚾᚳᛖ,286
bedposts,59361,0,ᛒᛖᛞᛈᚩᛋᛏᛋ,432
antinode,59342,0,ᚪᚾᛏᛁᚾᚩᛞᛖ,408
underseas,59330,0,ᚢᚾᛞᛖᚱᛋᛠᛋ,414
harpists,59279,0,ᚻᚪᚱᛈᛁᛋᛏᛋ,370
whittles,59272,0,ᚹᚻᛁᛏᛏᛚᛖᛋ,384
sourwood,59234,0,ᛋᚩᚢᚱᚹᚩᚩᛞ,196
regarder,59193,0,ᚱᛖᚷᚪᚱᛞᛖᚱ,370
quirites,59180,0,ᚳᚹᛁᚱᛁᛏᛖᛋ,284
shinbone,59176,0,ᛋᚻᛁᚾᛒᚩᚾᛖ,300
versicle,59173,0,ᚢᛖᚱᛋᛁᚳᛚᛖ,318
pentodes,59171,0,ᛈᛖᚾᛏᚩᛞᛖᛋ,414
potshots,59163,0,ᛈᚩᛏᛋᚻᚩᛏᛋ,304
pendents,59163,0,ᛈᛖᚾᛞᛖᚾᛏᛋ,436
medicals,59163,0,ᛗᛖᛞᛁᚳᚪᛚᛋ,494
imposingly,59155,0,ᛁᛗᛈᚩᛋᛝᛚᚣ,460
crueller,59127,0,ᚳᚱᚢᛖᛚᛚᛖᚱ,318
pipeclay,59101,0,ᛈᛁᛈᛖᚳᛚᚪᚣ,470
housemen,59091,0,ᚻᚩᚢᛋᛖᛗᛖᚾ,320
minorite,59040,0,ᛗᛁᚾᚩᚱᛁᛏᛖ,306
tubelike,59001,0,ᛏᚢᛒᛖᛚᛁᚳᛖ,374
piperine,58996,0,ᛈᛁᛈᛖᚱᛁᚾᛖ,322
waveless,58983,0,ᚹᚪᚢᛖᛚᛖᛋᛋ,432
autogamy,58958,0,ᚪᚢᛏᚩᚷᚪᛗᚣ,454
ambulating,58943,0,ᚪᛗᛒᚢᛚᚪᛏᛝ,540
festooning,58914,0,ᚠᛖᛋᛏᚩᚩᚾᛝ,303
smirched,58867,0,ᛋᛗᛁᚱᚳᚻᛖᛞ,358
backstay,58825,0,ᛒᚪᚳᚳᛋᛏᚪᚣ,496
underfur,58792,0,ᚢᚾᛞᛖᚱᚠᚢᚱ,215
delusory,58783,0,ᛞᛖᛚᚢᛋᚩᚱᚣ,406
chastens,58765,0,ᚳᚻᚪᛋᛏᛖᚾᛋ,394
bannered,58757,0,ᛒᚪᚾᚾᛖᚱᛖᛞ,450
barrelling,58751,0,ᛒᚪᚱᚱᛖᛚᛚᛝ,472
inkwells,58733,0,ᛁᚾᚳᚹᛖᛚᛚᛋ,358
summitry,58712,0,ᛋᚢᛗᛗᛁᛏᚱᚣ,402
viosterol,58670,0,ᚢᛡᛋᛏᛖᚱᚩᛚ,380
curettes,58664,0,ᚳᚢᚱᛖᛏᛏᛖᛋ,332
puffball,58585,0,ᛈᚢᚠᚠᛒᚪᛚᛚ,354
pedregal,58579,0,ᛈᛖᛞᚱᛖᚷᚪᛚ,464
martagon,58578,0,ᛗᚪᚱᛏᚪᚷᚩᚾ,388
triangulum,58574,0,ᛏᚱᛡᛝᚢᛚᚢᛗ,406
tacksman,58543,0,ᛏᚪᚳᚳᛋᛗᚪᚾ,432
amidship,58526,0,ᚪᛗᛁᛞᛋᚻᛁᛈ,438
twinkies,58497,0,ᛏᚹᛁᚾᚳᛁᛖᛋ,302
liegemen,58491,0,ᛚᛁᛖᚷᛖᛗᛖᚾ,422
bunkered,58471,0,ᛒᚢᚾᚳᛖᚱᛖᛞ,340
escargot,58402,0,ᛖᛋᚳᚪᚱᚷᚩᛏ,324
paybacks,58397,0,ᛈᚪᚣᛒᚪᚳᚳᛋ,480
adjoints,58393,0,ᚪᛞᛂᚩᛁᚾᛏᛋ,402
diaeresis,58387,0,ᛞᛡᛖᚱᛖᛋᛁᛋ,478
menstrua,58372,0,ᛗᛖᚾᛋᛏᚱᚢᚪ,390
ovenbird,58368,0,ᚩᚢᛖᚾᛒᛁᚱᛞ,298
betelnut,58365,0,ᛒᛖᛏᛖᛚᚾᚢᛏ,418
duckbill,58346,0,ᛞᚢᚳᚳᛒᛁᛚᛚ,356
referrer,58319,0,ᚱᛖᚠᛖᚱᚱᛖᚱ,247
graybeard,58318,0,ᚷᚱᚪᚣᛒᛠᚱᛞ,498
avouched,58298,0,ᚪᚢᚩᚢᚳᚻᛖᛞ,302
readjusts,58296,0,ᚱᛠᛞᛂᚢᛋᛏᛋ,414
scampers,58250,0,ᛋᚳᚪᛗᛈᛖᚱᛋ,408
bonneted,58238,0,ᛒᚩᚾᚾᛖᛏᛖᛞ,408
ungathered,58192,0,ᚢᛝᚪᚦᛖᚱᛖᛞ,418
juiciest,58191,0,ᛂᚢᛁᚳᛁᛖᛋᛏ,294
atomiser,58160,0,ᚪᛏᚩᛗᛁᛋᛖᚱ,396
unranked,58157,0,ᚢᚾᚱᚪᚾᚳᛖᛞ,338
buffetings,58135,0,ᛒᚢᚠᚠᛖᛏᛝᛋ,326
brandied,58131,0,ᛒᚱᚪᚾᛞᛁᛖᛞ,474
remodels,58116,0,ᚱᛖᛗᚩᛞᛖᛚᛋ,438
sextuple,58066,0,ᛋᛖᛉᛏᚢᛈᛚᛖ,412
slouches,58051,0,ᛋᛚᚩᚢᚳᚻᛖᛋ,292
crassula,58041,0,ᚳᚱᚪᛋᛋᚢᛚᚪ,400
pottered,57985,0,ᛈᚩᛏᛏᛖᚱᛖᛞ,402
toadflax,57979,0,ᛏᚩᚪᛞᚠᛚᚪᛉ,471
screamers,57943,0,ᛋᚳᚱᛠᛗᛖᚱᛋ,388
tweeters,57924,0,ᛏᚹᛖᛖᛏᛖᚱᛋ,402
retrorse,57888,0,ᚱᛖᛏᚱᚩᚱᛋᛖ,286
spizella,57884,0,ᛋᛈᛁᛋᛖᛚᛚᚪ,490
claytonia,57860,0,ᚳᛚᚪᚣᛏᚩᚾᛡ,488
alburnum,57859,0,ᚪᛚᛒᚢᚱᚾᚢᛗ,348
panpipes,57848,0,ᛈᚪᚾᛈᛁᛈᛖᛋ,406
skiagraph,57843,0,ᛋᚳᛡᚷᚱᚪᛈᚻ,364
barbells,57842,0,ᛒᚪᚱᛒᛖᛚᛚᛋ,496
evilness,57791,0,ᛖᚢᛁᛚᚾᛖᛋᛋ,376
unsifted,57744,0,ᚢᚾᛋᛁᚠᛏᛖᛞ,333
offerers,57740,0,ᚩᚠᚠᛖᚱᛖᚱᛋ,220
chittering,57703,0,ᚳᚻᛁᛏᛏᛖᚱᛝ,342
guiltier,57698,0,ᚷᚢᛁᛚᛏᛁᛖᚱ,292
timbales,57672,0,ᛏᛁᛗᛒᚪᛚᛖᛋ,512
headwords,57632,0,ᚻᛠᛞᚹᚩᚱᛞᛋ,400
posturings,57612,0,ᛈᚩᛋᛏᚢᚱᛝᛋ,308
periwigs,57593,0,ᛈᛖᚱᛁᚹᛁᚷᛋ,272
packthread,57572,0,ᛈᚪᚳᚳᚦᚱᛠᛞ,380
fortuned,57544,0,ᚠᚩᚱᛏᚢᚾᛖᛞ,267
parcener,57539,0,ᛈᚪᚱᚳᛖᚾᛖᚱ,338
concetto,57529,0,ᚳᚩᚾᚳᛖᛏᛏᚩ,254
syntaxis,57528,0,ᛋᚣᚾᛏᚪᛉᛁᛋ,472
concocts,57470,0,ᚳᚩᚾᚳᚩᚳᛏᛋ,194
portiere,57456,0,ᛈᚩᚱᛏᛁᛖᚱᛖ,296
codpiece,57415,0,ᚳᚩᛞᛈᛁᛖᚳᛖ,330
pastille,57406,0,ᛈᚪᛋᛏᛁᛚᛚᛖ,496
entellus,57395,0,ᛖᚾᛏᛖᛚᛚᚢᛋ,424
armoires,57386,0,ᚪᚱᛗᚩᛁᚱᛖᛋ,348
exogenic,57304,0,ᛖᛉᚩᚷᛖᚾᛁᚳ,278
outreaching,57289,0,ᚩᚢᛏᚱᛠᚳᚻᛝ,304
maranham,57208,0,ᛗᚪᚱᚪᚾᚻᚪᛗ,496
indurate,57160,0,ᛁᚾᛞᚢᚱᚪᛏᛖ,386
brittania,57140,0,ᛒᚱᛁᛏᛏᚪᚾᛡ,454
connives,57106,0,ᚳᚩᚾᚾᛁᚢᛖᛋ,232
guardant,57095,0,ᚷᚢᚪᚱᛞᚪᚾᛏ,402
molossus,57072,0,ᛗᚩᛚᚩᛋᛋᚢᛋ,320
gingerroot,57071,0,ᚷᛝᛖᚱᚱᚩᚩᛏ,258
toughens,57041,0,ᛏᚩᚢᚷᚻᛖᚾᛋ,258
sniggers,57035,0,ᛋᚾᛁᚷᚷᛖᚱᛋ,278
mediatrix,57015,0,ᛗᛖᛞᛡᛏᚱᛁᛉ,482
chloasma,57010,0,ᚳᚻᛚᚩᚪᛋᛗᚪ,434
malawians,56996,0,ᛗᚪᛚᚪᚹᛡᚾᛋ,546
kwangchow,56973,0,ᚳᚹᚪᛝᚳᚻᚩᚹ,270
saturnus,56971,0,ᛋᚪᛏᚢᚱᚾᚢᛋ,308
rachises,56961,0,ᚱᚪᚳᚻᛁᛋᛖᛋ,348
whitecap,56958,0,ᚹᚻᛁᛏᛖᚳᚪᛈ,352
lagenaria,56946,0,ᛚᚪᚷᛖᚾᚪᚱᛡ,498
pewterer,56922,0,ᛈᛖᚹᛏᛖᚱᛖᚱ,344
inarched,56913,0,ᛁᚾᚪᚱᚳᚻᛖᛞ,360
pannikin,56762,0,ᛈᚪᚾᚾᛁᚳᛁᚾ,302
reedited,56681,0,ᚱᛖᛖᛞᛁᛏᛖᛞ,480
diarrhoeas,56674,0,ᛞᛡᚱᚱᚻᛟᚪᛋ,474
sennight,56673,0,ᛋᛖᚾᚾᛁᚷᚻᛏ,308
revilers,56617,0,ᚱᛖᚢᛁᛚᛖᚱᛋ,316
jasmines,56601,0,ᛂᚪᛋᛗᛁᚾᛖᛋ,438
heroisms,56566,0,ᚻᛖᚱᚩᛁᛋᛗᛋ,316
raphides,56559,0,ᚱᚪᛈᚻᛁᛞᛖᛋ,414
schooles,56516,0,ᛋᚳᚻᚩᚩᛚᛖᛋ,296
lamasery,56496,0,ᛚᚪᛗᚪᛋᛖᚱᚣ,572
gorgonian,56456,0,ᚷᚩᚱᚷᚩᚾᛡᚾ,224
vaporising,56450,0,ᚢᚪᛈᚩᚱᛁᛋᛝ,324
rambutan,56358,0,ᚱᚪᛗᛒᚢᛏᚪᚾ,428
frisbees,56338,0,ᚠᚱᛁᛋᛒᛖᛖᛋ,345
hightail,56290,0,ᚻᛁᚷᚻᛏᚪᛁᛚ,354
seedpods,56195,0,ᛋᛖᛖᛞᛈᚩᛞᛋ,468
snitches,56182,0,ᛋᚾᛁᛏᚳᚻᛖᛋ,328
endothelia,56181,0,ᛖᚾᛞᚩᚦᛖᛚᛡ,444
editress,56160,0,ᛖᛞᛁᛏᚱᛖᛋᛋ,430
misdoubt,56141,0,ᛗᛁᛋᛞᚩᚢᛒᛏ,374
calosoma,56129,0,ᚳᚪᛚᚩᛋᚩᛗᚪ,418
drawable,56101,0,ᛞᚱᚪᚹᚪᛒᛚᛖ,514
oversell,56047,0,ᚩᚢᛖᚱᛋᛖᛚᛚ,354
stickier,55985,0,ᛋᛏᛁᚳᚳᛁᛖᚱ,278
idealisms,55982,0,ᛁᛞᛠᛚᛁᛋᛗᛋ,510
ricketty,55848,0,ᚱᛁᚳᚳᛖᛏᛏᚣ,356
knockoff,55847,0,ᚳᚾᚩᚳᚳᚩᚠᚠ,86
tailback,55845,0,ᛏᚪᛁᛚᛒᚪᚳᚳ,444
intrusts,55788,0,ᛁᚾᛏᚱᚢᛋᛏᛋ,298
carmaker,55744,0,ᚳᚪᚱᛗᚪᚳᛖᚱ,380
centaury,55685,0,ᚳᛖᚾᛏᚪᚢᚱᚣ,382
crosstie,55672,0,ᚳᚱᚩᛋᛋᛏᛁᛖ,294
lakelets,55650,0,ᛚᚪᚳᛖᛚᛖᛏᛋ,502
auditive,55630,0,ᚪᚢᛞᛁᛏᛁᚢᛖ,380
chaffering,55622,0,ᚳᚻᚪᚠᚠᛖᚱᛝ,294
amphiuma,55588,0,ᚪᛗᛈᚻᛁᚢᛗᚪ,436
madeiras,55583,0,ᛗᚪᛞᛖᛁᚱᚪᛋ,516
harpooning,55575,0,ᚻᚪᚱᛈᚩᚩᚾᛝ,296
spadeful,55521,0,ᛋᛈᚪᛞᛖᚠᚢᛚ,427
exegetic,55521,0,ᛖᛉᛖᚷᛖᛏᛁᚳ,368
burgages,55515,0,ᛒᚢᚱᚷᚪᚷᛖᛋ,326
curtaining,55391,0,ᚳᚢᚱᛏᚪᛁᚾᛝ,322
compotes,55389,0,ᚳᚩᛗᛈᚩᛏᛖᛋ,320
pluckily,55377,0,ᛈᛚᚢᚳᚳᛁᛚᚣ,352
gaudeamus,55371,0,ᚷᚪᚢᛞᛠᛗᚢᛋ,442
popovers,55360,0,ᛈᚩᛈᚩᚢᛖᚱᛋ,234
promiser,55343,0,ᛈᚱᚩᛗᛁᛋᛖᚱ,294
pettiest,55328,0,ᛈᛖᛏᛏᛁᛖᛋᛏ,438
swaggers,55300,0,ᛋᚹᚪᚷᚷᛖᚱᛋ,334
ensouled,55282,0,ᛖᚾᛋᚩᚢᛚᛖᛞ,388
syntaxes,55275,0,ᛋᚣᚾᛏᚪᛉᛖᛋ,508
saponify,55273,0,ᛋᚪᛈᚩᚾᛁᚠᚣ,365
spritely,55264,0,ᛋᛈᚱᛁᛏᛖᛚᚣ,440
kilobyte,55233,0,ᚳᛁᛚᚩᛒᚣᛏᛖ,414
uncurbed,55184,0,ᚢᚾᚳᚢᚱᛒᛖᛞ,276
handsaws,55180,0,ᚻᚪᚾᛞᛋᚪᚹᛋ,460
fineries,55152,0,ᚠᛁᚾᛖᚱᛁᛖᛋ,291
unbloody,55143,0,ᚢᚾᛒᛚᚩᚩᛞᚣ,372
siciliana,55135,0,ᛋᛁᚳᛁᛚᛡᚾᚪ,434
liegeman,55131,0,ᛚᛁᛖᚷᛖᛗᚪᚾ,452
sublunar,55130,0,ᛋᚢᛒᛚᚢᚾᚪᚱ,330
pinkness,55116,0,ᛈᛁᚾᚳᚾᛖᛋᛋ,318
wastrels,55045,0,ᚹᚪᛋᛏᚱᛖᛚᛋ,432
unicycle,55025,0,ᚢᚾᛁᚳᚣᚳᛚᛖ,332
carburet,55024,0,ᚳᚪᚱᛒᚢᚱᛖᛏ,322
melodist,54993,0,ᛗᛖᛚᚩᛞᛁᛋᛏ,450
hairspring,54945,0,ᚻᚪᛁᚱᛋᛈᚱᛝ,348
standage,54913,0,ᛋᛏᚪᚾᛞᚪᚷᛖ,508
copilots,54910,0,ᚳᚩᛈᛁᛚᚩᛏᛋ,286
zwieback,54900,0,ᛋᚹᛁᛖᛒᚪᚳᚳ,354
rebooted,54894,0,ᚱᛖᛒᚩᚩᛏᛖᛞ,368
tautened,54890,0,ᛏᚪᚢᛏᛖᚾᛖᛞ,470
damndest,54867,0,ᛞᚪᛗᚾᛞᛖᛋᛏ,554
babbitts,54825,0,ᛒᚪᛒᛒᛁᛏᛏᛋ,482
pillager,54813,0,ᛈᛁᛚᛚᚪᚷᛖᚱ,412
genetrix,54807,0,ᚷᛖᚾᛖᛏᚱᛁᛉ,328
humbugging,54802,0,ᚻᚢᛗᛒᚢᚷᚷᛝ,274
catbirds,54802,0,ᚳᚪᛏᛒᛁᚱᛞᛋ,414
unclench,54766,0,ᚢᚾᚳᛚᛖᚾᚳᚻ,250
skylarking,54765,0,ᛋᚳᚣᛚᚪᚱᚳᛝ,442
messroom,54758,0,ᛗᛖᛋᛋᚱᚩᚩᛗ,340
enucleate,54751,0,ᛖᚾᚢᚳᛚᛠᛏᛖ,420
archaizing,54741,0,ᚪᚱᚳᚻᚪᛁᛋᛝ,404
surfboat,54727,0,ᛋᚢᚱᚠᛒᚩᚪᛏ,293
flaminian,54684,0,ᚠᛚᚪᛗᛁᚾᛡᚾ,439
profanes,54675,0,ᛈᚱᚩᚠᚪᚾᛖᛋ,309
gymnotus,54482,0,ᚷᚣᛗᚾᚩᛏᚢᛋ,342
crimsons,54422,0,ᚳᚱᛁᛗᛋᚩᚾᛋ,268
estuarial,54417,0,ᛖᛋᛏᚢᚪᚱᛡᛚ,470
manliest,54416,0,ᛗᚪᚾᛚᛁᛖᛋᛏ,480
gradated,54391,0,ᚷᚱᚪᛞᚪᛏᛖᛞ,526
definers,54346,0,ᛞᛖᚠᛁᚾᛖᚱᛋ,349
bandsman,54322,0,ᛒᚪᚾᛞᛋᛗᚪᚾ,526
oilstone,54290,0,ᚩᛁᛚᛋᛏᚩᚾᛖ,326
agelaius,54239,0,ᚪᚷᛖᛚᚪᛁᚢᛋ,438
pantiles,54218,0,ᛈᚪᚾᛏᛁᛚᛖᛋ,452
requiems,54216,0,ᚱᛖᚳᚹᛁᛖᛗᛋ,332
rocklike,54213,0,ᚱᚩᚳᚳᛚᛁᚳᛖ,228
avulsions,54187,0,ᚪᚢᚢᛚᛋᛡᚾᛋ,418
spirants,54142,0,ᛋᛈᛁᚱᚪᚾᛏᛋ,376
fantails,54076,0,ᚠᚪᚾᛏᚪᛁᛚᛋ,441
cutwater,54067,0,ᚳᚢᛏᚹᚪᛏᛖᚱ,328
unclasping,54050,0,ᚢᚾᚳᛚᚪᛋᛈᛝ,390
strivers,54027,0,ᛋᛏᚱᛁᚢᛖᚱᛋ,288
bursters,54001,0,ᛒᚢᚱᛋᛏᛖᚱᛋ,318
citified,53936,0,ᚳᛁᛏᛁᚠᛁᛖᛞ,323
clutters,53875,0,ᚳᛚᚢᛏᛏᛖᚱᛋ,338
longboats,53871,0,ᛚᚩᛝᛒᚩᚪᛏᛋ,436
tollbooth,53840,0,ᛏᚩᛚᛚᛒᚩᚩᚦ,292
maundering,53819,0,ᛗᚪᚢᚾᛞᛖᚱᛝ,446
logicism,53776,0,ᛚᚩᚷᛁᚳᛁᛋᛗ,296
inveigling,53773,0,ᛁᚾᚢᛖᛁᚷᛚᛝ,330
generalia,53761,0,ᚷᛖᚾᛖᚱᚪᛚᛡ,468
wirework,53722,0,ᚹᛁᚱᛖᚹᚩᚱᚳ,178
flyleaves,53722,0,ᚠᛚᚣᛚᛠᚢᛖᛋ,483
halberts,53709,0,ᚻᚪᛚᛒᛖᚱᛏᛋ,444
plotless,53684,0,ᛈᛚᚩᛏᛚᛖᛋᛋ,428
scrapple,53649,0,ᛋᚳᚱᚪᛈᛈᛚᛖ,400
slingshots,53629,0,ᛋᛚᛝᛋᚻᚩᛏᛋ,400
gamesome,53621,0,ᚷᚪᛗᛖᛋᚩᛗᛖ,450
smolders,53610,0,ᛋᛗᚩᛚᛞᛖᚱᛋ,424
tularaemia,53542,0,ᛏᚢᛚᚪᚱᚫᛗᛡ,522
chowders,53534,0,ᚳᚻᚩᚹᛞᛖᚱᛋ,282
bedsides,53533,0,ᛒᛖᛞᛋᛁᛞᛖᛋ,510
hamburgs,53455,0,ᚻᚪᛗᛒᚢᚱᚷᛋ,336
prevaile,53442,0,ᛈᚱᛖᚢᚪᛁᛚᛖ,392
lancelet,53432,0,ᛚᚪᚾᚳᛖᛚᛖᛏ,478
birdlime,53414,0,ᛒᛁᚱᛞᛚᛁᛗᛖ,434
confiteor,53394,0,ᚳᚩᚾᚠᛁᛏᛇᚱ,193
exorcize,53392,0,ᛖᛉᚩᚱᚳᛁᛋᛖ,296
draconic,53384,0,ᛞᚱᚪᚳᚩᚾᛁᚳ,290
blowhard,53341,0,ᛒᛚᚩᚹᚻᚪᚱᛞ,380
syllabub,53323,0,ᛋᚣᛚᛚᚪᛒᚢᛒ,524
mandrill,53306,0,ᛗᚪᚾᛞᚱᛁᛚᛚ,474
immotile,53275,0,ᛁᛗᛗᚩᛏᛁᛚᛖ,410
virilism,53230,0,ᚢᛁᚱᛁᛚᛁᛋᛗ,304
candelas,53230,0,ᚳᚪᚾᛞᛖᛚᚪᛋ,518
washtubs,53223,0,ᚹᚪᛋᚻᛏᚢᛒᛋ,368
exactest,53212,0,ᛖᛉᚪᚳᛏᛖᛋᛏ,462
passeres,53199,0,ᛈᚪᛋᛋᛖᚱᛖᛋ,444
tagalogs,53155,0,ᛏᚪᚷᚪᛚᚩᚷᛋ,420
contemns,53153,0,ᚳᚩᚾᛏᛖᛗᚾᛋ,328
planless,53097,0,ᛈᛚᚪᚾᛚᛖᛋᛋ,488
bondable,53062,0,ᛒᚩᚾᛞᚪᛒᛚᛖ,484
obsesses,53051,0,ᚩᛒᛋᛖᛋᛋᛖᛋ,414
shoestrings,53048,0,ᛋᚻᛟᛋᛏᚱᛝᛋ,414
lightish,53030,0,ᛚᛁᚷᚻᛏᛁᛋᚻ,310
splotchy,53027,0,ᛋᛈᛚᚩᛏᚳᚻᚣ,374
shouters,53019,0,ᛋᚻᚩᚢᛏᛖᚱᛋ,276
interims,53016,0,ᛁᚾᛏᛖᚱᛁᛗᛋ,352
streusel,52973,0,ᛋᛏᚱᛖᚢᛋᛖᛚ,386
brahmani,52956,0,ᛒᚱᚪᚻᛗᚪᚾᛁ,420
relievos,52944,0,ᚱᛖᛚᛁᛖᚢᚩᛋ,312
escalier,52919,0,ᛖᛋᚳᚪᛚᛁᛖᚱ,412
toothlike,52879,0,ᛏᚩᚩᚦᛚᛁᚳᛖ,262
linkable,52877,0,ᛚᛁᚾᚳᚪᛒᛚᛖ,444
pralines,52860,0,ᛈᚱᚪᛚᛁᚾᛖᛋ,404
fetiches,52858,0,ᚠᛖᛏᛁᚳᚻᛖᛋ,315
saccules,52841,0,ᛋᚪᚳᚳᚢᛚᛖᛋ,372
postdating,52801,0,ᛈᚩᛋᛏᛞᚪᛏᛝ,486
bewigged,52788,0,ᛒᛖᚹᛁᚷᚷᛖᛞ,368
spondaic,52787,0,ᛋᛈᚩᚾᛞᚪᛁᚳ,362
pimentos,52749,0,ᛈᛁᛗᛖᚾᛏᚩᛋ,360
grapnels,52669,0,ᚷᚱᚪᛈᚾᛖᛚᛋ,390
caroused,52664,0,ᚳᚪᚱᚩᚢᛋᛖᛞ,340
standees,52622,0,ᛋᛏᚪᚾᛞᛖᛖᛋ,514
blushingly,52609,0,ᛒᛚᚢᛋᚻᛝᛚᚣ,468
laevulose,52593,0,ᛚᚫᚢᚢᛚᚩᛋᛖ,380
verjuice,52584,0,ᚢᛖᚱᛂᚢᛁᚳᛖ,232
rampages,52573,0,ᚱᚪᛗᛈᚪᚷᛖᛋ,456
lordotic,52551,0,ᛚᚩᚱᛞᚩᛏᛁᚳ,290
cottiers,52416,0,ᚳᚩᛏᛏᛁᛖᚱᛋ,300
unnerves,52406,0,ᚢᚾᚾᛖᚱᚢᛖᛋ,262
terabyte,52402,0,ᛏᛖᚱᚪᛒᚣᛏᛖ,524
immolating,52385,0,ᛁᛗᛗᚩᛚᚪᛏᛝ,488
assuages,52382,0,ᚪᛋᛋᚢᚪᚷᛖᛋ,440
footrace,52357,0,ᚠᚩᚩᛏᚱᚪᚳᛖ,263
anapaests,52352,0,ᚪᚾᚪᛈᚫᛋᛏᛋ,532
flighted,52345,0,ᚠᛚᛁᚷᚻᛏᛖᛞ,361
videttes,52326,0,ᚢᛁᛞᛖᛏᛏᛖᛋ,428
pinguicula,52283,0,ᛈᛝᚢᛁᚳᚢᛚᚪ,342
rubbishy,52256,0,ᚱᚢᛒᛒᛁᛋᚻᚣ,346
gunmaker,52246,0,ᚷᚢᚾᛗᚪᚳᛖᚱ,308
ascocarp,52237,0,ᚪᛋᚳᚩᚳᚪᚱᛈ,334
outspent,52213,0,ᚩᚢᛏᛋᛈᛖᚾᛏ,320
refusers,52183,0,ᚱᛖᚠᚢᛋᛖᚱᛋ,267
mastabas,52143,0,ᛗᚪᛋᛏᚪᛒᚪᛋ,588
stanched,52142,0,ᛋᛏᚪᚾᚳᚻᛖᛞ,430
unimposing,52133,0,ᚢᚾᛁᛗᛈᚩᛋᛝ,316
heliotype,52124,0,ᚻᛖᛚᛡᛏᚣᛈᛖ,542
incenses,52108,0,ᛁᚾᚳᛖᚾᛋᛖᛋ,342
bedaubed,52094,0,ᛒᛖᛞᚪᚢᛒᛖᛞ,534
undecaying,52066,0,ᚢᚾᛞᛖᚳᚪᚣᛝ,480
coffined,52056,0,ᚳᚩᚠᚠᛁᚾᛖᛞ,240
neritina,52032,0,ᚾᛖᚱᛁᛏᛁᚾᚪ,354
gadflies,52026,0,ᚷᚪᛞᚠᛚᛁᛖᛋ,429
curtness,52024,0,ᚳᚢᚱᛏᚾᛖᛋᛋ,288
arabists,52004,0,ᚪᚱᚪᛒᛁᛋᛏᛋ,462
tacksmen,51965,0,ᛏᚪᚳᚳᛋᛗᛖᚾ,402
unwedded,51905,0,ᚢᚾᚹᛖᛞᛞᛖᛞ,452
bracteole,51853,0,ᛒᚱᚪᚳᛏᛇᛚᛖ,422
stemmata,51851,0,ᛋᛏᛖᛗᛗᚪᛏᚪ,574
sulphurs,51842,0,ᛋᚢᛚᛈᚻᚢᚱᛋ,262
obverses,51833,0,ᚩᛒᚢᛖᚱᛋᛖᛋ,322
blacklead,51824,0,ᛒᛚᚪᚳᚳᛚᛠᛞ,528
thighbone,51820,0,ᚦᛁᚷᚻᛒᚩᚾᛖ,240
tyrannis,51797,0,ᛏᚣᚱᚪᚾᚾᛁᛋ,412
tabouret,51797,0,ᛏᚪᛒᚩᚢᚱᛖᛏ,364
tenpenny,51783,0,ᛏᛖᚾᛈᛖᚾᚾᚣ,426
floweret,51679,0,ᚠᛚᚩᚹᛖᚱᛖᛏ,305
kielbasa,51585,0,ᚳᛁᛖᛚᛒᚪᛋᚪ,492
amplexus,51582,0,ᚪᛗᛈᛚᛖᛉᚢᛋ,454
gravures,51549,0,ᚷᚱᚪᚢᚢᚱᛖᛋ,262
bankbook,51548,0,ᛒᚪᚾᚳᛒᚩᚩᚳ,288
homeboys,51464,0,ᚻᚩᛗᛖᛒᚩᚣᛋ,392
overheats,51454,0,ᚩᚢᛖᚱᚻᛠᛏᛋ,332
closable,51448,0,ᚳᛚᚩᛋᚪᛒᛚᛖ,444
pasticcio,51440,0,ᛈᚪᛋᛏᛁᚳᚳᛡ,416
urbanely,51438,0,ᚢᚱᛒᚪᚾᛖᛚᚣ,444
carnifex,51436,0,ᚳᚪᚱᚾᛁᚠᛖᛉ,297
unbelted,51421,0,ᚢᚾᛒᛖᛚᛏᛖᛞ,448
twinship,51421,0,ᛏᚹᛁᚾᛋᚻᛁᛈ,288
carolers,51359,0,ᚳᚪᚱᚩᛚᛖᚱᛋ,332
cardamon,51357,0,ᚳᚪᚱᛞᚪᛗᚩᚾ,414
nodulose,51354,0,ᚾᚩᛞᚢᛚᚩᛋᛖ,328
beloveds,51341,0,ᛒᛖᛚᚩᚢᛖᛞᛋ,420
heptagon,51334,0,ᚻᛖᛈᛏᚪᚷᚩᚾ,342
canalize,51302,0,ᚳᚪᚾᚪᛚᛁᛋᛖ,460
unrigged,51301,0,ᚢᚾᚱᛁᚷᚷᛖᛞ,264
sunnites,51292,0,ᛋᚢᚾᚾᛁᛏᛖᛋ,324
gibbeted,51220,0,ᚷᛁᛒᛒᛖᛏᛖᛞ,452
semitics,51181,0,ᛋᛖᛗᛁᛏᛁᚳᛋ,378
choicely,51175,0,ᚳᚻᚩᛁᚳᛖᛚᚣ,330
orbulina,51149,0,ᚩᚱᛒᚢᛚᛁᚾᚪ,312
polarise,51139,0,ᛈᚩᛚᚪᚱᛁᛋᛖ,382
worriers,51134,0,ᚹᚩᚱᚱᛁᛖᚱᛋ,210
evitable,51111,0,ᛖᚢᛁᛏᚪᛒᛚᛖ,458
inconnue,51081,0,ᛁᚾᚳᚩᚾᚾᚢᛖ,208
arapahos,51052,0,ᚪᚱᚪᛈᚪᚻᚩᛋ,428
outturns,51043,0,ᚩᚢᛏᛏᚢᚱᚾᛋ,224
estranges,50992,0,ᛖᛋᛏᚱᚪᛝᛖᛋ,486
pellmell,50986,0,ᛈᛖᛚᛚᛗᛖᛚᛚ,540
ideologic,50974,0,ᛁᛞᛇᛚᚩᚷᛁᚳ,302
bristols,50955,0,ᛒᚱᛁᛋᛏᚩᛚᛋ,348
playgirl,50949,0,ᛈᛚᚪᚣᚷᛁᚱᛚ,448
conquete,50924,0,ᚳᚩᚾᚳᚹᛖᛏᛖ,274
dendroid,50921,0,ᛞᛖᚾᛞᚱᚩᛁᛞ,412
arawakan,50915,0,ᚪᚱᚪᚹᚪᚳᚪᚾ,460
edentate,50910,0,ᛖᛞᛖᚾᛏᚪᛏᛖ,534
enlistee,50877,0,ᛖᚾᛚᛁᛋᛏᛖᛖ,446
whiptail,50814,0,ᚹᚻᛁᛈᛏᚪᛁᛚ,376
classier,50793,0,ᚳᛚᚪᛋᛋᛁᛖᚱ,398
psammoma,50789,0,ᛈᛋᚪᛗᛗᚩᛗᚪ,510
complish,50787,0,ᚳᚩᛗᛈᛚᛁᛋᚻ,314
wrestlings,50781,0,ᚹᚱᛖᛋᛏᛚᛝᛋ,414
astonied,50754,0,ᚪᛋᛏᚩᚾᛁᛖᛞ,432
cervices,50748,0,ᚳᛖᚱᚢᛁᚳᛖᛋ,258
wormseed,50742,0,ᚹᚩᚱᛗᛋᛖᛖᛞ,384
jackpots,50733,0,ᛂᚪᚳᚳᛈᚩᛏᛋ,322
saltines,50692,0,ᛋᚪᛚᛏᛁᚾᛖᛋ,462
airlifts,50691,0,ᚪᛁᚱᛚᛁᚠᛏᛋ,357
enshroud,50656,0,ᛖᚾᛋᚻᚱᚩᚢᛞ,282
nonjuror,50604,0,ᚾᚩᚾᛂᚢᚱᚩᚱ,134
thylacine,50578,0,ᚦᚣᛚᚪᚳᛁᚾᛖ,418
toccatas,50540,0,ᛏᚩᚳᚳᚪᛏᚪᛋ,398
palmated,50534,0,ᛈᚪᛚᛗᚪᛏᛖᛞ,596
flections,50531,0,ᚠᛚᛖᚳᛏᛡᚾᛋ,403
midterms,50529,0,ᛗᛁᛞᛏᛖᚱᛗᛋ,452
hawklike,50518,0,ᚻᚪᚹᚳᛚᛁᚳᛖ,336
trimurti,50488,0,ᛏᚱᛁᛗᚢᚱᛏᛁ,276
cutpurse,50484,0,ᚳᚢᛏᛈᚢᚱᛋᛖ,252
amitosis,50476,0,ᚪᛗᛁᛏᚩᛋᛁᛋ,402
ruritania,50455,0,ᚱᚢᚱᛁᛏᚪᚾᛡ,348
bedtimes,50408,0,ᛒᛖᛞᛏᛁᛗᛖᛋ,498
camphire,50383,0,ᚳᚪᛗᛈᚻᛁᚱᛖ,356
webworms,50376,0,ᚹᛖᛒᚹᚩᚱᛗᛋ,308
whiplike,50370,0,ᚹᚻᛁᛈᛚᛁᚳᛖ,300
corrasion,50360,0,ᚳᚩᚱᚱᚪᛋᛡᚾ,328
ichorous,50350,0,ᛁᚳᚻᚩᚱᚩᚢᛋ,148
odysseys,50340,0,ᚩᛞᚣᛋᛋᛖᚣᛋ,528
ventolin,50333,0,ᚢᛖᚾᛏᚩᛚᛁᚾ,298
tramline,50304,0,ᛏᚱᚪᛗᛚᛁᚾᛖ,438
idolizes,50279,0,ᛁᛞᚩᛚᛁᛋᛖᛋ,404
cerastes,50260,0,ᚳᛖᚱᚪᛋᛏᛖᛋ,420
pectineal,50257,0,ᛈᛖᚳᛏᛁᚾᛠᛚ,424
mailbags,50255,0,ᛗᚪᛁᛚᛒᚪᚷᛋ,500
margarin,50225,0,ᛗᚪᚱᚷᚪᚱᛁᚾ,364
inflects,50220,0,ᛁᚾᚠᛚᛖᚳᛏᛋ,327
emptiest,50210,0,ᛖᛗᛈᛏᛁᛖᛋᛏ,450
mudguard,50207,0,ᛗᚢᛞᚷᚢᚪᚱᛞ,380
millrace,50202,0,ᛗᛁᛚᛚᚱᚪᚳᛖ,436
mosaical,50201,0,ᛗᚩᛋᚪᛁᚳᚪᛚ,442
pindarus,50193,0,ᛈᛁᚾᛞᚪᚱᚢᛋ,356
breadline,50180,0,ᛒᚱᛠᛞᛚᛁᚾᛖ,470
nattered,50151,0,ᚾᚪᛏᛏᛖᚱᛖᛞ,478
griffons,50142,0,ᚷᚱᛁᚠᚠᚩᚾᛋ,152
ententes,50136,0,ᛖᚾᛏᛖᚾᛏᛖᛋ,430
enounced,50133,0,ᛖᚾᚩᚢᚾᚳᛖᛞ,304
fumitory,50110,0,ᚠᚢᛗᛁᛏᚩᚱᚣ,287
twitters,50084,0,ᛏᚹᛁᛏᛏᛖᚱᛋ,358
coalface,50059,0,ᚳᚩᚪᛚᚠᚪᚳᛖ,369
fingerless,50053,0,ᚠᛝᛖᚱᛚᛖᛋᛋ,405
hendiadys,50051,0,ᚻᛖᚾᛞᛡᛞᚣᛋ,560
fishnets,50034,0,ᚠᛁᛋᚻᚾᛖᛏᛋ,317
ropewalk,50030,0,ᚱᚩᛈᛖᚹᚪᛚᚳ,330
acridity,50010,0,ᚪᚳᚱᛁᛞᛁᛏᚣ,434
isocline,50007,0,ᛁᛋᚩᚳᛚᛁᚾᛖ,304
sightsee,49997,0,ᛋᛁᚷᚻᛏᛋᛖᛖ,370
destrier,49963,0,ᛞᛖᛋᛏᚱᛁᛖᚱ,388
katharsis,49947,0,ᚳᚪᚦᚪᚱᛋᛁᛋ,360
morrises,49945,0,ᛗᚩᚱᚱᛁᛋᛖᛋ,304
seizable,49937,0,ᛋᛖᛁᛋᚪᛒᛚᛖ,502
snoopers,49895,0,ᛋᚾᚩᚩᛈᛖᚱᛋ,270
checkering,49871,0,ᚳᚻᛖᚳᚳᛖᚱᛝ,286
befuddle,49856,0,ᛒᛖᚠᚢᛞᛞᛚᛖ,451
longicorn,49847,0,ᛚᚩᛝᛁᚳᚩᚱᚾ,250
rondelet,49835,0,ᚱᚩᚾᛞᛖᛚᛖᛏ,402
pandosto,49830,0,ᛈᚪᚾᛞᚩᛋᛏᚩ,384
psyllids,49818,0,ᛈᛋᚣᛚᛚᛁᛞᛋ,518
awakener,49804,0,ᚪᚹᚪᚳᛖᚾᛖᚱ,400
styptics,49791,0,ᛋᛏᚣᛈᛏᛁᚳᛋ,414
busywork,49765,0,ᛒᚢᛋᚣᚹᚩᚱᚳ,270
anisette,49763,0,ᚪᚾᛁᛋᛖᛏᛏᛖ,462
overacting,49755,0,ᚩᚢᛖᚱᚪᚳᛏᛝ,336
smuggles,49737,0,ᛋᛗᚢᚷᚷᛚᛖᛋ,354
tonsorial,49728,0,ᛏᚩᚾᛋᚩᚱᛡᛚ,346
amandine,49709,0,ᚪᛗᚪᚾᛞᛁᚾᛖ,510
bearskins,49694,0,ᛒᛠᚱᛋᚳᛁᚾᛋ,360
sicklied,49660,0,ᛋᛁᚳᚳᛚᛁᛖᛞ,370
faultily,49556,0,ᚠᚪᚢᛚᛏᛁᛚᚣ,441
cityward,49535,0,ᚳᛁᛏᚣᚹᚪᚱᛞ,422
roystering,49521,0,ᚱᚩᚣᛋᛏᛖᚱᛝ,390
whoppers,49497,0,ᚹᚻᚩᛈᛈᛖᚱᛋ,266
sunburns,49461,0,ᛋᚢᚾᛒᚢᚱᚾᛋ,242
numskull,49455,0,ᚾᚢᛗᛋᚳᚢᛚᛚ,318
masklike,49453,0,ᛗᚪᛋᚳᛚᛁᚳᛖ,418
victualing,49409,0,ᚢᛁᚳᛏᚢᚪᛚᛝ,358
unbacked,49398,0,ᚢᚾᛒᚪᚳᚳᛖᛞ,372
blandish,49314,0,ᛒᛚᚪᚾᛞᛁᛋᚻ,456
ceinture,49275,0,ᚳᛖᛁᚾᛏᚢᚱᛖ,280
trollies,49272,0,ᛏᚱᚩᛚᛚᛁᛖᛋ,374
entwines,49267,0,ᛖᚾᛏᚹᛁᚾᛖᛋ,354
moiseyev,49161,0,ᛗᚩᛁᛋᛖᚣᛖᚢ,402
vinegary,49110,0,ᚢᛁᚾᛖᚷᚪᚱᚣ,358
sweeties,49099,0,ᛋᚹᛖᛖᛏᛁᛖᛋ,416
speakable,49082,0,ᛋᛈᛠᚳᚪᛒᛚᛖ,516
tallents,49072,0,ᛏᚪᛚᛚᛖᚾᛏᛋ,510
spavined,49070,0,ᛋᛈᚪᚢᛁᚾᛖᛞ,412
expiations,49049,0,ᛖᛉᛈᛡᛏᛡᚾᛋ,512
brickbat,49025,0,ᛒᚱᛁᚳᚳᛒᚪᛏ,346
eulogising,48977,0,ᛖᚢᛚᚩᚷᛁᛋᛝ,330
asserter,48976,0,ᚪᛋᛋᛖᚱᛏᛖᚱ,418
clickers,48939,0,ᚳᛚᛁᚳᚳᛖᚱᛋ,274
servingman,48937,0,ᛋᛖᚱᚢᛝᛗᚪᚾ,410
calliper,48925,0,ᚳᚪᛚᛚᛁᛈᛖᚱ,408
digestor,48910,0,ᛞᛁᚷᛖᛋᛏᚩᚱ,334
modenese,48886,0,ᛗᚩᛞᛖᚾᛖᛋᛖ,450
tigerish,48877,0,ᛏᛁᚷᛖᚱᛁᛋᚻ,292
hemlines,48833,0,ᚻᛖᛗᛚᛁᚾᛖᛋ,414
pluggers,48830,0,ᛈᛚᚢᚷᚷᛖᚱᛋ,284
everliving,48828,0,ᛖᚢᛖᚱᛚᛁᚢᛝ,334
hibernal,48806,0,ᚻᛁᛒᛖᚱᚾᚪᛚ,392
unlatching,48769,0,ᚢᚾᛚᚪᛏᚳᚻᛝ,376
upsurges,48757,0,ᚢᛈᛋᚢᚱᚷᛖᛋ,250
egomaniac,48726,0,ᛖᚷᚩᛗᚪᚾᛡᚳ,408
galanthus,48699,0,ᚷᚪᛚᚪᚾᚦᚢᛋ,374
elegancy,48680,0,ᛖᛚᛖᚷᚪᚾᚳᚣ,466
concaves,48678,0,ᚳᚩᚾᚳᚪᚢᛖᛋ,282
bestirring,48662,0,ᛒᛖᛋᛏᛁᚱᚱᛝ,372
wonderings,48656,0,ᚹᚩᚾᛞᛖᚱᛝᛋ,354
leakiness,48645,0,ᛚᛠᚳᛁᚾᛖᛋᛋ,428
redpolls,48641,0,ᚱᛖᛞᛈᚩᛚᛚᛋ,416
cunarder,48631,0,ᚳᚢᚾᚪᚱᛞᛖᚱ,320
rigatoni,48621,0,ᚱᛁᚷᚪᛏᚩᚾᛁ,282
etiolation,48615,0,ᛖᛏᛡᛚᚪᛏᛡᚾ,598
semblant,48596,0,ᛋᛖᛗᛒᛚᚪᚾᛏ,510
elevenths,48586,0,ᛖᛚᛖᚢᛖᚾᚦᛋ,364
tritheism,48564,0,ᛏᚱᛁᚦᛖᛁᛋᛗ,328
moussaka,48564,0,ᛗᚩᚢᛋᛋᚪᚳᚪ,394
woodroof,48554,0,ᚹᚩᚩᛞᚱᚩᚩᚠ,149
lempiras,48538,0,ᛚᛖᛗᛈᛁᚱᚪᛋ,446
epigones,48495,0,ᛖᛈᛁᚷᚩᚾᛖᛋ,314
broodingly,48445,0,ᛒᚱᚩᚩᛞᛝᛚᚣ,430
filagree,48436,0,ᚠᛁᛚᚪᚷᚱᛖᛖ,365
ealdormen,48429,0,ᛠᛚᛞᚩᚱᛗᛖᚾ,456
requites,48399,0,ᚱᛖᚳᚹᛁᛏᛖᛋ,320
olibanum,48394,0,ᚩᛚᛁᛒᚪᚾᚢᛗ,372
sukiyaki,48387,0,ᛋᚢᚳᛁᚣᚪᚳᛁ,344
sawbones,48376,0,ᛋᚪᚹᛒᚩᚾᛖᛋ,386
pesthouse,48294,0,ᛈᛖᛋᚦᚩᚢᛋᛖ,298
cookouts,48228,0,ᚳᚩᚩᚳᚩᚢᛏᛋ,162
limpness,48171,0,ᛚᛁᛗᛈᚾᛖᛋᛋ,420
ensnares,48129,0,ᛖᚾᛋᚾᚪᚱᛖᛋ,406
amaranths,48128,0,ᚪᛗᚪᚱᚪᚾᚦᛋ,460
siliques,48121,0,ᛋᛁᛚᛁᚳᚹᛖᛋ,340
oddballs,48107,0,ᚩᛞᛞᛒᚪᛚᛚᛋ,542
campeador,48106,0,ᚳᚪᛗᛈᛠᛞᚩᚱ,440
bedevils,48059,0,ᛒᛖᛞᛖᚢᛁᛚᛋ,444
blintzes,48047,0,ᛒᛚᛁᚾᛏᛋᛖᛋ,426
crusaded,48015,0,ᚳᚱᚢᛋᚪᛞᛖᛞ,422
meliorating,48011,0,ᛗᛖᛚᛡᚱᚪᛏᛝ,564
smashers,48004,0,ᛋᛗᚪᛋᚻᛖᚱᛋ,428
knackers,48001,0,ᚳᚾᚪᚳᚳᛖᚱᛋ,296
favonius,47984,0,ᚠᚪᚢᚩᚾᛁᚢᛋ,225
refounding,47979,0,ᚱᛖᚠᚩᚢᚾᛞᛝ,287
oatcakes,47972,0,ᚩᚪᛏᚳᚪᚳᛖᛋ,406
paunches,47966,0,ᛈᚪᚢᚾᚳᚻᛖᛋ,328
jailbreak,47964,0,ᛂᚪᛁᛚᛒᚱᛠᚳ,432
preluded,47961,0,ᛈᚱᛖᛚᚢᛞᛖᛞ,442
ensconce,47956,0,ᛖᚾᛋᚳᚩᚾᚳᛖ,278
disbands,47949,0,ᛞᛁᛋᛒᚪᚾᛞᛋ,502
myrmidon,47935,0,ᛗᚣᚱᛗᛁᛞᚩᚾ,412
cudgelling,47929,0,ᚳᚢᛞᚷᛖᛚᛚᛝ,414
everyway,47907,0,ᛖᚢᛖᚱᚣᚹᚪᚣ,470
diaphyses,47887,0,ᛞᛡᛈᚻᚣᛋᛖᛋ,538
corncrib,47832,0,ᚳᚩᚱᚾᚳᚱᛁᛒ,176
coronals,47794,0,ᚳᚩᚱᚩᚾᚪᛚᛋ,290
hymenaeus,47784,0,ᚻᚣᛗᛖᚾᚫᚢᛋ,450
stormily,47739,0,ᛋᛏᚩᚱᛗᛁᛚᚣ,408
hobnails,47730,0,ᚻᚩᛒᚾᚪᛁᛚᛋ,374
barraged,47727,0,ᛒᚪᚱᚱᚪᚷᛖᛞ,450
trippingly,47699,0,ᛏᚱᛁᛈᛈᛝᛚᚣ,442
packards,47697,0,ᛈᚪᚳᚳᚪᚱᛞᛋ,416
boswells,47691,0,ᛒᚩᛋᚹᛖᛚᛚᛋ,406
lagniappe,47678,0,ᛚᚪᚷᚾᛡᛈᛈᛖ,476
flutists,47676,0,ᚠᛚᚢᛏᛁᛋᛏᛋ,333
gartered,47647,0,ᚷᚪᚱᛏᛖᚱᛖᛞ,418
midheaven,47640,0,ᛗᛁᛞᚻᛠᚢᛖᚾ,422
pipefish,47628,0,ᛈᛁᛈᛖᚠᛁᛋᚻ,293
flatwork,47624,0,ᚠᛚᚪᛏᚹᚩᚱᚳ,281
slickest,47521,0,ᛋᛚᛁᚳᚳᛖᛋᛏ,362
habitans,47516,0,ᚻᚪᛒᛁᛏᚪᚾᛋ,450
dauntingly,47514,0,ᛞᚪᚢᚾᛏᛝᛚᚣ,532
notarius,47513,0,ᚾᚩᛏᚪᚱᛁᚢᛋ,290
kinfolks,47502,0,ᚳᛁᚾᚠᚩᛚᚳᛋ,221
dysgenic,47499,0,ᛞᚣᛋᚷᛖᚾᛁᚳ,402
cousinly,47493,0,ᚳᚩᚢᛋᛁᚾᛚᚣ,312
blennies,47467,0,ᛒᛚᛖᚾᚾᛁᛖᛋ,410
unendingly,47465,0,ᚢᚾᛖᚾᛞᛝᛚᚣ,472
negroids,47441,0,ᚾᛖᚷᚱᚩᛁᛞᛋ,304
tarsiers,47440,0,ᛏᚪᚱᛋᛁᛖᚱᛋ,382
reclosed,47435,0,ᚱᛖᚳᛚᚩᛋᛖᛞ,380
operants,47434,0,ᚩᛈᛖᚱᚪᚾᛏᛋ,366
hiccuped,47389,0,ᚻᛁᚳᚳᚢᛈᛖᛞ,282
pallette,47378,0,ᛈᚪᛚᛚᛖᛏᛏᛖ,538
greenhead,47378,0,ᚷᚱᛖᛖᚾᚻᛠᛞ,412
chiffons,47363,0,ᚳᚻᛁᚠᚠᚩᚾᛋ,160
anserine,47303,0,ᚪᚾᛋᛖᚱᛁᚾᛖ,384
muleback,47279,0,ᛗᚢᛚᛖᛒᚪᚳᚳ,398
chillier,47276,0,ᚳᚻᛁᛚᛚᛁᛖᚱ,322
chapatis,47263,0,ᚳᚻᚪᛈᚪᛏᛁᛋ,416
acrisius,47261,0,ᚪᚳᚱᛁᛋᛁᚢᛋ,292
unweeded,47250,0,ᚢᚾᚹᛖᛖᛞᛖᛞ,430
wherefor,47191,0,ᚹᚻᛖᚱᛖᚠᚩᚱ,207
dihybrid,47185,0,ᛞᛁᚻᚣᛒᚱᛁᛞ,438
witheringly,47148,0,ᚹᛁᚦᛖᚱᛝᛚᚣ,388
outskirt,47104,0,ᚩᚢᛏᛋᚳᛁᚱᛏ,236
titulary,47097,0,ᛏᛁᛏᚢᛚᚪᚱᚣ,436
handless,47077,0,ᚻᚪᚾᛞᛚᛖᛋᛋ,484
romanced,46995,0,ᚱᚩᛗᚪᚾᚳᛖᛞ,384
lichened,46991,0,ᛚᛁᚳᚻᛖᚾᛖᛞ,392
growlers,46987,0,ᚷᚱᚩᚹᛚᛖᚱᛋ,258
amphoric,46983,0,ᚪᛗᛈᚻᚩᚱᛁᚳ,296
pancrazio,46977,0,ᛈᚪᚾᚳᚱᚪᛋᛡ,450
cottoned,46976,0,ᚳᚩᛏᛏᚩᚾᛖᛞ,330
airlocks,46970,0,ᚪᛁᚱᛚᚩᚳᚳᛋ,298
ironweed,46927,0,ᛁᚱᚩᚾᚹᛖᛖᛞ,320
interleaf,46891,0,ᛁᚾᛏᛖᚱᛚᛠᚠ,381
bassists,46878,0,ᛒᚪᛋᛋᛁᛋᛏᛋ,460
slipslop,46868,0,ᛋᛚᛁᛈᛋᛚᚩᛈ,376
caboodle,46859,0,ᚳᚪᛒᚩᚩᛞᛚᛖ,414
subjoining,46857,0,ᛋᚢᛒᛂᚩᛁᚾᛝ,300
rainiest,46827,0,ᚱᚪᛁᚾᛁᛖᛋᛏ,378
grewsome,46821,0,ᚷᚱᛖᚹᛋᚩᛗᛖ,312
cursorial,46797,0,ᚳᚢᚱᛋᚩᚱᛡᛚ,278
hellcats,46784,0,ᚻᛖᛚᛚᚳᚪᛏᛋ,458
catchfly,46771,0,ᚳᚪᛏᚳᚻᚠᛚᚣ,383
drivable,46768,0,ᛞᚱᛁᚢᚪᛒᛚᛖ,432
pitchman,46738,0,ᛈᛁᛏᚳᚻᛗᚪᚾ,366
chauffer,46729,0,ᚳᚻᚪᚢᚠᚠᛖᚱ,218
moorhens,46655,0,ᛗᚩᚩᚱᚻᛖᚾᛋ,268
lacqueys,46634,0,ᛚᚪᚳᚳᚹᛖᚣᛋ,438
entresol,46628,0,ᛖᚾᛏᚱᛖᛋᚩᛚ,366
advisees,46612,0,ᚪᛞᚢᛁᛋᛖᛖᛋ,460
dystopias,46597,0,ᛞᚣᛋᛏᚩᛈᛡᛋ,514
chapiter,46573,0,ᚳᚻᚪᛈᛁᛏᛖᚱ,344
hasheesh,46553,0,ᚻᚪᛋᚻᛖᛖᛋᚻ,406
warplane,46512,0,ᚹᚪᚱᛈᛚᚪᚾᛖ,436
danceable,46447,0,ᛞᚪᚾᚳᛠᛒᛚᛖ,538
onionskin,46431,0,ᚩᚾᛡᚾᛋᚳᛁᚾ,298
metheglin,46431,0,ᛗᛖᚦᛖᚷᛚᛁᚾ,360
grappler,46408,0,ᚷᚱᚪᛈᛈᛚᛖᚱ,362
psychism,46396,0,ᛈᛋᚣᚳᚻᛁᛋᛗ,390
vocalise,46381,0,ᚢᚩᚳᚪᛚᛁᛋᛖ,344
sahadeva,46372,0,ᛋᚪᚻᚪᛞᛖᚢᚪ,526
kowtowed,46351,0,ᚳᚩᚹᛏᚩᚹᛖᛞ,280
oxyacids,46323,0,ᚩᛉᚣᚪᚳᛁᛞᛋ,440
mutative,46314,0,ᛗᚢᛏᚪᛏᛁᚢᛖ,390
dentelle,46310,0,ᛞᛖᚾᛏᛖᛚᛚᛖ,524
snugness,46304,0,ᛋᚾᚢᚷᚾᛖᛋᛋ,304
fashioner,46258,0,ᚠᚪᛋᚻᛡᚾᛖᚱ,389
ascender,46247,0,ᚪᛋᚳᛖᚾᛞᛖᚱ,426
humidify,46239,0,ᚻᚢᛗᛁᛞᛁᚠᚣ,353
gustation,46214,0,ᚷᚢᛋᛏᚪᛏᛡᚾ,424
hornlike,46179,0,ᚻᚩᚱᚾᛚᛁᚳᛖ,254
forestay,46155,0,ᚠᚩᚱᛖᛋᛏᚪᚣ,399
eeriness,46151,0,ᛖᛖᚱᛁᚾᛖᛋᛋ,378
alchemic,46137,0,ᚪᛚᚳᚻᛖᛗᛁᚳ,388
schmooze,46129,0,ᛋᚳᚻᛗᚩᚩᛋᛖ,294
relocked,46112,0,ᚱᛖᛚᚩᚳᚳᛖᛞ,340
thumbtack,46104,0,ᚦᚢᛗᛒᛏᚪᚳᚳ,322
maniples,46086,0,ᛗᚪᚾᛁᛈᛚᛖᛋ,464
disuniting,46065,0,ᛞᛁᛋᚢᚾᛁᛏᛝ,374
bellboys,46058,0,ᛒᛖᛚᛚᛒᚩᚣᛋ,498
thatchers,46024,0,ᚦᚪᛏᚳᚻᛖᚱᛋ,328
cardroom,45975,0,ᚳᚪᚱᛞᚱᚩᚩᛗ,306
toymaker,45941,0,ᛏᚩᚣᛗᚪᚳᛖᚱ,428
enformed,45937,0,ᛖᚾᚠᚩᚱᛗᛖᛞ,343
stormers,45934,0,ᛋᛏᚩᚱᛗᛖᚱᛋ,332
allopaths,45918,0,ᚪᛚᛚᚩᛈᚪᚦᛋ,448
borstals,45907,0,ᛒᚩᚱᛋᛏᚪᛚᛋ,414
thomsonian,45894,0,ᚦᚩᛗᛋᚩᚾᛡᚾ,308
meliorism,45888,0,ᛗᛖᛚᛡᚱᛁᛋᛗ,484
signaler,45830,0,ᛋᛁᚷᚾᚪᛚᛖᚱ,378
parleyed,45823,0,ᛈᚪᚱᛚᛖᚣᛖᛞ,550
hungriest,45790,0,ᚻᚢᛝᚱᛁᛖᛋᛏ,326
warmness,45779,0,ᚹᚪᚱᛗᚾᛖᛋᛋ,400
napellus,45757,0,ᚾᚪᛈᛖᛚᛚᚢᛋ,438
contorts,45734,0,ᚳᚩᚾᛏᚩᚱᛏᛋ,238
serenest,45680,0,ᛋᛖᚱᛖᚾᛖᛋᛏ,406
ratlines,45621,0,ᚱᚪᛏᛚᛁᚾᛖᛋ,420
shysters,45610,0,ᛋᚻᚣᛋᛏᛖᚱᛋ,422
comparer,45591,0,ᚳᚩᛗᛈᚪᚱᛖᚱ,320
bruisers,45591,0,ᛒᚱᚢᛁᛋᛖᚱᛋ,290
porticoed,45578,0,ᛈᚩᚱᛏᛁᚳᛟᛞ,336
monikers,45536,0,ᛗᚩᚾᛁᚳᛖᚱᛋ,282
surfeits,45503,0,ᛋᚢᚱᚠᛖᛁᛏᛋ,279
ladleful,45485,0,ᛚᚪᛞᛚᛖᚠᚢᛚ,477
proenzyme,45467,0,ᛈᚱᛟᚾᛋᚣᛗᛖ,460
demonism,45467,0,ᛞᛖᛗᚩᚾᛁᛋᛗ,418
repeopled,45416,0,ᚱᛖᛈᛇᛈᛚᛖᛞ,434
cowhides,45389,0,ᚳᚩᚹᚻᛁᛞᛖᛋ,302
atrophying,45376,0,ᚪᛏᚱᚩᛈᚻᚣᛝ,422
gumdrops,45364,0,ᚷᚢᛗᛞᚱᚩᛈᛋ,294
astroglia,45362,0,ᚪᛋᛏᚱᚩᚷᛚᛡ,424
vernation,45292,0,ᚢᛖᚱᚾᚪᛏᛡᚾ,402
aflutter,45289,0,ᚪᚠᛚᚢᛏᛏᛖᚱ,371
nevadans,45250,0,ᚾᛖᚢᚪᛞᚪᚾᛋ,464
quibbled,45227,0,ᚳᚹᛁᛒᛒᛚᛖᛞ,414
cesspits,45205,0,ᚳᛖᛋᛋᛈᛁᛏᛋ,372
myelomas,45178,0,ᛗᚣᛖᛚᚩᛗᚪᛋ,542
saleroom,45157,0,ᛋᚪᛚᛖᚱᚩᚩᛗ,386
shockers,45144,0,ᛋᚻᚩᚳᚳᛖᚱᛋ,240
layettes,45122,0,ᛚᚪᚣᛖᛏᛏᛖᛋ,578
pudendum,45121,0,ᛈᚢᛞᛖᚾᛞᚢᛗ,394
snuggery,45094,0,ᛋᚾᚢᚷᚷᛖᚱᚣ,300
minibars,45075,0,ᛗᛁᚾᛁᛒᚪᚱᛋ,384
aguacate,45064,0,ᚪᚷᚢᚪᚳᚪᛏᛖ,450
creosotes,45060,0,ᚳᚱᛇᛋᚩᛏᛖᛋ,304
flashier,45042,0,ᚠᛚᚪᛋᚻᛁᛖᚱ,357
wronskian,45031,0,ᚹᚱᚩᚾᛋᚳᛡᚾ,268
remittal,45030,0,ᚱᛖᛗᛁᛏᛏᚪᛚ,468
laureated,45008,0,ᛚᚪᚢᚱᛠᛏᛖᛞ,508
deodorize,44998,0,ᛞᛇᛞᚩᚱᛁᛋᛖ,388
polypody,44991,0,ᛈᚩᛚᚣᛈᚩᛞᚣ,468
pomerium,44984,0,ᛈᚩᛗᛖᚱᛁᚢᛗ,304
ruralist,44966,0,ᚱᚢᚱᚪᛚᛁᛋᛏ,338
vulgarian,44943,0,ᚢᚢᛚᚷᚪᚱᛡᚾ,340
laughers,44927,0,ᛚᚪᚢᚷᚻᛖᚱᛋ,344
retinene,44921,0,ᚱᛖᛏᛁᚾᛖᚾᛖ,360
piccolos,44888,0,ᛈᛁᚳᚳᚩᛚᚩᛋ,240
mortices,44856,0,ᛗᚩᚱᛏᛁᚳᛖᛋ,312
hatmaker,44838,0,ᚻᚪᛏᛗᚪᚳᛖᚱ,438
refreeze,44823,0,ᚱᛖᚠᚱᛖᛖᛋᛖ,345
seldomer,44787,0,ᛋᛖᛚᛞᚩᛗᛖᚱ,438
redounding,44777,0,ᚱᛖᛞᚩᚢᚾᛞᛝ,374
tipstaff,44689,0,ᛏᛁᛈᛋᛏᚪᚠᚠ,346
narwhals,44656,0,ᚾᚪᚱᚹᚻᚪᛚᛋ,402
bloopers,44655,0,ᛒᛚᚩᚩᛈᛖᚱᛋ,322
inchworm,44651,0,ᛁᚾᚳᚻᚹᚩᚱᛗ,204
nowheres,44643,0,ᚾᚩᚹᚻᛖᚱᛖᛋ,276
diapasons,44611,0,ᛞᛡᛈᚪᛋᚩᚾᛋ,478
slantingly,44609,0,ᛋᛚᚪᚾᛏᛝᛚᚣ,566
frowningly,44581,0,ᚠᚱᚩᚹᚾᛝᛚᚣ,323
puzzlingly,44565,0,ᛈᚢᛋᛋᛚᛝᛚᚣ,480
porringers,44539,0,ᛈᚩᚱᚱᛝᛖᚱᛋ,282
foodless,44500,0,ᚠᚩᚩᛞᛚᛖᛋᛋ,351
tinkerer,44482,0,ᛏᛁᚾᚳᛖᚱᛖᚱ,288
cohabits,44460,0,ᚳᚩᚻᚪᛒᛁᛏᛋ,344
radicand,44440,0,ᚱᚪᛞᛁᚳᚪᚾᛞ,456
homebred,44429,0,ᚻᚩᛗᛖᛒᚱᛖᛞ,396
ostrogoth,44405,0,ᚩᛋᛏᚱᚩᚷᚩᚦ,166
arrastre,44404,0,ᚪᚱᚱᚪᛋᛏᚱᛖ,406
grubbers,44391,0,ᚷᚱᚢᛒᛒᛖᚱᛋ,284
daybooks,44346,0,ᛞᚪᚣᛒᚩᚩᚳᛋ,430
overbold,44329,0,ᚩᚢᛖᚱᛒᚩᛚᛞ,318
bedrocks,44321,0,ᛒᛖᛞᚱᚩᚳᚳᛋ,314
darndest,44301,0,ᛞᚪᚱᚾᛞᛖᛋᛏ,494
enslaver,44286,0,ᛖᚾᛋᛚᚪᚢᛖᚱ,400
peltasts,44284,0,ᛈᛖᛚᛏᚪᛋᛏᛋ,504
misfiled,44283,0,ᛗᛁᛋᚠᛁᛚᛖᛞ,417
deplaned,44233,0,ᛞᛖᛈᛚᚪᚾᛖᛞ,554
vibrissa,44214,0,ᚢᛁᛒᚱᛁᛋᛋᚪ,340
flapjack,44207,0,ᚠᛚᚪᛈᛂᚪᚳᚳ,375
tailcoat,44196,0,ᛏᚪᛁᛚᚳᚩᚪᛏ,436
carolled,44192,0,ᚳᚪᚱᚩᛚᛚᛖᛞ,430
caecilians,44173,0,ᚳᚫᚳᛁᛚᛡᚾᛋ,420
sirenians,44159,0,ᛋᛁᚱᛖᚾᛡᚾᛋ,380
unamused,44151,0,ᚢᚾᚪᛗᚢᛋᛖᛞ,412
minished,44148,0,ᛗᛁᚾᛁᛋᚻᛖᛞ,394
hagiology,44146,0,ᚻᚪᚷᛡᛚᚩᚷᚣ,444
workmate,44120,0,ᚹᚩᚱᚳᛗᚪᛏᛖ,344
uncaught,44120,0,ᚢᚾᚳᚪᚢᚷᚻᛏ,244
solfeggio,44085,0,ᛋᚩᛚᚠᛖᚷᚷᛡ,343
smaltite,44075,0,ᛋᛗᚪᛚᛏᛁᛏᛖ,510
bedcover,44009,0,ᛒᛖᛞᚳᚩᚢᛖᚱ,318
lanthorns,44001,0,ᛚᚪᚾᚦᚩᚱᚾᛋ,304
backbite,43985,0,ᛒᚪᚳᚳᛒᛁᛏᛖ,402
campanas,43954,0,ᚳᚪᛗᛈᚪᚾᚪᛋ,500
underpay,43950,0,ᚢᚾᛞᛖᚱᛈᚪᚣ,442
copycats,43945,0,ᚳᚩᛈᚣᚳᚪᛏᛋ,388
scrimped,43943,0,ᛋᚳᚱᛁᛗᛈᛖᛞ,378
gazillion,43930,0,ᚷᚪᛋᛁᛚᛚᛡᚾ,480
oosphere,43917,0,ᚩᚩᛋᛈᚻᛖᚱᛖ,278
trimaran,43884,0,ᛏᚱᛁᛗᚪᚱᚪᚾ,406
diffusor,43882,0,ᛞᛁᚠᚠᚢᛋᚩᚱ,198
slipknot,43878,0,ᛋᛚᛁᛈᚳᚾᚩᛏ,308
plowland,43875,0,ᛈᛚᚩᚹᛚᚪᚾᛞ,430
lovelies,43859,0,ᛚᚩᚢᛖᛚᛁᛖᛋ,374
mezereum,43848,0,ᛗᛖᛋᛖᚱᛖᚢᛗ,410
greengage,43843,0,ᚷᚱᛖᛖᛝᚪᚷᛖ,422
valuated,43842,0,ᚢᚪᛚᚢᚪᛏᛖᛞ,488
transire,43827,0,ᛏᚱᚪᚾᛋᛁᚱᛖ,358
deathwatch,43765,0,ᛞᛠᚦᚹᚪᛏᚳᚻ,414
cavilled,43750,0,ᚳᚪᚢᛁᛚᛚᛖᛞ,446
alabamian,43749,0,ᚪᛚᚪᛒᚪᛗᛡᚾ,632
birdshot,43748,0,ᛒᛁᚱᛞᛋᚻᚩᛏ,334
reprover,43747,0,ᚱᛖᛈᚱᚩᚢᛖᚱ,220
plutonian,43720,0,ᛈᛚᚢᛏᚩᚾᛡᚾ,350
satirise,43717,0,ᛋᚪᛏᛁᚱᛁᛋᛖ,402
yeshivas,43681,0,ᚣᛖᛋᚻᛁᚢᚪᛋ,430
ripostes,43677,0,ᚱᛁᛈᚩᛋᛏᛖᛋ,324
curtseys,43677,0,ᚳᚢᚱᛏᛋᛖᚣᛋ,362
rearwards,43642,0,ᚱᛠᚱᚹᚪᚱᛞᛋ,400
mariachis,43640,0,ᛗᚪᚱᛡᚳᚻᛁᛋ,406
jokester,43624,0,ᛂᚩᚳᛖᛋᛏᛖᚱ,314
cortinas,43600,0,ᚳᚩᚱᛏᛁᚾᚪᛋ,300
carracks,43586,0,ᚳᚪᚱᚱᚪᚳᚳᛋ,308
hotshots,43570,0,ᚻᚩᛏᛋᚻᚩᛏᛋ,284
snitched,43546,0,ᛋᚾᛁᛏᚳᚻᛖᛞ,364
forgiver,43503,0,ᚠᚩᚱᚷᛁᚢᛖᚱ,149
fernlike,43436,0,ᚠᛖᚱᚾᛚᛁᚳᛖ,293
shuffler,43376,0,ᛋᚻᚢᚠᚠᛚᛖᚱ,234
guessers,43365,0,ᚷᚢᛖᛋᛋᛖᚱᛋ,324
pipsqueak,43344,0,ᛈᛁᛈᛋᚳᚹᛠᚳ,324
billionths,43342,0,ᛒᛁᛚᛚᛡᚾᚦᛋ,432
barnlike,43316,0,ᛒᚪᚱᚾᛚᛁᚳᛖ,382
hesperis,43309,0,ᚻᛖᛋᛈᛖᚱᛁᛋ,348
notabilia,43290,0,ᚾᚩᛏᚪᛒᛁᛚᛡ,464
hellbent,43284,0,ᚻᛖᛚᛚᛒᛖᚾᛏ,452
chymists,43269,0,ᚳᚻᚣᛗᛁᛋᛏᛋ,406
duelists,43265,0,ᛞᚢᛖᛚᛁᛋᛏᛋ,428
liquored,43218,0,ᛚᛁᚳᚹᚩᚱᛖᛞ,310
bibelots,43206,0,ᛒᛁᛒᛖᛚᚩᛏᛋ,412
portaged,43176,0,ᛈᚩᚱᛏᚪᚷᛖᛞ,390
gunstock,43135,0,ᚷᚢᚾᛋᛏᚩᚳᚳ,194
anoestrus,43101,0,ᚪᚾᛟᛋᛏᚱᚢᛋ,388
massager,43070,0,ᛗᚪᛋᛋᚪᚷᛖᚱ,466
slowpoke,43061,0,ᛋᛚᚩᚹᛈᚩᚳᛖ,282
gladdest,43021,0,ᚷᛚᚪᛞᛞᛖᛋᛏ,544
francium,42985,0,ᚠᚱᚪᚾᚳᛁᚢᛗ,257
paroquet,42970,0,ᛈᚪᚱᚩᚳᚹᛖᛏ,316
remeasure,42933,0,ᚱᛖᛗᛠᛋᚢᚱᛖ,392
hatchers,42898,0,ᚻᚪᛏᚳᚻᛖᚱᛋ,346
vitalising,42896,0,ᚢᛁᛏᚪᛚᛁᛋᛝ,426
securest,42888,0,ᛋᛖᚳᚢᚱᛖᛋᛏ,326
downswings,42856,0,ᛞᚩᚹᚾᛋᚹᛝᛋ,348
doornail,42847,0,ᛞᚩᚩᚱᚾᚪᛁᛚ,344
videodisk,42827,0,ᚢᛁᛞᛇᛞᛁᛋᚳ,350
courages,42811,0,ᚳᚩᚢᚱᚪᚷᛖᛋ,268
yeastlike,42783,0,ᚣᛠᛋᛏᛚᛁᚳᛖ,508
muchness,42775,0,ᛗᚢᚳᚻᚾᛖᛋᛋ,312
bagpiper,42744,0,ᛒᚪᚷᛈᛁᛈᛖᚱ,370
sciuridae,42701,0,ᛋᚳᛁᚢᚱᛁᛞᚫ,332
stiflingly,42690,0,ᛋᛏᛁᚠᛚᛝᛚᚣ,473
flatbeds,42642,0,ᚠᛚᚪᛏᛒᛖᛞᛋ,501
bdellium,42640,0,ᛒᛞᛖᛚᛚᛁᚢᛗ,468
parisina,42636,0,ᛈᚪᚱᛁᛋᛁᚾᚪ,392
paretics,42636,0,ᛈᚪᚱᛖᛏᛁᚳᛋ,374
skiagrams,42635,0,ᛋᚳᛡᚷᚱᚪᛗᛋ,422
cartouch,42633,0,ᚳᚪᚱᛏᚩᚢᚳᚻ,226
custodiam,42626,0,ᚳᚢᛋᛏᚩᛞᛡᛗ,402
subbases,42622,0,ᛋᚢᛒᛒᚪᛋᛖᛋ,448
cressets,42617,0,ᚳᚱᛖᛋᛋᛖᛏᛋ,376
saltfish,42589,0,ᛋᚪᛚᛏᚠᛁᛋᚻ,391
cheerier,42589,0,ᚳᚻᛖᛖᚱᛁᛖᚱ,290
chamaeleon,42544,0,ᚳᚻᚪᛗᚫᛚᛇᚾ,448
unriddle,42524,0,ᚢᚾᚱᛁᛞᛞᛚᛖ,392
proceres,42517,0,ᛈᚱᚩᚳᛖᚱᛖᛋ,272
wristlet,42513,0,ᚹᚱᛁᛋᛏᛚᛖᛏ,372
throatily,42509,0,ᚦᚱᚩᚪᛏᛁᛚᚣ,386
leafiness,42490,0,ᛚᛠᚠᛁᚾᛖᛋᛋ,417
codifier,42487,0,ᚳᚩᛞᛁᚠᛁᛖᚱ,251
filiations,42481,0,ᚠᛁᛚᛡᛏᛡᚾᛋ,461
venturis,42474,0,ᚢᛖᚾᛏᚢᚱᛁᛋ,256
wildered,42465,0,ᚹᛁᛚᛞᛖᚱᛖᛞ,446
roulades,42448,0,ᚱᚩᚢᛚᚪᛞᛖᛋ,400
canceler,42443,0,ᚳᚪᚾᚳᛖᛚᛖᚱ,370
cophetua,42400,0,ᚳᚩᛈᚻᛖᛏᚢᚪ,312
heirless,42380,0,ᚻᛖᛁᚱᛚᛖᛋᛋ,378
whippets,42375,0,ᚹᚻᛁᛈᛈᛖᛏᛋ,338
scurvily,42370,0,ᛋᚳᚢᚱᚢᛁᛚᚣ,290
engulphed,42370,0,ᛖᛝᚢᛚᛈᚻᛖᛞ,444
caracara,42368,0,ᚳᚪᚱᚪᚳᚪᚱᚪ,436
shelduck,42339,0,ᛋᚻᛖᛚᛞᚢᚳᚳ,334
guanacos,42337,0,ᚷᚢᚪᚾᚪᚳᚩᛋ,316
pachinko,42332,0,ᛈᚪᚳᚻᛁᚾᚳᚩ,256
gossipping,42319,0,ᚷᚩᛋᛋᛁᛈᛈᛝ,326
bestrewn,42286,0,ᛒᛖᛋᛏᚱᛖᚹᚾ,366
ravishes,42283,0,ᚱᚪᚢᛁᛋᚻᛖᛋ,338
rosetted,42282,0,ᚱᚩᛋᛖᛏᛏᛖᛞ,412
battlers,42275,0,ᛒᚪᛏᛏᛚᛖᚱᛋ,480
lifebelt,42267,0,ᛚᛁᚠᛖᛒᛖᛚᛏ,433
malamute,42262,0,ᛗᚪᛚᚪᛗᚢᛏᛖ,538
tricorne,42255,0,ᛏᚱᛁᚳᚩᚱᚾᛖ,228
prelatic,42253,0,ᛈᚱᛖᛚᚪᛏᛁᚳ,394
dreadfuls,42251,0,ᛞᚱᛠᛞᚠᚢᛚᛋ,429
abducent,42232,0,ᚪᛒᛞᚢᚳᛖᚾᛏ,418
recoined,42209,0,ᚱᛖᚳᚩᛁᚾᛖᛞ,314
crosslet,42203,0,ᚳᚱᚩᛋᛋᛚᛖᛏ,336
bugaboos,42192,0,ᛒᚢᚷᚪᛒᚩᚩᛋ,306
yestreen,42191,0,ᚣᛖᛋᛏᚱᛖᛖᚾ,456
voteless,42184,0,ᚢᚩᛏᛖᛚᛖᛋᛋ,382
lightful,42181,0,ᛚᛁᚷᚻᛏᚠᚢᛚ,281
hosepipe,42104,0,ᚻᚩᛋᛖᛈᛁᛈᛖ,334
rosaceous,42097,0,ᚱᚩᛋᚪᚳᛇᚢᛋ,278
papooses,42094,0,ᛈᚪᛈᚩᚩᛋᛖᛋ,370
whiskery,42091,0,ᚹᚻᛁᛋᚳᛖᚱᚣ,320
milkwort,42086,0,ᛗᛁᛚᚳᚹᚩᚱᛏ,284
zygotene,42055,0,ᛋᚣᚷᚩᛏᛖᚾᛖ,402
pictland,42050,0,ᛈᛁᚳᛏᛚᚪᚾᛞ,434
mealiness,42027,0,ᛗᛠᛚᛁᚾᛖᛋᛋ,486
mattrass,42012,0,ᛗᚪᛏᛏᚱᚪᛋᛋ,500
steerers,41991,0,ᛋᛏᛖᛖᚱᛖᚱᛋ,388
gryphons,41988,0,ᚷᚱᚣᛈᚻᚩᚾᛋ,286
kingmakers,41866,0,ᚳᛝᛗᚪᚳᛖᚱᛋ,404
impowering,41853,0,ᛁᛗᛈᚩᚹᛖᚱᛝ,328
headstall,41831,0,ᚻᛠᛞᛋᛏᚪᛚᛚ,576
idocrase,41760,0,ᛁᛞᚩᚳᚱᚪᛋᛖ,368
keelsons,41753,0,ᚳᛖᛖᛚᛋᚩᚾᛋ,362
sidecars,41752,0,ᛋᛁᛞᛖᚳᚪᚱᛋ,414
tetrodes,41751,0,ᛏᛖᛏᚱᚩᛞᛖᛋ,412
cynanche,41644,0,ᚳᚣᚾᚪᚾᚳᚻᛖ,374
estridge,41632,0,ᛖᛋᛏᚱᛁᛞᚷᛖ,394
swayback,41625,0,ᛋᚹᚪᚣᛒᚪᚳᚳ,456
clintonia,41612,0,ᚳᛚᛁᚾᛏᚩᚾᛡ,348
snowsuit,41608,0,ᛋᚾᚩᚹᛋᚢᛁᛏ,254
bogeymen,41600,0,ᛒᚩᚷᛖᚣᛗᛖᚾ,422
safeness,41576,0,ᛋᚪᚠᛖᚾᛖᛋᛋ,421
hosannah,41569,0,ᚻᚩᛋᚪᚾᚾᚪᚻ,358
skivvies,41524,0,ᛋᚳᛁᚢᚢᛁᛖᛋ,254
unscaled,41490,0,ᚢᚾᛋᚳᚪᛚᛖᛞ,424
dimidiate,41476,0,ᛞᛁᛗᛁᛞᛡᛏᛖ,544
leewards,41464,0,ᛚᛖᛖᚹᚪᚱᛞᛋ,476
totalize,41428,0,ᛏᚩᛏᚪᛚᛁᛋᛖ,446
disports,41428,0,ᛞᛁᛋᛈᚩᚱᛏᛋ,346
paperboy,41419,0,ᛈᚪᛈᛖᚱᛒᚩᚣ,432
prochain,41381,0,ᛈᚱᚩᚳᚻᚪᛁᚾ,254
barytone,41380,0,ᛒᚪᚱᚣᛏᚩᚾᛖ,434
uptilted,41368,0,ᚢᛈᛏᛁᛚᛏᛖᛞ,424
pederast,41357,0,ᛈᛖᛞᛖᚱᚪᛋᛏ,486
bookroom,41354,0,ᛒᚩᚩᚳᚱᚩᚩᛗ,184
ruskinian,41341,0,ᚱᚢᛋᚳᛁᚾᛡᚾ,276
murtherer,41340,0,ᛗᚢᚱᚦᛖᚱᛖᚱ,246
hillsman,41339,0,ᚻᛁᛚᛚᛋᛗᚪᚾ,450
deadfalls,41309,0,ᛞᛠᛞᚠᚪᛚᛚᛋ,585
ableness,41302,0,ᚪᛒᛚᛖᚾᛖᛋᛋ,500
eternals,41298,0,ᛖᛏᛖᚱᚾᚪᛚᛋ,456
straiten,41292,0,ᛋᛏᚱᚪᛁᛏᛖᚾ,406
bounders,41281,0,ᛒᚩᚢᚾᛞᛖᚱᛋ,320
biogenous,41278,0,ᛒᛡᚷᛖᚾᚩᚢᛋ,344
sarcenet,41247,0,ᛋᚪᚱᚳᛖᚾᛖᛏ,396
climatal,41243,0,ᚳᛚᛁᛗᚪᛏᚪᛚ,514
peregrin,41223,0,ᛈᛖᚱᛖᚷᚱᛁᚾ,276
palmitin,41213,0,ᛈᚪᛚᛗᛁᛏᛁᚾ,434
spiculum,41209,0,ᛋᛈᛁᚳᚢᛚᚢᛗ,290
lambkins,41180,0,ᛚᚪᛗᛒᚳᛁᚾᛋ,428
placeman,41152,0,ᛈᛚᚪᚳᛖᛗᚪᚾ,490
viselike,41128,0,ᚢᛁᛋᛖᛚᛁᚳᛖ,338
squalled,41119,0,ᛋᚳᚹᚪᛚᛚᛖᛞ,484
exampled,41106,0,ᛖᛉᚪᛗᛈᛚᛖᛞ,554
albumens,41084,0,ᚪᛚᛒᚢᛗᛖᚾᛋ,454
puzzlers,41080,0,ᛈᚢᛋᛋᛚᛖᚱᛋ,356
barebone,41033,0,ᛒᚪᚱᛖᛒᚩᚾᛖ,400
prosimian,41032,0,ᛈᚱᚩᛋᛁᛗᛡᚾ,352
hebetude,41023,0,ᚻᛖᛒᛖᛏᚢᛞᛖ,436
unsmoked,41021,0,ᚢᚾᛋᛗᚩᚳᛖᛞ,332
centimos,41016,0,ᚳᛖᚾᛏᛁᛗᚩᛋ,330
facilely,41004,0,ᚠᚪᚳᛁᛚᛖᛚᚣ,459
layovers,40997,0,ᛚᚪᚣᚩᚢᛖᚱᛋ,414
outclass,40986,0,ᚩᚢᛏᚳᛚᚪᛋᛋ,358
crooners,40985,0,ᚳᚱᚩᚩᚾᛖᚱᛋ,198
preexist,40954,0,ᛈᚱᛖᛖᛉᛁᛋᛏ,378
southrons,40923,0,ᛋᚩᚢᚦᚱᚩᚾᛋ,168
domelike,40912,0,ᛞᚩᛗᛖᛚᛁᚳᛖ,418
geometrid,40901,0,ᚷᛇᛗᛖᛏᚱᛁᛞ,386
saxonism,40883,0,ᛋᚪᛉᚩᚾᛁᛋᛗ,388
incisure,40875,0,ᛁᚾᚳᛁᛋᚢᚱᛖ,238
disannul,40868,0,ᛞᛁᛋᚪᚾᚾᚢᛚ,404
troubler,40863,0,ᛏᚱᚩᚢᛒᛚᛖᚱ,292
studbook,40831,0,ᛋᛏᚢᛞᛒᚩᚩᚳ,292
clevises,40822,0,ᚳᛚᛖᚢᛁᛋᛖᛋ,360
overcall,40815,0,ᚩᚢᛖᚱᚳᚪᛚᛚ,344
gadabout,40815,0,ᚷᚪᛞᚪᛒᚩᚢᛏ,430
pelisses,40807,0,ᛈᛖᛚᛁᛋᛋᛖᛋ,440
enkindling,40794,0,ᛖᚾᚳᛁᚾᛞᛚᛝ,410
azotized,40794,0,ᚪᛋᚩᛏᛁᛋᛖᛞ,456
moderner,40768,0,ᛗᚩᛞᛖᚱᚾᛖᚱ,352
cubature,40733,0,ᚳᚢᛒᚪᛏᚢᚱᛖ,314
doormats,40728,0,ᛞᚩᚩᚱᛗᚪᛏᛋ,394
parnassia,40722,0,ᛈᚪᚱᚾᚪᛋᛋᛡ,490
emblazon,40711,0,ᛖᛗᛒᛚᚪᛋᚩᚾ,458
tambours,40704,0,ᛏᚪᛗᛒᚩᚢᚱᛋ,362
munsters,40665,0,ᛗᚢᚾᛋᛏᛖᚱᛋ,346
prizemen,40648,0,ᛈᚱᛁᛋᛖᛗᛖᚾ,372
pangolins,40616,0,ᛈᚪᛝᚩᛚᛁᚾᛋ,412
trundles,40574,0,ᛏᚱᚢᚾᛞᛚᛖᛋ,384
coracles,40565,0,ᚳᚩᚱᚪᚳᛚᛖᛋ,334
haycocks,40554,0,ᚻᚪᚣᚳᚩᚳᚳᛋ,322
disbarring,40536,0,ᛞᛁᛋᛒᚪᚱᚱᛝ,432
couldest,40527,0,ᚳᚩᚢᛚᛞᛖᛋᛏ,364
glossier,40519,0,ᚷᛚᚩᛋᛋᛁᛖᚱ,312
embosser,40473,0,ᛖᛗᛒᚩᛋᛋᛖᚱ,390
tightwad,40470,0,ᛏᛁᚷᚻᛏᚹᚪᛞ,394
scavenges,40464,0,ᛋᚳᚪᚢᛖᛝᛖᛋ,432
uncarved,40461,0,ᚢᚾᚳᚪᚱᚢᛖᛞ,312
idolator,40430,0,ᛁᛞᚩᛚᚪᛏᚩᚱ,374
diploidy,40430,0,ᛞᛁᛈᛚᚩᛁᛞᚣ,466
rissoles,40419,0,ᚱᛁᛋᛋᚩᛚᛖᛋ,348
chastest,40418,0,ᚳᚻᚪᛋᛏᛖᛋᛏ,424
philtres,40375,0,ᛈᚻᛁᛚᛏᚱᛖᛋ,360
hipbones,40367,0,ᚻᛁᛈᛒᚩᚾᛖᛋ,314
groveled,40365,0,ᚷᚱᚩᚢᛖᛚᛖᛞ,334
phalanger,40359,0,ᛈᚻᚪᛚᚪᛝᛖᚱ,490
deafeningly,40350,0,ᛞᛠᚠᛖᚾᛝᛚᚣ,551
indument,40326,0,ᛁᚾᛞᚢᛗᛖᚾᛏ,378
deflower,40286,0,ᛞᛖᚠᛚᚩᚹᛖᚱ,335
imbursed,40269,0,ᛁᛗᛒᚢᚱᛋᛖᛞ,386
damagingly,40252,0,ᛞᚪᛗᚪᚷᛝᛚᚣ,626
coiffeur,40251,0,ᚳᚩᛁᚠᚠᛖᚢᚱ,136
finesses,40176,0,ᚠᛁᚾᛖᛋᛋᛖᛋ,355
embowering,40165,0,ᛖᛗᛒᚩᚹᛖᚱᛝ,382
locoweed,40154,0,ᛚᚩᚳᚩᚹᛖᛖᛞ,342
isogonic,40132,0,ᛁᛋᚩᚷᚩᚾᛁᚳ,188
southmost,40127,0,ᛋᚩᚢᚦᛗᚩᛋᛏ,258
moquette,40108,0,ᛗᚩᚳᚹᛖᛏᛏᛖ,362
paintbox,40102,0,ᛈᚪᛁᚾᛏᛒᚩᛉ,374
tiebacks,40097,0,ᛏᛁᛖᛒᚪᚳᚳᛋ,394
trisagion,40092,0,ᛏᚱᛁᛋᚪᚷᛡᚾ,404
parfaits,40088,0,ᛈᚪᚱᚠᚪᛁᛏᛋ,393
trampers,40066,0,ᛏᚱᚪᛗᛈᛖᚱᛋ,412
shebeens,40055,0,ᛋᚻᛖᛒᛖᛖᚾᛋ,420
sparkish,40040,0,ᛋᛈᚪᚱᚳᛁᛋᚻ,324
overbore,40037,0,ᚩᚢᛖᚱᛒᚩᚱᛖ,234
earthwards,40034,0,ᛠᚱᚦᚹᚪᚱᛞᛋ,394
unshipping,39986,0,ᚢᚾᛋᚻᛁᛈᛈᛝ,304
spitball,39977,0,ᛋᛈᛁᛏᛒᚪᛚᛚ,490
backdown,39936,0,ᛒᚪᚳᚳᛞᚩᚹᚾ,328
polyadic,39935,0,ᛈᚩᛚᚣᚪᛞᛁᚳ,456
misguiding,39907,0,ᛗᛁᛋᚷᚢᛁᛞᛝ,374
precisian,39902,0,ᛈᚱᛖᚳᛁᛋᛡᚾ,354
foghorns,39900,0,ᚠᚩᚷᚻᚩᚱᚾᛋ,149
hacksaws,39884,0,ᚻᚪᚳᚳᛋᚪᚹᛋ,368
naturist,39882,0,ᚾᚪᛏᚢᚱᛁᛋᛏ,342
weedless,39875,0,ᚹᛖᛖᛞᛚᛖᛋᛋ,488
corkwood,39866,0,ᚳᚩᚱᚳᚹᚩᚩᛞ,166
pizzerias,39856,0,ᛈᛁᛋᛋᛖᚱᛡᛋ,418
beseemed,39838,0,ᛒᛖᛋᛖᛖᛗᛖᛞ,542
agalactia,39838,0,ᚪᚷᚪᛚᚪᚳᛏᛡ,560
malapert,39833,0,ᛗᚪᛚᚪᛈᛖᚱᛏ,518
walleyed,39794,0,ᚹᚪᛚᛚᛖᚣᛖᛞ,588
atlantes,39785,0,ᚪᛏᛚᚪᚾᛏᛖᛋ,534
enthralls,39782,0,ᛖᚾᚦᚱᚪᛚᛚᛋ,408
wiliness,39781,0,ᚹᛁᛚᛁᚾᛖᛋᛋ,356
ingrateful,39761,0,ᛝᚱᚪᛏᛖᚠᚢᛚ,391
hymselfe,39733,0,ᚻᚣᛗᛋᛖᛚᚠᛖ,459
ropiness,39722,0,ᚱᚩᛈᛁᚾᛖᛋᛋ,294
nankeens,39720,0,ᚾᚪᚾᚳᛖᛖᚾᛋ,384
lowlifes,39708,0,ᛚᚩᚹᛚᛁᚠᛖᛋ,325
unbanded,39693,0,ᚢᚾᛒᚪᚾᛞᛖᛞ,464
revellings,39689,0,ᚱᛖᚢᛖᛚᛚᛝᛋ,426
huttonian,39669,0,ᚻᚢᛏᛏᚩᚾᛡᚾ,316
plodders,39658,0,ᛈᛚᚩᛞᛞᛖᚱᛋ,432
agonizes,39645,0,ᚪᚷᚩᚾᛁᛋᛖᛋ,354
peepshow,39627,0,ᛈᛖᛖᛈᛋᚻᚩᚹ,322
nutgalls,39619,0,ᚾᚢᛏᚷᚪᛚᛚᛋ,404
firebomb,39604,0,ᚠᛁᚱᛖᛒᚩᛗᛒ,311
comatula,39594,0,ᚳᚩᛗᚪᛏᚢᛚᚪ,420
shiverings,39591,0,ᛋᚻᛁᚢᛖᚱᛝᛋ,320
salaamed,39581,0,ᛋᚪᛚᚪᚪᛗᛖᛞ,644
broidery,39580,0,ᛒᚱᚩᛁᛞᛖᚱᚣ,380
greenfly,39572,0,ᚷᚱᛖᛖᚾᚠᛚᚣ,369
trimodal,39528,0,ᛏᚱᛁᛗᚩᛞᚪᛚ,438
mistreats,39523,0,ᛗᛁᛋᛏᚱᛠᛏᛋ,446
tremolos,39510,0,ᛏᚱᛖᛗᚩᛚᚩᛋ,348
houstonia,39505,0,ᚻᚩᚢᛋᛏᚩᚾᛡ,288
stiffish,39493,0,ᛋᛏᛁᚠᚠᛁᛋᚻ,254
shoplift,39491,0,ᛋᚻᚩᛈᛚᛁᚠᛏ,291
eulogise,39460,0,ᛖᚢᛚᚩᚷᛁᛋᛖ,318
guelphic,39423,0,ᚷᚢᛖᛚᛈᚻᛁᚳ,270
snakehead,39417,0,ᛋᚾᚪᚳᛖᚻᛠᛞ,480
sunsetting,39373,0,ᛋᚢᚾᛋᛖᛏᛏᛝ,402
gaudiest,39349,0,ᚷᚪᚢᛞᛁᛖᛋᛏ,416
ortolans,39345,0,ᚩᚱᛏᚩᛚᚪᚾᛋ,336
trapezes,39306,0,ᛏᚱᚪᛈᛖᛋᛖᛋ,450
snappily,39264,0,ᛋᚾᚪᛈᛈᛁᛚᚣ,472
troupers,39227,0,ᛏᚱᚩᚢᛈᛖᚱᛋ,254
barbwire,39214,0,ᛒᚪᚱᛒᚹᛁᚱᛖ,358
corslets,39174,0,ᚳᚩᚱᛋᛚᛖᛏᛋ,336
deputise,39171,0,ᛞᛖᛈᚢᛏᛁᛋᛖ,412
cotyloid,39102,0,ᚳᚩᛏᚣᛚᚩᛁᛞ,382
dribbler,39048,0,ᛞᚱᛁᛒᛒᛚᛖᚱ,404
froebelian,39031,0,ᚠᚱᛟᛒᛖᛚᛡᚾ,433
semihard,39026,0,ᛋᛖᛗᛁᚻᚪᚱᛞ,442
spelunking,38996,0,ᛋᛈᛖᛚᚢᚾᚳᛝ,360
ejective,38990,0,ᛖᛂᛖᚳᛏᛁᚢᛖ,344
drollest,38975,0,ᛞᚱᚩᛚᛚᛖᛋᛏ,432
unserious,38960,0,ᚢᚾᛋᛖᚱᛡᚢᛋ,326
nikolais,38951,0,ᚾᛁᚳᚩᛚᚪᛁᛋ,334
unposted,38938,0,ᚢᚾᛈᚩᛋᛏᛖᛞ,350
figurate,38935,0,ᚠᛁᚷᚢᚱᚪᛏᛖ,287
freshers,38927,0,ᚠᚱᛖᛋᚻᛖᚱᛋ,287
isthmuses,38912,0,ᛁᛋᚦᛗᚢᛋᛖᛋ,336
turnspit,38885,0,ᛏᚢᚱᚾᛋᛈᛁᛏ,288
closeouts,38879,0,ᚳᛚᚩᛋᛇᚢᛏᛋ,302
sandwort,38878,0,ᛋᚪᚾᛞᚹᚩᚱᛏ,364
prooemium,38861,0,ᛈᚱᚩᛟᛗᛁᚢᛗ,320
notornis,38814,0,ᚾᚩᛏᚩᚱᚾᛁᛋ,226
superhet,38783,0,ᛋᚢᛈᛖᚱᚻᛖᛏ,326
backspin,38777,0,ᛒᚪᚳᚳᛋᛈᛁᚾ,340
kurrajong,38756,0,ᚳᚢᚱᚱᚪᛂᚩᛝ,258
crashers,38750,0,ᚳᚱᚪᛋᚻᛖᚱᛋ,328
eftsoons,38737,0,ᛖᚠᛏᛋᚩᚩᚾᛋ,277
bootjack,38724,0,ᛒᚩᚩᛏᛂᚪᚳᚳ,294
oceanward,38711,0,ᚩᚳᛠᚾᚹᚪᚱᛞ,374
unbodied,38708,0,ᚢᚾᛒᚩᛞᛁᛖᛞ,376
nighties,38705,0,ᚾᛁᚷᚻᛏᛁᛖᛋ,310
shipworm,38701,0,ᛋᚻᛁᛈᚹᚩᚱᛗ,258
vaporise,38700,0,ᚢᚪᛈᚩᚱᛁᛋᛖ,312
prickers,38692,0,ᛈᚱᛁᚳᚳᛖᚱᛋ,242
reproval,38689,0,ᚱᛖᛈᚱᚩᚢᚪᛚ,312
shipways,38688,0,ᛋᚻᛁᛈᚹᚪᚣᛋ,422
podocarp,38677,0,ᛈᚩᛞᚩᚳᚪᚱᛈ,310
octobers,38664,0,ᚩᚳᛏᚩᛒᛖᚱᛋ,278
refluent,38636,0,ᚱᛖᚠᛚᚢᛖᚾᛏ,311
numberings,38615,0,ᚾᚢᛗᛒᛖᚱᛝᛋ,374
ululation,38603,0,ᚢᛚᚢᛚᚪᛏᛡᚾ,444
unswayed,38549,0,ᚢᚾᛋᚹᚪᚣᛖᛞ,460
colludes,38520,0,ᚳᚩᛚᛚᚢᛞᛖᛋ,378
druggets,38498,0,ᛞᚱᚢᚷᚷᛖᛏᛋ,316
prattles,38491,0,ᛈᚱᚪᛏᛏᛚᛖᛋ,462
barbered,38485,0,ᛒᚪᚱᛒᛖᚱᛖᛞ,464
tipsters,38480,0,ᛏᛁᛈᛋᛏᛖᚱᛋ,376
untrusting,38466,0,ᚢᚾᛏᚱᚢᛋᛏᛝ,296
whittler,38464,0,ᚹᚻᛁᛏᛏᛚᛖᚱ,342
cockloft,38452,0,ᚳᚩᚳᚳᛚᚩᚠᛏ,187
anglomania,38433,0,ᚪᛝᛚᚩᛗᚪᚾᛡ,560
eriphyle,38422,0,ᛖᚱᛁᛈᚻᚣᛚᛖ,418
raftered,38408,0,ᚱᚪᚠᛏᛖᚱᛖᛞ,403
saguaros,38401,0,ᛋᚪᚷᚢᚪᚱᚩᛋ,338
svastika,38352,0,ᛋᚢᚪᛋᛏᛁᚳᚪ,406
macadams,38341,0,ᛗᚪᚳᚪᛞᚪᛗᛋ,588
alguazil,38320,0,ᚪᛚᚷᚢᚪᛋᛁᛚ,444
burgrave,38296,0,ᛒᚢᚱᚷᚱᚪᚢᛖ,270
brownout,38277,0,ᛒᚱᚩᚹᚾᚩᚢᛏ,196
testamur,38266,0,ᛏᛖᛋᛏᚪᛗᚢᚱ,420
gibbered,38260,0,ᚷᛁᛒᛒᛖᚱᛖᛞ,404
tormenta,38249,0,ᛏᚩᚱᛗᛖᚾᛏᚪ,400
abnegating,38249,0,ᚪᛒᚾᛖᚷᚪᛏᛝ,506
riposted,38243,0,ᚱᛁᛈᚩᛋᛏᛖᛞ,360
gameness,38210,0,ᚷᚪᛗᛖᚾᛖᛋᛋ,454
snorkels,38209,0,ᛋᚾᚩᚱᚳᛖᛚᛋ,306
tremella,38201,0,ᛏᚱᛖᛗᛖᛚᛚᚪ,518
gallipot,38196,0,ᚷᚪᛚᛚᛁᛈᚩᛏ,400
caverned,38179,0,ᚳᚪᚢᛖᚱᚾᛖᛞ,376
outlands,38161,0,ᚩᚢᛏᛚᚪᚾᛞᛋ,410
trouvere,38156,0,ᛏᚱᚩᚢᚢᛖᚱᛖ,228
diablerie,38121,0,ᛞᛡᛒᛚᛖᚱᛁᛖ,506
rhonchus,38113,0,ᚱᚻᚩᚾᚳᚻᚢᛋ,162
ravagers,38108,0,ᚱᚪᚢᚪᚷᛖᚱᛋ,356
garboard,38098,0,ᚷᚪᚱᛒᚩᚪᚱᛞ,390
velveeta,38076,0,ᚢᛖᛚᚢᛖᛖᛏᚪ,436
headshake,38053,0,ᚻᛠᛞᛋᚻᚪᚳᛖ,474
borromean,38019,0,ᛒᚩᚱᚱᚩᛗᛠᚾ,306
cryonics,37989,0,ᚳᚱᚣᚩᚾᛁᚳᛋ,260
premiering,37978,0,ᛈᚱᛖᛗᛁᛖᚱᛝ,380
unsheared,37965,0,ᚢᚾᛋᚻᛠᚱᛖᛞ,384
undented,37907,0,ᚢᚾᛞᛖᚾᛏᛖᛞ,432
slobbery,37907,0,ᛋᛚᚩᛒᛒᛖᚱᚣ,436
exodontia,37904,0,ᛖᛉᚩᛞᚩᚾᛏᛡ,412
unsporting,37880,0,ᚢᚾᛋᛈᚩᚱᛏᛝ,284
haltered,37832,0,ᚻᚪᛚᛏᛖᚱᛖᛞ,486
sellable,37816,0,ᛋᛖᛚᛚᚪᛒᛚᛖ,564
kedgeree,37800,0,ᚳᛖᛞᚷᛖᚱᛖᛖ,398
hogbacks,37797,0,ᚻᚩᚷᛒᚪᚳᚳᛋ,284
verticil,37793,0,ᚢᛖᚱᛏᛁᚳᛁᛚ,288
reawakens,37775,0,ᚱᛠᚹᚪᚳᛖᚾᛋ,398
mantises,37771,0,ᛗᚪᚾᛏᛁᛋᛖᛋ,460
arrastra,37684,0,ᚪᚱᚱᚪᛋᛏᚱᚪ,436
elegists,37680,0,ᛖᛚᛖᚷᛁᛋᛏᛋ,420
mondaine,37656,0,ᛗᚩᚾᛞᚪᛁᚾᛖ,420
maypoles,37626,0,ᛗᚪᚣᛈᚩᛚᛖᛋ,514
cabalist,37626,0,ᚳᚪᛒᚪᛚᛁᛋᛏ,484
cornland,37621,0,ᚳᚩᚱᚾᛚᚪᚾᛞ,348
amitotic,37603,0,ᚪᛗᛁᛏᚩᛏᛁᚳ,368
chortles,37580,0,ᚳᚻᚩᚱᛏᛚᛖᛋ,306
faithfuls,37556,0,ᚠᚪᛁᚦᚠᚢᛚᛋ,266
charites,37547,0,ᚳᚻᚪᚱᛁᛏᛖᛋ,354
undocked,37527,0,ᚢᚾᛞᚩᚳᚳᛖᛞ,310
ungenteel,37524,0,ᚢᛝᛖᚾᛏᛖᛖᛚ,444
convexed,37517,0,ᚳᚩᚾᚢᛖᛉᛖᛞ,322
prattler,37511,0,ᛈᚱᚪᛏᛏᛚᛖᚱ,420
unrelaxing,37493,0,ᚢᚾᚱᛖᛚᚪᛉᛝ,406
capsizes,37492,0,ᚳᚪᛈᛋᛁᛋᛖᛋ,410
iceboxes,37490,0,ᛁᚳᛖᛒᚩᛉᛖᛋ,346
cesareans,37477,0,ᚳᛖᛋᚪᚱᛠᚾᛋ,432
crotched,37451,0,ᚳᚱᚩᛏᚳᚻᛖᛞ,282
bookless,37407,0,ᛒᚩᚩᚳᛚᛖᛋᛋ,334
outguess,37406,1,ᚩᚢᛏᚷᚢᛖᛋᛋ,262
tameless,37367,0,ᛏᚪᛗᛖᛚᛖᛋᛋ,540
winnower,37351,0,ᚹᛁᚾᚾᚩᚹᛖᚱ,212
thoughted,37345,0,ᚦᚩᚢᚷᚻᛏᛖᛞ,270
opaquely,37338,0,ᚩᛈᚪᚳᚹᛖᛚᚣ,422
tartarean,37326,0,ᛏᚪᚱᛏᚪᚱᛠᚾ,472
napierian,37318,0,ᚾᚪᛈᛁᛖᚱᛡᚾ,414
crullers,37289,0,ᚳᚱᚢᛚᛚᛖᚱᛋ,304
ndjamena,37288,0,ᚾᛞᛂᚪᛗᛖᚾᚪ,516
stickpin,37286,0,ᛋᛏᛁᚳᚳᛈᛁᚾ,272
trillionth,37264,0,ᛏᚱᛁᛚᛚᛡᚾᚦ,388
chemurgy,37239,0,ᚳᚻᛖᛗᚢᚱᚷᚣ,308
sapphics,37234,0,ᛋᚪᛈᛈᚻᛁᚳᛋ,356
biologism,37226,0,ᛒᛡᛚᚩᚷᛁᛋᛗ,420
snobbism,37220,0,ᛋᚾᚩᛒᛒᛁᛋᛗ,366
moriscoes,37205,0,ᛗᚩᚱᛁᛋᚳᛟᛋ,322
placation,37191,0,ᛈᛚᚪᚳᚪᛏᛡᚾ,518
unsaddle,37188,0,ᚢᚾᛋᚪᛞᛞᛚᛖ,500
proxenus,37188,0,ᛈᚱᚩᛉᛖᚾᚢᛋ,260
lacelike,37176,0,ᛚᚪᚳᛖᛚᛁᚳᛖ,434
euthenics,37156,0,ᛖᚢᚦᛖᚾᛁᚳᛋ,268
blenched,37149,0,ᛒᛚᛖᚾᚳᚻᛖᛞ,422
sanctums,37128,0,ᛋᚪᚾᚳᛏᚢᛗᛋ,378
deucedly,37119,0,ᛞᛖᚢᚳᛖᛞᛚᚣ,504
brittles,37109,0,ᛒᚱᛁᛏᛏᛚᛖᛋ,414
meerkats,37071,0,ᛗᛖᛖᚱᚳᚪᛏᛋ,438
cubistic,37063,0,ᚳᚢᛒᛁᛋᛏᛁᚳ,264
sordidly,37050,0,ᛋᚩᚱᛞᛁᛞᛚᚣ,456
tinamous,37037,0,ᛏᛁᚾᚪᛗᚩᚢᛋ,350
fervours,37030,0,ᚠᛖᚱᚢᚩᚢᚱᛋ,157
jugulars,36996,0,ᛂᚢᚷᚢᛚᚪᚱᛋ,294
lendable,36965,0,ᛚᛖᚾᛞᚪᛒᛚᛖ,556
dragster,36951,0,ᛞᚱᚪᚷᛋᛏᛖᚱ,404
mistrials,36897,0,ᛗᛁᛋᛏᚱᛡᛚᛋ,458
horsecar,36846,0,ᚻᚩᚱᛋᛖᚳᚪᚱ,282
axolemma,36843,0,ᚪᛉᚩᛚᛖᛗᛗᚪ,530
sharpish,36837,0,ᛋᚻᚪᚱᛈᛁᛋᚻ,334
glutelin,36778,0,ᚷᛚᚢᛏᛖᛚᛁᚾ,352
swarmers,36776,0,ᛋᚹᚪᚱᛗᛖᚱᛋ,382
unuseful,36732,0,ᚢᚾᚢᛋᛖᚠᚢᛚ,233
sellouts,36709,0,ᛋᛖᛚᛚᚩᚢᛏᛋ,388
cannikin,36694,0,ᚳᚪᚾᚾᛁᚳᛁᚾ,272
paraders,36685,0,ᛈᚪᚱᚪᛞᛖᚱᛋ,468
lovebird,36668,0,ᛚᚩᚢᛖᛒᛁᚱᛞ,342
lorikeet,36668,0,ᛚᚩᚱᛁᚳᛖᛖᛏ,328
duologue,36662,0,ᛞᚢᚩᛚᚩᚷᚢᛖ,266
skydiver,36657,0,ᛋᚳᚣᛞᛁᚢᛖᚱ,370
brassier,36657,0,ᛒᚱᚪᛋᛋᛁᛖᚱ,384
decorums,36649,0,ᛞᛖᚳᚩᚱᚢᛗᛋ,314
croziers,36645,0,ᚳᚱᚩᛋᛁᛖᚱᛋ,246
enricher,36566,0,ᛖᚾᚱᛁᚳᚻᛖᚱ,252
bedimmed,36546,0,ᛒᛖᛞᛁᛗᛗᛖᛞ,546
factoids,36521,0,ᚠᚪᚳᛏᚩᛁᛞᛋ,351
unenvied,36510,0,ᚢᚾᛖᚾᚢᛁᛖᛞ,318
surcoats,36503,0,ᛋᚢᚱᚳᚩᚪᛏᛋ,296
nigerien,36478,0,ᚾᛁᚷᛖᚱᛁᛖᚾ,282
scoffingly,36475,0,ᛋᚳᚩᚠᚠᛝᛚᚣ,332
headships,36470,0,ᚻᛠᛞᛋᚻᛁᛈᛋ,424
stanchly,36459,0,ᛋᛏᚪᚾᚳᚻᛚᚣ,450
fervidly,36405,0,ᚠᛖᚱᚢᛁᛞᛚᚣ,379
dreamboat,36399,0,ᛞᚱᛠᛗᛒᚩᚪᛏ,504
ladylove,36379,0,ᛚᚪᛞᚣᛚᚩᚢᛖ,512
airshaft,36363,0,ᚪᛁᚱᛋᚻᚪᚠᛏ,373
poitrine,36354,0,ᛈᚩᛁᛏᚱᛁᚾᛖ,278
unhelped,36346,0,ᚢᚾᚻᛖᛚᛈᛖᛞ,394
lovingness,36327,0,ᛚᚩᚢᛝᚾᛖᛋᛋ,364
unhidden,36319,0,ᚢᚾᚻᛁᛞᛞᛖᚾ,360
stormier,36294,0,ᛋᛏᚩᚱᛗᛁᛖᚱ,310
gradatim,36277,0,ᚷᚱᚪᛞᚪᛏᛁᛗ,472
shylocks,36271,0,ᛋᚻᚣᛚᚩᚳᚳᛋ,338
glissade,36264,0,ᚷᛚᛁᛋᛋᚪᛞᛖ,480
vasiform,36238,0,ᚢᚪᛋᛁᚠᚩᚱᛗ,275
palpates,36206,0,ᛈᚪᛚᛈᚪᛏᛖᛋ,532
woolpack,36184,0,ᚹᚩᚩᛚᛈᚪᚳᚳ,272
deprival,36136,0,ᛞᛖᛈᚱᛁᚢᚪᛚ,414
gombroon,36084,0,ᚷᚩᛗᛒᚱᚩᚩᚾ,210
unmalted,36058,0,ᚢᚾᛗᚪᛚᛏᛖᛞ,488
subshrub,36050,0,ᛋᚢᛒᛋᚻᚱᚢᛒ,268
poulticing,36048,0,ᛈᚩᚢᛚᛏᛁᚳᛝ,308
lyrebird,36017,0,ᛚᚣᚱᛖᛒᛁᚱᛞ,446
coronach,35997,0,ᚳᚩᚱᚩᚾᚪᚳᚻ,200
singletree,35990,0,ᛋᛝᛚᛖᛏᚱᛖᛖ,476
kaimakam,35989,0,ᚳᚪᛁᛗᚪᚳᚪᛗ,490
bootmaking,35956,0,ᛒᚩᚩᛏᛗᚪᚳᛝ,394
gearwheel,35953,0,ᚷᛠᚱᚹᚻᛖᛖᛚ,386
eugenist,35944,0,ᛖᚢᚷᛖᚾᛁᛋᛏ,326
cornrows,35935,0,ᚳᚩᚱᚾᚱᚩᚹᛋ,150
execrating,35931,0,ᛖᛉᛖᚳᚱᚪᛏᛝ,440
cannoned,35906,0,ᚳᚪᚾᚾᚩᚾᛖᛞ,360
furbishing,35895,0,ᚠᚢᚱᛒᛁᛋᚻᛝ,263
trimness,35888,0,ᛏᚱᛁᛗᚾᛖᛋᛋ,374
haunters,35880,0,ᚻᚪᚢᚾᛏᛖᚱᛋ,342
implodes,35871,0,ᛁᛗᛈᛚᚩᛞᛖᛋ,434
bootlegs,35862,0,ᛒᚩᚩᛏᛚᛖᚷᛋ,344
diachylon,35861,0,ᛞᛡᚳᚻᚣᛚᚩᚾ,444
cherusci,35861,0,ᚳᚻᛖᚱᚢᛋᚳᛁ,214
ticklers,35858,0,ᛏᛁᚳᚳᛚᛖᚱᛋ,320
meteyard,35848,0,ᛗᛖᛏᛖᚣᚪᚱᛞ,564
boastingly,35833,0,ᛒᚩᚪᛋᛏᛝᛚᚣ,532
alpinist,35812,0,ᚪᛚᛈᛁᚾᛁᛋᛏ,416
chinless,35791,0,ᚳᚻᛁᚾᛚᛖᛋᛋ,342
scouters,35784,0,ᛋᚳᚩᚢᛏᛖᚱᛋ,266
unallied,35758,0,ᚢᚾᚪᛚᛚᛁᛖᛞ,462
bellbird,35757,0,ᛒᛖᛚᛚᛒᛁᚱᛞ,466
praisers,35747,0,ᛈᚱᚪᛁᛋᛖᚱᛋ,366
permutes,35743,1,ᛈᛖᚱᛗᚢᛏᛖᛋ,374
defiances,35729,0,ᛞᛖᚠᛡᚾᚳᛖᛋ,427
tacklers,35701,0,ᛏᚪᚳᚳᛚᛖᚱᛋ,386
pycnotic,35664,0,ᛈᚣᚳᚾᚩᛏᛁᚳ,298
blubbery,35621,0,ᛒᛚᚢᛒᛒᛖᚱᚣ,440
echidnas,35589,0,ᛖᚳᚻᛁᛞᚾᚪᛋ,402
umpirage,35587,0,ᚢᛗᛈᛁᚱᚪᚷᛖ,340
mudholes,35581,0,ᛗᚢᛞᚻᚩᛚᛖᛋ,386
fosterer,35559,0,ᚠᚩᛋᛏᛖᚱᛖᚱ,277
moonlike,35548,0,ᛗᚩᚩᚾᛚᛁᚳᛖ,298
noseless,35513,0,ᚾᚩᛋᛖᛚᛖᛋᛋ,402
pullouts,35506,0,ᛈᚢᛚᛚᚩᚢᛏᛋ,314
owlishly,35469,0,ᚩᚹᛚᛁᛋᚻᛚᚣ,382
unsafely,35450,0,ᚢᚾᛋᚪᚠᛖᛚᚣ,427
scrapheap,35413,0,ᛋᚳᚱᚪᛈᚻᛠᛈ,392
massicot,35413,0,ᛗᚪᛋᛋᛁᚳᚩᛏ,384
eremitic,35413,0,ᛖᚱᛖᛗᛁᛏᛁᚳ,350
gimbaled,35398,0,ᚷᛁᛗᛒᚪᛚᛖᛞ,506
distaffs,35388,0,ᛞᛁᛋᛏᚪᚠᚠᛋ,386
blusters,35334,0,ᛒᛚᚢᛋᛏᛖᚱᛋ,380
cnidarian,35307,0,ᚳᚾᛁᛞᚪᚱᛡᚾ,406
sourpuss,35291,0,ᛋᚩᚢᚱᛈᚢᛋᛋ,226
viperous,35283,0,ᚢᛁᛈᛖᚱᚩᚢᛋ,218
carlylean,35271,0,ᚳᚪᚱᛚᚣᛚᛠᚾ,508
crabbers,35270,0,ᚳᚱᚪᛒᛒᛖᚱᛋ,374
hatbands,35261,0,ᚻᚪᛏᛒᚪᚾᛞᛋ,508
leafstalk,35236,0,ᛚᛠᚠᛋᛏᚪᛚᚳ,479
drambuie,35179,0,ᛞᚱᚪᛗᛒᚢᛁᛖ,430
starwort,35178,0,ᛋᛏᚪᚱᚹᚩᚱᛏ,316
cryogens,35147,0,ᚳᚱᚣᚩᚷᛖᚾᛋ,300
feluccas,35136,0,ᚠᛖᛚᚢᚳᚳᚪᛋ,321
precieux,35133,0,ᛈᚱᛖᚳᛁᛖᚢᛉ,282
nainsook,35117,0,ᚾᚪᛁᚾᛋᚩᚩᚳ,266
pierides,35106,0,ᛈᛁᛖᚱᛁᛞᛖᛋ,392
quadrans,35092,0,ᚳᚹᚪᛞᚱᚪᚾᛋ,408
yoghurts,35091,0,ᚣᚩᚷᚻᚢᚱᛏᛋ,276
scissions,35074,0,ᛋᚳᛁᛋᛋᛡᚾᛋ,392
bearnaise,35074,0,ᛒᛠᚱᚾᚪᛁᛋᛖ,458
immunise,35042,0,ᛁᛗᛗᚢᚾᛁᛋᛖ,356
antrorse,35030,0,ᚪᚾᛏᚱᚩᚱᛋᛖ,334
tapsters,35024,0,ᛏᚪᛈᛋᛏᛖᚱᛋ,442
indicant,35009,0,ᛁᚾᛞᛁᚳᚪᚾᛏ,378
younkers,35004,0,ᚣᚩᚢᚾᚳᛖᚱᛋ,286
feminize,34999,0,ᚠᛖᛗᛁᚾᛁᛋᛖ,351
ethereally,34996,0,ᛖᚦᛖᚱᛠᛚᛚᚣ,508
towheaded,34988,0,ᛏᚩᚹᚻᛠᛞᛖᛞ,462
shoeblack,34987,0,ᛋᚻᛟᛒᛚᚪᚳᚳ,416
autogyro,34972,0,ᚪᚢᛏᚩᚷᚣᚱᚩ,304
demister,34959,0,ᛞᛖᛗᛁᛋᛏᛖᚱ,448
dishware,34952,0,ᛞᛁᛋᚻᚹᚪᚱᛖ,390
axolotls,34949,0,ᚪᛉᚩᛚᚩᛏᛚᛋ,416
anglicize,34941,0,ᚪᛝᛚᛁᚳᛁᛋᛖ,444
eyeshade,34931,0,ᛖᚣᛖᛋᚻᚪᛞᛖ,566
pashalik,34898,0,ᛈᚪᛋᚻᚪᛚᛁᚳ,430
andorran,34878,0,ᚪᚾᛞᚩᚱᚱᚪᚾ,370
headstand,34865,0,ᚻᛠᛞᛋᛏᚪᚾᛞ,548
coattail,34863,0,ᚳᚩᚪᛏᛏᚪᛁᛚ,436
argenton,34860,0,ᚪᚱᚷᛖᚾᛏᚩᚾ,316
subkingdom,34850,0,ᛋᚢᛒᚳᛝᛞᚩᛗ,376
pithiness,34846,0,ᛈᛁᚦᛁᚾᛖᛋᛋ,312
greedier,34843,0,ᚷᚱᛖᛖᛞᛁᛖᚱ,360
crannied,34718,0,ᚳᚱᚪᚾᚾᛁᛖᛞ,366
manillas,34699,0,ᛗᚪᚾᛁᛚᛚᚪᛋ,524
dastards,34683,0,ᛞᚪᛋᛏᚪᚱᛞᛋ,548
deviances,34654,0,ᛞᛖᚢᛡᚾᚳᛖᛋ,428
clubland,34651,0,ᚳᛚᚢᛒᛚᚪᚾᛞ,438
runagate,34643,0,ᚱᚢᚾᚪᚷᚪᛏᛖ,380
mariupol,34627,0,ᛗᚪᚱᛁᚢᛈᚩᛚ,336
whinnies,34614,0,ᚹᚻᛁᚾᚾᛁᛖᛋ,282
walkaway,34598,0,ᚹᚪᛚᚳᚪᚹᚪᚣ,518
vilifies,34579,0,ᚢᛁᛚᛁᚠᛁᛖᛋ,291
jellybean,34561,0,ᛂᛖᛚᛚᚣᛒᛠᚾ,552
laudator,34549,0,ᛚᚪᚢᛞᚪᛏᚩᚱ,436
madisons,34527,0,ᛗᚪᛞᛁᛋᚩᚾᛋ,430
cozenage,34527,0,ᚳᚩᛋᛖᚾᚪᚷᛖ,350
cunningest,34452,0,ᚳᚢᚾᚾᛝᛖᛋᛏ,332
coelostat,34446,0,ᚳᛟᛚᚩᛋᛏᚪᛏ,444
bootlace,34445,0,ᛒᚩᚩᛏᛚᚪᚳᛖ,384
bayadere,34444,0,ᛒᚪᚣᚪᛞᛖᚱᛖ,592
wartlike,34423,0,ᚹᚪᚱᛏᛚᛁᚳᛖ,370
flimflam,34420,0,ᚠᛚᛁᛗᚠᛚᚪᛗ,420
statable,34415,0,ᛋᛏᚪᛏᚪᛒᛚᛖ,566
keynoter,34395,0,ᚳᛖᚣᚾᚩᛏᛖᚱ,356
disklike,34366,0,ᛞᛁᛋᚳᛚᛁᚳᛖ,370
concetti,34355,0,ᚳᚩᚾᚳᛖᛏᛏᛁ,278
foreside,34353,0,ᚠᚩᚱᛖᛋᛁᛞᛖ,327
unsecure,34342,0,ᚢᚾᛋᛖᚳᚢᚱᛖ,246
goofball,34339,0,ᚷᚩᚩᚠᛒᚪᛚᛚ,337
picotees,34334,0,ᛈᛁᚳᚩᛏᛖᛖᛋ,340
inscript,34330,0,ᛁᚾᛋᚳᚱᛁᛈᛏ,270
ensigncy,34314,0,ᛖᚾᛋᛁᚷᚾᚳᚣ,342
englishry,34299,0,ᛖᛝᛚᛁᛋᚻᚱᚣ,440
damasked,34292,0,ᛞᚪᛗᚪᛋᚳᛖᛞ,576
roundest,34272,0,ᚱᚩᚢᚾᛞᛖᛋᛏ,318
palestra,34269,0,ᛈᚪᛚᛖᛋᛏᚱᚪ,500
seesawed,34260,0,ᛋᛖᛖᛋᚪᚹᛖᛞ,512
crosiers,34260,0,ᚳᚱᚩᛋᛁᛖᚱᛋ,246
liliaceous,34251,0,ᛚᛁᛚᛡᚳᛇᚢᛋ,394
torpedos,34248,0,ᛏᚩᚱᛈᛖᛞᚩᛋ,336
pilferer,34248,0,ᛈᛁᛚᚠᛖᚱᛖᚱ,305
cascabel,34217,0,ᚳᚪᛋᚳᚪᛒᛖᛚ,474
airdrops,34203,0,ᚪᛁᚱᛞᚱᚩᛈᛋ,342
drizzles,34200,0,ᛞᚱᛁᛋᛋᛚᛖᛋ,430
blondish,34187,0,ᛒᛚᚩᚾᛞᛁᛋᚻ,366
goalpost,34172,0,ᚷᚩᚪᛚᛈᚩᛋᛏ,356
marocain,34170,0,ᛗᚪᚱᚩᚳᚪᛁᚾ,356
judaisms,34134,0,ᛂᚢᛞᚪᛁᛋᛗᛋ,434
marimbas,34126,0,ᛗᚪᚱᛁᛗᛒᚪᛋ,492
lixivium,34111,0,ᛚᛁᛉᛁᚢᛁᚢᛗ,290
unhitching,34106,0,ᚢᚾᚻᛁᛏᚳᚻᛝ,260
haploidy,34106,0,ᚻᚪᛈᛚᚩᛁᛞᚣ,466
pretties,34071,0,ᛈᚱᛖᛏᛏᛁᛖᛋ,390
infernos,34040,0,ᛁᚾᚠᛖᚱᚾᚩᛋ,229
curlicue,34033,0,ᚳᚢᚱᛚᛁᚳᚢᛖ,214
dispence,33997,0,ᛞᛁᛋᛈᛖᚾᚳᛖ,392
gangrened,33973,0,ᚷᚪᛝᚱᛖᚾᛖᛞ,456
meetness,33922,0,ᛗᛖᛖᛏᚾᛖᛋᛋ,466
harrowings,33915,0,ᚻᚪᚱᚱᚩᚹᛝᛋ,300
reoccupying,33908,0,ᚱᛇᚳᚳᚢᛈᚣᛝ,306
tyrrhene,33903,0,ᛏᚣᚱᚱᚻᛖᚾᛖ,370
sincerer,33896,0,ᛋᛁᚾᚳᛖᚱᛖᚱ,282
quietening,33895,0,ᚳᚹᛁᛖᛏᛖᚾᛝ,364
laddered,33879,0,ᛚᚪᛞᛞᛖᚱᛖᛞ,582
encashed,33870,0,ᛖᚾᚳᚪᛋᚻᛖᛞ,438
shadiest,33833,0,ᛋᚻᚪᛞᛁᛖᛋᛏ,472
lobstering,33824,0,ᛚᚩᛒᛋᛏᛖᚱᛝ,410
disputer,33812,0,ᛞᛁᛋᛈᚢᛏᛖᚱ,356
flashgun,33793,0,ᚠᛚᚪᛋᚻᚷᚢᚾ,297
clobbering,33781,0,ᚳᛚᚩᛒᛒᛖᚱᛝ,372
punitory,33774,0,ᛈᚢᚾᛁᛏᚩᚱᚣ,286
dalesmen,33757,0,ᛞᚪᛚᛖᛋᛗᛖᚾ,546
abbacies,33749,0,ᚪᛒᛒᚪᚳᛁᛖᛋ,480
highbred,33740,0,ᚻᛁᚷᚻᛒᚱᛖᛞ,322
alledges,33725,0,ᚪᛚᛚᛖᛞᚷᛖᛋ,536
lucifers,33724,0,ᛚᚢᚳᛁᚠᛖᚱᛋ,253
mancunian,33720,0,ᛗᚪᚾᚳᚢᚾᛡᚾ,378
unwilled,33711,0,ᚢᚾᚹᛁᛚᛚᛖᛞ,384
longueurs,33623,0,ᛚᚩᛝᚢᛖᚢᚱᛋ,296
leatherleaf,33605,0,ᛚᛠᚦᛖᚱᛚᛠᚠ,449
insulter,33588,0,ᛁᚾᛋᚢᛚᛏᛖᚱ,326
flittering,33583,0,ᚠᛚᛁᛏᛏᛖᚱᛝ,381
diocesans,33582,0,ᛞᛡᚳᛖᛋᚪᚾᛋ,508
filicide,33579,0,ᚠᛁᛚᛁᚳᛁᛞᛖ,337
bullnose,33579,0,ᛒᚢᛚᛚᚾᚩᛋᛖ,366
amnesics,33568,0,ᚪᛗᚾᛖᛋᛁᚳᛋ,414
underwings,33562,0,ᚢᚾᛞᛖᚱᚹᛝᛋ,350
shoptalk,33559,0,ᛋᚻᚩᛈᛏᚪᛚᚳ,368
acephala,33547,0,ᚪᚳᛖᛈᚻᚪᛚᚪ,510
provoker,33518,0,ᛈᚱᚩᚢᚩᚳᛖᚱ,162
sweatband,33511,0,ᛋᚹᛠᛏᛒᚪᚾᛞ,516
daimonion,33468,0,ᛞᚪᛁᛗᚩᚾᛡᚾ,460
inlander,33461,0,ᛁᚾᛚᚪᚾᛞᛖᚱ,426
cymatium,33461,0,ᚳᚣᛗᚪᛏᛁᚢᛗ,448
silurians,33438,0,ᛋᛁᛚᚢᚱᛡᚾᛋ,360
necklets,33415,0,ᚾᛖᚳᚳᛚᛖᛏᛋ,374
floridly,33403,0,ᚠᛚᚩᚱᛁᛞᛚᚣ,389
graphium,33385,0,ᚷᚱᚪᛈᚻᛁᚢᛗ,296
captaining,33372,0,ᚳᚪᛈᛏᚪᛁᚾᛝ,448
tesseral,33344,0,ᛏᛖᛋᛋᛖᚱᚪᛚ,480
satsumas,33342,0,ᛋᚪᛏᛋᚢᛗᚪᛋ,486
unflawed,33341,0,ᚢᚾᚠᛚᚪᚹᛖᛞ,379
unstably,33334,0,ᚢᚾᛋᛏᚪᛒᛚᚣ,478
levanter,33329,0,ᛚᛖᚢᚪᚾᛏᛖᚱ,406
palavers,33325,0,ᛈᚪᛚᚪᚢᛖᚱᛋ,444
posterns,33317,0,ᛈᚩᛋᛏᛖᚱᚾᛋ,322
mastalgia,33296,0,ᛗᚪᛋᛏᚪᛚᚷᛡ,574
dalesman,33281,0,ᛞᚪᛚᛖᛋᛗᚪᚾ,576
eutherians,33265,0,ᛖᚢᚦᛖᚱᛡᚾᛋ,342
antonymy,33262,0,ᚪᚾᛏᚩᚾᚣᛗᚣ,498
grievers,33253,0,ᚷᚱᛁᛖᚢᛖᚱᛋ,260
tarlatan,33247,0,ᛏᚪᚱᛚᚪᛏᚪᚾ,522
megavolt,33227,0,ᛗᛖᚷᚪᚢᚩᛚᛏ,394
phasmids,33209,0,ᛈᚻᚪᛋᛗᛁᛞᛋ,460
pistache,33191,0,ᛈᛁᛋᛏᚪᚳᚻᛖ,386
sleepier,33190,0,ᛋᛚᛖᛖᛈᛁᛖᚱ,412
muezzins,33185,0,ᛗᚢᛖᛋᛋᛁᚾᛋ,360
sociables,33158,0,ᛋᚩᚳᛡᛒᛚᛖᛋ,434
perihelia,33152,0,ᛈᛖᚱᛁᚻᛖᛚᛡ,422
fontanges,33143,0,ᚠᚩᚾᛏᚪᛝᛖᛋ,393
southerns,33140,0,ᛋᚩᚢᚦᛖᚱᚾᛋ,228
burrower,33134,0,ᛒᚢᚱᚱᚩᚹᛖᚱ,190
stinkers,33093,0,ᛋᛏᛁᚾᚳᛖᚱᛋ,316
scrounger,33080,0,ᛋᚳᚱᚩᚢᛝᛖᚱ,244
fezziwig,33070,0,ᚠᛖᛋᛋᛁᚹᛁᚷ,273
samovars,33042,0,ᛋᚪᛗᚩᚢᚪᚱᛋ,392
juddered,33038,0,ᛂᚢᛞᛞᛖᚱᛖᛞ,452
chronics,33014,0,ᚳᚻᚱᚩᚾᛁᚳᛋ,180
unscrews,32983,0,ᚢᚾᛋᚳᚱᛖᚹᛋ,248
cuckolding,32979,0,ᚳᚢᚳᚳᚩᛚᛞᛝ,290
neckless,32959,0,ᚾᛖᚳᚳᛚᛖᛋᛋ,368
feticide,32938,0,ᚠᛖᛏᛁᚳᛁᛞᛖ,359
nonvocal,32933,0,ᚾᚩᚾᚢᚩᚳᚪᛚ,258
temanite,32922,0,ᛏᛖᛗᚪᚾᛁᛏᛖ,480
tussocky,32887,0,ᛏᚢᛋᛋᚩᚳᚳᚣ,304
quartics,32844,0,ᚳᚹᚪᚱᛏᛁᚳᛋ,296
haunched,32842,0,ᚻᚪᚢᚾᚳᚻᛖᛞ,344
anglicism,32842,0,ᚪᛝᛚᛁᚳᛁᛋᛗ,448
folderol,32831,0,ᚠᚩᛚᛞᛖᚱᚩᛚ,329
laywoman,32808,0,ᛚᚪᚣᚹᚩᛗᚪᚾ,496
hairball,32789,0,ᚻᚪᛁᚱᛒᚪᛚᛚ,466
windsock,32756,0,ᚹᛁᚾᛞᛋᚩᚳᚳ,254
dispirit,32743,0,ᛞᛁᛋᛈᛁᚱᛁᛏ,348
broadish,32693,0,ᛒᚱᚩᚪᛞᛁᛋᚻ,372
thirstier,32690,0,ᚦᛁᚱᛋᛏᛁᛖᚱ,268
truffled,32646,0,ᛏᚱᚢᚠᚠᛚᛖᛞ,306
praetexta,32637,0,ᛈᚱᚫᛏᛖᛉᛏᚪ,484
sunlamps,32630,0,ᛋᚢᚾᛚᚪᛗᛈᛋ,422
alluvions,32630,0,ᚪᛚᛚᚢᚢᛡᚾᛋ,438
thornback,32625,0,ᚦᚩᚱᚾᛒᚪᚳᚳ,236
affiches,32625,0,ᚪᚠᚠᛁᚳᚻᛖᛋ,288
agrimonia,32620,0,ᚪᚷᚱᛁᛗᚩᚾᛡ,370
cloudier,32619,0,ᚳᛚᚩᚢᛞᛁᛖᚱ,294
rafflesia,32606,0,ᚱᚪᚠᚠᛚᛖᛋᛡ,412
misgives,32597,0,ᛗᛁᛋᚷᛁᚢᛖᛋ,326
enframed,32591,0,ᛖᚾᚠᚱᚪᛗᛖᛞ,433
wiseness,32589,0,ᚹᛁᛋᛖᚾᛖᛋᛋ,372
lenticel,32584,0,ᛚᛖᚾᛏᛁᚳᛖᛚ,412
natheless,32581,0,ᚾᚪᚦᛖᛚᛖᛋᛋ,444
gunrunning,32579,0,ᚷᚢᚾᚱᚢᚾᚾᛝ,200
saltpans,32557,0,ᛋᚪᛚᛏᛈᚪᚾᛋ,504
selfness,32556,0,ᛋᛖᛚᚠᚾᛖᛋᛋ,397
dracaenas,32539,0,ᛞᚱᚪᚳᚫᚾᚪᛋ,490
handpick,32529,0,ᚻᚪᚾᛞᛈᛁᚳᚳ,338
sockeyes,32523,0,ᛋᚩᚳᚳᛖᚣᛖᛋ,376
pierrots,32520,0,ᛈᛁᛖᚱᚱᚩᛏᛋ,282
calycine,32510,0,ᚳᚪᛚᚣᚳᛁᚾᛖ,426
hauberks,32499,0,ᚻᚪᚢᛒᛖᚱᚳᛋ,328
hawfinch,32496,0,ᚻᚪᚹᚠᛁᚾᚳᚻ,237
metaurus,32477,0,ᛗᛖᛏᚪᚢᚱᚢᛋ,364
tellurian,32470,0,ᛏᛖᛚᛚᚢᚱᛡᚾ,422
nonevent,32458,0,ᚾᚩᚾᛖᚢᛖᚾᛏ,290
billhook,32435,0,ᛒᛁᛚᛚᚻᚩᚩᚳ,288
aggrieve,32431,0,ᚪᚷᚷᚱᛁᛖᚢᛖ,310
tontines,32407,0,ᛏᚩᚾᛏᛁᚾᛖᛋ,334
wardress,32399,0,ᚹᚪᚱᛞᚱᛖᛋᛋ,400
hyrcanian,32397,0,ᚻᚣᚱᚳᚪᚾᛡᚾ,412
picklock,32381,0,ᛈᛁᚳᚳᛚᚩᚳᚳ,206
cravenly,32379,0,ᚳᚱᚪᚢᛖᚾᛚᚣ,396
pantalon,32378,0,ᛈᚪᚾᛏᚪᛚᚩᚾ,434
debutant,32354,0,ᛞᛖᛒᚢᛏᚪᚾᛏ,464
hooklike,32338,0,ᚻᚩᚩᚳᛚᛁᚳᛖ,234
thyronine,32322,0,ᚦᚣᚱᚩᚾᛁᚾᛖ,282
shoddily,32312,0,ᛋᚻᚩᛞᛞᛁᛚᚣ,468
geophytes,32308,0,ᚷᛇᛈᚻᚣᛏᛖᛋ,406
flimsily,32294,0,ᚠᛚᛁᛗᛋᛁᛚᚣ,437
bouldering,32287,0,ᛒᚩᚢᛚᛞᛖᚱᛝ,390
threatener,32286,0,ᚦᚱᛠᛏᛖᚾᛖᚱ,358
gamboled,32253,0,ᚷᚪᛗᛒᚩᛚᛖᛞ,482
byronism,32243,0,ᛒᚣᚱᚩᚾᛁᛋᛗ,366
unaerated,32240,0,ᚢᚾᚫᚱᚪᛏᛖᛞ,456
landskip,32237,0,ᛚᚪᚾᛞᛋᚳᛁᛈ,428
leontodon,32235,0,ᛚᛇᚾᛏᚩᛞᚩᚾ,334
octopods,32222,0,ᚩᚳᛏᚩᛈᚩᛞᛋ,278
moonwalk,32200,0,ᛗᚩᚩᚾᚹᚪᛚᚳ,316
myrrhine,32196,0,ᛗᚣᚱᚱᚻᛁᚾᛖ,346
champain,32193,0,ᚳᚻᚪᛗᛈᚪᛁᚾ,404
wifeless,32179,0,ᚹᛁᚠᛖᛚᛖᛋᛋ,365
medusoid,32176,0,ᛗᛖᛞᚢᛋᚩᛁᛞ,410
crablike,32161,0,ᚳᚱᚪᛒᛚᛁᚳᛖ,366
sciolists,32160,0,ᛋᚳᛡᛚᛁᛋᛏᛋ,442
carcajou,32154,0,ᚳᚪᚱᚳᚪᛂᚩᚢ,278
amazedly,32128,0,ᚪᛗᚪᛋᛖᛞᛚᚣ,650
defamers,32123,0,ᛞᛖᚠᚪᛗᛖᚱᛋ,457
unhomely,32121,0,ᚢᚾᚻᚩᛗᛖᛚᚣ,376
rickrack,32114,0,ᚱᛁᚳᚳᚱᚪᚳᚳ,202
hackwork,32071,0,ᚻᚪᚳᚳᚹᚩᚱᚳ,196
beefcake,32055,0,ᛒᛖᛖᚠᚳᚪᚳᛖ,387
grandpas,32018,0,ᚷᚱᚪᚾᛞᛈᚪᛋ,436
cognitum,31995,0,ᚳᚩᚷᚾᛁᛏᚢᛗ,230
disserve,31973,0,ᛞᛁᛋᛋᛖᚱᚢᛖ,374
escallop,31958,0,ᛖᛋᚳᚪᛚᛚᚩᛈ,426
coelogyne,31956,0,ᚳᛟᛚᚩᚷᚣᚾᛖ,392
enjoyers,31926,0,ᛖᚾᛂᚩᚣᛖᚱᛋ,374
landrail,31898,0,ᛚᚪᚾᛞᚱᚪᛁᛚ,500
snowless,31881,0,ᛋᚾᚩᚹᛚᛖᛋᛋ,354
cramoisy,31876,0,ᚳᚱᚪᛗᚩᛁᛋᚣ,386
beleaguer,31867,0,ᛒᛖᛚᛠᚷᚢᛖᚱ,408
celadons,31866,0,ᚳᛖᛚᚪᛞᚩᚾᛋ,428
harrumph,31841,0,ᚻᚪᚱᚱᚢᛗᛈᚻ,282
screechy,31840,0,ᛋᚳᚱᛖᛖᚳᚻᚣ,350
anchoret,31756,0,ᚪᚾᚳᚻᚩᚱᛖᛏ,306
curassow,31748,0,ᚳᚢᚱᚪᛋᛋᚩᚹ,256
staunching,31744,0,ᛋᛏᚪᚢᚾᚳᚻᛝ,356
quixotes,31744,0,ᚳᚹᛁᛉᚩᛏᛖᛋ,296
unactive,31726,0,ᚢᚾᚪᚳᛏᛁᚢᛖ,302
amerinds,31718,0,ᚪᛗᛖᚱᛁᚾᛞᛋ,448
unplaned,31705,0,ᚢᚾᛈᛚᚪᚾᛖᛞ,430
readdress,31650,0,ᚱᛠᛞᛞᚱᛖᛋᛋ,482
theatregoer,31638,0,ᚦᛠᛏᚱᛖᚷᛟᚱ,362
grittier,31621,0,ᚷᚱᛁᛏᛏᛁᛖᚱ,286
spadices,31617,0,ᛋᛈᚪᛞᛁᚳᛖᛋ,446
overleaps,31601,0,ᚩᚢᛖᚱᛚᛠᛈᛋ,366
saxatile,31590,0,ᛋᚪᛉᚪᛏᛁᛚᛖ,524
scherzos,31585,0,ᛋᚳᚻᛖᚱᛋᚩᛋ,280
modistes,31580,0,ᛗᚩᛞᛁᛋᛏᛖᛋ,430
irreality,31573,0,ᛁᚱᚱᛠᛚᛁᛏᚣ,428
gunports,31566,0,ᚷᚢᚾᛈᚩᚱᛏᛋ,222
talesman,31551,0,ᛏᚪᛚᛖᛋᛗᚪᚾ,546
skywriting,31546,0,ᛋᚳᚣᚹᚱᛁᛏᛝ,368
pillages,31528,0,ᛈᛁᛚᛚᚪᚷᛖᛋ,454
screamingly,31516,0,ᛋᚳᚱᛠᛗᛝᛚᚣ,512
despoils,31471,0,ᛞᛖᛋᛈᚩᛁᛚᛋ,416
unseeable,31438,0,ᚢᚾᛋᛖᛠᛒᛚᛖ,462
pandours,31433,0,ᛈᚪᚾᛞᚩᚢᚱᛋ,332
visayans,31430,0,ᚢᛁᛋᚪᚣᚪᚾᛋ,466
libertys,31430,0,ᛚᛁᛒᛖᚱᛏᚣᛋ,458
ligaturing,31429,0,ᛚᛁᚷᚪᛏᚢᚱᛝ,370
outrival,31419,0,ᚩᚢᛏᚱᛁᚢᚪᛚ,284
bayoneting,31403,0,ᛒᚪᚣᚩᚾᛖᛏᛝ,502
hysterias,31397,0,ᚻᚣᛋᛏᛖᚱᛡᛋ,476
infantas,31389,0,ᛁᚾᚠᚪᚾᛏᚪᛋ,397
insulant,31351,0,ᛁᚾᛋᚢᛚᚪᚾᛏ,374
ampullar,31338,0,ᚪᛗᛈᚢᛚᛚᚪᚱ,468
bodacious,31301,0,ᛒᚩᛞᚪᚳᛡᚢᛋ,430
sarrasin,31298,0,ᛋᚪᚱᚱᚪᛋᛁᚾ,382
alveolate,31277,0,ᚪᛚᚢᛇᛚᚪᛏᛖ,510
sixtieths,31259,0,ᛋᛁᛉᛏᛁᛖᚦᛋ,346
rechecks,31250,0,ᚱᛖᚳᚻᛖᚳᚳᛋ,260
unrealism,31248,0,ᚢᚾᚱᛠᛚᛁᛋᛗ,380
spartium,31232,0,ᛋᛈᚪᚱᛏᛁᚢᛗ,368
jeremiahs,31231,0,ᛂᛖᚱᛖᛗᛡᚻᛋ,436
boresome,31217,0,ᛒᚩᚱᛖᛋᚩᛗᛖ,344
tallyman,31215,0,ᛏᚪᛚᛚᚣᛗᚪᚾ,602
ninevite,31174,0,ᚾᛁᚾᛖᚢᛁᛏᛖ,316
dogsbody,31149,0,ᛞᚩᚷᛋᛒᚩᛞᚣ,426
knotholes,31147,0,ᚳᚾᚩᚦᚩᛚᛖᛋ,254
algology,31141,0,ᚪᛚᚷᚩᛚᚩᚷᚣ,394
blabbering,31139,0,ᛒᛚᚪᛒᛒᛖᚱᛝ,510
cloudlet,31131,0,ᚳᛚᚩᚢᛞᛚᛖᛏ,384
tattlers,31129,0,ᛏᚪᛏᛏᛚᛖᚱᛋ,478
plenishing,31123,0,ᛈᛚᛖᚾᛁᛋᚻᛝ,398
hogarthian,31087,0,ᚻᚩᚷᚪᚱᚦᛡᚾ,296
directer,31086,0,ᛞᛁᚱᛖᚳᛏᛖᚱ,348
rispetto,31085,0,ᚱᛁᛋᛈᛖᛏᛏᚩ,330
highflying,31082,0,ᚻᛁᚷᚻᚠᛚᚣᛝ,351
crimpers,31078,0,ᚳᚱᛁᛗᛈᛖᚱᛋ,300
windbags,31077,0,ᚹᛁᚾᛞᛒᚪᚷᛋ,396
abraders,31063,0,ᚪᛒᚱᚪᛞᛖᚱᛋ,486
selachian,31048,0,ᛋᛖᛚᚪᚳᚻᛡᚾ,462
garganey,31001,0,ᚷᚪᚱᚷᚪᚾᛖᚣ,438
metonyms,30962,0,ᛗᛖᛏᚩᚾᚣᛗᛋ,460
bafflingly,30946,0,ᛒᚪᚠᚠᛚᛝᛚᚣ,490
acontius,30938,0,ᚪᚳᚩᚾᛏᛁᚢᛋ,292
homogene,30927,0,ᚻᚩᛗᚩᚷᛖᚾᛖ,288
declasse,30900,0,ᛞᛖᚳᛚᚪᛋᛋᛖ,512
rockweed,30848,0,ᚱᚩᚳᚳᚹᛖᛖᛞ,286
caitiffs,30836,0,ᚳᚪᛁᛏᛁᚠᚠᛋ,288
grayback,30818,0,ᚷᚱᚪᚣᛒᚪᚳᚳ,412
prophyll,30810,0,ᛈᚱᚩᛈᚻᚣᛚᛚ,376
bluntest,30795,0,ᛒᛚᚢᚾᛏᛖᛋᛏ,404
caracter,30783,0,ᚳᚪᚱᚪᚳᛏᛖᚱ,368
toreadors,30782,0,ᛏᚩᚱᛠᛞᚩᚱᛋ,346
diarrheic,30723,0,ᛞᛡᚱᚱᚻᛖᛁᚳ,352
livingness,30721,0,ᛚᛁᚢᛝᚾᛖᛋᛋ,388
gloatingly,30717,0,ᚷᛚᚩᚪᛏᛝᛚᚣ,508
revivers,30706,0,ᚱᛖᚢᛁᚢᛖᚱᛋ,246
drumheads,30696,0,ᛞᚱᚢᛗᚻᛠᛞᛋ,448
revealers,30675,0,ᚱᛖᚢᛠᛚᛖᚱᛋ,394
supposal,30646,0,ᛋᚢᛈᛈᚩᛋᚪᛚ,372
hardpans,30644,0,ᚻᚪᚱᛞᛈᚪᚾᛋ,442
accentor,30640,0,ᚪᚳᚳᛖᚾᛏᚩᚱ,296
layabout,30635,0,ᛚᚪᚣᚪᛒᚩᚢᛏ,500
praecordia,30634,0,ᛈᚱᚫᚳᚩᚱᛞᛡ,382
raiments,30621,0,ᚱᚪᛁᛗᛖᚾᛏᛋ,418
bouzouki,30618,0,ᛒᚩᚢᛋᚩᚢᚳᛁ,178
bronchos,30614,0,ᛒᚱᚩᚾᚳᚻᚩᛋ,204
alembics,30607,0,ᚪᛚᛖᛗᛒᛁᚳᛋ,466
philters,30586,0,ᛈᚻᛁᛚᛏᛖᚱᛋ,360
relaxers,30555,0,ᚱᛖᛚᚪᛉᛖᚱᛋ,426
reselect,30535,0,ᚱᛖᛋᛖᛚᛖᚳᛏ,410
ukuleles,30514,0,ᚢᚳᚢᛚᛖᛚᛖᛋ,352
foughten,30486,0,ᚠᚩᚢᚷᚻᛏᛖᚾ,207
wickeder,30474,0,ᚹᛁᚳᚳᛖᛞᛖᚱ,310
foxtails,30464,0,ᚠᚩᛉᛏᚪᛁᛚᛋ,369
groundling,30442,0,ᚷᚱᚩᚢᚾᛞᛚᛝ,308
eggbeater,30427,0,ᛖᚷᚷᛒᛠᛏᛖᚱ,408
adeodatus,30427,0,ᚪᛞᛇᛞᚪᛏᚢᛋ,528
gownsmen,30417,0,ᚷᚩᚹᚾᛋᛗᛖᚾ,292
clupeids,30415,0,ᚳᛚᚢᛈᛖᛁᛞᛋ,372
jiggered,30401,0,ᛂᛁᚷᚷᛖᚱᛖᛞ,336
algorism,30369,0,ᚪᛚᚷᚩᚱᛁᛋᛗ,360
cladodes,30365,0,ᚳᛚᚪᛞᚩᛞᛖᛋ,488
kinkajou,30359,0,ᚳᛁᚾᚳᚪᛂᚩᚢ,230
puristic,30357,0,ᛈᚢᚱᛁᛋᛏᛁᚳ,244
quainter,30349,0,ᚳᚹᚪᛁᚾᛏᛖᚱ,326
unstayed,30335,0,ᚢᚾᛋᛏᚪᚣᛖᛞ,500
difflugia,30326,0,ᛞᛁᚠᚠᛚᚢᚷᛡ,324
soapwort,30301,0,ᛋᚩᚪᛈᚹᚩᚱᛏ,296
hyphened,30300,0,ᚻᚣᛈᚻᛖᚾᛖᛞ,444
blancard,30297,0,ᛒᛚᚪᚾᚳᚪᚱᛞ,470
naturism,30256,0,ᚾᚪᛏᚢᚱᛁᛋᛗ,354
nosiness,30235,0,ᚾᚩᛋᛁᚾᛖᛋᛋ,322
comprize,30221,0,ᚳᚩᛗᛈᚱᛁᛋᛖ,296
traducer,30210,0,ᛏᚱᚪᛞᚢᚳᛖᚱ,350
scripter,30203,0,ᛋᚳᚱᛁᛈᛏᛖᚱ,288
blowguns,30201,0,ᛒᛚᚩᚹᚷᚢᚾᛋ,262
damoiseau,30200,0,ᛞᚪᛗᚩᛁᛋᛠᚢ,460
playpens,30197,0,ᛈᛚᚪᚣᛈᛖᚾᛋ,508
aceldama,30193,0,ᚪᚳᛖᛚᛞᚪᛗᚪ,604
ordainer,30191,0,ᚩᚱᛞᚪᛁᚾᛖᚱ,342
vulcanian,30188,0,ᚢᚢᛚᚳᚪᚾᛡᚾ,354
lutestring,30185,0,ᛚᚢᛏᛖᛋᛏᚱᛝ,404
roomette,30178,0,ᚱᚩᚩᛗᛖᛏᛏᛖ,348
reinfect,30161,0,ᚱᛖᛁᚾᚠᛖᚳᛏ,279
canzonet,30149,0,ᚳᚪᚾᛋᚩᚾᛖᛏ,354
chiseler,30135,0,ᚳᚻᛁᛋᛖᛚᛖᚱ,338
airburst,30134,0,ᚪᛁᚱᛒᚢᚱᛋᛏ,326
tallboys,30128,0,ᛏᚪᛚᛚᛒᚩᚣᛋ,526
devisers,30105,0,ᛞᛖᚢᛁᛋᛖᚱᛋ,374
skeeters,30096,0,ᛋᚳᛖᛖᛏᛖᚱᛋ,390
snifters,30077,0,ᛋᚾᛁᚠᛏᛖᚱᛋ,305
rorquals,30073,0,ᚱᚩᚱᚳᚹᚪᛚᛋ,284
tamandua,30064,0,ᛏᚪᛗᚪᚾᛞᚢᚪ,542
marmoreal,30052,0,ᛗᚪᚱᛗᚩᚱᛠᛚ,450
burdocks,30015,0,ᛒᚢᚱᛞᚩᚳᚳᛋ,250
easterlings,30007,0,ᛠᛋᛏᛖᚱᛚᛝᛋ,504
headsails,30005,0,ᚻᛠᛞᛋᚪᛁᛚᛋ,528
preemies,29977,0,ᛈᚱᛖᛖᛗᛁᛖᛋ,410
marpessa,29976,0,ᛗᚪᚱᛈᛖᛋᛋᚪ,492
flowerings,29975,0,ᚠᛚᚩᚹᛖᚱᛝᛋ,311
outbreaking,29955,0,ᚩᚢᛏᛒᚱᛠᚳᛝ,342
aconites,29952,0,ᚪᚳᚩᚾᛁᛏᛖᛋ,356
chignons,29924,0,ᚳᚻᛁᚷᚾᚩᚾᛋ,202
arizonan,29922,0,ᚪᚱᛁᛋᚩᚾᚪᚾ,354
molossian,29909,0,ᛗᚩᛚᚩᛋᛋᛡᚾ,400
grandame,29895,0,ᚷᚱᚪᚾᛞᚪᛗᛖ,478
petronel,29885,0,ᛈᛖᛏᚱᚩᚾᛖᛚ,356
dethrones,29873,0,ᛞᛖᚦᚱᚩᚾᛖᛋ,328
softback,29864,0,ᛋᚩᚠᛏᛒᚪᚳᚳ,305
jaggedly,29861,0,ᛂᚪᚷᚷᛖᛞᛚᚣ,500
crimsoning,29851,0,ᚳᚱᛁᛗᛋᚩᚾᛝ,294
semisoft,29848,0,ᛋᛖᛗᛁᛋᚩᚠᛏ,343
rostrums,29843,0,ᚱᚩᛋᛏᚱᚢᛗᛋ,268
loadstar,29834,0,ᛚᚩᚪᛞᛋᛏᚪᚱ,486
cetaceous,29831,0,ᚳᛖᛏᚪᚳᛇᚢᛋ,346
craniums,29819,0,ᚳᚱᚪᚾᛁᚢᛗᛋ,308
nightlong,29801,0,ᚾᛁᚷᚻᛏᛚᚩᛝ,318
unwished,29796,0,ᚢᚾᚹᛁᛋᚻᛖᛞ,314
geomancer,29739,0,ᚷᛇᛗᚪᚾᚳᛖᚱ,346
craftier,29705,0,ᚳᚱᚪᚠᛏᛁᛖᚱ,291
lambaste,29702,0,ᛚᚪᛗᛒᚪᛋᛏᛖ,578
arboreous,29695,0,ᚪᚱᛒᚩᚱᛇᚢᛋ,284
gatefold,29667,0,ᚷᚪᛏᛖᚠᚩᛚᛞ,411
meseemeth,29630,0,ᛗᛖᛋᛖᛖᛗᛖᚦ,468
lamellas,29630,0,ᛚᚪᛗᛖᛚᛚᚪᛋ,604
litheness,29613,0,ᛚᛁᚦᛖᚾᛖᛋᛋ,378
daytimes,29606,0,ᛞᚪᚣᛏᛁᛗᛖᛋ,570
attentat,29593,0,ᚪᛏᛏᛖᚾᛏᚪᛏ,526
waterpot,29582,0,ᚹᚪᛏᛖᚱᛈᚩᛏ,362
mediative,29579,0,ᛗᛖᛞᛡᛏᛁᚢᛖ,494
blastoma,29509,0,ᛒᛚᚪᛋᛏᚩᛗᚪ,518
defilade,29491,0,ᛞᛖᚠᛁᛚᚪᛞᛖ,515
skulkers,29478,0,ᛋᚳᚢᛚᚳᛖᚱᛋ,286
wigmaker,29475,0,ᚹᛁᚷᛗᚪᚳᛖᚱ,326
finagled,29474,0,ᚠᛁᚾᚪᚷᛚᛖᛞ,405
mangabeys,29427,0,ᛗᚪᛝᚪᛒᛖᚣᛋ,628
gurnards,29423,0,ᚷᚢᚱᚾᚪᚱᛞᛋ,310
nonspeaking,29420,0,ᚾᚩᚾᛋᛈᛠᚳᛝ,362
jackboot,29410,0,ᛂᚪᚳᚳᛒᚩᚩᛏ,294
outthrust,29397,0,ᚩᚢᛏᚦᚱᚢᛋᛏ,200
nibblers,29377,0,ᚾᛁᛒᛒᛚᛖᚱᛋ,386
gerundial,29360,0,ᚷᛖᚱᚢᚾᛞᛡᛚ,396
vapidity,29359,0,ᚢᚪᛈᛁᛞᛁᛏᚣ,456
hydromel,29348,0,ᚻᚣᛞᚱᚩᛗᛖᛚ,444
bowlines,29346,0,ᛒᚩᚹᛚᛁᚾᛖᛋ,340
rosiness,29342,0,ᚱᚩᛋᛁᚾᛖᛋᛋ,304
sortable,29321,0,ᛋᚩᚱᛏᚪᛒᛚᛖ,428
interrex,29313,0,ᛁᚾᛏᛖᚱᚱᛖᛉ,322
footages,29307,0,ᚠᚩᚩᛏᚪᚷᛖᛋ,309
fireplug,29291,0,ᚠᛁᚱᛖᛈᛚᚢᚷ,247
corineus,29289,0,ᚳᚩᚱᛁᚾᛖᚢᛋ,214
extremer,29267,0,ᛖᛉᛏᚱᛖᛗᛖᚱ,400
rosefish,29266,0,ᚱᚩᛋᛖᚠᛁᛋᚻ,247
topknots,29265,0,ᛏᚩᛈᚳᚾᚩᛏᛋ,270
rooftree,29225,0,ᚱᚩᚩᚠᛏᚱᛖᛖ,231
intendit,29208,0,ᛁᚾᛏᛖᚾᛞᛁᛏ,394
monstera,29201,0,ᛗᚩᚾᛋᛏᛖᚱᚪ,394
palliates,29192,0,ᛈᚪᛚᛚᛡᛏᛖᛋ,572
shrimper,29178,0,ᛋᚻᚱᛁᛗᛈᛖᚱ,310
milesius,29176,0,ᛗᛁᛚᛖᛋᛁᚢᛋ,382
banjoist,29175,0,ᛒᚪᚾᛂᚩᛁᛋᛏ,374
catamite,29169,0,ᚳᚪᛏᚪᛗᛁᛏᛖ,494
chivvied,29164,0,ᚳᚻᛁᚢᚢᛁᛖᛞ,260
oxidiser,29163,0,ᚩᛉᛁᛞᛁᛋᛖᚱ,336
plancher,29155,0,ᛈᛚᚪᚾᚳᚻᛖᚱ,356
newsbreak,29155,0,ᚾᛖᚹᛋᛒᚱᛠᚳ,362
shouldna,29144,0,ᛋᚻᚩᚢᛚᛞᚾᚪ,374
emoticon,29131,0,ᛖᛗᚩᛏᛁᚳᚩᚾ,284
terentian,29115,0,ᛏᛖᚱᛖᚾᛏᛡᚾ,428
patronym,29110,0,ᛈᚪᛏᚱᚩᚾᚣᛗ,420
forefend,29110,0,ᚠᚩᚱᛖᚠᛖᚾᛞ,274
isidorian,29096,0,ᛁᛋᛁᛞᚩᚱᛡᚾ,358
oarlocks,29071,0,ᚩᚪᚱᛚᚩᚳᚳᛋ,274
quaalude,29060,0,ᚳᚹᚪᚪᛚᚢᛞᛖ,458
friended,29032,0,ᚠᚱᛁᛖᚾᛞᛖᛞ,385
skyjacking,29030,0,ᛋᚳᚣᛂᚪᚳᚳᛝ,408
besprent,29027,0,ᛒᛖᛋᛈᚱᛖᚾᛏ,390
brewpubs,29025,0,ᛒᚱᛖᚹᛈᚢᛒᛋ,318
endgames,28992,0,ᛖᚾᛞᚷᚪᛗᛖᛋ,490
appliers,28986,0,ᚪᛈᛈᛚᛁᛖᚱᛋ,418
noctuids,28973,0,ᚾᚩᚳᛏᚢᛁᛞᛋ,284
sanyasis,28960,0,ᛋᚪᚾᚣᚪᛋᛁᛋ,516
neuronic,28960,0,ᚾᛖᚢᚱᚩᚾᛁᚳ,190
unblamed,28944,0,ᚢᚾᛒᛚᚪᛗᛖᛞ,490
strapper,28944,0,ᛋᛏᚱᚪᛈᛈᛖᚱ,384
findable,28941,0,ᚠᛁᚾᛞᚪᛒᛚᛖ,449
rustbelt,28919,0,ᚱᚢᛋᛏᛒᛖᛚᛏ,386
thereness,28916,0,ᚦᛖᚱᛖᚾᛖᛋᛋ,352
goodlier,28910,0,ᚷᚩᚩᛞᛚᛁᛖᚱ,302
strucken,28879,0,ᛋᛏᚱᚢᚳᚳᛖᚾ,248
potlucks,28878,0,ᛈᚩᛏᛚᚢᚳᚳᛋ,264
kahikatea,28867,0,ᚳᚪᚻᛁᚳᚪᛏᛠ,442
logogram,28854,0,ᛚᚩᚷᚩᚷᚱᚪᛗ,300
methodize,28843,0,ᛗᛖᚦᚩᛞᛁᛋᛖ,390
pentangle,28828,0,ᛈᛖᚾᛏᚪᛝᛚᛖ,514
plumules,28814,0,ᛈᛚᚢᛗᚢᛚᛖᛋ,386
straiter,28803,0,ᛋᛏᚱᚪᛁᛏᛖᚱ,388
expulsed,28797,0,ᛖᛉᛈᚢᛚᛋᛖᛞ,442
redbirds,28780,0,ᚱᛖᛞᛒᛁᚱᛞᛋ,412
alarmism,28778,0,ᚪᛚᚪᚱᛗᛁᛋᛗ,504
threadworm,28777,0,ᚦᚱᛠᛞᚹᚩᚱᛗ,322
quahaugs,28775,0,ᚳᚹᚪᚻᚪᚢᚷᛋ,322
introits,28753,0,ᛁᚾᛏᚱᚩᛁᛏᛋ,280
respires,28739,0,ᚱᛖᛋᛈᛁᚱᛖᛋ,336
ramilies,28734,0,ᚱᚪᛗᛁᛚᛁᛖᛋ,434
valanced,28720,0,ᚢᚪᛚᚪᚾᚳᛖᛞ,468
nicknaming,28720,0,ᚾᛁᚳᚳᚾᚪᛗᛝ,362
guaranis,28708,0,ᚷᚢᚪᚱᚪᚾᛁᛋ,338
chalcids,28703,0,ᚳᚻᚪᛚᚳᛁᛞᛋ,392
chauntry,28701,0,ᚳᚻᚪᚢᚾᛏᚱᚣ,338
firethorn,28692,0,ᚠᛁᚱᛖᚦᚩᚱᚾ,163
finalism,28659,0,ᚠᛁᚾᚪᛚᛁᛋᛗ,387
petiolule,28656,0,ᛈᛖᛏᛡᛚᚢᛚᛖ,492
unreeled,28654,0,ᚢᚾᚱᛖᛖᛚᛖᛞ,406
shedders,28640,0,ᛋᚻᛖᛞᛞᛖᚱᛋ,452
bughouse,28624,0,ᛒᚢᚷᚻᚩᚢᛋᛖ,234
colubrid,28605,0,ᚳᚩᛚᚢᛒᚱᛁᛞ,288
nemertean,28602,0,ᚾᛖᛗᛖᚱᛏᛠᚾ,442
whatnots,28562,0,ᚹᚻᚪᛏᚾᚩᛏᛋ,346
bobbinet,28562,0,ᛒᚩᛒᛒᛁᚾᛖᛏ,376
parlante,28559,0,ᛈᚪᚱᛚᚪᚾᛏᛖ,476
diastases,28559,0,ᛞᛡᛋᛏᚪᛋᛖᛋ,578
forewent,28536,0,ᚠᚩᚱᛖᚹᛖᚾᛏ,261
dragooning,28533,0,ᛞᚱᚪᚷᚩᚩᚾᛝ,336
reassigns,28501,0,ᚱᛠᛋᛋᛁᚷᚾᛋ,356
balsamum,28487,0,ᛒᚪᛚᛋᚪᛗᚢᛗ,526
roughens,28478,0,ᚱᚩᚢᚷᚻᛖᚾᛋ,210
sorbates,28468,0,ᛋᚩᚱᛒᚪᛏᛖᛋ,408
hayseeds,28464,0,ᚻᚪᚣᛋᛖᛖᛞᛋ,552
kneelers,28458,0,ᚳᚾᛖᛖᛚᛖᚱᛋ,380
scollops,28441,0,ᛋᚳᚩᛚᛚᚩᛈᛋ,322
palmists,28382,0,ᛈᚪᛚᛗᛁᛋᛏᛋ,480
trophied,28374,0,ᛏᚱᚩᛈᚻᛁᛖᛞ,330
blemmyes,28358,0,ᛒᛚᛖᛗᛗᚣᛖᛋ,566
befuddling,28346,0,ᛒᛖᚠᚢᛞᛞᛚᛝ,463
lapstone,28344,0,ᛚᚪᛈᛋᛏᚩᚾᛖ,428
ladyhood,28338,0,ᛚᚪᛞᚣᚻᚩᚩᛞ,488
prismoid,28334,0,ᛈᚱᛁᛋᛗᚩᛁᛞ,336
stetsons,28323,0,ᛋᛏᛖᛏᛋᚩᚾᛋ,380
haruspex,28320,0,ᚻᚪᚱᚢᛋᛈᛖᛉ,344
anguishes,28318,0,ᚪᛝᚢᛁᛋᚻᛖᛋ,406
attacher,28312,0,ᚪᛏᛏᚪᚳᚻᛖᚱ,426
thriftier,28309,0,ᚦᚱᛁᚠᛏᛁᛖᚱ,217
inciters,28301,0,ᛁᚾᚳᛁᛏᛖᚱᛋ,294
erythrite,28298,0,ᛖᚱᚣᚦᚱᛁᛏᛖ,354
coatroom,28290,0,ᚳᚩᚪᛏᚱᚩᚩᛗ,272
brunonian,28284,0,ᛒᚱᚢᚾᚩᚾᛡᚾ,276
muddiest,28264,0,ᛗᚢᛞᛞᛁᛖᛋᛏ,462
hankerings,28257,0,ᚻᚪᚾᚳᛖᚱᛝᛋ,372
gestated,28256,0,ᚷᛖᛋᛏᚪᛏᛖᛞ,508
douceurs,28242,0,ᛞᚩᚢᚳᛖᚢᚱᛋ,246
junketings,28237,0,ᛂᚢᚾᚳᛖᛏᛝᛋ,340
enchased,28219,0,ᛖᚾᚳᚻᚪᛋᛖᛞ,438
pillorying,28216,0,ᛈᛁᛚᛚᚩᚱᚣᛝ,420
solidest,28207,0,ᛋᚩᛚᛁᛞᛖᛋᛏ,432
raftsman,28190,0,ᚱᚪᚠᛏᛋᛗᚪᚾ,419
apothecial,28172,0,ᚪᛈᚩᚦᛖᚳᛡᛚ,412
nauseates,28132,0,ᚾᚪᚢᛋᛠᛏᛖᛋ,470
cliquish,28132,0,ᚳᛚᛁᚳᚹᛁᛋᚻ,256
corniced,28109,0,ᚳᚩᚱᚾᛁᚳᛖᛞ,260
garroted,28100,0,ᚷᚪᚱᚱᚩᛏᛖᛞ,358
exogamic,28069,0,ᛖᛉᚩᚷᚪᛗᛁᚳ,350
comities,28065,0,ᚳᚩᛗᛁᛏᛁᛖᛋ,332
eremites,28058,0,ᛖᚱᛖᛗᛁᛏᛖᛋ,426
robuster,28052,0,ᚱᚩᛒᚢᛋᛏᛖᚱ,272
lemnisci,28052,0,ᛚᛖᛗᚾᛁᛋᚳᛁ,368
sandpits,28048,0,ᛋᚪᚾᛞᛈᛁᛏᛋ,454
flashily,28039,0,ᚠᛚᚪᛋᚻᛁᛚᚣ,455
feathertop,28025,0,ᚠᛠᚦᛖᚱᛏᚩᛈ,303
mainyard,28024,0,ᛗᚪᛁᚾᚣᚪᚱᛞ,528
yamacraw,27993,0,ᚣᚪᛗᚪᚳᚱᚪᚹ,508
rhizopod,27986,0,ᚱᚻᛁᛋᚩᛈᚩᛞ,264
poundals,27983,0,ᛈᚩᚢᚾᛞᚪᛚᛋ,394
chausses,27970,0,ᚳᚻᚪᚢᛋᛋᛖᛋ,362
epicalyx,27967,0,ᛖᛈᛁᚳᚪᛚᚣᛉ,474
pardners,27962,0,ᛈᚪᚱᛞᚾᛖᚱᛋ,400
charissa,27945,0,ᚳᚻᚪᚱᛁᛋᛋᚪ,378
burnoose,27942,0,ᛒᚢᚱᚾᚩᚩᛋᛖ,238
seljukian,27938,0,ᛋᛖᛚᛂᚢᚳᛡᚾ,382
gormless,27935,0,ᚷᚩᚱᛗᛚᛖᛋᛋ,352
idahoans,27920,0,ᛁᛞᚪᚻᚩᚪᚾᛋ,426
alveolars,27893,0,ᚪᛚᚢᛇᛚᚪᚱᛋ,448
cupulate,27882,0,ᚳᚢᛈᚢᛚᚪᛏᛖ,358
cornhusk,27875,0,ᚳᚩᚱᚾᚻᚢᛋᚳ,152
litterer,27868,0,ᛚᛁᛏᛏᛖᚱᛖᚱ,378
egotisms,27852,0,ᛖᚷᚩᛏᛁᛋᛗᛋ,358
carthorse,27823,0,ᚳᚪᚱᚦᚩᚱᛋᛖ,264
bonniest,27818,0,ᛒᚩᚾᚾᛁᛖᛋᛏ,336
deloused,27813,0,ᛞᛖᛚᚩᚢᛋᛖᛞ,448
polygamia,27786,0,ᛈᚩᛚᚣᚷᚪᛗᛡ,518
trollops,27785,0,ᛏᚱᚩᛚᛚᚩᛈᛋ,326
caltrops,27747,0,ᚳᚪᛚᛏᚱᚩᛈᛋ,356
dovelike,27722,0,ᛞᚩᚢᛖᛚᛁᚳᛖ,350
ruinated,27720,0,ᚱᚢᛁᚾᚪᛏᛖᛞ,386
terrours,27715,0,ᛏᛖᚱᚱᚩᚢᚱᛋ,222
swanlike,27670,0,ᛋᚹᚪᚾᛚᛁᚳᛖ,382
inventer,27652,0,ᛁᚾᚢᛖᚾᛏᛖᚱ,296
chanteys,27647,0,ᚳᚻᚪᚾᛏᛖᚣᛋ,444
downbeats,27626,0,ᛞᚩᚹᚾᛒᛠᛏᛋ,426
yardarms,27623,0,ᚣᚪᚱᛞᚪᚱᛗᛋ,532
cognation,27602,0,ᚳᚩᚷᚾᚪᛏᛡᚾ,358
alastrim,27598,0,ᚪᛚᚪᛋᛏᚱᛁᛗ,492
pashalic,27583,0,ᛈᚪᛋᚻᚪᛚᛁᚳ,430
brownist,27581,0,ᛒᚱᚩᚹᚾᛁᛋᛏ,270
degrader,27571,0,ᛞᛖᚷᚱᚪᛞᛖᚱ,448
ticktock,27559,0,ᛏᛁᚳᚳᛏᚩᚳᚳ,208
uncouthly,27555,0,ᚢᚾᚳᚩᚢᚦᛚᚣ,236
chagrins,27552,0,ᚳᚻᚪᚷᚱᛁᚾᛋ,274
haecceity,27546,0,ᚻᚫᚳᚳᛖᛁᛏᚣ,410
nimblest,27542,0,ᚾᛁᛗᛒᛚᛖᛋᛏ,444
crassest,27540,0,ᚳᚱᚪᛋᛋᛖᛋᛏ,406
emeraude,27525,0,ᛖᛗᛖᚱᚪᚢᛞᛖ,472
outspend,27504,0,ᚩᚢᛏᛋᛈᛖᚾᛞ,350
tragopan,27500,0,ᛏᚱᚪᚷᚩᛈᚪᚾ,360
convokes,27485,0,ᚳᚩᚾᚢᚩᚳᛖᛋ,192
novations,27480,0,ᚾᚩᚢᚪᛏᛡᚾᛋ,384
waltzers,27456,0,ᚹᚪᛚᛏᛋᛖᚱᛋ,432
tryphosa,27454,0,ᛏᚱᚣᛈᚻᚩᛋᚪ,396
ketonemia,27425,0,ᚳᛖᛏᚩᚾᛖᛗᛡ,420
percales,27370,0,ᛈᛖᚱᚳᚪᛚᛖᛋ,424
sidesmen,27365,0,ᛋᛁᛞᛖᛋᛗᛖᚾ,460
shellacs,27364,0,ᛋᚻᛖᛚᛚᚪᚳᛋ,452
eligibly,27336,0,ᛖᛚᛁᚷᛁᛒᛚᚣ,456
wassailing,27322,0,ᚹᚪᛋᛋᚪᛁᛚᛝ,502
cureless,27318,0,ᚳᚢᚱᛖᛚᛖᛋᛋ,340
frottage,27303,0,ᚠᚱᚩᛏᛏᚪᚷᛖ,319
rogations,27284,0,ᚱᚩᚷᚪᛏᛡᚾᛋ,380
lachryma,27270,0,ᛚᚪᚳᚻᚱᚣᛗᚪ,488
hayricks,27247,0,ᚻᚪᚣᚱᛁᚳᚳᛋ,344
reduviid,27232,0,ᚱᛖᛞᚢᚢᛁᛁᛞ,324
vauntingly,27231,0,ᚢᚪᚢᚾᛏᛝᛚᚣ,446
sjaelland,27221,0,ᛋᛂᚫᛚᛚᚪᚾᛞ,552
silicons,27185,0,ᛋᛁᛚᛁᚳᚩᚾᛋ,290
whinchat,27184,0,ᚹᚻᛁᚾᚳᚻᚪᛏ,294
huissier,27180,0,ᚻᚢᛁᛋᛋᛁᛖᚱ,272
peishwah,27178,0,ᛈᛖᛁᛋᚻᚹᚪᚻ,356
arkansan,27169,0,ᚪᚱᚳᚪᚾᛋᚪᚾ,426
fugleman,27164,0,ᚠᚢᚷᛚᛖᛗᚪᚾ,359
footmark,27164,0,ᚠᚩᚩᛏᛗᚪᚱᚳ,267
poussins,27163,0,ᛈᚩᚢᛋᛋᛁᚾᛋ,272
flatlets,27161,0,ᚠᛚᚪᛏᛚᛖᛏᛋ,483
khalifas,27158,0,ᚳᚻᚪᛚᛁᚠᚪᛋ,389
recenter,27157,0,ᚱᛖᚳᛖᚾᛏᛖᚱ,324
thermoses,27145,0,ᚦᛖᚱᛗᚩᛋᛖᛋ,334
sycomore,27111,0,ᛋᚣᚳᚩᛗᚩᚱᛖ,332
glisters,27107,0,ᚷᛚᛁᛋᛏᛖᚱᛋ,364
prytanis,27087,0,ᛈᚱᚣᛏᚪᚾᛁᛋ,426
sudarium,27085,0,ᛋᚢᛞᚪᚱᛁᚢᛗ,358
wolflike,27057,0,ᚹᚩᛚᚠᛚᛁᚳᛖ,285
dickered,27057,0,ᛞᛁᚳᚳᛖᚱᛖᛞ,380
naumachia,27007,0,ᚾᚪᚢᛗᚪᚳᚻᛡ,440
bondmaid,26992,0,ᛒᚩᚾᛞᛗᚪᛁᛞ,474
dabchick,26953,0,ᛞᚪᛒᚳᚻᛁᚳᚳ,340
garlanding,26917,0,ᚷᚪᚱᛚᚪᚾᛞᛝ,492
whereases,26907,0,ᚹᚻᛖᚱᛠᛋᛖᛋ,402
posthouse,26902,0,ᛈᚩᛋᚦᚩᚢᛋᛖ,238
anapests,26899,0,ᚪᚾᚪᛈᛖᛋᛏᛋ,498
baggages,26898,0,ᛒᚪᚷᚷᚪᚷᛖᛋ,426
carnages,26896,0,ᚳᚪᚱᚾᚪᚷᛖᛋ,384
berretta,26875,0,ᛒᛖᚱᚱᛖᛏᛏᚪ,432
carrozza,26862,0,ᚳᚪᚱᚱᚩᛋᛋᚪ,342
fifteens,26856,0,ᚠᛁᚠᛏᛖᛖᚾᛋ,310
retiform,26838,0,ᚱᛖᛏᛁᚠᚩᚱᛗ,259
sinciput,26827,0,ᛋᛁᚾᚳᛁᛈᚢᛏ,262
shuddery,26818,0,ᛋᚻᚢᛞᛞᛖᚱᚣ,438
alliaceous,26792,0,ᚪᛚᛚᛡᚳᛇᚢᛋ,460
picadors,26777,0,ᛈᛁᚳᚪᛞᚩᚱᛋ,344
reclothed,26774,0,ᚱᛖᚳᛚᚩᚦᛖᛞ,332
choragic,26764,0,ᚳᚻᚩᚱᚪᚷᛁᚳ,212
repleted,26762,0,ᚱᛖᛈᛚᛖᛏᛖᛞ,476
teetotum,26758,0,ᛏᛖᛖᛏᚩᛏᚢᛗ,392
empresse,26747,0,ᛖᛗᛈᚱᛖᛋᛋᛖ,432
bastides,26744,0,ᛒᚪᛋᛏᛁᛞᛖᛋ,510
retraxit,26742,0,ᚱᛖᛏᚱᚪᛉᛁᛏ,382
brinjals,26737,0,ᛒᚱᛁᚾᛂᚪᛚᛋ,392
linstock,26719,0,ᛚᛁᚾᛋᛏᚩᚳᚳ,278
verderer,26710,0,ᚢᛖᚱᛞᛖᚱᛖᚱ,326
convolve,26707,0,ᚳᚩᚾᚢᚩᛚᚢᛖ,202
tuppenny,26676,0,ᛏᚢᛈᛈᛖᚾᚾᚣ,376
headiness,26675,0,ᚻᛠᛞᛁᚾᛖᛋᛋ,454
ruralism,26643,0,ᚱᚢᚱᚪᛚᛁᛋᛗ,350
triposes,26628,0,ᛏᚱᛁᛈᚩᛋᛖᛋ,324
susurrus,26611,0,ᛋᚢᛋᚢᚱᚱᚢᛋ,190
ovenware,26610,0,ᚩᚢᛖᚾᚹᚪᚱᛖ,300
goatfish,26604,0,ᚷᚩᚪᛏᚠᛁᛋᚻ,289
pothecary,26603,0,ᛈᚩᚦᛖᚳᚪᚱᚣ,346
beninese,26591,0,ᛒᛖᚾᛁᚾᛖᛋᛖ,404
exoduses,26583,0,ᛖᛉᚩᛞᚢᛋᛖᛋ,386
splashings,26577,0,ᛋᛈᛚᚪᛋᚻᛝᛋ,474
catalpas,26554,0,ᚳᚪᛏᚪᛚᛈᚪᛋ,532
unmailed,26545,0,ᚢᚾᛗᚪᛁᛚᛖᛞ,460
foreswear,26545,0,ᚠᚩᚱᛖᛋᚹᛠᚱ,279
cornball,26530,0,ᚳᚩᚱᚾᛒᚪᛚᛚ,364
redivide,26524,0,ᚱᛖᛞᛁᚢᛁᛞᛖ,388
censurer,26517,0,ᚳᛖᚾᛋᚢᚱᛖᚱ,254
collinsia,26512,0,ᚳᚩᛚᛚᛁᚾᛋᛡ,386
tarboosh,26510,0,ᛏᚪᚱᛒᚩᚩᛋᚻ,318
votaress,26502,0,ᚢᚩᛏᚪᚱᛖᛋᛋ,350
shadbush,26473,0,ᛋᚻᚪᛞᛒᚢᛋᚻ,402
hardtops,26454,0,ᚻᚪᚱᛞᛏᚩᛈᛋ,382
mascaras,26433,0,ᛗᚪᛋᚳᚪᚱᚪᛋ,492
curvetting,26428,0,ᚳᚢᚱᚢᛖᛏᛏᛝ,294
golliwog,26424,0,ᚷᚩᛚᛚᛁᚹᚩᚷ,244
backtalk,26413,0,ᛒᚪᚳᚳᛏᚪᛚᚳ,426
cursedly,26395,0,ᚳᚢᚱᛋᛖᛞᛚᚣ,412
posology,26374,0,ᛈᚩᛋᚩᛚᚩᚷᚣ,310
tiltyard,26360,0,ᛏᛁᛚᛏᚣᚪᚱᛞ,522
confervae,26349,0,ᚳᚩᚾᚠᛖᚱᚢᚫ,233
alkalemia,26336,0,ᚪᛚᚳᚪᛚᛖᛗᛡ,598
malingered,26310,0,ᛗᚪᛚᛝᛖᚱᛖᛞ,554
belauded,26310,0,ᛒᛖᛚᚪᚢᛞᛖᛞ,546
scenical,26304,0,ᛋᚳᛖᚾᛁᚳᚪᛚ,376
conchoid,26302,0,ᚳᚩᚾᚳᚻᚩᛁᛞ,212
saltwort,26293,0,ᛋᚪᛚᛏᚹᚩᚱᛏ,378
flimsier,26270,0,ᚠᛚᛁᛗᛋᛁᛖᚱ,339
terrines,26268,0,ᛏᛖᚱᚱᛁᚾᛖᛋ,328
knotters,26261,0,ᚳᚾᚩᛏᛏᛖᚱᛋ,298
saltless,26222,0,ᛋᚪᛚᛏᛚᛖᛋᛋ,528
tournure,26219,0,ᛏᚩᚢᚱᚾᚢᚱᛖ,190
proctoring,26214,0,ᛈᚱᚩᚳᛏᚩᚱᛝ,230
rotundas,26211,0,ᚱᚩᛏᚢᚾᛞᚪᛋ,348
hyponyms,26204,0,ᚻᚣᛈᚩᚾᚣᛗᛋ,432
lunacies,26202,0,ᛚᚢᚾᚪᚳᛁᛖᛋ,366
decemvir,26175,0,ᛞᛖᚳᛖᛗᚢᛁᚱ,352
serendib,26166,0,ᛋᛖᚱᛖᚾᛞᛁᛒ,408
faradays,26159,0,ᚠᚪᚱᚪᛞᚪᚣᛋ,549
suicided,26149,0,ᛋᚢᛁᚳᛁᛞᛖᛞ,376
discuses,26149,0,ᛞᛁᛋᚳᚢᛋᛖᛋ,362
fluffier,26141,0,ᚠᛚᚢᚠᚠᛁᛖᚱ,191
encipher,26139,1,ᛖᚾᚳᛁᛈᚻᛖᚱ,284
inbounds,26124,0,ᛁᚾᛒᚩᚢᚾᛞᛋ,302
indurating,26095,0,ᛁᚾᛞᚢᚱᚪᛏᛝ,398
crenation,26094,0,ᚳᚱᛖᚾᚪᛏᛡᚾ,412
coopered,26094,0,ᚳᚩᚩᛈᛖᚱᛖᛞ,304
seraglios,26077,0,ᛋᛖᚱᚪᚷᛚᛡᛋ,478
decocted,26075,0,ᛞᛖᚳᚩᚳᛏᛖᛞ,404
habergeon,26059,0,ᚻᚪᛒᛖᚱᚷᛇᚾ,346
backdate,26048,0,ᛒᚪᚳᚳᛞᚪᛏᛖ,496
fleshier,26042,0,ᚠᛚᛖᛋᚻᛁᛖᚱ,327
earthshine,26041,0,ᛠᚱᚦᛋᚻᛁᚾᛖ,328
colewort,26039,0,ᚳᚩᛚᛖᚹᚩᚱᛏ,256
blatancy,26036,0,ᛒᛚᚪᛏᚪᚾᚳᚣ,532
shikaris,26035,0,ᛋᚻᛁᚳᚪᚱᛁᛋ,312
moneybag,26013,0,ᛗᚩᚾᛖᚣᛒᚪᚷ,452
columnal,26005,0,ᚳᚩᛚᚢᛗᚾᚪᛚ,366
styluses,25981,0,ᛋᛏᚣᛚᚢᛋᛖᛋ,464
plackets,25971,0,ᛈᛚᚪᚳᚳᛖᛏᛋ,418
fogbound,25968,0,ᚠᚩᚷᛒᚩᚢᚾᛞ,215
equitant,25950,0,ᛖᚳᚹᛁᛏᚪᚾᛏ,374
enwrapping,25945,0,ᛖᚾᚹᚱᚪᛈᛈᛝ,388
postboys,25923,0,ᛈᚩᛋᛏᛒᚩᚣᛋ,386
granters,25920,0,ᚷᚱᚪᚾᛏᛖᚱᛋ,344
godwinian,25895,0,ᚷᚩᛞᚹᛁᚾᛡᚾ,328
seminude,25889,0,ᛋᛖᛗᛁᚾᚢᛞᛖ,410
underhung,25880,0,ᚢᚾᛞᛖᚱᚻᚢᛝ,304
picaroon,25873,0,ᛈᛁᚳᚪᚱᚩᚩᚾ,238
diarrhoeic,25864,0,ᛞᛡᚱᚱᚻᛟᛁᚳ,368
enthrones,25862,0,ᛖᚾᚦᚱᚩᚾᛖᛋ,268
nonwoody,25859,0,ᚾᚩᚾᚹᚩᚩᛞᚣ,290
moonwort,25832,0,ᛗᚩᚩᚾᚹᚩᚱᛏ,210
punditry,25830,0,ᛈᚢᚾᛞᛁᛏᚱᚣ,368
anagogic,25825,0,ᚪᚾᚪᚷᚩᚷᛁᚳ,308
compered,25821,0,ᚳᚩᛗᛈᛖᚱᛖᛞ,368
edgeless,25774,0,ᛖᛞᚷᛖᛚᛖᛋᛋ,486
mangonels,25763,0,ᛗᚪᛝᚩᚾᛖᛚᛋ,476
eternize,25763,0,ᛖᛏᛖᚱᚾᛁᛋᛖ,384
torulose,25758,0,ᛏᚩᚱᚢᛚᚩᛋᛖ,280
sirloins,25736,0,ᛋᛁᚱᛚᚩᛁᚾᛋ,288
lenitive,25733,0,ᛚᛖᚾᛁᛏᛁᚢᛖ,360
cotterel,25728,0,ᚳᚩᛏᛏᛖᚱᛖᛚ,356
oilcloths,25718,0,ᚩᛁᛚᚳᛚᚩᚦᛋ,262
trotline,25715,0,ᛏᚱᚩᛏᛚᛁᚾᛖ,336
evangelion,25710,0,ᛖᚢᚪᛝᛖᛚᛡᚾ,522
equators,25698,0,ᛖᚳᚹᚪᛏᚩᚱᛋ,326
ptomains,25697,0,ᛈᛏᚩᛗᚪᛁᚾᛋ,390
pratfall,25686,0,ᛈᚱᚪᛏᚠᚪᛚᛚ,455
saxondom,25676,0,ᛋᚪᛉᚩᚾᛞᚩᛗ,400
coulisse,25675,0,ᚳᚩᚢᛚᛁᛋᛋᛖ,300
urbanize,25663,0,ᚢᚱᛒᚪᚾᛁᛋᛖ,352
hairnets,25661,0,ᚻᚪᛁᚱᚾᛖᛏᛋ,370
leverets,25655,0,ᛚᛖᚢᛖᚱᛖᛏᛋ,400
gossiper,25648,0,ᚷᚩᛋᛋᛁᛈᛖᚱ,282
gavottes,25645,0,ᚷᚪᚢᚩᛏᛏᛖᛋ,362
scimetar,25610,0,ᛋᚳᛁᛗᛖᛏᚪᚱ,402
jalopies,25609,0,ᛂᚪᛚᚩᛈᛁᛖᛋ,408
unifiable,25604,0,ᚢᚾᛁᚠᛡᛒᛚᛖ,373
horologe,25585,0,ᚻᚩᚱᚩᛚᚩᚷᛖ,212
unwarmed,25568,0,ᚢᚾᚹᚪᚱᛗᛖᛞ,386
colorize,25565,0,ᚳᚩᛚᚩᚱᛁᛋᛖ,262
gladiolas,25560,0,ᚷᛚᚪᛞᛡᛚᚪᛋ,606
couloirs,25560,0,ᚳᚩᚢᛚᚩᛁᚱᛋ,198
stirringly,25551,0,ᛋᛏᛁᚱᚱᛝᛚᚣ,420
fomenter,25550,0,ᚠᚩᛗᛖᚾᛏᛖᚱ,313
stockily,25542,0,ᛋᛏᚩᚳᚳᛁᛚᚣ,352
spalpeen,25534,0,ᛋᛈᚪᛚᛈᛖᛖᚾ,472
pelvises,25515,0,ᛈᛖᛚᚢᛁᛋᛖᛋ,390
ratsbane,25514,0,ᚱᚪᛏᛋᛒᚪᚾᛖ,474
unsaddling,25512,0,ᚢᚾᛋᚪᛞᛞᛚᛝ,512
turnoffs,25505,0,ᛏᚢᚱᚾᚩᚠᚠᛋ,166
overfond,25493,0,ᚩᚢᛖᚱᚠᚩᚾᛞ,215
fandangos,25454,0,ᚠᚪᚾᛞᚪᛝᚩᛋ,453
vaulters,25449,0,ᚢᚪᚢᛚᛏᛖᚱᛋ,366
gonfalon,25448,0,ᚷᚩᚾᚠᚪᛚᚩᚾ,261
genitrix,25413,0,ᚷᛖᚾᛁᛏᚱᛁᛉ,292
unpolite,25405,0,ᚢᚾᛈᚩᛚᛁᛏᛖ,312
meliorist,25391,0,ᛗᛖᛚᛡᚱᛁᛋᛏ,472
foreshow,25387,0,ᚠᚩᚱᛖᛋᚻᚩᚹ,189
asclepiad,25365,0,ᚪᛋᚳᛚᛖᛈᛡᛞ,542
undevout,25338,0,ᚢᚾᛞᛖᚢᚩᚢᛏ,260
jocosity,25336,0,ᛂᚩᚳᚩᛋᛁᛏᚣ,310
vengeances,25327,0,ᚢᛖᛝᛠᚾᚳᛖᛋ,420
abidance,25323,0,ᚪᛒᛁᛞᚪᚾᚳᛖ,484
unchaining,25312,0,ᚢᚾᚳᚻᚪᛁᚾᛝ,304
evacuant,25311,0,ᛖᚢᚪᚳᚢᚪᚾᛏ,368
ironists,25292,0,ᛁᚱᚩᚾᛁᛋᛏᛋ,274
choragus,25287,0,ᚳᚻᚩᚱᚪᚷᚢᛋ,224
rodomont,25280,0,ᚱᚩᛞᚩᛗᚩᚾᛏ,280
ironsmith,25259,0,ᛁᚱᚩᚾᛋᛗᛁᚦ,238
vitrines,25244,0,ᚢᛁᛏᚱᛁᚾᛖᛋ,284
janizary,25230,0,ᛂᚪᚾᛁᛋᚪᚱᚣ,458
cancroid,25230,0,ᚳᚪᚾᚳᚱᚩᛁᛞ,290
snowbelt,25213,0,ᛋᚾᚩᚹᛒᛖᛚᛏ,368
properer,25213,0,ᛈᚱᚩᛈᛖᚱᛖᚱ,260
bewrayed,25213,0,ᛒᛖᚹᚱᚪᚣᛖᛞ,514
patronne,25208,0,ᛈᚪᛏᚱᚩᚾᚾᛖ,342
dragonet,25193,0,ᛞᚱᚪᚷᚩᚾᛖᛏ,376
geothermic,25181,0,ᚷᛇᚦᛖᚱᛗᛁᚳ,256
springtail,25173,0,ᛋᛈᚱᛝᛏᚪᛁᛚ,446
miscount,25170,0,ᛗᛁᛋᚳᚩᚢᚾᛏ,266
alkahest,25161,0,ᚪᛚᚳᚪᚻᛖᛋᛏ,482
caprifig,25157,0,ᚳᚪᛈᚱᛁᚠᛁᚷ,245
feverous,25156,0,ᚠᛖᚢᛖᚱᚩᚢᛋ,213
yardbird,25123,0,ᚣᚪᚱᛞᛒᛁᚱᛞ,492
indocile,25121,0,ᛁᚾᛞᚩᚳᛁᛚᛖ,340
feudally,25120,0,ᚠᛖᚢᛞᚪᛚᛚᚣ,507
glassily,25096,0,ᚷᛚᚪᛋᛋᛁᛚᚣ,500
theatergoer,25086,0,ᚦᛠᛏᛖᚱᚷᛟᚱ,362
sulphury,25076,0,ᛋᚢᛚᛈᚻᚢᚱᚣ,312
sixteens,25072,0,ᛋᛁᛉᛏᛖᛖᚾᛋ,406
malemute,25062,0,ᛗᚪᛚᛖᛗᚢᛏᛖ,508
admeasure,25055,0,ᚪᛞᛗᛠᛋᚢᚱᛖ,500
gromwell,25041,0,ᚷᚱᚩᛗᚹᛖᛚᛚ,338
mamselle,25034,0,ᛗᚪᛗᛋᛖᛚᛚᛖ,572
ordinand,25031,0,ᚩᚱᛞᛁᚾᚪᚾᛞ,382
thrombose,25021,0,ᚦᚱᚩᛗᛒᚩᛋᛖ,282
chaunced,25019,0,ᚳᚻᚪᚢᚾᚳᛖᛞ,334
placeable,25009,0,ᛈᛚᚪᚳᛠᛒᛚᛖ,536
windsurf,25008,0,ᚹᛁᚾᛞᛋᚢᚱᚠ,237
poysoned,24991,0,ᛈᚩᚣᛋᚩᚾᛖᛞ,398
utterers,24985,0,ᚢᛏᛏᛖᚱᛖᚱᛋ,330
roccella,24982,0,ᚱᚩᚳᚳᛖᛚᛚᚪ,354
meatiness,24951,0,ᛗᛠᛏᛁᚾᛖᛋᛋ,472
cathectic,24950,0,ᚳᚪᚦᛖᚳᛏᛁᚳ,298
caesareans,24950,0,ᚳᚫᛋᚪᚱᛠᚾᛋ,466
morbilli,24949,0,ᛗᚩᚱᛒᛁᛚᛚᛁ,358
subtilin,24948,0,ᛋᚢᛒᛏᛁᛚᛁᚾ,340
stunners,24948,0,ᛋᛏᚢᚾᚾᛖᚱᛋ,304
brackens,24939,0,ᛒᚱᚪᚳᚳᛖᚾᛋ,344
stakeouts,24937,0,ᛋᛏᚪᚳᛇᚢᛏᛋ,378
eponymic,24929,0,ᛖᛈᚩᚾᚣᛗᛁᚳ,364
cheddars,24922,0,ᚳᚻᛖᛞᛞᚪᚱᛋ,442
serviles,24921,0,ᛋᛖᚱᚢᛁᛚᛖᛋ,358
notandum,24918,0,ᚾᚩᛏᚪᚾᛞᚢᛗ,384
holstering,24875,0,ᚻᚩᛚᛋᛏᛖᚱᛝ,372
swahilis,24871,0,ᛋᚹᚪᚻᛁᛚᛁᛋ,380
rataplan,24867,0,ᚱᚪᛏᚪᛈᛚᚪᚾ,506
annulosa,24840,0,ᚪᚾᚾᚢᛚᚩᛋᚪ,388
unexacting,24826,0,ᚢᚾᛖᛉᚪᚳᛏᛝ,394
wordbook,24823,0,ᚹᚩᚱᛞᛒᚩᚩᚳ,214
brimless,24819,0,ᛒᚱᛁᛗᛚᛖᛋᛋ,420
padrones,24805,0,ᛈᚪᛞᚱᚩᚾᛖᛋ,396
harrovian,24795,0,ᚻᚪᚱᚱᚩᚢᛡᚾ,288
bartlemy,24795,0,ᛒᚪᚱᛏᛚᛖᛗᚣ,542
boughten,24793,0,ᛒᚩᚢᚷᚻᛏᛖᚾ,266
caviller,24790,0,ᚳᚪᚢᛁᛚᛚᛖᚱ,368
verditer,24779,0,ᚢᛖᚱᛞᛁᛏᛖᚱ,338
doorcase,24775,0,ᛞᚩᚩᚱᚳᚪᛋᛖ,344
twirlers,24736,0,ᛏᚹᛁᚱᛚᛖᚱᛋ,324
jeoparded,24734,0,ᛂᛇᛈᚪᚱᛞᛖᛞ,474
exactingly,24725,0,ᛖᛉᚪᚳᛏᛝᛚᚣ,538
crammers,24720,0,ᚳᚱᚪᛗᛗᛖᚱᛋ,394
fortieths,24718,0,ᚠᚩᚱᛏᛁᛖᚦᛋ,235
kidnaper,24692,0,ᚳᛁᛞᚾᚪᛈᛖᚱ,380
menorahs,24640,0,ᛗᛖᚾᚩᚱᚪᚻᛋ,358
perusals,24635,0,ᛈᛖᚱᚢᛋᚪᛚᛋ,400
unwashen,24630,0,ᚢᚾᚹᚪᛋᚻᛖᚾ,320
blockish,24602,0,ᛒᛚᚩᚳᚳᛁᛋᚻ,274
revengers,24578,0,ᚱᛖᚢᛖᛝᛖᚱᛋ,358
montanan,24570,0,ᛗᚩᚾᛏᚪᚾᚪᚾ,418
rickshas,24567,0,ᚱᛁᚳᚳᛋᚻᚪᛋ,294
huisache,24528,0,ᚻᚢᛁᛋᚪᚳᚻᛖ,310
claviers,24527,0,ᚳᛚᚪᚢᛁᛖᚱᛋ,348
nereides,24519,0,ᚾᛖᚱᛖᛁᛞᛖᛋ,414
judaical,24515,0,ᛂᚢᛞᚪᛁᚳᚪᛚ,440
vasculum,24509,0,ᚢᚪᛋᚳᚢᛚᚢᛗ,316
volantes,24501,0,ᚢᚩᛚᚪᚾᛏᛖᛋ,388
trichord,24497,0,ᛏᚱᛁᚳᚻᚩᚱᛞ,244
scullers,24484,0,ᛋᚳᚢᛚᛚᛖᚱᛋ,346
mooncalf,24469,0,ᛗᚩᚩᚾᚳᚪᛚᚠ,299
cashable,24452,0,ᚳᚪᛋᚻᚪᛒᛚᛖ,484
ransacks,24444,0,ᚱᚪᚾᛋᚪᚳᚳᛋ,366
unraised,24426,0,ᚢᚾᚱᚪᛁᛋᛖᛞ,380
swatters,24422,0,ᛋᚹᚪᛏᛏᛖᚱᛋ,418
towlines,24418,0,ᛏᚩᚹᛚᛁᚾᛖᛋ,338
notarize,24362,0,ᚾᚩᛏᚪᚱᛁᛋᛖ,354
yardages,24353,0,ᚣᚪᚱᛞᚪᚷᛖᛋ,534
lessoned,24345,0,ᛚᛖᛋᛋᚩᚾᛖᛞ,438
swiftlet,24339,0,ᛋᚹᛁᚠᛏᛚᛖᛏ,363
rightest,24323,0,ᚱᛁᚷᚻᛏᛖᛋᛏ,320
malposed,24322,0,ᛗᚪᛚᛈᚩᛋᛖᛞ,500
futtocks,24319,0,ᚠᚢᛏᛏᚩᚳᚳᛋ,209
questors,24317,0,ᚳᚹᛖᛋᛏᚩᚱᛋ,282
firetrap,24286,0,ᚠᛁᚱᛖᛏᚱᚪᛈ,321
envenoming,24286,0,ᛖᚾᚢᛖᚾᚩᛗᛝ,352
cyclosis,24281,0,ᚳᚣᚳᛚᚩᛋᛁᛋ,346
folkland,24279,0,ᚠᚩᛚᚳᛚᚪᚾᛞ,383
theogonies,24275,0,ᚦᛇᚷᚩᚾᛁᛖᛋ,250
slumlord,24270,0,ᛋᛚᚢᛗᛚᚩᚱᛞ,380
dominies,24252,0,ᛞᚩᛗᛁᚾᛁᛖᛋ,378
lumpkins,24238,0,ᛚᚢᛗᛈᚳᛁᚾᛋ,316
longheaded,24236,0,ᛚᚩᛝᚻᛠᛞᛖᛞ,536
conniver,24235,0,ᚳᚩᚾᚾᛁᚢᛖᚱ,190
allegiant,24225,0,ᚪᛚᛚᛖᚷᛡᚾᛏ,522
palavering,24215,0,ᛈᚪᛚᚪᚢᛖᚱᛝ,470
hernshaw,24210,0,ᚻᛖᚱᚾᛋᚻᚪᚹ,322
cakebread,24200,0,ᚳᚪᚳᛖᛒᚱᛠᛞ,460
vandykes,24193,0,ᚢᚪᚾᛞᚣᚳᛖᛋ,454
anaglyph,24152,0,ᚪᚾᚪᚷᛚᚣᛈᚻ,482
greekish,24142,0,ᚷᚱᛖᛖᚳᛁᛋᚻ,282
stephana,24141,0,ᛋᛏᛖᛈᚻᚪᚾᚪ,468
gyrators,24126,0,ᚷᚣᚱᚪᛏᚩᚱᛋ,358
alienism,24111,0,ᚪᛚᛁᛖᚾᛁᛋᛗ,452
forswears,24108,0,ᚠᚩᚱᛋᚹᛠᚱᛋ,265
effendis,24102,0,ᛖᚠᚠᛖᚾᛞᛁᛋ,340
steenbok,24097,0,ᛋᛏᛖᛖᚾᛒᚩᚳ,356
redberry,24094,0,ᚱᛖᛞᛒᛖᚱᚱᚣ,420
unsunned,24089,0,ᚢᚾᛋᚢᚾᚾᛖᛞ,302
cookshop,24079,0,ᚳᚩᚩᚳᛋᚻᚩᛈ,166
delaines,24066,0,ᛞᛖᛚᚪᛁᚾᛖᛋ,506
sackbuts,24054,0,ᛋᚪᚳᚳᛒᚢᛏᛋ,352
zecchini,24044,0,ᛋᛖᚳᚳᚻᛁᚾᛁ,260
effluxes,24043,0,ᛖᚠᚠᛚᚢᛉᛖᛋ,314
syngenesia,24028,0,ᛋᚣᛝᛖᚾᛖᛋᛡ,558
kniphofia,24026,0,ᚳᚾᛁᛈᚻᚩᚠᛡ,255
standpat,24018,0,ᛋᛏᚪᚾᛞᛈᚪᛏ,526
snappier,24005,0,ᛋᚾᚪᛈᛈᛁᛖᚱ,374
maravedi,23999,0,ᛗᚪᚱᚪᚢᛖᛞᛁ,466
diversly,23989,0,ᛞᛁᚢᛖᚱᛋᛚᚣ,430
hornbeams,23987,0,ᚻᚩᚱᚾᛒᛠᛗᛋ,364
tressels,23955,0,ᛏᚱᛖᛋᛋᛖᛚᛋ,436
rhagades,23933,0,ᚱᚻᚪᚷᚪᛞᛖᛋ,454
slugfest,23913,0,ᛋᛚᚢᚷᚠᛖᛋᛏ,327
mainlining,23905,0,ᛗᚪᛁᚾᛚᛁᚾᛝ,440
cardoons,23895,0,ᚳᚪᚱᛞᚩᚩᚾᛋ,306
decigram,23886,0,ᛞᛖᚳᛁᚷᚱᚪᛗ,396
throwster,23878,0,ᚦᚱᚩᚹᛋᛏᛖᚱ,232
stipples,23868,0,ᛋᛏᛁᛈᛈᛚᛖᛋ,422
sockless,23867,0,ᛋᚩᚳᚳᛚᛖᛋᛋ,332
amortise,23867,0,ᚪᛗᚩᚱᛏᛁᛋᛖ,396
syndetic,23863,0,ᛋᚣᚾᛞᛖᛏᛁᚳ,444
pushpins,23862,0,ᛈᚢᛋᚻᛈᛁᚾᛋ,278
plughole,23861,0,ᛈᛚᚢᚷᚻᚩᛚᛖ,306
upholden,23858,0,ᚢᛈᚻᚩᛚᛞᛖᚾ,334
pollicie,23849,0,ᛈᚩᛚᛚᛁᚳᛁᛖ,338
kingliness,23841,0,ᚳᛝᛚᛁᚾᛖᛋᛋ,398
trendier,23830,0,ᛏᚱᛖᚾᛞᛁᛖᚱ,364
encomiast,23819,0,ᛖᚾᚳᚩᛗᛡᛋᛏ,406
whoopers,23787,0,ᚹᚻᚩᚩᛈᛖᚱᛋ,230
frustums,23785,0,ᚠᚱᚢᛋᛏᚢᛗᛋ,255
sweatsuit,23751,0,ᛋᚹᛠᛏᛋᚢᛁᛏ,386
barbasco,23750,0,ᛒᚪᚱᛒᚪᛋᚳᚩ,400
crummock,23745,0,ᚳᚱᚢᛗᛗᚩᚳᚳ,202
noseband,23744,0,ᚾᚩᛋᛖᛒᚪᚾᛞ,432
crawdads,23737,0,ᚳᚱᚪᚹᛞᚪᛞᛋ,468
passioned,23736,0,ᛈᚪᛋᛋᛡᚾᛖᛞ,538
cornetts,23729,0,ᚳᚩᚱᚾᛖᛏᛏᛋ,298
sportful,23724,0,ᛋᛈᚩᚱᛏᚠᚢᛚ,251
quillets,23721,0,ᚳᚹᛁᛚᛚᛖᛏᛋ,388
supinate,23717,0,ᛋᚢᛈᛁᚾᚪᛏᛖ,382
pailfuls,23700,0,ᛈᚪᛁᛚᚠᚢᛚᛋ,375
prescind,23698,0,ᛈᚱᛖᛋᚳᛁᚾᛞ,336
monodies,23697,0,ᛗᚩᚾᚩᛞᛁᛖᛋ,354
modillion,23696,0,ᛗᚩᛞᛁᛚᛚᛡᚾ,480
spiccato,23689,0,ᛋᛈᛁᚳᚳᚪᛏᚩ,316
festivus,23682,0,ᚠᛖᛋᛏᛁᚢᚢᛋ,271
scotties,23652,0,ᛋᚳᚩᛏᛏᛁᛖᛋ,342
welcomer,23651,0,ᚹᛖᛚᚳᚩᛗᛖᚱ,328
flattops,23640,0,ᚠᛚᚪᛏᛏᚩᛈᛋ,393
wantoned,23624,0,ᚹᚪᚾᛏᚩᚾᛖᛞ,396
floggers,23619,0,ᚠᛚᚩᚷᚷᛖᚱᛋ,247
lutecium,23617,0,ᛚᚢᛏᛖᚳᛁᚢᛗ,320
atheromas,23615,0,ᚪᚦᛖᚱᚩᛗᚪᛋ,408
sicarius,23612,0,ᛋᛁᚳᚪᚱᛁᚢᛋ,292
toadyism,23603,0,ᛏᚩᚪᛞᚣᛁᛋᛗ,510
breastpin,23600,0,ᛒᚱᛠᛋᛏᛈᛁᚾ,396
manakins,23598,0,ᛗᚪᚾᚪᚳᛁᚾᛋ,420
laxities,23592,0,ᛚᚪᛉᛁᛏᛁᛖᛋ,458
tequilas,23581,0,ᛏᛖᚳᚹᛁᛚᚪᛋ,412
ciceroni,23581,0,ᚳᛁᚳᛖᚱᚩᚾᛁ,202
briskets,23581,0,ᛒᚱᛁᛋᚳᛖᛏᛋ,348
actinians,23574,0,ᚪᚳᛏᛁᚾᛡᚾᛋ,418
jaghires,23571,0,ᛂᚪᚷᚻᛁᚱᛖᛋ,336
lumpfish,23562,0,ᛚᚢᛗᛈᚠᛁᛋᚻ,299
mustachio,23559,0,ᛗᚢᛋᛏᚪᚳᚻᛡ,426
linefeed,23553,0,ᛚᛁᚾᛖᚠᛖᛖᛞ,425
pockmark,23528,0,ᛈᚩᚳᚳᛗᚪᚱᚳ,268
boursier,23524,0,ᛒᚩᚢᚱᛋᛁᛖᚱ,244
shimmies,23513,0,ᛋᚻᛁᛗᛗᛁᛖᛋ,400
swellest,23499,0,ᛋᚹᛖᛚᛚᛖᛋᛏ,464
beclouding,23499,0,ᛒᛖᚳᛚᚩᚢᛞᛝ,392
sepharad,23487,0,ᛋᛖᛈᚻᚪᚱᚪᛞ,480
hatboxes,23454,0,ᚻᚪᛏᛒᚩᛉᛖᛋ,414
utilizer,23449,0,ᚢᛏᛁᛚᛁᛋᛖᚱ,328
adiposis,23444,0,ᚪᛞᛁᛈᚩᛋᛁᛋ,404
spinneys,23442,0,ᛋᛈᛁᚾᚾᛖᚣᛋ,408
stropped,23439,0,ᛋᛏᚱᚩᛈᛈᛖᛞ,372
greisens,23439,0,ᚷᚱᛖᛁᛋᛖᚾᛋ,328
unjoined,23371,0,ᚢᚾᛂᚩᛁᚾᛖᛞ,292
forgather,23358,0,ᚠᚩᚱᚷᚪᚦᛖᚱ,217
woollies,23356,0,ᚹᚩᚩᛚᛚᛁᛖᛋ,330
asynergy,23352,0,ᚪᛋᚣᚾᛖᚱᚷᚣ,480
waveringly,23339,0,ᚹᚪᚢᛖᚱᛝᛚᚣ,452
ribstone,23338,0,ᚱᛁᛒᛋᛏᚩᚾᛖ,318
tepidity,23331,0,ᛏᛖᛈᛁᛞᛁᛏᚣ,482
scutages,23320,0,ᛋᚳᚢᛏᚪᚷᛖᛋ,362
vanishings,23319,0,ᚢᚪᚾᛁᛋᚻᛝᛋ,368
enchaining,23318,0,ᛖᚾᚳᚻᚪᛁᚾᛝ,368
monocled,23282,0,ᛗᚩᚾᚩᚳᛚᛖᛞ,356
ballistae,23264,0,ᛒᚪᛚᛚᛁᛋᛏᚫ,548
goalless,23263,0,ᚷᚩᚪᛚᛚᛖᛋᛋ,440
flyblown,23249,0,ᚠᛚᚣᛒᛚᚩᚹᚾ,367
adulated,23229,0,ᚪᛞᚢᛚᚪᛏᛖᛞ,574
nailheads,23223,0,ᚾᚪᛁᛚᚻᛠᛞᛋ,504
baseborn,23220,0,ᛒᚪᛋᛖᛒᚩᚱᚾ,386
spoliated,23219,0,ᛋᛈᚩᛚᛡᛏᛖᛞ,498
froufrou,23217,0,ᚠᚱᚩᚢᚠᚱᚩᚢ,46
mericarp,23213,0,ᛗᛖᚱᛁᚳᚪᚱᛈ,344
barabara,23201,0,ᛒᚪᚱᚪᛒᚪᚱᚪ,532
debriefs,23174,0,ᛞᛖᛒᚱᛁᛖᚠᛋ,381
sculpsit,23173,0,ᛋᚳᚢᛚᛈᛋᛁᛏ,328
latinizing,23170,0,ᛚᚪᛏᛁᚾᛁᛋᛝ,452
sparsest,23166,0,ᛋᛈᚪᚱᛋᛖᛋᛏ,436
rigidify,23148,0,ᚱᛁᚷᛁᛞᛁᚠᚣ,315
ethanediol,23147,0,ᛖᚦᚪᚾᛖᛞᛡᛚ,534
polypore,23138,0,ᛈᚩᛚᚣᛈᚩᚱᛖ,354
sanitate,23137,0,ᛋᚪᚾᛁᛏᚪᛏᛖ,492
limitary,23128,0,ᛚᛁᛗᛁᛏᚪᚱᚣ,476
pintados,23116,0,ᛈᛁᚾᛏᚪᛞᚩᛋ,408
embargoing,23116,0,ᛖᛗᛒᚪᚱᚷᚩᛝ,410
venusians,23112,0,ᚢᛖᚾᚢᛋᛡᚾᛋ,344
megapode,23109,0,ᛗᛖᚷᚪᛈᚩᛞᛖ,458
allegros,23107,0,ᚪᛚᛚᛖᚷᚱᚩᛋ,398
afforest,23105,0,ᚪᚠᚠᚩᚱᛖᛋᛏ,298
dialogued,23091,0,ᛞᛡᛚᚩᚷᚢᛖᛞ,452
rakehell,23089,0,ᚱᚪᚳᛖᚻᛖᛚᛚ,424
brigantia,23058,0,ᛒᚱᛁᚷᚪᚾᛏᛡ,412
botanising,23052,0,ᛒᚩᛏᚪᚾᛁᛋᛝ,416
phyllode,23048,0,ᛈᚻᚣᛚᛚᚩᛞᛖ,478
optimums,23047,0,ᚩᛈᛏᛁᛗᚢᛗᛋ,338
nihility,23039,0,ᚾᛁᚻᛁᛚᛁᛏᚣ,380
magnific,23022,0,ᛗᚪᚷᚾᛁᚠᛁᚳ,291
purloins,23016,0,ᛈᚢᚱᛚᚩᛁᚾᛋ,250
erythemas,23006,0,ᛖᚱᚣᚦᛖᛗᚪᛋ,474
roturier,22999,0,ᚱᚩᛏᚢᚱᛁᛖᚱ,200
exequies,22993,0,ᛖᛉᛖᚳᚹᛁᛖᛋ,364
querists,22978,0,ᚳᚹᛖᚱᛁᛋᛏᛋ,306
pitchmen,22965,0,ᛈᛁᛏᚳᚻᛗᛖᚾ,336
gingersnap,22959,0,ᚷᛝᛖᚱᛋᚾᚪᛈ,396
geologies,22948,0,ᚷᛇᛚᚩᚷᛁᛖᛋ,306
framboesia,22930,0,ᚠᚱᚪᛗᛒᛟᛋᛡ,485
foldaway,22924,0,ᚠᚩᛚᛞᚪᚹᚪᚣ,487
profaner,22920,0,ᛈᚱᚩᚠᚪᚾᛖᚱ,267
talapoin,22911,0,ᛏᚪᛚᚪᛈᚩᛁᚾ,436
claimers,22895,0,ᚳᛚᚪᛁᛗᛖᚱᛋ,416
depraves,22886,0,ᛞᛖᛈᚱᚪᚢᛖᛋ,430
haircare,22844,0,ᚻᚪᛁᚱᚳᚪᚱᛖ,350
purpuras,22835,0,ᛈᚢᚱᛈᚢᚱᚪᛋ,264
sortition,22801,0,ᛋᚩᚱᛏᛁᛏᛡᚾ,356
shadowings,22793,0,ᛋᚻᚪᛞᚩᚹᛝᛋ,420
stairhead,22788,0,ᛋᛏᚪᛁᚱᚻᛠᛞ,472
inducive,22777,0,ᛁᚾᛞᚢᚳᛁᚢᛖ,266
birdbaths,22764,0,ᛒᛁᚱᛞᛒᚪᚦᛋ,408
serbonian,22752,0,ᛋᛖᚱᛒᚩᚾᛡᚾ,364
revisals,22741,0,ᚱᛖᚢᛁᛋᚪᛚᛋ,388
demurral,22739,0,ᛞᛖᛗᚢᚱᚱᚪᛚ,422
pollocks,22737,0,ᛈᚩᛚᛚᚩᚳᚳᛋ,282
quaesitum,22722,0,ᚳᚹᚫᛋᛁᛏᚢᛗ,350
vincible,22721,0,ᚢᛁᚾᚳᛁᛒᛚᛖ,308
lustrate,22720,0,ᛚᚢᛋᛏᚱᚪᛏᛖ,422
pinealoma,22711,0,ᛈᛁᚾᛠᛚᚩᛗᚪ,460
kickoffs,22709,0,ᚳᛁᚳᚳᚩᚠᚠᛋ,134
truckled,22677,0,ᛏᚱᚢᚳᚳᛚᛖᛞ,328
townward,22673,0,ᛏᚩᚹᚾᚹᚪᚱᛞ,330
hurdlers,22665,0,ᚻᚢᚱᛞᛚᛖᚱᛋ,330
creodonts,22665,0,ᚳᚱᛇᛞᚩᚾᛏᛋ,302
foremilk,22652,0,ᚠᚩᚱᛖᛗᛁᛚᚳ,275
carouses,22645,0,ᚳᚪᚱᚩᚢᛋᛖᛋ,304
dustiest,22642,0,ᛞᚢᛋᛏᛁᛖᛋᛏ,414
crispins,22637,0,ᚳᚱᛁᛋᛈᛁᚾᛋ,264
dauphins,22633,0,ᛞᚪᚢᛈᚻᛁᚾᛋ,368
pedicabs,22631,0,ᛈᛖᛞᛁᚳᚪᛒᛋ,454
prettied,22629,0,ᛈᚱᛖᛏᛏᛁᛖᛞ,426
lovesome,22619,0,ᛚᚩᚢᛖᛋᚩᛗᛖ,348
whistlings,22608,0,ᚹᚻᛁᛋᛏᛚᛝᛋ,390
sportingly,22589,0,ᛋᛈᚩᚱᛏᛝᛚᚣ,428
reroutes,22582,0,ᚱᛖᚱᚩᚢᛏᛖᛋ,278
frenches,22580,0,ᚠᚱᛖᚾᚳᚻᛖᛋ,265
fetchingly,22570,0,ᚠᛖᛏᚳᚻᛝᛚᚣ,419
unlimber,22569,0,ᚢᚾᛚᛁᛗᛒᛖᚱ,346
samurais,22565,0,ᛋᚪᛗᚢᚱᚪᛁᛋ,416
actinism,22551,0,ᚪᚳᛏᛁᚾᛁᛋᛗ,384
deoxidize,22542,0,ᛞᛇᛉᛁᛞᛁᛋᛖ,448
bladdery,22532,0,ᛒᛚᚪᛞᛞᛖᚱᚣ,590
porbeagle,22438,0,ᛈᚩᚱᛒᛠᚷᛚᛖ,388
vitalise,22426,0,ᚢᛁᛏᚪᛚᛁᛋᛖ,414
fruitier,22415,0,ᚠᚱᚢᛁᛏᛁᛖᚱ,215
arillate,22411,0,ᚪᚱᛁᛚᛚᚪᛏᛖ,508
calypsos,22400,0,ᚳᚪᛚᚣᛈᛋᚩᛋ,442
handsful,22398,0,ᚻᚪᚾᛞᛋᚠᚢᛚ,369
oceanides,22389,0,ᚩᚳᛠᚾᛁᛞᛖᛋ,398
parhelion,22386,0,ᛈᚪᚱᚻᛖᛚᛡᚾ,450
prostyle,22385,0,ᛈᚱᚩᛋᛏᚣᛚᛖ,416
rehashes,22377,0,ᚱᛖᚻᚪᛋᚻᛖᛋ,394
hormonic,22376,0,ᚻᚩᚱᛗᚩᚾᛁᚳ,192
hoosegow,22354,0,ᚻᚩᚩᛋᛖᚷᚩᚹ,200
favorers,22353,0,ᚠᚪᚢᚩᚱᛖᚱᛋ,251
theologist,22351,0,ᚦᛇᛚᚩᚷᛁᛋᛏ,286
hindfeet,22351,0,ᚻᛁᚾᛞᚠᛖᛖᛏ,367
harefoot,22348,0,ᚻᚪᚱᛖᚠᚩᚩᛏ,273
canalise,22339,0,ᚳᚪᚾᚪᛚᛁᛋᛖ,460
camphors,22337,0,ᚳᚪᛗᛈᚻᚩᚱᛋ,318
cocottes,22333,0,ᚳᚩᚳᚩᛏᛏᛖᛋ,278
bistorta,22322,0,ᛒᛁᛋᛏᚩᚱᛏᚪ,378
incepted,22317,0,ᛁᚾᚳᛖᛈᛏᛖᛞ,398
stepdame,22314,0,ᛋᛏᛖᛈᛞᚪᛗᛖ,546
corpuses,22313,0,ᚳᚩᚱᛈᚢᛋᛖᛋ,250
mudsills,22297,0,ᛗᚢᛞᛋᛁᛚᛚᛋ,446
trampler,22281,0,ᛏᚱᚪᛗᛈᛚᛖᚱ,432
cowpokes,22279,0,ᚳᚩᚹᛈᚩᚳᛖᛋ,222
buffaloed,22263,0,ᛒᚢᚠᚠᚪᛚᛟᛞ,410
trenails,22262,0,ᛏᚱᛖᚾᚪᛁᛚᛋ,420
unstaged,22238,0,ᚢᚾᛋᛏᚪᚷᛖᛞ,414
abnegate,22223,0,ᚪᛒᚾᛖᚷᚪᛏᛖ,494
dandyish,22219,0,ᛞᚪᚾᛞᚣᛁᛋᚻ,514
timelier,22214,0,ᛏᛁᛗᛖᛚᛁᛖᚱ,410
rancours,22204,0,ᚱᚪᚾᚳᚩᚢᚱᛋ,224
queendom,22198,0,ᚳᚹᛖᛖᚾᛞᚩᛗ,362
falchions,22194,0,ᚠᚪᛚᚳᚻᛡᚾᛋ,397
listerian,22179,0,ᛚᛁᛋᛏᛖᚱᛡᚾ,430
vapourings,22175,0,ᚢᚪᛈᚩᚢᚱᛝᛋ,296
ammoniate,22171,0,ᚪᛗᛗᚩᚾᛡᛏᛖ,508
firesafe,22166,0,ᚠᛁᚱᛖᛋᚪᚠᛖ,330
naysayer,22164,0,ᚾᚪᚣᛋᚪᚣᛖᚱ,560
bookable,22161,0,ᛒᚩᚩᚳᚪᛒᛚᛖ,386
punsters,22148,0,ᛈᚢᚾᛋᛏᛖᚱᛋ,318
strobile,22123,0,ᛋᛏᚱᚩᛒᛁᛚᛖ,362
amyotonia,22121,0,ᚪᛗᚣᚩᛏᚩᚾᛡ,480
skyshine,22110,0,ᛋᚳᚣᛋᚻᛁᚾᛖ,372
claustra,22083,0,ᚳᛚᚪᚢᛋᛏᚱᚪ,406
unfetter,22076,0,ᚢᚾᚠᛖᛏᛏᛖᚱ,297
encrusts,22066,0,ᛖᚾᚳᚱᚢᛋᛏᛋ,288
dewclaws,22062,0,ᛞᛖᚹᚳᛚᚪᚹᛋ,430
unwooded,22048,0,ᚢᚾᚹᚩᚩᛞᛖᛞ,310
digitise,22040,0,ᛞᛁᚷᛁᛏᛁᛋᛖ,378
strutter,22034,0,ᛋᛏᚱᚢᛏᛏᛖᚱ,322
melinite,22017,0,ᛗᛖᛚᛁᚾᛁᛏᛖ,428
outfight,22015,0,ᚩᚢᛏᚠᛁᚷᚻᛏ,201
tutorage,21983,0,ᛏᚢᛏᚩᚱᚪᚷᛖ,320
hornwort,21969,0,ᚻᚩᚱᚾᚹᚩᚱᛏ,166
automats,21957,0,ᚪᚢᛏᚩᛗᚪᛏᛋ,446
chapatti,21948,0,ᚳᚻᚪᛈᚪᛏᛏᛁ,422
magicked,21943,0,ᛗᚪᚷᛁᚳᚳᛖᛞ,398
clerihew,21902,0,ᚳᛚᛖᚱᛁᚻᛖᚹ,304
bergeres,21872,0,ᛒᛖᚱᚷᛖᚱᛖᛋ,354
halidome,21861,0,ᚻᚪᛚᛁᛞᚩᛗᛖ,458
ophidians,21851,0,ᚩᛈᚻᛁᛞᛡᚾᛋ,382
hurrahed,21851,0,ᚻᚢᚱᚱᚪᚻᛖᛞ,324
quillaja,21835,0,ᚳᚹᛁᛚᛚᚪᛂᚪ,440
filtrating,21812,0,ᚠᛁᛚᛏᚱᚪᛏᛝ,411
palliasse,21809,0,ᛈᚪᛚᛚᛡᛋᛋᛖ,566
yataghan,21803,0,ᚣᚪᛏᚪᚷᚻᚪᚾ,522
potholder,21800,0,ᛈᚩᚦᚩᛚᛞᛖᚱ,302
undoable,21792,0,ᚢᚾᛞᚩᚪᛒᛚᛖ,426
negatron,21774,0,ᚾᛖᚷᚪᛏᚱᚩᚾ,316
fistular,21760,0,ᚠᛁᛋᛏᚢᛚᚪᚱ,329
aerophagia,21738,0,ᚫᚱᚩᛈᚻᚪᚷᛡ,406
mustelid,21729,0,ᛗᚢᛋᛏᛖᛚᛁᛞ,446
clayware,21728,0,ᚳᛚᚪᚣᚹᚪᚱᛖ,480
bedesmen,21707,0,ᛒᛖᛞᛖᛋᛗᛖᚾ,504
finespun,21706,0,ᚠᛁᚾᛖᛋᛈᚢᚾ,257
tinseled,21704,0,ᛏᛁᚾᛋᛖᛚᛖᛞ,468
leisures,21691,0,ᛚᛖᛁᛋᚢᚱᛖᛋ,358
botanize,21688,0,ᛒᚩᛏᚪᚾᛁᛋᛖ,404
dimities,21683,0,ᛞᛁᛗᛁᛏᛁᛖᛋ,432
meltable,21658,0,ᛗᛖᛚᛏᚪᛒᛚᛖ,568
ecumenic,21638,0,ᛖᚳᚢᛗᛖᚾᛁᚳ,294
soddened,21628,0,ᛋᚩᛞᛞᛖᚾᛖᛞ,490
fiftieths,21619,0,ᚠᛁᚠᛏᛁᛖᚦᛋ,250
nonstops,21611,0,ᚾᚩᚾᛋᛏᚩᛈᛋ,280
abatable,21603,0,ᚪᛒᚪᛏᚪᛒᛚᛖ,612
lampyris,21592,0,ᛚᚪᛗᛈᚣᚱᛁᛋ,482
ripeners,21589,0,ᚱᛁᛈᛖᚾᛖᚱᛋ,312
splasher,21583,0,ᛋᛈᛚᚪᛋᚻᛖᚱ,420
invocate,21578,0,ᛁᚾᚢᚩᚳᚪᛏᛖ,306
blastoff,21577,0,ᛒᛚᚪᛋᛏᚩᚠᚠ,354
bassetts,21559,0,ᛒᚪᛋᛋᛖᛏᛏᛋ,502
affusions,21539,0,ᚪᚠᚠᚢᛋᛡᚾᛋ,346
lamblike,21528,0,ᛚᚪᛗᛒᛚᛁᚳᛖ,486
tripodal,21512,0,ᛏᚱᛁᛈᚩᛞᚪᛚ,410
flouncings,21511,0,ᚠᛚᚩᚢᚾᚳᛝᛋ,259
barillas,21493,0,ᛒᚪᚱᛁᛚᛚᚪᛋ,496
aglauros,21473,0,ᚪᚷᛚᚪᚢᚱᚩᛋ,358
caesarians,21463,0,ᚳᚫᛋᚪᚱᛡᚾᛋ,464
pitahaya,21461,0,ᛈᛁᛏᚪᚻᚪᚣᚪ,550
epically,21432,0,ᛖᛈᛁᚳᚪᛚᛚᚣ,500
polander,21427,0,ᛈᚩᛚᚪᚾᛞᛖᚱ,416
dovecots,21426,0,ᛞᚩᚢᛖᚳᚩᛏᛋ,298
atavisms,21418,0,ᚪᛏᚪᚢᛁᛋᛗᛋ,464
pressgang,21391,0,ᛈᚱᛖᛋᛋᚷᚪᛝ,420
perruque,21384,0,ᛈᛖᚱᚱᚢᚳᚹᛖ,234
microbar,21377,0,ᛗᛁᚳᚱᚩᛒᚪᚱ,302
embroils,21337,0,ᛖᛗᛒᚱᚩᛁᛚᛋ,374
gadzooks,21335,0,ᚷᚪᛞᛋᚩᚩᚳᛋ,336
kibitzer,21330,0,ᚳᛁᛒᛁᛏᛋᛖᚱ,326
wheedles,21329,0,ᚹᚻᛖᛖᛞᛚᛖᛋ,458
terzetto,21315,0,ᛏᛖᚱᛋᛖᛏᛏᚩ,382
shivaree,21307,0,ᛋᚻᛁᚢᚪᚱᛖᛖ,352
hammerer,21302,0,ᚻᚪᛗᛗᛖᚱᛖᚱ,418
cheeringly,21283,0,ᚳᚻᛖᛖᚱᛝᛚᚣ,436
imbitter,21281,0,ᛁᛗᛒᛁᛏᛏᛖᚱ,390
wickiups,21257,0,ᚹᛁᚳᚳᛁᚢᛈᛋ,206
cambrians,21246,0,ᚳᚪᛗᛒᚱᛡᚾᛋ,442
assonant,21241,0,ᚪᛋᛋᚩᚾᚪᚾᛏ,424
welfares,21240,0,ᚹᛖᛚᚠᚪᚱᛖᛋ,389
prearrange,21236,0,ᛈᚱᛠᚱᚱᚪᛝᛖ,428
mouthpart,21234,0,ᛗᚩᚢᚦᛈᚪᚱᛏ,296
thornbill,21233,0,ᚦᚩᚱᚾᛒᛁᛚᛚ,290
boodlers,21216,0,ᛒᚩᚩᛞᛚᛖᚱᛋ,368
mossback,21180,0,ᛗᚩᛋᛋᛒᚪᚳᚳ,368
unaspiring,21179,0,ᚢᚾᚪᛋᛈᛁᚱᛝ,346
outmatch,21157,0,ᚩᚢᛏᛗᚪᛏᚳᚻ,332
filefish,21151,0,ᚠᛁᛚᛖᚠᛁᛋᚻ,282
rebutter,21140,0,ᚱᛖᛒᚢᛏᛏᛖᚱ,338
proxenos,21138,0,ᛈᚱᚩᛉᛖᚾᚩᛋ,264
fondants,21135,0,ᚠᚩᚾᛞᚪᚾᛏᛋ,365
echoless,21124,0,ᛖᚳᚻᚩᛚᛖᛋᛋ,356
garrotte,21119,0,ᚷᚪᚱᚱᚩᛏᛏᛖ,328
deoxidising,21115,0,ᛞᛇᛉᛁᛞᛁᛋᛝ,460
amyloids,21108,0,ᚪᛗᚣᛚᚩᛁᛞᛋ,524
mahicans,21090,0,ᛗᚪᚻᛁᚳᚪᚾᛋ,414
overwise,21089,0,ᚩᚢᛖᚱᚹᛁᛋᛖ,258
liverish,21070,0,ᛚᛁᚢᛖᚱᛁᛋᚻ,292
upsetter,21067,0,ᚢᛈᛋᛖᛏᛏᛖᚱ,362
chondrin,21056,0,ᚳᚻᚩᚾᛞᚱᛁᚾ,232
madwomen,21053,0,ᛗᚪᛞᚹᚩᛗᛖᚾ,450
beltways,21046,0,ᛒᛖᛚᛏᚹᚪᚣᛋ,532
marxisms,21008,0,ᛗᚪᚱᛉᛁᛋᛗᛋ,434
crispate,20989,0,ᚳᚱᛁᛋᛈᚪᛏᛖ,374
eyedness,20981,0,ᛖᚣᛖᛞᚾᛖᛋᛋ,528
buoyance,20976,0,ᛒᚢᚩᚣᚪᚾᚳᛖ,380
migrator,20961,0,ᛗᛁᚷᚱᚪᛏᚩᚱ,304
esterify,20945,0,ᛖᛋᛏᛖᚱᛁᚠᚣ,393
frenched,20929,0,ᚠᚱᛖᚾᚳᚻᛖᛞ,301
secondes,20928,0,ᛋᛖᚳᚩᚾᛞᛖᛋ,378
cementer,20913,0,ᚳᛖᛗᛖᚾᛏᛖᚱ,384
sleekest,20884,0,ᛋᛚᛖᛖᚳᛖᛋᛏ,452
heliopora,20874,0,ᚻᛖᛚᛡᛈᚩᚱᚪ,428
blossomy,20868,0,ᛒᛚᚩᛋᛋᚩᛗᚣ,428
reapplies,20853,0,ᚱᛠᛈᛈᛚᛁᛖᛋ,430
prolusion,20842,0,ᛈᚱᚩᛚᚢᛋᛡᚾ,326
basilicae,20837,0,ᛒᚪᛋᛁᛚᛁᚳᚫ,460
mistyped,20826,0,ᛗᛁᛋᛏᚣᛈᛖᛞ,516
tommyrot,20812,0,ᛏᚩᛗᛗᚣᚱᚩᛏ,388
grousers,20801,0,ᚷᚱᚩᚢᛋᛖᚱᛋ,222
babylons,20799,0,ᛒᚪᛒᚣᛚᚩᚾᛋ,484
nestable,20775,0,ᚾᛖᛋᛏᚪᛒᛚᛖ,506
languaged,20775,0,ᛚᚪᛝᚢᚪᚷᛖᛞ,522
jezebels,20749,0,ᛂᛖᛋᛖᛒᛖᛚᛋ,478
aganippe,20737,0,ᚪᚷᚪᚾᛁᛈᛈᛖ,424
quiverings,20717,0,ᚳᚹᛁᚢᛖᚱᛝᛋ,276
demonise,20713,0,ᛞᛖᛗᚩᚾᛁᛋᛖ,414
lustiest,20700,0,ᛚᚢᛋᛏᛁᛖᛋᛏ,398
stinkbug,20672,0,ᛋᛏᛁᚾᚳᛒᚢᚷ,266
chrysaor,20660,0,ᚳᚻᚱᚣᛋᚪᚩᚱ,318
tidemark,20643,0,ᛏᛁᛞᛖᛗᚪᚱᚳ,438
perioikoi,20630,0,ᛈᛖᚱᛡᛁᚳᚩᛁ,310
skewbald,20611,0,ᛋᚳᛖᚹᛒᚪᛚᛞ,472
mesotron,20605,0,ᛗᛖᛋᚩᛏᚱᚩᚾ,304
cremains,20599,0,ᚳᚱᛖᛗᚪᛁᚾᛋ,372
outfaced,20598,0,ᚩᚢᛏᚠᚪᚳᛖᛞ,337
chattily,20588,0,ᚳᚻᚪᛏᛏᛁᛚᚣ,458
bimbashi,20583,0,ᛒᛁᛗᛒᚪᛋᚻᛁ,428
chorally,20565,0,ᚳᚻᚩᚱᚪᛚᛚᚣ,400
vixenish,20561,0,ᚢᛁᛉᛖᚾᛁᛋᚻ,284
doggoned,20559,0,ᛞᚩᚷᚷᚩᚾᛖᛞ,322
prettify,20554,0,ᛈᚱᛖᛏᛏᛁᚠᚣ,375
entozoon,20531,0,ᛖᚾᛏᚩᛋᚩᚩᚾ,258
bacillar,20531,0,ᛒᚪᚳᛁᛚᛚᚪᚱ,456
leontiasis,20508,0,ᛚᛇᚾᛏᛡᛋᛁᛋ,446
egression,20497,0,ᛖᚷᚱᛖᛋᛋᛡᚾ,404
spousals,20492,0,ᛋᛈᚩᚢᛋᚪᛚᛋ,382
doctorial,20479,0,ᛞᚩᚳᛏᚩᚱᛡᛚ,366
bedframe,20478,0,ᛒᛖᛞᚠᚱᚪᛗᛖ,465
towardly,20467,0,ᛏᚩᚹᚪᚱᛞᛚᚣ,458
truckage,20465,0,ᛏᚱᚢᚳᚳᚪᚷᛖ,280
orphreys,20452,0,ᚩᚱᛈᚻᚱᛖᚣᛋ,318
misruled,20446,0,ᛗᛁᛋᚱᚢᛚᛖᛞ,398
tumidity,20442,0,ᛏᚢᛗᛁᛞᛁᛏᚣ,446
chalybes,20429,0,ᚳᚻᚪᛚᚣᛒᛖᛋ,490
flyspeck,20427,0,ᚠᛚᚣᛋᛈᛖᚳᚳ,367
oliverian,20425,0,ᚩᛚᛁᚢᛖᚱᛡᚾ,328
pochards,20420,0,ᛈᚩᚳᚻᚪᚱᛞᛋ,336
orchises,20407,0,ᚩᚱᚳᚻᛁᛋᛖᛋ,258
barracking,20404,0,ᛒᚪᚱᚱᚪᚳᚳᛝ,382
monocles,20385,0,ᛗᚩᚾᚩᚳᛚᛖᛋ,320
didynamia,20382,0,ᛞᛁᛞᚣᚾᚪᛗᛡ,616
ignitors,20376,0,ᛁᚷᚾᛁᛏᚩᚱᛋ,238
aciduric,20357,0,ᚪᚳᛁᛞᚢᚱᛁᚳ,288
physicking,20347,0,ᛈᚻᚣᛋᛁᚳᚳᛝ,358
deformer,20343,0,ᛞᛖᚠᚩᚱᛗᛖᚱ,325
crowders,20338,0,ᚳᚱᚩᚹᛞᛖᚱᛋ,270
tootsies,20336,0,ᛏᚩᚩᛏᛋᛁᛖᛋ,336
affirmer,20320,0,ᚪᚠᚠᛁᚱᛗᛖᚱ,292
syringeful,20314,0,ᛋᚣᚱᛝᛖᚠᚢᛚ,391
unlifted,20308,0,ᚢᚾᛚᛁᚠᛏᛖᛞ,353
tramplings,20302,0,ᛏᚱᚪᛗᛈᛚᛝᛋ,486
collogue,20291,0,ᚳᚩᛚᛚᚩᚷᚢᛖ,260
ocularly,20287,0,ᚩᚳᚢᛚᚪᚱᛚᚣ,380
geniture,20245,0,ᚷᛖᚾᛁᛏᚢᚱᛖ,284
airmails,20243,0,ᚪᛁᚱᛗᚪᛁᛚᛋ,464
moonseed,20238,0,ᛗᚩᚩᚾᛋᛖᛖᛞ,390
planeten,20237,0,ᛈᛚᚪᚾᛖᛏᛖᚾ,464
halcyons,20219,0,ᚻᚪᛚᚳᚣᚩᚾᛋ,398
panderer,20217,0,ᛈᚪᚾᛞᛖᚱᛖᚱ,414
utriculi,20192,0,ᚢᛏᚱᛁᚳᚢᛚᛁ,224
modishly,20178,0,ᛗᚩᛞᛁᛋᚻᛚᚣ,450
washhand,20176,0,ᚹᚪᛋᚻᚻᚪᚾᛞ,430
uncocked,20172,0,ᚢᚾᚳᚩᚳᚳᛖᛞ,234
whackers,20165,0,ᚹᚻᚪᚳᚳᛖᚱᛋ,296
parritch,20157,0,ᛈᚪᚱᚱᛁᛏᚳᚻ,288
spouters,20154,0,ᛋᛈᚩᚢᛏᛖᚱᛋ,296
shufflings,20132,0,ᛋᚻᚢᚠᚠᛚᛝᛋ,288
deadbolts,20116,0,ᛞᛠᛞᛒᚩᛚᛏᛋ,540
demounting,20102,0,ᛞᛖᛗᚩᚢᚾᛏᛝ,404
thirtieths,20081,0,ᚦᛁᚱᛏᛁᛖᚦᛋ,262
splurges,20079,0,ᛋᛈᛚᚢᚱᚷᛖᛋ,320
chiliarch,20078,0,ᚳᚻᛁᛚᛡᚱᚳᚻ,294
airbuses,20075,0,ᚪᛁᚱᛒᚢᛋᛖᛋ,376
bascinet,20065,0,ᛒᚪᛋᚳᛁᚾᛖᛏ,410
stopgaps,20058,0,ᛋᛏᚩᛈᚷᚪᛈᛋ,372
vestured,20049,0,ᚢᛖᛋᛏᚢᚱᛖᛞ,352
pappoose,20044,0,ᛈᚪᛈᛈᚩᚩᛋᛖ,360
drumfire,20043,0,ᛞᚱᚢᛗᚠᛁᚱᛖ,285
archaeans,20043,0,ᚪᚱᚳᚻᚫᚪᚾᛋ,424
abetters,20020,0,ᚪᛒᛖᛏᛏᛖᚱᛋ,474
orbitale,20009,0,ᚩᚱᛒᛁᛏᚪᛚᛖ,406
trottoir,20000,0,ᛏᚱᚩᛏᛏᚩᛁᚱ,244
unrepining,19992,0,ᚢᚾᚱᛖᛈᛁᚾᛝ,292
funnyman,19989,0,ᚠᚢᚾᚾᚣᛗᚪᚾ,363
abradant,19970,0,ᚪᛒᚱᚪᛞᚪᚾᛏ,540
bucketed,19957,0,ᛒᚢᚳᚳᛖᛏᛖᛞ,372
sprights,19955,0,ᛋᛈᚱᛁᚷᚻᛏᛋ,290
glamours,19953,0,ᚷᛚᚪᛗᚩᚢᚱᛋ,332
tyroleans,19935,0,ᛏᚣᚱᚩᛚᛠᚾᛋ,444
gastaldo,19928,0,ᚷᚪᛋᛏᚪᛚᛞᚩ,492
blaeberry,19897,0,ᛒᛚᚫᛒᛖᚱᚱᚣ,488
focalize,19894,0,ᚠᚩᚳᚪᛚᛁᛋᛖ,343
ayenbite,19876,0,ᚪᚣᛖᚾᛒᛁᛏᛖ,514
squarest,19859,0,ᛋᚳᚹᚪᚱᛖᛋᛏ,372
cindered,19859,0,ᚳᛁᚾᛞᛖᚱᛖᛞ,396
heelless,19844,0,ᚻᛖᛖᛚᛚᛖᛋᛋ,476
memoried,19829,0,ᛗᛖᛗᚩᚱᛁᛖᛞ,414
remarker,19825,0,ᚱᛖᛗᚪᚱᚳᛖᚱ,348
piousness,19821,0,ᛈᛡᚢᛋᚾᛖᛋᛋ,408
unsanded,19819,0,ᚢᚾᛋᚪᚾᛞᛖᛞ,456
calamite,19816,0,ᚳᚪᛚᚪᛗᛁᛏᛖ,508
stanhopea,19802,0,ᛋᛏᚪᚾᚻᚩᛈᛠ,420
executer,19790,0,ᛖᛉᛖᚳᚢᛏᛖᚱ,334
pollywog,19786,0,ᛈᚩᛚᛚᚣᚹᚩᚷ,342
locomote,19772,0,ᛚᚩᚳᚩᛗᚩᛏᛖ,304
creepier,19755,0,ᚳᚱᛖᛖᛈᛁᛖᚱ,310
metamere,19705,0,ᛗᛖᛏᚪᛗᛖᚱᛖ,510
stickily,19688,0,ᛋᛏᛁᚳᚳᛁᛚᚣ,376
methodizing,19682,0,ᛗᛖᚦᚩᛞᛁᛋᛝ,402
hollower,19679,0,ᚻᚩᛚᛚᚩᚹᛖᚱ,280
girasole,19678,0,ᚷᛁᚱᚪᛋᚩᛚᛖ,356
anagnost,19677,0,ᚪᚾᚪᚷᚾᚩᛋᛏ,388
dankness,19673,0,ᛞᚪᚾᚳᚾᛖᛋᛋ,430
trabeated,19672,0,ᛏᚱᚪᛒᛠᛏᛖᛞ,552
surmisings,19667,0,ᛋᚢᚱᛗᛁᛋᛝᛋ,354
chirrups,19646,0,ᚳᚻᛁᚱᚱᚢᛈᛋ,188
manhunts,19639,0,ᛗᚪᚾᚻᚢᚾᛏᛋ,364
untender,19634,0,ᚢᚾᛏᛖᚾᛞᛖᚱ,354
burgonet,19629,0,ᛒᚢᚱᚷᚩᚾᛖᛏ,254
poorwill,19624,0,ᛈᚩᚩᚱᚹᛁᛚᛚ,264
redbelly,19614,0,ᚱᛖᛞᛒᛖᛚᛚᚣ,544
ensconcing,19607,0,ᛖᚾᛋᚳᚩᚾᚳᛝ,290
portugee,19595,0,ᛈᚩᚱᛏᚢᚷᛖᛖ,274
overworn,19582,0,ᚩᚢᛖᚱᚹᚩᚱᚾ,154
verdancy,19576,0,ᚢᛖᚱᛞᚪᚾᚳᚣ,412
birthwort,19565,0,ᛒᛁᚱᚦᚹᚩᚱᛏ,204
telphers,19555,0,ᛏᛖᛚᛈᚻᛖᚱᛋ,396
milldams,19554,0,ᛗᛁᛚᛚᛞᚪᛗᛋ,558
reboiled,19551,0,ᚱᛖᛒᚩᛁᛚᛖᛞ,406
plaudite,19532,0,ᛈᛚᚪᚢᛞᛁᛏᛖ,462
misspend,19521,0,ᛗᛁᛋᛋᛈᛖᚾᛞ,436
unkissed,19507,0,ᚢᚾᚳᛁᛋᛋᛖᛞ,338
chunkier,19507,0,ᚳᚻᚢᚾᚳᛁᛖᚱ,190
pessimum,19497,0,ᛈᛖᛋᛋᛁᛗᚢᛗ,392
damosels,19480,0,ᛞᚪᛗᚩᛋᛖᛚᛋ,510
grandfer,19477,0,ᚷᚱᚪᚾᛞᚠᛖᚱ,323
sportier,19476,0,ᛋᛈᚩᚱᛏᛁᛖᚱ,282
quidnunc,19476,0,ᚳᚹᛁᛞᚾᚢᚾᚳ,226
mouthless,19471,0,ᛗᚩᚢᚦᛚᛖᛋᛋ,332
horsebox,19471,0,ᚻᚩᚱᛋᛖᛒᚩᛉ,276
arciform,19470,0,ᚪᚱᚳᛁᚠᚩᚱᛗ,243
bluchers,19463,0,ᛒᛚᚢᚳᚻᛖᚱᛋ,304
rubbishing,19458,0,ᚱᚢᛒᛒᛁᛋᚻᛝ,322
gusseted,19450,0,ᚷᚢᛋᛋᛖᛏᛖᛞ,408
quietens,19445,0,ᚳᚹᛁᛖᛏᛖᚾᛋ,338
shrublet,19441,0,ᛋᚻᚱᚢᛒᛚᛖᛏ,350
unatoned,19422,0,ᚢᚾᚪᛏᚩᚾᛖᛞ,380
overarch,19419,0,ᚩᚢᛖᚱᚪᚱᚳᚻ,232
sinapism,19396,0,ᛋᛁᚾᚪᛈᛁᛋᛗ,408
beastlike,19391,0,ᛒᛠᛋᛏᛚᛁᚳᛖ,466
fosterling,19379,0,ᚠᚩᛋᛏᛖᚱᛚᛝ,351
bunodont,19361,0,ᛒᚢᚾᚩᛞᚩᚾᛏ,284
ventouse,19351,0,ᚢᛖᚾᛏᚩᚢᛋᛖ,288
forsythias,19343,0,ᚠᚩᚱᛋᚣᚦᛡᛋ,341
cubicula,19342,0,ᚳᚢᛒᛁᚳᚢᛚᚪ,294
cowberry,19330,0,ᚳᚩᚹᛒᛖᚱᚱᚣ,292
summerly,19316,0,ᛋᚢᛗᛗᛖᚱᛚᚣ,452
untoothed,19315,0,ᚢᚾᛏᚩᚩᚦᛖᛞ,266
corrette,19305,0,ᚳᚩᚱᚱᛖᛏᛏᛖ,294
palimony,19300,0,ᛈᚪᛚᛁᛗᚩᚾᚣ,454
calimala,19296,0,ᚳᚪᛚᛁᛗᚪᛚᚪ,552
solderer,19272,0,ᛋᚩᛚᛞᛖᚱᛖᚱ,378
barflies,19267,0,ᛒᚪᚱᚠᛚᛁᛖᛋ,395
frissons,19266,0,ᚠᚱᛁᛋᛋᚩᚾᛋ,239
lithesome,19253,0,ᛚᛁᚦᛖᛋᚩᛗᛖ,374
nobelium,19245,0,ᚾᚩᛒᛖᛚᛁᚢᛗ,342
repaints,19242,0,ᚱᛖᛈᚪᛁᚾᛏᛋ,390
cernuous,19233,0,ᚳᛖᚱᚾᚢᚩᚢᛋ,186
dragnets,19227,0,ᛞᚱᚪᚷᚾᛖᛏᛋ,422
spinally,19215,0,ᛋᛈᛁᚾᚪᛚᛚᚣ,502
bacchant,19214,0,ᛒᚪᚳᚳᚻᚪᚾᛏ,392
comelier,19199,0,ᚳᚩᛗᛖᛚᛁᛖᚱ,340
mothproof,19195,0,ᛗᚩᚦᛈᚱᚩᚩᚠ,153
dishpans,19193,0,ᛞᛁᛋᚻᛈᚪᚾᛋ,418
pleonaste,19180,0,ᛈᛚᛇᚾᚪᛋᛏᛖ,462
covetise,19180,0,ᚳᚩᚢᛖᛏᛁᛋᛖ,300
akinesis,19163,0,ᚪᚳᛁᚾᛖᛋᛁᛋ,374
maltreats,19159,0,ᛗᚪᛚᛏᚱᛠᛏᛋ,532
intitule,19139,0,ᛁᚾᛏᛁᛏᚢᛚᛖ,352
milkless,19133,0,ᛗᛁᛚᚳᛚᛖᛋᛋ,434
packsack,19117,0,ᛈᚪᚳᚳᛋᚪᚳᚳ,342
muscadel,19116,0,ᛗᚢᛋᚳᚪᛞᛖᛚ,466
messiest,19102,0,ᛗᛖᛋᛋᛁᛖᛋᛏ,454
potables,19098,0,ᛈᚩᛏᚪᛒᛚᛖᛋ,460
birthless,19088,0,ᛒᛁᚱᚦᛚᛖᛋᛋ,354
outscore,19072,0,ᚩᚢᛏᛋᚳᚩᚱᛖ,220
squeakers,19068,0,ᛋᚳᚹᛠᚳᛖᚱᛋ,338
therapsid,19062,0,ᚦᛖᚱᚪᛈᛋᛁᛞ,396
soapweed,19061,0,ᛋᚩᚪᛈᚹᛖᛖᛞ,442
crabwise,19049,0,ᚳᚱᚪᛒᚹᛁᛋᛖ,352
fraudful,19041,0,ᚠᚱᚪᚢᛞᚠᚢᛚ,280
ingestible,19036,0,ᛝᛖᛋᛏᛁᛒᛚᛖ,490
hotspurs,19035,0,ᚻᚩᛏᛋᛈᚢᚱᛋ,252
pismires,19022,0,ᛈᛁᛋᛗᛁᚱᛖᛋ,360
romanize,19016,0,ᚱᚩᛗᚪᚾᛁᛋᛖ,366
tallymen,19012,0,ᛏᚪᛚᛚᚣᛗᛖᚾ,572
unchurch,19006,0,ᚢᚾᚳᚻᚢᚱᚳᚻ,118
unwetted,19005,0,ᚢᚾᚹᛖᛏᛏᛖᛞ,392
overdrew,19001,0,ᚩᚢᛖᚱᛞᚱᛖᚹ,274
miscasting,18996,0,ᛗᛁᛋᚳᚪᛋᛏᛝ,456
enameler,18992,0,ᛖᚾᚪᛗᛖᛚᛖᚱ,482
ungroomed,18976,0,ᚢᛝᚱᚩᚩᛗᛖᛞ,334
dasheens,18975,0,ᛞᚪᛋᚻᛖᛖᚾᛋ,478
mantelet,18973,0,ᛗᚪᚾᛏᛖᛚᛖᛏ,522
supermom,18969,0,ᛋᚢᛈᛖᚱᛗᚩᛗ,326
furbelow,18964,0,ᚠᚢᚱᛒᛖᛚᚩᚹ,243
syntonin,18963,0,ᛋᚣᚾᛏᚩᚾᛁᚾ,340
crippler,18960,0,ᚳᚱᛁᛈᛈᛚᛖᚱ,292
rigadoon,18956,0,ᚱᛁᚷᚪᛞᚩᚩᚾ,288
unlicked,18939,0,ᚢᚾᛚᛁᚳᚳᛖᛞ,318
cynodont,18926,0,ᚳᚣᚾᚩᛞᚩᚾᛏ,336
demavend,18922,0,ᛞᛖᛗᚪᚢᛖᚾᛞ,512
sloppier,18918,0,ᛋᛚᚩᛈᛈᛁᛖᚱ,328
sunrooms,18917,0,ᛋᚢᚾᚱᚩᚩᛗᛋ,234
pencilings,18901,0,ᛈᛖᚾᚳᛁᛚᛝᛋ,388
chimbley,18898,0,ᚳᚻᛁᛗᛒᛚᛖᚣ,442
achernar,18892,0,ᚪᚳᚻᛖᚱᚾᚪᚱ,348
offloads,18891,0,ᚩᚠᚠᛚᚩᚪᛞᛋ,330
attrited,18886,0,ᚪᛏᛏᚱᛁᛏᛖᛞ,472
skimpily,18878,0,ᛋᚳᛁᛗᛈᛁᛚᚣ,418
owlglass,18863,0,ᚩᚹᛚᚷᛚᚪᛋᛋ,392
browallia,18857,0,ᛒᚱᚩᚹᚪᛚᛚᛡ,448
hexandria,18855,0,ᚻᛖᛉᚪᚾᛞᚱᛡ,470
borecole,18855,0,ᛒᚩᚱᛖᚳᚩᛚᛖ,306
motorize,18819,0,ᛗᚩᛏᚩᚱᛁᛋᛖ,306
araguaya,18795,0,ᚪᚱᚪᚷᚢᚪᚣᚪ,522
heliopsis,18787,0,ᚻᛖᛚᛡᛈᛋᛁᛋ,450
elkhound,18787,0,ᛖᛚᚳᚻᚩᚢᚾᛞ,304
whiffler,18775,0,ᚹᚻᛁᚠᚠᛚᛖᚱ,228
berberry,18773,0,ᛒᛖᚱᛒᛖᚱᚱᚣ,392
islamite,18751,0,ᛁᛋᛚᚪᛗᛁᛏᛖ,482
shinnied,18749,0,ᛋᚻᛁᚾᚾᛁᛖᛞ,352
caracole,18732,0,ᚳᚪᚱᚪᚳᚩᛚᛖ,378
snuggest,18731,0,ᛋᚾᚢᚷᚷᛖᛋᛏ,298
tamperings,18722,0,ᛏᚪᛗᛈᛖᚱᛝᛋ,480
foldouts,18707,0,ᚠᚩᛚᛞᚩᚢᛏᛋ,293
handfast,18703,0,ᚻᚪᚾᛞᚠᚪᛋᛏ,449
walkmans,18702,0,ᚹᚪᛚᚳᛗᚪᚾᛋ,452
outsoles,18700,0,ᚩᚢᛏᛋᚩᛚᛖᛋ,322
galluses,18689,0,ᚷᚪᛚᛚᚢᛋᛖᛋ,436
slammers,18663,0,ᛋᛚᚪᛗᛗᛖᚱᛋ,496
holdalls,18659,0,ᚻᚩᛚᛞᚪᛚᛚᛋ,488
arizonian,18655,0,ᚪᚱᛁᛋᚩᚾᛡᚾ,364
scarabee,18644,0,ᛋᚳᚪᚱᚪᛒᛖᛖ,466
nobelist,18641,0,ᚾᚩᛒᛖᛚᛁᛋᛏ,380
fruitlet,18623,0,ᚠᚱᚢᛁᛏᛚᛖᛏ,305
arbalest,18611,0,ᚪᚱᛒᚪᛚᛖᛋᛏ,518
airwomen,18603,0,ᚪᛁᚱᚹᚩᛗᛖᚾ,332
mugshots,18580,0,ᛗᚢᚷᛋᚻᚩᛏᛋ,286
undersong,18551,0,ᚢᚾᛞᛖᚱᛋᚩᛝ,338
riptides,18548,0,ᚱᛁᛈᛏᛁᛞᛖᛋ,384
bifoliate,18543,0,ᛒᛁᚠᚩᛚᛡᛏᛖ,407
stirless,18524,0,ᛋᛏᛁᚱᛚᛖᛋᛋ,400
chequering,18507,0,ᚳᚻᛖᚳᚹᛖᚱᛝ,292
dilative,18499,0,ᛞᛁᛚᚪᛏᛁᚢᛖ,450
remorses,18493,0,ᚱᛖᛗᚩᚱᛋᛖᛋ,340
diamonded,18491,0,ᛞᛡᛗᚩᚾᛞᛖᛞ,548
postcava,18486,0,ᛈᚩᛋᛏᚳᚪᚢᚪ,372
violaters,18479,0,ᚢᛡᛚᚪᛏᛖᚱᛋ,470
stoniest,18468,0,ᛋᛏᚩᚾᛁᛖᛋᛏ,358
yammered,18455,0,ᚣᚪᛗᛗᛖᚱᛖᛞ,576
embroglio,18443,0,ᛖᛗᛒᚱᚩᚷᛚᛡ,414
fumblingly,18437,0,ᚠᚢᛗᛒᛚᛝᛚᚣ,465
apologias,18422,0,ᚪᛈᚩᛚᚩᚷᛡᛋ,404
nirvanic,18415,0,ᚾᛁᚱᚢᚪᚾᛁᚳ,244
calumets,18414,0,ᚳᚪᛚᚢᛗᛖᛏᛋ,436
sanguines,18410,0,ᛋᚪᛝᚢᛁᚾᛖᛋ,412
martially,18381,0,ᛗᚪᚱᛏᛡᛚᛚᚣ,594
toothwort,18372,0,ᛏᚩᚩᚦᚹᚩᚱᛏ,174
outranged,18372,0,ᚩᚢᛏᚱᚪᛝᛖᛞ,412
peripety,18357,0,ᛈᛖᚱᛁᛈᛖᛏᚣ,424
autoecious,18352,0,ᚪᚢᛏᛟᚳᛡᚢᛋ,418
slobbers,18311,0,ᛋᛚᚩᛒᛒᛖᚱᛋ,386
sciaenids,18307,0,ᛋᚳᛡᛖᚾᛁᛞᛋ,442
moldered,18298,0,ᛗᚩᛚᛞᛖᚱᛖᛞ,474
risottos,18293,0,ᚱᛁᛋᚩᛏᛏᚩᛋ,280
rapparee,18288,0,ᚱᚪᛈᛈᚪᚱᛖᛖ,436
raisable,18246,0,ᚱᚪᛁᛋᚪᛒᛚᛖ,490
inboards,18232,0,ᛁᚾᛒᚩᚪᚱᛞᛋ,378
botryoid,18225,0,ᛒᚩᛏᚱᚣᚩᛁᛞ,368
aglitter,18220,0,ᚪᚷᛚᛁᛏᛏᛖᚱ,414
savories,18199,0,ᛋᚪᚢᚩᚱᛁᛖᛋ,322
coronate,18197,0,ᚳᚩᚱᚩᚾᚪᛏᛖ,290
unsliced,18185,0,ᚢᚾᛋᛚᛁᚳᛖᛞ,358
teocallis,18172,0,ᛏᛇᚳᚪᛚᛚᛁᛋ,440
zaniness,18168,0,ᛋᚪᚾᛁᚾᛖᛋᛋ,412
defenced,18167,0,ᛞᛖᚠᛖᚾᚳᛖᛞ,423
franglais,18161,0,ᚠᚱᚪᛝᛚᚪᛁᛋ,443
dourness,18161,0,ᛞᚩᚢᚱᚾᛖᛋᛋ,312
cudgeled,18156,0,ᚳᚢᛞᚷᛖᛚᛖᛞ,418
plumpers,18150,0,ᛈᛚᚢᛗᛈᛖᚱᛋ,364
sextilis,18129,0,ᛋᛖᛉᛏᛁᛚᛁᛋ,414
squelchy,18124,0,ᛋᚳᚹᛖᛚᚳᚻᚣ,364
theologize,18116,0,ᚦᛇᛚᚩᚷᛁᛋᛖ,294
calcanei,18108,0,ᚳᚪᛚᚳᚪᚾᛖᛁ,420
millettia,18100,0,ᛗᛁᛚᛚᛖᛏᛏᛡ,540
curraghs,18089,0,ᚳᚢᚱᚱᚪᚷᚻᛋ,228
huggable,18088,0,ᚻᚢᚷᚷᚪᛒᛚᛖ,358
misdemean,18059,0,ᛗᛁᛋᛞᛖᛗᛠᚾ,520
unifilar,18051,0,ᚢᚾᛁᚠᛁᛚᚪᚱ,277
placates,18049,0,ᛈᛚᚪᚳᚪᛏᛖᛋ,502
midriffs,18046,0,ᛗᛁᛞᚱᛁᚠᚠᛋ,290
backbend,18039,0,ᛒᚪᚳᚳᛒᛖᚾᛞ,430
recreants,18036,0,ᚱᛖᚳᚱᛠᚾᛏᛋ,352
morellos,18036,0,ᛗᚩᚱᛖᛚᛚᚩᛋ,362
overgrew,18009,0,ᚩᚢᛖᚱᚷᚱᛖᚹ,202
infields,18004,0,ᛁᚾᚠᛁᛖᛚᛞᛋ,375
calivers,18000,0,ᚳᚪᛚᛁᚢᛖᚱᛋ,348
cellared,17995,0,ᚳᛖᛚᛚᚪᚱᛖᛞ,490
snowiest,17990,0,ᛋᚾᚩᚹᛁᛖᛋᛏ,318
antecede,17973,0,ᚪᚾᛏᛖᚳᛖᛞᛖ,488
strickle,17944,0,ᛋᛏᚱᛁᚳᚳᛚᛖ,320
johannean,17921,0,ᛂᚩᚻᚪᚾᚾᛠᚾ,360
aquanaut,17915,0,ᚪᚳᚹᚪᚾᚪᚢᛏ,414
unshapen,17913,0,ᚢᚾᛋᚻᚪᛈᛖᚾ,344
creodonta,17907,0,ᚳᚱᛇᛞᚩᚾᛏᚪ,346
sunroofs,17900,0,ᛋᚢᚾᚱᚩᚩᚠᛋ,165
aerobiosis,17891,0,ᚫᚱᚩᛒᛡᛋᛁᛋ,424
bastiles,17890,0,ᛒᚪᛋᛏᛁᛚᛖᛋ,494
latchets,17889,0,ᛚᚪᛏᚳᚻᛖᛏᛋ,444
engrosser,17889,0,ᛖᛝᚱᚩᛋᛋᛖᚱ,348
diemaker,17886,0,ᛞᛁᛖᛗᚪᚳᛖᚱ,446
orreries,17878,0,ᚩᚱᚱᛖᚱᛁᛖᛋ,258
unwasted,17865,0,ᚢᚾᚹᚪᛋᛏᛖᛞ,416
unbribed,17863,0,ᚢᚾᛒᚱᛁᛒᛖᛞ,352
uniovular,17844,0,ᚢᚾᛡᚢᚢᛚᚪᚱ,326
popishly,17831,0,ᛈᚩᛈᛁᛋᚻᛚᚣ,376
acrogens,17830,0,ᚪᚳᚱᚩᚷᛖᚾᛋ,294
unbearded,17820,0,ᚢᚾᛒᛠᚱᛞᛖᛞ,458
leucadian,17820,0,ᛚᛖᚢᚳᚪᛞᛡᚾ,478
acridium,17811,0,ᚪᚳᚱᛁᛞᛁᚢᛗ,346
acanthoma,17805,0,ᚪᚳᚪᚾᚦᚩᛗᚪ,416
redrafts,17787,0,ᚱᛖᛞᚱᚪᚠᛏᛋ,389
firebugs,17769,0,ᚠᛁᚱᛖᛒᚢᚷᛋ,245
perigone,17756,0,ᛈᛖᚱᛁᚷᚩᚾᛖ,272
frondeur,17752,0,ᚠᚱᚩᚾᛞᛖᚢᚱ,219
debouche,17748,0,ᛞᛖᛒᚩᚢᚳᚻᛖ,330
triplice,17742,0,ᛏᚱᛁᛈᛚᛁᚳᛖ,328
angleworm,17742,0,ᚪᛝᛚᛖᚹᚩᚱᛗ,424
airholes,17735,0,ᚪᛁᚱᚻᚩᛚᛖᛋ,362
swappers,17727,0,ᛋᚹᚪᛈᛈᛖᚱᛋ,386
cenobite,17715,0,ᚳᛖᚾᚩᛒᛁᛏᛖ,334
qualmish,17714,0,ᚳᚹᚪᛚᛗᛁᛋᚻ,380
hypaethral,17712,0,ᚻᚣᛈᚫᚦᚱᚪᛚ,456
unscared,17700,0,ᚢᚾᛋᚳᚪᚱᛖᛞ,362
recreancy,17694,0,ᚱᛖᚳᚱᛠᚾᚳᚣ,356
rawhides,17692,0,ᚱᚪᚹᚻᛁᛞᛖᛋ,390
boneheads,17669,0,ᛒᚩᚾᛖᚻᛠᛞᛋ,438
secludes,17661,0,ᛋᛖᚳᛚᚢᛞᛖᛋ,418
vivisect,17658,0,ᚢᛁᚢᛁᛋᛖᚳᛏ,260
bravadoes,17654,0,ᛒᚱᚪᚢᚪᛞᛟᛋ,494
chicanes,17640,0,ᚳᚻᛁᚳᚪᚾᛖᛋ,326
gownsman,17622,0,ᚷᚩᚹᚾᛋᛗᚪᚾ,322
waterish,17619,0,ᚹᚪᛏᛖᚱᛁᛋᚻ,360
mestizas,17593,0,ᛗᛖᛋᛏᛁᛋᚪᛋ,484
slyboots,17583,0,ᛋᛚᚣᛒᚩᚩᛏᛋ,416
pinguecula,17567,0,ᛈᛝᚢᛖᚳᚢᛚᚪ,378
highboys,17559,0,ᚻᛁᚷᚻᛒᚩᚣᛋ,318
frogmouth,17557,0,ᚠᚱᚩᚷᛗᚩᚢᚦ,123
somewhen,17553,0,ᛋᚩᛗᛖᚹᚻᛖᚾ,336
unmended,17532,0,ᚢᚾᛗᛖᚾᛞᛖᛞ,444
cumulous,17529,0,ᚳᚢᛗᚢᛚᚩᚢᛋ,226
saneness,17515,0,ᛋᚪᚾᛖᚾᛖᛋᛋ,448
barkless,17512,0,ᛒᚪᚱᚳᛚᛖᛋᛋ,428
helvella,17507,0,ᚻᛖᛚᚢᛖᛚᛚᚪ,476
strainings,17505,0,ᛋᛏᚱᚪᛁᚾᛝᛋ,412
aoristic,17503,0,ᚪᚩᚱᛁᛋᛏᛁᚳ,302
bonspiel,17501,0,ᛒᚩᚾᛋᛈᛁᛖᛚ,364
defrayal,17499,0,ᛞᛖᚠᚱᚪᚣᚪᛚ,539
lantanas,17487,0,ᛚᚪᚾᛏᚪᚾᚪᛋ,534
murkiest,17453,0,ᛗᚢᚱᚳᛁᛖᛋᛏ,308
grouches,17444,0,ᚷᚱᚩᚢᚳᚻᛖᛋ,194
cornopean,17433,0,ᚳᚩᚱᚾᚩᛈᛠᚾ,248
rightism,17418,0,ᚱᛁᚷᚻᛏᛁᛋᛗ,296
chickening,17395,0,ᚳᚻᛁᚳᚳᛖᚾᛝ,268
dieresis,17394,0,ᛞᛁᛖᚱᛖᛋᛁᛋ,402
polymaths,17390,0,ᛈᚩᛚᚣᛗᚪᚦᛋ,452
imbruted,17390,0,ᛁᛗᛒᚱᚢᛏᛖᛞ,392
laconism,17389,0,ᛚᚪᚳᚩᚾᛁᛋᛗ,374
fibrilla,17369,0,ᚠᛁᛒᚱᛁᛚᛚᚪ,379
caterans,17368,0,ᚳᚪᛏᛖᚱᚪᚾᛋ,426
dustpans,17367,0,ᛞᚢᛋᛏᛈᚪᚾᛋ,426
zoophilia,17359,0,ᛋᚩᚩᛈᚻᛁᛚᛡ,344
hangnails,17336,0,ᚻᚪᛝᚾᚪᛁᛚᛋ,482
camphine,17297,0,ᚳᚪᛗᛈᚻᛁᚾᛖ,374
birdcall,17295,0,ᛒᛁᚱᛞᚳᚪᛚᛚ,448
arborize,17290,0,ᚪᚱᛒᚩᚱᛁᛋᛖ,338
misleader,17288,0,ᛗᛁᛋᛚᛠᛞᛖᚱ,504
butanols,17272,0,ᛒᚢᛏᚪᚾᚩᛚᛋ,382
puerpera,17264,0,ᛈᚢᛖᚱᛈᛖᚱᚪ,342
undecent,17261,0,ᚢᚾᛞᛖᚳᛖᚾᛏ,356
pigskins,17237,0,ᛈᛁᚷᛋᚳᛁᚾᛋ,270
brazened,17237,0,ᛒᚱᚪᛋᛖᚾᛖᛞ,474
instancy,17236,0,ᛁᚾᛋᛏᚪᚾᚳᚣ,414
cruppers,17215,0,ᚳᚱᚢᛈᛈᛖᚱᛋ,244
comprest,17208,0,ᚳᚩᛗᛈᚱᛖᛋᛏ,324
doloroso,17198,0,ᛞᚩᛚᚩᚱᚩᛋᚩ,254
irishism,17195,0,ᛁᚱᛁᛋᚻᛁᛋᛗ,304
panellings,17193,0,ᛈᚪᚾᛖᛚᛚᛝᛋ,514
maligner,17193,0,ᛗᚪᛚᛁᚷᚾᛖᚱ,396
danegelt,17191,0,ᛞᚪᚾᛖᚷᛖᛚᛏ,498
earthlight,17178,0,ᛠᚱᚦᛚᛁᚷᚻᛏ,328
unsnapping,17170,0,ᚢᚾᛋᚾᚪᛈᛈᛝ,376
pandemos,17170,0,ᛈᚪᚾᛞᛖᛗᚩᛋ,456
tetragon,17159,0,ᛏᛖᛏᚱᚪᚷᚩᚾ,346
changeably,17151,0,ᚳᚻᚪᛝᛠᛒᛚᚣ,558
spottily,17146,0,ᛋᛈᚩᛏᛏᛁᛚᚣ,428
stringlike,17145,0,ᛋᛏᚱᛝᛚᛁᚳᛖ,386
weregild,17139,0,ᚹᛖᚱᛖᚷᛁᛚᛞ,374
escalope,17138,0,ᛖᛋᚳᚪᛚᚩᛈᛖ,420
beckonings,17137,0,ᛒᛖᚳᚳᚩᚾᛝᛋ,322
unlashed,17119,0,ᚢᚾᛚᚪᛋᚻᛖᛞ,434
nonreader,17115,0,ᚾᚩᚾᚱᛠᛞᛖᚱ,352
tableful,17114,0,ᛏᚪᛒᛚᛖᚠᚢᛚ,435
cufflink,17108,0,ᚳᚢᚠᚠᛚᛁᚾᚳ,166
bartizan,17099,0,ᛒᚪᚱᛏᛁᛋᚪᚾ,438
smackers,17078,0,ᛋᛗᚪᚳᚳᛖᚱᛋ,378
killable,17076,0,ᚳᛁᛚᛚᚪᛒᛚᛖ,488
blankest,17076,0,ᛒᛚᚪᚾᚳᛖᛋᛏ,452
liquidly,17073,0,ᛚᛁᚳᚹᛁᛞᛚᚣ,432
hebdomad,17069,0,ᚻᛖᛒᛞᚩᛗᚪᛞ,504
flytraps,17051,0,ᚠᛚᚣᛏᚱᚪᛈᛋ,441
tunbelly,17034,0,ᛏᚢᚾᛒᛖᛚᛚᚣ,468
brownest,17007,0,ᛒᚱᚩᚹᚾᛖᛋᛏ,306
steamroll,17003,0,ᛋᛏᛠᛗᚱᚩᛚᛚ,456
blathered,16987,0,ᛒᛚᚪᚦᛖᚱᛖᛞ,470
aerialists,16985,0,ᚫᚱᛡᛚᛁᛋᛏᛋ,488
pinkened,16971,0,ᛈᛁᚾᚳᛖᚾᛖᛞ,368
facecloth,16970,0,ᚠᚪᚳᛖᚳᛚᚩᚦ,277
milksops,16968,0,ᛗᛁᛚᚳᛋᚩᛈᛋ,344
catenate,16961,0,ᚳᚪᛏᛖᚾᚪᛏᛖ,488
tasselling,16953,0,ᛏᚪᛋᛋᛖᛚᛚᛝ,554
sheikdom,16943,0,ᛋᚻᛖᛁᚳᛞᚩᛗ,354
spookily,16941,0,ᛋᛈᚩᚩᚳᛁᛚᚣ,330
chapelet,16937,0,ᚳᚻᚪᛈᛖᛚᛖᛏ,442
umbilici,16936,0,ᚢᛗᛒᛁᛚᛁᚳᛁ,314
talebearing,16925,0,ᛏᚪᛚᛖᛒᛠᚱᛝ,556
choregus,16915,0,ᚳᚻᚩᚱᛖᚷᚢᛋ,194
unsolder,16893,0,ᚢᚾᛋᚩᛚᛞᛖᚱ,332
elatedly,16871,0,ᛖᛚᚪᛏᛖᛞᛚᚣ,628
backchat,16865,0,ᛒᚪᚳᚳᚳᚻᚪᛏ,376
utterest,16864,0,ᚢᛏᛏᛖᚱᛖᛋᛏ,378
moulinet,16860,0,ᛗᚩᚢᛚᛁᚾᛖᛏ,340
sarsenet,16858,0,ᛋᚪᚱᛋᛖᚾᛖᛏ,436
squirter,16857,0,ᛋᚳᚹᛁᚱᛏᛖᚱ,264
motivity,16857,0,ᛗᚩᛏᛁᚢᛁᛏᚣ,364
refasten,16856,0,ᚱᛖᚠᚪᛋᛏᛖᚾ,385
limiteds,16847,0,ᛚᛁᛗᛁᛏᛖᛞᛋ,474
northmost,16842,0,ᚾᚩᚱᚦᛗᚩᛋᛏ,242
champers,16812,0,ᚳᚻᚪᛗᛈᛖᚱᛋ,378
scrannel,16810,0,ᛋᚳᚱᚪᚾᚾᛖᛚ,372
rewriter,16810,0,ᚱᛖᚹᚱᛁᛏᛖᚱ,276
bonelike,16808,0,ᛒᚩᚾᛖᛚᛁᚳᛖ,348
whitlows,16806,0,ᚹᚻᛁᛏᛚᚩᚹᛋ,284
lucullan,16803,0,ᛚᚢᚳᚢᛚᛚᚪᚾ,364
colpitis,16798,0,ᚳᚩᛚᛈᛁᛏᛁᛋ,310
rivieras,16792,0,ᚱᛁᚢᛁᛖᚱᚪᛋ,304
captived,16787,0,ᚳᚪᛈᛏᛁᚢᛖᛞ,402
luminaria,16782,0,ᛚᚢᛗᛁᚾᚪᚱᛡ,422
wartimes,16764,0,ᚹᚪᚱᛏᛁᛗᛖᛋ,408
alpenglow,16761,0,ᚪᛚᛈᛖᛝᛚᚩᚹ,458
creatable,16760,0,ᚳᚱᛠᛏᚪᛒᛚᛖ,490
blondine,16759,0,ᛒᛚᚩᚾᛞᛁᚾᛖ,386
impresse,16754,0,ᛁᛗᛈᚱᛖᛋᛋᛖ,396
clergies,16744,0,ᚳᛚᛖᚱᚷᛁᛖᛋ,332
sheathless,16727,0,ᛋᚻᛠᚦᛚᛖᛋᛋ,436
islandic,16680,0,ᛁᛋᛚᚪᚾᛞᛁᚳ,416
throstles,16678,0,ᚦᚱᚩᛋᛏᛚᛖᛋ,328
lychgate,16670,0,ᛚᚣᚳᚻᚷᚪᛏᛖ,452
schmucks,16668,0,ᛋᚳᚻᛗᚢᚳᚳᛋ,242
instates,16642,0,ᛁᚾᛋᛏᚪᛏᛖᛋ,448
cocobolo,16636,0,ᚳᚩᚳᚩᛒᚩᛚᚩ,188
weltered,16634,0,ᚹᛖᛚᛏᛖᚱᛖᛞ,452
labdanum,16623,0,ᛚᚪᛒᛞᚪᚾᚢᛗ,520
unbooked,16616,0,ᚢᚾᛒᚩᚩᚳᛖᛞ,276
frumenty,16613,0,ᚠᚱᚢᛗᛖᚾᛏᚣ,345
cabalism,16608,0,ᚳᚪᛒᚪᛚᛁᛋᛗ,496
illations,16606,0,ᛁᛚᛚᚪᛏᛡᚾᛋ,522
slackest,16598,0,ᛋᛚᚪᚳᚳᛖᛋᛏ,428
perchers,16588,0,ᛈᛖᚱᚳᚻᛖᚱᛋ,288
alabaman,16587,0,ᚪᛚᚪᛒᚪᛗᚪᚾ,622
bedesman,16586,0,ᛒᛖᛞᛖᛋᛗᚪᚾ,534
langouste,16585,0,ᛚᚪᛝᚩᚢᛋᛏᛖ,438
angiotonin,16579,0,ᚪᛝᛡᛏᚩᚾᛁᚾ,438
assuringly,16576,0,ᚪᛋᛋᚢᚱᛝᛚᚣ,472
glumness,16572,0,ᚷᛚᚢᛗᚾᛖᛋᛋ,366
elaterid,16546,0,ᛖᛚᚪᛏᛖᚱᛁᛞ,494
slavered,16544,0,ᛋᛚᚪᚢᛖᚱᛖᛞ,460
thirteens,16542,0,ᚦᛁᚱᛏᛖᛖᚾᛋ,322
lackered,16542,0,ᛚᚪᚳᚳᛖᚱᛖᛞ,430
ovulates,16539,0,ᚩᚢᚢᛚᚪᛏᛖᛋ,362
capturer,16539,0,ᚳᚪᛈᛏᚢᚱᛖᚱ,304
blemishing,16531,0,ᛒᛚᛖᛗᛁᛋᚻᛝ,458
kerneled,16528,0,ᚳᛖᚱᚾᛖᛚᛖᛞ,416
fingerpost,16527,0,ᚠᛝᛖᚱᛈᚩᛋᛏ,321
salvager,16525,0,ᛋᚪᛚᚢᚪᚷᛖᚱ,418
stentors,16499,0,ᛋᛏᛖᚾᛏᚩᚱᛋ,338
malinois,16489,0,ᛗᚪᛚᛁᚾᚩᛁᛋ,392
thingamajig,16480,0,ᚦᛝᚪᛗᚪᛂᛁᚷ,434
coalpits,16480,0,ᚳᚩᚪᛚᛈᛁᛏᛋ,376
vulcanic,16445,0,ᚢᚢᛚᚳᚪᚾᛁᚳ,262
spontoon,16413,0,ᛋᛈᚩᚾᛏᚩᚩᚾ,234
loneness,16398,0,ᛚᚩᚾᛖᚾᛖᛋᛋ,378
buskined,16381,0,ᛒᚢᛋᚳᛁᚾᛖᛞ,346
fascisms,16364,0,ᚠᚪᛋᚳᛁᛋᛗᛋ,373
sodomize,16362,0,ᛋᚩᛞᚩᛗᛁᛋᛖ,378
mantraps,16354,0,ᛗᚪᚾᛏᚱᚪᛈᛋ,460
mazourka,16350,0,ᛗᚪᛋᚩᚢᚱᚳᚪ,352
incaution,16339,0,ᛁᚾᚳᚪᚢᛏᛡᚾ,368
shakeouts,16334,0,ᛋᚻᚪᚳᛇᚢᛏᛋ,342
scoopful,16333,0,ᛋᚳᚩᚩᛈᚠᚢᛚ,201
sirnamed,16327,0,ᛋᛁᚱᚾᚪᛗᛖᛞ,448
feretory,16322,0,ᚠᛖᚱᛖᛏᚩᚱᚣ,327
bobsleds,16319,0,ᛒᚩᛒᛋᛚᛖᛞᛋ,464
rarefies,16318,0,ᚱᚪᚱᛖᚠᛁᛖᛋ,339
floozies,16304,0,ᚠᛚᚩᚩᛋᛁᛖᛋ,293
rousseaus,16284,0,ᚱᚩᚢᛋᛋᛠᚢᛋ,292
hairband,16284,0,ᚻᚪᛁᚱᛒᚪᚾᛞ,438
epergnes,16283,0,ᛖᛈᛖᚱᚷᚾᛖᛋ,354
hominess,16281,0,ᚻᚩᛗᛁᚾᛖᛋᛋ,334
imbibers,16275,0,ᛁᛗᛒᛁᛒᛖᚱᛋ,386
imparity,16268,0,ᛁᛗᛈᚪᚱᛁᛏᚣ,446
chappies,16266,0,ᚳᚻᚪᛈᛈᛁᛖᛋ,370
lurchers,16245,0,ᛚᚢᚱᚳᚻᛖᚱᛋ,254
blameful,16239,0,ᛒᛚᚪᛗᛖᚠᚢᛚ,447
auctorial,16234,0,ᚪᚢᚳᛏᚩᚱᛡᛚ,370
bluffers,16227,0,ᛒᛚᚢᚠᚠᛖᚱᛋ,272
lutanist,16211,0,ᛚᚢᛏᚪᚾᛁᛋᛏ,404
pasquils,16210,0,ᛈᚪᛋᚳᚹᛁᛚᛋ,382
librates,16205,0,ᛚᛁᛒᚱᚪᛏᛖᛋ,452
handclap,16200,0,ᚻᚪᚾᛞᚳᛚᚪᛈ,464
broadaxe,16194,0,ᛒᚱᚩᚪᛞᚪᛉᛖ,476
keeshond,16187,0,ᚳᛖᛖᛋᚻᚩᚾᛞ,348
crudites,16179,0,ᚳᚱᚢᛞᛁᛏᛖᛋ,326
bellpull,16179,0,ᛒᛖᛚᛚᛈᚢᛚᛚ,466
springbuck,16177,0,ᛋᛈᚱᛝᛒᚢᚳᚳ,276
whooshes,16172,0,ᚹᚻᚩᚩᛋᚻᛖᛋ,252
tractile,16148,0,ᛏᚱᚪᚳᛏᛁᛚᛖ,410
commixed,16130,0,ᚳᚩᛗᛗᛁᛉᛖᛞ,396
holozoic,16119,0,ᚻᚩᛚᚩᛋᚩᛁᚳ,214
apotheoses,16118,0,ᚪᛈᚩᚦᛇᛋᛖᛋ,366
mammilla,16103,0,ᛗᚪᛗᛗᛁᛚᛚᚪ,584
backseats,16091,0,ᛒᚪᚳᚳᛋᛠᛏᛋ,458
turncock,16087,0,ᛏᚢᚱᚾᚳᚩᚳᚳ,148
alrighty,16061,0,ᚪᛚᚱᛁᚷᚻᛏᚣ,414
scofflaw,16059,0,ᛋᚳᚩᚠᚠᛚᚪᚹ,266
goldthread,16048,0,ᚷᚩᛚᛞᚦᚱᛠᛞ,400
diurnals,16046,0,ᛞᛁᚢᚱᚾᚪᛚᛋ,386
unmerged,16038,0,ᚢᚾᛗᛖᚱᚷᛖᛞ,354
timework,16005,0,ᛏᛁᛗᛖᚹᚩᚱᚳ,278
stabiles,16004,0,ᛋᛏᚪᛒᛁᛚᛖᛋ,494
anabiosis,16004,0,ᚪᚾᚪᛒᛡᛋᛁᛋ,528
tarriest,16000,0,ᛏᚪᚱᚱᛁᛖᛋᛏ,388
bulblike,15994,0,ᛒᚢᛚᛒᛚᛁᚳᛖ,382
ingratiates,15991,0,ᛝᚱᚪᛏᛡᛏᛖᛋ,532
mintages,15987,0,ᛗᛁᚾᛏᚪᚷᛖᛋ,424
precised,15984,0,ᛈᚱᛖᚳᛁᛋᛖᛞ,374
silicles,15974,0,ᛋᛁᛚᛁᚳᛚᛖᛋ,394
nowhither,15969,0,ᚾᚩᚹᚻᛁᚦᛖᚱ,192
deadlocking,15956,0,ᛞᛠᛞᛚᚩᚳᚳᛝ,472
pallidly,15941,0,ᛈᚪᛚᛚᛁᛞᛚᚣ,582
sandlots,15937,0,ᛋᚪᚾᛞᛚᚩᛏᛋ,460
demnition,15930,0,ᛞᛖᛗᚾᛁᛏᛡᚾ,482
endermic,15914,0,ᛖᚾᛞᛖᚱᛗᛁᚳ,378
flimsies,15906,0,ᚠᛚᛁᛗᛋᛁᛖᛋ,381
cumberer,15904,0,ᚳᚢᛗᛒᛖᚱᛖᚱ,304
uncreased,15897,0,ᚢᚾᚳᚱᛠᛋᛖᛞ,374
minorcan,15890,0,ᛗᛁᚾᚩᚱᚳᚪᚾ,288
trueborn,15867,0,ᛏᚱᚢᛖᛒᚩᚱᚾ,248
grumpier,15863,0,ᚷᚱᚢᛗᛈᛁᛖᚱ,254
carangids,15856,0,ᚳᚪᚱᚪᛝᛁᛞᛋ,470
overtask,15849,0,ᚩᚢᛖᚱᛏᚪᛋᚳ,310
cutglass,15848,0,ᚳᚢᛏᚷᛚᚪᛋᛋ,368
voiceful,15829,0,ᚢᚩᛁᚳᛖᚠᚢᛚ,199
snaffles,15805,0,ᛋᚾᚪᚠᚠᛚᛖᛋ,376
letdowns,15797,0,ᛚᛖᛏᛞᚩᚹᚾᛋ,396
knottier,15787,0,ᚳᚾᚩᛏᛏᛁᛖᚱ,276
astilbes,15786,0,ᚪᛋᛏᛁᛚᛒᛖᛋ,494
acariasis,15786,0,ᚪᚳᚪᚱᛡᛋᛁᛋ,462
botflies,15755,0,ᛒᚩᛏᚠᛚᛁᛖᛋ,353
paginate,15752,0,ᛈᚪᚷᛁᚾᚪᛏᛖ,440
balmiest,15740,0,ᛒᚪᛚᛗᛁᛖᛋᛏ,512
theoretics,15737,0,ᚦᛇᚱᛖᛏᛁᚳᛋ,280
firedogs,15735,0,ᚠᛁᚱᛖᛞᚩᚷᛋ,277
eupeptic,15720,0,ᛖᚢᛈᛖᛈᛏᛁᚳ,326
eponymus,15720,0,ᛖᛈᚩᚾᚣᛗᚢᛋ,376
stewpans,15718,0,ᛋᛏᛖᚹᛈᚪᚾᛋ,420
oleograph,15698,0,ᚩᛚᛇᚷᚱᚪᛈᚻ,312
pycnosis,15696,0,ᛈᚣᚳᚾᚩᛋᛁᛋ,332
unthanked,15686,0,ᚢᚾᚦᚪᚾᚳᛖᛞ,332
killjoys,15679,0,ᚳᛁᛚᛚᛂᚩᚣᛋ,390
upthrusts,15668,0,ᚢᛈᚦᚱᚢᛋᛏᛋ,230
vibrionic,15666,0,ᚢᛁᛒᚱᛡᚾᛁᚳ,286
pithecoid,15664,0,ᛈᛁᚦᛖᚳᚩᛁᛞ,286
gambeson,15660,0,ᚷᚪᛗᛒᛖᛋᚩᚾ,402
intromit,15657,0,ᛁᚾᛏᚱᚩᛗᛁᛏ,298
anglicise,15657,0,ᚪᛝᛚᛁᚳᛁᛋᛖ,444
wizardly,15648,0,ᚹᛁᛋᚪᚱᛞᛚᚣ,476
mantlets,15621,0,ᛗᚪᚾᛏᛚᛖᛏᛋ,508
aardwolf,15608,0,ᚪᚪᚱᛞᚹᚩᛚᚠ,395
headstream,15603,0,ᚻᛠᛞᛋᛏᚱᛠᛗ,524
mislabel,15598,0,ᛗᛁᛋᛚᚪᛒᛖᛚ,526
locutory,15598,0,ᛚᚩᚳᚢᛏᚩᚱᚣ,276
gripsack,15597,0,ᚷᚱᛁᛈᛋᚪᚳᚳ,278
smallage,15596,0,ᛋᛗᚪᛚᛚᚪᚷᛖ,548
rockiest,15589,0,ᚱᚩᚳᚳᛁᛖᛋᛏ,254
smartish,15581,0,ᛋᛗᚪᚱᛏᛁᛋᚻ,398
glossily,15566,0,ᚷᛚᚩᛋᛋᛁᛚᚣ,410
calanthes,15565,0,ᚳᚪᛚᚪᚾᚦᛖᛋ,434
mastless,15524,0,ᛗᚪᛋᛏᛚᛖᛋᛋ,526
disclike,15504,0,ᛞᛁᛋᚳᛚᛁᚳᛖ,370
assagais,15494,0,ᚪᛋᛋᚪᚷᚪᛁᛋ,498
rejecter,15473,0,ᚱᛖᛂᛖᚳᛏᛖᚱ,332
misalign,15473,0,ᛗᛁᛋᚪᛚᛁᚷᚾ,402
rockrose,15462,0,ᚱᚩᚳᚳᚱᚩᛋᛖ,182
cloddish,15462,0,ᚳᛚᚩᛞᛞᛁᛋᚻ,378
feltwork,15458,0,ᚠᛖᛚᛏᚹᚩᚱᚳ,251
lunchers,15447,0,ᛚᚢᚾᚳᚻᛖᚱᛋ,272
imbarked,15437,0,ᛁᛗᛒᚪᚱᚳᛖᛞ,440
stabbers,15434,0,ᛋᛏᚪᛒᛒᛖᚱᛋ,462
gainsays,15432,0,ᚷᚪᛁᚾᛋᚪᚣᛋ,480
unwilted,15427,0,ᚢᚾᚹᛁᛚᛏᛖᛞ,370
babirusa,15424,0,ᛒᚪᛒᛁᚱᚢᛋᚪ,414
barrator,15414,0,ᛒᚪᚱᚱᚪᛏᚩᚱ,354
relaters,15406,0,ᚱᛖᛚᚪᛏᛖᚱᛋ,438
carbones,15404,0,ᚳᚪᚱᛒᚩᚾᛖᛋ,338
canonise,15398,0,ᚳᚪᚾᚩᚾᛁᛋᛖ,326
williwaw,15397,0,ᚹᛁᛚᛚᛁᚹᚪᚹ,362
pigweeds,15388,0,ᛈᛁᚷᚹᛖᛖᛞᛋ,386
heartsome,15385,0,ᚻᛠᚱᛏᛋᚩᛗᛖ,400
gemshorn,15372,0,ᚷᛖᛗᛋᚻᚩᚱᚾ,278
calamint,15371,0,ᚳᚪᛚᚪᛗᛁᚾᛏ,470
wriggler,15370,0,ᚹᚱᛁᚷᚷᛚᛖᚱ,246
bokharan,15362,0,ᛒᚩᚳᚻᚪᚱᚪᚾ,338
tickseed,15361,0,ᛏᛁᚳᚳᛋᛖᛖᛞ,392
camelots,15348,0,ᚳᚪᛗᛖᛚᚩᛏᛋ,440
relentings,15331,0,ᚱᛖᛚᛖᚾᛏᛝᛋ,438
eclipsis,15322,0,ᛖᚳᛚᛁᛈᛋᛁᛋ,364
xanthopsia,15312,0,ᛉᚪᚾᚦᚩᛈᛋᛡ,388
bellwort,15311,0,ᛒᛖᛚᛚᚹᚩᚱᛏ,370
mateless,15293,0,ᛗᚪᛏᛖᛚᛖᛋᛋ,540
mulishly,15288,0,ᛗᚢᛚᛁᛋᚻᛚᚣ,430
penumbrae,15278,0,ᛈᛖᚾᚢᛗᛒᚱᚫ,386
flowages,15261,0,ᚠᛚᚩᚹᚪᚷᛖᛋ,335
foredoom,15239,0,ᚠᚩᚱᛖᛞᚩᚩᛗ,261
semidark,15227,0,ᛋᛖᛗᛁᛞᚪᚱᚳ,432
logorrhea,15225,0,ᛚᚩᚷᚩᚱᚱᚻᛠ,258
treenail,15223,0,ᛏᚱᛖᛖᚾᚪᛁᛚ,434
charioted,15222,0,ᚳᚻᚪᚱᛡᛏᛖᛞ,466
caliburn,15219,0,ᚳᚪᛚᛁᛒᚢᚱᚾ,318
strudels,15218,0,ᛋᛏᚱᚢᛞᛖᛚᛋ,408
rereward,15210,0,ᚱᛖᚱᛖᚹᚪᚱᛞ,372
undammed,15208,0,ᚢᚾᛞᚪᛗᛗᛖᛞ,516
unstirring,15206,0,ᚢᚾᛋᛏᛁᚱᚱᛝ,276
viscacha,15203,0,ᚢᛁᛋᚳᚪᚳᚻᚪ,330
noverint,15175,0,ᚾᚩᚢᛖᚱᛁᚾᛏ,236
nascence,15173,0,ᚾᚪᛋᚳᛖᚾᚳᛖ,368
brainier,15165,0,ᛒᚱᚪᛁᚾᛁᛖᚱ,338
monacans,15164,0,ᛗᚩᚾᚪᚳᚪᚾᛋ,396
vanillas,15158,0,ᚢᚪᚾᛁᛚᛚᚪᛋ,456
windburn,15157,0,ᚹᛁᚾᛞᛒᚢᚱᚾ,272
endameba,15155,0,ᛖᚾᛞᚪᛗᛖᛒᚪ,578
marconis,15137,0,ᛗᚪᚱᚳᚩᚾᛁᛋ,312
laureled,15130,0,ᛚᚪᚢᚱᛖᛚᛖᛞ,480
willowed,15125,0,ᚹᛁᛚᛚᚩᚹᛖᛞ,378
twiddles,15125,0,ᛏᚹᛁᛞᛞᛚᛖᛋ,480
englisher,15122,0,ᛖᛝᛚᛁᛋᚻᛖᚱ,404
fioriture,15119,0,ᚠᛡᚱᛁᛏᚢᚱᛖ,291
velleity,15115,0,ᚢᛖᛚᛚᛖᛁᛏᚣ,476
twosomes,15113,0,ᛏᚹᚩᛋᚩᛗᛖᛋ,336
packable,15096,0,ᛈᚪᚳᚳᚪᛒᛚᛖ,464
defilers,15072,0,ᛞᛖᚠᛁᛚᛖᚱᛋ,393
exposers,15068,0,ᛖᛉᛈᚩᛋᛖᚱᛋ,348
steepish,15048,0,ᛋᛏᛖᛖᛈᛁᛋᚻ,396
iodothyrin,15021,0,ᛡᛞᚩᚦᚣᚱᛁᚾ,382
baedekers,15015,0,ᛒᚫᛞᛖᚳᛖᚱᛋ,462
muckrake,15009,0,ᛗᚢᚳᚳᚱᚪᚳᛖ,288
impearled,15001,0,ᛁᛗᛈᛠᚱᛚᛖᛞ,494
unenvious,14994,0,ᚢᚾᛖᚾᚢᛡᚢᛋ,294
scarabaei,14990,0,ᛋᚳᚪᚱᚪᛒᚫᛁ,464
achilleas,14980,0,ᚪᚳᚻᛁᛚᛚᛠᛋ,472
tupungato,14973,0,ᛏᚢᛈᚢᛝᚪᛏᚩ,350
chelidon,14947,0,ᚳᚻᛖᛚᛁᛞᚩᚾ,332
aestivate,14932,0,ᚫᛋᛏᛁᚢᚪᛏᛖ,470
untwists,14930,0,ᚢᚾᛏᚹᛁᛋᛏᛋ,306
binturong,14926,0,ᛒᛁᚾᛏᚢᚱᚩᛝ,280
gouverne,14919,0,ᚷᚩᚢᚢᛖᚱᚾᛖ,204
enallage,14917,0,ᛖᚾᚪᛚᛚᚪᚷᛖ,520
matildas,14916,0,ᛗᚪᛏᛁᛚᛞᚪᛋ,570
ketchups,14915,0,ᚳᛖᛏᚳᚻᚢᛈᛋ,274
guacharo,14911,0,ᚷᚢᚪᚳᚻᚪᚱᚩ,268
lordlier,14908,0,ᛚᚩᚱᛞᛚᛁᛖᚱ,362
destress,14889,0,ᛞᛖᛋᛏᚱᛖᛋᛋ,452
leggiero,14887,0,ᛚᛖᚷᚷᛁᛖᚱᚩ,290
capeweed,14887,0,ᚳᚪᛈᛖᚹᛖᛖᛞ,462
cellaret,14867,0,ᚳᛖᛚᛚᚪᚱᛖᛏ,460
overeaten,14857,0,ᚩᚢᛖᚱᛠᛏᛖᚾ,352
groovers,14857,0,ᚷᚱᚩᚩᚢᛖᚱᛋ,176
shampooer,14836,0,ᛋᚻᚪᛗᛈᚩᛟᚱ,388
dyspepsy,14830,0,ᛞᚣᛋᛈᛖᛈᛋᚣ,554
palpebra,14829,0,ᛈᚪᛚᛈᛖᛒᚱᚪ,492
autogeny,14826,0,ᚪᚢᛏᚩᚷᛖᚾᚣ,382
affrayed,14825,0,ᚪᚠᚠᚱᚪᚣᛖᛞ,468
hammerings,14806,0,ᚻᚪᛗᛗᛖᚱᛝᛋ,472
boyhoods,14795,0,ᛒᚩᚣᚻᚩᚩᛞᛋ,350
dropkick,14778,0,ᛞᚱᚩᛈᚳᛁᚳᚳ,220
bailsman,14778,0,ᛒᚪᛁᛚᛋᛗᚪᚾ,512
pomptine,14752,0,ᛈᚩᛗᛈᛏᛁᚾᛖ,350
haylofts,14745,0,ᚻᚪᚣᛚᚩᚠᛏᛋ,417
caribous,14741,0,ᚳᚪᚱᛁᛒᚩᚢᛋ,276
narghile,14739,0,ᚾᚪᚱᚷᚻᛁᛚᛖ,348
tutoress,14738,0,ᛏᚢᛏᚩᚱᛖᛋᛋ,312
unloosen,14733,0,ᚢᚾᛚᚩᚩᛋᛖᚾ,268
aepyornis,14733,0,ᚫᛈᚣᚩᚱᚾᛁᛋ,378
welladay,14719,0,ᚹᛖᛚᛚᚪᛞᚪᚣ,618
lugworms,14715,0,ᛚᚢᚷᚹᚩᚱᛗᛋ,254
icefalls,14707,0,ᛁᚳᛖᚠᚪᛚᛚᛋ,409
toilworn,14705,0,ᛏᚩᛁᛚᚹᚩᚱᚾ,236
nectared,14689,0,ᚾᛖᚳᛏᚪᚱᛖᛞ,432
lumberer,14689,0,ᛚᚢᛗᛒᛖᚱᛖᚱ,364
abridger,14689,0,ᚪᛒᚱᛁᛞᚷᛖᚱ,384
lamenter,14687,0,ᛚᚪᛗᛖᚾᛏᛖᚱ,474
forehold,14679,0,ᚠᚩᚱᛖᚻᚩᛚᛞ,279
overbook,14676,0,ᚩᚢᛖᚱᛒᚩᚩᚳ,176
sixscore,14674,0,ᛋᛁᛉᛋᚳᚩᚱᛖ,282
bedmaker,14669,0,ᛒᛖᛞᛗᚪᚳᛖᚱ,476
tartares,14659,0,ᛏᚪᚱᛏᚪᚱᛖᛋ,454
euphuist,14654,0,ᛖᚢᛈᚻᚢᛁᛋᛏ,282
cloudily,14638,0,ᚳᛚᚩᚢᛞᛁᛚᚣ,392
libitina,14630,0,ᛚᛁᛒᛁᛏᛁᚾᚪ,412
swearword,14625,0,ᛋᚹᛠᚱᚹᚩᚱᛞ,318
bromidic,14618,0,ᛒᚱᚩᛗᛁᛞᛁᚳ,314
sidesman,14610,0,ᛋᛁᛞᛖᛋᛗᚪᚾ,490
dipteron,14605,0,ᛞᛁᛈᛏᛖᚱᚩᚾ,336
shanghais,14596,0,ᛋᚻᚪᛝᚻᚪᛁᛋ,456
sciential,14588,0,ᛋᚳᛁᛖᚾᛏᛡᛚ,432
luminism,14569,0,ᛚᚢᛗᛁᚾᛁᛋᛗ,362
posthitis,14568,0,ᛈᚩᛋᚦᛁᛏᛁᛋ,282
vandyked,14563,0,ᚢᚪᚾᛞᚣᚳᛖᛞ,490
upstarting,14558,0,ᚢᛈᛋᛏᚪᚱᛏᛝ,404
saltiest,14557,0,ᛋᚪᛚᛏᛁᛖᛋᛏ,492
sprucely,14540,0,ᛋᛈᚱᚢᚳᛖᛚᚣ,366
vaccinee,14538,0,ᚢᚪᚳᚳᛁᚾᛖᛖ,320
atchieve,14536,0,ᚪᛏᚳᚻᛁᛖᚢᛖ,360
tenorist,14535,0,ᛏᛖᚾᚩᚱᛁᛋᛏ,316
cerecloth,14530,0,ᚳᛖᚱᛖᚳᛚᚩᚦ,256
hosteler,14512,0,ᚻᚩᛋᛏᛖᛚᛖᚱ,360
latinize,14502,0,ᛚᚪᛏᛁᚾᛁᛋᛖ,440
bacterias,14491,0,ᛒᚪᚳᛏᛖᚱᛡᛋ,468
perisher,14480,0,ᛈᛖᚱᛁᛋᚻᛖᚱ,306
aphorist,14469,0,ᚪᛈᚻᚩᚱᛁᛋᛏ,324
bedazzle,14458,0,ᛒᛖᛞᚪᛋᛋᛚᛖ,560
irrupted,14452,0,ᛁᚱᚱᚢᛈᛏᛖᛞ,314
polyzoan,14447,0,ᛈᚩᛚᚣᛋᚩᚪᚾ,412
frizzles,14444,0,ᚠᚱᛁᛋᛋᛚᛖᛋ,343
sunbather,14423,0,ᛋᚢᚾᛒᚪᚦᛖᚱ,326
outstare,14423,0,ᚩᚢᛏᛋᛏᚪᚱᛖ,356
compters,14415,0,ᚳᚩᛗᛈᛏᛖᚱᛋ,324
bestially,14411,0,ᛒᛖᛋᛏᛡᛚᛚᚣ,596
pomfrets,14410,0,ᛈᚩᛗᚠᚱᛖᛏᛋ,313
inkberry,14404,0,ᛁᚾᚳᛒᛖᚱᚱᚣ,326
reorderings,14374,0,ᚱᛇᚱᛞᛖᚱᛝᛋ,362
ladyfish,14373,0,ᛚᚪᛞᚣᚠᛁᛋᚻ,471
brisance,14371,0,ᛒᚱᛁᛋᚪᚾᚳᛖ,362
unpleased,14368,0,ᚢᚾᛈᛚᛠᛋᛖᛞ,466
ploddingly,14368,0,ᛈᛚᚩᛞᛞᛝᛚᚣ,556
unchewed,14366,0,ᚢᚾᚳᚻᛖᚹᛖᛞ,310
tympanon,14359,0,ᛏᚣᛗᛈᚪᚾᚩᚾ,438
slanguage,14356,0,ᛋᛚᚪᛝᚢᚪᚷᛖ,486
charpoys,14354,0,ᚳᚻᚪᚱᛈᚩᚣᛋ,350
ptarmica,14342,0,ᛈᛏᚪᚱᛗᛁᚳᚪ,422
blushful,14329,0,ᛒᛚᚢᛋᚻᚠᚢᛚ,291
demagogs,14327,0,ᛞᛖᛗᚪᚷᚩᚷᛋ,418
titaness,14312,0,ᛏᛁᛏᚪᚾᛖᛋᛋ,448
minibike,14310,0,ᛗᛁᚾᛁᛒᛁᚳᛖ,334
thecodont,14292,0,ᚦᛖᚳᚩᛞᚩᚾᛏ,276
bluebill,14278,0,ᛒᛚᚢᛖᛒᛁᛚᛚ,442
subphyla,14264,0,ᛋᚢᛒᛈᚻᚣᛚᚪ,456
esophagi,14264,0,ᛖᛋᚩᛈᚻᚪᚷᛁ,338
ephemerae,14262,0,ᛖᛈᚻᛖᛗᛖᚱᚫ,450
danelagh,14256,0,ᛞᚪᚾᛖᛚᚪᚷᚻ,492
catboats,14251,0,ᚳᚪᛏᛒᚩᚪᛏᛋ,446
hammertoe,14250,0,ᚻᚪᛗᛗᛖᚱᛏᛟ,482
blubbers,14250,0,ᛒᛚᚢᛒᛒᛖᚱᛋ,390
artiness,14246,0,ᚪᚱᛏᛁᚾᛖᛋᛋ,400
ballcock,14239,0,ᛒᚪᛚᛚᚳᚩᚳᚳ,350
smartening,14238,0,ᛋᛗᚪᚱᛏᛖᚾᛝ,466
rechosen,14233,0,ᚱᛖᚳᚻᚩᛋᛖᚾ,270
crumhorn,14224,0,ᚳᚱᚢᛗᚻᚩᚱᚾ,168
rebukingly,14210,0,ᚱᛖᛒᚢᚳᛝᛚᚣ,410
brainpan,14196,0,ᛒᚱᚪᛁᚾᛈᚪᚾ,398
starward,14193,0,ᛋᛏᚪᚱᚹᚪᚱᛞ,436
peccable,14189,0,ᛈᛖᚳᚳᚪᛒᛚᛖ,434
grainier,14179,0,ᚷᚱᚪᛁᚾᛁᛖᚱ,294
untwined,14178,0,ᚢᚾᛏᚹᛁᚾᛖᛞ,326
andantes,14160,0,ᚪᚾᛞᚪᚾᛏᛖᛋ,520
temperas,14158,0,ᛏᛖᛗᛈᛖᚱᚪᛋ,468
polemist,14142,0,ᛈᚩᛚᛖᛗᛁᛋᛏ,404
scudders,14138,0,ᛋᚳᚢᛞᛞᛖᚱᛋ,378
myosurus,14130,0,ᛗᚣᚩᛋᚢᚱᚢᛋ,304
silkiest,14108,0,ᛋᛁᛚᚳᛁᛖᛋᛏ,380
cerement,14078,0,ᚳᛖᚱᛖᛗᛖᚾᛏ,384
gangrenes,14070,0,ᚷᚪᛝᚱᛖᚾᛖᛋ,420
quibbler,14069,0,ᚳᚹᛁᛒᛒᛚᛖᚱ,336
vambrace,14060,0,ᚢᚪᛗᛒᚱᚪᚳᛖ,420
shelties,14059,0,ᛋᚻᛖᛚᛏᛁᛖᛋ,426
batterings,14047,0,ᛒᚪᛏᛏᛖᚱᛝᛋ,486
rebeldom,14046,0,ᚱᛖᛒᛖᛚᛞᚩᛗ,446
unrotted,14040,0,ᚢᚾᚱᚩᛏᛏᛖᛞ,324
pledgers,14037,0,ᛈᛚᛖᛞᚷᛖᚱᛋ,420
frambesia,14037,0,ᚠᚱᚪᛗᛒᛖᛋᛡ,469
firepans,14033,0,ᚠᛁᚱᛖᛈᚪᚾᛋ,333
sowbelly,14022,0,ᛋᚩᚹᛒᛖᛚᛚᚣ,456
monandria,14017,0,ᛗᚩᚾᚪᚾᛞᚱᛡ,440
jousters,14015,0,ᛂᚩᚢᛋᛏᛖᚱᛋ,290
grapplings,14012,0,ᚷᚱᚪᛈᛈᛚᛝᛋ,416
traduces,13986,0,ᛏᚱᚪᛞᚢᚳᛖᛋ,392
sanitise,13984,0,ᛋᚪᚾᛁᛏᛁᛋᛖ,420
silverly,13969,0,ᛋᛁᛚᚢᛖᚱᛚᚣ,414
nutcases,13968,0,ᚾᚢᛏᚳᚪᛋᛖᛋ,374
foxtrots,13960,0,ᚠᚩᛉᛏᚱᚩᛏᛋ,245
trouncer,13949,0,ᛏᚱᚩᚢᚾᚳᛖᚱ,200
tsessebe,13936,0,ᛏᛋᛖᛋᛋᛖᛒᛖ,480
paunched,13935,0,ᛈᚪᚢᚾᚳᚻᛖᛞ,364
cozeners,13930,0,ᚳᚩᛋᛖᚾᛖᚱᛋ,300
unfought,13912,0,ᚢᚾᚠᚩᚢᚷᚻᛏ,143
limpidly,13910,0,ᛚᛁᛗᛈᛁᛞᛚᚣ,514
haggards,13890,0,ᚻᚪᚷᚷᚪᚱᛞᛋ,404
unpassed,13888,0,ᚢᚾᛈᚪᛋᛋᛖᛞ,434
sniveled,13880,0,ᛋᚾᛁᚢᛖᛚᛖᛞ,412
denebola,13874,0,ᛞᛖᚾᛖᛒᚩᛚᚪ,490
cornetti,13869,0,ᚳᚩᚱᚾᛖᛏᛏᛁ,276
tristful,13865,0,ᛏᚱᛁᛋᛏᚠᚢᛚ,291
pomatums,13857,0,ᛈᚩᛗᚪᛏᚢᛗᛋ,404
duumvirs,13844,0,ᛞᚢᚢᛗᚢᛁᚱᛋ,264
subtonic,13840,0,ᛋᚢᛒᛏᚩᚾᛁᚳ,256
romeward,13840,0,ᚱᚩᛗᛖᚹᚪᚱᛞ,372
duckpond,13802,0,ᛞᚢᚳᚳᛈᚩᚾᛞ,286
stuffier,13799,0,ᛋᛏᚢᚠᚠᛁᛖᚱ,228
dovekies,13778,0,ᛞᚩᚢᛖᚳᛁᛖᛋ,330
diadelphia,13774,0,ᛞᛡᛞᛖᛚᛈᚻᛡ,598
murmurer,13771,0,ᛗᚢᚱᛗᚢᚱᛖᚱ,248
characin,13771,0,ᚳᚻᚪᚱᚪᚳᛁᚾ,314
furtherer,13752,0,ᚠᚢᚱᚦᛖᚱᛖᚱ,177
bigheaded,13743,0,ᛒᛁᚷᚻᛠᛞᛖᛞ,486
exiguity,13726,0,ᛖᛉᛁᚷᚢᛁᛏᚣ,358
bunkmate,13724,0,ᛒᚢᚾᚳᛗᚪᛏᛖ,400
cowlicks,13713,0,ᚳᚩᚹᛚᛁᚳᚳᛋ,222
unblocks,13704,0,ᚢᚾᛒᛚᚩᚳᚳᛋ,252
trentals,13688,0,ᛏᚱᛖᚾᛏᚪᛚᛋ,448
shanghaiing,13686,0,ᛋᚻᚪᛝᚻᚪᛁᛝ,482
helicons,13668,0,ᚻᛖᛚᛁᚳᚩᚾᛋ,296
flaneurs,13658,0,ᚠᛚᚪᚾᛖᚢᚱᛋ,335
stumpers,13652,0,ᛋᛏᚢᛗᛈᛖᚱᛋ,360
herbages,13651,0,ᚻᛖᚱᛒᚪᚷᛖᛋ,396
holesome,13650,0,ᚻᚩᛚᛖᛋᚩᛗᛖ,368
picketer,13639,0,ᛈᛁᚳᚳᛖᛏᛖᚱ,304
purtiest,13637,0,ᛈᚢᚱᛏᛁᛖᛋᛏ,326
iguanids,13636,0,ᛁᚷᚢᚪᚾᛁᛞᛋ,350
charnels,13636,0,ᚳᚻᚪᚱᚾᛖᛚᛋ,366
ogresses,13635,0,ᚩᚷᚱᛖᛋᛋᛖᛋ,328
buckteeth,13619,0,ᛒᚢᚳᚳᛏᛖᛖᚦ,288
khedives,13618,0,ᚳᚻᛖᛞᛁᚢᛖᛋ,346
derringers,13617,0,ᛞᛖᚱᚱᛝᛖᚱᛋ,388
almohade,13615,0,ᚪᛚᛗᚩᚻᚪᛞᛖ,524
lowbrows,13611,0,ᛚᚩᚹᛒᚱᚩᚹᛋ,250
scragged,13609,0,ᛋᚳᚱᚪᚷᚷᛖᛞ,364
rickyard,13608,0,ᚱᛁᚳᚳᚣᚪᚱᛞ,368
convives,13607,0,ᚳᚩᚾᚢᛁᚢᛖᛋ,206
strongish,13595,0,ᛋᛏᚱᚩᛝᛁᛋᚻ,316
coetaneous,13595,0,ᚳᛟᛏᚪᚾᛇᚢᛋ,378
bigarade,13576,0,ᛒᛁᚷᚪᚱᚪᛞᛖ,470
abacuses,13574,0,ᚪᛒᚪᚳᚢᛋᛖᛋ,444
quackish,13569,0,ᚳᚹᚪᚳᚳᛁᛋᚻ,262
epsilons,13560,0,ᛖᛈᛋᛁᛚᚩᚾᛋ,356
meseemed,13557,0,ᛗᛖᛋᛖᛖᛗᛖᛞ,552
stridden,13556,0,ᛋᛏᚱᛁᛞᛞᛖᚾ,428
nosebags,13552,0,ᚾᚩᛋᛖᛒᚪᚷᛋ,384
thuribles,13537,0,ᚦᚢᚱᛁᛒᛚᛖᛋ,304
laicized,13532,0,ᛚᚪᛁᚳᛁᛋᛖᛞ,454
extasies,13531,0,ᛖᛉᛏᚪᛋᛁᛖᛋ,474
lordless,13517,0,ᛚᚩᚱᛞᛚᛖᛋᛋ,426
colleens,13491,0,ᚳᚩᛚᛚᛖᛖᚾᛋ,382
inrushes,13452,0,ᛁᚾᚱᚢᛋᚻᛖᛋ,270
alopecias,13450,0,ᚪᛚᚩᛈᛖᚳᛡᛋ,460
narwhale,13447,0,ᚾᚪᚱᚹᚻᚪᛚᛖ,416
redividing,13445,0,ᚱᛖᛞᛁᚢᛁᛞᛝ,400
stumbler,13439,0,ᛋᛏᚢᛗᛒᛚᛖᚱ,398
cabstand,13438,0,ᚳᚪᛒᛋᛏᚪᚾᛞ,498
suborner,13431,0,ᛋᚢᛒᚩᚱᚾᛖᚱ,242
nonthinking,13427,0,ᚾᚩᚾᚦᛁᚾᚳᛝ,222
squealers,13424,0,ᛋᚳᚹᛠᛚᛖᚱᛋ,398
dentical,13424,0,ᛞᛖᚾᛏᛁᚳᚪᛚ,458
evanesce,13423,0,ᛖᚢᚪᚾᛖᛋᚳᛖ,396
dandiacal,13415,0,ᛞᚪᚾᛞᛡᚳᚪᛚ,594
matelote,13407,0,ᛗᚪᛏᛖᛚᚩᛏᛖ,500
endoergic,13399,0,ᛖᚾᛞᛟᚱᚷᛁᚳ,340
mammillae,13393,0,ᛗᚪᛗᛗᛁᛚᛚᚫ,588
avouches,13393,0,ᚪᚢᚩᚢᚳᚻᛖᛋ,266
obeisant,13386,0,ᚩᛒᛖᛁᛋᚪᚾᛏ,404
danishes,13380,0,ᛞᚪᚾᛁᛋᚻᛖᛋ,442
triflingly,13369,0,ᛏᚱᛁᚠᛚᛝᛚᚣ,431
costmary,13369,0,ᚳᚩᛋᛏᛗᚪᚱᚣ,414
profiter,13365,0,ᛈᚱᚩᚠᛁᛏᛖᚱ,231
outshout,13361,0,ᚩᚢᛏᛋᚻᚩᚢᛏ,214
noteless,13355,0,ᚾᚩᛏᛖᛚᛖᛋᛋ,408
azoimide,13354,0,ᚪᛋᚩᛁᛗᛁᛞᛖ,446
purslain,13344,0,ᛈᚢᚱᛋᛚᚪᛁᚾ,340
unkilled,13337,0,ᚢᚾᚳᛁᛚᛚᛖᛞ,378
egresses,13336,0,ᛖᚷᚱᛖᛋᛋᛖᛋ,388
unspaced,13302,0,ᚢᚾᛋᛈᚪᚳᛖᛞ,394
foddered,13302,0,ᚠᚩᛞᛞᛖᚱᛖᛞ,421
saxhorns,13290,0,ᛋᚪᛉᚻᚩᚱᚾᛋ,320
dreadless,13289,0,ᛞᚱᛠᛞᛚᛖᛋᛋ,544
caracoling,13288,0,ᚳᚪᚱᚪᚳᚩᛚᛝ,390
funicles,13280,0,ᚠᚢᚾᛁᚳᛚᛖᛋ,271
finbacks,13280,0,ᚠᛁᚾᛒᚪᚳᚳᛋ,299
sumpters,13275,0,ᛋᚢᛗᛈᛏᛖᚱᛋ,360
starkers,13272,0,ᛋᛏᚪᚱᚳᛖᚱᛋ,364
malagigi,13272,0,ᛗᚪᛚᚪᚷᛁᚷᛁ,434
moonfish,13270,0,ᛗᚩᚩᚾᚠᛁᛋᚻ,223
australs,13268,0,ᚪᚢᛋᛏᚱᚪᛚᛋ,446
teeniest,13259,0,ᛏᛖᛖᚾᛁᛖᛋᛏ,432
munchers,13256,0,ᛗᚢᚾᚳᚻᛖᚱᛋ,270
herisson,13250,0,ᚻᛖᚱᛁᛋᛋᚩᚾ,274
spinelle,13241,0,ᛋᛈᛁᚾᛖᛚᛚᛖ,436
blurrier,13229,0,ᛒᛚᚢᚱᚱᛁᛖᚱ,268
chestful,13226,0,ᚳᚻᛖᛋᛏᚠᚢᛚ,293
footrule,13212,0,ᚠᚩᚩᛏᚱᚢᛚᛖ,229
cuttable,13203,0,ᚳᚢᛏᛏᚪᛒᛚᛖ,432
unbudded,13194,0,ᚢᚾᛒᚢᛞᛞᛖᛞ,430
paisleys,13194,0,ᛈᚪᛁᛋᛚᛖᚣᛋ,520
pachalic,13193,0,ᛈᚪᚳᚻᚪᛚᛁᚳ,390
superfix,13187,0,ᛋᚢᛈᛖᚱᚠᛁᛉ,257
russetting,13187,0,ᚱᚢᛋᛋᛖᛏᛏᛝ,384
bedazzling,13186,0,ᛒᛖᛞᚪᛋᛋᛚᛝ,572
flustering,13185,0,ᚠᛚᚢᛋᛏᛖᚱᛝ,347
vamoosed,13163,0,ᚢᚪᛗᚩᚩᛋᛖᛞ,394
dinettes,13163,0,ᛞᛁᚾᛖᛏᛏᛖᛋ,454
belchers,13163,0,ᛒᛖᛚᚳᚻᛖᚱᛋ,368
fungibles,13145,0,ᚠᚢᛝᛁᛒᛚᛖᛋ,369
spurless,13137,0,ᛋᛈᚢᚱᛚᛖᛋᛋ,356
basinful,13135,0,ᛒᚪᛋᛁᚾᚠᚢᛚ,349
folkmote,13127,0,ᚠᚩᛚᚳᛗᚩᛏᛖ,299
bullocky,13123,0,ᛒᚢᛚᛚᚩᚳᚳᚣ,346
nonleaded,13122,0,ᚾᚩᚾᛚᛠᛞᛖᛞ,492
jacamars,13122,0,ᛂᚪᚳᚪᛗᚪᚱᛋ,476
chorines,13109,0,ᚳᚻᚩᚱᛁᚾᛖᛋ,234
smooches,13100,0,ᛋᛗᚩᚩᚳᚻᛖᛋ,294
cantabri,13093,0,ᚳᚪᚾᛏᚪᛒᚱᛁ,398
calashes,13093,0,ᚳᚪᛚᚪᛋᚻᛖᛋ,476
embosses,13078,0,ᛖᛗᛒᚩᛋᛋᛖᛋ,432
overleapt,13032,0,ᚩᚢᛖᚱᛚᛠᛈᛏ,372
defrosts,13032,0,ᛞᛖᚠᚱᚩᛋᛏᛋ,341
agrestic,13023,0,ᚪᚷᚱᛖᛋᛏᛁᚳ,348
unbuilding,13021,0,ᚢᚾᛒᚢᛁᛚᛞᛝ,368
rescanning,13012,0,ᚱᛖᛋᚳᚪᚾᚾᛝ,378
unrested,13011,0,ᚢᚾᚱᛖᛋᛏᛖᛞ,378
priorship,13008,0,ᛈᚱᛡᚱᛋᚻᛁᛈ,322
giddiest,13001,0,ᚷᛁᛞᛞᛁᛖᛋᛏ,436
shiftily,12995,0,ᛋᚻᛁᚠᛏᛁᛚᚣ,375
wrappage,12993,0,ᚹᚱᚪᛈᛈᚪᚷᛖ,394
pyrolyze,12981,0,ᛈᚣᚱᚩᛚᚣᛋᛖ,460
tuataras,12977,0,ᛏᚢᚪᛏᚪᚱᚪᛋ,476
goldenly,12975,0,ᚷᚩᛚᛞᛖᚾᛚᚣ,458
outscoring,12968,0,ᚩᚢᛏᛋᚳᚩᚱᛝ,232
puppyish,12966,0,ᛈᚢᛈᛈᚣᛁᛋᚻ,342
anthozoan,12966,0,ᚪᚾᚦᚩᛋᚩᚪᚾ,324
snaffled,12954,0,ᛋᚾᚪᚠᚠᛚᛖᛞ,412
homeborn,12945,0,ᚻᚩᛗᛖᛒᚩᚱᚾ,276
detrition,12931,0,ᛞᛖᛏᚱᛁᛏᛡᚾ,452
pictural,12929,0,ᛈᛁᚳᛏᚢᚱᚪᛚ,330
reedlike,12925,0,ᚱᛖᛖᛞᛚᛁᚳᛖ,418
deaminate,12924,0,ᛞᛠᛗᛁᚾᚪᛏᛖ,552
dogsleds,12902,0,ᛞᚩᚷᛋᛚᛖᛞᛋ,448
unsheathes,12890,0,ᚢᚾᛋᚻᛠᚦᛖᛋ,342
shindigs,12886,0,ᛋᚻᛁᚾᛞᛁᚷᛋ,326
beefwood,12880,0,ᛒᛖᛖᚠᚹᚩᚩᛞ,319
bumboats,12876,0,ᛒᚢᛗᛒᚩᚪᛏᛋ,412
soreheads,12868,0,ᛋᚩᚱᛖᚻᛠᛞᛋ,412
unlooped,12853,0,ᚢᚾᛚᚩᚩᛈᛖᛞ,318
domicils,12847,0,ᛞᚩᛗᛁᚳᛁᛚᛋ,368
beldames,12847,0,ᛒᛖᛚᛞᚪᛗᛖᛋ,578
sweeneys,12846,0,ᛋᚹᛖᛖᚾᛖᚣᛋ,458
fresnels,12846,0,ᚠᚱᛖᛋᚾᛖᛚᛋ,355
paltered,12839,0,ᛈᚪᛚᛏᛖᚱᛖᛞ,506
tarriers,12837,0,ᛏᚪᚱᚱᛁᛖᚱᛋ,340
henroost,12833,0,ᚻᛖᚾᚱᚩᚩᛋᛏ,256
medimnus,12825,0,ᛗᛖᛞᛁᛗᚾᚢᛋ,414
polliwog,12822,0,ᛈᚩᛚᛚᛁᚹᚩᚷ,270
kaffiyeh,12818,0,ᚳᚪᚠᚠᛁᚣᛖᚻ,338
chowchow,12814,0,ᚳᚻᚩᚹᚳᚻᚩᚹ,124
surgeoncy,12778,0,ᛋᚢᚱᚷᛇᚾᚳᚣ,270
hatstand,12773,0,ᚻᚪᛏᛋᛏᚪᚾᛞ,506
moochers,12766,0,ᛗᚩᚩᚳᚻᛖᚱᛋ,252
malodors,12759,0,ᛗᚪᛚᚩᛞᚩᚱᛋ,408
redeless,12747,0,ᚱᛖᛞᛖᛚᛖᛋᛋ,480
mouchard,12738,0,ᛗᚩᚢᚳᚻᚪᚱᛞ,314
tallowed,12734,0,ᛏᚪᛚᛚᚩᚹᛖᛞ,484
osmazome,12723,0,ᚩᛋᛗᚪᛋᚩᛗᛖ,426
astrally,12720,0,ᚪᛋᛏᚱᚪᛚᛚᚣ,566
autacoid,12704,0,ᚪᚢᛏᚪᚳᚩᛁᛞ,396
keelhaul,12700,0,ᚳᛖᛖᛚᚻᚪᚢᛚ,416
dashikis,12700,0,ᛞᚪᛋᚻᛁᚳᛁᛋ,390
charlady,12699,0,ᚳᚻᚪᚱᛚᚪᛞᚣ,506
juvenals,12690,0,ᛂᚢᚢᛖᚾᚪᛚᛋ,362
cavillings,12687,0,ᚳᚪᚢᛁᛚᛚᛝᛋ,422
lorimers,12685,0,ᛚᚩᚱᛁᛗᛖᚱᛋ,324
mancuses,12684,0,ᛗᚪᚾᚳᚢᛋᛖᛋ,386
boathooks,12684,0,ᛒᚩᚪᚦᚩᚩᚳᛋ,250
lackaday,12679,0,ᛚᚪᚳᚳᚪᛞᚪᚣ,582
augustly,12679,0,ᚪᚢᚷᚢᛋᛏᛚᚣ,408
impurely,12670,0,ᛁᛗᛈᚢᚱᛖᛚᚣ,402
tonsures,12659,0,ᛏᚩᚾᛋᚢᚱᛖᛋ,282
nymphets,12641,0,ᚾᚣᛗᛈᚻᛖᛏᛋ,448
eparchial,12625,0,ᛖᛈᚪᚱᚳᚻᛡᛚ,434
brushoff,12620,0,ᛒᚱᚢᛋᚻᚩᚠᚠ,162
midwifes,12617,0,ᛗᛁᛞᚹᛁᚠᛖᛋ,363
upstages,12613,0,ᚢᛈᛋᛏᚪᚷᛖᛋ,392
incrusts,12605,0,ᛁᚾᚳᚱᚢᛋᛏᛋ,252
niggards,12604,0,ᚾᛁᚷᚷᚪᚱᛞᛋ,344
basenjis,12597,0,ᛒᚪᛋᛖᚾᛂᛁᛋ,428
commercing,12586,0,ᚳᚩᛗᛗᛖᚱᚳᛝ,332
bodyless,12579,0,ᛒᚩᛞᚣᛚᛖᛋᛋ,506
pettitoes,12575,0,ᛈᛖᛏᛏᛁᛏᛟᛋ,454
unironed,12555,0,ᚢᚾᛁᚱᚩᚾᛖᛞ,266
lambkill,12531,0,ᛚᚪᛗᛒᚳᛁᛚᛚ,492
embracer,12526,0,ᛖᛗᛒᚱᚪᚳᛖᚱ,398
sapphism,12522,0,ᛋᚪᛈᛈᚻᛁᛋᛗ,414
pearlwort,12510,0,ᛈᛠᚱᛚᚹᚩᚱᛏ,332
trimmest,12505,0,ᛏᚱᛁᛗᛗᛖᛋᛏ,422
moniment,12497,0,ᛗᚩᚾᛁᛗᛖᚾᛏ,364
forspent,12489,0,ᚠᚩᚱᛋᛈᛖᚾᛏ,271
unnoticing,12487,0,ᚢᚾᚾᚩᛏᛁᚳᛝ,250
sovranty,12474,0,ᛋᚩᚢᚱᚪᚾᛏᚣ,362
hurtless,12473,0,ᚻᚢᚱᛏᛚᛖᛋᛋ,342
emersions,12468,0,ᛖᛗᛖᚱᛋᛡᚾᛋ,458
frogfish,12466,0,ᚠᚱᚩᚷᚠᛁᛋᚻ,146
ceilidhs,12466,0,ᚳᛖᛁᛚᛁᛞᚻᛋ,380
pomoerium,12459,0,ᛈᚩᛗᛟᚱᛁᚢᛗ,320
youngness,12451,0,ᚣᚩᚢᛝᚾᛖᛋᛋ,394
rhodanthe,12443,0,ᚱᚻᚩᛞᚪᚾᚦᛖ,328
cragsman,12439,0,ᚳᚱᚪᚷᛋᛗᚪᚾ,388
fieriest,12435,0,ᚠᛁᛖᚱᛁᛖᛋᛏ,321
tiddlers,12414,0,ᛏᛁᛞᛞᛚᛖᚱᛋ,472
torturings,12406,0,ᛏᚩᚱᛏᚢᚱᛝᛋ,282
tetchily,12399,0,ᛏᛖᛏᚳᚻᛁᛚᚣ,428
lunarians,12392,0,ᛚᚢᚾᚪᚱᛡᚾᛋ,402
banausic,12391,0,ᛒᚪᚾᚪᚢᛋᛁᚳ,384
foredone,12382,0,ᚠᚩᚱᛖᛞᚩᚾᛖ,279
blowlamp,12381,0,ᛒᛚᚩᚹᛚᚪᛗᛈ,444
preciser,12368,0,ᛈᚱᛖᚳᛁᛋᛖᚱ,296
brassart,12367,0,ᛒᚱᚪᛋᛋᚪᚱᛏ,442
palilalia,12358,0,ᛈᚪᛚᛁᛚᚪᛚᛡ,594
featherhead,12353,0,ᚠᛠᚦᛖᚱᚻᛠᛞ,415
grouched,12347,0,ᚷᚱᚩᚢᚳᚻᛖᛞ,230
virelais,12344,0,ᚢᛁᚱᛖᛚᚪᛁᛋ,366
wistarias,12339,0,ᚹᛁᛋᛏᚪᚱᛡᛋ,430
scrunchy,12332,0,ᛋᚳᚱᚢᚾᚳᚻᚣ,248
scutellae,12311,0,ᛋᚳᚢᛏᛖᛚᛚᚫ,442
catharpin,12311,0,ᚳᚪᚦᚪᚱᛈᛁᚾ,326
salacity,12305,0,ᛋᚪᛚᚪᚳᛁᛏᚣ,526
sackfuls,12303,0,ᛋᚪᚳᚳᚠᚢᛚᛋ,307
chariest,12303,0,ᚳᚻᚪᚱᛁᛖᛋᛏ,354
stinkpot,12298,0,ᛋᛏᛁᚾᚳᛈᚩᛏ,294
acidemias,12292,0,ᚪᚳᛁᛞᛖᛗᛡᛋ,528
coalhole,12284,0,ᚳᚩᚪᛚᚻᚩᛚᛖ,360
backfall,12272,0,ᛒᚪᚳᚳᚠᚪᛚᛚ,429
pampangan,12260,0,ᛈᚪᛗᛈᚪᛝᚪᚾ,556
larynxes,12252,0,ᛚᚪᚱᚣᚾᛉᛖᛋ,480
plausive,12245,0,ᛈᛚᚪᚢᛋᛁᚢᛖ,370
aphanite,12237,0,ᚪᛈᚻᚪᚾᛁᛏᛖ,446
instroke,12228,0,ᛁᚾᛋᛏᚱᚩᚳᛖ,270
craniates,12228,0,ᚳᚱᚪᚾᛡᛏᛖᛋ,436
triskele,12222,0,ᛏᚱᛁᛋᚳᛖᛚᛖ,374
ocarinas,12213,0,ᚩᚳᚪᚱᛁᚾᚪᛋ,338
assoiled,12197,0,ᚪᛋᛋᚩᛁᛚᛖᛞ,470
doddered,12182,0,ᛞᚩᛞᛞᛖᚱᛖᛞ,508
guerdons,12180,0,ᚷᚢᛖᚱᛞᚩᚾᛋ,276
bourdons,12180,0,ᛒᚩᚢᚱᛞᚩᚾᛋ,260
alfilaria,12175,0,ᚪᛚᚠᛁᛚᚪᚱᛡ,491
coactions,12168,0,ᚳᚩᚪᚳᛏᛡᚾᛋ,378
remoulds,12164,0,ᚱᛖᛗᚩᚢᛚᛞᛋ,374
skysails,12136,0,ᛋᚳᚣᛋᚪᛁᛚᛋ,476
spectate,12127,0,ᛋᛈᛖᚳᛏᚪᛏᛖ,458
cursores,12115,0,ᚳᚢᚱᛋᚩᚱᛖᛋ,218
moroccos,12112,0,ᛗᚩᚱᚩᚳᚳᚩᛋ,182
tininess,12111,0,ᛏᛁᚾᛁᚾᛖᛋᛋ,352
revolter,12080,0,ᚱᛖᚢᚩᛚᛏᛖᚱ,298
drunkest,12080,0,ᛞᚱᚢᚾᚳᛖᛋᛏ,324
bramblings,12079,0,ᛒᚱᚪᛗᛒᛚᛝᛋ,506
gradates,12076,0,ᚷᚱᚪᛞᚪᛏᛖᛋ,490
plumbous,12058,0,ᛈᛚᚢᛗᛒᚩᚢᛋ,314
mankinds,12055,0,ᛗᚪᚾᚳᛁᚾᛞᛋ,412
brindles,12053,0,ᛒᚱᛁᚾᛞᛚᛖᛋ,414
zoophyta,12045,0,ᛋᚩᚩᛈᚻᚣᛏᚪ,392
opopanax,12044,0,ᚩᛈᚩᛈᚪᚾᚪᛉ,370
tumbrels,12039,0,ᛏᚢᛗᛒᚱᛖᛚᛋ,398
stargaze,12039,0,ᛋᛏᚪᚱᚷᚪᛋᛖ,454
amnesiacs,12038,0,ᚪᛗᚾᛖᛋᛡᚳᛋ,490
sandfish,12029,0,ᛋᚪᚾᛞᚠᛁᛋᚻ,377
stalworth,12028,0,ᛋᛏᚪᛚᚹᚩᚱᚦ,324
perjures,12023,0,ᛈᛖᚱᛂᚢᚱᛖᛋ,292
adulator,11981,0,ᚪᛞᚢᛚᚪᛏᚩᚱ,436
slablike,11979,0,ᛋᛚᚪᛒᛚᛁᚳᛖ,468
reglazed,11974,0,ᚱᛖᚷᛚᚪᛋᛖᛞ,474
athenaeums,11974,0,ᚪᚦᛖᚾᚫᚢᛗᛋ,426
puniness,11970,0,ᛈᚢᚾᛁᚾᛖᛋᛋ,308
direness,11969,0,ᛞᛁᚱᛖᚾᛖᛋᛋ,400
polynome,11961,0,ᛈᚩᛚᚣᚾᚩᛗᛖ,400
fallibly,11957,0,ᚠᚪᛚᛚᛁᛒᛚᚣ,513
bascules,11956,0,ᛒᚪᛋᚳᚢᛚᛖᛋ,420
cirriped,11949,0,ᚳᛁᚱᚱᛁᛈᛖᛞ,296
skimpier,11947,0,ᛋᚳᛁᛗᛈᛁᛖᚱ,320
rollways,11941,0,ᚱᚩᛚᛚᚹᚪᚣᛋ,436
propense,11940,0,ᛈᚱᚩᛈᛖᚾᛋᛖ,320
chockful,11939,0,ᚳᚻᚩᚳᚳᚠᚢᛚ,147
calypter,11939,0,ᚳᚪᛚᚣᛈᛏᛖᚱ,466
playsuit,11937,0,ᛈᛚᚪᚣᛋᚢᛁᛏ,462
reascends,11936,0,ᚱᛠᛋᚳᛖᚾᛞᛋ,424
foxiness,11932,0,ᚠᚩᛉᛁᚾᛖᛋᛋ,289
blushers,11918,0,ᛒᛚᚢᛋᚻᛖᚱᛋ,344
putsches,11915,0,ᛈᚢᛏᛋᚳᚻᛖᛋ,314
epitasis,11899,0,ᛖᛈᛁᛏᚪᛋᛁᛋ,434
juniority,11897,0,ᛂᚢᚾᛡᚱᛁᛏᚣ,380
unfilmed,11885,0,ᚢᚾᚠᛁᛚᛗᛖᛞ,365
sweetpeas,11885,0,ᛋᚹᛖᛖᛏᛈᛠᛋ,470
flambeaus,11873,0,ᚠᛚᚪᛗᛒᛠᚢᛋ,469
staddles,11864,0,ᛋᛏᚪᛞᛞᛚᛖᛋ,580
slappers,11860,0,ᛋᛚᚪᛈᛈᛖᚱᛋ,440
shadower,11857,0,ᛋᚻᚪᛞᚩᚹᛖᚱ,366
sparerib,11856,0,ᛋᛈᚪᚱᛖᚱᛁᛒ,374
splodges,11851,0,ᛋᛈᛚᚩᛞᚷᛖᛋ,402
tideways,11844,0,ᛏᛁᛞᛖᚹᚪᚣᛋ,518
surtouts,11844,0,ᛋᚢᚱᛏᚩᚢᛏᛋ,248
roxolani,11819,0,ᚱᚩᛉᚩᛚᚪᚾᛁ,302
sedulity,11818,0,ᛋᛖᛞᚢᛚᛁᛏᚣ,478
unrifled,11817,0,ᚢᚾᚱᛁᚠᛚᛖᛞ,305
engirdled,11817,0,ᛖᛝᛁᚱᛞᛚᛖᛞ,506
fanfaron,11815,0,ᚠᚪᚾᚠᚪᚱᚩᚾ,274
coleseed,11803,0,ᚳᚩᛚᛖᛋᛖᛖᛞ,436
genitors,11800,0,ᚷᛖᚾᛁᛏᚩᚱᛋ,274
clodpole,11795,0,ᚳᛚᚩᛞᛈᚩᛚᛖ,372
boglands,11795,0,ᛒᚩᚷᛚᚪᚾᛞᛋ,426
outcasting,11788,0,ᚩᚢᛏᚳᚪᛋᛏᛝ,370
dormered,11785,0,ᛞᚩᚱᛗᛖᚱᛖᛞ,412
leporids,11781,0,ᛚᛖᛈᚩᚱᛁᛞᛋ,374
infusory,11774,0,ᛁᚾᚠᚢᛋᚩᚱᚣ,239
softheaded,11763,0,ᛋᚩᚠᚦᛠᛞᛖᛞ,421
critturs,11758,0,ᚳᚱᛁᛏᛏᚢᚱᛋ,240
crankier,11735,0,ᚳᚱᚪᚾᚳᛁᛖᚱ,272
miscalling,11730,0,ᛗᛁᛋᚳᚪᛚᛚᛝ,490
unhonest,11719,0,ᚢᚾᚻᚩᚾᛖᛋᛏ,270
grandams,11716,0,ᚷᚱᚪᚾᛞᚪᛗᛋ,464
rhubarbs,11706,0,ᚱᚻᚢᛒᚪᚱᛒᛋ,320
medullas,11701,0,ᛗᛖᛞᚢᛚᛚᚪᛋ,526
netsukes,11696,0,ᚾᛖᛏᛋᚢᚳᛖᛋ,344
leapfrogs,11688,0,ᛚᛠᛈᚠᚱᚩᚷᛋ,315
hastiest,11681,0,ᚻᚪᛋᛏᛁᛖᛋᛏ,442
obliqued,11677,0,ᚩᛒᛚᛁᚳᚹᛖᛞ,360
embattle,11670,0,ᛖᛗᛒᚪᛏᛏᛚᛖ,554
psilosis,11669,0,ᛈᛋᛁᛚᚩᛋᛁᛋ,344
foreruns,11667,0,ᚠᚩᚱᛖᚱᚢᚾᛋ,183
accoutre,11655,0,ᚪᚳᚳᚩᚢᛏᚱᛖ,270
hatcheck,11642,0,ᚻᚪᛏᚳᚻᛖᚳᚳ,308
homogeny,11638,0,ᚻᚩᛗᚩᚷᛖᚾᚣ,324
gentrify,11629,0,ᚷᛖᚾᛏᚱᛁᚠᚣ,319
acescent,11623,0,ᚪᚳᛖᛋᚳᛖᚾᛏ,398
notarise,11616,0,ᚾᚩᛏᚪᚱᛁᛋᛖ,354
isograms,11608,0,ᛁᛋᚩᚷᚱᚪᛗᛋ,340
junoesque,11607,0,ᛂᚢᚾᛟᛋᚳᚹᛖ,304
taphouse,11603,0,ᛏᚪᛈᚻᚩᚢᛋᛖ,352
serranid,11592,0,ᛋᛖᚱᚱᚪᚾᛁᛞ,388
miswriting,11584,0,ᛗᛁᛋᚹᚱᛁᛏᛝ,354
laborant,11583,0,ᛚᚪᛒᚩᚱᚪᚾᛏ,434
sepaloid,11566,0,ᛋᛖᛈᚪᛚᚩᛁᛞ,460
crenelle,11564,0,ᚳᚱᛖᚾᛖᛚᛚᛖ,400
opinioned,11563,0,ᚩᛈᛁᚾᛡᚾᛖᛞ,402
achromic,11543,0,ᚪᚳᚻᚱᚩᛗᛁᚳ,266
maysters,11539,0,ᛗᚪᚣᛋᛏᛖᚱᛋ,514
taprooms,11533,0,ᛏᚪᛈᚱᚩᚩᛗᛋ,348
loiterings,11512,0,ᛚᚩᛁᛏᛖᚱᛝᛋ,380
southpaws,11508,0,ᛋᚩᚢᚦᛈᚪᚹᛋ,280
steinbok,11505,0,ᛋᛏᛖᛁᚾᛒᚩᚳ,320
alkalize,11481,0,ᚪᛚᚳᚪᛚᛁᛋᛖ,504
gladlier,11471,0,ᚷᛚᚪᛞᛚᛁᛖᚱ,458
bustiers,11467,0,ᛒᚢᛋᛏᛁᛖᚱᛋ,338
knuckler,11462,0,ᚳᚾᚢᚳᚳᛚᛖᚱ,222
wrigglings,11456,0,ᚹᚱᛁᚷᚷᛚᛝᛋ,300
lamentings,11451,0,ᛚᚪᛗᛖᚾᛏᛝᛋ,528
dawdlers,11446,0,ᛞᚪᚹᛞᛚᛖᚱᛋ,498
clearways,11441,0,ᚳᛚᛠᚱᚹᚪᚣᛋ,478
squishes,11435,0,ᛋᚳᚹᛁᛋᚻᛖᛋ,312
gettable,11435,0,ᚷᛖᛏᛏᚪᛒᛚᛖ,500
vernicle,11429,0,ᚢᛖᚱᚾᛁᚳᛚᛖ,294
chattier,11427,0,ᚳᚻᚪᛏᛏᛁᛖᚱ,360
surcingles,11423,0,ᛋᚢᚱᚳᛝᛚᛖᛋ,352
palmyras,11423,0,ᛈᚪᛚᛗᚣᚱᚪᛋ,548
aeciospore,11418,0,ᚫᚳᛡᛋᛈᚩᚱᛖ,402
drowsier,11406,0,ᛞᚱᚩᚹᛋᛁᛖᚱ,288
steatites,11403,0,ᛋᛏᛠᛏᛁᛏᛖᛋ,490
chirpily,11401,0,ᚳᚻᛁᚱᛈᛁᛚᚣ,328
corteges,11395,0,ᚳᚩᚱᛏᛖᚷᛖᛋ,294
musettes,11388,0,ᛗᚢᛋᛖᛏᛏᛖᛋ,432
shaggier,11384,0,ᛋᚻᚪᚷᚷᛁᛖᚱ,316
ambusher,11381,0,ᚪᛗᛒᚢᛋᚻᛖᚱ,386
astrantia,11379,0,ᚪᛋᛏᚱᚪᚾᛏᛡ,512
moorfowl,11365,0,ᛗᚩᚩᚱᚠᚩᚹᛚ,197
jaybirds,11365,0,ᛂᚪᚣᛒᛁᚱᛞᛋ,482
inbreathed,11354,0,ᛁᚾᛒᚱᛠᚦᛖᛞ,402
balefire,11354,0,ᛒᚪᛚᛖᚠᛁᚱᛖ,409
dreamiest,11353,0,ᛞᚱᛠᛗᛁᛖᛋᛏ,490
shakeups,11346,0,ᛋᚻᚪᚳᛖᚢᛈᛋ,352
sandlike,11327,0,ᛋᚪᚾᛞᛚᛁᚳᛖ,452
bengaline,11320,0,ᛒᛖᛝᚪᛚᛁᚾᛖ,504
clencher,11307,0,ᚳᛚᛖᚾᚳᚻᛖᚱ,296
filterer,11306,0,ᚠᛁᛚᛏᛖᚱᛖᚱ,321
unkennel,11303,0,ᚢᚾᚳᛖᚾᚾᛖᛚ,310
orthicons,11299,0,ᚩᚱᚦᛁᚳᚩᚾᛋ,156
unenduring,11298,0,ᚢᚾᛖᚾᛞᚢᚱᛝ,310
unwithering,11293,0,ᚢᚾᚹᛁᚦᛖᚱᛝ,244
circinus,11287,0,ᚳᛁᚱᚳᛁᚾᚢᛋ,184
germless,11283,0,ᚷᛖᚱᛗᛚᛖᛋᛋ,412
vintager,11278,0,ᚢᛁᚾᛏᚪᚷᛖᚱ,314
chinches,11272,0,ᚳᚻᛁᚾᚳᚻᛖᛋ,252
shandies,11256,0,ᛋᚻᚪᚾᛞᛁᛖᛋ,442
snowshed,11253,0,ᛋᚾᚩᚹᛋᚻᛖᛞ,340
asterope,11242,0,ᚪᛋᛏᛖᚱᚩᛈᛖ,404
tunneler,11239,0,ᛏᚢᚾᚾᛖᛚᛖᚱ,338
gossipings,11237,0,ᚷᚩᛋᛋᛁᛈᛝᛋ,336
goalmouth,11232,0,ᚷᚩᚪᛚᛗᚩᚢᚦ,280
corporas,11228,0,ᚳᚩᚱᛈᚩᚱᚪᛋ,242
unalluring,11225,0,ᚢᚾᚪᛚᛚᚢᚱᛝ,368
burrells,11224,0,ᛒᚢᚱᚱᛖᛚᛚᛋ,352
pleonasms,11223,0,ᛈᛚᛇᚾᚪᛋᛗᛋ,460
flysheet,11222,0,ᚠᛚᚣᛋᚻᛖᛖᛏ,447
intender,11217,0,ᛁᚾᛏᛖᚾᛞᛖᚱ,382
paletots,11206,0,ᛈᚪᛚᛖᛏᚩᛏᛋ,458
sycamine,11189,0,ᛋᚣᚳᚪᛗᛁᚾᛖ,464
retrains,11189,0,ᚱᛖᛏᚱᚪᛁᚾᛋ,358
midwatch,11181,0,ᛗᛁᛞᚹᚪᛏᚳᚻ,402
methodise,11168,0,ᛗᛖᚦᚩᛞᛁᛋᛖ,390
octandria,11136,0,ᚩᚳᛏᚪᚾᛞᚱᛡ,412
boltrope,11136,0,ᛒᚩᛚᛏᚱᚩᛈᛖ,328
pibrochs,11133,0,ᛈᛁᛒᚱᚩᚳᚻᛋ,242
toughies,11123,0,ᛏᚩᚢᚷᚻᛁᛖᛋ,260
ignobler,11122,0,ᛁᚷᚾᚩᛒᛚᛖᚱ,296
evenfall,11121,0,ᛖᚢᛖᚾᚠᚪᛚᛚ,411
sickbeds,11117,0,ᛋᛁᚳᚳᛒᛖᛞᛋ,380
uncloses,11112,0,ᚢᚾᚳᛚᚩᛋᛖᛋ,298
offsides,11112,0,ᚩᚠᚠᛋᛁᛞᛖᛋ,304
ungenuine,11103,0,ᚢᛝᛖᚾᚢᛁᚾᛖ,308
miscalls,11094,0,ᛗᛁᛋᚳᚪᛚᛚᛋ,464
blistery,11091,0,ᛒᛚᛁᛋᛏᛖᚱᚣ,458
bractlet,11089,0,ᛒᚱᚪᚳᛏᛚᛖᛏ,440
malignly,11083,0,ᛗᚪᛚᛁᚷᚾᛚᚣ,494
thumbhole,11080,0,ᚦᚢᛗᛒᚻᚩᛚᛖ,310
bicolour,11076,0,ᛒᛁᚳᚩᛚᚩᚢᚱ,206
dishevel,11071,0,ᛞᛁᛋᚻᛖᚢᛖᛚ,406
smellier,11069,0,ᛋᛗᛖᛚᛚᛁᛖᚱ,446
hayracks,11067,0,ᚻᚪᚣᚱᚪᚳᚳᛋ,410
manhoods,11061,0,ᛗᚪᚾᚻᚩᚩᛞᛋ,376
centesis,11056,0,ᚳᛖᚾᛏᛖᛋᛁᛋ,372
shikaree,11049,0,ᛋᚻᛁᚳᚪᚱᛖᛖ,362
falcidian,11049,0,ᚠᚪᛚᚳᛁᛞᛡᚾ,441
sauciest,11041,0,ᛋᚪᚢᚳᛁᛖᛋᛏ,376
sombrous,11034,0,ᛋᚩᛗᛒᚱᚩᚢᛋ,266
foramens,11033,0,ᚠᚩᚱᚪᛗᛖᚾᛋ,337
vibratos,11018,0,ᚢᛁᛒᚱᚪᛏᚩᛋ,322
obsoleting,11017,0,ᚩᛒᛋᚩᛚᛖᛏᛝ,406
ferruled,11015,0,ᚠᛖᚱᚱᚢᛚᛖᛞ,323
choppier,11009,0,ᚳᚻᚩᛈᛈᛁᛖᚱ,238
bilabials,10989,0,ᛒᛁᛚᚪᛒᛡᛚᛋ,556
somalians,10979,0,ᛋᚩᛗᚪᛚᛡᚾᛋ,490
faintish,10978,0,ᚠᚪᛁᚾᛏᛁᛋᚻ,325
foamless,10977,0,ᚠᚩᚪᛗᛚᛖᛋᛋ,423
oblivions,10974,0,ᚩᛒᛚᛁᚢᛡᚾᛋ,364
rundowns,10973,0,ᚱᚢᚾᛞᚩᚹᚾᛋ,240
polonies,10970,0,ᛈᚩᛚᚩᚾᛁᛖᛋ,310
chancier,10966,0,ᚳᚻᚪᚾᚳᛁᛖᚱ,284
attemper,10962,0,ᚪᛏᛏᛖᛗᛈᛖᚱ,474
overtire,10954,0,ᚩᚢᛖᚱᛏᛁᚱᛖ,256
pomeroys,10944,0,ᛈᚩᛗᛖᚱᚩᚣᛋ,362
malodour,10942,0,ᛗᚪᛚᚩᛞᚩᚢᚱ,358
unsticking,10935,0,ᚢᚾᛋᛏᛁᚳᚳᛝ,280
tinselly,10934,0,ᛏᛁᚾᛋᛖᛚᛚᚣ,488
crispier,10929,0,ᚳᚱᛁᛋᛈᛁᛖᚱ,260
scrooges,10912,0,ᛋᚳᚱᚩᚩᚷᛖᛋ,228
maturate,10907,0,ᛗᚪᛏᚢᚱᚪᛏᛖ,464
unceiled,10880,0,ᚢᚾᚳᛖᛁᛚᛖᛞ,372
gerontes,10880,0,ᚷᛖᚱᚩᚾᛏᛖᛋ,310
chitrali,10866,0,ᚳᚻᛁᛏᚱᚪᛚᛁ,338
pattypan,10857,0,ᛈᚪᛏᛏᚣᛈᚪᚾ,530
unbeheld,10852,0,ᚢᚾᛒᛖᚻᛖᛚᛞ,412
gynandria,10850,0,ᚷᚣᚾᚪᚾᛞᚱᛡ,482
stormful,10847,0,ᛋᛏᚩᚱᛗᚠᚢᛚ,279
benisons,10839,0,ᛒᛖᚾᛁᛋᚩᚾᛋ,330
twinklings,10825,0,ᛏᚹᛁᚾᚳᛚᛝᛋ,356
semicoma,10822,0,ᛋᛖᛗᛁᚳᚩᛗᚪ,410
devaloka,10822,0,ᛞᛖᚢᚪᛚᚩᚳᚪ,446
cachexias,10822,0,ᚳᚪᚳᚻᛖᛉᛡᛋ,420
godsends,10818,0,ᚷᚩᛞᛋᛖᚾᛞᛋ,404
insnared,10816,0,ᛁᚾᛋᚾᚪᚱᛖᛞ,406
ribgrass,10810,0,ᚱᛁᛒᚷᚱᚪᛋᛋ,334
osculate,10810,0,ᚩᛋᚳᚢᛚᚪᛏᛖ,372
mislikes,10807,0,ᛗᛁᛋᛚᛁᚳᛖᛋ,392
charleys,10804,0,ᚳᚻᚪᚱᛚᛖᚣᛋ,440
caraways,10804,0,ᚳᚪᚱᚪᚹᚪᚣᛋ,490
sandboys,10794,0,ᛋᚪᚾᛞᛒᚩᚣᛋ,492
perigees,10794,0,ᛈᛖᚱᛁᚷᛖᛖᛋ,356
walloper,10791,0,ᚹᚪᛚᛚᚩᛈᛖᚱ,390
startler,10790,0,ᛋᛏᚪᚱᛏᛚᛖᚱ,430
palmlike,10789,0,ᛈᚪᛚᛗᛚᛁᚳᛖ,468
arabised,10787,0,ᚪᚱᚪᛒᛁᛋᛖᛞ,506
dogwatch,10776,0,ᛞᚩᚷᚹᚪᛏᚳᚻ,324
stuffily,10754,0,ᛋᛏᚢᚠᚠᛁᛚᚣ,326
indianans,10754,0,ᛁᚾᛞᛡᚾᚪᚾᛋ,464
sirnames,10746,0,ᛋᛁᚱᚾᚪᛗᛖᛋ,412
smithwork,10740,0,ᛋᛗᛁᚦᚹᚩᚱᚳ,210
fluidram,10740,0,ᚠᛚᚢᛁᛞᚱᚪᛗ,377
emaciates,10740,0,ᛖᛗᚪᚳᛡᛏᛖᛋ,534
brockets,10730,0,ᛒᚱᚩᚳᚳᛖᛏᛋ,284
propenes,10727,0,ᛈᚱᚩᛈᛖᚾᛖᛋ,320
sagittas,10714,0,ᛋᚪᚷᛁᛏᛏᚪᛋ,466
eudaemonia,10708,0,ᛖᚢᛞᚫᛗᚩᚾᛡ,474
diaphysial,10692,0,ᛞᛡᛈᚻᚣᛋᛡᛚ,598
abraided,10682,0,ᚪᛒᚱᚪᛁᛞᛖᛞ,542
snowbell,10677,0,ᛋᚾᚩᚹᛒᛖᛚᛚ,382
nigritian,10671,0,ᚾᛁᚷᚱᛁᛏᛡᚾ,314
bioplasts,10651,0,ᛒᛡᛈᛚᚪᛋᛏᛋ,546
clammily,10647,0,ᚳᛚᚪᛗᛗᛁᛚᚣ,532
pieplant,10646,0,ᛈᛁᛖᛈᛚᚪᚾᛏ,442
woolward,10634,0,ᚹᚩᚩᛚᚹᚪᚱᛞ,322
bandless,10624,0,ᛒᚪᚾᛞᛚᛖᛋᛋ,522
conjurings,10611,0,ᚳᚩᚾᛂᚢᚱᛝᛋ,232
estivate,10608,0,ᛖᛋᛏᛁᚢᚪᛏᛖ,436
upswelling,10601,0,ᚢᛈᛋᚹᛖᛚᛚᛝ,410
bobtails,10600,0,ᛒᚩᛒᛏᚪᛁᛚᛋ,442
tollable,10594,0,ᛏᚩᛚᛚᚪᛒᛚᛖ,510
stickups,10586,0,ᛋᛏᛁᚳᚳᚢᛈᛋ,268
transude,10583,0,ᛏᚱᚪᚾᛋᚢᛞᛖ,408
barathrum,10571,0,ᛒᚪᚱᚪᚦᚱᚢᛗ,356
reburials,10566,0,ᚱᛖᛒᚢᚱᛡᛚᛋ,386
bullpens,10562,0,ᛒᚢᛚᛚᛈᛖᚾᛋ,402
minicabs,10555,0,ᛗᛁᚾᛁᚳᚪᛒᛋ,386
trentine,10552,0,ᛏᚱᛖᚾᛏᛁᚾᛖ,352
jubilating,10549,0,ᛂᚢᛒᛁᛚᚪᛏᛝ,440
agedness,10546,0,ᚪᚷᛖᛞᚾᛖᛋᛋ,472
lophiodon,10540,0,ᛚᚩᛈᚻᛡᛞᚩᚾ,378
someways,10536,0,ᛋᚩᛗᛖᚹᚪᚣᛋ,470
waxiness,10529,0,ᚹᚪᛉᛁᚾᛖᛋᛋ,396
overnice,10515,0,ᚩᚢᛖᚱᚾᛁᚳᛖ,228
bourgeons,10515,0,ᛒᚩᚢᚱᚷᛇᚾᛋ,222
irradiant,10507,0,ᛁᚱᚱᚪᛞᛡᚾᛏ,434
petcocks,10506,0,ᛈᛖᛏᚳᚩᚳᚳᛋ,268
beguiler,10499,0,ᛒᛖᚷᚢᛁᛚᛖᚱ,330
mansards,10488,0,ᛗᚪᚾᛋᚪᚱᛞᛋ,500
peridots,10477,0,ᛈᛖᚱᛁᛞᚩᛏᛋ,360
arrivers,10477,0,ᚪᚱᚱᛁᚢᛖᚱᛋ,284
spadille,10466,0,ᛋᛈᚪᛞᛁᛚᛚᛖ,526
westmost,10462,0,ᚹᛖᛋᛏᛗᚩᛋᛏ,388
komondor,10462,0,ᚳᚩᛗᚩᚾᛞᚩᚱ,234
deporter,10461,0,ᛞᛖᛈᚩᚱᛏᛖᚱ,354
deadlight,10458,0,ᛞᛠᛞᛚᛁᚷᚻᛏ,490
clobbers,10437,0,ᚳᛚᚩᛒᛒᛖᚱᛋ,346
podestas,10436,0,ᛈᚩᛞᛖᛋᛏᚪᛋ,468
aspirers,10412,0,ᚪᛋᛈᛁᚱᛖᚱᛋ,366
haemostat,10409,0,ᚻᚫᛗᚩᛋᛏᚪᛏ,470
queerish,10408,0,ᚳᚹᛖᛖᚱᛁᛋᚻ,284
squiggling,10407,0,ᛋᚳᚹᛁᚷᚷᛚᛝ,302
affecter,10402,0,ᚪᚠᚠᛖᚳᛏᛖᚱ,318
geodetics,10391,0,ᚷᛇᛞᛖᛏᛁᚳᛋ,370
outstaying,10388,0,ᚩᚢᛏᛋᛏᚪᚣᛝ,460
tarriance,10368,0,ᛏᚪᚱᚱᛡᚾᚳᛖ,394
plaiters,10368,0,ᛈᛚᚪᛁᛏᛖᚱᛋ,434
lazarets,10368,0,ᛚᚪᛋᚪᚱᛖᛏᛋ,510
kickshaw,10363,0,ᚳᛁᚳᚳᛋᚻᚪᚹ,262
reprieving,10361,0,ᚱᛖᛈᚱᛁᛖᚢᛝ,312
evincive,10359,0,ᛖᚢᛁᚾᚳᛁᚢᛖ,244
spielers,10357,0,ᛋᛈᛁᛖᛚᛖᚱᛋ,398
trioxides,10341,0,ᛏᚱᛡᛉᛁᛞᛖᛋ,464
flabbily,10339,0,ᚠᛚᚪᛒᛒᛁᛚᚣ,501
prongbuck,10322,0,ᛈᚱᚩᛝᛒᚢᚳᚳ,230
frumpish,10313,0,ᚠᚱᚢᛗᛈᛁᛋᚻ,237
stomaching,10304,0,ᛋᛏᚩᛗᚪᚳᚻᛝ,402
avowable,10297,0,ᚪᚢᚩᚹᚪᛒᛚᛖ,424
sinkable,10296,0,ᛋᛁᚾᚳᚪᛒᛚᛖ,424
tourneying,10289,0,ᛏᚩᚢᚱᚾᛖᚣᛝ,358
cockered,10288,0,ᚳᚩᚳᚳᛖᚱᛖᛞ,280
sailless,10282,0,ᛋᚪᛁᛚᛚᛖᛋᛋ,500
pikelets,10277,0,ᛈᛁᚳᛖᛚᛖᛏᛋ,406
quixotry,10274,0,ᚳᚹᛁᛉᚩᛏᚱᚣ,290
calliopes,10269,0,ᚳᚪᛚᛚᛡᛈᛖᛋ,526
aridness,10255,0,ᚪᚱᛁᛞᚾᛖᛋᛋ,430
spookier,10254,0,ᛋᛈᚩᚩᚳᛁᛖᚱ,232
calamary,10252,0,ᚳᚪᛚᚪᛗᚪᚱᚣ,562
tankages,10249,0,ᛏᚪᚾᚳᚪᚷᛖᛋ,432
requirings,10246,0,ᚱᛖᚳᚹᛁᚱᛝᛋ,284
ladyfinger,10244,0,ᛚᚪᛞᚣᚠᛝᛖᚱ,521
whimseys,10243,0,ᚹᚻᛁᛗᛋᛖᚣᛋ,420
tuskless,10228,0,ᛏᚢᛋᚳᛚᛖᛋᛋ,374
seatmates,10211,0,ᛋᛠᛏᛗᚪᛏᛖᛋ,568
livelily,10210,0,ᛚᛁᚢᛖᛚᛁᛚᚣ,454
unespied,10205,0,ᚢᚾᛖᛋᛈᛁᛖᛞ,382
chubbier,10199,0,ᚳᚻᚢᛒᛒᛁᛖᚱ,270
crustily,10197,0,ᚳᚱᚢᛋᛏᛁᛚᚣ,346
payslips,10181,0,ᛈᚪᚣᛋᛚᛁᛈᛋ,496
wyomingite,10179,0,ᚹᚣᚩᛗᛝᛁᛏᛖ,436
gearstick,10179,0,ᚷᛠᚱᛋᛏᛁᚳᚳ,306
pilewort,10174,0,ᛈᛁᛚᛖᚹᚩᚱᛏ,310
lapelled,10143,0,ᛚᚪᛈᛖᛚᛚᛖᛞ,582
tapeline,10133,0,ᛏᚪᛈᛖᛚᛁᚾᛖ,466
piacevole,10133,0,ᛈᛡᚳᛖᚢᚩᛚᛖ,380
bidarkas,10132,0,ᛒᛁᛞᚪᚱᚳᚪᛋ,452
glissading,10130,0,ᚷᛚᛁᛋᛋᚪᛞᛝ,492
fingermark,10126,0,ᚠᛝᛖᚱᛗᚪᚱᚳ,351
bitchery,10126,0,ᛒᛁᛏᚳᚻᛖᚱᚣ,368
centrums,10117,0,ᚳᛖᚾᛏᚱᚢᛗᛋ,306
toyshops,10113,0,ᛏᚩᚣᛋᚻᚩᛈᛋ,348
redtails,10113,0,ᚱᛖᛞᛏᚪᛁᛚᛋ,480
unsubtly,10109,0,ᚢᚾᛋᚢᛒᛏᛚᚣ,384
falterings,10098,0,ᚠᚪᛚᛏᛖᚱᛝᛋ,441
stomacks,10095,0,ᛋᛏᚩᛗᚪᚳᚳᛋ,366
mundungus,10092,0,ᛗᚢᚾᛞᚢᛝᚢᛋ,330
drastics,10087,0,ᛞᚱᚪᛋᛏᛁᚳᛋ,406
streakers,10076,0,ᛋᛏᚱᛠᚳᛖᚱᛋ,376
wrynecks,10039,0,ᚹᚱᚣᚾᛖᚳᚳᛋ,308
bruneians,10038,0,ᛒᚱᚢᚾᛖᛡᚾᛋ,360
silklike,10037,0,ᛋᛁᛚᚳᛚᛁᚳᛖ,354
behalves,10037,0,ᛒᛖᚻᚪᛚᚢᛖᛋ,444
wisterias,10035,0,ᚹᛁᛋᛏᛖᚱᛡᛋ,400
vapoured,10030,0,ᚢᚪᛈᚩᚢᚱᛖᛞ,320
risibles,10029,0,ᚱᛁᛋᛁᛒᛚᛖᛋ,380
danseurs,10012,0,ᛞᚪᚾᛋᛖᚢᚱᛋ,402
browbeats,10008,0,ᛒᚱᚩᚹᛒᛠᛏᛋ,380
parchesi,10002,0,ᛈᚪᚱᚳᚻᛖᛋᛁ,338
scourger,9998,0,ᛋᚳᚩᚢᚱᚷᛖᚱ,182
atwitter,9998,0,ᚪᛏᚹᛁᛏᛏᛖᚱ,402
stealthier,9995,0,ᛋᛏᛠᛚᚦᛁᛖᚱ,408
begemmed,9991,0,ᛒᛖᚷᛖᛗᛗᛖᛞ,510
ravigote,9990,0,ᚱᚪᚢᛁᚷᚩᛏᛖ,292
baldheads,9985,0,ᛒᚪᛚᛞᚻᛠᛞᛋ,594
negotiant,9984,0,ᚾᛖᚷᚩᛏᛡᚾᛏ,374
caulicle,9984,0,ᚳᚪᚢᛚᛁᚳᛚᛖ,370
colchica,9982,0,ᚳᚩᛚᚳᚻᛁᚳᚪ,270
botchers,9970,0,ᛒᚩᛏᚳᚻᛖᚱᛋ,294
hencoops,9962,0,ᚻᛖᚾᚳᚩᚩᛈᛋ,242
sparklings,9961,0,ᛋᛈᚪᚱᚳᛚᛝᛋ,422
percoids,9960,0,ᛈᛖᚱᚳᚩᛁᛞᛋ,314
sundrops,9957,0,ᛋᚢᚾᛞᚱᚩᛈᛋ,288
droopingly,9949,0,ᛞᚱᚩᚩᛈᛝᛚᚣ,412
anabatic,9945,0,ᚪᚾᚪᛒᚪᛏᛁᚳ,484
ratifier,9931,0,ᚱᚪᛏᛁᚠᛁᛖᚱ,309
pinchgut,9927,0,ᛈᛁᚾᚳᚻᚷᚢᛏ,218
ironshod,9926,0,ᛁᚱᚩᚾᛋᚻᚩᛞ,250
lucernes,9919,0,ᛚᚢᚳᛖᚱᚾᛖᛋ,316
scooched,9918,0,ᛋᚳᚩᚩᚳᚻᛖᛞ,272
carouser,9918,0,ᚳᚪᚱᚩᚢᛋᛖᚱ,262
acrodont,9912,0,ᚪᚳᚱᚩᛞᚩᚾᛏ,312
dynamize,9909,0,ᛞᚣᚾᚪᛗᛁᛋᛖ,540
paduasoy,9904,0,ᛈᚪᛞᚢᚪᛋᚩᚣ,492
pipefuls,9894,0,ᛈᛁᛈᛖᚠᚢᛚᛋ,315
oversets,9886,0,ᚩᚢᛖᚱᛋᛖᛏᛋ,320
joyrides,9885,0,ᛂᚩᚣᚱᛁᛞᛖᛋ,398
peculating,9881,0,ᛈᛖᚳᚢᛚᚪᛏᛝ,434
prosodial,9878,0,ᛈᚱᚩᛋᚩᛞᛡᛚ,390
turgidly,9875,0,ᛏᚢᚱᚷᛁᛞᛚᚣ,386
clarsach,9875,0,ᚳᛚᚪᚱᛋᚪᚳᚻ,380
ravenala,9858,0,ᚱᚪᚢᛖᚾᚪᛚᚪ,474
misdates,9853,0,ᛗᛁᛋᛞᚪᛏᛖᛋ,520
dunnocks,9850,0,ᛞᚢᚾᚾᚩᚳᚳᛋ,236
deaconate,9835,0,ᛞᛠᚳᚩᚾᚪᛏᛖ,470
reperuse,9828,0,ᚱᛖᛈᛖᚱᚢᛋᛖ,322
preordain,9825,0,ᛈᚱᛇᚱᛞᚪᛁᚾ,352
pandoras,9825,0,ᛈᚪᚾᛞᚩᚱᚪᛋ,426
nearabout,9814,0,ᚾᛠᚱᚪᛒᚩᚢᛏ,376
crankily,9813,0,ᚳᚱᚪᚾᚳᛁᛚᚣ,370
halfness,9800,0,ᚻᚪᛚᚠᚾᛖᛋᛋ,397
polysomy,9796,0,ᛈᚩᛚᚣᛋᚩᛗᚣ,460
breezier,9796,0,ᛒᚱᛖᛖᛋᛁᛖᚱ,368
driftage,9794,0,ᛞᚱᛁᚠᛏᚪᚷᛖ,373
bolognas,9794,0,ᛒᚩᛚᚩᚷᚾᚪᛋ,344
forbodes,9793,0,ᚠᚩᚱᛒᚩᛞᛖᛋ,297
monerans,9790,0,ᛗᚩᚾᛖᚱᚪᚾᛋ,364
parquets,9786,0,ᛈᚪᚱᚳᚹᛖᛏᛋ,362
imparter,9761,0,ᛁᛗᛈᚪᚱᛏᛖᚱ,390
termtime,9758,0,ᛏᛖᚱᛗᛏᛁᛗᛖ,436
lanciers,9742,0,ᛚᚪᚾᚳᛁᛖᚱᛋ,374
sartorii,9739,0,ᛋᚪᚱᛏᚩᚱᛁᛁ,300
baidarka,9738,0,ᛒᚪᛁᛞᚪᚱᚳᚪ,496
misshape,9737,0,ᛗᛁᛋᛋᚻᚪᛈᛖ,438
wonderer,9730,0,ᚹᚩᚾᛞᛖᚱᛖᚱ,300
sourdine,9728,0,ᛋᚩᚢᚱᛞᛁᚾᛖ,290
cookfire,9726,0,ᚳᚩᚩᚳᚠᛁᚱᛖ,151
velveted,9720,0,ᚢᛖᛚᚢᛖᛏᛖᛞ,428
purpureal,9708,0,ᛈᚢᚱᛈᚢᚱᛠᛚ,296
linecuts,9705,0,ᛚᛁᚾᛖᚳᚢᛏᛋ,328
ransomer,9697,0,ᚱᚪᚾᛋᚩᛗᛖᚱ,346
unworded,9694,0,ᚢᚾᚹᚩᚱᛞᛖᛞ,314
overacts,9692,0,ᚩᚢᛖᚱᚪᚳᛏᛋ,310
unfueled,9689,0,ᚢᚾᚠᚢᛖᛚᛖᛞ,333
seedcake,9686,0,ᛋᛖᛖᛞᚳᚪᚳᛖ,466
brachiate,9685,0,ᛒᚱᚪᚳᚻᛡᛏᛖ,438
flatfeet,9680,0,ᚠᛚᚪᛏᚠᛖᛖᛏ,426
dustcloth,9653,0,ᛞᚢᛋᛏᚳᛚᚩᚦ,302
enrooted,9635,0,ᛖᚾᚱᚩᚩᛏᛖᛞ,336
nescient,9632,0,ᚾᛖᛋᚳᛁᛖᚾᛏ,348
attester,9631,0,ᚪᛏᛏᛖᛋᛏᛖᚱ,472
straught,9630,0,ᛋᛏᚱᚪᚢᚷᚻᛏ,322
buckrams,9613,0,ᛒᚢᚳᚳᚱᚪᛗᛋ,322
slingbacks,9610,0,ᛋᛚᛝᛒᚪᚳᚳᛋ,442
polygene,9609,0,ᛈᚩᛚᚣᚷᛖᚾᛖ,406
serotine,9607,0,ᛋᛖᚱᚩᛏᛁᚾᛖ,324
urinator,9605,0,ᚢᚱᛁᚾᚪᛏᚩᚱ,248
stopples,9600,0,ᛋᛏᚩᛈᛈᛚᛖᛋ,398
aerophile,9600,0,ᚫᚱᚩᛈᚻᛁᛚᛖ,356
sporrans,9594,0,ᛋᛈᚩᚱᚱᚪᚾᛋ,304
esurient,9587,0,ᛖᛋᚢᚱᛁᛖᚾᛏ,320
pantiled,9580,0,ᛈᚪᚾᛏᛁᛚᛖᛞ,488
temblors,9558,0,ᛏᛖᛗᛒᛚᚩᚱᛋ,402
shadblow,9557,0,ᛋᚻᚪᛞᛒᛚᚩᚹ,422
iceboats,9552,0,ᛁᚳᛖᛒᚩᚪᛏᛋ,388
handcars,9544,0,ᚻᚪᚾᛞᚳᚪᚱᛋ,412
buckshee,9543,0,ᛒᚢᚳᚳᛋᚻᛖᛖ,300
motorium,9542,0,ᛗᚩᛏᚩᚱᛁᚢᛗ,260
feelingful,9536,0,ᚠᛖᛖᛚᛝᚠᚢᛚ,366
surliest,9534,0,ᛋᚢᚱᛚᛁᛖᛋᛏ,350
untipped,9529,0,ᚢᚾᛏᛁᛈᛈᛖᛞ,364
septuple,9526,0,ᛋᛖᛈᛏᚢᛈᛚᛖ,408
acarines,9513,0,ᚪᚳᚪᚱᛁᚾᛖᛋ,398
bibliothec,9511,0,ᛒᛁᛒᛚᛡᚦᛖᚳ,418
opsonize,9501,0,ᚩᛈᛋᚩᚾᛁᛋᛖ,290
chaliced,9497,0,ᚳᚻᚪᛚᛁᚳᛖᛞ,406
statices,9494,0,ᛋᛏᚪᛏᛁᚳᛖᛋ,432
euphrasy,9487,0,ᛖᚢᛈᚻᚱᚪᛋᚣ,400
supellex,9476,0,ᛋᚢᛈᛖᛚᛚᛖᛉ,426
panatela,9467,0,ᛈᚪᚾᚪᛏᛖᛚᚪ,562
anglophil,9460,0,ᚪᛝᛚᚩᛈᚻᛁᛚ,426
bumblers,9457,0,ᛒᚢᛗᛒᛚᛖᚱᛋ,400
outbrave,9438,0,ᚩᚢᛏᛒᚱᚪᚢᛖ,308
hotelman,9420,0,ᚻᚩᛏᛖᛚᛗᚪᚾ,426
shipless,9418,0,ᛋᚻᛁᛈᛚᛖᛋᛋ,396
prevayle,9410,0,ᛈᚱᛖᚢᚪᚣᛚᛖ,464
cleanlier,9410,0,ᚳᛚᛠᚾᛚᛁᛖᚱ,406
variform,9404,0,ᚢᚪᚱᛁᚠᚩᚱᛗ,233
trickily,9400,0,ᛏᚱᛁᚳᚳᛁᛚᚣ,334
lunarium,9398,0,ᛚᚢᚾᚪᚱᛁᚢᛗ,318
unprized,9389,0,ᚢᚾᛈᚱᛁᛋᛖᛞ,326
unperson,9388,0,ᚢᚾᛈᛖᚱᛋᚩᚾ,242
fioritura,9388,0,ᚠᛡᚱᛁᛏᚢᚱᚪ,321
slipover,9378,0,ᛋᛚᛁᛈᚩᚢᛖᚱ,288
upcurled,9377,0,ᚢᛈᚳᚢᚱᛚᛖᛞ,302
unthrifts,9373,0,ᚢᚾᚦᚱᛁᚠᛏᛋ,193
napiform,9369,0,ᚾᚪᛈᛁᚠᚩᚱᛗ,291
hooknose,9369,0,ᚻᚩᚩᚳᚾᚩᛋᛖ,206
scampish,9359,0,ᛋᚳᚪᛗᛈᛁᛋᚻ,384
cassavas,9358,0,ᚳᚪᛋᛋᚪᚢᚪᛋ,466
farceurs,9353,0,ᚠᚪᚱᚳᛖᚢᚱᛋ,257
billycan,9349,0,ᛒᛁᛚᛚᚣᚳᚪᚾ,480
catchier,9327,0,ᚳᚪᛏᚳᚻᛁᛖᚱ,314
lapboard,9326,0,ᛚᚪᛈᛒᚩᚪᚱᛞ,478
gynobase,9325,0,ᚷᚣᚾᚩᛒᚪᛋᛖ,434
revenuer,9324,0,ᚱᛖᚢᛖᚾᚢᛖᚱ,258
grizzles,9322,0,ᚷᚱᛁᛋᛋᛚᛖᛋ,358
slungshot,9320,0,ᛋᛚᚢᛝᛋᚻᚩᛏ,350
saveloys,9319,0,ᛋᚪᚢᛖᛚᚩᚣᛋ,456
pinkroot,9317,0,ᛈᛁᚾᚳᚱᚩᚩᛏ,200
sudatory,9305,0,ᛋᚢᛞᚪᛏᚩᚱᚣ,422
seltzers,9297,0,ᛋᛖᛚᛏᛋᛖᚱᛋ,436
ordinant,9293,0,ᚩᚱᛞᛁᚾᚪᚾᛏ,352
funfairs,9293,0,ᚠᚢᚾᚠᚪᛁᚱᛋ,228
perorate,9292,0,ᛈᛖᚱᚩᚱᚪᛏᛖ,362
wassails,9288,0,ᚹᚪᛋᛋᚪᛁᛚᛋ,476
plangency,9273,0,ᛈᛚᚪᛝᛖᚾᚳᚣ,504
wheezily,9266,0,ᚹᚻᛖᛖᛋᛁᛚᚣ,436
pickthank,9265,0,ᛈᛁᚳᚳᚦᚪᚾᚳ,244
bismuthic,9264,0,ᛒᛁᛋᛗᚢᚦᛁᚳ,268
audibles,9263,0,ᚪᚢᛞᛁᛒᛚᛖᛋ,474
retrimming,9262,0,ᚱᛖᛏᚱᛁᛗᛗᛝ,400
deathtraps,9253,0,ᛞᛠᚦᛏᚱᚪᛈᛋ,466
siroccos,9251,0,ᛋᛁᚱᚩᚳᚳᚩᛋ,188
comperes,9246,0,ᚳᚩᛗᛈᛖᚱᛖᛋ,332
forepast,9241,0,ᚠᚩᚱᛖᛈᚪᛋᛏ,339
matadore,9235,0,ᛗᚪᛏᚪᛞᚩᚱᛖ,498
backsets,9231,0,ᛒᚪᚳᚳᛋᛖᛏᛋ,416
asynergia,9225,0,ᚪᛋᚣᚾᛖᚱᚷᛡ,484
orgulous,9219,0,ᚩᚱᚷᚢᛚᚩᚢᛋ,174
adscript,9218,0,ᚪᛞᛋᚳᚱᛁᛈᛏ,396
tincturing,9211,0,ᛏᛁᚾᚳᛏᚢᚱᛝ,284
dodderer,9199,0,ᛞᚩᛞᛞᛖᚱᛖᚱ,430
hyperope,9193,0,ᚻᚣᛈᛖᚱᚩᛈᛖ,364
bloodies,9188,0,ᛒᛚᚩᚩᛞᛁᛖᛋ,388
smashingly,9186,0,ᛋᛗᚪᛋᚻᛝᛚᚣ,552
galenist,9184,0,ᚷᚪᛚᛖᚾᛁᛋᛏ,426
simonist,9181,0,ᛋᛁᛗᚩᚾᛁᛋᛏ,334
twitchel,9178,0,ᛏᚹᛁᛏᚳᚻᛖᛚ,344
choosier,9176,0,ᚳᚻᚩᚩᛋᛁᛖᚱ,212
gulfweed,9159,0,ᚷᚢᛚᚠᚹᛖᛖᛞ,337
streeted,9158,0,ᛋᛏᚱᛖᛖᛏᛖᛞ,472
truckles,9151,0,ᛏᚱᚢᚳᚳᛚᛖᛋ,292
syconium,9146,0,ᛋᚣᚳᚩᚾᛁᚢᛗ,310
tziganes,9144,0,ᛏᛋᛁᚷᚪᚾᛖᛋ,406
hermitic,9141,0,ᚻᛖᚱᛗᛁᛏᛁᚳ,306
intitles,9132,0,ᛁᚾᛏᛁᛏᛚᛖᛋ,402
feretrum,9130,0,ᚠᛖᚱᛖᛏᚱᚢᛗ,291
cardamum,9130,0,ᚳᚪᚱᛞᚪᛗᚢᛗ,452
aliquant,9128,0,ᚪᛚᛁᚳᚹᚪᚾᛏ,418
citranges,9119,0,ᚳᛁᛏᚱᚪᛝᛖᛋ,410
thicketed,9114,0,ᚦᛁᚳᚳᛖᛏᛖᛞ,344
solarize,9102,0,ᛋᚩᛚᚪᚱᛁᛋᛖ,392
humanest,9094,0,ᚻᚢᛗᚪᚾᛖᛋᛏ,402
cardcase,9094,0,ᚳᚪᚱᛞᚳᚪᛋᛖ,440
snorters,9092,0,ᛋᚾᚩᚱᛏᛖᚱᛋ,290
corniest,9091,0,ᚳᚩᚱᚾᛁᛖᛋᛏ,270
juventas,9090,0,ᛂᚢᚢᛖᚾᛏᚪᛋ,348
foretime,9088,0,ᚠᚩᚱᛖᛏᛁᛗᛖ,315
rampancy,9072,0,ᚱᚪᛗᛈᚪᚾᚳᚣ,464
adherers,9055,0,ᚪᛞᚻᛖᚱᛖᚱᛋ,418
churners,9054,0,ᚳᚻᚢᚱᚾᛖᚱᛋ,210
buddleias,9052,0,ᛒᚢᛞᛞᛚᛖᛡᛋ,542
grassier,9048,0,ᚷᚱᚪᛋᛋᛁᛖᚱ,340
beginnes,9044,0,ᛒᛖᚷᛁᚾᚾᛖᛋ,354
halfbeaks,9041,0,ᚻᚪᛚᚠᛒᛠᚳᛋ,431
trustier,9036,0,ᛏᚱᚢᛋᛏᛁᛖᚱ,294
choroids,9034,0,ᚳᚻᚩᚱᚩᛁᛞᛋ,234
snitcher,9025,0,ᛋᚾᛁᛏᚳᚻᛖᚱ,286
cromorne,9023,0,ᚳᚱᚩᛗᚩᚱᚾᛖ,216
spiegels,9002,0,ᛋᛈᛁᛖᚷᛖᛚᛋ,404
delayers,9001,0,ᛞᛖᛚᚪᚣᛖᚱᛋ,560
canellas,8995,0,ᚳᚪᚾᛖᛚᛚᚪᛋ,502
poivrade,8981,0,ᛈᚩᛁᚢᚱᚪᛞᛖ,348
outpoint,8973,0,ᚩᚢᛏᛈᚩᛁᚾᛏ,238
unhelmed,8972,0,ᚢᚾᚻᛖᛚᛗᛖᛞ,422
damnonii,8972,0,ᛞᚪᛗᚾᚩᚾᛁᛁ,384
myelinic,8968,0,ᛗᚣᛖᛚᛁᚾᛁᚳ,418
sepaline,8960,0,ᛋᛖᛈᚪᛚᛁᚾᛖ,460
torpidly,8956,0,ᛏᚩᚱᛈᛁᛞᛚᚣ,416
gunlocks,8948,0,ᚷᚢᚾᛚᚩᚳᚳᛋ,208
underact,8947,0,ᚢᚾᛞᛖᚱᚪᚳᛏ,368
mallecho,8945,0,ᛗᚪᛚᛚᛖᚳᚻᚩ,424
frostier,8940,0,ᚠᚱᚩᛋᛏᛁᛖᚱ,241
outworld,8934,0,ᚩᚢᛏᚹᚩᚱᛚᛞ,268
waratahs,8933,0,ᚹᚪᚱᚪᛏᚪᚻᛋ,456
blueweed,8933,0,ᛒᛚᚢᛖᚹᛖᛖᛞ,446
bambinos,8933,0,ᛒᚪᛗᛒᛁᚾᚩᛋ,410
didapper,8900,0,ᛞᛁᛞᚪᛈᛈᛖᚱ,470
laconica,8896,0,ᛚᚪᚳᚩᚾᛁᚳᚪ,360
bicycler,8892,0,ᛒᛁᚳᚣᚳᛚᛖᚱ,372
halibuts,8889,0,ᚻᚪᛚᛁᛒᚢᛏᛋ,400
alcaydes,8877,0,ᚪᛚᚳᚪᚣᛞᛖᛋ,592
unpliable,8874,0,ᚢᚾᛈᛚᛡᛒᛚᛖ,456
eschalot,8869,0,ᛖᛋᚳᚻᚪᛚᚩᛏ,392
unriddling,8866,0,ᚢᚾᚱᛁᛞᛞᛚᛝ,404
petrific,8855,0,ᛈᛖᛏᚱᛁᚠᛁᚳ,257
barkeeps,8851,0,ᛒᚪᚱᚳᛖᛖᛈᛋ,412
valerians,8838,0,ᚢᚪᛚᛖᚱᛡᚾᛋ,440
begorrah,8838,0,ᛒᛖᚷᚩᚱᚱᚪᚻ,294
punchier,8836,0,ᛈᚢᚾᚳᚻᛁᛖᚱ,220
rufflers,8833,0,ᚱᚢᚠᚠᛚᛖᚱᛋ,222
carrioles,8830,0,ᚳᚪᚱᚱᛡᛚᛖᛋ,432
truanted,8826,0,ᛏᚱᚢᚪᚾᛏᛖᛞ,414
weigelas,8820,0,ᚹᛖᛁᚷᛖᛚᚪᛋ,424
submerse,8819,0,ᛋᚢᛒᛗᛖᚱᛋᛖ,386
chamisal,8815,0,ᚳᚻᚪᛗᛁᛋᚪᛚ,458
cajolingly,8815,0,ᚳᚪᛂᚩᛚᛝᛚᚣ,482
touchier,8811,0,ᛏᚩᚢᚳᚻᛁᛖᚱ,214
shereefs,8810,0,ᛋᚻᛖᚱᛖᛖᚠᛋ,343
denotive,8810,0,ᛞᛖᚾᚩᛏᛁᚢᛖ,352
goosecap,8808,0,ᚷᚩᚩᛋᛖᚳᚪᛈ,304
gunlayer,8790,0,ᚷᚢᚾᛚᚪᚣᛖᚱ,400
publilian,8783,0,ᛈᚢᛒᛚᛁᛚᛡᚾ,420
lacebark,8782,0,ᛚᚪᚳᛖᛒᚪᚱᚳ,432
embosoming,8781,0,ᛖᛗᛒᚩᛋᚩᛗᛝ,416
grubbier,8769,0,ᚷᚱᚢᛒᛒᛁᛖᚱ,262
mellowly,8765,0,ᛗᛖᛚᛚᚩᚹᛚᚣ,486
bassaris,8761,0,ᛒᚪᛋᛋᚪᚱᛁᛋ,456
drabbest,8755,0,ᛞᚱᚪᛒᛒᛖᛋᛏ,498
eurhythmy,8734,0,ᛖᚢᚱᚻᚣᚦᛗᚣ,386
nonvoter,8732,0,ᚾᚩᚾᚢᚩᛏᛖᚱ,212
geologizing,8722,0,ᚷᛇᛚᚩᚷᛁᛋᛝ,318
deserver,8705,0,ᛞᛖᛋᛖᚱᚢᛖᚱ,368
trunnels,8701,0,ᛏᚱᚢᚾᚾᛖᛚᛋ,324
canework,8701,0,ᚳᚪᚾᛖᚹᚩᚱᚳ,256
carrycot,8694,0,ᚳᚪᚱᚱᚣᚳᚩᛏ,314
actinoid,8690,0,ᚪᚳᛏᛁᚾᚩᛁᛞ,356
bountied,8689,0,ᛒᚩᚢᚾᛏᛁᛖᛞ,346
patellas,8673,0,ᛈᚪᛏᛖᛚᛚᚪᛋ,562
apractic,8670,0,ᚪᛈᚱᚪᚳᛏᛁᚳ,364
unmilked,8665,0,ᚢᚾᛗᛁᛚᚳᛖᛞ,376
rarebits,8658,0,ᚱᚪᚱᛖᛒᛁᛏᛋ,390
sarcodes,8651,0,ᛋᚪᚱᚳᚩᛞᛖᛋ,390
snootily,8640,0,ᛋᚾᚩᚩᛏᛁᛚᚣ,362
overuses,8639,0,ᚩᚢᛖᚱᚢᛋᛖᛋ,264
lacertid,8639,0,ᛚᚪᚳᛖᚱᛏᛁᛞ,440
taillike,8638,0,ᛏᚪᛁᛚᛚᛁᚳᛖ,444
pageboys,8636,0,ᛈᚪᚷᛖᛒᚩᚣᛋ,448
barrenly,8630,0,ᛒᚪᚱᚱᛖᚾᛚᚣ,452
caponize,8626,0,ᚳᚪᛈᚩᚾᛁᛋᛖ,340
fandangoes,8617,0,ᚠᚪᚾᛞᚪᛝᛟᛋ,529
pottages,8614,0,ᛈᚩᛏᛏᚪᚷᛖᛋ,402
absolver,8606,0,ᚪᛒᛋᚩᛚᚢᛖᚱ,372
bafflers,8594,0,ᛒᚪᚠᚠᛚᛖᚱᛋ,366
metabole,8583,0,ᛗᛖᛏᚪᛒᚩᛚᛖ,502
moorages,8578,0,ᛗᚩᚩᚱᚪᚷᛖᛋ,330
pointier,8577,0,ᛈᚩᛁᚾᛏᛁᛖᚱ,278
deepfelt,8566,0,ᛞᛖᛖᛈᚠᛖᛚᛏ,467
drapiers,8565,0,ᛞᚱᚪᛈᛁᛖᚱᛋ,402
baldrics,8555,0,ᛒᚪᛚᛞᚱᛁᚳᛋ,428
remaster,8551,0,ᚱᛖᛗᚪᛋᛏᛖᚱ,436
crowners,8551,0,ᚳᚱᚩᚹᚾᛖᚱᛋ,210
wandlike,8550,0,ᚹᚪᚾᛞᛚᛁᚳᛖ,418
reattempt,8542,0,ᚱᛠᛏᛏᛖᛗᛈᛏ,478
abkhasian,8534,0,ᚪᛒᚳᚻᚪᛋᛡᚾ,480
ungrasped,8532,0,ᚢᛝᚱᚪᛋᛈᛖᛞ,442
gharries,8530,0,ᚷᚻᚪᚱᚱᛁᛖᛋ,310
upliftings,8523,0,ᚢᛈᛚᛁᚠᛏᛝᛋ,343
birettas,8521,0,ᛒᛁᚱᛖᛏᛏᚪᛋ,438
famishes,8519,0,ᚠᚪᛗᛁᛋᚻᛖᛋ,397
unwebbed,8517,0,ᚢᚾᚹᛖᛒᛒᛖᛞ,396
firebrat,8512,0,ᚠᛁᚱᛖᛒᚱᚪᛏ,339
viperish,8504,0,ᚢᛁᛈᛖᚱᛁᛋᚻ,262
equuleus,8490,0,ᛖᚳᚹᚢᛚᛖᚢᛋ,298
neoterics,8486,0,ᚾᛇᛏᛖᚱᛁᚳᛋ,304
forninst,8484,0,ᚠᚩᚱᚾᛁᚾᛋᛏ,221
gigglers,8481,0,ᚷᛁᚷᚷᛚᛖᚱᛋ,286
unlooses,8479,0,ᚢᚾᛚᚩᚩᛋᛖᛋ,292
daftness,8456,0,ᛞᚪᚠᛏᚾᛖᛋᛋ,449
hominine,8454,0,ᚻᚩᛗᛁᚾᛁᚾᛖ,288
tritomas,8451,0,ᛏᚱᛁᛏᚩᛗᚪᛋ,388
trammeling,8451,0,ᛏᚱᚪᛗᛗᛖᛚᛝ,528
omissive,8446,0,ᚩᛗᛁᛋᛋᛁᚢᛖ,316
savagest,8440,0,ᛋᚪᚢᚪᚷᛖᛋᛏ,446
delilahs,8439,0,ᛞᛖᛚᛁᛚᚪᚻᛋ,506
clubable,8428,0,ᚳᛚᚢᛒᚪᛒᛚᛖ,448
tarantas,8417,0,ᛏᚪᚱᚪᚾᛏᚪᛋ,502
twaddler,8402,0,ᛏᚹᚪᛞᛞᛚᛖᚱ,504
snowshoed,8402,0,ᛋᚾᚩᚹᛋᚻᛟᛞ,356
dazzlers,8395,0,ᛞᚪᛋᛋᛚᛖᚱᛋ,496
saffrons,8368,0,ᛋᚪᚠᚠᚱᚩᚾᛋ,254
whiteouts,8358,0,ᚹᚻᛁᛏᛇᚢᛏᛋ,288
remissly,8341,0,ᚱᛖᛗᛁᛋᛋᛚᚣ,462
stotinki,8340,0,ᛋᛏᚩᛏᛁᚾᚳᛁ,282
supremos,8332,0,ᛋᚢᛈᚱᛖᛗᚩᛋ,308
galahads,8331,0,ᚷᚪᛚᚪᚻᚪᛞᛋ,546
bucktooth,8328,0,ᛒᚢᚳᚳᛏᚩᚩᚦ,168
unreined,8321,0,ᚢᚾᚱᛖᛁᚾᛖᛞ,326
trounces,8317,0,ᛏᚱᚩᚢᚾᚳᛖᛋ,242
wiselier,8312,0,ᚹᛁᛋᛖᛚᛁᛖᚱ,352
evanishing,8308,0,ᛖᚢᚪᚾᛁᛋᚻᛝ,382
papistic,8290,0,ᛈᚪᛈᛁᛋᛏᛁᚳ,370
tomalley,8287,0,ᛏᚩᛗᚪᛚᛚᛖᚣ,550
inflater,8280,0,ᛁᚾᚠᛚᚪᛏᛖᚱ,369
squinter,8277,0,ᛋᚳᚹᛁᚾᛏᛖᚱ,282
unalarming,8272,0,ᚢᚾᚪᛚᚪᚱᛗᛝ,460
deodorise,8260,0,ᛞᛇᛞᚩᚱᛁᛋᛖ,388
hardbake,8252,0,ᚻᚪᚱᛞᛒᚪᚳᛖ,458
confuter,8249,0,ᚳᚩᚾᚠᚢᛏᛖᚱ,191
muranese,8242,0,ᛗᚢᚱᚪᚾᛖᛋᛖ,398
caginess,8236,0,ᚳᚪᚷᛁᚾᛖᛋᛋ,360
cosmoses,8233,0,ᚳᚩᛋᛗᚩᛋᛖᛋ,324
pretrials,8228,0,ᛈᚱᛖᛏᚱᛡᛚᛋ,424
boniness,8227,0,ᛒᚩᚾᛁᚾᛖᛋᛋ,330
agraphic,8227,0,ᚪᚷᚱᚪᛈᚻᛁᚳ,332
calthrops,8224,0,ᚳᚪᛚᚦᚱᚩᛈᛋ,302
swankier,8216,0,ᛋᚹᚪᚾᚳᛁᛖᚱ,320
throbbingly,8215,0,ᚦᚱᚩᛒᛒᛝᛚᚣ,400
highjack,8215,0,ᚻᛁᚷᚻᛂᚪᚳᚳ,254
gristles,8214,0,ᚷᚱᛁᛋᛏᛚᛖᛋ,364
drumfish,8206,0,ᛞᚱᚢᛗᚠᛁᛋᚻ,283
soddenly,8203,0,ᛋᚩᛞᛞᛖᚾᛚᚣ,510
groaners,8203,0,ᚷᚱᚩᚪᚾᛖᚱᛋ,292
uncordial,8201,0,ᚢᚾᚳᚩᚱᛞᛡᛚ,332
potoroos,8184,0,ᛈᚩᛏᚩᚱᚩᚩᛋ,194
epithetic,8177,0,ᛖᛈᛁᚦᛖᛏᛁᚳ,316
batholite,8172,0,ᛒᚪᚦᚩᛚᛁᛏᛖ,400
levanted,8171,0,ᛚᛖᚢᚪᚾᛏᛖᛞ,484
mutterer,8167,0,ᛗᚢᛏᛏᛖᚱᛖᚱ,348
chummily,8164,0,ᚳᚻᚢᛗᛗᛁᛚᚣ,388
octonary,8163,0,ᚩᚳᛏᚩᚾᚪᚱᚣ,326
hoatzins,8153,0,ᚻᚩᚪᛏᛋᛁᚾᛋ,352
bonnethead,8148,0,ᛒᚩᚾᚾᛖᚦᛠᛞ,396
pipewort,8142,0,ᛈᛁᛈᛖᚹᚩᚱᛏ,280
vendition,8140,0,ᚢᛖᚾᛞᛁᛏᛡᚾ,414
impasted,8139,0,ᛁᛗᛈᚪᛋᛏᛖᛞ,510
lineless,8133,0,ᛚᛁᚾᛖᛚᛖᛋᛋ,446
freeload,8133,0,ᚠᚱᛖᛖᛚᚩᚪᛞ,413
unminded,8117,0,ᚢᚾᛗᛁᚾᛞᛖᛞ,408
parsonic,8114,0,ᛈᚪᚱᛋᚩᚾᛁᚳ,284
peculate,8111,0,ᛈᛖᚳᚢᛚᚪᛏᛖ,422
modester,8109,0,ᛗᚩᛞᛖᛋᛏᛖᚱ,424
pommeled,8093,0,ᛈᚩᛗᛗᛖᛚᛖᛞ,488
coleuses,8092,0,ᚳᚩᛚᛖᚢᛋᛖᛋ,336
blennioid,8084,0,ᛒᛚᛖᚾᚾᛡᛁᛞ,486
parhelic,8083,0,ᛈᚪᚱᚻᛖᛚᛁᚳ,358
errhines,8082,0,ᛖᚱᚱᚻᛁᚾᛖᛋ,292
mimicker,8079,0,ᛗᛁᛗᛁᚳᚳᛖᚱ,308
simplism,8077,0,ᛋᛁᛗᛈᛚᛁᛋᛗ,426
flabbier,8075,0,ᚠᛚᚪᛒᛒᛁᛖᚱ,403
dustcart,8074,0,ᛞᚢᛋᛏᚳᚪᚱᛏ,384
titivating,8052,0,ᛏᛁᛏᛁᚢᚪᛏᛝ,418
pennoned,8048,0,ᛈᛖᚾᚾᚩᚾᛖᛞ,360
vendable,8045,0,ᚢᛖᚾᛞᚪᛒᛚᛖ,486
gestates,8039,0,ᚷᛖᛋᛏᚪᛏᛖᛋ,472
titivate,8027,0,ᛏᛁᛏᛁᚢᚪᛏᛖ,406
fauvists,8025,0,ᚠᚪᚢᚢᛁᛋᛏᛋ,301
tackiest,8018,0,ᛏᚪᚳᚳᛁᛖᛋᛏ,392
dishrags,8016,0,ᛞᛁᛋᚻᚱᚪᚷᛋ,374
ironlike,8009,0,ᛁᚱᚩᚾᛚᛁᚳᛖ,262
jesuited,8000,0,ᛂᛖᛋᚢᛁᛏᛖᛞ,406
pearmains,7996,0,ᛈᛠᚱᛗᚪᛁᚾᛋ,444
peachwood,7993,0,ᛈᛠᚳᚻᚹᚩᚩᛞ,310
whipsaws,7989,0,ᚹᚻᛁᛈᛋᚪᚹᛋ,338
orthoepist,7989,0,ᚩᚱᚦᛟᛈᛁᛋᛏ,292
bowlfuls,7986,0,ᛒᚩᚹᛚᚠᚢᛚᛋ,291
dogcarts,7973,0,ᛞᚩᚷᚳᚪᚱᛏᛋ,346
adonises,7964,0,ᚪᛞᚩᚾᛁᛋᛖᛋ,426
misology,7963,0,ᛗᛁᛋᚩᛚᚩᚷᚣ,362
hairtail,7958,0,ᚻᚪᛁᚱᛏᚪᛁᛚ,422
ablegate,7955,0,ᚪᛒᛚᛖᚷᚪᛏᛖ,538
pictones,7950,0,ᛈᛁᚳᛏᚩᚾᛖᛋ,302
ingressions,7945,0,ᛝᚱᛖᛋᛋᛡᚾᛋ,452
hereness,7945,0,ᚻᛖᚱᛖᚾᛖᛋᛋ,370
soothfast,7937,0,ᛋᚩᚩᚦᚠᚪᛋᛏ,283
weariedly,7935,0,ᚹᛠᚱᛁᛖᛞᛚᚣ,502
mondains,7931,0,ᛗᚩᚾᛞᚪᛁᚾᛋ,406
greeners,7927,0,ᚷᚱᛖᛖᚾᛖᚱᛋ,322
plougher,7918,0,ᛈᛚᚩᚢᚷᚻᛖᚱ,244
abampere,7916,0,ᚪᛒᚪᛗᛈᛖᚱᛖ,514
sweetsop,7907,0,ᛋᚹᛖᛖᛏᛋᚩᛈ,368
sheatfish,7900,0,ᛋᚻᛠᛏᚠᛁᛋᚻ,353
fracases,7896,0,ᚠᚱᚪᚳᚪᛋᛖᛋ,393
testoons,7889,0,ᛏᛖᛋᛏᚩᚩᚾᛋ,334
apprizes,7885,0,ᚪᛈᛈᚱᛁᛋᛖᛋ,398
bravuras,7879,0,ᛒᚱᚪᚢᚢᚱᚪᛋ,336
prissily,7877,0,ᛈᚱᛁᛋᛋᛁᛚᚣ,398
sarmatic,7871,0,ᛋᚪᚱᛗᚪᛏᛁᚳ,432
vicomtes,7868,0,ᚢᛁᚳᚩᛗᛏᛖᛋ,304
hocussed,7863,0,ᚻᚩᚳᚢᛋᛋᛖᛞ,308
uncursed,7856,0,ᚢᚾᚳᚢᚱᛋᛖᛞ,268
sideless,7844,0,ᛋᛁᛞᛖᛚᛖᛋᛋ,486
canonising,7839,0,ᚳᚪᚾᚩᚾᛁᛋᛝ,338
acetonic,7831,0,ᚪᚳᛖᛏᚩᚾᛁᚳ,316
defouled,7826,0,ᛞᛖᚠᚩᚢᛚᛖᛞ,397
aqualungs,7824,0,ᚪᚳᚹᚪᛚᚢᛝᛋ,434
maturating,7822,0,ᛗᚪᛏᚢᚱᚪᛏᛝ,476
swarthier,7820,0,ᛋᚹᚪᚱᚦᛁᛖᚱ,294
bystreet,7818,0,ᛒᚣᛋᛏᚱᛖᛖᛏ,480
marantas,7806,0,ᛗᚪᚱᚪᚾᛏᚪᛋ,514
untempting,7799,0,ᚢᚾᛏᛖᛗᛈᛏᛝ,410
bioscopes,7798,0,ᛒᛡᛋᚳᚩᛈᛖᛋ,404
essonite,7793,0,ᛖᛋᛋᚩᚾᛁᛏᛖ,366
tearaways,7790,0,ᛏᛠᚱᚪᚹᚪᚣᛋ,548
bryanthus,7781,0,ᛒᚱᚣᚪᚾᚦᚢᛋ,362
anointer,7778,0,ᚪᚾᚩᛁᚾᛏᛖᚱ,330
swooshes,7777,0,ᛋᚹᚩᚩᛋᚻᛖᛋ,282
fleshpot,7776,0,ᚠᛚᛖᛋᚻᛈᚩᛏ,327
cystolith,7770,0,ᚳᚣᛋᛏᚩᛚᛁᚦ,344
invected,7768,0,ᛁᚾᚢᛖᚳᛏᛖᛞ,358
rottenly,7748,0,ᚱᚩᛏᛏᛖᚾᛚᚣ,408
shoddier,7745,0,ᛋᚻᚩᛞᛞᛁᛖᚱ,370
twiddler,7737,0,ᛏᚹᛁᛞᛞᛚᛖᚱ,438
pharynges,7729,0,ᛈᚻᚪᚱᚣᛝᛖᛋ,476
plenties,7725,0,ᛈᛚᛖᚾᛏᛁᛖᛋ,422
muntjacs,7725,0,ᛗᚢᚾᛏᛂᚪᚳᛋ,362
kindless,7723,0,ᚳᛁᚾᛞᛚᛖᛋᛋ,408
gambrels,7723,0,ᚷᚪᛗᛒᚱᛖᛚᛋ,450
idiotical,7717,0,ᛁᛞᛡᛏᛁᚳᚪᛚ,500
safehold,7711,0,ᛋᚪᚠᛖᚻᚩᛚᛞ,411
ridottos,7711,0,ᚱᛁᛞᚩᛏᛏᚩᛋ,316
misnames,7707,0,ᛗᛁᛋᚾᚪᛗᛖᛋ,472
laborous,7705,0,ᛚᚪᛒᚩᚱᚩᚢᛋ,312
limpkins,7701,0,ᛚᛁᛗᛈᚳᛁᚾᛋ,344
stancher,7700,0,ᛋᛏᚪᚾᚳᚻᛖᚱ,352
stickled,7698,0,ᛋᛏᛁᚳᚳᛚᛖᛞ,398
doomster,7698,0,ᛞᚩᚩᛗᛋᛏᛖᚱ,364
oenophile,7696,0,ᛟᚾᚩᛈᚻᛁᛚᛖ,356
cavilers,7696,0,ᚳᚪᚢᛁᛚᛖᚱᛋ,348
graeculus,7684,0,ᚷᚱᚫᚳᚢᛚᚢᛋ,274
replunged,7679,0,ᚱᛖᛈᛚᚢᛝᛖᛞ,432
annoyers,7675,0,ᚪᚾᚾᚩᚣᛖᚱᛋ,396
intombed,7674,0,ᛁᚾᛏᚩᛗᛒᛖᛞ,414
invokers,7671,0,ᛁᚾᚢᚩᚳᛖᚱᛋ,214
pedagogs,7669,0,ᛈᛖᛞᚪᚷᚩᚷᛋ,390
noxiously,7664,0,ᚾᚩᛉᛡᚢᛋᛚᚣ,422
sapidity,7662,0,ᛋᚪᛈᛁᛞᛁᛏᚣ,506
stapelias,7660,0,ᛋᛏᚪᛈᛖᛚᛡᛋ,552
devouter,7660,0,ᛞᛖᚢᚩᚢᛏᛖᚱ,306
clattery,7653,0,ᚳᛚᚪᛏᛏᛖᚱᚣ,482
diabolist,7651,0,ᛞᛡᛒᚩᛚᛁᛋᛏ,480
angioscope,7648,0,ᚪᛝᛡᛋᚳᚩᛈᛖ,466
stoccata,7640,0,ᛋᛏᚩᚳᚳᚪᛏᚪ,398
elastins,7633,0,ᛖᛚᚪᛋᛏᛁᚾᛋ,462
shoehorns,7631,0,ᛋᚻᛟᚻᚩᚱᚾᛋ,282
palmation,7629,0,ᛈᚪᛚᛗᚪᛏᛡᚾ,576
ungrudged,7620,0,ᚢᛝᚱᚢᛞᚷᛖᛞ,358
ambiances,7619,0,ᚪᛗᛒᛡᚾᚳᛖᛋ,498
snootful,7617,0,ᛋᚾᚩᚩᛏᚠᚢᛚ,233
toreutic,7614,0,ᛏᚩᚱᛖᚢᛏᛁᚳ,250
thalassic,7601,0,ᚦᚪᛚᚪᛋᛋᛁᚳ,422
squitter,7598,0,ᛋᚳᚹᛁᛏᛏᛖᚱ,312
saucebox,7595,0,ᛋᚪᚢᚳᛖᛒᚩᛉ,348
moldwarp,7588,0,ᛗᚩᛚᛞᚹᚪᚱᛈ,410
unchains,7583,0,ᚢᚾᚳᚻᚪᛁᚾᛋ,278
khamseen,7576,0,ᚳᚻᚪᛗᛋᛖᛖᚾ,420
soutanes,7574,0,ᛋᚩᚢᛏᚪᚾᛖᛋ,368
pothouses,7572,0,ᛈᚩᚦᚩᚢᛋᛖᛋ,238
fleabites,7571,0,ᚠᛚᛠᛒᛁᛏᛖᛋ,455
vicennial,7561,0,ᚢᛁᚳᛖᚾᚾᛡᛚ,352
brawnier,7559,0,ᛒᚱᚪᚹᚾᛁᛖᚱ,326
gruffest,7550,0,ᚷᚱᚢᚠᚠᛖᛋᛏ,214
unbridle,7546,0,ᚢᚾᛒᚱᛁᛞᛚᛖ,364
basinets,7537,0,ᛒᚪᛋᛁᚾᛖᛏᛋ,450
heliozoan,7527,0,ᚻᛖᛚᛡᛋᚩᚪᚾ,456
siwashes,7526,0,ᛋᛁᚹᚪᛋᚻᛖᛋ,396
vavassor,7524,0,ᚢᚪᚢᚪᛋᛋᚩᚱ,324
dasyures,7519,0,ᛞᚪᛋᚣᚢᚱᛖᛋ,476
unsnarling,7508,0,ᚢᚾᛋᚾᚪᚱᛚᛝ,374
paleoliths,7508,0,ᛈᚪᛚᛇᛚᛁᚦᛋ,416
peaceless,7499,0,ᛈᛠᚳᛖᛚᛖᛋᛋ,478
signoras,7498,0,ᛋᛁᚷᚾᚩᚱᚪᛋ,298
cockshot,7493,0,ᚳᚩᚳᚳᛋᚻᚩᛏ,188
undulled,7483,0,ᚢᚾᛞᚢᛚᛚᛖᛞ,426
patchier,7455,0,ᛈᚪᛏᚳᚻᛁᛖᚱ,344
minuends,7446,0,ᛗᛁᚾᚢᛖᚾᛞᛋ,372
silverwing,7442,0,ᛋᛁᛚᚢᛖᚱᚹᛝ,336
botanise,7442,0,ᛒᚩᛏᚪᚾᛁᛋᛖ,404
extensum,7437,0,ᛖᛉᛏᛖᚾᛋᚢᛗ,396
libelers,7434,0,ᛚᛁᛒᛖᛚᛖᚱᛋ,436
crashingly,7429,0,ᚳᚱᚪᛋᚻᛝᛚᚣ,452
oilbirds,7428,0,ᚩᛁᛚᛒᛁᚱᛞᛋ,356
maidhood,7428,0,ᛗᚪᛁᛞᚻᚩᚩᛞ,414
wendells,7424,0,ᚹᛖᚾᛞᛖᛚᛚᛋ,470
cameline,7410,0,ᚳᚪᛗᛖᛚᛁᚾᛖ,448
pathrusim,7408,0,ᛈᚪᚦᚱᚢᛋᛁᛗ,314
insectan,7396,0,ᛁᚾᛋᛖᚳᛏᚪᚾ,378
amorally,7392,0,ᚪᛗᚩᚱᚪᛚᛚᚣ,532
vagarious,7390,0,ᚢᚪᚷᚪᚱᛡᚢᛋ,388
myotonias,7389,0,ᛗᚣᚩᛏᚩᚾᛡᛋ,436
brimmers,7384,0,ᛒᚱᛁᛗᛗᛖᚱᛋ,376
hagglers,7383,0,ᚻᚪᚷᚷᛚᛖᚱᛋ,358
niftiest,7381,0,ᚾᛁᚠᛏᛁᛖᛋᛏ,331
zirconias,7380,0,ᛋᛁᚱᚳᚩᚾᛡᛋ,304
volplane,7377,0,ᚢᚩᛚᛈᛚᚪᚾᛖ,392
precises,7372,0,ᛈᚱᛖᚳᛁᛋᛖᛋ,338
raceabout,7361,0,ᚱᚪᚳᛠᛒᚩᚢᛏ,360
gothamite,7358,0,ᚷᚩᚦᚪᛗᛁᛏᛖ,354
plaguily,7356,0,ᛈᛚᚪᚷᚢᛁᛚᚣ,440
riddlers,7354,0,ᚱᛁᛞᛞᛚᛖᚱᛋ,424
smutched,7352,0,ᛋᛗᚢᛏᚳᚻᛖᛞ,378
treachers,7338,0,ᛏᚱᛠᚳᚻᛖᚱᛋ,346
unsphere,7334,0,ᚢᚾᛋᛈᚻᛖᚱᛖ,296
toileted,7334,0,ᛏᚩᛁᛚᛖᛏᛖᛞ,452
steelier,7334,0,ᛋᛏᛖᛖᛚᛁᛖᚱ,428
necklike,7333,0,ᚾᛖᚳᚳᛚᛁᚳᛖ,306
intwined,7317,0,ᛁᚾᛏᚹᛁᚾᛖᛞ,354
sundowns,7307,0,ᛋᚢᚾᛞᚩᚹᚾᛋ,282
lobbyism,7307,0,ᛚᚩᛒᛒᚣᛁᛋᛗ,460
decagram,7303,0,ᛞᛖᚳᚪᚷᚱᚪᛗ,462
totalise,7290,0,ᛏᚩᛏᚪᛚᛁᛋᛖ,446
greylags,7290,0,ᚷᚱᛖᚣᛚᚪᚷᛋ,438
tessellae,7284,0,ᛏᛖᛋᛋᛖᛚᛚᚫ,546
flusters,7278,0,ᚠᛚᚢᛋᛏᛖᚱᛋ,321
declutch,7277,0,ᛞᛖᚳᛚᚢᛏᚳᚻ,340
divorcer,7272,0,ᛞᛁᚢᚩᚱᚳᛖᚱ,232
sitarist,7255,0,ᛋᛁᛏᚪᚱᛁᛋᛏ,394
canoodle,7253,0,ᚳᚪᚾᚩᚩᛞᛚᛖ,382
slowworm,7237,0,ᛋᛚᚩᚹᚹᚩᚱᛗ,260
memnonian,7232,0,ᛗᛖᛗᚾᚩᚾᛡᚾ,410
birthland,7232,0,ᛒᛁᚱᚦᛚᚪᚾᛞ,396
plowboys,7220,0,ᛈᛚᚩᚹᛒᚩᚣᛋ,366
marchmen,7218,0,ᛗᚪᚱᚳᚻᛗᛖᚾ,382
haranguer,7218,0,ᚻᚪᚱᚪᛝᚢᛖᚱ,388
chopines,7216,0,ᚳᚻᚩᛈᛁᚾᛖᛋ,266
cincturing,7207,0,ᚳᛁᚾᚳᛏᚢᚱᛝ,238
squalors,7205,0,ᛋᚳᚹᚪᛚᚩᚱᛋ,326
playdays,7205,0,ᛈᛚᚪᚣᛞᚪᚣᛋ,658
urbanise,7203,0,ᚢᚱᛒᚪᚾᛁᛋᛖ,352
sempster,7201,0,ᛋᛖᛗᛈᛋᛏᛖᚱ,424
tricklings,7194,0,ᛏᚱᛁᚳᚳᛚᛝᛋ,332
drumbeating,7192,0,ᛞᚱᚢᛗᛒᛠᛏᛝ,482
pommelling,7191,0,ᛈᚩᛗᛗᛖᛚᛚᛝ,484
hydathode,7183,0,ᚻᚣᛞᚪᚦᚩᛞᛖ,480
blimpish,7180,0,ᛒᛚᛁᛗᛈᛁᛋᚻ,386
flickery,7167,0,ᚠᛚᛁᚳᚳᛖᚱᚣ,313
diebacks,7166,0,ᛞᛁᛖᛒᚪᚳᚳᛋ,424
wiriness,7161,0,ᚹᛁᚱᛁᚾᛖᛋᛋ,294
verrucas,7160,0,ᚢᛖᚱᚱᚢᚳᚪᛋ,258
plectron,7157,0,ᛈᛚᛖᚳᛏᚱᚩᚾ,302
pollices,7153,0,ᛈᚩᛚᛚᛁᚳᛖᛋ,360
gruyeres,7148,0,ᚷᚱᚢᚣᛖᚱᛖᛋ,332
backmost,7148,0,ᛒᚪᚳᚳᛗᚩᛋᛏ,374
impugner,7144,0,ᛁᛗᛈᚢᚷᚾᛖᚱ,272
sorptions,7141,0,ᛋᚩᚱᛈᛏᛡᚾᛋ,362
friskier,7130,0,ᚠᚱᛁᛋᚳᛁᛖᚱ,219
curveted,7130,0,ᚳᚢᚱᚢᛖᛏᛖᛞ,312
canorous,7129,0,ᚳᚪᚾᚩᚱᚩᚢᛋ,220
hellward,7126,0,ᚻᛖᛚᛚᚹᚪᚱᛞ,452
nascency,7125,0,ᚾᚪᛋᚳᛖᚾᚳᚣ,404
bowknots,7120,0,ᛒᚩᚹᚳᚾᚩᛏᛋ,248
aerograms,7120,0,ᚫᚱᚩᚷᚱᚪᛗᛋ,368
despites,7112,0,ᛞᛖᛋᛈᛁᛏᛖᛋ,462
safetied,7111,0,ᛋᚪᚠᛖᛏᛁᛖᛞ,465
angelicas,7102,0,ᚪᛝᛖᛚᛁᚳᚪᛋ,510
marabous,7098,0,ᛗᚪᚱᚪᛒᚩᚢᛋ,400
sloggers,7084,0,ᛋᛚᚩᚷᚷᛖᚱᛋ,298
manchets,7083,0,ᛗᚪᚾᚳᚻᛖᛏᛋ,412
banisher,7074,0,ᛒᚪᚾᛁᛋᚻᛖᚱ,372
amarelle,7072,0,ᚪᛗᚪᚱᛖᛚᛚᛖ,556
wastfull,7067,0,ᚹᚪᛋᛏᚠᚢᛚᛚ,379
staggard,7064,0,ᛋᛏᚪᚷᚷᚪᚱᛞ,440
recouple,7053,0,ᚱᛖᚳᚩᚢᛈᛚᛖ,284
lustrums,7046,0,ᛚᚢᛋᛏᚱᚢᛗᛋ,326
silkweed,7045,0,ᛋᛁᛚᚳᚹᛖᛖᛞ,412
woollier,7043,0,ᚹᚩᚩᛚᛚᛁᛖᚱ,288
vouchees,7038,0,ᚢᚩᚢᚳᚻᛖᛖᛋ,236
murrains,7029,0,ᛗᚢᚱᚱᚪᛁᚾᛋ,306
neologist,7025,0,ᚾᛇᛚᚩᚷᛁᛋᛏ,310
marmites,7023,0,ᛗᚪᚱᛗᛁᛏᛖᛋ,460
pilchers,7017,0,ᛈᛁᛚᚳᚻᛖᚱᛋ,314
auriform,7012,0,ᚪᚢᚱᛁᚠᚩᚱᛗ,233
centares,6999,0,ᚳᛖᚾᛏᚪᚱᛖᛋ,396
castelet,6997,0,ᚳᚪᛋᛏᛖᛚᛖᛏ,488
rubdowns,6996,0,ᚱᚢᛒᛞᚩᚹᚾᛋ,272
pollacks,6996,0,ᛈᚩᛚᛚᚪᚳᚳᛋ,372
overgreat,6996,0,ᚩᚢᛖᚱᚷᚱᛠᛏ,284
philibeg,6994,0,ᛈᚻᛁᛚᛁᛒᛖᚷ,346
stockish,6989,0,ᛋᛏᚩᚳᚳᛁᛋᚻ,252
outbroke,6974,0,ᚩᚢᛏᛒᚱᚩᚳᛖ,228
pyralids,6972,0,ᛈᚣᚱᚪᛚᛁᛞᛋ,500
reynards,6971,0,ᚱᛖᚣᚾᚪᚱᛞᛋ,460
mumblers,6968,0,ᛗᚢᛗᛒᛚᛖᚱᛋ,410
scarfpin,6967,0,ᛋᚳᚪᚱᚠᛈᛁᚾ,279
alleluiah,6965,0,ᚪᛚᛚᛖᛚᚢᛡᚻ,516
garotted,6963,0,ᚷᚪᚱᚩᛏᛏᛖᛞ,406
apronful,6961,0,ᚪᛈᚱᚩᚾᚠᚢᛚ,265
rampires,6960,0,ᚱᚪᛗᛈᛁᚱᛖᛋ,384
lambency,6959,0,ᛚᚪᛗᛒᛖᚾᚳᚣ,514
boldened,6956,0,ᛒᚩᛚᛞᛖᚾᛖᛞ,482
trousering,6953,0,ᛏᚱᚩᚢᛋᛖᚱᛝ,290
falcones,6946,0,ᚠᚪᛚᚳᚩᚾᛖᛋ,341
toughish,6938,0,ᛏᚩᚢᚷᚻᛁᛋᚻ,216
chaunces,6934,0,ᚳᚻᚪᚢᚾᚳᛖᛋ,298
reperusing,6927,0,ᚱᛖᛈᛖᚱᚢᛋᛝ,334
trickish,6926,0,ᛏᚱᛁᚳᚳᛁᛋᚻ,234
dockhand,6923,0,ᛞᚩᚳᚳᚻᚪᚾᛞ,360
lientery,6915,0,ᛚᛁᛖᚾᛏᛖᚱᚣ,440
squawker,6911,0,ᛋᚳᚹᚪᚹᚳᛖᚱ,292
pelopidae,6910,0,ᛈᛖᛚᚩᛈᛁᛞᚫ,454
stockading,6909,0,ᛋᛏᚩᚳᚳᚪᛞᛝ,410
diaphones,6905,0,ᛞᛡᛈᚻᚩᚾᛖᛋ,418
bullyboy,6902,0,ᛒᚢᛚᛚᚣᛒᚩᚣ,484
obturate,6898,0,ᚩᛒᛏᚢᚱᚪᛏᛖ,364
tawdrily,6892,0,ᛏᚪᚹᛞᚱᛁᛚᚣ,482
embruted,6888,0,ᛖᛗᛒᚱᚢᛏᛖᛞ,428
externat,6873,0,ᛖᛉᛏᛖᚱᚾᚪᛏ,436
alumroot,6872,0,ᚪᛚᚢᛗᚱᚩᚩᛏ,328
brassies,6870,0,ᛒᚱᚪᛋᛋᛁᛖᛋ,426
unsoothed,6868,0,ᚢᚾᛋᚩᚩᚦᛖᛞ,260
edifyingly,6863,0,ᛖᛞᛁᚠᚣᛝᛚᚣ,547
toweringly,6861,0,ᛏᚩᚹᛖᚱᛝᛚᚣ,418
basilary,6851,0,ᛒᚪᛋᛁᛚᚪᚱᚣ,526
sledders,6838,0,ᛋᛚᛖᛞᛞᛖᚱᛋ,502
huswives,6838,0,ᚻᚢᛋᚹᛁᚢᛖᛋ,252
nucleoles,6837,0,ᚾᚢᚳᛚᛇᛚᛖᛋ,352
podetium,6834,0,ᛈᚩᛞᛖᛏᛁᚢᛗ,370
dandiest,6834,0,ᛞᚪᚾᛞᛁᛖᛋᛏ,514
mordancy,6825,0,ᛗᚩᚱᛞᚪᚾᚳᚣ,420
filliped,6820,0,ᚠᛁᛚᛚᛁᛈᛖᛞ,409
cambiums,6818,0,ᚳᚪᛗᛒᛁᚢᛗᛋ,400
alkapton,6817,0,ᚪᛚᚳᚪᛈᛏᚩᚾ,418
prodromi,6816,0,ᛈᚱᚩᛞᚱᚩᛗᛁ,270
champart,6814,0,ᚳᚻᚪᛗᛈᚪᚱᛏ,414
grummets,6810,0,ᚷᚱᚢᛗᛗᛖᛏᛋ,352
surceased,6808,0,ᛋᚢᚱᚳᛠᛋᛖᛞ,398
hawkbill,6807,0,ᚻᚪᚹᚳᛒᛁᛚᛚ,390
sialoliths,6803,0,ᛋᛡᛚᚩᛚᛁᚦᛋ,402
reinless,6803,0,ᚱᛖᛁᚾᛚᛖᛋᛋ,384
twiglike,6797,0,ᛏᚹᛁᚷᛚᛁᚳᛖ,310
foreship,6795,0,ᚠᚩᚱᛖᛋᚻᛁᛈ,237
overbusy,6794,0,ᚩᚢᛖᚱᛒᚢᛋᚣ,308
gentries,6792,0,ᚷᛖᚾᛏᚱᛁᛖᛋ,334
fuzziest,6778,0,ᚠᚢᛋᛋᛁᛖᛋᛏ,321
upfolded,6776,0,ᚢᛈᚠᚩᛚᛞᛖᛞ,373
orleanism,6775,0,ᚩᚱᛚᛠᚾᛁᛋᛗ,384
foregoers,6757,0,ᚠᚩᚱᛖᚷᛟᚱᛋ,251
outwatch,6756,0,ᚩᚢᛏᚹᚪᛏᚳᚻ,280
lacewood,6756,0,ᛚᚪᚳᛖᚹᚩᚩᛞ,372
grograms,6756,0,ᚷᚱᚩᚷᚱᚪᛗᛋ,284
bespangle,6754,0,ᛒᛖᛋᛈᚪᛝᛚᛖ,540
serialise,6753,0,ᛋᛖᚱᛡᛚᛁᛋᛖ,462
notecase,6748,0,ᚾᚩᛏᛖᚳᚪᛋᛖ,392
guarders,6747,0,ᚷᚢᚪᚱᛞᛖᚱᛋ,348
methodising,6745,0,ᛗᛖᚦᚩᛞᛁᛋᛝ,402
asperses,6743,0,ᚪᛋᛈᛖᚱᛋᛖᛋ,444
kalumpang,6740,0,ᚳᚪᛚᚢᛗᛈᚪᛝ,476
caccabis,6740,0,ᚳᚪᚳᚳᚪᛒᛁᛋ,378
portment,6736,0,ᛈᚩᚱᛏᛗᛖᚾᛏ,346
woolseys,6732,0,ᚹᚩᚩᛚᛋᛖᚣᛋ,382
molelike,6727,0,ᛗᚩᛚᛖᛚᛁᚳᛖ,402
aleppine,6726,0,ᚪᛚᛖᛈᛈᛁᚾᛖ,450
workfolk,6722,0,ᚹᚩᚱᚳᚠᚩᛚᚳ,145
bullyrag,6722,0,ᛒᚢᛚᛚᚣᚱᚪᚷ,438
poticary,6721,0,ᛈᚩᛏᛁᚳᚪᚱᚣ,364
centuple,6719,0,ᚳᛖᚾᛏᚢᛈᛚᛖ,354
barterer,6715,0,ᛒᚪᚱᛏᛖᚱᛖᚱ,384
jauntier,6708,0,ᛂᚪᚢᚾᛏᛁᛖᚱ,334
effecter,6701,0,ᛖᚠᚠᛖᚳᛏᛖᚱ,288
caprioles,6692,0,ᚳᚪᛈᚱᛡᛚᛖᛋ,464
quizzers,6684,0,ᚳᚹᛁᛋᛋᛖᚱᛋ,300
homburgs,6684,0,ᚻᚩᛗᛒᚢᚱᚷᛋ,246
woundily,6683,0,ᚹᚩᚢᚾᛞᛁᛚᚣ,354
hartleian,6679,0,ᚻᚪᚱᛏᛚᛖᛡᚾ,466
ruralizing,6678,0,ᚱᚢᚱᚪᛚᛁᛋᛝ,358
pandowdy,6678,0,ᛈᚪᚾᛞᚩᚹᛞᚣ,476
darkener,6678,0,ᛞᚪᚱᚳᛖᚾᛖᚱ,384
sabbaton,6668,0,ᛋᚪᛒᛒᚪᛏᚩᚾ,464
nauseants,6663,0,ᚾᚪᚢᛋᛠᚾᛏᛋ,432
eructate,6661,0,ᛖᚱᚢᚳᛏᚪᛏᛖ,376
bungholes,6653,0,ᛒᚢᛝᚻᚩᛚᛖᛋ,366
enwombed,6644,0,ᛖᚾᚹᚩᛗᛒᛖᛞ,410
airwoman,6644,0,ᚪᛁᚱᚹᚩᛗᚪᚾ,362
homefelt,6641,0,ᚻᚩᛗᛖᚠᛖᛚᛏ,369
amoretto,6639,0,ᚪᛗᚩᚱᛖᛏᛏᚩ,378
fivesome,6638,0,ᚠᛁᚢᛖᛋᚩᛗᛖ,301
eelpouts,6624,0,ᛖᛖᛚᛈᚩᚢᛏᛋ,372
envenoms,6616,0,ᛖᚾᚢᛖᚾᚩᛗᛋ,326
pothunter,6612,0,ᛈᚩᚦᚢᚾᛏᛖᚱ,224
simoleons,6608,0,ᛋᛁᛗᚩᛚᛇᚾᛋ,358
argestes,6608,0,ᚪᚱᚷᛖᛋᛏᛖᛋ,424
pompanos,6598,0,ᛈᚩᛗᛈᚪᚾᚩᛋ,350
papacies,6595,0,ᛈᚪᛈᚪᚳᛁᛖᛋ,444
entozoic,6594,0,ᛖᚾᛏᚩᛋᚩᛁᚳ,266
murphies,6582,0,ᛗᚢᚱᛈᚻᛁᛖᛋ,302
downmost,6581,0,ᛞᚩᚹᚾᛗᚩᛋᛏ,334
unobliging,6580,0,ᚢᚾᚩᛒᛚᛁᚷᛝ,300
rushlike,6569,0,ᚱᚢᛋᚻᛚᛁᚳᛖ,274
constringe,6564,0,ᚳᚩᚾᛋᛏᚱᛝᛖ,318
roomfuls,6562,0,ᚱᚩᚩᛗᚠᚢᛚᛋ,227
mulloway,6562,0,ᛗᚢᛚᛚᚩᚹᚪᚣ,446
wineless,6542,0,ᚹᛁᚾᛖᛚᛖᛋᛋ,392
buttoner,6540,0,ᛒᚢᛏᛏᚩᚾᛖᚱ,296
clownery,6538,0,ᚳᛚᚩᚹᚾᛖᚱᚣ,322
downness,6535,0,ᛞᚩᚹᚾᚾᛖᛋᛋ,346
titlarks,6531,0,ᛏᛁᛏᛚᚪᚱᚳᛋ,396
caleches,6531,0,ᚳᚪᛚᛖᚳᚻᛖᛋ,406
drawlingly,6530,0,ᛞᚱᚪᚹᛚᛝᛚᚣ,544
lintseed,6529,0,ᛚᛁᚾᛏᛋᛖᛖᛞ,468
unsoured,6519,0,ᚢᚾᛋᚩᚢᚱᛖᛞ,262
reerecting,6516,0,ᚱᛖᛖᚱᛖᚳᛏᛝ,374
duteously,6513,0,ᛞᚢᛏᛇᚢᛋᛚᚣ,424
xanthosis,6508,0,ᛉᚪᚾᚦᚩᛋᛁᛋ,322
stodgily,6508,0,ᛋᛏᚩᛞᚷᛁᛚᚣ,432
curliest,6503,0,ᚳᚢᚱᛚᛁᛖᛋᛏ,310
bullaces,6503,0,ᛒᚢᛚᛚᚪᚳᛖᛋ,440
halesome,6499,0,ᚻᚪᛚᛖᛋᚩᛗᛖ,458
suricate,6495,0,ᛋᚢᚱᛁᚳᚪᛏᛖ,334
squeakily,6483,0,ᛋᚳᚹᛠᚳᛁᛚᚣ,414
invocating,6477,0,ᛁᚾᚢᚩᚳᚪᛏᛝ,318
sodomist,6464,0,ᛋᚩᛞᚩᛗᛁᛋᛏ,370
coercible,6463,0,ᚳᛟᚱᚳᛁᛒᛚᛖ,352
monogyny,6456,0,ᛗᚩᚾᚩᚷᚣᚾᚣ,366
twittery,6453,0,ᛏᚹᛁᛏᛏᛖᚱᚣ,408
milklike,6453,0,ᛗᛁᛚᚳᛚᛁᚳᛖ,372
outmarch,6439,0,ᚩᚢᛏᛗᚪᚱᚳᚻ,284
balistas,6439,0,ᛒᚪᛚᛁᛋᛏᚪᛋ,524
subgross,6436,0,ᛋᚢᛒᚷᚱᚩᛋᛋ,258
wannabee,6433,0,ᚹᚪᚾᚾᚪᛒᛖᛖ,466
sweetleaf,6429,0,ᛋᚹᛖᛖᛏᛚᛠᚠ,449
scowlingly,6417,0,ᛋᚳᚩᚹᛚᛝᛚᚣ,420
prancers,6413,0,ᛈᚱᚪᚾᚳᛖᚱᛋ,324
untrussing,6410,0,ᚢᚾᛏᚱᚢᛋᛋᛝ,290
broacher,6404,0,ᛒᚱᚩᚪᚳᚻᛖᚱ,290
sorrowings,6403,0,ᛋᚩᚱᚱᚩᚹᛝᛋ,240
rattails,6403,0,ᚱᚪᛏᛏᚪᛁᛚᛋ,480
vaporish,6398,0,ᚢᚪᛈᚩᚱᛁᛋᚻ,268
accresce,6396,0,ᚪᚳᚳᚱᛖᛋᚳᛖ,334
agonises,6389,0,ᚪᚷᚩᚾᛁᛋᛖᛋ,354
vilipend,6388,0,ᚢᛁᛚᛁᛈᛖᚾᛞ,366
forrader,6386,0,ᚠᚩᚱᚱᚪᛞᛖᚱ,295
bobeches,6376,0,ᛒᚩᛒᛖᚳᚻᛖᛋ,352
mojarras,6373,0,ᛗᚩᛂᚪᚱᚱᚪᛋ,384
friskily,6372,0,ᚠᚱᛁᛋᚳᛁᛚᚣ,317
deridingly,6372,0,ᛞᛖᚱᛁᛞᛝᛚᚣ,542
chukkers,6365,0,ᚳᚻᚢᚳᚳᛖᚱᛋ,196
cheerlead,6360,0,ᚳᚻᛖᛖᚱᛚᛠᛞ,452
ponderer,6355,0,ᛈᚩᚾᛞᛖᚱᛖᚱ,324
allogamy,6354,0,ᚪᛚᛚᚩᚷᚪᛗᚣ,538
wheedler,6353,0,ᚹᚻᛖᛖᛞᛚᛖᚱ,416
overgone,6345,0,ᚩᚢᛖᚱᚷᚩᚾᛖ,208
commoved,6342,0,ᚳᚩᛗᛗᚩᚢᛖᛞ,328
harelips,6337,0,ᚻᚪᚱᛖᛚᛁᛈᛋ,398
aventail,6336,0,ᚪᚢᛖᚾᛏᚪᛁᛚ,456
saturnal,6328,0,ᛋᚪᛏᚢᚱᚾᚪᛚ,422
breviates,6328,0,ᛒᚱᛖᚢᛡᛏᛖᛋ,428
vasotomy,6326,0,ᚢᚪᛋᚩᛏᚩᛗᚣ,400
ventrous,6324,0,ᚢᛖᚾᛏᚱᚩᚢᛋ,232
auxology,6323,0,ᚪᚢᛉᚩᛚᚩᚷᚣ,354
hibachis,6319,0,ᚻᛁᛒᚪᚳᚻᛁᛋ,332
zymology,6314,0,ᛋᚣᛗᚩᛚᚩᚷᚣ,434
gurgoyle,6313,0,ᚷᚢᚱᚷᚩᚣᛚᛖ,298
vertigos,6311,0,ᚢᛖᚱᛏᛁᚷᚩᛋ,248
giantlike,6305,0,ᚷᛡᚾᛏᛚᛁᚳᛖ,396
stippler,6300,0,ᛋᛏᛁᛈᛈᛚᛖᚱ,380
virucide,6298,0,ᚢᛁᚱᚢᚳᛁᛞᛖ,248
nasalize,6295,0,ᚾᚪᛋᚪᛚᛁᛋᛖ,500
discording,6285,0,ᛞᛁᛋᚳᚩᚱᛞᛝ,372
caracals,6279,0,ᚳᚪᚱᚪᚳᚪᛚᛋ,454
appulses,6272,0,ᚪᛈᛈᚢᛚᛋᛖᛋ,432
sneezers,6261,0,ᛋᚾᛖᛖᛋᛖᚱᛋ,400
petalous,6249,0,ᛈᛖᛏᚪᛚᚩᚢᛋ,402
crapauds,6241,0,ᚳᚱᚪᛈᚪᚢᛞᛋ,406
eternizing,6238,0,ᛖᛏᛖᚱᚾᛁᛋᛝ,396
gospeler,6222,0,ᚷᚩᛋᛈᛖᛚᛖᚱ,338
corncake,6221,0,ᚳᚩᚱᚾᚳᚪᚳᛖ,250
aversely,6218,0,ᚪᚢᛖᚱᛋᛖᛚᚣ,474
coequally,6209,0,ᚳᛟᚳᚹᚪᛚᛚᚣ,474
swanneck,6206,0,ᛋᚹᚪᚾᚾᛖᚳᚳ,320
elegiacal,6196,0,ᛖᛚᛖᚷᛡᚳᚪᛚ,514
fellation,6193,0,ᚠᛖᛚᛚᚪᛏᛡᚾ,507
summonings,6192,0,ᛋᚢᛗᛗᚩᚾᛝᛋ,366
camboose,6192,0,ᚳᚪᛗᛒᚩᚩᛋᛖ,376
prickets,6190,0,ᛈᚱᛁᚳᚳᛖᛏᛋ,290
vomitory,6188,0,ᚢᚩᛗᛁᛏᚩᚱᚣ,292
poroporo,6187,0,ᛈᚩᚱᚩᛈᚩᚱᚩ,136
zoolatry,6184,0,ᛋᚩᚩᛚᚪᛏᚱᚣ,410
unbitted,6184,0,ᚢᚾᛒᛁᛏᛏᛖᛞ,398
sneakiest,6184,0,ᛋᚾᛠᚳᛁᛖᛋᛏ,414
broidering,6183,0,ᛒᚱᚩᛁᛞᛖᚱᛝ,356
inglenooks,6178,0,ᛝᛚᛖᚾᚩᚩᚳᛋ,328
spryness,6173,0,ᛋᛈᚱᚣᚾᛖᛋᛋ,412
dewiness,6171,0,ᛞᛖᚹᛁᚾᛖᛋᛋ,408
espouser,6165,0,ᛖᛋᛈᚩᚢᛋᛖᚱ,304
oesophagi,6146,0,ᛟᛋᚩᛈᚻᚪᚷᛁ,354
etamines,6146,0,ᛖᛏᚪᛗᛁᚾᛖᛋ,474
cragsmen,6143,0,ᚳᚱᚪᚷᛋᛗᛖᚾ,358
slagheaps,6141,0,ᛋᛚᚪᚷᚻᛠᛈᛋ,468
thingamabob,6139,0,ᚦᛝᚪᛗᚪᛒᚩᛒ,478
gourdful,6136,0,ᚷᚩᚢᚱᛞᚠᚢᛚ,205
nautches,6129,0,ᚾᚪᚢᛏᚳᚻᛖᛋ,344
foamlike,6129,0,ᚠᚩᚪᛗᛚᛁᚳᛖ,361
turmoiling,6128,0,ᛏᚢᚱᛗᚩᛁᛚᛝ,334
drupelet,6127,0,ᛞᚱᚢᛈᛖᛚᛖᛏ,412
disunions,6122,0,ᛞᛁᛋᚢᚾᛡᚾᛋ,394
fulmined,6119,0,ᚠᚢᛚᛗᛁᚾᛖᛞ,365
quantise,6107,0,ᚳᚹᚪᚾᛏᛁᛋᛖ,368
whittlings,6098,0,ᚹᚻᛁᛏᛏᛚᛝᛋ,396
sillabub,6098,0,ᛋᛁᛚᛚᚪᛒᚢᛒ,452
moultons,6087,0,ᛗᚩᚢᛚᛏᚩᚾᛋ,302
titterings,6084,0,ᛏᛁᛏᛏᛖᚱᛝᛋ,418
theologise,6083,0,ᚦᛇᛚᚩᚷᛁᛋᛖ,294
fumblers,6077,0,ᚠᚢᛗᛒᛚᛖᚱᛋ,341
marrowed,6074,0,ᛗᚪᚱᚱᚩᚹᛖᛞ,372
detester,6070,0,ᛞᛖᛏᛖᛋᛏᛖᚱ,472
lollygag,6065,0,ᛚᚩᛚᛚᚣᚷᚪᚷ,460
cabbaged,6061,0,ᚳᚪᛒᛒᚪᚷᛖᛞ,502
huarache,6053,0,ᚻᚢᚪᚱᚪᚳᚻᛖ,334
repinned,6050,0,ᚱᛖᛈᛁᚾᚾᛖᛞ,366
depilate,6045,0,ᛞᛖᛈᛁᛚᚪᛏᛖ,526
swizzles,6035,0,ᛋᚹᛁᛋᛋᛚᛖᛋ,402
rampired,6030,0,ᚱᚪᛗᛈᛁᚱᛖᛞ,420
impletion,6029,0,ᛁᛗᛈᛚᛖᛏᛡᚾ,480
wickered,6026,0,ᚹᛁᚳᚳᛖᚱᛖᛞ,310
overbids,6023,0,ᚩᚢᛖᚱᛒᛁᛞᛋ,322
selvaged,6022,0,ᛋᛖᛚᚢᚪᚷᛖᛞ,466
primitias,6021,0,ᛈᚱᛁᛗᛁᛏᛡᛋ,406
cannular,6020,0,ᚳᚪᚾᚾᚢᛚᚪᚱ,352
ebonites,6016,0,ᛖᛒᚩᚾᛁᛏᛖᛋ,374
perijove,6009,0,ᛈᛖᚱᛁᛂᚩᚢᛖ,266
wrenchings,6005,0,ᚹᚱᛖᚾᚳᚻᛝᛋ,294
crusadoes,5993,0,ᚳᚱᚢᛋᚪᛞᛟᛋ,402
shrubbed,5991,0,ᛋᚻᚱᚢᛒᛒᛖᛞ,368
twinkler,5988,0,ᛏᚹᛁᚾᚳᛚᛖᚱ,302
shiftier,5988,0,ᛋᚻᛁᚠᛏᛁᛖᚱ,277
pinfeather,5988,0,ᛈᛁᚾᚠᛠᚦᛖᚱ,297
pagandom,5984,0,ᛈᚪᚷᚪᚾᛞᚩᛗ,450
dockages,5982,0,ᛞᚩᚳᚳᚪᚷᛖᛋ,356
inebriant,5980,0,ᛁᚾᛖᛒᚱᛡᚾᛏ,394
didelphia,5978,0,ᛞᛁᛞᛖᛚᛈᚻᛡ,522
spritzes,5969,0,ᛋᛈᚱᛁᛏᛋᛖᛋ,370
relucent,5969,0,ᚱᛖᛚᚢᚳᛖᚾᛏ,322
outsetting,5968,0,ᚩᚢᛏᛋᛖᛏᛏᛝ,386
bonavist,5960,0,ᛒᚩᚾᚪᚢᛁᛋᛏ,340
hayforks,5951,0,ᚻᚪᚣᚠᚩᚱᚳᛋ,309
greatened,5951,0,ᚷᚱᛠᛏᛖᚾᛖᛞ,448
ankylose,5948,0,ᚪᚾᚳᚣᛚᚩᛋᛖ,442
orchella,5941,0,ᚩᚱᚳᚻᛖᛚᛚᚪ,364
feminise,5937,0,ᚠᛖᛗᛁᚾᛁᛋᛖ,351
stockcar,5936,0,ᛋᛏᚩᚳᚳᚳᚪᚱ,266
wirehair,5927,0,ᚹᛁᚱᛖᚻᚪᛁᚱ,290
dulcineas,5921,0,ᛞᚢᛚᚳᛁᚾᛠᛋ,400
homefolk,5920,0,ᚻᚩᛗᛖᚠᚩᛚᚳ,263
primmest,5919,0,ᛈᚱᛁᛗᛗᛖᛋᛏ,406
occiputs,5919,0,ᚩᚳᚳᛁᛈᚢᛏᛋ,222
braggers,5919,0,ᛒᚱᚪᚷᚷᛖᚱᛋ,334
welshers,5916,0,ᚹᛖᛚᛋᚻᛖᚱᛋ,366
inspanning,5916,0,ᛁᚾᛋᛈᚪᚾᚾᛝ,390
mouflons,5911,0,ᛗᚩᚢᚠᛚᚩᚾᛋ,245
lovelily,5911,0,ᛚᚩᚢᛖᛚᛁᛚᚣ,430
confects,5910,0,ᚳᚩᚾᚠᛖᚳᛏᛋ,243
taborets,5909,0,ᛏᚪᛒᚩᚱᛖᛏᛋ,414
decriers,5901,0,ᛞᛖᚳᚱᛁᛖᚱᛋ,342
brassily,5900,0,ᛒᚱᚪᛋᛋᛁᛚᚣ,482
boringness,5897,0,ᛒᚩᚱᛝᚾᛖᛋᛋ,360
floccule,5896,0,ᚠᛚᚩᚳᚳᚢᛚᛖ,251
forethink,5893,0,ᚠᚩᚱᛖᚦᛁᚾᚳ,165
trendily,5891,0,ᛏᚱᛖᚾᛞᛁᛚᚣ,462
pucelles,5890,0,ᛈᚢᚳᛖᛚᛚᛖᛋ,392
caedmonian,5890,0,ᚳᚫᛞᛗᚩᚾᛡᚾ,446
perclose,5886,0,ᛈᛖᚱᚳᛚᚩᛋᛖ,334
sawdusts,5872,0,ᛋᚪᚹᛞᚢᛋᛏᛋ,426
weariless,5871,0,ᚹᛠᚱᛁᛚᛖᛋᛋ,416
virgules,5865,0,ᚢᛁᚱᚷᚢᛚᛖᛋ,258
touchily,5865,0,ᛏᚩᚢᚳᚻᛁᛚᚣ,312
tardiest,5851,0,ᛏᚪᚱᛞᛁᛖᛋᛏ,466
gaminess,5851,0,ᚷᚪᛗᛁᚾᛖᛋᛋ,418
skurried,5843,0,ᛋᚳᚢᚱᚱᛁᛖᛞ,278
outspoke,5827,0,ᚩᚢᛏᛋᛈᚩᚳᛖ,252
surfbird,5825,0,ᛋᚢᚱᚠᛒᛁᚱᛞ,261
inkiness,5825,0,ᛁᚾᚳᛁᚾᛖᛋᛋ,306
crustier,5825,0,ᚳᚱᚢᛋᛏᛁᛖᚱ,248
bemocked,5818,0,ᛒᛖᛗᚩᚳᚳᛖᛞ,388
hidrotic,5815,0,ᚻᛁᛞᚱᚩᛏᛁᚳ,264
perriers,5814,0,ᛈᛖᚱᚱᛁᛖᚱᛋ,294
millioned,5809,0,ᛗᛁᛚᛚᛡᚾᛖᛞ,540
shaggily,5808,0,ᛋᚻᚪᚷᚷᛁᛚᚣ,414
weevilly,5802,0,ᚹᛖᛖᚢᛁᛚᛚᚣ,436
outdrawn,5801,0,ᚩᚢᛏᛞᚱᚪᚹᚾ,314
archaist,5800,0,ᚪᚱᚳᚻᚪᛁᛋᛏ,384
ariettas,5796,0,ᚪᚱᛁᛖᛏᛏᚪᛋ,474
onanists,5794,0,ᚩᚾᚪᚾᛁᛋᛏᛋ,358
tritheist,5792,0,ᛏᚱᛁᚦᛖᛁᛋᛏ,316
cecropias,5787,0,ᚳᛖᚳᚱᚩᛈᛡᛋ,314
anoxemic,5786,0,ᚪᚾᚩᛉᛖᛗᛁᚳ,362
manslaying,5780,0,ᛗᚪᚾᛋᛚᚪᚣᛝ,602
cuscuses,5771,0,ᚳᚢᛋᚳᚢᛋᛖᛋ,258
epistler,5760,0,ᛖᛈᛁᛋᛏᛚᛖᚱ,404
kittened,5756,0,ᚳᛁᛏᛏᛖᚾᛖᛞ,414
giftless,5748,0,ᚷᛁᚠᛏᛚᛖᛋᛋ,355
unartful,5744,0,ᚢᚾᚪᚱᛏᚠᚢᛚ,277
submersing,5742,0,ᛋᚢᛒᛗᛖᚱᛋᛝ,398
curbless,5736,0,ᚳᚢᚱᛒᛚᛖᛋᛋ,334
spottier,5729,0,ᛋᛈᚩᛏᛏᛁᛖᚱ,330
operagoer,5729,0,ᚩᛈᛖᚱᚪᚷᛟᚱ,336
seemlier,5727,0,ᛋᛖᛖᛗᛚᛁᛖᚱ,440
coenobite,5727,0,ᚳᛟᚾᚩᛒᛁᛏᛖ,350
untufted,5724,0,ᚢᚾᛏᚢᚠᛏᛖᛞ,311
tweenies,5722,0,ᛏᚹᛖᛖᚾᛁᛖᛋ,392
euglenas,5722,0,ᛖᚢᚷᛚᛖᚾᚪᛋ,406
nabathaean,5718,0,ᚾᚪᛒᚪᚦᚫᚪᚾ,516
benzoins,5713,0,ᛒᛖᚾᛋᚩᛁᚾᛋ,330
moonward,5704,0,ᛗᚩᚩᚾᚹᚪᚱᛞ,330
rebellow,5691,0,ᚱᛖᛒᛖᛚᛚᚩᚹ,378
snottily,5681,0,ᛋᚾᚩᛏᛏᛁᛚᚣ,414
bouncier,5672,0,ᛒᚩᚢᚾᚳᛁᛖᚱ,222
dandriff,5666,0,ᛞᚪᚾᛞᚱᛁᚠᚠ,350
pomarium,5665,0,ᛈᚩᛗᚪᚱᛁᚢᛗ,334
hatracks,5664,0,ᚻᚪᛏᚱᚪᚳᚳᛋ,366
sandburs,5651,0,ᛋᚪᚾᛞᛒᚢᚱᛋ,396
jocundly,5646,0,ᛂᚩᚳᚢᚾᛞᛚᚣ,354
pyrrhics,5643,0,ᛈᚣᚱᚱᚻᛁᚳᛋ,288
hypnoses,5629,0,ᚻᚣᛈᚾᚩᛋᛖᛋ,378
sandspur,5627,0,ᛋᚪᚾᛞᛋᛈᚢᚱ,378
benthamic,5621,0,ᛒᛖᚾᚦᚪᛗᛁᚳ,374
hoarsest,5616,0,ᚻᚩᚪᚱᛋᛖᛋᛏ,370
headlocks,5612,0,ᚻᛠᛞᛚᚩᚳᚳᛋ,380
lunkheads,5596,0,ᛚᚢᚾᚳᚻᛠᛞᛋ,392
entracte,5594,0,ᛖᚾᛏᚱᚪᚳᛏᛖ,402
graduand,5585,0,ᚷᚱᚪᛞᚢᚪᚾᛞ,432
postbags,5584,0,ᛈᚩᛋᛏᛒᚪᚷᛋ,390
linkboys,5583,0,ᛚᛁᚾᚳᛒᚩᚣᛋ,370
peakiness,5582,0,ᛈᛠᚳᛁᚾᛖᛋᛋ,398
uniquity,5578,0,ᚢᚾᛁᚳᚹᛁᛏᚣ,288
pessimal,5576,0,ᛈᛖᛋᛋᛁᛗᚪᛚ,488
overborn,5575,0,ᚩᚢᛖᚱᛒᚩᚱᚾ,196
barometz,5572,0,ᛒᚪᚱᚩᛗᛖᛏᛋ,426
quirkish,5568,0,ᚳᚹᛁᚱᚳᛁᛋᚻ,194
duellers,5567,0,ᛞᚢᛖᛚᛚᛖᚱᛋ,436
chucklings,5567,0,ᚳᚻᚢᚳᚳᛚᛝᛋ,270
plumlike,5566,0,ᛈᛚᚢᛗᛚᛁᚳᛖ,374
passkeys,5556,0,ᛈᚪᛋᛋᚳᛖᚣᛋ,482
ismailian,5556,0,ᛁᛋᛗᚪᛁᛚᛡᚾ,492
palometa,5553,0,ᛈᚪᛚᚩᛗᛖᛏᚪ,514
seaquakes,5552,0,ᛋᛠᚳᚹᚪᚳᛖᛋ,424
capeskin,5547,0,ᚳᚪᛈᛖᛋᚳᛁᚾ,346
lankness,5543,0,ᛚᚪᚾᚳᚾᛖᛋᛋ,414
decagons,5531,0,ᛞᛖᚳᚪᚷᚩᚾᛋ,372
meteorous,5530,0,ᛗᛖᛏᛇᚱᚩᚢᛋ,312
fameless,5528,0,ᚠᚪᛗᛖᛚᛖᛋᛋ,483
hotboxes,5525,0,ᚻᚩᛏᛒᚩᛉᛖᛋ,324
misplays,5522,0,ᛗᛁᛋᛈᛚᚪᚣᛋ,524
ramblingly,5518,0,ᚱᚪᛗᛒᛚᛝᛚᚣ,568
pluckier,5517,0,ᛈᛚᚢᚳᚳᛁᛖᚱ,254
cannabin,5517,0,ᚳᚪᚾᚾᚪᛒᛁᚾ,386
famoused,5516,0,ᚠᚪᛗᚩᚢᛋᛖᛞ,389
uncrowning,5514,0,ᚢᚾᚳᚱᚩᚹᚾᛝ,190
spinnery,5514,0,ᛋᛈᛁᚾᚾᛖᚱᚣ,366
marmorean,5492,0,ᛗᚪᚱᛗᚩᚱᛠᚾ,406
repasser,5487,0,ᚱᛖᛈᚪᛋᛋᛖᚱ,402
duckpins,5487,0,ᛞᚢᚳᚳᛈᛁᚾᛋ,274
pyxidium,5485,0,ᛈᚣᛉᛁᛞᛁᚢᛗ,418
scanties,5480,0,ᛋᚳᚪᚾᛏᛁᛖᛋ,402
brollies,5480,0,ᛒᚱᚩᛚᛚᛁᛖᛋ,376
apogamic,5478,0,ᚪᛈᚩᚷᚪᛗᛁᚳ,376
nepotist,5470,0,ᚾᛖᛈᚩᛏᛁᛋᛏ,348
glassier,5469,0,ᚷᛚᚪᛋᛋᛁᛖᚱ,402
garboils,5463,0,ᚷᚪᚱᛒᚩᛁᛚᛋ,350
cacklers,5458,0,ᚳᚪᚳᚳᛚᛖᚱᛋ,340
shrieker,5455,0,ᛋᚻᚱᛁᛖᚳᛖᚱ,276
reinsman,5454,0,ᚱᛖᛁᚾᛋᛗᚪᚾ,388
womanize,5446,0,ᚹᚩᛗᚪᚾᛁᛋᛖ,374
snazzier,5432,0,ᛋᚾᚪᛋᛋᛁᛖᚱ,394
wakeless,5431,0,ᚹᚪᚳᛖᛚᛖᛋᛋ,442
yashmaks,5429,0,ᚣᚪᛋᚻᛗᚪᚳᛋ,510
swizzled,5415,0,ᛋᚹᛁᛋᛋᛚᛖᛞ,438
luculent,5412,0,ᛚᚢᚳᚢᛚᛖᚾᛏ,320
uprooter,5402,0,ᚢᛈᚱᚩᚩᛏᛖᚱ,208
citruses,5396,0,ᚳᛁᛏᚱᚢᛋᛖᛋ,290
overcrow,5374,0,ᚩᚢᛖᚱᚳᚱᚩᚹ,138
bearishly,5357,0,ᛒᛠᚱᛁᛋᚻᛚᚣ,464
vilifier,5347,0,ᚢᛁᛚᛁᚠᛁᛖᚱ,249
cubiform,5331,0,ᚳᚢᛒᛁᚠᚩᚱᛗ,199
bullethead,5325,0,ᛒᚢᛚᛚᛖᚦᛠᛞ,480
crowfeet,5322,0,ᚳᚱᚩᚹᚠᛖᛖᛏ,245
amorists,5321,0,ᚪᛗᚩᚱᛁᛋᛏᛋ,382
aggrieving,5320,0,ᚪᚷᚷᚱᛁᛖᚢᛝ,322
irefully,5310,0,ᛁᚱᛖᚠᚢᛚᛚᚣ,363
felonous,5310,0,ᚠᛖᛚᚩᚾᚩᚢᛋ,241
starrier,5305,0,ᛋᛏᚪᚱᚱᛁᛖᚱ,340
restitch,5303,0,ᚱᛖᛋᛏᛁᛏᚳᚻ,316
tanekaha,5299,0,ᛏᚪᚾᛖᚳᚪᚻᚪ,482
scumbles,5298,0,ᛋᚳᚢᛗᛒᛚᛖᛋ,394
unfrocking,5295,0,ᚢᚾᚠᚱᚩᚳᚳᛝ,157
clubbish,5294,0,ᚳᛚᚢᛒᛒᛁᛋᚻ,318
foreseer,5292,0,ᚠᚩᚱᛖᛋᛖᛖᚱ,285
tonights,5288,0,ᛏᚩᚾᛁᚷᚻᛏᛋ,278
bombycid,5286,0,ᛒᚩᛗᛒᚣᚳᛁᛞ,436
downiest,5284,0,ᛞᚩᚹᚾᛁᛖᛋᛏ,354
burnouse,5283,0,ᛒᚢᚱᚾᚩᚢᛋᛖ,234
unamiably,5277,0,ᚢᚾᚪᛗᛡᛒᛚᚣ,544
impeacher,5276,0,ᛁᛗᛈᛠᚳᚻᛖᚱ,368
brothered,5262,0,ᛒᚱᚩᚦᛖᚱᛖᛞ,318
secreter,5259,0,ᛋᛖᚳᚱᛖᛏᛖᚱ,348
reedbird,5253,0,ᚱᛖᛖᛞᛒᛁᚱᛞ,426
marlines,5252,0,ᛗᚪᚱᛚᛁᚾᛖᛋ,432
holdable,5252,0,ᚻᚩᛚᛞᚪᛒᛚᛖ,490
caressings,5252,0,ᚳᚪᚱᛖᛋᛋᛝᛋ,426
nakedest,5237,0,ᚾᚪᚳᛖᛞᛖᛋᛏ,474
nudeness,5220,0,ᚾᚢᛞᛖᚾᛖᛋᛋ,390
throttler,5216,0,ᚦᚱᚩᛏᛏᛚᛖᚱ,292
pignolias,5212,0,ᛈᛁᚷᚾᚩᛚᛡᛋ,360
unridden,5208,0,ᚢᚾᚱᛁᛞᛞᛖᚾ,348
eclipser,5208,0,ᛖᚳᛚᛁᛈᛋᛖᚱ,358
pettifog,5207,0,ᛈᛖᛏᛏᛁᚠᚩᚷ,285
bodikins,5204,0,ᛒᚩᛞᛁᚳᛁᚾᛋ,314
exigeante,5202,0,ᛖᛉᛁᚷᛠᚾᛏᛖ,426
ticktack,5193,0,ᛏᛁᚳᚳᛏᚪᚳᚳ,298
rousters,5190,0,ᚱᚩᚢᛋᛏᛖᚱᛋ,264
cantharid,5183,0,ᚳᚪᚾᚦᚪᚱᛁᛞ,372
cogitant,5180,0,ᚳᚩᚷᛁᛏᚪᚾᛏ,312
soursops,5172,0,ᛋᚩᚢᚱᛋᚩᛈᛋ,230
symploce,5164,0,ᛋᚣᛗᛈᛚᚩᚳᛖ,430
legerity,5163,0,ᛚᛖᚷᛖᚱᛁᛏᚣ,428
sprawler,5154,0,ᛋᛈᚱᚪᚹᛚᛖᚱ,374
toucanet,5150,0,ᛏᚩᚢᚳᚪᚾᛖᛏ,334
verdured,5145,0,ᚢᛖᚱᛞᚢᚱᛖᛞ,340
rontgens,5143,0,ᚱᚩᚾᛏᚷᛖᚾᛋ,272
lasagnas,5143,0,ᛚᚪᛋᚪᚷᚾᚪᛋ,516
rumblers,5142,0,ᚱᚢᛗᛒᛚᛖᚱᛋ,350
rivelled,5141,0,ᚱᛁᚢᛖᛚᛚᛖᛞ,414
nerviest,5141,0,ᚾᛖᚱᚢᛁᛖᛋᛏ,320
bitchily,5141,0,ᛒᛁᛏᚳᚻᛁᛚᚣ,394
thurifers,5134,0,ᚦᚢᚱᛁᚠᛖᚱᛋ,183
unkinked,5129,0,ᚢᚾᚳᛁᚾᚳᛖᛞ,274
lardoons,5129,0,ᛚᚪᚱᛞᚩᚩᚾᛋ,366
pavlovas,5115,0,ᛈᚪᚢᛚᚩᚢᚪᛋ,376
typesets,5111,0,ᛏᚣᛈᛖᛋᛖᛏᛋ,504
citrines,5107,0,ᚳᛁᛏᚱᛁᚾᛖᛋ,294
indulger,5104,0,ᛁᚾᛞᚢᛚᚷᛖᚱ,320
blarneying,5101,0,ᛒᛚᚪᚱᚾᛖᚣᛝ,520
agrology,5099,0,ᚪᚷᚱᚩᛚᚩᚷᚣ,332
unaneled,5088,0,ᚢᚾᚪᚾᛖᛚᛖᛞ,454
elysiums,5087,0,ᛖᛚᚣᛋᛁᚢᛗᛋ,454
nurtural,5083,0,ᚾᚢᚱᛏᚢᚱᚪᛚ,286
miscreate,5071,0,ᛗᛁᛋᚳᚱᛠᛏᛖ,414
flincher,5061,0,ᚠᛚᛁᚾᚳᚻᛖᚱ,249
sunlands,5058,0,ᛋᚢᚾᛚᚪᚾᛞᛋ,426
sternums,5051,0,ᛋᛏᛖᚱᚾᚢᛗᛋ,346
overcrop,5047,0,ᚩᚢᛖᚱᚳᚱᚩᛈ,162
raptness,5044,0,ᚱᚪᛈᛏᚾᛖᛋᛋ,412
chitters,5042,0,ᚳᚻᛁᛏᛏᛖᚱᛋ,316
periaguas,5041,0,ᛈᛖᚱᛡᚷᚢᚪᛋ,398
rewordings,5040,0,ᚱᛖᚹᚩᚱᛞᛝᛋ,336
eternise,5039,0,ᛖᛏᛖᚱᚾᛁᛋᛖ,384
colorers,5039,0,ᚳᚩᛚᚩᚱᛖᚱᛋ,242
anoestrum,5039,0,ᚪᚾᛟᛋᛏᚱᚢᛗ,406
nirvanas,5037,0,ᚾᛁᚱᚢᚪᚾᚪᛋ,350
barretry,5037,0,ᛒᚪᚱᚱᛖᛏᚱᚣ,420
sewellel,5034,0,ᛋᛖᚹᛖᛚᛚᛖᛚ,492
gemsbuck,5033,0,ᚷᛖᛗᛋᛒᚢᚳᚳ,298
slugabed,5028,0,ᛋᛚᚢᚷᚪᛒᛖᛞ,460
prolixly,5020,0,ᛈᚱᚩᛚᛁᛉᛚᚣ,388
croesuses,5010,0,ᚳᚱᛟᛋᚢᛋᛖᛋ,336
regrater,5008,0,ᚱᛖᚷᚱᚪᛏᛖᚱ,340
footboys,5006,0,ᚠᚩᚩᛏᛒᚩᚣᛋ,299
blazered,4998,0,ᛒᛚᚪᛋᛖᚱᛖᛞ,518
cedillas,4997,0,ᚳᛖᛞᛁᛚᛚᚪᛋ,496
delubrum,4996,0,ᛞᛖᛚᚢᛒᚱᚢᛗ,378
vesicate,4993,0,ᚢᛖᛋᛁᚳᚪᛏᛖ,390
scissure,4993,0,ᛋᚳᛁᛋᛋᚢᚱᛖ,284
phoronid,4987,0,ᛈᚻᚩᚱᚩᚾᛁᛞ,240
veniality,4986,0,ᚢᛖᚾᛡᛚᛁᛏᚣ,472
fairstead,4986,0,ᚠᚪᛁᚱᛋᛏᛠᛞ,451
calycles,4986,0,ᚳᚪᛚᚣᚳᛚᛖᛋ,492
mafficking,4985,0,ᛗᚪᚠᚠᛁᚳᚳᛝ,308
scrounges,4977,0,ᛋᚳᚱᚩᚢᛝᛖᛋ,286
pactolian,4977,0,ᛈᚪᚳᛏᚩᛚᛡᚾ,428
bouchees,4977,0,ᛒᚩᚢᚳᚻᛖᛖᛋ,294
disarmer,4974,0,ᛞᛁᛋᚪᚱᛗᛖᚱ,430
crateful,4969,0,ᚳᚱᚪᛏᛖᚠᚢᛚ,325
peripetia,4960,0,ᛈᛖᚱᛁᛈᛖᛏᛡ,428
unpulled,4959,0,ᚢᚾᛈᚢᛚᛚᛖᛞ,380
googlies,4959,0,ᚷᚩᚩᚷᛚᛁᛖᛋ,272
splender,4954,0,ᛋᛈᛚᛖᚾᛞᛖᚱ,432
villatic,4953,0,ᚢᛁᛚᛚᚪᛏᛁᚳ,380
mucinoid,4952,0,ᛗᚢᚳᛁᚾᚩᛁᛞ,274
embowers,4950,0,ᛖᛗᛒᚩᚹᛖᚱᛋ,356
gabblers,4949,0,ᚷᚪᛒᛒᛚᛖᚱᛋ,440
swellhead,4948,0,ᛋᚹᛖᛚᛚᚻᛠᛞ,506
chamfron,4945,0,ᚳᚻᚪᛗᚠᚱᚩᚾ,253
liverleaf,4942,0,ᛚᛁᚢᛖᚱᛚᛠᚠ,369
diamagnet,4937,0,ᛞᛡᛗᚪᚷᚾᛖᛏ,536
unabused,4920,0,ᚢᚾᚪᛒᚢᛋᛖᛞ,402
garrotes,4920,0,ᚷᚪᚱᚱᚩᛏᛖᛋ,322
acerbate,4919,0,ᚪᚳᛖᚱᛒᚪᛏᛖ,472
rollmops,4918,0,ᚱᚩᛚᛚᛗᚩᛈᛋ,338
alfaquis,4918,0,ᚪᛚᚠᚪᚳᚹᛁᛋ,385
figworts,4916,0,ᚠᛁᚷᚹᚩᚱᛏᛋ,199
uncloaking,4915,0,ᚢᚾᚳᛚᚩᚪᚳᛝ,314
hobblers,4913,0,ᚻᚩᛒᛒᛚᛖᚱᛋ,356
bellower,4913,0,ᛒᛖᛚᛚᚩᚹᛖᚱ,378
chummery,4909,0,ᚳᚻᚢᛗᛗᛖᚱᚣ,362
untrusty,4903,0,ᚢᚾᛏᚱᚢᛋᛏᚣ,320
hearthrugs,4896,0,ᚻᛠᚱᚦᚱᚢᚷᛋ,232
timidest,4892,0,ᛏᛁᛗᛁᛞᛖᛋᛏ,460
filmable,4886,0,ᚠᛁᛚᛗᚪᛒᛚᛖ,475
backslap,4879,0,ᛒᚪᚳᚳᛋᛚᚪᛈ,450
monandry,4877,0,ᛗᚩᚾᚪᚾᛞᚱᚣ,436
wrastled,4876,0,ᚹᚱᚪᛋᛏᛚᛖᛞ,468
checkrow,4872,0,ᚳᚻᛖᚳᚳᚱᚩᚹ,166
moronity,4858,0,ᛗᚩᚱᚩᚾᛁᛏᚣ,318
truckler,4853,0,ᛏᚱᚢᚳᚳᛚᛖᚱ,250
fanciable,4851,0,ᚠᚪᚾᚳᛡᛒᛚᛖ,449
asternal,4847,0,ᚪᛋᛏᛖᚱᚾᚪᛚ,486
faultier,4834,0,ᚠᚪᚢᛚᛏᛁᛖᚱ,343
beelines,4830,0,ᛒᛖᛖᛚᛁᚾᛖᛋ,448
paginating,4827,0,ᛈᚪᚷᛁᚾᚪᛏᛝ,452
shindies,4824,0,ᛋᚻᛁᚾᛞᛁᛖᛋ,376
despisal,4820,0,ᛞᛖᛋᛈᛁᛋᚪᛚ,506
coccyges,4818,0,ᚳᚩᚳᚳᚣᚷᛖᛋ,286
armigers,4818,0,ᚪᚱᛗᛁᚷᛖᚱᛋ,358
stodgier,4803,0,ᛋᛏᚩᛞᚷᛁᛖᚱ,334
growlingly,4799,0,ᚷᚱᚩᚹᛚᛝᛚᚣ,382
adamitic,4795,0,ᚪᛞᚪᛗᛁᛏᛁᚳ,488
energids,4788,0,ᛖᚾᛖᚱᚷᛁᛞᛋ,364
abhorrer,4776,0,ᚪᛒᚻᚩᚱᚱᛖᚱ,288
coinsure,4773,0,ᚳᚩᛁᚾᛋᚢᚱᛖ,214
pearlfish,4772,0,ᛈᛠᚱᛚᚠᛁᛋᚻ,345
threadfins,4771,0,ᚦᚱᛠᛞᚠᛁᚾᛋ,329
snowshoer,4770,0,ᛋᚾᚩᚹᛋᚻᛟᚱ,278
unmuzzle,4769,0,ᚢᚾᛗᚢᛋᛋᛚᛖ,352
prodroma,4767,0,ᛈᚱᚩᛞᚱᚩᛗᚪ,336
dislimns,4766,0,ᛞᛁᛋᛚᛁᛗᚾᛋ,430
tantrist,4763,0,ᛏᚪᚾᛏᚱᛁᛋᛏ,398
smirches,4763,0,ᛋᛗᛁᚱᚳᚻᛖᛋ,322
arbalist,4763,0,ᚪᚱᛒᚪᛚᛁᛋᛏ,482
makeless,4758,0,ᛗᚪᚳᛖᛚᛖᛋᛋ,494
ahungered,4756,0,ᚪᚻᚢᛝᛖᚱᛖᛞ,436
dowsabel,4753,0,ᛞᚩᚹᛋᚪᛒᛖᛚ,466
sorrower,4748,0,ᛋᚩᚱᚱᚩᚹᛖᚱ,186
backband,4748,0,ᛒᚪᚳᚳᛒᚪᚾᛞ,460
scorchings,4745,0,ᛋᚳᚩᚱᚳᚻᛝᛋ,252
redbones,4741,0,ᚱᛖᛞᛒᚩᚾᛖᛋ,384
virelays,4737,0,ᚢᛁᚱᛖᛚᚪᚣᛋ,438
tamperer,4736,0,ᛏᚪᛗᛈᛖᚱᛖᚱ,426
syrinxes,4735,0,ᛋᚣᚱᛁᚾᛉᛖᛋ,394
aculeated,4728,0,ᚪᚳᚢᛚᛠᛏᛖᛞ,510
tauruses,4727,0,ᛏᚪᚢᚱᚢᛋᛖᛋ,346
arctiids,4727,0,ᚪᚱᚳᛏᛁᛁᛞᛋ,384
galilees,4724,0,ᚷᚪᛚᛁᛚᛖᛖᛋ,478
ricebird,4722,0,ᚱᛁᚳᛖᛒᛁᚱᛞ,314
painture,4722,0,ᛈᚪᛁᚾᛏᚢᚱᛖ,340
doyennes,4722,0,ᛞᚩᚣᛖᚾᚾᛖᛋ,444
sunberry,4718,0,ᛋᚢᚾᛒᛖᚱᚱᚣ,338
sodalist,4705,0,ᛋᚩᛞᚪᛚᛁᛋᛏ,462
decliner,4702,0,ᛞᛖᚳᛚᛁᚾᛖᚱ,380
misfiles,4693,0,ᛗᛁᛋᚠᛁᛚᛖᛋ,381
quinsies,4691,0,ᚳᚹᛁᚾᛋᛁᛖᛋ,296
waxberry,4686,0,ᚹᚪᛉᛒᛖᚱᚱᚣ,416
cheekier,4680,0,ᚳᚻᛖᛖᚳᛁᛖᚱ,292
angriness,4676,0,ᚪᛝᚱᛁᚾᛖᛋᛋ,420
faintheart,4673,0,ᚠᚪᛁᚾᚦᛠᚱᛏ,343
headsprings,4664,0,ᚻᛠᛞᛋᛈᚱᛝᛋ,460
boarfish,4663,0,ᛒᚩᚪᚱᚠᛁᛋᚻ,285
tarweeds,4660,0,ᛏᚪᚱᚹᛖᛖᛞᛋ,462
mooneyes,4660,0,ᛗᚩᚩᚾᛖᚣᛖᛋ,404
tessella,4657,0,ᛏᛖᛋᛋᛖᛚᛚᚪ,542
numerating,4652,0,ᚾᚢᛗᛖᚱᚪᛏᛝ,416
uncarded,4649,0,ᚢᚾᚳᚪᚱᛞᛖᛞ,398
vomitive,4643,0,ᚢᚩᛗᛁᛏᛁᚢᛖ,272
myriagram,4643,0,ᛗᚣᚱᛡᚷᚱᚪᛗ,488
bechance,4641,0,ᛒᛖᚳᚻᚪᚾᚳᛖ,370
cheerers,4638,0,ᚳᚻᛖᛖᚱᛖᚱᛋ,312
amenably,4637,0,ᚪᛗᛖᚾᚪᛒᛚᚣ,598
idealizer,4634,0,ᛁᛞᛠᛚᛁᛋᛖᚱ,464
trilbies,4632,0,ᛏᚱᛁᛚᛒᛁᛖᛋ,386
divagate,4631,0,ᛞᛁᚢᚪᚷᚪᛏᛖ,460
incitive,4624,0,ᛁᚾᚳᛁᛏᛁᚢᛖ,264
hillward,4605,0,ᚻᛁᛚᛚᚹᚪᚱᛞ,416
soleless,4603,0,ᛋᚩᛚᛖᛚᛖᛋᛋ,446
enamouring,4601,0,ᛖᚾᚪᛗᚩᚢᚱᛝ,364
scelerat,4597,0,ᛋᚳᛖᛚᛖᚱᚪᛏ,440
fleabanes,4597,0,ᚠᛚᛠᛒᚪᚾᛖᛋ,491
faggoted,4589,0,ᚠᚪᚷᚷᚩᛏᛖᛞ,355
puffbird,4587,0,ᛈᚢᚠᚠᛒᛁᚱᛞ,242
ducatoon,4586,0,ᛞᚢᚳᚪᛏᚩᚩᚾ,304
barracan,4586,0,ᛒᚪᚱᚱᚪᚳᚪᚾ,416
junketting,4584,0,ᛂᚢᚾᚳᛖᛏᛏᛝ,346
alyssums,4584,0,ᚪᛚᚣᛋᛋᚢᛗᛋ,506
challahs,4581,0,ᚳᚻᚪᛚᛚᚪᚻᛋ,452
geophytic,4577,0,ᚷᛇᛈᚻᚣᛏᛁᚳ,330
unpotted,4575,0,ᚢᚾᛈᚩᛏᛏᛖᛞ,356
brattish,4574,0,ᛒᚱᚪᛏᛏᛁᛋᚻ,394
capitayn,4570,0,ᚳᚪᛈᛁᛏᚪᚣᚾ,472
roridula,4560,0,ᚱᚩᚱᛁᛞᚢᛚᚪ,322
roisters,4559,0,ᚱᚩᛁᛋᛏᛖᚱᛋ,292
menorrhea,4556,0,ᛗᛖᚾᚩᚱᚱᚻᛠ,328
rejoicer,4551,0,ᚱᛖᛂᚩᛁᚳᛖᚱ,244
crowbait,4541,0,ᚳᚱᚩᚹᛒᚪᛁᛏ,298
arctoidea,4540,0,ᚪᚱᚳᛏᚩᛁᛞᛠ,416
shipward,4535,0,ᛋᚻᛁᛈᚹᚪᚱᛞ,366
unpasted,4534,0,ᚢᚾᛈᚪᛋᛏᛖᛞ,440
frisette,4531,0,ᚠᚱᛁᛋᛖᛏᛏᛖ,349
bourtree,4524,0,ᛒᚩᚢᚱᛏᚱᛖᛖ,286
cachepot,4517,0,ᚳᚪᚳᚻᛖᛈᚩᛏ,322
vavasors,4515,0,ᚢᚪᚢᚪᛋᚩᚱᛋ,324
whiffled,4507,0,ᚹᚻᛁᚠᚠᛚᛖᛞ,306
adespota,4504,0,ᚪᛞᛖᛋᛈᚩᛏᚪ,512
aurelians,4503,0,ᚪᚢᚱᛖᛚᛡᚾᛋ,440
pigswill,4499,0,ᛈᛁᚷᛋᚹᛁᛚᛚ,340
charmful,4495,0,ᚳᚻᚪᚱᛗᚠᚢᛚ,293
witchingly,4492,0,ᚹᛁᛏᚳᚻᛝᛚᚣ,400
overhard,4492,0,ᚩᚢᛖᚱᚻᚪᚱᛞ,308
undaunting,4491,0,ᚢᚾᛞᚪᚢᚾᛏᛝ,388
wedlocks,4488,0,ᚹᛖᛞᛚᚩᚳᚳᛋ,334
pushball,4484,0,ᛈᚢᛋᚻᛒᚪᛚᛚ,426
wagerers,4468,0,ᚹᚪᚷᛖᚱᛖᚱᛋ,342
filariid,4467,0,ᚠᛁᛚᚪᚱᛁᛁᛞ,365
octillion,4466,0,ᚩᚳᛏᛁᛚᛚᛡᚾ,392
droskies,4466,0,ᛞᚱᚩᛋᚳᛁᛖᛋ,324
autosexing,4466,0,ᚪᚢᛏᚩᛋᛖᛉᛝ,412
misogamy,4463,0,ᛗᛁᛋᚩᚷᚪᛗᚣ,450
towellings,4461,0,ᛏᚩᚹᛖᛚᛚᛝᛋ,430
unsimple,4459,0,ᚢᚾᛋᛁᛗᛈᛚᛖ,370
megaflop,4457,0,ᛗᛖᚷᚪᚠᛚᚩᛈ,377
theridiid,4452,0,ᚦᛖᚱᛁᛞᛁᛁᛞ,354
fineless,4443,0,ᚠᛁᚾᛖᛚᛖᛋᛋ,375
unfearful,4435,0,ᚢᚾᚠᛠᚱᚠᚢᛚ,232
strayers,4432,0,ᛋᛏᚱᚪᚣᛖᚱᛋ,454
bradawls,4431,0,ᛒᚱᚪᛞᚪᚹᛚᛋ,500
overwell,4428,0,ᚩᚢᛖᚱᚹᛖᛚᛚ,320
piddocks,4427,0,ᛈᛁᛞᛞᚩᚳᚳᛋ,338
boulters,4424,0,ᛒᚩᚢᛚᛏᛖᚱᛋ,334
smuggest,4423,0,ᛋᛗᚢᚷᚷᛖᛋᛏ,340
feedbags,4423,0,ᚠᛖᛖᛞᛒᚪᚷᛋ,453
factices,4422,0,ᚠᚪᚳᛏᛁᚳᛖᛋ,335
simonize,4421,0,ᛋᛁᛗᚩᚾᛁᛋᛖ,342
hymeneals,4421,0,ᚻᚣᛗᛖᚾᛠᛚᛋ,528
tercelet,4413,0,ᛏᛖᚱᚳᛖᛚᛖᛏ,416
rechanged,4412,0,ᚱᛖᚳᚻᚪᛝᛖᛞ,446
intituling,4392,0,ᛁᚾᛏᛁᛏᚢᛚᛝ,364
ingeminate,4388,0,ᛝᛖᛗᛁᚾᚪᛏᛖ,500
tholepins,4385,0,ᚦᚩᛚᛖᛈᛁᚾᛋ,308
undesiring,4383,0,ᚢᚾᛞᛖᛋᛁᚱᛝ,362
niaiserie,4379,0,ᚾᛡᛁᛋᛖᚱᛁᛖ,396
earthquaking,4378,0,ᛠᚱᚦᚳᚹᚪᚳᛝ,346
zoophobia,4376,0,ᛋᚩᚩᛈᚻᚩᛒᛡ,308
tapdance,4374,0,ᛏᚪᛈᛞᚪᚾᚳᛖ,494
cremates,4371,0,ᚳᚱᛖᛗᚪᛏᛖᛋ,438
tassells,4368,0,ᛏᚪᛋᛋᛖᛚᛚᛋ,528
unhallow,4366,0,ᚢᚾᚻᚪᛚᛚᚩᚹ,324
missuses,4359,0,ᛗᛁᛋᛋᚢᛋᛖᛋ,384
ornature,4357,0,ᚩᚱᚾᚪᛏᚢᚱᛖ,284
palliums,4352,0,ᛈᚪᛚᛚᛁᚢᛗᛋ,444
limbecks,4346,0,ᛚᛁᛗᛒᛖᚳᚳᛋ,382
hittable,4338,0,ᚻᛁᛏᛏᚪᛒᛚᛖ,470
umbrages,4336,0,ᚢᛗᛒᚱᚪᚷᛖᛋ,380
foreteeth,4325,0,ᚠᚩᚱᛖᛏᛖᛖᚦ,285
educatee,4325,0,ᛖᛞᚢᚳᚪᛏᛖᛖ,462
untouching,4323,0,ᚢᚾᛏᚩᚢᚳᚻᛝ,216
outbacks,4303,0,ᚩᚢᛏᛒᚪᚳᚳᛋ,306
grandads,4301,0,ᚷᚱᚪᚾᛞᚪᛞᛋ,482
purplest,4300,0,ᛈᚢᚱᛈᛚᛖᛋᛏ,352
overwide,4298,0,ᚩᚢᛖᚱᚹᛁᛞᛖ,294
overboil,4296,0,ᚩᚢᛖᚱᛒᚩᛁᛚ,260
tarsitis,4277,0,ᛏᚪᚱᛋᛁᛏᛁᛋ,394
alocasias,4277,0,ᚪᛚᚩᚳᚪᛋᛡᛋ,500
procinct,4276,0,ᛈᚱᚩᚳᛁᚾᚳᛏ,206
amatorial,4276,0,ᚪᛗᚪᛏᚩᚱᛡᛚ,522
czarinas,4271,0,ᚳᛋᚪᚱᛁᚾᚪᛋ,384
outsoars,4269,0,ᚩᚢᛏᛋᚩᚪᚱᛋ,290
impurest,4267,0,ᛁᛗᛈᚢᚱᛖᛋᛏ,338
gallerias,4267,0,ᚷᚪᛚᛚᛖᚱᛡᛋ,498
refuters,4263,0,ᚱᛖᚠᚢᛏᛖᚱᛋ,273
lugsails,4259,0,ᛚᚢᚷᛋᚪᛁᛚᛋ,400
lipogram,4256,0,ᛚᛁᛈᚩᚷᚱᚪᛗ,350
avadavat,4256,0,ᚪᚢᚪᛞᚪᚢᚪᛏ,542
towropes,4247,0,ᛏᚩᚹᚱᚩᛈᛖᛋ,266
niblicks,4243,0,ᚾᛁᛒᛚᛁᚳᚳᛋ,304
minivers,4243,0,ᛗᛁᚾᛁᚢᛖᚱᛋ,296
galoches,4237,0,ᚷᚪᛚᚩᚳᚻᛖᛋ,350
cathedras,4230,0,ᚳᚪᚦᛖᛞᚱᚪᛋ,432
passados,4227,0,ᛈᚪᛋᛋᚪᛞᚩᛋ,492
throatier,4225,0,ᚦᚱᚩᚪᛏᛁᛖᚱ,288
tightish,4220,0,ᛏᛁᚷᚻᛏᛁᛋᚻ,296
intonate,4220,0,ᛁᚾᛏᚩᚾᚪᛏᛖ,378
suckable,4217,0,ᛋᚢᚳᚳᚪᛒᛚᛖ,380
forsaker,4212,0,ᚠᚩᚱᛋᚪᚳᛖᚱ,261
staidest,4211,0,ᛋᛏᚪᛁᛞᛖᛋᛏ,508
floppier,4198,0,ᚠᛚᚩᛈᛈᛁᛖᚱ,277
lifeward,4194,0,ᛚᛁᚠᛖᚹᚪᚱᛞ,389
copalite,4182,0,ᚳᚩᛈᚪᛚᛁᛏᛖ,390
prepuces,4181,0,ᛈᚱᛖᛈᚢᚳᛖᛋ,300
romanzas,4178,0,ᚱᚩᛗᚪᚾᛋᚪᛋ,418
precurse,4178,0,ᛈᚱᛖᚳᚢᚱᛋᛖ,268
frazzles,4171,0,ᚠᚱᚪᛋᛋᛚᛖᛋ,409
episperm,4171,0,ᛖᛈᛁᛋᛈᛖᚱᛗ,386
megadeaths,4168,0,ᛗᛖᚷᚪᛞᛠᚦᛋ,508
harpullia,4166,0,ᚻᚪᚱᛈᚢᛚᛚᛡ,430
washrags,4165,0,ᚹᚪᛋᚻᚱᚪᚷᛋ,370
sawbucks,4165,0,ᛋᚪᚹᛒᚢᚳᚳᛋ,312
rabidity,4165,0,ᚱᚪᛒᛁᛞᛁᛏᚣ,482
sightread,4164,0,ᛋᛁᚷᚻᛏᚱᛠᛞ,392
wayfarings,4160,0,ᚹᚪᚣᚠᚪᚱᛝᛋ,461
accouter,4158,0,ᚪᚳᚳᚩᚢᛏᛖᚱ,270
loweringly,4155,0,ᛚᚩᚹᛖᚱᛝᛚᚣ,432
obtusity,4154,0,ᚩᛒᛏᚢᛋᛁᛏᚣ,376
posturer,4150,0,ᛈᚩᛋᛏᚢᚱᛖᚱ,254
gentrice,4146,0,ᚷᛖᚾᛏᚱᛁᚳᛖ,294
furmenty,4143,0,ᚠᚢᚱᛗᛖᚾᛏᚣ,345
dormants,4141,0,ᛞᚩᚱᛗᚪᚾᛏᛋ,416
vegetive,4140,0,ᚢᛖᚷᛖᛏᛁᚢᛖ,314
craggier,4136,0,ᚳᚱᚪᚷᚷᛁᛖᚱ,264
alfileria,4134,0,ᚪᛚᚠᛁᛚᛖᚱᛡ,461
chobdars,4127,0,ᚳᚻᚩᛒᛞᚪᚱᛋ,354
oilstove,4125,0,ᚩᛁᛚᛋᛏᚩᚢᛖ,300
trashier,4120,0,ᛏᚱᚪᛋᚻᛁᛖᚱ,352
umbrello,4119,0,ᚢᛗᛒᚱᛖᛚᛚᚩ,366
aspiringly,4119,0,ᚪᛋᛈᛁᚱᛝᛚᚣ,490
dubitant,4118,0,ᛞᚢᛒᛁᛏᚪᚾᛏ,428
houseled,4116,0,ᚻᚩᚢᛋᛖᛚᛖᛞ,382
omphalus,4113,0,ᚩᛗᛈᚻᚪᛚᚢᛋ,370
twaddles,4111,0,ᛏᚹᚪᛞᛞᛚᛖᛋ,546
vervains,4110,0,ᚢᛖᚱᚢᚪᛁᚾᛋ,294
iphimedia,4109,0,ᛁᛈᚻᛁᛗᛖᛞᛡ,462
frounced,4107,0,ᚠᚱᚩᚢᚾᚳᛖᛞ,221
extoller,4106,0,ᛖᛉᛏᚩᛚᛚᛖᚱ,404
distinguee,4094,0,ᛞᛁᛋᛏᛝᚢᛖᛖ,448
thegnhood,4091,0,ᚦᛖᚷᚾᚻᚩᚩᛞ,244
gauchely,4090,0,ᚷᚪᚢᚳᚻᛖᛚᚣ,396
brusquer,4090,0,ᛒᚱᚢᛋᚳᚹᛖᚱ,238
kremlins,4087,0,ᚳᚱᛖᛗᛚᛁᚾᛋ,348
milkshop,4086,0,ᛗᛁᛚᚳᛋᚻᚩᛈ,314
partlets,4085,0,ᛈᚪᚱᛏᛚᛖᛏᛋ,462
bungaloid,4085,0,ᛒᚢᛝᚪᛚᚩᛁᛞ,440
ecdysiast,4082,0,ᛖᚳᛞᚣᛋᛡᛋᛏ,544
siliquas,4075,0,ᛋᛁᛚᛁᚳᚹᚪᛋ,370
jumpable,4063,0,ᛂᚢᛗᛈᚪᛒᛚᛖ,452
bicornes,4059,0,ᛒᛁᚳᚩᚱᚾᛖᛋ,272
thrombins,4056,0,ᚦᚱᚩᛗᛒᛁᚾᛋ,268
oecumenic,4056,0,ᛟᚳᚢᛗᛖᚾᛁᚳ,310
richweed,4048,0,ᚱᛁᚳᚻᚹᛖᛖᛞ,320
shakable,4046,0,ᛋᚻᚪᚳᚪᛒᛚᛖ,484
malaccas,4045,0,ᛗᚪᛚᚪᚳᚳᚪᛋ,514
chewinks,4043,0,ᚳᚻᛖᚹᛁᚾᚳᛋ,248
noondays,4042,0,ᚾᚩᚩᚾᛞᚪᚣᛋ,414
koshered,4037,0,ᚳᚩᛋᚻᛖᚱᛖᛞ,330
melodics,4031,0,ᛗᛖᛚᚩᛞᛁᚳᛋ,404
benitier,4023,0,ᛒᛖᚾᛁᛏᛁᛖᚱ,356
parsleys,4018,0,ᛈᚪᚱᛋᛚᛖᚣᛋ,500
canistel,4014,0,ᚳᚪᚾᛁᛋᛏᛖᛚ,422
banderol,4009,0,ᛒᚪᚾᛞᛖᚱᚩᛚ,434
trundler,4008,0,ᛏᚱᚢᚾᛞᛚᛖᚱ,342
nathemore,4004,0,ᚾᚪᚦᛖᛗᚩᚱᛖ,354
skirrets,4002,0,ᛋᚳᛁᚱᚱᛖᛏᛋ,298
draggingly,4002,0,ᛞᚱᚪᚷᚷᛝᛚᚣ,486
defuncts,4002,0,ᛞᛖᚠᚢᚾᚳᛏᛋ,315
quizzingly,3997,0,ᚳᚹᛁᛋᛋᛝᛚᚣ,424
bedwards,3993,0,ᛒᛖᛞᚹᚪᚱᛞᛋ,486
baudekin,3992,0,ᛒᚪᚢᛞᛖᚳᛁᚾ,390
trainful,3988,0,ᛏᚱᚪᛁᚾᚠᚢᛚ,305
bubaline,3985,0,ᛒᚢᛒᚪᛚᛁᚾᛖ,422
unsouled,3982,0,ᚢᚾᛋᚩᚢᛚᛖᛞ,324
foretops,3982,0,ᚠᚩᚱᛖᛏᚩᛈᛋ,249
stiltons,3968,0,ᛋᛏᛁᛚᛏᚩᚾᛋ,364
conenose,3967,0,ᚳᚩᚾᛖᚾᚩᛋᛖ,272
choppily,3966,0,ᚳᚻᚩᛈᛈᛁᛚᚣ,336
latinise,3964,0,ᛚᚪᛏᛁᚾᛁᛋᛖ,440
fissiped,3959,0,ᚠᛁᛋᛋᛁᛈᛖᛞ,369
ignified,3958,0,ᛁᚷᚾᛁᚠᛁᛖᛞ,297
frostbit,3954,0,ᚠᚱᚩᛋᛏᛒᛁᛏ,283
innyards,3952,0,ᛁᚾᚾᚣᚪᚱᛞᛋ,442
darnation,3937,0,ᛞᚪᚱᚾᚪᛏᛡᚾ,518
awayness,3931,0,ᚪᚹᚪᚣᚾᛖᛋᛋ,518
furfuran,3925,0,ᚠᚢᚱᚠᚢᚱᚪᚾ,158
chartula,3916,0,ᚳᚻᚪᚱᛏᚢᛚᚪ,376
porpesse,3915,0,ᛈᚩᚱᛈᛖᛋᛋᛖ,344
quiddits,3914,0,ᚳᚹᛁᛞᛞᛁᛏᛋ,384
portlier,3912,0,ᛈᚩᚱᛏᛚᛁᛖᚱ,302
viridity,3905,0,ᚢᛁᚱᛁᛞᛁᛏᚣ,358
peachlike,3903,0,ᛈᛠᚳᚻᛚᛁᚳᛖ,372
jabberings,3898,0,ᛂᚪᛒᛒᛖᚱᛝᛋ,466
succorer,3897,0,ᛋᚢᚳᚳᚩᚱᛖᚱ,178
novelize,3897,0,ᚾᚩᚢᛖᛚᛁᛋᛖ,330
loamless,3896,0,ᛚᚩᚪᛗᛚᛖᛋᛋ,494
mistrals,3895,0,ᛗᛁᛋᛏᚱᚪᛚᛋ,448
fantasts,3893,0,ᚠᚪᚾᛏᚪᛋᛏᛋ,449
affoords,3891,0,ᚪᚠᚠᚩᚩᚱᛞᛋ,268
chylific,3889,0,ᚳᚻᚣᛚᛁᚠᛁᚳ,289
pedalers,3887,0,ᛈᛖᛞᚪᛚᛖᚱᛋ,500
misprising,3885,0,ᛗᛁᛋᛈᚱᛁᛋᛝ,372
finnicky,3885,0,ᚠᛁᚾᚾᛁᚳᚳᚣ,251
unjealous,3879,0,ᚢᚾᛂᛠᛚᚩᚢᛋ,314
cheesier,3876,0,ᚳᚻᛖᛖᛋᛁᛖᚱ,332
sultrier,3872,0,ᛋᚢᛚᛏᚱᛁᛖᚱ,308
falloffs,3867,0,ᚠᚪᛚᛚᚩᚠᚠᛋ,309
driveler,3867,0,ᛞᚱᛁᚢᛖᛚᛖᚱ,352
fleshily,3864,0,ᚠᛚᛖᛋᚻᛁᛚᚣ,425
endogeny,3862,0,ᛖᚾᛞᚩᚷᛖᚾᚣ,408
omophagia,3861,0,ᚩᛗᚩᛈᚻᚪᚷᛡ,372
testates,3857,0,ᛏᛖᛋᛏᚪᛏᛖᛋ,514
appetent,3852,0,ᚪᛈᛈᛖᛏᛖᚾᛏ,464
gaolbird,3851,0,ᚷᚪᚩᛚᛒᛁᚱᛞ,386
dogbanes,3850,0,ᛞᚩᚷᛒᚪᚾᛖᛋ,420
vallancy,3847,0,ᚢᚪᛚᛚᚪᚾᚳᚣ,488
paperers,3844,0,ᛈᚪᛈᛖᚱᛖᚱᛋ,392
weirdies,3840,0,ᚹᛖᛁᚱᛞᛁᛖᛋ,368
savarins,3838,0,ᛋᚪᚢᚪᚱᛁᚾᛋ,374
decheance,3838,0,ᛞᛖᚳᚻᛠᚾᚳᛖ,410
atavists,3833,0,ᚪᛏᚪᚢᛁᛋᛏᛋ,452
voutsafe,3832,0,ᚢᚩᚢᛏᛋᚪᚠᛖ,291
tankfuls,3831,0,ᛏᚪᚾᚳᚠᚢᛚᛋ,329
gloriosas,3829,0,ᚷᛚᚩᚱᛡᛋᚪᛋ,418
arctogaea,3825,0,ᚪᚱᚳᛏᚩᚷᚫᚪ,402
tintless,3820,0,ᛏᛁᚾᛏᛚᛖᛋᛋ,424
rattraps,3820,0,ᚱᚪᛏᛏᚱᚪᛈᛋ,430
outsizes,3817,0,ᚩᚢᛏᛋᛁᛋᛖᛋ,326
deplanes,3816,0,ᛞᛖᛈᛚᚪᚾᛖᛋ,518
boatbill,3814,0,ᛒᚩᚪᛏᛒᛁᛚᛚ,462
camisado,3813,0,ᚳᚪᛗᛁᛋᚪᛞᚩ,458
outplace,3805,0,ᚩᚢᛏᛈᛚᚪᚳᛖ,362
crappier,3804,0,ᚳᚱᚪᛈᛈᛁᛖᚱ,316
caudates,3804,0,ᚳᚪᚢᛞᚪᛏᛖᛋ,478
openbill,3800,0,ᚩᛈᛖᚾᛒᛁᛚᛚ,384
mouthlike,3799,0,ᛗᚩᚢᚦᛚᛁᚳᛖ,270
downlike,3793,0,ᛞᚩᚹᚾᛚᛁᚳᛖ,328
refillings,3791,0,ᚱᛖᚠᛁᛚᛚᛝᛋ,389
inflamer,3791,0,ᛁᚾᚠᛚᚪᛗᛖᚱ,381
underwit,3790,0,ᚢᚾᛞᛖᚱᚹᛁᛏ,308
talkable,3790,0,ᛏᚪᛚᚳᚪᛒᛚᛖ,540
snarlingly,3785,0,ᛋᚾᚪᚱᛚᛝᛚᚣ,518
seasoners,3780,0,ᛋᛠᛋᚩᚾᛖᚱᛋ,382
diazotize,3770,0,ᛞᛡᛋᚩᛏᛁᛋᛖ,466
railbird,3768,0,ᚱᚪᛁᛚᛒᛁᚱᛞ,404
ammobium,3765,0,ᚪᛗᛗᚩᛒᛁᚢᛗ,412
maillots,3755,0,ᛗᚪᛁᛚᛚᚩᛏᛋ,464
unformal,3751,0,ᚢᚾᚠᚩᚱᛗᚪᛚ,293
workbags,3750,0,ᚹᚩᚱᚳᛒᚪᚷᛋ,278
anchusas,3746,0,ᚪᚾᚳᚻᚢᛋᚪᛋ,368
upsweeping,3742,0,ᚢᛈᛋᚹᛖᛖᛈᛝ,374
shielder,3742,0,ᛋᚻᛁᛖᛚᛞᛖᚱ,414
thickheads,3741,0,ᚦᛁᚳᚳᚻᛠᛞᛋ,336
putterer,3741,0,ᛈᚢᛏᛏᛖᚱᛖᚱ,320
guardeen,3740,0,ᚷᚢᚪᚱᛞᛖᛖᚾ,380
alcahest,3728,0,ᚪᛚᚳᚪᚻᛖᛋᛏ,482
sylphids,3723,0,ᛋᚣᛚᛈᚻᛁᛞᛋ,468
equivoke,3722,0,ᛖᚳᚹᛁᚢᚩᚳᛖ,220
algidity,3719,0,ᚪᛚᚷᛁᛞᛁᛏᚣ,500
garroter,3718,0,ᚷᚪᚱᚱᚩᛏᛖᚱ,280
humdingers,3711,0,ᚻᚢᛗᛞᛝᛖᚱᛋ,396
lobworms,3709,0,ᛚᚩᛒᚹᚩᚱᛗᛋ,302
gambroon,3704,0,ᚷᚪᛗᛒᚱᚩᚩᚾ,300
concussing,3702,0,ᚳᚩᚾᚳᚢᛋᛋᛝ,250
smellies,3701,0,ᛋᛗᛖᛚᛚᛁᛖᛋ,488
silurids,3697,0,ᛋᛁᛚᚢᚱᛁᛞᛋ,344
posseman,3693,0,ᛈᚩᛋᛋᛖᛗᚪᚾ,420
snookers,3692,0,ᛋᚾᚩᚩᚳᛖᚱᛋ,240
dopiness,3679,0,ᛞᚩᛈᛁᚾᛖᛋᛋ,372
mistiest,3670,0,ᛗᛁᛋᛏᛁᛖᛋᛏ,424
bootlick,3666,0,ᛒᚩᚩᛏᛚᛁᚳᚳ,264
overgive,3664,0,ᚩᚢᛖᚱᚷᛁᚢᛖ,206
quellers,3663,0,ᚳᚹᛖᛚᛚᛖᚱᛋ,376
meticals,3660,0,ᛗᛖᛏᛁᚳᚪᛚᛋ,464
whizzbang,3658,0,ᚹᚻᛁᛋᛋᛒᚪᛝ,416
meditant,3657,0,ᛗᛖᛞᛁᛏᚪᚾᛏ,502
hooflike,3656,0,ᚻᚩᚩᚠᛚᛁᚳᛖ,223
newsless,3653,0,ᚾᛖᚹᛋᛚᛖᛋᛋ,414
metabola,3645,0,ᛗᛖᛏᚪᛒᚩᛚᚪ,532
anabiotic,3643,0,ᚪᚾᚪᛒᛡᛏᛁᚳ,494
heretoga,3640,0,ᚻᛖᚱᛖᛏᚩᚷᚪ,348
foxberry,3639,0,ᚠᚩᛉᛒᛖᚱᚱᚣ,309
truffler,3637,0,ᛏᚱᚢᚠᚠᛚᛖᚱ,228
clearweed,3637,0,ᚳᛚᛠᚱᚹᛖᛖᛞ,448
assenter,3633,0,ᚪᛋᛋᛖᚾᛏᛖᚱ,436
potterer,3632,0,ᛈᚩᛏᛏᛖᚱᛖᚱ,324
spiffier,3626,0,ᛋᛈᛁᚠᚠᛁᛖᚱ,240
brecciate,3623,0,ᛒᚱᛖᚳᚳᛡᛏᛖ,398
buckleya,3621,0,ᛒᚢᚳᚳᛚᛖᚣᚪ,430
idyllist,3619,0,ᛁᛞᚣᛚᛚᛁᛋᛏ,512
chillily,3614,0,ᚳᚻᛁᛚᛚᛁᛚᚣ,420
mumblingly,3611,0,ᛗᚢᛗᛒᛚᛝᛚᚣ,534
misjoining,3610,0,ᛗᛁᛋᛂᚩᛁᚾᛝ,338
beadledom,3598,0,ᛒᛠᛞᛚᛖᛞᚩᛗ,566
madronas,3597,0,ᛗᚪᛞᚱᚩᚾᚪᛋ,454
resifted,3593,0,ᚱᛖᛋᛁᚠᛏᛖᛞ,379
doweries,3591,0,ᛞᚩᚹᛖᚱᛁᛖᛋ,344
priggism,3586,0,ᛈᚱᛁᚷᚷᛁᛋᛗ,274
stinkingly,3583,0,ᛋᛏᛁᚾᚳᛝᛚᚣ,440
paganize,3583,0,ᛈᚪᚷᚪᚾᛁᛋᛖ,434
hidrosis,3582,0,ᚻᛁᛞᚱᚩᛋᛁᛋ,298
narthexes,3581,0,ᚾᚪᚱᚦᛖᛉᛖᛋ,376
heliogram,3577,0,ᚻᛖᛚᛡᚷᚱᚪᛗ,466
rubicons,3572,0,ᚱᚢᛒᛁᚳᚩᚾᛋ,208
bitchier,3572,0,ᛒᛁᛏᚳᚻᛁᛖᚱ,296
milfoils,3569,0,ᛗᛁᛚᚠᚩᛁᛚᛋ,341
ungreeted,3566,0,ᚢᛝᚱᛖᛖᛏᛖᛞ,442
misrules,3560,0,ᛗᛁᛋᚱᚢᛚᛖᛋ,362
catharses,3558,0,ᚳᚪᚦᚪᚱᛋᛖᛋ,396
cushiest,3555,0,ᚳᚢᛋᚻᛁᛖᛋᛏ,302
sultrily,3551,0,ᛋᚢᛚᛏᚱᛁᛚᚣ,406
allosaur,3548,0,ᚪᛚᛚᚩᛋᚪᚢᚱ,414
pestholes,3546,0,ᛈᛖᛋᚦᚩᛚᛖᛋ,368
danewort,3545,0,ᛞᚪᚾᛖᚹᚩᚱᛏ,378
galopade,3539,0,ᚷᚪᛚᚩᛈᚪᛞᛖ,490
augustes,3539,0,ᚪᚢᚷᚢᛋᛏᛖᛋ,352
pontooning,3538,0,ᛈᚩᚾᛏᚩᚩᚾᛝ,260
reclothes,3534,0,ᚱᛖᚳᛚᚩᚦᛖᛋ,296
uvulitis,3531,0,ᚢᚢᚢᛚᛁᛏᛁᛋ,256
kouskous,3531,0,ᚳᚩᚢᛋᚳᚩᚢᛋ,152
uncloven,3505,0,ᚢᚾᚳᛚᚩᚢᛖᚾ,224
monardas,3493,0,ᛗᚩᚾᚪᚱᛞᚪᛋ,454
pretorial,3492,0,ᛈᚱᛖᛏᚩᚱᛡᛚ,378
modicums,3492,0,ᛗᚩᛞᛁᚳᚢᛗᛋ,338
illapses,3488,0,ᛁᛚᛚᚪᛈᛋᛖᛋ,490
semipros,3487,0,ᛋᛖᛗᛁᛈᚱᚩᛋ,336
glimmery,3486,0,ᚷᛚᛁᛗᛗᛖᚱᚣ,444
clavdivs,3480,1,ᚳᛚᚪᚢᛞᛁᚢᛋ,362
balibago,3470,0,ᛒᚪᛚᛁᛒᚪᚷᚩ,444
travelings,3464,0,ᛏᚱᚪᚢᛖᛚᛝᛋ,442
gumboils,3463,0,ᚷᚢᛗᛒᚩᛁᛚᛋ,316
figurers,3455,0,ᚠᛁᚷᚢᚱᛖᚱᛋ,195
weakeners,3451,0,ᚹᛠᚳᛖᚾᛖᚱᛋ,368
inditers,3451,0,ᛁᚾᛞᛁᛏᛖᚱᛋ,370
denazify,3445,0,ᛞᛖᚾᚪᛋᛁᚠᚣ,471
turbants,3444,0,ᛏᚢᚱᛒᚪᚾᛏᛋ,372
serflike,3432,0,ᛋᛖᚱᚠᛚᛁᚳᛖ,317
dispeopling,3430,0,ᛞᛁᛋᛈᛇᛈᛚᛝ,452
affiances,3426,0,ᚪᚠᚠᛡᚾᚳᛖᛋ,370
outfaces,3424,0,ᚩᚢᛏᚠᚪᚳᛖᛋ,301
smartingly,3420,0,ᛋᛗᚪᚱᛏᛝᛚᚣ,546
duskiest,3416,0,ᛞᚢᛋᚳᛁᛖᛋᛏ,368
chicness,3413,0,ᚳᚻᛁᚳᚾᛖᛋᛋ,282
orthopter,3411,0,ᚩᚱᚦᚩᛈᛏᛖᚱ,210
icepicks,3405,0,ᛁᚳᛖᛈᛁᚳᚳᛋ,264
paederast,3401,0,ᛈᚫᛞᛖᚱᚪᛋᛏ,520
blesboks,3394,0,ᛒᛚᛖᛋᛒᚩᚳᛋ,388
tricorns,3391,0,ᛏᚱᛁᚳᚩᚱᚾᛋ,214
hexaglot,3389,0,ᚻᛖᛉᚪᚷᛚᚩᛏ,390
valuates,3385,0,ᚢᚪᛚᚢᚪᛏᛖᛋ,452
smidgens,3384,0,ᛋᛗᛁᛞᚷᛖᚾᛋ,410
breadroot,3381,0,ᛒᚱᛠᛞᚱᚩᚩᛏ,354
oilpaper,3373,0,ᚩᛁᛚᛈᚪᛈᛖᚱ,372
arborous,3360,0,ᚪᚱᛒᚩᚱᚩᚢᛋ,250
porkfish,3357,0,ᛈᚩᚱᚳᚠᛁᛋᚻ,183
viricide,3356,0,ᚢᛁᚱᛁᚳᛁᛞᛖ,276
unmangled,3356,0,ᚢᚾᛗᚪᛝᛚᛖᛞ,508
bassarid,3353,0,ᛒᚪᛋᛋᚪᚱᛁᛞ,492
hobbyism,3351,0,ᚻᚩᛒᛒᚣᛁᛋᛗ,410
procural,3350,0,ᛈᚱᚩᚳᚢᚱᚪᛚ,258
embrowning,3348,0,ᛖᛗᛒᚱᚩᚹᚾᛝ,344
caseworm,3348,0,ᚳᚪᛋᛖᚹᚩᚱᛗ,338
vesuvians,3347,0,ᚢᛖᛋᚢᚢᛡᚾᛋ,318
condylion,3347,0,ᚳᚩᚾᛞᚣᛚᛡᚾ,450
woodness,3346,0,ᚹᚩᚩᛞᚾᛖᛋᛋ,324
gantlets,3339,0,ᚷᚪᚾᛏᛚᛖᛏᛋ,454
empurple,3338,0,ᛖᛗᛈᚢᚱᛈᛚᛖ,378
beachward,3338,0,ᛒᛠᚳᚻᚹᚪᚱᛞ,422
birdnest,3334,0,ᛒᛁᚱᛞᚾᛖᛋᛏ,400
campward,3333,0,ᚳᚪᛗᛈᚹᚪᚱᛞ,440
ensnarer,3327,0,ᛖᚾᛋᚾᚪᚱᛖᚱ,364
snootier,3317,0,ᛋᚾᚩᚩᛏᛁᛖᚱ,264
vulgates,3313,0,ᚢᚢᛚᚷᚪᛏᛖᛋ,372
cagoules,3311,0,ᚳᚪᚷᚩᚢᛚᛖᛋ,330
stayless,3306,0,ᛋᛏᚪᚣᛚᛖᛋᛋ,558
sandiver,3306,0,ᛋᚪᚾᛞᛁᚢᛖᚱ,380
blabbers,3306,0,ᛒᛚᚪᛒᛒᛖᚱᛋ,484
guerezas,3302,0,ᚷᚢᛖᚱᛖᛋᚪᛋ,368
whammies,3294,0,ᚹᚻᚪᛗᛗᛁᛖᛋ,432
bakemeats,3290,0,ᛒᚪᚳᛖᛗᛠᛏᛋ,530
piculets,3281,0,ᛈᛁᚳᚢᛚᛖᛏᛋ,342
lallation,3280,0,ᛚᚪᛚᛚᚪᛏᛡᚾ,608
ephedras,3280,0,ᛖᛈᚻᛖᛞᚱᚪᛋ,450
mudslinger,3274,0,ᛗᚢᛞᛋᛚᛝᛖᚱ,446
minacious,3268,0,ᛗᛁᚾᚪᚳᛡᚢᛋ,404
squamule,3266,0,ᛋᚳᚹᚪᛗᚢᛚᛖ,396
entangler,3266,0,ᛖᚾᛏᚪᛝᛚᛖᚱ,482
beastlier,3262,0,ᛒᛠᛋᛏᛚᛁᛖᚱ,464
tamanoir,3257,0,ᛏᚪᛗᚪᚾᚩᛁᚱ,402
brainish,3257,0,ᛒᚱᚪᛁᚾᛁᛋᚻ,336
sweatless,3245,0,ᛋᚹᛠᛏᛚᛖᛋᛋ,486
mythicize,3241,0,ᛗᚣᚦᛁᚳᛁᛋᛖ,374
speedful,3240,0,ᛋᛈᛖᛖᛞᚠᚢᛚ,397
foxhunts,3229,0,ᚠᚩᛉᚻᚢᚾᛏᛋ,223
earthstars,3228,0,ᛠᚱᚦᛋᛏᚪᚱᛋ,398
departer,3218,0,ᛞᛖᛈᚪᚱᛏᛖᚱ,444
testacean,3209,0,ᛏᛖᛋᛏᚪᚳᛠᚾ,486
slumbery,3208,0,ᛋᛚᚢᛗᛒᛖᚱᚣ,442
stepneys,3200,0,ᛋᛏᛖᛈᚾᛖᚣᛋ,474
suspires,3199,0,ᛋᚢᛋᛈᛁᚱᛖᛋ,314
andrenid,3199,0,ᚪᚾᛞᚱᛖᚾᛁᛞ,442
sniveler,3194,0,ᛋᚾᛁᚢᛖᛚᛖᚱ,334
diestock,3190,0,ᛞᛁᛖᛋᛏᚩᚳᚳ,332
carotins,3183,0,ᚳᚪᚱᚩᛏᛁᚾᛋ,300
maledict,3175,0,ᛗᚪᛚᛖᛞᛁᚳᛏ,500
eyelight,3170,0,ᛖᚣᛖᛚᛁᚷᚻᛏ,440
soapfish,3166,0,ᛋᚩᚪᛈᚠᛁᛋᚻ,309
bheestie,3166,0,ᛒᚻᛖᛖᛋᛏᛁᛖ,428
bagasses,3166,0,ᛒᚪᚷᚪᛋᛋᛖᛋ,498
shelfful,3160,0,ᛋᚻᛖᛚᚠᚠᚢᛚ,296
keurboom,3158,0,ᚳᛖᚢᚱᛒᚩᚩᛗ,240
oleasters,3154,0,ᚩᛚᛠᛋᛏᛖᚱᛋ,432
trampdom,3151,0,ᛏᚱᚪᛗᛈᛞᚩᛗ,448
unrouged,3150,0,ᚢᚾᚱᚩᚢᚷᛖᛞ,226
overwent,3149,0,ᚩᚢᛖᚱᚹᛖᚾᛏ,262
pliocenes,3147,0,ᛈᛚᛡᚳᛖᚾᛖᛋ,452
autocoid,3147,0,ᚪᚢᛏᚩᚳᚩᛁᛞ,306
roadbook,3146,0,ᚱᚩᚪᛞᛒᚩᚩᚳ,292
groovier,3143,0,ᚷᚱᚩᚩᚢᛁᛖᚱ,154
vanisher,3139,0,ᚢᚪᚾᛁᛋᚻᛖᚱ,314
diaereses,3129,0,ᛞᛡᛖᚱᛖᛋᛖᛋ,514
requiter,3127,0,ᚱᛖᚳᚹᛁᛏᛖᚱ,278
pastance,3126,0,ᛈᚪᛋᛏᚪᚾᚳᛖ,458
pantofle,3125,0,ᛈᚪᚾᛏᚩᚠᛚᛖ,377
wifelike,3122,0,ᚹᛁᚠᛖᛚᛁᚳᛖ,303
expender,3121,0,ᛖᛉᛈᛖᚾᛞᛖᚱ,420
truantry,3110,0,ᛏᚱᚢᚪᚾᛏᚱᚣ,372
czaritza,3108,0,ᚳᛋᚪᚱᛁᛏᛋᚪ,414
viscidly,3102,0,ᚢᛁᛋᚳᛁᛞᛚᚣ,396
underran,3095,0,ᚢᚾᛞᛖᚱᚱᚪᚾ,336
raveners,3094,0,ᚱᚪᚢᛖᚾᛖᚱᛋ,338
peacocked,3092,0,ᛈᛠᚳᚩᚳᚳᛖᛞ,354
praetorial,3086,0,ᛈᚱᚫᛏᚩᚱᛡᛚ,412
alphecca,3082,0,ᚪᛚᛈᚻᛖᚳᚳᚪ,426
synoecious,3078,0,ᛋᚣᚾᛟᚳᛡᚢᛋ,444
camisade,3078,0,ᚳᚪᛗᛁᛋᚪᛞᛖ,518
twaddled,3076,0,ᛏᚹᚪᛞᛞᛚᛖᛞ,582
sawbills,3074,0,ᛋᚪᚹᛒᛁᛚᛚᛋ,460
burganet,3074,0,ᛒᚢᚱᚷᚪᚾᛖᛏ,344
doziness,3070,0,ᛞᚩᛋᛁᚾᛖᛋᛋ,382
aphelions,3068,0,ᚪᛈᚻᛖᛚᛡᚾᛋ,492
gnatlike,3066,0,ᚷᚾᚪᛏᛚᛁᚳᛖ,386
perkiest,3064,0,ᛈᛖᚱᚳᛁᛖᛋᛏ,344
hemipode,3062,0,ᚻᛖᛗᛁᛈᚩᛞᛖ,398
ranginess,3061,0,ᚱᚪᛝᛁᚾᛖᛋᛋ,420
enanthema,3060,0,ᛖᚾᚪᚾᚦᛖᛗᚪ,462
gabfests,3058,0,ᚷᚪᛒᚠᛖᛋᛏᛋ,409
canicule,3057,0,ᚳᚪᚾᛁᚳᚢᛚᛖ,326
featherfew,3055,0,ᚠᛠᚦᛖᚱᚠᛖᚹ,282
cottaged,3054,0,ᚳᚩᛏᛏᚪᚷᛖᛞ,408
whickers,3049,0,ᚹᚻᛁᚳᚳᛖᚱᛋ,230
fishiest,3049,0,ᚠᛁᛋᚻᛁᛖᛋᛏ,319
fishworm,3042,0,ᚠᛁᛋᚻᚹᚩᚱᛗ,217
ethnogeny,3042,0,ᛖᚦᚾᚩᚷᛖᚾᚣ,324
surmisal,3041,0,ᛋᚢᚱᛗᛁᛋᚪᛚ,392
chimneying,3038,0,ᚳᚻᛁᛗᚾᛖᚣᛝ,416
tsarinas,3037,0,ᛏᛋᚪᚱᛁᚾᚪᛋ,430
birthroot,3032,0,ᛒᛁᚱᚦᚱᚩᚩᛏ,192
torridly,3025,0,ᛏᚩᚱᚱᛁᛞᛚᚣ,384
varments,3021,0,ᚢᚪᚱᛗᛖᚾᛏᛋ,390
cyclonal,3021,0,ᚳᚣᚳᛚᚩᚾᚪᛚ,408
assotted,3012,0,ᚪᛋᛋᚩᛏᛏᛖᛞ,484
wordiest,3009,0,ᚹᚩᚱᛞᛁᛖᛋᛏ,336
superber,3007,0,ᛋᚢᛈᛖᚱᛒᛖᚱ,316
potholers,3001,0,ᛈᚩᚦᚩᛚᛖᚱᛋ,266
unrealizing,2998,0,ᚢᚾᚱᛠᛚᛁᛋᛝ,388
sebesten,2992,0,ᛋᛖᛒᛖᛋᛏᛖᚾ,456
decrowning,2987,0,ᛞᛖᚳᚱᚩᚹᚾᛝ,314
makebate,2985,0,ᛗᚪᚳᛖᛒᚪᛏᛖ,532
unwindings,2983,0,ᚢᚾᚹᛁᚾᛞᛝᛋ,332
sousliks,2983,0,ᛋᚩᚢᛋᛚᛁᚳᛋ,286
stenched,2976,0,ᛋᛏᛖᚾᚳᚻᛖᛞ,400
detentes,2974,0,ᛞᛖᛏᛖᚾᛏᛖᛋ,490
atonally,2974,0,ᚪᛏᚩᚾᚪᛚᛚᚣ,538
naprapath,2960,0,ᚾᚪᛈᚱᚪᛈᚪᚦ,422
barretor,2960,0,ᛒᚪᚱᚱᛖᛏᚩᚱ,324
shinnies,2951,0,ᛋᚻᛁᚾᚾᛁᛖᛋ,316
swampier,2947,0,ᛋᚹᚪᛗᛈᛁᛖᚱ,392
glibbest,2945,0,ᚷᛚᛁᛒᛒᛖᛋᛏ,422
grisgris,2944,0,ᚷᚱᛁᛋᚷᚱᛁᛋ,224
plastery,2942,0,ᛈᛚᚪᛋᛏᛖᚱᚣ,506
hyalines,2936,0,ᚻᚣᚪᛚᛁᚾᛖᛋ,476
benetted,2933,0,ᛒᛖᚾᛖᛏᛏᛖᛞ,498
sabreurs,2931,0,ᛋᚪᛒᚱᛖᚢᚱᛋ,356
farragos,2929,0,ᚠᚪᚱᚱᚪᚷᚩᛋ,295
adolesce,2929,0,ᚪᛞᚩᛚᛖᛋᚳᛖ,466
planched,2923,0,ᛈᛚᚪᚾᚳᚻᛖᛞ,434
loopholing,2920,0,ᛚᚩᚩᛈᚻᚩᛚᛝ,312
sibyllic,2919,0,ᛋᛁᛒᚣᛚᛚᛁᚳ,438
cabasset,2919,0,ᚳᚪᛒᚪᛋᛋᛖᛏ,500
grubbily,2915,0,ᚷᚱᚢᛒᛒᛁᛚᚣ,360
undouble,2914,0,ᚢᚾᛞᚩᚢᛒᛚᛖ,332
wrastler,2910,0,ᚹᚱᚪᛋᛏᛚᛖᚱ,390
tamachek,2907,0,ᛏᚪᛗᚪᚳᚻᛖᚳ,440
usurpingly,2900,0,ᚢᛋᚢᚱᛈᛝᛚᚣ,368
misprizing,2895,0,ᛗᛁᛋᛈᚱᛁᛋᛝ,372
madronos,2894,0,ᛗᚪᛞᚱᚩᚾᚩᛋ,364
kashmirs,2892,0,ᚳᚪᛋᚻᛗᛁᚱᛋ,352
lavations,2889,0,ᛚᚪᚢᚪᛏᛡᚾᛋ,518
worldish,2886,0,ᚹᚩᚱᛚᛞᛁᛋᚻ,306
bandelet,2883,0,ᛒᚪᚾᛞᛖᛚᛖᛏ,542
uncheering,2882,0,ᚢᚾᚳᚻᛖᛖᚱᛝ,292
innative,2880,0,ᛁᚾᚾᚪᛏᛁᚢᛖ,346
tocology,2875,0,ᛏᚩᚳᚩᛚᚩᚷᚣ,286
onomancy,2872,0,ᚩᚾᚩᛗᚪᚾᚳᚣ,356
pearlites,2871,0,ᛈᛠᚱᛚᛁᛏᛖᛋ,446
alactaga,2868,0,ᚪᛚᚪᚳᛏᚪᚷᚪ,550
polaccas,2867,0,ᛈᚩᛚᚪᚳᚳᚪᛋ,396
phacelias,2866,0,ᛈᚻᚪᚳᛖᛚᛡᛋ,476
thingumajig,2865,0,ᚦᛝᚢᛗᚪᛂᛁᚷ,340
reembody,2863,0,ᚱᛖᛖᛗᛒᚩᛞᚣ,476
baggiest,2861,0,ᛒᚪᚷᚷᛁᛖᛋᛏ,402
balsamed,2855,0,ᛒᚪᛚᛋᚪᛗᛖᛞ,608
roughleg,2854,0,ᚱᚩᚢᚷᚻᛚᛖᚷ,218
surprint,2851,0,ᛋᚢᚱᛈᚱᛁᚾᛏ,240
rimeless,2846,0,ᚱᛁᛗᛖᛚᛖᛋᛋ,426
oafishly,2846,0,ᚩᚪᚠᛁᛋᚻᛚᚣ,389
quipster,2836,0,ᚳᚹᛁᛈᛋᛏᛖᚱ,296
grounden,2833,0,ᚷᚱᚩᚢᚾᛞᛖᚾ,252
calidity,2832,0,ᚳᚪᛚᛁᛞᛁᛏᚣ,496
rotundly,2831,0,ᚱᚩᛏᚢᚾᛞᛚᚣ,374
bitstock,2830,0,ᛒᛁᛏᛋᛏᚩᚳᚳ,296
alcatras,2830,0,ᚪᛚᚳᚪᛏᚱᚪᛋ,500
recopies,2829,0,ᚱᛖᚳᚩᛈᛁᛖᛋ,292
pokerish,2829,0,ᛈᚩᚳᛖᚱᛁᛋᚻ,248
wafflers,2827,0,ᚹᚪᚠᚠᛚᛖᚱᛋ,324
normanly,2826,0,ᚾᚩᚱᛗᚪᚾᛚᚣ,420
bethumbed,2825,0,ᛒᛖᚦᚢᛗᛒᛖᛞ,424
unhooped,2824,0,ᚢᚾᚻᚩᚩᛈᛖᛞ,268
farneses,2818,0,ᚠᚪᚱᚾᛖᛋᛖᛋ,379
jactation,2817,0,ᛂᚪᚳᛏᚪᛏᛡᚾ,498
tolbooths,2808,0,ᛏᚩᛚᛒᚩᚩᚦᛋ,272
chummies,2808,0,ᚳᚻᚢᛗᛗᛁᛖᛋ,332
gemsboks,2805,0,ᚷᛖᛗᛋᛒᚩᚳᛋ,342
goriness,2800,0,ᚷᚩᚱᛁᚾᛖᛋᛋ,268
monogeny,2797,0,ᛗᚩᚾᚩᚷᛖᚾᚣ,330
nonillion,2786,0,ᚾᚩᚾᛁᛚᛚᛡᚾ,378
advoutry,2781,0,ᚪᛞᚢᚩᚢᛏᚱᚣ,372
snuffler,2780,0,ᛋᚾᚢᚠᚠᛚᛖᚱ,240
mopboard,2775,0,ᛗᚩᛈᛒᚩᚪᚱᛞ,386
potomania,2771,0,ᛈᚩᛏᚩᛗᚪᚾᛡ,420
everyhow,2771,0,ᛖᚢᛖᚱᚣᚻᚩᚹ,300
primuses,2768,0,ᛈᚱᛁᛗᚢᛋᛖᛋ,332
chummier,2760,0,ᚳᚻᚢᛗᛗᛁᛖᚱ,290
mazzards,2758,0,ᛗᚪᛋᛋᚪᚱᛞᛋ,524
slovenry,2752,0,ᛋᛚᚩᚢᛖᚾᚱᚣ,346
seedcase,2749,0,ᛋᛖᛖᛞᚳᚪᛋᛖ,506
avidness,2746,0,ᚪᚢᛁᛞᚾᛖᛋᛋ,422
miladies,2743,0,ᛗᛁᛚᚪᛞᛁᛖᛋ,512
adorners,2725,0,ᚪᛞᚩᚱᚾᛖᚱᛋ,364
adducent,2723,0,ᚪᛞᛞᚢᚳᛖᚾᛏ,446
robotize,2722,0,ᚱᚩᛒᚩᛏᛁᛋᛖ,296
sangliers,2721,0,ᛋᚪᛝᛚᛁᛖᚱᛋ,464
tenoroon,2720,0,ᛏᛖᚾᚩᚱᚩᚩᚾ,216
bakeress,2719,0,ᛒᚪᚳᛖᚱᛖᛋᛋ,422
arrasene,2719,0,ᚪᚱᚱᚪᛋᛖᚾᛖ,432
streltzi,2716,0,ᛋᛏᚱᛖᛚᛏᛋᛁ,406
roqueted,2716,0,ᚱᚩᚳᚹᛖᛏᛖᛞ,332
uninured,2712,0,ᚢᚾᛁᚾᚢᚱᛖᛞ,262
hackbuts,2707,0,ᚻᚪᚳᚳᛒᚢᛏᛋ,322
excusingly,2705,0,ᛖᛉᚳᚢᛋᛝᛚᚣ,438
thoughten,2704,0,ᚦᚩᚢᚷᚻᛏᛖᚾ,210
bucksaws,2703,0,ᛒᚢᚳᚳᛋᚪᚹᛋ,312
gliddery,2694,0,ᚷᛚᛁᛞᛞᛖᚱᚣ,480
drywalls,2693,0,ᛞᚱᚣᚹᚪᛚᛚᛋ,518
pinfolds,2691,0,ᛈᛁᚾᚠᚩᛚᛞᛋ,327
adactylia,2685,0,ᚪᛞᚪᚳᛏᚣᛚᛡ,638
expecter,2681,0,ᛖᛉᛈᛖᚳᛏᛖᚱ,374
groveler,2677,0,ᚷᚱᚩᚢᛖᛚᛖᚱ,256
resignal,2674,0,ᚱᛖᛋᛁᚷᚾᚪᛚ,378
vanessas,2672,0,ᚢᚪᚾᛖᛋᛋᚪᛋ,452
capelins,2671,0,ᚳᚪᛈᛖᛚᛁᚾᛋ,406
ruggeder,2670,0,ᚱᚢᚷᚷᛖᛞᛖᚱ,282
simperings,2666,0,ᛋᛁᛗᛈᛖᚱᛝᛋ,408
savourer,2666,0,ᛋᚪᚢᚩᚢᚱᛖᚱ,252
wingspreads,2662,0,ᚹᛝᛋᛈᚱᛠᛞᛋ,456
weeniest,2661,0,ᚹᛖᛖᚾᛁᛖᛋᛏ,392
pottingers,2658,0,ᛈᚩᛏᛏᛝᛖᚱᛋ,378
greenwings,2658,0,ᚷᚱᛖᛖᚾᚹᛝᛋ,342
thingummies,2655,0,ᚦᛝᚢᛗᛗᛁᛖᛋ,380
assonate,2648,0,ᚪᛋᛋᚩᚾᚪᛏᛖ,462
aerolitic,2647,0,ᚫᚱᚩᛚᛁᛏᛁᚳ,326
upshoots,2643,0,ᚢᛈᛋᚻᚩᚩᛏᛋ,248
totemist,2643,0,ᛏᚩᛏᛖᛗᛁᛋᛏ,406
staylace,2643,0,ᛋᛏᚪᚣᛚᚪᚳᛖ,562
postpose,2643,0,ᛈᚩᛋᛏᛈᚩᛋᛖ,332
cussedly,2642,0,ᚳᚢᛋᛋᛖᛞᛚᚣ,454
cowskins,2638,0,ᚳᚩᚹᛋᚳᛁᚾᛋ,218
deathblows,2637,0,ᛞᛠᚦᛒᛚᚩᚹᛋ,416
marinist,2627,0,ᛗᚪᚱᛁᚾᛁᛋᛏ,382
outflies,2626,0,ᚩᚢᛏᚠᛚᛁᛖᛋ,295
seafronts,2625,0,ᛋᛠᚠᚱᚩᚾᛏᛋ,323
rumpuses,2618,0,ᚱᚢᛗᛈᚢᛋᛖᛋ,304
tombolas,2617,0,ᛏᚩᛗᛒᚩᛚᚪᛋ,428
gerardias,2615,0,ᚷᛖᚱᚪᚱᛞᛡᛋ,452
insolate,2613,0,ᛁᚾᛋᚩᛚᚪᛏᛖ,416
junketed,2611,0,ᛂᚢᚾᚳᛖᛏᛖᛞ,364
mayweeds,2609,0,ᛗᚪᚣᚹᛖᛖᛞᛋ,566
miscasts,2607,0,ᛗᛁᛋᚳᚪᛋᛏᛋ,430
discreate,2602,0,ᛞᛁᛋᚳᚱᛠᛏᛖ,432
denaries,2594,0,ᛞᛖᚾᚪᚱᛁᛖᛋ,444
scrawler,2592,0,ᛋᚳᚱᚪᚹᛚᛖᚱ,344
crumbier,2592,0,ᚳᚱᚢᛗᛒᛁᛖᚱ,268
benights,2591,0,ᛒᛖᚾᛁᚷᚻᛏᛋ,340
unmodish,2590,0,ᚢᚾᛗᚩᛞᛁᛋᚻ,306
pariahdom,2586,0,ᛈᚪᚱᛡᚻᛞᚩᛗ,448
inshrine,2582,0,ᛁᚾᛋᚻᚱᛁᚾᛖ,274
epanodos,2580,0,ᛖᛈᚪᚾᚩᛞᚩᛋ,392
bullbats,2580,0,ᛒᚢᛚᛚᛒᚪᛏᛋ,480
brachets,2580,0,ᛒᚱᚪᚳᚻᛖᛏᛋ,384
clangours,2579,0,ᚳᛚᚪᛝᚩᚢᚱᛋ,336
plumbery,2578,0,ᛈᛚᚢᛗᛒᛖᚱᚣ,432
haleness,2577,0,ᚻᚪᛚᛖᚾᛖᛋᛋ,462
seriemas,2564,0,ᛋᛖᚱᛁᛖᛗᚪᛋ,450
covercle,2561,0,ᚳᚩᚢᛖᚱᚳᛚᛖ,254
hymenaeal,2558,0,ᚻᚣᛗᛖᚾᚫᚪᛚ,564
biparous,2553,0,ᛒᛁᛈᚪᚱᚩᚢᛋ,306
subdewed,2552,0,ᛋᚢᛒᛞᛖᚹᛖᛞ,448
unboyish,2548,0,ᚢᚾᛒᚩᚣᛁᛋᚻ,310
humdrums,2548,0,ᚻᚢᛗᛞᚱᚢᛗᛋ,324
gestapos,2544,0,ᚷᛖᛋᛏᚪᛈᚩᛋ,396
odalisks,2542,0,ᚩᛞᚪᛚᛁᛋᚳᛋ,416
archaize,2538,0,ᚪᚱᚳᚻᚪᛁᛋᛖ,392
liftoffs,2536,0,ᛚᛁᚠᛏᚩᚠᚠᛋ,229
brailles,2534,0,ᛒᚱᚪᛁᛚᛚᛖᛋ,466
paltrier,2532,0,ᛈᚪᛚᛏᚱᛁᛖᚱ,392
cuddlier,2532,0,ᚳᚢᛞᛞᛚᛁᛖᚱ,376
soakages,2531,0,ᛋᚩᚪᚳᚪᚷᛖᛋ,404
clotures,2527,0,ᚳᛚᚩᛏᚢᚱᛖᛋ,286
dulcifying,2525,0,ᛞᚢᛚᚳᛁᚠᚣᛝ,393
boxberry,2516,0,ᛒᚩᛉᛒᛖᚱᚱᚣ,368
wintrier,2514,0,ᚹᛁᚾᛏᚱᛁᛖᚱ,258
brooched,2512,0,ᛒᚱᚩᚩᚳᚻᛖᛞ,278
thaneship,2509,0,ᚦᚪᚾᛖᛋᚻᛁᛈ,348
haplodon,2504,0,ᚻᚪᛈᛚᚩᛞᚩᚾ,368
ripcords,2497,0,ᚱᛁᛈᚳᚩᚱᛞᛋ,258
outargue,2493,0,ᚩᚢᛏᚪᚱᚷᚢᛖ,264
unusably,2492,0,ᚢᚾᚢᛋᚪᛒᛚᚣ,422
yodeller,2491,0,ᚣᚩᛞᛖᛚᛚᛖᚱ,490
corditis,2486,0,ᚳᚩᚱᛞᛁᛏᛁᛋ,294
shakenly,2482,0,ᛋᚻᚪᚳᛖᚾᛚᚣ,458
melodize,2482,0,ᛗᛖᛚᚩᛞᛁᛋᛖ,458
earthshock,2482,0,ᛠᚱᚦᛋᚻᚩᚳᚳ,234
bouncily,2477,0,ᛒᚩᚢᚾᚳᛁᛚᚣ,320
idolizer,2475,0,ᛁᛞᚩᛚᛁᛋᛖᚱ,362
unplaiting,2474,0,ᚢᚾᛈᛚᚪᛁᛏᛝ,414
soundingly,2474,0,ᛋᚩᚢᚾᛞᛝᛚᚣ,436
finagler,2474,0,ᚠᛁᚾᚪᚷᛚᛖᚱ,327
meantimes,2471,0,ᛗᛠᚾᛏᛁᛗᛖᛋ,490
patinate,2469,0,ᛈᚪᛏᛁᚾᚪᛏᛖ,482
springwort,2459,0,ᛋᛈᚱᛝᚹᚩᚱᛏ,282
enlumine,2452,0,ᛖᚾᛚᚢᛗᛁᚾᛖ,370
cardiacal,2450,0,ᚳᚪᚱᛞᛡᚳᚪᛚ,500
polemize,2449,0,ᛈᚩᛚᛖᛗᛁᛋᛖ,412
flintier,2448,0,ᚠᛚᛁᚾᛏᛁᛖᚱ,303
backcomb,2435,0,ᛒᚪᚳᚳᚳᚩᛗᛒ,336
alcazars,2435,0,ᚪᛚᚳᚪᛋᚪᚱᛋ,494
infusive,2433,0,ᛁᚾᚠᚢᛋᛁᚢᛖ,219
knobbles,2429,0,ᚳᚾᚩᛒᛒᛚᛖᛋ,364
clammier,2429,0,ᚳᛚᚪᛗᛗᛁᛖᚱ,434
chauffed,2424,0,ᚳᚻᚪᚢᚠᚠᛖᛞ,296
flaysome,2422,0,ᚠᛚᚪᚣᛋᚩᛗᛖ,473
confabbing,2420,0,ᚳᚩᚾᚠᚪᛒᛒᛝ,349
ferninst,2417,0,ᚠᛖᚱᚾᛁᚾᛋᛏ,281
bluecaps,2417,0,ᛒᛚᚢᛖᚳᚪᛈᛋ,410
faveolate,2414,0,ᚠᚪᚢᛇᛚᚪᛏᛖ,439
flagroot,2412,0,ᚠᛚᚪᚷᚱᚩᚩᛏ,273
inchased,2410,0,ᛁᚾᚳᚻᚪᛋᛖᛞ,402
springiest,2409,0,ᛋᛈᚱᛝᛁᛖᛋᛏ,396
upsilons,2408,0,ᚢᛈᛋᛁᛚᚩᚾᛋ,292
obtruder,2408,0,ᚩᛒᛏᚱᚢᛞᛖᚱ,308
wrappering,2405,0,ᚹᚱᚪᛈᛈᛖᚱᛝ,370
nonopening,2405,0,ᚾᚩᚾᚩᛈᛖᚾᛝ,290
inquiets,2403,0,ᛁᚾᚳᚹᛁᛖᛏᛋ,302
megathere,2402,0,ᛗᛖᚷᚪᚦᛖᚱᛖ,402
slashingly,2398,0,ᛋᛚᚪᛋᚻᛝᛚᚣ,554
oppugner,2394,0,ᚩᛈᛈᚢᚷᚾᛖᚱ,220
nictation,2393,0,ᚾᛁᚳᛏᚪᛏᛡᚾ,424
denudate,2392,0,ᛞᛖᚾᚢᛞᚪᛏᛖ,500
betossed,2391,0,ᛒᛖᛏᚩᛋᛋᛖᛞ,456
finagles,2386,0,ᚠᛁᚾᚪᚷᛚᛖᛋ,369
mandolas,2385,0,ᛗᚪᚾᛞᚩᛚᚪᛋ,516
bangtails,2385,0,ᛒᚪᛝᛏᚪᛁᛚᛋ,550
coistrel,2384,0,ᚳᚩᛁᛋᛏᚱᛖᛚ,314
stiacciato,2383,0,ᛋᛏᛡᚳᚳᛡᛏᚩ,418
pouchful,2373,0,ᛈᚩᚢᚳᚻᚠᚢᛚ,167
fixature,2372,0,ᚠᛁᛉᚪᛏᚢᚱᛖ,317
metalize,2371,0,ᛗᛖᛏᚪᛚᛁᛋᛖ,518
agraphias,2369,0,ᚪᚷᚱᚪᛈᚻᛡᛋ,448
repiningly,2368,0,ᚱᛖᛈᛁᚾᛝᛚᚣ,436
surtitle,2365,0,ᛋᚢᚱᛏᛁᛏᛚᛖ,356
effetely,2363,0,ᛖᚠᚠᛖᛏᛖᛚᚣ,440
thickskin,2359,0,ᚦᛁᚳᚳᛋᚳᛁᚾ,188
belaites,2359,0,ᛒᛖᛚᚪᛁᛏᛖᛋ,508
rockfoil,2356,0,ᚱᚩᚳᚳᚠᚩᛁᛚ,157
suspired,2354,0,ᛋᚢᛋᛈᛁᚱᛖᛞ,350
sickbays,2353,0,ᛋᛁᚳᚳᛒᚪᚣᛋ,424
orangeades,2347,0,ᚩᚱᚪᛝᛠᛞᛖᛋ,512
domatium,2345,0,ᛞᚩᛗᚪᛏᛁᚢᛗ,428
mancando,2340,0,ᛗᚪᚾᚳᚪᚾᛞᚩ,432
ashiness,2340,0,ᚪᛋᚻᛁᚾᛖᛋᛋ,406
griskins,2337,0,ᚷᚱᛁᛋᚳᛁᚾᛋ,238
millines,2330,0,ᛗᛁᛚᛚᛁᚾᛖᛋ,428
farragoes,2328,0,ᚠᚪᚱᚱᚪᚷᛟᛋ,371
prosodion,2324,0,ᛈᚱᚩᛋᚩᛞᛡᚾ,346
uptossed,2318,0,ᚢᛈᛏᚩᛋᛋᛖᛞ,374
spunkier,2312,0,ᛋᛈᚢᚾᚳᛁᛖᚱ,250
screwier,2311,0,ᛋᚳᚱᛖᚹᛁᛖᚱ,272
braggingly,2308,0,ᛒᚱᚪᚷᚷᛝᛚᚣ,458
hafflins,2304,0,ᚻᚪᚠᚠᛚᛁᚾᛋ,310
smotherer,2301,0,ᛋᛗᚩᚦᛖᚱᛖᚱ,292
creatines,2299,0,ᚳᚱᛠᛏᛁᚾᛖᛋ,372
complect,2298,0,ᚳᚩᛗᛈᛚᛖᚳᛏ,346
starrily,2289,0,ᛋᛏᚪᚱᚱᛁᛚᚣ,438
crabbier,2287,0,ᚳᚱᚪᛒᛒᛁᛖᚱ,352
nothosaur,2286,0,ᚾᚩᚦᚩᛋᚪᚢᚱ,212
jibbered,2286,0,ᛂᛁᛒᛒᛖᚱᛖᛞ,424
dehorted,2286,0,ᛞᛖᚻᚩᚱᛏᛖᛞ,412
bowstave,2285,0,ᛒᚩᚹᛋᛏᚪᚢᛖ,366
somnific,2278,0,ᛋᚩᛗᚾᛁᚠᛁᚳ,237
playless,2275,0,ᛈᛚᚪᚣᛚᛖᛋᛋ,562
studiable,2268,0,ᛋᛏᚢᛞᛡᛒᛚᛖ,512
tartarly,2263,0,ᛏᚪᚱᛏᚪᚱᛚᚣ,510
glummest,2263,0,ᚷᛚᚢᛗᛗᛖᛋᛏ,414
focalise,2263,0,ᚠᚩᚳᚪᛚᛁᛋᛖ,343
colleaguing,2263,0,ᚳᚩᛚᛚᛠᚷᚢᛝ,374
acrobacy,2261,0,ᚪᚳᚱᚩᛒᚪᚳᚣ,402
aissaoua,2256,0,ᚪᛁᛋᛋᚪᚩᚢᚪ,438
unreasons,2252,0,ᚢᚾᚱᛠᛋᚩᚾᛋ,294
distasting,2251,0,ᛞᛁᛋᛏᚪᛋᛏᛝ,520
costards,2250,0,ᚳᚩᛋᛏᚪᚱᛞᛋ,382
silicule,2248,0,ᛋᛁᛚᛁᚳᚢᛚᛖ,344
truchman,2241,0,ᛏᚱᚢᚳᚻᛗᚪᚾ,306
groggier,2226,0,ᚷᚱᚩᚷᚷᛁᛖᚱ,178
echinidea,2225,0,ᛖᚳᚻᛁᚾᛁᛞᛠ,392
attercop,2225,0,ᚪᛏᛏᛖᚱᚳᚩᛈ,356
unfavoring,2217,0,ᚢᚾᚠᚪᚢᚩᚱᛝ,231
unkenned,2213,0,ᚢᚾᚳᛖᚾᚾᛖᛞ,326
folksier,2208,0,ᚠᚩᛚᚳᛋᛁᛖᚱ,257
shakeable,2204,0,ᛋᚻᚪᚳᛠᛒᛚᛖ,496
ateliosis,2203,0,ᚪᛏᛖᛚᛡᛋᛁᛋ,540
bloodleaf,2201,0,ᛒᛚᚩᚩᛞᛚᛠᚠ,421
buteonine,2199,0,ᛒᚢᛏᛇᚾᛁᚾᛖ,320
solleret,2198,0,ᛋᚩᛚᛚᛖᚱᛖᛏ,410
hotfoots,2198,0,ᚻᚩᛏᚠᚩᚩᛏᛋ,217
arethusas,2198,0,ᚪᚱᛖᚦᚢᛋᚪᛋ,386
motorise,2192,0,ᛗᚩᛏᚩᚱᛁᛋᛖ,306
waylayer,2189,0,ᚹᚪᚣᛚᚪᚣᛖᚱ,570
unclothes,2189,0,ᚢᚾᚳᛚᚩᚦᛖᛋ,250
overweary,2179,0,ᚩᚢᛖᚱᚹᛠᚱᚣ,330
wildlike,2178,0,ᚹᛁᛚᛞᛚᛁᚳᛖ,396
floppily,2177,0,ᚠᛚᚩᛈᛈᛁᛚᚣ,375
lorgnons,2171,0,ᛚᚩᚱᚷᚾᚩᚾᛋ,226
vauriens,2169,0,ᚢᚪᚢᚱᛁᛖᚾᛋ,294
beslimed,2167,0,ᛒᛖᛋᛚᛁᛗᛖᛞ,512
piquance,2166,0,ᛈᛁᚳᚹᚪᚾᚳᛖ,312
expiative,2162,0,ᛖᛉᛈᛡᛏᛁᚢᛖ,424
cocopalm,2160,0,ᚳᚩᚳᚩᛈᚪᛚᛗ,324
urticate,2153,0,ᚢᚱᛏᛁᚳᚪᛏᛖ,340
gitterns,2151,0,ᚷᛁᛏᛏᛖᚱᚾᛋ,326
neologies,2148,0,ᚾᛇᛚᚩᚷᛁᛖᛋ,318
sleighed,2140,0,ᛋᛚᛖᛁᚷᚻᛖᛞ,420
sibilating,2138,0,ᛋᛁᛒᛁᛚᚪᛏᛝ,484
chorussing,2138,0,ᚳᚻᚩᚱᚢᛋᛋᛝ,242
aberrate,2138,0,ᚪᛒᛖᚱᚱᚪᛏᛖ,470
croqueting,2133,0,ᚳᚱᚩᚳᚹᛖᛏᛝ,268
jabberer,2129,0,ᛂᚪᛒᛒᛖᚱᛖᚱ,412
earthliest,2125,0,ᛠᚱᚦᛚᛁᛖᛋᛏ,408
coprolith,2119,0,ᚳᚩᛈᚱᚩᛚᛁᚦ,190
tuckahoes,2118,0,ᛏᚢᚳᚳᚪᚻᛟᛋ,344
novelise,2114,0,ᚾᚩᚢᛖᛚᛁᛋᛖ,330
numbfish,2105,0,ᚾᚢᛗᛒᚠᛁᛋᚻ,273
preferee,2104,0,ᛈᚱᛖᚠᛖᚱᛖᛖ,335
albizzias,2104,0,ᚪᛚᛒᛁᛋᛋᛡᛋ,528
tendrons,2094,0,ᛏᛖᚾᛞᚱᚩᚾᛋ,344
portesse,2092,0,ᛈᚩᚱᛏᛖᛋᛋᛖ,360
plumcots,2090,0,ᛈᛚᚢᛗᚳᚩᛏᛋ,322
esparcet,2090,0,ᛖᛋᛈᚪᚱᚳᛖᛏ,410
nahuatls,2083,0,ᚾᚪᚻᚢᚪᛏᛚᛋ,434
gynarchy,2079,0,ᚷᚣᚾᚪᚱᚳᚻᚣ,396
forespeak,2078,0,ᚠᚩᚱᛖᛋᛈᛠᚳ,305
tussores,2072,0,ᛏᚢᛋᛋᚩᚱᛖᛋ,306
cereuses,2066,0,ᚳᛖᚱᛖᚢᛋᛖᛋ,334
abjurers,2065,0,ᚪᛒᛂᚢᚱᛖᚱᛋ,340
wheezingly,2062,0,ᚹᚻᛖᛖᛋᛝᛚᚣ,484
preambled,2062,0,ᛈᚱᛠᛗᛒᛚᛖᛞ,524
sprattle,2059,0,ᛋᛈᚱᚪᛏᛏᛚᛖ,462
sloucher,2052,0,ᛋᛚᚩᚢᚳᚻᛖᚱ,250
decolour,2051,0,ᛞᛖᚳᚩᛚᚩᚢᚱ,270
thalluses,2040,0,ᚦᚪᛚᛚᚢᛋᛖᛋ,424
larcener,2039,0,ᛚᚪᚱᚳᛖᚾᛖᚱ,368
hatcheling,2036,0,ᚻᚪᛏᚳᚻᛖᛚᛝ,434
organons,2033,0,ᚩᚱᚷᚪᚾᚩᚾᛋ,250
matehood,2033,0,ᛗᚪᛏᛖᚻᚩᚩᛞ,420
corteses,2032,0,ᚳᚩᚱᛏᛖᛋᛖᛋ,330
misseeming,2031,0,ᛗᛁᛋᛋᛖᛖᛗᛝ,492
spinnets,2028,0,ᛋᛈᛁᚾᚾᛖᛏᛋ,364
hairgrip,2022,0,ᚻᚪᛁᚱᚷᚱᛁᛈ,264
crummier,2019,0,ᚳᚱᚢᛗᛗᛁᛖᚱ,278
thingumabob,2015,0,ᚦᛝᚢᛗᚪᛒᚩᛒ,384
ruckuses,2014,0,ᚱᚢᚳᚳᚢᛋᛖᛋ,216
huzzahed,2014,0,ᚻᚢᛋᛋᚪᚻᛖᛞ,408
frizzier,2009,0,ᚠᚱᛁᛋᛋᛁᛖᚱ,259
pillwort,2005,0,ᛈᛁᛚᛚᚹᚩᚱᛏ,316
mourningly,1998,0,ᛗᚩᚢᚱᚾᛝᛚᚣ,376
missises,1998,0,ᛗᛁᛋᛋᛁᛋᛖᛋ,412
gomarist,1996,0,ᚷᚩᛗᚪᚱᛁᛋᛏ,346
caranday,1996,0,ᚳᚪᚱᚪᚾᛞᚪᚣ,536
thraldoms,1985,0,ᚦᚱᚪᛚᛞᚩᛗᛋ,406
cramasie,1983,0,ᚳᚱᚪᛗᚪᛋᛁᛖ,440
cavitied,1978,0,ᚳᚪᚢᛁᛏᛁᛖᛞ,390
slickery,1972,0,ᛋᛚᛁᚳᚳᛖᚱᚣ,364
schnooks,1971,0,ᛋᚳᚻᚾᚩᚩᚳᛋ,198
coonties,1967,0,ᚳᚩᚩᚾᛏᛁᛖᛋ,266
enfolder,1964,0,ᛖᚾᚠᚩᛚᛞᛖᚱ,345
oratress,1963,0,ᚩᚱᚪᛏᚱᛖᛋᛋ,358
gangboard,1963,0,ᚷᚪᛝᛒᚩᚪᚱᛞ,458
pavilioning,1962,0,ᛈᚪᚢᛁᛚᛡᚾᛝ,462
monocarp,1962,0,ᛗᚩᚾᚩᚳᚪᚱᛈ,278
unghostly,1959,0,ᚢᛝᚻᚩᛋᛏᛚᚣ,400
underkings,1959,0,ᚢᚾᛞᛖᚱᚳᛝᛋ,344
stiflers,1959,0,ᛋᛏᛁᚠᛚᛖᚱᛋ,349
tawdrier,1958,0,ᛏᚪᚹᛞᚱᛁᛖᚱ,384
marshier,1957,0,ᛗᚪᚱᛋᚻᛁᛖᚱ,364
outscream,1955,0,ᚩᚢᛏᛋᚳᚱᛠᛗ,326
variorums,1953,0,ᚢᚪᚱᛡᚱᚢᛗᛋ,356
vernacle,1952,0,ᚢᛖᚱᚾᚪᚳᛚᛖ,360
psalteria,1947,0,ᛈᛋᚪᛚᛏᛖᚱᛡ,510
sissyish,1946,0,ᛋᛁᛋᛋᚣᛁᛋᚻ,400
gesnerias,1943,0,ᚷᛖᛋᚾᛖᚱᛡᛋ,404
daysprings,1940,0,ᛞᚪᚣᛋᛈᚱᛝᛋ,528
quandongs,1937,0,ᚳᚹᚪᚾᛞᚩᛝᛋ,386
neuralgy,1935,0,ᚾᛖᚢᚱᚪᛚᚷᚣ,400
entayled,1933,0,ᛖᚾᛏᚪᚣᛚᛖᛞ,584
unhasped,1932,0,ᚢᚾᚻᚪᛋᛈᛖᛞ,404
scabiosas,1932,0,ᛋᚳᚪᛒᛡᛋᚪᛋ,534
candours,1929,0,ᚳᚪᚾᛞᚩᚢᚱᛋ,302
omicrons,1927,0,ᚩᛗᛁᚳᚱᚩᚾᛋ,222
ratherest,1926,0,ᚱᚪᚦᛖᚱᛖᛋᛏ,370
bodement,1924,0,ᛒᚩᛞᛖᛗᛖᚾᛏ,450
reasoningly,1923,0,ᚱᛠᛋᚩᚾᛝᛚᚣ,464
epicardia,1922,0,ᛖᛈᛁᚳᚪᚱᛞᛡ,458
whirlingly,1920,0,ᚹᚻᛁᚱᛚᛝᛚᚣ,412
backsaws,1920,0,ᛒᚪᚳᚳᛋᚪᚹᛋ,406
gauffering,1917,0,ᚷᚪᚢᚠᚠᛖᚱᛝ,278
noreaster,1913,0,ᚾᚩᚱᛠᛋᛏᛖᚱ,346
caudated,1913,0,ᚳᚪᚢᛞᚪᛏᛖᛞ,514
flouters,1911,0,ᚠᛚᚩᚢᛏᛖᚱᛋ,275
droopier,1905,0,ᛞᚱᚩᚩᛈᛁᛖᚱ,266
outvotes,1904,0,ᚩᚢᛏᚢᚩᛏᛖᛋ,258
muishond,1898,0,ᛗᚢᛁᛋᚻᚩᚾᛞ,306
duperies,1897,0,ᛞᚢᛈᛖᚱᛁᛖᛋ,364
proturan,1892,0,ᛈᚱᚩᛏᚢᚱᚪᚾ,260
cullises,1892,0,ᚳᚢᛚᛚᛁᛋᛖᛋ,366
crunchings,1891,0,ᚳᚱᚢᚾᚳᚻᛝᛋ,224
caftaned,1890,0,ᚳᚪᚠᛏᚪᚾᛖᛞ,453
shammers,1888,0,ᛋᚻᚪᛗᛗᛖᚱᛋ,446
revolvings,1887,0,ᚱᛖᚢᚩᛚᚢᛝᛋ,296
galbulus,1869,0,ᚷᚪᛚᛒᚢᛚᚢᛋ,380
chrisoms,1869,0,ᚳᚻᚱᛁᛋᚩᛗᛋ,262
bricoles,1863,0,ᛒᚱᛁᚳᚩᛚᛖᛋ,316
caroller,1861,0,ᚳᚪᚱᚩᛚᛚᛖᚱ,352
aeluroidea,1856,0,ᚫᛚᚢᚱᚩᛁᛞᛠ,424
lapidist,1848,0,ᛚᚪᛈᛁᛞᛁᛋᛏ,476
lapidate,1848,0,ᛚᚪᛈᛁᛞᚪᛏᛖ,556
hoopless,1841,0,ᚻᚩᚩᛈᛚᛖᛋᛋ,326
metagram,1840,0,ᛗᛖᛏᚪᚷᚱᚪᛗ,490
ramakins,1837,0,ᚱᚪᛗᚪᚳᛁᚾᛋ,402
jejunely,1836,0,ᛂᛖᛂᚢᚾᛖᛚᚣ,416
dalliers,1836,0,ᛞᚪᛚᛚᛁᛖᚱᛋ,494
unthumbed,1835,0,ᚢᚾᚦᚢᛗᛒᛖᛞ,328
lignaloes,1830,0,ᛚᛁᚷᚾᚪᛚᛟᛋ,456
smuttier,1828,0,ᛋᛗᚢᛏᛏᛁᛖᚱ,354
lazuline,1822,0,ᛚᚪᛋᚢᛚᛁᚾᛖ,426
malmseys,1821,0,ᛗᚪᛚᛗᛋᛖᚣᛋ,588
strollings,1820,0,ᛋᛏᚱᚩᛚᛚᛝᛋ,408
cercarias,1817,0,ᚳᛖᚱᚳᚪᚱᛡᛋ,372
phisnomy,1815,0,ᛈᚻᛁᛋᚾᚩᛗᚣ,360
exacters,1813,0,ᛖᛉᚪᚳᛏᛖᚱᛋ,414
gormands,1812,0,ᚷᚩᚱᛗᚪᚾᛞᛋ,374
puddinghead,1809,0,ᛈᚢᛞᛞᛝᚻᛠᛞ,524
paleology,1809,0,ᛈᚪᛚᛇᛚᚩᚷᚣ,454
evadable,1808,0,ᛖᚢᚪᛞᚪᛒᛚᛖ,554
selfward,1800,0,ᛋᛖᛚᚠᚹᚪᚱᛞ,411
tiroleans,1799,0,ᛏᛁᚱᚩᛚᛠᚾᛋ,372
beanfeasts,1796,0,ᛒᛠᚾᚠᛠᛋᛏᛋ,475
soaprock,1795,0,ᛋᚩᚪᛈᚱᚩᚳᚳ,244
catmints,1787,0,ᚳᚪᛏᛗᛁᚾᛏᛋ,412
gumptious,1783,0,ᚷᚢᛗᛈᛏᛡᚢᛋ,356
sniffler,1777,0,ᛋᚾᛁᚠᚠᛚᛖᚱ,268
pillocks,1777,0,ᛈᛁᛚᛚᚩᚳᚳᛋ,306
logwoods,1773,0,ᛚᚩᚷᚹᚩᚩᛞᛋ,272
fakeries,1769,0,ᚠᚪᚳᛖᚱᛁᛖᛋ,341
tinniest,1766,0,ᛏᛁᚾᚾᛁᛖᛋᛏ,358
oversure,1766,0,ᚩᚢᛖᚱᛋᚢᚱᛖ,222
karmathian,1762,0,ᚳᚪᚱᛗᚪᚦᛡᚾ,430
oxalises,1761,0,ᚩᛉᚪᛚᛁᛋᛖᛋ,428
beadworks,1760,0,ᛒᛠᛞᚹᚩᚱᚳᛋ,362
melilots,1756,0,ᛗᛖᛚᛁᛚᚩᛏᛋ,434
wallwort,1752,0,ᚹᚪᛚᛚᚹᚩᚱᛏ,358
lummoxes,1752,0,ᛚᚢᛗᛗᚩᛉᛖᛋ,392
eggfruit,1746,0,ᛖᚷᚷᚠᚱᚢᛁᛏ,207
muckluck,1739,0,ᛗᚢᚳᚳᛚᚢᚳᚳ,202
relumine,1736,0,ᚱᛖᛚᚢᛗᛁᚾᛖ,352
frolicky,1735,0,ᚠᚱᚩᛚᛁᚳᚳᚣ,253
eachwhere,1732,0,ᛠᚳᚻᚹᚻᛖᚱᛖ,332
imbowers,1731,0,ᛁᛗᛒᚩᚹᛖᚱᛋ,320
resupine,1724,0,ᚱᛖᛋᚢᛈᛁᚾᛖ,304
sombrest,1721,0,ᛋᚩᛗᛒᚱᛖᛋᛏ,382
acetylic,1721,0,ᚪᚳᛖᛏᚣᛚᛁᚳ,456
vestless,1718,0,ᚢᛖᛋᛏᛚᛖᛋᛋ,428
ungirlish,1718,0,ᚢᛝᛁᚱᛚᛁᛋᚻ,304
souldans,1716,0,ᛋᚩᚢᛚᛞᚪᚾᛋ,404
capotted,1716,0,ᚳᚪᛈᚩᛏᛏᛖᛞ,434
pranckes,1712,0,ᛈᚱᚪᚾᚳᚳᛖᛋ,326
combater,1712,0,ᚳᚩᛗᛒᚪᛏᛖᚱ,386
fosterings,1707,0,ᚠᚩᛋᛏᛖᚱᛝᛋ,331
celestas,1707,0,ᚳᛖᛚᛖᛋᛏᚪᛋ,482
allegate,1705,0,ᚪᛚᛚᛖᚷᚪᛏᛖ,550
petchary,1704,0,ᛈᛖᛏᚳᚻᚪᚱᚣ,416
unhalted,1701,0,ᚢᚾᚻᚪᛚᛏᛖᛞ,440
begilded,1701,0,ᛒᛖᚷᛁᛚᛞᛖᛞ,494
copperah,1698,0,ᚳᚩᛈᛈᛖᚱᚪᚻ,304
shrimped,1697,0,ᛋᚻᚱᛁᛗᛈᛖᛞ,388
inurbane,1697,0,ᛁᚾᚢᚱᛒᚪᚾᛖ,328
serfhood,1694,0,ᛋᛖᚱᚠᚻᚩᚩᛞ,259
lodesman,1692,0,ᛚᚩᛞᛖᛋᛗᚪᚾ,486
salangane,1691,0,ᛋᚪᛚᚪᛝᚪᚾᛖ,592
scabbier,1689,0,ᛋᚳᚪᛒᛒᛁᛖᚱ,394
sibilate,1688,0,ᛋᛁᛒᛁᛚᚪᛏᛖ,472
enraunged,1687,0,ᛖᚾᚱᚪᚢᛝᛖᛞ,442
chagrining,1686,0,ᚳᚻᚪᚷᚱᛁᚾᛝ,300
solidare,1683,0,ᛋᚩᛚᛁᛞᚪᚱᛖ,428
trossers,1678,0,ᛏᚱᚩᛋᛋᛖᚱᛋ,314
nightgear,1677,0,ᚾᛁᚷᚻᛏᚷᛠᚱ,296
arblasts,1676,0,ᚪᚱᛒᛚᚪᛋᛏᛋ,504
unrealize,1675,0,ᚢᚾᚱᛠᛚᛁᛋᛖ,376
orinasal,1671,0,ᚩᚱᛁᚾᚪᛋᚪᛚ,398
madrases,1670,0,ᛗᚪᛞᚱᚪᛋᛖᛋ,538
gymslips,1665,0,ᚷᚣᛗᛋᛚᛁᛈᛋ,444
shoetrees,1664,0,ᛋᚻᛟᛏᚱᛖᛖᛋ,416
markhors,1663,0,ᛗᚪᚱᚳᚻᚩᚱᛋ,286
fundless,1662,0,ᚠᚢᚾᛞᛚᛖᛋᛋ,369
logomania,1658,0,ᛚᚩᚷᚩᛗᚪᚾᛡ,408
sickless,1656,0,ᛋᛁᚳᚳᛚᛖᛋᛋ,356
cascaras,1656,0,ᚳᚪᛋᚳᚪᚱᚪᛋ,434
kvetches,1655,0,ᚳᚢᛖᛏᚳᚻᛖᛋ,298
gagsters,1654,0,ᚷᚪᚷᛋᛏᛖᚱᛋ,374
stoppled,1653,0,ᛋᛏᚩᛈᛈᛚᛖᛞ,434
dukeship,1653,0,ᛞᚢᚳᛖᛋᚻᛁᛈ,322
phasianid,1652,0,ᛈᚻᚪᛋᛡᚾᛁᛞ,472
threadfish,1651,0,ᚦᚱᛠᛞᚠᛁᛋᚻ,323
campmate,1648,0,ᚳᚪᛗᛈᛗᚪᛏᛖ,518
aflicker,1648,0,ᚪᚠᛚᛁᚳᚳᛖᚱ,307
nebulose,1647,0,ᚾᛖᛒᚢᛚᚩᛋᛖ,360
libbards,1642,0,ᛚᛁᛒᛒᚪᚱᛞᛋ,476
foumarts,1641,0,ᚠᚩᚢᛗᚪᚱᛏᛋ,303
yokeless,1640,0,ᚣᚩᚳᛖᛚᛖᛋᛋ,436
tomfools,1635,0,ᛏᚩᛗᚠᚩᚩᛚᛋ,279
ungulated,1634,0,ᚢᛝᚢᛚᚪᛏᛖᛞ,470
ballader,1634,0,ᛒᚪᛚᛚᚪᛞᛖᚱ,568
palliards,1632,0,ᛈᚪᛚᛚᛡᚱᛞᛋ,546
feateously,1631,0,ᚠᛠᛏᛇᚢᛋᛚᚣ,443
mylodons,1627,0,ᛗᚣᛚᚩᛞᚩᚾᛋ,432
hawknose,1627,0,ᚻᚪᚹᚳᚾᚩᛋᛖ,308
coalbins,1626,0,ᚳᚩᚪᛚᛒᛁᚾᛋ,364
hagberry,1625,0,ᚻᚪᚷᛒᛖᚱᚱᚣ,390
kindlily,1624,0,ᚳᛁᚾᛞᛚᛁᛚᚣ,442
spadillio,1619,0,ᛋᛈᚪᛞᛁᛚᛚᛡ,566
affidavy,1615,0,ᚪᚠᚠᛁᛞᚪᚢᚣ,424
cutworks,1614,0,ᚳᚢᛏᚹᚩᚱᚳᛋ,178
mugworts,1613,0,ᛗᚢᚷᚹᚩᚱᛏᛋ,240
cudweeds,1612,0,ᚳᚢᛞᚹᛖᛖᛞᛋ,400
cubicity,1612,0,ᚳᚢᛒᛁᚳᛁᛏᚣ,314
caudexes,1612,0,ᚳᚪᚢᛞᛖᛉᛖᛋ,436
onanisms,1611,0,ᚩᚾᚪᚾᛁᛋᛗᛋ,370
pamperer,1608,0,ᛈᚪᛗᛈᛖᚱᛖᚱ,410
vaunters,1607,0,ᚢᚪᚢᚾᛏᛖᚱᛋ,322
oldwives,1607,0,ᚩᛚᛞᚹᛁᚢᛖᛋ,342
shrillings,1605,0,ᛋᚻᚱᛁᛚᛚᛝᛋ,396
formicas,1605,0,ᚠᚩᚱᛗᛁᚳᚪᛋ,285
engrieved,1596,0,ᛖᛝᚱᛁᛖᚢᛖᛞ,414
ramadans,1595,0,ᚱᚪᛗᚪᛞᚪᚾᛋ,544
mistypes,1594,0,ᛗᛁᛋᛏᚣᛈᛖᛋ,480
ficklest,1592,0,ᚠᛁᚳᚳᛚᛖᛋᛏ,311
maziness,1591,0,ᛗᚪᛋᛁᚾᛖᛋᛋ,454
gurglingly,1591,0,ᚷᚢᚱᚷᛚᛝᛚᚣ,376
stridors,1590,0,ᛋᛏᚱᛁᛞᚩᚱᛋ,314
flypasts,1590,0,ᚠᛚᚣᛈᚪᛋᛏᛋ,483
unkinglike,1589,0,ᚢᚾᚳᛝᛚᛁᚳᛖ,308
hailshot,1589,0,ᚻᚪᛁᛚᛋᚻᚩᛏ,366
scarpers,1584,0,ᛋᚳᚪᚱᛈᛖᚱᛋ,348
embusque,1584,0,ᛖᛗᛒᚢᛋᚳᚹᛖ,354
cointise,1584,0,ᚳᚩᛁᚾᛏᛁᛋᛖ,290
insconce,1583,0,ᛁᚾᛋᚳᚩᚾᚳᛖ,242
enlights,1580,0,ᛖᚾᛚᛁᚷᚻᛏᛋ,352
fordless,1574,0,ᚠᚩᚱᛞᛚᛖᛋᛋ,355
tupperian,1573,0,ᛏᚢᛈᛈᛖᚱᛡᚾ,362
elaphine,1569,0,ᛖᛚᚪᛈᚻᛁᚾᛖ,430
pietisms,1564,0,ᛈᛁᛖᛏᛁᛋᛗᛋ,408
blowball,1560,0,ᛒᛚᚩᚹᛒᚪᛚᛚ,464
czarship,1558,0,ᚳᛋᚪᚱᛋᚻᛁᛈ,324
embodier,1554,0,ᛖᛗᛒᚩᛞᛁᛖᚱ,404
dumpcart,1554,0,ᛞᚢᛗᛈᚳᚪᚱᛏ,386
flossier,1552,0,ᚠᛚᚩᛋᛋᛁᛖᚱ,297
gerenuks,1549,0,ᚷᛖᚱᛖᚾᚢᚳᛋ,260
acanthoid,1549,0,ᚪᚳᚪᚾᚦᚩᛁᛞ,368
oscitant,1548,0,ᚩᛋᚳᛁᛏᚪᚾᛏ,348
haggises,1547,0,ᚻᚪᚷᚷᛁᛋᛖᛋ,358
scraggling,1543,0,ᛋᚳᚱᚪᚷᚷᛚᛝ,360
botargoes,1538,0,ᛒᚩᛏᚪᚱᚷᛟᛋ,388
wisplike,1531,0,ᚹᛁᛋᛈᛚᛁᚳᛖ,330
datemark,1530,0,ᛞᚪᛏᛖᛗᚪᚱᚳ,504
inebrious,1526,0,ᛁᚾᛖᛒᚱᛡᚢᛋ,362
ramequin,1525,0,ᚱᚪᛗᛖᚳᚹᛁᚾ,338
moraceous,1524,0,ᛗᚩᚱᚪᚳᛇᚢᛋ,296
ammonify,1523,0,ᚪᛗᛗᚩᚾᛁᚠᚣ,411
mensches,1517,0,ᛗᛖᚾᛋᚳᚻᛖᛋ,376
fusspots,1516,0,ᚠᚢᛋᛋᛈᚩᛏᛋ,273
morrices,1515,0,ᛗᚩᚱᚱᛁᚳᛖᛋ,264
knitwork,1514,0,ᚳᚾᛁᛏᚹᚩᚱᚳ,182
footslog,1511,0,ᚠᚩᚩᛏᛋᛚᚩᚷ,225
soupcons,1504,0,ᛋᚩᚢᛈᚳᚩᚾᛋ,208
anuresis,1502,0,ᚪᚾᚢᚱᛖᛋᛁᛋ,344
lenities,1500,0,ᛚᛖᚾᛁᛏᛁᛖᛋ,410
unpursed,1498,0,ᚢᚾᛈᚢᚱᛋᛖᛞ,298
nonagons,1496,0,ᚾᚩᚾᚪᚷᚩᚾᛋ,268
hypethral,1496,0,ᚻᚣᛈᛖᚦᚱᚪᛚ,422
contuses,1493,0,ᚳᚩᚾᛏᚢᛋᛖᛋ,284
swankies,1492,0,ᛋᚹᚪᚾᚳᛁᛖᛋ,362
saporous,1489,0,ᛋᚪᛈᚩᚱᚩᚢᛋ,274
shoebills,1488,0,ᛋᚻᛟᛒᛁᛚᛚᛋ,450
slopshop,1485,0,ᛋᛚᚩᛈᛋᚻᚩᛈ,302
onrushes,1485,0,ᚩᚾᚱᚢᛋᚻᛖᛋ,246
hanumans,1484,0,ᚻᚪᚾᚢᛗᚪᚾᛋ,402
faintingly,1482,0,ᚠᚪᛁᚾᛏᛝᛚᚣ,473
wimpiest,1477,0,ᚹᛁᛗᛈᛁᛖᛋᛏ,374
outsails,1476,0,ᚩᚢᛏᛋᚪᛁᛚᛋ,376
trashily,1474,0,ᛏᚱᚪᛋᚻᛁᛚᚣ,450
evagation,1474,0,ᛖᚢᚪᚷᚪᛏᛡᚾ,476
oestruses,1473,0,ᛟᛋᛏᚱᚢᛋᛖᛋ,382
muskwood,1470,0,ᛗᚢᛋᚳᚹᚩᚩᛞ,262
alestake,1470,0,ᚪᛚᛖᛋᛏᚪᚳᛖ,526
diaphanie,1469,0,ᛞᛡᛈᚻᚪᚾᛁᛖ,486
addlehead,1468,0,ᚪᛞᛞᛚᛖᚻᛠᛞ,636
unvirile,1455,0,ᚢᚾᚢᛁᚱᛁᛚᛖ,248
humblingly,1455,0,ᚻᚢᛗᛒᛚᛝᛚᚣ,486
acromions,1452,0,ᚪᚳᚱᚩᛗᛡᚾᛋ,388
unwearily,1449,0,ᚢᚾᚹᛠᚱᛁᛚᚣ,378
chamelot,1449,0,ᚳᚻᚪᛗᛖᛚᚩᛏ,410
cassinos,1449,0,ᚳᚪᛋᛋᛁᚾᚩᛋ,336
lumpiest,1448,0,ᛚᚢᛗᛈᛁᛖᛋᛏ,400
lymphuria,1441,0,ᛚᚣᛗᛈᚻᚢᚱᛡ,434
vauntful,1440,0,ᚢᚪᚢᚾᛏᚠᚢᛚ,269
clabbers,1439,0,ᚳᛚᚪᛒᛒᛖᚱᛋ,436
charonian,1437,0,ᚳᚻᚪᚱᚩᚾᛡᚾ,316
mountingly,1436,0,ᛗᚩᚢᚾᛏᛝᛚᚣ,424
bishopry,1435,0,ᛒᛁᛋᚻᚩᛈᚱᚣ,332
porkpies,1434,0,ᛈᚩᚱᚳᛈᛁᛖᛋ,268
outleaped,1427,0,ᚩᚢᛏᛚᛠᛈᛖᛞ,450
blarneys,1427,0,ᛒᛚᚪᚱᚾᛖᚣᛋ,494
trothless,1420,0,ᛏᚱᚩᚦᛚᛖᛋᛋ,328
hedgehop,1418,0,ᚻᛖᛞᚷᛖᚻᚩᛈ,336
fistmele,1415,0,ᚠᛁᛋᛏᛗᛖᛚᛖ,423
runproof,1414,0,ᚱᚢᚾᛈᚱᚩᚩᚠ,113
northeasts,1412,0,ᚾᚩᚱᚦᛠᛋᛏᛋ,326
hatchels,1412,0,ᚻᚪᛏᚳᚻᛖᛚᛋ,408
diabolize,1412,0,ᛞᛡᛒᚩᛚᛁᛋᛖ,488
surbases,1406,0,ᛋᚢᚱᛒᚪᛋᛖᛋ,398
puccoons,1405,0,ᛈᚢᚳᚳᚩᚩᚾᛋ,168
whitherso,1403,0,ᚹᚻᛁᚦᛖᚱᛋᚩ,216
unbright,1403,0,ᚢᚾᛒᚱᛁᚷᚻᛏ,234
engendure,1403,0,ᛖᛝᛖᚾᛞᚢᚱᛖ,412
estrones,1401,0,ᛖᛋᛏᚱᚩᚾᛖᛋ,346
vicenary,1400,0,ᚢᛁᚳᛖᚾᚪᚱᚣ,354
buvettes,1400,0,ᛒᚢᚢᛖᛏᛏᛖᛋ,372
complins,1394,0,ᚳᚩᛗᛈᛚᛁᚾᛋ,320
sieveful,1393,0,ᛋᛁᛖᚢᛖᚠᚢᛚ,299
unburies,1389,0,ᚢᚾᛒᚢᚱᛁᛖᛋ,258
essayers,1387,0,ᛖᛋᛋᚪᚣᛖᚱᛋ,504
unfaulty,1382,0,ᚢᚾᚠᚪᚢᛚᛏᚣ,369
acervate,1381,0,ᚪᚳᛖᚱᚢᚪᛏᛖ,414
gorgerin,1380,0,ᚷᚩᚱᚷᛖᚱᛁᚾ,190
quercine,1374,0,ᚳᚹᛖᚱᚳᛁᚾᛖ,250
cuticulae,1371,0,ᚳᚢᛏᛁᚳᚢᛚᚫ,296
nonscoring,1368,0,ᚾᚩᚾᛋᚳᚩᚱᛝ,228
treatably,1366,0,ᛏᚱᛠᛏᚪᛒᛚᚣ,572
dishfuls,1364,0,ᛞᛁᛋᚻᚠᚢᛚᛋ,327
stounded,1363,0,ᛋᛏᚩᚢᚾᛞᛖᛞ,396
undividing,1359,0,ᚢᚾᛞᛁᚢᛁᛞᛝ,354
stringiest,1357,0,ᛋᛏᚱᛝᛁᛖᛋᛏ,412
moneyage,1354,0,ᛗᚩᚾᛖᚣᚪᚷᛖ,458
gudesake,1349,0,ᚷᚢᛞᛖᛋᚪᚳᛖ,406
bethesdas,1347,0,ᛒᛖᚦᛖᛋᛞᚪᛋ,492
bombasting,1346,0,ᛒᚩᛗᛒᚪᛋᛏᛝ,488
spongeful,1341,0,ᛋᛈᚩᛝᛖᚠᚢᛚ,327
ambagious,1337,0,ᚪᛗᛒᚪᚷᛡᚢᛋ,506
udometer,1334,0,ᚢᛞᚩᛗᛖᛏᛖᚱ,374
bubblier,1330,0,ᛒᚢᛒᛒᛚᛁᛖᚱ,368
spermous,1323,0,ᛋᛈᛖᚱᛗᚩᚢᛋ,308
outthrown,1323,0,ᚩᚢᛏᚦᚱᚩᚹᚾ,140
untruest,1322,0,ᚢᚾᛏᚱᚢᛖᛋᛏ,284
whitenings,1321,0,ᚹᚻᛁᛏᛖᚾᛝᛋ,360
unsounding,1319,0,ᚢᚾᛋᚩᚢᚾᛞᛝ,292
unsloped,1316,0,ᚢᚾᛋᛚᚩᛈᛖᛞ,364
resplend,1314,0,ᚱᛖᛋᛈᛚᛖᚾᛞ,432
jazerant,1312,0,ᛂᚪᛋᛖᚱᚪᚾᛏ,450
bugology,1311,0,ᛒᚢᚷᚩᛚᚩᚷᚣ,288
snappingly,1309,0,ᛋᚾᚪᛈᛈᛝᛚᚣ,520
pantlers,1304,0,ᛈᚪᚾᛏᛚᛖᚱᛋ,432
majaguas,1302,0,ᛗᚪᛂᚪᚷᚢᚪᛋ,472
latherers,1302,0,ᛚᚪᚦᛖᚱᛖᚱᛋ,384
plunkers,1298,0,ᛈᛚᚢᚾᚳᛖᚱᛋ,292
unfeudal,1296,0,ᚢᚾᚠᛖᚢᛞᚪᛚ,363
sprigger,1296,0,ᛋᛈᚱᛁᚷᚷᛖᚱ,250
ghastful,1294,0,ᚷᚻᚪᛋᛏᚠᚢᛚ,327
ashcakes,1294,0,ᚪᛋᚻᚳᚪᚳᛖᛋ,416
stabbingly,1292,0,ᛋᛏᚪᛒᛒᛝᛚᚣ,586
hygeists,1292,0,ᚻᚣᚷᛖᛁᛋᛏᛋ,406
acarpous,1290,0,ᚪᚳᚪᚱᛈᚩᚢᛋ,324
lavrocks,1289,0,ᛚᚪᚢᚱᚩᚳᚳᛋ,270
testudos,1282,0,ᛏᛖᛋᛏᚢᛞᚩᛋ,390
bicorned,1280,0,ᛒᛁᚳᚩᚱᚾᛖᛞ,308
merimake,1279,0,ᛗᛖᚱᛁᛗᚪᚳᛖ,428
creeshie,1279,0,ᚳᚱᛖᛖᛋᚻᛁᛖ,332
sheratan,1278,0,ᛋᚻᛖᚱᚪᛏᚪᚾ,436
flossies,1275,0,ᚠᛚᚩᛋᛋᛁᛖᛋ,339
tenderings,1274,0,ᛏᛖᚾᛞᛖᚱᛝᛋ,454
manginess,1274,0,ᛗᚪᛝᛁᚾᛖᛋᛋ,480
cavallas,1274,0,ᚳᚪᚢᚪᛚᛚᚪᛋ,506
imamates,1273,0,ᛁᛗᚪᛗᚪᛏᛖᛋ,546
soothless,1271,0,ᛋᚩᚩᚦᛚᛖᛋᛋ,318
heartseed,1269,0,ᚻᛠᚱᛏᛋᛖᛖᛞ,478
chalazas,1266,0,ᚳᚻᚪᛚᚪᛋᚪᛋ,506
tickweed,1263,0,ᛏᛁᚳᚳᚹᛖᛖᛞ,358
unbitter,1258,0,ᚢᚾᛒᛁᛏᛏᛖᚱ,320
cruddled,1258,0,ᚳᚱᚢᛞᛞᛚᛖᛞ,434
slinkier,1257,0,ᛋᛚᛁᚾᚳᛁᛖᚱ,308
simitars,1257,0,ᛋᛁᛗᛁᛏᚪᚱᛋ,406
smuttily,1256,0,ᛋᛗᚢᛏᛏᛁᛚᚣ,452
womanise,1252,0,ᚹᚩᛗᚪᚾᛁᛋᛖ,374
cytogeny,1248,0,ᚳᚣᛏᚩᚷᛖᚾᚣ,398
plurisie,1242,0,ᛈᛚᚢᚱᛁᛋᛁᛖ,312
forpined,1241,0,ᚠᚩᚱᛈᛁᚾᛖᛞ,279
clicketing,1238,0,ᚳᛚᛁᚳᚳᛖᛏᛝ,348
acaudate,1237,0,ᚪᚳᚪᚢᛞᚪᛏᛖ,522
scowlers,1233,0,ᛋᚳᚩᚹᛚᛖᚱᛋ,296
pyrostat,1232,0,ᛈᚣᚱᚩᛋᛏᚪᛏ,432
sireless,1231,0,ᛋᛁᚱᛖᛚᛖᛋᛋ,408
cordites,1228,0,ᚳᚩᚱᛞᛁᛏᛖᛋ,330
prissier,1223,0,ᛈᚱᛁᛋᛋᛁᛖᚱ,300
urochord,1216,0,ᚢᚱᚩᚳᚻᚩᚱᛞ,164
simperer,1216,0,ᛋᛁᛗᛈᛖᚱᛖᚱ,354
monodist,1215,0,ᛗᚩᚾᚩᛞᛁᛋᛏ,346
aarsaether,1213,0,ᚪᚪᚱᛋᚫᚦᛖᚱ,442
unjarred,1208,0,ᚢᚾᛂᚪᚱᚱᛖᛞ,344
soubises,1204,0,ᛋᚩᚢᛒᛁᛋᛖᛋ,328
gaumless,1201,0,ᚷᚪᚢᛗᛚᛖᛋᛋ,434
deaminize,1196,0,ᛞᛠᛗᛁᚾᛁᛋᛖ,480
borrelias,1196,0,ᛒᚩᚱᚱᛖᛚᛡᛋ,390
surceases,1188,0,ᛋᚢᚱᚳᛠᛋᛖᛋ,362
eyestrings,1187,0,ᛖᚣᛖᛋᛏᚱᛝᛋ,492
sylvites,1182,0,ᛋᚣᛚᚢᛁᛏᛖᛋ,442
totterer,1181,0,ᛏᚩᛏᛏᛖᚱᛖᚱ,340
bornites,1179,0,ᛒᚩᚱᚾᛁᛏᛖᛋ,318
whoopees,1176,0,ᚹᚻᚩᚩᛈᛖᛖᛋ,286
powderer,1173,0,ᛈᚩᚹᛞᛖᚱᛖᚱ,314
reclimbing,1171,0,ᚱᛖᚳᛚᛁᛗᛒᛝ,406
direption,1171,0,ᛞᛁᚱᛖᛈᛏᛡᚾ,436
karaokes,1168,0,ᚳᚪᚱᚪᚩᚳᛖᛋ,358
aerobiotic,1168,0,ᚫᚱᚩᛒᛡᛏᛁᚳ,390
planarias,1162,0,ᛈᛚᚪᚾᚪᚱᛡᛋ,510
salsilla,1158,0,ᛋᚪᛚᛋᛁᛚᛚᚪ,550
elaphure,1155,0,ᛖᛚᚪᛈᚻᚢᚱᛖ,384
haznadar,1152,0,ᚻᚪᛋᚾᚪᛞᚪᚱ,496
slushier,1148,0,ᛋᛚᚢᛋᚻᛁᛖᚱ,314
courlans,1146,0,ᚳᚩᚢᚱᛚᚪᚾᛋ,286
bryonies,1145,0,ᛒᚱᚣᚩᚾᛁᛖᛋ,362
wallopings,1142,0,ᚹᚪᛚᛚᚩᛈᛝᛋ,444
wintrily,1140,0,ᚹᛁᚾᛏᚱᛁᛚᚣ,356
estruses,1140,0,ᛖᛋᛏᚱᚢᛋᛖᛋ,366
alkalise,1138,0,ᚪᛚᚳᚪᛚᛁᛋᛖ,504
unsauced,1135,0,ᚢᚾᛋᚪᚢᚳᛖᛞ,354
chamlets,1134,0,ᚳᚻᚪᛗᛚᛖᛏᛋ,456
melanize,1128,0,ᛗᛖᛚᚪᚾᛁᛋᛖ,488
horsiest,1128,0,ᚻᚩᚱᛋᛁᛖᛋᛏ,304
dogtrots,1128,0,ᛞᚩᚷᛏᚱᚩᛏᛋ,302
ascendings,1126,0,ᚪᛋᚳᛖᚾᛞᛝᛋ,480
summerings,1125,0,ᛋᚢᛗᛗᛖᚱᛝᛋ,408
kneepans,1124,0,ᚳᚾᛖᛖᛈᚪᚾᛋ,398
avellane,1123,0,ᚪᚢᛖᛚᛚᚪᚾᛖ,506
extincts,1121,0,ᛖᛉᛏᛁᚾᚳᛏᛋ,358
lappered,1120,0,ᛚᚪᛈᛈᛖᚱᛖᛞ,490
oversaid,1119,0,ᚩᚢᛖᚱᛋᚪᛁᛞ,358
haqueton,1118,0,ᚻᚪᚳᚹᛖᛏᚩᚾ,314
frowzled,1112,0,ᚠᚱᚩᚹᛋᛚᛖᛞ,321
fretsaws,1110,0,ᚠᚱᛖᛏᛋᚪᚹᛋ,361
ungenially,1108,0,ᚢᛝᛖᚾᛡᛚᛚᚣ,534
namedrop,1104,0,ᚾᚪᛗᛖᛞᚱᚩᛈ,414
comfreys,1103,0,ᚳᚩᛗᚠᚱᛖᚣᛋ,327
acephalia,1101,0,ᚪᚳᛖᛈᚻᚪᛚᛡ,520
nigellas,1099,0,ᚾᛁᚷᛖᛚᛚᚪᛋ,440
iridesce,1096,0,ᛁᚱᛁᛞᛖᛋᚳᛖ,362
incitingly,1096,0,ᛁᚾᚳᛁᛏᛝᛚᚣ,418
scraunch,1095,0,ᛋᚳᚱᚪᚢᚾᚳᚻ,242
waftures,1093,0,ᚹᚪᚠᛏᚢᚱᛖᛋ,311
entozoan,1090,0,ᛖᚾᛏᚩᛋᚩᚪᚾ,348
opalesce,1087,0,ᚩᛈᚪᛚᛖᛋᚳᛖ,420
baregine,1084,0,ᛒᚪᚱᛖᚷᛁᚾᛖ,380
dulcianas,1079,0,ᛞᚢᛚᚳᛡᚾᚪᛋ,464
heartward,1078,0,ᚻᛠᚱᛏᚹᚪᚱᛞ,418
duncical,1077,0,ᛞᚢᚾᚳᛁᚳᚪᛚ,348
suntraps,1070,0,ᛋᚢᚾᛏᚱᚪᛈᛋ,348
venisons,1069,0,ᚢᛖᚾᛁᛋᚩᚾᛋ,272
headraces,1069,0,ᚻᛠᛞᚱᚪᚳᛖᛋ,462
summerling,1060,0,ᛋᚢᛗᛗᛖᚱᛚᛝ,428
gumwoods,1059,0,ᚷᚢᛗᚹᚩᚩᛞᛋ,266
eccyesis,1059,0,ᛖᚳᚳᚣᛖᛋᛁᛋ,400
discided,1059,0,ᛞᛁᛋᚳᛁᛞᛖᛞ,462
fumewort,1043,0,ᚠᚢᛗᛖᚹᚩᚱᛏ,239
satinleaf,1041,0,ᛋᚪᛏᛁᚾᛚᛠᚠ,453
pesterer,1040,0,ᛈᛖᛋᛏᛖᚱᛖᚱ,378
streakier,1039,0,ᛋᛏᚱᛠᚳᛁᛖᚱ,354
gloomful,1039,0,ᚷᛚᚩᚩᛗᚠᚢᛚ,253
frumpier,1039,0,ᚠᚱᚢᛗᛈᛁᛖᚱ,239
chestier,1039,0,ᚳᚻᛖᛋᛏᛁᛖᚱ,324
ersatzes,1038,0,ᛖᚱᛋᚪᛏᛋᛖᛋ,460
embrangle,1037,0,ᛖᛗᛒᚱᚪᛝᛚᛖ,526
blowtube,1037,0,ᛒᛚᚩᚹᛏᚢᛒᛖ,350
dormient,1035,0,ᛞᚩᚱᛗᛁᛖᚾᛏ,364
assieged,1033,0,ᚪᛋᛋᛁᛖᚷᛖᛞ,474
embraves,1020,0,ᛖᛗᛒᚱᚪᚢᛖᛋ,430
lavisher,1019,0,ᛚᚪᚢᛁᛋᚻᛖᚱ,358
stirrage,1017,0,ᛋᛏᛁᚱᚱᚪᚷᛖ,346
kalamdan,1011,0,ᚳᚪᛚᚪᛗᛞᚪᚾ,566
toastier,1010,0,ᛏᚩᚪᛋᛏᛁᛖᚱ,384
suasible,1008,0,ᛋᚢᚪᛋᛁᛒᛚᛖ,438
unhearsed,1007,0,ᚢᚾᚻᛠᚱᛋᛖᛞ,384
unbrewed,1007,0,ᚢᚾᛒᚱᛖᚹᛖᛞ,346
peachiest,1006,0,ᛈᛠᚳᚻᛁᛖᛋᛏ,398
misgauge,1006,0,ᛗᛁᛋᚷᚪᚢᚷᛖ,356
catalufa,1003,0,ᚳᚪᛏᚪᛚᚢᚠᚪ,441
bimester,998,0,ᛒᛁᛗᛖᛋᛏᛖᚱ,420
bordured,996,0,ᛒᚩᚱᛞᚢᚱᛖᛞ,338
bonesets,995,0,ᛒᚩᚾᛖᛋᛖᛏᛋ,396
primrosing,994,0,ᛈᚱᛁᛗᚱᚩᛋᛝ,306
recaster,992,0,ᚱᛖᚳᚪᛋᛏᛖᚱ,378
roselles,991,0,ᚱᚩᛋᛖᛚᛚᛖᛋ,404
delouses,991,0,ᛞᛖᛚᚩᚢᛋᛖᛋ,412
catclaws,990,0,ᚳᚪᛏᚳᛚᚪᚹᛋ,424
parchisi,989,0,ᛈᚪᚱᚳᚻᛁᛋᛁ,302
flavorer,989,0,ᚠᛚᚪᚢᚩᚱᛖᚱ,271
savingness,988,0,ᛋᚪᚢᛝᚾᛖᛋᛋ,434
amadavat,986,0,ᚪᛗᚪᛞᚪᚢᚪᛏ,610
measliest,984,0,ᛗᛠᛋᛚᛁᛖᛋᛏ,516
illogics,983,0,ᛁᛚᛚᚩᚷᛁᚳᛋ,298
shannies,982,0,ᛋᚻᚪᚾᚾᛁᛖᛋ,382
accusive,979,0,ᚪᚳᚳᚢᛋᛁᚢᛖ,280
naumachy,978,0,ᚾᚪᚢᛗᚪᚳᚻᚣ,436
testiere,977,0,ᛏᛖᛋᛏᛁᛖᚱᛖ,414
malengine,977,0,ᛗᚪᛚᛖᛝᛁᚾᛖ,514
escolars,975,0,ᛖᛋᚳᚩᛚᚪᚱᛋ,374
moondown,971,0,ᛗᚩᚩᚾᛞᚩᚹᚾ,258
platinas,968,0,ᛈᛚᚪᛏᛁᚾᚪᛋ,482
stotinka,967,0,ᛋᛏᚩᛏᛁᚾᚳᚪ,348
pyracanth,966,0,ᛈᚣᚱᚪᚳᚪᚾᚦ,398
slummier,965,0,ᛋᛚᚢᛗᛗᛁᛖᚱ,380
redbrush,963,0,ᚱᛖᛞᛒᚱᚢᛋᚻ,318
rastaban,963,0,ᚱᚪᛋᛏᚪᛒᚪᚾ,504
catechus,962,0,ᚳᚪᛏᛖᚳᚻᚢᛋ,328
snippier,961,0,ᛋᚾᛁᛈᛈᛁᛖᚱ,308
medusans,961,0,ᛗᛖᛞᚢᛋᚪᚾᛋ,462
toadyish,959,0,ᛏᚩᚪᛞᚣᛁᛋᚻ,462
puckfist,958,0,ᛈᚢᚳᚳᚠᛁᛋᛏ,217
revilingly,955,0,ᚱᛖᚢᛁᛚᛝᛚᚣ,440
kinglihood,954,0,ᚳᛝᛚᛁᚻᚩᚩᛞ,322
exocarps,949,0,ᛖᛉᚩᚳᚪᚱᛈᛋ,338
unrustling,947,0,ᚢᚾᚱᚢᛋᛏᛚᛝ,310
uppishly,946,0,ᚢᛈᛈᛁᛋᚻᛚᚣ,372
mueddins,943,0,ᛗᚢᛖᛞᛞᛁᚾᛋ,432
sangarees,938,0,ᛋᚪᛝᚪᚱᛖᛖᛋ,524
squillas,937,0,ᛋᚳᚹᛁᛚᛚᚪᛋ,412
unsashed,936,0,ᚢᚾᛋᚪᛋᚻᛖᛞ,414
frounces,936,0,ᚠᚱᚩᚢᚾᚳᛖᛋ,185
gelidity,933,0,ᚷᛖᛚᛁᛞᛁᛏᚣ,470
nuthouses,929,0,ᚾᚢᚦᚩᚢᛋᛖᛋ,220
mezereons,928,0,ᛗᛖᛋᛖᚱᛇᚾᛋ,392
fleckers,928,0,ᚠᛚᛖᚳᚳᛖᚱᛋ,299
erotisms,920,0,ᛖᚱᚩᛏᛁᛋᛗᛋ,352
disunify,920,0,ᛞᛁᛋᚢᚾᛁᚠᚣ,341
limaille,916,0,ᛚᛁᛗᚪᛁᛚᛚᛖ,516
yokelish,913,0,ᚣᚩᚳᛖᛚᛁᛋᚻ,370
cryogeny,912,0,ᚳᚱᚣᚩᚷᛖᚾᚣ,350
camorras,911,0,ᚳᚪᛗᚩᚱᚱᚪᛋ,360
quietive,910,0,ᚳᚹᛁᛖᛏᛁᚢᛖ,290
fleeched,910,0,ᚠᛚᛖᛖᚳᚻᛖᛞ,401
bridoons,909,0,ᛒᚱᛁᛞᚩᚩᚾᛋ,288
belgards,907,0,ᛒᛖᛚᚷᚪᚱᛞᛋ,468
albiness,905,0,ᚪᛚᛒᛁᚾᛖᛋᛋ,464
drawlers,904,0,ᛞᚱᚪᚹᛚᛖᚱᛋ,420
overyoung,898,0,ᚩᚢᛖᚱᚣᚩᚢᛝ,280
beccaccia,898,0,ᛒᛖᚳᚳᚪᚳᚳᛡ,384
aviatress,898,0,ᚪᚢᛡᛏᚱᛖᛋᛋ,450
labialize,897,0,ᛚᚪᛒᛡᛚᛁᛋᛖ,562
theurgies,895,0,ᚦᛖᚢᚱᚷᛁᛖᛋ,254
frumpily,891,0,ᚠᚱᚢᛗᛈᛁᛚᚣ,337
toboggin,888,0,ᛏᚩᛒᚩᚷᚷᛁᚾ,228
abseiler,888,0,ᚪᛒᛋᛖᛁᛚᛖᚱ,460
outloved,887,0,ᚩᚢᛏᛚᚩᚢᛖᛞ,308
cycloses,885,0,ᚳᚣᚳᛚᚩᛋᛖᛋ,382
venesect,881,0,ᚢᛖᚾᛖᛋᛖᚳᛏ,358
trigness,879,0,ᛏᚱᛁᚷᚾᛖᛋᛋ,320
cassines,879,0,ᚳᚪᛋᛋᛁᚾᛖᛋ,396
gamboges,877,0,ᚷᚪᛗᛒᚩᚷᛖᛋ,390
tetchier,876,0,ᛏᛖᛏᚳᚻᛁᛖᚱ,330
cuprites,875,0,ᚳᚢᛈᚱᛁᛏᛖᛋ,280
inunctum,870,0,ᛁᚾᚢᚾᚳᛏᚢᛗ,238
bloosmes,870,0,ᛒᛚᚩᚩᛋᛗᛖᛋ,392
unpiteous,869,0,ᚢᚾᛈᛁᛏᛇᚢᛋ,262
wheezier,865,0,ᚹᚻᛖᛖᛋᛁᛖᚱ,338
notionist,864,0,ᚾᚩᛏᛡᚾᛁᛋᛏ,374
preachify,862,0,ᛈᚱᛠᚳᚻᛁᚠᚣ,335
impiteous,862,0,ᛁᛗᛈᛁᛏᛇᚢᛋ,332
tidytips,861,0,ᛏᛁᛞᚣᛏᛁᛈᛋ,468
impregning,860,0,ᛁᛗᛈᚱᛖᚷᚾᛝ,348
rowdydow,854,0,ᚱᚩᚹᛞᚣᛞᚩᚹ,344
morphews,854,0,ᛗᚩᚱᛈᚻᛖᚹᛋ,294
lindanes,854,0,ᛚᛁᚾᛞᚪᚾᛖᛋ,468
copaibas,851,0,ᚳᚩᛈᚪᛁᛒᚪᛋ,402
nigglers,850,0,ᚾᛁᚷᚷᛚᛖᚱᛋ,298
bluffest,850,0,ᛒᛚᚢᚠᚠᛖᛋᛏ,320
asterted,850,0,ᚪᛋᛏᛖᚱᛏᛖᛞ,502
scurvier,847,0,ᛋᚳᚢᚱᚢᛁᛖᚱ,192
parvises,846,0,ᛈᚪᚱᚢᛁᛋᛖᛋ,358
cantraip,846,0,ᚳᚪᚾᛏᚱᚪᛁᛈ,380
clunches,845,0,ᚳᛚᚢᚾᚳᚻᛖᛋ,274
swankily,841,0,ᛋᚹᚪᚾᚳᛁᛚᚣ,418
misfield,841,0,ᛗᛁᛋᚠᛁᛖᛚᛞ,417
akinesias,840,0,ᚪᚳᛁᚾᛖᛋᛡᛋ,450
vacabond,837,0,ᚢᚪᚳᚪᛒᚩᚾᛞ,396
unquieting,837,0,ᚢᚾᚳᚹᛁᛖᛏᛝ,300
carcased,837,0,ᚳᚪᚱᚳᚪᛋᛖᛞ,440
henbanes,836,0,ᚻᛖᚾᛒᚪᚾᛖᛋ,426
chigetai,835,0,ᚳᚻᛁᚷᛖᛏᚪᛁ,338
larmiers,833,0,ᛚᚪᚱᛗᛁᛖᚱᛋ,414
disgrade,831,0,ᛞᛁᛋᚷᚱᚪᛞᛖ,454
lallygag,828,0,ᛚᚪᛚᛚᚣᚷᚪᚷ,550
moistish,827,0,ᛗᚩᛁᛋᛏᛁᛋᚻ,328
fribbled,825,0,ᚠᚱᛁᛒᛒᛚᛖᛞ,395
dayflies,824,0,ᛞᚪᚣᚠᛚᛁᛖᛋ,515
unabsurd,823,0,ᚢᚾᚪᛒᛋᚢᚱᛞ,346
faineance,823,0,ᚠᚪᛁᚾᛠᚾᚳᛖ,377
ceruleous,823,0,ᚳᛖᚱᚢᛚᛇᚢᛋ,264
savorily,821,0,ᛋᚪᚢᚩᚱᛁᛚᚣ,378
nappiest,820,0,ᚾᚪᛈᛈᛁᛖᛋᛏ,422
gowlands,818,0,ᚷᚩᚹᛚᚪᚾᛞᛋ,384
doughier,818,0,ᛞᚩᚢᚷᚻᛁᛖᚱ,248
arcanums,818,0,ᚪᚱᚳᚪᚾᚢᛗᛋ,374
smoggier,814,0,ᛋᛗᚩᚷᚷᛁᛖᚱ,274
noveldom,811,0,ᚾᚩᚢᛖᛚᛞᚩᛗ,346
calycled,809,0,ᚳᚪᛚᚣᚳᛚᛖᛞ,528
rivalize,807,0,ᚱᛁᚢᚪᛚᛁᛋᛖ,366
crankles,801,0,ᚳᚱᚪᚾᚳᛚᛖᛋ,356
cattaloes,792,0,ᚳᚪᛏᛏᚪᛚᛟᛋ,534
wantoner,791,0,ᚹᚪᚾᛏᚩᚾᛖᚱ,318
unrefusing,786,0,ᚢᚾᚱᛖᚠᚢᛋᛝ,247
fleecier,780,0,ᚠᛚᛖᛖᚳᛁᛖᚱ,331
peasecods,779,0,ᛈᛠᛋᛖᚳᚩᛞᛋ,434
shammies,777,0,ᛋᚻᚪᛗᛗᛁᛖᛋ,466
rhythmize,774,0,ᚱᚻᚣᚦᛗᛁᛋᛖ,364
opsonium,774,0,ᚩᛈᛋᚩᚾᛁᚢᛗ,244
jaundicing,774,0,ᛂᚪᚢᚾᛞᛁᚳᛝ,378
tiberivs,773,1,ᛏᛁᛒᛖᚱᛁᚢᛋ,316
midweeks,773,0,ᛗᛁᛞᚹᛖᛖᚳᛋ,410
omentums,761,0,ᚩᛗᛖᚾᛏᚢᛗᛋ,360
wartwort,758,0,ᚹᚪᚱᛏᚹᚩᚱᛏ,282
hawkbits,756,0,ᚻᚪᚹᚳᛒᛁᛏᛋ,356
limacine,754,0,ᛚᛁᛗᚪᚳᛁᚾᛖ,412
bumbaste,754,0,ᛒᚢᛗᛒᚪᛋᛏᛖ,472
bugbanes,752,0,ᛒᚢᚷᛒᚪᚾᛖᛋ,388
aphorize,746,0,ᚪᛈᚻᚩᚱᛁᛋᛖ,332
callower,744,0,ᚳᚪᛚᛚᚩᚹᛖᚱ,360
nidulant,741,0,ᚾᛁᛞᚢᛚᚪᚾᛏ,410
pachouli,737,0,ᛈᚪᚳᚻᚩᚢᛚᛁ,290
pyrectic,736,0,ᛈᚣᚱᛖᚳᛏᛁᚳ,340
moltenly,728,0,ᛗᚩᛚᛏᛖᚾᛚᚣ,482
abelmosk,728,0,ᚪᛒᛖᛚᛗᚩᛋᚳ,442
moorwort,726,0,ᛗᚩᚩᚱᚹᚩᚱᛏ,192
zooerastia,725,0,ᛋᚩᛟᚱᚪᛋᛏᛡ,470
overhale,725,0,ᚩᚢᛖᚱᚻᚪᛚᛖ,348
outboast,725,0,ᚩᚢᛏᛒᚩᚪᛋᛏ,346
barrater,724,0,ᛒᚪᚱᚱᚪᛏᛖᚱ,414
naperies,723,0,ᚾᚪᛈᛖᚱᛁᛖᛋ,398
chichipe,721,0,ᚳᚻᛁᚳᚻᛁᛈᛖ,244
apocopes,718,0,ᚪᛈᚩᚳᚩᛈᛖᛋ,330
bohireen,716,0,ᛒᚩᚻᛁᚱᛖᛖᚾ,296
bardulph,715,0,ᛒᚪᚱᛞᚢᛚᛈᚻ,400
ventiges,711,0,ᚢᛖᚾᛏᛁᚷᛖᛋ,326
diarchies,711,0,ᛞᛡᚱᚳᚻᛁᛖᛋ,394
thrillful,710,0,ᚦᚱᛁᛚᛚᚠᚢᛚ,271
nichered,706,0,ᚾᛁᚳᚻᛖᚱᛖᛞ,330
tadvance,705,0,ᛏᚪᛞᚢᚪᚾᚳᛖ,454
subpriors,705,0,ᛋᚢᛒᛈᚱᛡᚱᛋ,342
hiplines,703,0,ᚻᛁᛈᛚᛁᚾᛖᛋ,350
ferretings,702,0,ᚠᛖᚱᚱᛖᛏᛝᛋ,349
guerites,701,0,ᚷᚢᛖᚱᛁᛏᛖᛋ,308
hoodmold,698,0,ᚻᚩᚩᛞᛗᚩᛚᛞ,366
juncates,696,0,ᛂᚢᚾᚳᚪᛏᛖᛋ,358
permitss,695,0,ᛈᛖᚱᛗᛁᛏᛋᛋ,388
impairer,694,0,ᛁᛗᛈᚪᛁᚱᛖᚱ,362
dangerful,692,0,ᛞᚪᛝᛖᚱᚠᚢᛚ,421
archaise,691,0,ᚪᚱᚳᚻᚪᛁᛋᛖ,392
gainsome,687,0,ᚷᚪᛁᚾᛋᚩᛗᛖ,372
diereses,687,0,ᛞᛁᛖᚱᛖᛋᛖᛋ,438
agueweed,676,0,ᚪᚷᚢᛖᚹᛖᛖᛞ,426
heautarit,675,0,ᚻᛠᚢᛏᚪᚱᛁᛏ,392
babelike,675,0,ᛒᚪᛒᛖᛚᛁᚳᛖ,470
kunzites,674,0,ᚳᚢᚾᛋᛁᛏᛖᛋ,308
gorbelly,671,0,ᚷᚩᚱᛒᛖᛚᛚᚣ,412
abatises,670,0,ᚪᛒᚪᛏᛁᛋᛖᛋ,518
sullener,668,0,ᛋᚢᛚᛚᛖᚾᛖᚱ,376
unmental,665,0,ᚢᚾᛗᛖᚾᛏᚪᛚ,428
egrimony,664,0,ᛖᚷᚱᛁᛗᚩᚾᚣ,336
tippytoed,662,0,ᛏᛁᛈᛈᚣᛏᛟᛞ,510
pompless,661,0,ᛈᚩᛗᛈᛚᛖᛋᛋ,410
unrepose,660,0,ᚢᚾᚱᛖᛈᚩᛋᛖ,280
halfwise,656,0,ᚻᚪᛚᚠᚹᛁᛋᛖ,365
upperest,654,0,ᚢᛈᛈᛖᚱᛖᛋᛏ,346
bemauled,652,0,ᛒᛖᛗᚪᚢᛚᛖᛞ,528
rosebays,647,0,ᚱᚩᛋᛖᛒᚪᚣᛋ,452
epicarps,647,0,ᛖᛈᛁᚳᚪᚱᛈᛋ,358
talipots,646,0,ᛏᚪᛚᛁᛈᚩᛏᛋ,422
foredate,646,0,ᚠᚩᚱᛖᛞᚪᛏᛖ,399
reversos,643,0,ᚱᛖᚢᛖᚱᛋᚩᛋ,272
misopedia,641,0,ᛗᛁᛋᚩᛈᛖᛞᛡ,468
visnomie,640,0,ᚢᛁᛋᚾᚩᛗᛁᛖ,292
corsives,640,0,ᚳᚩᚱᛋᛁᚢᛖᛋ,238
enshadow,637,0,ᛖᚾᛋᚻᚪᛞᚩᚹ,384
uncouther,634,0,ᚢᚾᚳᚩᚢᚦᛖᚱ,138
costalgia,632,0,ᚳᚩᛋᛏᚪᛚᚷᛡ,426
bigaroon,632,0,ᛒᛁᚷᚪᚱᚩᚩᚾ,260
nippiest,631,0,ᚾᛁᛈᛈᛁᛖᛋᛏ,356
elytrons,629,0,ᛖᛚᚣᛏᚱᚩᚾᛋ,402
umbellar,624,0,ᚢᛗᛒᛖᛚᛚᚪᚱ,456
pineweed,624,0,ᛈᛁᚾᛖᚹᛖᛖᛞ,412
wartweed,621,0,ᚹᚪᚱᛏᚹᛖᛖᛞ,428
kirsches,620,0,ᚳᛁᚱᛋᚳᚻᛖᛋ,264
caponise,620,0,ᚳᚪᛈᚩᚾᛁᛋᛖ,340
undefiant,618,0,ᚢᚾᛞᛖᚠᛡᚾᛏ,385
poperies,613,0,ᛈᚩᛈᛖᚱᛁᛖᛋ,322
gaolbreak,612,0,ᚷᚪᚩᛚᛒᚱᛠᚳ,388
vamooses,610,0,ᚢᚪᛗᚩᚩᛋᛖᛋ,358
depilous,609,0,ᛞᛖᛈᛁᛚᚩᚢᛋ,366
malvasias,608,0,ᛗᚪᛚᚢᚪᛋᛡᛋ,554
prancingly,607,0,ᛈᚱᚪᚾᚳᛝᛚᚣ,448
cattalos,605,0,ᚳᚪᛏᛏᚪᛚᚩᛋ,458
upgathers,603,0,ᚢᛈᚷᚪᚦᛖᚱᛋ,296
avaunted,601,0,ᚪᚢᚪᚢᚾᛏᛖᛞ,444
pappuses,600,0,ᛈᚪᛈᛈᚢᛋᛖᛋ,402
unstrain,598,0,ᚢᚾᛋᛏᚱᚪᛁᚾ,312
autotypy,598,0,ᚪᚢᛏᚩᛏᚣᛈᚣ,474
crottles,597,0,ᚳᚱᚩᛏᛏᛚᛖᛋ,342
misdrawing,596,0,ᛗᛁᛋᛞᚱᚪᚹᛝ,450
unmanful,594,0,ᚢᚾᛗᚪᚾᚠᚢᛚ,307
desoeuvre,590,0,ᛞᛖᛋᛟᚢᚢᚱᛖ,376
leporide,587,0,ᛚᛖᛈᚩᚱᛁᛞᛖ,388
bibliotic,584,0,ᛒᛁᛒᛚᛡᛏᛁᚳ,436
jejunity,581,0,ᛂᛖᛂᚢᚾᛁᛏᚣ,366
fleecily,581,0,ᚠᛚᛖᛖᚳᛁᛚᚣ,429
pantable,576,0,ᛈᚪᚾᛏᚪᛒᛚᛖ,526
upfurled,575,0,ᚢᛈᚠᚢᚱᛚᛖᛞ,291
tabascos,575,0,ᛏᚪᛒᚪᛋᚳᚩᛋ,440
salmwood,575,0,ᛋᚪᛚᛗᚹᚩᚩᛞ,416
unfretting,574,0,ᚢᚾᚠᚱᛖᛏᛏᛝ,309
sklented,570,0,ᛋᚳᛚᛖᚾᛏᛖᛞ,450
dibranch,570,0,ᛞᛁᛒᚱᚪᚾᚳᚻ,354
kerygmas,566,0,ᚳᛖᚱᚣᚷᛗᚪᛋ,432
spiderly,562,0,ᛋᛈᛁᛞᛖᚱᛚᚣ,470
irrelate,562,0,ᛁᚱᚱᛖᛚᚪᛏᛖ,416
uncoifed,561,0,ᚢᚾᚳᚩᛁᚠᛖᛞ,241
squattle,561,0,ᛋᚳᚹᚪᛏᛏᛚᛖ,440
resalgar,560,0,ᚱᛖᛋᚪᛚᚷᚪᚱ,426
glaciates,554,0,ᚷᛚᚪᚳᛡᛏᛖᛋ,486
carracts,553,0,ᚳᚪᚱᚱᚪᚳᛏᛋ,354
pekingeses,552,0,ᛈᛖᚳᛝᛖᛋᛖᛋ,442
planetal,551,0,ᛈᛚᚪᚾᛖᛏᚪᛚ,538
calomels,549,0,ᚳᚪᛚᚩᛗᛖᛚᛋ,454
hogweeds,544,0,ᚻᚩᚷᚹᛖᛖᛞᛋ,342
abfarads,539,0,ᚪᛒᚠᚪᚱᚪᛞᛋ,507
hackneying,536,0,ᚻᚪᚳᚳᚾᛖᚣᛝ,424
mealberry,532,0,ᛗᛠᛚᛒᛖᚱᚱᚣ,506
squabbed,530,0,ᛋᚳᚹᚪᛒᛒᛖᛞ,460
briarroot,526,0,ᛒᚱᛡᚱᚱᚩᚩᛏ,274
arianists,526,0,ᚪᚱᛡᚾᛁᛋᛏᛋ,440
rhesuses,524,0,ᚱᚻᛖᛋᚢᛋᛖᛋ,330
chinanta,522,0,ᚳᚻᛁᚾᚪᚾᛏᚪ,378
zootoxin,521,0,ᛋᚩᚩᛏᚩᛉᛁᚾ,240
euthenist,521,0,ᛖᚢᚦᛖᚾᛁᛋᛏ,314
vaccinias,519,0,ᚢᚪᚳᚳᛁᚾᛡᛋ,346
frowzily,512,0,ᚠᚱᚩᚹᛋᛁᛚᚣ,299
rictuses,510,0,ᚱᛁᚳᛏᚢᛋᛖᛋ,290
redroots,509,0,ᚱᛖᛞᚱᚩᚩᛏᛋ,304
unrealise,507,0,ᚢᚾᚱᛠᛚᛁᛋᛖ,376
leadworts,499,0,ᛚᛠᛞᚹᚩᚱᛏᛋ,420
penoncel,498,0,ᛈᛖᚾᚩᚾᚳᛖᛚ,328
serafins,495,0,ᛋᛖᚱᚪᚠᛁᚾᛋ,343
misliken,495,0,ᛗᛁᛋᛚᛁᚳᛖᚾ,368
venantes,492,0,ᚢᛖᚾᚪᚾᛏᛖᛋ,404
poetresse,492,0,ᛈᛟᛏᚱᛖᛋᛋᛖ,436
gillyvor,491,0,ᚷᛁᛚᛚᚣᚢᚩᚱ,318
muddlingly,490,0,ᛗᚢᛞᛞᛚᛝᛚᚣ,580
drightin,490,0,ᛞᚱᛁᚷᚻᛏᛁᚾ,290
displume,490,0,ᛞᛁᛋᛈᛚᚢᛗᛖ,430
outswims,489,0,ᚩᚢᛏᛋᚹᛁᛗᛋ,296
noursled,489,0,ᚾᚩᚢᚱᛋᛚᛖᛞ,332
metralgia,489,0,ᛗᛖᛏᚱᚪᛚᚷᛡ,502
inwreathes,489,0,ᛁᚾᚹᚱᛠᚦᛖᛋ,324
honeyful,489,0,ᚻᚩᚾᛖᚣᚠᚢᛚ,307
aguishly,489,0,ᚪᚷᚢᛁᛋᚻᛚᚣ,400
verbiages,486,0,ᚢᛖᚱᛒᛡᚷᛖᛋ,386
girasols,486,0,ᚷᛁᚱᚪᛋᚩᛚᛋ,342
ventails,481,0,ᚢᛖᚾᛏᚪᛁᛚᛋ,412
junketer,480,0,ᛂᚢᚾᚳᛖᛏᛖᚱ,286
clotburs,478,0,ᚳᛚᚩᛏᛒᚢᚱᛋ,280
whirries,474,0,ᚹᚻᛁᚱᚱᛁᛖᛋ,246
aerophyte,472,0,ᚫᚱᚩᛈᚻᚣᛏᛖ,414
tweedier,467,0,ᛏᚹᛖᛖᛞᛁᛖᚱ,410
fingerroot,466,0,ᚠᛝᛖᚱᚱᚩᚩᛏ,243
misdight,465,0,ᛗᛁᛋᛞᛁᚷᚻᛏ,374
spreadhead,462,0,ᛋᛈᚱᛠᛞᚻᛠᛞ,526
warragal,461,0,ᚹᚪᚱᚱᚪᚷᚪᛚ,422
shikarring,460,0,ᛋᚻᛁᚳᚪᚱᚱᛝ,318
anuretic,455,0,ᚪᚾᚢᚱᛖᛏᛁᚳ,310
oxtongues,453,0,ᚩᛉᛏᚩᛝᚢᛖᛋ,322
hetterly,452,0,ᚻᛖᛏᛏᛖᚱᛚᚣ,462
bawneens,452,0,ᛒᚪᚹᚾᛖᛖᚾᛋ,422
widowman,449,0,ᚹᛁᛞᚩᚹᛗᚪᚾ,362
galingales,443,0,ᚷᚪᛚᛝᚪᛚᛖᛋ,556
trepidly,440,0,ᛏᚱᛖᛈᛁᛞᛚᚣ,476
iodoforms,440,0,ᛡᛞᚩᚠᚩᚱᛗᛋ,347
calvarias,437,0,ᚳᚪᛚᚢᚪᚱᛡᛋ,454
graylags,436,0,ᚷᚱᚪᚣᛚᚪᚷᛋ,468
lustique,435,0,ᛚᚢᛋᛏᛁᚳᚹᛖ,318
titterer,433,0,ᛏᛁᛏᛏᛖᚱᛖᚱ,364
parazoan,433,0,ᛈᚪᚱᚪᛋᚩᚪᚾ,434
tamaraos,432,0,ᛏᚪᛗᚪᚱᚪᚩᛋ,492
neshness,432,0,ᚾᛖᛋᚻᚾᛖᛋᛋ,374
tetotums,431,0,ᛏᛖᛏᚩᛏᚢᛗᛋ,378
grabbier,430,0,ᚷᚱᚪᛒᛒᛁᛖᚱ,356
photalgia,428,0,ᛈᚻᚩᛏᚪᛚᚷᛡ,426
brewages,426,0,ᛒᚱᛖᚹᚪᚷᛖᛋ,392
tortonis,425,0,ᛏᚩᚱᛏᚩᚾᛁᛋ,256
badgerer,424,0,ᛒᚪᛞᚷᛖᚱᛖᚱ,420
tabrizes,422,0,ᛏᚪᛒᚱᛁᛋᛖᛋ,432
kainites,421,0,ᚳᚪᛁᚾᛁᛏᛖᛋ,380
alkanets,421,0,ᚪᛚᚳᚪᚾᛖᛏᛋ,488
remotions,420,0,ᚱᛖᛗᚩᛏᛡᚾᛋ,404
valvelet,419,0,ᚢᚪᛚᚢᛖᛚᛖᛏ,442
outbulks,419,0,ᚩᚢᛏᛒᚢᛚᚳᛋ,272
mawmetry,418,0,ᛗᚪᚹᛗᛖᛏᚱᚣ,498
anergies,418,0,ᚪᚾᛖᚱᚷᛁᛖᛋ,372
unfleshy,415,0,ᚢᚾᚠᛚᛖᛋᚻᚣ,353
juiceful,415,0,ᛂᚢᛁᚳᛖᚠᚢᛚ,229
youwards,413,0,ᚣᚩᚢᚹᚪᚱᛞᛋ,382
strinkle,413,0,ᛋᛏᚱᛁᚾᚳᛚᛖ,336
overkest,410,0,ᚩᚢᛖᚱᚳᛖᛋᛏ,280
recoured,409,0,ᚱᛖᚳᚩᚢᚱᛖᛞ,268
enterons,409,0,ᛖᚾᛏᛖᚱᚩᚾᛋ,322
brokages,404,0,ᛒᚱᚩᚳᚪᚷᛖᛋ,326
swotters,403,0,ᛋᚹᚩᛏᛏᛖᚱᛋ,328
paltrily,403,0,ᛈᚪᛚᛏᚱᛁᛚᚣ,490
skidpans,400,0,ᛋᚳᛁᛞᛈᚪᚾᛋ,408
windages,398,0,ᚹᛁᚾᛞᚪᚷᛖᛋ,402
eyeshots,396,0,ᛖᚣᛖᛋᚻᚩᛏᛋ,432
spurrers,387,0,ᛋᛈᚢᚱᚱᛖᚱᛋ,252
idoliser,387,0,ᛁᛞᚩᛚᛁᛋᛖᚱ,362
bistered,387,0,ᛒᛁᛋᛏᛖᚱᛖᛞ,438
alkalify,387,0,ᚪᛚᚳᚪᛚᛁᚠᚣ,489
stammels,383,0,ᛋᛏᚪᛗᛗᛖᛚᛋ,544
galipots,383,0,ᚷᚪᛚᛁᛈᚩᛏᛋ,380
bickerer,383,0,ᛒᛁᚳᚳᛖᚱᛖᚱ,274
vainesse,380,0,ᚢᚪᛁᚾᛖᛋᛋᛖ,400
agenesias,377,0,ᚪᚷᛖᚾᛖᛋᛡᛋ,490
ravenish,373,0,ᚱᚪᚢᛖᚾᛁᛋᚻ,314
nylghaus,373,0,ᚾᚣᛚᚷᚻᚪᚢᛋ,398
midirons,371,0,ᛗᛁᛞᛁᚱᚩᚾᛋ,322
ammoniacs,371,0,ᚪᛗᛗᚩᚾᛡᚳᛋ,448
agnations,371,0,ᚪᚷᚾᚪᛏᛡᚾᛋ,488
unstarch,370,0,ᚢᚾᛋᛏᚪᚱᚳᚻ,288
ptyalize,370,0,ᛈᛏᚣᚪᛚᛁᛋᛖ,526
nitchies,365,0,ᚾᛁᛏᚳᚻᛁᛖᛋ,306
entwists,365,0,ᛖᚾᛏᚹᛁᛋᛏᛋ,370
couvades,365,0,ᚳᚩᚢᚢᚪᛞᛖᛋ,332
subverst,364,0,ᛋᚢᛒᚢᛖᚱᛋᛏ,310
ossetish,363,0,ᚩᛋᛋᛖᛏᛁᛋᚻ,346
revolant,361,0,ᚱᛖᚢᚩᛚᚪᚾᛏ,346
mediacies,360,0,ᛗᛖᛞᛡᚳᛁᛖᛋ,498
agendums,360,0,ᚪᚷᛖᚾᛞᚢᛗᛋ,426
southeasts,356,0,ᛋᚩᚢᚦᛠᛋᛏᛋ,342
corsaint,356,0,ᚳᚩᚱᛋᚪᛁᚾᛏ,300
infoliate,352,0,ᛁᚾᚠᚩᛚᛡᛏᛖ,375
aethereally,351,0,ᚫᚦᛖᚱᛠᛚᛚᚣ,542
furculas,349,0,ᚠᚢᚱᚳᚢᛚᚪᛋ,255
cervisial,348,0,ᚳᛖᚱᚢᛁᛋᛡᛚ,358
shottles,346,0,ᛋᚻᚩᛏᛏᛚᛖᛋ,394
lapidify,345,0,ᛚᚪᛈᛁᛞᛁᚠᚣ,469
amoebiases,344,0,ᚪᛗᛟᛒᛡᛋᛖᛋ,592
frowzier,341,0,ᚠᚱᚩᚹᛋᛁᛖᚱ,201
vowelize,335,0,ᚢᚩᚹᛖᛚᛁᛋᛖ,320
undigged,335,0,ᚢᚾᛞᛁᚷᚷᛖᛞ,342
cohoshes,335,0,ᚳᚩᚻᚩᛋᚻᛖᛋ,246
coeducate,335,0,ᚳᛟᛞᚢᚳᚪᛏᛖ,424
earthtongue,334,0,ᛠᚱᚦᛏᚩᛝᚢᛖ,340
draftily,334,0,ᛞᚱᚪᚠᛏᛁᛚᚣ,465
resaluting,333,0,ᚱᛖᛋᚪᛚᚢᛏᛝ,442
dishabit,333,0,ᛞᛁᛋᚻᚪᛒᛁᛏ,444
gumweeds,332,0,ᚷᚢᛗᚹᛖᛖᛞᛋ,386
unthronged,330,0,ᚢᚾᚦᚱᚩᛝᛖᛞ,290
labialise,328,0,ᛚᚪᛒᛡᛚᛁᛋᛖ,562
fermerer,325,0,ᚠᛖᚱᛗᛖᚱᛖᚱ,307
fornixes,323,0,ᚠᚩᚱᚾᛁᛉᛖᛋ,247
byssuses,322,0,ᛒᚣᛋᛋᚢᛋᛖᛋ,446
diabolise,321,0,ᛞᛡᛒᚩᛚᛁᛋᛖ,488
purtraid,313,0,ᛈᚢᚱᛏᚱᚪᛁᛞ,344
soilures,312,0,ᛋᚩᛁᛚᚢᚱᛖᛋ,298
overtread,312,0,ᚩᚢᛖᚱᛏᚱᛠᛞ,356
wreakless,309,0,ᚹᚱᛠᚳᛚᛖᛋᛋ,398
ectozoon,309,0,ᛖᚳᛏᚩᛋᚩᚩᚾ,242
devilize,309,0,ᛞᛖᚢᛁᛚᛁᛋᛖ,414
tapirine,308,0,ᛏᚪᛈᛁᚱᛁᚾᛖ,368
shallons,308,0,ᛋᚻᚪᛚᛚᚩᚾᛋ,408
shiftful,307,0,ᛋᚻᛁᚠᛏᚠᚢᛚ,246
saintlings,307,0,ᛋᚪᛁᚾᛏᛚᛝᛋ,474
indrises,307,0,ᛁᚾᛞᚱᛁᛋᛖᛋ,364
gummites,305,0,ᚷᚢᛗᛗᛁᛏᛖᛋ,372
raggiest,303,0,ᚱᚪᚷᚷᛁᛖᛋᛏ,352
drippier,302,0,ᛞᚱᛁᛈᛈᛁᛖᚱ,326
volitate,301,0,ᚢᚩᛚᛁᛏᚪᛏᛖ,396
nemorous,300,0,ᚾᛖᛗᚩᚱᚩᚢᛋ,248
ribworts,299,0,ᚱᛁᛒᚹᚩᚱᛏᛋ,252
carancha,294,0,ᚳᚪᚱᚪᚾᚳᚻᚪ,380
eudaemons,293,0,ᛖᚢᛞᚫᛗᚩᚾᛋ,420
bismuthal,293,0,ᛒᛁᛋᛗᚢᚦᚪᛚ,394
biliaries,288,0,ᛒᛁᛚᛡᚱᛁᛖᛋ,434
moorbird,286,0,ᛗᚩᚩᚱᛒᛁᚱᛞ,288
markweed,286,0,ᛗᚪᚱᚳᚹᛖᛖᛞ,434
bawdries,286,0,ᛒᚪᚹᛞᚱᛁᛖᛋ,428
spoonily,285,0,ᛋᛈᚩᚩᚾᛁᛚᚣ,346
clonuses,285,0,ᚳᛚᚩᚾᚢᛋᛖᛋ,298
frogbits,283,0,ᚠᚱᚩᚷᛒᛁᛏᛋ,241
anorthopia,282,0,ᚪᚾᚩᚱᚦᚩᛈᛡ,306
boxthorns,281,0,ᛒᚩᛉᚦᚩᚱᚾᛋ,220
outskill,278,0,ᚩᚢᛏᛋᚳᛁᛚᛚ,312
tasswage,276,0,ᛏᚪᛋᛋᚹᚪᚷᛖ,462
lothefull,275,0,ᛚᚩᚦᛖᚠᚢᛚᛚ,303
beziques,275,0,ᛒᛖᛋᛁᚳᚹᛖᛋ,364
storaxes,274,0,ᛋᛏᚩᚱᚪᛉᛖᛋ,394
ubieties,273,0,ᚢᛒᛁᛖᛏᛁᛖᛋ,372
siwashed,272,0,ᛋᛁᚹᚪᛋᚻᛖᛞ,432
unrumple,271,0,ᚢᚾᚱᚢᛗᛈᛚᛖ,300
butyrins,271,0,ᛒᚢᛏᚣᚱᛁᚾᛋ,350
flindosa,266,0,ᚠᛚᛁᚾᛞᚩᛋᚪ,381
sanicles,264,0,ᛋᚪᚾᛁᚳᛚᛖᛋ,416
idiolatry,264,0,ᛁᛞᛡᛚᚪᛏᚱᚣ,570
teakwoods,263,0,ᛏᛠᚳᚹᚩᚩᛞᛋ,356
shouldnt,261,0,ᛋᚻᚩᚢᛚᛞᚾᛏ,336
amazeful,260,0,ᚪᛗᚪᛋᛖᚠᚢᛚ,463
boatward,257,0,ᛒᚩᚪᛏᚹᚪᚱᛞ,440
angeluses,256,0,ᚪᛝᛖᛚᚢᛋᛖᛋ,492
madworts,254,0,ᛗᚪᛞᚹᚩᚱᛏᛋ,406
camasses,254,0,ᚳᚪᛗᚪᛋᛋᛖᛋ,504
endossed,252,0,ᛖᚾᛞᚩᛋᛋᛖᛞ,454
arborary,252,0,ᚪᚱᛒᚩᚱᚪᚱᚣ,398
chortler,250,0,ᚳᚻᚩᚱᛏᛚᛖᚱ,264
postilling,248,0,ᛈᚩᛋᛏᛁᛚᛚᛝ,418
unknowings,245,0,ᚢᚾᚳᚾᚩᚹᛝᛋ,232
guaiacums,243,0,ᚷᚢᚪᛡᚳᚢᛗᛋ,364
emmarble,242,0,ᛖᛗᛗᚪᚱᛒᛚᛖ,518
buxomest,242,0,ᛒᚢᛉᚩᛗᛖᛋᛏ,368
puggries,241,0,ᛈᚢᚷᚷᚱᛁᛖᛋ,242
gritrock,240,0,ᚷᚱᛁᛏᚱᚩᚳᚳ,162
shophars,239,0,ᛋᚻᚩᛈᚻᚪᚱᛋ,310
limacoid,236,0,ᛚᛁᛗᚪᚳᚩᛁᛞ,412
fishgigs,232,0,ᚠᛁᛋᚻᚷᛁᚷᛋ,227
cacodyls,228,0,ᚳᚪᚳᚩᛞᚣᛚᛋ,448
acanthous,226,0,ᚪᚳᚪᚾᚦᚩᚢᛋ,304
flankard,222,0,ᚠᛚᚪᚾᚳᚪᚱᛞ,411
bregmata,218,0,ᛒᚱᛖᚷᛗᚪᛏᚪ,480
peplosed,214,0,ᛈᛖᛈᛚᚩᛋᛖᛞ,442
euphuize,210,0,ᛖᚢᛈᚻᚢᛁᛋᛖ,290
anagoges,209,0,ᚪᚾᚪᚷᚩᚷᛖᛋ,384
annueler,208,0,ᚪᚾᚾᚢᛖᛚᛖᚱ,376
oligurias,207,0,ᚩᛚᛁᚷᚢᚱᛡᛋ,302
faintful,206,0,ᚠᚪᛁᚾᛏᚠᚢᛚ,296
inseemed,205,0,ᛁᚾᛋᛖᛖᛗᛖᛞ,474
bestrows,205,0,ᛒᛖᛋᛏᚱᚩᚹᛋ,330
mistrist,204,0,ᛗᛁᛋᛏᚱᛁᛋᛏ,368
spirulas,202,0,ᛋᛈᛁᚱᚢᛚᚪᛋ,364
coosined,201,0,ᚳᚩᚩᛋᛁᚾᛖᛞ,296
abrocome,197,0,ᚪᛒᚱᚩᚳᚩᛗᛖ,334
whitecup,196,0,ᚹᚻᛁᛏᛖᚳᚢᛈ,258
bassness,194,0,ᛒᚪᛋᛋᚾᛖᛋᛋ,466
gauffers,193,0,ᚷᚪᚢᚠᚠᛖᚱᛋ,252
sashimis,187,0,ᛋᚪᛋᚻᛁᛗᛁᛋ,412
reilluming,186,0,ᚱᛖᛁᛚᛚᚢᛗᛝ,408
boonless,186,0,ᛒᚩᚩᚾᛚᛖᛋᛋ,350
anoxemias,186,0,ᚪᚾᚩᛉᛖᛗᛡᛋ,478
azotemias,185,0,ᚪᛋᚩᛏᛖᛗᛡᛋ,514
cecities,183,0,ᚳᛖᚳᛁᛏᛁᛖᛋ,334
enfrosen,182,0,ᛖᚾᚠᚱᚩᛋᛖᚾ,265
unroosting,179,0,ᚢᚾᚱᚩᚩᛋᛏᛝ,248
unlassoed,179,0,ᚢᚾᛚᚪᛋᛋᛟᛞ,480
bignoniad,179,0,ᛒᛁᚷᚾᚩᚾᛡᛞ,370
gunplays,176,0,ᚷᚢᚾᛈᛚᚪᚣᛋ,418
tokenish,172,0,ᛏᚩᚳᛖᚾᛁᛋᚻ,282
hollidam,171,0,ᚻᚩᛚᛚᛁᛞᚪᛗ,464
fernless,170,0,ᚠᛖᚱᚾᛚᛖᛋᛋ,355
footgears,166,0,ᚠᚩᚩᛏᚷᛠᚱᛋ,265
styraxes,165,0,ᛋᛏᚣᚱᚪᛉᛖᛋ,490
limewort,165,0,ᛚᛁᛗᛖᚹᚩᚱᛏ,338
succubas,162,0,ᛋᚢᚳᚳᚢᛒᚪᛋ,296
blasties,157,0,ᛒᛚᚪᛋᛏᛁᛖᛋ,494
chiralgia,154,0,ᚳᚻᛁᚱᚪᛚᚷᛡ,372
astunned,153,0,ᚪᛋᛏᚢᚾᚾᛖᛞ,426
nombrils,152,0,ᚾᚩᛗᛒᚱᛁᛚᛋ,336
hangbirds,150,0,ᚻᚪᛝᛒᛁᚱᛞᛋ,444
pinesaps,147,0,ᛈᛁᚾᛖᛋᚪᛈᛋ,416
exotisms,147,0,ᛖᛉᚩᛏᛁᛋᛗᛋ,388
derrises,146,0,ᛞᛖᚱᚱᛁᛋᛖᛋ,382
bilimbis,146,0,ᛒᛁᛚᛁᛗᛒᛁᛋ,412
aciculas,146,0,ᚪᚳᛁᚳᚢᛚᚪᛋ,380
stertors,144,0,ᛋᛏᛖᚱᛏᚩᚱᛋ,320
ropebark,144,0,ᚱᚩᛈᛖᛒᚪᚱᚳ,310
fanworts,144,0,ᚠᚪᚾᚹᚩᚱᛏᛋ,277
unspending,143,0,ᚢᚾᛋᛈᛖᚾᛞᛝ,392
purtrayd,142,0,ᛈᚢᚱᛏᚱᚪᚣᛞ,416
fumeroot,142,0,ᚠᚢᛗᛖᚱᚩᚩᛏ,227
squeamous,136,0,ᛋᚳᚹᛠᛗᚩᚢᛋ,328
botulins,134,0,ᛒᚩᛏᚢᛚᛁᚾᛋ,316
logomach,133,0,ᛚᚩᚷᚩᛗᚪᚳᚻ,308
aphorise,129,0,ᚪᛈᚻᚩᚱᛁᛋᛖ,332
steddied,126,0,ᛋᛏᛖᛞᛞᛁᛖᛞ,544
devisals,126,0,ᛞᛖᚢᛁᛋᚪᛚᛋ,466
beggable,125,0,ᛒᛖᚷᚷᚪᛒᛚᛖ,460
narcists,123,0,ᚾᚪᚱᚳᛁᛋᛏᛋ,346
aneurins,121,0,ᚪᚾᛖᚢᚱᛁᚾᛋ,320
helleris,120,0,ᚻᛖᛚᛚᛖᚱᛁᛋ,398
avoutrer,120,0,ᚪᚢᚩᚢᛏᚱᛖᚱ,258
brentest,119,0,ᛒᚱᛖᚾᛏᛖᛋᛏ,406
satinpod,116,0,ᛋᚪᛏᛁᚾᛈᚩᛞ,408
figeaters,116,0,ᚠᛁᚷᛠᛏᛖᚱᛋ,349
asthenies,116,0,ᚪᛋᚦᛖᚾᛁᛖᛋ,402
sowbreads,115,0,ᛋᚩᚹᛒᚱᛠᛞᛋ,402
whatsoeer,113,0,ᚹᚻᚪᛏᛋᛟᛖᚱ,412
homoecious,111,0,ᚻᚩᛗᛟᚳᛡᚢᛋ,360
guayules,111,0,ᚷᚢᚪᚣᚢᛚᛖᛋ,416
camwoods,110,0,ᚳᚪᛗᚹᚩᚩᛞᛋ,356
astigmias,110,0,ᚪᛋᛏᛁᚷᛗᛡᛋ,488
leaperous,109,0,ᛚᛠᛈᛖᚱᚩᚢᛋ,366
brantles,109,0,ᛒᚱᚪᚾᛏᛚᛖᛋ,450
margosas,108,0,ᛗᚪᚱᚷᚩᛋᚪᛋ,406
kelpwort,108,0,ᚳᛖᛚᛈᚹᚩᚱᛏ,292
viperess,107,0,ᚢᛁᛈᛖᚱᛖᛋᛋ,328
patinize,107,0,ᛈᚪᛏᛁᚾᛁᛋᛖ,410
wheatworm,104,0,ᚹᚻᛠᛏᚹᚩᚱᛗ,318
imagisms,102,0,ᛁᛗᚪᚷᛁᛋᛗᛋ,424
kwanzaas,101,0,ᚳᚹᚪᚾᛋᚪᚪᛋ,458
adynamias,100,0,ᚪᛞᚣᚾᚪᛗᛡᛋ,646
teargases,97,0,ᛏᛠᚱᚷᚪᛋᛖᛋ,466
diaglyphs,96,0,ᛞᛡᚷᛚᚣᛈᚻᛋ,508
giantisms,87,0,ᚷᛡᚾᛏᛁᛋᛗᛋ,420
rehallow,86,0,ᚱᛖᚻᚪᛚᛚᚩᚹ,370
soleuses,83,0,ᛋᚩᛚᛖᚢᛋᛖᛋ,376
cutinize,82,0,ᚳᚢᛏᛁᚾᛁᛋᛖ,286
outswears,80,0,ᚩᚢᛏᛋᚹᛠᚱᛋ,314
fleaworts,79,0,ᚠᛚᛠᚹᚩᚱᛏᛋ,333
twirlingly,77,0,ᛏᚹᛁᚱᛚᛝᛚᚣ,448
ardrighs,77,0,ᚪᚱᛞᚱᛁᚷᚻᛋ,332
splitsaw,76,0,ᛋᛈᛚᛁᛏᛋᚪᚹ,428
sikhisms,76,0,ᛋᛁᚳᚻᛁᛋᛗᛋ,328
rideress,76,0,ᚱᛁᛞᛖᚱᛖᛋᛋ,382
limbuses,75,0,ᛚᛁᛗᛒᚢᛋᛖᛋ,412
cerumens,75,0,ᚳᛖᚱᚢᛗᛖᚾᛋ,314
pointrel,73,0,ᛈᚩᛁᚾᛏᚱᛖᛚ,320
nicetish,72,0,ᚾᛁᚳᛖᛏᛁᛋᚻ,306
sapremias,71,0,ᛋᚪᛈᚱᛖᛗᛡᛋ,502
genipaps,71,0,ᚷᛖᚾᛁᛈᚪᛈᛋ,380
mismarry,69,0,ᛗᛁᛋᛗᚪᚱᚱᚣ,448
skepfuls,67,0,ᛋᚳᛖᛈᚠᚢᛚᛋ,307
ananases,67,0,ᚪᚾᚪᚾᚪᛋᛖᛋ,522
phellems,66,0,ᛈᚻᛖᛚᛚᛖᛗᛋ,470
marascas,64,0,ᛗᚪᚱᚪᛋᚳᚪᛋ,492
schnozes,63,0,ᛋᚳᚻᚾᚩᛋᛖᛋ,298
pearlweed,59,0,ᛈᛠᚱᛚᚹᛖᛖᛞ,478
unparfit,58,0,ᚢᚾᛈᚪᚱᚠᛁᛏ,275
ratafees,55,0,ᚱᚪᛏᚪᚠᛖᛖᛋ,453
abaissed,54,0,ᚪᛒᚪᛁᛋᛋᛖᛞ,548
monerons,52,0,ᛗᚩᚾᛖᚱᚩᚾᛋ,274
dutchsss,52,0,ᛞᚢᛏᚳᚻᛋᛋᛋ,346
livelongs,47,0,ᛚᛁᚢᛖᛚᚩᛝᛋ,386
narcisms,45,0,ᚾᚪᚱᚳᛁᛋᛗᛋ,358
outbelch,43,0,ᚩᚢᛏᛒᛖᛚᚳᚻ,306
rerefief,42,0,ᚱᛖᚱᛖᚠᛁᛖᚠ,258
aquilege,41,0,ᚪᚳᚹᛁᛚᛖᚷᛖ,384
