government,915875664,1,ᚷᚩᚢᛖᚱᚾᛗᛖᚾᛏ,360
information,750552135,1,ᛁᚾᚠᚩᚱᛗᚪᛏᛡᚾ,443
university,672958930,1,ᚢᚾᛁᚢᛖᚱᛋᛁᛏᚣ,390
department,584007945,1,ᛞᛖᛈᚪᚱᛏᛗᛖᚾᛏ,592
management,384242032,1,ᛗᚪᚾᚪᚷᛖᛗᛖᚾᛏ,604
individual,376941360,1,ᛁᚾᛞᛁᚢᛁᛞᚢᚪᛚ,476
particular,359783710,1,ᛈᚪᚱᛏᛁᚳᚢᛚᚪᚱ,438
application,349984466,1,ᚪᛈᛈᛚᛁᚳᚪᛏᛡᚾ,592
considered,345198166,1,ᚳᚩᚾᛋᛁᛞᛖᚱᛖᛞ,456
experience,334734150,1,ᛖᛉᛈᛖᚱᛁᛖᚾᚳᛖ,442
activities,271388170,1,ᚪᚳᛏᛁᚢᛁᛏᛁᛖᛋ,444
corporation,265215551,1,ᚳᚩᚱᛈᚩᚱᚪᛏᛡᚾ,384
employment,230917064,1,ᛖᛗᛈᛚᚩᚣᛗᛖᚾᛏ,590
determined,226194555,1,ᛞᛖᛏᛖᚱᛗᛁᚾᛖᛞ,580
difference,208312742,1,ᛞᛁᚠᚠᛖᚱᛖᚾᚳᛖ,378
understand,202815309,1,ᚢᚾᛞᛖᚱᛋᛏᚪᚾᛞ,526
technology,202084818,1,ᛏᛖᚳᚻᚾᚩᛚᚩᚷᚣ,398
importance,199707254,1,ᛁᛗᛈᚩᚱᛏᚪᚾᚳᛖ,428
conference,197252825,1,ᚳᚩᚾᚠᛖᚱᛖᚾᚳᛖ,305
appropriate,193238008,1,ᚪᛈᛈᚱᚩᛈᚱᛡᛏᛖ,488
sufficient,191713914,1,ᛋᚢᚠᚠᛁᚳᛁᛖᚾᛏ,290
immediately,182546212,1,ᛁᛗᛗᛖᛞᛡᛏᛖᛚᚣ,738
assistance,174682856,1,ᚪᛋᛋᛁᛋᛏᚪᚾᚳᛖ,552
regulations,171470232,1,ᚱᛖᚷᚢᛚᚪᛏᛡᚾᛋ,516
literature,170884763,1,ᛚᛁᛏᛖᚱᚪᛏᚢᚱᛖ,478
investment,170314196,1,ᛁᚾᚢᛖᛋᛏᛗᛖᚾᛏ,468
facilities,170099383,1,ᚠᚪᚳᛁᛚᛁᛏᛁᛖᛋ,457
examination,164913197,1,ᛖᛉᚪᛗᛁᚾᚪᛏᛡᚾ,634
description,164673324,1,ᛞᛖᛋᚳᚱᛁᛈᛏᛡᚾ,502
properties,161767962,1,ᛈᚱᚩᛈᛖᚱᛏᛁᛖᛋ,392
principles,161092294,1,ᛈᚱᛁᚾᚳᛁᛈᛚᛖᛋ,394
educational,153634184,1,ᛖᛞᚢᚳᚪᛏᛡᚾᚪᛚ,634
historical,153381466,1,ᚻᛁᛋᛏᚩᚱᛁᚳᚪᛚ,398
scientific,152623776,1,ᛋᚳᛁᛖᚾᛏᛁᚠᛁᚳ,329
introduced,142375554,1,ᛁᚾᛏᚱᚩᛞᚢᚳᛖᛞ,398
successful,136663930,1,ᛋᚢᚳᚳᛖᛋᛋᚠᚢᛚ,333
frequently,135257998,1,ᚠᚱᛖᚳᚹᛖᚾᛏᛚᚣ,443
legislation,133101335,1,ᛚᛖᚷᛁᛋᛚᚪᛏᛡᚾ,606
assessment,128894406,1,ᚪᛋᛋᛖᛋᛋᛗᛖᚾᛏ,602
relatively,127716275,1,ᚱᛖᛚᚪᛏᛁᚢᛖᛚᚣ,584
publication,127000868,1,ᛈᚢᛒᛚᛁᚳᚪᛏᛡᚾ,516
completely,126925028,1,ᚳᚩᛗᛈᛚᛖᛏᛖᛚᚣ,576
procedures,125151956,1,ᛈᚱᚩᚳᛖᛞᚢᚱᛖᛋ,364
industries,122410184,1,ᛁᚾᛞᚢᛋᛏᚱᛁᛖᛋ,426
interested,121122625,1,ᛁᚾᛏᛖᚱᛖᛋᛏᛖᛞ,532
authorities,120303509,1,ᚪᚢᚦᚩᚱᛁᛏᛁᛖᛋ,364
laboratory,120069107,1,ᛚᚪᛒᚩᚱᚪᛏᚩᚱᚣ,526
comparison,119917485,1,ᚳᚩᛗᛈᚪᚱᛁᛋᚩᚾ,362
impossible,119707120,1,ᛁᛗᛈᚩᛋᛋᛁᛒᛚᛖ,490
resistance,118970710,1,ᚱᛖᛋᛁᛋᛏᚪᚾᚳᛖ,480
statistics,118111152,1,ᛋᛏᚪᛏᛁᛋᛏᛁᚳᛋ,508
institution,113996966,1,ᛁᚾᛋᛏᛁᛏᚢᛏᛡᚾ,460
techniques,112581599,1,ᛏᛖᚳᚻᚾᛁᚳᚹᛖᛋ,374
structures,112012564,1,ᛋᛏᚱᚢᚳᛏᚢᚱᛖᛋ,332
combination,111685357,1,ᚳᚩᛗᛒᛁᚾᚪᛏᛡᚾ,504
percentage,111140659,1,ᛈᛖᚱᚳᛖᚾᛏᚪᚷᛖ,470
subsequent,110310614,1,ᛋᚢᛒᛋᛖᚳᚹᛖᚾᛏ,424
accordance,109571653,1,ᚪᚳᚳᚩᚱᛞᚪᚾᚳᛖ,436
traditional,107193663,1,ᛏᚱᚪᛞᛁᛏᛡᚾᚪᛚ,652
recognized,105459250,1,ᚱᛖᚳᚩᚷᚾᛁᛋᛖᛞ,384
understood,105026309,1,ᚢᚾᛞᛖᚱᛋᛏᚩᚩᛞ,414
composition,104372133,1,ᚳᚩᛗᛈᚩᛋᛁᛏᛡᚾ,420
apparently,104353692,1,ᚪᛈᛈᚪᚱᛖᚾᛏᛚᚣ,622
instruction,104311509,1,ᛁᚾᛋᛏᚱᚢᚳᛏᛡᚾ,394
statements,103523918,1,ᛋᛏᚪᛏᛖᛗᛖᚾᛏᛋ,614
components,103381192,1,ᚳᚩᛗᛈᚩᚾᛖᚾᛏᛋ,378
preparation,103307459,1,ᛈᚱᛖᛈᚪᚱᚪᛏᛡᚾ,564
difficulty,102925807,1,ᛞᛁᚠᚠᛁᚳᚢᛚᛏᚣ,406
references,102630987,1,ᚱᛖᚠᛖᚱᛖᚾᚳᛖᛋ,387
experiment,101787141,1,ᛖᛉᛈᛖᚱᛁᛗᛖᚾᛏ,492
competition,101537728,1,ᚳᚩᛗᛈᛖᛏᛁᛏᛡᚾ,486
identified,100816128,1,ᛁᛞᛖᚾᛏᛁᚠᛁᛖᛞ,495
settlement,99404500,1,ᛋᛖᛏᛏᛚᛖᛗᛖᚾᛏ,604
substantial,99205023,1,ᛋᚢᛒᛋᛏᚪᚾᛏᛡᛚ,594
philosophy,97741165,1,ᛈᚻᛁᛚᚩᛋᚩᛈᚻᚣ,406
consumption,97329869,1,ᚳᚩᚾᛋᚢᛗᛈᛏᛡᚾ,414
applicable,97206756,1,ᚪᛈᛈᛚᛁᚳᚪᛒᛚᛖ,598
efficiency,97180793,1,ᛖᚠᚠᛁᚳᛁᛖᚾᚳᚣ,358
controlled,97096354,1,ᚳᚩᚾᛏᚱᚩᛚᛚᛖᛞ,428
electrical,96931099,1,ᛖᛚᛖᚳᛏᚱᛁᚳᚪᛚ,504
maintained,96354437,1,ᛗᚪᛁᚾᛏᚪᛁᚾᛖᛞ,600
mechanical,94656431,1,ᛗᛖᚳᚻᚪᚾᛁᚳᚪᛚ,514
instrument,92847724,1,ᛁᚾᛋᛏᚱᚢᛗᛖᚾᛏ,412
equivalent,92783192,1,ᛖᚳᚹᛁᚢᚪᛚᛖᚾᛏ,458
continuous,88820257,1,ᚳᚩᚾᛏᛁᚾᚢᚩᚢᛋ,234
discovered,88177337,1,ᛞᛁᛋᚳᚩᚢᛖᚱᛖᛞ,430
calculated,87924888,1,ᚳᚪᛚᚳᚢᛚᚪᛏᛖᛞ,584
represents,87706396,1,ᚱᛖᛈᚱᛖᛋᛖᚾᛏᛋ,460
background,86718167,1,ᛒᚪᚳᚳᚷᚱᚩᚢᚾᛞ,340
securities,86289106,1,ᛋᛖᚳᚢᚱᛁᛏᛁᛖᛋ,388
explanation,83206719,1,ᛖᛉᛈᛚᚪᚾᚪᛏᛡᚾ,648
confidence,82796624,1,ᚳᚩᚾᚠᛁᛞᛖᚾᚳᛖ,347
arrangement,82300947,1,ᚪᚱᚱᚪᛝᛖᛗᛖᚾᛏ,588
cooperation,82243807,1,ᚳᚩᚩᛈᛖᚱᚪᛏᛡᚾ,440
membership,82045934,1,ᛗᛖᛗᛒᛖᚱᛋᚻᛁᛈ,498
electronic,80641141,1,ᛖᛚᛖᚳᛏᚱᚩᚾᛁᚳ,370
recognition,79487711,1,ᚱᛖᚳᚩᚷᚾᛁᛏᛡᚾ,370
consistent,79387001,1,ᚳᚩᚾᛋᛁᛋᛏᛖᚾᛏ,400
structural,79206497,1,ᛋᛏᚱᚢᚳᛏᚢᚱᚪᛚ,382
democratic,78487971,1,ᛞᛖᛗᚩᚳᚱᚪᛏᛁᚳ,458
observation,78404859,1,ᚩᛒᛋᛖᚱᚢᚪᛏᛡᚾ,494
measurement,77595376,1,ᛗᛠᛋᚢᚱᛖᛗᛖᚾᛏ,540
respondent,76551598,1,ᚱᛖᛋᛈᚩᚾᛞᛖᚾᛏ,454
afterwards,71451974,1,ᚪᚠᛏᛖᚱᚹᚪᚱᛞᛋ,505
characters,71409977,1,ᚳᚻᚪᚱᚪᚳᛏᛖᚱᛋ,444
registered,71346487,1,ᚱᛖᚷᛁᛋᛏᛖᚱᛖᛞ,472
defendants,71160543,1,ᛞᛖᚠᛖᚾᛞᚪᚾᛏᛋ,581
interaction,71107964,1,ᛁᚾᛏᛖᚱᚪᚳᛏᛡᚾ,502
eventually,70725233,1,ᛖᚢᛖᚾᛏᚢᚪᛚᛚᚣ,574
originally,69038522,1,ᚩᚱᛁᚷᛁᚾᚪᛚᛚᚣ,472
amendments,68393062,1,ᚪᛗᛖᚾᛞᛗᛖᚾᛏᛋ,632
parameters,68069897,1,ᛈᚪᚱᚪᛗᛖᛏᛖᚱᛋ,576
psychology,67800662,1,ᛈᛋᚣᚳᚻᚩᛚᚩᚷᚣ,442
objectives,66925173,1,ᚩᛒᛂᛖᚳᛏᛁᚢᛖᛋ,398
distinction,66619105,1,ᛞᛁᛋᛏᛁᚾᚳᛏᛡᚾ,500
limitations,66502310,1,ᛚᛁᛗᛁᛏᚪᛏᛡᚾᛋ,610
advantages,66323380,1,ᚪᛞᚢᚪᚾᛏᚪᚷᛖᛋ,608
prescribed,65985033,1,ᛈᚱᛖᛋᚳᚱᛁᛒᛖᛞ,446
associations,65821503,1,ᚪᛋᛋᚩᚳᛡᛏᛡᚾᛋ,578
approaches,65472596,1,ᚪᛈᛈᚱᚩᚪᚳᚻᛖᛋ,454
enterprise,64944185,1,ᛖᚾᛏᛖᚱᛈᚱᛁᛋᛖ,438
designated,64916308,1,ᛞᛖᛋᛁᚷᚾᚪᛏᛖᛞ,598
conclusions,64893282,1,ᚳᚩᚾᚳᛚᚢᛋᛡᚾᛋ,380
remarkable,64425759,1,ᚱᛖᛗᚪᚱᚳᚪᛒᛚᛖ,568
agreements,63713308,1,ᚪᚷᚱᛖᛖᛗᛖᚾᛏᛋ,538
adjustment,63622022,1,ᚪᛞᛂᚢᛋᛏᛗᛖᚾᛏ,564
quantities,63616363,1,ᚳᚹᚪᚾᛏᛁᛏᛁᛖᛋ,458
constitute,63427043,1,ᚳᚩᚾᛋᛏᛁᛏᚢᛏᛖ,380
atmosphere,63406923,1,ᚪᛏᛗᚩᛋᛈᚻᛖᚱᛖ,498
categories,63111930,1,ᚳᚪᛏᛖᚷᚩᚱᛁᛖᛋ,422
obligations,63085250,1,ᚩᛒᛚᛁᚷᚪᛏᛡᚾᛋ,534
retirement,63074642,1,ᚱᛖᛏᛁᚱᛖᛗᛖᚾᛏ,472
translation,62685136,1,ᛏᚱᚪᚾᛋᛚᚪᛏᛡᚾ,614
committees,61759491,1,ᚳᚩᛗᛗᛁᛏᛏᛖᛖᛋ,498
furthermore,61647013,1,ᚠᚢᚱᚦᛖᚱᛗᚩᚱᛖ,255
acquisition,61588486,1,ᚪᚳᚳᚹᛁᛋᛁᛏᛡᚾ,452
absolutely,61206192,1,ᚪᛒᛋᚩᛚᚢᛏᛖᛚᚣ,596
essentially,60969345,1,ᛖᛋᛋᛖᚾᛏᛡᛚᛚᚣ,684
representing,60542374,1,ᚱᛖᛈᚱᛖᛋᛖᚾᛏᛝ,486
destruction,59534582,1,ᛞᛖᛋᛏᚱᚢᚳᛏᛡᚾ,490
strategies,58781824,1,ᛋᛏᚱᚪᛏᛖᚷᛁᛖᛋ,514
respective,58658036,1,ᚱᛖᛋᛈᛖᚳᛏᛁᚢᛖ,414
circulation,58575336,1,ᚳᛁᚱᚳᚢᛚᚪᛏᛡᚾ,436
declaration,58436888,1,ᛞᛖᚳᛚᚪᚱᚪᛏᛡᚾ,642
collective,57942355,1,ᚳᚩᛚᛚᛖᚳᛏᛁᚢᛖ,406
acceptance,56470997,1,ᚪᚳᚳᛖᛈᛏᚪᚾᚳᛖ,498
elementary,55877554,1,ᛖᛚᛖᛗᛖᚾᛏᚪᚱᚣ,644
commonwealth,55437467,1,ᚳᚩᛗᛗᚩᚾᚹᛠᛚᚦ,404
classified,54838197,1,ᚳᛚᚪᛋᛋᛁᚠᛁᛖᛞ,509
constantly,54634633,1,ᚳᚩᚾᛋᛏᚪᚾᛏᛚᚣ,522
supervision,53245137,1,ᛋᚢᛈᛖᚱᚢᛁᛋᛡᚾ,400
contribute,53032229,1,ᚳᚩᚾᛏᚱᛁᛒᚢᛏᛖ,340
establishing,52851303,1,ᛖᛋᛏᚪᛒᛚᛁᛋᚻᛝ,596
integration,52769587,1,ᛁᚾᛏᛖᚷᚱᚪᛏᛡᚾ,506
transaction,52252795,1,ᛏᚱᚪᚾᛋᚪᚳᛏᛡᚾ,554
integrated,52071675,1,ᛁᚾᛏᛖᚷᚱᚪᛏᛖᛞ,526
horizontal,52052329,1,ᚻᚩᚱᛁᛋᚩᚾᛏᚪᛚ,390
remembered,51552508,1,ᚱᛖᛗᛖᛗᛒᛖᚱᛖᛞ,582
plaintiffs,51452751,1,ᛈᛚᚪᛁᚾᛏᛁᚠᚠᛋ,420
restricted,51346823,1,ᚱᛖᛋᛏᚱᛁᚳᛏᛖᛞ,460
ultimately,50812192,1,ᚢᛚᛏᛁᛗᚪᛏᛖᛚᚣ,636
mechanisms,50510516,1,ᛗᛖᚳᚻᚪᚾᛁᛋᛗᛋ,508
lieutenant,50505616,1,ᛚᛁᛖᚢᛏᛖᚾᚪᚾᛏ,514
substances,50382761,1,ᛋᚢᛒᛋᛏᚪᚾᚳᛖᛋ,488
commitment,50161574,1,ᚳᚩᛗᛗᛁᛏᛗᛖᚾᛏ,478
punishment,50094418,1,ᛈᚢᚾᛁᛋᚻᛗᛖᚾᛏ,408
discipline,49811695,1,ᛞᛁᛋᚳᛁᛈᛚᛁᚾᛖ,460
regulatory,49096862,1,ᚱᛖᚷᚢᛚᚪᛏᚩᚱᚣ,448
boundaries,48961618,1,ᛒᚩᚢᚾᛞᚪᚱᛁᛖᛋ,448
mathematics,48792686,1,ᛗᚪᚦᛖᛗᚪᛏᛁᚳᛋ,564
correlation,48630271,1,ᚳᚩᚱᚱᛖᛚᚪᛏᛡᚾ,474
contractor,48471515,1,ᚳᚩᚾᛏᚱᚪᚳᛏᚩᚱ,306
negotiations,47604135,1,ᚾᛖᚷᚩᛏᛡᛏᛡᚾᛋ,534
candidates,47526397,1,ᚳᚪᚾᛞᛁᛞᚪᛏᛖᛋ,624
assignment,47347127,1,ᚪᛋᛋᛁᚷᚾᛗᛖᚾᛏ,506
disposition,47264320,1,ᛞᛁᛋᛈᚩᛋᛁᛏᛡᚾ,502
discussions,46707898,1,ᛞᛁᛋᚳᚢᛋᛋᛡᚾᛋ,484
guidelines,46362741,1,ᚷᚢᛁᛞᛖᛚᛁᚾᛖᛋ,460
disability,46207899,1,ᛞᛁᛋᚪᛒᛁᛚᛁᛏᚣ,628
collections,45961190,1,ᚳᚩᛚᛚᛖᚳᛏᛡᚾᛋ,494
newspapers,45917999,1,ᚾᛖᚹᛋᛈᚪᛈᛖᚱᛋ,482
occurrence,45701563,1,ᚩᚳᚳᚢᚱᚱᛖᚾᚳᛖ,234
proposition,45441195,1,ᛈᚱᚩᛈᚩᛋᛁᛏᛡᚾ,390
attendance,44797144,1,ᚪᛏᛏᛖᚾᛞᚪᚾᚳᛖ,606
acceptable,44778780,1,ᚪᚳᚳᛖᛈᛏᚪᛒᛚᛖ,590
preference,44626814,1,ᛈᚱᛖᚠᛖᚱᛖᚾᚳᛖ,377
populations,44582665,1,ᛈᚩᛈᚢᛚᚪᛏᛡᚾᛋ,514
interstate,44264408,1,ᛁᚾᛏᛖᚱᛋᛏᚪᛏᛖ,532
scientists,44231214,1,ᛋᚳᛁᛖᚾᛏᛁᛋᛏᛋ,448
translated,44198631,1,ᛏᚱᚪᚾᛋᛚᚪᛏᛖᛞ,634
republican,43902195,1,ᚱᛖᛈᚢᛒᛚᛁᚳᚪᚾ,428
influenced,43785810,1,ᛁᚾᚠᛚᚢᛖᚾᚳᛖᛞ,403
everywhere,43578572,1,ᛖᚢᛖᚱᚣᚹᚻᛖᚱᛖ,438
encouraged,43501961,1,ᛖᚾᚳᚩᚢᚱᚪᚷᛖᛞ,400
imagination,43246296,1,ᛁᛗᚪᚷᛁᚾᚪᛏᛡᚾ,568
regardless,43053684,1,ᚱᛖᚷᚪᚱᛞᛚᛖᛋᛋ,538
attractive,42751611,1,ᚪᛏᛏᚱᚪᚳᛏᛁᚢᛖ,496
convenient,42723941,1,ᚳᚩᚾᚢᛖᚾᛁᛖᚾᛏ,334
automobile,42502487,1,ᚪᚢᛏᚩᛗᚩᛒᛁᛚᛖ,476
phenomenon,42452465,1,ᛈᚻᛖᚾᚩᛗᛖᚾᚩᚾ,372
suggestions,42381539,1,ᛋᚢᚷᚷᛖᛋᛏᛡᚾᛋ,458
undertaken,42048834,1,ᚢᚾᛞᛖᚱᛏᚪᚳᛖᚾ,464
dependence,41963267,1,ᛞᛖᛈᛖᚾᛞᛖᚾᚳᛖ,560
liabilities,41735047,1,ᛚᛡᛒᛁᛚᛁᛏᛁᛖᛋ,586
curriculum,41721265,1,ᚳᚢᚱᚱᛁᚳᚢᛚᚢᛗ,232
discharged,41453633,1,ᛞᛁᛋᚳᚻᚪᚱᚷᛖᛞ,490
substitute,41099990,1,ᛋᚢᛒᛋᛏᛁᛏᚢᛏᛖ,448
calculation,40877922,1,ᚳᚪᛚᚳᚢᛚᚪᛏᛡᚾ,564
separately,40781631,1,ᛋᛖᛈᚪᚱᚪᛏᛖᛚᚣ,670
comparable,40712356,1,ᚳᚩᛗᛈᚪᚱᚪᛒᛚᛖ,540
definitions,40529310,1,ᛞᛖᚠᛁᚾᛁᛏᛡᚾᛋ,497
connections,40229553,1,ᚳᚩᚾᚾᛖᚳᛏᛡᚾᛋ,406
coefficient,40102386,1,ᚳᛟᚠᚠᛁᚳᛁᛖᚾᛏ,330
productive,39528611,1,ᛈᚱᚩᛞᚢᚳᛏᛁᚢᛖ,326
attributed,39285741,1,ᚪᛏᛏᚱᛁᛒᚢᛏᛖᛞ,536
personally,39015301,1,ᛈᛖᚱᛋᚩᚾᚪᛚᛚᚣ,556
netherlands,39002008,1,ᚾᛖᚦᛖᚱᛚᚪᚾᛞᛋ,520
attachment,38777533,1,ᚪᛏᛏᚪᚳᚻᛗᛖᚾᛏ,574
systematic,38554357,1,ᛋᚣᛋᛏᛖᛗᚪᛏᛁᚳ,606
orientation,38444171,1,ᚩᚱᛁᛖᚾᛏᚪᛏᛡᚾ,496
supplement,38394905,1,ᛋᚢᛈᛈᛚᛖᛗᛖᚾᛏ,508
negligence,38218700,1,ᚾᛖᚷᛚᛁᚷᛖᚾᚳᛖ,410
operational,38217852,1,ᚩᛈᛖᚱᚪᛏᛡᚾᚪᛚ,590
dimensional,38202378,1,ᛞᛁᛗᛖᚾᛋᛡᚾᚪᛚ,646
surrounded,37788813,1,ᛋᚢᚱᚱᚩᚢᚾᛞᛖᛞ,362
termination,37706038,1,ᛏᛖᚱᛗᛁᚾᚪᛏᛡᚾ,560
publishers,37453776,1,ᛈᚢᛒᛚᛁᛋᚻᛖᚱᛋ,418
friendship,37282938,1,ᚠᚱᛁᛖᚾᛞᛋᚻᛁᛈ,379
deficiency,37014236,1,ᛞᛖᚠᛁᚳᛁᛖᚾᚳᚣ,445
researchers,36967294,1,ᚱᛖᛋᛠᚱᚳᚻᛖᚱᛋ,418
businesses,36881727,1,ᛒᚢᛋᛁᚾᛖᛋᛋᛖᛋ,470
influences,36570548,1,ᛁᚾᚠᛚᚢᛖᚾᚳᛖᛋ,367
utilization,36484363,1,ᚢᛏᛁᛚᛁᛋᚪᛏᛡᚾ,542
immigration,36339939,1,ᛁᛗᛗᛁᚷᚱᚪᛏᛡᚾ,524
inadequate,36046345,1,ᛁᚾᚪᛞᛖᚳᚹᚪᛏᛖ,568
residential,35924697,1,ᚱᛖᛋᛁᛞᛖᚾᛏᛡᛚ,586
prosecution,35858212,1,ᛈᚱᚩᛋᛖᚳᚢᛏᛡᚾ,392
cultivation,35734471,1,ᚳᚢᛚᛏᛁᚢᚪᛏᛡᚾ,474
assumptions,35696130,1,ᚪᛋᛋᚢᛗᛈᛏᛡᚾᛋ,568
arbitration,35503914,1,ᚪᚱᛒᛁᛏᚱᚪᛏᛡᚾ,562
exploration,35420187,1,ᛖᛉᛈᛚᚩᚱᚪᛏᛡᚾ,540
restoration,35413915,1,ᚱᛖᛋᛏᚩᚱᚪᛏᛡᚾ,500
protective,34779778,1,ᛈᚱᚩᛏᛖᚳᛏᛁᚢᛖ,360
definitely,34659118,1,ᛞᛖᚠᛁᚾᛁᛏᛖᛚᚣ,551
analytical,34566119,1,ᚪᚾᚪᛚᚣᛏᛁᚳᚪᛚ,672
subdivision,34476559,1,ᛋᚢᛒᛞᛁᚢᛁᛋᛡᚾ,460
expressions,34011024,1,ᛖᛉᛈᚱᛖᛋᛋᛡᚾᛋ,530
privileges,33994834,1,ᛈᚱᛁᚢᛁᛚᛖᚷᛖᛋ,396
facilitate,33973254,1,ᚠᚪᚳᛁᛚᛁᛏᚪᛏᛖ,529
manuscript,33618027,1,ᛗᚪᚾᚢᛋᚳᚱᛁᛈᛏ,410
appreciation,33380803,1,ᚪᛈᛈᚱᛖᚳᛡᛏᛡᚾ,576
bankruptcy,33360289,1,ᛒᚪᚾᚳᚱᚢᛈᛏᚳᚣ,432
resolutions,33310170,1,ᚱᛖᛋᚩᛚᚢᛏᛡᚾᛋ,462
generations,33256707,1,ᚷᛖᚾᛖᚱᚪᛏᛡᚾᛋ,536
approached,33248329,1,ᚪᛈᛈᚱᚩᚪᚳᚻᛖᛞ,490
complaints,33215705,1,ᚳᚩᛗᛈᛚᚪᛁᚾᛏᛋ,476
applicants,33059305,1,ᚪᛈᛈᛚᛁᚳᚪᚾᛏᛋ,538
pittsburgh,32914422,1,ᛈᛁᛏᛏᛋᛒᚢᚱᚷᚻ,360
illustrate,32899655,1,ᛁᛚᛚᚢᛋᛏᚱᚪᛏᛖ,526
legitimate,32872196,1,ᛚᛖᚷᛁᛏᛁᛗᚪᛏᛖ,572
disappeared,32802124,1,ᛞᛁᛋᚪᛈᛈᛠᚱᛖᛞ,632
complexity,32709541,1,ᚳᚩᛗᛈᛚᛖᛉᛁᛏᚣ,514
vegetables,32440034,1,ᚢᛖᚷᛖᛏᚪᛒᛚᛖᛋ,564
capability,32262336,1,ᚳᚪᛈᚪᛒᛁᛚᛁᛏᚣ,608
reliability,31923707,1,ᚱᛖᛚᛡᛒᛁᛚᛁᛏᚣ,616
shakespeare,31710968,1,ᛋᚻᚪᚳᛖᛋᛈᛠᚱᛖ,536
memorandum,31671763,1,ᛗᛖᛗᚩᚱᚪᚾᛞᚢᛗ,516
households,31467159,1,ᚻᚩᚢᛋᛖᚻᚩᛚᛞᛋ,398
manchester,31425260,1,ᛗᚪᚾᚳᚻᛖᛋᛏᛖᚱ,490
guaranteed,31415374,1,ᚷᚢᚪᚱᚪᚾᛏᛖᛖᛞ,536
celebrated,31343477,1,ᚳᛖᛚᛖᛒᚱᚪᛏᛖᛞ,604
prohibited,31324823,1,ᛈᚱᚩᚻᛁᛒᛁᛏᛖᛞ,422
pronounced,31245117,1,ᛈᚱᚩᚾᚩᚢᚾᚳᛖᛞ,298
specialized,31231977,1,ᛋᛈᛖᚳᛡᛚᛁᛋᛖᛞ,596
conscience,31224191,1,ᚳᚩᚾᛋᚳᛁᛖᚾᚳᛖ,322
programmes,30906258,1,ᛈᚱᚩᚷᚱᚪᛗᛗᛖᛋ,448
successive,30821864,1,ᛋᚢᚳᚳᛖᛋᛋᛁᚢᛖ,356
disclosure,30758224,1,ᛞᛁᛋᚳᛚᚩᛋᚢᚱᛖ,400
prosperity,30730163,1,ᛈᚱᚩᛋᛈᛖᚱᛁᛏᚣ,428
supervisor,30692204,1,ᛋᚢᛈᛖᚱᚢᛁᛋᚩᚱ,282
foundations,30617827,1,ᚠᚩᚢᚾᛞᚪᛏᛡᚾᛋ,475
chancellor,30431613,1,ᚳᚻᚪᚾᚳᛖᛚᛚᚩᚱ,406
accurately,30386021,1,ᚪᚳᚳᚢᚱᚪᛏᛖᛚᚣ,536
accompanying,30306471,1,ᚪᚳᚳᚩᛗᛈᚪᚾᚣᛝ,552
presumably,30275635,1,ᛈᚱᛖᛋᚢᛗᚪᛒᛚᚣ,582
depreciation,29959110,1,ᛞᛖᛈᚱᛖᚳᛡᛏᛡᚾ,592
determines,29763709,1,ᛞᛖᛏᛖᚱᛗᛁᚾᛖᛋ,544
restaurant,29611760,1,ᚱᛖᛋᛏᚪᚢᚱᚪᚾᛏ,486
accomplish,29452965,1,ᚪᚳᚳᚩᛗᛈᛚᛁᛋᚻ,424
ambassador,29071952,1,ᚪᛗᛒᚪᛋᛋᚪᛞᚩᚱ,636
eliminated,29005689,1,ᛖᛚᛁᛗᛁᚾᚪᛏᛖᛞ,614
potentially,28827853,1,ᛈᚩᛏᛖᚾᛏᛡᛚᛚᚣ,620
attributes,28827600,1,ᚪᛏᛏᚱᛁᛒᚢᛏᛖᛋ,500
inevitable,28818746,1,ᛁᚾᛖᚢᛁᛏᚪᛒᛚᛖ,518
compromise,28750603,1,ᚳᚩᛗᛈᚱᚩᛗᛁᛋᛖ,374
conjunction,28739446,1,ᚳᚩᚾᛂᚢᚾᚳᛏᛡᚾ,326
proportions,28434838,1,ᛈᚱᚩᛈᚩᚱᛏᛡᚾᛋ,370
instructed,28323560,1,ᛁᚾᛋᛏᚱᚢᚳᛏᛖᛞ,414
commissions,27848171,1,ᚳᚩᛗᛗᛁᛋᛋᛡᚾᛋ,488
cultivated,27840129,1,ᚳᚢᛚᛏᛁᚢᚪᛏᛖᛞ,494
photograph,27739725,1,ᛈᚻᚩᛏᚩᚷᚱᚪᛈᚻ,330
cincinnati,27691718,1,ᚳᛁᚾᚳᛁᚾᚾᚪᛏᛁ,362
interviews,27509320,1,ᛁᚾᛏᛖᚱᚢᛁᛖᚹᛋ,370
emphasized,27491617,1,ᛖᛗᛈᚻᚪᛋᛁᛋᛖᛞ,594
protestant,27343468,1,ᛈᚱᚩᛏᛖᛋᛏᚪᚾᛏ,484
tremendous,27099785,1,ᛏᚱᛖᛗᛖᚾᛞᚩᚢᛋ,456
providence,27017088,1,ᛈᚱᚩᚢᛁᛞᛖᚾᚳᛖ,360
occupations,26969304,1,ᚩᚳᚳᚢᛈᚪᛏᛡᚾᛋ,424
territorial,26807032,1,ᛏᛖᚱᚱᛁᛏᚩᚱᛡᛚ,436
accessible,26734118,1,ᚪᚳᚳᛖᛋᛋᛁᛒᛚᛖ,528
excitement,26535057,1,ᛖᛉᚳᛁᛏᛖᛗᛖᚾᛏ,510
prohibition,26483464,1,ᛈᚱᚩᚻᛁᛒᛁᛏᛡᚾ,402
restriction,26444509,1,ᚱᛖᛋᛏᚱᛁᚳᛏᛡᚾ,440
metabolism,26351398,1,ᛗᛖᛏᚪᛒᚩᛚᛁᛋᛗ,590
wilderness,26270739,1,ᚹᛁᛚᛞᛖᚱᚾᛖᛋᛋ,492
profitable,26259956,1,ᛈᚱᚩᚠᛁᛏᚪᛒᛚᛖ,451
elimination,26257183,1,ᛖᛚᛁᛗᛁᚾᚪᛏᛡᚾ,594
physically,26156768,1,ᛈᚻᚣᛋᛁᚳᚪᛚᛚᚣ,612
methodology,25857388,1,ᛗᛖᚦᚩᛞᚩᛚᚩᚷᚣ,446
destination,25834094,1,ᛞᛖᛋᛏᛁᚾᚪᛏᛡᚾ,620
distinctly,25639666,1,ᛞᛁᛋᛏᛁᚾᚳᛏᛚᚣ,540
reservation,25501399,1,ᚱᛖᛋᛖᚱᚢᚪᛏᛡᚾ,504
adequately,25470702,1,ᚪᛞᛖᚳᚹᚪᛏᛖᛚᚣ,684
compression,25439254,1,ᚳᚩᛗᛈᚱᛖᛋᛋᛡᚾ,454
paragraphs,25419395,1,ᛈᚪᚱᚪᚷᚱᚪᛈᚻᛋ,492
indigenous,25102959,1,ᛁᚾᛞᛁᚷᛖᚾᚩᚢᛋ,356
indicators,25044190,1,ᛁᚾᛞᛁᚳᚪᛏᚩᚱᛋ,420
transverse,25011758,1,ᛏᚱᚪᚾᛋᚢᛖᚱᛋᛖ,450
indirectly,24940665,1,ᛁᚾᛞᛁᚱᛖᚳᛏᛚᚣ,506
diplomatic,24936644,1,ᛞᛁᛈᛚᚩᛗᚪᛏᛁᚳ,514
therapeutic,24862747,0,ᚦᛖᚱᚪᛈᛖᚢᛏᛁᚳ,396
acquainted,24730203,1,ᚪᚳᚳᚹᚪᛁᚾᛏᛖᛞ,514
exceptional,24688774,1,ᛖᛉᚳᛖᛈᛏᛡᚾᚪᛚ,602
stimulation,24586304,1,ᛋᛏᛁᛗᚢᛚᚪᛏᛡᚾ,582
reproduced,24584933,1,ᚱᛖᛈᚱᚩᛞᚢᚳᛖᛞ,400
instructor,24557619,1,ᛁᚾᛋᛏᚱᚢᚳᛏᚩᚱ,276
recognised,24274234,1,ᚱᛖᚳᚩᚷᚾᛁᛋᛖᛞ,384
correspond,24266625,1,ᚳᚩᚱᚱᛖᛋᛈᚩᚾᛞ,330
honourable,24192477,1,ᚻᚩᚾᚩᚢᚱᚪᛒᛚᛖ,378
broadcasting,24175792,1,ᛒᚱᚩᚪᛞᚳᚪᛋᛏᛝ,566
complained,23959910,1,ᚳᚩᛗᛈᛚᚪᛁᚾᛖᛞ,520
peripheral,23863474,1,ᛈᛖᚱᛁᛈᚻᛖᚱᚪᛚ,466
immigrants,23861813,1,ᛁᛗᛗᛁᚷᚱᚪᚾᛏᛋ,470
designation,23761281,1,ᛞᛖᛋᛁᚷᚾᚪᛏᛡᚾ,578
volunteers,23723787,1,ᚢᚩᛚᚢᚾᛏᛖᛖᚱᛋ,372
formulation,23500731,1,ᚠᚩᚱᛗᚢᛚᚪᛏᛡᚾ,459
commentary,23482026,1,ᚳᚩᛗᛗᛖᚾᛏᚪᚱᚣ,528
simplicity,23325749,1,ᛋᛁᛗᛈᛚᛁᚳᛁᛏᚣ,508
reinforced,23299699,1,ᚱᛖᛁᚾᚠᚩᚱᚳᛖᛞ,327
cumulative,23226122,1,ᚳᚢᛗᚢᛚᚪᛏᛁᚢᛖ,420
minneapolis,23188644,1,ᛗᛁᚾᚾᛠᛈᚩᛚᛁᛋ,476
expectation,23131343,1,ᛖᛉᛈᛖᚳᛏᚪᛏᛡᚾ,588
terminated,23106892,1,ᛏᛖᚱᛗᛁᚾᚪᛏᛖᛞ,580
allowances,23103563,1,ᚪᛚᛚᚩᚹᚪᚾᚳᛖᛋ,528
continuity,23042458,1,ᚳᚩᚾᛏᛁᚾᚢᛁᛏᚣ,364
specialists,23011763,1,ᛋᛈᛖᚳᛡᛚᛁᛋᛏᛋ,552
aggressive,23001830,1,ᚪᚷᚷᚱᛖᛋᛋᛁᚢᛖ,416
explicitly,22988080,1,ᛖᛉᛈᛚᛁᚳᛁᛏᛚᚣ,540
computation,22982439,1,ᚳᚩᛗᛈᚢᛏᚪᛏᛡᚾ,488
indications,22949290,1,ᛁᚾᛞᛁᚳᚪᛏᛡᚾᛋ,538
fertilizer,22606617,1,ᚠᛖᚱᛏᛁᛚᛁᛋᛖᚱ,405
inspiration,22472620,1,ᛁᚾᛋᛈᛁᚱᚪᛏᛡᚾ,490
ordinarily,22319566,1,ᚩᚱᛞᛁᚾᚪᚱᛁᛚᚣ,482
favourable,22294382,1,ᚠᚪᚢᚩᚢᚱᚪᛒᛚᛖ,421
diminished,22231212,1,ᛞᛁᛗᛁᚾᛁᛋᚻᛖᛞ,514
ecological,22193572,1,ᛖᚳᚩᛚᚩᚷᛁᚳᚪᛚ,398
unexpected,22166266,1,ᚢᚾᛖᛉᛈᛖᚳᛏᛖᛞ,484
accustomed,22152205,1,ᚪᚳᚳᚢᛋᛏᚩᛗᛖᛞ,472
controller,22138308,1,ᚳᚩᚾᛏᚱᚩᛚᛚᛖᚱ,350
magistrate,22115768,1,ᛗᚪᚷᛁᛋᛏᚱᚪᛏᛖ,562
conventions,22092119,1,ᚳᚩᚾᚢᛖᚾᛏᛡᚾᛋ,396
incomplete,22084172,1,ᛁᚾᚳᚩᛗᛈᛚᛖᛏᛖ,460
implementing,22061571,1,ᛁᛗᛈᛚᛖᛗᛖᚾᛏᛝ,590
charitable,21984325,1,ᚳᚻᚪᚱᛁᛏᚪᛒᛚᛖ,532
contracted,21947535,1,ᚳᚩᚾᛏᚱᚪᚳᛏᛖᛞ,444
containers,21940046,1,ᚳᚩᚾᛏᚪᛁᚾᛖᚱᛋ,396
inevitably,21828135,1,ᛁᚾᛖᚢᛁᛏᚪᛒᛚᚣ,554
propagation,21815403,1,ᛈᚱᚩᛈᚪᚷᚪᛏᛡᚾ,510
likelihood,21778316,1,ᛚᛁᚳᛖᛚᛁᚻᚩᚩᛞ,414
persistent,21776812,1,ᛈᛖᚱᛋᛁᛋᛏᛖᚾᛏ,472
compulsory,21661268,1,ᚳᚩᛗᛈᚢᛚᛋᚩᚱᚣ,384
montgomery,21633757,0,ᛗᚩᚾᛏᚷᚩᛗᛖᚱᚣ,442
politicians,21627985,1,ᛈᚩᛚᛁᛏᛁᚳᛡᚾᛋ,446
standpoint,21586454,1,ᛋᛏᚪᚾᛞᛈᚩᛁᚾᛏ,496
grandfather,21549174,1,ᚷᚱᚪᚾᛞᚠᚪᚦᛖᚱ,425
summarized,21536527,1,ᛋᚢᛗᛗᚪᚱᛁᛋᛖᛞ,546
coordinate,21474787,1,ᚳᚩᚩᚱᛞᛁᚾᚪᛏᛖ,410
suppressed,21452251,1,ᛋᚢᛈᛈᚱᛖᛋᛋᛖᛞ,482
portuguese,21433835,1,ᛈᚩᚱᛏᚢᚷᚢᛖᛋᛖ,330
conceptual,21380866,1,ᚳᚩᚾᚳᛖᛈᛏᚢᚪᛚ,404
localities,21354873,1,ᛚᚩᚳᚪᛚᛁᛏᛁᛖᛋ,504
subjective,21205662,1,ᛋᚢᛒᛂᛖᚳᛏᛁᚢᛖ,394
heretofore,21200578,1,ᚻᛖᚱᛖᛏᚩᚠᚩᚱᛖ,321
contributing,21166012,1,ᚳᚩᚾᛏᚱᛁᛒᚢᛏᛝ,352
similarity,21028549,1,ᛋᛁᛗᛁᛚᚪᚱᛁᛏᚣ,560
psychiatric,20908731,1,ᛈᛋᚣᚳᚻᛡᛏᚱᛁᚳ,456
incentives,20883669,1,ᛁᚾᚳᛖᚾᛏᛁᚢᛖᛋ,382
degradation,20858637,1,ᛞᛖᚷᚱᚪᛞᚪᛏᛡᚾ,662
unconscious,20818531,1,ᚢᚾᚳᚩᚾᛋᚳᛡᚢᛋ,310
collateral,20708994,1,ᚳᚩᛚᛚᚪᛏᛖᚱᚪᛚ,570
excellence,20694430,1,ᛖᛉᚳᛖᛚᛚᛖᚾᚳᛖ,516
dissolution,20672480,1,ᛞᛁᛋᛋᚩᛚᚢᛏᛡᚾ,504
indictment,20670579,1,ᛁᚾᛞᛁᚳᛏᛗᛖᚾᛏ,478
economical,20630033,1,ᛖᚳᚩᚾᚩᛗᛁᚳᚪᛚ,408
appreciated,20620572,1,ᚪᛈᛈᚱᛖᚳᛡᛏᛖᛞ,596
impressive,20613605,1,ᛁᛗᛈᚱᛖᛋᛋᛁᚢᛖ,430
spontaneous,20544641,1,ᛋᛈᚩᚾᛏᚪᚾᛇᚢᛋ,414
enrollment,20425452,1,ᛖᚾᚱᚩᛚᛚᛗᛖᚾᛏ,486
sympathetic,20348582,1,ᛋᚣᛗᛈᚪᚦᛖᛏᛁᚳ,542
instituted,20327407,1,ᛁᚾᛋᛏᛁᛏᚢᛏᛖᛞ,480
seventeenth,20274567,1,ᛋᛖᚢᛖᚾᛏᛖᛖᚾᚦ,446
alterations,20085964,1,ᚪᛚᛏᛖᚱᚪᛏᛡᚾᛋ,652
richardson,19795517,0,ᚱᛁᚳᚻᚪᚱᛞᛋᚩᚾ,364
positively,19746913,1,ᛈᚩᛋᛁᛏᛁᚢᛖᛚᚣ,470
competence,19685745,1,ᚳᚩᛗᛈᛖᛏᛖᚾᚳᛖ,436
congregation,19682354,1,ᚳᚩᛝᚱᛖᚷᚪᛏᛡᚾ,486
corrections,19623587,1,ᚳᚩᚱᚱᛖᚳᛏᛡᚾᛋ,370
consultant,19606734,1,ᚳᚩᚾᛋᚢᛚᛏᚪᚾᛏ,422
unemployed,19557265,1,ᚢᚾᛖᛗᛈᛚᚩᚣᛖᛞ,552
phosphorus,19548299,1,ᛈᚻᚩᛋᛈᚻᚩᚱᚢᛋ,266
governance,19476878,1,ᚷᚩᚢᛖᚱᚾᚪᚾᚳᛖ,340
presumption,19458208,1,ᛈᚱᛖᛋᚢᛗᛈᛏᛡᚾ,486
inspectors,19389552,1,ᛁᚾᛋᛈᛖᚳᛏᚩᚱᛋ,366
nonetheless,19358913,1,ᚾᚩᚾᛖᚦᛖᛚᛖᛋᛋ,450
assistants,19300001,1,ᚪᛋᛋᛁᛋᛏᚪᚾᛏᛋ,584
beneficiary,19274032,1,ᛒᛖᚾᛖᚠᛁᚳᛡᚱᚣ,491
propaganda,19233375,1,ᛈᚱᚩᛈᚪᚷᚪᚾᛞᚪ,530
conveyance,19178662,1,ᚳᚩᚾᚢᛖᚣᚪᚾᚳᛖ,428
professors,19101347,1,ᛈᚱᚩᚠᛖᛋᛋᚩᚱᛋ,307
ventilation,19097962,1,ᚢᛖᚾᛏᛁᛚᚪᛏᛡᚾ,554
architects,19092193,1,ᚪᚱᚳᚻᛁᛏᛖᚳᛏᛋ,426
periodicals,19091311,1,ᛈᛖᚱᛡᛞᛁᚳᚪᛚᛋ,584
compatible,19078880,1,ᚳᚩᛗᛈᚪᛏᛁᛒᛚᛖ,522
influential,19001318,1,ᛁᚾᚠᛚᚢᛖᚾᛏᛡᛚ,473
radioactive,18995577,1,ᚱᚪᛞᛡᚪᚳᛏᛁᚢᛖ,574
initiatives,18860006,1,ᛁᚾᛁᛏᛡᛏᛁᚢᛖᛋ,470
capitalism,18853529,1,ᚳᚪᛈᛁᛏᚪᛚᛁᛋᛗ,568
projections,18831772,1,ᛈᚱᚩᛂᛖᚳᛏᛡᚾᛋ,426
conformity,18759336,1,ᚳᚩᚾᚠᚩᚱᛗᛁᛏᚣ,333
variability,18635859,1,ᚢᚪᚱᛡᛒᛁᛚᛁᛏᚣ,576
provisional,18614312,1,ᛈᚱᚩᚢᛁᛋᛡᚾᚪᛚ,454
vulnerable,18541427,1,ᚢᚢᛚᚾᛖᚱᚪᛒᛚᛖ,484
conspiracy,18518235,1,ᚳᚩᚾᛋᛈᛁᚱᚪᚳᚣ,400
perceptions,18434075,1,ᛈᛖᚱᚳᛖᛈᛏᛡᚾᛋ,492
fellowship,18388580,1,ᚠᛖᛚᛚᚩᚹᛋᚻᛁᛈ,391
ideological,18374921,1,ᛁᛞᛇᛚᚩᚷᛁᚳᚪᛚ,472
moderately,18355379,1,ᛗᚩᛞᛖᚱᚪᛏᛖᛚᚣ,644
allegations,18294165,1,ᚪᛚᛚᛖᚷᚪᛏᛡᚾᛋ,672
suppression,18232351,1,ᛋᚢᛈᛈᚱᛖᛋᛋᛡᚾ,462
executives,18211418,1,ᛖᛉᛖᚳᚢᛏᛁᚢᛖᛋ,410
archbishop,18191405,1,ᚪᚱᚳᚻᛒᛁᛋᚻᚩᛈ,362
capitalist,18142406,1,ᚳᚪᛈᛁᛏᚪᛚᛁᛋᛏ,556
constructing,18052727,1,ᚳᚩᚾᛋᛏᚱᚢᚳᛏᛝ,326
popularity,18006622,1,ᛈᚩᛈᚢᛚᚪᚱᛁᛏᚣ,470
recreational,17934525,1,ᚱᛖᚳᚱᛠᛏᛡᚾᚪᛚ,576
reflections,17926465,1,ᚱᛖᚠᛚᛖᚳᛏᛡᚾᛋ,481
administer,17895840,1,ᚪᛞᛗᛁᚾᛁᛋᛏᛖᚱ,538
homogeneous,17889484,1,ᚻᚩᛗᚩᚷᛖᚾᛇᚢᛋ,318
possessions,17844990,1,ᛈᚩᛋᛋᛖᛋᛋᛡᚾᛋ,518
vocabulary,17836269,1,ᚢᚩᚳᚪᛒᚢᛚᚪᚱᚣ,468
sentiments,17751288,1,ᛋᛖᚾᛏᛁᛗᛖᚾᛏᛋ,518
originated,17731462,1,ᚩᚱᛁᚷᛁᚾᚪᛏᛖᛞ,438
documented,17682202,1,ᛞᚩᚳᚢᛗᛖᚾᛏᛖᛞ,494
stimulated,17677120,1,ᛋᛏᛁᛗᚢᛚᚪᛏᛖᛞ,602
presidents,17637049,1,ᛈᚱᛖᛋᛁᛞᛖᚾᛏᛋ,502
correlated,17631642,1,ᚳᚩᚱᚱᛖᛚᚪᛏᛖᛞ,494
contraction,17629533,1,ᚳᚩᚾᛏᚱᚪᚳᛏᛡᚾ,424
deformation,17588585,1,ᛞᛖᚠᚩᚱᛗᚪᛏᛡᚾ,539
conditional,17427042,1,ᚳᚩᚾᛞᛁᛏᛡᚾᚪᛚ,534
productions,17420198,1,ᛈᚱᚩᛞᚢᚳᛏᛡᚾᛋ,414
impressions,17411669,1,ᛁᛗᛈᚱᛖᛋᛋᛡᚾᛋ,518
superficial,17371916,1,ᛋᚢᛈᛖᚱᚠᛁᚳᛡᛚ,403
penetration,17319873,1,ᛈᛖᚾᛖᛏᚱᚪᛏᛡᚾ,568
inequality,17211298,1,ᛁᚾᛖᚳᚹᚪᛚᛁᛏᚣ,522
concurrent,17180172,1,ᚳᚩᚾᚳᚢᚱᚱᛖᚾᛏ,242
capacities,17174052,1,ᚳᚪᛈᚪᚳᛁᛏᛁᛖᛋ,504
strengthened,17169382,1,ᛋᛏᚱᛖᛝᚦᛖᚾᛖᛞ,526
complement,17085548,1,ᚳᚩᛗᛈᛚᛖᛗᛖᚾᛏ,500
obstruction,17066859,1,ᚩᛒᛋᛏᚱᚢᚳᛏᛡᚾ,402
consequent,17004411,1,ᚳᚩᚾᛋᛖᚳᚹᛖᚾᛏ,356
veterinary,17000116,1,ᚢᛖᛏᛖᚱᛁᚾᚪᚱᚣ,478
foreigners,16963131,1,ᚠᚩᚱᛖᛁᚷᚾᛖᚱᛋ,295
superiority,16941374,1,ᛋᚢᛈᛖᚱᛡᚱᛁᛏᚣ,488
uniformity,16936554,1,ᚢᚾᛁᚠᚩᚱᛗᛁᛏᚣ,347
overwhelming,16928774,1,ᚩᚢᛖᚱᚹᚻᛖᛚᛗᛝ,420
compressed,16899338,1,ᚳᚩᛗᛈᚱᛖᛋᛋᛖᛞ,474
prevalence,16893749,1,ᛈᚱᛖᚢᚪᛚᛖᚾᚳᛖ,470
deliberate,16842597,1,ᛞᛖᛚᛁᛒᛖᚱᚪᛏᛖ,622
structured,16791433,1,ᛋᛏᚱᚢᚳᛏᚢᚱᛖᛞ,368
remarkably,16783172,1,ᚱᛖᛗᚪᚱᚳᚪᛒᛚᚣ,604
innovative,16574982,1,ᛁᚾᚾᚩᚢᚪᛏᛁᚢᛖ,356
institutes,16571109,1,ᛁᚾᛋᛏᛁᛏᚢᛏᛖᛋ,444
recommends,16526770,1,ᚱᛖᚳᚩᛗᛗᛖᚾᛞᛋ,478
usefulness,16508625,1,ᚢᛋᛖᚠᚢᛚᚾᛖᛋᛋ,403
formulated,16505214,1,ᚠᚩᚱᛗᚢᛚᚪᛏᛖᛞ,479
speculation,16426462,1,ᛋᛈᛖᚳᚢᛚᚪᛏᛡᚾ,544
resignation,16415073,1,ᚱᛖᛋᛁᚷᚾᚪᛏᛡᚾ,500
grandmother,16385039,1,ᚷᚱᚪᚾᛞᛗᚩᚦᛖᚱ,404
supporters,16316841,1,ᛋᚢᛈᛈᚩᚱᛏᛖᚱᛋ,350
manifested,16308837,1,ᛗᚪᚾᛁᚠᛖᛋᛏᛖᛞ,565
confronted,16127281,1,ᚳᚩᚾᚠᚱᚩᚾᛏᛖᛞ,313
delightful,16126085,1,ᛞᛖᛚᛁᚷᚻᛏᚠᚢᛚ,437
recipients,16078390,1,ᚱᛖᚳᛁᛈᛁᛖᚾᛏᛋ,404
derivative,16048802,1,ᛞᛖᚱᛁᚢᚪᛏᛁᚢᛖ,458
communists,15984105,1,ᚳᚩᛗᛗᚢᚾᛁᛋᛏᛋ,390
incidental,15962010,1,ᛁᚾᚳᛁᛞᛖᚾᛏᚪᛚ,518
appellants,15918123,1,ᚪᛈᛈᛖᛚᛚᚪᚾᛏᛋ,634
predictions,15902842,1,ᛈᚱᛖᛞᛁᚳᛏᛡᚾᛋ,502
feasibility,15867731,1,ᚠᛠᛋᛁᛒᛁᛚᛁᛏᚣ,553
reclamation,15866601,1,ᚱᛖᚳᛚᚪᛗᚪᛏᛡᚾ,624
frightened,15822099,1,ᚠᚱᛁᚷᚻᛏᛖᚾᛖᛞ,395
tendencies,15820935,1,ᛏᛖᚾᛞᛖᚾᚳᛁᛖᛋ,504
imperative,15804155,1,ᛁᛗᛈᛖᚱᚪᛏᛁᚢᛖ,480
guarantees,15800792,1,ᚷᚢᚪᚱᚪᚾᛏᛖᛖᛋ,500
simplified,15758873,1,ᛋᛁᛗᛈᛚᛁᚠᛁᛖᛞ,491
rectangular,15687996,1,ᚱᛖᚳᛏᚪᛝᚢᛚᚪᚱ,510
presidency,15661596,1,ᛈᚱᛖᛋᛁᛞᛖᚾᚳᚣ,506
microscope,15655723,1,ᛗᛁᚳᚱᚩᛋᚳᚩᛈᛖ,316
nationalism,15650516,1,ᚾᚪᛏᛡᚾᚪᛚᛁᛋᛗ,646
celebration,15628783,1,ᚳᛖᛚᛖᛒᚱᚪᛏᛡᚾ,584
reformation,15599731,1,ᚱᛖᚠᚩᚱᛗᚪᛏᛡᚾ,461
professions,15590073,1,ᛈᚱᚩᚠᛖᛋᛋᛡᚾᛋ,425
accidental,15588809,1,ᚪᚳᚳᛁᛞᛖᚾᛏᚪᛚ,568
locomotive,15548894,1,ᛚᚩᚳᚩᛗᚩᛏᛁᚢᛖ,338
excellency,15548758,1,ᛖᛉᚳᛖᛚᛚᛖᚾᚳᚣ,552
evaporation,15545448,1,ᛖᚢᚪᛈᚩᚱᚪᛏᛡᚾ,520
automotive,15496416,1,ᚪᚢᛏᚩᛗᚩᛏᛁᚢᛖ,404
recognizes,15476608,1,ᚱᛖᚳᚩᚷᚾᛁᛋᛖᛋ,348
implication,15469318,1,ᛁᛗᛈᛚᛁᚳᚪᛏᛡᚾ,554
inscription,15463553,1,ᛁᚾᛋᚳᚱᛁᛈᛏᛡᚾ,406
louisville,15412837,1,ᛚᚩᚢᛁᛋᚢᛁᛚᛚᛖ,414
conditioned,15411653,1,ᚳᚩᚾᛞᛁᛏᛡᚾᛖᛞ,520
minorities,15359059,1,ᛗᛁᚾᚩᚱᛁᛏᛁᛖᛋ,390
surroundings,15281627,1,ᛋᚢᚱᚱᚩᚢᚾᛞᛝᛋ,338
successors,15281256,1,ᛋᚢᚳᚳᛖᛋᛋᚩᚱᛋ,326
scriptures,15269385,1,ᛋᚳᚱᛁᛈᛏᚢᚱᛖᛋ,344
nationality,15266504,1,ᚾᚪᛏᛡᚾᚪᛚᛁᛏᚣ,684
surprisingly,15205503,1,ᛋᚢᚱᛈᚱᛁᛋᛝᛚᚣ,460
overlooked,15188515,1,ᚩᚢᛖᚱᛚᚩᚩᚳᛖᛞ,344
reciprocal,15167609,1,ᚱᛖᚳᛁᛈᚱᚩᚳᚪᛚ,366
intestinal,15166965,1,ᛁᚾᛏᛖᛋᛏᛁᚾᚪᛚ,528
philippine,15126208,1,ᛈᚻᛁᛚᛁᛈᛈᛁᚾᛖ,414
hemisphere,14999240,1,ᚻᛖᛗᛁᛋᛈᚻᛖᚱᛖ,456
concessions,14980299,1,ᚳᚩᚾᚳᛖᛋᛋᛡᚾᛋ,424
charleston,14892691,1,ᚳᚻᚪᚱᛚᛖᛋᛏᚩᚾ,432
enthusiastic,14850556,1,ᛖᚾᚦᚢᛋᛡᛋᛏᛁᚳ,420
proclaimed,14835409,1,ᛈᚱᚩᚳᛚᚪᛁᛗᛖᛞ,502
conclusive,14771158,1,ᚳᚩᚾᚳᛚᚢᛋᛁᚢᛖ,292
preventive,14770488,1,ᛈᚱᛖᚢᛖᚾᛏᛁᚢᛖ,380
antibodies,14757470,1,ᚪᚾᛏᛁᛒᚩᛞᛁᛖᛋ,524
impairment,14756438,1,ᛁᛗᛈᚪᛁᚱᛗᛖᚾᛏ,510
distributing,14718941,1,ᛞᛁᛋᛏᚱᛁᛒᚢᛏᛝ,476
distribute,14704645,1,ᛞᛁᛋᛏᚱᛁᛒᚢᛏᛖ,464
calibration,14701666,1,ᚳᚪᛚᛁᛒᚱᚪᛏᛡᚾ,578
sacramento,14696110,1,ᛋᚪᚳᚱᚪᛗᛖᚾᛏᚩ,504
privileged,14647973,1,ᛈᚱᛁᚢᛁᛚᛖᚷᛖᛞ,432
precautions,14644397,1,ᛈᚱᛖᚳᚪᚢᛏᛡᚾᛋ,482
procedural,14393724,1,ᛈᚱᚩᚳᛖᛞᚢᚱᚪᛚ,414
fraudulent,14383527,1,ᚠᚱᚪᚢᛞᚢᛚᛖᚾᛏ,433
constraint,14338313,1,ᚳᚩᚾᛋᛏᚱᚪᛁᚾᛏ,388
autonomous,14298227,1,ᚪᚢᛏᚩᚾᚩᛗᚩᚢᛋ,336
convictions,14267880,1,ᚳᚩᚾᚢᛁᚳᛏᛡᚾᛋ,344
transitions,14258738,1,ᛏᚱᚪᚾᛋᛁᛏᛡᚾᛋ,528
petitioners,14221249,1,ᛈᛖᛏᛁᛏᛡᚾᛖᚱᛋ,526
responsive,14200392,1,ᚱᛖᛋᛈᚩᚾᛋᛁᚢᛖ,364
transcript,14191791,1,ᛏᚱᚪᚾᛋᚳᚱᛁᛈᛏ,406
morphology,14180184,1,ᛗᚩᚱᛈᚻᚩᛚᚩᚷᚣ,362
ceremonies,14096802,1,ᚳᛖᚱᛖᛗᚩᚾᛁᛖᛋ,416
implements,14091325,1,ᛁᛗᛈᛚᛖᛗᛖᚾᛏᛋ,564
adolescent,14088271,1,ᚪᛞᚩᛚᛖᛋᚳᛖᚾᛏ,554
attainment,14018940,1,ᚪᛏᛏᚪᛁᚾᛗᛖᚾᛏ,598
multiplied,13993521,1,ᛗᚢᛚᛏᛁᛈᛚᛁᛖᛞ,540
appearances,13965815,1,ᚪᛈᛈᛠᚱᚪᚾᚳᛖᛋ,562
transmitting,13887460,1,ᛏᚱᚪᚾᛋᛗᛁᛏᛏᛝ,548
electrodes,13790636,1,ᛖᛚᛖᚳᛏᚱᚩᛞᛖᛋ,506
proprietor,13784309,1,ᛈᚱᚩᛈᚱᛁᛖᛏᚩᚱ,290
formidable,13767664,1,ᚠᚩᚱᛗᛁᛞᚪᛒᛚᛖ,509
inclination,13755362,1,ᛁᚾᚳᛚᛁᚾᚪᛏᛡᚾ,498
adventures,13656669,1,ᚪᛞᚢᛖᚾᛏᚢᚱᛖᛋ,478
importation,13638665,1,ᛁᛗᛈᚩᚱᛏᚪᛏᛡᚾ,514
negligible,13637059,1,ᚾᛖᚷᛚᛁᚷᛁᛒᛚᛖ,466
southeastern,13573696,1,ᛋᚩᚢᚦᛠᛋᛏᛖᚱᚾ,396
neighbours,13469298,1,ᚾᛖᛁᚷᚻᛒᚩᚢᚱᛋ,302
brotherhood,13432367,1,ᛒᚱᚩᚦᛖᚱᚻᚩᚩᛞ,288
irrelevant,13425575,1,ᛁᚱᚱᛖᛚᛖᚢᚪᚾᛏ,448
distinguishing,13418938,1,ᛞᛁᛋᛏᛝᚢᛁᛋᚻᛝ,500
identifies,13403559,1,ᛁᛞᛖᚾᛏᛁᚠᛁᛖᛋ,459
economists,13392056,1,ᛖᚳᚩᚾᚩᛗᛁᛋᛏᛋ,390
neighbouring,13287987,1,ᚾᛖᛁᚷᚻᛒᚩᚢᚱᛝ,328
constituting,13273202,1,ᚳᚩᚾᛋᛏᛁᛏᚢᛏᛝ,392
prosperous,13218510,1,ᛈᚱᚩᛋᛈᛖᚱᚩᚢᛋ,298
discharges,13200911,1,ᛞᛁᛋᚳᚻᚪᚱᚷᛖᛋ,454
collectors,13168306,1,ᚳᚩᛚᛚᛖᚳᛏᚩᚱᛋ,376
anticipate,13124462,1,ᚪᚾᛏᛁᚳᛁᛈᚪᛏᛖ,526
ordinances,13112289,1,ᚩᚱᛞᛁᚾᚪᚾᚳᛖᛋ,426
compensate,13089848,1,ᚳᚩᛗᛈᛖᚾᛋᚪᛏᛖ,506
ridiculous,13087001,1,ᚱᛁᛞᛁᚳᚢᛚᚩᚢᛋ,314
archaeology,13071440,1,ᚪᚱᚳᚻᚫᚩᛚᚩᚷᚣ,452
cumberland,13053522,1,ᚳᚢᛗᛒᛖᚱᛚᚪᚾᛞ,514
plantations,13052331,1,ᛈᛚᚪᚾᛏᚪᛏᛡᚾᛋ,646
forfeiture,13042607,1,ᚠᚩᚱᚠᛖᛁᛏᚢᚱᛖ,260
segregation,12975305,1,ᛋᛖᚷᚱᛖᚷᚪᛏᛡᚾ,524
chromosome,12966685,0,ᚳᚻᚱᚩᛗᚩᛋᚩᛗᛖ,330
melancholy,12964442,1,ᛗᛖᛚᚪᚾᚳᚻᚩᛚᚣ,556
nutritional,12957817,1,ᚾᚢᛏᚱᛁᛏᛡᚾᚪᛚ,498
admissible,12918289,1,ᚪᛞᛗᛁᛋᛋᛁᛒᛚᛖ,626
incredible,12874827,1,ᛁᚾᚳᚱᛖᛞᛁᛒᛚᛖ,472
interpreting,12851956,1,ᛁᚾᛏᛖᚱᛈᚱᛖᛏᛝ,456
evaluations,12840990,1,ᛖᚢᚪᛚᚢᚪᛏᛡᚾᛋ,588
indefinite,12816843,1,ᛁᚾᛞᛖᚠᛁᚾᛁᛏᛖ,435
innovations,12754786,1,ᛁᚾᚾᚩᚢᚪᛏᛡᚾᛋ,444
solidarity,12742123,1,ᛋᚩᛚᛁᛞᚪᚱᛁᛏᚣ,554
prosecutor,12671098,1,ᛈᚱᚩᛋᛖᚳᚢᛏᚩᚱ,274
aspirations,12660845,1,ᚪᛋᛈᛁᚱᚪᛏᛡᚾᛋ,580
postmaster,12656195,1,ᛈᚩᛋᛏᛗᚪᛋᛏᛖᚱ,520
petersburg,12631393,1,ᛈᛖᛏᛖᚱᛋᛒᚢᚱᚷ,392
purchasers,12609004,1,ᛈᚢᚱᚳᚻᚪᛋᛖᚱᛋ,374
experiencing,12609001,1,ᛖᛉᛈᛖᚱᛁᛖᚾᚳᛝ,454
progression,12596195,1,ᛈᚱᚩᚷᚱᛖᛋᛋᛡᚾ,398
assemblies,12592239,1,ᚪᛋᛋᛖᛗᛒᛚᛁᛖᛋ,626
accountant,12517480,1,ᚪᚳᚳᚩᚢᚾᛏᚪᚾᛏ,406
dependency,12515554,1,ᛞᛖᛈᛖᚾᛞᛖᚾᚳᚣ,596
frustration,12494661,1,ᚠᚱᚢᛋᛏᚱᚪᛏᛡᚾ,431
narratives,12466643,1,ᚾᚪᚱᚱᚪᛏᛁᚢᛖᛋ,458
respiration,12464699,1,ᚱᛖᛋᛈᛁᚱᚪᛏᛡᚾ,508
highlights,12420177,1,ᚻᛁᚷᚻᛚᛁᚷᚻᛏᛋ,350
imprisoned,12383976,1,ᛁᛗᛈᚱᛁᛋᚩᚾᛖᛞ,432
hereditary,12363537,1,ᚻᛖᚱᛖᛞᛁᛏᚪᚱᚣ,558
sacrifices,12300256,1,ᛋᚪᚳᚱᛁᚠᛁᚳᛖᛋ,371
secretariat,12264739,1,ᛋᛖᚳᚱᛖᛏᚪᚱᛡᛏ,544
liquidation,12246583,1,ᛚᛁᚳᚹᛁᛞᚪᛏᛡᚾ,548
diffraction,12239089,1,ᛞᛁᚠᚠᚱᚪᚳᛏᛡᚾ,440
compilation,12208065,1,ᚳᚩᛗᛈᛁᛚᚪᛏᛡᚾ,530
beautifully,12206504,1,ᛒᛠᚢᛏᛁᚠᚢᛚᛚᚣ,517
nationalist,12199410,1,ᚾᚪᛏᛡᚾᚪᛚᛁᛋᛏ,634
persecution,12198324,1,ᛈᛖᚱᛋᛖᚳᚢᛏᛡᚾ,452
identities,12192108,1,ᛁᛞᛖᚾᛏᛁᛏᛁᛖᛋ,516
emphasizes,12171576,1,ᛖᛗᛈᚻᚪᛋᛁᛋᛖᛋ,558
enumerated,12122425,1,ᛖᚾᚢᛗᛖᚱᚪᛏᛖᛞ,560
reservoirs,12115120,1,ᚱᛖᛋᛖᚱᚢᚩᛁᚱᛋ,314
preferable,12105391,1,ᛈᚱᛖᚠᛖᚱᚪᛒᛚᛖ,499
elasticity,12028024,1,ᛖᛚᚪᛋᛏᛁᚳᛁᛏᚣ,586
vietnamese,12000780,1,ᚢᛁᛖᛏᚾᚪᛗᛖᛋᛖ,544
indicative,11933502,1,ᛁᚾᛞᛁᚳᚪᛏᛁᚢᛖ,450
newsletter,11846823,1,ᚾᛖᚹᛋᛚᛖᛏᛏᛖᚱ,504
velocities,11816910,1,ᚢᛖᛚᚩᚳᛁᛏᛁᛖᛋ,404
apartments,11810333,1,ᚪᛈᚪᚱᛏᛗᛖᚾᛏᛋ,586
commanders,11788216,1,ᚳᚩᛗᛗᚪᚾᛞᛖᚱᛋ,508
aeronautics,11786078,1,ᚫᚱᚩᚾᚪᚢᛏᛁᚳᛋ,404
technicians,11706790,1,ᛏᛖᚳᚻᚾᛁᚳᛡᚾᛋ,424
queensland,11696165,1,ᚳᚹᛖᛖᚾᛋᛚᚪᚾᛞ,536
journalism,11681046,1,ᛂᚩᚢᚱᚾᚪᛚᛁᛋᛗ,412
conceptions,11663480,1,ᚳᚩᚾᚳᛖᛈᛏᛡᚾᛋ,420
criticized,11644783,1,ᚳᚱᛁᛏᛁᚳᛁᛋᛖᛞ,398
appreciable,11638505,1,ᚪᛈᛈᚱᛖᚳᛡᛒᛚᛖ,582
inspections,11626168,1,ᛁᚾᛋᛈᛖᚳᛏᛡᚾᛋ,484
introduces,11625751,1,ᛁᚾᛏᚱᚩᛞᚢᚳᛖᛋ,362
principals,11579177,1,ᛈᚱᛁᚾᚳᛁᛈᚪᛚᛋ,424
generators,11562292,1,ᚷᛖᚾᛖᚱᚪᛏᚩᚱᛋ,418
stipulated,11558679,1,ᛋᛏᛁᛈᚢᛚᚪᛏᛖᛞ,574
substituting,11519360,1,ᛋᚢᛒᛋᛏᛁᛏᚢᛏᛝ,460
tenderness,11513517,1,ᛏᛖᚾᛞᛖᚱᚾᛖᛋᛋ,524
disastrous,11493356,1,ᛞᛁᛋᚪᛋᛏᚱᚩᚢᛋ,456
fabrication,11477298,1,ᚠᚪᛒᚱᛁᚳᚪᛏᛡᚾ,507
conversely,11461624,1,ᚳᚩᚾᚢᛖᚱᛋᛖᛚᚣ,426
misconduct,11456226,1,ᛗᛁᛋᚳᚩᚾᛞᚢᚳᛏ,368
delinquent,11415401,1,ᛞᛖᛚᛁᚾᚳᚹᛖᚾᛏ,476
conductors,11392849,1,ᚳᚩᚾᛞᚢᚳᛏᚩᚱᛋ,284
supportive,11348825,1,ᛋᚢᛈᛈᚩᚱᛏᛁᚢᛖ,320
infinitely,11339361,1,ᛁᚾᚠᛁᚾᛁᛏᛖᛚᚣ,455
congressman,11329880,1,ᚳᚩᛝᚱᛖᛋᛋᛗᚪᚾ,480
detachment,11278694,1,ᛞᛖᛏᚪᚳᚻᛗᛖᚾᛏ,574
northeastern,11275851,1,ᚾᚩᚱᚦᛠᛋᛏᛖᚱᚾ,380
biochemical,11237807,1,ᛒᛡᚳᚻᛖᛗᛁᚳᚪᛚ,556
infringement,11219624,1,ᛁᚾᚠᚱᛝᛖᛗᛖᚾᛏ,445
criticisms,11211278,1,ᚳᚱᛁᛏᛁᚳᛁᛋᛗᛋ,366
exhibitions,11189614,1,ᛖᛉᚻᛁᛒᛁᛏᛡᚾᛋ,508
preferably,11188969,1,ᛈᚱᛖᚠᛖᚱᚪᛒᛚᚣ,535
terrestrial,11164498,1,ᛏᛖᚱᚱᛖᛋᛏᚱᛡᛚ,518
definitive,11078056,1,ᛞᛖᚠᛁᚾᛁᛏᛁᚢᛖ,409
vigorously,11045943,1,ᚢᛁᚷᚩᚱᚩᚢᛋᛚᚣ,308
aboriginal,11031610,1,ᚪᛒᚩᚱᛁᚷᛁᚾᚪᛚ,454
undertakings,10984404,1,ᚢᚾᛞᛖᚱᛏᚪᚳᛝᛋ,500
canterbury,10983585,1,ᚳᚪᚾᛏᛖᚱᛒᚢᚱᚣ,454
cigarettes,10971264,1,ᚳᛁᚷᚪᚱᛖᛏᛏᛖᛋ,474
greenhouse,10953846,1,ᚷᚱᛖᛖᚾᚻᚩᚢᛋᛖ,344
satellites,10935255,1,ᛋᚪᛏᛖᛚᛚᛁᛏᛖᛋ,632
vertically,10914176,1,ᚢᛖᚱᛏᛁᚳᚪᛚᛚᚣ,530
arbitrator,10890742,1,ᚪᚱᛒᛁᛏᚱᚪᛏᚩᚱ,444
decorative,10889538,1,ᛞᛖᚳᚩᚱᚪᛏᛁᚢᛖ,444
dielectric,10828937,1,ᛞᛁᛖᛚᛖᚳᛏᚱᛁᚳ,454
subscribed,10757764,1,ᛋᚢᛒᛋᚳᚱᛁᛒᛖᛞ,442
safeguards,10716480,1,ᛋᚪᚠᛖᚷᚢᚪᚱᛞᛋ,489
travellers,10683843,1,ᛏᚱᚪᚢᛖᛚᛚᛖᚱᛋ,514
mercantile,10679182,1,ᛗᛖᚱᚳᚪᚾᛏᛁᛚᛖ,518
humanities,10641311,1,ᚻᚢᛗᚪᚾᛁᛏᛁᛖᛋ,464
transferring,10614136,1,ᛏᚱᚪᚾᛋᚠᛖᚱᚱᛝ,419
circulated,10598666,1,ᚳᛁᚱᚳᚢᛚᚪᛏᛖᛞ,456
explosives,10591870,1,ᛖᛉᛈᛚᚩᛋᛁᚢᛖᛋ,444
grievances,10588881,1,ᚷᚱᛁᛖᚢᚪᚾᚳᛖᛋ,388
legitimacy,10548938,1,ᛚᛖᚷᛁᛏᛁᛗᚪᚳᚣ,562
suggestive,10528891,1,ᛋᚢᚷᚷᛖᛋᛏᛁᚢᛖ,370
brightness,10526095,1,ᛒᚱᛁᚷᚻᛏᚾᛖᛋᛋ,404
pesticides,10466768,1,ᛈᛖᛋᛏᛁᚳᛁᛞᛖᛋ,506
deployment,10434357,1,ᛞᛖᛈᛚᚩᚣᛗᛖᚾᛏ,608
microscopy,10432636,1,ᛗᛁᚳᚱᚩᛋᚳᚩᛈᚣ,352
coordinating,10415031,1,ᚳᚩᚩᚱᛞᛁᚾᚪᛏᛝ,422
financially,10394360,1,ᚠᛁᚾᚪᚾᚳᛡᛚᛚᚣ,557
imperialism,10389606,1,ᛁᛗᛈᛖᚱᛡᛚᛁᛋᛗ,558
duplicated,10377269,1,ᛞᚢᛈᛚᛁᚳᚪᛏᛖᛞ,564
comprehend,10322370,1,ᚳᚩᛗᛈᚱᛖᚻᛖᚾᛞ,420
supervised,10320042,1,ᛋᚢᛈᛖᚱᚢᛁᛋᛖᛞ,420
simulations,10290596,1,ᛋᛁᛗᚢᛚᚪᛏᛡᚾᛋ,576
ornamental,10270706,1,ᚩᚱᚾᚪᛗᛖᚾᛏᚪᛚ,540
ministerial,10267816,1,ᛗᛁᚾᛁᛋᛏᛖᚱᛡᛚ,532
critically,10244668,1,ᚳᚱᛁᛏᛁᚳᚪᛚᛚᚣ,504
invaluable,10239342,1,ᛁᚾᚢᚪᛚᚢᚪᛒᛚᛖ,534
resentment,10229756,1,ᚱᛖᛋᛖᚾᛏᛗᛖᚾᛏ,512
encourages,10227500,1,ᛖᚾᚳᚩᚢᚱᚪᚷᛖᛋ,364
advertised,10205288,1,ᚪᛞᚢᛖᚱᛏᛁᛋᛖᛞ,566
topography,10194098,1,ᛏᚩᛈᚩᚷᚱᚪᛈᚻᚣ,410
deliveries,10193051,1,ᛞᛖᛚᛁᚢᛖᚱᛁᛖᛋ,492
adjustable,10148025,1,ᚪᛞᛂᚢᛋᛏᚪᛒᛚᛖ,636
revolutions,10124340,1,ᚱᛖᚢᚩᛚᚢᛏᛡᚾᛋ,412
solubility,10081984,1,ᛋᚩᛚᚢᛒᛁᛚᛁᛏᚣ,494
internally,10075127,1,ᛁᚾᛏᛖᚱᚾᚪᛚᛚᚣ,572
encounters,10055088,1,ᛖᚾᚳᚩᚢᚾᛏᛖᚱᛋ,338
journalist,10006264,1,ᛂᚩᚢᚱᚾᚪᛚᛁᛋᛏ,400
expressive,10002379,1,ᛖᛉᛈᚱᛖᛋᛋᛁᚢᛖ,442
signatures,9981657,1,ᛋᛁᚷᚾᚪᛏᚢᚱᛖᛋ,420
palestinian,9975824,1,ᛈᚪᛚᛖᛋᛏᛁᚾᛡᚾ,588
winchester,9936868,1,ᚹᛁᚾᚳᚻᛖᛋᛏᛖᚱ,372
countrymen,9912484,1,ᚳᚩᚢᚾᛏᚱᚣᛗᛖᚾ,392
hemorrhage,9900536,1,ᚻᛖᛗᚩᚱᚱᚻᚪᚷᛖ,394
illustrating,9873925,1,ᛁᛚᛚᚢᛋᛏᚱᚪᛏᛝ,538
interchange,9845553,1,ᛁᚾᛏᛖᚱᚳᚻᚪᛝᛖ,476
helicopter,9837974,1,ᚻᛖᛚᛁᚳᚩᛈᛏᛖᚱ,394
neutrality,9820094,1,ᚾᛖᚢᛏᚱᚪᛚᛁᛏᚣ,532
casualties,9784038,1,ᚳᚪᛋᚢᚪᛚᛏᛁᛖᛋ,546
discomfort,9779841,1,ᛞᛁᛋᚳᚩᛗᚠᚩᚱᛏ,343
frustrated,9757689,1,ᚠᚱᚢᛋᛏᚱᚪᛏᛖᛞ,451
bureaucracy,9750866,1,ᛒᚢᚱᛠᚢᚳᚱᚪᚳᚣ,424
fabricated,9745876,1,ᚠᚪᛒᚱᛁᚳᚪᛏᛖᛞ,527
reluctance,9739487,1,ᚱᛖᛚᚢᚳᛏᚪᚾᚳᛖ,432
consciously,9723240,1,ᚳᚩᚾᛋᚳᛡᚢᛋᛚᚣ,454
discourses,9712097,1,ᛞᛁᛋᚳᚩᚢᚱᛋᛖᛋ,380
intimately,9711005,1,ᛁᚾᛏᛁᛗᚪᛏᛖᛚᚣ,620
observance,9710388,1,ᚩᛒᛋᛖᚱᚢᚪᚾᚳᛖ,408
misfortune,9701769,1,ᛗᛁᛋᚠᚩᚱᛏᚢᚾᛖ,333
restrained,9681474,1,ᚱᛖᛋᛏᚱᚪᛁᚾᛖᛞ,514
indignation,9679502,1,ᛁᚾᛞᛁᚷᚾᚪᛏᛡᚾ,518
bituminous,9673279,1,ᛒᛁᛏᚢᛗᛁᚾᚩᚢᛋ,348
evangelical,9672204,1,ᛖᚢᚪᛝᛖᛚᛁᚳᚪᛚ,600
impurities,9649286,1,ᛁᛗᛈᚢᚱᛁᛏᛁᛖᛋ,400
intentional,9644062,1,ᛁᚾᛏᛖᚾᛏᛡᚾᚪᛚ,580
turbulence,9631483,1,ᛏᚢᚱᛒᚢᛚᛖᚾᚳᛖ,386
recurrence,9597275,1,ᚱᛖᚳᚢᚱᚱᛖᚾᚳᛖ,292
prominence,9558361,1,ᛈᚱᚩᛗᛁᚾᛖᚾᚳᛖ,368
hutchinson,9526870,0,ᚻᚢᛏᚳᚻᛁᚾᛋᚩᚾ,270
contrasted,9526151,1,ᚳᚩᚾᛏᚱᚪᛋᛏᛖᛞ,484
refinement,9514781,1,ᚱᛖᚠᛁᚾᛖᛗᛖᚾᛏ,433
transporting,9505113,1,ᛏᚱᚪᚾᛋᛈᚩᚱᛏᛝ,448
obtainable,9501532,1,ᚩᛒᛏᚪᛁᚾᚪᛒᛚᛖ,582
recommending,9484178,1,ᚱᛖᚳᚩᛗᛗᛖᚾᛞᛝ,504
corrective,9476191,1,ᚳᚩᚱᚱᛖᚳᛏᛁᚢᛖ,282
accumulate,9473520,1,ᚪᚳᚳᚢᛗᚢᛚᚪᛏᛖ,496
accredited,9467149,1,ᚪᚳᚳᚱᛖᛞᛁᛏᛖᛞ,536
visibility,9467040,1,ᚢᛁᛋᛁᛒᛁᛚᛁᛏᚣ,476
entertaining,9461141,1,ᛖᚾᛏᛖᚱᛏᚪᛁᚾᛝ,528
sacrificed,9452565,1,ᛋᚪᚳᚱᛁᚠᛁᚳᛖᛞ,407
prejudices,9421705,1,ᛈᚱᛖᛂᚢᛞᛁᚳᛖᛋ,414
benevolent,9415884,1,ᛒᛖᚾᛖᚢᚩᛚᛖᚾᛏ,462
replication,9415485,1,ᚱᛖᛈᛚᛁᚳᚪᛏᛡᚾ,530
receivable,9388087,1,ᚱᛖᚳᛖᛁᚢᚪᛒᛚᛖ,490
inhibitors,9346736,1,ᛁᚾᚻᛁᛒᛁᛏᚩᚱᛋ,336
fashionable,9333826,1,ᚠᚪᛋᚻᛡᚾᚪᛒᛚᛖ,609
yourselves,9332187,1,ᚣᚩᚢᚱᛋᛖᛚᚢᛖᛋ,440
medications,9331435,1,ᛗᛖᛞᛁᚳᚪᛏᛡᚾᛋ,616
stipulation,9301703,1,ᛋᛏᛁᛈᚢᛚᚪᛏᛡᚾ,554
profoundly,9275948,1,ᛈᚱᚩᚠᚩᚢᚾᛞᛚᚣ,367
generosity,9275099,1,ᚷᛖᚾᛖᚱᚩᛋᛁᛏᚣ,444
pollutants,9274615,1,ᛈᚩᛚᛚᚢᛏᚪᚾᛏᛋ,496
astonished,9225864,1,ᚪᛋᛏᚩᚾᛁᛋᚻᛖᛞ,508
ministries,9209065,1,ᛗᛁᚾᛁᛋᛏᚱᛁᛖᛋ,436
familiarity,9198810,1,ᚠᚪᛗᛁᛚᛡᚱᛁᛏᚣ,585
optimistic,9175230,1,ᚩᛈᛏᛁᛗᛁᛋᛏᛁᚳ,398
dependents,9134078,1,ᛞᛖᛈᛖᚾᛞᛖᚾᛏᛋ,592
copenhagen,9124532,1,ᚳᚩᛈᛖᚾᚻᚪᚷᛖᚾ,392
referendum,9084136,1,ᚱᛖᚠᛖᚱᛖᚾᛞᚢᛗ,417
antibiotics,9076301,1,ᚪᚾᛏᛁᛒᛡᛏᛁᚳᛋ,540
gloucester,9068396,1,ᚷᛚᚩᚢᚳᛖᛋᛏᛖᚱ,370
enrichment,9037152,1,ᛖᚾᚱᛁᚳᚻᛗᛖᚾᛏ,400
interfaces,8996776,1,ᛁᚾᛏᛖᚱᚠᚪᚳᛖᛋ,429
fitzgerald,8996600,1,ᚠᛁᛏᛋᚷᛖᚱᚪᛚᛞ,499
reversible,8993372,1,ᚱᛖᚢᛖᚱᛋᛁᛒᛚᛖ,444
processors,8948833,1,ᛈᚱᚩᚳᛖᛋᛋᚩᚱᛋ,318
compressor,8931573,1,ᚳᚩᛗᛈᚱᛖᛋᛋᚩᚱ,336
metropolis,8926587,1,ᛗᛖᛏᚱᚩᛈᚩᛚᛁᛋ,422
unilateral,8879454,1,ᚢᚾᛁᛚᚪᛏᛖᚱᚪᛚ,540
supposedly,8860977,1,ᛋᚢᛈᛈᚩᛋᛖᛞᛚᚣ,534
subscriber,8860367,1,ᛋᚢᛒᛋᚳᚱᛁᛒᛖᚱ,364
hydrolysis,8849547,1,ᚻᚣᛞᚱᚩᛚᚣᛋᛁᛋ,546
aggregates,8839040,1,ᚪᚷᚷᚱᛖᚷᚪᛏᛖᛋ,502
rhetorical,8812266,1,ᚱᚻᛖᛏᚩᚱᛁᚳᚪᛚ,392
developers,8808929,1,ᛞᛖᚢᛖᛚᚩᛈᛖᚱᛋ,480
emotionally,8807271,1,ᛖᛗᚩᛏᛡᚾᚪᛚᛚᚣ,686
basketball,8799571,1,ᛒᚪᛋᚳᛖᛏᛒᚪᛚᛚ,654
abstraction,8796703,1,ᚪᛒᛋᛏᚱᚪᚳᛏᛡᚾ,586
attendants,8792737,1,ᚪᛏᛏᛖᚾᛞᚪᚾᛏᛋ,638
prosecuted,8770708,1,ᛈᚱᚩᛋᛖᚳᚢᛏᛖᛞ,412
quarantine,8759973,1,ᚳᚹᚪᚱᚪᚾᛏᛁᚾᛖ,452
shipbuilding,8736676,1,ᛋᚻᛁᛈᛒᚢᛁᛚᛞᛝ,486
warehouses,8732709,1,ᚹᚪᚱᛖᚻᚩᚢᛋᛖᛋ,400
transforming,8719913,1,ᛏᚱᚪᚾᛋᚠᚩᚱᛗᛝ,419
eisenhower,8719209,1,ᛖᛁᛋᛖᚾᚻᚩᚹᛖᚱ,374
deprivation,8708745,1,ᛞᛖᛈᚱᛁᚢᚪᛏᛡᚾ,536
misdemeanor,8697621,1,ᛗᛁᛋᛞᛖᛗᛠᚾᚩᚱ,538
thermometer,8691434,1,ᚦᛖᚱᛗᚩᛗᛖᛏᛖᚱ,436
retardation,8653657,1,ᚱᛖᛏᚪᚱᛞᚪᛏᛡᚾ,626
contiguous,8635061,1,ᚳᚩᚾᛏᛁᚷᚢᚩᚢᛋ,222
dislocation,8613418,1,ᛞᛁᛋᛚᚩᚳᚪᛏᛡᚾ,558
exhaustive,8606614,1,ᛖᛉᚻᚪᚢᛋᛏᛁᚢᛖ,450
regularity,8586784,1,ᚱᛖᚷᚢᛚᚪᚱᛁᛏᚣ,472
penetrated,8520815,1,ᛈᛖᚾᛖᛏᚱᚪᛏᛖᛞ,588
conciliation,8513998,1,ᚳᚩᚾᚳᛁᛚᛡᛏᛡᚾ,468
dysfunction,8510760,1,ᛞᚣᛋᚠᚢᚾᚳᛏᛡᚾ,487
wastewater,8484799,1,ᚹᚪᛋᛏᛖᚹᚪᛏᛖᚱ,548
spacecraft,8477804,1,ᛋᛈᚪᚳᛖᚳᚱᚪᚠᛏ,455
vaccination,8477366,1,ᚢᚪᚳᚳᛁᚾᚪᛏᛡᚾ,478
conjecture,8474335,1,ᚳᚩᚾᛂᛖᚳᛏᚢᚱᛖ,306
aggregation,8457234,1,ᚪᚷᚷᚱᛖᚷᚪᛏᛡᚾ,518
alcoholism,8452723,1,ᚪᛚᚳᚩᚻᚩᛚᛁᛋᛗ,448
exponential,8445637,1,ᛖᛉᛈᚩᚾᛖᚾᛏᛡᛚ,528
unfinished,8425081,1,ᚢᚾᚠᛁᚾᛁᛋᚻᛖᛞ,357
culturally,8413306,1,ᚳᚢᛚᛏᚢᚱᚪᛚᛚᚣ,508
excavations,8401123,1,ᛖᛉᚳᚪᚢᚪᛏᛡᚾᛋ,572
reflective,8400388,1,ᚱᛖᚠᛚᛖᚳᛏᛁᚢᛖ,393
anatomical,8391693,1,ᚪᚾᚪᛏᚩᛗᛁᚳᚪᛚ,574
superseded,8358711,1,ᛋᚢᛈᛖᚱᛋᛖᛞᛖᛞ,542
classrooms,8348491,1,ᚳᛚᚪᛋᛋᚱᚩᚩᛗᛋ,438
duplication,8328642,1,ᛞᚢᛈᛚᛁᚳᚪᛏᛡᚾ,544
bitterness,8323055,1,ᛒᛁᛏᛏᛖᚱᚾᛖᛋᛋ,490
apprentice,8303329,1,ᚪᛈᛈᚱᛖᚾᛏᛁᚳᛖ,460
insistence,8292873,1,ᛁᚾᛋᛁᛋᛏᛖᚾᚳᛖ,432
chemically,8280917,1,ᚳᚻᛖᛗᛁᚳᚪᛚᛚᚣ,564
illustrious,8246207,1,ᛁᛚᛚᚢᛋᛏᚱᛡᚢᛋ,466
landowners,8245614,1,ᛚᚪᚾᛞᚩᚹᚾᛖᚱᛋ,474
harassment,8235139,1,ᚻᚪᚱᚪᛋᛋᛗᛖᚾᛏ,560
inferences,8201335,1,ᛁᚾᚠᛖᚱᛖᚾᚳᛖᛋ,369
endeavoured,8199078,1,ᛖᚾᛞᛠᚢᚩᚢᚱᛖᛞ,474
assurances,8197338,1,ᚪᛋᛋᚢᚱᚪᚾᚳᛖᛋ,476
illuminating,8189687,1,ᛁᛚᛚᚢᛗᛁᚾᚪᛏᛝ,546
solicitors,8184819,1,ᛋᚩᛚᛁᚳᛁᛏᚩᚱᛋ,338
facilitating,8169456,1,ᚠᚪᚳᛁᛚᛁᛏᚪᛏᛝ,541
negatively,8151291,1,ᚾᛖᚷᚪᛏᛁᚢᛖᛚᚣ,546
debentures,8143411,1,ᛞᛖᛒᛖᚾᛏᚢᚱᛖᛋ,506
fraternity,8140866,1,ᚠᚱᚪᛏᛖᚱᚾᛁᛏᚣ,469
improperly,8140348,1,ᛁᛗᛈᚱᚩᛈᛖᚱᛚᚣ,460
freshwater,8134934,1,ᚠᚱᛖᛋᚻᚹᚪᛏᛖᚱ,409
deductible,8119976,1,ᛞᛖᛞᚢᚳᛏᛁᛒᛚᛖ,552
unaffected,8112609,1,ᚢᚾᚪᚠᚠᛖᚳᛏᛖᛞ,428
trajectory,8110674,1,ᛏᚱᚪᛂᛖᚳᛏᚩᚱᚣ,464
germination,8104108,1,ᚷᛖᚱᛗᛁᚾᚪᛏᛡᚾ,518
temperance,8086724,1,ᛏᛖᛗᛈᛖᚱᚪᚾᚳᛖ,524
stochastic,8082918,1,ᛋᛏᚩᚳᚻᚪᛋᛏᛁᚳ,408
observable,8079803,1,ᚩᛒᛋᛖᚱᚢᚪᛒᛚᛖ,500
implicitly,8045309,1,ᛁᛗᛈᛚᛁᚳᛁᛏᛚᚣ,528
attractions,8032554,1,ᚪᛏᛏᚱᚪᚳᛏᛡᚾᛋ,584
discourage,8030622,1,ᛞᛁᛋᚳᚩᚢᚱᚪᚷᛖ,388
kilometers,8006389,1,ᚳᛁᛚᚩᛗᛖᛏᛖᚱᛋ,452
ecosystems,8002025,1,ᛖᚳᚩᛋᚣᛋᛏᛖᛗᛋ,546
dissociation,7990107,1,ᛞᛁᛋᛋᚩᚳᛡᛏᛡᚾ,548
summarizes,7978377,1,ᛋᚢᛗᛗᚪᚱᛁᛋᛖᛋ,510
progressed,7972780,1,ᛈᚱᚩᚷᚱᛖᛋᛋᛖᛞ,418
substrates,7970555,1,ᛋᚢᛒᛋᛏᚱᚪᛏᛖᛋ,516
competitor,7969690,1,ᚳᚩᛗᛈᛖᛏᛁᛏᚩᚱ,368
aggravated,7969298,1,ᚪᚷᚷᚱᚪᚢᚪᛏᛖᛞ,554
translator,7968473,1,ᛏᚱᚪᚾᛋᛚᚪᛏᚩᚱ,496
competency,7947119,1,ᚳᚩᛗᛈᛖᛏᛖᚾᚳᚣ,472
allocations,7944495,1,ᚪᛚᛚᚩᚳᚪᛏᛡᚾᛋ,608
inherently,7941717,1,ᛁᚾᚻᛖᚱᛖᚾᛏᛚᚣ,492
refractory,7935663,1,ᚱᛖᚠᚱᚪᚳᛏᚩᚱᚣ,381
perceptual,7933338,1,ᛈᛖᚱᚳᛖᛈᛏᚢᚪᛚ,476
supposition,7919889,1,ᛋᚢᛈᛈᚩᛋᛁᛏᛡᚾ,428
luxembourg,7907868,1,ᛚᚢᛉᛖᛗᛒᚩᚢᚱᚷ,360
currencies,7901791,1,ᚳᚢᚱᚱᛖᚾᚳᛁᛖᛋ,298
abundantly,7886936,1,ᚪᛒᚢᚾᛞᚪᚾᛏᛚᚣ,640
landscapes,7885255,1,ᛚᚪᚾᛞᛋᚳᚪᛈᛖᛋ,614
improbable,7870170,1,ᛁᛗᛈᚱᚩᛒᚪᛒᛚᛖ,522
reconsider,7853283,1,ᚱᛖᚳᚩᚾᛋᛁᛞᛖᚱ,378
lancashire,7804633,1,ᛚᚪᚾᚳᚪᛋᚻᛁᚱᛖ,494
liberalism,7802071,1,ᛚᛁᛒᛖᚱᚪᛚᛁᛋᛗ,568
ultraviolet,7785222,1,ᚢᛚᛏᚱᚪᚢᛡᛚᛖᛏ,552
articulate,7763032,1,ᚪᚱᛏᛁᚳᚢᛚᚪᛏᛖ,510
divergence,7753416,1,ᛞᛁᚢᛖᚱᚷᛖᚾᚳᛖ,394
credentials,7751955,1,ᚳᚱᛖᛞᛖᚾᛏᛡᛚᛋ,568
depository,7747879,1,ᛞᛖᛈᚩᛋᛁᛏᚩᚱᚣ,470
downstairs,7745821,1,ᛞᚩᚹᚾᛋᛏᚪᛁᚱᛋ,448
geometrical,7727395,1,ᚷᛇᛗᛖᛏᚱᛁᚳᚪᛚ,480
spectators,7714027,1,ᛋᛈᛖᚳᛏᚪᛏᚩᚱᛋ,462
clinically,7710800,1,ᚳᛚᛁᚾᛁᚳᚪᛚᛚᚣ,536
regulators,7693519,1,ᚱᛖᚷᚢᛚᚪᛏᚩᚱᛋ,398
externally,7672799,1,ᛖᛉᛏᛖᚱᚾᚪᛚᛚᚣ,626
unification,7668082,1,ᚢᚾᛁᚠᛁᚳᚪᛏᛡᚾ,401
admittedly,7650426,1,ᚪᛞᛗᛁᛏᛏᛖᛞᛚᚣ,738
indulgence,7650030,1,ᛁᚾᛞᚢᛚᚷᛖᚾᚳᛖ,418
shortcomings,7649544,1,ᛋᚻᚩᚱᛏᚳᚩᛗᛝᛋ,376
engagements,7636839,1,ᛖᛝᚪᚷᛖᛗᛖᚾᛏᛋ,606
chloroform,7629177,1,ᚳᚻᛚᚩᚱᚩᚠᚩᚱᛗ,225
nominations,7598085,1,ᚾᚩᛗᛁᚾᚪᛏᛡᚾᛋ,512
geophysical,7595019,1,ᚷᛇᛈᚻᚣᛋᛁᚳᚪᛚ,494
discontent,7581746,1,ᛞᛁᛋᚳᚩᚾᛏᛖᚾᛏ,436
connective,7561872,1,ᚳᚩᚾᚾᛖᚳᛏᛁᚢᛖ,318
performers,7526742,1,ᛈᛖᚱᚠᚩᚱᛗᛖᚱᛋ,343
expectancy,7523814,1,ᛖᛉᛈᛖᚳᛏᚪᚾᚳᚣ,538
ascertaining,7514143,1,ᚪᛋᚳᛖᚱᛏᚪᛁᚾᛝ,536
seriousness,7506522,1,ᛋᛖᚱᛡᚢᛋᚾᛖᛋᛋ,496
enumeration,7498456,1,ᛖᚾᚢᛗᛖᚱᚪᛏᛡᚾ,540
chronology,7460436,1,ᚳᚻᚱᚩᚾᚩᛚᚩᚷᚣ,290
compliment,7451196,1,ᚳᚩᛗᛈᛚᛁᛗᛖᚾᛏ,464
repentance,7450484,1,ᚱᛖᛈᛖᚾᛏᚪᚾᚳᛖ,482
millennium,7448268,1,ᛗᛁᛚᛚᛖᚾᚾᛁᚢᛗ,478
inoculation,7423682,1,ᛁᚾᚩᚳᚢᛚᚪᛏᛡᚾ,448
interfered,7417369,1,ᛁᚾᛏᛖᚱᚠᛖᚱᛖᛞ,433
horsepower,7416451,1,ᚻᚩᚱᛋᛖᛈᚩᚹᛖᚱ,308
attenuation,7412265,1,ᚪᛏᛏᛖᚾᚢᚪᛏᛡᚾ,606
persuasive,7407502,1,ᛈᛖᚱᛋᚢᚪᛋᛁᚢᛖ,428
pilgrimage,7406432,1,ᛈᛁᛚᚷᚱᛁᛗᚪᚷᛖ,458
eliminates,7396242,1,ᛖᛚᛁᛗᛁᚾᚪᛏᛖᛋ,578
distressed,7378379,1,ᛞᛁᛋᛏᚱᛖᛋᛋᛖᛞ,572
telephones,7328748,1,ᛏᛖᛚᛖᛈᚻᚩᚾᛖᛋ,488
ironically,7323784,1,ᛁᚱᚩᚾᛁᚳᚪᛚᛚᚣ,468
rationality,7318167,1,ᚱᚪᛏᛡᚾᚪᛚᛁᛏᚣ,666
southampton,7310370,1,ᛋᚩᚢᚦᚪᛗᛈᛏᚩᚾ,374
accelerate,7310237,1,ᚪᚳᚳᛖᛚᛖᚱᚪᛏᛖ,564
consortium,7308955,1,ᚳᚩᚾᛋᚩᚱᛏᛁᚢᛗ,284
precedence,7306835,1,ᛈᚱᛖᚳᛖᛞᛖᚾᚳᛖ,466
heightened,7265282,1,ᚻᛖᛁᚷᚻᛏᛖᚾᛖᛞ,472
microfiche,7262950,1,ᛗᛁᚳᚱᚩᚠᛁᚳᚻᛖ,269
directives,7252289,1,ᛞᛁᚱᛖᚳᛏᛁᚢᛖᛋ,424
compounded,7238895,1,ᚳᚩᛗᛈᚩᚢᚾᛞᛖᛞ,418
restitution,7203545,1,ᚱᛖᛋᛏᛁᛏᚢᛏᛡᚾ,478
consolation,7188561,1,ᚳᚩᚾᛋᚩᛚᚪᛏᛡᚾ,474
affidavits,7180667,1,ᚪᚠᚠᛁᛞᚪᚢᛁᛏᛋ,464
normalized,7142925,1,ᚾᚩᚱᛗᚪᛚᛁᛋᛖᛞ,528
synthesized,7142543,1,ᛋᚣᚾᚦᛖᛋᛁᛋᛖᛞ,550
livelihood,7138773,1,ᛚᛁᚢᛖᛚᛁᚻᚩᚩᛞ,404
inaccurate,7122368,1,ᛁᚾᚪᚳᚳᚢᚱᚪᛏᛖ,420
censorship,7122084,1,ᚳᛖᚾᛋᚩᚱᛋᚻᛁᛈ,330
programmed,7109170,1,ᛈᚱᚩᚷᚱᚪᛗᛗᛖᛞ,484
promissory,7104949,1,ᛈᚱᚩᛗᛁᛋᛋᚩᚱᚣ,390
predictive,7083133,1,ᛈᚱᛖᛞᛁᚳᛏᛁᚢᛖ,414
westinghouse,7075653,1,ᚹᛖᛋᛏᛝᚻᚩᚢᛋᛖ,430
expeditions,7073101,1,ᛖᛉᛈᛖᛞᛁᛏᛡᚾᛋ,592
durability,7062071,1,ᛞᚢᚱᚪᛒᛁᛚᛁᛏᚣ,558
evaporated,7056270,1,ᛖᚢᚪᛈᚩᚱᚪᛏᛖᛞ,540
restraints,7034501,1,ᚱᛖᛋᛏᚱᚪᛁᚾᛏᛋ,470
stabilized,7034451,1,ᛋᛏᚪᛒᛁᛚᛁᛋᛖᛞ,614
composites,7022667,1,ᚳᚩᛗᛈᚩᛋᛁᛏᛖᛋ,404
oppressive,6988724,1,ᚩᛈᛈᚱᛖᛋᛋᛁᚢᛖ,378
metallurgy,6981949,1,ᛗᛖᛏᚪᛚᛚᚢᚱᚷᚣ,574
elaborated,6973704,1,ᛖᛚᚪᛒᚩᚱᚪᛏᛖᛞ,628
prejudicial,6963026,1,ᛈᚱᛖᛂᚢᛞᛁᚳᛡᛚ,474
specialties,6952248,1,ᛋᛈᛖᚳᛡᛚᛏᛁᛖᛋ,566
fulfilment,6948794,1,ᚠᚢᛚᚠᛁᛚᛗᛖᚾᛏ,410
oscillation,6940189,1,ᚩᛋᚳᛁᛚᛚᚪᛏᛡᚾ,542
counselors,6922082,1,ᚳᚩᚢᚾᛋᛖᛚᚩᚱᛋ,316
assemblage,6916084,1,ᚪᛋᛋᛖᛗᛒᛚᚪᚷᛖ,656
constructs,6874043,1,ᚳᚩᚾᛋᛏᚱᚢᚳᛏᛋ,300
affirmation,6872373,1,ᚪᚠᚠᛁᚱᛗᚪᛏᛡᚾ,506
randomized,6858259,1,ᚱᚪᚾᛞᚩᛗᛁᛋᛖᛞ,544
enormously,6847668,1,ᛖᚾᚩᚱᛗᚩᚢᛋᛚᚣ,424
subdivided,6830814,1,ᛋᚢᛒᛞᛁᚢᛁᛞᛖᛞ,516
endogenous,6816900,1,ᛖᚾᛞᚩᚷᛖᚾᚩᚢᛋ,368
oscillator,6811628,1,ᚩᛋᚳᛁᛚᛚᚪᛏᚩᚱ,424
directional,6802166,1,ᛞᛁᚱᛖᚳᛏᛡᚾᚪᛚ,576
operatives,6797915,1,ᚩᛈᛖᚱᚪᛏᛁᚢᛖᛋ,438
marvellous,6753335,1,ᛗᚪᚱᚢᛖᛚᛚᚩᚢᛋ,458
residences,6740062,1,ᚱᛖᛋᛁᛞᛖᚾᚳᛖᛋ,480
promotional,6707984,1,ᛈᚱᚩᛗᚩᛏᛡᚾᚪᛚ,504
reconciled,6699522,1,ᚱᛖᚳᚩᚾᚳᛁᛚᛖᛞ,400
flourished,6697430,1,ᚠᛚᚩᚢᚱᛁᛋᚻᛖᛞ,359
perforated,6669481,1,ᛈᛖᚱᚠᚩᚱᚪᛏᛖᛞ,453
intoxicating,6660653,1,ᛁᚾᛏᚩᛉᛁᚳᚪᛏᛝ,452
decorations,6629322,1,ᛞᛖᚳᚩᚱᚪᛏᛡᚾᛋ,532
transistor,6611713,1,ᛏᚱᚪᚾᛋᛁᛋᛏᚩᚱ,410
underwater,6600284,1,ᚢᚾᛞᛖᚱᚹᚪᛏᛖᚱ,452
chronicles,6577955,1,ᚳᚻᚱᚩᚾᛁᚳᛚᛖᛋ,320
extinguished,6569487,1,ᛖᛉᛏᛝᚢᛁᛋᚻᛖᛞ,518
parentheses,6550902,1,ᛈᚪᚱᛖᚾᚦᛖᛋᛖᛋ,492
ultrasound,6547595,1,ᚢᛚᛏᚱᚪᛋᚩᚢᚾᛞ,424
catalogues,6538704,1,ᚳᚪᛏᚪᛚᚩᚷᚢᛖᛋ,486
protracted,6523518,1,ᛈᚱᚩᛏᚱᚪᚳᛏᛖᛞ,456
manifestly,6515199,1,ᛗᚪᚾᛁᚠᛖᛋᛏᛚᚣ,585
transplant,6496900,1,ᛏᚱᚪᚾᛋᛈᛚᚪᚾᛏ,550
inhibitory,6496712,1,ᛁᚾᚻᛁᛒᛁᛏᚩᚱᚣ,386
outpatient,6488063,1,ᚩᚢᛏᛈᚪᛏᛁᛖᚾᛏ,454
insolvency,6469675,1,ᛁᚾᛋᚩᛚᚢᛖᚾᚳᚣ,408
repository,6453588,1,ᚱᛖᛈᚩᛋᛁᛏᚩᚱᚣ,392
elaboration,6450449,1,ᛖᛚᚪᛒᚩᚱᚪᛏᛡᚾ,608
triumphant,6448524,1,ᛏᚱᛁᚢᛗᛈᚻᚪᚾᛏ,426
unsuitable,6429298,1,ᚢᚾᛋᚢᛁᛏᚪᛒᛚᛖ,476
segregated,6427968,1,ᛋᛖᚷᚱᛖᚷᚪᛏᛖᛞ,544
loneliness,6425150,1,ᛚᚩᚾᛖᛚᛁᚾᛖᛋᛋ,482
allotments,6409874,1,ᚪᛚᛚᚩᛏᛗᛖᚾᛏᛋ,588
discounted,6404440,1,ᛞᛁᛋᚳᚩᚢᚾᛏᛖᛞ,440
penicillin,6400318,1,ᛈᛖᚾᛁᚳᛁᛚᛚᛁᚾ,420
molybdenum,6386008,1,ᛗᚩᛚᚣᛒᛞᛖᚾᚢᛗ,574
beforehand,6385321,1,ᛒᛖᚠᚩᚱᛖᚻᚪᚾᛞ,453
miraculous,6374291,1,ᛗᛁᚱᚪᚳᚢᛚᚩᚢᛋ,362
monumental,6361246,1,ᛗᚩᚾᚢᛗᛖᚾᛏᚪᛚ,506
decomposed,6354490,1,ᛞᛖᚳᚩᛗᛈᚩᛋᛖᛞ,506
synonymous,6334573,1,ᛋᚣᚾᚩᚾᚣᛗᚩᚢᛋ,458
distracted,6305128,1,ᛞᛁᛋᛏᚱᚪᚳᛏᛖᛞ,568
affordable,6304362,1,ᚪᚠᚠᚩᚱᛞᚪᛒᛚᛖ,506
heidelberg,6303983,1,ᚻᛖᛁᛞᛖᛚᛒᛖᚱᚷ,506
scholastic,6288706,1,ᛋᚳᚻᚩᛚᚪᛋᛏᛁᚳ,422
homosexual,6282590,1,ᚻᚩᛗᚩᛋᛖᛉᚢᚪᛚ,448
carpenters,6279440,1,ᚳᚪᚱᛈᛖᚾᛏᛖᚱᛋ,450
cleanliness,6266464,1,ᚳᛚᛠᚾᛚᛁᚾᛖᛋᛋ,530
fluctuation,6259482,1,ᚠᛚᚢᚳᛏᚢᚪᛏᛡᚾ,445
hemoglobin,6246776,1,ᚻᛖᛗᚩᚷᛚᚩᛒᛁᚾ,386
proponents,6206121,1,ᛈᚱᚩᛈᚩᚾᛖᚾᛏᛋ,348
referenced,6203200,1,ᚱᛖᚠᛖᚱᛖᚾᚳᛖᛞ,423
auditorium,6194582,1,ᚪᚢᛞᛁᛏᚩᚱᛁᚢᛗ,402
dissipation,6190799,1,ᛞᛁᛋᛋᛁᛈᚪᛏᛡᚾ,592
vernacular,6163499,1,ᚢᛖᚱᚾᚪᚳᚢᛚᚪᚱ,404
cheerfully,6148480,1,ᚳᚻᛖᛖᚱᚠᚢᛚᛚᚣ,435
foodstuffs,6147799,1,ᚠᚩᚩᛞᛋᛏᚢᚠᚠᛋ,277
commandant,6124968,1,ᚳᚩᛗᛗᚪᚾᛞᚪᚾᛏ,562
repetitive,6109269,1,ᚱᛖᛈᛖᛏᛁᛏᛁᚢᛖ,438
receptacle,6090231,1,ᚱᛖᚳᛖᛈᛏᚪᚳᛚᛖ,510
accusations,6082116,1,ᚪᚳᚳᚢᛋᚪᛏᛡᚾᛋ,524
underwriting,6078500,1,ᚢᚾᛞᛖᚱᚹᚱᛁᛏᛝ,398
justifiable,6067973,1,ᛂᚢᛋᛏᛁᚠᛡᛒᛚᛖ,493
precedents,6066905,1,ᛈᚱᛖᚳᛖᛞᛖᚾᛏᛋ,498
monographs,6049551,1,ᛗᚩᚾᚩᚷᚱᚪᛈᚻᛋ,358
implicated,6047395,1,ᛁᛗᛈᛚᛁᚳᚪᛏᛖᛞ,574
northampton,6047110,1,ᚾᚩᚱᚦᚪᛗᛈᛏᚩᚾ,358
obligatory,6035257,1,ᚩᛒᛚᛁᚷᚪᛏᚩᚱᚣ,466
dispatched,6034055,1,ᛞᛁᛋᛈᚪᛏᚳᚻᛖᛞ,564
concentric,6019359,1,ᚳᚩᚾᚳᛖᚾᛏᚱᛁᚳ,272
approbation,6014773,1,ᚪᛈᛈᚱᚩᛒᚪᛏᛡᚾ,554
continents,6013823,1,ᚳᚩᚾᛏᛁᚾᛖᚾᛏᛋ,376
foreground,6010763,1,ᚠᚩᚱᛖᚷᚱᚩᚢᚾᛞ,243
increments,6008465,1,ᛁᚾᚳᚱᛖᛗᛖᚾᛏᛋ,430
terrorists,6001574,1,ᛏᛖᚱᚱᚩᚱᛁᛋᛏᛋ,362
contradict,5966203,1,ᚳᚩᚾᛏᚱᚪᛞᛁᚳᛏ,408
reportedly,5943458,1,ᚱᛖᛈᚩᚱᛏᛖᛞᛚᚣ,530
advertiser,5939131,1,ᚪᛞᚢᛖᚱᛏᛁᛋᛖᚱ,488
ultrasonic,5931529,1,ᚢᛚᛏᚱᚪᛋᚩᚾᛁᚳ,376
embarrassing,5884926,1,ᛖᛗᛒᚪᚱᚱᚪᛋᛋᛝ,600
playground,5875968,1,ᛈᛚᚪᚣᚷᚱᚩᚢᚾᛞ,472
apportioned,5867758,1,ᚪᛈᛈᚩᚱᛏᛡᚾᛖᛞ,552
exportation,5865014,1,ᛖᛉᛈᚩᚱᛏᚪᛏᛡᚾ,526
generously,5857229,1,ᚷᛖᚾᛖᚱᚩᚢᛋᛚᚣ,430
refractive,5847211,1,ᚱᛖᚠᚱᚪᚳᛏᛁᚢᛖ,361
appreciably,5846452,1,ᚪᛈᛈᚱᛖᚳᛡᛒᛚᚣ,618
adaptations,5841606,1,ᚪᛞᚪᛈᛏᚪᛏᛡᚾᛋ,730
trademarks,5838770,1,ᛏᚱᚪᛞᛖᛗᚪᚱᚳᛋ,568
stereotypes,5834366,1,ᛋᛏᛖᚱᛇᛏᚣᛈᛖᛋ,556
dependable,5831499,1,ᛞᛖᛈᛖᚾᛞᚪᛒᛚᛖ,682
inoculated,5818848,1,ᛁᚾᚩᚳᚢᛚᚪᛏᛖᛞ,468
subsurface,5818611,1,ᛋᚢᛒᛋᚢᚱᚠᚪᚳᛖ,363
catholicism,5801890,1,ᚳᚪᚦᚩᛚᛁᚳᛁᛋᛗ,394
phosphoric,5801107,1,ᛈᚻᚩᛋᛈᚻᚩᚱᛁᚳ,254
impatience,5790394,1,ᛁᛗᛈᚪᛏᛁᛖᚾᚳᛖ,508
subsections,5779521,1,ᛋᚢᛒᛋᛖᚳᛏᛡᚾᛋ,498
electorate,5774802,1,ᛖᛚᛖᚳᛏᚩᚱᚪᛏᛖ,520
prospectus,5772835,1,ᛈᚱᚩᛋᛈᛖᚳᛏᚢᛋ,352
stratified,5772760,1,ᛋᛏᚱᚪᛏᛁᚠᛁᛖᛞ,499
colonialism,5770164,1,ᚳᚩᛚᚩᚾᛡᛚᛁᛋᛗ,464
manipulate,5768431,1,ᛗᚪᚾᛁᛈᚢᛚᚪᛏᛖ,570
accelerating,5764799,1,ᚪᚳᚳᛖᛚᛖᚱᚪᛏᛝ,576
utterances,5757433,1,ᚢᛏᛏᛖᚱᚪᚾᚳᛖᛋ,458
kilometres,5751738,1,ᚳᛁᛚᚩᛗᛖᛏᚱᛖᛋ,452
impeachment,5734091,1,ᛁᛗᛈᛠᚳᚻᛗᛖᚾᛏ,516
vegetative,5731522,1,ᚢᛖᚷᛖᛏᚪᛏᛁᚢᛖ,470
confessions,5727582,1,ᚳᚩᚾᚠᛖᛋᛋᛡᚾᛋ,413
franchises,5726508,1,ᚠᚱᚪᚾᚳᚻᛁᛋᛖᛋ,379
degenerate,5722706,1,ᛞᛖᚷᛖᚾᛖᚱᚪᛏᛖ,570
inadequacy,5718488,1,ᛁᚾᚪᛞᛖᚳᚹᚪᚳᚣ,558
harrisburg,5716720,1,ᚻᚪᚱᚱᛁᛋᛒᚢᚱᚷ,318
strawberry,5714669,1,ᛋᛏᚱᚪᚹᛒᛖᚱᚱᚣ,492
fascination,5709080,1,ᚠᚪᛋᚳᛁᚾᚪᛏᛡᚾ,517
depositions,5708685,1,ᛞᛖᛈᚩᛋᛁᛏᛡᚾᛋ,538
prejudiced,5688736,1,ᛈᚱᛖᛂᚢᛞᛁᚳᛖᛞ,450
industrious,5685206,1,ᛁᚾᛞᚢᛋᛏᚱᛡᚢᛋ,438
transports,5681494,1,ᛏᚱᚪᚾᛋᛈᚩᚱᛏᛋ,422
coagulation,5674664,1,ᚳᚩᚪᚷᚢᛚᚪᛏᛡᚾ,502
typewriter,5647844,1,ᛏᚣᛈᛖᚹᚱᛁᛏᛖᚱ,470
adjectives,5633819,1,ᚪᛞᛂᛖᚳᛏᛁᚢᛖᛋ,516
naturalist,5630284,1,ᚾᚪᛏᚢᚱᚪᛚᛁᛋᛏ,512
descendant,5629846,1,ᛞᛖᛋᚳᛖᚾᛞᚪᚾᛏ,592
respectful,5621980,1,ᚱᛖᛋᛈᛖᚳᛏᚠᚢᛚ,391
calibrated,5621823,1,ᚳᚪᛚᛁᛒᚱᚪᛏᛖᛞ,598
incredibly,5609180,1,ᛁᚾᚳᚱᛖᛞᛁᛒᛚᚣ,508
incapacity,5602611,1,ᛁᚾᚳᚪᛈᚪᚳᛁᛏᚣ,516
postulated,5602219,1,ᛈᚩᛋᛏᚢᛚᚪᛏᛖᛞ,550
submarines,5594174,1,ᛋᚢᛒᛗᚪᚱᛁᚾᛖᛋ,476
lubrication,5580501,1,ᛚᚢᛒᚱᛁᚳᚪᛏᛡᚾ,484
punishable,5572582,1,ᛈᚢᚾᛁᛋᚻᚪᛒᛚᛖ,480
volatility,5571637,1,ᚢᚩᛚᚪᛏᛁᛚᛁᛏᚣ,536
undermined,5561594,1,ᚢᚾᛞᛖᚱᛗᛁᚾᛖᛞ,486
microphone,5561019,1,ᛗᛁᚳᚱᚩᛈᚻᚩᚾᛖ,302
antecedent,5536112,1,ᚪᚾᛏᛖᚳᛖᛞᛖᚾᛏ,576
versailles,5531943,1,ᚢᛖᚱᛋᚪᛁᛚᛚᛖᛋ,528
bourgeoisie,5530916,1,ᛒᚩᚢᚱᚷᛇᛁᛋᛁᛖ,322
interviewing,5526958,1,ᛁᚾᛏᛖᚱᚢᛁᛖᚹᛝ,396
appendices,5521034,1,ᚪᛈᛈᛖᚾᛞᛁᚳᛖᛋ,532
submissions,5514206,1,ᛋᚢᛒᛗᛁᛋᛋᛡᚾᛋ,514
tournament,5513677,1,ᛏᚩᚢᚱᚾᚪᛗᛖᚾᛏ,432
biographies,5507416,1,ᛒᛡᚷᚱᚪᛈᚻᛁᛖᛋ,510
subsidized,5502771,1,ᛋᚢᛒᛋᛁᛞᛁᛋᛖᛞ,530
erroneously,5498327,1,ᛖᚱᚱᚩᚾᛇᚢᛋᛚᚣ,398
appalachian,5496156,1,ᚪᛈᛈᚪᛚᚪᚳᚻᛡᚾ,622
fascinated,5479983,1,ᚠᚪᛋᚳᛁᚾᚪᛏᛖᛞ,537
propensity,5454164,1,ᛈᚱᚩᛈᛖᚾᛋᛁᛏᚣ,446
disposable,5438991,1,ᛞᛁᛋᛈᚩᛋᚪᛒᛚᛖ,574
incarnation,5425508,1,ᛁᚾᚳᚪᚱᚾᚪᛏᛡᚾ,502
detectable,5424111,1,ᛞᛖᛏᛖᚳᛏᚪᛒᛚᛖ,652
frameworks,5412847,1,ᚠᚱᚪᛗᛖᚹᚩᚱᚳᛋ,351
convulsions,5409799,1,ᚳᚩᚾᚢᚢᛚᛋᛡᚾᛋ,370
behavioural,5391292,1,ᛒᛖᚻᚪᚢᛡᚢᚱᚪᛚ,542
profitably,5379011,1,ᛈᚱᚩᚠᛁᛏᚪᛒᛚᚣ,487
eradication,5367829,1,ᛖᚱᚪᛞᛁᚳᚪᛏᛡᚾ,600
sandstones,5357068,1,ᛋᚪᚾᛞᛋᛏᚩᚾᛖᛋ,536
patriarchal,5345883,1,ᛈᚪᛏᚱᛡᚱᚳᚻᚪᛚ,534
predicated,5339891,1,ᛈᚱᛖᛞᛁᚳᚪᛏᛖᛞ,566
embankment,5332684,1,ᛖᛗᛒᚪᚾᚳᛗᛖᚾᛏ,564
breakthrough,5320741,1,ᛒᚱᛠᚳᚦᚱᚩᚢᚷᚻ,260
antagonism,5320471,1,ᚪᚾᛏᚪᚷᚩᚾᛁᛋᛗ,490
wickedness,5318679,1,ᚹᛁᚳᚳᛖᛞᚾᛖᛋᛋ,434
terminates,5297779,1,ᛏᛖᚱᛗᛁᚾᚪᛏᛖᛋ,544
asymptotic,5287495,1,ᚪᛋᚣᛗᛈᛏᚩᛏᛁᚳ,536
worshipped,5274862,1,ᚹᚩᚱᛋᚻᛁᛈᛈᛖᛞ,386
asymmetric,5270700,1,ᚪᛋᚣᛗᛗᛖᛏᚱᛁᚳ,576
unrealistic,5262763,1,ᚢᚾᚱᛠᛚᛁᛋᛏᛁᚳ,412
transforms,5260063,1,ᛏᚱᚪᚾᛋᚠᚩᚱᛗᛋ,393
repertoire,5255136,1,ᚱᛖᛈᛖᚱᛏᚩᛁᚱᛖ,374
interposed,5245306,1,ᛁᚾᛏᛖᚱᛈᚩᛋᛖᛞ,456
requisition,5239335,1,ᚱᛖᚳᚹᛁᛋᛁᛏᛡᚾ,420
girlfriend,5236272,1,ᚷᛁᚱᛚᚠᚱᛁᛖᚾᛞ,361
inquisition,5211963,1,ᛁᚾᚳᚹᛁᛋᛁᛏᛡᚾ,402
correlates,5199360,1,ᚳᚩᚱᚱᛖᛚᚪᛏᛖᛋ,458
enforceable,5193692,1,ᛖᚾᚠᚩᚱᚳᛠᛒᛚᛖ,439
confounded,5186987,1,ᚳᚩᚾᚠᚩᚢᚾᛞᛖᛞ,335
embodiment,5179957,1,ᛖᛗᛒᚩᛞᛁᛗᛖᚾᛏ,552
monopolies,5177776,1,ᛗᚩᚾᚩᛈᚩᛚᛁᛖᛋ,388
insecurity,5177268,1,ᛁᚾᛋᛖᚳᚢᚱᛁᛏᚣ,400
quaternary,5166621,1,ᚳᚹᚪᛏᛖᚱᚾᚪᚱᚣ,506
unlawfully,5141551,1,ᚢᚾᛚᚪᚹᚠᚢᛚᛚᚣ,475
meteorology,5116763,1,ᛗᛖᛏᛇᚱᚩᛚᚩᚷᚣ,456
revelations,5116286,1,ᚱᛖᚢᛖᛚᚪᛏᛡᚾᛋ,566
broadcasts,5113866,1,ᛒᚱᚩᚪᛞᚳᚪᛋᛏᛋ,540
entomology,5111616,1,ᛖᚾᛏᚩᛗᚩᛚᚩᚷᚣ,440
trustworthy,5108310,1,ᛏᚱᚢᛋᛏᚹᚩᚱᚦᚣ,330
distortions,5106030,1,ᛞᛁᛋᛏᚩᚱᛏᛡᚾᛋ,498
depressions,5101604,1,ᛞᛖᛈᚱᛖᛋᛋᛡᚾᛋ,572
delegations,5097262,1,ᛞᛖᛚᛖᚷᚪᛏᛡᚾᛋ,658
fragmented,5077897,1,ᚠᚱᚪᚷᛗᛖᚾᛏᛖᛞ,509
materialism,5073768,1,ᛗᚪᛏᛖᚱᛡᛚᛁᛋᛗ,640
progresses,5061436,1,ᛈᚱᚩᚷᚱᛖᛋᛋᛖᛋ,382
contextual,5060311,1,ᚳᚩᚾᛏᛖᛉᛏᚢᚪᛚ,454
expediency,5053161,1,ᛖᛉᛈᛖᛞᛁᛖᚾᚳᚣ,556
pretensions,5038797,1,ᛈᚱᛖᛏᛖᚾᛋᛡᚾᛋ,518
powerfully,5030249,1,ᛈᚩᚹᛖᚱᚠᚢᛚᛚᚣ,401
abbreviated,5030104,1,ᚪᛒᛒᚱᛖᚢᛡᛏᛖᛞ,622
limestones,5025946,1,ᛚᛁᛗᛖᛋᛏᚩᚾᛖᛋ,510
specialised,5020417,1,ᛋᛈᛖᚳᛡᛚᛁᛋᛖᛞ,596
bartholomew,5003204,1,ᛒᚪᚱᚦᚩᛚᚩᛗᛖᚹ,418
zoological,4993184,0,ᛋᚩᚩᛚᚩᚷᛁᚳᚪᛚ,378
concealment,4984953,1,ᚳᚩᚾᚳᛠᛚᛗᛖᚾᛏ,470
stephenson,4981473,1,ᛋᛏᛖᛈᚻᛖᚾᛋᚩᚾ,430
intervened,4978600,1,ᛁᚾᛏᛖᚱᚢᛖᚾᛖᛞ,452
diminishes,4978171,1,ᛞᛁᛗᛁᚾᛁᛋᚻᛖᛋ,478
impersonal,4977373,1,ᛁᛗᛈᛖᚱᛋᚩᚾᚪᛚ,482
invitations,4976647,1,ᛁᚾᚢᛁᛏᚪᛏᛡᚾᛋ,498
peculiarity,4971098,1,ᛈᛖᚳᚢᛚᛡᚱᛁᛏᚣ,510
withdrawals,4967900,1,ᚹᛁᚦᛞᚱᚪᚹᚪᛚᛋ,494
aggregated,4957362,1,ᚪᚷᚷᚱᛖᚷᚪᛏᛖᛞ,538
amplitudes,4950283,1,ᚪᛗᛈᛚᛁᛏᚢᛞᛖᛋ,586
stimulates,4947516,1,ᛋᛏᛁᛗᚢᛚᚪᛏᛖᛋ,566
transducer,4943033,1,ᛏᚱᚪᚾᛋᛞᚢᚳᛖᚱ,432
proletariat,4934092,1,ᛈᚱᚩᛚᛖᛏᚪᚱᛡᛏ,534
propagated,4932664,1,ᛈᚱᚩᛈᚪᚷᚪᛏᛖᛞ,530
elliptical,4927534,1,ᛖᛚᛚᛁᛈᛏᛁᚳᚪᛚ,560
witchcraft,4926207,1,ᚹᛁᛏᚳᚻᚳᚱᚪᚠᛏ,327
motivations,4919656,1,ᛗᚩᛏᛁᚢᚪᛏᛡᚾᛋ,516
reiterated,4917159,1,ᚱᛖᛁᛏᛖᚱᚪᛏᛖᛞ,558
sculptures,4914730,1,ᛋᚳᚢᛚᛈᛏᚢᚱᛖᛋ,378
infrequent,4908859,1,ᛁᚾᚠᚱᛖᚳᚹᛖᚾᛏ,327
liquidated,4888437,1,ᛚᛁᚳᚹᛁᛞᚪᛏᛖᛞ,568
toxicology,4886432,0,ᛏᚩᛉᛁᚳᚩᛚᚩᚷᚣ,364
parametric,4886391,1,ᛈᚪᚱᚪᛗᛖᛏᚱᛁᚳ,500
anticipating,4882466,1,ᚪᚾᛏᛁᚳᛁᛈᚪᛏᛝ,538
elizabethan,4880844,1,ᛖᛚᛁᛋᚪᛒᛖᚦᚪᚾ,580
emphasised,4877124,1,ᛖᛗᛈᚻᚪᛋᛁᛋᛖᛞ,594
undisputed,4873173,1,ᚢᚾᛞᛁᛋᛈᚢᛏᛖᛞ,466
dissimilar,4869007,1,ᛞᛁᛋᛋᛁᛗᛁᛚᚪᚱ,540
housekeeping,4866379,1,ᚻᚩᚢᛋᛖᚳᛖᛖᛈᛝ,422
accumulating,4865786,1,ᚪᚳᚳᚢᛗᚢᛚᚪᛏᛝ,508
preoccupied,4864800,1,ᛈᚱᛇᚳᚳᚢᛈᛁᛖᛞ,354
phenomenal,4862353,1,ᛈᚻᛖᚾᚩᛗᛖᚾᚪᛚ,506
relativity,4859246,1,ᚱᛖᛚᚪᛏᛁᚢᛁᛏᚣ,534
imperialist,4858223,1,ᛁᛗᛈᛖᚱᛡᛚᛁᛋᛏ,546
generality,4856082,1,ᚷᛖᚾᛖᚱᚪᛚᛁᛏᚣ,554
greenville,4855113,1,ᚷᚱᛖᛖᚾᚢᛁᛚᛚᛖ,438
inducement,4847457,1,ᛁᚾᛞᚢᚳᛖᛗᛖᚾᛏ,458
spectacles,4846979,1,ᛋᛈᛖᚳᛏᚪᚳᛚᛖᛋ,538
undertakes,4825540,1,ᚢᚾᛞᛖᚱᛏᚪᚳᛖᛋ,488
tablespoon,4824584,1,ᛏᚪᛒᛚᛖᛋᛈᚩᚩᚾ,496
gratefully,4824484,1,ᚷᚱᚪᛏᛖᚠᚢᛚᛚᚣ,505
existential,4812325,1,ᛖᛉᛁᛋᛏᛖᚾᛏᛡᛚ,592
organizers,4805031,1,ᚩᚱᚷᚪᚾᛁᛋᛖᚱᛋ,376
antagonist,4801068,1,ᚪᚾᛏᚪᚷᚩᚾᛁᛋᛏ,478
uniqueness,4797571,1,ᚢᚾᛁᚳᚹᛖᚾᛖᛋᛋ,364
posteriorly,4792689,1,ᛈᚩᛋᛏᛖᚱᛡᚱᛚᚣ,534
corrugated,4783317,1,ᚳᚩᚱᚱᚢᚷᚪᛏᛖᛞ,374
redundancy,4780244,1,ᚱᛖᛞᚢᚾᛞᚪᚾᚳᚣ,530
magnitudes,4767016,1,ᛗᚪᚷᚾᛁᛏᚢᛞᛖᛋ,516
bewildered,4758119,1,ᛒᛖᚹᛁᛚᛞᛖᚱᛖᛞ,574
protections,4755147,1,ᛈᚱᚩᛏᛖᚳᛏᛡᚾᛋ,448
depositors,4750883,1,ᛞᛖᛈᚩᛋᛁᛏᚩᚱᛋ,420
ostensibly,4748236,1,ᚩᛋᛏᛖᚾᛋᛁᛒᛚᚣ,536
disordered,4746485,1,ᛞᛁᛋᚩᚱᛞᛖᚱᛖᛞ,514
multiplier,4745285,1,ᛗᚢᛚᛏᛁᛈᛚᛁᛖᚱ,462
illiterate,4737159,1,ᛁᛚᛚᛁᛏᛖᚱᚪᛏᛖ,568
endowments,4728876,1,ᛖᚾᛞᚩᚹᛗᛖᚾᛏᛋ,490
deportation,4725564,1,ᛞᛖᛈᚩᚱᛏᚪᛏᛡᚾ,568
tolerances,4713604,1,ᛏᚩᛚᛖᚱᚪᚾᚳᛖᛋ,476
phosphates,4712427,1,ᛈᚻᚩᛋᛈᚻᚪᛏᛖᛋ,468
meritorious,4709169,1,ᛗᛖᚱᛁᛏᚩᚱᛡᚢᛋ,420
vibrational,4705516,0,ᚢᛁᛒᚱᚪᛏᛡᚾᚪᛚ,568
transfusion,4705071,1,ᛏᚱᚪᚾᛋᚠᚢᛋᛡᚾ,443
counteract,4697997,1,ᚳᚩᚢᚾᛏᛖᚱᚪᚳᛏ,358
perpetuate,4690264,1,ᛈᛖᚱᛈᛖᛏᚢᚪᛏᛖ,516
diligently,4686119,1,ᛞᛁᛚᛁᚷᛖᚾᛏᛚᚣ,572
reorganized,4684785,1,ᚱᛇᚱᚷᚪᚾᛁᛋᛖᛞ,446
departures,4671031,1,ᛞᛖᛈᚪᚱᛏᚢᚱᛖᛋ,500
serviceable,4665638,1,ᛋᛖᚱᚢᛁᚳᛠᛒᛚᛖ,488
utilisation,4652104,1,ᚢᛏᛁᛚᛁᛋᚪᛏᛡᚾ,542
motorcycle,4651822,1,ᛗᚩᛏᚩᚱᚳᚣᚳᛚᛖ,424
depressive,4646713,1,ᛞᛖᛈᚱᛖᛋᛋᛁᚢᛖ,484
marketable,4645603,1,ᛗᚪᚱᚳᛖᛏᚪᛒᛚᛖ,616
ornamented,4641148,1,ᚩᚱᚾᚪᛗᛖᚾᛏᛖᛞ,526
intrastate,4628728,1,ᛁᚾᛏᚱᚪᛋᛏᚪᛏᛖ,562
foreseeable,4626679,1,ᚠᚩᚱᛖᛋᛖᛠᛒᛚᛖ,517
distraction,4614920,1,ᛞᛁᛋᛏᚱᚪᚳᛏᛡᚾ,548
contentions,4608921,1,ᚳᚩᚾᛏᛖᚾᛏᛡᚾᛋ,452
mozambique,4606705,1,ᛗᚩᛋᚪᛗᛒᛁᚳᚹᛖ,490
amplifiers,4594532,1,ᚪᛗᛈᛚᛁᚠᛁᛖᚱᛋ,479
temptations,4591956,1,ᛏᛖᛗᛈᛏᚪᛏᛡᚾᛋ,644
subversive,4590677,1,ᛋᚢᛒᚢᛖᚱᛋᛁᚢᛖ,352
dehydration,4586718,1,ᛞᛖᚻᚣᛞᚱᚪᛏᛡᚾ,674
compensating,4580402,1,ᚳᚩᛗᛈᛖᚾᛋᚪᛏᛝ,518
dissipated,4578852,1,ᛞᛁᛋᛋᛁᛈᚪᛏᛖᛞ,612
madagascar,4572859,1,ᛗᚪᛞᚪᚷᚪᛋᚳᚪᚱ,642
retrospect,4562721,1,ᚱᛖᛏᚱᚩᛋᛈᛖᚳᛏ,390
unresolved,4559203,1,ᚢᚾᚱᛖᛋᚩᛚᚢᛖᛞ,402
intestines,4555403,1,ᛁᚾᛏᛖᛋᛏᛁᚾᛖᛋ,478
counsellor,4554963,1,ᚳᚩᚢᚾᛋᛖᛚᛚᚩᚱ,336
habitually,4539704,1,ᚻᚪᛒᛁᛏᚢᚪᛚᛚᚣ,620
disruptive,4534219,1,ᛞᛁᛋᚱᚢᛈᛏᛁᚢᛖ,390
precursors,4527307,1,ᛈᚱᛖᚳᚢᚱᛋᚩᚱᛋ,272
reimbursed,4522794,1,ᚱᛖᛁᛗᛒᚢᚱᛋᛖᛞ,464
suspensions,4515700,1,ᛋᚢᛋᛈᛖᚾᛋᛡᚾᛋ,490
persecuted,4498997,1,ᛈᛖᚱᛋᛖᚳᚢᛏᛖᛞ,472
tomography,4491726,0,ᛏᚩᛗᚩᚷᚱᚪᛈᚻᚣ,438
furtherance,4488892,1,ᚠᚢᚱᚦᛖᚱᚪᚾᚳᛖ,305
translates,4476717,1,ᛏᚱᚪᚾᛋᛚᚪᛏᛖᛋ,598
transferee,4473903,1,ᛏᚱᚪᚾᛋᚠᛖᚱᛖᛖ,463
refineries,4463173,1,ᚱᛖᚠᛁᚾᛖᚱᛁᛖᛋ,369
attribution,4456876,1,ᚪᛏᛏᚱᛁᛒᚢᛏᛡᚾ,516
volumetric,4438200,1,ᚢᚩᛚᚢᛗᛖᛏᚱᛁᚳ,338
sovereigns,4434791,1,ᛋᚩᚢᛖᚱᛖᛁᚷᚾᛋ,338
attainable,4432357,1,ᚪᛏᛏᚪᛁᚾᚪᛒᛚᛖ,670
rheumatism,4429607,1,ᚱᚻᛖᚢᛗᚪᛏᛁᛋᛗ,486
resilience,4429540,1,ᚱᛖᛋᛁᛚᛁᛖᚾᚳᛖ,442
injunctions,4429489,1,ᛁᚾᛂᚢᚾᚳᛏᛡᚾᛋ,390
punctuation,4428840,1,ᛈᚢᚾᚳᛏᚢᚪᛏᛡᚾ,442
desperation,4428555,1,ᛞᛖᛋᛈᛖᚱᚪᛏᛡᚾ,622
treacherous,4428457,1,ᛏᚱᛠᚳᚻᛖᚱᚩᚢᛋ,356
despatched,4427411,1,ᛞᛖᛋᛈᚪᛏᚳᚻᛖᛞ,600
discouraging,4419988,1,ᛞᛁᛋᚳᚩᚢᚱᚪᚷᛝ,400
displeasure,4419165,1,ᛞᛁᛋᛈᛚᛠᛋᚢᚱᛖ,532
enactments,4404180,1,ᛖᚾᚪᚳᛏᛗᛖᚾᛏᛋ,544
plasticity,4388805,1,ᛈᛚᚪᛋᛏᛁᚳᛁᛏᚣ,562
ubiquitous,4383399,1,ᚢᛒᛁᚳᚹᛁᛏᚩᚢᛋ,280
conversions,4383063,1,ᚳᚩᚾᚢᛖᚱᛋᛡᚾᛋ,372
inferiority,4380482,1,ᛁᚾᚠᛖᚱᛡᚱᛁᛏᚣ,451
bridgeport,4374064,1,ᛒᚱᛁᛞᚷᛖᛈᚩᚱᛏ,396
informants,4369641,1,ᛁᚾᚠᚩᚱᛗᚪᚾᛏᛋ,389
constables,4369636,1,ᚳᚩᚾᛋᛏᚪᛒᛚᛖᛋ,512
viewpoints,4367820,1,ᚢᛁᛖᚹᛈᚩᛁᚾᛏᛋ,342
discursive,4362360,1,ᛞᛁᛋᚳᚢᚱᛋᛁᚢᛖ,354
aerodynamic,4357399,1,ᚫᚱᚩᛞᚣᚾᚪᛗᛁᚳ,552
thicknesses,4356348,1,ᚦᛁᚳᚳᚾᛖᛋᛋᛖᛋ,384
registrant,4353139,1,ᚱᛖᚷᛁᛋᛏᚱᚪᚾᛏ,434
biosynthesis,4351820,1,ᛒᛡᛋᚣᚾᚦᛖᛋᛁᛋ,562
demolished,4340602,1,ᛞᛖᛗᚩᛚᛁᛋᚻᛖᛞ,570
assortment,4331900,1,ᚪᛋᛋᚩᚱᛏᛗᛖᚾᛏ,506
subsidence,4331411,1,ᛋᚢᛒᛋᛁᛞᛖᚾᚳᛖ,466
infestation,4330396,1,ᛁᚾᚠᛖᛋᛏᚪᛏᛡᚾ,533
dangerously,4325275,1,ᛞᚪᛝᛖᚱᚩᚢᛋᛚᚣ,582
enclosures,4313929,1,ᛖᚾᚳᛚᚩᛋᚢᚱᛖᛋ,376
enterprising,4293493,1,ᛖᚾᛏᛖᚱᛈᚱᛁᛋᛝ,450
encompassing,4292994,1,ᛖᚾᚳᚩᛗᛈᚪᛋᛋᛝ,512
postmodern,4290658,1,ᛈᚩᛋᛏᛗᚩᛞᛖᚱᚾ,436
originates,4288898,1,ᚩᚱᛁᚷᛁᚾᚪᛏᛖᛋ,402
supersonic,4280064,1,ᛋᚢᛈᛖᚱᛋᚩᚾᛁᚳ,310
obstetrics,4271683,1,ᚩᛒᛋᛏᛖᛏᚱᛁᚳᛋ,414
hysterical,4263843,1,ᚻᚣᛋᛏᛖᚱᛁᚳᚪᛚ,530
indistinct,4262861,1,ᛁᚾᛞᛁᛋᛏᛁᚾᚳᛏ,424
skepticism,4261939,1,ᛋᚳᛖᛈᛏᛁᚳᛁᛋᛗ,434
parliaments,4261771,1,ᛈᚪᚱᛚᛡᛗᛖᚾᛏᛋ,610
permanence,4258965,1,ᛈᛖᚱᛗᚪᚾᛖᚾᚳᛖ,494
mineralogy,4241691,1,ᛗᛁᚾᛖᚱᚪᛚᚩᚷᚣ,506
liturgical,4240373,1,ᛚᛁᛏᚢᚱᚷᛁᚳᚪᛚ,408
ineligible,4221434,1,ᛁᚾᛖᛚᛁᚷᛁᛒᛚᛖ,480
criticised,4219221,1,ᚳᚱᛁᛏᛁᚳᛁᛋᛖᛞ,398
reinstated,4218500,1,ᚱᛖᛁᚾᛋᛏᚪᛏᛖᛞ,562
sandwiches,4214237,1,ᛋᚪᚾᛞᚹᛁᚳᚻᛖᛋ,474
commissary,4197580,1,ᚳᚩᛗᛗᛁᛋᛋᚪᚱᚣ,510
disorderly,4197181,1,ᛞᛁᛋᚩᚱᛞᛖᚱᛚᚣ,534
scriptural,4192385,1,ᛋᚳᚱᛁᛈᛏᚢᚱᚪᛚ,394
mclaughlin,4188319,0,ᛗᚳᛚᚪᚢᚷᚻᛚᛁᚾ,430
entrenched,4188288,1,ᛖᚾᛏᚱᛖᚾᚳᚻᛖᛞ,454
herbicides,4186946,1,ᚻᛖᚱᛒᛁᚳᛁᛞᛖᛋ,446
creditable,4185723,1,ᚳᚱᛖᛞᛁᛏᚪᛒᛚᛖ,568
abstracted,4181969,1,ᚪᛒᛋᛏᚱᚪᚳᛏᛖᛞ,606
voluminous,4181366,1,ᚢᚩᛚᚢᛗᛁᚾᚩᚢᛋ,280
extradition,4181058,1,ᛖᛉᛏᚱᚪᛞᛁᛏᛡᚾ,596
perforation,4176568,1,ᛈᛖᚱᚠᚩᚱᚪᛏᛡᚾ,433
favourably,4168279,1,ᚠᚪᚢᚩᚢᚱᚪᛒᛚᚣ,457
enlistment,4166069,1,ᛖᚾᛚᛁᛋᛏᛗᛖᚾᛏ,538
utilitarian,4155964,1,ᚢᛏᛁᛚᛁᛏᚪᚱᛡᚾ,500
hopelessly,4151414,1,ᚻᚩᛈᛖᛚᛖᛋᛋᛚᚣ,562
galvanized,4145480,1,ᚷᚪᛚᚢᚪᚾᛁᛋᛖᛞ,556
prestigious,4140207,1,ᛈᚱᛖᛋᛏᛁᚷᛡᚢᛋ,444
logarithmic,4138797,1,ᛚᚩᚷᚪᚱᛁᚦᛗᛁᚳ,356
unexpended,4137706,1,ᚢᚾᛖᛉᛈᛖᚾᛞᛖᛞ,530
cemeteries,4133993,1,ᚳᛖᛗᛖᛏᛖᚱᛁᛖᛋ,506
projectile,4133981,1,ᛈᚱᚩᛂᛖᚳᛏᛁᛚᛖ,408
prescribes,4128178,1,ᛈᚱᛖᛋᚳᚱᛁᛒᛖᛋ,410
provocation,4127554,1,ᛈᚱᚩᚢᚩᚳᚪᛏᛡᚾ,376
auxiliaries,4123346,1,ᚪᚢᛉᛁᛚᛡᚱᛁᛖᛋ,520
dispensary,4120486,1,ᛞᛁᛋᛈᛖᚾᛋᚪᚱᚣ,576
obstructed,4112115,1,ᚩᛒᛋᛏᚱᚢᚳᛏᛖᛞ,422
antarctica,4100904,1,ᚪᚾᛏᚪᚱᚳᛏᛁᚳᚪ,506
earnestness,4090352,1,ᛠᚱᚾᛖᛋᛏᚾᛖᛋᛋ,530
physiologic,4089210,1,ᛈᚻᚣᛋᛡᛚᚩᚷᛁᚳ,470
separations,4087679,1,ᛋᛖᛈᚪᚱᚪᛏᛡᚾᛋ,616
pharmacist,4082880,1,ᛈᚻᚪᚱᛗᚪᚳᛁᛋᛏ,498
tabernacle,4079397,1,ᛏᚪᛒᛖᚱᚾᚪᚳᛚᛖ,574
prophecies,4078603,1,ᛈᚱᚩᛈᚻᛖᚳᛁᛖᛋ,358
sacraments,4067165,1,ᛋᚪᚳᚱᚪᛗᛖᚾᛏᛋ,550
programmer,4067026,1,ᛈᚱᚩᚷᚱᚪᛗᛗᛖᚱ,406
cytochrome,4064700,1,ᚳᚣᛏᚩᚳᚻᚱᚩᛗᛖ,374
rendezvous,4061771,1,ᚱᛖᚾᛞᛖᛋᚢᚩᚢᛋ,382
anisotropy,4049311,1,ᚪᚾᛁᛋᚩᛏᚱᚩᛈᚣ,440
turpentine,4044322,1,ᛏᚢᚱᛈᛖᚾᛏᛁᚾᛖ,398
congressmen,4039712,1,ᚳᚩᛝᚱᛖᛋᛋᛗᛖᚾ,450
deterrence,4037620,1,ᛞᛖᛏᛖᚱᚱᛖᚾᚳᛖ,480
inhabitant,4031430,1,ᛁᚾᚻᚪᛒᛁᛏᚪᚾᛏ,516
subtraction,4027737,1,ᛋᚢᛒᛏᚱᚪᚳᛏᛡᚾ,492
vanderbilt,4022348,1,ᚢᚪᚾᛞᛖᚱᛒᛁᛚᛏ,520
surmounted,4021988,1,ᛋᚢᚱᛗᚩᚢᚾᛏᛖᛞ,392
lubricants,4021412,1,ᛚᚢᛒᚱᛁᚳᚪᚾᛏᛋ,430
cottonseed,4020185,1,ᚳᚩᛏᛏᚩᚾᛋᛖᛖᛞ,450
annotations,4011721,1,ᚪᚾᚾᚩᛏᚪᛏᛡᚾᛋ,566
ventilated,4007918,1,ᚢᛖᚾᛏᛁᛚᚪᛏᛖᛞ,574
abstinence,4006275,1,ᚪᛒᛋᛏᛁᚾᛖᚾᚳᛖ,506
monotonous,4004456,1,ᛗᚩᚾᚩᛏᚩᚾᚩᚢᛋ,272
unforeseen,3996980,1,ᚢᚾᚠᚩᚱᛖᛋᛖᛖᚾ,335
aborigines,3994555,1,ᚪᛒᚩᚱᛁᚷᛁᚾᛖᛋ,404
khrushchev,3991139,1,ᚳᚻᚱᚢᛋᚻᚳᚻᛖᚢ,232
affinities,3987206,1,ᚪᚠᚠᛁᚾᛁᛏᛁᛖᛋ,402
waterworks,3985834,1,ᚹᚪᛏᛖᚱᚹᚩᚱᚳᛋ,356
sensational,3982822,1,ᛋᛖᚾᛋᚪᛏᛡᚾᚪᛚ,664
dialectical,3980471,1,ᛞᛡᛚᛖᚳᛏᛁᚳᚪᛚ,622
legislator,3979902,1,ᛚᛖᚷᛁᛋᛚᚪᛏᚩᚱ,488
safeguarding,3974796,1,ᛋᚪᚠᛖᚷᚢᚪᚱᛞᛝ,515
carelessly,3973449,1,ᚳᚪᚱᛖᛚᛖᛋᛋᛚᚣ,610
relentless,3971733,1,ᚱᛖᛚᛖᚾᛏᛚᛖᛋᛋ,552
regimental,3967735,1,ᚱᛖᚷᛁᛗᛖᚾᛏᚪᛚ,522
multitudes,3965988,1,ᛗᚢᛚᛏᛁᛏᚢᛞᛖᛋ,508
metastases,3956789,1,ᛗᛖᛏᚪᛋᛏᚪᛋᛖᛋ,676
federalism,3950986,1,ᚠᛖᛞᛖᚱᚪᛚᛁᛋᛗ,561
hamiltonian,3949473,1,ᚻᚪᛗᛁᛚᛏᚩᚾᛡᚾ,526
metastatic,3949008,1,ᛗᛖᛏᚪᛋᛏᚪᛏᛁᚳ,606
relinquish,3943201,1,ᚱᛖᛚᛁᚾᚳᚹᛁᛋᚻ,350
deplorable,3941770,1,ᛞᛖᛈᛚᚩᚱᚪᛒᛚᛖ,588
liberality,3938649,1,ᛚᛁᛒᛖᚱᚪᛚᛁᛏᚣ,606
insurgents,3931312,1,ᛁᚾᛋᚢᚱᚷᛖᚾᛏᛋ,352
interlocking,3930635,1,ᛁᚾᛏᛖᚱᛚᚩᚳᚳᛝ,382
abnormally,3926887,1,ᚪᛒᚾᚩᚱᛗᚪᛚᛚᚣ,622
homologous,3925335,1,ᚻᚩᛗᚩᛚᚩᚷᚩᚢᛋ,268
wheelchair,3912671,1,ᚹᚻᛖᛖᛚᚳᚻᚪᛁᚱ,424
bookseller,3905116,1,ᛒᚩᚩᚳᛋᛖᛚᛚᛖᚱ,432
attenuated,3897323,1,ᚪᛏᛏᛖᚾᚢᚪᛏᛖᛞ,626
embroidery,3897119,1,ᛖᛗᛒᚱᚩᛁᛞᛖᚱᚣ,518
deleterious,3895738,1,ᛞᛖᛚᛖᛏᛖᚱᛡᚢᛋ,596
antiseptic,3893341,1,ᚪᚾᛏᛁᛋᛖᛈᛏᛁᚳ,482
polymerase,3888788,1,ᛈᚩᛚᚣᛗᛖᚱᚪᛋᛖ,592
devonshire,3883965,1,ᛞᛖᚢᚩᚾᛋᚻᛁᚱᛖ,380
interferes,3873058,1,ᛁᚾᛏᛖᚱᚠᛖᚱᛖᛋ,397
waterfront,3869734,1,ᚹᚪᛏᛖᚱᚠᚱᚩᚾᛏ,361
playwright,3865244,1,ᛈᛚᚪᚣᚹᚱᛁᚷᚻᛏ,476
lymphocyte,3864135,1,ᛚᚣᛗᛈᚻᚩᚳᚣᛏᛖ,562
perishable,3860641,1,ᛈᛖᚱᛁᛋᚻᚪᛒᛚᛖ,526
councillor,3849209,1,ᚳᚩᚢᚾᚳᛁᛚᛚᚩᚱ,260
cumbersome,3849125,1,ᚳᚢᛗᛒᛖᚱᛋᚩᛗᛖ,424
immunities,3838189,1,ᛁᛗᛗᚢᚾᛁᛏᛁᛖᛋ,446
underlined,3831161,1,ᚢᚾᛞᛖᚱᛚᛁᚾᛖᛞ,488
instalment,3824237,1,ᛁᚾᛋᛏᚪᛚᛗᛖᚾᛏ,568
appendages,3819818,1,ᚪᛈᛈᛖᚾᛞᚪᚷᛖᛋ,602
marguerite,3818831,1,ᛗᚪᚱᚷᚢᛖᚱᛁᛏᛖ,434
transitory,3813114,1,ᛏᚱᚪᚾᛋᛁᛏᚩᚱᚣ,460
confluence,3812225,1,ᚳᚩᚾᚠᛚᚢᛖᚾᚳᛖ,303
middletown,3812109,1,ᛗᛁᛞᛞᛚᛖᛏᚩᚹᚾ,534
cartridges,3811442,1,ᚳᚪᚱᛏᚱᛁᛞᚷᛖᛋ,448
brilliantly,3807088,1,ᛒᚱᛁᛚᛚᛡᚾᛏᛚᚣ,620
photocopying,3806833,1,ᛈᚻᚩᛏᚩᚳᚩᛈᚣᛝ,384
amusements,3806337,1,ᚪᛗᚢᛋᛖᛗᛖᚾᛏᛋ,570
physicists,3806120,1,ᛈᚻᚣᛋᛁᚳᛁᛋᛏᛋ,462
recoveries,3801686,1,ᚱᛖᚳᚩᚢᛖᚱᛁᛖᛋ,330
impediment,3792731,1,ᛁᛗᛈᛖᛞᛁᛗᛖᚾᛏ,558
conductive,3788404,1,ᚳᚩᚾᛞᚢᚳᛏᛁᚢᛖ,314
bronchitis,3784040,0,ᛒᚱᚩᚾᚳᚻᛁᛏᛁᛋ,318
sacrificial,3782948,1,ᛋᚪᚳᚱᛁᚠᛁᚳᛡᛚ,431
exigencies,3782791,1,ᛖᛉᛁᚷᛖᚾᚳᛁᛖᛋ,422
informally,3779793,1,ᛁᚾᚠᚩᚱᛗᚪᛚᛚᚣ,497
immunology,3775885,0,ᛁᛗᛗᚢᚾᚩᛚᚩᚷᚣ,412
disallowed,3775706,1,ᛞᛁᛋᚪᛚᛚᚩᚹᛖᛞ,598
whereabouts,3771263,1,ᚹᚻᛖᚱᛠᛒᚩᚢᛏᛋ,412
abbreviation,3766369,1,ᚪᛒᛒᚱᛖᚢᛡᛏᛡᚾ,602
devaluation,3764928,1,ᛞᛖᚢᚪᛚᚢᚪᛏᛡᚾ,624
monoclonal,3764872,1,ᛗᚩᚾᚩᚳᛚᚩᚾᚪᛚ,406
scandinavia,3764735,1,ᛋᚳᚪᚾᛞᛁᚾᚪᚢᛡ,548
rheumatoid,3755041,1,ᚱᚻᛖᚢᛗᚪᛏᚩᛁᛞ,458
vertebrate,3753379,1,ᚢᛖᚱᛏᛖᛒᚱᚪᛏᛖ,502
forefathers,3751830,1,ᚠᚩᚱᛖᚠᚪᚦᛖᚱᛋ,322
churchyard,3748466,1,ᚳᚻᚢᚱᚳᚻᚣᚪᚱᛞ,386
atrocities,3739436,1,ᚪᛏᚱᚩᚳᛁᛏᛁᛖᛋ,428
betterment,3735153,1,ᛒᛖᛏᛏᛖᚱᛗᛖᚾᛏ,550
dissenters,3732741,1,ᛞᛁᛋᛋᛖᚾᛏᛖᚱᛋ,512
dermatitis,3729755,0,ᛞᛖᚱᛗᚪᛏᛁᛏᛁᛋ,568
renunciation,3724043,1,ᚱᛖᚾᚢᚾᚳᛡᛏᛡᚾ,454
judgements,3724023,1,ᛂᚢᛞᚷᛖᛗᛖᚾᛏᛋ,492
radiotherapy,3716833,0,ᚱᚪᛞᛡᚦᛖᚱᚪᛈᚣ,630
cognizance,3716264,1,ᚳᚩᚷᚾᛁᛋᚪᚾᚳᛖ,356
subtracted,3713546,1,ᛋᚢᛒᛏᚱᚪᚳᛏᛖᛞ,512
devastated,3707152,1,ᛞᛖᚢᚪᛋᛏᚪᛏᛖᛞ,680
inductance,3706823,1,ᛁᚾᛞᚢᚳᛏᚪᚾᚳᛖ,430
interrupting,3698999,1,ᛁᚾᛏᛖᚱᚱᚢᛈᛏᛝ,392
illuminate,3687199,1,ᛁᛚᛚᚢᛗᛁᚾᚪᛏᛖ,534
escherichia,3685736,1,ᛖᛋᚳᚻᛖᚱᛁᚳᚻᛡ,408
consonants,3684230,1,ᚳᚩᚾᛋᚩᚾᚪᚾᛏᛋ,376
drosophila,3679850,1,ᛞᚱᚩᛋᚩᛈᚻᛁᛚᚪ,434
corpuscles,3677086,1,ᚳᚩᚱᛈᚢᛋᚳᛚᛖᛋ,336
requisites,3667075,1,ᚱᛖᚳᚹᛁᛋᛁᛏᛖᛋ,404
secretarial,3666376,1,ᛋᛖᚳᚱᛖᛏᚪᚱᛡᛚ,558
infallible,3663884,1,ᛁᚾᚠᚪᛚᛚᛁᛒᛚᛖ,537
hypotension,3662720,1,ᚻᚣᛈᚩᛏᛖᚾᛋᛡᚾ,520
modalities,3661877,1,ᛗᚩᛞᚪᛚᛁᛏᛁᛖᛋ,578
interprets,3658939,1,ᛁᚾᛏᛖᚱᛈᚱᛖᛏᛋ,430
bureaucrats,3652103,1,ᛒᚢᚱᛠᚢᚳᚱᚪᛏᛋ,420
encampment,3649011,1,ᛖᚾᚳᚪᛗᛈᛗᛖᚾᛏ,546
calculator,3646015,1,ᚳᚪᛚᚳᚢᛚᚪᛏᚩᚱ,446
fatalities,3645040,1,ᚠᚪᛏᚪᛚᛁᛏᛁᛖᛋ,569
overturned,3634500,1,ᚩᚢᛖᚱᛏᚢᚱᚾᛖᛞ,346
connectors,3631495,1,ᚳᚩᚾᚾᛖᚳᛏᚩᚱᛋ,288
classmates,3627239,1,ᚳᛚᚪᛋᛋᛗᚪᛏᛖᛋ,636
affiliations,3625496,1,ᚪᚠᚠᛁᛚᛡᛏᛡᚾᛋ,560
crossroads,3615690,1,ᚳᚱᚩᛋᛋᚱᚩᚪᛞᛋ,394
delicately,3608992,1,ᛞᛖᛚᛁᚳᚪᛏᛖᛚᚣ,672
detectives,3608267,1,ᛞᛖᛏᛖᚳᛏᛁᚢᛖᛋ,508
predictors,3606964,1,ᛈᚱᛖᛞᛁᚳᛏᚩᚱᛋ,384
proletarian,3606560,1,ᛈᚱᚩᛚᛖᛏᚪᚱᛡᚾ,504
subsystems,3590376,1,ᛋᚢᛒᛋᚣᛋᛏᛖᛗᛋ,576
politeness,3590203,1,ᛈᚩᛚᛁᛏᛖᚾᛖᛋᛋ,482
guaranteeing,3590054,1,ᚷᚢᚪᚱᚪᚾᛏᛖᛖᛝ,526
frequented,3586303,1,ᚠᚱᛖᚳᚹᛖᚾᛏᛖᛞ,423
hydrologic,3585046,1,ᚻᚣᛞᚱᚩᛚᚩᚷᛁᚳ,374
transferor,3579494,1,ᛏᚱᚪᚾᛋᚠᛖᚱᚩᚱ,347
situational,3576869,1,ᛋᛁᛏᚢᚪᛏᛡᚾᚪᛚ,608
presbytery,3575530,1,ᛈᚱᛖᛋᛒᚣᛏᛖᚱᚣ,578
bridegroom,3571673,1,ᛒᚱᛁᛞᛖᚷᚱᚩᚩᛗ,372
converters,3568500,1,ᚳᚩᚾᚢᛖᚱᛏᛖᚱᛋ,320
burdensome,3563880,1,ᛒᚢᚱᛞᛖᚾᛋᚩᛗᛖ,458
ambulatory,3563821,1,ᚪᛗᛒᚢᛚᚪᛏᚩᚱᚣ,582
culminated,3553603,1,ᚳᚢᛚᛗᛁᚾᚪᛏᛖᛞ,532
lippincott,3541657,1,ᛚᛁᛈᛈᛁᚾᚳᚩᛏᛏ,388
coincident,3540007,1,ᚳᚩᛁᚾᚳᛁᛞᛖᚾᛏ,368
manipulating,3538835,1,ᛗᚪᚾᛁᛈᚢᛚᚪᛏᛝ,582
alcoholics,3530568,1,ᚪᛚᚳᚩᚻᚩᛚᛁᚳᛋ,390
greenfield,3525155,1,ᚷᚱᛖᛖᚾᚠᛁᛖᛚᛞ,453
equipments,3508906,1,ᛖᚳᚹᛁᛈᛗᛖᚾᛏᛋ,452
orchestral,3504227,1,ᚩᚱᚳᚻᛖᛋᛏᚱᚪᛚ,414
contraband,3498993,1,ᚳᚩᚾᛏᚱᚪᛒᚪᚾᛞ,492
tachycardia,3496327,1,ᛏᚪᚳᚻᚣᚳᚪᚱᛞᛡ,612
appropriating,3496293,1,ᚪᛈᛈᚱᚩᛈᚱᛡᛏᛝ,500
destroyers,3496211,1,ᛞᛖᛋᛏᚱᚩᚣᛖᚱᛋ,520
designates,3495340,1,ᛞᛖᛋᛁᚷᚾᚪᛏᛖᛋ,562
humanistic,3494391,1,ᚻᚢᛗᚪᚾᛁᛋᛏᛁᚳ,410
permissive,3489447,1,ᛈᛖᚱᛗᛁᛋᛋᛁᚢᛖ,430
transacted,3486753,1,ᛏᚱᚪᚾᛋᚪᚳᛏᛖᛞ,574
commutation,3479994,1,ᚳᚩᛗᛗᚢᛏᚪᛏᛡᚾ,516
borderline,3474604,1,ᛒᚩᚱᛞᛖᚱᛚᛁᚾᛖ,446
identifier,3472413,1,ᛁᛞᛖᚾᛏᛁᚠᛁᛖᚱ,417
demarcation,3471969,1,ᛞᛖᛗᚪᚱᚳᚪᛏᛡᚾ,640
resonances,3469696,1,ᚱᛖᛋᚩᚾᚪᚾᚳᛖᛋ,426
retribution,3468072,1,ᚱᛖᛏᚱᛁᛒᚢᛏᛡᚾ,438
machinists,3467049,1,ᛗᚪᚳᚻᛁᚾᛁᛋᛏᛋ,460
subspecies,3463855,1,ᛋᚢᛒᛋᛈᛖᚳᛁᛖᛋ,444
scepticism,3462718,1,ᛋᚳᛖᛈᛏᛁᚳᛁᛋᛗ,434
evidentiary,3457464,1,ᛖᚢᛁᛞᛖᚾᛏᛡᚱᚣ,566
highlighting,3455884,1,ᚻᛁᚷᚻᛚᛁᚷᚻᛏᛝ,376
complicate,3453084,1,ᚳᚩᛗᛈᛚᛁᚳᚪᛏᛖ,474
gentleness,3447567,1,ᚷᛖᚾᛏᛚᛖᚾᛖᛋᛋ,514
personages,3436087,1,ᛈᛖᚱᛋᚩᚾᚪᚷᛖᛋ,444
coexistence,3435330,1,ᚳᛟᛉᛁᛋᛏᛖᚾᚳᛖ,462
plagioclase,3430265,1,ᛈᛚᚪᚷᛡᚳᛚᚪᛋᛖ,640
caregivers,3430089,1,ᚳᚪᚱᛖᚷᛁᚢᛖᚱᛋ,370
clearinghouse,3425448,1,ᚳᛚᛠᚱᛝᚻᚩᚢᛋᛖ,438
figurative,3422154,1,ᚠᛁᚷᚢᚱᚪᛏᛁᚢᛖ,321
fertilized,3418587,1,ᚠᛖᚱᛏᛁᛚᛁᛋᛖᛞ,483
carbonates,3413478,1,ᚳᚪᚱᛒᚩᚾᚪᛏᛖᛋ,494
matrimonial,3408222,1,ᛗᚪᛏᚱᛁᛗᚩᚾᛡᛚ,556
astronomer,3401646,1,ᚪᛋᛏᚱᚩᚾᚩᛗᛖᚱ,412
antiquarian,3396950,1,ᚪᚾᛏᛁᚳᚹᚪᚱᛡᚾ,492
configured,3393409,1,ᚳᚩᚾᚠᛁᚷᚢᚱᛖᛞ,269
repetitions,3390840,1,ᚱᛖᛈᛖᛏᛁᛏᛡᚾᛋ,526
compendium,3387861,1,ᚳᚩᛗᛈᛖᚾᛞᛁᚢᛗ,424
conquerors,3384954,1,ᚳᚩᚾᚳᚹᛖᚱᚩᚱᛋ,230
notoriously,3371062,1,ᚾᚩᛏᚩᚱᛡᚢᛋᛚᚣ,452
hospitable,3368940,1,ᚻᚩᛋᛈᛁᛏᚪᛒᛚᛖ,514
combatants,3361176,1,ᚳᚩᛗᛒᚪᛏᚪᚾᛏᛋ,546
gracefully,3357668,1,ᚷᚱᚪᚳᛖᚠᚢᛚᛚᚣ,459
appraisers,3352748,1,ᚪᛈᛈᚱᚪᛁᛋᛖᚱᛋ,506
salmonella,3348980,1,ᛋᚪᛚᛗᚩᚾᛖᛚᛚᚪ,640
peremptory,3347871,1,ᛈᛖᚱᛖᛗᛈᛏᚩᚱᚣ,482
deteriorating,3344943,1,ᛞᛖᛏᛖᚱᛡᚱᚪᛏᛝ,646
proficient,3343716,1,ᛈᚱᚩᚠᛁᚳᛁᛖᚾᛏ,293
unbalanced,3342880,1,ᚢᚾᛒᚪᛚᚪᚾᚳᛖᛞ,558
appraisals,3340039,1,ᚪᛈᛈᚱᚪᛁᛋᚪᛚᛋ,598
culmination,3339023,1,ᚳᚢᛚᛗᛁᚾᚪᛏᛡᚾ,512
intersecting,3337080,1,ᛁᚾᛏᛖᚱᛋᛖᚳᛏᛝ,468
repatriation,3334276,1,ᚱᛖᛈᚪᛏᚱᛡᛏᛡᚾ,590
gettysburg,3332975,1,ᚷᛖᛏᛏᚣᛋᛒᚢᚱᚷ,450
palmerston,3332292,1,ᛈᚪᛚᛗᛖᚱᛋᛏᚩᚾ,510
unoccupied,3332282,1,ᚢᚾᚩᚳᚳᚢᛈᛁᛖᛞ,298
servicemen,3330845,1,ᛋᛖᚱᚢᛁᚳᛖᛗᛖᚾ,412
sustenance,3323885,1,ᛋᚢᛋᛏᛖᚾᚪᚾᚳᛖ,470
mesopotamia,3318604,1,ᛗᛖᛋᚩᛈᚩᛏᚪᛗᛡ,582
efficacious,3314813,1,ᛖᚠᚠᛁᚳᚪᚳᛡᚢᛋ,388
australians,3312850,1,ᚪᚢᛋᛏᚱᚪᛚᛡᚾᛋ,582
associative,3311522,1,ᚪᛋᛋᚩᚳᛡᛏᛁᚢᛖ,490
sterilized,3301917,1,ᛋᛏᛖᚱᛁᛚᛁᛋᛖᛞ,534
overweight,3286751,1,ᚩᚢᛖᚱᚹᛖᛁᚷᚻᛏ,304
vindication,3282862,1,ᚢᛁᚾᛞᛁᚳᚪᛏᛡᚾ,488
capacitors,3282530,1,ᚳᚪᛈᚪᚳᛁᛏᚩᚱᛋ,424
convocation,3277878,1,ᚳᚩᚾᚢᚩᚳᚪᛏᛡᚾ,364
afternoons,3276880,1,ᚪᚠᛏᛖᚱᚾᚩᚩᚾᛋ,361
hyperplasia,3269138,1,ᚻᚣᛈᛖᚱᛈᛚᚪᛋᛡ,620
convergent,3267605,1,ᚳᚩᚾᚢᛖᚱᚷᛖᚾᛏ,302
calamities,3260815,1,ᚳᚪᛚᚪᛗᛁᛏᛁᛖᛋ,592
resolutely,3258715,1,ᚱᛖᛋᚩᛚᚢᛏᛖᛚᚣ,516
decisively,3258142,1,ᛞᛖᚳᛁᛋᛁᚢᛖᛚᚣ,530
exhibitors,3258033,1,ᛖᛉᚻᛁᛒᛁᛏᚩᚱᛋ,390
inflexible,3256363,1,ᛁᚾᚠᛚᛖᛉᛁᛒᛚᛖ,481
adrenergic,3255813,1,ᚪᛞᚱᛖᚾᛖᚱᚷᛁᚳ,432
somerville,3255364,1,ᛋᚩᛗᛖᚱᚢᛁᛚᛚᛖ,456
scandalous,3254175,1,ᛋᚳᚪᚾᛞᚪᛚᚩᚢᛋ,514
devastation,3253856,1,ᛞᛖᚢᚪᛋᛏᚪᛏᛡᚾ,660
ethnography,3252337,1,ᛖᚦᚾᚩᚷᚱᚪᛈᚻᚣ,402
wholesaler,3250293,1,ᚹᚻᚩᛚᛖᛋᚪᛚᛖᚱ,490
colourless,3249700,1,ᚳᚩᛚᚩᚢᚱᛚᛖᛋᛋ,360
millimeter,3245933,1,ᛗᛁᛚᛚᛁᛗᛖᛏᛖᚱ,554
diagnostics,3245124,1,ᛞᛡᚷᚾᚩᛋᛏᛁᚳᛋ,458
invalidate,3243762,1,ᛁᚾᚢᚪᛚᛁᛞᚪᛏᛖ,576
florentine,3240445,1,ᚠᛚᚩᚱᛖᚾᛏᛁᚾᛖ,375
polynomials,3236745,1,ᛈᚩᛚᚣᚾᚩᛗᛡᛚᛋ,566
retrograde,3226806,1,ᚱᛖᛏᚱᚩᚷᚱᚪᛞᛖ,436
contentious,3225853,1,ᚳᚩᚾᛏᛖᚾᛏᛡᚢᛋ,426
prefecture,3224058,1,ᛈᚱᛖᚠᛖᚳᛏᚢᚱᛖ,343
serpentine,3219895,1,ᛋᛖᚱᛈᛖᚾᛏᛁᚾᛖ,456
compulsive,3210892,1,ᚳᚩᛗᛈᚢᛚᛋᛁᚢᛖ,364
unprepared,3207890,1,ᚢᚾᛈᚱᛖᛈᚪᚱᛖᛞ,460
paraphrase,3206329,1,ᛈᚪᚱᚪᛈᚻᚱᚪᛋᛖ,542
bloomfield,3201786,1,ᛒᛚᚩᚩᛗᚠᛁᛖᛚᛞ,481
propounded,3201119,1,ᛈᚱᚩᛈᚩᚢᚾᛞᛖᛞ,388
handsomely,3200511,1,ᚻᚪᚾᛞᛋᚩᛗᛖᛚᚣ,612
blackstone,3199752,1,ᛒᛚᚪᚳᚳᛋᛏᚩᚾᛖ,472
cartwright,3192540,1,ᚳᚪᚱᛏᚹᚱᛁᚷᚻᛏ,340
watersheds,3191663,1,ᚹᚪᛏᛖᚱᛋᚻᛖᛞᛋ,538
audiovisual,3187186,1,ᚪᚢᛞᛡᚢᛁᛋᚢᚪᛚ,556
crucifixion,3186771,1,ᚳᚱᚢᚳᛁᚠᛁᛉᛡᚾ,287
consummate,3185536,1,ᚳᚩᚾᛋᚢᛗᛗᚪᛏᛖ,470
summarised,3183652,1,ᛋᚢᛗᛗᚪᚱᛁᛋᛖᛞ,546
placements,3173475,1,ᛈᛚᚪᚳᛖᛗᛖᚾᛏᛋ,572
remittance,3171329,1,ᚱᛖᛗᛁᛏᛏᚪᚾᚳᛖ,504
prostitute,3169304,1,ᛈᚱᚩᛋᛏᛁᛏᚢᛏᛖ,392
projective,3168196,1,ᛈᚱᚩᛂᛖᚳᛏᛁᚢᛖ,338
prolongation,3155692,1,ᛈᚱᚩᛚᚩᛝᚪᛏᛡᚾ,512
franciscan,3155211,1,ᚠᚱᚪᚾᚳᛁᛋᚳᚪᚾ,375
mechanized,3153400,1,ᛗᛖᚳᚻᚪᚾᛁᛋᛖᛞ,540
warranties,3151878,1,ᚹᚪᚱᚱᚪᚾᛏᛁᛖᛋ,474
gratuitous,3150738,1,ᚷᚱᚪᛏᚢᛁᛏᚩᚢᛋ,340
interwoven,3149295,1,ᛁᚾᛏᛖᚱᚹᚩᚢᛖᚾ,322
unanswered,3143736,1,ᚢᚾᚪᚾᛋᚹᛖᚱᛖᛞ,464
malignancy,3141629,1,ᛗᚪᛚᛁᚷᚾᚪᚾᚳᚣ,560
provenance,3141136,1,ᛈᚱᚩᚢᛖᚾᚪᚾᚳᛖ,366
milligrams,3140314,1,ᛗᛁᛚᛚᛁᚷᚱᚪᛗᛋ,528
beneficent,3139342,1,ᛒᛖᚾᛖᚠᛁᚳᛖᚾᛏ,425
hornblende,3131585,1,ᚻᚩᚱᚾᛒᛚᛖᚾᛞᛖ,456
grassroots,3131289,1,ᚷᚱᚪᛋᛋᚱᚩᚩᛏᛋ,368
gravitation,3130585,1,ᚷᚱᚪᚢᛁᛏᚪᛏᛡᚾ,510
despatches,3127755,1,ᛞᛖᛋᛈᚪᛏᚳᚻᛖᛋ,564
centimeter,3127120,1,ᚳᛖᚾᛏᛁᛗᛖᛏᛖᚱ,474
repressive,3126382,1,ᚱᛖᛈᚱᛖᛋᛋᛁᚢᛖ,406
rigorously,3124468,1,ᚱᛁᚷᚩᚱᚩᚢᛋᛚᚣ,316
invincible,3123915,1,ᛁᚾᚢᛁᚾᚳᛁᛒᛚᛖ,368
exclamation,3120857,1,ᛖᛉᚳᛚᚪᛗᚪᛏᛡᚾ,660
pedestrians,3110982,1,ᛈᛖᛞᛖᛋᛏᚱᛡᚾᛋ,578
quantified,3108345,1,ᚳᚹᚪᚾᛏᛁᚠᛁᛖᛞ,437
visualized,3105907,1,ᚢᛁᛋᚢᚪᛚᛁᛋᛖᛞ,500
moratorium,3105313,1,ᛗᚩᚱᚪᛏᚩᚱᛁᚢᛗ,368
symbolized,3101771,1,ᛋᚣᛗᛒᚩᛚᛁᛋᛖᛞ,608
publicized,3101587,1,ᛈᚢᛒᛚᛁᚳᛁᛋᛖᛞ,464
phraseology,3101114,1,ᛈᚻᚱᚪᛋᛇᛚᚩᚷᚣ,468
mandibular,3099786,1,ᛗᚪᚾᛞᛁᛒᚢᛚᚪᚱ,562
geochemical,3092537,1,ᚷᛇᚳᚻᛖᛗᛁᚳᚪᛚ,446
sunderland,3091301,1,ᛋᚢᚾᛞᛖᚱᛚᚪᚾᛞ,540
immorality,3089826,1,ᛁᛗᛗᚩᚱᚪᛚᛁᛏᚣ,554
assimilate,3089590,1,ᚪᛋᛋᛁᛗᛁᛚᚪᛏᛖ,632
apocalypse,3088026,1,ᚪᛈᚩᚳᚪᛚᚣᛈᛋᛖ,596
emoluments,3085610,1,ᛖᛗᚩᛚᚢᛗᛖᚾᛏᛋ,500
purposeful,3084699,1,ᛈᚢᚱᛈᚩᛋᛖᚠᚢᛚ,305
replicated,3081821,1,ᚱᛖᛈᛚᛁᚳᚪᛏᛖᛞ,550
disclaimer,3077786,1,ᛞᛁᛋᚳᛚᚪᛁᛗᛖᚱ,536
forbearance,3074063,1,ᚠᚩᚱᛒᛠᚱᚪᚾᚳᛖ,407
waterproof,3070669,1,ᚹᚪᛏᛖᚱᛈᚱᚩᚩᚠ,323
reinforces,3068168,1,ᚱᛖᛁᚾᚠᚩᚱᚳᛖᛋ,291
paralleled,3066319,1,ᛈᚪᚱᚪᛚᛚᛖᛚᛖᛞ,690
admittance,3064125,1,ᚪᛞᛗᛁᛏᛏᚪᚾᚳᛖ,612
disapprove,3063350,1,ᛞᛁᛋᚪᛈᛈᚱᚩᚢᛖ,444
imaginable,3062715,1,ᛁᛗᚪᚷᛁᚾᚪᛒᛚᛖ,574
forcefully,3061573,1,ᚠᚩᚱᚳᛖᚠᚢᛚᛚᚣ,354
evaluative,3061392,1,ᛖᚢᚪᛚᚢᚪᛏᛁᚢᛖ,500
deteriorate,3061236,1,ᛞᛖᛏᛖᚱᛡᚱᚪᛏᛖ,634
alternation,3057688,1,ᚪᛚᛏᛖᚱᚾᚪᛏᛡᚾ,628
illiteracy,3054796,1,ᛁᛚᛚᛁᛏᛖᚱᚪᚳᚣ,558
tripartite,3053935,1,ᛏᚱᛁᛈᚪᚱᛏᛁᛏᛖ,468
copyrights,3053214,1,ᚳᚩᛈᚣᚱᛁᚷᚻᛏᛋ,360
haemorrhage,3052258,1,ᚻᚫᛗᚩᚱᚱᚻᚪᚷᛖ,428
prototypes,3051867,1,ᛈᚱᚩᛏᚩᛏᚣᛈᛖᛋ,452
benefactor,3050034,1,ᛒᛖᚾᛖᚠᚪᚳᛏᚩᚱ,413
convincingly,3049621,1,ᚳᚩᚾᚢᛁᚾᚳᛝᛚᚣ,380
invalidity,3048895,1,ᛁᚾᚢᚪᛚᛁᛞᛁᛏᚣ,546
fahrenheit,3045384,1,ᚠᚪᚻᚱᛖᚾᚻᛖᛁᛏ,409
surfactant,3031749,1,ᛋᚢᚱᚠᚪᚳᛏᚪᚾᛏ,423
guerrillas,3030624,1,ᚷᚢᛖᚱᚱᛁᛚᛚᚪᛋ,436
curricular,3029727,1,ᚳᚢᚱᚱᛁᚳᚢᛚᚪᚱ,266
convective,3019790,1,ᚳᚩᚾᚢᛖᚳᛏᛁᚢᛖ,292
marseilles,3018526,1,ᛗᚪᚱᛋᛖᛁᛚᛚᛖᛋ,596
depreciated,3011610,1,ᛞᛖᛈᚱᛖᚳᛡᛏᛖᛞ,612
reparations,3001087,1,ᚱᛖᛈᚪᚱᚪᛏᛡᚾᛋ,574
strasbourg,2994191,1,ᛋᛏᚱᚪᛋᛒᚩᚢᚱᚷ,372
generative,2981485,1,ᚷᛖᚾᛖᚱᚪᛏᛁᚢᛖ,448
ambivalent,2974933,1,ᚪᛗᛒᛁᚢᚪᛚᛖᚾᛏ,588
telescopes,2972113,1,ᛏᛖᛚᛖᛋᚳᚩᛈᛖᛋ,502
percentile,2971505,1,ᛈᛖᚱᚳᛖᚾᛏᛁᛚᛖ,460
conjugated,2969388,1,ᚳᚩᚾᛂᚢᚷᚪᛏᛖᛞ,418
immaculate,2959589,1,ᛁᛗᛗᚪᚳᚢᛚᚪᛏᛖ,582
incoherent,2957001,1,ᛁᚾᚳᚩᚻᛖᚱᛖᚾᛏ,336
tabulations,2954061,1,ᛏᚪᛒᚢᛚᚪᛏᛡᚾᛋ,638
generalize,2952619,1,ᚷᛖᚾᛖᚱᚪᛚᛁᛋᛖ,512
disconnect,2949172,1,ᛞᛁᛋᚳᚩᚾᚾᛖᚳᛏ,390
sociologist,2945946,1,ᛋᚩᚳᛡᛚᚩᚷᛁᛋᛏ,420
underworld,2942342,1,ᚢᚾᛞᛖᚱᚹᚩᚱᛚᛞ,398
injunctive,2938430,1,ᛁᚾᛂᚢᚾᚳᛏᛁᚢᛖ,302
interferon,2934025,1,ᛁᚾᛏᛖᚱᚠᛖᚱᚩᚾ,313
oftentimes,2933237,1,ᚩᚠᛏᛖᚾᛏᛁᛗᛖᛋ,445
tuberculin,2932753,1,ᛏᚢᛒᛖᚱᚳᚢᛚᛁᚾ,350
encountering,2926912,1,ᛖᚾᚳᚩᚢᚾᛏᛖᚱᛝ,364
condensate,2926587,1,ᚳᚩᚾᛞᛖᚾᛋᚪᛏᛖ,510
repayments,2923961,1,ᚱᛖᛈᚪᚣᛗᛖᚾᛏᛋ,600
commercials,2918969,1,ᚳᚩᛗᛗᛖᚱᚳᛡᛚᛋ,486
femininity,2916681,1,ᚠᛖᛗᛁᚾᛁᚾᛁᛏᚣ,453
hysteresis,2916452,1,ᚻᚣᛋᛏᛖᚱᛖᛋᛁᛋ,520
infidelity,2916418,1,ᛁᚾᚠᛁᛞᛖᛚᛁᛏᚣ,515
ecumenical,2916034,1,ᛖᚳᚢᛗᛖᚾᛁᚳᚪᛚ,464
dishonesty,2911679,1,ᛞᛁᛋᚻᚩᚾᛖᛋᛏᚣ,514
meditations,2908675,1,ᛗᛖᛞᛁᛏᚪᛏᛡᚾᛋ,662
federalist,2903984,1,ᚠᛖᛞᛖᚱᚪᛚᛁᛋᛏ,549
disregarding,2903919,1,ᛞᛁᛋᚱᛖᚷᚪᚱᛞᛝ,544
electrician,2903893,1,ᛖᛚᛖᚳᛏᚱᛁᚳᛡᚾ,470
permissions,2902369,1,ᛈᛖᚱᛗᛁᛋᛋᛡᚾᛋ,518
appellation,2901468,1,ᚪᛈᛈᛖᛚᛚᚪᛏᛡᚾ,688
lauderdale,2897770,1,ᛚᚪᚢᛞᛖᚱᛞᚪᛚᛖ,666
hyperbolic,2894320,1,ᚻᚣᛈᛖᚱᛒᚩᛚᛁᚳ,432
storytelling,2892176,1,ᛋᛏᚩᚱᚣᛏᛖᛚᛚᛝ,584
dispatches,2889267,1,ᛞᛁᛋᛈᚪᛏᚳᚻᛖᛋ,528
cerebellum,2888359,1,ᚳᛖᚱᛖᛒᛖᛚᛚᚢᛗ,506
duplicates,2883598,1,ᛞᚢᛈᛚᛁᚳᚪᛏᛖᛋ,528
distillate,2881647,1,ᛞᛁᛋᛏᛁᛚᛚᚪᛏᛖ,632
groundwork,2880237,1,ᚷᚱᚩᚢᚾᛞᚹᚩᚱᚳ,206
postscript,2879457,1,ᛈᚩᛋᛏᛋᚳᚱᛁᛈᛏ,372
marginally,2873599,1,ᛗᚪᚱᚷᛁᚾᚪᛚᛚᚣ,602
scrupulous,2872926,1,ᛋᚳᚱᚢᛈᚢᛚᚩᚢᛋ,262
metastasis,2872366,1,ᛗᛖᛏᚪᛋᛏᚪᛋᛁᛋ,640
insensible,2868724,1,ᛁᚾᛋᛖᚾᛋᛁᛒᛚᛖ,494
effectuate,2866474,1,ᛖᚠᚠᛖᚳᛏᚢᚪᛏᛖ,436
flashlight,2864191,1,ᚠᛚᚪᛋᚻᛚᛁᚷᚻᛏ,451
luminosity,2861902,1,ᛚᚢᛗᛁᚾᚩᛋᛁᛏᚣ,460
neutralize,2857852,1,ᚾᛖᚢᛏᚱᚪᛚᛁᛋᛖ,490
membranous,2857647,1,ᛗᛖᛗᛒᚱᚪᚾᚩᚢᛋ,470
vanquished,2855814,1,ᚢᚪᚾᚳᚹᛁᛋᚻᛖᛞ,424
stimulants,2853446,1,ᛋᛏᛁᛗᚢᛚᚪᚾᛏᛋ,528
participle,2851896,1,ᛈᚪᚱᛏᛁᚳᛁᛈᛚᛖ,468
denunciation,2850850,1,ᛞᛖᚾᚢᚾᚳᛡᛏᛡᚾ,532
liquidator,2849923,1,ᛚᛁᚳᚹᛁᛞᚪᛏᚩᚱ,430
spreadsheet,2843715,1,ᛋᛈᚱᛠᛞᛋᚻᛖᛖᛏ,574
interfacial,2840576,1,ᛁᚾᛏᛖᚱᚠᚪᚳᛡᛚ,489
reassurance,2837341,1,ᚱᛠᛋᛋᚢᚱᚪᚾᚳᛖ,446
predicates,2830688,1,ᛈᚱᛖᛞᛁᚳᚪᛏᛖᛋ,530
cultivator,2828572,1,ᚳᚢᛚᛏᛁᚢᚪᛏᚩᚱ,356
unintended,2828239,1,ᚢᚾᛁᚾᛏᛖᚾᛞᛖᛞ,492
conjugation,2827347,1,ᚳᚩᚾᛂᚢᚷᚪᛏᛡᚾ,398
cerebellar,2827214,1,ᚳᛖᚱᛖᛒᛖᛚᛚᚪᚱ,540
penetrates,2825654,1,ᛈᛖᚾᛖᛏᚱᚪᛏᛖᛋ,552
postulates,2825525,1,ᛈᚩᛋᛏᚢᛚᚪᛏᛖᛋ,514
autoimmune,2825047,1,ᚪᚢᛏᚩᛁᛗᛗᚢᚾᛖ,438
promulgate,2824427,1,ᛈᚱᚩᛗᚢᛚᚷᚪᛏᛖ,448
vaccinated,2822119,1,ᚢᚪᚳᚳᛁᚾᚪᛏᛖᛞ,498
radiography,2819729,0,ᚱᚪᛞᛡᚷᚱᚪᛈᚻᚣ,598
alimentary,2813177,1,ᚪᛚᛁᛗᛖᚾᛏᚪᚱᚣ,638
cooperated,2813155,1,ᚳᚩᚩᛈᛖᚱᚪᛏᛖᛞ,460
pleasurable,2809597,1,ᛈᛚᛠᛋᚢᚱᚪᛒᛚᛖ,590
bifurcation,2809566,1,ᛒᛁᚠᚢᚱᚳᚪᛏᛡᚾ,413
sculptured,2799680,1,ᛋᚳᚢᛚᛈᛏᚢᚱᛖᛞ,414
egalitarian,2798110,1,ᛖᚷᚪᛚᛁᛏᚪᚱᛡᚾ,588
straighten,2796672,1,ᛋᛏᚱᚪᛁᚷᚻᛏᛖᚾ,446
accomplice,2796122,1,ᚪᚳᚳᚩᛗᛈᛚᛁᚳᛖ,428
pathologist,2795607,1,ᛈᚪᚦᚩᛚᚩᚷᛁᛋᛏ,392
kazakhstan,2794564,1,ᚳᚪᛋᚪᚳᚻᛋᛏᚪᚾ,534
peritoneum,2790723,1,ᛈᛖᚱᛁᛏᚩᚾᛖᚢᛗ,388
centrifuge,2784192,1,ᚳᛖᚾᛏᚱᛁᚠᚢᚷᛖ,299
simplistic,2782945,1,ᛋᛁᛗᛈᛚᛁᛋᛏᛁᚳ,458
prognostic,2781995,1,ᛈᚱᚩᚷᚾᚩᛋᛏᛁᚳ,270
standstill,2780716,1,ᛋᛏᚪᚾᛞᛋᛏᛁᛚᛚ,616
sanatorium,2756104,1,ᛋᚪᚾᚪᛏᚩᚱᛁᚢᛗ,458
precambrian,2755995,1,ᛈᚱᛖᚳᚪᛗᛒᚱᛡᚾ,510
exaggerate,2754067,1,ᛖᛉᚪᚷᚷᛖᚱᚪᛏᛖ,546
midwestern,2752584,1,ᛗᛁᛞᚹᛖᛋᛏᛖᚱᚾ,496
recompense,2749958,1,ᚱᛖᚳᚩᛗᛈᛖᚾᛋᛖ,428
achievable,2748999,1,ᚪᚳᚻᛁᛖᚢᚪᛒᛚᛖ,532
overcrowding,2745324,1,ᚩᚢᛖᚱᚳᚱᚩᚹᛞᛝ,306
nucleotides,2741483,1,ᚾᚢᚳᛚᛇᛏᛁᛞᛖᛋ,458
acoustical,2737606,1,ᚪᚳᚩᚢᛋᛏᛁᚳᚪᛚ,446
compromising,2735437,1,ᚳᚩᛗᛈᚱᚩᛗᛁᛋᛝ,386
transpired,2735251,1,ᛏᚱᚪᚾᛋᛈᛁᚱᛖᛞ,490
syphilitic,2733826,1,ᛋᚣᛈᚻᛁᛚᛁᛏᛁᚳ,460
rightfully,2732229,1,ᚱᛁᚷᚻᛏᚠᚢᛚᛚᚣ,395
unfriendly,2717454,1,ᚢᚾᚠᚱᛁᛖᚾᛞᛚᚣ,437
exhortation,2715689,1,ᛖᛉᚻᚩᚱᛏᚪᛏᛡᚾ,506
perceptive,2715314,1,ᛈᛖᚱᚳᛖᛈᛏᛁᚢᛖ,404
radicalism,2710000,1,ᚱᚪᛞᛁᚳᚪᛚᛁᛋᛗ,566
unthinkable,2709899,1,ᚢᚾᚦᛁᚾᚳᚪᛒᛚᛖ,408
greensboro,2708572,1,ᚷᚱᛖᛖᚾᛋᛒᚩᚱᚩ,330
possessive,2706028,1,ᛈᚩᛋᛋᛖᛋᛋᛁᚢᛖ,430
sinusoidal,2704729,1,ᛋᛁᚾᚢᛋᚩᛁᛞᚪᛚ,466
conversant,2701918,1,ᚳᚩᚾᚢᛖᚱᛋᚪᚾᛏ,368
variegated,2700413,1,ᚢᚪᚱᛁᛖᚷᚪᛏᛖᛞ,538
meticulous,2699005,1,ᛗᛖᛏᛁᚳᚢᛚᚩᚢᛋ,380
parenchyma,2698135,1,ᛈᚪᚱᛖᚾᚳᚻᚣᛗᚪ,554
jacqueline,2697193,1,ᛂᚪᚳᚳᚹᛖᛚᛁᚾᛖ,446
pollination,2694338,1,ᛈᚩᛚᛚᛁᚾᚪᛏᛡᚾ,548
adrenaline,2694324,1,ᚪᛞᚱᛖᚾᚪᛚᛁᚾᛖ,590
calculates,2692169,1,ᚳᚪᛚᚳᚢᛚᚪᛏᛖᛋ,548
amendatory,2688147,1,ᚪᛗᛖᚾᛞᚪᛏᚩᚱᚣ,630
protoplasm,2687214,1,ᛈᚱᚩᛏᚩᛈᛚᚪᛋᛗ,464
stupendous,2685222,1,ᛋᛏᚢᛈᛖᚾᛞᚩᚢᛋ,406
gynecology,2684322,0,ᚷᚣᚾᛖᚳᚩᛚᚩᚷᚣ,436
improvised,2680206,1,ᛁᛗᛈᚱᚩᚢᛁᛋᛖᛞ,406
caricature,2677955,1,ᚳᚪᚱᛁᚳᚪᛏᚢᚱᛖ,402
exorbitant,2672741,1,ᛖᛉᚩᚱᛒᛁᛏᚪᚾᛏ,468
dismantled,2670778,1,ᛞᛁᛋᛗᚪᚾᛏᛚᛖᛞ,658
aberrations,2670269,1,ᚪᛒᛖᚱᚱᚪᛏᛡᚾᛋ,592
condensers,2668996,1,ᚳᚩᚾᛞᛖᚾᛋᛖᚱᛋ,418
insulators,2668624,1,ᛁᚾᛋᚢᛚᚪᛏᚩᚱᛋ,416
transitive,2660692,1,ᛏᚱᚪᚾᛋᛁᛏᛁᚢᛖ,440
peninsular,2659050,1,ᛈᛖᚾᛁᚾᛋᚢᛚᚪᚱ,436
acquiesced,2657941,1,ᚪᚳᚳᚹᛁᛖᛋᚳᛖᛞ,462
religiously,2656970,1,ᚱᛖᛚᛁᚷᛡᚢᛋᛚᚣ,538
demography,2656120,1,ᛞᛖᛗᚩᚷᚱᚪᛈᚻᚣ,528
negotiators,2656017,1,ᚾᛖᚷᚩᛏᛡᛏᚩᚱᛋ,416
stereotyped,2654523,1,ᛋᛏᛖᚱᛇᛏᚣᛈᛖᛞ,592
lifestyles,2648303,1,ᛚᛁᚠᛖᛋᛏᚣᛚᛖᛋ,581
histologic,2647965,1,ᚻᛁᛋᛏᚩᛚᚩᚷᛁᚳ,314
solicitude,2646466,1,ᛋᚩᛚᛁᚳᛁᛏᚢᛞᛖ,426
windshield,2645673,1,ᚹᛁᚾᛞᛋᚻᛁᛖᛚᛞ,504
parenteral,2645463,1,ᛈᚪᚱᛖᚾᛏᛖᚱᚪᛚ,554
recognises,2643641,1,ᚱᛖᚳᚩᚷᚾᛁᛋᛖᛋ,348
elucidation,2631590,1,ᛖᛚᚢᚳᛁᛞᚪᛏᛡᚾ,568
unspeakable,2630868,1,ᚢᚾᛋᛈᛠᚳᚪᛒᛚᛖ,548
mistakenly,2629909,1,ᛗᛁᛋᛏᚪᚳᛖᚾᛚᚣ,596
answerable,2629321,1,ᚪᚾᛋᚹᛖᚱᚪᛒᛚᛖ,574
triangulation,2628893,1,ᛏᚱᛡᛝᚢᛚᚪᛏᛡᚾ,624
supersedes,2621234,1,ᛋᚢᛈᛖᚱᛋᛖᛞᛖᛋ,506
propellant,2620377,1,ᛈᚱᚩᛈᛖᛚᛚᚪᚾᛏ,502
strickland,2618758,1,ᛋᛏᚱᛁᚳᚳᛚᚪᚾᛞ,468
nightmares,2616803,1,ᚾᛁᚷᚻᛏᛗᚪᚱᛖᛋ,458
blackboard,2615609,1,ᛒᛚᚪᚳᚳᛒᚩᚪᚱᛞ,522
venezuelan,2615500,1,ᚢᛖᚾᛖᛋᚢᛖᛚᚪᚾ,488
vehemently,2613757,1,ᚢᛖᚻᛖᛗᛖᚾᛏᛚᚣ,562
speculated,2612899,1,ᛋᛈᛖᚳᚢᛚᚪᛏᛖᛞ,564
millionaire,2612411,1,ᛗᛁᛚᛚᛡᚾᚪᛁᚱᛖ,590
antiquated,2608326,1,ᚪᚾᛏᛁᚳᚹᚪᛏᛖᛞ,560
pragmatism,2598608,1,ᛈᚱᚪᚷᛗᚪᛏᛁᛋᛗ,550
shreveport,2595778,1,ᛋᚻᚱᛖᚢᛖᛈᚩᚱᛏ,344
declination,2594770,1,ᛞᛖᚳᛚᛁᚾᚪᛏᛡᚾ,594
internship,2593133,1,ᛁᚾᛏᛖᚱᚾᛋᚻᛁᛈ,376
grasslands,2593117,1,ᚷᚱᚪᛋᛋᛚᚪᚾᛞᛋ,572
capitalize,2592848,1,ᚳᚪᛈᛁᛏᚪᛚᛁᛋᛖ,564
periodicity,2591627,1,ᛈᛖᚱᛡᛞᛁᚳᛁᛏᚣ,554
eucalyptus,2588630,1,ᛖᚢᚳᚪᛚᚣᛈᛏᚢᛋ,514
imbalances,2588558,1,ᛁᛗᛒᚪᛚᚪᚾᚳᛖᛋ,592
centrality,2586317,1,ᚳᛖᚾᛏᚱᚪᛚᛁᛏᚣ,542
evansville,2586302,1,ᛖᚢᚪᚾᛋᚢᛁᛚᛚᛖ,496
workstation,2585793,1,ᚹᚩᚱᚳᛋᛏᚪᛏᛡᚾ,454
prepayment,2581998,1,ᛈᚱᛖᛈᚪᚣᛗᛖᚾᛏ,590
ascendancy,2579111,1,ᚪᛋᚳᛖᚾᛞᚪᚾᚳᚣ,590
commissioning,2578282,1,ᚳᚩᛗᛗᛁᛋᛋᛡᚾᛝ,514
housewives,2576408,1,ᚻᚩᚢᛋᛖᚹᛁᚢᛖᛋ,326
pestilence,2575421,1,ᛈᛖᛋᛏᛁᛚᛖᚾᚳᛖ,502
diminutive,2573849,1,ᛞᛁᛗᛁᚾᚢᛏᛁᚢᛖ,414
formalized,2572748,1,ᚠᚩᚱᛗᚪᛚᛁᛋᛖᛞ,501
transcends,2572438,1,ᛏᚱᚪᚾᛋᚳᛖᚾᛞᛋ,500
partitioned,2564875,1,ᛈᚪᚱᛏᛁᛏᛡᚾᛖᛞ,592
hydraulics,2564044,1,ᚻᚣᛞᚱᚪᚢᛚᛁᚳᛋ,496
sanctified,2560859,1,ᛋᚪᚾᚳᛏᛁᚠᛁᛖᛞ,471
telephoned,2560164,1,ᛏᛖᛚᛖᛈᚻᚩᚾᛖᛞ,524
rationalism,2560087,1,ᚱᚪᛏᛡᚾᚪᛚᛁᛋᛗ,628
collieries,2556349,1,ᚳᚩᛚᛚᛁᛖᚱᛁᛖᛋ,426
inactivity,2555602,1,ᛁᚾᚪᚳᛏᛁᚢᛁᛏᚣ,456
dismounted,2553870,1,ᛞᛁᛋᛗᚩᚢᚾᛏᛖᛞ,498
silhouette,2553316,1,ᛋᛁᛚᚻᚩᚢᛖᛏᛏᛖ,442
southerners,2547938,1,ᛋᚩᚢᚦᛖᚱᚾᛖᚱᛋ,306
originator,2543486,1,ᚩᚱᛁᚷᛁᚾᚪᛏᚩᚱ,300
gymnastics,2542873,1,ᚷᚣᛗᚾᚪᛋᛏᛁᚳᛋ,526
materiality,2539315,1,ᛗᚪᛏᛖᚱᛡᛚᛁᛏᚣ,678
tantamount,2536856,1,ᛏᚪᚾᛏᚪᛗᚩᚢᚾᛏ,510
perpetuity,2535921,1,ᛈᛖᚱᛈᛖᛏᚢᛁᛏᚣ,486
vestibular,2535101,1,ᚢᛖᛋᛏᛁᛒᚢᛚᚪᚱ,458
leukocytes,2530008,1,ᛚᛖᚢᚳᚩᚳᚣᛏᛖᛋ,458
specializes,2529787,1,ᛋᛈᛖᚳᛡᛚᛁᛋᛖᛋ,560
substratum,2529556,1,ᛋᚢᛒᛋᛏᚱᚪᛏᚢᛗ,470
occidental,2529437,1,ᚩᚳᚳᛁᛞᛖᚾᛏᚪᛚ,478
infinitive,2529226,1,ᛁᚾᚠᛁᚾᛁᛏᛁᚢᛖ,313
abominable,2524931,1,ᚪᛒᚩᛗᛁᚾᚪᛒᛚᛖ,594
geographers,2517661,1,ᚷᛇᚷᚱᚪᛈᚻᛖᚱᛋ,380
cottonwood,2514222,1,ᚳᚩᛏᛏᚩᚾᚹᚩᚩᛞ,296
streamlined,2513714,1,ᛋᛏᚱᛠᛗᛚᛁᚾᛖᛞ,592
loveliness,2509087,1,ᛚᚩᚢᛖᛚᛁᚾᛖᛋᛋ,456
classifier,2507229,1,ᚳᛚᚪᛋᛋᛁᚠᛁᛖᚱ,431
testimonial,2503237,1,ᛏᛖᛋᛏᛁᛗᚩᚾᛡᛚ,556
pulverized,2502117,1,ᛈᚢᛚᚢᛖᚱᛁᛋᛖᛞ,440
carcinomas,2501436,1,ᚳᚪᚱᚳᛁᚾᚩᛗᚪᛋ,422
forerunner,2500472,1,ᚠᚩᚱᛖᚱᚢᚾᚾᛖᚱ,237
judicature,2490527,1,ᛂᚢᛞᛁᚳᚪᛏᚢᚱᛖ,410
banishment,2486121,1,ᛒᚪᚾᛁᛋᚻᛗᛖᚾᛏ,520
fanaticism,2479367,1,ᚠᚪᚾᚪᛏᛁᚳᛁᛋᛗ,483
hurricanes,2476312,1,ᚻᚢᚱᚱᛁᚳᚪᚾᛖᛋ,338
alkalinity,2475440,1,ᚪᛚᚳᚪᛚᛁᚾᛁᛏᚣ,606
eigenvalue,2473855,1,ᛖᛁᚷᛖᚾᚢᚪᛚᚢᛖ,454
storehouse,2473203,1,ᛋᛏᚩᚱᛖᚻᚩᚢᛋᛖ,350
naturalism,2471141,1,ᚾᚪᛏᚢᚱᚪᛚᛁᛋᛗ,524
phonograph,2466136,1,ᛈᚻᚩᚾᚩᚷᚱᚪᛈᚻ,300
miscarriage,2462332,1,ᛗᛁᛋᚳᚪᚱᚱᛡᚷᛖ,478
preposition,2459977,1,ᛈᚱᛖᛈᚩᛋᛁᛏᛡᚾ,450
footprints,2458078,1,ᚠᚩᚩᛏᛈᚱᛁᚾᛏᛋ,301
micrometer,2458043,0,ᛗᛁᚳᚱᚩᛗᛖᛏᛖᚱ,408
periodontal,2451677,1,ᛈᛖᚱᛡᛞᚩᚾᛏᚪᛚ,582
complicating,2449270,1,ᚳᚩᛗᛈᛚᛁᚳᚪᛏᛝ,486
fortresses,2448038,1,ᚠᚩᚱᛏᚱᛖᛋᛋᛖᛋ,383
ratepayers,2448026,1,ᚱᚪᛏᛖᛈᚪᚣᛖᚱᛋ,608
detergents,2445389,1,ᛞᛖᛏᛖᚱᚷᛖᚾᛏᛋ,518
macpherson,2444520,1,ᛗᚪᚳᛈᚻᛖᚱᛋᚩᚾ,414
absorbance,2439205,1,ᚪᛒᛋᚩᚱᛒᚪᚾᚳᛖ,496
expeditious,2438667,1,ᛖᛉᛈᛖᛞᛁᛏᛡᚢᛋ,566
illegality,2436437,1,ᛁᛚᛚᛖᚷᚪᛚᛁᛏᚣ,624
submissive,2435496,1,ᛋᚢᛒᛗᛁᛋᛋᛁᚢᛖ,426
propellers,2435402,1,ᛈᚱᚩᛈᛖᛚᛚᛖᚱᛋ,448
strictures,2432476,1,ᛋᛏᚱᛁᚳᛏᚢᚱᛖᛋ,360
perplexity,2431065,1,ᛈᛖᚱᛈᛚᛖᛉᛁᛏᚣ,544
dehydrated,2425274,1,ᛞᛖᚻᚣᛞᚱᚪᛏᛖᛞ,694
robustness,2425049,1,ᚱᚩᛒᚢᛋᛏᚾᛖᛋᛋ,396
supplanted,2424990,1,ᛋᚢᛈᛈᛚᚪᚾᛏᛖᛞ,556
tyrannical,2423938,1,ᛏᚣᚱᚪᚾᚾᛁᚳᚪᛚ,542
grapefruit,2423307,1,ᚷᚱᚪᛈᛖᚠᚱᚢᛁᛏ,341
evaporator,2423280,1,ᛖᚢᚪᛈᚩᚱᚪᛏᚩᚱ,402
vindicated,2417071,1,ᚢᛁᚾᛞᛁᚳᚪᛏᛖᛞ,508
granulated,2410406,1,ᚷᚱᚪᚾᚢᛚᚪᛏᛖᛞ,542
machiavelli,2405602,1,ᛗᚪᚳᚻᛡᚢᛖᛚᛚᛁ,558
testicular,2402344,1,ᛏᛖᛋᛏᛁᚳᚢᛚᚪᚱ,466
britannica,2397944,1,ᛒᚱᛁᛏᚪᚾᚾᛁᚳᚪ,458
rapporteur,2396106,1,ᚱᚪᛈᛈᚩᚱᛏᛖᚢᚱ,352
evangelists,2389855,1,ᛖᚢᚪᛝᛖᛚᛁᛋᛏᛋ,582
cornwallis,2388425,1,ᚳᚩᚱᚾᚹᚪᛚᛚᛁᛋ,406
sensitized,2378923,1,ᛋᛖᚾᛋᛁᛏᛁᛋᛖᛞ,532
processions,2377357,1,ᛈᚱᚩᚳᛖᛋᛋᛡᚾᛋ,436
reproduces,2376676,1,ᚱᛖᛈᚱᚩᛞᚢᚳᛖᛋ,364
repurchase,2374524,1,ᚱᛖᛈᚢᚱᚳᚻᚪᛋᛖ,388
shenandoah,2374271,1,ᛋᚻᛖᚾᚪᚾᛞᚩᚪᚻ,514
shipowners,2372204,1,ᛋᚻᛁᛈᚩᚹᚾᛖᚱᛋ,336
discordant,2372139,1,ᛞᛁᛋᚳᚩᚱᛞᚪᚾᛏ,478
metabolite,2371899,1,ᛗᛖᛏᚪᛒᚩᛚᛁᛏᛖ,592
cheltenham,2360001,1,ᚳᚻᛖᛚᛏᛖᚾᚻᚪᛗ,522
huntsville,2359278,1,ᚻᚢᚾᛏᛋᚢᛁᛚᛚᛖ,414
appointees,2356780,1,ᚪᛈᛈᚩᛁᚾᛏᛖᛖᛋ,496
milestones,2355340,1,ᛗᛁᛚᛖᛋᛏᚩᚾᛖᛋ,510
antioxidant,2354662,1,ᚪᚾᛏᛡᛉᛁᛞᚪᚾᛏ,644
circumvent,2353701,1,ᚳᛁᚱᚳᚢᛗᚢᛖᚾᛏ,300
fingerprints,2352886,1,ᚠᛝᛖᚱᛈᚱᛁᚾᛏᛋ,385
redeemable,2352854,1,ᚱᛖᛞᛖᛖᛗᚪᛒᛚᛖ,670
eloquently,2349339,1,ᛖᛚᚩᚳᚹᛖᚾᛏᛚᚣ,510
judiciously,2338209,1,ᛂᚢᛞᛁᚳᛡᚢᛋᛚᚣ,512
bolsheviks,2337959,1,ᛒᚩᛚᛋᚻᛖᚢᛁᚳᛋ,384
bipartisan,2335755,1,ᛒᛁᛈᚪᚱᛏᛁᛋᚪᚾ,512
tubercular,2335021,1,ᛏᚢᛒᛖᚱᚳᚢᛚᚪᚱ,398
prehistory,2334789,1,ᛈᚱᛖᚻᛁᛋᛏᚩᚱᚣ,408
lamentable,2334666,1,ᛚᚪᛗᛖᚾᛏᚪᛒᛚᛖ,694
celebrates,2333717,1,ᚳᛖᛚᛖᛒᚱᚪᛏᛖᛋ,568
complicity,2333499,1,ᚳᚩᛗᛈᛚᛁᚳᛁᛏᚣ,444
fertiliser,2328952,1,ᚠᛖᚱᛏᛁᛚᛁᛋᛖᚱ,405
brightened,2324736,1,ᛒᚱᛁᚷᚻᛏᛖᚾᛖᛞ,454
tryptophan,2323191,1,ᛏᚱᚣᛈᛏᚩᛈᚻᚪᚾ,474
speechless,2318161,1,ᛋᛈᛖᛖᚳᚻᛚᛖᛋᛋ,512
connotation,2317329,1,ᚳᚩᚾᚾᚩᛏᚪᛏᛡᚾ,436
bookkeeper,2317067,1,ᛒᚩᚩᚳᚳᛖᛖᛈᛖᚱ,356
shouldered,2314654,1,ᛋᚻᚩᚢᛚᛞᛖᚱᛖᛞ,482
deflections,2304004,1,ᛞᛖᚠᛚᛖᚳᛏᛡᚾᛋ,559
transients,2294983,1,ᛏᚱᚪᚾᛋᛁᛖᚾᛏᛋ,488
dissociated,2293472,1,ᛞᛁᛋᛋᚩᚳᛡᛏᛖᛞ,568
appreciates,2292565,1,ᚪᛈᛈᚱᛖᚳᛡᛏᛖᛋ,560
postpartum,2286136,1,ᛈᚩᛋᛏᛈᚪᚱᛏᚢᛗ,446
bereavement,2285263,1,ᛒᛖᚱᛠᚢᛖᛗᛖᚾᛏ,544
promontory,2283079,1,ᛈᚱᚩᛗᚩᚾᛏᚩᚱᚣ,348
reflectors,2280089,1,ᚱᛖᚠᛚᛖᚳᛏᚩᚱᛋ,363
theretofore,2279396,1,ᚦᛖᚱᛖᛏᚩᚠᚩᚱᛖ,303
resurgence,2278047,1,ᚱᛖᛋᚢᚱᚷᛖᚾᚳᛖ,338
passageway,2276378,1,ᛈᚪᛋᛋᚪᚷᛖᚹᚪᚣ,646
inequities,2275354,1,ᛁᚾᛖᚳᚹᛁᛏᛁᛖᛋ,400
telegraphs,2272546,1,ᛏᛖᛚᛖᚷᚱᚪᛈᚻᛋ,510
protectors,2268309,1,ᛈᚱᚩᛏᛖᚳᛏᚩᚱᛋ,330
follicular,2266494,1,ᚠᚩᛚᛚᛁᚳᚢᛚᚪᚱ,383
benediction,2264433,1,ᛒᛖᚾᛖᛞᛁᚳᛏᛡᚾ,552
helplessly,2260122,1,ᚻᛖᛚᛈᛚᛖᛋᛋᛚᚣ,628
breastfeeding,2257479,1,ᛒᚱᛠᛋᛏᚠᛖᛖᛞᛝ,597
floodplain,2256589,1,ᚠᛚᚩᚩᛞᛈᛚᚪᛁᚾ,451
tumultuous,2251907,1,ᛏᚢᛗᚢᛚᛏᚢᚩᚢᛋ,334
intersects,2250934,1,ᛁᚾᛏᛖᚱᛋᛖᚳᛏᛋ,442
benchmarks,2250809,1,ᛒᛖᚾᚳᚻᛗᚪᚱᚳᛋ,438
erythrocyte,2250569,1,ᛖᚱᚣᚦᚱᚩᚳᚣᛏᛖ,446
incongruous,2246842,1,ᛁᚾᚳᚩᛝᚱᚢᚩᚢᛋ,236
autocratic,2244805,1,ᚪᚢᛏᚩᚳᚱᚪᛏᛁᚳ,390
solidified,2244483,1,ᛋᚩᛚᛁᛞᛁᚠᛁᛖᛞ,473
uneducated,2243945,1,ᚢᚾᛖᛞᚢᚳᚪᛏᛖᛞ,516
skillfully,2242482,1,ᛋᚳᛁᛚᛚᚠᚢᛚᛚᚣ,497
parathyroid,2242481,1,ᛈᚪᚱᚪᚦᚣᚱᚩᛁᛞ,494
azerbaijan,2241513,1,ᚪᛋᛖᚱᛒᚪᛁᛂᚪᚾ,580
mesenteric,2237911,1,ᛗᛖᛋᛖᚾᛏᛖᚱᛁᚳ,468
telegraphy,2237497,1,ᛏᛖᛚᛖᚷᚱᚪᛈᚻᚣ,560
adventurer,2235344,1,ᚪᛞᚢᛖᚾᛏᚢᚱᛖᚱ,436
shropshire,2233699,1,ᛋᚻᚱᚩᛈᛋᚻᛁᚱᛖ,322
logistical,2230231,1,ᛚᚩᚷᛁᛋᛏᛁᚳᚪᛚ,454
bonneville,2225312,1,ᛒᚩᚾᚾᛖᚢᛁᛚᛚᛖ,440
unreported,2223136,1,ᚢᚾᚱᛖᛈᚩᚱᛏᛖᛞ,386
registrars,2217963,1,ᚱᛖᚷᛁᛋᛏᚱᚪᚱᛋ,410
modernized,2216879,1,ᛗᚩᛞᛖᚱᚾᛁᛋᛖᛞ,514
incumbents,2216322,1,ᛁᚾᚳᚢᛗᛒᛖᚾᛏᛋ,416
carboxylic,2215198,1,ᚳᚪᚱᛒᚩᛉᚣᛚᛁᚳ,456
simplifies,2213029,1,ᛋᛁᛗᛈᛚᛁᚠᛁᛖᛋ,455
inexorable,2212744,1,ᛁᚾᛖᛉᚩᚱᚪᛒᛚᛖ,490
splendidly,2211056,1,ᛋᛈᛚᛖᚾᛞᛁᛞᛚᚣ,650
ventricles,2208888,1,ᚢᛖᚾᛏᚱᛁᚳᛚᛖᛋ,406
estimators,2207684,1,ᛖᛋᛏᛁᛗᚪᛏᚩᚱᛋ,508
countryman,2203739,1,ᚳᚩᚢᚾᛏᚱᚣᛗᚪᚾ,422
upholstery,2203627,1,ᚢᛈᚻᚩᛚᛋᛏᛖᚱᚣ,442
unattended,2203272,1,ᚢᚾᚪᛏᛏᛖᚾᛞᛖᛞ,588
returnable,2200091,1,ᚱᛖᛏᚢᚱᚾᚪᛒᛚᛖ,478
paperboard,2198271,1,ᛈᚪᛈᛖᚱᛒᚩᚪᚱᛞ,526
timeliness,2197999,1,ᛏᛁᛗᛖᛚᛁᚾᛖᛋᛋ,534
apologized,2197257,1,ᚪᛈᚩᛚᚩᚷᛁᛋᛖᛞ,484
radiographs,2195903,1,ᚱᚪᛞᛡᚷᚱᚪᛈᚻᛋ,548
proscribed,2190715,1,ᛈᚱᚩᛋᚳᚱᛁᛒᛖᛞ,386
glomerular,2190593,1,ᚷᛚᚩᛗᛖᚱᚢᛚᚪᚱ,430
omnipotent,2188582,1,ᚩᛗᚾᛁᛈᚩᛏᛖᚾᛏ,402
majorities,2184275,1,ᛗᚪᛂᚩᚱᛁᛏᛁᛖᛋ,464
disrespect,2184207,1,ᛞᛁᛋᚱᛖᛋᛈᛖᚳᛏ,486
battleship,2182924,1,ᛒᚪᛏᛏᛚᛖᛋᚻᛁᛈ,566
undercover,2179245,1,ᚢᚾᛞᛖᚱᚳᚩᚢᛖᚱ,300
camouflage,2178937,1,ᚳᚪᛗᚩᚢᚠᛚᚪᚷᛖ,447
enlightening,2178594,1,ᛖᚾᛚᛁᚷᚻᛏᛖᚾᛝ,474
overloaded,2174967,1,ᚩᚢᛖᚱᛚᚩᚪᛞᛖᛞ,510
thoughtless,2169808,1,ᚦᚩᚢᚷᚻᛏᛚᛖᛋᛋ,360
perpetuating,2168578,1,ᛈᛖᚱᛈᛖᛏᚢᚪᛏᛝ,528
succinctly,2160513,1,ᛋᚢᚳᚳᛁᚾᚳᛏᛚᚣ,390
discoverer,2158771,1,ᛞᛁᛋᚳᚩᚢᛖᚱᛖᚱ,352
australasia,2157894,1,ᚪᚢᛋᛏᚱᚪᛚᚪᛋᛡ,650
impassable,2156789,1,ᛁᛗᛈᚪᛋᛋᚪᛒᛚᛖ,646
nonferrous,2155687,1,ᚾᚩᚾᚠᛖᚱᚱᚩᚢᛋ,219
integrates,2155273,1,ᛁᚾᛏᛖᚷᚱᚪᛏᛖᛋ,490
admonished,2149553,1,ᚪᛞᛗᚩᚾᛁᛋᚻᛖᛞ,556
surrendering,2144745,1,ᛋᚢᚱᚱᛖᚾᛞᛖᚱᛝ,420
regressions,2144096,1,ᚱᛖᚷᚱᛖᛋᛋᛡᚾᛋ,468
alternates,2143502,1,ᚪᛚᛏᛖᚱᚾᚪᛏᛖᛋ,612
impassioned,2143189,1,ᛁᛗᛈᚪᛋᛋᛡᚾᛖᛞ,640
numberless,2142821,1,ᚾᚢᛗᛒᛖᚱᛚᛖᛋᛋ,488
maliciously,2142126,1,ᛗᚪᛚᛁᚳᛡᚢᛋᛚᚣ,624
mattresses,2141824,1,ᛗᚪᛏᛏᚱᛖᛋᛋᛖᛋ,590
federations,2139206,1,ᚠᛖᛞᛖᚱᚪᛏᛡᚾᛋ,581
militarism,2138827,1,ᛗᛁᛚᛁᛏᚪᚱᛁᛋᛗ,528
unadjusted,2136032,1,ᚢᚾᚪᛞᛂᚢᛋᛏᛖᛞ,526
aggravation,2135378,1,ᚪᚷᚷᚱᚪᚢᚪᛏᛡᚾ,534
dramatists,2132516,1,ᛞᚱᚪᛗᚪᛏᛁᛋᛏᛋ,620
unlicensed,2128839,1,ᚢᚾᛚᛁᚳᛖᚾᛋᛖᛞ,454
innocently,2127617,1,ᛁᚾᚾᚩᚳᛖᚾᛏᛚᚣ,440
neutralizing,2122635,1,ᚾᛖᚢᛏᚱᚪᛚᛁᛋᛝ,502
injustices,2120474,1,ᛁᚾᛂᚢᛋᛏᛁᚳᛖᛋ,376
chronicler,2118671,1,ᚳᚻᚱᚩᚾᛁᚳᛚᛖᚱ,278
mohammedan,2116867,1,ᛗᚩᚻᚪᛗᛗᛖᛞᚪᚾ,622
eyewitness,2115184,1,ᛖᚣᛖᚹᛁᛏᚾᛖᛋᛋ,548
microfilms,2114906,1,ᛗᛁᚳᚱᚩᚠᛁᛚᛗᛋ,363
indigestion,2114143,1,ᛁᚾᛞᛁᚷᛖᛋᛏᛡᚾ,512
copolymers,2102404,1,ᚳᚩᛈᚩᛚᚣᛗᛖᚱᛋ,448
macrophage,2101481,1,ᛗᚪᚳᚱᚩᛈᚻᚪᚷᛖ,446
convulsive,2100243,1,ᚳᚩᚾᚢᚢᛚᛋᛁᚢᛖ,282
phenotypic,2100211,1,ᛈᚻᛖᚾᚩᛏᚣᛈᛁᚳ,418
insightful,2097076,1,ᛁᚾᛋᛁᚷᚻᛏᚠᚢᛚ,321
nonpayment,2097041,1,ᚾᚩᚾᛈᚪᚣᛗᛖᚾᛏ,534
commutator,2096518,1,ᚳᚩᛗᛗᚢᛏᚪᛏᚩᚱ,398
dependants,2096055,1,ᛞᛖᛈᛖᚾᛞᚪᚾᛏᛋ,622
piccadilly,2095750,1,ᛈᛁᚳᚳᚪᛞᛁᛚᛚᚣ,566
turnaround,2095557,1,ᛏᚢᚱᚾᚪᚱᚩᚢᚾᛞ,338
inaccuracy,2095188,1,ᛁᚾᚪᚳᚳᚢᚱᚪᚳᚣ,410
belleville,2093284,1,ᛒᛖᛚᛚᛖᚢᛁᛚᛚᛖ,588
geomagnetic,2092919,1,ᚷᛇᛗᚪᚷᚾᛖᛏᛁᚳ,442
miscellany,2092474,1,ᛗᛁᛋᚳᛖᛚᛚᚪᚾᚣ,610
overdrafts,2091449,1,ᚩᚢᛖᚱᛞᚱᚪᚠᛏᛋ,399
uncommonly,2091204,1,ᚢᚾᚳᚩᛗᛗᚩᚾᛚᚣ,406
articulating,2090959,1,ᚪᚱᛏᛁᚳᚢᛚᚪᛏᛝ,522
instigated,2090013,1,ᛁᚾᛋᛏᛁᚷᚪᛏᛖᛞ,532
outweighed,2086966,1,ᚩᚢᛏᚹᛖᛁᚷᚻᛖᛞ,382
percolation,2086542,1,ᛈᛖᚱᚳᚩᛚᚪᛏᛡᚾ,506
overpowering,2082233,1,ᚩᚢᛖᚱᛈᚩᚹᛖᚱᛝ,314
cantilever,2080705,1,ᚳᚪᚾᛏᛁᛚᛖᚢᛖᚱ,450
undermines,2077378,1,ᚢᚾᛞᛖᚱᛗᛁᚾᛖᛋ,450
intolerant,2073594,1,ᛁᚾᛏᚩᛚᛖᚱᚪᚾᛏ,462
projectors,2071619,1,ᛈᚱᚩᛂᛖᚳᛏᚩᚱᛋ,308
disruptions,2071231,1,ᛞᛁᛋᚱᚢᛈᛏᛡᚾᛋ,478
overburden,2070456,1,ᚩᚢᛖᚱᛒᚢᚱᛞᛖᚾ,348
encumbered,2066377,1,ᛖᚾᚳᚢᛗᛒᛖᚱᛖᛞ,478
innervation,2065430,1,ᛁᚾᚾᛖᚱᚢᚪᛏᛡᚾ,462
bookstores,2062106,1,ᛒᚩᚩᚳᛋᛏᚩᚱᛖᛋ,338
suppressor,2058966,1,ᛋᚢᛈᛈᚱᛖᛋᛋᚩᚱ,344
montenegro,2058775,1,ᛗᚩᚾᛏᛖᚾᛖᚷᚱᚩ,364
stipulates,2056862,1,ᛋᛏᛁᛈᚢᛚᚪᛏᛖᛋ,538
ventilator,2056648,1,ᚢᛖᚾᛏᛁᛚᚪᛏᚩᚱ,436
curiosities,2056051,1,ᚳᚢᚱᛡᛋᛁᛏᛁᛖᛋ,428
dispatcher,2055361,1,ᛞᛁᛋᛈᚪᛏᚳᚻᛖᚱ,486
hinterland,2054644,1,ᚻᛁᚾᛏᛖᚱᛚᚪᚾᛞ,508
communique,2054547,1,ᚳᚩᛗᛗᚢᚾᛁᚳᚹᛖ,324
orthography,2053717,1,ᚩᚱᚦᚩᚷᚱᚪᛈᚻᚣ,324
apologetic,2051623,1,ᚪᛈᚩᛚᚩᚷᛖᛏᛁᚳ,414
slaughtering,2049689,1,ᛋᛚᚪᚢᚷᚻᛏᛖᚱᛝ,482
inordinate,2047073,1,ᛁᚾᚩᚱᛞᛁᚾᚪᛏᛖ,450
empiricism,2045649,1,ᛖᛗᛈᛁᚱᛁᚳᛁᛋᛗ,422
elucidated,2044525,1,ᛖᛚᚢᚳᛁᛞᚪᛏᛖᛞ,588
unexplored,2043816,1,ᚢᚾᛖᛉᛈᛚᚩᚱᛖᛞ,436
recitations,2041185,1,ᚱᛖᚳᛁᛏᚪᛏᛡᚾᛋ,526
habitations,2039669,1,ᚻᚪᛒᛁᛏᚪᛏᛡᚾᛋ,616
positivism,2039668,1,ᛈᚩᛋᛁᛏᛁᚢᛁᛋᛗ,382
prophesied,2035758,1,ᛈᚱᚩᛈᚻᛖᛋᛁᛖᛞ,434
amelioration,2035680,1,ᚪᛗᛖᛚᛡᚱᚪᛏᛡᚾ,718
seminaries,2034348,1,ᛋᛖᛗᛁᚾᚪᚱᛁᛖᛋ,510
fortuitous,2033963,1,ᚠᚩᚱᛏᚢᛁᛏᚩᚢᛋ,235
insurgency,2031776,1,ᛁᚾᛋᚢᚱᚷᛖᚾᚳᚣ,356
foreclosed,2030764,1,ᚠᚩᚱᛖᚳᛚᚩᛋᛖᛞ,389
endoscopic,2029194,0,ᛖᚾᛞᚩᛋᚳᚩᛈᛁᚳ,352
stubbornly,2028717,1,ᛋᛏᚢᛒᛒᚩᚱᚾᛚᚣ,460
separators,2022318,1,ᛋᛖᛈᚪᚱᚪᛏᚩᚱᛋ,498
reputations,2020007,1,ᚱᛖᛈᚢᛏᚪᛏᛡᚾᛋ,528
quadrupole,2018843,1,ᚳᚹᚪᛞᚱᚢᛈᚩᛚᛖ,422
mindedness,2010888,1,ᛗᛁᚾᛞᛖᛞᚾᛖᛋᛋ,578
testaments,2006994,1,ᛏᛖᛋᛏᚪᛗᛖᚾᛏᛋ,614
afflictions,2006066,1,ᚪᚠᚠᛚᛁᚳᛏᛡᚾᛋ,466
antoinette,2005706,1,ᚪᚾᛏᚩᛁᚾᛖᛏᛏᛖ,504
subroutine,2004996,1,ᛋᚢᛒᚱᚩᚢᛏᛁᚾᛖ,324
depositary,2000025,1,ᛞᛖᛈᚩᛋᛁᛏᚪᚱᚣ,560
executioner,1999977,1,ᛖᛉᛖᚳᚢᛏᛡᚾᛖᚱ,470
underscore,1999918,1,ᚢᚾᛞᛖᚱᛋᚳᚩᚱᛖ,350
disappoint,1997520,1,ᛞᛁᛋᚪᛈᛈᚩᛁᚾᛏ,482
centerline,1995648,1,ᚳᛖᚾᛏᛖᚱᛚᛁᚾᛖ,446
drowsiness,1995375,1,ᛞᚱᚩᚹᛋᛁᚾᛖᛋᛋ,412
mccullough,1992215,0,ᛗᚳᚳᚢᛚᛚᚩᚢᚷᚻ,296
orchestras,1991863,1,ᚩᚱᚳᚻᛖᛋᛏᚱᚪᛋ,394
indentation,1988674,1,ᛁᚾᛞᛖᚾᛏᚪᛏᛡᚾ,596
screenplay,1988337,1,ᛋᚳᚱᛖᛖᚾᛈᛚᚪᚣ,556
harmonized,1987594,1,ᚻᚪᚱᛗᚩᚾᛁᛋᛖᛞ,478
haemoglobin,1987024,1,ᚻᚫᛗᚩᚷᛚᚩᛒᛁᚾ,420
deportment,1986620,1,ᛞᛖᛈᚩᚱᛏᛗᛖᚾᛏ,502
demosthenes,1986530,1,ᛞᛖᛗᚩᛋᚦᛖᚾᛖᛋ,508
dissonance,1986181,1,ᛞᛁᛋᛋᚩᚾᚪᚾᚳᛖ,468
ionospheric,1985535,1,ᛡᚾᚩᛋᛈᚻᛖᚱᛁᚳ,384
westerners,1985244,1,ᚹᛖᛋᛏᛖᚱᚾᛖᚱᛋ,436
interrupts,1977219,1,ᛁᚾᛏᛖᚱᚱᚢᛈᛏᛋ,366
embryology,1976644,0,ᛖᛗᛒᚱᚣᚩᛚᚩᚷᚣ,520
homeostasis,1976378,1,ᚻᚩᛗᛇᛋᛏᚪᛋᛁᛋ,488
willamette,1973420,1,ᚹᛁᛚᛚᚪᛗᛖᛏᛏᛖ,616
impartially,1972909,1,ᛁᛗᛈᚪᚱᛏᛡᛚᛚᚣ,668
materialist,1971945,1,ᛗᚪᛏᛖᚱᛡᛚᛁᛋᛏ,628
synagogues,1971462,1,ᛋᚣᚾᚪᚷᚩᚷᚢᛖᛋ,446
convolution,1970271,1,ᚳᚩᚾᚢᚩᛚᚢᛏᛡᚾ,330
extremists,1970183,1,ᛖᛉᛏᚱᛖᛗᛁᛋᛏᛋ,518
monticello,1969918,1,ᛗᚩᚾᛏᛁᚳᛖᛚᛚᚩ,430
derogatory,1969353,1,ᛞᛖᚱᚩᚷᚪᛏᚩᚱᚣ,468
boisterous,1966545,1,ᛒᚩᛁᛋᛏᛖᚱᚩᚢᛋ,352
punctuated,1966527,1,ᛈᚢᚾᚳᛏᚢᚪᛏᛖᛞ,462
affectation,1965415,1,ᚪᚠᚠᛖᚳᛏᚪᛏᛡᚾ,532
distillery,1963748,1,ᛞᛁᛋᛏᛁᛚᛚᛖᚱᚣ,590
relativism,1963657,1,ᚱᛖᛚᚪᛏᛁᚢᛁᛋᛗ,496
malfunction,1963368,1,ᛗᚪᛚᚠᚢᚾᚳᛏᛡᚾ,483
intimidate,1962211,1,ᛁᚾᛏᛁᛗᛁᛞᚪᛏᛖ,564
peroxidase,1960769,1,ᛈᛖᚱᚩᛉᛁᛞᚪᛋᛖ,512
regressive,1960057,1,ᚱᛖᚷᚱᛖᛋᛋᛁᚢᛖ,380
unimproved,1957532,1,ᚢᚾᛁᛗᛈᚱᚩᚢᛖᛞ,354
antichrist,1957041,1,ᚪᚾᛏᛁᚳᚻᚱᛁᛋᛏ,406
maturities,1953796,1,ᛗᚪᛏᚢᚱᛁᛏᛁᛖᛋ,482
naphthalene,1952184,1,ᚾᚪᛈᚻᚦᚪᛚᛖᚾᛖ,530
buttermilk,1950146,1,ᛒᚢᛏᛏᛖᚱᛗᛁᛚᚳ,448
myocardium,1949482,1,ᛗᚣᚩᚳᚪᚱᛞᛁᚢᛗ,496
endometrial,1948803,1,ᛖᚾᛞᚩᛗᛖᛏᚱᛡᛚ,580
journeymen,1945185,1,ᛂᚩᚢᚱᚾᛖᚣᛗᛖᚾ,424
crustaceans,1944663,1,ᚳᚱᚢᛋᛏᚪᚳᛠᚾᛋ,440
exchangeable,1944576,1,ᛖᛉᚳᚻᚪᛝᛠᛒᛚᛖ,636
realignment,1943522,1,ᚱᛠᛚᛁᚷᚾᛗᛖᚾᛏ,496
materialize,1942152,1,ᛗᚪᛏᛖᚱᛡᛚᛁᛋᛖ,636
crankshaft,1941527,1,ᚳᚱᚪᚾᚳᛋᚻᚪᚠᛏ,397
fiberglass,1940475,1,ᚠᛁᛒᛖᚱᚷᛚᚪᛋᛋ,465
endothelium,1939084,1,ᛖᚾᛞᚩᚦᛖᛚᛁᚢᛗ,442
subjugation,1938409,1,ᛋᚢᛒᛂᚢᚷᚪᛏᛡᚾ,466
referential,1936709,1,ᚱᛖᚠᛖᚱᛖᚾᛏᛡᛚ,493
radiocarbon,1934283,1,ᚱᚪᛞᛡᚳᚪᚱᛒᚩᚾ,522
unimpaired,1930127,1,ᚢᚾᛁᛗᛈᚪᛁᚱᛖᛞ,472
mackintosh,1927331,1,ᛗᚪᚳᚳᛁᚾᛏᚩᛋᚻ,396
binoculars,1926483,1,ᛒᛁᚾᚩᚳᚢᛚᚪᚱᛋ,378
supervises,1925631,1,ᛋᚢᛈᛖᚱᚢᛁᛋᛖᛋ,384
intimidating,1924180,1,ᛁᚾᛏᛁᛗᛁᛞᚪᛏᛝ,576
handicraft,1923417,1,ᚻᚪᚾᛞᛁᚳᚱᚪᚠᛏ,451
suppuration,1921777,1,ᛋᚢᛈᛈᚢᚱᚪᛏᛡᚾ,448
regenerate,1919862,1,ᚱᛖᚷᛖᚾᛖᚱᚪᛏᛖ,492
complacent,1918753,1,ᚳᚩᛗᛈᛚᚪᚳᛖᚾᛏ,472
appendixes,1918061,1,ᚪᛈᛈᛖᚾᛞᛁᛉᛖᛋ,566
ulcerative,1915585,1,ᚢᛚᚳᛖᚱᚪᛏᛁᚢᛖ,424
campground,1911425,1,ᚳᚪᛗᛈᚷᚱᚩᚢᚾᛞ,380
chautauqua,1899775,1,ᚳᚻᚪᚢᛏᚪᚢᚳᚹᚪ,424
nicaraguan,1899290,1,ᚾᛁᚳᚪᚱᚪᚷᚢᚪᚾ,424
emphasises,1898102,1,ᛖᛗᛈᚻᚪᛋᛁᛋᛖᛋ,558
eradicated,1897610,1,ᛖᚱᚪᛞᛁᚳᚪᛏᛖᛞ,620
debilitating,1896745,1,ᛞᛖᛒᛁᛚᛁᛏᚪᛏᛝ,646
unfettered,1895237,1,ᚢᚾᚠᛖᛏᛏᛖᚱᛖᛞ,453
degeneracy,1894556,1,ᛞᛖᚷᛖᚾᛖᚱᚪᚳᚣ,560
bloomsbury,1890064,1,ᛒᛚᚩᚩᛗᛋᛒᚢᚱᚣ,450
instigation,1887409,1,ᛁᚾᛋᛏᛁᚷᚪᛏᛡᚾ,512
fluctuated,1887327,1,ᚠᛚᚢᚳᛏᚢᚪᛏᛖᛞ,465
overflowed,1883647,1,ᚩᚢᛖᚱᚠᛚᚩᚹᛖᛞ,345
permanency,1882347,1,ᛈᛖᚱᛗᚪᚾᛖᚾᚳᚣ,530
vindictive,1880454,1,ᚢᛁᚾᛞᛁᚳᛏᛁᚢᛖ,356
symbolizes,1875812,1,ᛋᚣᛗᛒᚩᛚᛁᛋᛖᛋ,572
renumbered,1875335,1,ᚱᛖᚾᚢᛗᛒᛖᚱᛖᛞ,476
dislocated,1874803,1,ᛞᛁᛋᛚᚩᚳᚪᛏᛖᛞ,578
reproaches,1868954,1,ᚱᛖᛈᚱᚩᚪᚳᚻᛖᛋ,392
leucocytes,1868833,1,ᛚᛖᚢᚳᚩᚳᚣᛏᛖᛋ,458
expositions,1867043,1,ᛖᛉᛈᚩᛋᛁᛏᛡᚾᛋ,496
favourites,1865092,1,ᚠᚪᚢᚩᚢᚱᛁᛏᛖᛋ,333
schuylkill,1861725,1,ᛋᚳᚻᚢᚣᛚᚳᛁᛚᛚ,458
personalty,1859481,1,ᛈᛖᚱᛋᚩᚾᚪᛚᛏᚣ,542
teaspoonful,1858870,1,ᛏᛠᛋᛈᚩᚩᚾᚠᚢᛚ,385
nominative,1858762,1,ᚾᚩᛗᛁᚾᚪᛏᛁᚢᛖ,424
unfairness,1856861,1,ᚢᚾᚠᚪᛁᚱᚾᛖᛋᛋ,375
wainwright,1854075,1,ᚹᚪᛁᚾᚹᚱᛁᚷᚻᛏ,336
interurban,1850776,1,ᛁᚾᛏᛖᚱᚢᚱᛒᚪᚾ,398
compatriots,1849530,1,ᚳᚩᛗᛈᚪᛏᚱᛡᛏᛋ,520
astronauts,1848825,1,ᚪᛋᛏᚱᚩᚾᚪᚢᛏᛋ,468
coniferous,1848602,1,ᚳᚩᚾᛁᚠᛖᚱᚩᚢᛋ,223
colloquium,1847825,1,ᚳᚩᛚᛚᚩᚳᚹᛁᚢᛗ,310
stillwater,1844260,1,ᛋᛏᛁᛚᛚᚹᚪᛏᛖᚱ,542
implacable,1842425,1,ᛁᛗᛈᛚᚪᚳᚪᛒᛚᛖ,626
grandchild,1841132,1,ᚷᚱᚪᚾᛞᚳᚻᛁᛚᛞ,472
carburetor,1838882,1,ᚳᚪᚱᛒᚢᚱᛖᛏᚩᚱ,340
criticizes,1838430,1,ᚳᚱᛁᛏᛁᚳᛁᛋᛖᛋ,362
financiers,1833376,1,ᚠᛁᚾᚪᚾᚳᛁᛖᚱᛋ,363
interracial,1828257,1,ᛁᚾᛏᛖᚱᚱᚪᚳᛡᛚ,498
retaliatory,1827866,1,ᚱᛖᛏᚪᛚᛡᛏᚩᚱᚣ,594
downloaded,1827634,1,ᛞᚩᚹᚾᛚᚩᚪᛞᛖᛞ,566
appertaining,1826477,1,ᚪᛈᛈᛖᚱᛏᚪᛁᚾᛝ,556
progenitor,1825941,1,ᛈᚱᚩᚷᛖᚾᛁᛏᚩᚱ,282
uzbekistan,1825020,1,ᚢᛋᛒᛖᚳᛁᛋᛏᚪᚾ,466
permutation,1824302,1,ᛈᛖᚱᛗᚢᛏᚪᛏᛡᚾ,546
disqualify,1823322,1,ᛞᛁᛋᚳᚹᚪᛚᛁᚠᚣ,511
altruistic,1822623,1,ᚪᛚᛏᚱᚢᛁᛋᛏᛁᚳ,430
recklessly,1820999,1,ᚱᛖᚳᚳᛚᛖᛋᛋᛚᚣ,526
metastable,1819780,1,ᛗᛖᛏᚪᛋᛏᚪᛒᛚᛖ,704
militarily,1819358,1,ᛗᛁᛚᛁᛏᚪᚱᛁᛚᚣ,580
detachable,1817865,1,ᛞᛖᛏᚪᚳᚻᚪᛒᛚᛖ,646
contestant,1816724,1,ᚳᚩᚾᛏᛖᛋᛏᚪᚾᛏ,472
expressway,1812304,1,ᛖᛉᛈᚱᛖᛋᛋᚹᚪᚣ,560
intensifying,1810864,1,ᛁᚾᛏᛖᚾᛋᛁᚠᚣᛝ,483
disclaimed,1809565,1,ᛞᛁᛋᚳᛚᚪᛁᛗᛖᛞ,614
discreetly,1805866,1,ᛞᛁᛋᚳᚱᛖᛖᛏᛚᚣ,566
lithography,1805091,1,ᛚᛁᚦᚩᚷᚱᚪᛈᚻᚣ,410
conditioner,1804326,1,ᚳᚩᚾᛞᛁᛏᛡᚾᛖᚱ,442
regionalism,1804260,1,ᚱᛖᚷᛡᚾᚪᛚᛁᛋᛗ,556
intramural,1804215,1,ᛁᚾᛏᚱᚪᛗᚢᚱᚪᛚ,482
pretentious,1801999,1,ᛈᚱᛖᛏᛖᚾᛏᛡᚢᛋ,498
groundless,1801721,1,ᚷᚱᚩᚢᚾᛞᛚᛖᛋᛋ,402
sensuality,1801565,1,ᛋᛖᚾᛋᚢᚪᛚᛁᛏᚣ,568
attestation,1800915,1,ᚪᛏᛏᛖᛋᛏᚪᛏᛡᚾ,686
proteolytic,1800376,1,ᛈᚱᚩᛏᛇᛚᚣᛏᛁᚳ,440
unrivalled,1800071,1,ᚢᚾᚱᛁᚢᚪᛚᛚᛖᛞ,476
familiarize,1795939,1,ᚠᚪᛗᛁᛚᛡᚱᛁᛋᛖ,543
assignable,1794527,1,ᚪᛋᛋᛁᚷᚾᚪᛒᛚᛖ,578
fibrinogen,1791192,1,ᚠᛁᛒᚱᛁᚾᚩᚷᛖᚾ,285
undergrowth,1791045,1,ᚢᚾᛞᛖᚱᚷᚱᚩᚹᚦ,258
christened,1787715,1,ᚳᚻᚱᛁᛋᛏᛖᚾᛖᛞ,442
orientated,1786710,1,ᚩᚱᛁᛖᚾᛏᚪᛏᛖᛞ,516
vaudeville,1786344,1,ᚢᚪᚢᛞᛖᚢᛁᛚᛚᛖ,506
workplaces,1784787,1,ᚹᚩᚱᚳᛈᛚᚪᚳᛖᛋ,396
overlapped,1784485,1,ᚩᚢᛖᚱᛚᚪᛈᛈᛖᛞ,500
flourishes,1783562,1,ᚠᛚᚩᚢᚱᛁᛋᚻᛖᛋ,323
revaluation,1783519,1,ᚱᛖᚢᚪᛚᚢᚪᛏᛡᚾ,546
estimations,1775794,1,ᛖᛋᛏᛁᛗᚪᛏᛡᚾᛋ,626
blackberry,1775098,1,ᛒᛚᚪᚳᚳᛒᛖᚱᚱᚣ,510
assailants,1774770,1,ᚪᛋᛋᚪᛁᛚᚪᚾᛏᛋ,642
universals,1772029,1,ᚢᚾᛁᚢᛖᚱᛋᚪᛚᛋ,420
volunteering,1771851,1,ᚢᚩᛚᚢᚾᛏᛖᛖᚱᛝ,398
excitations,1769113,1,ᛖᛉᚳᛁᛏᚪᛏᛡᚾᛋ,562
digestible,1768244,1,ᛞᛁᚷᛖᛋᛏᛁᛒᛚᛖ,548
parenthesis,1766678,1,ᛈᚪᚱᛖᚾᚦᛖᛋᛁᛋ,456
archetypal,1766319,1,ᚪᚱᚳᚻᛖᛏᚣᛈᚪᛚ,586
consensual,1765248,1,ᚳᚩᚾᛋᛖᚾᛋᚢᚪᛚ,424
mistresses,1765171,1,ᛗᛁᛋᛏᚱᛖᛋᛋᛖᛋ,518
ostensible,1761507,1,ᚩᛋᛏᛖᚾᛋᛁᛒᛚᛖ,500
strangeness,1759204,1,ᛋᛏᚱᚪᛝᛖᚾᛖᛋᛋ,568
pentateuch,1757825,1,ᛈᛖᚾᛏᚪᛏᛖᚢᚳᚻ,460
defensible,1756545,1,ᛞᛖᚠᛖᚾᛋᛁᛒᛚᛖ,539
typescript,1756440,1,ᛏᚣᛈᛖᛋᚳᚱᛁᛈᛏ,482
destitution,1755729,1,ᛞᛖᛋᛏᛁᛏᚢᛏᛡᚾ,556
romanesque,1754705,1,ᚱᚩᛗᚪᚾᛖᛋᚳᚹᛖ,434
unrecorded,1753651,1,ᚢᚾᚱᛖᚳᚩᚱᛞᛖᛞ,386
gestational,1753333,0,ᚷᛖᛋᛏᚪᛏᛡᚾᚪᛚ,658
triplicate,1751496,1,ᛏᚱᛁᛈᛚᛁᚳᚪᛏᛖ,484
schoolroom,1750622,1,ᛋᚳᚻᚩᚩᛚᚱᚩᚩᛗ,272
phenotypes,1749068,1,ᛈᚻᛖᚾᚩᛏᚣᛈᛖᛋ,494
derangement,1747662,1,ᛞᛖᚱᚪᛝᛖᛗᛖᚾᛏ,636
catalogued,1747299,1,ᚳᚪᛏᚪᛚᚩᚷᚢᛖᛞ,522
underpinning,1746947,1,ᚢᚾᛞᛖᚱᛈᛁᚾᚾᛝ,410
reproached,1746924,1,ᚱᛖᛈᚱᚩᚪᚳᚻᛖᛞ,428
symphonies,1746806,1,ᛋᚣᛗᛈᚻᚩᚾᛁᛖᛋ,480
adjudicate,1745434,1,ᚪᛞᛂᚢᛞᛁᚳᚪᛏᛖ,582
sublimation,1745252,1,ᛋᚢᛒᛚᛁᛗᚪᛏᛡᚾ,584
bloodstream,1744817,1,ᛒᛚᚩᚩᛞᛋᛏᚱᛠᛗ,540
californian,1742919,1,ᚳᚪᛚᛁᚠᚩᚱᚾᛡᚾ,399
remoteness,1741877,1,ᚱᛖᛗᚩᛏᛖᚾᛖᛋᛋ,484
brookfield,1741192,1,ᛒᚱᚩᚩᚳᚠᛁᛖᛚᛞ,361
superhuman,1739229,1,ᛋᚢᛈᛖᚱᚻᚢᛗᚪᚾ,400
pubescence,1735174,1,ᛈᚢᛒᛖᛋᚳᛖᚾᚳᛖ,416
recherches,1734346,1,ᚱᛖᚳᚻᛖᚱᚳᚻᛖᛋ,348
unsuspecting,1733686,1,ᚢᚾᛋᚢᛋᛈᛖᚳᛏᛝ,402
stabilizer,1733275,1,ᛋᛏᚪᛒᛁᛚᛁᛋᛖᚱ,536
exhilarating,1727335,1,ᛖᛉᚻᛁᛚᚪᚱᚪᛏᛝ,584
abundances,1726590,1,ᚪᛒᚢᚾᛞᚪᚾᚳᛖᛋ,538
touchstone,1725457,1,ᛏᚩᚢᚳᚻᛋᛏᚩᚾᛖ,320
multilayer,1722354,1,ᛗᚢᛚᛏᛁᛚᚪᚣᛖᚱ,588
journeyman,1720395,1,ᛂᚩᚢᚱᚾᛖᚣᛗᚪᚾ,454
postmarked,1717126,1,ᛈᚩᛋᛏᛗᚪᚱᚳᛖᛞ,510
intermingled,1714776,1,ᛁᚾᛏᛖᚱᛗᛝᛚᛖᛞ,576
secondhand,1714721,1,ᛋᛖᚳᚩᚾᛞᚻᚪᚾᛞ,496
bottleneck,1711395,1,ᛒᚩᛏᛏᛚᛖᚾᛖᚳᚳ,448
needlessly,1710996,1,ᚾᛖᛖᛞᛚᛖᛋᛋᛚᚣ,674
escarpment,1710590,1,ᛖᛋᚳᚪᚱᛈᛗᛖᚾᛏ,510
distillers,1709637,1,ᛞᛁᛋᛏᛁᛚᛚᛖᚱᛋ,540
granulation,1706614,1,ᚷᚱᚪᚾᚢᛚᚪᛏᛡᚾ,522
unobserved,1706263,1,ᚢᚾᚩᛒᛋᛖᚱᚢᛖᛞ,390
inveterate,1703667,1,ᛁᚾᚢᛖᛏᛖᚱᚪᛏᛖ,490
roundabout,1703406,1,ᚱᚩᚢᚾᛞᚪᛒᚩᚢᛏ,366
valparaiso,1702304,1,ᚢᚪᛚᛈᚪᚱᚪᛁᛋᚩ,512
germantown,1696013,1,ᚷᛖᚱᛗᚪᚾᛏᚩᚹᚾ,406
tribulation,1695091,1,ᛏᚱᛁᛒᚢᛚᚪᛏᛡᚾ,530
promptness,1694540,1,ᛈᚱᚩᛗᛈᛏᚾᛖᛋᛋ,436
primitives,1691300,1,ᛈᚱᛁᛗᛁᛏᛁᚢᛖᛋ,400
anesthetics,1689551,1,ᚪᚾᛖᛋᚦᛖᛏᛁᚳᛋ,474
overstated,1689213,1,ᚩᚢᛖᚱᛋᛏᚪᛏᛖᛞ,512
barometric,1684649,1,ᛒᚪᚱᚩᛗᛖᛏᚱᛁᚳ,428
predisposing,1684422,1,ᛈᚱᛖᛞᛁᛋᛈᚩᛋᛝ,476
townspeople,1684371,1,ᛏᚩᚹᚾᛋᛈᛇᛈᛚᛖ,434
intangibles,1684041,1,ᛁᚾᛏᚪᛝᛁᛒᛚᛖᛋ,580
entrapment,1681163,1,ᛖᚾᛏᚱᚪᛈᛗᛖᚾᛏ,532
multilingual,1679454,1,ᛗᚢᛚᛏᛁᛚᛝᚢᚪᛚ,562
needlework,1677861,1,ᚾᛖᛖᛞᛚᛖᚹᚩᚱᚳ,442
recaptured,1676986,1,ᚱᛖᚳᚪᛈᛏᚢᚱᛖᛞ,460
infiltrate,1674754,1,ᛁᚾᚠᛁᛚᛏᚱᚪᛏᛖ,459
transcending,1674514,1,ᛏᚱᚪᚾᛋᚳᛖᚾᛞᛝ,526
princesses,1674330,1,ᛈᚱᛁᚾᚳᛖᛋᛋᛖᛋ,420
multilevel,1674043,1,ᛗᚢᛚᛏᛁᛚᛖᚢᛖᛚ,520
excitatory,1670407,1,ᛖᛉᚳᛁᛏᚪᛏᚩᚱᚣ,494
abhorrence,1665600,1,ᚪᛒᚻᚩᚱᚱᛖᚾᚳᛖ,386
descriptor,1662076,1,ᛞᛖᛋᚳᚱᛁᛈᛏᚩᚱ,384
surgically,1661126,1,ᛋᚢᚱᚷᛁᚳᚪᛚᛚᚣ,474
subculture,1661086,1,ᛋᚢᛒᚳᚢᛚᛏᚢᚱᛖ,346
assessable,1659948,1,ᚪᛋᛋᛖᛋᛋᚪᛒᛚᛖ,674
aristocrat,1659086,1,ᚪᚱᛁᛋᛏᚩᚳᚱᚪᛏ,438
classifies,1658608,1,ᚳᛚᚪᛋᛋᛁᚠᛁᛖᛋ,473
transposed,1658078,1,ᛏᚱᚪᚾᛋᛈᚩᛋᛖᛞ,508
presuppose,1657790,1,ᛈᚱᛖᛋᚢᛈᛈᚩᛋᛖ,390
socialistic,1657242,1,ᛋᚩᚳᛡᛚᛁᛋᛏᛁᚳ,440
barristers,1657139,1,ᛒᚪᚱᚱᛁᛋᛏᛖᚱᛋ,454
oppositions,1656334,1,ᚩᛈᛈᚩᛋᛁᛏᛡᚾᛋ,432
concretions,1656293,1,ᚳᚩᚾᚳᚱᛖᛏᛡᚾᛋ,388
postmortem,1654759,1,ᛈᚩᛋᛏᛗᚩᚱᛏᛖᛗ,448
principled,1654264,1,ᛈᚱᛁᚾᚳᛁᛈᛚᛖᛞ,430
extractive,1654124,1,ᛖᛉᛏᚱᚪᚳᛏᛁᚢᛖ,454
expedients,1649878,1,ᛖᛉᛈᛖᛞᛁᛖᚾᛏᛋ,552
homogenous,1646780,1,ᚻᚩᛗᚩᚷᛖᚾᚩᚢᛋ,284
stockyards,1646569,1,ᛋᛏᚩᚳᚳᚣᚪᚱᛞᛋ,498
directness,1645890,1,ᛞᛁᚱᛖᚳᛏᚾᛖᛋᛋ,472
lubricated,1645327,1,ᛚᚢᛒᚱᛁᚳᚪᛏᛖᛞ,504
impermeable,1645117,1,ᛁᛗᛈᛖᚱᛗᛠᛒᛚᛖ,604
spirituous,1642336,1,ᛋᛈᛁᚱᛁᛏᚢᚩᚢᛋ,294
origination,1641995,1,ᚩᚱᛁᚷᛁᚾᚪᛏᛡᚾ,418
martinique,1640316,1,ᛗᚪᚱᛏᛁᚾᛁᚳᚹᛖ,428
steadfastly,1639247,1,ᛋᛏᛠᛞᚠᚪᛋᛏᛚᚣ,697
overworked,1637554,1,ᚩᚢᛖᚱᚹᚩᚱᚳᛖᛞ,294
gelatinous,1636126,1,ᚷᛖᛚᚪᛏᛁᚾᚩᚢᛋ,436
accusative,1635624,1,ᚪᚳᚳᚢᛋᚪᛏᛁᚢᛖ,436
waterfalls,1633932,1,ᚹᚪᛏᛖᚱᚠᚪᛚᛚᛋ,551
montpelier,1633512,1,ᛗᚩᚾᛏᛈᛖᛚᛁᛖᚱ,458
justifiably,1632563,1,ᛂᚢᛋᛏᛁᚠᛡᛒᛚᚣ,529
isomorphic,1629739,1,ᛁᛋᚩᛗᚩᚱᛈᚻᛁᚳ,290
rationalize,1629383,1,ᚱᚪᛏᛡᚾᚪᛚᛁᛋᛖ,624
volleyball,1628841,1,ᚢᚩᛚᛚᛖᚣᛒᚪᛚᛚ,630
blueprints,1624879,1,ᛒᛚᚢᛖᛈᚱᛁᚾᛏᛋ,430
maimonides,1623991,1,ᛗᚪᛁᛗᚩᚾᛁᛞᛖᛋ,546
mayonnaise,1621787,1,ᛗᚪᚣᚩᚾᚾᚪᛁᛋᛖ,584
salespeople,1621679,1,ᛋᚪᛚᛖᛋᛈᛇᛈᛚᛖ,610
cinderella,1621410,1,ᚳᛁᚾᛞᛖᚱᛖᛚᛚᚪ,550
protesters,1620693,1,ᛈᚱᚩᛏᛖᛋᛏᛖᚱᛋ,430
byproducts,1620535,1,ᛒᚣᛈᚱᚩᛞᚢᚳᛏᛋ,442
exacerbate,1619357,1,ᛖᛉᚪᚳᛖᚱᛒᚪᛏᛖ,586
mortgagees,1616037,1,ᛗᚩᚱᛏᚷᚪᚷᛖᛖᛋ,466
oppressors,1615128,1,ᚩᛈᛈᚱᛖᛋᛋᚩᚱᛋ,348
enjoyments,1610533,1,ᛖᚾᛂᚩᚣᛗᛖᚾᛏᛋ,522
convoluted,1608262,1,ᚳᚩᚾᚢᚩᛚᚢᛏᛖᛞ,350
filmmakers,1607669,1,ᚠᛁᛚᛗᛗᚪᚳᛖᚱᛋ,489
revisionist,1606362,1,ᚱᛖᚢᛁᛋᛡᚾᛁᛋᛏ,444
fireplaces,1606028,1,ᚠᛁᚱᛖᛈᛚᚪᚳᛖᛋ,457
asceticism,1605950,1,ᚪᛋᚳᛖᛏᛁᚳᛁᛋᛗ,488
heuristics,1605744,1,ᚻᛖᚢᚱᛁᛋᛏᛁᚳᛋ,344
undetected,1605518,1,ᚢᚾᛞᛖᛏᛖᚳᛏᛖᛞ,542
strychnine,1603763,1,ᛋᛏᚱᚣᚳᚻᚾᛁᚾᛖ,418
subrogation,1603131,1,ᛋᚢᛒᚱᚩᚷᚪᛏᛡᚾ,444
oxygenation,1602738,1,ᚩᛉᚣᚷᛖᚾᚪᛏᛡᚾ,562
conflicted,1601381,1,ᚳᚩᚾᚠᛚᛁᚳᛏᛖᛞ,383
biographers,1600625,1,ᛒᛡᚷᚱᚪᛈᚻᛖᚱᛋ,490
narrowness,1591675,1,ᚾᚪᚱᚱᚩᚹᚾᛖᛋᛋ,376
alphabetic,1591565,1,ᚪᛚᛈᚻᚪᛒᛖᛏᛁᚳ,564
guggenheim,1590267,1,ᚷᚢᚷᚷᛖᚾᚻᛖᛁᛗ,342
benefitted,1589262,1,ᛒᛖᚾᛖᚠᛁᛏᛏᛖᛞ,531
secularism,1589078,1,ᛋᛖᚳᚢᛚᚪᚱᛁᛋᛗ,472
detestable,1586870,1,ᛞᛖᛏᛖᛋᛏᚪᛒᛚᛖ,692
despicable,1586789,1,ᛞᛖᛋᛈᛁᚳᚪᛒᛚᛖ,594
woodpecker,1586627,1,ᚹᚩᚩᛞᛈᛖᚳᚳᛖᚱ,336
councilman,1586445,1,ᚳᚩᚢᚾᚳᛁᛚᛗᚪᚾ,366
everglades,1585827,1,ᛖᚢᛖᚱᚷᛚᚪᛞᛖᛋ,544
puritanism,1585366,1,ᛈᚢᚱᛁᛏᚪᚾᛁᛋᛗ,428
redesigned,1584858,1,ᚱᛖᛞᛖᛋᛁᚷᚾᛖᛞ,520
prostration,1582517,1,ᛈᚱᚩᛋᛏᚱᚪᛏᛡᚾ,476
temporally,1582100,1,ᛏᛖᛗᛈᚩᚱᚪᛚᛚᚣ,604
plebiscite,1582044,1,ᛈᛚᛖᛒᛁᛋᚳᛁᛏᛖ,498
tapestries,1581347,1,ᛏᚪᛈᛖᛋᛏᚱᛁᛖᛋ,540
tuscaloosa,1580988,1,ᛏᚢᛋᚳᚪᛚᚩᚩᛋᚪ,462
watertight,1580698,1,ᚹᚪᛏᛖᚱᛏᛁᚷᚻᛏ,442
uninformed,1580254,1,ᚢᚾᛁᚾᚠᚩᚱᛗᛖᛞ,339
dictatorial,1578150,1,ᛞᛁᚳᛏᚪᛏᚩᚱᛡᛚ,546
navigators,1577823,1,ᚾᚪᚢᛁᚷᚪᛏᚩᚱᛋ,404
cleverness,1575609,1,ᚳᛚᛖᚢᛖᚱᚾᛖᛋᛋ,436
absolutism,1575280,1,ᚪᛒᛋᚩᛚᚢᛏᛁᛋᛗ,508
anarchists,1575127,1,ᚪᚾᚪᚱᚳᚻᛁᛋᛏᛋ,466
dissidents,1573933,1,ᛞᛁᛋᛋᛁᛞᛖᚾᛏᛋ,554
baudelaire,1571999,1,ᛒᚪᚢᛞᛖᛚᚪᛁᚱᛖ,596
exuberance,1569439,1,ᛖᛉᚢᛒᛖᚱᚪᚾᚳᛖ,462
riboflavin,1568469,1,ᚱᛁᛒᚩᚠᛚᚪᚢᛁᚾ,345
decomposes,1568182,1,ᛞᛖᚳᚩᛗᛈᚩᛋᛖᛋ,470
underlines,1566876,1,ᚢᚾᛞᛖᚱᛚᛁᚾᛖᛋ,452
copernicus,1566750,1,ᚳᚩᛈᛖᚱᚾᛁᚳᚢᛋ,270
pocahontas,1565368,1,ᛈᚩᚳᚪᚻᚩᚾᛏᚪᛋ,428
prefrontal,1564768,1,ᛈᚱᛖᚠᚱᚩᚾᛏᚪᛚ,399
categorize,1563903,1,ᚳᚪᛏᛖᚷᚩᚱᛁᛋᛖ,422
typography,1563002,1,ᛏᚣᛈᚩᚷᚱᚪᛈᚻᚣ,506
rhinoceros,1560341,1,ᚱᚻᛁᚾᚩᚳᛖᚱᚩᛋ,252
jeopardized,1554982,1,ᛂᛇᛈᚪᚱᛞᛁᛋᛖᛞ,558
possessors,1552257,1,ᛈᚩᛋᛋᛖᛋᛋᚩᚱᛋ,400
guatemalan,1551572,1,ᚷᚢᚪᛏᛖᛗᚪᛚᚪᚾ,610
lamentation,1549905,1,ᛚᚪᛗᛖᚾᛏᚪᛏᛡᚾ,688
defamatory,1548583,1,ᛞᛖᚠᚪᛗᚪᛏᚩᚱᚣ,603
alternator,1548339,1,ᚪᛚᛏᛖᚱᚾᚪᛏᚩᚱ,510
rainforest,1546799,1,ᚱᚪᛁᚾᚠᚩᚱᛖᛋᛏ,367
abomination,1544412,1,ᚪᛒᚩᛗᛁᚾᚪᛏᛡᚾ,588
tragically,1543524,1,ᛏᚱᚪᚷᛁᚳᚪᛚᛚᚣ,574
anthologies,1539142,1,ᚪᚾᚦᚩᛚᚩᚷᛁᛖᛋ,386
meditative,1539079,1,ᛗᛖᛞᛁᛏᚪᛏᛁᚢᛖ,574
constraining,1536952,1,ᚳᚩᚾᛋᛏᚱᚪᛁᚾᛝ,408
evergreens,1536095,1,ᛖᚢᛖᚱᚷᚱᛖᛖᚾᛋ,392
permafrost,1533913,1,ᛈᛖᚱᛗᚪᚠᚱᚩᛋᛏ,421
eukaryotic,1532912,1,ᛖᚢᚳᚪᚱᚣᚩᛏᛁᚳ,404
subtleties,1532513,1,ᛋᚢᛒᛏᛚᛖᛏᛁᛖᛋ,526
sulphurous,1527713,1,ᛋᚢᛚᛈᚻᚢᚱᚩᚢᛋ,272
micrograph,1527171,1,ᛗᛁᚳᚱᚩᚷᚱᚪᛈᚻ,324
deservedly,1526921,1,ᛞᛖᛋᛖᚱᚢᛖᛞᛚᚣ,622
checkpoint,1526878,1,ᚳᚻᛖᚳᚳᛈᚩᛁᚾᛏ,298
intervenes,1526137,1,ᛁᚾᛏᛖᚱᚢᛖᚾᛖᛋ,416
inattention,1526036,1,ᛁᚾᚪᛏᛏᛖᚾᛏᛡᚾ,566
unchangeable,1525163,1,ᚢᚾᚳᚻᚪᛝᛠᛒᛚᛖ,554
victimized,1524896,1,ᚢᛁᚳᛏᛁᛗᛁᛋᛖᛞ,448
chieftains,1524564,1,ᚳᚻᛁᛖᚠᛏᚪᛁᚾᛋ,405
dissensions,1523879,1,ᛞᛁᛋᛋᛖᚾᛋᛡᚾᛋ,564
homozygous,1521594,1,ᚻᚩᛗᚩᛋᚣᚷᚩᚢᛋ,344
adirondack,1521419,1,ᚪᛞᛁᚱᚩᚾᛞᚪᚳᚳ,476
superpower,1519934,1,ᛋᚢᛈᛖᚱᛈᚩᚹᛖᚱ,324
bystanders,1518765,1,ᛒᚣᛋᛏᚪᚾᛞᛖᚱᛋ,622
captivated,1518027,1,ᚳᚪᛈᛏᛁᚢᚪᛏᛖᛞ,558
embarkation,1516785,1,ᛖᛗᛒᚪᚱᚳᚪᛏᛡᚾ,612
pericardial,1516300,1,ᛈᛖᚱᛁᚳᚪᚱᛞᛡᛚ,542
analgesics,1516214,1,ᚪᚾᚪᛚᚷᛖᛋᛁᚳᛋ,530
solicitous,1515723,1,ᛋᚩᛚᛁᚳᛁᛏᚩᚢᛋ,330
predefined,1515631,1,ᛈᚱᛖᛞᛖᚠᛁᚾᛖᛞ,495
kinematics,1514694,1,ᚳᛁᚾᛖᛗᚪᛏᛁᚳᛋ,464
embittered,1514475,1,ᛖᛗᛒᛁᛏᛏᛖᚱᛖᛞ,582
mononuclear,1514469,1,ᛗᚩᚾᚩᚾᚢᚳᛚᛠᚱ,352
apocryphal,1512391,1,ᚪᛈᚩᚳᚱᚣᛈᚻᚪᛚ,510
genealogies,1509523,1,ᚷᛖᚾᛠᛚᚩᚷᛁᛖᛋ,470
chivalrous,1507686,1,ᚳᚻᛁᚢᚪᛚᚱᚩᚢᛋ,314
alignments,1505580,1,ᚪᛚᛁᚷᚾᛗᛖᚾᛏᛋ,526
hypodermic,1505499,1,ᚻᚣᛈᚩᛞᛖᚱᛗᛁᚳ,458
comparator,1502015,1,ᚳᚩᛗᛈᚪᚱᚪᛏᚩᚱ,416
monongahela,1501646,1,ᛗᚩᚾᚩᛝᚪᚻᛖᛚᚪ,550
masquerade,1500848,1,ᛗᚪᛋᚳᚹᛖᚱᚪᛞᛖ,584
adversarial,1500437,1,ᚪᛞᚢᛖᚱᛋᚪᚱᛡᛚ,608
intertidal,1498444,1,ᛁᚾᛏᛖᚱᛏᛁᛞᚪᛚ,546
integrator,1498189,1,ᛁᚾᛏᛖᚷᚱᚪᛏᚩᚱ,388
hydrolyzed,1497786,1,ᚻᚣᛞᚱᚩᛚᚣᛋᛖᛞ,618
blacksmiths,1497070,1,ᛒᛚᚪᚳᚳᛋᛗᛁᚦᛋ,470
positivist,1496903,1,ᛈᚩᛋᛁᛏᛁᚢᛁᛋᛏ,370
dispersive,1494766,1,ᛞᛁᛋᛈᛖᚱᛋᛁᚢᛖ,448
unequalled,1493649,1,ᚢᚾᛖᚳᚹᚪᛚᛚᛖᛞ,530
sanitarium,1493084,1,ᛋᚪᚾᛁᛏᚪᚱᛁᚢᛗ,482
cyberspace,1492311,1,ᚳᚣᛒᛖᚱᛋᛈᚪᚳᛖ,528
crittenden,1491944,1,ᚳᚱᛁᛏᛏᛖᚾᛞᛖᚾ,454
replicates,1491484,1,ᚱᛖᛈᛚᛁᚳᚪᛏᛖᛋ,514
edification,1490923,1,ᛖᛞᛁᚠᛁᚳᚪᛏᛡᚾ,525
innovators,1488844,1,ᛁᚾᚾᚩᚢᚪᛏᚩᚱᛋ,326
metalworking,1487044,1,ᛗᛖᛏᚪᛚᚹᚩᚱᚳᛝ,496
reappraisal,1485639,1,ᚱᛠᛈᛈᚱᚪᛁᛋᚪᛚ,568
criminally,1483067,1,ᚳᚱᛁᛗᛁᚾᚪᛚᛚᚣ,532
distraught,1482299,1,ᛞᛁᛋᛏᚱᚪᚢᚷᚻᛏ,442
circuitous,1481034,1,ᚳᛁᚱᚳᚢᛁᛏᚩᚢᛋ,224
circulates,1479706,1,ᚳᛁᚱᚳᚢᛚᚪᛏᛖᛋ,420
salicylate,1479605,1,ᛋᚪᛚᛁᚳᚣᛚᚪᛏᛖ,666
bradstreet,1476932,1,ᛒᚱᚪᛞᛋᛏᚱᛖᛖᛏ,574
shopkeeper,1475696,1,ᛋᚻᚩᛈᚳᛖᛖᛈᛖᚱ,394
prothrombin,1473936,1,ᛈᚱᚩᚦᚱᚩᛗᛒᛁᚾ,276
lymphatics,1473583,1,ᛚᚣᛗᛈᚻᚪᛏᛁᚳᛋ,566
disfigured,1472841,1,ᛞᛁᛋᚠᛁᚷᚢᚱᛖᛞ,393
undertaker,1469725,1,ᚢᚾᛞᛖᚱᛏᚪᚳᛖᚱ,446
curvilinear,1469139,1,ᚳᚢᚱᚢᛁᛚᛁᚾᛠᚱ,314
seychelles,1469132,1,ᛋᛖᚣᚳᚻᛖᛚᛚᛖᛋ,592
obliterate,1467853,1,ᚩᛒᛚᛁᛏᛖᚱᚪᛏᛖ,532
uneventful,1467691,1,ᚢᚾᛖᚢᛖᚾᛏᚠᚢᛚ,335
plainfield,1467287,1,ᛈᛚᚪᛁᚾᚠᛁᛖᛚᛞ,535
strictness,1465904,1,ᛋᛏᚱᛁᚳᛏᚾᛖᛋᛋ,428
bilingualism,1465536,1,ᛒᛁᛚᛝᚢᚪᛚᛁᛋᛗ,572
wonderland,1465350,1,ᚹᚩᚾᛞᛖᚱᛚᚪᚾᛞ,510
centigrade,1465125,1,ᚳᛖᚾᛏᛁᚷᚱᚪᛞᛖ,480
courtesies,1464911,1,ᚳᚩᚢᚱᛏᛖᛋᛁᛖᛋ,364
midshipman,1464530,1,ᛗᛁᛞᛋᚻᛁᛈᛗᚪᚾ,538
intermixed,1464164,1,ᛁᚾᛏᛖᚱᛗᛁᛉᛖᛞ,502
ambulances,1463613,1,ᚪᛗᛒᚢᛚᚪᚾᚳᛖᛋ,564
castlereagh,1463064,0,ᚳᚪᛋᛏᛚᛖᚱᛠᚷᚻ,522
powerhouse,1462107,1,ᛈᚩᚹᛖᚱᚻᚩᚢᛋᛖ,300
downwardly,1461255,1,ᛞᚩᚹᚾᚹᚪᚱᛞᛚᚣ,536
stravinsky,1458917,0,ᛋᛏᚱᚪᚢᛁᚾᛋᚳᚣ,452
disloyalty,1458202,1,ᛞᛁᛋᛚᚩᚣᚪᛚᛏᚣ,688
reservists,1457747,0,ᚱᛖᛋᛖᚱᚢᛁᛋᛏᛋ,408
laboriously,1457661,1,ᛚᚪᛒᚩᚱᛡᚢᛋᛚᚣ,588
suppresses,1456284,1,ᛋᚢᛈᛈᚱᛖᛋᛋᛖᛋ,446
equanimity,1455678,1,ᛖᚳᚹᚪᚾᛁᛗᛁᛏᚣ,520
inculcated,1455618,0,ᛁᚾᚳᚢᛚᚳᚪᛏᛖᛞ,474
reverently,1455330,1,ᚱᛖᚢᛖᚱᛖᚾᛏᛚᚣ,490
amphitheatre,1454680,1,ᚪᛗᛈᚻᛁᚦᛠᛏᚱᛖ,516
annihilate,1447866,1,ᚪᚾᚾᛁᚻᛁᛚᚪᛏᛖ,536
editorship,1447529,1,ᛖᛞᛁᛏᚩᚱᛋᚻᛁᛈ,414
separatist,1446609,1,ᛋᛖᛈᚪᚱᚪᛏᛁᛋᛏ,570
watercolor,1446311,1,ᚹᚪᛏᛖᚱᚳᚩᛚᚩᚱ,364
uncritical,1445827,1,ᚢᚾᚳᚱᛁᛏᛁᚳᚪᛚ,360
simulators,1445356,0,ᛋᛁᛗᚢᛚᚪᛏᚩᚱᛋ,458
rationalist,1445223,0,ᚱᚪᛏᛡᚾᚪᛚᛁᛋᛏ,616
emblematic,1444143,1,ᛖᛗᛒᛚᛖᛗᚪᛏᛁᚳ,610
parasitism,1443360,0,ᛈᚪᚱᚪᛋᛁᛏᛁᛋᛗ,546
septuagint,1443043,0,ᛋᛖᛈᛏᚢᚪᚷᛁᚾᛏ,458
symbolical,1441498,0,ᛋᚣᛗᛒᚩᛚᛁᚳᚪᛚ,582
inhibitions,1440499,1,ᛁᚾᚻᛁᛒᛁᛏᛡᚾᛋ,454
parturition,1438947,0,ᛈᚪᚱᛏᚢᚱᛁᛏᛡᚾ,450
roundtable,1438711,1,ᚱᚩᚢᚾᛞᛏᚪᛒᛚᛖ,496
loudspeaker,1437609,1,ᛚᚩᚢᛞᛋᛈᛠᚳᛖᚱ,468
quadrature,1437558,0,ᚳᚹᚪᛞᚱᚪᛏᚢᚱᛖ,466
regenerating,1436875,1,ᚱᛖᚷᛖᚾᛖᚱᚪᛏᛝ,504
syndicated,1434855,1,ᛋᚣᚾᛞᛁᚳᚪᛏᛖᛞ,630
inferential,1433485,1,ᛁᚾᚠᛖᚱᛖᚾᛏᛡᛚ,475
optimality,1433018,0,ᚩᛈᛏᛁᛗᚪᛚᛁᛏᚣ,574
benchmarking,1432008,0,ᛒᛖᚾᚳᚻᛗᚪᚱᚳᛝ,464
planktonic,1431144,0,ᛈᛚᚪᚾᚳᛏᚩᚾᛁᚳ,394
trespasser,1430295,0,ᛏᚱᛖᛋᛈᚪᛋᛋᛖᚱ,514
negativity,1429875,0,ᚾᛖᚷᚪᛏᛁᚢᛁᛏᚣ,496
trigeminal,1428830,0,ᛏᚱᛁᚷᛖᛗᛁᚾᚪᛚ,486
lenticular,1428479,0,ᛚᛖᚾᛏᛁᚳᚢᛚᚪᚱ,456
courteously,1426155,1,ᚳᚩᚢᚱᛏᛇᚢᛋᛚᚣ,366
inimitable,1425567,1,ᛁᚾᛁᛗᛁᛏᚪᛒᛚᛖ,550
immobility,1425414,1,ᛁᛗᛗᚩᛒᛁᛚᛁᛏᚣ,538
explication,1425017,1,ᛖᛉᛈᛚᛁᚳᚪᛏᛡᚾ,566
ministered,1423678,1,ᛗᛁᚾᛁᛋᛏᛖᚱᛖᛞ,508
schweitzer,1422627,0,ᛋᚳᚻᚹᛖᛁᛏᛋᛖᚱ,396
hatcheries,1421113,0,ᚻᚪᛏᚳᚻᛖᚱᛁᛖᛋ,444
landslides,1418354,1,ᛚᚪᚾᛞᛋᛚᛁᛞᛖᛋ,654
respirator,1417875,0,ᚱᛖᛋᛈᛁᚱᚪᛏᚩᚱ,390
pharmacies,1412838,0,ᛈᚻᚪᚱᛗᚪᚳᛁᛖᛋ,506
preferment,1411895,0,ᛈᚱᛖᚠᛖᚱᛗᛖᚾᛏ,427
numismatic,1411438,0,ᚾᚢᛗᛁᛋᛗᚪᛏᛁᚳ,458
scrutinize,1410989,0,ᛋᚳᚱᚢᛏᛁᚾᛁᛋᛖ,350
heisenberg,1410582,0,ᚻᛖᛁᛋᛖᚾᛒᛖᚱᚷ,426
internment,1409400,0,ᛁᚾᛏᛖᚱᚾᛗᛖᚾᛏ,452
nonuniform,1408400,0,ᚾᚩᚾᚢᚾᛁᚠᚩᚱᛗ,219
strongholds,1407874,1,ᛋᛏᚱᚩᛝᚻᚩᛚᛞᛋ,454
substations,1406495,1,ᛋᚢᛒᛋᛏᚪᛏᛡᚾᛋ,574
reabsorption,1405490,0,ᚱᛠᛒᛋᚩᚱᛈᛏᛡᚾ,490
expiratory,1404648,0,ᛖᛉᛈᛁᚱᚪᛏᚩᚱᚣ,476
erysipelas,1404465,0,ᛖᚱᚣᛋᛁᛈᛖᛚᚪᛋ,598
fiduciaries,1404374,0,ᚠᛁᛞᚢᚳᛡᚱᛁᛖᛋ,407
husbandman,1404264,0,ᚻᚢᛋᛒᚪᚾᛞᛗᚪᚾ,552
superheated,1403934,0,ᛋᚢᛈᛖᚱᚻᛠᛏᛖᛞ,524
gratuities,1403275,1,ᚷᚱᚪᛏᚢᛁᛏᛁᛖᛋ,428
religiosity,1403252,0,ᚱᛖᛚᛁᚷᛡᛋᛁᛏᚣ,552
hildebrand,1402748,0,ᚻᛁᛚᛞᛖᛒᚱᚪᚾᛞ,570
radiometric,1402461,0,ᚱᚪᛞᛡᛗᛖᛏᚱᛁᚳ,556
gramophone,1402199,1,ᚷᚱᚪᛗᚩᛈᚻᚩᚾᛖ,372
chimpanzee,1401595,1,ᚳᚻᛁᛗᛈᚪᚾᛋᛖᛖ,494
disapproving,1401436,0,ᛞᛁᛋᚪᛈᛈᚱᚩᚢᛝ,456
chesterton,1401406,0,ᚳᚻᛖᛋᛏᛖᚱᛏᚩᚾ,388
readability,1401181,1,ᚱᛠᛞᚪᛒᛁᛚᛁᛏᚣ,664
rectilinear,1399941,0,ᚱᛖᚳᛏᛁᛚᛁᚾᛠᚱ,434
derivations,1399233,0,ᛞᛖᚱᛁᚢᚪᛏᛡᚾᛋ,546
impeccable,1398770,1,ᛁᛗᛈᛖᚳᚳᚪᛒᛚᛖ,536
emissaries,1398427,1,ᛖᛗᛁᛋᛋᚪᚱᛁᛖᛋ,534
perfections,1396652,0,ᛈᛖᚱᚠᛖᚳᛏᛡᚾᛋ,451
applicator,1395885,0,ᚪᛈᛈᛚᛁᚳᚪᛏᚩᚱ,474
expendable,1394492,1,ᛖᛉᛈᛖᚾᛞᚪᛒᛚᛖ,640
malevolent,1392413,1,ᛗᚪᛚᛖᚢᚩᛚᛖᚾᛏ,546
reportable,1392284,1,ᚱᛖᛈᚩᚱᛏᚪᛒᛚᛖ,496
procurator,1391391,0,ᛈᚱᚩᚳᚢᚱᚪᛏᚩᚱ,262
bradycardia,1391313,0,ᛒᚱᚪᛞᚣᚳᚪᚱᛞᛡ,678
surrenders,1389239,1,ᛋᚢᚱᚱᛖᚾᛞᛖᚱᛋ,394
patronized,1385813,1,ᛈᚪᛏᚱᚩᚾᛁᛋᛖᛞ,486
volkswagen,1383865,0,ᚢᚩᛚᚳᛋᚹᚪᚷᛖᚾ,378
carcinogen,1381825,0,ᚳᚪᚱᚳᛁᚾᚩᚷᛖᚾ,314
subclasses,1381335,0,ᛋᚢᛒᚳᛚᚪᛋᛋᛖᛋ,526
austenitic,1380013,0,ᚪᚢᛋᛏᛖᚾᛁᛏᛁᚳ,442
ergonomics,1379774,0,ᛖᚱᚷᚩᚾᚩᛗᛁᚳᛋ,306
absorptive,1378177,0,ᚪᛒᛋᚩᚱᛈᛏᛁᚢᛖ,432
incongruity,1376542,0,ᛁᚾᚳᚩᛝᚱᚢᛁᛏᚣ,366
homemakers,1375606,1,ᚻᚩᛗᛖᛗᚪᚳᛖᚱᛋ,480
semicircle,1372217,1,ᛋᛖᛗᛁᚳᛁᚱᚳᛚᛖ,430
infatuation,1370837,1,ᛁᚾᚠᚪᛏᚢᚪᛏᛡᚾ,513
concretely,1369517,1,ᚳᚩᚾᚳᚱᛖᛏᛖᛚᚣ,442
alexandrian,1367501,0,ᚪᛚᛖᛉᚪᚾᛞᚱᛡᚾ,646
wednesdays,1367419,0,ᚹᛖᛞᚾᛖᛋᛞᚪᚣᛋ,666
distresses,1367239,1,ᛞᛁᛋᛏᚱᛖᛋᛋᛖᛋ,536
skirmishes,1366204,0,ᛋᚳᛁᚱᛗᛁᛋᚻᛖᛋ,406
flamboyant,1364739,0,ᚠᛚᚪᛗᛒᚩᚣᚪᚾᛏ,599
preeminent,1364243,0,ᛈᚱᛖᛖᛗᛁᚾᛖᚾᛏ,474
rubinstein,1363934,0,ᚱᚢᛒᛁᚾᛋᛏᛖᛁᚾ,374
terminally,1360613,0,ᛏᛖᚱᛗᛁᚾᚪᛚᛚᚣ,614
transcribing,1360340,0,ᛏᚱᚪᚾᛋᚳᚱᛁᛒᛝ,444
refundable,1360012,0,ᚱᛖᚠᚢᚾᛞᚪᛒᛚᛖ,499
intentioned,1359863,0,ᛁᚾᛏᛖᚾᛏᛡᚾᛖᛞ,566
alternated,1357229,0,ᚪᛚᛏᛖᚱᚾᚪᛏᛖᛞ,648
randomness,1356922,0,ᚱᚪᚾᛞᚩᛗᚾᛖᛋᛋ,506
buttresses,1356310,0,ᛒᚢᛏᛏᚱᛖᛋᛋᛖᛋ,486
nonmembers,1354420,0,ᚾᚩᚾᛗᛖᛗᛒᛖᚱᛋ,466
sculptural,1353315,0,ᛋᚳᚢᛚᛈᛏᚢᚱᚪᛚ,428
inexorably,1353141,0,ᛁᚾᛖᛉᚩᚱᚪᛒᛚᚣ,526
worksheets,1351028,0,ᚹᚩᚱᚳᛋᚻᛖᛖᛏᛋ,372
accentuate,1349776,0,ᚪᚳᚳᛖᚾᛏᚢᚪᛏᛖ,504
juxtaposed,1349646,0,ᛂᚢᛉᛏᚪᛈᚩᛋᛖᛞ,502
organelles,1348678,0,ᚩᚱᚷᚪᚾᛖᛚᛚᛖᛋ,494
unnumbered,1348313,0,ᚢᚾᚾᚢᛗᛒᛖᚱᛖᛞ,430
inaugurate,1344630,0,ᛁᚾᚪᚢᚷᚢᚱᚪᛏᛖ,414
homoeopathic,1344180,0,ᚻᚩᛗᛟᚩᛈᚪᚦᛁᚳ,380
monochrome,1343375,0,ᛗᚩᚾᚩᚳᚻᚱᚩᛗᛖ,306
antebellum,1341703,0,ᚪᚾᛏᛖᛒᛖᛚᛚᚢᛗ,600
integument,1339491,0,ᛁᚾᛏᛖᚷᚢᛗᛖᚾᛏ,432
forwarders,1339453,0,ᚠᚩᚱᚹᚪᚱᛞᛖᚱᛋ,367
enumerates,1337795,0,ᛖᚾᚢᛗᛖᚱᚪᛏᛖᛋ,524
physiognomy,1336280,0,ᛈᚻᚣᛋᛡᚷᚾᚩᛗᚣ,556
doubtfully,1336066,0,ᛞᚩᚢᛒᛏᚠᚢᛚᛚᚣ,473
visitations,1333085,0,ᚢᛁᛋᛁᛏᚪᛏᛡᚾᛋ,522
pontifical,1331877,0,ᛈᚩᚾᛏᛁᚠᛁᚳᚪᛚ,385
transcribe,1331756,0,ᛏᚱᚪᚾᛋᚳᚱᛁᛒᛖ,432
belladonna,1331320,0,ᛒᛖᛚᛚᚪᛞᚩᚾᚾᚪ,622
monopolize,1330367,0,ᛗᚩᚾᚩᛈᚩᛚᛁᛋᛖ,388
cognizable,1329811,0,ᚳᚩᚷᚾᛁᛋᚪᛒᛚᛖ,448
subsidised,1327769,0,ᛋᚢᛒᛋᛁᛞᛁᛋᛖᛞ,530
uneconomic,1327512,0,ᚢᚾᛖᚳᚩᚾᚩᛗᛁᚳ,270
sprinklers,1326966,0,ᛋᛈᚱᛁᚾᚳᛚᛖᚱᛋ,384
watermelon,1326091,0,ᚹᚪᛏᛖᚱᛗᛖᛚᚩᚾ,500
talleyrand,1325726,0,ᛏᚪᛚᛚᛖᚣᚱᚪᚾᛞ,698
barricades,1324357,0,ᛒᚪᚱᚱᛁᚳᚪᛞᛖᛋ,530
subscripts,1323444,0,ᛋᚢᛒᛋᚳᚱᛁᛈᛏᛋ,380
magisterial,1323278,0,ᛗᚪᚷᛁᛋᛏᛖᚱᛡᛚ,586
remainders,1321808,0,ᚱᛖᛗᚪᛁᚾᛞᛖᚱᛋ,526
realizations,1321036,0,ᚱᛠᛚᛁᛋᚪᛏᛡᚾᛋ,622
profligate,1320682,0,ᛈᚱᚩᚠᛚᛁᚷᚪᛏᛖ,407
repugnance,1320080,0,ᚱᛖᛈᚢᚷᚾᚪᚾᚳᛖ,376
cordillera,1319209,0,ᚳᚩᚱᛞᛁᛚᛚᛖᚱᚪ,472
crocodiles,1318342,0,ᚳᚱᚩᚳᚩᛞᛁᛚᛖᛋ,364
fornication,1318340,0,ᚠᚩᚱᚾᛁᚳᚪᛏᛡᚾ,385
bournemouth,1318162,0,ᛒᚩᚢᚱᚾᛖᛗᚩᚢᚦ,264
unmolested,1317800,0,ᚢᚾᛗᚩᛚᛖᛋᛏᛖᛞ,518
aggressors,1317195,0,ᚪᚷᚷᚱᛖᛋᛋᚩᚱᛋ,386
franchisee,1316777,0,ᚠᚱᚪᚾᚳᚻᛁᛋᛖᛖ,393
privateers,1314618,0,ᛈᚱᛁᚢᚪᛏᛖᛖᚱᛋ,442
generalizing,1314510,0,ᚷᛖᚾᛖᚱᚪᛚᛁᛋᛝ,524
superoxide,1314455,0,ᛋᚢᛈᛖᚱᚩᛉᛁᛞᛖ,418
similitude,1313876,0,ᛋᛁᛗᛁᛚᛁᛏᚢᛞᛖ,508
octahedral,1312486,0,ᚩᚳᛏᚪᚻᛖᛞᚱᚪᛚ,536
wassermann,1311797,0,ᚹᚪᛋᛋᛖᚱᛗᚪᚾᚾ,526
syndicates,1310180,0,ᛋᚣᚾᛞᛁᚳᚪᛏᛖᛋ,594
reallocation,1309920,0,ᚱᛠᛚᛚᚩᚳᚪᛏᛡᚾ,578
responders,1309275,0,ᚱᛖᛋᛈᚩᚾᛞᛖᚱᛋ,430
reactivation,1308806,0,ᚱᛠᚳᛏᛁᚢᚪᛏᛡᚾ,518
hypocrites,1307692,0,ᚻᚣᛈᚩᚳᚱᛁᛏᛖᛋ,410
corruptions,1307221,0,ᚳᚩᚱᚱᚢᛈᛏᛡᚾᛋ,336
quarrelled,1306956,0,ᚳᚹᚪᚱᚱᛖᛚᛚᛖᛞ,520
whitewater,1306640,0,ᚹᚻᛁᛏᛖᚹᚪᛏᛖᚱ,452
indentured,1305402,0,ᛁᚾᛞᛖᚾᛏᚢᚱᛖᛞ,474
favoritism,1305304,0,ᚠᚪᚢᚩᚱᛁᛏᛁᛋᛗ,365
histograms,1303338,0,ᚻᛁᛋᛏᚩᚷᚱᚪᛗᛋ,422
expository,1303325,0,ᛖᛉᛈᚩᛋᛁᛏᚩᚱᚣ,428
biophysical,1302595,0,ᛒᛡᛈᚻᚣᛋᛁᚳᚪᛚ,604
grievously,1302111,0,ᚷᚱᛁᛖᚢᚩᚢᛋᛚᚣ,368
trepidation,1302048,0,ᛏᚱᛖᛈᛁᛞᚪᛏᛡᚾ,592
recidivism,1300498,0,ᚱᛖᚳᛁᛞᛁᚢᛁᛋᛗ,400
legislated,1300464,0,ᛚᛖᚷᛁᛋᛚᚪᛏᛖᛞ,626
exaggerating,1299190,0,ᛖᛉᚪᚷᚷᛖᚱᚪᛏᛝ,558
apprehending,1298615,0,ᚪᛈᛈᚱᛖᚻᛖᚾᛞᛝ,548
symmetries,1297767,0,ᛋᚣᛗᛗᛖᛏᚱᛁᛖᛋ,586
peppermint,1296418,0,ᛈᛖᛈᛈᛖᚱᛗᛁᚾᛏ,464
narcissism,1295511,0,ᚾᚪᚱᚳᛁᛋᛋᛁᛋᛗ,442
extirpation,1295333,0,ᛖᛉᛏᛁᚱᛈᚪᛏᛡᚾ,550
divinities,1294983,0,ᛞᛁᚢᛁᚾᛁᛏᛁᛖᛋ,424
oxygenated,1294283,0,ᚩᛉᚣᚷᛖᚾᚪᛏᛖᛞ,582
auctioneers,1293893,0,ᚪᚢᚳᛏᛡᚾᛖᛖᚱᛋ,506
persevered,1293803,0,ᛈᛖᚱᛋᛖᚢᛖᚱᛖᛞ,478
disjointed,1292459,0,ᛞᛁᛋᛂᚩᛁᚾᛏᛖᛞ,492
rectifiers,1292374,0,ᚱᛖᚳᛏᛁᚠᛁᛖᚱᛋ,345
suffocation,1292049,0,ᛋᚢᚠᚠᚩᚳᚪᛏᛡᚾ,372
sociability,1291869,0,ᛋᚩᚳᛡᛒᛁᛚᛁᛏᚣ,538
annunciation,1291677,0,ᚪᚾᚾᚢᚾᚳᛡᛏᛡᚾ,502
interacted,1291364,0,ᛁᚾᛏᛖᚱᚪᚳᛏᛖᛞ,522
omniscient,1290124,0,ᚩᛗᚾᛁᛋᚳᛁᛖᚾᛏ,390
abridgment,1287749,0,ᚪᛒᚱᛁᛞᚷᛗᛖᚾᛏ,532
pragmatics,1287709,0,ᛈᚱᚪᚷᛗᚪᛏᛁᚳᛋ,492
infractions,1287343,0,ᛁᚾᚠᚱᚪᚳᛏᛡᚾᛋ,431
molestation,1286152,0,ᛗᚩᛚᛖᛋᛏᚪᛏᛡᚾ,622
hypersonic,1284315,0,ᚻᚣᛈᛖᚱᛋᚩᚾᛁᚳ,380
cellophane,1283004,0,ᚳᛖᛚᛚᚩᛈᚻᚪᚾᛖ,492
ejaculation,1282778,0,ᛖᛂᚪᚳᚢᛚᚪᛏᛡᚾ,582
unmodified,1282718,0,ᚢᚾᛗᚩᛞᛁᚠᛁᛖᛞ,419
immaturity,1280706,0,ᛁᛗᛗᚪᛏᚢᚱᛁᛏᚣ,536
guillotine,1280644,0,ᚷᚢᛁᛚᛚᚩᛏᛁᚾᛖ,390
libertarian,1279872,0,ᛚᛁᛒᛖᚱᛏᚪᚱᛡᚾ,546
lighthouses,1279605,0,ᛚᛁᚷᚻᚦᚩᚢᛋᛖᛋ,332
bolshevism,1279432,0,ᛒᚩᛚᛋᚻᛖᚢᛁᛋᛗ,442
photometry,1279328,0,ᛈᚻᚩᛏᚩᛗᛖᛏᚱᚣ,450
subterfuge,1278162,0,ᛋᚢᛒᛏᛖᚱᚠᚢᚷᛖ,343
admonitions,1277717,0,ᚪᛞᛗᚩᚾᛁᛏᛡᚾᛋ,572
idolatrous,1276227,0,ᛁᛞᚩᛚᚪᛏᚱᚩᚢᛋ,430
fibroblast,1276145,0,ᚠᛁᛒᚱᚩᛒᛚᚪᛋᛏ,455
thunderbolt,1275947,0,ᚦᚢᚾᛞᛖᚱᛒᚩᛚᛏ,404
photolysis,1273038,0,ᛈᚻᚩᛏᚩᛚᚣᛋᛁᛋ,452
reviewable,1273030,0,ᚱᛖᚢᛁᛖᚹᚪᛒᛚᛖ,496
checklists,1271102,0,ᚳᚻᛖᚳᚳᛚᛁᛋᛏᛋ,398
telescopic,1268992,0,ᛏᛖᛚᛖᛋᚳᚩᛈᛁᚳ,426
autologous,1266683,0,ᚪᚢᛏᚩᛚᚩᚷᚩᚢᛋ,326
theophylline,1266251,0,ᚦᛇᛈᚻᚣᛚᛚᛁᚾᛖ,488
mercifully,1266161,0,ᛗᛖᚱᚳᛁᚠᚢᛚᛚᚣ,447
voluptuous,1264786,0,ᚢᚩᛚᚢᛈᛏᚢᚩᚢᛋ,254
superposed,1263834,0,ᛋᚢᛈᛖᚱᛈᚩᛋᛖᛞ,436
sabbatical,1262896,0,ᛋᚪᛒᛒᚪᛏᛁᚳᚪᛚ,642
hammersmith,1261722,0,ᚻᚪᛗᛗᛖᚱᛋᛗᛁᚦ,500
micrograms,1261494,0,ᛗᛁᚳᚱᚩᚷᚱᚪᛗᛋ,382
microsomal,1260911,0,ᛗᛁᚳᚱᚩᛋᚩᛗᚪᛚ,434
philippians,1260896,0,ᛈᚻᛁᛚᛁᛈᛈᛡᚾᛋ,476
evaluators,1258674,0,ᛖᚢᚪᛚᚢᚪᛏᚩᚱᛋ,470
indictable,1258484,0,ᛁᚾᛞᛁᚳᛏᚪᛒᛚᛖ,550
monarchies,1258381,0,ᛗᚩᚾᚪᚱᚳᚻᛁᛖᛋ,402
domiciliary,1254608,0,ᛞᚩᛗᛁᚳᛁᛚᛡᚱᚣ,536
bedchamber,1253827,0,ᛒᛖᛞᚳᚻᚪᛗᛒᛖᚱ,560
reappearance,1253198,0,ᚱᛠᛈᛈᛠᚱᚪᚾᚳᛖ,532
pronounces,1251151,0,ᛈᚱᚩᚾᚩᚢᚾᚳᛖᛋ,262
philistine,1250897,0,ᛈᚻᛁᛚᛁᛋᛏᛁᚾᛖ,440
italicized,1250426,0,ᛁᛏᚪᛚᛁᚳᛁᛋᛖᛞ,544
unionization,1248452,0,ᚢᚾᛡᚾᛁᛋᚪᛏᛡᚾ,544
desiccation,1246289,0,ᛞᛖᛋᛁᚳᚳᚪᛏᛡᚾ,558
ascendency,1245471,0,ᚪᛋᚳᛖᚾᛞᛖᚾᚳᚣ,560
fluctuates,1243891,0,ᚠᛚᚢᚳᛏᚢᚪᛏᛖᛋ,429
compresses,1243741,0,ᚳᚩᛗᛈᚱᛖᛋᛋᛖᛋ,438
invigorating,1243566,0,ᛁᚾᚢᛁᚷᚩᚱᚪᛏᛝ,364
silverware,1242896,0,ᛋᛁᛚᚢᛖᚱᚹᚪᚱᛖ,432
vouchsafed,1242001,0,ᚢᚩᚢᚳᚻᛋᚪᚠᛖᛞ,357
martensite,1241845,0,ᛗᚪᚱᛏᛖᚾᛋᛁᛏᛖ,544
disciplining,1240821,0,ᛞᛁᛋᚳᛁᛈᛚᛁᚾᛝ,472
germinated,1240351,0,ᚷᛖᚱᛗᛁᚾᚪᛏᛖᛞ,538
paroxysmal,1240145,0,ᛈᚪᚱᚩᛉᚣᛋᛗᚪᛚ,602
billboards,1240075,0,ᛒᛁᛚᛚᛒᚩᚪᚱᛞᛋ,556
photometer,1239888,0,ᛈᚻᚩᛏᚩᛗᛖᛏᛖᚱ,414
extinguisher,1238037,0,ᛖᛉᛏᛝᚢᛁᛋᚻᛖᚱ,440
delicacies,1237254,0,ᛞᛖᛚᛁᚳᚪᚳᛁᛖᛋ,534
dismissals,1237243,0,ᛞᛁᛋᛗᛁᛋᛋᚪᛚᛋ,604
intercepts,1236062,0,ᛁᚾᛏᛖᚱᚳᛖᛈᛏᛋ,432
overhauled,1234242,0,ᚩᚢᛖᚱᚻᚪᚢᛚᛖᛞ,440
panchayats,1234045,0,ᛈᚪᚾᚳᚻᚪᚣᚪᛏᛋ,614
boulevards,1233562,0,ᛒᚩᚢᛚᛖᚢᚪᚱᛞᛋ,464
iniquities,1232227,0,ᛁᚾᛁᚳᚹᛁᛏᛁᛖᛋ,364
classicism,1231693,0,ᚳᛚᚪᛋᛋᛁᚳᛁᛋᛗ,488
dramatized,1230984,0,ᛞᚱᚪᛗᚪᛏᛁᛋᛖᛞ,664
senescence,1230944,0,ᛋᛖᚾᛖᛋᚳᛖᚾᚳᛖ,458
rabbinical,1229366,0,ᚱᚪᛒᛒᛁᚾᛁᚳᚪᛚ,504
metatarsal,1229206,0,ᛗᛖᛏᚪᛏᚪᚱᛋᚪᛚ,684
hematology,1226925,0,ᚻᛖᛗᚪᛏᚩᛚᚩᚷᚣ,524
magnetized,1226054,0,ᛗᚪᚷᚾᛖᛏᛁᛋᛖᛞ,580
suddenness,1226013,0,ᛋᚢᛞᛞᛖᚾᚾᛖᛋᛋ,532
evanescent,1225836,0,ᛖᚢᚪᚾᛖᛋᚳᛖᚾᛏ,484
cotyledons,1225322,0,ᚳᚩᛏᚣᛚᛖᛞᚩᚾᛋ,500
etiological,1225225,0,ᛖᛏᛡᛚᚩᚷᛁᚳᚪᛚ,544
reappointed,1224493,0,ᚱᛠᛈᛈᚩᛁᚾᛏᛖᛞ,488
unworkable,1223657,0,ᚢᚾᚹᚩᚱᚳᚪᛒᛚᛖ,380
councilmen,1223365,0,ᚳᚩᚢᚾᚳᛁᛚᛗᛖᚾ,336
memorabilia,1222101,0,ᛗᛖᛗᚩᚱᚪᛒᛁᛚᛡ,596
redemptive,1219500,0,ᚱᛖᛞᛖᛗᛈᛏᛁᚢᛖ,508
consonance,1217659,0,ᚳᚩᚾᛋᚩᚾᚪᚾᚳᛖ,344
assimilating,1216768,0,ᚪᛋᛋᛁᛗᛁᛚᚪᛏᛝ,644
campaigned,1216618,0,ᚳᚪᛗᛈᚪᛁᚷᚾᛖᛞ,554
worshipful,1215837,0,ᚹᚩᚱᛋᚻᛁᛈᚠᚢᛚ,265
unattached,1215611,0,ᚢᚾᚪᛏᛏᚪᚳᚻᛖᛞ,536
dominicans,1214039,0,ᛞᚩᛗᛁᚾᛁᚳᚪᚾᛋ,450
waveguides,1213514,0,ᚹᚪᚢᛖᚷᚢᛁᛞᛖᛋ,446
cartilages,1210320,0,ᚳᚪᚱᛏᛁᛚᚪᚷᛖᛋ,518
believable,1209101,0,ᛒᛖᛚᛁᛖᚢᚪᛒᛚᛖ,600
discolored,1208664,0,ᛞᛁᛋᚳᚩᛚᚩᚱᛖᛞ,440
casablanca,1207985,0,ᚳᚪᛋᚪᛒᛚᚪᚾᚳᚪ,630
preemptive,1206316,0,ᛈᚱᛖᛖᛗᛈᛏᛁᚢᛖ,462
whitefield,1205656,0,ᚹᚻᛁᛏᛖᚠᛁᛖᛚᛞ,461
channelled,1204460,0,ᚳᚻᚪᚾᚾᛖᛚᛚᛖᛞ,560
renovations,1200410,0,ᚱᛖᚾᚩᚢᚪᛏᛡᚾᛋ,462
exegetical,1198756,0,ᛖᛉᛖᚷᛖᛏᛁᚳᚪᛚ,538
laparotomy,1198744,0,ᛚᚪᛈᚪᚱᚩᛏᚩᛗᚣ,568
disjunction,1198428,0,ᛞᛁᛋᛂᚢᚾᚳᛏᛡᚾ,450
augustinian,1196106,0,ᚪᚢᚷᚢᛋᛏᛁᚾᛡᚾ,428
facsimiles,1195494,0,ᚠᚪᚳᛋᛁᛗᛁᛚᛖᛋ,491
doctorates,1195218,0,ᛞᚩᚳᛏᚩᚱᚪᛏᛖᛋ,462
subjugated,1193874,0,ᛋᚢᛒᛂᚢᚷᚪᛏᛖᛞ,486
speculator,1193273,0,ᛋᛈᛖᚳᚢᛚᚪᛏᚩᚱ,426
hibernation,1191681,0,ᚻᛁᛒᛖᚱᚾᚪᛏᛡᚾ,514
sympathized,1191006,0,ᛋᚣᛗᛈᚪᚦᛁᛋᛖᛞ,612
academician,1190213,0,ᚪᚳᚪᛞᛖᛗᛁᚳᛡᚾ,614
milliliter,1190199,0,ᛗᛁᛚᛚᛁᛚᛁᛏᛖᚱ,520
bottomless,1189202,0,ᛒᚩᛏᛏᚩᛗᛚᛖᛋᛋ,510
defectives,1189082,0,ᛞᛖᚠᛖᚳᛏᛁᚢᛖᛋ,451
deprecated,1188501,0,ᛞᛖᛈᚱᛖᚳᚪᛏᛖᛞ,602
magistracy,1188210,0,ᛗᚪᚷᛁᛋᛏᚱᚪᚳᚣ,552
effeminate,1188137,0,ᛖᚠᚠᛖᛗᛁᚾᚪᛏᛖ,492
judgmental,1185746,0,ᛂᚢᛞᚷᛗᛖᚾᛏᚪᛚ,542
entertains,1184681,0,ᛖᚾᛏᛖᚱᛏᚪᛁᚾᛋ,502
disinfecting,1184619,0,ᛞᛁᛋᛁᚾᚠᛖᚳᛏᛝ,453
archimedes,1183521,0,ᚪᚱᚳᚻᛁᛗᛖᛞᛖᛋ,522
breathlessly,1182375,0,ᛒᚱᛠᚦᛚᛖᛋᛋᛚᚣ,608
conveyancing,1178655,0,ᚳᚩᚾᚢᛖᚣᚪᚾᚳᛝ,440
caretakers,1178099,0,ᚳᚪᚱᛖᛏᚪᚳᛖᚱᛋ,488
beekeepers,1177814,0,ᛒᛖᛖᚳᛖᛖᛈᛖᚱᛋ,516
lacustrine,1177044,0,ᛚᚪᚳᚢᛋᛏᚱᛁᚾᛖ,436
intercepting,1176418,0,ᛁᚾᛏᛖᚱᚳᛖᛈᛏᛝ,458
algorithmic,1175031,0,ᚪᛚᚷᚩᚱᛁᚦᛗᛁᚳ,356
metternich,1174497,0,ᛗᛖᛏᛏᛖᚱᚾᛁᚳᚻ,430
swedenborg,1171628,0,ᛋᚹᛖᛞᛖᚾᛒᚩᚱᚷ,420
chocolates,1170782,0,ᚳᚻᚩᚳᚩᛚᚪᛏᛖᛋ,412
episcopacy,1170506,0,ᛖᛈᛁᛋᚳᚩᛈᚪᚳᚣ,470
multiplexing,1168299,0,ᛗᚢᛚᛏᛁᛈᛚᛖᛉᛝ,546
injuriously,1167747,0,ᛁᚾᛂᚢᚱᛡᚢᛋᛚᚣ,450
consecrate,1167713,0,ᚳᚩᚾᛋᛖᚳᚱᚪᛏᛖ,416
worshipper,1167296,0,ᚹᚩᚱᛋᚻᛁᛈᛈᛖᚱ,308
tajikistan,1166038,0,ᛏᚪᛂᛁᚳᛁᛋᛏᚪᚾ,506
detractors,1165540,0,ᛞᛖᛏᚱᚪᚳᛏᚩᚱᛋ,466
squandered,1163056,0,ᛋᚳᚹᚪᚾᛞᛖᚱᛖᛞ,534
seasonality,1162684,0,ᛋᛠᛋᚩᚾᚪᛚᛁᛏᚣ,614
chauffeurs,1161603,0,ᚳᚻᚪᚢᚠᚠᛖᚢᚱᛋ,274
retinopathy,1161551,0,ᚱᛖᛏᛁᚾᚩᛈᚪᚦᚣ,452
trespasses,1161300,0,ᛏᚱᛖᛋᛈᚪᛋᛋᛖᛋ,556
geographies,1160568,0,ᚷᛇᚷᚱᚪᛈᚻᛁᛖᛋ,400
persuasions,1157529,0,ᛈᛖᚱᛋᚢᚪᛋᛡᚾᛋ,516
hematocrit,1157329,0,ᚻᛖᛗᚪᛏᚩᚳᚱᛁᛏ,438
undulations,1156631,0,ᚢᚾᛞᚢᛚᚪᛏᛡᚾᛋ,542
dispersions,1152562,0,ᛞᛁᛋᛈᛖᚱᛋᛡᚾᛋ,536
expatriates,1152513,0,ᛖᛉᛈᚪᛏᚱᛡᛏᛖᛋ,610
engrossment,1152489,0,ᛖᛝᚱᚩᛋᛋᛗᛖᚾᛏ,496
connivance,1151738,0,ᚳᚩᚾᚾᛁᚢᚪᚾᚳᛖ,318
elaborates,1150913,0,ᛖᛚᚪᛒᚩᚱᚪᛏᛖᛋ,592
obediently,1150776,0,ᚩᛒᛖᛞᛁᛖᚾᛏᛚᚣ,586
sisterhood,1149195,0,ᛋᛁᛋᛏᛖᚱᚻᚩᚩᛞ,400
sphalerite,1148529,0,ᛋᛈᚻᚪᛚᛖᚱᛁᛏᛖ,524
recruiters,1145242,0,ᚱᛖᚳᚱᚢᛁᛏᛖᚱᛋ,326
predispose,1145107,0,ᛈᚱᛖᛞᛁᛋᛈᚩᛋᛖ,464
executable,1144777,0,ᛖᛉᛖᚳᚢᛏᚪᛒᛚᛖ,554
coagulated,1143024,0,ᚳᚩᚪᚷᚢᛚᚪᛏᛖᛞ,522
carbonated,1141604,0,ᚳᚪᚱᛒᚩᚾᚪᛏᛖᛞ,530
evaporates,1139919,0,ᛖᚢᚪᛈᚩᚱᚪᛏᛖᛋ,504
prednisone,1138935,0,ᛈᚱᛖᛞᚾᛁᛋᚩᚾᛖ,426
capacitive,1137651,0,ᚳᚪᛈᚪᚳᛁᛏᛁᚢᛖ,454
declamation,1136039,0,ᛞᛖᚳᛚᚪᛗᚪᛏᛡᚾ,702
impossibly,1135761,0,ᛁᛗᛈᚩᛋᛋᛁᛒᛚᚣ,526
melancholia,1134803,0,ᛗᛖᛚᚪᚾᚳᚻᚩᛚᛡ,560
sacredness,1134626,0,ᛋᚪᚳᚱᛖᛞᚾᛖᛋᛋ,532
centimetre,1132768,0,ᚳᛖᚾᛏᛁᛗᛖᛏᚱᛖ,474
multiplies,1131767,0,ᛗᚢᛚᛏᛁᛈᛚᛁᛖᛋ,504
outbuildings,1131496,0,ᚩᚢᛏᛒᚢᛁᛚᛞᛝᛋ,458
hyperthermia,1130967,0,ᚻᚣᛈᛖᚱᚦᛖᚱᛗᛡ,508
tourmaline,1130899,0,ᛏᚩᚢᚱᛗᚪᛚᛁᚾᛖ,448
oppositely,1129225,0,ᚩᛈᛈᚩᛋᛁᛏᛖᛚᚣ,486
episcopate,1128862,0,ᛖᛈᛁᛋᚳᚩᛈᚪᛏᛖ,480
consulates,1128802,0,ᚳᚩᚾᛋᚢᛚᚪᛏᛖᛋ,454
analogical,1128788,0,ᚪᚾᚪᛚᚩᚷᛁᚳᚪᛚ,534
guaranties,1127695,0,ᚷᚢᚪᚱᚪᚾᛏᛁᛖᛋ,464
autographs,1127342,0,ᚪᚢᛏᚩᚷᚱᚪᛈᚻᛋ,410
unknowable,1125898,0,ᚢᚾᚳᚾᚩᚹᚪᛒᛚᛖ,398
beleaguered,1123848,0,ᛒᛖᛚᛠᚷᚢᛖᚱᛖᛞ,564
soundtrack,1123349,0,ᛋᚩᚢᚾᛞᛏᚱᚪᚳᚳ,374
plasmodium,1123117,0,ᛈᛚᚪᛋᛗᚩᛞᛁᚢᛗ,538
forethought,1120734,0,ᚠᚩᚱᛖᚦᚩᚢᚷᚻᛏ,201
covenanted,1120307,0,ᚳᚩᚢᛖᚾᚪᚾᛏᛖᛞ,460
underwrite,1118492,0,ᚢᚾᛞᛖᚱᚹᚱᛁᛏᛖ,386
salamander,1118281,0,ᛋᚪᛚᚪᛗᚪᚾᛞᛖᚱ,684
thoroughgoing,1117789,0,ᚦᚩᚱᚩᚢᚷᚻᚷᚩᛝ,176
congregated,1117057,0,ᚳᚩᛝᚱᛖᚷᚪᛏᛖᛞ,506
functionary,1116839,0,ᚠᚢᚾᚳᛏᛡᚾᚪᚱᚣ,453
demarcated,1116140,0,ᛞᛖᛗᚪᚱᚳᚪᛏᛖᛞ,660
heavyweight,1112192,0,ᚻᛠᚢᚣᚹᛖᛁᚷᚻᛏ,454
altercation,1111314,0,ᚪᛚᛏᛖᚱᚳᚪᛏᛡᚾ,612
iridescent,1110597,0,ᛁᚱᛁᛞᛖᛋᚳᛖᚾᛏ,450
searchlight,1110592,0,ᛋᛠᚱᚳᚻᛚᛁᚷᚻᛏ,412
intellects,1110122,0,ᛁᚾᛏᛖᛚᛚᛖᚳᛏᛋ,524
babylonians,1109669,0,ᛒᚪᛒᚣᛚᚩᚾᛡᚾᛋ,620
splintered,1109002,0,ᛋᛈᛚᛁᚾᛏᛖᚱᛖᛞ,522
pediatrician,1108642,0,ᛈᛖᛞᛡᛏᚱᛁᚳᛡᚾ,556
distrusted,1107765,0,ᛞᛁᛋᛏᚱᚢᛋᛏᛖᛞ,514
adenovirus,1107381,0,ᚪᛞᛖᚾᚩᚢᛁᚱᚢᛋ,390
falsehoods,1107379,0,ᚠᚪᛚᛋᛖᚻᚩᚩᛞᛋ,471
shortfalls,1107038,0,ᛋᚻᚩᚱᛏᚠᚪᛚᛚᛋ,451
reinvested,1105455,0,ᚱᛖᛁᚾᚢᛖᛋᛏᛖᛞ,476
scornfully,1105414,0,ᛋᚳᚩᚱᚾᚠᚢᛚᛚᚣ,367
reiterates,1105313,0,ᚱᛖᛁᛏᛖᚱᚪᛏᛖᛋ,522
organisers,1104151,0,ᚩᚱᚷᚪᚾᛁᛋᛖᚱᛋ,376
phosphatic,1102883,0,ᛈᚻᚩᛋᛈᚻᚪᛏᛁᚳ,392
tetragonal,1100606,0,ᛏᛖᛏᚱᚪᚷᚩᚾᚪᛚ,516
premarital,1099341,0,ᛈᚱᛖᛗᚪᚱᛁᛏᚪᛚ,560
consignees,1098555,0,ᚳᚩᚾᛋᛁᚷᚾᛖᛖᛋ,366
extractions,1097712,0,ᛖᛉᛏᚱᚪᚳᛏᛡᚾᛋ,542
hindrances,1097704,0,ᚻᛁᚾᛞᚱᚪᚾᚳᛖᛋ,442
propagates,1094860,0,ᛈᚱᚩᛈᚪᚷᚪᛏᛖᛋ,494
ornithology,1092954,0,ᚩᚱᚾᛁᚦᚩᛚᚩᚷᚣ,290
oratorical,1092775,0,ᚩᚱᚪᛏᚩᚱᛁᚳᚪᛚ,406
friendless,1090207,0,ᚠᚱᛁᛖᚾᛞᛚᛖᛋᛋ,475
acclamation,1090196,0,ᚪᚳᚳᛚᚪᛗᚪᛏᛡᚾ,656
culminates,1089437,0,ᚳᚢᛚᛗᛁᚾᚪᛏᛖᛋ,496
trinitarian,1089268,0,ᛏᚱᛁᚾᛁᛏᚪᚱᛡᚾ,464
disputation,1087556,0,ᛞᛁᛋᛈᚢᛏᚪᛏᛡᚾ,570
restlessly,1087359,0,ᚱᛖᛋᛏᛚᛖᛋᛋᛚᚣ,612
conjugates,1087304,0,ᚳᚩᚾᛂᚢᚷᚪᛏᛖᛋ,382
glycolysis,1087294,0,ᚷᛚᚣᚳᚩᛚᚣᛋᛁᛋ,526
ignominious,1086528,0,ᛁᚷᚾᚩᛗᛁᚾᛡᚢᛋ,378
attentional,1086253,0,ᚪᛏᛏᛖᚾᛏᛡᚾᚪᛚ,676
befriended,1085249,0,ᛒᛖᚠᚱᛁᛖᚾᛞᛖᛞ,513
stuyvesant,1083267,0,ᛋᛏᚢᚣᚢᛖᛋᚪᚾᛏ,526
inflatable,1082352,0,ᛁᚾᚠᛚᚪᛏᚪᛒᛚᛖ,589
intimations,1081752,0,ᛁᚾᛏᛁᛗᚪᛏᛡᚾᛋ,566
sepulchral,1081461,0,ᛋᛖᛈᚢᛚᚳᚻᚱᚪᛚ,456
prostrated,1080885,0,ᛈᚱᚩᛋᛏᚱᚪᛏᛖᛞ,496
insensibly,1080511,0,ᛁᚾᛋᛖᚾᛋᛁᛒᛚᚣ,530
integrable,1078799,0,ᛁᚾᛏᛖᚷᚱᚪᛒᛚᛖ,512
personhood,1078720,0,ᛈᛖᚱᛋᚩᚾᚻᚩᚩᛞ,336
injudicious,1077122,0,ᛁᚾᛂᚢᛞᛁᚳᛡᚢᛋ,396
coextensive,1075249,0,ᚳᛟᛉᛏᛖᚾᛋᛁᚢᛖ,452
lithosphere,1074171,0,ᛚᛁᚦᚩᛋᛈᚻᛖᚱᛖ,380
appeasement,1072981,0,ᚪᛈᛈᛠᛋᛖᛗᛖᚾᛏ,638
sophomores,1072806,0,ᛋᚩᛈᚻᚩᛗᚩᚱᛖᛋ,342
staircases,1071782,0,ᛋᛏᚪᛁᚱᚳᚪᛋᛖᛋ,534
emboldened,1071633,0,ᛖᛗᛒᚩᛚᛞᛖᚾᛖᛞ,620
habituation,1070539,0,ᚻᚪᛒᛁᛏᚢᚪᛏᛡᚾ,566
emissivity,1069893,0,ᛖᛗᛁᛋᛋᛁᚢᛁᛏᚣ,502
unconvincing,1067517,0,ᚢᚾᚳᚩᚾᚢᛁᚾᚳᛝ,236
infallibly,1064913,0,ᛁᚾᚠᚪᛚᛚᛁᛒᛚᚣ,573
palaeolithic,1064254,0,ᛈᚪᛚᚫᚩᛚᛁᚦᛁᚳ,474
studebaker,1063715,0,ᛋᛏᚢᛞᛖᛒᚪᚳᛖᚱ,520
coarseness,1063671,0,ᚳᚩᚪᚱᛋᛖᚾᛖᛋᛋ,450
diffidence,1062487,0,ᛞᛁᚠᚠᛁᛞᛖᚾᚳᛖ,420
sandwiched,1062363,0,ᛋᚪᚾᛞᚹᛁᚳᚻᛖᛞ,510
vasculitis,1062231,0,ᚢᚪᛋᚳᚢᛚᛁᛏᛁᛋ,416
hesitantly,1061313,0,ᚻᛖᛋᛁᛏᚪᚾᛏᛚᚣ,594
incitement,1061308,0,ᛁᚾᚳᛁᛏᛖᛗᛖᚾᛏ,456
apparitions,1058808,0,ᚪᛈᛈᚪᚱᛁᛏᛡᚾᛋ,570
leguminous,1058554,0,ᛚᛖᚷᚢᛗᛁᚾᚩᚢᛋ,354
undeserved,1057187,0,ᚢᚾᛞᛖᛋᛖᚱᚢᛖᛞ,478
uninitiated,1055415,0,ᚢᚾᛁᚾᛁᛏᛡᛏᛖᛞ,504
waterborne,1054293,0,ᚹᚪᛏᛖᚱᛒᚩᚱᚾᛖ,428
contiguity,1053969,0,ᚳᚩᚾᛏᛁᚷᚢᛁᛏᚣ,352
dominantly,1053634,0,ᛞᚩᛗᛁᚾᚪᚾᛏᛚᚣ,588
delectable,1053003,0,ᛞᛖᛚᛖᚳᛏᚪᛒᛚᛖ,666
demoralizing,1052713,0,ᛞᛖᛗᚩᚱᚪᛚᛁᛋᛝ,578
interlaced,1052573,0,ᛁᚾᛏᛖᚱᛚᚪᚳᛖᛞ,536
bratislava,1052249,0,ᛒᚱᚪᛏᛁᛋᛚᚪᚢᚪ,582
debauchery,1052144,0,ᛞᛖᛒᚪᚢᚳᚻᛖᚱᚣ,534
epigenetic,1051761,0,ᛖᛈᛁᚷᛖᚾᛖᛏᛁᚳ,424
patentable,1051130,0,ᛈᚪᛏᛖᚾᛏᚪᛒᛚᛖ,652
shackleton,1050212,0,ᛋᚻᚪᚳᚳᛚᛖᛏᚩᚾ,434
consistory,1049981,0,ᚳᚩᚾᛋᛁᛋᛏᚩᚱᚣ,366
chandigarh,1049856,0,ᚳᚻᚪᚾᛞᛁᚷᚪᚱᚻ,430
lawfulness,1049281,0,ᛚᚪᚹᚠᚢᛚᚾᛖᛋᛋ,469
cantonment,1048732,0,ᚳᚪᚾᛏᚩᚾᛗᛖᚾᛏ,460
energetics,1047952,0,ᛖᚾᛖᚱᚷᛖᛏᛁᚳᛋ,414
ostentation,1047471,0,ᚩᛋᛏᛖᚾᛏᚪᛏᛡᚾ,566
unexampled,1046905,0,ᚢᚾᛖᛉᚪᛗᛈᛚᛖᛞ,586
harvesters,1046691,0,ᚻᚪᚱᚢᛖᛋᛏᛖᚱᛋ,444
nurserymen,1046254,0,ᚾᚢᚱᛋᛖᚱᚣᛗᛖᚾ,444
idealization,1045311,0,ᛁᛞᛠᛚᛁᛋᚪᛏᛡᚾ,678
pocketbook,1044826,0,ᛈᚩᚳᚳᛖᛏᛒᚩᚩᚳ,290
outlandish,1044618,0,ᚩᚢᛏᛚᚪᚾᛞᛁᛋᚻ,464
dishwasher,1043955,0,ᛞᛁᛋᚻᚹᚪᛋᚻᛖᚱ,466
multistage,1043663,0,ᛗᚢᛚᛏᛁᛋᛏᚪᚷᛖ,530
precipices,1042530,0,ᛈᚱᛖᚳᛁᛈᛁᚳᛖᛋ,372
honourably,1042330,0,ᚻᚩᚾᚩᚢᚱᚪᛒᛚᚣ,414
rheological,1041773,0,ᚱᚻᛇᛚᚩᚷᛁᚳᚪᛚ,386
collocation,1040930,0,ᚳᚩᛚᛚᚩᚳᚪᛏᛡᚾ,478
indiscreet,1040326,0,ᛁᚾᛞᛁᛋᚳᚱᛖᛖᛏ,450
emarginate,1039541,0,ᛖᛗᚪᚱᚷᛁᚾᚪᛏᛖ,546
malmesbury,1038184,0,ᛗᚪᛚᛗᛖᛋᛒᚢᚱᚣ,610
transfixed,1038121,0,ᛏᚱᚪᚾᛋᚠᛁᛉᛖᛞ,485
inhumanity,1037270,0,ᛁᚾᚻᚢᛗᚪᚾᛁᛏᚣ,476
northerners,1036988,0,ᚾᚩᚱᚦᛖᚱᚾᛖᚱᛋ,290
infiltrating,1036925,0,ᛁᚾᚠᛁᛚᛏᚱᚪᛏᛝ,471
travancore,1035834,0,ᛏᚱᚪᚢᚪᚾᚳᚩᚱᛖ,394
completions,1034888,0,ᚳᚩᛗᛈᛚᛖᛏᛡᚾᛋ,522
transgress,1034446,0,ᛏᚱᚪᚾᛋᚷᚱᛖᛋᛋ,450
portentous,1034434,0,ᛈᚩᚱᛏᛖᚾᛏᚩᚢᛋ,338
depressant,1033992,0,ᛞᛖᛈᚱᛖᛋᛋᚪᚾᛏ,568
explicable,1033942,0,ᛖᛉᛈᛚᛁᚳᚪᛒᛚᛖ,572
chronicled,1033800,0,ᚳᚻᚱᚩᚾᛁᚳᛚᛖᛞ,356
shrewdness,1033791,0,ᛋᚻᚱᛖᚹᛞᚾᛖᛋᛋ,464
ecologists,1033450,0,ᛖᚳᚩᛚᚩᚷᛁᛋᛏᛋ,380
stragglers,1032125,0,ᛋᛏᚱᚪᚷᚷᛚᛖᚱᛋ,458
randomised,1031749,0,ᚱᚪᚾᛞᚩᛗᛁᛋᛖᛞ,544
penmanship,1031683,0,ᛈᛖᚾᛗᚪᚾᛋᚻᛁᛈ,486
treasonable,1030225,0,ᛏᚱᛠᛋᚩᚾᚪᛒᛚᛖ,566
scottsdale,1029615,0,ᛋᚳᚩᛏᛏᛋᛞᚪᛚᛖ,570
chandelier,1029294,0,ᚳᚻᚪᚾᛞᛖᛚᛁᛖᚱ,500
irreverent,1028030,0,ᛁᚱᚱᛖᚢᛖᚱᛖᚾᛏ,356
inquisitor,1027539,0,ᛁᚾᚳᚹᛁᛋᛁᛏᚩᚱ,284
anticancer,1027014,0,ᚪᚾᛏᛁᚳᚪᚾᚳᛖᚱ,446
punctually,1025933,0,ᛈᚢᚾᚳᛏᚢᚪᛚᛚᚣ,496
archivists,1025565,0,ᚪᚱᚳᚻᛁᚢᛁᛋᛏᛋ,374
exonerated,1024295,0,ᛖᛉᚩᚾᛖᚱᚪᛏᛖᛞ,540
biofeedback,1022822,0,ᛒᛡᚠᛖᛖᛞᛒᚪᚳᚳ,577
nonviolence,1022210,0,ᚾᚩᚾᚢᛡᛚᛖᚾᚳᛖ,424
nephropathy,1021938,0,ᚾᛖᛈᚻᚱᚩᛈᚪᚦᚣ,428
grammarians,1021795,0,ᚷᚱᚪᛗᛗᚪᚱᛡᚾᛋ,564
paperbacks,1021654,0,ᛈᚪᛈᛖᚱᛒᚪᚳᚳᛋ,498
redirected,1019150,0,ᚱᛖᛞᛁᚱᛖᚳᛏᛖᛞ,504
archetypes,1018862,0,ᚪᚱᚳᚻᛖᛏᚣᛈᛖᛋ,536
mediastinum,1016602,0,ᛗᛖᛞᛡᛋᛏᛁᚾᚢᛗ,580
proteinuria,1016357,0,ᛈᚱᚩᛏᛖᛁᚾᚢᚱᛡ,368
quadrupeds,1015084,0,ᚳᚹᚪᛞᚱᚢᛈᛖᛞᛋ,484
samaritans,1015002,0,ᛋᚪᛗᚪᚱᛁᛏᚪᚾᛋ,598
portrayals,1014851,0,ᛈᚩᚱᛏᚱᚪᚣᚪᛚᛋ,554
timetables,1014544,0,ᛏᛁᛗᛖᛏᚪᛒᛚᛖᛋ,638
witherspoon,1014115,0,ᚹᛁᚦᛖᚱᛋᛈᚩᚩᚾ,272
unsanitary,1013961,0,ᚢᚾᛋᚪᚾᛁᛏᚪᚱᚣ,512
summertime,1013222,0,ᛋᚢᛗᛗᛖᚱᛏᛁᛗᛖ,504
marchioness,1012417,0,ᛗᚪᚱᚳᚻᛡᚾᛖᛋᛋ,524
monopolist,1012233,0,ᛗᚩᚾᚩᛈᚩᛚᛁᛋᛏ,380
decorators,1010497,0,ᛞᛖᚳᚩᚱᚪᛏᚩᚱᛋ,414
hydroxides,1010334,0,ᚻᚣᛞᚱᚩᛉᛁᛞᛖᛋ,520
formulates,1009571,0,ᚠᚩᚱᛗᚢᛚᚪᛏᛖᛋ,443
mannerisms,1009241,0,ᛗᚪᚾᚾᛖᚱᛁᛋᛗᛋ,512
incestuous,1009158,0,ᛁᚾᚳᛖᛋᛏᚢᚩᚢᛋ,318
blackfriars,1008663,0,ᛒᛚᚪᚳᚳᚠᚱᛡᚱᛋ,441
misbehavior,1008570,0,ᛗᛁᛋᛒᛖᚻᚪᚢᛡᚱ,524
disregards,1008295,0,ᛞᛁᛋᚱᛖᚷᚪᚱᛞᛋ,518
herbivores,1008278,0,ᚻᛖᚱᛒᛁᚢᚩᚱᛖᛋ,334
angiogenesis,1007980,0,ᚪᛝᛡᚷᛖᚾᛖᛋᛁᛋ,600
prospector,1007385,0,ᛈᚱᚩᛋᛈᛖᚳᛏᚩᚱ,314
infatuated,1006216,0,ᛁᚾᚠᚪᛏᚢᚪᛏᛖᛞ,533
imbecility,1005903,0,ᛁᛗᛒᛖᚳᛁᛚᛁᛏᚣ,540
successions,1005690,0,ᛋᚢᚳᚳᛖᛋᛋᛡᚾᛋ,444
nontaxable,1005669,0,ᚾᚩᚾᛏᚪᛉᚪᛒᛚᛖ,566
pollinated,1005399,0,ᛈᚩᛚᛚᛁᚾᚪᛏᛖᛞ,568
microwaves,1004558,0,ᛗᛁᚳᚱᚩᚹᚪᚢᛖᛋ,372
archdiocese,1004437,0,ᚪᚱᚳᚻᛞᛡᚳᛖᛋᛖ,540
insurances,1004075,0,ᛁᚾᛋᚢᚱᚪᚾᚳᛖᛋ,386
revitalize,1003428,0,ᚱᛖᚢᛁᛏᚪᛚᛁᛋᛖ,492
acceptation,1003112,0,ᚪᚳᚳᛖᛈᛏᚪᛏᛡᚾ,584
hypothesize,1002265,0,ᚻᚣᛈᚩᚦᛖᛋᛁᛋᛖ,452
integrally,1001815,0,ᛁᚾᛏᛖᚷᚱᚪᛚᛚᚣ,560
registries,1000752,0,ᚱᛖᚷᛁᛋᛏᚱᛁᛖᛋ,400
possessory,1000590,0,ᛈᚩᛋᛋᛖᛋᛋᚩᚱᚣ,450
branchlets,999810,0,ᛒᚱᚪᚾᚳᚻᛚᛖᛏᛋ,486
positivity,998964,0,ᛈᚩᛋᛁᛏᛁᚢᛁᛏᚣ,420
racketeering,998924,0,ᚱᚪᚳᚳᛖᛏᛖᛖᚱᛝ,484
eyeglasses,997949,0,ᛖᚣᛖᚷᛚᚪᛋᛋᛖᛋ,650
cosponsors,997949,0,ᚳᚩᛋᛈᚩᚾᛋᚩᚱᛋ,276
petticoats,997836,0,ᛈᛖᛏᛏᛁᚳᚩᚪᛏᛋ,488
polycyclic,997593,0,ᛈᚩᛚᚣᚳᚣᚳᛚᛁᚳ,472
epitomized,995280,0,ᛖᛈᛁᛏᚩᛗᛁᛋᛖᛞ,518
palatinate,994888,0,ᛈᚪᛚᚪᛏᛁᚾᚪᛏᛖ,652
metacarpal,994848,0,ᛗᛖᛏᚪᚳᚪᚱᛈᚪᛚ,628
elastomers,994025,0,ᛖᛚᚪᛋᛏᚩᛗᛖᚱᛋ,558
handsomest,993937,0,ᚻᚪᚾᛞᛋᚩᛗᛖᛋᛏ,548
academical,992519,0,ᚪᚳᚪᛞᛖᛗᛁᚳᚪᛚ,648
surrogates,992245,0,ᛋᚢᚱᚱᚩᚷᚪᛏᛖᛋ,378
dispensers,990091,0,ᛞᛁᛋᛈᛖᚾᛋᛖᚱᛋ,496
contravene,990071,0,ᚳᚩᚾᛏᚱᚪᚢᛖᚾᛖ,382
replaceable,988479,0,ᚱᛖᛈᛚᚪᚳᛠᛒᛚᛖ,614
lithographs,987235,0,ᛚᛁᚦᚩᚷᚱᚪᛈᚻᛋ,360
immigrated,985614,0,ᛁᛗᛗᛁᚷᚱᚪᛏᛖᛞ,544
serviceman,985453,0,ᛋᛖᚱᚢᛁᚳᛖᛗᚪᚾ,442
dishonored,985138,0,ᛞᛁᛋᚻᚩᚾᚩᚱᛖᛞ,406
partridges,984566,0,ᛈᚪᚱᛏᚱᛁᛞᚷᛖᛋ,478
eavesdropping,983498,0,ᛠᚢᛖᛋᛞᚱᚩᛈᛈᛝ,504
christophe,983339,0,ᚳᚻᚱᛁᛋᛏᚩᛈᚻᛖ,330
lacerations,981680,0,ᛚᚪᚳᛖᚱᚪᛏᛡᚾᛋ,606
cheekbones,981648,0,ᚳᚻᛖᛖᚳᛒᚩᚾᛖᛋ,400
microsomes,981051,0,ᛗᛁᚳᚱᚩᛋᚩᛗᛖᛋ,384
telephonic,979944,0,ᛏᛖᛚᛖᛈᚻᚩᚾᛁᚳ,412
strategist,979832,0,ᛋᛏᚱᚪᛏᛖᚷᛁᛋᛏ,506
midshipmen,978951,0,ᛗᛁᛞᛋᚻᛁᛈᛗᛖᚾ,508
albuminuria,977690,0,ᚪᛚᛒᚢᛗᛁᚾᚢᚱᛡ,486
encroached,977662,0,ᛖᚾᚳᚱᚩᚪᚳᚻᛖᛞ,416
urinalysis,977147,0,ᚢᚱᛁᚾᚪᛚᚣᛋᛁᛋ,484
catabolism,976026,0,ᚳᚪᛏᚪᛒᚩᛚᛁᛋᛗ,562
knowledges,975299,0,ᚳᚾᚩᚹᛚᛖᛞᚷᛖᛋ,434
apostrophe,973798,0,ᚪᛈᚩᛋᛏᚱᚩᛈᚻᛖ,410
forecasted,973207,0,ᚠᚩᚱᛖᚳᚪᛋᛏᛖᛞ,465
likenesses,972990,0,ᛚᛁᚳᛖᚾᛖᛋᛋᛖᛋ,506
resonators,972884,0,ᚱᛖᛋᚩᚾᚪᛏᚩᚱᛋ,394
despondent,972273,0,ᛞᛖᛋᛈᚩᚾᛞᛖᚾᛏ,532
effortless,971880,0,ᛖᚠᚠᚩᚱᛏᛚᛖᛋᛋ,394
stomatitis,971095,0,ᛋᛏᚩᛗᚪᛏᛁᛏᛁᛋ,520
dusseldorf,970806,0,ᛞᚢᛋᛋᛖᛚᛞᚩᚱᚠ,447
horrendous,969704,0,ᚻᚩᚱᚱᛖᚾᛞᚩᚢᛋ,300
perversity,968444,0,ᛈᛖᚱᚢᛖᚱᛋᛁᛏᚣ,448
garrisoned,967606,0,ᚷᚪᚱᚱᛁᛋᚩᚾᛖᛞ,412
bifurcated,966777,0,ᛒᛁᚠᚢᚱᚳᚪᛏᛖᛞ,433
pronominal,963355,0,ᛈᚱᚩᚾᚩᛗᛁᚾᚪᛚ,398
minimalist,962939,0,ᛗᛁᚾᛁᛗᚪᛚᛁᛋᛏ,546
understory,962638,0,ᚢᚾᛞᛖᚱᛋᛏᚩᚱᚣ,432
conferencing,962460,0,ᚳᚩᚾᚠᛖᚱᛖᚾᚳᛝ,317
felicitous,961949,0,ᚠᛖᛚᛁᚳᛁᛏᚩᚢᛋ,339
excavators,961923,0,ᛖᛉᚳᚪᚢᚪᛏᚩᚱᛋ,454
shamefully,961702,0,ᛋᚻᚪᛗᛖᚠᚢᛚᛚᚣ,565
cooperates,961466,0,ᚳᚩᚩᛈᛖᚱᚪᛏᛖᛋ,424
cornstarch,961248,0,ᚳᚩᚱᚾᛋᛏᚪᚱᚳᚻ,316
pegmatites,960315,0,ᛈᛖᚷᛗᚪᛏᛁᛏᛖᛋ,564
resiliency,960120,0,ᚱᛖᛋᛁᛚᛁᛖᚾᚳᚣ,478
inflections,960016,0,ᛁᚾᚠᛚᛖᚳᛏᛡᚾᛋ,463
carnivores,959737,0,ᚳᚪᚱᚾᛁᚢᚩᚱᛖᛋ,322
waitresses,959596,0,ᚹᚪᛁᛏᚱᛖᛋᛋᛖᛋ,510
indentures,958943,0,ᛁᚾᛞᛖᚾᛏᚢᚱᛖᛋ,438
promulgating,958355,0,ᛈᚱᚩᛗᚢᛚᚷᚪᛏᛝ,460
guadeloupe,958110,0,ᚷᚢᚪᛞᛖᛚᚩᚢᛈᛖ,466
phagocytic,956000,0,ᛈᚻᚪᚷᚩᚳᚣᛏᛁᚳ,406
incidences,955750,0,ᛁᚾᚳᛁᛞᛖᚾᚳᛖᛋ,422
buttressed,954740,0,ᛒᚢᛏᛏᚱᛖᛋᛋᛖᛞ,522
pyrimidine,954557,0,ᛈᚣᚱᛁᛗᛁᛞᛁᚾᛖ,506
epistolary,952493,0,ᛖᛈᛁᛋᛏᚩᛚᚪᚱᚣ,544
monoclinic,952022,0,ᛗᚩᚾᚩᚳᛚᛁᚾᛁᚳ,304
apologists,950691,0,ᚪᛈᚩᛚᚩᚷᛁᛋᛏᛋ,440
forecastle,949996,0,ᚠᚩᚱᛖᚳᚪᛋᛏᛚᛖ,449
underbrush,949038,0,ᚢᚾᛞᛖᚱᛒᚱᚢᛋᚻ,350
unreserved,948332,0,ᚢᚾᚱᛖᛋᛖᚱᚢᛖᛞ,400
escapement,948055,0,ᛖᛋᚳᚪᛈᛖᛗᛖᚾᛏ,566
extensible,947311,0,ᛖᛉᛏᛖᚾᛋᛁᛒᛚᛖ,554
epigastric,946787,0,ᛖᛈᛁᚷᚪᛋᛏᚱᛁᚳ,422
presbyters,945927,0,ᛈᚱᛖᛋᛒᚣᛏᛖᚱᛋ,528
redemptions,944813,0,ᚱᛖᛞᛖᛗᛈᛏᛡᚾᛋ,596
desecration,944800,0,ᛞᛖᛋᛖᚳᚱᚪᛏᛡᚾ,592
suboptimal,944762,0,ᛋᚢᛒᚩᛈᛏᛁᛗᚪᛚ,498
cellulosic,943799,0,ᚳᛖᛚᛚᚢᛚᚩᛋᛁᚳ,406
condescend,943651,0,ᚳᚩᚾᛞᛖᛋᚳᛖᚾᛞ,456
reassembled,943273,0,ᚱᛠᛋᛋᛖᛗᛒᛚᛖᛞ,654
stethoscope,942424,0,ᛋᛏᛖᚦᚩᛋᚳᚩᛈᛖ,374
landscaped,941604,0,ᛚᚪᚾᛞᛋᚳᚪᛈᛖᛞ,650
deferential,941408,0,ᛞᛖᚠᛖᚱᛖᚾᛏᛡᛚ,571
grenadiers,940992,0,ᚷᚱᛖᚾᚪᛞᛁᛖᚱᛋ,472
imprudence,940412,0,ᛁᛗᛈᚱᚢᛞᛖᚾᚳᛖ,424
potentiation,939602,0,ᛈᚩᛏᛖᚾᛏᛡᛏᛡᚾ,566
mastication,939125,0,ᛗᚪᛋᛏᛁᚳᚪᛏᛡᚾ,616
astrologer,939073,0,ᚪᛋᛏᚱᚩᛚᚩᚷᛖᚱ,402
epileptics,938311,0,ᛖᛈᛁᛚᛖᛈᛏᛁᚳᛋ,480
incubators,937927,0,ᛁᚾᚳᚢᛒᚪᛏᚩᚱᛋ,364
minuteness,937582,0,ᛗᛁᚾᚢᛏᛖᚾᛖᛋᛋ,462
unpunished,937483,0,ᚢᚾᛈᚢᚾᛁᛋᚻᛖᛞ,370
insinuated,935596,0,ᛁᚾᛋᛁᚾᚢᚪᛏᛖᛞ,488
overcharge,935332,0,ᚩᚢᛖᚱᚳᚻᚪᚱᚷᛖ,316
repatriated,934279,0,ᚱᛖᛈᚪᛏᚱᛡᛏᛖᛞ,610
disulphide,933606,0,ᛞᛁᛋᚢᛚᛈᚻᛁᛞᛖ,502
colchicine,932219,0,ᚳᚩᛚᚳᚻᛁᚳᛁᚾᛖ,300
statically,930628,0,ᛋᛏᚪᛏᛁᚳᚪᛚᛚᚣ,658
calvinists,930360,0,ᚳᚪᛚᚢᛁᚾᛁᛋᛏᛋ,442
millimetre,930253,0,ᛗᛁᛚᛚᛁᛗᛖᛏᚱᛖ,554
sinfulness,929591,0,ᛋᛁᚾᚠᚢᛚᚾᛖᛋᛋ,393
ceaselessly,929533,0,ᚳᛠᛋᛖᛚᛖᛋᛋᛚᚣ,664
impedances,929453,0,ᛁᛗᛈᛖᛞᚪᚾᚳᛖᛋ,560
impositions,928147,0,ᛁᛗᛈᚩᛋᛁᛏᛡᚾᛋ,484
gooseberry,927944,0,ᚷᚩᚩᛋᛖᛒᛖᚱᚱᚣ,404
mastectomy,926963,0,ᛗᚪᛋᛏᛖᚳᛏᚩᛗᚣ,600
eisenstein,925945,0,ᛖᛁᛋᛖᚾᛋᛏᛖᛁᚾ,486
probationer,925552,0,ᛈᚱᚩᛒᚪᛏᛡᚾᛖᚱ,492
appomattox,925454,0,ᚪᛈᛈᚩᛗᚪᛏᛏᚩᛉ,530
subliminal,925182,0,ᛋᚢᛒᛚᛁᛗᛁᚾᚪᛚ,522
theosophical,925036,0,ᚦᛇᛋᚩᛈᚻᛁᚳᚪᛚ,386
pyrrhotite,924960,0,ᛈᚣᚱᚱᚻᚩᛏᛁᛏᛖ,414
dismissive,924659,0,ᛞᛁᛋᛗᛁᛋᛋᛁᚢᛖ,482
stockpiles,923635,0,ᛋᛏᚩᚳᚳᛈᛁᛚᛖᛋ,412
hindenburg,923420,0,ᚻᛁᚾᛞᛖᚾᛒᚢᚱᚷ,360
disentangle,922663,0,ᛞᛁᛋᛖᚾᛏᚪᛝᛚᛖ,644
biosynthetic,922009,0,ᛒᛡᛋᚣᚾᚦᛖᛏᛁᚳ,528
generalist,921215,0,ᚷᛖᚾᛖᚱᚪᛚᛁᛋᛏ,504
insanitary,921210,0,ᛁᚾᛋᚪᚾᛁᛏᚪᚱᚣ,540
photoperiod,920943,0,ᛈᚻᚩᛏᚩᛈᛖᚱᛡᛞ,456
freestanding,920609,0,ᚠᚱᛖᛖᛋᛏᚪᚾᛞᛝ,553
orthodontic,920034,0,ᚩᚱᚦᚩᛞᚩᚾᛏᛁᚳ,258
separatism,919838,0,ᛋᛖᛈᚪᚱᚪᛏᛁᛋᛗ,582
chatterton,919389,0,ᚳᚻᚪᛏᛏᛖᚱᛏᚩᚾ,424
reticulate,918748,0,ᚱᛖᛏᛁᚳᚢᛚᚪᛏᛖ,480
constrains,918406,0,ᚳᚩᚾᛋᛏᚱᚪᛁᚾᛋ,382
confiscate,918247,0,ᚳᚩᚾᚠᛁᛋᚳᚪᛏᛖ,371
caseworker,918076,0,ᚳᚪᛋᛖᚹᚩᚱᚳᛖᚱ,358
maneuvered,918033,0,ᛗᚪᚾᛖᚢᚢᛖᚱᛖᛞ,504
feebleness,917912,0,ᚠᛖᛖᛒᛚᛖᚾᛖᛋᛋ,539
drawbridge,917423,0,ᛞᚱᚪᚹᛒᚱᛁᛞᚷᛖ,492
montessori,917188,0,ᛗᚩᚾᛏᛖᛋᛋᚩᚱᛁ,388
unassigned,916799,0,ᚢᚾᚪᛋᛋᛁᚷᚾᛖᛞ,468
fierceness,916741,0,ᚠᛁᛖᚱᚳᛖᚾᛖᛋᛋ,393
overridden,916174,0,ᚩᚢᛖᚱᚱᛁᛞᛞᛖᚾ,404
televisions,913773,0,ᛏᛖᛚᛖᚢᛁᛋᛡᚾᛋ,542
uncleanness,913200,0,ᚢᚾᚳᛚᛠᚾᚾᛖᛋᛋ,458
legalistic,913178,0,ᛚᛖᚷᚪᛚᛁᛋᛏᛁᚳ,514
tastefully,912660,0,ᛏᚪᛋᛏᛖᚠᚢᛚᛚᚣ,589
indisposed,912064,0,ᛁᚾᛞᛁᛋᛈᚩᛋᛖᛞ,492
macedonians,911889,0,ᛗᚪᚳᛖᛞᚩᚾᛡᚾᛋ,562
skyscraper,911777,0,ᛋᚳᚣᛋᚳᚱᚪᛈᛖᚱ,464
extramural,911414,0,ᛖᛉᛏᚱᚪᛗᚢᚱᚪᛚ,536
quadrangles,911368,0,ᚳᚹᚪᛞᚱᚪᛝᛚᛖᛋ,598
mournfully,910368,0,ᛗᚩᚢᚱᚾᚠᚢᛚᛚᚣ,375
concordant,910190,0,ᚳᚩᚾᚳᚩᚱᛞᚪᚾᛏ,354
stabilised,910072,0,ᛋᛏᚪᛒᛁᛚᛁᛋᛖᛞ,614
unconfined,909989,0,ᚢᚾᚳᚩᚾᚠᛁᚾᛖᛞ,299
admixtures,909370,0,ᚪᛞᛗᛁᛉᛏᚢᚱᛖᛋ,528
workhouses,909222,0,ᚹᚩᚱᚳᚻᚩᚢᛋᛖᛋ,256
surcharges,908339,0,ᛋᚢᚱᚳᚻᚪᚱᚷᛖᛋ,348
revisionism,907827,0,ᚱᛖᚢᛁᛋᛡᚾᛁᛋᛗ,456
encyclical,907339,0,ᛖᚾᚳᚣᚳᛚᛁᚳᚪᛚ,512
mennonites,906885,0,ᛗᛖᚾᚾᚩᚾᛁᛏᛖᛋ,442
briquettes,906798,0,ᛒᚱᛁᚳᚹᛖᛏᛏᛖᛋ,440
reiteration,906357,0,ᚱᛖᛁᛏᛖᚱᚪᛏᛡᚾ,538
misbranded,906104,0,ᛗᛁᛋᛒᚱᚪᚾᛞᛖᛞ,598
supersedeas,905678,0,ᛋᚢᛈᛖᚱᛋᛖᛞᛠᛋ,548
montserrat,905234,0,ᛗᚩᚾᛏᛋᛖᚱᚱᚪᛏ,464
appointive,905210,0,ᚪᛈᛈᚩᛁᚾᛏᛁᚢᛖ,410
reexamined,904179,0,ᚱᛖᛖᛉᚪᛗᛁᚾᛖᛞ,576
landlocked,903160,0,ᛚᚪᚾᛞᛚᚩᚳᚳᛖᛞ,550
virtuosity,903120,0,ᚢᛁᚱᛏᚢᚩᛋᛁᛏᚣ,360
tenaciously,902922,0,ᛏᛖᚾᚪᚳᛡᚢᛋᛚᚣ,604
modulators,902643,0,ᛗᚩᛞᚢᛚᚪᛏᚩᚱᛋ,470
courtyards,902326,0,ᚳᚩᚢᚱᛏᚣᚪᚱᛞᛋ,446
abstentions,901952,0,ᚪᛒᛋᛏᛖᚾᛏᛡᚾᛋ,614
synthesizer,901503,0,ᛋᚣᚾᚦᛖᛋᛁᛋᛖᚱ,472
tombstones,900079,0,ᛏᚩᛗᛒᛋᛏᚩᚾᛖᛋ,466
insinuation,898615,0,ᛁᚾᛋᛁᚾᚢᚪᛏᛡᚾ,468
exasperating,897609,0,ᛖᛉᚪᛋᛈᛖᚱᚪᛏᛝ,620
terminable,896674,0,ᛏᛖᚱᛗᛁᚾᚪᛒᛚᛖ,566
commissure,896600,0,ᚳᚩᛗᛗᛁᛋᛋᚢᚱᛖ,380
balustrade,896065,0,ᛒᚪᛚᚢᛋᛏᚱᚪᛞᛖ,610
vociferous,895859,0,ᚢᚩᚳᛁᚠᛖᚱᚩᚢᛋ,197
anadromous,894944,0,ᚪᚾᚪᛞᚱᚩᛗᚩᚢᛋ,464
ovipositor,894183,0,ᚩᚢᛁᛈᚩᛋᛁᛏᚩᚱ,252
artificers,893489,0,ᚪᚱᛏᛁᚠᛁᚳᛖᚱᛋ,375
blackwater,890997,0,ᛒᛚᚪᚳᚳᚹᚪᛏᛖᚱ,510
tirelessly,890635,0,ᛏᛁᚱᛖᛚᛖᛋᛋᛚᚣ,590
scrutinizing,890419,0,ᛋᚳᚱᚢᛏᛁᚾᛁᛋᛝ,362
oppressions,889905,0,ᚩᛈᛈᚱᛖᛋᛋᛡᚾᛋ,466
cloudiness,889575,0,ᚳᛚᚩᚢᛞᛁᚾᛖᛋᛋ,418
saccharine,889536,0,ᛋᚪᚳᚳᚻᚪᚱᛁᚾᛖ,434
degenerating,889365,0,ᛞᛖᚷᛖᚾᛖᚱᚪᛏᛝ,582
suffocated,887983,0,ᛋᚢᚠᚠᚩᚳᚪᛏᛖᛞ,392
capitalizing,887982,0,ᚳᚪᛈᛁᛏᚪᛚᛁᛋᛝ,576
wherewithal,887330,0,ᚹᚻᛖᚱᛖᚹᛁᚦᚪᛚ,412
microflora,884353,0,ᛗᛁᚳᚱᚩᚠᛚᚩᚱᚪ,323
incorporeal,884318,0,ᛁᚾᚳᚩᚱᛈᚩᚱᛠᛚ,334
condolence,884266,0,ᚳᚩᚾᛞᚩᛚᛖᚾᚳᛖ,394
disbelieve,883765,0,ᛞᛁᛋᛒᛖᛚᛁᛖᚢᛖ,542
hippolytus,883516,0,ᚻᛁᛈᛈᚩᛚᚣᛏᚢᛋ,438
consumable,883007,0,ᚳᚩᚾᛋᚢᛗᚪᛒᛚᛖ,474
inoperable,881729,0,ᛁᚾᚩᛈᛖᚱᚪᛒᛚᛖ,486
legitimize,881611,0,ᛚᛖᚷᛁᛏᛁᛗᛁᛋᛖ,500
deactivation,880728,0,ᛞᛠᚳᛏᛁᚢᚪᛏᛡᚾ,596
salvadoran,879794,0,ᛋᚪᛚᚢᚪᛞᚩᚱᚪᚾ,556
existences,878722,0,ᛖᛉᛁᛋᛏᛖᚾᚳᛖᛋ,486
mobilities,878109,0,ᛗᚩᛒᛁᛚᛁᛏᛁᛖᛋ,484
ejaculated,877464,0,ᛖᛂᚪᚳᚢᛚᚪᛏᛖᛞ,602
cementation,877358,0,ᚳᛖᛗᛖᚾᛏᚪᛏᛡᚾ,598
contenders,877101,0,ᚳᚩᚾᛏᛖᚾᛞᛖᚱᛋ,424
deciphered,874887,1,ᛞᛖᚳᛁᛈᚻᛖᚱᛖᛞ,500
watercraft,874708,0,ᚹᚪᛏᛖᚱᚳᚱᚪᚠᛏ,435
disputants,874070,0,ᛞᛁᛋᛈᚢᛏᚪᚾᛏᛋ,516
counselled,874057,0,ᚳᚩᚢᚾᛋᛖᛚᛚᛖᛞ,474
seismology,873907,0,ᛋᛖᛁᛋᛗᚩᛚᚩᚷᚣ,482
inconstant,873849,0,ᛁᚾᚳᚩᚾᛋᛏᚪᚾᛏ,406
profiteering,873338,0,ᛈᚱᚩᚠᛁᛏᛖᛖᚱᛝ,377
collisional,872834,0,ᚳᚩᛚᛚᛁᛋᛡᚾᚪᛚ,556
diffracted,872672,0,ᛞᛁᚠᚠᚱᚪᚳᛏᛖᛞ,460
advertises,872564,0,ᚪᛞᚢᛖᚱᛏᛁᛋᛖᛋ,530
straighter,872436,0,ᛋᛏᚱᚪᛁᚷᚻᛏᛖᚱ,428
paranormal,872112,0,ᛈᚪᚱᚪᚾᚩᚱᛗᚪᛚ,536
neurogenic,870770,0,ᚾᛖᚢᚱᚩᚷᛖᚾᛁᚳ,274
filmstrips,870367,0,ᚠᛁᛚᛗᛋᛏᚱᛁᛈᛋ,427
franchised,870117,0,ᚠᚱᚪᚾᚳᚻᛁᛋᛖᛞ,415
penitential,869303,0,ᛈᛖᚾᛁᛏᛖᚾᛏᛡᛚ,564
condiments,869008,0,ᚳᚩᚾᛞᛁᛗᛖᚾᛏᛋ,448
diversifying,868926,0,ᛞᛁᚢᛖᚱᛋᛁᚠᚣᛝ,469
feverishly,868881,0,ᚠᛖᚢᛖᚱᛁᛋᚻᛚᚣ,433
stabilizes,868716,0,ᛋᛏᚪᛒᛁᛚᛁᛋᛖᛋ,578
groundmass,868685,0,ᚷᚱᚩᚢᚾᛞᛗᚪᛋᛋ,430
goldfields,867866,0,ᚷᚩᛚᛞᚠᛁᛖᛚᛞᛋ,501
predication,867830,0,ᛈᚱᛖᛞᛁᚳᚪᛏᛡᚾ,546
dimorphism,867731,0,ᛞᛁᛗᚩᚱᛈᚻᛁᛋᛗ,430
anemometer,867373,0,ᚪᚾᛖᛗᚩᛗᛖᛏᛖᚱ,546
metaphoric,865934,0,ᛗᛖᛏᚪᛈᚻᚩᚱᛁᚳ,422
laminations,865886,0,ᛚᚪᛗᛁᚾᚪᛏᛡᚾᛋ,646
auriferous,865466,0,ᚪᚢᚱᛁᚠᛖᚱᚩᚢᛋ,285
adjudicating,863797,0,ᚪᛞᛂᚢᛞᛁᚳᚪᛏᛝ,594
brachiopods,862244,0,ᛒᚱᚪᚳᚻᛡᛈᚩᛞᛋ,504
spheroidal,861920,0,ᛋᛈᚻᛖᚱᚩᛁᛞᚪᛚ,494
extensional,860994,0,ᛖᛉᛏᛖᚾᛋᛡᚾᚪᛚ,628
overshadow,859803,0,ᚩᚢᛖᚱᛋᚻᚪᛞᚩᚹ,376
deliciously,859779,0,ᛞᛖᛚᛁᚳᛡᚢᛋᛚᚣ,612
canvassers,859280,0,ᚳᚪᚾᚢᚪᛋᛋᛖᚱᛋ,476
sweetwater,858343,0,ᛋᚹᛖᛖᛏᚹᚪᛏᛖᚱ,518
hydrolytic,856828,0,ᚻᚣᛞᚱᚩᛚᚣᛏᛁᚳ,512
nonprofits,856655,0,ᚾᚩᚾᛈᚱᚩᚠᛁᛏᛋ,271
concubines,856418,0,ᚳᚩᚾᚳᚢᛒᛁᚾᛖᛋ,306
ontologies,855904,0,ᚩᚾᛏᚩᛚᚩᚷᛁᛖᛋ,350
advantaged,855810,0,ᚪᛞᚢᚪᚾᛏᚪᚷᛖᛞ,644
repetitious,855808,0,ᚱᛖᛈᛖᛏᛁᛏᛡᚢᛋ,500
neurasthenia,854991,0,ᚾᛖᚢᚱᚪᛋᚦᛖᚾᛡ,468
exactitude,854696,0,ᛖᛉᚪᚳᛏᛁᛏᚢᛞᛖ,532
reactivated,854678,0,ᚱᛠᚳᛏᛁᚢᚪᛏᛖᛞ,538
hallelujah,854411,0,ᚻᚪᛚᛚᛖᛚᚢᛂᚪᚻ,566
continence,854227,0,ᚳᚩᚾᛏᛁᚾᛖᚾᚳᛖ,344
consulship,853904,0,ᚳᚩᚾᛋᚢᛚᛋᚻᛁᛈ,328
breakwaters,853253,0,ᛒᚱᛠᚳᚹᚪᛏᛖᚱᛋ,500
spendthrift,853210,0,ᛋᛈᛖᚾᛞᚦᚱᛁᚠᛏ,389
canaanites,852672,0,ᚳᚪᚾᚪᚪᚾᛁᛏᛖᛋ,572
iniquitous,852588,0,ᛁᚾᛁᚳᚹᛁᛏᚩᚢᛋ,276
worshipers,851567,0,ᚹᚩᚱᛋᚻᛁᛈᛖᚱᛋ,318
guarantors,851157,0,ᚷᚢᚪᚱᚪᚾᛏᚩᚱᛋ,384
glycosides,850894,0,ᚷᛚᚣᚳᚩᛋᛁᛞᛖᛋ,506
assemblers,850617,0,ᚪᛋᛋᛖᛗᛒᛚᛖᚱᛋ,606
polychrome,849885,0,ᛈᚩᛚᚣᚳᚻᚱᚩᛗᛖ,418
unstressed,849515,0,ᚢᚾᛋᛏᚱᛖᛋᛋᛖᛞ,484
trochanter,848698,0,ᛏᚱᚩᚳᚻᚪᚾᛏᛖᚱ,376
barrenness,848488,0,ᛒᚪᚱᚱᛖᚾᚾᛖᛋᛋ,478
collimator,848430,0,ᚳᚩᛚᛚᛁᛗᚪᛏᚩᚱ,442
topologies,847021,0,ᛏᚩᛈᚩᛚᚩᚷᛁᛖᛋ,364
aggressions,846788,0,ᚪᚷᚷᚱᛖᛋᛋᛡᚾᛋ,504
emblazoned,846541,0,ᛖᛗᛒᛚᚪᛋᚩᚾᛖᛞ,614
indecisive,846053,0,ᛁᚾᛞᛖᚳᛁᛋᛁᚢᛖ,414
disbarment,845885,0,ᛞᛁᛋᛒᚪᚱᛗᛖᚾᛏ,568
muhammadan,845271,0,ᛗᚢᚻᚪᛗᛗᚪᛞᚪᚾ,648
borderland,844568,0,ᛒᚩᚱᛞᛖᚱᛚᚪᚾᛞ,534
allegories,844384,0,ᚪᛚᛚᛖᚷᚩᚱᛁᛖᛋ,496
liveliness,844303,0,ᛚᛁᚢᛖᛚᛁᚾᛖᛋᛋ,480
pensionable,844203,0,ᛈᛖᚾᛋᛡᚾᚪᛒᛚᛖ,626
covalently,843954,0,ᚳᚩᚢᚪᛚᛖᚾᛏᛚᚣ,524
subscribes,843942,0,ᛋᚢᛒᛋᚳᚱᛁᛒᛖᛋ,406
anticlinal,843509,0,ᚪᚾᛏᛁᚳᛚᛁᚾᚪᛚ,532
calamitous,843329,0,ᚳᚪᛚᚪᛗᛁᛏᚩᚢᛋ,504
kindliness,842704,0,ᚳᛁᚾᛞᛚᛁᚾᛖᛋᛋ,468
hygienists,842184,0,ᚻᚣᚷᛁᛖᚾᛁᛋᛏᛋ,466
cellulitis,841982,0,ᚳᛖᛚᛚᚢᛚᛁᛏᛁᛋ,476
unweighted,841775,0,ᚢᚾᚹᛖᛁᚷᚻᛏᛖᛞ,404
menopausal,841586,0,ᛗᛖᚾᚩᛈᚪᚢᛋᚪᛚ,540
rosenzweig,841430,0,ᚱᚩᛋᛖᚾᛋᚹᛖᛁᚷ,354
schoolboys,841325,0,ᛋᚳᚻᚩᚩᛚᛒᚩᚣᛋ,400
annuitants,841207,0,ᚪᚾᚾᚢᛁᛏᚪᚾᛏᛋ,486
astrocytes,840344,0,ᚪᛋᛏᚱᚩᚳᚣᛏᛖᛋ,522
acetylation,840336,0,ᚪᚳᛖᛏᚣᛚᚪᛏᛡᚾ,704
proximally,840201,0,ᛈᚱᚩᛉᛁᛗᚪᛚᛚᚣ,556
twelvemonth,839383,0,ᛏᚹᛖᛚᚢᛖᛗᚩᚾᚦ,400
savonarola,839039,0,ᛋᚪᚢᚩᚾᚪᚱᚩᛚᚪ,474
shareholding,838898,0,ᛋᚻᚪᚱᛖᚻᚩᛚᛞᛝ,522
annoyances,838265,0,ᚪᚾᚾᚩᚣᚪᚾᚳᛖᛋ,524
almshouses,837415,0,ᚪᛚᛗᛋᚻᚩᚢᛋᛖᛋ,500
carthaginian,837357,0,ᚳᚪᚱᚦᚪᚷᛁᚾᛡᚾ,436
pathologies,837110,0,ᛈᚪᚦᚩᛚᚩᚷᛁᛖᛋ,400
demagogues,836990,0,ᛞᛖᛗᚪᚷᚩᚷᚢᛖᛋ,488
commandery,836615,0,ᚳᚩᛗᛗᚪᚾᛞᛖᚱᚣ,558
vulcanized,836481,0,ᚢᚢᛚᚳᚪᚾᛁᛋᛖᛞ,458
strabismus,836248,0,ᛋᛏᚱᚪᛒᛁᛋᛗᚢᛋ,492
regulative,836212,0,ᚱᛖᚷᚢᛚᚪᛏᛁᚢᛖ,428
holography,835302,0,ᚻᚩᛚᚩᚷᚱᚪᛈᚻᚣ,404
gynaecology,834058,0,ᚷᚣᚾᚫᚳᚩᛚᚩᚷᚣ,470
desiccated,833952,0,ᛞᛖᛋᛁᚳᚳᚪᛏᛖᛞ,578
alligators,833849,0,ᚪᛚᛚᛁᚷᚪᛏᚩᚱᛋ,518
proportioning,831922,0,ᛈᚱᚩᛈᚩᚱᛏᛡᚾᛝ,396
disservice,831508,0,ᛞᛁᛋᛋᛖᚱᚢᛁᚳᛖ,418
eosinophilia,830943,0,ᛇᛋᛁᚾᚩᛈᚻᛁᛚᛡ,438
expandable,830809,0,ᛖᛉᛈᚪᚾᛞᚪᛒᛚᛖ,670
dereliction,830784,0,ᛞᛖᚱᛖᛚᛁᚳᛏᛡᚾ,546
palpitation,830228,0,ᛈᚪᛚᛈᛁᛏᚪᛏᛡᚾ,638
rescheduling,830213,0,ᚱᛖᛋᚳᚻᛖᛞᚢᛚᛝ,478
platitudes,829843,0,ᛈᛚᚪᛏᛁᛏᚢᛞᛖᛋ,574
coursework,829425,0,ᚳᚩᚢᚱᛋᛖᚹᚩᚱᚳ,204
unassisted,829169,0,ᚢᚾᚪᛋᛋᛁᛋᛏᛖᛞ,534
obituaries,827632,0,ᚩᛒᛁᛏᚢᚪᚱᛁᛖᛋ,420
tourniquet,827192,0,ᛏᚩᚢᚱᚾᛁᚳᚹᛖᛏ,298
shorelines,826786,0,ᛋᚻᚩᚱᛖᛚᛁᚾᛖᛋ,414
kyrgyzstan,826639,0,ᚳᚣᚱᚷᚣᛋᛋᛏᚪᚾ,538
avalanches,826161,0,ᚪᚢᚪᛚᚪᚾᚳᚻᛖᛋ,552
sunflowers,826068,0,ᛋᚢᚾᚠᛚᚩᚹᛖᚱᛋ,317
disneyland,825189,0,ᛞᛁᛋᚾᛖᚣᛚᚪᚾᛞ,660
anaesthetics,825137,0,ᚪᚾᚫᛋᚦᛖᛏᛁᚳᛋ,508
marshalled,825025,0,ᛗᚪᚱᛋᚻᚪᛚᛚᛖᛞ,654
calcination,824000,0,ᚳᚪᛚᚳᛁᚾᚪᛏᛡᚾ,548
acrimonious,823698,0,ᚪᚳᚱᛁᛗᚩᚾᛡᚢᛋ,422
underclass,823355,0,ᚢᚾᛞᛖᚱᚳᛚᚪᛋᛋ,488
deliberating,822702,0,ᛞᛖᛚᛁᛒᛖᚱᚪᛏᛝ,634
scoundrels,821667,0,ᛋᚳᚩᚢᚾᛞᚱᛖᛚᛋ,398
legibility,821475,0,ᛚᛖᚷᛁᛒᛁᛚᛁᛏᚣ,546
bodyguards,821074,0,ᛒᚩᛞᚣᚷᚢᚪᚱᛞᛋ,530
paracelsus,820281,0,ᛈᚪᚱᚪᚳᛖᛚᛋᚢᛋ,510
statecraft,819964,0,ᛋᛏᚪᛏᛖᚳᚱᚪᚠᛏ,517
redirection,819902,0,ᚱᛖᛞᛁᚱᛖᚳᛏᛡᚾ,484
misapplied,819878,0,ᛗᛁᛋᚪᛈᛈᛚᛁᛖᛞ,598
tocopherol,818446,0,ᛏᚩᚳᚩᛈᚻᛖᚱᚩᛚ,310
syndication,818197,0,ᛋᚣᚾᛞᛁᚳᚪᛏᛡᚾ,610
clementine,816730,0,ᚳᛚᛖᛗᛖᚾᛏᛁᚾᛖ,506
hamburgers,815665,0,ᚻᚪᛗᛒᚢᚱᚷᛖᚱᛋ,414
radiologist,815634,0,ᚱᚪᛞᛡᛚᚩᚷᛁᛋᛏ,544
fingerprinting,814591,0,ᚠᛝᛖᚱᛈᚱᛁᚾᛏᛝ,411
cultivates,814255,0,ᚳᚢᛚᛏᛁᚢᚪᛏᛖᛋ,458
democritus,813672,0,ᛞᛖᛗᚩᚳᚱᛁᛏᚢᛋ,404
quantifier,813637,0,ᚳᚹᚪᚾᛏᛁᚠᛁᛖᚱ,359
conjointly,813299,0,ᚳᚩᚾᛂᚩᛁᚾᛏᛚᚣ,388
guantanamo,812925,0,ᚷᚢᚪᚾᛏᚪᚾᚪᛗᚩ,506
cartoonist,812922,0,ᚳᚪᚱᛏᚩᚩᚾᛁᛋᛏ,366
doorkeeper,812195,0,ᛞᚩᚩᚱᚳᛖᛖᛈᛖᚱ,382
heraclitus,811732,0,ᚻᛖᚱᚪᚳᛚᛁᛏᚢᛋ,430
undercutting,811726,0,ᚢᚾᛞᛖᚱᚳᚢᛏᛏᛝ,412
hypertonic,811288,0,ᚻᚣᛈᛖᚱᛏᚩᚾᛁᚳ,386
coalfields,810458,0,ᚳᚩᚪᛚᚠᛁᛖᛚᛞᛋ,505
habituated,810304,0,ᚻᚪᛒᛁᛏᚢᚪᛏᛖᛞ,586
culbertson,809965,0,ᚳᚢᛚᛒᛖᚱᛏᛋᚩᚾ,376
heroically,809801,0,ᚻᛖᚱᚩᛁᚳᚪᛚᛚᚣ,498
disdainful,809309,0,ᛞᛁᛋᛞᚪᛁᚾᚠᚢᛚ,497
empiricist,809207,0,ᛖᛗᛈᛁᚱᛁᚳᛁᛋᛏ,410
categorizing,809069,0,ᚳᚪᛏᛖᚷᚩᚱᛁᛋᛝ,434
relocations,808702,0,ᚱᛖᛚᚩᚳᚪᛏᛡᚾᛋ,516
freemasons,808281,0,ᚠᚱᛖᛖᛗᚪᛋᚩᚾᛋ,457
luminaries,807203,0,ᛚᚢᛗᛁᚾᚪᚱᛁᛖᛋ,466
geniculate,807099,0,ᚷᛖᚾᛁᚳᚢᛚᚪᛏᛖ,456
remodelled,806933,0,ᚱᛖᛗᚩᛞᛖᛚᛚᛖᛞ,614
plasterers,806907,0,ᛈᛚᚪᛋᛏᛖᚱᛖᚱᛋ,534
rootstocks,806578,0,ᚱᚩᚩᛏᛋᛏᚩᚳᚳᛋ,282
chauvinism,806301,0,ᚳᚻᚪᚢᚢᛁᚾᛁᛋᛗ,354
commonalty,805450,0,ᚳᚩᛗᛗᚩᚾᚪᛚᛏᚣ,530
quadrupled,805432,0,ᚳᚹᚪᛞᚱᚢᛈᛚᛖᛞ,504
egocentric,805316,0,ᛖᚷᚩᚳᛖᚾᛏᚱᛁᚳ,314
incantation,804377,0,ᛁᚾᚳᚪᚾᛏᚪᛏᛡᚾ,550
accuracies,804053,0,ᚪᚳᚳᚢᚱᚪᚳᛁᛖᛋ,398
detestation,803911,0,ᛞᛖᛏᛖᛋᛏᚪᛏᛡᚾ,686
compunction,803885,0,ᚳᚩᛗᛈᚢᚾᚳᛏᛡᚾ,374
unprovoked,803865,0,ᚢᚾᛈᚱᚩᚢᚩᚳᛖᛞ,272
handedness,802069,0,ᚻᚪᚾᛞᛖᛞᚾᛖᛋᛋ,596
disheartening,801796,0,ᛞᛁᛋᚻᛠᚱᛏᛖᚾᛝ,550
adulterous,800700,0,ᚪᛞᚢᛚᛏᛖᚱᚩᚢᛋ,462
absolutist,800579,0,ᚪᛒᛋᚩᛚᚢᛏᛁᛋᛏ,496
internodes,800047,0,ᛁᚾᛏᛖᚱᚾᚩᛞᛖᛋ,442
unbuttoned,799335,0,ᚢᚾᛒᚢᛏᛏᚩᚾᛖᛞ,406
freighters,799041,0,ᚠᚱᛖᛁᚷᚻᛏᛖᚱᛋ,341
challengers,798822,0,ᚳᚻᚪᛚᛚᛖᛝᛖᚱᛋ,556
timberland,798129,0,ᛏᛁᛗᛒᛖᚱᛚᚪᚾᛞ,588
multiracial,798129,0,ᛗᚢᛚᛏᛁᚱᚪᚳᛡᛚ,538
transmuted,798092,0,ᛏᚱᚪᚾᛋᛗᚢᛏᛖᛞ,538
sacerdotal,797574,0,ᛋᚪᚳᛖᚱᛞᚩᛏᚪᛚ,566
amphitheater,796661,0,ᚪᛗᛈᚻᛁᚦᛠᛏᛖᚱ,516
recitative,796567,0,ᚱᛖᚳᛁᛏᚪᛏᛁᚢᛖ,438
malinowski,796214,0,ᛗᚪᛚᛁᚾᚩᚹᛋᚳᛁ,424
conscripts,795448,0,ᚳᚩᚾᛋᚳᚱᛁᛈᛏᛋ,312
dissections,794407,0,ᛞᛁᛋᛋᛖᚳᛏᛡᚾᛋ,554
moralistic,794283,0,ᛗᚩᚱᚪᛚᛁᛋᛏᛁᚳ,446
hypnotized,794271,0,ᚻᚣᛈᚾᚩᛏᛁᛋᛖᛞ,504
atomization,793386,0,ᚪᛏᚩᛗᛁᛋᚪᛏᛡᚾ,610
shrivelled,793379,0,ᛋᚻᚱᛁᚢᛖᛚᛚᛖᛞ,490
gatekeeper,792347,0,ᚷᚪᛏᛖᚳᛖᛖᛈᛖᚱ,508
biogeography,791600,0,ᛒᛡᚷᛇᚷᚱᚪᛈᚻᚣ,520
centralizing,791561,0,ᚳᛖᚾᛏᚱᚪᛚᛁᛋᛝ,512
brandywine,790861,0,ᛒᚱᚪᚾᛞᚣᚹᛁᚾᛖ,536
sufferance,790726,0,ᛋᚢᚠᚠᛖᚱᚪᚾᚳᛖ,344
snowmobile,790699,0,ᛋᚾᚩᚹᛗᚩᛒᛁᛚᛖ,418
uninfected,790694,0,ᚢᚾᛁᚾᚠᛖᚳᛏᛖᛞ,389
nonsmokers,790539,0,ᚾᚩᚾᛋᛗᚩᚳᛖᚱᛋ,340
groundnuts,790371,0,ᚷᚱᚩᚢᚾᛞᚾᚢᛏᛋ,300
proteolysis,788963,0,ᛈᚱᚩᛏᛇᛚᚣᛋᛁᛋ,474
poindexter,787383,0,ᛈᚩᛁᚾᛞᛖᛉᛏᛖᚱ,450
epididymis,786916,0,ᛖᛈᛁᛞᛁᛞᚣᛗᛁᛋ,608
sandalwood,785769,0,ᛋᚪᚾᛞᚪᛚᚹᚩᚩᛞ,560
pejorative,785756,0,ᛈᛖᛂᚩᚱᚪᛏᛁᚢᛖ,422
polarities,785620,0,ᛈᚩᛚᚪᚱᛁᛏᛁᛖᛋ,472
proteinase,785485,0,ᛈᚱᚩᛏᛖᛁᚾᚪᛋᛖ,464
stretchers,785197,0,ᛋᛏᚱᛖᛏᚳᚻᛖᚱᛋ,416
anchorages,784369,0,ᚪᚾᚳᚻᚩᚱᚪᚷᛖᛋ,414
acetabulum,783213,0,ᚪᚳᛖᛏᚪᛒᚢᛚᚢᛗ,544
premonition,783184,0,ᛈᚱᛖᛗᚩᚾᛁᛏᛡᚾ,454
rationalizing,782883,0,ᚱᚪᛏᛡᚾᚪᛚᛁᛋᛝ,636
lavatories,781100,0,ᛚᚪᚢᚪᛏᚩᚱᛁᛖᛋ,498
antagonize,780712,0,ᚪᚾᛏᚪᚷᚩᚾᛁᛋᛖ,486
pasteboard,780477,0,ᛈᚪᛋᛏᛖᛒᚩᚪᚱᛞ,584
advisement,780041,0,ᚪᛞᚢᛁᛋᛖᛗᛖᚾᛏ,566
vicariously,779050,0,ᚢᛁᚳᚪᚱᛡᚢᛋᛚᚣ,494
monogamous,779000,0,ᛗᚩᚾᚩᚷᚪᛗᚩᚢᛋ,362
gadolinium,778701,0,ᚷᚪᛞᚩᛚᛁᚾᛁᚢᛗ,448
albuminous,778544,0,ᚪᛚᛒᚢᛗᛁᚾᚩᚢᛋ,428
slanderous,777496,0,ᛋᛚᚪᚾᛞᛖᚱᚩᚢᛋ,482
villainous,776525,0,ᚢᛁᛚᛚᚪᛁᚾᚩᚢᛋ,400
bichromate,776392,0,ᛒᛁᚳᚻᚱᚩᛗᚪᛏᛖ,440
dichromate,775170,0,ᛞᛁᚳᚻᚱᚩᛗᚪᛏᛖ,468
paramedics,774665,0,ᛈᚪᚱᚪᛗᛖᛞᛁᚳᛋ,572
irreligious,774654,0,ᛁᚱᚱᛖᛚᛁᚷᛡᚢᛋ,404
gastropods,774557,0,ᚷᚪᛋᛏᚱᚩᛈᚩᛞᛋ,436
innervated,774435,0,ᛁᚾᚾᛖᚱᚢᚪᛏᛖᛞ,482
amputations,774251,0,ᚪᛗᛈᚢᛏᚪᛏᛡᚾᛋ,618
malfeasance,772334,0,ᛗᚪᛚᚠᛠᛋᚪᚾᚳᛖ,611
neuropathic,772086,0,ᚾᛖᚢᚱᚩᛈᚪᚦᛁᚳ,306
breadwinner,771154,0,ᛒᚱᛠᛞᚹᛁᚾᚾᛖᚱ,456
futuristic,769939,0,ᚠᚢᛏᚢᚱᛁᛋᛏᛁᚳ,265
galvanised,769660,0,ᚷᚪᛚᚢᚪᚾᛁᛋᛖᛞ,556
masquerading,769393,0,ᛗᚪᛋᚳᚹᛖᚱᚪᛞᛝ,596
mesmerized,768839,0,ᛗᛖᛋᛗᛖᚱᛁᛋᛖᛞ,580
inpatients,768618,0,ᛁᚾᛈᚪᛏᛁᛖᚾᛏᛋ,498
bestseller,768269,0,ᛒᛖᛋᛏᛋᛖᛚᛚᛖᚱ,584
feloniously,768005,0,ᚠᛖᛚᚩᚾᛡᚢᛋᛚᚣ,517
handcuffed,766868,0,ᚻᚪᚾᛞᚳᚢᚠᚠᛖᛞ,414
zarathustra,766840,0,ᛋᚪᚱᚪᚦᚢᛋᛏᚱᚪ,486
modernists,766804,0,ᛗᚩᛞᛖᚱᚾᛁᛋᛏᛋ,470
indonesians,766644,0,ᛁᚾᛞᚩᚾᛖᛋᛡᚾᛋ,494
circularly,766284,0,ᚳᛁᚱᚳᚢᛚᚪᚱᛚᚣ,428
paraphrasing,766204,0,ᛈᚪᚱᚪᛈᚻᚱᚪᛋᛝ,554
multiphase,766172,0,ᛗᚢᛚᛏᛁᛈᚻᚪᛋᛖ,520
salutations,765517,0,ᛋᚪᛚᚢᛏᚪᛏᛡᚾᛋ,630
pyridoxine,763917,0,ᛈᚣᚱᛁᛞᚩᛉᛁᚾᛖ,458
sleepiness,762748,0,ᛋᛚᛖᛖᛈᛁᚾᛖᛋᛋ,536
replenishing,760068,0,ᚱᛖᛈᛚᛖᚾᛁᛋᚻᛝ,476
munificent,759603,0,ᛗᚢᚾᛁᚠᛁᚳᛖᚾᛏ,335
hemostasis,759569,0,ᚻᛖᛗᚩᛋᛏᚪᛋᛁᛋ,514
forewarned,759486,0,ᚠᚩᚱᛖᚹᚪᚱᚾᛖᛞ,399
persephone,758948,0,ᛈᛖᚱᛋᛖᛈᚻᚩᚾᛖ,410
pakistanis,757822,0,ᛈᚪᚳᛁᛋᛏᚪᚾᛁᛋ,506
bricklayer,757788,0,ᛒᚱᛁᚳᚳᛚᚪᚣᛖᚱ,480
mortgagors,757068,0,ᛗᚩᚱᛏᚷᚪᚷᚩᚱᛋ,350
injectable,756843,0,ᛁᚾᛂᛖᚳᛏᚪᛒᛚᛖ,534
ameliorated,756236,0,ᚪᛗᛖᛚᛡᚱᚪᛏᛖᛞ,738
solemnized,755879,0,ᛋᚩᛚᛖᛗᚾᛁᛋᛖᛞ,540
adjectival,755764,0,ᚪᛞᛂᛖᚳᛏᛁᚢᚪᛚ,566
chardonnay,754833,0,ᚳᚻᚪᚱᛞᚩᚾᚾᚪᚣ,498
interludes,754485,0,ᛁᚾᛏᛖᚱᛚᚢᛞᛖᛋ,482
graduations,753206,0,ᚷᚱᚪᛞᚢᚪᛏᛡᚾᛋ,562
emancipate,752402,0,ᛖᛗᚪᚾᚳᛁᛈᚪᛏᛖ,574
highlander,752150,0,ᚻᛁᚷᚻᛚᚪᚾᛞᛖᚱ,460
blackbirds,751663,0,ᛒᛚᚪᚳᚳᛒᛁᚱᛞᛋ,502
abstractly,751042,0,ᚪᛒᛋᛏᚱᚪᚳᛏᛚᚣ,626
compositor,750961,0,ᚳᚩᛗᛈᚩᛋᛁᛏᚩᚱ,302
behaviorism,749585,0,ᛒᛖᚻᚪᚢᛡᚱᛁᛋᛗ,524
modulations,749563,0,ᛗᚩᛞᚢᛚᚪᛏᛡᚾᛋ,588
boyfriends,749504,0,ᛒᚩᚣᚠᚱᛁᛖᚾᛞᛋ,453
unbreakable,749502,0,ᚢᚾᛒᚱᛠᚳᚪᛒᛚᛖ,524
curvatures,749200,0,ᚳᚢᚱᚢᚪᛏᚢᚱᛖᛋ,320
recollecting,748816,0,ᚱᛖᚳᚩᛚᛚᛖᚳᛏᛝ,462
untroubled,748778,0,ᚢᚾᛏᚱᚩᚢᛒᛚᛖᛞ,402
altarpiece,747371,0,ᚪᛚᛏᚪᚱᛈᛁᛖᚳᛖ,558
humorously,746622,0,ᚻᚢᛗᚩᚱᚩᚢᛋᛚᚣ,354
slaveholding,746487,0,ᛋᛚᚪᚢᛖᚻᚩᛚᛞᛝ,564
broadsides,746124,0,ᛒᚱᚩᚪᛞᛋᛁᛞᛖᛋ,558
dressmaker,745831,0,ᛞᚱᛖᛋᛋᛗᚪᚳᛖᚱ,532
imputations,745499,0,ᛁᛗᛈᚢᛏᚪᛏᛡᚾᛋ,552
orphanages,745296,0,ᚩᚱᛈᚻᚪᚾᚪᚷᛖᛋ,444
immoderate,744569,0,ᛁᛗᛗᚩᛞᛖᚱᚪᛏᛖ,570
glasshouse,744465,0,ᚷᛚᚪᛋᛋᚻᚩᚢᛋᛖ,446
profundity,742459,0,ᛈᚱᚩᚠᚢᚾᛞᛁᛏᚣ,377
streamlines,741998,0,ᛋᛏᚱᛠᛗᛚᛁᚾᛖᛋ,556
allegiances,741969,0,ᚪᛚᛚᛖᚷᛡᚾᚳᛖᛋ,596
unhindered,741768,0,ᚢᚾᚻᛁᚾᛞᛖᚱᛖᛞ,438
reverential,741602,0,ᚱᛖᚢᛖᚱᛖᚾᛏᛡᛚ,494
spasticity,741553,0,ᛋᛈᚪᛋᛏᛁᚳᛁᛏᚣ,542
comminuted,741215,0,ᚳᚩᛗᛗᛁᚾᚢᛏᛖᛞ,440
burckhardt,741047,0,ᛒᚢᚱᚳᚳᚻᚪᚱᛞᛏ,380
monologues,741045,0,ᛗᚩᚾᚩᛚᚩᚷᚢᛖᛋ,334
synchronic,740789,0,ᛋᚣᚾᚳᚻᚱᚩᚾᛁᚳ,312
enumerator,740043,0,ᛖᚾᚢᛗᛖᚱᚪᛏᚩᚱ,422
gallstones,739999,0,ᚷᚪᛚᛚᛋᛏᚩᚾᛖᛋ,528
unrequited,739867,0,ᚢᚾᚱᛖᚳᚹᛁᛏᛖᛞ,388
stipendiary,739796,0,ᛋᛏᛁᛈᛖᚾᛞᛡᚱᚣ,592
breakfasted,739725,0,ᛒᚱᛠᚳᚠᚪᛋᛏᛖᛞ,561
upanishads,739686,0,ᚢᛈᚪᚾᛁᛋᚻᚪᛞᛋ,518
apolitical,739506,0,ᚪᛈᚩᛚᛁᛏᛁᚳᚪᛚ,524
bulldozers,738151,0,ᛒᚢᛚᛚᛞᚩᛋᛖᚱᛋ,490
parachutes,738110,0,ᛈᚪᚱᚪᚳᚻᚢᛏᛖᛋ,466
tracheotomy,738105,0,ᛏᚱᚪᚳᚻᛇᛏᚩᛗᚣ,484
artichokes,737821,0,ᚪᚱᛏᛁᚳᚻᚩᚳᛖᛋ,374
mythologies,737723,0,ᛗᚣᚦᚩᛚᚩᚷᛁᛖᛋ,434
strindberg,737651,0,ᛋᛏᚱᛁᚾᛞᛒᛖᚱᚷ,428
mitterrand,735972,0,ᛗᛁᛏᛏᛖᚱᚱᚪᚾᛞ,524
undigested,735899,0,ᚢᚾᛞᛁᚷᛖᛋᛏᛖᛞ,504
coherently,735199,0,ᚳᚩᚻᛖᚱᛖᚾᛏᛚᚣ,452
suzerainty,735074,0,ᛋᚢᛋᛖᚱᚪᛁᚾᛏᚣ,506
mechanised,734898,0,ᛗᛖᚳᚻᚪᚾᛁᛋᛖᛞ,540
kinesthetic,734695,0,ᚳᛁᚾᛖᛋᚦᛖᛏᛁᚳ,368
sweeteners,734533,0,ᛋᚹᛖᛖᛏᛖᚾᛖᚱᛋ,492
greenbrier,733939,0,ᚷᚱᛖᛖᚾᛒᚱᛁᛖᚱ,372
carbonized,733198,0,ᚳᚪᚱᛒᚩᚾᛁᛋᛖᛞ,458
ulcerations,732583,0,ᚢᛚᚳᛖᚱᚪᛏᛡᚾᛋ,512
quadriceps,732073,0,ᚳᚹᚪᛞᚱᛁᚳᛖᛈᛋ,436
stagecoach,731586,0,ᛋᛏᚪᚷᛖᚳᚩᚪᚳᚻ,446
interleaved,731366,0,ᛁᚾᛏᛖᚱᛚᛠᚢᛖᛞ,538
homogenate,730693,0,ᚻᚩᛗᚩᚷᛖᚾᚪᛏᛖ,444
repositioning,730415,0,ᚱᛖᛈᚩᛋᛁᛏᛡᚾᛝ,486
traitorous,730308,0,ᛏᚱᚪᛁᛏᚩᚱᚩᚢᛋ,338
hindustani,729795,0,ᚻᛁᚾᛞᚢᛋᛏᚪᚾᛁ,444
prebendary,729637,0,ᛈᚱᛖᛒᛖᚾᛞᚪᚱᚣ,578
liberalizing,729521,0,ᛚᛁᛒᛖᚱᚪᛚᛁᛋᛝ,576
roundhouse,729121,0,ᚱᚩᚢᚾᛞᚻᚩᚢᛋᛖ,292
geopolitics,729089,0,ᚷᛇᛈᚩᛚᛁᛏᛁᚳᛋ,368
dedicatory,728987,0,ᛞᛖᛞᛁᚳᚪᛏᚩᚱᚣ,566
technetium,728852,0,ᛏᛖᚳᚻᚾᛖᛏᛁᚢᛗ,422
typologies,727733,0,ᛏᚣᛈᚩᛚᚩᚷᛁᛖᛋ,460
invalidating,726793,0,ᛁᚾᚢᚪᛚᛁᛞᚪᛏᛝ,588
unrighteous,726525,0,ᚢᚾᚱᛁᚷᚻᛏᛇᚢᛋ,270
diamagnetic,726241,0,ᛞᛡᛗᚪᚷᚾᛖᛏᛁᚳ,580
barefooted,725481,0,ᛒᚪᚱᛖᚠᚩᚩᛏᛖᛞ,467
polyphonic,725354,0,ᛈᚩᛚᚣᛈᚻᚩᚾᛁᚳ,372
pistillate,725169,0,ᛈᛁᛋᛏᛁᛚᛚᚪᛏᛖ,586
officialdom,724975,0,ᚩᚠᚠᛁᚳᛡᛚᛞᚩᛗ,402
wonderment,724765,0,ᚹᚩᚾᛞᛖᚱᛗᛖᚾᛏ,448
trabecular,724448,0,ᛏᚱᚪᛒᛖᚳᚢᛚᚪᚱ,492
mismatched,724418,0,ᛗᛁᛋᛗᚪᛏᚳᚻᛖᛞ,574
hydrometer,724243,0,ᚻᚣᛞᚱᚩᛗᛖᛏᛖᚱ,508
industrials,723899,0,ᛁᚾᛞᚢᛋᛏᚱᛡᛚᛋ,508
dedications,723263,0,ᛞᛖᛞᛁᚳᚪᛏᛡᚾᛋ,634
brainstorm,723245,0,ᛒᚱᚪᛁᚾᛋᛏᚩᚱᛗ,430
acclimation,722243,0,ᚪᚳᚳᛚᛁᛗᚪᛏᛡᚾ,590
reevaluate,721833,0,ᚱᛖᛖᚢᚪᛚᚢᚪᛏᛖ,544
sporulation,720826,0,ᛋᛈᚩᚱᚢᛚᚪᛏᛡᚾ,482
pheromones,720018,0,ᛈᚻᛖᚱᚩᛗᚩᚾᛖᛋ,378
surplusage,719886,0,ᛋᚢᚱᛈᛚᚢᛋᚪᚷᛖ,420
achromatic,719686,0,ᚪᚳᚻᚱᚩᛗᚪᛏᛁᚳ,422
roadblocks,719510,0,ᚱᚩᚪᛞᛒᛚᚩᚳᚳᛋ,424
oscillates,719357,0,ᚩᛋᚳᛁᛚᛚᚪᛏᛖᛋ,526
tuberosity,718976,0,ᛏᚢᛒᛖᚱᚩᛋᛁᛏᚣ,454
signalized,718840,0,ᛋᛁᚷᚾᚪᛚᛁᛋᛖᛞ,540
unprovided,718198,0,ᚢᚾᛈᚱᚩᚢᛁᛞᛖᛞ,372
perpetrate,718068,0,ᛈᛖᚱᛈᛖᛏᚱᚪᛏᛖ,524
sheepishly,718058,0,ᛋᚻᛖᛖᛈᛁᛋᚻᛚᚣ,536
exportable,716901,0,ᛖᛉᛈᚩᚱᛏᚪᛒᛚᛖ,532
hypophysis,716352,0,ᚻᚣᛈᚩᛈᚻᚣᛋᛁᛋ,482
armageddon,716218,0,ᚪᚱᛗᚪᚷᛖᛞᛞᚩᚾ,574
splanchnic,715359,0,ᛋᛈᛚᚪᚾᚳᚻᚾᛁᚳ,404
catholicity,714385,0,ᚳᚪᚦᚩᛚᛁᚳᛁᛏᚣ,432
wilhelmina,714283,0,ᚹᛁᛚᚻᛖᛚᛗᛁᚾᚪ,514
norristown,714025,0,ᚾᚩᚱᚱᛁᛋᛏᚩᚹᚾ,256
dispirited,713644,0,ᛞᛁᛋᛈᛁᚱᛁᛏᛖᛞ,504
orthostatic,713556,0,ᚩᚱᚦᚩᛋᛏᚪᛏᛁᚳ,342
wheresoever,713423,0,ᚹᚻᛖᚱᛖᛋᛟᚢᛖᚱ,404
gnosticism,713101,0,ᚷᚾᚩᛋᛏᛁᚳᛁᛋᛗ,364
acceptably,711571,0,ᚪᚳᚳᛖᛈᛏᚪᛒᛚᚣ,626
quiescence,710878,0,ᚳᚹᛁᛖᛋᚳᛖᚾᚳᛖ,372
computable,710871,0,ᚳᚩᛗᛈᚢᛏᚪᛒᛚᛖ,494
micturition,710367,0,ᛗᛁᚳᛏᚢᚱᛁᛏᛡᚾ,414
invocations,710128,0,ᛁᚾᚢᚩᚳᚪᛏᛡᚾᛋ,428
deformable,708295,0,ᛞᛖᚠᚩᚱᛗᚪᛒᛚᛖ,545
extirpated,708128,0,ᛖᛉᛏᛁᚱᛈᚪᛏᛖᛞ,570
salinities,707199,0,ᛋᚪᛚᛁᚾᛁᛏᛁᛖᛋ,524
cultivable,706331,0,ᚳᚢᛚᛏᛁᚢᚪᛒᛚᛖ,480
liberalize,705404,0,ᛚᛁᛒᛖᚱᚪᛚᛁᛋᛖ,564
snowflakes,704840,0,ᛋᚾᚩᚹᚠᛚᚪᚳᛖᛋ,413
unevenness,704800,0,ᚢᚾᛖᚢᛖᚾᚾᛖᛋᛋ,400
publicists,704427,0,ᛈᚢᛒᛚᛁᚳᛁᛋᛏᛋ,420
hottentots,703910,0,ᚻᚩᛏᛏᛖᚾᛏᚩᛏᛋ,422
bishoprics,703465,0,ᛒᛁᛋᚻᚩᛈᚱᛁᚳᛋ,326
unbeliever,703183,0,ᚢᚾᛒᛖᛚᛁᛖᚢᛖᚱ,412
unquestioning,702763,0,ᚢᚾᚳᚹᛖᛋᛏᛡᚾᛝ,458
agronomist,702315,0,ᚪᚷᚱᚩᚾᚩᛗᛁᛋᛏ,382
phagocytes,702118,0,ᛈᚻᚪᚷᚩᚳᚣᛏᛖᛋ,482
fissionable,701828,0,ᚠᛁᛋᛋᛡᚾᚪᛒᛚᛖ,573
phrenology,701752,0,ᛈᚻᚱᛖᚾᚩᛚᚩᚷᚣ,380
councilors,701708,0,ᚳᚩᚢᚾᚳᛁᛚᚩᚱᛋ,240
flycatcher,700631,0,ᚠᛚᚣᚳᚪᛏᚳᚻᛖᚱ,461
outperform,698717,0,ᚩᚢᛏᛈᛖᚱᚠᚩᚱᛗ,281
copernican,698300,0,ᚳᚩᛈᛖᚱᚾᛁᚳᚪᚾ,340
vegetarians,698087,0,ᚢᛖᚷᛖᛏᚪᚱᛡᚾᛋ,510
emendations,697816,0,ᛖᛗᛖᚾᛞᚪᛏᛡᚾᛋ,668
disillusion,697166,0,ᛞᛁᛋᛁᛚᛚᚢᛋᛡᚾ,542
emulsified,697043,0,ᛖᛗᚢᛚᛋᛁᚠᛁᛖᛞ,487
denouement,697021,0,ᛞᛖᚾᚩᚢᛖᛗᛖᚾᛏ,488
stevedores,695478,0,ᛋᛏᛖᚢᛖᛞᚩᚱᛖᛋ,476
homeostatic,695282,0,ᚻᚩᛗᛇᛋᛏᚪᛏᛁᚳ,454
endothermic,694847,0,ᛖᚾᛞᚩᚦᛖᚱᛗᛁᚳ,390
speculates,694435,0,ᛋᛈᛖᚳᚢᛚᚪᛏᛖᛋ,528
profligacy,693104,0,ᛈᚱᚩᚠᛚᛁᚷᚪᚳᚣ,397
reconvened,692511,0,ᚱᛖᚳᚩᚾᚢᛖᚾᛖᛞ,382
discrediting,691588,0,ᛞᛁᛋᚳᚱᛖᛞᛁᛏᛝ,522
disheveled,691287,0,ᛞᛁᛋᚻᛖᚢᛖᛚᛖᛞ,562
standalone,691192,0,ᛋᛏᚪᚾᛞᚪᛚᚩᚾᛖ,600
editorially,691127,0,ᛖᛞᛁᛏᚩᚱᛡᛚᛚᚣ,620
philatelic,690879,0,ᛈᚻᛁᛚᚪᛏᛖᛚᛁᚳ,510
unhampered,690416,0,ᚢᚾᚻᚪᛗᛈᛖᚱᛖᛞ,500
disingenuous,690308,0,ᛞᛁᛋᛝᛖᚾᚢᚩᚢᛋ,414
catchments,690222,0,ᚳᚪᛏᚳᚻᛗᛖᚾᛏᛋ,484
rediscover,690014,0,ᚱᛖᛞᛁᛋᚳᚩᚢᛖᚱ,352
incumbency,689927,0,ᛁᚾᚳᚢᛗᛒᛖᚾᚳᚣ,420
modularity,689678,0,ᛗᚩᛞᚢᛚᚪᚱᛁᛏᚣ,544
alchemical,689338,0,ᚪᛚᚳᚻᛖᛗᛁᚳᚪᛚ,558
centralize,689324,0,ᚳᛖᚾᛏᚱᚪᛚᛁᛋᛖ,500
suretyship,689302,0,ᛋᚢᚱᛖᛏᚣᛋᚻᛁᛈ,446
vivisection,689033,0,ᚢᛁᚢᛁᛋᛖᚳᛏᛡᚾ,396
pharyngitis,688200,0,ᛈᚻᚪᚱᚣᛝᛁᛏᛁᛋ,530
colonialist,687942,0,ᚳᚩᛚᚩᚾᛡᛚᛁᛋᛏ,452
toiletries,687502,0,ᛏᚩᛁᛚᛖᛏᚱᛁᛖᛋ,458
elicitation,686910,0,ᛖᛚᛁᚳᛁᛏᚪᛏᛡᚾ,566
autogenous,686683,0,ᚪᚢᛏᚩᚷᛖᚾᚩᚢᛋ,342
reprobation,685785,0,ᚱᛖᛈᚱᚩᛒᚪᛏᛡᚾ,492
unabridged,685350,0,ᚢᚾᚪᛒᚱᛁᛞᚷᛖᛞ,494
conformist,684656,0,ᚳᚩᚾᚠᚩᚱᛗᛁᛋᛏ,283
oldsmobile,684589,0,ᚩᛚᛞᛋᛗᚩᛒᛁᛚᛖ,532
procurable,684442,0,ᛈᚱᚩᚳᚢᚱᚪᛒᛚᛖ,386
violoncello,684360,0,ᚢᛡᛚᚩᚾᚳᛖᛚᛚᚩ,452
inaugurating,684328,0,ᛁᚾᚪᚢᚷᚢᚱᚪᛏᛝ,426
enraptured,683691,0,ᛖᚾᚱᚪᛈᛏᚢᚱᛖᛞ,476
musketeers,683139,0,ᛗᚢᛋᚳᛖᛏᛖᛖᚱᛋ,464
presenters,680851,0,ᛈᚱᛖᛋᛖᚾᛏᛖᚱᛋ,460
enrolments,680789,0,ᛖᚾᚱᚩᛚᛗᛖᚾᛏᛋ,466
compulsions,679683,0,ᚳᚩᛗᛈᚢᛚᛋᛡᚾᛋ,452
activators,679206,0,ᚪᚳᛏᛁᚢᚪᛏᚩᚱᛋ,430
trilobites,678196,0,ᛏᚱᛁᛚᚩᛒᛁᛏᛖᛋ,452
desiccator,677634,0,ᛞᛖᛋᛁᚳᚳᚪᛏᚩᚱ,440
astragalus,676699,0,ᚪᛋᛏᚱᚪᚷᚪᛚᚢᛋ,560
recuperate,676028,0,ᚱᛖᚳᚢᛈᛖᚱᚪᛏᛖ,438
stimulator,673319,0,ᛋᛏᛁᛗᚢᛚᚪᛏᚩᚱ,464
extinctions,673207,0,ᛖᛉᛏᛁᚾᚳᛏᛡᚾᛋ,494
hoarseness,673173,0,ᚻᚩᚪᚱᛋᛖᚾᛖᛋᛋ,460
interlayer,672866,0,ᛁᚾᛏᛖᚱᛚᚪᚣᛖᚱ,548
terminator,672854,0,ᛏᛖᚱᛗᛁᚾᚪᛏᚩᚱ,442
defilement,671811,0,ᛞᛖᚠᛁᛚᛖᛗᛖᚾᛏ,555
statuettes,671770,0,ᛋᛏᚪᛏᚢᛖᛏᛏᛖᛋ,576
unexcelled,671262,0,ᚢᚾᛖᛉᚳᛖᛚᛚᛖᛞ,528
scarlatina,671021,0,ᛋᚳᚪᚱᛚᚪᛏᛁᚾᚪ,560
ballistics,670811,0,ᛒᚪᛚᛚᛁᛋᛏᛁᚳᛋ,544
absorptions,670185,0,ᚪᛒᛋᚩᚱᛈᛏᛡᚾᛋ,520
barbarossa,670005,0,ᛒᚪᚱᛒᚪᚱᚩᛋᛋᚪ,548
andronicus,669406,0,ᚪᚾᛞᚱᚩᚾᛁᚳᚢᛋ,362
columnists,668813,0,ᚳᚩᛚᚢᛗᚾᛁᛋᛏᛋ,392
underparts,668287,0,ᚢᚾᛞᛖᚱᛈᚪᚱᛏᛋ,462
kilmarnock,667741,0,ᚳᛁᛚᛗᚪᚱᚾᚩᚳᚳ,358
schoolgirl,666628,0,ᛋᚳᚻᚩᚩᛚᚷᛁᚱᛚ,308
colonizers,666280,0,ᚳᚩᛚᚩᚾᛁᛋᛖᚱᛋ,344
spirituals,666098,0,ᛋᛈᛁᚱᛁᛏᚢᚪᛚᛋ,454
underscoring,665960,0,ᚢᚾᛞᛖᚱᛋᚳᚩᚱᛝ,362
monovalent,665523,0,ᛗᚩᚾᚩᚢᚪᛚᛖᚾᛏ,442
bartenders,665429,0,ᛒᚪᚱᛏᛖᚾᛞᛖᚱᛋ,544
perversions,663884,0,ᛈᛖᚱᚢᛖᚱᛋᛡᚾᛋ,444
persecutor,663731,0,ᛈᛖᚱᛋᛖᚳᚢᛏᚩᚱ,334
wantonness,660635,0,ᚹᚪᚾᛏᚩᚾᚾᛖᛋᛋ,442
perilously,659568,0,ᛈᛖᚱᛁᛚᚩᚢᛋᛚᚣ,464
paraguayan,659334,0,ᛈᚪᚱᚪᚷᚢᚪᚣᚪᚾ,594
evacuations,659119,0,ᛖᚢᚪᚳᚢᚪᛏᛡᚾᛋ,528
urogenital,658876,0,ᚢᚱᚩᚷᛖᚾᛁᛏᚪᛚ,394
disharmony,657752,0,ᛞᛁᛋᚻᚪᚱᛗᚩᚾᚣ,514
spellbound,657695,0,ᛋᛈᛖᛚᛚᛒᚩᚢᚾᛞ,498
moderators,657405,0,ᛗᚩᛞᛖᚱᚪᛏᚩᚱᛋ,472
flatulence,657297,0,ᚠᛚᚪᛏᚢᛚᛖᚾᚳᛖ,483
matrilineal,656838,0,ᛗᚪᛏᚱᛁᛚᛁᚾᛠᛚ,584
assignation,656281,0,ᚪᛋᛋᛁᚷᚾᚪᛏᛡᚾ,572
semimonthly,655190,0,ᛋᛖᛗᛁᛗᚩᚾᚦᛚᚣ,510
modernised,654906,0,ᛗᚩᛞᛖᚱᚾᛁᛋᛖᛞ,514
stillbirths,653727,0,ᛋᛏᛁᛚᛚᛒᛁᚱᚦᛋ,450
potentates,653073,0,ᛈᚩᛏᛖᚾᛏᚪᛏᛖᛋ,540
clausewitz,653013,0,ᚳᛚᚪᚢᛋᛖᚹᛁᛏᛋ,468
pragmatist,652375,0,ᛈᚱᚪᚷᛗᚪᛏᛁᛋᛏ,538
freeholder,651645,0,ᚠᚱᛖᛖᚻᚩᛚᛞᛖᚱ,417
toxicities,651589,0,ᛏᚩᛉᛁᚳᛁᛏᛁᛖᛋ,398
extricated,651377,0,ᛖᛉᛏᚱᛁᚳᚪᛏᛖᛞ,540
lighthearted,651187,0,ᛚᛁᚷᚻᚦᛠᚱᛏᛖᛞ,484
featureless,650732,0,ᚠᛠᛏᚢᚱᛖᛚᛖᛋᛋ,497
puzzlement,650068,0,ᛈᚢᛋᛋᛚᛖᛗᛖᚾᛏ,518
preservers,649079,0,ᛈᚱᛖᛋᛖᚱᚢᛖᚱᛋ,386
handicapping,649042,0,ᚻᚪᚾᛞᛁᚳᚪᛈᛈᛝ,544
farmhouses,648856,0,ᚠᚪᚱᛗᚻᚩᚢᛋᛖᛋ,387
rigidities,648352,0,ᚱᛁᚷᛁᛞᛁᛏᛁᛖᛋ,420
discoursed,648027,0,ᛞᛁᛋᚳᚩᚢᚱᛋᛖᛞ,416
popularize,647691,0,ᛈᚩᛈᚢᛚᚪᚱᛁᛋᛖ,428
vacillation,645947,0,ᚢᚪᚳᛁᛚᛚᚪᛏᛡᚾ,582
obliterating,645737,0,ᚩᛒᛚᛁᛏᛖᚱᚪᛏᛝ,544
neglectful,645431,0,ᚾᛖᚷᛚᛖᚳᛏᚠᚢᛚ,403
signifiers,645404,0,ᛋᛁᚷᚾᛁᚠᛁᛖᚱᛋ,325
suspenders,644864,0,ᛋᚢᛋᛈᛖᚾᛞᛖᚱᛋ,468
artaxerxes,644789,0,ᚪᚱᛏᚪᛉᛖᚱᛉᛖᛋ,556
perversely,644476,0,ᛈᛖᚱᚢᛖᚱᛋᛖᛚᚣ,498
pectoralis,644474,0,ᛈᛖᚳᛏᚩᚱᚪᛚᛁᛋ,454
anatomists,643773,0,ᚪᚾᚪᛏᚩᛗᛁᛋᛏᛋ,556
peridotite,643711,0,ᛈᛖᚱᛁᛞᚩᛏᛁᛏᛖ,464
breastplate,643417,0,ᛒᚱᛠᛋᛏᛈᛚᚪᛏᛖ,632
epiglottis,643213,0,ᛖᛈᛁᚷᛚᚩᛏᛏᛁᛋ,440
filibuster,642758,0,ᚠᛁᛚᛁᛒᚢᛋᛏᛖᚱ,391
chairwoman,642090,0,ᚳᚻᚪᛁᚱᚹᚩᛗᚪᚾ,398
propulsive,641362,0,ᛈᚱᚩᛈᚢᛚᛋᛁᚢᛖ,334
guidebooks,640723,0,ᚷᚢᛁᛞᛖᛒᚩᚩᚳᛋ,348
greenbacks,640439,0,ᚷᚱᛖᛖᚾᛒᚪᚳᚳᛋ,428
superadded,639005,0,ᛋᚢᛈᛖᚱᚪᛞᛞᛖᛞ,608
pretenders,638995,0,ᛈᚱᛖᛏᛖᚾᛞᛖᚱᛋ,496
digressions,638958,0,ᛞᛁᚷᚱᛖᛋᛋᛡᚾᛋ,510
nightclubs,638515,0,ᚾᛁᚷᚻᛏᚳᛚᚢᛒᛋ,362
overvalued,638339,0,ᚩᚢᛖᚱᚢᚪᛚᚢᛖᛞ,420
synthesised,637812,0,ᛋᚣᚾᚦᛖᛋᛁᛋᛖᛞ,550
shipwrecks,637748,0,ᛋᚻᛁᛈᚹᚱᛖᚳᚳᛋ,326
reorganised,637639,0,ᚱᛇᚱᚷᚪᚾᛁᛋᛖᛞ,446
sacrosanct,637198,0,ᛋᚪᚳᚱᚩᛋᚪᚾᚳᛏ,432
adjunctive,636962,0,ᚪᛞᛂᚢᚾᚳᛏᛁᚢᛖ,428
inclosures,636872,0,ᛁᚾᚳᛚᚩᛋᚢᚱᛖᛋ,340
chemotaxis,636594,0,ᚳᚻᛖᛗᚩᛏᚪᛉᛁᛋ,468
gravestone,636030,0,ᚷᚱᚪᚢᛖᛋᛏᚩᚾᛖ,410
bioengineering,635975,0,ᛒᛡᛖᛝᛁᚾᛖᛖᚱᛝ,598
amalgamate,635114,0,ᚪᛗᚪᛚᚷᚪᛗᚪᛏᛖ,746
irritations,635074,0,ᛁᚱᚱᛁᛏᚪᛏᛡᚾᛋ,488
chalcedony,634693,0,ᚳᚻᚪᛚᚳᛖᛞᚩᚾᚣ,514
suprarenal,634401,0,ᛋᚢᛈᚱᚪᚱᛖᚾᚪᛚ,484
chalkboard,634351,0,ᚳᚻᚪᛚᚳᛒᚩᚪᚱᛞ,484
debasement,633997,0,ᛞᛖᛒᚪᛋᛖᛗᛖᚾᛏ,660
stratagems,632765,0,ᛋᛏᚱᚪᛏᚪᚷᛖᛗᛋ,584
patrilineal,632564,0,ᛈᚪᛏᚱᛁᛚᛁᚾᛠᛚ,556
controvert,631288,0,ᚳᚩᚾᛏᚱᚩᚢᛖᚱᛏ,266
windscreen,630677,0,ᚹᛁᚾᛞᛋᚳᚱᛖᛖᚾ,408
burglaries,630676,0,ᛒᚢᚱᚷᛚᚪᚱᛁᛖᛋ,424
senegalese,630273,0,ᛋᛖᚾᛖᚷᚪᛚᛖᛋᛖ,590
oculomotor,629797,0,ᚩᚳᚢᛚᚩᛗᚩᛏᚩᚱ,258
husbandmen,629752,0,ᚻᚢᛋᛒᚪᚾᛞᛗᛖᚾ,522
effrontery,629576,0,ᛖᚠᚠᚱᚩᚾᛏᛖᚱᚣ,358
musicology,629572,0,ᛗᚢᛋᛁᚳᚩᛚᚩᚷᚣ,378
cloistered,629408,0,ᚳᛚᚩᛁᛋᛏᛖᚱᛖᛞ,470
aggravates,628901,0,ᚪᚷᚷᚱᚪᚢᚪᛏᛖᛋ,518
nightstand,628877,0,ᚾᛁᚷᚻᛏᛋᛏᚪᚾᛞ,486
minstrelsy,628441,0,ᛗᛁᚾᛋᛏᚱᛖᛚᛋᚣ,550
exemplifying,628389,0,ᛖᛉᛖᛗᛈᛚᛁᚠᚣᛝ,583
unexamined,627565,0,ᚢᚾᛖᛉᚪᛗᛁᚾᛖᛞ,530
pawnbroker,627508,0,ᛈᚪᚹᚾᛒᚱᚩᚳᛖᚱ,358
polygamous,626683,0,ᛈᚩᛚᚣᚷᚪᛗᚩᚢᛋ,474
impregnating,626649,0,ᛁᛗᛈᚱᛖᚷᚾᚪᛏᛝ,504
exploiters,626532,0,ᛖᛉᛈᛚᚩᛁᛏᛖᚱᛋ,458
constricting,626340,0,ᚳᚩᚾᛋᛏᚱᛁᚳᛏᛝ,354
misspelled,626096,0,ᛗᛁᛋᛋᛈᛖᛚᛚᛖᛞ,620
thermostats,625345,0,ᚦᛖᚱᛗᚩᛋᛏᚪᛏᛋ,482
batchelder,625204,0,ᛒᚪᛏᚳᚻᛖᛚᛞᛖᚱ,560
housewares,625008,0,ᚻᚩᚢᛋᛖᚹᚪᚱᛖᛋ,400
cybernetic,625006,0,ᚳᚣᛒᛖᚱᚾᛖᛏᛁᚳ,454
easternmost,624812,0,ᛠᛋᛏᛖᚱᚾᛗᚩᛋᛏ,518
proselytes,624774,0,ᛈᚱᚩᛋᛖᛚᚣᛏᛖᛋ,536
botticelli,624542,0,ᛒᚩᛏᛏᛁᚳᛖᛚᛚᛁ,474
selectable,624164,0,ᛋᛖᛚᛖᚳᛏᚪᛒᛚᛖ,630
thermosetting,623962,0,ᚦᛖᚱᛗᚩᛋᛖᛏᛏᛝ,478
resistless,623742,0,ᚱᛖᛋᛁᛋᛏᛚᛖᛋᛋ,520
acclimated,623135,0,ᚪᚳᚳᛚᛁᛗᚪᛏᛖᛞ,610
propagator,622412,0,ᛈᚱᚩᛈᚪᚷᚪᛏᚩᚱ,392
capitulate,621981,0,ᚳᚪᛈᛁᛏᚢᛚᚪᛏᛖ,542
klebsiella,621942,0,ᚳᛚᛖᛒᛋᛁᛖᛚᛚᚪ,608
actualized,621462,0,ᚪᚳᛏᚢᚪᛚᛁᛋᛖᛞ,582
protestors,620174,0,ᛈᚱᚩᛏᛖᛋᛏᚩᚱᛋ,370
caoutchouc,620063,0,ᚳᚪᚩᚢᛏᚳᚻᚩᚢᚳ,238
grindstone,620015,0,ᚷᚱᛁᚾᛞᛋᛏᚩᚾᛖ,392
alchemists,619938,0,ᚪᛚᚳᚻᛖᛗᛁᛋᛏᛋ,540
tangentially,619884,0,ᛏᚪᛝᛖᚾᛏᛡᛚᛚᚣ,746
subprogram,619851,0,ᛋᚢᛒᛈᚱᚩᚷᚱᚪᛗ,374
underrated,619836,0,ᚢᚾᛞᛖᚱᚱᚪᛏᛖᛞ,522
proscenium,619642,0,ᛈᚱᚩᛋᚳᛖᚾᛁᚢᛗ,328
mensuration,618728,0,ᛗᛖᚾᛋᚢᚱᚪᛏᛡᚾ,526
invertible,618438,0,ᛁᚾᚢᛖᚱᛏᛁᛒᛚᛖ,432
propitiation,617960,0,ᛈᚱᚩᛈᛁᛏᛡᛏᛡᚾ,496
sororities,617904,0,ᛋᚩᚱᚩᚱᛁᛏᛁᛖᛋ,330
jewishness,617384,0,ᛂᛖᚹᛁᛋᚻᚾᛖᛋᛋ,432
carryovers,617371,0,ᚳᚪᚱᚱᚣᚩᚢᛖᚱᛋ,376
heartbroken,617347,0,ᚻᛠᚱᛏᛒᚱᚩᚳᛖᚾ,390
rinderpest,617204,0,ᚱᛁᚾᛞᛖᚱᛈᛖᛋᛏ,460
chimerical,617149,0,ᚳᚻᛁᛗᛖᚱᛁᚳᚪᛚ,430
mithridates,616109,0,ᛗᛁᚦᚱᛁᛞᚪᛏᛖᛋ,514
undersized,615689,0,ᚢᚾᛞᛖᚱᛋᛁᛋᛖᛞ,492
provincials,615396,0,ᛈᚱᚩᚢᛁᚾᚳᛡᛚᛋ,370
carriageway,614897,0,ᚳᚪᚱᚱᛡᚷᛖᚹᚪᚣ,542
windowless,614887,0,ᚹᛁᚾᛞᚩᚹᛚᛖᛋᛋ,440
pardonable,614617,0,ᛈᚪᚱᛞᚩᚾᚪᛒᛚᛖ,574
valentinian,614159,0,ᚢᚪᛚᛖᚾᛏᛁᚾᛡᚾ,524
straitened,613895,0,ᛋᛏᚱᚪᛁᛏᛖᚾᛖᛞ,562
polyhedral,612237,0,ᛈᚩᛚᚣᚻᛖᛞᚱᚪᛚ,586
comparably,612135,0,ᚳᚩᛗᛈᚪᚱᚪᛒᛚᚣ,576
attenuator,611600,0,ᚪᛏᛏᛖᚾᚢᚪᛏᚩᚱ,488
contraries,611052,0,ᚳᚩᚾᛏᚱᚪᚱᛁᛖᛋ,378
luxuriously,610749,0,ᛚᚢᛉᚢᚱᛡᚢᛋᛚᚣ,476
theoreticians,610489,0,ᚦᛇᚱᛖᛏᛁᚳᛡᚾᛋ,416
oversupply,610080,0,ᚩᚢᛖᚱᛋᚢᛈᛈᛚᚣ,406
rarefaction,609911,0,ᚱᚪᚱᛖᚠᚪᚳᛏᛡᚾ,493
unrelieved,608855,0,ᚢᚾᚱᛖᛚᛁᛖᚢᛖᛞ,440
buttonhole,608847,0,ᛒᚢᛏᛏᚩᚾᚻᚩᛚᛖ,388
billionaire,608237,0,ᛒᛁᛚᛚᛡᚾᚪᛁᚱᛖ,580
clumsiness,608158,0,ᚳᛚᚢᛗᛋᛁᚾᛖᛋᛋ,446
erlenmeyer,607699,0,ᛖᚱᛚᛖᚾᛗᛖᚣᛖᚱ,566
pleasantest,607574,0,ᛈᛚᛠᛋᚪᚾᛏᛖᛋᛏ,642
syncretism,606976,0,ᛋᚣᚾᚳᚱᛖᛏᛁᛋᛗ,490
nurseryman,606860,0,ᚾᚢᚱᛋᛖᚱᚣᛗᚪᚾ,474
reinforcer,606709,0,ᚱᛖᛁᚾᚠᚩᚱᚳᛖᚱ,249
scurrilous,605684,0,ᛋᚳᚢᚱᚱᛁᛚᚩᚢᛋ,258
derailment,605451,0,ᛞᛖᚱᚪᛁᛚᛗᛖᚾᛏ,594
contravening,604612,0,ᚳᚩᚾᛏᚱᚪᚢᛖᚾᛝ,394
undeclared,604311,0,ᚢᚾᛞᛖᚳᛚᚪᚱᛖᛞ,538
empedocles,603786,0,ᛖᛗᛈᛖᛞᚩᚳᛚᛖᛋ,550
employable,603109,0,ᛖᛗᛈᛚᚩᚣᚪᛒᛚᛖ,662
revitalizing,603048,0,ᚱᛖᚢᛁᛏᚪᛚᛁᛋᛝ,504
immiscible,602796,0,ᛁᛗᛗᛁᛋᚳᛁᛒᛚᛖ,502
trafficked,601494,0,ᛏᚱᚪᚠᚠᛁᚳᚳᛖᛞ,384
installers,600797,0,ᛁᚾᛋᛏᚪᛚᛚᛖᚱᛋ,546
politiques,600457,0,ᛈᚩᛚᛁᛏᛁᚳᚹᛖᛋ,396
polyhedron,599665,0,ᛈᚩᛚᚣᚻᛖᛞᚱᚩᚾ,452
orthopedics,599491,0,ᚩᚱᚦᚩᛈᛖᛞᛁᚳᛋ,326
watchmaker,598981,0,ᚹᚪᛏᚳᚻᛗᚪᚳᛖᚱ,470
byzantines,598326,0,ᛒᚣᛋᚪᚾᛏᛁᚾᛖᛋ,582
instigator,598253,0,ᛁᚾᛋᛏᛁᚷᚪᛏᚩᚱ,394
flashbacks,598079,0,ᚠᛚᚪᛋᚻᛒᚪᚳᚳᛋ,485
confessors,598016,0,ᚳᚩᚾᚠᛖᛋᛋᚩᚱᛋ,295
schoolwork,597585,0,ᛋᚳᚻᚩᚩᛚᚹᚩᚱᚳ,226
unfiltered,596717,0,ᚢᚾᚠᛁᛚᛏᛖᚱᛖᛞ,431
fatalistic,596622,0,ᚠᚪᛏᚪᛚᛁᛋᛏᛁᚳ,515
understate,596600,0,ᚢᚾᛞᛖᚱᛋᛏᚪᛏᛖ,534
complexions,595431,0,ᚳᚩᛗᛈᛚᛖᛉᛡᚾᛋ,510
undirected,594644,0,ᚢᚾᛞᛁᚱᛖᚳᛏᛖᛞ,458
cognisance,594396,0,ᚳᚩᚷᚾᛁᛋᚪᚾᚳᛖ,356
bichloride,594133,0,ᛒᛁᚳᚻᛚᚩᚱᛁᛞᛖ,406
montmartre,593645,0,ᛗᚩᚾᛏᛗᚪᚱᛏᚱᛖ,482
unshakable,593323,0,ᚢᚾᛋᚻᚪᚳᚪᛒᛚᛖ,516
fragrances,593010,0,ᚠᚱᚪᚷᚱᚪᚾᚳᛖᛋ,397
scrofulous,592932,0,ᛋᚳᚱᚩᚠᚢᛚᚩᚢᛋ,225
blissfully,592931,0,ᛒᛚᛁᛋᛋᚠᚢᛚᛚᚣ,525
recyclable,592077,0,ᚱᛖᚳᚣᚳᛚᚪᛒᛚᛖ,578
portmanteau,591898,0,ᛈᚩᚱᛏᛗᚪᚾᛏᛠᚢ,488
annihilating,590698,0,ᚪᚾᚾᛁᚻᛁᛚᚪᛏᛝ,548
basutoland,590432,0,ᛒᚪᛋᚢᛏᚩᛚᚪᚾᛞ,568
cornfields,590393,0,ᚳᚩᚱᚾᚠᛁᛖᛚᛞᛋ,375
humiliations,590371,0,ᚻᚢᛗᛁᛚᛡᛏᛡᚾᛋ,556
spillovers,590257,0,ᛋᛈᛁᛚᛚᚩᚢᛖᚱᛋ,414
mutability,590182,0,ᛗᚢᛏᚪᛒᛁᛚᛁᛏᚣ,588
criticises,589936,0,ᚳᚱᛁᛏᛁᚳᛁᛋᛖᛋ,362
ineptitude,588820,0,ᛁᚾᛖᛈᛏᛁᛏᚢᛞᛖ,478
ramshackle,588588,0,ᚱᚪᛗᛋᚻᚪᚳᚳᛚᛖ,518
addressees,588508,0,ᚪᛞᛞᚱᛖᛋᛋᛖᛖᛋ,646
resurfaced,588035,0,ᚱᛖᛋᚢᚱᚠᚪᚳᛖᛞ,413
subluxation,588018,0,ᛋᚢᛒᛚᚢᛉᚪᛏᛡᚾ,532
relaxations,587888,0,ᚱᛖᛚᚪᛉᚪᛏᛡᚾᛋ,640
diatomaceous,587615,0,ᛞᛡᛏᚩᛗᚪᚳᛇᚢᛋ,540
rawalpindi,587336,0,ᚱᚪᚹᚪᛚᛈᛁᚾᛞᛁ,520
spotlights,587057,0,ᛋᛈᚩᛏᛚᛁᚷᚻᛏᛋ,418
proclivity,586790,0,ᛈᚱᚩᚳᛚᛁᚢᛁᛏᚣ,374
hydrophobia,586390,0,ᚻᚣᛞᚱᚩᛈᚻᚩᛒᛡ,474
polyesters,585980,0,ᛈᚩᛚᚣᛖᛋᛏᛖᚱᛋ,536
implicates,584625,0,ᛁᛗᛈᛚᛁᚳᚪᛏᛖᛋ,538
apologised,583733,0,ᚪᛈᚩᛚᚩᚷᛁᛋᛖᛞ,484
syllabuses,583182,0,ᛋᚣᛚᛚᚪᛒᚢᛋᛖᛋ,636
terrorized,582907,0,ᛏᛖᚱᚱᚩᚱᛁᛋᛖᛞ,406
steelworks,581781,0,ᛋᛏᛖᛖᛚᚹᚩᚱᚳᛋ,422
dichloride,581554,0,ᛞᛁᚳᚻᛚᚩᚱᛁᛞᛖ,434
barricaded,581053,0,ᛒᚪᚱᚱᛁᚳᚪᛞᛖᛞ,566
exhalations,580444,0,ᛖᛉᚻᚪᛚᚪᛏᛡᚾᛋ,652
designator,580237,0,ᛞᛖᛋᛁᚷᚾᚪᛏᚩᚱ,460
visionaries,580069,0,ᚢᛁᛋᛡᚾᚪᚱᛁᛖᛋ,482
osteoblasts,579814,0,ᚩᛋᛏᛇᛒᛚᚪᛋᛏᛋ,556
solidifies,579217,0,ᛋᚩᛚᛁᛞᛁᚠᛁᛖᛋ,437
pantaloons,578864,0,ᛈᚪᚾᛏᚪᛚᚩᚩᚾᛋ,494
revelatory,578546,0,ᚱᛖᚢᛖᛚᚪᛏᚩᚱᚣ,498
hospitably,578376,0,ᚻᚩᛋᛈᛁᛏᚪᛒᛚᚣ,550
bimetallic,578368,0,ᛒᛁᛗᛖᛏᚪᛚᛚᛁᚳ,576
pacemakers,578215,0,ᛈᚪᚳᛖᛗᚪᚳᛖᚱᛋ,532
carotenoid,578192,0,ᚳᚪᚱᚩᛏᛖᚾᚩᛁᛞ,410
sterilised,577189,0,ᛋᛏᛖᚱᛁᛚᛁᛋᛖᛞ,534
necropolis,576838,0,ᚾᛖᚳᚱᚩᛈᚩᛚᛁᛋ,334
manumission,576571,0,ᛗᚪᚾᚢᛗᛁᛋᛋᛡᚾ,544
buccaneers,576122,0,ᛒᚢᚳᚳᚪᚾᛖᛖᚱᛋ,414
irresolute,575836,0,ᛁᚱᚱᛖᛋᚩᛚᚢᛏᛖ,382
windowsill,574470,0,ᚹᛁᚾᛞᚩᚹᛋᛁᛚᛚ,424
grandstand,574423,0,ᚷᚱᚪᚾᛞᛋᛏᚪᚾᛞ,570
poignantly,572320,0,ᛈᚩᛁᚷᚾᚪᚾᛏᛚᚣ,488
stiffeners,572213,0,ᛋᛏᛁᚠᚠᛖᚾᛖᚱᛋ,374
myelinated,570861,0,ᛗᚣᛖᛚᛁᚾᚪᛏᛖᛞ,686
mozzarella,570513,0,ᛗᚩᛋᛋᚪᚱᛖᛚᛚᚪ,602
pseudonyms,569883,0,ᛈᛋᛖᚢᛞᚩᚾᚣᛗᛋ,518
exacerbating,569659,0,ᛖᛉᚪᚳᛖᚱᛒᚪᛏᛝ,598
kindnesses,569494,0,ᚳᛁᚾᛞᚾᛖᛋᛋᛖᛋ,484
overwhelms,569323,0,ᚩᚢᛖᚱᚹᚻᛖᛚᛗᛋ,394
fossilized,569261,0,ᚠᚩᛋᛋᛁᛚᛁᛋᛖᛞ,459
goodfellow,569066,0,ᚷᚩᚩᛞᚠᛖᛚᛚᚩᚹ,361
thyroiditis,568867,0,ᚦᚣᚱᚩᛁᛞᛁᛏᛁᛋ,420
depredation,568058,0,ᛞᛖᛈᚱᛖᛞᚪᛏᛡᚾ,658
lamentably,567926,0,ᛚᚪᛗᛖᚾᛏᚪᛒᛚᚣ,730
mesenchyme,567920,0,ᛗᛖᛋᛖᚾᚳᚻᚣᛗᛖ,564
watercress,567743,0,ᚹᚪᛏᛖᚱᚳᚱᛖᛋᛋ,450
mismatches,567467,0,ᛗᛁᛋᛗᚪᛏᚳᚻᛖᛋ,538
sepulchres,567447,0,ᛋᛖᛈᚢᛚᚳᚻᚱᛖᛋ,406
flagrantly,566603,0,ᚠᛚᚪᚷᚱᚪᚾᛏᛚᚣ,561
obviousness,566326,0,ᚩᛒᚢᛡᚢᛋᚾᛖᛋᛋ,436
splattered,565486,0,ᛋᛈᛚᚪᛏᛏᛖᚱᛖᛞ,618
marriageable,565388,0,ᛗᚪᚱᚱᛡᚷᛠᛒᛚᛖ,624
ritualized,565259,0,ᚱᛁᛏᚢᚪᛚᛁᛋᛖᛞ,514
dissipates,565156,0,ᛞᛁᛋᛋᛁᛈᚪᛏᛖᛋ,576
granulomas,565083,0,ᚷᚱᚪᚾᚢᛚᚩᛗᚪᛋ,458
desecrated,564727,0,ᛞᛖᛋᛖᚳᚱᚪᛏᛖᛞ,612
patronised,564645,0,ᛈᚪᛏᚱᚩᚾᛁᛋᛖᛞ,486
determiner,564389,0,ᛞᛖᛏᛖᚱᛗᛁᚾᛖᚱ,502
germicidal,564269,0,ᚷᛖᚱᛗᛁᚳᛁᛞᚪᛚ,500
miscarried,564076,0,ᛗᛁᛋᚳᚪᚱᚱᛁᛖᛞ,474
inactivate,564016,0,ᛁᚾᚪᚳᛏᛁᚢᚪᛏᛖ,486
undiagnosed,564015,0,ᚢᚾᛞᛡᚷᚾᚩᛋᛖᛞ,490
deification,563718,0,ᛞᛖᛁᚠᛁᚳᚪᛏᛡᚾ,525
nonrecurring,563617,0,ᚾᚩᚾᚱᛖᚳᚢᚱᚱᛝ,260
nonaligned,563294,0,ᚾᚩᚾᚪᛚᛁᚷᚾᛖᛞ,468
ceremonials,563166,0,ᚳᛖᚱᛖᛗᚩᚾᛡᛚᛋ,498
cyclically,563115,0,ᚳᚣᚳᛚᛁᚳᚪᛚᛚᚣ,592
obsessional,563004,0,ᚩᛒᛋᛖᛋᛋᛡᚾᚪᛚ,600
weightless,562860,0,ᚹᛖᛁᚷᚻᛏᛚᛖᛋᛋ,462
imbricated,562729,0,ᛁᛗᛒᚱᛁᚳᚪᛏᛖᛞ,530
kidnappers,562000,0,ᚳᛁᛞᚾᚪᛈᛈᛖᚱᛋ,476
sedulously,561980,0,ᛋᛖᛞᚢᛚᚩᚢᛋᛚᚣ,524
destructor,561471,0,ᛞᛖᛋᛏᚱᚢᚳᛏᚩᚱ,372
honorarium,561446,0,ᚻᚩᚾᚩᚱᚪᚱᛁᚢᛗ,290
quadrennial,561423,0,ᚳᚹᚪᛞᚱᛖᚾᚾᛡᛚ,534
unselected,560982,0,ᚢᚾᛋᛖᛚᛖᚳᛏᛖᛞ,520
racecourse,560949,0,ᚱᚪᚳᛖᚳᚩᚢᚱᛋᛖ,342
zoologists,560763,0,ᛋᚩᚩᛚᚩᚷᛁᛋᛏᛋ,360
intrenched,560336,0,ᛁᚾᛏᚱᛖᚾᚳᚻᛖᛞ,418
undervalue,560263,0,ᚢᚾᛞᛖᚱᚢᚪᛚᚢᛖ,442
unbranched,559700,0,ᚢᚾᛒᚱᚪᚾᚳᚻᛖᛞ,422
perfective,559668,0,ᛈᛖᚱᚠᛖᚳᛏᛁᚢᛖ,363
polycythemia,559577,0,ᛈᚩᛚᚣᚳᚣᚦᛖᛗᛡ,592
thunderbird,559359,0,ᚦᚢᚾᛞᛖᚱᛒᛁᚱᛞ,396
unlettered,559239,0,ᚢᚾᛚᛖᛏᛏᛖᚱᛖᛞ,524
neighborly,559231,0,ᚾᛖᛁᚷᚻᛒᚩᚱᛚᚣ,422
ruggedness,559139,0,ᚱᚢᚷᚷᛖᛞᚾᛖᛋᛋ,406
hedonistic,559019,0,ᚻᛖᛞᚩᚾᛁᛋᛏᛁᚳ,402
wretchedly,558531,0,ᚹᚱᛖᛏᚳᚻᛖᛞᛚᚣ,524
troubadour,558181,0,ᛏᚱᚩᚢᛒᚪᛞᚩᚢᚱ,348
undeterred,557796,0,ᚢᚾᛞᛖᛏᛖᚱᚱᛖᛞ,492
phlegmatic,557751,0,ᛈᚻᛚᛖᚷᛗᚪᛏᛁᚳ,494
symbolised,557619,0,ᛋᚣᛗᛒᚩᛚᛁᛋᛖᛞ,608
sauerkraut,557410,0,ᛋᚪᚢᛖᚱᚳᚱᚪᚢᛏ,414
candelabra,557391,0,ᚳᚪᚾᛞᛖᛚᚪᛒᚱᚪ,634
prescience,557243,0,ᛈᚱᛖᛋᚳᛁᛖᚾᚳᛖ,394
reversibly,556893,0,ᚱᛖᚢᛖᚱᛋᛁᛒᛚᚣ,480
harmonised,556216,0,ᚻᚪᚱᛗᚩᚾᛁᛋᛖᛞ,478
improbably,555533,0,ᛁᛗᛈᚱᚩᛒᚪᛒᛚᚣ,558
impalpable,555464,0,ᛁᛗᛈᚪᛚᛈᚪᛒᛚᛖ,656
contraption,555413,0,ᚳᚩᚾᛏᚱᚪᛈᛏᛡᚾ,454
collimated,554962,0,ᚳᚩᛚᛚᛁᛗᚪᛏᛖᛞ,580
ignorantly,554483,0,ᛁᚷᚾᚩᚱᚪᚾᛏᛚᚣ,456
hellespont,554382,0,ᚻᛖᛚᛚᛖᛋᛈᚩᚾᛏ,494
storefront,554173,0,ᛋᛏᚩᚱᛖᚠᚱᚩᚾᛏ,305
nonchalant,553638,0,ᚾᚩᚾᚳᚻᚪᛚᚪᚾᛏ,456
footlights,553607,0,ᚠᚩᚩᛏᛚᛁᚷᚻᛏᛋ,331
unkindness,553187,0,ᚢᚾᚳᛁᚾᛞᚾᛖᛋᛋ,396
pinpointed,553151,0,ᛈᛁᚾᛈᚩᛁᚾᛏᛖᛞ,428
brandished,553147,0,ᛒᚱᚪᚾᛞᛁᛋᚻᛖᛞ,550
righteously,553128,0,ᚱᛁᚷᚻᛏᛇᚢᛋᛚᚣ,414
confusedly,551158,0,ᚳᚩᚾᚠᚢᛋᛖᛞᛚᚣ,439
accusatory,551050,0,ᚪᚳᚳᚢᛋᚪᛏᚩᚱᚣ,456
reification,550900,0,ᚱᛖᛁᚠᛁᚳᚪᛏᛡᚾ,447
westphalian,550889,0,ᚹᛖᛋᛏᛈᚻᚪᛚᛡᚾ,570
mastership,550800,0,ᛗᚪᛋᛏᛖᚱᛋᚻᛁᛈ,508
delineations,550673,0,ᛞᛖᛚᛁᚾᛠᛏᛡᚾᛋ,646
purgatives,549377,0,ᛈᚢᚱᚷᚪᛏᛁᚢᛖᛋ,384
protractor,549345,0,ᛈᚱᚩᛏᚱᚪᚳᛏᚩᚱ,318
contortions,548817,0,ᚳᚩᚾᛏᚩᚱᛏᛡᚾᛋ,374
detonators,548319,0,ᛞᛖᛏᚩᚾᚪᛏᚩᚱᛋ,478
unfastened,548144,0,ᚢᚾᚠᚪᛋᛏᛖᚾᛖᛞ,495
isentropic,547950,0,ᛁᛋᛖᚾᛏᚱᚩᛈᛁᚳ,344
asparagine,547854,0,ᚪᛋᛈᚪᚱᚪᚷᛁᚾᛖ,542
sublimated,547432,0,ᛋᚢᛒᛚᛁᛗᚪᛏᛖᛞ,604
viscometer,547272,0,ᚢᛁᛋᚳᚩᛗᛖᛏᛖᚱ,382
prescriber,547238,0,ᛈᚱᛖᛋᚳᚱᛁᛒᛖᚱ,368
enzymology,546800,0,ᛖᚾᛋᚣᛗᚩᛚᚩᚷᚣ,530
innkeepers,546789,0,ᛁᚾᚾᚳᛖᛖᛈᛖᚱᛋ,410
justiciable,546723,0,ᛂᚢᛋᛏᛁᚳᛡᛒᛚᛖ,504
antifreeze,546553,0,ᚪᚾᛏᛁᚠᚱᛖᛖᛋᛖ,483
retrofitting,545976,0,ᚱᛖᛏᚱᚩᚠᛁᛏᛏᛝ,385
subventions,545967,0,ᛋᚢᛒᚢᛖᚾᛏᛡᚾᛋ,464
prospected,545902,0,ᛈᚱᚩᛋᛈᛖᚳᛏᛖᛞ,452
pentagonal,545758,0,ᛈᛖᚾᛏᚪᚷᚩᚾᚪᛚ,518
apostolate,545248,0,ᚪᛈᚩᛋᛏᚩᛚᚪᛏᛖ,562
commissars,544711,0,ᚳᚩᛗᛗᛁᛋᛋᚪᚱᛋ,460
transfused,544692,0,ᛏᚱᚪᚾᛋᚠᚢᛋᛖᛞ,463
barometers,544485,0,ᛒᚪᚱᚩᛗᛖᛏᛖᚱᛋ,504
deterrents,544192,0,ᛞᛖᛏᛖᚱᚱᛖᚾᛏᛋ,512
prophetess,543876,0,ᛈᚱᚩᛈᚻᛖᛏᛖᛋᛋ,426
bathymetric,543621,0,ᛒᚪᚦᚣᛗᛖᛏᚱᛁᚳ,518
confections,543366,0,ᚳᚩᚾᚠᛖᚳᛏᛡᚾᛋ,379
reconciles,542819,0,ᚱᛖᚳᚩᚾᚳᛁᛚᛖᛋ,364
neutralise,541969,0,ᚾᛖᚢᛏᚱᚪᛚᛁᛋᛖ,490
listlessly,541960,0,ᛚᛁᛋᛏᛚᛖᛋᛋᛚᚣ,638
psychopathy,541323,0,ᛈᛋᚣᚳᚻᚩᛈᚪᚦᚣ,490
babysitter,541031,0,ᛒᚪᛒᚣᛋᛁᛏᛏᛖᚱ,602
zoroastrian,540953,0,ᛋᚩᚱᚩᚪᛋᛏᚱᛡᚾ,434
eccentrics,540859,0,ᛖᚳᚳᛖᚾᛏᚱᛁᚳᛋ,356
cheesecake,540845,0,ᚳᚻᛖᛖᛋᛖᚳᚪᚳᛖ,480
multitasking,539769,0,ᛗᚢᛚᛏᛁᛏᚪᛋᚳᛝ,538
fiberboard,539736,0,ᚠᛁᛒᛖᚱᛒᚩᚪᚱᛞ,437
inundations,538825,0,ᛁᚾᚢᚾᛞᚪᛏᛡᚾᛋ,526
syllogisms,538023,0,ᛋᚣᛚᛚᚩᚷᛁᛋᛗᛋ,534
somnolence,537599,0,ᛋᚩᛗᚾᚩᛚᛖᚾᚳᛖ,416
uninvolved,537542,0,ᚢᚾᛁᚾᚢᚩᛚᚢᛖᛞ,334
unpatented,537102,0,ᚢᚾᛈᚪᛏᛖᚾᛏᛖᛞ,542
expatriation,536592,0,ᛖᛉᛈᚪᛏᚱᛡᛏᛡᚾ,626
negligibly,536480,0,ᚾᛖᚷᛚᛁᚷᛁᛒᛚᚣ,502
gymnasiums,535877,0,ᚷᚣᛗᚾᚪᛋᛁᚢᛗᛋ,528
circumflex,535310,0,ᚳᛁᚱᚳᚢᛗᚠᛚᛖᛉ,331
renegotiate,535220,0,ᚱᛖᚾᛖᚷᚩᛏᛡᛏᛖ,490
imprecision,535159,0,ᛁᛗᛈᚱᛖᚳᛁᛋᛡᚾ,456
reinvention,535060,0,ᚱᛖᛁᚾᚢᛖᚾᛏᛡᚾ,432
choristers,535047,0,ᚳᚻᚩᚱᛁᛋᛏᛖᚱᛋ,328
fasciculus,534639,0,ᚠᚪᛋᚳᛁᚳᚢᛚᚢᛋ,341
sleeveless,534354,0,ᛋᛚᛖᛖᚢᛖᛚᛖᛋᛋ,576
ascospores,533386,0,ᚪᛋᚳᚩᛋᛈᚩᚱᛖᛋ,404
lutheranism,533345,0,ᛚᚢᚦᛖᚱᚪᚾᛁᛋᛗ,440
estrogenic,533164,0,ᛖᛋᛏᚱᚩᚷᛖᚾᛁᚳ,354
thalidomide,533140,0,ᚦᚪᛚᛁᛞᚩᛗᛁᛞᛖ,560
fruitfully,532977,0,ᚠᚱᚢᛁᛏᚠᚢᛚᛚᚣ,360
coromandel,532258,0,ᚳᚩᚱᚩᛗᚪᚾᛞᛖᛚ,464
intertwining,531695,0,ᛁᚾᛏᛖᚱᛏᚹᛁᚾᛝ,414
abruptness,531372,0,ᚪᛒᚱᚢᛈᛏᚾᛖᛋᛋ,476
highwayman,531109,0,ᚻᛁᚷᚻᚹᚪᚣᛗᚪᚾ,510
undefended,530420,0,ᚢᚾᛞᛖᚠᛖᚾᛞᛖᛞ,531
genealogist,530363,0,ᚷᛖᚾᛠᛚᚩᚷᛁᛋᛏ,462
calculable,529988,0,ᚳᚪᛚᚳᚢᛚᚪᛒᛚᛖ,570
brigantine,529733,0,ᛒᚱᛁᚷᚪᚾᛏᛁᚾᛖ,432
discrepant,529324,0,ᛞᛁᛋᚳᚱᛖᛈᚪᚾᛏ,492
farsighted,529031,0,ᚠᚪᚱᛋᛁᚷᚻᛏᛖᛞ,449
unchristian,528720,0,ᚢᚾᚳᚻᚱᛁᛋᛏᛡᚾ,358
stewardess,528704,0,ᛋᛏᛖᚹᚪᚱᛞᛖᛋᛋ,568
glauconite,528551,0,ᚷᛚᚪᚢᚳᚩᚾᛁᛏᛖ,396
schematics,528138,0,ᛋᚳᚻᛖᛗᚪᛏᛁᚳᛋ,480
emulsifier,528057,0,ᛖᛗᚢᛚᛋᛁᚠᛁᛖᚱ,409
maupassant,527565,0,ᛗᚪᚢᛈᚪᛋᛋᚪᚾᛏ,602
prosthetics,527312,0,ᛈᚱᚩᛋᚦᛖᛏᛁᚳᛋ,342
opinionated,526705,0,ᚩᛈᛁᚾᛡᚾᚪᛏᛖᛞ,558
tachometer,526668,0,ᛏᚪᚳᚻᚩᛗᛖᛏᛖᚱ,474
exoneration,526387,0,ᛖᛉᚩᚾᛖᚱᚪᛏᛡᚾ,520
acidulated,525823,0,ᚪᚳᛁᛞᚢᛚᚪᛏᛖᛞ,618
omnivorous,525609,0,ᚩᛗᚾᛁᚢᚩᚱᚩᚢᛋ,222
paintbrush,525308,0,ᛈᚪᛁᚾᛏᛒᚱᚢᛋᚻ,410
isoleucine,524622,0,ᛁᛋᚩᛚᛖᚢᚳᛁᚾᛖ,374
heartedness,524139,0,ᚻᛠᚱᛏᛖᛞᚾᛖᛋᛋ,560
opprobrium,524086,0,ᚩᛈᛈᚱᚩᛒᚱᛁᚢᛗ,288
appetizers,523993,0,ᚪᛈᛈᛖᛏᛁᛋᛖᚱᛋ,524
predeceased,523184,0,ᛈᚱᛖᛞᛖᚳᛠᛋᛖᛞ,608
sarcophagi,522807,0,ᛋᚪᚱᚳᚩᛈᚻᚪᚷᛁ,392
deactivated,522708,0,ᛞᛠᚳᛏᛁᚢᚪᛏᛖᛞ,616
insidiously,522183,0,ᛁᚾᛋᛁᛞᛡᚢᛋᛚᚣ,572
argentinian,521949,0,ᚪᚱᚷᛖᚾᛏᛁᚾᛡᚾ,476
prorogation,521847,0,ᛈᚱᚩᚱᚩᚷᚪᛏᛡᚾ,388
deputations,521791,0,ᛞᛖᛈᚢᛏᚪᛏᛡᚾᛋ,606
railwaymen,521660,0,ᚱᚪᛁᛚᚹᚪᚣᛗᛖᚾ,598
coastlines,521300,0,ᚳᚩᚪᛋᛏᛚᛁᚾᛖᛋ,482
interchanging,520676,0,ᛁᚾᛏᛖᚱᚳᚻᚪᛝᛝ,488
ethnicities,520624,0,ᛖᚦᚾᛁᚳᛁᛏᛁᛖᛋ,386
nephrology,520075,0,ᚾᛖᛈᚻᚱᚩᛚᚩᚷᚣ,380
unpolished,519991,0,ᚢᚾᛈᚩᛚᛁᛋᚻᛖᛞ,418
biomedicine,519974,0,ᛒᛡᛗᛖᛞᛁᚳᛁᚾᛖ,566
reverenced,519938,0,ᚱᛖᚢᛖᚱᛖᚾᚳᛖᛞ,424
arrogantly,519334,0,ᚪᚱᚱᚩᚷᚪᚾᛏᛚᚣ,504
nectarines,519311,0,ᚾᛖᚳᛏᚪᚱᛁᚾᛖᛋ,456
engorgement,519300,0,ᛖᛝᚩᚱᚷᛖᛗᛖᚾᛏ,474
acromegaly,519286,0,ᚪᚳᚱᚩᛗᛖᚷᚪᛚᚣ,556
publicised,519177,0,ᛈᚢᛒᛚᛁᚳᛁᛋᛖᛞ,464
affrighted,519122,0,ᚪᚠᚠᚱᛁᚷᚻᛏᛖᛞ,398
northumbrian,518775,0,ᚾᚩᚱᚦᚢᛗᛒᚱᛡᚾ,334
ferdinando,518698,0,ᚠᛖᚱᛞᛁᚾᚪᚾᛞᚩ,451
outfitters,518508,0,ᚩᚢᛏᚠᛁᛏᛏᛖᚱᛋ,351
fertilised,518294,0,ᚠᛖᚱᛏᛁᛚᛁᛋᛖᛞ,483
inculcation,518029,0,ᛁᚾᚳᚢᛚᚳᚪᛏᛡᚾ,454
motherboard,517928,0,ᛗᚩᚦᛖᚱᛒᚩᚪᚱᛞ,426
protoplast,517802,0,ᛈᚱᚩᛏᚩᛈᛚᚪᛋᛏ,452
invectives,517764,0,ᛁᚾᚢᛖᚳᛏᛁᚢᛖᛋ,356
bombardier,517686,0,ᛒᚩᛗᛒᚪᚱᛞᛁᛖᚱ,506
lubricator,516664,0,ᛚᚢᛒᚱᛁᚳᚪᛏᚩᚱ,366
centralism,516367,0,ᚳᛖᚾᛏᚱᚪᛚᛁᛋᛗ,504
isocyanate,516195,0,ᛁᛋᚩᚳᚣᚪᚾᚪᛏᛖ,556
torchlight,516158,0,ᛏᚩᚱᚳᚻᛚᛁᚷᚻᛏ,316
nightingales,515922,0,ᚾᛁᚷᚻᛏᛝᚪᛚᛖᛋ,528
desiderata,515440,0,ᛞᛖᛋᛁᛞᛖᚱᚪᛏᚪ,660
civilities,515365,0,ᚳᛁᚢᛁᛚᛁᛏᛁᛖᛋ,392
gravitated,515246,0,ᚷᚱᚪᚢᛁᛏᚪᛏᛖᛞ,530
heterodyne,514447,0,ᚻᛖᛏᛖᚱᚩᛞᚣᚾᛖ,522
copartners,513991,0,ᚳᚩᛈᚪᚱᛏᚾᛖᚱᛋ,390
osteomalacia,513916,0,ᚩᛋᛏᛇᛗᚪᛚᚪᚳᛡ,618
carpentier,513639,0,ᚳᚪᚱᛈᛖᚾᛏᛁᛖᚱ,428
miscellanea,513562,0,ᛗᛁᛋᚳᛖᛚᛚᚪᚾᛠ,616
ethnologist,513453,0,ᛖᚦᚾᚩᛚᚩᚷᛁᛋᛏ,348
uninspired,513284,0,ᚢᚾᛁᚾᛋᛈᛁᚱᛖᛞ,386
anastomosing,513165,0,ᚪᚾᚪᛋᛏᚩᛗᚩᛋᛝ,552
dreadnought,512728,0,ᛞᚱᛠᛞᚾᚩᚢᚷᚻᛏ,436
hornblower,512626,0,ᚻᚩᚱᚾᛒᛚᚩᚹᛖᚱ,308
picosecond,512566,0,ᛈᛁᚳᚩᛋᛖᚳᚩᚾᛞ,352
tetrahedra,511910,0,ᛏᛖᛏᚱᚪᚻᛖᛞᚱᚪ,580
propertius,511849,0,ᛈᚱᚩᛈᛖᚱᛏᛁᚢᛋ,328
anaxagoras,511268,0,ᚪᚾᚪᛉᚪᚷᚩᚱᚪᛋ,552
bridgetown,511037,0,ᛒᚱᛁᛞᚷᛖᛏᚩᚹᚾ,390
indirection,511020,0,ᛁᚾᛞᛁᚱᛖᚳᛏᛡᚾ,466
austerlitz,510860,0,ᚪᚢᛋᛏᛖᚱᛚᛁᛏᛋ,506
absorbable,510834,0,ᚪᛒᛋᚩᚱᛒᚪᛒᛚᛖ,588
escalators,510830,0,ᛖᛋᚳᚪᛚᚪᛏᚩᚱᛋ,530
harmlessly,510713,0,ᚻᚪᚱᛗᛚᛖᛋᛋᛚᚣ,624
songwriters,510564,0,ᛋᚩᛝᚹᚱᛁᛏᛖᚱᛋ,390
dispossess,510078,0,ᛞᛁᛋᛈᚩᛋᛋᛖᛋᛋ,502
palestrina,509674,0,ᛈᚪᛚᛖᛋᛏᚱᛁᚾᚪ,560
hypotenuse,509337,0,ᚻᚣᛈᚩᛏᛖᚾᚢᛋᛖ,454
compendious,508796,0,ᚳᚩᛗᛈᛖᚾᛞᛡᚢᛋ,482
hollanders,508652,0,ᚻᚩᛚᛚᚪᚾᛞᛖᚱᛋ,522
charitably,508452,0,ᚳᚻᚪᚱᛁᛏᚪᛒᛚᚣ,568
protrusions,508305,0,ᛈᚱᚩᛏᚱᚢᛋᛡᚾᛋ,376
sterilizer,507966,0,ᛋᛏᛖᚱᛁᛚᛁᛋᛖᚱ,456
unspeakably,507850,0,ᚢᚾᛋᛈᛠᚳᚪᛒᛚᚣ,584
hippodrome,507526,0,ᚻᛁᛈᛈᚩᛞᚱᚩᛗᛖ,392
basophilic,506515,0,ᛒᚪᛋᚩᛈᚻᛁᛚᛁᚳ,432
opalescent,506358,0,ᚩᛈᚪᛚᛖᛋᚳᛖᚾᛏ,508
tablecloths,506289,0,ᛏᚪᛒᛚᛖᚳᛚᚩᚦᛋ,508
glomerulus,506242,0,ᚷᛚᚩᛗᛖᚱᚢᛚᚢᛋ,378
centrifuging,506019,0,ᚳᛖᚾᛏᚱᛁᚠᚢᚷᛝ,311
reallocated,505799,0,ᚱᛠᛚᛚᚩᚳᚪᛏᛖᛞ,598
coccidiosis,505219,0,ᚳᚩᚳᚳᛁᛞᛡᛋᛁᛋ,410
intranasal,505161,0,ᛁᚾᛏᚱᚪᚾᚪᛋᚪᛚ,576
transpires,504943,0,ᛏᚱᚪᚾᛋᛈᛁᚱᛖᛋ,454
collimation,504783,0,ᚳᚩᛚᛚᛁᛗᚪᛏᛡᚾ,560
distrained,504380,0,ᛞᛁᛋᛏᚱᚪᛁᚾᛖᛞ,556
cormorants,504256,0,ᚳᚩᚱᛗᚩᚱᚪᚾᛏᛋ,358
landholder,504043,0,ᛚᚪᚾᛞᚻᚩᛚᛞᛖᚱ,558
dealerships,503867,0,ᛞᛠᛚᛖᚱᛋᚻᛁᛈᛋ,552
designedly,503838,0,ᛞᛖᛋᛁᚷᚾᛖᛞᛚᚣ,618
attractors,503497,0,ᚪᛏᛏᚱᚪᚳᛏᚩᚱᛋ,466
nanosecond,502997,0,ᚾᚪᚾᚩᛋᛖᚳᚩᚾᛞ,420
patrimonial,502987,0,ᛈᚪᛏᚱᛁᛗᚩᚾᛡᛚ,528
perennially,502975,0,ᛈᛖᚱᛖᚾᚾᛡᛚᛚᚣ,602
silversmith,502682,0,ᛋᛁᛚᚢᛖᚱᛋᛗᛁᚦ,398
unpatriotic,502595,0,ᚢᚾᛈᚪᛏᚱᛡᛏᛁᚳ,452
sketchbook,502591,0,ᛋᚳᛖᛏᚳᚻᛒᚩᚩᚳ,316
fastnesses,501767,0,ᚠᚪᛋᛏᚾᛖᛋᛋᛖᛋ,533
enormities,501377,0,ᛖᚾᚩᚱᛗᛁᛏᛁᛖᛋ,426
adsorbents,501013,0,ᚪᛞᛋᚩᚱᛒᛖᚾᛏᛋ,526
petrolatum,500641,0,ᛈᛖᛏᚱᚩᛚᚪᛏᚢᛗ,490
unsatisfying,500330,0,ᚢᚾᛋᚪᛏᛁᛋᚠᚣᛝ,509
micronesian,500273,0,ᛗᛁᚳᚱᚩᚾᛖᛋᛡᚾ,418
hyperlinks,499975,0,ᚻᚣᛈᛖᚱᛚᛁᚾᚳᛋ,446
cheesecloth,499690,0,ᚳᚻᛖᛖᛋᛖᚳᛚᚩᚦ,388
ceremonious,499578,0,ᚳᛖᚱᛖᛗᚩᚾᛡᚢᛋ,428
profanation,499498,0,ᛈᚱᚩᚠᚪᚾᚪᛏᛡᚾ,481
luxuriantly,499477,0,ᛚᚢᛉᚢᚱᛡᚾᛏᛚᚣ,508
electrifying,499447,0,ᛖᛚᛖᚳᛏᚱᛁᚠᚣᛝ,505
adornments,499422,0,ᚪᛞᚩᚱᚾᛗᛖᚾᛏᛋ,512
irregulars,499417,0,ᛁᚱᚱᛖᚷᚢᛚᚪᚱᛋ,374
dovetailed,498873,0,ᛞᚩᚢᛖᛏᚪᛁᛚᛖᛞ,582
pertinence,498811,0,ᛈᛖᚱᛏᛁᚾᛖᚾᚳᛖ,416
rhetorician,498744,0,ᚱᚻᛖᛏᚩᚱᛁᚳᛡᚾ,358
adventists,498650,0,ᚪᛞᚢᛖᚾᛏᛁᛋᛏᛋ,540
disbelieving,497927,0,ᛞᛁᛋᛒᛖᛚᛁᛖᚢᛝ,554
sidelights,497677,0,ᛋᛁᛞᛖᛚᛁᚷᚻᛏᛋ,496
unflattering,497089,0,ᚢᚾᚠᛚᚪᛏᛏᛖᚱᛝ,479
viewfinder,496466,0,ᚢᛁᛖᚹᚠᛁᚾᛞᛖᚱ,349
wintertime,496316,0,ᚹᛁᚾᛏᛖᚱᛏᛁᛗᛖ,444
offensives,496231,0,ᚩᚠᚠᛖᚾᛋᛁᚢᛖᛋ,314
anabaptist,496209,0,ᚪᚾᚪᛒᚪᛈᛏᛁᛋᛏ,626
clydesdale,496127,0,ᚳᛚᚣᛞᛖᛋᛞᚪᛚᛖ,724
polynesians,495938,0,ᛈᚩᛚᚣᚾᛖᛋᛡᚾᛋ,564
apprehends,495875,0,ᚪᛈᛈᚱᛖᚻᛖᚾᛞᛋ,522
imperiously,495583,0,ᛁᛗᛈᛖᚱᛡᚢᛋᛚᚣ,562
maeterlinck,495535,0,ᛗᚫᛏᛖᚱᛚᛁᚾᚳᚳ,468
ostracized,495524,0,ᚩᛋᛏᚱᚪᚳᛁᛋᛖᛞ,480
tambourine,494729,0,ᛏᚪᛗᛒᚩᚢᚱᛁᚾᛖ,436
unfruitful,494728,0,ᚢᚾᚠᚱᚢᛁᛏᚠᚢᛚ,216
tormentors,494658,0,ᛏᚩᚱᛗᛖᚾᛏᚩᚱᛋ,374
puerperium,494204,0,ᛈᚢᛖᚱᛈᛖᚱᛁᚢᛗ,350
greyhounds,493914,0,ᚷᚱᛖᚣᚻᚩᚢᚾᛞᛋ,402
brownstone,492820,0,ᛒᚱᚩᚹᚾᛋᛏᚩᚾᛖ,342
reinfection,492756,0,ᚱᛖᛁᚾᚠᛖᚳᛏᛡᚾ,415
reconquest,492546,0,ᚱᛖᚳᚩᚾᚳᚹᛖᛋᛏ,338
paramecium,491947,0,ᛈᚪᚱᚪᛗᛖᚳᛁᚢᛗ,504
recomputed,491906,0,ᚱᛖᚳᚩᛗᛈᚢᛏᛖᛞ,430
regimented,491871,0,ᚱᛖᚷᛁᛗᛖᚾᛏᛖᛞ,508
blastocyst,491844,0,ᛒᛚᚪᛋᛏᚩᚳᚣᛋᛏ,578
postglacial,491496,0,ᛈᚩᛋᛏᚷᛚᚪᚳᛡᛚ,542
confidante,491352,0,ᚳᚩᚾᚠᛁᛞᚪᚾᛏᛖ,423
lighterage,491157,0,ᛚᛁᚷᚻᛏᛖᚱᚪᚷᛖ,462
resolvable,491002,0,ᚱᛖᛋᚩᛚᚢᚪᛒᛚᛖ,512
interfaced,490794,0,ᛁᚾᛏᛖᚱᚠᚪᚳᛖᛞ,465
hesitations,490400,0,ᚻᛖᛋᛁᛏᚪᛏᛡᚾᛋ,578
hemoptysis,490266,0,ᚻᛖᛗᚩᛈᛏᚣᛋᛁᛋ,510
agglutinin,490122,0,ᚪᚷᚷᛚᚢᛏᛁᚾᛁᚾ,386
disparaged,490015,0,ᛞᛁᛋᛈᚪᚱᚪᚷᛖᛞ,594
cancellous,489911,0,ᚳᚪᚾᚳᛖᛚᛚᚩᚢᛋ,428
automakers,489623,0,ᚪᚢᛏᚩᛗᚪᚳᛖᚱᛋ,478
hyperplane,489580,0,ᚻᚣᛈᛖᚱᛈᛚᚪᚾᛖ,556
hovercraft,489429,0,ᚻᚩᚢᛖᚱᚳᚱᚪᚠᛏ,293
whitehorse,488940,0,ᚹᚻᛁᛏᛖᚻᚩᚱᛋᛖ,360
inheritors,488886,0,ᛁᚾᚻᛖᚱᛁᛏᚩᚱᛋ,322
unsurveyed,488766,0,ᚢᚾᛋᚢᚱᚢᛖᚣᛖᛞ,428
presidente,488681,0,ᛈᚱᛖᛋᛁᛞᛖᚾᛏᛖ,516
incarnated,488233,0,ᛁᚾᚳᚪᚱᚾᚪᛏᛖᛞ,522
surcharged,488078,0,ᛋᚢᚱᚳᚻᚪᚱᚷᛖᛞ,384
multipolar,487924,0,ᛗᚢᛚᛏᛁᛈᚩᛚᚪᚱ,468
bangladeshi,487533,0,ᛒᚪᛝᛚᚪᛞᛖᛋᚻᛁ,670
divestment,487496,0,ᛞᛁᚢᛖᛋᛏᛗᛖᚾᛏ,528
bacitracin,487255,0,ᛒᚪᚳᛁᛏᚱᚪᚳᛁᚾ,442
annexations,487128,0,ᚪᚾᚾᛖᛉᚪᛏᛡᚾᛋ,614
affability,487059,0,ᚪᚠᚠᚪᛒᛁᛚᛁᛏᚣ,556
liberators,486755,0,ᛚᛁᛒᛖᚱᚪᛏᚩᚱᛋ,470
footbridge,486736,0,ᚠᚩᚩᛏᛒᚱᛁᛞᚷᛖ,351
landholdings,486551,0,ᛚᚪᚾᛞᚻᚩᛚᛞᛝᛋ,612
chondrites,486533,0,ᚳᚻᚩᚾᛞᚱᛁᛏᛖᛋ,382
castigated,486484,0,ᚳᚪᛋᛏᛁᚷᚪᛏᛖᛞ,582
siltstones,485975,0,ᛋᛁᛚᛏᛋᛏᚩᚾᛖᛋ,484
inwardness,485795,0,ᛁᚾᚹᚪᚱᛞᚾᛖᛋᛋ,478
imprimatur,485771,0,ᛁᛗᛈᚱᛁᛗᚪᛏᚢᚱ,428
chopsticks,485090,0,ᚳᚻᚩᛈᛋᛏᛁᚳᚳᛋ,308
weatherproof,484355,0,ᚹᛠᚦᛖᚱᛈᚱᚩᚩᚠ,281
chrysotile,484343,0,ᚳᚻᚱᚣᛋᚩᛏᛁᛚᛖ,440
thoracotomy,484298,0,ᚦᚩᚱᚪᚳᚩᛏᚩᛗᚣ,380
riverfront,484209,0,ᚱᛁᚢᛖᚱᚠᚱᚩᚾᛏ,231
sociobiology,483616,0,ᛋᚩᚳᛡᛒᛡᛚᚩᚷᚣ,548
radiobiology,483573,0,ᚱᚪᛞᛡᛒᛡᛚᚩᚷᚣ,672
psychopaths,483350,0,ᛈᛋᚣᚳᚻᚩᛈᚪᚦᛋ,440
foreshadow,483227,0,ᚠᚩᚱᛖᛋᚻᚪᛞᚩᚹ,375
grenadines,482859,0,ᚷᚱᛖᚾᚪᛞᛁᚾᛖᛋ,490
metabolize,482604,0,ᛗᛖᛏᚪᛒᚩᛚᛁᛋᛖ,586
colonnades,482474,0,ᚳᚩᛚᚩᚾᚾᚪᛞᛖᛋ,464
harmonizes,482018,0,ᚻᚪᚱᛗᚩᚾᛁᛋᛖᛋ,442
biosciences,481372,0,ᛒᛡᛋᚳᛁᛖᚾᚳᛖᛋ,494
interlocks,481305,0,ᛁᚾᛏᛖᚱᛚᚩᚳᚳᛋ,356
mainframes,481058,0,ᛗᚪᛁᚾᚠᚱᚪᛗᛖᛋ,529
hieronymus,480840,0,ᚻᛁᛖᚱᚩᚾᚣᛗᚢᛋ,398
extractors,480609,0,ᛖᛉᛏᚱᚪᚳᛏᚩᚱᛋ,424
defaulters,480338,0,ᛞᛖᚠᚪᚢᛚᛏᛖᚱᛋ,521
coarctation,479825,0,ᚳᚩᚪᚱᚳᛏᚪᛏᛡᚾ,492
dehiscence,479502,0,ᛞᛖᚻᛁᛋᚳᛖᚾᚳᛖ,452
formalised,479012,0,ᚠᚩᚱᛗᚪᛚᛁᛋᛖᛞ,501
dramatizes,478872,0,ᛞᚱᚪᛗᚪᛏᛁᛋᛖᛋ,628
pessimists,478826,0,ᛈᛖᛋᛋᛁᛗᛁᛋᛏᛋ,514
christabel,478658,0,ᚳᚻᚱᛁᛋᛏᚪᛒᛖᛚ,488
nightshade,478421,0,ᚾᛁᚷᚻᛏᛋᚻᚪᛞᛖ,488
colouration,478129,0,ᚳᚩᛚᚩᚢᚱᚪᛏᛡᚾ,406
accentuating,478073,0,ᚪᚳᚳᛖᚾᛏᚢᚪᛏᛝ,516
mismanaged,478065,0,ᛗᛁᛋᛗᚪᚾᚪᚷᛖᛞ,622
precipitin,478032,0,ᛈᚱᛖᚳᛁᛈᛁᛏᛁᚾ,358
dimensioned,477968,0,ᛞᛁᛗᛖᚾᛋᛡᚾᛖᛞ,632
clerestory,477761,0,ᚳᛚᛖᚱᛖᛋᛏᚩᚱᚣ,464
invigorate,476308,0,ᛁᚾᚢᛁᚷᚩᚱᚪᛏᛖ,352
pantheistic,476293,0,ᛈᚪᚾᚦᛖᛁᛋᛏᛁᚳ,428
ranunculus,476269,0,ᚱᚪᚾᚢᚾᚳᚢᛚᚢᛋ,314
tenderloin,476257,0,ᛏᛖᚾᛞᛖᚱᛚᚩᛁᚾ,462
cordierite,476153,0,ᚳᚩᚱᛞᛁᛖᚱᛁᛏᛖ,386
geneticist,475213,0,ᚷᛖᚾᛖᛏᛁᚳᛁᛋᛏ,426
epitomizes,474878,0,ᛖᛈᛁᛏᚩᛗᛁᛋᛖᛋ,482
bolshevist,474584,0,ᛒᚩᛚᛋᚻᛖᚢᛁᛋᛏ,430
splendours,474544,0,ᛋᛈᛚᛖᚾᛞᚩᚢᚱᛋ,428
picaresque,474082,0,ᛈᛁᚳᚪᚱᛖᛋᚳᚹᛖ,414
metaphysic,473415,0,ᛗᛖᛏᚪᛈᚻᚣᛋᛁᚳ,560
nucleosides,472897,0,ᚾᚢᚳᛚᛇᛋᛁᛞᛖᛋ,452
polyatomic,472639,0,ᛈᚩᛚᚣᚪᛏᚩᛗᛁᚳ,504
dissociates,472618,0,ᛞᛁᛋᛋᚩᚳᛡᛏᛖᛋ,532
creditably,472566,0,ᚳᚱᛖᛞᛁᛏᚪᛒᛚᚣ,604
viviparous,472376,0,ᚢᛁᚢᛁᛈᚪᚱᚩᚢᛋ,282
bondholder,471517,0,ᛒᚩᚾᛞᚻᚩᛚᛞᛖᚱ,456
chiaroscuro,471501,0,ᚳᚻᛡᚱᚩᛋᚳᚢᚱᚩ,248
dilettante,471325,0,ᛞᛁᛚᛖᛏᛏᚪᚾᛏᛖ,630
reparative,470998,0,ᚱᛖᛈᚪᚱᚪᛏᛁᚢᛖ,486
anglicanism,470937,0,ᚪᛝᛚᛁᚳᚪᚾᛁᛋᛗ,574
pythagoreans,470680,0,ᛈᚣᚦᚪᚷᚩᚱᛠᚾᛋ,474
polyvalent,470493,0,ᛈᚩᛚᚣᚢᚪᛚᛖᚾᛏ,554
fireproofing,470280,0,ᚠᛁᚱᛖᛈᚱᚩᚩᚠᛝ,260
propertied,470046,0,ᛈᚱᚩᛈᛖᚱᛏᛁᛖᛞ,428
storerooms,469939,0,ᛋᛏᚩᚱᛖᚱᚩᚩᛗᛋ,346
fabricator,469676,0,ᚠᚪᛒᚱᛁᚳᚪᛏᚩᚱ,389
timekeeper,469450,0,ᛏᛁᛗᛖᚳᛖᛖᛈᛖᚱ,496
retrovirus,469186,0,ᚱᛖᛏᚱᚩᚢᛁᚱᚢᛋ,256
persepolis,467968,0,ᛈᛖᚱᛋᛖᛈᚩᛚᛁᛋ,448
juggernaut,467967,0,ᛂᚢᚷᚷᛖᚱᚾᚪᚢᛏ,340
trilateral,467727,0,ᛏᚱᛁᛚᚪᛏᛖᚱᚪᛚ,578
backtracking,467318,0,ᛒᚪᚳᚳᛏᚱᚪᚳᚳᛝ,456
vigilantes,467161,0,ᚢᛁᚷᛁᛚᚪᚾᛏᛖᛋ,460
perimeters,467114,0,ᛈᛖᚱᛁᛗᛖᛏᛖᚱᛋ,480
usurpations,466927,0,ᚢᛋᚢᚱᛈᚪᛏᛡᚾᛋ,458
catapulted,466907,0,ᚳᚪᛏᚪᛈᚢᛚᛏᛖᛞ,600
travertine,466879,0,ᛏᚱᚪᚢᛖᚱᛏᛁᚾᛖ,434
gamekeeper,466601,0,ᚷᚪᛗᛖᚳᛖᛖᛈᛖᚱ,520
ectodermal,466467,0,ᛖᚳᛏᚩᛞᛖᚱᛗᚪᛚ,554
flocculent,466065,0,ᚠᛚᚩᚳᚳᚢᛚᛖᚾᛏ,339
provisioned,465985,0,ᛈᚱᚩᚢᛁᛋᛡᚾᛖᛞ,440
moralities,465809,0,ᛗᚩᚱᚪᛚᛁᛏᛁᛖᛋ,500
poultrymen,465543,0,ᛈᚩᚢᛚᛏᚱᚣᛗᛖᚾ,466
teotihuacan,465237,0,ᛏᛇᛏᛁᚻᚢᚪᚳᚪᚾ,452
gargantuan,465094,0,ᚷᚪᚱᚷᚪᚾᛏᚢᚪᚾ,456
hollowness,464688,0,ᚻᚩᛚᛚᚩᚹᚾᛖᛋᛋ,404
leguminosae,463289,0,ᛚᛖᚷᚢᛗᛁᚾᚩᛋᚫ,452
acetabular,463187,0,ᚪᚳᛖᛏᚪᛒᚢᛚᚪᚱ,578
hummingbirds,462638,0,ᚻᚢᛗᛗᛝᛒᛁᚱᛞᛋ,492
flatterers,462601,0,ᚠᛚᚪᛏᛏᛖᚱᛖᚱᛋ,499
equinoctial,462525,0,ᛖᚳᚹᛁᚾᚩᚳᛏᛡᛚ,418
cholangitis,462451,0,ᚳᚻᚩᛚᚪᛝᛁᛏᛁᛋ,466
forecaster,462001,0,ᚠᚩᚱᛖᚳᚪᛋᛏᛖᚱ,387
severities,461646,0,ᛋᛖᚢᛖᚱᛁᛏᛁᛖᛋ,442
occultation,461118,0,ᚩᚳᚳᚢᛚᛏᚪᛏᛡᚾ,460
homophobic,460837,0,ᚻᚩᛗᚩᛈᚻᚩᛒᛁᚳ,286
revivalist,460229,0,ᚱᛖᚢᛁᚢᚪᛚᛁᛋᛏ,428
explicated,460159,0,ᛖᛉᛈᛚᛁᚳᚪᛏᛖᛞ,586
chessboard,459933,0,ᚳᚻᛖᛋᛋᛒᚩᚪᚱᛞ,474
scrapbooks,459810,0,ᛋᚳᚱᚪᛈᛒᚩᚩᚳᛋ,358
derisively,459390,0,ᛞᛖᚱᛁᛋᛁᚢᛖᛚᚣ,528
overzealous,458979,0,ᚩᚢᛖᚱᛋᛠᛚᚩᚢᛋ,386
prophesies,458432,0,ᛈᚱᚩᛈᚻᛖᛋᛁᛖᛋ,398
visualised,458183,0,ᚢᛁᛋᚢᚪᛚᛁᛋᛖᛞ,500
announcers,458171,0,ᚪᚾᚾᚩᚢᚾᚳᛖᚱᛋ,338
parishioner,457849,0,ᛈᚪᚱᛁᛋᚻᛡᚾᛖᚱ,472
cheerleader,457754,0,ᚳᚻᛖᛖᚱᛚᛠᛞᛖᚱ,530
recantation,457686,0,ᚱᛖᚳᚪᚾᛏᚪᛏᛡᚾ,568
ferociously,457608,0,ᚠᛖᚱᚩᚳᛡᚢᛋᛚᚣ,439
disturbingly,457244,0,ᛞᛁᛋᛏᚢᚱᛒᛝᛚᚣ,562
chickenpox,457160,0,ᚳᚻᛁᚳᚳᛖᚾᛈᚩᛉ,286
campaigner,457024,0,ᚳᚪᛗᛈᚪᛁᚷᚾᛖᚱ,476
conventual,456616,0,ᚳᚩᚾᚢᛖᚾᛏᚢᚪᛚ,380
intimacies,456552,0,ᛁᚾᛏᛁᛗᚪᚳᛁᛖᛋ,482
impeccably,456549,0,ᛁᛗᛈᛖᚳᚳᚪᛒᛚᚣ,572
materialise,456358,0,ᛗᚪᛏᛖᚱᛡᛚᛁᛋᛖ,636
recuperating,456152,0,ᚱᛖᚳᚢᛈᛖᚱᚪᛏᛝ,450
revivalism,455762,0,ᚱᛖᚢᛁᚢᚪᛚᛁᛋᛗ,440
versicolor,455760,0,ᚢᛖᚱᛋᛁᚳᚩᛚᚩᚱ,276
detonations,455621,0,ᛞᛖᛏᚩᚾᚪᛏᛡᚾᛋ,596
synthesizes,455225,0,ᛋᚣᚾᚦᛖᛋᛁᛋᛖᛋ,514
hyphenated,454475,0,ᚻᚣᛈᚻᛖᚾᚪᛏᛖᛞ,600
graveyards,454413,0,ᚷᚱᚪᚢᛖᚣᚪᚱᛞᛋ,548
highschool,454283,0,ᚻᛁᚷᚻᛋᚳᚻᚩᚩᛚ,270
amalgamating,454194,0,ᚪᛗᚪᛚᚷᚪᛗᚪᛏᛝ,758
carolinians,453818,0,ᚳᚪᚱᚩᛚᛁᚾᛡᚾᛋ,450
okeechobee,453724,0,ᚩᚳᛖᛖᚳᚻᚩᛒᛖᛖ,392
bottomland,453186,0,ᛒᚩᛏᛏᚩᛗᛚᚪᚾᛞ,552
privateering,452823,0,ᛈᚱᛁᚢᚪᛏᛖᛖᚱᛝ,468
covariances,452447,0,ᚳᚩᚢᚪᚱᛡᚾᚳᛖᛋ,400
collarbone,452011,0,ᚳᚩᛚᛚᚪᚱᛒᚩᚾᛖ,438
automatism,451782,0,ᚪᚢᛏᚩᛗᚪᛏᛁᛋᛗ,548
benefaction,451767,0,ᛒᛖᚾᛖᚠᚪᚳᛏᛡᚾ,531
homologies,451675,0,ᚻᚩᛗᚩᛚᚩᚷᛁᛖᛋ,356
generalise,451620,0,ᚷᛖᚾᛖᚱᚪᛚᛁᛋᛖ,512
flirtatious,451538,0,ᚠᛚᛁᚱᛏᚪᛏᛡᚢᛋ,495
oligoclase,451427,0,ᚩᛚᛁᚷᚩᚳᛚᚪᛋᛖ,438
antipathies,451425,0,ᚪᚾᛏᛁᛈᚪᚦᛁᛖᛋ,512
effacement,451219,0,ᛖᚠᚠᚪᚳᛖᛗᛖᚾᛏ,474
tintoretto,450575,0,ᛏᛁᚾᛏᚩᚱᛖᛏᛏᚩ,388
timescales,450144,0,ᛏᛁᛗᛖᛋᚳᚪᛚᛖᛋ,584
requesters,449887,0,ᚱᛖᚳᚹᛖᛋᛏᛖᚱᛋ,420
blockhouse,449884,0,ᛒᛚᚩᚳᚳᚻᚩᚢᛋᛖ,320
refreshingly,449591,0,ᚱᛖᚠᚱᛖᛋᚻᛝᛚᚣ,489
anhydrides,449454,0,ᚪᚾᚻᚣᛞᚱᛁᛞᛖᛋ,592
littleness,449410,0,ᛚᛁᛏᛏᛚᛖᚾᛖᛋᛋ,564
crescentic,448836,0,ᚳᚱᛖᛋᚳᛖᚾᛏᛁᚳ,356
stickiness,448466,0,ᛋᛏᛁᚳᚳᛁᚾᛖᛋᛋ,402
undertones,448321,0,ᚢᚾᛞᛖᚱᛏᚩᚾᛖᛋ,414
hesitatingly,447902,0,ᚻᛖᛋᛁᛏᚪᛏᛝᛚᚣ,644
bedraggled,447824,0,ᛒᛖᛞᚱᚪᚷᚷᛚᛖᛞ,588
viciousness,447242,0,ᚢᛁᚳᛡᚢᛋᚾᛖᛋᛋ,412
participial,446848,0,ᛈᚪᚱᛏᛁᚳᛁᛈᛡᛚ,508
floundered,446536,0,ᚠᛚᚩᚢᚾᛞᛖᚱᛖᛞ,437
headquarter,446211,0,ᚻᛠᛞᚳᚹᚪᚱᛏᛖᚱ,498
catechisms,445813,0,ᚳᚪᛏᛖᚳᚻᛁᛋᛗᛋ,480
courtesans,445561,0,ᚳᚩᚢᚱᛏᛖᛋᚪᚾᛋ,392
economizer,445248,0,ᛖᚳᚩᚾᚩᛗᛁᛋᛖᚱ,356
pleomorphic,445177,0,ᛈᛚᛇᛗᚩᚱᛈᚻᛁᚳ,356
hairdressing,444967,0,ᚻᚪᛁᚱᛞᚱᛖᛋᛋᛝ,514
trespassed,444330,0,ᛏᚱᛖᛋᛈᚪᛋᛋᛖᛞ,592
memorialist,444314,0,ᛗᛖᛗᚩᚱᛡᛚᛁᛋᛏ,550
gonococcus,444067,0,ᚷᚩᚾᚩᚳᚩᚳᚳᚢᛋ,162
pulverised,444012,0,ᛈᚢᛚᚢᛖᚱᛁᛋᛖᛞ,440
prefigured,443921,0,ᛈᚱᛖᚠᛁᚷᚢᚱᛖᛞ,341
innominate,443882,0,ᛁᚾᚾᚩᛗᛁᚾᚪᛏᛖ,450
popularizing,443877,0,ᛈᚩᛈᚢᛚᚪᚱᛁᛋᛝ,440
subalterns,443775,0,ᛋᚢᛒᚪᛚᛏᛖᚱᚾᛋ,506
cryogenics,443758,0,ᚳᚱᚣᚩᚷᛖᚾᛁᚳᛋ,344
disputable,443730,0,ᛞᛁᛋᛈᚢᛏᚪᛒᛚᛖ,576
chartreuse,443529,0,ᚳᚻᚪᚱᛏᚱᛖᚢᛋᛖ,404
photophobia,443131,0,ᛈᚻᚩᛏᚩᛈᚻᚩᛒᛡ,380
octahedron,443127,0,ᚩᚳᛏᚪᚻᛖᛞᚱᚩᚾ,402
dependance,443066,0,ᛞᛖᛈᛖᚾᛞᚪᚾᚳᛖ,590
denominate,443061,0,ᛞᛖᚾᚩᛗᛁᚾᚪᛏᛖ,546
depolarizing,442916,0,ᛞᛖᛈᚩᛚᚪᚱᛁᛋᛝ,550
paymasters,442750,0,ᛈᚪᚣᛗᚪᛋᛏᛖᚱᛋ,654
bronchioles,442479,0,ᛒᚱᚩᚾᚳᚻᛡᛚᛖᛋ,444
deglutition,442287,0,ᛞᛖᚷᛚᚢᛏᛁᛏᛡᚾ,534
scapegoats,442169,0,ᛋᚳᚪᛈᛖᚷᚩᚪᛏᛋ,506
imperilled,441890,0,ᛁᛗᛈᛖᚱᛁᛚᛚᛖᛞ,556
taxonomies,441847,0,ᛏᚪᛉᚩᚾᚩᛗᛁᛖᛋ,468
trumpeters,440989,0,ᛏᚱᚢᛗᛈᛖᛏᛖᚱᛋ,444
floodgates,440830,0,ᚠᛚᚩᚩᛞᚷᚪᛏᛖᛋ,471
afrikaners,440798,0,ᚪᚠᚱᛁᚳᚪᚾᛖᚱᛋ,411
hemostatic,440456,0,ᚻᛖᛗᚩᛋᛏᚪᛏᛁᚳ,480
punctilious,440149,0,ᛈᚢᚾᚳᛏᛁᛚᛡᚢᛋ,414
cantaloupe,439630,0,ᚳᚪᚾᛏᚪᛚᚩᚢᛈᛖ,488
resorcinol,439280,0,ᚱᛖᛋᚩᚱᚳᛁᚾᚩᛚ,302
percussive,439039,0,ᛈᛖᚱᚳᚢᛋᛋᛁᚢᛖ,344
forestalling,438983,0,ᚠᚩᚱᛖᛋᛏᚪᛚᛚᛝ,521
unsurprising,438884,0,ᚢᚾᛋᚢᚱᛈᚱᛁᛋᛝ,316
actinolite,438871,0,ᚪᚳᛏᛁᚾᚩᛚᛁᛏᛖ,466
bloodletting,438825,0,ᛒᛚᚩᚩᛞᛚᛖᛏᛏᛝ,574
agoraphobia,438712,0,ᚪᚷᚩᚱᚪᛈᚻᚩᛒᛡ,470
charlatans,438646,0,ᚳᚻᚪᚱᛚᚪᛏᚪᚾᛋ,552
blameworthy,438638,0,ᛒᛚᚪᛗᛖᚹᚩᚱᚦᚣ,514
blackguard,438602,0,ᛒᛚᚪᚳᚳᚷᚢᚪᚱᛞ,474
neurotoxic,437796,0,ᚾᛖᚢᚱᚩᛏᚩᛉᛁᚳ,274
abatements,437742,0,ᚪᛒᚪᛏᛖᛗᛖᚾᛏᛋ,660
intendment,437718,0,ᛁᚾᛏᛖᚾᛞᛗᛖᚾᛏ,530
chaplaincy,437645,0,ᚳᚻᚪᛈᛚᚪᛁᚾᚳᚣ,522
carbonation,437470,0,ᚳᚪᚱᛒᚩᚾᚪᛏᛡᚾ,510
glossaries,437233,0,ᚷᛚᚩᛋᛋᚪᚱᛁᛖᛋ,462
tranquilly,437171,0,ᛏᚱᚪᚾᚳᚹᛁᛚᛚᚣ,508
dehumanizing,436977,0,ᛞᛖᚻᚢᛗᚪᚾᛁᛋᛝ,542
multinomial,436773,0,ᛗᚢᛚᛏᛁᚾᚩᛗᛡᛚ,524
personable,436519,0,ᛈᛖᚱᛋᚩᚾᚪᛒᛚᛖ,508
oscillated,436376,0,ᚩᛋᚳᛁᛚᛚᚪᛏᛖᛞ,562
dosimeters,436338,0,ᛞᚩᛋᛁᛗᛖᛏᛖᚱᛋ,508
underpants,436312,0,ᚢᚾᛞᛖᚱᛈᚪᚾᛏᛋ,480
urological,436279,0,ᚢᚱᚩᛚᚩᚷᛁᚳᚪᛚ,332
anaplastic,436226,0,ᚪᚾᚪᛈᛚᚪᛋᛏᛁᚳ,592
newsgroups,436197,0,ᚾᛖᚹᛋᚷᚱᚩᚢᛈᛋ,302
crosscutting,436125,0,ᚳᚱᚩᛋᛋᚳᚢᛏᛏᛝ,350
taxability,436047,0,ᛏᚪᛉᚪᛒᛁᛚᛁᛏᚣ,658
unpolluted,435894,0,ᚢᚾᛈᚩᛚᛚᚢᛏᛖᛞ,446
tactically,435631,0,ᛏᚪᚳᛏᛁᚳᚪᛚᛚᚣ,618
waistcoats,435537,0,ᚹᚪᛁᛋᛏᚳᚩᚪᛏᛋ,488
meetinghouse,435466,0,ᛗᛖᛖᛏᛝᚻᚩᚢᛋᛖ,496
unapproved,434589,0,ᚢᚾᚪᛈᛈᚱᚩᚢᛖᛞ,392
militarist,434379,0,ᛗᛁᛚᛁᛏᚪᚱᛁᛋᛏ,516
asbestosis,434111,0,ᚪᛋᛒᛖᛋᛏᚩᛋᛁᛋ,534
extinguishes,433657,0,ᛖᛉᛏᛝᚢᛁᛋᚻᛖᛋ,482
interments,433363,0,ᛁᚾᛏᛖᚱᛗᛖᚾᛏᛋ,476
literacies,433255,0,ᛚᛁᛏᛖᚱᚪᚳᛁᛖᛋ,502
wheelhouse,433249,0,ᚹᚻᛖᛖᛚᚻᚩᚢᛋᛖ,402
preceptors,433230,0,ᛈᚱᛖᚳᛖᛈᛏᚩᚱᛋ,374
incongruent,432979,0,ᛁᚾᚳᚩᛝᚱᚢᛖᚾᛏ,328
legitimating,432715,0,ᛚᛖᚷᛁᛏᛁᛗᚪᛏᛝ,584
amateurish,432554,0,ᚪᛗᚪᛏᛖᚢᚱᛁᛋᚻ,512
misfeasance,432399,0,ᛗᛁᛋᚠᛠᛋᚪᚾᚳᛖ,525
bookbinder,432196,0,ᛒᚩᚩᚳᛒᛁᚾᛞᛖᚱ,376
effeminacy,432086,0,ᛖᚠᚠᛖᛗᛁᚾᚪᚳᚣ,482
breadcrumbs,432013,0,ᛒᚱᛠᛞᚳᚱᚢᛗᛒᛋ,482
immobilize,431865,0,ᛁᛗᛗᚩᛒᛁᛚᛁᛋᛖ,496
werewolves,431815,0,ᚹᛖᚱᛖᚹᚩᛚᚢᛖᛋ,386
decrements,431777,0,ᛞᛖᚳᚱᛖᛗᛖᚾᛏᛋ,526
telegraphing,431417,0,ᛏᛖᛚᛖᚷᚱᚪᛈᚻᛝ,536
repellents,431056,0,ᚱᛖᛈᛖᛚᛚᛖᚾᛏᛋ,542
questioningly,431041,0,ᚳᚹᛖᛋᛏᛡᚾᛝᛚᚣ,602
overpriced,430921,0,ᚩᚢᛖᚱᛈᚱᛁᚳᛖᛞ,342
sojourners,430853,0,ᛋᚩᛂᚩᚢᚱᚾᛖᚱᛋ,278
finiteness,429714,0,ᚠᛁᚾᛁᛏᛖᚾᛖᛋᛋ,421
mendicants,429466,0,ᛗᛖᚾᛞᛁᚳᚪᚾᛏᛋ,538
peninsulas,429380,0,ᛈᛖᚾᛁᚾᛋᚢᛚᚪᛋ,478
unemotional,428845,0,ᚢᚾᛖᛗᚩᛏᛡᚾᚪᛚ,542
circulator,427872,0,ᚳᛁᚱᚳᚢᛚᚪᛏᚩᚱ,318
equalities,427861,0,ᛖᚳᚹᚪᛚᛁᛏᛁᛖᛋ,510
ownerships,427814,0,ᚩᚹᚾᛖᚱᛋᚻᛁᛈᛋ,336
defalcation,427617,0,ᛞᛖᚠᚪᛚᚳᚪᛏᛡᚾ,633
magnificat,427541,0,ᛗᚪᚷᚾᛁᚠᛁᚳᚪᛏ,447
arthrodesis,427371,0,ᚪᚱᚦᚱᚩᛞᛖᛋᛁᛋ,424
applesauce,427160,0,ᚪᛈᛈᛚᛖᛋᚪᚢᚳᛖ,556
endorphins,427129,0,ᛖᚾᛞᚩᚱᛈᚻᛁᚾᛋ,382
eurodollar,426927,0,ᛖᚢᚱᚩᛞᚩᛚᛚᚪᚱ,438
perpetrating,426648,0,ᛈᛖᚱᛈᛖᛏᚱᚪᛏᛝ,536
behaviorist,426418,0,ᛒᛖᚻᚪᚢᛡᚱᛁᛋᛏ,512
monopolizing,426261,0,ᛗᚩᚾᚩᛈᚩᛚᛁᛋᛝ,400
supervened,426239,0,ᛋᚢᛈᛖᚱᚢᛖᚾᛖᛞ,432
amygdaloid,425884,0,ᚪᛗᚣᚷᛞᚪᛚᚩᛁᛞ,674
phantasies,425873,0,ᛈᚻᚪᚾᛏᚪᛋᛁᛖᛋ,552
centromere,425396,0,ᚳᛖᚾᛏᚱᚩᛗᛖᚱᛖ,402
manifestos,425381,0,ᛗᚪᚾᛁᚠᛖᛋᛏᚩᛋ,469
airfreight,425346,0,ᚪᛁᚱᚠᚱᛖᛁᚷᚻᛏ,349
conciliator,424337,0,ᚳᚩᚾᚳᛁᛚᛡᛏᚩᚱ,350
palimpsest,424083,0,ᛈᚪᛚᛁᛗᛈᛋᛖᛋᛏ,590
bellarmine,423737,0,ᛒᛖᛚᛚᚪᚱᛗᛁᚾᛖ,580
barbershop,423403,0,ᛒᚪᚱᛒᛖᚱᛋᚻᚩᛈ,434
denigration,423359,0,ᛞᛖᚾᛁᚷᚱᚪᛏᛡᚾ,536
whitsunday,423286,0,ᚹᚻᛁᛏᛋᚢᚾᛞᚪᚣ,506
pirandello,423197,0,ᛈᛁᚱᚪᚾᛞᛖᛚᛚᚩ,520
moustaches,422940,0,ᛗᚩᚢᛋᛏᚪᚳᚻᛖᛋ,446
disquieted,422844,0,ᛞᛁᛋᚳᚹᛁᛖᛏᛖᛞ,518
balanchine,422433,0,ᛒᚪᛚᚪᚾᚳᚻᛁᚾᛖ,520
novelistic,422104,0,ᚾᚩᚢᛖᛚᛁᛋᛏᛁᚳ,366
schliemann,421837,0,ᛋᚳᚻᛚᛁᛖᛗᚪᚾᚾ,486
flagstones,421589,0,ᚠᛚᚪᚷᛋᛏᚩᚾᛖᛋ,457
indemnifying,421185,0,ᛁᚾᛞᛖᛗᚾᛁᚠᚣᛝ,531
osteoclasts,421167,0,ᚩᛋᛏᛇᚳᛚᚪᛋᛏᛋ,508
wraparound,420862,0,ᚹᚱᚪᛈᚪᚱᚩᚢᚾᛞ,406
enantiomers,420640,0,ᛖᚾᚪᚾᛏᛡᛗᛖᚱᛋ,590
wordlessly,420490,0,ᚹᚩᚱᛞᛚᛖᛋᛋᛚᚣ,548
sanitarians,420454,0,ᛋᚪᚾᛁᛏᚪᚱᛡᚾᛋ,566
highwaymen,420126,0,ᚻᛁᚷᚻᚹᚪᚣᛗᛖᚾ,480
unredeemed,419600,0,ᚢᚾᚱᛖᛞᛖᛖᛗᛖᛞ,560
noncurrent,419547,0,ᚾᚩᚾᚳᚢᚱᚱᛖᚾᛏ,258
baptistery,419016,0,ᛒᚪᛈᛏᛁᛋᛏᛖᚱᚣ,584
proserpine,418772,0,ᛈᚱᚩᛋᛖᚱᛈᛁᚾᛖ,362
lancastrian,417858,0,ᛚᚪᚾᚳᚪᛋᛏᚱᛡᚾ,568
architrave,416748,0,ᚪᚱᚳᚻᛁᛏᚱᚪᚢᛖ,412
asperities,416711,0,ᚪᛋᛈᛖᚱᛁᛏᛁᛖᛋ,512
relativist,416708,0,ᚱᛖᛚᚪᛏᛁᚢᛁᛋᛏ,484
porcelains,416671,0,ᛈᚩᚱᚳᛖᛚᚪᛁᚾᛋ,424
streetcars,416572,0,ᛋᛏᚱᛖᛖᛏᚳᚪᚱᛋ,490
scoreboard,416282,0,ᛋᚳᚩᚱᛖᛒᚩᚪᚱᛞ,416
attenuates,416146,0,ᚪᛏᛏᛖᚾᚢᚪᛏᛖᛋ,590
breastworks,415689,0,ᛒᚱᛠᛋᛏᚹᚩᚱᚳᛋ,396
iconoclasm,415665,0,ᛁᚳᚩᚾᚩᚳᛚᚪᛋᛗ,394
warehoused,415551,0,ᚹᚪᚱᛖᚻᚩᚢᛋᛖᛞ,436
arabesques,415515,0,ᚪᚱᚪᛒᛖᛋᚳᚹᛖᛋ,538
diffusible,414902,0,ᛞᛁᚠᚠᚢᛋᛁᛒᛚᛖ,412
peacemakers,414741,0,ᛈᛠᚳᛖᛗᚪᚳᛖᚱᛋ,544
oligarchic,413995,0,ᚩᛚᛁᚷᚪᚱᚳᚻᛁᚳ,316
chalcocite,413701,0,ᚳᚻᚪᛚᚳᚩᚳᛁᛏᛖ,396
mistrusted,413344,0,ᛗᛁᛋᛏᚱᚢᛋᛏᛖᛞ,496
sevastopol,413203,0,ᛋᛖᚢᚪᛋᛏᚩᛈᚩᛚ,462
monarchist,413196,0,ᛗᚩᚾᚪᚱᚳᚻᛁᛋᛏ,394
unreachable,413054,0,ᚢᚾᚱᛠᚳᚻᚪᛒᛚᛖ,486
clementina,412971,0,ᚳᛚᛖᛗᛖᚾᛏᛁᚾᚪ,536
brainwashing,412728,0,ᛒᚱᚪᛁᚾᚹᚪᛋᚻᛝ,500
narcolepsy,412677,0,ᚾᚪᚱᚳᚩᛚᛖᛈᛋᚣ,496
puberulent,412212,0,ᛈᚢᛒᛖᚱᚢᛚᛖᚾᛏ,416
monteverdi,411799,0,ᛗᚩᚾᛏᛖᚢᛖᚱᛞᛁ,434
organismic,411631,0,ᚩᚱᚷᚪᚾᛁᛋᛗᛁᚳ,360
unpretending,411615,0,ᚢᚾᛈᚱᛖᛏᛖᚾᛞᛝ,476
numerously,411440,0,ᚾᚢᛗᛖᚱᚩᚢᛋᛚᚣ,420
housatonic,411221,0,ᚻᚩᚢᛋᚪᛏᚩᚾᛁᚳ,322
friendlier,410993,0,ᚠᚱᛁᛖᚾᛞᛚᛁᛖᚱ,411
reinvented,410929,0,ᚱᛖᛁᚾᚢᛖᚾᛏᛖᛞ,452
fibreboard,410828,0,ᚠᛁᛒᚱᛖᛒᚩᚪᚱᛞ,437
grapevines,410463,0,ᚷᚱᚪᛈᛖᚢᛁᚾᛖᛋ,418
aphrodisiac,410126,0,ᚪᛈᚻᚱᚩᛞᛁᛋᛡᚳ,474
geosyncline,410123,0,ᚷᛇᛋᚣᚾᚳᛚᛁᚾᛖ,456
phylloxera,410048,0,ᛈᚻᚣᛚᛚᚩᛉᛖᚱᚪ,544
voltmeters,409810,0,ᚢᚩᛚᛏᛗᛖᛏᛖᚱᛋ,470
qualifiers,409738,0,ᚳᚹᚪᛚᛁᚠᛁᛖᚱᛋ,397
andromache,409702,0,ᚪᚾᛞᚱᚩᛗᚪᚳᚻᛖ,504
cooperator,409271,0,ᚳᚩᚩᛈᛖᚱᚪᛏᚩᚱ,322
interlined,408346,0,ᛁᚾᛏᛖᚱᛚᛁᚾᛖᛞ,486
arbitrated,408271,0,ᚪᚱᛒᛁᛏᚱᚪᛏᛖᛞ,582
downplayed,408266,0,ᛞᚩᚹᚾᛈᛚᚪᚣᛖᛞ,616
sympathised,408185,0,ᛋᚣᛗᛈᚪᚦᛁᛋᛖᛞ,612
admonishes,407903,0,ᚪᛞᛗᚩᚾᛁᛋᚻᛖᛋ,520
surrealists,407862,0,ᛋᚢᚱᚱᛠᛚᛁᛋᛏᛋ,456
introducer,407859,0,ᛁᚾᛏᚱᚩᛞᚢᚳᛖᚱ,320
epigraphic,407848,0,ᛖᛈᛁᚷᚱᚪᛈᚻᛁᚳ,376
confiscating,407098,0,ᚳᚩᚾᚠᛁᛋᚳᚪᛏᛝ,383
apoplectic,407076,0,ᚪᛈᚩᛈᛚᛖᚳᛏᛁᚳ,446
nihilistic,406468,0,ᚾᛁᚻᛁᛚᛁᛋᛏᛁᚳ,374
paralegals,406247,0,ᛈᚪᚱᚪᛚᛖᚷᚪᛚᛋ,628
workpieces,405696,0,ᚹᚩᚱᚳᛈᛁᛖᚳᛖᛋ,324
copulatory,405659,0,ᚳᚩᛈᚢᛚᚪᛏᚩᚱᚣ,416
undisposed,405532,0,ᚢᚾᛞᛁᛋᛈᚩᛋᛖᛞ,464
judgeships,405455,0,ᛂᚢᛞᚷᛖᛋᚻᛁᛈᛋ,416
kilocycles,405424,0,ᚳᛁᛚᚩᚳᚣᚳᛚᛖᛋ,446
refurbishing,404338,0,ᚱᛖᚠᚢᚱᛒᛁᛋᚻᛝ,341
profitless,404121,0,ᛈᚱᚩᚠᛁᛏᛚᛖᛋᛋ,399
torricelli,404115,0,ᛏᚩᚱᚱᛁᚳᛖᛚᛚᛁ,376
cavalrymen,404092,0,ᚳᚪᚢᚪᛚᚱᚣᛗᛖᚾ,564
millstones,403987,0,ᛗᛁᛚᛚᛋᛏᚩᚾᛖᛋ,516
rejuvenate,403944,0,ᚱᛖᛂᚢᚢᛖᚾᚪᛏᛖ,440
polyphemus,403444,0,ᛈᚩᛚᚣᛈᚻᛖᛗᚢᛋ,486
motivators,403438,0,ᛗᚩᛏᛁᚢᚪᛏᚩᚱᛋ,398
advisories,403275,0,ᚪᛞᚢᛁᛋᚩᚱᛁᛖᛋ,442
fundraiser,403234,0,ᚠᚢᚾᛞᚱᚪᛁᛋᛖᚱ,393
effectuating,402557,0,ᛖᚠᚠᛖᚳᛏᚢᚪᛏᛝ,448
inhalations,402476,0,ᛁᚾᚻᚪᛚᚪᛏᛡᚾᛋ,598
wristwatch,401624,0,ᚹᚱᛁᛋᛏᚹᚪᛏᚳᚻ,384
impenitent,401240,0,ᛁᛗᛈᛖᚾᛁᛏᛖᚾᛏ,486
anastasius,401081,0,ᚪᚾᚪᛋᛏᚪᛋᛁᚢᛋ,572
pyrometers,400995,0,ᛈᚣᚱᚩᛗᛖᛏᛖᚱᛋ,492
ordinations,400945,0,ᚩᚱᛞᛁᚾᚪᛏᛡᚾᛋ,512
sluggishly,400721,0,ᛋᛚᚢᚷᚷᛁᛋᚻᛚᚣ,446
nutcracker,400490,0,ᚾᚢᛏᚳᚱᚪᚳᚳᛖᚱ,316
haplotypes,400364,0,ᚻᚪᛈᛚᚩᛏᚣᛈᛖᛋ,568
interceded,400076,0,ᛁᚾᛏᛖᚱᚳᛖᛞᛖᛞ,522
matchmaker,399910,0,ᛗᚪᛏᚳᚻᛗᚪᚳᛖᚱ,522
orthopaedics,399865,0,ᚩᚱᚦᚩᛈᚫᛞᛁᚳᛋ,360
reprimands,399858,0,ᚱᛖᛈᚱᛁᛗᚪᚾᛞᛋ,502
remorseful,399678,0,ᚱᛖᛗᚩᚱᛋᛖᚠᚢᛚ,365
androgenic,399589,0,ᚪᚾᛞᚱᚩᚷᛖᚾᛁᚳ,390
nominalism,399493,0,ᚾᚩᛗᛁᚾᚪᛚᛁᛋᛗ,492
pneumatics,399482,0,ᛈᚾᛖᚢᛗᚪᛏᛁᚳᛋ,466
courtrooms,399460,0,ᚳᚩᚢᚱᛏᚱᚩᚩᛗᛋ,242
frustrates,399342,0,ᚠᚱᚢᛋᛏᚱᚪᛏᛖᛋ,415
amanuensis,399266,0,ᚪᛗᚪᚾᚢᛖᚾᛋᛁᛋ,530
anesthetist,398710,0,ᚪᚾᛖᛋᚦᛖᛏᛁᛋᛏ,520
overactive,398662,0,ᚩᚢᛖᚱᚪᚳᛏᛁᚢᛖ,358
differencing,398303,0,ᛞᛁᚠᚠᛖᚱᛖᚾᚳᛝ,390
extenuation,397973,0,ᛖᛉᛏᛖᚾᚢᚪᛏᛡᚾ,564
bookmakers,397398,0,ᛒᚩᚩᚳᛗᚪᚳᛖᚱᛋ,400
nickelodeon,397395,0,ᚾᛁᚳᚳᛖᛚᚩᛞᛇᚾ,392
entailment,397323,0,ᛖᚾᛏᚪᛁᛚᛗᛖᚾᛏ,582
procreative,396702,0,ᛈᚱᚩᚳᚱᛠᛏᛁᚢᛖ,354
guideposts,396493,0,ᚷᚢᛁᛞᛖᛈᚩᛋᛏᛋ,422
ligamentum,396386,0,ᛚᛁᚷᚪᛗᛖᚾᛏᚢᛗ,518
fickleness,396368,0,ᚠᛁᚳᚳᛚᛖᚾᛖᛋᛋ,401
crossovers,396118,0,ᚳᚱᚩᛋᛋᚩᚢᛖᚱᛋ,278
comminution,396018,0,ᚳᚩᛗᛗᛁᚾᚢᛏᛡᚾ,420
imbalanced,395988,0,ᛁᛗᛒᚪᛚᚪᚾᚳᛖᛞ,628
promenades,395875,0,ᛈᚱᚩᛗᛖᚾᚪᛞᛖᛋ,534
oncologist,395864,0,ᚩᚾᚳᚩᛚᚩᚷᛁᛋᛏ,296
hailstones,395674,0,ᚻᚪᛁᛚᛋᛏᚩᚾᛖᛋ,492
bridesmaid,395284,0,ᛒᚱᛁᛞᛖᛋᛗᚪᛁᛞ,600
unaccented,395158,0,ᚢᚾᚪᚳᚳᛖᚾᛏᛖᛞ,466
unravelled,394879,0,ᚢᚾᚱᚪᚢᛖᛚᛚᛖᛞ,512
belshazzar,394836,0,ᛒᛖᛚᛋᚻᚪᛋᛋᚪᚱ,588
recompence,394794,0,ᚱᛖᚳᚩᛗᛈᛖᚾᚳᛖ,388
timberline,393941,0,ᛏᛁᛗᛒᛖᚱᛚᛁᚾᛖ,500
unicameral,393068,0,ᚢᚾᛁᚳᚪᛗᛖᚱᚪᛚ,492
lithographing,392971,0,ᛚᛁᚦᚩᚷᚱᚪᛈᚻᛝ,386
sicknesses,392642,0,ᛋᛁᚳᚳᚾᛖᛋᛋᛖᛋ,432
infinitude,391894,0,ᛁᚾᚠᛁᚾᛁᛏᚢᛞᛖ,371
impoverish,391658,0,ᛁᛗᛈᚩᚢᛖᚱᛁᛋᚻ,340
minimalism,391520,0,ᛗᛁᚾᛁᛗᚪᛚᛁᛋᛗ,558
mastermind,391414,0,ᛗᚪᛋᛏᛖᚱᛗᛁᚾᛞ,578
chinchilla,391065,0,ᚳᚻᛁᚾᚳᚻᛁᛚᛚᚪ,406
packinghouse,390744,0,ᛈᚪᚳᚳᛝᚻᚩᚢᛋᛖ,398
motorboats,390274,0,ᛗᚩᛏᚩᚱᛒᚩᚪᛏᛋ,432
tattersall,390236,0,ᛏᚪᛏᛏᛖᚱᛋᚪᛚᛚ,648
blacksmithing,390020,0,ᛒᛚᚪᚳᚳᛋᛗᛁᚦᛝ,496
communally,389768,0,ᚳᚩᛗᛗᚢᚾᚪᛚᛚᚣ,540
cannonball,389646,0,ᚳᚪᚾᚾᚩᚾᛒᚪᛚᛚ,508
millwright,389392,0,ᛗᛁᛚᛚᚹᚱᛁᚷᚻᛏ,408
servitudes,389024,0,ᛋᛖᚱᚢᛁᛏᚢᛞᛖᛋ,436
newsstands,388416,0,ᚾᛖᚹᛋᛋᛏᚪᚾᛞᛋ,548
profiteers,388282,0,ᛈᚱᚩᚠᛁᛏᛖᛖᚱᛋ,351
farfetched,388183,0,ᚠᚪᚱᚠᛖᛏᚳᚻᛖᛞ,430
yardsticks,387964,0,ᚣᚪᚱᛞᛋᛏᛁᚳᚳᛋ,522
hygrometer,387380,0,ᚻᚣᚷᚱᚩᛗᛖᛏᛖᚱ,436
despairingly,387118,0,ᛞᛖᛋᛈᚪᛁᚱᛝᛚᚣ,646
consecrating,386831,0,ᚳᚩᚾᛋᛖᚳᚱᚪᛏᛝ,428
recollects,386742,0,ᚱᛖᚳᚩᛚᛚᛖᚳᛏᛋ,436
arbitrable,386692,0,ᚪᚱᛒᛁᛏᚱᚪᛒᛚᛖ,568
cardholder,386656,0,ᚳᚪᚱᛞᚻᚩᛚᛞᛖᚱ,480
teratology,386369,0,ᛏᛖᚱᚪᛏᚩᛚᚩᚷᚣ,500
shorebirds,385993,0,ᛋᚻᚩᚱᛖᛒᛁᚱᛞᛋ,406
breakpoints,385855,0,ᛒᚱᛠᚳᛈᚩᛁᚾᛏᛋ,416
matriarchal,385686,0,ᛗᚪᛏᚱᛡᚱᚳᚻᚪᛚ,562
haematology,385130,0,ᚻᚫᛗᚪᛏᚩᛚᚩᚷᚣ,558
classicist,384941,0,ᚳᛚᚪᛋᛋᛁᚳᛁᛋᛏ,476
nanometers,384915,0,ᚾᚪᚾᚩᛗᛖᛏᛖᚱᛋ,490
apologizes,384872,0,ᚪᛈᚩᛚᚩᚷᛁᛋᛖᛋ,448
opprobrious,384751,0,ᚩᛈᛈᚱᚩᛒᚱᛡᚢᛋ,346
metatarsus,384629,0,ᛗᛖᛏᚪᛏᚪᚱᛋᚢᛋ,570
unhallowed,384376,0,ᚢᚾᚻᚪᛚᛚᚩᚹᛖᛞ,480
cottontail,384270,0,ᚳᚩᛏᛏᚩᚾᛏᚪᛁᛚ,434
suspensory,384267,0,ᛋᚢᛋᛈᛖᚾᛋᚩᚱᚣ,422
xenophobic,384154,0,ᛉᛖᚾᚩᛈᚻᚩᛒᛁᚳ,328
argentines,383569,0,ᚪᚱᚷᛖᚾᛏᛁᚾᛖᛋ,460
wilfulness,383547,0,ᚹᛁᛚᚠᚢᛚᚾᛖᛋᛋ,403
undulatory,383393,0,ᚢᚾᛞᚢᛚᚪᛏᚩᚱᚣ,474
transience,383289,0,ᛏᚱᚪᚾᛋᛁᛖᚾᚳᛖ,456
stereoscope,383118,0,ᛋᛏᛖᚱᛇᛋᚳᚩᛈᛖ,414
reschedule,383066,0,ᚱᛖᛋᚳᚻᛖᛞᚢᛚᛖ,466
mozambican,382855,0,ᛗᚩᛋᚪᛗᛒᛁᚳᚪᚾ,530
waterpower,382751,0,ᚹᚪᛏᛖᚱᛈᚩᚹᛖᚱ,400
pedagogies,382557,0,ᛈᛖᛞᚪᚷᚩᚷᛁᛖᛋ,488
contingently,382423,0,ᚳᚩᚾᛏᛝᛖᚾᛏᛚᚣ,518
somersault,382302,0,ᛋᚩᛗᛖᚱᛋᚪᚢᛚᛏ,494
keystrokes,382033,0,ᚳᛖᚣᛋᛏᚱᚩᚳᛖᛋ,446
ciphertext,381938,1,ᚳᛁᛈᚻᛖᚱᛏᛖᛉᛏ,420
broadsheet,381757,0,ᛒᚱᚩᚪᛞᛋᚻᛖᛖᛏ,534
alterative,381708,0,ᚪᛚᛏᛖᚱᚪᛏᛁᚢᛖ,564
instantiate,381067,0,ᛁᚾᛋᛏᚪᚾᛏᛡᛏᛖ,590
repairable,380814,0,ᚱᛖᛈᚪᛁᚱᚪᛒᛚᛖ,558
prosecutes,380780,0,ᛈᚱᚩᛋᛖᚳᚢᛏᛖᛋ,376
fashionably,379840,0,ᚠᚪᛋᚻᛡᚾᚪᛒᛚᚣ,645
postulation,379591,0,ᛈᚩᛋᛏᚢᛚᚪᛏᛡᚾ,530
facetiously,379483,0,ᚠᚪᚳᛖᛏᛡᚢᛋᛚᚣ,577
yardmaster,379199,0,ᚣᚪᚱᛞᛗᚪᛋᛏᛖᚱ,658
coastguard,379173,0,ᚳᚩᚪᛋᛏᚷᚢᚪᚱᛞ,446
courthouses,378004,0,ᚳᚩᚢᚱᚦᚩᚢᛋᛖᛋ,222
headmasters,377725,0,ᚻᛠᛞᛗᚪᛋᛏᛖᚱᛋ,632
asphyxiation,377400,0,ᚪᛋᛈᚻᚣᛉᛡᛏᛡᚾ,668
saintsbury,377223,0,ᛋᚪᛁᚾᛏᛋᛒᚢᚱᚣ,500
illuminant,377221,0,ᛁᛚᛚᚢᛗᛁᚾᚪᚾᛏ,496
turntables,376695,0,ᛏᚢᚱᚾᛏᚪᛒᛚᛖᛋ,512
gradational,376661,0,ᚷᚱᚪᛞᚪᛏᛡᚾᚪᛚ,676
indelicate,376650,0,ᛁᚾᛞᛖᛚᛁᚳᚪᛏᛖ,556
prettiness,376545,0,ᛈᚱᛖᛏᛏᛁᚾᛖᛋᛋ,472
chickasaws,376258,0,ᚳᚻᛁᚳᚳᚪᛋᚪᚹᛋ,412
adroitness,376203,0,ᚪᛞᚱᚩᛁᛏᚾᛖᛋᛋ,496
appertains,376176,0,ᚪᛈᛈᛖᚱᛏᚪᛁᚾᛋ,530
icelanders,375817,0,ᛁᚳᛖᛚᚪᚾᛞᛖᚱᛋ,530
mesodermal,375722,0,ᛗᛖᛋᚩᛞᛖᚱᛗᚪᛚ,606
belorussian,375662,0,ᛒᛖᛚᚩᚱᚢᛋᛋᛡᚾ,464
adamantine,375289,0,ᚪᛞᚪᛗᚪᚾᛏᛁᚾᛖ,666
percipient,374811,0,ᛈᛖᚱᚳᛁᛈᛁᛖᚾᛏ,394
monetarist,374715,0,ᛗᚩᚾᛖᛏᚪᚱᛁᛋᛏ,484
recombined,374403,0,ᚱᛖᚳᚩᛗᛒᛁᚾᛖᛞ,446
bryophytes,374011,0,ᛒᚱᚣᚩᛈᚻᚣᛏᛖᛋ,530
plunderers,373538,0,ᛈᛚᚢᚾᛞᛖᚱᛖᚱᛋ,446
carmelites,373395,0,ᚳᚪᚱᛗᛖᛚᛁᛏᛖᛋ,542
albuminoid,373343,0,ᚪᛚᛒᚢᛗᛁᚾᚩᛁᛞ,492
bivouacked,373054,0,ᛒᛁᚢᚩᚢᚪᚳᚳᛖᛞ,384
floodwater,373053,0,ᚠᛚᚩᚩᛞᚹᚪᛏᛖᚱ,431
obscuration,372372,0,ᚩᛒᛋᚳᚢᚱᚪᛏᛡᚾ,440
intermarry,371920,0,ᛁᚾᛏᛖᚱᛗᚪᚱᚱᚣ,490
impecunious,371558,0,ᛁᛗᛈᛖᚳᚢᚾᛡᚢᛋ,420
linebacker,371218,0,ᛚᛁᚾᛖᛒᚪᚳᚳᛖᚱ,462
loggerheads,370866,0,ᛚᚩᚷᚷᛖᚱᚻᛠᛞᛋ,466
reformists,370630,0,ᚱᛖᚠᚩᚱᛗᛁᛋᛏᛋ,365
spectrally,370334,0,ᛋᛈᛖᚳᛏᚱᚪᛚᛚᚣ,592
undersides,370259,0,ᚢᚾᛞᛖᚱᛋᛁᛞᛖᛋ,492
highnesses,370136,0,ᚻᛁᚷᚻᚾᛖᛋᛋᛖᛋ,416
kimberlite,370044,0,ᚳᛁᛗᛒᛖᚱᛚᛁᛏᛖ,484
smokestack,369985,0,ᛋᛗᚩᚳᛖᛋᛏᚪᚳᚳ,446
thermometry,369656,0,ᚦᛖᚱᛗᚩᛗᛖᛏᚱᚣ,472
retardants,369572,0,ᚱᛖᛏᚪᚱᛞᚪᚾᛏᛋ,572
gyroscopic,369444,0,ᚷᚣᚱᚩᛋᚳᚩᛈᛁᚳ,298
capitoline,369402,0,ᚳᚪᛈᛁᛏᚩᛚᛁᚾᛖ,450
aestheticism,369111,0,ᚫᛋᚦᛖᛏᛁᚳᛁᛋᛗ,484
backgammon,368840,0,ᛒᚪᚳᚳᚷᚪᛗᛗᚩᚾ,476
fascinates,368656,0,ᚠᚪᛋᚳᛁᚾᚪᛏᛖᛋ,501
edentulous,368221,0,ᛖᛞᛖᚾᛏᚢᛚᚩᚢᛋ,450
menstruating,368179,0,ᛗᛖᚾᛋᛏᚱᚢᚪᛏᛝ,528
incumbered,368015,0,ᛁᚾᚳᚢᛗᛒᛖᚱᛖᛞ,442
anharmonic,367836,0,ᚪᚾᚻᚪᚱᛗᚩᚾᛁᚳ,408
inauthentic,367724,0,ᛁᚾᚪᚢᚦᛖᚾᛏᛁᚳ,364
menorrhagia,367517,0,ᛗᛖᚾᚩᚱᚱᚻᚪᚷᛡ,440
repressions,367318,0,ᚱᛖᛈᚱᛖᛋᛋᛡᚾᛋ,494
rottenness,367279,0,ᚱᚩᛏᛏᛖᚾᚾᛖᛋᛋ,434
reprobated,367018,0,ᚱᛖᛈᚱᚩᛒᚪᛏᛖᛞ,512
interloper,366974,0,ᛁᚾᛏᛖᚱᛚᚩᛈᛖᚱ,398
nonplussed,366909,0,ᚾᚩᚾᛈᛚᚢᛋᛋᛖᛞ,446
polyclinic,366663,0,ᛈᚩᛚᚣᚳᛚᛁᚾᛁᚳ,416
chromaffin,366603,0,ᚳᚻᚱᚩᛗᚪᚠᚠᛁᚾ,286
renascence,366602,0,ᚱᛖᚾᚪᛋᚳᛖᚾᚳᛖ,446
vertebrata,366584,0,ᚢᛖᚱᛏᛖᛒᚱᚪᛏᚪ,532
corrugation,366336,0,ᚳᚩᚱᚱᚢᚷᚪᛏᛡᚾ,354
malefactor,366239,0,ᛗᚪᛚᛖᚠᚪᚳᛏᚩᚱ,497
antagonizing,365786,0,ᚪᚾᛏᚪᚷᚩᚾᛁᛋᛝ,498
truckloads,365414,0,ᛏᚱᚢᚳᚳᛚᚩᚪᛞᛋ,418
magellanic,365309,0,ᛗᚪᚷᛖᛚᛚᚪᚾᛁᚳ,568
whirlpools,365222,0,ᚹᚻᛁᚱᛚᛈᚩᚩᛚᛋ,340
fragmental,365051,0,ᚠᚱᚪᚷᛗᛖᚾᛏᚪᛚ,523
painlessly,364908,0,ᛈᚪᛁᚾᛚᛖᛋᛋᛚᚣ,622
schoolyard,364850,0,ᛋᚳᚻᚩᚩᛚᚣᚪᚱᛞ,476
proslavery,364824,0,ᛈᚱᚩᛋᛚᚪᚢᛖᚱᚣ,468
unverified,364394,0,ᚢᚾᚢᛖᚱᛁᚠᛁᛖᛞ,333
dysplastic,364242,0,ᛞᚣᛋᛈᛚᚪᛋᛏᛁᚳ,614
recommence,364216,0,ᚱᛖᚳᚩᛗᛗᛖᚾᚳᛖ,416
watchtower,363988,0,ᚹᚪᛏᚳᚻᛏᚩᚹᛖᚱ,374
recordable,363527,0,ᚱᛖᚳᚩᚱᛞᚪᛒᛚᛖ,496
schismatic,363469,0,ᛋᚳᚻᛁᛋᛗᚪᛏᛁᚳ,444
unmentioned,363438,0,ᚢᚾᛗᛖᚾᛏᛡᚾᛖᛞ,550
hierarchic,363170,0,ᚻᛁᛖᚱᚪᚱᚳᚻᛁᚳ,320
letterheads,362795,0,ᛚᛖᛏᛏᛖᚱᚻᛠᛞᛋ,610
birefringent,362434,0,ᛒᛁᚱᛖᚠᚱᛝᛖᚾᛏ,417
theatrically,362137,0,ᚦᛠᛏᚱᛁᚳᚪᛚᛚᚣ,574
asymptotes,362077,0,ᚪᛋᚣᛗᛈᛏᚩᛏᛖᛋ,612
fractionating,361651,0,ᚠᚱᚪᚳᛏᛡᚾᚪᛏᛝ,553
comforters,361468,0,ᚳᚩᛗᚠᚩᚱᛏᛖᚱᛋ,301
insularity,361156,0,ᛁᚾᛋᚢᛚᚪᚱᛁᛏᚣ,490
syncopated,361123,0,ᛋᚣᚾᚳᚩᛈᚪᛏᛖᛞ,560
hodgepodge,360802,0,ᚻᚩᛞᚷᛖᛈᚩᛞᚷᛖ,426
mushroomed,359932,0,ᛗᚢᛋᚻᚱᚩᚩᛗᛖᛞ,402
pictorially,359804,0,ᛈᛁᚳᛏᚩᚱᛡᛚᛚᚣ,520
tarpaulins,359577,0,ᛏᚪᚱᛈᚪᚢᛚᛁᚾᛋ,496
aetiological,359342,0,ᚫᛏᛡᛚᚩᚷᛁᚳᚪᛚ,578
sententious,359316,0,ᛋᛖᚾᛏᛖᚾᛏᛡᚢᛋ,526
coquettish,359123,0,ᚳᚩᚳᚹᛖᛏᛏᛁᛋᚻ,344
blitzkrieg,358867,0,ᛒᛚᛁᛏᛋᚳᚱᛁᛖᚷ,416
handlebars,358766,0,ᚻᚪᚾᛞᛚᛖᛒᚪᚱᛋ,600
conspectus,358494,0,ᚳᚩᚾᛋᛈᛖᚳᛏᚢᛋ,340
ellipsoids,358433,0,ᛖᛚᛚᛁᛈᛋᚩᛁᛞᛋ,520
yugoslavian,358339,0,ᚣᚢᚷᚩᛋᛚᚪᚢᛡᚾ,492
mamaroneck,358241,0,ᛗᚪᛗᚪᚱᚩᚾᛖᚳᚳ,476
hexameters,358156,0,ᚻᛖᛉᚪᛗᛖᛏᛖᚱᛋ,562
expertness,357983,0,ᛖᛉᛈᛖᚱᛏᚾᛖᛋᛋ,496
tropopause,357936,0,ᛏᚱᚩᛈᚩᛈᚪᚢᛋᛖ,390
shipwright,357578,0,ᛋᚻᛁᛈᚹᚱᛁᚷᚻᛏ,310
passionless,357460,0,ᛈᚪᛋᛋᛡᚾᛚᛖᛋᛋ,628
biochemists,357190,0,ᛒᛡᚳᚻᛖᛗᛁᛋᛏᛋ,538
submachine,356914,0,ᛋᚢᛒᛗᚪᚳᚻᛁᚾᛖ,448
bloodhound,356864,0,ᛒᛚᚩᚩᛞᚻᚩᚢᚾᛞ,388
activations,356579,0,ᚪᚳᛏᛁᚢᚪᛏᛡᚾᛋ,548
importuned,356561,0,ᛁᛗᛈᚩᚱᛏᚢᚾᛖᛞ,410
rosicrucian,356472,0,ᚱᚩᛋᛁᚳᚱᚢᚳᛡᚾ,278
adaptively,356428,0,ᚪᛞᚪᛈᛏᛁᚢᛖᛚᚣ,662
memorialize,356410,0,ᛗᛖᛗᚩᚱᛡᛚᛁᛋᛖ,558
insolently,356395,0,ᛁᚾᛋᚩᛚᛖᚾᛏᛚᚣ,524
backwaters,356187,0,ᛒᚪᚳᚳᚹᚪᛏᛖᚱᛋ,490
furloughed,356098,0,ᚠᚢᚱᛚᚩᚢᚷᚻᛖᛞ,295
supervenes,355316,0,ᛋᚢᛈᛖᚱᚢᛖᚾᛖᛋ,396
pigmentary,355240,0,ᛈᛁᚷᛗᛖᚾᛏᚪᚱᚣ,528
acrobatics,355184,0,ᚪᚳᚱᚩᛒᚪᛏᛁᚳᛋ,442
wildflower,355087,0,ᚹᛁᛚᛞᚠᛚᚩᚹᛖᚱ,391
rationalise,354895,0,ᚱᚪᛏᛡᚾᚪᛚᛁᛋᛖ,624
descendent,354724,0,ᛞᛖᛋᚳᛖᚾᛞᛖᚾᛏ,562
ascertains,354616,0,ᚪᛋᚳᛖᚱᛏᚪᛁᚾᛋ,510
accidently,354451,0,ᚪᚳᚳᛁᛞᛖᚾᛏᛚᚣ,574
hagiography,354252,0,ᚻᚪᚷᛡᚷᚱᚪᛈᚻᚣ,538
familiarizing,353853,0,ᚠᚪᛗᛁᛚᛡᚱᛁᛋᛝ,555
disembarking,353773,0,ᛞᛁᛋᛖᛗᛒᚪᚱᚳᛝ,572
haliburton,353665,0,ᚻᚪᛚᛁᛒᚢᚱᛏᚩᚾ,394
incubations,353382,0,ᛁᚾᚳᚢᛒᚪᛏᛡᚾᛋ,482
insinuates,353363,0,ᛁᚾᛋᛁᚾᚢᚪᛏᛖᛋ,452
lycopodium,353262,0,ᛚᚣᚳᚩᛈᚩᛞᛁᚢᛗ,440
anaesthetist,352965,0,ᚪᚾᚫᛋᚦᛖᛏᛁᛋᛏ,554
deprecation,352728,0,ᛞᛖᛈᚱᛖᚳᚪᛏᛡᚾ,582
flagellate,352667,0,ᚠᛚᚪᚷᛖᛚᛚᚪᛏᛖ,625
storyboard,352603,0,ᛋᛏᚩᚱᚣᛒᚩᚪᚱᛞ,498
oropharynx,352243,0,ᚩᚱᚩᛈᚻᚪᚱᚣᚾᛉ,378
paraboloid,352152,0,ᛈᚪᚱᚪᛒᚩᛚᚩᛁᛞ,516
iridectomy,352053,0,ᛁᚱᛁᛞᛖᚳᛏᚩᛗᚣ,482
phlogiston,351880,0,ᛈᚻᛚᚩᚷᛁᛋᛏᚩᚾ,342
fabulously,351817,0,ᚠᚪᛒᚢᛚᚩᚢᛋᛚᚣ,475
sympathizer,351576,0,ᛋᚣᛗᛈᚪᚦᛁᛋᛖᚱ,534
leafhoppers,351542,0,ᛚᛠᚠᚻᚩᛈᛈᛖᚱᛋ,431
catechists,351436,0,ᚳᚪᛏᛖᚳᚻᛁᛋᛏᛋ,468
demonology,351019,0,ᛞᛖᛗᚩᚾᚩᛚᚩᚷᚣ,470
profounder,350834,0,ᛈᚱᚩᚠᚩᚢᚾᛞᛖᚱ,269
megacycles,350498,0,ᛗᛖᚷᚪᚳᚣᚳᛚᛖᛋ,574
embroidering,350357,0,ᛖᛗᛒᚱᚩᛁᛞᛖᚱᛝ,494
absorbents,349424,0,ᚪᛒᛋᚩᚱᛒᛖᚾᛏᛋ,498
dramaturgy,349194,0,ᛞᚱᚪᛗᚪᛏᚢᚱᚷᚣ,558
sphincters,349161,0,ᛋᛈᚻᛁᚾᚳᛏᛖᚱᛋ,382
extradited,349057,0,ᛖᛉᛏᚱᚪᛞᛁᛏᛖᛞ,616
trematodes,348831,0,ᛏᚱᛖᛗᚪᛏᚩᛞᛖᛋ,580
enticement,348549,0,ᛖᚾᛏᛁᚳᛖᛗᛖᚾᛏ,492
handmaiden,348542,0,ᚻᚪᚾᛞᛗᚪᛁᛞᛖᚾ,622
nonjudicial,348296,0,ᚾᚩᚾᛂᚢᛞᛁᚳᛡᛚ,418
federative,348284,0,ᚠᛖᛞᛖᚱᚪᛏᛁᚢᛖ,493
interposes,348199,0,ᛁᚾᛏᛖᚱᛈᚩᛋᛖᛋ,420
emancipating,347964,0,ᛖᛗᚪᚾᚳᛁᛈᚪᛏᛝ,586
elucidates,347788,0,ᛖᛚᚢᚳᛁᛞᚪᛏᛖᛋ,552
presupposing,347730,0,ᛈᚱᛖᛋᚢᛈᛈᚩᛋᛝ,402
coadjutors,347378,0,ᚳᚩᚪᛞᛂᚢᛏᚩᚱᛋ,376
iconoclast,347307,0,ᛁᚳᚩᚾᚩᚳᛚᚪᛋᛏ,382
impregnate,346617,0,ᛁᛗᛈᚱᛖᚷᚾᚪᛏᛖ,492
paresthesias,346550,0,ᛈᚪᚱᛖᛋᚦᛖᛋᛡᛋ,556
maintainer,346376,0,ᛗᚪᛁᚾᛏᚪᛁᚾᛖᚱ,522
prehensile,346372,0,ᛈᚱᛖᚻᛖᚾᛋᛁᛚᛖ,464
drugstores,346062,0,ᛞᚱᚢᚷᛋᛏᚩᚱᛖᛋ,370
condonation,345951,0,ᚳᚩᚾᛞᚩᚾᚪᛏᛡᚾ,466
legionaries,345890,0,ᛚᛖᚷᛡᚾᚪᚱᛁᛖᛋ,552
tendentious,345691,0,ᛏᛖᚾᛞᛖᚾᛏᛡᚢᛋ,562
nationalize,345409,0,ᚾᚪᛏᛡᚾᚪᛚᛁᛋᛖ,642
bolsheviki,345146,0,ᛒᚩᛚᛋᚻᛖᚢᛁᚳᛁ,362
incunabula,345142,0,ᛁᚾᚳᚢᚾᚪᛒᚢᛚᚪ,436
wastepaper,345075,0,ᚹᚪᛋᛏᛖᛈᚪᛈᛖᚱ,556
aneurysmal,344822,0,ᚪᚾᛖᚢᚱᚣᛋᛗᚪᛚ,604
realpolitik,344487,0,ᚱᛠᛚᛈᚩᛚᛁᛏᛁᚳ,450
limousines,344318,0,ᛚᛁᛗᚩᚢᛋᛁᚾᛖᛋ,418
spluttered,344278,0,ᛋᛈᛚᚢᛏᛏᛖᚱᛖᛞ,524
wastelands,344146,0,ᚹᚪᛋᛏᛖᛚᚪᚾᛞᛋ,636
spiritless,343222,0,ᛋᛈᛁᚱᛁᛏᛚᛖᛋᛋ,474
discretely,342919,0,ᛞᛁᛋᚳᚱᛖᛏᛖᛚᚣ,566
decelerating,342675,0,ᛞᛖᚳᛖᛚᛖᚱᚪᛏᛝ,622
quantifies,342661,0,ᚳᚹᚪᚾᛏᛁᚠᛁᛖᛋ,401
paderewski,342591,0,ᛈᚪᛞᛖᚱᛖᚹᛋᚳᛁ,490
chromatids,342527,0,ᚳᚻᚱᚩᛗᚪᛏᛁᛞᛋ,454
millivolts,342197,0,ᛗᛁᛚᛚᛁᚢᚩᛚᛏᛋ,474
glycerides,342110,0,ᚷᛚᚣᚳᛖᚱᛁᛞᛖᛋ,524
adsorptive,341965,0,ᚪᛞᛋᚩᚱᛈᛏᛁᚢᛖ,460
capistrano,341896,0,ᚳᚪᛈᛁᛋᛏᚱᚪᚾᚩ,440
bookmobile,341643,0,ᛒᚩᚩᚳᛗᚩᛒᛁᛚᛖ,398
giftedness,341639,0,ᚷᛁᚠᛏᛖᛞᚾᛖᛋᛋ,467
dispersant,341172,0,ᛞᛁᛋᛈᛖᚱᛋᚪᚾᛏ,532
directorial,341009,0,ᛞᛁᚱᛖᚳᛏᚩᚱᛡᛚ,468
blackmailing,340876,0,ᛒᛚᚪᚳᚳᛗᚪᛁᛚᛝ,608
preordained,340869,0,ᛈᚱᛇᚱᛞᚪᛁᚾᛖᛞ,508
differentia,340552,0,ᛞᛁᚠᚠᛖᚱᛖᚾᛏᛡ,464
whirlwinds,340175,0,ᚹᚻᛁᚱᛚᚹᛁᚾᛞᛋ,378
conciliated,340052,0,ᚳᚩᚾᚳᛁᛚᛡᛏᛖᛞ,488
histiocytes,339939,0,ᚻᛁᛋᛏᛡᚳᚣᛏᛖᛋ,568
seasickness,339382,0,ᛋᛠᛋᛁᚳᚳᚾᛖᛋᛋ,474
guardhouse,339164,0,ᚷᚢᚪᚱᛞᚻᚩᚢᛋᛖ,370
mutilations,339139,0,ᛗᚢᛏᛁᛚᚪᛏᛡᚾᛋ,582
sporophyte,338688,0,ᛋᛈᚩᚱᚩᛈᚻᚣᛏᛖ,416
covenantal,338403,0,ᚳᚩᚢᛖᚾᚪᚾᛏᚪᛚ,474
unspecific,338346,0,ᚢᚾᛋᛈᛖᚳᛁᚠᛁᚳ,285
patronymic,338281,0,ᛈᚪᛏᚱᚩᚾᚣᛗᛁᚳ,464
uncultured,338187,0,ᚢᚾᚳᚢᛚᛏᚢᚱᛖᛞ,350
scrutinise,338067,0,ᛋᚳᚱᚢᛏᛁᚾᛁᛋᛖ,350
suppleness,337894,0,ᛋᚢᛈᛈᛚᛖᚾᛖᛋᛋ,484
disentangling,337172,0,ᛞᛁᛋᛖᚾᛏᚪᛝᛚᛝ,656
vacuolated,336904,0,ᚢᚪᚳᚢᚩᛚᚪᛏᛖᛞ,508
vindicates,336743,0,ᚢᛁᚾᛞᛁᚳᚪᛏᛖᛋ,472
britishers,336406,0,ᛒᚱᛁᛏᛁᛋᚻᛖᚱᛋ,400
lackluster,335967,0,ᛚᚪᚳᚳᛚᚢᛋᛏᛖᚱ,462
unessential,335722,0,ᚢᚾᛖᛋᛋᛖᚾᛏᛡᛚ,540
exasperate,335634,0,ᛖᛉᚪᛋᛈᛖᚱᚪᛏᛖ,608
kilogramme,335319,0,ᚳᛁᛚᚩᚷᚱᚪᛗᛗᛖ,458
yellowtail,335303,0,ᚣᛖᛚᛚᚩᚹᛏᚪᛁᛚ,602
copywriter,335278,0,ᚳᚩᛈᚣᚹᚱᛁᛏᛖᚱ,364
formalisms,334930,0,ᚠᚩᚱᛗᚪᛚᛁᛋᛗᛋ,469
denigrated,334873,0,ᛞᛖᚾᛁᚷᚱᚪᛏᛖᛞ,556
brainchild,334829,0,ᛒᚱᚪᛁᚾᚳᚻᛁᛚᛞ,458
allergenic,334819,0,ᚪᛚᛚᛖᚱᚷᛖᚾᛁᚳ,478
glucosides,334450,0,ᚷᛚᚢᚳᚩᛋᛁᛞᛖᛋ,406
survivable,334381,0,ᛋᚢᚱᚢᛁᚢᚪᛒᛚᛖ,402
periwinkle,334271,0,ᛈᛖᚱᛁᚹᛁᚾᚳᛚᛖ,384
paraplegic,334250,0,ᛈᚪᚱᚪᛈᛚᛖᚷᛁᚳ,492
neanderthals,334207,0,ᚾᛠᚾᛞᛖᚱᚦᚪᛚᛋ,562
expropriate,334105,0,ᛖᛉᛈᚱᚩᛈᚱᛡᛏᛖ,462
rubberized,333972,0,ᚱᚢᛒᛒᛖᚱᛁᛋᛖᛞ,454
childhoods,333947,0,ᚳᚻᛁᛚᛞᚻᚩᚩᛞᛋ,408
simulacrum,333923,0,ᛋᛁᛗᚢᛚᚪᚳᚱᚢᛗ,426
inculcates,333686,0,ᛁᚾᚳᚢᛚᚳᚪᛏᛖᛋ,438
travelogue,333680,0,ᛏᚱᚪᚢᛖᛚᚩᚷᚢᛖ,404
benedictus,333642,0,ᛒᛖᚾᛖᛞᛁᚳᛏᚢᛋ,472
berkshires,333273,0,ᛒᛖᚱᚳᛋᚻᛁᚱᛖᛋ,390
litigations,333227,0,ᛚᛁᛏᛁᚷᚪᛏᛡᚾᛋ,556
secularist,333045,0,ᛋᛖᚳᚢᛚᚪᚱᛁᛋᛏ,460
kentuckians,332978,0,ᚳᛖᚾᛏᚢᚳᚳᛡᚾᛋ,386
hypostasis,332672,0,ᚻᚣᛈᚩᛋᛏᚪᛋᛁᛋ,522
stepparent,332453,0,ᛋᛏᛖᛈᛈᚪᚱᛖᚾᛏ,528
schooldays,331999,0,ᛋᚳᚻᚩᚩᛚᛞᚪᚣᛋ,518
rickettsial,331987,0,ᚱᛁᚳᚳᛖᛏᛏᛋᛡᛚ,486
unfrequent,331903,0,ᚢᚾᚠᚱᛖᚳᚹᛖᚾᛏ,299
stereotypic,331820,0,ᛋᛏᛖᚱᛇᛏᚣᛈᛁᚳ,480
sphenoidal,331779,0,ᛋᛈᚻᛖᚾᚩᛁᛞᚪᛚ,512
chauvinist,331763,0,ᚳᚻᚪᚢᚢᛁᚾᛁᛋᛏ,342
broomstick,331576,0,ᛒᚱᚩᚩᛗᛋᛏᛁᚳᚳ,326
gladiatorial,331572,0,ᚷᛚᚪᛞᛡᛏᚩᚱᛡᛚ,640
polyploidy,331556,0,ᛈᚩᛚᚣᛈᛚᚩᛁᛞᚣ,572
hipparchus,331364,0,ᚻᛁᛈᛈᚪᚱᚳᚻᚢᛋ,340
melodramas,331347,0,ᛗᛖᛚᚩᛞᚱᚪᛗᚪᛋ,636
hydrophone,331314,0,ᚻᚣᛞᚱᚩᛈᚻᚩᚾᛖ,402
lymphedema,330480,0,ᛚᚣᛗᛈᚻᛖᛞᛖᛗᚪ,704
embellishing,330125,0,ᛖᛗᛒᛖᛚᛚᛁᛋᚻᛝ,598
countywide,330037,0,ᚳᚩᚢᚾᛏᚣᚹᛁᛞᛖ,420
effulgence,329822,0,ᛖᚠᚠᚢᛚᚷᛖᚾᚳᛖ,340
distempers,329817,0,ᛞᛁᛋᛏᛖᛗᛈᛖᚱᛋ,544
farinaceous,329602,0,ᚠᚪᚱᛁᚾᚪᚳᛇᚢᛋ,377
comeliness,329498,0,ᚳᚩᛗᛖᛚᛁᚾᛖᛋᛋ,464
overwinter,329218,0,ᚩᚢᛖᚱᚹᛁᚾᛏᛖᚱ,304
expirations,329199,0,ᛖᛉᛈᛁᚱᚪᛏᛡᚾᛋ,544
masturbate,328819,0,ᛗᚪᛋᛏᚢᚱᛒᚪᛏᛖ,578
clothesline,328804,0,ᚳᛚᚩᚦᛖᛋᛚᛁᚾᛖ,418
pantomimes,328708,0,ᛈᚪᚾᛏᚩᛗᛁᛗᛖᛋ,528
primordium,328398,0,ᛈᚱᛁᛗᚩᚱᛞᛁᚢᛗ,368
dinnertime,328343,0,ᛞᛁᚾᚾᛖᚱᛏᛁᛗᛖ,484
antiproton,328168,0,ᚪᚾᛏᛁᛈᚱᚩᛏᚩᚾ,372
revocations,328145,0,ᚱᛖᚢᚩᚳᚪᛏᛡᚾᛋ,446
vacationers,328009,0,ᚢᚪᚳᚪᛏᛡᚾᛖᚱᛋ,536
outfielder,327817,0,ᚩᚢᛏᚠᛁᛖᛚᛞᛖᚱ,409
mouthpieces,327645,0,ᛗᚩᚢᚦᛈᛁᛖᚳᛖᛋ,360
manservant,327420,0,ᛗᚪᚾᛋᛖᚱᚢᚪᚾᛏ,516
buffoonery,327382,0,ᛒᚢᚠᚠᚩᚩᚾᛖᚱᚣ,292
brigandage,327002,0,ᛒᚱᛁᚷᚪᚾᛞᚪᚷᛖ,516
bicyclists,326897,0,ᛒᛁᚳᚣᚳᛚᛁᛋᛏᛋ,490
onslaughts,326817,0,ᚩᚾᛋᛚᚪᚢᚷᚻᛏᛋ,414
expansible,326796,0,ᛖᛉᛈᚪᚾᛋᛁᛒᛚᛖ,568
halfhearted,326499,0,ᚻᚪᛚᚠᚻᛠᚱᛏᛖᛞ,553
buttercups,326279,0,ᛒᚢᛏᛏᛖᚱᚳᚢᛈᛋ,372
housebreaking,325774,0,ᚻᚩᚢᛋᛖᛒᚱᛠᚳᛝ,426
revetments,325373,0,ᚱᛖᚢᛖᛏᛗᛖᚾᛏᛋ,486
unabsorbed,325314,0,ᚢᚾᚪᛒᛋᚩᚱᛒᛖᛞ,478
pickpocket,324924,0,ᛈᛁᚳᚳᛈᚩᚳᚳᛖᛏ,302
quaintness,324705,0,ᚳᚹᚪᛁᚾᛏᚾᛖᛋᛋ,450
measureless,324636,0,ᛗᛠᛋᚢᚱᛖᛚᛖᛋᛋ,560
nonreactive,324594,0,ᚾᚩᚾᚱᛠᚳᛏᛁᚢᛖ,358
convalescing,324574,0,ᚳᚩᚾᚢᚪᛚᛖᛋᚳᛝ,434
phlogopite,323899,0,ᛈᚻᛚᚩᚷᚩᛈᛁᛏᛖ,370
telescoped,323616,0,ᛏᛖᛚᛖᛋᚳᚩᛈᛖᛞ,538
gazetteers,323444,0,ᚷᚪᛋᛖᛏᛏᛖᛖᚱᛋ,550
decantation,323170,0,ᛞᛖᚳᚪᚾᛏᚪᛏᛡᚾ,646
sverdlovsk,322967,0,ᛋᚢᛖᚱᛞᛚᚩᚢᛋᚳ,372
reversioner,322575,0,ᚱᛖᚢᛖᚱᛋᛡᚾᛖᚱ,426
stigmatizing,322503,0,ᛋᛏᛁᚷᛗᚪᛏᛁᛋᛝ,550
spermaceti,322361,0,ᛋᛈᛖᚱᛗᚪᚳᛖᛏᛁ,512
appetitive,322314,0,ᚪᛈᛈᛖᛏᛁᛏᛁᚢᛖ,500
proofreader,322139,0,ᛈᚱᚩᚩᚠᚱᛠᛞᛖᚱ,357
degradable,321983,0,ᛞᛖᚷᚱᚪᛞᚪᛒᛚᛖ,668
archimedean,321948,0,ᚪᚱᚳᚻᛁᛗᛖᛞᛠᚾ,540
thermistors,321635,0,ᚦᛖᚱᛗᛁᛋᛏᚩᚱᛋ,368
staunchest,321593,0,ᛋᛏᚪᚢᚾᚳᚻᛖᛋᛏ,456
endodontic,321495,0,ᛖᚾᛞᚩᛞᚩᚾᛏᛁᚳ,420
yesterdays,321461,0,ᚣᛖᛋᛏᛖᚱᛞᚪᚣᛋ,702
buddhahood,321322,0,ᛒᚢᛞᛞᚻᚪᚻᚩᚩᛞ,488
brutalized,320934,0,ᛒᚱᚢᛏᚪᛚᛁᛋᛖᛞ,544
librettist,320797,0,ᛚᛁᛒᚱᛖᛏᛏᛁᛋᛏ,504
deaconesses,320775,0,ᛞᛠᚳᚩᚾᛖᛋᛋᛖᛋ,540
phenacetin,320530,0,ᛈᚻᛖᚾᚪᚳᛖᛏᛁᚾ,458
perforator,320505,0,ᛈᛖᚱᚠᚩᚱᚪᛏᚩᚱ,315
fauntleroy,320367,0,ᚠᚪᚢᚾᛏᛚᛖᚱᚩᚣ,451
billingsgate,320366,0,ᛒᛁᛚᛚᛝᛋᚷᚪᛏᛖ,610
whitewashing,320221,0,ᚹᚻᛁᛏᛖᚹᚪᛋᚻᛝ,470
sheepskins,319686,0,ᛋᚻᛖᛖᛈᛋᚳᛁᚾᛋ,432
abstainers,319621,0,ᚪᛒᛋᛏᚪᛁᚾᛖᚱᛋ,558
racketeers,319523,0,ᚱᚪᚳᚳᛖᛏᛖᛖᚱᛋ,458
mentorship,319508,0,ᛗᛖᚾᛏᚩᚱᛋᚻᛁᛈ,394
touchdowns,319426,0,ᛏᚩᚢᚳᚻᛞᚩᚹᚾᛋ,302
rhomboidal,319417,0,ᚱᚻᚩᛗᛒᚩᛁᛞᚪᛚ,470
fricatives,319258,0,ᚠᚱᛁᚳᚪᛏᛁᚢᛖᛋ,367
parchments,319071,0,ᛈᚪᚱᚳᚻᛗᛖᚾᛏᛋ,466
statehouse,319067,0,ᛋᛏᚪᛏᛖᚻᚩᚢᛋᛖ,488
symbolises,319033,0,ᛋᚣᛗᛒᚩᛚᛁᛋᛖᛋ,572
playhouses,318889,0,ᛈᛚᚪᚣᚻᚩᚢᛋᛖᛋ,522
propitiated,318653,0,ᛈᚱᚩᛈᛁᛏᛡᛏᛖᛞ,516
chaperones,318339,0,ᚳᚻᚪᛈᛖᚱᚩᚾᛖᛋ,410
sensitizer,318249,0,ᛋᛖᚾᛋᛁᛏᛁᛋᛖᚱ,454
reminisced,317430,0,ᚱᛖᛗᛁᚾᛁᛋᚳᛖᛞ,462
verbalized,317408,0,ᚢᛖᚱᛒᚪᛚᛁᛋᛖᛞ,552
outcroppings,317374,0,ᚩᚢᛏᚳᚱᚩᛈᛈᛝᛋ,318
seminarians,317281,0,ᛋᛖᛗᛁᚾᚪᚱᛡᚾᛋ,548
poultryman,317199,0,ᛈᚩᚢᛚᛏᚱᚣᛗᚪᚾ,496
soothsayers,317098,0,ᛋᚩᚩᚦᛋᚪᚣᛖᚱᛋ,456
witticisms,316890,0,ᚹᛁᛏᛏᛁᚳᛁᛋᛗᛋ,420
sweatshirts,316763,0,ᛋᚹᛠᛏᛋᚻᛁᚱᛏᛋ,470
folklorist,316459,0,ᚠᚩᛚᚳᛚᚩᚱᛁᛋᛏ,329
papillomas,316200,0,ᛈᚪᛈᛁᛚᛚᚩᛗᚪᛋ,588
abominably,316168,0,ᚪᛒᚩᛗᛁᚾᚪᛒᛚᚣ,630
retrenched,316145,0,ᚱᛖᛏᚱᛖᚾᚳᚻᛖᛞ,436
minefields,316090,0,ᛗᛁᚾᛖᚠᛁᛖᛚᛞᛋ,513
subsumption,315956,0,ᛋᚢᛒᛋᚢᛗᛈᛏᛡᚾ,482
wyandottes,315941,0,ᚹᚣᚪᚾᛞᚩᛏᛏᛖᛋ,582
astuteness,315931,0,ᚪᛋᛏᚢᛏᛖᚾᛖᛋᛋ,540
victualler,315596,0,ᚢᛁᚳᛏᚢᚪᛚᛚᛖᚱ,430
kinderhook,315361,0,ᚳᛁᚾᛞᛖᚱᚻᚩᚩᚳ,290
marionettes,315109,0,ᛗᚪᚱᛡᚾᛖᛏᛏᛖᛋ,620
statuesque,315053,0,ᛋᛏᚪᛏᚢᛖᛋᚳᚹᛖ,490
duplicator,315053,0,ᛞᚢᛈᛚᛁᚳᚪᛏᚩᚱ,426
misanthrope,314502,0,ᛗᛁᛋᚪᚾᚦᚱᚩᛈᛖ,414
stigmatize,314218,0,ᛋᛏᛁᚷᛗᚪᛏᛁᛋᛖ,538
bitterroot,313966,0,ᛒᛁᛏᛏᛖᚱᚱᚩᚩᛏ,372
producible,313729,0,ᛈᚱᚩᛞᚢᚳᛁᛒᛚᛖ,398
confidants,313640,0,ᚳᚩᚾᚠᛁᛞᚪᚾᛏᛋ,409
uncombined,313634,0,ᚢᚾᚳᚩᛗᛒᛁᚾᛖᛞ,400
superstars,313519,0,ᛋᚢᛈᛖᚱᛋᛏᚪᚱᛋ,450
demolitions,313403,0,ᛞᛖᛗᚩᛚᛁᛏᛡᚾᛋ,586
clavicular,313354,0,ᚳᛚᚪᚢᛁᚳᚢᛚᚪᚱ,414
fibreglass,313271,0,ᚠᛁᛒᚱᛖᚷᛚᚪᛋᛋ,465
humidifier,312935,0,ᚻᚢᛗᛁᛞᛁᚠᛁᛖᚱ,359
euphemisms,312907,0,ᛖᚢᛈᚻᛖᛗᛁᛋᛗᛋ,482
homonymous,312727,0,ᚻᚩᛗᚩᚾᚣᛗᚩᚢᛋ,374
millenarian,312706,0,ᛗᛁᛚᛚᛖᚾᚪᚱᛡᚾ,588
dictaphone,312677,0,ᛞᛁᚳᛏᚪᛈᚻᚩᚾᛖ,458
wondrously,312643,0,ᚹᚩᚾᛞᚱᚩᚢᛋᛚᚣ,394
reclassify,312495,0,ᚱᛖᚳᛚᚪᛋᛋᛁᚠᚣ,503
dinnerware,312210,0,ᛞᛁᚾᚾᛖᚱᚹᚪᚱᛖ,450
demoralize,312203,0,ᛞᛖᛗᚩᚱᚪᛚᛁᛋᛖ,566
ergosterol,311973,0,ᛖᚱᚷᚩᛋᛏᛖᚱᚩᛚ,372
ichthyology,311807,0,ᛁᚳᚻᚦᚣᚩᛚᚩᚷᚣ,382
pinnatifid,311777,0,ᛈᛁᚾᚾᚪᛏᛁᚠᛁᛞ,441
collectanea,311665,0,ᚳᚩᛚᛚᛖᚳᛏᚪᚾᛠ,540
succulents,311610,0,ᛋᚢᚳᚳᚢᛚᛖᚾᛏᛋ,366
negativism,311557,0,ᚾᛖᚷᚪᛏᛁᚢᛁᛋᛗ,458
ambulacral,311540,0,ᚪᛗᛒᚢᛚᚪᚳᚱᚪᛚ,596
neutralising,311503,0,ᚾᛖᚢᛏᚱᚪᛚᛁᛋᛝ,502
putatively,311208,0,ᛈᚢᛏᚪᛏᛁᚢᛖᛚᚣ,538
obfuscation,310860,0,ᚩᛒᚠᚢᛋᚳᚪᛏᛡᚾ,431
aneuploidy,310479,0,ᚪᚾᛖᚢᛈᛚᚩᛁᛞᚣ,542
venesection,310449,0,ᚢᛖᚾᛖᛋᛖᚳᛏᛡᚾ,494
plexiglass,310185,0,ᛈᛚᛖᛉᛁᚷᛚᚪᛋᛋ,554
percolated,310156,0,ᛈᛖᚱᚳᚩᛚᚪᛏᛖᛞ,526
heterodoxy,310104,0,ᚻᛖᛏᛖᚱᚩᛞᚩᛉᚣ,480
cricketers,309563,0,ᚳᚱᛁᚳᚳᛖᛏᛖᚱᛋ,338
polyamides,309174,0,ᛈᚩᛚᚣᚪᛗᛁᛞᛖᛋ,634
handpicked,309132,0,ᚻᚪᚾᛞᛈᛁᚳᚳᛖᛞ,494
meddlesome,308937,0,ᛗᛖᛞᛞᛚᛖᛋᚩᛗᛖ,654
xerography,308907,0,ᛉᛖᚱᚩᚷᚱᚪᛈᚻᚣ,426
greediness,308333,0,ᚷᚱᛖᛖᛞᛁᚾᛖᛋᛋ,484
headdresses,308253,0,ᚻᛠᛞᛞᚱᛖᛋᛋᛖᛋ,614
portcullis,307975,0,ᛈᚩᚱᛏᚳᚢᛚᛚᛁᛋ,366
goalkeeper,307827,0,ᚷᚩᚪᛚᚳᛖᛖᛈᛖᚱ,462
parturient,307699,0,ᛈᚪᚱᛏᚢᚱᛁᛖᚾᛏ,410
bloodlines,307504,0,ᛒᛚᚩᚩᛞᛚᛁᚾᛖᛋ,490
mammograms,307479,0,ᛗᚪᛗᛗᚩᚷᚱᚪᛗᛋ,566
amphiboles,307366,0,ᚪᛗᛈᚻᛁᛒᚩᛚᛖᛋ,526
adulterers,307337,0,ᚪᛞᚢᛚᛏᛖᚱᛖᚱᛋ,530
rejuvenating,307295,0,ᚱᛖᛂᚢᚢᛖᚾᚪᛏᛝ,452
centrosome,307262,0,ᚳᛖᚾᛏᚱᚩᛋᚩᛗᛖ,384
diaphoresis,307109,0,ᛞᛡᛈᚻᚩᚱᛖᛋᛁᛋ,484
desperadoes,307085,0,ᛞᛖᛋᛈᛖᚱᚪᛞᛟᛋ,652
adumbrated,307018,0,ᚪᛞᚢᛗᛒᚱᚪᛏᛖᛞ,644
ordinaries,306750,0,ᚩᚱᛞᛁᚾᚪᚱᛁᛖᛋ,426
kwashiorkor,306516,0,ᚳᚹᚪᛋᚻᛡᚱᚳᚩᚱ,354
audiometric,306478,0,ᚪᚢᛞᛡᛗᛖᛏᚱᛁᚳ,548
unrewarded,306336,0,ᚢᚾᚱᛖᚹᚪᚱᛞᛖᛞ,482
disturbers,306231,0,ᛞᛁᛋᛏᚢᚱᛒᛖᚱᛋ,438
intriguingly,305428,0,ᛁᚾᛏᚱᛁᚷᚢᛝᛚᚣ,436
castellano,305099,0,ᚳᚪᛋᛏᛖᛚᛚᚪᚾᚩ,568
cappuccino,305060,0,ᚳᚪᛈᛈᚢᚳᚳᛁᚾᚩ,292
saddlebags,305004,0,ᛋᚪᛞᛞᛚᛖᛒᚪᚷᛋ,696
childishly,304887,0,ᚳᚻᛁᛚᛞᛁᛋᚻᛚᚣ,512
ruminations,304444,0,ᚱᚢᛗᛁᚾᚪᛏᛡᚾᛋ,490
radiometers,304426,0,ᚱᚪᛞᛡᛗᛖᛏᛖᚱᛋ,632
crosswalks,304343,0,ᚳᚱᚩᛋᛋᚹᚪᛚᚳᛋ,392
intensional,303862,0,ᛁᚾᛏᛖᚾᛋᛡᚾᚪᛚ,574
expletives,303849,0,ᛖᛉᛈᛚᛖᛏᛁᚢᛖᛋ,510
multicolor,303822,0,ᛗᚢᛚᛏᛁᚳᚩᛚᚩᚱ,348
deplorably,303617,0,ᛞᛖᛈᛚᚩᚱᚪᛒᛚᚣ,624
praxiteles,303355,0,ᛈᚱᚪᛉᛁᛏᛖᛚᛖᛋ,548
pantagruel,303319,0,ᛈᚪᚾᛏᚪᚷᚱᚢᛖᛚ,496
plutocracy,303293,0,ᛈᛚᚢᛏᚩᚳᚱᚪᚳᚣ,422
refutations,303174,0,ᚱᛖᚠᚢᛏᚪᛏᛡᚾᛋ,487
pluperfect,302999,0,ᛈᛚᚢᛈᛖᚱᚠᛖᚳᛏ,381
blasphemed,302845,0,ᛒᛚᚪᛋᛈᚻᛖᛗᛖᛞ,644
myometrium,302777,0,ᛗᚣᚩᛗᛖᛏᚱᛁᚢᛗ,494
resignedly,302246,0,ᚱᛖᛋᛁᚷᚾᛖᛞᛚᚣ,540
staterooms,302144,0,ᛋᛏᚪᛏᛖᚱᚩᚩᛗᛋ,484
mystically,302081,0,ᛗᚣᛋᛏᛁᚳᚪᛚᛚᚣ,676
immobilizing,302075,0,ᛁᛗᛗᚩᛒᛁᛚᛁᛋᛝ,508
consignors,302043,0,ᚳᚩᚾᛋᛁᚷᚾᚩᚱᛋ,250
delphinium,301949,0,ᛞᛖᛚᛈᚻᛁᚾᛁᚢᛗ,460
pentameter,301935,0,ᛈᛖᚾᛏᚪᛗᛖᛏᛖᚱ,570
endearments,301622,0,ᛖᚾᛞᛠᚱᛗᛖᚾᛏᛋ,584
irritative,301390,0,ᛁᚱᚱᛁᛏᚪᛏᛁᚢᛖ,400
muscovites,301198,0,ᛗᚢᛋᚳᚩᚢᛁᛏᛖᛋ,360
expositors,301096,0,ᛖᛉᛈᚩᛋᛁᛏᚩᚱᛋ,378
concoctions,301044,0,ᚳᚩᚾᚳᚩᚳᛏᛡᚾᛋ,330
supplicate,300962,0,ᛋᚢᛈᛈᛚᛁᚳᚪᛏᛖ,482
enlightens,300879,0,ᛖᚾᛚᛁᚷᚻᛏᛖᚾᛋ,448
buddhistic,300854,0,ᛒᚢᛞᛞᚻᛁᛋᛏᛁᚳ,452
refractions,300689,0,ᚱᛖᚠᚱᚪᚳᛏᛡᚾᛋ,449
grandmamma,300675,0,ᚷᚱᚪᚾᛞᛗᚪᛗᛗᚪ,650
sightseers,300641,0,ᛋᛁᚷᚻᛏᛋᛖᛖᚱᛋ,434
myofibrils,300364,0,ᛗᚣᚩᚠᛁᛒᚱᛁᛚᛋ,443
segregates,300290,0,ᛋᛖᚷᚱᛖᚷᚪᛏᛖᛋ,508
resultants,300262,0,ᚱᛖᛋᚢᛚᛏᚪᚾᛏᛋ,504
deferments,300239,0,ᛞᛖᚠᛖᚱᛗᛖᚾᛏᛋ,515
piperazine,299695,0,ᛈᛁᛈᛖᚱᚪᛋᛁᚾᛖ,472
superclass,299678,0,ᛋᚢᛈᛖᚱᚳᛚᚪᛋᛋ,466
encroaches,299621,0,ᛖᚾᚳᚱᚩᚪᚳᚻᛖᛋ,380
polychaetes,299259,0,ᛈᚩᛚᚣᚳᚻᚫᛏᛖᛋ,542
cosmonauts,298984,0,ᚳᚩᛋᛗᚩᚾᚪᚢᛏᛋ,392
antipyrine,298689,0,ᚪᚾᛏᛁᛈᚣᚱᛁᚾᛖ,500
undeceived,298590,0,ᚢᚾᛞᛖᚳᛖᛁᚢᛖᛞ,458
chrysippus,298262,0,ᚳᚻᚱᚣᛋᛁᛈᛈᚢᛋ,376
fontanelle,298088,0,ᚠᚩᚾᛏᚪᚾᛖᛚᛚᛖ,503
necromancy,298038,0,ᚾᛖᚳᚱᚩᛗᚪᚾᚳᚣ,440
godparents,297926,0,ᚷᚩᛞᛈᚪᚱᛖᚾᛏᛋ,472
slaughters,297906,0,ᛋᛚᚪᚢᚷᚻᛏᛖᚱᛋ,456
overstates,297876,0,ᚩᚢᛖᚱᛋᛏᚪᛏᛖᛋ,476
abyssinians,297771,0,ᚪᛒᚣᛋᛋᛁᚾᛡᚾᛋ,616
homesteader,297767,0,ᚻᚩᛗᛖᛋᛏᛠᛞᛖᚱ,556
matterhorn,297567,0,ᛗᚪᛏᛏᛖᚱᚻᚩᚱᚾ,434
personation,297313,0,ᛈᛖᚱᛋᚩᚾᚪᛏᛡᚾ,502
extradural,297301,0,ᛖᛉᛏᚱᚪᛞᚢᚱᚪᛚ,554
porcupines,297214,0,ᛈᚩᚱᚳᚢᛈᛁᚾᛖᛋ,300
horoscopes,297207,0,ᚻᚩᚱᚩᛋᚳᚩᛈᛖᛋ,284
marshlands,297184,0,ᛗᚪᚱᛋᚻᛚᚪᚾᛞᛋ,596
valentines,297129,0,ᚢᚪᛚᛖᚾᛏᛁᚾᛖᛋ,508
lanthanides,297100,0,ᛚᚪᚾᚦᚪᚾᛁᛞᛖᛋ,570
visualizes,296782,0,ᚢᛁᛋᚢᚪᛚᛁᛋᛖᛋ,464
buchenwald,296780,0,ᛒᚢᚳᚻᛖᚾᚹᚪᛚᛞ,474
secondment,296762,0,ᛋᛖᚳᚩᚾᛞᛗᛖᚾᛏ,484
leeuwenhoek,296529,0,ᛚᛖᛖᚢᚹᛖᚾᚻᛟᚳ,444
nationalizing,296510,0,ᚾᚪᛏᛡᚾᚪᛚᛁᛋᛝ,654
crisscross,296465,0,ᚳᚱᛁᛋᛋᚳᚱᚩᛋᛋ,298
unexecuted,296454,0,ᚢᚾᛖᛉᛖᚳᚢᛏᛖᛞ,444
confutation,296424,0,ᚳᚩᚾᚠᚢᛏᚪᛏᛡᚾ,405
westerlies,296333,0,ᚹᛖᛋᛏᛖᚱᛚᛁᛖᛋ,500
intermezzo,296331,0,ᛁᚾᛏᛖᚱᛗᛖᛋᛋᚩ,448
repugnancy,296273,0,ᚱᛖᛈᚢᚷᚾᚪᚾᚳᚣ,412
unsolvable,296169,0,ᚢᚾᛋᚩᛚᚢᚪᛒᛚᛖ,466
stramonium,296158,0,ᛋᛏᚱᚪᛗᚩᚾᛁᚢᛗ,432
ascribable,296052,0,ᚪᛋᚳᚱᛁᛒᚪᛒᛚᛖ,564
andropogon,295870,0,ᚪᚾᛞᚱᚩᛈᚩᚷᚩᚾ,336
aficionados,295868,0,ᚪᚠᛁᚳᛡᚾᚪᛞᚩᛋ,525
stylistics,295792,0,ᛋᛏᚣᛚᛁᛋᛏᛁᚳᛋ,528
unlabelled,295775,0,ᚢᚾᛚᚪᛒᛖᛚᛚᛖᛞ,632
sphericity,295625,0,ᛋᛈᚻᛖᚱᛁᚳᛁᛏᚣ,434
upholstering,295599,0,ᚢᛈᚻᚩᛚᛋᛏᛖᚱᛝ,418
brachiopoda,295511,0,ᛒᚱᚪᚳᚻᛡᛈᚩᛞᚪ,548
amerindians,295429,0,ᚪᛗᛖᚱᛁᚾᛞᛡᚾᛋ,584
outstripping,295404,0,ᚩᚢᛏᛋᛏᚱᛁᛈᛈᛝ,388
nightdress,294802,0,ᚾᛁᚷᚻᛏᛞᚱᛖᛋᛋ,432
kinesiology,294245,0,ᚳᛁᚾᛖᛋᛡᛚᚩᚷᚣ,500
centipedes,294162,0,ᚳᛖᚾᛏᛁᛈᛖᛞᛖᛋ,518
hypothyroid,294011,0,ᚻᚣᛈᚩᚦᚣᚱᚩᛁᛞ,422
percolator,293606,0,ᛈᛖᚱᚳᚩᛚᚪᛏᚩᚱ,388
militaries,293590,0,ᛗᛁᛚᛁᛏᚪᚱᛁᛖᛋ,524
catchwords,293579,0,ᚳᚪᛏᚳᚻᚹᚩᚱᛞᛋ,384
redelivery,293332,0,ᚱᛖᛞᛖᛚᛁᚢᛖᚱᚣ,522
thanksgivings,293300,0,ᚦᚪᚾᚳᛋᚷᛁᚢᛝᛋ,380
stratiform,293248,0,ᛋᛏᚱᚪᛏᛁᚠᚩᚱᛗ,401
brahmanism,293130,0,ᛒᚱᚪᚻᛗᚪᚾᛁᛋᛗ,544
dentifrice,292960,0,ᛞᛖᚾᛏᛁᚠᚱᛁᚳᛖ,399
flowcharts,292836,0,ᚠᛚᚩᚹᚳᚻᚪᚱᛏᛋ,357
uncensored,292827,0,ᚢᚾᚳᛖᚾᛋᚩᚱᛖᛞ,368
blastoderm,292594,0,ᛒᛚᚪᛋᛏᚩᛞᛖᚱᛗ,588
depreciates,292562,0,ᛞᛖᛈᚱᛖᚳᛡᛏᛖᛋ,576
podiatrists,292544,0,ᛈᚩᛞᛡᛏᚱᛁᛋᛏᛋ,512
remunerate,292429,0,ᚱᛖᛗᚢᚾᛖᚱᚪᛏᛖ,482
polymorphs,292182,0,ᛈᚩᛚᚣᛗᚩᚱᛈᚻᛋ,434
disorienting,292170,0,ᛞᛁᛋᚩᚱᛁᛖᚾᛏᛝ,456
capitalise,291935,0,ᚳᚪᛈᛁᛏᚪᛚᛁᛋᛖ,564
deliverers,291554,0,ᛞᛖᛚᛁᚢᛖᚱᛖᚱᛋ,472
reimburses,291395,0,ᚱᛖᛁᛗᛒᚢᚱᛋᛖᛋ,428
fairground,291361,0,ᚠᚪᛁᚱᚷᚱᚩᚢᚾᛞ,297
flawlessly,291307,0,ᚠᛚᚪᚹᛚᛖᛋᛋᛚᚣ,613
neutralist,291283,0,ᚾᛖᚢᛏᚱᚪᛚᛁᛋᛏ,482
crucifixes,291227,0,ᚳᚱᚢᚳᛁᚠᛁᛉᛖᛋ,271
juxtaposes,290806,0,ᛂᚢᛉᛏᚪᛈᚩᛋᛖᛋ,466
undershirt,290352,0,ᚢᚾᛞᛖᚱᛋᚻᛁᚱᛏ,376
hypophyseal,290281,0,ᚻᚣᛈᚩᛈᚻᚣᛋᛠᛚ,580
biblically,290237,0,ᛒᛁᛒᛚᛁᚳᚪᛚᛚᚣ,616
rainstorms,290147,0,ᚱᚪᛁᚾᛋᛏᚩᚱᛗᛋ,422
tablelands,290033,0,ᛏᚪᛒᛚᛖᛚᚪᚾᛞᛋ,698
sandpipers,289194,0,ᛋᚪᚾᛞᛈᛁᛈᛖᚱᛋ,516
alienations,288681,0,ᚪᛚᛁᛖᚾᚪᛏᛡᚾᛋ,642
ecchymosis,288498,0,ᛖᚳᚳᚻᚣᛗᚩᛋᛁᛋ,434
sycophants,288145,0,ᛋᚣᚳᚩᛈᚻᚪᚾᛏᛋ,480
antinomies,288131,0,ᚪᚾᛏᛁᚾᚩᛗᛁᛖᛋ,474
masturbating,288125,0,ᛗᚪᛋᛏᚢᚱᛒᚪᛏᛝ,590
unhesitating,288105,0,ᚢᚾᚻᛖᛋᛁᛏᚪᛏᛝ,500
antitoxins,288075,0,ᚪᚾᛏᛁᛏᚩᛉᛁᚾᛋ,442
shallowest,287878,0,ᛋᚻᚪᛚᛚᚩᚹᛖᛋᛏ,524
calibrator,287621,0,ᚳᚪᛚᛁᛒᚱᚪᛏᚩᚱ,460
torquemada,287545,0,ᛏᚩᚱᚳᚹᛖᛗᚪᛞᚪ,530
oxidizable,287532,0,ᚩᛉᛁᛞᛁᛋᚪᛒᛚᛖ,556
unexploded,287495,0,ᚢᚾᛖᛉᛈᛚᚩᛞᛖᛞ,514
supplicant,287464,0,ᛋᚢᛈᛈᛚᛁᚳᚪᚾᛏ,444
neutralism,287211,0,ᚾᛖᚢᛏᚱᚪᛚᛁᛋᛗ,494
concertina,287115,0,ᚳᚩᚾᚳᛖᚱᛏᛁᚾᚪ,356
watermarks,287002,0,ᚹᚪᛏᛖᚱᛗᚪᚱᚳᛋ,498
underclothing,286972,0,ᚢᚾᛞᛖᚱᚳᛚᚩᚦᛝ,376
neapolitans,286854,0,ᚾᛠᛈᚩᛚᛁᛏᚪᚾᛋ,530
sequestering,286716,0,ᛋᛖᚳᚹᛖᛋᛏᛖᚱᛝ,488
virtuously,286659,0,ᚢᛁᚱᛏᚢᚩᚢᛋᛚᚣ,346
bibliophile,286594,0,ᛒᛁᛒᛚᛡᛈᚻᛁᛚᛖ,570
attractant,286559,0,ᚪᛏᛏᚱᚪᚳᛏᚪᚾᛏ,580
moonlighting,286269,0,ᛗᚩᚩᚾᛚᛁᚷᚻᛏᛝ,396
quaternions,286247,0,ᚳᚹᚪᛏᛖᚱᚾᛡᚾᛋ,484
embrasures,286127,0,ᛖᛗᛒᚱᚪᛋᚢᚱᛖᛋ,494
casseroles,286101,0,ᚳᚪᛋᛋᛖᚱᚩᛚᛖᛋ,494
inclemency,286031,0,ᛁᚾᚳᛚᛖᛗᛖᚾᚳᚣ,496
excrements,285979,0,ᛖᛉᚳᚱᛖᛗᛖᚾᛏᛋ,484
frigidaire,285656,0,ᚠᚱᛁᚷᛁᛞᚪᛁᚱᛖ,387
dejectedly,285643,0,ᛞᛖᛂᛖᚳᛏᛖᛞᛚᚣ,664
oversights,285571,0,ᚩᚢᛖᚱᛋᛁᚷᚻᛏᛋ,324
antimatter,285337,0,ᚪᚾᛏᛁᛗᚪᛏᛏᛖᚱ,580
astronomic,285336,0,ᚪᛋᛏᚱᚩᚾᚩᛗᛁᚳ,378
antiemetic,285210,0,ᚪᚾᛏᛁᛖᛗᛖᛏᛁᚳ,524
bedfellows,285206,0,ᛒᛖᛞᚠᛖᛚᛚᚩᚹᛋ,511
automatics,285129,0,ᚪᚢᛏᚩᛗᚪᛏᛁᚳᛋ,490
hesperides,284986,0,ᚻᛖᛋᛈᛖᚱᛁᛞᛖᛋ,504
sensitised,284927,0,ᛋᛖᚾᛋᛁᛏᛁᛋᛖᛞ,532
stutterers,284911,0,ᛋᛏᚢᛏᛏᛖᚱᛖᚱᛋ,442
deflectors,284627,0,ᛞᛖᚠᛚᛖᚳᛏᚩᚱᛋ,441
signposted,284323,0,ᛋᛁᚷᚾᛈᚩᛋᛏᛖᛞ,448
conundrums,283989,0,ᚳᚩᚾᚢᚾᛞᚱᚢᛗᛋ,308
sleepwalking,283942,0,ᛋᛚᛖᛖᛈᚹᚪᛚᚳᛝ,584
taskmaster,283926,0,ᛏᚪᛋᚳᛗᚪᛋᛏᛖᚱ,580
clerkships,283613,0,ᚳᛚᛖᚱᚳᛋᚻᛁᛈᛋ,380
humidified,283334,0,ᚻᚢᛗᛁᛞᛁᚠᛁᛖᛞ,437
undismayed,283205,0,ᚢᚾᛞᛁᛋᛗᚪᚣᛖᛞ,632
intonations,282922,0,ᛁᚾᛏᚩᚾᚪᛏᛡᚾᛋ,500
kodachrome,282695,0,ᚳᚩᛞᚪᚳᚻᚱᚩᛗᛖ,398
mediumship,282603,0,ᛗᛖᛞᛁᚢᛗᛋᚻᛁᛈ,482
adulteress,282220,0,ᚪᛞᚢᛚᛏᛖᚱᛖᛋᛋ,572
unburdened,282196,0,ᚢᚾᛒᚢᚱᛞᛖᚾᛖᛞ,448
cuttlefish,282148,0,ᚳᚢᛏᛏᛚᛖᚠᛁᛋᚻ,383
photogenic,282057,0,ᛈᚻᚩᛏᚩᚷᛖᚾᛁᚳ,296
itemization,281877,0,ᛁᛏᛖᛗᛁᛋᚪᛏᛡᚾ,604
karyotypes,281876,0,ᚳᚪᚱᚣᚩᛏᚣᛈᛖᛋ,556
dissidence,281875,0,ᛞᛁᛋᛋᛁᛞᛖᚾᚳᛖ,522
skateboard,281834,0,ᛋᚳᚪᛏᛖᛒᚩᚪᚱᛞ,554
chilliness,281762,0,ᚳᚻᛁᛚᛚᛁᚾᛖᛋᛋ,446
aquamarine,281497,0,ᚪᚳᚹᚪᛗᚪᚱᛁᚾᛖ,532
handshakes,281158,0,ᚻᚪᚾᛞᛋᚻᚪᚳᛖᛋ,544
freewheeling,281047,0,ᚠᚱᛖᛖᚹᚻᛖᛖᛚᛝ,475
mountebank,281007,0,ᛗᚩᚢᚾᛏᛖᛒᚪᚾᚳ,436
mignonette,280727,0,ᛗᛁᚷᚾᚩᚾᛖᛏᛏᛖ,436
microcosms,280593,0,ᛗᛁᚳᚱᚩᚳᚩᛋᛗᛋ,330
musicality,279830,0,ᛗᚢᛋᛁᚳᚪᛚᛁᛏᚣ,534
heedlessly,279625,0,ᚻᛖᛖᛞᛚᛖᛋᛋᛚᚣ,668
hairstyles,279614,0,ᚻᚪᛁᚱᛋᛏᚣᛚᛖᛋ,570
naturalize,279581,0,ᚾᚪᛏᚢᚱᚪᛚᛁᛋᛖ,520
understudy,279418,0,ᚢᚾᛞᛖᚱᛋᛏᚢᛞᚣ,506
laundromat,279237,0,ᛚᚪᚢᚾᛞᚱᚩᛗᚪᛏ,536
laterality,279009,0,ᛚᚪᛏᛖᚱᚪᛚᛁᛏᚣ,670
scarcities,278403,0,ᛋᚳᚪᚱᚳᛁᛏᛁᛖᛋ,428
footballer,278269,0,ᚠᚩᚩᛏᛒᚪᛚᛚᛖᚱ,457
specifiers,278028,0,ᛋᛈᛖᚳᛁᚠᛁᛖᚱᛋ,371
misaligned,277813,0,ᛗᛁᛋᚪᛚᛁᚷᚾᛖᛞ,558
sacrificer,277783,0,ᛋᚪᚳᚱᛁᚠᛁᚳᛖᚱ,329
shepherded,277634,0,ᛋᚻᛖᛈᚻᛖᚱᛞᛖᛞ,532
congregants,277548,0,ᚳᚩᛝᚱᛖᚷᚪᚾᛏᛋ,432
haemoptysis,277531,0,ᚻᚫᛗᚩᛈᛏᚣᛋᛁᛋ,544
varicocele,277521,0,ᚢᚪᚱᛁᚳᚩᚳᛖᛚᛖ,382
conurbation,277359,0,ᚳᚩᚾᚢᚱᛒᚪᛏᛡᚾ,416
retractors,277351,0,ᚱᛖᛏᚱᚪᚳᛏᚩᚱᛋ,388
extendable,277232,0,ᛖᛉᛏᛖᚾᛞᚪᛒᛚᛖ,656
roadmaster,277084,0,ᚱᚩᚪᛞᛗᚪᛋᛏᛖᚱ,562
canaliculi,276998,0,ᚳᚪᚾᚪᛚᛁᚳᚢᛚᛁ,460
anarchical,276962,0,ᚪᚾᚪᚱᚳᚻᛁᚳᚪᛚ,484
cicatrices,276227,0,ᚳᛁᚳᚪᛏᚱᛁᚳᛖᛋ,388
amphoteric,275305,0,ᚪᛗᛈᚻᚩᛏᛖᚱᛁᚳ,422
malodorous,275292,0,ᛗᚪᛚᚩᛞᚩᚱᚩᚢᛋ,418
publically,275117,0,ᛈᚢᛒᛚᛁᚳᚪᛚᛚᚣ,570
carpentering,275069,0,ᚳᚪᚱᛈᛖᚾᛏᛖᚱᛝ,476
percolates,274744,0,ᛈᛖᚱᚳᚩᛚᚪᛏᛖᛋ,490
consummating,274620,0,ᚳᚩᚾᛋᚢᛗᛗᚪᛏᛝ,482
breadstuffs,274418,0,ᛒᚱᛠᛞᛋᛏᚢᚠᚠᛋ,442
lysimachus,274286,0,ᛚᚣᛋᛁᛗᚪᚳᚻᚢᛋ,520
inapposite,274124,0,ᛁᚾᚪᛈᛈᚩᛋᛁᛏᛖ,460
phonograms,273848,0,ᛈᚻᚩᚾᚩᚷᚱᚪᛗᛋ,358
missourians,273698,0,ᛗᛁᛋᛋᚩᚢᚱᛡᚾᛋ,418
coagulates,273477,0,ᚳᚩᚪᚷᚢᛚᚪᛏᛖᛋ,486
spermatids,273452,0,ᛋᛈᛖᚱᛗᚪᛏᛁᛞᛋ,574
idempotent,273435,0,ᛁᛞᛖᛗᛈᚩᛏᛖᚾᛏ,522
licentiates,273289,0,ᛚᛁᚳᛖᚾᛏᛡᛏᛖᛋ,558
triangulated,273153,0,ᛏᚱᛡᛝᚢᛚᚪᛏᛖᛞ,644
unhygienic,273045,0,ᚢᚾᚻᚣᚷᛁᛖᚾᛁᚳ,346
carbamates,272999,0,ᚳᚪᚱᛒᚪᛗᚪᛏᛖᛋ,626
spirometry,272900,0,ᛋᛈᛁᚱᚩᛗᛖᛏᚱᚣ,456
decelerate,272845,0,ᛞᛖᚳᛖᛚᛖᚱᚪᛏᛖ,610
resurrecting,272718,0,ᚱᛖᛋᚢᚱᚱᛖᚳᛏᛝ,374
fishmongers,272664,0,ᚠᛁᛋᚻᛗᚩᛝᛖᚱᛋ,397
parallaxes,272598,0,ᛈᚪᚱᚪᛚᛚᚪᛉᛖᛋ,658
sympathizes,272217,0,ᛋᚣᛗᛈᚪᚦᛁᛋᛖᛋ,576
costliness,272172,0,ᚳᚩᛋᛏᛚᛁᚾᛖᛋᛋ,438
intertwine,272154,0,ᛁᚾᛏᛖᚱᛏᚹᛁᚾᛖ,402
mandelbrot,272148,0,ᛗᚪᚾᛞᛖᛚᛒᚱᚩᛏ,564
leaderships,272106,0,ᛚᛠᛞᛖᚱᛋᚻᛁᛈᛋ,552
paramaribo,272061,0,ᛈᚪᚱᚪᛗᚪᚱᛁᛒᚩ,526
manifestoes,271954,0,ᛗᚪᚾᛁᚠᛖᛋᛏᛟᛋ,545
pollinator,271945,0,ᛈᚩᛚᛚᛁᚾᚪᛏᚩᚱ,430
sanctifies,271663,0,ᛋᚪᚾᚳᛏᛁᚠᛁᛖᛋ,435
entombment,271476,0,ᛖᚾᛏᚩᛗᛒᛗᛖᚾᛏ,520
racehorses,271423,0,ᚱᚪᚳᛖᚻᚩᚱᛋᛖᛋ,402
dissembled,271349,0,ᛞᛁᛋᛋᛖᛗᛒᛚᛖᛞ,654
multigraph,270975,0,ᛗᚢᛚᛏᛁᚷᚱᚪᛈᚻ,428
castigation,270751,0,ᚳᚪᛋᛏᛁᚷᚪᛏᛡᚾ,562
cromwellian,270584,0,ᚳᚱᚩᛗᚹᛖᛚᛚᛡᚾ,470
medicament,270371,0,ᛗᛖᛞᛁᚳᚪᛗᛖᚾᛏ,594
recaptures,270292,0,ᚱᛖᚳᚪᛈᛏᚢᚱᛖᛋ,424
brokenness,270265,0,ᛒᚱᚩᚳᛖᚾᚾᛖᛋᛋ,390
vermicelli,270224,0,ᚢᛖᚱᛗᛁᚳᛖᛚᛚᛁ,440
emotionless,270142,0,ᛖᛗᚩᛏᛡᚾᛚᛖᛋᛋ,586
smokehouse,269732,0,ᛋᛗᚩᚳᛖᚻᚩᚢᛋᛖ,364
misogynist,269713,0,ᛗᛁᛋᚩᚷᚣᚾᛁᛋᛏ,454
chloramine,269589,0,ᚳᚻᛚᚩᚱᚪᛗᛁᚾᛖ,422
stagflation,269583,0,ᛋᛏᚪᚷᚠᛚᚪᛏᛡᚾ,593
suborbital,269436,0,ᛋᚢᛒᚩᚱᛒᛁᛏᚪᛚ,456
protozoans,269205,0,ᛈᚱᚩᛏᚩᛋᚩᚪᚾᛋ,366
potentilla,269139,0,ᛈᚩᛏᛖᚾᛏᛁᛚᛚᚪ,538
mannequins,269001,0,ᛗᚪᚾᚾᛖᚳᚹᛁᚾᛋ,438
mesosphere,268939,0,ᛗᛖᛋᚩᛋᛈᚻᛖᚱᛖ,462
anticlimax,268864,0,ᚪᚾᛏᛁᚳᛚᛁᛗᚪᛉ,548
apiculture,268821,0,ᚪᛈᛁᚳᚢᛚᛏᚢᚱᛖ,400
imminently,268682,0,ᛁᛗᛗᛁᚾᛖᚾᛏᛚᚣ,564
shipmaster,268680,0,ᛋᚻᛁᛈᛗᚪᛋᛏᛖᚱ,508
metrically,268545,0,ᛗᛖᛏᚱᛁᚳᚪᛚᛚᚣ,598
woodcutter,268390,0,ᚹᚩᚩᛞᚳᚢᛏᛏᛖᚱ,334
incivility,268354,0,ᛁᚾᚳᛁᚢᛁᛚᛁᛏᚣ,404
hypothermic,268339,0,ᚻᚣᛈᚩᚦᛖᚱᛗᛁᚳ,374
flatteries,268230,0,ᚠᛚᚪᛏᛏᛖᚱᛁᛖᛋ,519
parsonages,268038,0,ᛈᚪᚱᛋᚩᚾᚪᚷᛖᛋ,474
allotropic,267879,0,ᚪᛚᛚᚩᛏᚱᚩᛈᛁᚳ,414
discussant,267877,0,ᛞᛁᛋᚳᚢᛋᛋᚪᚾᛏ,480
cantharides,267789,0,ᚳᚪᚾᚦᚪᚱᛁᛞᛖᛋ,492
sclerotinia,267757,0,ᛋᚳᛚᛖᚱᚩᛏᛁᚾᛡ,450
perquisite,267748,0,ᛈᛖᚱᚳᚹᛁᛋᛁᛏᛖ,394
conformers,267531,0,ᚳᚩᚾᚠᚩᚱᛗᛖᚱᛋ,271
gradualism,267309,0,ᚷᚱᚪᛞᚢᚪᛚᛁᛋᛗ,542
internists,267235,0,ᛁᚾᛏᛖᚱᚾᛁᛋᛏᛋ,422
navigations,267177,0,ᚾᚪᚢᛁᚷᚪᛏᛡᚾᛋ,522
alamogordo,267059,0,ᚪᛚᚪᛗᚩᚷᚩᚱᛞᚩ,476
cornstalks,267037,0,ᚳᚩᚱᚾᛋᛏᚪᛚᚳᛋ,408
unshakeable,266985,0,ᚢᚾᛋᚻᚪᚳᛠᛒᛚᛖ,528
hildegarde,266931,0,ᚻᛁᛚᛞᛖᚷᚪᚱᛞᛖ,564
underbelly,266816,0,ᚢᚾᛞᛖᚱᛒᛖᛚᛚᚣ,576
acquittals,266782,0,ᚪᚳᚳᚹᛁᛏᛏᚪᛚᛋ,514
overcharging,266704,0,ᚩᚢᛖᚱᚳᚻᚪᚱᚷᛝ,328
evenhanded,266573,0,ᛖᚢᛖᚾᚻᚪᚾᛞᛖᛞ,560
quantitate,266534,0,ᚳᚹᚪᚾᛏᛁᛏᚪᛏᛖ,530
diacritical,266419,0,ᛞᛡᚳᚱᛁᛏᛁᚳᚪᛚ,524
israelitish,266312,0,ᛁᛋᚱᚫᛚᛁᛏᛁᛋᚻ,466
neurotoxin,265983,0,ᚾᛖᚢᚱᚩᛏᚩᛉᛁᚾ,290
vigilantly,265964,0,ᚢᛁᚷᛁᛚᚪᚾᛏᛚᚣ,516
supercargo,265963,0,ᛋᚢᛈᛖᚱᚳᚪᚱᚷᚩ,322
attachable,265930,0,ᚪᛏᛏᚪᚳᚻᚪᛒᛚᛖ,646
epicondyle,265752,0,ᛖᛈᛁᚳᚩᚾᛞᚣᛚᛖ,522
objectifying,265716,0,ᚩᛒᛂᛖᚳᛏᛁᚠᚣᛝ,459
ungodliness,265662,0,ᚢᛝᚩᛞᛚᛁᚾᛖᛋᛋ,484
mulberries,265607,0,ᛗᚢᛚᛒᛖᚱᚱᛁᛖᛋ,448
reconnecting,265466,0,ᚱᛖᚳᚩᚾᚾᛖᚳᛏᛝ,374
symposiums,265321,0,ᛋᚣᛗᛈᚩᛋᛁᚢᛗᛋ,488
blasphemer,265258,0,ᛒᛚᚪᛋᛈᚻᛖᛗᛖᚱ,566
amenorrhoea,264855,0,ᚪᛗᛖᚾᚩᚱᚱᚻᛟᚪ,496
multimeter,264613,0,ᛗᚢᛚᛏᛁᛗᛖᛏᛖᚱ,512
symbolists,264591,0,ᛋᚣᛗᛒᚩᛚᛁᛋᛏᛋ,564
synthetical,264369,0,ᛋᚣᚾᚦᛖᛏᛁᚳᚪᛚ,530
overstepping,264327,0,ᚩᚢᛖᚱᛋᛏᛖᛈᛈᛝ,432
leptospira,264175,0,ᛚᛖᛈᛏᚩᛋᛈᛁᚱᚪ,484
liverworts,264133,0,ᛚᛁᚢᛖᚱᚹᚩᚱᛏᛋ,334
livability,264126,0,ᛚᛁᚢᚪᛒᛁᛚᛁᛏᚣ,562
herbalists,264083,0,ᚻᛖᚱᛒᚪᛚᛁᛋᛏᛋ,528
supplicating,263850,0,ᛋᚢᛈᛈᛚᛁᚳᚪᛏᛝ,494
volubility,263786,0,ᚢᚩᛚᚢᛒᛁᛚᛁᛏᚣ,444
snowstorms,263758,0,ᛋᚾᚩᚹᛋᛏᚩᚱᛗᛋ,362
schoolmate,263700,0,ᛋᚳᚻᚩᚩᛚᛗᚪᛏᛖ,470
subsidizes,263542,0,ᛋᚢᛒᛋᛁᛞᛁᛋᛖᛋ,494
equalizers,263541,0,ᛖᚳᚹᚪᛚᛁᛋᛖᚱᛋ,484
palliatives,263348,0,ᛈᚪᛚᛚᛡᛏᛁᚢᛖᛋ,606
flirtations,263347,0,ᚠᛚᛁᚱᛏᚪᛏᛡᚾᛋ,521
numerators,263341,0,ᚾᚢᛗᛖᚱᚪᛏᚩᚱᛋ,408
panegyrics,262777,0,ᛈᚪᚾᛖᚷᚣᚱᛁᚳᛋ,464
piezometer,262752,0,ᛈᛁᛖᛋᚩᛗᛖᛏᛖᚱ,476
gyroscopes,262688,0,ᚷᚣᚱᚩᛋᚳᚩᛈᛖᛋ,374
delectation,262403,0,ᛞᛖᛚᛖᚳᛏᚪᛏᛡᚾ,660
germinates,262297,0,ᚷᛖᚱᛗᛁᚾᚪᛏᛖᛋ,502
corrigenda,262288,0,ᚳᚩᚱᚱᛁᚷᛖᚾᛞᚪ,372
trampoline,261946,0,ᛏᚱᚪᛗᛈᚩᛚᛁᚾᛖ,488
realisations,261909,0,ᚱᛠᛚᛁᛋᚪᛏᛡᚾᛋ,622
superieure,261621,0,ᛋᚢᛈᛖᚱᛁᛖᚢᚱᛖ,356
reenforced,261538,0,ᚱᛖᛖᚾᚠᚩᚱᚳᛖᛞ,363
untenanted,261431,0,ᚢᚾᛏᛖᚾᚪᚾᛏᛖᛞ,528
egyptology,261335,0,ᛖᚷᚣᛈᛏᚩᛚᚩᚷᚣ,496
cryptology,261284,1,ᚳᚱᚣᛈᛏᚩᛚᚩᚷᚣ,436
paraphyses,261042,0,ᛈᚪᚱᚪᛈᚻᚣᛋᛖᛋ,590
aftershave,261025,0,ᚪᚠᛏᛖᚱᛋᚻᚪᚢᛖ,479
disarranged,260726,0,ᛞᛁᛋᚪᚱᚱᚪᛝᛖᛞ,624
voraciously,260709,0,ᚢᚩᚱᚪᚳᛡᚢᛋᛚᚣ,470
unconcealed,260507,0,ᚢᚾᚳᚩᚾᚳᛠᛚᛖᛞ,432
pedagogues,260490,0,ᛈᛖᛞᚪᚷᚩᚷᚢᛖᛋ,460
photostats,260398,0,ᛈᚻᚩᛏᚩᛋᛏᚪᛏᛋ,460
papaverine,260321,0,ᛈᚪᛈᚪᚢᛖᚱᛁᚾᛖ,488
watchwords,259878,0,ᚹᚪᛏᚳᚻᚹᚩᚱᛞᛋ,390
astonishes,259106,0,ᚪᛋᛏᚩᚾᛁᛋᚻᛖᛋ,472
composedly,259055,0,ᚳᚩᛗᛈᚩᛋᛖᛞᛚᚣ,526
inessential,259043,0,ᛁᚾᛖᛋᛋᛖᚾᛏᛡᛚ,568
saleswoman,258938,0,ᛋᚪᛚᛖᛋᚹᚩᛗᚪᚾ,566
cavalryman,258900,0,ᚳᚪᚢᚪᛚᚱᚣᛗᚪᚾ,594
religieuse,258880,0,ᚱᛖᛚᛁᚷᛁᛖᚢᛋᛖ,420
brailsford,258770,0,ᛒᚱᚪᛁᛚᛋᚠᚩᚱᛞ,435
cadaverous,258642,0,ᚳᚪᛞᚪᚢᛖᚱᚩᚢᛋ,440
chiricahua,258541,0,ᚳᚻᛁᚱᛁᚳᚪᚻᚢᚪ,342
archdeacons,258390,0,ᚪᚱᚳᚻᛞᛠᚳᚩᚾᛋ,444
champollion,258377,0,ᚳᚻᚪᛗᛈᚩᛚᛚᛡᚾ,536
seigniorage,258255,0,ᛋᛖᛁᚷᚾᛡᚱᚪᚷᛖ,496
flightless,258097,0,ᚠᛚᛁᚷᚻᛏᛚᛖᛋᛋ,451
unambitious,258066,0,ᚢᚾᚪᛗᛒᛁᛏᛡᚢᛋ,514
deregulate,257999,0,ᛞᛖᚱᛖᚷᚢᛚᚪᛏᛖ,550
eliminator,257744,0,ᛖᛚᛁᛗᛁᚾᚪᛏᚩᚱ,476
unmerciful,257370,0,ᚢᚾᛗᛖᚱᚳᛁᚠᚢᛚ,303
hinderance,257300,0,ᚻᛁᚾᛞᛖᚱᚪᚾᚳᛖ,456
illuminati,257190,0,ᛁᛚᛚᚢᛗᛁᚾᚪᛏᛁ,498
trituration,257115,0,ᛏᚱᛁᛏᚢᚱᚪᛏᛡᚾ,466
standpipes,257012,0,ᛋᛏᚪᚾᛞᛈᛁᛈᛖᛋ,564
unheralded,256998,0,ᚢᚾᚻᛖᚱᚪᛚᛞᛖᛞ,548
antithyroid,256915,0,ᚪᚾᛏᛁᚦᚣᚱᚩᛁᛞ,462
syncopation,256783,0,ᛋᚣᚾᚳᚩᛈᚪᛏᛡᚾ,540
pseudopodia,256640,0,ᛈᛋᛖᚢᛞᚩᛈᚩᛞᛡ,508
indecorous,256562,0,ᛁᚾᛞᛖᚳᚩᚱᚩᚢᛋ,310
impudently,256189,0,ᛁᛗᛈᚢᛞᛖᚾᛏᛚᚣ,568
stylization,256163,0,ᛋᛏᚣᛚᛁᛋᚪᛏᛡᚾ,664
overshooting,256126,0,ᚩᚢᛖᚱᛋᚻᚩᚩᛏᛝ,316
typesetter,256111,0,ᛏᚣᛈᛖᛋᛖᛏᛏᛖᚱ,588
mishandled,256051,0,ᛗᛁᛋᚻᚪᚾᛞᛚᛖᛞ,622
unbaptized,255834,0,ᚢᚾᛒᚪᛈᛏᛁᛋᛖᛞ,532
manometers,255722,0,ᛗᚪᚾᚩᛗᛖᛏᛖᚱᛋ,532
eulogistic,255508,0,ᛖᚢᛚᚩᚷᛁᛋᛏᛁᚳ,354
questioners,255326,0,ᚳᚹᛖᛋᛏᛡᚾᛖᚱᛋ,478
nightshirt,255195,0,ᚾᛁᚷᚻᛏᛋᚻᛁᚱᛏ,336
uninvested,255177,0,ᚢᚾᛁᚾᚢᛖᛋᛏᛖᛞ,430
salmonellae,255022,0,ᛋᚪᛚᛗᚩᚾᛖᛚᛚᚫ,644
underframe,255009,0,ᚢᚾᛞᛖᚱᚠᚱᚪᛗᛖ,447
incurrence,254979,0,ᛁᚾᚳᚢᚱᚱᛖᚾᚳᛖ,274
panamanians,254853,0,ᛈᚪᚾᚪᛗᚪᚾᛡᚾᛋ,652
complainer,254742,0,ᚳᚩᛗᛈᛚᚪᛁᚾᛖᚱ,442
effectives,254630,0,ᛖᚠᚠᛖᚳᛏᛁᚢᛖᛋ,364
sarcolemma,254583,0,ᛋᚪᚱᚳᚩᛚᛖᛗᛗᚪ,560
tediousness,254537,0,ᛏᛖᛞᛡᚢᛋᚾᛖᛋᛋ,580
unromantic,254386,0,ᚢᚾᚱᚩᛗᚪᚾᛏᛁᚳ,350
rhapsodies,254337,0,ᚱᚻᚪᛈᛋᚩᛞᛁᛖᛋ,474
concussions,254319,0,ᚳᚩᚾᚳᚢᛋᛋᛡᚾᛋ,360
regularize,254109,0,ᚱᛖᚷᚢᛚᚪᚱᛁᛋᛖ,430
subtropics,254010,0,ᛋᚢᛒᛏᚱᚩᛈᛁᚳᛋ,334
wolframite,253992,0,ᚹᚩᛚᚠᚱᚪᛗᛁᛏᛖ,437
foursquare,253981,0,ᚠᚩᚢᚱᛋᚳᚹᚪᚱᛖ,283
annunciator,253873,0,ᚪᚾᚾᚢᚾᚳᛡᛏᚩᚱ,384
subdivides,253859,0,ᛋᚢᛒᛞᛁᚢᛁᛞᛖᛋ,480
bellflower,253834,0,ᛒᛖᛚᛚᚠᛚᚩᚹᛖᚱ,453
demoralising,253527,0,ᛞᛖᛗᚩᚱᚪᛚᛁᛋᛝ,578
pyrogallol,253524,0,ᛈᚣᚱᚩᚷᚪᛚᛚᚩᛚ,504
materializing,253433,0,ᛗᚪᛏᛖᚱᛡᛚᛁᛋᛝ,648
premedical,253426,0,ᛈᚱᛖᛗᛖᛞᛁᚳᚪᛚ,562
overreaction,253394,0,ᚩᚢᛖᚱᚱᛠᚳᛏᛡᚾ,416
conchology,253307,0,ᚳᚩᚾᚳᚻᚩᛚᚩᚷᚣ,292
replicable,253092,0,ᚱᛖᛈᛚᛁᚳᚪᛒᛚᛖ,536
phragmites,253064,0,ᛈᚻᚱᚪᚷᛗᛁᛏᛖᛋ,472
unshielded,253034,0,ᚢᚾᛋᚻᛁᛖᛚᛞᛖᛞ,524
fratricide,252998,0,ᚠᚱᚪᛏᚱᛁᚳᛁᛞᛖ,411
pantograph,252863,0,ᛈᚪᚾᛏᚩᚷᚱᚪᛈᚻ,426
battlement,252700,0,ᛒᚪᛏᛏᛚᛖᛗᛖᚾᛏ,642
psychotics,252637,0,ᛈᛋᚣᚳᚻᚩᛏᛁᚳᛋ,398
reproducer,252544,0,ᚱᛖᛈᚱᚩᛞᚢᚳᛖᚱ,322
blacklisting,252468,0,ᛒᛚᚪᚳᚳᛚᛁᛋᛏᛝ,552
literalism,252198,0,ᛚᛁᛏᛖᚱᚪᛚᛁᛋᛗ,566
granddaddy,252140,0,ᚷᚱᚪᚾᛞᛞᚪᛞᛞᚣ,710
colloquies,252116,0,ᚳᚩᛚᛚᚩᚳᚹᛁᛖᛋ,356
housecleaning,252031,0,ᚻᚩᚢᛋᛖᚳᛚᛠᚾᛝ,456
petulantly,251938,0,ᛈᛖᛏᚢᛚᚪᚾᛏᛚᚣ,606
audibility,251878,0,ᚪᚢᛞᛁᛒᛁᛚᛁᛏᚣ,578
inventorying,251850,0,ᛁᚾᚢᛖᚾᛏᚩᚱᚣᛝ,418
constantan,251801,0,ᚳᚩᚾᛋᛏᚪᚾᛏᚪᚾ,472
saccharose,251646,0,ᛋᚪᚳᚳᚻᚪᚱᚩᛋᛖ,434
tortuosity,251269,0,ᛏᚩᚱᛏᚢᚩᛋᛁᛏᚣ,392
congeniality,251153,0,ᚳᚩᛝᛖᚾᛡᛚᛁᛏᚣ,568
antisepsis,251066,0,ᚪᚾᛏᛁᛋᛖᛈᛋᛁᛋ,516
workaholic,250506,0,ᚹᚩᚱᚳᚪᚻᚩᛚᛁᚳ,294
pentatonic,250404,0,ᛈᛖᚾᛏᚪᛏᚩᚾᛁᚳ,434
misanthropy,250361,0,ᛗᛁᛋᚪᚾᚦᚱᚩᛈᚣ,450
pelecypods,250352,0,ᛈᛖᛚᛖᚳᚣᛈᚩᛞᛋ,558
gluttonous,250119,0,ᚷᛚᚢᛏᛏᚩᚾᚩᚢᛋ,310
casualness,249742,0,ᚳᚪᛋᚢᚪᛚᚾᛖᛋᛋ,538
cataloguer,249692,0,ᚳᚪᛏᚪᛚᚩᚷᚢᛖᚱ,444
longsuffering,249472,0,ᛚᚩᛝᛋᚢᚠᚠᛖᚱᛝ,376
ergotamine,249367,0,ᛖᚱᚷᚩᛏᚪᛗᛁᚾᛖ,456
cephalopod,249295,0,ᚳᛖᛈᚻᚪᛚᚩᛈᚩᛞ,462
ascriptions,248946,0,ᚪᛋᚳᚱᛁᛈᛏᛡᚾᛋ,496
progestins,248817,0,ᛈᚱᚩᚷᛖᛋᛏᛁᚾᛋ,370
circassians,248729,0,ᚳᛁᚱᚳᚪᛋᛋᛡᚾᛋ,460
catechesis,248683,0,ᚳᚪᛏᛖᚳᚻᛖᛋᛁᛋ,476
expedience,248679,0,ᛖᛉᛈᛖᛞᛁᛖᚾᚳᛖ,520
metrication,248482,0,ᛗᛖᛏᚱᛁᚳᚪᛏᛡᚾ,544
snoqualmie,248476,0,ᛋᚾᚩᚳᚹᚪᛚᛗᛁᛖ,460
disinherit,248335,0,ᛞᛁᛋᛁᚾᚻᛖᚱᛁᛏ,424
hemorrhaging,248279,0,ᚻᛖᛗᚩᚱᚱᚻᚪᚷᛝ,406
quicksands,248248,0,ᚳᚹᛁᚳᚳᛋᚪᚾᛞᛋ,410
jeopardised,247913,0,ᛂᛇᛈᚪᚱᛞᛁᛋᛖᛞ,558
audiologist,247733,0,ᚪᚢᛞᛡᛚᚩᚷᛁᛋᛏ,536
guitarists,247646,0,ᚷᚢᛁᛏᚪᚱᛁᛋᛏᛋ,414
expressage,247426,0,ᛖᛉᛈᚱᛖᛋᛋᚪᚷᛖ,522
anastomose,247354,0,ᚪᚾᚪᛋᛏᚩᛗᚩᛋᛖ,540
prosciutto,247343,0,ᛈᚱᚩᛋᚳᛁᚢᛏᛏᚩ,286
hypospadias,247333,0,ᚻᚣᛈᚩᛋᛈᚪᛞᛡᛋ,618
malediction,247065,0,ᛗᚪᛚᛖᛞᛁᚳᛏᛡᚾ,636
incurables,246937,0,ᛁᚾᚳᚢᚱᚪᛒᛚᛖᛋ,438
scrutinising,246863,0,ᛋᚳᚱᚢᛏᛁᚾᛁᛋᛝ,362
spaceships,246423,0,ᛋᛈᚪᚳᛖᛋᚻᛁᛈᛋ,476
jacobinism,246356,0,ᛂᚪᚳᚩᛒᛁᚾᛁᛋᛗ,430
aftershock,246311,0,ᚪᚠᛏᛖᚱᛋᚻᚩᚳᚳ,345
orthodoxies,246257,0,ᚩᚱᚦᚩᛞᚩᛉᛁᛖᛋ,324
elderberry,245832,0,ᛖᛚᛞᛖᚱᛒᛖᚱᚱᚣ,560
hyoscyamus,245794,0,ᚻᚣᚩᛋᚳᚣᚪᛗᚢᛋ,526
tendinitis,245646,0,ᛏᛖᚾᛞᛁᚾᛁᛏᛁᛋ,478
malcontent,245572,0,ᛗᚪᛚᚳᚩᚾᛏᛖᚾᛏ,504
pecuniarily,245395,0,ᛈᛖᚳᚢᚾᛡᚱᛁᛚᚣ,480
dysgenesis,245242,0,ᛞᚣᛋᚷᛖᚾᛖᛋᛁᛋ,562
tellurides,245104,0,ᛏᛖᛚᛚᚢᚱᛁᛞᛖᛋ,526
mindlessly,244695,0,ᛗᛁᚾᛞᛚᛖᛋᛋᛚᚣ,642
dilatations,244691,0,ᛞᛁᛚᚪᛏᚪᛏᛡᚾᛋ,694
croissants,244648,0,ᚳᚱᚩᛁᛋᛋᚪᚾᛏᛋ,406
vacillated,244535,0,ᚢᚪᚳᛁᛚᛚᚪᛏᛖᛞ,602
prenatally,244092,0,ᛈᚱᛖᚾᚪᛏᚪᛚᛚᚣ,652
alkaloidal,243927,0,ᚪᛚᚳᚪᛚᚩᛁᛞᚪᛚ,650
kinaesthetic,243612,0,ᚳᛁᚾᚫᛋᚦᛖᛏᛁᚳ,402
homebuilding,243546,0,ᚻᚩᛗᛖᛒᚢᛁᛚᛞᛝ,504
micrococci,243382,0,ᛗᛁᚳᚱᚩᚳᚩᚳᚳᛁ,210
ideologists,243009,0,ᛁᛞᛇᛚᚩᚷᛁᛋᛏᛋ,454
newsagents,242984,0,ᚾᛖᚹᛋᚪᚷᛖᚾᛏᛋ,490
vulcanised,242852,0,ᚢᚢᛚᚳᚪᚾᛁᛋᛖᛞ,458
familiarise,242811,0,ᚠᚪᛗᛁᛚᛡᚱᛁᛋᛖ,543
westwardly,242797,0,ᚹᛖᛋᛏᚹᚪᚱᛞᛚᚣ,590
egregiously,242299,0,ᛖᚷᚱᛖᚷᛡᚢᛋᛚᚣ,518
vicegerent,242292,0,ᚢᛁᚳᛖᚷᛖᚱᛖᚾᛏ,364
presumable,242278,0,ᛈᚱᛖᛋᚢᛗᚪᛒᛚᛖ,546
horseflesh,242052,0,ᚻᚩᚱᛋᛖᚠᛚᛖᛋᚻ,379
winemakers,241999,0,ᚹᛁᚾᛖᛗᚪᚳᛖᚱᛋ,458
turtleneck,241690,0,ᛏᚢᚱᛏᛚᛖᚾᛖᚳᚳ,394
netherworld,241657,0,ᚾᛖᚦᛖᚱᚹᚩᚱᛚᛞ,378
soteriology,241504,0,ᛋᚩᛏᛖᚱᛡᛚᚩᚷᚣ,504
epitomised,241380,0,ᛖᛈᛁᛏᚩᛗᛁᛋᛖᛞ,518
actomyosin,240968,0,ᚪᚳᛏᚩᛗᚣᚩᛋᛁᚾ,470
femaleness,240850,0,ᚠᛖᛗᚪᛚᛖᚾᛖᛋᛋ,579
broadsword,240794,0,ᛒᚱᚩᚪᛞᛋᚹᚩᚱᛞ,444
extralegal,240520,0,ᛖᛉᛏᚱᚪᛚᛖᚷᚪᛚ,608
arminianism,240425,0,ᚪᚱᛗᛁᚾᛡᚾᛁᛋᛗ,530
phlebotomy,240421,0,ᛈᚻᛚᛖᛒᚩᛏᚩᛗᚣ,514
retractile,240091,0,ᚱᛖᛏᚱᚪᚳᛏᛁᛚᛖ,488
hoodwinked,239877,0,ᚻᚩᚩᛞᚹᛁᚾᚳᛖᛞ,374
riverbanks,239716,0,ᚱᛁᚢᛖᚱᛒᚪᚾᚳᛋ,376
bottlenose,239699,0,ᛒᚩᛏᛏᛚᛖᚾᚩᛋᛖ,482
unenclosed,239669,0,ᚢᚾᛖᚾᚳᛚᚩᛋᛖᛞ,430
dendrobium,239606,0,ᛞᛖᚾᛞᚱᚩᛒᛁᚢᛗ,458
workforces,239552,0,ᚹᚩᚱᚳᚠᚩᚱᚳᛖᛋ,203
roussillon,239489,0,ᚱᚩᚢᛋᛋᛁᛚᛚᚩᚾ,340
monetarism,239060,0,ᛗᚩᚾᛖᛏᚪᚱᛁᛋᛗ,496
introverts,238796,0,ᛁᚾᛏᚱᚩᚢᛖᚱᛏᛋ,330
congruences,238728,0,ᚳᚩᛝᚱᚢᛖᚾᚳᛖᛋ,342
radiolucent,238677,0,ᚱᚪᛞᛡᛚᚢᚳᛖᚾᛏ,548
libertines,238637,0,ᛚᛁᛒᛖᚱᛏᛁᚾᛖᛋ,482
bootlegger,238633,0,ᛒᚩᚩᛏᛚᛖᚷᚷᛖᚱ,386
humbleness,238624,0,ᚻᚢᛗᛒᛚᛖᚾᛖᛋᛋ,500
aerobically,238580,0,ᚫᚱᚩᛒᛁᚳᚪᛚᛚᚣ,570
overtopped,238413,0,ᚩᚢᛖᚱᛏᚩᛈᛈᛖᛞ,396
colorfully,238370,0,ᚳᚩᛚᚩᚱᚠᚢᛚᛚᚣ,365
overreached,238063,0,ᚩᚢᛖᚱᚱᛠᚳᚻᛖᛞ,400
goldilocks,238036,0,ᚷᚩᛚᛞᛁᛚᚩᚳᚳᛋ,376
naturalizing,237842,0,ᚾᚪᛏᚢᚱᚪᛚᛁᛋᛝ,532
imprecation,237769,0,ᛁᛗᛈᚱᛖᚳᚪᛏᛡᚾ,528
hollyhocks,237555,0,ᚻᚩᛚᛚᚣᚻᚩᚳᚳᛋ,388
spirochete,237535,0,ᛋᛈᛁᚱᚩᚳᚻᛖᛏᛖ,374
epicenters,237431,0,ᛖᛈᛁᚳᛖᚾᛏᛖᚱᛋ,440
sturbridge,237362,0,ᛋᛏᚢᚱᛒᚱᛁᛞᚷᛖ,402
adulterate,237347,0,ᚪᛞᚢᛚᛏᛖᚱᚪᛏᛖ,622
nasturtium,237261,0,ᚾᚪᛋᛏᚢᚱᛏᛁᚢᛗ,416
typicality,237185,0,ᛏᚣᛈᛁᚳᚪᛚᛁᛏᚣ,612
synecdoche,237095,0,ᛋᚣᚾᛖᚳᛞᚩᚳᚻᛖ,464
semicolons,237069,0,ᛋᛖᛗᛁᚳᚩᛚᚩᚾᛋ,404
gastronomy,236835,0,ᚷᚪᛋᛏᚱᚩᚾᚩᛗᚣ,454
persimmons,236827,0,ᛈᛖᚱᛋᛁᛗᛗᚩᚾᛋ,436
maternally,236769,0,ᛗᚪᛏᛖᚱᚾᚪᛚᛚᚣ,680
briefcases,236578,0,ᛒᚱᛁᛖᚠᚳᚪᛋᛖᛋ,455
vestibules,236423,0,ᚢᛖᛋᛏᛁᛒᚢᛚᛖᛋ,470
epilepsies,236271,0,ᛖᛈᛁᛚᛖᛈᛋᛁᛖᛋ,528
fibrillary,236057,0,ᚠᛁᛒᚱᛁᛚᛚᚪᚱᚣ,493
endogamous,236016,0,ᛖᚾᛞᚩᚷᚪᛗᚩᚢᛋ,440
unreformed,235897,0,ᚢᚾᚱᛖᚠᚩᚱᛗᛖᛞ,357
allurement,235516,0,ᚪᛚᛚᚢᚱᛖᛗᛖᚾᛏ,550
homiletics,235472,0,ᚻᚩᛗᛁᛚᛖᛏᛁᚳᛋ,428
mercerized,235319,0,ᛗᛖᚱᚳᛖᚱᛁᛋᛖᛞ,480
nonsupport,235027,0,ᚾᚩᚾᛋᚢᛈᛈᚩᚱᛏ,284
greensward,234846,0,ᚷᚱᛖᛖᚾᛋᚹᚪᚱᛞ,460
stadtholder,234629,0,ᛋᛏᚪᛞᚦᚩᛚᛞᛖᚱ,550
christlike,234523,0,ᚳᚻᚱᛁᛋᛏᛚᛁᚳᛖ,374
wildebeest,234501,0,ᚹᛁᛚᛞᛖᛒᛖᛖᛋᛏ,586
multistory,234463,0,ᛗᚢᛚᛏᛁᛋᛏᚩᚱᚣ,470
lawbreakers,234383,0,ᛚᚪᚹᛒᚱᛠᚳᛖᚱᛋ,514
shamefaced,234374,0,ᛋᚻᚪᛗᛖᚠᚪᚳᛖᛞ,579
lumberjack,234284,0,ᛚᚢᛗᛒᛖᚱᛂᚪᚳᚳ,446
subdivider,234224,0,ᛋᚢᛒᛞᛁᚢᛁᛞᛖᚱ,438
polymerize,234205,0,ᛈᚩᛚᚣᛗᛖᚱᛁᛋᛖ,526
contrarily,234134,0,ᚳᚩᚾᛏᚱᚪᚱᛁᛚᚣ,434
joyousness,234008,0,ᛂᚩᚣᚩᚢᛋᚾᛖᛋᛋ,412
proscribes,233915,0,ᛈᚱᚩᛋᚳᚱᛁᛒᛖᛋ,350
medullated,233677,0,ᛗᛖᛞᚢᛚᛚᚪᛏᛖᛞ,688
bookplates,233623,0,ᛒᚩᚩᚳᛈᛚᚪᛏᛖᛋ,480
regionalist,233456,0,ᚱᛖᚷᛡᚾᚪᛚᛁᛋᛏ,544
suffragist,233418,0,ᛋᚢᚠᚠᚱᚪᚷᛁᛋᛏ,328
ascendance,233378,0,ᚪᛋᚳᛖᚾᛞᚪᚾᚳᛖ,554
embouchure,233339,0,ᛖᛗᛒᚩᚢᚳᚻᚢᚱᛖ,326
completest,233314,0,ᚳᚩᛗᛈᛚᛖᛏᛖᛋᛏ,512
cabalistic,233049,0,ᚳᚪᛒᚪᛚᛁᛋᛏᛁᚳ,528
overflight,233035,0,ᚩᚢᛖᚱᚠᛚᛁᚷᚻᛏ,293
compellingly,232831,0,ᚳᚩᛗᛈᛖᛚᛚᛝᛚᚣ,602
fusibility,232678,0,ᚠᚢᛋᛁᛒᛁᛚᛁᛏᚣ,447
intragroup,232533,0,ᛁᚾᛏᚱᚪᚷᚱᚩᚢᛈ,308
tentacular,232522,0,ᛏᛖᚾᛏᚪᚳᚢᛚᚪᚱ,508
sidewinder,232474,0,ᛋᛁᛞᛖᚹᛁᚾᛞᛖᚱ,486
ethological,232472,0,ᛖᚦᚩᛚᚩᚷᛁᚳᚪᛚ,390
unchastity,232284,0,ᚢᚾᚳᚻᚪᛋᛏᛁᛏᚣ,470
chatelaine,232036,0,ᚳᚻᚪᛏᛖᛚᚪᛁᚾᛖ,556
manumitted,232012,0,ᛗᚪᚾᚢᛗᛁᛏᛏᛖᛞ,576
carbuncles,231958,0,ᚳᚪᚱᛒᚢᚾᚳᛚᛖᛋ,420
interlinear,231896,0,ᛁᚾᛏᛖᚱᛚᛁᚾᛠᚱ,450
echinoderm,231783,0,ᛖᚳᚻᛁᚾᚩᛞᛖᚱᛗ,408
panopticon,231462,0,ᛈᚪᚾᚩᛈᛏᛁᚳᚩᚾ,358
stonemason,231446,0,ᛋᛏᚩᚾᛖᛗᚪᛋᚩᚾ,472
automatons,231340,0,ᚪᚢᛏᚩᛗᚪᛏᚩᚾᛋ,482
outflanked,231233,0,ᚩᚢᛏᚠᛚᚪᚾᚳᛖᛞ,439
sclerotium,231207,0,ᛋᚳᛚᛖᚱᚩᛏᛁᚢᛗ,388
stagecraft,231098,0,ᛋᛏᚪᚷᛖᚳᚱᚪᚠᛏ,475
newscaster,230941,0,ᚾᛖᚹᛋᚳᚪᛋᛏᛖᚱ,468
ambitiously,230889,0,ᚪᛗᛒᛁᛏᛡᚢᛋᛚᚣ,658
windowpane,230783,0,ᚹᛁᚾᛞᚩᚹᛈᚪᚾᛖ,430
mausoleums,230734,0,ᛗᚪᚢᛋᚩᛚᛖᚢᛗᛋ,498
intergrown,230570,0,ᛁᚾᛏᛖᚱᚷᚱᚩᚹᚾ,280
popularise,230471,0,ᛈᚩᛈᚢᛚᚪᚱᛁᛋᛖ,428
acquiesces,230470,0,ᚪᚳᚳᚹᛁᛖᛋᚳᛖᛋ,426
extrication,230358,0,ᛖᛉᛏᚱᛁᚳᚪᛏᛡᚾ,520
unimagined,230255,0,ᚢᚾᛁᛗᚪᚷᛁᚾᛖᛞ,464
deprecates,230130,0,ᛞᛖᛈᚱᛖᚳᚪᛏᛖᛋ,566
epaulettes,229802,0,ᛖᛈᚪᚢᛚᛖᛏᛏᛖᛋ,588
filterable,229681,0,ᚠᛁᛚᛏᛖᚱᚪᛒᛚᛖ,541
maraschino,229526,0,ᛗᚪᚱᚪᛋᚳᚻᛁᚾᚩ,432
herbicidal,229353,0,ᚻᛖᚱᛒᛁᚳᛁᛞᚪᛚ,496
churchgoers,229037,0,ᚳᚻᚢᚱᚳᚻᚷᛟᚱᛋ,250
craftiness,228772,0,ᚳᚱᚪᚠᛏᛁᚾᛖᛋᛋ,415
breathalyzer,228749,0,ᛒᚱᛠᚦᚪᛚᚣᛋᛖᚱ,590
philosophe,228470,0,ᛈᚻᛁᛚᚩᛋᚩᛈᚻᛖ,370
categorise,228458,0,ᚳᚪᛏᛖᚷᚩᚱᛁᛋᛖ,422
allometric,228361,0,ᚪᛚᛚᚩᛗᛖᛏᚱᛁᚳ,502
asphyxiated,228321,0,ᚪᛋᛈᚻᚣᛉᛡᛏᛖᛞ,688
magnetised,228285,0,ᛗᚪᚷᚾᛖᛏᛁᛋᛖᛞ,580
nonmaterial,228068,0,ᚾᚩᚾᛗᚪᛏᛖᚱᛡᛚ,550
commonness,228059,0,ᚳᚩᛗᛗᚩᚾᚾᛖᛋᛋ,400
bitartrate,228055,0,ᛒᛁᛏᚪᚱᛏᚱᚪᛏᛖ,552
wallflower,227704,0,ᚹᚪᛚᛚᚠᛚᚩᚹᛖᚱ,441
impassible,227526,0,ᛁᛗᛈᚪᛋᛋᛁᛒᛚᛖ,580
remissness,227311,0,ᚱᛖᛗᛁᛋᛋᚾᛖᛋᛋ,488
clavichord,226804,0,ᚳᛚᚪᚢᛁᚳᚻᚩᚱᛞ,360
trafficker,226757,0,ᛏᚱᚪᚠᚠᛁᚳᚳᛖᚱ,306
felicities,226732,0,ᚠᛖᛚᛁᚳᛁᛏᛁᛖᛋ,427
ricocheted,226671,0,ᚱᛁᚳᚩᚳᚻᛖᛏᛖᛞ,380
roundworms,226558,0,ᚱᚩᚢᚾᛞᚹᚩᚱᛗᛋ,300
unconsumed,226555,0,ᚢᚾᚳᚩᚾᛋᚢᛗᛖᛞ,364
nonofficial,226554,0,ᚾᚩᚾᚩᚠᚠᛁᚳᛡᛚ,300
prefigures,226553,0,ᛈᚱᛖᚠᛁᚷᚢᚱᛖᛋ,305
peterhouse,226317,0,ᛈᛖᛏᛖᚱᚻᚩᚢᛋᛖ,400
coppersmith,226259,0,ᚳᚩᛈᛈᛖᚱᛋᛗᛁᚦ,344
encomienda,226145,0,ᛖᚾᚳᚩᛗᛁᛖᚾᛞᚪ,500
internation,226127,0,ᛁᚾᛏᛖᚱᚾᚪᛏᛡᚾ,518
repackaged,225902,0,ᚱᛖᛈᚪᚳᚳᚪᚷᛖᛞ,514
argentinean,225270,0,ᚪᚱᚷᛖᚾᛏᛁᚾᛠᚾ,478
selflessly,225001,0,ᛋᛖᛚᚠᛚᛖᛋᛋᛚᚣ,617
pallbearers,224770,0,ᛈᚪᛚᛚᛒᛠᚱᛖᚱᛋ,598
copiousness,224744,0,ᚳᚩᛈᛡᚢᛋᚾᛖᛋᛋ,428
acetylenic,224368,0,ᚪᚳᛖᛏᚣᛚᛖᚾᛁᚳ,552
diophantine,224201,0,ᛞᛡᛈᚻᚪᚾᛏᛁᚾᛖ,574
dysprosium,224157,0,ᛞᚣᛋᛈᚱᚩᛋᛁᚢᛗ,464
icebreakers,224015,0,ᛁᚳᛖᛒᚱᛠᚳᛖᚱᛋ,436
nominalist,223970,0,ᚾᚩᛗᛁᚾᚪᛚᛁᛋᛏ,480
grotesques,223903,0,ᚷᚱᚩᛏᛖᛋᚳᚹᛖᛋ,366
compliances,223884,0,ᚳᚩᛗᛈᛚᛡᚾᚳᛖᛋ,476
fearfulness,223878,0,ᚠᛠᚱᚠᚢᛚᚾᛖᛋᛋ,402
forecloses,223853,0,ᚠᚩᚱᛖᚳᛚᚩᛋᛖᛋ,353
chickadees,223804,0,ᚳᚻᛁᚳᚳᚪᛞᛖᛖᛋ,466
pitilessly,223514,0,ᛈᛁᛏᛁᛚᛖᛋᛋᛚᚣ,586
kindhearted,223461,0,ᚳᛁᚾᛞᚻᛠᚱᛏᛖᛞ,520
polymorpha,223175,0,ᛈᚩᛚᚣᛗᚩᚱᛈᚻᚪ,478
guardrails,223143,0,ᚷᚢᚪᚱᛞᚱᚪᛁᛚᛋ,482
spirometer,222776,0,ᛋᛈᛁᚱᚩᛗᛖᛏᛖᚱ,420
foredoomed,222730,0,ᚠᚩᚱᛖᛞᚩᚩᛗᛖᛞ,417
subornation,222718,0,ᛋᚢᛒᚩᚱᚾᚪᛏᛡᚾ,456
diaphoretic,222700,0,ᛞᛡᛈᚻᚩᚱᛖᛏᛁᚳ,450
poorhouses,222637,0,ᛈᚩᚩᚱᚻᚩᚢᛋᛖᛋ,274
catalogers,222485,0,ᚳᚪᛏᚪᛚᚩᚷᛖᚱᛋ,494
unallotted,222404,0,ᚢᚾᚪᛚᛚᚩᛏᛏᛖᛞ,556
affectional,222195,0,ᚪᚠᚠᛖᚳᛏᛡᚾᚪᛚ,546
argumentum,222163,0,ᚪᚱᚷᚢᛗᛖᚾᛏᚢᛗ,428
obtuseness,222083,0,ᚩᛒᛏᚢᛋᛖᚾᛖᛋᛋ,452
polygynous,222074,0,ᛈᚩᛚᚣᚷᚣᚾᚩᚢᛋ,438
declensions,222064,0,ᛞᛖᚳᛚᛖᚾᛋᛡᚾᛋ,580
scantiness,221846,0,ᛋᚳᚪᚾᛏᛁᚾᛖᛋᛋ,484
brigadiers,221708,0,ᛒᚱᛁᚷᚪᛞᛁᛖᚱᛋ,468
gramicidin,221517,0,ᚷᚱᚪᛗᛁᚳᛁᛞᛁᚾ,420
centralist,221395,0,ᚳᛖᚾᛏᚱᚪᛚᛁᛋᛏ,492
melanocyte,221389,0,ᛗᛖᛚᚪᚾᚩᚳᚣᛏᛖ,586
preschools,221366,0,ᛈᚱᛖᛋᚳᚻᚩᚩᛚᛋ,350
housemaids,221315,0,ᚻᚩᚢᛋᛖᛗᚪᛁᛞᛋ,494
hyphenation,221288,0,ᚻᚣᛈᚻᛖᚾᚪᛏᛡᚾ,580
inartistic,221058,0,ᛁᚾᚪᚱᛏᛁᛋᛏᛁᚳ,414
unscreened,221019,0,ᚢᚾᛋᚳᚱᛖᛖᚾᛖᛞ,428
preclusive,220968,0,ᛈᚱᛖᚳᛚᚢᛋᛁᚢᛖ,364
audaciously,220791,0,ᚪᚢᛞᚪᚳᛡᚢᛋᛚᚣ,638
crossbreds,220686,0,ᚳᚱᚩᛋᛋᛒᚱᛖᛞᛋ,418
fancifully,220466,0,ᚠᚪᚾᚳᛁᚠᚢᛚᛚᚣ,426
calumniated,219775,0,ᚳᚪᛚᚢᛗᚾᛡᛏᛖᛞ,608
workspaces,219766,0,ᚹᚩᚱᚳᛋᛈᚪᚳᛖᛋ,376
haemostasis,219591,0,ᚻᚫᛗᚩᛋᛏᚪᛋᛁᛋ,548
pockmarked,219176,0,ᛈᚩᚳᚳᛗᚪᚱᚳᛖᛞ,424
freethinker,219097,0,ᚠᚱᛖᛖᚦᛁᚾᚳᛖᚱ,303
petrarchan,219094,0,ᛈᛖᛏᚱᚪᚱᚳᚻᚪᚾ,450
celebrants,218956,0,ᚳᛖᛚᛖᛒᚱᚪᚾᛏᛋ,530
sweetbreads,218918,0,ᛋᚹᛖᛖᛏᛒᚱᛠᛞᛋ,588
protraction,218782,0,ᛈᚱᚩᛏᚱᚪᚳᛏᛡᚾ,436
legionnaire,218665,0,ᛚᛖᚷᛡᚾᚾᚪᛁᚱᛖ,528
wanderlust,218480,0,ᚹᚪᚾᛞᛖᚱᛚᚢᛋᛏ,500
implacably,218469,0,ᛁᛗᛈᛚᚪᚳᚪᛒᛚᚣ,662
invalidism,218258,0,ᛁᚾᚢᚪᛚᛁᛞᛁᛋᛗ,508
efficients,218245,0,ᛖᚠᚠᛁᚳᛁᛖᚾᛏᛋ,354
inflexibly,218192,0,ᛁᚾᚠᛚᛖᛉᛁᛒᛚᚣ,517
tenderfoot,218136,0,ᛏᛖᚾᛞᛖᚱᚠᚩᚩᛏ,397
embassador,218134,0,ᛖᛗᛒᚪᛋᛋᚪᛞᚩᚱ,606
saddleback,217968,0,ᛋᚪᛞᛞᛚᛖᛒᚪᚳᚳ,652
rhythmicity,217777,0,ᚱᚻᚣᚦᛗᛁᚳᛁᛏᚣ,450
crimination,217601,0,ᚳᚱᛁᛗᛁᚾᚪᛏᛡᚾ,478
bodyweight,217374,0,ᛒᚩᛞᚣᚹᛖᛁᚷᚻᛏ,476
hitchhiker,217359,0,ᚻᛁᛏᚳᚻᚻᛁᚳᛖᚱ,294
aesculapius,217106,0,ᚫᛋᚳᚢᛚᚪᛈᛁᚢᛋ,470
paniculate,217103,0,ᛈᚪᚾᛁᚳᚢᛚᚪᛏᛖ,512
laypersons,217103,0,ᛚᚪᚣᛈᛖᚱᛋᚩᚾᛋ,536
relevantly,217097,0,ᚱᛖᛚᛖᚢᚪᚾᛏᛚᚣ,582
denotative,217079,0,ᛞᛖᚾᚩᛏᚪᛏᛁᚢᛖ,508
drumsticks,217024,0,ᛞᚱᚢᛗᛋᛏᛁᚳᚳᛋ,396
lifeguards,216968,0,ᛚᛁᚠᛖᚷᚢᚪᚱᛞᛋ,443
messiahship,216841,0,ᛗᛖᛋᛋᛡᚻᛋᚻᛁᛈ,524
megalomania,216835,0,ᛗᛖᚷᚪᛚᚩᛗᚪᚾᛡ,636
amphitryon,216806,0,ᚪᛗᛈᚻᛁᛏᚱᚣᚩᚾ,474
meerschaum,216598,0,ᛗᛖᛖᚱᛋᚳᚻᚪᚢᛗ,476
radiolarians,216475,0,ᚱᚪᛞᛡᛚᚪᚱᛡᚾᛋ,674
redeployed,216270,0,ᚱᛖᛞᛖᛈᛚᚩᚣᛖᛞ,616
execrations,216247,0,ᛖᛉᛖᚳᚱᚪᛏᛡᚾᛋ,550
overpowers,216244,0,ᚩᚢᛖᚱᛈᚩᚹᛖᚱᛋ,288
unlikeness,216150,0,ᚢᚾᛚᛁᚳᛖᚾᛖᛋᛋ,418
gansevoort,215994,0,ᚷᚪᚾᛋᛖᚢᚩᚩᚱᛏ,350
recognizer,215968,0,ᚱᛖᚳᚩᚷᚾᛁᛋᛖᚱ,306
clockmaker,215968,0,ᚳᛚᚩᚳᚳᛗᚪᚳᛖᚱ,378
grandiosity,215910,0,ᚷᚱᚪᚾᛞᛡᛋᛁᛏᚣ,596
waterflood,215807,0,ᚹᚪᛏᛖᚱᚠᛚᚩᚩᛞ,431
vindicator,215691,0,ᚢᛁᚾᛞᛁᚳᚪᛏᚩᚱ,370
sturdiness,215626,0,ᛋᛏᚢᚱᛞᛁᚾᛖᛋᛋ,448
bookstalls,215427,0,ᛒᚩᚩᚳᛋᛏᚪᛚᛚᛋ,496
eisteddfod,215385,0,ᛖᛁᛋᛏᛖᛞᛞᚠᚩᛞ,553
defacement,215377,0,ᛞᛖᚠᚪᚳᛖᛗᛖᚾᛏ,561
wilhelmine,215257,0,ᚹᛁᛚᚻᛖᛚᛗᛁᚾᛖ,484
bumblebees,215248,0,ᛒᚢᛗᛒᛚᛖᛒᛖᛖᛋ,584
coagulants,215111,0,ᚳᚩᚪᚷᚢᛚᚪᚾᛏᛋ,448
rangefinder,215101,0,ᚱᚪᛝᛖᚠᛁᚾᛞᛖᚱ,483
ravenously,214905,0,ᚱᚪᚢᛖᚾᚩᚢᛋᛚᚣ,446
tricksters,214812,0,ᛏᚱᛁᚳᚳᛋᛏᛖᚱᛋ,370
dashboards,214645,0,ᛞᚪᛋᚻᛒᚩᚪᚱᛞᛋ,580
formalists,214561,0,ᚠᚩᚱᛗᚪᛚᛁᛋᛏᛋ,457
metaphysis,214206,0,ᛗᛖᛏᚪᛈᚻᚣᛋᛁᛋ,600
sparseness,214168,0,ᛋᛈᚪᚱᛋᛖᚾᛖᛋᛋ,526
calendared,213973,0,ᚳᚪᛚᛖᚾᛞᚪᚱᛖᛞ,632
theosophists,213948,0,ᚦᛇᛋᚩᛈᚻᛁᛋᛏᛋ,368
khabarovsk,213814,0,ᚳᚻᚪᛒᚪᚱᚩᚢᛋᚳ,378
launderers,213586,0,ᛚᚪᚢᚾᛞᛖᚱᛖᚱᛋ,500
topicality,213368,0,ᛏᚩᛈᛁᚳᚪᛚᛁᛏᚣ,516
seigneurial,213236,0,ᛋᛖᛁᚷᚾᛖᚢᚱᛡᛚ,458
peppercorn,213086,0,ᛈᛖᛈᛈᛖᚱᚳᚩᚱᚾ,334
spitefully,213080,0,ᛋᛈᛁᛏᛖᚠᚢᛚᛚᚣ,507
cofferdams,212920,0,ᚳᚩᚠᚠᛖᚱᛞᚪᛗᛋ,412
debarkation,212719,0,ᛞᛖᛒᚪᚱᚳᚪᛏᛡᚾ,630
motorbikes,212561,0,ᛗᚩᛏᚩᚱᛒᛁᚳᛖᛋ,380
bankrupted,212543,0,ᛒᚪᚾᚳᚱᚢᛈᛏᛖᛞ,472
pathfinders,212535,0,ᛈᚪᚦᚠᛁᚾᛞᛖᚱᛋ,427
impeachable,212510,0,ᛁᛗᛈᛠᚳᚻᚪᛒᛚᛖ,588
sullenness,212433,0,ᛋᚢᛚᛚᛖᚾᚾᛖᛋᛋ,500
soundproof,212365,0,ᛋᚩᚢᚾᛞᛈᚱᚩᚩᚠ,251
exploitive,212364,0,ᛖᛉᛈᛚᚩᛁᛏᛁᚢᛖ,428
pennyroyal,212319,0,ᛈᛖᚾᚾᚣᚱᚩᚣᚪᛚ,562
recumbency,212138,0,ᚱᛖᚳᚢᛗᛒᛖᚾᚳᚣ,438
inefficacy,212071,0,ᛁᚾᛖᚠᚠᛁᚳᚪᚳᚣ,388
hemiplegic,211978,0,ᚻᛖᛗᛁᛈᛚᛖᚷᛁᚳ,436
arithmetics,211857,0,ᚪᚱᛁᚦᛗᛖᛏᛁᚳᛋ,438
enumerable,211848,0,ᛖᚾᚢᛗᛖᚱᚪᛒᛚᛖ,546
athleticism,211750,0,ᚪᚦᛚᛖᛏᛁᚳᛁᛋᛗ,500
quadrillion,211700,0,ᚳᚹᚪᛞᚱᛁᛚᛚᛡᚾ,542
bedevilled,211700,0,ᛒᛖᛞᛖᚢᛁᛚᛚᛖᛞ,620
greengrocer,211676,0,ᚷᚱᛖᛖᛝᚱᚩᚳᛖᚱ,350
blastopore,211666,0,ᛒᛚᚪᛋᛏᚩᛈᚩᚱᛖ,478
retrievers,211548,0,ᚱᛖᛏᚱᛁᛖᚢᛖᚱᛋ,380
admonitory,211105,0,ᚪᛞᛗᚩᚾᛁᛏᚩᚱᚣ,504
hydroponic,210755,0,ᚻᚣᛞᚱᚩᛈᚩᚾᛁᚳ,356
suspensive,210688,0,ᛋᚢᛋᛈᛖᚾᛋᛁᚢᛖ,402
nonrational,210628,0,ᚾᚩᚾᚱᚪᛏᛡᚾᚪᛚ,538
wolverines,210510,0,ᚹᚩᛚᚢᛖᚱᛁᚾᛖᛋ,360
spectacled,210491,0,ᛋᛈᛖᚳᛏᚪᚳᛚᛖᛞ,574
italicised,210178,0,ᛁᛏᚪᛚᛁᚳᛁᛋᛖᛞ,544
deliriously,210068,0,ᛞᛖᛚᛁᚱᛡᚢᛋᛚᚣ,610
monoamines,209941,0,ᛗᚩᚾᚩᚪᛗᛁᚾᛖᛋ,462
squareness,209776,0,ᛋᚳᚹᚪᚱᛖᚾᛖᛋᛋ,462
dramatised,209749,0,ᛞᚱᚪᛗᚪᛏᛁᛋᛖᛞ,664
stockholding,209540,0,ᛋᛏᚩᚳᚳᚻᚩᛚᛞᛝ,416
generalising,209498,0,ᚷᛖᚾᛖᚱᚪᛚᛁᛋᛝ,524
enshrouded,209497,0,ᛖᚾᛋᚻᚱᚩᚢᛞᛖᛞ,438
piscataqua,209468,0,ᛈᛁᛋᚳᚪᛏᚪᚳᚹᚪ,522
microvolts,209351,0,ᛗᛁᚳᚱᚩᚢᚩᛚᛏᛋ,328
colonnaded,209230,0,ᚳᚩᛚᚩᚾᚾᚪᛞᛖᛞ,500
stepbrother,209000,0,ᛋᛏᛖᛈᛒᚱᚩᚦᛖᚱ,384
timepieces,208777,0,ᛏᛁᛗᛖᛈᛁᛖᚳᛖᛋ,502
autoclaves,208636,0,ᚪᚢᛏᚩᚳᛚᚪᚢᛖᛋ,472
sulfonates,208530,0,ᛋᚢᛚᚠᚩᚾᚪᛏᛖᛋ,443
washingtonian,208449,0,ᚹᚪᛋᚻᛝᛏᚩᚾᛡᚾ,502
sulphurets,208245,0,ᛋᚢᛚᛈᚻᚢᚱᛖᛏᛋ,388
floorboard,208209,0,ᚠᛚᚩᚩᚱᛒᚩᚪᚱᛞ,365
pluralists,208173,0,ᛈᛚᚢᚱᚪᛚᛁᛋᛏᛋ,496
signboards,208144,0,ᛋᛁᚷᚾᛒᚩᚪᚱᛞᛋ,448
aerosolized,208095,0,ᚫᚱᚩᛋᚩᛚᛁᛋᛖᛞ,492
aftertaste,208072,0,ᚪᚠᛏᛖᚱᛏᚪᛋᛏᛖ,571
pastorates,207994,0,ᛈᚪᛋᛏᚩᚱᚪᛏᛖᛋ,546
numerology,207878,0,ᚾᚢᛗᛖᚱᚩᛚᚩᚷᚣ,388
crenulated,207708,0,ᚳᚱᛖᚾᚢᛚᚪᛏᛖᛞ,508
immovables,207629,0,ᛁᛗᛗᚩᚢᚪᛒᛚᛖᛋ,534
proserpina,207604,0,ᛈᚱᚩᛋᛖᚱᛈᛁᚾᚪ,392
appositive,207558,0,ᚪᛈᛈᚩᛋᛁᛏᛁᚢᛖ,434
cryptogams,207264,0,ᚳᚱᚣᛈᛏᚩᚷᚪᛗᛋ,474
outriggers,207252,0,ᚩᚢᛏᚱᛁᚷᚷᛖᚱᛋ,276
hyperspace,207134,0,ᚻᚣᛈᛖᚱᛋᛈᚪᚳᛖ,520
meadowlands,207096,0,ᛗᛠᛞᚩᚹᛚᚪᚾᛞᛋ,636
victimised,207049,0,ᚢᛁᚳᛏᛁᛗᛁᛋᛖᛞ,448
avocational,207047,0,ᚪᚢᚩᚳᚪᛏᛡᚾᚪᛚ,582
misspellings,206819,0,ᛗᛁᛋᛋᛈᛖᛚᛚᛝᛋ,596
constricts,206624,0,ᚳᚩᚾᛋᛏᚱᛁᚳᛏᛋ,328
variegation,206492,0,ᚢᚪᚱᛁᛖᚷᚪᛏᛡᚾ,518
firebrands,206346,0,ᚠᛁᚱᛖᛒᚱᚪᚾᛞᛋ,451
guarantied,206234,0,ᚷᚢᚪᚱᚪᚾᛏᛁᛖᛞ,500
lysistrata,206099,0,ᛚᚣᛋᛁᛋᛏᚱᚪᛏᚪ,636
coagulable,206049,0,ᚳᚩᚪᚷᚢᛚᚪᛒᛚᛖ,508
retrievals,205943,0,ᚱᛖᛏᚱᛁᛖᚢᚪᛚᛋ,472
croquettes,205900,0,ᚳᚱᚩᚳᚹᛖᛏᛏᛖᛋ,368
hypothesizing,205878,0,ᚻᚣᛈᚩᚦᛖᛋᛁᛋᛝ,464
untraceable,205875,0,ᚢᚾᛏᚱᚪᚳᛠᛒᛚᛖ,522
reprobates,205824,0,ᚱᛖᛈᚱᚩᛒᚪᛏᛖᛋ,476
misbehaved,205753,0,ᛗᛁᛋᛒᛖᚻᚪᚢᛖᛞ,562
hieroglyph,205635,0,ᚻᛁᛖᚱᚩᚷᛚᚣᛈᚻ,398
pillowcase,205590,0,ᛈᛁᛚᛚᚩᚹᚳᚪᛋᛖ,476
liposuction,205431,0,ᛚᛁᛈᚩᛋᚢᚳᛏᛡᚾ,418
montfaucon,205324,0,ᛗᚩᚾᛏᚠᚪᚢᚳᚩᚾ,317
overstrain,205308,0,ᚩᚢᛖᚱᛋᛏᚱᚪᛁᚾ,368
brassieres,205236,0,ᛒᚱᚪᛋᛋᛁᛖᚱᛖᛋ,504
saxophones,205162,0,ᛋᚪᛉᚩᛈᚻᚩᚾᛖᛋ,426
outnumbering,205026,0,ᚩᚢᛏᚾᚢᛗᛒᛖᚱᛝ,390
latecomers,204993,0,ᛚᚪᛏᛖᚳᚩᛗᛖᚱᛋ,518
hardliners,204990,0,ᚻᚪᚱᛞᛚᛁᚾᛖᚱᛋ,484
whorehouse,204708,0,ᚹᚻᚩᚱᛖᚻᚩᚢᛋᛖ,280
amphitrite,204690,0,ᚪᛗᛈᚻᛁᛏᚱᛁᛏᛖ,492
discredits,204650,0,ᛞᛁᛋᚳᚱᛖᛞᛁᛏᛋ,496
repatriates,204388,0,ᚱᛖᛈᚪᛏᚱᛡᛏᛖᛋ,574
stepladder,204381,0,ᛋᛏᛖᛈᛚᚪᛞᛞᛖᚱ,648
exculpation,204248,0,ᛖᛉᚳᚢᛚᛈᚪᛏᛡᚾ,538
bodybuilding,204211,0,ᛒᚩᛞᚣᛒᚢᛁᛚᛞᛝ,596
mechanician,204117,0,ᛗᛖᚳᚻᚪᚾᛁᚳᛡᚾ,480
rusticated,204000,0,ᚱᚢᛋᛏᛁᚳᚪᛏᛖᛞ,482
thunderclap,203997,0,ᚦᚢᚾᛞᛖᚱᚳᛚᚪᛈ,430
principium,203992,0,ᛈᚱᛁᚾᚳᛁᛈᛁᚢᛗ,306
legitimise,203951,0,ᛚᛖᚷᛁᛏᛁᛗᛁᛋᛖ,500
nonfeasance,203754,0,ᚾᚩᚾᚠᛠᛋᚪᚾᚳᛖ,435
unschooled,203733,0,ᚢᚾᛋᚳᚻᚩᚩᛚᛖᛞ,364
trimesters,203565,0,ᛏᚱᛁᛗᛖᛋᛏᛖᚱᛋ,482
intercedes,203498,0,ᛁᚾᛏᛖᚱᚳᛖᛞᛖᛋ,486
intoxicate,203496,0,ᛁᚾᛏᚩᛉᛁᚳᚪᛏᛖ,440
penetrator,203489,0,ᛈᛖᚾᛖᛏᚱᚪᛏᚩᚱ,450
tympanitic,203487,0,ᛏᚣᛗᛈᚪᚾᛁᛏᛁᚳ,536
penetrable,203380,0,ᛈᛖᚾᛖᛏᚱᚪᛒᛚᛖ,574
motoneuron,203104,0,ᛗᚩᛏᚩᚾᛖᚢᚱᚩᚾ,290
wastefully,202955,0,ᚹᚪᛋᛏᛖᚠᚢᛚᛚᚣ,549
snowdrifts,202891,0,ᛋᚾᚩᚹᛞᚱᛁᚠᛏᛋ,353
noncitizen,202479,0,ᚾᚩᚾᚳᛁᛏᛁᛋᛖᚾ,348
cartouches,202477,0,ᚳᚪᚱᛏᚩᚢᚳᚻᛖᛋ,346
chicagoans,202286,0,ᚳᚻᛁᚳᚪᚷᚩᚪᚾᛋ,380
humaneness,202246,0,ᚻᚢᛗᚪᚾᛖᚾᛖᛋᛋ,492
flameproof,202119,0,ᚠᛚᚪᛗᛖᛈᚱᚩᚩᚠ,380
kieselguhr,202102,0,ᚳᛁᛖᛋᛖᛚᚷᚢᚻᚱ,358
putrescine,202059,0,ᛈᚢᛏᚱᛖᛋᚳᛁᚾᛖ,376
photocells,202017,0,ᛈᚻᚩᛏᚩᚳᛖᛚᛚᛋ,418
populaires,201925,0,ᛈᚩᛈᚢᛚᚪᛁᚱᛖᛋ,428
adelantado,201800,0,ᚪᛞᛖᛚᚪᚾᛏᚪᛞᚩ,704
lubricates,201659,0,ᛚᚢᛒᚱᛁᚳᚪᛏᛖᛋ,468
wallpapers,201595,0,ᚹᚪᛚᛚᛈᚪᛈᛖᚱᛋ,576
sideboards,201565,0,ᛋᛁᛞᛖᛒᚩᚪᚱᛞᛋ,558
decussation,201525,0,ᛞᛖᚳᚢᛋᛋᚪᛏᛡᚾ,570
plowshares,201372,0,ᛈᛚᚩᚹᛋᚻᚪᚱᛖᛋ,446
malposition,201241,0,ᛗᚪᛚᛈᚩᛋᛁᛏᛡᚾ,570
eupatorium,201180,0,ᛖᚢᛈᚪᛏᚩᚱᛁᚢᛗ,392
backhanded,201044,0,ᛒᚪᚳᚳᚻᚪᚾᛞᛖᛞ,578
refrangible,201026,0,ᚱᛖᚠᚱᚪᛝᛁᛒᛚᛖ,499
monopolise,201011,0,ᛗᚩᚾᚩᛈᚩᛚᛁᛋᛖ,388
overstocking,200987,0,ᚩᚢᛖᚱᛋᛏᚩᚳᚳᛝ,312
storylines,200847,0,ᛋᛏᚩᚱᚣᛚᛁᚾᛖᛋ,486
ideographic,200704,0,ᛁᛞᛇᚷᚱᚪᛈᚻᛁᚳ,396
antistatic,200627,0,ᚪᚾᛏᛁᛋᛏᚪᛏᛁᚳ,528
woodworker,200601,0,ᚹᚩᚩᛞᚹᚩᚱᚳᛖᚱ,250
armadillos,200491,0,ᚪᚱᛗᚪᛞᛁᛚᛚᚩᛋ,602
escutcheons,200462,0,ᛖᛋᚳᚢᛏᚳᚻᛇᚾᛋ,354
depressingly,200249,0,ᛞᛖᛈᚱᛖᛋᛋᛝᛚᚣ,638
ancestress,200249,0,ᚪᚾᚳᛖᛋᛏᚱᛖᛋᛋ,502
procumbent,200091,0,ᛈᚱᚩᚳᚢᛗᛒᛖᚾᛏ,364
pedagogics,199729,0,ᛈᛖᛞᚪᚷᚩᚷᛁᚳᛋ,434
unmannerly,199653,0,ᚢᚾᛗᚪᚾᚾᛖᚱᛚᚣ,512
unstrained,199424,0,ᚢᚾᛋᛏᚱᚪᛁᚾᛖᛞ,468
birthplaces,199385,0,ᛒᛁᚱᚦᛈᛚᚪᚳᛖᛋ,454
impostures,199381,0,ᛁᛗᛈᚩᛋᛏᚢᚱᛖᛋ,398
eightpence,199205,0,ᛖᛁᚷᚻᛏᛈᛖᚾᚳᛖ,416
enchiridion,199173,0,ᛖᚾᚳᚻᛁᚱᛁᛞᛡᚾ,430
outclassed,199171,0,ᚩᚢᛏᚳᛚᚪᛋᛋᛖᛞ,514
apparelled,199050,0,ᚪᛈᛈᚪᚱᛖᛚᛚᛖᛞ,660
subsistent,198980,0,ᛋᚢᛒᛋᛁᛋᛏᛖᚾᛏ,468
precedency,198822,0,ᛈᚱᛖᚳᛖᛞᛖᚾᚳᚣ,502
shibboleths,198752,0,ᛋᚻᛁᛒᛒᚩᛚᛖᚦᛋ,434
homogenize,198721,0,ᚻᚩᛗᚩᚷᛖᚾᛁᛋᛖ,372
fortissimo,198613,0,ᚠᚩᚱᛏᛁᛋᛋᛁᛗᚩ,325
albigenses,198606,0,ᚪᛚᛒᛁᚷᛖᚾᛋᛖᛋ,548
vicinities,198605,0,ᚢᛁᚳᛁᚾᛁᛏᛁᛖᛋ,348
summerland,198575,0,ᛋᚢᛗᛗᛖᚱᛚᚪᚾᛞ,564
borderless,198353,0,ᛒᚩᚱᛞᛖᚱᛚᛖᛋᛋ,492
frolicsome,198268,0,ᚠᚱᚩᛚᛁᚳᛋᚩᛗᛖ,335
narcissist,198239,0,ᚾᚪᚱᚳᛁᛋᛋᛁᛋᛏ,430
emasculate,198234,0,ᛖᛗᚪᛋᚳᚢᛚᚪᛏᛖ,600
cameroonian,198223,0,ᚳᚪᛗᛖᚱᚩᚩᚾᛡᚾ,438
manhandled,198054,0,ᛗᚪᚾᚻᚪᚾᛞᛚᛖᛞ,664
upliftment,197915,0,ᚢᛈᛚᛁᚠᛏᛗᛖᚾᛏ,437
circumcise,197615,0,ᚳᛁᚱᚳᚢᛗᚳᛁᛋᛖ,306
ventricose,197483,0,ᚢᛖᚾᛏᚱᛁᚳᚩᛋᛖ,340
trinidadian,197309,0,ᛏᚱᛁᚾᛁᛞᚪᛞᛡᚾ,572
stencilled,197206,0,ᛋᛏᛖᚾᚳᛁᛚᛚᛖᛞ,554
chevaliers,196887,0,ᚳᚻᛖᚢᚪᛚᛁᛖᚱᛋ,438
thrombocyte,196847,0,ᚦᚱᚩᛗᛒᚩᚳᚣᛏᛖ,404
directress,196844,0,ᛞᛁᚱᛖᚳᛏᚱᛖᛋᛋ,454
mauritanian,196708,0,ᛗᚪᚢᚱᛁᛏᚪᚾᛡᚾ,534
homunculus,196697,0,ᚻᚩᛗᚢᚾᚳᚢᛚᚢᛋ,278
unaccepted,196592,0,ᚢᚾᚪᚳᚳᛖᛈᛏᛖᛞ,480
expatriated,196531,0,ᛖᛉᛈᚪᛏᚱᛡᛏᛖᛞ,646
recessional,196326,0,ᚱᛖᚳᛖᛋᛋᛡᚾᚪᛚ,570
separative,196261,0,ᛋᛖᛈᚪᚱᚪᛏᛁᚢᛖ,528
configures,196164,0,ᚳᚩᚾᚠᛁᚷᚢᚱᛖᛋ,233
philandering,196130,0,ᛈᚻᛁᛚᚪᚾᛞᛖᚱᛝ,542
conformism,195987,0,ᚳᚩᚾᚠᚩᚱᛗᛁᛋᛗ,295
intoxicant,195923,0,ᛁᚾᛏᚩᛉᛁᚳᚪᚾᛏ,402
allegretto,195705,0,ᚪᛚᛚᛖᚷᚱᛖᛏᛏᚩ,530
conjecturing,195677,0,ᚳᚩᚾᛂᛖᚳᛏᚢᚱᛝ,318
recidivist,195603,0,ᚱᛖᚳᛁᛞᛁᚢᛁᛋᛏ,388
idolatries,195594,0,ᛁᛞᚩᛚᚪᛏᚱᛁᛖᛋ,518
waterwheel,195522,0,ᚹᚪᛏᛖᚱᚹᚻᛖᛖᛚ,502
switchback,195503,0,ᛋᚹᛁᛏᚳᚻᛒᚪᚳᚳ,382
ironmongery,195397,0,ᛁᚱᚩᚾᛗᚩᛝᛖᚱᚣ,416
nebulosity,195380,0,ᚾᛖᛒᚢᛚᚩᛋᛁᛏᚣ,486
dependably,195374,0,ᛞᛖᛈᛖᚾᛞᚪᛒᛚᚣ,718
clapboards,195184,0,ᚳᛚᚪᛈᛒᚩᚪᚱᛞᛋ,544
axiological,195141,0,ᚪᛉᛡᛚᚩᚷᛁᚳᚪᛚ,562
transputer,195057,0,ᛏᚱᚪᚾᛋᛈᚢᛏᛖᚱ,432
behindhand,194964,0,ᛒᛖᚻᛁᚾᛞᚻᚪᚾᛞ,538
backpacker,194948,0,ᛒᚪᚳᚳᛈᚪᚳᚳᛖᚱ,428
garnishees,194947,0,ᚷᚪᚱᚾᛁᛋᚻᛖᛖᛋ,448
speakership,194921,0,ᛋᛈᛠᚳᛖᚱᛋᚻᛁᛈ,446
reprimanding,194801,0,ᚱᛖᛈᚱᛁᛗᚪᚾᛞᛝ,528
rectorship,194351,0,ᚱᛖᚳᛏᚩᚱᛋᚻᛁᛈ,318
reoccupation,194308,0,ᚱᛇᚳᚳᚢᛈᚪᛏᛡᚾ,416
bifurcates,194275,0,ᛒᛁᚠᚢᚱᚳᚪᛏᛖᛋ,397
printmaker,194136,0,ᛈᚱᛁᚾᛏᛗᚪᚳᛖᚱ,432
indecently,193931,0,ᛁᚾᛞᛖᚳᛖᚾᛏᛚᚣ,560
smithereens,193633,0,ᛋᛗᛁᚦᛖᚱᛖᛖᚾᛋ,454
flippantly,193498,0,ᚠᛚᛁᛈᛈᚪᚾᛏᛚᚣ,553
vacuolation,193343,0,ᚢᚪᚳᚢᚩᛚᚪᛏᛡᚾ,488
insouciance,193315,0,ᛁᚾᛋᚩᚢᚳᛡᚾᚳᛖ,352
commandeer,193091,0,ᚳᚩᛗᛗᚪᚾᛞᛖᛖᚱ,522
petroleums,192972,0,ᛈᛖᛏᚱᚩᛚᛖᚢᛗᛋ,454
revisionary,192735,0,ᚱᛖᚢᛁᛋᛡᚾᚪᚱᚣ,512
infinities,192700,0,ᛁᚾᚠᛁᚾᛁᛏᛁᛖᛋ,363
libidinous,192619,0,ᛚᛁᛒᛁᛞᛁᚾᚩᚢᛋ,408
professeur,192398,0,ᛈᚱᚩᚠᛖᛋᛋᛖᚢᚱ,317
disconcert,192155,0,ᛞᛁᛋᚳᚩᚾᚳᛖᚱᛏ,372
militantly,192069,0,ᛗᛁᛚᛁᛏᚪᚾᛏᛚᚣ,626
sidestepping,192031,0,ᛋᛁᛞᛖᛋᛏᛖᛈᛈᛝ,584
colourable,191769,0,ᚳᚩᛚᚩᚢᚱᚪᛒᛚᛖ,412
stabiliser,191764,0,ᛋᛏᚪᛒᛁᛚᛁᛋᛖᚱ,536
orthopedist,191567,0,ᚩᚱᚦᚩᛈᛖᛞᛁᛋᛏ,372
botanicals,191539,0,ᛒᚩᛏᚪᚾᛁᚳᚪᛚᛋ,520
undergrads,191497,0,ᚢᚾᛞᛖᚱᚷᚱᚪᛞᛋ,466
pulsatilla,191478,0,ᛈᚢᛚᛋᚪᛏᛁᛚᛚᚪ,602
unshackled,191467,0,ᚢᚾᛋᚻᚪᚳᚳᛚᛖᛞ,460
sulphureous,191400,0,ᛋᚢᛚᛈᚻᚢᚱᛇᚢᛋ,306
lammermoor,191344,0,ᛚᚪᛗᛗᛖᚱᛗᚩᚩᚱ,486
unremitted,191050,0,ᚢᚾᚱᛖᛗᛁᛏᛏᛖᛞ,486
overspending,191043,0,ᚩᚢᛖᚱᛋᛈᛖᚾᛞᛝ,448
libreville,191004,0,ᛚᛁᛒᚱᛖᚢᛁᛚᛚᛖ,490
nightgowns,190982,0,ᚾᛁᚷᚻᛏᚷᚩᚹᚾᛋ,284
personifying,190765,0,ᛈᛖᚱᛋᚩᚾᛁᚠᚣᛝ,425
bandmaster,190694,0,ᛒᚪᚾᛞᛗᚪᛋᛏᛖᚱ,634
synoptical,190535,0,ᛋᚣᚾᚩᛈᛏᛁᚳᚪᛚ,508
masterwork,190480,0,ᛗᚪᛋᛏᛖᚱᚹᚩᚱᚳ,408
enteropathy,190431,0,ᛖᚾᛏᛖᚱᚩᛈᚪᚦᚣ,488
unswervingly,190404,0,ᚢᚾᛋᚹᛖᚱᚢᛝᛚᚣ,440
topgallant,190404,0,ᛏᚩᛈᚷᚪᛚᛚᚪᚾᛏ,554
cablegrams,190385,0,ᚳᚪᛒᛚᛖᚷᚱᚪᛗᛋ,560
amateurism,190275,0,ᚪᛗᚪᛏᛖᚢᚱᛁᛋᛗ,560
innervates,190206,0,ᛁᚾᚾᛖᚱᚢᚪᛏᛖᛋ,446
gravitates,190117,0,ᚷᚱᚪᚢᛁᛏᚪᛏᛖᛋ,494
snowboarding,190085,0,ᛋᚾᚩᚹᛒᚩᚪᚱᛞᛝ,452
dismembering,190003,0,ᛞᛁᛋᛗᛖᛗᛒᛖᚱᛝ,600
bullfighting,189941,0,ᛒᚢᛚᛚᚠᛁᚷᚻᛏᛝ,421
germicides,189815,0,ᚷᛖᚱᛗᛁᚳᛁᛞᛖᛋ,450
dirigibles,189790,0,ᛞᛁᚱᛁᚷᛁᛒᛚᛖᛋ,464
macadamizing,189785,0,ᛗᚪᚳᚪᛞᚪᛗᛁᛋᛝ,698
citronella,189692,0,ᚳᛁᛏᚱᚩᚾᛖᛚᛚᚪ,460
demoiselle,189604,0,ᛞᛖᛗᚩᛁᛋᛖᛚᛚᛖ,598
atomically,189482,0,ᚪᛏᚩᛗᛁᚳᚪᛚᛚᚣ,624
scribblers,189460,0,ᛋᚳᚱᛁᛒᛒᛚᛖᚱᛋ,434
hilariously,189435,0,ᚻᛁᛚᚪᚱᛡᚢᛋᛚᚣ,574
disgustingly,189420,0,ᛞᛁᛋᚷᚢᛋᛏᛝᛚᚣ,560
bootstraps,189234,0,ᛒᚩᚩᛏᛋᛏᚱᚪᛈᛋ,450
repartition,189176,0,ᚱᛖᛈᚪᚱᛏᛁᛏᛡᚾ,514
nesselrode,189152,0,ᚾᛖᛋᛋᛖᛚᚱᚩᛞᛖ,516
pitchforks,189040,0,ᛈᛁᛏᚳᚻᚠᚩᚱᚳᛋ,255
fecundation,188966,0,ᚠᛖᚳᚢᚾᛞᚪᛏᛡᚾ,495
epiphanies,188957,0,ᛖᛈᛁᛈᚻᚪᚾᛁᛖᛋ,484
alexanders,188815,0,ᚪᛚᛖᛉᚪᚾᛞᛖᚱᛋ,630
windbreaker,188340,0,ᚹᛁᚾᛞᛒᚱᛠᚳᛖᚱ,440
pyrolusite,188275,0,ᛈᚣᚱᚩᛚᚢᛋᛁᛏᛖ,450
unfoldment,188127,0,ᚢᚾᚠᚩᛚᛞᛗᛖᚾᛏ,429
hullabaloo,188073,0,ᚻᚢᛚᛚᚪᛒᚪᛚᚩᚩ,514
dogmatical,187978,0,ᛞᚩᚷᛗᚪᛏᛁᚳᚪᛚ,554
ballplayer,187962,0,ᛒᚪᛚᛚᛈᛚᚪᚣᛖᚱ,698
decorously,187885,0,ᛞᛖᚳᚩᚱᚩᚢᛋᛚᚣ,426
semaphores,187844,0,ᛋᛖᛗᚪᛈᚻᚩᚱᛖᛋ,492
babylonish,187809,0,ᛒᚪᛒᚣᛚᚩᚾᛁᛋᚻ,538
argillites,187479,0,ᚪᚱᚷᛁᛚᛚᛁᛏᛖᛋ,512
sensuously,187418,0,ᛋᛖᚾᛋᚢᚩᚢᛋᛚᚣ,444
slanderers,187356,0,ᛋᛚᚪᚾᛞᛖᚱᛖᚱᛋ,550
homeliness,187334,0,ᚻᚩᛗᛖᛚᛁᚾᛖᛋᛋ,474
lilliputian,187015,0,ᛚᛁᛚᛚᛁᛈᚢᛏᛡᚾ,522
adsorbates,186999,0,ᚪᛞᛋᚩᚱᛒᚪᛏᛖᛋ,594
desolations,186760,0,ᛞᛖᛋᚩᛚᚪᛏᛡᚾᛋ,634
erotically,186718,0,ᛖᚱᚩᛏᛁᚳᚪᛚᛚᚣ,534
paleobotany,186699,0,ᛈᚪᛚᛇᛒᚩᛏᚪᚾᚣ,610
reinserted,186653,0,ᚱᛖᛁᚾᛋᛖᚱᛏᛖᛞ,484
supineness,186576,0,ᛋᚢᛈᛁᚾᛖᚾᛖᛋᛋ,428
eventuated,186549,0,ᛖᚢᛖᚾᛏᚢᚪᛏᛖᛞ,540
stalactite,186449,0,ᛋᛏᚪᛚᚪᚳᛏᛁᛏᛖ,608
polypodium,186386,0,ᛈᚩᛚᚣᛈᚩᛞᛁᚢᛗ,470
undervaluing,186358,0,ᚢᚾᛞᛖᚱᚢᚪᛚᚢᛝ,454
involucres,186276,0,ᛁᚾᚢᚩᛚᚢᚳᚱᛖᛋ,290
intendants,186199,0,ᛁᚾᛏᛖᚾᛞᚪᚾᛏᛋ,542
talismanic,185864,0,ᛏᚪᛚᛁᛋᛗᚪᚾᛁᚳ,554
refashioned,185704,0,ᚱᛖᚠᚪᛋᚻᛡᚾᛖᛞ,545
miserables,185686,0,ᛗᛁᛋᛖᚱᚪᛒᛚᛖᛋ,584
additively,185656,0,ᚪᛞᛞᛁᛏᛁᚢᛖᛚᚣ,642
conjuration,185222,0,ᚳᚩᚾᛂᚢᚱᚪᛏᛡᚾ,392
chilblains,185183,0,ᚳᚻᛁᛚᛒᛚᚪᛁᚾᛋ,484
bipolarity,185168,0,ᛒᛁᛈᚩᛚᚪᚱᛁᛏᚣ,516
cornflakes,185090,0,ᚳᚩᚱᚾᚠᛚᚪᚳᛖᛋ,365
unescorted,185066,0,ᚢᚾᛖᛋᚳᚩᚱᛏᛖᛞ,398
antiphonal,184978,0,ᚪᚾᛏᛁᛈᚻᚩᚾᚪᛚ,488
prevailingly,184967,0,ᛈᚱᛖᚢᚪᛁᛚᛝᛚᚣ,580
perceivers,184965,0,ᛈᛖᚱᚳᛖᛁᚢᛖᚱᛋ,366
burlesques,184949,0,ᛒᚢᚱᛚᛖᛋᚳᚹᛖᛋ,420
formidably,184767,0,ᚠᚩᚱᛗᛁᛞᚪᛒᛚᚣ,545
overstress,184729,0,ᚩᚢᛖᚱᛋᛏᚱᛖᛋᛋ,384
martyrdoms,184666,0,ᛗᚪᚱᛏᚣᚱᛞᚩᛗᛋ,572
scrumptious,184415,0,ᛋᚳᚱᚢᛗᛈᛏᛡᚢᛋ,416
colporteur,184412,0,ᚳᚩᛚᛈᚩᚱᛏᛖᚢᚱ,294
paleobiology,184402,0,ᛈᚪᛚᛇᛒᛡᛚᚩᚷᚣ,622
floodlight,184374,0,ᚠᛚᚩᚩᛞᛚᛁᚷᚻᛏ,381
accoucheur,184306,0,ᚪᚳᚳᚩᚢᚳᚻᛖᚢᚱ,250
frequenter,184259,0,ᚠᚱᛖᚳᚹᛖᚾᛏᛖᚱ,345
ironmongers,184141,0,ᛁᚱᚩᚾᛗᚩᛝᛖᚱᛋ,366
parachuted,183941,0,ᛈᚪᚱᚪᚳᚻᚢᛏᛖᛞ,502
animatedly,183922,0,ᚪᚾᛁᛗᚪᛏᛖᛞᛚᚣ,716
plasticine,183628,0,ᛈᛚᚪᛋᛏᛁᚳᛁᚾᛖ,496
personated,183508,0,ᛈᛖᚱᛋᚩᚾᚪᛏᛖᛞ,522
expurgated,183443,0,ᛖᛉᛈᚢᚱᚷᚪᛏᛖᛞ,500
brickworks,183423,0,ᛒᚱᛁᚳᚳᚹᚩᚱᚳᛋ,232
astoundingly,183377,0,ᚪᛋᛏᚩᚢᚾᛞᛝᛚᚣ,592
separatrix,183272,0,ᛋᛖᛈᚪᚱᚪᛏᚱᛁᛉ,516
aldermanic,183229,0,ᚪᛚᛞᛖᚱᛗᚪᚾᛁᚳ,578
nearsighted,183179,0,ᚾᛠᚱᛋᛁᚷᚻᛏᛖᛞ,488
enchiladas,183045,0,ᛖᚾᚳᚻᛁᛚᚪᛞᚪᛋ,572
procuration,182996,0,ᛈᚱᚩᚳᚢᚱᚪᛏᛡᚾ,380
turnstiles,182817,0,ᛏᚢᚱᚾᛋᛏᛁᛚᛖᛋ,438
cyclotrons,182805,0,ᚳᚣᚳᛚᚩᛏᚱᚩᚾᛋ,368
dermatosis,182709,0,ᛞᛖᚱᛗᚪᛏᚩᛋᛁᛋ,538
involutions,182687,0,ᛁᚾᚢᚩᛚᚢᛏᛡᚾᛋ,394
coloratura,182454,0,ᚳᚩᛚᚩᚱᚪᛏᚢᚱᚪ,378
astigmatic,182327,0,ᚪᛋᛏᛁᚷᛗᚪᛏᛁᚳ,528
satisfiable,182282,0,ᛋᚪᛏᛁᛋᚠᛡᛒᛚᛖ,603
mesmerised,182281,0,ᛗᛖᛋᛗᛖᚱᛁᛋᛖᛞ,580
ghibelline,182172,0,ᚷᚻᛁᛒᛖᛚᛚᛁᚾᛖ,472
hydrofoils,182039,0,ᚻᚣᛞᚱᚩᚠᚩᛁᛚᛋ,399
stalagmite,181910,0,ᛋᛏᚪᛚᚪᚷᛗᛁᛏᛖ,624
taillights,181637,0,ᛏᚪᛁᛚᛚᛁᚷᚻᛏᛋ,516
perseveres,181467,0,ᛈᛖᚱᛋᛖᚢᛖᚱᛖᛋ,442
mineralizing,181415,0,ᛗᛁᚾᛖᚱᚪᛚᛁᛋᛝ,542
brainpower,181207,0,ᛒᚱᚪᛁᚾᛈᚩᚹᛖᚱ,376
coalescent,181096,0,ᚳᚩᚪᛚᛖᛋᚳᛖᚾᛏ,478
altimeters,181091,0,ᚪᛚᛏᛁᛗᛖᛏᛖᚱᛋ,588
despotisms,181010,0,ᛞᛖᛋᛈᚩᛏᛁᛋᛗᛋ,526
dehydrator,180875,0,ᛞᛖᚻᚣᛞᚱᚪᛏᚩᚱ,556
maidenhood,180730,0,ᛗᚪᛁᛞᛖᚾᚻᚩᚩᛞ,510
encasement,180703,0,ᛖᚾᚳᚪᛋᛖᛗᛖᚾᛏ,552
eructations,180523,0,ᛖᚱᚢᚳᛏᚪᛏᛡᚾᛋ,498
underselling,180225,0,ᚢᚾᛞᛖᚱᛋᛖᛚᛚᛝ,544
unskillful,180030,0,ᚢᚾᛋᚳᛁᛚᛚᚠᚢᛚ,353
cordwainer,179977,0,ᚳᚩᚱᛞᚹᚪᛁᚾᛖᚱ,374
northwardly,179903,0,ᚾᚩᚱᚦᚹᚪᚱᛞᛚᚣ,444
retractions,179679,0,ᚱᛖᛏᚱᚪᚳᛏᛡᚾᛋ,506
sensualist,179668,0,ᛋᛖᚾᛋᚢᚪᛚᛁᛋᛏ,518
algonquins,179650,0,ᚪᛚᚷᚩᚾᚳᚹᛁᚾᛋ,368
monophonic,179647,0,ᛗᚩᚾᚩᛈᚻᚩᚾᛁᚳ,260
sharpeners,179590,0,ᛋᚻᚪᚱᛈᛖᚾᛖᚱᛋ,454
magnetical,179584,0,ᛗᚪᚷᚾᛖᛏᛁᚳᚪᛚ,554
decompress,179361,0,ᛞᛖᚳᚩᛗᛈᚱᛖᛋᛋ,474
hypnotised,179229,0,ᚻᚣᛈᚾᚩᛏᛁᛋᛖᛞ,504
tumefaction,178953,0,ᛏᚢᛗᛖᚠᚪᚳᛏᛡᚾ,507
copulative,178762,0,ᚳᚩᛈᚢᛚᚪᛏᛁᚢᛖ,396
legalities,178718,0,ᛚᛖᚷᚪᛚᛁᛏᛁᛖᛋ,568
noblewoman,178706,0,ᚾᚩᛒᛚᛖᚹᚩᛗᚪᚾ,460
mislabeled,178639,0,ᛗᛁᛋᛚᚪᛒᛖᛚᛖᛞ,682
uncoloured,178638,0,ᚢᚾᚳᚩᛚᚩᚢᚱᛖᛞ,302
encourager,178159,0,ᛖᚾᚳᚩᚢᚱᚪᚷᛖᚱ,322
cogitations,178049,0,ᚳᚩᚷᛁᛏᚪᛏᛡᚾᛋ,472
acetanilid,177866,0,ᚪᚳᛖᛏᚪᚾᛁᛚᛁᛞ,586
breathtakingly,177744,0,ᛒᚱᛠᚦᛏᚪᚳᛝᛚᚣ,610
anopheline,177724,0,ᚪᚾᚩᛈᚻᛖᛚᛁᚾᛖ,466
charioteers,177681,0,ᚳᚻᚪᚱᛡᛏᛖᛖᚱᛋ,508
archpriest,177624,0,ᚪᚱᚳᚻᛈᚱᛁᛖᛋᛏ,408
muskellunge,177565,0,ᛗᚢᛋᚳᛖᛚᛚᚢᛝᛖ,502
stepsister,177509,0,ᛋᛏᛖᛈᛋᛁᛋᛏᛖᚱ,496
undramatic,177464,0,ᚢᚾᛞᚱᚪᛗᚪᛏᛁᚳ,500
forestation,177404,0,ᚠᚩᚱᛖᛋᛏᚪᛏᛡᚾ,491
secretaire,177339,0,ᛋᛖᚳᚱᛖᛏᚪᛁᚱᛖ,476
doubleness,177318,0,ᛞᚩᚢᛒᛚᛖᚾᛖᛋᛋ,502
margaritas,177300,0,ᛗᚪᚱᚷᚪᚱᛁᛏᚪᛋ,544
hormonally,177220,0,ᚻᚩᚱᛗᚩᚾᚪᛚᛚᚣ,494
insolvents,177189,0,ᛁᚾᛋᚩᛚᚢᛖᚾᛏᛋ,404
adventured,177187,0,ᚪᛞᚢᛖᚾᛏᚢᚱᛖᛞ,514
procrustean,177065,0,ᛈᚱᚩᚳᚱᚢᛋᛏᛠᚾ,338
itinerants,176938,0,ᛁᛏᛁᚾᛖᚱᚪᚾᛏᛋ,466
cervicitis,176838,0,ᚳᛖᚱᚢᛁᚳᛁᛏᛁᛋ,312
understating,176820,0,ᚢᚾᛞᛖᚱᛋᛏᚪᛏᛝ,546
volatilize,176619,0,ᚢᚩᛚᚪᛏᛁᛚᛁᛋᛖ,494
jackrabbit,176524,0,ᛂᚪᚳᚳᚱᚪᛒᛒᛁᛏ,480
recondition,176380,0,ᚱᛖᚳᚩᚾᛞᛁᛏᛡᚾ,442
snapdragon,176268,0,ᛋᚾᚪᛈᛞᚱᚪᚷᚩᚾ,472
diplococci,176267,0,ᛞᛁᛈᛚᚩᚳᚩᚳᚳᛁ,320
vermonters,176203,0,ᚢᛖᚱᛗᚩᚾᛏᛖᚱᛋ,378
absorbency,175895,0,ᚪᛒᛋᚩᚱᛒᛖᚾᚳᚣ,502
chondrules,175770,0,ᚳᚻᚩᚾᛞᚱᚢᛚᛖᛋ,368
millipedes,175759,0,ᛗᛁᛚᛚᛁᛈᛖᛞᛖᛋ,598
copperheads,175732,0,ᚳᚩᛈᛈᛖᚱᚻᛠᛞᛋ,458
transposes,175719,0,ᛏᚱᚪᚾᛋᛈᚩᛋᛖᛋ,472
specifiable,175634,0,ᛋᛈᛖᚳᛁᚠᛡᛒᛚᛖ,517
peacekeeper,175491,0,ᛈᛠᚳᛖᚳᛖᛖᛈᛖᚱ,500
camcorders,175059,0,ᚳᚪᛗᚳᚩᚱᛞᛖᚱᛋ,432
sonorities,175030,0,ᛋᚩᚾᚩᚱᛁᛏᛁᛖᛋ,348
ritualists,174960,0,ᚱᛁᛏᚢᚪᛚᛁᛋᛏᛋ,470
hermosillo,174946,0,ᚻᛖᚱᛗᚩᛋᛁᛚᛚᚩ,416
phosphines,174803,0,ᛈᚻᚩᛋᛈᚻᛁᚾᛖᛋ,372
toadstools,174639,0,ᛏᚩᚪᛞᛋᛏᚩᚩᛚᛋ,504
cladophora,174638,0,ᚳᛚᚪᛞᚩᛈᚻᚩᚱᚪ,460
quatrefoil,174435,0,ᚳᚹᚪᛏᚱᛖᚠᚩᛁᛚ,379
stridently,174410,0,ᛋᛏᚱᛁᛞᛖᚾᛏᛚᚣ,574
devilishly,174127,0,ᛞᛖᚢᛁᛚᛁᛋᚻᛚᚣ,546
linearities,174104,0,ᛚᛁᚾᛠᚱᛁᛏᛁᛖᛋ,494
cavalierly,174081,0,ᚳᚪᚢᚪᛚᛁᛖᚱᛚᚣ,568
saleswomen,174000,0,ᛋᚪᛚᛖᛋᚹᚩᛗᛖᚾ,536
cloudburst,173975,0,ᚳᛚᚩᚢᛞᛒᚢᚱᛋᛏ,372
christenings,173975,0,ᚳᚻᚱᛁᛋᛏᛖᚾᛝᛋ,418
allophones,173962,0,ᚪᛚᛚᚩᛈᚻᚩᚾᛖᛋ,472
xerophytic,173883,0,ᛉᛖᚱᚩᛈᚻᚣᛏᛁᚳ,404
warmhearted,173879,0,ᚹᚪᚱᛗᚻᛠᚱᛏᛖᛞ,556
passiflora,173855,0,ᛈᚪᛋᛋᛁᚠᛚᚩᚱᚪ,467
plagiarized,173718,0,ᛈᛚᚪᚷᛡᚱᛁᛋᛖᛞ,588
carronades,173465,0,ᚳᚪᚱᚱᚩᚾᚪᛞᛖᛋ,474
atheistical,173427,0,ᚪᚦᛖᛁᛋᛏᛁᚳᚪᛚ,526
validations,173424,0,ᚢᚪᛚᛁᛞᚪᛏᛡᚾᛋ,638
aphoristic,173275,0,ᚪᛈᚻᚩᚱᛁᛋᛏᛁᚳ,368
coronations,173189,0,ᚳᚩᚱᚩᚾᚪᛏᛡᚾᛋ,412
hailstorms,173173,0,ᚻᚪᛁᛚᛋᛏᚩᚱᛗᛋ,478
ponderable,173135,0,ᛈᚩᚾᛞᛖᚱᚪᛒᛚᛖ,544
spotlessly,173129,0,ᛋᛈᚩᛏᛚᛖᛋᛋᛚᚣ,584
homesteaded,173120,0,ᚻᚩᛗᛖᛋᛏᛠᛞᛖᛞ,634
sunscreens,173016,0,ᛋᚢᚾᛋᚳᚱᛖᛖᚾᛋ,378
turbinated,172844,0,ᛏᚢᚱᛒᛁᚾᚪᛏᛖᛞ,506
leprechaun,172795,0,ᛚᛖᛈᚱᛖᚳᚻᚪᚢᚾ,426
expectable,172741,0,ᛖᛉᛈᛖᚳᛏᚪᛒᛚᛖ,594
arteriogram,172674,0,ᚪᚱᛏᛖᚱᛡᚷᚱᚪᛗ,548
hypodermis,172657,0,ᚻᚣᛈᚩᛞᛖᚱᛗᛁᛋ,498
homografts,172600,0,ᚻᚩᛗᚩᚷᚱᚪᚠᛏᛋ,347
hyperbolas,172385,0,ᚻᚣᛈᛖᚱᛒᚩᛚᚪᛋ,538
cappadocian,172088,0,ᚳᚪᛈᛈᚪᛞᚩᚳᛡᚾ,538
bafflement,172043,0,ᛒᚪᚠᚠᛚᛖᛗᛖᚾᛏ,528
redecorating,171987,0,ᚱᛖᛞᛖᚳᚩᚱᚪᛏᛝ,500
masticated,171941,0,ᛗᚪᛋᛏᛁᚳᚪᛏᛖᛞ,636
adulterant,171788,0,ᚪᛞᚢᛚᛏᛖᚱᚪᚾᛏ,584
cinquefoil,171599,0,ᚳᛁᚾᚳᚹᛖᚠᚩᛁᛚ,285
litigators,171542,0,ᛚᛁᛏᛁᚷᚪᛏᚩᚱᛋ,438
southwardly,171501,0,ᛋᚩᚢᚦᚹᚪᚱᛞᛚᚣ,460
strawboard,171310,0,ᛋᛏᚱᚪᚹᛒᚩᚪᚱᛞ,504
undergirding,171305,0,ᚢᚾᛞᛖᚱᚷᛁᚱᛞᛝ,426
instantiating,171273,0,ᛁᚾᛋᛏᚪᚾᛏᛡᛏᛝ,602
correctors,171193,0,ᚳᚩᚱᚱᛖᚳᛏᚩᚱᛋ,252
signalised,171053,0,ᛋᛁᚷᚾᚪᛚᛁᛋᛖᛞ,540
toolmakers,171047,0,ᛏᚩᚩᛚᛗᚪᚳᛖᚱᛋ,458
microspore,171004,0,ᛗᛁᚳᚱᚩᛋᛈᚩᚱᛖ,314
interjecting,171004,0,ᛁᚾᛏᛖᚱᛂᛖᚳᛏᛝ,452
hellenized,170981,0,ᚻᛖᛚᛚᛖᚾᛁᛋᛖᛞ,572
imbrication,170954,0,ᛁᛗᛒᚱᛁᚳᚪᛏᛡᚾ,510
idealisation,170874,0,ᛁᛞᛠᛚᛁᛋᚪᛏᛡᚾ,678
glassworks,170790,0,ᚷᛚᚪᛋᛋᚹᚩᚱᚳᛋ,396
myelocytes,170742,0,ᛗᚣᛖᛚᚩᚳᚣᛏᛖᛋ,616
adulteries,170692,0,ᚪᛞᚢᛚᛏᛖᚱᛁᛖᛋ,550
censurable,170600,0,ᚳᛖᚾᛋᚢᚱᚪᛒᛚᛖ,474
conferment,170585,0,ᚳᚩᚾᚠᛖᚱᛗᛖᚾᛏ,355
belemnites,170542,0,ᛒᛖᛚᛖᛗᚾᛁᛏᛖᛋ,578
chimborazo,170539,0,ᚳᚻᛁᛗᛒᚩᚱᚪᛋᚩ,374
tumbledown,170189,0,ᛏᚢᛗᛒᛚᛖᛞᚩᚹᚾ,478
stablished,170078,0,ᛋᛏᚪᛒᛚᛁᛋᚻᛖᛞ,606
untidiness,170042,0,ᚢᚾᛏᛁᛞᛁᚾᛖᛋᛋ,444
somewheres,170033,0,ᛋᚩᛗᛖᚹᚻᛖᚱᛖᛋ,438
unreflecting,169980,0,ᚢᚾᚱᛖᚠᛚᛖᚳᛏᛝ,403
diametrical,169642,0,ᛞᛡᛗᛖᛏᚱᛁᚳᚪᛚ,618
microchips,169639,0,ᛗᛁᚳᚱᚩᚳᚻᛁᛈᛋ,296
salvageable,169623,0,ᛋᚪᛚᚢᚪᚷᛠᛒᛚᛖ,650
titillation,169437,0,ᛏᛁᛏᛁᛚᛚᚪᛏᛡᚾ,618
eragrostis,169293,0,ᛖᚱᚪᚷᚱᚩᛋᛏᛁᛋ,406
terrifyingly,169194,0,ᛏᛖᚱᚱᛁᚠᚣᛝᛚᚣ,539
paediatrician,169115,0,ᛈᚫᛞᛡᛏᚱᛁᚳᛡᚾ,590
putrescent,168891,0,ᛈᚢᛏᚱᛖᛋᚳᛖᚾᛏ,404
histrionics,168863,0,ᚻᛁᛋᛏᚱᛡᚾᛁᚳᛋ,410
reappraised,168478,0,ᚱᛠᛈᛈᚱᚪᛁᛋᛖᛞ,554
lavishness,168393,0,ᛚᚪᚢᛁᛋᚻᚾᛖᛋᛋ,482
ordonnance,168343,0,ᚩᚱᛞᚩᚾᚾᚪᚾᚳᛖ,378
leaseholder,168315,0,ᛚᛠᛋᛖᚻᚩᛚᛞᛖᚱ,572
outstations,168205,0,ᚩᚢᛏᛋᛏᚪᛏᛡᚾᛋ,526
judicatory,168120,0,ᛂᚢᛞᛁᚳᚪᛏᚩᚱᚣ,450
disyllabic,168046,0,ᛞᛁᛋᚣᛚᛚᚪᛒᛁᚳ,624
pictograph,168044,0,ᛈᛁᚳᛏᚩᚷᚱᚪᛈᚻ,344
guesthouses,167973,0,ᚷᚢᛖᛋᚦᚩᚢᛋᛖᛋ,328
hideousness,167877,0,ᚻᛁᛞᛇᚢᛋᚾᛖᛋᛋ,442
onomatopoeia,167870,0,ᚩᚾᚩᛗᚪᛏᚩᛈᛟᛡ,510
pelagianism,167840,0,ᛈᛖᛚᚪᚷᛡᚾᛁᛋᛗ,588
pleochroism,167800,0,ᛈᛚᛇᚳᚻᚱᚩᛁᛋᛗ,366
legislates,167725,0,ᛚᛖᚷᛁᛋᛚᚪᛏᛖᛋ,590
stairwells,167684,0,ᛋᛏᚪᛁᚱᚹᛖᛚᛚᛋ,536
dysenteric,167641,0,ᛞᚣᛋᛖᚾᛏᛖᚱᛁᚳ,522
stultified,167620,0,ᛋᛏᚢᛚᛏᛁᚠᛁᛖᛞ,467
nameplates,167590,0,ᚾᚪᛗᛖᛈᛚᚪᛏᛖᛋ,656
batrachians,167583,0,ᛒᚪᛏᚱᚪᚳᚻᛡᚾᛋ,550
paragraphing,167548,0,ᛈᚪᚱᚪᚷᚱᚪᛈᚻᛝ,518
utilizable,167536,0,ᚢᛏᛁᛚᛁᛋᚪᛒᛚᛖ,548
aggregator,167431,0,ᚪᚷᚷᚱᛖᚷᚪᛏᚩᚱ,400
patchiness,167334,0,ᛈᚪᛏᚳᚻᛁᚾᛖᛋᛋ,468
eternities,167309,0,ᛖᛏᛖᚱᚾᛁᛏᛁᛖᛋ,474
unoriginal,167275,0,ᚢᚾᚩᚱᛁᚷᛁᚾᚪᛚ,328
fabricates,167230,0,ᚠᚪᛒᚱᛁᚳᚪᛏᛖᛋ,491
rejoinders,167119,0,ᚱᛖᛂᚩᛁᚾᛞᛖᚱᛋ,402
servomotor,167090,0,ᛋᛖᚱᚢᚩᛗᚩᛏᚩᚱ,296
montesinos,167081,0,ᛗᚩᚾᛏᛖᛋᛁᚾᚩᛋ,406
diamondback,167033,0,ᛞᛡᛗᚩᚾᛞᛒᚪᚳᚳ,576
incommoded,166952,0,ᛁᚾᚳᚩᛗᛗᚩᛞᛖᛞ,474
noncomplying,166928,0,ᚾᚩᚾᚳᚩᛗᛈᛚᚣᛝ,454
yellowness,166855,0,ᚣᛖᛚᛚᚩᚹᚾᛖᛋᛋ,544
unregarded,166736,0,ᚢᚾᚱᛖᚷᚪᚱᛞᛖᛞ,480
gradualist,166691,0,ᚷᚱᚪᛞᚢᚪᛚᛁᛋᛏ,530
houseboats,166476,0,ᚻᚩᚢᛋᛖᛒᚩᚪᛏᛋ,430
remunerating,166358,0,ᚱᛖᛗᚢᚾᛖᚱᚪᛏᛝ,494
overpasses,166334,0,ᚩᚢᛖᚱᛈᚪᛋᛋᛖᛋ,454
waterbirds,166271,0,ᚹᚪᛏᛖᚱᛒᛁᚱᛞᛋ,498
schedulers,166238,0,ᛋᚳᚻᛖᛞᚢᛚᛖᚱᛋ,452
chersonese,166125,0,ᚳᚻᛖᚱᛋᚩᚾᛖᛋᛖ,390
passerines,166003,0,ᛈᚪᛋᛋᛖᚱᛁᚾᛖᛋ,504
merozoites,165983,0,ᛗᛖᚱᚩᛋᚩᛁᛏᛖᛋ,426
reverences,165892,0,ᚱᛖᚢᛖᚱᛖᚾᚳᛖᛋ,388
supergiants,165818,0,ᛋᚢᛈᛖᚱᚷᛡᚾᛏᛋ,442
weightiest,165782,0,ᚹᛖᛁᚷᚻᛏᛁᛖᛋᛏ,426
achitophel,165780,0,ᚪᚳᚻᛁᛏᚩᛈᚻᛖᛚ,436
untempered,165778,0,ᚢᚾᛏᛖᛗᛈᛖᚱᛖᛞ,506
solemnised,165769,0,ᛋᚩᛚᛖᛗᚾᛁᛋᛖᛞ,540
insecurely,165694,0,ᛁᚾᛋᛖᚳᚢᚱᛖᛚᚣ,450
centralising,165682,0,ᚳᛖᚾᛏᚱᚪᛚᛁᛋᛝ,512
calendered,165466,0,ᚳᚪᛚᛖᚾᛞᛖᚱᛖᛞ,602
illusionary,165344,0,ᛁᛚᛚᚢᛋᛡᚾᚪᚱᚣ,580
semipublic,165263,0,ᛋᛖᛗᛁᛈᚢᛒᛚᛁᚳ,446
menstruate,165044,0,ᛗᛖᚾᛋᛏᚱᚢᚪᛏᛖ,516
dumbstruck,165040,0,ᛞᚢᛗᛒᛋᛏᚱᚢᚳᚳ,376
intuitional,164944,0,ᛁᚾᛏᚢᛁᛏᛡᚾᚪᛚ,518
reportorial,164895,0,ᚱᛖᛈᚩᚱᛏᚩᚱᛡᛚ,396
soundboard,164733,0,ᛋᚩᚢᚾᛞᛒᚩᚪᚱᛞ,446
caballeros,164689,0,ᚳᚪᛒᚪᛚᛚᛖᚱᚩᛋ,552
aristippus,164657,0,ᚪᚱᛁᛋᛏᛁᛈᛈᚢᛋ,424
economized,164440,0,ᛖᚳᚩᚾᚩᛗᛁᛋᛖᛞ,434
bernardine,164416,0,ᛒᛖᚱᚾᚪᚱᛞᛁᚾᛖ,492
antidromic,164409,0,ᚪᚾᛏᛁᛞᚱᚩᛗᛁᚳ,438
misreporting,164313,0,ᛗᛁᛋᚱᛖᛈᚩᚱᛏᛝ,432
explicates,164166,0,ᛖᛉᛈᛚᛁᚳᚪᛏᛖᛋ,550
infamously,164108,0,ᛁᚾᚠᚪᛗᚩᚢᛋᛚᚣ,469
painkiller,164032,0,ᛈᚪᛁᚾᚳᛁᛚᛚᛖᚱ,468
demystifying,163985,0,ᛞᛖᛗᚣᛋᛏᛁᚠᚣᛝ,657
oecumenical,163914,0,ᛟᚳᚢᛗᛖᚾᛁᚳᚪᛚ,480
allopatric,163703,0,ᚪᛚᛚᚩᛈᚪᛏᚱᛁᚳ,504
odocoileus,163686,0,ᚩᛞᚩᚳᚩᛁᛚᛖᚢᛋ,350
manichaeism,163649,0,ᛗᚪᚾᛁᚳᚻᚫᛁᛋᛗ,520
prayerbook,163621,0,ᛈᚱᚪᚣᛖᚱᛒᚩᚩᚳ,420
unimpeached,163535,0,ᚢᚾᛁᛗᛈᛠᚳᚻᛖᛞ,478
woodchucks,163427,0,ᚹᚩᚩᛞᚳᚻᚢᚳᚳᛋ,240
hardboiled,163380,0,ᚻᚪᚱᛞᛒᚩᛁᛚᛖᛞ,548
calabashes,163223,0,ᚳᚪᛚᚪᛒᚪᛋᚻᛖᛋ,634
shabbiness,163021,0,ᛋᚻᚪᛒᛒᛁᚾᛖᛋᛋ,528
incrementing,163021,0,ᛁᚾᚳᚱᛖᛗᛖᚾᛏᛝ,456
covenanter,163002,0,ᚳᚩᚢᛖᚾᚪᚾᛏᛖᚱ,382
stradivari,162996,0,ᛋᛏᚱᚪᛞᛁᚢᚪᚱᛁ,482
priesthoods,162942,0,ᛈᚱᛁᛖᛋᚦᚩᚩᛞᛋ,366
quinacrine,162899,0,ᚳᚹᛁᚾᚪᚳᚱᛁᚾᛖ,340
semiofficial,162823,0,ᛋᛖᛗᛡᚠᚠᛁᚳᛡᛚ,526
reflexives,162733,0,ᚱᛖᚠᛚᛖᛉᛁᚢᛖᛋ,421
bronchiolar,162686,0,ᛒᚱᚩᚾᚳᚻᛡᛚᚪᚱ,432
scarecrows,162656,0,ᛋᚳᚪᚱᛖᚳᚱᚩᚹᛋ,344
anthropoids,162481,0,ᚪᚾᚦᚱᚩᛈᚩᛁᛞᛋ,372
liberalising,162281,0,ᛚᛁᛒᛖᚱᚪᛚᛁᛋᛝ,576
indelicacy,162252,0,ᛁᚾᛞᛖᛚᛁᚳᚪᚳᚣ,546
devanagari,162242,0,ᛞᛖᚢᚪᚾᚪᚷᚪᚱᛁ,538
aggrandize,162240,0,ᚪᚷᚷᚱᚪᚾᛞᛁᛋᛖ,508
crepitation,162221,0,ᚳᚱᛖᛈᛁᛏᚪᛏᛡᚾ,516
chaperoned,162128,0,ᚳᚻᚪᛈᛖᚱᚩᚾᛖᛞ,446
compactors,162060,0,ᚳᚩᛗᛈᚪᚳᛏᚩᚱᛋ,374
dilettanti,162022,0,ᛞᛁᛚᛖᛏᛏᚪᚾᛏᛁ,594
maidenhair,162013,0,ᛗᚪᛁᛞᛖᚾᚻᚪᛁᚱ,546
cosmogonic,161993,0,ᚳᚩᛋᛗᚩᚷᚩᚾᛁᚳ,248
idiographic,161984,0,ᛁᛞᛡᚷᚱᚪᛈᚻᛁᚳ,462
jubilantly,161887,0,ᛂᚢᛒᛁᛚᚪᚾᛏᛚᚣ,566
homophonic,161751,0,ᚻᚩᛗᚩᛈᚻᚩᚾᛁᚳ,254
exultantly,161742,0,ᛖᛉᚢᛚᛏᚪᚾᛏᛚᚣ,610
greaseproof,161698,0,ᚷᚱᛠᛋᛖᛈᚱᚩᚩᚠ,327
goosebumps,161529,0,ᚷᚩᚩᛋᛖᛒᚢᛗᛈᛋ,382
housebound,161494,0,ᚻᚩᚢᛋᛖᛒᚩᚢᚾᛞ,342
turbinates,161067,0,ᛏᚢᚱᛒᛁᚾᚪᛏᛖᛋ,470
trastevere,161053,0,ᛏᚱᚪᛋᛏᛖᚢᛖᚱᛖ,494
predicable,161032,0,ᛈᚱᛖᛞᛁᚳᚪᛒᛚᛖ,552
rhizophora,160976,0,ᚱᚻᛁᛋᚩᛈᚻᚩᚱᚪ,306
shearwaters,160957,0,ᛋᚻᛠᚱᚹᚪᛏᛖᚱᛋ,502
angiosarcoma,160914,0,ᚪᛝᛡᛋᚪᚱᚳᚩᛗᚪ,632
mussorgsky,160887,0,ᛗᚢᛋᛋᚩᚱᚷᛋᚳᚣ,384
jesuitical,160831,0,ᛂᛖᛋᚢᛁᛏᛁᚳᚪᛚ,464
rhinovirus,160750,0,ᚱᚻᛁᚾᚩᚢᛁᚱᚢᛋ,202
liberalise,160714,0,ᛚᛁᛒᛖᚱᚪᛚᛁᛋᛖ,564
stuffiness,160552,0,ᛋᛏᚢᚠᚠᛁᚾᛖᛋᛋ,352
flowerbeds,160448,0,ᚠᛚᚩᚹᛖᚱᛒᛖᛞᛋ,449
emigrations,160415,0,ᛖᛗᛁᚷᚱᚪᛏᛡᚾᛋ,542
expropriating,160411,0,ᛖᛉᛈᚱᚩᛈᚱᛡᛏᛝ,474
coprolites,160317,0,ᚳᚩᛈᚱᚩᛚᛁᛏᛖᛋ,364
uncredited,160180,0,ᚢᚾᚳᚱᛖᛞᛁᛏᛖᛞ,458
trombonist,160087,0,ᛏᚱᚩᛗᛒᚩᚾᛁᛋᛏ,388
recoilless,160073,0,ᚱᛖᚳᚩᛁᛚᛚᛖᛋᛋ,448
synergetic,159867,0,ᛋᚣᚾᛖᚱᚷᛖᛏᛁᚳ,450
innovatory,159774,0,ᛁᚾᚾᚩᚢᚪᛏᚩᚱᚣ,376
committals,159673,0,ᚳᚩᛗᛗᛁᛏᛏᚪᛚᛋ,534
elementals,159618,0,ᛖᛚᛖᛗᛖᚾᛏᚪᛚᛋ,656
thermograph,159397,0,ᚦᛖᚱᛗᚩᚷᚱᚪᛈᚻ,352
salesrooms,159365,0,ᛋᚪᛚᛖᛋᚱᚩᚩᛗᛋ,492
vestibulum,159193,0,ᚢᛖᛋᛏᛁᛒᚢᛚᚢᛗ,424
televisual,159143,0,ᛏᛖᛚᛖᚢᛁᛋᚢᚪᛚ,526
openmouthed,158933,0,ᚩᛈᛖᚾᛗᚩᚢᚦᛖᛞ,388
concessive,158868,0,ᚳᚩᚾᚳᛖᛋᛋᛁᚢᛖ,336
shirtwaist,158778,0,ᛋᚻᛁᚱᛏᚹᚪᛁᛋᛏ,436
mellowness,158688,0,ᛗᛖᛚᛚᚩᚹᚾᛖᛋᛋ,512
makeshifts,158670,0,ᛗᚪᚳᛖᛋᚻᛁᚠᛏᛋ,469
chatterbox,158634,0,ᚳᚻᚪᛏᛏᛖᚱᛒᚩᛉ,444
interjects,158614,0,ᛁᚾᛏᛖᚱᛂᛖᚳᛏᛋ,426
fassbinder,158551,0,ᚠᚪᛋᛋᛒᛁᚾᛞᛖᚱ,493
refinished,158446,0,ᚱᛖᚠᛁᚾᛁᛋᚻᛖᛞ,403
interlinking,158416,0,ᛁᚾᛏᛖᚱᛚᛁᚾᚳᛝ,422
miniaturist,158375,0,ᛗᛁᚾᛡᛏᚢᚱᛁᛋᛏ,454
nationalise,158310,0,ᚾᚪᛏᛡᚾᚪᛚᛁᛋᛖ,642
deregulating,158168,0,ᛞᛖᚱᛖᚷᚢᛚᚪᛏᛝ,562
sloppiness,158136,0,ᛋᛚᚩᛈᛈᛁᚾᛖᛋᛋ,452
unrepaired,158105,0,ᚢᚾᚱᛖᛈᚪᛁᚱᛖᛞ,448
petroglyph,158046,0,ᛈᛖᛏᚱᚩᚷᛚᚣᛈᚻ,446
gravimeter,157972,0,ᚷᚱᚪᚢᛁᛗᛖᛏᛖᚱ,434
lightships,157761,0,ᛚᛁᚷᚻᛏᛋᚻᛁᛈᛋ,406
haversacks,157663,0,ᚻᚪᚢᛖᚱᛋᚪᚳᚳᛋ,430
unladylike,157604,0,ᚢᚾᛚᚪᛞᚣᛚᛁᚳᛖ,578
captivates,157556,0,ᚳᚪᛈᛏᛁᚢᚪᛏᛖᛋ,522
corpulence,157550,0,ᚳᚩᚱᛈᚢᛚᛖᚾᚳᛖ,326
pertinency,157407,0,ᛈᛖᚱᛏᛁᚾᛖᚾᚳᚣ,452
scurrility,157267,0,ᛋᚳᚢᚱᚱᛁᛚᛁᛏᚣ,388
effusively,157239,0,ᛖᚠᚠᚢᛋᛁᚢᛖᛚᚣ,404
divinatory,157200,0,ᛞᛁᚢᛁᚾᚪᛏᚩᚱᚣ,460
comfortingly,157187,0,ᚳᚩᛗᚠᚩᚱᛏᛝᛚᚣ,425
intriguers,156995,0,ᛁᚾᛏᚱᛁᚷᚢᛖᚱᛋ,312
wherefores,156702,0,ᚹᚻᛖᚱᛖᚠᚩᚱᛖᛋ,327
unattested,156670,0,ᚢᚾᚪᛏᛏᛖᛋᛏᛖᛞ,582
simpletons,156664,0,ᛋᛁᛗᛈᛚᛖᛏᚩᚾᛋ,486
spellbinding,156574,0,ᛋᛈᛖᛚᛚᛒᛁᚾᛞᛝ,598
equestrians,156574,0,ᛖᚳᚹᛖᛋᛏᚱᛡᚾᛋ,478
fisherfolk,156572,0,ᚠᛁᛋᚻᛖᚱᚠᚩᛚᚳ,282
organismal,156547,0,ᚩᚱᚷᚪᚾᛁᛋᛗᚪᛚ,486
ascendants,156499,0,ᚪᛋᚳᛖᚾᛞᚪᚾᛏᛋ,586
xanthophyll,156472,0,ᛉᚪᚾᚦᚩᛈᚻᚣᛚᛚ,500
tonalities,156388,0,ᛏᚩᚾᚪᛚᛁᛏᛁᛖᛋ,506
pedophiles,156369,0,ᛈᛖᛞᚩᛈᚻᛁᛚᛖᛋ,496
interstice,156345,0,ᛁᚾᛏᛖᚱᛋᛏᛁᚳᛖ,420
velocipede,156227,0,ᚢᛖᛚᚩᚳᛁᛈᛖᛞᛖ,460
careerists,156157,0,ᚳᚪᚱᛖᛖᚱᛁᛋᛏᛋ,462
chrysolite,156033,0,ᚳᚻᚱᚣᛋᚩᛚᛁᛏᛖ,440
socinianism,155800,0,ᛋᚩᚳᛁᚾᛡᚾᛁᛋᛗ,424
certifiable,155682,0,ᚳᛖᚱᛏᛁᚠᛡᛒᛚᛖ,491
asterisked,155648,0,ᚪᛋᛏᛖᚱᛁᛋᚳᛖᛞ,540
countesses,155618,0,ᚳᚩᚢᚾᛏᛖᛋᛋᛖᛋ,404
aggrandizing,155604,0,ᚪᚷᚷᚱᚪᚾᛞᛁᛋᛝ,520
mesophytic,155324,0,ᛗᛖᛋᚩᛈᚻᚣᛏᛁᚳ,470
pantomimic,155283,0,ᛈᚪᚾᛏᚩᛗᛁᛗᛁᚳ,452
begrudgingly,155149,0,ᛒᛖᚷᚱᚢᛞᚷᛝᛚᚣ,520
racetracks,155123,0,ᚱᚪᚳᛖᛏᚱᚪᚳᚳᛋ,434
intermitting,155090,0,ᛁᚾᛏᛖᚱᛗᛁᛏᛏᛝ,496
dogmatists,155067,0,ᛞᚩᚷᛗᚪᛏᛁᛋᛏᛋ,536
incinerate,154988,0,ᛁᚾᚳᛁᚾᛖᚱᚪᛏᛖ,434
underfloor,154974,0,ᚢᚾᛞᛖᚱᚠᛚᚩᚩᚱ,299
baronetage,154824,0,ᛒᚪᚱᚩᚾᛖᛏᚪᚷᛖ,512
zoomorphic,154565,0,ᛋᚩᚩᛗᚩᚱᛈᚻᛁᚳ,266
detoxified,154544,0,ᛞᛖᛏᚩᛉᛁᚠᛁᛖᛞ,489
demarkation,154538,0,ᛞᛖᛗᚪᚱᚳᚪᛏᛡᚾ,640
daintiness,154492,0,ᛞᚪᛁᚾᛏᛁᚾᛖᛋᛋ,538
braggadocio,154464,0,ᛒᚱᚪᚷᚷᚪᛞᚩᚳᛡ,516
politicize,154389,0,ᛈᚩᛚᛁᛏᛁᚳᛁᛋᛖ,408
waterspout,154303,0,ᚹᚪᛏᛖᚱᛋᛈᚩᚢᛏ,418
cornflower,154151,0,ᚳᚩᚱᚾᚠᛚᚩᚹᛖᚱ,239
cataclysms,154140,0,ᚳᚪᛏᚪᚳᛚᚣᛋᛗᛋ,632
refillable,154092,0,ᚱᛖᚠᛁᛚᛚᚪᛒᛚᛖ,555
jocularity,153915,0,ᛂᚩᚳᚢᛚᚪᚱᛁᛏᚣ,434
pharisaism,153865,0,ᛈᚻᚪᚱᛁᛋᚪᛁᛋᛗ,510
expounders,153861,0,ᛖᛉᛈᚩᚢᚾᛞᛖᚱᛋ,416
overcooked,153831,0,ᚩᚢᛖᚱᚳᚩᚩᚳᛖᛞ,284
lebensraum,153813,0,ᛚᛖᛒᛖᚾᛋᚱᚪᚢᛗ,532
retransmit,153312,0,ᚱᛖᛏᚱᚪᚾᛋᛗᛁᛏ,488
adulterating,153267,0,ᚪᛞᚢᛚᛏᛖᚱᚪᛏᛝ,634
resoundingly,153158,0,ᚱᛖᛋᚩᚢᚾᛞᛝᛚᚣ,514
unfeminine,153100,0,ᚢᚾᚠᛖᛗᛁᚾᛁᚾᛖ,359
suffragans,153091,0,ᛋᚢᚠᚠᚱᚪᚷᚪᚾᛋ,364
ammunitions,152999,0,ᚪᛗᛗᚢᚾᛁᛏᛡᚾᛋ,550
vijayawada,152875,0,ᚢᛁᛂᚪᚣᚪᚹᚪᛞᚪ,670
lepidolite,152780,0,ᛚᛖᛈᛁᛞᚩᛚᛁᛏᛖ,540
hypothecate,152736,0,ᚻᚣᛈᚩᚦᛖᚳᚪᛏᛖ,484
lunchrooms,152612,0,ᛚᚢᚾᚳᚻᚱᚩᚩᛗᛋ,290
scorecards,152601,0,ᛋᚳᚩᚱᛖᚳᚪᚱᛞᛋ,414
mitigations,152545,0,ᛗᛁᛏᛁᚷᚪᛏᛡᚾᛋ,554
hostelries,152386,0,ᚻᚩᛋᛏᛖᛚᚱᛁᛖᛋ,444
stertorous,152282,0,ᛋᛏᛖᚱᛏᚩᚱᚩᚢᛋ,330
comedienne,152277,0,ᚳᚩᛗᛖᛞᛁᛖᚾᚾᛖ,470
camouflaging,152205,0,ᚳᚪᛗᚩᚢᚠᛚᚪᚷᛝ,459
inquietude,152184,0,ᛁᚾᚳᚹᛁᛖᛏᚢᛞᛖ,408
roadrunner,152008,0,ᚱᚩᚪᛞᚱᚢᚾᚾᛖᚱ,354
demolishes,151941,0,ᛞᛖᛗᚩᛚᛁᛋᚻᛖᛋ,534
benzedrine,151923,0,ᛒᛖᚾᛋᛖᛞᚱᛁᚾᛖ,504
weatherbeaten,151845,0,ᚹᛠᚦᛖᚱᛒᛠᛏᛖᚾ,536
agrarianism,151799,0,ᚪᚷᚱᚪᚱᛡᚾᛁᛋᛗ,524
fraternize,151455,0,ᚠᚱᚪᛏᛖᚱᚾᛁᛋᛖ,427
voluptuary,151432,0,ᚢᚩᛚᚢᛈᛏᚢᚪᚱᚣ,402
donnybrook,151431,0,ᛞᚩᚾᚾᚣᛒᚱᚩᚩᚳ,356
bargainers,151430,0,ᛒᚪᚱᚷᚪᛁᚾᛖᚱᛋ,474
tantalized,151416,0,ᛏᚪᚾᛏᚪᛚᛁᛋᛖᛞ,654
insipidity,151366,0,ᛁᚾᛋᛁᛈᛁᛞᛁᛏᚣ,500
smouldered,151296,0,ᛋᛗᚩᚢᛚᛞᛖᚱᛖᛞ,530
discretions,150911,0,ᛞᛁᛋᚳᚱᛖᛏᛡᚾᛋ,512
triennially,150877,0,ᛏᚱᛁᛖᚾᚾᛡᛚᛚᚣ,582
freebooter,150700,0,ᚠᚱᛖᛖᛒᚩᚩᛏᛖᚱ,359
headhunters,150678,0,ᚻᛠᛞᚻᚢᚾᛏᛖᚱᛋ,466
enchanters,150589,0,ᛖᚾᚳᚻᚪᚾᛏᛖᚱᛋ,448
flashcards,150529,0,ᚠᛚᚪᛋᚻᚳᚪᚱᛞᛋ,511
poinsettias,150495,0,ᛈᚩᛁᚾᛋᛖᛏᛏᛡᛋ,508
diagnosable,150389,0,ᛞᛡᚷᚾᚩᛋᚪᛒᛚᛖ,600
intentness,150367,0,ᛁᚾᛏᛖᚾᛏᚾᛖᛋᛋ,476
ashkenazim,150242,0,ᚪᛋᚻᚳᛖᚾᚪᛋᛁᛗ,534
unblushingly,150122,0,ᚢᚾᛒᛚᚢᛋᚻᛝᛚᚣ,500
banalities,150065,0,ᛒᚪᚾᚪᛚᛁᛏᛁᛖᛋ,598
boardrooms,149906,0,ᛒᚩᚪᚱᛞᚱᚩᚩᛗᛋ,414
anchylosis,149822,0,ᚪᚾᚳᚻᚣᛚᚩᛋᛁᛋ,482
reorganizes,149804,0,ᚱᛇᚱᚷᚪᚾᛁᛋᛖᛋ,410
paleography,149798,0,ᛈᚪᛚᛇᚷᚱᚪᛈᚻᚣ,548
multiverse,149793,0,ᛗᚢᛚᛏᛁᚢᛖᚱᛋᛖ,438
downhearted,149619,0,ᛞᚩᚹᚾᚻᛠᚱᛏᛖᛞ,502
interdicts,149533,0,ᛁᚾᛏᛖᚱᛞᛁᚳᛏᛋ,442
freelancer,149506,0,ᚠᚱᛖᛖᛚᚪᚾᚳᛖᚱ,437
centenarian,149470,0,ᚳᛖᚾᛏᛖᚾᚪᚱᛡᚾ,508
gunfighter,149456,0,ᚷᚢᚾᚠᛁᚷᚻᛏᛖᚱ,259
oxygenates,149429,0,ᚩᛉᚣᚷᛖᚾᚪᛏᛖᛋ,546
woodenware,149424,0,ᚹᚩᚩᛞᛖᚾᚹᚪᚱᛖ,412
enharmonic,149384,0,ᛖᚾᚻᚪᚱᛗᚩᚾᛁᚳ,378
cinchonine,149329,0,ᚳᛁᚾᚳᚻᚩᚾᛁᚾᛖ,272
seismogram,149264,0,ᛋᛖᛁᛋᛗᚩᚷᚱᚪᛗ,478
copyholder,149151,0,ᚳᚩᛈᚣᚻᚩᛚᛞᛖᚱ,436
pepsinogen,149038,0,ᛈᛖᛈᛋᛁᚾᚩᚷᛖᚾ,386
peptidases,148985,0,ᛈᛖᛈᛏᛁᛞᚪᛋᛖᛋ,602
pleasurably,148869,0,ᛈᛚᛠᛋᚢᚱᚪᛒᛚᚣ,626
regularizing,148828,0,ᚱᛖᚷᚢᛚᚪᚱᛁᛋᛝ,442
asynchrony,148681,0,ᚪᛋᚣᚾᚳᚻᚱᚩᚾᚣ,468
indolently,148664,0,ᛁᚾᛞᚩᛚᛖᚾᛏᛚᚣ,560
effervescing,148659,0,ᛖᚠᚠᛖᚱᚢᛖᛋᚳᛝ,364
postexilic,148565,0,ᛈᚩᛋᛏᛖᛉᛁᛚᛁᚳ,424
hydrothorax,148494,0,ᚻᚣᛞᚱᚩᚦᚩᚱᚪᛉ,400
photoengraving,148487,0,ᛈᚻᚩᛏᛟᛝᚱᚪᚢᛝ,484
ferryboats,148461,0,ᚠᛖᚱᚱᚣᛒᚩᚪᛏᛋ,471
perithecium,148386,0,ᛈᛖᚱᛁᚦᛖᚳᛁᚢᛗ,342
instigates,148237,0,ᛁᚾᛋᛏᛁᚷᚪᛏᛖᛋ,496
vaporizers,148178,0,ᚢᚪᛈᚩᚱᛁᛋᛖᚱᛋ,376
brokerages,148174,0,ᛒᚱᚩᚳᛖᚱᚪᚷᛖᛋ,404
voltameter,148130,0,ᚢᚩᛚᛏᚪᛗᛖᛏᛖᚱ,514
acetylenes,148103,0,ᚪᚳᛖᛏᚣᛚᛖᚾᛖᛋ,628
virulently,148084,0,ᚢᛁᚱᚢᛚᛖᚾᛏᛚᚣ,452
anabaptism,147953,0,ᚪᚾᚪᛒᚪᛈᛏᛁᛋᛗ,638
nonperiodic,147782,0,ᚾᚩᚾᛈᛖᚱᛡᛞᛁᚳ,426
homophones,147725,0,ᚻᚩᛗᚩᛈᚻᚩᚾᛖᛋ,330
paternally,147707,0,ᛈᚪᛏᛖᚱᚾᚪᛚᛚᚣ,652
storybooks,147676,0,ᛋᛏᚩᚱᚣᛒᚩᚩᚳᛋ,374
technocrat,147590,0,ᛏᛖᚳᚻᚾᚩᚳᚱᚪᛏ,378
anchorites,147544,0,ᚪᚾᚳᚻᚩᚱᛁᛏᛖᛋ,390
breadbasket,147536,0,ᛒᚱᛠᛞᛒᚪᛋᚳᛖᛏ,620
forgivable,147504,0,ᚠᚩᚱᚷᛁᚢᚪᛒᛚᛖ,369
accessorial,147352,0,ᚪᚳᚳᛖᛋᛋᚩᚱᛡᛚ,494
sycophancy,147348,0,ᛋᚣᚳᚩᛈᚻᚪᚾᚳᚣ,484
legitimist,147325,0,ᛚᛖᚷᛁᛏᛁᛗᛁᛋᛏ,492
bridgework,147320,0,ᛒᚱᛁᛞᚷᛖᚹᚩᚱᚳ,326
interbreed,147302,0,ᛁᚾᛏᛖᚱᛒᚱᛖᛖᛞ,492
streetwise,147190,0,ᛋᛏᚱᛖᛖᛏᚹᛁᛋᛖ,486
pugilistic,147150,0,ᛈᚢᚷᛁᛚᛁᛋᛏᛁᚳ,354
analyzable,147077,0,ᚪᚾᚪᛚᚣᛋᚪᛒᛚᛖ,750
epicardium,146936,0,ᛖᛈᛁᚳᚪᚱᛞᛁᚢᛗ,456
jacobitism,146927,0,ᛂᚪᚳᚩᛒᛁᛏᛁᛋᛗ,460
bullfights,146862,0,ᛒᚢᛚᛚᚠᛁᚷᚻᛏᛋ,395
clothespins,146808,0,ᚳᛚᚩᚦᛖᛋᛈᛁᚾᛋ,374
solenoidal,146666,0,ᛋᚩᛚᛖᚾᚩᛁᛞᚪᛚ,526
cosmopolis,146584,0,ᚳᚩᛋᛗᚩᛈᚩᛚᛁᛋ,358
elegancies,146564,0,ᛖᛚᛖᚷᚪᚾᚳᛁᛖᛋ,514
reshipment,146561,0,ᚱᛖᛋᚻᛁᛈᛗᛖᚾᛏ,454
incinerating,146557,0,ᛁᚾᚳᛁᚾᛖᚱᚪᛏᛝ,446
salmagundi,146543,0,ᛋᚪᛚᛗᚪᚷᚢᚾᛞᛁ,560
freightage,146428,0,ᚠᚱᛖᛁᚷᚻᛏᚪᚷᛖ,391
discotheque,146421,0,ᛞᛁᛋᚳᚩᚦᛖᚳᚹᛖ,364
gorgonzola,146213,0,ᚷᚩᚱᚷᚩᚾᛋᚩᛚᚪ,318
unprovable,146098,0,ᚢᚾᛈᚱᚩᚢᚪᛒᛚᛖ,394
lymphopenia,146001,0,ᛚᚣᛗᛈᚻᚩᛈᛖᚾᛡ,566
astrometry,145982,0,ᚪᛋᛏᚱᚩᛗᛖᛏᚱᚣ,538
membraneous,145963,0,ᛗᛖᛗᛒᚱᚪᚾᛇᚢᛋ,504
afflictive,145961,0,ᚪᚠᚠᛚᛁᚳᛏᛁᚢᛖ,378
afterimage,145956,0,ᚪᚠᛏᛖᚱᛁᛗᚪᚷᛖ,519
gondoliers,145954,0,ᚷᚩᚾᛞᚩᛚᛁᛖᚱᛋ,384
paratroops,145945,0,ᛈᚪᚱᚪᛏᚱᚩᚩᛈᛋ,428
ungraciously,145823,0,ᚢᛝᚱᚪᚳᛡᚢᛋᛚᚣ,542
lumberyard,145460,0,ᛚᚢᛗᛒᛖᚱᚣᚪᚱᛞ,586
peregrines,145434,0,ᛈᛖᚱᛖᚷᚱᛁᚾᛖᛋ,396
interdicting,145304,0,ᛁᚾᛏᛖᚱᛞᛁᚳᛏᛝ,468
pyrogallic,145293,0,ᛈᚣᚱᚩᚷᚪᛚᛚᛁᚳ,468
wholesales,145200,0,ᚹᚻᚩᛚᛖᛋᚪᛚᛖᛋ,532
vaccinator,145189,0,ᚢᚪᚳᚳᛁᚾᚪᛏᚩᚱ,360
fertilizes,145170,0,ᚠᛖᚱᛏᛁᛚᛁᛋᛖᛋ,447
surpassingly,145156,0,ᛋᚢᚱᛈᚪᛋᛋᛝᛚᚣ,568
intestates,145067,0,ᛁᚾᛏᛖᛋᛏᚪᛏᛖᛋ,574
fisticuffs,144957,0,ᚠᛁᛋᛏᛁᚳᚢᚠᚠᛋ,249
reinstates,144931,0,ᚱᛖᛁᚾᛋᛏᚪᛏᛖᛋ,526
busybodies,144816,0,ᛒᚢᛋᚣᛒᚩᛞᛁᛖᛋ,528
fieldstone,144812,0,ᚠᛁᛖᛚᛞᛋᛏᚩᚾᛖ,477
stedfastly,144673,0,ᛋᛏᛖᛞᚠᚪᛋᛏᛚᚣ,655
tolerantly,144664,0,ᛏᚩᛚᛖᚱᚪᚾᛏᛚᚣ,578
corrosives,144656,0,ᚳᚩᚱᚱᚩᛋᛁᚢᛖᛋ,256
denotations,144638,0,ᛞᛖᚾᚩᛏᚪᛏᛡᚾᛋ,596
fumigations,144598,0,ᚠᚢᛗᛁᚷᚪᛏᛡᚾᛋ,469
giustiniani,144565,0,ᚷᛁᚢᛋᛏᛁᚾᛡᚾᛁ,390
waterholes,144546,0,ᚹᚪᛏᛖᚱᚻᚩᛚᛖᛋ,476
mycologist,144527,0,ᛗᚣᚳᚩᛚᚩᚷᛁᛋᛏ,434
spotlighting,144523,0,ᛋᛈᚩᛏᛚᛁᚷᚻᛏᛝ,444
victualled,144292,0,ᚢᛁᚳᛏᚢᚪᛚᛚᛖᛞ,508
boardwalks,144257,0,ᛒᚩᚪᚱᛞᚹᚪᛚᚳᛋ,520
incipiency,144239,0,ᛁᚾᚳᛁᛈᛁᛖᚾᚳᚣ,390
barleycorn,144172,0,ᛒᚪᚱᛚᛖᚣᚳᚩᚱᚾ,472
misprinted,144147,0,ᛗᛁᛋᛈᚱᛁᚾᛏᛖᛞ,484
wickerwork,144131,0,ᚹᛁᚳᚳᛖᚱᚹᚩᚱᚳ,204
prototypic,144002,0,ᛈᚱᚩᛏᚩᛏᚣᛈᛁᚳ,376
reshuffled,143413,0,ᚱᛖᛋᚻᚢᚠᚠᛚᛖᛞ,390
windlasses,143319,0,ᚹᛁᚾᛞᛚᚪᛋᛋᛖᛋ,564
prizewinning,143237,0,ᛈᚱᛁᛋᛖᚹᛁᚾᚾᛝ,392
travesties,143171,0,ᛏᚱᚪᚢᛖᛋᛏᛁᛖᛋ,500
propellent,143113,0,ᛈᚱᚩᛈᛖᛚᛚᛖᚾᛏ,472
suppertime,143108,0,ᛋᚢᛈᛈᛖᚱᛏᛁᛗᛖ,448
urologists,143092,0,ᚢᚱᚩᛚᚩᚷᛁᛋᛏᛋ,314
sordidness,143075,0,ᛋᚩᚱᛞᛁᛞᚾᛖᛋᛋ,482
diminuendo,142961,0,ᛞᛁᛗᛁᚾᚢᛖᚾᛞᚩ,446
mendicancy,142925,0,ᛗᛖᚾᛞᛁᚳᚪᚾᚳᚣ,542
windstorms,142810,0,ᚹᛁᚾᛞᛋᛏᚩᚱᛗᛋ,422
precursory,142755,0,ᛈᚱᛖᚳᚢᚱᛋᚩᚱᚣ,322
antheridium,142645,0,ᚪᚾᚦᛖᚱᛁᛞᛁᚢᛗ,434
overshoots,142612,0,ᚩᚢᛖᚱᛋᚻᚩᚩᛏᛋ,290
reformatting,142536,0,ᚱᛖᚠᚩᚱᛗᚪᛏᛏᛝ,463
dissevered,142235,0,ᛞᛁᛋᛋᛖᚢᛖᚱᛖᛞ,530
persecutes,142216,0,ᛈᛖᚱᛋᛖᚳᚢᛏᛖᛋ,436
invidiously,142192,0,ᛁᚾᚢᛁᛞᛡᚢᛋᛚᚣ,522
aerological,142141,0,ᚫᚱᚩᛚᚩᚷᛁᚳᚪᛚ,430
micropylar,142111,0,ᛗᛁᚳᚱᚩᛈᚣᛚᚪᚱ,460
milliampere,142063,0,ᛗᛁᛚᛚᛡᛗᛈᛖᚱᛖ,614
fulminated,141981,0,ᚠᚢᛚᛗᛁᚾᚪᛏᛖᛞ,521
inflictions,141906,0,ᛁᚾᚠᛚᛁᚳᛏᛡᚾᛋ,427
milliwatts,141904,0,ᛗᛁᛚᛚᛁᚹᚪᛏᛏᛋ,566
religionist,141903,0,ᚱᛖᛚᛁᚷᛡᚾᛁᛋᛏ,478
picnickers,141901,0,ᛈᛁᚳᚾᛁᚳᚳᛖᚱᛋ,304
obstruents,141816,0,ᚩᛒᛋᛏᚱᚢᛖᚾᛏᛋ,402
prognathism,141737,0,ᛈᚱᚩᚷᚾᚪᚦᛁᛋᛗ,364
quadrilles,141657,0,ᚳᚹᚪᛞᚱᛁᛚᛚᛖᛋ,526
rudimental,141653,0,ᚱᚢᛞᛁᛗᛖᚾᛏᚪᛚ,530
rhinestone,141643,0,ᚱᚻᛁᚾᛖᛋᛏᚩᚾᛖ,376
purgatorial,141629,0,ᛈᚢᚱᚷᚪᛏᚩᚱᛡᛚ,428
isometries,141594,0,ᛁᛋᚩᛗᛖᛏᚱᛁᛖᛋ,450
ballerinas,141416,0,ᛒᚪᛚᛚᛖᚱᛁᚾᚪᛋ,592
subtreasury,141336,0,ᛋᚢᛒᛏᚱᛠᛋᚢᚱᚣ,466
revivified,141296,0,ᚱᛖᚢᛁᚢᛁᚠᛁᛖᛞ,335
plutocrats,141296,0,ᛈᛚᚢᛏᚩᚳᚱᚪᛏᛋ,418
churchward,141187,0,ᚳᚻᚢᚱᚳᚻᚹᚪᚱᛞ,302
unphysical,141143,0,ᚢᚾᛈᚻᚣᛋᛁᚳᚪᛚ,468
cotoneaster,141083,0,ᚳᚩᛏᚩᚾᛠᛋᛏᛖᚱ,414
persuaders,141007,0,ᛈᛖᚱᛋᚢᚪᛞᛖᚱᛋ,494
saccharide,140959,0,ᛋᚪᚳᚳᚻᚪᚱᛁᛞᛖ,494
diatessaron,140931,0,ᛞᛡᛏᛖᛋᛋᚪᚱᚩᚾ,572
detriments,140928,0,ᛞᛖᛏᚱᛁᛗᛖᚾᛏᛋ,536
lowlanders,140838,0,ᛚᚩᚹᛚᚪᚾᛞᛖᚱᛋ,518
gentlefolk,140835,0,ᚷᛖᚾᛏᛚᛖᚠᚩᛚᚳ,407
abstractor,140768,0,ᚪᛒᛋᛏᚱᚪᚳᛏᚩᚱ,468
jackhammer,140750,0,ᛂᚪᚳᚳᚻᚪᛗᛗᛖᚱ,500
preassigned,140605,0,ᛈᚱᛠᛋᛋᛁᚷᚾᛖᛞ,502
revitalise,140578,0,ᚱᛖᚢᛁᛏᚪᛚᛁᛋᛖ,492
unstintingly,140571,0,ᚢᚾᛋᛏᛁᚾᛏᛝᛚᚣ,518
tumbleweed,140448,0,ᛏᚢᛗᛒᛚᛖᚹᛖᛖᛞ,576
unequipped,140316,0,ᚢᚾᛖᚳᚹᛁᛈᛈᛖᛞ,404
methenamine,140226,0,ᛗᛖᚦᛖᚾᚪᛗᛁᚾᛖ,534
unremarked,140212,0,ᚢᚾᚱᛖᛗᚪᚱᚳᛖᛞ,458
colourists,140177,0,ᚳᚩᛚᚩᚢᚱᛁᛋᛏᛋ,310
magnifiers,139935,0,ᛗᚪᚷᚾᛁᚠᛁᛖᚱᛋ,409
officiously,139856,0,ᚩᚠᚠᛁᚳᛡᚢᛋᛚᚣ,394
territoire,139524,0,ᛏᛖᚱᚱᛁᛏᚩᛁᚱᛖ,354
pressurize,139503,0,ᛈᚱᛖᛋᛋᚢᚱᛁᛋᛖ,392
unsinkable,139335,0,ᚢᚾᛋᛁᚾᚳᚪᛒᛚᛖ,456
middlebrow,139129,0,ᛗᛁᛞᛞᛚᛖᛒᚱᚩᚹ,518
pursuivant,139008,0,ᛈᚢᚱᛋᚢᛁᚢᚪᚾᛏ,332
gladstonian,138998,0,ᚷᛚᚪᛞᛋᛏᚩᚾᛡᚾ,560
salvadorean,138997,0,ᛋᚪᛚᚢᚪᛞᚩᚱᛠᚾ,568
refractile,138922,0,ᚱᛖᚠᚱᚪᚳᛏᛁᛚᛖ,431
cartwheels,138777,0,ᚳᚪᚱᛏᚹᚻᛖᛖᛚᛋ,482
benzocaine,138772,0,ᛒᛖᚾᛋᚩᚳᚪᛁᚾᛖ,454
anemometry,138666,0,ᚪᚾᛖᛗᚩᛗᛖᛏᚱᚣ,582
houseflies,138594,0,ᚻᚩᚢᛋᛖᚠᛚᛁᛖᛋ,379
colonisers,138551,0,ᚳᚩᛚᚩᚾᛁᛋᛖᚱᛋ,344
cataleptic,138488,0,ᚳᚪᛏᚪᛚᛖᛈᛏᛁᚳ,552
downstroke,138437,0,ᛞᚩᚹᚾᛋᛏᚱᚩᚳᛖ,354
extendible,138375,0,ᛖᛉᛏᛖᚾᛞᛁᛒᛚᛖ,590
guillemots,138322,0,ᚷᚢᛁᛚᛚᛖᛗᚩᛏᛋ,454
ejaculates,138067,0,ᛖᛂᚪᚳᚢᛚᚪᛏᛖᛋ,566
hydropathic,137941,0,ᚻᚣᛞᚱᚩᛈᚪᚦᛁᚳ,422
canonicity,137928,0,ᚳᚪᚾᚩᚾᛁᚳᛁᛏᚣ,412
republishing,137899,0,ᚱᛖᛈᚢᛒᛚᛁᛋᚻᛝ,444
bentonites,137861,0,ᛒᛖᚾᛏᚩᚾᛁᛏᛖᛋ,462
triangularly,137853,0,ᛏᚱᛡᛝᚢᛚᚪᚱᛚᚣ,616
scapegrace,137778,0,ᛋᚳᚪᛈᛖᚷᚱᚪᚳᛖ,478
tricyclics,137532,0,ᛏᚱᛁᚳᚣᚳᛚᛁᚳᛋ,400
crossbones,137429,0,ᚳᚱᚩᛋᛋᛒᚩᚾᛖᛋ,354
apprenticing,137405,0,ᚪᛈᛈᚱᛖᚾᛏᛁᚳᛝ,472
novelettes,137370,0,ᚾᚩᚢᛖᛚᛖᛏᛏᛖᛋ,484
backwardly,137350,0,ᛒᚪᚳᚳᚹᚪᚱᛞᛚᚣ,576
thiocyanates,137317,0,ᚦᛡᚳᚣᚪᚾᚪᛏᛖᛋ,630
cockfighting,137197,0,ᚳᚩᚳᚳᚠᛁᚷᚻᛏᛝ,257
crustaceous,137149,0,ᚳᚱᚢᛋᛏᚪᚳᛇᚢᛋ,346
snowfields,137145,0,ᛋᚾᚩᚹᚠᛁᛖᛚᛞᛋ,423
chondritic,137037,0,ᚳᚻᚩᚾᛞᚱᛁᛏᛁᚳ,306
anamorphic,137006,0,ᚪᚾᚪᛗᚩᚱᛈᚻᛁᚳ,422
homozygote,136975,0,ᚻᚩᛗᚩᛋᚣᚷᚩᛏᛖ,414
hobgoblins,136924,0,ᚻᚩᛒᚷᚩᛒᛚᛁᚾᛋ,362
puppeteers,136914,0,ᛈᚢᛈᛈᛖᛏᛖᛖᚱᛋ,456
escalations,136671,0,ᛖᛋᚳᚪᛚᚪᛏᛡᚾᛋ,648
lumpectomy,136658,0,ᛚᚢᛗᛈᛖᚳᛏᚩᛗᚣ,510
stalemated,136540,0,ᛋᛏᚪᛚᛖᛗᚪᛏᛖᛞ,732
divinations,136475,0,ᛞᛁᚢᛁᚾᚪᛏᛡᚾᛋ,528
undesigned,136456,0,ᚢᚾᛞᛖᛋᛁᚷᚾᛖᛞ,474
incisively,136437,0,ᛁᚾᚳᛁᛋᛁᚢᛖᛚᚣ,434
semiweekly,136335,0,ᛋᛖᛗᛁᚹᛖᛖᚳᛚᚣ,564
rotisserie,136305,0,ᚱᚩᛏᛁᛋᛋᛖᚱᛁᛖ,390
nimbleness,136286,0,ᚾᛁᛗᛒᛚᛖᚾᛖᛋᛋ,534
manageress,136249,0,ᛗᚪᚾᚪᚷᛖᚱᛖᛋᛋ,562
newsdealers,136177,0,ᚾᛖᚹᛋᛞᛠᛚᛖᚱᛋ,570
dyskinesias,136138,0,ᛞᚣᛋᚳᛁᚾᛖᛋᛡᛋ,598
thiobacillus,136054,0,ᚦᛡᛒᚪᚳᛁᛚᛚᚢᛋ,516
glossolalia,135922,0,ᚷᛚᚩᛋᛋᚩᛚᚪᛚᛡ,560
economiser,135910,0,ᛖᚳᚩᚾᚩᛗᛁᛋᛖᚱ,356
transmutes,135845,0,ᛏᚱᚪᚾᛋᛗᚢᛏᛖᛋ,502
epideictic,135677,0,ᛖᛈᛁᛞᛖᛁᚳᛏᛁᚳ,444
reallotment,135450,0,ᚱᛠᛚᛚᚩᛏᛗᛖᚾᛏ,558
metaphases,135376,0,ᛗᛖᛏᚪᛈᚻᚪᛋᛖᛋ,630
chartulary,135298,0,ᚳᚻᚪᚱᛏᚢᛚᚪᚱᚣ,490
dialectician,135259,0,ᛞᛡᛚᛖᚳᛏᛁᚳᛡᚾ,588
burthensome,135247,0,ᛒᚢᚱᚦᛖᚾᛋᚩᛗᛖ,374
monotremes,135147,0,ᛗᚩᚾᚩᛏᚱᛖᛗᛖᛋ,442
supermodel,135139,0,ᛋᚢᛈᛖᚱᛗᚩᛞᛖᛚ,484
succulence,135069,0,ᛋᚢᚳᚳᚢᛚᛖᚾᚳᛖ,334
hypophysial,135060,0,ᚻᚣᛈᚩᛈᚻᚣᛋᛡᛚ,578
blindsided,134999,0,ᛒᛚᛁᚾᛞᛋᛁᛞᛖᛞ,612
cannoneers,134993,0,ᚳᚪᚾᚾᚩᚾᛖᛖᚱᛋ,402
figureheads,134942,0,ᚠᛁᚷᚢᚱᛖᚻᛠᛞᛋ,405
cinnamomum,134843,0,ᚳᛁᚾᚾᚪᛗᚩᛗᚢᛗ,422
buttonwood,134588,0,ᛒᚢᛏᛏᚩᚾᚹᚩᚩᛞ,340
quadruplex,134245,0,ᚳᚹᚪᛞᚱᚢᛈᛚᛖᛉ,462
factuality,134176,0,ᚠᚪᚳᛏᚢᚪᛚᛁᛏᚣ,537
macrobiotic,134138,0,ᛗᚪᚳᚱᚩᛒᛡᛏᛁᚳ,470
boastfully,134127,0,ᛒᚩᚪᛋᛏᚠᚢᛚᛚᚣ,531
fascicular,133925,0,ᚠᚪᛋᚳᛁᚳᚢᛚᚪᚱ,393
locomotory,133911,0,ᛚᚩᚳᚩᛗᚩᛏᚩᚱᚣ,358
timestamps,133803,0,ᛏᛁᛗᛖᛋᛏᚪᛗᛈᛋ,604
schoolbook,133690,0,ᛋᚳᚻᚩᚩᛚᛒᚩᚩᚳ,264
tractarians,133656,0,ᛏᚱᚪᚳᛏᚪᚱᛡᚾᛋ,536
pigeonholes,133653,0,ᛈᛁᚷᛇᚾᚻᚩᛚᛖᛋ,384
zimbabweans,133642,0,ᛋᛁᛗᛒᚪᛒᚹᛠᚾᛋ,584
whetstones,133482,0,ᚹᚻᛖᛏᛋᛏᚩᚾᛖᛋ,436
orienteering,133391,0,ᚩᚱᛁᛖᚾᛏᛖᛖᚱᛝ,428
tyrannized,133378,0,ᛏᚣᚱᚪᚾᚾᛁᛋᛖᛞ,568
koenigsberg,133309,0,ᚳᛟᚾᛁᚷᛋᛒᛖᚱᚷ,382
specialisms,133159,0,ᛋᛈᛖᚳᛡᛚᛁᛋᛗᛋ,564
gratulation,133131,0,ᚷᚱᚪᛏᚢᛚᚪᛏᛡᚾ,552
shantytown,133061,0,ᛋᚻᚪᚾᛏᚣᛏᚩᚹᚾ,478
cephalalgia,133014,0,ᚳᛖᛈᚻᚪᛚᚪᛚᚷᛡ,610
dishonouring,132959,0,ᛞᛁᛋᚻᚩᚾᚩᚢᚱᛝ,332
cosmogenic,132801,0,ᚳᚩᛋᛗᚩᚷᛖᚾᛁᚳ,308
delimiters,132733,0,ᛞᛖᛚᛁᛗᛁᛏᛖᚱᛋ,552
ironmaster,132689,0,ᛁᚱᚩᚾᛗᚪᛋᛏᛖᚱ,436
canvasback,132366,0,ᚳᚪᚾᚢᚪᛋᛒᚪᚳᚳ,476
crosspiece,132301,0,ᚳᚱᚩᛋᛋᛈᛁᛖᚳᛖ,358
bushrangers,132222,0,ᛒᚢᛋᚻᚱᚪᛝᛖᚱᛋ,458
matchstick,132216,0,ᛗᚪᛏᚳᚻᛋᛏᛁᚳᚳ,432
bolometric,132129,0,ᛒᚩᛚᚩᛗᛖᛏᚱᛁᚳ,400
irritatingly,132082,0,ᛁᚱᚱᛁᛏᚪᛏᛝᛚᚣ,554
directoire,132055,0,ᛞᛁᚱᛖᚳᛏᚩᛁᚱᛖ,386
digressive,132024,0,ᛞᛁᚷᚱᛖᛋᛋᛁᚢᛖ,422
chartaceous,131987,0,ᚳᚻᚪᚱᛏᚪᚳᛇᚢᛋ,410
parimutuel,131927,0,ᛈᚪᚱᛁᛗᚢᛏᚢᛖᛚ,458
beachcomber,131816,0,ᛒᛠᚳᚻᚳᚩᛗᛒᛖᚱ,436
expectedly,131815,0,ᛖᛉᛈᛖᚳᛏᛖᛞᛚᚣ,628
manicurist,131730,0,ᛗᚪᚾᛁᚳᚢᚱᛁᛋᛏ,398
millilitre,131653,0,ᛗᛁᛚᛚᛁᛚᛁᛏᚱᛖ,520
cellphones,131607,0,ᚳᛖᛚᛚᛈᚻᚩᚾᛖᛋ,448
megatherium,131538,0,ᛗᛖᚷᚪᚦᛖᚱᛁᚢᛗ,440
semidesert,131497,0,ᛋᛖᛗᛁᛞᛖᛋᛖᚱᛏ,568
taxonomist,131484,0,ᛏᚪᛉᚩᚾᚩᛗᛁᛋᛏ,460
illusionist,131454,0,ᛁᛚᛚᚢᛋᛡᚾᛁᛋᛏ,512
pianofortes,131452,0,ᛈᛡᚾᚩᚠᚩᚱᛏᛖᛋ,385
polyploids,131268,0,ᛈᚩᛚᚣᛈᛚᚩᛁᛞᛋ,522
articulata,131222,0,ᚪᚱᛏᛁᚳᚢᛚᚪᛏᚪ,540
photolytic,131136,0,ᛈᚻᚩᛏᚩᛚᚣᛏᛁᚳ,418
resonantly,131127,0,ᚱᛖᛋᚩᚾᚪᚾᛏᛚᚣ,528
bloodsucking,131074,0,ᛒᛚᚩᚩᛞᛋᚢᚳᚳᛝ,398
joyfulness,130886,0,ᛂᚩᚣᚠᚢᛚᚾᛖᛋᛋ,427
sporobolus,130843,0,ᛋᛈᚩᚱᚩᛒᚩᛚᚢᛋ,318
commodores,130842,0,ᚳᚩᛗᛗᚩᛞᚩᚱᛖᛋ,396
megaspores,130767,0,ᛗᛖᚷᚪᛋᛈᚩᚱᛖᛋ,486
unforgiven,130627,0,ᚢᚾᚠᚩᚱᚷᛁᚢᛖᚾ,199
guiltiness,130622,0,ᚷᚢᛁᛚᛏᛁᚾᛖᛋᛋ,416
subnitrate,130571,0,ᛋᚢᛒᚾᛁᛏᚱᚪᛏᛖ,470
liquidates,130559,0,ᛚᛁᚳᚹᛁᛞᚪᛏᛖᛋ,532
tarantulas,130466,0,ᛏᚪᚱᚪᚾᛏᚢᛚᚪᛋ,578
nummulites,130406,0,ᚾᚢᛗᛗᚢᛚᛁᛏᛖᛋ,460
besmirched,130379,0,ᛒᛖᛋᛗᛁᚱᚳᚻᛖᛞ,486
ravishment,130345,0,ᚱᚪᚢᛁᛋᚻᛗᛖᚾᛏ,444
halophytes,130219,0,ᚻᚪᛚᚩᛈᚻᚣᛏᛖᛋ,548
quandaries,130000,0,ᚳᚹᚪᚾᛞᚪᚱᛁᛖᛋ,506
shadowless,129773,0,ᛋᚻᚪᛞᚩᚹᛚᛖᛋᛋ,534
hypodermal,129770,0,ᚻᚣᛈᚩᛞᛖᚱᛗᚪᛚ,584
mergansers,129722,0,ᛗᛖᚱᚷᚪᚾᛋᛖᚱᛋ,476
fossilised,129720,0,ᚠᚩᛋᛋᛁᛚᛁᛋᛖᛞ,459
pacesetter,129716,0,ᛈᚪᚳᛖᛋᛖᛏᛏᛖᚱ,536
honeycombs,129710,0,ᚻᚩᚾᛖᚣᚳᚩᛗᛒᛋ,434
infelicity,129658,0,ᛁᚾᚠᛖᛚᛁᚳᛁᛏᚣ,439
minesweeping,129655,0,ᛗᛁᚾᛖᛋᚹᛖᛖᛈᛝ,526
buccinator,129619,0,ᛒᚢᚳᚳᛁᚾᚪᛏᚩᚱ,324
candlewick,129581,0,ᚳᚪᚾᛞᛚᛖᚹᛁᚳᚳ,444
perforates,129450,0,ᛈᛖᚱᚠᚩᚱᚪᛏᛖᛋ,417
copulations,129450,0,ᚳᚩᛈᚢᛚᚪᛏᛡᚾᛋ,484
overplayed,129404,0,ᚩᚢᛖᚱᛈᛚᚪᚣᛖᛞ,560
epigenesis,129340,0,ᛖᛈᛁᚷᛖᚾᛖᛋᛁᛋ,458
mouthwatering,129330,0,ᛗᚩᚢᚦᚹᚪᛏᛖᚱᛝ,418
coastlands,129152,0,ᚳᚩᚪᛋᛏᛚᚪᚾᛞᛋ,570
procrustes,129134,0,ᛈᚱᚩᚳᚱᚢᛋᛏᛖᛋ,320
exclusives,128946,0,ᛖᛉᚳᛚᚢᛋᛁᚢᛖᛋ,410
exonerates,128905,0,ᛖᛉᚩᚾᛖᚱᚪᛏᛖᛋ,504
polytheists,128902,0,ᛈᚩᛚᚣᚦᛖᛁᛋᛏᛋ,494
guestrooms,128790,0,ᚷᚢᛖᛋᛏᚱᚩᚩᛗᛋ,348
faisalabad,128736,0,ᚠᚪᛁᛋᚪᛚᚪᛒᚪᛞ,697
formulator,128709,0,ᚠᚩᚱᛗᚢᛚᚪᛏᚩᚱ,341
obfuscated,128535,0,ᚩᛒᚠᚢᛋᚳᚪᛏᛖᛞ,451
eyedropper,128443,0,ᛖᚣᛖᛞᚱᚩᛈᛈᛖᚱ,508
ebullitions,128440,0,ᛖᛒᚢᛚᛚᛁᛏᛡᚾᛋ,556
cryptogram,128419,1,ᚳᚱᚣᛈᛏᚩᚷᚱᚪᛗ,432
falsifiable,128413,0,ᚠᚪᛚᛋᛁᚠᛡᛒᛚᛖ,566
steamroller,128411,0,ᛋᛏᛠᛗᚱᚩᛚᛚᛖᚱ,534
hypersomnia,128285,0,ᚻᚣᛈᛖᚱᛋᚩᛗᚾᛡ,514
caractacus,128221,0,ᚳᚪᚱᚪᚳᛏᚪᚳᚢᛋ,456
lampshades,128158,0,ᛚᚪᛗᛈᛋᚻᚪᛞᛖᛋ,666
bemusement,128101,0,ᛒᛖᛗᚢᛋᛖᛗᛖᚾᛏ,548
sensitizes,127908,0,ᛋᛖᚾᛋᛁᛏᛁᛋᛖᛋ,496
backstroke,127902,0,ᛒᚪᚳᚳᛋᛏᚱᚩᚳᛖ,394
excoriations,127692,0,ᛖᛉᚳᚩᚱᛡᛏᛡᚾᛋ,500
playfellow,127657,0,ᛈᛚᚪᚣᚠᛖᛚᛚᚩᚹ,557
fraternizing,127595,0,ᚠᚱᚪᛏᛖᚱᚾᛁᛋᛝ,439
carcinoids,127587,0,ᚳᚪᚱᚳᛁᚾᚩᛁᛞᛋ,374
proconsuls,127569,0,ᛈᚱᚩᚳᚩᚾᛋᚢᛚᛋ,292
unanalyzed,127449,0,ᚢᚾᚪᚾᚪᛚᚣᛋᛖᛞ,640
unappetizing,127403,0,ᚢᚾᚪᛈᛈᛖᛏᛁᛋᛝ,504
andamanese,127184,0,ᚪᚾᛞᚪᛗᚪᚾᛖᛋᛖ,696
mimeographing,127073,0,ᛗᛁᛗᛇᚷᚱᚪᛈᚻᛝ,484
pourtrayed,127059,0,ᛈᚩᚢᚱᛏᚱᚪᚣᛖᛞ,490
baseboards,126947,0,ᛒᚪᛋᛖᛒᚩᚪᚱᛞᛋ,596
unhardened,126880,0,ᚢᚾᚻᚪᚱᛞᛖᚾᛖᛞ,504
lacklustre,126864,0,ᛚᚪᚳᚳᛚᚢᛋᛏᚱᛖ,462
emollients,126833,0,ᛖᛗᚩᛚᛚᛁᛖᚾᛏᛋ,530
petromyzon,126798,0,ᛈᛖᛏᚱᚩᛗᚣᛋᚩᚾ,450
beseechingly,126759,0,ᛒᛖᛋᛖᛖᚳᚻᛝᛚᚣ,606
scrollwork,126758,0,ᛋᚳᚱᚩᛚᛚᚹᚩᚱᚳ,280
indumentum,126741,0,ᛁᚾᛞᚢᛗᛖᚾᛏᚢᛗ,452
sensualism,126614,0,ᛋᛖᚾᛋᚢᚪᛚᛁᛋᛗ,530
rudderless,126552,0,ᚱᚢᛞᛞᛖᚱᛚᛖᛋᛋ,516
reminisces,126516,0,ᚱᛖᛗᛁᚾᛁᛋᚳᛖᛋ,426
salability,126390,0,ᛋᚪᛚᚪᛒᛁᛚᛁᛏᚣ,678
disfigures,126390,0,ᛞᛁᛋᚠᛁᚷᚢᚱᛖᛋ,357
ultimatums,126217,0,ᚢᛚᛏᛁᛗᚪᛏᚢᛗᛋ,520
oxidization,126172,0,ᚩᛉᛁᛞᛁᛋᚪᛏᛡᚾ,550
endoscopes,126103,0,ᛖᚾᛞᚩᛋᚳᚩᛈᛖᛋ,428
naturopathy,126078,0,ᚾᚪᛏᚢᚱᚩᛈᚪᚦᚣ,454
overfilled,125965,0,ᚩᚢᛖᚱᚠᛁᛚᛚᛖᛞ,423
catamarans,125856,0,ᚳᚪᛏᚪᛗᚪᚱᚪᚾᛋ,624
catechumen,125803,0,ᚳᚪᛏᛖᚳᚻᚢᛗᛖᚾ,442
curability,125682,0,ᚳᚢᚱᚪᛒᛁᛚᛁᛏᚣ,482
teetotaler,125566,0,ᛏᛖᛖᛏᚩᛏᚪᛚᛖᚱ,566
continuant,125554,0,ᚳᚩᚾᛏᛁᚾᚢᚪᚾᛏ,356
subcompact,125523,0,ᛋᚢᛒᚳᚩᛗᛈᚪᚳᛏ,420
secularizing,125500,0,ᛋᛖᚳᚢᛚᚪᚱᛁᛋᛝ,480
subtrahend,125495,0,ᛋᚢᛒᛏᚱᚪᚻᛖᚾᛞ,492
cerebration,125437,0,ᚳᛖᚱᛖᛒᚱᚪᛏᛡᚾ,522
speechmaking,125388,0,ᛋᛈᛖᛖᚳᚻᛗᚪᚳᛝ,526
atrociously,125360,0,ᚪᛏᚱᚩᚳᛡᚢᛋᛚᚣ,526
satisfyingly,125282,0,ᛋᚪᛏᛁᛋᚠᚣᛝᛚᚣ,653
utricularia,125250,0,ᚢᛏᚱᛁᚳᚢᛚᚪᚱᛡ,408
impotently,125240,0,ᛁᛗᛈᚩᛏᛖᚾᛏᛚᚣ,542
seductress,125214,0,ᛋᛖᛞᚢᚳᛏᚱᛖᛋᛋ,468
whereunder,125171,0,ᚹᚻᛖᚱᛖᚢᚾᛞᛖᚱ,386
polygamist,124998,0,ᛈᚩᛚᚣᚷᚪᛗᛁᛋᛏ,554
underfeeding,124994,0,ᚢᚾᛞᛖᚱᚠᛖᛖᛞᛝ,503
tetrameter,124932,0,ᛏᛖᛏᚱᚪᛗᛖᛏᛖᚱ,568
neuromotor,124921,0,ᚾᛖᚢᚱᚩᛗᚩᛏᚩᚱ,272
syndactyly,124893,0,ᛋᚣᚾᛞᚪᚳᛏᚣᛚᚣ,722
ancestries,124887,0,ᚪᚾᚳᛖᛋᛏᚱᛁᛖᛋ,480
doubletree,124859,0,ᛞᚩᚢᛒᛚᛖᛏᚱᛖᛖ,504
mortuaries,124784,0,ᛗᚩᚱᛏᚢᚪᚱᛁᛖᛋ,410
silkscreen,124727,0,ᛋᛁᛚᚳᛋᚳᚱᛖᛖᚾ,410
barbarisms,124639,0,ᛒᚪᚱᛒᚪᚱᛁᛋᛗᛋ,546
palindrome,124621,0,ᛈᚪᛚᛁᚾᛞᚱᚩᛗᛖ,518
tomfoolery,124553,0,ᛏᚩᛗᚠᚩᚩᛚᛖᚱᚣ,407
literalist,124280,0,ᛚᛁᛏᛖᚱᚪᛚᛁᛋᛏ,554
staggeringly,124229,0,ᛋᛏᚪᚷᚷᛖᚱᛝᛚᚣ,576
skirmished,124213,0,ᛋᚳᛁᚱᛗᛁᛋᚻᛖᛞ,442
humpbacked,124190,0,ᚻᚢᛗᛈᛒᚪᚳᚳᛖᛞ,480
specialness,124179,0,ᛋᛈᛖᚳᛡᛚᚾᛖᛋᛋ,558
distichous,124122,0,ᛞᛁᛋᛏᛁᚳᚻᚩᚢᛋ,362
extroverts,123955,0,ᛖᛉᛏᚱᚩᚢᛖᚱᛏᛋ,384
biliousness,123939,0,ᛒᛁᛚᛡᚢᛋᚾᛖᛋᛋ,530
catafalque,123798,0,ᚳᚪᛏᚪᚠᚪᛚᚳᚹᛖ,537
featherbedding,123762,0,ᚠᛠᚦᛖᚱᛒᛖᛞᛞᛝ,579
euphrosyne,123745,0,ᛖᚢᛈᚻᚱᚩᛋᚣᚾᛖ,406
interweaves,123718,0,ᛁᚾᛏᛖᚱᚹᛠᚢᛖᛋ,448
tympanites,123688,0,ᛏᚣᛗᛈᚪᚾᛁᛏᛖᛋ,612
monetarily,123427,0,ᛗᚩᚾᛖᛏᚪᚱᛁᛚᚣ,548
uninucleate,123422,0,ᚢᚾᛁᚾᚢᚳᛚᛠᛏᛖ,416
annulments,123386,0,ᚪᚾᚾᚢᛚᛗᛖᚾᛏᛋ,510
prostituting,123302,0,ᛈᚱᚩᛋᛏᛁᛏᚢᛏᛝ,404
nouakchott,123198,0,ᚾᚩᚢᚪᚳᚳᚻᚩᛏᛏ,310
divaricate,123188,0,ᛞᛁᚢᚪᚱᛁᚳᚪᛏᛖ,498
rockabilly,123029,0,ᚱᚩᚳᚳᚪᛒᛁᛚᛚᚣ,482
balderdash,122912,0,ᛒᚪᛚᛞᛖᚱᛞᚪᛋᚻ,660
uncemented,122736,0,ᚢᚾᚳᛖᛗᛖᚾᛏᛖᛞ,494
tarantella,122732,0,ᛏᚪᚱᚪᚾᛏᛖᛚᛚᚪ,662
fomentation,122692,0,ᚠᚩᛗᛖᚾᛏᚪᛏᛡᚾ,527
pettifogging,122633,0,ᛈᛖᛏᛏᛁᚠᚩᚷᚷᛝ,381
emasculating,122541,0,ᛖᛗᚪᛋᚳᚢᛚᚪᛏᛝ,612
bamboozled,122512,0,ᛒᚪᛗᛒᚩᚩᛋᛚᛖᛞ,586
organicism,122509,0,ᚩᚱᚷᚪᚾᛁᚳᛁᛋᛗ,360
semifinals,122500,0,ᛋᛖᛗᛁᚠᛁᚾᚪᛚᛋ,507
rededicate,122356,0,ᚱᛖᛞᛖᛞᛁᚳᚪᛏᛖ,590
occultists,122338,0,ᚩᚳᚳᚢᛚᛏᛁᛋᛏᛋ,364
clubhouses,122316,0,ᚳᛚᚢᛒᚻᚩᚢᛋᛖᛋ,356
pigeonholed,122288,0,ᛈᛁᚷᛇᚾᚻᚩᛚᛖᛞ,420
abstracter,122245,0,ᚪᛒᛋᛏᚱᚪᚳᛏᛖᚱ,528
abortionist,122156,0,ᚪᛒᚩᚱᛏᛡᚾᛁᛋᛏ,514
anesthetize,122015,0,ᚪᚾᛖᛋᚦᛖᛏᛁᛋᛖ,528
muskmelons,121880,0,ᛗᚢᛋᚳᛗᛖᛚᚩᚾᛋ,440
smallholding,121840,0,ᛋᛗᚪᛚᛚᚻᚩᛚᛞᛝ,638
unscramble,121773,0,ᚢᚾᛋᚳᚱᚪᛗᛒᛚᛖ,478
flaccidity,121689,0,ᚠᛚᚪᚳᚳᛁᛞᛁᛏᚣ,511
holocausts,121649,0,ᚻᚩᛚᚩᚳᚪᚢᛋᛏᛋ,388
blueprinting,121531,0,ᛒᛚᚢᛖᛈᚱᛁᚾᛏᛝ,456
heliosphere,121497,0,ᚻᛖᛚᛡᛋᛈᚻᛖᚱᛖ,534
wisecracks,121492,0,ᚹᛁᛋᛖᚳᚱᚪᚳᚳᛋ,370
flowerpots,121386,0,ᚠᛚᚩᚹᛖᚱᛈᚩᛏᛋ,341
hebdomadal,121377,0,ᚻᛖᛒᛞᚩᛗᚪᛞᚪᛚ,674
bismarckian,121365,0,ᛒᛁᛋᛗᚪᚱᚳᚳᛡᚾ,486
capitulating,121215,0,ᚳᚪᛈᛁᛏᚢᛚᚪᛏᛝ,554
untreatable,121174,0,ᚢᚾᛏᚱᛠᛏᚪᛒᛚᛖ,568
disparages,121112,0,ᛞᛁᛋᛈᚪᚱᚪᚷᛖᛋ,558
flashbulbs,121014,0,ᚠᛚᚪᛋᚻᛒᚢᛚᛒᛋ,499
debutantes,120937,0,ᛞᛖᛒᚢᛏᚪᚾᛏᛖᛋ,584
redissolve,120934,0,ᚱᛖᛞᛁᛋᛋᚩᛚᚢᛖ,454
watchfully,120909,0,ᚹᚪᛏᚳᚻᚠᚢᛚᛚᚣ,465
philippics,120560,0,ᛈᚻᛁᛚᛁᛈᛈᛁᚳᛋ,384
hydroplane,120489,0,ᚻᚣᛞᚱᚩᛈᛚᚪᚾᛖ,542
affricates,120487,0,ᚪᚠᚠᚱᛁᚳᚪᛏᛖᛋ,432
unclenched,120472,0,ᚢᚾᚳᛚᛖᚾᚳᚻᛖᛞ,406
needlelike,120469,0,ᚾᛖᛖᛞᛚᛖᛚᛁᚳᛖ,576
metacarpus,120460,0,ᛗᛖᛏᚪᚳᚪᚱᛈᚢᛋ,514
supposable,120240,0,ᛋᚢᛈᛈᚩᛋᚪᛒᛚᛖ,500
quadratics,120123,0,ᚳᚹᚪᛞᚱᚪᛏᛁᚳᛋ,482
ethologists,120122,0,ᛖᚦᚩᛚᚩᚷᛁᛋᛏᛋ,372
tennesseans,120108,0,ᛏᛖᚾᚾᛖᛋᛋᛠᚾᛋ,548
sidetracks,120091,0,ᛋᛁᛞᛖᛏᚱᚪᚳᚳᛋ,486
lustreless,119962,0,ᛚᚢᛋᛏᚱᛖᛚᛖᛋᛋ,512
autografts,119957,0,ᚪᚢᛏᚩᚷᚱᚪᚠᛏᛋ,405
polemicist,119946,0,ᛈᚩᛚᛖᛗᛁᚳᛁᛋᛏ,448
gooseflesh,119875,0,ᚷᚩᚩᛋᛖᚠᛚᛖᛋᚻ,369
okefenokee,119860,0,ᚩᚳᛖᚠᛖᚾᚩᚳᛖᛖ,339
periscopes,119830,0,ᛈᛖᚱᛁᛋᚳᚩᛈᛖᛋ,388
spiritedly,119809,0,ᛋᛈᛁᚱᛁᛏᛖᛞᛚᚣ,560
colorations,119720,0,ᚳᚩᛚᚩᚱᚪᛏᛡᚾᛋ,456
gloominess,119698,0,ᚷᛚᚩᚩᛗᛁᚾᛖᛋᛋ,408
unwaveringly,119672,0,ᚢᚾᚹᚪᚢᛖᚱᛝᛚᚣ,484
overprinting,119572,0,ᚩᚢᛖᚱᛈᚱᛁᚾᛏᛝ,340
parasitemia,119496,0,ᛈᚪᚱᚪᛋᛁᛏᛖᛗᛡ,636
treacheries,119465,0,ᛏᚱᛠᚳᚻᛖᚱᛁᛖᛋ,444
animalcule,119457,0,ᚪᚾᛁᛗᚪᛚᚳᚢᛚᛖ,554
depravation,119432,0,ᛞᛖᛈᚱᚪᚢᚪᛏᛡᚾ,602
hermitages,119430,0,ᚻᛖᚱᛗᛁᛏᚪᚷᛖᛋ,496
hierophant,119376,0,ᚻᛁᛖᚱᚩᛈᚻᚪᚾᛏ,390
unattained,119303,0,ᚢᚾᚪᛏᛏᚪᛁᚾᛖᛞ,560
inaptitude,119274,0,ᛁᚾᚪᛈᛏᛁᛏᚢᛞᛖ,508
bloodstain,119082,0,ᛒᛚᚩᚩᛞᛋᛏᚪᛁᚾ,506
lachrymose,119009,0,ᛚᚪᚳᚻᚱᚣᛗᚩᛋᛖ,518
fractionate,118961,0,ᚠᚱᚪᚳᛏᛡᚾᚪᛏᛖ,541
menageries,118950,0,ᛗᛖᚾᚪᚷᛖᚱᛁᛖᛋ,510
centroidal,118921,0,ᚳᛖᚾᛏᚱᚩᛁᛞᚪᛚ,476
sanctities,118873,0,ᛋᚪᚾᚳᛏᛁᛏᛁᛖᛋ,492
thistledown,118863,0,ᚦᛁᛋᛏᛚᛖᛞᚩᚹᚾ,432
carnallite,118852,0,ᚳᚪᚱᚾᚪᛚᛚᛁᛏᛖ,550
helicoidal,118723,0,ᚻᛖᛚᛁᚳᚩᛁᛞᚪᛚ,504
tensiometer,118689,0,ᛏᛖᚾᛋᛡᛗᛖᛏᛖᚱ,590
repopulate,118582,0,ᚱᛖᛈᚩᛈᚢᛚᚪᛏᛖ,470
lymphangioma,118487,0,ᛚᚣᛗᛈᚻᚪᛝᛡᛗᚪ,764
unratified,118385,0,ᚢᚾᚱᚪᛏᛁᚠᛁᛖᛞ,419
uninclosed,118310,0,ᚢᚾᛁᚾᚳᛚᚩᛋᛖᛞ,394
scandalize,118310,0,ᛋᚳᚪᚾᛞᚪᛚᛁᛋᛖ,602
truculence,118241,0,ᛏᚱᚢᚳᚢᛚᛖᚾᚳᛖ,338
jobholders,118211,0,ᛂᚩᛒᚻᚩᛚᛞᛖᚱᛋ,428
hypothenuse,118179,0,ᚻᚣᛈᚩᚦᛖᚾᚢᛋᛖ,400
postulants,118172,0,ᛈᚩᛋᛏᚢᛚᚪᚾᛏᛋ,476
remarriages,118170,0,ᚱᛖᛗᚪᚱᚱᛡᚷᛖᛋ,512
vermicular,118140,0,ᚢᛖᚱᛗᛁᚳᚢᛚᚪᚱ,380
divergency,118063,0,ᛞᛁᚢᛖᚱᚷᛖᚾᚳᚣ,430
hiddenness,118033,0,ᚻᛁᛞᛞᛖᚾᚾᛖᛋᛋ,530
kleptomania,117914,0,ᚳᛚᛖᛈᛏᚩᛗᚪᚾᛡ,566
albigensian,117887,0,ᚪᛚᛒᛁᚷᛖᚾᛋᛡᚾ,564
encephalon,117738,0,ᛖᚾᚳᛖᛈᚻᚪᛚᚩᚾ,448
monoplanes,117696,0,ᛗᚩᚾᚩᛈᛚᚪᚾᛖᛋ,476
felicitate,117685,0,ᚠᛖᛚᛁᚳᛁᛏᚪᛏᛖ,499
bucephalus,117675,0,ᛒᚢᚳᛖᛈᚻᚪᛚᚢᛋ,436
resurveyed,117662,0,ᚱᛖᛋᚢᚱᚢᛖᚣᛖᛞ,474
chlorophyl,117635,0,ᚳᚻᛚᚩᚱᚩᛈᚻᚣᛚ,376
bridgeheads,117578,0,ᛒᚱᛁᛞᚷᛖᚻᛠᛞᛋ,550
obtainment,117571,0,ᚩᛒᛏᚪᛁᚾᛗᛖᚾᛏ,510
sectionally,117554,0,ᛋᛖᚳᛏᛡᚾᚪᛚᛚᚣ,674
fainthearted,117421,0,ᚠᚪᛁᚾᚦᛠᚱᛏᛖᛞ,499
fettuccine,117383,0,ᚠᛖᛏᛏᚢᚳᚳᛁᚾᛖ,343
stagehands,117327,0,ᛋᛏᚪᚷᛖᚻᚪᚾᛞᛋ,584
checkmated,117271,0,ᚳᚻᛖᚳᚳᛗᚪᛏᛖᛞ,512
straightly,117266,0,ᛋᛏᚱᚪᛁᚷᚻᛏᛚᚣ,526
anxiousness,117190,0,ᚪᚾᛉᛡᚢᛋᚾᛖᛋᛋ,538
carbolized,117131,0,ᚳᚪᚱᛒᚩᛚᛁᛋᛖᛞ,502
moneymaker,117080,0,ᛗᚩᚾᛖᚣᛗᚪᚳᛖᚱ,536
surfboards,117072,0,ᛋᚢᚱᚠᛒᚩᚪᚱᛞᛋ,387
tesselated,117011,0,ᛏᛖᛋᛋᛖᛚᚪᛏᛖᛞ,684
muckrakers,117001,0,ᛗᚢᚳᚳᚱᚪᚳᛖᚱᛋ,352
atypically,116979,0,ᚪᛏᚣᛈᛁᚳᚪᛚᛚᚣ,692
phytolacca,116925,0,ᛈᚻᚣᛏᚩᛚᚪᚳᚳᚪ,528
centralise,116885,0,ᚳᛖᚾᛏᚱᚪᛚᛁᛋᛖ,500
freudianism,116838,0,ᚠᚱᛖᚢᛞᛡᚾᛁᛋᛗ,463
panegyrist,116790,0,ᛈᚪᚾᛖᚷᚣᚱᛁᛋᛏ,510
shorthanded,116778,0,ᛋᚻᚩᚱᚦᚪᚾᛞᛖᛞ,470
unsectarian,116768,0,ᚢᚾᛋᛖᚳᛏᚪᚱᛡᚾ,468
housemates,116671,0,ᚻᚩᚢᛋᛖᛗᚪᛏᛖᛋ,500
unexpanded,116627,0,ᚢᚾᛖᛉᛈᚪᚾᛞᛖᛞ,560
mitigative,116560,0,ᛗᛁᛏᛁᚷᚪᛏᛁᚢᛖ,466
melodiously,116527,0,ᛗᛖᛚᚩᛞᛡᚢᛋᛚᚣ,646
barnstorming,116501,0,ᛒᚪᚱᚾᛋᛏᚩᚱᛗᛝ,478
terrorised,116451,0,ᛏᛖᚱᚱᚩᚱᛁᛋᛖᛞ,406
luminously,116317,0,ᛚᚢᛗᛁᚾᚩᚢᛋᛚᚣ,446
quadrivium,116308,0,ᚳᚹᚪᛞᚱᛁᚢᛁᚢᛗ,368
rabelaisian,116297,0,ᚱᚪᛒᛖᛚᚪᛁᛋᛡᚾ,626
endospores,116264,0,ᛖᚾᛞᚩᛋᛈᚩᚱᛖᛋ,426
amercement,116239,0,ᚪᛗᛖᚱᚳᛖᛗᛖᚾᛏ,552
microfarad,116163,0,ᛗᛁᚳᚱᚩᚠᚪᚱᚪᛞ,429
starfishes,116138,0,ᛋᛏᚪᚱᚠᛁᛋᚻᛖᛋ,449
monoclinal,116115,0,ᛗᚩᚾᚩᚳᛚᛁᚾᚪᛚ,430
marmalades,116031,0,ᛗᚪᚱᛗᚪᛚᚪᛞᛖᛋ,726
backstairs,116011,0,ᛒᚪᚳᚳᛋᛏᚪᛁᚱᛋ,488
wristbands,115908,0,ᚹᚱᛁᛋᛏᛒᚪᚾᛞᛋ,502
feuilleton,115788,0,ᚠᛖᚢᛁᛚᛚᛖᛏᚩᚾ,411
botryoidal,115673,0,ᛒᚩᛏᚱᚣᚩᛁᛞᚪᛚ,538
amblystoma,115643,0,ᚪᛗᛒᛚᚣᛋᛏᚩᛗᚪ,692
rottweiler,115543,0,ᚱᚩᛏᛏᚹᛖᛁᛚᛖᚱ,404
synergists,115510,0,ᛋᚣᚾᛖᚱᚷᛁᛋᛏᛋ,476
turnbuckle,115461,0,ᛏᚢᚱᚾᛒᚢᚳᚳᛚᛖ,332
equivocate,115406,0,ᛖᚳᚹᛁᚢᚩᚳᚪᛏᛖ,376
demandable,115399,0,ᛞᛖᛗᚪᚾᛞᚪᛒᛚᛖ,740
landmasses,115366,0,ᛚᚪᚾᛞᛗᚪᛋᛋᛖᛋ,682
tuscaroras,115338,0,ᛏᚢᛋᚳᚪᚱᚩᚱᚪᛋ,404
bejewelled,115322,0,ᛒᛖᛂᛖᚹᛖᛚᛚᛖᛞ,620
inclinable,115188,0,ᛁᚾᚳᛚᛁᚾᚪᛒᛚᛖ,504
dissociable,115187,0,ᛞᛁᛋᛋᚩᚳᛡᛒᛚᛖ,554
housemother,115140,0,ᚻᚩᚢᛋᛖᛗᚩᚦᛖᚱ,314
graininess,115140,0,ᚷᚱᚪᛁᚾᛁᚾᛖᛋᛋ,418
umbilicate,115133,0,ᚢᛗᛒᛁᛚᛁᚳᚪᛏᛖ,506
unresisted,115012,0,ᚢᚾᚱᛖᛋᛁᛋᛏᛖᛞ,462
firebricks,115009,0,ᚠᛁᚱᛖᛒᚱᛁᚳᚳᛋ,293
naphthaline,114990,0,ᚾᚪᛈᚻᚦᚪᛚᛁᚾᛖ,494
hibernates,114973,0,ᚻᛁᛒᛖᚱᚾᚪᛏᛖᛋ,498
planchette,114970,0,ᛈᛚᚪᚾᚳᚻᛖᛏᛏᛖ,530
wainscoted,114898,0,ᚹᚪᛁᚾᛋᚳᚩᛏᛖᛞ,464
unhandsome,114884,0,ᚢᚾᚻᚪᚾᛞᛋᚩᛗᛖ,468
matchlocks,114877,0,ᛗᚪᛏᚳᚻᛚᚩᚳᚳᛋ,422
dumfounded,114793,0,ᛞᚢᛗᚠᚩᚢᚾᛞᛖᛞ,449
unglamorous,114700,0,ᚢᛝᛚᚪᛗᚩᚱᚩᚢᛋ,404
exercisers,114660,0,ᛖᛉᛖᚱᚳᛁᛋᛖᚱᛋ,420
influencer,114633,0,ᛁᚾᚠᛚᚢᛖᚾᚳᛖᚱ,325
lightermen,114537,0,ᛚᛁᚷᚻᛏᛖᚱᛗᛖᚾ,448
allomorphs,114533,0,ᚪᛚᛚᚩᛗᚩᚱᛈᚻᛋ,458
sandstorms,114424,0,ᛋᚪᚾᛞᛋᛏᚩᚱᛗᛋ,522
remediless,114375,0,ᚱᛖᛗᛖᛞᛁᛚᛖᛋᛋ,582
bohemianism,114330,0,ᛒᚩᚻᛖᛗᛡᚾᛁᛋᛗ,520
railroaded,114148,0,ᚱᚪᛁᛚᚱᚩᚪᛞᛖᛞ,572
positioners,114091,0,ᛈᚩᛋᛁᛏᛡᚾᛖᚱᛋ,460
unpurified,114078,0,ᚢᚾᛈᚢᚱᛁᚠᛁᛖᛞ,309
fritillary,114064,0,ᚠᚱᛁᛏᛁᛚᛚᚪᚱᚣ,491
acaricides,113973,0,ᚪᚳᚪᚱᛁᚳᛁᛞᛖᛋ,502
unrehearsed,113942,0,ᚢᚾᚱᛖᚻᛠᚱᛋᛖᛞ,462
panathenaic,113825,0,ᛈᚪᚾᚪᚦᛖᚾᚪᛁᚳ,508
aubergines,113814,0,ᚪᚢᛒᛖᚱᚷᛁᚾᛖᛋ,436
nucleoplasm,113797,0,ᚾᚢᚳᛚᛇᛈᛚᚪᛋᛗ,496
palanquins,113740,0,ᛈᚪᛚᚪᚾᚳᚹᛁᚾᛋ,484
bioclimatic,113723,0,ᛒᛡᚳᛚᛁᛗᚪᛏᛁᚳ,556
quarantining,113562,0,ᚳᚹᚪᚱᚪᚾᛏᛁᚾᛝ,464
marquisate,113541,0,ᛗᚪᚱᚳᚹᛁᛋᚪᛏᛖ,518
numerosity,113503,0,ᚾᚢᛗᛖᚱᚩᛋᛁᛏᚣ,434
railroader,113492,0,ᚱᚪᛁᛚᚱᚩᚪᛞᛖᚱ,494
geometrician,113467,0,ᚷᛇᛗᛖᛏᚱᛁᚳᛡᚾ,446
demarcates,113423,0,ᛞᛖᛗᚪᚱᚳᚪᛏᛖᛋ,624
sporozoite,113274,0,ᛋᛈᚩᚱᚩᛋᚩᛁᛏᛖ,338
sarcomeres,113266,0,ᛋᚪᚱᚳᚩᛗᛖᚱᛖᛋ,450
cloakrooms,113136,0,ᚳᛚᚩᚪᚳᚱᚩᚩᛗᛋ,352
antagonise,113117,0,ᚪᚾᛏᚪᚷᚩᚾᛁᛋᛖ,486
aboveboard,113116,0,ᚪᛒᚩᚢᛖᛒᚩᚪᚱᛞ,500
polysemous,113103,0,ᛈᚩᛚᚣᛋᛖᛗᚩᚢᛋ,480
underwoods,112977,0,ᚢᚾᛞᛖᚱᚹᚩᚩᛞᛋ,374
rastafarian,112941,0,ᚱᚪᛋᛏᚪᚠᚪᚱᛡᚾ,563
horsewoman,112836,0,ᚻᚩᚱᛋᛖᚹᚩᛗᚪᚾ,384
vaginismus,112805,0,ᚢᚪᚷᛁᚾᛁᛋᛗᚢᛋ,388
devoutness,112792,0,ᛞᛖᚢᚩᚢᛏᚾᛖᛋᛋ,430
nosebleeds,112765,0,ᚾᚩᛋᛖᛒᛚᛖᛖᛞᛋ,566
interclass,112689,0,ᛁᚾᛏᛖᚱᚳᛚᚪᛋᛋ,486
turquoises,112657,0,ᛏᚢᚱᚳᚹᚩᛁᛋᛖᛋ,316
horseshoers,112619,0,ᚻᚩᚱᛋᛖᛋᚻᛟᚱᛋ,384
potbellied,112498,0,ᛈᚩᛏᛒᛖᛚᛚᛁᛖᛞ,570
motorcycling,112408,0,ᛗᚩᛏᚩᚱᚳᚣᚳᛚᛝ,436
castigates,112382,0,ᚳᚪᛋᛏᛁᚷᚪᛏᛖᛋ,546
noncompeting,112372,0,ᚾᚩᚾᚳᚩᛗᛈᛖᛏᛝ,404
basseterre,112309,0,ᛒᚪᛋᛋᛖᛏᛖᚱᚱᛖ,546
ironworker,112300,0,ᛁᚱᚩᚾᚹᚩᚱᚳᛖᚱ,206
punctuates,112213,0,ᛈᚢᚾᚳᛏᚢᚪᛏᛖᛋ,426
moroseness,112203,0,ᛗᚩᚱᚩᛋᛖᚾᛖᛋᛋ,418
amylolytic,112175,0,ᚪᛗᚣᛚᚩᛚᚣᛏᛁᚳ,630
hierarchal,112124,0,ᚻᛁᛖᚱᚪᚱᚳᚻᚪᛚ,446
crosswords,111964,0,ᚳᚱᚩᛋᛋᚹᚩᚱᛞᛋ,316
rustication,111963,0,ᚱᚢᛋᛏᛁᚳᚪᛏᛡᚾ,462
afforested,111872,0,ᚪᚠᚠᚩᚱᛖᛋᛏᛖᛞ,454
ebullience,111810,0,ᛖᛒᚢᛚᛚᛁᛖᚾᚳᛖ,484
tragicomic,111801,0,ᛏᚱᚪᚷᛁᚳᚩᛗᛁᚳ,350
janizaries,111797,0,ᛂᚪᚾᛁᛋᚪᚱᛁᛖᛋ,506
consociation,111796,0,ᚳᚩᚾᛋᚩᚳᛡᛏᛡᚾ,424
masterless,111695,0,ᛗᚪᛋᛏᛖᚱᛚᛖᛋᛋ,604
dehumanize,111618,0,ᛞᛖᚻᚢᛗᚪᚾᛁᛋᛖ,530
villainies,111289,0,ᚢᛁᛚᛚᚪᛁᚾᛁᛖᛋ,488
stonewalling,111261,0,ᛋᛏᚩᚾᛖᚹᚪᛚᛚᛝ,556
handcrafts,111229,0,ᚻᚪᚾᛞᚳᚱᚪᚠᛏᛋ,473
unsalaried,111224,0,ᚢᚾᛋᚪᛚᚪᚱᛁᛖᛞ,550
sagaciously,111219,0,ᛋᚪᚷᚪᚳᛡᚢᛋᛚᚣ,616
apologises,111179,0,ᚪᛈᚩᛚᚩᚷᛁᛋᛖᛋ,448
holothurians,111046,0,ᚻᚩᛚᚩᚦᚢᚱᛡᚾᛋ,318
overground,111019,0,ᚩᚢᛖᚱᚷᚱᚩᚢᚾᛞ,244
reinsertion,110888,0,ᚱᛖᛁᚾᛋᛖᚱᛏᛡᚾ,464
artocarpus,110849,0,ᚪᚱᛏᚩᚳᚪᚱᛈᚢᛋ,394
redundance,110821,0,ᚱᛖᛞᚢᚾᛞᚪᚾᚳᛖ,494
rectilineal,110579,0,ᚱᛖᚳᛏᛁᛚᛁᚾᛠᛚ,496
monolinguals,110449,0,ᛗᚩᚾᚩᛚᛝᚢᚪᛚᛋ,492
assailable,110437,0,ᚪᛋᛋᚪᛁᛚᚪᛒᛚᛖ,702
monstrance,110417,0,ᛗᚩᚾᛋᛏᚱᚪᚾᚳᛖ,436
champagnes,110167,0,ᚳᚻᚪᛗᛈᚪᚷᚾᛖᛋ,510
humourless,110023,0,ᚻᚢᛗᚩᚢᚱᛚᛖᛋᛋ,364
vulgarized,109937,0,ᚢᚢᛚᚷᚪᚱᛁᛋᛖᛞ,444
redeveloping,109932,0,ᚱᛖᛞᛖᚢᛖᛚᚩᛈᛝ,506
totalities,109890,0,ᛏᚩᛏᚪᛚᛁᛏᛁᛖᛋ,536
unattacked,109877,0,ᚢᚾᚪᛏᛏᚪᚳᚳᛖᛞ,526
depolarize,109797,0,ᛞᛖᛈᚩᛚᚪᚱᛁᛋᛖ,538
fibrositis,109778,0,ᚠᛁᛒᚱᚩᛋᛁᛏᛁᛋ,339
slightness,109756,0,ᛋᛚᛁᚷᚻᛏᚾᛖᛋᛋ,458
headscarves,109721,0,ᚻᛠᛞᛋᚳᚪᚱᚢᛖᛋ,518
oblateness,109709,0,ᚩᛒᛚᚪᛏᛖᚾᛖᛋᛋ,566
encystment,109647,0,ᛖᚾᚳᚣᛋᛏᛗᛖᚾᛏ,550
decapitate,109621,0,ᛞᛖᚳᚪᛈᛁᛏᚪᛏᛖ,622
unruliness,109538,0,ᚢᚾᚱᚢᛚᛁᚾᛖᛋᛋ,352
nativities,109533,0,ᚾᚪᛏᛁᚢᛁᛏᛁᛖᛋ,460
trapezoids,109457,0,ᛏᚱᚪᛈᛖᛋᚩᛁᛞᛋ,510
recompiled,109451,0,ᚱᛖᚳᚩᛗᛈᛁᛚᛖᛞ,472
machination,109441,0,ᛗᚪᚳᚻᛁᚾᚪᛏᛡᚾ,556
maleficent,109219,0,ᛗᚪᛚᛖᚠᛁᚳᛖᚾᛏ,509
semblances,109212,0,ᛋᛖᛗᛒᛚᚪᚾᚳᛖᛋ,584
tangibility,109210,0,ᛏᚪᛝᛁᛒᛁᛚᛁᛏᚣ,624
hyperborean,109133,0,ᚻᚣᛈᛖᚱᛒᚩᚱᛠᚾ,464
savageness,109066,0,ᛋᚪᚢᚪᚷᛖᚾᛖᛋᛋ,536
viscerally,109038,0,ᚢᛁᛋᚳᛖᚱᚪᛚᛚᚣ,524
detergency,109000,0,ᛞᛖᛏᛖᚱᚷᛖᚾᚳᚣ,522
versifiers,108921,0,ᚢᛖᚱᛋᛁᚠᛁᛖᚱᛋ,329
opaqueness,108888,0,ᚩᛈᚪᚳᚹᛖᚾᛖᛋᛋ,448
provisioner,108827,0,ᛈᚱᚩᚢᛁᛋᛡᚾᛖᚱ,362
stannaries,108821,0,ᛋᛏᚪᚾᚾᚪᚱᛁᛖᛋ,526
hartebeest,108813,0,ᚻᚪᚱᛏᛖᛒᛖᛖᛋᛏ,564
highhanded,108790,0,ᚻᛁᚷᚻᚻᚪᚾᛞᛖᛞ,488
inimitably,108738,0,ᛁᚾᛁᛗᛁᛏᚪᛒᛚᚣ,586
vexatiously,108674,0,ᚢᛖᛉᚪᛏᛡᚢᛋᛚᚣ,612
rosebushes,108656,0,ᚱᚩᛋᛖᛒᚢᛋᚻᛖᛋ,398
extraverts,108514,0,ᛖᛉᛏᚱᚪᚢᛖᚱᛏᛋ,474
irishwoman,108494,0,ᛁᚱᛁᛋᚻᚹᚩᛗᚪᚾ,372
unflavored,108421,0,ᚢᚾᚠᛚᚪᚢᚩᚱᛖᛞ,381
sweepstake,108368,0,ᛋᚹᛖᛖᛈᛋᛏᚪᚳᛖ,538
affectedly,108329,0,ᚪᚠᚠᛖᚳᛏᛖᛞᛚᚣ,572
courtships,108290,0,ᚳᚩᚢᚱᛏᛋᚻᛁᛈᛋ,296
pedimented,108136,0,ᛈᛖᛞᛁᛗᛖᚾᛏᛖᛞ,612
graphology,108043,0,ᚷᚱᚪᛈᚻᚩᛚᚩᚷᚣ,398
hemorrhoid,107957,0,ᚻᛖᛗᚩᚱᚱᚻᚩᛁᛞ,340
caricaturing,107820,0,ᚳᚪᚱᛁᚳᚪᛏᚢᚱᛝ,414
dissentions,107782,0,ᛞᛁᛋᛋᛖᚾᛏᛡᚾᛋ,570
laundryman,107780,0,ᛚᚪᚢᚾᛞᚱᚣᛗᚪᚾ,602
butcheries,107714,0,ᛒᚢᛏᚳᚻᛖᚱᛁᛖᛋ,388
sarcoplasm,107710,0,ᛋᚪᚱᚳᚩᛈᛚᚪᛋᛗ,518
colportage,107706,0,ᚳᚩᛚᛈᚩᚱᛏᚪᚷᛖ,394
archidamus,107654,0,ᚪᚱᚳᚻᛁᛞᚪᛗᚢᛋ,488
depopulate,107607,0,ᛞᛖᛈᚩᛈᚢᛚᚪᛏᛖ,548
steelmaker,107589,0,ᛋᛏᛖᛖᛚᛗᚪᚳᛖᚱ,578
liberations,107187,0,ᛚᛁᛒᛖᚱᚪᛏᛡᚾᛋ,588
pronucleus,107055,0,ᛈᚱᚩᚾᚢᚳᛚᛖᚢᛋ,302
brickmaker,107024,0,ᛒᚱᛁᚳᚳᛗᚪᚳᛖᚱ,388
landladies,106996,0,ᛚᚪᚾᛞᛚᚪᛞᛁᛖᛋ,698
kermanshah,106955,0,ᚳᛖᚱᛗᚪᚾᛋᚻᚪᚻ,484
clinometer,106799,0,ᚳᛚᛁᚾᚩᛗᛖᛏᛖᚱ,428
epidendrum,106629,0,ᛖᛈᛁᛞᛖᚾᛞᚱᚢᛗ,500
provitamin,106546,0,ᛈᚱᚩᚢᛁᛏᚪᛗᛁᚾ,382
backstreet,106317,0,ᛒᚪᚳᚳᛋᛏᚱᛖᛖᛏ,500
shrinkable,106207,0,ᛋᚻᚱᛁᚾᚳᚪᛒᛚᛖ,458
objectless,106083,0,ᚩᛒᛂᛖᚳᛏᛚᛖᛋᛋ,490
signallers,106076,0,ᛋᛁᚷᚾᚪᛚᛚᛖᚱᛋ,504
tracheitis,105959,0,ᛏᚱᚪᚳᚻᛖᛁᛏᛁᛋ,444
judiciaries,105909,0,ᛂᚢᛞᛁᚳᛡᚱᛁᛖᛋ,442
redecorate,105879,0,ᚱᛖᛞᛖᚳᚩᚱᚪᛏᛖ,488
neurectomy,105852,0,ᚾᛖᚢᚱᛖᚳᛏᚩᛗᚣ,430
gravimetry,105829,0,ᚷᚱᚪᚢᛁᛗᛖᛏᚱᚣ,470
vibraphone,105795,0,ᚢᛁᛒᚱᚪᛈᚻᚩᚾᛖ,372
unionisation,105760,0,ᚢᚾᛡᚾᛁᛋᚪᛏᛡᚾ,544
salamandra,105576,0,ᛋᚪᛚᚪᛗᚪᚾᛞᚱᚪ,714
hectolitre,105485,0,ᚻᛖᚳᛏᚩᛚᛁᛏᚱᛖ,410
autonomist,105322,0,ᚪᚢᛏᚩᚾᚩᛗᛁᛋᛏ,416
malignants,105243,0,ᛗᚪᛚᛁᚷᚾᚪᚾᛏᛋ,556
artfulness,105236,0,ᚪᚱᛏᚠᚢᛚᚾᛖᛋᛋ,447
unoriented,105234,0,ᚢᚾᚩᚱᛁᛖᚾᛏᛖᛞ,392
fibrillose,105233,0,ᚠᛁᛒᚱᛁᛚᛚᚩᛋᛖ,409
trainloads,105083,0,ᛏᚱᚪᛁᚾᛚᚩᚪᛞᛋ,546
dewberries,105043,0,ᛞᛖᚹᛒᛖᚱᚱᛁᛖᛋ,476
depilatory,105012,0,ᛞᛖᛈᛁᛚᚪᛏᚩᚱᚣ,580
housewarming,105010,0,ᚻᚩᚢᛋᛖᚹᚪᚱᛗᛝ,430
valediction,104904,0,ᚢᚪᛚᛖᛞᛁᚳᛏᛡᚾ,568
expressman,104844,0,ᛖᛉᛈᚱᛖᛋᛋᛗᚪᚾ,538
sequencers,104811,0,ᛋᛖᚳᚹᛖᚾᚳᛖᚱᛋ,392
levelheaded,104767,0,ᛚᛖᚢᛖᛚᚻᛠᛞᛖᛞ,660
hardhearted,104747,0,ᚻᚪᚱᛞᚻᛠᚱᛏᛖᛞ,578
autotrophs,104704,0,ᚪᚢᛏᚩᛏᚱᚩᛈᚻᛋ,362
dithyrambic,104694,0,ᛞᛁᚦᚣᚱᚪᛗᛒᛁᚳ,512
complished,104686,0,ᚳᚩᛗᛈᛚᛁᛋᚻᛖᛞ,470
tumescence,104654,0,ᛏᚢᛗᛖᛋᚳᛖᚾᚳᛖ,442
gratifyingly,104642,0,ᚷᚱᚪᛏᛁᚠᚣᛝᛚᚣ,575
auriculate,104639,0,ᚪᚢᚱᛁᚳᚢᛚᚪᛏᛖ,454
improvable,104458,0,ᛁᛗᛈᚱᚩᚢᚪᛒᛚᛖ,464
hemophilic,104458,0,ᚻᛖᛗᚩᛈᚻᛁᛚᛁᚳ,382
symbolisms,104369,0,ᛋᚣᛗᛒᚩᛚᛁᛋᛗᛋ,576
spermicide,104256,0,ᛋᛈᛖᚱᛗᛁᚳᛁᛞᛖ,476
protrusive,104098,0,ᛈᚱᚩᛏᚱᚢᛋᛁᚢᛖ,288
dermatomes,104080,0,ᛞᛖᚱᛗᚪᛏᚩᛗᛖᛋ,592
fiendishly,103855,0,ᚠᛁᛖᚾᛞᛁᛋᚻᛚᚣ,501
vacillates,103763,0,ᚢᚪᚳᛁᛚᛚᚪᛏᛖᛋ,566
temporized,103750,0,ᛏᛖᛗᛈᚩᚱᛁᛋᛖᛞ,498
despatcher,103663,0,ᛞᛖᛋᛈᚪᛏᚳᚻᛖᚱ,522
texturally,103630,0,ᛏᛖᛉᛏᚢᚱᚪᛚᛚᚣ,592
dominations,103582,0,ᛞᚩᛗᛁᚾᚪᛏᛡᚾᛋ,572
antivirals,103565,0,ᚪᚾᛏᛁᚢᛁᚱᚪᛚᛋ,484
saprophyte,103390,0,ᛋᚪᛈᚱᚩᛈᚻᚣᛏᛖ,506
stroganoff,103365,0,ᛋᛏᚱᚩᚷᚪᚾᚩᚠᚠ,284
endocrines,103336,0,ᛖᚾᛞᚩᚳᚱᛁᚾᛖᛋ,396
paddlefish,103290,0,ᛈᚪᛞᛞᛚᛖᚠᛁᛋᚻ,567
stepmothers,103139,0,ᛋᛏᛖᛈᛗᚩᚦᛖᚱᛋ,436
afterpiece,103098,0,ᚪᚠᛏᛖᚱᛈᛁᛖᚳᛖ,457
cityscapes,103039,0,ᚳᛁᛏᚣᛋᚳᚪᛈᛖᛋ,532
thriftiness,102962,0,ᚦᚱᛁᚠᛏᛁᚾᛖᛋᛋ,341
slatternly,102926,0,ᛋᛚᚪᛏᛏᛖᚱᚾᛚᚣ,624
catechised,102886,0,ᚳᚪᛏᛖᚳᚻᛁᛋᛖᛞ,512
ragamuffin,102877,0,ᚱᚪᚷᚪᛗᚢᚠᚠᛁᚾ,360
insanities,102861,0,ᛁᚾᛋᚪᚾᛁᛏᛁᛖᛋ,480
doggedness,102731,0,ᛞᚩᚷᚷᛖᛞᚾᛖᛋᛋ,488
dismantles,102716,0,ᛞᛁᛋᛗᚪᚾᛏᛚᛖᛋ,622
crackdowns,102716,0,ᚳᚱᚪᚳᚳᛞᚩᚹᚾᛋ,344
postnuptial,102517,0,ᛈᚩᛋᛏᚾᚢᛈᛏᛡᛚ,476
purveyance,102515,0,ᛈᚢᚱᚢᛖᚣᚪᚾᚳᛖ,436
epidemical,102244,0,ᛖᛈᛁᛞᛖᛗᛁᚳᚪᛚ,582
flowerless,102149,0,ᚠᛚᚩᚹᛖᚱᛚᛖᛋᛋ,425
communards,102149,0,ᚳᚩᛗᛗᚢᚾᚪᚱᛞᛋ,444
unquenched,101867,0,ᚢᚾᚳᚹᛖᚾᚳᚻᛖᛞ,352
phaenomenon,101827,0,ᛈᚻᚫᚾᚩᛗᛖᚾᚩᚾ,406
brahminism,101736,0,ᛒᚱᚪᚻᛗᛁᚾᛁᛋᛗ,478
buccaneering,101685,0,ᛒᚢᚳᚳᚪᚾᛖᛖᚱᛝ,440
quadruples,101592,0,ᚳᚹᚪᛞᚱᚢᛈᛚᛖᛋ,468
deviousness,101545,0,ᛞᛖᚢᛡᚢᛋᚾᛖᛋᛋ,524
nummulitic,101515,0,ᚾᚢᛗᛗᚢᛚᛁᛏᛁᚳ,384
roustabout,101460,0,ᚱᚩᚢᛋᛏᚪᛒᚩᚢᛏ,360
courgettes,101341,0,ᚳᚩᚢᚱᚷᛖᛏᛏᛖᛋ,356
scriveners,101295,0,ᛋᚳᚱᛁᚢᛖᚾᛖᚱᛋ,338
debilitate,101116,0,ᛞᛖᛒᛁᛚᛁᛏᚪᛏᛖ,634
trammelled,100979,0,ᛏᚱᚪᛗᛗᛖᛚᛚᛖᛞ,678
bluestocking,100967,0,ᛒᛚᚢᛖᛋᛏᚩᚳᚳᛝ,428
decimeters,100946,0,ᛞᛖᚳᛁᛗᛖᛏᛖᚱᛋ,528
nursemaids,100907,0,ᚾᚢᚱᛋᛖᛗᚪᛁᛞᛋ,504
bacteroids,100898,0,ᛒᚪᚳᛏᛖᚱᚩᛁᛞᛋ,488
centerfold,100886,0,ᚳᛖᚾᛏᛖᚱᚠᚩᛚᛞ,417
megascopic,100804,0,ᛗᛖᚷᚪᛋᚳᚩᛈᛁᚳ,412
superwoman,100790,0,ᛋᚢᛈᛖᚱᚹᚩᛗᚪᚾ,400
truncations,100769,0,ᛏᚱᚢᚾᚳᚪᛏᛡᚾᛋ,460
haustorium,100628,0,ᚻᚪᚢᛋᛏᚩᚱᛁᚢᛗ,358
dumbwaiter,100583,0,ᛞᚢᛗᛒᚹᚪᛁᛏᛖᚱ,508
dissuasive,100551,0,ᛞᛁᛋᛋᚢᚪᛋᛁᚢᛖ,480
prepotency,100450,0,ᛈᚱᛖᛈᚩᛏᛖᚾᚳᚣ,442
digitizers,100446,0,ᛞᛁᚷᛁᛏᛁᛋᛖᚱᛋ,442
forestalls,100417,0,ᚠᚩᚱᛖᛋᛏᚪᛚᛚᛋ,495
trichotomy,100414,0,ᛏᚱᛁᚳᚻᚩᛏᚩᛗᚣ,384
strategics,100285,0,ᛋᛏᚱᚪᛏᛖᚷᛁᚳᛋ,460
regularise,100213,0,ᚱᛖᚷᚢᛚᚪᚱᛁᛋᛖ,430
toothpastes,100112,0,ᛏᚩᚩᚦᛈᚪᛋᛏᛖᛋ,450
statutable,100083,0,ᛋᛏᚪᛏᚢᛏᚪᛒᛚᛖ,628
aforenamed,100061,0,ᚪᚠᚩᚱᛖᚾᚪᛗᛖᛞ,537
eviscerate,100020,0,ᛖᚢᛁᛋᚳᛖᚱᚪᛏᛖ,468
vouchsafes,99862,0,ᚢᚩᚢᚳᚻᛋᚪᚠᛖᛋ,321
dissembler,99778,0,ᛞᛁᛋᛋᛖᛗᛒᛚᛖᚱ,576
shrillness,99751,0,ᛋᚻᚱᛁᛚᛚᚾᛖᛋᛋ,466
peptonized,99678,0,ᛈᛖᛈᛏᚩᚾᛁᛋᛖᛞ,488
untestable,99590,0,ᚢᚾᛏᛖᛋᛏᚪᛒᛚᛖ,568
isochronal,99470,0,ᛁᛋᚩᚳᚻᚱᚩᚾᚪᛚ,344
tapestried,99431,0,ᛏᚪᛈᛖᛋᛏᚱᛁᛖᛞ,576
reconvenes,99424,0,ᚱᛖᚳᚩᚾᚢᛖᚾᛖᛋ,346
depressors,99404,0,ᛞᛖᛈᚱᛖᛋᛋᚩᚱᛋ,454
peridental,99348,0,ᛈᛖᚱᛁᛞᛖᚾᛏᚪᛚ,566
sophomoric,99304,0,ᛋᚩᛈᚻᚩᛗᚩᚱᛁᚳ,266
transiency,99239,0,ᛏᚱᚪᚾᛋᛁᛖᚾᚳᚣ,492
journalizing,99205,0,ᛂᚩᚢᚱᚾᚪᛚᛁᛋᛝ,420
jackanapes,98968,0,ᛂᚪᚳᚳᚪᚾᚪᛈᛖᛋ,546
piggybacking,98947,0,ᛈᛁᚷᚷᚣᛒᚪᚳᚳᛝ,474
adumbration,98911,0,ᚪᛞᚢᛗᛒᚱᚪᛏᛡᚾ,624
vulcanizer,98889,0,ᚢᚢᛚᚳᚪᚾᛁᛋᛖᚱ,380
outsmarted,98863,0,ᚩᚢᛏᛋᛗᚪᚱᛏᛖᛞ,516
troopships,98851,0,ᛏᚱᚩᚩᛈᛋᚻᛁᛈᛋ,330
undershoot,98847,0,ᚢᚾᛞᛖᚱᛋᚻᚩᚩᛏ,348
nonpareils,98808,0,ᚾᚩᚾᛈᚪᚱᛖᛁᛚᛋ,440
heartlessly,98764,0,ᚻᛠᚱᛏᛚᛖᛋᛋᛚᚣ,624
imidazoles,98641,0,ᛁᛗᛁᛞᚪᛋᚩᛚᛖᛋ,572
benedicite,98638,0,ᛒᛖᚾᛖᛞᛁᚳᛁᛏᛖ,514
harlequins,98583,0,ᚻᚪᚱᛚᛖᚳᚹᛁᚾᛋ,416
prisonment,98560,0,ᛈᚱᛁᛋᚩᚾᛗᛖᚾᛏ,400
preparator,98505,0,ᛈᚱᛖᛈᚪᚱᚪᛏᚩᚱ,446
prostrates,98445,0,ᛈᚱᚩᛋᛏᚱᚪᛏᛖᛋ,460
flatteringly,98419,0,ᚠᛚᚪᛏᛏᛖᚱᛝᛚᚣ,623
archonship,98345,0,ᚪᚱᚳᚻᚩᚾᛋᚻᛁᛈ,330
burlesqued,98318,0,ᛒᚢᚱᛚᛖᛋᚳᚹᛖᛞ,456
shoplifter,98214,0,ᛋᚻᚩᛈᛚᛁᚠᛏᛖᚱ,369
hippocrene,97929,0,ᚻᛁᛈᛈᚩᚳᚱᛖᚾᛖ,334
medallists,97896,0,ᛗᛖᛞᚪᛚᛚᛁᛋᛏᛋ,666
enamelware,97848,0,ᛖᚾᚪᛗᛖᛚᚹᚪᚱᛖ,598
unscripted,97844,0,ᚢᚾᛋᚳᚱᛁᛈᛏᛖᛞ,398
bolometers,97830,0,ᛒᚩᛚᚩᛗᛖᛏᛖᚱᛋ,476
cognisable,97798,0,ᚳᚩᚷᚾᛁᛋᚪᛒᛚᛖ,448
reconciler,97794,0,ᚱᛖᚳᚩᚾᚳᛁᛚᛖᚱ,322
unchangeably,97782,0,ᚢᚾᚳᚻᚪᛝᛠᛒᛚᚣ,590
apotropaic,97533,0,ᚪᛈᚩᛏᚱᚩᛈᚪᛁᚳ,408
minestrone,97383,0,ᛗᛁᚾᛖᛋᛏᚱᚩᚾᛖ,424
innateness,97380,0,ᛁᚾᚾᚪᛏᛖᚾᛖᛋᛋ,514
columbines,97378,0,ᚳᚩᛚᚢᛗᛒᛁᚾᛖᛋ,408
sabbatarian,97347,0,ᛋᚪᛒᛒᚪᛏᚪᚱᛡᚾ,672
phantasmal,97266,0,ᛈᚻᚪᚾᛏᚪᛋᛗᚪᛚ,642
improviser,97244,0,ᛁᛗᛈᚱᚩᚢᛁᛋᛖᚱ,328
betelgeuse,97146,0,ᛒᛖᛏᛖᛚᚷᛖᚢᛋᛖ,534
resurfaces,97143,0,ᚱᛖᛋᚢᚱᚠᚪᚳᛖᛋ,377
packhorses,97096,0,ᛈᚪᚳᚳᚻᚩᚱᛋᛖᛋ,380
unextended,97064,0,ᚢᚾᛖᛉᛏᛖᚾᛞᛖᛞ,546
denigrates,97057,0,ᛞᛖᚾᛁᚷᚱᚪᛏᛖᛋ,520
revitalising,97041,0,ᚱᛖᚢᛁᛏᚪᛚᛁᛋᛝ,504
effervesce,97033,0,ᛖᚠᚠᛖᚱᚢᛖᛋᚳᛖ,352
submitters,97014,0,ᛋᚢᛒᛗᛁᛏᛏᛖᚱᛋ,468
moustached,96987,0,ᛗᚩᚢᛋᛏᚪᚳᚻᛖᛞ,482
eradicates,96985,0,ᛖᚱᚪᛞᛁᚳᚪᛏᛖᛋ,584
outnumbers,96789,0,ᚩᚢᛏᚾᚢᛗᛒᛖᚱᛋ,364
plainchant,96775,0,ᛈᛚᚪᛁᚾᚳᚻᚪᚾᛏ,494
invincibly,96749,0,ᛁᚾᚢᛁᚾᚳᛁᛒᛚᚣ,404
tweedledum,96701,0,ᛏᚹᛖᛖᛞᛚᛖᛞᚢᛗ,604
overanxious,96696,0,ᚩᚢᛖᚱᚪᚾᛉᛡᚢᛋ,424
noblewomen,96686,0,ᚾᚩᛒᛚᛖᚹᚩᛗᛖᚾ,430
mezzotints,96619,0,ᛗᛖᛋᛋᚩᛏᛁᚾᛏᛋ,482
emmetropic,96533,0,ᛖᛗᛗᛖᛏᚱᚩᛈᛁᚳ,440
collarless,96519,0,ᚳᚩᛚᛚᚪᚱᛚᛖᛋᛋ,520
blastomere,96481,0,ᛒᛚᚪᛋᛏᚩᛗᛖᚱᛖ,566
triclinium,96435,0,ᛏᚱᛁᚳᛚᛁᚾᛁᚢᛗ,352
titillated,96314,0,ᛏᛁᛏᛁᛚᛚᚪᛏᛖᛞ,638
hypnagogic,96223,0,ᚻᚣᛈᚾᚪᚷᚩᚷᛁᚳ,380
infernally,96085,0,ᛁᚾᚠᛖᚱᚾᚪᛚᛚᚣ,515
atomisation,96052,0,ᚪᛏᚩᛗᛁᛋᚪᛏᛡᚾ,610
boatswains,96041,0,ᛒᚩᚪᛏᛋᚹᚪᛁᚾᛋ,506
lexicology,95983,0,ᛚᛖᛉᛁᚳᚩᛚᚩᚷᚣ,438
diminutions,95933,0,ᛞᛁᛗᛁᚾᚢᛏᛡᚾᛋ,502
propositus,95853,0,ᛈᚱᚩᛈᚩᛋᛁᛏᚢᛋ,310
mightiness,95830,0,ᛗᛁᚷᚻᛏᛁᚾᛖᛋᛋ,434
cockatrice,95816,0,ᚳᚩᚳᚳᚪᛏᚱᛁᚳᛖ,324
demobilize,95786,0,ᛞᛖᛗᚩᛒᛁᛚᛁᛋᛖ,550
innominata,95777,0,ᛁᚾᚾᚩᛗᛁᚾᚪᛏᚪ,480
anamnestic,95749,0,ᚪᚾᚪᛗᚾᛖᛋᛏᛁᚳ,546
arkhangelsk,95650,0,ᚪᚱᚳᚻᚪᛝᛖᛚᛋᚳ,526
vaccinates,95564,0,ᚢᚪᚳᚳᛁᚾᚪᛏᛖᛋ,462
uncodified,95415,0,ᚢᚾᚳᚩᛞᛁᚠᛁᛖᛞ,361
brickyards,95309,0,ᛒᚱᛁᚳᚳᚣᚪᚱᛞᛋ,482
emblements,95297,0,ᛖᛗᛒᛚᛖᛗᛖᚾᛏᛋ,618
clienteles,95253,0,ᚳᛚᛁᛖᚾᛏᛖᛚᛖᛋ,532
fenestella,95234,0,ᚠᛖᚾᛖᛋᛏᛖᛚᛚᚪ,587
interfused,95143,0,ᛁᚾᛏᛖᚱᚠᚢᛋᛖᛞ,411
manzanilla,95133,0,ᛗᚪᚾᛋᚪᚾᛁᛚᛚᚪ,650
stateliest,95056,0,ᛋᛏᚪᛏᛖᛚᛁᛖᛋᛏ,618
impanelled,95004,0,ᛁᛗᛈᚪᚾᛖᛚᛚᛖᛞ,640
hemolysins,94946,0,ᚻᛖᛗᚩᛚᚣᛋᛁᚾᛋ,510
annotators,94944,0,ᚪᚾᚾᚩᛏᚪᛏᚩᚱᛋ,448
leicesters,94869,0,ᛚᛖᛁᚳᛖᛋᛏᛖᚱᛋ,494
citronelle,94857,0,ᚳᛁᛏᚱᚩᚾᛖᛚᛚᛖ,430
silverfish,94669,0,ᛋᛁᛚᚢᛖᚱᚠᛁᛋᚻ,347
zeffirelli,94572,0,ᛋᛖᚠᚠᛁᚱᛖᛚᛚᛁ,410
crayfishes,94532,0,ᚳᚱᚪᚣᚠᛁᛋᚻᛖᛋ,453
bagatelles,94509,0,ᛒᚪᚷᚪᛏᛖᛚᛚᛖᛋ,664
overflowings,94470,0,ᚩᚢᛖᚱᚠᛚᚩᚹᛝᛋ,321
shrovetide,94461,0,ᛋᚻᚱᚩᚢᛖᛏᛁᛞᛖ,410
honorifics,94454,0,ᚻᚩᚾᚩᚱᛁᚠᛁᚳᛋ,207
afterburning,94443,0,ᚪᚠᛏᛖᚱᛒᚢᚱᚾᛝ,419
seersucker,94439,0,ᛋᛖᛖᚱᛋᚢᚳᚳᛖᚱ,358
prodigally,94371,0,ᛈᚱᚩᛞᛁᚷᚪᛚᛚᚣ,544
annalistic,94363,0,ᚪᚾᚾᚪᛚᛁᛋᛏᛁᚳ,512
ruminative,94332,0,ᚱᚢᛗᛁᚾᚪᛏᛁᚢᛖ,402
diplomates,94146,0,ᛞᛁᛈᛚᚩᛗᚪᛏᛖᛋ,590
exculpated,94117,0,ᛖᛉᚳᚢᛚᛈᚪᛏᛖᛞ,558
impresarios,94102,0,ᛁᛗᛈᚱᛖᛋᚪᚱᛡᛋ,544
fritillaria,94066,0,ᚠᚱᛁᛏᛁᛚᛚᚪᚱᛡ,495
pickwickian,94012,0,ᛈᛁᚳᚳᚹᛁᚳᚳᛡᚾ,312
concretize,93993,0,ᚳᚩᚾᚳᚱᛖᛏᛁᛋᛖ,350
tenantless,93869,0,ᛏᛖᚾᚪᚾᛏᛚᛖᛋᛋ,586
hitchhiked,93797,0,ᚻᛁᛏᚳᚻᚻᛁᚳᛖᛞ,372
horsetails,93789,0,ᚻᚩᚱᛋᛖᛏᚪᛁᛚᛋ,474
pirouettes,93778,0,ᛈᛁᚱᚩᚢᛖᛏᛏᛖᛋ,400
playgroups,93743,0,ᛈᛚᚪᚣᚷᚱᚩᚢᛈᛋ,450
solitaries,93740,0,ᛋᚩᛚᛁᛏᚪᚱᛁᛖᛋ,482
odontology,93684,0,ᚩᛞᚩᚾᛏᚩᛚᚩᚷᚣ,398
importable,93668,0,ᛁᛗᛈᚩᚱᛏᚪᛒᛚᛖ,520
eosinophile,93612,0,ᛇᛋᛁᚾᚩᛈᚻᛁᛚᛖ,398
enchantingly,93592,0,ᛖᚾᚳᚻᚪᚾᛏᛝᛚᚣ,572
prolocutor,93491,0,ᛈᚱᚩᛚᚩᚳᚢᛏᚩᚱ,234
milkshakes,93452,0,ᛗᛁᛚᚳᛋᚻᚪᚳᛖᛋ,494
workhorses,93450,0,ᚹᚩᚱᚳᚻᚩᚱᛋᛖᛋ,264
unmilitary,93365,0,ᚢᚾᛗᛁᛚᛁᛏᚪᚱᚣ,508
slenderest,93334,0,ᛋᛚᛖᚾᛞᛖᚱᛖᛋᛏ,568
foreshores,93264,0,ᚠᚩᚱᛖᛋᚻᚩᚱᛖᛋ,301
unprompted,93251,0,ᚢᚾᛈᚱᚩᛗᛈᛏᛖᛞ,422
paratactic,93205,0,ᛈᚪᚱᚪᛏᚪᚳᛏᛁᚳ,520
sympathises,93162,0,ᛋᚣᛗᛈᚪᚦᛁᛋᛖᛋ,576
praetorship,93154,0,ᛈᚱᚫᛏᚩᚱᛋᚻᛁᛈ,382
ambuscades,93118,0,ᚪᛗᛒᚢᛋᚳᚪᛞᛖᛋ,604
butterfish,93077,0,ᛒᚢᛏᛏᛖᚱᚠᛁᛋᚻ,369
chinquapin,93076,0,ᚳᚻᛁᚾᚳᚹᚪᛈᛁᚾ,328
furthermost,93043,0,ᚠᚢᚱᚦᛖᚱᛗᚩᛋᛏ,289
einsteinian,92965,0,ᛖᛁᚾᛋᛏᛖᛁᚾᛡᚾ,502
swammerdam,92926,0,ᛋᚹᚪᛗᛗᛖᚱᛞᚪᛗ,646
infomercial,92924,0,ᛁᚾᚠᚩᛗᛖᚱᚳᛡᛚ,411
bipedalism,92903,0,ᛒᛁᛈᛖᛞᚪᛚᛁᛋᛗ,616
villeinage,92720,0,ᚢᛁᛚᛚᛖᛁᚾᚪᚷᛖ,488
crossbills,92716,0,ᚳᚱᚩᛋᛋᛒᛁᛚᛚᛋ,428
antinomians,92685,0,ᚪᚾᛏᛁᚾᚩᛗᛡᚾᛋ,512
recomposed,92658,0,ᚱᛖᚳᚩᛗᛈᚩᛋᛖᛞ,428
stepfathers,92644,0,ᛋᛏᛖᛈᚠᚪᚦᛖᚱᛋ,457
idiotically,92630,0,ᛁᛞᛡᛏᛁᚳᚪᛚᛚᚣ,676
heavenwards,92627,0,ᚻᛠᚢᛖᚾᚹᚪᚱᛞᛋ,500
avoidances,92627,0,ᚪᚢᚩᛁᛞᚪᚾᚳᛖᛋ,486
tweedledee,92591,0,ᛏᚹᛖᛖᛞᛚᛖᛞᛖᛖ,664
discarnate,92543,0,ᛞᛁᛋᚳᚪᚱᚾᚪᛏᛖ,546
hypoactive,92524,0,ᚻᚣᛈᚩᚪᚳᛏᛁᚢᛖ,446
brandishes,92512,0,ᛒᚱᚪᚾᛞᛁᛋᚻᛖᛋ,514
moonstruck,92461,0,ᛗᚩᚩᚾᛋᛏᚱᚢᚳᚳ,266
pyrrhonism,92422,0,ᛈᚣᚱᚱᚻᚩᚾᛁᛋᛗ,382
cryobiology,92366,0,ᚳᚱᚣᚩᛒᛡᛚᚩᚷᚣ,502
subvariety,92360,0,ᛋᚢᛒᚢᚪᚱᛁᛖᛏᚣ,488
washhouses,92353,0,ᚹᚪᛋᚻᚻᚩᚢᛋᛖᛋ,398
tripolitan,92300,0,ᛏᚱᛁᛈᚩᛚᛁᛏᚪᚾ,440
marprelate,92221,0,ᛗᚪᚱᛈᚱᛖᛚᚪᛏᛖ,596
persiflage,92170,0,ᛈᛖᚱᛋᛁᚠᛚᚪᚷᛖ,461
blackamoor,92087,0,ᛒᛚᚪᚳᚳᚪᛗᚩᚩᚱ,450
unobscured,92005,0,ᚢᚾᚩᛒᛋᚳᚢᚱᛖᛞ,336
commensals,91978,0,ᚳᚩᛗᛗᛖᚾᛋᚪᛚᛋ,534
talmudical,91965,0,ᛏᚪᛚᛗᚢᛞᛁᚳᚪᛚ,606
desiccants,91958,0,ᛞᛖᛋᛁᚳᚳᚪᚾᛏᛋ,504
mischances,91894,0,ᛗᛁᛋᚳᚻᚪᚾᚳᛖᛋ,450
cyanogenic,91860,0,ᚳᚣᚪᚾᚩᚷᛖᚾᛁᚳ,406
undiscerning,91821,0,ᚢᚾᛞᛁᛋᚳᛖᚱᚾᛝ,404
bloodstone,91697,0,ᛒᛚᚩᚩᛞᛋᛏᚩᚾᛖ,452
windjammer,91600,0,ᚹᛁᚾᛞᛂᚪᛗᛗᛖᚱ,522
proctology,91520,0,ᛈᚱᚩᚳᛏᚩᛚᚩᚷᚣ,340
discomfiting,91517,0,ᛞᛁᛋᚳᚩᛗᚠᛁᛏᛝ,435
turboprops,91512,0,ᛏᚢᚱᛒᚩᛈᚱᚩᛈᛋ,298
gangsterism,91511,0,ᚷᚪᛝᛋᛏᛖᚱᛁᛋᛗ,538
septicemic,91497,0,ᛋᛖᛈᛏᛁᚳᛖᛗᛁᚳ,448
downdrafts,91466,0,ᛞᚩᚹᚾᛞᚱᚪᚠᛏᛋ,455
pomologist,91367,0,ᛈᚩᛗᚩᛚᚩᚷᛁᛋᛏ,368
declassify,91309,0,ᛞᛖᚳᛚᚪᛋᛋᛁᚠᚣ,581
sultanates,91298,0,ᛋᚢᛚᛏᚪᚾᚪᛏᛖᛋ,590
quenchless,91215,0,ᚳᚹᛖᚾᚳᚻᛚᛖᛋᛋ,410
efficacies,91200,0,ᛖᚠᚠᛁᚳᚪᚳᛁᛖᛋ,376
parenthetic,91179,0,ᛈᚪᚱᛖᚾᚦᛖᛏᛁᚳ,422
sublimates,91159,0,ᛋᚢᛒᛚᛁᛗᚪᛏᛖᛋ,568
bluebonnet,91153,0,ᛒᛚᚢᛖᛒᚩᚾᚾᛖᛏ,456
gallivanting,91127,0,ᚷᚪᛚᛚᛁᚢᚪᚾᛏᛝ,558
venomously,91065,0,ᚢᛖᚾᚩᛗᚩᚢᛋᛚᚣ,416
mouthwashes,90945,0,ᛗᚩᚢᚦᚹᚪᛋᚻᛖᛋ,398
newsweekly,90913,0,ᚾᛖᚹᛋᚹᛖᛖᚳᛚᚣ,510
wardenship,90782,0,ᚹᚪᚱᛞᛖᚾᛋᚻᛁᛈ,462
interlingual,90717,0,ᛁᚾᛏᛖᚱᛚᛝᚢᚪᛚ,522
calciferol,90712,0,ᚳᚪᛚᚳᛁᚠᛖᚱᚩᛚ,387
immunogens,90709,0,ᛁᛗᛗᚢᚾᚩᚷᛖᚾᛋ,378
backslidings,90650,0,ᛒᚪᚳᚳᛋᛚᛁᛞᛝᛋ,562
extenuated,90569,0,ᛖᛉᛏᛖᚾᚢᚪᛏᛖᛞ,584
sanctifier,90471,0,ᛋᚪᚾᚳᛏᛁᚠᛁᛖᚱ,393
hemophiliac,90430,0,ᚻᛖᛗᚩᛈᚻᛁᛚᛡᚳ,458
unenforced,90416,0,ᚢᚾᛖᚾᚠᚩᚱᚳᛖᛞ,317
kitakyushu,90392,0,ᚳᛁᛏᚪᚳᚣᚢᛋᚻᚢ,398
patronizes,90375,0,ᛈᚪᛏᚱᚩᚾᛁᛋᛖᛋ,450
deflowered,90345,0,ᛞᛖᚠᛚᚩᚹᛖᚱᛖᛞ,491
margravine,90268,0,ᛗᚪᚱᚷᚱᚪᚢᛁᚾᛖ,434
rencontres,90208,0,ᚱᛖᚾᚳᚩᚾᛏᚱᛖᛋ,346
examinable,90169,0,ᛖᛉᚪᛗᛁᚾᚪᛒᛚᛖ,640
knockabout,90154,0,ᚳᚾᚩᚳᚳᚪᛒᚩᚢᛏ,302
mistassini,90088,0,ᛗᛁᛋᛏᚪᛋᛋᛁᚾᛁ,508
tenantable,90071,0,ᛏᛖᚾᚪᚾᛏᚪᛒᛚᛖ,638
intactness,90069,0,ᛁᚾᛏᚪᚳᛏᚾᛖᛋᛋ,490
timorously,89964,0,ᛏᛁᛗᚩᚱᚩᚢᛋᛚᚣ,418
unreadiness,89959,0,ᚢᚾᚱᛠᛞᛁᚾᛖᛋᛋ,474
superstate,89830,0,ᛋᚢᛈᛖᚱᛋᛏᚪᛏᛖ,512
sympathiser,89826,0,ᛋᚣᛗᛈᚪᚦᛁᛋᛖᚱ,534
dauphiness,89792,0,ᛞᚪᚢᛈᚻᛁᚾᛖᛋᛋ,488
monarchism,89688,0,ᛗᚩᚾᚪᚱᚳᚻᛁᛋᛗ,406
whitetails,89685,0,ᚹᚻᛁᛏᛖᛏᚪᛁᛚᛋ,512
necrophilia,89603,0,ᚾᛖᚳᚱᚩᛈᚻᛁᛚᛡ,404
inchoative,89517,0,ᛁᚾᚳᚻᚩᚪᛏᛁᚢᛖ,360
impropriate,89481,0,ᛁᛗᛈᚱᚩᛈᚱᛡᛏᛖ,450
nymphomania,89479,0,ᚾᚣᛗᛈᚻᚩᛗᚪᚾᛡ,580
springboards,89470,0,ᛋᛈᚱᛝᛒᚩᚪᚱᛞᛋ,504
misbehaves,89465,0,ᛗᛁᛋᛒᛖᚻᚪᚢᛖᛋ,526
yellowlegs,89463,0,ᚣᛖᛚᛚᚩᚹᛚᛖᚷᛋ,552
vielleicht,89449,0,ᚢᛁᛖᛚᛚᛖᛁᚳᚻᛏ,440
executants,89418,0,ᛖᛉᛖᚳᚢᛏᚪᚾᛏᛋ,494
congruently,89408,0,ᚳᚩᛝᚱᚢᛖᚾᛏᛚᚣ,444
houseguest,89346,0,ᚻᚩᚢᛋᛖᚷᚢᛖᛋᛏ,352
barberries,89315,0,ᛒᚪᚱᛒᛖᚱᚱᛁᛖᛋ,470
resurrects,89277,0,ᚱᛖᛋᚢᚱᚱᛖᚳᛏᛋ,348
animadvert,89242,0,ᚪᚾᛁᛗᚪᛞᚢᛖᚱᛏ,554
chanceries,89235,0,ᚳᚻᚪᚾᚳᛖᚱᛁᛖᛋ,404
loganberry,89173,0,ᛚᚩᚷᚪᚾᛒᛖᚱᚱᚣ,476
convectors,89164,0,ᚳᚩᚾᚢᛖᚳᛏᚩᚱᛋ,262
driverless,89012,0,ᛞᚱᛁᚢᛖᚱᛚᛖᛋᛋ,458
shillelagh,88977,0,ᛋᚻᛁᛚᛚᛖᛚᚪᚷᚻ,530
patisserie,88883,0,ᛈᚪᛏᛁᛋᛋᛖᚱᛁᛖ,512
botrychium,88842,0,ᛒᚩᛏᚱᚣᚳᚻᛁᚢᛗ,382
cussedness,88783,0,ᚳᚢᛋᛋᛖᛞᚾᛖᛋᛋ,480
mandragora,88707,0,ᛗᚪᚾᛞᚱᚪᚷᚩᚱᚪ,526
unauthentic,88637,0,ᚢᚾᚪᚢᚦᛖᚾᛏᛁᚳ,336
interphone,88613,0,ᛁᚾᛏᛖᚱᛈᚻᚩᚾᛖ,366
hippocampi,88610,0,ᚻᛁᛈᛈᚩᚳᚪᛗᛈᛁ,402
polygraphs,88606,0,ᛈᚩᛚᚣᚷᚱᚪᛈᚻᛋ,470
battledore,88497,0,ᛒᚪᛏᛏᛚᛖᛞᚩᚱᛖ,590
anthologist,88496,0,ᚪᚾᚦᚩᛚᚩᚷᛁᛋᛏ,378
bacchanals,88444,0,ᛒᚪᚳᚳᚻᚪᚾᚪᛚᛋ,556
stockbroking,88424,0,ᛋᛏᚩᚳᚳᛒᚱᚩᚳᛝ,316
fungibility,88419,0,ᚠᚢᛝᛁᛒᛁᛚᛁᛏᚣ,473
fluoresces,88395,0,ᚠᛚᚢᚩᚱᛖᛋᚳᛖᛋ,349
compatibly,88367,0,ᚳᚩᛗᛈᚪᛏᛁᛒᛚᚣ,558
recessives,88319,0,ᚱᛖᚳᛖᛋᛋᛁᚢᛖᛋ,418
corkscrews,88296,0,ᚳᚩᚱᚳᛋᚳᚱᛖᚹᛋ,260
crocodilian,88269,0,ᚳᚱᚩᚳᚩᛞᛁᛚᛡᚾ,380
denaturant,88216,0,ᛞᛖᚾᚪᛏᚢᚱᚪᚾᛏ,540
mustachioed,88163,0,ᛗᚢᛋᛏᚪᚳᚻᛡᛖᛞ,582
handwritings,88105,0,ᚻᚪᚾᛞᚹᚱᛁᛏᛝᛋ,490
unorthodoxy,88090,0,ᚢᚾᚩᚱᚦᚩᛞᚩᛉᚣ,308
paralytics,88047,0,ᛈᚪᚱᚪᛚᚣᛏᛁᚳᛋ,580
retrograding,88023,0,ᚱᛖᛏᚱᚩᚷᚱᚪᛞᛝ,448
moderations,88009,0,ᛗᚩᛞᛖᚱᚪᛏᛡᚾᛋ,590
speedboats,87959,0,ᛋᛈᛖᛖᛞᛒᚩᚪᛏᛋ,596
anastigmat,87855,0,ᚪᚾᚪᛋᛏᛁᚷᛗᚪᛏ,610
pranksters,87838,0,ᛈᚱᚪᚾᚳᛋᛏᛖᚱᛋ,436
kittiwakes,87810,0,ᚳᛁᛏᛏᛁᚹᚪᚳᛖᛋ,442
pasteurize,87802,0,ᛈᚪᛋᛏᛖᚢᚱᛁᛋᛖ,484
crinolines,87789,0,ᚳᚱᛁᚾᚩᛚᛁᚾᛖᛋ,344
allegorizing,87741,0,ᚪᛚᛚᛖᚷᚩᚱᛁᛋᛝ,508
promotable,87718,0,ᛈᚱᚩᛗᚩᛏᚪᛒᛚᛖ,496
yorkshires,87709,0,ᚣᚩᚱᚳᛋᚻᛁᚱᛖᛋ,372
despoliation,87617,0,ᛞᛖᛋᛈᚩᛚᛡᛏᛡᚾ,634
univocally,87600,0,ᚢᚾᛁᚢᚩᚳᚪᛚᛚᚣ,432
trancelike,87592,0,ᛏᚱᚪᚾᚳᛖᛚᛁᚳᛖ,460
lustrations,87567,0,ᛚᚢᛋᛏᚱᚪᛏᛡᚾᛋ,544
pauperized,87517,0,ᛈᚪᚢᛈᛖᚱᛁᛋᛖᛞ,504
banquettes,87471,0,ᛒᚪᚾᚳᚹᛖᛏᛏᛖᛋ,524
impalement,87433,0,ᛁᛗᛈᚪᛚᛖᛗᛖᚾᛏ,608
hyperboles,87363,0,ᚻᚣᛈᛖᚱᛒᚩᛚᛖᛋ,508
pinkertons,87197,0,ᛈᛁᚾᚳᛖᚱᛏᚩᚾᛋ,342
backslider,87115,0,ᛒᚪᚳᚳᛋᛚᛁᛞᛖᚱ,508
calumniator,86941,0,ᚳᚪᛚᚢᛗᚾᛡᛏᚩᚱ,470
slumberous,86928,0,ᛋᛚᚢᛗᛒᛖᚱᚩᚢᛋ,402
suffixation,86913,0,ᛋᚢᚠᚠᛁᛉᚪᛏᛡᚾ,430
overspreading,86825,0,ᚩᚢᛖᚱᛋᛈᚱᛠᛞᛝ,472
precordium,86633,0,ᛈᚱᛖᚳᚩᚱᛞᛁᚢᛗ,346
convertors,86546,0,ᚳᚩᚾᚢᛖᚱᛏᚩᚱᛋ,260
eventuates,86518,0,ᛖᚢᛖᚾᛏᚢᚪᛏᛖᛋ,504
asteroidal,86514,0,ᚪᛋᛏᛖᚱᚩᛁᛞᚪᛚ,584
artistical,86512,0,ᚪᚱᛏᛁᛋᛏᛁᚳᚪᛚ,524
neoliberals,86442,0,ᚾᛇᛚᛁᛒᛖᚱᚪᛚᛋ,536
assumptive,86418,0,ᚪᛋᛋᚢᛗᛈᛏᛁᚢᛖ,480
advertized,86375,0,ᚪᛞᚢᛖᚱᛏᛁᛋᛖᛞ,566
prelatical,86226,0,ᛈᚱᛖᛚᚪᛏᛁᚳᚪᛚ,564
depopulating,86186,0,ᛞᛖᛈᚩᛈᚢᛚᚪᛏᛝ,560
choreograph,86185,0,ᚳᚻᚩᚱᛇᚷᚱᚪᛈᚻ,286
permanents,86109,0,ᛈᛖᚱᛗᚪᚾᛖᚾᛏᛋ,526
aestheticians,86092,0,ᚫᛋᚦᛖᛏᛁᚳᛡᚾᛋ,518
tortellini,85984,0,ᛏᚩᚱᛏᛖᛚᛚᛁᚾᛁ,440
sailplanes,85916,0,ᛋᚪᛁᛚᛈᛚᚪᚾᛖᛋ,616
assyriology,85906,0,ᚪᛋᛋᚣᚱᛡᛚᚩᚷᚣ,624
footlocker,85905,0,ᚠᚩᚩᛏᛚᚩᚳᚳᛖᚱ,259
fuliginous,85896,0,ᚠᚢᛚᛁᚷᛁᚾᚩᚢᛋ,249
mockingbirds,85890,0,ᛗᚩᚳᚳᛝᛒᛁᚱᛞᛋ,428
prussianism,85853,0,ᛈᚱᚢᛋᛋᛡᚾᛁᛋᛗ,454
detainment,85838,0,ᛞᛖᛏᚪᛁᚾᛗᛖᚾᛏ,598
gymnosperm,85694,0,ᚷᚣᛗᚾᚩᛋᛈᛖᚱᛗ,472
silverside,85629,0,ᛋᛁᛚᚢᛖᚱᛋᛁᛞᛖ,478
boondoggle,85621,0,ᛒᚩᚩᚾᛞᚩᚷᚷᛚᛖ,374
trustfully,85606,0,ᛏᚱᚢᛋᛏᚠᚢᛚᛚᚣ,439
frenziedly,85569,0,ᚠᚱᛖᚾᛋᛁᛖᛞᛚᚣ,525
activeness,85341,0,ᚪᚳᛏᛁᚢᛖᚾᛖᛋᛋ,472
eviscerating,85336,0,ᛖᚢᛁᛋᚳᛖᚱᚪᛏᛝ,480
bacchantes,85241,0,ᛒᚪᚳᚳᚻᚪᚾᛏᛖᛋ,512
nativistic,85179,0,ᚾᚪᛏᛁᚢᛁᛋᛏᛁᚳ,406
travestied,85068,0,ᛏᚱᚪᚢᛖᛋᛏᛁᛖᛞ,536
theirselves,85042,0,ᚦᛖᛁᚱᛋᛖᛚᚢᛖᛋ,430
retaliations,84852,0,ᚱᛖᛏᚪᛚᛡᛏᛡᚾᛋ,662
unbegotten,84809,0,ᚢᚾᛒᛖᚷᚩᛏᛏᛖᚾ,398
anatropous,84729,0,ᚪᚾᚪᛏᚱᚩᛈᚩᚢᛋ,406
proboscidea,84679,0,ᛈᚱᚩᛒᚩᛋᚳᛁᛞᛠ,424
swamplands,84675,0,ᛋᚹᚪᛗᛈᛚᚪᚾᛞᛋ,624
bailiwicks,84669,0,ᛒᚪᛁᛚᛁᚹᛁᚳᚳᛋ,422
lifesavers,84665,0,ᛚᛁᚠᛖᛋᚪᚢᛖᚱᛋ,457
brickfield,84620,0,ᛒᚱᛁᚳᚳᚠᛁᛖᛚᛞ,391
suffocates,84610,0,ᛋᚢᚠᚠᚩᚳᚪᛏᛖᛋ,356
nonseasonal,84600,0,ᚾᚩᚾᛋᛠᛋᚩᚾᚪᛚ,486
decolorize,84558,0,ᛞᛖᚳᚩᛚᚩᚱᛁᛋᛖ,418
allhallows,84516,0,ᚪᛚᛚᚻᚪᛚᛚᚩᚹᛋ,588
preachments,84501,0,ᛈᚱᛠᚳᚻᛗᛖᚾᛏᛋ,478
psalterium,84489,0,ᛈᛋᚪᛚᛏᛖᚱᛁᚢᛗ,508
unfriended,84393,0,ᚢᚾᚠᚱᛁᛖᚾᛞᛖᛞ,417
thessalonian,84381,0,ᚦᛖᛋᛋᚪᛚᚩᚾᛡᚾ,520
monopolising,84366,0,ᛗᚩᚾᚩᛈᚩᛚᛁᛋᛝ,400
discounter,84317,0,ᛞᛁᛋᚳᚩᚢᚾᛏᛖᚱ,362
schoolmarm,84300,0,ᛋᚳᚻᚩᚩᛚᛗᚪᚱᛗ,426
beribboned,84297,0,ᛒᛖᚱᛁᛒᛒᚩᚾᛖᛞ,484
cockchafer,84274,0,ᚳᚩᚳᚳᚳᚻᚪᚠᛖᚱ,259
vorticella,84266,0,ᚢᚩᚱᛏᛁᚳᛖᛚᛚᚪ,434
auscultate,84257,0,ᚪᚢᛋᚳᚢᛚᛏᚪᛏᛖ,524
unawakened,84189,0,ᚢᚾᚪᚹᚪᚳᛖᚾᛖᛞ,510
bluejacket,84146,0,ᛒᛚᚢᛖᛂᚪᚳᚳᛖᛏ,490
bacterially,84023,0,ᛒᚪᚳᛏᛖᚱᛡᛚᛚᚣ,664
optionality,83995,0,ᚩᛈᛏᛡᚾᚪᛚᛁᛏᚣ,608
bulletined,83943,0,ᛒᚢᛚᛚᛖᛏᛁᚾᛖᛞ,552
enmeshment,83894,0,ᛖᚾᛗᛖᛋᚻᛗᛖᚾᛏ,536
premaxillae,83679,0,ᛈᚱᛖᛗᚪᛉᛁᛚᛚᚫ,614
hibernated,83609,0,ᚻᛁᛒᛖᚱᚾᚪᛏᛖᛞ,534
improvises,83598,0,ᛁᛗᛈᚱᚩᚢᛁᛋᛖᛋ,370
trolleybus,83597,0,ᛏᚱᚩᛚᛚᛖᚣᛒᚢᛋ,510
flabbiness,83520,0,ᚠᛚᚪᛒᛒᛁᚾᛖᛋᛋ,527
pinstriped,83505,0,ᛈᛁᚾᛋᛏᚱᛁᛈᛖᛞ,456
fresheners,83380,0,ᚠᚱᛖᛋᚻᛖᚾᛖᚱᛋ,383
fishplates,83338,0,ᚠᛁᛋᚻᛈᛚᚪᛏᛖᛋ,501
agitatedly,83269,0,ᚪᚷᛁᛏᚪᛏᛖᛞᛚᚣ,692
concordats,83252,0,ᚳᚩᚾᚳᚩᚱᛞᚪᛏᛋ,378
propounder,83220,0,ᛈᚱᚩᛈᚩᚢᚾᛞᛖᚱ,310
nonelastic,83197,0,ᚾᚩᚾᛖᛚᚪᛋᛏᛁᚳ,458
readerships,83190,0,ᚱᛠᛞᛖᚱᛋᚻᛁᛈᛋ,490
unbalances,83015,0,ᚢᚾᛒᚪᛚᚪᚾᚳᛖᛋ,522
storekeeping,83004,0,ᛋᛏᚩᚱᛖᚳᛖᛖᛈᛝ,466
sevenpence,82929,0,ᛋᛖᚢᛖᚾᛈᛖᚾᚳᛖ,438
thanatopsis,82901,0,ᚦᚪᚾᚪᛏᚩᛈᛋᛁᛋ,474
convallaria,82831,0,ᚳᚩᚾᚢᚪᛚᛚᚪᚱᛡ,510
unethically,82785,0,ᚢᚾᛖᚦᛁᚳᚪᛚᛚᚣ,494
lusterless,82784,0,ᛚᚢᛋᛏᛖᚱᛚᛖᛋᛋ,512
hypothesise,82782,0,ᚻᚣᛈᚩᚦᛖᛋᛁᛋᛖ,452
afterworld,82744,0,ᚪᚠᛏᛖᚱᚹᚩᚱᛚᛞ,435
autonomies,82730,0,ᚪᚢᛏᚩᚾᚩᛗᛁᛖᛋ,424
corrupters,82728,0,ᚳᚩᚱᚱᚢᛈᛏᛖᚱᛋ,278
florescent,82544,0,ᚠᛚᚩᚱᛖᛋᚳᛖᚾᛏ,381
requiescat,82504,0,ᚱᛖᚳᚹᛁᛖᛋᚳᚪᛏ,430
miniskirts,82484,0,ᛗᛁᚾᛁᛋᚳᛁᚱᛏᛋ,382
impartation,82418,0,ᛁᛗᛈᚪᚱᛏᚪᛏᛡᚾ,604
escadrille,82411,0,ᛖᛋᚳᚪᛞᚱᛁᛚᛚᛖ,574
corruptive,82342,0,ᚳᚩᚱᚱᚢᛈᛏᛁᚢᛖ,248
sodalities,82321,0,ᛋᚩᛞᚪᛚᛁᛏᛁᛖᛋ,560
reinstalling,82279,0,ᚱᛖᛁᚾᛋᛏᚪᛚᛚᛝ,572
bluebottle,82218,0,ᛒᛚᚢᛖᛒᚩᛏᛏᛚᛖ,530
gasholders,82193,0,ᚷᚪᛋᚻᚩᛚᛞᛖᚱᛋ,490
ambulacrum,82109,0,ᚪᛗᛒᚢᛚᚪᚳᚱᚢᛗ,500
butternuts,82061,0,ᛒᚢᛏᛏᛖᚱᚾᚢᛏᛋ,404
recommencing,82054,0,ᚱᛖᚳᚩᛗᛗᛖᚾᚳᛝ,428
discompose,82012,0,ᛞᛁᛋᚳᚩᛗᛈᚩᛋᛖ,434
dachshunds,81950,0,ᛞᚪᚳᚻᛋᚻᚢᚾᛞᛋ,472
vallisneria,81927,0,ᚢᚪᛚᛚᛁᛋᚾᛖᚱᛡ,544
unsurfaced,81903,0,ᚢᚾᛋᚢᚱᚠᚪᚳᛖᛞ,367
diligences,81886,0,ᛞᛁᛚᛁᚷᛖᚾᚳᛖᛋ,470
meadowsweet,81854,0,ᛗᛠᛞᚩᚹᛋᚹᛖᛖᛏ,560
quadrantal,81803,0,ᚳᚹᚪᛞᚱᚪᚾᛏᚪᛚ,584
reassembles,81714,0,ᚱᛠᛋᛋᛖᛗᛒᛚᛖᛋ,618
minnesingers,81708,0,ᛗᛁᚾᚾᛖᛋᛝᛖᚱᛋ,490
leitmotifs,81682,0,ᛚᛖᛁᛏᛗᚩᛏᛁᚠᛋ,453
obeisances,81645,0,ᚩᛒᛖᛁᛋᚪᚾᚳᛖᛋ,478
contrivers,81596,0,ᚳᚩᚾᛏᚱᛁᚢᛖᚱᛋ,284
patagonians,81564,0,ᛈᚪᛏᚪᚷᚩᚾᛡᚾᛋ,538
constipating,81543,0,ᚳᚩᚾᛋᛏᛁᛈᚪᛏᛝ,470
contexture,81506,0,ᚳᚩᚾᛏᛖᛉᛏᚢᚱᛖ,362
sacculated,81450,0,ᛋᚪᚳᚳᚢᛚᚪᛏᛖᛞ,564
gallinules,81410,0,ᚷᚪᛚᛚᛁᚾᚢᛚᛖᛋ,516
anacardium,81344,0,ᚪᚾᚪᚳᚪᚱᛞᛁᚢᛗ,538
undercroft,81287,0,ᚢᚾᛞᛖᚱᚳᚱᚩᚠᛏ,291
unteachable,81229,0,ᚢᚾᛏᛠᚳᚻᚪᛒᛚᛖ,534
allophonic,81168,0,ᚪᛚᛚᚩᛈᚻᚩᚾᛁᚳ,396
scuppernong,81165,0,ᛋᚳᚢᛈᛈᛖᚱᚾᚩᛝ,348
challengingly,81161,0,ᚳᚻᚪᛚᛚᛖᛝᛝᛚᚣ,680
steamfitter,81152,0,ᛋᛏᛠᛗᚠᛁᛏᛏᛖᚱ,521
penitently,81123,0,ᛈᛖᚾᛁᛏᛖᚾᛏᛚᚣ,560
repossessing,81092,0,ᚱᛖᛈᚩᛋᛋᛖᛋᛋᛝ,486
papistical,81066,0,ᛈᚪᛈᛁᛋᛏᛁᚳᚪᛚ,540
restrainer,81032,0,ᚱᛖᛋᛏᚱᚪᛁᚾᛖᚱ,436
infuriatingly,80990,0,ᛁᚾᚠᚢᚱᛡᛏᛝᛚᚣ,497
streamliner,80927,0,ᛋᛏᚱᛠᛗᛚᛁᚾᛖᚱ,514
rencounter,80905,0,ᚱᛖᚾᚳᚩᚢᚾᛏᛖᚱ,296
outlanders,80893,0,ᚩᚢᛏᛚᚪᚾᛞᛖᚱᛋ,488
turtledove,80874,0,ᛏᚢᚱᛏᛚᛖᛞᚩᚢᛖ,438
uncourteous,80845,0,ᚢᚾᚳᚩᚢᚱᛏᛇᚢᛋ,222
roughnecks,80814,0,ᚱᚩᚢᚷᚻᚾᛖᚳᚳᛋ,236
alleviations,80813,0,ᚪᛚᛚᛖᚢᛡᛏᛡᚾᛋ,668
morganatic,80738,0,ᛗᚩᚱᚷᚪᚾᚪᛏᛁᚳ,432
macgregors,80703,0,ᛗᚪᚳᚷᚱᛖᚷᚩᚱᛋ,364
adverbially,80585,0,ᚪᛞᚢᛖᚱᛒᛡᛚᛚᚣ,684
caterwauling,80578,0,ᚳᚪᛏᛖᚱᚹᚪᚢᛚᛝ,518
officialism,80572,0,ᚩᚠᚠᛁᚳᛡᛚᛁᛋᛗ,390
certitudes,80551,0,ᚳᛖᚱᛏᛁᛏᚢᛞᛖᛋ,452
devastates,80540,0,ᛞᛖᚢᚪᛋᛏᚪᛏᛖᛋ,644
piscatorial,80535,0,ᛈᛁᛋᚳᚪᛏᚩᚱᛡᛚ,494
pentapolis,80528,0,ᛈᛖᚾᛏᚪᛈᚩᛚᛁᛋ,502
didactical,80495,0,ᛞᛁᛞᚪᚳᛏᛁᚳᚪᛚ,592
franchiser,80467,0,ᚠᚱᚪᚾᚳᚻᛁᛋᛖᚱ,337
hotchpotch,80457,0,ᚻᚩᛏᚳᚻᛈᚩᛏᚳᚻ,270
montrachet,80449,0,ᛗᚩᚾᛏᚱᚪᚳᚻᛖᛏ,436
flocculate,80431,0,ᚠᛚᚩᚳᚳᚢᛚᚪᛏᛖ,407
lapidaries,80279,0,ᛚᚪᛈᛁᛞᚪᚱᛁᛖᛋ,592
exotically,80239,0,ᛖᛉᚩᛏᛁᚳᚪᛚᛚᚣ,570
peritonaeum,80169,0,ᛈᛖᚱᛁᛏᚩᚾᚫᚢᛗ,422
mouldboard,80167,0,ᛗᚩᚢᛚᛞᛒᚩᚪᚱᛞ,508
equipotent,80163,0,ᛖᚳᚹᛁᛈᚩᛏᛖᚾᛏ,394
escritoire,80158,0,ᛖᛋᚳᚱᛁᛏᚩᛁᚱᛖ,350
helleborus,80150,0,ᚻᛖᛚᛚᛖᛒᚩᚱᚢᛋ,438
inspirited,80108,0,ᛁᚾᛋᛈᛁᚱᛁᛏᛖᛞ,444
extrasolar,80079,0,ᛖᛉᛏᚱᚪᛋᚩᛚᚪᚱ,522
radicalize,80022,0,ᚱᚪᛞᛁᚳᚪᛚᛁᛋᛖ,562
hammerless,80022,0,ᚻᚪᛗᛗᛖᚱᛚᛖᛋᛋ,586
mesothelium,79990,0,ᛗᛖᛋᚩᚦᛖᛚᛁᚢᛗ,448
greenhorns,79989,0,ᚷᚱᛖᛖᚾᚻᚩᚱᚾᛋ,314
centricity,79894,0,ᚳᛖᚾᛏᚱᛁᚳᛁᛏᚣ,416
fornicator,79875,0,ᚠᚩᚱᚾᛁᚳᚪᛏᚩᚱ,267
plentitude,79861,0,ᛈᛚᛖᚾᛏᛁᛏᚢᛞᛖ,520
unrestored,79857,0,ᚢᚾᚱᛖᛋᛏᚩᚱᛖᛞ,396
adaptative,79820,0,ᚪᛞᚪᛈᛏᚪᛏᛁᚢᛖ,642
nightstick,79776,0,ᚾᛁᚷᚻᛏᛋᛏᛁᚳᚳ,328
unstrapped,79701,0,ᚢᚾᛋᛏᚱᚪᛈᛈᛖᛞ,494
infrasonic,79649,0,ᛁᚾᚠᚱᚪᛋᚩᚾᛁᚳ,303
dominatrix,79598,0,ᛞᚩᛗᛁᚾᚪᛏᚱᛁᛉ,472
denominating,79510,0,ᛞᛖᚾᚩᛗᛁᚾᚪᛏᛝ,558
tentatives,79461,0,ᛏᛖᚾᛏᚪᛏᛁᚢᛖᛋ,524
outmatched,79446,0,ᚩᚢᛏᛗᚪᛏᚳᚻᛖᛞ,488
misalliance,79400,0,ᛗᛁᛋᚪᛚᛚᛡᚾᚳᛖ,614
decapitating,79398,0,ᛞᛖᚳᚪᛈᛁᛏᚪᛏᛝ,634
cornishman,79279,0,ᚳᚩᚱᚾᛁᛋᚻᛗᚪᚾ,364
fourchette,79216,0,ᚠᚩᚢᚱᚳᚻᛖᛏᛏᛖ,311
apophthegms,79201,0,ᚪᛈᚩᛈᚻᚦᛖᚷᛗᛋ,426
convalesce,79156,0,ᚳᚩᚾᚢᚪᛚᛖᛋᚳᛖ,422
nullifiers,79054,0,ᚾᚢᛚᛚᛁᚠᛁᛖᚱᛋ,373
contritely,79013,0,ᚳᚩᚾᛏᚱᛁᛏᛖᛚᚣ,452
chambertin,78964,0,ᚳᚻᚪᛗᛒᛖᚱᛏᛁᚾ,462
faultfinding,78954,0,ᚠᚪᚢᛚᛏᚠᛁᚾᛞᛝ,464
migrational,78850,0,ᛗᛁᚷᚱᚪᛏᛡᚾᚪᛚ,592
blacklists,78781,0,ᛒᛚᚪᚳᚳᛚᛁᛋᛏᛋ,526
plagiarisms,78757,0,ᛈᛚᚪᚷᛡᚱᛁᛋᛗᛋ,556
barcarolle,78749,0,ᛒᚪᚱᚳᚪᚱᚩᛚᛚᛖ,510
unlamented,78690,0,ᚢᚾᛚᚪᛗᛖᚾᛏᛖᛞ,584
unreturned,78681,0,ᚢᚾᚱᛖᛏᚢᚱᚾᛖᛞ,368
inhumations,78660,0,ᛁᚾᚻᚢᛗᚪᛏᛡᚾᛋ,502
stigmatise,78564,0,ᛋᛏᛁᚷᛗᚪᛏᛁᛋᛖ,538
meadowlarks,78532,0,ᛗᛠᛞᚩᚹᛚᚪᚱᚳᛋ,542
quadrumana,78493,0,ᚳᚹᚪᛞᚱᚢᛗᚪᚾᚪ,526
corpulency,78461,0,ᚳᚩᚱᛈᚢᛚᛖᚾᚳᚣ,362
neurilemma,78458,0,ᚾᛖᚢᚱᛁᛚᛖᛗᛗᚪ,520
clipboards,78440,0,ᚳᛚᛁᛈᛒᚩᚪᚱᛞᛋ,478
corporeally,78406,0,ᚳᚩᚱᛈᚩᚱᛠᛚᛚᚣ,450
lubumbashi,78357,0,ᛚᚢᛒᚢᛗᛒᚪᛋᚻᛁ,476
pterosaurs,78313,0,ᛈᛏᛖᚱᚩᛋᚪᚢᚱᛋ,404
checkbooks,78258,0,ᚳᚻᛖᚳᚳᛒᚩᚩᚳᛋ,270
unarguable,78168,0,ᚢᚾᚪᚱᚷᚢᚪᛒᛚᛖ,458
unhappiest,78146,0,ᚢᚾᚻᚪᛈᛈᛁᛖᛋᛏ,448
relativize,78145,0,ᚱᛖᛚᚪᛏᛁᚢᛁᛋᛖ,492
verbenaceae,78054,0,ᚢᛖᚱᛒᛖᚾᚪᚳᛠᛖ,524
preoccupies,78048,0,ᛈᚱᛇᚳᚳᚢᛈᛁᛖᛋ,318
gesundheit,77985,0,ᚷᛖᛋᚢᚾᛞᚻᛖᛁᛏ,438
uncarpeted,77957,0,ᚢᚾᚳᚪᚱᛈᛖᛏᛖᛞ,478
kettledrum,77862,0,ᚳᛖᛏᛏᛚᛖᛞᚱᚢᛗ,512
grandniece,77862,0,ᚷᚱᚪᚾᛞᚾᛁᛖᚳᛖ,450
waterlines,77843,0,ᚹᚪᛏᛖᚱᛚᛁᚾᛖᛋ,506
prognathous,77771,0,ᛈᚱᚩᚷᚾᚪᚦᚩᚢᛋ,272
marquesses,77770,0,ᛗᚪᚱᚳᚹᛖᛋᛋᛖᛋ,504
doublespeak,77767,0,ᛞᚩᚢᛒᛚᛖᛋᛈᛠᚳ,518
peculations,77765,0,ᛈᛖᚳᚢᛚᚪᛏᛡᚾᛋ,544
sandbagged,77610,0,ᛋᚪᚾᛞᛒᚪᚷᚷᛖᛞ,616
parapodium,77602,0,ᛈᚪᚱᚪᛈᚩᛞᛁᚢᛗ,492
pontifices,77502,0,ᛈᚩᚾᛏᛁᚠᛁᚳᛖᛋ,335
soubriquet,77482,0,ᛋᚩᚢᛒᚱᛁᚳᚹᛖᛏ,324
thunderheads,77418,0,ᚦᚢᚾᛞᛖᚱᚻᛠᛞᛋ,478
prevenient,77347,0,ᛈᚱᛖᚢᛖᚾᛁᛖᚾᛏ,406
unsupplied,77322,0,ᚢᚾᛋᚢᛈᛈᛚᛁᛖᛞ,434
midfielder,77227,0,ᛗᛁᛞᚠᛁᛖᛚᛞᛖᚱ,531
undogmatic,77187,0,ᚢᚾᛞᚩᚷᛗᚪᛏᛁᚳ,416
coccinella,77168,0,ᚳᚩᚳᚳᛁᚾᛖᛚᛚᚪ,416
spoonbills,77147,0,ᛋᛈᚩᚩᚾᛒᛁᛚᛚᛋ,430
fecundated,77026,0,ᚠᛖᚳᚢᚾᛞᚪᛏᛖᛞ,515
natatorium,77014,0,ᚾᚪᛏᚪᛏᚩᚱᛁᚢᛗ,464
woodcarver,76945,0,ᚹᚩᚩᛞᚳᚪᚱᚢᛖᚱ,324
concussive,76881,0,ᚳᚩᚾᚳᚢᛋᛋᛁᚢᛖ,272
pepperidge,76868,0,ᛈᛖᛈᛈᛖᚱᛁᛞᚷᛖ,478
harmonicas,76737,0,ᚻᚪᚱᛗᚩᚾᛁᚳᚪᛋ,432
observator,76732,0,ᚩᛒᛋᛖᚱᚢᚪᛏᚩᚱ,376
solanaceous,76719,0,ᛋᚩᛚᚪᚾᚪᚳᛇᚢᛋ,466
tumultuary,76708,0,ᛏᚢᛗᚢᛚᛏᚢᚪᚱᚣ,482
troglodyte,76660,0,ᛏᚱᚩᚷᛚᚩᛞᚣᛏᛖ,492
crescendos,76656,0,ᚳᚱᛖᛋᚳᛖᚾᛞᚩᛋ,402
cyclothymic,76567,0,ᚳᚣᚳᛚᚩᚦᚣᛗᛁᚳ,432
sculptress,76486,0,ᛋᚳᚢᛚᛈᛏᚱᛖᛋᛋ,428
prenominal,76467,0,ᛈᚱᛖᚾᚩᛗᛁᚾᚪᛚ,458
dispersals,76425,0,ᛞᛁᛋᛈᛖᚱᛋᚪᛚᛋ,570
panellists,76423,0,ᛈᚪᚾᛖᛚᛚᛁᛋᛏᛋ,578
tonelessly,76393,0,ᛏᚩᚾᛖᛚᛖᛋᛋᛚᚣ,584
motiveless,76352,0,ᛗᚩᛏᛁᚢᛖᛚᛖᛋᛋ,484
unavailingly,76297,0,ᚢᚾᚪᚢᚪᛁᛚᛝᛚᚣ,588
juvenility,76196,0,ᛂᚢᚢᛖᚾᛁᛚᛁᛏᚣ,436
weatherstrip,76132,0,ᚹᛠᚦᛖᚱᛋᛏᚱᛁᛈ,408
autopilots,76077,0,ᚪᚢᛏᚩᛈᛁᛚᚩᛏᛋ,432
lifelessly,76058,0,ᛚᛁᚠᛖᛚᛖᛋᛋᛚᚣ,595
germanized,76041,0,ᚷᛖᚱᛗᚪᚾᛁᛋᛖᛞ,532
scenically,75995,0,ᛋᚳᛖᚾᛁᚳᚪᛚᛚᚣ,552
futurology,75988,0,ᚠᚢᛏᚢᚱᚩᛚᚩᚷᚣ,285
leoncavallo,75898,0,ᛚᛇᚾᚳᚪᚢᚪᛚᛚᚩ,506
insentient,75864,0,ᛁᚾᛋᛖᚾᛏᛁᛖᚾᛏ,454
corallines,75843,0,ᚳᚩᚱᚪᛚᛚᛁᚾᛖᛋ,454
reipublicae,75808,0,ᚱᛖᛁᛈᚢᛒᛚᛁᚳᚫ,434
syndicator,75780,0,ᛋᚣᚾᛞᛁᚳᚪᛏᚩᚱ,492
shortchange,75667,0,ᛋᚻᚩᚱᛏᚳᚻᚪᛝᛖ,432
slavophile,75619,0,ᛋᛚᚪᚢᚩᛈᚻᛁᛚᛖ,470
coronaries,75592,0,ᚳᚩᚱᚩᚾᚪᚱᛁᛖᛋ,326
sidesaddle,75575,0,ᛋᛁᛞᛖᛋᚪᛞᛞᛚᛖ,708
transudate,75434,0,ᛏᚱᚪᚾᛋᚢᛞᚪᛏᛖ,564
appraisingly,75365,0,ᚪᛈᛈᚱᚪᛁᛋᛝᛚᚣ,630
prokaryote,75258,0,ᛈᚱᚩᚳᚪᚱᚣᚩᛏᛖ,418
seigneurie,75241,0,ᛋᛖᛁᚷᚾᛖᚢᚱᛁᛖ,376
ejectments,75209,0,ᛖᛂᛖᚳᛏᛗᛖᚾᛏᛋ,522
untalented,75170,0,ᚢᚾᛏᚪᛚᛖᚾᛏᛖᛞ,572
foreperson,75114,0,ᚠᚩᚱᛖᛈᛖᚱᛋᚩᚾ,297
chamomilla,75109,0,ᚳᚻᚪᛗᚩᛗᛁᛚᛚᚪ,556
bootblacks,75085,0,ᛒᚩᚩᛏᛒᛚᚪᚳᚳᛋ,444
vulgarisms,75079,0,ᚢᚢᛚᚷᚪᚱᛁᛋᛗᛋ,412
furnitures,74976,0,ᚠᚢᚱᚾᛁᛏᚢᚱᛖᛋ,269
capsulated,74957,0,ᚳᚪᛈᛋᚢᛚᚪᛏᛖᛞ,594
economizes,74893,0,ᛖᚳᚩᚾᚩᛗᛁᛋᛖᛋ,398
silverwork,74857,0,ᛋᛁᛚᚢᛖᚱᚹᚩᚱᚳ,288
unrealities,74853,0,ᚢᚾᚱᛠᛚᛁᛏᛁᛖᛋ,466
collocates,74827,0,ᚳᚩᛚᛚᚩᚳᚪᛏᛖᛋ,462
belaboured,74822,0,ᛒᛖᛚᚪᛒᚩᚢᚱᛖᛞ,536
unanchored,74785,0,ᚢᚾᚪᚾᚳᚻᚩᚱᛖᛞ,368
schizogony,74774,0,ᛋᚳᚻᛁᛋᚩᚷᚩᚾᚣ,336
washbasins,74715,0,ᚹᚪᛋᚻᛒᚪᛋᛁᚾᛋ,516
traversals,74534,0,ᛏᚱᚪᚢᛖᚱᛋᚪᛚᛋ,524
abominated,74522,0,ᚪᛒᚩᛗᛁᚾᚪᛏᛖᛞ,608
footstalks,74499,0,ᚠᚩᚩᛏᛋᛏᚪᛚᚳᛋ,423
uncouthness,74475,0,ᚢᚾᚳᚩᚢᚦᚾᛖᛋᛋ,262
uncanceled,74468,0,ᚢᚾᚳᚪᚾᚳᛖᛚᛖᛞ,480
sensitives,74420,0,ᛋᛖᚾᛋᛁᛏᛁᚢᛖᛋ,446
promenaded,74389,0,ᛈᚱᚩᛗᛖᚾᚪᛞᛖᛞ,570
contrabass,74369,0,ᚳᚩᚾᛏᚱᚪᛒᚪᛋᛋ,480
friendlies,74352,0,ᚠᚱᛁᛖᚾᛞᛚᛁᛖᛋ,453
boyishness,74349,0,ᛒᚩᚣᛁᛋᚻᚾᛖᛋᛋ,480
nephrotomy,74301,0,ᚾᛖᛈᚻᚱᚩᛏᚩᛗᚣ,420
larvicides,74263,0,ᛚᚪᚱᚢᛁᚳᛁᛞᛖᛋ,468
arquebuses,74203,0,ᚪᚱᚳᚹᛖᛒᚢᛋᛖᛋ,444
foremothers,74148,0,ᚠᚩᚱᛖᛗᚩᚦᛖᚱᛋ,301
victimizer,74145,0,ᚢᛁᚳᛏᛁᛗᛁᛋᛖᚱ,370
mettlesome,74119,0,ᛗᛖᛏᛏᛚᛖᛋᚩᛗᛖ,594
tortuously,74107,0,ᛏᚩᚱᛏᚢᚩᚢᛋᛚᚣ,378
equability,73999,0,ᛖᚳᚹᚪᛒᛁᛚᛁᛏᚣ,554
snowballed,73832,0,ᛋᚾᚩᚹᛒᚪᛚᛚᛖᛞ,568
dreadnaught,73779,0,ᛞᚱᛠᛞᚾᚪᚢᚷᚻᛏ,526
unwrinkled,73747,0,ᚢᚾᚹᚱᛁᚾᚳᛚᛖᛞ,364
balloonist,73737,0,ᛒᚪᛚᛚᚩᚩᚾᛁᛋᛏ,490
semiliquid,73726,0,ᛋᛖᛗᛁᛚᛁᚳᚹᛁᛞ,478
appositely,73674,0,ᚪᛈᛈᚩᛋᛁᛏᛖᛚᚣ,576
scaffoldings,73658,0,ᛋᚳᚪᚠᚠᚩᛚᛞᛝᛋ,468
seigniories,73636,0,ᛋᛖᛁᚷᚾᛡᚱᛁᛖᛋ,466
grandsires,73630,0,ᚷᚱᚪᚾᛞᛋᛁᚱᛖᛋ,458
expurgation,73603,0,ᛖᛉᛈᚢᚱᚷᚪᛏᛡᚾ,480
basketwork,73555,0,ᛒᚪᛋᚳᛖᛏᚹᚩᚱᚳ,400
brutalised,73554,0,ᛒᚱᚢᛏᚪᛚᛁᛋᛖᛞ,544
economised,73515,0,ᛖᚳᚩᚾᚩᛗᛁᛋᛖᛞ,434
overdriven,73505,0,ᚩᚢᛖᚱᛞᚱᛁᚢᛖᚾ,318
tricolored,73386,0,ᛏᚱᛁᚳᚩᛚᚩᚱᛖᛞ,368
liquefiable,73344,0,ᛚᛁᚳᚹᛖᚠᛡᛒᛚᛖ,513
subtilties,73327,0,ᛋᚢᛒᛏᛁᛚᛏᛁᛖᛋ,490
cheeriness,73301,0,ᚳᚻᛖᛖᚱᛁᚾᛖᛋᛋ,414
brightener,73230,0,ᛒᚱᛁᚷᚻᛏᛖᚾᛖᚱ,376
sporophore,73227,0,ᛋᛈᚩᚱᚩᛈᚻᚩᚱᛖ,272
phalaropes,73227,0,ᛈᚻᚪᛚᚪᚱᚩᛈᛖᛋ,514
analysable,73226,0,ᚪᚾᚪᛚᚣᛋᚪᛒᛚᛖ,750
blindfolds,73147,0,ᛒᛚᛁᚾᛞᚠᚩᛚᛞᛋ,507
isothermals,73119,0,ᛁᛋᚩᚦᛖᚱᛗᚪᛚᛋ,468
broadcloths,73070,0,ᛒᚱᚩᚪᛞᚳᛚᚩᚦᛋ,416
inveteracy,73004,0,ᛁᚾᚢᛖᛏᛖᚱᚪᚳᚣ,480
literarily,72897,0,ᛚᛁᛏᛖᚱᚪᚱᛁᛚᚣ,556
epithalamion,72877,0,ᛖᛈᛁᚦᚪᛚᚪᛗᛡᚾ,620
beastliness,72852,0,ᛒᛠᛋᛏᛚᛁᚾᛖᛋᛋ,588
landscaper,72835,0,ᛚᚪᚾᛞᛋᚳᚪᛈᛖᚱ,572
semiaquatic,72769,0,ᛋᛖᛗᛡᚳᚹᚪᛏᛁᚳ,530
whitethroat,72686,0,ᚹᚻᛁᛏᛖᚦᚱᚩᚪᛏ,378
reinterred,72422,0,ᚱᛖᛁᚾᛏᛖᚱᚱᛖᛞ,442
dishonours,72401,0,ᛞᛁᛋᚻᚩᚾᚩᚢᚱᛋ,306
christofer,72401,0,ᚳᚻᚱᛁᛋᛏᚩᚠᛖᚱ,277
footstools,72354,0,ᚠᚩᚩᛏᛋᛏᚩᚩᛚᛋ,327
oklahomans,72266,0,ᚩᚳᛚᚪᚻᚩᛗᚪᚾᛋ,470
harrumphed,72201,0,ᚻᚪᚱᚱᚢᛗᛈᚻᛖᛞ,438
trihydroxy,72158,0,ᛏᚱᛁᚻᚣᛞᚱᚩᛉᚣ,484
railwayman,72107,0,ᚱᚪᛁᛚᚹᚪᚣᛗᚪᚾ,628
bootmakers,72091,0,ᛒᚩᚩᛏᛗᚪᚳᛖᚱᛋ,446
tribunician,72055,0,ᛏᚱᛁᛒᚢᚾᛁᚳᛡᚾ,374
concealable,71995,0,ᚳᚩᚾᚳᛠᛚᚪᛒᛚᛖ,542
baggageman,71990,0,ᛒᚪᚷᚷᚪᚷᛖᛗᚪᚾ,570
centesimal,71965,0,ᚳᛖᚾᛏᛖᛋᛁᛗᚪᛚ,560
monotheists,71940,0,ᛗᚩᚾᚩᚦᛖᛁᛋᛏᛋ,382
petitionary,71892,0,ᛈᛖᛏᛁᛏᛡᚾᚪᚱᚣ,606
mousseline,71866,0,ᛗᚩᚢᛋᛋᛖᛚᛁᚾᛖ,454
governable,71864,0,ᚷᚩᚢᛖᚱᚾᚪᛒᛚᛖ,432
mezzotinto,71807,0,ᛗᛖᛋᛋᚩᛏᛁᚾᛏᚩ,436
intertrigo,71797,0,ᛁᚾᛏᛖᚱᛏᚱᛁᚷᚩ,322
cankerworm,71774,0,ᚳᚪᚾᚳᛖᚱᚹᚩᚱᛗ,338
chromatics,71755,0,ᚳᚻᚱᚩᛗᚪᛏᛁᚳᛋ,378
slipcovers,71721,0,ᛋᛚᛁᛈᚳᚩᚢᛖᚱᛋ,354
orphanhood,71721,0,ᚩᚱᛈᚻᚪᚾᚻᚩᚩᛞ,336
supperless,71673,0,ᛋᚢᛈᛈᛖᚱᛚᛖᛋᛋ,466
groundsman,71601,0,ᚷᚱᚩᚢᚾᛞᛋᛗᚪᚾ,406
epicentres,71526,0,ᛖᛈᛁᚳᛖᚾᛏᚱᛖᛋ,440
caryatides,71517,0,ᚳᚪᚱᚣᚪᛏᛁᛞᛖᛋ,620
unsuitably,71434,0,ᚢᚾᛋᚢᛁᛏᚪᛒᛚᚣ,512
conscripting,71412,0,ᚳᚩᚾᛋᚳᚱᛁᛈᛏᛝ,338
keratotomy,71335,0,ᚳᛖᚱᚪᛏᚩᛏᚩᛗᚣ,494
weatherboard,71210,0,ᚹᛠᚦᛖᚱᛒᚩᚪᚱᛞ,476
resumptions,71199,0,ᚱᛖᛋᚢᛗᛈᛏᛡᚾᛋ,496
indurations,71197,0,ᛁᚾᛞᚢᚱᚪᛏᛡᚾᛋ,508
ploughland,71184,0,ᛈᛚᚩᚢᚷᚻᛚᚪᚾᛞ,454
quintupled,71183,0,ᚳᚹᛁᚾᛏᚢᛈᛚᛖᛞ,426
exhilarate,71141,0,ᛖᛉᚻᛁᛚᚪᚱᚪᛏᛖ,572
cicatrized,71141,0,ᚳᛁᚳᚪᛏᚱᛁᛋᛖᛞ,464
overwrites,71134,0,ᚩᚢᛖᚱᚹᚱᛁᛏᛖᛋ,328
flatfishes,71126,0,ᚠᛚᚪᛏᚠᛁᛋᚻᛖᛋ,460
uruguayans,71122,0,ᚢᚱᚢᚷᚢᚪᚣᚪᚾᛋ,416
anointment,71045,0,ᚪᚾᚩᛁᚾᛏᛗᛖᚾᛏ,478
heulandite,71005,0,ᚻᛖᚢᛚᚪᚾᛞᛁᛏᛖ,538
sepulchers,71002,0,ᛋᛖᛈᚢᛚᚳᚻᛖᚱᛋ,406
fascioliasis,70996,0,ᚠᚪᛋᚳᛡᛚᛡᛋᛁᛋ,589
arytenoids,70944,0,ᚪᚱᚣᛏᛖᚾᚩᛁᛞᛋ,546
somatotype,70897,0,ᛋᚩᛗᚪᛏᚩᛏᚣᛈᛖ,566
biocatalyst,70844,0,ᛒᛡᚳᚪᛏᚪᛚᚣᛋᛏ,722
bloodstock,70843,0,ᛒᛚᚩᚩᛞᛋᛏᚩᚳᚳ,382
whisperers,70821,0,ᚹᚻᛁᛋᛈᛖᚱᛖᚱᛋ,378
bakehouses,70803,0,ᛒᚪᚳᛖᚻᚩᚢᛋᛖᛋ,444
fabricants,70764,0,ᚠᚪᛒᚱᛁᚳᚪᚾᛏᛋ,453
heliotherapy,70641,0,ᚻᛖᛚᛡᚦᛖᚱᚪᛈᚣ,596
spirochaete,70595,0,ᛋᛈᛁᚱᚩᚳᚻᚫᛏᛖ,408
unpackaged,70559,0,ᚢᚾᛈᚪᚳᚳᚪᚷᛖᛞ,468
millicurie,70558,0,ᛗᛁᛚᛚᛁᚳᚢᚱᛁᛖ,404
despoilers,70531,0,ᛞᛖᛋᛈᚩᛁᛚᛖᚱᛋ,494
plenteously,70529,0,ᛈᛚᛖᚾᛏᛇᚢᛋᛚᚣ,544
shirtfront,70446,0,ᛋᚻᛁᚱᛏᚠᚱᚩᚾᛏ,285
surefooted,70369,0,ᛋᚢᚱᛖᚠᚩᚩᛏᛖᛞ,365
hypnotists,70354,0,ᚻᚣᛈᚾᚩᛏᛁᛋᛏᛋ,460
davenports,70346,0,ᛞᚪᚢᛖᚾᛈᚩᚱᛏᛋ,458
halocarbon,70334,0,ᚻᚪᛚᚩᚳᚪᚱᛒᚩᚾ,418
audiometers,70282,0,ᚪᚢᛞᛡᛗᛖᛏᛖᚱᛋ,624
dishabille,70269,0,ᛞᛁᛋᚻᚪᛒᛁᛚᛚᛖ,598
declaimers,70250,0,ᛞᛖᚳᛚᚪᛁᛗᛖᚱᛋ,572
capitulary,70243,0,ᚳᚪᛈᛁᛏᚢᛚᚪᚱᚣ,530
budgerigar,70226,0,ᛒᚢᛞᚷᛖᚱᛁᚷᚪᚱ,404
megaphones,70204,0,ᛗᛖᚷᚪᛈᚻᚩᚾᛖᛋ,474
rheumatics,70198,0,ᚱᚻᛖᚢᛗᚪᛏᛁᚳᛋ,428
redistrict,70195,0,ᚱᛖᛞᛁᛋᛏᚱᛁᚳᛏ,424
unlimbered,70189,0,ᚢᚾᛚᛁᛗᛒᛖᚱᛖᛞ,502
artemisium,70185,0,ᚪᚱᛏᛖᛗᛁᛋᛁᚢᛗ,494
blasphemes,70174,0,ᛒᛚᚪᛋᛈᚻᛖᛗᛖᛋ,608
introspect,70162,0,ᛁᚾᛏᚱᚩᛋᛈᛖᚳᛏ,372
financiering,70132,0,ᚠᛁᚾᚪᚾᚳᛁᛖᚱᛝ,389
cowpuncher,70117,0,ᚳᚩᚹᛈᚢᚾᚳᚻᛖᚱ,228
underskirt,70081,0,ᚢᚾᛞᛖᚱᛋᚳᛁᚱᛏ,366
aspidistra,70024,0,ᚪᛋᛈᛁᛞᛁᛋᛏᚱᚪ,564
recombines,69992,0,ᚱᛖᚳᚩᛗᛒᛁᚾᛖᛋ,410
majestical,69916,0,ᛗᚪᛂᛖᛋᛏᛁᚳᚪᛚ,598
ungratified,69880,0,ᚢᛝᚱᚪᛏᛁᚠᛁᛖᛞ,469
narcotized,69870,0,ᚾᚪᚱᚳᚩᛏᛁᛋᛖᛞ,456
virologist,69844,0,ᚢᛁᚱᚩᛚᚩᚷᛁᛋᛏ,292
shellacked,69761,0,ᛋᚻᛖᛚᛚᚪᚳᚳᛖᛞ,568
saxifrages,69729,0,ᛋᚪᛉᛁᚠᚱᚪᚷᛖᛋ,475
speechifying,69719,0,ᛋᛈᛖᛖᚳᚻᛁᚠᚣᛝ,481
salutatory,69627,0,ᛋᚪᛚᚢᛏᚪᛏᚩᚱᚣ,562
concourses,69562,0,ᚳᚩᚾᚳᚩᚢᚱᛋᛖᛋ,256
deactivates,69498,0,ᛞᛠᚳᛏᛁᚢᚪᛏᛖᛋ,580
abbreviates,69484,0,ᚪᛒᛒᚱᛖᚢᛡᛏᛖᛋ,586
sonorously,69448,0,ᛋᚩᚾᚩᚱᚩᚢᛋᛚᚣ,346
calceolarias,69445,0,ᚳᚪᛚᚳᛇᛚᚪᚱᛡᛋ,578
undercoating,69435,0,ᚢᚾᛞᛖᚱᚳᚩᚪᛏᛝ,454
goodhearted,69376,0,ᚷᚩᚩᛞᚻᛠᚱᛏᛖᛞ,478
broodiness,69354,0,ᛒᚱᚩᚩᛞᛁᚾᛖᛋᛋ,408
arthroscope,69335,0,ᚪᚱᚦᚱᚩᛋᚳᚩᛈᛖ,314
bacchanalia,69323,0,ᛒᚪᚳᚳᚻᚪᚾᚪᛚᛡ,610
cardiospasm,69315,0,ᚳᚪᚱᛞᛡᛋᛈᚪᛋᛗ,634
fundaments,69281,0,ᚠᚢᚾᛞᚪᛗᛖᚾᛏᛋ,499
ergonovine,69162,0,ᛖᚱᚷᚩᚾᚩᚢᛁᚾᛖ,268
honeymoons,69124,0,ᚻᚩᚾᛖᚣᛗᚩᚩᚾᛋ,396
hagiographa,69116,0,ᚻᚪᚷᛡᚷᚱᚪᛈᚻᚪ,532
stereoscopy,69062,0,ᛋᛏᛖᚱᛇᛋᚳᚩᛈᚣ,450
cummerbund,68985,0,ᚳᚢᛗᛗᛖᚱᛒᚢᚾᛞ,418
laundrymen,68938,0,ᛚᚪᚢᚾᛞᚱᚣᛗᛖᚾ,572
catechized,68897,0,ᚳᚪᛏᛖᚳᚻᛁᛋᛖᛞ,512
unassailed,68858,0,ᚢᚾᚪᛋᛋᚪᛁᛚᛖᛞ,592
futilities,68858,0,ᚠᚢᛏᛁᛚᛁᛏᛁᛖᛋ,409
intermedial,68853,0,ᛁᚾᛏᛖᚱᛗᛖᛞᛡᛚ,604
metronomic,68850,0,ᛗᛖᛏᚱᚩᚾᚩᛗᛁᚳ,366
pitchstone,68731,0,ᛈᛁᛏᚳᚻᛋᛏᚩᚾᛖ,384
louisianians,68686,0,ᛚᚩᚢᛁᛋᛡᚾᛡᚾᛋ,492
erastianism,68628,0,ᛖᚱᚪᛋᛏᛡᚾᛁᛋᛗ,578
thumbscrews,68621,0,ᚦᚢᛗᛒᛋᚳᚱᛖᚹᛋ,356
viscometry,68538,0,ᚢᛁᛋᚳᚩᛗᛖᛏᚱᚣ,418
unscrambling,68494,0,ᚢᚾᛋᚳᚱᚪᛗᛒᛚᛝ,490
cosmically,68463,0,ᚳᚩᛋᛗᛁᚳᚪᛚᛚᚣ,534
commercium,68425,0,ᚳᚩᛗᛗᛖᚱᚳᛁᚢᛗ,358
diplodocus,68423,0,ᛞᛁᛈᛚᚩᛞᚩᚳᚢᛋ,408
calibrates,68394,0,ᚳᚪᛚᛁᛒᚱᚪᛏᛖᛋ,562
recipiency,68327,0,ᚱᛖᚳᛁᛈᛁᛖᚾᚳᚣ,408
instructer,68259,0,ᛁᚾᛋᛏᚱᚢᚳᛏᛖᚱ,336
secularize,68228,0,ᛋᛖᚳᚢᛚᚪᚱᛁᛋᛖ,468
bandoliers,68192,0,ᛒᚪᚾᛞᚩᛚᛁᛖᚱᛋ,518
cockfights,68159,0,ᚳᚩᚳᚳᚠᛁᚷᚻᛏᛋ,231
unguardedly,68158,0,ᚢᛝᚢᚪᚱᛞᛖᛞᛚᚣ,614
corporally,68086,0,ᚳᚩᚱᛈᚩᚱᚪᛚᛚᚣ,438
cohabitant,68072,0,ᚳᚩᚻᚪᛒᛁᛏᚪᚾᛏ,476
pastrycook,68062,0,ᛈᚪᛋᛏᚱᚣᚳᚩᚩᚳ,406
referrible,68061,0,ᚱᛖᚠᛖᚱᚱᛁᛒᛚᛖ,401
mechanists,68036,0,ᛗᛖᚳᚻᚪᚾᛁᛋᛏᛋ,496
apostatize,68007,0,ᚪᛈᚩᛋᛏᚪᛏᛁᛋᛖ,566
unbeautiful,67993,0,ᚢᚾᛒᛠᚢᛏᛁᚠᚢᛚ,373
laryngismus,67969,0,ᛚᚪᚱᚣᛝᛁᛋᛗᚢᛋ,574
flatulency,67931,0,ᚠᛚᚪᛏᚢᛚᛖᚾᚳᚣ,519
curbstones,67876,0,ᚳᚢᚱᛒᛋᛏᚩᚾᛖᛋ,356
tenability,67832,0,ᛏᛖᚾᚪᛒᛁᛚᛁᛏᚣ,610
nominators,67787,0,ᚾᚩᛗᛁᚾᚪᛏᚩᚱᛋ,394
counterman,67776,0,ᚳᚩᚢᚾᛏᛖᚱᛗᚪᚾ,386
equivocating,67771,0,ᛖᚳᚹᛁᚢᚩᚳᚪᛏᛝ,388
brassbound,67746,0,ᛒᚱᚪᛋᛋᛒᚩᚢᚾᛞ,464
heartbreaker,67720,0,ᚻᛠᚱᛏᛒᚱᛠᚳᛖᚱ,474
visualizer,67634,0,ᚢᛁᛋᚢᚪᛚᛁᛋᛖᚱ,422
goaltender,67632,0,ᚷᚩᚪᛚᛏᛖᚾᛞᛖᚱ,516
patrollers,67620,0,ᛈᚪᛏᚱᚩᛚᛚᛖᚱᛋ,494
cuirassier,67618,0,ᚳᚢᛁᚱᚪᛋᛋᛁᛖᚱ,370
crosswinds,67602,0,ᚳᚱᚩᛋᛋᚹᛁᚾᛞᛋ,358
unemphatic,67573,0,ᚢᚾᛖᛗᛈᚻᚪᛏᛁᚳ,436
paronomasia,67551,0,ᛈᚪᚱᚩᚾᚩᛗᚪᛋᛡ,522
familiarising,67532,0,ᚠᚪᛗᛁᛚᛡᚱᛁᛋᛝ,555
pelvimetry,67527,0,ᛈᛖᛚᚢᛁᛗᛖᛏᚱᚣ,528
vociferating,67511,0,ᚢᚩᚳᛁᚠᛖᚱᚪᛏᛝ,369
trailblazing,67465,0,ᛏᚱᚪᛁᛚᛒᛚᚪᛋᛝ,634
homeworker,67415,0,ᚻᚩᛗᛖᚹᚩᚱᚳᛖᚱ,296
nincompoop,67406,0,ᚾᛁᚾᚳᚩᛗᛈᚩᚩᛈ,280
exaltations,67309,0,ᛖᛉᚪᛚᛏᚪᛏᛡᚾᛋ,688
haughtiest,67287,0,ᚻᚪᚢᚷᚻᛏᛁᛖᛋᛏ,432
nebraskans,67285,0,ᚾᛖᛒᚱᚪᛋᚳᚪᚾᛋ,510
prototyped,67203,0,ᛈᚱᚩᛏᚩᛏᚣᛈᛖᛞ,488
maisonette,67195,0,ᛗᚪᛁᛋᚩᚾᛖᛏᛏᛖ,540
wunderkind,67186,0,ᚹᚢᚾᛞᛖᚱᚳᛁᚾᛞ,380
refundment,67102,0,ᚱᛖᚠᚢᚾᛞᛗᛖᚾᛏ,427
infielders,67086,0,ᛁᚾᚠᛁᛖᛚᛞᛖᚱᛋ,453
salesclerk,67067,0,ᛋᚪᛚᛖᛋᚳᛚᛖᚱᚳ,520
kookaburra,67046,0,ᚳᚩᚩᚳᚪᛒᚢᚱᚱᚪ,320
skyrockets,67038,0,ᛋᚳᚣᚱᚩᚳᚳᛖᛏᛋ,392
ommatidium,67010,0,ᚩᛗᛗᚪᛏᛁᛞᛁᚢᛗ,530
rebaptized,66998,0,ᚱᛖᛒᚪᛈᛏᛁᛋᛖᛞ,578
squirearchy,66978,0,ᛋᚳᚹᛁᚱᛠᚱᚳᚻᚣ,386
fluidounce,66932,0,ᚠᛚᚢᛁᛞᚩᚢᚾᚳᛖ,317
barramundi,66927,0,ᛒᚪᚱᚱᚪᛗᚢᚾᛞᛁ,500
lipotropic,66917,0,ᛚᛁᛈᚩᛏᚱᚩᛈᛁᚳ,318
cornhusker,66916,0,ᚳᚩᚱᚾᚻᚢᛋᚳᛖᚱ,230
acephalous,66869,0,ᚪᚳᛖᛈᚻᚪᛚᚩᚢᛋ,476
burgundies,66863,0,ᛒᚢᚱᚷᚢᚾᛞᛁᛖᛋ,364
demoralise,66773,0,ᛞᛖᛗᚩᚱᚪᛚᛁᛋᛖ,566
defloration,66731,0,ᛞᛖᚠᛚᚩᚱᚪᛏᛡᚾ,541
hematocele,66665,0,ᚻᛖᛗᚪᛏᚩᚳᛖᛚᛖ,544
thermopiles,66600,0,ᚦᛖᚱᛗᚩᛈᛁᛚᛖᛋ,428
plaquettes,66591,0,ᛈᛚᚪᚳᚹᛖᛏᛏᛖᛋ,550
impromptus,66463,0,ᛁᛗᛈᚱᚩᛗᛈᛏᚢᛋ,392
epitheliomas,66455,0,ᛖᛈᛁᚦᛖᛚᛡᛗᚪᛋ,614
formication,66452,0,ᚠᚩᚱᛗᛁᚳᚪᛏᛡᚾ,427
jardiniere,66444,0,ᛂᚪᚱᛞᛁᚾᛁᛖᚱᛖ,470
fugacities,66416,0,ᚠᚢᚷᚪᚳᛁᛏᛁᛖᛋ,373
powerboats,66411,0,ᛈᚩᚹᛖᚱᛒᚩᚪᛏᛋ,424
waistbands,66402,0,ᚹᚪᛁᛋᛏᛒᚪᚾᛞᛋ,588
confounder,66303,0,ᚳᚩᚾᚠᚩᚢᚾᛞᛖᚱ,257
birdhouses,66242,0,ᛒᛁᚱᛞᚻᚩᚢᛋᛖᛋ,398
capitellum,66194,0,ᚳᚪᛈᛁᛏᛖᛚᛚᚢᛗ,530
semiformal,66167,0,ᛋᛖᛗᛁᚠᚩᚱᛗᚪᛚ,483
mammillaria,66139,0,ᛗᚪᛗᛗᛁᛚᛚᚪᚱᛡ,702
timelessly,66125,0,ᛏᛁᛗᛖᛚᛖᛋᛋᛚᚣ,650
pacifistic,66123,0,ᛈᚪᚳᛁᚠᛁᛋᛏᛁᚳ,373
nightspots,66106,0,ᚾᛁᚷᚻᛏᛋᛈᚩᛏᛋ,374
astrolabes,66067,0,ᚪᛋᛏᚱᚩᛚᚪᛒᛖᛋ,578
overmantel,65980,0,ᚩᚢᛖᚱᛗᚪᚾᛏᛖᛚ,484
nonworkers,65973,0,ᚾᚩᚾᚹᚩᚱᚳᛖᚱᛋ,246
embeddable,65950,0,ᛖᛗᛒᛖᛞᛞᚪᛒᛚᛖ,742
microtomes,65909,0,ᛗᛁᚳᚱᚩᛏᚩᛗᛖᛋ,390
fistfights,65897,0,ᚠᛁᛋᛏᚠᛁᚷᚻᛏᛋ,330
marbleized,65809,0,ᛗᚪᚱᛒᛚᛖᛁᛋᛖᛞ,620
neuroblast,65736,0,ᚾᛖᚢᚱᚩᛒᛚᚪᛋᛏ,460
velveteens,65733,0,ᚢᛖᛚᚢᛖᛏᛖᛖᚾᛋ,488
submariner,65693,0,ᛋᚢᛒᛗᚪᚱᛁᚾᛖᚱ,434
bandicoots,65692,0,ᛒᚪᚾᛞᛁᚳᚩᚩᛏᛋ,446
weedkiller,65636,0,ᚹᛖᛖᛞᚳᛁᛚᛚᛖᚱ,510
fictionally,65564,0,ᚠᛁᚳᛏᛡᚾᚪᛚᛚᚣ,587
housecraft,65522,0,ᚻᚩᚢᛋᛖᚳᚱᚪᚠᛏ,335
nonmusical,65441,0,ᚾᚩᚾᛗᚢᛋᛁᚳᚪᛚ,406
pentstemon,65409,0,ᛈᛖᚾᛏᛋᛏᛖᛗᚩᚾ,484
dyspeptics,65403,0,ᛞᚣᛋᛈᛖᛈᛏᛁᚳᛋ,554
absconders,65377,0,ᚪᛒᛋᚳᚩᚾᛞᛖᚱᛋ,480
rectifiable,65331,0,ᚱᛖᚳᛏᛁᚠᛡᛒᛚᛖ,491
unhonoured,65321,0,ᚢᚾᚻᚩᚾᚩᚢᚱᛖᛞ,268
anteriority,65270,0,ᚪᚾᛏᛖᚱᛡᚱᛁᛏᚣ,574
escharotic,65255,0,ᛖᛋᚳᚻᚪᚱᚩᛏᛁᚳ,374
lighterman,65249,0,ᛚᛁᚷᚻᛏᛖᚱᛗᚪᚾ,478
subjugates,65234,0,ᛋᚢᛒᛂᚢᚷᚪᛏᛖᛋ,450
urinalyses,65162,0,ᚢᚱᛁᚾᚪᛚᚣᛋᛖᛋ,520
harmoniums,65159,0,ᚻᚪᚱᛗᚩᚾᛁᚢᛗᛋ,396
enjambment,65123,0,ᛖᚾᛂᚪᛗᛒᛗᛖᚾᛏ,588
sheepfolds,65026,0,ᛋᚻᛖᛖᛈᚠᚩᛚᛞᛋ,477
roundheaded,64963,0,ᚱᚩᚢᚾᛞᚻᛠᛞᛖᛞ,516
vestibuled,64933,0,ᚢᛖᛋᛏᛁᛒᚢᛚᛖᛞ,506
pinstripes,64915,0,ᛈᛁᚾᛋᛏᚱᛁᛈᛖᛋ,420
coldhearted,64889,0,ᚳᚩᛚᛞᚻᛠᚱᛏᛖᛞ,540
caseinogen,64867,0,ᚳᚪᛋᛖᛁᚾᚩᚷᛖᚾ,410
xylophones,64864,0,ᛉᚣᛚᚩᛈᚻᚩᚾᛖᛋ,452
materialising,64857,0,ᛗᚪᛏᛖᚱᛡᛚᛁᛋᛝ,648
misapplies,64846,0,ᛗᛁᛋᚪᛈᛈᛚᛁᛖᛋ,562
vanquisher,64842,0,ᚢᚪᚾᚳᚹᛁᛋᚻᛖᚱ,346
crocodilus,64759,0,ᚳᚱᚩᚳᚩᛞᛁᛚᚢᛋ,300
allergists,64728,0,ᚪᛚᛚᛖᚱᚷᛁᛋᛏᛋ,534
bestowment,64667,0,ᛒᛖᛋᛏᚩᚹᛗᛖᚾᛏ,492
hectoliter,64585,0,ᚻᛖᚳᛏᚩᛚᛁᛏᛖᚱ,410
postillions,64576,0,ᛈᚩᛋᛏᛁᛚᛚᛡᚾᛋ,528
descenders,64496,0,ᛞᛖᛋᚳᛖᚾᛞᛖᚱᛋ,538
drainpipes,64493,0,ᛞᚱᚪᛁᚾᛈᛁᛈᛖᛋ,494
immanently,64427,0,ᛁᛗᛗᚪᚾᛖᚾᛏᛚᚣ,630
horseflies,64423,0,ᚻᚩᚱᛋᛖᚠᛚᛁᛖᛋ,387
probational,64410,0,ᛈᚱᚩᛒᚪᛏᛡᚾᚪᛚ,584
necrobiosis,64310,0,ᚾᛖᚳᚱᚩᛒᛡᛋᛁᛋ,432
solitarily,64276,0,ᛋᚩᛚᛁᛏᚪᚱᛁᛚᚣ,538
unblinkingly,64275,0,ᚢᚾᛒᛚᛁᚾᚳᛝᛚᚣ,494
xerophytes,64268,0,ᛉᛖᚱᚩᛈᚻᚣᛏᛖᛋ,480
poriferous,64266,0,ᛈᚩᚱᛁᚠᛖᚱᚩᚢᛋ,235
drolleries,64254,0,ᛞᚱᚩᛚᛚᛖᚱᛁᛖᛋ,482
vesuvianite,64227,0,ᚢᛖᛋᚢᚢᛡᚾᛁᛏᛖ,422
amanuenses,64206,0,ᚪᛗᚪᚾᚢᛖᚾᛋᛖᛋ,566
deodorizers,64204,0,ᛞᛇᛞᚩᚱᛁᛋᛖᚱᛋ,452
prefixation,64190,0,ᛈᚱᛖᚠᛁᛉᚪᛏᛡᚾ,493
nonnatural,64184,0,ᚾᚩᚾᚾᚪᛏᚢᚱᚪᛚ,434
robertsons,64134,0,ᚱᚩᛒᛖᚱᛏᛋᚩᚾᛋ,358
madagascan,64124,0,ᛗᚪᛞᚪᚷᚪᛋᚳᚪᚾ,660
divulgence,64122,0,ᛞᛁᚢᚢᛚᚷᛖᚾᚳᛖ,392
glossiness,64112,0,ᚷᛚᚩᛋᛋᛁᚾᛖᛋᛋ,436
unwelcomed,64068,0,ᚢᚾᚹᛖᛚᚳᚩᛗᛖᛞ,438
pirouetted,64017,0,ᛈᛁᚱᚩᚢᛖᛏᛏᛖᛞ,436
bunkhouses,63998,0,ᛒᚢᚾᚳᚻᚩᚢᛋᛖᛋ,312
sisymbrium,63949,0,ᛋᛁᛋᚣᛗᛒᚱᛁᚢᛗ,488
predicator,63936,0,ᛈᚱᛖᛞᛁᚳᚪᛏᚩᚱ,428
enciphered,63827,1,ᛖᚾᚳᛁᛈᚻᛖᚱᛖᛞ,440
ascomycete,63819,0,ᚪᛋᚳᚩᛗᚣᚳᛖᛏᛖ,550
specifical,63784,0,ᛋᛈᛖᚳᛁᚠᛁᚳᚪᛚ,423
repellants,63771,0,ᚱᛖᛈᛖᛚᛚᚪᚾᛏᛋ,572
semiquaver,63744,0,ᛋᛖᛗᛁᚳᚹᚪᚢᛖᚱ,432
strengthener,63701,0,ᛋᛏᚱᛖᛝᚦᛖᚾᛖᚱ,448
duodecimal,63683,0,ᛞᚢᚩᛞᛖᚳᛁᛗᚪᛚ,540
nudibranch,63672,0,ᚾᚢᛞᛁᛒᚱᚪᚾᚳᚻ,386
peccadillo,63665,0,ᛈᛖᚳᚳᚪᛞᛁᛚᛚᚩ,506
malacology,63659,0,ᛗᚪᛚᚪᚳᚩᛚᚩᚷᚣ,558
sleepovers,63621,0,ᛋᛚᛖᛖᛈᚩᚢᛖᚱᛋ,444
homographs,63542,0,ᚻᚩᛗᚩᚷᚱᚪᛈᚻᛋ,352
defoliators,63534,0,ᛞᛖᚠᚩᛚᛡᛏᚩᚱᛋ,475
whaleboats,63498,0,ᚹᚻᚪᛚᛖᛒᚩᚪᛏᛋ,556
photoflash,63469,0,ᛈᚻᚩᛏᚩᚠᛚᚪᛋᚻ,387
unremedied,63401,0,ᚢᚾᚱᛖᛗᛖᛞᛁᛖᛞ,524
dimorphous,63397,0,ᛞᛁᛗᚩᚱᛈᚻᚩᚢᛋ,338
overlooker,63390,0,ᚩᚢᛖᚱᛚᚩᚩᚳᛖᚱ,266
archaistic,63352,0,ᚪᚱᚳᚻᚪᛁᛋᛏᛁᚳ,428
deselected,63329,0,ᛞᛖᛋᛖᛚᛖᚳᛏᛖᛞ,644
oophoritis,63328,0,ᚩᚩᛈᚻᚩᚱᛁᛏᛁᛋ,272
cottonmouth,63229,0,ᚳᚩᛏᛏᚩᚾᛗᚩᚢᚦ,260
marcomanni,63221,0,ᛗᚪᚱᚳᚩᛗᚪᚾᚾᛁ,456
shovelfuls,63150,0,ᛋᚻᚩᚢᛖᛚᚠᚢᛚᛋ,357
parrotfish,63145,0,ᛈᚪᚱᚱᚩᛏᚠᛁᛋᚻ,337
combinator,63131,0,ᚳᚩᛗᛒᛁᚾᚪᛏᚩᚱ,386
pressurise,63106,0,ᛈᚱᛖᛋᛋᚢᚱᛁᛋᛖ,392
cohesively,63053,0,ᚳᚩᚻᛖᛋᛁᚢᛖᛚᚣ,440
lycanthropy,63042,0,ᛚᚣᚳᚪᚾᚦᚱᚩᛈᚣ,484
sinologist,63038,0,ᛋᛁᚾᚩᛚᚩᚷᛁᛋᛏ,360
demogorgon,63007,0,ᛞᛖᛗᚩᚷᚩᚱᚷᚩᚾ,322
aquafortis,63003,0,ᚪᚳᚹᚪᚠᚩᚱᛏᛁᛋ,389
pachyderms,63001,0,ᛈᚪᚳᚻᚣᛞᛖᚱᛗᛋ,570
weeknights,62995,0,ᚹᛖᛖᚳᚾᛁᚷᚻᛏᛋ,378
woodcarvings,62987,0,ᚹᚩᚩᛞᚳᚪᚱᚢᛝᛋ,378
embrocation,62957,0,ᛖᛗᛒᚱᚩᚳᚪᛏᛡᚾ,522
ignorances,62914,0,ᛁᚷᚾᚩᚱᚪᚾᚳᛖᛋ,354
copyrighting,62897,0,ᚳᚩᛈᚣᚱᛁᚷᚻᛏᛝ,386
cadetships,62885,0,ᚳᚪᛞᛖᛏᛋᚻᛁᛈᛋ,528
hindermost,62855,0,ᚻᛁᚾᛞᛖᚱᛗᚩᛋᛏ,440
daredevils,62849,0,ᛞᚪᚱᛖᛞᛖᚢᛁᛚᛋ,580
ephraimite,62809,0,ᛖᛈᚻᚱᚪᛁᛗᛁᛏᛖ,500
embonpoint,62784,0,ᛖᛗᛒᚩᚾᛈᚩᛁᚾᛏ,404
vanquishes,62729,0,ᚢᚪᚾᚳᚹᛁᛋᚻᛖᛋ,388
fulminates,62725,0,ᚠᚢᛚᛗᛁᚾᚪᛏᛖᛋ,485
embezzlers,62689,0,ᛖᛗᛒᛖᛋᛋᛚᛖᚱᛋ,576
reconquering,62614,0,ᚱᛖᚳᚩᚾᚳᚹᛖᚱᛝ,316
lagomorphs,62604,0,ᛚᚪᚷᚩᛗᚩᚱᛈᚻᛋ,402
blacksnake,62570,0,ᛒᛚᚪᚳᚳᛋᚾᚪᚳᛖ,516
sempstress,62542,0,ᛋᛖᛗᛈᛋᛏᚱᛖᛋᛋ,530
autodidact,62483,0,ᚪᚢᛏᚩᛞᛁᛞᚪᚳᛏ,544
unplayable,62458,0,ᚢᚾᛈᛚᚪᚣᚪᛒᛚᛖ,646
bronchitic,62405,0,ᛒᚱᚩᚾᚳᚻᛁᛏᛁᚳ,278
scandalizing,62398,0,ᛋᚳᚪᚾᛞᚪᛚᛁᛋᛝ,614
cliffhanger,62334,0,ᚳᛚᛁᚠᚠᚻᚪᛝᛖᚱ,398
automobiling,62319,0,ᚪᚢᛏᚩᛗᚩᛒᛁᛚᛝ,488
cryptogamia,62314,0,ᚳᚱᚣᛈᛏᚩᚷᚪᛗᛡ,528
dinosaurian,62311,0,ᛞᛁᚾᚩᛋᚪᚢᚱᛡᚾ,456
pachyderma,62239,0,ᛈᚪᚳᚻᚣᛞᛖᚱᛗᚪ,614
interferer,62192,0,ᛁᚾᛏᛖᚱᚠᛖᚱᛖᚱ,355
gainsayers,62171,0,ᚷᚪᛁᚾᛋᚪᚣᛖᚱᛋ,558
twentyfold,62160,0,ᛏᚹᛖᚾᛏᚣᚠᚩᛚᛞ,507
reactivates,62155,0,ᚱᛠᚳᛏᛁᚢᚪᛏᛖᛋ,502
extortioner,62134,0,ᛖᛉᛏᚩᚱᛏᛡᚾᛖᚱ,464
tarmacadam,62078,0,ᛏᚪᚱᛗᚪᚳᚪᛞᚪᛗ,702
expectants,62035,0,ᛖᛉᛈᛖᚳᛏᚪᚾᛏᛋ,534
quadruplet,61872,0,ᚳᚹᚪᛞᚱᚢᛈᛚᛖᛏ,474
glycogenic,61862,0,ᚷᛚᚣᚳᚩᚷᛖᚾᛁᚳ,370
fripperies,61822,0,ᚠᚱᛁᛈᛈᛖᚱᛁᛖᛋ,359
logistician,61752,0,ᛚᚩᚷᛁᛋᛏᛁᚳᛡᚾ,420
floatplane,61730,0,ᚠᛚᚩᚪᛏᛈᛚᚪᚾᛖ,547
coneflower,61668,0,ᚳᚩᚾᛖᚠᛚᚩᚹᛖᚱ,295
naturopaths,61620,0,ᚾᚪᛏᚢᚱᚩᛈᚪᚦᛋ,404
tabulators,61561,0,ᛏᚪᛒᚢᛚᚪᛏᚩᚱᛋ,520
defendable,61556,0,ᛞᛖᚠᛖᚾᛞᚪᛒᛚᛖ,641
ayatollahs,61465,0,ᚪᚣᚪᛏᚩᛚᛚᚪᚻᛋ,682
encomiastic,61460,0,ᛖᚾᚳᚩᛗᛡᛋᛏᛁᚳ,450
documental,61456,0,ᛞᚩᚳᚢᛗᛖᚾᛏᚪᛚ,508
keypunched,61372,0,ᚳᛖᚣᛈᚢᚾᚳᚻᛖᛞ,450
entrenches,61369,0,ᛖᚾᛏᚱᛖᚾᚳᚻᛖᛋ,418
touchiness,61366,0,ᛏᚩᚢᚳᚻᛁᚾᛖᛋᛋ,338
stammerers,61353,0,ᛋᛏᚪᛗᛗᛖᚱᛖᚱᛋ,560
granduncle,61274,0,ᚷᚱᚪᚾᛞᚢᚾᚳᛚᛖ,428
masochists,61261,0,ᛗᚪᛋᚩᚳᚻᛁᛋᛏᛋ,460
recompensing,61223,0,ᚱᛖᚳᚩᛗᛈᛖᚾᛋᛝ,440
zealousness,61220,0,ᛋᛠᛚᚩᚢᛋᚾᛖᛋᛋ,500
hearthstones,61200,0,ᚻᛠᚱᚦᛋᛏᚩᚾᛖᛋ,416
lycoperdon,61123,0,ᛚᚣᚳᚩᛈᛖᚱᛞᚩᚾ,442
simpleness,61079,0,ᛋᛁᛗᛈᛚᛖᚾᛖᛋᛋ,540
preventions,61053,0,ᛈᚱᛖᚢᛖᚾᛏᛡᚾᛋ,468
molluscous,61023,0,ᛗᚩᛚᛚᚢᛋᚳᚩᚢᛋ,356
anatomized,61007,0,ᚪᚾᚪᛏᚩᛗᛁᛋᛖᛞ,600
bilberries,60982,0,ᛒᛁᛚᛒᛖᚱᚱᛁᛖᛋ,466
serenaders,60960,0,ᛋᛖᚱᛖᚾᚪᛞᛖᚱᛋ,544
reconverting,60948,0,ᚱᛖᚳᚩᚾᚢᛖᚱᛏᛝ,346
tomahawked,60943,0,ᛏᚩᛗᚪᚻᚪᚹᚳᛖᛞ,542
finalities,60924,0,ᚠᛁᚾᚪᛚᛁᛏᛁᛖᛋ,473
overbought,60875,0,ᚩᚢᛖᚱᛒᚩᚢᚷᚻᛏ,258
overextend,60866,0,ᚩᚢᛖᚱᛖᛉᛏᛖᚾᛞ,446
gruesomely,60865,0,ᚷᚱᚢᛖᛋᚩᛗᛖᛚᚣ,472
backstabbing,60858,0,ᛒᚪᚳᚳᛋᛏᚪᛒᛒᛝ,594
synthesiser,60842,0,ᛋᚣᚾᚦᛖᛋᛁᛋᛖᚱ,472
episodical,60811,0,ᛖᛈᛁᛋᚩᛞᛁᚳᚪᛚ,504
dislocates,60792,0,ᛞᛁᛋᛚᚩᚳᚪᛏᛖᛋ,542
isometrics,60724,0,ᛁᛋᚩᛗᛖᛏᚱᛁᚳᛋ,396
paracelsian,60704,0,ᛈᚪᚱᚪᚳᛖᛚᛋᛡᚾ,590
mercerised,60693,0,ᛗᛖᚱᚳᛖᚱᛁᛋᛖᛞ,480
stereograph,60639,0,ᛋᛏᛖᚱᛇᚷᚱᚪᛈᚻ,422
commixture,60632,0,ᚳᚩᛗᛗᛁᛉᛏᚢᚱᛖ,380
chiffonier,60566,0,ᚳᚻᛁᚠᚠᚩᚾᛁᛖᚱ,216
immodestly,60512,0,ᛁᛗᛗᚩᛞᛖᛋᛏᛚᚣ,624
allobroges,60511,0,ᚪᛚᛚᚩᛒᚱᚩᚷᛖᛋ,466
allocators,60496,0,ᚪᛚᛚᚩᚳᚪᛏᚩᚱᛋ,490
repositions,60477,0,ᚱᛖᛈᚩᛋᛁᛏᛡᚾᛋ,460
obstipation,60450,0,ᚩᛒᛋᛏᛁᛈᚪᛏᛡᚾ,546
palpitated,60392,0,ᛈᚪᛚᛈᛁᛏᚪᛏᛖᛞ,658
puissances,60342,0,ᛈᚢᛁᛋᛋᚪᚾᚳᛖᛋ,442
poulterers,60258,0,ᛈᚩᚢᛚᛏᛖᚱᛖᚱᛋ,394
sporocarps,60235,0,ᛋᛈᚩᚱᚩᚳᚪᚱᛈᛋ,338
diagonalize,60225,0,ᛞᛡᚷᚩᚾᚪᛚᛁᛋᛖ,570
polypterus,60198,0,ᛈᚩᛚᚣᛈᛏᛖᚱᚢᛋ,462
macadamize,60173,0,ᛗᚪᚳᚪᛞᚪᛗᛁᛋᛖ,686
unweariedly,60147,0,ᚢᚾᚹᛠᚱᛁᛖᛞᛚᚣ,534
fructified,60096,0,ᚠᚱᚢᚳᛏᛁᚠᛁᛖᛞ,308
corrigible,60055,0,ᚳᚩᚱᚱᛁᚷᛁᛒᛚᛖ,322
osmiridium,60047,0,ᚩᛋᛗᛁᚱᛁᛞᛁᚢᛗ,398
tiresomely,60012,0,ᛏᛁᚱᛖᛋᚩᛗᛖᛚᚣ,542
ecuadorians,59934,0,ᛖᚳᚢᚪᛞᚩᚱᛡᚾᛋ,476
coachmaker,59930,0,ᚳᚩᚪᚳᚻᛗᚪᚳᛖᚱ,412
mithridatic,59869,0,ᛗᛁᚦᚱᛁᛞᚪᛏᛁᚳ,438
raggedness,59868,0,ᚱᚪᚷᚷᛖᛞᚾᛖᛋᛋ,500
harmonists,59859,0,ᚻᚪᚱᛗᚩᚾᛁᛋᛏᛋ,434
protamines,59852,0,ᛈᚱᚩᛏᚪᛗᛁᚾᛖᛋ,468
adumbrates,59834,0,ᚪᛞᚢᛗᛒᚱᚪᛏᛖᛋ,608
amyotrophy,59803,0,ᚪᛗᚣᚩᛏᚱᚩᛈᚻᚣ,524
nicobarese,59781,0,ᚾᛁᚳᚩᛒᚪᚱᛖᛋᛖ,436
coloristic,59759,0,ᚳᚩᛚᚩᚱᛁᛋᛏᛁᚳ,298
demodulating,59728,0,ᛞᛖᛗᚩᛞᚢᛚᚪᛏᛝ,634
hobbyhorse,59656,0,ᚻᚩᛒᛒᚣᚻᚩᚱᛋᛖ,416
crankcases,59641,0,ᚳᚱᚪᚾᚳᚳᚪᛋᛖᛋ,446
traumatize,59606,0,ᛏᚱᚪᚢᛗᚪᛏᛁᛋᛖ,548
orientates,59472,0,ᚩᚱᛁᛖᚾᛏᚪᛏᛖᛋ,480
intrepidly,59461,0,ᛁᚾᛏᚱᛖᛈᛁᛞᛚᚣ,536
pecopteris,59451,0,ᛈᛖᚳᚩᛈᛏᛖᚱᛁᛋ,394
cofounders,59367,0,ᚳᚩᚠᚩᚢᚾᛞᛖᚱᛋ,281
alchemilla,59300,0,ᚪᛚᚳᚻᛖᛗᛁᛚᛚᚪ,618
cadaverine,59292,0,ᚳᚪᛞᚪᚢᛖᚱᛁᚾᛖ,504
brazenness,59235,0,ᛒᚱᚪᛋᛖᚾᚾᛖᛋᛋ,520
unachieved,59225,0,ᚢᚾᚪᚳᚻᛁᛖᚢᛖᛞ,422
barracouta,59217,0,ᛒᚪᚱᚱᚪᚳᚩᚢᛏᚪ,456
snakebites,59216,0,ᛋᚾᚪᚳᛖᛒᛁᛏᛖᛋ,530
elecampane,59179,0,ᛖᛚᛖᚳᚪᛗᛈᚪᚾᛖ,624
immortally,59169,0,ᛁᛗᛗᚩᚱᛏᚪᛚᛚᚣ,596
oligochaete,59158,0,ᚩᛚᛁᚷᚩᚳᚻᚫᛏᛖ,398
whosesoever,59119,0,ᚹᚻᚩᛋᛖᛋᛟᚢᛖᚱ,386
overspreads,59110,0,ᚩᚢᛖᚱᛋᛈᚱᛠᛞᛋ,446
amethystine,59103,0,ᚪᛗᛖᚦᚣᛋᛏᛁᚾᛖ,582
tearfulness,59083,0,ᛏᛠᚱᚠᚢᛚᚾᛖᛋᛋ,459
sporophyll,59051,0,ᛋᛈᚩᚱᚩᛈᚻᚣᛚᛚ,436
sportively,59031,0,ᛋᛈᚩᚱᛏᛁᚢᛖᛚᚣ,450
handbreadths,58961,0,ᚻᚪᚾᛞᛒᚱᛠᛞᚦᛋ,566
tumblerful,58851,0,ᛏᚢᛗᛒᛚᛖᚱᚠᚢᛚ,423
straitness,58848,0,ᛋᛏᚱᚪᛁᛏᚾᛖᛋᛋ,512
overnights,58830,0,ᚩᚢᛖᚱᚾᛁᚷᚻᛏᛋ,300
captivation,58824,0,ᚳᚪᛈᛏᛁᚢᚪᛏᛡᚾ,538
salvadorian,58812,0,ᛋᚪᛚᚢᚪᛞᚩᚱᛡᚾ,566
connatural,58759,0,ᚳᚩᚾᚾᚪᛏᚢᚱᚪᛚ,418
observably,58745,0,ᚩᛒᛋᛖᚱᚢᚪᛒᛚᚣ,536
insurgence,58695,0,ᛁᚾᛋᚢᚱᚷᛖᚾᚳᛖ,320
fruiterers,58656,0,ᚠᚱᚢᛁᛏᛖᚱᛖᚱᛋ,315
shockproof,58572,0,ᛋᚻᚩᚳᚳᛈᚱᚩᚩᚠ,179
carpellary,58508,0,ᚳᚪᚱᛈᛖᛚᛚᚪᚱᚣ,588
decimetres,58421,0,ᛞᛖᚳᛁᛗᛖᛏᚱᛖᛋ,528
chitterlings,58418,0,ᚳᚻᛁᛏᛏᛖᚱᛚᛝᛋ,468
systemized,58409,0,ᛋᚣᛋᛏᛖᛗᛁᛋᛖᛞ,646
plesiosaurs,58379,0,ᛈᛚᛖᛋᛡᛋᚪᚢᚱᛋ,560
amiableness,58370,0,ᚪᛗᛡᛒᛚᛖᚾᛖᛋᛋ,678
assafoetida,58319,0,ᚪᛋᛋᚪᚠᛟᛏᛁᛞᚪ,661
vivaciously,58299,0,ᚢᛁᚢᚪᚳᛡᚢᛋᛚᚣ,486
normalizer,58266,0,ᚾᚩᚱᛗᚪᛚᛁᛋᛖᚱ,450
gasometers,58233,0,ᚷᚪᛋᚩᛗᛖᛏᛖᚱᛋ,502
calisthenic,58231,0,ᚳᚪᛚᛁᛋᚦᛖᚾᛁᚳ,412
deviationist,58162,0,ᛞᛖᚢᛡᛏᛡᚾᛁᛋᛏ,604
landlubber,58149,0,ᛚᚪᚾᛞᛚᚢᛒᛒᛖᚱ,564
darknesses,58112,0,ᛞᚪᚱᚳᚾᛖᛋᛋᛖᛋ,532
personates,58108,0,ᛈᛖᚱᛋᚩᚾᚪᛏᛖᛋ,486
cigarillos,58039,0,ᚳᛁᚷᚪᚱᛁᛚᛚᚩᛋ,406
inexplicit,58034,0,ᛁᚾᛖᛉᛈᛚᛁᚳᛁᛏ,424
commandingly,58028,0,ᚳᚩᛗᛗᚪᚾᛞᛝᛚᚣ,632
chronogram,58022,0,ᚳᚻᚱᚩᚾᚩᚷᚱᚪᛗ,286
showerheads,58018,0,ᛋᚻᚩᚹᛖᚱᚻᛠᛞᛋ,454
attainders,57800,0,ᚪᛏᛏᚪᛁᚾᛞᛖᚱᛋ,592
domineered,57731,0,ᛞᚩᛗᛁᚾᛖᛖᚱᛖᛞ,528
parentless,57703,0,ᛈᚪᚱᛖᚾᛏᛚᛖᛋᛋ,552
handspikes,57703,0,ᚻᚪᚾᛞᛋᛈᛁᚳᛖᛋ,498
tachograph,57701,0,ᛏᚪᚳᚻᚩᚷᚱᚪᛈᚻ,390
couturiers,57650,0,ᚳᚩᚢᛏᚢᚱᛁᛖᚱᛋ,258
consanguine,57602,0,ᚳᚩᚾᛋᚪᛝᚢᛁᚾᛖ,408
antiserums,57598,0,ᚪᚾᛏᛁᛋᛖᚱᚢᛗᛋ,474
genderless,57597,0,ᚷᛖᚾᛞᛖᚱᛚᛖᛋᛋ,526
liberalist,57569,0,ᛚᛁᛒᛖᚱᚪᛚᛁᛋᛏ,556
varicosity,57560,0,ᚢᚪᚱᛁᚳᚩᛋᛁᛏᚣ,408
flimsiness,57547,0,ᚠᛚᛁᛗᛋᛁᚾᛖᛋᛋ,463
hectograph,57502,0,ᚻᛖᚳᛏᚩᚷᚱᚪᛈᚻ,360
arrestable,57472,0,ᚪᚱᚱᛖᛋᛏᚪᛒᛚᛖ,596
inseminate,57445,0,ᛁᚾᛋᛖᛗᛁᚾᚪᛏᛖ,534
clamshells,57441,0,ᚳᛚᚪᛗᛋᚻᛖᛚᛚᛋ,596
westernism,57435,0,ᚹᛖᛋᛏᛖᚱᚾᛁᛋᛗ,460
tabularium,57417,0,ᛏᚪᛒᚢᛚᚪᚱᛁᚢᛗ,506
reconnects,57414,0,ᚱᛖᚳᚩᚾᚾᛖᚳᛏᛋ,348
wolfhounds,57408,0,ᚹᚩᛚᚠᚻᚩᚢᚾᛞᛋ,305
erythronium,57380,0,ᛖᚱᚣᚦᚱᚩᚾᛁᚢᛗ,338
ventriculi,57355,0,ᚢᛖᚾᛏᚱᛁᚳᚢᛚᛁ,320
overtasked,57344,0,ᚩᚢᛖᚱᛏᚪᛋᚳᛖᛞ,466
glassblowing,57343,0,ᚷᛚᚪᛋᛋᛒᛚᚩᚹᛝ,532
renovators,57257,0,ᚱᛖᚾᚩᚢᚪᛏᚩᚱᛋ,344
isochrones,57174,0,ᛁᛋᚩᚳᚻᚱᚩᚾᛖᛋ,294
manhattans,57143,0,ᛗᚪᚾᚻᚪᛏᛏᚪᚾᛋ,614
tagliatelle,57082,0,ᛏᚪᚷᛚᛡᛏᛖᛚᛚᛖ,692
pantomimed,57081,0,ᛈᚪᚾᛏᚩᛗᛁᛗᛖᛞ,564
chinaberry,57063,0,ᚳᚻᛁᚾᚪᛒᛖᚱᚱᚣ,446
polonaises,57003,0,ᛈᚩᛚᚩᚾᚪᛁᛋᛖᛋ,460
rainmakers,56990,0,ᚱᚪᛁᚾᛗᚪᚳᛖᚱᛋ,480
blackwoods,56946,0,ᛒᛚᚪᚳᚳᚹᚩᚩᛞᛋ,432
ensanguined,56943,0,ᛖᚾᛋᚪᛝᚢᛁᚾᛖᛞ,544
heliotropes,56939,0,ᚻᛖᛚᛡᛏᚱᚩᛈᛖᛋ,510
crossbreed,56920,0,ᚳᚱᚩᛋᛋᛒᚱᛖᛖᛞ,432
despondingly,56912,0,ᛞᛖᛋᛈᚩᚾᛞᛝᛚᚣ,632
congregates,56903,0,ᚳᚩᛝᚱᛖᚷᚪᛏᛖᛋ,470
theorizations,56824,0,ᚦᛇᚱᛁᛋᚪᛏᛡᚾᛋ,486
scrutinies,56765,0,ᛋᚳᚱᚢᛏᛁᚾᛁᛖᛋ,350
animalculae,56763,0,ᚪᚾᛁᛗᚪᛚᚳᚢᛚᚫ,588
stoplights,56706,0,ᛋᛏᚩᛈᛚᛁᚷᚻᛏᛋ,418
tennysonian,56697,0,ᛏᛖᚾᚾᚣᛋᚩᚾᛡᚾ,512
houseplant,56600,0,ᚻᚩᚢᛋᛖᛈᛚᚪᚾᛏ,454
synesthetic,56598,0,ᛋᚣᚾᛖᛋᚦᛖᛏᛁᚳ,480
algonquians,56570,0,ᚪᛚᚷᚩᚾᚳᚹᛡᚾᛋ,444
totipotent,56568,0,ᛏᚩᛏᛁᛈᚩᛏᛖᚾᛏ,420
prevalency,56550,0,ᛈᚱᛖᚢᚪᛚᛖᚾᚳᚣ,506
phonologic,56546,0,ᛈᚻᚩᚾᚩᛚᚩᚷᛁᚳ,250
chaetognaths,56512,0,ᚳᚻᚫᛏᚩᚷᚾᚪᚦᛋ,404
katabolism,56465,0,ᚳᚪᛏᚪᛒᚩᛚᛁᛋᛗ,562
terraqueous,56430,0,ᛏᛖᚱᚱᚪᚳᚹᛇᚢᛋ,374
cannonaded,56340,0,ᚳᚪᚾᚾᚩᚾᚪᛞᛖᛞ,546
greasepaint,56327,0,ᚷᚱᛠᛋᛖᛈᚪᛁᚾᛏ,516
compradore,56249,0,ᚳᚩᛗᛈᚱᚪᛞᚩᚱᛖ,416
hemstitching,56242,0,ᚻᛖᛗᛋᛏᛁᛏᚳᚻᛝ,478
anagogical,56230,0,ᚪᚾᚪᚷᚩᚷᛁᚳᚪᛚ,478
burglarious,56212,0,ᛒᚢᚱᚷᛚᚪᚱᛡᚢᛋ,436
marylander,56176,0,ᛗᚪᚱᚣᛚᚪᚾᛞᛖᚱ,648
spoilsport,56113,0,ᛋᛈᚩᛁᛚᛋᛈᚩᚱᛏ,380
washboards,56103,0,ᚹᚪᛋᚻᛒᚩᚪᚱᛞᛋ,510
flavorless,56089,0,ᚠᛚᚪᚢᚩᚱᛚᛖᛋᛋ,439
cousinship,56077,0,ᚳᚩᚢᛋᛁᚾᛋᚻᛁᛈ,286
circumcising,56069,0,ᚳᛁᚱᚳᚢᛗᚳᛁᛋᛝ,318
invariances,56066,0,ᛁᚾᚢᚪᚱᛡᚾᚳᛖᛋ,440
pincushions,56008,0,ᛈᛁᚾᚳᚢᛋᚻᛡᚾᛋ,384
wagonloads,55950,0,ᚹᚪᚷᚩᚾᛚᚩᚪᛞᛋ,488
hoofprints,55915,0,ᚻᚩᚩᚠᛈᚱᛁᚾᛏᛋ,265
operculate,55872,0,ᚩᛈᛖᚱᚳᚢᛚᚪᛏᛖ,440
capitolium,55846,0,ᚳᚪᛈᛁᛏᚩᛚᛁᚢᛗ,428
pleurotoma,55822,0,ᛈᛚᛖᚢᚱᚩᛏᚩᛗᚪ,438
princedoms,55814,0,ᛈᚱᛁᚾᚳᛖᛞᚩᛗᛋ,414
christianly,55707,0,ᚳᚻᚱᛁᛋᛏᛡᚾᛚᚣ,502
supertonic,55678,0,ᛋᚢᛈᛖᚱᛏᚩᚾᛁᚳ,316
charlottes,55657,0,ᚳᚻᚪᚱᛚᚩᛏᛏᛖᛋ,462
thanatology,55630,0,ᚦᚪᚾᚪᛏᚩᛚᚩᚷᚣ,494
overprints,55625,0,ᚩᚢᛖᚱᛈᚱᛁᚾᛏᛋ,314
priscillian,55582,0,ᛈᚱᛁᛋᚳᛁᛚᛚᛡᚾ,464
faultiness,55581,0,ᚠᚪᚢᛚᛏᛁᚾᛖᛋᛋ,467
crosshatch,55541,0,ᚳᚱᚩᛋᛋᚻᚪᛏᚳᚻ,352
devitalizing,55532,0,ᛞᛖᚢᛁᛏᚪᛚᛁᛋᛝ,582
hollowware,55521,0,ᚻᚩᛚᛚᚩᚹᚹᚪᚱᛖ,396
campanulas,55489,0,ᚳᚪᛗᛈᚪᚾᚢᛚᚪᛋ,576
exchequers,55487,0,ᛖᛉᚳᚻᛖᚳᚹᛖᚱᛋ,380
necessaire,55480,0,ᚾᛖᚳᛖᛋᛋᚪᛁᚱᛖ,488
jackknifed,55429,0,ᛂᚪᚳᚳᚳᚾᛁᚠᛖᛞ,391
knighthoods,55411,0,ᚳᚾᛁᚷᚻᚦᚩᚩᛞᛋ,274
iconoscope,55400,0,ᛁᚳᚩᚾᚩᛋᚳᚩᛈᛖ,270
phantastic,55380,0,ᛈᚻᚪᚾᛏᚪᛋᛏᛁᚳ,504
doxologies,55364,0,ᛞᚩᛉᚩᛚᚩᚷᛁᛖᛋ,398
parricides,55346,0,ᛈᚪᚱᚱᛁᚳᛁᛞᛖᛋ,446
recitalist,55345,0,ᚱᛖᚳᛁᛏᚪᛚᛁᛋᛏ,494
otologists,55256,0,ᚩᛏᚩᛚᚩᚷᛁᛋᛏᛋ,366
decompound,55240,0,ᛞᛖᚳᚩᛗᛈᚩᚢᚾᛞ,418
obfuscates,55223,0,ᚩᛒᚠᚢᛋᚳᚪᛏᛖᛋ,415
sestertius,55198,0,ᛋᛖᛋᛏᛖᚱᛏᛁᚢᛋ,456
spiritists,55171,0,ᛋᛈᛁᚱᛁᛏᛁᛋᛏᛋ,424
triplicity,55164,0,ᛏᚱᛁᛈᛚᛁᚳᛁᛏᚣ,454
detectably,55154,0,ᛞᛖᛏᛖᚳᛏᚪᛒᛚᚣ,688
cascarilla,55093,0,ᚳᚪᛋᚳᚪᚱᛁᛚᛚᚪ,558
unpunctual,55087,0,ᚢᚾᛈᚢᚾᚳᛏᚢᚪᛚ,352
federalize,55083,0,ᚠᛖᛞᛖᚱᚪᛚᛁᛋᛖ,557
overpassed,55047,0,ᚩᚢᛖᚱᛈᚪᛋᛋᛖᛞ,490
backstitch,54996,0,ᛒᚪᚳᚳᛋᛏᛁᛏᚳᚻ,422
eugenicist,54982,0,ᛖᚢᚷᛖᚾᛁᚳᛁᛋᛏ,370
openhearted,54898,0,ᚩᛈᛖᚾᚻᛠᚱᛏᛖᛞ,504
individuum,54894,0,ᛁᚾᛞᛁᚢᛁᛞᚢᚢᛗ,380
sloganeering,54885,0,ᛋᛚᚩᚷᚪᚾᛖᛖᚱᛝ,500
sidetracking,54874,0,ᛋᛁᛞᛖᛏᚱᚪᚳᚳᛝ,512
underrates,54794,0,ᚢᚾᛞᛖᚱᚱᚪᛏᛖᛋ,486
brainwaves,54745,0,ᛒᚱᚪᛁᚾᚹᚪᚢᛖᛋ,468
ministrant,54721,0,ᛗᛁᚾᛁᛋᛏᚱᚪᚾᛏ,470
heartburnings,54710,0,ᚻᛠᚱᛏᛒᚢᚱᚾᛝᛋ,438
admirations,54675,0,ᚪᛞᛗᛁᚱᚪᛏᛡᚾᛋ,644
crawlspace,54673,0,ᚳᚱᚪᚹᛚᛋᛈᚪᚳᛖ,486
spleenwort,54668,0,ᛋᛈᛚᛖᛖᚾᚹᚩᚱᛏ,428
unapparent,54665,0,ᚢᚾᚪᛈᛈᚪᚱᛖᚾᛏ,478
debauchees,54607,0,ᛞᛖᛒᚪᚢᚳᚻᛖᛖᛋ,540
australoid,54591,0,ᚪᚢᛋᛏᚱᚪᛚᚩᛁᛞ,520
cornucopias,54587,0,ᚳᚩᚱᚾᚢᚳᚩᛈᛡᛋ,286
branchless,54539,0,ᛒᚱᚪᚾᚳᚻᛚᛖᛋᛋ,480
supplanter,54530,0,ᛋᚢᛈᛈᛚᚪᚾᛏᛖᚱ,478
bombshells,54422,0,ᛒᚩᛗᛒᛋᚻᛖᛚᛚᛋ,542
likability,54419,0,ᛚᛁᚳᚪᛒᛁᛚᛁᛏᚣ,572
forbiddingly,54397,0,ᚠᚩᚱᛒᛁᛞᛞᛝᛚᚣ,545
abjectness,54382,0,ᚪᛒᛂᛖᚳᛏᚾᛖᛋᛋ,536
proclaimer,54329,0,ᛈᚱᚩᚳᛚᚪᛁᛗᛖᚱ,424
semivowels,54257,0,ᛋᛖᛗᛁᚢᚩᚹᛖᛚᛋ,444
endosmosis,54228,0,ᛖᚾᛞᚩᛋᛗᚩᛋᛁᛋ,460
pleurodynia,54223,0,ᛈᛚᛖᚢᚱᚩᛞᚣᚾᛡ,532
mirrorlike,54151,0,ᛗᛁᚱᚱᚩᚱᛚᛁᚳᛖ,326
stovepipes,54150,0,ᛋᛏᚩᚢᛖᛈᛁᛈᛖᛋ,426
mousetraps,54130,0,ᛗᚩᚢᛋᛖᛏᚱᚪᛈᛋ,464
journalese,54115,0,ᛂᚩᚢᚱᚾᚪᛚᛖᛋᛖ,444
samarskite,54110,0,ᛋᚪᛗᚪᚱᛋᚳᛁᛏᛖ,552
causticity,54103,0,ᚳᚪᚢᛋᛏᛁᚳᛁᛏᚣ,462
unrepented,54036,0,ᚢᚾᚱᛖᛈᛖᚾᛏᛖᛞ,464
insolvable,54033,0,ᛁᚾᛋᚩᛚᚢᚪᛒᛚᛖ,494
unctuously,53998,0,ᚢᚾᚳᛏᚢᚩᚢᛋᛚᚣ,346
tympanitis,53904,0,ᛏᚣᛗᛈᚪᚾᛁᛏᛁᛋ,576
canonicals,53899,0,ᚳᚪᚾᚩᚾᛁᚳᚪᛚᛋ,442
stalemates,53896,0,ᛋᛏᚪᛚᛖᛗᚪᛏᛖᛋ,696
asexuality,53854,0,ᚪᛋᛖᛉᚢᚪᛚᛁᛏᚣ,630
grittiness,53839,0,ᚷᚱᛁᛏᛏᛁᚾᛖᛋᛋ,410
paperhanger,53756,0,ᛈᚪᛈᛖᚱᚻᚪᛝᛖᚱ,538
ribbonlike,53754,0,ᚱᛁᛒᛒᚩᚾᛚᛁᚳᛖ,384
scratchpad,53712,0,ᛋᚳᚱᚪᛏᚳᚻᛈᚪᛞ,498
bushmaster,53705,0,ᛒᚢᛋᚻᛗᚪᛋᛏᛖᚱ,498
helianthemum,53683,0,ᚻᛖᛚᛡᚾᚦᛖᛗᚢᛗ,516
jauntiness,53680,0,ᛂᚪᚢᚾᛏᛁᚾᛖᛋᛋ,458
webmasters,53669,0,ᚹᛖᛒᛗᚪᛋᛏᛖᚱᛋ,558
greenbelts,53641,0,ᚷᚱᛖᛖᚾᛒᛖᛚᛏᛋ,504
concentred,53639,0,ᚳᚩᚾᚳᛖᚾᛏᚱᛖᛞ,384
sedateness,53585,0,ᛋᛖᛞᚪᛏᛖᚾᛖᛋᛋ,634
presentist,53487,0,ᛈᚱᛖᛋᛖᚾᛏᛁᛋᛏ,472
unborrowed,53468,0,ᚢᚾᛒᚩᚱᚱᚩᚹᛖᛞ,304
obnoxiously,53440,0,ᚩᛒᚾᚩᛉᛡᚢᛋᛚᚣ,490
saponaceous,53332,0,ᛋᚪᛈᚩᚾᚪᚳᛇᚢᛋ,436
steriliser,53280,0,ᛋᛏᛖᚱᛁᛚᛁᛋᛖᚱ,456
bannisters,53258,0,ᛒᚪᚾᚾᛁᛋᛏᛖᚱᛋ,490
concierges,53228,0,ᚳᚩᚾᚳᛁᛖᚱᚷᛖᛋ,308
nanometres,53191,0,ᚾᚪᚾᚩᛗᛖᛏᚱᛖᛋ,490
scrutineer,53180,0,ᛋᚳᚱᚢᛏᛁᚾᛖᛖᚱ,344
matchboxes,53145,0,ᛗᚪᛏᚳᚻᛒᚩᛉᛖᛋ,498
unarguably,53101,0,ᚢᚾᚪᚱᚷᚢᚪᛒᛚᚣ,494
suicidally,53101,0,ᛋᚢᛁᚳᛁᛞᚪᛚᛚᚣ,566
disobliged,53088,0,ᛞᛁᛋᚩᛒᛚᛁᚷᛖᛞ,518
barracudas,53054,0,ᛒᚪᚱᚱᚪᚳᚢᛞᚪᛋ,532
meaninglessly,53020,0,ᛗᛠᚾᛝᛚᛖᛋᛋᛚᚣ,710
unploughed,52996,0,ᚢᚾᛈᛚᚩᚢᚷᚻᛖᛞ,354
tradecraft,52923,0,ᛏᚱᚪᛞᛖᚳᚱᚪᚠᛏ,505
moonshiner,52886,0,ᛗᚩᚩᚾᛋᚻᛁᚾᛖᚱ,328
sluiceways,52877,0,ᛋᛚᚢᛁᚳᛖᚹᚪᚣᛋ,512
bootlegged,52851,0,ᛒᚩᚩᛏᛚᛖᚷᚷᛖᛞ,464
appreciator,52830,0,ᚪᛈᛈᚱᛖᚳᛡᛏᚩᚱ,458
trapshooting,52824,0,ᛏᚱᚪᛈᛋᚻᚩᚩᛏᛝ,438
sapphirine,52819,0,ᛋᚪᛈᛈᚻᛁᚱᛁᚾᛖ,428
blockbusting,52802,0,ᛒᛚᚩᚳᚳᛒᚢᛋᛏᛝ,422
honeymooning,52753,0,ᚻᚩᚾᛖᚣᛗᚩᚩᚾᛝ,422
exhumations,52717,0,ᛖᛉᚻᚢᛗᚪᛏᛡᚾᛋ,556
unthreatened,52698,0,ᚢᚾᚦᚱᛠᛏᛖᚾᛖᛞ,468
recitativo,52663,0,ᚱᛖᚳᛁᛏᚪᛏᛁᚢᚩ,378
barycenter,52660,0,ᛒᚪᚱᚣᚳᛖᚾᛏᛖᚱ,518
leapfrogged,52646,0,ᛚᛠᛈᚠᚱᚩᚷᚷᛖᛞ,435
packsaddle,52641,0,ᛈᚪᚳᚳᛋᚪᛞᛞᛚᛖ,634
intermezzi,52640,0,ᛁᚾᛏᛖᚱᛗᛖᛋᛋᛁ,472
exultations,52571,0,ᛖᛉᚢᛚᛏᚪᛏᛡᚾᛋ,594
debonnaire,52539,0,ᛞᛖᛒᚩᚾᚾᚪᛁᚱᛖ,488
underplays,52532,0,ᚢᚾᛞᛖᚱᛈᛚᚪᚣᛋ,568
dissoluble,52514,0,ᛞᛁᛋᛋᚩᛚᚢᛒᛚᛖ,510
mirthlessly,52495,0,ᛗᛁᚱᚦᛚᛖᛋᛋᛚᚣ,540
serviettes,52443,0,ᛋᛖᚱᚢᛁᛖᛏᛏᛖᛋ,470
balkanized,52429,0,ᛒᚪᛚᚳᚪᚾᛁᛋᛖᛞ,610
complainings,52416,0,ᚳᚩᛗᛈᛚᚪᛁᚾᛝᛋ,496
dominators,52400,0,ᛞᚩᛗᛁᚾᚪᛏᚩᚱᛋ,454
reshuffles,52368,0,ᚱᛖᛋᚻᚢᚠᚠᛚᛖᛋ,354
parrakeets,52364,0,ᛈᚪᚱᚱᚪᚳᛖᛖᛏᛋ,518
jactitation,52364,0,ᛂᚪᚳᛏᛁᛏᚪᛏᛡᚾ,588
sultriness,52363,0,ᛋᚢᛚᛏᚱᛁᚾᛖᛋᛋ,432
cogitative,52328,0,ᚳᚩᚷᛁᛏᚪᛏᛁᚢᛖ,384
shrievalty,52265,0,ᛋᚻᚱᛁᛖᚢᚪᛚᛏᚣ,520
synonymity,52195,0,ᛋᚣᚾᚩᚾᚣᛗᛁᛏᚣ,588
placentals,52192,0,ᛈᛚᚪᚳᛖᚾᛏᚪᛚᛋ,604
flammables,52192,0,ᚠᛚᚪᛗᛗᚪᛒᛚᛖᛋ,665
conservers,52114,0,ᚳᚩᚾᛋᛖᚱᚢᛖᚱᛋ,314
gadolinite,52099,0,ᚷᚪᛞᚩᛚᛁᚾᛁᛏᛖ,500
crenelated,52074,0,ᚳᚱᛖᚾᛖᛚᚪᛏᛖᛞ,572
playmakers,52008,0,ᛈᛚᚪᚣᛗᚪᚳᛖᚱᛋ,628
irrationals,51995,0,ᛁᚱᚱᚪᛏᛡᚾᚪᛚᛋ,568
jinrikisha,51926,0,ᛂᛁᚾᚱᛁᚳᛁᛋᚻᚪ,356
greensands,51885,0,ᚷᚱᛖᛖᚾᛋᚪᚾᛞᛋ,512
peptization,51881,0,ᛈᛖᛈᛏᛁᛋᚪᛏᛡᚾ,588
tropically,51878,0,ᛏᚱᚩᛈᛁᚳᚪᛚᛚᚣ,510
cognitional,51864,0,ᚳᚩᚷᚾᛁᛏᛡᚾᚪᛚ,462
unshadowed,51816,0,ᚢᚾᛋᚻᚪᛞᚩᚹᛖᛞ,476
disembowel,51803,0,ᛞᛁᛋᛖᛗᛒᚩᚹᛖᛚ,538
aspirators,51784,0,ᚪᛋᛈᛁᚱᚪᛏᚩᚱᛋ,462
fortnights,51782,0,ᚠᚩᚱᛏᚾᛁᚷᚻᛏᛋ,291
gametocyte,51770,0,ᚷᚪᛗᛖᛏᚩᚳᚣᛏᛖ,560
nobilities,51728,0,ᚾᚩᛒᛁᛚᛁᛏᛁᛖᛋ,442
harbourage,51728,0,ᚻᚪᚱᛒᚩᚢᚱᚪᚷᛖ,394
occurrents,51726,0,ᚩᚳᚳᚢᚱᚱᛖᚾᛏᛋ,266
adjurations,51723,0,ᚪᛞᛂᚢᚱᚪᛏᛡᚾᛋ,582
showpieces,51719,0,ᛋᚻᚩᚹᛈᛁᛖᚳᛖᛋ,376
seemliness,51697,0,ᛋᛖᛖᛗᛚᛁᚾᛖᛋᛋ,564
ventilates,51690,0,ᚢᛖᚾᛏᛁᛚᚪᛏᛖᛋ,538
catheterize,51673,0,ᚳᚪᚦᛖᛏᛖᚱᛁᛋᛖ,470
immobilise,51669,0,ᛁᛗᛗᚩᛒᛁᛚᛁᛋᛖ,496
reselection,51657,0,ᚱᛖᛋᛖᛚᛖᚳᛏᛡᚾ,546
allotropes,51639,0,ᚪᛚᛚᚩᛏᚱᚩᛈᛖᛋ,490
euphuistic,51598,0,ᛖᚢᛈᚻᚢᛁᛋᛏᛁᚳ,326
damascened,51597,0,ᛞᚪᛗᚪᛋᚳᛖᚾᛖᛞ,672
elopements,51590,0,ᛖᛚᚩᛈᛖᛗᛖᚾᛏᛋ,536
backtracks,51569,0,ᛒᚪᚳᚳᛏᚱᚪᚳᚳᛋ,430
combinable,51559,0,ᚳᚩᛗᛒᛁᚾᚪᛒᛚᛖ,510
unfordable,51545,0,ᚢᚾᚠᚩᚱᛞᚪᛒᛚᛖ,439
myrobalans,51541,0,ᛗᚣᚱᚩᛒᚪᛚᚪᚾᛋ,602
cannelloni,51526,0,ᚳᚪᚾᚾᛖᛚᛚᚩᚾᛁ,448
cytotoxins,51524,0,ᚳᚣᛏᚩᛏᚩᛉᛁᚾᛋ,408
dramatises,51471,0,ᛞᚱᚪᛗᚪᛏᛁᛋᛖᛋ,628
naturalise,51463,0,ᚾᚪᛏᚢᚱᚪᛚᛁᛋᛖ,520
birthrights,51462,0,ᛒᛁᚱᚦᚱᛁᚷᚻᛏᛋ,302
washstands,51424,0,ᚹᚪᛋᚻᛋᛏᚪᚾᛞᛋ,572
desolately,51402,0,ᛞᛖᛋᚩᛚᚪᛏᛖᛚᚣ,688
permutable,51354,1,ᛈᛖᚱᛗᚢᛏᚪᛒᛚᛖ,552
argonautic,51345,0,ᚪᚱᚷᚩᚾᚪᚢᛏᛁᚳ,364
devotionals,51307,0,ᛞᛖᚢᚩᛏᛡᚾᚪᛚᛋ,584
voltigeurs,51305,0,ᚢᚩᛚᛏᛁᚷᛖᚢᚱᛋ,324
balbriggan,51282,0,ᛒᚪᛚᛒᚱᛁᚷᚷᚪᚾ,494
clerically,51268,0,ᚳᛚᛖᚱᛁᚳᚪᛚᛚᚣ,554
indigested,51236,0,ᛁᚾᛞᛁᚷᛖᛋᛏᛖᛞ,532
autochthony,51196,0,ᚪᚢᛏᚩᚳᚻᚦᚩᚾᚣ,346
cornucopiae,51178,0,ᚳᚩᚱᚾᚢᚳᚩᛈᛡᛖ,300
groundhogs,51164,0,ᚷᚱᚩᚢᚾᛞᚻᚩᚷᛋ,256
libocedrus,51163,0,ᛚᛁᛒᚩᚳᛖᛞᚱᚢᛋ,408
mythologist,51156,0,ᛗᚣᚦᚩᛚᚩᚷᛁᛋᛏ,426
spacesuits,51126,0,ᛋᛈᚪᚳᛖᛋᚢᛁᛏᛋ,472
rhapsodist,51070,0,ᚱᚻᚪᛈᛋᚩᛞᛁᛋᛏ,466
consultive,51067,0,ᚳᚩᚾᛋᚢᛚᛏᛁᚢᛖ,338
complected,51052,0,ᚳᚩᛗᛈᛚᛖᚳᛏᛖᛞ,502
openhanded,51046,0,ᚩᛈᛖᚾᚻᚪᚾᛞᛖᛞ,540
referrable,51000,0,ᚱᛖᚠᛖᚱᚱᚪᛒᛚᛖ,467
humiliatingly,50946,0,ᚻᚢᛗᛁᛚᛡᛏᛝᛚᚣ,622
tamarindus,50928,0,ᛏᚪᛗᚪᚱᛁᚾᛞᚢᛋ,540
scramblers,50922,0,ᛋᚳᚱᚪᛗᛒᛚᛖᚱᛋ,510
makeweight,50921,0,ᛗᚪᚳᛖᚹᛖᛁᚷᚻᛏ,464
photoflood,50889,0,ᛈᚻᚩᛏᚩᚠᛚᚩᚩᛞ,317
backboards,50879,0,ᛒᚪᚳᚳᛒᚩᚪᚱᛞᛋ,502
protogenes,50867,0,ᛈᚱᚩᛏᚩᚷᛖᚾᛖᛋ,360
introjects,50867,0,ᛁᚾᛏᚱᚩᛂᛖᚳᛏᛋ,366
sclerotomy,50861,0,ᛋᚳᛚᛖᚱᚩᛏᚩᛗᚣ,464
tactlessly,50831,0,ᛏᚪᚳᛏᛚᛖᛋᛋᛚᚣ,650
anhidrosis,50806,0,ᚪᚾᚻᛁᛞᚱᚩᛋᛁᛋ,424
crankiness,50782,0,ᚳᚱᚪᚾᚳᛁᚾᛖᛋᛋ,396
tessellate,50768,0,ᛏᛖᛋᛋᛖᛚᛚᚪᛏᛖ,668
resolvents,50766,0,ᚱᛖᛋᚩᛚᚢᛖᚾᛏᛋ,422
antimonials,50760,0,ᚪᚾᛏᛁᛗᚩᚾᛡᛚᛋ,556
gristmills,50759,0,ᚷᚱᛁᛋᛏᛗᛁᛚᛚᛋ,472
patristics,50755,0,ᛈᚪᛏᚱᛁᛋᛏᛁᚳᛋ,450
lobstermen,50749,0,ᛚᚩᛒᛋᛏᛖᚱᛗᛖᚾ,498
glassmaker,50731,0,ᚷᛚᚪᛋᛋᛗᚪᚳᛖᚱ,552
alphonsine,50715,0,ᚪᛚᛈᚻᚩᚾᛋᛁᚾᛖ,452
paragonite,50674,0,ᛈᚪᚱᚪᚷᚩᚾᛁᛏᛖ,458
prosthetist,50673,0,ᛈᚱᚩᛋᚦᛖᛏᛁᛋᛏ,388
terrorizes,50648,0,ᛏᛖᚱᚱᚩᚱᛁᛋᛖᛋ,370
tomatillos,50612,0,ᛏᚩᛗᚪᛏᛁᛚᛚᚩᛋ,530
candlewood,50606,0,ᚳᚪᚾᛞᛚᛖᚹᚩᚩᛞ,490
signalizes,50551,0,ᛋᛁᚷᚾᚪᛚᛁᛋᛖᛋ,504
collarette,50523,0,ᚳᚩᛚᛚᚪᚱᛖᛏᛏᛖ,526
minuscules,50520,0,ᛗᛁᚾᚢᛋᚳᚢᛚᛖᛋ,396
polemonium,50510,0,ᛈᚩᛚᛖᛗᚩᚾᛁᚢᛗ,402
resistible,50475,0,ᚱᛖᛋᛁᛋᛏᛁᛒᛚᛖ,506
electioneer,50400,0,ᛖᛚᛖᚳᛏᛡᚾᛖᛖᚱ,560
stylisation,50345,0,ᛋᛏᚣᛚᛁᛋᚪᛏᛡᚾ,664
disavowals,50335,0,ᛞᛁᛋᚪᚢᚩᚹᚪᛚᛋ,522
torchbearer,50283,0,ᛏᚩᚱᚳᚻᛒᛠᚱᛖᚱ,372
carbineers,50272,0,ᚳᚪᚱᛒᛁᚾᛖᛖᚱᛋ,440
absolutions,50258,0,ᚪᛒᛋᚩᛚᚢᛏᛡᚾᛋ,542
tintometer,50236,0,ᛏᛁᚾᛏᚩᛗᛖᛏᛖᚱ,460
sinisterly,50195,0,ᛋᛁᚾᛁᛋᛏᛖᚱᛚᚣ,510
analysands,50178,0,ᚪᚾᚪᛚᚣᛋᚪᚾᛞᛋ,720
overreaches,50164,0,ᚩᚢᛖᚱᚱᛠᚳᚻᛖᛋ,364
footboards,50154,0,ᚠᚩᚩᛏᛒᚩᚪᚱᛞᛋ,393
strugglers,50134,0,ᛋᛏᚱᚢᚷᚷᛚᛖᚱᛋ,364
mainstreams,50124,0,ᛗᚪᛁᚾᛋᛏᚱᛠᛗᛋ,584
dictograph,50115,0,ᛞᛁᚳᛏᚩᚷᚱᚪᛈᚻ,390
banqueters,50014,0,ᛒᚪᚾᚳᚹᛖᛏᛖᚱᛋ,476
dissolvent,50009,0,ᛞᛁᛋᛋᚩᛚᚢᛖᚾᛏ,464
literality,49980,0,ᛚᛁᛏᛖᚱᚪᛚᛁᛏᚣ,604
parentally,49952,0,ᛈᚪᚱᛖᚾᛏᚪᛚᛚᚣ,652
horrifyingly,49907,0,ᚻᚩᚱᚱᛁᚠᚣᛝᛚᚣ,443
dipsomaniac,49892,0,ᛞᛁᛈᛋᚩᛗᚪᚾᛡᚳ,540
robitussin,49881,0,ᚱᚩᛒᛁᛏᚢᛋᛋᛁᚾ,338
supernovas,49879,0,ᛋᚢᛈᛖᚱᚾᚩᚢᚪᛋ,366
damselfish,49865,0,ᛞᚪᛗᛋᛖᛚᚠᛁᛋᚻ,559
decrementing,49844,0,ᛞᛖᚳᚱᛖᛗᛖᚾᛏᛝ,552
saliferous,49794,0,ᛋᚪᛚᛁᚠᛖᚱᚩᚢᛋ,397
obdurately,49788,0,ᚩᛒᛞᚢᚱᚪᛏᛖᛚᚣ,570
armistices,49697,0,ᚪᚱᛗᛁᛋᛏᛁᚳᛖᛋ,486
underplaying,49689,0,ᚢᚾᛞᛖᚱᛈᛚᚪᚣᛝ,594
timetabled,49625,0,ᛏᛁᛗᛖᛏᚪᛒᛚᛖᛞ,674
lemniscate,49618,0,ᛚᛖᛗᚾᛁᛋᚳᚪᛏᛖ,560
cortically,49617,0,ᚳᚩᚱᛏᛁᚳᚪᛚᛚᚣ,480
epicycloid,49615,0,ᛖᛈᛁᚳᚣᚳᛚᚩᛁᛞ,470
nutriments,49559,0,ᚾᚢᛏᚱᛁᛗᛖᚾᛏᛋ,412
psalteries,49554,0,ᛈᛋᚪᛚᛏᛖᚱᛁᛖᛋ,554
gregarines,49549,0,ᚷᚱᛖᚷᚪᚱᛁᚾᛖᛋ,400
alpenstock,49534,0,ᚪᛚᛈᛖᚾᛋᛏᚩᚳᚳ,454
aventurine,49531,0,ᚪᚢᛖᚾᛏᚢᚱᛁᚾᛖ,396
ascensional,49529,0,ᚪᛋᚳᛖᚾᛋᛡᚾᚪᛚ,618
squamulose,49516,0,ᛋᚳᚹᚪᛗᚢᛚᚩᛋᛖ,456
howsomever,49511,0,ᚻᚩᚹᛋᚩᛗᛖᚢᛖᚱ,328
repudiations,49496,0,ᚱᛖᛈᚢᛞᛡᛏᛡᚾᛋ,568
disinfects,49495,0,ᛞᛁᛋᛁᚾᚠᛖᚳᛏᛋ,427
quiddities,49474,0,ᚳᚹᛁᛞᛞᛁᛏᛁᛖᛋ,482
paralogism,49429,0,ᛈᚪᚱᚪᛚᚩᚷᛁᛋᛗ,500
unanalysed,49413,0,ᚢᚾᚪᚾᚪᛚᚣᛋᛖᛞ,640
tidewaters,49396,0,ᛏᛁᛞᛖᚹᚪᛏᛖᚱᛋ,552
resubmitting,49388,0,ᚱᛖᛋᚢᛒᛗᛁᛏᛏᛝ,494
inelegance,49387,0,ᛁᚾᛖᛚᛖᚷᚪᚾᚳᛖ,490
rugosities,49364,0,ᚱᚢᚷᚩᛋᛁᛏᛁᛖᛋ,332
harmonical,49342,0,ᚻᚪᚱᛗᚩᚾᛁᚳᚪᛚ,452
handwheels,49324,0,ᚻᚪᚾᛞᚹᚻᛖᛖᛚᛋ,540
allosaurus,49298,0,ᚪᛚᛚᚩᛋᚪᚢᚱᚢᛋ,470
allegorize,49274,0,ᚪᛚᛚᛖᚷᚩᚱᛁᛋᛖ,496
tearstained,49228,0,ᛏᛠᚱᛋᛏᚪᛁᚾᛖᛞ,604
preemptions,49219,0,ᛈᚱᛖᛖᛗᛈᛏᛡᚾᛋ,550
afterwords,49206,0,ᚪᚠᛏᛖᚱᚹᚩᚱᛞᛋ,415
adjacently,49124,0,ᚪᛞᛂᚪᚳᛖᚾᛏᛚᚣ,664
salesgirls,49093,0,ᛋᚪᛚᛖᛋᚷᛁᚱᛚᛋ,528
mavourneen,49064,0,ᛗᚪᚢᚩᚢᚱᚾᛖᛖᚾ,384
waistlines,49055,0,ᚹᚪᛁᛋᛏᛚᛁᚾᛖᛋ,512
describers,49020,0,ᛞᛖᛋᚳᚱᛁᛒᛖᚱᛋ,456
storminess,49005,0,ᛋᛏᚩᚱᛗᛁᚾᛖᛋᛋ,434
burglarizing,48985,0,ᛒᚢᚱᚷᛚᚪᚱᛁᛋᛝ,436
blackjacks,48985,0,ᛒᛚᚪᚳᚳᛂᚪᚳᚳᛋ,470
quercitron,48980,0,ᚳᚹᛖᚱᚳᛁᛏᚱᚩᚾ,260
inexpertly,48977,0,ᛁᚾᛖᛉᛈᛖᚱᛏᛚᚣ,530
cheilanthes,48972,0,ᚳᚻᛖᛁᛚᚪᚾᚦᛖᛋ,458
pimpinella,48941,0,ᛈᛁᛗᛈᛁᚾᛖᛚᛚᚪ,558
dyssynergia,48932,0,ᛞᚣᛋᛋᚣᚾᛖᚱᚷᛡ,632
disenchant,48905,0,ᛞᛁᛋᛖᚾᚳᚻᚪᚾᛏ,490
cytologist,48887,0,ᚳᚣᛏᚩᛚᚩᚷᛁᛋᛏ,422
blindfolding,48887,0,ᛒᛚᛁᚾᛞᚠᚩᛚᛞᛝ,533
companioned,48857,0,ᚳᚩᛗᛈᚪᚾᛡᚾᛖᛞ,552
untraveled,48835,0,ᚢᚾᛏᚱᚪᚢᛖᛚᛖᛞ,498
minnesotan,48739,0,ᛗᛁᚾᚾᛖᛋᚩᛏᚪᚾ,472
twelvefold,48719,0,ᛏᚹᛖᛚᚢᛖᚠᚩᛚᛞ,459
solitaires,48686,0,ᛋᚩᛚᛁᛏᚪᛁᚱᛖᛋ,482
respecters,48657,0,ᚱᛖᛋᛈᛖᚳᛏᛖᚱᛋ,444
potability,48607,0,ᛈᚩᛏᚪᛒᛁᛚᛁᛏᚣ,564
enfeoffment,48594,0,ᛖᚾᚠᛇᚠᚠᛗᛖᚾᛏ,369
bottommost,48573,0,ᛒᚩᛏᛏᚩᛗᛗᚩᛋᛏ,454
punitively,48551,0,ᛈᚢᚾᛁᛏᛁᚢᛖᛚᚣ,442
sickliness,48483,0,ᛋᛁᚳᚳᛚᛁᚾᛖᛋᛋ,416
forecourts,48431,0,ᚠᚩᚱᛖᚳᚩᚢᚱᛏᛋ,233
interlaces,48355,0,ᛁᚾᛏᛖᚱᛚᚪᚳᛖᛋ,500
flintlocks,48333,0,ᚠᛚᛁᚾᛏᛚᚩᚳᚳᛋ,353
thermophile,48316,0,ᚦᛖᚱᛗᚩᛈᚻᛁᛚᛖ,398
pedometers,48311,0,ᛈᛖᛞᚩᛗᛖᛏᛖᚱᛋ,534
historicus,48299,0,ᚻᛁᛋᛏᚩᚱᛁᚳᚢᛋ,284
whichsoever,48286,0,ᚹᚻᛁᚳᚻᛋᛟᚢᛖᚱ,326
sanforized,48227,0,ᛋᚪᚾᚠᚩᚱᛁᛋᛖᛞ,439
stargazers,48178,0,ᛋᛏᚪᚱᚷᚪᛋᛖᚱᛋ,518
entourages,48166,0,ᛖᚾᛏᚩᚢᚱᚪᚷᛖᛋ,410
sufferable,48163,0,ᛋᚢᚠᚠᛖᚱᚪᛒᛚᛖ,436
imbittered,48094,0,ᛁᛗᛒᛁᛏᛏᛖᚱᛖᛞ,546
undeviatingly,48014,0,ᚢᚾᛞᛖᚢᛡᛏᛝᛚᚣ,612
myopically,47995,0,ᛗᚣᚩᛈᛁᚳᚪᛚᛚᚣ,614
dehydrates,47953,0,ᛞᛖᚻᚣᛞᚱᚪᛏᛖᛋ,658
goldenrods,47917,0,ᚷᚩᛚᛞᛖᚾᚱᚩᛞᛋ,442
bewitchingly,47909,0,ᛒᛖᚹᛁᛏᚳᚻᛝᛚᚣ,528
basiliscus,47896,0,ᛒᚪᛋᛁᛚᛁᛋᚳᚢᛋ,468
citizeness,47870,0,ᚳᛁᛏᛁᛋᛖᚾᛖᛋᛋ,456
intermingles,47831,0,ᛁᚾᛏᛖᚱᛗᛝᛚᛖᛋ,540
splashdown,47808,0,ᛋᛈᛚᚪᛋᚻᛞᚩᚹᚾ,486
contemners,47782,0,ᚳᚩᚾᛏᛖᛗᚾᛖᚱᛋ,406
risibility,47759,0,ᚱᛁᛋᛁᛒᛁᛚᛁᛏᚣ,484
whirligigs,47747,0,ᚹᚻᛁᚱᛚᛁᚷᛁᚷᛋ,306
notability,47746,0,ᚾᚩᛏᚪᛒᛁᛚᛁᛏᚣ,550
fraticelli,47738,0,ᚠᚱᚪᛏᛁᚳᛖᛚᛚᛁ,457
eventration,47729,0,ᛖᚢᛖᚾᛏᚱᚪᛏᛡᚾ,528
annotative,47717,0,ᚪᚾᚾᚩᛏᚪᛏᛁᚢᛖ,478
anthracosis,47692,0,ᚪᚾᚦᚱᚪᚳᚩᛋᛁᛋ,396
reparatory,47653,0,ᚱᛖᛈᚪᚱᚪᛏᚩᚱᚣ,506
alstroemeria,47653,0,ᚪᛚᛋᛏᚱᛟᛗᛖᚱᛡ,632
embroiders,47558,0,ᛖᛗᛒᚱᚩᛁᛞᛖᚱᛋ,468
autographing,47536,0,ᚪᚢᛏᚩᚷᚱᚪᛈᚻᛝ,436
playfields,47489,0,ᛈᛚᚪᚣᚠᛁᛖᛚᛞᛋ,631
somebodies,47474,0,ᛋᚩᛗᛖᛒᚩᛞᛁᛖᛋ,506
preexisted,47466,0,ᛈᚱᛖᛖᛉᛁᛋᛏᛖᛞ,534
totalistic,47461,0,ᛏᚩᛏᚪᛚᛁᛋᛏᛁᚳ,482
pacificism,47453,0,ᛈᚪᚳᛁᚠᛁᚳᛁᛋᛗ,385
panhandler,47429,0,ᛈᚪᚾᚻᚪᚾᛞᛚᛖᚱ,558
stockrooms,47422,0,ᛋᛏᚩᚳᚳᚱᚩᚩᛗᛋ,294
arbitrates,47397,0,ᚪᚱᛒᛁᛏᚱᚪᛏᛖᛋ,546
demulcents,47388,0,ᛞᛖᛗᚢᛚᚳᛖᚾᛏᛋ,524
snuffboxes,47379,0,ᛋᚾᚢᚠᚠᛒᚩᛉᛖᛋ,324
extricates,47352,0,ᛖᛉᛏᚱᛁᚳᚪᛏᛖᛋ,504
allusively,47346,0,ᚪᛚᛚᚢᛋᛁᚢᛖᛚᚣ,576
tattletale,47339,0,ᛏᚪᛏᛏᛚᛖᛏᚪᛚᛖ,710
sobriquets,47308,0,ᛋᚩᛒᚱᛁᚳᚹᛖᛏᛋ,374
hairpieces,47305,0,ᚻᚪᛁᚱᛈᛁᛖᚳᛖᛋ,436
masculines,47265,0,ᛗᚪᛋᚳᚢᛚᛁᚾᛖᛋ,490
audacities,47218,0,ᚪᚢᛞᚪᚳᛁᛏᛁᛖᛋ,540
semibreves,47217,0,ᛋᛖᛗᛁᛒᚱᛖᚢᛖᛋ,484
feuillants,47210,0,ᚠᛖᚢᛁᛚᛚᚪᚾᛏᛋ,487
endosperms,47198,0,ᛖᚾᛞᚩᛋᛈᛖᚱᛗᛋ,490
plagiarists,47187,0,ᛈᛚᚪᚷᛡᚱᛁᛋᛏᛋ,544
taximeters,47142,0,ᛏᚪᛉᛁᛗᛖᛏᛖᚱᛋ,562
superorder,47142,0,ᛋᚢᛈᛖᚱᚩᚱᛞᛖᚱ,362
cataplasms,47136,0,ᚳᚪᛏᚪᛈᛚᚪᛋᛗᛋ,656
entireness,47088,0,ᛖᚾᛏᛁᚱᛖᚾᛖᛋᛋ,466
desiderium,47073,0,ᛞᛖᛋᛁᛞᛖᚱᛁᚢᛗ,512
bushwhacking,47068,0,ᛒᚢᛋᚻᚹᚻᚪᚳᚳᛝ,384
comicality,47063,0,ᚳᚩᛗᛁᚳᚪᛚᛁᛏᚣ,498
caramelize,47023,0,ᚳᚪᚱᚪᛗᛖᛚᛁᛋᛖ,580
commination,47007,0,ᚳᚩᛗᛗᛁᚾᚪᛏᛡᚾ,514
dramatical,47001,0,ᛞᚱᚪᛗᚪᛏᛁᚳᚪᛚ,638
portionless,46980,0,ᛈᚩᚱᛏᛡᚾᛚᛖᛋᛋ,502
bassoonist,46980,0,ᛒᚪᛋᛋᚩᚩᚾᛁᛋᛏ,450
certifiably,46970,0,ᚳᛖᚱᛏᛁᚠᛡᛒᛚᚣ,527
freedwoman,46951,0,ᚠᚱᛖᛖᛞᚹᚩᛗᚪᚾ,459
mezzanines,46937,0,ᛗᛖᛋᛋᚪᚾᛁᚾᛖᛋ,550
shudderingly,46927,0,ᛋᚻᚢᛞᛞᛖᚱᛝᛚᚣ,590
childproof,46917,0,ᚳᚻᛁᛚᛞᛈᚱᚩᚩᚠ,299
swineherds,46877,0,ᛋᚹᛁᚾᛖᚻᛖᚱᛞᛋ,442
planetoids,46867,0,ᛈᛚᚪᚾᛖᛏᚩᛁᛞᛋ,548
unreproved,46856,0,ᚢᚾᚱᛖᛈᚱᚩᚢᛖᛞ,330
snowboards,46815,0,ᛋᚾᚩᚹᛒᚩᚪᚱᛞᛋ,426
appendaged,46803,0,ᚪᛈᛈᛖᚾᛞᚪᚷᛖᛞ,638
haematocele,46779,0,ᚻᚫᛗᚪᛏᚩᚳᛖᛚᛖ,578
stouthearted,46746,0,ᛋᛏᚩᚢᚦᛠᚱᛏᛖᛞ,462
desperados,46733,0,ᛞᛖᛋᛈᛖᚱᚪᛞᚩᛋ,576
roughhousing,46682,0,ᚱᚩᚢᚷᚻᚻᚩᚢᛋᛝ,226
demodulate,46678,0,ᛞᛖᛗᚩᛞᚢᛚᚪᛏᛖ,622
prosopopoeia,46658,0,ᛈᚱᚩᛋᚩᛈᚩᛈᛟᛡ,404
mizzenmast,46657,0,ᛗᛁᛋᛋᛖᚾᛗᚪᛋᛏ,584
retrogress,46641,0,ᚱᛖᛏᚱᚩᚷᚱᛖᛋᛋ,356
kinescopes,46627,0,ᚳᛁᚾᛖᛋᚳᚩᛈᛖᛋ,376
septembers,46594,0,ᛋᛖᛈᛏᛖᛗᛒᛖᚱᛋ,552
gauntleted,46551,0,ᚷᚪᚢᚾᛏᛚᛖᛏᛖᛞ,560
undercoats,46509,0,ᚢᚾᛞᛖᚱᚳᚩᚪᛏᛋ,428
reticences,46508,0,ᚱᛖᛏᛁᚳᛖᚾᚳᛖᛋ,410
divagations,46382,0,ᛞᛁᚢᚪᚷᚪᛏᛡᚾᛋ,582
outlawries,46337,0,ᚩᚢᛏᛚᚪᚹᚱᛁᛖᛋ,420
parricidal,46328,0,ᛈᚪᚱᚱᛁᚳᛁᛞᚪᛚ,496
perorations,46326,0,ᛈᛖᚱᚩᚱᚪᛏᛡᚾᛋ,484
cybernation,46311,0,ᚳᚣᛒᛖᚱᚾᚪᛏᛡᚾ,576
etiquettes,46288,0,ᛖᛏᛁᚳᚹᛖᛏᛏᛖᛋ,494
muscularly,46281,0,ᛗᚢᛋᚳᚢᛚᚪᚱᛚᚣ,500
idolization,46236,0,ᛁᛞᚩᛚᛁᛋᚪᛏᛡᚾ,576
everyplace,46230,0,ᛖᚢᛖᚱᚣᛈᛚᚪᚳᛖ,544
accessibly,46219,0,ᚪᚳᚳᛖᛋᛋᛁᛒᛚᚣ,564
masdevallia,46217,0,ᛗᚪᛋᛞᛖᚢᚪᛚᛚᛡ,730
adsorbable,46216,0,ᚪᛞᛋᚩᚱᛒᚪᛒᛚᛖ,616
disarrayed,46184,0,ᛞᛁᛋᚪᚱᚱᚪᚣᛖᛞ,648
cyclopedias,46169,0,ᚳᚣᚳᛚᚩᛈᛖᛞᛡᛋ,568
pastorally,46145,0,ᛈᚪᛋᛏᚩᚱᚪᛚᛚᚣ,616
deflective,46131,0,ᛞᛖᚠᛚᛖᚳᛏᛁᚢᛖ,471
steelyards,46100,0,ᛋᛏᛖᛖᛚᚣᚪᚱᛞᛋ,672
refulgence,46073,0,ᚱᛖᚠᚢᛚᚷᛖᚾᚳᛖ,349
roadhouses,46042,0,ᚱᚩᚪᛞᚻᚩᚢᛋᛖᛋ,410
minelayers,46005,0,ᛗᛁᚾᛖᛚᚪᚣᛖᚱᛋ,602
ichneumons,45986,0,ᛁᚳᚻᚾᛖᚢᛗᚩᚾᛋ,326
firstborns,45983,0,ᚠᛁᚱᛋᛏᛒᚩᚱᚾᛋ,317
crosscheck,45974,0,ᚳᚱᚩᛋᛋᚳᚻᛖᚳᚳ,266
antimonious,45960,0,ᚪᚾᛏᛁᛗᚩᚾᛡᚢᛋ,486
tenderizer,45940,0,ᛏᛖᚾᛞᛖᚱᛁᛋᛖᚱ,484
pseudobulb,45935,0,ᛈᛋᛖᚢᛞᚩᛒᚢᛚᛒ,460
cheliceral,45921,0,ᚳᚻᛖᛚᛁᚳᛖᚱᚪᛚ,468
hornfelses,45870,0,ᚻᚩᚱᚾᚠᛖᛚᛋᛖᛋ,385
oracularly,45851,0,ᚩᚱᚪᚳᚢᛚᚪᚱᛚᚣ,488
covetously,45769,0,ᚳᚩᚢᛖᛏᚩᚢᛋᛚᚣ,388
phonetician,45671,0,ᛈᚻᚩᚾᛖᛏᛁᚳᛡᚾ,408
gladstones,45653,0,ᚷᛚᚪᛞᛋᛏᚩᚾᛖᛋ,544
childbirths,45638,0,ᚳᚻᛁᛚᛞᛒᛁᚱᚦᛋ,390
embarcation,45633,0,ᛖᛗᛒᚪᚱᚳᚪᛏᛡᚾ,612
terrariums,45623,0,ᛏᛖᚱᚱᚪᚱᛁᚢᛗᛋ,414
pasturages,45621,0,ᛈᚪᛋᛏᚢᚱᚪᚷᛖᛋ,500
fieldpiece,45609,0,ᚠᛁᛖᛚᛞᛈᛁᛖᚳᛖ,483
conceptive,45587,0,ᚳᚩᚾᚳᛖᛈᛏᛁᚢᛖ,332
morbidness,45576,0,ᛗᚩᚱᛒᛁᛞᚾᛖᛋᛋ,472
coloradans,45560,0,ᚳᚩᛚᚩᚱᚪᛞᚪᚾᛋ,476
perdurable,45542,0,ᛈᛖᚱᛞᚢᚱᚪᛒᛚᛖ,522
prelections,45529,0,ᛈᚱᛖᛚᛖᚳᛏᛡᚾᛋ,522
matchbooks,45515,0,ᛗᚪᛏᚳᚻᛒᚩᚩᚳᛋ,404
forehanded,45515,0,ᚠᚩᚱᛖᚻᚪᚾᛞᛖᛞ,481
geriatrician,45512,0,ᚷᛖᚱᛡᛏᚱᛁᚳᛡᚾ,452
vulgarised,45502,0,ᚢᚢᛚᚷᚪᚱᛁᛋᛖᛞ,444
levantines,45501,0,ᛚᛖᚢᚪᚾᛏᛁᚾᛖᛋ,508
chasteness,45410,0,ᚳᚻᚪᛋᛏᛖᚾᛖᛋᛋ,514
psychedelia,45402,0,ᛈᛋᚣᚳᚻᛖᛞᛖᛚᛡ,638
pickaninny,45399,0,ᛈᛁᚳᚳᚪᚾᛁᚾᚾᚣ,418
naturalising,45371,0,ᚾᚪᛏᚢᚱᚪᛚᛁᛋᛝ,532
digitations,45330,0,ᛞᛁᚷᛁᛏᚪᛏᛡᚾᛋ,572
turnstones,45280,0,ᛏᚢᚱᚾᛋᛏᚩᚾᛖᛋ,370
interplays,45253,0,ᛁᚾᛏᛖᚱᛈᛚᚪᚣᛋ,566
sonneteers,45237,0,ᛋᚩᚾᚾᛖᛏᛖᛖᚱᛋ,442
discrowned,45208,0,ᛞᛁᛋᚳᚱᚩᚹᚾᛖᛞ,408
semioticians,45199,0,ᛋᛖᛗᛡᛏᛁᚳᛡᚾᛋ,590
middlemost,45183,0,ᛗᛁᛞᛞᛚᛖᛗᚩᛋᛏ,610
illinoisan,45121,0,ᛁᛚᛚᛁᚾᚩᛁᛋᚪᚾ,454
carmagnole,45107,0,ᚳᚪᚱᛗᚪᚷᚾᚩᛚᛖ,482
dynamiters,45078,0,ᛞᚣᚾᚪᛗᛁᛏᛖᚱᛋ,610
continency,45063,0,ᚳᚩᚾᛏᛁᚾᛖᚾᚳᚣ,380
airmanship,44992,0,ᚪᛁᚱᛗᚪᚾᛋᚻᛁᛈ,486
refreshers,44990,0,ᚱᛖᚠᚱᛖᛋᚻᛖᚱᛋ,365
sombreness,44960,0,ᛋᚩᛗᛒᚱᛖᚾᛖᛋᛋ,472
frequences,44956,0,ᚠᚱᛖᚳᚹᛖᚾᚳᛖᛋ,341
scratchers,44937,0,ᛋᚳᚱᚪᛏᚳᚻᛖᚱᛋ,400
discolouring,44932,0,ᛞᛁᛋᚳᚩᛚᚩᚢᚱᛝ,366
sustainers,44870,0,ᛋᚢᛋᛏᚪᛁᚾᛖᚱᛋ,456
sanctimony,44806,0,ᛋᚪᚾᚳᛏᛁᛗᚩᚾᚣ,492
energizers,44800,0,ᛖᚾᛖᚱᚷᛁᛋᛖᚱᛋ,406
chlorinate,44789,0,ᚳᚻᛚᚩᚱᛁᚾᚪᛏᛖ,410
preterites,44755,0,ᛈᚱᛖᛏᛖᚱᛁᛏᛖᛋ,468
stultifies,44728,0,ᛋᛏᚢᛚᛏᛁᚠᛁᛖᛋ,431
holographs,44712,0,ᚻᚩᛚᚩᚷᚱᚪᛈᚻᛋ,354
anthoxanthum,44674,0,ᚪᚾᚦᚩᛉᚪᚾᚦᚢᛗ,390
blackshirt,44652,0,ᛒᛚᚪᚳᚳᛋᚻᛁᚱᛏ,434
sexologist,44649,0,ᛋᛖᛉᚩᛚᚩᚷᛁᛋᛏ,414
radiopacity,44558,0,ᚱᚪᛞᛡᛈᚪᚳᛁᛏᚣ,650
conditionings,44512,0,ᚳᚩᚾᛞᛁᛏᛡᚾᛝᛋ,496
binucleated,44497,0,ᛒᛁᚾᚢᚳᛚᛠᛏᛖᛞ,534
expectance,44478,0,ᛖᛉᛈᛖᚳᛏᚪᚾᚳᛖ,502
egoistical,44477,0,ᛖᚷᚩᛁᛋᛏᛁᚳᚪᛚ,448
beforetime,44474,0,ᛒᛖᚠᚩᚱᛖᛏᛁᛗᛖ,443
believably,44473,0,ᛒᛖᛚᛁᛖᚢᚪᛒᛚᚣ,636
transactor,44395,0,ᛏᚱᚪᚾᛋᚪᚳᛏᚩᚱ,436
palingenesis,44377,0,ᛈᚪᛚᛝᛖᚾᛖᛋᛁᛋ,592
scrimmages,44376,0,ᛋᚳᚱᛁᛗᛗᚪᚷᛖᛋ,484
liverwurst,44337,0,ᛚᛁᚢᛖᚱᚹᚢᚱᛋᛏ,330
lunchtimes,44336,0,ᛚᚢᚾᚳᚻᛏᛁᛗᛖᛋ,422
congruential,44318,0,ᚳᚩᛝᚱᚢᛖᚾᛏᛡᛚ,448
burnishers,44295,0,ᛒᚢᚱᚾᛁᛋᚻᛖᚱᛋ,342
falsifiers,44248,0,ᚠᚪᛚᛋᛁᚠᛁᛖᚱᛋ,420
pussyfooting,44205,0,ᛈᚢᛋᛋᚣᚠᚩᚩᛏᛝ,409
commutable,44177,0,ᚳᚩᛗᛗᚢᛏᚪᛒᛚᛖ,522
prizefight,44168,0,ᛈᚱᛁᛋᛖᚠᛁᚷᚻᛏ,337
innumerous,44154,0,ᛁᚾᚾᚢᛗᛖᚱᚩᚢᛋ,304
serologist,44152,0,ᛋᛖᚱᚩᛚᚩᚷᛁᛋᛏ,378
backslapping,44146,0,ᛒᚪᚳᚳᛋᛚᚪᛈᛈᛝ,572
snappishly,44139,0,ᛋᚾᚪᛈᛈᛁᛋᚻᛚᚣ,548
cardiograph,44126,0,ᚳᚪᚱᛞᛡᚷᚱᚪᛈᚻ,508
fraternise,44094,0,ᚠᚱᚪᛏᛖᚱᚾᛁᛋᛖ,427
magnetizer,44010,0,ᛗᚪᚷᚾᛖᛏᛁᛋᛖᚱ,502
animalcula,44001,0,ᚪᚾᛁᛗᚪᛚᚳᚢᛚᚪ,584
uncaptured,43999,0,ᚢᚾᚳᚪᛈᛏᚢᚱᛖᛞ,414
flophouses,43998,0,ᚠᛚᚩᛈᚻᚩᚢᛋᛖᛋ,331
prehensions,43963,0,ᛈᚱᛖᚻᛖᚾᛋᛡᚾᛋ,482
sansevieria,43954,0,ᛋᚪᚾᛋᛖᚢᛁᛖᚱᛡ,518
movability,43944,0,ᛗᚩᚢᚪᛒᛁᛚᛁᛏᚣ,536
caulescent,43934,0,ᚳᚪᚢᛚᛖᛋᚳᛖᚾᛏ,474
peripteral,43911,0,ᛈᛖᚱᛁᛈᛏᛖᚱᚪᛚ,502
percentual,43896,0,ᛈᛖᚱᚳᛖᚾᛏᚢᚪᛚ,462
tripinnate,43807,0,ᛏᚱᛁᛈᛁᚾᚾᚪᛏᛖ,456
unassorted,43802,0,ᚢᚾᚪᛋᛋᚩᚱᛏᛖᛞ,468
rattletrap,43779,0,ᚱᚪᛏᛏᛚᛖᛏᚱᚪᛈ,576
rhinoscopy,43756,0,ᚱᚻᛁᚾᚩᛋᚳᚩᛈᚣ,320
weathercocks,43741,0,ᚹᛠᚦᛖᚱᚳᚩᚳᚳᛋ,310
hygrometry,43732,0,ᚻᚣᚷᚱᚩᛗᛖᛏᚱᚣ,472
interfusion,43710,0,ᛁᚾᛏᛖᚱᚠᚢᛋᛡᚾ,391
assonances,43705,0,ᚪᛋᛋᚩᚾᚪᚾᚳᛖᛋ,498
patronages,43694,0,ᛈᚪᛏᚱᚩᚾᚪᚷᛖᛋ,480
goitrogens,43655,0,ᚷᚩᛁᛏᚱᚩᚷᛖᚾᛋ,298
canebrakes,43639,0,ᚳᚪᚾᛖᛒᚱᚪᚳᛖᛋ,508
fieldfares,43581,0,ᚠᛁᛖᛚᛞᚠᚪᚱᛖᛋ,492
haemophilic,43568,0,ᚻᚫᛗᚩᛈᚻᛁᛚᛁᚳ,416
synthesises,43546,0,ᛋᚣᚾᚦᛖᛋᛁᛋᛖᛋ,514
adsorptions,43544,0,ᚪᛞᛋᚩᚱᛈᛏᛡᚾᛋ,548
estimative,43520,0,ᛖᛋᛏᛁᛗᚪᛏᛁᚢᛖ,538
arboretums,43489,0,ᚪᚱᛒᚩᚱᛖᛏᚢᛗᛋ,440
quartettes,43435,0,ᚳᚹᚪᚱᛏᛖᛏᛏᛖᛋ,504
courtezans,43425,0,ᚳᚩᚢᚱᛏᛖᛋᚪᚾᛋ,392
cubbyholes,43397,0,ᚳᚢᛒᛒᚣᚻᚩᛚᛖᛋ,464
liturgists,43357,0,ᛚᛁᛏᚢᚱᚷᛁᛋᛏᛋ,390
nonstarter,43346,0,ᚾᚩᚾᛋᛏᚪᚱᛏᛖᚱ,422
rockslides,43311,0,ᚱᚩᚳᚳᛋᛚᛁᛞᛖᛋ,410
slavophils,43306,0,ᛋᛚᚪᚢᚩᛈᚻᛁᛚᛋ,456
catalectic,43303,0,ᚳᚪᛏᚪᛚᛖᚳᛏᛁᚳ,522
miscarries,43268,0,ᛗᛁᛋᚳᚪᚱᚱᛁᛖᛋ,438
bandleaders,43267,0,ᛒᚪᚾᛞᛚᛠᛞᛖᚱᛋ,678
percussions,43265,0,ᛈᛖᚱᚳᚢᛋᛋᛡᚾᛋ,432
sonderbund,43252,0,ᛋᚩᚾᛞᛖᚱᛒᚢᚾᛞ,438
burglarize,43219,0,ᛒᚢᚱᚷᛚᚪᚱᛁᛋᛖ,424
pardonably,43170,0,ᛈᚪᚱᛞᚩᚾᚪᛒᛚᚣ,610
hunchbacks,43163,0,ᚻᚢᚾᚳᚻᛒᚪᚳᚳᛋ,328
sapsuckers,43158,0,ᛋᚪᛈᛋᚢᚳᚳᛖᚱᛋ,406
polybutene,43151,0,ᛈᚩᛚᚣᛒᚢᛏᛖᚾᛖ,512
ctenophore,43144,0,ᚳᛏᛖᚾᚩᛈᚻᚩᚱᛖ,326
chiromancy,43083,0,ᚳᚻᛁᚱᚩᛗᚪᚾᚳᚣ,398
divineness,43026,0,ᛞᛁᚢᛁᚾᛖᚾᛖᛋᛋ,452
caparisons,43019,0,ᚳᚪᛈᚪᚱᛁᛋᚩᚾᛋ,434
devastator,43015,0,ᛞᛖᚢᚪᛋᛏᚪᛏᚩᚱ,542
castellans,43006,0,ᚳᚪᛋᛏᛖᛚᛚᚪᚾᛋ,614
welwitschia,42986,0,ᚹᛖᛚᚹᛁᛏᛋᚳᚻᛡ,464
recolonize,42985,0,ᚱᛖᚳᚩᛚᚩᚾᛁᛋᛖ,358
wallpapering,42950,0,ᚹᚪᛚᛚᛈᚪᛈᛖᚱᛝ,602
doublethink,42938,0,ᛞᚩᚢᛒᛚᛖᚦᛁᚾᚳ,378
convenance,42867,0,ᚳᚩᚾᚢᛖᚾᚪᚾᚳᛖ,354
overarched,42862,0,ᚩᚢᛖᚱᚪᚱᚳᚻᛖᛞ,388
comestible,42851,0,ᚳᚩᛗᛖᛋᛏᛁᛒᛚᛖ,502
pancratium,42796,0,ᛈᚪᚾᚳᚱᚪᛏᛁᚢᛗ,454
workingwomen,42786,0,ᚹᚩᚱᚳᛝᚹᚩᛗᛖᚾ,322
granulates,42759,0,ᚷᚱᚪᚾᚢᛚᚪᛏᛖᛋ,506
traductions,42734,0,ᛏᚱᚪᛞᚢᚳᛏᛡᚾᛋ,520
flatfooted,42718,0,ᚠᛚᚪᛏᚠᚩᚩᛏᛖᛞ,462
derailleur,42682,0,ᛞᛖᚱᚪᛁᛚᛚᛖᚢᚱ,522
unliterary,42675,0,ᚢᚾᛚᛁᛏᛖᚱᚪᚱᚣ,484
staghounds,42667,0,ᛋᛏᚪᚷᚻᚩᚢᚾᛞᛋ,430
jimsonweed,42643,0,ᛂᛁᛗᛋᚩᚾᚹᛖᛖᛞ,470
wheelbases,42621,0,ᚹᚻᛖᛖᛚᛒᚪᛋᛖᛋ,580
horologium,42618,0,ᚻᚩᚱᚩᛚᚩᚷᛁᚢᛗ,250
drainboard,42598,0,ᛞᚱᚪᛁᚾᛒᚩᚪᚱᛞ,522
carpellate,42585,0,ᚳᚪᚱᛈᛖᛚᛚᚪᛏᛖ,600
coprophagy,42555,0,ᚳᚩᛈᚱᚩᛈᚻᚪᚷᚣ,364
intercross,42522,0,ᛁᚾᛏᛖᚱᚳᚱᚩᛋᛋ,334
wainscotting,42518,0,ᚹᚪᛁᚾᛋᚳᚩᛏᛏᛝ,446
moisturize,42508,0,ᛗᚩᛁᛋᛏᚢᚱᛁᛋᛖ,386
undershrub,42507,0,ᚢᚾᛞᛖᚱᛋᚻᚱᚢᛒ,350
anthracitic,42476,0,ᚪᚾᚦᚱᚪᚳᛁᛏᛁᚳ,386
gentlemens,42438,0,ᚷᛖᚾᛏᛚᛖᛗᛖᚾᛋ,532
hexahedron,42420,0,ᚻᛖᛉᚪᚻᛖᛞᚱᚩᚾ,460
millerites,42392,0,ᛗᛁᛚᛚᛖᚱᛁᛏᛖᛋ,536
cassandras,42383,0,ᚳᚪᛋᛋᚪᚾᛞᚱᚪᛋ,592
butterball,42349,0,ᛒᚢᛏᛏᛖᚱᛒᚪᛚᛚ,564
eremitical,42323,0,ᛖᚱᛖᛗᛁᛏᛁᚳᚪᛚ,520
detractions,42314,0,ᛞᛖᛏᚱᚪᚳᛏᛡᚾᛋ,584
dextrously,42310,0,ᛞᛖᛉᛏᚱᚩᚢᛋᛚᚣ,512
kinesthesis,42301,0,ᚳᛁᚾᛖᛋᚦᛖᛋᛁᛋ,402
practisers,42289,0,ᛈᚱᚪᚳᛏᛁᛋᛖᚱᛋ,438
cavalcades,42286,0,ᚳᚪᚢᚪᛚᚳᚪᛞᛖᛋ,602
fleshiness,42268,0,ᚠᛚᛖᛋᚻᛁᚾᛖᛋᛋ,451
bordelaise,42258,0,ᛒᚩᚱᛞᛖᛚᚪᛁᛋᛖ,556
deshabille,42244,0,ᛞᛖᛋᚻᚪᛒᛁᛚᛚᛖ,634
ptarmigans,42241,0,ᛈᛏᚪᚱᛗᛁᚷᚪᚾᛋ,508
marrowbone,42225,0,ᛗᚪᚱᚱᚩᚹᛒᚩᚾᛖ,380
townswomen,42177,0,ᛏᚩᚹᚾᛋᚹᚩᛗᛖᚾ,360
transferal,42176,0,ᛏᚱᚪᚾᛋᚠᛖᚱᚪᛚ,499
hippeastrum,42153,0,ᚻᛁᛈᛈᛠᛋᛏᚱᚢᛗ,446
shadowland,42144,0,ᛋᚻᚪᛞᚩᚹᛚᚪᚾᛞ,576
unbecomingly,42132,0,ᚢᚾᛒᛖᚳᚩᛗᛝᛚᚣ,506
overcoatings,42077,0,ᚩᚢᛖᚱᚳᚩᚪᛏᛝᛋ,396
halophiles,42068,0,ᚻᚪᛚᚩᛈᚻᛁᛚᛖᛋ,490
disinterring,42068,0,ᛞᛁᛋᛁᚾᛏᛖᚱᚱᛝ,460
vivisector,42060,0,ᚢᛁᚢᛁᛋᛖᚳᛏᚩᚱ,278
quirkiness,42030,0,ᚳᚹᛁᚱᚳᛁᚾᛖᛋᛋ,320
objurgation,42017,0,ᚩᛒᛂᚢᚱᚷᚪᛏᛡᚾ,428
chemisette,41989,0,ᚳᚻᛖᛗᛁᛋᛖᛏᛏᛖ,510
moustachios,41978,0,ᛗᚩᚢᛋᛏᚪᚳᚻᛡᛋ,486
scarceness,41946,0,ᛋᚳᚪᚱᚳᛖᚾᛖᛋᛋ,456
hardcovers,41936,0,ᚻᚪᚱᛞᚳᚩᚢᛖᚱᛋ,374
fumigators,41921,0,ᚠᚢᛗᛁᚷᚪᛏᚩᚱᛋ,351
feudalists,41906,0,ᚠᛖᚢᛞᚪᛚᛁᛋᛏᛋ,527
unmelodious,41903,0,ᚢᚾᛗᛖᛚᚩᛞᛡᚢᛋ,502
voiceprint,41898,0,ᚢᚩᛁᚳᛖᛈᚱᛁᚾᛏ,294
cookstoves,41889,0,ᚳᚩᚩᚳᛋᛏᚩᚢᛖᛋ,282
unscalable,41883,0,ᚢᚾᛋᚳᚪᛚᚪᛒᛚᛖ,566
civilizers,41869,0,ᚳᛁᚢᛁᛚᛁᛋᛖᚱᛋ,366
hypertonus,41861,0,ᚻᚣᛈᛖᚱᛏᚩᚾᚢᛋ,398
phylactery,41857,0,ᛈᚻᚣᛚᚪᚳᛏᛖᚱᚣ,592
unpoisoned,41844,0,ᚢᚾᛈᚩᛁᛋᚩᚾᛖᛞ,358
amaranthine,41837,0,ᚪᛗᚪᚱᚪᚾᚦᛁᚾᛖ,534
periscopic,41796,0,ᛈᛖᚱᛁᛋᚳᚩᛈᛁᚳ,312
histamines,41759,0,ᚻᛁᛋᛏᚪᛗᛁᚾᛖᛋ,514
chauffeuring,41743,0,ᚳᚻᚪᚢᚠᚠᛖᚢᚱᛝ,300
granadilla,41699,0,ᚷᚱᚪᚾᚪᛞᛁᛚᛚᚪ,614
monohybrid,41645,0,ᛗᚩᚾᚩᚻᚣᛒᚱᛁᛞ,432
invaginate,41593,0,ᛁᚾᚢᚪᚷᛁᚾᚪᛏᛖ,460
infrahuman,41578,0,ᛁᚾᚠᚱᚪᚻᚢᛗᚪᚾ,393
unwontedly,41576,0,ᚢᚾᚹᚩᚾᛏᛖᛞᛚᚣ,478
gatehouses,41537,0,ᚷᚪᛏᛖᚻᚩᚢᛋᛖᛋ,446
windflower,41518,0,ᚹᛁᚾᛞᚠᛚᚩᚹᛖᚱ,347
fetishists,41486,0,ᚠᛖᛏᛁᛋᚻᛁᛋᛏᛋ,431
champignon,41451,0,ᚳᚻᚪᛗᛈᛁᚷᚾᚩᚾ,360
paraphrenia,41405,0,ᛈᚪᚱᚪᛈᚻᚱᛖᚾᛡ,528
tramontana,41395,0,ᛏᚱᚪᛗᚩᚾᛏᚪᚾᚪ,556
ordinaires,41362,0,ᚩᚱᛞᛁᚾᚪᛁᚱᛖᛋ,426
shipbroker,41299,0,ᛋᚻᛁᛈᛒᚱᚩᚳᛖᚱ,320
drinkables,41286,0,ᛞᚱᛁᚾᚳᚪᛒᛚᛖᛋ,524
metabolise,41244,0,ᛗᛖᛏᚪᛒᚩᛚᛁᛋᛖ,586
eurypterus,41244,0,ᛖᚢᚱᚣᛈᛏᛖᚱᚢᛋ,420
ochronosis,41233,0,ᚩᚳᚻᚱᚩᚾᚩᛋᛁᛋ,234
tyrannised,41219,0,ᛏᚣᚱᚪᚾᚾᛁᛋᛖᛞ,568
mentionable,41207,0,ᛗᛖᚾᛏᛡᚾᚪᛒᛚᛖ,660
chequebook,41201,0,ᚳᚻᛖᚳᚹᛖᛒᚩᚩᚳ,290
harmonizer,41199,0,ᚻᚪᚱᛗᚩᚾᛁᛋᛖᚱ,400
tawdriness,41158,0,ᛏᚪᚹᛞᚱᛁᚾᛖᛋᛋ,508
technicals,41117,0,ᛏᛖᚳᚻᚾᛁᚳᚪᛚᛋ,458
genuflecting,41056,0,ᚷᛖᚾᚢᚠᛚᛖᚳᛏᛝ,409
precieuses,41045,0,ᛈᚱᛖᚳᛁᛖᚢᛋᛖᛋ,408
immortelle,41023,0,ᛁᛗᛗᚩᚱᛏᛖᛚᛚᛖ,530
cabdrivers,40996,0,ᚳᚪᛒᛞᚱᛁᚢᛖᚱᛋ,436
tailpieces,40992,0,ᛏᚪᛁᛚᛈᛁᛖᚳᛖᛋ,534
colligation,40992,0,ᚳᚩᛚᛚᛁᚷᚪᛏᛡᚾ,506
myeloblast,40987,0,ᛗᚣᛖᛚᚩᛒᛚᚪᛋᛏ,664
unholiness,40982,0,ᚢᚾᚻᚩᛚᛁᚾᛖᛋᛋ,368
motorbuses,40976,0,ᛗᚩᛏᚩᚱᛒᚢᛋᛖᛋ,392
mesmerists,40974,0,ᛗᛖᛋᛗᛖᚱᛁᛋᛏᛋ,536
syncarpous,40959,0,ᛋᚣᚾᚳᚪᚱᛈᚩᚢᛋ,412
thumbprints,40951,0,ᚦᚢᛗᛒᛈᚱᛁᚾᛏᛋ,366
wildcatter,40947,0,ᚹᛁᛚᛞᚳᚪᛏᛏᛖᚱ,518
candelilla,40941,0,ᚳᚪᚾᛞᛖᛚᛁᛚᛚᚪ,642
firmaments,40940,0,ᚠᛁᚱᛗᚪᛗᛖᚾᛏᛋ,491
clodhopper,40905,0,ᚳᛚᚩᛞᚻᚩᛈᛈᛖᚱ,376
prayerless,40898,0,ᛈᚱᚪᚣᛖᚱᛚᛖᛋᛋ,578
unidiomatic,40873,0,ᚢᚾᛁᛞᛡᛗᚪᛏᛁᚳ,530
phyllotaxy,40789,0,ᛈᚻᚣᛚᛚᚩᛏᚪᛉᚣ,628
gospellers,40784,0,ᚷᚩᛋᛈᛖᛚᛚᛖᚱᛋ,464
irishwomen,40766,0,ᛁᚱᛁᛋᚻᚹᚩᛗᛖᚾ,342
gasteropod,40754,0,ᚷᚪᛋᛏᛖᚱᚩᛈᚩᛞ,450
presbyopic,40734,0,ᛈᚱᛖᛋᛒᚣᚩᛈᛁᚳ,432
somberness,40729,0,ᛋᚩᛗᛒᛖᚱᚾᛖᛋᛋ,472
chihuahuas,40707,0,ᚳᚻᛁᚻᚢᚪᚻᚢᚪᛋ,366
churlishly,40692,0,ᚳᚻᚢᚱᛚᛁᛋᚻᛚᚣ,406
stridulous,40645,0,ᛋᛏᚱᛁᛞᚢᛚᚩᚢᛋ,382
madrepores,40641,0,ᛗᚪᛞᚱᛖᛈᚩᚱᛖᛋ,516
gobsmacked,40628,0,ᚷᚩᛒᛋᛗᚪᚳᚳᛖᛞ,488
obliviously,40624,0,ᚩᛒᛚᛁᚢᛡᚢᛋᛚᚣ,514
inhumanely,40617,0,ᛁᚾᚻᚢᛗᚪᚾᛖᛚᚣ,526
bicornuate,40595,0,ᛒᛁᚳᚩᚱᚾᚢᚪᛏᛖ,378
resettable,40593,0,ᚱᛖᛋᛖᛏᛏᚪᛒᛚᛖ,614
scorzonera,40492,0,ᛋᚳᚩᚱᛋᚩᚾᛖᚱᚪ,348
militarize,40486,0,ᛗᛁᛚᛁᛏᚪᚱᛁᛋᛖ,524
angelically,40465,0,ᚪᛝᛖᛚᛁᚳᚪᛚᛚᚣ,706
seneschals,40364,0,ᛋᛖᚾᛖᛋᚳᚻᚪᛚᛋ,528
courtesied,40353,0,ᚳᚩᚢᚱᛏᛖᛋᛁᛖᛞ,400
reluctancy,40352,0,ᚱᛖᛚᚢᚳᛏᚪᚾᚳᚣ,468
newsagency,40346,0,ᚾᛖᚹᛋᚪᚷᛖᚾᚳᚣ,494
unembodied,40343,0,ᚢᚾᛖᛗᛒᚩᛞᛁᛖᛞ,514
unmissable,40336,0,ᚢᚾᛗᛁᛋᛋᚪᛒᛚᛖ,538
eradicator,40325,0,ᛖᚱᚪᛞᛁᚳᚪᛏᚩᚱ,482
chatterers,40306,0,ᚳᚻᚪᛏᛏᛖᚱᛖᚱᛋ,460
unconstant,40293,0,ᚢᚾᚳᚩᚾᛋᛏᚪᚾᛏ,378
casuarinas,40264,0,ᚳᚪᛋᚢᚪᚱᛁᚾᚪᛋ,484
moonstones,40233,0,ᛗᚩᚩᚾᛋᛏᚩᚾᛖᛋ,382
plagiarised,40230,0,ᛈᛚᚪᚷᛡᚱᛁᛋᛖᛞ,588
nettlesome,40223,0,ᚾᛖᛏᛏᛚᛖᛋᚩᛗᛖ,552
variometers,40222,0,ᚢᚪᚱᛡᛗᛖᛏᛖᚱᛋ,546
prepossess,40195,0,ᛈᚱᛖᛈᚩᛋᛋᛖᛋᛋ,450
rightwards,40129,0,ᚱᛁᚷᚻᛏᚹᚪᚱᛞᛋ,410
refastened,40101,0,ᚱᛖᚠᚪᛋᛏᛖᚾᛖᛞ,541
catchpenny,40100,0,ᚳᚪᛏᚳᚻᛈᛖᚾᚾᚣ,476
endurances,40085,0,ᛖᚾᛞᚢᚱᚪᚾᚳᛖᛋ,458
brachyuran,40084,0,ᛒᚱᚪᚳᚻᚣᚢᚱᚪᚾ,448
logicality,40051,0,ᛚᚩᚷᛁᚳᚪᛚᛁᛏᚣ,504
clientship,40042,0,ᚳᛚᛁᛖᚾᛏᛋᚻᛁᛈ,422
northwester,39971,0,ᚾᚩᚱᚦᚹᛖᛋᛏᛖᚱ,328
hemistichs,39965,0,ᚻᛖᛗᛁᛋᛏᛁᚳᚻᛋ,424
exocentric,39958,0,ᛖᛉᚩᚳᛖᚾᛏᚱᛁᚳ,344
propellors,39948,0,ᛈᚱᚩᛈᛖᛚᛚᚩᚱᛋ,388
abiogenesis,39894,0,ᚪᛒᛡᚷᛖᚾᛖᛋᛁᛋ,582
metronomes,39857,0,ᛗᛖᛏᚱᚩᚾᚩᛗᛖᛋ,442
hallmarked,39842,0,ᚻᚪᛚᛚᛗᚪᚱᚳᛖᛞ,614
freedwomen,39838,0,ᚠᚱᛖᛖᛞᚹᚩᛗᛖᚾ,429
dominative,39837,0,ᛞᚩᛗᛁᚾᚪᛏᛁᚢᛖ,484
unshakably,39833,0,ᚢᚾᛋᚻᚪᚳᚪᛒᛚᚣ,552
doorframes,39819,0,ᛞᚩᚩᚱᚠᚱᚪᛗᛖᛋ,415
unpardoned,39800,0,ᚢᚾᛈᚪᚱᛞᚩᚾᛖᛞ,464
factorable,39796,0,ᚠᚪᚳᛏᚩᚱᚪᛒᛚᛖ,487
deficients,39790,0,ᛞᛖᚠᛁᚳᛁᛖᚾᛏᛋ,441
brazilwood,39770,0,ᛒᚱᚪᛋᛁᛚᚹᚩᚩᛞ,448
incipience,39768,0,ᛁᚾᚳᛁᛈᛁᛖᚾᚳᛖ,354
convolvuli,39750,0,ᚳᚩᚾᚢᚩᛚᚢᚢᛚᛁ,242
colossally,39727,0,ᚳᚩᛚᚩᛋᛋᚪᛚᛚᚣ,552
foreshocks,39680,0,ᚠᚩᚱᛖᛋᚻᚩᚳᚳᛋ,249
benzofuran,39629,0,ᛒᛖᚾᛋᚩᚠᚢᚱᚪᚾ,359
indiscrete,39605,0,ᛁᚾᛞᛁᛋᚳᚱᛖᛏᛖ,450
imperfects,39590,0,ᛁᛗᛈᛖᚱᚠᛖᚳᛏᛋ,417
internuncio,39536,0,ᛁᚾᛏᛖᚱᚾᚢᚾᚳᛡ,378
allemandes,39536,0,ᚪᛚᛚᛖᛗᚪᚾᛞᛖᛋ,716
paraphysis,39510,0,ᛈᚪᚱᚪᛈᚻᚣᛋᛁᛋ,554
dollhouses,39508,0,ᛞᚩᛚᛚᚻᚩᚢᛋᛖᛋ,448
hippogriff,39438,0,ᚻᛁᛈᛈᚩᚷᚱᛁᚠᚠ,210
bounteously,39367,0,ᛒᚩᚢᚾᛏᛇᚢᛋᛚᚣ,432
suppositum,39321,0,ᛋᚢᛈᛈᚩᛋᛁᛏᚢᛗ,366
maharajahs,39273,0,ᛗᚪᚻᚪᚱᚪᛂᚪᚻᛋ,606
unguiculate,39255,0,ᚢᛝᚢᛁᚳᚢᛚᚪᛏᛖ,428
xanthelasma,39254,0,ᛉᚪᚾᚦᛖᛚᚪᛋᛗᚪ,636
farthermost,39224,0,ᚠᚪᚱᚦᛖᚱᛗᚩᛋᛏ,383
disgustful,39224,0,ᛞᛁᛋᚷᚢᛋᛏᚠᚢᛚ,383
spiderwort,39223,0,ᛋᛈᛁᛞᛖᚱᚹᚩᚱᛏ,390
maculations,39206,0,ᛗᚪᚳᚢᛚᚪᛏᛡᚾᛋ,602
roughhouse,39180,0,ᚱᚩᚢᚷᚻᚻᚩᚢᛋᛖ,214
promptbook,39157,0,ᛈᚱᚩᛗᛈᛏᛒᚩᚩᚳ,322
greenshank,39141,0,ᚷᚱᛖᛖᚾᛋᚻᚪᚾᚳ,406
escalloped,39129,0,ᛖᛋᚳᚪᛚᛚᚩᛈᛖᛞ,582
carpenteria,39106,0,ᚳᚪᚱᛈᛖᚾᛏᛖᚱᛡ,504
understock,39104,0,ᚢᚾᛞᛖᚱᛋᛏᚩᚳᚳ,344
centennials,39078,0,ᚳᛖᚾᛏᛖᚾᚾᛡᛚᛋ,526
alliterating,39074,0,ᚪᛚᛚᛁᛏᛖᚱᚪᛏᛝ,646
protestingly,39053,0,ᛈᚱᚩᛏᛖᛋᛏᛝᛚᚣ,554
unsoftened,39022,0,ᚢᚾᛋᚩᚠᛏᛖᚾᛖᛞ,405
detoxifies,39021,0,ᛞᛖᛏᚩᛉᛁᚠᛁᛖᛋ,453
geographics,39018,0,ᚷᛇᚷᚱᚪᛈᚻᛁᚳᛋ,346
discobolus,39018,0,ᛞᛁᛋᚳᚩᛒᚩᛚᚢᛋ,390
crosstrees,39015,0,ᚳᚱᚩᛋᛋᛏᚱᛖᛖᛋ,394
barelegged,39009,0,ᛒᚪᚱᛖᛚᛖᚷᚷᛖᛞ,566
domicilium,39007,0,ᛞᚩᛗᛁᚳᛁᛚᛁᚢᛗ,420
marathoners,38975,0,ᛗᚪᚱᚪᚦᚩᚾᛖᚱᛋ,448
ionospheres,38975,0,ᛡᚾᚩᛋᛈᚻᛖᚱᛖᛋ,460
paperclips,38963,0,ᛈᚪᛈᛖᚱᚳᛚᛁᛈᛋ,474
tinseltown,38945,0,ᛏᛁᚾᛋᛖᛚᛏᚩᚹᚾ,426
playscript,38937,0,ᛈᛚᚪᚣᛋᚳᚱᛁᛈᛏ,526
breathalyser,38912,0,ᛒᚱᛠᚦᚪᛚᚣᛋᛖᚱ,590
potboilers,38905,0,ᛈᚩᛏᛒᚩᛁᛚᛖᚱᛋ,412
rumbustious,38880,0,ᚱᚢᛗᛒᚢᛋᛏᛡᚢᛋ,424
advertence,38852,0,ᚪᛞᚢᛖᚱᛏᛖᚾᚳᛖ,502
haruspices,38837,0,ᚻᚪᚱᚢᛋᛈᛁᚳᛖᛋ,394
loudmouthed,38797,0,ᛚᚩᚢᛞᛗᚩᚢᚦᛖᛞ,414
italianized,38674,0,ᛁᛏᚪᛚᛡᚾᛁᛋᛖᛞ,636
mineralize,38664,0,ᛗᛁᚾᛖᚱᚪᛚᛁᛋᛖ,530
villainess,38658,0,ᚢᛁᛚᛚᚪᛁᚾᛖᛋᛋ,510
hypothalami,38618,0,ᚻᚣᛈᚩᚦᚪᛚᚪᛗᛁ,550
barehanded,38616,0,ᛒᚪᚱᛖᚻᚪᚾᛞᛖᛞ,630
tragopogon,38605,0,ᛏᚱᚪᚷᚩᛈᚩᚷᚩᚾ,294
lobotomies,38582,0,ᛚᚩᛒᚩᛏᚩᛗᛁᛖᛋ,436
dubiousness,38571,0,ᛞᚢᛒᛡᚢᛋᚾᛖᛋᛋ,518
pastorales,38555,0,ᛈᚪᛋᛏᚩᚱᚪᛚᛖᛋ,560
ajatasatru,38496,0,ᚪᛂᚪᛏᚪᛋᚪᛏᚱᚢ,610
afterglows,38486,0,ᚪᚠᛏᛖᚱᚷᛚᚩᚹᛋ,405
etherealized,38474,0,ᛖᚦᛖᚱᛠᛚᛁᛋᛖᛞ,572
heptagonal,38452,0,ᚻᛖᛈᛏᚪᚷᚩᚾᚪᛚ,512
shopfronts,38415,0,ᛋᚻᚩᛈᚠᚱᚩᚾᛏᛋ,287
yellowwood,38386,0,ᚣᛖᛚᛚᚩᚹᚹᚩᚩᛞ,464
valvulitis,38386,0,ᚢᚪᛚᚢᚢᛚᛁᛏᛁᛋ,426
baronesses,38378,0,ᛒᚪᚱᚩᚾᛖᛋᛋᛖᛋ,498
pleurisies,38368,0,ᛈᛚᛖᚢᚱᛁᛋᛁᛖᛋ,432
lederhosen,38358,0,ᛚᛖᛞᛖᚱᚻᚩᛋᛖᚾ,486
garibaldian,38316,0,ᚷᚪᚱᛁᛒᚪᛚᛞᛡᚾ,612
contraltos,38260,0,ᚳᚩᚾᛏᚱᚪᛚᛏᚩᛋ,408
pauperised,38255,0,ᛈᚪᚢᛈᛖᚱᛁᛋᛖᛞ,504
pederastic,38249,0,ᛈᛖᛞᛖᚱᚪᛋᛏᛁᚳ,530
conciliates,38230,0,ᚳᚩᚾᚳᛁᛚᛡᛏᛖᛋ,452
cyclometer,38194,0,ᚳᚣᚳᛚᚩᛗᛖᛏᛖᚱ,484
subaquatic,38126,0,ᛋᚢᛒᚪᚳᚹᚪᛏᛁᚳ,446
widemouthed,38112,0,ᚹᛁᛞᛖᛗᚩᚢᚦᛖᛞ,448
mimeographs,38065,0,ᛗᛁᛗᛇᚷᚱᚪᛈᚻᛋ,458
reservedly,38021,0,ᚱᛖᛋᛖᚱᚢᛖᛞᛚᚣ,544
effloresce,38020,0,ᛖᚠᚠᛚᚩᚱᛖᛋᚳᛖ,362
delectably,38010,0,ᛞᛖᛚᛖᚳᛏᚪᛒᛚᚣ,702
despicably,37958,0,ᛞᛖᛋᛈᛁᚳᚪᛒᛚᚣ,630
timeshares,37930,0,ᛏᛁᛗᛖᛋᚻᚪᚱᛖᛋ,532
hairsbreadth,37915,0,ᚻᚪᛁᚱᛋᛒᚱᛠᛞᚦ,490
weekenders,37911,0,ᚹᛖᛖᚳᛖᚾᛞᛖᚱᛋ,482
unrefreshing,37903,0,ᚢᚾᚱᛖᚠᚱᛖᛋᚻᛝ,345
abecedarian,37887,0,ᚪᛒᛖᚳᛖᛞᚪᚱᛡᚾ,638
pasquinade,37873,0,ᛈᚪᛋᚳᚹᛁᚾᚪᛞᛖ,538
bucketfuls,37834,0,ᛒᚢᚳᚳᛖᛏᚠᚢᛚᛋ,347
bacteremias,37830,0,ᛒᚪᚳᛏᛖᚱᛖᛗᛡᛋ,606
authoresses,37796,0,ᚪᚢᚦᚩᚱᛖᛋᛋᛖᛋ,416
everlastings,37788,0,ᛖᚢᛖᚱᛚᚪᛋᛏᛝᛋ,562
shiftiness,37772,0,ᛋᚻᛁᚠᛏᛁᚾᛖᛋᛋ,401
barracoons,37760,0,ᛒᚪᚱᚱᚪᚳᚩᚩᚾᛋ,386
raconteurs,37696,0,ᚱᚪᚳᚩᚾᛏᛖᚢᚱᛋ,350
silverback,37672,0,ᛋᛁᛚᚢᛖᚱᛒᚪᚳᚳ,422
ratcatcher,37647,0,ᚱᚪᛏᚳᚪᛏᚳᚻᛖᚱ,450
releasement,37598,0,ᚱᛖᛚᛠᛋᛖᛗᛖᚾᛏ,606
grandiosely,37592,0,ᚷᚱᚪᚾᛞᛡᛋᛖᛚᚣ,646
panjandrum,37564,0,ᛈᚪᚾᛂᚪᚾᛞᚱᚢᛗ,506
controuled,37532,0,ᚳᚩᚾᛏᚱᚩᚢᛚᛖᛞ,358
flagstaffs,37531,0,ᚠᛚᚪᚷᛋᛏᚪᚠᚠᛋ,455
mesalliance,37464,0,ᛗᛖᛋᚪᛚᛚᛡᚾᚳᛖ,650
decolonize,37443,0,ᛞᛖᚳᚩᛚᚩᚾᛁᛋᛖ,436
gallicisms,37398,0,ᚷᚪᛚᛚᛁᚳᛁᛋᛗᛋ,512
overstocks,37381,0,ᚩᚢᛖᚱᛋᛏᚩᚳᚳᛋ,286
pridefully,37374,0,ᛈᚱᛁᛞᛖᚠᚢᛚᛚᚣ,495
uninflated,37373,0,ᚢᚾᛁᚾᚠᛚᚪᛏᛖᛞ,479
unblameable,37359,0,ᚢᚾᛒᛚᚪᛗᛠᛒᛚᛖ,644
palpitates,37341,0,ᛈᚪᛚᛈᛁᛏᚪᛏᛖᛋ,622
perimysium,37325,0,ᛈᛖᚱᛁᛗᚣᛋᛁᚢᛗ,484
seditiously,37309,0,ᛋᛖᛞᛁᛏᛡᚢᛋᛚᚣ,638
flagellant,37293,0,ᚠᛚᚪᚷᛖᛚᛚᚪᚾᛏ,587
ottomanism,37286,0,ᚩᛏᛏᚩᛗᚪᚾᛁᛋᛗ,484
emulsifies,37279,0,ᛖᛗᚢᛚᛋᛁᚠᛁᛖᛋ,451
fascicules,37276,0,ᚠᚪᛋᚳᛁᚳᚢᛚᛖᛋ,405
vanadinite,37228,0,ᚢᚪᚾᚪᛞᛁᚾᛁᛏᛖ,532
depredator,37181,0,ᛞᛖᛈᚱᛖᛞᚪᛏᚩᚱ,540
carpophore,37158,0,ᚳᚪᚱᛈᚩᛈᚻᚩᚱᛖ,322
impolitely,37096,0,ᛁᛗᛈᚩᛚᛁᛏᛖᛚᚣ,558
ornateness,37071,0,ᚩᚱᚾᚪᛏᛖᚾᛖᛋᛋ,472
politicise,37059,0,ᛈᚩᛚᛁᛏᛁᚳᛁᛋᛖ,408
tunelessly,36965,0,ᛏᚢᚾᛖᛚᛖᛋᛋᛚᚣ,580
hammerheads,36895,0,ᚻᚪᛗᛗᛖᚱᚻᛠᛞᛋ,614
thaumaturgy,36870,0,ᚦᚪᚢᛗᚪᛏᚢᚱᚷᚣ,466
hyperbaton,36860,0,ᚻᚣᛈᛖᚱᛒᚪᛏᚩᚾ,500
basophiles,36791,0,ᛒᚪᛋᚩᛈᚻᛁᛚᛖᛋ,508
warrantors,36776,0,ᚹᚪᚱᚱᚪᚾᛏᚩᚱᛋ,394
aggrandise,36761,0,ᚪᚷᚷᚱᚪᚾᛞᛁᛋᛖ,508
knucklehead,36748,0,ᚳᚾᚢᚳᚳᛚᛖᚻᛠᛞ,432
anorectics,36746,0,ᚪᚾᚩᚱᛖᚳᛏᛁᚳᛋ,380
overpraise,36735,0,ᚩᚢᛖᚱᛈᚱᚪᛁᛋᛖ,390
gelatinize,36732,0,ᚷᛖᛚᚪᛏᛁᚾᛁᛋᛖ,524
chirurgeons,36659,0,ᚳᚻᛁᚱᚢᚱᚷᛇᚾᛋ,232
endochrome,36653,0,ᛖᚾᛞᚩᚳᚻᚱᚩᛗᛖ,384
drudgeries,36645,0,ᛞᚱᚢᛞᚷᛖᚱᛁᛖᛋ,438
allegorist,36631,0,ᚪᛚᛚᛖᚷᚩᚱᛁᛋᛏ,488
despiteful,36586,0,ᛞᛖᛋᛈᛁᛏᛖᚠᚢᛚ,487
redcurrant,36582,0,ᚱᛖᛞᚳᚢᚱᚱᚪᚾᛏ,390
protectingly,36554,0,ᛈᚱᚩᛏᛖᚳᛏᛝᛚᚣ,514
turveydrop,36541,0,ᛏᚢᚱᚢᛖᚣᛞᚱᚩᛈ,396
rechartering,36498,0,ᚱᛖᚳᚻᚪᚱᛏᛖᚱᛝ,438
prescripts,36462,0,ᛈᚱᛖᛋᚳᚱᛁᛈᛏᛋ,384
ritardando,36410,0,ᚱᛁᛏᚪᚱᛞᚪᚾᛞᚩ,520
shorewards,36368,0,ᛋᚻᚩᚱᛖᚹᚪᚱᛞᛋ,430
decussated,36365,0,ᛞᛖᚳᚢᛋᛋᚪᛏᛖᛞ,590
nonathletic,36326,0,ᚾᚩᚾᚪᚦᛚᛖᛏᛁᚳ,410
sweetbrier,36312,0,ᛋᚹᛖᛖᛏᛒᚱᛁᛖᚱ,446
desecrates,36281,0,ᛞᛖᛋᛖᚳᚱᚪᛏᛖᛋ,576
skirmisher,36269,0,ᛋᚳᛁᚱᛗᛁᛋᚻᛖᚱ,364
chirurgery,36261,0,ᚳᚻᛁᚱᚢᚱᚷᛖᚱᚣ,290
downmarket,36250,0,ᛞᚩᚹᚾᛗᚪᚱᚳᛖᛏ,462
contrecoup,36191,0,ᚳᚩᚾᛏᚱᛖᚳᚩᚢᛈ,252
nymphaeaceae,36120,0,ᚾᚣᛗᛈᚻᚫᚪᚳᛠᛖ,656
decollation,36107,0,ᛞᛖᚳᚩᛚᛚᚪᛏᛡᚾ,614
channelize,36102,0,ᚳᚻᚪᚾᚾᛖᛚᛁᛋᛖ,482
rathskeller,36048,0,ᚱᚪᚦᛋᚳᛖᛚᛚᛖᚱ,470
firehouses,36047,0,ᚠᛁᚱᛖᚻᚩᚢᛋᛖᛋ,317
deliquesce,36034,0,ᛞᛖᛚᛁᚳᚹᛖᛋᚳᛖ,492
stratifies,36031,0,ᛋᛏᚱᚪᛏᛁᚠᛁᛖᛋ,463
unconfused,36027,0,ᚢᚾᚳᚩᚾᚠᚢᛋᛖᛞ,295
oversleeping,36004,0,ᚩᚢᛖᚱᛋᛚᛖᛖᛈᛝ,470
pedantries,36000,0,ᛈᛖᛞᚪᚾᛏᚱᛁᛖᛋ,546
fruitiness,35997,0,ᚠᚱᚢᛁᛏᛁᚾᛖᛋᛋ,339
institutor,35980,0,ᛁᚾᛋᛏᛁᛏᚢᛏᚩᚱ,342
richebourg,35950,0,ᚱᛁᚳᚻᛖᛒᚩᚢᚱᚷ,244
volatilise,35930,0,ᚢᚩᛚᚪᛏᛁᛚᛁᛋᛖ,494
dairymaids,35917,0,ᛞᚪᛁᚱᚣᛗᚪᛁᛞᛋ,672
anadyomene,35824,0,ᚪᚾᚪᛞᚣᚩᛗᛖᚾᛖ,656
inharmonic,35815,0,ᛁᚾᚻᚪᚱᛗᚩᚾᛁᚳ,342
telecaster,35801,0,ᛏᛖᛚᛖᚳᚪᛋᛏᛖᚱ,566
harvestmen,35767,0,ᚻᚪᚱᚢᛖᛋᛏᛗᛖᚾ,480
chancroids,35749,0,ᚳᚻᚪᚾᚳᚱᚩᛁᛞᛋ,366
unthinkably,35748,0,ᚢᚾᚦᛁᚾᚳᚪᛒᛚᚣ,444
goniometers,35742,0,ᚷᚩᚾᛡᛗᛖᛏᛖᚱᛋ,488
directrice,35716,0,ᛞᛁᚱᛖᚳᛏᚱᛁᚳᛖ,392
fingerbreadths,35713,0,ᚠᛝᛖᚱᛒᚱᛠᛞᚦᛋ,487
coquetries,35690,0,ᚳᚩᚳᚹᛖᛏᚱᛁᛖᛋ,340
stenograph,35671,0,ᛋᛏᛖᚾᚩᚷᚱᚪᛈᚻ,406
scaramouch,35666,0,ᛋᚳᚪᚱᚪᛗᚩᚢᚳᚻ,388
intensives,35649,0,ᛁᚾᛏᛖᚾᛋᛁᚢᛖᛋ,422
heresiarchs,35609,0,ᚻᛖᚱᛖᛋᛡᚱᚳᚻᛋ,428
misinforming,35575,0,ᛗᛁᛋᛁᚾᚠᚩᚱᛗᛝ,385
endothermal,35517,0,ᛖᚾᛞᚩᚦᛖᚱᛗᚪᛚ,516
sallowness,35491,0,ᛋᚪᛚᛚᚩᚹᚾᛖᛋᛋ,524
averseness,35488,0,ᚪᚢᛖᚱᛋᛖᚾᛖᛋᛋ,500
foretastes,35441,0,ᚠᚩᚱᛖᛏᚪᛋᛏᛖᛋ,475
porousness,35433,0,ᛈᚩᚱᚩᚢᛋᚾᛖᛋᛋ,326
inoculates,35400,0,ᛁᚾᚩᚳᚢᛚᚪᛏᛖᛋ,432
endorsation,35384,0,ᛖᚾᛞᚩᚱᛋᚪᛏᛡᚾ,548
ceruminous,35377,0,ᚳᛖᚱᚢᛗᛁᚾᚩᚢᛋ,288
sacristans,35360,0,ᛋᚪᚳᚱᛁᛋᛏᚪᚾᛋ,496
overmanned,35358,0,ᚩᚢᛖᚱᛗᚪᚾᚾᛖᛞ,470
spokeshave,35357,0,ᛋᛈᚩᚳᛖᛋᚻᚪᚢᛖ,426
contentful,35354,0,ᚳᚩᚾᛏᛖᚾᛏᚠᚢᛚ,341
tereshkova,35326,0,ᛏᛖᚱᛖᛋᚻᚳᚩᚢᚪ,400
perplexingly,35321,0,ᛈᛖᚱᛈᛚᛖᛉᛝᛚᚣ,606
labiodental,35317,0,ᛚᚪᛒᛡᛞᛖᚾᛏᚪᛚ,752
whoremonger,35264,0,ᚹᚻᚩᚱᛖᛗᚩᛝᛖᚱ,362
fulmination,35264,0,ᚠᚢᛚᛗᛁᚾᚪᛏᛡᚾ,501
kiloliters,35238,0,ᚳᛁᛚᚩᛚᛁᛏᛖᚱᛋ,418
labyrinthian,35230,0,ᛚᚪᛒᚣᚱᛁᚾᚦᛡᚾ,546
cantatrice,35217,0,ᚳᚪᚾᛏᚪᛏᚱᛁᚳᛖ,476
clamminess,35200,0,ᚳᛚᚪᛗᛗᛁᚾᛖᛋᛋ,558
schnauzers,35166,0,ᛋᚳᚻᚾᚪᚢᛋᛖᚱᛋ,402
decipherer,35160,1,ᛞᛖᚳᛁᛈᚻᛖᚱᛖᚱ,422
razorbills,35146,0,ᚱᚪᛋᚩᚱᛒᛁᛚᛚᛋ,470
fatherlands,35142,0,ᚠᚪᚦᛖᚱᛚᚪᚾᛞᛋ,523
immobilising,35133,0,ᛁᛗᛗᚩᛒᛁᛚᛁᛋᛝ,508
talentless,35124,0,ᛏᚪᛚᛖᚾᛏᛚᛖᛋᛋ,630
westernize,35115,0,ᚹᛖᛋᛏᛖᚱᚾᛁᛋᛖ,456
adherences,35094,0,ᚪᛞᚻᛖᚱᛖᚾᚳᛖᛋ,516
parochially,35083,0,ᛈᚪᚱᚩᚳᚻᛡᛚᛚᚣ,550
moonflower,35051,0,ᛗᚩᚩᚾᚠᛚᚩᚹᛖᚱ,293
schematize,35019,0,ᛋᚳᚻᛖᛗᚪᛏᛁᛋᛖ,534
scherzando,34991,0,ᛋᚳᚻᛖᚱᛋᚪᚾᛞᚩ,442
breechcloth,34923,0,ᛒᚱᛖᛖᚳᚻᚳᛚᚩᚦ,340
bathysphere,34913,0,ᛒᚪᚦᚣᛋᛈᚻᛖᚱᛖ,530
contraflow,34871,0,ᚳᚩᚾᛏᚱᚪᚠᛚᚩᚹ,317
backlashes,34870,0,ᛒᚪᚳᚳᛚᚪᛋᚻᛖᛋ,550
enterotomy,34859,0,ᛖᚾᛏᛖᚱᚩᛏᚩᛗᚣ,480
newsreaders,34828,0,ᚾᛖᚹᛋᚱᛠᛞᛖᚱᛋ,508
galenicals,34795,0,ᚷᚪᛚᛖᚾᛁᚳᚪᛚᛋ,550
mouldiness,34772,0,ᛗᚩᚢᛚᛞᛁᚾᛖᛋᛋ,476
caliphates,34748,0,ᚳᚪᛚᛁᛈᚻᚪᛏᛖᛋ,556
conquerers,34723,0,ᚳᚩᚾᚳᚹᛖᚱᛖᚱᛋ,290
beechwoods,34689,0,ᛒᛖᛖᚳᚻᚹᚩᚩᛞᛋ,406
solmization,34658,0,ᛋᚩᛚᛗᛁᛋᚪᛏᛡᚾ,580
mutinously,34611,0,ᛗᚢᛏᛁᚾᚩᚢᛋᛚᚣ,432
righthander,34608,0,ᚱᛁᚷᚻᚦᚪᚾᛞᛖᚱ,380
scrublands,34598,0,ᛋᚳᚱᚢᛒᛚᚪᚾᛞᛋ,482
analeptics,34535,0,ᚪᚾᚪᛚᛖᛈᛏᛁᚳᛋ,562
lazarettos,34520,0,ᛚᚪᛋᚪᚱᛖᛏᛏᚩᛋ,576
degressive,34514,0,ᛞᛖᚷᚱᛖᛋᛋᛁᚢᛖ,458
devitalize,34494,0,ᛞᛖᚢᛁᛏᚪᛚᛁᛋᛖ,570
coagulator,34487,0,ᚳᚩᚪᚷᚢᛚᚪᛏᚩᚱ,384
tenderized,34466,0,ᛏᛖᚾᛞᛖᚱᛁᛋᛖᛞ,562
backbiters,34461,0,ᛒᚪᚳᚳᛒᛁᛏᛖᚱᛋ,466
demureness,34455,0,ᛞᛖᛗᚢᚱᛖᚾᛖᛋᛋ,510
leathernecks,34454,0,ᛚᛠᚦᛖᚱᚾᛖᚳᚳᛋ,440
picofarads,34434,0,ᛈᛁᚳᚩᚠᚪᚱᚪᛞᛋ,443
buckhounds,34396,0,ᛒᚢᚳᚳᚻᚩᚢᚾᛞᛋ,294
miniaturize,34354,0,ᛗᛁᚾᛡᛏᚢᚱᛁᛋᛖ,462
hellenised,34347,0,ᚻᛖᛚᛚᛖᚾᛁᛋᛖᛞ,572
metalepsis,34328,0,ᛗᛖᛏᚪᛚᛖᛈᛋᛁᛋ,614
nepotistic,34315,0,ᚾᛖᛈᚩᛏᛁᛋᛏᛁᚳ,392
summarizer,34297,0,ᛋᚢᛗᛗᚪᚱᛁᛋᛖᚱ,468
hellhounds,34276,0,ᚻᛖᛚᛚᚻᚩᚢᚾᛞᛋ,440
craniometry,34274,0,ᚳᚱᚪᚾᛡᛗᛖᛏᚱᚣ,568
chuckwalla,34257,0,ᚳᚻᚢᚳᚳᚹᚪᛚᛚᚪ,424
interleaves,34226,0,ᛁᚾᛏᛖᚱᛚᛠᚢᛖᛋ,502
artiodactyl,34218,0,ᚪᚱᛏᛡᛞᚪᚳᛏᚣᛚ,708
fraternising,34203,0,ᚠᚱᚪᛏᛖᚱᚾᛁᛋᛝ,439
razorbacks,34175,0,ᚱᚪᛋᚩᚱᛒᚪᚳᚳᛋ,416
lorgnettes,34162,0,ᛚᚩᚱᚷᚾᛖᛏᛏᛖᛋ,442
candidness,34161,0,ᚳᚪᚾᛞᛁᛞᚾᛖᛋᛋ,550
basketfuls,34138,0,ᛒᚪᛋᚳᛖᛏᚠᚢᛚᛋ,481
monomaniacs,34130,0,ᛗᚩᚾᚩᛗᚪᚾᛡᚳᛋ,484
balaclavas,34099,0,ᛒᚪᛚᚪᚳᛚᚪᚢᚪᛋ,664
habituates,34076,0,ᚻᚪᛒᛁᛏᚢᚪᛏᛖᛋ,550
pernickety,34053,0,ᛈᛖᚱᚾᛁᚳᚳᛖᛏᚣ,436
trickeries,34033,0,ᛏᚱᛁᚳᚳᛖᚱᛁᛖᛋ,356
modernizer,34004,0,ᛗᚩᛞᛖᚱᚾᛁᛋᛖᚱ,436
deductable,34003,0,ᛞᛖᛞᚢᚳᛏᚪᛒᛚᛖ,618
exquisites,34000,0,ᛖᛉᚳᚹᛁᛋᛁᛏᛖᛋ,440
somnolency,33999,0,ᛋᚩᛗᚾᚩᛚᛖᚾᚳᚣ,452
semblables,33995,0,ᛋᛖᛗᛒᛚᚪᛒᛚᛖᛋ,676
femininely,33990,0,ᚠᛖᛗᛁᚾᛁᚾᛖᛚᚣ,503
dissectors,33980,0,ᛞᛁᛋᛋᛖᚳᛏᚩᚱᛋ,436
vitalities,33920,0,ᚢᛁᛏᚪᛚᛁᛏᛁᛖᛋ,504
hyacinthine,33919,0,ᚻᚣᚪᚳᛁᚾᚦᛁᚾᛖ,428
affectioned,33915,0,ᚪᚠᚠᛖᚳᛏᛡᚾᛖᛞ,532
rapscallion,33892,0,ᚱᚪᛈᛋᚳᚪᛚᛚᛡᚾ,596
witcheries,33861,0,ᚹᛁᛏᚳᚻᛖᚱᛁᛖᛋ,374
invitatory,33860,0,ᛁᚾᚢᛁᛏᚪᛏᚩᚱᚣ,430
freeloader,33847,0,ᚠᚱᛖᛖᛚᚩᚪᛞᛖᚱ,491
landgraves,33794,0,ᛚᚪᚾᛞᚷᚱᚪᚢᛖᛋ,536
symphonist,33777,0,ᛋᚣᛗᛈᚻᚩᚾᛁᛋᛏ,472
antimonium,33766,0,ᚪᚾᛏᛁᛗᚩᚾᛁᚢᛗ,428
strengthless,33736,0,ᛋᛏᚱᛖᛝᚦᛚᛖᛋᛋ,520
evaporable,33718,0,ᛖᚢᚪᛈᚩᚱᚪᛒᛚᛖ,526
cowcatcher,33705,0,ᚳᚩᚹᚳᚪᛏᚳᚻᛖᚱ,322
attempered,33704,0,ᚪᛏᛏᛖᛗᛈᛖᚱᛖᛞ,630
brasseries,33693,0,ᛒᚱᚪᛋᛋᛖᚱᛁᛖᛋ,504
freestones,33685,0,ᚠᚱᛖᛖᛋᛏᚩᚾᛖᛋ,415
handleless,33627,0,ᚻᚪᚾᛞᛚᛖᛚᛖᛋᛋ,624
collegiates,33624,0,ᚳᚩᛚᛚᛖᚷᛡᛏᛖᛋ,536
shoddiness,33608,0,ᛋᚻᚩᛞᛞᛁᚾᛖᛋᛋ,494
bastinadoed,33596,0,ᛒᚪᛋᛏᛁᚾᚪᛞᛟᛞ,688
algebraist,33592,0,ᚪᛚᚷᛖᛒᚱᚪᛁᛋᛏ,566
unappetising,33566,0,ᚢᚾᚪᛈᛈᛖᛏᛁᛋᛝ,504
dissembles,33563,0,ᛞᛁᛋᛋᛖᛗᛒᛚᛖᛋ,618
shirttails,33522,0,ᛋᚻᛁᚱᛏᛏᚪᛁᛚᛋ,490
gelatinizing,33518,0,ᚷᛖᛚᚪᛏᛁᚾᛁᛋᛝ,536
nobilitate,33507,0,ᚾᚩᛒᛁᛚᛁᛏᚪᛏᛖ,514
skedaddled,33474,0,ᛋᚳᛖᛞᚪᛞᛞᛚᛖᛞ,726
tantalised,33465,0,ᛏᚪᚾᛏᚪᛚᛁᛋᛖᛞ,654
ichthyosaur,33450,0,ᛁᚳᚻᚦᚣᚩᛋᚪᚢᚱ,346
debilities,33420,0,ᛞᛖᛒᛁᛚᛁᛏᛁᛖᛋ,562
prepuberty,33399,0,ᛈᚱᛖᛈᚢᛒᛖᚱᛏᚣ,468
humoristic,33394,0,ᚻᚢᛗᚩᚱᛁᛋᛏᛁᚳ,302
dissatisfy,33381,0,ᛞᛁᛋᛋᚪᛏᛁᛋᚠᚣ,571
dhaulagiri,33359,0,ᛞᚻᚪᚢᛚᚪᚷᛁᚱᛁ,472
evenements,33357,0,ᛖᚢᛖᚾᛖᛗᛖᚾᛏᛋ,512
blurriness,33325,0,ᛒᛚᚢᚱᚱᛁᚾᛖᛋᛋ,392
catarrhine,33285,0,ᚳᚪᛏᚪᚱᚱᚻᛁᚾᛖ,438
greenwoods,33245,0,ᚷᚱᛖᛖᚾᚹᚩᚩᛞᛋ,366
sundowners,33239,0,ᛋᚢᚾᛞᚩᚹᚾᛖᚱᛋ,360
subnormals,33230,0,ᛋᚢᛒᚾᚩᚱᛗᚪᛚᛋ,458
freelances,33205,0,ᚠᚱᛖᛖᛚᚪᚾᚳᛖᛋ,479
renominate,33195,0,ᚱᛖᚾᚩᛗᛁᚾᚪᛏᛖ,468
antepenult,33165,0,ᚪᚾᛏᛖᛈᛖᚾᚢᛚᛏ,526
temporised,33151,0,ᛏᛖᛗᛈᚩᚱᛁᛋᛖᛞ,498
polymerise,33146,0,ᛈᚩᛚᚣᛗᛖᚱᛁᛋᛖ,526
denouncers,33145,0,ᛞᛖᚾᚩᚢᚾᚳᛖᚱᛋ,368
lopsidedly,33138,0,ᛚᚩᛈᛋᛁᛞᛖᛞᛚᚣ,628
tetrastyle,33132,0,ᛏᛖᛏᚱᚪᛋᛏᚣᛚᛖ,648
compliantly,33124,0,ᚳᚩᛗᛈᛚᛡᚾᛏᛚᚣ,578
chairlifts,33114,0,ᚳᚻᚪᛁᚱᛚᛁᚠᛏᛋ,393
atonements,33098,0,ᚪᛏᚩᚾᛖᛗᛖᚾᛏᛋ,538
duckboards,33084,0,ᛞᚢᚳᚳᛒᚩᚪᚱᛞᛋ,436
quaternity,33066,0,ᚳᚹᚪᛏᛖᚱᚾᛁᛏᚣ,488
aniseikonia,33052,0,ᚪᚾᛁᛋᛖᛁᚳᚩᚾᛡ,464
leatherbacks,33023,0,ᛚᛠᚦᛖᚱᛒᚪᚳᚳᛋ,502
foulmouthed,33018,0,ᚠᚩᚢᛚᛗᚩᚢᚦᛖᛞ,327
newspapering,33003,0,ᚾᛖᚹᛋᛈᚪᛈᛖᚱᛝ,508
inquirendo,32984,0,ᛁᚾᚳᚹᛁᚱᛖᚾᛞᚩ,326
encrinites,32969,0,ᛖᚾᚳᚱᛁᚾᛁᛏᛖᛋ,390
autoloader,32962,0,ᚪᚢᛏᚩᛚᚩᚪᛞᛖᚱ,510
blanquette,32943,0,ᛒᛚᚪᚾᚳᚹᛖᛏᛏᛖ,544
salverform,32942,0,ᛋᚪᛚᚢᛖᚱᚠᚩᚱᛗ,395
anaesthetize,32934,0,ᚪᚾᚫᛋᚦᛖᛏᛁᛋᛖ,562
antipodals,32921,0,ᚪᚾᛏᛁᛈᚩᛞᚪᛚᛋ,578
insistency,32919,0,ᛁᚾᛋᛁᛋᛏᛖᚾᚳᚣ,468
suspicioned,32890,0,ᛋᚢᛋᛈᛁᚳᛡᚾᛖᛞ,488
tributyrin,32879,0,ᛏᚱᛁᛒᚢᛏᚣᚱᛁᚾ,398
mancipation,32868,0,ᛗᚪᚾᚳᛁᛈᚪᛏᛡᚾ,576
accoutered,32844,0,ᚪᚳᚳᚩᚢᛏᛖᚱᛖᛞ,426
ureteritis,32782,0,ᚢᚱᛖᛏᛖᚱᛁᛏᛁᛋ,392
grumpiness,32763,0,ᚷᚱᚢᛗᛈᛁᚾᛖᛋᛋ,378
prototypal,32745,0,ᛈᚱᚩᛏᚩᛏᚣᛈᚪᛚ,502
cloudberry,32743,0,ᚳᛚᚩᚢᛞᛒᛖᚱᚱᚣ,438
valorously,32739,0,ᚢᚪᛚᚩᚱᚩᚢᛋᛚᚣ,430
intervales,32730,0,ᛁᚾᛏᛖᚱᚢᚪᛚᛖᛋ,490
childminding,32720,0,ᚳᚻᛁᛚᛞᛗᛁᚾᛞᛝ,528
goldeneyes,32678,0,ᚷᚩᛚᛞᛖᚾᛖᚣᛖᛋ,572
philologer,32671,0,ᛈᚻᛁᛚᚩᛚᚩᚷᛖᚱ,352
desireless,32659,0,ᛞᛖᛋᛁᚱᛖᛚᛖᛋᛋ,564
mentholated,32652,0,ᛗᛖᚾᚦᚩᛚᚪᛏᛖᛞ,564
shakedowns,32640,0,ᛋᚻᚪᚳᛖᛞᚩᚹᚾᛋ,450
cosmetician,32613,0,ᚳᚩᛋᛗᛖᛏᛁᚳᛡᚾ,450
unenrolled,32605,0,ᚢᚾᛖᚾᚱᚩᛚᛚᛖᛞ,448
odalisques,32582,0,ᚩᛞᚪᛚᛁᛋᚳᚹᛖᛋ,502
saxicolous,32578,0,ᛋᚪᛉᛁᚳᚩᛚᚩᚢᛋ,384
felicitating,32561,0,ᚠᛖᛚᛁᚳᛁᛏᚪᛏᛝ,511
stampeders,32536,0,ᛋᛏᚪᛗᛈᛖᛞᛖᚱᛋ,610
bijouterie,32529,0,ᛒᛁᛂᚩᚢᛏᛖᚱᛁᛖ,374
sacristies,32519,0,ᛋᚪᚳᚱᛁᛋᛏᛁᛖᛋ,468
thrombopenia,32515,0,ᚦᚱᚩᛗᛒᚩᛈᛖᚾᛡ,408
gormandizing,32489,0,ᚷᚩᚱᛗᚪᚾᛞᛁᛋᛝ,484
aftertimes,32473,0,ᚪᚠᛏᛖᚱᛏᛁᛗᛖᛋ,517
hemeralopia,32469,0,ᚻᛖᛗᛖᚱᚪᛚᚩᛈᛡ,566
kaolinites,32431,0,ᚳᚪᚩᛚᛁᚾᛁᛏᛖᛋ,460
householding,32322,0,ᚻᚩᚢᛋᛖᚻᚩᛚᛞᛝ,424
dramaturge,32321,0,ᛞᚱᚪᛗᚪᛏᚢᚱᚷᛖ,522
scotswoman,32316,0,ᛋᚳᚩᛏᛋᚹᚩᛗᚪᚾ,408
digestives,32312,0,ᛞᛁᚷᛖᛋᛏᛁᚢᛖᛋ,470
chimaphila,32292,0,ᚳᚻᛁᛗᚪᛈᚻᛁᛚᚪ,502
saltcellar,32280,0,ᛋᚪᛚᛏᚳᛖᛚᛚᚪᚱ,616
grogginess,32258,0,ᚷᚱᚩᚷᚷᛁᚾᛖᛋᛋ,302
tartarized,32214,0,ᛏᚪᚱᛏᚪᚱᛁᛋᛖᛞ,574
rickettsias,32203,0,ᚱᛁᚳᚳᛖᛏᛏᛋᛡᛋ,466
mythologize,32200,0,ᛗᚣᚦᚩᛚᚩᚷᛁᛋᛖ,434
littleneck,32200,0,ᛚᛁᛏᛏᛚᛖᚾᛖᚳᚳ,484
readdressed,32187,0,ᚱᛠᛞᛞᚱᛖᛋᛋᛖᛞ,638
reactionists,32181,0,ᚱᛠᚳᛏᛡᚾᛁᛋᛏᛋ,524
butadienes,32139,0,ᛒᚢᛏᚪᛞᛁᛖᚾᛖᛋ,556
reembarked,32124,0,ᚱᛖᛖᛗᛒᚪᚱᚳᛖᛞ,554
placoderms,32103,0,ᛈᛚᚪᚳᚩᛞᛖᚱᛗᛋ,524
ossiferous,32068,0,ᚩᛋᛋᛁᚠᛖᚱᚩᚢᛋ,287
severances,32058,0,ᛋᛖᚢᛖᚱᚪᚾᚳᛖᛋ,460
apostasies,32056,0,ᚪᛈᚩᛋᛏᚪᛋᛁᛖᛋ,560
gastronome,32043,0,ᚷᚪᛋᛏᚱᚩᚾᚩᛗᛖ,418
millionfold,32040,0,ᛗᛁᛚᛚᛡᚾᚠᚩᛚᛞ,555
unmetrical,32028,0,ᚢᚾᛗᛖᛏᚱᛁᚳᚪᛚ,454
quitclaims,32020,0,ᚳᚹᛁᛏᚳᛚᚪᛁᛗᛋ,460
unacademic,32015,0,ᚢᚾᚪᚳᚪᛞᛖᛗᛁᚳ,510
taxgatherer,32008,0,ᛏᚪᛉᚷᚪᚦᛖᚱᛖᚱ,478
hyaloplasm,32001,0,ᚻᚣᚪᛚᚩᛈᛚᚪᛋᛗ,640
unbrotherly,31945,0,ᚢᚾᛒᚱᚩᚦᛖᚱᛚᚣ,370
peristomes,31935,0,ᛈᛖᚱᛁᛋᛏᚩᛗᛖᛋ,462
damascenes,31909,0,ᛞᚪᛗᚪᛋᚳᛖᚾᛖᛋ,636
sauvegarde,31892,0,ᛋᚪᚢᚢᛖᚷᚪᚱᛞᛖ,504
platelayer,31876,0,ᛈᛚᚪᛏᛖᛚᚪᚣᛖᚱ,690
hermetical,31870,0,ᚻᛖᚱᛗᛖᛏᛁᚳᚪᛚ,512
falstaffian,31866,0,ᚠᚪᛚᛋᛏᚪᚠᚠᛡᚾ,521
scattergun,31851,0,ᛋᚳᚪᛏᛏᛖᚱᚷᚢᚾ,408
woolgathering,31840,0,ᚹᚩᚩᛚᚷᚪᚦᛖᚱᛝ,382
radarscope,31792,0,ᚱᚪᛞᚪᚱᛋᚳᚩᛈᛖ,488
seminarist,31786,0,ᛋᛖᛗᛁᚾᚪᚱᛁᛋᛏ,502
syntactics,31765,0,ᛋᚣᚾᛏᚪᚳᛏᛁᚳᛋ,510
ijsselmeer,31763,0,ᛁᛂᛋᛋᛖᛚᛗᛖᛖᚱ,530
goatsucker,31748,0,ᚷᚩᚪᛏᛋᚢᚳᚳᛖᚱ,340
reformable,31701,0,ᚱᛖᚠᚩᚱᛗᚪᛒᛚᛖ,467
lobsterman,31674,0,ᛚᚩᛒᛋᛏᛖᚱᛗᚪᚾ,528
broodmares,31668,0,ᛒᚱᚩᚩᛞᛗᚪᚱᛖᛋ,474
grossularia,31597,0,ᚷᚱᚩᛋᛋᚢᛚᚪᚱᛡ,432
dockworker,31596,0,ᛞᚩᚳᚳᚹᚩᚱᚳᛖᚱ,250
majorettes,31586,0,ᛗᚪᛂᚩᚱᛖᛏᛏᛖᛋ,528
hypsometer,31582,0,ᚻᚣᛈᛋᚩᛗᛖᛏᛖᚱ,504
gargoylism,31553,0,ᚷᚪᚱᚷᚩᚣᛚᛁᛋᛗ,480
eurhythmics,31535,0,ᛖᚢᚱᚻᚣᚦᛗᛁᚳᛋ,380
telemeters,31519,0,ᛏᛖᛚᛖᛗᛖᛏᛖᚱᛋ,594
breeziness,31504,0,ᛒᚱᛖᛖᛋᛁᚾᛖᛋᛋ,492
firestorms,31451,0,ᚠᛁᚱᛖᛋᛏᚩᚱᛗᛋ,365
aristotles,31440,0,ᚪᚱᛁᛋᛏᚩᛏᛚᛖᛋ,510
reallocates,31422,0,ᚱᛠᛚᛚᚩᚳᚪᛏᛖᛋ,562
noisemaker,31345,0,ᚾᚩᛁᛋᛖᛗᚪᚳᛖᚱ,446
transpolar,31303,0,ᛏᚱᚪᚾᛋᛈᚩᛚᚪᚱ,480
pastorship,31296,0,ᛈᚪᛋᛏᚩᚱᛋᚻᛁᛈ,420
macrocytes,31254,0,ᛗᚪᚳᚱᚩᚳᚣᛏᛖᛋ,494
worktables,31251,0,ᚹᚩᚱᚳᛏᚪᛒᛚᛖᛋ,460
wholesaled,31239,0,ᚹᚻᚩᛚᛖᛋᚪᛚᛖᛞ,568
bayonetted,31234,0,ᛒᚪᚣᚩᚾᛖᛏᛏᛖᛞ,638
fragrantly,31199,0,ᚠᚱᚪᚷᚱᚪᚾᛏᛚᚣ,499
heidenstam,31193,0,ᚻᛖᛁᛞᛖᚾᛋᛏᚪᛗ,586
perfectest,31186,0,ᛈᛖᚱᚠᛖᚳᛏᛖᛋᛏ,441
apodeictic,31133,0,ᚪᛈᚩᛞᛖᛁᚳᛏᛁᚳ,450
epiphyllum,31119,0,ᛖᛈᛁᛈᚻᚣᛚᛚᚢᛗ,530
rhapsodize,31113,0,ᚱᚻᚪᛈᛋᚩᛞᛁᛋᛖ,474
vociferate,31097,0,ᚢᚩᚳᛁᚠᛖᚱᚪᛏᛖ,357
verbalised,31086,0,ᚢᛖᚱᛒᚪᛚᛁᛋᛖᛞ,552
regalities,31071,0,ᚱᛖᚷᚪᛚᛁᛏᛁᛖᛋ,506
muscardine,31052,0,ᛗᚢᛋᚳᚪᚱᛞᛁᚾᛖ,464
clockworks,31020,0,ᚳᛚᚩᚳᚳᚹᚩᚱᚳᛋ,222
corybantes,31003,0,ᚳᚩᚱᚣᛒᚪᚾᛏᛖᛋ,500
importunes,30978,0,ᛁᛗᛈᚩᚱᛏᚢᚾᛖᛋ,374
calycanthus,30920,0,ᚳᚪᛚᚣᚳᚪᚾᚦᚢᛋ,486
goodliness,30915,0,ᚷᚩᚩᛞᛚᛁᚾᛖᛋᛋ,426
methodistic,30885,0,ᛗᛖᚦᚩᛞᛁᛋᛏᛁᚳ,426
harpooners,30881,0,ᚻᚪᚱᛈᚩᚩᚾᛖᚱᛋ,348
flugelhorn,30861,0,ᚠᛚᚢᚷᛖᛚᚻᚩᚱᚾ,305
unforested,30856,0,ᚢᚾᚠᚩᚱᛖᛋᛏᛖᛞ,387
tyrannizes,30812,0,ᛏᚣᚱᚪᚾᚾᛁᛋᛖᛋ,532
ingeniousness,30792,0,ᛝᛖᚾᛡᚢᛋᚾᛖᛋᛋ,540
recentness,30754,0,ᚱᛖᚳᛖᚾᛏᚾᛖᛋᛋ,448
subthalamus,30729,0,ᛋᚢᛒᚦᚪᛚᚪᛗᚢᛋ,516
trickiness,30726,0,ᛏᚱᛁᚳᚳᛁᚾᛖᛋᛋ,360
conflations,30726,0,ᚳᚩᚾᚠᛚᚪᛏᛡᚾᛋ,469
miscounted,30702,0,ᛗᛁᛋᚳᚩᚢᚾᛏᛖᛞ,422
bowerbirds,30696,0,ᛒᚩᚹᛖᚱᛒᛁᚱᛞᛋ,410
icosahedra,30690,0,ᛁᚳᚩᛋᚪᚻᛖᛞᚱᚪ,488
totalizers,30689,0,ᛏᚩᛏᚪᛚᛁᛋᛖᚱᛋ,510
pennyworths,30687,0,ᛈᛖᚾᚾᚣᚹᚩᚱᚦᛋ,366
pentimento,30679,0,ᛈᛖᚾᛏᛁᛗᛖᚾᛏᚩ,462
transfixes,30644,0,ᛏᚱᚪᚾᛋᚠᛁᛉᛖᛋ,449
tenderfeet,30644,0,ᛏᛖᚾᛞᛖᚱᚠᛖᛖᛏ,517
headborough,30639,0,ᚻᛠᛞᛒᚩᚱᚩᚢᚷᚻ,350
groundsmen,30606,0,ᚷᚱᚩᚢᚾᛞᛋᛗᛖᚾ,376
auscultating,30584,0,ᚪᚢᛋᚳᚢᛚᛏᚪᛏᛝ,536
sugarplums,30564,0,ᛋᚢᚷᚪᚱᛈᛚᚢᛗᛋ,424
didgeridoo,30558,0,ᛞᛁᛞᚷᛖᚱᛁᛞᚩᚩ,438
soporifics,30551,0,ᛋᚩᛈᚩᚱᛁᚠᛁᚳᛋ,251
saturnalian,30526,0,ᛋᚪᛏᚢᚱᚾᚪᛚᛡᚾ,558
moonlights,30524,0,ᛗᚩᚩᚾᛚᛁᚷᚻᛏᛋ,370
winegrower,30519,0,ᚹᛁᚾᛖᚷᚱᚩᚹᛖᚱ,278
insolences,30506,0,ᛁᚾᛋᚩᛚᛖᚾᚳᛖᛋ,422
faulknerian,30488,0,ᚠᚪᚢᛚᚳᚾᛖᚱᛡᚾ,431
anacoluthon,30488,0,ᚪᚾᚪᚳᚩᛚᚢᚦᚩᚾ,360
langbeinite,30464,0,ᛚᚪᛝᛒᛖᛁᚾᛁᛏᛖ,594
meliorative,30457,0,ᛗᛖᛚᛡᚱᚪᛏᛁᚢᛖ,586
testudines,30428,0,ᛏᛖᛋᛏᚢᛞᛁᚾᛖᛋ,510
daughterly,30391,0,ᛞᚪᚢᚷᚻᛏᛖᚱᛚᚣ,542
bitchiness,30378,0,ᛒᛁᛏᚳᚻᛁᚾᛖᛋᛋ,420
anglophiles,30359,0,ᚪᛝᛚᚩᛈᚻᛁᛚᛖᛋ,546
gubernator,30342,0,ᚷᚢᛒᛖᚱᚾᚪᛏᚩᚱ,362
vulnerably,30338,0,ᚢᚢᛚᚾᛖᚱᚪᛒᛚᚣ,520
spinnakers,30319,0,ᛋᛈᛁᚾᚾᚪᚳᛖᚱᛋ,426
paramagnet,30312,0,ᛈᚪᚱᚪᛗᚪᚷᚾᛖᛏ,588
indicatory,30277,0,ᛁᚾᛞᛁᚳᚪᛏᚩᚱᚣ,470
mahayanist,30273,0,ᛗᚪᚻᚪᚣᚪᚾᛁᛋᛏ,660
incurvation,30265,0,ᛁᚾᚳᚢᚱᚢᚪᛏᛡᚾ,382
handstands,30254,0,ᚻᚪᚾᛞᛋᛏᚪᚾᛞᛋ,618
lockstitch,30237,0,ᛚᚩᚳᚳᛋᛏᛁᛏᚳᚻ,344
ectodermic,30232,0,ᛖᚳᛏᚩᛞᛖᚱᛗᛁᚳ,428
overvalues,30212,0,ᚩᚢᛖᚱᚢᚪᛚᚢᛖᛋ,384
oxidisation,30207,0,ᚩᛉᛁᛞᛁᛋᚪᛏᛡᚾ,550
worcesters,30196,0,ᚹᚩᚱᚳᛖᛋᛏᛖᚱᛋ,360
hootenanny,30187,0,ᚻᚩᚩᛏᛖᚾᚪᚾᚾᚣ,450
dessiatines,30154,0,ᛞᛖᛋᛋᛡᛏᛁᚾᛖᛋ,608
archegonial,30132,0,ᚪᚱᚳᚻᛖᚷᚩᚾᛡᛚ,444
hatchments,30104,0,ᚻᚪᛏᚳᚻᛗᛖᚾᛏᛋ,494
cyclopaedias,30100,0,ᚳᚣᚳᛚᚩᛈᚫᛞᛡᛋ,602
stomatopod,30092,0,ᛋᛏᚩᛗᚪᛏᚩᛈᚩᛞ,492
trendsetting,30070,0,ᛏᚱᛖᚾᛞᛋᛖᛏᛏᛝ,572
demagogism,30066,0,ᛞᛖᛗᚪᚷᚩᚷᛁᛋᛗ,520
blunderers,30063,0,ᛒᛚᚢᚾᛞᛖᚱᛖᚱᛋ,464
acquirable,30054,0,ᚪᚳᚳᚹᛁᚱᚪᛒᛚᛖ,482
mayflowers,30018,0,ᛗᚪᚣᚠᛚᚩᚹᛖᚱᛋ,503
underprice,29959,0,ᚢᚾᛞᛖᚱᛈᚱᛁᚳᛖ,364
unblamable,29957,0,ᚢᚾᛒᛚᚪᛗᚪᛒᛚᛖ,632
convenable,29953,0,ᚳᚩᚾᚢᛖᚾᚪᛒᛚᛖ,446
adulterine,29950,0,ᚪᛞᚢᛚᛏᛖᚱᛁᚾᛖ,526
exculpates,29946,0,ᛖᛉᚳᚢᛚᛈᚪᛏᛖᛋ,522
fidelities,29934,0,ᚠᛁᛞᛖᛚᛁᛏᛁᛖᛋ,503
contrarious,29930,0,ᚳᚩᚾᛏᚱᚪᚱᛡᚢᛋ,390
blunderingly,29923,0,ᛒᛚᚢᚾᛞᛖᚱᛝᛚᚣ,588
fruitcakes,29921,0,ᚠᚱᚢᛁᛏᚳᚪᚳᛖᛋ,349
mahoganies,29912,0,ᛗᚪᚻᚩᚷᚪᚾᛁᛖᛋ,492
modernness,29900,0,ᛗᚩᛞᛖᚱᚾᚾᛖᛋᛋ,476
defrosters,29886,0,ᛞᛖᚠᚱᚩᛋᛏᛖᚱᛋ,419
mysticisms,29856,0,ᛗᚣᛋᛏᛁᚳᛁᛋᛗᛋ,538
autogamous,29849,0,ᚪᚢᛏᚩᚷᚪᛗᚩᚢᛋ,414
bracteolate,29835,0,ᛒᚱᚪᚳᛏᛇᛚᚪᛏᛖ,578
harpooneer,29825,0,ᚻᚪᚱᛈᚩᚩᚾᛖᛖᚱ,362
radiothorium,29822,0,ᚱᚪᛞᛡᚦᚩᚱᛁᚢᛗ,432
aftergrowth,29780,0,ᚪᚠᛏᛖᚱᚷᚱᚩᚹᚦ,295
tormenters,29717,0,ᛏᚩᚱᛗᛖᚾᛏᛖᚱᛋ,434
prelatists,29704,0,ᛈᚱᛖᛚᚪᛏᛁᛋᛏᛋ,546
gabardines,29704,0,ᚷᚪᛒᚪᚱᛞᛁᚾᛖᛋ,552
likeliness,29682,0,ᛚᛁᚳᛖᛚᛁᚾᛖᛋᛋ,490
froghopper,29647,0,ᚠᚱᚩᚷᚻᚩᛈᛈᛖᚱ,231
sculleries,29601,0,ᛋᚳᚢᛚᛚᛖᚱᛁᛖᛋ,444
unloosened,29587,0,ᚢᚾᛚᚩᚩᛋᛖᚾᛖᛞ,424
outproduce,29582,0,ᚩᚢᛏᛈᚱᚩᛞᚢᚳᛖ,302
unluckiest,29574,0,ᚢᚾᛚᚢᚳᚳᛁᛖᛋᛏ,344
acidimetry,29565,0,ᚪᚳᛁᛞᛁᛗᛖᛏᚱᚣ,572
groatsworth,29544,0,ᚷᚱᚩᚪᛏᛋᚹᚩᚱᚦ,286
tenebrionid,29540,0,ᛏᛖᚾᛖᛒᚱᛡᚾᛁᛞ,550
microcytes,29539,0,ᛗᛁᚳᚱᚩᚳᚣᛏᛖᛋ,428
flagellating,29530,0,ᚠᛚᚪᚷᛖᛚᛚᚪᛏᛝ,637
fricasseed,29483,0,ᚠᚱᛁᚳᚪᛋᛋᛖᛖᛞ,483
foresights,29473,0,ᚠᚩᚱᛖᛋᛁᚷᚻᛏᛋ,323
properness,29437,0,ᛈᚱᚩᛈᛖᚱᚾᛖᛋᛋ,384
orthopteran,29421,0,ᚩᚱᚦᚩᛈᛏᛖᚱᚪᚾ,336
overdubbed,29395,0,ᚩᚢᛖᚱᛞᚢᛒᛒᛖᛞ,458
southwester,29383,0,ᛋᚩᚢᚦᚹᛖᛋᛏᛖᚱ,344
negligeable,29376,0,ᚾᛖᚷᛚᛁᚷᛠᛒᛚᛖ,544
hebephrenia,29304,0,ᚻᛖᛒᛖᛈᚻᚱᛖᚾᛡ,498
intertrade,29289,0,ᛁᚾᛏᛖᚱᛏᚱᚪᛞᛖ,520
universalia,29271,0,ᚢᚾᛁᚢᛖᚱᛋᚪᛚᛡ,474
quintuplet,29255,0,ᚳᚹᛁᚾᛏᚢᛈᛚᛖᛏ,396
butterwort,29215,0,ᛒᚢᛏᛏᛖᚱᚹᚩᚱᛏ,356
barographs,29186,0,ᛒᚪᚱᚩᚷᚱᚪᛈᚻᛋ,420
detestably,29169,0,ᛞᛖᛏᛖᛋᛏᚪᛒᛚᚣ,728
quicksteps,29162,0,ᚳᚹᛁᚳᚳᛋᛏᛖᛈᛋ,364
kilolitres,29130,0,ᚳᛁᛚᚩᛚᛁᛏᚱᛖᛋ,418
shadowboxing,29119,0,ᛋᚻᚪᛞᚩᚹᛒᚩᛉᛝ,482
squeezable,29076,0,ᛋᚳᚹᛖᛖᛋᚪᛒᛚᛖ,570
overmaster,29067,0,ᚩᚢᛖᚱᛗᚪᛋᛏᛖᚱ,446
villainage,29046,0,ᚢᛁᛚᛚᚪᛁᚾᚪᚷᛖ,518
bridgeless,29033,0,ᛒᚱᛁᛞᚷᛖᛚᛖᛋᛋ,522
unreligious,29004,0,ᚢᚾᚱᛖᛚᛁᚷᛡᚢᛋ,394
apoplexies,29001,0,ᚪᛈᚩᛈᛚᛖᛉᛁᛖᛋ,528
serigraphs,28998,0,ᛋᛖᚱᛁᚷᚱᚪᛈᚻᛋ,406
monocarpic,28979,0,ᛗᚩᚾᚩᚳᚪᚱᛈᛁᚳ,322
distraints,28967,0,ᛞᛁᛋᛏᚱᚪᛁᚾᛏᛋ,512
hiccoughed,28958,0,ᚻᛁᚳᚳᚩᚢᚷᚻᛖᛞ,286
nodosities,28955,0,ᚾᚩᛞᚩᛋᛁᛏᛁᛖᛋ,426
lansquenet,28947,0,ᛚᚪᚾᛋᚳᚹᛖᚾᛖᛏ,506
thesauruses,28874,0,ᚦᛖᛋᚪᚢᚱᚢᛋᛖᛋ,412
cumuliform,28857,0,ᚳᚢᛗᚢᛚᛁᚠᚩᚱᛗ,285
playschool,28852,0,ᛈᛚᚪᚣᛋᚳᚻᚩᚩᛚ,492
memorialise,28806,0,ᛗᛖᛗᚩᚱᛡᛚᛁᛋᛖ,558
shortcakes,28760,0,ᛋᚻᚩᚱᛏᚳᚪᚳᛖᛋ,396
fountained,28748,0,ᚠᚩᚢᚾᛏᚪᛁᚾᛖᛞ,413
sacculation,28726,0,ᛋᚪᚳᚳᚢᛚᚪᛏᛡᚾ,544
inarguable,28724,0,ᛁᚾᚪᚱᚷᚢᚪᛒᛚᛖ,486
partitionings,28720,0,ᛈᚪᚱᛏᛁᛏᛡᚾᛝᛋ,568
mesomorphy,28715,0,ᛗᛖᛋᚩᛗᚩᚱᛈᚻᚣ,456
potpourris,28694,0,ᛈᚩᛏᛈᚩᚢᚱᚱᛁᛋ,268
embraceable,28650,0,ᛖᛗᛒᚱᚪᚳᛠᛒᛚᛖ,630
unpowdered,28588,0,ᚢᚾᛈᚩᚹᛞᛖᚱᛖᛞ,424
temerarious,28573,0,ᛏᛖᛗᛖᚱᚪᚱᛡᚢᛋ,546
dependancy,28544,0,ᛞᛖᛈᛖᚾᛞᚪᚾᚳᚣ,626
ordinately,28529,0,ᚩᚱᛞᛁᚾᚪᛏᛖᛚᚣ,566
scandalise,28522,0,ᛋᚳᚪᚾᛞᚪᛚᛁᛋᛖ,602
blackmails,28497,0,ᛒᛚᚪᚳᚳᛗᚪᛁᛚᛋ,582
swallowers,28488,0,ᛋᚹᚪᛚᛚᚩᚹᛖᚱᛋ,472
disherison,28463,0,ᛞᛁᛋᚻᛖᚱᛁᛋᚩᚾ,394
workbasket,28451,0,ᚹᚩᚱᚳᛒᚪᛋᚳᛖᛏ,400
unbreathable,28448,0,ᚢᚾᛒᚱᛠᚦᚪᛒᛚᛖ,516
lightproof,28434,0,ᛚᛁᚷᚻᛏᛈᚱᚩᚩᚠ,273
assertable,28421,0,ᚪᛋᛋᛖᚱᛏᚪᛒᛚᛖ,638
densimeter,28416,0,ᛞᛖᚾᛋᛁᛗᛖᛏᛖᚱ,544
asseverate,28385,0,ᚪᛋᛋᛖᚢᛖᚱᚪᛏᛖ,574
campaniles,28378,0,ᚳᚪᛗᛈᚪᚾᛁᛚᛖᛋ,574
castrations,28374,0,ᚳᚪᛋᛏᚱᚪᛏᛡᚾᛋ,578
presentees,28367,0,ᛈᚱᛖᛋᛖᚾᛏᛖᛖᛋ,516
unflaggingly,28344,0,ᚢᚾᚠᛚᚪᚷᚷᛝᛚᚣ,493
sunbonnets,28322,0,ᛋᚢᚾᛒᚩᚾᚾᛖᛏᛋ,390
futurities,28314,0,ᚠᚢᛏᚢᚱᛁᛏᛁᛖᛋ,319
platypuses,28292,0,ᛈᛚᚪᛏᚣᛈᚢᛋᛖᛋ,594
unappalled,28275,0,ᚢᚾᚪᛈᛈᚪᛚᛚᛖᛞ,614
pageantries,28269,0,ᛈᚪᚷᛠᚾᛏᚱᛁᛖᛋ,516
massasauga,28262,0,ᛗᚪᛋᛋᚪᛋᚪᚢᚷᚪ,638
underletting,28234,0,ᚢᚾᛞᛖᚱᛚᛖᛏᛏᛝ,536
excrescent,28224,0,ᛖᛉᚳᚱᛖᛋᚳᛖᚾᛏ,426
tablatures,28200,0,ᛏᚪᛒᛚᚪᛏᚢᚱᛖᛋ,580
breadboards,28151,0,ᛒᚱᛠᛞᛒᚩᚪᚱᛞᛋ,588
aggravator,28147,0,ᚪᚷᚷᚱᚪᚢᚪᛏᚩᚱ,416
myxomycete,28142,0,ᛗᚣᛉᚩᛗᚣᚳᛖᛏᛖ,608
girandoles,28141,0,ᚷᛁᚱᚪᚾᛞᚩᛚᛖᛋ,474
catenaries,28101,0,ᚳᚪᛏᛖᚾᚪᚱᛁᛖᛋ,524
chondromas,28100,0,ᚳᚻᚩᚾᛞᚱᚩᛗᚪᛋ,400
aposiopesis,28096,0,ᚪᛈᚩᛋᛡᛈᛖᛋᛁᛋ,554
endocrinal,28060,0,ᛖᚾᛞᚩᚳᚱᛁᚾᚪᛚ,446
treasonably,28048,0,ᛏᚱᛠᛋᚩᚾᚪᛒᛚᚣ,602
woolliness,28047,0,ᚹᚩᚩᛚᛚᛁᚾᛖᛋᛋ,412
digitately,28045,0,ᛞᛁᚷᛁᛏᚪᛏᛖᛚᚣ,626
molarities,28037,0,ᛗᚩᛚᚪᚱᛁᛏᛁᛖᛋ,500
vacationist,28029,0,ᚢᚪᚳᚪᛏᛡᚾᛁᛋᛏ,548
chalkstone,28004,0,ᚳᚻᚪᛚᚳᛋᛏᚩᚾᛖ,434
peristyles,28002,0,ᛈᛖᚱᛁᛋᛏᚣᛚᛖᛋ,560
shortstops,27992,0,ᛋᚻᚩᚱᛏᛋᛏᚩᛈᛋ,368
domestical,27986,0,ᛞᚩᛗᛖᛋᛏᛁᚳᚪᛚ,560
paltriness,27938,0,ᛈᚪᛚᛏᚱᛁᚾᛖᛋᛋ,516
demonetize,27931,0,ᛞᛖᛗᚩᚾᛖᛏᛁᛋᛖ,540
canadianism,27925,0,ᚳᚪᚾᚪᛞᛡᚾᛁᛋᛗ,616
coffeepots,27889,0,ᚳᚩᚠᚠᛖᛖᛈᚩᛏᛋ,320
cockleburs,27877,0,ᚳᚩᚳᚳᛚᛖᛒᚢᚱᛋ,314
guillotining,27825,0,ᚷᚢᛁᛚᛚᚩᛏᛁᚾᛝ,402
animalized,27807,0,ᚪᚾᛁᛗᚪᛚᛁᛋᛖᛞ,638
comatulids,27800,0,ᚳᚩᛗᚪᛏᚢᛚᛁᛞᛋ,496
subtracter,27771,0,ᛋᚢᛒᛏᚱᚪᚳᛏᛖᚱ,434
penologist,27753,0,ᛈᛖᚾᚩᛚᚩᚷᛁᛋᛏ,386
naughtiest,27749,0,ᚾᚪᚢᚷᚻᛏᛁᛖᛋᛏ,438
razzmatazz,27740,0,ᚱᚪᛋᛋᛗᚪᛏᚪᛋᛋ,644
genteelest,27729,0,ᚷᛖᚾᛏᛖᛖᛚᛖᛋᛏ,558
sommeliers,27726,0,ᛋᚩᛗᛗᛖᛚᛁᛖᚱᛋ,504
allocutions,27709,0,ᚪᛚᛚᚩᚳᚢᛏᛡᚾᛋ,514
hamadryads,27654,0,ᚻᚪᛗᚪᛞᚱᚣᚪᛞᛋ,730
schizanthus,27640,0,ᛋᚳᚻᛁᛋᚪᚾᚦᚢᛋ,360
thirstiness,27636,0,ᚦᛁᚱᛋᛏᛁᚾᛖᛋᛋ,392
punchboard,27627,0,ᛈᚢᚾᚳᚻᛒᚩᚪᚱᛞ,376
bandwagons,27620,0,ᛒᚪᚾᛞᚹᚪᚷᚩᚾᛋ,498
unmastered,27600,0,ᚢᚾᛗᚪᛋᛏᛖᚱᛖᛞ,546
monegasque,27593,0,ᛗᚩᚾᛖᚷᚪᛋᚳᚹᛖ,440
fiddleheads,27592,0,ᚠᛁᛞᛞᛚᛖᚻᛠᛞᛋ,625
simplifier,27464,0,ᛋᛁᛗᛈᛚᛁᚠᛁᛖᚱ,413
seignories,27463,0,ᛋᛖᛁᚷᚾᚩᚱᛁᛖᛋ,366
shovelnose,27458,0,ᛋᚻᚩᚢᛖᛚᚾᚩᛋᛖ,382
gyrfalcons,27457,0,ᚷᚣᚱᚠᚪᛚᚳᚩᚾᛋ,405
graticules,27448,0,ᚷᚱᚪᛏᛁᚳᚢᛚᛖᛋ,424
immaturely,27441,0,ᛁᛗᛗᚪᛏᚢᚱᛖᛚᚣ,586
hemipteran,27435,0,ᚻᛖᛗᛁᛈᛏᛖᚱᚪᚾ,498
swimmerets,27427,0,ᛋᚹᛁᛗᛗᛖᚱᛖᛏᛋ,502
nativeness,27416,0,ᚾᚪᛏᛁᚢᛖᚾᛖᛋᛋ,488
sneezeweed,27412,0,ᛋᚾᛖᛖᛋᛖᚹᛖᛖᛞ,578
euphorbium,27385,0,ᛖᚢᛈᚻᚩᚱᛒᛁᚢᛗ,320
showplaces,27376,0,ᛋᚻᚩᚹᛈᛚᚪᚳᛖᛋ,448
horsewomen,27359,0,ᚻᚩᚱᛋᛖᚹᚩᛗᛖᚾ,354
alliterate,27295,0,ᚪᛚᛚᛁᛏᛖᚱᚪᛏᛖ,634
copperware,27272,0,ᚳᚩᛈᛈᛖᚱᚹᚪᚱᛖ,378
hypsometry,27255,0,ᚻᚣᛈᛋᚩᛗᛖᛏᚱᚣ,540
homogenise,27235,0,ᚻᚩᛗᚩᚷᛖᚾᛁᛋᛖ,372
coryphodon,27233,0,ᚳᚩᚱᚣᛈᚻᚩᛞᚩᚾ,332
boondoggling,27233,0,ᛒᚩᚩᚾᛞᚩᚷᚷᛚᛝ,386
criminated,27229,0,ᚳᚱᛁᛗᛁᚾᚪᛏᛖᛞ,498
augustness,27222,0,ᚪᚢᚷᚢᛋᛏᚾᛖᛋᛋ,434
unassumingly,27208,0,ᚢᚾᚪᛋᛋᚢᛗᛝᛚᚣ,564
sacrileges,27200,0,ᛋᚪᚳᚱᛁᛚᛖᚷᛖᛋ,482
cartonnage,27191,0,ᚳᚪᚱᛏᚩᚾᚾᚪᚷᛖ,426
fascinator,27169,0,ᚠᚪᛋᚳᛁᚾᚪᛏᚩᚱ,399
unrendered,27160,0,ᚢᚾᚱᛖᚾᛞᛖᚱᛖᛞ,462
frigorific,27158,0,ᚠᚱᛁᚷᚩᚱᛁᚠᛁᚳ,156
flunkeyism,27149,0,ᚠᛚᚢᚾᚳᛖᚣᛁᛋᛗ,445
hemiacetals,27125,0,ᚻᛖᛗᛡᚳᛖᛏᚪᛚᛋ,630
kerseymere,27115,0,ᚳᛖᚱᛋᛖᚣᛗᛖᚱᛖ,530
hydrometry,27096,0,ᚻᚣᛞᚱᚩᛗᛖᛏᚱᚣ,544
beggarweed,27089,0,ᛒᛖᚷᚷᚪᚱᚹᛖᛖᛞ,512
unthickened,27074,0,ᚢᚾᚦᛁᚳᚳᛖᚾᛖᛞ,346
storeships,27070,0,ᛋᛏᚩᚱᛖᛋᚻᛁᛈᛋ,400
smallmouths,27064,0,ᛋᛗᚪᛚᛚᛗᚩᚢᚦᛋ,506
quackeries,27064,0,ᚳᚹᚪᚳᚳᛖᚱᛁᛖᛋ,384
centaurium,27024,0,ᚳᛖᚾᛏᚪᚢᚱᛁᚢᛗ,384
revolvable,27017,0,ᚱᛖᚢᚩᛚᚢᚪᛒᛚᛖ,462
embalmment,27001,0,ᛖᛗᛒᚪᛚᛗᛗᛖᚾᛏ,666
surgeonfish,26983,0,ᛋᚢᚱᚷᛇᚾᚠᛁᛋᚻ,263
lycanthrope,26961,0,ᛚᚣᚳᚪᚾᚦᚱᚩᛈᛖ,448
garnierite,26941,0,ᚷᚪᚱᚾᛁᛖᚱᛁᛏᛖ,420
rhinophyma,26933,0,ᚱᚻᛁᚾᚩᛈᚻᚣᛗᚪ,438
sexagesima,26924,0,ᛋᛖᛉᚪᚷᛖᛋᛁᛗᚪ,600
cockamamie,26909,0,ᚳᚩᚳᚳᚪᛗᚪᛗᛁᛖ,480
sauropsida,26905,0,ᛋᚪᚢᚱᚩᛈᛋᛁᛞᚪ,484
confidents,26899,0,ᚳᚩᚾᚠᛁᛞᛖᚾᛏᛋ,379
confusable,26868,0,ᚳᚩᚾᚠᚢᛋᚪᛒᛚᛖ,405
outbalance,26867,0,ᚩᚢᛏᛒᚪᛚᚪᚾᚳᛖ,506
counterspy,26861,0,ᚳᚩᚢᚾᛏᛖᚱᛋᛈᚣ,388
spottiness,26840,0,ᛋᛈᚩᛏᛏᛁᚾᛖᛋᛋ,454
officialese,26818,0,ᚩᚠᚠᛁᚳᛡᛚᛖᛋᛖ,422
cannonades,26808,0,ᚳᚪᚾᚾᚩᚾᚪᛞᛖᛋ,510
uncompress,26801,0,ᚢᚾᚳᚩᛗᛈᚱᛖᛋᛋ,350
radiophonic,26785,0,ᚱᚪᛞᛡᛈᚻᚩᚾᛁᚳ,450
excursuses,26775,0,ᛖᛉᚳᚢᚱᛋᚢᛋᛖᛋ,370
epicranium,26771,0,ᛖᛈᛁᚳᚱᚪᚾᛁᚢᛗ,396
discerningly,26766,0,ᛞᛁᛋᚳᛖᚱᚾᛝᛚᚣ,548
reprehending,26748,0,ᚱᛖᛈᚱᛖᚻᛖᚾᛞᛝ,486
refracture,26746,0,ᚱᛖᚠᚱᚪᚳᛏᚢᚱᛖ,341
lespedezas,26724,0,ᛚᛖᛋᛈᛖᛞᛖᛋᚪᛋ,662
coruscation,26721,0,ᚳᚩᚱᚢᛋᚳᚪᛏᛡᚾ,392
trainbands,26709,0,ᛏᚱᚪᛁᚾᛒᚪᚾᛞᛋ,556
aquarelles,26692,0,ᚪᚳᚹᚪᚱᛖᛚᛚᛖᛋ,570
sourdoughs,26666,0,ᛋᚩᚢᚱᛞᚩᚢᚷᚻᛋ,266
quintillian,26662,0,ᚳᚹᛁᚾᛏᛁᛚᛚᛡᚾ,464
presidence,26638,0,ᛈᚱᛖᛋᛁᛞᛖᚾᚳᛖ,470
triquetral,26632,0,ᛏᚱᛁᚳᚹᛖᛏᚱᚪᛚ,440
haemophiliac,26626,0,ᚻᚫᛗᚩᛈᚻᛁᛚᛡᚳ,492
phytotoxin,26587,0,ᛈᚻᚣᛏᚩᛏᚩᛉᛁᚾ,408
agronomics,26582,0,ᚪᚷᚱᚩᚾᚩᛗᛁᚳᛋ,336
insobriety,26580,0,ᛁᚾᛋᚩᛒᚱᛁᛖᛏᚣ,452
merriments,26574,0,ᛗᛖᚱᚱᛁᛗᛖᚾᛏᛋ,470
bibliolatry,26539,0,ᛒᛁᛒᛚᛡᛚᚪᛏᚱᚣ,676
abortively,26530,0,ᚪᛒᚩᚱᛏᛁᚢᛖᛚᚣ,512
hasseltine,26521,0,ᚻᚪᛋᛋᛖᛚᛏᛁᚾᛖ,552
farcically,26509,0,ᚠᚪᚱᚳᛁᚳᚪᛚᛚᚣ,513
bitterweed,26501,0,ᛒᛁᛏᛏᛖᚱᚹᛖᛖᛞ,530
sudorifics,26485,0,ᛋᚢᛞᚩᚱᛁᚠᛁᚳᛋ,293
mesophytes,26483,0,ᛗᛖᛋᚩᛈᚻᚣᛏᛖᛋ,546
bonesetter,26466,0,ᛒᚩᚾᛖᛋᛖᛏᛏᛖᚱ,480
francolins,26409,0,ᚠᚱᚪᚾᚳᚩᛚᛁᚾᛋ,345
interlarding,26400,0,ᛁᚾᛏᛖᚱᛚᚪᚱᛞᛝ,546
unmannered,26389,0,ᚢᚾᛗᚪᚾᚾᛖᚱᛖᛞ,492
moderatism,26380,0,ᛗᚩᛞᛖᚱᚪᛏᛁᛋᛗ,556
bunchberry,26377,0,ᛒᚢᚾᚳᚻᛒᛖᚱᚱᚣ,382
dolorously,26357,0,ᛞᚩᛚᚩᚱᚩᚢᛋᛚᚣ,426
prothalamion,26343,0,ᛈᚱᚩᚦᚪᛚᚪᛗᛡᚾ,540
superlarge,26328,0,ᛋᚢᛈᛖᚱᛚᚪᚱᚷᛖ,442
whalebones,26299,0,ᚹᚻᚪᛚᛖᛒᚩᚾᛖᛋ,496
cerebrally,26289,0,ᚳᛖᚱᛖᛒᚱᚪᛚᛚᚣ,576
forewarnings,26267,0,ᚠᚩᚱᛖᚹᚪᚱᚾᛝᛋ,375
catabolize,26267,0,ᚳᚪᛏᚪᛒᚩᛚᛁᛋᛖ,558
wearisomely,26259,0,ᚹᛠᚱᛁᛋᚩᛗᛖᛚᚣ,544
johnnycake,26252,0,ᛂᚩᚻᚾᚾᚣᚳᚪᚳᛖ,418
bastardize,26251,0,ᛒᚪᛋᛏᚪᚱᛞᛁᛋᛖ,618
bacteriemia,26215,0,ᛒᚪᚳᛏᛖᚱᛁᛖᛗᛡ,584
aggrandising,26209,0,ᚪᚷᚷᚱᚪᚾᛞᛁᛋᛝ,520
becomingness,26188,0,ᛒᛖᚳᚩᛗᛝᚾᛖᛋᛋ,500
climatical,26173,0,ᚳᛚᛁᛗᚪᛏᛁᚳᚪᛚ,558
lambrequin,26161,0,ᛚᚪᛗᛒᚱᛖᚳᚹᛁᚾ,472
dogmatisms,26149,0,ᛞᚩᚷᛗᚪᛏᛁᛋᛗᛋ,548
inactively,26143,0,ᛁᚾᚪᚳᛏᛁᚢᛖᛚᚣ,506
truehearted,26122,0,ᛏᚱᚢᛖᚻᛠᚱᛏᛖᛞ,498
pilastered,26098,0,ᛈᛁᛚᚪᛋᛏᛖᚱᛖᛞ,590
unprotesting,26097,0,ᚢᚾᛈᚱᚩᛏᛖᛋᛏᛝ,410
paramoecium,26091,0,ᛈᚪᚱᚪᛗᛟᚳᛁᚢᛗ,520
esplanades,26090,0,ᛖᛋᛈᛚᚪᚾᚪᛞᛖᛋ,668
adenostoma,26085,0,ᚪᛞᛖᚾᚩᛋᛏᚩᛗᚪ,576
monologist,26064,0,ᛗᚩᚾᚩᛚᚩᚷᛁᛋᛏ,354
unpassable,26062,0,ᚢᚾᛈᚪᛋᛋᚪᛒᛚᛖ,576
immediacies,26045,0,ᛁᛗᛗᛖᛞᛡᚳᛁᛖᛋ,600
advertorial,26039,0,ᚪᛞᚢᛖᚱᛏᚩᚱᛡᛚ,524
habiliment,26022,0,ᚻᚪᛒᛁᛚᛁᛗᛖᚾᛏ,542
ineducable,26019,0,ᛁᚾᛖᛞᚢᚳᚪᛒᛚᛖ,530
trientalis,26015,0,ᛏᚱᛁᛖᚾᛏᚪᛚᛁᛋ,510
thaumaturge,26011,0,ᚦᚪᚢᛗᚪᛏᚢᚱᚷᛖ,430
discommode,25995,0,ᛞᛁᛋᚳᚩᛗᛗᚩᛞᛖ,498
confluents,25989,0,ᚳᚩᚾᚠᛚᚢᛖᚾᛏᛋ,335
cardinally,25962,0,ᚳᚪᚱᛞᛁᚾᚪᛚᛚᚣ,616
lucubration,25958,0,ᛚᚢᚳᚢᛒᚱᚪᛏᛡᚾ,456
metalworks,25950,0,ᛗᛖᛏᚪᛚᚹᚩᚱᚳᛋ,470
bandoleers,25936,0,ᛒᚪᚾᛞᚩᛚᛖᛖᚱᛋ,554
hackmatack,25927,0,ᚻᚪᚳᚳᛗᚪᛏᚪᚳᚳ,496
saltbushes,25925,0,ᛋᚪᛚᛏᛒᚢᛋᚻᛖᛋ,542
neighbored,25921,0,ᚾᛖᛁᚷᚻᛒᚩᚱᛖᛞ,402
bicoloured,25900,0,ᛒᛁᚳᚩᛚᚩᚢᚱᛖᛞ,362
saltshaker,25896,0,ᛋᚪᛚᛏᛋᚻᚪᚳᛖᚱ,546
louisianans,25875,0,ᛚᚩᚢᛁᛋᛡᚾᚪᚾᛋ,482
magindanao,25857,0,ᛗᚪᚷᛁᚾᛞᚪᚾᚪᚩ,564
machiavelian,25850,0,ᛗᚪᚳᚻᛡᚢᛖᛚᛡᚾ,590
shatteringly,25845,0,ᛋᚻᚪᛏᛏᛖᚱᛝᛚᚣ,624
achondrite,25812,0,ᚪᚳᚻᚩᚾᛞᚱᛁᛏᛖ,426
nonpersons,25811,0,ᚾᚩᚾᛈᛖᚱᛋᚩᚾᛋ,328
viceregent,25785,0,ᚢᛁᚳᛖᚱᛖᚷᛖᚾᛏ,364
blisteringly,25777,0,ᛒᛚᛁᛋᛏᛖᚱᛝᛚᚣ,610
fusillades,25776,0,ᚠᚢᛋᛁᛚᛚᚪᛞᛖᛋ,541
foxhunters,25763,0,ᚠᚩᛉᚻᚢᚾᛏᛖᚱᛋ,301
shintoists,25755,0,ᛋᚻᛁᚾᛏᚩᛁᛋᛏᛋ,398
hypophyses,25754,0,ᚻᚣᛈᚩᛈᚻᚣᛋᛖᛋ,518
hydrozoans,25751,0,ᚻᚣᛞᚱᚩᛋᚩᚪᚾᛋ,472
cyclostome,25726,0,ᚳᚣᚳᛚᚩᛋᛏᚩᛗᛖ,466
disulphate,25699,0,ᛞᛁᛋᚢᛚᛈᚻᚪᛏᛖ,538
abominates,25687,0,ᚪᛒᚩᛗᛁᚾᚪᛏᛖᛋ,572
ancientest,25659,0,ᚪᚾᚳᛁᛖᚾᛏᛖᛋᛏ,504
sartorially,25650,0,ᛋᚪᚱᛏᚩᚱᛡᛚᛚᚣ,594
provencals,25645,0,ᛈᚱᚩᚢᛖᚾᚳᚪᛚᛋ,396
cancellate,25640,0,ᚳᚪᚾᚳᛖᛚᛚᚪᛏᛖ,588
eurypterid,25639,0,ᛖᚢᚱᚣᛈᛏᛖᚱᛁᛞ,484
unmaidenly,25617,0,ᚢᚾᛗᚪᛁᛞᛖᚾᛚᚣ,592
aquiferous,25608,0,ᚪᚳᚹᛁᚠᛖᚱᚩᚢᛋ,303
disloyally,25607,0,ᛞᛁᛋᛚᚩᚣᚪᛚᛚᚣ,702
noxiousness,25602,0,ᚾᚩᛉᛡᚢᛋᚾᛖᛋᛋ,448
labyrinthic,25601,0,ᛚᚪᛒᚣᚱᛁᚾᚦᛁᚳ,454
septentrion,25584,0,ᛋᛖᛈᛏᛖᚾᛏᚱᛡᚾ,524
northermost,25582,0,ᚾᚩᚱᚦᛖᚱᛗᚩᛋᛏ,320
calendulas,25501,0,ᚳᚪᛚᛖᚾᛞᚢᛚᚪᛋ,594
goosenecks,25482,0,ᚷᚩᚩᛋᛖᚾᛖᚳᚳᛋ,326
knickknack,25443,0,ᚳᚾᛁᚳᚳᚳᚾᚪᚳᚳ,264
ambrotypes,25443,0,ᚪᛗᛒᚱᚩᛏᚣᛈᛖᛋ,572
whipstitch,25437,0,ᚹᚻᛁᛈᛋᛏᛁᛏᚳᚻ,354
dowitchers,25434,0,ᛞᚩᚹᛁᛏᚳᚻᛖᚱᛋ,372
epidiascope,25433,0,ᛖᛈᛁᛞᛡᛋᚳᚩᛈᛖ,520
pentagrams,25431,0,ᛈᛖᚾᛏᚪᚷᚱᚪᛗᛋ,544
shopwindow,25379,0,ᛋᚻᚩᛈᚹᛁᚾᛞᚩᚹ,320
piggybacks,25378,0,ᛈᛁᚷᚷᚣᛒᚪᚳᚳᛋ,448
hydriotaphia,25378,0,ᚻᚣᛞᚱᛡᛏᚪᛈᚻᛡ,662
podalirius,25367,0,ᛈᚩᛞᚪᛚᛁᚱᛁᚢᛋ,438
buckboards,25359,0,ᛒᚢᚳᚳᛒᚩᚪᚱᛞᛋ,408
foreladies,25356,0,ᚠᚩᚱᛖᛚᚪᛞᛁᛖᛋ,497
watchbands,25354,0,ᚹᚪᛏᚳᚻᛒᚪᚾᛞᛋ,540
aerogrammes,25346,0,ᚫᚱᚩᚷᚱᚪᛗᛗᛖᛋ,506
peckerwood,25320,0,ᛈᛖᚳᚳᛖᚱᚹᚩᚩᛞ,336
roisterers,25318,0,ᚱᚩᛁᛋᛏᛖᚱᛖᚱᛋ,370
pyrotechny,25316,0,ᛈᚣᚱᚩᛏᛖᚳᚻᚾᚣ,458
reselected,25229,0,ᚱᛖᛋᛖᛚᛖᚳᛏᛖᛞ,566
duodecimos,25207,0,ᛞᚢᚩᛞᛖᚳᛁᛗᚩᛋ,430
barbellate,25207,0,ᛒᚪᚱᛒᛖᛚᛚᚪᛏᛖ,666
craterlets,25191,0,ᚳᚱᚪᛏᛖᚱᛚᛖᛏᛋ,510
roundelays,25185,0,ᚱᚩᚢᚾᛞᛖᛚᚪᚣᛋ,532
pamphilius,25168,0,ᛈᚪᛗᛈᚻᛁᛚᛁᚢᛋ,468
tramontane,25150,0,ᛏᚱᚪᛗᚩᚾᛏᚪᚾᛖ,526
strangulate,25114,0,ᛋᛏᚱᚪᛝᚢᛚᚪᛏᛖ,598
incubatory,25109,0,ᛁᚾᚳᚢᛒᚪᛏᚩᚱᚣ,414
ceramicist,25089,0,ᚳᛖᚱᚪᛗᛁᚳᛁᛋᛏ,446
antecessor,25080,0,ᚪᚾᛏᛖᚳᛖᛋᛋᚩᚱ,456
noncaloric,25071,0,ᚾᚩᚾᚳᚪᛚᚩᚱᛁᚳ,310
atrabilious,25062,0,ᚪᛏᚱᚪᛒᛁᛚᛡᚢᛋ,592
cardiograms,25029,0,ᚳᚪᚱᛞᛡᚷᚱᚪᛗᛋ,566
capacitate,25006,0,ᚳᚪᛈᚪᚳᛁᛏᚪᛏᛖ,576
fantasists,24994,0,ᚠᚪᚾᛏᚪᛋᛁᛋᛏᛋ,533
lamaseries,24981,0,ᛚᚪᛗᚪᛋᛖᚱᛁᛖᛋ,620
heteroecious,24979,0,ᚻᛖᛏᛖᚱᛟᚳᛡᚢᛋ,486
cheekpiece,24961,0,ᚳᚻᛖᛖᚳᛈᛁᛖᚳᛖ,404
wholesomer,24960,0,ᚹᚻᚩᛚᛖᛋᚩᛗᛖᚱ,398
railleries,24945,0,ᚱᚪᛁᛚᛚᛖᚱᛁᛖᛋ,514
flavourful,24923,0,ᚠᛚᚪᚢᚩᚢᚱᚠᚢᛚ,274
europeanizing,24911,0,ᛖᚢᚱᚩᛈᛠᚾᛁᛋᛝ,432
genuflexion,24891,0,ᚷᛖᚾᚢᚠᛚᛖᛉᛡᚾ,441
bawdyhouse,24887,0,ᛒᚪᚹᛞᚣᚻᚩᚢᛋᛖ,522
sugarberry,24884,0,ᛋᚢᚷᚪᚱᛒᛖᚱᚱᚣ,434
quintillion,24774,0,ᚳᚹᛁᚾᛏᛁᛚᛚᛡᚾ,464
saltarello,24772,0,ᛋᚪᛚᛏᚪᚱᛖᛚᛚᚩ,610
interlinks,24765,0,ᛁᚾᛏᛖᚱᛚᛁᚾᚳᛋ,396
pleximeter,24762,0,ᛈᛚᛖᛉᛁᛗᛖᛏᛖᚱ,536
secularising,24760,0,ᛋᛖᚳᚢᛚᚪᚱᛁᛋᛝ,480
offscourings,24749,0,ᚩᚠᚠᛋᚳᚩᚢᚱᛝᛋ,230
deobstruent,24702,0,ᛞᛇᛒᛋᛏᚱᚢᛖᚾᛏ,472
combustive,24681,0,ᚳᚩᛗᛒᚢᛋᛏᛁᚢᛖ,368
tyrocidine,24674,0,ᛏᚣᚱᚩᚳᛁᛞᛁᚾᛖ,440
unjustness,24673,0,ᚢᚾᛂᚢᛋᛏᚾᛖᛋᛋ,386
ameloblast,24666,0,ᚪᛗᛖᛚᚩᛒᛚᚪᛋᛏ,658
transeptal,24646,0,ᛏᚱᚪᚾᛋᛖᛈᛏᚪᛚ,588
dissolvers,24637,0,ᛞᛁᛋᛋᚩᛚᚢᛖᚱᛋ,440
myoglobins,24622,0,ᛗᚣᚩᚷᛚᚩᛒᛁᚾᛋ,452
snowslides,24621,0,ᛋᚾᚩᚹᛋᛚᛁᛞᛖᛋ,474
sundresses,24620,0,ᛋᚢᚾᛞᚱᛖᛋᛋᛖᛋ,478
fluoridate,24620,0,ᚠᛚᚢᚩᚱᛁᛞᚪᛏᛖ,439
terreplein,24599,0,ᛏᛖᚱᚱᛖᛈᛚᛖᛁᚾ,458
patchworks,24597,0,ᛈᚪᛏᚳᚻᚹᚩᚱᚳᛋ,338
homophobes,24584,0,ᚻᚩᛗᚩᛈᚻᚩᛒᛖᛋ,362
steakhouses,24544,0,ᛋᛏᛠᚳᚻᚩᚢᛋᛖᛋ,440
garishness,24543,0,ᚷᚪᚱᛁᛋᚻᚾᛖᛋᛋ,434
trifurcate,24508,0,ᛏᚱᛁᚠᚢᚱᚳᚪᛏᛖ,353
metacenter,24501,0,ᛗᛖᛏᚪᚳᛖᚾᛏᛖᚱ,540
unconsoled,24498,0,ᚢᚾᚳᚩᚾᛋᚩᛚᛖᛞ,370
ungallantly,24466,0,ᚢᛝᚪᛚᛚᚪᚾᛏᛚᚣ,686
lordliness,24466,0,ᛚᚩᚱᛞᛚᛁᚾᛖᛋᛋ,486
capricorns,24460,0,ᚳᚪᛈᚱᛁᚳᚩᚱᚾᛋ,308
kerbstones,24456,0,ᚳᛖᚱᛒᛋᛏᚩᚾᛖᛋ,420
defrayment,24435,0,ᛞᛖᚠᚱᚪᚣᛗᛖᚾᛏ,595
damoiselle,24432,0,ᛞᚪᛗᚩᛁᛋᛖᛚᛚᛖ,628
manifoldly,24428,0,ᛗᚪᚾᛁᚠᚩᛚᛞᛚᚣ,575
amphisbaena,24404,0,ᚪᛗᛈᚻᛁᛋᛒᚫᚾᚪ,606
fireguards,24399,0,ᚠᛁᚱᛖᚷᚢᚪᚱᛞᛋ,381
piccaninny,24382,0,ᛈᛁᚳᚳᚪᚾᛁᚾᚾᚣ,418
whisperingly,24344,0,ᚹᚻᛁᛋᛈᛖᚱᛝᛚᚣ,502
imprecated,24306,0,ᛁᛗᛈᚱᛖᚳᚪᛏᛖᛞ,548
entrancingly,24296,0,ᛖᚾᛏᚱᚪᚾᚳᛝᛚᚣ,560
embossment,24288,0,ᛖᛗᛒᚩᛋᛋᛗᛖᚾᛏ,538
spiderlike,24269,0,ᛋᛈᛁᛞᛖᚱᛚᛁᚳᛖ,478
amerciament,24267,0,ᚪᛗᛖᚱᚳᛡᛗᛖᚾᛏ,592
teleologies,24266,0,ᛏᛖᛚᛇᛚᚩᚷᛁᛖᛋ,488
triphammer,24243,0,ᛏᚱᛁᛈᚻᚪᛗᛗᛖᚱ,484
bandstands,24231,0,ᛒᚪᚾᛞᛋᛏᚪᚾᛞᛋ,656
rapaciously,24213,0,ᚱᚪᛈᚪᚳᛡᚢᛋᛚᚣ,600
chrysopsis,24194,0,ᚳᚻᚱᚣᛋᚩᛈᛋᛁᛋ,390
fluffiness,24175,0,ᚠᛚᚢᚠᚠᛁᚾᛖᛋᛋ,315
kinaesthesis,24165,0,ᚳᛁᚾᚫᛋᚦᛖᛋᛁᛋ,436
mesomorphs,24156,0,ᛗᛖᛋᚩᛗᚩᚱᛈᚻᛋ,406
hectically,24143,0,ᚻᛖᚳᛏᛁᚳᚪᛚᛚᚣ,552
housecoats,24136,0,ᚻᚩᚢᛋᛖᚳᚩᚪᛏᛋ,382
predestine,24135,0,ᛈᚱᛖᛞᛖᛋᛏᛁᚾᛖ,516
misogynous,24131,0,ᛗᛁᛋᚩᚷᚣᚾᚩᚢᛋ,374
inoculator,24106,0,ᛁᚾᚩᚳᚢᛚᚪᛏᚩᚱ,330
catechisings,24097,0,ᚳᚪᛏᛖᚳᚻᛁᛋᛝᛋ,488
nebulously,24096,0,ᚾᛖᛒᚢᛚᚩᚢᛋᛚᚣ,472
riversides,24079,0,ᚱᛁᚢᛖᚱᛋᛁᛞᛖᛋ,416
crepuscule,24067,0,ᚳᚱᛖᛈᚢᛋᚳᚢᛚᛖ,346
piroplasms,24036,0,ᛈᛁᚱᚩᛈᛚᚪᛋᛗᛋ,482
exomphalos,24016,0,ᛖᛉᚩᛗᛈᚻᚪᛚᚩᛋ,488
fornicated,24012,0,ᚠᚩᚱᚾᛁᚳᚪᛏᛖᛞ,405
satellited,23996,0,ᛋᚪᛏᛖᛚᛚᛁᛏᛖᛞ,668
betrothment,23996,0,ᛒᛖᛏᚱᚩᚦᛗᛖᚾᛏ,436
loadstones,23987,0,ᛚᚩᚪᛞᛋᛏᚩᚾᛖᛋ,534
nongranular,23986,0,ᚾᚩᛝᚱᚪᚾᚢᛚᚪᚱ,436
garnitures,23973,0,ᚷᚪᚱᚾᛁᛏᚢᚱᛖᛋ,378
trochlearis,23970,0,ᛏᚱᚩᚳᚻᛚᛠᚱᛁᛋ,390
euglenoids,23968,0,ᛖᚢᚷᛚᛖᚾᚩᛁᛞᛋ,436
mesohippus,23966,0,ᛗᛖᛋᚩᚻᛁᛈᛈᚢᛋ,394
bluestones,23928,0,ᛒᛚᚢᛖᛋᛏᚩᚾᛖᛋ,472
palingenetic,23926,0,ᛈᚪᛚᛝᛖᚾᛖᛏᛁᚳ,558
hyperoodon,23922,0,ᚻᚣᛈᛖᚱᚩᚩᛞᚩᚾ,386
cheeseparing,23911,0,ᚳᚻᛖᛖᛋᛖᛈᚪᚱᛝ,520
retreatants,23898,0,ᚱᛖᛏᚱᛠᛏᚪᚾᛏᛋ,554
pollinosis,23896,0,ᛈᚩᛚᛚᛁᚾᚩᛋᛁᛋ,400
disheartens,23887,0,ᛞᛁᛋᚻᛠᚱᛏᛖᚾᛋ,524
horseraces,23879,0,ᚻᚩᚱᛋᛖᚱᚪᚳᛖᛋ,402
hadrosaurs,23870,0,ᚻᚪᛞᚱᚩᛋᚪᚢᚱᛋ,444
warrantees,23868,0,ᚹᚪᚱᚱᚪᚾᛏᛖᛖᛋ,510
amphimixis,23853,0,ᚪᛗᛈᚻᛁᛗᛁᛉᛁᛋ,498
unbrokenly,23845,0,ᚢᚾᛒᚱᚩᚳᛖᚾᛚᚣ,396
infusorians,23842,0,ᛁᚾᚠᚢᛋᚩᚱᛡᚾᛋ,325
suffragism,23827,0,ᛋᚢᚠᚠᚱᚪᚷᛁᛋᛗ,340
halberdier,23807,0,ᚻᚪᛚᛒᛖᚱᛞᛁᛖᚱ,530
despotical,23804,0,ᛞᛖᛋᛈᚩᛏᛁᚳᚪᛚ,532
ampersands,23802,0,ᚪᛗᛈᛖᚱᛋᚪᚾᛞᛋ,610
acousticon,23802,0,ᚪᚳᚩᚢᛋᛏᛁᚳᚩᚾ,312
untillable,23791,0,ᚢᚾᛏᛁᛚᛚᚪᛒᛚᛖ,566
athabascans,23778,0,ᚪᚦᚪᛒᚪᛋᚳᚪᚾᛋ,602
micropenis,23767,0,ᛗᛁᚳᚱᚩᛈᛖᚾᛁᛋ,356
abrasively,23762,0,ᚪᛒᚱᚪᛋᛁᚢᛖᛚᚣ,596
carbolated,23757,0,ᚳᚪᚱᛒᚩᛚᚪᛏᛖᛞ,574
flavorsome,23683,0,ᚠᛚᚪᚢᚩᚱᛋᚩᛗᛖ,391
overexpose,23664,0,ᚩᚢᛖᚱᛖᛉᛈᚩᛋᛖ,372
monogamist,23656,0,ᛗᚩᚾᚩᚷᚪᛗᛁᛋᛏ,442
pentangular,23650,0,ᛈᛖᚾᛏᚪᛝᚢᛚᚪᚱ,558
preprandial,23623,0,ᛈᚱᛖᛈᚱᚪᚾᛞᛡᛚ,570
dogcatcher,23614,0,ᛞᚩᚷᚳᚪᛏᚳᚻᛖᚱ,396
inaugurals,23606,0,ᛁᚾᚪᚢᚷᚢᚱᚪᛚᛋ,414
religionism,23572,0,ᚱᛖᛚᛁᚷᛡᚾᛁᛋᛗ,490
vituperate,23544,0,ᚢᛁᛏᚢᛈᛖᚱᚪᛏᛖ,440
untampered,23532,0,ᚢᚾᛏᚪᛗᛈᛖᚱᛖᛞ,536
jessamines,23530,0,ᛂᛖᛋᛋᚪᛗᛁᚾᛖᛋ,558
reprehends,23506,0,ᚱᛖᛈᚱᛖᚻᛖᚾᛞᛋ,460
buffoonish,23487,0,ᛒᚢᚠᚠᚩᚩᚾᛁᛋᚻ,218
yokefellow,23441,0,ᚣᚩᚳᛖᚠᛖᛚᛚᚩᚹ,431
apparitors,23432,0,ᚪᛈᛈᚪᚱᛁᛏᚩᚱᛋ,452
quizmaster,23399,0,ᚳᚹᛁᛋᛗᚪᛋᛏᛖᚱ,474
telpherage,23381,0,ᛏᛖᛚᛈᚻᛖᚱᚪᚷᛖ,524
unpromoted,23360,0,ᚢᚾᛈᚱᚩᛗᚩᛏᛖᛞ,386
hypoplasias,23329,0,ᚻᚣᛈᚩᛈᛚᚪᛋᛡᛋ,602
forgathered,23322,0,ᚠᚩᚱᚷᚪᚦᛖᚱᛖᛞ,373
susceptive,23313,0,ᛋᚢᛋᚳᛖᛈᛏᛁᚢᛖ,392
faithlessly,23307,0,ᚠᚪᛁᚦᛚᛖᛋᛋᛚᚣ,557
hypnotizer,23300,0,ᚻᚣᛈᚾᚩᛏᛁᛋᛖᚱ,426
newsmongers,23271,0,ᚾᛖᚹᛋᛗᚩᛝᛖᚱᛋ,456
eighteenths,23259,0,ᛖᛁᚷᚻᛏᛖᛖᚾᚦᛋ,418
subverters,23252,0,ᛋᚢᛒᚢᛖᚱᛏᛖᚱᛋ,388
malconduct,23243,0,ᛗᚪᛚᚳᚩᚾᛞᚢᚳᛏ,454
socialities,23220,0,ᛋᚩᚳᛡᛚᛁᛏᛁᛖᛋ,494
disendowed,23195,0,ᛞᛁᛋᛖᚾᛞᚩᚹᛖᛞ,540
ornithopter,23192,0,ᚩᚱᚾᛁᚦᚩᛈᛏᛖᚱ,270
empedoclean,23169,0,ᛖᛗᛈᛖᛞᚩᚳᛚᛠᚾ,568
unartistic,23167,0,ᚢᚾᚪᚱᛏᛁᛋᛏᛁᚳ,386
scandalising,23138,0,ᛋᚳᚪᚾᛞᚪᛚᛁᛋᛝ,614
congruities,23119,0,ᚳᚩᛝᚱᚢᛁᛏᛁᛖᛋ,354
gametangium,23116,0,ᚷᚪᛗᛖᛏᚪᛝᛁᚢᛗ,592
chamberpot,23086,0,ᚳᚻᚪᛗᛒᛖᚱᛈᚩᛏ,452
precentors,23081,0,ᛈᚱᛖᚳᛖᚾᛏᚩᚱᛋ,360
endomorphy,23073,0,ᛖᚾᛞᚩᛗᚩᚱᛈᚻᚣ,450
gallicized,23071,0,ᚷᚪᛚᛚᛁᚳᛁᛋᛖᛞ,544
rhodopsins,23060,0,ᚱᚻᚩᛞᚩᛈᛋᛁᚾᛋ,346
timidities,23051,0,ᛏᛁᛗᛁᛞᛁᛏᛁᛖᛋ,522
nonflowering,23044,0,ᚾᚩᚾᚠᛚᚩᚹᛖᚱᛝ,323
unfurrowed,23040,0,ᚢᚾᚠᚢᚱᚱᚩᚹᛖᛞ,241
acoustician,23034,0,ᚪᚳᚩᚢᛋᛏᛁᚳᛡᚾ,412
apocarpous,23029,0,ᚪᛈᚩᚳᚪᚱᛈᚩᚢᛋ,374
blackballing,23022,0,ᛒᛚᚪᚳᚳᛒᚪᛚᛚᛝ,640
pratincole,23020,0,ᛈᚱᚪᛏᛁᚾᚳᚩᛚᛖ,430
deerhounds,23016,0,ᛞᛖᛖᚱᚻᚩᚢᚾᛞᛋ,438
womenfolks,23001,0,ᚹᚩᛗᛖᚾᚠᚩᛚᚳᛋ,341
waterscape,23000,0,ᚹᚪᛏᛖᚱᛋᚳᚪᛈᛖ,526
trackballs,22994,0,ᛏᚱᚪᚳᚳᛒᚪᛚᛚᛋ,550
itineration,22948,0,ᛁᛏᛁᚾᛖᚱᚪᛏᛡᚾ,520
designatum,22945,0,ᛞᛖᛋᛁᚷᚾᚪᛏᚢᛗ,516
foolishest,22904,0,ᚠᚩᚩᛚᛁᛋᚻᛖᛋᛏ,375
crenellate,22868,0,ᚳᚱᛖᚾᛖᛚᛚᚪᛏᛖ,556
monastical,22867,0,ᛗᚩᚾᚪᛋᛏᛁᚳᚪᛚ,530
oxycephaly,22847,0,ᚩᛉᚣᚳᛖᛈᚻᚪᛚᚣ,576
disownment,22842,0,ᛞᛁᛋᚩᚹᚾᛗᛖᚾᛏ,454
balladeers,22815,0,ᛒᚪᛚᛚᚪᛞᛖᛖᚱᛋ,688
needlefish,22809,0,ᚾᛖᛖᛞᛚᛖᚠᛁᛋᚻ,501
speediness,22805,0,ᛋᛈᛖᛖᛞᛁᚾᛖᛋᛋ,552
tacheometer,22770,0,ᛏᚪᚳᚻᛇᛗᛖᛏᛖᚱ,508
preconcert,22755,0,ᛈᚱᛖᚳᚩᚾᚳᛖᚱᛏ,320
blastocoele,22750,0,ᛒᛚᚪᛋᛏᚩᚳᛟᛚᛖ,586
discomposing,22691,0,ᛞᛁᛋᚳᚩᛗᛈᚩᛋᛝ,446
auditories,22682,0,ᚪᚢᛞᛁᛏᚩᚱᛁᛖᛋ,448
natterjack,22678,0,ᚾᚪᛏᛏᛖᚱᛂᚪᚳᚳ,482
sousaphone,22654,0,ᛋᚩᚢᛋᚪᛈᚻᚩᚾᛖ,382
pushchairs,22625,0,ᛈᚢᛋᚻᚳᚻᚪᛁᚱᛋ,350
jargonelle,22604,0,ᛂᚪᚱᚷᚩᚾᛖᛚᛚᛖ,478
psychopomp,22575,0,ᛈᛋᚣᚳᚻᚩᛈᚩᛗᛈ,406
sourceless,22573,0,ᛋᚩᚢᚱᚳᛖᛚᛖᛋᛋ,400
miswritten,22540,0,ᛗᛁᛋᚹᚱᛁᛏᛏᛖᚾ,430
triggerman,22527,0,ᛏᚱᛁᚷᚷᛖᚱᛗᚪᚾ,410
dictyosome,22522,0,ᛞᛁᚳᛏᚣᚩᛋᚩᛗᛖ,500
unanimated,22520,0,ᚢᚾᚪᚾᛁᛗᚪᛏᛖᛞ,572
sympathique,22489,0,ᛋᚣᛗᛈᚪᚦᛁᚳᚹᛖ,502
vermifuges,22482,0,ᚢᛖᚱᛗᛁᚠᚢᚷᛖᛋ,325
matrilinear,22472,0,ᛗᚪᛏᚱᛁᛚᛁᚾᛠᚱ,522
untimbered,22437,0,ᚢᚾᛏᛁᛗᛒᛖᚱᛖᛞ,488
unfavoured,22408,0,ᚢᚾᚠᚪᚢᚩᚢᚱᛖᛞ,311
docudramas,22396,0,ᛞᚩᚳᚢᛞᚱᚪᛗᚪᛋ,530
atmometers,22393,0,ᚪᛏᛗᚩᛗᛖᛏᛖᚱᛋ,562
supergrass,22380,0,ᛋᚢᛈᛖᚱᚷᚱᚪᛋᛋ,408
autochthons,22358,0,ᚪᚢᛏᚩᚳᚻᚦᚩᚾᛋ,296
bloodiness,22340,0,ᛒᛚᚩᚩᛞᛁᚾᛖᛋᛋ,470
firestones,22332,0,ᚠᛁᚱᛖᛋᛏᚩᚾᛖᛋ,379
absorbedly,22332,0,ᚪᛒᛋᚩᚱᛒᛖᛞᛚᚣ,622
collinsonia,22315,0,ᚳᚩᛚᛚᛁᚾᛋᚩᚾᛡ,422
strathspeys,22312,0,ᛋᛏᚱᚪᚦᛋᛈᛖᚣᛋ,544
annunciated,22307,0,ᚪᚾᚾᚢᚾᚳᛡᛏᛖᛞ,522
cismontane,22295,0,ᚳᛁᛋᛗᚩᚾᛏᚪᚾᛖ,456
housefather,22280,0,ᚻᚩᚢᛋᛖᚠᚪᚦᛖᚱ,335
slumberers,22262,0,ᛋᛚᚢᛗᛒᛖᚱᛖᚱᛋ,470
snobberies,22251,0,ᛋᚾᚩᛒᛒᛖᚱᛁᛖᛋ,440
snobbishly,22249,0,ᛋᚾᚩᛒᛒᛁᛋᚻᛚᚣ,494
divulgation,22209,0,ᛞᛁᚢᚢᛚᚷᚪᛏᛡᚾ,508
europeanize,22199,0,ᛖᚢᚱᚩᛈᛠᚾᛁᛋᛖ,420
hammerlock,22196,0,ᚻᚪᛗᛗᛖᚱᛚᚩᚳᚳ,446
fleetingness,22195,0,ᚠᛚᛖᛖᛏᛝᚾᛖᛋᛋ,549
gymnasiarch,22178,0,ᚷᚣᛗᚾᚪᛋᛡᚱᚳᚻ,524
apperceive,22164,0,ᚪᛈᛈᛖᚱᚳᛖᛁᚢᛖ,442
attackable,22143,0,ᚪᛏᛏᚪᚳᚳᚪᛒᛚᛖ,636
celestially,22130,0,ᚳᛖᛚᛖᛋᛏᛡᛚᛚᚣ,688
motherlands,22129,0,ᛗᚩᚦᛖᚱᛚᚪᚾᛞᛋ,502
serigraphy,22100,0,ᛋᛖᚱᛁᚷᚱᚪᛈᚻᚣ,456
hyphenates,22098,0,ᚻᚣᛈᚻᛖᚾᚪᛏᛖᛋ,564
candyfloss,22069,0,ᚳᚪᚾᛞᚣᚠᛚᚩᛋᛋ,519
woodenness,22036,0,ᚹᚩᚩᛞᛖᚾᚾᛖᛋᛋ,420
laurelwood,22034,0,ᛚᚪᚢᚱᛖᛚᚹᚩᚩᛞ,446
obligingness,22031,0,ᚩᛒᛚᛁᚷᛝᚾᛖᛋᛋ,470
camelopard,22031,0,ᚳᚪᛗᛖᛚᚩᛈᚪᚱᛞ,568
mineworker,22017,0,ᛗᛁᚾᛖᚹᚩᚱᚳᛖᚱ,326
constipate,22002,0,ᚳᚩᚾᛋᛏᛁᛈᚪᛏᛖ,458
buttonless,21971,0,ᛒᚢᛏᛏᚩᚾᛚᛖᛋᛋ,464
eiderdowns,21963,0,ᛖᛁᛞᛖᚱᛞᚩᚹᚾᛋ,462
articulacy,21945,0,ᚪᚱᛏᛁᚳᚢᛚᚪᚳᚣ,500
stitchwort,21944,0,ᛋᛏᛁᛏᚳᚻᚹᚩᚱᛏ,334
ceratopsian,21928,0,ᚳᛖᚱᚪᛏᚩᛈᛋᛡᚾ,486
rutherfords,21883,0,ᚱᚢᚦᛖᚱᚠᚩᚱᛞᛋ,259
macrospore,21874,0,ᛗᚪᚳᚱᚩᛋᛈᚩᚱᛖ,380
philopater,21845,0,ᛈᚻᛁᛚᚩᛈᚪᛏᛖᚱ,454
viscountcy,21824,0,ᚢᛁᛋᚳᚩᚢᚾᛏᚳᚣ,314
sheepshearing,21823,0,ᛋᚻᛖᛖᛈᛋᚻᛠᚱᛝ,528
lodestones,21793,0,ᛚᚩᛞᛖᛋᛏᚩᚾᛖᛋ,504
inosculate,21777,0,ᛁᚾᚩᛋᚳᚢᛚᚪᛏᛖ,432
motorcades,21756,0,ᛗᚩᛏᚩᚱᚳᚪᛞᛖᛋ,474
incuriously,21747,0,ᛁᚾᚳᚢᚱᛡᚢᛋᛚᚣ,426
oversimple,21727,0,ᚩᚢᛖᚱᛋᛁᛗᛈᛚᛖ,426
petrissage,21716,0,ᛈᛖᛏᚱᛁᛋᛋᚪᚷᛖ,498
stomachers,21713,0,ᛋᛏᚩᛗᚪᚳᚻᛖᚱᛋ,454
terebinthus,21711,0,ᛏᛖᚱᛖᛒᛁᚾᚦᚢᛋ,386
swordtails,21698,0,ᛋᚹᚩᚱᛞᛏᚪᛁᛚᛋ,492
beneficiate,21664,0,ᛒᛖᚾᛖᚠᛁᚳᛡᛏᛖ,503
pyrography,21656,0,ᛈᚣᚱᚩᚷᚱᚪᛈᚻᚣ,458
trebuchets,21651,0,ᛏᚱᛖᛒᚢᚳᚻᛖᛏᛋ,416
misdirects,21641,0,ᛗᛁᛋᛞᛁᚱᛖᚳᛏᛋ,478
stablemate,21640,0,ᛋᛏᚪᛒᛚᛖᛗᚪᛏᛖ,704
archangelic,21625,0,ᚪᚱᚳᚻᚪᛝᛖᛚᛁᚳ,504
parlormaid,21623,0,ᛈᚪᚱᛚᚩᚱᛗᚪᛁᛞ,530
consumedly,21616,0,ᚳᚩᚾᛋᚢᛗᛖᛞᛚᚣ,508
reelections,21610,0,ᚱᛖᛖᛚᛖᚳᛏᛡᚾᛋ,546
scaphopods,21563,0,ᛋᚳᚪᛈᚻᚩᛈᚩᛞᛋ,428
ballistite,21559,0,ᛒᚪᛚᛚᛁᛋᛏᛁᛏᛖ,604
disingenuity,21535,0,ᛞᛁᛋᛝᛖᚾᚢᛁᛏᚣ,544
rhymesters,21483,0,ᚱᚻᚣᛗᛖᛋᛏᛖᚱᛋ,518
brigandine,21483,0,ᛒᚱᛁᚷᚪᚾᛞᛁᚾᛖ,462
mistakable,21477,0,ᛗᛁᛋᛏᚪᚳᚪᛒᛚᛖ,622
unassuaged,21463,0,ᚢᚾᚪᛋᛋᚢᚪᚷᛖᛞ,508
dehumidify,21442,0,ᛞᛖᚻᚢᛗᛁᛞᛁᚠᚣ,509
desquamate,21397,0,ᛞᛖᛋᚳᚹᚪᛗᚪᛏᛖ,632
nemertines,21395,0,ᚾᛖᛗᛖᚱᛏᛁᚾᛖᛋ,484
reaffiliation,21375,0,ᚱᛠᚠᚠᛁᛚᛡᛏᛡᚾ,530
demobilise,21369,0,ᛞᛖᛗᚩᛒᛁᛚᛁᛋᛖ,550
asphodelus,21356,0,ᚪᛋᛈᚻᚩᛞᛖᛚᚢᛋ,508
alkalinize,21321,0,ᚪᛚᚳᚪᛚᛁᚾᛁᛋᛖ,564
inhabiters,21314,0,ᛁᚾᚻᚪᛒᛁᛏᛖᚱᛋ,462
equalisers,21293,0,ᛖᚳᚹᚪᛚᛁᛋᛖᚱᛋ,484
unharnessing,21263,0,ᚢᚾᚻᚪᚱᚾᛖᛋᛋᛝ,444
immersible,21261,0,ᛁᛗᛗᛖᚱᛋᛁᛒᛚᛖ,536
creepiness,21249,0,ᚳᚱᛖᛖᛈᛁᚾᛖᛋᛋ,434
cheekiness,21240,0,ᚳᚻᛖᛖᚳᛁᚾᛖᛋᛋ,416
rhizomorph,21218,0,ᚱᚻᛁᛋᚩᛗᚩᚱᛈᚻ,280
stalwartly,21203,0,ᛋᛏᚪᛚᚹᚪᚱᛏᛚᚣ,644
infeudation,21195,0,ᛁᚾᚠᛖᚢᛞᚪᛏᛡᚾ,513
underdress,21155,0,ᚢᚾᛞᛖᚱᛞᚱᛖᛋᛋ,472
dumbfounding,21144,0,ᛞᚢᛗᛒᚠᚩᚢᚾᛞᛝ,433
brochettes,21142,0,ᛒᚱᚩᚳᚻᛖᛏᛏᛖᛋ,420
flashiness,21139,0,ᚠᛚᚪᛋᚻᛁᚾᛖᛋᛋ,481
moldboards,21137,0,ᛗᚩᛚᛞᛒᚩᚪᚱᛞᛋ,558
personator,21128,0,ᛈᛖᚱᛋᚩᚾᚪᛏᚩᚱ,384
hibernator,21106,0,ᚻᛁᛒᛖᚱᚾᚪᛏᚩᚱ,396
rushlights,21097,0,ᚱᚢᛋᚻᛚᛁᚷᚻᛏᛋ,346
endovenous,21084,0,ᛖᚾᛞᚩᚢᛖᚾᚩᚢᛋ,354
obsessives,21079,0,ᚩᛒᛋᛖᛋᛋᛁᚢᛖᛋ,448
rubberneck,21066,0,ᚱᚢᛒᛒᛖᚱᚾᛖᚳᚳ,336
bastnasite,21060,0,ᛒᚪᛋᛏᚾᚪᛋᛁᛏᛖ,606
periodontic,21057,0,ᛈᛖᚱᛡᛞᚩᚾᛏᛁᚳ,456
discutient,21050,0,ᛞᛁᛋᚳᚢᛏᛁᛖᚾᛏ,434
goldbeaters,21033,0,ᚷᚩᛚᛞᛒᛠᛏᛖᚱᛋ,546
tensionless,21032,0,ᛏᛖᚾᛋᛡᚾᛚᛖᛋᛋ,590
piccalilli,21015,0,ᛈᛁᚳᚳᚪᛚᛁᛚᛚᛁ,478
antonymous,20944,0,ᚪᚾᛏᚩᚾᚣᛗᚩᚢᛋ,458
temperedly,20933,0,ᛏᛖᛗᛈᛖᚱᛖᛞᛚᚣ,650
chondrilla,20875,0,ᚳᚻᚩᚾᛞᚱᛁᛚᛚᚪ,446
learnedness,20862,0,ᛚᛠᚱᚾᛖᛞᚾᛖᛋᛋ,580
smelteries,20861,0,ᛋᛗᛖᛚᛏᛖᚱᛁᛖᛋ,552
disincline,20839,0,ᛞᛁᛋᛁᚾᚳᛚᛁᚾᛖ,446
rabblement,20824,0,ᚱᚪᛒᛒᛚᛖᛗᛖᚾᛏ,596
sermonette,20821,0,ᛋᛖᚱᛗᚩᚾᛖᛏᛏᛖ,490
ectomorphy,20813,0,ᛖᚳᛏᚩᛗᚩᚱᛈᚻᚣ,404
mangosteens,20812,0,ᛗᚪᛝᚩᛋᛏᛖᛖᚾᛋ,582
quinquennia,20811,0,ᚳᚹᛁᚾᚳᚹᛖᚾᚾᛡ,356
heliographs,20801,0,ᚻᛖᛚᛡᚷᚱᚪᛈᚻᛋ,514
acidophile,20799,0,ᚪᚳᛁᛞᚩᛈᚻᛁᛚᛖ,474
besprinkle,20791,0,ᛒᛖᛋᛈᚱᛁᚾᚳᛚᛖ,448
complection,20790,0,ᚳᚩᛗᛈᛚᛖᚳᛏᛡᚾ,482
undoubtingly,20774,0,ᚢᚾᛞᚩᚢᛒᛏᛝᛚᚣ,506
hectometer,20768,0,ᚻᛖᚳᛏᚩᛗᛖᛏᛖᚱ,444
euphoniums,20763,0,ᛖᚢᛈᚻᚩᚾᛁᚢᛗᛋ,330
pregnantly,20761,0,ᛈᚱᛖᚷᚾᚪᚾᛏᛚᚣ,528
stokeholds,20741,0,ᛋᛏᚩᚳᛖᚻᚩᛚᛞᛋ,444
repackages,20741,0,ᚱᛖᛈᚪᚳᚳᚪᚷᛖᛋ,478
stodginess,20702,0,ᛋᛏᚩᛞᚷᛁᚾᛖᛋᛋ,458
patrilinear,20690,0,ᛈᚪᛏᚱᛁᛚᛁᚾᛠᚱ,494
teachership,20641,0,ᛏᛠᚳᚻᛖᚱᛋᚻᛁᛈ,432
nautically,20636,0,ᚾᚪᚢᛏᛁᚳᚪᛚᛚᚣ,578
pipsissewa,20598,0,ᛈᛁᛈᛋᛁᛋᛋᛖᚹᚪ,490
osteoclasis,20580,0,ᚩᛋᛏᛇᚳᛚᚪᛋᛁᛋ,480
barkeepers,20579,0,ᛒᚪᚱᚳᛖᛖᛈᛖᚱᛋ,490
brightwork,20566,0,ᛒᚱᛁᚷᚻᛏᚹᚩᚱᚳ,252
barebacked,20566,0,ᛒᚪᚱᛖᛒᚪᚳᚳᛖᛞ,576
distrainer,20565,0,ᛞᛁᛋᛏᚱᚪᛁᚾᛖᚱ,478
phonophobia,20561,0,ᛈᚻᚩᚾᚩᛈᚻᚩᛒᛡ,350
charabancs,20560,0,ᚳᚻᚪᚱᚪᛒᚪᚾᚳᛋ,494
dinnerless,20545,0,ᛞᛁᚾᚾᛖᚱᛚᛖᛋᛋ,502
bombsights,20543,0,ᛒᚩᛗᛒᛋᛁᚷᚻᛏᛋ,436
mutilators,20533,0,ᛗᚢᛏᛁᛚᚪᛏᚩᚱᛋ,464
redressive,20527,0,ᚱᛖᛞᚱᛖᛋᛋᛁᚢᛖ,452
iridosmine,20523,0,ᛁᚱᛁᛞᚩᛋᛗᛁᚾᛖ,420
panoptical,20510,0,ᛈᚪᚾᚩᛈᛏᛁᚳᚪᛚ,492
unknightly,20497,0,ᚢᚾᚳᚾᛁᚷᚻᛏᛚᚣ,380
concretise,20481,0,ᚳᚩᚾᚳᚱᛖᛏᛁᛋᛖ,350
testifiers,20480,0,ᛏᛖᛋᛏᛁᚠᛁᛖᚱᛋ,433
unpossible,20468,0,ᚢᚾᛈᚩᛋᛋᛁᛒᛚᛖ,420
tropicbird,20461,0,ᛏᚱᚩᛈᛁᚳᛒᛁᚱᛞ,356
eucharists,20456,0,ᛖᚢᚳᚻᚪᚱᛁᛋᛏᛋ,410
becquerels,20454,0,ᛒᛖᚳᚳᚹᛖᚱᛖᛚᛋ,444
spyglasses,20445,0,ᛋᛈᚣᚷᛚᚪᛋᛋᛖᛋ,612
cybercafes,20433,0,ᚳᚣᛒᛖᚱᚳᚪᚠᛖᛋ,487
flyswatter,20406,0,ᚠᛚᚣᛋᚹᚪᛏᛏᛖᚱ,543
oubliettes,20380,0,ᚩᚢᛒᛚᛁᛖᛏᛏᛖᛋ,480
unseizable,20371,0,ᚢᚾᛋᛖᛁᛋᚪᛒᛚᛖ,534
spelunkers,20362,0,ᛋᛈᛖᛚᚢᚾᚳᛖᚱᛋ,412
gaucheries,20356,0,ᚷᚪᚢᚳᚻᛖᚱᛁᛖᛋ,382
pistillode,20350,0,ᛈᛁᛋᛏᛁᛚᛚᚩᛞᛖ,526
derogative,20348,0,ᛞᛖᚱᚩᚷᚪᛏᛁᚢᛖ,448
androgynes,20344,0,ᚪᚾᛞᚱᚩᚷᚣᚾᛖᛋ,502
unagitated,20307,0,ᚢᚾᚪᚷᛁᛏᚪᛏᛖᛞ,548
stealthiness,20304,0,ᛋᛏᛠᛚᚦᛁᚾᛖᛋᛋ,532
gentianella,20290,0,ᚷᛖᚾᛏᛡᚾᛖᛚᛚᚪ,618
sexagenary,20278,0,ᛋᛖᛉᚪᚷᛖᚾᚪᚱᚣ,588
cousinhood,20276,0,ᚳᚩᚢᛋᛁᚾᚻᚩᚩᛞ,262
heterology,20273,0,ᚻᛖᛏᛖᚱᚩᛚᚩᚷᚣ,434
jubilations,20266,0,ᛂᚢᛒᛁᛚᚪᛏᛡᚾᛋ,550
checkmates,20257,0,ᚳᚻᛖᚳᚳᛗᚪᛏᛖᛋ,476
plaistered,20245,0,ᛈᛚᚪᛁᛋᛏᛖᚱᛖᛞ,590
practicians,20243,0,ᛈᚱᚪᚳᛏᛁᚳᛡᚾᛋ,456
screwballs,20235,0,ᛋᚳᚱᛖᚹᛒᚪᛚᛚᛋ,520
frostiness,20231,0,ᚠᚱᚩᛋᛏᛁᚾᛖᛋᛋ,365
euroclydon,20226,0,ᛖᚢᚱᚩᚳᛚᚣᛞᚩᚾ,402
vorticists,20216,0,ᚢᚩᚱᛏᛁᚳᛁᛋᛏᛋ,320
perverters,20211,0,ᛈᛖᚱᚢᛖᚱᛏᛖᚱᛋ,392
delusively,20193,0,ᛞᛖᛚᚢᛋᛁᚢᛖᛚᚣ,562
unfatigued,20185,0,ᚢᚾᚠᚪᛏᛁᚷᚢᛖᛞ,397
endosmotic,20184,0,ᛖᚾᛞᚩᛋᛗᚩᛏᛁᚳ,426
embarkment,20170,0,ᛖᛗᛒᚪᚱᚳᛗᛖᚾᛏ,546
autoerotism,20168,0,ᚪᚢᛏᛟᚱᚩᛏᛁᛋᛗ,474
magnesites,20146,0,ᛗᚪᚷᚾᛖᛋᛁᛏᛖᛋ,544
plasticize,20109,0,ᛈᛚᚪᛋᛏᛁᚳᛁᛋᛖ,520
procyonidae,20082,0,ᛈᚱᚩᚳᚣᚩᚾᛁᛞᚫ,434
glaswegians,20075,0,ᚷᛚᚪᛋᚹᛖᚷᛡᚾᛋ,532
jacarandas,20061,0,ᛂᚪᚳᚪᚱᚪᚾᛞᚪᛋ,620
denudations,20024,0,ᛞᛖᚾᚢᛞᚪᛏᛡᚾᛋ,622
deviationism,19993,0,ᛞᛖᚢᛡᛏᛡᚾᛁᛋᛗ,616
rigamarole,19983,0,ᚱᛁᚷᚪᛗᚪᚱᚩᛚᛖ,482
susurration,19968,0,ᛋᚢᛋᚢᚱᚱᚪᛏᛡᚾ,426
hemiplegias,19961,0,ᚻᛖᛗᛁᛈᛚᛖᚷᛡᛋ,552
uninterest,19958,0,ᚢᚾᛁᚾᛏᛖᚱᛖᛋᛏ,408
karyolysis,19957,0,ᚳᚪᚱᚣᚩᛚᚣᛋᛁᛋ,544
inculpation,19924,0,ᛁᚾᚳᚢᛚᛈᚪᛏᛡᚾ,484
jackscrews,19906,0,ᛂᚪᚳᚳᛋᚳᚱᛖᚹᛋ,376
inimically,19874,0,ᛁᚾᛁᛗᛁᚳᚪᛚᛚᚣ,552
waterweeds,19867,0,ᚹᚪᛏᛖᚱᚹᛖᛖᛞᛋ,548
parroquets,19864,0,ᛈᚪᚱᚱᚩᚳᚹᛖᛏᛋ,380
handiworks,19864,0,ᚻᚪᚾᛞᛁᚹᚩᚱᚳᛋ,372
animallike,19849,0,ᚪᚾᛁᛗᚪᛚᛚᛁᚳᛖ,582
excogitate,19811,0,ᛖᛉᚳᚩᚷᛁᛏᚪᛏᛖ,464
glassiness,19799,0,ᚷᛚᚪᛋᛋᛁᚾᛖᛋᛋ,526
cockscombs,19743,0,ᚳᚩᚳᚳᛋᚳᚩᛗᛒᛋ,304
suspensors,19737,0,ᛋᚢᛋᛈᛖᚾᛋᚩᚱᛋ,372
sepulchred,19736,0,ᛋᛖᛈᚢᛚᚳᚻᚱᛖᛞ,442
arbitrages,19733,0,ᚪᚱᛒᛁᛏᚱᚪᚷᛖᛋ,504
muscadines,19717,0,ᛗᚢᛋᚳᚪᛞᛁᚾᛖᛋ,506
brassavola,19705,0,ᛒᚱᚪᛋᛋᚪᚢᚩᛚᚪ,552
symphonious,19703,0,ᛋᚣᛗᛈᚻᚩᚾᛡᚢᛋ,492
costumiers,19659,0,ᚳᚩᛋᛏᚢᛗᛁᛖᚱᛋ,368
deficience,19636,0,ᛞᛖᚠᛁᚳᛁᛖᚾᚳᛖ,409
anchoritic,19635,0,ᚪᚾᚳᚻᚩᚱᛁᛏᛁᚳ,314
dissuasions,19633,0,ᛞᛁᛋᛋᚢᚪᛋᛡᚾᛋ,568
obstructor,19627,0,ᚩᛒᛋᛏᚱᚢᚳᛏᚩᚱ,284
glochidium,19593,0,ᚷᛚᚩᚳᚻᛁᛞᛁᚢᛗ,358
sepultures,19592,0,ᛋᛖᛈᚢᛚᛏᚢᚱᛖᛋ,432
protophyta,19577,0,ᛈᚱᚩᛏᚩᛈᚻᚣᛏᚪ,452
cajoleries,19571,0,ᚳᚪᛂᚩᛚᛖᚱᛁᛖᛋ,456
imperatrix,19556,0,ᛁᛗᛈᛖᚱᚪᛏᚱᛁᛉ,468
catoptrics,19536,0,ᚳᚪᛏᚩᛈᛏᚱᛁᚳᛋ,386
sandalphon,19523,0,ᛋᚪᚾᛞᚪᛚᛈᚻᚩᚾ,540
swaybacked,19494,0,ᛋᚹᚪᚣᛒᚪᚳᚳᛖᛞ,612
eradicable,19488,0,ᛖᚱᚪᛞᛁᚳᚪᛒᛚᛖ,606
brusquerie,19471,0,ᛒᚱᚢᛋᚳᚹᛖᚱᛁᛖ,336
clapboarding,19439,0,ᚳᛚᚪᛈᛒᚩᚪᚱᛞᛝ,570
periegesis,19425,0,ᛈᛖᚱᛁᛖᚷᛖᛋᛁᛋ,440
necessarian,19401,0,ᚾᛖᚳᛖᛋᛋᚪᚱᛡᚾ,526
homologize,19399,0,ᚻᚩᛗᚩᛚᚩᚷᛁᛋᛖ,356
ungarnished,19397,0,ᚢᛝᚪᚱᚾᛁᛋᚻᛖᛞ,482
unparallel,19369,0,ᚢᚾᛈᚪᚱᚪᛚᛚᛖᛚ,566
subtilized,19355,0,ᛋᚢᛒᛏᛁᛚᛁᛋᛖᛞ,520
manducation,19341,0,ᛗᚪᚾᛞᚢᚳᚪᛏᛡᚾ,594
impishness,19310,0,ᛁᛗᛈᛁᛋᚻᚾᛖᛋᛋ,454
genuflects,19301,0,ᚷᛖᚾᚢᚠᛚᛖᚳᛏᛋ,383
margarites,19299,0,ᛗᚪᚱᚷᚪᚱᛁᛏᛖᛋ,514
panhandles,19271,0,ᛈᚪᚾᚻᚪᚾᛞᛚᛖᛋ,600
sinologues,19270,0,ᛋᛁᚾᚩᛚᚩᚷᚢᛖᛋ,340
highchairs,19269,0,ᚻᛁᚷᚻᚳᚻᚪᛁᚱᛋ,322
generalled,19250,0,ᚷᛖᚾᛖᚱᚪᛚᛚᛖᛞ,590
lawrencium,19247,0,ᛚᚪᚹᚱᛖᚾᚳᛁᚢᛗ,414
intermixes,19243,0,ᛁᚾᛏᛖᚱᛗᛁᛉᛖᛋ,466
northeasters,19237,0,ᚾᚩᚱᚦᛠᛋᛏᛖᚱᛋ,404
nonfactual,19233,0,ᚾᚩᚾᚠᚪᚳᛏᚢᚪᛚ,409
schooltime,19222,0,ᛋᚳᚻᚩᚩᛚᛏᛁᛗᛖ,404
toilsomely,19221,0,ᛏᚩᛁᛚᛋᚩᛗᛖᛚᚣ,544
pompadours,19220,0,ᛈᚩᛗᛈᚪᛞᚩᚢᚱᛋ,424
townswoman,19212,0,ᛏᚩᚹᚾᛋᚹᚩᛗᚪᚾ,390
undecisive,19208,0,ᚢᚾᛞᛖᚳᛁᛋᛁᚢᛖ,386
wanyamwezi,19203,0,ᚹᚪᚾᚣᚪᛗᚹᛖᛋᛁ,586
composures,19171,0,ᚳᚩᛗᛈᚩᛋᚢᚱᛖᛋ,328
unguessable,19150,0,ᚢᛝᚢᛖᛋᛋᚪᛒᛚᛖ,556
tardigrade,19141,0,ᛏᚪᚱᛞᛁᚷᚱᚪᛞᛖ,568
feudalized,19138,0,ᚠᛖᚢᛞᚪᛚᛁᛋᛖᛞ,571
sextuplets,19118,0,ᛋᛖᛉᛏᚢᛈᛚᛖᛏᛋ,524
ghastliest,19116,0,ᚷᚻᚪᛋᛏᛚᛁᛖᛋᛏ,532
automatize,19115,0,ᚪᚢᛏᚩᛗᚪᛏᛁᛋᛖ,544
bizarrerie,19109,0,ᛒᛁᛋᚪᚱᚱᛖᚱᛁᛖ,440
aircrewman,19095,0,ᚪᛁᚱᚳᚱᛖᚹᛗᚪᚾ,446
nonsecular,19092,0,ᚾᚩᚾᛋᛖᚳᚢᛚᚪᚱ,382
trenchancy,19078,0,ᛏᚱᛖᚾᚳᚻᚪᚾᚳᚣ,444
hellbender,19075,0,ᚻᛖᛚᛚᛒᛖᚾᛞᛖᚱ,560
parrotlike,19071,0,ᛈᚪᚱᚱᚩᛏᛚᛁᚳᛖ,412
ploughboys,19065,0,ᛈᛚᚩᚢᚷᚻᛒᚩᚣᛋ,390
orthopaedist,19052,0,ᚩᚱᚦᚩᛈᚫᛞᛁᛋᛏ,406
unforgeable,19043,0,ᚢᚾᚠᚩᚱᚷᛠᛒᛚᛖ,379
carpetless,19039,0,ᚳᚪᚱᛈᛖᛏᛚᛖᛋᛋ,536
gastrodynia,19033,0,ᚷᚪᛋᛏᚱᚩᛞᚣᚾᛡ,572
apperceiving,19032,0,ᚪᛈᛈᛖᚱᚳᛖᛁᚢᛝ,454
exteriorize,19031,0,ᛖᛉᛏᛖᚱᛡᚱᛁᛋᛖ,520
tracklayer,18994,0,ᛏᚱᚪᚳᚳᛚᚪᚣᛖᚱ,544
curmudgeons,18980,0,ᚳᚢᚱᛗᚢᛞᚷᛇᚾᛋ,330
stymphalian,18960,0,ᛋᛏᚣᛗᛈᚻᚪᛚᛡᚾ,658
magdalenes,18948,0,ᛗᚪᚷᛞᚪᛚᛖᚾᛖᛋ,660
stomachics,18945,0,ᛋᛏᚩᛗᚪᚳᚻᛁᚳᛋ,420
overbright,18940,0,ᚩᚢᛖᚱᛒᚱᛁᚷᚻᛏ,290
footplates,18913,0,ᚠᚩᚩᛏᛈᛚᚪᛏᛖᛋ,467
partitives,18883,0,ᛈᚪᚱᛏᛁᛏᛁᚢᛖᛋ,454
ontologism,18881,0,ᚩᚾᛏᚩᛚᚩᚷᛁᛋᛗ,354
smatterers,18863,0,ᛋᛗᚪᛏᛏᛖᚱᛖᚱᛋ,548
sorrowless,18844,0,ᛋᚩᚱᚱᚩᚹᛚᛖᛋᛋ,354
unhealthiest,18833,0,ᚢᚾᚻᛠᛚᚦᛁᛖᛋᛏ,452
defensibly,18830,0,ᛞᛖᚠᛖᚾᛋᛁᛒᛚᚣ,575
antechapel,18830,0,ᚪᚾᛏᛖᚳᚻᚪᛈᛖᛚ,568
clematises,18823,0,ᚳᛚᛖᛗᚪᛏᛁᛋᛖᛋ,584
uncoffined,18817,0,ᚢᚾᚳᚩᚠᚠᛁᚾᛖᛞ,272
underspend,18805,0,ᚢᚾᛞᛖᚱᛋᛈᛖᚾᛞ,480
candescent,18800,0,ᚳᚪᚾᛞᛖᛋᚳᛖᚾᛏ,516
roysterers,18784,0,ᚱᚩᚣᛋᛏᛖᚱᛖᚱᛋ,442
porpentine,18765,0,ᛈᚩᚱᛈᛖᚾᛏᛁᚾᛖ,386
gendarmery,18763,0,ᚷᛖᚾᛞᚪᚱᛗᛖᚱᚣ,562
disburdening,18748,0,ᛞᛁᛋᛒᚢᚱᛞᛖᚾᛝ,512
delawareans,18748,0,ᛞᛖᛚᚪᚹᚪᚱᛠᚾᛋ,644
pacificist,18743,0,ᛈᚪᚳᛁᚠᛁᚳᛁᛋᛏ,373
merrymakings,18708,0,ᛗᛖᚱᚱᚣᛗᚪᚳᛝᛋ,576
unforgetting,18702,0,ᚢᚾᚠᚩᚱᚷᛖᛏᛏᛝ,333
ectomorphs,18702,0,ᛖᚳᛏᚩᛗᚩᚱᛈᚻᛋ,354
hypocritic,18701,0,ᚻᚣᛈᚩᚳᚱᛁᛏᛁᚳ,334
swaggerers,18683,0,ᛋᚹᚪᚷᚷᛖᚱᛖᚱᛋ,412
largemouths,18680,0,ᛚᚪᚱᚷᛖᛗᚩᚢᚦᛋ,404
deceivable,18638,0,ᛞᛖᚳᛖᛁᚢᚪᛒᛚᛖ,568
stockingless,18623,0,ᛋᛏᚩᚳᚳᛝᛚᛖᛋᛋ,470
subeditors,18622,0,ᛋᚢᛒᛖᛞᛁᛏᚩᚱᛋ,434
macflecknoe,18615,0,ᛗᚪᚳᚠᛚᛖᚳᚳᚾᛟ,461
fluoroform,18576,0,ᚠᛚᚢᚩᚱᚩᚠᚩᚱᛗ,194
saccharase,18562,0,ᛋᚪᚳᚳᚻᚪᚱᚪᛋᛖ,524
hatchbacks,18537,0,ᚻᚪᛏᚳᚻᛒᚪᚳᚳᛋ,452
consociated,18533,0,ᚳᚩᚾᛋᚩᚳᛡᛏᛖᛞ,444
capillaire,18511,0,ᚳᚪᛈᛁᛚᛚᚪᛁᚱᛖ,536
abdications,18504,0,ᚪᛒᛞᛁᚳᚪᛏᛡᚾᛋ,636
pollinates,18501,0,ᛈᚩᛚᛚᛁᚾᚪᛏᛖᛋ,532
fitfulness,18496,0,ᚠᛁᛏᚠᚢᛚᚾᛖᛋᛋ,372
homebodies,18478,0,ᚻᚩᛗᛖᛒᚩᛞᛁᛖᛋ,476
jitterbugs,18442,0,ᛂᛁᛏᛏᛖᚱᛒᚢᚷᛋ,398
mesmerizes,18438,0,ᛗᛖᛋᛗᛖᚱᛁᛋᛖᛋ,544
fantastics,18434,0,ᚠᚪᚾᛏᚪᛋᛏᛁᚳᛋ,493
maidenheads,18427,0,ᛗᚪᛁᛞᛖᚾᚻᛠᛞᛋ,658
countermen,18416,0,ᚳᚩᚢᚾᛏᛖᚱᛗᛖᚾ,356
unworthiest,18409,0,ᚢᚾᚹᚩᚱᚦᛁᛖᛋᛏ,284
triumviral,18409,0,ᛏᚱᛁᚢᛗᚢᛁᚱᚪᛚ,390
jackknives,18404,0,ᛂᚪᚳᚳᚳᚾᛁᚢᛖᛋ,356
chromatism,18399,0,ᚳᚻᚱᚩᛗᚪᛏᛁᛋᛗ,436
ignominies,18393,0,ᛁᚷᚾᚩᛗᛁᚾᛁᛖᛋ,366
stormproof,18387,0,ᛋᛏᚩᚱᛗᛈᚱᚩᚩᚠ,271
huntresses,18376,0,ᚻᚢᚾᛏᚱᛖᛋᛋᛖᛋ,418
jackstraws,18358,0,ᛂᚪᚳᚳᛋᛏᚱᚪᚹᛋ,452
decadently,18357,0,ᛞᛖᚳᚪᛞᛖᚾᛏᛚᚣ,686
affrication,18349,0,ᚪᚠᚠᚱᛁᚳᚪᛏᛡᚾ,448
harvestman,18335,0,ᚻᚪᚱᚢᛖᛋᛏᛗᚪᚾ,510
distensions,18333,0,ᛞᛁᛋᛏᛖᚾᛋᛡᚾᛋ,570
millepedes,18328,0,ᛗᛁᛚᛚᛖᛈᛖᛞᛖᛋ,634
coffeecake,18324,0,ᚳᚩᚠᚠᛖᛖᚳᚪᚳᛖ,348
savageries,18322,0,ᛋᚪᚢᚪᚷᛖᚱᛁᛖᛋ,496
ergotropic,18322,0,ᛖᚱᚷᚩᛏᚱᚩᛈᛁᚳ,266
couchettes,18322,0,ᚳᚩᚢᚳᚻᛖᛏᛏᛖᛋ,364
anaesthetise,18310,0,ᚪᚾᚫᛋᚦᛖᛏᛁᛋᛖ,562
acroscopic,18296,0,ᚪᚳᚱᚩᛋᚳᚩᛈᛁᚳ,288
antivenins,18257,0,ᚪᚾᛏᛁᚢᛖᚾᛁᚾᛋ,428
rumrunners,18248,0,ᚱᚢᛗᚱᚢᚾᚾᛖᚱᛋ,288
collotypes,18239,0,ᚳᚩᛚᛚᚩᛏᚣᛈᛖᛋ,498
celebrator,18239,0,ᚳᛖᛚᛖᛒᚱᚪᛏᚩᚱ,466
mannerless,18236,0,ᛗᚪᚾᚾᛖᚱᛚᛖᛋᛋ,550
amylolysis,18228,0,ᚪᛗᚣᛚᚩᛚᚣᛋᛁᛋ,664
mealymouthed,18220,0,ᛗᛠᛚᚣᛗᚩᚢᚦᛖᛞ,598
starflower,18207,0,ᛋᛏᚪᚱᚠᛚᚩᚹᛖᚱ,399
physostegia,18177,0,ᛈᚻᚣᛋᚩᛋᛏᛖᚷᛡ,532
corybantic,18151,0,ᚳᚩᚱᚣᛒᚪᚾᛏᛁᚳ,424
fictionists,18146,0,ᚠᛁᚳᛏᛡᚾᛁᛋᛏᛋ,437
snowplough,18141,0,ᛋᚾᚩᚹᛈᛚᚩᚢᚷᚻ,274
teleologist,18125,0,ᛏᛖᛚᛇᛚᚩᚷᛁᛋᛏ,480
cornerwise,18124,0,ᚳᚩᚱᚾᛖᚱᚹᛁᛋᛖ,308
simulcasts,18119,0,ᛋᛁᛗᚢᛚᚳᚪᛋᛏᛋ,506
rustically,18119,0,ᚱᚢᛋᛏᛁᚳᚪᛚᛚᚣ,516
yellowbird,18114,0,ᚣᛖᛚᛚᚩᚹᛒᛁᚱᛞ,534
ghoulishly,18113,0,ᚷᚻᚩᚢᛚᛁᛋᚻᛚᚣ,406
heterogene,18085,0,ᚻᛖᛏᛖᚱᚩᚷᛖᚾᛖ,414
moralizers,18084,0,ᛗᚩᚱᚪᛚᛁᛋᛖᚱᛋ,474
peculators,18075,0,ᛈᛖᚳᚢᛚᚪᛏᚩᚱᛋ,426
downshifts,18071,0,ᛞᚩᚹᚾᛋᚻᛁᚠᛏᛋ,365
extemporal,18067,0,ᛖᛉᛏᛖᛗᛈᚩᚱᚪᛚ,542
explorable,18034,0,ᛖᛉᛈᛚᚩᚱᚪᛒᛚᛖ,546
desalinate,18028,0,ᛞᛖᛋᚪᛚᛁᚾᚪᛏᛖ,662
catamounts,18018,0,ᚳᚪᛏᚪᛗᚩᚢᚾᛏᛋ,488
untowardly,18013,0,ᚢᚾᛏᚩᚹᚪᚱᛞᛚᚣ,490
stereophony,18013,0,ᛋᛏᛖᚱᛇᛈᚻᚩᚾᚣ,436
skittishly,18013,0,ᛋᚳᛁᛏᛏᛁᛋᚻᛚᚣ,498
rousseauism,18007,0,ᚱᚩᚢᛋᛋᛠᚢᛁᛋᛗ,394
bearishness,17983,0,ᛒᛠᚱᛁᛋᚻᚾᛖᛋᛋ,490
sanitarily,17982,0,ᛋᚪᚾᛁᛏᚪᚱᛁᛚᚣ,584
schizocarp,17964,0,ᛋᚳᚻᛁᛋᚩᚳᚪᚱᛈ,344
applauders,17955,0,ᚪᛈᛈᛚᚪᚢᛞᛖᚱᛋ,576
buttonhook,17952,0,ᛒᚢᛏᛏᚩᚾᚻᚩᚩᚳ,268
hypercycle,17946,0,ᚻᚣᛈᛖᚱᚳᚣᚳᛚᛖ,516
vastnesses,17908,0,ᚢᚪᛋᛏᚾᛖᛋᛋᛖᛋ,534
horologist,17899,0,ᚻᚩᚱᚩᛚᚩᚷᛁᛋᛏ,288
overmatching,17871,0,ᚩᚢᛖᚱᛗᚪᛏᚳᚻᛝ,430
jaggedness,17842,0,ᛂᚪᚷᚷᛖᛞᚾᛖᛋᛋ,526
flashboard,17824,0,ᚠᛚᚪᛋᚻᛒᚩᚪᚱᛞ,513
ferocities,17808,0,ᚠᛖᚱᚩᚳᛁᛏᛁᛖᛋ,341
enraptures,17803,0,ᛖᚾᚱᚪᛈᛏᚢᚱᛖᛋ,440
microseism,17790,0,ᛗᛁᚳᚱᚩᛋᛖᛁᛋᛗ,408
dispraised,17790,0,ᛞᛁᛋᛈᚱᚪᛁᛋᛖᛞ,564
reconverts,17777,0,ᚱᛖᚳᚩᚾᚢᛖᚱᛏᛋ,320
belvederes,17767,0,ᛒᛖᛚᚢᛖᛞᛖᚱᛖᛋ,558
guardships,17766,0,ᚷᚢᚪᚱᛞᛋᚻᛁᛈᛋ,420
translater,17757,0,ᛏᚱᚪᚾᛋᛚᚪᛏᛖᚱ,556
micrometry,17740,0,ᛗᛁᚳᚱᚩᛗᛖᛏᚱᚣ,444
shortlists,17733,0,ᛋᚻᚩᚱᛏᛚᛁᛋᛏᛋ,422
barnburner,17717,0,ᛒᚪᚱᚾᛒᚢᚱᚾᛖᚱ,380
anasarcous,17716,0,ᚪᚾᚪᛋᚪᚱᚳᚩᚢᛋ,460
margravate,17694,0,ᛗᚪᚱᚷᚱᚪᚢᚪᛏᛖ,530
benignancy,17652,0,ᛒᛖᚾᛁᚷᚾᚪᚾᚳᚣ,476
prisonlike,17650,0,ᛈᚱᛁᛋᚩᚾᛚᛁᚳᛖ,358
aeolotropic,17648,0,ᚫᚩᛚᚩᛏᚱᚩᛈᛁᚳ,352
silentness,17641,0,ᛋᛁᛚᛖᚾᛏᚾᛖᛋᛋ,514
greatnesses,17634,0,ᚷᚱᛠᛏᚾᛖᛋᛋᛖᛋ,518
binaurally,17631,0,ᛒᛁᚾᚪᚢᚱᚪᛚᛚᚣ,578
midsections,17626,0,ᛗᛁᛞᛋᛖᚳᛏᛡᚾᛋ,572
doodlebugs,17602,0,ᛞᚩᚩᛞᛚᛖᛒᚢᚷᛋ,466
outstretch,17597,0,ᚩᚢᛏᛋᛏᚱᛖᛏᚳᚻ,354
victorines,17593,0,ᚢᛁᚳᛏᚩᚱᛁᚾᛖᛋ,304
fibrillate,17575,0,ᚠᛁᛒᚱᛁᛚᛚᚪᛏᛖ,505
heterotaxy,17564,0,ᚻᛖᛏᛖᚱᚩᛏᚪᛉᚣ,540
ascendence,17564,0,ᚪᛋᚳᛖᚾᛞᛖᚾᚳᛖ,524
narcotised,17561,0,ᚾᚪᚱᚳᚩᛏᛁᛋᛖᛞ,456
malignance,17555,0,ᛗᚪᛚᛁᚷᚾᚪᚾᚳᛖ,524
turnabouts,17545,0,ᛏᚢᚱᚾᚪᛒᚩᚢᛏᛋ,382
knockdowns,17545,0,ᚳᚾᚩᚳᚳᛞᚩᚹᚾᛋ,272
johnsoniana,17524,0,ᛂᚩᚻᚾᛋᚩᚾᛡᚾᚪ,418
unreceived,17523,0,ᚢᚾᚱᛖᚳᛖᛁᚢᛖᛞ,380
scenarists,17499,0,ᛋᚳᛖᚾᚪᚱᛁᛋᛏᛋ,466
turbulency,17489,0,ᛏᚢᚱᛒᚢᛚᛖᚾᚳᚣ,422
gunnysacks,17465,0,ᚷᚢᚾᚾᚣᛋᚪᚳᚳᛋ,410
afterguard,17459,0,ᚪᚠᛏᛖᚱᚷᚢᚪᚱᛞ,453
curatively,17454,0,ᚳᚢᚱᚪᛏᛁᚢᛖᛚᚣ,460
epimorphic,17440,0,ᛖᛈᛁᛗᚩᚱᛈᚻᛁᚳ,340
trapeziums,17432,0,ᛏᚱᚪᛈᛖᛋᛁᚢᛗᛋ,488
shirtmaker,17429,0,ᛋᚻᛁᚱᛏᛗᚪᚳᛖᚱ,436
interiorize,17428,0,ᛁᚾᛏᛖᚱᛡᚱᛁᛋᛖ,466
gaillardias,17422,0,ᚷᚪᛁᛚᛚᚪᚱᛞᛡᛋ,648
undersells,17406,0,ᚢᚾᛞᛖᚱᛋᛖᛚᛚᛋ,518
amphibrach,17397,0,ᚪᛗᛈᚻᛁᛒᚱᚪᚳᚻ,470
remittable,17387,0,ᚱᛖᛗᛁᛏᛏᚪᛒᛚᛖ,596
mintmaster,17384,0,ᛗᛁᚾᛏᛗᚪᛋᛏᛖᚱ,548
ochlocracy,17381,0,ᚩᚳᚻᛚᚩᚳᚱᚪᚳᚣ,360
eventuation,17362,0,ᛖᚢᛖᚾᛏᚢᚪᛏᛡᚾ,520
buffleheads,17357,0,ᛒᚢᚠᚠᛚᛖᚻᛠᛞᛋ,482
gratitudes,17348,0,ᚷᚱᚪᛏᛁᛏᚢᛞᛖᛋ,486
windcheater,17333,0,ᚹᛁᚾᛞᚳᚻᛠᛏᛖᚱ,450
quodlibets,17326,0,ᚳᚹᚩᛞᛚᛁᛒᛖᛏᛋ,472
degustation,17312,0,ᛞᛖᚷᚢᛋᛏᚪᛏᛡᚾ,580
literalize,17303,0,ᛚᛁᛏᛖᚱᚪᛚᛁᛋᛖ,562
slumgullion,17302,0,ᛋᛚᚢᛗᚷᚢᛚᛚᛡᚾ,502
unreckoned,17282,0,ᚢᚾᚱᛖᚳᚳᚩᚾᛖᛞ,328
expositive,17281,0,ᛖᛉᛈᚩᛋᛁᛏᛁᚢᛖ,408
bloodguilt,17277,0,ᛒᛚᚩᚩᛞᚷᚢᛁᛚᛏ,420
inventress,17271,0,ᛁᚾᚢᛖᚾᛏᚱᛖᛋᛋ,402
orneriness,17264,0,ᚩᚱᚾᛖᚱᛁᚾᛖᛋᛋ,358
endomorphs,17259,0,ᛖᚾᛞᚩᛗᚩᚱᛈᚻᛋ,400
answerably,17248,0,ᚪᚾᛋᚹᛖᚱᚪᛒᛚᚣ,610
homocercal,17247,0,ᚻᚩᛗᚩᚳᛖᚱᚳᚪᛚ,382
subterrene,17245,0,ᛋᚢᛒᛏᛖᚱᚱᛖᚾᛖ,428
crawfishes,17240,0,ᚳᚱᚪᚹᚠᛁᛋᚻᛖᛋ,369
tirocinium,17236,0,ᛏᛁᚱᚩᚳᛁᚾᛁᚢᛗ,286
threepences,17231,0,ᚦᚱᛖᛖᛈᛖᚾᚳᛖᛋ,422
unharassed,17227,0,ᚢᚾᚻᚪᚱᚪᛋᛋᛖᛞ,522
midianitish,17224,0,ᛗᛁᛞᛡᚾᛁᛏᛁᛋᚻ,524
distincter,17224,0,ᛞᛁᛋᛏᛁᚾᚳᛏᛖᚱ,442
coelenteron,17220,0,ᚳᛟᛚᛖᚾᛏᛖᚱᚩᚾ,438
orbiculate,17215,0,ᚩᚱᛒᛁᚳᚢᛚᚪᛏᛖ,422
chalkiness,17183,0,ᚳᚻᚪᛚᚳᛁᚾᛖᛋᛋ,452
walkabouts,17171,0,ᚹᚪᛚᚳᚪᛒᚩᚢᛏᛋ,482
agrobiology,17139,0,ᚪᚷᚱᚩᛒᛡᛚᚩᚷᚣ,500
reportages,17137,0,ᚱᛖᛈᚩᚱᛏᚪᚷᛖᛋ,432
ambidexter,17119,0,ᚪᛗᛒᛁᛞᛖᛉᛏᛖᚱ,600
avalanched,17104,0,ᚪᚢᚪᛚᚪᚾᚳᚻᛖᛞ,588
shopaholic,17078,0,ᛋᚻᚩᛈᚪᚻᚩᛚᛁᚳ,370
grainfield,17059,0,ᚷᚱᚪᛁᚾᚠᛁᛖᛚᛞ,447
curiousness,17048,0,ᚳᚢᚱᛡᚢᛋᚾᛖᛋᛋ,392
binoxalate,16998,0,ᛒᛁᚾᚩᛉᚪᛚᚪᛏᛖ,568
concretism,16986,0,ᚳᚩᚾᚳᚱᛖᛏᛁᛋᛗ,354
bellwethers,16986,0,ᛒᛖᛚᛚᚹᛖᚦᛖᚱᛋ,496
nefariously,16981,0,ᚾᛖᚠᚪᚱᛡᚢᛋᛚᚣ,545
haemorrhoid,16981,0,ᚻᚫᛗᚩᚱᚱᚻᚩᛁᛞ,374
invaluably,16978,0,ᛁᚾᚢᚪᛚᚢᚪᛒᛚᚣ,570
governante,16978,0,ᚷᚩᚢᛖᚱᚾᚪᚾᛏᛖ,386
uraninites,16977,0,ᚢᚱᚪᚾᛁᚾᛁᛏᛖᛋ,410
infrangible,16977,0,ᛁᚾᚠᚱᚪᛝᛁᛒᛚᛖ,481
grubstreet,16959,0,ᚷᚱᚢᛒᛋᛏᚱᛖᛖᛏ,408
deviltries,16935,0,ᛞᛖᚢᛁᛚᛏᚱᛁᛖᛋ,484
amphibalus,16930,0,ᚪᛗᛈᚻᛁᛒᚪᛚᚢᛋ,552
ornithopods,16893,0,ᚩᚱᚾᛁᚦᚩᛈᚩᛞᛋ,282
swarthiness,16885,0,ᛋᚹᚪᚱᚦᛁᚾᛖᛋᛋ,418
misbelieving,16878,0,ᛗᛁᛋᛒᛖᛚᛁᛖᚢᛝ,536
febrifuges,16878,0,ᚠᛖᛒᚱᛁᚠᚢᚷᛖᛋ,314
craterlike,16869,0,ᚳᚱᚪᛏᛖᚱᛚᛁᚳᛖ,442
pennycress,16865,0,ᛈᛖᚾᚾᚣᚳᚱᛖᛋᛋ,468
centrefold,16846,0,ᚳᛖᚾᛏᚱᛖᚠᚩᛚᛞ,417
theocratical,16807,0,ᚦᛇᚳᚱᚪᛏᛁᚳᚪᛚ,440
unbendable,16806,0,ᚢᚾᛒᛖᚾᛞᚪᛒᛚᛖ,576
monadelphia,16796,0,ᛗᚩᚾᚪᛞᛖᛚᛈᚻᛡ,606
funiculars,16784,0,ᚠᚢᚾᛁᚳᚢᛚᚪᚱᛋ,315
goldfishes,16779,0,ᚷᚩᛚᛞᚠᛁᛋᚻᛖᛋ,415
scallywags,16755,0,ᛋᚳᚪᛚᛚᚣᚹᚪᚷᛋ,598
interessed,16754,0,ᛁᚾᛏᛖᚱᛖᛋᛋᛖᛞ,526
precursive,16748,0,ᛈᚱᛖᚳᚢᚱᛋᛁᚢᛖ,302
dunderheads,16741,0,ᛞᚢᚾᛞᛖᚱᚻᛠᛞᛋ,562
whitherward,16740,0,ᚹᚻᛁᚦᛖᚱᚹᚪᚱᛞ,372
appaloosas,16729,0,ᚪᛈᛈᚪᛚᚩᚩᛋᚪᛋ,570
saintliest,16706,0,ᛋᚪᛁᚾᛏᛚᛁᛖᛋᛏ,552
deflagrate,16695,0,ᛞᛖᚠᛚᚪᚷᚱᚪᛏᛖ,579
consuetude,16677,0,ᚳᚩᚾᛋᚢᛖᛏᚢᛞᛖ,390
platformed,16675,0,ᛈᛚᚪᛏᚠᚩᚱᛗᛖᛞ,519
ruefulness,16653,0,ᚱᚢᛖᚠᚢᛚᚾᛖᛋᛋ,361
basiscopic,16650,0,ᛒᚪᛋᛁᛋᚳᚩᛈᛁᚳ,402
wardresses,16633,0,ᚹᚪᚱᛞᚱᛖᛋᛋᛖᛋ,520
misdoubted,16622,0,ᛗᛁᛋᛞᚩᚢᛒᛏᛖᛞ,530
cumbrously,16621,0,ᚳᚢᛗᛒᚱᚩᚢᛋᛚᚣ,398
interweaved,16616,0,ᛁᚾᛏᛖᚱᚹᛠᚢᛖᛞ,484
astragalar,16601,0,ᚪᛋᛏᚱᚪᚷᚪᛚᚪᚱ,612
pelvimeter,16581,0,ᛈᛖᛚᚢᛁᛗᛖᛏᛖᚱ,492
eptatretus,16574,0,ᛖᛈᛏᚪᛏᚱᛖᛏᚢᛋ,518
untellable,16566,0,ᚢᚾᛏᛖᛚᛚᚪᛒᛚᛖ,602
hydrophyte,16560,0,ᚻᚣᛞᚱᚩᛈᚻᚣᛏᛖ,528
flyweights,16555,0,ᚠᛚᚣᚹᛖᛁᚷᚻᛏᛋ,447
languishingly,16537,0,ᛚᚪᛝᚢᛁᛋᚻᛝᛚᚣ,614
folksiness,16500,0,ᚠᚩᛚᚳᛋᛁᚾᛖᛋᛋ,381
timeserver,16496,0,ᛏᛁᛗᛖᛋᛖᚱᚢᛖᚱ,440
guildhalls,16483,0,ᚷᚢᛁᛚᛞᚻᚪᛚᛚᛋ,532
computably,16481,0,ᚳᚩᛗᛈᚢᛏᚪᛒᛚᚣ,530
backhander,16476,0,ᛒᚪᚳᚳᚻᚪᚾᛞᛖᚱ,500
unoffended,16447,0,ᚢᚾᚩᚠᚠᛖᚾᛞᛖᛞ,384
indocility,16427,0,ᛁᚾᛞᚩᚳᛁᛚᛁᛏᚣ,466
castigator,16421,0,ᚳᚪᛋᛏᛁᚷᚪᛏᚩᚱ,444
sheldrakes,16405,0,ᛋᚻᛖᛚᛞᚱᚪᚳᛖᛋ,546
semasiology,16402,0,ᛋᛖᛗᚪᛋᛡᛚᚩᚷᚣ,648
leitmotivs,16389,0,ᛚᛖᛁᛏᛗᚩᛏᛁᚢᛋ,454
semitropic,16385,0,ᛋᛖᛗᛁᛏᚱᚩᛈᛁᚳ,386
dicynodont,16380,0,ᛞᛁᚳᚣᚾᚩᛞᚩᚾᛏ,456
brotherless,16376,0,ᛒᚱᚩᚦᛖᚱᛚᛖᛋᛋ,408
mitigatory,16367,0,ᛗᛁᛏᛁᚷᚪᛏᚩᚱᚣ,486
dracontium,16361,0,ᛞᚱᚪᚳᚩᚾᛏᛁᚢᛗ,410
turrilites,16324,0,ᛏᚢᚱᚱᛁᛚᛁᛏᛖᛋ,398
unitisation,16312,0,ᚢᚾᛁᛏᛁᛋᚪᛏᛡᚾ,498
collagenic,16304,0,ᚳᚩᛚᛚᚪᚷᛖᚾᛁᚳ,420
fluoridating,16299,0,ᚠᛚᚢᚩᚱᛁᛞᚪᛏᛝ,451
ultrasuede,16297,0,ᚢᛚᛏᚱᚪᛋᚢᛖᛞᛖ,522
admonisher,16287,0,ᚪᛞᛗᚩᚾᛁᛋᚻᛖᚱ,478
glitteringly,16282,0,ᚷᛚᛁᛏᛏᛖᚱᛝᛚᚣ,572
estanciero,16265,0,ᛖᛋᛏᚪᚾᚳᛁᛖᚱᚩ,434
pediatrists,16259,0,ᛈᛖᛞᛡᛏᚱᛁᛋᛏᛋ,572
twinflower,16256,0,ᛏᚹᛁᚾᚠᛚᚩᚹᛖᚱ,317
facsimiled,16255,0,ᚠᚪᚳᛋᛁᛗᛁᛚᛖᛞ,527
parapraxis,16227,0,ᛈᚪᚱᚪᛈᚱᚪᛉᛁᛋ,530
priestlike,16206,0,ᛈᚱᛁᛖᛋᛏᛚᛁᚳᛖ,448
bespattering,16154,0,ᛒᛖᛋᛈᚪᛏᛏᛖᚱᛝ,596
futureless,16133,0,ᚠᚢᛏᚢᚱᛖᛚᛖᛋᛋ,391
convertite,16130,0,ᚳᚩᚾᚢᛖᚱᛏᛁᛏᛖ,346
unentitled,16124,0,ᚢᚾᛖᚾᛏᛁᛏᛚᛖᛞ,506
forwardest,16122,0,ᚠᚩᚱᚹᚪᚱᛞᛖᛋᛏ,415
spoonerism,16097,0,ᛋᛈᚩᚩᚾᛖᚱᛁᛋᛗ,372
chachalaca,16088,0,ᚳᚻᚪᚳᚻᚪᛚᚪᚳᚪ,546
delocalize,16078,0,ᛞᛖᛚᚩᚳᚪᛚᛁᛋᛖ,570
karyoplasm,16067,0,ᚳᚪᚱᚣᚩᛈᛚᚪᛋᛗ,568
idiomatical,16033,0,ᛁᛞᛡᛗᚪᛏᛁᚳᚪᛚ,668
abjurations,15981,0,ᚪᛒᛂᚢᚱᚪᛏᛡᚾᛋ,554
hierocracy,15977,0,ᚻᛁᛖᚱᚩᚳᚱᚪᚳᚣ,376
uncheerful,15922,0,ᚢᚾᚳᚻᛖᛖᚱᚠᚢᛚ,291
gunrunners,15921,0,ᚷᚢᚾᚱᚢᚾᚾᛖᚱᛋ,252
gutturally,15920,0,ᚷᚢᛏᛏᚢᚱᚪᛚᛚᚣ,498
calumniation,15917,0,ᚳᚪᛚᚢᛗᚾᛡᛏᛡᚾ,588
solemnizes,15910,0,ᛋᚩᛚᛖᛗᚾᛁᛋᛖᛋ,504
sermonizer,15906,0,ᛋᛖᚱᛗᚩᚾᛁᛋᛖᚱ,400
victualers,15893,0,ᚢᛁᚳᛏᚢᚪᛚᛖᚱᛋ,410
fortunates,15890,0,ᚠᚩᚱᛏᚢᚾᚪᛏᛖᛋ,387
swinburnian,15879,0,ᛋᚹᛁᚾᛒᚢᚱᚾᛡᚾ,372
covertness,15869,0,ᚳᚩᚢᛖᚱᛏᚾᛖᛋᛋ,362
tablemates,15837,0,ᛏᚪᛒᛚᛖᛗᚪᛏᛖᛋ,704
appetisers,15835,0,ᚪᛈᛈᛖᛏᛁᛋᛖᚱᛋ,524
unlaboured,15834,0,ᚢᚾᛚᚪᛒᚩᚢᚱᛖᛞ,440
liquescent,15831,0,ᛚᛁᚳᚹᛖᛋᚳᛖᚾᛏ,424
sampaguita,15827,0,ᛋᚪᛗᛈᚪᚷᚢᛁᛏᚪ,568
mesmerizer,15816,0,ᛗᛖᛋᛗᛖᚱᛁᛋᛖᚱ,502
overbearingly,15814,0,ᚩᚢᛖᚱᛒᛠᚱᛝᛚᚣ,524
crystallic,15812,0,ᚳᚱᚣᛋᛏᚪᛚᛚᛁᚳ,526
gnathostome,15804,0,ᚷᚾᚪᚦᚩᛋᛏᚩᛗᛖ,412
sidestroke,15801,0,ᛋᛁᛞᛖᛋᛏᚱᚩᚳᛖ,450
journeyers,15765,0,ᛂᚩᚢᚱᚾᛖᚣᛖᚱᛋ,388
dehumanise,15763,0,ᛞᛖᚻᚢᛗᚪᚾᛁᛋᛖ,530
stavesacre,15739,0,ᛋᛏᚪᚢᛖᛋᚪᚳᚱᛖ,520
encroacher,15715,0,ᛖᚾᚳᚱᚩᚪᚳᚻᛖᚱ,338
schipperke,15709,0,ᛋᚳᚻᛁᛈᛈᛖᚱᚳᛖ,364
portliness,15684,0,ᛈᚩᚱᛏᛚᛁᚾᛖᛋᛋ,426
demolisher,15683,0,ᛞᛖᛗᚩᛚᛁᛋᚻᛖᚱ,492
balsamroot,15671,0,ᛒᚪᛚᛋᚪᛗᚱᚩᚩᛏ,536
habilitate,15657,0,ᚻᚪᛒᛁᛚᛁᛏᚪᛏᛖ,598
forebodingly,15657,0,ᚠᚩᚱᛖᛒᚩᛞᛝᛚᚣ,499
segregator,15655,0,ᛋᛖᚷᚱᛖᚷᚪᛏᚩᚱ,406
vestigially,15648,0,ᚢᛖᛋᛏᛁᚷᛡᛚᛚᚣ,586
foreteller,15647,0,ᚠᚩᚱᛖᛏᛖᛚᛚᛖᚱ,437
imaginably,15644,0,ᛁᛗᚪᚷᛁᚾᚪᛒᛚᚣ,610
foregathering,15639,0,ᚠᚩᚱᛖᚷᚪᚦᛖᚱᛝ,363
shutterbug,15636,0,ᛋᚻᚢᛏᛏᛖᚱᛒᚢᚷ,356
innersoles,15633,0,ᛁᚾᚾᛖᚱᛋᚩᛚᛖᛋ,420
micropyles,15620,0,ᛗᛁᚳᚱᚩᛈᚣᛚᛖᛋ,472
preterition,15614,0,ᛈᚱᛖᛏᛖᚱᛁᛏᛡᚾ,484
spillikins,15604,0,ᛋᛈᛁᛚᛚᛁᚳᛁᚾᛋ,430
unprolific,15602,0,ᚢᚾᛈᚱᚩᛚᛁᚠᛁᚳ,243
cookhouses,15601,0,ᚳᚩᚩᚳᚻᚩᚢᛋᛖᛋ,246
distempering,15600,0,ᛞᛁᛋᛏᛖᛗᛈᛖᚱᛝ,570
disyllable,15565,0,ᛞᛁᛋᚣᛚᛚᚪᛒᛚᛖ,720
albinistic,15565,0,ᚪᛚᛒᛁᚾᛁᛋᛏᛁᚳ,478
newssheets,15529,0,ᚾᛖᚹᛋᛋᚻᛖᛖᛏᛋ,490
ambushment,15523,0,ᚪᛗᛒᚢᛋᚻᛗᛖᚾᛏ,534
unadaptive,15516,0,ᚢᚾᚪᛞᚪᛈᛏᛁᚢᛖ,518
salaciously,15513,0,ᛋᚪᛚᚪᚳᛡᚢᛋᛚᚣ,672
malapropos,15507,0,ᛗᚪᛚᚪᛈᚱᚩᛈᚩᛋ,502
silverweed,15499,0,ᛋᛁᛚᚢᛖᚱᚹᛖᛖᛞ,480
aminoplast,15496,0,ᚪᛗᛁᚾᚩᛈᛚᚪᛋᛏ,560
pepperwood,15484,0,ᛈᛖᛈᛈᛖᚱᚹᚩᚩᛞ,396
cephalitis,15446,0,ᚳᛖᛈᚻᚪᛚᛁᛏᛁᛋ,490
unripeness,15444,0,ᚢᚾᚱᛁᛈᛖᚾᛖᛋᛋ,386
spymasters,15416,0,ᛋᛈᚣᛗᚪᛋᛏᛖᚱᛋ,610
epistrophe,15410,0,ᛖᛈᛁᛋᛏᚱᚩᛈᚻᛖ,404
northerlies,15399,0,ᚾᚩᚱᚦᛖᚱᛚᛁᛖᛋ,354
tetrapolis,15397,0,ᛏᛖᛏᚱᚪᛈᚩᛚᛁᛋ,500
outstepped,15396,0,ᚩᚢᛏᛋᛏᛖᛈᛈᛖᛞ,490
heavyhearted,15391,0,ᚻᛠᚢᚣᚻᛠᚱᛏᛖᛞ,596
warehouser,15388,0,ᚹᚪᚱᛖᚻᚩᚢᛋᛖᚱ,358
inculpable,15380,0,ᛁᚾᚳᚢᛚᛈᚪᛒᛚᛖ,490
angelfishes,15378,0,ᚪᛝᛖᛚᚠᛁᛋᚻᛖᛋ,545
urethrocele,15362,0,ᚢᚱᛖᚦᚱᚩᚳᛖᛚᛖ,324
interbrain,15362,0,ᛁᚾᛏᛖᚱᛒᚱᚪᛁᚾ,426
telephotos,15354,0,ᛏᛖᛚᛖᛈᚻᚩᛏᚩᛋ,458
revertible,15350,0,ᚱᛖᚢᛖᚱᛏᛁᛒᛚᛖ,450
heteronyms,15340,0,ᚻᛖᛏᛖᚱᚩᚾᚣᛗᛋ,490
cyanamides,15339,0,ᚳᚣᚪᚾᚪᛗᛁᛞᛖᛋ,650
saddlecloth,15337,0,ᛋᚪᛞᛞᛚᛖᚳᛚᚩᚦ,566
justifiers,15335,0,ᛂᚢᛋᛏᛁᚠᛁᛖᚱᛋ,347
condemners,15304,0,ᚳᚩᚾᛞᛖᛗᚾᛖᚱᛋ,436
carbonizes,15302,0,ᚳᚪᚱᛒᚩᚾᛁᛋᛖᛋ,422
designable,15299,0,ᛞᛖᛋᛁᚷᚾᚪᛒᛚᛖ,584
mesmeriser,15294,0,ᛗᛖᛋᛗᛖᚱᛁᛋᛖᚱ,502
pyrrhotine,15292,0,ᛈᚣᚱᚱᚻᚩᛏᛁᚾᛖ,384
guardrooms,15292,0,ᚷᚢᚪᚱᛞᚱᚩᚩᛗᛋ,366
vesiculate,15273,0,ᚢᛖᛋᛁᚳᚢᛚᚪᛏᛖ,466
airbrushes,15267,0,ᚪᛁᚱᛒᚱᚢᛋᚻᛖᛋ,410
herculanean,15259,0,ᚻᛖᚱᚳᚢᛚᚪᚾᛠᚾ,454
polyptoton,15247,0,ᛈᚩᛚᚣᛈᛏᚩᛏᚩᚾ,430
lustrously,15240,0,ᛚᚢᛋᛏᚱᚩᚢᛋᛚᚣ,438
leechcraft,15235,0,ᛚᛖᛖᚳᚻᚳᚱᚪᚠᛏ,425
bondswoman,15219,0,ᛒᚩᚾᛞᛋᚹᚩᛗᚪᚾ,462
defrauders,15211,0,ᛞᛖᚠᚱᚪᚢᛞᛖᚱᛋ,489
cockneyism,15190,0,ᚳᚩᚳᚳᚾᛖᚣᛁᛋᛗ,400
bridemaids,15186,0,ᛒᚱᛁᛞᛖᛗᚪᛁᛞᛋ,600
immurement,15172,0,ᛁᛗᛗᚢᚱᛖᛗᛖᚾᛏ,480
quittances,15162,0,ᚳᚹᛁᛏᛏᚪᚾᚳᛖᛋ,440
bestridden,15148,0,ᛒᛖᛋᛏᚱᛁᛞᛞᛖᚾ,556
retaliative,15143,0,ᚱᛖᛏᚪᛚᛡᛏᛁᚢᛖ,574
eightpenny,15143,0,ᛖᛁᚷᚻᛏᛈᛖᚾᚾᚣ,468
immigrates,15139,0,ᛁᛗᛗᛁᚷᚱᚪᛏᛖᛋ,508
convivially,15127,0,ᚳᚩᚾᚢᛁᚢᛡᛚᛚᚣ,442
woodhouses,15124,0,ᚹᚩᚩᛞᚻᚩᚢᛋᛖᛋ,328
fricassees,15119,0,ᚠᚱᛁᚳᚪᛋᛋᛖᛖᛋ,447
emblazonry,15115,0,ᛖᛗᛒᛚᚪᛋᚩᚾᚱᚣ,572
glyoxaline,15114,0,ᚷᛚᚣᚩᛉᚪᛚᛁᚾᛖ,544
undesirous,15102,0,ᚢᚾᛞᛖᛋᛁᚱᚩᚢᛋ,346
garbageman,15094,0,ᚷᚪᚱᛒᚪᚷᛖᛗᚪᚾ,564
acetamides,15092,0,ᚪᚳᛖᛏᚪᛗᛁᛞᛖᛋ,644
ignobility,15088,0,ᛁᚷᚾᚩᛒᛁᛚᛁᛏᚣ,442
innumerate,15078,0,ᛁᚾᚾᚢᛗᛖᚱᚪᛏᛖ,464
vitriolated,15077,0,ᚢᛁᛏᚱᛡᛚᚪᛏᛖᛞ,596
athabaskans,15057,0,ᚪᚦᚪᛒᚪᛋᚳᚪᚾᛋ,602
steeliness,15054,0,ᛋᛏᛖᛖᛚᛁᚾᛖᛋᛋ,552
sheepwalks,15029,0,ᛋᚻᛖᛖᛈᚹᚪᛚᚳᛋ,508
intermural,15025,0,ᛁᚾᛏᛖᚱᛗᚢᚱᚪᛚ,452
stammeringly,15013,0,ᛋᛏᚪᛗᛗᛖᚱᛝᛚᚣ,684
invariables,14989,0,ᛁᚾᚢᚪᚱᛡᛒᛚᛖᛋ,532
chubbiness,14984,0,ᚳᚻᚢᛒᛒᛁᚾᛖᛋᛋ,394
millihenry,14958,0,ᛗᛁᛚᛚᛁᚻᛖᚾᚱᚣ,512
stegosaurs,14956,0,ᛋᛏᛖᚷᚩᛋᚪᚢᚱᛋ,420
effeteness,14954,0,ᛖᚠᚠᛖᛏᛖᚾᛖᛋᛋ,466
groggeries,14947,0,ᚷᚱᚩᚷᚷᛖᚱᛁᛖᛋ,298
whirlybird,14945,0,ᚹᚻᛁᚱᛚᚣᛒᛁᚱᛞ,452
rightabout,14922,0,ᚱᛁᚷᚻᛏᚪᛒᚩᚢᛏ,368
monaurally,14913,0,ᛗᚩᚾᚪᚢᚱᚪᛚᛚᚣ,564
calandrinia,14902,0,ᚳᚪᛚᚪᚾᛞᚱᛁᚾᛡ,576
pericardiac,14896,0,ᛈᛖᚱᛁᚳᚪᚱᛞᛡᚳ,482
corncrakes,14893,0,ᚳᚩᚱᚾᚳᚱᚪᚳᛖᛋ,314
superposes,14888,0,ᛋᚢᛈᛖᚱᛈᚩᛋᛖᛋ,400
floodmarks,14852,0,ᚠᛚᚩᚩᛞᛗᚪᚱᚳᛋ,423
yankeeland,14844,0,ᚣᚪᚾᚳᛖᛖᛚᚪᚾᛞ,664
charioteering,14840,0,ᚳᚻᚪᚱᛡᛏᛖᛖᚱᛝ,534
pterosauria,14839,0,ᛈᛏᛖᚱᚩᛋᚪᚢᚱᛡ,458
antibilious,14813,0,ᚪᚾᛏᛁᛒᛁᛚᛡᚢᛋ,544
soubrettes,14781,0,ᛋᚩᚢᛒᚱᛖᛏᛏᛖᛋ,440
reticently,14777,0,ᚱᛖᛏᛁᚳᛖᚾᛏᛚᚣ,512
centesimos,14777,0,ᚳᛖᚾᛏᛖᛋᛁᛗᚩᛋ,450
mensurable,14746,0,ᛗᛖᚾᛋᚢᚱᚪᛒᛚᛖ,532
disarranges,14733,0,ᛞᛁᛋᚪᚱᚱᚪᛝᛖᛋ,588
otherwhiles,14729,0,ᚩᚦᛖᚱᚹᚻᛁᛚᛖᛋ,356
southerlies,14728,0,ᛋᚩᚢᚦᛖᚱᛚᛁᛖᛋ,370
bayberries,14728,0,ᛒᚪᚣᛒᛖᚱᚱᛁᛖᛋ,562
orientally,14724,0,ᚩᚱᛁᛖᚾᛏᚪᛚᛚᚣ,550
millboards,14716,0,ᛗᛁᛚᛚᛒᚩᚪᚱᛞᛋ,566
manzanitas,14714,0,ᛗᚪᚾᛋᚪᚾᛁᛏᚪᛋ,616
squeamishly,14712,0,ᛋᚳᚹᛠᛗᛁᛋᚻᛚᚣ,548
antherozoid,14696,0,ᚪᚾᚦᛖᚱᚩᛋᚩᛁᛞ,396
turbidness,14652,0,ᛏᚢᚱᛒᛁᛞᚾᛖᛋᛋ,456
kerchiefed,14628,0,ᚳᛖᚱᚳᚻᛁᛖᚠᛖᛞ,383
equanimous,14625,0,ᛖᚳᚹᚪᚾᛁᛗᚩᚢᛋ,390
decemviral,14623,0,ᛞᛖᚳᛖᛗᚢᛁᚱᚪᛚ,522
calcimined,14622,0,ᚳᚪᛚᚳᛁᛗᛁᚾᛖᛞ,514
shenanigan,14608,0,ᛋᚻᛖᚾᚪᚾᛁᚷᚪᚾ,472
catenulate,14578,0,ᚳᚪᛏᛖᚾᚢᛚᚪᛏᛖ,564
friendlily,14572,0,ᚠᚱᛁᛖᚾᛞᛚᛁᛚᚣ,509
choiceness,14567,0,ᚳᚻᚩᛁᚳᛖᚾᛖᛋᛋ,356
interlunar,14565,0,ᛁᚾᛏᛖᚱᛚᚢᚾᚪᚱ,410
chumminess,14564,0,ᚳᚻᚢᛗᛗᛁᚾᛖᛋᛋ,414
calyculate,14551,0,ᚳᚪᛚᚣᚳᚢᛚᚪᛏᛖ,598
fourteenths,14544,0,ᚠᚩᚢᚱᛏᛖᛖᚾᚦᛋ,303
secularise,14528,0,ᛋᛖᚳᚢᛚᚪᚱᛁᛋᛖ,468
untheatrical,14496,0,ᚢᚾᚦᛠᛏᚱᛁᚳᚪᛚ,430
magnetisms,14496,0,ᛗᚪᚷᚾᛖᛏᛁᛋᛗᛋ,548
saprolites,14493,0,ᛋᚪᛈᚱᚩᛚᛁᛏᛖᛋ,494
abbreviator,14492,0,ᚪᛒᛒᚱᛖᚢᛡᛏᚩᚱ,484
knockwurst,14491,0,ᚳᚾᚩᚳᚳᚹᚢᚱᛋᛏ,220
bastardizing,14483,0,ᛒᚪᛋᛏᚪᚱᛞᛁᛋᛝ,630
italianised,14478,0,ᛁᛏᚪᛚᛡᚾᛁᛋᛖᛞ,636
undergrown,14475,0,ᚢᚾᛞᛖᚱᚷᚱᚩᚹᚾ,282
friskiness,14466,0,ᚠᚱᛁᛋᚳᛁᚾᛖᛋᛋ,343
rivalships,14464,0,ᚱᛁᚢᚪᛚᛋᚻᛁᛈᛋ,418
strongboxes,14461,0,ᛋᛏᚱᚩᛝᛒᚩᛉᛖᛋ,444
uncomplete,14458,0,ᚢᚾᚳᚩᛗᛈᛚᛖᛏᛖ,432
noncorroding,14445,0,ᚾᚩᚾᚳᚩᚱᚱᚩᛞᛝ,282
modishness,14439,0,ᛗᚩᛞᛁᛋᚻᚾᛖᛋᛋ,476
wassailers,14432,0,ᚹᚪᛋᛋᚪᛁᛚᛖᚱᛋ,554
complexify,14424,0,ᚳᚩᛗᛈᛚᛖᛉᛁᚠᚣ,457
compactions,14422,0,ᚳᚩᛗᛈᚪᚳᛏᛡᚾᛋ,492
stonechats,14411,0,ᛋᛏᚩᚾᛖᚳᚻᚪᛏᛋ,460
orthocarpus,14409,0,ᚩᚱᚦᚩᚳᚪᚱᛈᚢᛋ,250
umbellifer,14404,0,ᚢᛗᛒᛖᛚᛚᛁᚠᛖᚱ,459
hematoidin,14401,0,ᚻᛖᛗᚪᛏᚩᛁᛞᛁᚾ,504
cyclostyle,14398,0,ᚳᚣᚳᛚᚩᛋᛏᚣᛚᛖ,564
catchpoles,14385,0,ᚳᚪᛏᚳᚻᛈᚩᛚᛖᛋ,448
chevrotain,14378,0,ᚳᚻᛖᚢᚱᚩᛏᚪᛁᚾ,340
topologist,14372,0,ᛏᚩᛈᚩᛚᚩᚷᛁᛋᛏ,356
abrogations,14370,0,ᚪᛒᚱᚩᚷᚪᛏᛡᚾᛋ,538
embowelled,14346,0,ᛖᛗᛒᚩᚹᛖᛚᛚᛖᛞ,594
moderniser,14339,0,ᛗᚩᛞᛖᚱᚾᛁᛋᛖᚱ,436
ordainment,14329,0,ᚩᚱᛞᚪᛁᚾᛗᛖᚾᛏ,490
usherettes,14323,0,ᚢᛋᚻᛖᚱᛖᛏᛏᛖᛋ,462
consulters,14309,0,ᚳᚩᚾᛋᚢᛚᛏᛖᚱᛋ,368
nondrinker,14307,0,ᚾᚩᚾᛞᚱᛁᚾᚳᛖᚱ,316
fothergilla,14292,0,ᚠᚩᚦᛖᚱᚷᛁᛚᛚᚪ,383
headwaiters,14267,0,ᚻᛠᛞᚹᚪᛁᛏᛖᚱᛋ,558
squanderer,14258,0,ᛋᚳᚹᚪᚾᛞᛖᚱᛖᚱ,456
subtenancy,14237,0,ᛋᚢᛒᛏᛖᚾᚪᚾᚳᚣ,514
blusterous,14221,0,ᛒᛚᚢᛋᛏᛖᚱᚩᚢᛋ,390
honeybunch,14220,0,ᚻᚩᚾᛖᚣᛒᚢᚾᚳᚻ,358
frostbites,14218,0,ᚠᚱᚩᛋᛏᛒᛁᛏᛖᛋ,403
centiliter,14186,0,ᚳᛖᚾᛏᛁᛚᛁᛏᛖᚱ,440
choppiness,14172,0,ᚳᚻᚩᛈᛈᛁᚾᛖᛋᛋ,362
consigners,14171,0,ᚳᚩᚾᛋᛁᚷᚾᛖᚱᛋ,310
daydreamers,14168,0,ᛞᚪᚣᛞᚱᛠᛗᛖᚱᛋ,700
cyclopaedic,14164,0,ᚳᚣᚳᛚᚩᛈᚫᛞᛁᚳ,486
urbanities,14155,0,ᚢᚱᛒᚪᚾᛁᛏᛁᛖᛋ,442
numerations,14154,0,ᚾᚢᛗᛖᚱᚪᛏᛡᚾᛋ,526
saurischian,14149,0,ᛋᚪᚢᚱᛁᛋᚳᚻᛡᚾ,420
celandines,14149,0,ᚳᛖᛚᚪᚾᛞᛁᚾᛖᛋ,548
impalpably,14144,0,ᛁᛗᛈᚪᛚᛈᚪᛒᛚᚣ,692
loathsomely,14130,0,ᛚᚩᚪᚦᛋᚩᛗᛖᛚᚣ,556
nightbirds,14128,0,ᚾᛁᚷᚻᛏᛒᛁᚱᛞᛋ,404
cloudscape,14114,0,ᚳᛚᚩᚢᛞᛋᚳᚪᛈᛖ,458
unarrested,14109,0,ᚢᚾᚪᚱᚱᛖᛋᛏᛖᛞ,486
stylograph,14102,0,ᛋᛏᚣᛚᚩᚷᚱᚪᛈᚻ,486
hairstreaks,14077,0,ᚻᚪᛁᚱᛋᛏᚱᛠᚳᛋ,460
hoodlumism,14073,0,ᚻᚩᚩᛞᛚᚢᛗᛁᛋᛗ,428
forestiera,14071,0,ᚠᚩᚱᛖᛋᛏᛁᛖᚱᚪ,405
extirpates,14054,0,ᛖᛉᛏᛁᚱᛈᚪᛏᛖᛋ,534
underlinen,14045,0,ᚢᚾᛞᛖᚱᛚᛁᚾᛖᚾ,428
chairwomen,14034,0,ᚳᚻᚪᛁᚱᚹᚩᛗᛖᚾ,368
eternalize,14017,0,ᛖᛏᛖᚱᚾᚪᛚᛁᛋᛖ,554
castlelike,14006,0,ᚳᚪᛋᛏᛚᛖᛚᛁᚳᛖ,546
beautifiers,13983,0,ᛒᛠᚢᛏᛁᚠᛁᛖᚱᛋ,427
centranthus,13980,0,ᚳᛖᚾᛏᚱᚪᚾᚦᚢᛋ,366
guilefully,13974,0,ᚷᚢᛁᛚᛖᚠᚢᛚᛚᚣ,445
countdowns,13953,0,ᚳᚩᚢᚾᛏᛞᚩᚹᚾᛋ,308
galvanizer,13936,0,ᚷᚪᛚᚢᚪᚾᛁᛋᛖᚱ,478
lacertilian,13929,0,ᛚᚪᚳᛖᚱᛏᛁᛚᛡᚾ,560
goldcrests,13925,0,ᚷᚩᛚᛞᚳᚱᛖᛋᛏᛋ,442
sandpapery,13923,0,ᛋᚪᚾᛞᛈᚪᛈᛖᚱᚣ,632
isolatedly,13910,0,ᛁᛋᚩᛚᚪᛏᛖᛞᛚᚣ,652
appetizingly,13898,0,ᚪᛈᛈᛖᛏᛁᛋᛝᛚᚣ,648
napoleonism,13886,0,ᚾᚪᛈᚩᛚᛇᚾᛁᛋᛗ,474
asseverating,13885,0,ᚪᛋᛋᛖᚢᛖᚱᚪᛏᛝ,586
postmortal,13880,0,ᛈᚩᛋᛏᛗᚩᚱᛏᚪᛚ,480
matricidal,13875,0,ᛗᚪᛏᚱᛁᚳᛁᛞᚪᛚ,572
harborages,13866,0,ᚻᚪᚱᛒᚩᚱᚪᚷᛖᛋ,444
homocyclic,13865,0,ᚻᚩᛗᚩᚳᚣᚳᛚᛁᚳ,354
calumniates,13855,0,ᚳᚪᛚᚢᛗᚾᛡᛏᛖᛋ,572
conveyable,13853,0,ᚳᚩᚾᚢᛖᚣᚪᛒᛚᛖ,520
infantries,13832,0,ᛁᚾᚠᚪᚾᛏᚱᛁᛖᛋ,409
epauletted,13830,0,ᛖᛈᚪᚢᛚᛖᛏᛏᛖᛞ,624
throatiness,13819,0,ᚦᚱᚩᚪᛏᛁᚾᛖᛋᛋ,412
thanklessly,13817,0,ᚦᚪᚾᚳᛚᛖᛋᛋᛚᚣ,566
carpetweed,13811,0,ᚳᚪᚱᛈᛖᛏᚹᛖᛖᛞ,532
unmalleable,13806,0,ᚢᚾᛗᚪᛚᛚᛠᛒᛚᛖ,656
cycloramas,13784,0,ᚳᚣᚳᛚᚩᚱᚪᛗᚪᛋ,538
confitures,13768,0,ᚳᚩᚾᚠᛁᛏᚢᚱᛖᛋ,275
pyromaniacs,13762,0,ᛈᚣᚱᚩᛗᚪᚾᛡᚳᛋ,534
chattiness,13749,0,ᚳᚻᚪᛏᛏᛁᚾᛖᛋᛋ,484
cacophonic,13749,0,ᚳᚪᚳᚩᛈᚻᚩᚾᛁᚳ,276
roughrider,13735,0,ᚱᚩᚢᚷᚻᚱᛁᛞᛖᚱ,270
doughtiest,13728,0,ᛞᚩᚢᚷᚻᛏᛁᛖᛋᛏ,408
frontwards,13725,0,ᚠᚱᚩᚾᛏᚹᚪᚱᛞᛋ,377
adullamite,13717,0,ᚪᛞᚢᛚᛚᚪᛗᛁᛏᛖ,660
kriegspiel,13699,0,ᚳᚱᛁᛖᚷᛋᛈᛁᛖᛚ,406
deerstalking,13694,0,ᛞᛖᛖᚱᛋᛏᚪᛚᚳᛝ,608
scleredema,13687,0,ᛋᚳᛚᛖᚱᛖᛞᛖᛗᚪ,608
stridulate,13679,0,ᛋᛏᚱᛁᛞᚢᛚᚪᛏᛖ,542
fraxinella,13673,0,ᚠᚱᚪᛉᛁᚾᛖᛚᛚᚪ,527
periwigged,13665,0,ᛈᛖᚱᛁᚹᛁᚷᚷᛖᛞ,392
serenities,13662,0,ᛋᛖᚱᛖᚾᛁᛏᛁᛖᛋ,468
humoursome,13657,0,ᚻᚢᛗᚩᚢᚱᛋᚩᛗᛖ,316
archerfish,13656,0,ᚪᚱᚳᚻᛖᚱᚠᛁᛋᚻ,331
aphrodites,13644,0,ᚪᛈᚻᚱᚩᛞᛁᛏᛖᛋ,480
misbelieve,13631,0,ᛗᛁᛋᛒᛖᛚᛁᛖᚢᛖ,524
discommend,13629,0,ᛞᛁᛋᚳᚩᛗᛗᛖᚾᛞ,520
scotticism,13622,0,ᛋᚳᚩᛏᛏᛁᚳᛁᛋᛗ,390
rechristen,13619,0,ᚱᛖᚳᚻᚱᛁᛋᛏᛖᚾ,364
praenestine,13617,0,ᛈᚱᚫᚾᛖᛋᛏᛁᚾᛖ,490
callowness,13607,0,ᚳᚪᛚᛚᚩᚹᚾᛖᛋᛋ,484
heliography,13603,0,ᚻᛖᛚᛡᚷᚱᚪᛈᚻᚣ,564
summational,13593,0,ᛋᚢᛗᛗᚪᛏᛡᚾᚪᛚ,660
geostrategy,13588,0,ᚷᛇᛋᛏᚱᚪᛏᛖᚷᚣ,524
dishtowels,13583,0,ᛞᛁᛋᚻᛏᚩᚹᛖᛚᛋ,474
uncushioned,13579,0,ᚢᚾᚳᚢᛋᚻᛡᚾᛖᛞ,416
incommodes,13570,0,ᛁᚾᚳᚩᛗᛗᚩᛞᛖᛋ,438
alleviative,13557,0,ᚪᛚᛚᛖᚢᛡᛏᛁᚢᛖ,580
suggesters,13543,0,ᛋᚢᚷᚷᛖᛋᛏᛖᚱᛋ,400
coralberry,13535,0,ᚳᚩᚱᚪᛚᛒᛖᚱᚱᚣ,454
unrecalled,13525,0,ᚢᚾᚱᛖᚳᚪᛚᛚᛖᛞ,522
deconvolve,13494,0,ᛞᛖᚳᚩᚾᚢᚩᛚᚢᛖ,358
ambuscaded,13484,0,ᚪᛗᛒᚢᛋᚳᚪᛞᛖᛞ,640
mortgagers,13459,0,ᛗᚩᚱᛏᚷᚪᚷᛖᚱᛋ,410
fiddleback,13450,0,ᚠᛁᛞᛞᛚᛖᛒᚪᚳᚳ,535
monsignors,13429,0,ᛗᚩᚾᛋᛁᚷᚾᚩᚱᛋ,308
digitalize,13423,0,ᛞᛁᚷᛁᛏᚪᛚᛁᛋᛖ,548
stableboys,13421,0,ᛋᛏᚪᛒᛚᛖᛒᚩᚣᛋ,634
moisteners,13407,0,ᛗᚩᛁᛋᛏᛖᚾᛖᚱᛋ,448
curvilineal,13407,0,ᚳᚢᚱᚢᛁᛚᛁᚾᛠᛚ,376
unsmirched,13401,0,ᚢᚾᛋᛗᛁᚱᚳᚻᛖᛞ,390
unbordered,13401,0,ᚢᚾᛒᚩᚱᛞᛖᚱᛖᛞ,434
camphorate,13393,0,ᚳᚪᛗᛈᚻᚩᚱᚪᛏᛖ,488
humidifies,13390,0,ᚻᚢᛗᛁᛞᛁᚠᛁᛖᛋ,401
refinisher,13351,0,ᚱᛖᚠᛁᚾᛁᛋᚻᛖᚱ,325
mongrelized,13338,0,ᛗᚩᛝᚱᛖᛚᛁᛋᛖᛞ,548
customable,13277,0,ᚳᚢᛋᛏᚩᛗᚪᛒᛚᛖ,504
temporizes,13276,0,ᛏᛖᛗᛈᚩᚱᛁᛋᛖᛋ,462
dementedly,13274,0,ᛞᛖᛗᛖᚾᛏᛖᛞᛚᚣ,714
kitcheners,13228,0,ᚳᛁᛏᚳᚻᛖᚾᛖᚱᛋ,366
estaminets,13205,0,ᛖᛋᛏᚪᛗᛁᚾᛖᛏᛋ,586
consonancy,13198,0,ᚳᚩᚾᛋᚩᚾᚪᚾᚳᚣ,380
charactery,13198,0,ᚳᚻᚪᚱᚪᚳᛏᛖᚱᚣ,494
mudskipper,13196,0,ᛗᚢᛞᛋᚳᛁᛈᛈᛖᚱ,424
deracinate,13189,0,ᛞᛖᚱᚪᚳᛁᚾᚪᛏᛖ,560
philetaerus,13184,0,ᛈᚻᛁᛚᛖᛏᚫᚱᚢᛋ,464
cataphatic,13126,0,ᚳᚪᛏᚪᛈᚻᚪᛏᛁᚳ,532
telophases,13123,0,ᛏᛖᛚᚩᛈᚻᚪᛋᛖᛋ,542
overdrives,13117,0,ᚩᚢᛖᚱᛞᚱᛁᚢᛖᛋ,342
phlebogram,13109,0,ᛈᚻᛚᛖᛒᚩᚷᚱᚪᛗ,470
countryseat,13098,0,ᚳᚩᚢᚾᛏᚱᚣᛋᛠᛏ,446
buttonlike,13098,0,ᛒᚢᛏᛏᚩᚾᛚᛁᚳᛖ,402
mandolines,13089,0,ᛗᚪᚾᛞᚩᛚᛁᚾᛖᛋ,546
codswallop,13089,0,ᚳᚩᛞᛋᚹᚪᛚᛚᚩᛈ,474
schnitzels,13080,0,ᛋᚳᚻᚾᛁᛏᛋᛖᛚᛋ,454
pianissimos,13080,0,ᛈᛡᚾᛁᛋᛋᛁᛗᚩᛋ,478
desiccates,13061,0,ᛞᛖᛋᛁᚳᚳᚪᛏᛖᛋ,542
ecliptical,13059,0,ᛖᚳᛚᛁᛈᛏᛁᚳᚪᛚ,500
homeopathist,13057,0,ᚻᚩᛗᛇᛈᚪᚦᛁᛋᛏ,430
perennation,13041,0,ᛈᛖᚱᛖᚾᚾᚪᛏᛡᚾ,538
pyrogenous,13038,0,ᛈᚣᚱᚩᚷᛖᚾᚩᚢᛋ,340
braceleted,13038,0,ᛒᚱᚪᚳᛖᛚᛖᛏᛖᛞ,604
myosarcoma,13034,0,ᛗᚣᚩᛋᚪᚱᚳᚩᛗᚪ,530
supplejack,13032,0,ᛋᚢᛈᛈᛚᛖᛂᚪᚳᚳ,442
conjugally,13027,0,ᚳᚩᚾᛂᚢᚷᚪᛚᛚᚣ,452
aftershaft,13027,0,ᚪᚠᛏᛖᚱᛋᚻᚪᚠᛏ,470
mechanizes,12997,0,ᛗᛖᚳᚻᚪᚾᛁᛋᛖᛋ,504
softnesses,12992,0,ᛋᚩᚠᛏᚾᛖᛋᛋᛖᛋ,443
discourser,12985,0,ᛞᛁᛋᚳᚩᚢᚱᛋᛖᚱ,338
clitorises,12983,0,ᚳᛚᛁᛏᚩᚱᛁᛋᛖᛋ,398
weaverbirds,12982,0,ᚹᛠᚢᛖᚱᛒᛁᚱᛞᛋ,454
pedantical,12981,0,ᛈᛖᛞᚪᚾᛏᛁᚳᚪᛚ,598
blackthorns,12962,0,ᛒᛚᚪᚳᚳᚦᚩᚱᚾᛋ,362
jockeyship,12940,0,ᛂᚩᚳᚳᛖᚣᛋᚻᛁᛈ,390
excusatory,12940,0,ᛖᛉᚳᚢᛋᚪᛏᚩᚱᚣ,460
crosspatch,12937,0,ᚳᚱᚩᛋᛋᛈᚪᛏᚳᚻ,372
workingwoman,12927,0,ᚹᚩᚱᚳᛝᚹᚩᛗᚪᚾ,352
polythalamia,12906,0,ᛈᚩᛚᚣᚦᚪᛚᚪᛗᛡ,676
monardella,12898,0,ᛗᚩᚾᚪᚱᛞᛖᛚᛚᚪ,614
sodbusters,12897,0,ᛋᚩᛞᛒᚢᛋᛏᛖᚱᛋ,456
glossodynia,12897,0,ᚷᛚᚩᛋᛋᚩᛞᚣᚾᛡ,538
subsidizer,12885,0,ᛋᚢᛒᛋᛁᛞᛁᛋᛖᚱ,452
knobkerrie,12885,0,ᚳᚾᚩᛒᚳᛖᚱᚱᛁᛖ,310
phanerogam,12877,0,ᛈᚻᚪᚾᛖᚱᚩᚷᚪᛗ,462
juggleries,12853,0,ᛂᚢᚷᚷᛚᛖᚱᛁᛖᛋ,376
logographs,12849,0,ᛚᚩᚷᚩᚷᚱᚪᛈᚻᛋ,348
asthmatical,12846,0,ᚪᛋᚦᛗᚪᛏᛁᚳᚪᛚ,596
incuriosity,12834,0,ᛁᚾᚳᚢᚱᛡᛋᛁᛏᚣ,440
panislamic,12826,0,ᛈᚪᚾᛁᛋᛚᚪᛗᛁᚳ,538
pleurodont,12822,0,ᛈᛚᛖᚢᚱᚩᛞᚩᚾᛏ,388
choanocyte,12803,0,ᚳᚻᚩᚪᚾᚩᚳᚣᛏᛖ,418
revetement,12789,0,ᚱᛖᚢᛖᛏᛖᛗᛖᚾᛏ,500
mismanages,12772,0,ᛗᛁᛋᛗᚪᚾᚪᚷᛖᛋ,586
nosologies,12768,0,ᚾᚩᛋᚩᛚᚩᚷᛁᛖᛋ,344
drivellers,12766,0,ᛞᚱᛁᚢᛖᛚᛚᛖᚱᛋ,478
crustiness,12763,0,ᚳᚱᚢᛋᛏᛁᚾᛖᛋᛋ,372
fingerboards,12758,0,ᚠᛝᛖᚱᛒᚩᚪᚱᛞᛋ,477
corrodents,12758,0,ᚳᚩᚱᚱᚩᛞᛖᚾᛏᛋ,346
manslayers,12757,0,ᛗᚪᚾᛋᛚᚪᚣᛖᚱᛋ,654
chrysididae,12741,0,ᚳᚻᚱᚣᛋᛁᛞᛁᛞᚫ,544
silverspot,12738,0,ᛋᛁᛚᚢᛖᚱᛋᛈᚩᛏ,400
watchguard,12736,0,ᚹᚪᛏᚳᚻᚷᚢᚪᚱᛞ,428
monogynous,12720,0,ᛗᚩᚾᚩᚷᚣᚾᚩᚢᛋ,326
welshwoman,12714,0,ᚹᛖᛚᛋᚻᚹᚩᛗᚪᚾ,458
dalecarlian,12698,0,ᛞᚪᛚᛖᚳᚪᚱᛚᛡᚾ,656
anastrophe,12684,0,ᚪᚾᚪᛋᛏᚱᚩᛈᚻᛖ,486
acrogenous,12677,0,ᚪᚳᚱᚩᚷᛖᚾᚩᚢᛋ,304
applausive,12670,0,ᚪᛈᛈᛚᚪᚢᛋᛁᚢᛖ,510
horseleech,12667,0,ᚻᚩᚱᛋᛖᛚᛖᛖᚳᚻ,404
lateralize,12661,0,ᛚᚪᛏᛖᚱᚪᛚᛁᛋᛖ,628
monandrous,12629,0,ᛗᚩᚾᚪᚾᛞᚱᚩᚢᛋ,396
jawbreakers,12624,0,ᛂᚪᚹᛒᚱᛠᚳᛖᚱᛋ,478
commentate,12593,0,ᚳᚩᛗᛗᛖᚾᛏᚪᛏᛖ,540
perigonium,12592,0,ᛈᛖᚱᛁᚷᚩᚾᛁᚢᛗ,310
unbeholden,12590,0,ᚢᚾᛒᛖᚻᚩᛚᛞᛖᚾ,448
metronymic,12585,0,ᛗᛖᛏᚱᚩᚾᚣᛗᛁᚳ,462
freehanded,12581,0,ᚠᚱᛖᛖᚻᚪᚾᛞᛖᛞ,541
flatbottom,12580,0,ᚠᛚᚪᛏᛒᚩᛏᛏᚩᛗ,495
hypochaeris,12570,0,ᚻᚣᛈᚩᚳᚻᚫᚱᛁᛋ,408
suspiration,12549,0,ᛋᚢᛋᛈᛁᚱᚪᛏᛡᚾ,486
empoisoned,12548,0,ᛖᛗᛈᚩᛁᛋᚩᚾᛖᛞ,464
nidicolous,12535,0,ᚾᛁᛞᛁᚳᚩᛚᚩᚢᛋ,336
broideries,12532,0,ᛒᚱᚩᛁᛞᛖᚱᛁᛖᛋ,428
boneshaker,12519,0,ᛒᚩᚾᛖᛋᚻᚪᚳᛖᚱ,428
tormentingly,12504,0,ᛏᚩᚱᛗᛖᚾᛏᛝᛚᚣ,558
balalaikas,12500,0,ᛒᚪᛚᚪᛚᚪᛁᚳᚪᛋ,692
goldbricking,12460,0,ᚷᚩᛚᛞᛒᚱᛁᚳᚳᛝ,394
chuckholes,12458,0,ᚳᚻᚢᚳᚳᚻᚩᛚᛖᛋ,288
revilement,12456,0,ᚱᛖᚢᛁᛚᛖᛗᛖᚾᛏ,478
whiplashes,12448,0,ᚹᚻᛁᛈᛚᚪᛋᚻᛖᛋ,482
temporalty,12443,0,ᛏᛖᛗᛈᚩᚱᚪᛚᛏᚣ,590
grubbiness,12433,0,ᚷᚱᚢᛒᛒᛁᚾᛖᛋᛋ,386
stupidness,12432,0,ᛋᛏᚢᛈᛁᛞᚾᛖᛋᛋ,480
petrarchian,12404,0,ᛈᛖᛏᚱᚪᚱᚳᚻᛡᚾ,460
dilapidate,12402,0,ᛞᛁᛚᚪᛈᛁᛞᚪᛏᛖ,676
sideswipes,12399,0,ᛋᛁᛞᛖᛋᚹᛁᛈᛖᛋ,506
beflowered,12385,0,ᛒᛖᚠᛚᚩᚹᛖᚱᛖᛞ,463
sipunculid,12377,0,ᛋᛁᛈᚢᚾᚳᚢᛚᛁᛞ,368
embrasured,12368,0,ᛖᛗᛒᚱᚪᛋᚢᚱᛖᛞ,530
homopteran,12358,0,ᚻᚩᛗᚩᛈᛏᛖᚱᚪᚾ,414
spookiness,12355,0,ᛋᛈᚩᚩᚳᛁᚾᛖᛋᛋ,356
megaparsec,12351,0,ᛗᛖᚷᚪᛈᚪᚱᛋᛖᚳ,536
blacktopping,12333,0,ᛒᛚᚪᚳᚳᛏᚩᛈᛈᛝ,488
womanizers,12313,0,ᚹᚩᛗᚪᚾᛁᛋᛖᚱᛋ,438
bedlamites,12309,0,ᛒᛖᛞᛚᚪᛗᛁᛏᛖᛋ,668
anachronic,12309,0,ᚪᚾᚪᚳᚻᚱᚩᚾᛁᚳ,350
verbalizer,12308,0,ᚢᛖᚱᛒᚪᛚᛁᛋᛖᚱ,474
grisailles,12287,0,ᚷᚱᛁᛋᚪᛁᛚᛚᛖᛋ,506
talebearers,12274,0,ᛏᚪᛚᛖᛒᛠᚱᛖᚱᛋ,608
cryptozoic,12264,0,ᚳᚱᚣᛈᛏᚩᛋᚩᛁᚳ,340
bardolatry,12256,0,ᛒᚪᚱᛞᚩᛚᚪᛏᚱᚣ,608
treehopper,12247,0,ᛏᚱᛖᛖᚻᚩᛈᛈᛖᚱ,398
pocketable,12246,0,ᛈᚩᚳᚳᛖᛏᚪᛒᛚᛖ,500
inhalators,12241,0,ᛁᚾᚻᚪᛚᚪᛏᚩᚱᛋ,480
horsewhips,12235,0,ᚻᚩᚱᛋᛖᚹᚻᛁᛈᛋ,330
slipstreams,12223,0,ᛋᛚᛁᛈᛋᛏᚱᛠᛗᛋ,556
backplates,12218,0,ᛒᚪᚳᚳᛈᛚᚪᛏᛖᛋ,576
symmetrize,12196,0,ᛋᚣᛗᛗᛖᛏᚱᛁᛋᛖ,586
spatangoids,12188,0,ᛋᛈᚪᛏᚪᛝᚩᛁᛞᛋ,608
languidness,12174,0,ᛚᚪᛝᚢᛁᛞᚾᛖᛋᛋ,574
carpetbags,12161,0,ᚳᚪᚱᛈᛖᛏᛒᚪᚷᛋ,518
kommunizma,12148,0,ᚳᚩᛗᛗᚢᚾᛁᛋᛗᚪ,446
incohesive,12138,0,ᛁᚾᚳᚩᚻᛖᛋᛁᚢᛖ,324
dietetical,12134,0,ᛞᛁᛖᛏᛖᛏᛁᚳᚪᛚ,586
osteologist,12124,0,ᚩᛋᛏᛇᛚᚩᚷᛁᛋᛏ,400
catholicizing,12119,0,ᚳᚪᚦᚩᛚᛁᚳᛁᛋᛝ,402
abstrusest,12095,0,ᚪᛒᛋᛏᚱᚢᛋᛖᛋᛏ,516
cheapskates,12094,0,ᚳᚻᛠᛈᛋᚳᚪᛏᛖᛋ,530
rhabdoliths,12084,0,ᚱᚻᚪᛒᛞᚩᛚᛁᚦᛋ,450
stoneworts,12058,0,ᛋᛏᚩᚾᛖᚹᚩᚱᛏᛋ,364
idolatress,12050,0,ᛁᛞᚩᛚᚪᛏᚱᛖᛋᛋ,540
andromedas,12047,0,ᚪᚾᛞᚱᚩᛗᛖᛞᚪᛋ,610
quintuples,12027,0,ᚳᚹᛁᚾᛏᚢᛈᛚᛖᛋ,390
hypnogenic,12012,0,ᚻᚣᛈᚾᚩᚷᛖᚾᛁᚳ,362
gritstones,12009,0,ᚷᚱᛁᛏᛋᛏᚩᚾᛖᛋ,386
currycombs,11985,0,ᚳᚢᚱᚱᚣᚳᚩᛗᛒᛋ,346
fathometers,11984,0,ᚠᚪᚦᚩᛗᛖᛏᛖᚱᛋ,439
clubfooted,11982,0,ᚳᛚᚢᛒᚠᚩᚩᛏᛖᛞ,381
bladderpod,11978,0,ᛒᛚᚪᛞᛞᛖᚱᛈᚩᛞ,626
hygroscope,11977,0,ᚻᚣᚷᚱᚩᛋᚳᚩᛈᛖ,344
detonative,11975,0,ᛞᛖᛏᚩᚾᚪᛏᛁᚢᛖ,508
bowdlerize,11973,0,ᛒᚩᚹᛞᛚᛖᚱᛁᛋᛖ,478
blessedest,11954,0,ᛒᛚᛖᛋᛋᛖᛞᛖᛋᛏ,642
phonically,11940,0,ᛈᚻᚩᚾᛁᚳᚪᛚᛚᚣ,492
bibliothecal,11931,0,ᛒᛁᛒᛚᛡᚦᛖᚳᚪᛚ,588
legateship,11900,0,ᛚᛖᚷᚪᛏᛖᛋᚻᛁᛈ,530
succulency,11883,0,ᛋᚢᚳᚳᚢᛚᛖᚾᚳᚣ,370
subjections,11883,0,ᛋᚢᛒᛂᛖᚳᛏᛡᚾᛋ,482
schoolbags,11878,0,ᛋᚳᚻᚩᚩᛚᛒᚪᚷᛋ,404
apostatise,11860,0,ᚪᛈᚩᛋᛏᚪᛏᛁᛋᛖ,566
musketoons,11858,0,ᛗᚢᛋᚳᛖᛏᚩᚩᚾᛋ,362
bisexually,11848,0,ᛒᛁᛋᛖᛉᚢᚪᛚᛚᚣ,608
paillettes,11842,0,ᛈᚪᛁᛚᛚᛖᛏᛏᛖᛋ,622
keypunches,11825,0,ᚳᛖᚣᛈᚢᚾᚳᚻᛖᛋ,414
charivaris,11822,0,ᚳᚻᚪᚱᛁᚢᚪᚱᛁᛋ,370
proprieter,11821,0,ᛈᚱᚩᛈᚱᛁᛖᛏᛖᚱ,350
carabineer,11812,0,ᚳᚪᚱᚪᛒᛁᚾᛖᛖᚱ,484
lodgepoles,11811,0,ᛚᚩᛞᚷᛖᛈᚩᛚᛖᛋ,496
festination,11805,0,ᚠᛖᛋᛏᛁᚾᚪᛏᛡᚾ,533
scabbarded,11802,0,ᛋᚳᚪᛒᛒᚪᚱᛞᛖᛞ,638
harquebuss,11801,0,ᚻᚪᚱᚳᚹᛖᛒᚢᛋᛋ,400
litterbugs,11789,0,ᛚᛁᛏᛏᛖᚱᛒᚢᚷᛋ,434
hitherwards,11787,0,ᚻᛁᚦᛖᚱᚹᚪᚱᛞᛋ,406
incitations,11754,0,ᛁᚾᚳᛁᛏᚪᛏᛡᚾᛋ,508
monotonies,11748,0,ᛗᚩᚾᚩᛏᚩᚾᛁᛖᛋ,360
dismalness,11737,0,ᛞᛁᛋᛗᚪᛚᚾᛖᛋᛋ,616
ceratozamia,11702,0,ᚳᛖᚱᚪᛏᚩᛋᚪᛗᛡ,582
lithophytic,11690,0,ᛚᛁᚦᚩᛈᚻᚣᛏᛁᚳ,388
lithophytes,11689,0,ᛚᛁᚦᚩᛈᚻᚣᛏᛖᛋ,464
penuriously,11685,0,ᛈᛖᚾᚢᚱᛡᚢᛋᛚᚣ,492
uninvented,11671,0,ᚢᚾᛁᚾᚢᛖᚾᛏᛖᛞ,406
thunderation,11648,0,ᚦᚢᚾᛞᛖᚱᚪᛏᛡᚾ,496
inseparate,11643,0,ᛁᚾᛋᛖᛈᚪᚱᚪᛏᛖ,554
hatemongers,11639,0,ᚻᚪᛏᛖᛗᚩᛝᛖᚱᛋ,534
upholsters,11621,0,ᚢᛈᚻᚩᛚᛋᛏᛖᚱᛋ,392
powderpuff,11612,0,ᛈᚩᚹᛞᛖᚱᛈᚢᚠᚠ,286
brainteaser,11591,0,ᛒᚱᚪᛁᚾᛏᛠᛋᛖᚱ,528
termagants,11586,0,ᛏᛖᚱᛗᚪᚷᚪᚾᛏᛋ,560
unsilenced,11582,0,ᚢᚾᛋᛁᛚᛖᚾᚳᛖᛞ,454
whalebacks,11578,0,ᚹᚻᚪᛚᛖᛒᚪᚳᚳᛋ,516
banderoles,11578,0,ᛒᚪᚾᛞᛖᚱᚩᛚᛖᛋ,554
uglinesses,11563,0,ᚢᚷᛚᛁᚾᛖᛋᛋᛖᛋ,446
nephoscope,11542,0,ᚾᛖᛈᚻᚩᛋᚳᚩᛈᛖ,352
elderships,11541,0,ᛖᛚᛞᛖᚱᛋᚻᛁᛈᛋ,510
longanimity,11538,0,ᛚᚩᛝᚪᚾᛁᛗᛁᛏᚣ,580
branchiopod,11537,0,ᛒᚱᚪᚾᚳᚻᛡᛈᚩᛞ,480
somesthesis,11531,0,ᛋᚩᛗᛖᛋᚦᛖᛋᛁᛋ,460
scyphozoan,11525,0,ᛋᚳᚣᛈᚻᚩᛋᚩᚪᚾ,428
amygdaline,11511,0,ᚪᛗᚣᚷᛞᚪᛚᛁᚾᛖ,674
excentrics,11510,0,ᛖᛉᚳᛖᚾᛏᚱᛁᚳᛋ,390
briticisms,11509,0,ᛒᚱᛁᛏᛁᚳᛁᛋᛗᛋ,414
aldohexose,11507,0,ᚪᛚᛞᚩᚻᛖᛉᚩᛋᛖ,530
phoenixlike,11497,0,ᛈᚻᛟᚾᛁᛉᛚᛁᚳᛖ,440
cosmologic,11491,0,ᚳᚩᛋᛗᚩᛚᚩᚷᛁᚳ,292
countships,11476,0,ᚳᚩᚢᚾᛏᛋᚻᛁᛈᛋ,314
obstinance,11474,0,ᚩᛒᛋᛏᛁᚾᚪᚾᚳᛖ,446
isogametes,11472,0,ᛁᛋᚩᚷᚪᛗᛖᛏᛖᛋ,522
thitherwards,11462,0,ᚦᛁᚦᛖᚱᚹᚪᚱᛞᛋ,388
longsighted,11462,0,ᛚᚩᛝᛋᛁᚷᚻᛏᛖᛞ,498
surprisals,11459,0,ᛋᚢᚱᛈᚱᛁᛋᚪᛚᛋ,428
overstrict,11458,0,ᚩᚢᛖᚱᛋᛏᚱᛁᚳᛏ,314
piteousness,11452,0,ᛈᛁᛏᛇᚢᛋᚾᛖᛋᛋ,432
subjugator,11449,0,ᛋᚢᛒᛂᚢᚷᚪᛏᚩᚱ,348
achaemenidae,11440,0,ᚪᚳᚻᚫᛗᛖᚾᛁᛞᚫ,622
paperknife,11429,0,ᛈᚪᛈᛖᚱᚳᚾᛁᚠᛖ,403
jockstraps,11407,0,ᛂᚩᚳᚳᛋᛏᚱᚪᛈᛋ,386
mulishness,11406,0,ᛗᚢᛚᛁᛋᚻᚾᛖᛋᛋ,456
guitarfish,11404,0,ᚷᚢᛁᛏᚪᚱᚠᛁᛋᚻ,327
jackbooted,11403,0,ᛂᚪᚳᚳᛒᚩᚩᛏᛖᛞ,450
postulator,11399,0,ᛈᚩᛋᛏᚢᛚᚪᛏᚩᚱ,412
herringbones,11376,0,ᚻᛖᚱᚱᛝᛒᚩᚾᛖᛋ,408
pycnogonid,11371,0,ᛈᚣᚳᚾᚩᚷᚩᚾᛁᛞ,368
humilities,11368,0,ᚻᚢᛗᛁᛚᛁᛏᛁᛖᛋ,442
skinniness,11367,0,ᛋᚳᛁᚾᚾᛁᚾᛖᛋᛋ,388
deciliters,11360,0,ᛞᛖᚳᛁᛚᛁᛏᛖᚱᛋ,494
enlevement,11359,0,ᛖᚾᛚᛖᚢᛖᛗᛖᚾᛏ,532
unveracious,11343,0,ᚢᚾᚢᛖᚱᚪᚳᛡᚢᛋ,386
muciferous,11336,0,ᛗᚢᚳᛁᚠᛖᚱᚩᚢᛋ,261
unwatchful,11319,0,ᚢᚾᚹᚪᛏᚳᚻᚠᚢᛚ,321
shagginess,11318,0,ᛋᚻᚪᚷᚷᛁᚾᛖᛋᛋ,440
remortgage,11306,0,ᚱᛖᛗᚩᚱᛏᚷᚪᚷᛖ,424
harlotries,11294,0,ᚻᚪᚱᛚᚩᛏᚱᛁᛖᛋ,432
serrulated,11291,0,ᛋᛖᚱᚱᚢᛚᚪᛏᛖᛞ,530
unsteadfast,11286,0,ᚢᚾᛋᛏᛠᛞᚠᚪᛋᛏ,553
martyrized,11275,0,ᛗᚪᚱᛏᚣᚱᛁᛋᛖᛞ,592
gaberdines,11274,0,ᚷᚪᛒᛖᚱᛞᛁᚾᛖᛋ,522
ejaculator,11267,0,ᛖᛂᚪᚳᚢᛚᚪᛏᚩᚱ,464
duplicable,11265,0,ᛞᚢᛈᛚᛁᚳᚪᛒᛚᛖ,550
amazements,11264,0,ᚪᛗᚪᛋᛖᛗᛖᚾᛏᛋ,664
pentoxides,11261,0,ᛈᛖᚾᛏᚩᛉᛁᛞᛖᛋ,492
ecuadorans,11256,0,ᛖᚳᚢᚪᛞᚩᚱᚪᚾᛋ,466
tollhouses,11247,0,ᛏᚩᛚᛚᚻᚩᚢᛋᛖᛋ,418
columbites,11244,0,ᚳᚩᛚᚢᛗᛒᛁᛏᛖᛋ,438
commonages,11241,0,ᚳᚩᛗᛗᚩᚾᚪᚷᛖᛋ,432
chassepots,11231,0,ᚳᚻᚪᛋᛋᛖᛈᚩᛏᛋ,468
addlepated,11220,0,ᚪᛞᛞᛚᛖᛈᚪᛏᛖᛞ,770
trinucleate,11216,0,ᛏᚱᛁᚾᚢᚳᛚᛠᛏᛖ,454
correctest,11216,0,ᚳᚩᚱᚱᛖᚳᛏᛖᛋᛏ,360
mastodonts,11204,0,ᛗᚪᛋᛏᚩᛞᚩᚾᛏᛋ,524
unbelieved,11195,0,ᚢᚾᛒᛖᛚᛁᛖᚢᛖᛞ,490
declarable,11188,0,ᛞᛖᚳᛚᚪᚱᚪᛒᛚᛖ,648
velleities,11177,0,ᚢᛖᛚᛚᛖᛁᛏᛁᛖᛋ,524
tetraspore,11165,0,ᛏᛖᛏᚱᚪᛋᛈᚩᚱᛖ,474
stupefyingly,11153,0,ᛋᛏᚢᛈᛖᚠᚣᛝᛚᚣ,585
tightropes,11152,0,ᛏᛁᚷᚻᛏᚱᚩᛈᛖᛋ,370
sticktight,11149,0,ᛋᛏᛁᚳᚳᛏᛁᚷᚻᛏ,358
hemophilias,11149,0,ᚻᛖᛗᚩᛈᚻᛁᛚᛡᛋ,498
spirograph,11143,0,ᛋᛈᛁᚱᚩᚷᚱᚪᛈᚻ,336
unquotable,11136,0,ᚢᚾᚳᚹᚩᛏᚪᛒᛚᛖ,428
allographs,11134,0,ᚪᛚᛚᚩᚷᚱᚪᛈᚻᛋ,494
screenland,11130,0,ᛋᚳᚱᛖᛖᚾᛚᚪᚾᛞ,528
besprinkling,11130,0,ᛒᛖᛋᛈᚱᛁᚾᚳᛚᛝ,460
sporozoans,11128,0,ᛋᛈᚩᚱᚩᛋᚩᚪᚾᛋ,360
aeroembolism,11096,0,ᚫᚱᛟᛗᛒᚩᛚᛁᛋᛗ,562
negativist,11059,0,ᚾᛖᚷᚪᛏᛁᚢᛁᛋᛏ,446
memorizers,11051,0,ᛗᛖᛗᚩᚱᛁᛋᛖᚱᛋ,442
ineloquent,11045,0,ᛁᚾᛖᛚᚩᚳᚹᛖᚾᛏ,394
engagedness,11045,0,ᛖᛝᚪᚷᛖᛞᚾᛖᛋᛋ,618
sandpapers,11035,0,ᛋᚪᚾᛞᛈᚪᛈᛖᚱᛋ,582
copyreaders,11024,0,ᚳᚩᛈᚣᚱᛠᛞᛖᚱᛋ,506
suppresser,11022,0,ᛋᚢᛈᛈᚱᛖᛋᛋᛖᚱ,404
handbarrow,11022,0,ᚻᚪᚾᛞᛒᚪᚱᚱᚩᚹ,444
recoverers,11021,0,ᚱᛖᚳᚩᚢᛖᚱᛖᚱᛋ,310
morphemics,11017,0,ᛗᚩᚱᛈᚻᛖᛗᛁᚳᛋ,390
riotousness,10992,0,ᚱᛡᛏᚩᚢᛋᚾᛖᛋᛋ,442
rudenesses,10986,0,ᚱᚢᛞᛖᚾᛖᛋᛋᛖᛋ,492
stonecrops,10983,0,ᛋᛏᚩᚾᛖᚳᚱᚩᛈᛋ,342
dillydally,10982,0,ᛞᛁᛚᛚᚣᛞᚪᛚᛚᚣ,804
waterfowls,10977,0,ᚹᚪᛏᛖᚱᚠᚩᚹᛚᛋ,407
bisectional,10975,0,ᛒᛁᛋᛖᚳᛏᛡᚾᚪᛚ,590
dissentious,10972,0,ᛞᛁᛋᛋᛖᚾᛏᛡᚢᛋ,544
goosanders,10969,0,ᚷᚩᚩᛋᚪᚾᛞᛖᚱᛋ,430
mummichogs,10965,0,ᛗᚢᛗᛗᛁᚳᚻᚩᚷᛋ,360
dextrality,10942,0,ᛞᛖᛉᛏᚱᚪᛚᛁᛏᚣ,636
calyptrate,10936,0,ᚳᚪᛚᚣᛈᛏᚱᚪᛏᛖ,622
allogamous,10925,0,ᚪᛚᛚᚩᚷᚪᛗᚩᚢᛋ,498
fortuities,10920,0,ᚠᚩᚱᛏᚢᛁᛏᛁᛖᛋ,323
alablaster,10917,0,ᚪᛚᚪᛒᛚᚪᛋᛏᛖᚱ,688
unprincely,10908,0,ᚢᚾᛈᚱᛁᚾᚳᛖᛚᚣ,402
arthropodan,10905,0,ᚪᚱᚦᚱᚩᛈᚩᛞᚪᚾ,396
emendatory,10884,0,ᛖᛗᛖᚾᛞᚪᛏᚩᚱᚣ,600
enjoinment,10878,0,ᛖᚾᛂᚩᛁᚾᛗᛖᚾᛏ,426
sinecurist,10877,0,ᛋᛁᚾᛖᚳᚢᚱᛁᛋᛏ,350
rulerships,10876,0,ᚱᚢᛚᛖᚱᛋᚻᛁᛈᛋ,368
zauschneria,10849,0,ᛋᚪᚢᛋᚳᚻᚾᛖᚱᛡ,456
yestermorn,10843,0,ᚣᛖᛋᛏᛖᚱᛗᚩᚱᚾ,478
paradisaic,10840,0,ᛈᚪᚱᚪᛞᛁᛋᚪᛁᚳ,562
quenchable,10834,0,ᚳᚹᛖᚾᚳᚻᚪᛒᛚᛖ,462
cotelettes,10832,0,ᚳᚩᛏᛖᛚᛖᛏᛏᛖᛋ,524
jaywalkers,10831,0,ᛂᚪᚣᚹᚪᛚᚳᛖᚱᛋ,570
shipkeeper,10817,0,ᛋᚻᛁᛈᚳᛖᛖᛈᛖᚱ,418
ballpoints,10816,0,ᛒᚪᛚᛚᛈᚩᛁᚾᛏᛋ,526
misdivision,10776,0,ᛗᛁᛋᛞᛁᚢᛁᛋᛡᚾ,498
concertgoer,10739,0,ᚳᚩᚾᚳᛖᚱᛏᚷᛟᚱ,310
coprophagia,10735,0,ᚳᚩᛈᚱᚩᛈᚻᚪᚷᛡ,368
fairylands,10704,0,ᚠᚪᛁᚱᚣᛚᚪᚾᛞᛋ,585
hornstones,10682,0,ᚻᚩᚱᚾᛋᛏᚩᚾᛖᛋ,338
skyjackers,10679,0,ᛋᚳᚣᛂᚪᚳᚳᛖᚱᛋ,460
whitefaces,10674,0,ᚹᚻᛁᛏᛖᚠᚪᚳᛖᛋ,431
unbloodied,10672,0,ᚢᚾᛒᛚᚩᚩᛞᛁᛖᛞ,456
underaction,10665,0,ᚢᚾᛞᛖᚱᚪᚳᛏᛡᚾ,504
pullulation,10654,0,ᛈᚢᛚᛚᚢᛚᚪᛏᛡᚾ,560
handclasps,10650,0,ᚻᚪᚾᛞᚳᛚᚪᛋᛈᛋ,570
rigmaroles,10643,0,ᚱᛁᚷᛗᚪᚱᚩᛚᛖᛋ,438
troynovant,10637,0,ᛏᚱᚩᚣᚾᚩᚢᚪᚾᛏ,404
freewheels,10632,0,ᚠᚱᛖᛖᚹᚻᛖᛖᛚᛋ,449
gerfalcons,10613,0,ᚷᛖᚱᚠᚪᛚᚳᚩᚾᛋ,369
figurantes,10611,0,ᚠᛁᚷᚢᚱᚪᚾᛏᛖᛋ,369
stormbound,10602,0,ᛋᛏᚩᚱᛗᛒᚩᚢᚾᛞ,390
imploration,10602,0,ᛁᛗᛈᛚᚩᚱᚪᛏᛡᚾ,528
skinflints,10596,0,ᛋᚳᛁᚾᚠᛚᛁᚾᛏᛋ,373
abstrusely,10593,0,ᚪᛒᛋᛏᚱᚢᛋᛖᛚᚣ,580
remaindering,10587,0,ᚱᛖᛗᚪᛁᚾᛞᛖᚱᛝ,552
dragonlike,10580,0,ᛞᚱᚪᚷᚩᚾᛚᛁᚳᛖ,434
intrenches,10557,0,ᛁᚾᛏᚱᛖᚾᚳᚻᛖᛋ,382
stigmatism,10552,0,ᛋᛏᛁᚷᛗᚪᛏᛁᛋᛗ,542
bemedalled,10529,0,ᛒᛖᛗᛖᛞᚪᛚᛚᛖᛞ,754
distentions,10522,0,ᛞᛁᛋᛏᛖᚾᛏᛡᚾᛋ,576
janisaries,10518,0,ᛂᚪᚾᛁᛋᚪᚱᛁᛖᛋ,506
tortricids,10503,0,ᛏᚩᚱᛏᚱᛁᚳᛁᛞᛋ,364
infortunes,10481,0,ᛁᚾᚠᚩᚱᛏᚢᚾᛖᛋ,291
solacement,10480,0,ᛋᚩᛚᚪᚳᛖᛗᛖᚾᛏ,536
stockiness,10462,0,ᛋᛏᚩᚳᚳᛁᚾᛖᛋᛋ,378
priggishly,10459,0,ᛈᚱᛁᚷᚷᛁᛋᚻᛚᚣ,402
delimitate,10450,0,ᛞᛖᛚᛁᛗᛁᛏᚪᛏᛖ,644
infatuates,10449,0,ᛁᚾᚠᚪᛏᚢᚪᛏᛖᛋ,497
cameleopard,10446,0,ᚳᚪᛗᛖᛚᛇᛈᚪᚱᛞ,602
sobersides,10445,0,ᛋᚩᛒᛖᚱᛋᛁᛞᛖᛋ,492
floppiness,10443,0,ᚠᛚᚩᛈᛈᛁᚾᛖᛋᛋ,401
severeness,10438,0,ᛋᛖᚢᛖᚱᛖᚾᛖᛋᛋ,470
dendriform,10438,0,ᛞᛖᚾᛞᚱᛁᚠᚩᚱᛗ,407
pluviometer,10437,0,ᛈᛚᚢᚢᛡᛗᛖᛏᛖᚱ,504
herschelian,10435,0,ᚻᛖᚱᛋᚳᚻᛖᛚᛡᚾ,466
lukewarmly,10427,0,ᛚᚢᚳᛖᚹᚪᚱᛗᛚᚣ,530
holophytic,10422,0,ᚻᚩᛚᚩᛈᚻᚣᛏᛁᚳ,382
starchless,10411,0,ᛋᛏᚪᚱᚳᚻᛚᛖᛋᛋ,502
matronymic,10410,0,ᛗᚪᛏᚱᚩᚾᚣᛗᛁᚳ,492
farthermore,10409,0,ᚠᚪᚱᚦᛖᚱᛗᚩᚱᛖ,349
congenerous,10407,0,ᚳᚩᛝᛖᚾᛖᚱᚩᚢᛋ,336
umbraculum,10396,0,ᚢᛗᛒᚱᚪᚳᚢᛚᚢᛗ,406
nonrhythmic,10396,0,ᚾᚩᚾᚱᚻᚣᚦᛗᛁᚳ,322
nonfissile,10376,0,ᚾᚩᚾᚠᛁᛋᛋᛁᛚᛖ,375
unbequeathed,10366,0,ᚢᚾᛒᛖᚳᚹᛠᚦᛖᛞ,462
sauceboats,10364,0,ᛋᚪᚢᚳᛖᛒᚩᚪᛏᛋ,510
stableness,10360,0,ᛋᛏᚪᛒᛚᛖᚾᛖᛋᛋ,612
wateriness,10350,0,ᚹᚪᛏᛖᚱᛁᚾᛖᛋᛋ,486
pedicularia,10348,0,ᛈᛖᛞᛁᚳᚢᛚᚪᚱᛡ,534
barricadoes,10348,0,ᛒᚪᚱᚱᛁᚳᚪᛞᛟᛋ,546
sneezewort,10333,0,ᛋᚾᛖᛖᛋᛖᚹᚩᚱᛏ,432
johnsonese,10333,0,ᛂᚩᚻᚾᛋᚩᚾᛖᛋᛖ,372
broadbills,10315,0,ᛒᚱᚩᚪᛞᛒᛁᛚᛚᛋ,556
zoophagous,10311,0,ᛋᚩᚩᛈᚻᚪᚷᚩᚢᛋ,310
dominiques,10308,0,ᛞᚩᛗᛁᚾᛁᚳᚹᛖᛋ,410
reappraises,10306,0,ᚱᛠᛈᛈᚱᚪᛁᛋᛖᛋ,518
coruscated,10301,0,ᚳᚩᚱᚢᛋᚳᚪᛏᛖᛞ,412
hydromancy,10299,0,ᚻᚣᛞᚱᚩᛗᚪᚾᚳᚣ,546
conscribed,10296,0,ᚳᚩᚾᛋᚳᚱᛁᛒᛖᛞ,374
brassiness,10292,0,ᛒᚱᚪᛋᛋᛁᚾᛖᛋᛋ,508
anaxagorean,10286,0,ᚪᚾᚪᛉᚪᚷᚩᚱᛠᚾ,540
semaphoric,10285,0,ᛋᛖᛗᚪᛈᚻᚩᚱᛁᚳ,416
manfulness,10278,0,ᛗᚪᚾᚠᚢᛚᚾᛖᛋᛋ,477
bellyaches,10273,0,ᛒᛖᛚᛚᚣᚪᚳᚻᛖᛋ,630
iodoprotein,10271,0,ᛡᛞᚩᛈᚱᚩᛏᛖᛁᚾ,450
tricolours,10270,0,ᛏᚱᛁᚳᚩᛚᚩᚢᚱᛋ,268
masticates,10261,0,ᛗᚪᛋᛏᛁᚳᚪᛏᛖᛋ,600
gormandize,10255,0,ᚷᚩᚱᛗᚪᚾᛞᛁᛋᛖ,472
marchlands,10251,0,ᛗᚪᚱᚳᚻᛚᚪᚾᛞᛋ,556
brownshirt,10246,0,ᛒᚱᚩᚹᚾᛋᚻᛁᚱᛏ,304
handfasted,10240,0,ᚻᚪᚾᛞᚠᚪᛋᛏᛖᛞ,605
tantalizer,10237,0,ᛏᚪᚾᛏᚪᛚᛁᛋᛖᚱ,576
unpastured,10228,0,ᚢᚾᛈᚪᛋᛏᚢᚱᛖᛞ,454
disfavours,10220,0,ᛞᛁᛋᚠᚪᚢᚩᚢᚱᛋ,349
disenabled,10216,0,ᛞᛁᛋᛖᚾᚪᛒᛚᛖᛞ,656
sanctitude,10215,0,ᛋᚪᚾᚳᛏᛁᛏᚢᛞᛖ,500
battledoor,10208,0,ᛒᚪᛏᛏᛚᛖᛞᚩᚩᚱ,530
rakishness,10199,0,ᚱᚪᚳᛁᛋᚻᚾᛖᛋᛋ,430
tetrastich,10190,0,ᛏᛖᛏᚱᚪᛋᛏᛁᚳᚻ,472
highbinder,10178,0,ᚻᛁᚷᚻᛒᛁᚾᛞᛖᚱ,382
chapfallen,10174,0,ᚳᚻᚪᛈᚠᚪᛚᛚᛖᚾ,517
lonesomely,10166,0,ᛚᚩᚾᛖᛋᚩᛗᛖᛚᚣ,550
misinforms,10155,0,ᛗᛁᛋᛁᚾᚠᚩᚱᛗᛋ,359
arbitrager,10147,0,ᚪᚱᛒᛁᛏᚱᚪᚷᛖᚱ,462
anglophobes,10146,0,ᚪᛝᛚᚩᛈᚻᚩᛒᛖᛋ,510
excruciation,10131,0,ᛖᛉᚳᚱᚢᚳᛡᛏᛡᚾ,456
presentlye,10121,0,ᛈᚱᛖᛋᛖᚾᛏᛚᚣᛖ,572
potbellies,10118,0,ᛈᚩᛏᛒᛖᛚᛚᛁᛖᛋ,534
unabsolved,10115,0,ᚢᚾᚪᛒᛋᚩᛚᚢᛖᛞ,482
carrousels,10114,0,ᚳᚪᚱᚱᚩᚢᛋᛖᛚᛋ,388
anaglyphic,10108,0,ᚪᚾᚪᚷᛚᚣᛈᚻᛁᚳ,526
gaucheness,10107,0,ᚷᚪᚢᚳᚻᛖᚾᛖᛋᛋ,422
comitadjis,10087,0,ᚳᚩᛗᛁᛏᚪᛞᛂᛁᛋ,488
imposthumes,10082,0,ᛁᛗᛈᚩᛋᚦᚢᛗᛖᛋ,404
affettuoso,10077,0,ᚪᚠᚠᛖᛏᛏᚢᚩᛋᚩ,356
disherited,10075,0,ᛞᛁᛋᚻᛖᚱᛁᛏᛖᛞ,520
mindererus,10068,0,ᛗᛁᚾᛞᛖᚱᛖᚱᚢᛋ,432
counterplea,10054,0,ᚳᚩᚢᚾᛏᛖᚱᛈᛚᛠ,414
fussbudget,10053,0,ᚠᚢᛋᛋᛒᚢᛞᚷᛖᛏ,407
clownishly,10041,0,ᚳᛚᚩᚹᚾᛁᛋᚻᛚᚣ,424
discomfits,10040,0,ᛞᛁᛋᚳᚩᛗᚠᛁᛏᛋ,409
tailgaters,10028,0,ᛏᚪᛁᛚᚷᚪᛏᛖᚱᛋ,564
adenosines,10024,0,ᚪᛞᛖᚾᚩᛋᛁᚾᛖᛋ,522
holinesses,10023,0,ᚻᚩᛚᛁᚾᛖᛋᛋᛖᛋ,456
cardsharps,9999,0,ᚳᚪᚱᛞᛋᚻᚪᚱᛈᛋ,490
overbrimming,9977,0,ᚩᚢᛖᚱᛒᚱᛁᛗᛗᛝ,412
chandelles,9961,0,ᚳᚻᚪᚾᛞᛖᛚᛚᛖᛋ,584
grubstaked,9957,0,ᚷᚱᚢᛒᛋᛏᚪᚳᛖᛞ,470
catostomid,9950,0,ᚳᚪᛏᚩᛋᛏᚩᛗᛁᛞ,486
radiophones,9949,0,ᚱᚪᛞᛡᛈᚻᚩᚾᛖᛋ,526
specializer,9935,0,ᛋᛈᛖᚳᛡᛚᛁᛋᛖᚱ,518
discommoding,9931,0,ᛞᛁᛋᚳᚩᛗᛗᚩᛞᛝ,510
skirmishings,9928,0,ᛋᚳᛁᚱᛗᛁᛋᚻᛝᛋ,418
decampment,9901,0,ᛞᛖᚳᚪᛗᛈᛗᛖᚾᛏ,606
assafetida,9885,0,ᚪᛋᛋᚪᚠᛖᛏᛁᛞᚪ,645
strongrooms,9884,0,ᛋᛏᚱᚩᛝᚱᚩᚩᛗᛋ,358
nondrivers,9871,0,ᚾᚩᚾᛞᚱᛁᚢᛖᚱᛋ,330
wanderjahr,9868,0,ᚹᚪᚾᛞᛖᚱᛂᚪᚻᚱ,480
paroxytone,9846,0,ᛈᚪᚱᚩᛉᚣᛏᚩᚾᛖ,470
intemporal,9844,0,ᛁᚾᛏᛖᛗᛈᚩᚱᚪᛚ,488
hippomanes,9838,0,ᚻᛁᛈᛈᚩᛗᚪᚾᛖᛋ,464
sorrentine,9837,0,ᛋᚩᚱᚱᛖᚾᛏᛁᚾᛖ,364
insufflate,9835,0,ᛁᚾᛋᚢᚠᚠᛚᚪᛏᛖ,416
nidifugous,9815,0,ᚾᛁᛞᛁᚠᚢᚷᚩᚢᛋ,265
crispiness,9809,0,ᚳᚱᛁᛋᛈᛁᚾᛖᛋᛋ,384
breastbones,9808,0,ᛒᚱᛠᛋᛏᛒᚩᚾᛖᛋ,510
veraciously,9805,0,ᚢᛖᚱᚪᚳᛡᚢᛋᛚᚣ,530
logography,9796,0,ᛚᚩᚷᚩᚷᚱᚪᛈᚻᚣ,398
liquidizer,9792,0,ᛚᛁᚳᚹᛁᛞᛁᛋᛖᚱ,418
unthrottled,9748,0,ᚢᚾᚦᚱᚩᛏᛏᛚᛖᛞ,402
starvations,9734,0,ᛋᛏᚪᚱᚢᚪᛏᛡᚾᛋ,568
pepperwort,9724,0,ᛈᛖᛈᛈᛖᚱᚹᚩᚱᛏ,370
inheritrix,9715,0,ᛁᚾᚻᛖᚱᛁᛏᚱᛁᛉ,340
decolonise,9709,0,ᛞᛖᚳᚩᛚᚩᚾᛁᛋᛖ,436
hypnotiser,9701,0,ᚻᚣᛈᚾᚩᛏᛁᛋᛖᚱ,426
puissaunce,9689,0,ᛈᚢᛁᛋᛋᚪᚢᚾᚳᛖ,392
debonairly,9685,0,ᛞᛖᛒᚩᚾᚪᛁᚱᛚᚣ,568
sheepshank,9684,0,ᛋᚻᛖᛖᛈᛋᚻᚪᚾᚳ,468
reinspired,9681,0,ᚱᛖᛁᚾᛋᛈᛁᚱᛖᛞ,432
discreeter,9681,0,ᛞᛁᛋᚳᚱᛖᛖᛏᛖᚱ,468
pelycosaur,9680,0,ᛈᛖᛚᚣᚳᚩᛋᚪᚢᚱ,470
retardment,9676,0,ᚱᛖᛏᚪᚱᛞᛗᛖᚾᛏ,560
undersexed,9671,0,ᚢᚾᛞᛖᚱᛋᛖᛉᛖᛞ,522
communisms,9661,0,ᚳᚩᛗᛗᚢᚾᛁᛋᛗᛋ,402
gallantest,9651,0,ᚷᚪᛚᛚᚪᚾᛏᛖᛋᛏ,624
cataphract,9621,0,ᚳᚪᛏᚪᛈᚻᚱᚪᚳᛏ,512
bryophytic,9618,0,ᛒᚱᚣᚩᛈᚻᚣᛏᛁᚳ,454
woolsorter,9609,0,ᚹᚩᚩᛚᛋᚩᚱᛏᛖᚱ,314
fortissimi,9587,0,ᚠᚩᚱᛏᛁᛋᛋᛁᛗᛁ,349
blockheaded,9586,0,ᛒᛚᚩᚳᚳᚻᛠᛞᛖᛞ,544
hectometre,9578,0,ᚻᛖᚳᛏᚩᛗᛖᛏᚱᛖ,444
unlearnable,9572,0,ᚢᚾᛚᛠᚱᚾᚪᛒᛚᛖ,552
graduality,9561,0,ᚷᚱᚪᛞᚢᚪᛚᛁᛏᚣ,580
russophobe,9546,0,ᚱᚢᛋᛋᚩᛈᚻᚩᛒᛖ,328
unresigned,9538,0,ᚢᚾᚱᛖᛋᛁᚷᚾᛖᛞ,396
candymaker,9536,0,ᚳᚪᚾᛞᚣᛗᚪᚳᛖᚱ,590
dilapidating,9534,0,ᛞᛁᛚᚪᛈᛁᛞᚪᛏᛝ,688
protistans,9512,0,ᛈᚱᚩᛏᛁᛋᛏᚪᚾᛋ,442
unreasoningly,9500,0,ᚢᚾᚱᛠᛋᚩᚾᛝᛚᚣ,496
efflorescing,9496,0,ᛖᚠᚠᛚᚩᚱᛖᛋᚳᛝ,374
cloverleafs,9476,0,ᚳᛚᚩᚢᛖᚱᛚᛠᚠᛋ,411
catechetic,9471,0,ᚳᚪᛏᛖᚳᚻᛖᛏᛁᚳ,442
overweighs,9469,0,ᚩᚢᛖᚱᚹᛖᛁᚷᚻᛋ,298
ponderosas,9466,0,ᛈᚩᚾᛞᛖᚱᚩᛋᚪᛋ,456
perversive,9459,0,ᛈᛖᚱᚢᛖᚱᛋᛁᚢᛖ,356
unwithdrawn,9457,0,ᚢᚾᚹᛁᚦᛞᚱᚪᚹᚾ,332
niggertown,9450,0,ᚾᛁᚷᚷᛖᚱᛏᚩᚹᚾ,286
besmirches,9440,0,ᛒᛖᛋᛗᛁᚱᚳᚻᛖᛋ,450
strawstack,9432,0,ᛋᛏᚱᚪᚹᛋᛏᚪᚳᚳ,474
mandamuses,9427,0,ᛗᚪᚾᛞᚪᛗᚢᛋᛖᛋ,630
dartboards,9427,0,ᛞᚪᚱᛏᛒᚩᚪᚱᛞᛋ,574
chupatties,9417,0,ᚳᚻᚢᛈᚪᛏᛏᛁᛖᛋ,448
cyberpunks,9413,0,ᚳᚣᛒᛖᚱᛈᚢᚾᚳᛋ,396
delineative,9409,0,ᛞᛖᛚᛁᚾᛠᛏᛁᚢᛖ,558
gallicised,9406,0,ᚷᚪᛚᛚᛁᚳᛁᛋᛖᛞ,544
windburned,9390,0,ᚹᛁᚾᛞᛒᚢᚱᚾᛖᛞ,428
armipotent,9370,0,ᚪᚱᛗᛁᛈᚩᛏᛖᚾᛏ,474
googolplex,9367,0,ᚷᚩᚩᚷᚩᛚᛈᛚᛖᛉ,358
handsbreadth,9353,0,ᚻᚪᚾᛞᛋᛒᚱᛠᛞᚦ,566
overthrower,9343,0,ᚩᚢᛖᚱᚦᚱᚩᚹᛖᚱ,208
dairywoman,9335,0,ᛞᚪᛁᚱᚣᚹᚩᛗᚪᚾ,554
quarreller,9315,0,ᚳᚹᚪᚱᚱᛖᛚᛚᛖᚱ,442
bastinadoes,9308,0,ᛒᚪᛋᛏᛁᚾᚪᛞᛟᛋ,652
trainbearer,9301,0,ᛏᚱᚪᛁᚾᛒᛠᚱᛖᚱ,486
kittenhood,9298,0,ᚳᛁᛏᛏᛖᚾᚻᚩᚩᛞ,384
borsholder,9297,0,ᛒᚩᚱᛋᚻᚩᛚᛞᛖᚱ,402
disbursers,9288,0,ᛞᛁᛋᛒᚢᚱᛋᛖᚱᛋ,432
decompiler,9277,0,ᛞᛖᚳᚩᛗᛈᛁᛚᛖᚱ,472
admissibly,9277,0,ᚪᛞᛗᛁᛋᛋᛁᛒᛚᚣ,662
standishes,9275,0,ᛋᛏᚪᚾᛞᛁᛋᚻᛖᛋ,554
overscored,9265,0,ᚩᚢᛖᚱᛋᚳᚩᚱᛖᛞ,328
argyrodite,9260,0,ᚪᚱᚷᚣᚱᚩᛞᛁᛏᛖ,492
overspends,9252,0,ᚩᚢᛖᚱᛋᛈᛖᚾᛞᛋ,422
afterbirths,9245,0,ᚪᚠᛏᛖᚱᛒᛁᚱᚦᛋ,397
selectness,9220,0,ᛋᛖᛚᛖᚳᛏᚾᛖᛋᛋ,534
carbuncled,9213,0,ᚳᚪᚱᛒᚢᚾᚳᛚᛖᛞ,456
namelessly,9205,0,ᚾᚪᛗᛖᛚᛖᛋᛋᛚᚣ,686
lumpsucker,9203,0,ᛚᚢᛗᛈᛋᚢᚳᚳᛖᚱ,350
feudalised,9195,0,ᚠᛖᚢᛞᚪᛚᛁᛋᛖᛞ,571
savourless,9191,0,ᛋᚪᚢᚩᚢᚱᛚᛖᛋᛋ,420
carpospore,9186,0,ᚳᚪᚱᛈᚩᛋᛈᚩᚱᛖ,352
sapodillas,9184,0,ᛋᚪᛈᚩᛞᛁᛚᛚᚪᛋ,616
crewelwork,9184,0,ᚳᚱᛖᚹᛖᛚᚹᚩᚱᚳ,300
commonweals,9172,0,ᚳᚩᛗᛗᚩᚾᚹᛠᛚᛋ,452
arabesqued,9168,0,ᚪᚱᚪᛒᛖᛋᚳᚹᛖᛞ,574
rightfield,9160,0,ᚱᛁᚷᚻᛏᚠᛁᛖᛚᛞ,403
vesicatory,9152,0,ᚢᛖᛋᛁᚳᚪᛏᚩᚱᚣ,444
wainscotings,9145,0,ᚹᚪᛁᚾᛋᚳᚩᛏᛝᛋ,440
jeronymite,9137,0,ᛂᛖᚱᚩᚾᚣᛗᛁᛏᛖ,482
divisively,9137,0,ᛞᛁᚢᛁᛋᛁᚢᛖᛚᚣ,484
misogynism,9113,0,ᛗᛁᛋᚩᚷᚣᚾᛁᛋᛗ,466
gelatinise,9100,0,ᚷᛖᛚᚪᛏᛁᚾᛁᛋᛖ,524
shelterers,9087,0,ᛋᚻᛖᛚᛏᛖᚱᛖᚱᛋ,484
pyocyanase,9081,0,ᛈᚣᚩᚳᚣᚪᚾᚪᛋᛖ,612
sternposts,9079,0,ᛋᛏᛖᚱᚾᛈᚩᛋᛏᛋ,434
breadfruits,9079,0,ᛒᚱᛠᛞᚠᚱᚢᛁᛏᛋ,429
watersides,9067,0,ᚹᚪᛏᛖᚱᛋᛁᛞᛖᛋ,546
overhanded,9065,0,ᚩᚢᛖᚱᚻᚪᚾᛞᛖᛞ,482
murmuration,9052,0,ᛗᚢᚱᛗᚢᚱᚪᛏᛡᚾ,462
forlornest,9046,0,ᚠᚩᚱᛚᚩᚱᚾᛖᛋᛏ,319
cellarette,9041,0,ᚳᛖᛚᛚᚪᚱᛖᛏᛏᛖ,586
nosepieces,9039,0,ᚾᚩᛋᛖᛈᛁᛖᚳᛖᛋ,430
lusterware,9024,0,ᛚᚢᛋᛏᛖᚱᚹᚪᚱᛖ,460
jocoseness,9014,0,ᛂᚩᚳᚩᛋᛖᚾᛖᛋᛋ,386
neckpieces,9009,0,ᚾᛖᚳᚳᛈᛁᛖᚳᛖᛋ,396
lyophilize,9008,0,ᛚᚣᚩᛈᚻᛁᛚᛁᛋᛖ,504
astringently,8977,0,ᚪᛋᛏᚱᛝᛖᚾᛏᛚᚣ,630
prescinded,8974,0,ᛈᚱᛖᛋᚳᛁᚾᛞᛖᛞ,492
iguanodons,8969,0,ᛁᚷᚢᚪᚾᚩᛞᚩᚾᛋ,362
almoravide,8958,0,ᚪᛚᛗᚩᚱᚪᚢᛁᛞᛖ,546
consolable,8954,0,ᚳᚩᚾᛋᚩᛚᚪᛒᛚᛖ,480
incasement,8940,0,ᛁᚾᚳᚪᛋᛖᛗᛖᚾᛏ,516
enviousness,8939,0,ᛖᚾᚢᛡᚢᛋᚾᛖᛋᛋ,464
tachymeter,8934,0,ᛏᚪᚳᚻᚣᛗᛖᛏᛖᚱ,570
denunciator,8934,0,ᛞᛖᚾᚢᚾᚳᛡᛏᚩᚱ,414
conniptions,8930,0,ᚳᚩᚾᚾᛁᛈᛏᛡᚾᛋ,400
forefronts,8927,0,ᚠᚩᚱᛖᚠᚱᚩᚾᛏᛋ,248
spiraculum,8922,0,ᛋᛈᛁᚱᚪᚳᚢᛚᚢᛗ,398
knottiness,8922,0,ᚳᚾᚩᛏᛏᛁᚾᛖᛋᛋ,400
carbonylic,8906,0,ᚳᚪᚱᛒᚩᚾᚣᛚᛁᚳ,438
allegorise,8888,0,ᚪᛚᛚᛖᚷᚩᚱᛁᛋᛖ,496
throughfare,8886,0,ᚦᚱᚩᚢᚷᚻᚠᚪᚱᛖ,243
mishandles,8868,0,ᛗᛁᛋᚻᚪᚾᛞᛚᛖᛋ,586
horselaugh,8863,0,ᚻᚩᚱᛋᛖᛚᚪᚢᚷᚻ,374
designment,8863,0,ᛞᛖᛋᛁᚷᚾᛗᛖᚾᛏ,512
garnisheeing,8849,0,ᚷᚪᚱᚾᛁᛋᚻᛖᛖᛝ,474
lamplights,8841,0,ᛚᚪᛗᛈᛚᛁᚷᚻᛏᛋ,540
pleasureful,8839,0,ᛈᛚᛠᛋᚢᚱᛖᚠᚢᛚ,437
inanimated,8820,0,ᛁᚾᚪᚾᛁᛗᚪᛏᛖᛞ,600
borrowable,8818,0,ᛒᚩᚱᚱᚩᚹᚪᛒᛚᛖ,414
autoplasty,8808,0,ᚪᚢᛏᚩᛈᛚᚪᛋᛏᚣ,594
methuselahs,8805,0,ᛗᛖᚦᚢᛋᛖᛚᚪᚻᛋ,512
undepraved,8802,0,ᚢᚾᛞᛖᛈᚱᚪᚢᛖᛞ,498
matchboard,8798,0,ᛗᚪᛏᚳᚻᛒᚩᚪᚱᛞ,528
uncompared,8793,0,ᚢᚾᚳᚩᛗᛈᚪᚱᛖᛞ,430
proairesis,8792,0,ᛈᚱᚩᚪᛁᚱᛖᛋᛁᛋ,404
bitterwood,8782,0,ᛒᛁᛏᛏᛖᚱᚹᚩᚩᛞ,410
plesiosauria,8760,0,ᛈᛚᛖᛋᛡᛋᚪᚢᚱᛡ,614
travelable,8759,0,ᛏᚱᚪᚢᛖᛚᚪᛒᛚᛖ,608
groundsels,8747,0,ᚷᚱᚩᚢᚾᛞᛋᛖᛚᛋ,402
roisterous,8733,0,ᚱᚩᛁᛋᛏᛖᚱᚩᚢᛋ,302
malefaction,8724,0,ᛗᚪᛚᛖᚠᚪᚳᛏᛡᚾ,615
interlineal,8723,0,ᛁᚾᛏᛖᚱᛚᛁᚾᛠᛚ,512
acromegalia,8691,0,ᚪᚳᚱᚩᛗᛖᚷᚪᛚᛡ,560
ratability,8689,0,ᚱᚪᛏᚪᛒᛁᛚᛁᛏᚣ,622
bondswomen,8689,0,ᛒᚩᚾᛞᛋᚹᚩᛗᛖᚾ,432
clepsydras,8685,0,ᚳᛚᛖᛈᛋᚣᛞᚱᚪᛋ,602
sudatorium,8681,0,ᛋᚢᛞᚪᛏᚩᚱᛁᚢᛗ,424
conversers,8679,0,ᚳᚩᚾᚢᛖᚱᛋᛖᚱᛋ,314
panhandled,8678,0,ᛈᚪᚾᚻᚪᚾᛞᛚᛖᛞ,636
interlards,8677,0,ᛁᚾᛏᛖᚱᛚᚪᚱᛞᛋ,520
renovative,8663,0,ᚱᛖᚾᚩᚢᚪᛏᛁᚢᛖ,374
overskirts,8660,0,ᚩᚢᛖᚱᛋᚳᛁᚱᛏᛋ,308
temporizer,8621,0,ᛏᛖᛗᛈᚩᚱᛁᛋᛖᚱ,420
karyolymph,8621,0,ᚳᚪᚱᚣᚩᛚᚣᛗᛈᚻ,544
floridness,8617,0,ᚠᛚᚩᚱᛁᛞᚾᛖᛋᛋ,415
masterwort,8610,0,ᛗᚪᛋᛏᛖᚱᚹᚩᚱᛏ,454
imboldened,8606,0,ᛁᛗᛒᚩᛚᛞᛖᚾᛖᛞ,584
bootlicker,8599,0,ᛒᚩᚩᛏᛚᛁᚳᚳᛖᚱ,342
synchronal,8590,0,ᛋᚣᚾᚳᚻᚱᚩᚾᚪᛚ,438
popularism,8586,0,ᛈᚩᛈᚢᛚᚪᚱᛁᛋᛗ,432
spatchcock,8571,0,ᛋᛈᚪᛏᚳᚻᚳᚩᚳᚳ,334
redevelops,8554,0,ᚱᛖᛞᛖᚢᛖᛚᚩᛈᛋ,480
vomitories,8551,0,ᚢᚩᛗᛁᛏᚩᚱᛁᛖᛋ,340
osculations,8551,0,ᚩᛋᚳᚢᛚᚪᛏᛡᚾᛋ,494
hemicycles,8539,0,ᚻᛖᛗᛁᚳᚣᚳᛚᛖᛋ,514
militarise,8538,0,ᛗᛁᛚᛁᛏᚪᚱᛁᛋᛖ,524
presbyopes,8523,0,ᛈᚱᛖᛋᛒᚣᚩᛈᛖᛋ,508
protrusile,8521,0,ᛈᚱᚩᛏᚱᚢᛋᛁᛚᛖ,358
saskatoons,8512,0,ᛋᚪᛋᚳᚪᛏᚩᚩᚾᛋ,468
phagedaenic,8510,0,ᛈᚻᚪᚷᛖᛞᚫᚾᛁᚳ,510
dislikable,8510,0,ᛞᛁᛋᛚᛁᚳᚪᛒᛚᛖ,588
courtliest,8510,0,ᚳᚩᚢᚱᛏᛚᛁᛖᛋᛏ,376
wirelesses,8504,0,ᚹᛁᚱᛖᛚᛖᛋᛋᛖᛋ,494
babblement,8503,0,ᛒᚪᛒᛒᛚᛖᛗᛖᚾᛏ,646
prissiness,8492,0,ᛈᚱᛁᛋᛋᛁᚾᛖᛋᛋ,424
seraphical,8489,0,ᛋᛖᚱᚪᛈᚻᛁᚳᚪᛚ,508
caffeinism,8481,0,ᚳᚪᚠᚠᛖᛁᚾᛁᛋᛗ,396
saunterers,8474,0,ᛋᚪᚢᚾᛏᛖᚱᛖᚱᛋ,450
heraldries,8473,0,ᚻᛖᚱᚪᛚᛞᚱᛁᛖᛋ,522
caruncular,8473,0,ᚳᚪᚱᚢᚾᚳᚢᛚᚪᚱ,350
undomestic,8471,0,ᚢᚾᛞᚩᛗᛖᛋᛏᛁᚳ,422
allamandas,8460,0,ᚪᛚᛚᚪᛗᚪᚾᛞᚪᛋ,776
imprecates,8441,0,ᛁᛗᛈᚱᛖᚳᚪᛏᛖᛋ,512
marrowfats,8440,0,ᛗᚪᚱᚱᚩᚹᚠᚪᛏᛋ,427
downfallen,8431,0,ᛞᚩᚹᚾᚠᚪᛚᛚᛖᚾ,485
reattribute,8409,0,ᚱᛠᛏᛏᚱᛁᛒᚢᛏᛖ,470
decameters,8408,0,ᛞᛖᚳᚪᛗᛖᛏᛖᚱᛋ,594
vivacities,8402,0,ᚢᛁᚢᚪᚳᛁᛏᛁᛖᛋ,388
hawfinches,8387,0,ᚻᚪᚹᚠᛁᚾᚳᚻᛖᛋ,357
unmagnetic,8384,0,ᚢᚾᛗᚪᚷᚾᛖᛏᛁᚳ,416
distilment,8381,0,ᛞᛁᛋᛏᛁᛚᛗᛖᚾᛏ,562
fecundates,8376,0,ᚠᛖᚳᚢᚾᛞᚪᛏᛖᛋ,479
bilirubins,8376,0,ᛒᛁᛚᛁᚱᚢᛒᛁᚾᛋ,384
terrorises,8366,0,ᛏᛖᚱᚱᚩᚱᛁᛋᛖᛋ,370
promenader,8365,0,ᛈᚱᚩᛗᛖᚾᚪᛞᛖᚱ,492
validatory,8362,0,ᚢᚪᛚᛁᛞᚪᛏᚩᚱᚣ,570
peridinians,8355,0,ᛈᛖᚱᛁᛞᛁᚾᛡᚾᛋ,490
caramelise,8350,0,ᚳᚪᚱᚪᛗᛖᛚᛁᛋᛖ,580
nautiluses,8341,0,ᚾᚪᚢᛏᛁᛚᚢᛋᛖᛋ,468
glendoveer,8335,0,ᚷᛚᛖᚾᛞᚩᚢᛖᛖᚱ,430
treponemas,8331,0,ᛏᚱᛖᛈᚩᚾᛖᛗᚪᛋ,504
unhomelike,8327,0,ᚢᚾᚻᚩᛗᛖᛚᛁᚳᛖ,384
confirmers,8323,0,ᚳᚩᚾᚠᛁᚱᛗᛖᚱᛋ,295
plebeianism,8319,0,ᛈᛚᛖᛒᛖᛡᚾᛁᛋᛗ,602
shopwalker,8311,0,ᛋᚻᚩᛈᚹᚪᛚᚳᛖᚱ,406
carbonadoed,8303,0,ᚳᚪᚱᛒᚩᚾᚪᛞᛟᛞ,576
obbligatos,8299,0,ᚩᛒᛒᛚᛁᚷᚪᛏᚩᛋ,466
pyrrhuloxia,8297,0,ᛈᚣᚱᚱᚻᚢᛚᚩᛉᛡ,428
garibaldis,8290,0,ᚷᚪᚱᛁᛒᚪᛚᛞᛁᛋ,560
limberness,8285,0,ᛚᛁᛗᛒᛖᚱᚾᛖᛋᛋ,516
unwellness,8283,0,ᚢᚾᚹᛖᛚᛚᚾᛖᛋᛋ,466
achromatin,8282,0,ᚪᚳᚻᚱᚩᛗᚪᛏᛁᚾ,438
detractive,8279,0,ᛞᛖᛏᚱᚪᚳᛏᛁᚢᛖ,496
horridness,8275,0,ᚻᚩᚱᚱᛁᛞᚾᛖᛋᛋ,374
belletrist,8269,0,ᛒᛖᛚᛚᛖᛏᚱᛁᛋᛏ,554
chucklehead,8255,0,ᚳᚻᚢᚳᚳᛚᛖᚻᛠᛞ,426
oversubtle,8243,0,ᚩᚢᛖᚱᛋᚢᛒᛏᛚᛖ,404
stackyards,8242,0,ᛋᛏᚪᚳᚳᚣᚪᚱᛞᛋ,588
kymographs,8237,0,ᚳᚣᛗᚩᚷᚱᚪᛈᚻᛋ,438
ketohexose,8236,0,ᚳᛖᛏᚩᚻᛖᛉᚩᛋᛖ,410
unelevated,8234,0,ᚢᚾᛖᛚᛖᚢᚪᛏᛖᛞ,554
conservant,8233,0,ᚳᚩᚾᛋᛖᚱᚢᚪᚾᛏ,368
interceder,8232,0,ᛁᚾᛏᛖᚱᚳᛖᛞᛖᚱ,444
southernism,8219,0,ᛋᚩᚢᚦᛖᚱᚾᛁᛋᛗ,330
thimblefuls,8218,0,ᚦᛁᛗᛒᛚᛖᚠᚢᛚᛋ,439
chamberers,8209,0,ᚳᚻᚪᛗᛒᛖᚱᛖᚱᛋ,474
protanopic,8205,0,ᛈᚱᚩᛏᚪᚾᚩᛈᛁᚳ,340
quiristers,8198,0,ᚳᚹᛁᚱᛁᛋᛏᛖᚱᛋ,348
jaboticaba,8175,0,ᛂᚪᛒᚩᛏᛁᚳᚪᛒᚪ,560
holystoned,8175,0,ᚻᚩᛚᚣᛋᛏᚩᚾᛖᛞ,510
foreshowed,8170,0,ᚠᚩᚱᛖᛋᚻᚩᚹᛖᛞ,345
pasteurise,8169,0,ᛈᚪᛋᛏᛖᚢᚱᛁᛋᛖ,484
eudiometers,8156,0,ᛖᚢᛞᛡᛗᛖᛏᛖᚱᛋ,594
psephology,8155,0,ᛈᛋᛖᛈᚻᚩᛚᚩᚷᚣ,436
pancratiast,8147,0,ᛈᚪᚾᚳᚱᚪᛏᛡᛋᛏ,568
ridgepoles,8145,0,ᚱᛁᛞᚷᛖᛈᚩᛚᛖᛋ,458
ingratitudes,8144,0,ᛝᚱᚪᛏᛁᛏᚢᛞᛖᛋ,548
displeasant,8140,0,ᛞᛁᛋᛈᛚᛠᛋᚪᚾᛏ,636
admirative,8139,0,ᚪᛞᛗᛁᚱᚪᛏᛁᚢᛖ,556
captivator,8134,0,ᚳᚪᛈᛏᛁᚢᚪᛏᚩᚱ,420
ghostwrite,8131,0,ᚷᚻᚩᛋᛏᚹᚱᛁᛏᛖ,346
acclimates,8108,0,ᚪᚳᚳᛚᛁᛗᚪᛏᛖᛋ,574
handshakings,8085,0,ᚻᚪᚾᛞᛋᚻᚪᚳᛝᛋ,556
septectomy,8084,0,ᛋᛖᛈᛏᛖᚳᛏᚩᛗᚣ,542
gladioluses,8076,0,ᚷᛚᚪᛞᛡᛚᚢᛋᛖᛋ,632
heterogeny,8071,0,ᚻᛖᛏᛖᚱᚩᚷᛖᚾᚣ,450
placidness,8066,0,ᛈᛚᚪᚳᛁᛞᚾᛖᛋᛋ,548
austenites,8062,0,ᚪᚢᛋᛏᛖᚾᛁᛏᛖᛋ,518
irreverend,8059,0,ᛁᚱᚱᛖᚢᛖᚱᛖᚾᛞ,386
overpraising,8057,0,ᚩᚢᛖᚱᛈᚱᚪᛁᛋᛝ,402
dreamworlds,8057,0,ᛞᚱᛠᛗᚹᚩᚱᛚᛞᛋ,532
misordered,8056,0,ᛗᛁᛋᚩᚱᛞᛖᚱᛖᛞ,496
bullnecked,8047,0,ᛒᚢᛚᛚᚾᛖᚳᚳᛖᛞ,488
spearfishes,8039,0,ᛋᛈᛠᚱᚠᛁᛋᚻᛖᛋ,445
ablutionary,8038,0,ᚪᛒᛚᚢᛏᛡᚾᚪᚱᚣ,640
rapacities,8025,0,ᚱᚪᛈᚪᚳᛁᛏᛁᛖᛋ,502
surfboarding,8023,0,ᛋᚢᚱᚠᛒᚩᚪᚱᛞᛝ,413
besetments,8020,0,ᛒᛖᛋᛖᛏᛗᛖᚾᛏᛋ,586
spruceness,8019,0,ᛋᛈᚱᚢᚳᛖᚾᛖᛋᛋ,392
bounciness,8011,0,ᛒᚩᚢᚾᚳᛁᚾᛖᛋᛋ,346
indecorums,8009,0,ᛁᚾᛞᛖᚳᚩᚱᚢᛗᛋ,374
harborless,8005,0,ᚻᚪᚱᛒᚩᚱᛚᛖᛋᛋ,456
sibilantly,8000,0,ᛋᛁᛒᛁᛚᚪᚾᛏᛚᚣ,610
bombazines,7999,0,ᛒᚩᛗᛒᚪᛋᛁᚾᛖᛋ,530
sportscast,7998,0,ᛋᛈᚩᚱᛏᛋᚳᚪᛋᛏ,448
depolarise,7992,0,ᛞᛖᛈᚩᛚᚪᚱᛁᛋᛖ,538
idolisation,7985,0,ᛁᛞᚩᛚᛁᛋᚪᛏᛡᚾ,576
formlessly,7980,0,ᚠᚩᚱᛗᛚᛖᛋᛋᛚᚣ,513
otterhound,7975,0,ᚩᛏᛏᛖᚱᚻᚩᚢᚾᛞ,354
extricable,7972,0,ᛖᛉᛏᚱᛁᚳᚪᛒᛚᛖ,526
ephemerids,7971,0,ᛖᛈᚻᛖᛗᛖᚱᛁᛞᛋ,522
selenology,7967,0,ᛋᛖᛚᛖᚾᚩᛚᚩᚷᚣ,496
chamomiles,7966,0,ᚳᚻᚪᛗᚩᛗᛁᛚᛖᛋ,506
virulences,7962,0,ᚢᛁᚱᚢᛚᛖᚾᚳᛖᛋ,350
cherimoyas,7962,0,ᚳᚻᛖᚱᛁᛗᚩᚣᚪᛋ,476
hemipteron,7956,0,ᚻᛖᛗᛁᛈᛏᛖᚱᚩᚾ,408
patriarchic,7954,0,ᛈᚪᛏᚱᛡᚱᚳᚻᛁᚳ,408
stringybarks,7951,0,ᛋᛏᚱᛝᚣᛒᚪᚱᚳᛋ,540
uncollated,7941,0,ᚢᚾᚳᚩᛚᛚᚪᛏᛖᛞ,510
hyperpiesia,7937,0,ᚻᚣᛈᛖᚱᛈᛁᛖᛋᛡ,548
unresponding,7927,0,ᚢᚾᚱᛖᛋᛈᚩᚾᛞᛝ,410
chaparrals,7926,0,ᚳᚻᚪᛈᚪᚱᚱᚪᛚᛋ,518
sportiness,7921,0,ᛋᛈᚩᚱᛏᛁᚾᛖᛋᛋ,406
returnless,7919,0,ᚱᛖᛏᚢᚱᚾᛚᛖᛋᛋ,426
enregister,7918,0,ᛖᚾᚱᛖᚷᛁᛋᛏᛖᚱ,412
butyraceous,7916,0,ᛒᚢᛏᚣᚱᚪᚳᛇᚢᛋ,444
preadamites,7912,0,ᛈᚱᛠᛞᚪᛗᛁᛏᛖᛋ,630
chanciness,7910,0,ᚳᚻᚪᚾᚳᛁᚾᛖᛋᛋ,408
baldachins,7895,0,ᛒᚪᛚᛞᚪᚳᚻᛁᚾᛋ,566
branchlike,7892,0,ᛒᚱᚪᚾᚳᚻᛚᛁᚳᛖ,418
rhinoscope,7887,0,ᚱᚻᛁᚾᚩᛋᚳᚩᛈᛖ,284
humblebees,7881,0,ᚻᚢᛗᛒᛚᛖᛒᛖᛖᛋ,546
candlenuts,7874,0,ᚳᚪᚾᛞᛚᛖᚾᚢᛏᛋ,512
unsafeness,7871,0,ᚢᚾᛋᚪᚠᛖᚾᛖᛋᛋ,453
unreverend,7869,0,ᚢᚾᚱᛖᚢᛖᚱᛖᚾᛞ,376
scombroids,7868,0,ᛋᚳᚩᛗᛒᚱᚩᛁᛞᛋ,396
polygonums,7861,0,ᛈᚩᛚᚣᚷᚩᚾᚢᛗᛋ,406
nitpickers,7853,0,ᚾᛁᛏᛈᛁᚳᚳᛖᚱᛋ,350
reinstruct,7845,0,ᚱᛖᛁᚾᛋᛏᚱᚢᚳᛏ,336
uranalysis,7832,0,ᚢᚱᚪᚾᚪᛚᚣᛋᛁᛋ,550
asarabacca,7832,0,ᚪᛋᚪᚱᚪᛒᚪᚳᚳᚪ,636
weatherglass,7825,0,ᚹᛠᚦᛖᚱᚷᛚᚪᛋᛋ,504
furiousness,7819,0,ᚠᚢᚱᛡᚢᛋᚾᛖᛋᛋ,381
sleepyheads,7815,0,ᛋᛚᛖᛖᛈᚣᚻᛠᛞᛋ,680
buddhaship,7811,0,ᛒᚢᛞᛞᚻᚪᛋᚻᛁᛈ,512
submarined,7810,0,ᛋᚢᛒᛗᚪᚱᛁᚾᛖᛞ,512
champaigns,7804,0,ᚳᚻᚪᛗᛈᚪᛁᚷᚾᛋ,474
lampooners,7801,0,ᛚᚪᛗᛈᚩᚩᚾᛖᚱᛋ,458
forebrains,7789,0,ᚠᚩᚱᛖᛒᚱᚪᛁᚾᛋ,369
centilitre,7778,0,ᚳᛖᚾᛏᛁᛚᛁᛏᚱᛖ,440
unhumorous,7777,0,ᚢᚾᚻᚢᛗᚩᚱᚩᚢᛋ,210
wiretapper,7750,0,ᚹᛁᚱᛖᛏᚪᛈᛈᛖᚱ,448
unflurried,7744,0,ᚢᚾᚠᛚᚢᚱᚱᛁᛖᛞ,319
pellucidly,7735,0,ᛈᛖᛚᛚᚢᚳᛁᛞᛚᚣ,568
unpromised,7734,0,ᚢᚾᛈᚱᚩᛗᛁᛋᛖᛞ,404
blackballs,7730,0,ᛒᛚᚪᚳᚳᛒᚪᛚᛚᛋ,614
camarillas,7706,0,ᚳᚪᛗᚪᚱᛁᛚᛚᚪᛋ,616
ancestorial,7703,0,ᚪᚾᚳᛖᛋᛏᚩᚱᛡᛚ,516
unbreeched,7701,0,ᚢᚾᛒᚱᛖᛖᚳᚻᛖᛞ,430
unbroached,7696,0,ᚢᚾᛒᚱᚩᚪᚳᚻᛖᛞ,400
partialness,7690,0,ᛈᚪᚱᛏᛡᛚᚾᛖᛋᛋ,592
playwriter,7688,0,ᛈᛚᚪᚣᚹᚱᛁᛏᛖᚱ,514
refinishes,7687,0,ᚱᛖᚠᛁᚾᛁᛋᚻᛖᛋ,367
inspissate,7686,0,ᛁᚾᛋᛈᛁᛋᛋᚪᛏᛖ,516
arthrospore,7666,0,ᚪᚱᚦᚱᚩᛋᛈᚩᚱᛖ,312
fornicates,7662,0,ᚠᚩᚱᚾᛁᚳᚪᛏᛖᛋ,369
foamflower,7640,0,ᚠᚩᚪᛗᚠᛚᚩᚹᛖᚱ,356
catholicize,7640,0,ᚳᚪᚦᚩᛚᛁᚳᛁᛋᛖ,390
carbamides,7638,0,ᚳᚪᚱᛒᚪᛗᛁᛞᛖᛋ,590
uninominal,7623,0,ᚢᚾᛁᚾᚩᛗᛁᚾᚪᛚ,400
macrocosms,7620,0,ᛗᚪᚳᚱᚩᚳᚩᛋᛗᛋ,396
couplement,7618,0,ᚳᚩᚢᛈᛚᛖᛗᛖᚾᛏ,432
purebloods,7614,0,ᛈᚢᚱᛖᛒᛚᚩᚩᛞᛋ,414
connecters,7606,0,ᚳᚩᚾᚾᛖᚳᛏᛖᚱᛋ,348
prelibation,7596,0,ᛈᚱᛖᛚᛁᛒᚪᛏᛡᚾ,578
incandesce,7585,0,ᛁᚾᚳᚪᚾᛞᛖᛋᚳᛖ,488
galantines,7575,0,ᚷᚪᛚᚪᚾᛏᛁᚾᛖᛋ,552
insultation,7573,0,ᛁᚾᛋᚢᛚᛏᚪᛏᛡᚾ,540
allopathist,7551,0,ᚪᛚᛚᚩᛈᚪᚦᛁᛋᛏ,538
brontosaur,7550,0,ᛒᚱᚩᚾᛏᚩᛋᚪᚢᚱ,338
savoriness,7546,0,ᛋᚪᚢᚩᚱᛁᚾᛖᛋᛋ,404
blusterers,7537,0,ᛒᛚᚢᛋᛏᛖᚱᛖᚱᛋ,458
priestleys,7534,0,ᛈᚱᛁᛖᛋᛏᛚᛖᚣᛋ,560
labradorean,7533,0,ᛚᚪᛒᚱᚪᛞᚩᚱᛠᚾ,584
exoticness,7531,0,ᛖᛉᚩᛏᛁᚳᚾᛖᛋᛋ,426
liquidiser,7514,0,ᛚᛁᚳᚹᛁᛞᛁᛋᛖᚱ,418
laconicism,7505,0,ᛚᚪᚳᚩᚾᛁᚳᛁᛋᛗ,418
chaudfroid,7502,0,ᚳᚻᚪᚢᛞᚠᚱᚩᛁᛞ,365
undescried,7501,0,ᚢᚾᛞᛖᛋᚳᚱᛁᛖᛞ,452
dysphemism,7494,0,ᛞᚣᛋᛈᚻᛖᛗᛁᛋᛗ,604
unsisterly,7493,0,ᚢᚾᛋᛁᛋᛏᛖᚱᛚᚣ,482
reformadoes,7491,0,ᚱᛖᚠᚩᚱᛗᚪᛞᛟᛋ,491
overweighing,7487,0,ᚩᚢᛖᚱᚹᛖᛁᚷᚻᛝ,324
oppositive,7483,0,ᚩᛈᛈᚩᛋᛁᛏᛁᚢᛖ,344
corrugates,7480,0,ᚳᚩᚱᚱᚢᚷᚪᛏᛖᛋ,338
paralyzant,7469,0,ᛈᚪᚱᚪᛚᚣᛋᚪᚾᛏ,662
pimpernels,7464,0,ᛈᛁᛗᛈᛖᚱᚾᛖᛚᛋ,488
pruriently,7459,0,ᛈᚱᚢᚱᛁᛖᚾᛏᛚᚣ,430
hilarities,7454,0,ᚻᛁᛚᚪᚱᛁᛏᛁᛖᛋ,476
bookmarker,7446,0,ᛒᚩᚩᚳᛗᚪᚱᚳᛖᚱ,358
basenesses,7446,0,ᛒᚪᛋᛖᚾᛖᛋᛋᛖᛋ,600
fearfullest,7423,0,ᚠᛠᚱᚠᚢᛚᛚᛖᛋᛏ,452
anthologize,7412,0,ᚪᚾᚦᚩᛚᚩᚷᛁᛋᛖ,386
tarbooshes,7411,0,ᛏᚪᚱᛒᚩᚩᛋᚻᛖᛋ,438
suffisance,7407,0,ᛋᚢᚠᚠᛁᛋᚪᚾᚳᛖ,350
preterists,7407,0,ᛈᚱᛖᛏᛖᚱᛁᛋᛏᛋ,454
dismallest,7404,0,ᛞᛁᛋᛗᚪᛚᛚᛖᛋᛏ,666
biweeklies,7404,0,ᛒᛁᚹᛖᛖᚳᛚᛁᛖᛋ,482
monodelphia,7402,0,ᛗᚩᚾᚩᛞᛖᛚᛈᚻᛡ,516
capitations,7389,0,ᚳᚪᛈᛁᛏᚪᛏᛡᚾᛋ,588
desiderant,7373,0,ᛞᛖᛋᛁᛞᛖᚱᚪᚾᛏ,592
pitcherful,7372,0,ᛈᛁᛏᚳᚻᛖᚱᚠᚢᛚ,325
symposiarch,7370,0,ᛋᚣᛗᛈᚩᛋᛡᚱᚳᚻ,484
laboursome,7366,0,ᛚᚪᛒᚩᚢᚱᛋᚩᛗᛖ,450
cheesiness,7361,0,ᚳᚻᛖᛖᛋᛁᚾᛖᛋᛋ,456
merrymaker,7352,0,ᛗᛖᚱᚱᚣᛗᚪᚳᛖᚱ,522
snootiness,7351,0,ᛋᚾᚩᚩᛏᛁᚾᛖᛋᛋ,388
portmantle,7351,0,ᛈᚩᚱᛏᛗᚪᚾᛏᛚᛖ,516
nymphalids,7349,0,ᚾᚣᛗᛈᚻᚪᛚᛁᛞᛋ,612
tearjerkers,7345,0,ᛏᛠᚱᛂᛖᚱᚳᛖᚱᛋ,438
matronhood,7333,0,ᛗᚪᛏᚱᚩᚾᚻᚩᚩᛞ,400
flutterers,7333,0,ᚠᛚᚢᛏᛏᛖᚱᛖᚱᛋ,405
capaciously,7311,0,ᚳᚪᛈᚪᚳᛡᚢᛋᛚᚣ,602
skimpiness,7310,0,ᛋᚳᛁᛗᛈᛁᚾᛖᛋᛋ,444
epispastic,7305,0,ᛖᛈᛁᛋᛈᚪᛋᛏᛁᚳ,490
safflowers,7298,0,ᛋᚪᚠᚠᛚᚩᚹᛖᚱᛋ,384
magnifical,7278,0,ᛗᚪᚷᚾᛁᚠᛁᚳᚪᛚ,461
bulimarexia,7278,0,ᛒᚢᛚᛁᛗᚪᚱᛖᛉᛡ,568
suckerfish,7277,0,ᛋᚢᚳᚳᛖᚱᚠᛁᛋᚻ,269
kilderkins,7266,0,ᚳᛁᛚᛞᛖᚱᚳᛁᚾᛋ,410
hitchhikes,7264,0,ᚻᛁᛏᚳᚻᚻᛁᚳᛖᛋ,336
forgivably,7263,0,ᚠᚩᚱᚷᛁᚢᚪᛒᛚᚣ,405
bedsitters,7248,0,ᛒᛖᛞᛋᛁᛏᛏᛖᚱᛋ,550
tailstocks,7241,0,ᛏᚪᛁᛚᛋᛏᚩᚳᚳᛋ,458
impassably,7236,0,ᛁᛗᛈᚪᛋᛋᚪᛒᛚᚣ,682
redemptory,7227,0,ᚱᛖᛞᛖᛗᛈᛏᚩᚱᚣ,528
blackfaces,7224,0,ᛒᛚᚪᚳᚳᚠᚪᚳᛖᛋ,489
teetotally,7221,0,ᛏᛖᛖᛏᚩᛏᚪᛚᛚᚣ,664
stumblebum,7209,0,ᛋᛏᚢᛗᛒᛚᛖᛒᚢᛗ,522
xeranthemum,7203,0,ᛉᛖᚱᚪᚾᚦᛖᛗᚢᛗ,468
itemisation,7186,0,ᛁᛏᛖᛗᛁᛋᚪᛏᛡᚾ,604
boswelliana,7185,0,ᛒᚩᛋᚹᛖᛚᛚᛡᚾᚪ,586
anecdotist,7180,0,ᚪᚾᛖᚳᛞᚩᛏᛁᛋᛏ,504
triacetates,7171,0,ᛏᚱᛡᚳᛖᛏᚪᛏᛖᛋ,592
detoxicate,7166,0,ᛞᛖᛏᚩᛉᛁᚳᚪᛏᛖ,536
unsharable,7160,0,ᚢᚾᛋᚻᚪᚱᚪᛒᛚᛖ,514
conceivers,7148,0,ᚳᚩᚾᚳᛖᛁᚢᛖᚱᛋ,294
mesoblasts,7144,0,ᛗᛖᛋᚩᛒᛚᚪᛋᛏᛋ,594
nympholept,7129,0,ᚾᚣᛗᛈᚻᚩᛚᛖᛈᛏ,518
amentaceous,7125,0,ᚪᛗᛖᚾᛏᚪᚳᛇᚢᛋ,530
enheartened,7124,0,ᛖᚾᚻᛠᚱᛏᛖᚾᛖᛞ,550
crossfires,7118,0,ᚳᚱᚩᛋᛋᚠᛁᚱᛖᛋ,301
shandygaff,7103,0,ᛋᚻᚪᚾᛞᚣᚷᚪᚠᚠ,512
pedicurist,7097,0,ᛈᛖᛞᛁᚳᚢᚱᛁᛋᛏ,400
straphanger,7095,0,ᛋᛏᚱᚪᛈᚻᚪᛝᛖᚱ,540
chopfallen,7093,0,ᚳᚻᚩᛈᚠᚪᛚᛚᛖᚾ,427
alchemized,7093,0,ᚪᛚᚳᚻᛖᛗᛁᛋᛖᛞ,584
seventeens,7088,0,ᛋᛖᚢᛖᚾᛏᛖᛖᚾᛋ,494
polydactyl,7084,0,ᛈᚩᛚᚣᛞᚪᚳᛏᚣᛚ,660
beefburger,7061,0,ᛒᛖᛖᚠᛒᚢᚱᚷᛖᚱ,367
fulbrights,7053,0,ᚠᚢᛚᛒᚱᛁᚷᚻᛏᛋ,333
unascended,7046,0,ᚢᚾᚪᛋᚳᛖᚾᛞᛖᛞ,536
bediamonded,7036,0,ᛒᛖᛞᛡᛗᚩᚾᛞᛖᛞ,676
telepathist,7030,0,ᛏᛖᛚᛖᛈᚪᚦᛁᛋᛏ,554
unlifelike,7019,0,ᚢᚾᛚᛁᚠᛖᛚᛁᚳᛖ,389
certioraris,7017,0,ᚳᛖᚱᛏᛡᚱᚪᚱᛁᛋ,460
clarendons,7016,0,ᚳᛚᚪᚱᛖᚾᛞᚩᚾᛋ,468
starlights,7015,0,ᛋᛏᚪᚱᛚᛁᚷᚻᛏᛋ,476
incremation,7014,0,ᛁᚾᚳᚱᛖᛗᚪᛏᛡᚾ,514
serpulites,7012,0,ᛋᛖᚱᛈᚢᛚᛁᛏᛖᛋ,460
dispraises,7006,0,ᛞᛁᛋᛈᚱᚪᛁᛋᛖᛋ,528
restitched,7005,0,ᚱᛖᛋᛏᛁᛏᚳᚻᛖᛞ,472
scrimmaged,7002,0,ᛋᚳᚱᛁᛗᛗᚪᚷᛖᛞ,520
unimitated,6999,0,ᚢᚾᛁᛗᛁᛏᚪᛏᛖᛞ,536
sporangites,6994,0,ᛋᛈᚩᚱᚪᛝᛁᛏᛖᛋ,500
pantywaist,6991,0,ᛈᚪᚾᛏᚣᚹᚪᛁᛋᛏ,590
pentathlete,6988,0,ᛈᛖᚾᛏᚪᚦᛚᛖᛏᛖ,566
eglantines,6985,0,ᛖᚷᛚᚪᚾᛏᛁᚾᛖᛋ,522
pressmarks,6982,0,ᛈᚱᛖᛋᛋᛗᚪᚱᚳᛋ,472
delegacies,6982,0,ᛞᛖᛚᛖᚷᚪᚳᛁᛖᛋ,574
unresented,6981,0,ᚢᚾᚱᛖᛋᛖᚾᛏᛖᛞ,474
arborvitaes,6975,0,ᚪᚱᛒᚩᚱᚢᛁᛏᚫᛋ,434
sereneness,6973,0,ᛋᛖᚱᛖᚾᛖᚾᛖᛋᛋ,496
calefaction,6970,0,ᚳᚪᛚᛖᚠᚪᚳᛏᛡᚾ,557
quillworts,6968,0,ᚳᚹᛁᛚᛚᚹᚩᚱᛏᛋ,358
clanswomen,6966,0,ᚳᛚᚪᚾᛋᚹᚩᛗᛖᚾ,458
exodontist,6965,0,ᛖᛉᚩᛞᚩᚾᛏᛁᛋᛏ,448
tetchiness,6950,0,ᛏᛖᛏᚳᚻᛁᚾᛖᛋᛋ,454
foreordains,6949,0,ᚠᚩᚱᛇᚱᛞᚪᛁᚾᛋ,371
slipperier,6938,0,ᛋᛚᛁᛈᛈᛖᚱᛁᛖᚱ,430
unlaborious,6933,0,ᚢᚾᛚᚪᛒᚩᚱᛡᚢᛋ,444
debatement,6932,0,ᛞᛖᛒᚪᛏᛖᛗᛖᚾᛏ,666
unpriestly,6928,0,ᚢᚾᛈᚱᛁᛖᛋᛏᛚᚣ,472
unmalicious,6921,0,ᚢᚾᛗᚪᛚᛁᚳᛡᚢᛋ,480
colossuses,6913,0,ᚳᚩᛚᚩᛋᛋᚢᛋᛖᛋ,382
swaggeringly,6905,0,ᛋᚹᚪᚷᚷᛖᚱᛝᛚᚣ,536
flickeringly,6901,0,ᚠᛚᛁᚳᚳᛖᚱᛝᛚᚣ,465
cuddlesome,6868,0,ᚳᚢᛞᛞᛚᛖᛋᚩᛗᛖ,532
unbeguiled,6858,0,ᚢᚾᛒᛖᚷᚢᛁᛚᛖᛞ,440
butterweed,6846,0,ᛒᚢᛏᛏᛖᚱᚹᛖᛖᛞ,502
mulattress,6841,0,ᛗᚢᛚᚪᛏᛏᚱᛖᛋᛋ,546
dithyrambus,6830,0,ᛞᛁᚦᚣᚱᚪᛗᛒᚢᛋ,524
unerasable,6817,0,ᚢᚾᛖᚱᚪᛋᚪᛒᛚᛖ,558
overgorged,6812,0,ᚩᚢᛖᚱᚷᚩᚱᚷᛖᛞ,296
impuissant,6812,0,ᛁᛗᛈᚢᛁᛋᛋᚪᚾᛏ,470
overspills,6811,0,ᚩᚢᛖᚱᛋᛈᛁᛚᛚᛋ,414
ascosporic,6811,0,ᚪᛋᚳᚩᛋᛈᚩᚱᛁᚳ,328
disjointly,6807,0,ᛞᛁᛋᛂᚩᛁᚾᛏᛚᚣ,512
tailboards,6798,0,ᛏᚪᛁᛚᛒᚩᚪᚱᛞᛋ,578
ratiocinate,6795,0,ᚱᚪᛏᛡᚳᛁᚾᚪᛏᛖ,570
clampdowns,6795,0,ᚳᛚᚪᛗᛈᛞᚩᚹᚾᛋ,494
bacchantic,6791,0,ᛒᚪᚳᚳᚻᚪᚾᛏᛁᚳ,436
unpensioned,6786,0,ᚢᚾᛈᛖᚾᛋᛡᚾᛖᛞ,516
snappiness,6786,0,ᛋᚾᚪᛈᛈᛁᚾᛖᛋᛋ,498
limelights,6781,0,ᛚᛁᛗᛖᛚᛁᚷᚻᛏᛋ,498
rudderpost,6774,0,ᚱᚢᛞᛞᛖᚱᛈᚩᛋᛏ,432
granadillo,6766,0,ᚷᚱᚪᚾᚪᛞᛁᛚᛚᚩ,524
taleteller,6762,0,ᛏᚪᛚᛖᛏᛖᛚᛚᛖᚱ,646
sheepcotes,6762,0,ᛋᚻᛖᛖᛈᚳᚩᛏᛖᛋ,452
inventorial,6755,0,ᛁᚾᚢᛖᚾᛏᚩᚱᛡᛚ,416
impartment,6742,0,ᛁᛗᛈᚪᚱᛏᛗᛖᚾᛏ,538
sextillions,6736,0,ᛋᛖᛉᛏᛁᛚᛚᛡᚾᛋ,592
debauchers,6736,0,ᛞᛖᛒᚪᚢᚳᚻᛖᚱᛋ,484
overcurious,6726,0,ᚩᚢᛖᚱᚳᚢᚱᛡᚢᛋ,278
amourettes,6724,0,ᚪᛗᚩᚢᚱᛖᛏᛏᛖᛋ,494
excitative,6707,0,ᛖᛉᚳᛁᛏᚪᛏᛁᚢᛖ,474
manticores,6698,0,ᛗᚪᚾᛏᛁᚳᚩᚱᛖᛋ,438
farmerette,6698,0,ᚠᚪᚱᛗᛖᚱᛖᛏᛏᛖ,511
timpanists,6696,0,ᛏᛁᛗᛈᚪᚾᛁᛋᛏᛋ,526
trustiness,6689,0,ᛏᚱᚢᛋᛏᛁᚾᛖᛋᛋ,418
palmatifid,6689,0,ᛈᚪᛚᛗᚪᛏᛁᚠᛁᛞ,593
revengement,6684,0,ᚱᛖᚢᛖᛝᛖᛗᛖᚾᛏ,520
crescendoes,6682,0,ᚳᚱᛖᛋᚳᛖᚾᛞᛟᛋ,478
trashiness,6681,0,ᛏᚱᚪᛋᚻᛁᚾᛖᛋᛋ,476
uppishness,6679,0,ᚢᛈᛈᛁᛋᚻᚾᛖᛋᛋ,398
syncretize,6670,0,ᛋᚣᚾᚳᚱᛖᛏᛁᛋᛖ,486
fecklessly,6663,0,ᚠᛖᚳᚳᛚᛖᛋᛋᛚᚣ,517
bastardise,6663,0,ᛒᚪᛋᛏᚪᚱᛞᛁᛋᛖ,618
unrightful,6656,0,ᚢᚾᚱᛁᚷᚻᛏᚠᚢᛚ,251
praepostors,6656,0,ᛈᚱᚫᛈᚩᛋᛏᚩᚱᛋ,388
geneticism,6656,0,ᚷᛖᚾᛖᛏᛁᚳᛁᛋᛗ,438
avouchment,6647,0,ᚪᚢᚩᚢᚳᚻᛗᛖᚾᛏ,372
glutamines,6643,0,ᚷᛚᚢᛏᚪᛗᛁᚾᛖᛋ,500
blancmanges,6637,0,ᛒᛚᚪᚾᚳᛗᚪᛝᛖᛋ,640
blacktails,6636,0,ᛒᛚᚪᚳᚳᛏᚪᛁᛚᛋ,570
acroamatic,6632,0,ᚪᚳᚱᚩᚪᛗᚪᛏᛁᚳ,496
uncandidly,6627,0,ᚢᚾᚳᚪᚾᛞᛁᛞᛚᚣ,556
cacography,6622,0,ᚳᚪᚳᚩᚷᚱᚪᛈᚻᚣ,424
traumatise,6614,0,ᛏᚱᚪᚢᛗᚪᛏᛁᛋᛖ,548
convictive,6604,0,ᚳᚩᚾᚢᛁᚳᛏᛁᚢᛖ,256
cobaltites,6602,0,ᚳᚩᛒᚪᛚᛏᛁᛏᛖᛋ,520
calligraph,6588,0,ᚳᚪᛚᛚᛁᚷᚱᚪᛈᚻ,478
calcimines,6581,0,ᚳᚪᛚᚳᛁᛗᛁᚾᛖᛋ,478
potamogale,6569,0,ᛈᚩᛏᚪᛗᚩᚷᚪᛚᛖ,538
fruitarians,6557,0,ᚠᚱᚢᛁᛏᚪᚱᛡᚾᛋ,403
blaeberries,6554,0,ᛒᛚᚫᛒᛖᚱᚱᛁᛖᛋ,536
tollkeeper,6532,0,ᛏᚩᛚᛚᚳᛖᛖᛈᛖᚱ,480
notochords,6531,0,ᚾᚩᛏᚩᚳᚻᚩᚱᛞᛋ,298
matsyendra,6519,0,ᛗᚪᛏᛋᚣᛖᚾᛞᚱᚪ,676
congelations,6513,0,ᚳᚩᛝᛖᛚᚪᛏᛡᚾᛋ,584
prefatorial,6509,0,ᛈᚱᛖᚠᚪᛏᚩᚱᛡᛚ,477
rabbinists,6508,0,ᚱᚪᛒᛒᛁᚾᛁᛋᛏᛋ,486
moisturise,6506,0,ᛗᚩᛁᛋᛏᚢᚱᛁᛋᛖ,386
flintiness,6506,0,ᚠᛚᛁᚾᛏᛁᚾᛖᛋᛋ,427
deoxygenate,6504,0,ᛞᛇᛉᚣᚷᛖᚾᚪᛏᛖ,616
hieratical,6498,0,ᚻᛁᛖᚱᚪᛏᛁᚳᚪᛚ,502
unmorality,6497,0,ᚢᚾᛗᚩᚱᚪᛚᛁᛏᚣ,484
nightrider,6489,0,ᚾᛁᚷᚻᛏᚱᛁᛞᛖᚱ,368
hygienical,6488,0,ᚻᚣᚷᛁᛖᚾᛁᚳᚪᛚ,484
invertedly,6478,0,ᛁᚾᚢᛖᚱᛏᛖᛞᛚᚣ,532
untortured,6476,0,ᚢᚾᛏᚩᚱᛏᚢᚱᛖᛞ,338
sertularian,6468,0,ᛋᛖᚱᛏᚢᛚᚪᚱᛡᚾ,510
brickkilns,6468,0,ᛒᚱᛁᚳᚳᚳᛁᛚᚾᛋ,328
decametres,6467,0,ᛞᛖᚳᚪᛗᛖᛏᚱᛖᛋ,594
underworking,6462,0,ᚢᚾᛞᛖᚱᚹᚩᚱᚳᛝ,328
waistcloths,6441,0,ᚹᚪᛁᛋᛏᚳᛚᚩᚦᛋ,410
secretness,6438,0,ᛋᛖᚳᚱᛖᛏᚾᛖᛋᛋ,472
telephoner,6435,0,ᛏᛖᛚᛖᛈᚻᚩᚾᛖᚱ,446
scaremonger,6429,0,ᛋᚳᚪᚱᛖᛗᚩᛝᛖᚱ,476
undertoned,6416,0,ᚢᚾᛞᛖᚱᛏᚩᚾᛖᛞ,450
mercurially,6404,0,ᛗᛖᚱᚳᚢᚱᛡᛚᛚᚣ,532
uninclined,6397,0,ᚢᚾᛁᚾᚳᛚᛁᚾᛖᛞ,394
fetterbush,6380,0,ᚠᛖᛏᛏᛖᚱᛒᚢᛋᚻ,405
effeminating,6372,0,ᛖᚠᚠᛖᛗᛁᚾᚪᛏᛝ,504
cystoceles,6366,0,ᚳᚣᛋᛏᚩᚳᛖᛚᛖᛋ,508
orthoclases,6356,0,ᚩᚱᚦᚩᚳᛚᚪᛋᛖᛋ,386
classiness,6356,0,ᚳᛚᚪᛋᛋᛁᚾᛖᛋᛋ,522
prelatures,6355,0,ᛈᚱᛖᛚᚪᛏᚢᚱᛖᛋ,484
ticktacktoe,6344,0,ᛏᛁᚳᚳᛏᚪᚳᚳᛏᛟ,440
oenologists,6338,0,ᛟᚾᚩᛚᚩᚷᛁᛋᛏᛋ,412
unwariness,6330,0,ᚢᚾᚹᚪᚱᛁᚾᛖᛋᛋ,392
impetrated,6328,0,ᛁᛗᛈᛖᛏᚱᚪᛏᛖᛞ,594
polygynist,6318,0,ᛈᚩᛚᚣᚷᚣᚾᛁᛋᛏ,518
biquadrate,6314,0,ᛒᛁᚳᚹᚪᛞᚱᚪᛏᛖ,544
heteromita,6305,0,ᚻᛖᛏᛖᚱᚩᛗᛁᛏᚪ,492
solemnness,6297,0,ᛋᚩᛚᛖᛗᚾᚾᛖᛋᛋ,502
swampiness,6289,0,ᛋᚹᚪᛗᛈᛁᚾᛖᛋᛋ,516
unrenowned,6284,0,ᚢᚾᚱᛖᚾᚩᚹᚾᛖᛞ,350
pocketfuls,6282,0,ᛈᚩᚳᚳᛖᛏᚠᚢᛚᛋ,333
knackwurst,6265,0,ᚳᚾᚪᚳᚳᚹᚢᚱᛋᛏ,310
harelipped,6263,0,ᚻᚪᚱᛖᛚᛁᛈᛈᛖᛞ,544
overclouding,6251,0,ᚩᚢᛖᚱᚳᛚᚩᚢᛞᛝ,352
analogists,6251,0,ᚪᚾᚪᛚᚩᚷᛁᛋᛏᛋ,516
assailment,6248,0,ᚪᛋᛋᚪᛁᛚᛗᛖᚾᛏ,630
peripeties,6242,0,ᛈᛖᚱᛁᛈᛖᛏᛁᛖᛋ,472
affirmable,6239,0,ᚪᚠᚠᛁᚱᛗᚪᛒᛚᛖ,512
underplots,6237,0,ᚢᚾᛞᛖᚱᛈᛚᚩᛏᛋ,434
concertize,6232,0,ᚳᚩᚾᚳᛖᚱᛏᛁᛋᛖ,350
sinistrous,6229,0,ᛋᛁᚾᛁᛋᛏᚱᚩᚢᛋ,330
glycerines,6221,0,ᚷᛚᚣᚳᛖᚱᛁᚾᛖᛋ,464
foreordaining,6221,0,ᚠᚩᚱᛇᚱᛞᚪᛁᚾᛝ,397
februaries,6219,0,ᚠᛖᛒᚱᚢᚪᚱᛁᛖᛋ,403
shrewishly,6214,0,ᛋᚻᚱᛖᚹᛁᛋᚻᛚᚣ,456
cravenness,6202,0,ᚳᚱᚪᚢᛖᚾᚾᛖᛋᛋ,422
horseboxes,6194,0,ᚻᚩᚱᛋᛖᛒᚩᛉᛖᛋ,396
wycliffism,6179,0,ᚹᚣᚳᛚᛁᚠᚠᛁᛋᛗ,398
sarcostyle,6178,0,ᛋᚪᚱᚳᚩᛋᛏᚣᛚᛖ,536
pourtraict,6174,0,ᛈᚩᚢᚱᛏᚱᚪᛁᚳᛏ,334
manhandles,6171,0,ᛗᚪᚾᚻᚪᚾᛞᛚᛖᛋ,628
followable,6169,0,ᚠᚩᛚᛚᚩᚹᚪᛒᛚᛖ,479
eventfully,6161,0,ᛖᚢᛖᚾᛏᚠᚢᛚᛚᚣ,479
affluently,6157,0,ᚪᚠᚠᛚᚢᛖᚾᛏᛚᚣ,508
disparager,6156,0,ᛞᛁᛋᛈᚪᚱᚪᚷᛖᚱ,516
braininess,6152,0,ᛒᚱᚪᛁᚾᛁᚾᛖᛋᛋ,462
unenslaved,6143,0,ᚢᚾᛖᚾᛋᛚᚪᚢᛖᛞ,510
supernally,6138,0,ᛋᚢᛈᛖᚱᚾᚪᛚᛚᚣ,552
definement,6127,0,ᛞᛖᚠᛁᚾᛖᛗᛖᚾᛏ,511
glossarist,6122,0,ᚷᛚᚩᛋᛋᚪᚱᛁᛋᛏ,454
midsummers,6111,0,ᛗᛁᛞᛋᚢᛗᛗᛖᚱᛋ,520
scotswomen,6107,0,ᛋᚳᚩᛏᛋᚹᚩᛗᛖᚾ,378
ambuscadoes,6107,0,ᚪᛗᛒᚢᛋᚳᚪᛞᛟᛋ,620
rhapsodise,6101,0,ᚱᚻᚪᛈᛋᚩᛞᛁᛋᛖ,474
unchildish,6100,0,ᚢᚾᚳᚻᛁᛚᛞᛁᛋᚻ,368
tailorbird,6099,0,ᛏᚪᛁᛚᚩᚱᛒᛁᚱᛞ,470
archimagus,6082,0,ᚪᚱᚳᚻᛁᛗᚪᚷᚢᛋ,416
almsgivers,6080,0,ᚪᛚᛗᛋᚷᛁᚢᛖᚱᛋ,476
carbonados,6079,0,ᚳᚪᚱᛒᚩᚾᚪᛞᚩᛋ,464
regalement,6074,0,ᚱᛖᚷᚪᛚᛖᛗᛖᚾᛏ,558
enlargeable,6068,0,ᛖᚾᛚᚪᚱᚷᛠᛒᛚᛖ,604
gibraltars,6055,0,ᚷᛁᛒᚱᚪᛚᛏᚪᚱᛋ,510
stokeholes,6051,0,ᛋᛏᚩᚳᛖᚻᚩᛚᛖᛋ,422
hectograms,6048,0,ᚻᛖᚳᛏᚩᚷᚱᚪᛗᛋ,418
westernise,6036,0,ᚹᛖᛋᛏᛖᚱᚾᛁᛋᛖ,456
twitterers,6034,0,ᛏᚹᛁᛏᛏᛖᚱᛖᚱᛋ,436
tiebreakers,6034,0,ᛏᛁᛖᛒᚱᛠᚳᛖᚱᛋ,482
stinkhorns,6034,0,ᛋᛏᛁᚾᚳᚻᚩᚱᚾᛋ,308
invigilate,6014,0,ᛁᚾᚢᛁᚷᛁᛚᚪᛏᛖ,438
axiomatical,6007,0,ᚪᛉᛡᛗᚪᛏᛁᚳᚪᛚ,692
subartesian,5990,0,ᛋᚢᛒᚪᚱᛏᛖᛋᛡᚾ,540
honkytonks,5989,0,ᚻᚩᚾᚳᚣᛏᚩᚾᚳᛋ,336
calamaries,5989,0,ᚳᚪᛚᚪᛗᚪᚱᛁᛖᛋ,610
staymakers,5987,0,ᛋᛏᚪᚣᛗᚪᚳᛖᚱᛋ,624
trimotored,5984,0,ᛏᚱᛁᛗᚩᛏᚩᚱᛖᛞ,412
dilatorily,5980,0,ᛞᛁᛚᚪᛏᚩᚱᛁᛚᚣ,574
histrionism,5977,0,ᚻᛁᛋᛏᚱᛡᚾᛁᛋᛗ,468
ropedancer,5976,0,ᚱᚩᛈᛖᛞᚪᚾᚳᛖᚱ,434
disfurnish,5972,0,ᛞᛁᛋᚠᚢᚱᚾᛁᛋᚻ,325
demitasses,5966,0,ᛞᛖᛗᛁᛏᚪᛋᛋᛖᛋ,640
magnificos,5937,0,ᛗᚪᚷᚾᛁᚠᛁᚳᚩᛋ,351
phenoplast,5925,0,ᛈᚻᛖᚾᚩᛈᛚᚪᛋᛏ,494
queenliest,5923,0,ᚳᚹᛖᛖᚾᛚᛁᛖᛋᛏ,478
tantalises,5919,0,ᛏᚪᚾᛏᚪᛚᛁᛋᛖᛋ,618
unransomed,5907,0,ᚢᚾᚱᚪᚾᛋᚩᛗᛖᛞ,456
keratinize,5907,0,ᚳᛖᚱᚪᛏᛁᚾᛁᛋᛖ,458
chimneypot,5907,0,ᚳᚻᛁᛗᚾᛖᚣᛈᚩᛏ,446
chevisance,5885,0,ᚳᚻᛖᚢᛁᛋᚪᚾᚳᛖ,396
shrewmouse,5881,0,ᛋᚻᚱᛖᚹᛗᚩᚢᛋᛖ,374
gasconades,5880,0,ᚷᚪᛋᚳᚩᚾᚪᛞᛖᛋ,522
aerosolised,5880,0,ᚫᚱᚩᛋᚩᛚᛁᛋᛖᛞ,492
columniation,5878,0,ᚳᚩᛚᚢᛗᚾᛡᛏᛡᚾ,498
willowware,5869,0,ᚹᛁᛚᛚᚩᚹᚹᚪᚱᛖ,416
unboastful,5869,0,ᚢᚾᛒᚩᚪᛋᛏᚠᚢᛚ,387
secureness,5867,0,ᛋᛖᚳᚢᚱᛖᚾᛖᛋᛋ,416
anklebones,5867,0,ᚪᚾᚳᛚᛖᛒᚩᚾᛖᛋ,496
highfaluting,5858,0,ᚻᛁᚷᚻᚠᚪᛚᚢᛏᛝ,407
chanteuses,5858,0,ᚳᚻᚪᚾᛏᛖᚢᛋᛖᛋ,464
sleuthhound,5849,0,ᛋᛚᛖᚢᚦᚻᚩᚢᚾᛞ,352
barretters,5846,0,ᛒᚪᚱᚱᛖᛏᛏᛖᚱᛋ,496
quarrelers,5843,0,ᚳᚹᚪᚱᚱᛖᛚᛖᚱᛋ,422
disputably,5842,0,ᛞᛁᛋᛈᚢᛏᚪᛒᛚᚣ,612
crabbiness,5832,0,ᚳᚱᚪᛒᛒᛁᚾᛖᛋᛋ,476
bluethroats,5832,0,ᛒᛚᚢᛖᚦᚱᚩᚪᛏᛋ,436
illegalize,5818,0,ᛁᛚᛚᛖᚷᚪᛚᛁᛋᛖ,582
sevenscore,5815,0,ᛋᛖᚢᛖᚾᛋᚳᚩᚱᛖ,370
arabicised,5805,0,ᚪᚱᚪᛒᛁᚳᛁᛋᛖᛞ,550
recrudesce,5804,0,ᚱᛖᚳᚱᚢᛞᛖᛋᚳᛖ,394
overcrowds,5804,0,ᚩᚢᛖᚱᚳᚱᚩᚹᛞᛋ,280
platonical,5803,0,ᛈᛚᚪᛏᚩᚾᛁᚳᚪᛚ,522
innocences,5802,0,ᛁᚾᚾᚩᚳᛖᚾᚳᛖᛋ,338
overmodest,5798,0,ᚩᚢᛖᚱᛗᚩᛞᛖᛋᛏ,434
incognitos,5795,0,ᛁᚾᚳᚩᚷᚾᛁᛏᚩᛋ,276
aluminiums,5795,0,ᚪᛚᚢᛗᛁᚾᛁᚢᛗᛋ,462
hellenisms,5792,0,ᚻᛖᛚᛚᛖᚾᛁᛋᛗᛋ,540
slopseller,5790,0,ᛋᛚᚩᛈᛋᛖᛚᛚᛖᚱ,520
unraveller,5788,0,ᚢᚾᚱᚪᚢᛖᛚᛚᛖᚱ,434
criticizer,5778,0,ᚳᚱᛁᛏᛁᚳᛁᛋᛖᚱ,320
condonable,5762,0,ᚳᚩᚾᛞᚩᚾᚪᛒᛚᛖ,472
joyfullest,5760,0,ᛂᚩᚣᚠᚢᛚᛚᛖᛋᛏ,477
gobstopper,5753,0,ᚷᚩᛒᛋᛏᚩᛈᛈᛖᚱ,368
escapology,5745,0,ᛖᛋᚳᚪᛈᚩᛚᚩᚷᚣ,480
backhouses,5736,0,ᛒᚪᚳᚳᚻᚩᚢᛋᛖᛋ,390
typewrites,5735,0,ᛏᚣᛈᛖᚹᚱᛁᛏᛖᛋ,512
iconolatry,5726,0,ᛁᚳᚩᚾᚩᛚᚪᛏᚱᚣ,430
simulacres,5725,0,ᛋᛁᛗᚢᛚᚪᚳᚱᛖᛋ,472
underminings,5723,0,ᚢᚾᛞᛖᚱᛗᛁᚾᛝᛋ,462
galvanises,5716,0,ᚷᚪᛚᚢᚪᚾᛁᛋᛖᛋ,520
pallidness,5710,0,ᛈᚪᛚᛚᛁᛞᚾᛖᛋᛋ,608
clanswoman,5703,0,ᚳᛚᚪᚾᛋᚹᚩᛗᚪᚾ,488
strikingness,5700,0,ᛋᛏᚱᛁᚳᛝᚾᛖᛋᛋ,448
dryasdusts,5699,0,ᛞᚱᚣᚪᛋᛞᚢᛋᛏᛋ,610
halloweens,5698,0,ᚻᚪᛚᛚᚩᚹᛖᛖᚾᛋ,508
supertaxes,5656,0,ᛋᚢᛈᛖᚱᛏᚪᛉᛖᛋ,500
impendence,5651,0,ᛁᛗᛈᛖᚾᛞᛖᚾᚳᛖ,506
rowanberry,5650,0,ᚱᚩᚹᚪᚾᛒᛖᚱᚱᚣ,416
mileometers,5648,0,ᛗᛁᛚᛇᛗᛖᛏᛖᚱᛋ,544
smuttiness,5647,0,ᛋᛗᚢᛏᛏᛁᚾᛖᛋᛋ,478
philanders,5644,0,ᛈᚻᛁᛚᚪᚾᛞᛖᚱᛋ,516
spiritlike,5641,0,ᛋᛈᛁᚱᛁᛏᛚᛁᚳᛖ,412
plenitudes,5641,0,ᛈᛚᛖᚾᛁᛏᚢᛞᛖᛋ,514
jackfruits,5633,0,ᛂᚪᚳᚳᚠᚱᚢᛁᛏᛋ,319
gramercies,5628,0,ᚷᚱᚪᛗᛖᚱᚳᛁᛖᛋ,438
victimiser,5618,0,ᚢᛁᚳᛏᛁᛗᛁᛋᛖᚱ,370
concentres,5609,0,ᚳᚩᚾᚳᛖᚾᛏᚱᛖᛋ,348
matterless,5601,0,ᛗᚪᛏᛏᛖᚱᛚᛖᛋᛋ,610
luciferins,5601,0,ᛚᚢᚳᛁᚠᛖᚱᛁᚾᛋ,313
guilloches,5601,0,ᚷᚢᛁᛚᛚᚩᚳᚻᛖᛋ,360
pythonesses,5600,0,ᛈᚣᚦᚩᚾᛖᛋᛋᛖᛋ,480
predicants,5600,0,ᛈᚱᛖᛞᛁᚳᚪᚾᛏᛋ,492
matricides,5596,0,ᛗᚪᛏᚱᛁᚳᛁᛞᛖᛋ,522
espadrille,5595,0,ᛖᛋᛈᚪᛞᚱᛁᛚᛚᛖ,604
cacomistle,5591,0,ᚳᚪᚳᚩᛗᛁᛋᛏᛚᛖ,484
outgeneral,5585,0,ᚩᚢᛏᚷᛖᚾᛖᚱᚪᛚ,430
backspaces,5560,0,ᛒᚪᚳᚳᛋᛈᚪᚳᛖᛋ,510
paralyzingly,5555,0,ᛈᚪᚱᚪᛚᚣᛋᛝᛚᚣ,732
schnorchel,5551,0,ᛋᚳᚻᚾᚩᚱᚳᚻᛖᛚ,312
slenderize,5539,0,ᛋᛚᛖᚾᛞᛖᚱᛁᛋᛖ,540
tensimeter,5530,0,ᛏᛖᚾᛋᛁᛗᛖᛏᛖᚱ,514
bourbonist,5528,0,ᛒᚩᚢᚱᛒᚩᚾᛁᛋᛏ,322
sialogogues,5519,0,ᛋᛡᛚᚩᚷᚩᚷᚢᛖᛋ,404
withholders,5513,0,ᚹᛁᚦᚻᚩᛚᛞᛖᚱᛋ,378
palatalize,5511,0,ᛈᚪᛚᚪᛏᚪᛚᛁᛋᛖ,690
catastasis,5503,0,ᚳᚪᛏᚪᛋᛏᚪᛋᛁᛋ,612
subjunction,5501,0,ᛋᚢᛒᛂᚢᚾᚳᛏᛡᚾ,394
manumitter,5498,0,ᛗᚪᚾᚢᛗᛁᛏᛏᛖᚱ,498
campstools,5496,0,ᚳᚪᛗᛈᛋᛏᚩᚩᛚᛋ,476
catananche,5487,0,ᚳᚪᛏᚪᚾᚪᚾᚳᚻᛖ,524
heliometric,5485,0,ᚻᛖᛚᛡᛗᛖᛏᚱᛁᚳ,522
enduringness,5464,0,ᛖᚾᛞᚢᚱᛝᚾᛖᛋᛋ,480
foretasted,5457,0,ᚠᚩᚱᛖᛏᚪᛋᛏᛖᛞ,511
infectuous,5455,0,ᛁᚾᚠᛖᚳᛏᚢᚩᚢᛋ,267
expressure,5453,0,ᛖᛉᛈᚱᛖᛋᛋᚢᚱᛖ,422
jaghirdars,5452,0,ᛂᚪᚷᚻᛁᚱᛞᚪᚱᛋ,466
unimitable,5443,0,ᚢᚾᛁᛗᛁᛏᚪᛒᛚᛖ,522
bolshevize,5441,0,ᛒᚩᛚᛋᚻᛖᚢᛁᛋᛖ,438
starchlike,5438,0,ᛋᛏᚪᚱᚳᚻᛚᛁᚳᛖ,440
epiphanous,5434,0,ᛖᛈᛁᛈᚻᚪᚾᚩᚢᛋ,396
scheelites,5426,0,ᛋᚳᚻᛖᛖᛚᛁᛏᛖᛋ,506
acrophobic,5423,0,ᚪᚳᚱᚩᛈᚻᚩᛒᛁᚳ,306
townsfolks,5419,0,ᛏᚩᚹᚾᛋᚠᚩᛚᚳᛋ,315
trothplight,5416,0,ᛏᚱᚩᚦᛈᛚᛁᚷᚻᛏ,328
decahedron,5413,0,ᛞᛖᚳᚪᚻᛖᛞᚱᚩᚾ,492
chunkiness,5413,0,ᚳᚻᚢᚾᚳᛁᚾᛖᛋᛋ,314
chisellers,5413,0,ᚳᚻᛁᛋᛖᛚᛚᛖᚱᛋ,464
tenterhook,5411,0,ᛏᛖᚾᛏᛖᚱᚻᚩᚩᚳ,342
sforzandos,5410,0,ᛋᚠᚩᚱᛋᚪᚾᛞᚩᛋ,401
harmoniser,5406,0,ᚻᚪᚱᛗᚩᚾᛁᛋᛖᚱ,400
blackcocks,5405,0,ᛒᛚᚪᚳᚳᚳᚩᚳᚳᛋ,356
purtenance,5400,0,ᛈᚢᚱᛏᛖᚾᚪᚾᚳᛖ,418
paralipsis,5388,0,ᛈᚪᚱᚪᛚᛁᛈᛋᛁᛋ,532
letterless,5380,0,ᛚᛖᛏᛏᛖᚱᛚᛖᛋᛋ,582
unnourishing,5370,0,ᚢᚾᚾᚩᚢᚱᛁᛋᚻᛝ,268
dinanderie,5370,0,ᛞᛁᚾᚪᚾᛞᛖᚱᛁᛖ,540
touchlines,5357,0,ᛏᚩᚢᚳᚻᛚᛁᚾᛖᛋ,358
procurance,5355,0,ᛈᚱᚩᚳᚢᚱᚪᚾᚳᛖ,294
hardfisted,5352,0,ᚻᚪᚱᛞᚠᛁᛋᛏᛖᛞ,521
bibliopoles,5331,0,ᛒᛁᛒᛚᛡᛈᚩᛚᛖᛋ,576
allargando,5327,0,ᚪᛚᛚᚪᚱᚷᚪᚾᛞᚩ,590
concentering,5326,0,ᚳᚩᚾᚳᛖᚾᛏᛖᚱᛝ,374
virtueless,5325,0,ᚢᛁᚱᛏᚢᛖᛚᛖᛋᛋ,420
cragginess,5303,0,ᚳᚱᚪᚷᚷᛁᚾᛖᛋᛋ,388
wobbliness,5302,0,ᚹᚩᛒᛒᛚᛁᚾᛖᛋᛋ,454
annularity,5301,0,ᚪᚾᚾᚢᛚᚪᚱᛁᛏᚣ,532
conqueress,5298,0,ᚳᚩᚾᚳᚹᛖᚱᛖᛋᛋ,332
loxodromes,5295,0,ᛚᚩᛉᚩᛞᚱᚩᛗᛖᛋ,432
goldenhair,5295,0,ᚷᚩᛚᛞᛖᚾᚻᚪᛁᚱ,444
flashcubes,5294,0,ᚠᛚᚪᛋᚻᚳᚢᛒᛖᛋ,445
candytufts,5293,0,ᚳᚪᚾᛞᚣᛏᚢᚠᛏᛋ,507
lassitudes,5287,0,ᛚᚪᛋᛋᛁᛏᚢᛞᛖᛋ,578
wheeziness,5286,0,ᚹᚻᛖᛖᛋᛁᚾᛖᛋᛋ,462
unwedgeable,5281,0,ᚢᚾᚹᛖᛞᚷᛠᛒᛚᛖ,534
tripletail,5275,0,ᛏᚱᛁᛈᛚᛖᛏᚪᛁᛚ,544
ribbonfish,5267,0,ᚱᛁᛒᛒᚩᚾᚠᛁᛋᚻ,309
trenchards,5265,0,ᛏᚱᛖᚾᚳᚻᚪᚱᛞᛋ,452
overserious,5263,0,ᚩᚢᛖᚱᛋᛖᚱᛡᚢᛋ,382
scabbiness,5245,0,ᛋᚳᚪᛒᛒᛁᚾᛖᛋᛋ,518
saturniids,5245,0,ᛋᚪᛏᚢᚱᚾᛁᛁᛞᛋ,456
politburos,5219,0,ᛈᚩᛚᛁᛏᛒᚢᚱᚩᛋ,348
petulances,5219,0,ᛈᛖᛏᚢᛚᚪᚾᚳᛖᛋ,504
freehearted,5217,0,ᚠᚱᛖᛖᚻᛠᚱᛏᛖᛞ,505
bastinadoing,5216,0,ᛒᚪᛋᛏᛁᚾᚪᛞᚩᛝ,602
psalmodies,5212,0,ᛈᛋᚪᛚᛗᚩᛞᛁᛖᛋ,584
unshowered,5201,0,ᚢᚾᛋᚻᚩᚹᛖᚱᛖᛞ,368
mulligrubs,5201,0,ᛗᚢᛚᛚᛁᚷᚱᚢᛒᛋ,396
schizothymia,5193,0,ᛋᚳᚻᛁᛋᚩᚦᚣᛗᛡ,466
overexcite,5189,0,ᚩᚢᛖᚱᛖᛉᚳᛁᛏᛖ,372
nineteenths,5187,0,ᚾᛁᚾᛖᛏᛖᛖᚾᚦᛋ,436
frangipanis,5181,0,ᚠᚱᚪᛝᛁᛈᚪᚾᛁᛋ,473
decilitres,5174,0,ᛞᛖᚳᛁᛚᛁᛏᚱᛖᛋ,494
bluepoints,5160,0,ᛒᛚᚢᛖᛈᚩᛁᚾᛏᛋ,426
accruement,5160,0,ᚪᚳᚳᚱᚢᛖᛗᛖᚾᛏ,430
persiennes,5159,0,ᛈᛖᚱᛋᛁᛖᚾᚾᛖᛋ,450
alderwoman,5152,0,ᚪᛚᛞᛖᚱᚹᚩᛗᚪᚾ,560
counsellings,5146,0,ᚳᚩᚢᚾᛋᛖᛚᛚᛝᛋ,450
stripteaser,5144,0,ᛋᛏᚱᛁᛈᛏᛠᛋᛖᚱ,496
objurgated,5143,0,ᚩᛒᛂᚢᚱᚷᚪᛏᛖᛞ,448
prophesier,5135,0,ᛈᚱᚩᛈᚻᛖᛋᛁᛖᚱ,356
tritanopic,5131,0,ᛏᚱᛁᛏᚪᚾᚩᛈᛁᚳ,380
uintatheres,5130,0,ᚢᛁᚾᛏᚪᚦᛖᚱᛖᛋ,422
holystones,5126,0,ᚻᚩᛚᚣᛋᛏᚩᚾᛖᛋ,474
dictatress,5116,0,ᛞᛁᚳᛏᚪᛏᚱᛖᛋᛋ,532
ribbonwood,5110,0,ᚱᛁᛒᛒᚩᚾᚹᚩᚩᛞ,322
subcurrent,5108,0,ᛋᚢᛒᚳᚢᚱᚱᛖᚾᛏ,310
pliableness,5107,0,ᛈᛚᛡᛒᛚᛖᚾᛖᛋᛋ,626
sandbagger,5099,0,ᛋᚪᚾᛞᛒᚪᚷᚷᛖᚱ,538
grayhounds,5099,0,ᚷᚱᚪᚣᚻᚩᚢᚾᛞᛋ,432
schematise,5090,0,ᛋᚳᚻᛖᛗᚪᛏᛁᛋᛖ,534
intertrading,5090,0,ᛁᚾᛏᛖᚱᛏᚱᚪᛞᛝ,532
forepassed,5090,0,ᚠᚩᚱᛖᛈᚪᛋᛋᛖᛞ,489
unlittered,5089,0,ᚢᚾᛚᛁᛏᛏᛖᚱᛖᛞ,488
worthlessly,5086,0,ᚹᚩᚱᚦᛚᛖᛋᛋᛚᚣ,464
sobrieties,5082,0,ᛋᚩᛒᚱᛁᛖᛏᛁᛖᛋ,440
nipplewort,5081,0,ᚾᛁᛈᛈᛚᛖᚹᚩᚱᛏ,382
carambolas,5072,0,ᚳᚪᚱᚪᛗᛒᚩᛚᚪᛋ,580
tendresses,5067,0,ᛏᛖᚾᛞᚱᛖᛋᛋᛖᛋ,548
literately,5054,0,ᛚᛁᛏᛖᚱᚪᛏᛖᛚᚣ,640
exurbanite,5049,0,ᛖᛉᚢᚱᛒᚪᚾᛁᛏᛖ,472
wearinesses,5047,0,ᚹᛠᚱᛁᚾᛖᛋᛋᛖᛋ,492
symbolizer,5041,0,ᛋᚣᛗᛒᚩᛚᛁᛋᛖᚱ,530
outwatched,5039,0,ᚩᚢᛏᚹᚪᛏᚳᚻᛖᛞ,436
tauromachy,5038,0,ᛏᚪᚢᚱᚩᛗᚪᚳᚻᚣ,484
contraried,5038,0,ᚳᚩᚾᛏᚱᚪᚱᛁᛖᛞ,414
dustsheets,5037,0,ᛞᚢᛋᛏᛋᚻᛖᛖᛏᛋ,526
antiquates,5036,0,ᚪᚾᛏᛁᚳᚹᚪᛏᛖᛋ,524
previsioned,5035,0,ᛈᚱᛖᚢᛁᛋᛡᚾᛖᛞ,500
pluckiness,5033,0,ᛈᛚᚢᚳᚳᛁᚾᛖᛋᛋ,378
martialists,5031,0,ᛗᚪᚱᛏᛡᛚᛁᛋᛏᛋ,614
musicianers,5024,0,ᛗᚢᛋᛁᚳᛡᚾᛖᚱᛋ,438
aegagropila,5020,0,ᚫᚷᚪᚷᚱᚩᛈᛁᛚᚪ,494
ascendents,5015,0,ᚪᛋᚳᛖᚾᛞᛖᚾᛏᛋ,556
scarabaeids,5006,0,ᛋᚳᚪᚱᚪᛒᚫᛁᛞᛋ,606
scurfiness,5002,0,ᛋᚳᚢᚱᚠᛁᚾᛖᛋᛋ,315
gaseousness,4990,0,ᚷᚪᛋᛇᚢᛋᚾᛖᛋᛋ,466
dolcemente,4987,0,ᛞᚩᛚᚳᛖᛗᛖᚾᛏᛖ,542
southeasters,4983,0,ᛋᚩᚢᚦᛠᛋᛏᛖᚱᛋ,420
dynastical,4979,0,ᛞᚣᚾᚪᛋᛏᛁᚳᚪᛚ,644
astrolatry,4978,0,ᚪᛋᛏᚱᚩᛚᚪᛏᚱᚣ,570
doohickeys,4976,0,ᛞᚩᚩᚻᛁᚳᚳᛖᚣᛋ,406
bamboozles,4974,0,ᛒᚪᛗᛒᚩᚩᛋᛚᛖᛋ,550
cushionless,4963,0,ᚳᚢᛋᚻᛡᚾᛚᛖᛋᛋ,474
crassitude,4956,0,ᚳᚱᚪᛋᛋᛁᛏᚢᛞᛖ,476
bullyragging,4953,0,ᛒᚢᛚᛚᚣᚱᚪᚷᚷᛝ,534
nosewheels,4944,0,ᚾᚩᛋᛖᚹᚻᛖᛖᛚᛋ,458
quaternate,4934,0,ᚳᚹᚪᛏᛖᚱᚾᚪᛏᛖ,518
soullessly,4933,0,ᛋᚩᚢᛚᛚᛖᛋᛋᛚᚣ,558
malaguetta,4933,0,ᛗᚪᛚᚪᚷᚢᛖᛏᛏᚪ,640
fulgurator,4931,0,ᚠᚢᛚᚷᚢᚱᚪᛏᚩᚱ,283
butlership,4930,0,ᛒᚢᛏᛚᛖᚱᛋᚻᛁᛈ,424
flustrated,4921,0,ᚠᛚᚢᛋᛏᚱᚪᛏᛖᛞ,513
insularism,4915,0,ᛁᚾᛋᚢᛚᚪᚱᛁᛋᛗ,452
fractiously,4914,0,ᚠᚱᚪᚳᛏᛡᚢᛋᛚᚣ,521
quintadena,4905,0,ᚳᚹᛁᚾᛏᚪᛞᛖᚾᚪ,530
diphthongize,4905,0,ᛞᛁᛈᚻᚦᚩᛝᛁᛋᛖ,428
spritsails,4899,0,ᛋᛈᚱᛁᛏᛋᚪᛁᛚᛋ,504
solstitium,4899,0,ᛋᚩᛚᛋᛏᛁᛏᛁᚢᛗ,440
inculcator,4895,0,ᛁᚾᚳᚢᛚᚳᚪᛏᚩᚱ,336
blackhearts,4895,0,ᛒᛚᚪᚳᚳᚻᛠᚱᛏᛋ,512
liquidness,4893,0,ᛚᛁᚳᚹᛁᛞᚾᛖᛋᛋ,458
synesthesias,4884,0,ᛋᚣᚾᛖᛋᚦᛖᛋᛡᛋ,590
dutchesses,4883,0,ᛞᚢᛏᚳᚻᛖᛋᛋᛖᛋ,480
chastisers,4882,0,ᚳᚻᚪᛋᛏᛁᛋᛖᚱᛋ,460
traitoress,4878,0,ᛏᚱᚪᛁᛏᚩᚱᛖᛋᛋ,448
reflectingly,4867,0,ᚱᛖᚠᛚᛖᚳᛏᛝᛚᚣ,547
philologue,4867,0,ᛈᚻᛁᛚᚩᛚᚩᚷᚢᛖ,344
interreges,4856,0,ᛁᚾᛏᛖᚱᚱᛖᚷᛖᛋ,412
naturistic,4853,0,ᚾᚪᛏᚢᚱᛁᛋᛏᛁᚳ,386
bearberries,4853,0,ᛒᛠᚱᛒᛖᚱᚱᛁᛖᛋ,482
cajolement,4851,0,ᚳᚪᛂᚩᛚᛖᛗᛖᚾᛏ,520
caliginous,4847,0,ᚳᚪᛚᛁᚷᛁᚾᚩᚢᛋ,354
thallophyte,4841,0,ᚦᚪᛚᛚᚩᛈᚻᚣᛏᛖ,550
squanderings,4841,0,ᛋᚳᚹᚪᚾᛞᛖᚱᛝᛋ,510
mediciners,4838,0,ᛗᛖᛞᛁᚳᛁᚾᛖᚱᛋ,462
keypuncher,4829,0,ᚳᛖᚣᛈᚢᚾᚳᚻᛖᚱ,372
unsceptred,4826,0,ᚢᚾᛋᚳᛖᛈᛏᚱᛖᛞ,434
wheatsheaves,4810,0,ᚹᚻᛠᛏᛋᚻᛠᚢᛖᛋ,518
uncomputed,4804,0,ᚢᚾᚳᚩᛗᛈᚢᛏᛖᛞ,384
riverwards,4792,0,ᚱᛁᚢᛖᚱᚹᚪᚱᛞᛋ,392
blandished,4792,0,ᛒᛚᚪᚾᛞᛁᛋᚻᛖᛞ,612
unappealingly,4788,0,ᚢᚾᚪᛈᛈᛠᛚᛝᛚᚣ,652
intriguant,4777,0,ᛁᚾᛏᚱᛁᚷᚢᚪᚾᛏ,366
disgruntle,4776,0,ᛞᛁᛋᚷᚱᚢᚾᛏᛚᛖ,432
worrywarts,4775,0,ᚹᚩᚱᚱᚣᚹᚪᚱᛏᛋ,390
bombardons,4775,0,ᛒᚩᛗᛒᚪᚱᛞᚩᚾᛋ,486
sternboard,4774,0,ᛋᛏᛖᚱᚾᛒᚩᚪᚱᛞ,484
affrontive,4773,0,ᚪᚠᚠᚱᚩᚾᛏᛁᚢᛖ,308
epanaphora,4768,0,ᛖᛈᚪᚾᚪᛈᚻᚩᚱᚪ,514
warrantise,4761,0,ᚹᚪᚱᚱᚪᚾᛏᛁᛋᛖ,474
doorplates,4757,0,ᛞᚩᚩᚱᛈᛚᚪᛏᛖᛋ,506
septemviri,4753,0,ᛋᛖᛈᛏᛖᛗᚢᛁᚱᛁ,436
undevoured,4751,0,ᚢᚾᛞᛖᚢᚩᚢᚱᛖᛞ,368
saccharify,4748,0,ᛋᚪᚳᚳᚻᚪᚱᛁᚠᚣ,443
pendragons,4748,0,ᛈᛖᚾᛞᚱᚪᚷᚩᚾᛋ,442
asepticism,4743,0,ᚪᛋᛖᛈᛏᛁᚳᛁᛋᛗ,518
nictitation,4742,0,ᚾᛁᚳᛏᛁᛏᚪᛏᛡᚾ,514
chapatties,4738,0,ᚳᚻᚪᛈᚪᛏᛏᛁᛖᛋ,542
demonetise,4728,0,ᛞᛖᛗᚩᚾᛖᛏᛁᛋᛖ,540
catheterise,4724,0,ᚳᚪᚦᛖᛏᛖᚱᛁᛋᛖ,470
omnifarious,4721,0,ᚩᛗᚾᛁᚠᚪᚱᛡᚢᛋ,411
doctresses,4706,0,ᛞᚩᚳᛏᚱᛖᛋᛋᛖᛋ,472
frolickers,4705,0,ᚠᚱᚩᛚᛁᚳᚳᛖᚱᛋ,281
pentecosts,4701,0,ᛈᛖᚾᛏᛖᚳᚩᛋᛏᛋ,450
eunuchoids,4699,0,ᛖᚢᚾᚢᚳᚻᚩᛁᛞᛋ,318
stolidness,4697,0,ᛋᛏᚩᛚᛁᛞᚾᛖᛋᛋ,514
winceyette,4696,0,ᚹᛁᚾᚳᛖᚣᛖᛏᛏᛖ,514
medicative,4693,0,ᛗᛖᛞᛁᚳᚪᛏᛁᚢᛖ,528
lithotomies,4687,0,ᛚᛁᚦᚩᛏᚩᛗᛁᛖᛋ,404
squabblers,4685,0,ᛋᚳᚹᚪᛒᛒᛚᛖᚱᛋ,508
warriorlike,4681,0,ᚹᚪᚱᚱᛡᚱᛚᛁᚳᛖ,440
prismatoid,4679,0,ᛈᚱᛁᛋᛗᚪᛏᚩᛁᛞ,492
floorshows,4678,0,ᚠᛚᚩᚩᚱᛋᚻᚩᚹᛋ,255
callipygian,4677,0,ᚳᚪᛚᛚᛁᛈᚣᚷᛡᚾ,586
enthrallingly,4661,0,ᛖᚾᚦᚱᚪᛚᛚᛝᛚᚣ,610
diesinkers,4659,0,ᛞᛁᛖᛋᛁᚾᚳᛖᚱᛋ,444
programmings,4652,0,ᛈᚱᚩᚷᚱᚪᛗᛗᛝᛋ,460
footslogging,4648,0,ᚠᚩᚩᛏᛋᛚᚩᚷᚷᛝ,321
upbraidingly,4646,0,ᚢᛈᛒᚱᚪᛁᛞᛝᛚᚣ,590
archaicism,4643,0,ᚪᚱᚳᚻᚪᛁᚳᛁᛋᛗ,440
overclothes,4634,0,ᚩᚢᛖᚱᚳᛚᚩᚦᛖᛋ,306
checkrooms,4633,0,ᚳᚻᛖᚳᚳᚱᚩᚩᛗᛋ,278
esteemable,4625,0,ᛖᛋᛏᛖᛖᛗᚪᛒᛚᛖ,682
inamoratas,4619,0,ᛁᚾᚪᛗᚩᚱᚪᛏᚪᛋ,552
impiousness,4616,0,ᛁᛗᛈᛡᚢᛋᚾᛖᛋᛋ,510
sobersided,4612,0,ᛋᚩᛒᛖᚱᛋᛁᛞᛖᛞ,528
huckabacks,4608,0,ᚻᚢᚳᚳᚪᛒᚪᚳᚳᛋ,386
impassibly,4607,0,ᛁᛗᛈᚪᛋᛋᛁᛒᛚᚣ,616
illinoisian,4606,0,ᛁᛚᛚᛁᚾᚩᛁᛋᛡᚾ,464
greenflies,4595,0,ᚷᚱᛖᛖᚾᚠᛚᛁᛖᛋ,417
unrentable,4594,0,ᚢᚾᚱᛖᚾᛏᚪᛒᛚᛖ,496
bumptiously,4588,0,ᛒᚢᛗᛈᛏᛡᚢᛋᛚᚣ,576
vaticinate,4584,0,ᚢᚪᛏᛁᚳᛁᚾᚪᛏᛖ,486
antitrades,4581,0,ᚪᚾᛏᛁᛏᚱᚪᛞᛖᛋ,592
hibiscuses,4580,0,ᚻᛁᛒᛁᛋᚳᚢᛋᛖᛋ,388
freestyles,4579,0,ᚠᚱᛖᛖᛋᛏᚣᛚᛖᛋ,555
craniometer,4579,0,ᚳᚱᚪᚾᛡᛗᛖᛏᛖᚱ,532
hyperthermy,4575,0,ᚻᚣᛈᛖᚱᚦᛖᚱᛗᚣ,504
marshiness,4570,0,ᛗᚪᚱᛋᚻᛁᚾᛖᛋᛋ,488
questionist,4569,0,ᚳᚹᛖᛋᛏᛡᚾᛁᛋᛏ,490
concoctive,4568,0,ᚳᚩᚾᚳᚩᚳᛏᛁᚢᛖ,242
jejuneness,4567,0,ᛂᛖᛂᚢᚾᛖᚾᛖᛋᛋ,442
misrendering,4566,0,ᛗᛁᛋᚱᛖᚾᛞᛖᚱᛝ,508
rupicolous,4565,0,ᚱᚢᛈᛁᚳᚩᛚᚩᚢᛋ,244
vacillator,4562,0,ᚢᚪᚳᛁᛚᛚᚪᛏᚩᚱ,464
alabastrum,4560,0,ᚪᛚᚪᛒᚪᛋᛏᚱᚢᛗ,622
brandyball,4559,0,ᛒᚱᚪᚾᛞᚣᛒᚪᛚᛚ,694
vulcanites,4557,0,ᚢᚢᛚᚳᚪᚾᛁᛏᛖᛋ,428
cherishers,4556,0,ᚳᚻᛖᚱᛁᛋᚻᛖᚱᛋ,352
eightscore,4551,0,ᛖᛁᚷᚻᛏᛋᚳᚩᚱᛖ,348
thistlelike,4550,0,ᚦᛁᛋᛏᛚᛖᛚᛁᚳᛖ,472
unbottomed,4542,0,ᚢᚾᛒᚩᛏᛏᚩᛗᛖᛞ,452
wildnesses,4535,0,ᚹᛁᛚᛞᚾᛖᛋᛋᛖᛋ,534
chipolatas,4535,0,ᚳᚻᛁᛈᚩᛚᚪᛏᚪᛋ,496
pilothouses,4534,0,ᛈᛁᛚᚩᚦᚩᚢᛋᛖᛋ,342
unconcerning,4529,0,ᚢᚾᚳᚩᚾᚳᛖᚱᚾᛝ,280
admittable,4529,0,ᚪᛞᛗᛁᛏᛏᚪᛒᛚᛖ,704
ratiocinating,4519,0,ᚱᚪᛏᛡᚳᛁᚾᚪᛏᛝ,582
unpictured,4514,0,ᚢᚾᛈᛁᚳᛏᚢᚱᛖᛞ,348
dressiness,4514,0,ᛞᚱᛖᛋᛋᛁᚾᛖᛋᛋ,506
venalities,4506,0,ᚢᛖᚾᚪᛚᛁᛏᛁᛖᛋ,510
encaustics,4504,0,ᛖᚾᚳᚪᚢᛋᛏᛁᚳᛋ,418
aurantiaceae,4498,0,ᚪᚢᚱᚪᚾᛏᛡᚳᛠᛖ,592
scorpaenids,4485,0,ᛋᚳᚩᚱᛈᚫᚾᛁᛞᛋ,430
decimalize,4481,0,ᛞᛖᚳᛁᛗᚪᛚᛁᛋᛖ,592
cowardices,4477,0,ᚳᚩᚹᚪᚱᛞᛁᚳᛖᛋ,400
anticipant,4474,0,ᚪᚾᛏᛁᚳᛁᛈᚪᚾᛏ,488
misogamist,4470,0,ᛗᛁᛋᚩᚷᚪᛗᛁᛋᛏ,490
firedrakes,4464,0,ᚠᛁᚱᛖᛞᚱᚪᚳᛖᛋ,441
succussions,4458,0,ᛋᚢᚳᚳᚢᛋᛋᛡᚾᛋ,380
chatelains,4450,0,ᚳᚻᚪᛏᛖᛚᚪᛁᚾᛋ,542
isotropous,4445,0,ᛁᛋᚩᛏᚱᚩᛈᚩᚢᛋ,274
uniformize,4433,0,ᚢᚾᛁᚠᚩᚱᛗᛁᛋᛖ,305
accessional,4420,0,ᚪᚳᚳᛖᛋᛋᛡᚾᚪᛚ,602
inobedient,4415,0,ᛁᚾᚩᛒᛖᛞᛁᛖᚾᛏ,470
bibliothecas,4415,0,ᛒᛁᛒᛚᛡᚦᛖᚳᚪᛋ,568
impudicity,4409,0,ᛁᛗᛈᚢᛞᛁᚳᛁᛏᚣ,474
zygodactyl,4406,0,ᛋᚣᚷᚩᛞᚪᚳᛏᚣᛚ,614
unobnoxious,4401,0,ᚢᚾᚩᛒᚾᚩᛉᛡᚢᛋ,346
squaretail,4390,0,ᛋᚳᚹᚪᚱᛖᛏᚪᛁᛚ,520
stocktaker,4386,0,ᛋᛏᚩᚳᚳᛏᚪᚳᛖᚱ,392
barrowfuls,4385,0,ᛒᚪᚱᚱᚩᚹᚠᚢᛚᛋ,337
aquaplanes,4381,0,ᚪᚳᚹᚪᛈᛚᚪᚾᛖᛋ,588
somniloquy,4380,0,ᛋᚩᛗᚾᛁᛚᚩᚳᚹᚣ,406
splendrous,4377,0,ᛋᛈᛚᛖᚾᛞᚱᚩᚢᛋ,428
maneuverer,4377,0,ᛗᚪᚾᛖᚢᚢᛖᚱᛖᚱ,426
bratwursts,4376,0,ᛒᚱᚪᛏᚹᚢᚱᛋᛏᛋ,426
stormfully,4371,0,ᛋᛏᚩᚱᛗᚠᚢᛚᛚᚣ,455
catawampus,4358,0,ᚳᚪᛏᚪᚹᚪᛗᛈᚢᛋ,552
tesseracts,4352,0,ᛏᛖᛋᛋᛖᚱᚪᚳᛏᛋ,532
scintillas,4352,0,ᛋᚳᛁᚾᛏᛁᛚᛚᚪᛋ,512
baralipton,4352,0,ᛒᚪᚱᚪᛚᛁᛈᛏᚩᚾ,508
strewments,4350,0,ᛋᛏᚱᛖᚹᛗᛖᚾᛏᛋ,488
trivialness,4347,0,ᛏᚱᛁᚢᛡᛚᚾᛖᛋᛋ,486
backspaced,4347,0,ᛒᚪᚳᚳᛋᛈᚪᚳᛖᛞ,546
reconducting,4345,0,ᚱᛖᚳᚩᚾᛞᚢᚳᛏᛝ,370
machinator,4343,0,ᛗᚪᚳᚻᛁᚾᚪᛏᚩᚱ,438
feudalisms,4339,0,ᚠᛖᚢᛞᚪᛚᛁᛋᛗᛋ,539
sloganeers,4336,0,ᛋᛚᚩᚷᚪᚾᛖᛖᚱᛋ,474
insolations,4334,0,ᛁᚾᛋᚩᛚᚪᛏᛡᚾᛋ,538
unlessoned,4328,0,ᚢᚾᛚᛖᛋᛋᚩᚾᛖᛞ,470
fruitwoods,4328,0,ᚠᚱᚢᛁᛏᚹᚩᚩᛞᛋ,281
aforetimes,4326,0,ᚪᚠᚩᚱᛖᛏᛁᛗᛖᛋ,465
sprightful,4320,0,ᛋᛈᚱᛁᚷᚻᛏᚠᚢᛚ,315
monkshoods,4320,0,ᛗᚩᚾᚳᛋᚻᚩᚩᛞᛋ,352
usableness,4317,0,ᚢᛋᚪᛒᛚᛖᚾᛖᛋᛋ,556
mystagogus,4317,0,ᛗᚣᛋᛏᚪᚷᚩᚷᚢᛋ,480
foulnesses,4316,0,ᚠᚩᚢᛚᚾᛖᛋᛋᛖᛋ,407
subvassals,4293,0,ᛋᚢᛒᚢᚪᛋᛋᚪᛚᛋ,546
heraclitic,4274,0,ᚻᛖᚱᚪᚳᛚᛁᛏᛁᚳ,418
schlemiels,4271,0,ᛋᚳᚻᛚᛖᛗᛁᛖᛚᛋ,524
monoestrous,4267,0,ᛗᚩᚾᛟᛋᛏᚱᚩᚢᛋ,376
unstatable,4264,0,ᚢᚾᛋᛏᚪᛏᚪᛒᛚᛖ,598
paillasses,4264,0,ᛈᚪᛁᛚᛚᚪᛋᛋᛖᛋ,640
brainstems,4256,0,ᛒᚱᚪᛁᚾᛋᛏᛖᛗᛋ,532
tribulated,4252,0,ᛏᚱᛁᛒᚢᛚᚪᛏᛖᛞ,550
peristylar,4252,0,ᛈᛖᚱᛁᛋᛏᚣᛚᚪᚱ,548
lavendered,4250,0,ᛚᚪᚢᛖᚾᛞᛖᚱᛖᛞ,592
velodromes,4249,0,ᚢᛖᛚᚩᛞᚱᚩᛗᛖᛋ,448
needlebook,4249,0,ᚾᛖᛖᛞᛚᛖᛒᚩᚩᚳ,480
machinated,4249,0,ᛗᚪᚳᚻᛁᚾᚪᛏᛖᛞ,576
snuggeries,4245,0,ᛋᚾᚢᚷᚷᛖᚱᛁᛖᛋ,348
absurdness,4244,0,ᚪᛒᛋᚢᚱᛞᚾᛖᛋᛋ,516
autarchies,4242,0,ᚪᚢᛏᚪᚱᚳᚻᛁᛖᛋ,454
larcenists,4241,0,ᛚᚪᚱᚳᛖᚾᛁᛋᛏᛋ,486
amoralists,4241,0,ᚪᛗᚩᚱᚪᛚᛁᛋᛏᛋ,552
sensualize,4232,0,ᛋᛖᚾᛋᚢᚪᛚᛁᛋᛖ,526
ubiquitary,4226,0,ᚢᛒᛁᚳᚹᛁᛏᚪᚱᚣ,428
orthopteron,4215,0,ᚩᚱᚦᚩᛈᛏᛖᚱᚩᚾ,246
overswayed,4213,0,ᚩᚢᛖᚱᛋᚹᚪᚣᛖᛞ,516
exorcisers,4212,0,ᛖᛉᚩᚱᚳᛁᛋᛖᚱᛋ,360
caseharden,4211,0,ᚳᚪᛋᛖᚻᚪᚱᛞᛖᚾ,546
hagiologist,4200,0,ᚻᚪᚷᛡᛚᚩᚷᛁᛋᛏ,484
overstride,4197,0,ᚩᚢᛖᚱᛋᛏᚱᛁᛞᛖ,398
mystifiers,4197,0,ᛗᚣᛋᛏᛁᚠᛁᛖᚱᛋ,481
firelights,4192,0,ᚠᛁᚱᛖᛚᛁᚷᚻᛏᛋ,367
barrenwort,4191,0,ᛒᚪᚱᚱᛖᚾᚹᚩᚱᛏ,372
applicably,4191,0,ᚪᛈᛈᛚᛁᚳᚪᛒᛚᚣ,634
songfulness,4185,0,ᛋᚩᛝᚠᚢᛚᚾᛖᛋᛋ,419
caterwauls,4185,0,ᚳᚪᛏᛖᚱᚹᚪᚢᛚᛋ,492
cowberries,4180,0,ᚳᚩᚹᛒᛖᚱᚱᛁᛖᛋ,340
limpidness,4175,0,ᛚᛁᛗᛈᛁᛞᚾᛖᛋᛋ,540
enarthrosis,4175,0,ᛖᚾᚪᚱᚦᚱᚩᛋᛁᛋ,364
nyctophobia,4172,0,ᚾᚣᚳᛏᚩᛈᚻᚩᛒᛡ,452
trustingness,4162,0,ᛏᚱᚢᛋᛏᛝᚾᛖᛋᛋ,466
regeneracy,4156,0,ᚱᛖᚷᛖᚾᛖᚱᚪᚳᚣ,482
bepowdered,4151,0,ᛒᛖᛈᚩᚹᛞᛖᚱᛖᛞ,520
patricides,4149,0,ᛈᚪᛏᚱᛁᚳᛁᛞᛖᛋ,494
pistoleers,4146,0,ᛈᛁᛋᛏᚩᛚᛖᛖᚱᛋ,464
inflictors,4137,0,ᛁᚾᚠᛚᛁᚳᛏᚩᚱᛋ,309
drawknives,4132,0,ᛞᚱᚪᚹᚳᚾᛁᚢᛖᛋ,412
cheechakos,4131,0,ᚳᚻᛖᛖᚳᚻᚪᚳᚩᛋ,376
redivisions,4129,0,ᚱᛖᛞᛁᚢᛁᛋᛡᚾᛋ,474
ambulations,4129,0,ᚪᛗᛒᚢᛚᚪᛏᛡᚾᛋ,650
unforetold,4126,0,ᚢᚾᚠᚩᚱᛖᛏᚩᛚᛞ,347
grandpapas,4105,0,ᚷᚱᚪᚾᛞᛈᚪᛈᚪᛋ,576
appetences,4105,0,ᚪᛈᛈᛖᛏᛖᚾᚳᛖᛋ,538
doubletons,4099,0,ᛞᚩᚢᛒᛚᛖᛏᚩᚾᛋ,448
burdenless,4097,0,ᛒᚢᚱᛞᛖᚾᛚᛖᛋᛋ,506
titanosaur,4092,0,ᛏᛁᛏᚪᚾᚩᛋᚪᚢᚱ,446
grovellers,4092,0,ᚷᚱᚩᚢᛖᛚᛚᛖᚱᛋ,382
retaliators,4084,0,ᚱᛖᛏᚪᛚᛡᛏᚩᚱᛋ,544
hackamores,4075,0,ᚻᚪᚳᚳᚪᛗᚩᚱᛖᛋ,452
napoleonist,4074,0,ᚾᚪᛈᚩᛚᛇᚾᛁᛋᛏ,462
unswaddled,4073,0,ᚢᚾᛋᚹᚪᛞᛞᛚᛖᛞ,608
lightwoods,4069,0,ᛚᛁᚷᚻᛏᚹᚩᚩᛞᛋ,378
grandaunts,4067,0,ᚷᚱᚪᚾᛞᚪᚢᚾᛏᛋ,484
moonshines,4066,0,ᛗᚩᚩᚾᛋᚻᛁᚾᛖᛋ,370
blindsides,4063,0,ᛒᛚᛁᚾᛞᛋᛁᛞᛖᛋ,576
aplacental,4062,0,ᚪᛈᛚᚪᚳᛖᚾᛏᚪᛚ,648
trachodont,4060,0,ᛏᚱᚪᚳᚻᚩᛞᚩᚾᛏ,394
glitterand,4059,0,ᚷᛚᛁᛏᛏᛖᚱᚪᚾᛞ,532
tonicities,4056,0,ᛏᚩᚾᛁᚳᛁᛏᛁᛖᛋ,380
relegations,4056,0,ᚱᛖᛚᛖᚷᚪᛏᛡᚾᛋ,580
cordeliere,4054,0,ᚳᚩᚱᛞᛖᛚᛁᛖᚱᛖ,436
famishment,4052,0,ᚠᚪᛗᛁᛋᚻᛗᛖᚾᛏ,503
salivations,4051,0,ᛋᚪᛚᛁᚢᚪᛏᛡᚾᛋ,602
chirpiness,4051,0,ᚳᚻᛁᚱᛈᛁᚾᛖᛋᛋ,354
struldbrug,4049,0,ᛋᛏᚱᚢᛚᛞᛒᚱᚢᚷ,380
frigidness,4031,0,ᚠᚱᛁᚷᛁᛞᚾᛖᛋᛋ,383
unmuscular,4028,0,ᚢᚾᛗᚢᛋᚳᚢᛚᚪᚱ,356
leaderettes,4024,0,ᛚᛠᛞᛖᚱᛖᛏᛏᛖᛋ,654
blastments,4024,0,ᛒᛚᚪᛋᛏᛗᛖᚾᛏᛋ,622
newmarkets,4022,0,ᚾᛖᚹᛗᚪᚱᚳᛖᛏᛋ,486
astrakhans,4019,0,ᚪᛋᛏᚱᚪᚳᚻᚪᚾᛋ,532
demurrages,4018,0,ᛞᛖᛗᚢᚱᚱᚪᚷᛖᛋ,486
orotundity,4013,0,ᚩᚱᚩᛏᚢᚾᛞᛁᛏᚣ,398
unperforming,4012,0,ᚢᚾᛈᛖᚱᚠᚩᚱᛗᛝ,323
overshades,4012,0,ᚩᚢᛖᚱᛋᚻᚪᛞᛖᛋ,470
corposants,4011,0,ᚳᚩᚱᛈᚩᛋᚪᚾᛏᛋ,372
bloodroots,4011,0,ᛒᛚᚩᚩᛞᚱᚩᚩᛏᛋ,374
keyboarder,4002,0,ᚳᛖᚣᛒᚩᚪᚱᛞᛖᚱ,526
unwinnowed,3996,0,ᚢᚾᚹᛁᚾᚾᚩᚹᛖᛞ,322
toddlekins,3995,0,ᛏᚩᛞᛞᛚᛖᚳᛁᚾᛋ,510
domiciliate,3987,0,ᛞᚩᛗᛁᚳᛁᛚᛡᛏᛖ,548
cloakmaker,3986,0,ᚳᛚᚩᚪᚳᛗᚪᚳᛖᚱ,462
jackknifes,3985,0,ᛂᚪᚳᚳᚳᚾᛁᚠᛖᛋ,355
dissertate,3985,0,ᛞᛁᛋᛋᛖᚱᛏᚪᛏᛖ,586
crotalarias,3977,0,ᚳᚱᚩᛏᚪᛚᚪᚱᛡᛋ,528
coruscates,3961,0,ᚳᚩᚱᚢᛋᚳᚪᛏᛖᛋ,376
truculency,3960,0,ᛏᚱᚢᚳᚢᛚᛖᚾᚳᚣ,374
arrowworms,3955,0,ᚪᚱᚱᚩᚹᚹᚩᚱᛗᛋ,306
almandines,3955,0,ᚪᛚᛗᚪᚾᛞᛁᚾᛖᛋ,636
huckstered,3951,0,ᚻᚢᚳᚳᛋᛏᛖᚱᛖᛞ,398
polysemies,3944,0,ᛈᚩᛚᚣᛋᛖᛗᛁᛖᛋ,568
monorchism,3942,0,ᛗᚩᚾᚩᚱᚳᚻᛁᛋᛗ,316
sourpusses,3937,0,ᛋᚩᚢᚱᛈᚢᛋᛋᛖᛋ,346
handselled,3935,0,ᚻᚪᚾᛞᛋᛖᛚᛚᛖᛞ,660
chastities,3935,0,ᚳᚻᚪᛋᛏᛁᛏᛁᛖᛋ,486
quatorzain,3931,0,ᚳᚹᚪᛏᚩᚱᛋᚪᛁᚾ,416
sugariness,3915,0,ᛋᚢᚷᚪᚱᛁᚾᛖᛋᛋ,414
antilopine,3914,0,ᚪᚾᛏᛁᛚᚩᛈᛁᚾᛖ,466
blindworms,3911,0,ᛒᛚᛁᚾᛞᚹᚩᚱᛗᛋ,444
monocycles,3905,0,ᛗᚩᚾᚩᚳᚣᚳᛚᛖᛋ,436
spongioblast,3902,0,ᛋᛈᚩᛝᛡᛒᛚᚪᛋᛏ,632
perineotomy,3899,0,ᛈᛖᚱᛁᚾᛇᛏᚩᛗᚣ,462
draftiness,3898,0,ᛞᚱᚪᚠᛏᛁᚾᛖᛋᛋ,491
bibliopolic,3898,0,ᛒᛁᛒᛚᛡᛈᚩᛚᛁᚳ,500
rumormonger,3896,0,ᚱᚢᛗᚩᚱᛗᚩᛝᛖᚱ,338
plunderage,3892,0,ᛈᛚᚢᚾᛞᛖᚱᚪᚷᛖ,496
colorcasts,3888,0,ᚳᚩᛚᚩᚱᚳᚪᛋᛏᛋ,386
amazedness,3877,0,ᚪᛗᚪᛋᛖᛞᚾᛖᛋᛋ,676
hawsepipes,3875,0,ᚻᚪᚹᛋᛖᛈᛁᛈᛖᛋ,496
decaliters,3875,0,ᛞᛖᚳᚪᛚᛁᛏᛖᚱᛋ,560
sabbathless,3868,0,ᛋᚪᛒᛒᚪᚦᛚᛖᛋᛋ,620
fluorspars,3854,0,ᚠᛚᚢᚩᚱᛋᛈᚪᚱᛋ,353
marlingspike,3852,0,ᛗᚪᚱᛚᛝᛋᛈᛁᚳᛖ,538
sardonyxes,3851,0,ᛋᚪᚱᛞᚩᚾᚣᛉᛖᛋ,556
housepaint,3849,0,ᚻᚩᚢᛋᛖᛈᚪᛁᚾᛏ,412
societarian,3845,0,ᛋᚩᚳᛁᛖᛏᚪᚱᛡᚾ,474
expurgator,3836,0,ᛖᛉᛈᚢᚱᚷᚪᛏᚩᚱ,362
leatherworks,3830,0,ᛚᛠᚦᛖᚱᚹᚩᚱᚳᛋ,368
epitomiser,3821,0,ᛖᛈᛁᛏᚩᛗᛁᛋᛖᚱ,440
inculpably,3817,0,ᛁᚾᚳᚢᛚᛈᚪᛒᛚᚣ,526
campestral,3805,0,ᚳᚪᛗᛈᛖᛋᛏᚱᚪᛚ,584
megalosaur,3804,0,ᛗᛖᚷᚪᛚᚩᛋᚪᚢᚱ,496
viziership,3803,0,ᚢᛁᛋᛁᛖᚱᛋᚻᛁᛈ,346
homologise,3803,0,ᚻᚩᛗᚩᛚᚩᚷᛁᛋᛖ,356
scratchier,3791,0,ᛋᚳᚱᚪᛏᚳᚻᛁᛖᚱ,378
bandeliers,3787,0,ᛒᚪᚾᛞᛖᛚᛁᛖᚱᛋ,578
bulldogged,3778,0,ᛒᚢᛚᛚᛞᚩᚷᚷᛖᛞ,496
moralisers,3766,0,ᛗᚩᚱᚪᛚᛁᛋᛖᚱᛋ,474
sailfishes,3764,0,ᛋᚪᛁᛚᚠᛁᛋᚻᛖᛋ,483
disculpate,3763,0,ᛞᛁᛋᚳᚢᛚᛈᚪᛏᛖ,528
eulogizers,3762,0,ᛖᚢᛚᚩᚷᛁᛋᛖᚱᛋ,382
marchpanes,3760,0,ᛗᚪᚱᚳᚻᛈᚪᚾᛖᛋ,504
oafishness,3756,0,ᚩᚪᚠᛁᛋᚻᚾᛖᛋᛋ,415
stigmatist,3755,0,ᛋᛏᛁᚷᛗᚪᛏᛁᛋᛏ,530
bobsleighs,3755,0,ᛒᚩᛒᛋᛚᛖᛁᚷᚻᛋ,446
mayoresses,3753,0,ᛗᚪᚣᚩᚱᛖᛋᛋᛖᛋ,582
princeship,3749,0,ᛈᚱᛁᚾᚳᛖᛋᚻᛁᛈ,344
tantalites,3745,0,ᛏᚪᚾᛏᚪᛚᛁᛏᛖᛋ,624
goldbricks,3743,0,ᚷᚩᛚᛞᛒᚱᛁᚳᚳᛋ,368
salmanazar,3736,0,ᛋᚪᛚᛗᚪᚾᚪᛋᚪᚱ,678
osteopathist,3735,0,ᚩᛋᛏᛇᛈᚪᚦᛁᛋᛏ,448
astomatous,3735,0,ᚪᛋᛏᚩᛗᚪᛏᚩᚢᛋ,506
countriman,3728,0,ᚳᚩᚢᚾᛏᚱᛁᛗᚪᚾ,350
kickstands,3723,0,ᚳᛁᚳᚳᛋᛏᚪᚾᛞᛋ,450
extradites,3721,0,ᛖᛉᛏᚱᚪᛞᛁᛏᛖᛋ,580
criterional,3719,0,ᚳᚱᛁᛏᛖᚱᛡᚾᚪᛚ,498
insinuator,3711,0,ᛁᚾᛋᛁᚾᚢᚪᛏᚩᚱ,350
crenelation,3711,0,ᚳᚱᛖᚾᛖᛚᚪᛏᛡᚾ,552
carnotites,3711,0,ᚳᚪᚱᚾᚩᛏᛁᛏᛖᛋ,426
harquebuse,3710,0,ᚻᚪᚱᚳᚹᛖᛒᚢᛋᛖ,414
boarhounds,3707,0,ᛒᚩᚪᚱᚻᚩᚢᚾᛞᛋ,380
misrelated,3706,0,ᛗᛁᛋᚱᛖᛚᚪᛏᛖᛞ,618
turgidness,3705,0,ᛏᚢᚱᚷᛁᛞᚾᛖᛋᛋ,412
maidenlike,3704,0,ᛗᚪᛁᛞᛖᚾᛚᛁᚳᛖ,568
bimonthlies,3704,0,ᛒᛁᛗᚩᚾᚦᛚᛁᛖᛋ,428
exteriorise,3699,0,ᛖᛉᛏᛖᚱᛡᚱᛁᛋᛖ,520
brazenface,3697,0,ᛒᚱᚪᛋᛖᚾᚠᚪᚳᛖ,497
plectognath,3688,0,ᛈᛚᛖᚳᛏᚩᚷᚾᚪᚦ,410
miniaturise,3684,0,ᛗᛁᚾᛡᛏᚢᚱᛁᛋᛖ,462
restrengthen,3681,0,ᚱᛖᛋᛏᚱᛖᛝᚦᛖᚾ,448
launchpads,3671,0,ᛚᚪᚢᚾᚳᚻᛈᚪᛞᛋ,520
backfields,3669,0,ᛒᚪᚳᚳᚠᛁᛖᛚᛞᛋ,499
microphage,3666,0,ᛗᛁᚳᚱᚩᛈᚻᚪᚷᛖ,380
swingletrees,3665,0,ᛋᚹᛝᛚᛖᛏᚱᛖᛖᛋ,548
reproacher,3665,0,ᚱᛖᛈᚱᚩᚪᚳᚻᛖᚱ,350
cacodemons,3661,0,ᚳᚪᚳᚩᛞᛖᛗᚩᚾᛋ,446
lymantriid,3656,0,ᛚᚣᛗᚪᚾᛏᚱᛁᛁᛞ,594
highbrowed,3653,0,ᚻᛁᚷᚻᛒᚱᚩᚹᛖᛞ,348
flatnesses,3653,0,ᚠᛚᚪᛏᚾᛖᛋᛋᛖᛋ,553
gopherwood,3652,0,ᚷᚩᛈᚻᛖᚱᚹᚩᚩᛞ,290
indexations,3651,0,ᛁᚾᛞᛖᛉᚪᛏᛡᚾᛋ,608
depreciator,3650,0,ᛞᛖᛈᚱᛖᚳᛡᛏᚩᚱ,474
saddlebows,3649,0,ᛋᚪᛞᛞᛚᛖᛒᚩᚹᛋ,608
coldnesses,3646,0,ᚳᚩᛚᛞᚾᛖᛋᛋᛖᛋ,504
charladies,3641,0,ᚳᚻᚪᚱᛚᚪᛞᛁᛖᛋ,554
oversevere,3635,0,ᚩᚢᛖᚱᛋᛖᚢᛖᚱᛖ,356
desertness,3635,0,ᛞᛖᛋᛖᚱᛏᚾᛖᛋᛋ,548
misemploying,3628,0,ᛗᛁᛋᛖᛗᛈᛚᚩᚣᛝ,598
temerities,3624,0,ᛏᛖᛗᛖᚱᛁᛏᛁᛖᛋ,516
putrefiable,3621,0,ᛈᚢᛏᚱᛖᚠᛡᛒᛚᛖ,493
unaddicted,3614,0,ᚢᚾᚪᛞᛞᛁᚳᛏᛖᛞ,566
hymenopter,3614,0,ᚻᚣᛗᛖᚾᚩᛈᛏᛖᚱ,480
nemophilas,3602,0,ᚾᛖᛗᚩᛈᚻᛁᛚᚪᛋ,494
unportioned,3595,0,ᚢᚾᛈᚩᚱᛏᛡᚾᛖᛞ,444
greenrooms,3595,0,ᚷᚱᛖᛖᚾᚱᚩᚩᛗᛋ,340
misconceit,3575,0,ᛗᛁᛋᚳᚩᚾᚳᛖᛁᛏ,374
catarrhous,3566,0,ᚳᚪᛏᚪᚱᚱᚻᚩᚢᛋ,374
barcaroles,3562,0,ᛒᚪᚱᚳᚪᚱᚩᛚᛖᛋ,490
italicises,3560,0,ᛁᛏᚪᛚᛁᚳᛁᛋᛖᛋ,508
regentship,3558,0,ᚱᛖᚷᛖᚾᛏᛋᚻᛁᛈ,400
refreshful,3556,0,ᚱᛖᚠᚱᛖᛋᚻᚠᚢᛚ,312
conglobation,3554,0,ᚳᚩᛝᛚᚩᛒᚪᛏᛡᚾ,532
epidendron,3553,0,ᛖᛈᛁᛞᛖᚾᛞᚱᚩᚾ,462
cerebrated,3552,0,ᚳᛖᚱᛖᛒᚱᚪᛏᛖᛞ,542
abranchiate,3546,0,ᚪᛒᚱᚪᚾᚳᚻᛡᛏᛖ,564
dumbfounds,3544,0,ᛞᚢᛗᛒᚠᚩᚢᚾᛞᛋ,407
terrorless,3543,0,ᛏᛖᚱᚱᚩᚱᛚᛖᛋᛋ,412
purpleness,3543,0,ᛈᚢᚱᛈᛚᛖᚾᛖᛋᛋ,442
elastances,3543,0,ᛖᛚᚪᛋᛏᚪᚾᚳᛖᛋ,608
adversarys,3543,0,ᚪᛞᚢᛖᚱᛋᚪᚱᚣᛋ,584
unsubmitting,3542,0,ᚢᚾᛋᚢᛒᛗᛁᛏᛏᛝ,448
postponers,3538,0,ᛈᚩᛋᛏᛈᚩᚾᛖᚱᛋ,372
lasiocampid,3538,0,ᛚᚪᛋᛡᚳᚪᛗᛈᛁᛞ,674
fiddlestring,3538,0,ᚠᛁᛞᛞᛚᛖᛋᛏᚱᛝ,553
biauricular,3537,0,ᛒᛡᚢᚱᛁᚳᚢᛚᚪᚱ,410
hawseholes,3535,0,ᚻᚪᚹᛋᛖᚻᚩᛚᛖᛋ,482
brightsome,3533,0,ᛒᚱᛁᚷᚻᛏᛋᚩᛗᛖ,400
honorarily,3524,0,ᚻᚩᚾᚩᚱᚪᚱᛁᛚᚣ,392
sternwards,3518,0,ᛋᛏᛖᚱᚾᚹᚪᚱᛞᛋ,488
monticulus,3516,0,ᛗᚩᚾᛏᛁᚳᚢᛚᚢᛋ,342
defeminize,3508,0,ᛞᛖᚠᛖᛗᛁᚾᛁᛋᛖ,507
flummeries,3500,0,ᚠᛚᚢᛗᛗᛖᚱᛁᛖᛋ,449
alienators,3500,0,ᚪᛚᛁᛖᚾᚪᛏᚩᚱᛋ,524
naviculars,3497,0,ᚾᚪᚢᛁᚳᚢᛚᚪᚱᛋ,410
underquote,3487,0,ᚢᚾᛞᛖᚱᚳᚹᚩᛏᛖ,364
brotherlike,3486,0,ᛒᚱᚩᚦᛖᚱᛚᛁᚳᛖ,346
broadtails,3486,0,ᛒᚱᚩᚪᛞᛏᚪᛁᛚᛋ,578
cinerarium,3485,0,ᚳᛁᚾᛖᚱᚪᚱᛁᚢᛗ,364
enragement,3483,0,ᛖᚾᚱᚪᚷᛖᛗᛖᚾᛏ,514
unmeetable,3478,0,ᚢᚾᛗᛖᛖᛏᚪᛒᛚᛖ,594
goosefoots,3475,0,ᚷᚩᚩᛋᛖᚠᚩᚩᛏᛋ,279
debellation,3471,0,ᛞᛖᛒᛖᛚᛚᚪᛏᛡᚾ,722
obstructer,3468,0,ᚩᛒᛋᛏᚱᚢᚳᛏᛖᚱ,344
rippleless,3466,0,ᚱᛁᛈᛈᛚᛖᛚᛖᛋᛋ,514
grisliness,3463,0,ᚷᚱᛁᛋᛚᛁᚾᛖᛋᛋ,418
galvaniser,3461,0,ᚷᚪᛚᚢᚪᚾᛁᛋᛖᚱ,478
paintboxes,3459,0,ᛈᚪᛁᚾᛏᛒᚩᛉᛖᛋ,494
unicyclist,3445,0,ᚢᚾᛁᚳᚣᚳᛚᛁᛋᛏ,408
trifoliated,3442,0,ᛏᚱᛁᚠᚩᛚᛡᛏᛖᛞ,505
temporises,3439,0,ᛏᛖᛗᛈᚩᚱᛁᛋᛖᛋ,462
routinists,3437,0,ᚱᚩᚢᛏᛁᚾᛁᛋᛏᛋ,336
glassworts,3434,0,ᚷᛚᚪᛋᛋᚹᚩᚱᛏᛋ,442
regardable,3430,0,ᚱᛖᚷᚪᚱᛞᚪᛒᛚᛖ,590
exospheres,3426,0,ᛖᛉᚩᛋᛈᚻᛖᚱᛖᛋ,438
unbestowed,3421,0,ᚢᚾᛒᛖᛋᛏᚩᚹᛖᛞ,454
ransomless,3415,0,ᚱᚪᚾᛋᚩᛗᛚᛖᛋᛋ,514
skewnesses,3413,0,ᛋᚳᛖᚹᚾᛖᛋᛋᛖᛋ,474
anacoluthic,3408,0,ᚪᚾᚪᚳᚩᛚᚢᚦᛁᚳ,368
stagnantly,3407,0,ᛋᛏᚪᚷᚾᚪᚾᛏᛚᚣ,616
muliebrity,3405,0,ᛗᚢᛚᛁᛖᛒᚱᛁᛏᚣ,510
polypodies,3400,0,ᛈᚩᛚᚣᛈᚩᛞᛁᛖᛋ,516
ecphonesis,3397,0,ᛖᚳᛈᚻᚩᚾᛖᛋᛁᛋ,386
unrespited,3392,0,ᚢᚾᚱᛖᛋᛈᛁᛏᛖᛞ,452
tenebrific,3391,0,ᛏᛖᚾᛖᛒᚱᛁᚠᛁᚳ,371
shillelahs,3390,0,ᛋᚻᛁᛚᛚᛖᛚᚪᚻᛋ,566
perithelium,3390,0,ᛈᛖᚱᛁᚦᛖᛚᛁᚢᛗ,402
autarkical,3390,0,ᚪᚢᛏᚪᚱᚳᛁᚳᚪᛚ,494
nonarterial,3385,0,ᚾᚩᚾᚪᚱᛏᛖᚱᛡᛚ,490
crapulence,3382,0,ᚳᚱᚪᛈᚢᛚᛖᚾᚳᛖ,416
phylliform,3380,0,ᛈᚻᚣᛚᛚᛁᚠᚩᚱᛗ,437
imbibitions,3379,0,ᛁᛗᛒᛁᛒᛁᛏᛡᚾᛋ,534
instituter,3377,0,ᛁᚾᛋᛏᛁᛏᚢᛏᛖᚱ,402
autotomize,3376,0,ᚪᚢᛏᚩᛏᚩᛗᛁᛋᛖ,454
unpastoral,3366,0,ᚢᚾᛈᚪᛋᛏᚩᚱᚪᛚ,472
conglobated,3366,0,ᚳᚩᛝᛚᚩᛒᚪᛏᛖᛞ,552
backwoodsy,3365,0,ᛒᚪᚳᚳᚹᚩᚩᛞᛋᚣ,462
devitalise,3364,0,ᛞᛖᚢᛁᛏᚪᛚᛁᛋᛖ,570
woodgraining,3362,0,ᚹᚩᚩᛞᚷᚱᚪᛁᚾᛝ,386
disinclining,3362,0,ᛞᛁᛋᛁᚾᚳᛚᛁᚾᛝ,458
solipsisms,3354,0,ᛋᚩᛚᛁᛈᛋᛁᛋᛗᛋ,468
tigerishly,3352,0,ᛏᛁᚷᛖᚱᛁᛋᚻᛚᚣ,468
malignment,3351,0,ᛗᚪᛚᛁᚷᚾᛗᛖᚾᛏ,544
muttonfish,3348,0,ᛗᚢᛏᛏᚩᚾᚠᛁᛋᚻ,337
minuscular,3348,0,ᛗᛁᚾᚢᛋᚳᚢᛚᚪᚱ,384
progenital,3346,0,ᛈᚱᚩᚷᛖᚾᛁᛏᚪᛚ,434
officialize,3332,0,ᚩᚠᚠᛁᚳᛡᛚᛁᛋᛖ,386
medressehs,3327,0,ᛗᛖᛞᚱᛖᛋᛋᛖᚻᛋ,554
angiocarpous,3320,0,ᚪᛝᛡᚳᚪᚱᛈᚩᚢᛋ,510
plagiarizer,3316,0,ᛈᛚᚪᚷᛡᚱᛁᛋᛖᚱ,510
loblollies,3314,0,ᛚᚩᛒᛚᚩᛚᛚᛁᛖᛋ,518
pigheadedly,3311,0,ᛈᛁᚷᚻᛠᛞᛖᛞᛚᚣ,644
cosmoramas,3309,0,ᚳᚩᛋᛗᚩᚱᚪᛗᚪᛋ,480
crooknecks,3298,0,ᚳᚱᚩᚩᚳᚾᛖᚳᚳᛋ,226
tumblebugs,3297,0,ᛏᚢᛗᛒᛚᛖᛒᚢᚷᛋ,468
routineers,3297,0,ᚱᚩᚢᛏᛁᚾᛖᛖᚱᛋ,338
chophouses,3294,0,ᚳᚻᚩᛈᚻᚩᚢᛋᛖᛋ,292
brawniness,3289,0,ᛒᚱᚪᚹᚾᛁᚾᛖᛋᛋ,450
systemizer,3286,0,ᛋᚣᛋᛏᛖᛗᛁᛋᛖᚱ,568
untraceably,3284,0,ᚢᚾᛏᚱᚪᚳᛠᛒᛚᚣ,558
staircased,3277,0,ᛋᛏᚪᛁᚱᚳᚪᛋᛖᛞ,570
stripteases,3273,0,ᛋᛏᚱᛁᛈᛏᛠᛋᛖᛋ,538
souvenired,3272,0,ᛋᚩᚢᚢᛖᚾᛁᚱᛖᛞ,360
bobbysoxer,3270,0,ᛒᚩᛒᛒᚣᛋᚩᛉᛖᚱ,478
academists,3266,0,ᚪᚳᚪᛞᛖᛗᛁᛋᛏᛋ,630
rectitudes,3264,0,ᚱᛖᚳᛏᛁᛏᚢᛞᛖᛋ,452
ovalbumins,3261,0,ᚩᚢᚪᛚᛒᚢᛗᛁᚾᛋ,428
ahorseback,3254,0,ᚪᚻᚩᚱᛋᛖᛒᚪᚳᚳ,442
paralepsis,3253,0,ᛈᚪᚱᚪᛚᛖᛈᛋᛁᛋ,568
revivifier,3250,0,ᚱᛖᚢᛁᚢᛁᚠᛁᛖᚱ,257
charactering,3245,0,ᚳᚻᚪᚱᚪᚳᛏᛖᚱᛝ,470
watchstrap,3242,0,ᚹᚪᛏᚳᚻᛋᛏᚱᚪᛈ,474
gladsomely,3242,0,ᚷᛚᚪᛞᛋᚩᛗᛖᛚᚣ,650
tenderised,3233,0,ᛏᛖᚾᛞᛖᚱᛁᛋᛖᛞ,562
decalitres,3231,0,ᛞᛖᚳᚪᛚᛁᛏᚱᛖᛋ,560
resignment,3221,0,ᚱᛖᛋᛁᚷᚾᛗᛖᚾᛏ,434
pseudocarp,3216,0,ᛈᛋᛖᚢᛞᚩᚳᚪᚱᛈ,426
bewitchery,3215,0,ᛒᛖᚹᛁᛏᚳᚻᛖᚱᚣ,454
arboraceous,3214,0,ᚪᚱᛒᚩᚱᚪᚳᛇᚢᛋ,394
ruminatingly,3212,0,ᚱᚢᛗᛁᚾᚪᛏᛝᛚᚣ,556
physiatrics,3211,0,ᛈᚻᚣᛋᛡᛏᚱᛁᚳᛋ,496
hermitical,3198,0,ᚻᛖᚱᛗᛁᛏᛁᚳᚪᛚ,476
blanquillo,3196,0,ᛒᛚᚪᚾᚳᚹᛁᛚᛚᚩ,476
ambassages,3192,0,ᚪᛗᛒᚪᛋᛋᚪᚷᛖᛋ,666
incessancy,3190,0,ᛁᚾᚳᛖᛋᛋᚪᚾᚳᚣ,488
dragonheads,3190,0,ᛞᚱᚪᚷᚩᚾᚻᛠᛞᛋ,524
advertency,3185,0,ᚪᛞᚢᛖᚱᛏᛖᚾᚳᚣ,538
vineyarder,3184,0,ᚢᛁᚾᛖᚣᚪᚱᛞᛖᚱ,508
homomorphy,3184,0,ᚻᚩᛗᚩᛗᚩᚱᛈᚻᚣ,366
ritualisms,3182,0,ᚱᛁᛏᚢᚪᛚᛁᛋᛗᛋ,482
womanisers,3178,0,ᚹᚩᛗᚪᚾᛁᛋᛖᚱᛋ,438
patronizer,3178,0,ᛈᚪᛏᚱᚩᚾᛁᛋᛖᚱ,408
birdbrains,3176,0,ᛒᛁᚱᛞᛒᚱᚪᛁᚾᛋ,474
miscreations,3172,0,ᛗᛁᛋᚳᚱᛠᛏᛡᚾᛋ,536
unsymbolic,3169,0,ᚢᚾᛋᚣᛗᛒᚩᛚᛁᚳ,444
alleviatory,3161,0,ᚪᛚᛚᛖᚢᛡᛏᚩᚱᚣ,600
mistflower,3160,0,ᛗᛁᛋᛏᚠᛚᚩᚹᛖᚱ,393
baseburner,3160,0,ᛒᚪᛋᛖᛒᚢᚱᚾᛖᚱ,460
whimperers,3159,0,ᚹᚻᛁᛗᛈᛖᚱᛖᚱᛋ,396
archaeornis,3145,0,ᚪᚱᚳᚻᚫᚩᚱᚾᛁᛋ,376
tricyclist,3142,0,ᛏᚱᛁᚳᚣᚳᛚᛁᛋᛏ,446
overpressing,3119,0,ᚩᚢᛖᚱᛈᚱᛖᛋᛋᛝ,394
displeasingly,3117,0,ᛞᛁᛋᛈᛚᛠᛋᛝᛚᚣ,706
befoulment,3115,0,ᛒᛖᚠᚩᚢᛚᛗᛖᚾᛏ,439
hagiologies,3110,0,ᚻᚪᚷᛡᛚᚩᚷᛁᛖᛋ,492
aardwolves,3109,0,ᚪᚪᚱᛞᚹᚩᛚᚢᛖᛋ,516
formalness,3107,0,ᚠᚩᚱᛗᚪᛚᚾᛖᛋᛋ,463
affixations,3104,0,ᚪᚠᚠᛁᛉᚪᛏᛡᚾᛋ,524
cuckoopint,3098,0,ᚳᚢᚳᚳᚩᚩᛈᛁᚾᛏ,218
coxcomical,3092,0,ᚳᚩᛉᚳᚩᛗᛁᚳᚪᛚ,372
beglerbegs,3092,0,ᛒᛖᚷᛚᛖᚱᛒᛖᚷᛋ,494
toothdrawer,3091,0,ᛏᚩᚩᚦᛞᚱᚪᚹᛖᚱ,372
jaguarondi,3082,0,ᛂᚪᚷᚢᚪᚱᚩᚾᛞᛁ,418
snottiness,3080,0,ᛋᚾᚩᛏᛏᛁᚾᛖᛋᛋ,440
malonylurea,3078,0,ᛗᚪᛚᚩᚾᚣᛚᚢᚱᛠ,576
prototherian,3077,0,ᛈᚱᚩᛏᚩᚦᛖᚱᛡᚾ,346
shellproof,3073,0,ᛋᚻᛖᛚᛚᛈᚱᚩᚩᚠ,359
exenterate,3068,0,ᛖᛉᛖᚾᛏᛖᚱᚪᛏᛖ,570
chaparejos,3065,0,ᚳᚻᚪᛈᚪᚱᛖᛂᚩᛋ,448
tautologic,3061,0,ᛏᚪᚢᛏᚩᛚᚩᚷᛁᚳ,366
changefully,3060,0,ᚳᚻᚪᛝᛖᚠᚢᛚᛚᚣ,533
provenders,3049,0,ᛈᚱᚩᚢᛖᚾᛞᛖᚱᛋ,380
vulgarizer,3045,0,ᚢᚢᛚᚷᚪᚱᛁᛋᛖᚱ,366
expunctions,3042,0,ᛖᛉᛈᚢᚾᚳᛏᛡᚾᛋ,450
unfellowed,3040,0,ᚢᚾᚠᛖᛚᛚᚩᚹᛖᛞ,429
klutziness,3032,0,ᚳᛚᚢᛏᛋᛁᚾᛖᛋᛋ,434
memberless,3031,0,ᛗᛖᛗᛒᛖᚱᛚᛖᛋᛋ,594
galactoses,3021,0,ᚷᚪᛚᚪᚳᛏᚩᛋᛖᛋ,536
easygoingness,3021,0,ᛠᛋᚣᚷᚩᛝᚾᛖᛋᛋ,570
narcotizes,3020,0,ᚾᚪᚱᚳᚩᛏᛁᛋᛖᛋ,420
illuminous,3020,0,ᛁᛚᛚᚢᛗᛁᚾᚩᚢᛋ,374
cottonweed,3020,0,ᚳᚩᛏᛏᚩᚾᚹᛖᛖᛞ,416
whitethorns,3014,0,ᚹᚻᛁᛏᛖᚦᚩᚱᚾᛋ,304
blazonries,3013,0,ᛒᛚᚪᛋᚩᚾᚱᛁᛖᛋ,482
vilenesses,3012,0,ᚢᛁᛚᛖᚾᛖᛋᛋᛖᛋ,496
zeitgeists,3009,0,ᛋᛖᛁᛏᚷᛖᛁᛋᛏᛋ,490
thimbleweed,3006,0,ᚦᛁᛗᛒᛚᛖᚹᛖᛖᛞ,550
signorinas,3003,0,ᛋᛁᚷᚾᚩᚱᛁᚾᚪᛋ,358
abdominous,2999,0,ᚪᛒᛞᚩᛗᛁᚾᚩᚢᛋ,448
tegumentum,2998,0,ᛏᛖᚷᚢᛗᛖᚾᛏᚢᛗ,446
sphacelate,2998,0,ᛋᛈᚻᚪᚳᛖᛚᚪᛏᛖ,592
jailhouses,2998,0,ᛂᚪᛁᛚᚻᚩᚢᛋᛖᛋ,444
unharrowed,2992,0,ᚢᚾᚻᚪᚱᚱᚩᚹᛖᛞ,356
brandisher,2990,0,ᛒᚱᚪᚾᛞᛁᛋᚻᛖᚱ,472
fumitories,2985,0,ᚠᚢᛗᛁᛏᚩᚱᛁᛖᛋ,335
whitewoods,2978,0,ᚹᚻᛁᛏᛖᚹᚩᚩᛞᛋ,374
microphoning,2978,0,ᛗᛁᚳᚱᚩᛈᚻᚩᚾᛝ,314
uncombable,2968,0,ᚢᚾᚳᚩᛗᛒᚪᛒᛚᛖ,482
amenorrheas,2956,0,ᚪᛗᛖᚾᚩᚱᚱᚻᛠᛋ,478
scorpaenoid,2955,0,ᛋᚳᚩᚱᛈᚫᚾᚩᛁᛞ,384
godfathered,2954,0,ᚷᚩᛞᚠᚪᚦᛖᚱᛖᛞ,451
geminations,2942,0,ᚷᛖᛗᛁᚾᚪᛏᛡᚾᛋ,560
goldstones,2931,0,ᚷᚩᛚᛞᛋᛏᚩᚾᛖᛋ,454
impugnable,2930,0,ᛁᛗᛈᚢᚷᚾᚪᛒᛚᛖ,492
gutenbergs,2929,0,ᚷᚢᛏᛖᚾᛒᛖᚱᚷᛋ,384
sensiblest,2927,0,ᛋᛖᚾᛋᛁᛒᛚᛖᛋᛏ,546
clannishly,2925,0,ᚳᛚᚪᚾᚾᛁᛋᚻᛚᚣ,524
unportable,2924,0,ᚢᚾᛈᚩᚱᛏᚪᛒᛚᛖ,450
pikestaffs,2923,0,ᛈᛁᚳᛖᛋᛏᚪᚠᚠᛋ,420
smelliness,2921,0,ᛋᛗᛖᛚᛚᛁᚾᛖᛋᛋ,570
myriameters,2910,0,ᛗᚣᚱᛡᛗᛖᛏᛖᚱᛋ,620
lavalieres,2908,0,ᛚᚪᚢᚪᛚᛁᛖᚱᛖᛋ,572
tiddlywink,2903,0,ᛏᛁᛞᛞᛚᚣᚹᛁᚾᚳ,536
featheredged,2894,0,ᚠᛠᚦᛖᚱᛖᛞᚷᛖᛞ,523
archespore,2891,0,ᚪᚱᚳᚻᛖᛋᛈᚩᚱᛖ,392
itinerates,2889,0,ᛁᛏᛁᚾᛖᚱᚪᛏᛖᛋ,504
interiorise,2887,0,ᛁᚾᛏᛖᚱᛡᚱᛁᛋᛖ,466
hemerobiid,2885,0,ᚻᛖᛗᛖᚱᚩᛒᛁᛁᛞ,458
jealousness,2884,0,ᛂᛠᛚᚩᚢᛋᚾᛖᛋᛋ,484
checkreins,2880,0,ᚳᚻᛖᚳᚳᚱᛖᛁᚾᛋ,320
inexpected,2869,0,ᛁᚾᛖᛉᛈᛖᚳᛏᛖᛞ,512
bowdlerise,2868,0,ᛒᚩᚹᛞᛚᛖᚱᛁᛋᛖ,478
impostumes,2867,0,ᛁᛗᛈᚩᛋᛏᚢᛗᛖᛋ,458
sandblasts,2864,0,ᛋᚪᚾᛞᛒᛚᚪᛋᛏᛋ,664
alacritous,2856,0,ᚪᛚᚪᚳᚱᛁᛏᚩᚢᛋ,444
gratulates,2854,0,ᚷᚱᚪᛏᚢᛚᚪᛏᛖᛋ,536
conferrers,2853,0,ᚳᚩᚾᚠᛖᚱᚱᛖᚱᛋ,271
mustelines,2850,0,ᛗᚢᛋᛏᛖᛚᛁᚾᛖᛋ,506
jointworms,2849,0,ᛂᚩᛁᚾᛏᚹᚩᚱᛗᛋ,324
cloistress,2848,0,ᚳᛚᚩᛁᛋᛏᚱᛖᛋᛋ,420
ropewalker,2844,0,ᚱᚩᛈᛖᚹᚪᛚᚳᛖᚱ,408
unwieldily,2838,0,ᚢᚾᚹᛁᛖᛚᛞᛁᛚᚣ,518
matureness,2830,0,ᛗᚪᛏᚢᚱᛖᚾᛖᛋᛋ,510
sensoriums,2826,0,ᛋᛖᚾᛋᚩᚱᛁᚢᛗᛋ,378
approvance,2814,0,ᚪᛈᛈᚱᚩᚢᚪᚾᚳᛖ,410
aberrances,2810,0,ᚪᛒᛖᚱᚱᚪᚾᚳᛖᛋ,506
unfostered,2809,0,ᚢᚾᚠᚩᛋᛏᛖᚱᛖᛞ,387
temporiser,2808,0,ᛏᛖᛗᛈᚩᚱᛁᛋᛖᚱ,420
proscripts,2806,0,ᛈᚱᚩᛋᚳᚱᛁᛈᛏᛋ,324
disembroil,2806,0,ᛞᛁᛋᛖᛗᛒᚱᚩᛁᛚ,494
gallivants,2804,0,ᚷᚪᛚᛚᛁᚢᚪᚾᛏᛋ,532
dogsbodies,2800,0,ᛞᚩᚷᛋᛒᚩᛞᛁᛖᛋ,474
scrummages,2797,0,ᛋᚳᚱᚢᛗᛗᚪᚷᛖᛋ,456
millstreams,2797,0,ᛗᛁᛚᛚᛋᛏᚱᛠᛗᛋ,604
unparented,2793,0,ᚢᚾᛈᚪᚱᛖᚾᛏᛖᛞ,494
turnrounds,2792,0,ᛏᚢᚱᚾᚱᚩᚢᚾᛞᛋ,294
rancidness,2788,0,ᚱᚪᚾᚳᛁᛞᚾᛖᛋᛋ,472
commenders,2787,0,ᚳᚩᛗᛗᛖᚾᛞᛖᚱᛋ,478
adrenalins,2787,0,ᚪᛞᚱᛖᚾᚪᛚᛁᚾᛋ,576
ticklishly,2786,0,ᛏᛁᚳᚳᛚᛁᛋᚻᛚᚣ,472
taciturnly,2783,0,ᛏᚪᚳᛁᛏᚢᚱᚾᛚᚣ,478
silvertips,2783,0,ᛋᛁᛚᚢᛖᚱᛏᛁᛈᛋ,424
frowsiness,2781,0,ᚠᚱᚩᚹᛋᛁᚾᛖᛋᛋ,325
austrophil,2781,0,ᚪᚢᛋᛏᚱᚩᛈᚻᛁᛚ,400
twilighted,2775,0,ᛏᚹᛁᛚᛁᚷᚻᛏᛖᛞ,468
climatures,2767,0,ᚳᛚᛁᛗᚪᛏᚢᚱᛖᛋ,478
inherences,2766,0,ᛁᚾᚻᛖᚱᛖᚾᚳᛖᛋ,390
astraphobia,2765,0,ᚪᛋᛏᚱᚪᛈᚻᚩᛒᛡ,558
surmullets,2759,0,ᛋᚢᚱᛗᚢᛚᛚᛖᛏᛋ,466
appealingness,2759,0,ᚪᛈᛈᛠᛚᛝᚾᛖᛋᛋ,646
undepicted,2758,0,ᚢᚾᛞᛖᛈᛁᚳᛏᛖᛞ,490
unneurotic,2747,0,ᚢᚾᚾᛖᚢᚱᚩᛏᛁᚳ,252
abstentious,2742,0,ᚪᛒᛋᛏᛖᚾᛏᛡᚢᛋ,588
seventieths,2740,0,ᛋᛖᚢᛖᚾᛏᛁᛖᚦᛋ,434
unpolitely,2738,0,ᚢᚾᛈᚩᛚᛁᛏᛖᛚᚣ,488
poriferans,2734,0,ᛈᚩᚱᛁᚠᛖᚱᚪᚾᛋ,351
crawfished,2723,0,ᚳᚱᚪᚹᚠᛁᛋᚻᛖᛞ,405
trismegist,2718,0,ᛏᚱᛁᛋᛗᛖᚷᛁᛋᛏ,452
spoondrift,2717,0,ᛋᛈᚩᚩᚾᛞᚱᛁᚠᛏ,331
inflictive,2711,0,ᛁᚾᚠᛚᛁᚳᛏᛁᚢᛖ,339
dangleberry,2709,0,ᛞᚪᛝᛚᛖᛒᛖᚱᚱᚣ,658
camemberts,2708,0,ᚳᚪᛗᛖᛗᛒᛖᚱᛏᛋ,570
worriments,2705,0,ᚹᚩᚱᚱᛁᛗᛖᚾᛏᛋ,358
quintettes,2704,0,ᚳᚹᛁᚾᛏᛖᛏᛏᛖᛋ,456
decimalise,2703,0,ᛞᛖᚳᛁᛗᚪᛚᛁᛋᛖ,592
disrelishing,2700,0,ᛞᛁᛋᚱᛖᛚᛁᛋᚻᛝ,510
dapperness,2695,0,ᛞᚪᛈᛈᛖᚱᚾᛖᛋᛋ,552
heliographing,2694,0,ᚻᛖᛚᛡᚷᚱᚪᛈᚻᛝ,540
macadamise,2693,0,ᛗᚪᚳᚪᛞᚪᛗᛁᛋᛖ,686
carefuller,2690,0,ᚳᚪᚱᛖᚠᚢᛚᛚᛖᚱ,417
polyphones,2686,0,ᛈᚩᛚᚣᛈᚻᚩᚾᛖᛋ,448
classicize,2681,0,ᚳᛚᚪᛋᛋᛁᚳᛁᛋᛖ,484
fervidness,2676,0,ᚠᛖᚱᚢᛁᛞᚾᛖᛋᛋ,405
arboriform,2676,0,ᚪᚱᛒᚩᚱᛁᚠᚩᚱᛗ,309
commendingly,2654,0,ᚳᚩᛗᛗᛖᚾᛞᛝᛚᚣ,602
stillicide,2637,0,ᛋᛏᛁᛚᛚᛁᚳᛁᛞᛖ,520
euphonical,2634,0,ᛖᚢᛈᚻᚩᚾᛁᚳᚪᛚ,386
subcellars,2627,0,ᛋᚢᛒᚳᛖᛚᛚᚪᚱᛋ,504
blastocyte,2624,0,ᛒᛚᚪᛋᛏᚩᚳᚣᛏᛖ,592
blackpolls,2623,0,ᛒᛚᚪᚳᚳᛈᚩᛚᛚᛋ,506
infirmitys,2622,0,ᛁᚾᚠᛁᚱᛗᛁᛏᚣᛋ,421
abominator,2622,0,ᚪᛒᚩᛗᛁᚾᚪᛏᚩᚱ,470
cerebrates,2618,0,ᚳᛖᚱᛖᛒᚱᚪᛏᛖᛋ,506
coachwhips,2617,0,ᚳᚩᚪᚳᚻᚹᚻᛁᛈᛋ,322
pyromancer,2613,0,ᛈᚣᚱᚩᛗᚪᚾᚳᛖᚱ,452
petiteness,2613,0,ᛈᛖᛏᛁᛏᛖᚾᛖᛋᛋ,528
covalences,2613,0,ᚳᚩᚢᚪᛚᛖᚾᚳᛖᛋ,422
grandmamas,2611,0,ᚷᚱᚪᚾᛞᛗᚪᛗᚪᛋ,632
tenderiser,2610,0,ᛏᛖᚾᛞᛖᚱᛁᛋᛖᚱ,484
starchiest,2608,0,ᛋᛏᚪᚱᚳᚻᛁᛖᛋᛏ,466
phobophobia,2602,0,ᛈᚻᚩᛒᚩᛈᚻᚩᛒᛡ,382
bobsledder,2602,0,ᛒᚩᛒᛋᛚᛖᛞᛞᛖᚱ,578
almightily,2601,0,ᚪᛚᛗᛁᚷᚻᛏᛁᛚᚣ,578
unlearnedly,2592,0,ᚢᚾᛚᛠᚱᚾᛖᛞᛚᚣ,586
confutable,2590,0,ᚳᚩᚾᚠᚢᛏᚪᛒᛚᛖ,411
strainedly,2585,0,ᛋᛏᚱᚪᛁᚾᛖᛞᛚᚣ,612
dispellers,2585,0,ᛞᛁᛋᛈᛖᛚᛚᛖᚱᛋ,560
burlesquer,2583,0,ᛒᚢᚱᛚᛖᛋᚳᚹᛖᚱ,378
unexceeded,2573,0,ᚢᚾᛖᛉᚳᛖᛖᛞᛖᛞ,538
allegement,2572,0,ᚪᛚᛚᛖᚷᛖᛗᛖᚾᛏ,620
irredentas,2557,0,ᛁᚱᚱᛖᛞᛖᚾᛏᚪᛋ,514
unevadable,2556,0,ᚢᚾᛖᚢᚪᛞᚪᛒᛚᛖ,586
restringents,2556,0,ᚱᛖᛋᛏᚱᛝᛖᚾᛏᛋ,488
soupspoons,2553,0,ᛋᚩᚢᛈᛋᛈᚩᚩᚾᛋ,298
brittanies,2550,0,ᛒᚱᛁᛏᛏᚪᚾᛁᛖᛋ,498
petroleuse,2548,0,ᛈᛖᛏᚱᚩᛚᛖᚢᛋᛖ,450
squireship,2542,0,ᛋᚳᚹᛁᚱᛖᛋᚻᛁᛈ,344
schmoozers,2540,0,ᛋᚳᚻᛗᚩᚩᛋᛖᚱᛋ,358
articulary,2540,0,ᚪᚱᛏᛁᚳᚢᛚᚪᚱᚣ,498
stellified,2539,0,ᛋᛏᛖᛚᛚᛁᚠᛁᛖᛞ,545
stragglingly,2526,0,ᛋᛏᚱᚪᚷᚷᛚᛝᛚᚣ,582
repudiative,2522,0,ᚱᛖᛈᚢᛞᛡᛏᛁᚢᛖ,480
gormandise,2514,0,ᚷᚩᚱᛗᚪᚾᛞᛁᛋᛖ,472
bellybands,2513,0,ᛒᛖᛚᛚᚣᛒᚪᚾᛞᛋ,706
etourderie,2509,0,ᛖᛏᚩᚢᚱᛞᛖᚱᛁᛖ,412
seraphines,2508,0,ᛋᛖᚱᚪᛈᚻᛁᚾᛖᛋ,474
rollickingly,2504,0,ᚱᚩᛚᛚᛁᚳᚳᛝᛚᚣ,476
homelessly,2501,0,ᚻᚩᛗᛖᛚᛖᛋᛋᛚᚣ,590
proscriber,2499,0,ᛈᚱᚩᛋᚳᚱᛁᛒᛖᚱ,308
hypocorism,2496,0,ᚻᚣᛈᚩᚳᚩᚱᛁᛋᛗ,362
furbishers,2494,0,ᚠᚢᚱᛒᛁᛋᚻᛖᚱᛋ,315
inamoratos,2490,0,ᛁᚾᚪᛗᚩᚱᚪᛏᚩᛋ,462
barrelfuls,2489,0,ᛒᚪᚱᚱᛖᛚᚠᚢᛚᛋ,451
needlewood,2483,0,ᚾᛖᛖᛞᛚᛖᚹᚩᚩᛞ,514
pediculous,2480,0,ᛈᛖᛞᛁᚳᚢᛚᚩᚢᛋ,382
federalise,2477,0,ᚠᛖᛞᛖᚱᚪᛚᛁᛋᛖ,557
abiogenetic,2474,0,ᚪᛒᛡᚷᛖᚾᛖᛏᛁᚳ,548
workfellow,2465,0,ᚹᚩᚱᚳᚠᛖᛚᛚᚩᚹ,291
trichroism,2463,0,ᛏᚱᛁᚳᚻᚱᚩᛁᛋᛗ,310
swerveless,2463,0,ᛋᚹᛖᚱᚢᛖᛚᛖᛋᛋ,466
dissemblings,2463,0,ᛞᛁᛋᛋᛖᛗᛒᛚᛝᛋ,630
lakefronts,2462,0,ᛚᚪᚳᛖᚠᚱᚩᚾᛏᛋ,411
teutonised,2460,0,ᛏᛖᚢᛏᚩᚾᛁᛋᛖᛞ,464
digitalins,2458,0,ᛞᛁᚷᛁᛏᚪᛚᛁᚾᛋ,510
caimitillo,2454,0,ᚳᚪᛁᛗᛁᛏᛁᛚᛚᚩ,486
highjacker,2453,0,ᚻᛁᚷᚻᛂᚪᚳᚳᛖᚱ,332
dosshouses,2444,0,ᛞᚩᛋᛋᚻᚩᚢᛋᛖᛋ,408
rattlepate,2437,0,ᚱᚪᛏᛏᛚᛖᛈᚪᛏᛖ,632
seditionary,2434,0,ᛋᛖᛞᛁᛏᛡᚾᚪᚱᚣ,646
eternalise,2432,0,ᛖᛏᛖᚱᚾᚪᛚᛁᛋᛖ,554
ramshackly,2426,0,ᚱᚪᛗᛋᚻᚪᚳᚳᛚᚣ,554
dichroisms,2415,0,ᛞᛁᚳᚻᚱᚩᛁᛋᛗᛋ,382
tremolites,2399,0,ᛏᚱᛖᛗᚩᛚᛁᛏᛖᛋ,498
lobularity,2392,0,ᛚᚩᛒᚢᛚᚪᚱᛁᛏᚣ,518
ungetatable,2388,0,ᚢᛝᛖᛏᚪᛏᚪᛒᛚᛖ,662
coagulases,2388,0,ᚳᚩᚪᚷᚢᛚᚪᛋᛖᛋ,480
desalinize,2386,0,ᛞᛖᛋᚪᛚᛁᚾᛁᛋᛖ,590
smellfungus,2383,0,ᛋᛗᛖᛚᛚᚠᚢᛝᚢᛋ,477
quadrilled,2383,0,ᚳᚹᚪᛞᚱᛁᛚᛚᛖᛞ,562
panegyrising,2378,0,ᛈᚪᚾᛖᚷᚣᚱᛁᛋᛝ,530
rejoiceful,2373,0,ᚱᛖᛂᚩᛁᚳᛖᚠᚢᛚ,311
cementites,2369,0,ᚳᛖᛗᛖᚾᛏᛁᛏᛖᛋ,516
unlovingness,2367,0,ᚢᚾᛚᚩᚢᛝᚾᛖᛋᛋ,396
lupercalian,2367,0,ᛚᚢᛈᛖᚱᚳᚪᛚᛡᚾ,516
pepperonis,2365,0,ᛈᛖᛈᛈᛖᚱᚩᚾᛁᛋ,394
arterialize,2365,0,ᚪᚱᛏᛖᚱᛡᛚᛁᛋᛖ,576
afterclaps,2364,0,ᚪᚠᛏᛖᚱᚳᛚᚪᛈᛋ,515
expurgates,2358,0,ᛖᛉᛈᚢᚱᚷᚪᛏᛖᛋ,464
astrodomes,2356,0,ᚪᛋᛏᚱᚩᛞᚩᛗᛖᛋ,514
spartacism,2355,0,ᛋᛈᚪᚱᛏᚪᚳᛁᛋᛗ,528
gallopades,2354,0,ᚷᚪᛚᛚᚩᛈᚪᛞᛖᛋ,616
patissiers,2351,0,ᛈᚪᛏᛁᛋᛋᛁᛖᚱᛋ,498
yellowfins,2347,0,ᚣᛖᛚᛚᚩᚹᚠᛁᚾᛋ,457
detergence,2339,0,ᛞᛖᛏᛖᚱᚷᛖᚾᚳᛖ,486
backspacer,2338,0,ᛒᚪᚳᚳᛋᛈᚪᚳᛖᚱ,468
sheepsheads,2331,0,ᛋᚻᛖᛖᛈᛋᚻᛠᛞᛋ,580
staggerers,2328,0,ᛋᛏᚪᚷᚷᛖᚱᛖᚱᛋ,452
edulcorate,2327,0,ᛖᛞᚢᛚᚳᚩᚱᚪᛏᛖ,486
mongolianism,2313,0,ᛗᚩᛝᚩᛚᛡᚾᛁᛋᛗ,528
chawbacons,2311,0,ᚳᚻᚪᚹᛒᚪᚳᚩᚾᛋ,412
desertless,2309,0,ᛞᛖᛋᛖᚱᛏᛚᛖᛋᛋ,592
dendroidal,2309,0,ᛞᛖᚾᛞᚱᚩᛁᛞᚪᛚ,582
snakebirds,2308,0,ᛋᚾᚪᚳᛖᛒᛁᚱᛞᛋ,504
semitrance,2299,0,ᛋᛖᛗᛁᛏᚱᚪᚾᚳᛖ,498
exuberated,2297,0,ᛖᛉᚢᛒᛖᚱᚪᛏᛖᛞ,568
donkeywork,2297,0,ᛞᚩᚾᚳᛖᚣᚹᚩᚱᚳ,358
unclubable,2294,0,ᚢᚾᚳᛚᚢᛒᚪᛒᛚᛖ,480
paramnesias,2288,0,ᛈᚪᚱᚪᛗᚾᛖᛋᛡᛋ,628
attenuants,2280,0,ᚪᛏᛏᛖᚾᚢᚪᚾᛏᛋ,552
fricandeaux,2277,0,ᚠᚱᛁᚳᚪᚾᛞᛠᚢᛉ,431
searchingness,2276,0,ᛋᛠᚱᚳᚻᛝᚾᛖᛋᛋ,490
fleeciness,2262,0,ᚠᛚᛖᛖᚳᛁᚾᛖᛋᛋ,455
christmasing,2262,0,ᚳᚻᚱᛁᛋᛏᛗᚪᛋᛝ,490
invitement,2244,0,ᛁᚾᚢᛁᛏᛖᛗᛖᚾᛏ,446
hygrophyte,2244,0,ᚻᚣᚷᚱᚩᛈᚻᚣᛏᛖ,456
unsuspicion,2236,0,ᚢᚾᛋᚢᛋᛈᛁᚳᛡᚾ,364
enlacement,2235,0,ᛖᚾᛚᚪᚳᛖᛗᛖᚾᛏ,572
undiscording,2232,0,ᚢᚾᛞᛁᛋᚳᚩᚱᛞᛝ,404
viewlessly,2229,0,ᚢᛁᛖᚹᛚᛖᛋᛋᛚᚣ,542
monopteral,2227,0,ᛗᚩᚾᚩᛈᛏᛖᚱᚪᛚ,464
silverbush,2225,0,ᛋᛁᛚᚢᛖᚱᛒᚢᛋᚻ,378
malfeasants,2223,0,ᛗᚪᛚᚠᛠᛋᚪᚾᛏᛋ,643
catholicise,2206,0,ᚳᚪᚦᚩᛚᛁᚳᛁᛋᛖ,390
floweriest,2205,0,ᚠᛚᚩᚹᛖᚱᛁᛖᛋᛏ,389
spitchcock,2202,0,ᛋᛈᛁᛏᚳᚻᚳᚩᚳᚳ,268
surmisable,2196,0,ᛋᚢᚱᛗᛁᛋᚪᛒᛚᛖ,520
impermeably,2194,0,ᛁᛗᛈᛖᚱᛗᛠᛒᛚᚣ,640
wheelworks,2191,0,ᚹᚻᛖᛖᛚᚹᚩᚱᚳᛋ,352
penelophon,2184,0,ᛈᛖᚾᛖᛚᚩᛈᚻᚩᚾ,388
didrachmas,2178,0,ᛞᛁᛞᚱᚪᚳᚻᛗᚪᛋ,574
singlesticks,2177,0,ᛋᛝᛚᛖᛋᛏᛁᚳᚳᛋ,494
aerophilous,2173,0,ᚫᚱᚩᛈᚻᛁᛚᚩᚢᛋ,352
vinegarish,2169,0,ᚢᛁᚾᛖᚷᚪᚱᛁᛋᚻ,362
newsmongering,2166,0,ᚾᛖᚹᛋᛗᚩᛝᛖᚱᛝ,482
conciliable,2152,0,ᚳᚩᚾᚳᛁᛚᛡᛒᛚᛖ,474
hemicranias,2150,0,ᚻᛖᛗᛁᚳᚱᚪᚾᛡᛋ,502
tobogganer,2146,0,ᛏᚩᛒᚩᚷᚷᚪᚾᛖᚱ,372
ungregarious,2144,0,ᚢᛝᚱᛖᚷᚪᚱᛡᚢᛋ,448
provokable,2144,0,ᛈᚱᚩᚢᚩᚳᚪᛒᛚᛖ,382
flimflamming,2141,0,ᚠᛚᛁᛗᚠᛚᚪᛗᛗᛝ,570
cloisterer,2137,0,ᚳᛚᚩᛁᛋᛏᛖᚱᛖᚱ,392
unimparted,2134,0,ᚢᚾᛁᛗᛈᚪᚱᛏᛖᛞ,500
subsellium,2119,0,ᛋᚢᛒᛋᛖᛚᛚᛁᚢᛗ,488
horseweeds,2117,0,ᚻᚩᚱᛋᛖᚹᛖᛖᛞᛋ,456
cymbalists,2116,0,ᚳᚣᛗᛒᚪᛚᛁᛋᛏᛋ,614
defervesce,2113,0,ᛞᛖᚠᛖᚱᚢᛖᛋᚳᛖ,439
lapidarist,2111,0,ᛚᚪᛈᛁᛞᚪᚱᛁᛋᛏ,584
acarophobia,2101,0,ᚪᚳᚪᚱᚩᛈᚻᚩᛒᛡ,466
zeuglodont,2099,0,ᛋᛖᚢᚷᛚᚩᛞᚩᚾᛏ,404
squeakiness,2099,0,ᛋᚳᚹᛠᚳᛁᚾᛖᛋᛋ,440
unconjugal,2097,0,ᚢᚾᚳᚩᚾᛂᚢᚷᚪᛚ,308
klondykers,2097,0,ᚳᛚᚩᚾᛞᚣᚳᛖᚱᛋ,458
honourless,2095,0,ᚻᚩᚾᚩᚢᚱᛚᛖᛋᛋ,326
unforcedly,2092,0,ᚢᚾᚠᚩᚱᚳᛖᛞᛚᚣ,397
princewood,2086,0,ᛈᚱᛁᚾᚳᛖᚹᚩᚩᛞ,316
canyonside,2083,0,ᚳᚪᚾᚣᚩᚾᛋᛁᛞᛖ,518
carbonadoes,2082,0,ᚳᚪᚱᛒᚩᚾᚪᛞᛟᛋ,540
mediateness,2081,0,ᛗᛖᛞᛡᛏᛖᚾᛖᛋᛋ,662
lampoonery,2077,0,ᛚᚪᛗᛈᚩᚩᚾᛖᚱᚣ,508
frijolillo,2077,0,ᚠᚱᛁᛂᚩᛚᛁᛚᛚᚩ,345
pentahedra,2076,0,ᛈᛖᚾᛏᚪᚻᛖᛞᚱᚪ,582
jellyrolls,2076,0,ᛂᛖᛚᛚᚣᚱᚩᛚᛚᛋ,570
infighters,2076,0,ᛁᚾᚠᛁᚷᚻᛏᛖᚱᛋ,323
smolderingly,2074,0,ᛋᛗᚩᛚᛞᛖᚱᛝᛚᚣ,626
catchflies,2072,0,ᚳᚪᛏᚳᚻᚠᛚᛁᛖᛋ,431
stubbiness,2071,0,ᛋᛏᚢᛒᛒᛁᚾᛖᛋᛋ,470
fantasques,2064,0,ᚠᚪᚾᛏᚪᛋᚳᚹᛖᛋ,489
amyotrophia,2064,0,ᚪᛗᚣᚩᛏᚱᚩᛈᚻᛡ,528
imprisoner,2063,0,ᛁᛗᛈᚱᛁᛋᚩᚾᛖᚱ,354
quincunxial,2059,0,ᚳᚹᛁᚾᚳᚢᚾᛉᛡᛚ,364
windlestrae,2057,0,ᚹᛁᚾᛞᛚᛖᛋᛏᚱᚫ,532
amphibiotic,2057,0,ᚪᛗᛈᚻᛁᛒᛡᛏᛁᚳ,536
skedaddles,2055,0,ᛋᚳᛖᛞᚪᛞᛞᛚᛖᛋ,690
marblewood,2051,0,ᛗᚪᚱᛒᛚᛖᚹᚩᚩᛞ,502
centauries,2047,0,ᚳᛖᚾᛏᚪᚢᚱᛁᛖᛋ,430
keratocele,2038,0,ᚳᛖᚱᚪᛏᚩᚳᛖᛚᛖ,474
unsocketed,2030,0,ᚢᚾᛋᚩᚳᚳᛖᛏᛖᛞ,400
viverrines,2028,0,ᚢᛁᚢᛖᚱᚱᛁᚾᛖᛋ,306
uncaressed,2027,0,ᚢᚾᚳᚪᚱᛖᛋᛋᛖᛞ,482
auriculare,2025,0,ᚪᚢᚱᛁᚳᚢᛚᚪᚱᛖ,406
ablactation,2020,0,ᚪᛒᛚᚪᚳᛏᚪᛏᛡᚾ,692
interloped,2018,0,ᛁᚾᛏᛖᚱᛚᚩᛈᛖᛞ,476
gargarisms,2018,0,ᚷᚪᚱᚷᚪᚱᛁᛋᛗᛋ,458
crunchiest,2018,0,ᚳᚱᚢᚾᚳᚻᛁᛖᛋᛏ,302
undersealed,2010,0,ᚢᚾᛞᛖᚱᛋᛠᛚᛖᛞ,590
lambdacism,2010,0,ᛚᚪᛗᛒᛞᚪᚳᛁᛋᛗ,656
scrimshaws,2009,0,ᛋᚳᚱᛁᛗᛋᚻᚪᚹᛋ,424
rebellowed,2005,0,ᚱᛖᛒᛖᛚᛚᚩᚹᛖᛞ,534
schoollike,2002,0,ᛋᚳᚻᚩᚩᛚᛚᛁᚳᛖ,360
endeavourer,1994,0,ᛖᚾᛞᛠᚢᚩᚢᚱᛖᚱ,396
disgruntling,1991,0,ᛞᛁᛋᚷᚱᚢᚾᛏᛚᛝ,444
safebreaker,1989,0,ᛋᚪᚠᛖᛒᚱᛠᚳᛖᚱ,491
psilophyte,1986,0,ᛈᛋᛁᛚᚩᛈᚻᚣᛏᛖ,502
overprized,1984,0,ᚩᚢᛖᚱᛈᚱᛁᛋᛖᛞ,382
rusticates,1982,0,ᚱᚢᛋᛏᛁᚳᚪᛏᛖᛋ,446
putridness,1980,0,ᛈᚢᛏᚱᛁᛞᚾᛖᛋᛋ,438
spodumenes,1972,0,ᛋᛈᚩᛞᚢᛗᛖᚾᛖᛋ,482
pacificating,1972,0,ᛈᚪᚳᛁᚠᛁᚳᚪᛏᛝ,465
unwithdrawing,1963,0,ᚢᚾᚹᛁᚦᛞᚱᚪᚹᛝ,382
merestones,1963,0,ᛗᛖᚱᛖᛋᛏᚩᚾᛖᛋ,484
farandoles,1962,0,ᚠᚪᚱᚪᚾᛞᚩᛚᛖᛋ,525
digitalise,1961,0,ᛞᛁᚷᛁᛏᚪᛚᛁᛋᛖ,548
dishclouts,1960,0,ᛞᛁᛋᚻᚳᛚᚩᚢᛏᛋ,404
landlordly,1957,0,ᛚᚪᚾᛞᛚᚩᚱᛞᛚᚣ,644
yesternoon,1956,0,ᚣᛖᛋᛏᛖᚱᚾᚩᚩᚾ,432
ametabolic,1953,0,ᚪᛗᛖᛏᚪᛒᚩᛚᛁᚳ,576
foreshanks,1946,0,ᚠᚩᚱᛖᛋᚻᚪᚾᚳᛋ,355
ultimacies,1945,0,ᚢᛚᛏᛁᛗᚪᚳᛁᛖᛋ,498
gluttonize,1932,0,ᚷᛚᚢᛏᛏᚩᚾᛁᛋᛖ,398
androphobia,1930,0,ᚪᚾᛞᚱᚩᛈᚻᚩᛒᛡ,474
aeroplanist,1928,0,ᚫᚱᚩᛈᛚᚪᚾᛁᛋᛏ,504
centipedal,1918,0,ᚳᛖᚾᛏᛁᛈᛖᛞᚪᛚ,568
wildcatted,1917,0,ᚹᛁᛚᛞᚳᚪᛏᛏᛖᛞ,596
doctorfish,1916,0,ᛞᚩᚳᛏᚩᚱᚠᛁᛋᚻ,295
boswellism,1913,0,ᛒᚩᛋᚹᛖᛚᛚᛁᛋᛗ,508
muttonheads,1907,0,ᛗᚢᛏᛏᚩᚾᚻᛠᛞᛋ,502
flurriedly,1907,0,ᚠᛚᚢᚱᚱᛁᛖᛞᛚᚣ,463
impendency,1906,0,ᛁᛗᛈᛖᚾᛞᛖᚾᚳᚣ,542
unconfuted,1902,0,ᚢᚾᚳᚩᚾᚠᚢᛏᛖᛞ,301
dukkeripen,1902,0,ᛞᚢᚳᚳᛖᚱᛁᛈᛖᚾ,366
cacogenics,1901,0,ᚳᚪᚳᚩᚷᛖᚾᛁᚳᛋ,340
unforceful,1899,0,ᚢᚾᚠᚩᚱᚳᛖᚠᚢᛚ,210
disenthrone,1898,0,ᛞᛁᛋᛖᚾᚦᚱᚩᚾᛖ,388
proctocele,1897,0,ᛈᚱᚩᚳᛏᚩᚳᛖᛚᛖ,360
topknotted,1892,0,ᛏᚩᛈᚳᚾᚩᛏᛏᛖᛞ,432
megalocyte,1891,0,ᛗᛖᚷᚪᛚᚩᚳᚣᛏᛖ,574
rasalhague,1890,0,ᚱᚪᛋᚪᛚᚻᚪᚷᚢᛖ,538
reoutfitted,1884,0,ᚱᛇᚢᛏᚠᛁᛏᛏᛖᛞ,421
hindbrains,1883,0,ᚻᛁᚾᛞᛒᚱᚪᛁᚾᛋ,454
cockernony,1882,0,ᚳᚩᚳᚳᛖᚱᚾᚩᚾᚣ,292
treillages,1875,0,ᛏᚱᛖᛁᛚᛚᚪᚷᛖᛋ,548
whosomever,1873,0,ᚹᚻᚩᛋᚩᛗᛖᚢᛖᚱ,328
collyriums,1871,0,ᚳᚩᛚᛚᚣᚱᛁᚢᛗᛋ,438
altazimuths,1870,0,ᚪᛚᛏᚪᛋᛁᛗᚢᚦᛋ,542
mecopteran,1868,0,ᛗᛖᚳᚩᛈᛏᛖᚱᚪᚾ,464
operculums,1866,0,ᚩᛈᛖᚱᚳᚢᛚᚢᛗᛋ,344
cantabiles,1865,0,ᚳᚪᚾᛏᚪᛒᛁᛚᛖᛋ,580
algolagnic,1852,0,ᚪᛚᚷᚩᛚᚪᚷᚾᛁᚳ,454
cedarbirds,1851,0,ᚳᛖᛞᚪᚱᛒᛁᚱᛞᛋ,522
lorrainese,1850,0,ᛚᚩᚱᚱᚪᛁᚾᛖᛋᛖ,446
patronless,1846,0,ᛈᚪᛏᚱᚩᚾᛚᛖᛋᛋ,492
monadiform,1840,0,ᛗᚩᚾᚪᛞᛁᚠᚩᚱᛗ,415
homostyled,1840,0,ᚻᚩᛗᚩᛋᛏᚣᛚᛖᛞ,552
vaticinating,1839,0,ᚢᚪᛏᛁᚳᛁᚾᚪᛏᛝ,498
housebroke,1833,0,ᚻᚩᚢᛋᛖᛒᚱᚩᚳᛖ,312
uninitiates,1830,0,ᚢᚾᛁᚾᛁᛏᛡᛏᛖᛋ,468
pollinctor,1822,0,ᛈᚩᛚᛚᛁᚾᚳᛏᚩᚱ,346
musquashes,1820,0,ᛗᚢᛋᚳᚹᚪᛋᚻᛖᛋ,452
squirehood,1814,0,ᛋᚳᚹᛁᚱᛖᚻᚩᚩᛞ,320
cunctations,1808,0,ᚳᚢᚾᚳᛏᚪᛏᛡᚾᛋ,462
jiggermast,1799,0,ᛂᛁᚷᚷᛖᚱᛗᚪᛋᛏ,460
sisterlike,1796,0,ᛋᛁᛋᛏᛖᚱᛚᛁᚳᛖ,458
gymnosophy,1795,0,ᚷᚣᛗᚾᚩᛋᚩᛈᚻᚣ,456
salsolaceae,1791,0,ᛋᚪᛚᛋᚩᛚᚪᚳᛠᛖ,642
bannerlike,1787,0,ᛒᚪᚾᚾᛖᚱᛚᛁᚳᛖ,478
unchewable,1786,0,ᚢᚾᚳᚻᛖᚹᚪᛒᛚᛖ,452
paddymelon,1779,0,ᛈᚪᛞᛞᚣᛗᛖᛚᚩᚾ,668
passements,1776,0,ᛈᚪᛋᛋᛖᛗᛖᚾᛏᛋ,592
cladophyll,1775,0,ᚳᛚᚪᛞᚩᛈᚻᚣᛚᛚ,594
unmanfully,1773,0,ᚢᚾᛗᚪᚾᚠᚢᛚᛚᚣ,483
unterrifying,1769,0,ᚢᚾᛏᛖᚱᚱᛁᚠᚣᛝ,395
milometers,1766,0,ᛗᛁᛚᚩᛗᛖᛏᛖᚱᛋ,510
snakeweeds,1764,0,ᛋᚾᚪᚳᛖᚹᛖᛖᛞᛋ,554
unresembling,1753,0,ᚢᚾᚱᛖᛋᛖᛗᛒᛚᛝ,514
cocksfoots,1753,0,ᚳᚩᚳᚳᛋᚠᚩᚩᛏᛋ,227
portership,1749,0,ᛈᚩᚱᛏᛖᚱᛋᚻᛁᛈ,348
irreligions,1747,0,ᛁᚱᚱᛖᛚᛁᚷᛡᚾᛋ,430
comfitures,1747,0,ᚳᚩᛗᚠᛁᛏᚢᚱᛖᛋ,317
salientians,1745,0,ᛋᚪᛚᛁᛖᚾᛏᛡᚾᛋ,598
catholicons,1737,0,ᚳᚪᚦᚩᛚᛁᚳᚩᚾᛋ,328
unkennelling,1733,0,ᚢᚾᚳᛖᚾᚾᛖᛚᛚᛝ,462
sermoniser,1730,0,ᛋᛖᚱᛗᚩᚾᛁᛋᛖᚱ,400
oxybenzene,1719,0,ᚩᛉᚣᛒᛖᚾᛋᛖᚾᛖ,530
limburgers,1714,0,ᛚᛁᛗᛒᚢᚱᚷᛖᚱᛋ,398
rerebraces,1712,0,ᚱᛖᚱᛖᛒᚱᚪᚳᛖᛋ,458
candlepins,1707,0,ᚳᚪᚾᛞᛚᛖᛈᛁᚾᛋ,524
fractionizing,1706,0,ᚠᚱᚪᚳᛏᛡᚾᛁᛋᛝ,481
clatteringly,1705,0,ᚳᛚᚪᛏᛏᛖᚱᛝᛚᚣ,634
lintwhites,1701,0,ᛚᛁᚾᛏᚹᚻᛁᛏᛖᛋ,444
animalisms,1700,0,ᚪᚾᛁᛗᚪᛚᛁᛋᛗᛋ,606
literalise,1699,0,ᛚᛁᛏᛖᚱᚪᛚᛁᛋᛖ,562
mesmerical,1687,0,ᛗᛖᛋᛗᛖᚱᛁᚳᚪᛚ,554
unperjured,1685,0,ᚢᚾᛈᛖᚱᛂᚢᚱᛖᛞ,360
obnubilate,1684,0,ᚩᛒᚾᚢᛒᛁᛚᚪᛏᛖ,488
unregretting,1681,0,ᚢᚾᚱᛖᚷᚱᛖᛏᛏᛝ,402
splenetics,1678,0,ᛋᛈᛚᛖᚾᛖᛏᛁᚳᛋ,488
antipastos,1665,0,ᚪᚾᛏᛁᛈᚪᛋᛏᚩᛋ,528
irrealities,1664,0,ᛁᚱᚱᛠᛚᛁᛏᛁᛖᛋ,476
unstoppering,1659,0,ᚢᚾᛋᛏᚩᛈᛈᛖᚱᛝ,394
sculpturer,1657,0,ᛋᚳᚢᛚᛈᛏᚢᚱᛖᚱ,336
intenerating,1657,0,ᛁᚾᛏᛖᚾᛖᚱᚪᛏᛝ,528
leatherwoods,1656,0,ᛚᛠᚦᛖᚱᚹᚩᚩᛞᛋ,440
symphonize,1652,0,ᛋᚣᛗᛈᚻᚩᚾᛁᛋᛖ,480
pyroscopes,1652,0,ᛈᚣᚱᚩᛋᚳᚩᛈᛖᛋ,400
identikits,1651,0,ᛁᛞᛖᚾᛏᛁᚳᛁᛏᛋ,462
intertangling,1641,0,ᛁᚾᛏᛖᚱᛏᚪᛝᛚᛝ,584
sustainingly,1639,0,ᛋᚢᛋᛏᚪᛁᚾᛝᛚᚣ,580
unpillared,1638,0,ᚢᚾᛈᛁᛚᛚᚪᚱᛖᛞ,516
triflingness,1637,0,ᛏᚱᛁᚠᛚᛝᚾᛖᛋᛋ,457
bellyacher,1633,0,ᛒᛖᛚᛚᚣᚪᚳᚻᛖᚱ,588
riflebirds,1631,0,ᚱᛁᚠᛚᛖᛒᛁᚱᛞᛋ,429
extremitys,1630,0,ᛖᛉᛏᚱᛖᛗᛁᛏᚣᛋ,568
vellication,1625,0,ᚢᛖᛚᛚᛁᚳᚪᛏᛡᚾ,552
kinesthesias,1624,0,ᚳᛁᚾᛖᛋᚦᛖᛋᛡᛋ,478
indefinity,1624,0,ᛁᚾᛞᛖᚠᛁᚾᛁᛏᚣ,471
surmounter,1623,0,ᛋᚢᚱᛗᚩᚢᚾᛏᛖᚱ,314
swellheaded,1616,0,ᛋᚹᛖᛚᛚᚻᛠᛞᛖᛞ,662
anoperineal,1615,0,ᚪᚾᚩᛈᛖᚱᛁᚾᛠᛚ,496
fingerstalls,1613,0,ᚠᛝᛖᚱᛋᛏᚪᛚᛚᛋ,567
correctingly,1608,0,ᚳᚩᚱᚱᛖᚳᛏᛝᛚᚣ,436
zoophilism,1605,0,ᛋᚩᚩᛈᚻᛁᛚᛁᛋᛗ,392
strabotomy,1602,0,ᛋᛏᚱᚪᛒᚩᛏᚩᛗᚣ,528
providable,1598,0,ᛈᚱᚩᚢᛁᛞᚪᛒᛚᛖ,482
featheriness,1598,0,ᚠᛠᚦᛖᚱᛁᚾᛖᛋᛋ,427
princelier,1592,0,ᛈᚱᛁᚾᚳᛖᛚᛁᛖᚱ,376
waistcoating,1589,0,ᚹᚪᛁᛋᛏᚳᚩᚪᛏᛝ,514
cannibalic,1588,0,ᚳᚪᚾᚾᛁᛒᚪᛚᛁᚳ,474
dogwatches,1587,0,ᛞᚩᚷᚹᚪᛏᚳᚻᛖᛋ,444
unvigilant,1580,0,ᚢᚾᚢᛁᚷᛁᛚᚪᚾᛏ,372
pterygiums,1580,0,ᛈᛏᛖᚱᚣᚷᛁᚢᛗᛋ,458
unproposed,1573,0,ᚢᚾᛈᚱᚩᛈᚩᛋᛖᛞ,352
andradites,1568,0,ᚪᚾᛞᚱᚪᛞᛁᛏᛖᛋ,622
effeminize,1559,0,ᛖᚠᚠᛖᛗᛁᚾᛁᛋᛖ,420
impureness,1556,0,ᛁᛗᛈᚢᚱᛖᚾᛖᛋᛋ,428
uninvidious,1554,0,ᚢᚾᛁᚾᚢᛁᛞᛡᚢᛋ,378
sightliest,1553,0,ᛋᛁᚷᚻᛏᛚᛁᛖᛋᛏ,466
ungarmented,1549,0,ᚢᛝᚪᚱᛗᛖᚾᛏᛖᛞ,572
torpidness,1548,0,ᛏᚩᚱᛈᛁᛞᚾᛖᛋᛋ,442
assentient,1548,0,ᚪᛋᛋᛖᚾᛏᛁᛖᚾᛏ,544
dichromasy,1547,0,ᛞᛁᚳᚻᚱᚩᛗᚪᛋᚣ,498
lividities,1541,0,ᛚᛁᚢᛁᛞᛁᛏᛁᛖᛋ,468
biloculate,1539,0,ᛒᛁᛚᚩᚳᚢᛚᚪᛏᛖ,484
spelldowns,1537,0,ᛋᛈᛖᛚᛚᛞᚩᚹᚾᛋ,506
festoonery,1537,0,ᚠᛖᛋᛏᚩᚩᚾᛖᚱᚣ,405
mainsheets,1535,0,ᛗᚪᛁᚾᛋᚻᛖᛖᛏᛋ,550
coumarones,1533,0,ᚳᚩᚢᛗᚪᚱᚩᚾᛖᛋ,358
unusefully,1532,0,ᚢᚾᚢᛋᛖᚠᚢᛚᛚᚣ,409
stumpiness,1530,0,ᛋᛏᚢᛗᛈᛁᚾᛖᛋᛋ,462
autophytic,1528,0,ᚪᚢᛏᚩᛈᚻᚣᛏᛁᚳ,438
romancical,1524,0,ᚱᚩᛗᚪᚾᚳᛁᚳᚪᛚ,442
arthropodal,1523,0,ᚪᚱᚦᚱᚩᛈᚩᛞᚪᛚ,440
bushwhacks,1522,0,ᛒᚢᛋᚻᚹᚻᚪᚳᚳᛋ,358
guardianess,1521,0,ᚷᚢᚪᚱᛞᛡᚾᛖᛋᛋ,526
palsgraves,1520,0,ᛈᚪᛚᛋᚷᚱᚪᚢᛖᛋ,514
blatancies,1519,0,ᛒᛚᚪᛏᚪᚾᚳᛁᛖᛋ,580
bolshevise,1517,0,ᛒᚩᛚᛋᚻᛖᚢᛁᛋᛖ,438
tetterwort,1512,0,ᛏᛖᛏᛏᛖᚱᚹᚩᚱᛏ,418
stolkjaerre,1512,0,ᛋᛏᚩᛚᚳᛂᚫᚱᚱᛖ,432
scapethrift,1507,0,ᛋᚳᚪᛈᛖᚦᚱᛁᚠᛏ,381
jackassery,1506,0,ᛂᚪᚳᚳᚪᛋᛋᛖᚱᚣ,544
bluefishes,1505,0,ᛒᛚᚢᛖᚠᛁᛋᚻᛖᛋ,433
disesteems,1502,0,ᛞᛁᛋᛖᛋᛏᛖᛖᛗᛋ,610
recusations,1501,0,ᚱᛖᚳᚢᛋᚪᛏᛡᚾᛋ,492
krummhorns,1499,0,ᚳᚱᚢᛗᛗᚻᚩᚱᚾᛋ,292
greasewoods,1490,0,ᚷᚱᛠᛋᛖᚹᚩᚩᛞᛋ,432
broiderers,1490,0,ᛒᚱᚩᛁᛞᛖᚱᛖᚱᛋ,408
refulgency,1489,0,ᚱᛖᚠᚢᛚᚷᛖᚾᚳᚣ,385
harmattans,1486,0,ᚻᚪᚱᛗᚪᛏᛏᚪᚾᛋ,596
goldworker,1485,0,ᚷᚩᛚᛞᚹᚩᚱᚳᛖᚱ,314
bugologist,1485,0,ᛒᚢᚷᚩᛚᚩᚷᛁᛋᛏ,328
noctambule,1478,0,ᚾᚩᚳᛏᚪᛗᛒᚢᛚᛖ,480
touchwoods,1477,0,ᛏᚩᚢᚳᚻᚹᚩᚩᛞᛋ,280
schnorkels,1477,0,ᛋᚳᚻᚾᚩᚱᚳᛖᛚᛋ,342
foxberries,1472,0,ᚠᚩᛉᛒᛖᚱᚱᛁᛖᛋ,357
saxicoline,1470,0,ᛋᚪᛉᛁᚳᚩᛚᛁᚾᛖ,448
cryoscopes,1468,0,ᚳᚱᚣᚩᛋᚳᚩᛈᛖᛋ,370
retrovision,1457,0,ᚱᛖᛏᚱᚩᚢᛁᛋᛡᚾ,378
hirudineans,1457,0,ᚻᛁᚱᚢᛞᛁᚾᛠᚾᛋ,408
sooterkins,1456,0,ᛋᚩᚩᛏᛖᚱᚳᛁᚾᛋ,330
frowziness,1456,0,ᚠᚱᚩᚹᛋᛁᚾᛖᛋᛋ,325
logogriphs,1452,0,ᛚᚩᚷᚩᚷᚱᛁᛈᚻᛋ,282
procreatrix,1441,0,ᛈᚱᚩᚳᚱᛠᛏᚱᛁᛉ,342
motivities,1431,0,ᛗᚩᛏᛁᚢᛁᛏᛁᛖᛋ,412
insaneness,1431,0,ᛁᚾᛋᚪᚾᛖᚾᛖᛋᛋ,508
morganites,1425,0,ᛗᚩᚱᚷᚪᚾᛁᛏᛖᛋ,442
shadbushes,1422,0,ᛋᚻᚪᛞᛒᚢᛋᚻᛖᛋ,522
algarrobas,1422,0,ᚪᛚᚷᚪᚱᚱᚩᛒᚪᛋ,524
barnstorms,1421,0,ᛒᚪᚱᚾᛋᛏᚩᚱᛗᛋ,452
withstander,1419,0,ᚹᛁᚦᛋᛏᚪᚾᛞᛖᚱ,460
sputteringly,1419,0,ᛋᛈᚢᛏᛏᛖᚱᛝᛚᚣ,550
elasticize,1414,0,ᛖᛚᚪᛋᛏᛁᚳᛁᛋᛖ,544
seriocomedy,1411,0,ᛋᛖᚱᛡᚳᚩᛗᛖᛞᚣ,588
telepathies,1410,0,ᛏᛖᛚᛖᛈᚪᚦᛁᛖᛋ,562
whenceforth,1409,0,ᚹᚻᛖᚾᚳᛖᚠᚩᚱᚦ,243
decoupages,1408,0,ᛞᛖᚳᚩᚢᛈᚪᚷᛖᛋ,456
imperviable,1407,0,ᛁᛗᛈᛖᚱᚢᛡᛒᛚᛖ,534
defalcator,1403,0,ᛞᛖᚠᚪᛚᚳᚪᛏᚩᚱ,515
topognosis,1402,0,ᛏᚩᛈᚩᚷᚾᚩᛋᛁᛋ,306
amenorrheal,1396,0,ᚪᛗᛖᚾᚩᚱᚱᚻᛠᛚ,498
unsmokable,1395,0,ᚢᚾᛋᛗᚩᚳᚪᛒᛚᛖ,474
cockateels,1395,0,ᚳᚩᚳᚳᚪᛏᛖᛖᛚᛋ,462
disinvolve,1389,0,ᛞᛁᛋᛁᚾᚢᚩᛚᚢᛖ,386
innoxiously,1388,0,ᛁᚾᚾᚩᛉᛡᚢᛋᛚᚣ,482
tricktrack,1386,0,ᛏᚱᛁᚳᚳᛏᚱᚪᚳᚳ,320
circumfuse,1386,0,ᚳᛁᚱᚳᚢᛗᚠᚢᛋᛖ,267
vicereines,1377,0,ᚢᛁᚳᛖᚱᛖᛁᚾᛖᛋ,372
sparagrass,1373,0,ᛋᛈᚪᚱᚪᚷᚱᚪᛋᛋ,532
asphyxiator,1372,0,ᚪᛋᛈᚻᚣᛉᛡᛏᚩᚱ,550
matriarchic,1371,0,ᛗᚪᛏᚱᛡᚱᚳᚻᛁᚳ,436
bastinados,1369,0,ᛒᚪᛋᛏᛁᚾᚪᛞᚩᛋ,576
spooniness,1367,0,ᛋᛈᚩᚩᚾᛁᚾᛖᛋᛋ,372
latchstrings,1366,0,ᛚᚪᛏᚳᚻᛋᛏᚱᛝᛋ,520
stillatory,1365,0,ᛋᛏᛁᛚᛚᚪᛏᚩᚱᚣ,566
bombination,1363,0,ᛒᚩᛗᛒᛁᚾᚪᛏᛡᚾ,552
tonguesters,1361,0,ᛏᚩᛝᚢᛖᛋᛏᛖᚱᛋ,458
hyperacusia,1360,0,ᚻᚣᛈᛖᚱᚪᚳᚢᛋᛡ,520
allomerism,1357,0,ᚪᛚᛚᚩᛗᛖᚱᛁᛋᛗ,554
trilobated,1356,0,ᛏᚱᛁᛚᚩᛒᚪᛏᛖᛞ,554
afterdecks,1355,0,ᚪᚠᛏᛖᚱᛞᛖᚳᚳᛋ,471
metabolous,1353,0,ᛗᛖᛏᚪᛒᚩᛚᚩᚢᛋ,498
ectoblasts,1353,0,ᛖᚳᛏᚩᛒᛚᚪᛋᛏᛋ,542
aphorismic,1352,0,ᚪᛈᚻᚩᚱᛁᛋᛗᛁᚳ,380
twayblades,1351,0,ᛏᚹᚪᚣᛒᛚᚪᛞᛖᛋ,718
campanular,1351,0,ᚳᚪᛗᛈᚪᚾᚢᛚᚪᚱ,534
helianthuses,1347,0,ᚻᛖᛚᛡᚾᚦᚢᛋᛖᛋ,480
spikenards,1346,0,ᛋᛈᛁᚳᛖᚾᚪᚱᛞᛋ,486
mentalisms,1345,0,ᛗᛖᚾᛏᚪᛚᛁᛋᛗᛋ,604
edentulate,1345,0,ᛖᛞᛖᚾᛏᚢᛚᚪᛏᛖ,610
ineligibly,1342,0,ᛁᚾᛖᛚᛁᚷᛁᛒᛚᚣ,516
urbaneness,1341,0,ᚢᚱᛒᚪᚾᛖᚾᛖᛋᛋ,470
analphabet,1340,0,ᚪᚾᚪᛚᛈᚻᚪᛒᛖᛏ,646
desertward,1339,0,ᛞᛖᛋᛖᚱᛏᚹᚪᚱᛞ,562
snakeroots,1331,0,ᛋᚾᚪᚳᛖᚱᚩᚩᛏᛋ,396
maharanees,1327,0,ᛗᚪᚻᚪᚱᚪᚾᛖᛖᛋ,612
wardership,1326,0,ᚹᚪᚱᛞᛖᚱᛋᚻᛁᛈ,444
dyslectics,1326,0,ᛞᚣᛋᛚᛖᚳᛏᛁᚳᛋ,554
cornhuskings,1324,0,ᚳᚩᚱᚾᚻᚢᛋᚳᛝᛋ,284
entoblasts,1316,0,ᛖᚾᛏᚩᛒᛚᚪᛋᛏᛋ,558
cuspidation,1315,0,ᚳᚢᛋᛈᛁᛞᚪᛏᛡᚾ,524
unliveried,1310,0,ᚢᚾᛚᛁᚢᛖᚱᛁᛖᛞ,404
cachinnate,1309,0,ᚳᚪᚳᚻᛁᚾᚾᚪᛏᛖ,458
dayflowers,1292,0,ᛞᚪᚣᚠᛚᚩᚹᛖᚱᛋ,521
cataclinal,1289,0,ᚳᚪᛏᚪᚳᛚᛁᚾᚪᛚ,582
undeserted,1286,0,ᚢᚾᛞᛖᛋᛖᚱᛏᛖᛞ,534
bottlefuls,1285,0,ᛒᚩᛏᛏᛚᛖᚠᚢᛚᛋ,457
khalifates,1282,0,ᚳᚻᚪᛚᛁᚠᚪᛏᛖᛋ,515
windsurfed,1278,0,ᚹᛁᚾᛞᛋᚢᚱᚠᛖᛞ,393
conqueringly,1276,0,ᚳᚩᚾᚳᚹᛖᚱᛝᛚᚣ,414
anaerobiotic,1273,0,ᚪᚾᚫᚱᚩᛒᛡᛏᛁᚳ,516
thumbstalls,1269,0,ᚦᚢᛗᛒᛋᛏᚪᛚᛚᛋ,548
anthologise,1268,0,ᚪᚾᚦᚩᛚᚩᚷᛁᛋᛖ,386
backswords,1266,0,ᛒᚪᚳᚳᛋᚹᚩᚱᛞᛋ,416
mariticide,1265,0,ᛗᚪᚱᛁᛏᛁᚳᛁᛞᛖ,500
anthropical,1265,0,ᚪᚾᚦᚱᚩᛈᛁᚳᚪᛚ,406
tachograms,1262,0,ᛏᚪᚳᚻᚩᚷᚱᚪᛗᛋ,448
anastalsis,1260,0,ᚪᚾᚪᛋᛏᚪᛚᛋᛁᛋ,642
kohlrabies,1253,0,ᚳᚩᚻᛚᚱᚪᛒᛁᛖᛋ,436
honestness,1253,0,ᚻᚩᚾᛖᛋᛏᚾᛖᛋᛋ,440
abdicators,1253,0,ᚪᛒᛞᛁᚳᚪᛏᚩᚱᛋ,518
instancies,1251,0,ᛁᚾᛋᛏᚪᚾᚳᛁᛖᛋ,462
profluence,1246,0,ᛈᚱᚩᚠᛚᚢᛖᚾᚳᛖ,315
slushiness,1244,0,ᛋᛚᚢᛋᚻᛁᚾᛖᛋᛋ,438
unwiseness,1243,0,ᚢᚾᚹᛁᛋᛖᚾᛖᛋᛋ,404
frugalness,1242,0,ᚠᚱᚢᚷᚪᛚᚾᛖᛋᛋ,405
overgreedy,1236,0,ᚩᚢᛖᚱᚷᚱᛖᛖᛞᚣ,442
etiologists,1233,0,ᛖᛏᛡᛚᚩᚷᛁᛋᛏᛋ,526
deathwatches,1230,0,ᛞᛠᚦᚹᚪᛏᚳᚻᛖᛋ,534
hendecagon,1229,0,ᚻᛖᚾᛞᛖᚳᚪᚷᚩᚾ,438
dollarfish,1226,0,ᛞᚩᛚᛚᚪᚱᚠᛁᛋᚻ,459
unsecluded,1225,0,ᚢᚾᛋᛖᚳᛚᚢᛞᛖᛞ,486
unassoiled,1224,0,ᚢᚾᚪᛋᛋᚩᛁᛚᛖᛞ,502
stridulent,1223,0,ᛋᛏᚱᛁᛞᚢᛚᛖᚾᛏ,474
shrimpfish,1223,0,ᛋᚻᚱᛁᛗᛈᚠᛁᛋᚻ,341
noncombining,1219,0,ᚾᚩᚾᚳᚩᛗᛒᛁᚾᛝ,356
abstinency,1217,0,ᚪᛒᛋᛏᛁᚾᛖᚾᚳᚣ,542
ascendable,1215,0,ᚪᛋᚳᛖᚾᛞᚪᛒᛚᛖ,646
excruciates,1211,0,ᛖᛉᚳᚱᚢᚳᛡᛏᛖᛋ,440
darwinisms,1208,0,ᛞᚪᚱᚹᛁᚾᛁᛋᛗᛋ,484
endermatic,1206,0,ᛖᚾᛞᛖᚱᛗᚪᛏᛁᚳ,534
eelgrasses,1206,0,ᛖᛖᛚᚷᚱᚪᛋᛋᛖᛋ,558
lucifugous,1204,0,ᛚᚢᚳᛁᚠᚢᚷᚩᚢᛋ,205
alcoholize,1204,0,ᚪᛚᚳᚩᚻᚩᛚᛁᛋᛖ,444
hexenbesen,1198,0,ᚻᛖᛉᛖᚾᛒᛖᛋᛖᚾ,510
benumbment,1197,0,ᛒᛖᚾᚢᛗᛒᛗᛖᚾᛏ,518
ozokerites,1194,0,ᚩᛋᚩᚳᛖᚱᛁᛏᛖᛋ,368
palaetiology,1189,0,ᛈᚪᛚᚫᛏᛡᛚᚩᚷᚣ,680
mispointed,1186,0,ᛗᛁᛋᛈᚩᛁᚾᛏᛖᛞ,480
unhyphened,1184,0,ᚢᚾᚻᚣᛈᚻᛖᚾᛖᛞ,476
horseponds,1179,0,ᚻᚩᚱᛋᛖᛈᚩᚾᛞᛋ,382
paregorics,1175,0,ᛈᚪᚱᛖᚷᚩᚱᛁᚳᛋ,350
aborticide,1168,0,ᚪᛒᚩᚱᛏᛁᚳᛁᛞᛖ,466
guallatiri,1161,0,ᚷᚢᚪᛚᛚᚪᛏᛁᚱᛁ,492
turtleheads,1159,0,ᛏᚢᚱᛏᛚᛖᚻᛠᛞᛋ,546
isometropia,1159,0,ᛁᛋᚩᛗᛖᛏᚱᚩᛈᛡ,456
uneffusive,1158,0,ᚢᚾᛖᚠᚠᚢᛋᛁᚢᛖ,260
unmittened,1157,0,ᚢᚾᛗᛁᛏᛏᛖᚾᛖᛞ,504
waxflowers,1155,0,ᚹᚪᛉᚠᛚᚩᚹᛖᚱᛋ,395
quixotisms,1152,0,ᚳᚹᛁᛉᚩᛏᛁᛋᛗᛋ,384
womanhoods,1151,0,ᚹᚩᛗᚪᚾᚻᚩᚩᛞᛋ,402
hypericism,1150,0,ᚻᚣᛈᛖᚱᛁᚳᛁᛋᛗ,446
bituminoid,1147,0,ᛒᛁᛏᚢᛗᛁᚾᚩᛁᛞ,412
coadjacent,1146,0,ᚳᚩᚪᛞᛂᚪᚳᛖᚾᛏ,508
abstrusity,1145,0,ᚪᛒᛋᛏᚱᚢᛋᛁᛏᚣ,530
outdressed,1141,0,ᚩᚢᛏᛞᚱᛖᛋᛋᛖᛞ,498
shanghaiers,1137,0,ᛋᚻᚪᛝᚻᚪᛁᛖᚱᛋ,534
lentissimo,1137,0,ᛚᛖᚾᛏᛁᛋᛋᛁᛗᚩ,474
clammyweed,1131,0,ᚳᛚᚪᛗᛗᚣᚹᛖᛖᛞ,670
mutualness,1129,0,ᛗᚢᛏᚢᚪᛚᚾᛖᛋᛋ,508
sorenesses,1122,0,ᛋᚩᚱᛖᚾᛖᛋᛋᛖᛋ,460
swankiness,1121,0,ᛋᚹᚪᚾᚳᛁᚾᛖᛋᛋ,444
strabismal,1121,0,ᛋᛏᚱᚪᛒᛁᛋᛗᚪᛚ,606
unvendible,1114,0,ᚢᚾᚢᛖᚾᛞᛁᛒᛚᛖ,452
compacture,1114,0,ᚳᚩᛗᛈᚪᚳᛏᚢᚱᛖ,384
tetherballs,1113,0,ᛏᛖᚦᛖᚱᛒᚪᛚᛚᛋ,566
quiescency,1112,0,ᚳᚹᛁᛖᛋᚳᛖᚾᚳᚣ,408
underacted,1108,0,ᚢᚾᛞᛖᚱᚪᚳᛏᛖᛞ,524
prairiedom,1108,0,ᛈᚱᚪᛁᚱᛁᛖᛞᚩᛗ,458
tympanists,1106,0,ᛏᚣᛗᛈᚪᚾᛁᛋᛏᛋ,598
majuscular,1106,0,ᛗᚪᛂᚢᛋᚳᚢᛚᚪᚱ,458
cradlesongs,1106,0,ᚳᚱᚪᛞᛚᛖᛋᚩᛝᛋ,542
forestages,1104,0,ᚠᚩᚱᛖᛋᛏᚪᚷᛖᛋ,433
aposiopeses,1103,0,ᚪᛈᚩᛋᛡᛈᛖᛋᛖᛋ,590
attestants,1098,0,ᚪᛏᛏᛖᛋᛏᚪᚾᛏᛋ,632
associatory,1096,0,ᚪᛋᛋᚩᚳᛡᛏᚩᚱᚣ,510
kurdistans,1093,0,ᚳᚢᚱᛞᛁᛋᛏᚪᚾᛋ,438
confiseurs,1093,0,ᚳᚩᚾᚠᛁᛋᛖᚢᚱᛋ,269
baculiform,1091,0,ᛒᚪᚳᚢᛚᛁᚠᚩᚱᛗ,369
touchbacks,1088,0,ᛏᚩᚢᚳᚻᛒᚪᚳᚳᛋ,342
indigently,1080,0,ᛁᚾᛞᛁᚷᛖᚾᛏᛚᚣ,528
languescent,1074,0,ᛚᚪᛝᚢᛖᛋᚳᛖᚾᛏ,540
mishmashes,1070,0,ᛗᛁᛋᚻᛗᚪᛋᚻᛖᛋ,542
protestive,1069,0,ᛈᚱᚩᛏᛖᛋᛏᛁᚢᛖ,400
spiceberry,1068,0,ᛋᛈᛁᚳᛖᛒᛖᚱᚱᚣ,460
steatorrheas,1064,0,ᛋᛏᛠᛏᚩᚱᚱᚻᛠᛋ,494
subsidiser,1056,0,ᛋᚢᛒᛋᛁᛞᛁᛋᛖᚱ,452
unsyllabic,1055,0,ᚢᚾᛋᚣᛚᛚᚪᛒᛁᚳ,536
punishably,1055,0,ᛈᚢᚾᛁᛋᚻᚪᛒᛚᚣ,516
catapultic,1054,0,ᚳᚪᛏᚪᛈᚢᛚᛏᛁᚳ,488
copycatted,1053,0,ᚳᚩᛈᚣᚳᚪᛏᛏᛖᛞ,550
puddingheaded,1051,0,ᛈᚢᛞᛞᛝᚻᛠᛞᛖᛞ,680
naphthalizing,1047,0,ᚾᚪᛈᚻᚦᚪᛚᛁᛋᛝ,530
taphephobia,1046,0,ᛏᚪᛈᚻᛖᛈᚻᚩᛒᛡ,530
jewelweeds,1046,0,ᛂᛖᚹᛖᛚᚹᛖᛖᛞᛋ,558
hypoblasts,1041,0,ᚻᚣᛈᚩᛒᛚᚪᛋᛏᛋ,572
marbleised,1039,0,ᛗᚪᚱᛒᛚᛖᛁᛋᛖᛞ,620
midwatches,1038,0,ᛗᛁᛞᚹᚪᛏᚳᚻᛖᛋ,522
philomelas,1032,0,ᛈᚻᛁᛚᚩᛗᛖᛚᚪᛋ,538
dishonorer,1032,0,ᛞᛁᛋᚻᚩᚾᚩᚱᛖᚱ,328
tailorwise,1025,0,ᛏᚪᛁᛚᚩᚱᚹᛁᛋᛖ,448
barmbracks,1020,0,ᛒᚪᚱᛗᛒᚱᚪᚳᚳᛋ,488
lucubrated,1016,0,ᛚᚢᚳᚢᛒᚱᚪᛏᛖᛞ,476
objurgates,1013,0,ᚩᛒᛂᚢᚱᚷᚪᛏᛖᛋ,412
sortilegus,1012,0,ᛋᚩᚱᛏᛁᛚᛖᚷᚢᛋ,374
fricandeaus,1012,0,ᚠᚱᛁᚳᚪᚾᛞᛠᚢᛋ,437
pomologies,1011,0,ᛈᚩᛗᚩᛚᚩᚷᛁᛖᛋ,376
miaplacidus,1011,0,ᛗᛡᛈᛚᚪᚳᛁᛞᚢᛋ,580
cantillate,1011,0,ᚳᚪᚾᛏᛁᛚᛚᚪᛏᛖ,598
ruthfulness,1010,0,ᚱᚢᚦᚠᚢᛚᚾᛖᛋᛋ,299
quinternion,1008,0,ᚳᚹᛁᚾᛏᛖᚱᚾᛡᚾ,394
vestmented,1006,0,ᚢᛖᛋᛏᛗᛖᚾᛏᛖᛞ,564
undergrove,1002,0,ᚢᚾᛞᛖᚱᚷᚱᚩᚢᛖ,304
setterwort,1000,0,ᛋᛖᛏᛏᛖᚱᚹᚩᚱᛏ,412
needlebush,1000,0,ᚾᛖᛖᛞᛚᛖᛒᚢᛋᚻ,532
combretums,1000,0,ᚳᚩᛗᛒᚱᛖᛏᚢᛗᛋ,416
overjealous,998,0,ᚩᚢᛖᚱᛂᛠᛚᚩᚢᛋ,370
prolixness,997,0,ᛈᚱᚩᛚᛁᛉᚾᛖᛋᛋ,414
vibraharps,990,0,ᚢᛁᛒᚱᚪᚻᚪᚱᛈᛋ,430
shipboards,986,0,ᛋᚻᛁᛈᛒᚩᚪᚱᛞᛋ,468
pandanuses,985,0,ᛈᚪᚾᛞᚪᚾᚢᛋᛖᛋ,560
unenlivening,983,0,ᚢᚾᛖᚾᛚᛁᚢᛖᚾᛝ,410
alpestrine,981,0,ᚪᛚᛈᛖᛋᛏᚱᛁᚾᛖ,530
unfeverish,980,0,ᚢᚾᚠᛖᚢᛖᚱᛁᛋᚻ,289
toadflaxes,976,0,ᛏᚩᚪᛞᚠᛚᚪᛉᛖᛋ,591
quakerisms,976,0,ᚳᚹᚪᚳᛖᚱᛁᛋᛗᛋ,428
outstrokes,974,0,ᚩᚢᛏᛋᛏᚱᚩᚳᛖᛋ,332
actinozoan,974,0,ᚪᚳᛏᛁᚾᚩᛋᚩᚪᚾ,422
millifarad,973,0,ᛗᛁᛚᛚᛁᚠᚪᚱᚪᛞ,575
studhorses,971,0,ᛋᛏᚢᛞᚻᚩᚱᛋᛖᛋ,418
screwiness,971,0,ᛋᚳᚱᛖᚹᛁᚾᛖᛋᛋ,396
scatophagy,971,0,ᛋᚳᚪᛏᚩᛈᚻᚪᚷᚣ,512
wandflower,970,0,ᚹᚪᚾᛞᚠᛚᚩᚹᛖᚱ,413
asterismal,970,0,ᚪᛋᛏᛖᚱᛁᛋᛗᚪᛚ,612
undesponding,963,0,ᚢᚾᛞᛖᛋᛈᚩᚾᛞᛝ,488
scrimshank,963,0,ᛋᚳᚱᛁᛗᛋᚻᚪᚾᚳ,394
crunchable,962,0,ᚳᚱᚢᚾᚳᚻᚪᛒᛚᛖ,390
underprize,958,0,ᚢᚾᛞᛖᚱᛈᚱᛁᛋᛖ,404
aspergills,957,0,ᚪᛋᛈᛖᚱᚷᛁᛚᛚᛋ,518
alkalinuria,957,0,ᚪᛚᚳᚪᛚᛁᚾᚢᚱᛡ,534
noctilucas,953,0,ᚾᚩᚳᛏᛁᛚᚢᚳᚪᛋ,378
macedoines,953,0,ᛗᚪᚳᛖᛞᚩᛁᚾᛖᛋ,524
alkalinise,953,0,ᚪᛚᚳᚪᛚᛁᚾᛁᛋᛖ,564
myringectomy,947,0,ᛗᚣᚱᛝᛖᚳᛏᚩᛗᚣ,584
dextrorsal,943,0,ᛞᛖᛉᛏᚱᚩᚱᛋᚪᛚ,514
unlaureled,942,0,ᚢᚾᛚᚪᚢᚱᛖᛚᛖᛞ,512
theanthropism,938,0,ᚦᛠᚾᚦᚱᚩᛈᛁᛋᛗ,364
stillrooms,938,0,ᛋᛏᛁᛚᛚᚱᚩᚩᛗᛋ,438
guncottons,938,0,ᚷᚢᚾᚳᚩᛏᛏᚩᚾᛋ,276
polyoicous,932,0,ᛈᚩᛚᚣᚩᛁᚳᚩᚢᛋ,340
edibleness,931,0,ᛖᛞᛁᛒᛚᛖᚾᛖᛋᛋ,590
ungentility,930,0,ᚢᛝᛖᚾᛏᛁᛚᛁᛏᚣ,534
flanconade,929,0,ᚠᛚᚪᚾᚳᚩᚾᚪᛞᛖ,503
ecstasized,924,0,ᛖᚳᛋᛏᚪᛋᛁᛋᛖᛞ,582
torridness,922,0,ᛏᚩᚱᚱᛁᛞᚾᛖᛋᛋ,410
phalangitis,921,0,ᛈᚻᚪᛚᚪᛝᛁᛏᛁᛋ,586
sibilances,919,0,ᛋᛁᛒᛁᛚᚪᚾᚳᛖᛋ,508
outscreamed,917,0,ᚩᚢᛏᛋᚳᚱᛠᛗᛖᛞ,482
tabularize,916,0,ᛏᚪᛒᚢᛚᚪᚱᛁᛋᛖ,552
rotundness,908,0,ᚱᚩᛏᚢᚾᛞᚾᛖᛋᛋ,400
hypnophobia,908,0,ᚻᚣᛈᚾᚩᛈᚻᚩᛒᛡ,446
tyrocidins,907,0,ᛏᚣᚱᚩᚳᛁᛞᛁᚾᛋ,426
sargassums,907,0,ᛋᚪᚱᚷᚪᛋᛋᚢᛗᛋ,508
vitaminize,906,0,ᚢᛁᛏᚪᛗᛁᚾᛁᛋᛖ,472
keyservers,902,1,ᚳᛖᚣᛋᛖᚱᚢᛖᚱᛋ,448
blushfully,894,0,ᛒᛚᚢᛋᚻᚠᚢᛚᛚᚣ,467
outguesses,887,0,ᚩᚢᛏᚷᚢᛖᛋᛋᛖᛋ,382
flunkeyish,886,0,ᚠᛚᚢᚾᚳᛖᚣᛁᛋᚻ,397
timbrelled,885,0,ᛏᛁᛗᛒᚱᛖᛚᛚᛖᛞ,602
vicarships,884,0,ᚢᛁᚳᚪᚱᛋᚻᛁᛈᛋ,358
illegalise,884,0,ᛁᛚᛚᛖᚷᚪᛚᛁᛋᛖ,582
botuliform,883,0,ᛒᚩᛏᚢᛚᛁᚠᚩᚱᛗ,325
unribboned,881,0,ᚢᚾᚱᛁᛒᛒᚩᚾᛖᛞ,388
bellamoure,879,0,ᛒᛖᛚᛚᚪᛗᚩᚢᚱᛖ,530
synonymist,878,0,ᛋᚣᚾᚩᚾᚣᛗᛁᛋᛏ,538
coralroots,878,0,ᚳᚩᚱᚪᛚᚱᚩᚩᛏᛋ,338
tachylites,877,0,ᛏᚪᚳᚻᚣᛚᛁᛏᛖᛋ,578
adjuratory,873,0,ᚪᛞᛂᚢᚱᚪᛏᚩᚱᚣ,514
picknicker,872,0,ᛈᛁᚳᚳᚾᛁᚳᚳᛖᚱ,264
abcoulombs,872,0,ᚪᛒᚳᚩᚢᛚᚩᛗᛒᛋ,446
interlopes,870,0,ᛁᚾᛏᛖᚱᛚᚩᛈᛖᛋ,440
diphthongise,868,0,ᛞᛁᛈᚻᚦᚩᛝᛁᛋᛖ,428
withoutforth,863,0,ᚹᛁᚦᚩᚢᛏᚠᚩᚱᚦ,149
unwindable,861,0,ᚢᚾᚹᛁᚾᛞᚪᛒᛚᛖ,498
belemnitic,854,0,ᛒᛖᛚᛖᛗᚾᛁᛏᛁᚳ,502
celebrater,853,0,ᚳᛖᛚᛖᛒᚱᚪᛏᛖᚱ,526
archesporia,852,0,ᚪᚱᚳᚻᛖᛋᛈᚩᚱᛡ,432
vignettist,847,0,ᚢᛁᚷᚾᛖᛏᛏᛁᛋᛏ,408
machinates,845,0,ᛗᚪᚳᚻᛁᚾᚪᛏᛖᛋ,540
satinwoods,843,0,ᛋᚪᛏᛁᚾᚹᚩᚩᛞᛋ,444
attestator,843,0,ᚪᛏᛏᛖᛋᛏᚪᛏᚩᚱ,568
toothsomely,841,0,ᛏᚩᚩᚦᛋᚩᛗᛖᛚᚣ,452
autophytes,840,0,ᚪᚢᛏᚩᛈᚻᚣᛏᛖᛋ,514
misaddress,839,0,ᛗᛁᛋᚪᛞᛞᚱᛖᛋᛋ,614
appendicle,839,0,ᚪᛈᛈᛖᚾᛞᛁᚳᛚᛖ,552
shameworthy,836,0,ᛋᚻᚪᛗᛖᚹᚩᚱᚦᚣ,456
griffonage,834,0,ᚷᚱᛁᚠᚠᚩᚾᚪᚷᛖ,280
pentathlons,832,0,ᛈᛖᚾᛏᚪᚦᛚᚩᚾᛋ,462
nesciences,832,0,ᚾᛖᛋᚳᛁᛖᚾᚳᛖᛋ,422
uncousinly,831,0,ᚢᚾᚳᚩᚢᛋᛁᚾᛚᚣ,344
longanimous,828,0,ᛚᚩᛝᚪᚾᛁᛗᚩᚢᛋ,450
submaxilla,827,0,ᛋᚢᛒᛗᚪᛉᛁᛚᛚᚪ,606
imposthumed,822,0,ᛁᛗᛈᚩᛋᚦᚢᛗᛖᛞ,440
possumwood,821,0,ᛈᚩᛋᛋᚢᛗᚹᚩᚩᛞ,352
butterburs,821,0,ᛒᚢᛏᛏᛖᚱᛒᚢᚱᛋ,388
palatalise,815,0,ᛈᚪᛚᚪᛏᚪᛚᛁᛋᛖ,690
grillrooms,815,0,ᚷᚱᛁᛚᛚᚱᚩᚩᛗᛋ,354
kerfuffles,814,0,ᚳᛖᚱᚠᚢᚠᚠᛚᛖᛋ,293
capsaicins,814,0,ᚳᚪᛈᛋᚪᛁᚳᛁᚾᛋ,460
sdeignfull,809,0,ᛋᛞᛖᛁᚷᚾᚠᚢᛚᛚ,437
detruncate,807,0,ᛞᛖᛏᚱᚢᚾᚳᚪᛏᛖ,494
wontedness,806,0,ᚹᚩᚾᛏᛖᛞᚾᛖᛋᛋ,472
overpeered,805,0,ᚩᚢᛖᚱᛈᛖᛖᚱᛖᛞ,432
helichryse,805,0,ᚻᛖᛚᛁᚳᚻᚱᚣᛋᛖ,464
didelphine,803,0,ᛞᛁᛞᛖᛚᛈᚻᛁᚾᛖ,542
subsidency,801,0,ᛋᚢᛒᛋᛁᛞᛖᚾᚳᚣ,502
stinkweeds,801,0,ᛋᛏᛁᚾᚳᚹᛖᛖᛞᛋ,480
algometers,798,0,ᚪᛚᚷᚩᛗᛖᛏᛖᚱᛋ,522
woodsiness,797,0,ᚹᚩᚩᛞᛋᛁᚾᛖᛋᛋ,408
shovelheads,792,0,ᛋᚻᚩᚢᛖᛚᚻᛠᛞᛋ,500
discalceate,792,0,ᛞᛁᛋᚳᚪᛚᚳᛠᛏᛖ,604
arthritical,788,0,ᚪᚱᚦᚱᛁᛏᛁᚳᚪᛚ,428
procreatory,786,0,ᛈᚱᚩᚳᚱᛠᛏᚩᚱᚣ,374
demantoids,784,0,ᛞᛖᛗᚪᚾᛏᚩᛁᛞᛋ,592
cercomonad,784,0,ᚳᛖᚱᚳᚩᛗᚩᚾᚪᛞ,404
resultancy,783,0,ᚱᛖᛋᚢᛚᛏᚪᚾᚳᚣ,508
celestites,780,0,ᚳᛖᛚᛖᛋᛏᛁᛏᛖᛋ,542
savouriest,779,0,ᛋᚪᚢᚩᚢᚱᛁᛖᛋᛏ,384
assibilate,779,0,ᚪᛋᛋᛁᛒᛁᛚᚪᛏᛖ,622
oceanfronts,778,0,ᚩᚳᛠᚾᚠᚱᚩᚾᛏᛋ,319
battercake,778,0,ᛒᚪᛏᛏᛖᚱᚳᚪᚳᛖ,544
thermalgesia,777,0,ᚦᛖᚱᛗᚪᛚᚷᛖᛋᛡ,568
cantharidian,772,0,ᚳᚪᚾᚦᚪᚱᛁᛞᛡᚾ,508
spirogyras,770,0,ᛋᛈᛁᚱᚩᚷᚣᚱᚪᛋ,426
arboresque,770,0,ᚪᚱᛒᚩᚱᛖᛋᚳᚹᛖ,406
termagancy,769,0,ᛏᛖᚱᛗᚪᚷᚪᚾᚳᚣ,564
betulaceous,769,0,ᛒᛖᛏᚢᛚᚪᚳᛇᚢᛋ,470
arsmetrike,769,0,ᚪᚱᛋᛗᛖᛏᚱᛁᚳᛖ,480
pyrolignic,766,0,ᛈᚣᚱᚩᛚᛁᚷᚾᛁᚳ,358
archflamen,766,0,ᚪᚱᚳᚻᚠᛚᚪᛗᛖᚾ,483
numbnesses,762,0,ᚾᚢᛗᛒᚾᛖᛋᛋᛖᛋ,486
misdeliver,761,0,ᛗᛁᛋᛞᛖᛚᛁᚢᛖᚱ,496
angwantibos,758,0,ᚪᛝᚹᚪᚾᛏᛁᛒᚩᛋ,532
acronymous,757,0,ᚪᚳᚱᚩᚾᚣᛗᚩᚢᛋ,394
supinations,756,0,ᛋᚢᛈᛁᚾᚪᛏᛡᚾᛋ,504
vestmental,755,0,ᚢᛖᛋᛏᛗᛖᚾᛏᚪᛚ,578
dacryocyst,749,0,ᛞᚪᚳᚱᚣᚩᚳᚣᛋᛏ,548
golliwoggs,747,0,ᚷᚩᛚᛚᛁᚹᚩᚷᚷᛋ,314
arthromeres,747,0,ᚪᚱᚦᚱᚩᛗᛖᚱᛖᛋ,400
extradoses,746,0,ᛖᛉᛏᚱᚪᛞᚩᛋᛖᛋ,550
bombilation,746,0,ᛒᚩᛗᛒᛁᛚᚪᛏᛡᚾ,596
uncordially,745,0,ᚢᚾᚳᚩᚱᛞᛡᛚᛚᚣ,508
bridecakes,745,0,ᛒᚱᛁᛞᛖᚳᚪᚳᛖᛋ,502
calvinisms,743,0,ᚳᚪᛚᚢᛁᚾᛁᛋᛗᛋ,454
lordolatry,742,0,ᛚᚩᚱᛞᚩᛚᚪᛏᚱᚣ,530
tantaliser,740,0,ᛏᚪᚾᛏᚪᛚᛁᛋᛖᚱ,576
misentries,739,0,ᛗᛁᛋᛖᚾᛏᚱᛁᛖᛋ,472
phylloclad,736,0,ᛈᚻᚣᛚᛚᚩᚳᛚᚪᛞ,594
telegnosis,735,0,ᛏᛖᛚᛖᚷᚾᚩᛋᛁᛋ,456
mithraistic,730,0,ᛗᛁᚦᚱᚪᛁᛋᛏᛁᚳ,402
braggartry,728,0,ᛒᚱᚪᚷᚷᚪᚱᛏᚱᚣ,484
hematocyst,726,0,ᚻᛖᛗᚪᛏᚩᚳᚣᛋᛏ,552
overrefine,722,0,ᚩᚢᛖᚱᚱᛖᚠᛁᚾᛖ,295
baldachini,722,0,ᛒᚪᛚᛞᚪᚳᚻᛁᚾᛁ,544
germanders,718,0,ᚷᛖᚱᛗᚪᚾᛞᛖᚱᛋ,512
asynergies,717,0,ᚪᛋᚣᚾᛖᚱᚷᛁᛖᛋ,528
acataphasia,715,0,ᚪᚳᚪᛏᚪᛈᚻᚪᛋᛡ,686
clamatorial,706,0,ᚳᛚᚪᛗᚪᛏᚩᚱᛡᛚ,608
thaumaturgia,704,0,ᚦᚪᚢᛗᚪᛏᚢᚱᚷᛡ,470
excursioned,702,0,ᛖᛉᚳᚢᚱᛋᛡᚾᛖᛞ,486
dickeybird,701,0,ᛞᛁᚳᚳᛖᚣᛒᛁᚱᛞ,508
bitternuts,701,0,ᛒᛁᛏᛏᛖᚱᚾᚢᛏᛋ,432
negotiatrix,700,0,ᚾᛖᚷᚩᛏᛡᛏᚱᛁᛉ,434
rosinweeds,695,0,ᚱᚩᛋᛁᚾᚹᛖᛖᛞᛋ,426
horehounds,695,0,ᚻᚩᚱᛖᚻᚩᚢᚾᛞᛋ,312
horologers,694,0,ᚻᚩᚱᚩᛚᚩᚷᛖᚱᛋ,276
stockishly,693,0,ᛋᛏᚩᚳᚳᛁᛋᚻᛚᚣ,428
geotropisms,692,0,ᚷᛇᛏᚱᚩᛈᛁᛋᛗᛋ,386
tickleness,691,0,ᛏᛁᚳᚳᛚᛖᚾᛖᛋᛋ,458
clientages,691,0,ᚳᛚᛁᛖᚾᛏᚪᚷᛖᛋ,506
leucopenias,687,0,ᛚᛖᚢᚳᚩᛈᛖᚾᛡᛋ,462
hypozeuxis,687,0,ᚻᚣᛈᚩᛋᛖᚢᛉᛁᛋ,430
hansardise,687,0,ᚻᚪᚾᛋᚪᚱᛞᛁᛋᛖ,550
intradoses,686,0,ᛁᚾᛏᚱᚪᛞᚩᛋᛖᛋ,496
agrimonies,684,0,ᚪᚷᚱᛁᛗᚩᚾᛁᛖᛋ,414
broomcorns,682,0,ᛒᚱᚩᚩᛗᚳᚩᚱᚾᛋ,270
lyophilise,681,0,ᛚᚣᚩᛈᚻᛁᛚᛁᛋᛖ,504
citronwood,681,0,ᚳᛁᛏᚱᚩᚾᚹᚩᚩᛞ,272
equitations,679,0,ᛖᚳᚹᛁᛏᚪᛏᛡᚾᛋ,534
nascencies,676,0,ᚾᚪᛋᚳᛖᚾᚳᛁᛖᛋ,452
menkalinan,676,0,ᛗᛖᚾᚳᚪᛚᛁᚾᚪᚾ,536
subjoinder,675,0,ᛋᚢᛒᛂᚩᛁᚾᛞᛖᚱ,388
pirouetter,674,0,ᛈᛁᚱᚩᚢᛖᛏᛏᛖᚱ,358
bloodberry,674,0,ᛒᛚᚩᚩᛞᛒᛖᚱᚱᚣ,490
beleaguerer,673,0,ᛒᛖᛚᛠᚷᚢᛖᚱᛖᚱ,486
lobeliaceous,672,0,ᛚᚩᛒᛖᛚᛡᚳᛇᚢᛋ,498
vaginocele,671,0,ᚢᚪᚷᛁᚾᚩᚳᛖᛚᛖ,404
coventries,669,0,ᚳᚩᚢᛖᚾᛏᚱᛁᛖᛋ,340
mistruster,667,0,ᛗᛁᛋᛏᚱᚢᛋᛏᛖᚱ,418
crownworks,662,0,ᚳᚱᚩᚹᚾᚹᚩᚱᚳᛋ,182
unsanctify,659,0,ᚢᚾᛋᚪᚾᚳᛏᛁᚠᚣ,419
helminthics,658,0,ᚻᛖᛚᛗᛁᚾᚦᛁᚳᛋ,396
abrogators,645,0,ᚪᛒᚱᚩᚷᚪᛏᚩᚱᛋ,420
mormonisms,644,0,ᛗᚩᚱᛗᚩᚾᛁᛋᛗᛋ,404
glycerogel,644,0,ᚷᛚᚣᚳᛖᚱᚩᚷᛖᛚ,448
pinchbecks,643,0,ᛈᛁᚾᚳᚻᛒᛖᚳᚳᛋ,346
undersoils,641,0,ᚢᚾᛞᛖᚱᛋᚩᛁᛚᛋ,416
mussitation,641,0,ᛗᚢᛋᛋᛁᛏᚪᛏᛡᚾ,562
aposiopetic,641,0,ᚪᛈᚩᛋᛡᛈᛖᛏᛁᚳ,520
sovietisms,639,0,ᛋᚩᚢᛁᛖᛏᛁᛋᛗᛋ,428
motormouths,639,0,ᛗᚩᛏᚩᚱᛗᚩᚢᚦᛋ,294
dissilient,633,0,ᛞᛁᛋᛋᛁᛚᛁᛖᚾᛏ,516
burglarise,631,0,ᛒᚢᚱᚷᛚᚪᚱᛁᛋᛖ,424
renownless,629,0,ᚱᛖᚾᚩᚹᚾᛚᛖᛋᛋ,408
cosmotrons,627,0,ᚳᚩᛋᛗᚩᛏᚱᚩᚾᛋ,310
embassades,624,0,ᛖᛗᛒᚪᛋᛋᚪᛞᛖᛋ,708
liquorices,622,0,ᛚᛁᚳᚹᚩᚱᛁᚳᛖᛋ,318
temptingness,621,0,ᛏᛖᛗᛈᛏᛝᚾᛖᛋᛋ,580
abnegators,619,0,ᚪᛒᚾᛖᚷᚪᛏᚩᚱᛋ,498
explainingly,613,0,ᛖᛉᛈᛚᚪᛁᚾᛝᛚᚣ,642
deoxidations,609,0,ᛞᛇᛉᛁᛞᚪᛏᛡᚾᛋ,642
octameters,607,0,ᚩᚳᛏᚪᛗᛖᛏᛖᚱᛋ,504
bituminize,605,0,ᛒᛁᛏᚢᛗᛁᚾᛁᛋᛖ,436
sprigtails,604,0,ᛋᛈᚱᛁᚷᛏᚪᛁᛚᛋ,468
syncopator,602,0,ᛋᚣᚾᚳᚩᛈᚪᛏᚩᚱ,422
snakeberry,602,0,ᛋᚾᚪᚳᛖᛒᛖᚱᚱᚣ,512
capernoity,599,0,ᚳᚪᛈᛖᚱᚾᚩᛁᛏᚣ,460
cockamaroo,597,0,ᚳᚩᚳᚳᚪᛗᚪᚱᚩᚩ,336
tweediness,592,0,ᛏᚹᛖᛖᛞᛁᚾᛖᛋᛋ,534
scaturient,592,0,ᛋᚳᚪᛏᚢᚱᛁᛖᚾᛏ,422
ailanthuses,592,0,ᚪᛁᛚᚪᚾᚦᚢᛋᛖᛋ,508
friedcakes,590,0,ᚠᚱᛁᛖᛞᚳᚪᚳᛖᛋ,443
cosmolatry,587,0,ᚳᚩᛋᛗᚩᛚᚪᛏᚱᚣ,494
residencer,586,0,ᚱᛖᛋᛁᛞᛖᚾᚳᛖᚱ,438
autotomies,585,0,ᚪᚢᛏᚩᛏᚩᛗᛁᛖᛋ,454
chlorellas,584,0,ᚳᚻᛚᚩᚱᛖᛚᛚᚪᛋ,490
unghostlike,583,0,ᚢᛝᚻᚩᛋᛏᛚᛁᚳᛖ,408
fivepences,580,0,ᚠᛁᚢᛖᛈᛖᚾᚳᛖᛋ,375
pecuniosity,578,0,ᛈᛖᚳᚢᚾᛡᛋᛁᛏᚣ,508
abjuratory,577,0,ᚪᛒᛂᚢᚱᚪᛏᚩᚱᚣ,486
huguenotic,573,0,ᚻᚢᚷᚢᛖᚾᚩᛏᛁᚳ,252
telepathize,570,0,ᛏᛖᛚᛖᛈᚪᚦᛁᛋᛖ,562
cinematize,570,0,ᚳᛁᚾᛖᛗᚪᛏᛁᛋᛖ,518
shaggymane,568,0,ᛋᚻᚪᚷᚷᚣᛗᚪᚾᛖ,574
convexness,566,0,ᚳᚩᚾᚢᛖᛉᚾᛖᛋᛋ,368
praesidiums,561,0,ᛈᚱᚫᛋᛁᛞᛁᚢᛗᛋ,486
secernment,557,0,ᛋᛖᚳᛖᚱᚾᛗᛖᚾᛏ,466
tragacanths,554,0,ᛏᚱᚪᚷᚪᚳᚪᚾᚦᛋ,478
negritudes,553,0,ᚾᛖᚷᚱᛁᛏᚢᛞᛖᛋ,426
indigotins,552,0,ᛁᚾᛞᛁᚷᚩᛏᛁᚾᛋ,376
apishamore,551,0,ᚪᛈᛁᛋᚻᚪᛗᚩᚱᛖ,500
endogamies,547,0,ᛖᚾᛞᚩᚷᚪᛗᛁᛖᛋ,528
hypozeugma,546,0,ᚻᚣᛈᚩᛋᛖᚢᚷᛗᚪ,484
pandowdies,538,0,ᛈᚪᚾᛞᚩᚹᛞᛁᛖᛋ,524
dickybirds,538,0,ᛞᛁᚳᚳᚣᛒᛁᚱᛞᛋ,494
footfaults,535,0,ᚠᚩᚩᛏᚠᚪᚢᛚᛏᛋ,362
novenaries,534,0,ᚾᚩᚢᛖᚾᚪᚱᛁᛖᛋ,394
severalize,532,0,ᛋᛖᚢᛖᚱᚪᛚᛁᛋᛖ,522
abiogenists,531,0,ᚪᛒᛡᚷᛖᚾᛁᛋᛏᛋ,574
schnozzles,530,0,ᛋᚳᚻᚾᚩᛋᛋᛚᛖᛋ,424
purificant,527,0,ᛈᚢᚱᛁᚠᛁᚳᚪᚾᛏ,319
ramificate,525,0,ᚱᚪᛗᛁᚠᛁᚳᚪᛏᛖ,479
gobbelines,524,0,ᚷᚩᛒᛒᛖᛚᛁᚾᛖᛋ,466
velvetweed,521,0,ᚢᛖᛚᚢᛖᛏᚹᛖᛖᛞ,514
routemarch,521,0,ᚱᚩᚢᛏᛖᛗᚪᚱᚳᚻ,362
paideutics,520,0,ᛈᚪᛁᛞᛖᚢᛏᛁᚳᛋ,486
butcherdom,520,0,ᛒᚢᛏᚳᚻᛖᚱᛞᚩᛗ,404
roqueforts,519,0,ᚱᚩᚳᚹᛖᚠᚩᚱᛏᛋ,249
photoengrave,513,0,ᛈᚻᚩᛏᛟᛝᚱᚪᚢᛖ,472
octonaries,513,0,ᚩᚳᛏᚩᚾᚪᚱᛁᛖᛋ,374
indigenate,512,0,ᛁᚾᛞᛁᚷᛖᚾᚪᛏᛖ,516
oysterfish,511,0,ᚩᚣᛋᛏᛖᚱᚠᛁᛋᚻ,409
bicapsular,508,0,ᛒᛁᚳᚪᛈᛋᚢᛚᚪᚱ,482
periclases,507,0,ᛈᛖᚱᛁᚳᛚᚪᛋᛖᛋ,508
lancewoods,503,0,ᛚᚪᚾᚳᛖᚹᚩᚩᛞᛋ,454
petitionist,501,0,ᛈᛖᛏᛁᛏᛡᚾᛁᛋᛏ,538
acephalism,501,0,ᚪᚳᛖᛈᚻᚪᛚᛁᛋᛗ,568
hodometers,500,0,ᚻᚩᛞᚩᛗᛖᛏᛖᚱᛋ,454
cellarages,500,0,ᚳᛖᛚᛚᚪᚱᚪᚷᛖᛋ,568
birthnights,500,0,ᛒᛁᚱᚦᚾᛁᚷᚻᛏᛋ,320
modestness,498,0,ᛗᚩᛞᛖᛋᛏᚾᛖᛋᛋ,548
cystoplegia,498,0,ᚳᚣᛋᛏᚩᛈᛚᛖᚷᛡ,542
autogamies,498,0,ᚪᚢᛏᚩᚷᚪᛗᛁᛖᛋ,502
classicise,497,0,ᚳᛚᚪᛋᛋᛁᚳᛁᛋᛖ,484
squishiest,496,0,ᛋᚳᚹᛁᛋᚻᛁᛖᛋᛏ,402
overbusied,495,0,ᚩᚢᛖᚱᛒᚢᛋᛁᛖᛞ,392
adscripted,495,0,ᚪᛞᛋᚳᚱᛁᛈᛏᛖᛞ,552
waxberries,494,0,ᚹᚪᛉᛒᛖᚱᚱᛁᛖᛋ,464
ozocerites,488,0,ᚩᛋᚩᚳᛖᚱᛁᛏᛖᛋ,368
nonesuches,485,0,ᚾᚩᚾᛖᛋᚢᚳᚻᛖᛋ,344
theologizers,481,0,ᚦᛇᛚᚩᚷᛁᛋᛖᚱᛋ,358
pleximetry,479,0,ᛈᛚᛖᛉᛁᛗᛖᛏᚱᚣ,572
hesitaters,479,0,ᚻᛖᛋᛁᛏᚪᛏᛖᚱᛋ,520
anaglyptic,479,0,ᚪᚾᚪᚷᛚᚣᛈᛏᛁᚳ,562
cogitabund,476,0,ᚳᚩᚷᛁᛏᚪᛒᚢᚾᛞ,406
cyclonical,475,0,ᚳᚣᚳᛚᚩᚾᛁᚳᚪᛚ,452
rocamboles,474,0,ᚱᚩᚳᚪᛗᛒᚩᛚᛖᛋ,460
puckerbush,474,0,ᛈᚢᚳᚳᛖᚱᛒᚢᛋᚻ,290
grillworks,471,0,ᚷᚱᛁᛚᛚᚹᚩᚱᚳᛋ,308
frumpishly,471,0,ᚠᚱᚢᛗᛈᛁᛋᚻᛚᚣ,413
monkeypods,469,0,ᛗᚩᚾᚳᛖᚣᛈᚩᛞᛋ,482
pleurocarp,467,0,ᛈᛚᛖᚢᚱᚩᚳᚪᚱᛈ,368
aldermanly,466,0,ᚪᛚᛞᛖᚱᛗᚪᚾᛚᚣ,710
stragglier,465,0,ᛋᛏᚱᚪᚷᚷᛚᛁᛖᚱ,436
dorbeetles,465,0,ᛞᚩᚱᛒᛖᛖᛏᛚᛖᛋ,554
pachytenes,463,0,ᛈᚪᚳᚻᚣᛏᛖᚾᛖᛋ,554
cerussites,463,0,ᚳᛖᚱᚢᛋᛋᛁᛏᛖᛋ,410
balladries,459,0,ᛒᚪᛚᛚᚪᛞᚱᛁᛖᛋ,652
plagiariser,458,0,ᛈᛚᚪᚷᛡᚱᛁᛋᛖᚱ,510
cyclothymias,458,0,ᚳᚣᚳᛚᚩᚦᚣᛗᛡᛋ,548
wappenshaw,449,0,ᚹᚪᛈᛈᛖᚾᛋᚻᚪᚹ,490
maulsticks,449,0,ᛗᚪᚢᛚᛋᛏᛁᚳᚳᛋ,466
overvaliant,448,0,ᚩᚢᛖᚱᚢᚪᛚᛡᚾᛏ,456
girandolas,448,0,ᚷᛁᚱᚪᚾᛞᚩᛚᚪᛋ,504
recomforts,445,0,ᚱᛖᚳᚩᛗᚠᚩᚱᛏᛋ,301
ketembilla,444,0,ᚳᛖᛏᛖᛗᛒᛁᛚᛚᚪ,612
almandites,444,0,ᚪᛚᛗᚪᚾᛞᛁᛏᛖᛋ,666
leucorrheas,443,0,ᛚᛖᚢᚳᚩᚱᚱᚻᛠᛋ,370
bestubbled,442,0,ᛒᛖᛋᛏᚢᛒᛒᛚᛖᛞ,594
unpathwayed,441,0,ᚢᚾᛈᚪᚦᚹᚪᚣᛖᛞ,552
cunctators,440,0,ᚳᚢᚾᚳᛏᚪᛏᚩᚱᛋ,344
silvervine,438,0,ᛋᛁᛚᚢᛖᚱᚢᛁᚾᛖ,368
plowwright,437,0,ᛈᛚᚩᚹᚹᚱᛁᚷᚻᛏ,302
mischooses,437,0,ᛗᛁᛋᚳᚻᚩᚩᛋᛖᛋ,378
prologuize,436,0,ᛈᚱᚩᛚᚩᚷᚢᛁᛋᛖ,312
beetleweed,435,0,ᛒᛖᛖᛏᛚᛖᚹᛖᛖᛞ,636
gallinacean,432,0,ᚷᚪᛚᛚᛁᚾᚪᚳᛠᚾ,568
submediants,428,0,ᛋᚢᛒᛗᛖᛞᛡᚾᛏᛋ,592
phocomelias,427,0,ᛈᚻᚩᚳᚩᛗᛖᛚᛡᛋ,464
viscidness,424,0,ᚢᛁᛋᚳᛁᛞᚾᛖᛋᛋ,422
unpatrician,421,0,ᚢᚾᛈᚪᛏᚱᛁᚳᛡᚾ,422
calceiform,421,0,ᚳᚪᛚᚳᛖᛁᚠᚩᚱᛗ,385
petroleurs,420,0,ᛈᛖᛏᚱᚩᛚᛖᚢᚱᛋ,394
sawboneses,418,0,ᛋᚪᚹᛒᚩᚾᛖᛋᛖᛋ,506
naumachies,418,0,ᚾᚪᚢᛗᚪᚳᚻᛁᛖᛋ,484
homostylic,418,0,ᚻᚩᛗᚩᛋᛏᚣᛚᛁᚳ,440
orphanship,415,0,ᚩᚱᛈᚻᚪᚾᛋᚻᛁᛈ,360
allopathies,415,0,ᚪᛚᛚᚩᛈᚪᚦᛁᛖᛋ,546
maturement,414,0,ᛗᚪᛏᚢᚱᛖᛗᛖᚾᛏ,534
keratinise,412,0,ᚳᛖᚱᚪᛏᛁᚾᛁᛋᛖ,458
dishwaters,411,0,ᛞᛁᛋᚻᚹᚪᛏᛖᚱᛋ,502
eightsomes,410,0,ᛖᛁᚷᚻᛏᛋᚩᛗᛖᛋ,448
bugleweeds,408,0,ᛒᚢᚷᛚᛖᚹᛖᛖᛞᛋ,516
inkberries,404,0,ᛁᚾᚳᛒᛖᚱᚱᛁᛖᛋ,374
posologies,403,0,ᛈᚩᛋᚩᛚᚩᚷᛁᛖᛋ,358
cockhorses,403,0,ᚳᚩᚳᚳᚻᚩᚱᛋᛖᛋ,260
madderwort,402,0,ᛗᚪᛞᛞᛖᚱᚹᚩᚱᛏ,520
addressful,400,0,ᚪᛞᛞᚱᛖᛋᛋᚠᚢᛚ,537
antonymies,398,0,ᚪᚾᛏᚩᚾᚣᛗᛁᛖᛋ,546
solferinos,396,0,ᛋᚩᛚᚠᛖᚱᛁᚾᚩᛋ,333
lucubrates,395,0,ᛚᚢᚳᚢᛒᚱᚪᛏᛖᛋ,440
vixenishly,393,0,ᚢᛁᛉᛖᚾᛁᛋᚻᛚᚣ,460
trypograph,392,0,ᛏᚱᚣᛈᚩᚷᚱᚪᛈᚻ,414
esuriences,392,0,ᛖᛋᚢᚱᛁᛖᚾᚳᛖᛋ,394
procyonine,391,0,ᛈᚱᚩᚳᚣᚩᚾᛁᚾᛖ,340
overpluses,391,0,ᚩᚢᛖᚱᛈᛚᚢᛋᛖᛋ,380
coltsfoots,389,0,ᚳᚩᛚᛏᛋᚠᚩᚩᛏᛋ,333
mockernuts,386,0,ᛗᚩᚳᚳᛖᚱᚾᚢᛏᛋ,326
gluttonise,386,0,ᚷᛚᚢᛏᛏᚩᚾᛁᛋᛖ,398
algometric,385,0,ᚪᛚᚷᚩᛗᛖᛏᚱᛁᚳ,446
chiromance,384,0,ᚳᚻᛁᚱᚩᛗᚪᚾᚳᛖ,362
horsemints,379,0,ᚻᚩᚱᛋᛖᛗᛁᚾᛏᛋ,404
frangipanes,378,0,ᚠᚱᚪᛝᛁᛈᚪᚾᛖᛋ,509
laparocele,375,0,ᛚᚪᛈᚪᚱᚩᚳᛖᛚᛖ,548
defiliations,374,0,ᛞᛖᚠᛁᛚᛡᛏᛡᚾᛋ,617
recureless,372,0,ᚱᛖᚳᚢᚱᛖᛚᛖᛋᛋ,418
syllogizer,370,0,ᛋᚣᛚᛚᚩᚷᛁᛋᛖᚱ,488
bloodlusts,369,0,ᛒᛚᚩᚩᛞᛚᚢᛋᛏᛋ,478
rhizopodan,368,0,ᚱᚻᛁᛋᚩᛈᚩᛞᚪᚾ,390
costusroot,362,0,ᚳᚩᛋᛏᚢᛋᚱᚩᚩᛏ,272
hierolatry,361,0,ᚻᛁᛖᚱᚩᛚᚪᛏᚱᚣ,482
fluoridize,360,0,ᚠᛚᚢᚩᚱᛁᛞᛁᛋᛖ,367
admittible,360,0,ᚪᛞᛗᛁᛏᛏᛁᛒᛚᛖ,638
cryogenies,359,0,ᚳᚱᚣᚩᚷᛖᚾᛁᛖᛋ,398
advoutrers,356,0,ᚪᛞᚢᚩᚢᛏᚱᛖᚱᛋ,400
styrofoams,355,0,ᛋᛏᚣᚱᚩᚠᚩᚪᛗᛋ,463
infuriations,355,0,ᛁᚾᚠᚢᚱᛡᛏᛡᚾᛋ,431
drawshaves,354,0,ᛞᚱᚪᚹᛋᚻᚪᚢᛖᛋ,512
wantonized,351,0,ᚹᚪᚾᛏᚩᚾᛁᛋᛖᛞ,480
irregulate,350,0,ᛁᚱᚱᛖᚷᚢᛚᚪᛏᛖ,436
mastoidale,348,0,ᛗᚪᛋᛏᚩᛁᛞᚪᛚᛖ,644
bicornuous,347,0,ᛒᛁᚳᚩᚱᚾᚢᚩᚢᛋ,218
homesickly,345,0,ᚻᚩᛗᛖᛋᛁᚳᚳᛚᚣ,454
boxberries,345,0,ᛒᚩᛉᛒᛖᚱᚱᛁᛖᛋ,416
ascendible,345,0,ᚪᛋᚳᛖᚾᛞᛁᛒᛚᛖ,580
madrilenes,344,0,ᛗᚪᛞᚱᛁᛚᛖᚾᛖᛋ,588
luxuriations,341,0,ᛚᚢᛉᚢᚱᛡᛏᛡᚾᛋ,492
serbophobe,337,0,ᛋᛖᚱᛒᚩᛈᚻᚩᛒᛖ,400
pemphigous,337,0,ᛈᛖᛗᛈᚻᛁᚷᚩᚢᛋ,358
hiddenites,334,0,ᚻᛁᛞᛞᛖᚾᛁᛏᛖᛋ,538
carrottops,334,0,ᚳᚪᚱᚱᚩᛏᛏᚩᛈᛋ,360
floatative,333,0,ᚠᛚᚩᚪᛏᚪᛏᛁᚢᛖ,495
blepharism,332,0,ᛒᛚᛖᛈᚻᚪᚱᛁᛋᛗ,530
carrageens,330,0,ᚳᚪᚱᚱᚪᚷᛖᛖᚾᛋ,462
cliquishly,329,0,ᚳᛚᛁᚳᚹᛁᛋᚻᛚᚣ,432
syncytiums,328,0,ᛋᚣᚾᚳᚣᛏᛁᚢᛗᛋ,518
endoplasms,328,0,ᛖᚾᛞᚩᛈᛚᚪᛋᛗᛋ,582
unentreated,325,0,ᚢᚾᛖᚾᛏᚱᛠᛏᛖᛞ,522
endoblasts,324,0,ᛖᚾᛞᚩᛒᛚᚪᛋᛏᛋ,588
bituminise,324,0,ᛒᛁᛏᚢᛗᛁᚾᛁᛋᛖ,436
polysemant,316,0,ᛈᚩᛚᚣᛋᛖᛗᚪᚾᛏ,602
chlamydeous,315,0,ᚳᚻᛚᚪᛗᚣᛞᛇᚢᛋ,566
gawkhammer,314,0,ᚷᚪᚹᚳᚻᚪᛗᛗᛖᚱ,486
moribundly,313,0,ᛗᚩᚱᛁᛒᚢᚾᛞᛚᚣ,478
hygrodeiks,313,0,ᚻᚣᚷᚱᚩᛞᛖᛁᚳᛋ,414
homogenies,312,0,ᚻᚩᛗᚩᚷᛖᚾᛁᛖᛋ,372
pastorhood,308,0,ᛈᚪᛋᛏᚩᚱᚻᚩᚩᛞ,396
disprooved,305,0,ᛞᛁᛋᛈᚱᚩᚩᚢᛖᛞ,400
agrypnotic,305,0,ᚪᚷᚱᚣᛈᚾᚩᛏᛁᚳ,410
arterialise,303,0,ᚪᚱᛏᛖᚱᛡᛚᛁᛋᛖ,576
petcharies,302,0,ᛈᛖᛏᚳᚻᚪᚱᛁᛖᛋ,464
pipistrels,299,0,ᛈᛁᛈᛁᛋᛏᚱᛖᛚᛋ,464
enarthroses,295,0,ᛖᚾᚪᚱᚦᚱᚩᛋᛖᛋ,400
cryometers,295,0,ᚳᚱᚣᚩᛗᛖᛏᛖᚱᛋ,462
adactylous,295,0,ᚪᛞᚪᚳᛏᚣᛚᚩᚢᛋ,594
goatsbeards,292,0,ᚷᚩᚪᛏᛋᛒᛠᚱᛞᛋ,556
unparodied,286,0,ᚢᚾᛈᚪᚱᚩᛞᛁᛖᛞ,466
ventricous,283,0,ᚢᛖᚾᛏᚱᛁᚳᚩᚢᛋ,276
hierograph,281,0,ᚻᛁᛖᚱᚩᚷᚱᚪᛈᚻ,330
footstalls,278,0,ᚠᚩᚩᛏᛋᛏᚪᛚᛚᛋ,483
officiations,277,0,ᚩᚠᚠᛁᚳᛡᛏᛡᚾᛋ,410
hypallages,277,0,ᚻᚣᛈᚪᛚᛚᚪᚷᛖᛋ,646
sowbellies,276,0,ᛋᚩᚹᛒᛖᛚᛚᛁᛖᛋ,504
palingeneses,276,0,ᛈᚪᛚᛝᛖᚾᛖᛋᛖᛋ,628
unconcerns,274,0,ᚢᚾᚳᚩᚾᚳᛖᚱᚾᛋ,254
tailflower,272,0,ᛏᚪᛁᛚᚠᛚᚩᚹᛖᚱ,439
busybodied,269,0,ᛒᚢᛋᚣᛒᚩᛞᛁᛖᛞ,564
strawworms,267,0,ᛋᛏᚱᚪᚹᚹᚩᚱᛗᛋ,400
threescores,265,0,ᚦᚱᛖᛖᛋᚳᚩᚱᛖᛋ,354
poussettes,262,0,ᛈᚩᚢᛋᛋᛖᛏᛏᛖᛋ,464
adventitias,262,0,ᚪᛞᚢᛖᚾᛏᛁᛏᛡᛋ,594
varicellas,258,0,ᚢᚪᚱᛁᚳᛖᛚᛚᚪᛋ,518
gigantisms,256,0,ᚷᛁᚷᚪᚾᛏᛁᛋᛗᛋ,458
vulpecular,254,0,ᚢᚢᛚᛈᛖᚳᚢᛚᚪᚱ,386
fenugreeks,252,0,ᚠᛖᚾᚢᚷᚱᛖᛖᚳᛋ,329
hessonites,251,0,ᚻᛖᛋᛋᚩᚾᛁᛏᛖᛋ,442
gravidness,248,0,ᚷᚱᚪᚢᛁᛞᚾᛖᛋᛋ,450
tasimeters,246,0,ᛏᚪᛋᛁᛗᛖᛏᛖᚱᛋ,568
manubriums,246,0,ᛗᚪᚾᚢᛒᚱᛁᚢᛗᛋ,430
perishless,245,0,ᛈᛖᚱᛁᛋᚻᛚᛖᛋᛋ,474
batteilant,245,0,ᛒᚪᛏᛏᛖᛁᛚᚪᚾᛏ,632
unfallibly,243,0,ᚢᚾᚠᚪᛚᛚᛁᛒᛚᚣ,545
schoolmaam,243,0,ᛋᚳᚻᚩᚩᛚᛗᚪᚪᛗ,512
outlaunced,243,0,ᚩᚢᛏᛚᚪᚢᚾᚳᛖᛞ,440
ruffianisms,241,0,ᚱᚢᚠᚠᛡᚾᛁᛋᛗᛋ,362
orchidalgia,240,0,ᚩᚱᚳᚻᛁᛞᚪᛚᚷᛡ,468
adactylism,239,0,ᚪᛞᚪᚳᛏᚣᛚᛁᛋᛗ,686
palpebrate,238,0,ᛈᚪᛚᛈᛖᛒᚱᚪᛏᛖ,618
subjugable,233,0,ᛋᚢᛒᛂᚢᚷᚪᛒᛚᛖ,472
embroilers,232,0,ᛖᛗᛒᚱᚩᛁᛚᛖᚱᛋ,452
hammerable,229,0,ᚻᚪᛗᛗᛖᚱᚪᛒᛚᛖ,638
unfortuned,220,0,ᚢᚾᚠᚩᚱᛏᚢᚾᛖᛞ,299
dormitorys,220,0,ᛞᚩᚱᛗᛁᛏᚩᚱᚣᛋ,442
estivations,219,0,ᛖᛋᛏᛁᚢᚪᛏᛡᚾᛋ,558
aitchbones,217,0,ᚪᛁᛏᚳᚻᛒᚩᚾᛖᛋ,440
monotonist,215,0,ᛗᚩᚾᚩᛏᚩᚾᛁᛋᛏ,352
stridences,214,0,ᛋᛏᚱᛁᛞᛖᚾᚳᛖᛋ,472
alcoholise,212,0,ᚪᛚᚳᚩᚻᚩᛚᛁᛋᛖ,444
desalinise,211,0,ᛞᛖᛋᚪᛚᛁᚾᛁᛋᛖ,590
bloodworts,208,0,ᛒᛚᚩᚩᛞᚹᚩᚱᛏᛋ,386
symbolatry,207,0,ᛋᚣᛗᛒᚩᛚᚪᛏᚱᚣ,638
barbitones,205,0,ᛒᚪᚱᛒᛁᛏᚩᚾᛖᛋ,476
reprievals,204,0,ᚱᛖᛈᚱᛁᛖᚢᚪᛚᛋ,456
leptotenes,204,0,ᛚᛖᛈᛏᚩᛏᛖᚾᛖᛋ,524
fledgeless,203,0,ᚠᛚᛖᛞᚷᛖᛚᛖᛋᛋ,561
deformitys,203,0,ᛞᛖᚠᚩᚱᛗᛁᛏᚣᛋ,493
toxicognath,201,0,ᛏᚩᛉᛁᚳᚩᚷᚾᚪᚦ,312
ascolichen,200,0,ᚪᛋᚳᚩᛚᛁᚳᚻᛖᚾ,406
creationisms,199,0,ᚳᚱᛠᛏᛡᚾᛁᛋᛗᛋ,536
vasosection,198,0,ᚢᚪᛋᚩᛋᛖᚳᛏᛡᚾ,488
academisms,198,0,ᚪᚳᚪᛞᛖᛗᛁᛋᛗᛋ,642
mockingstock,196,0,ᛗᚩᚳᚳᛝᛋᛏᚩᚳᚳ,328
galactosis,196,0,ᚷᚪᛚᚪᚳᛏᚩᛋᛁᛋ,500
minniebush,195,0,ᛗᛁᚾᚾᛁᛖᛒᚢᛋᚻ,398
verdancies,187,0,ᚢᛖᚱᛞᚪᚾᚳᛁᛖᛋ,460
sellotapes,185,0,ᛋᛖᛚᛚᚩᛏᚪᛈᛖᛋ,592
restharrows,185,0,ᚱᛖᛋᚦᚪᚱᚱᚩᚹᛋ,334
diplotenes,185,0,ᛞᛁᛈᛚᚩᛏᛖᚾᛖᛋ,518
zabagliones,184,0,ᛋᚪᛒᚪᚷᛚᛡᚾᛖᛋ,654
slenderise,184,0,ᛋᛚᛖᚾᛞᛖᚱᛁᛋᛖ,540
cankerweed,179,0,ᚳᚪᚾᚳᛖᚱᚹᛖᛖᛞ,472
crookbacks,178,0,ᚳᚱᚩᚩᚳᛒᚪᚳᚳᛋ,288
sheatfishes,175,0,ᛋᚻᛠᛏᚠᛁᛋᚻᛖᛋ,473
penultimas,174,0,ᛈᛖᚾᚢᛚᛏᛁᛗᚪᛋ,526
sodomitess,173,0,ᛋᚩᛞᚩᛗᛁᛏᛖᛋᛋ,490
dynamitist,172,0,ᛞᚣᚾᚪᛗᛁᛏᛁᛋᛏ,622
unchastest,170,0,ᚢᚾᚳᚻᚪᛋᛏᛖᛋᛏ,456
moneyworts,168,0,ᛗᚩᚾᛖᚣᚹᚩᚱᛏᛋ,426
crazyweeds,168,0,ᚳᚱᚪᛋᚣᚹᛖᛖᛞᛋ,572
prothoraxes,166,0,ᛈᚱᚩᚦᚩᚱᚪᛉᛖᛋ,348
outswagger,166,0,ᚩᚢᛏᛋᚹᚪᚷᚷᛖᚱ,350
dramamines,163,0,ᛞᚱᚪᛗᚪᛗᛁᚾᛖᛋ,616
rabbitweed,160,0,ᚱᚪᛒᛒᛁᛏᚹᛖᛖᛞ,562
corbiestep,160,0,ᚳᚩᚱᛒᛁᛖᛋᛏᛖᛈ,412
scammonies,158,0,ᛋᚳᚪᛗᛗᚩᚾᛁᛖᛋ,492
sedulities,154,0,ᛋᛖᛞᚢᛚᛁᛏᛁᛖᛋ,526
monogynist,154,0,ᛗᚩᚾᚩᚷᚣᚾᛁᛋᛏ,406
coreopsises,153,0,ᚳᚩᚱᛇᛈᛋᛁᛋᛖᛋ,372
hendiadyses,149,0,ᚻᛖᚾᛞᛡᛞᚣᛋᛖᛋ,680
dixielands,147,0,ᛞᛁᛉᛁᛖᛚᚪᚾᛞᛋ,606
fosterages,144,0,ᚠᚩᛋᛏᛖᚱᚪᚷᛖᛋ,433
telegramss,142,0,ᛏᛖᛚᛖᚷᚱᚪᛗᛋᛋ,568
jubilances,142,0,ᛂᚢᛒᛁᛚᚪᚾᚳᛖᛋ,464
brierwoods,141,0,ᛒᚱᛁᛖᚱᚹᚩᚩᛞᛋ,356
motherworts,140,0,ᛗᚩᚦᛖᚱᚹᚩᚱᛏᛋ,310
unfastener,139,0,ᚢᚾᚠᚪᛋᛏᛖᚾᛖᚱ,417
devilships,137,0,ᛞᛖᚢᛁᛚᛋᚻᛁᛈᛋ,466
callithumps,137,0,ᚳᚪᛚᛚᛁᚦᚢᛗᛈᛋ,462
thimblerigs,136,0,ᚦᛁᛗᛒᛚᛖᚱᛁᚷᛋ,420
pastnesses,134,0,ᛈᚪᛋᛏᚾᛖᛋᛋᛖᛋ,574
stickballs,132,0,ᛋᛏᛁᚳᚳᛒᚪᛚᛚᛋ,526
parisology,132,0,ᛈᚪᚱᛁᛋᚩᛚᚩᚷᚣ,442
hagberries,130,0,ᚻᚪᚷᛒᛖᚱᚱᛁᛖᛋ,438
tactilists,129,0,ᛏᚪᚳᛏᛁᛚᛁᛋᛏᛋ,528
gravelweed,129,0,ᚷᚱᚪᚢᛖᛚᚹᛖᛖᛞ,510
tabularise,126,0,ᛏᚪᛒᚢᛚᚪᚱᛁᛋᛖ,552
poignances,125,0,ᛈᚩᛁᚷᚾᚪᚾᚳᛖᛋ,386
monogynies,125,0,ᛗᚩᚾᚩᚷᚣᚾᛁᛖᛋ,414
allogamies,124,0,ᚪᛚᛚᚩᚷᚪᛗᛁᛖᛋ,586
mispickels,122,0,ᛗᛁᛋᛈᛁᚳᚳᛖᛚᛋ,448
safekeepings,121,0,ᛋᚪᚠᛖᚳᛖᛖᛈᛝᛋ,541
polygynies,121,0,ᛈᚩᛚᚣᚷᚣᚾᛁᛖᛋ,526
aquariuses,121,0,ᚪᚳᚹᚪᚱᛁᚢᛋᛖᛋ,444
miterworts,119,0,ᛗᛁᛏᛖᚱᚹᚩᚱᛏᛋ,388
frumenties,119,0,ᚠᚱᚢᛗᛖᚾᛏᛁᛖᛋ,393
aviatresses,119,0,ᚪᚢᛡᛏᚱᛖᛋᛋᛖᛋ,570
colourcast,114,0,ᚳᚩᛚᚩᚢᚱᚳᚪᛋᛏ,336
unbarreled,112,0,ᚢᚾᛒᚪᚱᚱᛖᛚᛖᛞ,508
viridities,111,0,ᚢᛁᚱᛁᛞᛁᛏᛁᛖᛋ,406
argentites,111,0,ᚪᚱᚷᛖᚾᛏᛁᛏᛖᛋ,490
moronities,110,0,ᛗᚩᚱᚩᚾᛁᛏᛁᛖᛋ,366
hirsutisms,110,0,ᚻᛁᚱᛋᚢᛏᛁᛋᛗᛋ,388
urtications,109,0,ᚢᚱᛏᛁᚳᚪᛏᛡᚾᛋ,462
despoticly,109,0,ᛞᛖᛋᛈᚩᛏᛁᚳᛚᚣ,538
cockneyess,107,0,ᚳᚩᚳᚳᚾᛖᚣᛖᛋᛋ,418
moosewoods,106,0,ᛗᚩᚩᛋᛖᚹᚩᚩᛞᛋ,380
tocologies,105,0,ᛏᚩᚳᚩᛚᚩᚷᛁᛖᛋ,334
greenweeds,105,0,ᚷᚱᛖᛖᚾᚹᛖᛖᛞᛋ,486
pimpliness,102,0,ᛈᛁᛗᛈᛚᛁᚾᛖᛋᛋ,494
thysanopter,101,0,ᚦᚣᛋᚪᚾᚩᛈᛏᛖᚱ,474
syphilises,96,0,ᛋᚣᛈᚻᛁᛚᛁᛋᛖᛋ,530
uncrannied,95,0,ᚢᚾᚳᚱᚪᚾᚾᛁᛖᛞ,398
basophilias,95,0,ᛒᚪᛋᚩᛈᚻᛁᛚᛡᛋ,548
amphioxuses,95,0,ᚪᛗᛈᚻᛡᛉᚢᛋᛖᛋ,564
autacoidal,94,0,ᚪᚢᛏᚪᚳᚩᛁᛞᚪᛚ,566
wolfsbanes,93,0,ᚹᚩᛚᚠᛋᛒᚪᚾᛖᛋ,461
unkindlily,91,0,ᚢᚾᚳᛁᚾᛞᛚᛁᛚᚣ,474
damascuses,91,0,ᛞᚪᛗᚪᛋᚳᚢᛋᛖᛋ,596
afterdamps,90,0,ᚪᚠᛏᛖᚱᛞᚪᛗᛈᛋ,589
limewaters,89,0,ᛚᛁᛗᛖᚹᚪᛏᛖᚱᛋ,548
lovingnesses,87,0,ᛚᚩᚢᛝᚾᛖᛋᛋᛖᛋ,484
brachiations,86,0,ᛒᚱᚪᚳᚻᛡᛏᛡᚾᛋ,560
shadflower,85,0,ᛋᚻᚪᛞᚠᛚᚩᚹᛖᚱ,441
cinematise,84,0,ᚳᛁᚾᛖᛗᚪᛏᛁᛋᛖ,518
unrenouncing,82,0,ᚢᚾᚱᛖᚾᚩᚢᚾᚳᛝ,270
sapidities,81,0,ᛋᚪᛈᛁᛞᛁᛏᛁᛖᛋ,554
parheliacal,80,0,ᛈᚪᚱᚻᛖᛚᛡᚳᚪᛚ,604
aepyornises,80,0,ᚫᛈᚣᚩᚱᚾᛁᛋᛖᛋ,498
pinnatiped,78,0,ᛈᛁᚾᚾᚪᛏᛁᛈᛖᛞ,518
paletiology,75,0,ᛈᚪᛚᛖᛏᛡᛚᚩᚷᚣ,646
brookweeds,74,0,ᛒᚱᚩᚩᚳᚹᛖᛖᛞᛋ,394
brooklimes,74,0,ᛒᚱᚩᚩᚳᛚᛁᛗᛖᛋ,394
tacamahacs,73,0,ᛏᚪᚳᚪᛗᚪᚻᚪᚳᛋ,620
swanflower,72,0,ᛋᚹᚪᚾᚠᛚᚩᚹᛖᚱ,377
alkahestic,71,0,ᚪᛚᚳᚪᚻᛖᛋᛏᛁᚳ,526
aetherealised,71,0,ᚫᚦᛖᚱᛠᛚᛁᛋᛖᛞ,606
adenitises,71,0,ᚪᛞᛖᚾᛁᛏᛁᛋᛖᛋ,576
maidenweed,70,0,ᛗᚪᛁᛞᛖᚾᚹᛖᛖᛞ,626
cancerweed,68,0,ᚳᚪᚾᚳᛖᚱᚹᛖᛖᛞ,472
aetherealized,66,0,ᚫᚦᛖᚱᛠᛚᛁᛋᛖᛞ,606
tristearins,64,0,ᛏᚱᛁᛋᛏᛠᚱᛁᚾᛋ,446
saturnisms,64,0,ᛋᚪᛏᚢᚱᚾᛁᛋᛗᛋ,460
verbolatry,61,0,ᚢᛖᚱᛒᚩᛚᚪᛏᚱᚣ,492
raffinoses,60,0,ᚱᚪᚠᚠᛁᚾᚩᛋᛖᛋ,352
whorlywort,59,0,ᚹᚻᚩᚱᛚᚣᚹᚩᚱᛏ,332
tentoriums,57,0,ᛏᛖᚾᛏᚩᚱᛁᚢᛗᛋ,390
autotypies,56,0,ᚪᚢᛏᚩᛏᚣᛈᛁᛖᛋ,522
tichodrome,54,0,ᛏᛁᚳᚻᚩᛞᚱᚩᛗᛖ,378
bibliotists,54,0,ᛒᛁᛒᛚᛡᛏᛁᛋᛏᛋ,588
guidwillie,52,0,ᚷᚢᛁᛞᚹᛁᛚᛚᛁᛖ,434
atonalisms,51,0,ᚪᛏᚩᚾᚪᛚᛁᛋᛗᛋ,570
wisenesses,49,0,ᚹᛁᛋᛖᚾᛖᛋᛋᛖᛋ,492
clapdishes,49,0,ᚳᛚᚪᛈᛞᛁᛋᚻᛖᛋ,542
sylvanites,48,0,ᛋᚣᛚᚢᚪᚾᛁᛏᛖᛋ,568
frontstall,48,0,ᚠᚱᚩᚾᛏᛋᛏᚪᛚᛚ,463
courbarils,46,0,ᚳᚩᚢᚱᛒᚪᚱᛁᛚᛋ,360
praetoriums,44,0,ᛈᚱᚫᛏᚩᚱᛁᚢᛗᛋ,390
rubicelles,41,0,ᚱᚢᛒᛁᚳᛖᛚᛚᛖᛋ,452
crossjacks,41,0,ᚳᚱᚩᛋᛋᛂᚪᚳᚳᛋ,350
