development,683783563,1,ᛞᛖᚢᛖᛚᚩᛈᛗᛖᚾᛏ,575
construction,315588043,1,ᚳᚩᚾᛋᛏᚱᚢᚳᛏᛡᚾ,383
established,279921203,1,ᛖᛋᛏᚪᛒᛚᛁᛋᚻᛖᛞ,673
temperature,261696741,1,ᛏᛖᛗᛈᛖᚱᚪᛏᚢᚱᛖ,555
organization,254504737,1,ᚩᚱᚷᚪᚾᛁᛋᚪᛏᛡᚾ,537
distribution,251240773,1,ᛞᛁᛋᛏᚱᛁᛒᚢᛏᛡᚾ,533
performance,244197441,1,ᛈᛖᚱᚠᚩᚱᛗᚪᚾᚳᛖ,418
significant,212071791,1,ᛋᛁᚷᚾᛁᚠᛁᚳᚪᚾᛏ,392
relationship,194961578,1,ᚱᛖᛚᚪᛏᛡᚾᛋᚻᛁᛈ,593
understanding,172361656,1,ᚢᚾᛞᛖᚱᛋᛏᚪᚾᛞᛝ,605
opportunity,170600712,1,ᚩᛈᛈᚩᚱᛏᚢᚾᛁᛏᚣ,395
individuals,169639543,1,ᛁᚾᛞᛁᚢᛁᛞᚢᚪᛚᛋ,529
independent,167238458,1,ᛁᚾᛞᛖᛈᛖᚾᛞᛖᚾᛏ,599
environment,165664491,1,ᛖᚾᚢᛁᚱᚩᚾᛗᛖᚾᛏ,403
institutions,158672160,1,ᛁᚾᛋᛏᛁᛏᚢᛏᛡᚾᛋ,513
professional,152324799,1,ᛈᚱᚩᚠᛖᛋᛋᛡᚾᚪᛚ,542
differences,151164029,1,ᛞᛁᚠᚠᛖᚱᛖᚾᚳᛖᛋ,431
introduction,150807317,1,ᛁᚾᛏᚱᚩᛞᚢᚳᛏᛡᚾ,437
agriculture,145506960,1,ᚪᚷᚱᛁᚳᚢᛚᛏᚢᚱᛖ,385
applications,142168286,1,ᚪᛈᛈᛚᛁᚳᚪᛏᛡᚾᛋ,645
maintenance,141580971,1,ᛗᚪᛁᚾᛏᛖᚾᚪᚾᚳᛖ,589
constitution,138964773,1,ᚳᚩᚾᛋᛏᛁᛏᚢᛏᛡᚾ,449
responsible,134459657,1,ᚱᛖᛋᛈᚩᚾᛋᛁᛒᛚᛖ,495
improvement,133469560,1,ᛁᛗᛈᚱᚩᚢᛖᛗᛖᚾᛏ,459
compensation,129145009,1,ᚳᚩᛗᛈᛖᚾᛋᚪᛏᛡᚾ,575
represented,128886535,1,ᚱᛖᛈᚱᛖᛋᛖᚾᛏᛖᛞ,563
jurisdiction,117920545,1,ᛂᚢᚱᛁᛋᛞᛁᚳᛏᛡᚾ,463
experiments,115272697,1,ᛖᛉᛈᛖᚱᛁᛗᛖᚾᛏᛋ,545
alternative,109437230,1,ᚪᛚᛏᛖᚱᚾᚪᛏᛁᚢᛖ,593
commissioner,108459611,1,ᚳᚩᛗᛗᛁᛋᛋᛡᚾᛖᚱ,513
manufacturing,108448518,1,ᛗᚪᚾᚢᚠᚪᚳᛏᚢᚱᛝ,464
corresponding,103141957,1,ᚳᚩᚱᚱᛖᛋᛈᚩᚾᛞᛝ,409
possibility,99111639,1,ᛈᚩᛋᛋᛁᛒᛁᛚᛁᛏᚣ,545
observations,98482301,1,ᚩᛒᛋᛖᚱᚢᚪᛏᛡᚾᛋ,547
recommended,96414933,1,ᚱᛖᚳᚩᛗᛗᛖᚾᛞᛖᛞ,581
communities,92584301,1,ᚳᚩᛗᛗᚢᚾᛁᛏᛁᛖᛋ,435
pennsylvania,92520422,1,ᛈᛖᚾᚾᛋᚣᛚᚢᚪᚾᛡ,633
philadelphia,91429985,1,ᛈᚻᛁᛚᚪᛞᛖᛚᛈᚻᛡ,669
nevertheless,88648566,1,ᚾᛖᚢᛖᚱᚦᛖᛚᛖᛋᛋ,495
legislative,87882841,1,ᛚᛖᚷᛁᛋᛚᚪᛏᛁᚢᛖ,571
publications,86189732,1,ᛈᚢᛒᛚᛁᚳᚪᛏᛡᚾᛋ,569
certificate,86172110,1,ᚳᛖᚱᛏᛁᚠᛁᚳᚪᛏᛖ,450
necessarily,86126282,1,ᚾᛖᚳᛖᛋᛋᚪᚱᛁᛚᚣ,597
fundamental,85404219,1,ᚠᚢᚾᛞᚪᛗᛖᚾᛏᚪᛚ,616
governments,84984510,1,ᚷᚩᚢᛖᚱᚾᛗᛖᚾᛏᛋ,413
contribution,84676112,1,ᚳᚩᚾᛏᚱᛁᛒᚢᛏᛡᚾ,409
measurements,79905989,1,ᛗᛠᛋᚢᚱᛖᛗᛖᚾᛏᛋ,593
instructions,79218684,1,ᛁᚾᛋᛏᚱᚢᚳᛏᛡᚾᛋ,447
expenditure,79029941,1,ᛖᛉᛈᛖᚾᛞᛁᛏᚢᚱᛖ,513
instruments,78885909,1,ᛁᚾᛋᛏᚱᚢᛗᛖᚾᛏᛋ,465
consequence,78259894,1,ᚳᚩᚾᛋᛖᚳᚹᛖᚾᚳᛖ,377
legislature,77632533,1,ᛚᛖᚷᛁᛋᛚᚪᛏᚢᚱᛖ,551
experienced,76959864,1,ᛖᛉᛈᛖᚱᛁᛖᚾᚳᛖᛞ,531
appointment,76265650,1,ᚪᛈᛈᚩᛁᚾᛏᛗᛖᚾᛏ,535
distributed,76144563,1,ᛞᛁᛋᛏᚱᛁᛒᚢᛏᛖᛞ,553
conservation,75227911,1,ᚳᚩᚾᛋᛖᚱᚢᚪᛏᛡᚾ,475
statistical,75210523,1,ᛋᛏᚪᛏᛁᛋᛏᛁᚳᚪᛚ,625
requirement,75069199,1,ᚱᛖᚳᚹᛁᚱᛖᛗᛖᚾᛏ,445
constructed,74982718,1,ᚳᚩᚾᛋᛏᚱᚢᚳᛏᛖᛞ,403
illustrated,74882841,1,ᛁᛚᛚᚢᛋᛏᚱᚪᛏᛖᛞ,615
distinguished,74544470,1,ᛞᛁᛋᛏᛝᚢᛁᛋᚻᛖᛞ,577
departments,73991086,1,ᛞᛖᛈᚪᚱᛏᛗᛖᚾᛏᛋ,645
experiences,71274531,1,ᛖᛉᛈᛖᚱᛁᛖᚾᚳᛖᛋ,495
preliminary,70051293,1,ᛈᚱᛖᛚᛁᛗᛁᚾᚪᚱᚣ,567
transferred,69644223,1,ᛏᚱᚪᚾᛋᚠᛖᚱᚱᛖᛞ,496
accompanied,69591903,1,ᚪᚳᚳᚩᛗᛈᚪᚾᛁᛖᛞ,557
practically,69538315,1,ᛈᚱᚪᚳᛏᛁᚳᚪᛚᛚᚣ,613
manufacture,69052056,1,ᛗᚪᚾᚢᚠᚪᚳᛏᚢᚱᛖ,452
enforcement,68693727,1,ᛖᚾᚠᚩᚱᚳᛖᛗᛖᚾᛏ,422
transmission,68512389,1,ᛏᚱᚪᚾᛋᛗᛁᛋᛋᛡᚾ,593
conversation,68503588,1,ᚳᚩᚾᚢᛖᚱᛋᚪᛏᛡᚾ,475
arrangements,68499568,1,ᚪᚱᚱᚪᛝᛖᛗᛖᚾᛏᛋ,641
perspective,67117809,1,ᛈᛖᚱᛋᛈᛖᚳᛏᛁᚢᛖ,457
corporations,67099053,1,ᚳᚩᚱᛈᚩᚱᚪᛏᛡᚾᛋ,437
probability,66104907,1,ᛈᚱᚩᛒᚪᛒᛁᛚᛁᛏᚣ,577
registration,65486563,1,ᚱᛖᚷᛁᛋᛏᚱᚪᛏᛡᚾ,541
transactions,64797196,1,ᛏᚱᚪᚾᛋᚪᚳᛏᛡᚾᛋ,607
satisfaction,63413032,1,ᛋᚪᛏᛁᛋᚠᚪᚳᛏᛡᚾ,600
appropriation,60536776,1,ᚪᛈᛈᚱᚩᛈᚱᛡᛏᛡᚾ,557
occasionally,58970002,1,ᚩᚳᚳᚪᛋᛡᚾᚪᛚᛚᚣ,665
presentation,56687307,1,ᛈᚱᛖᛋᛖᚾᛏᚪᛏᛡᚾ,621
partnership,56557010,1,ᛈᚪᚱᛏᚾᛖᚱᛋᚻᛁᛈ,467
conventional,56007048,1,ᚳᚩᚾᚢᛖᚾᛏᛡᚾᚪᛚ,513
effectively,55393260,1,ᛖᚠᚠᛖᚳᛏᛁᚢᛖᛚᚣ,487
comparative,55164397,1,ᚳᚩᛗᛈᚪᚱᚪᛏᛁᚢᛖ,499
personality,54897940,1,ᛈᛖᚱᛋᚩᚾᚪᛚᛁᛏᚣ,573
competitive,54572217,1,ᚳᚩᛗᛈᛖᛏᛁᛏᛁᚢᛖ,451
inhabitants,54027772,1,ᛁᚾᚻᚪᛒᛁᛏᚪᚾᛏᛋ,569
intermediate,53793213,1,ᛁᚾᛏᛖᚱᛗᛖᛞᛡᛏᛖ,657
electricity,52527458,1,ᛖᛚᛖᚳᛏᚱᛁᚳᛁᛏᚣ,527
restrictions,51109179,1,ᚱᛖᛋᛏᚱᛁᚳᛏᛡᚾᛋ,493
cooperative,50938253,1,ᚳᚩᚩᛈᛖᚱᚪᛏᛁᚢᛖ,405
implications,50617272,1,ᛁᛗᛈᛚᛁᚳᚪᛏᛡᚾᛋ,607
contributed,50320272,1,ᚳᚩᚾᛏᚱᛁᛒᚢᛏᛖᛞ,429
mississippi,48990434,1,ᛗᛁᛋᛋᛁᛋᛋᛁᛈᛈᛁ,493
intervention,48952828,1,ᛁᚾᛏᛖᚱᚢᛖᚾᛏᛡᚾ,491
headquarters,46901508,1,ᚻᛠᛞᚳᚹᚪᚱᛏᛖᚱᛋ,551
differential,46322596,1,ᛞᛁᚠᚠᛖᚱᛖᚾᛏᛡᛚ,537
equilibrium,46027753,1,ᛖᚳᚹᛁᛚᛁᛒᚱᛁᚢᛗ,411
investments,45796904,1,ᛁᚾᚢᛖᛋᛏᛗᛖᚾᛏᛋ,521
participate,45378004,1,ᛈᚪᚱᛏᛁᚳᛁᛈᚪᛏᛖ,551
enterprises,45366190,1,ᛖᚾᛏᛖᚱᛈᚱᛁᛋᛖᛋ,491
demonstrate,45179536,1,ᛞᛖᛗᚩᚾᛋᛏᚱᚪᛏᛖ,609
installation,43999382,1,ᛁᚾᛋᛏᚪᛚᛚᚪᛏᛡᚾ,707
involvement,43528939,1,ᛁᚾᚢᚩᛚᚢᛖᛗᛖᚾᛏ,439
mathematical,42782253,1,ᛗᚪᚦᛖᛗᚪᛏᛁᚳᚪᛚ,681
achievement,42243128,1,ᚪᚳᚻᛁᛖᚢᛖᛗᛖᚾᛏ,527
complicated,41718654,1,ᚳᚩᛗᛈᛚᛁᚳᚪᛏᛖᛞ,563
interactions,41717821,1,ᛁᚾᛏᛖᚱᚪᚳᛏᛡᚾᛋ,555
progressive,41308692,1,ᛈᚱᚩᚷᚱᛖᛋᛋᛁᚢᛖ,363
undoubtedly,40822360,1,ᚢᚾᛞᚩᚢᛒᛏᛖᛞᛚᚣ,583
modification,40490979,1,ᛗᚩᛞᛁᚠᛁᚳᚪᛏᛡᚾ,536
organisation,40164085,1,ᚩᚱᚷᚪᚾᛁᛋᚪᛏᛡᚾ,537
bibliography,40146337,1,ᛒᛁᛒᛚᛡᚷᚱᚪᛈᚻᚣ,627
exclusively,39941475,1,ᛖᛉᚳᛚᚢᛋᛁᚢᛖᛚᚣ,533
commodities,39781949,1,ᚳᚩᛗᛗᚩᛞᛁᛏᛁᛖᛋ,499
preservation,39591603,1,ᛈᚱᛖᛋᛖᚱᚢᚪᛏᛡᚾ,547
continental,39046111,1,ᚳᚩᚾᛏᛁᚾᛖᚾᛏᚪᛚ,493
christianity,38970866,1,ᚳᚻᚱᛁᛋᛏᛡᚾᛁᛏᚣ,519
calculations,38871565,1,ᚳᚪᛚᚳᚢᛚᚪᛏᛡᚾᛋ,617
connecticut,38638207,1,ᚳᚩᚾᚾᛖᚳᛏᛁᚳᚢᛏ,323
respondents,38412875,1,ᚱᛖᛋᛈᚩᚾᛞᛖᚾᛏᛋ,507
replacement,38367741,1,ᚱᛖᛈᛚᚪᚳᛖᛗᛖᚾᛏ,597
photographs,38090906,1,ᛈᚻᚩᛏᚩᚷᚱᚪᛈᚻᛋ,383
congressional,37971749,1,ᚳᚩᛝᚱᛖᛋᛋᛡᚾᚪᛚ,589
unnecessary,37569283,1,ᚢᚾᚾᛖᚳᛖᛋᛋᚪᚱᚣ,525
expectations,37348157,1,ᛖᛉᛈᛖᚳᛏᚪᛏᛡᚾᛋ,641
occupational,37241276,1,ᚩᚳᚳᚢᛈᚪᛏᛡᚾᚪᛚ,541
transmitted,37002786,1,ᛏᚱᚪᚾᛋᛗᛁᛏᛏᛖᛞ,625
sensitivity,36452918,1,ᛋᛖᚾᛋᛁᛏᛁᚢᛁᛏᚣ,519
interpreted,36147924,1,ᛁᚾᛏᛖᚱᛈᚱᛖᛏᛖᛞ,533
illustration,36134130,1,ᛁᛚᛚᚢᛋᛏᚱᚪᛏᛡᚾ,595
controversy,36041774,1,ᚳᚩᚾᛏᚱᚩᚢᛖᚱᛋᚣ,363
territories,35656468,1,ᛏᛖᚱᚱᛁᛏᚩᚱᛁᛖᛋ,407
comfortable,35423113,1,ᚳᚩᛗᚠᚩᚱᛏᚪᛒᛚᛖ,468
encountered,35206511,1,ᛖᚾᚳᚩᚢᚾᛏᛖᚱᛖᛞ,441
constituted,35204659,1,ᚳᚩᚾᛋᛏᛁᛏᚢᛏᛖᛞ,469
civilization,35061013,1,ᚳᛁᚢᛁᛚᛁᛋᚪᛏᛡᚾ,527
anticipated,34954508,1,ᚪᚾᛏᛁᚳᛁᛈᚪᛏᛖᛞ,615
intelligent,34754742,1,ᛁᚾᛏᛖᛚᛚᛁᚷᛖᚾᛏ,535
uncertainty,34641187,1,ᚢᚾᚳᛖᚱᛏᚪᛁᚾᛏᚣ,501
descriptions,34579886,1,ᛞᛖᛋᚳᚱᛁᛈᛏᛡᚾᛋ,555
investigate,33999478,1,ᛁᚾᚢᛖᛋᛏᛁᚷᚪᛏᛖ,513
constitutes,33376249,1,ᚳᚩᚾᛋᛏᛁᛏᚢᛏᛖᛋ,433
examinations,33247983,1,ᛖᛉᚪᛗᛁᚾᚪᛏᛡᚾᛋ,687
contractors,32900150,1,ᚳᚩᚾᛏᚱᚪᚳᛏᚩᚱᛋ,359
coordination,32575151,1,ᚳᚩᚩᚱᛞᛁᚾᚪᛏᛡᚾ,479
preparations,31973881,1,ᛈᚱᛖᛈᚪᚱᚪᛏᛡᚾᛋ,617
merchandise,31930353,1,ᛗᛖᚱᚳᚻᚪᚾᛞᛁᛋᛖ,551
implemented,31783526,1,ᛁᛗᛈᛚᛖᛗᛖᚾᛏᛖᛞ,667
appropriated,31715873,1,ᚪᛈᛈᚱᚩᛈᚱᛡᛏᛖᛞ,577
subscription,31353014,1,ᛋᚢᛒᛋᚳᚱᛁᛈᛏᛡᚾ,463
geographical,31286823,1,ᚷᛇᚷᚱᚪᛈᚻᛁᚳᚪᛚ,463
switzerland,31009787,1,ᛋᚹᛁᛏᛋᛖᚱᛚᚪᚾᛞ,581
underground,30795514,1,ᚢᚾᛞᛖᚱᚷᚱᚩᚢᚾᛞ,355
constraints,30495467,1,ᚳᚩᚾᛋᛏᚱᚪᛁᚾᛏᛋ,441
convenience,30404358,1,ᚳᚩᚾᚢᛖᚾᛁᛖᚾᚳᛖ,355
consultation,30028623,1,ᚳᚩᚾᛋᚢᛚᛏᚪᛏᛡᚾ,529
substituted,30025174,1,ᛋᚢᛒᛋᛏᛁᛏᚢᛏᛖᛞ,537
reproduction,29694219,1,ᚱᛖᛈᚱᚩᛞᚢᚳᛏᛡᚾ,439
presidential,29465120,1,ᛈᚱᛖᛋᛁᛞᛖᚾᛏᛡᛚ,629
scholarship,29183032,1,ᛋᚳᚻᚩᛚᚪᚱᛋᚻᛁᛈ,427
coefficients,29078488,1,ᚳᛟᚠᚠᛁᚳᛁᛖᚾᛏᛋ,383
atmospheric,28962596,1,ᚪᛏᛗᚩᛋᛈᚻᛖᚱᛁᚳ,475
particulars,28945342,1,ᛈᚪᚱᛏᛁᚳᚢᛚᚪᚱᛋ,491
flexibility,28649293,1,ᚠᛚᛖᛉᛁᛒᛁᛚᛁᛏᚣ,578
accumulation,28609543,1,ᚪᚳᚳᚢᛗᚢᛚᚪᛏᛡᚾ,565
approximate,28528218,1,ᚪᛈᛈᚱᚩᛉᛁᛗᚪᛏᛖ,573
assessments,28359831,1,ᚪᛋᛋᛖᛋᛋᛗᛖᚾᛏᛋ,655
combinations,27990578,1,ᚳᚩᛗᛒᛁᚾᚪᛏᛡᚾᛋ,557
communicate,27903703,1,ᚳᚩᛗᛗᚢᚾᛁᚳᚪᛏᛖ,461
authorization,27731006,1,ᚪᚢᚦᚩᚱᛁᛋᚪᛏᛡᚾ,499
longitudinal,27610151,1,ᛚᚩᛝᛁᛏᚢᛞᛁᚾᚪᛚ,571
conferences,27564909,1,ᚳᚩᚾᚠᛖᚱᛖᚾᚳᛖᛋ,358
participating,27536127,1,ᛈᚪᚱᛏᛁᚳᛁᛈᚪᛏᛝ,563
affirmative,27462931,1,ᚪᚠᚠᛁᚱᛗᚪᛏᛁᚢᛖ,471
respiratory,27315898,1,ᚱᛖᛋᛈᛁᚱᚪᛏᚩᚱᚣ,493
adjustments,27269200,1,ᚪᛞᛂᚢᛋᛏᛗᛖᚾᛏᛋ,617
acknowledge,27060520,1,ᚪᚳᚳᚾᚩᚹᛚᛖᛞᚷᛖ,491
continually,26825371,1,ᚳᚩᚾᛏᛁᚾᚢᚪᛚᛚᚣ,517
frequencies,26659302,1,ᚠᚱᛖᚳᚹᛖᚾᚳᛁᛖᛋ,372
principally,26450562,1,ᛈᚱᛁᚾᚳᛁᛈᚪᛚᛚᚣ,547
transformed,26061658,1,ᛏᚱᚪᚾᛋᚠᚩᚱᛗᛖᛞ,496
philippines,25930919,1,ᛈᚻᛁᛚᛁᛈᛈᛁᚾᛖᛋ,467
unfortunate,25670642,1,ᚢᚾᚠᚩᚱᛏᚢᚾᚪᛏᛖ,366
corresponds,25598346,1,ᚳᚩᚱᚱᛖᛋᛈᚩᚾᛞᛋ,383
continuation,25460221,1,ᚳᚩᚾᛏᛁᚾᚢᚪᛏᛡᚾ,463
prospective,25440345,1,ᛈᚱᚩᛋᛈᛖᚳᛏᛁᚢᛖ,397
electronics,25366769,1,ᛖᛚᛖᚳᛏᚱᚩᚾᛁᚳᛋ,423
proportional,25351453,1,ᛈᚱᚩᛈᚩᚱᛏᛡᚾᚪᛚ,487
comparisons,25322363,1,ᚳᚩᛗᛈᚪᚱᛁᛋᚩᚾᛋ,415
accumulated,25038771,1,ᚪᚳᚳᚢᛗᚢᛚᚪᛏᛖᛞ,585
supervisors,25003585,1,ᛋᚢᛈᛖᚱᚢᛁᛋᚩᚱᛋ,335
procurement,24849323,1,ᛈᚱᚩᚳᚢᚱᛖᛗᛖᚾᛏ,381
settlements,24738031,1,ᛋᛖᛏᛏᛚᛖᛗᛖᚾᛏᛋ,657
distinctive,24301892,1,ᛞᛁᛋᛏᛁᚾᚳᛏᛁᚢᛖ,465
illustrates,24153962,1,ᛁᛚᛚᚢᛋᛏᚱᚪᛏᛖᛋ,579
citizenship,24110811,1,ᚳᛁᛏᛁᛋᛖᚾᛋᚻᛁᛈ,433
concentrate,24083997,1,ᚳᚩᚾᚳᛖᚾᛏᚱᚪᛏᛖ,451
descriptive,23302944,1,ᛞᛖᛋᚳᚱᛁᛈᛏᛁᚢᛖ,467
inheritance,23139128,1,ᛁᚾᚻᛖᚱᛁᛏᚪᚾᚳᛖ,457
disturbance,22850800,1,ᛞᛁᛋᛏᚢᚱᛒᚪᚾᚳᛖ,513
substitution,22764525,1,ᛋᚢᛒᛋᛏᛁᛏᚢᛏᛡᚾ,517
differently,22499730,1,ᛞᛁᚠᚠᛖᚱᛖᚾᛏᛚᚣ,533
sovereignty,22291315,1,ᛋᚩᚢᛖᚱᛖᛁᚷᚾᛏᚣ,447
practicable,22258372,1,ᛈᚱᚪᚳᛏᛁᚳᚪᛒᛚᛖ,565
magnificent,22233015,1,ᛗᚪᚷᚾᛁᚠᛁᚳᛖᚾᛏ,446
advancement,22170598,1,ᚪᛞᚢᚪᚾᚳᛖᛗᛖᚾᛏ,621
extensively,22159304,1,ᛖᛉᛏᛖᚾᛋᛁᚢᛖᛚᚣ,599
interrupted,22158088,1,ᛁᚾᛏᛖᚱᚱᚢᛈᛏᛖᛞ,469
temporarily,22147490,1,ᛏᛖᛗᛈᚩᚱᚪᚱᛁᛚᚣ,573
permanently,21817485,1,ᛈᛖᚱᛗᚪᚾᛖᚾᛏᛚᚣ,649
confirmation,21593937,1,ᚳᚩᚾᚠᛁᚱᛗᚪᛏᛡᚾ,456
explanations,21128663,1,ᛖᛉᛈᛚᚪᚾᚪᛏᛡᚾᛋ,701
christopher,20954520,1,ᚳᚻᚱᛁᛋᛏᚩᛈᚻᛖᚱ,341
consistency,20790461,1,ᚳᚩᚾᛋᛁᛋᛏᛖᚾᚳᚣ,457
unreasonable,20721512,1,ᚢᚾᚱᛠᛋᚩᚾᚪᛒᛚᛖ,539
destructive,20649743,1,ᛞᛖᛋᛏᚱᚢᚳᛏᛁᚢᛖ,455
subordinate,20629500,1,ᛋᚢᛒᚩᚱᛞᛁᚾᚪᛏᛖ,507
manuscripts,20501433,1,ᛗᚪᚾᚢᛋᚳᚱᛁᛈᛏᛋ,463
notification,20406206,1,ᚾᚩᛏᛁᚠᛁᚳᚪᛏᛡᚾ,464
qualitative,20366861,1,ᚳᚹᚪᛚᛁᛏᚪᛏᛁᚢᛖ,549
accommodate,20320753,1,ᚪᚳᚳᚩᛗᛗᚩᛞᚪᛏᛖ,591
ascertained,20264879,1,ᚪᛋᚳᛖᚱᛏᚪᛁᚾᛖᛞ,613
unpublished,20223485,1,ᚢᚾᛈᚢᛒᛚᛁᛋᚻᛖᛞ,475
conspicuous,20185824,1,ᚳᚩᚾᛋᛈᛁᚳᚢᚩᚢᛋ,255
incorporate,20184984,1,ᛁᚾᚳᚩᚱᛈᚩᚱᚪᛏᛖ,375
complainant,20171560,1,ᚳᚩᛗᛈᛚᚪᛁᚾᚪᚾᛏ,549
derivatives,20167743,1,ᛞᛖᚱᛁᚢᚪᛏᛁᚢᛖᛋ,511
eligibility,20134412,1,ᛖᛚᛁᚷᛁᛒᛁᛚᛁᛏᚣ,577
handicapped,20091986,1,ᚻᚪᚾᛞᛁᚳᚪᛈᛈᛖᛞ,621
westminster,19923810,1,ᚹᛖᛋᛏᛗᛁᚾᛋᛏᛖᚱ,519
fluctuations,19917373,1,ᚠᛚᚢᚳᛏᚢᚪᛏᛡᚾᛋ,498
anniversary,19909858,1,ᚪᚾᚾᛁᚢᛖᚱᛋᚪᚱᚣ,531
preferences,19615299,1,ᛈᚱᛖᚠᛖᚱᛖᚾᚳᛖᛋ,430
susceptible,19610996,1,ᛋᚢᛋᚳᛖᛈᛏᛁᛒᛚᛖ,523
photography,19579712,1,ᛈᚻᚩᛏᚩᚷᚱᚪᛈᚻᚣ,433
fortunately,19570073,1,ᚠᚩᚱᛏᚢᚾᚪᛏᛖᛚᚣ,510
assignments,19495355,1,ᚪᛋᛋᛁᚷᚾᛗᛖᚾᛏᛋ,559
exploitation,19385793,1,ᛖᛉᛈᛚᚩᛁᛏᚪᛏᛡᚾ,619
sustainable,19345034,1,ᛋᚢᛋᛏᚪᛁᚾᚪᛒᛚᛖ,623
renaissance,18641041,1,ᚱᛖᚾᚪᛁᛋᛋᚪᚾᚳᛖ,547
intercourse,18587379,1,ᛁᚾᛏᛖᚱᚳᚩᚢᚱᛋᛖ,351
generalized,18492092,1,ᚷᛖᚾᛖᚱᚪᛚᛁᛋᛖᛞ,601
participant,18405089,1,ᛈᚪᚱᛏᛁᚳᛁᛈᚪᚾᛏ,513
transported,18332746,1,ᛏᚱᚪᚾᛋᛈᚩᚱᛏᛖᛞ,525
simultaneous,18085684,1,ᛋᛁᛗᚢᛚᛏᚪᚾᛇᚢᛋ,513
philosopher,17995692,1,ᛈᚻᛁᛚᚩᛋᚩᛈᚻᛖᚱ,381
acceleration,17981020,1,ᚪᚳᚳᛖᛚᛖᚱᚪᛏᛡᚾ,633
confidential,17887998,1,ᚳᚩᚾᚠᛁᛞᛖᚾᛏᛡᛚ,506
transparent,17826925,1,ᛏᚱᚪᚾᛋᛈᚪᚱᛖᚾᛏ,555
intersection,17729042,1,ᛁᚾᛏᛖᚱᛋᛖᚳᛏᛡᚾ,525
northwestern,17678541,1,ᚾᚩᚱᚦᚹᛖᛋᛏᛖᚱᚾ,357
proclamation,17674162,1,ᛈᚱᚩᚳᛚᚪᛗᚪᛏᛡᚾ,607
commitments,17530145,1,ᚳᚩᛗᛗᛁᛏᛗᛖᚾᛏᛋ,531
inflammation,17490820,1,ᛁᚾᚠᛚᚪᛗᛗᚪᛏᛡᚾ,666
comptroller,17488152,1,ᚳᚩᛗᛈᛏᚱᚩᛚᛚᛖᚱ,435
politically,17438152,1,ᛈᚩᛚᛁᛏᛁᚳᚪᛚᛚᚣ,603
commissioned,17398634,1,ᚳᚩᛗᛗᛁᛋᛋᛡᚾᛖᛞ,591
consecutive,17273506,1,ᚳᚩᚾᛋᛖᚳᚢᛏᛁᚢᛖ,345
anthropology,17124115,1,ᚪᚾᚦᚱᚩᛈᚩᛚᚩᚷᚣ,399
missionaries,17108672,1,ᛗᛁᛋᛋᛡᚾᚪᚱᛁᛖᛋ,603
competitors,17098659,1,ᚳᚩᛗᛈᛖᛏᛁᛏᚩᚱᛋ,421
percentages,17096264,1,ᛈᛖᚱᚳᛖᚾᛏᚪᚷᛖᛋ,523
hereinafter,16912438,1,ᚻᛖᚱᛖᛁᚾᚪᚠᛏᛖᚱ,464
accelerated,16802827,1,ᚪᚳᚳᛖᛚᛖᚱᚪᛏᛖᛞ,653
additionally,16729809,1,ᚪᛞᛞᛁᛏᛡᚾᚪᛚᛚᚣ,847
reservations,16621366,1,ᚱᛖᛋᛖᚱᚢᚪᛏᛡᚾᛋ,557
indianapolis,16534725,1,ᛁᚾᛞᛡᚾᚪᛈᚩᛚᛁᛋ,589
constituent,16529275,1,ᚳᚩᚾᛋᛏᛁᛏᚢᛖᚾᛏ,409
cylindrical,16391580,1,ᚳᚣᛚᛁᚾᛞᚱᛁᚳᚪᛚ,563
efficiently,16365675,1,ᛖᚠᚠᛁᚳᛁᛖᚾᛏᛚᚣ,477
verification,16245642,1,ᚢᛖᚱᛁᚠᛁᚳᚪᛏᛡᚾ,450
crystalline,16216936,1,ᚳᚱᚣᛋᛏᚪᛚᛚᛁᚾᛖ,609
prescription,16189027,1,ᛈᚱᛖᛋᚳᚱᛁᛈᛏᛡᚾ,467
discoveries,16170792,1,ᛞᛁᛋᚳᚩᚢᛖᚱᛁᛖᛋ,425
subscribers,16146169,1,ᛋᚢᛒᛋᚳᚱᛁᛒᛖᚱᛋ,417
substantive,16135350,1,ᛋᚢᛒᛋᛏᚪᚾᛏᛁᚢᛖ,515
compositions,16135127,1,ᚳᚩᛗᛈᚩᛋᛁᛏᛡᚾᛋ,473
coordinates,16090427,1,ᚳᚩᚩᚱᛞᛁᚾᚪᛏᛖᛋ,463
investigating,16029431,1,ᛁᚾᚢᛖᛋᛏᛁᚷᚪᛏᛝ,525
instability,16010602,1,ᛁᚾᛋᛏᚪᛒᛁᛚᛁᛏᚣ,627
consultants,15999168,1,ᚳᚩᚾᛋᚢᛚᛏᚪᚾᛏᛋ,475
descendants,15725619,1,ᛞᛖᛋᚳᛖᚾᛞᚪᚾᛏᛋ,645
dissertation,15606279,1,ᛞᛁᛋᛋᛖᚱᛏᚪᛏᛡᚾ,655
recruitment,15570857,1,ᚱᛖᚳᚱᚢᛁᛏᛗᛖᚾᛏ,421
voluntarily,15570483,1,ᚢᚩᛚᚢᚾᛏᚪᚱᛁᛚᚣ,489
entertained,15504724,1,ᛖᚾᛏᛖᚱᛏᚪᛁᚾᛖᛞ,605
evolutionary,15392844,1,ᛖᚢᚩᛚᚢᛏᛡᚾᚪᚱᚣ,559
propositions,15315453,1,ᛈᚱᚩᛈᚩᛋᛁᛏᛡᚾᛋ,443
continuance,15233556,1,ᚳᚩᚾᛏᛁᚾᚢᚪᚾᚳᛖ,377
subsistence,15186282,1,ᛋᚢᛒᛋᛁᛋᛏᛖᚾᚳᛖ,489
establishes,15141602,1,ᛖᛋᛏᚪᛒᛚᛁᛋᚻᛖᛋ,637
southwestern,15063681,1,ᛋᚩᚢᚦᚹᛖᛋᛏᛖᚱᚾ,373
practitioner,15034267,1,ᛈᚱᚪᚳᛏᛁᛏᛡᚾᛖᚱ,527
restaurants,15022814,1,ᚱᛖᛋᛏᚪᚢᚱᚪᚾᛏᛋ,539
coordinated,15006813,1,ᚳᚩᚩᚱᛞᛁᚾᚪᛏᛖᛞ,499
resemblance,14990009,1,ᚱᛖᛋᛖᛗᛒᛚᚪᚾᚳᛖ,609
descriptors,14824783,1,ᛞᛖᛋᚳᚱᛁᛈᛏᚩᚱᛋ,437
translations,14812919,1,ᛏᚱᚪᚾᛋᛚᚪᛏᛡᚾᛋ,667
accessories,14767016,1,ᚪᚳᚳᛖᛋᛋᚩᚱᛁᛖᛋ,465
respectable,14728752,1,ᚱᛖᛋᛈᛖᚳᛏᚪᛒᛚᛖ,611
optimization,14607919,1,ᚩᛈᛏᛁᛗᛁᛋᚪᛏᛡᚾ,587
condemnation,14579588,1,ᚳᚩᚾᛞᛖᛗᚾᚪᛏᛡᚾ,597
manipulation,14522866,1,ᛗᚪᚾᛁᛈᚢᛚᚪᛏᛡᚾ,639
universally,14399047,1,ᚢᚾᛁᚢᛖᚱᛋᚪᛚᛚᚣ,543
contributes,14341680,1,ᚳᚩᚾᛏᚱᛁᛒᚢᛏᛖᛋ,393
magistrates,14325990,1,ᛗᚪᚷᛁᛋᛏᚱᚪᛏᛖᛋ,615
automobiles,14290748,1,ᚪᚢᛏᚩᛗᚩᛒᛁᛚᛖᛋ,529
deterioration,14265317,1,ᛞᛖᛏᛖᚱᛡᚱᚪᛏᛡᚾ,703
demographic,14259437,1,ᛞᛖᛗᚩᚷᚱᚪᛈᚻᛁᚳ,469
enhancement,14118109,1,ᛖᚾᚻᚪᚾᚳᛖᛗᛖᚾᛏ,551
convergence,14058802,1,ᚳᚩᚾᚢᛖᚱᚷᛖᚾᚳᛖ,323
presbyterian,13940988,1,ᛈᚱᛖᛋᛒᚣᛏᛖᚱᛡᚾ,611
sociological,13926095,1,ᛋᚩᚳᛡᛚᚩᚷᛁᚳᚪᛚ,491
distinctions,13904039,1,ᛞᛁᛋᛏᛁᚾᚳᛏᛡᚾᛋ,553
contractual,13830889,1,ᚳᚩᚾᛏᚱᚪᚳᛏᚢᚪᛚ,461
indifferent,13821974,1,ᛁᚾᛞᛁᚠᚠᛖᚱᛖᚾᛏ,417
republicans,13779147,1,ᚱᛖᛈᚢᛒᛚᛁᚳᚪᚾᛋ,481
precipitate,13762723,1,ᛈᚱᛖᚳᛁᛈᛁᛏᚪᛏᛖ,521
preparatory,13757022,1,ᛈᚱᛖᛈᚪᚱᚪᛏᚩᚱᚣ,549
terminology,13754122,1,ᛏᛖᚱᛗᛁᚾᚩᛚᚩᚷᚣ,475
resurrection,13753693,1,ᚱᛖᛋᚢᚱᚱᛖᚳᛏᛡᚾ,431
secretaries,13741998,1,ᛋᛖᚳᚱᛖᛏᚪᚱᛁᛖᛋ,529
supervisory,13740590,1,ᛋᚢᛈᛖᚱᚢᛁᛋᚩᚱᚣ,385
interactive,13728547,1,ᛁᚾᛏᛖᚱᚪᚳᛏᛁᚢᛖ,467
countenance,13695204,1,ᚳᚩᚢᚾᛏᛖᚾᚪᚾᚳᛖ,413
confederate,13621537,1,ᚳᚩᚾᚠᛖᛞᛖᚱᚪᛏᛖ,508
importantly,13549489,1,ᛁᛗᛈᚩᚱᛏᚪᚾᛏᛚᚣ,583
disciplines,13404203,1,ᛞᛁᛋᚳᛁᛈᛚᛁᚾᛖᛋ,513
abandonment,13378474,1,ᚪᛒᚪᚾᛞᚩᚾᛗᛖᚾᛏ,635
purification,13337384,1,ᛈᚢᚱᛁᚠᛁᚳᚪᛏᛡᚾ,426
hypertension,13334758,1,ᚻᚣᛈᛖᚱᛏᛖᚾᛋᛡᚾ,591
restrictive,13329850,1,ᚱᛖᛋᛏᚱᛁᚳᛏᛁᚢᛖ,405
polarization,13325623,0,ᛈᚩᛚᚪᚱᛁᛋᚪᛏᛡᚾ,607
enlargement,13319006,1,ᛖᚾᛚᚪᚱᚷᛖᛗᛖᚾᛏ,587
permissible,13305574,1,ᛈᛖᚱᛗᛁᛋᛋᛁᛒᛚᛖ,561
afghanistan,13278113,1,ᚪᚠᚷᚻᚪᚾᛁᛋᛏᚪᚾ,534
illumination,13256672,1,ᛁᛚᛚᚢᛗᛁᚾᚪᛏᛡᚾ,603
correlations,13220055,1,ᚳᚩᚱᚱᛖᛚᚪᛏᛡᚾᛋ,527
interviewed,13155912,1,ᛁᚾᛏᛖᚱᚢᛁᛖᚹᛖᛞ,473
communicating,13152348,1,ᚳᚩᛗᛗᚢᚾᛁᚳᚪᛏᛝ,473
unanimously,13127858,1,ᚢᚾᚪᚾᛁᛗᚩᚢᛋᛚᚣ,499
advantageous,13010914,1,ᚪᛞᚢᚪᚾᛏᚪᚷᛇᚢᛋ,585
microscopic,12993293,0,ᛗᛁᚳᚱᚩᛋᚳᚩᛈᛁᚳ,293
adolescents,12887145,1,ᚪᛞᚩᛚᛖᛋᚳᛖᚾᛏᛋ,607
explanatory,12870951,1,ᛖᛉᛈᛚᚪᚾᚪᛏᚩᚱᚣ,633
confinement,12804499,1,ᚳᚩᚾᚠᛁᚾᛖᛗᛖᚾᛏ,404
anticipation,12684891,1,ᚪᚾᛏᛁᚳᛁᛈᚪᛏᛡᚾ,595
concurrence,12653309,1,ᚳᚩᚾᚳᚢᚱᚱᛖᚾᚳᛖ,263
proprietors,12619883,1,ᛈᚱᚩᛈᚱᛁᛖᛏᚩᚱᛋ,343
undesirable,12587542,1,ᚢᚾᛞᛖᛋᛁᚱᚪᛒᛚᛖ,581
credibility,12552900,1,ᚳᚱᛖᛞᛁᛒᛁᛚᛁᛏᚣ,569
cholesterol,12532409,1,ᚳᚻᚩᛚᛖᛋᛏᛖᚱᚩᛚ,453
regeneration,12525932,1,ᚱᛖᚷᛖᚾᛖᚱᚪᛏᛡᚾ,561
documentary,12508626,1,ᛞᚩᚳᚢᛗᛖᚾᛏᚪᚱᚣ,549
countryside,12409519,1,ᚳᚩᚢᚾᛏᚱᚣᛋᛁᛞᛖ,465
exaggerated,12402669,1,ᛖᛉᚪᚷᚷᛖᚱᚪᛏᛖᛞ,635
shareholder,12398108,1,ᛋᚻᚪᚱᛖᚻᚩᛚᛞᛖᚱ,521
fertilizers,12346264,1,ᚠᛖᚱᛏᛁᛚᛁᛋᛖᚱᛋ,458
permeability,12343665,1,ᛈᛖᚱᛗᛠᛒᛁᛚᛁᛏᚣ,659
theoretically,12319714,1,ᚦᛇᚱᛖᛏᛁᚳᚪᛚᛚᚣ,573
apprehension,12300870,1,ᚪᛈᛈᚱᛖᚻᛖᚾᛋᛡᚾ,569
administering,12294309,1,ᚪᛞᛗᛁᚾᛁᛋᛏᛖᚱᛝ,617
groundwater,12288144,1,ᚷᚱᚩᚢᚾᛞᚹᚪᛏᛖᚱ,409
journalists,12271503,1,ᛂᚩᚢᚱᚾᚪᛚᛁᛋᛏᛋ,453
technically,12191427,1,ᛏᛖᚳᚻᚾᛁᚳᚪᛚᛚᚣ,581
predecessor,12141004,1,ᛈᚱᛖᛞᛖᚳᛖᛋᛋᚩᚱ,481
speculative,12052857,1,ᛋᛈᛖᚳᚢᛚᚪᛏᛁᚢᛖ,509
commercially,12022022,1,ᚳᚩᛗᛗᛖᚱᚳᛡᛚᛚᚣ,609
cancellation,11999092,1,ᚳᚪᚾᚳᛖᛚᛚᚪᛏᛡᚾ,657
incorporating,11962266,1,ᛁᚾᚳᚩᚱᛈᚩᚱᚪᛏᛝ,387
constrained,11937348,1,ᚳᚩᚾᛋᛏᚱᚪᛁᚾᛖᛞ,485
demonstrating,11909993,1,ᛞᛖᛗᚩᚾᛋᛏᚱᚪᛏᛝ,621
chamberlain,11886232,1,ᚳᚻᚪᛗᛒᛖᚱᛚᚪᛁᚾ,573
distributor,11838982,1,ᛞᛁᛋᛏᚱᛁᛒᚢᛏᚩᚱ,415
periodically,11813849,1,ᛈᛖᚱᛡᛞᛁᚳᚪᛚᛚᚣ,707
compartment,11780238,1,ᚳᚩᛗᛈᚪᚱᛏᛗᛖᚾᛏ,527
enlightened,11774397,1,ᛖᚾᛚᛁᚷᚻᛏᛖᚾᛖᛞ,551
observatory,11771184,1,ᚩᛒᛋᛖᚱᚢᚪᛏᚩᚱᚣ,479
inventories,11669991,1,ᛁᚾᚢᛖᚾᛏᚩᚱᛁᛖᛋ,387
coordinator,11653869,1,ᚳᚩᚩᚱᛞᛁᚾᚪᛏᚩᚱ,361
instructors,11588852,1,ᛁᚾᛋᛏᚱᚢᚳᛏᚩᚱᛋ,329
pathological,11575844,0,ᛈᚪᚦᚩᛚᚩᚷᛁᚳᚪᛚ,463
biographical,11569381,1,ᛒᛡᚷᚱᚪᛈᚻᛁᚳᚪᛚ,573
recollection,11567277,1,ᚱᛖᚳᚩᛚᛚᛖᚳᛏᛡᚾ,519
hospitality,11549831,1,ᚻᚩᛋᛈᛁᛏᚪᛚᛁᛏᚣ,579
ratification,11537759,1,ᚱᚪᛏᛁᚠᛁᚳᚪᛏᛡᚾ,536
understands,11409378,1,ᚢᚾᛞᛖᚱᛋᛏᚪᚾᛞᛋ,579
proprietary,11359865,1,ᛈᚱᚩᛈᚱᛁᛖᛏᚪᚱᚣ,483
sufficiency,11322309,1,ᛋᚢᚠᚠᛁᚳᛁᛖᚾᚳᚣ,347
ventricular,11282590,0,ᚢᛖᚾᛏᚱᛁᚳᚢᛚᚪᚱ,397
hypothetical,11208331,1,ᚻᚣᛈᚩᚦᛖᛏᛁᚳᚪᛚ,521
surrendered,11178474,1,ᛋᚢᚱᚱᛖᚾᛞᛖᚱᛖᛞ,497
subdivisions,11143756,1,ᛋᚢᛒᛞᛁᚢᛁᛋᛡᚾᛋ,513
transitional,11064358,1,ᛏᚱᚪᚾᛋᛁᛏᛡᚾᚪᛚ,645
interruption,10902742,1,ᛁᚾᛏᛖᚱᚱᚢᛈᛏᛡᚾ,449
ineffective,10894339,1,ᛁᚾᛖᚠᚠᛖᚳᛏᛁᚢᛖ,371
restructuring,10863599,1,ᚱᛖᛋᛏᚱᚢᚳᛏᚢᚱᛝ,369
questionable,10834223,1,ᚳᚹᛖᛋᛏᛡᚾᚪᛒᛚᛖ,645
acquisitions,10826776,1,ᚪᚳᚳᚹᛁᛋᛁᛏᛡᚾᛋ,505
problematic,10808683,1,ᛈᚱᚩᛒᛚᛖᛗᚪᛏᛁᚳ,533
specificity,10774994,1,ᛋᛈᛖᚳᛁᚠᛁᚳᛁᛏᚣ,446
declarations,10754068,1,ᛞᛖᚳᛚᚪᚱᚪᛏᛡᚾᛋ,695
persistence,10751183,1,ᛈᛖᚱᛋᛁᛋᛏᛖᚾᚳᛖ,493
supplements,10728585,1,ᛋᚢᛈᛈᛚᛖᛗᛖᚾᛏᛋ,561
compensated,10698484,1,ᚳᚩᛗᛈᛖᚾᛋᚪᛏᛖᛞ,595
delinquency,10641368,1,ᛞᛖᛚᛁᚾᚳᚹᛖᚾᚳᚣ,533
subsidiaries,10618473,1,ᛋᚢᛒᛋᛁᛞᛡᚱᛁᛖᛋ,559
innumerable,10592605,1,ᛁᚾᚾᚢᛗᛖᚱᚪᛒᛚᛖ,539
unauthorized,10561718,1,ᚢᚾᚪᚢᚦᚩᚱᛁᛋᛖᛞ,395
remuneration,10560883,1,ᚱᛖᛗᚢᚾᛖᚱᚪᛏᛡᚾ,551
protestants,10529929,1,ᛈᚱᚩᛏᛖᛋᛏᚪᚾᛏᛋ,537
mobilization,10478556,1,ᛗᚩᛒᛁᛚᛁᛋᚪᛏᛡᚾ,619
picturesque,10448206,1,ᛈᛁᚳᛏᚢᚱᛖᛋᚳᚹᛖ,379
predominant,10421177,1,ᛈᚱᛖᛞᚩᛗᛁᚾᚪᚾᛏ,533
inscriptions,10338310,1,ᛁᚾᛋᚳᚱᛁᛈᛏᛡᚾᛋ,459
promulgated,10320362,1,ᛈᚱᚩᛗᚢᛚᚷᚪᛏᛖᛞ,537
spectacular,10258359,1,ᛋᛈᛖᚳᛏᚪᚳᚢᛚᚪᚱ,529
transmitter,10231788,1,ᛏᚱᚪᚾᛋᛗᛁᛏᛏᛖᚱ,547
condensation,10229895,1,ᚳᚩᚾᛞᛖᚾᛋᚪᛏᛡᚾ,579
forgiveness,10219751,1,ᚠᚩᚱᚷᛁᚢᛖᚾᛖᛋᛋ,340
occurrences,10216771,1,ᚩᚳᚳᚢᚱᚱᛖᚾᚳᛖᛋ,287
coincidence,10184046,1,ᚳᚩᛁᚾᚳᛁᛞᛖᚾᚳᛖ,389
humanitarian,10152852,1,ᚻᚢᛗᚪᚾᛁᛏᚪᚱᛡᚾ,557
locomotives,10074037,1,ᛚᚩᚳᚩᛗᚩᛏᛁᚢᛖᛋ,391
imaginative,10021895,1,ᛁᛗᚪᚷᛁᚾᚪᛏᛁᚢᛖ,533
counterpart,9885857,1,ᚳᚩᚢᚾᛏᛖᚱᛈᚪᚱᛏ,399
accountants,9841477,1,ᚪᚳᚳᚩᚢᚾᛏᚪᚾᛏᛋ,459
centralized,9787346,1,ᚳᛖᚾᛏᚱᚪᛚᛁᛋᛖᛞ,589
necessities,9780255,1,ᚾᛖᚳᛖᛋᛋᛁᛏᛁᛖᛋ,523
transformer,9718344,1,ᛏᚱᚪᚾᛋᚠᚩᚱᛗᛖᚱ,418
embarrassed,9692822,1,ᛖᛗᛒᚪᚱᚱᚪᛋᛋᛖᛞ,677
unfavorable,9642894,1,ᚢᚾᚠᚪᚢᚩᚱᚪᛒᛚᛖ,450
desperately,9605210,1,ᛞᛖᛋᛈᛖᚱᚪᛏᛖᛚᚣ,729
chromosomes,9567774,1,ᚳᚻᚱᚩᛗᚩᛋᚩᛗᛖᛋ,383
fulfillment,9564868,1,ᚠᚢᛚᚠᛁᛚᛚᛗᛖᚾᛏ,483
substitutes,9551301,1,ᛋᚢᛒᛋᛏᛁᛏᚢᛏᛖᛋ,501
endorsement,9531617,1,ᛖᚾᛞᚩᚱᛋᛖᛗᛖᚾᛏ,549
instructive,9521748,1,ᛁᚾᛋᛏᚱᚢᚳᛏᛁᚢᛖ,359
fermentation,9484318,1,ᚠᛖᚱᛗᛖᚾᛏᚪᛏᛡᚾ,598
interpreter,9479227,1,ᛁᚾᛏᛖᚱᛈᚱᛖᛏᛖᚱ,455
facilitated,9472587,1,ᚠᚪᚳᛁᛚᛁᛏᚪᛏᛖᛞ,618
distillation,9384186,1,ᛞᛁᛋᛏᛁᛚᛚᚪᛏᛡᚾ,701
emancipation,9344030,1,ᛖᛗᚪᚾᚳᛁᛈᚪᛏᛡᚾ,643
illuminated,9338971,1,ᛁᛚᛚᚢᛗᛁᚾᚪᛏᛖᛞ,623
biochemistry,9283860,0,ᛒᛡᚳᚻᛖᛗᛁᛋᛏᚱᚣ,599
involuntary,9283331,1,ᛁᚾᚢᚩᛚᚢᚾᛏᚪᚱᚣ,445
disarmament,9253855,1,ᛞᛁᛋᚪᚱᛗᚪᛗᛖᚾᛏ,675
troublesome,9220317,1,ᛏᚱᚩᚢᛒᛚᛖᛋᚩᛗᛖ,479
foreclosure,9197723,1,ᚠᚩᚱᛖᚳᛚᚩᛋᚢᚱᛖ,314
adjournment,9181716,1,ᚪᛞᛂᚩᚢᚱᚾᛗᛖᚾᛏ,499
discrepancy,9181162,1,ᛞᛁᛋᚳᚱᛖᛈᚪᚾᚳᚣ,549
intravenous,9159976,1,ᛁᚾᛏᚱᚪᚢᛖᚾᚩᚢᛋ,389
temperament,9136804,1,ᛏᛖᛗᛈᛖᚱᚪᛗᛖᚾᛏ,641
marketplace,9115061,1,ᛗᚪᚱᚳᛖᛏᛈᛚᚪᚳᛖ,611
discouraged,9063731,1,ᛞᛁᛋᚳᚩᚢᚱᚪᚷᛖᛞ,477
encyclopedia,9057287,1,ᛖᚾᚳᚣᚳᛚᚩᛈᛖᛞᛡ,611
assimilation,9013674,1,ᚪᛋᛋᛁᛗᛁᛚᚪᛏᛡᚾ,701
correctness,9010516,1,ᚳᚩᚱᚱᛖᚳᛏᚾᛖᛋᛋ,383
incompetent,8970555,1,ᛁᚾᚳᚩᛗᛈᛖᛏᛖᚾᛏ,475
highlighted,8955077,1,ᚻᛁᚷᚻᛚᛁᚷᚻᛏᛖᛞ,453
extremities,8923403,1,ᛖᛉᛏᚱᛖᛗᛁᛏᛁᛖᛋ,563
chemotherapy,8889447,0,ᚳᚻᛖᛗᚩᚦᛖᚱᚪᛈᚣ,507
sedimentary,8882847,1,ᛋᛖᛞᛁᛗᛖᚾᛏᚪᚱᚣ,677
backgrounds,8880183,1,ᛒᚪᚳᚳᚷᚱᚩᚢᚾᛞᛋ,393
detrimental,8842609,1,ᛞᛖᛏᚱᛁᛗᛖᚾᛏᚪᛚ,653
legislators,8840040,1,ᛚᛖᚷᛁᛋᛚᚪᛏᚩᚱᛋ,541
businessmen,8826670,1,ᛒᚢᛋᛁᚾᛖᛋᛋᛗᛖᚾ,517
adjudication,8816920,1,ᚪᛞᛂᚢᛞᛁᚳᚪᛏᛡᚾ,651
hostilities,8769036,1,ᚻᚩᛋᛏᛁᛚᛁᛏᛁᛖᛋ,487
hydrocarbon,8683954,0,ᚻᚣᛞᚱᚩᚳᚪᚱᛒᚩᚾ,451
interestingly,8678969,1,ᛁᚾᛏᛖᚱᛖᛋᛏᛝᛚᚣ,631
inexpensive,8676152,1,ᛁᚾᛖᛉᛈᛖᚾᛋᛁᚢᛖ,467
infiltration,8673817,1,ᛁᚾᚠᛁᛚᛏᚱᚪᛏᛡᚾ,528
grammatical,8625073,1,ᚷᚱᚪᛗᛗᚪᛏᛁᚳᚪᛚ,637
oscillations,8611840,1,ᚩᛋᚳᛁᛚᛚᚪᛏᛡᚾᛋ,595
bureaucratic,8589381,1,ᛒᚢᚱᛠᚢᚳᚱᚪᛏᛁᚳ,411
articulated,8576293,1,ᚪᚱᛏᛁᚳᚢᛚᚪᛏᛖᛞ,599
installment,8571028,1,ᛁᚾᛋᛏᚪᛚᛚᛗᛖᚾᛏ,641
preferential,8538914,1,ᛈᚱᛖᚠᛖᚱᛖᚾᛏᛡᛚ,536
contemplate,8536475,1,ᚳᚩᚾᛏᛖᛗᛈᛚᚪᛏᛖ,585
degeneration,8504558,1,ᛞᛖᚷᛖᚾᛖᚱᚪᛏᛡᚾ,639
symmetrical,8451625,1,ᛋᚣᛗᛗᛖᛏᚱᛁᚳᚪᛚ,649
intensified,8405096,1,ᛁᚾᛏᛖᚾᛋᛁᚠᛁᛖᛞ,488
overwhelmed,8359601,1,ᚩᚢᛖᚱᚹᚻᛖᛚᛗᛖᛞ,497
localization,8329349,1,ᛚᚩᚳᚪᛚᛁᛋᚪᛏᛡᚾ,639
concentrating,8327882,1,ᚳᚩᚾᚳᛖᚾᛏᚱᚪᛏᛝ,463
abbreviations,8308067,1,ᚪᛒᛒᚱᛖᚢᛡᛏᛡᚾᛋ,655
electrolyte,8306536,1,ᛖᛚᛖᚳᛏᚱᚩᛚᚣᛏᛖ,599
directorate,8264407,1,ᛞᛁᚱᛖᚳᛏᚩᚱᚪᛏᛖ,511
computations,8213417,1,ᚳᚩᛗᛈᚢᛏᚪᛏᛡᚾᛋ,541
remembrance,8148832,1,ᚱᛖᛗᛖᛗᛒᚱᚪᚾᚳᛖ,565
colonization,8104637,1,ᚳᚩᛚᚩᚾᛁᛋᚪᛏᛡᚾ,505
accountable,8013083,1,ᚪᚳᚳᚩᚢᚾᛏᚪᛒᛚᛖ,519
adolescence,7967768,1,ᚪᛞᚩᛚᛖᛋᚳᛖᚾᚳᛖ,575
distinguishes,7965884,1,ᛞᛁᛋᛏᛝᚢᛁᛋᚻᛖᛋ,541
advertisers,7953173,1,ᚪᛞᚢᛖᚱᛏᛁᛋᛖᚱᛋ,541
lymphocytes,7922665,1,ᛚᚣᛗᛈᚻᚩᚳᚣᛏᛖᛋ,615
centrifugal,7887240,1,ᚳᛖᚾᛏᚱᛁᚠᚢᚷᚪᛚ,402
conceivable,7881611,1,ᚳᚩᚾᚳᛖᛁᚢᚪᛒᛚᛖ,461
diversified,7875975,1,ᛞᛁᚢᛖᚱᛋᛁᚠᛁᛖᛞ,474
proficiency,7870499,1,ᛈᚱᚩᚠᛁᚳᛁᛖᚾᚳᚣ,350
disregarded,7804945,1,ᛞᛁᛋᚱᛖᚷᚪᚱᛞᛖᛞ,621
alternately,7785346,1,ᚪᛚᛏᛖᚱᚾᚪᛏᛖᛚᚣ,735
equivalents,7782987,1,ᛖᚳᚹᛁᚢᚪᛚᛖᚾᛏᛋ,511
unavoidable,7772388,1,ᚢᚾᚪᚢᚩᛁᛞᚪᛒᛚᛖ,557
affectionate,7727992,1,ᚪᚠᚠᛖᚳᛏᛡᚾᚪᛏᛖ,599
aristocracy,7695418,1,ᚪᚱᛁᛋᛏᚩᚳᚱᚪᚳᚣ,495
articulation,7689287,1,ᚪᚱᛏᛁᚳᚢᛚᚪᛏᛡᚾ,579
immortality,7687953,1,ᛁᛗᛗᚩᚱᛏᚪᛚᛁᛏᚣ,613
emergencies,7679757,1,ᛖᛗᛖᚱᚷᛖᚾᚳᛁᛖᛋ,493
attachments,7678487,1,ᚪᛏᛏᚪᚳᚻᛗᛖᚾᛏᛋ,627
predictable,7662294,1,ᛈᚱᛖᛞᛁᚳᛏᚪᛒᛚᛖ,611
incremental,7656882,1,ᛁᚾᚳᚱᛖᛗᛖᚾᛏᚪᛚ,547
complication,7643418,1,ᚳᚩᛗᛈᛚᛁᚳᚪᛏᛡᚾ,543
inefficient,7631921,1,ᛁᚾᛖᚠᚠᛁᚳᛁᛖᚾᛏ,361
metaphysics,7611056,1,ᛗᛖᛏᚪᛈᚻᚣᛋᛁᚳᛋ,613
unimportant,7576656,1,ᚢᚾᛁᛗᛈᚩᚱᛏᚪᚾᛏ,439
correctional,7567941,1,ᚳᚩᚱᚱᛖᚳᛏᛡᚾᚪᛚ,487
commonplace,7537785,1,ᚳᚩᛗᛗᚩᚾᛈᛚᚪᚳᛖ,491
tablespoons,7524324,1,ᛏᚪᛒᛚᛖᛋᛈᚩᚩᚾᛋ,549
superstition,7523039,1,ᛋᚢᛈᛖᚱᛋᛏᛁᛏᛡᚾ,515
exemplified,7505982,1,ᛖᛉᛖᛗᛈᛚᛁᚠᛁᛖᛞ,588
prehistoric,7482514,1,ᛈᚱᛖᚻᛁᛋᛏᚩᚱᛁᚳ,349
extravagant,7468508,1,ᛖᛉᛏᚱᚪᚢᚪᚷᚪᚾᛏ,583
arbitrarily,7466371,1,ᚪᚱᛒᛁᛏᚱᚪᚱᛁᛚᚣ,585
entitlement,7457299,1,ᛖᚾᛏᛁᛏᛚᛖᛗᛖᚾᛏ,611
catastrophe,7442456,1,ᚳᚪᛏᚪᛋᛏᚱᚩᛈᚻᛖ,529
fluorescent,7417835,1,ᚠᛚᚢᚩᚱᛖᛋᚳᛖᚾᛏ,384
intensities,7416242,1,ᛁᚾᛏᛖᚾᛋᛁᛏᛁᛖᛋ,509
solicitation,7407864,1,ᛋᚩᛚᛁᚳᛁᛏᚪᛏᛡᚾ,559
sensibility,7406752,1,ᛋᛖᚾᛋᛁᛒᛁᛚᛁᛏᚣ,591
epidemiology,7403865,0,ᛖᛈᛁᛞᛖᛗᛡᛚᚩᚷᚣ,675
contingencies,7394578,1,ᚳᚩᚾᛏᛝᛖᚾᚳᛁᛖᛋ,447
tributaries,7354831,1,ᛏᚱᛁᛒᚢᛏᚪᚱᛁᛖᛋ,483
authenticity,7341526,1,ᚪᚢᚦᛖᚾᛏᛁᚳᛁᛏᚣ,497
rockefeller,7336462,1,ᚱᚩᚳᚳᛖᚠᛖᛚᛚᛖᚱ,404
denomination,7305676,1,ᛞᛖᚾᚩᛗᛁᚾᚪᛏᛡᚾ,615
identifiers,7266980,1,ᛁᛞᛖᚾᛏᛁᚠᛁᛖᚱᛋ,470
scandinavian,7255806,1,ᛋᚳᚪᚾᛞᛁᚾᚪᚢᛡᚾ,577
antiquities,7241781,1,ᚪᚾᛏᛁᚳᚹᛁᛏᛁᛖᛋ,489
acknowledging,7219548,1,ᚪᚳᚳᚾᚩᚹᛚᛖᛞᚷᛝ,503
excessively,7189779,1,ᛖᛉᚳᛖᛋᛋᛁᚢᛖᛚᚣ,577
reciprocity,7181476,1,ᚱᛖᚳᛁᛈᚱᚩᚳᛁᛏᚣ,389
sentimental,7121215,1,ᛋᛖᚾᛏᛁᛗᛖᚾᛏᚪᛚ,635
comfortably,7063927,1,ᚳᚩᛗᚠᚩᚱᛏᚪᛒᛚᚣ,504
undersigned,7043224,1,ᚢᚾᛞᛖᚱᛋᛁᚷᚾᛖᛞ,485
exploratory,7025414,1,ᛖᛉᛈᛚᚩᚱᚪᛏᚩᚱᚣ,525
containment,7003944,1,ᚳᚩᚾᛏᚪᛁᚾᛗᛖᚾᛏ,491
reluctantly,6996661,1,ᚱᛖᛚᚢᚳᛏᚪᚾᛏᛚᚣ,587
informative,6983386,1,ᛁᚾᚠᚩᚱᛗᚪᛏᛁᚢᛖ,408
dispositions,6943420,1,ᛞᛁᛋᛈᚩᛋᛁᛏᛡᚾᛋ,555
consolidate,6931015,1,ᚳᚩᚾᛋᚩᛚᛁᛞᚪᛏᛖ,525
battlefield,6920614,1,ᛒᚪᛏᛏᛚᛖᚠᛁᛖᛚᛞ,678
intolerable,6903615,1,ᛁᚾᛏᚩᛚᛖᚱᚪᛒᛚᛖ,575
inaugurated,6868344,1,ᛁᚾᚪᚢᚷᚢᚱᚪᛏᛖᛞ,503
suitability,6793077,1,ᛋᚢᛁᛏᚪᛒᛁᛚᛁᛏᚣ,601
equivalence,6792787,1,ᛖᚳᚹᛁᚢᚪᛚᛖᚾᚳᛖ,479
artificially,6775058,1,ᚪᚱᛏᛁᚠᛁᚳᛡᛚᛚᚣ,600
effectually,6770840,1,ᛖᚠᚠᛖᚳᛏᚢᚪᛚᛚᚣ,559
interstitial,6745486,1,ᛁᚾᛏᛖᚱᛋᛏᛁᛏᛡᛚ,579
insurrection,6724933,1,ᛁᚾᛋᚢᚱᚱᛖᚳᛏᛡᚾ,413
stockholder,6720419,1,ᛋᛏᚩᚳᚳᚻᚩᛚᛞᛖᚱ,415
penitentiary,6712481,1,ᛈᛖᚾᛁᛏᛖᚾᛏᛡᚱᚣ,605
contributor,6710218,1,ᚳᚩᚾᛏᚱᛁᛒᚢᛏᚩᚱ,291
identifiable,6698527,1,ᛁᛞᛖᚾᛏᛁᚠᛡᛒᛚᛖ,616
convertible,6693256,1,ᚳᚩᚾᚢᛖᚱᛏᛁᛒᛚᛖ,421
undisturbed,6692341,1,ᚢᚾᛞᛁᛋᛏᚢᚱᛒᛖᛞ,495
fellowships,6672760,1,ᚠᛖᛚᛚᚩᚹᛋᚻᛁᛈᛋ,444
confidently,6649690,1,ᚳᚩᚾᚠᛁᛞᛖᚾᛏᛚᚣ,502
prostitution,6646059,1,ᛈᚱᚩᛋᛏᛁᛏᚢᛏᛡᚾ,461
civilisation,6643428,1,ᚳᛁᚢᛁᛚᛁᛋᚪᛏᛡᚾ,527
disapproval,6607131,1,ᛞᛁᛋᚪᛈᛈᚱᚩᚢᚪᛚ,547
originality,6604283,1,ᚩᚱᛁᚷᛁᚾᚪᛚᛁᛏᚣ,489
equalization,6599580,1,ᛖᚳᚹᚪᛚᛁᛋᚪᛏᛡᚾ,645
apprentices,6583417,1,ᚪᛈᛈᚱᛖᚾᛏᛁᚳᛖᛋ,513
constantine,6577437,0,ᚳᚩᚾᛋᛏᚪᚾᛏᛁᚾᛖ,473
consecrated,6561036,1,ᚳᚩᚾᛋᛖᚳᚱᚪᛏᛖᛞ,505
deliberation,6555224,1,ᛞᛖᛚᛁᛒᛖᚱᚪᛏᛡᚾ,691
albuquerque,6539770,1,ᚪᛚᛒᚢᚳᚹᛖᚱᚳᚹᛖ,443
pronunciation,6492831,1,ᛈᚱᚩᚾᚢᚾᚳᛡᛏᛡᚾ,437
congregations,6487833,1,ᚳᚩᛝᚱᛖᚷᚪᛏᛡᚾᛋ,539
particulate,6470731,1,ᛈᚪᚱᛏᛁᚳᚢᛚᚪᛏᛖ,553
formulations,6468791,1,ᚠᚩᚱᛗᚢᛚᚪᛏᛡᚾᛋ,512
disagreeable,6445894,1,ᛞᛁᛋᚪᚷᚱᛖᛠᛒᛚᛖ,675
superfluous,6440458,1,ᛋᚢᛈᛖᚱᚠᛚᚢᚩᚢᛋ,318
disciplined,6397488,1,ᛞᛁᛋᚳᛁᛈᛚᛁᚾᛖᛞ,549
apprehended,6393525,1,ᚪᛈᛈᚱᛖᚻᛖᚾᛞᛖᛞ,625
ambassadors,6324811,1,ᚪᛗᛒᚪᛋᛋᚪᛞᚩᚱᛋ,689
conglomerate,6311012,1,ᚳᚩᛝᛚᚩᛗᛖᚱᚪᛏᛖ,551
facilitates,6283678,1,ᚠᚪᚳᛁᛚᛁᛏᚪᛏᛖᛋ,582
polytechnic,6264504,1,ᛈᚩᛚᚣᛏᛖᚳᚻᚾᛁᚳ,461
intoxication,6254919,1,ᛁᚾᛏᚩᛉᛁᚳᚪᛏᛡᚾ,509
controllers,6236801,1,ᚳᚩᚾᛏᚱᚩᛚᛚᛖᚱᛋ,403
compromised,6225606,1,ᚳᚩᛗᛈᚱᚩᛗᛁᛋᛖᛞ,463
prosecutions,6217757,1,ᛈᚱᚩᛋᛖᚳᚢᛏᛡᚾᛋ,445
wonderfully,6214224,1,ᚹᚩᚾᛞᛖᚱᚠᚢᛚᛚᚣ,476
destinations,6200584,1,ᛞᛖᛋᛏᛁᚾᚪᛏᛡᚾᛋ,673
prerogative,6191805,1,ᛈᚱᛖᚱᚩᚷᚪᛏᛁᚢᛖ,413
reinsurance,6187903,1,ᚱᛖᛁᚾᛋᚢᚱᚪᚾᚳᛖ,411
unavailable,6162134,1,ᚢᚾᚪᚢᚪᛁᛚᚪᛒᛚᛖ,631
mountainous,6120448,1,ᛗᚩᚢᚾᛏᚪᛁᚾᚩᚢᛋ,389
socialization,6102921,1,ᛋᚩᚳᛡᛚᛁᛋᚪᛏᛡᚾ,629
pleistocene,6090514,1,ᛈᛚᛖᛁᛋᛏᚩᚳᛖᚾᛖ,509
topographic,6081619,1,ᛏᚩᛈᚩᚷᚱᚪᛈᚻᛁᚳ,351
capitalists,6066378,1,ᚳᚪᛈᛁᛏᚪᛚᛁᛋᛏᛋ,609
irregularly,6050327,1,ᛁᚱᚱᛖᚷᚢᛚᚪᚱᛚᚣ,497
aeronautical,6045134,1,ᚫᚱᚩᚾᚪᚢᛏᛁᚳᚪᛚ,521
perturbation,6030988,1,ᛈᛖᚱᛏᚢᚱᛒᚪᛏᛡᚾ,547
championship,6026634,1,ᚳᚻᚪᛗᛈᛡᚾᛋᚻᛁᛈ,533
resistivity,6020066,1,ᚱᛖᛋᛁᛋᛏᛁᚢᛁᛏᚣ,501
concomitant,6004286,1,ᚳᚩᚾᚳᚩᛗᛁᛏᚪᚾᛏ,415
benevolence,5993544,1,ᛒᛖᚾᛖᚢᚩᛚᛖᚾᚳᛖ,483
intermediary,5987204,1,ᛁᚾᛏᛖᚱᛗᛖᛞᛡᚱᚣ,645
congratulate,5971280,1,ᚳᚩᛝᚱᚪᛏᚢᛚᚪᛏᛖ,565
workmanship,5970933,1,ᚹᚩᚱᚳᛗᚪᚾᛋᚻᛁᛈ,397
synchronous,5957466,1,ᛋᚣᚾᚳᚻᚱᚩᚾᚩᚢᛋ,331
punishments,5952454,1,ᛈᚢᚾᛁᛋᚻᛗᛖᚾᛏᛋ,461
psychiatrist,5898019,1,ᛈᛋᚣᚳᚻᛡᛏᚱᛁᛋᛏ,555
amortization,5892893,1,ᚪᛗᚩᚱᛏᛁᛋᚪᛏᛡᚾ,621
reminiscent,5860800,1,ᚱᛖᛗᛁᚾᛁᛋᚳᛖᚾᛏ,461
prominently,5850918,1,ᛈᚱᚩᛗᛁᚾᛖᚾᛏᛚᚣ,523
microbiology,5840309,0,ᛗᛁᚳᚱᚩᛒᛡᛚᚩᚷᚣ,501
accelerator,5839986,1,ᚪᚳᚳᛖᛚᛖᚱᚪᛏᚩᚱ,515
authoritarian,5834618,1,ᚪᚢᚦᚩᚱᛁᛏᚪᚱᛡᚾ,457
objectivity,5707128,1,ᚩᛒᛂᛖᚳᛏᛁᚢᛁᛏᚣ,471
confederacy,5703469,1,ᚳᚩᚾᚠᛖᛞᛖᚱᚪᚳᚣ,498
polyethylene,5680624,1,ᛈᚩᛚᚣᛖᚦᚣᛚᛖᚾᛖ,637
recoverable,5657591,1,ᚱᛖᚳᚩᚢᛖᚱᚪᛒᛚᛖ,477
arbitrators,5647411,1,ᚪᚱᛒᛁᛏᚱᚪᛏᚩᚱᛋ,497
deliverance,5638204,1,ᛞᛖᛚᛁᚢᛖᚱᚪᚾᚳᛖ,547
exaggeration,5627696,1,ᛖᛉᚪᚷᚷᛖᚱᚪᛏᛡᚾ,615
genetically,5626072,1,ᚷᛖᚾᛖᛏᛁᚳᚪᛚᛚᚣ,629
speculations,5612555,1,ᛋᛈᛖᚳᚢᛚᚪᛏᛡᚾᛋ,597
inseparable,5611060,1,ᛁᚾᛋᛖᛈᚪᚱᚪᛒᛚᛖ,629
nonresident,5608355,1,ᚾᚩᚾᚱᛖᛋᛁᛞᛖᚾᛏ,471
drastically,5605456,1,ᛞᚱᚪᛋᛏᛁᚳᚪᛚᛚᚣ,699
businessman,5599723,1,ᛒᚢᛋᛁᚾᛖᛋᛋᛗᚪᚾ,547
determinant,5591186,1,ᛞᛖᛏᛖᚱᛗᛁᚾᚪᚾᛏ,609
contemplating,5584434,1,ᚳᚩᚾᛏᛖᛗᛈᛚᚪᛏᛝ,597
capacitance,5579803,1,ᚳᚪᛈᚪᚳᛁᛏᚪᚾᚳᛖ,559
accomplishing,5579188,1,ᚪᚳᚳᚩᛗᛈᛚᛁᛋᚻᛝ,503
compressive,5538119,1,ᚳᚩᛗᛈᚱᛖᛋᛋᛁᚢᛖ,419
orientations,5533250,1,ᚩᚱᛁᛖᚾᛏᚪᛏᛡᚾᛋ,549
accompanies,5524762,1,ᚪᚳᚳᚩᛗᛈᚪᚾᛁᛖᛋ,521
numerically,5506154,1,ᚾᚢᛗᛖᚱᛁᚳᚪᛚᛚᚣ,571
transcripts,5506049,1,ᛏᚱᚪᚾᛋᚳᚱᛁᛈᛏᛋ,459
subcutaneous,5462632,1,ᛋᚢᛒᚳᚢᛏᚪᚾᛇᚢᛋ,415
malpractice,5460057,1,ᛗᚪᛚᛈᚱᚪᚳᛏᛁᚳᛖ,575
perceptible,5391797,1,ᛈᛖᚱᚳᛖᛈᛏᛁᛒᛚᛖ,535
symptomatic,5391124,1,ᛋᚣᛗᛈᛏᚩᛗᚪᛏᛁᚳ,607
explorations,5389920,1,ᛖᛉᛈᛚᚩᚱᚪᛏᛡᚾᛋ,593
manipulated,5389755,1,ᛗᚪᚾᛁᛈᚢᛚᚪᛏᛖᛞ,659
denominator,5386538,1,ᛞᛖᚾᚩᛗᛁᚾᚪᛏᚩᚱ,497
selectively,5333172,1,ᛋᛖᛚᛖᚳᛏᛁᚢᛖᛚᚣ,609
contractions,5331460,1,ᚳᚩᚾᛏᚱᚪᚳᛏᛡᚾᛋ,477
inflationary,5318053,1,ᛁᚾᚠᛚᚪᛏᛡᚾᚪᚱᚣ,638
disappointing,5308868,1,ᛞᛁᛋᚪᛈᛈᚩᛁᚾᛏᛝ,561
selectivity,5308047,1,ᛋᛖᛚᛖᚳᛏᛁᚢᛁᛏᚣ,559
segmentation,5291293,1,ᛋᛖᚷᛗᛖᚾᛏᚪᛏᛡᚾ,655
directories,5289189,1,ᛞᛁᚱᛖᚳᛏᚩᚱᛁᛖᛋ,439
empowerment,5262624,1,ᛖᛗᛈᚩᚹᛖᚱᛗᛖᚾᛏ,511
immunization,5252232,1,ᛁᛗᛗᚢᚾᛁᛋᚪᛏᛡᚾ,581
prohibitions,5248406,1,ᛈᚱᚩᚻᛁᛒᛁᛏᛡᚾᛋ,455
lightweight,5248092,1,ᛚᛁᚷᚻᛏᚹᛖᛁᚷᚻᛏ,419
friendships,5232162,1,ᚠᚱᛁᛖᚾᛞᛋᚻᛁᛈᛋ,432
volunteered,5227595,1,ᚢᚩᛚᚢᚾᛏᛖᛖᚱᛖᛞ,475
discontinue,5199494,1,ᛞᛁᛋᚳᚩᚾᛏᛁᚾᚢᛖ,411
centimeters,5180801,1,ᚳᛖᚾᛏᛁᛗᛖᛏᛖᚱᛋ,527
wholesalers,5179784,1,ᚹᚻᚩᛚᛖᛋᚪᛚᛖᚱᛋ,543
graphically,5156538,1,ᚷᚱᚪᛈᚻᛁᚳᚪᛚᛚᚣ,581
urbanization,5137499,1,ᚢᚱᛒᚪᚾᛁᛋᚪᛏᛡᚾ,577
interviewer,5132532,1,ᛁᚾᛏᛖᚱᚢᛁᛖᚹᛖᚱ,395
disclosures,5128072,1,ᛞᛁᛋᚳᛚᚩᛋᚢᚱᛖᛋ,453
unspecified,5127726,1,ᚢᚾᛋᛈᛖᚳᛁᚠᛁᛖᛞ,428
preoccupation,5113974,1,ᛈᚱᛇᚳᚳᚢᛈᚪᛏᛡᚾ,459
bombardment,5077645,1,ᛒᚩᛗᛒᚪᚱᛞᛗᛖᚾᛏ,623
categorical,5071671,1,ᚳᚪᛏᛖᚷᚩᚱᛁᚳᚪᛚ,485
nourishment,5065896,1,ᚾᚩᚢᚱᛁᛋᚻᛗᛖᚾᛏ,383
transcribed,5062791,1,ᛏᚱᚪᚾᛋᚳᚱᛁᛒᛖᛞ,521
monasteries,5062289,1,ᛗᚩᚾᚪᛋᛏᛖᚱᛁᛖᛋ,545
tentatively,5057898,1,ᛏᛖᚾᛏᚪᛏᛁᚢᛖᛚᚣ,647
celebrations,5055270,1,ᚳᛖᛚᛖᛒᚱᚪᛏᛡᚾᛋ,637
genealogical,5051057,1,ᚷᛖᚾᛠᛚᚩᚷᛁᚳᚪᛚ,533
objectively,5031541,1,ᚩᛒᛂᛖᚳᛏᛁᚢᛖᛚᚣ,521
unqualified,5015211,1,ᚢᚾᚳᚹᚪᛚᛁᚠᛁᛖᛞ,454
obstructions,5005029,1,ᚩᛒᛋᛏᚱᚢᚳᛏᛡᚾᛋ,455
archipelago,5000548,1,ᚪᚱᚳᚻᛁᛈᛖᛚᚪᚷᚩ,479
slaughtered,4981222,1,ᛋᛚᚪᚢᚷᚻᛏᛖᚱᛖᛞ,559
biodiversity,4960814,1,ᛒᛡᛞᛁᚢᛖᚱᛋᛁᛏᚣ,615
encompasses,4953131,1,ᛖᚾᚳᚩᛗᛈᚪᛋᛋᛖᛋ,553
mitochondria,4944307,1,ᛗᛁᛏᚩᚳᚻᚩᚾᛞᚱᛡ,447
dislocations,4936482,1,ᛞᛁᛋᛚᚩᚳᚪᛏᛡᚾᛋ,611
philosophic,4932433,1,ᛈᚻᛁᛚᚩᛋᚩᛈᚻᛁᚳ,347
metabolites,4930891,1,ᛗᛖᛏᚪᛒᚩᛚᛁᛏᛖᛋ,645
tuberculous,4919918,1,ᛏᚢᛒᛖᚱᚳᚢᛚᚩᚢᛋ,353
democracies,4910532,1,ᛞᛖᛗᚩᚳᚱᚪᚳᛁᛖᛋ,519
reconstruct,4892531,1,ᚱᛖᚳᚩᚾᛋᛏᚱᚢᚳᛏ,325
sponsorship,4879330,1,ᛋᛈᚩᚾᛋᚩᚱᛋᚻᛁᛈ,353
necessitate,4877006,1,ᚾᛖᚳᛖᛋᛋᛁᛏᚪᛏᛖ,595
bicarbonate,4865143,1,ᛒᛁᚳᚪᚱᛒᚩᚾᚪᛏᛖ,533
embroidered,4848213,1,ᛖᛗᛒᚱᚩᛁᛞᛖᚱᛖᛞ,571
pathogenesis,4826550,1,ᛈᚪᚦᚩᚷᛖᚾᛖᛋᛁᛋ,469
chattanooga,4809506,1,ᚳᚻᚪᛏᛏᚪᚾᚩᚩᚷᚪ,505
empirically,4793735,1,ᛖᛗᛈᛁᚱᛁᚳᚪᛚᛚᚣ,613
merchandising,4790708,1,ᛗᛖᚱᚳᚻᚪᚾᛞᛁᛋᛝ,563
selfishness,4787816,1,ᛋᛖᛚᚠᛁᛋᚻᚾᛖᛋᛋ,504
retroactive,4780559,1,ᚱᛖᛏᚱᚩᚪᚳᛏᛁᚢᛖ,425
momentarily,4763308,1,ᛗᚩᛗᛖᚾᛏᚪᚱᛁᛚᚣ,619
stipulations,4750560,1,ᛋᛏᛁᛈᚢᛚᚪᛏᛡᚾᛋ,607
malnutrition,4745138,1,ᛗᚪᛚᚾᚢᛏᚱᛁᛏᛡᚾ,569
radiological,4742585,0,ᚱᚪᛞᛡᛚᚩᚷᛁᚳᚪᛚ,615
marlborough,4690494,1,ᛗᚪᚱᛚᛒᚩᚱᚩᚢᚷᚻ,381
amalgamated,4683592,1,ᚪᛗᚪᛚᚷᚪᛗᚪᛏᛖᛞ,835
butterflies,4682056,1,ᛒᚢᛏᛏᛖᚱᚠᛚᛁᛖᛋ,486
drunkenness,4678920,1,ᛞᚱᚢᚾᚳᛖᚾᚾᛖᛋᛋ,443
macrophages,4676368,1,ᛗᚪᚳᚱᚩᛈᚻᚪᚷᛖᛋ,499
paradoxical,4663624,1,ᛈᚪᚱᚪᛞᚩᛉᛁᚳᚪᛚ,605
deteriorated,4663514,1,ᛞᛖᛏᛖᚱᛡᚱᚪᛏᛖᛞ,723
implantation,4661420,1,ᛁᛗᛈᛚᚪᚾᛏᚪᛏᛡᚾ,695
adversaries,4659098,1,ᚪᛞᚢᛖᚱᛋᚪᚱᛁᛖᛋ,579
declaratory,4659048,1,ᛞᛖᚳᛚᚪᚱᚪᛏᚩᚱᚣ,627
masterpiece,4651154,1,ᛗᚪᛋᛏᛖᚱᛈᛁᛖᚳᛖ,579
constipation,4643357,1,ᚳᚩᚾᛋᛏᛁᛈᚪᛏᛡᚾ,527
instinctive,4632570,1,ᛁᚾᛋᛏᛁᚾᚳᛏᛁᚢᛖ,405
unsaturated,4618369,1,ᚢᚾᛋᚪᛏᚢᚱᚪᛏᛖᛞ,567
rudimentary,4585307,1,ᚱᚢᛞᛁᛗᛖᚾᛏᚪᚱᚣ,571
pedagogical,4583265,1,ᛈᛖᛞᚪᚷᚩᚷᛁᚳᚪᛚ,551
compliments,4583131,1,ᚳᚩᛗᛈᛚᛁᛗᛖᚾᛏᛋ,517
intolerance,4581611,1,ᛁᚾᛏᚩᛚᛖᚱᚪᚾᚳᛖ,483
incorrectly,4577695,1,ᛁᚾᚳᚩᚱᚱᛖᚳᛏᛚᚣ,417
discernible,4575512,1,ᛞᛁᛋᚳᛖᚱᚾᛁᛒᛚᛖ,525
annihilation,4567080,1,ᚪᚾᚾᛁᚻᛁᛚᚪᛏᛡᚾ,605
fragmentary,4552718,1,ᚠᚱᚪᚷᛗᛖᚾᛏᚪᚱᚣ,564
undeveloped,4551210,1,ᚢᚾᛞᛖᚢᛖᛚᚩᛈᛖᛞ,537
masculinity,4536923,1,ᛗᚪᛋᚳᚢᛚᛁᚾᛁᛏᚣ,563
helicopters,4529076,1,ᚻᛖᛚᛁᚳᚩᛈᛏᛖᚱᛋ,447
dictionaries,4514178,1,ᛞᛁᚳᛏᛡᚾᚪᚱᛁᛖᛋ,587
nationalists,4512930,1,ᚾᚪᛏᛡᚾᚪᛚᛁᛋᛏᛋ,687
unwarranted,4506826,1,ᚢᚾᚹᚪᚱᚱᚪᚾᛏᛖᛞ,511
conveyances,4499660,1,ᚳᚩᚾᚢᛖᚣᚪᚾᚳᛖᛋ,481
ethnographic,4496561,1,ᛖᚦᚾᚩᚷᚱᚪᛈᚻᛁᚳ,343
commandment,4492456,1,ᚳᚩᛗᛗᚪᚾᛞᛗᛖᚾᛏ,603
inauguration,4486299,1,ᛁᚾᚪᚢᚷᚢᚱᚪᛏᛡᚾ,483
misfortunes,4475510,1,ᛗᛁᛋᚠᚩᚱᛏᚢᚾᛖᛋ,386
perpetually,4472827,1,ᛈᛖᚱᛈᛖᛏᚢᚪᛚᛚᚣ,639
disapproved,4460417,1,ᛞᛁᛋᚪᛈᛈᚱᚩᚢᛖᛞ,533
cytoplasmic,4456953,1,ᚳᚣᛏᚩᛈᛚᚪᛋᛗᛁᚳ,563
provocative,4442620,1,ᛈᚱᚩᚢᚩᚳᚪᛏᛁᚢᛖ,341
designations,4426938,1,ᛞᛖᛋᛁᚷᚾᚪᛏᛡᚾᛋ,631
christendom,4426823,1,ᚳᚻᚱᛁᛋᛏᛖᚾᛞᚩᛗ,453
chlorophyll,4417595,1,ᚳᚻᛚᚩᚱᚩᛈᚻᚣᛚᛚ,449
caterpillar,4411010,1,ᚳᚪᛏᛖᚱᛈᛁᛚᛚᚪᚱ,575
spiritually,4391021,1,ᛋᛈᛁᚱᛁᛏᚢᚪᛚᛚᚣ,577
imperfectly,4382185,1,ᛁᛗᛈᛖᚱᚠᛖᚳᛏᛚᚣ,540
impractical,4379344,1,ᛁᛗᛈᚱᚪᚳᛏᛁᚳᚪᛚ,539
conformation,4378286,1,ᚳᚩᚾᚠᚩᚱᛗᚪᛏᛡᚾ,432
homogeneity,4367148,1,ᚻᚩᛗᚩᚷᛖᚾᛖᛁᛏᚣ,481
capillaries,4365961,1,ᚳᚪᛈᛁᛚᛚᚪᚱᛁᛖᛋ,589
deregulation,4357950,1,ᛞᛖᚱᛖᚷᚢᛚᚪᛏᛡᚾ,619
readjustment,4349417,1,ᚱᛠᛞᛂᚢᛋᛏᛗᛖᚾᛏ,587
assimilated,4347175,1,ᚪᛋᛋᛁᛗᛁᛚᚪᛏᛖᛞ,721
instalments,4347070,1,ᛁᚾᛋᛏᚪᛚᛗᛖᚾᛏᛋ,621
councillors,4340046,1,ᚳᚩᚢᚾᚳᛁᛚᛚᚩᚱᛋ,313
ontological,4337574,1,ᚩᚾᛏᚩᛚᚩᚷᛁᚳᚪᛚ,413
housekeeper,4332950,1,ᚻᚩᚢᛋᛖᚳᛖᛖᛈᛖᚱ,421
metamorphic,4320655,1,ᛗᛖᛏᚪᛗᚩᚱᛈᚻᛁᚳ,493
telegraphic,4317084,1,ᛏᛖᛚᛖᚷᚱᚪᛈᚻᛁᚳ,501
indorsement,4316999,1,ᛁᚾᛞᚩᚱᛋᛖᛗᛖᚾᛏ,513
conductance,4316523,1,ᚳᚩᚾᛞᚢᚳᛏᚪᚾᚳᛖ,419
multivariate,4289482,1,ᛗᚢᛚᛏᛁᚢᚪᚱᛡᛏᛖ,581
impregnated,4261918,1,ᛁᛗᛈᚱᛖᚷᚾᚪᛏᛖᛞ,581
augmentation,4252458,1,ᚪᚢᚷᛗᛖᚾᛏᚪᛏᛡᚾ,635
amalgamation,4250616,1,ᚪᛗᚪᛚᚷᚪᛗᚪᛏᛡᚾ,815
mischievous,4233308,1,ᛗᛁᛋᚳᚻᛁᛖᚢᚩᚢᛋ,355
competitions,4218462,1,ᚳᚩᛗᛈᛖᛏᛁᛏᛡᚾᛋ,539
insecticide,4206441,1,ᛁᚾᛋᛖᚳᛏᛁᚳᛁᛞᛖ,483
hypertrophy,4202300,1,ᚻᚣᛈᛖᚱᛏᚱᚩᛈᚻᚣ,493
functionally,4201489,1,ᚠᚢᚾᚳᛏᛡᚾᚪᛚᛚᚣ,588
protagonist,4181058,1,ᛈᚱᚩᛏᚪᚷᚩᚾᛁᛋᛏ,413
oceanography,4180117,1,ᚩᚳᛠᚾᚩᚷᚱᚪᛈᚻᚣ,459
intoxicated,4179945,1,ᛁᚾᛏᚩᛉᛁᚳᚪᛏᛖᛞ,529
recombinant,4176804,1,ᚱᛖᚳᚩᛗᛒᛁᚾᚪᚾᛏ,475
psychosocial,4175306,1,ᛈᛋᚣᚳᚻᚩᛋᚩᚳᛡᛚ,495
atmospheres,4168427,1,ᚪᛏᛗᚩᛋᛈᚻᛖᚱᛖᛋ,551
chairperson,4157790,1,ᚳᚻᚪᛁᚱᛈᛖᚱᛋᚩᚾ,385
booksellers,4153591,1,ᛒᚩᚩᚳᛋᛖᛚᛚᛖᚱᛋ,485
guardianship,4153580,1,ᚷᚢᚪᚱᛞᛡᚾᛋᚻᛁᛈ,503
experimenting,4152023,1,ᛖᛉᛈᛖᚱᛁᛗᛖᚾᛏᛝ,571
abnormality,4134461,1,ᚪᛒᚾᚩᚱᛗᚪᛚᛁᛏᚣ,639
dispensation,4122900,1,ᛞᛁᛋᛈᛖᚾᛋᚪᛏᛡᚾ,657
capitalized,4121405,1,ᚳᚪᛈᛁᛏᚪᛚᛁᛋᛖᛞ,653
householder,4119012,1,ᚻᚩᚢᛋᛖᚻᚩᛚᛞᛖᚱ,423
consummation,4099371,1,ᚳᚩᚾᛋᚢᛗᛗᚪᛏᛡᚾ,539
remittances,4096018,1,ᚱᛖᛗᛁᛏᛏᚪᚾᚳᛖᛋ,557
combustible,4087228,1,ᚳᚩᛗᛒᚢᛋᛏᛁᛒᛚᛖ,499
yellowstone,4052207,1,ᚣᛖᛚᛚᚩᚹᛋᛏᚩᚾᛖ,557
presupposes,4051209,1,ᛈᚱᛖᛋᚢᛈᛈᚩᛋᛖᛋ,443
confiscated,4042273,1,ᚳᚩᚾᚠᛁᛋᚳᚪᛏᛖᛞ,460
rearrangement,4039852,1,ᚱᛠᚱᚱᚪᛝᛖᛗᛖᚾᛏ,611
transistors,4036858,1,ᛏᚱᚪᚾᛋᛁᛋᛏᚩᚱᛋ,463
antagonists,4013085,1,ᚪᚾᛏᚪᚷᚩᚾᛁᛋᛏᛋ,531
belligerent,3995716,1,ᛒᛖᛚᛚᛁᚷᛖᚱᛖᚾᛏ,555
thoughtfully,3985455,1,ᚦᚩᚢᚷᚻᛏᚠᚢᛚᛚᚣ,368
sociologists,3980988,1,ᛋᚩᚳᛡᛚᚩᚷᛁᛋᛏᛋ,473
insensitive,3977403,1,ᛁᚾᛋᛖᚾᛋᛁᛏᛁᚢᛖ,453
disparities,3973383,1,ᛞᛁᛋᛈᚪᚱᛁᛏᛁᛖᛋ,565
maharashtra,3972672,1,ᛗᚪᚻᚪᚱᚪᛋᚻᛏᚱᚪ,639
circulatory,3970067,1,ᚳᛁᚱᚳᚢᛚᚪᛏᚩᚱᚣ,421
pornography,3962214,0,ᛈᚩᚱᚾᚩᚷᚱᚪᛈᚻᚣ,391
copyrighted,3958730,1,ᚳᚩᛈᚣᚱᛁᚷᚻᛏᛖᛞ,463
lieutenants,3953318,1,ᛚᛁᛖᚢᛏᛖᚾᚪᚾᛏᛋ,567
prostitutes,3947691,1,ᛈᚱᚩᛋᛏᛁᛏᚢᛏᛖᛋ,445
categorized,3942480,1,ᚳᚪᛏᛖᚷᚩᚱᛁᛋᛖᛞ,511
intimidation,3941142,1,ᛁᚾᛏᛁᛗᛁᛞᚪᛏᛡᚾ,633
compressors,3934736,1,ᚳᚩᛗᛈᚱᛖᛋᛋᚩᚱᛋ,389
westchester,3923468,1,ᚹᛖᛋᛏᚳᚻᛖᛋᛏᛖᚱ,491
necessaries,3922824,1,ᚾᛖᚳᛖᛋᛋᚪᚱᛁᛖᛋ,541
restatement,3909307,1,ᚱᛖᛋᛏᚪᛏᛖᛗᛖᚾᛏ,639
accommodating,3897606,1,ᚪᚳᚳᚩᛗᛗᚩᛞᚪᛏᛝ,603
supermarket,3891389,1,ᛋᚢᛈᛖᚱᛗᚪᚱᚳᛖᛏ,495
prosecutors,3883279,1,ᛈᚱᚩᛋᛖᚳᚢᛏᚩᚱᛋ,327
assemblages,3878289,1,ᚪᛋᛋᛖᛗᛒᛚᚪᚷᛖᛋ,709
palestinians,3869084,1,ᛈᚪᛚᛖᛋᛏᛁᚾᛡᚾᛋ,641
biologically,3853738,1,ᛒᛡᛚᚩᚷᛁᚳᚪᛚᛚᚣ,655
predicament,3835759,1,ᛈᚱᛖᛞᛁᚳᚪᛗᛖᚾᛏ,577
parallelism,3827987,1,ᛈᚪᚱᚪᛚᛚᛖᛚᛁᛋᛗ,689
unprotected,3827690,1,ᚢᚾᛈᚱᚩᛏᛖᚳᛏᛖᛞ,447
passionately,3827314,1,ᛈᚪᛋᛋᛡᚾᚪᛏᛖᛚᚣ,781
intracranial,3818701,1,ᛁᚾᛏᚱᚪᚳᚱᚪᚾᛡᛚ,557
impatiently,3814672,1,ᛁᛗᛈᚪᛏᛁᛖᚾᛏᛚᚣ,663
obliterated,3799735,1,ᚩᛒᛚᛁᛏᛖᚱᚪᛏᛖᛞ,621
aquaculture,3796982,1,ᚪᚳᚹᚪᚳᚢᛚᛏᚢᚱᛖ,455
unexplained,3793527,1,ᚢᚾᛖᛉᛈᛚᚪᛁᚾᛖᛞ,575
predominate,3792854,1,ᛈᚱᛖᛞᚩᛗᛁᚾᚪᛏᛖ,571
denominated,3792751,1,ᛞᛖᚾᚩᛗᛁᚾᚪᛏᛖᛞ,635
unwillingness,3778596,1,ᚢᚾᚹᛁᛚᛚᛝᚾᛖᛋᛋ,509
subterranean,3759409,1,ᛋᚢᛒᛏᛖᚱᚱᚪᚾᛠᚾ,529
vertebrates,3757015,1,ᚢᛖᚱᛏᛖᛒᚱᚪᛏᛖᛋ,555
topological,3754830,1,ᛏᚩᛈᚩᛚᚩᚷᛁᚳᚪᛚ,427
therapeutics,3751201,1,ᚦᛖᚱᚪᛈᛖᚢᛏᛁᚳᛋ,449
translators,3747204,1,ᛏᚱᚪᚾᛋᛚᚪᛏᚩᚱᛋ,549
adventurous,3746618,1,ᚪᛞᚢᛖᚾᛏᚢᚱᚩᚢᛋ,421
reciprocating,3742624,1,ᚱᛖᚳᛁᛈᚱᚩᚳᚪᛏᛝ,431
commentator,3739040,1,ᚳᚩᛗᛗᛖᚾᛏᚪᛏᚩᚱ,491
cultivators,3716793,1,ᚳᚢᛚᛏᛁᚢᚪᛏᚩᚱᛋ,409
phosphatase,3715677,1,ᛈᚻᚩᛋᛈᚻᚪᛏᚪᛋᛖ,565
motivational,3713149,1,ᛗᚩᛏᛁᚢᚪᛏᛡᚾᚪᛚ,633
contentment,3710415,1,ᚳᚩᚾᛏᛖᚾᛏᛗᛖᚾᛏ,489
hydrostatic,3709866,1,ᚻᚣᛞᚱᚩᛋᛏᚪᛏᛁᚳ,545
translucent,3704534,1,ᛏᚱᚪᚾᛋᛚᚢᚳᛖᚾᛏ,493
unreasonably,3704460,1,ᚢᚾᚱᛠᛋᚩᚾᚪᛒᛚᚣ,575
counterfeit,3697451,1,ᚳᚩᚢᚾᛏᛖᚱᚠᛖᛁᛏ,348
inclinations,3681717,1,ᛁᚾᚳᛚᛁᚾᚪᛏᛡᚾᛋ,551
macroscopic,3675016,0,ᛗᚪᚳᚱᚩᛋᚳᚩᛈᛁᚳ,359
prophylaxis,3674361,1,ᛈᚱᚩᛈᚻᚣᛚᚪᛉᛁᛋ,531
pessimistic,3672764,1,ᛈᛖᛋᛋᛁᛗᛁᛋᛏᛁᚳ,505
conceivably,3668000,1,ᚳᚩᚾᚳᛖᛁᚢᚪᛒᛚᚣ,497
bacteriology,3659976,0,ᛒᚪᚳᛏᛖᚱᛡᛚᚩᚷᚣ,615
unambiguous,3646577,1,ᚢᚾᚪᛗᛒᛁᚷᚢᚩᚢᛋ,375
perpetrated,3645849,1,ᛈᛖᚱᛈᛖᛏᚱᚪᛏᛖᛞ,613
prematurely,3642366,1,ᛈᚱᛖᛗᚪᛏᚢᚱᛖᛚᚣ,605
mathematician,3641542,1,ᛗᚪᚦᛖᛗᚪᛏᛁᚳᛡᚾ,647
schenectady,3632410,1,ᛋᚳᚻᛖᚾᛖᚳᛏᚪᛞᚣ,613
pretreatment,3610290,1,ᛈᚱᛖᛏᚱᛠᛏᛗᛖᚾᛏ,585
confiscation,3604482,1,ᚳᚩᚾᚠᛁᛋᚳᚪᛏᛡᚾ,440
commendation,3601219,1,ᚳᚩᛗᛗᛖᚾᛞᚪᛏᛡᚾ,639
consecration,3592020,1,ᚳᚩᚾᛋᛖᚳᚱᚪᛏᛡᚾ,485
romanticism,3585081,1,ᚱᚩᛗᚪᚾᛏᛁᚳᛁᛋᛗ,473
consolidating,3568333,1,ᚳᚩᚾᛋᚩᛚᛁᛞᚪᛏᛝ,537
antecedents,3567659,1,ᚪᚾᛏᛖᚳᛖᛞᛖᚾᛏᛋ,629
philanthropy,3556294,1,ᛈᚻᛁᛚᚪᚾᚦᚱᚩᛈᚣ,465
obstructive,3548128,1,ᚩᛒᛋᛏᚱᚢᚳᛏᛁᚢᛖ,367
customarily,3531706,1,ᚳᚢᛋᛏᚩᛗᚪᚱᛁᛚᚣ,521
unequivocal,3530427,1,ᚢᚾᛖᚳᚹᛁᚢᚩᚳᚪᛚ,355
compromises,3527961,1,ᚳᚩᛗᛈᚱᚩᛗᛁᛋᛖᛋ,427
resistances,3522442,1,ᚱᛖᛋᛁᛋᛏᚪᚾᚳᛖᛋ,533
commendable,3521225,1,ᚳᚩᛗᛗᛖᚾᛞᚪᛒᛚᛖ,645
hypothesized,3518042,1,ᚻᚣᛈᚩᚦᛖᛋᛁᛋᛖᛞ,541
veterinarian,3515254,1,ᚢᛖᛏᛖᚱᛁᚾᚪᚱᛡᚾ,511
hellenistic,3513741,1,ᚻᛖᛚᛚᛖᚾᛁᛋᛏᛁᚳ,519
chromosomal,3508640,1,ᚳᚻᚱᚩᛗᚩᛋᚩᛗᚪᛚ,433
christensen,3500133,0,ᚳᚻᚱᛁᛋᛏᛖᚾᛋᛖᚾ,435
disseminate,3494797,1,ᛞᛁᛋᛋᛖᛗᛁᚾᚪᛏᛖ,647
adventurers,3483778,1,ᚪᛞᚢᛖᚾᛏᚢᚱᛖᚱᛋ,489
experiential,3475957,1,ᛖᛉᛈᛖᚱᛁᛖᚾᛏᛡᛚ,601
pharmacists,3473457,1,ᛈᚻᚪᚱᛗᚪᚳᛁᛋᛏᛋ,551
reformatory,3471480,1,ᚱᛖᚠᚩᚱᛗᚪᛏᚩᚱᚣ,446
substantiate,3452307,1,ᛋᚢᛒᛋᛏᚪᚾᛏᛡᛏᛖ,647
formalities,3437286,1,ᚠᚩᚱᛗᚪᛚᛁᛏᛁᛖᛋ,502
hierarchies,3424110,1,ᚻᛁᛖᚱᚪᚱᚳᚻᛁᛖᛋ,427
intercepted,3421713,1,ᛁᚾᛏᛖᚱᚳᛖᛈᛏᛖᛞ,535
impartiality,3421011,1,ᛁᛗᛈᚪᚱᛏᛡᛚᛁᛏᚣ,685
ambivalence,3414617,1,ᚪᛗᛒᛁᚢᚪᛚᛖᚾᚳᛖ,609
fitzpatrick,3398249,1,ᚠᛁᛏᛋᛈᚪᛏᚱᛁᚳᚳ,412
totalitarian,3395832,1,ᛏᚩᛏᚪᛚᛁᛏᚪᚱᛡᚾ,629
eigenvalues,3388257,1,ᛖᛁᚷᛖᚾᚢᚪᛚᚢᛖᛋ,507
inactivation,3368962,1,ᛁᚾᚪᚳᛏᛁᚢᚪᛏᛡᚾ,555
refreshment,3366888,1,ᚱᛖᚠᚱᛖᛋᚻᛗᛖᚾᛏ,460
millimeters,3365234,1,ᛗᛁᛚᛚᛁᛗᛖᛏᛖᚱᛋ,607
appreciative,3354544,1,ᚪᛈᛈᚱᛖᚳᛡᛏᛁᚢᛖ,541
astronomers,3353357,1,ᚪᛋᛏᚱᚩᚾᚩᛗᛖᚱᛋ,465
criminology,3351848,1,ᚳᚱᛁᛗᛁᚾᚩᛚᚩᚷᚣ,393
proportioned,3340233,1,ᛈᚱᚩᛈᚩᚱᛏᛡᚾᛖᛞ,473
ineffectual,3340180,1,ᛁᚾᛖᚠᚠᛖᚳᛏᚢᚪᛚ,443
attainments,3336425,1,ᚪᛏᛏᚪᛁᚾᛗᛖᚾᛏᛋ,651
distributes,3328226,1,ᛞᛁᛋᛏᚱᛁᛒᚢᛏᛖᛋ,517
memberships,3325051,1,ᛗᛖᛗᛒᛖᚱᛋᚻᛁᛈᛋ,551
disinfection,3322459,1,ᛞᛁᛋᛁᚾᚠᛖᚳᛏᛡᚾ,510
faithfulness,3319543,1,ᚠᚪᛁᚦᚠᚢᛚᚾᛖᛋᛋ,415
irrevocable,3315702,1,ᛁᚱᚱᛖᚢᚩᚳᚪᛒᛚᛖ,441
encompassed,3312295,1,ᛖᚾᚳᚩᛗᛈᚪᛋᛋᛖᛞ,589
perspiration,3310068,1,ᛈᛖᚱᛋᛈᛁᚱᚪᛏᛡᚾ,551
naturalized,3309900,1,ᚾᚪᛏᚢᚱᚪᛚᛁᛋᛖᛞ,609
promulgation,3303407,1,ᛈᚱᚩᛗᚢᛚᚷᚪᛏᛡᚾ,517
fractionation,3300027,1,ᚠᚱᚪᚳᛏᛡᚾᚪᛏᛡᚾ,610
stewardship,3295757,1,ᛋᛏᛖᚹᚪᚱᛞᛋᚻᛁᛈ,545
anisotropic,3285556,1,ᚪᚾᛁᛋᚩᛏᚱᚩᛈᛁᚳ,381
irreparable,3273972,1,ᛁᚱᚱᛖᛈᚪᚱᚪᛒᛚᛖ,569
pregnancies,3271644,1,ᛈᚱᛖᚷᚾᚪᚾᚳᛁᛖᛋ,457
consignment,3268935,1,ᚳᚩᚾᛋᛁᚷᚾᛗᛖᚾᛏ,405
circumcision,3263040,1,ᚳᛁᚱᚳᚢᛗᚳᛁᛋᛡᚾ,375
reflectance,3258539,1,ᚱᛖᚠᛚᛖᚳᛏᚪᚾᚳᛖ,498
erythrocytes,3257880,1,ᛖᚱᚣᚦᚱᚩᚳᚣᛏᛖᛋ,499
williamsburg,3234541,1,ᚹᛁᛚᛚᛡᛗᛋᛒᚢᚱᚷ,519
irreducible,3234108,1,ᛁᚱᚱᛖᛞᚢᚳᛁᛒᛚᛖ,457
radiographic,3217531,0,ᚱᚪᛞᛡᚷᚱᚪᛈᚻᛁᚳ,539
versatility,3217246,1,ᚢᛖᚱᛋᚪᛏᛁᛚᛁᛏᚣ,587
preoperative,3210837,1,ᛈᚱᛇᛈᛖᚱᚪᛏᛁᚢᛖ,473
accentuated,3205443,1,ᚪᚳᚳᛖᚾᛏᚢᚪᛏᛖᛞ,593
subconscious,3202653,1,ᛋᚢᛒᚳᚩᚾᛋᚳᛡᚢᛋ,395
unsupported,3194359,1,ᚢᚾᛋᚢᛈᛈᚩᚱᛏᛖᛞ,407
programmers,3184017,1,ᛈᚱᚩᚷᚱᚪᛗᛗᛖᚱᛋ,459
gainesville,3180922,1,ᚷᚪᛁᚾᛖᛋᚢᛁᛚᛚᛖ,541
delinquents,3169830,1,ᛞᛖᛚᛁᚾᚳᚹᛖᚾᛏᛋ,529
hydrophobic,3169691,1,ᚻᚣᛞᚱᚩᛈᚻᚩᛒᛁᚳ,411
exacerbated,3167079,1,ᛖᛉᚪᚳᛖᚱᛒᚪᛏᛖᛞ,675
constriction,3160812,1,ᚳᚩᚾᛋᛏᚱᛁᚳᛏᛡᚾ,411
collaborate,3160555,1,ᚳᚩᛚᛚᚪᛒᚩᚱᚪᛏᛖ,565
administers,3157006,1,ᚪᛞᛗᛁᚾᛁᛋᛏᛖᚱᛋ,591
intuitively,3147594,1,ᛁᚾᛏᚢᛁᛏᛁᚢᛖᛚᚣ,489
susquehanna,3142254,1,ᛋᚢᛋᚳᚹᛖᚻᚪᚾᚾᚪ,483
supplementing,3141586,1,ᛋᚢᛈᛈᛚᛖᛗᛖᚾᛏᛝ,587
impediments,3139240,1,ᛁᛗᛈᛖᛞᛁᛗᛖᚾᛏᛋ,611
naturalists,3128421,1,ᚾᚪᛏᚢᚱᚪᛚᛁᛋᛏᛋ,565
impairments,3126995,1,ᛁᛗᛈᚪᛁᚱᛗᛖᚾᛏᛋ,563
allegorical,3121808,1,ᚪᛚᛚᛖᚷᚩᚱᛁᚳᚪᛚ,559
encyclopaedia,3117797,1,ᛖᚾᚳᚣᚳᛚᚩᛈᚫᛞᛡ,645
receivables,3115576,1,ᚱᛖᚳᛖᛁᚢᚪᛒᛚᛖᛋ,543
bondholders,3107962,1,ᛒᚩᚾᛞᚻᚩᛚᛞᛖᚱᛋ,509
underwriter,3107421,1,ᚢᚾᛞᛖᚱᚹᚱᛁᛏᛖᚱ,397
integrative,3104421,1,ᛁᚾᛏᛖᚷᚱᚪᛏᛁᚢᛖ,471
gasification,3096286,1,ᚷᚪᛋᛁᚠᛁᚳᚪᛏᛡᚾ,536
nonexistent,3096087,1,ᚾᚩᚾᛖᛉᛁᛋᛏᛖᚾᛏ,477
charlemagne,3076108,1,ᚳᚻᚪᚱᛚᛖᛗᚪᚷᚾᛖ,565
aristotelian,3067483,1,ᚪᚱᛁᛋᛏᚩᛏᛖᛚᛡᚾ,593
testimonies,3067364,1,ᛏᛖᛋᛏᛁᛗᚩᚾᛁᛖᛋ,527
commemorate,3062578,1,ᚳᚩᛗᛗᛖᛗᚩᚱᚪᛏᛖ,541
employments,3060869,1,ᛖᛗᛈᛚᚩᚣᛗᛖᚾᛏᛋ,643
cornerstone,3059763,1,ᚳᚩᚱᚾᛖᚱᛋᛏᚩᚾᛖ,353
anticipates,3052481,1,ᚪᚾᛏᛁᚳᛁᛈᚪᛏᛖᛋ,579
intensively,3051698,1,ᛁᚾᛏᛖᚾᛋᛁᚢᛖᛚᚣ,545
mythological,3051656,1,ᛗᚣᚦᚩᛚᚩᚷᛁᚳᚪᛚ,497
nonspecific,3048601,1,ᚾᚩᚾᛋᛈᛖᚳᛁᚠᛁᚳ,318
charismatic,3047795,1,ᚳᚻᚪᚱᛁᛋᛗᚪᛏᛁᚳ,499
refinements,3039490,1,ᚱᛖᚠᛁᚾᛖᛗᛖᚾᛏᛋ,486
switchboard,3034585,1,ᛋᚹᛁᛏᚳᚻᛒᚩᚪᚱᛞ,463
determinate,3031760,1,ᛞᛖᛏᛖᚱᛗᛁᚾᚪᛏᛖ,647
speculators,3029941,1,ᛋᛈᛖᚳᚢᛚᚪᛏᚩᚱᛋ,479
approximating,3025202,1,ᚪᛈᛈᚱᚩᛉᛁᛗᚪᛏᛝ,585
disgraceful,3021006,1,ᛞᛁᛋᚷᚱᚪᚳᛖᚠᚢᛚ,456
intertwined,3018512,1,ᛁᚾᛏᛖᚱᛏᚹᛁᚾᛖᛞ,491
codification,3009236,1,ᚳᚩᛞᛁᚠᛁᚳᚪᛏᛡᚾ,478
prohibitive,3008709,1,ᛈᚱᚩᚻᛁᛒᛁᛏᛁᚢᛖ,367
thermometers,3008105,1,ᚦᛖᚱᛗᚩᛗᛖᛏᛖᚱᛋ,489
hypothalamus,3004322,1,ᚻᚣᛈᚩᚦᚪᛚᚪᛗᚢᛋ,575
stakeholder,3003486,1,ᛋᛏᚪᚳᛖᚻᚩᛚᛞᛖᚱ,559
dynamically,3002339,1,ᛞᚣᚾᚪᛗᛁᚳᚪᛚᛚᚣ,779
consummated,3001637,1,ᚳᚩᚾᛋᚢᛗᛗᚪᛏᛖᛞ,559
conscription,2989989,1,ᚳᚩᚾᛋᚳᚱᛁᛈᛏᛡᚾ,395
peritonitis,2988630,0,ᛈᛖᚱᛁᛏᚩᚾᛁᛏᛁᛋ,421
supernatant,2976678,1,ᛋᚢᛈᛖᚱᚾᚪᛏᚪᚾᛏ,547
clandestine,2972486,1,ᚳᛚᚪᚾᛞᛖᛋᛏᛁᚾᛖ,607
minimization,2971121,1,ᛗᛁᚾᛁᛗᛁᛋᚪᛏᛡᚾ,609
chronically,2965574,1,ᚳᚻᚱᚩᚾᛁᚳᚪᛚᛚᚣ,473
festivities,2965298,1,ᚠᛖᛋᛏᛁᚢᛁᛏᛁᛖᛋ,456
curtailment,2964014,1,ᚳᚢᚱᛏᚪᛁᛚᛗᛖᚾᛏ,513
conservancy,2958626,1,ᚳᚩᚾᛋᛖᚱᚢᚪᚾᚳᚣ,425
chlorinated,2952220,1,ᚳᚻᛚᚩᚱᛁᚾᚪᛏᛖᛞ,499
incessantly,2952093,1,ᛁᚾᚳᛖᛋᛋᚪᚾᛏᛚᚣ,607
complements,2934831,1,ᚳᚩᛗᛈᛚᛖᛗᛖᚾᛏᛋ,553
nervousness,2924738,1,ᚾᛖᚱᚢᚩᚢᛋᚾᛖᛋᛋ,375
apocalyptic,2919249,1,ᚪᛈᚩᚳᚪᛚᚣᛈᛏᛁᚳ,579
nitrogenous,2914086,1,ᚾᛁᛏᚱᚩᚷᛖᚾᚩᚢᛋ,313
facilitation,2914059,1,ᚠᚪᚳᛁᛚᛁᛏᚪᛏᛡᚾ,598
adjudicated,2910251,1,ᚪᛞᛂᚢᛞᛁᚳᚪᛏᛖᛞ,671
contrivance,2902686,1,ᚳᚩᚾᛏᚱᛁᚢᚪᚾᚳᛖ,359
contaminant,2885642,1,ᚳᚩᚾᛏᚪᛗᛁᚾᚪᚾᛏ,521
tallahassee,2880962,1,ᛏᚪᛚᛚᚪᚻᚪᛋᛋᛖᛖ,759
neutralized,2861186,1,ᚾᛖᚢᛏᚱᚪᛚᛁᛋᛖᛞ,579
inoperative,2855791,1,ᛁᚾᚩᛈᛖᚱᚪᛏᛁᚢᛖ,445
fibroblasts,2847302,1,ᚠᛁᛒᚱᚩᛒᛚᚪᛋᛏᛋ,508
epinephrine,2844206,1,ᛖᛈᛁᚾᛖᛈᚻᚱᛁᚾᛖ,441
overcrowded,2837124,1,ᚩᚢᛖᚱᚳᚱᚩᚹᛞᛖᛞ,383
deformations,2834970,1,ᛞᛖᚠᚩᚱᛗᚪᛏᛡᚾᛋ,592
complacency,2834164,1,ᚳᚩᛗᛈᛚᚪᚳᛖᚾᚳᚣ,529
abstractions,2821982,1,ᚪᛒᛋᛏᚱᚪᚳᛏᛡᚾᛋ,639
condominium,2816868,1,ᚳᚩᚾᛞᚩᛗᛁᚾᛁᚢᛗ,381
polypeptide,2809394,1,ᛈᚩᛚᚣᛈᛖᛈᛏᛁᛞᛖ,625
consultancy,2806687,1,ᚳᚩᚾᛋᚢᛚᛏᚪᚾᚳᚣ,479
liquefaction,2806640,1,ᛚᛁᚳᚹᛖᚠᚪᚳᛏᛡᚾ,510
refrigerating,2806103,1,ᚱᛖᚠᚱᛁᚷᛖᚱᚪᛏᛝ,452
parishioners,2805288,1,ᛈᚪᚱᛁᛋᚻᛡᚾᛖᚱᛋ,525
ambiguities,2797760,1,ᚪᛗᛒᛁᚷᚢᛁᛏᛁᛖᛋ,521
deuteronomy,2778514,1,ᛞᛖᚢᛏᛖᚱᚩᚾᚩᛗᚣ,513
menstruation,2776583,1,ᛗᛖᚾᛋᛏᚱᚢᚪᛏᛡᚾ,585
adulteration,2773278,1,ᚪᛞᚢᛚᛏᛖᚱᚪᛏᛡᚾ,691
hemorrhagic,2764645,1,ᚻᛖᛗᚩᚱᚱᚻᚪᚷᛁᚳ,371
schoolhouse,2758335,1,ᛋᚳᚻᚩᚩᛚᚻᚩᚢᛋᛖ,329
presumptive,2751824,1,ᛈᚱᛖᛋᚢᛗᛈᛏᛁᚢᛖ,451
transmittal,2748992,1,ᛏᚱᚪᚾᛋᛗᛁᛏᛏᚪᛚ,639
scarborough,2745791,1,ᛋᚳᚪᚱᛒᚩᚱᚩᚢᚷᚻ,303
osteoporosis,2745162,0,ᚩᛋᛏᛇᛈᚩᚱᚩᛋᛁᛋ,365
worshippers,2738214,1,ᚹᚩᚱᛋᚻᛁᛈᛈᛖᚱᛋ,361
negligently,2737837,1,ᚾᛖᚷᛚᛁᚷᛖᚾᛏᛚᚣ,565
mechanistic,2735631,1,ᛗᛖᚳᚻᚪᚾᛁᛋᛏᛁᚳ,487
forfeitures,2733634,1,ᚠᚩᚱᚠᛖᛁᛏᚢᚱᛖᛋ,313
discredited,2727415,1,ᛞᛁᛋᚳᚱᛖᛞᛁᛏᛖᛞ,599
transducers,2719107,1,ᛏᚱᚪᚾᛋᛞᚢᚳᛖᚱᛋ,485
consciences,2717261,1,ᚳᚩᚾᛋᚳᛁᛖᚾᚳᛖᛋ,375
considerate,2704853,1,ᚳᚩᚾᛋᛁᛞᛖᚱᚪᛏᛖ,523
precipitating,2704692,1,ᛈᚱᛖᚳᛁᛈᛁᛏᚪᛏᛝ,533
contradicts,2703567,1,ᚳᚩᚾᛏᚱᚪᛞᛁᚳᛏᛋ,461
literatures,2698717,1,ᛚᛁᛏᛖᚱᚪᛏᚢᚱᛖᛋ,531
unhappiness,2695092,1,ᚢᚾᚻᚪᛈᛈᛁᚾᛖᛋᛋ,471
elaborately,2692880,1,ᛖᛚᚪᛒᚩᚱᚪᛏᛖᛚᚣ,715
adulterated,2691685,1,ᚪᛞᚢᛚᛏᛖᚱᚪᛏᛖᛞ,711
subservient,2682309,1,ᛋᚢᛒᛋᛖᚱᚢᛁᛖᚾᛏ,437
frantically,2681755,1,ᚠᚱᚪᚾᛏᛁᚳᚪᛚᛚᚣ,588
unobligated,2679529,1,ᚢᚾᚩᛒᛚᛁᚷᚪᛏᛖᛞ,533
thoroughness,2678802,1,ᚦᚩᚱᚩᚢᚷᚻᚾᛖᛋᛋ,275
exasperated,2676363,1,ᛖᛉᚪᛋᛈᛖᚱᚪᛏᛖᛞ,697
perpetuated,2674283,1,ᛈᛖᚱᛈᛖᛏᚢᚪᛏᛖᛞ,605
statistician,2664955,1,ᛋᛏᚪᛏᛁᛋᛏᛁᚳᛡᚾ,591
connotations,2662306,1,ᚳᚩᚾᚾᚩᛏᚪᛏᛡᚾᛋ,489
determinism,2660577,1,ᛞᛖᛏᛖᚱᛗᛁᚾᛁᛋᛗ,579
hemispheres,2658025,1,ᚻᛖᛗᛁᛋᛈᚻᛖᚱᛖᛋ,509
importations,2656934,1,ᛁᛗᛈᚩᚱᛏᚪᛏᛡᚾᛋ,567
geochemistry,2656617,1,ᚷᛇᚳᚻᛖᛗᛁᛋᛏᚱᚣ,489
hydrothermal,2655074,1,ᚻᚣᛞᚱᚩᚦᛖᚱᛗᚪᛚ,557
presumptions,2645038,1,ᛈᚱᛖᛋᚢᛗᛈᛏᛡᚾᛋ,539
exquisitely,2634577,1,ᛖᛉᚳᚹᛁᛋᛁᛏᛖᛚᚣ,563
receptacles,2634228,1,ᚱᛖᚳᛖᛈᛏᚪᚳᛚᛖᛋ,563
regenerated,2631359,1,ᚱᛖᚷᛖᚾᛖᚱᚪᛏᛖᛞ,581
inescapable,2620588,1,ᛁᚾᛖᛋᚳᚪᛈᚪᛒᛚᛖ,631
intractable,2618365,1,ᛁᚾᛏᚱᚪᚳᛏᚪᛒᛚᛖ,597
infertility,2615220,1,ᛁᚾᚠᛖᚱᛏᛁᛚᛁᛏᚣ,496
attentively,2612242,1,ᚪᛏᛏᛖᚾᛏᛁᚢᛖᛚᚣ,647
imaginations,2611822,1,ᛁᛗᚪᚷᛁᚾᚪᛏᛡᚾᛋ,621
kirkpatrick,2609277,1,ᚳᛁᚱᚳᛈᚪᛏᚱᛁᚳᚳ,335
playgrounds,2602914,1,ᛈᛚᚪᚣᚷᚱᚩᚢᚾᛞᛋ,525
dormitories,2600030,1,ᛞᚩᚱᛗᛁᛏᚩᚱᛁᛖᛋ,437
conjectures,2599414,1,ᚳᚩᚾᛂᛖᚳᛏᚢᚱᛖᛋ,359
frustrations,2595402,1,ᚠᚱᚢᛋᛏᚱᚪᛏᛡᚾᛋ,484
accountancy,2591269,1,ᚪᚳᚳᚩᚢᚾᛏᚪᚾᚳᚣ,463
counsellors,2587424,1,ᚳᚩᚢᚾᛋᛖᛚᛚᚩᚱᛋ,389
polystyrene,2578037,1,ᛈᚩᛚᚣᛋᛏᚣᚱᛖᚾᛖ,615
conservator,2577696,1,ᚳᚩᚾᛋᛖᚱᚢᚪᛏᚩᚱ,357
carbonaceous,2577058,1,ᚳᚪᚱᛒᚩᚾᚪᚳᛇᚢᛋ,425
michelangelo,2574581,1,ᛗᛁᚳᚻᛖᛚᚪᛝᛖᛚᚩ,601
navigational,2573753,1,ᚾᚪᚢᛁᚷᚪᛏᛡᚾᚪᛚ,639
presentment,2561037,1,ᛈᚱᛖᛋᛖᚾᛏᛗᛖᚾᛏ,555
indictments,2560274,1,ᛁᚾᛞᛁᚳᛏᛗᛖᚾᛏᛋ,531
accumulates,2551911,1,ᚪᚳᚳᚢᛗᚢᛚᚪᛏᛖᛋ,549
inducements,2551779,1,ᛁᚾᛞᚢᚳᛖᛗᛖᚾᛏᛋ,511
requisitions,2531340,1,ᚱᛖᚳᚹᛁᛋᛁᛏᛡᚾᛋ,473
imperatives,2529910,1,ᛁᛗᛈᛖᚱᚪᛏᛁᚢᛖᛋ,533
spontaneity,2529473,1,ᛋᛈᚩᚾᛏᚪᚾᛖᛁᛏᚣ,577
imperialists,2523394,1,ᛁᛗᛈᛖᚱᛡᛚᛁᛋᛏᛋ,599
imperfection,2517968,1,ᛁᛗᛈᛖᚱᚠᛖᚳᛏᛡᚾ,500
constricted,2516813,1,ᚳᚩᚾᛋᛏᚱᛁᚳᛏᛖᛞ,431
econometric,2515538,1,ᛖᚳᚩᚾᚩᛗᛖᛏᚱᛁᚳ,375
criminality,2512898,1,ᚳᚱᛁᛗᛁᚾᚪᛚᛁᛏᚣ,549
enrollments,2512217,1,ᛖᚾᚱᚩᛚᛚᛗᛖᚾᛏᛋ,539
detachments,2510555,1,ᛞᛖᛏᚪᚳᚻᛗᛖᚾᛏᛋ,627
substandard,2501784,1,ᛋᚢᛒᛋᛏᚪᚾᛞᚪᚱᛞ,641
thermocouple,2496044,1,ᚦᛖᚱᛗᚩᚳᚩᚢᛈᛚᛖ,367
celebrities,2490850,1,ᚳᛖᛚᛖᛒᚱᛁᛏᛁᛖᛋ,533
unconnected,2485799,1,ᚢᚾᚳᚩᚾᚾᛖᚳᛏᛖᛞ,405
unjustified,2480719,1,ᚢᚾᛂᚢᛋᛏᛁᚠᛁᛖᛞ,404
trusteeship,2478731,1,ᛏᚱᚢᛋᛏᛖᛖᛋᚻᛁᛈ,469
kierkegaard,2478260,1,ᚳᛁᛖᚱᚳᛖᚷᚪᚪᚱᛞ,513
mimeographed,2468630,1,ᛗᛁᛗᛇᚷᚱᚪᛈᚻᛖᛞ,561
restorative,2466432,1,ᚱᛖᛋᛏᚩᚱᚪᛏᛁᚢᛖ,465
expropriation,2462441,1,ᛖᛉᛈᚱᚩᛈᚱᛡᛏᛡᚾ,531
probationary,2458927,1,ᛈᚱᚩᛒᚪᛏᛡᚾᚪᚱᚣ,625
fibrillation,2458814,1,ᚠᛁᛒᚱᛁᛚᛚᚪᛏᛡᚾ,574
sequentially,2450304,1,ᛋᛖᚳᚹᛖᚾᛏᛡᛚᛚᚣ,663
necessitating,2449964,1,ᚾᛖᚳᛖᛋᛋᛁᛏᚪᛏᛝ,607
terminations,2448308,1,ᛏᛖᚱᛗᛁᚾᚪᛏᛡᚾᛋ,613
unsolicited,2442732,1,ᚢᚾᛋᚩᛚᛁᚳᛁᛏᛖᛞ,455
precipitous,2435763,1,ᛈᚱᛖᚳᛁᛈᛁᛏᚩᚢᛋ,361
philistines,2432537,1,ᛈᚻᛁᛚᛁᛋᛏᛁᚾᛖᛋ,493
inequitable,2430108,1,ᛁᚾᛖᚳᚹᛁᛏᚪᛒᛚᛖ,547
transplants,2428090,1,ᛏᚱᚪᚾᛋᛈᛚᚪᚾᛏᛋ,603
mendelssohn,2427419,1,ᛗᛖᚾᛞᛖᛚᛋᛋᚩᚻᚾ,561
intimidated,2411127,1,ᛁᚾᛏᛁᛗᛁᛞᚪᛏᛖᛞ,653
recollected,2409053,1,ᚱᛖᚳᚩᛚᛚᛖᚳᛏᛖᛞ,539
immobilized,2402584,1,ᛁᛗᛗᚩᛒᛁᛚᛁᛋᛖᛞ,585
paleontology,2401481,0,ᛈᚪᛚᛇᚾᛏᚩᛚᚩᚷᚣ,549
dilapidated,2398071,1,ᛞᛁᛚᚪᛈᛁᛞᚪᛏᛖᛞ,765
newsletters,2392932,1,ᚾᛖᚹᛋᛚᛖᛏᛏᛖᚱᛋ,557
permanganate,2385222,1,ᛈᛖᚱᛗᚪᛝᚪᚾᚪᛏᛖ,717
straightening,2372044,1,ᛋᛏᚱᚪᛁᚷᚻᛏᛖᚾᛝ,525
garnishment,2362454,1,ᚷᚪᚱᚾᛁᛋᚻᛗᛖᚾᛏ,487
mercenaries,2361120,1,ᛗᛖᚱᚳᛖᚾᚪᚱᛁᛖᛋ,517
subtropical,2360976,1,ᛋᚢᛒᛏᚱᚩᛈᛁᚳᚪᛚ,451
strenuously,2360582,1,ᛋᛏᚱᛖᚾᚢᚩᚢᛋᛚᚣ,461
overpayment,2358672,1,ᚩᚢᛖᚱᛈᚪᚣᛗᛖᚾᛏ,557
typewritten,2354834,1,ᛏᚣᛈᛖᚹᚱᛁᛏᛏᛖᚾ,547
disseminating,2353038,1,ᛞᛁᛋᛋᛖᛗᛁᚾᚪᛏᛝ,659
depredations,2350397,1,ᛞᛖᛈᚱᛖᛞᚪᛏᛡᚾᛋ,711
unsatisfied,2340337,1,ᚢᚾᛋᚪᛏᛁᛋᚠᛁᛖᛞ,514
hypothalamic,2338251,1,ᚻᚣᛈᚩᚦᚪᛚᚪᛗᛁᚳ,563
oscillatory,2331571,1,ᚩᛋᚳᛁᛚᛚᚪᛏᚩᚱᚣ,527
intercession,2326442,1,ᛁᚾᛏᛖᚱᚳᛖᛋᛋᛡᚾ,519
illustrator,2326354,1,ᛁᛚᛚᚢᛋᛏᚱᚪᛏᚩᚱ,477
inflammable,2324424,1,ᛁᚾᚠᛚᚪᛗᛗᚪᛒᛚᛖ,672
perpetrator,2324134,1,ᛈᛖᚱᛈᛖᛏᚱᚪᛏᚩᚱ,475
conciliatory,2315013,1,ᚳᚩᚾᚳᛁᛚᛡᛏᚩᚱᚣ,453
deformities,2312775,1,ᛞᛖᚠᚩᚱᛗᛁᛏᛁᛖᛋ,488
fortnightly,2309332,1,ᚠᚩᚱᛏᚾᛁᚷᚻᛏᛚᚣ,414
freeholders,2304905,1,ᚠᚱᛖᛖᚻᚩᛚᛞᛖᚱᛋ,470
unquestioned,2298337,1,ᚢᚾᚳᚹᛖᛋᛏᛡᚾᛖᛞ,535
perforations,2292379,1,ᛈᛖᚱᚠᚩᚱᚪᛏᛡᚾᛋ,486
lipoprotein,2288321,1,ᛚᛁᛈᚩᛈᚱᚩᛏᛖᛁᚾ,401
intersected,2286152,1,ᛁᚾᛏᛖᚱᛋᛖᚳᛏᛖᛞ,545
degenerated,2272490,1,ᛞᛖᚷᛖᚾᛖᚱᚪᛏᛖᛞ,659
handwritten,2271719,1,ᚻᚪᚾᛞᚹᚱᛁᛏᛏᛖᚾ,513
inestimable,2269832,1,ᛁᚾᛖᛋᛏᛁᛗᚪᛒᛚᛖ,639
calorimeter,2266738,0,ᚳᚪᛚᚩᚱᛁᛗᛖᛏᛖᚱ,507
absenteeism,2260858,1,ᚪᛒᛋᛖᚾᛏᛖᛖᛁᛋᛗ,655
distractions,2253484,1,ᛞᛁᛋᛏᚱᚪᚳᛏᛡᚾᛋ,601
pancreatitis,2252759,0,ᛈᚪᚾᚳᚱᛠᛏᛁᛏᛁᛋ,535
thoroughfare,2251669,1,ᚦᚩᚱᚩᚢᚷᚻᚠᚪᚱᛖ,250
testimonials,2250954,1,ᛏᛖᛋᛏᛁᛗᚩᚾᛡᛚᛋ,609
comprehending,2250577,1,ᚳᚩᛗᛈᚱᛖᚻᛖᚾᛞᛝ,499
genuineness,2248225,1,ᚷᛖᚾᚢᛁᚾᛖᚾᛖᛋᛋ,445
annihilated,2247784,1,ᚪᚾᚾᛁᚻᛁᛚᚪᛏᛖᛞ,625
unorganized,2247142,1,ᚢᚾᚩᚱᚷᚪᚾᛁᛋᛖᛞ,433
transplanting,2242130,1,ᛏᚱᚪᚾᛋᛈᛚᚪᚾᛏᛝ,629
discernment,2240287,1,ᛞᛁᛋᚳᛖᚱᚾᛗᛖᚾᛏ,519
infirmities,2238184,1,ᛁᚾᚠᛁᚱᛗᛁᛏᛁᛖᛋ,416
spermatozoa,2238004,1,ᛋᛈᛖᚱᛗᚪᛏᚩᛋᚩᚪ,565
bicentennial,2237108,1,ᛒᛁᚳᛖᚾᛏᛖᚾᚾᛡᛚ,565
foundational,2235267,1,ᚠᚩᚢᚾᛞᚪᛏᛡᚾᚪᛚ,592
indivisible,2224008,1,ᛁᚾᛞᛁᚢᛁᛋᛁᛒᛚᛖ,499
neoclassical,2219571,1,ᚾᛇᚳᛚᚪᛋᛋᛁᚳᚪᛚ,573
persecutions,2217995,1,ᛈᛖᚱᛋᛖᚳᚢᛏᛡᚾᛋ,505
scrutinized,2214310,1,ᛋᚳᚱᚢᛏᛁᚾᛁᛋᛖᛞ,439
republished,2211690,1,ᚱᛖᛈᚢᛒᛚᛁᛋᚻᛖᛞ,521
unsurpassed,2210862,1,ᚢᚾᛋᚢᚱᛈᚪᛋᛋᛖᛞ,501
subcontract,2205723,1,ᛋᚢᛒᚳᚩᚾᛏᚱᚪᚳᛏ,405
arithmetical,2204907,1,ᚪᚱᛁᚦᛗᛖᛏᛁᚳᚪᛚ,555
facilitator,2204278,1,ᚠᚪᚳᛁᛚᛁᛏᚪᛏᚩᚱ,480
pigmentation,2197591,1,ᛈᛁᚷᛗᛖᚾᛏᚪᛏᛡᚾ,609
identically,2195373,1,ᛁᛞᛖᚾᛏᛁᚳᚪᛚᛚᚣ,665
acceptances,2195162,1,ᚪᚳᚳᛖᛈᛏᚪᚾᚳᛖᛋ,551
hippocampus,2193743,1,ᚻᛁᛈᛈᚩᚳᚪᛗᛈᚢᛋ,427
motorcycles,2187244,1,ᛗᚩᛏᚩᚱᚳᚣᚳᛚᛖᛋ,477
constructor,2185542,1,ᚳᚩᚾᛋᛏᚱᚢᚳᛏᚩᚱ,265
unregulated,2179966,1,ᚢᚾᚱᛖᚷᚢᛚᚪᛏᛖᛞ,515
mysteriously,2179589,1,ᛗᚣᛋᛏᛖᚱᛡᚢᛋᛚᚣ,703
correlative,2175995,1,ᚳᚩᚱᚱᛖᛚᚪᛏᛁᚢᛖ,439
fertilisers,2173775,1,ᚠᛖᚱᛏᛁᛚᛁᛋᛖᚱᛋ,458
outnumbered,2170123,1,ᚩᚢᛏᚾᚢᛗᛒᛖᚱᛖᛞ,467
conformance,2161308,1,ᚳᚩᚾᚠᚩᚱᛗᚪᚾᚳᛖ,346
cauliflower,2158228,1,ᚳᚪᚢᛚᛁᚠᛚᚩᚹᛖᚱ,396
gallbladder,2158193,1,ᚷᚪᛚᛚᛒᛚᚪᛞᛞᛖᚱ,747
distasteful,2154215,1,ᛞᛁᛋᛏᚪᛋᛏᛖᚠᚢᛚ,586
uninteresting,2148139,1,ᚢᚾᛁᚾᛏᛖᚱᛖᛋᛏᛝ,487
depositional,2145413,1,ᛞᛖᛈᚩᛋᛁᛏᛡᚾᚪᛚ,655
iconography,2142058,1,ᛁᚳᚩᚾᚩᚷᚱᚪᛈᚻᚣ,381
sacramental,2140730,1,ᛋᚪᚳᚱᚪᛗᛖᚾᛏᚪᛚ,667
regrettable,2137483,1,ᚱᛖᚷᚱᛖᛏᛏᚪᛒᛚᛖ,589
battleships,2135099,1,ᛒᚪᛏᛏᛚᛖᛋᚻᛁᛈᛋ,619
homosexuals,2134076,1,ᚻᚩᛗᚩᛋᛖᛉᚢᚪᛚᛋ,501
emancipated,2133952,1,ᛖᛗᚪᚾᚳᛁᛈᚪᛏᛖᛞ,663
ferruginous,2131572,1,ᚠᛖᚱᚱᚢᚷᛁᚾᚩᚢᛋ,234
signatories,2131001,1,ᛋᛁᚷᚾᚪᛏᚩᚱᛁᛖᛋ,455
contestants,2125190,1,ᚳᚩᚾᛏᛖᛋᛏᚪᚾᛏᛋ,525
maximization,2124673,1,ᛗᚪᛉᛁᛗᛁᛋᚪᛏᛡᚾ,693
projectiles,2123991,1,ᛈᚱᚩᛂᛖᚳᛏᛁᛚᛖᛋ,461
centimetres,2123323,1,ᚳᛖᚾᛏᛁᛗᛖᛏᚱᛖᛋ,527
reassessment,2117713,1,ᚱᛠᛋᛋᛖᛋᛋᛗᛖᚾᛏ,625
confessional,2105289,1,ᚳᚩᚾᚠᛖᛋᛋᛡᚾᚪᛚ,530
bridgewater,2099781,1,ᛒᚱᛁᛞᚷᛖᚹᚪᛏᛖᚱ,529
foolishness,2099517,1,ᚠᚩᚩᛚᛁᛋᚻᚾᛖᛋᛋ,398
electrified,2099464,1,ᛖᛚᛖᚳᛏᚱᛁᚠᛁᛖᛞ,510
postmasters,2089999,1,ᛈᚩᛋᛏᛗᚪᛋᛏᛖᚱᛋ,573
truthfulness,2079173,1,ᛏᚱᚢᚦᚠᚢᛚᚾᛖᛋᛋ,358
collaborating,2068211,1,ᚳᚩᛚᛚᚪᛒᚩᚱᚪᛏᛝ,577
informatics,2066596,1,ᛁᚾᚠᚩᚱᛗᚪᛏᛁᚳᛋ,404
highlanders,2066499,1,ᚻᛁᚷᚻᛚᚪᚾᛞᛖᚱᛋ,513
lepidoptera,2065697,1,ᛚᛖᛈᛁᛞᚩᛈᛏᛖᚱᚪ,587
herzegovina,2059792,1,ᚻᛖᚱᛋᛖᚷᚩᚢᛁᚾᚪ,405
greenhouses,2058216,1,ᚷᚱᛖᛖᚾᚻᚩᚢᛋᛖᛋ,397
embellished,2057090,1,ᛖᛗᛒᛖᛚᛚᛁᛋᚻᛖᛞ,675
incineration,2055013,1,ᛁᚾᚳᛁᚾᛖᚱᚪᛏᛡᚾ,503
inalienable,2053067,1,ᛁᚾᚪᛚᛁᛖᚾᚪᛒᛚᛖ,655
zooplankton,2051186,1,ᛋᚩᚩᛈᛚᚪᚾᚳᛏᚩᚾ,417
thunderstorm,2049317,1,ᚦᚢᚾᛞᛖᚱᛋᛏᚩᚱᛗ,405
impropriety,2047296,1,ᛁᛗᛈᚱᚩᛈᚱᛁᛖᛏᚣ,477
precondition,2043352,1,ᛈᚱᛖᚳᚩᚾᛞᛁᛏᛡᚾ,485
receptionist,2043069,1,ᚱᛖᚳᛖᛈᛏᛡᚾᛁᛋᛏ,539
dignitaries,2042105,1,ᛞᛁᚷᚾᛁᛏᚪᚱᛁᛖᛋ,515
inquisitive,2041869,1,ᛁᚾᚳᚹᛁᛋᛁᛏᛁᚢᛖ,367
refrigerant,2041392,1,ᚱᛖᚠᚱᛁᚷᛖᚱᚪᚾᛏ,402
anastomosis,2039386,0,ᚪᚾᚪᛋᛏᚩᛗᚩᛋᛁᛋ,557
exemplifies,2037731,1,ᛖᛉᛖᛗᛈᛚᛁᚠᛁᛖᛋ,552
hypoglycemia,2036662,0,ᚻᚣᛈᚩᚷᛚᚣᚳᛖᛗᛡ,627
embankments,2036058,1,ᛖᛗᛒᚪᚾᚳᛗᛖᚾᛏᛋ,617
conjectured,2028427,1,ᚳᚩᚾᛂᛖᚳᛏᚢᚱᛖᛞ,395
capitulation,2026198,1,ᚳᚪᛈᛁᛏᚢᛚᚪᛏᛡᚾ,611
excellently,2025696,1,ᛖᛉᚳᛖᛚᛚᛖᚾᛏᛚᚣ,671
subjunctive,2024827,1,ᛋᚢᛒᛂᚢᚾᚳᛏᛁᚢᛖ,359
concordance,2023849,1,ᚳᚩᚾᚳᚩᚱᛞᚪᚾᚳᛖ,375
exclusionary,2022404,1,ᛖᛉᚳᛚᚢᛋᛡᚾᚪᚱᚣ,603
chlorination,2021467,1,ᚳᚻᛚᚩᚱᛁᚾᚪᛏᛡᚾ,479
percutaneous,2018855,1,ᛈᛖᚱᚳᚢᛏᚪᚾᛇᚢᛋ,419
neutrophils,2014796,1,ᚾᛖᚢᛏᚱᚩᛈᚻᛁᛚᛋ,399
transporter,2010761,1,ᛏᚱᚪᚾᛋᛈᚩᚱᛏᛖᚱ,447
benedictine,2008710,1,ᛒᛖᚾᛖᛞᛁᚳᛏᛁᚾᛖ,543
handicrafts,2007247,1,ᚻᚪᚾᛞᛁᚳᚱᚪᚠᛏᛋ,504
enchantment,2007171,1,ᛖᚾᚳᚻᚪᚾᛏᛗᛖᚾᛏ,543
salesperson,2006221,1,ᛋᚪᛚᛖᛋᛈᛖᚱᛋᚩᚾ,553
typewriters,2003504,1,ᛏᚣᛈᛖᚹᚱᛁᛏᛖᚱᛋ,523
contractile,2002549,1,ᚳᚩᚾᛏᚱᚪᚳᛏᛁᛚᛖ,459
secondarily,1998089,1,ᛋᛖᚳᚩᚾᛞᚪᚱᛁᛚᚣ,573
transduction,1998086,1,ᛏᚱᚪᚾᛋᛞᚢᚳᛏᛡᚾ,549
playwrights,1997132,1,ᛈᛚᚪᚣᚹᚱᛁᚷᚻᛏᛋ,529
infiltrated,1996114,1,ᛁᚾᚠᛁᛚᛏᚱᚪᛏᛖᛞ,548
underscored,1994544,1,ᚢᚾᛞᛖᚱᛋᚳᚩᚱᛖᛞ,439
quantization,1993212,0,ᚳᚹᚪᚾᛏᛁᛋᚪᛏᛡᚾ,593
aristocrats,1989185,1,ᚪᚱᛁᛋᛏᚩᚳᚱᚪᛏᛋ,491
carcinogens,1980026,1,ᚳᚪᚱᚳᛁᚾᚩᚷᛖᚾᛋ,367
interception,1975687,1,ᛁᚾᛏᛖᚱᚳᛖᛈᛏᛡᚾ,515
sanctuaries,1973830,1,ᛋᚪᚾᚳᛏᚢᚪᚱᛁᛖᛋ,513
potentiality,1973664,1,ᛈᚩᛏᛖᚾᛏᛡᛚᛁᛏᚣ,637
corroborate,1970774,1,ᚳᚩᚱᚱᚩᛒᚩᚱᚪᛏᛖ,351
synchrotron,1970297,1,ᛋᚣᚾᚳᚻᚱᚩᛏᚱᚩᚾ,345
deceleration,1970128,1,ᛞᛖᚳᛖᛚᛖᚱᚪᛏᛡᚾ,679
suspiciously,1968854,1,ᛋᚢᛋᛈᛁᚳᛡᚢᛋᛚᚣ,535
oppenheimer,1967484,1,ᚩᛈᛈᛖᚾᚻᛖᛁᛗᛖᚱ,459
acupuncture,1965305,1,ᚪᚳᚢᛈᚢᚾᚳᛏᚢᚱᛖ,341
inadvertent,1963619,1,ᛁᚾᚪᛞᚢᛖᚱᛏᛖᚾᛏ,541
oscillators,1963600,1,ᚩᛋᚳᛁᛚᛚᚪᛏᚩᚱᛋ,477
safeguarded,1959740,1,ᛋᚪᚠᛖᚷᚢᚪᚱᛞᛖᛞ,592
generalised,1955058,1,ᚷᛖᚾᛖᚱᚪᛚᛁᛋᛖᛞ,601
mindfulness,1950998,1,ᛗᛁᚾᛞᚠᚢᛚᚾᛖᛋᛋ,500
generational,1942276,1,ᚷᛖᚾᛖᚱᚪᛏᛡᚾᚪᛚ,653
misdemeanors,1940604,1,ᛗᛁᛋᛞᛖᛗᛠᚾᚩᚱᛋ,591
indignantly,1939782,1,ᛁᚾᛞᛁᚷᚾᚪᚾᛏᛚᚣ,587
perpetuation,1938566,1,ᛈᛖᚱᛈᛖᛏᚢᚪᛏᛡᚾ,585
accumulator,1938080,1,ᚪᚳᚳᚢᛗᚢᛚᚪᛏᚩᚱ,447
cholinergic,1934971,1,ᚳᚻᚩᛚᛁᚾᛖᚱᚷᛁᚳ,315
shopkeepers,1929906,1,ᛋᚻᚩᛈᚳᛖᛖᛈᛖᚱᛋ,447
telegraphed,1926047,1,ᛏᛖᛚᛖᚷᚱᚪᛈᚻᛖᛞ,613
nonmetallic,1926044,1,ᚾᚩᚾᛗᛖᛏᚪᛚᛚᛁᚳ,549
londonderry,1920370,1,ᛚᚩᚾᛞᚩᚾᛞᛖᚱᚱᚣ,515
observances,1919669,1,ᚩᛒᛋᛖᚱᚢᚪᚾᚳᛖᛋ,461
brownsville,1918444,1,ᛒᚱᚩᚹᚾᛋᚢᛁᛚᛚᛖ,427
microscopes,1910131,1,ᛗᛁᚳᚱᚩᛋᚳᚩᛈᛖᛋ,369
unavoidably,1908183,1,ᚢᚾᚪᚢᚩᛁᛞᚪᛒᛚᚣ,593
brandenburg,1907437,1,ᛒᚱᚪᚾᛞᛖᚾᛒᚢᚱᚷ,475
workstations,1901775,1,ᚹᚩᚱᚳᛋᛏᚪᛏᛡᚾᛋ,507
irrevocably,1900722,1,ᛁᚱᚱᛖᚢᚩᚳᚪᛒᛚᚣ,477
electricians,1896312,1,ᛖᛚᛖᚳᛏᚱᛁᚳᛡᚾᛋ,523
raspberries,1894557,1,ᚱᚪᛋᛈᛒᛖᚱᚱᛁᛖᛋ,505
predilection,1889923,1,ᛈᚱᛖᛞᛁᛚᛖᚳᛏᛡᚾ,589
photometric,1884449,1,ᛈᚻᚩᛏᚩᛗᛖᛏᚱᛁᚳ,391
standardize,1883439,1,ᛋᛏᚪᚾᛞᚪᚱᛞᛁᛋᛖ,675
vaporization,1880817,1,ᚢᚪᛈᚩᚱᛁᛋᚪᛏᛡᚾ,537
dermatology,1879522,0,ᛞᛖᚱᛗᚪᛏᚩᛚᚩᚷᚣ,601
superintend,1875915,1,ᛋᚢᛈᛖᚱᛁᚾᛏᛖᚾᛞ,481
synergistic,1875314,1,ᛋᚣᚾᛖᚱᚷᛁᛋᛏᛁᚳ,467
federalists,1874890,1,ᚠᛖᛞᛖᚱᚪᛚᛁᛋᛏᛋ,602
underscores,1870871,1,ᚢᚾᛞᛖᚱᛋᚳᚩᚱᛖᛋ,403
personified,1858797,1,ᛈᛖᚱᛋᚩᚾᛁᚠᛁᛖᛞ,430
uninhabited,1858248,1,ᚢᚾᛁᚾᚻᚪᛒᛁᛏᛖᛞ,519
malformation,1856184,1,ᛗᚪᛚᚠᚩᚱᛗᚪᛏᛡᚾ,624
omnipotence,1854489,1,ᚩᛗᚾᛁᛈᚩᛏᛖᚾᚳᛖ,423
manufactory,1853967,1,ᛗᚪᚾᚢᚠᚪᚳᛏᚩᚱᚣ,492
tournaments,1850311,1,ᛏᚩᚢᚱᚾᚪᛗᛖᚾᛏᛋ,485
photographing,1847217,1,ᛈᚻᚩᛏᚩᚷᚱᚪᛈᚻᛝ,409
overpowered,1844408,1,ᚩᚢᛖᚱᛈᚩᚹᛖᚱᛖᛞ,391
compilations,1839341,1,ᚳᚩᛗᛈᛁᛚᚪᛏᛡᚾᛋ,583
compensable,1839322,1,ᚳᚩᛗᛈᛖᚾᛋᚪᛒᛚᛖ,581
conjunctiva,1838986,1,ᚳᚩᚾᛂᚢᚾᚳᛏᛁᚢᚪ,321
pluralistic,1838396,1,ᛈᛚᚢᚱᚪᛚᛁᛋᛏᛁᚳ,487
serological,1837188,0,ᛋᛖᚱᚩᛚᚩᚷᛁᚳᚪᛚ,449
invalidated,1836114,1,ᛁᚾᚢᚪᛚᛁᛞᚪᛏᛖᛞ,665
intricacies,1831628,1,ᛁᚾᛏᚱᛁᚳᚪᚳᛁᛖᛋ,435
portraiture,1831409,1,ᛈᚩᚱᛏᚱᚪᛁᛏᚢᚱᛖ,399
grasshopper,1827740,1,ᚷᚱᚪᛋᛋᚻᚩᛈᛈᛖᚱ,425
benefactors,1827067,1,ᛒᛖᚾᛖᚠᚪᚳᛏᚩᚱᛋ,466
unchallenged,1825651,1,ᚢᚾᚳᚻᚪᛚᛚᛖᛝᛖᛞ,613
aerodynamics,1820534,1,ᚫᚱᚩᛞᚣᚾᚪᛗᛁᚳᛋ,605
authorisation,1818289,1,ᚪᚢᚦᚩᚱᛁᛋᚪᛏᛡᚾ,499
commemorating,1815835,1,ᚳᚩᛗᛗᛖᛗᚩᚱᚪᛏᛝ,553
predictably,1815365,1,ᛈᚱᛖᛞᛁᚳᛏᚪᛒᛚᚣ,647
preventable,1813644,1,ᛈᚱᛖᚢᛖᚾᛏᚪᛒᛚᛖ,577
praiseworthy,1813541,1,ᛈᚱᚪᛁᛋᛖᚹᚩᚱᚦᚣ,447
storekeeper,1813398,1,ᛋᛏᚩᚱᛖᚳᛖᛖᛈᛖᚱ,465
lithographic,1812937,1,ᛚᛁᚦᚩᚷᚱᚪᛈᚻᛁᚳ,351
centrifuged,1810225,1,ᚳᛖᚾᛏᚱᛁᚠᚢᚷᛖᛞ,388
musculature,1804207,1,ᛗᚢᛋᚳᚢᛚᚪᛏᚢᚱᛖ,453
undertakers,1802558,1,ᚢᚾᛞᛖᚱᛏᚪᚳᛖᚱᛋ,499
consumptive,1799358,1,ᚳᚩᚾᛋᚢᛗᛈᛏᛁᚢᛖ,379
tocqueville,1799188,1,ᛏᚩᚳᚳᚹᛖᚢᛁᛚᛚᛖ,425
geopolitical,1797770,1,ᚷᛇᛈᚩᛚᛁᛏᛁᚳᚪᛚ,485
materialized,1792992,1,ᛗᚪᛏᛖᚱᛡᛚᛁᛋᛖᛞ,725
interleukin,1789776,1,ᛁᚾᛏᛖᚱᛚᛖᚢᚳᛁᚾ,413
hemorrhages,1788308,1,ᚻᛖᛗᚩᚱᚱᚻᚪᚷᛖᛋ,447
insuperable,1787217,1,ᛁᚾᛋᚢᛈᛖᚱᚪᛒᛚᛖ,535
impertinent,1786272,1,ᛁᛗᛈᛖᚱᛏᛁᚾᛖᚾᛏ,497
systematics,1786146,1,ᛋᚣᛋᛏᛖᛗᚪᛏᛁᚳᛋ,659
resourceful,1778915,1,ᚱᛖᛋᚩᚢᚱᚳᛖᚠᚢᛚ,310
singularities,1770980,1,ᛋᛝᚢᛚᚪᚱᛁᛏᛁᛖᛋ,557
frankfurter,1770844,1,ᚠᚱᚪᚾᚳᚠᚢᚱᛏᛖᚱ,305
renegotiation,1769274,1,ᚱᛖᚾᛖᚷᚩᛏᛡᛏᛡᚾ,559
incinerator,1768454,1,ᛁᚾᚳᛁᚾᛖᚱᚪᛏᚩᚱ,385
manipulator,1768377,1,ᛗᚪᚾᛁᛈᚢᛚᚪᛏᚩᚱ,521
quicksilver,1766071,1,ᚳᚹᛁᚳᚳᛋᛁᛚᚢᛖᚱ,327
supplication,1765978,1,ᛋᚢᛈᛈᛚᛁᚳᚪᛏᛡᚾ,551
argillaceous,1764354,1,ᚪᚱᚷᛁᛚᛚᚪᚳᛇᚢᛋ,509
transylvania,1764271,1,ᛏᚱᚪᚾᛋᚣᛚᚢᚪᚾᛡ,661
infestations,1756157,1,ᛁᚾᚠᛖᛋᛏᚪᛏᛡᚾᛋ,586
longshoremen,1754089,1,ᛚᚩᛝᛋᚻᚩᚱᛖᛗᛖᚾ,487
unwholesome,1752351,1,ᚢᚾᚹᚻᚩᛚᛖᛋᚩᛗᛖ,419
pentecostal,1748179,1,ᛈᛖᚾᛏᛖᚳᚩᛋᛏᚪᛚ,567
internships,1745835,1,ᛁᚾᛏᛖᚱᚾᛋᚻᛁᛈᛋ,429
restructure,1737671,1,ᚱᛖᛋᛏᚱᚢᚳᛏᚢᚱᛖ,357
wilberforce,1736860,1,ᚹᛁᛚᛒᛖᚱᚠᚩᚱᚳᛖ,362
australasian,1736018,1,ᚪᚢᛋᛏᚱᚪᛚᚪᛋᛡᚾ,679
immeasurably,1731621,1,ᛁᛗᛗᛠᛋᚢᚱᚪᛒᛚᚣ,683
conformable,1730133,1,ᚳᚩᚾᚠᚩᚱᛗᚪᛒᛚᛖ,438
mineralized,1727731,1,ᛗᛁᚾᛖᚱᚪᛚᛁᛋᛖᛞ,619
amphetamine,1725536,1,ᚪᛗᛈᚻᛖᛏᚪᛗᛁᚾᛖ,655
abolitionist,1722019,1,ᚪᛒᚩᛚᛁᛏᛡᚾᛁᛋᛏ,607
registrants,1721894,1,ᚱᛖᚷᛁᛋᛏᚱᚪᚾᛏᛋ,487
immunologic,1719699,1,ᛁᛗᛗᚢᚾᚩᛚᚩᚷᛁᚳ,353
complicates,1716402,1,ᚳᚩᛗᛈᛚᛁᚳᚪᛏᛖᛋ,527
polyurethane,1711093,1,ᛈᚩᛚᚣᚢᚱᛖᚦᚪᚾᛖ,505
confucianism,1708854,1,ᚳᚩᚾᚠᚢᚳᛡᚾᛁᛋᛗ,358
microphones,1708468,1,ᛗᛁᚳᚱᚩᛈᚻᚩᚾᛖᛋ,355
mobilisation,1698854,1,ᛗᚩᛒᛁᛚᛁᛋᚪᛏᛡᚾ,619
tranquility,1698489,1,ᛏᚱᚪᚾᚳᚹᛁᛚᛁᛏᚣ,525
pathologists,1697574,1,ᛈᚪᚦᚩᛚᚩᚷᛁᛋᛏᛋ,445
commonsense,1697098,1,ᚳᚩᛗᛗᚩᚾᛋᛖᚾᛋᛖ,467
indomitable,1696484,1,ᛁᚾᛞᚩᛗᛁᛏᚪᛒᛚᛖ,615
hemodynamic,1692116,1,ᚻᛖᛗᚩᛞᚣᚾᚪᛗᛁᚳ,601
americanism,1691040,1,ᚪᛗᛖᚱᛁᚳᚪᚾᛁᛋᛗ,571
portability,1689270,1,ᛈᚩᚱᛏᚪᛒᛁᛚᛁᛏᚣ,575
centralised,1688884,1,ᚳᛖᚾᛏᚱᚪᛚᛁᛋᛖᛞ,589
evangelistic,1686734,1,ᛖᚢᚪᛝᛖᛚᛁᛋᛏᛁᚳ,573
prepositions,1685916,1,ᛈᚱᛖᛈᚩᛋᛁᛏᛡᚾᛋ,503
antioxidants,1685043,1,ᚪᚾᛏᛡᛉᛁᛞᚪᚾᛏᛋ,697
cartography,1683777,1,ᚳᚪᚱᛏᚩᚷᚱᚪᛈᚻᚣ,481
multipliers,1681216,1,ᛗᚢᛚᛏᛁᛈᛚᛁᛖᚱᛋ,515
interstices,1680307,1,ᛁᚾᛏᛖᚱᛋᛏᛁᚳᛖᛋ,473
lawlessness,1679089,1,ᛚᚪᚹᛚᛖᛋᛋᚾᛖᛋᛋ,637
shakespearean,1677992,1,ᛋᚻᚪᚳᛖᛋᛈᛠᚱᛠᚾ,607
machinations,1674439,1,ᛗᚪᚳᚻᛁᚾᚪᛏᛡᚾᛋ,609
incredulous,1673307,1,ᛁᚾᚳᚱᛖᛞᚢᛚᚩᚢᛋ,379
accomplices,1672994,1,ᚪᚳᚳᚩᛗᛈᛚᛁᚳᛖᛋ,481
immeasurable,1672788,1,ᛁᛗᛗᛠᛋᚢᚱᚪᛒᛚᛖ,647
surfactants,1670155,1,ᛋᚢᚱᚠᚪᚳᛏᚪᚾᛏᛋ,476
accelerates,1666638,1,ᚪᚳᚳᛖᛚᛖᚱᚪᛏᛖᛋ,617
penultimate,1666406,1,ᛈᛖᚾᚢᛚᛏᛁᛗᚪᛏᛖ,599
permutations,1658643,1,ᛈᛖᚱᛗᚢᛏᚪᛏᛡᚾᛋ,599
straightway,1657577,1,ᛋᛏᚱᚪᛁᚷᚻᛏᚹᚪᚣ,569
commissariat,1655670,1,ᚳᚩᛗᛗᛁᛋᛋᚪᚱᛡᛏ,573
monarchical,1650956,1,ᛗᚩᚾᚪᚱᚳᚻᛁᚳᚪᛚ,465
gerontology,1648523,0,ᚷᛖᚱᚩᚾᛏᚩᛚᚩᚷᚣ,397
cohabitation,1646250,1,ᚳᚩᚻᚪᛒᛁᛏᚪᛏᛡᚾ,583
diffusivity,1644066,1,ᛞᛁᚠᚠᚢᛋᛁᚢᛁᛏᚣ,407
disconcerting,1641645,1,ᛞᛁᛋᚳᚩᚾᚳᛖᚱᛏᛝ,451
delimitation,1637238,1,ᛞᛖᛚᛁᛗᛁᛏᚪᛏᛡᚾ,713
holographic,1636034,1,ᚻᚩᛚᚩᚷᚱᚪᛈᚻᛁᚳ,345
reestablish,1631658,1,ᚱᛖᛖᛋᛏᚪᛒᛚᛁᛋᚻ,595
absurdities,1630438,1,ᚪᛒᛋᚢᚱᛞᛁᛏᛁᛖᛋ,555
unfulfilled,1629362,1,ᚢᚾᚠᚢᛚᚠᛁᛚᛚᛖᛞ,445
insemination,1627022,1,ᛁᚾᛋᛖᛗᛁᚾᚪᛏᛡᚾ,603
pharmacopoeia,1626603,1,ᛈᚻᚪᚱᛗᚪᚳᚩᛈᛟᛡ,595
resurrected,1624735,1,ᚱᛖᛋᚢᚱᚱᛖᚳᛏᛖᛞ,451
hydrophilic,1621838,1,ᚻᚣᛞᚱᚩᛈᚻᛁᛚᛁᚳ,447
lamentations,1615465,1,ᛚᚪᛗᛖᚾᛏᚪᛏᛡᚾᛋ,741
exasperation,1610322,1,ᛖᛉᚪᛋᛈᛖᚱᚪᛏᛡᚾ,677
masturbation,1606713,1,ᛗᚪᛋᛏᚢᚱᛒᚪᛏᛡᚾ,647
superlative,1605740,1,ᛋᚢᛈᛖᚱᛚᚪᛏᛁᚢᛖ,507
impregnable,1602837,1,ᛁᛗᛈᚱᛖᚷᚾᚪᛒᛚᛖ,567
impregnation,1600495,1,ᛁᛗᛈᚱᛖᚷᚾᚪᛏᛡᚾ,561
bakersfield,1600183,1,ᛒᚪᚳᛖᚱᛋᚠᛁᛖᛚᛞ,564
reorientation,1599159,1,ᚱᛇᚱᛁᛖᚾᛏᚪᛏᛡᚾ,541
managements,1595425,1,ᛗᚪᚾᚪᚷᛖᛗᛖᚾᛏᛋ,657
predominating,1594596,1,ᛈᚱᛖᛞᚩᛗᛁᚾᚪᛏᛝ,583
resignations,1591083,1,ᚱᛖᛋᛁᚷᚾᚪᛏᛡᚾᛋ,553
exclusivity,1590717,1,ᛖᛉᚳᛚᚢᛋᛁᚢᛁᛏᚣ,483
congratulating,1589914,1,ᚳᚩᛝᚱᚪᛏᚢᛚᚪᛏᛝ,577
diagrammatic,1586442,1,ᛞᛡᚷᚱᚪᛗᛗᚪᛏᛁᚳ,663
pneumothorax,1586036,1,ᛈᚾᛖᚢᛗᚩᚦᚩᚱᚪᛉ,387
intercostal,1583655,1,ᛁᚾᛏᛖᚱᚳᚩᛋᛏᚪᛚ,499
isomorphism,1583094,1,ᛁᛋᚩᛗᚩᚱᛈᚻᛁᛋᛗ,401
industrially,1578016,1,ᛁᚾᛞᚢᛋᛏᚱᛡᛚᛚᚣ,631
attitudinal,1576617,1,ᚪᛏᛏᛁᛏᚢᛞᛁᚾᚪᛚ,627
evangelicals,1574184,1,ᛖᚢᚪᛝᛖᛚᛁᚳᚪᛚᛋ,653
antislavery,1574025,1,ᚪᚾᛏᛁᛋᛚᚪᚢᛖᚱᚣ,623
retirements,1569977,1,ᚱᛖᛏᛁᚱᛖᛗᛖᚾᛏᛋ,525
intermission,1567572,1,ᛁᚾᛏᛖᚱᛗᛁᛋᛋᛡᚾ,541
magnanimity,1567037,1,ᛗᚪᚷᚾᚪᚾᛁᛗᛁᛏᚣ,635
indulgences,1566674,1,ᛁᚾᛞᚢᛚᚷᛖᚾᚳᛖᛋ,471
providential,1563707,1,ᛈᚱᚩᚢᛁᛞᛖᚾᛏᛡᛚ,519
pacification,1563672,1,ᛈᚪᚳᛁᚠᛁᚳᚪᛏᛡᚾ,522
estrangement,1561110,1,ᛖᛋᛏᚱᚪᛝᛖᛗᛖᚾᛏ,659
montesquieu,1560967,1,ᛗᚩᚾᛏᛖᛋᚳᚹᛁᛖᚢ,419
informations,1560012,1,ᛁᚾᚠᚩᚱᛗᚪᛏᛡᚾᛋ,496
metabolized,1555011,1,ᛗᛖᛏᚪᛒᚩᛚᛁᛋᛖᛞ,675
unconcerned,1554456,1,ᚢᚾᚳᚩᚾᚳᛖᚱᚾᛖᛞ,357
promiscuous,1554348,1,ᛈᚱᚩᛗᛁᛋᚳᚢᚩᚢᛋ,295
beneficially,1552650,1,ᛒᛖᚾᛖᚠᛁᚳᛡᛚᛚᚣ,626
compactness,1552227,1,ᚳᚩᛗᛈᚪᚳᛏᚾᛖᛋᛋ,505
predisposed,1551405,1,ᛈᚱᛖᛞᛁᛋᛈᚩᛋᛖᛞ,553
restorations,1548648,1,ᚱᛖᛋᛏᚩᚱᚪᛏᛡᚾᛋ,553
archbishops,1546447,1,ᚪᚱᚳᚻᛒᛁᛋᚻᚩᛈᛋ,415
illuminates,1542411,1,ᛁᛚᛚᚢᛗᛁᚾᚪᛏᛖᛋ,587
beneficence,1541986,1,ᛒᛖᚾᛖᚠᛁᚳᛖᚾᚳᛖ,446
legitimation,1541333,1,ᛚᛖᚷᛁᛏᛁᛗᚪᛏᛡᚾ,641
robespierre,1537900,1,ᚱᚩᛒᛖᛋᛈᛁᛖᚱᚱᛖ,429
anonymously,1534463,1,ᚪᚾᚩᚾᚣᛗᚩᚢᛋᛚᚣ,575
polarisation,1528407,0,ᛈᚩᛚᚪᚱᛁᛋᚪᛏᛡᚾ,607
thoroughbred,1526856,1,ᚦᚩᚱᚩᚢᚷᚻᛒᚱᛖᛞ,301
nationalized,1524887,1,ᚾᚪᛏᛡᚾᚪᛚᛁᛋᛖᛞ,731
contradicting,1524194,1,ᚳᚩᚾᛏᚱᚪᛞᛁᚳᛏᛝ,487
impoundment,1522310,1,ᛁᛗᛈᚩᚢᚾᛞᛗᛖᚾᛏ,499
chimpanzees,1520949,1,ᚳᚻᛁᛗᛈᚪᚾᛋᛖᛖᛋ,547
declarative,1519971,1,ᛞᛖᚳᛚᚪᚱᚪᛏᛁᚢᛖ,607
calculators,1519871,1,ᚳᚪᛚᚳᚢᛚᚪᛏᚩᚱᛋ,499
appropriates,1518536,1,ᚪᛈᛈᚱᚩᛈᚱᛡᛏᛖᛋ,541
tetrahedron,1518403,1,ᛏᛖᛏᚱᚪᚻᛖᛞᚱᚩᚾ,519
assemblyman,1517770,1,ᚪᛋᛋᛖᛗᛒᛚᚣᛗᚪᚾ,775
exhortations,1513984,1,ᛖᛉᚻᚩᚱᛏᚪᛏᛡᚾᛋ,559
entanglement,1512042,1,ᛖᚾᛏᚪᛝᛚᛖᛗᛖᚾᛏ,697
operatively,1511980,1,ᚩᛈᛖᚱᚪᛏᛁᚢᛖᛚᚣ,561
commutative,1510333,1,ᚳᚩᛗᛗᚢᛏᚪᛏᛁᚢᛖ,481
ethnological,1508900,1,ᛖᚦᚾᚩᛚᚩᚷᛁᚳᚪᛚ,419
conjunctions,1508865,1,ᚳᚩᚾᛂᚢᚾᚳᛏᛡᚾᛋ,379
attributions,1508165,1,ᚪᛏᛏᚱᛁᛒᚢᛏᛡᚾᛋ,569
transcended,1506727,1,ᛏᚱᚪᚾᛋᚳᛖᚾᛞᛖᛞ,603
inscrutable,1505172,1,ᛁᚾᛋᚳᚱᚢᛏᚪᛒᛚᛖ,497
recommitted,1504831,1,ᚱᛖᚳᚩᛗᛗᛁᛏᛏᛖᛞ,545
replenished,1502491,1,ᚱᛖᛈᛚᛖᚾᛁᛋᚻᛖᛞ,553
transfusions,1502479,1,ᛏᚱᚪᚾᛋᚠᚢᛋᛡᚾᛋ,496
rationalized,1502281,1,ᚱᚪᛏᛡᚾᚪᛚᛁᛋᛖᛞ,713
cybernetics,1500928,1,ᚳᚣᛒᛖᚱᚾᛖᛏᛁᚳᛋ,507
classically,1499959,1,ᚳᛚᚪᛋᛋᛁᚳᚪᛚᛚᚣ,679
uncollected,1498195,1,ᚢᚾᚳᚩᛚᛚᛖᚳᛏᛖᛞ,493
chloroplast,1496510,1,ᚳᚻᛚᚩᚱᚩᛈᛚᚪᛋᛏ,459
antiquaries,1496031,1,ᚪᚾᛏᛁᚳᚹᚪᚱᛁᛖᛋ,507
disaffection,1493586,1,ᛞᛁᛋᚪᚠᚠᛖᚳᛏᛡᚾ,549
understated,1489150,1,ᚢᚾᛞᛖᚱᛋᛏᚪᛏᛖᛞ,623
sequestered,1479906,1,ᛋᛖᚳᚹᛖᛋᛏᛖᚱᛖᛞ,565
unsuspected,1479404,1,ᚢᚾᛋᚢᛋᛈᛖᚳᛏᛖᛞ,479
radioisotope,1478563,1,ᚱᚪᛞᛡᛁᛋᚩᛏᚩᛈᛖ,571
affirmations,1477525,1,ᚪᚠᚠᛁᚱᛗᚪᛏᛡᚾᛋ,559
equidistant,1477473,1,ᛖᚳᚹᛁᛞᛁᛋᛏᚪᚾᛏ,547
breakthroughs,1476944,1,ᛒᚱᛠᚳᚦᚱᚩᚢᚷᚻᛋ,313
colonisation,1475296,1,ᚳᚩᛚᚩᚾᛁᛋᚪᛏᛡᚾ,505
evaporative,1471261,1,ᛖᚢᚪᛈᚩᚱᚪᛏᛁᚢᛖ,485
rattlesnake,1468262,1,ᚱᚪᛏᛏᛚᛖᛋᚾᚪᚳᛖ,625
pasteurized,1468193,1,ᛈᚪᛋᛏᛖᚢᚱᛁᛋᛖᛞ,573
commonality,1465239,1,ᚳᚩᛗᛗᚩᚾᚪᛚᛁᛏᚣ,561
endoplasmic,1464688,1,ᛖᚾᛞᚩᛈᛚᚪᛋᛗᛁᚳ,573
maltreatment,1464625,1,ᛗᚪᛚᛏᚱᛠᛏᛗᛖᚾᛏ,705
comprehends,1461694,1,ᚳᚩᛗᛈᚱᛖᚻᛖᚾᛞᛋ,473
awkwardness,1460279,1,ᚪᚹᚳᚹᚪᚱᛞᚾᛖᛋᛋ,547
storyteller,1460219,1,ᛋᛏᚩᚱᚣᛏᛖᛚᛚᛖᚱ,583
hippocrates,1460063,1,ᚻᛁᛈᛈᚩᚳᚱᚪᛏᛖᛋ,447
undisclosed,1459743,1,ᚢᚾᛞᛁᛋᚳᛚᚩᛋᛖᛞ,507
popularized,1458420,1,ᛈᚩᛈᚢᛚᚪᚱᛁᛋᛖᛞ,517
assiduously,1458155,1,ᚪᛋᛋᛁᛞᚢᚩᚢᛋᛚᚣ,565
thermonuclear,1457702,1,ᚦᛖᚱᛗᚩᚾᚢᚳᛚᛠᚱ,399
interdiction,1457528,1,ᛁᚾᛏᛖᚱᛞᛁᚳᛏᛡᚾ,525
unbelievers,1455490,1,ᚢᚾᛒᛖᛚᛁᛖᚢᛖᚱᛋ,465
morphologic,1450005,1,ᛗᚩᚱᛈᚻᚩᛚᚩᚷᛁᚳ,303
arraignment,1449895,1,ᚪᚱᚱᚪᛁᚷᚾᛗᛖᚾᛏ,519
extinguishers,1449550,1,ᛖᛉᛏᛝᚢᛁᛋᚻᛖᚱᛋ,493
articulates,1448891,1,ᚪᚱᛏᛁᚳᚢᛚᚪᛏᛖᛋ,563
upholstered,1446293,1,ᚢᛈᚻᚩᛚᛋᛏᛖᚱᛖᛞ,495
crystallize,1445274,1,ᚳᚱᚣᛋᛏᚪᛚᛚᛁᛋᛖ,633
peripherals,1444932,1,ᛈᛖᚱᛁᛈᚻᛖᚱᚪᛚᛋ,519
conditioners,1443681,1,ᚳᚩᚾᛞᛁᛏᛡᚾᛖᚱᛋ,495
resplendent,1440909,1,ᚱᛖᛋᛈᛚᛖᚾᛞᛖᚾᛏ,587
incriminating,1437584,1,ᛁᚾᚳᚱᛁᛗᛁᚾᚪᛏᛝ,481
clostridium,1436533,1,ᚳᛚᚩᛋᛏᚱᛁᛞᛁᚢᛗ,441
teleological,1434531,0,ᛏᛖᛚᛇᛚᚩᚷᛁᚳᚪᛚ,551
oppositional,1434109,1,ᚩᛈᛈᚩᛋᛁᛏᛡᚾᚪᛚ,549
encumbrance,1429456,1,ᛖᚾᚳᚢᛗᛒᚱᚪᚾᚳᛖ,461
millimetres,1428175,1,ᛗᛁᛚᛚᛁᛗᛖᛏᚱᛖᛋ,607
disaffected,1427152,1,ᛞᛁᛋᚪᚠᚠᛖᚳᛏᛖᛞ,569
connoisseur,1425647,1,ᚳᚩᚾᚾᚩᛁᛋᛋᛖᚢᚱ,303
entrainment,1424053,1,ᛖᚾᛏᚱᚪᛁᚾᛗᛖᚾᛏ,549
despondency,1422906,1,ᛞᛖᛋᛈᚩᚾᛞᛖᚾᚳᚣ,589
obstetrical,1422847,1,ᚩᛒᛋᛏᛖᛏᚱᛁᚳᚪᛚ,531
consumerism,1420960,1,ᚳᚩᚾᛋᚢᛗᛖᚱᛁᛋᛗ,409
climatology,1420317,0,ᚳᛚᛁᛗᚪᛏᚩᛚᚩᚷᚣ,551
ossification,1420040,1,ᚩᛋᛋᛁᚠᛁᚳᚪᛏᛡᚾ,482
blessedness,1416384,1,ᛒᛚᛖᛋᛋᛖᛞᚾᛖᛋᛋ,665
nationalised,1415792,1,ᚾᚪᛏᛡᚾᚪᛚᛁᛋᛖᛞ,731
purportedly,1414863,1,ᛈᚢᚱᛈᚩᚱᛏᛖᛞᛚᚣ,509
bottlenecks,1414829,1,ᛒᚩᛏᛏᛚᛖᚾᛖᚳᚳᛋ,501
presupposed,1414247,1,ᛈᚱᛖᛋᚢᛈᛈᚩᛋᛖᛞ,479
perfunctory,1413453,1,ᛈᛖᚱᚠᚢᚾᚳᛏᚩᚱᚣ,348
progenitors,1408040,1,ᛈᚱᚩᚷᛖᚾᛁᛏᚩᚱᛋ,335
thankfulness,1407196,1,ᚦᚪᚾᚳᚠᚢᛚᚾᛖᛋᛋ,424
viscoelastic,1406078,1,ᚢᛁᛋᚳᛟᛚᚪᛋᛏᛁᚳ,509
polymorphic,1406034,1,ᛈᚩᛚᚣᛗᚩᚱᛈᚻᛁᚳ,425
harmoniously,1405075,1,ᚻᚪᚱᛗᚩᚾᛡᚢᛋᛚᚣ,577
astonishingly,1404120,1,ᚪᛋᛏᚩᚾᛁᛋᚻᛝᛚᚣ,607
hymenoptera,1404118,1,ᚻᚣᛗᛖᚾᚩᛈᛏᛖᚱᚪ,577
classifiers,1403544,1,ᚳᛚᚪᛋᛋᛁᚠᛁᛖᚱᛋ,484
dependences,1402370,1,ᛞᛖᛈᛖᚾᛞᛖᚾᚳᛖᛋ,613
tetrahedral,1401190,1,ᛏᛖᛏᚱᚪᚻᛖᛞᚱᚪᛚ,653
harpsichord,1400379,1,ᚻᚪᚱᛈᛋᛁᚳᚻᚩᚱᛞ,401
unnaturally,1398584,1,ᚢᚾᚾᚪᛏᚢᚱᚪᛚᛚᚣ,577
coalescence,1398311,1,ᚳᚩᚪᛚᛖᛋᚳᛖᚾᚳᛖ,499
disgruntled,1398125,1,ᛞᛁᛋᚷᚱᚢᚾᛏᛚᛖᛞ,521
intemperate,1397484,1,ᛁᚾᛏᛖᛗᛈᛖᚱᚪᛏᛖ,601
obstinately,1396478,1,ᚩᛒᛋᛏᛁᚾᚪᛏᛖᛚᚣ,639
relatedness,1396443,1,ᚱᛖᛚᚪᛏᛖᛞᚾᛖᛋᛋ,665
gentlemanly,1389724,1,ᚷᛖᚾᛏᛚᛖᛗᚪᚾᛚᚣ,685
obliteration,1385098,1,ᚩᛒᛚᛁᛏᛖᚱᚪᛏᛡᚾ,601
brucellosis,1381053,0,ᛒᚱᚢᚳᛖᛚᛚᚩᛋᛁᛋ,445
organically,1380999,1,ᚩᚱᚷᚪᚾᛁᚳᚪᛚᛚᚣ,551
disinfected,1377662,1,ᛞᛁᛋᛁᚾᚠᛖᚳᛏᛖᛞ,530
cannibalism,1376635,1,ᚳᚪᚾᚾᛁᛒᚪᛚᛁᛋᛗ,585
livelihoods,1375238,1,ᛚᛁᚢᛖᛚᛁᚻᚩᚩᛞᛋ,457
pericardium,1372713,1,ᛈᛖᚱᛁᚳᚪᚱᛞᛁᚢᛗ,467
lymphocytic,1370420,1,ᛚᚣᛗᛈᚻᚩᚳᚣᛏᛁᚳ,539
standardizing,1369356,1,ᛋᛏᚪᚾᛞᚪᚱᛞᛁᛋᛝ,687
emplacement,1369180,1,ᛖᛗᛈᛚᚪᚳᛖᛗᛖᚾᛏ,657
enslavement,1369002,1,ᛖᚾᛋᛚᚪᚢᛖᛗᛖᚾᛏ,615
aesthetically,1365007,1,ᚫᛋᚦᛖᛏᛁᚳᚪᛚᛚᚣ,675
liberalized,1364570,1,ᛚᛁᛒᛖᚱᚪᛚᛁᛋᛖᛞ,653
interrogate,1364088,1,ᛁᚾᛏᛖᚱᚱᚩᚷᚪᛏᛖ,455
filamentous,1363166,1,ᚠᛁᛚᚪᛗᛖᚾᛏᚩᚢᛋ,492
broadcaster,1362994,1,ᛒᚱᚩᚪᛞᚳᚪᛋᛏᛖᚱ,565
northeasterly,1358598,1,ᚾᚩᚱᚦᛠᛋᛏᛖᚱᛚᚣ,527
interviewee,1357176,1,ᛁᚾᛏᛖᚱᚢᛁᛖᚹᛖᛖ,451
conjectural,1356887,1,ᚳᚩᚾᛂᛖᚳᛏᚢᚱᚪᛚ,409
franciscans,1355758,1,ᚠᚱᚪᚾᚳᛁᛋᚳᚪᚾᛋ,428
southernmost,1354528,1,ᛋᚩᚢᚦᛖᚱᚾᛗᚩᛋᛏ,365
superpowers,1354449,1,ᛋᚢᛈᛖᚱᛈᚩᚹᛖᚱᛋ,377
secondaries,1352950,1,ᛋᛖᚳᚩᚾᛞᚪᚱᛁᛖᛋ,517
gentlewoman,1352328,1,ᚷᛖᚾᛏᛚᛖᚹᚩᛗᚪᚾ,535
paternalism,1351017,1,ᛈᚪᛏᛖᚱᚾᚪᛚᛁᛋᛗ,631
hemispheric,1345532,1,ᚻᛖᛗᛁᛋᛈᚻᛖᚱᛁᚳ,433
unobtrusive,1345293,1,ᚢᚾᚩᛒᛏᚱᚢᛋᛁᚢᛖ,327
psychopathic,1344910,1,ᛈᛋᚣᚳᚻᚩᛈᚪᚦᛁᚳ,431
contaminating,1343742,1,ᚳᚩᚾᛏᚪᛗᛁᚾᚪᛏᛝ,571
bricklayers,1342906,1,ᛒᚱᛁᚳᚳᛚᚪᚣᛖᚱᛋ,533
discontinuing,1341277,1,ᛞᛁᛋᚳᚩᚾᛏᛁᚾᚢᛝ,423
betterments,1341201,1,ᛒᛖᛏᛏᛖᚱᛗᛖᚾᛏᛋ,603
omnipresent,1341017,1,ᚩᛗᚾᛁᛈᚱᛖᛋᛖᚾᛏ,467
endometrium,1340332,1,ᛖᚾᛞᚩᛗᛖᛏᚱᛁᚢᛗ,505
uncorrected,1335596,1,ᚢᚾᚳᚩᚱᚱᛖᚳᛏᛖᛞ,369
pilgrimages,1334647,1,ᛈᛁᛚᚷᚱᛁᛗᚪᚷᛖᛋ,511
condescending,1333374,1,ᚳᚩᚾᛞᛖᛋᚳᛖᚾᛞᛝ,535
sympathizers,1331746,1,ᛋᚣᛗᛈᚪᚦᛁᛋᛖᚱᛋ,587
magnanimous,1331344,1,ᛗᚪᚷᚾᚪᚾᛁᛗᚩᚢᛋ,505
responsibly,1330051,1,ᚱᛖᛋᛈᚩᚾᛋᛁᛒᛚᚣ,531
whitewashed,1327196,1,ᚹᚻᛁᛏᛖᚹᚪᛋᚻᛖᛞ,547
culpability,1326069,1,ᚳᚢᛚᛈᚪᛒᛁᛚᛁᛏᚣ,587
divestiture,1323066,1,ᛞᛁᚢᛖᛋᛏᛁᛏᚢᚱᛖ,473
appurtenant,1322955,1,ᚪᛈᛈᚢᚱᛏᛖᚾᚪᚾᛏ,537
contaminate,1318451,1,ᚳᚩᚾᛏᚪᛗᛁᚾᚪᛏᛖ,559
draughtsman,1317707,1,ᛞᚱᚪᚢᚷᚻᛏᛋᛗᚪᚾ,549
noninvasive,1315177,1,ᚾᚩᚾᛁᚾᚢᚪᛋᛁᚢᛖ,379
prospectors,1314059,1,ᛈᚱᚩᛋᛈᛖᚳᛏᚩᚱᛋ,367
apprenticed,1310532,1,ᚪᛈᛈᚱᛖᚾᛏᛁᚳᛖᛞ,549
carnivorous,1306576,1,ᚳᚪᚱᚾᛁᚢᚩᚱᚩᚢᛋ,265
afterthought,1306476,1,ᚪᚠᛏᛖᚱᚦᚩᚢᚷᚻᛏ,350
millionaires,1305502,1,ᛗᛁᛚᛚᛡᚾᚪᛁᚱᛖᛋ,643
ventilators,1304314,1,ᚢᛖᚾᛏᛁᛚᚪᛏᚩᚱᛋ,489
unauthorised,1301481,1,ᚢᚾᚪᚢᚦᚩᚱᛁᛋᛖᛞ,395
replications,1301399,1,ᚱᛖᛈᛚᛁᚳᚪᛏᛡᚾᛋ,583
redefinition,1300848,1,ᚱᛖᛞᛖᚠᛁᚾᛁᛏᛡᚾ,522
naturalness,1300136,1,ᚾᚪᛏᚢᚱᚪᛚᚾᛖᛋᛋ,571
compensates,1299629,1,ᚳᚩᛗᛈᛖᚾᛋᚪᛏᛖᛋ,559
unalterable,1296588,1,ᚢᚾᚪᛚᛏᛖᚱᚪᛒᛚᛖ,637
unmanageable,1296539,1,ᚢᚾᛗᚪᚾᚪᚷᛠᛒᛚᛖ,653
nonpartisan,1295398,1,ᚾᚩᚾᛈᚪᚱᛏᛁᛋᚪᚾ,485
disobedient,1295022,1,ᛞᛁᛋᚩᛒᛖᛞᛁᛖᚾᛏ,583
receptivity,1291515,1,ᚱᛖᚳᛖᛈᛏᛁᚢᛁᛏᚣ,487
defenceless,1289291,1,ᛞᛖᚠᛖᚾᚳᛖᛚᛖᛋᛋ,580
waterproofing,1288327,1,ᚹᚪᛏᛖᚱᛈᚱᚩᚩᚠᛝ,402
choreography,1287906,1,ᚳᚻᚩᚱᛇᚷᚱᚪᛈᚻᚣ,389
shipwrecked,1286534,1,ᛋᚻᛁᛈᚹᚱᛖᚳᚳᛖᛞ,429
multifarious,1284426,1,ᛗᚢᛚᛏᛁᚠᚪᚱᛡᚢᛋ,510
cytological,1283178,0,ᚳᚣᛏᚩᛚᚩᚷᛁᚳᚪᛚ,493
definitional,1281511,0,ᛞᛖᚠᛁᚾᛁᛏᛡᚾᚪᛚ,614
putrefaction,1278931,0,ᛈᚢᛏᚱᛖᚠᚪᚳᛏᛡᚾ,490
eucharistic,1277965,0,ᛖᚢᚳᚻᚪᚱᛁᛋᛏᛁᚳ,401
optimisation,1276521,0,ᚩᛈᛏᛁᛗᛁᛋᚪᛏᛡᚾ,587
methodically,1272878,1,ᛗᛖᚦᚩᛞᛁᚳᚪᛚᛚᚣ,629
disembodied,1271214,1,ᛞᛁᛋᛖᛗᛒᚩᛞᛁᛖᛞ,655
southeasterly,1269692,0,ᛋᚩᚢᚦᛠᛋᛏᛖᚱᛚᚣ,543
desalination,1268039,0,ᛞᛖᛋᚪᛚᛁᚾᚪᛏᛡᚾ,731
adventitious,1267583,0,ᚪᛞᚢᛖᚾᛏᛁᛏᛡᚢᛋ,597
caricatures,1267237,0,ᚳᚪᚱᛁᚳᚪᛏᚢᚱᛖᛋ,455
erythromycin,1261429,0,ᛖᚱᚣᚦᚱᚩᛗᚣᚳᛁᚾ,451
disablement,1258761,0,ᛞᛁᛋᚪᛒᛚᛖᛗᛖᚾᛏ,697
denunciations,1258033,0,ᛞᛖᚾᚢᚾᚳᛡᛏᛡᚾᛋ,585
inseparably,1256151,0,ᛁᚾᛋᛖᛈᚪᚱᚪᛒᛚᚣ,665
reprimanded,1253403,0,ᚱᛖᛈᚱᛁᛗᚪᚾᛞᛖᛞ,605
sarcophagus,1252604,0,ᛋᚪᚱᚳᚩᛈᚻᚪᚷᚢᛋ,417
stereoscopic,1251675,0,ᛋᛏᛖᚱᛇᛋᚳᚩᛈᛁᚳ,391
northernmost,1250679,1,ᚾᚩᚱᚦᛖᚱᚾᛗᚩᛋᛏ,349
battlements,1249245,1,ᛒᚪᛏᛏᛚᛖᛗᛖᚾᛏᛋ,695
anesthetized,1247279,0,ᚪᚾᛖᛋᚦᛖᛏᛁᛋᛖᛞ,617
phosphorous,1247030,0,ᛈᚻᚩᛋᛈᚻᚩᚱᚩᚢᛋ,273
collapsible,1246230,1,ᚳᚩᛚᛚᚪᛈᛋᛁᛒᛚᛖ,591
regrettably,1245833,1,ᚱᛖᚷᚱᛖᛏᛏᚪᛒᛚᚣ,625
antithetical,1245439,1,ᚪᚾᛏᛁᚦᛖᛏᛁᚳᚪᛚ,561
consistence,1245431,0,ᚳᚩᚾᛋᛁᛋᛏᛖᚾᚳᛖ,421
brainstorming,1245111,1,ᛒᚱᚪᛁᚾᛋᛏᚩᚱᛗᛝ,509
interjected,1244976,1,ᛁᚾᛏᛖᚱᛂᛖᚳᛏᛖᛞ,529
physiologist,1241434,0,ᛈᚻᚣᛋᛡᛚᚩᚷᛁᛋᛏ,569
prohibitory,1241245,0,ᛈᚱᚩᚻᛁᛒᛁᛏᚩᚱᚣ,387
inoculations,1241149,0,ᛁᚾᚩᚳᚢᛚᚪᛏᛡᚾᛋ,501
discourages,1240924,1,ᛞᛁᛋᚳᚩᚢᚱᚪᚷᛖᛋ,441
dichotomous,1236422,1,ᛞᛁᚳᚻᚩᛏᚩᛗᚩᚢᛋ,363
bilaterally,1233022,0,ᛒᛁᛚᚪᛏᛖᚱᚪᛚᛚᚣ,745
divergences,1232137,1,ᛞᛁᚢᛖᚱᚷᛖᚾᚳᛖᛋ,447
informality,1231586,1,ᛁᚾᚠᚩᚱᛗᚪᛚᛁᛏᚣ,514
hermeneutic,1231183,0,ᚻᛖᚱᛗᛖᚾᛖᚢᛏᛁᚳ,441
refrigerate,1229209,0,ᚱᛖᚠᚱᛁᚷᛖᚱᚪᛏᛖ,440
ipsilateral,1228189,0,ᛁᛈᛋᛁᛚᚪᛏᛖᚱᚪᛚ,635
fractionated,1227023,0,ᚠᚱᚪᚳᛏᛡᚾᚪᛏᛖᛞ,630
ritualistic,1226498,1,ᚱᛁᛏᚢᚪᛚᛁᛋᛏᛁᚳ,461
punctuality,1225824,1,ᛈᚢᚾᚳᛏᚢᚪᛚᛁᛏᚣ,513
inexcusable,1225816,1,ᛁᚾᛖᛉᚳᚢᛋᚪᛒᛚᛖ,541
calligraphy,1223982,1,ᚳᚪᛚᛚᛁᚷᚱᚪᛈᚻᚣ,581
demoralized,1222453,1,ᛞᛖᛗᚩᚱᚪᛚᛁᛋᛖᛞ,655
watercourse,1222018,1,ᚹᚪᛏᛖᚱᚳᚩᚢᚱᛋᛖ,407
posthumously,1221864,1,ᛈᚩᛋᚦᚢᛗᚩᚢᛋᛚᚣ,421
freemasonry,1218761,1,ᚠᚱᛖᛖᛗᚪᛋᚩᚾᚱᚣ,518
arabidopsis,1218693,0,ᚪᚱᚪᛒᛁᛞᚩᛈᛋᛁᛋ,573
recurrences,1218319,1,ᚱᛖᚳᚢᚱᚱᛖᚾᚳᛖᛋ,345
incredulity,1216866,1,ᛁᚾᚳᚱᛖᛞᚢᛚᛁᛏᚣ,509
grandmothers,1215559,1,ᚷᚱᚪᚾᛞᛗᚩᚦᛖᚱᛋ,457
dynamometer,1213109,0,ᛞᚣᚾᚪᛗᚩᛗᛖᛏᛖᚱ,671
implausible,1212893,1,ᛁᛗᛈᛚᚪᚢᛋᛁᛒᛚᛖ,603
reassignment,1211284,1,ᚱᛠᛋᛋᛁᚷᚾᛗᛖᚾᛏ,529
proliferating,1210029,1,ᛈᚱᚩᛚᛁᚠᛖᚱᚪᛏᛝ,480
quarterback,1209018,1,ᚳᚹᚪᚱᛏᛖᚱᛒᚪᚳᚳ,461
nonstandard,1208669,1,ᚾᚩᚾᛋᛏᚪᚾᛞᚪᚱᛞ,589
inspiratory,1208558,0,ᛁᚾᛋᛈᛁᚱᚪᛏᚩᚱᚣ,475
tribulations,1202485,1,ᛏᚱᛁᛒᚢᛚᚪᛏᛡᚾᛋ,583
anaphylaxis,1201994,0,ᚪᚾᚪᛈᚻᚣᛚᚪᛉᛁᛋ,693
landholders,1201969,0,ᛚᚪᚾᛞᚻᚩᛚᛞᛖᚱᛋ,611
alternations,1199881,0,ᚪᛚᛏᛖᚱᚾᚪᛏᛡᚾᛋ,681
infanticide,1199327,0,ᛁᚾᚠᚪᚾᛏᛁᚳᛁᛞᛖ,478
ostentatious,1198222,1,ᚩᛋᛏᛖᚾᛏᚪᛏᛡᚢᛋ,593
milliliters,1198189,0,ᛗᛁᛚᛚᛁᛚᛁᛏᛖᚱᛋ,573
homogenized,1197867,0,ᚻᚩᛗᚩᚷᛖᚾᛁᛋᛖᛞ,461
blasphemous,1196098,1,ᛒᛚᚪᛋᛈᚻᛖᛗᚩᚢᛋ,551
interchanged,1196059,0,ᛁᚾᛏᛖᚱᚳᚻᚪᛝᛖᛞ,565
competences,1195332,0,ᚳᚩᛗᛈᛖᛏᛖᚾᚳᛖᛋ,489
courageously,1194260,1,ᚳᚩᚢᚱᚪᚷᛇᚢᛋᛚᚣ,421
perceptibly,1192922,0,ᛈᛖᚱᚳᛖᛈᛏᛁᛒᛚᚣ,571
relinquishing,1192426,1,ᚱᛖᛚᛁᚾᚳᚹᛁᛋᚻᛝ,429
proliferate,1187622,1,ᛈᚱᚩᛚᛁᚠᛖᚱᚪᛏᛖ,468
gravimetric,1184520,0,ᚷᚱᚪᚢᛁᛗᛖᛏᚱᛁᚳ,411
exercisable,1182190,0,ᛖᛉᛖᚱᚳᛁᛋᚪᛒᛚᛖ,587
mohammedans,1181207,0,ᛗᚩᚻᚪᛗᛗᛖᛞᚪᚾᛋ,675
bodhisattva,1179812,0,ᛒᚩᛞᚻᛁᛋᚪᛏᛏᚢᚪ,579
propellants,1178765,0,ᛈᚱᚩᛈᛖᛚᛚᚪᚾᛏᛋ,555
traffickers,1175765,1,ᛏᚱᚪᚠᚠᛁᚳᚳᛖᚱᛋ,359
eschatology,1175548,0,ᛖᛋᚳᚻᚪᛏᚩᛚᚩᚷᚣ,519
dissociative,1172439,0,ᛞᛁᛋᛋᚩᚳᛡᛏᛁᚢᛖ,513
underpinnings,1172189,0,ᚢᚾᛞᛖᚱᛈᛁᚾᚾᛝᛋ,463
plentifully,1172081,0,ᛈᛚᛖᚾᛏᛁᚠᚢᛚᛚᚣ,556
troposphere,1171042,0,ᛏᚱᚩᛈᚩᛋᛈᚻᛖᚱᛖ,391
chroniclers,1170401,0,ᚳᚻᚱᚩᚾᛁᚳᛚᛖᚱᛋ,331
flocculation,1168543,0,ᚠᛚᚩᚳᚳᚢᛚᚪᛏᛡᚾ,476
unfavorably,1168406,0,ᚢᚾᚠᚪᚢᚩᚱᚪᛒᛚᚣ,486
suppurative,1167678,0,ᛋᚢᛈᛈᚢᚱᚪᛏᛁᚢᛖ,413
indiscretion,1166770,0,ᛁᚾᛞᛁᛋᚳᚱᛖᛏᛡᚾ,519
grandfathers,1166109,0,ᚷᚱᚪᚾᛞᚠᚪᚦᛖᚱᛋ,478
stabilizers,1164247,0,ᛋᛏᚪᛒᛁᛚᛁᛋᛖᚱᛋ,589
criticality,1163400,0,ᚳᚱᛁᛏᛁᚳᚪᛚᛁᛏᚣ,521
defenseless,1159983,0,ᛞᛖᚠᛖᚾᛋᛖᛚᛖᛋᛋ,620
girlfriends,1159117,0,ᚷᛁᚱᛚᚠᚱᛁᛖᚾᛞᛋ,414
counteracting,1157067,0,ᚳᚩᚢᚾᛏᛖᚱᚪᚳᛏᛝ,437
proximately,1153119,0,ᛈᚱᚩᛉᛁᛗᚪᛏᛖᛚᚣ,609
psychomotor,1149105,0,ᛈᛋᚣᚳᚻᚩᛗᚩᛏᚩᚱ,397
reversionary,1147531,0,ᚱᛖᚢᛖᚱᛋᛡᚾᚪᚱᚣ,559
typological,1146859,0,ᛏᚣᛈᚩᛚᚩᚷᛁᚳᚪᛚ,523
proterozoic,1146470,0,ᛈᚱᚩᛏᛖᚱᚩᛋᚩᛁᚳ,309
paternoster,1145429,0,ᛈᚪᛏᛖᚱᚾᚩᛋᛏᛖᚱ,503
grandparent,1144343,0,ᚷᚱᚪᚾᛞᛈᚪᚱᛖᚾᛏ,549
forerunners,1142744,0,ᚠᚩᚱᛖᚱᚢᚾᚾᛖᚱᛋ,290
exterminate,1142496,0,ᛖᛉᛏᛖᚱᛗᛁᚾᚪᛏᛖ,605
mercilessly,1140124,0,ᛗᛖᚱᚳᛁᛚᛖᛋᛋᛚᚣ,615
letterpress,1139815,0,ᛚᛖᛏᛏᛖᚱᛈᚱᛖᛋᛋ,563
stockbridge,1136785,0,ᛋᛏᚩᚳᚳᛒᚱᛁᛞᚷᛖ,421
candlelight,1136598,0,ᚳᚪᚾᛞᛚᛖᛚᛁᚷᚻᛏ,571
incumbrance,1134039,0,ᛁᚾᚳᚢᛗᛒᚱᚪᚾᚳᛖ,425
indemnities,1132651,0,ᛁᚾᛞᛖᛗᚾᛁᛏᛁᛖᛋ,557
temporality,1132217,0,ᛏᛖᛗᛈᚩᚱᚪᛚᛁᛏᚣ,621
dardanelles,1128811,0,ᛞᚪᚱᛞᚪᚾᛖᛚᛚᛖᛋ,745
specialities,1128773,0,ᛋᛈᛖᚳᛡᛚᛁᛏᛁᛖᛋ,597
interchanges,1128763,0,ᛁᚾᛏᛖᚱᚳᚻᚪᛝᛖᛋ,529
aggregations,1128292,0,ᚪᚷᚷᚱᛖᚷᚪᛏᛡᚾᛋ,571
deployments,1127326,0,ᛞᛖᛈᛚᚩᚣᛗᛖᚾᛏᛋ,661
exclamations,1123960,0,ᛖᛉᚳᛚᚪᛗᚪᛏᛡᚾᛋ,713
confidences,1122778,0,ᚳᚩᚾᚠᛁᛞᛖᚾᚳᛖᛋ,400
unfathomable,1122511,0,ᚢᚾᚠᚪᚦᚩᛗᚪᛒᛚᛖ,512
circumcised,1122194,0,ᚳᛁᚱᚳᚢᛗᚳᛁᛋᛖᛞ,395
equilateral,1121926,0,ᛖᚳᚹᛁᛚᚪᛏᛖᚱᚪᛚ,607
mammography,1121067,0,ᛗᚪᛗᛗᚩᚷᚱᚪᛈᚻᚣ,611
exacerbation,1120249,0,ᛖᛉᚪᚳᛖᚱᛒᚪᛏᛡᚾ,655
infringements,1119811,0,ᛁᚾᚠᚱᛝᛖᛗᛖᚾᛏᛋ,498
pomegranate,1119134,0,ᛈᚩᛗᛖᚷᚱᚪᚾᚪᛏᛖ,565
intensifies,1118172,0,ᛁᚾᛏᛖᚾᛋᛁᚠᛁᛖᛋ,452
birefringence,1116489,0,ᛒᛁᚱᛖᚠᚱᛝᛖᚾᚳᛖ,438
legalization,1115648,0,ᛚᛖᚷᚪᛚᛁᛋᚪᛏᛡᚾ,703
asymmetries,1113923,0,ᚪᛋᚣᛗᛗᛖᛏᚱᛁᛖᛋ,683
ecclesiastes,1111999,0,ᛖᚳᚳᛚᛖᛋᛡᛋᛏᛖᛋ,625
bonaventure,1111789,0,ᛒᚩᚾᚪᚢᛖᚾᛏᚢᚱᛖ,433
disheartened,1109230,0,ᛞᛁᛋᚻᛠᚱᛏᛖᚾᛖᛞ,627
stigmatized,1108779,0,ᛋᛏᛁᚷᛗᚪᛏᛁᛋᛖᛞ,627
candlestick,1108699,0,ᚳᚪᚾᛞᛚᛖᛋᛏᛁᚳᚳ,537
hematologic,1107702,0,ᚻᛖᛗᚪᛏᚩᛚᚩᚷᛁᚳ,465
ventilatory,1106761,0,ᚢᛖᚾᛏᛁᛚᚪᛏᚩᚱᚣ,539
quantifiable,1106500,0,ᚳᚹᚪᚾᛏᛁᚠᛡᛒᛚᛖ,558
tempestuous,1105324,0,ᛏᛖᛗᛈᛖᛋᛏᚢᚩᚢᛋ,485
inadvisable,1102950,0,ᛁᚾᚪᛞᚢᛁᛋᚪᛒᛚᛖ,631
unaccounted,1102520,0,ᚢᚾᚪᚳᚳᚩᚢᚾᛏᛖᛞ,409
domesticity,1099561,0,ᛞᚩᛗᛖᛋᛏᛁᚳᛁᛏᚣ,583
subcultures,1097377,0,ᛋᚢᛒᚳᚢᛚᛏᚢᚱᛖᛋ,399
porphyritic,1096710,0,ᛈᚩᚱᛈᚻᚣᚱᛁᛏᛁᚳ,375
honeysuckle,1093189,0,ᚻᚩᚾᛖᚣᛋᚢᚳᚳᛚᛖ,451
thessalonians,1092956,0,ᚦᛖᛋᛋᚪᛚᚩᚾᛡᚾᛋ,573
centerpiece,1091700,0,ᚳᛖᚾᛏᛖᚱᛈᛁᛖᚳᛖ,467
equivalency,1089292,0,ᛖᚳᚹᛁᚢᚪᛚᛖᚾᚳᚣ,515
interlocked,1087366,0,ᛁᚾᛏᛖᚱᛚᚩᚳᚳᛖᛞ,459
painstakingly,1087224,0,ᛈᚪᛁᚾᛋᛏᚪᚳᛝᛚᚣ,677
assassinate,1087107,0,ᚪᛋᛋᚪᛋᛋᛁᚾᚪᛏᛖ,689
subcategory,1086928,0,ᛋᚢᛒᚳᚪᛏᛖᚷᚩᚱᚣ,491
interceptor,1086571,0,ᛁᚾᛏᛖᚱᚳᛖᛈᛏᚩᚱ,397
blueberries,1085078,0,ᛒᛚᚢᛖᛒᛖᚱᚱᛁᛖᛋ,505
helpfulness,1084188,0,ᚻᛖᛚᛈᚠᚢᛚᚾᛖᛋᛋ,486
ministration,1077708,0,ᛗᛁᚾᛁᛋᛏᚱᚪᛏᛡᚾ,577
entertainer,1075423,0,ᛖᚾᛏᛖᚱᛏᚪᛁᚾᛖᚱ,527
submergence,1074931,0,ᛋᚢᛒᛗᛖᚱᚷᛖᚾᚳᛖ,459
fabricators,1073416,0,ᚠᚪᛒᚱᛁᚳᚪᛏᚩᚱᛋ,442
reciprocate,1071114,0,ᚱᛖᚳᛁᛈᚱᚩᚳᚪᛏᛖ,419
exhilaration,1071064,0,ᛖᛉᚻᛁᛚᚪᚱᚪᛏᛡᚾ,641
semiannually,1070739,0,ᛋᛖᛗᛡᚾᚾᚢᚪᛚᛚᚣ,705
californians,1070702,0,ᚳᚪᛚᛁᚠᚩᚱᚾᛡᚾᛋ,452
collectives,1069923,0,ᚳᚩᛚᛚᛖᚳᛏᛁᚢᛖᛋ,459
neurobiology,1064817,0,ᚾᛖᚢᚱᚩᛒᛡᛚᚩᚷᚣ,485
physiotherapy,1064593,0,ᛈᚻᚣᛋᛡᚦᛖᚱᚪᛈᚣ,655
statutorily,1064168,0,ᛋᛏᚪᛏᚢᛏᚩᚱᛁᛚᚣ,555
monopolized,1063790,0,ᛗᚩᚾᚩᛈᚩᛚᛁᛋᛖᛞ,477
reevaluation,1062519,0,ᚱᛖᛖᚢᚪᛚᚢᚪᛏᛡᚾ,613
inexpedient,1061073,0,ᛁᚾᛖᛉᛈᛖᛞᛁᛖᚾᛏ,559
anachronism,1059093,0,ᚪᚾᚪᚳᚻᚱᚩᚾᛁᛋᛗ,461
fluorescein,1057220,0,ᚠᛚᚢᚩᚱᛖᛋᚳᛖᛁᚾ,356
unpalatable,1056265,0,ᚢᚾᛈᚪᛚᚪᛏᚪᛒᛚᛖ,699
centripetal,1056033,0,ᚳᛖᚾᛏᚱᛁᛈᛖᛏᚪᛚ,549
standpoints,1054778,0,ᛋᛏᚪᚾᛞᛈᚩᛁᚾᛏᛋ,549
nonnegative,1053882,0,ᚾᚩᚾᚾᛖᚷᚪᛏᛁᚢᛖ,435
contentedly,1052082,0,ᚳᚩᚾᛏᛖᚾᛏᛖᛞᛚᚣ,595
circulations,1051824,0,ᚳᛁᚱᚳᚢᛚᚪᛏᛡᚾᛋ,489
disconnecting,1050882,0,ᛞᛁᛋᚳᚩᚾᚾᛖᚳᛏᛝ,469
eventuality,1049475,0,ᛖᚢᛖᚾᛏᚢᚪᛚᛁᛏᚣ,591
transgender,1047835,0,ᛏᚱᚪᚾᛋᚷᛖᚾᛞᛖᚱ,529
debilitated,1047678,0,ᛞᛖᛒᛁᛚᛁᛏᚪᛏᛖᛞ,723
urbanisation,1047397,0,ᚢᚱᛒᚪᚾᛁᛋᚪᛏᛡᚾ,577
apothecaries,1047037,0,ᚪᛈᚩᚦᛖᚳᚪᚱᛁᛖᛋ,491
reconditioning,1045962,0,ᚱᛖᚳᚩᚾᛞᛁᛏᛡᚾᛝ,521
opportunism,1045891,0,ᚩᛈᛈᚩᚱᛏᚢᚾᛁᛋᛗ,357
perchlorate,1045564,0,ᛈᛖᚱᚳᚻᛚᚩᚱᚪᛏᛖ,471
uncontested,1045021,0,ᚢᚾᚳᚩᚾᛏᛖᛋᛏᛖᛞ,475
transversal,1044709,0,ᛏᚱᚪᚾᛋᚢᛖᚱᛋᚪᛚ,553
convolutions,1043619,0,ᚳᚩᚾᚢᚩᛚᚢᛏᛡᚾᛋ,383
inspirations,1042387,0,ᛁᚾᛋᛈᛁᚱᚪᛏᛡᚾᛋ,543
nonfinancial,1041568,0,ᚾᚩᚾᚠᛁᚾᚪᚾᚳᛡᛚ,446
chancellors,1039800,0,ᚳᚻᚪᚾᚳᛖᛚᛚᚩᚱᛋ,459
competently,1037408,0,ᚳᚩᛗᛈᛖᛏᛖᚾᛏᛚᚣ,591
newburyport,1036524,0,ᚾᛖᚹᛒᚢᚱᚣᛈᚩᚱᛏ,413
uncertainly,1035848,0,ᚢᚾᚳᛖᚱᛏᚪᛁᚾᛚᚣ,515
nonconforming,1033332,0,ᚾᚩᚾᚳᚩᚾᚠᚩᚱᛗᛝ,284
unperturbed,1033331,0,ᚢᚾᛈᛖᚱᛏᚢᚱᛒᛖᛞ,443
rhythmically,1032506,0,ᚱᚻᚣᚦᛗᛁᚳᚪᛚᛚᚣ,603
comradeship,1030885,0,ᚳᚩᛗᚱᚪᛞᛖᛋᚻᛁᛈ,505
nonsensical,1027205,0,ᚾᚩᚾᛋᛖᚾᛋᛁᚳᚪᛚ,481
fredericton,1025716,0,ᚠᚱᛖᛞᛖᚱᛁᚳᛏᚩᚾ,386
photocopies,1025079,0,ᛈᚻᚩᛏᚩᚳᚩᛈᛁᛖᛋ,353
antiaircraft,1024527,0,ᚪᚾᛏᛡᛁᚱᚳᚱᚪᚠᛏ,516
persecutors,1023680,0,ᛈᛖᚱᛋᛖᚳᚢᛏᚩᚱᛋ,387
deceptively,1020693,0,ᛞᛖᚳᛖᛈᛏᛁᚢᛖᛚᚣ,615
preeminence,1018601,0,ᛈᚱᛖᛖᛗᛁᚾᛖᚾᚳᛖ,495
reactionaries,1018447,0,ᚱᛠᚳᛏᛡᚾᚪᚱᛁᛖᛋ,587
generically,1017579,0,ᚷᛖᚾᛖᚱᛁᚳᚪᛚᛚᚣ,581
conspirator,1016889,0,ᚳᚩᚾᛋᛈᛁᚱᚪᛏᚩᚱ,361
antagonisms,1014785,0,ᚪᚾᛏᚪᚷᚩᚾᛁᛋᛗᛋ,543
saltonstall,1014436,0,ᛋᚪᛚᛏᚩᚾᛋᛏᚪᛚᛚ,673
carthaginians,1014022,0,ᚳᚪᚱᚦᚪᚷᛁᚾᛡᚾᛋ,489
synchronizing,1012856,0,ᛋᚣᚾᚳᚻᚱᚩᚾᛁᛋᛝ,431
vaccinations,1012321,0,ᚢᚪᚳᚳᛁᚾᚪᛏᛡᚾᛋ,531
conjunctive,1011179,0,ᚳᚩᚾᛂᚢᚾᚳᛏᛁᚢᛖ,291
inductively,1009773,0,ᛁᚾᛞᚢᚳᛏᛁᚢᛖᛚᚣ,501
firefighter,1009047,0,ᚠᛁᚱᛖᚠᛁᚷᚻᛏᛖᚱ,321
defensively,1008378,0,ᛞᛖᚠᛖᚾᛋᛁᚢᛖᛚᚣ,584
eosinophilic,1005716,0,ᛇᛋᛁᚾᚩᛈᚻᛁᛚᛁᚳ,375
originators,1004541,0,ᚩᚱᛁᚷᛁᚾᚪᛏᚩᚱᛋ,353
underpinned,1004094,0,ᚢᚾᛞᛖᚱᛈᛁᚾᚾᛖᛞ,487
rediscovery,1003493,0,ᚱᛖᛞᛁᛋᚳᚩᚢᛖᚱᚣ,455
screwdriver,1003361,0,ᛋᚳᚱᛖᚹᛞᚱᛁᚢᛖᚱ,375
appalachians,1001154,0,ᚪᛈᛈᚪᛚᚪᚳᚻᛡᚾᛋ,675
deteriorates,1001071,0,ᛞᛖᛏᛖᚱᛡᚱᚪᛏᛖᛋ,687
subroutines,1001066,0,ᛋᚢᛒᚱᚩᚢᛏᛁᚾᛖᛋ,377
preparative,1000837,0,ᛈᚱᛖᛈᚪᚱᚪᛏᛁᚢᛖ,529
storehouses,1000799,0,ᛋᛏᚩᚱᛖᚻᚩᚢᛋᛖᛋ,403
tchaikovsky,999969,0,ᛏᚳᚻᚪᛁᚳᚩᚢᛋᚳᚣ,415
mesopotamian,998977,0,ᛗᛖᛋᚩᛈᚩᛏᚪᛗᛡᚾ,611
undervalued,998226,0,ᚢᚾᛞᛖᚱᚢᚪᛚᚢᛖᛞ,531
inoffensive,998050,0,ᛁᚾᚩᚠᚠᛖᚾᛋᛁᚢᛖ,321
conformably,995579,0,ᚳᚩᚾᚠᚩᚱᛗᚪᛒᛚᚣ,474
skyscrapers,995176,0,ᛋᚳᚣᛋᚳᚱᚪᛈᛖᚱᛋ,517
intricately,994864,0,ᛁᚾᛏᚱᛁᚳᚪᛏᛖᛚᚣ,573
disoriented,994644,0,ᛞᛁᛋᚩᚱᛁᛖᚾᛏᛖᛞ,533
reflexivity,994302,0,ᚱᛖᚠᛚᛖᛉᛁᚢᛁᛏᚣ,494
francophone,993590,0,ᚠᚱᚪᚾᚳᚩᛈᚻᚩᚾᛖ,328
nondescript,993459,0,ᚾᚩᚾᛞᛖᛋᚳᚱᛁᛈᛏ,431
trapezoidal,993424,0,ᛏᚱᚪᛈᛖᛋᚩᛁᛞᚪᛚ,627
hyperactive,993372,0,ᚻᚣᛈᛖᚱᚪᚳᛏᛁᚢᛖ,517
disjunctive,991992,0,ᛞᛁᛋᛂᚢᚾᚳᛏᛁᚢᛖ,415
loudspeakers,991557,0,ᛚᚩᚢᛞᛋᛈᛠᚳᛖᚱᛋ,521
rejuvenation,991223,0,ᚱᛖᛂᚢᚢᛖᚾᚪᛏᛡᚾ,509
wakefulness,991141,0,ᚹᚪᚳᛖᚠᚢᛚᚾᛖᛋᛋ,476
cranberries,990885,0,ᚳᚱᚪᚾᛒᛖᚱᚱᛁᛖᛋ,451
academicians,990277,0,ᚪᚳᚪᛞᛖᛗᛁᚳᛡᚾᛋ,667
concessional,990194,0,ᚳᚩᚾᚳᛖᛋᛋᛡᚾᚪᛚ,541
diversities,989409,0,ᛞᛁᚢᛖᚱᛋᛁᛏᛁᛖᛋ,495
amphibolite,987901,0,ᚪᛗᛈᚻᛁᛒᚩᛚᛁᛏᛖ,563
collaterals,987117,0,ᚳᚩᛚᛚᚪᛏᛖᚱᚪᛚᛋ,623
discontents,986996,0,ᛞᛁᛋᚳᚩᚾᛏᛖᚾᛏᛋ,489
perquisites,986660,0,ᛈᛖᚱᚳᚹᛁᛋᛁᛏᛖᛋ,447
unannounced,986555,0,ᚢᚾᚪᚾᚾᚩᚢᚾᚳᛖᛞ,395
mistreatment,986448,0,ᛗᛁᛋᛏᚱᛠᛏᛗᛖᚾᛏ,619
misdirected,985663,0,ᛗᛁᛋᛞᛁᚱᛖᚳᛏᛖᛞ,581
antiseptics,984974,0,ᚪᚾᛏᛁᛋᛖᛈᛏᛁᚳᛋ,535
orthographic,984307,0,ᚩᚱᚦᚩᚷᚱᚪᛈᚻᛁᚳ,265
uncompleted,984141,0,ᚢᚾᚳᚩᛗᛈᛚᛖᛏᛖᛞ,521
codefendant,982805,0,ᚳᚩᛞᛖᚠᛖᚾᛞᚪᚾᛏ,548
submersible,982339,0,ᛋᚢᛒᛗᛖᚱᛋᛁᛒᛚᛖ,551
abominations,981023,0,ᚪᛒᚩᛗᛁᚾᚪᛏᛡᚾᛋ,641
orientalism,980007,0,ᚩᚱᛁᛖᚾᛏᚪᛚᛁᛋᛗ,529
vladivostok,979897,0,ᚢᛚᚪᛞᛁᚢᚩᛋᛏᚩᚳ,435
cognitively,979748,0,ᚳᚩᚷᚾᛁᛏᛁᚢᛖᛚᚣ,433
preclinical,979558,0,ᛈᚱᛖᚳᛚᛁᚾᛁᚳᚪᛚ,481
animosities,979525,0,ᚪᚾᛁᛗᚩᛋᛁᛏᛁᛖᛋ,529
scalability,978639,0,ᛋᚳᚪᛚᚪᛒᛁᛚᛁᛏᚣ,691
carotenoids,978498,0,ᚳᚪᚱᚩᛏᛖᚾᚩᛁᛞᛋ,463
calvinistic,976562,0,ᚳᚪᛚᚢᛁᚾᛁᛋᛏᛁᚳ,433
geologically,973687,0,ᚷᛇᛚᚩᚷᛁᚳᚪᛚᛚᚣ,545
ticonderoga,971945,0,ᛏᛁᚳᚩᚾᛞᛖᚱᚩᚷᚪ,427
camaraderie,971301,0,ᚳᚪᛗᚪᚱᚪᛞᛖᚱᛁᛖ,651
strategists,970101,0,ᛋᛏᚱᚪᛏᛖᚷᛁᛋᛏᛋ,559
disassembly,969353,0,ᛞᛁᛋᚪᛋᛋᛖᛗᛒᛚᚣ,751
instinctual,969129,0,ᛁᚾᛋᛏᛁᚾᚳᛏᚢᚪᛚ,477
extrapolate,968872,0,ᛖᛉᛏᚱᚪᛈᚩᛚᚪᛏᛖ,627
ecclesiastic,966945,0,ᛖᚳᚳᛚᛖᛋᛡᛋᛏᛁᚳ,549
parkersburg,966615,0,ᛈᚪᚱᚳᛖᚱᛋᛒᚢᚱᚷ,387
infectivity,966469,0,ᛁᚾᚠᛖᚳᛏᛁᚢᛁᛏᚣ,428
cockroaches,965964,0,ᚳᚩᚳᚳᚱᚩᚪᚳᚻᛖᛋ,317
investiture,965495,0,ᛁᚾᚢᛖᛋᛏᛁᛏᚢᚱᛖ,413
indentations,962609,0,ᛁᚾᛞᛖᚾᛏᚪᛏᛡᚾᛋ,649
chandeliers,961943,0,ᚳᚻᚪᚾᛞᛖᛚᛁᛖᚱᛋ,553
strangulation,960670,0,ᛋᛏᚱᚪᛝᚢᛚᚪᛏᛡᚾ,667
expansionist,959552,0,ᛖᛉᛈᚪᚾᛋᛡᚾᛁᛋᛏ,615
northeastward,958471,0,ᚾᚩᚱᚦᛠᛋᛏᚹᚪᚱᛞ,489
spreadsheets,958011,0,ᛋᛈᚱᛠᛞᛋᚻᛖᛖᛏᛋ,627
subcortical,956876,0,ᛋᚢᛒᚳᚩᚱᛏᛁᚳᚪᛚ,421
respirations,956101,0,ᚱᛖᛋᛈᛁᚱᚪᛏᛡᚾᛋ,561
expectantly,955108,0,ᛖᛉᛈᛖᚳᛏᚪᚾᛏᛚᚣ,657
extractable,954911,0,ᛖᛉᛏᚱᚪᚳᛏᚪᛒᛚᛖ,651
skirmishers,954210,0,ᛋᚳᛁᚱᛗᛁᛋᚻᛖᚱᛋ,417
concurrency,953897,0,ᚳᚩᚾᚳᚢᚱᚱᛖᚾᚳᚣ,299
indemnified,952550,0,ᛁᚾᛞᛖᛗᚾᛁᚠᛁᛖᛞ,536
regretfully,952283,0,ᚱᛖᚷᚱᛖᛏᚠᚢᛚᛚᚣ,486
dissipative,951814,0,ᛞᛁᛋᛋᛁᛈᚪᛏᛁᚢᛖ,557
neurologist,951796,0,ᚾᛖᚢᚱᚩᛚᚩᚷᛁᛋᛏ,357
theologically,951008,0,ᚦᛇᛚᚩᚷᛁᚳᚪᛚᛚᚣ,533
enumerators,949779,0,ᛖᚾᚢᛗᛖᚱᚪᛏᚩᚱᛋ,475
wheelbarrow,949716,0,ᚹᚻᛖᛖᛚᛒᚪᚱᚱᚩᚹ,455
guadalajara,949048,0,ᚷᚢᚪᛞᚪᛚᚪᛂᚪᚱᚪ,715
passageways,949011,0,ᛈᚪᛋᛋᚪᚷᛖᚹᚪᚣᛋ,699
astigmatism,948369,0,ᚪᛋᛏᛁᚷᛗᚪᛏᛁᛋᛗ,639
professorial,947665,0,ᛈᚱᚩᚠᛖᛋᛋᚩᚱᛡᛚ,434
incantations,946490,0,ᛁᚾᚳᚪᚾᛏᚪᛏᛡᚾᛋ,603
outstripped,945853,0,ᚩᚢᛏᛋᛏᚱᛁᛈᛈᛖᛞ,465
trespassers,945539,0,ᛏᚱᛖᛋᛈᚪᛋᛋᛖᚱᛋ,567
hygroscopic,944718,0,ᚻᚣᚷᚱᚩᛋᚳᚩᛈᛁᚳ,321
suppositions,944410,0,ᛋᚢᛈᛈᚩᛋᛁᛏᛡᚾᛋ,481
protoplasts,942112,0,ᛈᚱᚩᛏᚩᛈᛚᚪᛋᛏᛋ,505
probationers,941417,0,ᛈᚱᚩᛒᚪᛏᛡᚾᛖᚱᛋ,545
uncivilized,941060,0,ᚢᚾᚳᛁᚢᛁᛚᛁᛋᛖᛞ,423
campgrounds,935282,0,ᚳᚪᛗᛈᚷᚱᚩᚢᚾᛞᛋ,433
interrogating,935113,0,ᛁᚾᛏᛖᚱᚱᚩᚷᚪᛏᛝ,467
participles,935054,0,ᛈᚪᚱᛏᛁᚳᛁᛈᛚᛖᛋ,521
synchronize,933970,0,ᛋᚣᚾᚳᚻᚱᚩᚾᛁᛋᛖ,419
maladaptive,932594,0,ᛗᚪᛚᚪᛞᚪᛈᛏᛁᚢᛖ,727
circumspect,932125,0,ᚳᛁᚱᚳᚢᛗᛋᛈᛖᚳᛏ,377
indefinable,930559,0,ᛁᚾᛞᛖᚠᛁᚾᚪᛒᛚᛖ,576
huckleberry,930513,0,ᚻᚢᚳᚳᛚᛖᛒᛖᚱᚱᚣ,445
recuperation,928643,0,ᚱᛖᚳᚢᛈᛖᚱᚪᛏᛡᚾ,507
noiselessly,928547,0,ᚾᚩᛁᛋᛖᛚᛖᛋᛋᛚᚣ,609
omniscience,928065,0,ᚩᛗᚾᛁᛋᚳᛁᛖᚾᚳᛖ,411
fraternally,924604,0,ᚠᚱᚪᛏᛖᚱᚾᚪᛚᛚᚣ,622
horseradish,924331,0,ᚻᚩᚱᛋᛖᚱᚪᛞᛁᛋᚻ,465
psychologic,923310,0,ᛈᛋᚣᚳᚻᚩᛚᚩᚷᛁᚳ,383
stimulatory,922878,0,ᛋᛏᛁᛗᚢᛚᚪᛏᚩᚱᚣ,567
submarginal,922467,0,ᛋᚢᛒᛗᚪᚱᚷᛁᚾᚪᛚ,543
proscription,922351,0,ᛈᚱᚩᛋᚳᚱᛁᛈᛏᛡᚾ,407
episcopalian,921829,0,ᛖᛈᛁᛋᚳᚩᛈᚪᛚᛡᚾ,563
bloodthirsty,921421,0,ᛒᛚᚩᚩᛞᚦᛁᚱᛋᛏᚣ,499
calorimetry,920223,0,ᚳᚪᛚᚩᚱᛁᛗᛖᛏᚱᚣ,543
mantelpiece,919913,0,ᛗᚪᚾᛏᛖᛚᛈᛁᛖᚳᛖ,617
mahabharata,917915,0,ᛗᚪᚻᚪᛒᚻᚪᚱᚪᛏᚪ,733
authenticate,917561,0,ᚪᚢᚦᛖᚾᛏᛁᚳᚪᛏᛖ,527
unmitigated,916385,0,ᚢᚾᛗᛁᛏᛁᚷᚪᛏᛖᛞ,553
insinuations,914380,0,ᛁᚾᛋᛁᚾᚢᚪᛏᛡᚾᛋ,521
incidentals,914374,0,ᛁᚾᚳᛁᛞᛖᚾᛏᚪᛚᛋ,571
calibrations,913699,0,ᚳᚪᛚᛁᛒᚱᚪᛏᛡᚾᛋ,631
prefectural,913322,0,ᛈᚱᛖᚠᛖᚳᛏᚢᚱᚪᛚ,446
promiscuity,913030,0,ᛈᚱᚩᛗᛁᛋᚳᚢᛁᛏᚣ,425
disinclined,912824,0,ᛞᛁᛋᛁᚾᚳᛚᛁᚾᛖᛞ,535
refurbished,911892,0,ᚱᛖᚠᚢᚱᛒᛁᛋᚻᛖᛞ,418
viscosities,911320,0,ᚢᛁᛋᚳᚩᛋᛁᛏᛁᛖᛋ,401
corroborating,908929,0,ᚳᚩᚱᚱᚩᛒᚩᚱᚪᛏᛝ,363
historicity,908377,0,ᚻᛁᛋᛏᚩᚱᛁᚳᛁᛏᚣ,421
paraphrased,907009,0,ᛈᚪᚱᚪᛈᚻᚱᚪᛋᛖᛞ,631
obstetrician,906938,0,ᚩᛒᛋᛏᛖᛏᚱᛁᚳᛡᚾ,497
pathetically,906017,0,ᛈᚪᚦᛖᛏᛁᚳᚪᛚᛚᚣ,661
contracture,905443,0,ᚳᚩᚾᛏᚱᚪᚳᛏᚢᚱᛖ,369
quarantined,905337,0,ᚳᚹᚪᚱᚪᚾᛏᛁᚾᛖᛞ,541
desideratum,905236,0,ᛞᛖᛋᛁᛞᛖᚱᚪᛏᚢᛗ,637
merchandize,904064,0,ᛗᛖᚱᚳᚻᚪᚾᛞᛁᛋᛖ,551
uninhibited,903984,0,ᚢᚾᛁᚾᚻᛁᛒᛁᛏᛖᛞ,453
complementing,903192,0,ᚳᚩᛗᛈᛚᛖᛗᛖᚾᛏᛝ,579
reconversion,900577,0,ᚱᛖᚳᚩᚾᚢᛖᚱᛋᛡᚾ,397
compensator,898528,0,ᚳᚩᛗᛈᛖᚾᛋᚪᛏᚩᚱ,457
wholehearted,898251,0,ᚹᚻᚩᛚᛖᚻᛠᚱᛏᛖᛞ,547
unaffiliated,897173,0,ᚢᚾᚪᚠᚠᛁᛚᛡᛏᛖᛞ,559
brittleness,896413,0,ᛒᚱᛁᛏᛏᛚᛖᚾᛖᛋᛋ,563
borderlands,895613,0,ᛒᚩᚱᛞᛖᚱᛚᚪᚾᛞᛋ,587
disembarked,894893,0,ᛞᛁᛋᛖᛗᛒᚪᚱᚳᛖᛞ,649
physiography,894826,0,ᛈᚻᚣᛋᛡᚷᚱᚪᛈᚻᚣ,623
monasticism,894599,0,ᛗᚩᚾᚪᛋᛏᛁᚳᛁᛋᛗ,515
impetuosity,894202,0,ᛁᛗᛈᛖᛏᚢᚩᛋᛁᛏᚣ,527
localisation,894015,0,ᛚᚩᚳᚪᛚᛁᛋᚪᛏᛡᚾ,639
quarrelsome,892100,0,ᚳᚹᚪᚱᚱᛖᛚᛋᚩᛗᛖ,489
certainties,892030,0,ᚳᛖᚱᛏᚪᛁᚾᛏᛁᛖᛋ,517
watercolour,890910,0,ᚹᚪᛏᛖᚱᚳᚩᛚᚩᚢᚱ,367
contrastive,890749,0,ᚳᚩᚾᛏᚱᚪᛋᛏᛁᚢᛖ,429
wheelwright,890025,0,ᚹᚻᛖᛖᛚᚹᚱᛁᚷᚻᛏ,409
auscultation,889001,0,ᚪᚢᛋᚳᚢᛚᛏᚪᛏᛡᚾ,593
confessedly,888546,0,ᚳᚩᚾᚠᛖᛋᛋᛖᛞᛚᚣ,556
extrapolating,888329,0,ᛖᛉᛏᚱᚪᛈᚩᛚᚪᛏᛝ,639
camouflaged,886176,0,ᚳᚪᛗᚩᚢᚠᛚᚪᚷᛖᛞ,536
consolations,885980,0,ᚳᚩᚾᛋᚩᛚᚪᛏᛡᚾᛋ,527
groundbreaking,884070,0,ᚷᚱᚩᚢᚾᛞᛒᚱᛠᚳᛝ,429
impulsively,883100,0,ᛁᛗᛈᚢᛚᛋᛁᚢᛖᛚᚣ,551
degenerates,881974,0,ᛞᛖᚷᛖᚾᛖᚱᚪᛏᛖᛋ,623
myocarditis,881716,0,ᛗᚣᚩᚳᚪᚱᛞᛁᛏᛁᛋ,565
silhouettes,879746,0,ᛋᛁᛚᚻᚩᚢᛖᛏᛏᛖᛋ,495
baluchistan,879135,0,ᛒᚪᛚᚢᚳᚻᛁᛋᛏᚪᚾ,539
insistently,877588,0,ᛁᚾᛋᛁᛋᛏᛖᚾᛏᛚᚣ,587
superscript,877014,0,ᛋᚢᛈᛖᚱᛋᚳᚱᛁᛈᛏ,387
predestined,876956,0,ᛈᚱᛖᛞᛖᛋᛏᛁᚾᛖᛞ,605
sweepstakes,876936,0,ᛋᚹᛖᛖᛈᛋᛏᚪᚳᛖᛋ,591
interglacial,874381,0,ᛁᚾᛏᛖᚱᚷᛚᚪᚳᛡᛚ,577
respirators,872745,0,ᚱᛖᛋᛈᛁᚱᚪᛏᚩᚱᛋ,443
precariously,872305,0,ᛈᚱᛖᚳᚪᚱᛡᚢᛋᛚᚣ,581
blindfolded,869979,0,ᛒᛚᛁᚾᛞᚠᚩᛚᛞᛖᛞ,610
discomforts,869717,0,ᛞᛁᛋᚳᚩᛗᚠᚩᚱᛏᛋ,396
analogously,868765,0,ᚪᚾᚪᛚᚩᚷᚩᚢᛋᛚᚣ,559
unofficially,868447,0,ᚢᚾᚩᚠᚠᛁᚳᛡᛚᛚᚣ,443
unicellular,868400,0,ᚢᚾᛁᚳᛖᛚᛚᚢᛚᚪᚱ,473
wildflowers,867179,0,ᚹᛁᛚᛞᚠᛚᚩᚹᛖᚱᛋ,444
expropriated,863747,0,ᛖᛉᛈᚱᚩᛈᚱᛡᛏᛖᛞ,551
dielectrics,863524,0,ᛞᛁᛖᛚᛖᚳᛏᚱᛁᚳᛋ,507
indignities,862882,0,ᛁᚾᛞᛁᚷᚾᛁᛏᛁᛖᛋ,467
irrelevance,861909,0,ᛁᚱᚱᛖᛚᛖᚢᚪᚾᚳᛖ,469
successional,860698,0,ᛋᚢᚳᚳᛖᛋᛋᛡᚾᚪᛚ,561
prominences,860136,0,ᛈᚱᚩᛗᛁᚾᛖᚾᚳᛖᛋ,421
unscheduled,859586,0,ᚢᚾᛋᚳᚻᛖᛞᚢᛚᛖᛞ,509
undescribed,858995,0,ᚢᚾᛞᛖᛋᚳᚱᛁᛒᛖᛞ,513
outpatients,857633,0,ᚩᚢᛏᛈᚪᛏᛁᛖᚾᛏᛋ,507
misinformed,857527,0,ᛗᛁᛋᛁᚾᚠᚩᚱᛗᛖᛞ,462
arthroplasty,856904,0,ᚪᚱᚦᚱᚩᛈᛚᚪᛋᛏᚣ,559
collectible,855416,0,ᚳᚩᛚᛚᛖᚳᛏᛁᛒᛚᛖ,537
sensitively,855304,0,ᛋᛖᚾᛋᛁᛏᛁᚢᛖᛚᚣ,569
playfulness,853194,0,ᛈᛚᚪᚣᚠᚢᛚᚾᛖᛋᛋ,596
distrustful,852779,0,ᛞᛁᛋᛏᚱᚢᛋᛏᚠᚢᛚ,436
acquirement,852578,0,ᚪᚳᚳᚹᛁᚱᛖᛗᛖᚾᛏ,477
communistic,851758,0,ᚳᚩᛗᛗᚢᚾᛁᛋᛏᛁᚳ,381
customhouse,850994,0,ᚳᚢᛋᛏᚩᛗᚻᚩᚢᛋᛖ,359
cytogenetic,849136,0,ᚳᚣᛏᚩᚷᛖᚾᛖᛏᛁᚳ,465
peristalsis,849129,0,ᛈᛖᚱᛁᛋᛏᚪᛚᛋᛁᛋ,571
microtubule,848777,0,ᛗᛁᚳᚱᚩᛏᚢᛒᚢᛚᛖ,399
unutterable,848301,0,ᚢᚾᚢᛏᛏᛖᚱᚪᛒᛚᛖ,529
enlistments,848022,0,ᛖᚾᛚᛁᛋᛏᛗᛖᚾᛏᛋ,591
condolences,847622,0,ᚳᚩᚾᛞᚩᛚᛖᚾᚳᛖᛋ,447
mountaineer,847306,0,ᛗᚩᚢᚾᛏᚪᛁᚾᛖᛖᚱ,471
malfunctions,847305,0,ᛗᚪᛚᚠᚢᚾᚳᛏᛡᚾᛋ,536
classifiable,847101,0,ᚳᛚᚪᛋᛋᛁᚠᛡᛒᛚᛖ,630
deliberated,845357,0,ᛞᛖᛚᛁᛒᛖᚱᚪᛏᛖᛞ,711
professedly,843787,0,ᛈᚱᚩᚠᛖᛋᛋᛖᛞᛚᚣ,568
adirondacks,842641,0,ᚪᛞᛁᚱᚩᚾᛞᚪᚳᚳᛋ,529
monseigneur,842153,0,ᛗᚩᚾᛋᛖᛁᚷᚾᛖᚢᚱ,385
deliverable,842064,0,ᛞᛖᛚᛁᚢᛖᚱᚪᛒᛚᛖ,639
contestation,841631,0,ᚳᚩᚾᛏᛖᛋᛏᚪᛏᛡᚾ,579
improvident,840025,0,ᛁᛗᛈᚱᚩᚢᛁᛞᛖᚾᛏ,441
palpitations,839932,0,ᛈᚪᛚᛈᛁᛏᚪᛏᛡᚾᛋ,691
wheelchairs,838833,0,ᚹᚻᛖᛖᛚᚳᚻᚪᛁᚱᛋ,477
disqualifying,838283,0,ᛞᛁᛋᚳᚹᚪᛚᛁᚠᚣᛝ,590
ellipsoidal,837944,0,ᛖᛚᛚᛁᛈᛋᚩᛁᛞᚪᛚ,637
syntactical,837580,0,ᛋᚣᚾᛏᚪᚳᛏᛁᚳᚪᛚ,627
montmorency,837253,0,ᛗᚩᚾᛏᛗᚩᚱᛖᚾᚳᚣ,467
duplications,837092,0,ᛞᚢᛈᛚᛁᚳᚪᛏᛡᚾᛋ,597
whitechapel,836920,0,ᚹᚻᛁᛏᛖᚳᚻᚪᛈᛖᛚ,515
homogenates,835808,0,ᚻᚩᛗᚩᚷᛖᚾᚪᛏᛖᛋ,497
vermiculite,835203,0,ᚢᛖᚱᛗᛁᚳᚢᛚᛁᛏᛖ,429
redistricting,834164,0,ᚱᛖᛞᛁᛋᛏᚱᛁᚳᛏᛝ,503
incriminate,833103,0,ᛁᚾᚳᚱᛁᛗᛁᚾᚪᛏᛖ,469
munificence,832154,0,ᛗᚢᚾᛁᚠᛁᚳᛖᚾᚳᛖ,356
resentments,831789,0,ᚱᛖᛋᛖᚾᛏᛗᛖᚾᛏᛋ,565
alliteration,831686,0,ᚪᛚᛚᛁᛏᛖᚱᚪᛏᛡᚾ,703
perpetuates,831422,0,ᛈᛖᚱᛈᛖᛏᚢᚪᛏᛖᛋ,569
infiltrates,829988,0,ᛁᚾᚠᛁᛚᛏᚱᚪᛏᛖᛋ,512
prothonotary,829520,0,ᛈᚱᚩᚦᚩᚾᚩᛏᚪᚱᚣ,379
irrefutable,828727,0,ᛁᚱᚱᛖᚠᚢᛏᚪᛒᛚᛖ,482
externality,828025,0,ᛖᛉᛏᛖᚱᚾᚪᛚᛁᛏᚣ,643
quadrangular,826298,0,ᚳᚹᚪᛞᚱᚪᛝᚢᛚᚪᚱ,589
checkpoints,825597,0,ᚳᚻᛖᚳᚳᛈᚩᛁᚾᛏᛋ,351
accentuation,825363,0,ᚪᚳᚳᛖᚾᛏᚢᚪᛏᛡᚾ,573
transponder,825318,0,ᛏᚱᚪᚾᛋᛈᚩᚾᛞᛖᚱ,495
orthorhombic,825256,0,ᚩᚱᚦᚩᚱᚻᚩᛗᛒᛁᚳ,247
prematurity,824421,0,ᛈᚱᛖᛗᚪᛏᚢᚱᛁᛏᚣ,555
promptitude,824051,0,ᛈᚱᚩᛗᛈᛏᛁᛏᚢᛞᛖ,483
expansionary,821787,0,ᛖᛉᛈᚪᚾᛋᛡᚾᚪᚱᚣ,683
undisguised,821066,0,ᚢᚾᛞᛁᛋᚷᚢᛁᛋᛖᛞ,465
hydrocyanic,820870,0,ᚻᚣᛞᚱᚩᚳᚣᚪᚾᛁᚳ,519
anabaptists,820477,0,ᚪᚾᚪᛒᚪᛈᛏᛁᛋᛏᛋ,679
southeastward,819675,0,ᛋᚩᚢᚦᛠᛋᛏᚹᚪᚱᛞ,505
uncommitted,819087,0,ᚢᚾᚳᚩᛗᛗᛁᛏᛏᛖᛞ,499
astrologers,818785,0,ᚪᛋᛏᚱᚩᛚᚩᚷᛖᚱᛋ,455
hairdresser,818186,0,ᚻᚪᛁᚱᛞᚱᛖᛋᛋᛖᚱ,513
brotherhoods,817405,0,ᛒᚱᚩᚦᛖᚱᚻᚩᚩᛞᛋ,341
workability,816209,0,ᚹᚩᚱᚳᚪᛒᛁᛚᛁᛏᚣ,505
indubitable,815086,0,ᛁᚾᛞᚢᛒᛁᛏᚪᛒᛚᛖ,601
gynecologic,814558,0,ᚷᚣᚾᛖᚳᚩᛚᚩᚷᛁᚳ,377
apparatuses,810551,0,ᚪᛈᛈᚪᚱᚪᛏᚢᛋᛖᛋ,623
frightfully,810542,0,ᚠᚱᛁᚷᚻᛏᚠᚢᛚᛚᚣ,397
incarnations,810156,0,ᛁᚾᚳᚪᚱᚾᚪᛏᛡᚾᛋ,555
luminescent,809141,0,ᛚᚢᛗᛁᚾᛖᛋᚳᛖᚾᛏ,495
monstrosity,806489,0,ᛗᚩᚾᛋᛏᚱᚩᛋᛁᛏᚣ,483
inattentive,805288,0,ᛁᚾᚪᛏᛏᛖᚾᛏᛁᚢᛖ,531
chronometer,804974,0,ᚳᚻᚱᚩᚾᚩᛗᛖᛏᛖᚱ,365
micrometers,804825,0,ᛗᛁᚳᚱᚩᛗᛖᛏᛖᚱᛋ,461
backscatter,803949,0,ᛒᚪᚳᚳᛋᚳᚪᛏᛏᛖᚱ,543
dismembered,802824,0,ᛞᛁᛋᛗᛖᛗᛒᛖᚱᛖᛞ,677
applicators,802670,0,ᚪᛈᛈᛚᛁᚳᚪᛏᚩᚱᛋ,527
seismograph,802489,0,ᛋᛖᛁᛋᛗᚩᚷᚱᚪᛈᚻ,473
historicism,801486,0,ᚻᛁᛋᛏᚩᚱᛁᚳᛁᛋᛗ,383
profoundest,801265,0,ᛈᚱᚩᚠᚩᚢᚾᛞᛖᛋᛏ,370
unconvinced,801189,0,ᚢᚾᚳᚩᚾᚢᛁᚾᚳᛖᛞ,313
incoherence,800511,0,ᛁᚾᚳᚩᚻᛖᚱᛖᚾᚳᛖ,357
prefectures,800212,0,ᛈᚱᛖᚠᛖᚳᛏᚢᚱᛖᛋ,396
fluoridation,800045,0,ᚠᛚᚢᚩᚱᛁᛞᚪᛏᛡᚾ,508
progressions,798872,0,ᛈᚱᚩᚷᚱᛖᛋᛋᛡᚾᛋ,451
ribonucleic,798068,0,ᚱᛁᛒᚩᚾᚢᚳᛚᛖᛁᚳ,339
unprocessed,798066,0,ᚢᚾᛈᚱᚩᚳᛖᛋᛋᛖᛞ,435
disapproves,797440,0,ᛞᛁᛋᚪᛈᛈᚱᚩᚢᛖᛋ,497
nonessential,797086,0,ᚾᚩᚾᛖᛋᛋᛖᚾᛏᛡᛚ,573
depopulation,796747,0,ᛞᛖᛈᚩᛈᚢᛚᚪᛏᛡᚾ,617
pontificate,796327,0,ᛈᚩᚾᛏᛁᚠᛁᚳᚪᛏᛖ,438
recursively,796072,0,ᚱᛖᚳᚢᚱᛋᛁᚢᛖᛚᚣ,435
festschrift,795738,0,ᚠᛖᛋᛏᛋᚳᚻᚱᛁᚠᛏ,373
miscarriages,795121,0,ᛗᛁᛋᚳᚪᚱᚱᛡᚷᛖᛋ,531
associational,794494,0,ᚪᛋᛋᚩᚳᛡᛏᛡᚾᚪᛚ,695
capitulated,793478,0,ᚳᚪᛈᛁᛏᚢᛚᚪᛏᛖᛞ,631
uprightness,793057,0,ᚢᛈᚱᛁᚷᚻᛏᚾᛖᛋᛋ,389
cooperators,792436,0,ᚳᚩᚩᛈᛖᚱᚪᛏᚩᚱᛋ,375
cardinality,789850,0,ᚳᚪᚱᛞᛁᚾᚪᛚᛁᛏᚣ,633
worldliness,789616,0,ᚹᚩᚱᛚᛞᛚᛁᚾᛖᛋᛋ,505
provocations,789555,0,ᛈᚱᚩᚢᚩᚳᚪᛏᛡᚾᛋ,429
penicillium,788909,0,ᛈᛖᚾᛁᚳᛁᛚᛚᛁᚢᛗ,465
sectarianism,787941,0,ᛋᛖᚳᛏᚪᚱᛡᚾᛁᛋᛗ,591
evaporators,787726,0,ᛖᚢᚪᛈᚩᚱᚪᛏᚩᚱᛋ,455
subclinical,786728,0,ᛋᚢᛒᚳᛚᛁᚾᛁᚳᚪᛚ,477
hemorrhoids,786437,0,ᚻᛖᛗᚩᚱᚱᚻᚩᛁᛞᛋ,393
quantifiers,783406,0,ᚳᚹᚪᚾᛏᛁᚠᛁᛖᚱᛋ,412
pneumonitis,783162,0,ᛈᚾᛖᚢᛗᚩᚾᛁᛏᛁᛋ,423
bittersweet,781450,0,ᛒᛁᛏᛏᛖᚱᛋᚹᛖᛖᛏ,553
dumbfounded,781403,0,ᛞᚢᛗᛒᚠᚩᚢᚾᛞᛖᛞ,510
chickamauga,781282,0,ᚳᚻᛁᚳᚳᚪᛗᚪᚢᚷᚪ,475
lithological,779319,0,ᛚᛁᚦᚩᛚᚩᚷᛁᚳᚪᛚ,427
parsimonious,778929,0,ᛈᚪᚱᛋᛁᛗᚩᚾᛡᚢᛋ,505
regenerator,778326,0,ᚱᛖᚷᛖᚾᛖᚱᚪᛏᚩᚱ,443
presentable,778035,0,ᛈᚱᛖᛋᛖᚾᛏᚪᛒᛚᛖ,627
chateaubriand,776972,0,ᚳᚻᚪᛏᛠᚢᛒᚱᛡᚾᛞ,601
internalize,775711,0,ᛁᚾᛏᛖᚱᚾᚪᛚᛁᛋᛖ,547
immunoassay,775393,0,ᛁᛗᛗᚢᚾᚩᚪᛋᛋᚪᚣ,615
cosponsored,775393,0,ᚳᚩᛋᛈᚩᚾᛋᚩᚱᛖᛞ,379
granulations,775264,0,ᚷᚱᚪᚾᚢᛚᚪᛏᛡᚾᛋ,575
mountbatten,774607,0,ᛗᚩᚢᚾᛏᛒᚪᛏᛏᛖᚾ,541
teratogenic,773651,0,ᛏᛖᚱᚪᛏᚩᚷᛖᚾᛁᚳ,457
triumvirate,773419,0,ᛏᚱᛁᚢᛗᚢᛁᚱᚪᛏᛖ,443
granularity,773133,0,ᚷᚱᚪᚾᚢᛚᚪᚱᛁᛏᚣ,531
superfamily,772972,0,ᛋᚢᛈᛖᚱᚠᚪᛗᛁᛚᚣ,554
perestroika,772939,0,ᛈᛖᚱᛖᛋᛏᚱᚩᛁᚳᚪ,459
executioners,772487,0,ᛖᛉᛖᚳᚢᛏᛡᚾᛖᚱᛋ,523
distillates,769986,0,ᛞᛁᛋᛏᛁᛚᛚᚪᛏᛖᛋ,685
orientalist,769229,0,ᚩᚱᛁᛖᚾᛏᚪᛚᛁᛋᛏ,517
bloemfontein,768746,0,ᛒᛚᛟᛗᚠᚩᚾᛏᛖᛁᚾ,512
duplicative,768334,0,ᛞᚢᛈᛚᛁᚳᚪᛏᛁᚢᛖ,509
hydrography,766829,0,ᚻᚣᛞᚱᚩᚷᚱᚪᛈᚻᚣ,527
illiterates,766632,0,ᛁᛚᛚᛁᛏᛖᚱᚪᛏᛖᛋ,621
reprogramming,766352,0,ᚱᛖᛈᚱᚩᚷᚱᚪᛗᛗᛝ,485
revitalized,765470,0,ᚱᛖᚢᛁᛏᚪᛚᛁᛋᛖᛞ,581
crystallizing,765470,0,ᚳᚱᚣᛋᛏᚪᛚᛚᛁᛋᛝ,645
reaffirmation,763939,0,ᚱᛠᚠᚠᛁᚱᛗᚪᛏᛡᚾ,529
psychogenic,763291,0,ᛈᛋᚣᚳᚻᚩᚷᛖᚾᛁᚳ,399
doctrinaire,763213,0,ᛞᚩᚳᛏᚱᛁᚾᚪᛁᚱᛖ,445
granulocyte,763067,0,ᚷᚱᚪᚾᚢᛚᚩᚳᚣᛏᛖ,479
aboveground,762157,0,ᚪᛒᚩᚢᛖᚷᚱᚩᚢᚾᛞ,391
cosmetology,761947,0,ᚳᚩᛋᛗᛖᛏᚩᛚᚩᚷᚣ,477
puritanical,761935,0,ᛈᚢᚱᛁᛏᚪᚾᛁᚳᚪᛚ,487
itineraries,761714,0,ᛁᛏᛁᚾᛖᚱᚪᚱᛁᛖᛋ,487
labyrinthine,761515,0,ᛚᚪᛒᚣᚱᛁᚾᚦᛁᚾᛖ,537
memorandums,760550,0,ᛗᛖᛗᚩᚱᚪᚾᛞᚢᛗᛋ,569
untouchable,760272,0,ᚢᚾᛏᚩᚢᚳᚻᚪᛒᛚᛖ,435
importunate,760145,0,ᛁᛗᛈᚩᚱᛏᚢᚾᚪᛏᛖ,477
insincerity,760141,0,ᛁᚾᛋᛁᚾᚳᛖᚱᛁᛏᚣ,457
multiplexed,760072,0,ᛗᚢᛚᛏᛁᛈᛚᛖᛉᛖᛞ,623
bookshelves,759598,0,ᛒᚩᚩᚳᛋᚻᛖᛚᚢᛖᛋ,427
benefactions,757637,0,ᛒᛖᚾᛖᚠᚪᚳᛏᛡᚾᛋ,584
coeducational,756761,0,ᚳᛟᛞᚢᚳᚪᛏᛡᚾᚪᛚ,663
paraphrases,755481,0,ᛈᚪᚱᚪᛈᚻᚱᚪᛋᛖᛋ,595
salamanders,754393,0,ᛋᚪᛚᚪᛗᚪᚾᛞᛖᚱᛋ,737
coinsurance,753948,0,ᚳᚩᛁᚾᛋᚢᚱᚪᚾᚳᛖ,353
carborundum,753637,0,ᚳᚪᚱᛒᚩᚱᚢᚾᛞᚢᛗ,395
discoverers,752484,0,ᛞᛁᛋᚳᚩᚢᛖᚱᛖᚱᛋ,405
decapitated,751489,0,ᛞᛖᚳᚪᛈᛁᛏᚪᛏᛖᛞ,711
dispatchers,750460,0,ᛞᛁᛋᛈᚪᛏᚳᚻᛖᚱᛋ,539
dishonoured,750273,0,ᛞᛁᛋᚻᚩᚾᚩᚢᚱᛖᛞ,409
watermelons,749519,0,ᚹᚪᛏᛖᚱᛗᛖᛚᚩᚾᛋ,553
attendances,749295,0,ᚪᛏᛏᛖᚾᛞᚪᚾᚳᛖᛋ,659
intoxicants,748591,0,ᛁᚾᛏᚩᛉᛁᚳᚪᚾᛏᛋ,455
quinquennial,747527,0,ᚳᚹᛁᚾᚳᚹᛖᚾᚾᛡᛚ,429
perpetration,746164,0,ᛈᛖᚱᛈᛖᛏᚱᚪᛏᛡᚾ,593
exculpatory,745664,0,ᛖᛉᚳᚢᛚᛈᚪᛏᚩᚱᚣ,523
vasodilation,745650,0,ᚢᚪᛋᚩᛞᛁᛚᚪᛏᛡᚾ,645
inquisitors,744884,0,ᛁᚾᚳᚹᛁᛋᛁᛏᚩᚱᛋ,337
remunerated,744775,0,ᚱᛖᛗᚢᚾᛖᚱᚪᛏᛖᛞ,571
unpleasantly,744686,0,ᚢᚾᛈᛚᛠᛋᚪᚾᛏᛚᚣ,671
subordinating,744627,0,ᛋᚢᛒᚩᚱᛞᛁᚾᚪᛏᛝ,519
undignified,743859,0,ᚢᚾᛞᛁᚷᚾᛁᚠᛁᛖᛞ,418
reconsidering,743802,0,ᚱᛖᚳᚩᚾᛋᛁᛞᛖᚱᛝ,457
merchantmen,743530,0,ᛗᛖᚱᚳᚻᚪᚾᛏᛗᛖᚾ,537
alternators,742647,0,ᚪᛚᛏᛖᚱᚾᚪᛏᚩᚱᛋ,563
plantagenet,742637,0,ᛈᛚᚪᚾᛏᚪᚷᛖᚾᛖᛏ,637
religionists,742580,0,ᚱᛖᛚᛁᚷᛡᚾᛁᛋᛏᛋ,531
suppressive,740973,0,ᛋᚢᛈᛈᚱᛖᛋᛋᛁᚢᛖ,427
woodpeckers,738880,0,ᚹᚩᚩᛞᛈᛖᚳᚳᛖᚱᛋ,389
splenectomy,738818,0,ᛋᛈᛚᛖᚾᛖᚳᛏᚩᛗᚣ,585
reticulated,736278,0,ᚱᛖᛏᛁᚳᚢᛚᚪᛏᛖᛞ,569
melancholic,734699,0,ᛗᛖᛚᚪᚾᚳᚻᚩᛚᛁᚳ,497
separatists,734377,0,ᛋᛖᛈᚪᚱᚪᛏᛁᛋᛏᛋ,623
peripatetic,734097,0,ᛈᛖᚱᛁᛈᚪᛏᛖᛏᛁᚳ,521
electioneering,733426,0,ᛖᛚᛖᚳᛏᛡᚾᛖᛖᚱᛝ,639
electorates,733129,0,ᛖᛚᛖᚳᛏᚩᚱᚪᛏᛖᛋ,573
encampments,732348,0,ᛖᚾᚳᚪᛗᛈᛗᛖᚾᛏᛋ,599
guadalcanal,732326,0,ᚷᚢᚪᛞᚪᛚᚳᚪᚾᚪᛚ,685
watercolors,731744,0,ᚹᚪᛏᛖᚱᚳᚩᛚᚩᚱᛋ,417
silhouetted,731307,0,ᛋᛁᛚᚻᚩᚢᛖᛏᛏᛖᛞ,531
marginality,730237,0,ᛗᚪᚱᚷᛁᚾᚪᛚᛁᛏᚣ,619
persistency,729577,0,ᛈᛖᚱᛋᛁᛋᛏᛖᚾᚳᚣ,529
amyloidosis,729359,0,ᚪᛗᚣᛚᚩᛁᛞᚩᛋᛁᛋ,615
scleroderma,728711,0,ᛋᚳᛚᛖᚱᚩᛞᛖᚱᛗᚪ,559
transceiver,727629,0,ᛏᚱᚪᚾᛋᚳᛖᛁᚢᛖᚱ,441
malfunctioning,726265,0,ᛗᚪᛚᚠᚢᚾᚳᛏᛡᚾᛝ,562
sacrilegious,726143,0,ᛋᚪᚳᚱᛁᛚᛖᚷᛡᚢᛋ,525
apostolical,725157,0,ᚪᛈᚩᛋᛏᚩᛚᛁᚳᚪᛚ,553
floodplains,724882,0,ᚠᛚᚩᚩᛞᛈᛚᚪᛁᚾᛋ,504
atelectasis,723259,0,ᚪᛏᛖᛚᛖᚳᛏᚪᛋᛁᛋ,669
facultative,722864,0,ᚠᚪᚳᚢᛚᛏᚪᛏᛁᚢᛖ,504
wallenstein,722849,0,ᚹᚪᛚᛚᛖᚾᛋᛏᛖᛁᚾ,597
latitudinal,722346,0,ᛚᚪᛏᛁᛏᚢᛞᛁᚾᚪᛚ,641
novosibirsk,722025,0,ᚾᚩᚢᚩᛋᛁᛒᛁᚱᛋᚳ,299
tomographic,721606,0,ᛏᚩᛗᚩᚷᚱᚪᛈᚻᛁᚳ,379
diplomatist,721384,0,ᛞᛁᛈᛚᚩᛗᚪᛏᛁᛋᛏ,613
depressants,719774,0,ᛞᛖᛈᚱᛖᛋᛋᚪᚾᛏᛋ,621
discoloured,719304,0,ᛞᛁᛋᚳᚩᛚᚩᚢᚱᛖᛞ,443
opportunist,718006,0,ᚩᛈᛈᚩᚱᛏᚢᚾᛁᛋᛏ,345
uselessness,717289,0,ᚢᛋᛖᛚᛖᛋᛋᚾᛖᛋᛋ,571
tracheostomy,715758,0,ᛏᚱᚪᚳᚻᛇᛋᛏᚩᛗᚣ,537
hypotensive,715568,0,ᚻᚣᛈᚩᛏᛖᚾᛋᛁᚢᛖ,485
psychedelic,715386,0,ᛈᛋᚣᚳᚻᛖᛞᛖᛚᛁᚳ,575
togetherness,714941,0,ᛏᚩᚷᛖᚦᛖᚱᚾᛖᛋᛋ,435
equivocation,714899,0,ᛖᚳᚹᛁᚢᚩᚳᚪᛏᛡᚾ,445
barbiturate,714517,0,ᛒᚪᚱᛒᛁᛏᚢᚱᚪᛏᛖ,557
acclamations,714472,0,ᚪᚳᚳᛚᚪᛗᚪᛏᛡᚾᛋ,709
prepayments,713714,0,ᛈᚱᛖᛈᚪᚣᛗᛖᚾᛏᛋ,643
copperfield,712901,0,ᚳᚩᛈᛈᛖᚱᚠᛁᛖᛚᛞ,446
isolationism,711699,0,ᛁᛋᚩᛚᚪᛏᛡᚾᛁᛋᛗ,611
prejudgment,710875,0,ᛈᚱᛖᛂᚢᛞᚷᛗᛖᚾᛏ,493
stockbroker,710828,0,ᛋᛏᚩᚳᚳᛒᚱᚩᚳᛖᚱ,315
waterlogged,709630,0,ᚹᚪᛏᛖᚱᛚᚩᚷᚷᛖᛞ,523
foreshadowing,709425,0,ᚠᚩᚱᛖᛋᚻᚪᛞᚩᚹᛝ,454
prosecutrix,708508,0,ᛈᚱᚩᛋᛖᚳᚢᛏᚱᛁᛉ,345
haphazardly,707675,0,ᚻᚪᛈᚻᚪᛋᚪᚱᛞᛚᚣ,709
factionalism,706635,0,ᚠᚪᚳᛏᛡᚾᚪᛚᛁᛋᛗ,632
reductionism,705196,0,ᚱᛖᛞᚢᚳᛏᛡᚾᛁᛋᛗ,533
reinforcers,702381,0,ᚱᛖᛁᚾᚠᚩᚱᚳᛖᚱᛋ,302
unblemished,702125,0,ᚢᚾᛒᛚᛖᛗᛁᛋᚻᛖᛞ,567
equalisation,701915,0,ᛖᚳᚹᚪᛚᛁᛋᚪᛏᛡᚾ,645
commonwealths,701642,0,ᚳᚩᛗᛗᚩᚾᚹᛠᛚᚦᛋ,457
nephrectomy,701579,0,ᚾᛖᛈᚻᚱᛖᚳᛏᚩᛗᚣ,493
socialisation,700498,0,ᛋᚩᚳᛡᛚᛁᛋᚪᛏᛡᚾ,629
corpuscular,700161,0,ᚳᚩᚱᛈᚢᛋᚳᚢᛚᚪᚱ,327
generalship,699917,0,ᚷᛖᚾᛖᚱᚪᛚᛋᚻᛁᛈ,511
multiplexer,699686,0,ᛗᚢᛚᛏᛁᛈᛚᛖᛉᛖᚱ,545
peristaltic,699206,0,ᛈᛖᚱᛁᛋᛏᚪᛚᛏᛁᚳ,537
florentines,698968,0,ᚠᛚᚩᚱᛖᚾᛏᛁᚾᛖᛋ,428
neutralised,697951,0,ᚾᛖᚢᛏᚱᚪᛚᛁᛋᛖᛞ,579
deportations,697543,0,ᛞᛖᛈᚩᚱᛏᚪᛏᛡᚾᛋ,621
interregnum,696734,0,ᛁᚾᛏᛖᚱᚱᛖᚷᚾᚢᛗ,395
nonmilitary,696148,0,ᚾᚩᚾᛗᛁᛚᛁᛏᚪᚱᚣ,541
technicolor,695427,0,ᛏᛖᚳᚻᚾᛁᚳᚩᛚᚩᚱ,333
disinterest,693508,0,ᛞᛁᛋᛁᚾᛏᛖᚱᛖᛋᛏ,549
interspaces,692874,0,ᛁᚾᛏᛖᚱᛋᛈᚪᚳᛖᛋ,523
vocalization,692734,0,ᚢᚩᚳᚪᛚᛁᛋᚪᛏᛡᚾ,569
marvelously,692017,0,ᛗᚪᚱᚢᛖᛚᚩᚢᛋᛚᚣ,561
semiskilled,691864,0,ᛋᛖᛗᛁᛋᚳᛁᛚᛚᛖᛞ,621
essentialist,691281,0,ᛖᛋᛋᛖᚾᛏᛡᛚᛁᛋᛏ,651
lithographed,690155,0,ᛚᛁᚦᚩᚷᚱᚪᛈᚻᛖᛞ,463
outrageously,690083,0,ᚩᚢᛏᚱᚪᚷᛇᚢᛋᛚᚣ,467
jeffersonian,690065,0,ᛂᛖᚠᚠᛖᚱᛋᚩᚾᛡᚾ,411
curriculums,689464,0,ᚳᚢᚱᚱᛁᚳᚢᛚᚢᛗᛋ,285
fantastical,689278,0,ᚠᚪᚾᛏᚪᛋᛏᛁᚳᚪᛚ,610
shamelessly,689152,0,ᛋᚻᚪᛗᛖᛚᛖᛋᛋᛚᚣ,733
apperception,688567,0,ᚪᛈᛈᛖᚱᚳᛖᛈᛏᛡᚾ,579
inflectional,687450,0,ᛁᚾᚠᛚᛖᚳᛏᛡᚾᚪᛚ,580
sennacherib,686953,0,ᛋᛖᚾᚾᚪᚳᚻᛖᚱᛁᛒ,481
anastomoses,686092,0,ᚪᚾᚪᛋᛏᚩᛗᚩᛋᛖᛋ,593
schoolcraft,685479,0,ᛋᚳᚻᚩᚩᛚᚳᚱᚪᚠᛏ,358
subfamilies,684350,0,ᛋᚢᛒᚠᚪᛗᛁᛚᛁᛖᛋ,542
ultrasonics,683600,0,ᚢᛚᛏᚱᚪᛋᚩᚾᛁᚳᛋ,429
tabernacles,683406,0,ᛏᚪᛒᛖᚱᚾᚪᚳᛚᛖᛋ,627
instantiated,682973,0,ᛁᚾᛋᛏᚪᚾᛏᛡᛏᛖᛞ,679
embodiments,681920,0,ᛖᛗᛒᚩᛞᛁᛗᛖᚾᛏᛋ,605
ruthlessness,680861,0,ᚱᚢᚦᛚᛖᛋᛋᚾᛖᛋᛋ,467
malevolence,680532,0,ᛗᚪᛚᛖᚢᚩᛚᛖᚾᚳᛖ,567
undelivered,680201,0,ᚢᚾᛞᛖᛚᛁᚢᛖᚱᛖᛞ,529
memorization,678597,0,ᛗᛖᛗᚩᚱᛁᛋᚪᛏᛡᚾ,603
erythematous,678115,0,ᛖᚱᚣᚦᛖᛗᚪᛏᚩᚢᛋ,543
connectives,677911,0,ᚳᚩᚾᚾᛖᚳᛏᛁᚢᛖᛋ,371
speedometer,677203,0,ᛋᛈᛖᛖᛞᚩᛗᛖᛏᛖᚱ,601
orderliness,677108,0,ᚩᚱᛞᛖᚱᛚᛁᚾᛖᛋᛋ,491
reductionist,676790,0,ᚱᛖᛞᚢᚳᛏᛡᚾᛁᛋᛏ,521
dysfunctions,676079,0,ᛞᚣᛋᚠᚢᚾᚳᛏᛡᚾᛋ,540
gendarmerie,674841,0,ᚷᛖᚾᛞᚪᚱᛗᛖᚱᛁᛖ,557
reenactment,674631,0,ᚱᛖᛖᚾᚪᚳᛏᛗᛖᚾᛏ,569
liquidators,674183,0,ᛚᛁᚳᚹᛁᛞᚪᛏᚩᚱᛋ,483
intrepidity,674120,0,ᛁᚾᛏᚱᛖᛈᛁᛞᛁᛏᚣ,553
redoubtable,673747,0,ᚱᛖᛞᚩᚢᛒᛏᚪᛒᛚᛖ,595
importunity,673517,0,ᛁᛗᛈᚩᚱᛏᚢᚾᛁᛏᚣ,447
herbivorous,671547,0,ᚻᛖᚱᛒᛁᚢᚩᚱᚩᚢᛋ,277
cantonments,671228,0,ᚳᚪᚾᛏᚩᚾᛗᛖᚾᛏᛋ,513
instantiation,670628,0,ᛁᚾᛋᛏᚪᚾᛏᛡᛏᛡᚾ,659
underweight,670255,0,ᚢᚾᛞᛖᚱᚹᛖᛁᚷᚻᛏ,415
nasopharynx,669954,0,ᚾᚪᛋᚩᛈᚻᚪᚱᚣᚾᛉ,539
gatekeepers,669304,0,ᚷᚪᛏᛖᚳᛖᛖᛈᛖᚱᛋ,561
deprivations,668463,0,ᛞᛖᛈᚱᛁᚢᚪᛏᛡᚾᛋ,589
downtrodden,668276,0,ᛞᚩᚹᚾᛏᚱᚩᛞᛞᛖᚾ,495
chippendale,668093,0,ᚳᚻᛁᛈᛈᛖᚾᛞᚪᛚᛖ,575
egotistical,668015,0,ᛖᚷᚩᛏᛁᛋᛏᛁᚳᚪᛚ,507
eclecticism,667962,0,ᛖᚳᛚᛖᚳᛏᛁᚳᛁᛋᛗ,491
integrations,665816,0,ᛁᚾᛏᛖᚷᚱᚪᛏᛡᚾᛋ,559
westernmost,665614,0,ᚹᛖᛋᛏᛖᚱᚾᛗᚩᛋᛏ,495
circularity,664792,0,ᚳᛁᚱᚳᚢᛚᚪᚱᛁᛏᚣ,445
geostationary,664195,0,ᚷᛇᛋᛏᚪᛏᛡᚾᚪᚱᚣ,673
chloroquine,664087,0,ᚳᚻᛚᚩᚱᚩᚳᚹᛁᚾᛖ,293
sorrowfully,663072,0,ᛋᚩᚱᚱᚩᚹᚠᚢᛚᛚᚣ,362
salicylates,662539,0,ᛋᚪᛚᛁᚳᚣᛚᚪᛏᛖᛋ,719
excellences,662459,0,ᛖᛉᚳᛖᛚᛚᛖᚾᚳᛖᛋ,569
arbitrations,662119,0,ᚪᚱᛒᛁᛏᚱᚪᛏᛡᚾᛋ,615
blockbuster,661541,0,ᛒᛚᚩᚳᚳᛒᚢᛋᛏᛖᚱ,421
floorboards,661248,0,ᚠᛚᚩᚩᚱᛒᚩᚪᚱᛞᛋ,418
pandemonium,660746,0,ᛈᚪᚾᛞᛖᛗᚩᚾᛁᚢᛗ,537
thermostatic,660540,0,ᚦᛖᚱᛗᚩᛋᛏᚪᛏᛁᚳ,473
forecasters,660508,0,ᚠᚩᚱᛖᚳᚪᛋᛏᛖᚱᛋ,440
bishopsgate,659114,0,ᛒᛁᛋᚻᚩᛈᛋᚷᚪᛏᛖ,511
indochinese,658938,0,ᛁᚾᛞᚩᚳᚻᛁᚾᛖᛋᛖ,439
legitimated,657400,0,ᛚᛖᚷᛁᛏᛁᛗᚪᛏᛖᛞ,661
exterminating,657171,0,ᛖᛉᛏᛖᚱᛗᛁᚾᚪᛏᛝ,617
scandalized,657075,0,ᛋᚳᚪᚾᛞᚪᛚᛁᛋᛖᛞ,691
idiosyncrasy,657040,0,ᛁᛞᛡᛋᚣᚾᚳᚱᚪᛋᚣ,689
retractable,656857,0,ᚱᛖᛏᚱᚪᚳᛏᚪᛒᛚᛖ,615
remorseless,655949,0,ᚱᛖᛗᚩᚱᛋᛖᛚᛖᛋᛋ,533
planetarium,654938,0,ᛈᛚᚪᚾᛖᛏᚪᚱᛁᚢᛗ,581
kilogrammes,654936,0,ᚳᛁᛚᚩᚷᚱᚪᛗᛗᛖᛋ,511
categorised,654363,0,ᚳᚪᛏᛖᚷᚩᚱᛁᛋᛖᛞ,511
percentiles,652690,0,ᛈᛖᚱᚳᛖᚾᛏᛁᛚᛖᛋ,513
strategical,652185,0,ᛋᛏᚱᚪᛏᛖᚷᛁᚳᚪᛚ,577
disclaimers,652000,0,ᛞᛁᛋᚳᛚᚪᛁᛗᛖᚱᛋ,589
celebratory,651555,0,ᚳᛖᛚᛖᛒᚱᚪᛏᚩᚱᚣ,569
retributive,650063,0,ᚱᛖᛏᚱᛁᛒᚢᛏᛁᚢᛖ,403
interlinked,649838,0,ᛁᚾᛏᛖᚱᛚᛁᚾᚳᛖᛞ,499
unworthiness,649489,0,ᚢᚾᚹᚩᚱᚦᛁᚾᛖᛋᛋ,307
telemarketing,649238,0,ᛏᛖᛚᛖᛗᚪᚱᚳᛖᛏᛝ,663
agnosticism,648800,0,ᚪᚷᚾᚩᛋᛏᛁᚳᛁᛋᛗ,461
radiologists,648691,0,ᚱᚪᛞᛡᛚᚩᚷᛁᛋᛏᛋ,597
legitimized,647418,0,ᛚᛖᚷᛁᛏᛁᛗᛁᛋᛖᛞ,589
wastewaters,647238,0,ᚹᚪᛋᛏᛖᚹᚪᛏᛖᚱᛋ,601
cataclysmic,646808,0,ᚳᚪᛏᚪᚳᛚᚣᛋᛗᛁᚳ,623
prolegomena,646732,0,ᛈᚱᚩᛚᛖᚷᚩᛗᛖᚾᚪ,489
premiership,646579,0,ᛈᚱᛖᛗᛁᛖᚱᛋᚻᛁᛈ,451
revisionists,646409,0,ᚱᛖᚢᛁᛋᛡᚾᛁᛋᛏᛋ,497
forestalled,646350,0,ᚠᚩᚱᛖᛋᛏᚪᛚᛚᛖᛞ,598
contravenes,644657,0,ᚳᚩᚾᛏᚱᚪᚢᛖᚾᛖᛋ,435
unimpressed,643957,0,ᚢᚾᛁᛗᛈᚱᛖᛋᛋᛖᛞ,517
dishevelled,642658,0,ᛞᛁᛋᚻᛖᚢᛖᛚᛚᛖᛞ,635
workmanlike,642360,0,ᚹᚩᚱᚳᛗᚪᚾᛚᛁᚳᛖ,431
lectureship,640506,0,ᛚᛖᚳᛏᚢᚱᛖᛋᚻᛁᛈ,443
fairgrounds,640383,0,ᚠᚪᛁᚱᚷᚱᚩᚢᚾᛞᛋ,350
rejuvenated,640309,0,ᚱᛖᛂᚢᚢᛖᚾᚪᛏᛖᛞ,529
corrugations,640169,0,ᚳᚩᚱᚱᚢᚷᚪᛏᛡᚾᛋ,407
essentialism,639812,0,ᛖᛋᛋᛖᚾᛏᛡᛚᛁᛋᛗ,663
draughtsmen,639701,0,ᛞᚱᚪᚢᚷᚻᛏᛋᛗᛖᚾ,519
tonsillitis,639330,0,ᛏᚩᚾᛋᛁᛚᛚᛁᛏᛁᛋ,499
indubitably,638896,0,ᛁᚾᛞᚢᛒᛁᛏᚪᛒᛚᚣ,637
fabrications,637717,0,ᚠᚪᛒᚱᛁᚳᚪᛏᛡᚾᛋ,560
mycobacteria,635386,0,ᛗᚣᚳᚩᛒᚪᚳᛏᛖᚱᛡ,609
recommenced,634923,0,ᚱᛖᚳᚩᛗᛗᛖᚾᚳᛖᛞ,505
bookkeepers,634448,0,ᛒᚩᚩᚳᚳᛖᛖᛈᛖᚱᛋ,409
searchlights,634424,0,ᛋᛠᚱᚳᚻᛚᛁᚷᚻᛏᛋ,465
brazzaville,633563,0,ᛒᚱᚪᛋᛋᚪᚢᛁᛚᛚᛖ,619
haemorrhagic,632838,0,ᚻᚫᛗᚩᚱᚱᚻᚪᚷᛁᚳ,405
patriarchate,632758,0,ᛈᚪᛏᚱᛡᚱᚳᚻᚪᛏᛖ,587
constrictor,632699,0,ᚳᚩᚾᛋᛏᚱᛁᚳᛏᚩᚱ,293
dichotomies,630767,0,ᛞᛁᚳᚻᚩᛏᚩᛗᛁᛖᛋ,451
smallholder,629122,0,ᛋᛗᚪᛚᛚᚻᚩᛚᛞᛖᚱ,637
deflationary,628656,0,ᛞᛖᚠᛚᚪᛏᛡᚾᚪᚱᚣ,734
pleasantness,628653,0,ᛈᛚᛠᛋᚪᚾᛏᚾᛖᛋᛋ,665
vasodilator,625408,0,ᚢᚪᛋᚩᛞᛁᛚᚪᛏᚩᚱ,527
fearlessness,625356,0,ᚠᛠᚱᛚᛖᛋᛋᚾᛖᛋᛋ,570
protestation,624732,0,ᛈᚱᚩᛏᛖᛋᛏᚪᛏᛡᚾ,591
rittenhouse,624611,0,ᚱᛁᛏᛏᛖᚾᚻᚩᚢᛋᛖ,409
avoirdupois,624556,0,ᚪᚢᚩᛁᚱᛞᚢᛈᚩᛁᛋ,375
liquidations,624169,0,ᛚᛁᚳᚹᛁᛞᚪᛏᛡᚾᛋ,601
ontogenetic,624012,0,ᚩᚾᛏᚩᚷᛖᚾᛖᛏᛁᚳ,385
transiently,623834,0,ᛏᚱᚪᚾᛋᛁᛖᚾᛏᛚᚣ,611
secessionist,623537,0,ᛋᛖᚳᛖᛋᛋᛡᚾᛁᛋᛏ,585
bookbinders,623485,0,ᛒᚩᚩᚳᛒᛁᚾᛞᛖᚱᛋ,429
diverticula,623397,0,ᛞᛁᚢᛖᚱᛏᛁᚳᚢᛚᚪ,477
ribonuclease,623169,0,ᚱᛁᛒᚩᚾᚢᚳᛚᛠᛋᛖ,457
destabilize,622613,0,ᛞᛖᛋᛏᚪᛒᛁᛚᛁᛋᛖ,681
remonstrate,622393,0,ᚱᛖᛗᚩᚾᛋᛏᚱᚪᛏᛖ,531
obligational,620961,0,ᚩᛒᛚᛁᚷᚪᛏᛡᚾᚪᛚ,651
molybdenite,620767,0,ᛗᚩᛚᚣᛒᛞᛖᚾᛁᛏᛖ,657
invigorated,620570,0,ᛁᚾᚢᛁᚷᚩᚱᚪᛏᛖᛞ,441
compositors,620551,0,ᚳᚩᛗᛈᚩᛋᛁᛏᚩᚱᛋ,355
covenanters,620439,0,ᚳᚩᚢᛖᚾᚪᚾᛏᛖᚱᛋ,435
monotheistic,619866,0,ᛗᚩᚾᚩᚦᛖᛁᛋᛏᛁᚳ,373
spondylitis,619243,0,ᛋᛈᚩᚾᛞᚣᛚᛁᛏᛁᛋ,571
pediatricians,618153,0,ᛈᛖᛞᛡᛏᚱᛁᚳᛡᚾᛋ,609
laparoscopy,617246,0,ᛚᚪᛈᚪᚱᚩᛋᚳᚩᛈᚣ,547
meaningfulness,616736,0,ᛗᛠᚾᛝᚠᚢᛚᚾᛖᛋᛋ,568
obsolescent,615720,0,ᚩᛒᛋᚩᛚᛖᛋᚳᛖᚾᛏ,489
instillation,614904,0,ᛁᚾᛋᛏᛁᛚᛚᚪᛏᛡᚾ,641
nonvolatile,614621,0,ᚾᚩᚾᚢᚩᛚᚪᛏᛁᛚᛖ,475
manipulates,613775,0,ᛗᚪᚾᛁᛈᚢᛚᚪᛏᛖᛋ,623
corporatism,613755,0,ᚳᚩᚱᛈᚩᚱᚪᛏᛁᛋᛗ,403
circumpolar,613707,0,ᚳᛁᚱᚳᚢᛗᛈᚩᛚᚪᚱ,373
appellations,613401,0,ᚪᛈᛈᛖᛚᛚᚪᛏᛡᚾᛋ,741
unsweetened,613386,0,ᚢᚾᛋᚹᛖᛖᛏᛖᚾᛖᛞ,549
haemorrhages,613366,0,ᚻᚫᛗᚩᚱᚱᚻᚪᚷᛖᛋ,481
disquisition,613304,0,ᛞᛁᛋᚳᚹᛁᛋᛁᛏᛡᚾ,515
elaborations,613291,0,ᛖᛚᚪᛒᚩᚱᚪᛏᛡᚾᛋ,661
englishwoman,612669,0,ᛖᛝᛚᛁᛋᚻᚹᚩᛗᚪᚾ,549
geneticists,612455,0,ᚷᛖᚾᛖᛏᛁᚳᛁᛋᛏᛋ,479
philologist,612158,0,ᛈᚻᛁᛚᚩᛚᚩᚷᛁᛋᛏ,417
repossession,610907,0,ᚱᛖᛈᚩᛋᛋᛖᛋᛋᛡᚾ,543
pestilential,610686,0,ᛈᛖᛋᛏᛁᛚᛖᚾᛏᛡᛚ,661
themistocles,610343,0,ᚦᛖᛗᛁᛋᛏᚩᚳᛚᛖᛋ,499
synchronism,610326,0,ᛋᚣᚾᚳᚻᚱᚩᚾᛁᛋᛗ,423
voluntarism,610283,0,ᚢᚩᛚᚢᚾᛏᚪᚱᛁᛋᛗ,437
corporatist,609646,0,ᚳᚩᚱᛈᚩᚱᚪᛏᛁᛋᛏ,391
thessaloniki,609568,0,ᚦᛖᛋᛋᚪᛚᚩᚾᛁᚳᛁ,459
isolationist,609129,0,ᛁᛋᚩᛚᚪᛏᛡᚾᛁᛋᛏ,599
abolishment,609059,0,ᚪᛒᚩᛚᛁᛋᚻᛗᛖᚾᛏ,571
photoemission,608813,0,ᛈᚻᚩᛏᛟᛗᛁᛋᛋᛡᚾ,559
ungovernable,607680,0,ᚢᛝᚩᚢᛖᚱᚾᚪᛒᛚᛖ,497
internecine,607516,0,ᛁᚾᛏᛖᚱᚾᛖᚳᛁᚾᛖ,433
overcharged,607317,0,ᚩᚢᛖᚱᚳᚻᚪᚱᚷᛖᛞ,405
peripheries,606469,0,ᛈᛖᚱᛁᛈᚻᛖᚱᛁᛖᛋ,447
unseasonable,606384,0,ᚢᚾᛋᛠᛋᚩᚾᚪᛒᛚᛖ,581
contravened,606228,0,ᚳᚩᚾᛏᚱᚪᚢᛖᚾᛖᛞ,471
thematically,606183,0,ᚦᛖᛗᚪᛏᛁᚳᚪᛚᛚᚣ,689
interdicted,606177,0,ᛁᚾᛏᛖᚱᛞᛁᚳᛏᛖᛞ,545
masochistic,605581,0,ᛗᚪᛋᚩᚳᚻᛁᛋᛏᛁᚳ,451
exaggerates,605326,0,ᛖᛉᚪᚷᚷᛖᚱᚪᛏᛖᛋ,599
generalizes,605247,0,ᚷᛖᚾᛖᚱᚪᛚᛁᛋᛖᛋ,565
conjuncture,604749,0,ᚳᚩᚾᛂᚢᚾᚳᛏᚢᚱᛖ,271
interpolating,604422,0,ᛁᚾᛏᛖᚱᛈᚩᛚᚪᛏᛝ,555
subterminal,604383,0,ᛋᚢᛒᛏᛖᚱᛗᛁᚾᚪᛚ,555
spitsbergen,604136,0,ᛋᛈᛁᛏᛋᛒᛖᚱᚷᛖᚾ,491
canandaigua,601766,0,ᚳᚪᚾᚪᚾᛞᚪᛁᚷᚢᚪ,599
reproachful,601511,0,ᚱᛖᛈᚱᚩᚪᚳᚻᚠᚢᛚ,350
circumventing,600974,0,ᚳᛁᚱᚳᚢᛗᚢᛖᚾᛏᛝ,379
mortalities,600178,0,ᛗᚩᚱᛏᚪᛚᛁᛏᛁᛖᛋ,559
optometrist,599988,0,ᚩᛈᛏᚩᛗᛖᛏᚱᛁᛋᛏ,467
prodigality,599944,0,ᛈᚱᚩᛞᛁᚷᚪᛚᛁᛏᚣ,561
malcontents,598570,0,ᛗᚪᛚᚳᚩᚾᛏᛖᚾᛏᛋ,557
unconfirmed,597758,0,ᚢᚾᚳᚩᚾᚠᛁᚱᛗᛖᛞ,352
countrywide,597135,0,ᚳᚩᚢᚾᛏᚱᚣᚹᛁᛞᛖ,431
phenothiazine,596838,0,ᛈᚻᛖᚾᚩᚦᛡᛋᛁᚾᛖ,461
unsoundness,596549,0,ᚢᚾᛋᚩᚢᚾᛞᚾᛖᛋᛋ,415
municipally,595763,0,ᛗᚢᚾᛁᚳᛁᛈᚪᛚᛚᚣ,567
apologetics,595540,0,ᚪᛈᚩᛚᚩᚷᛖᛏᛁᚳᛋ,467
jehoshaphat,594819,0,ᛂᛖᚻᚩᛋᚻᚪᛈᚻᚪᛏ,529
typographic,594457,0,ᛏᚣᛈᚩᚷᚱᚪᛈᚻᛁᚳ,447
excitements,593902,0,ᛖᛉᚳᛁᛏᛖᛗᛖᚾᛏᛋ,563
cooperstown,593879,0,ᚳᚩᚩᛈᛖᚱᛋᛏᚩᚹᚾ,315
carboxylate,593856,0,ᚳᚪᚱᛒᚩᛉᚣᛚᚪᛏᛖ,635
laryngoscope,593433,0,ᛚᚪᚱᚣᛝᚩᛋᚳᚩᛈᛖ,553
beneficiation,592688,0,ᛒᛖᚾᛖᚠᛁᚳᛡᛏᛡᚾ,572
unallocated,592274,0,ᚢᚾᚪᛚᛚᚩᚳᚪᛏᛖᛞ,607
misdemeanour,591203,0,ᛗᛁᛋᛞᛖᛗᛠᚾᚩᚢᚱ,541
shakespearian,590957,0,ᛋᚻᚪᚳᛖᛋᛈᛠᚱᛡᚾ,605
explainable,590711,0,ᛖᛉᛈᛚᚪᛁᚾᚪᛒᛚᛖ,685
derangements,590056,0,ᛞᛖᚱᚪᛝᛖᛗᛖᚾᛏᛋ,689
accentuates,589306,0,ᚪᚳᚳᛖᚾᛏᚢᚪᛏᛖᛋ,557
actinomycin,588875,0,ᚪᚳᛏᛁᚾᚩᛗᚣᚳᛁᚾ,483
substantiating,588792,0,ᛋᚢᛒᛋᛏᚪᚾᛏᛡᛏᛝ,659
depopulated,588332,0,ᛞᛖᛈᚩᛈᚢᛚᚪᛏᛖᛞ,637
pleasantries,588194,0,ᛈᛚᛠᛋᚪᚾᛏᚱᛁᛖᛋ,625
misdirection,588064,0,ᛗᛁᛋᛞᛁᚱᛖᚳᛏᛡᚾ,561
agglutinins,587712,0,ᚪᚷᚷᛚᚢᛏᛁᚾᛁᚾᛋ,439
repertoires,587489,0,ᚱᛖᛈᛖᚱᛏᚩᛁᚱᛖᛋ,427
predisposes,586939,0,ᛈᚱᛖᛞᛁᛋᛈᚩᛋᛖᛋ,517
expansionism,585960,0,ᛖᛉᛈᚪᚾᛋᛡᚾᛁᛋᛗ,627
baskerville,585755,0,ᛒᚪᛋᚳᛖᚱᚢᛁᛚᛚᛖ,549
burgomaster,585581,0,ᛒᚢᚱᚷᚩᛗᚪᛋᛏᛖᚱ,457
iteratively,585264,0,ᛁᛏᛖᚱᚪᛏᛁᚢᛖᛚᚣ,601
acquisitive,584980,0,ᚪᚳᚳᚹᛁᛋᛁᛏᛁᚢᛖ,417
overcharges,584507,0,ᚩᚢᛖᚱᚳᚻᚪᚱᚷᛖᛋ,369
antagonized,584154,0,ᚪᚾᛏᚪᚷᚩᚾᛁᛋᛖᛞ,575
echinoderms,583794,0,ᛖᚳᚻᛁᚾᚩᛞᛖᚱᛗᛋ,461
superfluity,583199,0,ᛋᚢᛈᛖᚱᚠᛚᚢᛁᛏᚣ,448
disputations,583131,0,ᛞᛁᛋᛈᚢᛏᚪᛏᛡᚾᛋ,623
deductibles,582832,0,ᛞᛖᛞᚢᚳᛏᛁᛒᛚᛖᛋ,605
toastmaster,582354,0,ᛏᚩᚪᛋᛏᛗᚪᛋᛏᛖᚱ,633
transferees,581743,0,ᛏᚱᚪᚾᛋᚠᛖᚱᛖᛖᛋ,516
preamplifier,581673,0,ᛈᚱᛠᛗᛈᛚᛁᚠᛁᛖᚱ,492
intradermal,581152,0,ᛁᚾᛏᚱᚪᛞᛖᚱᛗᚪᛚ,635
unconverted,579276,0,ᚢᚾᚳᚩᚾᚢᛖᚱᛏᛖᛞ,377
abridgement,579133,0,ᚪᛒᚱᛁᛞᚷᛖᛗᛖᚾᛏ,599
aboriginals,578837,0,ᚪᛒᚩᚱᛁᚷᛁᚾᚪᛚᛋ,507
introverted,578261,0,ᛁᚾᛏᚱᚩᚢᛖᚱᛏᛖᛞ,433
conciseness,578226,0,ᚳᚩᚾᚳᛁᛋᛖᚾᛖᛋᛋ,415
subsidiarity,577980,0,ᛋᚢᛒᛋᛁᛞᛡᚱᛁᛏᚣ,601
monographic,577951,0,ᛗᚩᚾᚩᚷᚱᚪᛈᚻᛁᚳ,349
millisecond,577826,0,ᛗᛁᛚᛚᛁᛋᛖᚳᚩᚾᛞ,537
corollaries,577583,0,ᚳᚩᚱᚩᛚᛚᚪᚱᛁᛖᛋ,443
sagittarius,576874,0,ᛋᚪᚷᛁᛏᛏᚪᚱᛁᚢᛋ,511
medicaments,576864,0,ᛗᛖᛞᛁᚳᚪᛗᛖᚾᛏᛋ,647
flashlights,576861,0,ᚠᛚᚪᛋᚻᛚᛁᚷᚻᛏᛋ,504
troubadours,576548,0,ᛏᚱᚩᚢᛒᚪᛞᚩᚢᚱᛋ,401
penetrations,575769,0,ᛈᛖᚾᛖᛏᚱᚪᛏᛡᚾᛋ,621
prepackaged,575623,0,ᛈᚱᛖᛈᚪᚳᚳᚪᚷᛖᛞ,557
canonization,575036,0,ᚳᚪᚾᚩᚾᛁᛋᚪᛏᛡᚾ,551
naturalised,574597,0,ᚾᚪᛏᚢᚱᚪᛚᛁᛋᛖᛞ,609
trichloride,573641,0,ᛏᚱᛁᚳᚻᛚᚩᚱᛁᛞᛖ,415
proprieties,573372,0,ᛈᚱᚩᛈᚱᛁᛖᛏᛁᛖᛋ,423
spherically,573018,0,ᛋᛈᚻᛖᚱᛁᚳᚪᛚᛚᚣ,587
communalism,573011,0,ᚳᚩᛗᛗᚢᚾᚪᛚᛁᛋᛗ,519
immunisation,572688,0,ᛁᛗᛗᚢᚾᛁᛋᚪᛏᛡᚾ,581
otherworldly,572389,0,ᚩᚦᛖᚱᚹᚩᚱᛚᛞᛚᚣ,465
technocrats,572129,0,ᛏᛖᚳᚻᚾᚩᚳᚱᚪᛏᛋ,431
machiavellian,571703,0,ᛗᚪᚳᚻᛡᚢᛖᛚᛚᛡᚾ,663
ornamentals,571376,0,ᚩᚱᚾᚪᛗᛖᚾᛏᚪᛚᛋ,593
overshadowing,570856,0,ᚩᚢᛖᚱᛋᚻᚪᛞᚩᚹᛝ,455
archdeaconry,570073,0,ᚪᚱᚳᚻᛞᛠᚳᚩᚾᚱᚣ,505
cassiterite,569846,0,ᚳᚪᛋᛋᛁᛏᛖᚱᛁᛏᛖ,541
haughtiness,569674,0,ᚻᚪᚢᚷᚻᛏᛁᚾᛖᛋᛋ,455
processional,569464,0,ᛈᚱᚩᚳᛖᛋᛋᛡᚾᚪᛚ,553
interjection,569271,0,ᛁᚾᛏᛖᚱᛂᛖᚳᛏᛡᚾ,509
grotesquely,569237,0,ᚷᚱᚩᛏᛖᛋᚳᚹᛖᛚᚣ,489
shallowness,569069,0,ᛋᚻᚪᛚᛚᚩᚹᚾᛖᛋᛋ,547
hammerstein,568520,0,ᚻᚪᛗᛗᛖᚱᛋᛏᛖᛁᚾ,579
interpolate,568332,0,ᛁᚾᛏᛖᚱᛈᚩᛚᚪᛏᛖ,543
reconnection,568316,0,ᚱᛖᚳᚩᚾᚾᛖᚳᛏᛡᚾ,431
requisitioning,568003,0,ᚱᛖᚳᚹᛁᛋᛁᛏᛡᚾᛝ,499
plasticizer,567107,0,ᛈᛚᚪᛋᛏᛁᚳᛁᛋᛖᚱ,531
digitization,565848,0,ᛞᛁᚷᛁᛏᛁᛋᚪᛏᛡᚾ,603
hypocalcemia,565592,0,ᚻᚣᛈᚩᚳᚪᛚᚳᛖᛗᛡ,617
intolerably,565236,0,ᛁᚾᛏᚩᛚᛖᚱᚪᛒᛚᚣ,611
monopolists,564212,0,ᛗᚩᚾᚩᛈᚩᛚᛁᛋᛏᛋ,433
purposeless,563380,0,ᛈᚢᚱᛈᚩᛋᛖᛚᛖᛋᛋ,473
malefactors,563190,0,ᛗᚪᛚᛖᚠᚪᚳᛏᚩᚱᛋ,550
brahmaputra,563146,0,ᛒᚱᚪᚻᛗᚪᛈᚢᛏᚱᚪ,573
entablature,562852,0,ᛖᚾᛏᚪᛒᛚᚪᛏᚢᚱᛖ,623
illimitable,562729,0,ᛁᛚᛚᛁᛗᛁᛏᚪᛒᛚᛖ,667
discomfited,562537,0,ᛞᛁᛋᚳᚩᛗᚠᛁᛏᛖᛞ,512
behaviorally,562410,0,ᛒᛖᚻᚪᚢᛡᚱᚪᛚᛚᚣ,715
pilocarpine,561237,0,ᛈᛁᛚᚩᚳᚪᚱᛈᛁᚾᛖ,445
fluoroscopy,561157,0,ᚠᛚᚢᚩᚱᚩᛋᚳᚩᛈᚣ,322
coterminous,560920,0,ᚳᚩᛏᛖᚱᛗᛁᚾᚩᚢᛋ,351
unstoppable,559828,0,ᚢᚾᛋᛏᚩᛈᛈᚪᛒᛚᛖ,535
hexadecimal,559545,0,ᚻᛖᛉᚪᛞᛖᚳᛁᛗᚪᛚ,675
regularized,558647,0,ᚱᛖᚷᚢᛚᚪᚱᛁᛋᛖᛞ,519
necessitous,558116,0,ᚾᛖᚳᛖᛋᛋᛁᛏᚩᚢᛋ,435
expressible,556873,0,ᛖᛉᛈᚱᛖᛋᛋᛁᛒᛚᛖ,573
vascularity,556345,0,ᚢᚪᛋᚳᚢᛚᚪᚱᛁᛏᚣ,543
unitarianism,555854,0,ᚢᚾᛁᛏᚪᚱᛡᚾᛁᛋᛗ,521
chromophore,555832,0,ᚳᚻᚱᚩᛗᚩᛈᚻᚩᚱᛖ,283
statistique,555499,0,ᛋᛏᚪᛏᛁᛋᛏᛁᚳᚹᛖ,541
conscripted,555407,0,ᚳᚩᚾᛋᚳᚱᛁᛈᛏᛖᛞ,415
fluorinated,553487,0,ᚠᛚᚢᚩᚱᛁᚾᚪᛏᛖᛞ,468
descendents,552433,0,ᛞᛖᛋᚳᛖᚾᛞᛖᚾᛏᛋ,615
irremediable,552046,0,ᛁᚱᚱᛖᛗᛖᛞᛡᛒᛚᛖ,655
undissolved,551662,0,ᚢᚾᛞᛁᛋᛋᚩᛚᚢᛖᛞ,497
candidature,551366,0,ᚳᚪᚾᛞᛁᛞᚪᛏᚢᚱᛖ,585
unendurable,551321,0,ᚢᚾᛖᚾᛞᚢᚱᚪᛒᛚᛖ,529
supercilious,551281,0,ᛋᚢᛈᛖᚱᚳᛁᛚᛡᚢᛋ,457
clairvoyant,550630,0,ᚳᛚᚪᛁᚱᚢᚩᚣᚪᚾᛏ,523
encapsulate,550394,0,ᛖᚾᚳᚪᛈᛋᚢᛚᚪᛏᛖ,601
maladjusted,548658,0,ᛗᚪᛚᚪᛞᛂᚢᛋᛏᛖᛞ,735
elastically,548569,0,ᛖᛚᚪᛋᛏᛁᚳᚪᛚᛚᚣ,739
familiarized,547612,0,ᚠᚪᛗᛁᛚᛡᚱᛁᛋᛖᛞ,632
multimillion,547542,0,ᛗᚢᛚᛏᛁᛗᛁᛚᛚᛡᚾ,621
rescheduled,547069,0,ᚱᛖᛋᚳᚻᛖᛞᚢᛚᛖᛞ,555
decapitation,547052,0,ᛞᛖᚳᚪᛈᛁᛏᚪᛏᛡᚾ,691
perspicuity,546810,0,ᛈᛖᚱᛋᛈᛁᚳᚢᛁᛏᚣ,457
pneumococci,546744,0,ᛈᚾᛖᚢᛗᚩᚳᚩᚳᚳᛁ,297
objectified,545055,0,ᚩᛒᛂᛖᚳᛏᛁᚠᛁᛖᛞ,464
resuscitate,544728,0,ᚱᛖᛋᚢᛋᚳᛁᛏᚪᛏᛖ,513
frictionless,544574,0,ᚠᚱᛁᚳᛏᛡᚾᛚᛖᛋᛋ,498
traceability,544460,0,ᛏᚱᚪᚳᛠᛒᛁᛚᛁᛏᚣ,647
photosphere,544284,0,ᛈᚻᚩᛏᚩᛋᛈᚻᛖᚱᛖ,403
androgynous,543433,0,ᚪᚾᛞᚱᚩᚷᚣᚾᚩᚢᛋ,445
inconstancy,543132,0,ᛁᚾᚳᚩᚾᛋᛏᚪᚾᚳᚣ,463
invalidation,543126,0,ᛁᚾᚢᚪᛚᛁᛞᚪᛏᛡᚾ,645
encouragingly,542879,0,ᛖᚾᚳᚩᚢᚱᚪᚷᛝᛚᚣ,499
graciousness,542399,0,ᚷᚱᚪᚳᛡᚢᛋᚾᛖᛋᛋ,503
reconnoitre,541452,0,ᚱᛖᚳᚩᚾᚾᚩᛁᛏᚱᛖ,331
unexpressed,541279,0,ᚢᚾᛖᛉᛈᚱᛖᛋᛋᛖᛞ,529
phonographs,541068,0,ᛈᚻᚩᚾᚩᚷᚱᚪᛈᚻᛋ,353
adjudicator,539861,0,ᚪᛞᛂᚢᛞᛁᚳᚪᛏᚩᚱ,533
secularized,539472,0,ᛋᛖᚳᚢᛚᚪᚱᛁᛋᛖᛞ,557
integrators,538890,0,ᛁᚾᛏᛖᚷᚱᚪᛏᚩᚱᛋ,441
erratically,538244,0,ᛖᚱᚱᚪᛏᛁᚳᚪᛚᛚᚣ,635
inopportune,537289,0,ᛁᚾᚩᛈᛈᚩᚱᛏᚢᚾᛖ,329
emotionality,536899,0,ᛖᛗᚩᛏᛡᚾᚪᛚᛁᛏᚣ,703
materialists,536076,0,ᛗᚪᛏᛖᚱᛡᛚᛁᛋᛏᛋ,681
cephalopods,535701,0,ᚳᛖᛈᚻᚪᛚᚩᛈᚩᛞᛋ,515
hieroglyphs,535651,0,ᚻᛁᛖᚱᚩᚷᛚᚣᛈᚻᛋ,451
silversmiths,535383,0,ᛋᛁᛚᚢᛖᚱᛋᛗᛁᚦᛋ,451
scrutinised,535213,0,ᛋᚳᚱᚢᛏᛁᚾᛁᛋᛖᛞ,439
agglomerate,534667,0,ᚪᚷᚷᛚᚩᛗᛖᚱᚪᛏᛖ,583
outstandingly,534481,0,ᚩᚢᛏᛋᛏᚪᚾᛞᛝᛚᚣ,651
feminization,534457,0,ᚠᛖᛗᛁᚾᛁᛋᚪᛏᛡᚾ,576
ethnographer,534357,0,ᛖᚦᚾᚩᚷᚱᚪᛈᚻᛖᚱ,377
stenography,534294,0,ᛋᛏᛖᚾᚩᚷᚱᚪᛈᚻᚣ,509
ultramarine,534243,0,ᚢᛚᛏᚱᚪᛗᚪᚱᛁᚾᛖ,549
nonchalance,533924,0,ᚾᚩᚾᚳᚻᚪᛚᚪᚾᚳᛖ,477
inauspicious,533893,0,ᛁᚾᚪᚢᛋᛈᛁᚳᛡᚢᛋ,463
sulfonamide,533630,0,ᛋᚢᛚᚠᚩᚾᚪᛗᛁᛞᛖ,522
solemnities,533100,0,ᛋᚩᛚᛖᛗᚾᛁᛏᛁᛖᛋ,541
paratyphoid,532914,0,ᛈᚪᚱᚪᛏᚣᛈᚻᚩᛁᛞ,603
unperceived,531775,0,ᚢᚾᛈᛖᚱᚳᛖᛁᚢᛖᛞ,423
unfurnished,531409,0,ᚢᚾᚠᚢᚱᚾᛁᛋᚻᛖᛞ,340
chirurgical,531241,0,ᚳᚻᛁᚱᚢᚱᚷᛁᚳᚪᛚ,323
renegotiated,530849,0,ᚱᛖᚾᛖᚷᚩᛏᛡᛏᛖᛞ,579
directivity,530847,0,ᛞᛁᚱᛖᚳᛏᛁᚢᛁᛏᚣ,497
thermophilic,530628,0,ᚦᛖᚱᛗᚩᛈᚻᛁᛚᛁᚳ,375
reintroduce,530542,0,ᚱᛖᛁᚾᛏᚱᚩᛞᚢᚳᛖ,387
glucosamine,529783,0,ᚷᛚᚢᚳᚩᛋᚪᛗᛁᚾᛖ,461
discernable,529745,0,ᛞᛁᛋᚳᛖᚱᚾᚪᛒᛚᛖ,591
inescapably,529594,0,ᛁᚾᛖᛋᚳᚪᛈᚪᛒᛚᚣ,667
appreciations,528272,0,ᚪᛈᛈᚱᛖᚳᛡᛏᛡᚾᛋ,629
nutritionist,528044,0,ᚾᚢᛏᚱᛁᛏᛡᚾᛁᛋᛏ,471
studentship,527938,0,ᛋᛏᚢᛞᛖᚾᛏᛋᚻᛁᛈ,509
irreverence,527772,0,ᛁᚱᚱᛖᚢᛖᚱᛖᚾᚳᛖ,377
hippocratic,527625,0,ᚻᛁᛈᛈᚩᚳᚱᚪᛏᛁᚳ,371
rechargeable,527065,0,ᚱᛖᚳᚻᚪᚱᚷᛠᛒᛚᛖ,549
aponeurosis,526524,0,ᚪᛈᚩᚾᛖᚢᚱᚩᛋᛁᛋ,401
discordance,524793,0,ᛞᛁᛋᚳᚩᚱᛞᚪᚾᚳᛖ,499
hopefulness,523906,0,ᚻᚩᛈᛖᚠᚢᛚᚾᛖᛋᛋ,420
referendums,523122,0,ᚱᛖᚠᛖᚱᛖᚾᛞᚢᛗᛋ,470
osteosarcoma,522705,0,ᚩᛋᛏᛇᛋᚪᚱᚳᚩᛗᚪ,509
lumbosacral,521936,0,ᛚᚢᛗᛒᚩᛋᚪᚳᚱᚪᛚ,559
corporators,521341,0,ᚳᚩᚱᛈᚩᚱᚪᛏᚩᚱᛋ,319
rationalists,520075,0,ᚱᚪᛏᛡᚾᚪᛚᛁᛋᛏᛋ,669
expensively,520044,0,ᛖᛉᛈᛖᚾᛋᛁᚢᛖᛚᚣ,583
syndicalism,519946,0,ᛋᚣᚾᛞᛁᚳᚪᛚᛁᛋᛗ,643
occupancies,519685,0,ᚩᚳᚳᚢᛈᚪᚾᚳᛁᛖᛋ,369
capriciously,519552,0,ᚳᚪᛈᚱᛁᚳᛡᚢᛋᛚᚣ,547
bifurcations,519045,0,ᛒᛁᚠᚢᚱᚳᚪᛏᛡᚾᛋ,466
ethnocentric,518092,0,ᛖᚦᚾᚩᚳᛖᚾᛏᚱᛁᚳ,331
herculaneum,517862,0,ᚻᛖᚱᚳᚢᛚᚪᚾᛖᚢᛗ,457
constipated,517058,0,ᚳᚩᚾᛋᛏᛁᛈᚪᛏᛖᛞ,547
interrupter,516985,0,ᛁᚾᛏᛖᚱᚱᚢᛈᛏᛖᚱ,391
rediscovering,516676,0,ᚱᛖᛞᛁᛋᚳᚩᚢᛖᚱᛝ,431
assimilates,516200,0,ᚪᛋᛋᛁᛗᛁᛚᚪᛏᛖᛋ,685
intensifier,515181,0,ᛁᚾᛏᛖᚾᛋᛁᚠᛁᛖᚱ,410
transgressing,514193,0,ᛏᚱᚪᚾᛋᚷᚱᛖᛋᛋᛝ,529
accompanist,513509,0,ᚪᚳᚳᚩᛗᛈᚪᚾᛁᛋᛏ,513
prodigiously,512967,0,ᛈᚱᚩᛞᛁᚷᛡᚢᛋᛚᚣ,537
reflexively,512820,0,ᚱᛖᚠᛚᛖᛉᛁᚢᛖᛚᚣ,544
vinaigrette,511823,0,ᚢᛁᚾᚪᛁᚷᚱᛖᛏᛏᛖ,471
foreshadows,510758,0,ᚠᚩᚱᛖᛋᚻᚪᛞᚩᚹᛋ,428
epigastrium,510706,0,ᛖᛈᛁᚷᚪᛋᛏᚱᛁᚢᛗ,483
predicative,509588,0,ᛈᚱᛖᛞᛁᚳᚪᛏᛁᚢᛖ,511
reverberating,509529,0,ᚱᛖᚢᛖᚱᛒᛖᚱᚪᛏᛝ,533
positivists,509445,0,ᛈᚩᛋᛁᛏᛁᚢᛁᛋᛏᛋ,423
impressment,508731,0,ᛁᛗᛈᚱᛖᛋᛋᛗᛖᚾᛏ,555
legislations,508234,0,ᛚᛖᚷᛁᛋᛚᚪᛏᛡᚾᛋ,659
colonoscopy,508123,0,ᚳᚩᛚᚩᚾᚩᛋᚳᚩᛈᚣ,355
overwrought,507860,0,ᚩᚢᛖᚱᚹᚱᚩᚢᚷᚻᛏ,227
ambiguously,507006,0,ᚪᛗᛒᛁᚷᚢᚩᚢᛋᛚᚣ,519
homesteaders,506712,0,ᚻᚩᛗᛖᛋᛏᛠᛞᛖᚱᛋ,609
scintillating,506561,0,ᛋᚳᛁᚾᛏᛁᛚᛚᚪᛏᛝ,597
willfulness,506311,0,ᚹᛁᛚᛚᚠᚢᛚᚾᛖᛋᛋ,476
exhilarated,506187,0,ᛖᛉᚻᛁᛚᚪᚱᚪᛏᛖᛞ,661
shipbuilder,504881,0,ᛋᚻᛁᛈᛒᚢᛁᛚᛞᛖᚱ,485
infantrymen,504783,0,ᛁᚾᚠᚪᚾᛏᚱᚣᛗᛖᚾ,528
nightmarish,503299,0,ᚾᛁᚷᚻᛏᛗᚪᚱᛁᛋᚻ,445
ecclesiology,502914,0,ᛖᚳᚳᛚᛖᛋᛡᛚᚩᚷᚣ,593
centrifuges,502176,0,ᚳᛖᚾᛏᚱᛁᚠᚢᚷᛖᛋ,352
effectuated,501761,0,ᛖᚠᚠᛖᚳᛏᚢᚪᛏᛖᛞ,525
allurements,501622,0,ᚪᛚᛚᚢᚱᛖᛗᛖᚾᛏᛋ,603
dysmenorrhea,501527,0,ᛞᚣᛋᛗᛖᚾᚩᚱᚱᚻᛠ,573
incontinent,501149,0,ᛁᚾᚳᚩᚾᛏᛁᚾᛖᚾᛏ,383
cadwallader,501042,0,ᚳᚪᛞᚹᚪᛚᛚᚪᛞᛖᚱ,725
invagination,500928,0,ᛁᚾᚢᚪᚷᛁᚾᚪᛏᛡᚾ,529
lyophilized,500922,0,ᛚᚣᚩᛈᚻᛁᛚᛁᛋᛖᛞ,593
systematize,500884,0,ᛋᚣᛋᛏᛖᛗᚪᛏᛁᛋᛖ,713
schoolmates,500566,0,ᛋᚳᚻᚩᚩᛚᛗᚪᛏᛖᛋ,523
shepherdess,500465,0,ᛋᚻᛖᛈᚻᛖᚱᛞᛖᛋᛋ,549
gravestones,500314,0,ᚷᚱᚪᚢᛖᛋᛏᚩᚾᛖᛋ,463
compressions,499338,0,ᚳᚩᛗᛈᚱᛖᛋᛋᛡᚾᛋ,507
actualities,498794,0,ᚪᚳᛏᚢᚪᛚᛁᛏᛁᛖᛋ,583
nonmagnetic,498710,0,ᚾᚩᚾᛗᚪᚷᚾᛖᛏᛁᚳ,449
infinitives,498522,0,ᛁᚾᚠᛁᚾᛁᛏᛁᚢᛖᛋ,366
antechamber,497448,0,ᚪᚾᛏᛖᚳᚻᚪᛗᛒᛖᚱ,595
imperforate,497258,0,ᛁᛗᛈᛖᚱᚠᚩᚱᚪᛏᛖ,466
pollinators,497095,0,ᛈᚩᛚᛚᛁᚾᚪᛏᚩᚱᛋ,483
viticulture,495933,0,ᚢᛁᛏᛁᚳᚢᛚᛏᚢᚱᛖ,353
supportable,495732,0,ᛋᚢᛈᛈᚩᚱᛏᚪᛒᛚᛖ,517
fictitiously,494995,0,ᚠᛁᚳᛏᛁᛏᛡᚢᛋᛚᚣ,534
subcultural,494803,0,ᛋᚢᛒᚳᚢᛚᛏᚢᚱᚪᛚ,449
neuroticism,494184,0,ᚾᛖᚢᚱᚩᛏᛁᚳᛁᛋᛗ,375
woodworkers,494117,0,ᚹᚩᚩᛞᚹᚩᚱᚳᛖᚱᛋ,303
scholastics,493680,0,ᛋᚳᚻᚩᛚᚪᛋᛏᛁᚳᛋ,475
physicality,493490,0,ᛈᚻᚣᛋᛁᚳᚪᛚᛁᛏᚣ,629
bridesmaids,493219,0,ᛒᚱᛁᛞᛖᛋᛗᚪᛁᛞᛋ,653
orthodontics,492145,0,ᚩᚱᚦᚩᛞᚩᚾᛏᛁᚳᛋ,311
austerities,491434,0,ᚪᚢᛋᛏᛖᚱᛁᛏᛁᛖᛋ,531
discography,490658,0,ᛞᛁᛋᚳᚩᚷᚱᚪᛈᚻᚣ,487
heliocentric,489675,0,ᚻᛖᛚᛡᚳᛖᚾᛏᚱᛁᚳ,493
cardiologist,489581,0,ᚳᚪᚱᛞᛡᛚᚩᚷᛁᛋᛏ,557
residencies,489355,0,ᚱᛖᛋᛁᛞᛖᚾᚳᛁᛖᛋ,511
fallibility,489135,0,ᚠᚪᛚᛚᛁᛒᛁᛚᛁᛏᚣ,634
numismatics,488878,0,ᚾᚢᛗᛁᛋᛗᚪᛏᛁᚳᛋ,511
trophoblast,488434,0,ᛏᚱᚩᛈᚻᚩᛒᛚᚪᛋᛏ,493
fractionally,488310,0,ᚠᚱᚪᚳᛏᛡᚾᚪᛚᛚᚣ,664
scopolamine,488285,0,ᛋᚳᚩᛈᚩᛚᚪᛗᛁᚾᛖ,491
invitational,487772,0,ᛁᚾᚢᛁᛏᚪᛏᛡᚾᚪᛚ,615
kilimanjaro,487722,0,ᚳᛁᛚᛁᛗᚪᚾᛂᚪᚱᚩ,497
mountaintop,487505,0,ᛗᚩᚢᚾᛏᚪᛁᚾᛏᚩᛈ,435
conditionals,487312,0,ᚳᚩᚾᛞᛁᛏᛡᚾᚪᛚᛋ,587
gastrectomy,487012,0,ᚷᚪᛋᛏᚱᛖᚳᛏᚩᛗᚣ,557
derivational,486816,0,ᛞᛖᚱᛁᚢᚪᛏᛡᚾᚪᛚ,663
pertinacity,486431,0,ᛈᛖᚱᛏᛁᚾᚪᚳᛁᛏᚣ,543
ligamentous,485217,0,ᛚᛁᚷᚪᛗᛖᚾᛏᚩᚢᛋ,507
confectioner,484935,0,ᚳᚩᚾᚠᛖᚳᛏᛡᚾᛖᚱ,404
colonialists,484604,0,ᚳᚩᛚᚩᚾᛡᛚᛁᛋᛏᛋ,505
cobblestone,483379,0,ᚳᚩᛒᛒᛚᛖᛋᛏᚩᚾᛖ,497
prokaryotic,482602,0,ᛈᚱᚩᚳᚪᚱᚣᚩᛏᛁᚳ,395
enumerations,482498,0,ᛖᚾᚢᛗᛖᚱᚪᛏᛡᚾᛋ,593
disbelieved,481640,0,ᛞᛁᛋᛒᛖᛚᛁᛖᚢᛖᛞ,631
congenitally,481169,0,ᚳᚩᛝᛖᚾᛁᛏᚪᛚᛚᚣ,631
indefeasible,481066,0,ᛁᚾᛞᛖᚠᛠᛋᛁᛒᛚᛖ,612
attributive,480203,0,ᚪᛏᛏᚱᛁᛒᚢᛏᛁᚢᛖ,481
priestesses,479436,0,ᛈᚱᛁᛖᛋᛏᛖᛋᛋᛖᛋ,557
extortionate,479111,0,ᛖᛉᛏᚩᚱᛏᛡᚾᚪᛏᛖ,609
expressways,479030,0,ᛖᛉᛈᚱᛖᛋᛋᚹᚪᚣᛋ,613
chambermaid,478980,0,ᚳᚻᚪᛗᛒᛖᚱᛗᚪᛁᛞ,631
authenticating,478775,0,ᚪᚢᚦᛖᚾᛏᛁᚳᚪᛏᛝ,539
illuminator,478017,0,ᛁᛚᛚᚢᛗᛁᚾᚪᛏᚩᚱ,485
proverbially,477959,0,ᛈᚱᚩᚢᛖᚱᛒᛡᛚᛚᚣ,559
spaceflight,477026,0,ᛋᛈᚪᚳᛖᚠᛚᛁᚷᚻᛏ,478
irreparably,475823,0,ᛁᚱᚱᛖᛈᚪᚱᚪᛒᛚᚣ,605
unrepentant,475312,0,ᚢᚾᚱᛖᛈᛖᚾᛏᚪᚾᛏ,493
militarists,475262,0,ᛗᛁᛚᛁᛏᚪᚱᛁᛋᛏᛋ,569
caseworkers,474876,0,ᚳᚪᛋᛖᚹᚩᚱᚳᛖᚱᛋ,411
cultivations,473758,0,ᚳᚢᛚᛏᛁᚢᚪᛏᛡᚾᛋ,527
extraversion,473494,0,ᛖᛉᛏᚱᚪᚢᛖᚱᛋᛡᚾ,551
personalize,472848,0,ᛈᛖᚱᛋᚩᚾᚪᛚᛁᛋᛖ,531
consonantal,472727,0,ᚳᚩᚾᛋᚩᚾᚪᚾᛏᚪᛚ,493
imprecations,472694,0,ᛁᛗᛈᚱᛖᚳᚪᛏᛡᚾᛋ,581
piedmontese,472211,0,ᛈᛁᛖᛞᛗᚩᚾᛏᛖᛋᛖ,583
auditoriums,472209,0,ᚪᚢᛞᛁᛏᚩᚱᛁᚢᛗᛋ,455
climacteric,472184,0,ᚳᛚᛁᛗᚪᚳᛏᛖᚱᛁᚳ,479
corruptible,470316,0,ᚳᚩᚱᚱᚢᛈᛏᛁᛒᛚᛖ,379
compatibles,470018,0,ᚳᚩᛗᛈᚪᛏᛁᛒᛚᛖᛋ,575
bimolecular,469750,0,ᛒᛁᛗᚩᛚᛖᚳᚢᛚᚪᚱ,507
introversion,469722,0,ᛁᚾᛏᚱᚩᚢᛖᚱᛋᛡᚾ,407
melchizedek,468500,0,ᛗᛖᛚᚳᚻᛁᛋᛖᛞᛖᚳ,567
anomalously,468000,0,ᚪᚾᚩᛗᚪᛚᚩᚢᛋᛚᚣ,613
offensively,467225,0,ᚩᚠᚠᛖᚾᛋᛁᚢᛖᛚᚣ,437
recognitions,467179,0,ᚱᛖᚳᚩᚷᚾᛁᛏᛡᚾᛋ,423
serendipity,466868,0,ᛋᛖᚱᛖᚾᛞᛁᛈᛁᛏᚣ,583
callousness,466784,0,ᚳᚪᛚᛚᚩᚢᛋᚾᛖᛋᛋ,521
isomorphous,466736,0,ᛁᛋᚩᛗᚩᚱᛈᚻᚩᚢᛋ,309
carefulness,466145,0,ᚳᚪᚱᛖᚠᚢᛚᚾᛖᛋᛋ,468
invalidates,466095,0,ᛁᚾᚢᚪᛚᛁᛞᚪᛏᛖᛋ,629
obscenities,465739,0,ᚩᛒᛋᚳᛖᚾᛁᛏᛁᛖᛋ,471
placeholder,465382,0,ᛈᛚᚪᚳᛖᚻᚩᛚᛞᛖᚱ,563
autographed,464684,0,ᚪᚢᛏᚩᚷᚱᚪᛈᚻᛖᛞ,513
grandiflora,464393,0,ᚷᚱᚪᚾᛞᛁᚠᛚᚩᚱᚪ,464
orbicularis,464184,0,ᚩᚱᛒᛁᚳᚢᛚᚪᚱᛁᛋ,391
campanulate,463894,0,ᚳᚪᛗᛈᚪᚾᚢᛚᚪᛏᛖ,649
gesticulating,463293,0,ᚷᛖᛋᛏᛁᚳᚢᛚᚪᛏᛝ,551
conspecific,462731,0,ᚳᚩᚾᛋᛈᛖᚳᛁᚠᛁᚳ,302
denticulate,462678,0,ᛞᛖᚾᛏᛁᚳᚢᛚᚪᛏᛖ,587
esophagitis,462477,0,ᛖᛋᚩᛈᚻᚪᚷᛁᛏᛁᛋ,481
plaintively,462273,0,ᛈᛚᚪᛁᚾᛏᛁᚢᛖᛚᚣ,609
incinerated,462164,0,ᛁᚾᚳᛁᚾᛖᚱᚪᛏᛖᛞ,523
slenderness,461999,0,ᛋᛚᛖᚾᛞᛖᚱᚾᛖᛋᛋ,591
strangulated,461767,0,ᛋᛏᚱᚪᛝᚢᛚᚪᛏᛖᛞ,687
abolitionism,461350,0,ᚪᛒᚩᛚᛁᛏᛡᚾᛁᛋᛗ,619
campaigners,460916,0,ᚳᚪᛗᛈᚪᛁᚷᚾᛖᚱᛋ,529
hundredfold,460044,0,ᚻᚢᚾᛞᚱᛖᛞᚠᚩᛚᛞ,482
repossessed,459385,0,ᚱᛖᛈᚩᛋᛋᛖᛋᛋᛖᛞ,563
grahamstown,459281,0,ᚷᚱᚪᚻᚪᛗᛋᛏᚩᚹᚾ,483
everlastingly,457874,0,ᛖᚢᛖᚱᛚᚪᛋᛏᛝᛚᚣ,685
westernized,457489,0,ᚹᛖᛋᛏᛖᚱᚾᛁᛋᛖᛞ,545
memorialized,457324,0,ᛗᛖᛗᚩᚱᛡᛚᛁᛋᛖᛞ,647
exacerbates,457258,0,ᛖᛉᚪᚳᛖᚱᛒᚪᛏᛖᛋ,639
candlepower,456772,0,ᚳᚪᚾᛞᛚᛖᛈᚩᚹᛖᚱ,515
nonacademic,456422,0,ᚾᚩᚾᚪᚳᚪᛞᛖᛗᛁᚳ,543
desquamation,456023,0,ᛞᛖᛋᚳᚹᚪᛗᚪᛏᛡᚾ,701
emasculated,455609,0,ᛖᛗᚪᛋᚳᚢᛚᚪᛏᛖᛞ,689
marshmallow,455439,0,ᛗᚪᚱᛋᚻᛗᚪᛚᛚᚩᚹ,595
recompensed,455239,0,ᚱᛖᚳᚩᛗᛈᛖᚾᛋᛖᛞ,517
venturesome,454209,0,ᚢᛖᚾᛏᚢᚱᛖᛋᚩᛗᛖ,437
consumables,453929,0,ᚳᚩᚾᛋᚢᛗᚪᛒᛚᛖᛋ,527
premonitory,453043,0,ᛈᚱᛖᛗᚩᚾᛁᛏᚩᚱᚣ,439
chancellery,452946,0,ᚳᚻᚪᚾᚳᛖᛚᛚᛖᚱᚣ,569
overstepped,452943,0,ᚩᚢᛖᚱᛋᛏᛖᛈᛈᛖᛞ,509
brahmanical,452823,0,ᛒᚱᚪᚻᛗᚪᚾᛁᚳᚪᛚ,603
prerecorded,452758,0,ᛈᚱᛖᚱᛖᚳᚩᚱᛞᛖᛞ,475
peacekeepers,452648,0,ᛈᛠᚳᛖᚳᛖᛖᛈᛖᚱᛋ,553
sumptuously,452366,0,ᛋᚢᛗᛈᛏᚢᚩᚢᛋᛚᚣ,471
adversities,452312,0,ᚪᛞᚢᛖᚱᛋᛁᛏᛁᛖᛋ,561
shareholdings,451882,0,ᛋᚻᚪᚱᛖᚻᚩᛚᛞᛝᛋ,575
perspicuous,451466,0,ᛈᛖᚱᛋᛈᛁᚳᚢᚩᚢᛋ,327
genealogists,451336,0,ᚷᛖᚾᛠᛚᚩᚷᛁᛋᛏᛋ,515
rhetoricians,451276,0,ᚱᚻᛖᛏᚩᚱᛁᚳᛡᚾᛋ,411
headmistress,450455,0,ᚻᛠᛞᛗᛁᛋᛏᚱᛖᛋᛋ,619
immunogenic,450198,0,ᛁᛗᛗᚢᚾᚩᚷᛖᚾᛁᚳ,369
exploitable,449547,0,ᛖᛉᛈᛚᚩᛁᛏᚪᛒᛚᛖ,625
antisemitic,449012,0,ᚪᚾᛏᛁᛋᛖᛗᛁᛏᛁᚳ,541
sidetracked,448251,0,ᛋᛁᛞᛖᛏᚱᚪᚳᚳᛖᛞ,589
suffragists,447972,0,ᛋᚢᚠᚠᚱᚪᚷᛁᛋᛏᛋ,381
malocclusion,447841,0,ᛗᚪᛚᚩᚳᚳᛚᚢᛋᛡᚾ,539
untrammeled,447780,0,ᚢᚾᛏᚱᚪᛗᛗᛖᛚᛖᛞ,637
legionnaires,447743,0,ᛚᛖᚷᛡᚾᚾᚪᛁᚱᛖᛋ,581
blackboards,447555,0,ᛒᛚᚪᚳᚳᛒᚩᚪᚱᛞᛋ,575
neutralizes,447479,0,ᚾᛖᚢᛏᚱᚪᛚᛁᛋᛖᛋ,543
misbehaviour,446824,0,ᛗᛁᛋᛒᛖᚻᚪᚢᛡᚢᚱ,527
melanocytes,446715,0,ᛗᛖᛚᚪᚾᚩᚳᚣᛏᛖᛋ,639
prostatitis,446653,0,ᛈᚱᚩᛋᛏᚪᛏᛁᛏᛁᛋ,503
quizzically,446484,0,ᚳᚹᛁᛋᛋᛁᚳᚪᛚᛚᚣ,559
explosively,445789,0,ᛖᛉᛈᛚᚩᛋᛁᚢᛖᛚᚣ,567
formularies,445450,0,ᚠᚩᚱᛗᚢᛚᚪᚱᛁᛖᛋ,426
proselytizing,445338,0,ᛈᚱᚩᛋᛖᛚᚣᛏᛁᛋᛝ,579
etymologies,445262,0,ᛖᛏᚣᛗᚩᛚᚩᚷᛁᛖᛋ,555
superimposing,444599,0,ᛋᚢᛈᛖᚱᛁᛗᛈᚩᛋᛝ,461
incrustation,444097,0,ᛁᚾᚳᚱᚢᛋᛏᚪᛏᛡᚾ,491
primitivism,443938,0,ᛈᚱᛁᛗᛁᛏᛁᚢᛁᛋᛗ,435
alexandrine,443859,0,ᚪᛚᛖᛉᚪᚾᛞᚱᛁᚾᛖ,637
assemblymen,443567,0,ᚪᛋᛋᛖᛗᛒᛚᚣᛗᛖᚾ,745
resubmitted,443543,0,ᚱᛖᛋᚢᛒᛗᛁᛏᛏᛖᛞ,571
reticulation,443433,0,ᚱᛖᛏᛁᚳᚢᛚᚪᛏᛡᚾ,549
demodulator,443268,0,ᛞᛖᛗᚩᛞᚢᛚᚪᛏᚩᚱ,573
integuments,443257,0,ᛁᚾᛏᛖᚷᚢᛗᛖᚾᛏᛋ,485
shipwrights,443248,0,ᛋᚻᛁᛈᚹᚱᛁᚷᚻᛏᛋ,363
outperforms,442961,0,ᚩᚢᛏᛈᛖᚱᚠᚩᚱᛗᛋ,334
reciprocals,442631,0,ᚱᛖᚳᛁᛈᚱᚩᚳᚪᛚᛋ,419
operability,442610,0,ᚩᛈᛖᚱᚪᛒᛁᛚᛁᛏᚣ,583
theatricality,442443,0,ᚦᛠᛏᚱᛁᚳᚪᛚᛁᛏᚣ,591
carburetors,442277,0,ᚳᚪᚱᛒᚢᚱᛖᛏᚩᚱᛋ,393
dragonflies,441087,0,ᛞᚱᚪᚷᚩᚾᚠᛚᛁᛖᛋ,476
counteracts,440723,0,ᚳᚩᚢᚾᛏᛖᚱᚪᚳᛏᛋ,411
enchantress,440024,0,ᛖᚾᚳᚻᚪᚾᛏᚱᛖᛋᛋ,501
remonstrating,439853,0,ᚱᛖᛗᚩᚾᛋᛏᚱᚪᛏᛝ,543
retrievable,439830,0,ᚱᛖᛏᚱᛁᛖᚢᚪᛒᛚᛖ,547
pawnbrokers,438876,0,ᛈᚪᚹᚾᛒᚱᚩᚳᛖᚱᛋ,411
pyrotechnic,438409,0,ᛈᚣᚱᚩᛏᛖᚳᚻᚾᛁᚳ,399
unbeknownst,438300,0,ᚢᚾᛒᛖᚳᚾᚩᚹᚾᛋᛏ,369
tegucigalpa,438112,0,ᛏᛖᚷᚢᚳᛁᚷᚪᛚᛈᚪ,517
snowmobiles,438022,0,ᛋᚾᚩᚹᛗᚩᛒᛁᛚᛖᛋ,471
cartoonists,437891,0,ᚳᚪᚱᛏᚩᚩᚾᛁᛋᛏᛋ,419
emotionalism,437773,0,ᛖᛗᚩᛏᛡᚾᚪᛚᛁᛋᛗ,665
addressable,437282,0,ᚪᛞᛞᚱᛖᛋᛋᚪᛒᛚᛖ,757
teaspoonfuls,436860,0,ᛏᛠᛋᛈᚩᚩᚾᚠᚢᛚᛋ,438
obsessively,436752,0,ᚩᛒᛋᛖᛋᛋᛁᚢᛖᛚᚣ,571
spirochetes,436217,0,ᛋᛈᛁᚱᚩᚳᚻᛖᛏᛖᛋ,427
thunderbolts,435807,0,ᚦᚢᚾᛞᛖᚱᛒᚩᛚᛏᛋ,457
complimenting,435607,0,ᚳᚩᛗᛈᛚᛁᛗᛖᚾᛏᛝ,543
gametophyte,435541,0,ᚷᚪᛗᛖᛏᚩᛈᚻᚣᛏᛖ,613
demobilized,435313,0,ᛞᛖᛗᚩᛒᛁᛚᛁᛋᛖᛞ,639
communicant,435111,0,ᚳᚩᛗᛗᚢᚾᛁᚳᚪᚾᛏ,423
generalists,434790,0,ᚷᛖᚾᛖᚱᚪᛚᛁᛋᛏᛋ,557
volatilized,434269,0,ᚢᚩᛚᚪᛏᛁᛚᛁᛋᛖᛞ,583
dexterously,434077,0,ᛞᛖᛉᛏᛖᚱᚩᚢᛋᛚᚣ,579
crystallite,433782,0,ᚳᚱᚣᛋᛏᚪᛚᛚᛁᛏᛖ,639
philosophes,433626,0,ᛈᚻᛁᛚᚩᛋᚩᛈᚻᛖᛋ,423
repositioned,433441,0,ᚱᛖᛈᚩᛋᛁᛏᛡᚾᛖᛞ,563
pastoralism,433301,0,ᛈᚪᛋᛏᚩᚱᚪᛚᛁᛋᛗ,595
stalactites,432943,0,ᛋᛏᚪᛚᚪᚳᛏᛁᛏᛖᛋ,661
caricatured,432660,0,ᚳᚪᚱᛁᚳᚪᛏᚢᚱᛖᛞ,491
unalterably,432294,0,ᚢᚾᚪᛚᛏᛖᚱᚪᛒᛚᚣ,673
governesses,432087,0,ᚷᚩᚢᛖᚱᚾᛖᛋᛋᛖᛋ,427
boardinghouse,431867,0,ᛒᚩᚪᚱᛞᛝᚻᚩᚢᛋᛖ,497
bellerophon,431031,0,ᛒᛖᛚᛚᛖᚱᚩᛈᚻᚩᚾ,461
microsecond,430831,0,ᛗᛁᚳᚱᚩᛋᛖᚳᚩᚾᛞ,391
stranglehold,430690,0,ᛋᛏᚱᚪᛝᛚᛖᚻᚩᛚᛞ,631
ejaculatory,430687,0,ᛖᛂᚪᚳᚢᛚᚪᛏᚩᚱᚣ,567
peloponnese,430494,0,ᛈᛖᛚᚩᛈᚩᚾᚾᛖᛋᛖ,485
deconstruct,429395,0,ᛞᛖᚳᚩᚾᛋᛏᚱᚢᚳᛏ,403
nociceptive,429290,0,ᚾᚩᚳᛁᚳᛖᛈᛏᛁᚢᛖ,363
photocopied,428312,0,ᛈᚻᚩᛏᚩᚳᚩᛈᛁᛖᛞ,389
proletarians,428000,0,ᛈᚱᚩᛚᛖᛏᚪᚱᛡᚾᛋ,557
encapsulating,427982,0,ᛖᚾᚳᚪᛈᛋᚢᛚᚪᛏᛝ,613
polymerases,427883,0,ᛈᚩᛚᚣᛗᛖᚱᚪᛋᛖᛋ,645
colorimeter,427195,0,ᚳᚩᛚᚩᚱᛁᛗᛖᛏᛖᚱ,417
blasphemies,426999,0,ᛒᛚᚪᛋᛈᚻᛖᛗᛁᛖᛋ,639
superimpose,426994,0,ᛋᚢᛈᛖᚱᛁᛗᛈᚩᛋᛖ,449
monohydrate,426436,0,ᛗᚩᚾᚩᚻᚣᛞᚱᚪᛏᛖ,563
dressmakers,426049,0,ᛞᚱᛖᛋᛋᛗᚪᚳᛖᚱᛋ,585
registrable,425945,0,ᚱᛖᚷᛁᛋᛏᚱᚪᛒᛚᛖ,547
pragmatists,425778,0,ᛈᚱᚪᚷᛗᚪᛏᛁᛋᛏᛋ,591
comfortless,425218,0,ᚳᚩᛗᚠᚩᚱᛏᛚᛖᛋᛋ,416
intercalary,425205,0,ᛁᚾᛏᛖᚱᚳᚪᛚᚪᚱᚣ,591
hinterlands,424800,0,ᚻᛁᚾᛏᛖᚱᛚᚪᚾᛞᛋ,561
syllogistic,424605,0,ᛋᚣᛚᛚᚩᚷᛁᛋᛏᛁᚳ,513
rambouillet,424178,0,ᚱᚪᛗᛒᚩᚢᛁᛚᛚᛖᛏ,553
exophthalmos,424034,0,ᛖᛉᚩᛈᚻᚦᚪᛚᛗᚩᛋ,493
externalizing,423988,0,ᛖᛉᛏᛖᚱᚾᚪᛚᛁᛋᛝ,613
overstocked,423818,0,ᚩᚢᛖᚱᛋᛏᚩᚳᚳᛖᛞ,389
diversionary,423788,0,ᛞᛁᚢᛖᚱᛋᛡᚾᚪᚱᚣ,601
vegetational,423707,0,ᚢᛖᚷᛖᛏᚪᛏᛡᚾᚪᛚ,675
reconfigure,422333,0,ᚱᛖᚳᚩᚾᚠᛁᚷᚢᚱᛖ,258
constantino,421796,0,ᚳᚩᚾᛋᛏᚪᚾᛏᛁᚾᚩ,413
seaworthiness,421379,0,ᛋᛠᚹᚩᚱᚦᛁᚾᛖᛋᛋ,437
ludicrously,421329,0,ᛚᚢᛞᛁᚳᚱᚩᚢᛋᛚᚣ,459
unsteadiness,421177,0,ᚢᚾᛋᛏᛠᛞᛁᚾᛖᛋᛋ,575
inquisitions,420394,0,ᛁᚾᚳᚹᛁᛋᛁᛏᛡᚾᛋ,455
longshoreman,420064,0,ᛚᚩᛝᛋᚻᚩᚱᛖᛗᚪᚾ,517
saprophytic,420059,0,ᛋᚪᛈᚱᚩᛈᚻᚣᛏᛁᚳ,483
orchestrate,419593,0,ᚩᚱᚳᚻᛖᛋᛏᚱᚪᛏᛖ,467
diphtheritic,419592,0,ᛞᛁᛈᚻᚦᛖᚱᛁᛏᛁᚳ,403
demodulation,419500,0,ᛞᛖᛗᚩᛞᚢᛚᚪᛏᛡᚾ,691
doubtlessly,418899,0,ᛞᚩᚢᛒᛏᛚᛖᛋᛋᛚᚣ,641
monoculture,418338,0,ᛗᚩᚾᚩᚳᚢᛚᛏᚢᚱᛖ,343
countersign,417832,0,ᚳᚩᚢᚾᛏᛖᚱᛋᛁᚷᚾ,319
favouritism,417161,0,ᚠᚪᚢᚩᚢᚱᛁᛏᛁᛋᛗ,368
emulsifiers,417020,0,ᛖᛗᚢᛚᛋᛁᚠᛁᛖᚱᛋ,462
infirmaries,415704,0,ᛁᚾᚠᛁᚱᛗᚪᚱᛁᛖᛋ,434
flagellates,415440,0,ᚠᛚᚪᚷᛖᛚᛚᚪᛏᛖᛋ,678
transsexual,415337,0,ᛏᚱᚪᚾᛋᛋᛖᛉᚢᚪᛚ,589
aforethought,414602,0,ᚪᚠᚩᚱᛖᚦᚩᚢᚷᚻᛏ,298
incremented,414409,0,ᛁᚾᚳᚱᛖᛗᛖᚾᛏᛖᛞ,533
instigators,414369,0,ᛁᚾᛋᛏᛁᚷᚪᛏᚩᚱᛋ,447
hydrotherapy,414165,0,ᚻᚣᛞᚱᚩᚦᛖᚱᚪᛈᚣ,559
discourteous,413739,0,ᛞᛁᛋᚳᚩᚢᚱᛏᛇᚢᛋ,363
whitsuntide,412984,0,ᚹᚻᛁᛏᛋᚢᚾᛏᛁᛞᛖ,463
determiners,412884,0,ᛞᛖᛏᛖᚱᛗᛁᚾᛖᚱᛋ,555
elephantine,412845,0,ᛖᛚᛖᛈᚻᚪᚾᛏᛁᚾᛖ,585
reinterpret,412439,0,ᚱᛖᛁᚾᛏᛖᚱᛈᚱᛖᛏ,455
subtractive,411506,0,ᛋᚢᛒᛏᚱᚪᚳᛏᛁᚢᛖ,457
semitrailer,411461,0,ᛋᛖᛗᛁᛏᚱᚪᛁᛚᛖᚱ,571
capillarity,411104,0,ᚳᚪᛈᛁᛚᛚᚪᚱᛁᛏᚣ,631
musicianship,410804,0,ᛗᚢᛋᛁᚳᛡᚾᛋᚻᛁᛈ,457
militarized,410541,0,ᛗᛁᛚᛁᛏᚪᚱᛁᛋᛖᛞ,613
sightedness,410213,0,ᛋᛁᚷᚻᛏᛖᛞᚾᛖᛋᛋ,541
opportunely,409420,0,ᚩᛈᛈᚩᚱᛏᚢᚾᛖᛚᚣ,445
antipoverty,409257,0,ᚪᚾᛏᛁᛈᚩᚢᛖᚱᛏᚣ,509
eliminations,409181,0,ᛖᛚᛁᛗᛁᚾᚪᛏᛡᚾᛋ,647
reformulate,409172,0,ᚱᛖᚠᚩᚱᛗᚢᛚᚪᛏᛖ,468
straightens,409099,0,ᛋᛏᚱᚪᛁᚷᚻᛏᛖᚾᛋ,499
valedictory,408988,0,ᚢᚪᛚᛖᛞᛁᚳᛏᚩᚱᚣ,553
irrationally,408874,0,ᛁᚱᚱᚪᛏᛡᚾᚪᛚᛚᚣ,691
hypoglossal,408869,0,ᚻᚣᛈᚩᚷᛚᚩᛋᛋᚪᛚ,549
antimalarial,408803,0,ᚪᚾᛏᛁᛗᚪᛚᚪᚱᛡᛚ,745
cottonwoods,408583,0,ᚳᚩᛏᛏᚩᚾᚹᚩᚩᛞᛋ,349
antediluvian,408009,0,ᚪᚾᛏᛖᛞᛁᛚᚢᚢᛡᚾ,587
contrariety,406649,0,ᚳᚩᚾᛏᚱᚪᚱᛁᛖᛏᚣ,487
prophetical,406325,0,ᛈᚱᚩᛈᚻᛖᛏᛁᚳᚪᛚ,467
paramedical,406315,0,ᛈᚪᚱᚪᛗᛖᛞᛁᚳᚪᛚ,689
concubinage,405710,0,ᚳᚩᚾᚳᚢᛒᛁᚾᚪᚷᛖ,367
hypoglycaemia,405660,0,ᚻᚣᛈᚩᚷᛚᚣᚳᚫᛗᛡ,661
reverberate,405532,0,ᚱᛖᚢᛖᚱᛒᛖᚱᚪᛏᛖ,521
dishwashers,405326,0,ᛞᛁᛋᚻᚹᚪᛋᚻᛖᚱᛋ,519
undistorted,404307,0,ᚢᚾᛞᛁᛋᛏᚩᚱᛏᛖᛞ,497
chenopodium,404082,0,ᚳᚻᛖᚾᚩᛈᚩᛞᛁᚢᛗ,383
peppercorns,403983,0,ᛈᛖᛈᛈᛖᚱᚳᚩᚱᚾᛋ,387
slaveholder,403931,0,ᛋᛚᚪᚢᛖᚻᚩᛚᛞᛖᚱ,563
stimulations,403925,0,ᛋᛏᛁᛗᚢᛚᚪᛏᛡᚾᛋ,635
unconquered,403430,0,ᚢᚾᚳᚩᚾᚳᚹᛖᚱᛖᛞ,347
unorganised,402257,0,ᚢᚾᚩᚱᚷᚪᚾᛁᛋᛖᛞ,433
impermanent,402041,0,ᛁᛗᛈᛖᚱᛗᚪᚾᛖᚾᛏ,575
claudication,401735,0,ᚳᛚᚪᚢᛞᛁᚳᚪᛏᛡᚾ,611
viceroyalty,401717,0,ᚢᛁᚳᛖᚱᚩᚣᚪᛚᛏᚣ,567
secretariats,401562,0,ᛋᛖᚳᚱᛖᛏᚪᚱᛡᛏᛋ,597
petroglyphs,401190,0,ᛈᛖᛏᚱᚩᚷᛚᚣᛈᚻᛋ,499
dishonestly,400863,0,ᛞᛁᛋᚻᚩᚾᛖᛋᛏᛚᚣ,587
postprandial,400820,0,ᛈᚩᛋᛏᛈᚱᚪᚾᛞᛡᛚ,611
impetuously,400737,0,ᛁᛗᛈᛖᛏᚢᚩᚢᛋᛚᚣ,513
commandants,400589,0,ᚳᚩᛗᛗᚪᚾᛞᚪᚾᛏᛋ,615
materialised,400316,0,ᛗᚪᛏᛖᚱᛡᛚᛁᛋᛖᛞ,725
apomorphine,400134,0,ᚪᛈᚩᛗᚩᚱᛈᚻᛁᚾᛖ,429
microfilmed,400029,0,ᛗᛁᚳᚱᚩᚠᛁᛚᛗᛖᛞ,466
megalopolis,400011,0,ᛗᛖᚷᚪᛚᚩᛈᚩᛚᛁᛋ,539
coffeehouse,399984,0,ᚳᚩᚠᚠᛖᛖᚻᚩᚢᛋᛖ,311
endangerment,399873,0,ᛖᚾᛞᚪᛝᛖᚱᛗᛖᚾᛏ,665
condensates,398887,0,ᚳᚩᚾᛞᛖᚾᛋᚪᛏᛖᛋ,563
procurators,398207,0,ᛈᚱᚩᚳᚢᚱᚪᛏᚩᚱᛋ,315
colloquially,397886,0,ᚳᚩᛚᛚᚩᚳᚹᛡᛚᛚᚣ,561
commutators,397542,0,ᚳᚩᛗᛗᚢᛏᚪᛏᚩᚱᛋ,451
obscurities,397317,0,ᚩᛒᛋᚳᚢᚱᛁᛏᛁᛖᛋ,389
sericulture,397183,0,ᛋᛖᚱᛁᚳᚢᛚᛏᚢᚱᛖ,391
antiquarians,396555,0,ᚪᚾᛏᛁᚳᚹᚪᚱᛡᚾᛋ,545
collagenous,396381,0,ᚳᚩᛚᛚᚪᚷᛖᚾᚩᚢᛋ,439
discourtesy,395933,0,ᛞᛁᛋᚳᚩᚢᚱᛏᛖᛋᚣ,489
telecommuting,395695,0,ᛏᛖᛚᛖᚳᚩᛗᛗᚢᛏᛝ,569
ellipticity,395488,0,ᛖᛚᛚᛁᛈᛏᛁᚳᛁᛏᚣ,583
unvarnished,395399,0,ᚢᚾᚢᚪᚱᚾᛁᛋᚻᛖᛞ,435
foregrounds,394733,0,ᚠᚩᚱᛖᚷᚱᚩᚢᚾᛞᛋ,296
bisexuality,394713,0,ᛒᛁᛋᛖᛉᚢᚪᛚᛁᛏᚣ,625
respectably,394537,0,ᚱᛖᛋᛈᛖᚳᛏᚪᛒᛚᚣ,647
anthelmintic,394242,0,ᚪᚾᚦᛖᛚᛗᛁᚾᛏᛁᚳ,505
dispensable,394181,0,ᛞᛁᛋᛈᛖᚾᛋᚪᛒᛚᛖ,663
miscibility,393938,0,ᛗᛁᛋᚳᛁᛒᛁᛚᛁᛏᚣ,557
spaciousness,393321,0,ᛋᛈᚪᚳᛡᚢᛋᚾᛖᛋᛋ,571
muhammadans,393296,0,ᛗᚢᚻᚪᛗᛗᚪᛞᚪᚾᛋ,701
ramification,391918,0,ᚱᚪᛗᛁᚠᛁᚳᚪᛏᛡᚾ,548
infrequency,391907,0,ᛁᚾᚠᚱᛖᚳᚹᛖᚾᚳᚣ,384
nonpregnant,391691,0,ᚾᚩᚾᛈᚱᛖᚷᚾᚪᚾᛏ,417
serialization,391619,0,ᛋᛖᚱᛡᛚᛁᛋᚪᛏᛡᚾ,687
imprudently,390986,0,ᛁᛗᛈᚱᚢᛞᛖᚾᛏᛚᚣ,579
wastebasket,390695,0,ᚹᚪᛋᛏᛖᛒᚪᛋᚳᛖᛏ,645
oblanceolate,390302,0,ᚩᛒᛚᚪᚾᚳᛇᛚᚪᛏᛖ,617
yellowknife,390019,0,ᚣᛖᛚᛚᚩᚹᚳᚾᛁᚠᛖ,484
overstuffed,389927,0,ᚩᚢᛖᚱᛋᛏᚢᚠᚠᛖᛞ,363
reprocessed,389432,0,ᚱᛖᛈᚱᚩᚳᛖᛋᛋᛖᛞ,481
libertarians,389330,0,ᛚᛁᛒᛖᚱᛏᚪᚱᛡᚾᛋ,599
delightedly,389150,0,ᛞᛖᛚᛁᚷᚻᛏᛖᛞᛚᚣ,691
aftershocks,389134,0,ᚪᚠᛏᛖᚱᛋᚻᚩᚳᚳᛋ,398
uncorrupted,388978,0,ᚢᚾᚳᚩᚱᚱᚢᛈᛏᛖᛞ,335
pertinently,388912,0,ᛈᛖᚱᛏᛁᚾᛖᚾᛏᛚᚣ,571
honeycombed,388273,0,ᚻᚩᚾᛖᚣᚳᚩᛗᛒᛖᛞ,537
masquerades,387829,0,ᛗᚪᛋᚳᚹᛖᚱᚪᛞᛖᛋ,637
disentangled,387764,0,ᛞᛁᛋᛖᚾᛏᚪᛝᛚᛖᛞ,733
joblessness,387658,0,ᛂᚩᛒᛚᛖᛋᛋᚾᛖᛋᛋ,553
crestfallen,387047,0,ᚳᚱᛖᛋᛏᚠᚪᛚᛚᛖᚾ,544
masticatory,386990,0,ᛗᚪᛋᛏᛁᚳᚪᛏᚩᚱᚣ,601
subsequence,386832,0,ᛋᚢᛒᛋᛖᚳᚹᛖᚾᚳᛖ,445
expectorant,386336,0,ᛖᛉᛈᛖᚳᛏᚩᚱᚪᚾᛏ,499
perishables,386144,0,ᛈᛖᚱᛁᛋᚻᚪᛒᛚᛖᛋ,579
escarpments,386014,0,ᛖᛋᚳᚪᚱᛈᛗᛖᚾᛏᛋ,563
precipitant,385693,0,ᛈᚱᛖᚳᛁᛈᛁᛏᚪᚾᛏ,483
formalistic,385104,0,ᚠᚩᚱᛗᚪᛚᛁᛋᛏᛁᚳ,448
maturational,385011,0,ᛗᚪᛏᚢᚱᚪᛏᛡᚾᚪᛚ,703
consolatory,384547,0,ᚳᚩᚾᛋᚩᛚᚪᛏᚩᚱᚣ,459
supersession,383756,0,ᛋᚢᛈᛖᚱᛋᛖᛋᛋᛡᚾ,539
neurosurgeon,383491,0,ᚾᛖᚢᚱᚩᛋᚢᚱᚷᛇᚾ,271
oropharyngeal,383222,0,ᚩᚱᚩᛈᚻᚪᚱᚣᛝᛠᛚ,563
conviviality,382776,0,ᚳᚩᚾᚢᛁᚢᛡᛚᛁᛏᚣ,459
kitchenette,382679,0,ᚳᛁᛏᚳᚻᛖᚾᛖᛏᛏᛖ,487
janissaries,382468,0,ᛂᚪᚾᛁᛋᛋᚪᚱᛁᛖᛋ,559
utilitarians,381814,0,ᚢᛏᛁᛚᛁᛏᚪᚱᛡᚾᛋ,553
floodlights,381679,0,ᚠᛚᚩᚩᛞᛚᛁᚷᚻᛏᛋ,434
transuranic,381003,0,ᛏᚱᚪᚾᛋᚢᚱᚪᚾᛁᚳ,433
vituperation,380887,0,ᚢᛁᛏᚢᛈᛖᚱᚪᛏᛡᚾ,509
wintergreen,380742,0,ᚹᛁᚾᛏᛖᚱᚷᚱᛖᛖᚾ,407
antipyretic,380659,0,ᚪᚾᛏᛁᛈᚣᚱᛖᛏᛁᚳ,543
democratizing,380633,0,ᛞᛖᛗᚩᚳᚱᚪᛏᛁᛋᛝ,577
evolutionist,380490,0,ᛖᚢᚩᛚᚢᛏᛡᚾᛁᛋᛏ,491
telegrapher,380174,0,ᛏᛖᛚᛖᚷᚱᚪᛈᚻᛖᚱ,535
declamatory,380103,0,ᛞᛖᚳᛚᚪᛗᚪᛏᚩᚱᚣ,687
apollinaire,380089,0,ᚪᛈᚩᛚᛚᛁᚾᚪᛁᚱᛖ,559
calisthenics,380088,0,ᚳᚪᛚᛁᛋᚦᛖᚾᛁᚳᛋ,465
painkillers,379848,0,ᛈᚪᛁᚾᚳᛁᛚᛚᛖᚱᛋ,521
devaluations,379780,0,ᛞᛖᚢᚪᛚᚢᚪᛏᛡᚾᛋ,677
gymnosperms,379569,0,ᚷᚣᛗᚾᚩᛋᛈᛖᚱᛗᛋ,525
reactivities,379290,0,ᚱᛠᚳᛏᛁᚢᛁᛏᛁᛖᛋ,467
suppressors,379198,0,ᛋᚢᛈᛈᚱᛖᛋᛋᚩᚱᛋ,397
sidestepped,379026,0,ᛋᛁᛞᛖᛋᛏᛖᛈᛈᛖᛞ,661
penetrative,378736,0,ᛈᛖᚾᛖᛏᚱᚪᛏᛁᚢᛖ,533
assiniboine,378640,0,ᚪᛋᛋᛁᚾᛁᛒᚩᛁᚾᛖ,489
malleability,378581,0,ᛗᚪᛚᛚᛠᛒᛁᛚᛁᛏᚣ,781
maidservant,378042,0,ᛗᚪᛁᛞᛋᛖᚱᚢᚪᚾᛏ,607
traditionary,377719,0,ᛏᚱᚪᛞᛁᛏᛡᚾᚪᚱᚣ,693
uncountable,377398,0,ᚢᚾᚳᚩᚢᚾᛏᚪᛒᛚᛖ,441
actinomyces,377185,0,ᚪᚳᛏᛁᚾᚩᛗᚣᚳᛖᛋ,543
cheerleaders,377119,0,ᚳᚻᛖᛖᚱᛚᛠᛞᛖᚱᛋ,583
comparators,376802,0,ᚳᚩᛗᛈᚪᚱᚪᛏᚩᚱᛋ,469
creativeness,376746,0,ᚳᚱᛠᛏᛁᚢᛖᚾᛖᛋᛋ,495
nonsectarian,376106,0,ᚾᚩᚾᛋᛖᚳᛏᚪᚱᛡᚾ,501
agronomists,374888,0,ᚪᚷᚱᚩᚾᚩᛗᛁᛋᛏᛋ,435
altitudinal,374464,0,ᚪᛚᛏᛁᛏᚢᛞᛁᚾᚪᛚ,641
overshadows,374188,0,ᚩᚢᛖᚱᛋᚻᚪᛞᚩᚹᛋ,429
indulgently,373461,0,ᛁᚾᛞᚢᛚᚷᛖᚾᛏᛚᚣ,573
impeachments,373446,0,ᛁᛗᛈᛠᚳᚻᛗᛖᚾᛏᛋ,569
ironworkers,372946,0,ᛁᚱᚩᚾᚹᚩᚱᚳᛖᚱᛋ,259
assortments,372738,0,ᚪᛋᛋᚩᚱᛏᛗᛖᚾᛏᛋ,559
odoriferous,372628,0,ᚩᛞᚩᚱᛁᚠᛖᚱᚩᚢᛋ,288
collegiality,372539,0,ᚳᚩᛚᛚᛖᚷᛡᛚᛁᛏᚣ,623
departement,372456,0,ᛞᛖᛈᚪᚱᛏᛖᛗᛖᚾᛏ,659
trivialities,371881,0,ᛏᚱᛁᚢᛡᛚᛁᛏᛁᛖᛋ,525
effectuation,371503,0,ᛖᚠᚠᛖᚳᛏᚢᚪᛏᛡᚾ,505
anastomotic,371498,0,ᚪᚾᚪᛋᛏᚩᛗᚩᛏᛁᚳ,523
elizabethans,371431,0,ᛖᛚᛁᛋᚪᛒᛖᚦᚪᚾᛋ,633
catechumens,371305,0,ᚳᚪᛏᛖᚳᚻᚢᛗᛖᚾᛋ,495
unselfishly,371298,0,ᚢᚾᛋᛖᛚᚠᛁᛋᚻᛚᚣ,510
historicist,371119,0,ᚻᛁᛋᛏᚩᚱᛁᚳᛁᛋᛏ,371
renomination,370941,0,ᚱᛖᚾᚩᛗᛁᚾᚪᛏᛡᚾ,537
forwardness,370694,0,ᚠᚩᚱᚹᚪᚱᛞᚾᛖᛋᛋ,438
exoskeleton,370656,0,ᛖᛉᚩᛋᚳᛖᛚᛖᛏᚩᚾ,489
essentiality,370294,0,ᛖᛋᛋᛖᚾᛏᛡᛚᛁᛏᚣ,701
scientology,369768,0,ᛋᚳᛁᛖᚾᛏᚩᛚᚩᚷᚣ,459
amortisation,369572,0,ᚪᛗᚩᚱᛏᛁᛋᚪᛏᛡᚾ,621
peacefulness,369458,0,ᛈᛠᚳᛖᚠᚢᛚᚾᛖᛋᛋ,512
nationalisms,369078,0,ᚾᚪᛏᛡᚾᚪᛚᛁᛋᛗᛋ,699
monozygotic,369036,0,ᛗᚩᚾᚩᛋᚣᚷᚩᛏᛁᚳ,397
gastrostomy,369031,0,ᚷᚪᛋᛏᚱᚩᛋᛏᚩᛗᚣ,537
nonreligious,368983,0,ᚾᚩᚾᚱᛖᛚᛁᚷᛡᚢᛋ,427
nonsurgical,368922,0,ᚾᚩᚾᛋᚢᚱᚷᛁᚳᚪᛚ,363
synthesizers,368861,0,ᛋᚣᚾᚦᛖᛋᛁᛋᛖᚱᛋ,525
showmanship,368823,0,ᛋᚻᚩᚹᛗᚪᚾᛋᚻᛁᛈ,449
psychodrama,368683,0,ᛈᛋᚣᚳᚻᚩᛞᚱᚪᛗᚪ,607
pharmacopeia,368669,0,ᛈᚻᚪᚱᛗᚪᚳᚩᛈᛖᛡ,579
vernaculars,368348,0,ᚢᛖᚱᚾᚪᚳᚢᛚᚪᚱᛋ,457
alleghanies,368047,0,ᚪᛚᛚᛖᚷᚻᚪᚾᛁᛖᛋ,627
sexualities,367893,0,ᛋᛖᛉᚢᚪᛚᛁᛏᛁᛖᛋ,581
victoriously,367851,0,ᚢᛁᚳᛏᚩᚱᛡᚢᛋᛚᚣ,463
bulletproof,366979,0,ᛒᚢᛚᛚᛖᛏᛈᚱᚩᚩᚠ,406
sulfadiazine,366866,0,ᛋᚢᛚᚠᚪᛞᛡᛋᛁᚾᛖ,604
youthfulness,366570,0,ᚣᚩᚢᚦᚠᚢᛚᚾᛖᛋᛋ,398
infantryman,366529,0,ᛁᚾᚠᚪᚾᛏᚱᚣᛗᚪᚾ,558
cementitious,366483,0,ᚳᛖᛗᛖᚾᛏᛁᛏᛡᚢᛋ,559
boundedness,366286,0,ᛒᚩᚢᚾᛞᛖᛞᚾᛖᛋᛋ,547
alimentation,366216,0,ᚪᛚᛁᛗᛖᚾᛏᚪᛏᛡᚾ,719
suppository,366094,0,ᛋᚢᛈᛈᚩᛋᛁᛏᚩᚱᚣ,413
irresolution,364984,0,ᛁᚱᚱᛖᛋᚩᛚᚢᛏᛡᚾ,451
seductively,364739,0,ᛋᛖᛞᚢᚳᛏᛁᚢᛖᛚᚣ,561
demountable,364611,0,ᛞᛖᛗᚩᚢᚾᛏᚪᛒᛚᛖ,623
queensberry,364267,0,ᚳᚹᛖᛖᚾᛋᛒᛖᚱᚱᚣ,501
crematorium,364175,0,ᚳᚱᛖᛗᚪᛏᚩᚱᛁᚢᛗ,441
mineworkers,364153,0,ᛗᛁᚾᛖᚹᚩᚱᚳᛖᚱᛋ,379
flagellation,363871,0,ᚠᛚᚪᚷᛖᛚᛚᚪᛏᛡᚾ,694
rapporteurs,363250,0,ᚱᚪᛈᛈᚩᚱᛏᛖᚢᚱᛋ,405
incendiaries,362910,0,ᛁᚾᚳᛖᚾᛞᛡᚱᛁᛖᛋ,527
gastronomic,362642,0,ᚷᚪᛋᛏᚱᚩᚾᚩᛗᛁᚳ,395
eratosthenes,362331,0,ᛖᚱᚪᛏᚩᛋᚦᛖᚾᛖᛋ,515
milliamperes,362251,0,ᛗᛁᛚᛚᛡᛗᛈᛖᚱᛖᛋ,667
thermography,362002,0,ᚦᛖᚱᛗᚩᚷᚱᚪᛈᚻᚣ,455
gentlewomen,361390,0,ᚷᛖᚾᛏᛚᛖᚹᚩᛗᛖᚾ,505
skeptically,360985,0,ᛋᚳᛖᛈᛏᛁᚳᚪᛚᛚᚣ,625
pitchblende,360937,0,ᛈᛁᛏᚳᚻᛒᛚᛖᚾᛞᛖ,555
reassurances,360931,0,ᚱᛠᛋᛋᚢᚱᚪᚾᚳᛖᛋ,499
inductances,360519,0,ᛁᚾᛞᚢᚳᛏᚪᚾᚳᛖᛋ,483
upholsterer,359978,0,ᚢᛈᚻᚩᛚᛋᛏᛖᚱᛖᚱ,417
ipecacuanha,359406,0,ᛁᛈᛖᚳᚪᚳᚢᚪᚾᚻᚪ,513
declamations,359228,0,ᛞᛖᚳᛚᚪᛗᚪᛏᛡᚾᛋ,755
propinquity,358806,0,ᛈᚱᚩᛈᛁᚾᚳᚹᛁᛏᚣ,389
barbarities,358551,0,ᛒᚪᚱᛒᚪᚱᛁᛏᛁᛖᛋ,579
quarterdeck,357932,0,ᚳᚹᚪᚱᛏᛖᚱᛞᛖᚳᚳ,459
unexploited,357401,0,ᚢᚾᛖᛉᛈᛚᚩᛁᛏᛖᛞ,515
tuberculate,356840,0,ᛏᚢᛒᛖᚱᚳᚢᛚᚪᛏᛖ,513
misericordia,356560,0,ᛗᛁᛋᛖᚱᛁᚳᚩᚱᛞᛡ,491
prostituted,356482,0,ᛈᚱᚩᛋᛏᛁᛏᚢᛏᛖᛞ,481
cantaloupes,356419,0,ᚳᚪᚾᛏᚪᛚᚩᚢᛈᛖᛋ,541
ephemerides,356045,0,ᛖᛈᚻᛖᛗᛖᚱᛁᛞᛖᛋ,589
illuminance,355607,0,ᛁᛚᛚᚢᛗᛁᚾᚪᚾᚳᛖ,517
consumptions,355380,0,ᚳᚩᚾᛋᚢᛗᛈᛏᛡᚾᛋ,467
perceivable,355248,0,ᛈᛖᚱᚳᛖᛁᚢᚪᛒᛚᛖ,533
sectionalism,355215,0,ᛋᛖᚳᛏᛡᚾᚪᛚᛁᛋᛗ,653
benedictions,354832,0,ᛒᛖᚾᛖᛞᛁᚳᛏᛡᚾᛋ,605
viscountess,354790,0,ᚢᛁᛋᚳᚩᚢᚾᛏᛖᛋᛋ,371
devotedness,354765,0,ᛞᛖᚢᚩᛏᛖᛞᚾᛖᛋᛋ,583
interlopers,354559,0,ᛁᚾᛏᛖᚱᛚᚩᛈᛖᚱᛋ,451
austronesian,353950,0,ᚪᚢᛋᛏᚱᚩᚾᛖᛋᛡᚾ,515
disquietude,353843,0,ᛞᛁᛋᚳᚹᛁᛖᛏᚢᛞᛖ,521
quarantines,353790,0,ᚳᚹᚪᚱᚪᚾᛏᛁᚾᛖᛋ,505
globigerina,353676,0,ᚷᛚᚩᛒᛁᚷᛖᚱᛁᚾᚪ,441
medicinally,353071,0,ᛗᛖᛞᛁᚳᛁᚾᚪᛚᛚᚣ,677
azerbaijani,352913,0,ᚪᛋᛖᚱᛒᚪᛁᛂᚪᚾᛁ,611
dissentient,352604,0,ᛞᛁᛋᛋᛖᚾᛏᛁᛖᚾᛏ,567
trichinosis,352343,0,ᛏᚱᛁᚳᚻᛁᚾᚩᛋᛁᛋ,341
uncluttered,352104,0,ᚢᚾᚳᛚᚢᛏᛏᛖᚱᛖᛞ,473
empiricists,351679,0,ᛖᛗᛈᛁᚱᛁᚳᛁᛋᛏᛋ,463
prepubertal,351482,0,ᛈᚱᛖᛈᚢᛒᛖᚱᛏᚪᛚ,535
parochialism,351132,0,ᛈᚪᚱᚩᚳᚻᛡᛚᛁᛋᛗ,529
prolongations,350803,0,ᛈᚱᚩᛚᚩᛝᚪᛏᛡᚾᛋ,565
aristarchus,350151,0,ᚪᚱᛁᛋᛏᚪᚱᚳᚻᚢᛋ,451
frenchwoman,350059,0,ᚠᚱᛖᚾᚳᚻᚹᚩᛗᚪᚾ,368
timberlands,349977,0,ᛏᛁᛗᛒᛖᚱᛚᚪᚾᛞᛋ,641
meritocracy,349924,0,ᛗᛖᚱᛁᛏᚩᚳᚱᚪᚳᚣ,483
transcriber,349638,0,ᛏᚱᚪᚾᛋᚳᚱᛁᛒᛖᚱ,443
multivalent,348554,0,ᛗᚢᛚᛏᛁᚢᚪᛚᛖᚾᛏ,565
saxophonist,348265,0,ᛋᚪᛉᚩᛈᚻᚩᚾᛁᛋᛏ,449
countersunk,348003,0,ᚳᚩᚢᚾᛏᛖᚱᛋᚢᚾᚳ,287
disassemble,347834,0,ᛞᛁᛋᚪᛋᛋᛖᛗᛒᛚᛖ,715
macadamized,347702,0,ᛗᚪᚳᚪᛞᚪᛗᛁᛋᛖᛞ,775
fermentable,347317,0,ᚠᛖᚱᛗᛖᚾᛏᚪᛒᛚᛖ,604
resuspension,346908,0,ᚱᛖᛋᚢᛋᛈᛖᚾᛋᛡᚾ,515
blacklisted,346662,0,ᛒᛚᚪᚳᚳᛚᛁᛋᛏᛖᛞ,629
paleoecology,346616,0,ᛈᚪᛚᛇᛖᚳᚩᛚᚩᚷᚣ,541
neighbourly,346486,0,ᚾᛖᛁᚷᚻᛒᚩᚢᚱᛚᚣ,425
centrepiece,346444,0,ᚳᛖᚾᛏᚱᛖᛈᛁᛖᚳᛖ,467
propagators,346331,0,ᛈᚱᚩᛈᚪᚷᚪᛏᚩᚱᛋ,445
merchantman,346052,0,ᛗᛖᚱᚳᚻᚪᚾᛏᛗᚪᚾ,567
undecorated,345998,0,ᚢᚾᛞᛖᚳᚩᚱᚪᛏᛖᛞ,531
aromatherapy,345526,0,ᚪᚱᚩᛗᚪᚦᛖᚱᚪᛈᚣ,609
crystallise,344796,0,ᚳᚱᚣᛋᛏᚪᛚᛚᛁᛋᛖ,633
unabashedly,344720,0,ᚢᚾᚪᛒᚪᛋᚻᛖᛞᛚᚣ,695
albuminoids,344564,0,ᚪᛚᛒᚢᛗᛁᚾᚩᛁᛞᛋ,545
masterfully,344462,0,ᛗᚪᛋᛏᛖᚱᚠᚢᛚᛚᚣ,612
foregrounding,344165,0,ᚠᚩᚱᛖᚷᚱᚩᚢᚾᛞᛝ,322
balustrades,344133,0,ᛒᚪᛚᚢᛋᛏᚱᚪᛞᛖᛋ,663
neoplatonism,343734,0,ᚾᛇᛈᛚᚪᛏᚩᚾᛁᛋᛗ,533
preferments,343039,0,ᛈᚱᛖᚠᛖᚱᛗᛖᚾᛏᛋ,480
breadwinners,342729,0,ᛒᚱᛠᛞᚹᛁᚾᚾᛖᚱᛋ,509
photocathode,342676,0,ᛈᚻᚩᛏᚩᚳᚪᚦᚩᛞᛖ,417
internuclear,342133,0,ᛁᚾᛏᛖᚱᚾᚢᚳᛚᛠᚱ,435
ejaculations,341894,0,ᛖᛂᚪᚳᚢᛚᚪᛏᛡᚾᛋ,635
meretricious,341662,0,ᛗᛖᚱᛖᛏᚱᛁᚳᛡᚢᛋ,493
disparagingly,341566,0,ᛞᛁᛋᛈᚪᚱᚪᚷᛝᛚᚣ,693
testability,340605,0,ᛏᛖᛋᛏᚪᛒᛁᛚᛁᛏᚣ,693
uncertified,340040,0,ᚢᚾᚳᛖᚱᛏᛁᚠᛁᛖᛞ,402
pyrimidines,339885,0,ᛈᚣᚱᛁᛗᛁᛞᛁᚾᛖᛋ,559
equilibrate,339822,0,ᛖᚳᚹᛁᛚᛁᛒᚱᚪᛏᛖ,529
disconnects,339313,0,ᛞᛁᛋᚳᚩᚾᚾᛖᚳᛏᛋ,443
decelerated,339222,0,ᛞᛖᚳᛖᛚᛖᚱᚪᛏᛖᛞ,699
impersonating,338761,0,ᛁᛗᛈᛖᚱᛋᚩᚾᚪᛏᛝ,547
screenplays,338490,0,ᛋᚳᚱᛖᛖᚾᛈᛚᚪᚣᛋ,609
anaesthetized,338004,0,ᚪᚾᚫᛋᚦᛖᛏᛁᛋᛖᛞ,651
unmotivated,337987,0,ᚢᚾᛗᚩᛏᛁᚢᚪᛏᛖᛞ,515
sharecropping,337185,0,ᛋᚻᚪᚱᛖᚳᚱᚩᛈᛈᛝ,447
provenience,336802,0,ᛈᚱᚩᚢᛖᚾᛁᛖᚾᚳᛖ,367
proteinases,335520,0,ᛈᚱᚩᛏᛖᛁᚾᚪᛋᛖᛋ,517
endocardium,335453,0,ᛖᚾᛞᚩᚳᚪᚱᛞᛁᚢᛗ,507
orchestrating,333625,0,ᚩᚱᚳᚻᛖᛋᛏᚱᚪᛏᛝ,479
pickpockets,332856,0,ᛈᛁᚳᚳᛈᚩᚳᚳᛖᛏᛋ,355
repurchased,332684,0,ᚱᛖᛈᚢᚱᚳᚻᚪᛋᛖᛞ,477
describable,332576,0,ᛞᛖᛋᚳᚱᛁᛒᚪᛒᛚᛖ,623
medicolegal,332295,0,ᛗᛖᛞᛁᚳᚩᛚᛖᚷᚪᛚ,605
mentalities,332035,0,ᛗᛖᚾᛏᚪᛚᛁᛏᛁᛖᛋ,637
schismatics,331460,0,ᛋᚳᚻᛁᛋᛗᚪᛏᛁᚳᛋ,497
fenestration,331454,0,ᚠᛖᚾᛖᛋᛏᚱᚪᛏᛡᚾ,580
monarchists,331447,0,ᛗᚩᚾᚪᚱᚳᚻᛁᛋᛏᛋ,447
schwarzkopf,331376,0,ᛋᚳᚻᚹᚪᚱᛋᚳᚩᛈᚠ,334
originations,331264,0,ᚩᚱᛁᚷᛁᚾᚪᛏᛡᚾᛋ,471
pictographs,331021,0,ᛈᛁᚳᛏᚩᚷᚱᚪᛈᚻᛋ,397
ethnologists,330315,0,ᛖᚦᚾᚩᛚᚩᚷᛁᛋᛏᛋ,401
seamstresses,330174,0,ᛋᛠᛗᛋᛏᚱᛖᛋᛋᛖᛋ,649
electrotype,330012,0,ᛖᛚᛖᚳᛏᚱᚩᛏᚣᛈᛖ,569
pocketbooks,330009,0,ᛈᚩᚳᚳᛖᛏᛒᚩᚩᚳᛋ,343
dilapidation,329854,0,ᛞᛁᛚᚪᛈᛁᛞᚪᛏᛡᚾ,745
cordilleras,329679,0,ᚳᚩᚱᛞᛁᛚᛚᛖᚱᚪᛋ,525
schoolrooms,329385,0,ᛋᚳᚻᚩᚩᛚᚱᚩᚩᛗᛋ,325
agglutinating,329209,0,ᚪᚷᚷᛚᚢᛏᛁᚾᚪᛏᛝ,561
exportations,329162,0,ᛖᛉᛈᚩᚱᛏᚪᛏᛡᚾᛋ,579
excrescence,329105,0,ᛖᛉᚳᚱᛖᛋᚳᛖᚾᚳᛖ,447
bimetallism,328773,0,ᛒᛁᛗᛖᛏᚪᛚᛚᛁᛋᛗ,687
retrofitted,328729,0,ᚱᛖᛏᚱᚩᚠᛁᛏᛏᛖᛞ,462
protuberant,328458,0,ᛈᚱᚩᛏᚢᛒᛖᚱᚪᚾᛏ,447
subtractions,328285,0,ᛋᚢᛒᛏᚱᚪᚳᛏᛡᚾᛋ,545
spokeswoman,328048,0,ᛋᛈᚩᚳᛖᛋᚹᚩᛗᚪᚾ,459
realignments,327960,0,ᚱᛠᛚᛁᚷᚾᛗᛖᚾᛏᛋ,549
postorbital,327869,0,ᛈᚩᛋᛏᚩᚱᛒᛁᛏᚪᛚ,501
convolvulus,327793,0,ᚳᚩᚾᚢᚩᛚᚢᚢᛚᚢᛋ,267
decrepitude,327689,0,ᛞᛖᚳᚱᛖᛈᛁᛏᚢᛞᛖ,539
supremacist,327402,0,ᛋᚢᛈᚱᛖᛗᚪᚳᛁᛋᛏ,501
devastations,327265,0,ᛞᛖᚢᚪᛋᛏᚪᛏᛡᚾᛋ,713
sympathisers,326718,0,ᛋᚣᛗᛈᚪᚦᛁᛋᛖᚱᛋ,587
kinetically,326699,0,ᚳᛁᚾᛖᛏᛁᚳᚪᛚᛚᚣ,589
intercessor,326425,0,ᛁᚾᛏᛖᚱᚳᛖᛋᛋᚩᚱ,401
recessionary,325883,0,ᚱᛖᚳᛖᛋᛋᛡᚾᚪᚱᚣ,611
intertribal,325874,0,ᛁᚾᛏᛖᚱᛏᚱᛁᛒᚪᛚ,529
difficultly,325522,0,ᛞᛁᚠᚠᛁᚳᚢᛚᛏᛚᚣ,479
homozygotes,324889,0,ᚻᚩᛗᚩᛋᚣᚷᚩᛏᛖᛋ,467
envelopment,324832,0,ᛖᚾᚢᛖᛚᚩᛈᛗᛖᚾᛏ,515
aseptically,324815,0,ᚪᛋᛖᛈᛏᛁᚳᚪᛚᛚᚣ,709
windshields,324569,0,ᚹᛁᚾᛞᛋᚻᛁᛖᛚᛞᛋ,557
aggregative,324352,0,ᚪᚷᚷᚱᛖᚷᚪᛏᛁᚢᛖ,483
stereopticon,324187,0,ᛋᛏᛖᚱᛇᛈᛏᛁᚳᚩᚾ,413
prepossessing,324066,0,ᛈᚱᛖᛈᚩᛋᛋᛖᛋᛋᛝ,529
pamphleteer,323950,0,ᛈᚪᛗᛈᚻᛚᛖᛏᛖᛖᚱ,621
recalculate,323813,0,ᚱᛖᚳᚪᛚᚳᚢᛚᚪᛏᛖ,573
systematizing,323378,0,ᛋᚣᛋᛏᛖᛗᚪᛏᛁᛋᛝ,725
churchyards,323315,0,ᚳᚻᚢᚱᚳᚻᚣᚪᚱᛞᛋ,439
technocracy,323270,0,ᛏᛖᚳᚻᚾᚩᚳᚱᚪᚳᚣ,435
nanoseconds,323249,0,ᚾᚪᚾᚩᛋᛖᚳᚩᚾᛞᛋ,473
crankshafts,323208,0,ᚳᚱᚪᚾᚳᛋᚻᚪᚠᛏᛋ,450
repurchases,323016,0,ᚱᛖᛈᚢᚱᚳᚻᚪᛋᛖᛋ,441
syndicalist,322330,0,ᛋᚣᚾᛞᛁᚳᚪᛚᛁᛋᛏ,631
depolarized,322146,0,ᛞᛖᛈᚩᛚᚪᚱᛁᛋᛖᛞ,627
complaisant,321823,0,ᚳᚩᛗᛈᛚᚪᛁᛋᚪᚾᛏ,573
bloodhounds,321680,0,ᛒᛚᚩᚩᛞᚻᚩᚢᚾᛞᛋ,441
determinist,321486,0,ᛞᛖᛏᛖᚱᛗᛁᚾᛁᛋᛏ,567
disassociate,321441,0,ᛞᛁᛋᚪᛋᛋᚩᚳᛡᛏᛖ,629
unashamedly,320162,0,ᚢᚾᚪᛋᚻᚪᛗᛖᛞᛚᚣ,705
montenegrin,320137,0,ᛗᚩᚾᛏᛖᚾᛖᚷᚱᛁᚾ,417
maximisation,319860,0,ᛗᚪᛉᛁᛗᛁᛋᚪᛏᛡᚾ,693
pastureland,319823,0,ᛈᚪᛋᛏᚢᚱᛖᛚᚪᚾᛞ,621
canonically,319805,0,ᚳᚪᚾᚩᚾᛁᚳᚪᛚᛚᚣ,565
unalienable,319383,0,ᚢᚾᚪᛚᛁᛖᚾᚪᛒᛚᛖ,627
bountifully,319187,0,ᛒᚩᚢᚾᛏᛁᚠᚢᛚᛚᚣ,444
fountainhead,318978,0,ᚠᚩᚢᚾᛏᚪᛁᚾᚻᛠᛞ,478
plastically,318874,0,ᛈᛚᚪᛋᛏᛁᚳᚪᛚᛚᚣ,715
philoctetes,318838,0,ᛈᚻᛁᛚᚩᚳᛏᛖᛏᛖᛋ,495
schoolgirls,318627,0,ᛋᚳᚻᚩᚩᛚᚷᛁᚱᛚᛋ,361
frighteningly,318546,0,ᚠᚱᛁᚷᚻᛏᛖᚾᛝᛚᚣ,494
unpractical,318536,0,ᚢᚾᛈᚱᚪᚳᛏᛁᚳᚪᛚ,469
copperplate,318041,0,ᚳᚩᛈᛈᛖᚱᛈᛚᚪᛏᛖ,523
washerwoman,318037,0,ᚹᚪᛋᚻᛖᚱᚹᚩᛗᚪᚾ,493
transitioned,317899,0,ᛏᚱᚪᚾᛋᛁᛏᛡᚾᛖᛞ,631
contumacious,317797,0,ᚳᚩᚾᛏᚢᛗᚪᚳᛡᚢᛋ,455
hemopoietic,317109,0,ᚻᛖᛗᚩᛈᚩᛁᛖᛏᛁᚳ,419
unseasonably,316624,0,ᚢᚾᛋᛠᛋᚩᚾᚪᛒᛚᚣ,617
moneylender,316354,0,ᛗᚩᚾᛖᚣᛚᛖᚾᛞᛖᚱ,613
freelancers,315564,0,ᚠᚱᛖᛖᛚᚪᚾᚳᛖᚱᛋ,490
toothbrushes,315016,0,ᛏᚩᚩᚦᛒᚱᚢᛋᚻᛖᛋ,349
subprograms,314474,0,ᛋᚢᛒᛈᚱᚩᚷᚱᚪᛗᛋ,427
lieutenancy,314427,0,ᛚᛁᛖᚢᛏᛖᚾᚪᚾᚳᚣ,571
spectrogram,314145,0,ᛋᛈᛖᚳᛏᚱᚩᚷᚱᚪᛗ,449
stupefaction,313935,0,ᛋᛏᚢᛈᛖᚠᚪᚳᛏᛡᚾ,532
troglodytes,313255,0,ᛏᚱᚩᚷᛚᚩᛞᚣᛏᛖᛋ,545
forevermore,313224,0,ᚠᚩᚱᛖᚢᛖᚱᛗᚩᚱᛖ,324
minimisation,312919,0,ᛗᛁᚾᛁᛗᛁᛋᚪᛏᛡᚾ,609
choirmaster,312303,0,ᚳᚻᚩᛁᚱᛗᚪᛋᛏᛖᚱ,443
unflinchingly,312279,0,ᚢᚾᚠᛚᛁᚾᚳᚻᛝᛚᚣ,458
superficies,312277,0,ᛋᚢᛈᛖᚱᚠᛁᚳᛁᛖᛋ,374
chapultepec,312047,0,ᚳᚻᚪᛈᚢᛚᛏᛖᛈᛖᚳ,501
neurasthenic,311984,0,ᚾᛖᚢᚱᚪᛋᚦᛖᚾᛁᚳ,405
soliloquies,311542,0,ᛋᚩᛚᛁᛚᚩᚳᚹᛁᛖᛋ,427
classicists,311510,0,ᚳᛚᚪᛋᛋᛁᚳᛁᛋᛏᛋ,529
castellated,311339,0,ᚳᚪᛋᛏᛖᛚᛚᚪᛏᛖᛞ,747
conformists,311323,0,ᚳᚩᚾᚠᚩᚱᛗᛁᛋᛏᛋ,336
fascinations,310929,0,ᚠᚪᛋᚳᛁᚾᚪᛏᛡᚾᛋ,570
arborescent,310815,0,ᚪᚱᛒᚩᚱᛖᛋᚳᛖᚾᛏ,475
contestable,310401,0,ᚳᚩᚾᛏᛖᛋᛏᚪᛒᛚᛖ,585
ceremonially,310042,0,ᚳᛖᚱᛖᛗᚩᚾᛡᛚᛚᚣ,621
transoceanic,310011,0,ᛏᚱᚪᚾᛋᚩᚳᛠᚾᛁᚳ,451
enrichments,309835,0,ᛖᚾᚱᛁᚳᚻᛗᛖᚾᛏᛋ,453
stimulative,309501,0,ᛋᛏᛁᛗᚢᛚᚪᛏᛁᚢᛖ,547
obliterates,309421,0,ᚩᛒᛚᛁᛏᛖᚱᚪᛏᛖᛋ,585
brutalities,308641,0,ᛒᚱᚢᛏᚪᛚᛁᛏᛁᛖᛋ,545
monstrously,308385,0,ᛗᚩᚾᛋᛏᚱᚩᚢᛋᛚᚣ,469
backpackers,307756,0,ᛒᚪᚳᚳᛈᚪᚳᚳᛖᚱᛋ,481
provenances,307525,0,ᛈᚱᚩᚢᛖᚾᚪᚾᚳᛖᛋ,419
psychically,307494,0,ᛈᛋᚣᚳᚻᛁᚳᚪᛚᛚᚣ,625
cardholders,307115,0,ᚳᚪᚱᛞᚻᚩᛚᛞᛖᚱᛋ,533
supernormal,307079,0,ᛋᚢᛈᛖᚱᚾᚩᚱᛗᚪᛚ,465
anarchistic,306975,0,ᚪᚾᚪᚱᚳᚻᛁᛋᛏᛁᚳ,457
millwrights,306596,0,ᛗᛁᛚᛚᚹᚱᛁᚷᚻᛏᛋ,461
teleprinter,306585,0,ᛏᛖᛚᛖᛈᚱᛁᚾᛏᛖᚱ,517
sustainment,306484,0,ᛋᚢᛋᛏᚪᛁᚾᛗᛖᚾᛏ,551
bootstrapping,306441,0,ᛒᚩᚩᛏᛋᛏᚱᚪᛈᛈᛝ,519
schoolbooks,306347,0,ᛋᚳᚻᚩᚩᛚᛒᚩᚩᚳᛋ,317
chemistries,306343,0,ᚳᚻᛖᛗᛁᛋᛏᚱᛁᛖᛋ,479
affectations,306169,0,ᚪᚠᚠᛖᚳᛏᚪᛏᛡᚾᛋ,585
friendliest,306104,0,ᚠᚱᛁᛖᚾᛞᛚᛁᛖᛋᛏ,512
eviscerated,306079,0,ᛖᚢᛁᛋᚳᛖᚱᚪᛏᛖᛞ,557
collocations,305899,0,ᚳᚩᛚᛚᚩᚳᚪᛏᛡᚾᛋ,531
demoralised,305497,0,ᛞᛖᛗᚩᚱᚪᛚᛁᛋᛖᛞ,655
crossbreeding,305118,0,ᚳᚱᚩᛋᛋᛒᚱᛖᛖᛞᛝ,511
conjugations,304438,0,ᚳᚩᚾᛂᚢᚷᚪᛏᛡᚾᛋ,451
propitiatory,304223,0,ᛈᚱᚩᛈᛁᛏᛡᛏᚩᚱᚣ,481
forthrightly,304089,0,ᚠᚩᚱᚦᚱᛁᚷᚻᛏᛚᚣ,342
atheromatous,304055,0,ᚪᚦᛖᚱᚩᛗᚪᛏᚩᚢᛋ,477
brainwashed,303721,0,ᛒᚱᚪᛁᚾᚹᚪᛋᚻᛖᛞ,577
fomentations,303628,0,ᚠᚩᛗᛖᚾᛏᚪᛏᛡᚾᛋ,580
subterfuges,303215,0,ᛋᚢᛒᛏᛖᚱᚠᚢᚷᛖᛋ,396
hypothecated,302945,0,ᚻᚣᛈᚩᚦᛖᚳᚪᛏᛖᛞ,573
gynecomastia,302811,0,ᚷᚣᚾᛖᚳᚩᛗᚪᛋᛏᛡ,623
laminectomy,302735,0,ᛚᚪᛗᛁᚾᛖᚳᛏᚩᛗᚣ,621
trainmaster,302603,0,ᛏᚱᚪᛁᚾᛗᚪᛋᛏᛖᚱ,585
gastrulation,302246,0,ᚷᚪᛋᛏᚱᚢᛚᚪᛏᛡᚾ,605
insufflation,301666,0,ᛁᚾᛋᚢᚠᚠᛚᚪᛏᛡᚾ,485
acquittance,300701,0,ᚪᚳᚳᚹᛁᛏᛏᚪᚾᚳᛖ,497
autotrophic,300175,0,ᚪᚢᛏᚩᛏᚱᚩᛈᚻᛁᚳ,353
discussants,299712,0,ᛞᛁᛋᚳᚢᛋᛋᚪᚾᛏᛋ,533
octogenarian,299203,0,ᚩᚳᛏᚩᚷᛖᚾᚪᚱᛡᚾ,443
papilledema,298949,0,ᛈᚪᛈᛁᛚᛚᛖᛞᛖᛗᚪ,751
unsearchable,298905,0,ᚢᚾᛋᛠᚱᚳᚻᚪᛒᛚᛖ,539
carburettor,298735,0,ᚳᚪᚱᛒᚢᚱᛖᛏᛏᚩᚱ,399
antofagasta,298708,0,ᚪᚾᛏᚩᚠᚪᚷᚪᛋᛏᚪ,614
fruitlessly,298686,0,ᚠᚱᚢᛁᛏᛚᛖᛋᛋᛚᚣ,528
ontogenesis,298678,0,ᚩᚾᛏᚩᚷᛖᚾᛖᛋᛁᛋ,419
sophistical,298523,0,ᛋᚩᛈᚻᛁᛋᛏᛁᚳᚪᛚ,483
weierstrass,298274,0,ᚹᛖᛁᛖᚱᛋᛏᚱᚪᛋᛋ,521
consumerist,298223,0,ᚳᚩᚾᛋᚢᛗᛖᚱᛁᛋᛏ,397
barbarously,298200,0,ᛒᚪᚱᛒᚪᚱᚩᚢᛋᛚᚣ,577
convocations,297745,0,ᚳᚩᚾᚢᚩᚳᚪᛏᛡᚾᛋ,417
dorsiflexion,297692,0,ᛞᚩᚱᛋᛁᚠᛚᛖᛉᛡᚾ,516
inheritable,297549,0,ᛁᚾᚻᛖᚱᛁᛏᚪᛒᛚᛖ,549
reattachment,297119,0,ᚱᛠᛏᛏᚪᚳᚻᛗᛖᚾᛏ,597
premonitions,297062,0,ᛈᚱᛖᛗᚩᚾᛁᛏᛡᚾᛋ,507
articulator,297045,0,ᚪᚱᛏᛁᚳᚢᛚᚪᛏᚩᚱ,461
bashfulness,296947,0,ᛒᚪᛋᚻᚠᚢᛚᚾᛖᛋᛋ,514
disbandment,296659,0,ᛞᛁᛋᛒᚪᚾᛞᛗᛖᚾᛏ,675
flycatchers,296527,0,ᚠᛚᚣᚳᚪᛏᚳᚻᛖᚱᛋ,514
colorimetry,296482,0,ᚳᚩᛚᚩᚱᛁᛗᛖᛏᚱᚣ,453
redecorated,296405,0,ᚱᛖᛞᛖᚳᚩᚱᚪᛏᛖᛞ,577
vilification,296389,0,ᚢᛁᛚᛁᚠᛁᚳᚪᛏᛡᚾ,476
excruciatingly,296255,0,ᛖᛉᚳᚱᚢᚳᛡᛏᛝᛚᚣ,575
correctable,296217,0,ᚳᚩᚱᚱᛖᚳᛏᚪᛒᛚᛖ,479
affectivity,296036,0,ᚪᚠᚠᛖᚳᛏᛁᚢᛁᛏᚣ,467
unpropitious,295856,0,ᚢᚾᛈᚱᚩᛈᛁᛏᛡᚢᛋ,389
acidophilus,295851,0,ᚪᚳᛁᛞᚩᛈᚻᛁᛚᚢᛋ,463
coprocessor,295200,0,ᚳᚩᛈᚱᚩᚳᛖᛋᛋᚩᚱ,285
stateliness,295015,0,ᛋᛏᚪᛏᛖᛚᛁᚾᛖᛋᛋ,641
bannockburn,294789,0,ᛒᚪᚾᚾᚩᚳᚳᛒᚢᚱᚾ,353
noncitizens,294630,0,ᚾᚩᚾᚳᛁᛏᛁᛋᛖᚾᛋ,401
rotationally,294592,0,ᚱᚩᛏᚪᛏᛡᚾᚪᛚᛚᚣ,715
connotative,294534,0,ᚳᚩᚾᚾᚩᛏᚪᛏᛁᚢᛖ,401
impersonate,294284,0,ᛁᛗᛈᛖᚱᛋᚩᚾᚪᛏᛖ,535
chronograph,294171,0,ᚳᚻᚱᚩᚾᚩᚷᚱᚪᛈᚻ,281
distressingly,294133,0,ᛞᛁᛋᛏᚱᛖᛋᛋᛝᛚᚣ,671
modernistic,293833,0,ᛗᚩᛞᛖᚱᚾᛁᛋᛏᛁᚳ,461
freebooters,293399,0,ᚠᚱᛖᛖᛒᚩᚩᛏᛖᚱᛋ,412
regenerates,293295,0,ᚱᛖᚷᛖᚾᛖᚱᚪᛏᛖᛋ,545
interrelate,293116,0,ᛁᚾᛏᛖᚱᚱᛖᛚᚪᛏᛖ,571
attestations,293097,0,ᚪᛏᛏᛖᛋᛏᚪᛏᛡᚾᛋ,739
personifies,293014,0,ᛈᛖᚱᛋᚩᚾᛁᚠᛁᛖᛋ,394
bestsellers,292963,0,ᛒᛖᛋᛏᛋᛖᛚᛚᛖᚱᛋ,637
objectivism,292607,0,ᚩᛒᛂᛖᚳᛏᛁᚢᛁᛋᛗ,433
developable,292525,0,ᛞᛖᚢᛖᛚᚩᛈᚪᛒᛚᛖ,647
classifieds,292311,0,ᚳᛚᚪᛋᛋᛁᚠᛁᛖᛞᛋ,562
interbreeding,292187,0,ᛁᚾᛏᛖᚱᛒᚱᛖᛖᛞᛝ,571
disinterred,292122,0,ᛞᛁᛋᛁᚾᛏᛖᚱᚱᛖᛞ,537
icosahedral,291955,0,ᛁᚳᚩᛋᚪᚻᛖᛞᚱᚪᛚ,561
tradespeople,291934,0,ᛏᚱᚪᛞᛖᛋᛈᛇᛈᛚᛖ,643
corporeality,291723,0,ᚳᚩᚱᛈᚩᚱᛠᛚᛁᛏᚣ,467
nonphysical,291684,0,ᚾᚩᚾᛈᚻᚣᛋᛁᚳᚪᛚ,501
victuallers,291571,0,ᚢᛁᚳᛏᚢᚪᛚᛚᛖᚱᛋ,483
policymaker,291401,0,ᛈᚩᛚᛁᚳᚣᛗᚪᚳᛖᚱ,529
machineries,291368,0,ᛗᚪᚳᚻᛁᚾᛖᚱᛁᛖᛋ,493
phanerozoic,291336,0,ᛈᚻᚪᚾᛖᚱᚩᛋᚩᛁᚳ,381
whithersoever,291115,0,ᚹᚻᛁᚦᛖᚱᛋᛟᚢᛖᚱ,373
comportment,290624,0,ᚳᚩᛗᛈᚩᚱᛏᛗᛖᚾᛏ,437
pyroelectric,290523,0,ᛈᚣᚱᛟᛚᛖᚳᛏᚱᛁᚳ,507
stimulators,290513,0,ᛋᛏᛁᛗᚢᛚᚪᛏᚩᚱᛋ,517
geomagnetism,290435,0,ᚷᛇᛗᚪᚷᚾᛖᛏᛁᛋᛗ,553
ineluctable,290260,0,ᛁᚾᛖᛚᚢᚳᛏᚪᛒᛚᛖ,573
stereophonic,290198,0,ᛋᛏᛖᚱᛇᛈᚻᚩᚾᛁᚳ,377
trademarked,290039,0,ᛏᚱᚪᛞᛖᛗᚪᚱᚳᛖᛞ,671
simpliciter,289704,0,ᛋᛁᛗᛈᛚᛁᚳᛁᛏᛖᚱ,483
expansively,289691,0,ᛖᛉᛈᚪᚾᛋᛁᚢᛖᛚᚣ,613
needlepoint,289088,0,ᚾᛖᛖᛞᛚᛖᛈᚩᛁᚾᛏ,561
krasnoyarsk,288887,0,ᚳᚱᚪᛋᚾᚩᚣᚪᚱᛋᚳ,487
priestcraft,288815,0,ᛈᚱᛁᛖᛋᛏᚳᚱᚪᚠᛏ,446
blackmailed,288742,0,ᛒᛚᚪᚳᚳᛗᚪᛁᛚᛖᛞ,685
phototherapy,288594,0,ᛈᚻᚩᛏᚩᚦᛖᚱᚪᛈᚣ,465
racquetball,288579,0,ᚱᚪᚳᚳᚹᛖᛏᛒᚪᛚᛚ,583
declinations,288562,0,ᛞᛖᚳᛚᛁᚾᚪᛏᛡᚾᛋ,647
healthfulness,287997,0,ᚻᛠᛚᚦᚠᚢᛚᚾᛖᛋᛋ,490
reconnoitring,287983,0,ᚱᛖᚳᚩᚾᚾᚩᛁᛏᚱᛝ,343
materializes,287840,0,ᛗᚪᛏᛖᚱᛡᛚᛁᛋᛖᛋ,689
uninsulated,287645,0,ᚢᚾᛁᚾᛋᚢᛚᚪᛏᛖᛞ,533
enthronement,287542,0,ᛖᚾᚦᚱᚩᚾᛖᛗᛖᚾᛏ,441
complexioned,287390,0,ᚳᚩᛗᛈᛚᛖᛉᛡᚾᛖᛞ,613
trypanosome,287101,0,ᛏᚱᚣᛈᚪᚾᚩᛋᚩᛗᛖ,547
cantilevers,286567,0,ᚳᚪᚾᛏᛁᛚᛖᚢᛖᚱᛋ,503
shenanigans,286558,0,ᛋᚻᛖᚾᚪᚾᛁᚷᚪᚾᛋ,525
precedential,286554,0,ᛈᚱᛖᚳᛖᛞᛖᚾᛏᛡᛚ,625
reinspection,286537,0,ᚱᛖᛁᚾᛋᛈᛖᚳᛏᛡᚾ,509
testamentum,286286,0,ᛏᛖᛋᛏᚪᛗᛖᚾᛏᚢᛗ,635
enigmatical,285364,0,ᛖᚾᛁᚷᛗᚪᛏᛁᚳᚪᛚ,585
hamiltonians,285274,0,ᚻᚪᛗᛁᛚᛏᚩᚾᛡᚾᛋ,579
polytheistic,285270,0,ᛈᚩᛚᚣᚦᛖᛁᛋᛏᛁᚳ,485
apostleship,284934,0,ᚪᛈᚩᛋᛏᛚᛖᛋᚻᛁᛈ,549
defectively,284717,0,ᛞᛖᚠᛖᚳᛏᛁᚢᛖᛚᚣ,574
hypochondria,284415,0,ᚻᚣᛈᚩᚳᚻᚩᚾᛞᚱᛡ,455
assimilable,284070,0,ᚪᛋᛋᛁᛗᛁᛚᚪᛒᛚᛖ,707
pseudotsuga,283750,0,ᛈᛋᛖᚢᛞᚩᛏᛋᚢᚷᚪ,491
unawareness,283704,0,ᚢᚾᚪᚹᚪᚱᛖᚾᛖᛋᛋ,525
biogeographic,283645,0,ᛒᛡᚷᛇᚷᚱᚪᛈᚻᛁᚳ,461
soundlessly,283180,0,ᛋᚩᚢᚾᛞᛚᛖᛋᛋᛚᚣ,603
cephalopoda,283081,0,ᚳᛖᛈᚻᚪᛚᚩᛈᚩᛞᚪ,559
behaviorists,282617,0,ᛒᛖᚻᚪᚢᛡᚱᛁᛋᛏᛋ,565
hallucinating,282488,0,ᚻᚪᛚᛚᚢᚳᛁᚾᚪᛏᛝ,577
educationist,282472,0,ᛖᛞᚢᚳᚪᛏᛡᚾᛁᛋᛏ,607
subversives,282386,0,ᛋᚢᛒᚢᛖᚱᛋᛁᚢᛖᛋ,405
undecidable,282221,0,ᚢᚾᛞᛖᚳᛁᛞᚪᛒᛚᛖ,619
sacheverell,282162,0,ᛋᚪᚳᚻᛖᚢᛖᚱᛖᛚᛚ,547
reconfiguring,282087,0,ᚱᛖᚳᚩᚾᚠᛁᚷᚢᚱᛝ,270
conveyancer,280874,0,ᚳᚩᚾᚢᛖᚣᚪᚾᚳᛖᚱ,439
waywardness,280857,0,ᚹᚪᚣᚹᚪᚱᛞᚾᛖᛋᛋ,637
botanically,280563,0,ᛒᚩᛏᚪᚾᛁᚳᚪᛚᛚᚣ,643
storefronts,280458,0,ᛋᛏᚩᚱᛖᚠᚱᚩᚾᛏᛋ,358
lithographer,280388,0,ᛚᛁᚦᚩᚷᚱᚪᛈᚻᛖᚱ,385
shamanistic,280034,0,ᛋᚻᚪᛗᚪᚾᛁᛋᛏᛁᚳ,557
magisterium,280017,0,ᛗᚪᚷᛁᛋᛏᛖᚱᛁᚢᛗ,511
smokestacks,279282,0,ᛋᛗᚩᚳᛖᛋᛏᚪᚳᚳᛋ,499
martyrology,278995,0,ᛗᚪᚱᛏᚣᚱᚩᛚᚩᚷᚣ,559
habiliments,278885,0,ᚻᚪᛒᛁᛚᛁᛗᛖᚾᛏᛋ,595
reconnected,278404,0,ᚱᛖᚳᚩᚾᚾᛖᚳᛏᛖᛞ,451
grindstones,277954,0,ᚷᚱᛁᚾᛞᛋᛏᚩᚾᛖᛋ,445
corrigendum,277764,0,ᚳᚩᚱᚱᛁᚷᛖᚾᛞᚢᛗ,349
nicaraguans,277561,0,ᚾᛁᚳᚪᚱᚪᚷᚢᚪᚾᛋ,477
undefinable,277364,0,ᚢᚾᛞᛖᚠᛁᚾᚪᛒᛚᛖ,548
unremittingly,277005,0,ᚢᚾᚱᛖᛗᛁᛏᛏᛝᛚᚣ,585
promulgates,276918,0,ᛈᚱᚩᛗᚢᛚᚷᚪᛏᛖᛋ,501
analyticity,276801,0,ᚪᚾᚪᛚᚣᛏᛁᚳᛁᛏᚣ,695
diagnostician,276678,0,ᛞᛡᚷᚾᚩᛋᛏᛁᚳᛡᚾ,541
inclusively,276587,0,ᛁᚾᚳᛚᚢᛋᛁᚢᛖᛚᚣ,479
iridescence,276389,0,ᛁᚱᛁᛞᛖᛋᚳᛖᚾᚳᛖ,471
metalanguage,276188,0,ᛗᛖᛏᚪᛚᚪᛝᚢᚪᚷᛖ,727
necromancer,275803,0,ᚾᛖᚳᚱᚩᛗᚪᚾᚳᛖᚱ,415
disagreeably,275569,0,ᛞᛁᛋᚪᚷᚱᛖᛠᛒᛚᚣ,711
unassociated,275561,0,ᚢᚾᚪᛋᛋᚩᚳᛡᛏᛖᛞ,577
evolutionism,275553,0,ᛖᚢᚩᛚᚢᛏᛡᚾᛁᛋᛗ,503
stigmatised,275437,0,ᛋᛏᛁᚷᛗᚪᛏᛁᛋᛖᛞ,627
nonperforming,275171,0,ᚾᚩᚾᛈᛖᚱᚠᚩᚱᛗᛝ,356
vicissitude,275078,0,ᚢᛁᚳᛁᛋᛋᛁᛏᚢᛞᛖ,433
unsuspicious,274995,0,ᚢᚾᛋᚢᛋᛈᛁᚳᛡᚢᛋ,391
boilerplate,274926,0,ᛒᚩᛁᛚᛖᚱᛈᛚᚪᛏᛖ,589
leaseholders,274823,0,ᛚᛠᛋᛖᚻᚩᛚᛞᛖᚱᛋ,625
isochronous,274796,0,ᛁᛋᚩᚳᚻᚱᚩᚾᚩᚢᛋ,237
degradations,274693,0,ᛞᛖᚷᚱᚪᛞᚪᛏᛡᚾᛋ,715
declivities,274472,0,ᛞᛖᚳᛚᛁᚢᛁᛏᛁᛖᛋ,517
corporative,274330,0,ᚳᚩᚱᛈᚩᚱᚪᛏᛁᚢᛖ,349
metastasize,274196,0,ᛗᛖᛏᚪᛋᛏᚪᛋᛁᛋᛖ,707
panhellenic,274098,0,ᛈᚪᚾᚻᛖᛚᛚᛖᚾᛁᚳ,545
whimsically,273977,0,ᚹᚻᛁᛗᛋᛁᚳᚪᛚᛚᚣ,587
blastomeres,273720,0,ᛒᛚᚪᛋᛏᚩᛗᛖᚱᛖᛋ,619
taxonomists,273633,0,ᛏᚪᛉᚩᚾᚩᛗᛁᛋᛏᛋ,513
anemometers,273599,0,ᚪᚾᛖᛗᚩᛗᛖᛏᛖᚱᛋ,599
oligarchies,272879,0,ᚩᛚᛁᚷᚪᚱᚳᚻᛁᛖᛋ,423
appropriator,272852,0,ᚪᛈᛈᚱᚩᛈᚱᛡᛏᚩᚱ,439
understates,272592,0,ᚢᚾᛞᛖᚱᛋᛏᚪᛏᛖᛋ,587
distempered,272559,0,ᛞᛁᛋᛏᛖᛗᛈᛖᚱᛖᛞ,647
monopolised,272516,0,ᛗᚩᚾᚩᛈᚩᛚᛁᛋᛖᛞ,477
tobacconist,272423,0,ᛏᚩᛒᚪᚳᚳᚩᚾᛁᛋᛏ,429
humanization,272373,0,ᚻᚢᛗᚪᚾᛁᛋᚪᛏᛡᚾ,599
reconverted,272102,0,ᚱᛖᚳᚩᚾᚢᛖᚱᛏᛖᛞ,423
solvability,271416,0,ᛋᚩᛚᚢᚪᛒᛁᛚᛁᛏᚣ,591
foreignness,271406,0,ᚠᚩᚱᛖᛁᚷᚾᚾᛖᛋᛋ,366
popularised,271363,0,ᛈᚩᛈᚢᛚᚪᚱᛁᛋᛖᛞ,517
sporozoites,271356,0,ᛋᛈᚩᚱᚩᛋᚩᛁᛏᛖᛋ,391
similitudes,271227,0,ᛋᛁᛗᛁᛚᛁᛏᚢᛞᛖᛋ,561
suffragette,271127,0,ᛋᚢᚠᚠᚱᚪᚷᛖᛏᛏᛖ,437
watchmakers,271003,0,ᚹᚪᛏᚳᚻᛗᚪᚳᛖᚱᛋ,523
proselytism,270560,0,ᛈᚱᚩᛋᛖᛚᚣᛏᛁᛋᛗ,571
perseveringly,270314,0,ᛈᛖᚱᛋᛖᚢᛖᚱᛝᛚᚣ,577
algebraical,269799,0,ᚪᛚᚷᛖᛒᚱᚪᛁᚳᚪᛚ,637
incautiously,269699,0,ᛁᚾᚳᚪᚢᛏᛡᚢᛋᛚᚣ,571
surrealistic,269677,0,ᛋᚢᚱᚱᛠᛚᛁᛋᛏᛁᚳ,447
thermometric,269634,0,ᚦᛖᚱᛗᚩᛗᛖᛏᚱᛁᚳ,413
domesticate,269472,0,ᛞᚩᛗᛖᛋᛏᛁᚳᚪᛏᛖ,613
dreadnoughts,269268,0,ᛞᚱᛠᛞᚾᚩᚢᚷᚻᛏᛋ,489
duplicitous,268977,0,ᛞᚢᛈᛚᛁᚳᛁᛏᚩᚢᛋ,405
redeveloped,268947,0,ᚱᛖᛞᛖᚢᛖᛚᚩᛈᛖᛞ,583
laconically,268853,0,ᛚᚪᚳᚩᚾᛁᚳᚪᛚᛚᚣ,609
torticollis,267765,0,ᛏᚩᚱᛏᛁᚳᚩᛚᛚᛁᛋ,417
embarcadero,267556,0,ᛖᛗᛒᚪᚱᚳᚪᛞᛖᚱᚩ,591
alleghenies,267185,0,ᚪᛚᛚᛖᚷᚻᛖᚾᛁᛖᛋ,597
stickleback,266921,0,ᛋᛏᛁᚳᚳᛚᛖᛒᚪᚳᚳ,493
perchloride,266346,0,ᛈᛖᚱᚳᚻᛚᚩᚱᛁᛞᛖ,435
gullibility,266187,0,ᚷᚢᛚᛚᛁᛒᛁᛚᛁᛏᚣ,555
finalization,266107,0,ᚠᛁᚾᚪᛚᛁᛋᚪᛏᛡᚾ,608
altercations,265967,0,ᚪᛚᛏᛖᚱᚳᚪᛏᛡᚾᛋ,665
ameliorative,265921,0,ᚪᛗᛖᛚᛡᚱᚪᛏᛁᚢᛖ,683
parasitical,265776,0,ᛈᚪᚱᚪᛋᛁᛏᛁᚳᚪᛚ,605
cuirassiers,265613,0,ᚳᚢᛁᚱᚪᛋᛋᛁᛖᚱᛋ,423
fratricidal,265481,0,ᚠᚱᚪᛏᚱᛁᚳᛁᛞᚪᛚ,514
untarnished,265363,0,ᚢᚾᛏᚪᚱᚾᛁᛋᚻᛖᛞ,491
repercussion,265271,0,ᚱᛖᛈᛖᚱᚳᚢᛋᛋᛡᚾ,457
underhanded,265137,0,ᚢᚾᛞᛖᚱᚻᚪᚾᛞᛖᛞ,593
exponentials,265094,0,ᛖᛉᛈᚩᚾᛖᚾᛏᛡᛚᛋ,581
nephrotoxic,265073,0,ᚾᛖᛈᚻᚱᚩᛏᚩᛉᛁᚳ,337
democratize,265051,0,ᛞᛖᛗᚩᚳᚱᚪᛏᛁᛋᛖ,565
uncomplaining,264830,0,ᚢᚾᚳᚩᛗᛈᛚᚪᛁᚾᛝ,475
counterpane,264812,0,ᚳᚩᚢᚾᛏᛖᚱᛈᚪᚾᛖ,425
vocationally,264614,0,ᚢᚩᚳᚪᛏᛡᚾᚪᛚᛚᚣ,661
firstfruits,264564,0,ᚠᛁᚱᛋᛏᚠᚱᚢᛁᛏᛋ,315
filamentary,264374,0,ᚠᛁᛚᚪᛗᛖᚾᛏᚪᚱᚣ,640
mastoiditis,264134,0,ᛗᚪᛋᛏᚩᛁᛞᛁᛏᛁᛋ,581
emasculation,264059,0,ᛖᛗᚪᛋᚳᚢᛚᚪᛏᛡᚾ,669
policewoman,263926,0,ᛈᚩᛚᛁᚳᛖᚹᚩᛗᚪᚾ,457
countermand,263594,0,ᚳᚩᚢᚾᛏᛖᚱᛗᚪᚾᛞ,475
distressful,263553,0,ᛞᛁᛋᛏᚱᛖᛋᛋᚠᚢᛚ,494
unaddressed,263276,0,ᚢᚾᚪᛞᛞᚱᛖᛋᛋᛖᛞ,647
providences,263180,0,ᛈᚱᚩᚢᛁᛞᛖᚾᚳᛖᛋ,413
stockhausen,263047,0,ᛋᛏᚩᚳᚳᚻᚪᚢᛋᛖᚾ,417
deductively,262753,0,ᛞᛖᛞᚢᚳᛏᛁᚢᛖᛚᚣ,597
amortizable,262603,0,ᚪᛗᚩᚱᛏᛁᛋᚪᛒᛚᛖ,627
zoogeography,262127,0,ᛋᚩᚩᚷᛇᚷᚱᚪᛈᚻᚣ,419
pervasively,261879,0,ᛈᛖᚱᚢᚪᛋᛁᚢᛖᛚᚣ,551
polarimeter,261670,0,ᛈᚩᛚᚪᚱᛁᛗᛖᛏᛖᚱ,537
communiques,261489,0,ᚳᚩᛗᛗᚢᚾᛁᚳᚹᛖᛋ,377
thousandfold,261406,0,ᚦᚩᚢᛋᚪᚾᛞᚠᚩᛚᛞ,454
shrubberies,261188,0,ᛋᚻᚱᚢᛒᛒᛖᚱᛁᛖᛋ,441
psittacosis,261033,0,ᛈᛋᛁᛏᛏᚪᚳᚩᛋᛁᛋ,499
rapturously,260801,0,ᚱᚪᛈᛏᚢᚱᚩᚢᛋᛚᚣ,463
cellularity,260530,0,ᚳᛖᛚᛚᚢᛚᚪᚱᛁᛏᚣ,603
smallholdings,260473,0,ᛋᛗᚪᛚᛚᚻᚩᛚᛞᛝᛋ,691
bootleggers,260452,0,ᛒᚩᚩᛏᛚᛖᚷᚷᛖᚱᛋ,439
phonography,259684,0,ᛈᚻᚩᚾᚩᚷᚱᚪᛈᚻᚣ,403
maintainers,259513,0,ᛗᚪᛁᚾᛏᚪᛁᚾᛖᚱᛋ,575
metacarpals,259446,0,ᛗᛖᛏᚪᚳᚪᚱᛈᚪᛚᛋ,681
personalism,259440,0,ᛈᛖᚱᛋᚩᚾᚪᛚᛁᛋᛗ,535
ratiocination,259178,0,ᚱᚪᛏᛡᚳᛁᚾᚪᛏᛡᚾ,639
pertinacious,259105,0,ᛈᛖᚱᛏᛁᚾᚪᚳᛡᚢᛋ,513
frequenters,258865,0,ᚠᚱᛖᚳᚹᛖᚾᛏᛖᚱᛋ,398
distributer,258856,0,ᛞᛁᛋᛏᚱᛁᛒᚢᛏᛖᚱ,475
nostradamus,258821,0,ᚾᚩᛋᛏᚱᚪᛞᚪᛗᚢᛋ,569
fanatically,258576,0,ᚠᚪᚾᚪᛏᛁᚳᚪᛚᛚᚣ,674
reintroducing,258553,0,ᚱᛖᛁᚾᛏᚱᚩᛞᚢᚳᛝ,399
conveniency,258408,0,ᚳᚩᚾᚢᛖᚾᛁᛖᚾᚳᚣ,391
derailments,258295,0,ᛞᛖᚱᚪᛁᛚᛗᛖᚾᛏᛋ,647
secularists,258201,0,ᛋᛖᚳᚢᛚᚪᚱᛁᛋᛏᛋ,513
inaugurates,258146,0,ᛁᚾᚪᚢᚷᚢᚱᚪᛏᛖᛋ,467
marginalize,258069,0,ᛗᚪᚱᚷᛁᚾᚪᛚᛁᛋᛖ,577
legerdemain,257999,0,ᛚᛖᚷᛖᚱᛞᛖᛗᚪᛁᚾ,619
glasshouses,257739,0,ᚷᛚᚪᛋᛋᚻᚩᚢᛋᛖᛋ,499
effectivity,257495,0,ᛖᚠᚠᛖᚳᛏᛁᚢᛁᛏᚣ,437
inharmonious,257470,0,ᛁᚾᚻᚪᚱᛗᚩᚾᛡᚢᛋ,461
buttonholes,257363,0,ᛒᚢᛏᛏᚩᚾᚻᚩᛚᛖᛋ,441
medievalism,257322,0,ᛗᛖᛞᛁᛖᚢᚪᛚᛁᛋᛗ,653
filibustering,257074,0,ᚠᛁᛚᛁᛒᚢᛋᛏᛖᚱᛝ,470
cypripedium,256914,0,ᚳᚣᛈᚱᛁᛈᛖᛞᛁᚢᛗ,505
lubricators,256903,0,ᛚᚢᛒᚱᛁᚳᚪᛏᚩᚱᛋ,419
masterworks,256362,0,ᛗᚪᛋᛏᛖᚱᚹᚩᚱᚳᛋ,461
impoverishing,256286,0,ᛁᛗᛈᚩᚢᛖᚱᛁᛋᚻᛝ,419
pluralities,256059,0,ᛈᛚᚢᚱᚪᛚᛁᛏᛁᛖᛋ,541
prayerfully,256041,0,ᛈᚱᚪᚣᛖᚱᚠᚢᛚᛚᚣ,586
polariscope,255618,0,ᛈᚩᛚᚪᚱᛁᛋᚳᚩᛈᛖ,445
metatarsals,255603,0,ᛗᛖᛏᚪᛏᚪᚱᛋᚪᛚᛋ,737
semiprecious,255473,0,ᛋᛖᛗᛁᛈᚱᛖᚳᛡᚢᛋ,519
canalization,255416,0,ᚳᚪᚾᚪᛚᛁᛋᚪᛏᛡᚾ,685
mellifluous,255333,0,ᛗᛖᛚᛚᛁᚠᛚᚢᚩᚢᛋ,456
dehumanized,255330,0,ᛞᛖᚻᚢᛗᚪᚾᛁᛋᛖᛞ,619
dissonances,255123,0,ᛞᛁᛋᛋᚩᚾᚪᚾᚳᛖᛋ,521
clericalism,254930,0,ᚳᛚᛖᚱᛁᚳᚪᛚᛁᛋᛗ,533
tremulously,254921,0,ᛏᚱᛖᛗᚢᛚᚩᚢᛋᛚᚣ,523
attenuators,254887,0,ᚪᛏᛏᛖᚾᚢᚪᛏᚩᚱᛋ,541
topographer,254708,0,ᛏᚩᛈᚩᚷᚱᚪᛈᚻᛖᚱ,385
annihilates,254497,0,ᚪᚾᚾᛁᚻᛁᛚᚪᛏᛖᛋ,589
anesthetists,254463,0,ᚪᚾᛖᛋᚦᛖᛏᛁᛋᛏᛋ,573
unexhausted,253599,0,ᚢᚾᛖᛉᚻᚪᚢᛋᛏᛖᛞ,537
recuperated,253260,0,ᚱᛖᚳᚢᛈᛖᚱᚪᛏᛖᛞ,527
thermosphere,253063,0,ᚦᛖᚱᛗᚩᛋᛈᚻᛖᚱᛖ,425
archduchess,252769,0,ᚪᚱᚳᚻᛞᚢᚳᚻᛖᛋᛋ,445
anticyclone,252747,0,ᚪᚾᛏᛁᚳᚣᚳᛚᚩᚾᛖ,521
massiveness,252500,0,ᛗᚪᛋᛋᛁᚢᛖᚾᛖᛋᛋ,577
landlordism,252366,0,ᛚᚪᚾᛞᛚᚩᚱᛞᛁᛋᛗ,623
mistrustful,252299,0,ᛗᛁᛋᛏᚱᚢᛋᛏᚠᚢᛚ,418
underclothes,252140,0,ᚢᚾᛞᛖᚱᚳᛚᚩᚦᛖᛋ,417
taxidermist,252106,0,ᛏᚪᛉᛁᛞᛖᚱᛗᛁᛋᛏ,615
defalcations,252050,0,ᛞᛖᚠᚪᛚᚳᚪᛏᛡᚾᛋ,686
unbridgeable,251956,0,ᚢᚾᛒᚱᛁᛞᚷᛠᛒᛚᛖ,551
isocyanates,251540,0,ᛁᛋᚩᚳᚣᚪᚾᚪᛏᛖᛋ,609
hydrosphere,251201,0,ᚻᚣᛞᚱᚩᛋᛈᚻᛖᚱᛖ,497
nonclinical,251177,0,ᚾᚩᚾᚳᛚᛁᚾᛁᚳᚪᛚ,425
occultations,251047,0,ᚩᚳᚳᚢᛚᛏᚪᛏᛡᚾᛋ,513
subdominant,251014,0,ᛋᚢᛒᛞᚩᛗᛁᚾᚪᚾᛏ,529
freethinkers,250980,0,ᚠᚱᛖᛖᚦᛁᚾᚳᛖᚱᛋ,356
immobilised,250976,0,ᛁᛗᛗᚩᛒᛁᛚᛁᛋᛖᛞ,585
reconnoiter,250433,0,ᚱᛖᚳᚩᚾᚾᚩᛁᛏᛖᚱ,331
impassively,250407,0,ᛁᛗᛈᚪᛋᛋᛁᚢᛖᛚᚣ,625
resubmission,250361,0,ᚱᛖᛋᚢᛒᛗᛁᛋᛋᛡᚾ,539
caparisoned,249873,0,ᚳᚪᛈᚪᚱᛁᛋᚩᚾᛖᛞ,537
praseodymium,249869,0,ᛈᚱᚪᛋᛇᛞᚣᛗᛁᚢᛗ,613
meromorphic,249864,0,ᛗᛖᚱᚩᛗᚩᚱᛈᚻᛁᚳ,355
bloodstains,249810,0,ᛒᛚᚩᚩᛞᛋᛏᚪᛁᚾᛋ,559
preventives,249703,0,ᛈᚱᛖᚢᛖᚾᛏᛁᚢᛖᛋ,433
acquiescent,249157,0,ᚪᚳᚳᚹᛁᛖᛋᚳᛖᚾᛏ,461
devastatingly,248899,0,ᛞᛖᚢᚪᛋᛏᚪᛏᛝᛚᚣ,779
overbalance,248670,0,ᚩᚢᛖᚱᛒᚪᛚᚪᚾᚳᛖ,525
craftspeople,248393,0,ᚳᚱᚪᚠᛏᛋᛈᛇᛈᛚᛖ,502
fundraisers,248368,0,ᚠᚢᚾᛞᚱᚪᛁᛋᛖᚱᛋ,446
hooliganism,248254,0,ᚻᚩᚩᛚᛁᚷᚪᚾᛁᛋᛗ,439
intellection,248154,0,ᛁᚾᛏᛖᛚᛚᛖᚳᛏᛡᚾ,607
conventicle,248093,0,ᚳᚩᚾᚢᛖᚾᛏᛁᚳᛚᛖ,391
determinacy,247737,0,ᛞᛖᛏᛖᚱᛗᛁᚾᚪᚳᚣ,637
sterilizers,247591,0,ᛋᛏᛖᚱᛁᛚᛁᛋᛖᚱᛋ,509
resentfully,247408,0,ᚱᛖᛋᛖᚾᛏᚠᚢᛚᛚᚣ,540
somersaults,247347,0,ᛋᚩᛗᛖᚱᛋᚪᚢᛚᛏᛋ,547
equilibrating,246990,0,ᛖᚳᚹᛁᛚᛁᛒᚱᚪᛏᛝ,541
footballers,246857,0,ᚠᚩᚩᛏᛒᚪᛚᛚᛖᚱᛋ,510
stonemasons,246239,0,ᛋᛏᚩᚾᛖᛗᚪᛋᚩᚾᛋ,525
exhaustible,246061,0,ᛖᛉᚻᚪᚢᛋᛏᛁᛒᛚᛖ,581
reproducers,245949,0,ᚱᛖᛈᚱᚩᛞᚢᚳᛖᚱᛋ,375
overwritten,245903,0,ᚩᚢᛖᚱᚹᚱᛁᛏᛏᛖᚾ,363
voyeuristic,245711,0,ᚢᚩᚣᛖᚢᚱᛁᛋᛏᛁᚳ,381
oncologists,245565,0,ᚩᚾᚳᚩᛚᚩᚷᛁᛋᛏᛋ,349
retrocession,245560,0,ᚱᛖᛏᚱᚩᚳᛖᛋᛋᛡᚾ,477
extroverted,245145,0,ᛖᛉᛏᚱᚩᚢᛖᚱᛏᛖᛞ,487
standardise,244731,0,ᛋᛏᚪᚾᛞᚪᚱᛞᛁᛋᛖ,675
reconquered,244634,0,ᚱᛖᚳᚩᚾᚳᚹᛖᚱᛖᛞ,393
reacquisition,244119,0,ᚱᛠᚳᚳᚹᛁᛋᛁᛏᛡᚾ,475
accretionary,244091,0,ᚪᚳᚳᚱᛖᛏᛡᚾᚪᚱᚣ,607
unfermented,244034,0,ᚢᚾᚠᛖᚱᛗᛖᚾᛏᛖᛞ,494
uncivilised,243976,0,ᚢᚾᚳᛁᚢᛁᛚᛁᛋᛖᛞ,423
meistersinger,243788,0,ᛗᛖᛁᛋᛏᛖᚱᛋᛝᛖᚱ,569
cytokinesis,243713,0,ᚳᚣᛏᚩᚳᛁᚾᛖᛋᛁᛋ,459
photometers,243646,0,ᛈᚻᚩᛏᚩᛗᛖᛏᛖᚱᛋ,467
boilermaker,243174,0,ᛒᚩᛁᛚᛖᚱᛗᚪᚳᛖᚱ,509
devitalized,242756,0,ᛞᛖᚢᛁᛏᚪᛚᛁᛋᛖᛞ,659
bremerhaven,242204,0,ᛒᚱᛖᛗᛖᚱᚻᚪᚢᛖᚾ,507
iconoclasts,242101,0,ᛁᚳᚩᚾᚩᚳᛚᚪᛋᛏᛋ,435
lymphangitis,242029,0,ᛚᚣᛗᛈᚻᚪᛝᛁᛏᛁᛋ,663
orthogonally,241763,0,ᚩᚱᚦᚩᚷᚩᚾᚪᛚᛚᚣ,429
dissolutions,241289,0,ᛞᛁᛋᛋᚩᛚᚢᛏᛡᚾᛋ,557
papermakers,241277,0,ᛈᚪᛈᛖᚱᛗᚪᚳᛖᚱᛋ,573
tranquilizing,241205,0,ᛏᚱᚪᚾᚳᚹᛁᛚᛁᛋᛝ,495
animalcules,241061,0,ᚪᚾᛁᛗᚪᛚᚳᚢᛚᛖᛋ,607
exhaustless,241007,0,ᛖᛉᚻᚪᚢᛋᛏᛚᛖᛋᛋ,595
apostrophes,240319,0,ᚪᛈᚩᛋᛏᚱᚩᛈᚻᛖᛋ,463
toxicologic,239955,0,ᛏᚩᛉᛁᚳᚩᛚᚩᚷᛁᚳ,305
cotemporary,239676,0,ᚳᚩᛏᛖᛗᛈᚩᚱᚪᚱᚣ,489
fluorination,239534,0,ᚠᛚᚢᚩᚱᛁᚾᚪᛏᛡᚾ,448
anterograde,239007,0,ᚪᚾᛏᛖᚱᚩᚷᚱᚪᛞᛖ,551
fluoridated,238346,0,ᚠᛚᚢᚩᚱᛁᛞᚪᛏᛖᛞ,528
purchasable,238322,0,ᛈᚢᚱᚳᚻᚪᛋᚪᛒᛚᛖ,541
timekeepers,238050,0,ᛏᛁᛗᛖᚳᛖᛖᛈᛖᚱᛋ,549
disappoints,238034,0,ᛞᛁᛋᚪᛈᛈᚩᛁᚾᛏᛋ,535
parathyroids,237788,0,ᛈᚪᚱᚪᚦᚣᚱᚩᛁᛞᛋ,547
haberdasher,237785,0,ᚻᚪᛒᛖᚱᛞᚪᛋᚻᛖᚱ,599
seismically,237747,0,ᛋᛖᛁᛋᛗᛁᚳᚪᛚᛚᚣ,665
geophysicist,237586,0,ᚷᛇᛈᚻᚣᛋᛁᚳᛁᛋᛏ,467
resiliently,237477,0,ᚱᛖᛋᛁᛚᛁᛖᚾᛏᛚᚣ,597
arbitrament,237353,0,ᚪᚱᛒᛁᛏᚱᚪᛗᛖᚾᛏ,593
firecracker,236901,0,ᚠᛁᚱᛖᚳᚱᚪᚳᚳᛖᚱ,336
primitively,236721,0,ᛈᚱᛁᛗᛁᛏᛁᚢᛖᛚᚣ,523
agglutinate,236674,0,ᚪᚷᚷᛚᚢᛏᛁᚾᚪᛏᛖ,549
audiologists,236603,0,ᚪᚢᛞᛡᛚᚩᚷᛁᛋᛏᛋ,589
laryngectomy,236276,0,ᛚᚪᚱᚣᛝᛖᚳᛏᚩᛗᚣ,683
cryptically,236273,1,ᚳᚱᚣᛈᛏᛁᚳᚪᛚᛚᚣ,619
destructions,236011,0,ᛞᛖᛋᛏᚱᚢᚳᛏᛡᚾᛋ,543
bicentenary,235915,0,ᛒᛁᚳᛖᚾᛏᛖᚾᚪᚱᚣ,567
chieftaincy,235834,0,ᚳᚻᛁᛖᚠᛏᚪᛁᚾᚳᚣ,468
didacticism,235646,0,ᛞᛁᛞᚪᚳᛏᛁᚳᛁᛋᛗ,577
microcosmic,235582,0,ᛗᛁᚳᚱᚩᚳᚩᛋᛗᛁᚳ,321
scattergood,235570,0,ᛋᚳᚪᛏᛏᛖᚱᚷᚩᚩᛞ,479
guillotined,235455,0,ᚷᚢᛁᛚᛚᚩᛏᛁᚾᛖᛞ,479
rotogravure,235071,0,ᚱᚩᛏᚩᚷᚱᚪᚢᚢᚱᛖ,293
extroversion,235039,0,ᛖᛉᛏᚱᚩᚢᛖᚱᛋᛡᚾ,461
revivalists,234998,0,ᚱᛖᚢᛁᚢᚪᛚᛁᛋᛏᛋ,481
decerebrate,234865,0,ᛞᛖᚳᛖᚱᛖᛒᚱᚪᛏᛖ,609
plainclothes,234817,0,ᛈᛚᚪᛁᚾᚳᛚᚩᚦᛖᛋ,491
matriculate,234743,0,ᛗᚪᛏᚱᛁᚳᚢᛚᚪᛏᛖ,581
subharmonic,234342,0,ᛋᚢᛒᚻᚪᚱᛗᚩᚾᛁᚳ,399
intellectus,234247,0,ᛁᚾᛏᛖᛚᛚᛖᚳᛏᚢᛋ,527
ascomycetes,233887,0,ᚪᛋᚳᚩᛗᚣᚳᛖᛏᛖᛋ,603
afterburner,233865,0,ᚪᚠᛏᛖᚱᛒᚢᚱᚾᛖᚱ,418
smokescreen,233779,0,ᛋᛗᚩᚳᛖᛋᚳᚱᛖᛖᚾ,451
steelmakers,233699,0,ᛋᛏᛖᛖᛚᛗᚪᚳᛖᚱᛋ,631
conurbations,233524,0,ᚳᚩᚾᚢᚱᛒᚪᛏᛡᚾᛋ,469
compellable,233487,0,ᚳᚩᛗᛈᛖᛚᛚᚪᛒᛚᛖ,645
sensitizers,233449,0,ᛋᛖᚾᛋᛁᛏᛁᛋᛖᚱᛋ,507
noncriminal,233448,0,ᚾᚩᚾᚳᚱᛁᛗᛁᚾᚪᛚ,421
retroversion,233311,0,ᚱᛖᛏᚱᚩᚢᛖᚱᛋᛡᚾ,425
molecularly,233279,0,ᛗᚩᛚᛖᚳᚢᛚᚪᚱᛚᚣ,591
hyperthyroid,232851,0,ᚻᚣᛈᛖᚱᚦᚣᚱᚩᛁᛞ,493
euphemistic,232767,0,ᛖᚢᛈᚻᛖᛗᛁᛋᛏᛁᚳ,461
autographic,232428,0,ᚪᚢᛏᚩᚷᚱᚪᛈᚻᛁᚳ,401
diplococcus,232418,0,ᛞᛁᛈᛚᚩᚳᚩᚳᚳᚢᛋ,345
paraldehyde,231885,0,ᛈᚪᚱᚪᛚᛞᛖᚻᚣᛞᛖ,759
smorgasbord,231553,0,ᛋᛗᚩᚱᚷᚪᛋᛒᚩᚱᛞ,477
deceitfully,231204,0,ᛞᛖᚳᛖᛁᛏᚠᚢᛚᛚᚣ,580
intermeddle,230369,0,ᛁᚾᛏᛖᚱᛗᛖᛞᛞᛚᛖ,653
hyperesthesia,230360,0,ᚻᚣᛈᛖᚱᛖᛋᚦᛖᛋᛡ,599
profaneness,229905,0,ᛈᚱᚩᚠᚪᚾᛖᚾᛖᛋᛋ,458
nonpersonal,229802,0,ᚾᚩᚾᛈᛖᚱᛋᚩᚾᚪᛚ,445
mesenteries,229599,0,ᛗᛖᛋᛖᚾᛏᛖᚱᛁᛖᛋ,575
irrelevancy,229548,0,ᛁᚱᚱᛖᛚᛖᚢᚪᚾᚳᚣ,505
reintegrate,229278,0,ᚱᛖᛁᚾᛏᛖᚷᚱᚪᛏᛖ,515
vertiginous,229069,0,ᚢᛖᚱᛏᛁᚷᛁᚾᚩᚢᛋ,311
amenability,228835,0,ᚪᛗᛖᚾᚪᛒᛁᛚᛁᛏᚣ,719
correctives,228702,0,ᚳᚩᚱᚱᛖᚳᛏᛁᚢᛖᛋ,335
condescends,228651,0,ᚳᚩᚾᛞᛖᛋᚳᛖᚾᛞᛋ,509
immortalize,228577,0,ᛁᛗᛗᚩᚱᛏᚪᛚᛁᛋᛖ,571
kitchenware,228293,0,ᚳᛁᛏᚳᚻᛖᚾᚹᚪᚱᛖ,429
billionaires,228104,0,ᛒᛁᛚᛚᛡᚾᚪᛁᚱᛖᛋ,633
salvadorans,228069,0,ᛋᚪᛚᚢᚪᛞᚩᚱᚪᚾᛋ,609
bacchanalian,228016,0,ᛒᚪᚳᚳᚻᚪᚾᚪᛚᛡᚾ,639
cholesterin,227898,0,ᚳᚻᚩᛚᛖᛋᛏᛖᚱᛁᚾ,433
foreordained,227730,0,ᚠᚩᚱᛇᚱᛞᚪᛁᚾᛖᛞ,474
roundabouts,227725,0,ᚱᚩᚢᚾᛞᚪᛒᚩᚢᛏᛋ,419
cosmologies,227701,0,ᚳᚩᛋᛗᚩᛚᚩᚷᛁᛖᛋ,399
circulators,227542,0,ᚳᛁᚱᚳᚢᛚᚪᛏᚩᚱᛋ,371
preciousness,227506,0,ᛈᚱᛖᚳᛡᚢᛋᚾᛖᛋᛋ,499
saintliness,227490,0,ᛋᚪᛁᚾᛏᛚᛁᚾᛖᛋᛋ,575
diffuseness,227290,0,ᛞᛁᚠᚠᚢᛋᛖᚾᛖᛋᛋ,449
ploughshare,227180,0,ᛈᛚᚩᚢᚷᚻᛋᚻᚪᚱᛖ,417
crystallising,227106,0,ᚳᚱᚣᛋᛏᚪᛚᛚᛁᛋᛝ,645
adulterants,226733,0,ᚪᛞᚢᛚᛏᛖᚱᚪᚾᛏᛋ,637
revaluations,226544,0,ᚱᛖᚢᚪᛚᚢᚪᛏᛡᚾᛋ,599
nonconducting,226200,0,ᚾᚩᚾᚳᚩᚾᛞᚢᚳᛏᛝ,357
monetization,226128,0,ᛗᚩᚾᛖᛏᛁᛋᚪᛏᛡᚾ,609
noncritical,225904,0,ᚾᚩᚾᚳᚱᛁᛏᛁᚳᚪᛚ,393
lactalbumin,225857,0,ᛚᚪᚳᛏᚪᛚᛒᚢᛗᛁᚾ,607
microspores,225835,0,ᛗᛁᚳᚱᚩᛋᛈᚩᚱᛖᛋ,367
filibusters,225832,0,ᚠᛁᛚᛁᛒᚢᛋᛏᛖᚱᛋ,444
epicureanism,225721,0,ᛖᛈᛁᚳᚢᚱᛠᚾᛁᛋᛗ,461
haemorrhoids,225486,0,ᚻᚫᛗᚩᚱᚱᚻᚩᛁᛞᛋ,427
disjunctions,224940,0,ᛞᛁᛋᛂᚢᚾᚳᛏᛡᚾᛋ,503
osteological,224513,0,ᚩᛋᛏᛇᛚᚩᚷᛁᚳᚪᛚ,471
likelihoods,224480,0,ᛚᛁᚳᛖᛚᛁᚻᚩᚩᛞᛋ,467
recurrently,224379,0,ᚱᛖᚳᚢᚱᚱᛖᚾᛏᛚᚣ,447
recidivists,224307,0,ᚱᛖᚳᛁᛞᛁᚢᛁᛋᛏᛋ,441
decongestant,224279,0,ᛞᛖᚳᚩᛝᛖᛋᛏᚪᚾᛏ,619
sanatoriums,224270,0,ᛋᚪᚾᚪᛏᚩᚱᛁᚢᛗᛋ,511
accidentals,223946,0,ᚪᚳᚳᛁᛞᛖᚾᛏᚪᛚᛋ,621
dentifrices,223864,0,ᛞᛖᚾᛏᛁᚠᚱᛁᚳᛖᛋ,452
grandmaster,223646,0,ᚷᚱᚪᚾᛞᛗᚪᛋᛏᛖᚱ,601
collimators,223512,0,ᚳᚩᛚᛚᛁᛗᚪᛏᚩᚱᛋ,495
paramountcy,223389,0,ᛈᚪᚱᚪᛗᚩᚢᚾᛏᚳᚣ,533
ancillaries,223361,0,ᚪᚾᚳᛁᛚᛚᚪᚱᛁᛖᛋ,575
physicalism,223306,0,ᛈᚻᚣᛋᛁᚳᚪᛚᛁᛋᛗ,591
desegregate,223265,0,ᛞᛖᛋᛖᚷᚱᛖᚷᚪᛏᛖ,611
disassembling,223086,0,ᛞᛁᛋᚪᛋᛋᛖᛗᛒᛚᛝ,727
communality,222976,0,ᚳᚩᛗᛗᚢᚾᚪᛚᛁᛏᚣ,557
tantalizingly,222825,0,ᛏᚪᚾᛏᚪᛚᛁᛋᛝᛚᚣ,753
equalitarian,222009,0,ᛖᚳᚹᚪᛚᛁᛏᚪᚱᛡᚾ,603
wistfulness,221833,0,ᚹᛁᛋᛏᚠᚢᛚᚾᛖᛋᛋ,442
behaviourism,221833,0,ᛒᛖᚻᚪᚢᛡᚢᚱᛁᛋᛗ,527
interoffice,221817,0,ᛁᚾᛏᛖᚱᚩᚠᚠᛁᚳᛖ,319
thereinafter,221687,0,ᚦᛖᚱᛖᛁᚾᚪᚠᛏᛖᚱ,446
exuberantly,221436,0,ᛖᛉᚢᛒᛖᚱᚪᚾᛏᛚᚣ,617
acupressure,221306,0,ᚪᚳᚢᛈᚱᛖᛋᛋᚢᚱᛖ,421
reformations,221277,0,ᚱᛖᚠᚩᚱᛗᚪᛏᛡᚾᛋ,514
antidiabetic,221056,0,ᚪᚾᛏᛁᛞᛡᛒᛖᛏᛁᚳ,643
laundresses,220611,0,ᛚᚪᚢᚾᛞᚱᛖᛋᛋᛖᛋ,595
enterostomy,220532,0,ᛖᚾᛏᛖᚱᚩᛋᛏᚩᛗᚣ,533
semicircles,220154,0,ᛋᛖᛗᛁᚳᛁᚱᚳᛚᛖᛋ,483
exclamatory,220131,0,ᛖᛉᚳᛚᚪᛗᚪᛏᚩᚱᚣ,645
hypnotherapy,220080,0,ᚻᚣᛈᚾᚩᚦᛖᚱᚪᛈᚣ,531
orthodontist,220031,0,ᚩᚱᚦᚩᛞᚩᚾᛏᛁᛋᛏ,357
incendiarism,219917,0,ᛁᚾᚳᛖᚾᛞᛡᚱᛁᛋᛗ,531
ouagadougou,219795,0,ᚩᚢᚪᚷᚪᛞᚩᚢᚷᚩᚢ,347
streetlight,219752,0,ᛋᛏᚱᛖᛖᛏᛚᛁᚷᚻᛏ,519
pestiferous,219623,0,ᛈᛖᛋᛏᛁᚠᛖᚱᚩᚢᛋ,396
protectress,219479,0,ᛈᚱᚩᛏᛖᚳᛏᚱᛖᛋᛋ,443
illuminants,219064,0,ᛁᛚᛚᚢᛗᛁᚾᚪᚾᛏᛋ,549
haemodialysis,218949,0,ᚻᚫᛗᚩᛞᛡᛚᚣᛋᛁᛋ,711
demarcations,218851,0,ᛞᛖᛗᚪᚱᚳᚪᛏᛡᚾᛋ,693
temperately,218196,0,ᛏᛖᛗᛈᛖᚱᚪᛏᛖᛚᚣ,717
discomposed,217848,0,ᛞᛁᛋᚳᚩᛗᛈᚩᛋᛖᛞ,523
piezometers,217743,0,ᛈᛁᛖᛋᚩᛗᛖᛏᛖᚱᛋ,529
xerographic,217552,0,ᛉᛖᚱᚩᚷᚱᚪᛈᚻᛁᚳ,367
collectable,217527,0,ᚳᚩᛚᛚᛖᚳᛏᚪᛒᛚᛖ,603
commutations,217471,0,ᚳᚩᛗᛗᚢᛏᚪᛏᛡᚾᛋ,569
depressives,217200,0,ᛞᛖᛈᚱᛖᛋᛋᛁᚢᛖᛋ,537
introjection,217068,0,ᛁᚾᛏᚱᚩᛂᛖᚳᛏᛡᚾ,449
infinitival,217024,0,ᛁᚾᚠᛁᚾᛁᛏᛁᚢᚪᛚ,416
abridgments,216939,0,ᚪᛒᚱᛁᛞᚷᛗᛖᚾᛏᛋ,585
suspenseful,216059,0,ᛋᚢᛋᛈᛖᚾᛋᛖᚠᚢᛚ,446
sustentation,215687,0,ᛋᚢᛋᛏᛖᚾᛏᚪᛏᛡᚾ,615
groundswell,215103,0,ᚷᚱᚩᚢᚾᛞᛋᚹᛖᛚᛚ,441
countenancing,214999,0,ᚳᚩᚢᚾᛏᛖᚾᚪᚾᚳᛝ,425
lacedaemonian,214988,0,ᛚᚪᚳᛖᛞᚫᛗᚩᚾᛡᚾ,683
housebuilding,214801,0,ᚻᚩᚢᛋᛖᛒᚢᛁᛚᛞᛝ,489
christianizing,214594,0,ᚳᚻᚱᛁᛋᛏᛡᚾᛁᛋᛝ,489
hyperpyrexia,214430,0,ᚻᚣᛈᛖᚱᛈᚣᚱᛖᛉᛡ,625
albatrosses,214053,0,ᚪᛚᛒᚪᛏᚱᚩᛋᛋᛖᛋ,631
assertively,213872,0,ᚪᛋᛋᛖᚱᛏᛁᚢᛖᛚᚣ,617
zoroastrians,213570,0,ᛋᚩᚱᚩᚪᛋᛏᚱᛡᚾᛋ,487
feudatories,213546,0,ᚠᛖᚢᛞᚪᛏᚩᚱᛁᛖᛋ,486
demagoguery,213274,0,ᛞᛖᛗᚪᚷᚩᚷᚢᛖᚱᚣ,549
blackmailer,213197,0,ᛒᛚᚪᚳᚳᛗᚪᛁᛚᛖᚱ,607
enticements,213179,0,ᛖᚾᛏᛁᚳᛖᛗᛖᚾᛏᛋ,545
verticality,212979,0,ᚢᛖᚱᛏᛁᚳᚪᛚᛁᛏᚣ,547
deprecatory,212288,0,ᛞᛖᛈᚱᛖᚳᚪᛏᚩᚱᚣ,567
overflights,212242,0,ᚩᚢᛖᚱᚠᛚᛁᚷᚻᛏᛋ,346
rebroadcast,212164,0,ᚱᛖᛒᚱᚩᚪᛞᚳᚪᛋᛏ,565
persulphate,212132,0,ᛈᛖᚱᛋᚢᛚᛈᚻᚪᛏᛖ,539
unutterably,212044,0,ᚢᚾᚢᛏᛏᛖᚱᚪᛒᛚᚣ,565
pillowcases,211903,0,ᛈᛁᛚᛚᚩᚹᚳᚪᛋᛖᛋ,529
intermeddling,211720,0,ᛁᚾᛏᛖᚱᛗᛖᛞᛞᛚᛝ,665
evisceration,211679,0,ᛖᚢᛁᛋᚳᛖᚱᚪᛏᛡᚾ,537
echolocation,211266,0,ᛖᚳᚻᚩᛚᚩᚳᚪᛏᛡᚾ,495
ponderously,211163,0,ᛈᚩᚾᛞᛖᚱᚩᚢᛋᛚᚣ,485
yardmasters,211143,0,ᚣᚪᚱᛞᛗᚪᛋᛏᛖᚱᛋ,711
unpractised,211088,0,ᚢᚾᛈᚱᚪᚳᛏᛁᛋᛖᛞ,495
palaeography,210979,0,ᛈᚪᛚᚫᚩᚷᚱᚪᛈᚻᚣ,615
stabilisers,210298,0,ᛋᛏᚪᛒᛁᛚᛁᛋᛖᚱᛋ,589
blunderbuss,210227,0,ᛒᛚᚢᚾᛞᛖᚱᛒᚢᛋᛋ,503
unharvested,209861,0,ᚢᚾᚻᚪᚱᚢᛖᛋᛏᛖᛞ,501
impedimenta,209825,0,ᛁᛗᛈᛖᛞᛁᛗᛖᚾᛏᚪ,655
satirically,209564,0,ᛋᚪᛏᛁᚱᛁᚳᚪᛚᛚᚣ,641
isobutylene,209521,0,ᛁᛋᚩᛒᚢᛏᚣᛚᛖᚾᛖ,553
recuperator,209317,0,ᚱᛖᚳᚢᛈᛖᚱᚪᛏᚩᚱ,389
frivolities,209197,0,ᚠᚱᛁᚢᚩᛚᛁᛏᛁᛖᛋ,368
mainstreamed,209159,0,ᛗᚪᛁᚾᛋᛏᚱᛠᛗᛖᛞ,687
ingenuousness,209141,0,ᛝᛖᚾᚢᚩᚢᛋᚾᛖᛋᛋ,443
photocopier,209027,0,ᛈᚻᚩᛏᚩᚳᚩᛈᛁᛖᚱ,311
scandalised,208857,0,ᛋᚳᚪᚾᛞᚪᛚᛁᛋᛖᛞ,691
rambunctious,208592,0,ᚱᚪᛗᛒᚢᚾᚳᛏᛡᚢᛋ,507
adventurism,208416,0,ᚪᛞᚢᛖᚾᛏᚢᚱᛁᛋᛗ,513
incitements,208356,0,ᛁᚾᚳᛁᛏᛖᛗᛖᚾᛏᛋ,509
pedunculate,208215,0,ᛈᛖᛞᚢᚾᚳᚢᛚᚪᛏᛖ,543
chanticleer,208159,0,ᚳᚻᚪᚾᛏᛁᚳᛚᛖᛖᚱ,483
tragicomedy,207715,0,ᛏᚱᚪᚷᛁᚳᚩᛗᛖᛞᚣ,565
animalistic,207414,0,ᚪᚾᛁᛗᚪᛚᛁᛋᛏᛁᚳ,585
consequents,207379,0,ᚳᚩᚾᛋᛖᚳᚹᛖᚾᛏᛋ,409
nondelivery,207290,0,ᚾᚩᚾᛞᛖᛚᛁᚢᛖᚱᚣ,509
explications,207221,0,ᛖᛉᛈᛚᛁᚳᚪᛏᛡᚾᛋ,619
misconstrue,207031,0,ᛗᛁᛋᚳᚩᚾᛋᛏᚱᚢᛖ,397
reverberant,206845,0,ᚱᛖᚢᛖᚱᛒᛖᚱᚪᚾᛏ,483
elusiveness,206769,0,ᛖᛚᚢᛋᛁᚢᛖᚾᛖᛋᛋ,499
lucubrations,206640,0,ᛚᚢᚳᚢᛒᚱᚪᛏᛡᚾᛋ,509
disjuncture,206317,0,ᛞᛁᛋᛂᚢᚾᚳᛏᚢᚱᛖ,395
augustinians,206198,0,ᚪᚢᚷᚢᛋᛏᛁᚾᛡᚾᛋ,481
disinflation,206130,0,ᛞᛁᛋᛁᚾᚠᛚᚪᛏᛡᚾ,600
egocentrism,205939,0,ᛖᚷᚩᚳᛖᚾᛏᚱᛁᛋᛗ,425
indehiscent,205923,0,ᛁᚾᛞᛖᚻᛁᛋᚳᛖᚾᛏ,491
volcanology,205901,0,ᚢᚩᛚᚳᚪᚾᚩᛚᚩᚷᚣ,429
naughtiness,205865,0,ᚾᚪᚢᚷᚻᛏᛁᚾᛖᛋᛋ,461
humidifiers,205808,0,ᚻᚢᛗᛁᛞᛁᚠᛁᛖᚱᛋ,412
reapplication,205778,0,ᚱᛠᛈᛈᛚᛁᚳᚪᛏᛡᚾ,615
quarterlies,205753,0,ᚳᚹᚪᚱᛏᛖᚱᛚᛁᛖᛋ,501
preschooler,205753,0,ᛈᚱᛖᛋᚳᚻᚩᚩᛚᛖᚱ,375
unmeasurable,205663,0,ᚢᚾᛗᛠᛋᚢᚱᚪᛒᛚᛖ,577
sudetenland,205636,0,ᛋᚢᛞᛖᛏᛖᚾᛚᚪᚾᛞ,655
hemosiderin,205188,0,ᚻᛖᛗᚩᛋᛁᛞᛖᚱᛁᚾ,479
sublittoral,205141,0,ᛋᚢᛒᛚᛁᛏᛏᚩᚱᚪᛚ,527
irreducibly,205136,0,ᛁᚱᚱᛖᛞᚢᚳᛁᛒᛚᚣ,493
venezuelans,204949,0,ᚢᛖᚾᛖᛋᚢᛖᛚᚪᚾᛋ,541
shipmasters,204947,0,ᛋᚻᛁᛈᛗᚪᛋᛏᛖᚱᛋ,561
stalagmites,204744,0,ᛋᛏᚪᛚᚪᚷᛗᛁᛏᛖᛋ,677
tetravalent,204739,0,ᛏᛖᛏᚱᚪᚢᚪᛚᛖᚾᛏ,621
controverting,204545,0,ᚳᚩᚾᛏᚱᚩᚢᛖᚱᛏᛝ,345
frustratingly,204415,0,ᚠᚱᚢᛋᛏᚱᚪᛏᛝᛚᚣ,550
christianize,204162,0,ᚳᚻᚱᛁᛋᛏᛡᚾᛁᛋᛖ,477
scriptorium,204120,0,ᛋᚳᚱᛁᛈᛏᚩᚱᛁᚢᛗ,333
poltergeist,203638,0,ᛈᚩᛚᛏᛖᚱᚷᛖᛁᛋᛏ,487
enumerative,203561,0,ᛖᚾᚢᛗᛖᚱᚪᛏᛁᚢᛖ,505
candelabrum,203485,0,ᚳᚪᚾᛞᛖᛚᚪᛒᚱᚢᛗ,611
calciferous,203482,0,ᚳᚪᛚᚳᛁᚠᛖᚱᚩᚢᛋ,370
assassinating,203173,0,ᚪᛋᛋᚪᛋᛋᛁᚾᚪᛏᛝ,701
cryptogamic,202742,0,ᚳᚱᚣᛈᛏᚩᚷᚪᛗᛁᚳ,465
uproariously,202699,0,ᚢᛈᚱᚩᚪᚱᛡᚢᛋᛚᚣ,511
taciturnity,202600,0,ᛏᚪᚳᛁᛏᚢᚱᚾᛁᛏᚣ,495
transcribes,202441,0,ᛏᚱᚪᚾᛋᚳᚱᛁᛒᛖᛋ,485
overmastering,202332,0,ᚩᚢᛖᚱᛗᚪᛋᛏᛖᚱᛝ,525
inspissated,202300,0,ᛁᚾᛋᛈᛁᛋᛋᚪᛏᛖᛞ,605
questionably,202282,0,ᚳᚹᛖᛋᛏᛡᚾᚪᛒᛚᚣ,681
symptomless,202195,0,ᛋᚣᛗᛈᛏᚩᛗᛚᛖᛋᛋ,653
disgustedly,202099,0,ᛞᛁᛋᚷᚢᛋᛏᛖᛞᛚᚣ,637
commendably,201675,0,ᚳᚩᛗᛗᛖᚾᛞᚪᛒᛚᚣ,681
calendrical,201648,0,ᚳᚪᛚᛖᚾᛞᚱᛁᚳᚪᛚ,593
fingerprinted,201626,0,ᚠᛝᛖᚱᛈᚱᛁᚾᛏᛖᛞ,488
embarrasses,201001,0,ᛖᛗᛒᚪᚱᚱᚪᛋᛋᛖᛋ,641
deflagration,200983,0,ᛞᛖᚠᛚᚪᚷᚱᚪᛏᛡᚾ,648
economizers,200869,0,ᛖᚳᚩᚾᚩᛗᛁᛋᛖᚱᛋ,409
absorptance,200858,0,ᚪᛒᛋᚩᚱᛈᛏᚪᚾᚳᛖ,537
herpetology,200806,0,ᚻᛖᚱᛈᛖᛏᚩᛚᚩᚷᚣ,477
steamfitters,200750,0,ᛋᛏᛠᛗᚠᛁᛏᛏᛖᚱᛋ,574
typesetters,200717,0,ᛏᚣᛈᛖᛋᛖᛏᛏᛖᚱᛋ,641
criminalize,200508,0,ᚳᚱᛁᛗᛁᚾᚪᛚᛁᛋᛖ,507
hydrologist,200448,0,ᚻᚣᛞᚱᚩᛚᚩᚷᛁᛋᛏ,473
semidiurnal,200312,0,ᛋᛖᛗᛁᛞᛁᚢᚱᚾᚪᛚ,555
pyelography,200235,0,ᛈᚣᛖᛚᚩᚷᚱᚪᛈᚻᚣ,587
rhinoplasty,199950,0,ᚱᚻᛁᚾᚩᛈᛚᚪᛋᛏᚣ,529
godforsaken,199661,0,ᚷᚩᛞᚠᚩᚱᛋᚪᚳᛖᚾ,392
flagellated,199607,0,ᚠᛚᚪᚷᛖᛚᛚᚪᛏᛖᛞ,714
soundtracks,199431,0,ᛋᚩᚢᚾᛞᛏᚱᚪᚳᚳᛋ,427
metacentric,199406,0,ᛗᛖᛏᚪᚳᛖᚾᛏᚱᛁᚳ,517
unverifiable,199393,0,ᚢᚾᚢᛖᚱᛁᚠᛡᛒᛚᛖ,454
millilitres,199119,0,ᛗᛁᛚᛚᛁᛚᛁᛏᚱᛖᛋ,573
reinstalled,198964,0,ᚱᛖᛁᚾᛋᛏᚪᛚᛚᛖᛞ,649
alexandrians,198906,0,ᚪᛚᛖᛉᚪᚾᛞᚱᛡᚾᛋ,699
chronologic,198761,0,ᚳᚻᚱᚩᚾᚩᛚᚩᚷᛁᚳ,231
underwrites,198754,0,ᚢᚾᛞᛖᚱᚹᚱᛁᛏᛖᛋ,439
christmases,198651,0,ᚳᚻᚱᛁᛋᛏᛗᚪᛋᛖᛋ,531
provincially,198589,0,ᛈᚱᚩᚢᛁᚾᚳᛡᛚᛚᚣ,493
reflexology,198539,0,ᚱᛖᚠᛚᛖᛉᚩᛚᚩᚷᚣ,474
reformulating,198460,0,ᚱᛖᚠᚩᚱᛗᚢᛚᚪᛏᛝ,480
precognition,198371,0,ᛈᚱᛖᚳᚩᚷᚾᛁᛏᛡᚾ,413
undescended,197961,0,ᚢᚾᛞᛖᛋᚳᛖᚾᛞᛖᛞ,595
interocular,197906,0,ᛁᚾᛏᛖᚱᚩᚳᚢᛚᚪᚱ,401
enfranchise,197832,0,ᛖᚾᚠᚱᚪᚾᚳᚻᛁᛋᛖ,422
stilbestrol,197776,0,ᛋᛏᛁᛚᛒᛖᛋᛏᚱᚩᛚ,547
unnoticeable,197627,0,ᚢᚾᚾᚩᛏᛁᚳᛠᛒᛚᛖ,481
saprophytes,197568,0,ᛋᚪᛈᚱᚩᛈᚻᚣᛏᛖᛋ,559
irremovable,197519,0,ᛁᚱᚱᛖᛗᚩᚢᚪᛒᛚᛖ,499
hematemesis,197509,0,ᚻᛖᛗᚪᛏᛖᛗᛖᛋᛁᛋ,659
contraptions,197486,0,ᚳᚩᚾᛏᚱᚪᛈᛏᛡᚾᛋ,507
auspiciously,197478,0,ᚪᚢᛋᛈᛁᚳᛡᚢᛋᛚᚣ,579
periodontics,197308,0,ᛈᛖᚱᛡᛞᚩᚾᛏᛁᚳᛋ,509
colporteurs,197253,0,ᚳᚩᛚᛈᚩᚱᛏᛖᚢᚱᛋ,347
conciliators,197229,0,ᚳᚩᚾᚳᛁᛚᛡᛏᚩᚱᛋ,403
dethronement,196754,0,ᛞᛖᚦᚱᚩᚾᛖᛗᛖᚾᛏ,501
entranceway,196749,0,ᛖᚾᛏᚱᚪᚾᚳᛖᚹᚪᚣ,591
radiographer,196716,0,ᚱᚪᛞᛡᚷᚱᚪᛈᚻᛖᚱ,573
romanticist,196644,0,ᚱᚩᛗᚪᚾᛏᛁᚳᛁᛋᛏ,461
creditworthy,196367,0,ᚳᚱᛖᛞᛁᛏᚹᚩᚱᚦᚣ,415
ballplayers,196082,0,ᛒᚪᛚᛚᛈᛚᚪᚣᛖᚱᛋ,751
numismatist,196051,0,ᚾᚢᛗᛁᛋᛗᚪᛏᛁᛋᛏ,557
weightlifting,196039,0,ᚹᛖᛁᚷᚻᛏᛚᛁᚠᛏᛝ,460
encyclicals,195928,0,ᛖᚾᚳᚣᚳᛚᛁᚳᚪᛚᛋ,565
doorkeepers,195883,0,ᛞᚩᚩᚱᚳᛖᛖᛈᛖᚱᛋ,435
possessives,195607,0,ᛈᚩᛋᛋᛖᛋᛋᛁᚢᛖᛋ,483
suppressant,195457,0,ᛋᚢᛈᛈᚱᛖᛋᛋᚪᚾᛏ,511
electrotyping,195298,0,ᛖᛚᛖᚳᛏᚱᚩᛏᚣᛈᛝ,581
inculpatory,195205,0,ᛁᚾᚳᚢᛚᛈᚪᛏᚩᚱᚣ,469
decalcified,195113,0,ᛞᛖᚳᚪᛚᚳᛁᚠᛁᛖᛞ,572
spotlighted,195023,0,ᛋᛈᚩᛏᛚᛁᚷᚻᛏᛖᛞ,521
drawbridges,194959,0,ᛞᚱᚪᚹᛒᚱᛁᛞᚷᛖᛋ,545
doctrinally,194601,0,ᛞᚩᚳᛏᚱᛁᚾᚪᛚᛚᚣ,585
paperweight,194401,0,ᛈᚪᛈᛖᚱᚹᛖᛁᚷᚻᛏ,477
consecrates,194319,0,ᚳᚩᚾᛋᛖᚳᚱᚪᛏᛖᛋ,469
circumvents,194286,0,ᚳᛁᚱᚳᚢᛗᚢᛖᚾᛏᛋ,353
osmotically,193830,0,ᚩᛋᛗᚩᛏᛁᚳᚪᛚᛚᚣ,587
divorcement,193816,0,ᛞᛁᚢᚩᚱᚳᛖᛗᛖᚾᛏ,447
cosmography,193739,0,ᚳᚩᛋᛗᚩᚷᚱᚪᛈᚻᚣ,445
scrutineers,193423,0,ᛋᚳᚱᚢᛏᛁᚾᛖᛖᚱᛋ,397
paratrooper,193278,0,ᛈᚪᚱᚪᛏᚱᚩᚩᛈᛖᚱ,453
skateboarding,193004,0,ᛋᚳᚪᛏᛖᛒᚩᚪᚱᛞᛝ,633
neurotoxins,192929,0,ᚾᛖᚢᚱᚩᛏᚩᛉᛁᚾᛋ,343
oscillogram,192890,0,ᚩᛋᚳᛁᛚᛚᚩᚷᚱᚪᛗ,453
typescripts,192731,0,ᛏᚣᛈᛖᛋᚳᚱᛁᛈᛏᛋ,535
commiserate,192282,0,ᚳᚩᛗᛗᛁᛋᛖᚱᚪᛏᛖ,547
acetanilide,192251,0,ᚪᚳᛖᛏᚪᚾᛁᛚᛁᛞᛖ,653
commissaire,191557,0,ᚳᚩᛗᛗᛁᛋᛋᚪᛁᚱᛖ,505
unmodulated,191414,0,ᚢᚾᛗᚩᛞᚢᛚᚪᛏᛖᛞ,587
emancipator,191015,0,ᛖᛗᚪᚾᚳᛁᛈᚪᛏᚩᚱ,525
switchbacks,190910,0,ᛋᚹᛁᛏᚳᚻᛒᚪᚳᚳᛋ,435
appertained,190907,0,ᚪᛈᛈᛖᚱᛏᚪᛁᚾᛖᛞ,633
shimonoseki,190886,0,ᛋᚻᛁᛗᚩᚾᚩᛋᛖᚳᛁ,385
nuncupative,190551,0,ᚾᚢᚾᚳᚢᛈᚪᛏᛁᚢᛖ,377
overprinted,190467,0,ᚩᚢᛖᚱᛈᚱᛁᚾᛏᛖᛞ,417
portraitist,190401,0,ᛈᚩᚱᛏᚱᚪᛁᛏᛁᛋᛏ,461
cruciferous,190208,0,ᚳᚱᚢᚳᛁᚠᛖᚱᚩᚢᛋ,214
wrongfulness,190198,0,ᚹᚱᚩᛝᚠᚢᛚᚾᛖᛋᛋ,396
britishness,190086,0,ᛒᚱᛁᛏᛁᛋᚻᚾᛖᛋᛋ,471
testimonium,189995,0,ᛏᛖᛋᛏᛁᛗᚩᚾᛁᚢᛗ,481
expostulate,189786,0,ᛖᛉᛈᚩᛋᛏᚢᛚᚪᛏᛖ,575
cryosurgery,189766,0,ᚳᚱᚣᚩᛋᚢᚱᚷᛖᚱᚣ,399
summerhouse,189532,0,ᛋᚢᛗᛗᛖᚱᚻᚩᚢᛋᛖ,429
forfeitable,189498,0,ᚠᚩᚱᚠᛖᛁᛏᚪᛒᛚᛖ,477
misjudgment,189485,0,ᛗᛁᛋᛂᚢᛞᚷᛗᛖᚾᛏ,527
opalescence,189349,0,ᚩᛈᚪᛚᛖᛋᚳᛖᚾᚳᛖ,529
englishwomen,189320,0,ᛖᛝᛚᛁᛋᚻᚹᚩᛗᛖᚾ,519
tambourines,189201,0,ᛏᚪᛗᛒᚩᚢᚱᛁᚾᛖᛋ,489
monophysite,189157,0,ᛗᚩᚾᚩᛈᚻᚣᛋᛁᛏᛖ,493
guatemalans,188761,0,ᚷᚢᚪᛏᛖᛗᚪᛚᚪᚾᛋ,663
apocalypses,188713,0,ᚪᛈᚩᚳᚪᛚᚣᛈᛋᛖᛋ,649
transhipped,188459,0,ᛏᚱᚪᚾᛋᚻᛁᛈᛈᛖᛞ,545
legitimates,188436,0,ᛚᛖᚷᛁᛏᛁᛗᚪᛏᛖᛋ,625
detoxication,188339,0,ᛞᛖᛏᚩᛉᛁᚳᚪᛏᛡᚾ,605
solipsistic,188087,0,ᛋᚩᛚᛁᛈᛋᛁᛋᛏᛁᚳ,447
diminutives,187969,0,ᛞᛁᛗᛁᚾᚢᛏᛁᚢᛖᛋ,467
domesticating,187959,0,ᛞᚩᛗᛖᛋᛏᛁᚳᚪᛏᛝ,625
intuitionism,187878,0,ᛁᚾᛏᚢᛁᛏᛡᚾᛁᛋᛗ,503
provocateur,187872,0,ᛈᚱᚩᚢᚩᚳᚪᛏᛖᚢᚱ,321
seismometer,187601,0,ᛋᛖᛁᛋᛗᚩᛗᛖᛏᛖᚱ,557
predications,187585,0,ᛈᚱᛖᛞᛁᚳᚪᛏᛡᚾᛋ,599
altarpieces,187210,0,ᚪᛚᛏᚪᚱᛈᛁᛖᚳᛖᛋ,611
nonlinguistic,186836,0,ᚾᚩᚾᛚᛝᚢᛁᛋᛏᛁᚳ,407
handmaidens,186635,0,ᚻᚪᚾᛞᛗᚪᛁᛞᛖᚾᛋ,675
esthetically,186509,0,ᛖᛋᚦᛖᛏᛁᚳᚪᛚᛚᚣ,641
vasopressor,186467,0,ᚢᚪᛋᚩᛈᚱᛖᛋᛋᚩᚱ,405
swashbuckling,186268,0,ᛋᚹᚪᛋᚻᛒᚢᚳᚳᛚᛝ,487
transfinite,186209,0,ᛏᚱᚪᚾᛋᚠᛁᚾᛁᛏᛖ,468
periphrasis,185874,0,ᛈᛖᚱᛁᛈᚻᚱᚪᛋᛁᛋ,463
recitatives,185846,0,ᚱᛖᚳᛁᛏᚪᛏᛁᚢᛖᛋ,491
knickknacks,185700,0,ᚳᚾᛁᚳᚳᚳᚾᚪᚳᚳᛋ,317
babysitters,185496,0,ᛒᚪᛒᚣᛋᛁᛏᛏᛖᚱᛋ,655
legitimizes,185465,0,ᛚᛖᚷᛁᛏᛁᛗᛁᛋᛖᛋ,553
tradescantia,185366,0,ᛏᚱᚪᛞᛖᛋᚳᚪᚾᛏᛡ,681
overexertion,185055,0,ᚩᚢᛖᚱᛖᛉᛖᚱᛏᛡᚾ,475
companionway,184988,0,ᚳᚩᛗᛈᚪᚾᛡᚾᚹᚪᚣ,615
ministerium,184725,0,ᛗᛁᚾᛁᛋᛏᛖᚱᛁᚢᛗ,457
monetarists,184716,0,ᛗᚩᚾᛖᛏᚪᚱᛁᛋᛏᛋ,537
hyoscyamine,184694,0,ᚻᚣᚩᛋᚳᚣᚪᛗᛁᚾᛖ,597
flocculated,184528,0,ᚠᛚᚩᚳᚳᚢᛚᚪᛏᛖᛞ,496
centromeres,184484,0,ᚳᛖᚾᛏᚱᚩᛗᛖᚱᛖᛋ,455
heavyweights,184364,0,ᚻᛠᚢᚣᚹᛖᛁᚷᚻᛏᛋ,507
unassembled,184197,0,ᚢᚾᚪᛋᛋᛖᛗᛒᛚᛖᛞ,663
physiognomic,183983,0,ᛈᚻᚣᛋᛡᚷᚾᚩᛗᛁᚳ,497
publishable,183948,0,ᛈᚢᛒᛚᛁᛋᚻᚪᛒᛚᛖ,585
shuttlecock,183941,0,ᛋᚻᚢᛏᛏᛚᛖᚳᚩᚳᚳ,383
gamekeepers,183904,0,ᚷᚪᛗᛖᚳᛖᛖᛈᛖᚱᛋ,573
idealizations,183701,0,ᛁᛞᛠᛚᛁᛋᚪᛏᛡᚾᛋ,731
contretemps,183657,0,ᚳᚩᚾᛏᚱᛖᛏᛖᛗᛈᛋ,479
concernment,183525,0,ᚳᚩᚾᚳᛖᚱᚾᛗᛖᚾᛏ,395
debilitation,183518,0,ᛞᛖᛒᛁᛚᛁᛏᚪᛏᛡᚾ,703
sanitariums,183516,0,ᛋᚪᚾᛁᛏᚪᚱᛁᚢᛗᛋ,535
designators,183489,0,ᛞᛖᛋᛁᚷᚾᚪᛏᚩᚱᛋ,513
hydrometers,183435,0,ᚻᚣᛞᚱᚩᛗᛖᛏᛖᚱᛋ,561
nonresonant,183333,0,ᚾᚩᚾᚱᛖᛋᚩᚾᚪᚾᛏ,417
touchstones,183222,0,ᛏᚩᚢᚳᚻᛋᛏᚩᚾᛖᛋ,373
carminative,183064,0,ᚳᚪᚱᛗᛁᚾᚪᛏᛁᚢᛖ,509
centrosomes,182999,0,ᚳᛖᚾᛏᚱᚩᛋᚩᛗᛖᛋ,437
disorganizing,182687,0,ᛞᛁᛋᚩᚱᚷᚪᚾᛁᛋᛝ,497
misanthropic,182346,0,ᛗᛁᛋᚪᚾᚦᚱᚩᛈᛁᚳ,391
antipathetic,182187,0,ᚪᚾᛏᛁᛈᚪᚦᛖᛏᛁᚳ,531
tessellated,182155,0,ᛏᛖᛋᛋᛖᛚᛚᚪᛏᛖᛞ,757
hydrophones,182100,0,ᚻᚣᛞᚱᚩᛈᚻᚩᚾᛖᛋ,455
scholastica,182063,0,ᛋᚳᚻᚩᛚᚪᛋᛏᛁᚳᚪ,519
diffidently,181956,0,ᛞᛁᚠᚠᛁᛞᛖᚾᛏᛚᚣ,575
blackguards,181858,0,ᛒᛚᚪᚳᚳᚷᚢᚪᚱᛞᛋ,527
sophistries,181795,0,ᛋᚩᛈᚻᛁᛋᛏᚱᛁᛖᛋ,431
gravedigger,181755,0,ᚷᚱᚪᚢᛖᛞᛁᚷᚷᛖᚱ,427
redeposition,181714,0,ᚱᛖᛞᛖᛈᚩᛋᛁᛏᛡᚾ,563
scrutinizes,181692,0,ᛋᚳᚱᚢᛏᛁᚾᛁᛋᛖᛋ,403
complainers,181485,0,ᚳᚩᛗᛈᛚᚪᛁᚾᛖᚱᛋ,495
presbyterial,181175,0,ᛈᚱᛖᛋᛒᚣᛏᛖᚱᛡᛚ,655
supplicants,181130,0,ᛋᚢᛈᛈᛚᛁᚳᚪᚾᛏᛋ,497
carriageways,180880,0,ᚳᚪᚱᚱᛡᚷᛖᚹᚪᚣᛋ,595
blockhouses,180640,0,ᛒᛚᚩᚳᚳᚻᚩᚢᛋᛖᛋ,373
swallowtail,180169,0,ᛋᚹᚪᛚᛚᚩᚹᛏᚪᛁᛚ,601
infantilism,180155,0,ᛁᚾᚠᚪᚾᛏᛁᛚᛁᛋᛗ,506
bonapartist,180119,0,ᛒᚩᚾᚪᛈᚪᚱᛏᛁᛋᛏ,547
incorruption,180054,0,ᛁᚾᚳᚩᚱᚱᚢᛈᛏᛡᚾ,343
mandatorily,179743,0,ᛗᚪᚾᛞᚪᛏᚩᚱᛁᛚᚣ,667
applicative,179507,0,ᚪᛈᛈᛚᛁᚳᚪᛏᛁᚢᛖ,557
countervail,179329,0,ᚳᚩᚢᚾᛏᛖᚱᚢᚪᛁᛚ,393
unpopulated,179084,0,ᚢᚾᛈᚩᛈᚢᛚᚪᛏᛖᛞ,513
crookedness,179003,0,ᚳᚱᚩᚩᚳᛖᛞᚾᛖᛋᛋ,409
cautiousness,178958,0,ᚳᚪᚢᛏᛡᚢᛋᚾᛖᛋᛋ,537
cinemascope,178897,0,ᚳᛁᚾᛖᛗᚪᛋᚳᚩᛈᛖ,491
hollandaise,178811,0,ᚻᚩᛚᛚᚪᚾᛞᚪᛁᛋᛖ,639
interchurch,178592,0,ᛁᚾᛏᛖᚱᚳᚻᚢᚱᚳᚻ,283
triangulations,178568,0,ᛏᚱᛡᛝᚢᛚᚪᛏᛡᚾᛋ,677
illogically,178495,0,ᛁᛚᛚᚩᚷᛁᚳᚪᛚᛚᚣ,591
defilements,178405,0,ᛞᛖᚠᛁᛚᛖᛗᛖᚾᛏᛋ,608
prognostics,178030,0,ᛈᚱᚩᚷᚾᚩᛋᛏᛁᚳᛋ,323
mountebanks,177945,0,ᛗᚩᚢᚾᛏᛖᛒᚪᚾᚳᛋ,489
peevishness,177444,0,ᛈᛖᛖᚢᛁᛋᚻᚾᛖᛋᛋ,489
harmfulness,177339,0,ᚻᚪᚱᛗᚠᚢᛚᚾᛖᛋᛋ,482
vaporisation,177323,0,ᚢᚪᛈᚩᚱᛁᛋᚪᛏᛡᚾ,537
caustically,177270,0,ᚳᚪᚢᛋᛏᛁᚳᚪᛚᛚᚣ,615
travelogues,177205,0,ᛏᚱᚪᚢᛖᛚᚩᚷᚢᛖᛋ,457
relationally,177159,0,ᚱᛖᛚᚪᛏᛡᚾᚪᛚᛚᚣ,789
candidacies,176983,0,ᚳᚪᚾᛞᛁᛞᚪᚳᛁᛖᛋ,609
suggestible,176941,0,ᛋᚢᚷᚷᛖᛋᛏᛁᛒᛚᛖ,501
powerhouses,176826,0,ᛈᚩᚹᛖᚱᚻᚩᚢᛋᛖᛋ,353
quadriplegia,176723,0,ᚳᚹᚪᛞᚱᛁᛈᛚᛖᚷᛡ,567
traineeship,176581,0,ᛏᚱᚪᛁᚾᛖᛖᛋᚻᛁᛈ,511
reprehension,176549,0,ᚱᛖᛈᚱᛖᚻᛖᚾᛋᛡᚾ,507
crematories,176476,0,ᚳᚱᛖᛗᚪᛏᚩᚱᛁᛖᛋ,487
bolshevists,176341,0,ᛒᚩᛚᛋᚻᛖᚢᛁᛋᛏᛋ,483
diamagnetism,176072,0,ᛞᛡᛗᚪᚷᚾᛖᛏᛁᛋᛗ,691
aggravations,175899,0,ᚪᚷᚷᚱᚪᚢᚪᛏᛡᚾᛋ,587
greenlandic,175811,0,ᚷᚱᛖᛖᚾᛚᚪᚾᛞᛁᚳ,523
paperhangers,175661,0,ᛈᚪᛈᛖᚱᚻᚪᛝᛖᚱᛋ,591
incarcerate,175637,0,ᛁᚾᚳᚪᚱᚳᛖᚱᚪᛏᛖ,495
commandeering,175610,0,ᚳᚩᛗᛗᚪᚾᛞᛖᛖᚱᛝ,601
libertinism,175326,0,ᛚᛁᛒᛖᚱᛏᛁᚾᛁᛋᛗ,517
windowpanes,175202,0,ᚹᛁᚾᛞᚩᚹᛈᚪᚾᛖᛋ,483
plebiscites,175126,0,ᛈᛚᛖᛒᛁᛋᚳᛁᛏᛖᛋ,551
hypocrisies,174888,0,ᚻᚣᛈᚩᚳᚱᛁᛋᛁᛖᛋ,435
semidiameter,174868,0,ᛋᛖᛗᛁᛞᛡᛗᛖᛏᛖᚱ,693
differenced,174841,0,ᛞᛁᚠᚠᛖᚱᛖᚾᚳᛖᛞ,467
battlefront,174804,0,ᛒᚪᛏᛏᛚᛖᚠᚱᚩᚾᛏ,524
dialectology,174515,0,ᛞᛡᛚᛖᚳᛏᚩᛚᚩᚷᚣ,615
perfectness,174256,0,ᛈᛖᚱᚠᛖᚳᛏᚾᛖᛋᛋ,464
dissociations,174224,0,ᛞᛁᛋᛋᚩᚳᛡᛏᛡᚾᛋ,601
neutralizer,174180,0,ᚾᛖᚢᛏᚱᚪᛚᛁᛋᛖᚱ,501
canalicular,173987,0,ᚳᚪᚾᚪᛚᛁᚳᚢᛚᚪᚱ,537
forgettable,173920,0,ᚠᚩᚱᚷᛖᛏᛏᚪᛒᛚᛖ,520
semiprivate,173863,0,ᛋᛖᛗᛁᛈᚱᛁᚢᚪᛏᛖ,533
unperformed,173750,0,ᚢᚾᛈᛖᚱᚠᚩᚱᛗᛖᛞ,400
placentation,173738,0,ᛈᛚᚪᚳᛖᚾᛏᚪᛏᛡᚾ,673
lumberjacks,173662,0,ᛚᚢᛗᛒᛖᚱᛂᚪᚳᚳᛋ,499
housewifery,173552,0,ᚻᚩᚢᛋᛖᚹᛁᚠᛖᚱᚣ,386
belowground,173499,0,ᛒᛖᛚᚩᚹᚷᚱᚩᚢᚾᛞ,383
nonelectric,173437,0,ᚾᚩᚾᛖᛚᛖᚳᛏᚱᛁᚳ,399
hydroponics,173328,0,ᚻᚣᛞᚱᚩᛈᚩᚾᛁᚳᛋ,409
masulipatam,173159,0,ᛗᚪᛋᚢᛚᛁᛈᚪᛏᚪᛗ,695
woodcutters,173092,0,ᚹᚩᚩᛞᚳᚢᛏᛏᛖᚱᛋ,387
pinocytosis,172989,0,ᛈᛁᚾᚩᚳᚣᛏᚩᛋᛁᛋ,429
explorative,172943,0,ᛖᛉᛈᛚᚩᚱᚪᛏᛁᚢᛖ,505
cardiomegaly,172700,0,ᚳᚪᚱᛞᛡᛗᛖᚷᚪᛚᚣ,745
tessellation,172532,0,ᛏᛖᛋᛋᛖᛚᛚᚪᛏᛡᚾ,737
faultlessly,172503,0,ᚠᚪᚢᛚᛏᛚᛖᛋᛋᛚᚣ,656
elucidations,172314,0,ᛖᛚᚢᚳᛁᛞᚪᛏᛡᚾᛋ,621
featherweight,172225,0,ᚠᛠᚦᛖᚱᚹᛖᛁᚷᚻᛏ,410
maledictions,172216,0,ᛗᚪᛚᛖᛞᛁᚳᛏᛡᚾᛋ,689
architraves,172189,0,ᚪᚱᚳᚻᛁᛏᚱᚪᚢᛖᛋ,465
literalness,171854,0,ᛚᛁᛏᛖᚱᚪᛚᚾᛖᛋᛋ,613
dependently,171774,0,ᛞᛖᛈᛖᚾᛞᛖᚾᛏᛚᚣ,715
crystalized,171385,0,ᚳᚱᚣᛋᛏᚪᛚᛁᛋᛖᛞ,649
vacillations,171233,0,ᚢᚪᚳᛁᛚᛚᚪᛏᛡᚾᛋ,635
pocketknife,171197,0,ᛈᚩᚳᚳᛖᛏᚳᚾᛁᚠᛖ,344
beatification,170856,0,ᛒᛠᛏᛁᚠᛁᚳᚪᛏᛡᚾ,598
partialities,170640,0,ᛈᚪᚱᛏᛡᛚᛁᛏᛁᛖᛋ,631
bridegrooms,170458,0,ᛒᚱᛁᛞᛖᚷᚱᚩᚩᛗᛋ,425
combinatory,170388,0,ᚳᚩᛗᛒᛁᚾᚪᛏᚩᚱᚣ,489
temporaries,170299,0,ᛏᛖᛗᛈᚩᚱᚪᚱᛁᛖᛋ,517
legalisation,170251,0,ᛚᛖᚷᚪᛚᛁᛋᚪᛏᛡᚾ,703
countersink,170238,0,ᚳᚩᚢᚾᛏᛖᚱᛋᛁᚾᚳ,315
scoutmaster,169963,0,ᛋᚳᚩᚢᛏᛗᚪᛋᛏᛖᚱ,493
stockholdings,169758,0,ᛋᛏᚩᚳᚳᚻᚩᛚᛞᛝᛋ,469
stepparents,169531,0,ᛋᛏᛖᛈᛈᚪᚱᛖᚾᛏᛋ,581
centenarians,169511,0,ᚳᛖᚾᛏᛖᚾᚪᚱᛡᚾᛋ,561
gramophones,169470,0,ᚷᚱᚪᛗᚩᛈᚻᚩᚾᛖᛋ,425
demobilised,169442,0,ᛞᛖᛗᚩᛒᛁᛚᛁᛋᛖᛞ,639
latticework,169312,0,ᛚᚪᛏᛏᛁᚳᛖᚹᚩᚱᚳ,449
eavesdropper,169231,0,ᛠᚢᛖᛋᛞᚱᚩᛈᛈᛖᚱ,503
ineluctably,169227,0,ᛁᚾᛖᛚᚢᚳᛏᚪᛒᛚᚣ,609
blepharitis,169035,0,ᛒᛚᛖᛈᚻᚪᚱᛁᛏᛁᛋ,549
monogrammed,168778,0,ᛗᚩᚾᚩᚷᚱᚪᛗᛗᛖᛞ,537
undermanned,168609,0,ᚢᚾᛞᛖᚱᛗᚪᚾᚾᛖᛞ,581
isothermally,168332,0,ᛁᛋᚩᚦᛖᚱᛗᚪᛚᛚᚣ,591
companionate,168316,0,ᚳᚩᛗᛈᚪᚾᛡᚾᚪᛏᛖ,619
neckerchief,168302,0,ᚾᛖᚳᚳᛖᚱᚳᚻᛁᛖᚠ,336
pasteurised,168246,0,ᛈᚪᛋᛏᛖᚢᚱᛁᛋᛖᛞ,573
unfortified,168245,0,ᚢᚾᚠᚩᚱᛏᛁᚠᛁᛖᛞ,331
irremediably,168194,0,ᛁᚱᚱᛖᛗᛖᛞᛡᛒᛚᚣ,691
masturbated,168095,0,ᛗᚪᛋᛏᚢᚱᛒᚪᛏᛖᛞ,667
uninspected,168062,0,ᚢᚾᛁᚾᛋᛈᛖᚳᛏᛖᛞ,483
carabinieri,167914,0,ᚳᚪᚱᚪᛒᛁᚾᛁᛖᚱᛁ,479
pituitaries,167836,0,ᛈᛁᛏᚢᛁᛏᚪᚱᛁᛖᛋ,485
unsanctioned,167581,0,ᚢᚾᛋᚪᚾᚳᛏᛡᚾᛖᛞ,575
horizontals,167528,0,ᚻᚩᚱᛁᛋᚩᚾᛏᚪᛚᛋ,443
adventuress,167378,0,ᚪᛞᚢᛖᚾᛏᚢᚱᛖᛋᛋ,531
contractive,167366,0,ᚳᚩᚾᛏᚱᚪᚳᛏᛁᚢᛖ,389
acidophilic,167171,0,ᚪᚳᛁᛞᚩᛈᚻᛁᛚᛁᚳ,451
wensleydale,167044,0,ᚹᛖᚾᛋᛚᛖᚣᛞᚪᛚᛖ,737
demodulated,166918,0,ᛞᛖᛗᚩᛞᚢᛚᚪᛏᛖᛞ,711
preciseness,166818,0,ᛈᚱᛖᚳᛁᛋᛖᚾᛖᛋᛋ,487
wordsworthian,166755,0,ᚹᚩᚱᛞᛋᚹᚩᚱᚦᛡᚾ,357
changeability,166749,0,ᚳᚻᚪᛝᛠᛒᛁᛚᛁᛏᚣ,679
borderlines,166612,0,ᛒᚩᚱᛞᛖᚱᛚᛁᚾᛖᛋ,499
discomforting,166186,0,ᛞᛁᛋᚳᚩᛗᚠᚩᚱᛏᛝ,422
superciliary,166180,0,ᛋᚢᛈᛖᚱᚳᛁᛚᛡᚱᚣ,515
dissipations,166049,0,ᛞᛁᛋᛋᛁᛈᚪᛏᛡᚾᛋ,645
evanescence,165919,0,ᛖᚢᚪᚾᛖᛋᚳᛖᚾᚳᛖ,505
breastplates,165807,0,ᛒᚱᛠᛋᛏᛈᛚᚪᛏᛖᛋ,685
territorials,165553,0,ᛏᛖᚱᚱᛁᛏᚩᚱᛡᛚᛋ,489
bourguignon,165483,0,ᛒᚩᚢᚱᚷᚢᛁᚷᚾᚩᚾ,215
policewomen,165459,0,ᛈᚩᛚᛁᚳᛖᚹᚩᛗᛖᚾ,427
demographer,165423,0,ᛞᛖᛗᚩᚷᚱᚪᛈᚻᛖᚱ,503
romanticize,165270,0,ᚱᚩᛗᚪᚾᛏᛁᚳᛁᛋᛖ,469
lamplighter,165139,0,ᛚᚪᛗᛈᛚᛁᚷᚻᛏᛖᚱ,565
foraminifer,165111,0,ᚠᚩᚱᚪᛗᛁᚾᛁᚠᛖᚱ,359
concessioner,165007,0,ᚳᚩᚾᚳᛖᛋᛋᛡᚾᛖᚱ,449
unrealizable,164919,0,ᚢᚾᚱᛠᛚᛁᛋᚪᛒᛚᛖ,607
storyboards,164862,0,ᛋᛏᚩᚱᚣᛒᚩᚪᚱᛞᛋ,551
pestilences,164781,0,ᛈᛖᛋᛏᛁᛚᛖᚾᚳᛖᛋ,555
blasphemers,164605,0,ᛒᛚᚪᛋᛈᚻᛖᛗᛖᚱᛋ,619
unsheltered,164575,0,ᚢᚾᛋᚻᛖᛚᛏᛖᚱᛖᛞ,541
broadsheets,164064,0,ᛒᚱᚩᚪᛞᛋᚻᛖᛖᛏᛋ,587
pleomorphism,164051,0,ᛈᛚᛇᛗᚩᚱᛈᚻᛁᛋᛗ,467
appellative,163834,0,ᚪᛈᛈᛖᛚᛚᚪᛏᛁᚢᛖ,653
germinative,163676,0,ᚷᛖᚱᛗᛁᚾᚪᛏᛁᚢᛖ,483
tautologies,163442,0,ᛏᚪᚢᛏᚩᛚᚩᚷᛁᛖᛋ,473
saccharides,163386,0,ᛋᚪᚳᚳᚻᚪᚱᛁᛞᛖᛋ,547
denominates,163356,0,ᛞᛖᚾᚩᛗᛁᚾᚪᛏᛖᛋ,599
washerwomen,163345,0,ᚹᚪᛋᚻᛖᚱᚹᚩᛗᛖᚾ,463
religieuses,163261,0,ᚱᛖᛚᛁᚷᛁᛖᚢᛋᛖᛋ,473
aftereffect,163063,0,ᚪᚠᛏᛖᚱᛖᚠᚠᛖᚳᛏ,446
kalashnikov,163008,0,ᚳᚪᛚᚪᛋᚻᚾᛁᚳᚩᚢ,439
anencephaly,162994,0,ᚪᚾᛖᚾᚳᛖᛈᚻᚪᛚᚣ,641
railroaders,162852,0,ᚱᚪᛁᛚᚱᚩᚪᛞᛖᚱᛋ,547
camphorated,162794,0,ᚳᚪᛗᛈᚻᚩᚱᚪᛏᛖᛞ,577
redetermine,162431,0,ᚱᛖᛞᛖᛏᛖᚱᛗᛁᚾᛖ,569
demoiselles,162166,0,ᛞᛖᛗᚩᛁᛋᛖᛚᛚᛖᛋ,651
chelyabinsk,162166,0,ᚳᚻᛖᛚᚣᚪᛒᛁᚾᛋᚳ,563
corporately,162056,0,ᚳᚩᚱᛈᚩᚱᚪᛏᛖᛚᚣ,491
eosinophiles,162025,0,ᛇᛋᛁᚾᚩᛈᚻᛁᛚᛖᛋ,451
kinetochore,161978,0,ᚳᛁᚾᛖᛏᚩᚳᚻᚩᚱᛖ,327
homiletical,161822,0,ᚻᚩᛗᛁᛚᛖᛏᛁᚳᚪᛚ,545
hemophiliacs,161632,0,ᚻᛖᛗᚩᛈᚻᛁᛚᛡᚳᛋ,511
neuroblasts,161328,0,ᚾᛖᚢᚱᚩᛒᛚᚪᛋᛏᛋ,513
prostrations,161300,0,ᛈᚱᚩᛋᛏᚱᚪᛏᛡᚾᛋ,529
delphiniums,160840,0,ᛞᛖᛚᛈᚻᛁᚾᛁᚢᛗᛋ,513
overdressed,160833,0,ᚩᚢᛖᚱᛞᚱᛖᛋᛋᛖᛞ,517
eliminative,160756,0,ᛖᛚᛁᛗᛁᚾᚪᛏᛁᚢᛖ,559
resuscitating,160697,0,ᚱᛖᛋᚢᛋᚳᛁᛏᚪᛏᛝ,525
discounters,160460,0,ᛞᛁᛋᚳᚩᚢᚾᛏᛖᚱᛋ,415
proselytize,159948,0,ᛈᚱᚩᛋᛖᛚᚣᛏᛁᛋᛖ,567
straightest,159571,0,ᛋᛏᚱᚪᛁᚷᚻᛏᛖᛋᛏ,529
rhizomatous,159454,0,ᚱᚻᛁᛋᚩᛗᚪᛏᚩᚢᛋ,415
typographer,159360,0,ᛏᚣᛈᚩᚷᚱᚪᛈᚻᛖᚱ,481
virological,159319,0,ᚢᛁᚱᚩᛚᚩᚷᛁᚳᚪᛚ,363
dispossessing,159197,0,ᛞᛁᛋᛈᚩᛋᛋᛖᛋᛋᛝ,581
arthrography,159183,0,ᚪᚱᚦᚱᚩᚷᚱᚪᛈᚻᚣ,425
pentavalent,159106,0,ᛈᛖᚾᛏᚪᚢᚪᛚᛖᚾᛏ,623
broadminded,159106,0,ᛒᚱᚩᚪᛞᛗᛁᚾᛞᛖᛞ,641
californium,158869,0,ᚳᚪᛚᛁᚠᚩᚱᚾᛁᚢᛗ,368
icosahedron,158781,0,ᛁᚳᚩᛋᚪᚻᛖᛞᚱᚩᚾ,427
minesweeper,158683,0,ᛗᛁᚾᛖᛋᚹᛖᛖᛈᛖᚱ,525
proofreaders,158171,0,ᛈᚱᚩᚩᚠᚱᛠᛞᛖᚱᛋ,410
fetishistic,158166,0,ᚠᛖᛏᛁᛋᚻᛁᛋᛏᛁᚳ,422
stonecutter,158045,0,ᛋᛏᚩᚾᛖᚳᚢᛏᛏᛖᚱ,427
prescribers,157979,0,ᛈᚱᛖᛋᚳᚱᛁᛒᛖᚱᛋ,421
geostrategic,157891,0,ᚷᛇᛋᛏᚱᚪᛏᛖᚷᛁᚳ,465
concealments,157853,0,ᚳᚩᚾᚳᛠᛚᛗᛖᚾᛏᛋ,523
interisland,157760,0,ᛁᚾᛏᛖᚱᛁᛋᛚᚪᚾᛞ,569
disorganize,157284,0,ᛞᛁᛋᚩᚱᚷᚪᚾᛁᛋᛖ,485
undercooked,157251,0,ᚢᚾᛞᛖᚱᚳᚩᚩᚳᛖᛞ,395
unhealthiness,157208,0,ᚢᚾᚻᛠᛚᚦᛁᚾᛖᛋᛋ,475
loosestrife,157158,0,ᛚᚩᚩᛋᛖᛋᛏᚱᛁᚠᛖ,430
radiolocation,156893,0,ᚱᚪᛞᛡᛚᚩᚳᚪᛏᛡᚾ,689
consortiums,156589,0,ᚳᚩᚾᛋᚩᚱᛏᛁᚢᛗᛋ,337
neurotropic,156583,0,ᚾᛖᚢᚱᚩᛏᚱᚩᛈᛁᚳ,281
horological,156578,0,ᚻᚩᚱᚩᛚᚩᚷᛁᚳᚪᛚ,359
sycophantic,156538,0,ᛋᚣᚳᚩᛈᚻᚪᚾᛏᛁᚳ,471
plagioclases,156503,0,ᛈᛚᚪᚷᛡᚳᛚᚪᛋᛖᛋ,693
millenniums,156388,0,ᛗᛁᛚᛚᛖᚾᚾᛁᚢᛗᛋ,531
finalisation,156313,0,ᚠᛁᚾᚪᛚᛁᛋᚪᛏᛡᚾ,608
fastidiously,156141,0,ᚠᚪᛋᛏᛁᛞᛡᚢᛋᛚᚣ,670
interstates,155415,0,ᛁᚾᛏᛖᚱᛋᛏᚪᛏᛖᛋ,585
manipulable,154819,0,ᛗᚪᚾᛁᛈᚢᛚᚪᛒᛚᛖ,645
tachometers,154765,0,ᛏᚪᚳᚻᚩᛗᛖᛏᛖᚱᛋ,527
crepuscular,154721,0,ᚳᚱᛖᛈᚢᛋᚳᚢᛚᚪᚱ,387
sketchbooks,154709,0,ᛋᚳᛖᛏᚳᚻᛒᚩᚩᚳᛋ,369
malesherbes,154649,0,ᛗᚪᛚᛖᛋᚻᛖᚱᛒᛖᛋ,643
antiemetics,154625,0,ᚪᚾᛏᛁᛖᛗᛖᛏᛁᚳᛋ,577
callosities,154611,0,ᚳᚪᛚᛚᚩᛋᛁᛏᛁᛖᛋ,557
strophanthus,154408,0,ᛋᛏᚱᚩᛈᚻᚪᚾᚦᚢᛋ,383
duplicators,154195,0,ᛞᚢᛈᛚᛁᚳᚪᛏᚩᚱᛋ,479
decoherence,154170,0,ᛞᛖᚳᚩᚻᛖᚱᛖᚾᚳᛖ,453
supplicated,154114,0,ᛋᚢᛈᛈᛚᛁᚳᚪᛏᛖᛞ,571
proprietory,154085,0,ᛈᚱᚩᛈᚱᛁᛖᛏᚩᚱᚣ,393
areopagitica,153832,0,ᚪᚱᛇᛈᚪᚷᛁᛏᛁᚳᚪ,537
calculative,153502,0,ᚳᚪᛚᚳᚢᛚᚪᛏᛁᚢᛖ,529
landsteiner,153193,0,ᛚᚪᚾᛞᛋᛏᛖᛁᚾᛖᚱ,605
reformatted,153042,0,ᚱᛖᚠᚩᚱᛗᚪᛏᛏᛖᛞ,540
thundercloud,153040,0,ᚦᚢᚾᛞᛖᚱᚳᛚᚩᚢᛞ,389
instantiates,153011,0,ᛁᚾᛋᛏᚪᚾᛏᛡᛏᛖᛋ,643
womanliness,152787,0,ᚹᚩᛗᚪᚾᛚᛁᚾᛖᛋᛋ,529
unadvisable,152714,0,ᚢᚾᚪᛞᚢᛁᛋᚪᛒᛚᛖ,603
flamboyance,152609,0,ᚠᛚᚪᛗᛒᚩᚣᚪᚾᚳᛖ,620
preliterate,152458,0,ᛈᚱᛖᛚᛁᛏᛖᚱᚪᛏᛖ,585
interlayers,152241,0,ᛁᚾᛏᛖᚱᛚᚪᚣᛖᚱᛋ,601
repertories,152074,0,ᚱᛖᛈᛖᚱᛏᚩᚱᛁᛖᛋ,427
repertorium,151947,0,ᚱᛖᛈᛖᚱᛏᚩᚱᛁᚢᛗ,381
reliquaries,151906,0,ᚱᛖᛚᛁᚳᚹᚪᚱᛁᛖᛋ,473
displaceable,151880,0,ᛞᛁᛋᛈᛚᚪᚳᛠᛒᛚᛖ,709
formulators,151593,0,ᚠᚩᚱᛗᚢᛚᚪᛏᚩᚱᛋ,394
postposition,151531,0,ᛈᚩᛋᛏᛈᚩᛋᛁᛏᛡᚾ,491
assignations,151510,0,ᚪᛋᛋᛁᚷᚾᚪᛏᛡᚾᛋ,625
sisterhoods,151329,0,ᛋᛁᛋᛏᛖᚱᚻᚩᚩᛞᛋ,453
capacitated,151295,0,ᚳᚪᛈᚪᚳᛁᛏᚪᛏᛖᛞ,665
destabilise,151200,0,ᛞᛖᛋᛏᚪᛒᛁᛚᛁᛋᛖ,681
ultramodern,150994,0,ᚢᛚᛏᚱᚪᛗᚩᛞᛖᚱᚾ,517
copyholders,150872,0,ᚳᚩᛈᚣᚻᚩᛚᛞᛖᚱᛋ,489
denumerable,150858,0,ᛞᛖᚾᚢᛗᛖᚱᚪᛒᛚᛖ,635
transudation,150740,0,ᛏᚱᚪᚾᛋᚢᛞᚪᛏᛡᚾ,633
evasiveness,150635,0,ᛖᚢᚪᛋᛁᚢᛖᚾᛖᛋᛋ,523
complacence,150603,0,ᚳᚩᛗᛈᛚᚪᚳᛖᚾᚳᛖ,493
peronospora,150535,0,ᛈᛖᚱᚩᚾᚩᛋᛈᚩᚱᚪ,375
taxonomical,150490,0,ᛏᚪᛉᚩᚾᚩᛗᛁᚳᚪᛚ,531
quadratures,150481,0,ᚳᚹᚪᛞᚱᚪᛏᚢᚱᛖᛋ,519
nasalization,150241,0,ᚾᚪᛋᚪᛚᛁᛋᚪᛏᛡᚾ,725
phanerogams,150229,0,ᛈᚻᚪᚾᛖᚱᚩᚷᚪᛗᛋ,515
homological,150142,0,ᚻᚩᛗᚩᛚᚩᚷᛁᚳᚪᛚ,419
unobservant,150121,0,ᚢᚾᚩᛒᛋᛖᚱᚢᚪᚾᛏ,419
menstruated,150110,0,ᛗᛖᚾᛋᛏᚱᚢᚪᛏᛖᛞ,605
clarinetist,150084,0,ᚳᛚᚪᚱᛁᚾᛖᛏᛁᛋᛏ,523
plutocratic,149962,0,ᛈᛚᚢᛏᚩᚳᚱᚪᛏᛁᚳ,409
podophyllum,149945,0,ᛈᚩᛞᚩᛈᚻᚣᛚᛚᚢᛗ,535
nasturtiums,149901,0,ᚾᚪᛋᛏᚢᚱᛏᛁᚢᛗᛋ,469
unsegmented,149888,0,ᚢᚾᛋᛖᚷᛗᛖᚾᛏᛖᛞ,551
sienkiewicz,149752,0,ᛋᛁᛖᚾᚳᛁᛖᚹᛁᚳᛋ,407
invigorates,149728,0,ᛁᚾᚢᛁᚷᚩᚱᚪᛏᛖᛋ,405
hyperboloid,149312,0,ᚻᚣᛈᛖᚱᛒᚩᛚᚩᛁᛞ,515
stupidities,149104,0,ᛋᛏᚢᛈᛁᛞᛁᛏᛁᛖᛋ,519
concavities,149095,0,ᚳᚩᚾᚳᚪᚢᛁᛏᛁᛖᛋ,403
suppressions,149077,0,ᛋᚢᛈᛈᚱᛖᛋᛋᛡᚾᛋ,515
printmakers,149006,0,ᛈᚱᛁᚾᛏᛗᚪᚳᛖᚱᛋ,485
achlorhydria,148790,0,ᚪᚳᚻᛚᚩᚱᚻᚣᛞᚱᛡ,557
uninsurable,148704,0,ᚢᚾᛁᚾᛋᚢᚱᚪᛒᛚᛖ,457
tutankhamen,148702,0,ᛏᚢᛏᚪᚾᚳᚻᚪᛗᛖᚾ,547
switchblade,148600,0,ᛋᚹᛁᛏᚳᚻᛒᛚᚪᛞᛖ,585
phylogenies,148527,0,ᛈᚻᚣᛚᚩᚷᛖᚾᛁᛖᛋ,513
unpigmented,148515,0,ᚢᚾᛈᛁᚷᛗᛖᚾᛏᛖᛞ,505
alexandrina,148475,0,ᚪᛚᛖᛉᚪᚾᛞᚱᛁᚾᚪ,667
misbegotten,148335,0,ᛗᛁᛋᛒᛖᚷᚩᛏᛏᛖᚾ,521
undershirts,148327,0,ᚢᚾᛞᛖᚱᛋᚻᛁᚱᛏᛋ,429
rededication,148271,0,ᚱᛖᛞᛖᛞᛁᚳᚪᛏᛡᚾ,659
externalize,148158,0,ᛖᛉᛏᛖᚱᚾᚪᛚᛁᛋᛖ,601
soundproofing,147976,0,ᛋᚩᚢᚾᛞᛈᚱᚩᚩᚠᛝ,330
fluoroscope,147772,0,ᚠᛚᚢᚩᚱᚩᛋᚳᚩᛈᛖ,286
paternalist,147729,0,ᛈᚪᛏᛖᚱᚾᚪᛚᛁᛋᛏ,619
oncological,147684,0,ᚩᚾᚳᚩᛚᚩᚷᛁᚳᚪᛚ,367
pediculosis,147664,0,ᛈᛖᛞᛁᚳᚢᛚᚩᛋᛁᛋ,463
synchronising,147592,0,ᛋᚣᚾᚳᚻᚱᚩᚾᛁᛋᛝ,431
oligopolies,147557,0,ᚩᛚᛁᚷᚩᛈᚩᛚᛁᛖᛋ,409
phytologist,147464,0,ᛈᚻᚣᛏᚩᛚᚩᚷᛁᛋᛏ,475
consistorial,147280,0,ᚳᚩᚾᛋᛁᛋᛏᚩᚱᛡᛚ,443
spirochaetes,146889,0,ᛋᛈᛁᚱᚩᚳᚻᚫᛏᛖᛋ,461
warrantable,146848,0,ᚹᚪᚱᚱᚪᚾᛏᚪᛒᛚᛖ,621
passiveness,146813,0,ᛈᚪᛋᛋᛁᚢᛖᚾᛖᛋᛋ,549
unflappable,146688,0,ᚢᚾᚠᛚᚪᛈᛈᚪᛒᛚᛖ,588
reclamations,146625,0,ᚱᛖᚳᛚᚪᛗᚪᛏᛡᚾᛋ,677
pressurizer,146355,0,ᛈᚱᛖᛋᛋᚢᚱᛁᛋᛖᚱ,403
fieldworker,146263,0,ᚠᛁᛖᛚᛞᚹᚩᚱᚳᛖᚱ,390
audiovisuals,146251,0,ᚪᚢᛞᛡᚢᛁᛋᚢᚪᛚᛋ,609
thrombocytes,146075,0,ᚦᚱᚩᛗᛒᚩᚳᚣᛏᛖᛋ,457
depreciations,146030,0,ᛞᛖᛈᚱᛖᚳᛡᛏᛡᚾᛋ,645
canaliculus,145952,0,ᚳᚪᚾᚪᛚᛁᚳᚢᛚᚢᛋ,485
catchphrase,145773,0,ᚳᚪᛏᚳᚻᛈᚻᚱᚪᛋᛖ,499
coppersmiths,145762,0,ᚳᚩᛈᛈᛖᚱᛋᛗᛁᚦᛋ,397
gametocytes,145721,0,ᚷᚪᛗᛖᛏᚩᚳᚣᛏᛖᛋ,613
trailblazer,145643,0,ᛏᚱᚪᛁᛚᛒᛚᚪᛋᛖᚱ,633
practicably,145639,0,ᛈᚱᚪᚳᛏᛁᚳᚪᛒᛚᚣ,601
reformative,145594,0,ᚱᛖᚠᚩᚱᛗᚪᛏᛁᚢᛖ,426
subinterval,145498,0,ᛋᚢᛒᛁᚾᛏᛖᚱᚢᚪᛚ,487
brickmakers,145480,0,ᛒᚱᛁᚳᚳᛗᚪᚳᛖᚱᛋ,441
familiarised,145450,0,ᚠᚪᛗᛁᛚᛡᚱᛁᛋᛖᛞ,632
pasteurizer,145151,0,ᛈᚪᛋᛏᛖᚢᚱᛁᛋᛖᚱ,495
backtracked,145130,0,ᛒᚪᚳᚳᛏᚱᚪᚳᚳᛖᛞ,533
hillbillies,145088,0,ᚻᛁᛚᛚᛒᛁᛚᛚᛁᛖᛋ,589
voluntaries,145069,0,ᚢᚩᛚᚢᚾᛏᚪᚱᛁᛖᛋ,433
adversative,145010,0,ᚪᛞᚢᛖᚱᛋᚪᛏᛁᚢᛖ,577
restauration,144906,0,ᚱᛖᛋᛏᚪᚢᚱᚪᛏᛡᚾ,593
amphitheatres,144626,0,ᚪᛗᛈᚻᛁᚦᛠᛏᚱᛖᛋ,569
touchscreen,144385,0,ᛏᚩᚢᚳᚻᛋᚳᚱᛖᛖᚾ,345
prosaically,144356,0,ᛈᚱᚩᛋᚪᛁᚳᚪᛚᛚᚣ,601
cognoscenti,144266,0,ᚳᚩᚷᚾᚩᛋᚳᛖᚾᛏᛁ,325
glabrescent,144217,0,ᚷᛚᚪᛒᚱᛖᛋᚳᛖᚾᛏ,547
disposables,144179,0,ᛞᛁᛋᛈᚩᛋᚪᛒᛚᛖᛋ,627
inhabitable,144056,0,ᛁᚾᚻᚪᛒᛁᛏᚪᛒᛚᛖ,629
regurgitate,144017,0,ᚱᛖᚷᚢᚱᚷᛁᛏᚪᛏᛖ,439
demystified,143631,0,ᛞᛖᛗᚣᛋᛏᛁᚠᛁᛖᛞ,662
ineffaceable,143629,0,ᛁᚾᛖᚠᚠᚪᚳᛠᛒᛚᛖ,551
intermitted,143527,0,ᛁᚾᛏᛖᚱᛗᛁᛏᛏᛖᛞ,573
gentilhomme,143518,0,ᚷᛖᚾᛏᛁᛚᚻᚩᛗᛗᛖ,515
slaughterer,143491,0,ᛋᛚᚪᚢᚷᚻᛏᛖᚱᛖᚱ,481
deprecatingly,143163,0,ᛞᛖᛈᚱᛖᚳᚪᛏᛝᛚᚣ,701
litterateur,142997,0,ᛚᛁᛏᛏᛖᚱᚪᛏᛖᚢᚱ,537
deliberates,142826,0,ᛞᛖᛚᛁᛒᛖᚱᚪᛏᛖᛋ,675
nonverbally,142545,0,ᚾᚩᚾᚢᛖᚱᛒᚪᛚᛚᚣ,553
unpredicted,142526,0,ᚢᚾᛈᚱᛖᛞᛁᚳᛏᛖᛞ,501
frivolously,142488,0,ᚠᚱᛁᚢᚩᛚᚩᚢᛋᛚᚣ,366
shelterbelt,142316,0,ᛋᚻᛖᛚᛏᛖᚱᛒᛖᛚᛏ,613
dockworkers,142245,0,ᛞᚩᚳᚳᚹᚩᚱᚳᛖᚱᛋ,303
esotericism,142234,0,ᛖᛋᚩᛏᛖᚱᛁᚳᛁᛋᛗ,463
chinchillas,141991,0,ᚳᚻᛁᚾᚳᚻᛁᛚᛚᚪᛋ,459
disillusioning,141910,0,ᛞᛁᛋᛁᛚᛚᚢᛋᛡᚾᛝ,621
polydactyly,141853,0,ᛈᚩᛚᚣᛞᚪᚳᛏᚣᛚᚣ,763
roundtables,141845,0,ᚱᚩᚢᚾᛞᛏᚪᛒᛚᛖᛋ,549
precipitins,141831,0,ᛈᚱᛖᚳᛁᛈᛁᛏᛁᚾᛋ,411
frostbitten,141630,0,ᚠᚱᚩᛋᛏᛒᛁᛏᛏᛖᚾ,438
metrorrhagia,141585,0,ᛗᛖᛏᚱᚩᚱᚱᚻᚪᚷᛡ,481
interallied,141290,0,ᛁᚾᛏᛖᚱᚪᛚᛚᛁᛖᛞ,627
juridically,140996,0,ᛂᚢᚱᛁᛞᛁᚳᚪᛚᛚᚣ,561
laughingstock,140887,0,ᛚᚪᚢᚷᚻᛝᛋᛏᚩᚳᚳ,437
summability,140880,0,ᛋᚢᛗᛗᚪᛒᛁᛚᛁᛏᚣ,653
speakerphone,140571,0,ᛋᛈᛠᚳᛖᚱᛈᚻᚩᚾᛖ,465
trinitarians,140408,0,ᛏᚱᛁᚾᛁᛏᚪᚱᛡᚾᛋ,517
extraverted,140392,0,ᛖᛉᛏᚱᚪᚢᛖᚱᛏᛖᛞ,577
floodlighting,140387,0,ᚠᛚᚩᚩᛞᛚᛁᚷᚻᛏᛝ,460
disputatious,140168,0,ᛞᛁᛋᛈᚢᛏᚪᛏᛡᚢᛋ,597
taskmasters,140065,0,ᛏᚪᛋᚳᛗᚪᛋᛏᛖᚱᛋ,633
myriophyllum,139729,0,ᛗᚣᚱᛡᛈᚻᚣᛚᛚᚢᛗ,681
pharisaical,139648,0,ᛈᚻᚪᚱᛁᛋᚪᛁᚳᚪᛚ,569
schistosome,139642,0,ᛋᚳᚻᛁᛋᛏᚩᛋᚩᛗᛖ,437
antirrhinum,139456,0,ᚪᚾᛏᛁᚱᚱᚻᛁᚾᚢᛗ,395
renegotiable,139273,0,ᚱᛖᚾᛖᚷᚩᛏᛡᛒᛚᛖ,565
motorization,139153,0,ᛗᚩᛏᚩᚱᛁᛋᚪᛏᛡᚾ,531
undesirably,138892,0,ᚢᚾᛞᛖᛋᛁᚱᚪᛒᛚᚣ,617
intergrades,138825,0,ᛁᚾᛏᛖᚱᚷᚱᚪᛞᛖᛋ,531
transalpine,138691,0,ᛏᚱᚪᚾᛋᚪᛚᛈᛁᚾᛖ,589
eurodollars,138661,0,ᛖᚢᚱᚩᛞᚩᛚᛚᚪᚱᛋ,491
feudalistic,138619,0,ᚠᛖᚢᛞᚪᛚᛁᛋᛏᛁᚳ,518
hippopotami,138469,0,ᚻᛁᛈᛈᚩᛈᚩᛏᚪᛗᛁ,455
vigilantism,138340,0,ᚢᛁᚷᛁᛚᚪᚾᛏᛁᛋᛗ,495
watchtowers,138210,0,ᚹᚪᛏᚳᚻᛏᚩᚹᛖᚱᛋ,427
eliminators,138044,0,ᛖᛚᛁᛗᛁᚾᚪᛏᚩᚱᛋ,529
underpasses,138006,0,ᚢᚾᛞᛖᚱᛈᚪᛋᛋᛖᛋ,565
chaotically,137894,0,ᚳᚻᚪᚩᛏᛁᚳᚪᛚᛚᚣ,589
unspiritual,137790,0,ᚢᚾᛋᛈᛁᚱᛁᛏᚢᚪᛚ,433
individuating,137565,0,ᛁᚾᛞᛁᚢᛁᛞᚢᚪᛏᛝ,541
bullfighter,137336,0,ᛒᚢᛚᛚᚠᛁᚷᚻᛏᛖᚱ,420
residentiary,137321,0,ᚱᛖᛋᛁᛞᛖᚾᛏᛡᚱᚣ,627
orchiectomy,137180,0,ᚩᚱᚳᚻᛁᛖᚳᛏᚩᛗᚣ,405
irredentist,137103,0,ᛁᚱᚱᛖᛞᛖᚾᛏᛁᛋᛏ,507
unadvisedly,137042,0,ᚢᚾᚪᛞᚢᛁᛋᛖᛞᛚᚣ,637
bibliophiles,136992,0,ᛒᛁᛒᛚᛡᛈᚻᛁᛚᛖᛋ,623
insectivora,136951,0,ᛁᚾᛋᛖᚳᛏᛁᚢᚩᚱᚪ,401
reclassifying,136931,0,ᚱᛖᚳᛚᚪᛋᛋᛁᚠᚣᛝ,582
electorally,136923,0,ᛖᛚᛖᚳᛏᚩᚱᚪᛚᛚᚣ,643
itinerarium,136868,0,ᛁᛏᛁᚾᛖᚱᚪᚱᛁᚢᛗ,441
admittances,136669,0,ᚪᛞᛗᛁᛏᛏᚪᚾᚳᛖᛋ,665
liriodendron,136369,0,ᛚᛁᚱᛡᛞᛖᚾᛞᚱᚩᚾ,543
plasterwork,136297,0,ᛈᛚᚪᛋᛏᛖᚱᚹᚩᚱᚳ,453
sceptically,136273,0,ᛋᚳᛖᛈᛏᛁᚳᚪᛚᛚᚣ,625
multiparous,136202,0,ᛗᚢᛚᛏᛁᛈᚪᚱᚩᚢᛋ,451
encrustation,136100,0,ᛖᚾᚳᚱᚢᛋᛏᚪᛏᛡᚾ,527
stomachache,135997,0,ᛋᛏᚩᛗᚪᚳᚻᚪᚳᚻᛖ,523
bespattered,135881,0,ᛒᛖᛋᛈᚪᛏᛏᛖᚱᛖᛞ,673
minnesotans,135868,0,ᛗᛁᚾᚾᛖᛋᚩᛏᚪᚾᛋ,525
inequitably,135779,0,ᛁᚾᛖᚳᚹᛁᛏᚪᛒᛚᚣ,583
unseparated,135440,0,ᚢᚾᛋᛖᛈᚪᚱᚪᛏᛖᛞ,615
myeloblasts,135358,0,ᛗᚣᛖᛚᚩᛒᛚᚪᛋᛏᛋ,717
paraplegics,135148,0,ᛈᚪᚱᚪᛈᛚᛖᚷᛁᚳᛋ,545
sinuosities,135114,0,ᛋᛁᚾᚢᚩᛋᛁᛏᛁᛖᛋ,417
renunciations,135101,0,ᚱᛖᚾᚢᚾᚳᛡᛏᛡᚾᛋ,507
redecoration,135048,0,ᚱᛖᛞᛖᚳᚩᚱᚪᛏᛡᚾ,557
autoignition,135004,0,ᚪᚢᛏᚩᛁᚷᚾᛁᛏᛡᚾ,469
parachutist,134870,0,ᛈᚪᚱᚪᚳᚻᚢᛏᛁᛋᛏ,489
sporophytes,134778,0,ᛋᛈᚩᚱᚩᛈᚻᚣᛏᛖᛋ,469
dipterocarp,134773,0,ᛞᛁᛈᛏᛖᚱᚩᚳᚪᚱᛈ,471
spendthrifts,134738,0,ᛋᛈᛖᚾᛞᚦᚱᛁᚠᛏᛋ,442
revalidation,134281,0,ᚱᛖᚢᚪᛚᛁᛞᚪᛏᛡᚾ,663
painfulness,134108,0,ᛈᚪᛁᚾᚠᚢᛚᚾᛖᛋᛋ,480
attenuations,133907,0,ᚪᛏᛏᛖᚾᚢᚪᛏᛡᚾᛋ,659
overburdening,133831,0,ᚩᚢᛖᚱᛒᚢᚱᛞᛖᚾᛝ,427
inexcusably,133691,0,ᛁᚾᛖᛉᚳᚢᛋᚪᛒᛚᚣ,577
vulgarities,133679,0,ᚢᚢᛚᚷᚪᚱᛁᛏᛁᛖᛋ,445
antecubital,133659,0,ᚪᚾᛏᛖᚳᚢᛒᛁᛏᚪᛚ,589
concatenate,133519,0,ᚳᚩᚾᚳᚪᛏᛖᚾᚪᛏᛖ,537
bangladeshis,133512,0,ᛒᚪᛝᛚᚪᛞᛖᛋᚻᛁᛋ,723
sparrowhawk,133468,0,ᛋᛈᚪᚱᚱᚩᚹᚻᚪᚹᚳ,393
gerrymander,133453,0,ᚷᛖᚱᚱᚣᛗᚪᚾᛞᛖᚱ,573
cosmopolite,133289,0,ᚳᚩᛋᛗᚩᛈᚩᛚᛁᛏᛖ,431
milliammeter,133191,0,ᛗᛁᛚᛚᛡᛗᛗᛖᛏᛖᚱ,701
spokespeople,133142,0,ᛋᛈᚩᚳᛖᛋᛈᛇᛈᛚᛖ,503
inhabitation,132887,0,ᛁᚾᚻᚪᛒᛁᛏᚪᛏᛡᚾ,623
escapements,132862,0,ᛖᛋᚳᚪᛈᛖᛗᛖᚾᛏᛋ,619
computerize,132680,0,ᚳᚩᛗᛈᚢᛏᛖᚱᛁᛋᛖ,425
immigrations,132637,0,ᛁᛗᛗᛁᚷᚱᚪᛏᛡᚾᛋ,577
marylanders,132596,0,ᛗᚪᚱᚣᛚᚪᚾᛞᛖᚱᛋ,701
terebratula,132456,0,ᛏᛖᚱᛖᛒᚱᚪᛏᚢᛚᚪ,605
artlessness,132371,0,ᚪᚱᛏᛚᛖᛋᛋᚾᛖᛋᛋ,615
unforgotten,132072,0,ᚢᚾᚠᚩᚱᚷᚩᛏᛏᛖᚾ,290
asseveration,132072,0,ᚪᛋᛋᛖᚢᛖᚱᚪᛏᛡᚾ,643
keratoconus,132039,0,ᚳᛖᚱᚪᛏᚩᚳᚩᚾᚢᛋ,359
wallflowers,131828,0,ᚹᚪᛚᛚᚠᛚᚩᚹᛖᚱᛋ,494
houseplants,131672,0,ᚻᚩᚢᛋᛖᛈᛚᚪᚾᛏᛋ,507
malversation,131554,0,ᛗᚪᛚᚢᛖᚱᛋᚪᛏᛡᚾ,667
nominalists,131518,0,ᚾᚩᛗᛁᚾᚪᛚᛁᛋᛏᛋ,533
adaptational,131496,0,ᚪᛞᚪᛈᛏᚪᛏᛡᚾᚪᛚ,847
tuberculoid,131226,0,ᛏᚢᛒᛖᚱᚳᚢᛚᚩᛁᛞ,417
xerophthalmia,131224,0,ᛉᛖᚱᚩᛈᚻᚦᚪᛚᛗᛡ,551
jejunostomy,131178,0,ᛂᛖᛂᚢᚾᚩᛋᛏᚩᛗᚣ,473
yesternight,131164,0,ᚣᛖᛋᛏᛖᚱᚾᛁᚷᚻᛏ,519
focalization,131162,0,ᚠᚩᚳᚪᛚᛁᛋᚪᛏᛡᚾ,568
turnarounds,131129,0,ᛏᚢᚱᚾᚪᚱᚩᚢᚾᛞᛋ,391
goldfinches,131119,0,ᚷᚩᛚᛞᚠᛁᚾᚳᚻᛖᛋ,404
embassadors,130867,0,ᛖᛗᛒᚪᛋᛋᚪᛞᚩᚱᛋ,659
functionless,130815,0,ᚠᚢᚾᚳᛏᛡᚾᛚᛖᛋᛋ,488
counterbore,130568,0,ᚳᚩᚢᚾᛏᛖᚱᛒᚩᚱᛖ,335
dromedaries,130478,0,ᛞᚱᚩᛗᛖᛞᚪᚱᛁᛖᛋ,593
incompleted,130217,0,ᛁᚾᚳᚩᛗᛈᛚᛖᛏᛖᛞ,549
autocracies,130066,0,ᚪᚢᛏᚩᚳᚱᚪᚳᛁᛖᛋ,451
retroflexion,129968,0,ᚱᛖᛏᚱᚩᚠᛚᛖᛉᛡᚾ,480
continuator,129940,0,ᚳᚩᚾᛏᛁᚾᚢᚪᛏᚩᚱ,345
interrelating,129799,0,ᛁᚾᛏᛖᚱᚱᛖᛚᚪᛏᛝ,583
terminators,129225,0,ᛏᛖᚱᛗᛁᚾᚪᛏᚩᚱᛋ,495
antistrophe,129150,0,ᚪᚾᛏᛁᛋᛏᚱᚩᛈᚻᛖ,479
fascinatingly,129069,0,ᚠᚪᛋᚳᛁᚾᚪᛏᛝᛚᚣ,636
liposarcoma,129017,0,ᛚᛁᛈᚩᛋᚪᚱᚳᚩᛗᚪ,503
unrepeatable,128992,0,ᚢᚾᚱᛖᛈᛠᛏᚪᛒᛚᛖ,619
aggregators,128968,0,ᚪᚷᚷᚱᛖᚷᚪᛏᚩᚱᛋ,453
assistances,128913,0,ᚪᛋᛋᛁᛋᛏᚪᚾᚳᛖᛋ,605
obsequiously,128705,0,ᚩᛒᛋᛖᚳᚹᛡᚢᛋᛚᚣ,559
antimissile,128633,0,ᚪᚾᛏᛁᛗᛁᛋᛋᛁᛚᛖ,595
managership,128515,0,ᛗᚪᚾᚪᚷᛖᚱᛋᚻᛁᛈ,539
nonconscious,128426,0,ᚾᚩᚾᚳᚩᚾᛋᚳᛡᚢᛋ,343
occidentals,128418,0,ᚩᚳᚳᛁᛞᛖᚾᛏᚪᛚᛋ,531
elaborative,128337,0,ᛖᛚᚪᛒᚩᚱᚪᛏᛁᚢᛖ,573
intermarrying,128232,0,ᛁᚾᛏᛖᚱᛗᚪᚱᚱᚣᛝ,569
oligochaetes,128230,0,ᚩᛚᛁᚷᚩᚳᚻᚫᛏᛖᛋ,451
adjudicates,127829,0,ᚪᛞᛂᚢᛞᛁᚳᚪᛏᛖᛋ,635
cottontails,127821,0,ᚳᚩᛏᛏᚩᚾᛏᚪᛁᛚᛋ,487
unpersuaded,127762,0,ᚢᚾᛈᛖᚱᛋᚢᚪᛞᛖᛞ,551
retrograded,127486,0,ᚱᛖᛏᚱᚩᚷᚱᚪᛞᛖᛞ,525
crenellated,127483,0,ᚳᚱᛖᚾᛖᛚᛚᚪᛏᛖᛞ,645
muscularity,127430,0,ᛗᚢᛋᚳᚢᛚᚪᚱᛁᛏᚣ,517
uninflected,127286,0,ᚢᚾᛁᚾᚠᛚᛖᚳᛏᛖᛞ,462
terpsichore,127157,0,ᛏᛖᚱᛈᛋᛁᚳᚻᚩᚱᛖ,385
reversioners,127135,0,ᚱᛖᚢᛖᚱᛋᛡᚾᛖᚱᛋ,479
gorgeousness,127071,0,ᚷᚩᚱᚷᛇᚢᛋᚾᛖᛋᛋ,351
wildenstein,126830,0,ᚹᛁᛚᛞᛖᚾᛋᛏᛖᛁᚾ,547
invigoration,126822,0,ᛁᚾᚢᛁᚷᚩᚱᚪᛏᛡᚾ,421
outperforming,126777,0,ᚩᚢᛏᛈᛖᚱᚠᚩᚱᛗᛝ,360
unreclaimed,126758,0,ᚢᚾᚱᛖᚳᛚᚪᛁᛗᛖᛞ,551
sinlessness,126712,0,ᛋᛁᚾᛚᛖᛋᛋᚾᛖᛋᛋ,561
basketmaker,126697,0,ᛒᚪᛋᚳᛖᛏᛗᚪᚳᛖᚱ,609
unreceptive,126685,0,ᚢᚾᚱᛖᚳᛖᛈᛏᛁᚢᛖ,393
crocodilians,126513,0,ᚳᚱᚩᚳᚩᛞᛁᛚᛡᚾᛋ,433
commiserating,126474,0,ᚳᚩᛗᛗᛁᛋᛖᚱᚪᛏᛝ,559
snapdragons,126451,0,ᛋᚾᚪᛈᛞᚱᚪᚷᚩᚾᛋ,525
grandstands,126376,0,ᚷᚱᚪᚾᛞᛋᛏᚪᚾᛞᛋ,623
fretfulness,126343,0,ᚠᚱᛖᛏᚠᚢᛚᚾᛖᛋᛋ,419
transfiguring,126202,0,ᛏᚱᚪᚾᛋᚠᛁᚷᚢᚱᛝ,392
embryologic,126107,0,ᛖᛗᛒᚱᚣᚩᛚᚩᚷᛁᚳ,461
meteorologic,125995,0,ᛗᛖᛏᛇᚱᚩᛚᚩᚷᛁᚳ,397
ungratefully,125805,0,ᚢᛝᚱᚪᛏᛖᚠᚢᛚᛚᚣ,570
reimposition,125691,0,ᚱᛖᛁᛗᛈᚩᛋᛁᛏᛡᚾ,509
athletically,125687,0,ᚪᚦᛚᛖᛏᛁᚳᚪᛚᛚᚣ,691
imprecisely,125685,0,ᛁᛗᛈᚱᛖᚳᛁᛋᛖᛚᚣ,563
shantytowns,125648,0,ᛋᚻᚪᚾᛏᚣᛏᚩᚹᚾᛋ,531
exenteration,125548,0,ᛖᛉᛖᚾᛏᛖᚱᚪᛏᛡᚾ,639
amelanchier,125499,0,ᚪᛗᛖᛚᚪᚾᚳᚻᛁᛖᚱ,579
underplayed,125347,0,ᚢᚾᛞᛖᚱᛈᛚᚪᚣᛖᛞ,671
sporophores,125250,0,ᛋᛈᚩᚱᚩᛈᚻᚩᚱᛖᛋ,325
romanticizing,124961,0,ᚱᚩᛗᚪᚾᛏᛁᚳᛁᛋᛝ,481
unfeignedly,124930,0,ᚢᚾᚠᛖᛁᚷᚾᛖᛞᛚᚣ,510
unhurriedly,124921,0,ᚢᚾᚻᚢᚱᚱᛁᛖᛞᛚᚣ,443
typification,124882,0,ᛏᚣᛈᛁᚠᛁᚳᚪᛏᛡᚾ,574
microseisms,124747,0,ᛗᛁᚳᚱᚩᛋᛖᛁᛋᛗᛋ,461
senselessly,124648,0,ᛋᛖᚾᛋᛖᛚᛖᛋᛋᛚᚣ,691
onomatopoeic,124631,0,ᚩᚾᚩᛗᚪᛏᚩᛈᛟᛁᚳ,447
revitalised,124620,0,ᚱᛖᚢᛁᛏᚪᛚᛁᛋᛖᛞ,581
centerlines,124335,0,ᚳᛖᚾᛏᛖᚱᛚᛁᚾᛖᛋ,499
recalculating,124303,0,ᚱᛖᚳᚪᛚᚳᚢᛚᚪᛏᛝ,585
shoplifters,124187,0,ᛋᚻᚩᛈᛚᛁᚠᛏᛖᚱᛋ,422
intercooler,124146,0,ᛁᚾᛏᛖᚱᚳᚩᚩᛚᛖᚱ,375
liquidambar,123910,0,ᛚᛁᚳᚹᛁᛞᚪᛗᛒᚪᚱ,593
americanize,123888,0,ᚪᛗᛖᚱᛁᚳᚪᚾᛁᛋᛖ,567
synchronise,123830,0,ᛋᚣᚾᚳᚻᚱᚩᚾᛁᛋᛖ,419
precociously,123815,0,ᛈᚱᛖᚳᚩᚳᛡᚢᛋᛚᚣ,493
traversable,123779,0,ᛏᚱᚪᚢᛖᚱᛋᚪᛒᛚᛖ,599
epithalamium,123741,0,ᛖᛈᛁᚦᚪᛚᚪᛗᛁᚢᛗ,589
solarization,123695,0,ᛋᚩᛚᚪᚱᛁᛋᚪᛏᛡᚾ,617
pentlandite,123659,0,ᛈᛖᚾᛏᛚᚪᚾᛞᛁᛏᛖ,643
philatelist,123605,0,ᛈᚻᛁᛚᚪᛏᛖᛚᛁᛋᛏ,609
godlessness,123524,0,ᚷᚩᛞᛚᛖᛋᛋᚾᛖᛋᛋ,561
aimlessness,123482,0,ᚪᛁᛗᛚᛖᛋᛋᚾᛖᛋᛋ,647
sabbaticals,123475,0,ᛋᚪᛒᛒᚪᛏᛁᚳᚪᛚᛋ,695
megalomaniac,123146,0,ᛗᛖᚷᚪᛚᚩᛗᚪᚾᛡᚳ,649
desensitizing,123098,0,ᛞᛖᛋᛖᚾᛋᛁᛏᛁᛋᛝ,611
contrabands,123051,0,ᚳᚩᚾᛏᚱᚪᛒᚪᚾᛞᛋ,545
bookmobiles,122897,0,ᛒᚩᚩᚳᛗᚩᛒᛁᛚᛖᛋ,451
nonentities,122867,0,ᚾᚩᚾᛖᚾᛏᛁᛏᛁᛖᛋ,461
washingtonians,122749,0,ᚹᚪᛋᚻᛝᛏᚩᚾᛡᚾᛋ,555
restiveness,122740,0,ᚱᛖᛋᛏᛁᚢᛖᚾᛖᛋᛋ,493
copywriters,122679,0,ᚳᚩᛈᚣᚹᚱᛁᛏᛖᚱᛋ,417
ameliorations,122644,0,ᚪᛗᛖᛚᛡᚱᚪᛏᛡᚾᛋ,771
foremanship,122624,0,ᚠᚩᚱᛖᛗᚪᚾᛋᚻᛁᛈ,434
monopolizes,122486,0,ᛗᚩᚾᚩᛈᚩᛚᛁᛋᛖᛋ,441
overmatched,122458,0,ᚩᚢᛖᚱᛗᚪᛏᚳᚻᛖᛞ,507
hygrometers,122452,0,ᚻᚣᚷᚱᚩᛗᛖᛏᛖᚱᛋ,489
doppelganger,122271,0,ᛞᚩᛈᛈᛖᛚᚷᚪᛝᛖᚱ,593
tourniquets,122210,0,ᛏᚩᚢᚱᚾᛁᚳᚹᛖᛏᛋ,351
beneficient,122122,0,ᛒᛖᚾᛖᚠᛁᚳᛁᛖᚾᛏ,456
varicolored,122046,0,ᚢᚪᚱᛁᚳᚩᛚᚩᚱᛖᛞ,409
brigantines,122009,0,ᛒᚱᛁᚷᚪᚾᛏᛁᚾᛖᛋ,485
interspersing,121958,0,ᛁᚾᛏᛖᚱᛋᛈᛖᚱᛋᛝ,503
irrefutably,121857,0,ᛁᚱᚱᛖᚠᚢᛏᚪᛒᛚᚣ,518
offhandedly,121822,0,ᚩᚠᚠᚻᚪᚾᛞᛖᛞᛚᚣ,581
impressible,121776,0,ᛁᛗᛈᚱᛖᛋᛋᛁᛒᛚᛖ,561
implausibly,121743,0,ᛁᛗᛈᛚᚪᚢᛋᛁᛒᛚᚣ,639
uncommercial,121696,0,ᚢᚾᚳᚩᛗᛗᛖᚱᚳᛡᛚ,465
hydrometric,121507,0,ᚻᚣᛞᚱᚩᛗᛖᛏᚱᛁᚳ,485
curatorship,121480,0,ᚳᚢᚱᚪᛏᚩᚱᛋᚻᛁᛈ,351
hospitaller,121471,0,ᚻᚩᛋᛈᛁᛏᚪᛚᛚᛖᚱ,537
cannonballs,121294,0,ᚳᚪᚾᚾᚩᚾᛒᚪᛚᛚᛋ,561
recirculate,121193,0,ᚱᛖᚳᛁᚱᚳᚢᛚᚪᛏᛖ,445
embellishes,120569,0,ᛖᛗᛒᛖᛚᛚᛁᛋᚻᛖᛋ,639
nondramatic,120276,0,ᚾᚩᚾᛞᚱᚪᛗᚪᛏᛁᚳ,533
restfulness,120274,0,ᚱᛖᛋᛏᚠᚢᛚᚾᛖᛋᛋ,470
waterspouts,120135,0,ᚹᚪᛏᛖᚱᛋᛈᚩᚢᛏᛋ,471
laryngospasm,120042,0,ᛚᚪᚱᚣᛝᚩᛋᛈᚪᛋᛗ,687
denunciatory,119990,0,ᛞᛖᚾᚢᚾᚳᛡᛏᚩᚱᚣ,517
gallantries,119902,0,ᚷᚪᛚᛚᚪᚾᛏᚱᛁᛖᛋ,607
bereavements,119897,0,ᛒᛖᚱᛠᚢᛖᛗᛖᚾᛏᛋ,597
reprehended,119808,0,ᚱᛖᛈᚱᛖᚻᛖᚾᛞᛖᛞ,563
chauvinists,119621,0,ᚳᚻᚪᚢᚢᛁᚾᛁᛋᛏᛋ,395
sleepwalker,119596,0,ᛋᛚᛖᛖᛈᚹᚪᛚᚳᛖᚱ,583
superjacent,119548,0,ᛋᚢᛈᛖᚱᛂᚪᚳᛖᚾᛏ,479
phlebotomus,119541,0,ᛈᚻᛚᛖᛒᚩᛏᚩᛗᚢᛋ,467
kettledrums,119533,0,ᚳᛖᛏᛏᛚᛖᛞᚱᚢᛗᛋ,565
cabinetmaking,119441,0,ᚳᚪᛒᛁᚾᛖᛏᛗᚪᚳᛝ,617
unnavigable,119427,0,ᚢᚾᚾᚪᚢᛁᚷᚪᛒᛚᛖ,507
peccadilloes,119395,0,ᛈᛖᚳᚳᚪᛞᛁᛚᛚᛟᛋ,635
individuate,119253,0,ᛁᚾᛞᛁᚢᛁᛞᚢᚪᛏᛖ,529
trypsinogen,119124,0,ᛏᚱᚣᛈᛋᛁᚾᚩᚷᛖᚾ,449
porterhouse,118738,0,ᛈᚩᚱᛏᛖᚱᚻᚩᚢᛋᛖ,351
decremented,118731,0,ᛞᛖᚳᚱᛖᛗᛖᚾᛏᛖᛞ,629
articularly,118697,0,ᚪᚱᛏᛁᚳᚢᛚᚪᚱᛚᚣ,571
unrelentingly,118696,0,ᚢᚾᚱᛖᛚᛖᚾᛏᛝᛚᚣ,593
regimentals,118654,0,ᚱᛖᚷᛁᛗᛖᚾᛏᚪᛚᛋ,575
waterfronts,118578,0,ᚹᚪᛏᛖᚱᚠᚱᚩᚾᛏᛋ,414
clockmakers,118447,0,ᚳᛚᚩᚳᚳᛗᚪᚳᛖᚱᛋ,431
indecencies,118216,0,ᛁᚾᛞᛖᚳᛖᚾᚳᛁᛖᛋ,489
chloroprene,118205,0,ᚳᚻᛚᚩᚱᚩᛈᚱᛖᚾᛖ,351
encomiendas,117990,0,ᛖᚾᚳᚩᛗᛁᛖᚾᛞᚪᛋ,553
petrifaction,117989,0,ᛈᛖᛏᚱᛁᚠᚪᚳᛏᛡᚾ,518
homogenised,117981,0,ᚻᚩᛗᚩᚷᛖᚾᛁᛋᛖᛞ,461
translocate,117919,0,ᛏᚱᚪᚾᛋᛚᚩᚳᚪᛏᛖ,565
intuitionist,117854,0,ᛁᚾᛏᚢᛁᛏᛡᚾᛁᛋᛏ,491
courtliness,117670,0,ᚳᚩᚢᚱᛏᛚᛁᚾᛖᛋᛋ,399
concatenating,117638,0,ᚳᚩᚾᚳᚪᛏᛖᚾᚪᛏᛝ,549
matchsticks,117467,0,ᛗᚪᛏᚳᚻᛋᛏᛁᚳᚳᛋ,485
archegonium,117428,0,ᚪᚱᚳᚻᛖᚷᚩᚾᛁᚢᛗ,369
melodically,117425,0,ᛗᛖᛚᚩᛞᛁᚳᚪᛚᛚᚣ,697
skateboards,117364,0,ᛋᚳᚪᛏᛖᛒᚩᚪᚱᛞᛋ,607
exhibitioner,117333,0,ᛖᛉᚻᛁᛒᛁᛏᛡᚾᛖᚱ,533
coelenterata,117305,0,ᚳᛟᛚᛖᚾᛏᛖᚱᚪᛏᚪ,655
reapportioned,117228,0,ᚱᛠᛈᛈᚩᚱᛏᛡᚾᛖᛞ,575
intimidates,117177,0,ᛁᚾᛏᛁᛗᛁᛞᚪᛏᛖᛋ,617
depredators,117024,0,ᛞᛖᛈᚱᛖᛞᚪᛏᚩᚱᛋ,593
legitimists,116824,0,ᛚᛖᚷᛁᛏᛁᛗᛁᛋᛏᛋ,545
bluejackets,116743,0,ᛒᛚᚢᛖᛂᚪᚳᚳᛖᛏᛋ,543
trophozoite,116709,0,ᛏᚱᚩᛈᚻᚩᛋᚩᛁᛏᛖ,367
foresighted,116602,0,ᚠᚩᚱᛖᛋᛁᚷᚻᛏᛖᛞ,426
aponeurotic,116595,0,ᚪᛈᚩᚾᛖᚢᚱᚩᛏᛁᚳ,367
heinousness,116561,0,ᚻᛖᛁᚾᚩᚢᛋᚾᛖᛋᛋ,415
outdoorsman,116548,0,ᚩᚢᛏᛞᚩᚩᚱᛋᛗᚪᚾ,433
costiveness,116453,0,ᚳᚩᛋᛏᛁᚢᛖᚾᛖᛋᛋ,435
turnbuckles,116365,0,ᛏᚢᚱᚾᛒᚢᚳᚳᛚᛖᛋ,385
derelictions,116226,0,ᛞᛖᚱᛖᛚᛁᚳᛏᛡᚾᛋ,599
roughnesses,116171,0,ᚱᚩᚢᚷᚻᚾᛖᛋᛋᛖᛋ,383
kulturkampf,116148,0,ᚳᚢᛚᛏᚢᚱᚳᚪᛗᛈᚠ,388
redelivered,116135,0,ᚱᛖᛞᛖᛚᛁᚢᛖᚱᛖᛞ,575
incarcerating,116064,0,ᛁᚾᚳᚪᚱᚳᛖᚱᚪᛏᛝ,507
rhinestones,115958,0,ᚱᚻᛁᚾᛖᛋᛏᚩᚾᛖᛋ,429
diabolically,115819,0,ᛞᛡᛒᚩᛚᛁᚳᚪᛚᛚᚣ,727
chauffeured,115812,0,ᚳᚻᚪᚢᚠᚠᛖᚢᚱᛖᛞ,377
predigested,115771,0,ᛈᚱᛖᛞᛁᚷᛖᛋᛏᛖᛞ,593
motherboards,115741,0,ᛗᚩᚦᛖᚱᛒᚩᚪᚱᛞᛋ,479
intromission,115501,0,ᛁᚾᛏᚱᚩᛗᛁᛋᛋᛡᚾ,481
bactericide,115488,0,ᛒᚪᚳᛏᛖᚱᛁᚳᛁᛞᛖ,539
replenishes,115197,0,ᚱᛖᛈᛚᛖᚾᛁᛋᚻᛖᛋ,517
variableness,115100,0,ᚢᚪᚱᛡᛒᛚᛖᚾᛖᛋᛋ,621
steelworker,115073,0,ᛋᛏᛖᛖᛚᚹᚩᚱᚳᛖᚱ,447
consonances,115060,0,ᚳᚩᚾᛋᚩᚾᚪᚾᚳᛖᛋ,397
graphophone,114992,0,ᚷᚱᚪᛈᚻᚩᛈᚻᚩᚾᛖ,367
reappraisals,114924,0,ᚱᛠᛈᛈᚱᚪᛁᛋᚪᛚᛋ,621
unskilfully,114885,0,ᚢᚾᛋᚳᛁᛚᚠᚢᛚᛚᚣ,456
chokecherry,114824,0,ᚳᚻᚩᚳᛖᚳᚻᛖᚱᚱᚣ,351
hyperlipemia,114809,0,ᚻᚣᛈᛖᚱᛚᛁᛈᛖᛗᛡ,639
parathormone,114732,0,ᛈᚪᚱᚪᚦᚩᚱᛗᚩᚾᛖ,445
recalibrate,114652,0,ᚱᛖᚳᚪᛚᛁᛒᚱᚪᛏᛖ,587
schoolchild,114396,0,ᛋᚳᚻᚩᚩᛚᚳᚻᛁᛚᛞ,405
skulduggery,114173,0,ᛋᚳᚢᛚᛞᚢᚷᚷᛖᚱᚣ,449
leatherstocking,114143,0,ᛚᛠᚦᛖᚱᛋᛏᚩᚳᚳᛝ,489
hallelujahs,114136,0,ᚻᚪᛚᛚᛖᛚᚢᛂᚪᚻᛋ,619
disbelieves,114083,0,ᛞᛁᛋᛒᛖᛚᛁᛖᚢᛖᛋ,595
bloodcurdling,114067,0,ᛒᛚᚩᚩᛞᚳᚢᚱᛞᛚᛝ,505
hunchbacked,113995,0,ᚻᚢᚾᚳᚻᛒᚪᚳᚳᛖᛞ,431
vesiculation,113938,0,ᚢᛖᛋᛁᚳᚢᛚᚪᛏᛡᚾ,535
compunctions,113628,0,ᚳᚩᛗᛈᚢᚾᚳᛏᛡᚾᛋ,427
westernised,113505,0,ᚹᛖᛋᛏᛖᚱᚾᛁᛋᛖᛞ,545
murderously,113488,0,ᛗᚢᚱᛞᛖᚱᚩᚢᛋᛚᚣ,491
abracadabra,113460,0,ᚪᛒᚱᚪᚳᚪᛞᚪᛒᚱᚪ,731
hygrometric,113359,0,ᚻᚣᚷᚱᚩᛗᛖᛏᚱᛁᚳ,413
chloramines,113339,0,ᚳᚻᛚᚩᚱᚪᛗᛁᚾᛖᛋ,475
gastroscopy,113296,0,ᚷᚪᛋᛏᚱᚩᛋᚳᚩᛈᚣ,463
subsidences,113258,0,ᛋᚢᛒᛋᛁᛞᛖᚾᚳᛖᛋ,519
syphilitics,113116,0,ᛋᚣᛈᚻᛁᛚᛁᛏᛁᚳᛋ,513
hyperemesis,113059,0,ᚻᚣᛈᛖᚱᛖᛗᛖᛋᛁᛋ,589
teetotaller,113057,0,ᛏᛖᛖᛏᚩᛏᚪᛚᛚᛖᚱ,639
hospitalize,113034,0,ᚻᚩᛋᛈᛁᛏᚪᛚᛁᛋᛖ,537
microfossil,112974,0,ᛗᛁᚳᚱᚩᚠᚩᛋᛋᛁᛚ,352
doubleheader,112943,0,ᛞᚩᚢᛒᛚᛖᚻᛠᛞᛖᚱ,599
archdiocesan,112886,0,ᚪᚱᚳᚻᛞᛡᚳᛖᛋᚪᚾ,599
transfigure,112787,0,ᛏᚱᚪᚾᛋᚠᛁᚷᚢᚱᛖ,380
expectorate,112679,0,ᛖᛉᛈᛖᚳᛏᚩᚱᚪᛏᛖ,537
amercements,112228,0,ᚪᛗᛖᚱᚳᛖᛗᛖᚾᛏᛋ,605
broomsticks,112196,0,ᛒᚱᚩᚩᛗᛋᛏᛁᚳᚳᛋ,379
periwinkles,112059,0,ᛈᛖᚱᛁᚹᛁᚾᚳᛚᛖᛋ,437
chiropodist,111940,0,ᚳᚻᛁᚱᚩᛈᚩᛞᛁᛋᛏ,367
patronizingly,111871,0,ᛈᚪᛏᚱᚩᚾᛁᛋᛝᛚᚣ,585
internalise,111730,0,ᛁᚾᛏᛖᚱᚾᚪᛚᛁᛋᛖ,547
patronesses,111617,0,ᛈᚪᛏᚱᚩᚾᛖᛋᛋᛖᛋ,539
trenchantly,111555,0,ᛏᚱᛖᚾᚳᚻᚪᚾᛏᛚᚣ,563
streetlamps,111553,0,ᛋᛏᚱᛖᛖᛏᛚᚪᛗᛈᛋ,653
gallinaceous,111542,0,ᚷᚪᛚᛚᛁᚾᚪᚳᛇᚢᛋ,527
restitutions,111402,0,ᚱᛖᛋᛏᛁᛏᚢᛏᛡᚾᛋ,531
counterfoil,111217,0,ᚳᚩᚢᚾᛏᛖᚱᚠᚩᛁᛚ,302
dissymmetry,111141,0,ᛞᛁᛋᛋᚣᛗᛗᛖᛏᚱᚣ,711
anophelines,111083,0,ᚪᚾᚩᛈᚻᛖᛚᛁᚾᛖᛋ,519
paraguayans,111054,0,ᛈᚪᚱᚪᚷᚢᚪᚣᚪᚾᛋ,647
stroboscope,111051,0,ᛋᛏᚱᚩᛒᚩᛋᚳᚩᛈᛖ,381
fulminations,111047,0,ᚠᚢᛚᛗᛁᚾᚪᛏᛡᚾᛋ,554
bewilderingly,110915,0,ᛒᛖᚹᛁᛚᛞᛖᚱᛝᛚᚣ,673
polygamists,110853,0,ᛈᚩᛚᚣᚷᚪᛗᛁᛋᛏᛋ,607
hotelkeeper,110607,0,ᚻᚩᛏᛖᛚᚳᛖᛖᛈᛖᚱ,497
mediocrities,110546,0,ᛗᛖᛞᛡᚳᚱᛁᛏᛁᛖᛋ,599
redundantly,110499,0,ᚱᛖᛞᚢᚾᛞᚪᚾᛏᛚᚣ,649
intersperse,110456,0,ᛁᚾᛏᛖᚱᛋᛈᛖᚱᛋᛖ,491
philanderer,110447,0,ᛈᚻᛁᛚᚪᚾᛞᛖᚱᛖᚱ,541
lamborghini,110366,0,ᛚᚪᛗᛒᚩᚱᚷᚻᛁᚾᛁ,451
psilomelane,110353,0,ᛈᛋᛁᛚᚩᛗᛖᛚᚪᚾᛖ,611
chrysocolla,110250,0,ᚳᚻᚱᚣᛋᚩᚳᚩᛚᛚᚪ,473
reconsiders,110055,0,ᚱᛖᚳᚩᚾᛋᛁᛞᛖᚱᛋ,431
unstretched,109993,0,ᚢᚾᛋᛏᚱᛖᛏᚳᚻᛖᛞ,473
myxomatosis,109991,0,ᛗᚣᛉᚩᛗᚪᛏᚩᛋᛁᛋ,599
palindromic,109962,0,ᛈᚪᛚᛁᚾᛞᚱᚩᛗᛁᚳ,495
cacophonous,109911,0,ᚳᚪᚳᚩᛈᚻᚩᚾᚩᚢᛋ,295
metallurgic,109789,0,ᛗᛖᛏᚪᛚᛚᚢᚱᚷᛁᚳ,515
jackrabbits,109778,0,ᛂᚪᚳᚳᚱᚪᛒᛒᛁᛏᛋ,533
montgolfier,109702,0,ᛗᚩᚾᛏᚷᚩᛚᚠᛁᛖᚱ,374
digitisation,109645,0,ᛞᛁᚷᛁᛏᛁᛋᚪᛏᛡᚾ,603
equivocally,109619,0,ᛖᚳᚹᛁᚢᚩᚳᚪᛚᛚᚣ,499
palatalized,109590,0,ᛈᚪᛚᚪᛏᚪᛚᛁᛋᛖᛞ,779
wineglasses,109575,0,ᚹᛁᚾᛖᚷᛚᚪᛋᛋᛖᛋ,559
abstractive,109514,0,ᚪᛒᛋᛏᚱᚪᚳᛏᛁᚢᛖ,551
multipotent,109442,0,ᛗᚢᛚᛏᛁᛈᚩᛏᛖᚾᛏ,501
unharnessed,109255,0,ᚢᚾᚻᚪᚱᚾᛖᛋᛋᛖᛞ,521
narcissists,109210,0,ᚾᚪᚱᚳᛁᛋᛋᛁᛋᛏᛋ,483
medievalist,109057,0,ᛗᛖᛞᛁᛖᚢᚪᛚᛁᛋᛏ,641
centralizer,108991,0,ᚳᛖᚾᛏᚱᚪᛚᛁᛋᛖᚱ,511
vagabondage,108978,0,ᚢᚪᚷᚪᛒᚩᚾᛞᚪᚷᛖ,581
chylomicron,108919,0,ᚳᚻᚣᛚᚩᛗᛁᚳᚱᚩᚾ,381
microfarads,108890,0,ᛗᛁᚳᚱᚩᚠᚪᚱᚪᛞᛋ,482
matriculating,108602,0,ᛗᚪᛏᚱᛁᚳᚢᛚᚪᛏᛝ,593
quadrupedal,108577,0,ᚳᚹᚪᛞᚱᚢᛈᛖᛞᚪᛚ,601
pallavicini,108560,0,ᛈᚪᛚᛚᚪᚢᛁᚳᛁᚾᛁ,521
roundhouses,108467,0,ᚱᚩᚢᚾᛞᚻᚩᚢᛋᛖᛋ,345
explicative,108377,0,ᛖᛉᛈᛚᛁᚳᚪᛏᛁᚢᛖ,531
perambulating,108280,0,ᛈᛖᚱᚪᛗᛒᚢᛚᚪᛏᛝ,661
opisthotonos,108229,0,ᚩᛈᛁᛋᚦᚩᛏᚩᚾᚩᛋ,301
haemoglobins,108110,0,ᚻᚫᛗᚩᚷᛚᚩᛒᛁᚾᛋ,473
bilharziasis,108048,0,ᛒᛁᛚᚻᚪᚱᛋᛡᛋᛁᛋ,593
irredentism,107927,0,ᛁᚱᚱᛖᛞᛖᚾᛏᛁᛋᛗ,519
stockinette,107873,0,ᛋᛏᚩᚳᚳᛁᚾᛖᛏᛏᛖ,457
popularizer,107859,0,ᛈᚩᛈᚢᛚᚪᚱᛁᛋᛖᚱ,439
abortionists,107847,0,ᚪᛒᚩᚱᛏᛡᚾᛁᛋᛏᛋ,567
egalitarians,107841,0,ᛖᚷᚪᛚᛁᛏᚪᚱᛡᚾᛋ,641
putrescible,107796,0,ᛈᚢᛏᚱᛖᛋᚳᛁᛒᛚᛖ,481
cataloguers,107764,0,ᚳᚪᛏᚪᛚᚩᚷᚢᛖᚱᛋ,497
pyroligneous,107752,0,ᛈᚣᚱᚩᛚᛁᚷᚾᛇᚢᛋ,411
aminopyrine,107430,0,ᚪᛗᛁᚾᚩᛈᚣᚱᛁᚾᛖ,519
windowsills,107374,0,ᚹᛁᚾᛞᚩᚹᛋᛁᛚᛚᛋ,477
calumniators,107132,0,ᚳᚪᛚᚢᛗᚾᛡᛏᚩᚱᛋ,523
neoplatonist,107123,0,ᚾᛇᛈᛚᚪᛏᚩᚾᛁᛋᛏ,521
educability,106911,0,ᛖᛞᚢᚳᚪᛒᛁᛚᛁᛏᚣ,627
comeuppance,106629,0,ᚳᚩᛗᛖᚢᛈᛈᚪᚾᚳᛖ,453
suprarenals,106620,0,ᛋᚢᛈᚱᚪᚱᛖᚾᚪᛚᛋ,537
aphrodisiacs,106593,0,ᚪᛈᚻᚱᚩᛞᛁᛋᛡᚳᛋ,527
stretchable,106552,0,ᛋᛏᚱᛖᛏᚳᚻᚪᛒᛚᛖ,583
permissibly,106448,0,ᛈᛖᚱᛗᛁᛋᛋᛁᛒᛚᚣ,597
pragmatical,106421,0,ᛈᚱᚪᚷᛗᚪᛏᛁᚳᚪᛚ,609
decommission,106371,0,ᛞᛖᚳᚩᛗᛗᛁᛋᛋᛡᚾ,591
appositional,106187,0,ᚪᛈᛈᚩᛋᛁᛏᛡᚾᚪᛚ,639
annunciators,106096,0,ᚪᚾᚾᚢᚾᚳᛡᛏᚩᚱᛋ,437
housemaster,106074,0,ᚻᚩᚢᛋᛖᛗᚪᛋᛏᛖᚱ,511
abstractors,106047,0,ᚪᛒᛋᛏᚱᚪᚳᛏᚩᚱᛋ,521
reclaimable,105934,0,ᚱᛖᚳᛚᚪᛁᛗᚪᛒᛚᛖ,661
impregnates,105825,0,ᛁᛗᛈᚱᛖᚷᚾᚪᛏᛖᛋ,545
breaststroke,105773,0,ᛒᚱᛠᛋᛏᛋᛏᚱᚩᚳᛖ,503
expediently,105767,0,ᛖᛉᛈᛖᛞᛁᛖᚾᛏᛚᚣ,675
canonisation,105767,0,ᚳᚪᚾᚩᚾᛁᛋᚪᛏᛡᚾ,551
nonparallel,105704,0,ᚾᚩᚾᛈᚪᚱᚪᛚᛚᛖᛚ,599
transferrer,105653,0,ᛏᚱᚪᚾᛋᚠᛖᚱᚱᛖᚱ,418
heliogabalus,105648,0,ᚻᛖᛚᛡᚷᚪᛒᚪᛚᚢᛋ,671
depreciatory,105601,0,ᛞᛖᛈᚱᛖᚳᛡᛏᚩᚱᚣ,577
intercalate,105525,0,ᛁᚾᛏᛖᚱᚳᚪᛚᚪᛏᛖ,603
acclimatize,105493,0,ᚪᚳᚳᛚᛁᛗᚪᛏᛁᛋᛖ,605
identifiably,105484,0,ᛁᛞᛖᚾᛏᛁᚠᛡᛒᛚᚣ,652
implementer,105444,0,ᛁᛗᛈᛚᛖᛗᛖᚾᛏᛖᚱ,589
basketballs,105248,0,ᛒᚪᛋᚳᛖᛏᛒᚪᛚᛚᛋ,707
reincarnate,105244,0,ᚱᛖᛁᚾᚳᚪᚱᚾᚪᛏᛖ,511
newscasters,105237,0,ᚾᛖᚹᛋᚳᚪᛋᛏᛖᚱᛋ,521
refurnished,105137,0,ᚱᛖᚠᚢᚱᚾᛁᛋᚻᛖᛞ,386
millicuries,105036,0,ᛗᛁᛚᛚᛁᚳᚢᚱᛁᛖᛋ,457
homologation,104998,0,ᚻᚩᛗᚩᛚᚩᚷᚪᛏᛡᚾ,497
grandnephew,104982,0,ᚷᚱᚪᚾᛞᚾᛖᛈᚻᛖᚹ,491
nonelective,104819,0,ᚾᚩᚾᛖᛚᛖᚳᛏᛁᚢᛖ,445
pointlessly,104734,0,ᛈᚩᛁᚾᛏᛚᛖᛋᛋᛚᚣ,591
felicitation,104721,0,ᚠᛖᛚᛁᚳᛁᛏᚪᛏᛡᚾ,568
incertitude,104651,0,ᛁᚾᚳᛖᚱᛏᛁᛏᚢᛞᛖ,459
desegregating,104618,0,ᛞᛖᛋᛖᚷᚱᛖᚷᚪᛏᛝ,623
triceratops,104506,0,ᛏᚱᛁᚳᛖᚱᚪᛏᚩᛈᛋ,451
unprintable,104349,0,ᚢᚾᛈᚱᛁᚾᛏᚪᛒᛚᛖ,503
condottieri,104340,0,ᚳᚩᚾᛞᚩᛏᛏᛁᛖᚱᛁ,403
enfranchising,104180,0,ᛖᚾᚠᚱᚪᚾᚳᚻᛁᛋᛝ,434
decelerates,104176,0,ᛞᛖᚳᛖᛚᛖᚱᚪᛏᛖᛋ,663
paradisiacal,104147,0,ᛈᚪᚱᚪᛞᛁᛋᛡᚳᚪᛚ,711
bodybuilder,104072,0,ᛒᚩᛞᚣᛒᚢᛁᛚᛞᛖᚱ,595
packinghouses,103922,0,ᛈᚪᚳᚳᛝᚻᚩᚢᛋᛖᛋ,451
prizewinner,103857,0,ᛈᚱᛁᛋᛖᚹᛁᚾᚾᛖᚱ,391
hectoliters,103730,0,ᚻᛖᚳᛏᚩᛚᛁᛏᛖᚱᛋ,463
cordwainers,103672,0,ᚳᚩᚱᛞᚹᚪᛁᚾᛖᚱᛋ,427
cohabitants,103655,0,ᚳᚩᚻᚪᛒᛁᛏᚪᚾᛏᛋ,529
nonadjacent,103649,0,ᚾᚩᚾᚪᛞᛂᚪᚳᛖᚾᛏ,553
waterwheels,103648,0,ᚹᚪᛏᛖᚱᚹᚻᛖᛖᛚᛋ,555
absolutists,103602,0,ᚪᛒᛋᚩᛚᚢᛏᛁᛋᛏᛋ,549
infomercials,103514,0,ᛁᚾᚠᚩᛗᛖᚱᚳᛡᛚᛋ,464
compendiums,103292,0,ᚳᚩᛗᛈᛖᚾᛞᛁᚢᛗᛋ,477
mycologists,103291,0,ᛗᚣᚳᚩᛚᚩᚷᛁᛋᛏᛋ,487
columbarium,103135,0,ᚳᚩᛚᚢᛗᛒᚪᚱᛁᚢᛗ,441
moussorgsky,103128,0,ᛗᚩᚢᛋᛋᚩᚱᚷᛋᚳᚣ,391
unchartered,103051,0,ᚢᚾᚳᚻᚪᚱᛏᛖᚱᛖᛞ,469
introjected,102936,0,ᛁᚾᛏᚱᚩᛂᛖᚳᛏᛖᛞ,469
thunderbirds,102843,0,ᚦᚢᚾᛞᛖᚱᛒᛁᚱᛞᛋ,449
elocutionary,102773,0,ᛖᛚᚩᚳᚢᛏᛡᚾᚪᚱᚣ,569
narraganset,102715,0,ᚾᚪᚱᚱᚪᚷᚪᚾᛋᛖᛏ,567
cooperations,102682,0,ᚳᚩᚩᛈᛖᚱᚪᛏᛡᚾᛋ,493
thermolabile,102680,0,ᚦᛖᚱᛗᚩᛚᚪᛒᛁᛚᛖ,563
calibrators,102569,0,ᚳᚪᛚᛁᛒᚱᚪᛏᚩᚱᛋ,513
connectable,102452,0,ᚳᚩᚾᚾᛖᚳᛏᚪᛒᛚᛖ,515
quadruplets,102386,0,ᚳᚹᚪᛞᚱᚢᛈᛚᛖᛏᛋ,527
convexities,102373,0,ᚳᚩᚾᚢᛖᛉᛁᛏᛁᛖᛋ,407
recommences,102372,0,ᚱᛖᚳᚩᛗᛗᛖᚾᚳᛖᛋ,469
prevaricate,102253,0,ᛈᚱᛖᚢᚪᚱᛁᚳᚪᛏᛖ,499
overexcited,102198,0,ᚩᚢᛖᚱᛖᛉᚳᛁᛏᛖᛞ,461
obtrusively,102139,0,ᚩᛒᛏᚱᚢᛋᛁᚢᛖᛚᚣ,471
reacquainted,101996,0,ᚱᛠᚳᚳᚹᚪᛁᚾᛏᛖᛞ,537
vociferated,101978,0,ᚢᚩᚳᛁᚠᛖᚱᚪᛏᛖᛞ,446
biquadratic,101974,0,ᛒᛁᚳᚹᚪᛞᚱᚪᛏᛁᚳ,521
misquotation,101859,0,ᛗᛁᛋᚳᚹᚩᛏᚪᛏᛡᚾ,545
florescence,101832,0,ᚠᛚᚩᚱᛖᛋᚳᛖᚾᚳᛖ,402
mechanicians,101806,0,ᛗᛖᚳᚻᚪᚾᛁᚳᛡᚾᛋ,533
unguaranteed,101761,0,ᚢᛝᚢᚪᚱᚪᚾᛏᛖᛖᛞ,601
impenitence,101735,0,ᛁᛗᛈᛖᚾᛁᛏᛖᚾᚳᛖ,507
weighbridge,101728,0,ᚹᛖᛁᚷᚻᛒᚱᛁᛞᚷᛖ,433
myxomycetes,101653,0,ᛗᚣᛉᚩᛗᚣᚳᛖᛏᛖᛋ,661
primiparous,101511,0,ᛈᚱᛁᛗᛁᛈᚪᚱᚩᚢᛋ,401
remonstrant,101497,0,ᚱᛖᛗᚩᚾᛋᛏᚱᚪᚾᛏ,493
mesomorphic,101440,0,ᛗᛖᛋᚩᛗᚩᚱᛈᚻᛁᚳ,397
highlighter,101310,0,ᚻᛁᚷᚻᛚᛁᚷᚻᛏᛖᚱ,375
endlessness,101282,0,ᛖᚾᛞᛚᛖᛋᛋᚾᛖᛋᛋ,633
paediatricians,101199,0,ᛈᚫᛞᛡᛏᚱᛁᚳᛡᚾᛋ,643
comestibles,100840,0,ᚳᚩᛗᛖᛋᛏᛁᛒᛚᛖᛋ,555
appoggiatura,100681,0,ᚪᛈᛈᚩᚷᚷᛡᛏᚢᚱᚪ,501
submariners,100566,0,ᛋᚢᛒᛗᚪᚱᛁᚾᛖᚱᛋ,487
tyrannicide,100434,0,ᛏᚣᚱᚪᚾᚾᛁᚳᛁᛞᛖ,559
backsliders,100270,0,ᛒᚪᚳᚳᛋᛚᛁᛞᛖᚱᛋ,561
intercrossing,100184,0,ᛁᚾᛏᛖᚱᚳᚱᚩᛋᛋᛝ,413
racecourses,100119,0,ᚱᚪᚳᛖᚳᚩᚢᚱᛋᛖᛋ,395
graphitized,100099,0,ᚷᚱᚪᛈᚻᛁᛏᛁᛋᛖᛞ,521
standoffish,99960,0,ᛋᛏᚪᚾᛞᚩᚠᚠᛁᛋᚻ,445
objectifies,99903,0,ᚩᛒᛂᛖᚳᛏᛁᚠᛁᛖᛋ,428
librettists,99849,0,ᛚᛁᛒᚱᛖᛏᛏᛁᛋᛏᛋ,557
shadowgraph,99833,0,ᛋᚻᚪᛞᚩᚹᚷᚱᚪᛈᚻ,479
desensitize,99788,0,ᛞᛖᛋᛖᚾᛋᛁᛏᛁᛋᛖ,599
aguardiente,99786,0,ᚪᚷᚢᚪᚱᛞᛁᛖᚾᛏᛖ,567
extemporary,99706,0,ᛖᛉᛏᛖᛗᛈᚩᚱᚪᚱᚣ,583
picoseconds,99694,0,ᛈᛁᚳᚩᛋᛖᚳᚩᚾᛞᛋ,405
barycentric,99633,0,ᛒᚪᚱᚣᚳᛖᚾᛏᚱᛁᚳ,495
harebrained,99606,0,ᚻᚪᚱᛖᛒᚱᚪᛁᚾᛖᛞ,583
transferral,99458,0,ᛏᚱᚪᚾᛋᚠᛖᚱᚱᚪᛚ,510
secularised,99447,0,ᛋᛖᚳᚢᛚᚪᚱᛁᛋᛖᛞ,557
sporogenous,99443,0,ᛋᛈᚩᚱᚩᚷᛖᚾᚩᚢᛋ,297
fontanelles,99284,0,ᚠᚩᚾᛏᚪᚾᛖᛚᛚᛖᛋ,556
paraparesis,99269,0,ᛈᚪᚱᚪᛈᚪᚱᛖᛋᛁᛋ,603
moralization,99189,0,ᛗᚩᚱᚪᛚᛁᛋᚪᛏᛡᚾ,635
condottiere,99166,0,ᚳᚩᚾᛞᚩᛏᛏᛁᛖᚱᛖ,439
opsonization,99128,0,ᚩᛈᛋᚩᚾᛁᛋᚪᛏᛡᚾ,515
sheepshanks,98936,0,ᛋᚻᛖᛖᛈᛋᚻᚪᚾᚳᛋ,521
retractation,98913,0,ᚱᛖᛏᚱᚪᚳᛏᚪᛏᛡᚾ,609
lachrymation,98905,0,ᛚᚪᚳᚻᚱᚣᛗᚪᛏᛡᚾ,683
senatorship,98842,0,ᛋᛖᚾᚪᛏᚩᚱᛋᚻᛁᛈ,473
hemopoiesis,98823,0,ᚻᛖᛗᚩᛈᚩᛁᛖᛋᛁᛋ,453
justiceship,98780,0,ᛂᚢᛋᛏᛁᚳᛖᛋᚻᛁᛈ,413
apostatized,98751,0,ᚪᛈᚩᛋᛏᚪᛏᛁᛋᛖᛞ,655
artiodactyla,98625,0,ᚪᚱᛏᛡᛞᚪᚳᛏᚣᛚᚪ,805
wholesomely,98435,0,ᚹᚻᚩᛚᛖᛋᚩᛗᛖᛚᚣ,563
besprinkled,98364,0,ᛒᛖᛋᛈᚱᛁᚾᚳᛚᛖᛞ,537
victorianism,98223,0,ᚢᛁᚳᛏᚩᚱᛡᚾᛁᛋᛗ,415
enterpriser,98096,0,ᛖᚾᛏᛖᚱᛈᚱᛁᛋᛖᚱ,449
controverts,97965,0,ᚳᚩᚾᛏᚱᚩᚢᛖᚱᛏᛋ,319
steppingstone,97921,0,ᛋᛏᛖᛈᛈᛝᛋᛏᚩᚾᛖ,559
undercharge,97859,0,ᚢᚾᛞᛖᚱᚳᚻᚪᚱᚷᛖ,427
matchmakers,97768,0,ᛗᚪᛏᚳᚻᛗᚪᚳᛖᚱᛋ,575
ordonnances,97660,0,ᚩᚱᛞᚩᚾᚾᚪᚾᚳᛖᛋ,431
interlarded,97569,0,ᛁᚾᛏᛖᚱᛚᚪᚱᛞᛖᛞ,623
sarcolemmal,97488,0,ᛋᚪᚱᚳᚩᛚᛖᛗᛗᚪᛚ,633
masqueraded,97267,0,ᛗᚪᛋᚳᚹᛖᚱᚪᛞᛖᛞ,673
overstaffed,97132,0,ᚩᚢᛖᚱᛋᛏᚪᚠᚠᛖᛞ,457
brusqueness,97096,0,ᛒᚱᚢᛋᚳᚹᛖᚾᛖᛋᛋ,429
contrastingly,96998,0,ᚳᚩᚾᛏᚱᚪᛋᛏᛝᛚᚣ,583
macrocosmic,96990,0,ᛗᚪᚳᚱᚩᚳᚩᛋᛗᛁᚳ,387
introducers,96982,0,ᛁᚾᛏᚱᚩᛞᚢᚳᛖᚱᛋ,373
ignoramuses,96971,0,ᛁᚷᚾᚩᚱᚪᛗᚢᛋᛖᛋ,439
penetratingly,96920,0,ᛈᛖᚾᛖᛏᚱᚪᛏᛝᛚᚣ,687
fornicators,96622,0,ᚠᚩᚱᚾᛁᚳᚪᛏᚩᚱᛋ,320
windscreens,96476,0,ᚹᛁᚾᛞᛋᚳᚱᛖᛖᚾᛋ,461
rededicated,96455,0,ᚱᛖᛞᛖᛞᛁᚳᚪᛏᛖᛞ,679
outfielders,96326,0,ᚩᚢᛏᚠᛁᛖᛚᛞᛖᚱᛋ,462
centralizes,96318,0,ᚳᛖᚾᛏᚱᚪᛚᛁᛋᛖᛋ,553
differentiae,96317,0,ᛞᛁᚠᚠᛖᚱᛖᚾᛏᛡᛖ,531
slothfulness,95915,0,ᛋᛚᚩᚦᚠᚢᛚᚾᛖᛋᛋ,418
postscripts,95899,0,ᛈᚩᛋᛏᛋᚳᚱᛁᛈᛏᛋ,425
proconsular,95738,0,ᛈᚱᚩᚳᚩᚾᛋᚢᛚᚪᚱ,347
polytrichum,95666,0,ᛈᚩᛚᚣᛏᚱᛁᚳᚻᚢᛗ,437
outdistance,95572,0,ᚩᚢᛏᛞᛁᛋᛏᚪᚾᚳᛖ,507
yevtushenko,95455,0,ᚣᛖᚢᛏᚢᛋᚻᛖᚾᚳᚩ,427
annihilator,95368,0,ᚪᚾᚾᛁᚻᛁᛚᚪᛏᚩᚱ,487
confluences,95228,0,ᚳᚩᚾᚠᛚᚢᛖᚾᚳᛖᛋ,356
mesoblastic,95098,0,ᛗᛖᛋᚩᛒᛚᚪᛋᛏᛁᚳ,585
prolificacy,94973,0,ᛈᚱᚩᛚᛁᚠᛁᚳᚪᚳᚣ,424
crossbowmen,94961,0,ᚳᚱᚩᛋᛋᛒᚩᚹᛗᛖᚾ,391
diastrophism,94878,0,ᛞᛡᛋᛏᚱᚩᛈᚻᛁᛋᛗ,547
countrified,94876,0,ᚳᚩᚢᚾᛏᚱᛁᚠᛁᛖᛞ,342
tenterhooks,94868,0,ᛏᛖᚾᛏᛖᚱᚻᚩᚩᚳᛋ,395
embolectomy,94842,0,ᛖᛗᛒᚩᛚᛖᚳᛏᚩᛗᚣ,599
sporophylls,94814,0,ᛋᛈᚩᚱᚩᛈᚻᚣᛚᛚᛋ,489
querulously,94717,0,ᚳᚹᛖᚱᚢᛚᚩᚢᛋᛚᚣ,425
clementines,94714,0,ᚳᛚᛖᛗᛖᚾᛏᛁᚾᛖᛋ,559
profanities,94570,0,ᛈᚱᚩᚠᚪᚾᛁᛏᛁᛖᛋ,430
cyclostomes,94459,0,ᚳᚣᚳᛚᚩᛋᛏᚩᛗᛖᛋ,519
emmenagogue,94399,0,ᛖᛗᛗᛖᚾᚪᚷᚩᚷᚢᛖ,513
piscivorous,94397,0,ᛈᛁᛋᚳᛁᚢᚩᚱᚩᚢᛋ,255
commodiously,94379,0,ᚳᚩᛗᛗᚩᛞᛡᚢᛋᛚᚣ,597
expostulating,94321,0,ᛖᛉᛈᚩᛋᛏᚢᛚᚪᛏᛝ,587
immemorially,94300,0,ᛁᛗᛗᛖᛗᚩᚱᛡᛚᛚᚣ,685
totalizator,94269,0,ᛏᚩᛏᚪᛚᛁᛋᚪᛏᚩᚱ,553
omphalocele,94266,0,ᚩᛗᛈᚻᚪᛚᚩᚳᛖᛚᛖ,541
baryshnikov,94227,0,ᛒᚪᚱᚣᛋᚻᚾᛁᚳᚩᚢ,431
transmarine,94200,0,ᛏᚱᚪᚾᛋᛗᚪᚱᛁᚾᛖ,555
unsurprised,94149,0,ᚢᚾᛋᚢᚱᛈᚱᛁᛋᛖᛞ,393
florilegium,94023,0,ᚠᛚᚩᚱᛁᛚᛖᚷᛁᚢᛗ,386
implicative,93994,0,ᛁᛗᛈᛚᛁᚳᚪᛏᛁᚢᛖ,519
flagellants,93928,0,ᚠᛚᚪᚷᛖᛚᛚᚪᚾᛏᛋ,640
heterocycle,93854,0,ᚻᛖᛏᛖᚱᚩᚳᚣᚳᛚᛖ,503
mythologists,93802,0,ᛗᚣᚦᚩᛚᚩᚷᛁᛋᛏᛋ,479
archenteron,93705,0,ᚪᚱᚳᚻᛖᚾᛏᛖᚱᚩᚾ,413
amphitheaters,93628,0,ᚪᛗᛈᚻᛁᚦᛠᛏᛖᚱᛋ,569
executables,93605,0,ᛖᛉᛖᚳᚢᛏᚪᛒᛚᛖᛋ,607
portmanteaus,93553,0,ᛈᚩᚱᛏᛗᚪᚾᛏᛠᚢᛋ,541
goddaughter,93427,0,ᚷᚩᛞᛞᚪᚢᚷᚻᛏᛖᚱ,479
distensible,93248,0,ᛞᛁᛋᛏᛖᚾᛋᛁᛒᛚᛖ,613
penalization,93202,0,ᛈᛖᚾᚪᛚᛁᛋᚪᛏᛡᚾ,685
barbershops,93137,0,ᛒᚪᚱᛒᛖᚱᛋᚻᚩᛈᛋ,487
dilettantes,92964,0,ᛞᛁᛚᛖᛏᛏᚪᚾᛏᛖᛋ,683
amontillado,92939,0,ᚪᛗᚩᚾᛏᛁᛚᛚᚪᛞᚩ,633
agoraphobic,92939,0,ᚪᚷᚩᚱᚪᛈᚻᚩᛒᛁᚳ,407
argentinians,92918,0,ᚪᚱᚷᛖᚾᛏᛁᚾᛡᚾᛋ,529
gasteropoda,92895,0,ᚷᚪᛋᛏᛖᚱᚩᛈᚩᛞᚪ,547
chaulmoogra,92839,0,ᚳᚻᚪᚢᛚᛗᚩᚩᚷᚱᚪ,419
lancasterian,92690,0,ᛚᚪᚾᚳᚪᛋᛏᛖᚱᛡᚾ,635
embroiderer,92679,0,ᛖᛗᛒᚱᚩᛁᛞᛖᚱᛖᚱ,493
uncancelled,92645,0,ᚢᚾᚳᚪᚾᚳᛖᛚᛚᛖᛞ,553
psychometry,92624,0,ᛈᛋᚣᚳᚻᚩᛗᛖᛏᚱᚣ,553
pensiveness,92591,0,ᛈᛖᚾᛋᛁᚢᛖᚾᛖᛋᛋ,495
eavesdropped,92557,0,ᛠᚢᛖᛋᛞᚱᚩᛈᛈᛖᛞ,581
frenchwomen,92475,0,ᚠᚱᛖᚾᚳᚻᚹᚩᛗᛖᚾ,338
integrality,92441,0,ᛁᚾᛏᛖᚷᚱᚪᛚᛁᛏᚣ,577
outspokenly,92429,0,ᚩᚢᛏᛋᛈᚩᚳᛖᚾᛚᚣ,457
cosmogonies,92324,0,ᚳᚩᛋᛗᚩᚷᚩᚾᛁᛖᛋ,355
bristlecone,92253,0,ᛒᚱᛁᛋᛏᛚᛖᚳᚩᚾᛖ,471
rhadamanthus,92109,0,ᚱᚻᚪᛞᚪᛗᚪᚾᚦᚢᛋ,575
gentlefolks,91937,0,ᚷᛖᚾᛏᛚᛖᚠᚩᛚᚳᛋ,460
misconceive,91917,0,ᛗᛁᛋᚳᚩᚾᚳᛖᛁᚢᛖ,385
quadrennium,91696,0,ᚳᚹᚪᛞᚱᛖᚾᚾᛁᚢᛗ,459
alteratives,91647,0,ᚪᛚᛏᛖᚱᚪᛏᛁᚢᛖᛋ,617
stigmatizes,91570,0,ᛋᛏᛁᚷᛗᚪᛏᛁᛋᛖᛋ,591
unpracticed,91473,0,ᚢᚾᛈᚱᚪᚳᛏᛁᚳᛖᛞ,455
supervention,91343,0,ᛋᚢᛈᛖᚱᚢᛖᚾᛏᛡᚾ,471
velocipedes,91269,0,ᚢᛖᛚᚩᚳᛁᛈᛖᛞᛖᛋ,513
glycyrrhiza,90747,0,ᚷᛚᚣᚳᚣᚱᚱᚻᛁᛋᚪ,535
protractors,90729,0,ᛈᚱᚩᛏᚱᚪᚳᛏᚩᚱᛋ,371
diversifies,90654,0,ᛞᛁᚢᛖᚱᛋᛁᚠᛁᛖᛋ,438
luncheonette,90639,0,ᛚᚢᚾᚳᚻᛇᚾᛖᛏᛏᛖ,463
canaanitish,90628,0,ᚳᚪᚾᚪᚪᚾᛁᛏᛁᛋᚻ,559
gesticulate,90511,0,ᚷᛖᛋᛏᛁᚳᚢᛚᚪᛏᛖ,539
gyrocompass,90427,0,ᚷᚣᚱᚩᚳᚩᛗᛈᚪᛋᛋ,475
untravelled,90377,0,ᚢᚾᛏᚱᚪᚢᛖᛚᛚᛖᛞ,571
salpetriere,90375,0,ᛋᚪᛚᛈᛖᛏᚱᛁᛖᚱᛖ,579
spuriousness,90362,0,ᛋᛈᚢᚱᛡᚢᛋᚾᛖᛋᛋ,475
polyandrous,90270,0,ᛈᚩᛚᚣᚪᚾᛞᚱᚩᚢᛋ,515
systematise,90118,0,ᛋᚣᛋᛏᛖᛗᚪᛏᛁᛋᛖ,713
supercilium,90100,0,ᛋᚢᛈᛖᚱᚳᛁᛚᛁᚢᛗ,399
telephonist,90031,0,ᛏᛖᛚᛖᛈᚻᚩᚾᛁᛋᛏ,511
xanthophylls,89976,0,ᛉᚪᚾᚦᚩᛈᚻᚣᛚᛚᛋ,553
brownstones,89870,0,ᛒᚱᚩᚹᚾᛋᛏᚩᚾᛖᛋ,395
unappeasable,89860,0,ᚢᚾᚪᛈᛈᛠᛋᚪᛒᛚᛖ,675
teetotalism,89776,0,ᛏᛖᛖᛏᚩᛏᚪᛚᛁᛋᛗ,643
ameloblasts,89746,0,ᚪᛗᛖᛚᚩᛒᛚᚪᛋᛏᛋ,711
crosspieces,89697,0,ᚳᚱᚩᛋᛋᛈᛁᛖᚳᛖᛋ,411
proliferous,89660,0,ᛈᚱᚩᛚᛁᚠᛖᚱᚩᚢᛋ,308
orientalizing,89548,0,ᚩᚱᛁᛖᚾᛏᚪᛚᛁᛋᛝ,537
miserliness,89516,0,ᛗᛁᛋᛖᚱᛚᛁᚾᛖᛋᛋ,539
pedicularis,89307,0,ᛈᛖᛞᛁᚳᚢᛚᚪᚱᛁᛋ,511
polemically,89299,0,ᛈᚩᛚᛖᛗᛁᚳᚪᛚᛚᚣ,651
polemicists,89194,0,ᛈᚩᛚᛖᛗᛁᚳᛁᛋᛏᛋ,501
unattempted,89189,0,ᚢᚾᚪᛏᛏᛖᛗᛈᛏᛖᛞ,643
linebackers,89147,0,ᛚᛁᚾᛖᛒᚪᚳᚳᛖᚱᛋ,515
rebelliously,89102,0,ᚱᛖᛒᛖᛚᛚᛡᚢᛋᛚᚣ,691
violoncellos,89097,0,ᚢᛡᛚᚩᚾᚳᛖᛚᛚᚩᛋ,505
chalkboards,89093,0,ᚳᚻᚪᛚᚳᛒᚩᚪᚱᛞᛋ,537
nestorianism,89004,0,ᚾᛖᛋᛏᚩᚱᛡᚾᛁᛋᛗ,517
disinheriting,89002,0,ᛞᛁᛋᛁᚾᚻᛖᚱᛁᛏᛝ,503
dissimulate,88989,0,ᛞᛁᛋᛋᛁᛗᚢᛚᚪᛏᛖ,627
reiterations,88987,0,ᚱᛖᛁᛏᛖᚱᚪᛏᛡᚾᛋ,591
strikebreaking,88927,0,ᛋᛏᚱᛁᚳᛖᛒᚱᛠᚳᛝ,507
expansivity,88915,0,ᛖᛉᛈᚪᚾᛋᛁᚢᛁᛏᚣ,563
kinetoscope,88872,0,ᚳᛁᚾᛖᛏᚩᛋᚳᚩᛈᛖ,389
iconostasis,88801,0,ᛁᚳᚩᚾᚩᛋᛏᚪᛋᛁᛋ,433
despondence,88754,0,ᛞᛖᛋᛈᚩᚾᛞᛖᚾᚳᛖ,553
centerboard,88544,0,ᚳᛖᚾᛏᛖᚱᛒᚩᚪᚱᛞ,511
actinometer,88539,0,ᚪᚳᛏᛁᚾᚩᛗᛖᛏᛖᚱ,511
nightclothes,88533,0,ᚾᛁᚷᚻᛏᚳᛚᚩᚦᛖᛋ,377
hallucinate,88482,0,ᚻᚪᛚᛚᚢᚳᛁᚾᚪᛏᛖ,565
brushstroke,88463,0,ᛒᚱᚢᛋᚻᛋᛏᚱᚩᚳᛖ,361
unannotated,88282,0,ᚢᚾᚪᚾᚾᚩᛏᚪᛏᛖᛞ,565
winchesters,88164,0,ᚹᛁᚾᚳᚻᛖᛋᛏᛖᚱᛋ,425
glassmakers,88065,0,ᚷᛚᚪᛋᛋᛗᚪᚳᛖᚱᛋ,605
insalubrious,88028,0,ᛁᚾᛋᚪᛚᚢᛒᚱᛡᚢᛋ,521
disbeliever,87932,0,ᛞᛁᛋᛒᛖᛚᛁᛖᚢᛖᚱ,553
elocutionist,87921,0,ᛖᛚᚩᚳᚢᛏᛡᚾᛁᛋᛏ,501
phycoerythrin,87902,0,ᛈᚻᚣᚳᛟᚱᚣᚦᚱᛁᚾ,455
homophonous,87734,0,ᚻᚩᛗᚩᛈᚻᚩᚾᚩᚢᛋ,273
extortioners,87686,0,ᛖᛉᛏᚩᚱᛏᛡᚾᛖᚱᛋ,517
humification,87515,0,ᚻᚢᛗᛁᚠᛁᚳᚪᛏᛡᚾ,466
hydrogenous,87469,0,ᚻᚣᛞᚱᚩᚷᛖᚾᚩᚢᛋ,409
certificating,87377,0,ᚳᛖᚱᛏᛁᚠᛁᚳᚪᛏᛝ,462
pterodactyl,87334,0,ᛈᛏᛖᚱᚩᛞᚪᚳᛏᚣᛚ,621
hitchhikers,87295,0,ᚻᛁᛏᚳᚻᚻᛁᚳᛖᚱᛋ,347
contumelious,87272,0,ᚳᚩᚾᛏᚢᛗᛖᛚᛡᚢᛋ,485
malignantly,87254,0,ᛗᚪᛚᛁᚷᚾᚪᚾᛏᛚᚣ,679
inabilities,87230,0,ᛁᚾᚪᛒᛁᛚᛁᛏᛁᛖᛋ,563
shirtsleeve,87168,0,ᛋᚻᛁᚱᛏᛋᛚᛖᛖᚢᛖ,507
unpolitical,87127,0,ᚢᚾᛈᚩᛚᛁᛏᛁᚳᚪᛚ,459
footbridges,87062,0,ᚠᚩᚩᛏᛒᚱᛁᛞᚷᛖᛋ,404
clamorously,87057,0,ᚳᛚᚪᛗᚩᚱᚩᚢᛋᛚᚣ,511
nonirritating,87026,0,ᚾᚩᚾᛁᚱᚱᛁᛏᚪᛏᛝ,443
proximities,86996,0,ᛈᚱᚩᛉᛁᛗᛁᛏᛁᛖᛋ,451
equatorially,86969,0,ᛖᚳᚹᚪᛏᚩᚱᛡᛚᛚᚣ,629
harassments,86931,0,ᚻᚪᚱᚪᛋᛋᛗᛖᚾᛏᛋ,613
grandstanding,86902,0,ᚷᚱᚪᚾᛞᛋᛏᚪᚾᛞᛝ,649
survivalist,86855,0,ᛋᚢᚱᚢᛁᚢᚪᛚᛁᛋᛏ,417
grapefruits,86821,0,ᚷᚱᚪᛈᛖᚠᚱᚢᛁᛏᛋ,394
nonfictional,86819,0,ᚾᚩᚾᚠᛁᚳᛏᛡᚾᚪᛚ,476
overstressing,86758,0,ᚩᚢᛖᚱᛋᛏᚱᛖᛋᛋᛝ,463
lilliputians,86747,0,ᛚᛁᛚᛚᛁᛈᚢᛏᛡᚾᛋ,575
sovereignly,86725,0,ᛋᚩᚢᛖᚱᛖᛁᚷᚾᛚᚣ,461
germaneness,86675,0,ᚷᛖᚱᛗᚪᚾᛖᚾᛖᛋᛋ,561
interschool,86644,0,ᛁᚾᛏᛖᚱᛋᚳᚻᚩᚩᛚ,373
conductress,86529,0,ᚳᚩᚾᛞᚢᚳᛏᚱᛖᛋᛋ,397
palaeobotany,86463,0,ᛈᚪᛚᚫᚩᛒᚩᛏᚪᚾᚣ,677
bedchambers,86463,0,ᛒᛖᛞᚳᚻᚪᛗᛒᛖᚱᛋ,613
ragamuffins,86393,0,ᚱᚪᚷᚪᛗᚢᚠᚠᛁᚾᛋ,413
leprechauns,86387,0,ᛚᛖᛈᚱᛖᚳᚻᚪᚢᚾᛋ,479
fraternized,86375,0,ᚠᚱᚪᛏᛖᚱᚾᛁᛋᛖᛞ,516
provability,86360,0,ᛈᚱᚩᚢᚪᛒᛁᛚᛁᛏᚣ,519
conidiophore,86351,0,ᚳᚩᚾᛁᛞᛡᛈᚻᚩᚱᛖ,427
supertanker,86349,0,ᛋᚢᛈᛖᚱᛏᚪᚾᚳᛖᚱ,453
spermicides,86097,0,ᛋᛈᛖᚱᛗᛁᚳᛁᛞᛖᛋ,529
posthypnotic,85969,0,ᛈᚩᛋᚦᚣᛈᚾᚩᛏᛁᚳ,393
antagonised,85947,0,ᚪᚾᛏᚪᚷᚩᚾᛁᛋᛖᛞ,575
candelabras,85920,0,ᚳᚪᚾᛞᛖᛚᚪᛒᚱᚪᛋ,687
descendible,85884,0,ᛞᛖᛋᚳᛖᚾᛞᛁᛒᛚᛖ,639
scuttlebutt,85802,0,ᛋᚳᚢᛏᛏᛚᛖᛒᚢᛏᛏ,509
percolators,85661,0,ᛈᛖᚱᚳᚩᛚᚪᛏᚩᚱᛋ,441
agronomical,85541,0,ᚪᚷᚱᚩᚾᚩᛗᛁᚳᚪᛚ,453
antichrists,85504,0,ᚪᚾᛏᛁᚳᚻᚱᛁᛋᛏᛋ,459
unmonitored,85427,0,ᚢᚾᛗᚩᚾᛁᛏᚩᚱᛖᛞ,403
accessaries,85373,0,ᚪᚳᚳᛖᛋᛋᚪᚱᛁᛖᛋ,555
waterproofs,85349,0,ᚹᚪᛏᛖᚱᛈᚱᚩᚩᚠᛋ,376
vocalisation,85336,0,ᚢᚩᚳᚪᛚᛁᛋᚪᛏᛡᚾ,569
effectuates,85319,0,ᛖᚠᚠᛖᚳᛏᚢᚪᛏᛖᛋ,489
blackballed,85241,0,ᛒᛚᚪᚳᚳᛒᚪᛚᛚᛖᛞ,717
cornflowers,85176,0,ᚳᚩᚱᚾᚠᛚᚩᚹᛖᚱᛋ,292
suburbanite,85159,0,ᛋᚢᛒᚢᚱᛒᚪᚾᛁᛏᛖ,475
preceptress,84973,0,ᛈᚱᛖᚳᛖᛈᛏᚱᛖᛋᛋ,487
repopulated,84833,0,ᚱᛖᛈᚩᛈᚢᛚᚪᛏᛖᛞ,559
prevalently,84760,0,ᛈᚱᛖᚢᚪᛚᛖᚾᛏᛚᚣ,625
playfellows,84714,0,ᛈᛚᚪᚣᚠᛖᛚᛚᚩᚹᛋ,610
causalities,84701,0,ᚳᚪᚢᛋᚪᛚᛁᛏᛁᛖᛋ,577
supercargoes,84563,0,ᛋᚢᛈᛖᚱᚳᚪᚱᚷᛟᛋ,451
untechnical,84542,0,ᚢᚾᛏᛖᚳᚻᚾᛁᚳᚪᛚ,437
vertebrated,84494,0,ᚢᛖᚱᛏᛖᛒᚱᚪᛏᛖᛞ,591
pursuivants,84449,0,ᛈᚢᚱᛋᚢᛁᚢᚪᚾᛏᛋ,385
biocatalysts,84444,0,ᛒᛡᚳᚪᛏᚪᛚᚣᛋᛏᛋ,775
bonapartism,84420,0,ᛒᚩᚾᚪᛈᚪᚱᛏᛁᛋᛗ,559
feminisation,84352,0,ᚠᛖᛗᛁᚾᛁᛋᚪᛏᛡᚾ,576
teetotalers,84249,0,ᛏᛖᛖᛏᚩᛏᚪᛚᛖᚱᛋ,619
saarbrucken,84216,0,ᛋᚪᚪᚱᛒᚱᚢᚳᚳᛖᚾ,455
tensiometers,84184,0,ᛏᛖᚾᛋᛡᛗᛖᛏᛖᚱᛋ,643
oktoberfest,84109,0,ᚩᚳᛏᚩᛒᛖᚱᚠᛖᛋᛏ,406
perpetrates,84100,0,ᛈᛖᚱᛈᛖᛏᚱᚪᛏᛖᛋ,577
unretouched,84062,0,ᚢᚾᚱᛖᛏᚩᚢᚳᚻᛖᛞ,371
excremental,83924,0,ᛖᛉᚳᚱᛖᛗᛖᚾᛏᚪᛚ,601
bewitchment,83889,0,ᛒᛖᚹᛁᛏᚳᚻᛗᛖᚾᛏ,499
turgescence,83758,0,ᛏᚢᚱᚷᛖᛋᚳᛖᚾᚳᛖ,399
handicapper,83622,0,ᚻᚪᚾᛞᛁᚳᚪᛈᛈᛖᚱ,543
stepsisters,83493,0,ᛋᛏᛖᛈᛋᛁᛋᛏᛖᚱᛋ,549
ratatouille,83394,0,ᚱᚪᛏᚪᛏᚩᚢᛁᛚᛚᛖ,577
flintstones,83315,0,ᚠᛚᛁᚾᛏᛋᛏᚩᚾᛖᛋ,462
incantatory,83275,0,ᛁᚾᚳᚪᚾᛏᚪᛏᚩᚱᚣ,535
condemnable,83262,0,ᚳᚩᚾᛞᛖᛗᚾᚪᛒᛚᛖ,603
workaholics,83255,0,ᚹᚩᚱᚳᚪᚻᚩᛚᛁᚳᛋ,347
impassivity,83232,0,ᛁᛗᛈᚪᛋᛋᛁᚢᛁᛏᚣ,575
denaturants,83212,0,ᛞᛖᚾᚪᛏᚢᚱᚪᚾᛏᛋ,593
conceptional,83121,0,ᚳᚩᚾᚳᛖᛈᛏᛡᚾᚪᛚ,537
intoxicates,83118,0,ᛁᚾᛏᚩᛉᛁᚳᚪᛏᛖᛋ,493
anglicization,83112,0,ᚪᛝᛚᛁᚳᛁᛋᚪᛏᛡᚾ,669
familiarizes,83039,0,ᚠᚪᛗᛁᛚᛡᚱᛁᛋᛖᛋ,596
moratoriums,82922,0,ᛗᚩᚱᚪᛏᚩᚱᛁᚢᛗᛋ,421
apicultural,82739,0,ᚪᛈᛁᚳᚢᛚᛏᚢᚱᚪᛚ,503
untractable,82700,0,ᚢᚾᛏᚱᚪᚳᛏᚪᛒᛚᛖ,569
effervesces,82621,0,ᛖᚠᚠᛖᚱᚢᛖᛋᚳᛖᛋ,405
halberdiers,82587,0,ᚻᚪᛚᛒᛖᚱᛞᛁᛖᚱᛋ,583
metabolisms,82581,0,ᛗᛖᛏᚪᛒᚩᛚᛁᛋᛗᛋ,643
hyperboreans,82553,0,ᚻᚣᛈᛖᚱᛒᚩᚱᛠᚾᛋ,517
diaphoretics,82551,0,ᛞᛡᛈᚻᚩᚱᛖᛏᛁᚳᛋ,503
indemnifies,82506,0,ᛁᚾᛞᛖᛗᚾᛁᚠᛁᛖᛋ,500
uninscribed,82497,0,ᚢᚾᛁᚾᛋᚳᚱᛁᛒᛖᛞ,417
pennyweight,82258,0,ᛈᛖᚾᚾᚣᚹᛖᛁᚷᚻᛏ,487
nominatives,82248,0,ᚾᚩᛗᛁᚾᚪᛏᛁᚢᛖᛋ,477
mozambicans,82212,0,ᛗᚩᛋᚪᛗᛒᛁᚳᚪᚾᛋ,583
astrobiology,82211,0,ᚪᛋᛏᚱᚩᛒᛡᛚᚩᚷᚣ,595
alexandrite,82081,0,ᚪᛚᛖᛉᚪᚾᛞᚱᛁᛏᛖ,667
rediscovers,81968,0,ᚱᛖᛞᛁᛋᚳᚩᚢᛖᚱᛋ,405
ultrasounds,81951,0,ᚢᛚᛏᚱᚪᛋᚩᚢᚾᛞᛋ,477
necromantic,81930,0,ᚾᛖᚳᚱᚩᛗᚪᚾᛏᛁᚳ,427
fissiparous,81819,0,ᚠᛁᛋᛋᛁᛈᚪᚱᚩᚢᛋ,384
brighteners,81759,0,ᛒᚱᛁᚷᚻᛏᛖᚾᛖᚱᛋ,429
manoeuvrable,81724,0,ᛗᚪᚾᛟᚢᚢᚱᚪᛒᛚᛖ,595
puerilities,81701,0,ᛈᚢᛖᚱᛁᛚᛁᛏᛁᛖᛋ,469
ennoblement,81678,0,ᛖᚾᚾᚩᛒᛚᛖᛗᛖᚾᛏ,559
frenchified,81675,0,ᚠᚱᛖᚾᚳᚻᛁᚠᛁᛖᛞ,365
decrescendo,81620,0,ᛞᛖᚳᚱᛖᛋᚳᛖᚾᛞᚩ,505
retentivity,81493,0,ᚱᛖᛏᛖᚾᛏᛁᚢᛁᛏᚣ,519
tantalisingly,81489,0,ᛏᚪᚾᛏᚪᛚᛁᛋᛝᛚᚣ,753
capitulates,81463,0,ᚳᚪᛈᛁᛏᚢᛚᚪᛏᛖᛋ,595
silversides,81443,0,ᛋᛁᛚᚢᛖᚱᛋᛁᛞᛖᛋ,531
outmaneuver,80978,0,ᚩᚢᛏᛗᚪᚾᛖᚢᚢᛖᚱ,417
sheepherder,80894,0,ᛋᚻᛖᛖᛈᚻᛖᚱᛞᛖᚱ,521
nonnarcotic,80874,0,ᚾᚩᚾᚾᚪᚱᚳᚩᛏᛁᚳ,325
malthusianism,80844,0,ᛗᚪᛚᚦᚢᛋᛡᚾᛁᛋᛗ,593
costermonger,80760,0,ᚳᚩᛋᛏᛖᚱᛗᚩᛝᛖᚱ,445
uncanonical,80667,0,ᚢᚾᚳᚪᚾᚩᚾᛁᚳᚪᛚ,421
flannelette,80608,0,ᚠᛚᚪᚾᚾᛖᛚᛖᛏᛏᛖ,622
spirituelle,80584,0,ᛋᛈᛁᚱᛁᛏᚢᛖᛚᛚᛖ,511
nymphomaniac,80574,0,ᚾᚣᛗᛈᚻᚩᛗᚪᚾᛡᚳ,593
retributions,80554,0,ᚱᛖᛏᚱᛁᛒᚢᛏᛡᚾᛋ,491
culminations,80535,0,ᚳᚢᛚᛗᛁᚾᚪᛏᛡᚾᛋ,565
underframes,80530,0,ᚢᚾᛞᛖᚱᚠᚱᚪᛗᛖᛋ,500
patronymics,80351,0,ᛈᚪᛏᚱᚩᚾᚣᛗᛁᚳᛋ,517
vacationists,80338,0,ᚢᚪᚳᚪᛏᛡᚾᛁᛋᛏᛋ,601
flamethrower,80336,0,ᚠᛚᚪᛗᛖᚦᚱᚩᚹᛖᚱ,430
gnatcatcher,80321,0,ᚷᚾᚪᛏᚳᚪᛏᚳᚻᛖᚱ,485
leptomeninges,80246,0,ᛚᛖᛈᛏᚩᛗᛖᚾᛝᛖᛋ,615
proficients,80197,0,ᛈᚱᚩᚠᛁᚳᛁᛖᚾᛏᛋ,346
artefactual,80143,0,ᚪᚱᛏᛖᚠᚪᚳᛏᚢᚪᛚ,578
deliveryman,80103,0,ᛞᛖᛚᛁᚢᛖᚱᚣᛗᚪᚾ,641
tribespeople,79958,0,ᛏᚱᛁᛒᛖᛋᛈᛇᛈᛚᛖ,549
quintuplets,79910,0,ᚳᚹᛁᚾᛏᚢᛈᛚᛖᛏᛋ,449
nudibranchs,79861,0,ᚾᚢᛞᛁᛒᚱᚪᚾᚳᚻᛋ,439
internality,79847,0,ᛁᚾᛏᛖᚱᚾᚪᛚᛁᛏᚣ,589
bombardiers,79838,0,ᛒᚩᛗᛒᚪᚱᛞᛁᛖᚱᛋ,559
mediaevalism,79828,0,ᛗᛖᛞᛡᛖᚢᚪᛚᛁᛋᛗ,729
housewifely,79821,0,ᚻᚩᚢᛋᛖᚹᛁᚠᛖᛚᚣ,448
telekinesis,79801,0,ᛏᛖᛚᛖᚳᛁᚾᛖᛋᛁᛋ,543
panegyrists,79799,0,ᛈᚪᚾᛖᚷᚣᚱᛁᛋᛏᛋ,563
systematist,79762,0,ᛋᚣᛋᛏᛖᛗᚪᛏᛁᛋᛏ,705
decalcomania,79761,0,ᛞᛖᚳᚪᛚᚳᚩᛗᚪᚾᛡ,663
phycocyanin,79711,0,ᛈᚻᚣᚳᚩᚳᚣᚪᚾᛁᚾ,491
stethoscopes,79702,0,ᛋᛏᛖᚦᚩᛋᚳᚩᛈᛖᛋ,427
irksomeness,79650,0,ᛁᚱᚳᛋᚩᛗᛖᚾᛖᛋᛋ,455
spermicidal,79536,0,ᛋᛈᛖᚱᛗᛁᚳᛁᛞᚪᛚ,579
allegorized,79506,0,ᚪᛚᛚᛖᚷᚩᚱᛁᛋᛖᛞ,585
unconfessed,79418,0,ᚢᚾᚳᚩᚾᚠᛖᛋᛋᛖᛞ,412
broadswords,79399,0,ᛒᚱᚩᚪᛞᛋᚹᚩᚱᛞᛋ,497
masterminds,79393,0,ᛗᚪᛋᛏᛖᚱᛗᛁᚾᛞᛋ,631
roustabouts,79343,0,ᚱᚩᚢᛋᛏᚪᛒᚩᚢᛏᛋ,413
conjurations,79331,0,ᚳᚩᚾᛂᚢᚱᚪᛏᛡᚾᛋ,445
sexagesimal,79303,0,ᛋᛖᛉᚪᚷᛖᛋᛁᛗᚪᛚ,673
polyhedrons,79293,0,ᛈᚩᛚᚣᚻᛖᛞᚱᚩᚾᛋ,505
marguerites,79285,0,ᛗᚪᚱᚷᚢᛖᚱᛁᛏᛖᛋ,487
crackerjack,79057,0,ᚳᚱᚪᚳᚳᛖᚱᛂᚪᚳᚳ,385
dialecticians,79042,0,ᛞᛡᛚᛖᚳᛏᛁᚳᛡᚾᛋ,641
hysterotomy,78974,0,ᚻᚣᛋᛏᛖᚱᚩᛏᚩᛗᚣ,563
adjacencies,78930,0,ᚪᛞᛂᚪᚳᛖᚾᚳᛁᛖᛋ,593
multiplexes,78856,0,ᛗᚢᛚᛏᛁᛈᛚᛖᛉᛖᛋ,587
neutralises,78823,0,ᚾᛖᚢᛏᚱᚪᛚᛁᛋᛖᛋ,543
cardinalate,78711,0,ᚳᚪᚱᛞᛁᚾᚪᛚᚪᛏᛖ,663
pericranium,78682,0,ᛈᛖᚱᛁᚳᚱᚪᚾᛁᚢᛗ,407
intumescent,78682,0,ᛁᚾᛏᚢᛗᛖᛋᚳᛖᚾᛏ,481
evocatively,78656,0,ᛖᚢᚩᚳᚪᛏᛁᚢᛖᛚᚣ,523
ultrafilter,78462,0,ᚢᛚᛏᚱᚪᚠᛁᛚᛏᛖᚱ,486
undrinkable,78426,0,ᚢᚾᛞᚱᛁᚾᚳᚪᛒᛚᛖ,503
somatically,78393,0,ᛋᚩᛗᚪᛏᛁᚳᚪᛚᛚᚣ,677
unselective,78272,0,ᚢᚾᛋᛖᛚᛖᚳᛏᛁᚢᛖ,465
inartificial,78242,0,ᛁᚾᚪᚱᛏᛁᚠᛁᚳᛡᛚ,484
keyboardist,78240,0,ᚳᛖᚣᛒᚩᚪᚱᛞᛁᛋᛏ,591
mandatories,78201,0,ᛗᚪᚾᛞᚪᛏᚩᚱᛁᛖᛋ,611
raphaelitism,78193,0,ᚱᚪᛈᚻᚫᛚᛁᛏᛁᛋᛗ,593
gallicanism,78039,0,ᚷᚪᛚᛚᛁᚳᚪᚾᛁᛋᛗ,585
preformation,78020,0,ᛈᚱᛖᚠᚩᚱᛗᚪᛏᛡᚾ,504
supercharge,77971,0,ᛋᚢᛈᛖᚱᚳᚻᚪᚱᚷᛖ,405
convectional,77929,0,ᚳᚩᚾᚢᛖᚳᛏᛡᚾᚪᛚ,497
profligates,77900,0,ᛈᚱᚩᚠᛚᛁᚷᚪᛏᛖᛋ,460
nonliterary,77747,0,ᚾᚩᚾᛚᛁᛏᛖᚱᚪᚱᚣ,517
tumbleweeds,77731,0,ᛏᚢᛗᛒᛚᛖᚹᛖᛖᛞᛋ,629
noctilucent,77721,0,ᚾᚩᚳᛏᛁᛚᚢᚳᛖᚾᛏ,383
casuistical,77691,0,ᚳᚪᛋᚢᛁᛋᛏᛁᚳᚪᛚ,523
awesomeness,77636,0,ᚪᚹᛖᛋᚩᛗᛖᚾᛖᛋᛋ,583
retardations,77614,0,ᚱᛖᛏᚪᚱᛞᚪᛏᛡᚾᛋ,679
breechblock,77601,0,ᛒᚱᛖᛖᚳᚻᛒᛚᚩᚳᚳ,409
decremental,77505,0,ᛞᛖᚳᚱᛖᛗᛖᚾᛏᚪᛚ,643
discotheques,77482,0,ᛞᛁᛋᚳᚩᚦᛖᚳᚹᛖᛋ,417
immensities,77450,0,ᛁᛗᛗᛖᚾᛋᛁᛏᛁᛖᛋ,563
chaffinches,77382,0,ᚳᚻᚪᚠᚠᛁᚾᚳᚻᛖᛋ,353
stegosaurus,77368,0,ᛋᛏᛖᚷᚩᛋᚪᚢᚱᚢᛋ,423
highfalutin,77274,0,ᚻᛁᚷᚻᚠᚪᛚᚢᛏᛁᚾ,388
deodorization,77254,0,ᛞᛇᛞᚩᚱᛁᛋᚪᛏᛡᚾ,613
pumblechook,77243,0,ᛈᚢᛗᛒᛚᛖᚳᚻᚩᚩᚳ,381
untruthfully,77110,0,ᚢᚾᛏᚱᚢᚦᚠᚢᛚᛚᚣ,364
onomasticon,77056,0,ᚩᚾᚩᛗᚪᛋᛏᛁᚳᚩᚾ,403
workbenches,76906,0,ᚹᚩᚱᚳᛒᛖᚾᚳᚻᛖᛋ,363
presciently,76847,0,ᛈᚱᛖᛋᚳᛁᛖᚾᛏᛚᚣ,549
reiterative,76804,0,ᚱᛖᛁᛏᛖᚱᚪᛏᛁᚢᛖ,503
budgerigars,76751,0,ᛒᚢᛞᚷᛖᚱᛁᚷᚪᚱᛋ,457
intertwines,76675,0,ᛁᚾᛏᛖᚱᛏᚹᛁᚾᛖᛋ,455
intenseness,76642,0,ᛁᚾᛏᛖᚾᛋᛖᚾᛖᛋᛋ,537
regurgitating,76616,0,ᚱᛖᚷᚢᚱᚷᛁᛏᚪᛏᛝ,451
moonshiners,76589,0,ᛗᚩᚩᚾᛋᚻᛁᚾᛖᚱᛋ,381
unifications,76531,0,ᚢᚾᛁᚠᛁᚳᚪᛏᛡᚾᛋ,454
coparcenary,76466,0,ᚳᚩᛈᚪᚱᚳᛖᚾᚪᚱᚣ,491
neutralists,76462,0,ᚾᛖᚢᛏᚱᚪᛚᛁᛋᛏᛋ,535
perineurium,76421,0,ᛈᛖᚱᛁᚾᛖᚢᚱᛁᚢᛗ,367
afterimages,76408,0,ᚪᚠᛏᛖᚱᛁᛗᚪᚷᛖᛋ,572
virologists,76358,0,ᚢᛁᚱᚩᛚᚩᚷᛁᛋᛏᛋ,345
dissatisfying,76339,0,ᛞᛁᛋᛋᚪᛏᛁᛋᚠᚣᛝ,650
dumbwaiters,76283,0,ᛞᚢᛗᛒᚹᚪᛁᛏᛖᚱᛋ,561
bellicosity,76071,0,ᛒᛖᛚᛚᛁᚳᚩᛋᛁᛏᚣ,571
acclivities,76002,0,ᚪᚳᚳᛚᛁᚢᛁᛏᛁᛖᛋ,471
unactivated,75976,0,ᚢᚾᚪᚳᛏᛁᚢᚪᛏᛖᛞ,547
nonbeliever,75957,0,ᚾᚩᚾᛒᛖᛚᛁᛖᚢᛖᚱ,445
hebephrenic,75932,0,ᚻᛖᛒᛖᛈᚻᚱᛖᚾᛁᚳ,435
convergency,75852,0,ᚳᚩᚾᚢᛖᚱᚷᛖᚾᚳᚣ,359
unevaluated,75830,0,ᚢᚾᛖᚢᚪᛚᚢᚪᛏᛖᛞ,587
palimpsests,75498,0,ᛈᚪᛚᛁᛗᛈᛋᛖᛋᛏᛋ,643
inexactness,75404,0,ᛁᚾᛖᛉᚪᚳᛏᚾᛖᛋᛋ,545
vociferation,75389,0,ᚢᚩᚳᛁᚠᛖᚱᚪᛏᛡᚾ,426
intersexual,75321,0,ᛁᚾᛏᛖᚱᛋᛖᛉᚢᚪᛚ,537
fibrillated,75256,0,ᚠᛁᛒᚱᛁᛚᛚᚪᛏᛖᛞ,594
ctenophores,75135,0,ᚳᛏᛖᚾᚩᛈᚻᚩᚱᛖᛋ,379
sublimities,75102,0,ᛋᚢᛒᛚᛁᛗᛁᛏᛁᛖᛋ,533
transactors,75096,0,ᛏᚱᚪᚾᛋᚪᚳᛏᚩᚱᛋ,489
sociolinguists,74948,0,ᛋᚩᚳᛡᛚᛝᚢᛁᛋᛏᛋ,531
performable,74908,0,ᛈᛖᚱᚠᚩᚱᛗᚪᛒᛚᛖ,510
boundlessly,74899,0,ᛒᚩᚢᚾᛞᛚᛖᛋᛋᛚᚣ,611
uncurtained,74871,0,ᚢᚾᚳᚢᚱᛏᚪᛁᚾᛖᛞ,431
ventriculus,74869,0,ᚢᛖᚾᛏᚱᛁᚳᚢᛚᚢᛋ,345
unpermitted,74815,0,ᚢᚾᛈᛖᚱᛗᛁᛏᛏᛖᛞ,529
hypersphere,74796,0,ᚻᚣᛈᛖᚱᛋᛈᚻᛖᚱᛖ,511
hydroplanes,74793,0,ᚻᚣᛞᚱᚩᛈᛚᚪᚾᛖᛋ,595
supraocular,74738,0,ᛋᚢᛈᚱᚪᚩᚳᚢᛚᚪᚱ,411
manumissions,74737,0,ᛗᚪᚾᚢᛗᛁᛋᛋᛡᚾᛋ,597
stalactitic,74694,0,ᛋᛏᚪᛚᚪᚳᛏᛁᛏᛁᚳ,585
foregathered,74528,0,ᚠᚩᚱᛖᚷᚪᚦᛖᚱᛖᛞ,440
guesstimate,74525,0,ᚷᚢᛖᛋᛋᛏᛁᛗᚪᛏᛖ,577
needlecraft,74518,0,ᚾᛖᛖᛞᛚᛖᚳᚱᚪᚠᛏ,574
undiscussed,74444,0,ᚢᚾᛞᛁᛋᚳᚢᛋᛋᛖᛞ,483
semiquavers,74434,0,ᛋᛖᛗᛁᚳᚹᚪᚢᛖᚱᛋ,485
primordially,74429,0,ᛈᚱᛁᛗᚩᚱᛞᛡᛚᛚᚣ,619
greengrocers,74361,0,ᚷᚱᛖᛖᛝᚱᚩᚳᛖᚱᛋ,403
instigations,74276,0,ᛁᚾᛋᛏᛁᚷᚪᛏᛡᚾᛋ,565
beiderbecke,74265,0,ᛒᛖᛁᛞᛖᚱᛒᛖᚳᚳᛖ,547
clotheslines,74046,0,ᚳᛚᚩᚦᛖᛋᛚᛁᚾᛖᛋ,471
inelegantly,74042,0,ᛁᚾᛖᛚᛖᚷᚪᚾᛏᛚᚣ,645
fashionables,73935,0,ᚠᚪᛋᚻᛡᚾᚪᛒᛚᛖᛋ,662
decorticate,73876,0,ᛞᛖᚳᚩᚱᛏᛁᚳᚪᛏᛖ,513
maisonettes,73812,0,ᛗᚪᛁᛋᚩᚾᛖᛏᛏᛖᛋ,593
nidification,73789,0,ᚾᛁᛞᛁᚠᛁᚳᚪᛏᛡᚾ,518
zygomorphic,73734,0,ᛋᚣᚷᚩᛗᚩᚱᛈᚻᛁᚳ,379
damselflies,73556,0,ᛞᚪᛗᛋᛖᛚᚠᛚᛁᛖᛋ,676
hemstitched,73530,0,ᚻᛖᛗᛋᛏᛁᛏᚳᚻᛖᛞ,555
pumpkinseed,73519,0,ᛈᚢᛗᛈᚳᛁᚾᛋᛖᛖᛞ,509
shelterless,73415,0,ᛋᚻᛖᛚᛏᛖᚱᛚᛖᛋᛋ,599
academicism,73346,0,ᚪᚳᚪᛞᛖᛗᛁᚳᛁᛋᛗ,633
mantelshelf,73108,0,ᛗᚪᚾᛏᛖᛚᛋᚻᛖᛚᚠ,614
chirography,73091,0,ᚳᚻᛁᚱᚩᚷᚱᚪᛈᚻᚣ,379
imperialisms,73069,0,ᛁᛗᛈᛖᚱᛡᛚᛁᛋᛗᛋ,611
anathematize,73011,0,ᚪᚾᚪᚦᛖᛗᚪᛏᛁᛋᛖ,673
hypermarket,72978,0,ᚻᚣᛈᛖᚱᛗᚪᚱᚳᛖᛏ,565
geometricians,72883,0,ᚷᛇᛗᛖᛏᚱᛁᚳᛡᚾᛋ,499
incommodious,72879,0,ᛁᚾᚳᚩᛗᛗᚩᛞᛡᚢᛋ,481
uriniferous,72826,0,ᚢᚱᛁᚾᛁᚠᛖᚱᚩᚢᛋ,248
countinghouse,72804,0,ᚳᚩᚢᚾᛏᛝᚻᚩᚢᛋᛖ,343
buttonholed,72793,0,ᛒᚢᛏᛏᚩᚾᚻᚩᛚᛖᛞ,477
panegyrical,72722,0,ᛈᚪᚾᛖᚷᚣᚱᛁᚳᚪᛚ,581
crosshatching,72674,0,ᚳᚱᚩᛋᛋᚻᚪᛏᚳᚻᛝ,431
recompenses,72672,0,ᚱᛖᚳᚩᛗᛈᛖᚾᛋᛖᛋ,481
nomenclator,72659,0,ᚾᚩᛗᛖᚾᚳᛚᚪᛏᚩᚱ,463
cabinetwork,72627,0,ᚳᚪᛒᛁᚾᛖᛏᚹᚩᚱᚳ,407
undervalues,72581,0,ᚢᚾᛞᛖᚱᚢᚪᛚᚢᛖᛋ,495
cheesecakes,72562,0,ᚳᚻᛖᛖᛋᛖᚳᚪᚳᛖᛋ,533
stereoscopes,72559,0,ᛋᛏᛖᚱᛇᛋᚳᚩᛈᛖᛋ,467
salvationist,72538,0,ᛋᚪᛚᚢᚪᛏᛡᚾᛁᛋᛏ,661
unassertive,72498,0,ᚢᚾᚪᛋᛋᛖᚱᛏᛁᚢᛖ,473
economisers,72418,0,ᛖᚳᚩᚾᚩᛗᛁᛋᛖᚱᛋ,409
boorishness,72350,0,ᛒᚩᚩᚱᛁᛋᚻᚾᛖᛋᛋ,395
plantigrade,72281,0,ᛈᛚᚪᚾᛏᛁᚷᚱᚪᛞᛖ,613
unescapable,72268,0,ᚢᚾᛖᛋᚳᚪᛈᚪᛒᛚᛖ,603
improvisers,72141,0,ᛁᛗᛈᚱᚩᚢᛁᛋᛖᚱᛋ,381
jabberwocky,71964,0,ᛂᚪᛒᛒᛖᚱᚹᚩᚳᚳᚣ,489
ungenerously,71759,0,ᚢᛝᛖᚾᛖᚱᚩᚢᛋᛚᚣ,495
cyanohydrin,71690,0,ᚳᚣᚪᚾᚩᚻᚣᛞᚱᛁᚾ,535
presentness,71649,0,ᛈᚱᛖᛋᛖᚾᛏᚾᛖᛋᛋ,531
punctuations,71569,0,ᛈᚢᚾᚳᛏᚢᚪᛏᛡᚾᛋ,495
originative,71448,0,ᚩᚱᛁᚷᛁᚾᚪᛏᛁᚢᛖ,383
consanguineal,71399,0,ᚳᚩᚾᛋᚪᛝᚢᛁᚾᛠᛚ,523
phoneticians,71316,0,ᛈᚻᚩᚾᛖᛏᛁᚳᛡᚾᛋ,461
tautologous,71281,0,ᛏᚪᚢᛏᚩᛚᚩᚷᚩᚢᛋ,385
immortalizing,71211,0,ᛁᛗᛗᚩᚱᛏᚪᛚᛁᛋᛝ,583
menservants,71188,0,ᛗᛖᚾᛋᛖᚱᚢᚪᚾᛏᛋ,539
prelapsarian,71131,0,ᛈᚱᛖᛚᚪᛈᛋᚪᚱᛡᚾ,631
arithmetician,71065,0,ᚪᚱᛁᚦᛗᛖᛏᛁᚳᛡᚾ,521
unredressed,71012,0,ᚢᚾᚱᛖᛞᚱᛖᛋᛋᛖᛞ,539
militarised,70973,0,ᛗᛁᛚᛁᛏᚪᚱᛁᛋᛖᛞ,613
pointedness,70914,0,ᛈᚩᛁᚾᛏᛖᛞᚾᛖᛋᛋ,527
brutishness,70774,0,ᛒᚱᚢᛏᛁᛋᚻᚾᛖᛋᛋ,443
cancellated,70771,0,ᚳᚪᚾᚳᛖᛚᛚᚪᛏᛖᛞ,677
nutcrackers,70735,0,ᚾᚢᛏᚳᚱᚪᚳᚳᛖᚱᛋ,369
navratilova,70614,0,ᚾᚪᚢᚱᚪᛏᛁᛚᚩᚢᚪ,507
unreflected,70578,0,ᚢᚾᚱᛖᚠᛚᛖᚳᛏᛖᛞ,480
generalises,70558,0,ᚷᛖᚾᛖᚱᚪᛚᛁᛋᛖᛋ,565
negligences,70487,0,ᚾᛖᚷᛚᛁᚷᛖᚾᚳᛖᛋ,463
discernibly,70474,0,ᛞᛁᛋᚳᛖᚱᚾᛁᛒᛚᚣ,561
pontificating,70461,0,ᛈᚩᚾᛏᛁᚠᛁᚳᚪᛏᛝ,450
weedkillers,70458,0,ᚹᛖᛖᛞᚳᛁᛚᛚᛖᚱᛋ,563
masterminding,70430,0,ᛗᚪᛋᛏᛖᚱᛗᛁᚾᛞᛝ,657
instauration,70424,0,ᛁᚾᛋᛏᚪᚢᚱᚪᛏᛡᚾ,575
capricornus,70414,0,ᚳᚪᛈᚱᛁᚳᚩᚱᚾᚢᛋ,311
backbencher,70345,0,ᛒᚪᚳᚳᛒᛖᚾᚳᚻᛖᚱ,455
schottische,70268,0,ᛋᚳᚻᚩᛏᛏᛁᛋᚳᚻᛖ,401
disassociating,70243,0,ᛞᛁᛋᚪᛋᛋᚩᚳᛡᛏᛝ,641
vitalization,70242,0,ᚢᛁᛏᚪᛚᛁᛋᚪᛏᛡᚾ,639
lactiferous,70229,0,ᛚᚪᚳᛏᛁᚠᛖᚱᚩᚢᛋ,416
unscholarly,70162,0,ᚢᚾᛋᚳᚻᚩᛚᚪᚱᛚᚣ,485
arteriograms,70153,0,ᚪᚱᛏᛖᚱᛡᚷᚱᚪᛗᛋ,601
chrysoberyl,70152,0,ᚳᚻᚱᚣᛋᚩᛒᛖᚱᚣᛚ,525
subluxations,70151,0,ᛋᚢᛒᛚᚢᛉᚪᛏᛡᚾᛋ,585
helminthiasis,70144,0,ᚻᛖᛚᛗᛁᚾᚦᛡᛋᛁᛋ,543
housebreaker,70119,0,ᚻᚩᚢᛋᛖᛒᚱᛠᚳᛖᚱ,425
landscapers,70026,0,ᛚᚪᚾᛞᛋᚳᚪᛈᛖᚱᛋ,625
cameroonians,69917,0,ᚳᚪᛗᛖᚱᚩᚩᚾᛡᚾᛋ,491
launderette,69725,0,ᛚᚪᚢᚾᛞᛖᚱᛖᛏᛏᛖ,621
chrysarobin,69693,0,ᚳᚻᚱᚣᛋᚪᚱᚩᛒᛁᚾ,439
canvasbacks,69681,0,ᚳᚪᚾᚢᚪᛋᛒᚪᚳᚳᛋ,529
antecedence,69636,0,ᚪᚾᛏᛖᚳᛖᛞᛖᚾᚳᛖ,597
succedaneum,69506,0,ᛋᚢᚳᚳᛖᛞᚪᚾᛖᚢᛗ,505
amalgamator,69479,0,ᚪᛗᚪᛚᚷᚪᛗᚪᛏᚩᚱ,697
stridulation,69454,0,ᛋᛏᚱᛁᛞᚢᛚᚪᛏᛡᚾ,611
dichromatic,69361,0,ᛞᛁᚳᚻᚱᚩᛗᚪᛏᛁᚳ,445
secretariate,69316,0,ᛋᛖᚳᚱᛖᛏᚪᚱᛡᛏᛖ,611
consummates,69217,0,ᚳᚩᚾᛋᚢᛗᛗᚪᛏᛖᛋ,523
dysenteries,69204,0,ᛞᚣᛋᛖᚾᛏᛖᚱᛁᛖᛋ,629
soldiership,68984,0,ᛋᚩᛚᛞᛁᛖᚱᛋᚻᛁᛈ,481
aggrandized,68914,0,ᚪᚷᚷᚱᚪᚾᛞᛁᛋᛖᛞ,597
phillipsite,68862,0,ᛈᚻᛁᛚᛚᛁᛈᛋᛁᛏᛖ,527
exasperates,68859,0,ᛖᛉᚪᛋᛈᛖᚱᚪᛏᛖᛋ,661
overstraining,68850,0,ᚩᚢᛖᚱᛋᛏᚱᚪᛁᚾᛝ,447
carabineers,68805,0,ᚳᚪᚱᚪᛒᛁᚾᛖᛖᚱᛋ,537
reichenberg,68786,0,ᚱᛖᛁᚳᚻᛖᚾᛒᛖᚱᚷ,397
logisticians,68760,0,ᛚᚩᚷᛁᛋᛏᛁᚳᛡᚾᛋ,473
hinderances,68750,0,ᚻᛁᚾᛞᛖᚱᚪᚾᚳᛖᛋ,509
assuredness,68715,0,ᚪᛋᛋᚢᚱᛖᛞᚾᛖᛋᛋ,575
promenaders,68645,0,ᛈᚱᚩᛗᛖᚾᚪᛞᛖᚱᛋ,545
plesiosaurus,68631,0,ᛈᛚᛖᛋᛡᛋᚪᚢᚱᚢᛋ,563
emancipates,68607,0,ᛖᛗᚪᚾᚳᛁᛈᚪᛏᛖᛋ,627
metalworker,68587,0,ᛗᛖᛏᚪᛚᚹᚩᚱᚳᛖᚱ,495
pantropical,68552,0,ᛈᚪᚾᛏᚱᚩᛈᛁᚳᚪᛚ,503
torchbearers,68548,0,ᛏᚩᚱᚳᚻᛒᛠᚱᛖᚱᛋ,425
managerially,68544,0,ᛗᚪᚾᚪᚷᛖᚱᛡᛚᛚᚣ,745
beachcombers,68532,0,ᛒᛠᚳᚻᚳᚩᛗᛒᛖᚱᛋ,489
canalisation,68512,0,ᚳᚪᚾᚪᛚᛁᛋᚪᛏᛡᚾ,685
churchwomen,68463,0,ᚳᚻᚢᚱᚳᚻᚹᚩᛗᛖᚾ,279
telecasters,68363,0,ᛏᛖᛚᛖᚳᚪᛋᛏᛖᚱᛋ,619
unappealable,68286,0,ᚢᚾᚪᛈᛈᛠᛚᚪᛒᛚᛖ,695
perfectible,68283,0,ᛈᛖᚱᚠᛖᚳᛏᛁᛒᛚᛖ,494
positionable,68278,0,ᛈᚩᛋᛁᛏᛡᚾᚪᛒᛚᛖ,627
macintoshes,68198,0,ᛗᚪᚳᛁᚾᛏᚩᛋᚻᛖᛋ,503
ghastliness,68187,0,ᚷᚻᚪᛋᛏᛚᛁᚾᛖᛋᛋ,555
cellulosics,68134,0,ᚳᛖᛚᛚᚢᛚᚩᛋᛁᚳᛋ,459
intersession,68047,0,ᛁᚾᛏᛖᚱᛋᛖᛋᛋᛡᚾ,559
triplicates,68043,0,ᛏᚱᛁᛈᛚᛁᚳᚪᛏᛖᛋ,537
fraudulence,68030,0,ᚠᚱᚪᚢᛞᚢᛚᛖᚾᚳᛖ,454
incipiently,67982,0,ᛁᚾᚳᛁᛈᛁᛖᚾᛏᛚᚣ,509
straitlaced,67979,0,ᛋᛏᚱᚪᛁᛏᛚᚪᚳᛖᛞ,649
probabilism,67975,0,ᛈᚱᚩᛒᚪᛒᛁᛚᛁᛋᛗ,539
meetinghouses,67973,0,ᛗᛖᛖᛏᛝᚻᚩᚢᛋᛖᛋ,549
waterlilies,67966,0,ᚹᚪᛏᛖᚱᛚᛁᛚᛁᛖᛋ,581
overstretch,67958,0,ᚩᚢᛖᚱᛋᛏᚱᛖᛏᚳᚻ,373
repatriations,67927,0,ᚱᛖᛈᚪᛏᚱᛡᛏᛡᚾᛋ,643
gradualness,67901,0,ᚷᚱᚪᛞᚢᚪᛚᚾᛖᛋᛋ,589
fireproofed,67896,0,ᚠᛁᚱᛖᛈᚱᚩᚩᚠᛖᛞ,337
deliverymen,67892,0,ᛞᛖᛚᛁᚢᛖᚱᚣᛗᛖᚾ,611
thermotherapy,67746,0,ᚦᛖᚱᛗᚩᚦᛖᚱᚪᛈᚣ,487
provostship,67730,0,ᛈᚱᚩᚢᚩᛋᛏᛋᚻᛁᛈ,333
acromegalic,67692,0,ᚪᚳᚱᚩᛗᛖᚷᚪᛚᛁᚳ,497
overcautious,67674,0,ᚩᚢᛖᚱᚳᚪᚢᛏᛡᚢᛋ,423
hairsplitting,67544,0,ᚻᚪᛁᚱᛋᛈᛚᛁᛏᛏᛝ,559
charcuterie,67527,0,ᚳᚻᚪᚱᚳᚢᛏᛖᚱᛁᛖ,395
hydrophytes,67510,0,ᚻᚣᛞᚱᚩᛈᚻᚣᛏᛖᛋ,581
misgoverned,67475,0,ᛗᛁᛋᚷᚩᚢᛖᚱᚾᛖᛞ,445
propaedeutic,67455,0,ᛈᚱᚩᛈᚫᛞᛖᚢᛏᛁᚳ,467
palindromes,67406,0,ᛈᚪᛚᛁᚾᛞᚱᚩᛗᛖᛋ,571
undestroyed,67375,0,ᚢᚾᛞᛖᛋᛏᚱᚩᚣᛖᛞ,577
hyperplasias,67206,0,ᚻᚣᛈᛖᚱᛈᛚᚪᛋᛡᛋ,673
champignons,67152,0,ᚳᚻᚪᛗᛈᛁᚷᚾᚩᚾᛋ,413
intermeshed,67099,0,ᛁᚾᛏᛖᚱᛗᛖᛋᚻᛖᛞ,567
somersaulting,66992,0,ᛋᚩᛗᛖᚱᛋᚪᚢᛚᛏᛝ,573
salpingectomy,66961,0,ᛋᚪᛚᛈᛝᛖᚳᛏᚩᛗᚣ,665
blackshirts,66950,0,ᛒᛚᚪᚳᚳᛋᚻᛁᚱᛏᛋ,487
putrescence,66910,0,ᛈᚢᛏᚱᛖᛋᚳᛖᚾᚳᛖ,425
perambulate,66889,0,ᛈᛖᚱᚪᛗᛒᚢᛚᚪᛏᛖ,649
sublimations,66862,0,ᛋᚢᛒᛚᛁᛗᚪᛏᛡᚾᛋ,637
unmutilated,66837,0,ᚢᚾᛗᚢᛏᛁᛚᚪᛏᛖᛞ,581
peppermints,66788,0,ᛈᛖᛈᛈᛖᚱᛗᛁᚾᛏᛋ,517
precontract,66766,0,ᛈᚱᛖᚳᚩᚾᛏᚱᚪᚳᛏ,409
truculently,66735,0,ᛏᚱᚢᚳᚢᛚᛖᚾᛏᛚᚣ,493
perfidiously,66683,0,ᛈᛖᚱᚠᛁᛞᛡᚢᛋᛚᚣ,582
logographic,66633,0,ᛚᚩᚷᚩᚷᚱᚪᛈᚻᛁᚳ,339
greenfields,66605,0,ᚷᚱᛖᛖᚾᚠᛁᛖᛚᛞᛋ,506
protractile,66598,0,ᛈᚱᚩᛏᚱᚪᚳᛏᛁᛚᛖ,471
minimalists,66485,0,ᛗᛁᚾᛁᛗᚪᛚᛁᛋᛏᛋ,599
unusualness,66306,0,ᚢᚾᚢᛋᚢᚪᛚᚾᛖᛋᛋ,463
kilocalorie,66276,0,ᚳᛁᛚᚩᚳᚪᛚᚩᚱᛁᛖ,423
coruscations,66256,0,ᚳᚩᚱᚢᛋᚳᚪᛏᛡᚾᛋ,445
postulations,66243,0,ᛈᚩᛋᛏᚢᛚᚪᛏᛡᚾᛋ,583
woodlanders,66128,0,ᚹᚩᚩᛞᛚᚪᚾᛞᛖᚱᛋ,541
fulfilments,66078,0,ᚠᚢᛚᚠᛁᛚᛗᛖᚾᛏᛋ,463
equivocated,65984,0,ᛖᚳᚹᛁᚢᚩᚳᚪᛏᛖᛞ,465
confidantes,65857,0,ᚳᚩᚾᚠᛁᛞᚪᚾᛏᛖᛋ,476
insincerely,65827,0,ᛁᚾᛋᛁᚾᚳᛖᚱᛖᛚᚣ,507
genuflection,65791,0,ᚷᛖᚾᚢᚠᛚᛖᚳᛏᛡᚾ,466
misconstruing,65757,0,ᛗᛁᛋᚳᚩᚾᛋᛏᚱᚢᛝ,409
captivities,65730,0,ᚳᚪᛈᛏᛁᚢᛁᛏᛁᛖᛋ,487
unhelpfully,65671,0,ᚢᚾᚻᛖᛚᛈᚠᚢᛚᛚᚣ,492
penologists,65610,0,ᛈᛖᚾᚩᛚᚩᚷᛁᛋᛏᛋ,439
bastardized,65586,0,ᛒᚪᛋᛏᚪᚱᛞᛁᛋᛖᛞ,707
gravimeters,65584,0,ᚷᚱᚪᚢᛁᛗᛖᛏᛖᚱᛋ,487
paralanguage,65568,0,ᛈᚪᚱᚪᛚᚪᛝᚢᚪᚷᛖ,681
guillotines,65568,0,ᚷᚢᛁᛚᛚᚩᛏᛁᚾᛖᛋ,443
macroglossia,65554,0,ᛗᚪᚳᚱᚩᚷᛚᚩᛋᛋᛡ,509
accusatives,65472,0,ᚪᚳᚳᚢᛋᚪᛏᛁᚢᛖᛋ,489
providently,65456,0,ᛈᚱᚩᚢᛁᛞᛖᚾᛏᛚᚣ,515
prudishness,65418,0,ᛈᚱᚢᛞᛁᛋᚻᚾᛖᛋᛋ,455
unwitnessed,65411,0,ᚢᚾᚹᛁᛏᚾᛖᛋᛋᛖᛞ,499
cannibalize,65394,0,ᚳᚪᚾᚾᛁᛒᚪᛚᛁᛋᛖ,581
hairstylist,65317,0,ᚻᚪᛁᚱᛋᛏᚣᛚᛁᛋᛏ,593
noisemakers,65254,0,ᚾᚩᛁᛋᛖᛗᚪᚳᛖᚱᛋ,499
macadamised,65234,0,ᛗᚪᚳᚪᛞᚪᛗᛁᛋᛖᛞ,775
prevaricating,65107,0,ᛈᚱᛖᚢᚪᚱᛁᚳᚪᛏᛝ,511
encouragers,65030,0,ᛖᚾᚳᚩᚢᚱᚪᚷᛖᚱᛋ,375
merrymakers,65005,0,ᛗᛖᚱᚱᚣᛗᚪᚳᛖᚱᛋ,575
tetraspores,64968,0,ᛏᛖᛏᚱᚪᛋᛈᚩᚱᛖᛋ,527
hindquarter,64964,0,ᚻᛁᚾᛞᚳᚹᚪᚱᛏᛖᚱ,449
demoralizes,64825,0,ᛞᛖᛗᚩᚱᚪᛚᛁᛋᛖᛋ,619
heliotropium,64763,0,ᚻᛖᛚᛡᛏᚱᚩᛈᛁᚢᛗ,495
charlatanry,64742,0,ᚳᚻᚪᚱᛚᚪᛏᚪᚾᚱᚣ,613
synchromesh,64602,0,ᛋᚣᚾᚳᚻᚱᚩᛗᛖᛋᚻ,453
collarbones,64575,0,ᚳᚩᛚᛚᚪᚱᛒᚩᚾᛖᛋ,491
hypsometric,64507,0,ᚻᚣᛈᛋᚩᛗᛖᛏᚱᛁᚳ,481
thunderously,64436,0,ᚦᚢᚾᛞᛖᚱᚩᚢᛋᛚᚣ,443
propagative,64305,0,ᛈᚱᚩᛈᚪᚷᚪᛏᛁᚢᛖ,475
ghostwriter,64303,0,ᚷᚻᚩᛋᛏᚹᚱᛁᛏᛖᚱ,357
balustraded,64200,0,ᛒᚪᛚᚢᛋᛏᚱᚪᛞᛖᛞ,699
merveilleux,63954,0,ᛗᛖᚱᚢᛖᛁᛚᛚᛖᚢᛉ,513
ureterocele,63951,0,ᚢᚱᛖᛏᛖᚱᚩᚳᛖᛚᛖ,445
fornications,63887,0,ᚠᚩᚱᚾᛁᚳᚪᛏᛡᚾᛋ,438
jackhammers,63836,0,ᛂᚪᚳᚳᚻᚪᛗᛗᛖᚱᛋ,553
sorceresses,63829,0,ᛋᚩᚱᚳᛖᚱᛖᛋᛋᛖᛋ,455
spacecrafts,63752,0,ᛋᛈᚪᚳᛖᚳᚱᚪᚠᛏᛋ,508
artiodactyls,63751,0,ᚪᚱᛏᛡᛞᚪᚳᛏᚣᛚᛋ,761
titleholder,63738,0,ᛏᛁᛏᛚᛖᚻᚩᛚᛞᛖᚱ,559
inalienably,63722,0,ᛁᚾᚪᛚᛁᛖᚾᚪᛒᛚᚣ,691
vaudevilles,63689,0,ᚢᚪᚢᛞᛖᚢᛁᛚᛚᛖᛋ,559
crucifixions,63615,0,ᚳᚱᚢᚳᛁᚠᛁᛉᛡᚾᛋ,340
orthopedists,63605,0,ᚩᚱᚦᚩᛈᛖᛞᛁᛋᛏᛋ,425
bloodsucker,63602,0,ᛒᛚᚩᚩᛞᛋᚢᚳᚳᛖᚱ,397
oligospermia,63573,0,ᚩᛚᛁᚷᚩᛋᛈᛖᚱᛗᛡ,487
overclouded,63559,0,ᚩᚢᛖᚱᚳᛚᚩᚢᛞᛖᛞ,429
laureateship,63541,0,ᛚᚪᚢᚱᛠᛏᛖᛋᚻᛁᛈ,569
exemplarily,63493,0,ᛖᛉᛖᛗᛈᛚᚪᚱᛁᛚᚣ,683
obliquities,63490,0,ᚩᛒᛚᛁᚳᚹᛁᛏᛁᛖᛋ,445
expectorating,63381,0,ᛖᛉᛈᛖᚳᛏᚩᚱᚪᛏᛝ,549
miniaturists,63354,0,ᛗᛁᚾᛡᛏᚢᚱᛁᛋᛏᛋ,507
cloudbursts,63283,0,ᚳᛚᚩᚢᛞᛒᚢᚱᛋᛏᛋ,425
coastguards,63199,0,ᚳᚩᚪᛋᛏᚷᚢᚪᚱᛞᛋ,499
countermine,62919,0,ᚳᚩᚢᚾᛏᛖᚱᛗᛁᚾᛖ,387
ichthyosaurs,62906,0,ᛁᚳᚻᚦᚣᚩᛋᚪᚢᚱᛋ,399
lymphoblast,62863,0,ᛚᚣᛗᛈᚻᚩᛒᛚᚪᛋᛏ,663
nightshirts,62779,0,ᚾᛁᚷᚻᛏᛋᚻᛁᚱᛏᛋ,389
lepidosiren,62764,0,ᛚᛖᛈᛁᛞᚩᛋᛁᚱᛖᚾ,501
phyllotaxis,62740,0,ᛈᚻᚣᛚᛚᚩᛏᚪᛉᛁᛋ,609
decompressing,62740,0,ᛞᛖᚳᚩᛗᛈᚱᛖᛋᛋᛝ,553
supersedure,62616,0,ᛋᚢᛈᛖᚱᛋᛖᛞᚢᚱᛖ,467
rhizomorphs,62607,0,ᚱᚻᛁᛋᚩᛗᚩᚱᛈᚻᛋ,333
cardiography,62600,0,ᚳᚪᚱᛞᛡᚷᚱᚪᛈᚻᚣ,611
aponeuroses,62588,0,ᚪᛈᚩᚾᛖᚢᚱᚩᛋᛖᛋ,437
chrysoprase,62572,0,ᚳᚻᚱᚣᛋᚩᛈᚱᚪᛋᛖ,481
connectedly,62488,0,ᚳᚩᚾᚾᛖᚳᛏᛖᛞᛚᚣ,549
khachaturian,62482,0,ᚳᚻᚪᚳᚻᚪᛏᚢᚱᛡᚾ,475
homebuilder,62431,0,ᚻᚩᛗᛖᛒᚢᛁᛚᛞᛖᚱ,503
unclarified,62317,0,ᚢᚾᚳᛚᚪᚱᛁᚠᛁᛖᛞ,446
overproduce,62227,0,ᚩᚢᛖᚱᛈᚱᚩᛞᚢᚳᛖ,321
vengefulness,62183,0,ᚢᛖᛝᛖᚠᚢᛚᚾᛖᛋᛋ,496
archdioceses,62125,0,ᚪᚱᚳᚻᛞᛡᚳᛖᛋᛖᛋ,593
secretively,61852,0,ᛋᛖᚳᚱᛖᛏᛁᚢᛖᛚᚣ,547
enchondroma,61786,0,ᛖᚾᚳᚻᚩᚾᛞᚱᚩᛗᚪ,443
pentameters,61780,0,ᛈᛖᚾᛏᚪᛗᛖᛏᛖᚱᛋ,623
coelenterate,61761,0,ᚳᛟᛚᛖᚾᛏᛖᚱᚪᛏᛖ,625
radicalised,61755,0,ᚱᚪᛞᛁᚳᚪᛚᛁᛋᛖᛞ,651
turtledoves,61645,0,ᛏᚢᚱᛏᛚᛖᛞᚩᚢᛖᛋ,491
caravansary,61616,0,ᚳᚪᚱᚪᚢᚪᚾᛋᚪᚱᚣ,611
edutainment,61507,0,ᛖᛞᚢᛏᚪᛁᚾᛗᛖᚾᛏ,601
innocuously,61462,0,ᛁᚾᚾᚩᚳᚢᚩᚢᛋᛚᚣ,351
bowdlerized,61418,0,ᛒᚩᚹᛞᛚᛖᚱᛁᛋᛖᛞ,567
phragmocone,61401,0,ᛈᚻᚱᚪᚷᛗᚩᚳᚩᚾᛖ,385
unpatterned,61361,0,ᚢᚾᛈᚪᛏᛏᛖᚱᚾᛖᛞ,553
pestalozzian,61353,0,ᛈᛖᛋᛏᚪᛚᚩᛋᛋᛡᚾ,641
rarefactions,61342,0,ᚱᚪᚱᛖᚠᚪᚳᛏᛡᚾᛋ,546
chaperonage,61256,0,ᚳᚻᚪᛈᛖᚱᚩᚾᚪᚷᛖ,471
circularize,61181,0,ᚳᛁᚱᚳᚢᛚᚪᚱᛁᛋᛖ,403
inscrutably,61151,0,ᛁᚾᛋᚳᚱᚢᛏᚪᛒᛚᚣ,533
amalgamates,61150,0,ᚪᛗᚪᛚᚷᚪᛗᚪᛏᛖᛋ,799
unrequested,61143,0,ᚢᚾᚱᛖᚳᚹᛖᛋᛏᛖᛞ,477
trifoliolate,61050,0,ᛏᚱᛁᚠᚩᛚᛡᛚᚪᛏᛖ,586
suppositious,60922,0,ᛋᚢᛈᛈᚩᛋᛁᛏᛡᚢᛋ,455
patrimonies,60873,0,ᛈᚪᛏᚱᛁᛗᚩᚾᛁᛖᛋ,499
lasciviously,60821,0,ᛚᚪᛋᚳᛁᚢᛡᚢᛋᛚᚣ,609
alkaptonuria,60775,0,ᚪᛚᚳᚪᛈᛏᚩᚾᚢᚱᛡ,539
democratise,60711,0,ᛞᛖᛗᚩᚳᚱᚪᛏᛁᛋᛖ,565
dextrocardia,60682,0,ᛞᛖᛉᛏᚱᚩᚳᚪᚱᛞᛡ,597
lugubriously,60668,0,ᛚᚢᚷᚢᛒᚱᛡᚢᛋᛚᚣ,507
bewhiskered,60592,0,ᛒᛖᚹᚻᛁᛋᚳᛖᚱᛖᛞ,501
profuseness,60581,0,ᛈᚱᚩᚠᚢᛋᛖᚾᛖᛋᛋ,388
tenderloins,60481,0,ᛏᛖᚾᛞᛖᚱᛚᚩᛁᚾᛋ,515
scoreboards,60406,0,ᛋᚳᚩᚱᛖᛒᚩᚪᚱᛞᛋ,469
admiralties,60397,0,ᚪᛞᛗᛁᚱᚪᛚᛏᛁᛖᛋ,679
trinidadians,60394,0,ᛏᚱᛁᚾᛁᛞᚪᛞᛡᚾᛋ,625
boutonniere,60375,0,ᛒᚩᚢᛏᚩᚾᚾᛁᛖᚱᛖ,371
immortelles,60336,0,ᛁᛗᛗᚩᚱᛏᛖᛚᛚᛖᛋ,583
dissyllable,60325,0,ᛞᛁᛋᛋᚣᛚᛚᚪᛒᛚᛖ,773
needlewoman,60301,0,ᚾᛖᛖᛞᛚᛖᚹᚩᛗᚪᚾ,615
weatherproofing,60269,0,ᚹᛠᚦᛖᚱᛈᚱᚩᚩᚠᛝ,360
perniciously,60198,0,ᛈᛖᚱᚾᛁᚳᛡᚢᛋᛚᚣ,533
undauntedly,60178,0,ᚢᚾᛞᚪᚢᚾᛏᛖᛞᛚᚣ,641
millenarians,60124,0,ᛗᛁᛚᛚᛖᚾᚪᚱᛡᚾᛋ,641
countryfolk,60103,0,ᚳᚩᚢᚾᛏᚱᚣᚠᚩᛚᚳ,320
dracunculus,60034,0,ᛞᚱᚪᚳᚢᚾᚳᚢᛚᚢᛋ,387
innervations,59943,0,ᛁᚾᚾᛖᚱᚢᚪᛏᛡᚾᛋ,515
greenlander,59928,0,ᚷᚱᛖᛖᚾᛚᚪᚾᛞᛖᚱ,557
weightiness,59864,0,ᚹᛖᛁᚷᚻᛏᛁᚾᛖᛋᛋ,449
consulships,59861,0,ᚳᚩᚾᛋᚢᛚᛋᚻᛁᛈᛋ,381
hexagonally,59803,0,ᚻᛖᛉᚪᚷᚩᚾᚪᛚᛚᚣ,633
concertedly,59723,0,ᚳᚩᚾᚳᛖᚱᛏᛖᛞᛚᚣ,531
languorously,59674,0,ᛚᚪᛝᚢᚩᚱᚩᚢᛋᛚᚣ,509
stilboestrol,59617,0,ᛋᛏᛁᛚᛒᛟᛋᛏᚱᚩᛚ,563
staunchness,59612,0,ᛋᛏᚪᚢᚾᚳᚻᚾᛖᛋᛋ,479
punchinello,59550,0,ᛈᚢᚾᚳᚻᛁᚾᛖᛚᛚᚩ,391
assiduities,59501,0,ᚪᛋᛋᛁᛞᚢᛁᛏᛁᛖᛋ,567
achondrites,59426,0,ᚪᚳᚻᚩᚾᛞᚱᛁᛏᛖᛋ,479
ophioglossum,59389,0,ᚩᛈᚻᛡᚷᛚᚩᛋᛋᚢᛗ,457
confiscates,59367,0,ᚳᚩᚾᚠᛁᛋᚳᚪᛏᛖᛋ,424
solicitudes,59366,0,ᛋᚩᛚᛁᚳᛁᛏᚢᛞᛖᛋ,479
hagiographer,59280,0,ᚻᚪᚷᛡᚷᚱᚪᛈᚻᛖᚱ,513
carbolineum,59158,0,ᚳᚪᚱᛒᚩᛚᛁᚾᛖᚢᛗ,463
unmatchable,58929,0,ᚢᚾᛗᚪᛏᚳᚻᚪᛒᛚᛖ,593
shapeliness,58880,0,ᛋᚻᚪᛈᛖᛚᛁᚾᛖᛋᛋ,589
hydrophytic,58873,0,ᚻᚣᛞᚱᚩᛈᚻᚣᛏᛁᚳ,505
albuminuric,58820,0,ᚪᛚᛒᚢᛗᛁᚾᚢᚱᛁᚳ,423
uncanniness,58767,0,ᚢᚾᚳᚪᚾᚾᛁᚾᛖᛋᛋ,433
thyrotrophin,58721,0,ᚦᚣᚱᚩᛏᚱᚩᛈᚻᛁᚾ,329
rubefacient,58685,0,ᚱᚢᛒᛖᚠᚪᚳᛁᛖᚾᛏ,440
importances,58657,0,ᛁᛗᛈᚩᚱᛏᚪᚾᚳᛖᛋ,481
diplomatics,58655,0,ᛞᛁᛈᛚᚩᛗᚪᛏᛁᚳᛋ,567
acculturate,58653,0,ᚪᚳᚳᚢᛚᛏᚢᚱᚪᛏᛖ,495
papaveraceae,58547,0,ᛈᚪᛈᚪᚢᛖᚱᚪᚳᛠᛖ,647
artillerist,58538,0,ᚪᚱᛏᛁᛚᛚᛖᚱᛁᛋᛏ,565
narcoleptic,58488,0,ᚾᚪᚱᚳᚩᛚᛖᛈᛏᛁᚳ,443
disillusions,58465,0,ᛞᛁᛋᛁᛚᛚᚢᛋᛡᚾᛋ,595
refectories,58449,0,ᚱᛖᚠᛖᚳᛏᚩᚱᛁᛖᛋ,388
employables,58446,0,ᛖᛗᛈᛚᚩᚣᚪᛒᛚᛖᛋ,715
halfpennies,58441,0,ᚻᚪᛚᚠᛈᛖᚾᚾᛁᛖᛋ,514
etymologist,58358,0,ᛖᛏᚣᛗᚩᛚᚩᚷᛁᛋᛏ,547
circularizing,58353,0,ᚳᛁᚱᚳᚢᛚᚪᚱᛁᛋᛝ,415
rangefinders,58227,0,ᚱᚪᛝᛖᚠᛁᚾᛞᛖᚱᛋ,536
felicitated,58207,0,ᚠᛖᛚᛁᚳᛁᛏᚪᛏᛖᛞ,588
lobachevsky,58176,0,ᛚᚩᛒᚪᚳᚻᛖᚢᛋᚳᚣ,513
strontianite,58102,0,ᛋᛏᚱᚩᚾᛏᛡᚾᛁᛏᛖ,511
netherlander,57975,0,ᚾᛖᚦᛖᚱᛚᚪᚾᛞᛖᚱ,545
whorehouses,57928,0,ᚹᚻᚩᚱᛖᚻᚩᚢᛋᛖᛋ,333
spasmolytic,57912,0,ᛋᛈᚪᛋᛗᚩᛚᚣᛏᛁᚳ,603
humanisation,57773,0,ᚻᚢᛗᚪᚾᛁᛋᚪᛏᛡᚾ,599
unresistingly,57737,0,ᚢᚾᚱᛖᛋᛁᛋᛏᛝᛚᚣ,561
postmortems,57616,0,ᛈᚩᛋᛏᛗᚩᚱᛏᛖᛗᛋ,501
witchcrafts,57519,0,ᚹᛁᛏᚳᚻᚳᚱᚪᚠᛏᛋ,380
vaudevillian,57481,0,ᚢᚪᚢᛞᛖᚢᛁᛚᛚᛡᚾ,575
yellowthroat,57479,0,ᚣᛖᛚᛚᚩᚹᚦᚱᚩᚪᛏ,521
compromiser,57474,0,ᚳᚩᛗᛈᚱᚩᛗᛁᛋᛖᚱ,385
infatuations,57459,0,ᛁᚾᚠᚪᛏᚢᚪᛏᛡᚾᛋ,566
lipomatosis,57450,0,ᛚᛁᛈᚩᛗᚪᛏᚩᛋᛁᛋ,525
feuilletons,57397,0,ᚠᛖᚢᛁᛚᛚᛖᛏᚩᚾᛋ,464
secessionism,57348,0,ᛋᛖᚳᛖᛋᛋᛡᚾᛁᛋᛗ,597
ungerminated,57271,0,ᚢᛝᛖᚱᛗᛁᚾᚪᛏᛖᛞ,603
bottlebrush,57265,0,ᛒᚩᛏᛏᛚᛖᛒᚱᚢᛋᚻ,477
inestimably,57250,0,ᛁᚾᛖᛋᛏᛁᛗᚪᛒᛚᚣ,675
chanterelle,57137,0,ᚳᚻᚪᚾᛏᛖᚱᛖᛚᛚᛖ,579
sequestrate,57114,0,ᛋᛖᚳᚹᛖᛋᛏᚱᚪᛏᛖ,565
indivisibly,57101,0,ᛁᚾᛞᛁᚢᛁᛋᛁᛒᛚᚣ,535
bandmasters,57101,0,ᛒᚪᚾᛞᛗᚪᛋᛏᛖᚱᛋ,687
spellbinder,57080,0,ᛋᛈᛖᛚᛚᛒᛁᚾᛞᛖᚱ,597
unbelievingly,57065,0,ᚢᚾᛒᛖᛚᛁᛖᚢᛝᛚᚣ,589
pacificator,57032,0,ᛈᚪᚳᛁᚠᛁᚳᚪᛏᚩᚱ,404
godchildren,56978,0,ᚷᚩᛞᚳᚻᛁᛚᛞᚱᛖᚾ,449
aeternitatis,56959,0,ᚫᛏᛖᚱᚾᛁᛏᚪᛏᛁᛋ,597
incoherency,56957,0,ᛁᚾᚳᚩᚻᛖᚱᛖᚾᚳᚣ,393
overbalancing,56895,0,ᚩᚢᛖᚱᛒᚪᛚᚪᚾᚳᛝ,537
benignantly,56888,0,ᛒᛖᚾᛁᚷᚾᚪᚾᛏᛚᚣ,595
embroilment,56868,0,ᛖᛗᛒᚱᚩᛁᛚᛗᛖᚾᛏ,547
gunfighters,56847,0,ᚷᚢᚾᚠᛁᚷᚻᛏᛖᚱᛋ,312
sabellianism,56820,0,ᛋᚪᛒᛖᛚᛚᛡᚾᛁᛋᛗ,715
parallelize,56794,0,ᛈᚪᚱᚪᛚᛚᛖᛚᛁᛋᛖ,685
cheesemonger,56783,0,ᚳᚻᛖᛖᛋᛖᛗᚩᛝᛖᚱ,525
paraboloids,56701,0,ᛈᚪᚱᚪᛒᚩᛚᚩᛁᛞᛋ,569
disparately,56659,0,ᛞᛁᛋᛈᚪᚱᚪᛏᛖᛚᚣ,723
retroflexed,56624,0,ᚱᛖᛏᚱᚩᚠᛚᛖᛉᛖᛞ,500
terrestrials,56588,0,ᛏᛖᚱᚱᛖᛋᛏᚱᛡᛚᛋ,571
inhabitancy,56517,0,ᛁᚾᚻᚪᛒᛁᛏᚪᚾᚳᚣ,573
chronoscope,56436,0,ᚳᚻᚱᚩᚾᚩᛋᚳᚩᛈᛖ,273
innovational,56331,0,ᛁᚾᚾᚩᚢᚪᛏᛡᚾᚪᛚ,561
desultorily,56261,0,ᛞᛖᛋᚢᛚᛏᚩᚱᛁᛚᚣ,569
ungracefully,56212,0,ᚢᛝᚱᚪᚳᛖᚠᚢᛚᛚᚣ,524
insalubrity,56196,0,ᛁᚾᛋᚪᛚᚢᛒᚱᛁᛏᚣ,551
curettement,56153,0,ᚳᚢᚱᛖᛏᛏᛖᛗᛖᚾᛏ,505
editorialize,56148,0,ᛖᛞᛁᛏᚩᚱᛡᛚᛁᛋᛖ,595
thermographs,56138,0,ᚦᛖᚱᛗᚩᚷᚱᚪᛈᚻᛋ,405
triangularity,56125,0,ᛏᚱᛡᛝᚢᛚᚪᚱᛁᛏᚣ,633
balloonists,56077,0,ᛒᚪᛚᛚᚩᚩᚾᛁᛋᛏᛋ,543
honorariums,56028,0,ᚻᚩᚾᚩᚱᚪᚱᛁᚢᛗᛋ,343
cytologists,55990,0,ᚳᚣᛏᚩᛚᚩᚷᛁᛋᛏᛋ,475
unplastered,55981,0,ᚢᚾᛈᛚᚪᛋᛏᛖᚱᛖᛞ,591
laundromats,55949,0,ᛚᚪᚢᚾᛞᚱᚩᛗᚪᛏᛋ,589
molestations,55934,0,ᛗᚩᛚᛖᛋᛏᚪᛏᛡᚾᛋ,675
inventively,55918,0,ᛁᚾᚢᛖᚾᛏᛁᚢᛖᛚᚣ,495
armentieres,55880,0,ᚪᚱᛗᛖᚾᛏᛁᛖᚱᛖᛋ,563
manicurists,55828,0,ᛗᚪᚾᛁᚳᚢᚱᛁᛋᛏᛋ,451
editorialist,55793,0,ᛖᛞᛁᛏᚩᚱᛡᛚᛁᛋᛏ,587
dutifulness,55740,0,ᛞᚢᛏᛁᚠᚢᛚᚾᛖᛋᛋ,462
resistively,55572,0,ᚱᛖᛋᛁᛋᛏᛁᚢᛖᛚᚣ,551
belatedness,55462,0,ᛒᛖᛚᚪᛏᛖᛞᚾᛖᛋᛋ,715
rejuvenates,55444,0,ᚱᛖᛂᚢᚢᛖᚾᚪᛏᛖᛋ,493
retransmits,55409,0,ᚱᛖᛏᚱᚪᚾᛋᛗᛁᛏᛋ,541
vasectomies,55382,0,ᚢᚪᛋᛖᚳᛏᚩᛗᛁᛖᛋ,521
gonfalonier,55372,0,ᚷᚩᚾᚠᚪᛚᚩᚾᛁᛖᚱ,370
arbitrageur,55324,0,ᚪᚱᛒᛁᛏᚱᚪᚷᛖᚢᚱ,465
interspaced,55287,0,ᛁᚾᛏᛖᚱᛋᛈᚪᚳᛖᛞ,559
proletariate,55206,0,ᛈᚱᚩᛚᛖᛏᚪᚱᛡᛏᛖ,601
tranquilize,55168,0,ᛏᚱᚪᚾᚳᚹᛁᛚᛁᛋᛖ,483
brickfields,55107,0,ᛒᚱᛁᚳᚳᚠᛁᛖᛚᛞᛋ,444
seigneuries,55045,0,ᛋᛖᛁᚷᚾᛖᚢᚱᛁᛖᛋ,429
crepitations,55019,0,ᚳᚱᛖᛈᛁᛏᚪᛏᛡᚾᛋ,569
alphabetize,54979,0,ᚪᛚᛈᚻᚪᛒᛖᛏᛁᛋᛖ,671
vicegerents,54951,0,ᚢᛁᚳᛖᚷᛖᚱᛖᚾᛏᛋ,417
cryptograms,54914,1,ᚳᚱᚣᛈᛏᚩᚷᚱᚪᛗᛋ,485
delightsome,54896,0,ᛞᛖᛚᛁᚷᚻᛏᛋᚩᛗᛖ,557
aquiculture,54825,0,ᚪᚳᚹᛁᚳᚢᛚᛏᚢᚱᛖ,389
plainspoken,54735,0,ᛈᛚᚪᛁᚾᛋᛈᚩᚳᛖᚾ,485
extortionist,54678,0,ᛖᛉᛏᚩᚱᛏᛡᚾᛁᛋᛏ,529
criminalist,54626,0,ᚳᚱᛁᛗᛁᚾᚪᛚᛁᛋᛏ,499
decelerator,54553,0,ᛞᛖᚳᛖᛚᛖᚱᚪᛏᚩᚱ,561
gregariously,54551,0,ᚷᚱᛖᚷᚪᚱᛡᚢᛋᛚᚣ,559
boatbuilder,54509,0,ᛒᚩᚪᛏᛒᚢᛁᛚᛞᛖᚱ,559
memorisation,54466,0,ᛗᛖᛗᚩᚱᛁᛋᚪᛏᛡᚾ,603
indefeasibly,54338,0,ᛁᚾᛞᛖᚠᛠᛋᛁᛒᛚᚣ,648
piggybacked,54314,0,ᛈᛁᚷᚷᚣᛒᚪᚳᚳᛖᛞ,551
rhapsodical,54293,0,ᚱᚻᚪᛈᛋᚩᛞᛁᚳᚪᛚ,537
causelessly,54287,0,ᚳᚪᚢᛋᛖᛚᛖᛋᛋᛚᚣ,655
supermodels,54272,0,ᛋᚢᛈᛖᚱᛗᚩᛞᛖᛚᛋ,537
unfalteringly,54212,0,ᚢᚾᚠᚪᛚᛏᛖᚱᛝᛚᚣ,596
secondments,54183,0,ᛋᛖᚳᚩᚾᛞᛗᛖᚾᛏᛋ,537
forlornness,54183,0,ᚠᚩᚱᛚᚩᚱᚾᚾᛖᛋᛋ,342
blamelessly,54157,0,ᛒᛚᚪᛗᛖᛚᛖᛋᛋᛚᚣ,791
amenorrheic,54141,0,ᚪᛗᛖᚾᚩᚱᚱᚻᛖᛁᚳ,427
gratulations,54114,0,ᚷᚱᚪᛏᚢᛚᚪᛏᛡᚾᛋ,605
supranormal,54107,0,ᛋᚢᛈᚱᚪᚾᚩᚱᛗᚪᛚ,495
rhapsodists,54101,0,ᚱᚻᚪᛈᛋᚩᛞᛁᛋᛏᛋ,519
belorussians,54029,0,ᛒᛖᛚᚩᚱᚢᛋᛋᛡᚾᛋ,517
whoremongers,54004,0,ᚹᚻᚩᚱᛖᛗᚩᛝᛖᚱᛋ,415
vindications,53983,0,ᚢᛁᚾᛞᛁᚳᚪᛏᛡᚾᛋ,541
erythroblast,53976,0,ᛖᚱᚣᚦᚱᚩᛒᛚᚪᛋᛏ,547
desiderated,53958,0,ᛞᛖᛋᛁᛞᛖᚱᚪᛏᛖᛞ,719
accordionist,53948,0,ᚪᚳᚳᚩᚱᛞᛡᚾᛁᛋᛏ,509
altocumulus,53876,0,ᚪᛚᛏᚩᚳᚢᛗᚢᛚᚢᛋ,455
unscrambled,53871,0,ᚢᚾᛋᚳᚱᚪᛗᛒᛚᛖᛞ,567
goalkeepers,53855,0,ᚷᚩᚪᛚᚳᛖᛖᛈᛖᚱᛋ,515
pyramidical,53759,0,ᛈᚣᚱᚪᛗᛁᛞᛁᚳᚪᛚ,659
challengeable,53757,0,ᚳᚻᚪᛚᛚᛖᛝᛠᛒᛚᛖ,735
periphrases,53735,0,ᛈᛖᚱᛁᛈᚻᚱᚪᛋᛖᛋ,499
brainstorms,53708,0,ᛒᚱᚪᛁᚾᛋᛏᚩᚱᛗᛋ,483
sharpshooting,53676,0,ᛋᚻᚪᚱᛈᛋᚻᚩᚩᛏᛝ,455
twelvemonths,53626,0,ᛏᚹᛖᛚᚢᛖᛗᚩᚾᚦᛋ,453
chrestomathy,53606,0,ᚳᚻᚱᛖᛋᛏᚩᛗᚪᚦᚣ,509
depravities,53581,0,ᛞᛖᛈᚱᚪᚢᛁᛏᛁᛖᛋ,551
procurations,53553,0,ᛈᚱᚩᚳᚢᚱᚪᛏᛡᚾᛋ,433
bullfinches,53539,0,ᛒᚢᛚᛚᚠᛁᚾᚳᚻᛖᛋ,428
vermiformis,53498,0,ᚢᛖᚱᛗᛁᚠᚩᚱᛗᛁᛋ,358
countermove,53492,0,ᚳᚩᚢᚾᛏᛖᚱᛗᚩᚢᛖ,337
confirmable,53420,0,ᚳᚩᚾᚠᛁᚱᛗᚪᛒᛚᛖ,462
amblygonite,53390,0,ᚪᛗᛒᛚᚣᚷᚩᚾᛁᛏᛖ,615
camouflages,53379,0,ᚳᚪᛗᚩᚢᚠᛚᚪᚷᛖᛋ,500
subbasement,53373,0,ᛋᚢᛒᛒᚪᛋᛖᛗᛖᚾᛏ,621
needlewomen,53315,0,ᚾᛖᛖᛞᛚᛖᚹᚩᛗᛖᚾ,585
malpositions,53308,0,ᛗᚪᛚᛈᚩᛋᛁᛏᛡᚾᛋ,623
repulsively,53265,0,ᚱᛖᛈᚢᛚᛋᛁᚢᛖᛚᚣ,527
insectivore,53243,0,ᛁᚾᛋᛖᚳᛏᛁᚢᚩᚱᛖ,371
machinelike,53211,0,ᛗᚪᚳᚻᛁᚾᛖᛚᛁᚳᛖ,515
dissemblers,53091,0,ᛞᛁᛋᛋᛖᛗᛒᛚᛖᚱᛋ,629
supervisions,53029,0,ᛋᚢᛈᛖᚱᚢᛁᛋᛡᚾᛋ,453
supersonics,52981,0,ᛋᚢᛈᛖᚱᛋᚩᚾᛁᚳᛋ,363
appropriable,52967,0,ᚪᛈᛈᚱᚩᛈᚱᛡᛒᛚᛖ,563
undepressed,52936,0,ᚢᚾᛞᛖᛈᚱᛖᛋᛋᛖᛞ,571
telekinetic,52911,0,ᛏᛖᛚᛖᚳᛁᚾᛖᛏᛁᚳ,509
harpocrates,52884,0,ᚻᚪᚱᛈᚩᚳᚱᚪᛏᛖᛋ,481
sialadenitis,52828,0,ᛋᛡᛚᚪᛞᛖᚾᛁᛏᛁᛋ,689
fieldpieces,52818,0,ᚠᛁᛖᛚᛞᛈᛁᛖᚳᛖᛋ,536
histologist,52752,0,ᚻᛁᛋᛏᚩᛚᚩᚷᛁᛋᛏ,413
aberrational,52586,0,ᚪᛒᛖᚱᚱᚪᛏᛡᚾᚪᛚ,709
forequarter,52551,0,ᚠᚩᚱᛖᚳᚹᚪᚱᛏᛖᚱ,364
pulchritude,52541,0,ᛈᚢᛚᚳᚻᚱᛁᛏᚢᛞᛖ,415
dichotomize,52526,0,ᛞᛁᚳᚻᚩᛏᚩᛗᛁᛋᛖ,451
misperceive,52479,0,ᛗᛁᛋᛈᛖᚱᚳᛖᛁᚢᛖ,457
disenchanting,52452,0,ᛞᛁᛋᛖᚾᚳᚻᚪᚾᛏᛝ,569
amerciaments,52438,0,ᚪᛗᛖᚱᚳᛡᛗᛖᚾᛏᛋ,645
vinification,52422,0,ᚢᛁᚾᛁᚠᛁᚳᚪᛏᛡᚾ,432
panhandlers,52352,0,ᛈᚪᚾᚻᚪᚾᛞᛚᛖᚱᛋ,611
immortalise,52311,0,ᛁᛗᛗᚩᚱᛏᚪᛚᛁᛋᛖ,571
overproducing,52287,0,ᚩᚢᛖᚱᛈᚱᚩᛞᚢᚳᛝ,333
qualifiedly,52283,0,ᚳᚹᚪᛚᛁᚠᛁᛖᛞᛚᚣ,598
tenuousness,52265,0,ᛏᛖᚾᚢᚩᚢᛋᚾᛖᛋᛋ,423
dendrobiums,52241,0,ᛞᛖᚾᛞᚱᚩᛒᛁᚢᛗᛋ,511
groundspeed,52217,0,ᚷᚱᚩᚢᚾᛞᛋᛈᛖᛖᛞ,475
lubavitcher,52200,0,ᛚᚢᛒᚪᚢᛁᛏᚳᚻᛖᚱ,441
glassblower,52169,0,ᚷᛚᚪᛋᛋᛒᛚᚩᚹᛖᚱ,531
landscapist,52096,0,ᛚᚪᚾᛞᛋᚳᚪᛈᛁᛋᛏ,637
landlubbers,52092,0,ᛚᚪᚾᛞᛚᚢᛒᛒᛖᚱᛋ,617
promulgator,51991,0,ᛈᚱᚩᛗᚢᛚᚷᚪᛏᚩᚱ,399
kleptomaniac,51970,0,ᚳᛚᛖᛈᛏᚩᛗᚪᚾᛡᚳ,579
tactfulness,51912,0,ᛏᚪᚳᛏᚠᚢᛚᚾᛖᛋᛋ,508
amphictyons,51905,0,ᚪᛗᛈᚻᛁᚳᛏᚣᚩᚾᛋ,529
stopwatches,51888,0,ᛋᛏᚩᛈᚹᚪᛏᚳᚻᛖᛋ,493
propellents,51884,0,ᛈᚱᚩᛈᛖᛚᛚᛖᚾᛏᛋ,525
fallaciously,51761,0,ᚠᚪᛚᛚᚪᚳᛡᚢᛋᛚᚣ,694
deracinated,51751,0,ᛞᛖᚱᚪᚳᛁᚾᚪᛏᛖᛞ,649
mohorovicic,51706,0,ᛗᚩᚻᚩᚱᚩᚢᛁᚳᛁᚳ,217
suprematism,51670,0,ᛋᚢᛈᚱᛖᛗᚪᛏᛁᛋᛗ,559
brilliantine,51647,0,ᛒᚱᛁᛚᛚᛡᚾᛏᛁᚾᛖ,571
woodchopper,51594,0,ᚹᚩᚩᛞᚳᚻᚩᛈᛈᛖᚱ,329
transitives,51552,0,ᛏᚱᚪᚾᛋᛁᛏᛁᚢᛖᛋ,493
southernwood,51548,0,ᛋᚩᚢᚦᛖᚱᚾᚹᚩᚩᛞ,297
extemporize,51508,0,ᛖᛉᛏᛖᛗᛈᚩᚱᛁᛋᛖ,523
scoundrelly,51492,0,ᛋᚳᚩᚢᚾᛞᚱᛖᛚᛚᚣ,521
localizable,51466,0,ᛚᚩᚳᚪᛚᛁᛋᚪᛒᛚᛖ,645
physiologies,51432,0,ᛈᚻᚣᛋᛡᛚᚩᚷᛁᛖᛋ,577
weissmuller,51419,0,ᚹᛖᛁᛋᛋᛗᚢᛚᛚᛖᚱ,521
mantlepiece,51366,0,ᛗᚪᚾᛏᛚᛖᛈᛁᛖᚳᛖ,617
pentamerous,51325,0,ᛈᛖᚾᛏᚪᛗᛖᚱᚩᚢᛋ,507
libertinage,51307,0,ᛚᛁᛒᛖᚱᛏᛁᚾᚪᚷᛖ,543
posteriority,51279,0,ᛈᚩᛋᛏᛖᚱᛡᚱᛁᛏᚣ,551
infiltrator,51277,0,ᛁᚾᚠᛁᛚᛏᚱᚪᛏᚩᚱ,410
microampere,51230,0,ᛗᛁᚳᚱᚩᚪᛗᛈᛖᚱᛖ,489
scintillant,51229,0,ᛋᚳᛁᚾᛏᛁᛚᛚᚪᚾᛏ,547
captaincies,51204,0,ᚳᚪᛈᛏᚪᛁᚾᚳᛁᛖᛋ,533
provisioners,51129,0,ᛈᚱᚩᚢᛁᛋᛡᚾᛖᚱᛋ,415
gravitative,51034,0,ᚷᚱᚪᚢᛁᛏᚪᛏᛁᚢᛖ,475
eurypterids,51032,0,ᛖᚢᚱᚣᛈᛏᛖᚱᛁᛞᛋ,537
banishments,51029,0,ᛒᚪᚾᛁᛋᚻᛗᛖᚾᛏᛋ,573
soliloquizing,50973,0,ᛋᚩᛚᛁᛚᚩᚳᚹᛁᛋᛝ,439
sightlessly,50942,0,ᛋᛁᚷᚻᛏᛚᛖᛋᛋᛚᚣ,605
skilfulness,50915,0,ᛋᚳᛁᛚᚠᚢᛚᚾᛖᛋᛋ,450
scintillate,50863,0,ᛋᚳᛁᚾᛏᛁᛚᛚᚪᛏᛖ,585
enlightener,50863,0,ᛖᚾᛚᛁᚷᚻᛏᛖᚾᛖᚱ,473
anthologists,50793,0,ᚪᚾᚦᚩᛚᚩᚷᛁᛋᛏᛋ,431
nontheatrical,50786,0,ᚾᚩᚾᚦᛠᛏᚱᛁᚳᚪᛚ,463
sensualists,50774,0,ᛋᛖᚾᛋᚢᚪᛚᛁᛋᛏᛋ,571
ploughlands,50759,0,ᛈᛚᚩᚢᚷᚻᛚᚪᚾᛞᛋ,507
motherliness,50707,0,ᛗᚩᚦᛖᚱᛚᛁᚾᛖᛋᛋ,467
antemeridian,50678,0,ᚪᚾᛏᛖᛗᛖᚱᛁᛞᛡᚾ,657
vesiculitis,50619,0,ᚢᛖᛋᛁᚳᚢᛚᛁᛏᛁᛋ,417
overindulge,50610,0,ᚩᚢᛖᚱᛁᚾᛞᚢᛚᚷᛖ,397
lumberyards,50582,0,ᛚᚢᛗᛒᛖᚱᚣᚪᚱᛞᛋ,639
maleficence,50563,0,ᛗᚪᛚᛖᚠᛁᚳᛖᚾᚳᛖ,530
lepidosteus,50520,0,ᛚᛖᛈᛁᛞᚩᛋᛏᛖᚢᛋ,545
unfractured,50517,0,ᚢᚾᚠᚱᚪᚳᛏᚢᚱᛖᛞ,384
acceptations,50484,0,ᚪᚳᚳᛖᛈᛏᚪᛏᛡᚾᛋ,637
hatefulness,50480,0,ᚻᚪᛏᛖᚠᚢᛚᚾᛖᛋᛋ,526
triplication,50407,0,ᛏᚱᛁᛈᛚᛁᚳᚪᛏᛡᚾ,553
misguidedly,50363,0,ᛗᛁᛋᚷᚢᛁᛞᛖᛞᛚᚣ,627
compurgation,50346,0,ᚳᚩᛗᛈᚢᚱᚷᚪᛏᛡᚾ,457
adumbrations,50327,0,ᚪᛞᚢᛗᛒᚱᚪᛏᛡᚾᛋ,677
churchwoman,50214,0,ᚳᚻᚢᚱᚳᚻᚹᚩᛗᚪᚾ,309
acaulescent,50158,0,ᚪᚳᚪᚢᛚᛖᛋᚳᛖᚾᛏ,571
acclimatise,50123,0,ᚪᚳᚳᛚᛁᛗᚪᛏᛁᛋᛖ,605
baddeleyite,50093,0,ᛒᚪᛞᛞᛖᛚᛖᚣᛁᛏᛖ,803
hypodermics,50091,0,ᚻᚣᛈᚩᛞᛖᚱᛗᛁᚳᛋ,511
therapeutist,50057,0,ᚦᛖᚱᚪᛈᛖᚢᛏᛁᛋᛏ,495
obliqueness,50001,0,ᚩᛒᛚᛁᚳᚹᛖᚾᛖᛋᛋ,473
jacobinical,49997,0,ᛂᚪᚳᚩᛒᛁᚾᛁᚳᚪᛚ,489
stepbrothers,49990,0,ᛋᛏᛖᛈᛒᚱᚩᚦᛖᚱᛋ,437
sportswomen,49978,0,ᛋᛈᚩᚱᛏᛋᚹᚩᛗᛖᚾ,419
combinative,49900,0,ᚳᚩᛗᛒᛁᚾᚪᛏᛁᚢᛖ,469
unhackneyed,49884,0,ᚢᚾᚻᚪᚳᚳᚾᛖᚣᛖᛞ,533
turbulently,49862,0,ᛏᚢᚱᛒᚢᛚᛖᚾᛏᛚᚣ,541
scrophularia,49838,0,ᛋᚳᚱᚩᛈᚻᚢᛚᚪᚱᛡ,441
monotremata,49744,0,ᛗᚩᚾᚩᛏᚱᛖᛗᚪᛏᚪ,575
pacesetters,49637,0,ᛈᚪᚳᛖᛋᛖᛏᛏᛖᚱᛋ,589
novelization,49632,0,ᚾᚩᚢᛖᛚᛁᛋᚪᛏᛡᚾ,555
proctoscopy,49544,0,ᛈᚱᚩᚳᛏᚩᛋᚳᚩᛈᚣ,359
recuperates,49543,0,ᚱᛖᚳᚢᛈᛖᚱᚪᛏᛖᛋ,491
recantations,49368,0,ᚱᛖᚳᚪᚾᛏᚪᛏᛡᚾᛋ,621
cassowaries,49253,0,ᚳᚪᛋᛋᚩᚹᚪᚱᛁᛖᛋ,501
outdistancing,49232,0,ᚩᚢᛏᛞᛁᛋᛏᚪᚾᚳᛝ,519
masquerader,49202,0,ᛗᚪᛋᚳᚹᛖᚱᚪᛞᛖᚱ,595
sulphurated,49193,0,ᛋᚢᛚᛈᚻᚢᚱᚪᛏᛖᛞ,521
witenagemot,49132,0,ᚹᛁᛏᛖᚾᚪᚷᛖᛗᚩᛏ,523
hairbrushes,49110,0,ᚻᚪᛁᚱᛒᚱᚢᛋᚻᛖᛋ,433
personalise,49089,0,ᛈᛖᚱᛋᚩᚾᚪᛚᛁᛋᛖ,531
serialisation,49017,0,ᛋᛖᚱᛡᛚᛁᛋᚪᛏᛡᚾ,687
catachresis,48952,0,ᚳᚪᛏᚪᚳᚻᚱᛖᛋᛁᛋ,517
pointillist,48950,0,ᛈᚩᛁᚾᛏᛁᛚᛚᛁᛋᛏ,489
supplicates,48941,0,ᛋᚢᛈᛈᛚᛁᚳᚪᛏᛖᛋ,535
inalterable,48915,0,ᛁᚾᚪᛚᛏᛖᚱᚪᛒᛚᛖ,665
equipollent,48890,0,ᛖᚳᚹᛁᛈᚩᛚᛚᛖᚾᛏ,481
seminarists,48800,0,ᛋᛖᛗᛁᚾᚪᚱᛁᛋᛏᛋ,555
pourparlers,48781,0,ᛈᚩᚢᚱᛈᚪᚱᛚᛖᚱᛋ,419
diamondbacks,48777,0,ᛞᛡᛗᚩᚾᛞᛒᚪᚳᚳᛋ,629
triggerfish,48606,0,ᛏᚱᛁᚷᚷᛖᚱᚠᛁᛋᚻ,322
exhortatory,48600,0,ᛖᛉᚻᚩᚱᛏᚪᛏᚩᚱᚣ,491
pettifogger,48476,0,ᛈᛖᛏᛏᛁᚠᚩᚷᚷᛖᚱ,380
bersaglieri,48472,0,ᛒᛖᚱᛋᚪᚷᛚᛁᛖᚱᛁ,519
bladderwort,48359,0,ᛒᛚᚪᛞᛞᛖᚱᚹᚩᚱᛏ,583
freeloaders,48345,0,ᚠᚱᛖᛖᛚᚩᚪᛞᛖᚱᛋ,544
cosmologist,48336,0,ᚳᚩᛋᛗᚩᛚᚩᚷᛁᛋᛏ,391
pastrycooks,48304,0,ᛈᚪᛋᛏᚱᚣᚳᚩᚩᚳᛋ,459
demystifies,48247,0,ᛞᛖᛗᚣᛋᛏᛁᚠᛁᛖᛋ,626
antiphonary,48235,0,ᚪᚾᛏᛁᛈᚻᚩᚾᚪᚱᚣ,529
conscionable,48149,0,ᚳᚩᚾᛋᚳᛡᚾᚪᛒᛚᛖ,549
antimycotic,48115,0,ᚪᚾᛏᛁᛗᚣᚳᚩᛏᛁᚳ,513
biophysicist,48082,0,ᛒᛡᛈᚻᚣᛋᛁᚳᛁᛋᛏ,577
elasticized,48055,0,ᛖᛚᚪᛋᛏᛁᚳᛁᛋᛖᛞ,633
discretional,48044,0,ᛞᛁᛋᚳᚱᛖᛏᛡᚾᚪᛚ,629
sportswoman,48041,0,ᛋᛈᚩᚱᛏᛋᚹᚩᛗᚪᚾ,449
carrageenin,47967,0,ᚳᚪᚱᚱᚪᚷᛖᛖᚾᛁᚾ,469
bituminized,47960,0,ᛒᛁᛏᚢᛗᛁᚾᛁᛋᛖᛞ,525
gastroscope,47952,0,ᚷᚪᛋᛏᚱᚩᛋᚳᚩᛈᛖ,427
apparatchik,47947,0,ᚪᛈᛈᚪᚱᚪᛏᚳᚻᛁᚳ,527
precedented,47839,0,ᛈᚱᛖᚳᛖᛞᛖᚾᛏᛖᛞ,601
ornithogalum,47816,0,ᚩᚱᚾᛁᚦᚩᚷᚪᛚᚢᛗ,351
rechartered,47786,0,ᚱᛖᚳᚻᚪᚱᛏᛖᚱᛖᛞ,515
regionalisms,47684,0,ᚱᛖᚷᛡᚾᚪᛚᛁᛋᛗᛋ,609
thallophytes,47661,0,ᚦᚪᛚᛚᚩᛈᚻᚣᛏᛖᛋ,603
sempiternal,47648,0,ᛋᛖᛗᛈᛁᛏᛖᚱᚾᚪᛚ,601
multicolour,47637,0,ᛗᚢᛚᛏᛁᚳᚩᛚᚩᚢᚱ,351
unclassical,47549,0,ᚢᚾᚳᛚᚪᛋᛋᛁᚳᚪᛚ,535
granivorous,47515,0,ᚷᚱᚪᚾᛁᚢᚩᚱᚩᚢᛋ,269
reappearances,47457,0,ᚱᛠᛈᛈᛠᚱᚪᚾᚳᛖᛋ,585
nonagenarian,47405,0,ᚾᚩᚾᚪᚷᛖᚾᚪᚱᛡᚾ,519
neutrophile,47370,0,ᚾᛖᚢᛏᚱᚩᛈᚻᛁᛚᛖ,413
woodcarvers,47364,0,ᚹᚩᚩᛞᚳᚪᚱᚢᛖᚱᛋ,377
repressible,47363,0,ᚱᛖᛈᚱᛖᛋᛋᛁᛒᛚᛖ,537
pontificals,47342,0,ᛈᚩᚾᛏᛁᚠᛁᚳᚪᛚᛋ,438
questionless,47305,0,ᚳᚹᛖᛋᛏᛡᚾᛚᛖᛋᛋ,593
counterplot,47263,0,ᚳᚩᚢᚾᛏᛖᚱᛈᛚᚩᛏ,371
inspectress,47243,0,ᛁᚾᛋᛈᛖᚳᛏᚱᛖᛋᛋ,479
illinoisans,47243,0,ᛁᛚᛚᛁᚾᚩᛁᛋᚪᚾᛋ,507
thunderclaps,47216,0,ᚦᚢᚾᛞᛖᚱᚳᛚᚪᛈᛋ,483
pacifically,47201,0,ᛈᚪᚳᛁᚠᛁᚳᚪᛚᛚᚣ,576
nonviolently,47187,0,ᚾᚩᚾᚢᛡᛚᛖᚾᛏᛚᚣ,579
hibernators,47131,0,ᚻᛁᛒᛖᚱᚾᚪᛏᚩᚱᛋ,449
overpraised,47067,0,ᚩᚢᛖᚱᛈᚱᚪᛁᛋᛖᛞ,479
tribuneship,47043,0,ᛏᚱᛁᛒᚢᚾᛖᛋᚻᛁᛈ,411
stephanotis,47026,0,ᛋᛏᛖᛈᚻᚪᚾᚩᛏᛁᛋ,521
displayable,46959,0,ᛞᛁᛋᛈᛚᚪᚣᚪᛒᛚᛖ,787
apparitional,46954,0,ᚪᛈᛈᚪᚱᛁᛏᛡᚾᚪᛚ,687
cockleshell,46948,0,ᚳᚩᚳᚳᛚᛖᛋᚻᛖᛚᛚ,475
executrices,46905,0,ᛖᛉᛖᚳᚢᛏᚱᛁᚳᛖᛋ,431
pointillism,46833,0,ᛈᚩᛁᚾᛏᛁᛚᛚᛁᛋᛗ,501
pinnatisect,46789,0,ᛈᛁᚾᚾᚪᛏᛁᛋᛖᚳᛏ,511
moneymakers,46718,0,ᛗᚩᚾᛖᚣᛗᚪᚳᛖᚱᛋ,589
hematochezia,46717,0,ᚻᛖᛗᚪᛏᚩᚳᚻᛖᛋᛡ,587
protrusible,46612,0,ᛈᚱᚩᛏᚱᚢᛋᛁᛒᛚᛖ,419
salinometer,46598,0,ᛋᚪᛚᛁᚾᚩᛗᛖᛏᛖᚱ,565
unmemorable,46568,0,ᚢᚾᛗᛖᛗᚩᚱᚪᛒᛚᛖ,557
archaeologic,46562,0,ᚪᚱᚳᚻᚫᚩᛚᚩᚷᛁᚳ,393
unrealisable,46501,0,ᚢᚾᚱᛠᛚᛁᛋᚪᛒᛚᛖ,607
macrobiotics,46486,0,ᛗᚪᚳᚱᚩᛒᛡᛏᛁᚳᛋ,523
heliotropism,46422,0,ᚻᛖᛚᛡᛏᚱᚩᛈᛁᛋᛗ,545
rhabdomyoma,46418,0,ᚱᚻᚪᛒᛞᚩᛗᚣᚩᛗᚪ,637
rhapsodized,46345,0,ᚱᚻᚪᛈᛋᚩᛞᛁᛋᛖᛞ,563
geriatricians,46297,0,ᚷᛖᚱᛡᛏᚱᛁᚳᛡᚾᛋ,505
mammiferous,46290,0,ᛗᚪᛗᛗᛁᚠᛖᚱᚩᚢᛋ,484
unsuspended,46221,0,ᚢᚾᛋᚢᛋᛈᛖᚾᛞᛖᛞ,525
dehumanised,46176,0,ᛞᛖᚻᚢᛗᚪᚾᛁᛋᛖᛞ,619
hierophants,46132,0,ᚻᛁᛖᚱᚩᛈᚻᚪᚾᛏᛋ,443
polygonatum,46124,0,ᛈᚩᛚᚣᚷᚩᚾᚪᛏᚢᛗ,509
quaestorship,46110,0,ᚳᚹᚫᛋᛏᚩᚱᛋᚻᛁᛈ,413
chardonnays,46089,0,ᚳᚻᚪᚱᛞᚩᚾᚾᚪᚣᛋ,551
unfaithfully,46088,0,ᚢᚾᚠᚪᛁᚦᚠᚢᛚᛚᚣ,421
microgroove,46074,0,ᛗᛁᚳᚱᚩᚷᚱᚩᚩᚢᛖ,245
suffocative,46072,0,ᛋᚢᚠᚠᚩᚳᚪᛏᛁᚢᛖ,337
animadverting,46031,0,ᚪᚾᛁᛗᚪᛞᚢᛖᚱᛏᛝ,633
unrepressed,46018,0,ᚢᚾᚱᛖᛈᚱᛖᛋᛋᛖᛞ,493
electrocute,45991,0,ᛖᛚᛖᚳᛏᚱᚩᚳᚢᛏᛖ,439
backstretch,45975,0,ᛒᚪᚳᚳᛋᛏᚱᛖᛏᚳᚻ,469
achromatism,45947,0,ᚪᚳᚻᚱᚩᛗᚪᛏᛁᛋᛗ,533
uncalculating,45941,0,ᚢᚾᚳᚪᛚᚳᚢᛚᚪᛏᛝ,539
stepladders,45939,0,ᛋᛏᛖᛈᛚᚪᛞᛞᛖᚱᛋ,701
streamliners,45911,0,ᛋᛏᚱᛠᛗᛚᛁᚾᛖᚱᛋ,567
periodontist,45718,0,ᛈᛖᚱᛡᛞᚩᚾᛏᛁᛋᛏ,555
accelerando,45654,0,ᚪᚳᚳᛖᛚᛖᚱᚪᚾᛞᚩ,563
myxobacteria,45643,0,ᛗᚣᛉᚩᛒᚪᚳᛏᛖᚱᛡ,643
bookishness,45546,0,ᛒᚩᚩᚳᛁᛋᚻᚾᛖᛋᛋ,397
dryopithecus,45545,0,ᛞᚱᚣᚩᛈᛁᚦᛖᚳᚢᛋ,425
barnburners,45509,0,ᛒᚪᚱᚾᛒᚢᚱᚾᛖᚱᛋ,433
criminatory,45467,0,ᚳᚱᛁᛗᛁᚾᚪᛏᚩᚱᚣ,463
pantographs,45453,0,ᛈᚪᚾᛏᚩᚷᚱᚪᛈᚻᛋ,479
monochromes,45447,0,ᛗᚩᚾᚩᚳᚻᚱᚩᛗᛖᛋ,359
bergschrund,45430,0,ᛒᛖᚱᚷᛋᚳᚻᚱᚢᚾᛞ,377
soldierlike,45396,0,ᛋᚩᛚᛞᛁᛖᚱᛚᛁᚳᛖ,515
overextending,45378,0,ᚩᚢᛖᚱᛖᛉᛏᛖᚾᛞᛝ,525
angiospermous,45353,0,ᚪᛝᛡᛋᛈᛖᚱᛗᚩᚢᛋ,591
imprecatory,45322,0,ᛁᛗᛈᚱᛖᚳᚪᛏᚩᚱᚣ,513
unrefreshed,45311,0,ᚢᚾᚱᛖᚠᚱᛖᛋᚻᛖᛞ,422
memorialised,45237,0,ᛗᛖᛗᚩᚱᛡᛚᛁᛋᛖᛞ,647
intrusively,45160,0,ᛁᚾᛏᚱᚢᛋᛁᚢᛖᛚᚣ,463
trepidations,45106,0,ᛏᚱᛖᛈᛁᛞᚪᛏᛡᚾᛋ,645
crossbreeds,45106,0,ᚳᚱᚩᛋᛋᛒᚱᛖᛖᛞᛋ,485
millionnaire,45099,0,ᛗᛁᛚᛚᛡᚾᚾᚪᛁᚱᛖ,619
anomalistic,45053,0,ᚪᚾᚩᛗᚪᛚᛁᛋᛏᛁᚳ,561
bushwhacker,45044,0,ᛒᚢᛋᚻᚹᚻᚪᚳᚳᛖᚱ,383
reduplicate,45033,0,ᚱᛖᛞᚢᛈᛚᛁᚳᚪᛏᛖ,553
premeditate,45007,0,ᛈᚱᛖᛗᛖᛞᛁᛏᚪᛏᛖ,661
endoneurium,44978,0,ᛖᚾᛞᚩᚾᛖᚢᚱᛁᚢᛗ,407
sexagenarian,44945,0,ᛋᛖᛉᚪᚷᛖᚾᚪᚱᛡᚾ,621
postmeridian,44931,0,ᛈᚩᛋᛏᛗᛖᚱᛁᛞᛡᚾ,567
radiculitis,44923,0,ᚱᚪᛞᛁᚳᚢᛚᛁᛏᛁᛋ,491
unterrified,44916,0,ᚢᚾᛏᛖᚱᚱᛁᚠᛁᛖᛞ,400
studiousness,44912,0,ᛋᛏᚢᛞᛡᚢᛋᚾᛖᛋᛋ,569
unfathomably,44891,0,ᚢᚾᚠᚪᚦᚩᛗᚪᛒᛚᚣ,548
masturbates,44856,0,ᛗᚪᛋᛏᚢᚱᛒᚪᛏᛖᛋ,631
compunctious,44848,0,ᚳᚩᛗᛈᚢᚾᚳᛏᛡᚢᛋ,401
windbreakers,44829,0,ᚹᛁᚾᛞᛒᚱᛠᚳᛖᚱᛋ,493
containable,44826,0,ᚳᚩᚾᛏᚪᛁᚾᚪᛒᛚᛖ,563
unpossessed,44775,0,ᚢᚾᛈᚩᛋᛋᛖᛋᛋᛖᛞ,517
weltschmerz,44757,0,ᚹᛖᛚᛏᛋᚳᚻᛗᛖᚱᛋ,509
dicotyledon,44747,0,ᛞᛁᚳᚩᛏᚣᛚᛖᛞᚩᚾ,567
papilliform,44730,0,ᛈᚪᛈᛁᛚᛚᛁᚠᚩᚱᛗ,482
proctoscope,44680,0,ᛈᚱᚩᚳᛏᚩᛋᚳᚩᛈᛖ,323
disencumber,44611,0,ᛞᛁᛋᛖᚾᚳᚢᛗᛒᛖᚱ,495
platelayers,44601,0,ᛈᛚᚪᛏᛖᛚᚪᚣᛖᚱᛋ,743
europeanised,44596,0,ᛖᚢᚱᚩᛈᛠᚾᛁᛋᛖᛞ,509
catilinarian,44589,0,ᚳᚪᛏᛁᛚᛁᚾᚪᚱᛡᚾ,577
scattershot,44584,0,ᛋᚳᚪᛏᛏᛖᚱᛋᚻᚩᛏ,501
homographic,44529,0,ᚻᚩᛗᚩᚷᚱᚪᛈᚻᛁᚳ,343
metonymical,44494,0,ᛗᛖᛏᚩᚾᚣᛗᛁᚳᚪᛚ,621
dramaturgic,44492,0,ᛞᚱᚪᛗᚪᛏᚢᚱᚷᛁᚳ,499
unharmonious,44437,0,ᚢᚾᚻᚪᚱᛗᚩᚾᛡᚢᛋ,433
unmethodical,44317,0,ᚢᚾᛗᛖᚦᚩᛞᛁᚳᚪᛚ,485
thaumaturgus,44301,0,ᚦᚪᚢᛗᚪᛏᚢᚱᚷᚢᛋ,419
criminalise,44220,0,ᚳᚱᛁᛗᛁᚾᚪᛚᛁᛋᛖ,507
objurgations,44159,0,ᚩᛒᛂᚢᚱᚷᚪᛏᛡᚾᛋ,481
transverses,44153,0,ᛏᚱᚪᚾᛋᚢᛖᚱᛋᛖᛋ,503
curmudgeonly,44101,0,ᚳᚢᚱᛗᚢᛞᚷᛇᚾᛚᚣ,453
noncellular,44075,0,ᚾᚩᚾᚳᛖᛚᛚᚢᛚᚪᚱ,475
appartement,44048,0,ᚪᛈᛈᚪᚱᛏᛖᛗᛖᚾᛏ,643
colorization,44031,0,ᚳᚩᛚᚩᚱᛁᛋᚪᛏᛡᚾ,487
accusatorial,44023,0,ᚪᚳᚳᚢᛋᚪᛏᚩᚱᛡᛚ,533
cupronickel,43985,0,ᚳᚢᛈᚱᚩᚾᛁᚳᚳᛖᛚ,303
offertories,43923,0,ᚩᚠᚠᛖᚱᛏᚩᚱᛁᛖᛋ,317
flightiness,43898,0,ᚠᛚᛁᚷᚻᛏᛁᚾᛖᛋᛋ,438
speciousness,43868,0,ᛋᛈᛖᚳᛡᚢᛋᚾᛖᛋᛋ,541
volkslieder,43749,0,ᚢᚩᛚᚳᛋᛚᛁᛖᛞᛖᚱ,487
bluestockings,43748,0,ᛒᛚᚢᛖᛋᛏᚩᚳᚳᛝᛋ,481
dissimulating,43722,0,ᛞᛁᛋᛋᛁᛗᚢᛚᚪᛏᛝ,639
triplicated,43699,0,ᛏᚱᛁᛈᛚᛁᚳᚪᛏᛖᛞ,573
chronometry,43686,0,ᚳᚻᚱᚩᚾᚩᛗᛖᛏᚱᚣ,401
amativeness,43684,0,ᚪᛗᚪᛏᛁᚢᛖᚾᛖᛋᛋ,627
insinuatingly,43675,0,ᛁᚾᛋᛁᚾᚢᚪᛏᛝᛚᚣ,587
embracement,43634,0,ᛖᛗᛒᚱᚪᚳᛖᛗᛖᚾᛏ,613
endemically,43553,0,ᛖᚾᛞᛖᛗᛁᚳᚪᛚᛚᚣ,713
nickelodeons,43532,0,ᚾᛁᚳᚳᛖᛚᚩᛞᛇᚾᛋ,445
accoucheurs,43519,0,ᚪᚳᚳᚩᚢᚳᚻᛖᚢᚱᛋ,303
perplexedly,43503,0,ᛈᛖᚱᛈᛚᛖᛉᛖᛞᛚᚣ,683
angularities,43495,0,ᚪᛝᚢᛚᚪᚱᛁᛏᛁᛖᛋ,601
mirthfulness,43491,0,ᛗᛁᚱᚦᚠᚢᛚᚾᛖᛋᛋ,398
judicatures,43481,0,ᛂᚢᛞᛁᚳᚪᛏᚢᚱᛖᛋ,463
altostratus,43414,0,ᚪᛚᛏᚩᛋᛏᚱᚪᛏᚢᛋ,571
brobdingnagian,43385,0,ᛒᚱᚩᛒᛞᛝᚾᚪᚷᛡᚾ,587
unstimulating,43356,0,ᚢᚾᛋᛏᛁᛗᚢᛚᚪᛏᛝ,557
scorekeeper,43315,0,ᛋᚳᚩᚱᛖᚳᛖᛖᛈᛖᚱ,419
nondrinkers,43228,0,ᚾᚩᚾᛞᚱᛁᚾᚳᛖᚱᛋ,369
uncountably,43216,0,ᚢᚾᚳᚩᚢᚾᛏᚪᛒᛚᚣ,477
tardigrades,43072,0,ᛏᚪᚱᛞᛁᚷᚱᚪᛞᛖᛋ,621
showstopper,43046,0,ᛋᚻᚩᚹᛋᛏᚩᛈᛈᛖᚱ,385
trephination,43024,0,ᛏᚱᛖᛈᚻᛁᚾᚪᛏᛡᚾ,555
bizarreness,42996,0,ᛒᛁᛋᚪᚱᚱᛖᚾᛖᛋᛋ,533
peaceableness,42992,0,ᛈᛠᚳᛠᛒᛚᛖᚾᛖᛋᛋ,677
dissolvable,42986,0,ᛞᛁᛋᛋᚩᛚᚢᚪᛒᛚᛖ,607
antherozoids,42985,0,ᚪᚾᚦᛖᚱᚩᛋᚩᛁᛞᛋ,449
homestretch,42960,0,ᚻᚩᛗᛖᛋᛏᚱᛖᛏᚳᚻ,453
acculturating,42954,0,ᚪᚳᚳᚢᛚᛏᚢᚱᚪᛏᛝ,507
distractingly,42928,0,ᛞᛁᛋᛏᚱᚪᚳᛏᛝᛚᚣ,667
eubacterium,42899,0,ᛖᚢᛒᚪᚳᛏᛖᚱᛁᚢᛗ,483
trampolines,42875,0,ᛏᚱᚪᛗᛈᚩᛚᛁᚾᛖᛋ,541
boysenberry,42872,0,ᛒᚩᚣᛋᛖᚾᛒᛖᚱᚱᚣ,573
imprudences,42849,0,ᛁᛗᛈᚱᚢᛞᛖᚾᚳᛖᛋ,477
paleographic,42827,0,ᛈᚪᛚᛇᚷᚱᚪᛈᚻᛁᚳ,489
cantillation,42783,0,ᚳᚪᚾᛏᛁᛚᛚᚪᛏᛡᚾ,667
histaminase,42713,0,ᚻᛁᛋᛏᚪᛗᛁᚾᚪᛋᛖ,611
distinguisher,42663,0,ᛞᛁᛋᛏᛝᚢᛁᛋᚻᛖᚱ,499
perceptional,42654,0,ᛈᛖᚱᚳᛖᛈᛏᛡᚾᚪᛚ,609
propitiously,42613,0,ᛈᚱᚩᛈᛁᛏᛡᚢᛋᛚᚣ,533
categorises,42604,1,ᚳᚪᛏᛖᚷᚩᚱᛁᛋᛖᛋ,475
polyrhythmic,42582,0,ᛈᚩᛚᚣᚱᚻᚣᚦᛗᛁᚳ,483
retrospects,42570,0,ᚱᛖᛏᚱᚩᛋᛈᛖᚳᛏᛋ,443
ophthalmitis,42485,0,ᚩᛈᚻᚦᚪᛚᛗᛁᛏᛁᛋ,493
telocentric,42441,0,ᛏᛖᛚᚩᚳᛖᚾᛏᚱᛁᚳ,429
centenaries,42407,0,ᚳᛖᚾᛏᛖᚾᚪᚱᛁᛖᛋ,523
unperverted,42400,0,ᚢᚾᛈᛖᚱᚢᛖᚱᛏᛖᛞ,449
fiddlestick,42394,0,ᚠᛁᛞᛞᛚᛖᛋᛏᛁᚳᚳ,520
presumptious,42332,0,ᛈᚱᛖᛋᚢᛗᛈᛏᛡᚢᛋ,513
spatialities,42295,0,ᛋᛈᚪᛏᛡᛚᛁᛏᛁᛖᛋ,673
callitriche,42293,0,ᚳᚪᛚᛚᛁᛏᚱᛁᚳᚻᛖ,491
happinesses,42276,0,ᚻᚪᛈᛈᛁᚾᛖᛋᛋᛖᛋ,559
surrebuttal,42275,0,ᛋᚢᚱᚱᛖᛒᚢᛏᛏᚪᛚ,497
cherrystone,42274,0,ᚳᚻᛖᚱᚱᚣᛋᛏᚩᚾᛖ,443
protococcus,42246,0,ᛈᚱᚩᛏᚩᚳᚩᚳᚳᚢᛋ,229
dreadnaughts,42173,0,ᛞᚱᛠᛞᚾᚪᚢᚷᚻᛏᛋ,579
demonically,42145,0,ᛞᛖᛗᚩᚾᛁᚳᚪᛚᛚᚣ,653
debilitates,42105,0,ᛞᛖᛒᛁᛚᛁᛏᚪᛏᛖᛋ,687
motionlessly,42079,0,ᛗᚩᛏᛡᚾᛚᛖᛋᛋᛚᚣ,695
cappuccinos,41997,0,ᚳᚪᛈᛈᚢᚳᚳᛁᚾᚩᛋ,345
clavichords,41971,0,ᚳᛚᚪᚢᛁᚳᚻᚩᚱᛞᛋ,413
remaindered,41957,0,ᚱᛖᛗᚪᛁᚾᛞᛖᚱᛖᛞ,629
polyvalence,41938,0,ᛈᚩᛚᚣᚢᚪᛚᛖᚾᚳᛖ,575
onycholysis,41858,0,ᚩᚾᚣᚳᚻᚩᛚᚣᛋᛁᛋ,495
nonsalaried,41725,0,ᚾᚩᚾᛋᚪᛚᚪᚱᛁᛖᛞ,583
disburdened,41697,0,ᛞᛁᛋᛒᚢᚱᛞᛖᚾᛖᛞ,589
abusiveness,41691,0,ᚪᛒᚢᛋᛁᚢᛖᚾᛖᛋᛋ,517
stylishness,41635,0,ᛋᛏᚣᛚᛁᛋᚻᚾᛖᛋᛋ,597
drillmaster,41623,0,ᛞᚱᛁᛚᛚᛗᚪᛋᛏᛖᚱ,635
dreadfulness,41609,0,ᛞᚱᛠᛞᚠᚢᛚᚾᛖᛋᛋ,578
childminder,41596,0,ᚳᚻᛁᛚᛞᛗᛁᚾᛞᛖᚱ,527
blueprinted,41571,0,ᛒᛚᚢᛖᛈᚱᛁᚾᛏᛖᛞ,533
turtlenecks,41541,0,ᛏᚢᚱᛏᛚᛖᚾᛖᚳᚳᛋ,447
bondservant,41472,0,ᛒᚩᚾᛞᛋᛖᚱᚢᚪᚾᛏ,505
genuflected,41460,0,ᚷᛖᚾᚢᚠᛚᛖᚳᛏᛖᛞ,486
elucidatory,41456,0,ᛖᛚᚢᚳᛁᛞᚪᛏᚩᚱᚣ,553
conceptuses,41408,0,ᚳᚩᚾᚳᛖᛈᛏᚢᛋᛖᛋ,407
mobilizable,41391,0,ᛗᚩᛒᛁᛚᛁᛋᚪᛒᛚᛖ,625
frowardness,41344,0,ᚠᚱᚩᚹᚪᚱᛞᚾᛖᛋᛋ,438
manchesters,41257,0,ᛗᚪᚾᚳᚻᛖᛋᛏᛖᚱᛋ,543
einsteinium,41250,0,ᛖᛁᚾᛋᛏᛖᛁᚾᛁᚢᛗ,471
salmonberry,41227,0,ᛋᚪᛚᛗᚩᚾᛒᛖᚱᚱᚣ,583
salesclerks,41199,0,ᛋᚪᛚᛖᛋᚳᛚᛖᚱᚳᛋ,573
vivification,41138,0,ᚢᛁᚢᛁᚠᛁᚳᚪᛏᛡᚾ,406
guilelessly,41127,0,ᚷᚢᛁᛚᛖᛚᛖᛋᛋᛚᚣ,613
martensites,41039,0,ᛗᚪᚱᛏᛖᚾᛋᛁᛏᛖᛋ,597
viewfinders,41027,0,ᚢᛁᛖᚹᚠᛁᚾᛞᛖᚱᛋ,402
baronetcies,40966,0,ᛒᚪᚱᚩᚾᛖᛏᚳᛁᛖᛋ,495
rottweilers,40962,0,ᚱᚩᛏᛏᚹᛖᛁᛚᛖᚱᛋ,457
cockchafers,40853,0,ᚳᚩᚳᚳᚳᚻᚪᚠᛖᚱᛋ,312
undebatable,40842,0,ᚢᚾᛞᛖᛒᚪᛏᚪᛒᛚᛖ,703
basidiospore,40814,0,ᛒᚪᛋᛁᛞᛡᛋᛈᚩᚱᛖ,619
kanchenjunga,40806,0,ᚳᚪᚾᚳᚻᛖᚾᛂᚢᛝᚪ,487
disconcerts,40783,0,ᛞᛁᛋᚳᚩᚾᚳᛖᚱᛏᛋ,425
terminative,40733,0,ᛏᛖᚱᛗᛁᚾᚪᛏᛁᚢᛖ,525
homocentric,40731,0,ᚻᚩᛗᚩᚳᛖᚾᛏᚱᛁᚳ,331
smokehouses,40703,0,ᛋᛗᚩᚳᛖᚻᚩᚢᛋᛖᛋ,417
nontropical,40690,0,ᚾᚩᚾᛏᚱᚩᛈᛁᚳᚪᛚ,399
schoolyards,40687,0,ᛋᚳᚻᚩᚩᛚᚣᚪᚱᛞᛋ,529
chrysomelid,40643,0,ᚳᚻᚱᚣᛋᚩᛗᛖᛚᛁᛞ,541
antilocapra,40595,0,ᚪᚾᛏᛁᛚᚩᚳᚪᛈᚱᚪ,557
wildcatters,40576,0,ᚹᛁᛚᛞᚳᚪᛏᛏᛖᚱᛋ,571
whatsomever,40573,0,ᚹᚻᚪᛏᛋᚩᛗᛖᚢᛖᚱ,477
encroachers,40566,0,ᛖᚾᚳᚱᚩᚪᚳᚻᛖᚱᛋ,391
volitionally,40548,0,ᚢᚩᛚᛁᛏᛡᚾᚪᛚᛚᚣ,655
cowpunchers,40447,0,ᚳᚩᚹᛈᚢᚾᚳᚻᛖᚱᛋ,281
omnipotency,40322,0,ᚩᛗᚾᛁᛈᚩᛏᛖᚾᚳᚣ,459
pipistrelle,40300,0,ᛈᛁᛈᛁᛋᛏᚱᛖᛚᛚᛖ,551
trifurcation,40264,0,ᛏᚱᛁᚠᚢᚱᚳᚪᛏᛡᚾ,422
emphyteusis,40264,0,ᛖᛗᛈᚻᚣᛏᛖᚢᛋᛁᛋ,573
contentation,40223,0,ᚳᚩᚾᛏᛖᚾᛏᚪᛏᛡᚾ,555
nightsticks,40218,0,ᚾᛁᚷᚻᛏᛋᛏᛁᚳᚳᛋ,381
indirections,40163,0,ᛁᚾᛞᛁᚱᛖᚳᛏᛡᚾᛋ,519
restrainers,40020,0,ᚱᛖᛋᛏᚱᚪᛁᚾᛖᚱᛋ,489
grainfields,40013,0,ᚷᚱᚪᛁᚾᚠᛁᛖᛚᛞᛋ,500
nonharmonic,40002,0,ᚾᚩᚾᚻᚪᚱᛗᚩᚾᛁᚳ,347
calochortus,39992,0,ᚳᚪᛚᚩᚳᚻᚩᚱᛏᚢᛋ,359
pitchforked,39951,0,ᛈᛁᛏᚳᚻᚠᚩᚱᚳᛖᛞ,358
reflationary,39900,0,ᚱᛖᚠᛚᚪᛏᛡᚾᚪᚱᚣ,656
housebroken,39841,0,ᚻᚩᚢᛋᛖᛒᚱᚩᚳᛖᚾ,341
jardinieres,39812,0,ᛂᚪᚱᛞᛁᚾᛁᛖᚱᛖᛋ,523
bichromates,39794,0,ᛒᛁᚳᚻᚱᚩᛗᚪᛏᛖᛋ,493
anathematizing,39786,0,ᚪᚾᚪᚦᛖᛗᚪᛏᛁᛋᛝ,685
pasquinades,39732,0,ᛈᚪᛋᚳᚹᛁᚾᚪᛞᛖᛋ,591
salutatorian,39709,0,ᛋᚪᛚᚢᛏᚪᛏᚩᚱᛡᚾ,595
wainscotted,39704,0,ᚹᚪᛁᚾᛋᚳᚩᛏᛏᛖᛞ,523
concertinas,39662,0,ᚳᚩᚾᚳᛖᚱᛏᛁᚾᚪᛋ,409
arduousness,39627,0,ᚪᚱᛞᚢᚩᚢᛋᚾᛖᛋᛋ,465
trisyllable,39612,0,ᛏᚱᛁᛋᚣᛚᛚᚪᛒᛚᛖ,701
retrogrades,39609,0,ᚱᛖᛏᚱᚩᚷᚱᚪᛞᛖᛋ,489
hausmannite,39540,0,ᚻᚪᚢᛋᛗᚪᚾᚾᛁᛏᛖ,559
whiffletree,39376,0,ᚹᚻᛁᚠᚠᛚᛖᛏᚱᛖᛖ,421
counterpose,39325,0,ᚳᚩᚢᚾᛏᛖᚱᛈᚩᛋᛖ,359
masterships,39304,0,ᛗᚪᛋᛏᛖᚱᛋᚻᛁᛈᛋ,561
tragelaphus,39299,0,ᛏᚱᚪᚷᛖᛚᚪᛈᚻᚢᛋ,543
asseverated,39270,0,ᚪᛋᛋᛖᚢᛖᚱᚪᛏᛖᛞ,663
monomaniacal,39269,0,ᛗᚩᚾᚩᛗᚪᚾᛡᚳᚪᛚ,601
furtiveness,39232,0,ᚠᚢᚱᛏᛁᚢᛖᚾᛖᛋᛋ,378
patronisingly,39229,0,ᛈᚪᛏᚱᚩᚾᛁᛋᛝᛚᚣ,585
unpurchased,39221,0,ᚢᚾᛈᚢᚱᚳᚻᚪᛋᛖᛞ,431
juggernauts,39193,0,ᛂᚢᚷᚷᛖᚱᚾᚪᚢᛏᛋ,393
sonification,39173,0,ᛋᚩᚾᛁᚠᛁᚳᚪᛏᛡᚾ,458
arthrospores,39150,0,ᚪᚱᚦᚱᚩᛋᛈᚩᚱᛖᛋ,365
pachysandra,39142,0,ᛈᚪᚳᚻᚣᛋᚪᚾᛞᚱᚪ,655
uncondemned,39087,0,ᚢᚾᚳᚩᚾᛞᛖᛗᚾᛖᛞ,493
indefinably,39069,0,ᛁᚾᛞᛖᚠᛁᚾᚪᛒᛚᚣ,612
isometrical,39037,0,ᛁᛋᚩᛗᛖᛏᚱᛁᚳᚪᛚ,513
airsickness,38994,0,ᚪᛁᚱᛋᛁᚳᚳᚾᛖᛋᛋ,451
poundmaster,38975,0,ᛈᚩᚢᚾᛞᛗᚪᛋᛏᛖᚱ,529
thyroprotein,38972,0,ᚦᚣᚱᚩᛈᚱᚩᛏᛖᛁᚾ,373
jellyfishes,38934,0,ᛂᛖᛚᛚᚣᚠᛁᛋᚻᛖᛋ,582
credulously,38929,0,ᚳᚱᛖᛞᚢᛚᚩᚢᛋᛚᚣ,495
indomitably,38908,0,ᛁᚾᛞᚩᛗᛁᛏᚪᛒᛚᚣ,651
rottenstone,38895,0,ᚱᚩᛏᛏᛖᚾᛋᛏᚩᚾᛖ,447
paragraphed,38771,0,ᛈᚪᚱᚪᚷᚱᚪᛈᚻᛖᛞ,595
honeymooned,38741,0,ᚻᚩᚾᛖᚣᛗᚩᚩᚾᛖᛞ,499
millimicron,38687,0,ᛗᛁᛚᛚᛁᛗᛁᚳᚱᚩᚾ,441
maximalists,38678,0,ᛗᚪᛉᛁᛗᚪᛚᛁᛋᛏᛋ,683
impropriation,38637,0,ᛁᛗᛈᚱᚩᛈᚱᛡᛏᛡᚾ,519
officership,38635,0,ᚩᚠᚠᛁᚳᛖᚱᛋᚻᛁᛈ,283
epigraphist,38573,0,ᛖᛈᛁᚷᚱᚪᛈᚻᛁᛋᛏ,475
resultantly,38562,0,ᚱᛖᛋᚢᛚᛏᚪᚾᛏᛚᚣ,627
christianism,38508,0,ᚳᚻᚱᛁᛋᛏᛡᚾᛁᛋᛗ,481
guardedness,38506,0,ᚷᚢᚪᚱᛞᛖᛞᚾᛖᛋᛋ,575
dipsomaniacs,38484,0,ᛞᛁᛈᛋᚩᛗᚪᚾᛡᚳᛋ,593
alcoholized,38470,0,ᚪᛚᚳᚩᚻᚩᛚᛁᛋᛖᛞ,533
genuflexions,38428,0,ᚷᛖᚾᚢᚠᛚᛖᛉᛡᚾᛋ,494
verisimilar,38360,0,ᚢᛖᚱᛁᛋᛁᛗᛁᛚᚪᚱ,479
wildebeests,38348,0,ᚹᛁᛚᛞᛖᛒᛖᛖᛋᛏᛋ,639
amphictyony,38317,0,ᚪᛗᛈᚻᛁᚳᛏᚣᚩᚾᚣ,579
archesporial,38290,0,ᚪᚱᚳᚻᛖᛋᛈᚩᚱᛡᛚ,505
jacqueminot,38272,0,ᛂᚪᚳᚳᚹᛖᛗᛁᚾᚩᛏ,443
parcellation,38257,0,ᛈᚪᚱᚳᛖᛚᛚᚪᛏᛡᚾ,669
autoplastic,38252,0,ᚪᚢᛏᚩᛈᛚᚪᛋᛏᛁᚳ,535
wonderlands,38175,0,ᚹᚩᚾᛞᛖᚱᛚᚪᚾᛞᛋ,563
designative,38117,0,ᛞᛖᛋᛁᚷᚾᚪᛏᛁᚢᛖ,543
infectiously,38110,0,ᛁᚾᚠᛖᚳᛏᛡᚢᛋᛚᚣ,540
indicatives,38081,0,ᛁᚾᛞᛁᚳᚪᛏᛁᚢᛖᛋ,503
suffocatingly,38056,0,ᛋᚢᚠᚠᚩᚳᚪᛏᛝᛚᚣ,491
fergusonite,38041,0,ᚠᛖᚱᚷᚢᛋᚩᚾᛁᛏᛖ,346
transversed,37891,0,ᛏᚱᚪᚾᛋᚢᛖᚱᛋᛖᛞ,539
decontrolling,37874,0,ᛞᛖᚳᚩᚾᛏᚱᚩᛚᛚᛝ,507
rhomboideus,37799,0,ᚱᚻᚩᛗᛒᚩᛁᛞᛖᚢᛋ,423
innutritious,37776,0,ᛁᚾᚾᚢᛏᚱᛁᛏᛡᚢᛋ,415
hyperacusis,37747,0,ᚻᚣᛈᛖᚱᚪᚳᚢᛋᛁᛋ,497
milquetoast,37729,0,ᛗᛁᛚᚳᚹᛖᛏᚩᚪᛋᛏ,549
cynoglossum,37706,0,ᚳᚣᚾᚩᚷᛚᚩᛋᛋᚢᛗ,429
prudentially,37618,0,ᛈᚱᚢᛞᛖᚾᛏᛡᛚᛚᚣ,657
colonoscope,37563,0,ᚳᚩᛚᚩᚾᚩᛋᚳᚩᛈᛖ,319
unmanageably,37537,0,ᚢᚾᛗᚪᚾᚪᚷᛠᛒᛚᚣ,689
corruptness,37469,0,ᚳᚩᚱᚱᚢᛈᛏᚾᛖᛋᛋ,349
decolletage,37431,0,ᛞᛖᚳᚩᛚᛚᛖᛏᚪᚷᛖ,629
camaldolese,37369,0,ᚳᚪᛗᚪᛚᛞᚩᛚᛖᛋᛖ,707
unrestraint,37359,0,ᚢᚾᚱᛖᛋᛏᚱᚪᛁᚾᛏ,449
espadrilles,37319,0,ᛖᛋᛈᚪᛞᚱᛁᛚᛚᛖᛋ,657
reduplicating,37288,0,ᚱᛖᛞᚢᛈᛚᛁᚳᚪᛏᛝ,565
ineptitudes,37284,0,ᛁᚾᛖᛈᛏᛁᛏᚢᛞᛖᛋ,531
nocturnally,37206,0,ᚾᚩᚳᛏᚢᚱᚾᚪᛚᛚᚣ,497
misconducts,37151,0,ᛗᛁᛋᚳᚩᚾᛞᚢᚳᛏᛋ,421
hydrargyrum,37085,0,ᚻᚣᛞᚱᚪᚱᚷᚣᚱᚢᛗ,539
tightfisted,37083,0,ᛏᛁᚷᚻᛏᚠᛁᛋᛏᛖᛞ,490
roadrunners,36980,0,ᚱᚩᚪᛞᚱᚢᚾᚾᛖᚱᛋ,407
paralogisms,36963,0,ᛈᚪᚱᚪᛚᚩᚷᛁᛋᛗᛋ,553
complainingly,36922,0,ᚳᚩᛗᛈᛚᚪᛁᚾᛝᛚᚣ,619
justiciaries,36913,0,ᛂᚢᛋᛏᛁᚳᛡᚱᛁᛖᛋ,465
misguidance,36825,0,ᛗᛁᛋᚷᚢᛁᛞᚪᚾᚳᛖ,501
conversable,36825,0,ᚳᚩᚾᚢᛖᚱᛋᚪᛒᛚᛖ,481
dauntlessly,36812,0,ᛞᚪᚢᚾᛏᛚᛖᛋᛋᛚᚣ,699
housemothers,36768,0,ᚻᚩᚢᛋᛖᛗᚩᚦᛖᚱᛋ,367
escharotics,36765,0,ᛖᛋᚳᚻᚪᚱᚩᛏᛁᚳᛋ,427
hydrogenate,36739,0,ᚻᚣᛞᚱᚩᚷᛖᚾᚪᛏᛖ,569
catadromous,36728,0,ᚳᚪᛏᚪᛞᚱᚩᛗᚩᚢᛋ,507
deservingness,36653,0,ᛞᛖᛋᛖᚱᚢᛝᚾᛖᛋᛋ,571
intermediating,36646,0,ᛁᚾᛏᛖᚱᛗᛖᛞᛡᛏᛝ,669
slavishness,36630,0,ᛋᛚᚪᚢᛁᛋᚻᚾᛖᛋᛋ,535
tricoloured,36596,0,ᛏᚱᛁᚳᚩᛚᚩᚢᚱᛖᛞ,371
pompousness,36576,0,ᛈᚩᛗᛈᚩᚢᛋᚾᛖᛋᛋ,429
dictaphones,36482,0,ᛞᛁᚳᛏᚪᛈᚻᚩᚾᛖᛋ,511
disentangles,36477,0,ᛞᛁᛋᛖᚾᛏᚪᛝᛚᛖᛋ,697
paraphrasis,36418,0,ᛈᚪᚱᚪᛈᚻᚱᚪᛋᛁᛋ,559
girlishness,36390,0,ᚷᛁᚱᛚᛁᛋᚻᚾᛖᛋᛋ,441
inspissation,36375,0,ᛁᚾᛋᛈᛁᛋᛋᚪᛏᛡᚾ,585
parabolical,36367,0,ᛈᚪᚱᚪᛒᚩᛚᛁᚳᚪᛚ,603
consigliere,36360,0,ᚳᚩᚾᛋᛁᚷᛚᛁᛖᚱᛖ,399
misericorde,36355,0,ᛗᛁᛋᛖᚱᛁᚳᚩᚱᛞᛖ,451
domiciliated,36348,0,ᛞᚩᛗᛁᚳᛁᛚᛡᛏᛖᛞ,637
mawkishness,36290,0,ᛗᚪᚹᚳᛁᛋᚻᚾᛖᛋᛋ,509
unchastened,36248,0,ᚢᚾᚳᚻᚪᛋᛏᛖᚾᛖᛞ,529
nonclerical,36227,0,ᚾᚩᚾᚳᛚᛖᚱᛁᚳᚪᛚ,443
extraditions,36199,0,ᛖᛉᛏᚱᚪᛞᛁᛏᛡᚾᛋ,649
freakishness,36197,0,ᚠᚱᛠᚳᛁᛋᚻᚾᛖᛋᛋ,444
guttersnipe,36160,0,ᚷᚢᛏᛏᛖᚱᛋᚾᛁᛈᛖ,439
exhilarates,36145,0,ᛖᛉᚻᛁᛚᚪᚱᚪᛏᛖᛋ,625
intractably,36092,0,ᛁᚾᛏᚱᚪᚳᛏᚪᛒᛚᚣ,633
allelomorph,36031,0,ᚪᛚᛚᛖᛚᚩᛗᚩᚱᛈᚻ,545
thaumaturgic,36022,0,ᚦᚪᚢᛗᚪᛏᚢᚱᚷᛁᚳ,407
profanations,36010,0,ᛈᚱᚩᚠᚪᚾᚪᛏᛡᚾᛋ,534
sidewinders,36004,0,ᛋᛁᛞᛖᚹᛁᚾᛞᛖᚱᛋ,539
unvalidated,35928,0,ᚢᚾᚢᚪᛚᛁᛞᚪᛏᛖᛞ,637
immoderation,35912,0,ᛁᛗᛗᚩᛞᛖᚱᚪᛏᛡᚾ,639
rodomontade,35868,0,ᚱᚩᛞᚩᛗᚩᚾᛏᚪᛞᛖ,533
appreciators,35855,0,ᚪᛈᛈᚱᛖᚳᛡᛏᚩᚱᛋ,511
informatory,35837,0,ᛁᚾᚠᚩᚱᛗᚪᛏᚩᚱᚣ,428
promycelium,35688,0,ᛈᚱᚩᛗᚣᚳᛖᛚᛁᚢᛗ,493
whencesoever,35580,0,ᚹᚻᛖᚾᚳᛖᛋᛟᚢᛖᚱ,435
moonlighted,35530,0,ᛗᚩᚩᚾᛚᛁᚷᚻᛏᛖᛞ,473
receptively,35474,0,ᚱᛖᚳᛖᛈᛏᛁᚢᛖᛚᚣ,537
disaffiliate,35472,0,ᛞᛁᛋᚪᚠᚠᛁᛚᛡᛏᛖ,611
breechclout,35463,0,ᛒᚱᛖᛖᚳᚻᚳᛚᚩᚢᛏ,397
excursionist,35454,0,ᛖᛉᚳᚢᚱᛋᛡᚾᛁᛋᛏ,473
nephelinite,35420,0,ᚾᛖᛈᚻᛖᛚᛁᚾᛁᛏᛖ,519
viniculture,35405,0,ᚢᛁᚾᛁᚳᚢᛚᛏᚢᚱᛖ,323
cavendishes,35331,0,ᚳᚪᚢᛖᚾᛞᛁᛋᚻᛖᛋ,525
incarnadine,35278,0,ᛁᚾᚳᚪᚱᚾᚪᛞᛁᚾᛖ,523
pugnaciously,35272,0,ᛈᚢᚷᚾᚪᚳᛡᚢᛋᛚᚣ,541
masculinism,35259,0,ᛗᚪᛋᚳᚢᛚᛁᚾᛁᛋᛗ,525
bellybutton,35222,0,ᛒᛖᛚᛚᚣᛒᚢᛏᛏᚩᚾ,595
amidopyrine,35190,0,ᚪᛗᛁᛞᚩᛈᚣᚱᛁᚾᛖ,579
electrifies,35125,0,ᛖᛚᛖᚳᛏᚱᛁᚠᛁᛖᛋ,474
surveillant,35116,0,ᛋᚢᚱᚢᛖᛁᛚᛚᚪᚾᛏ,499
circumboreal,35028,0,ᚳᛁᚱᚳᚢᛗᛒᚩᚱᛠᛚ,403
unadaptable,35020,0,ᚢᚾᚪᛞᚪᛈᛏᚪᛒᛚᛖ,715
winterberry,35018,0,ᚹᛁᚾᛏᛖᚱᛒᛖᚱᚱᚣ,469
fanaticisms,34964,0,ᚠᚪᚾᚪᛏᛁᚳᛁᛋᛗᛋ,536
demagnetize,34958,0,ᛞᛖᛗᚪᚷᚾᛖᛏᛁᛋᛖ,647
tetrameters,34870,0,ᛏᛖᛏᚱᚪᛗᛖᛏᛖᚱᛋ,621
approbations,34855,0,ᚪᛈᛈᚱᚩᛒᚪᛏᛡᚾᛋ,607
proletariats,34830,0,ᛈᚱᚩᛚᛖᛏᚪᚱᛡᛏᛋ,587
consecrator,34766,0,ᚳᚩᚾᛋᛖᚳᚱᚪᛏᚩᚱ,367
masturbator,34761,0,ᛗᚪᛋᛏᚢᚱᛒᚪᛏᚩᚱ,529
assimilator,34730,0,ᚪᛋᛋᛁᛗᛁᛚᚪᛏᚩᚱ,583
closemouthed,34708,0,ᚳᛚᚩᛋᛖᛗᚩᚢᚦᛖᛞ,455
ovipositors,34704,0,ᚩᚢᛁᛈᚩᛋᛁᛏᚩᚱᛋ,305
benedictory,34680,0,ᛒᛖᚾᛖᛞᛁᚳᛏᚩᚱᚣ,537
languishment,34616,0,ᛚᚪᛝᚢᛁᛋᚻᛗᛖᚾᛏ,585
discordancy,34614,0,ᛞᛁᛋᚳᚩᚱᛞᚪᚾᚳᚣ,535
acantholysis,34595,0,ᚪᚳᚪᚾᚦᚩᛚᚣᛋᛁᛋ,561
cankerworms,34514,0,ᚳᚪᚾᚳᛖᚱᚹᚩᚱᛗᛋ,391
trombonists,34483,0,ᛏᚱᚩᛗᛒᚩᚾᛁᛋᛏᛋ,441
somatotypes,34475,0,ᛋᚩᛗᚪᛏᚩᛏᚣᛈᛖᛋ,619
hypocycloid,34456,0,ᚻᚣᛈᚩᚳᚣᚳᛚᚩᛁᛞ,505
unconceived,34426,0,ᚢᚾᚳᚩᚾᚳᛖᛁᚢᛖᛞ,351
criminations,34414,0,ᚳᚱᛁᛗᛁᚾᚪᛏᛡᚾᛋ,531
deracination,34327,0,ᛞᛖᚱᚪᚳᛁᚾᚪᛏᛡᚾ,629
rollerblading,34318,0,ᚱᚩᛚᛚᛖᚱᛒᛚᚪᛞᛝ,641
scaremongering,34298,0,ᛋᚳᚪᚱᛖᛗᚩᛝᛖᚱᛝ,555
superinduce,34250,0,ᛋᚢᛈᛖᚱᛁᚾᛞᚢᚳᛖ,409
tragedienne,34247,0,ᛏᚱᚪᚷᛖᛞᛁᛖᚾᚾᛖ,563
rheumatisms,34214,0,ᚱᚻᛖᚢᛗᚪᛏᛁᛋᛗᛋ,539
petrodollar,34197,0,ᛈᛖᛏᚱᚩᛞᚩᛚᛚᚪᚱ,537
curtainless,34191,0,ᚳᚢᚱᛏᚪᛁᚾᛚᛖᛋᛋ,489
palatinates,34184,0,ᛈᚪᛚᚪᛏᛁᚾᚪᛏᛖᛋ,705
calculatingly,34182,0,ᚳᚪᛚᚳᚢᛚᚪᛏᛝᛚᚣ,683
shirtwaists,34179,0,ᛋᚻᛁᚱᛏᚹᚪᛁᛋᛏᛋ,489
gracelessly,34151,0,ᚷᚱᚪᚳᛖᛚᛖᛋᛋᛚᚣ,627
almoravides,34138,0,ᚪᛚᛗᚩᚱᚪᚢᛁᛞᛖᛋ,599
forecastles,34136,0,ᚠᚩᚱᛖᚳᚪᛋᛏᛚᛖᛋ,502
electrolyze,34107,0,ᛖᛚᛖᚳᛏᚱᚩᛚᚣᛋᛖ,593
charactered,34099,0,ᚳᚻᚪᚱᚪᚳᛏᛖᚱᛖᛞ,547
malapropism,34054,0,ᛗᚪᛚᚪᛈᚱᚩᛈᛁᛋᛗ,597
refoundation,34043,0,ᚱᛖᚠᚩᚢᚾᛞᚪᛏᛡᚾ,500
platyrrhine,33985,0,ᛈᛚᚪᛏᚣᚱᚱᚻᛁᚾᛖ,547
undisplayed,33974,0,ᚢᚾᛞᛁᛋᛈᛚᚪᚣᛖᛞ,677
desecrations,33965,0,ᛞᛖᛋᛖᚳᚱᚪᛏᛡᚾᛋ,645
cartwrights,33931,0,ᚳᚪᚱᛏᚹᚱᛁᚷᚻᛏᛋ,393
algebraists,33931,0,ᚪᛚᚷᛖᛒᚱᚪᛁᛋᛏᛋ,619
apatosaurus,33905,0,ᚪᛈᚪᛏᚩᛋᚪᚢᚱᚢᛋ,523
clapboarded,33903,0,ᚳᛚᚪᛈᛒᚩᚪᚱᛞᛖᛞ,647
exhortative,33879,0,ᛖᛉᚻᚩᚱᛏᚪᛏᛁᚢᛖ,471
trichiniasis,33875,0,ᛏᚱᛁᚳᚻᛁᚾᛡᛋᛁᛋ,441
extemporizing,33853,0,ᛖᛉᛏᛖᛗᛈᚩᚱᛁᛋᛝ,535
tachographs,33850,0,ᛏᚪᚳᚻᚩᚷᚱᚪᛈᚻᛋ,443
kitchenmaid,33834,0,ᚳᛁᛏᚳᚻᛖᚾᛗᚪᛁᛞ,523
husbandless,33821,0,ᚻᚢᛋᛒᚪᚾᛞᛚᛖᛋᛋ,601
assuagement,33738,0,ᚪᛋᛋᚢᚪᚷᛖᛗᛖᚾᛏ,613
crateriform,33719,0,ᚳᚱᚪᛏᛖᚱᛁᚠᚩᚱᛗ,380
gegenschein,33717,0,ᚷᛖᚷᛖᚾᛋᚳᚻᛖᛁᚾ,413
displeasures,33710,0,ᛞᛁᛋᛈᛚᛠᛋᚢᚱᛖᛋ,585
bacilliform,33680,0,ᛒᚪᚳᛁᛚᛚᛁᚠᚩᚱᛗ,470
semanticist,33664,0,ᛋᛖᛗᚪᚾᛏᛁᚳᛁᛋᛏ,563
underworlds,33607,0,ᚢᚾᛞᛖᚱᚹᚩᚱᛚᛞᛋ,451
interjacent,33465,0,ᛁᚾᛏᛖᚱᛂᚪᚳᛖᚾᛏ,499
limitlessly,33461,0,ᛚᛁᛗᛁᛏᛚᛖᛋᛋᛚᚣ,687
piratically,33420,0,ᛈᛁᚱᚪᛏᛁᚳᚪᛚᛚᚣ,631
deathlessness,33377,0,ᛞᛠᚦᛚᛖᛋᛋᚾᛖᛋᛋ,651
deerstalker,33315,0,ᛞᛖᛖᚱᛋᛏᚪᛚᚳᛖᚱ,607
mollycoddle,33262,0,ᛗᚩᛚᛚᚣᚳᚩᛞᛞᛚᛖ,665
cesarewitch,33255,0,ᚳᛖᛋᚪᚱᛖᚹᛁᛏᚳᚻ,453
propositioning,33243,0,ᛈᚱᚩᛈᚩᛋᛁᛏᛡᚾᛝ,469
microcosmus,33222,0,ᛗᛁᚳᚱᚩᚳᚩᛋᛗᚢᛋ,333
playability,33218,0,ᛈᛚᚪᚣᚪᛒᛁᛚᛁᛏᚣ,771
blackamoors,33179,0,ᛒᛚᚪᚳᚳᚪᛗᚩᚩᚱᛋ,503
disremember,33144,0,ᛞᛁᛋᚱᛖᛗᛖᛗᛒᛖᚱ,599
prefectoral,33036,0,ᛈᚱᛖᚠᛖᚳᛏᚩᚱᚪᛚ,450
counterplan,32995,0,ᚳᚩᚢᚾᛏᛖᚱᛈᛚᚪᚾ,431
arbitrement,32978,0,ᚪᚱᛒᛁᛏᚱᛖᛗᛖᚾᛏ,563
emasculates,32946,0,ᛖᛗᚪᛋᚳᚢᛚᚪᛏᛖᛋ,653
elementally,32940,0,ᛖᛚᛖᛗᛖᚾᛏᚪᛚᛚᚣ,779
ponderosity,32896,0,ᛈᚩᚾᛞᛖᚱᚩᛋᛁᛏᚣ,499
synecdochic,32889,0,ᛋᚣᚾᛖᚳᛞᚩᚳᚻᛁᚳ,441
subcompacts,32859,0,ᛋᚢᛒᚳᚩᛗᛈᚪᚳᛏᛋ,473
uncomforted,32732,0,ᚢᚾᚳᚩᛗᚠᚩᚱᛏᛖᛞ,358
ghostliness,32668,0,ᚷᚻᚩᛋᛏᛚᛁᚾᛖᛋᛋ,465
stylopodium,32657,0,ᛋᛏᚣᛚᚩᛈᚩᛞᛁᚢᛗ,539
sketchiness,32642,0,ᛋᚳᛖᛏᚳᚻᛁᚾᛖᛋᛋ,461
lusciousness,32622,0,ᛚᚢᛋᚳᛡᚢᛋᚾᛖᛋᛋ,507
bluebottles,32606,0,ᛒᛚᚢᛖᛒᚩᛏᛏᛚᛖᛋ,583
matriarchate,32605,0,ᛗᚪᛏᚱᛡᚱᚳᚻᚪᛏᛖ,615
philhellene,32600,0,ᛈᚻᛁᛚᚻᛖᛚᛚᛖᚾᛖ,569
unsympathizing,32583,0,ᚢᚾᛋᚣᛗᛈᚪᚦᛁᛋᛝ,567
cinderellas,32557,0,ᚳᛁᚾᛞᛖᚱᛖᛚᛚᚪᛋ,603
unillumined,32554,0,ᚢᚾᛁᛚᛚᚢᛗᛁᚾᛖᛞ,499
outmanoeuvre,32450,0,ᚩᚢᛏᛗᚪᚾᛟᚢᚢᚱᛖ,433
gillyflower,32436,0,ᚷᛁᛚᛚᚣᚠᛚᚩᚹᛖᚱ,476
unambiguity,32434,0,ᚢᚾᚪᛗᛒᛁᚷᚢᛁᛏᚣ,505
organizable,32432,0,ᚩᚱᚷᚪᚾᛁᛋᚪᛒᛚᛖ,543
persnickety,32398,0,ᛈᛖᚱᛋᚾᛁᚳᚳᛖᛏᚣ,489
overburdens,32392,0,ᚩᚢᛖᚱᛒᚢᚱᛞᛖᚾᛋ,401
trichuriasis,32351,0,ᛏᚱᛁᚳᚻᚢᚱᛡᛋᛁᛋ,395
abstinences,32310,0,ᚪᛒᛋᛏᛁᚾᛖᚾᚳᛖᛋ,559
reifications,32257,0,ᚱᛖᛁᚠᛁᚳᚪᛏᛡᚾᛋ,500
guardhouses,32239,0,ᚷᚢᚪᚱᛞᚻᚩᚢᛋᛖᛋ,423
vaporizable,32171,0,ᚢᚪᛈᚩᚱᛁᛋᚪᛒᛚᛖ,543
digitigrade,32165,0,ᛞᛁᚷᛁᛏᛁᚷᚱᚪᛞᛖ,539
portmanteaux,32111,0,ᛈᚩᚱᛏᛗᚪᚾᛏᛠᚢᛉ,535
perfumeries,32043,0,ᛈᛖᚱᚠᚢᛗᛖᚱᛁᛖᛋ,426
mauritanians,32037,0,ᛗᚪᚢᚱᛁᛏᚪᚾᛡᚾᛋ,587
unendurably,32021,0,ᚢᚾᛖᚾᛞᚢᚱᚪᛒᛚᚣ,565
equivocates,32014,0,ᛖᚳᚹᛁᚢᚩᚳᚪᛏᛖᛋ,429
winsomeness,31974,0,ᚹᛁᚾᛋᚩᛗᛖᚾᛖᛋᛋ,479
polychromes,31964,0,ᛈᚩᛚᚣᚳᚻᚱᚩᛗᛖᛋ,471
weatherboarding,31939,0,ᚹᛠᚦᛖᚱᛒᚩᚪᚱᛞᛝ,555
poltroonery,31904,0,ᛈᚩᛚᛏᚱᚩᚩᚾᛖᚱᚣ,417
uncustomary,31899,0,ᚢᚾᚳᚢᛋᛏᚩᛗᚪᚱᚣ,449
craniometric,31888,0,ᚳᚱᚪᚾᛡᛗᛖᛏᚱᛁᚳ,509
ancestrally,31880,0,ᚪᚾᚳᛖᛋᛏᚱᚪᛚᛚᚣ,675
vichyssoise,31834,0,ᚢᛁᚳᚻᚣᛋᛋᚩᛁᛋᛖ,437
electrolier,31806,0,ᛖᛚᛖᚳᛏᚱᚩᛚᛁᛖᚱ,479
colostomies,31733,0,ᚳᚩᛚᚩᛋᛏᚩᛗᛁᛖᛋ,441
scotchwoman,31725,0,ᛋᚳᚩᛏᚳᚻᚹᚩᛗᚪᚾ,391
conciliations,31662,0,ᚳᚩᚾᚳᛁᛚᛡᛏᛡᚾᛋ,521
outstretching,31659,0,ᚩᚢᛏᛋᛏᚱᛖᛏᚳᚻᛝ,433
thimbleberry,31655,0,ᚦᛁᛗᛒᛚᛖᛒᛖᚱᚱᚣ,561
ministrants,31619,0,ᛗᛁᚾᛁᛋᛏᚱᚪᚾᛏᛋ,523
outwardness,31596,0,ᚩᚢᛏᚹᚪᚱᛞᚾᛖᛋᛋ,487
annunciations,31547,0,ᚪᚾᚾᚢᚾᚳᛡᛏᛡᚾᛋ,555
gouvernante,31522,0,ᚷᚩᚢᚢᛖᚱᚾᚪᚾᛏᛖ,389
palpability,31497,0,ᛈᚪᛚᛈᚪᛒᛁᛚᛁᛏᚣ,711
collectedly,31488,0,ᚳᚩᛚᛚᛖᚳᛏᛖᛞᛚᚣ,637
duplicature,31434,0,ᛞᚢᛈᛚᛁᚳᚪᛏᚢᚱᛖ,489
adjectively,31429,0,ᚪᛞᛂᛖᚳᛏᛁᚢᛖᛚᚣ,639
republishes,31402,0,ᚱᛖᛈᚢᛒᛚᛁᛋᚻᛖᛋ,485
gynogenesis,31400,0,ᚷᚣᚾᚩᚷᛖᚾᛖᛋᛁᛋ,473
saccharifying,31392,0,ᛋᚪᚳᚳᚻᚪᚱᛁᚠᚣᛝ,522
immitigable,31382,0,ᛁᛗᛗᛁᛏᛁᚷᚪᛒᛚᛖ,609
overachieving,31358,0,ᚩᚢᛖᚱᚪᚳᚻᛁᛖᚢᛝ,401
captiousness,31262,0,ᚳᚪᛈᛏᛡᚢᛋᚾᛖᛋᛋ,577
illusionists,31245,0,ᛁᛚᛚᚢᛋᛡᚾᛁᛋᛏᛋ,565
vindicatory,31241,0,ᚢᛁᚾᛞᛁᚳᚪᛏᚩᚱᚣ,473
countersuit,31239,0,ᚳᚩᚢᚾᛏᛖᚱᛋᚢᛁᛏ,335
untypically,31217,0,ᚢᚾᛏᚣᛈᛁᚳᚪᛚᛚᚣ,627
embarkations,31205,0,ᛖᛗᛒᚪᚱᚳᚪᛏᛡᚾᛋ,665
dismissible,31184,0,ᛞᛁᛋᛗᛁᛋᛋᛁᛒᛚᛖ,613
actinometry,31177,0,ᚪᚳᛏᛁᚾᚩᛗᛖᛏᚱᚣ,547
carpospores,31176,0,ᚳᚪᚱᛈᚩᛋᛈᚩᚱᛖᛋ,405
hyperthermal,31168,0,ᚻᚣᛈᛖᚱᚦᛖᚱᛗᚪᛚ,571
allegorists,31150,0,ᚪᛚᛚᛖᚷᚩᚱᛁᛋᛏᛋ,541
beatifically,31095,0,ᛒᛠᛏᛁᚠᛁᚳᚪᛚᛚᚣ,652
patriarchies,31090,0,ᛈᚪᛏᚱᛡᚱᚳᚻᛁᛖᛋ,515
unclimbable,31037,0,ᚢᚾᚳᛚᛁᛗᛒᚪᛒᛚᛖ,579
proselytise,31009,0,ᛈᚱᚩᛋᛖᛚᚣᛏᛁᛋᛖ,567
endomorphic,31007,0,ᛖᚾᛞᚩᛗᚩᚱᛈᚻᛁᚳ,391
overreactions,30985,0,ᚩᚢᛖᚱᚱᛠᚳᛏᛡᚾᛋ,469
reconducted,30974,0,ᚱᛖᚳᚩᚾᛞᚢᚳᛏᛖᛞ,447
snowboarder,30971,0,ᛋᚾᚩᚹᛒᚩᚪᚱᛞᛖᚱ,451
exorbitance,30929,0,ᛖᛉᚩᚱᛒᛁᛏᚪᚾᚳᛖ,489
chronograms,30904,0,ᚳᚻᚱᚩᚾᚩᚷᚱᚪᛗᛋ,339
motorisation,30894,0,ᛗᚩᛏᚩᚱᛁᛋᚪᛏᛡᚾ,531
misanthropes,30869,0,ᛗᛁᛋᚪᚾᚦᚱᚩᛈᛖᛋ,467
repartitioning,30798,0,ᚱᛖᛈᚪᚱᛏᛁᛏᛡᚾᛝ,593
castigations,30742,0,ᚳᚪᛋᛏᛁᚷᚪᛏᛡᚾᛋ,615
bloodlessly,30713,0,ᛒᛚᚩᚩᛞᛚᛖᛋᛋᛚᚣ,659
greenbacker,30711,0,ᚷᚱᛖᛖᚾᛒᚪᚳᚳᛖᚱ,453
disorganising,30641,0,ᛞᛁᛋᚩᚱᚷᚪᚾᛁᛋᛝ,497
alchemistic,30628,0,ᚪᛚᚳᚻᛖᛗᛁᛋᛏᛁᚳ,531
silverpoint,30602,0,ᛋᛁᛚᚢᛖᚱᛈᚩᛁᚾᛏ,407
overweighting,30602,0,ᚩᚢᛖᚱᚹᛖᛁᚷᚻᛏᛝ,383
windjammers,30590,0,ᚹᛁᚾᛞᛂᚪᛗᛗᛖᚱᛋ,575
polyanthuses,30585,0,ᛈᚩᛚᚣᚪᚾᚦᚢᛋᛖᛋ,533
seismologic,30575,0,ᛋᛖᛁᛋᛗᚩᛚᚩᚷᛁᚳ,423
contagiously,30555,0,ᚳᚩᚾᛏᚪᚷᛡᚢᛋᛚᚣ,561
sauerbraten,30507,0,ᛋᚪᚢᛖᚱᛒᚱᚪᛏᛖᚾ,555
endocentric,30485,0,ᛖᚾᛞᚩᚳᛖᚾᛏᚱᛁᚳ,415
nincompoops,30479,0,ᚾᛁᚾᚳᚩᛗᛈᚩᚩᛈᛋ,333
liverpudlian,30471,0,ᛚᛁᚢᛖᚱᛈᚢᛞᛚᛡᚾ,529
epiphytotic,30437,0,ᛖᛈᛁᛈᚻᚣᛏᚩᛏᛁᚳ,479
percipience,30411,0,ᛈᛖᚱᚳᛁᛈᛁᛖᚾᚳᛖ,415
flavourless,30405,0,ᚠᛚᚪᚢᚩᚢᚱᛚᛖᛋᛋ,442
radicalness,30393,0,ᚱᚪᛞᛁᚳᚪᛚᚾᛖᛋᛋ,613
conceitedly,30373,0,ᚳᚩᚾᚳᛖᛁᛏᛖᛞᛚᚣ,551
tunefulness,30302,0,ᛏᚢᚾᛖᚠᚢᛚᚾᛖᛋᛋ,438
inquietudes,30299,0,ᛁᚾᚳᚹᛁᛖᛏᚢᛞᛖᛋ,461
discussable,30280,0,ᛞᛁᛋᚳᚢᛋᛋᚪᛒᛚᛖ,593
heterograft,30258,0,ᚻᛖᛏᛖᚱᚩᚷᚱᚪᚠᛏ,420
unmanliness,30252,0,ᚢᚾᛗᚪᚾᛚᛁᚾᛖᛋᛋ,535
depreciative,30233,0,ᛞᛖᛈᚱᛖᚳᛡᛏᛁᚢᛖ,557
prestissimo,30222,0,ᛈᚱᛖᛋᛏᛁᛋᛋᛁᛗᚩ,479
obfuscations,30209,0,ᚩᛒᚠᚢᛋᚳᚪᛏᛡᚾᛋ,484
impregnably,30168,0,ᛁᛗᛈᚱᛖᚷᚾᚪᛒᛚᚣ,603
recriminate,30152,0,ᚱᛖᚳᚱᛁᛗᛁᚾᚪᛏᛖ,487
sandblaster,30120,0,ᛋᚪᚾᛞᛒᛚᚪᛋᛏᛖᚱ,689
laurustinus,30106,0,ᛚᚪᚢᚱᚢᛋᛏᛁᚾᚢᛋ,415
humorlessly,30091,0,ᚻᚢᛗᚩᚱᛚᛖᛋᛋᛚᚣ,537
compradores,30089,0,ᚳᚩᛗᛈᚱᚪᛞᚩᚱᛖᛋ,469
corporality,30077,0,ᚳᚩᚱᛈᚩᚱᚪᛚᛁᛏᚣ,455
chancroidal,30077,0,ᚳᚻᚪᚾᚳᚱᚩᛁᛞᚪᛚ,483
reluctances,30076,0,ᚱᛖᛚᚢᚳᛏᚪᚾᚳᛖᛋ,485
lentiginous,30030,0,ᛚᛖᚾᛏᛁᚷᛁᚾᚩᚢᛋ,399
effervesced,29950,0,ᛖᚠᚠᛖᚱᚢᛖᛋᚳᛖᛞ,441
pieceworker,29827,0,ᛈᛁᛖᚳᛖᚹᚩᚱᚳᛖᚱ,349
monothelites,29809,0,ᛗᚩᚾᚩᚦᛖᛚᛁᛏᛖᛋ,469
excogitated,29775,0,ᛖᛉᚳᚩᚷᛁᛏᚪᛏᛖᛞ,553
inspectable,29714,0,ᛁᚾᛋᛈᛖᚳᛏᚪᛒᛚᛖ,593
alkalimetry,29684,0,ᚪᛚᚳᚪᛚᛁᛗᛖᛏᚱᚣ,695
unscratched,29620,0,ᚢᚾᛋᚳᚱᚪᛏᚳᚻᛖᛞ,457
embrocations,29595,0,ᛖᛗᛒᚱᚩᚳᚪᛏᛡᚾᛋ,575
bookbindery,29561,0,ᛒᚩᚩᚳᛒᛁᚾᛞᛖᚱᚣ,479
tetramerous,29502,0,ᛏᛖᛏᚱᚪᛗᛖᚱᚩᚢᛋ,505
hobbledehoy,29490,0,ᚻᚩᛒᛒᛚᛖᛞᛖᚻᚩᚣ,581
totipotency,29468,0,ᛏᚩᛏᛁᛈᚩᛏᛖᚾᚳᚣ,477
untraversed,29440,0,ᚢᚾᛏᚱᚪᚢᛖᚱᛋᛖᛞ,489
bluebonnets,29420,0,ᛒᛚᚢᛖᛒᚩᚾᚾᛖᛏᛋ,509
nightshades,29392,0,ᚾᛁᚷᚻᛏᛋᚻᚪᛞᛖᛋ,541
knuckleball,29384,0,ᚳᚾᚢᚳᚳᛚᛖᛒᚪᛚᛚ,515
repentances,29372,0,ᚱᛖᛈᛖᚾᛏᚪᚾᚳᛖᛋ,535
phenomenons,29370,0,ᛈᚻᛖᚾᚩᛗᛖᚾᚩᚾᛋ,425
spherometer,29369,0,ᛋᛈᚻᛖᚱᚩᛗᛖᛏᛖᚱ,479
counterplay,29352,0,ᚳᚩᚢᚾᛏᛖᚱᛈᛚᚪᚣ,505
tattersalls,29346,0,ᛏᚪᛏᛏᛖᚱᛋᚪᛚᛚᛋ,701
submergible,29288,0,ᛋᚢᛒᛗᛖᚱᚷᛁᛒᛚᛖ,515
asphaltites,29279,0,ᚪᛋᛈᚻᚪᛚᛏᛁᛏᛖᛋ,655
katharometer,29260,0,ᚳᚪᚦᚪᚱᚩᛗᛖᛏᛖᚱ,505
carpentered,29217,0,ᚳᚪᚱᛈᛖᚾᛏᛖᚱᛖᛞ,553
abhominable,29212,0,ᚪᛒᚻᚩᛗᛁᚾᚪᛒᛚᛖ,617
floatplanes,29204,0,ᚠᛚᚩᚪᛏᛈᛚᚪᚾᛖᛋ,600
counterfire,29186,0,ᚳᚩᚢᚾᛏᛖᚱᚠᛁᚱᛖ,300
foundresses,29172,0,ᚠᚩᚢᚾᛞᚱᛖᛋᛋᛖᛋ,434
homoeopathist,29140,0,ᚻᚩᛗᛟᚩᛈᚪᚦᛁᛋᛏ,479
goatsuckers,29098,0,ᚷᚩᚪᛏᛋᚢᚳᚳᛖᚱᛋ,393
undershooting,29081,0,ᚢᚾᛞᛖᚱᛋᚻᚩᚩᛏᛝ,427
gallimaufry,29066,0,ᚷᚪᛚᛚᛁᛗᚪᚢᚠᚱᚣ,578
persuadable,29062,0,ᛈᛖᚱᛋᚢᚪᛞᚪᛒᛚᛖ,661
wherethrough,29059,0,ᚹᚻᛖᚱᛖᚦᚱᚩᚢᚷᚻ,253
unmodifiable,29025,0,ᚢᚾᛗᚩᛞᛁᚠᛡᛒᛚᛖ,540
barrelhouse,29023,0,ᛒᚪᚱᚱᛖᛚᚻᚩᚢᛋᛖ,473
somnambulic,28984,0,ᛋᚩᛗᚾᚪᛗᛒᚢᛚᛁᚳ,509
patternless,28979,0,ᛈᚪᛏᛏᛖᚱᚾᛚᛖᛋᛋ,611
mortarboard,28979,0,ᛗᚩᚱᛏᚪᚱᛒᚩᚪᚱᛞ,521
disquietingly,28977,0,ᛞᛁᛋᚳᚹᛁᛖᛏᛝᛚᚣ,617
unintuitive,28917,0,ᚢᚾᛁᚾᛏᚢᛁᛏᛁᚢᛖ,345
blabbermouth,28859,0,ᛒᛚᚪᛒᛒᛖᚱᛗᚩᚢᚦ,517
anticipator,28831,0,ᚪᚾᛏᛁᚳᛁᛈᚪᛏᚩᚱ,477
misidentify,28798,0,ᛗᛁᛋᛁᛞᛖᚾᛏᛁᚠᚣ,566
diplomacies,28777,0,ᛞᛁᛈᛚᚩᛗᚪᚳᛁᛖᛋ,575
enthrallment,28772,0,ᛖᚾᚦᚱᚪᛚᛚᛗᛖᚾᛏ,581
bloodstreams,28767,0,ᛒᛚᚩᚩᛞᛋᛏᚱᛠᛗᛋ,593
mandarinate,28699,0,ᛗᚪᚾᛞᚪᚱᛁᚾᚪᛏᛖ,677
weatherboards,28695,0,ᚹᛠᚦᛖᚱᛒᚩᚪᚱᛞᛋ,529
consideringly,28678,0,ᚳᚩᚾᛋᛁᛞᛖᚱᛝᛚᚣ,555
cornhuskers,28668,0,ᚳᚩᚱᚾᚻᚢᛋᚳᛖᚱᛋ,283
unsoldierly,28641,0,ᚢᚾᛋᚩᛚᛞᛁᛖᚱᛚᚣ,539
fictionalize,28609,0,ᚠᛁᚳᛏᛡᚾᚪᛚᛁᛋᛖ,562
decemvirate,28609,0,ᛞᛖᚳᛖᛗᚢᛁᚱᚪᛏᛖ,575
homosporous,28602,0,ᚻᚩᛗᚩᛋᛈᚩᚱᚩᚢᛋ,285
pasteboards,28589,0,ᛈᚪᛋᛏᛖᛒᚩᚪᚱᛞᛋ,637
acidimetric,28575,0,ᚪᚳᛁᛞᛁᛗᛖᛏᚱᛁᚳ,513
hindustanis,28561,0,ᚻᛁᚾᛞᚢᛋᛏᚪᚾᛁᛋ,497
acerbically,28540,0,ᚪᚳᛖᚱᛒᛁᚳᚪᛚᛚᚣ,639
provisionary,28515,0,ᛈᚱᚩᚢᛁᛋᛡᚾᚪᚱᚣ,495
unstintedly,28511,0,ᚢᚾᛋᛏᛁᚾᛏᛖᛞᛚᚣ,595
deviationists,28496,0,ᛞᛖᚢᛡᛏᛡᚾᛁᛋᛏᛋ,657
nightwalker,28484,0,ᚾᛁᚷᚻᛏᚹᚪᛚᚳᛖᚱ,439
revictualling,28445,0,ᚱᛖᚢᛁᚳᛏᚢᚪᛚᛚᛝ,509
opinionative,28416,0,ᚩᛈᛁᚾᛡᚾᚪᛏᛁᚢᛖ,503
flavoursome,28403,0,ᚠᛚᚪᚢᚩᚢᚱᛋᚩᛗᛖ,394
innominatum,28401,0,ᛁᚾᚾᚩᛗᛁᚾᚪᛏᚢᛗ,457
lovableness,28359,0,ᛚᚩᚢᚪᛒᛚᛖᚾᛖᛋᛋ,583
unquietness,28306,0,ᚢᚾᚳᚹᛁᛖᛏᚾᛖᛋᛋ,423
temptresses,28228,0,ᛏᛖᛗᛈᛏᚱᛖᛋᛋᛖᛋ,603
strengtheners,28190,0,ᛋᛏᚱᛖᛝᚦᛖᚾᛖᚱᛋ,501
broussonetia,28187,0,ᛒᚱᚩᚢᛋᛋᚩᚾᛖᛏᛡ,457
floorwalker,28083,0,ᚠᛚᚩᚩᚱᚹᚪᛚᚳᛖᚱ,380
consensuses,28081,0,ᚳᚩᚾᛋᛖᚾᛋᚢᛋᛖᛋ,427
debasements,28073,0,ᛞᛖᛒᚪᛋᛖᛗᛖᚾᛏᛋ,713
inhabitance,28063,0,ᛁᚾᚻᚪᛒᛁᛏᚪᚾᚳᛖ,537
heteroploid,28033,0,ᚻᛖᛏᛖᚱᚩᛈᛚᚩᛁᛞ,477
misconceiving,28022,0,ᛗᛁᛋᚳᚩᚾᚳᛖᛁᚢᛝ,397
foreshorten,27973,0,ᚠᚩᚱᛖᛋᚻᚩᚱᛏᛖᚾ,336
amorousness,27973,0,ᚪᛗᚩᚱᚩᚢᛋᚾᛖᛋᛋ,451
centreboard,27955,0,ᚳᛖᚾᛏᚱᛖᛒᚩᚪᚱᛞ,511
helleborine,27924,0,ᚻᛖᛚᛚᛖᛒᚩᚱᛁᚾᛖ,509
underskirts,27900,0,ᚢᚾᛞᛖᚱᛋᚳᛁᚱᛏᛋ,419
vermiculate,27894,0,ᚢᛖᚱᛗᛁᚳᚢᛚᚪᛏᛖ,495
habilitated,27870,0,ᚻᚪᛒᛁᛚᛁᛏᚪᛏᛖᛞ,687
rollerblade,27845,0,ᚱᚩᛚᛚᛖᚱᛒᛚᚪᛞᛖ,629
warrantably,27838,0,ᚹᚪᚱᚱᚪᚾᛏᚪᛒᛚᚣ,657
glamorously,27836,0,ᚷᛚᚪᛗᚩᚱᚩᚢᛋᛚᚣ,515
conspiration,27835,0,ᚳᚩᚾᛋᛈᛁᚱᚪᛏᛡᚾ,479
aquamarines,27834,0,ᚪᚳᚹᚪᛗᚪᚱᛁᚾᛖᛋ,585
externalise,27826,0,ᛖᛉᛏᛖᚱᚾᚪᛚᛁᛋᛖ,601
nonvirulent,27765,0,ᚾᚩᚾᚢᛁᚱᚢᛚᛖᚾᛏ,341
imitatively,27763,0,ᛁᛗᛁᛏᚪᛏᛁᚢᛖᛚᚣ,625
postdiluvian,27759,0,ᛈᚩᛋᛏᛞᛁᛚᚢᚢᛡᚾ,497
mandibulate,27734,0,ᛗᚪᚾᛞᛁᛒᚢᛚᚪᛏᛖ,677
renormalize,27733,0,ᚱᛖᚾᚩᚱᛗᚪᛚᛁᛋᛖ,517
grandnieces,27715,0,ᚷᚱᚪᚾᛞᚾᛁᛖᚳᛖᛋ,503
choanocytes,27707,0,ᚳᚻᚩᚪᚾᚩᚳᚣᛏᛖᛋ,471
dodecahedra,27689,0,ᛞᚩᛞᛖᚳᚪᚻᛖᛞᚱᚪ,649
tripalmitin,27648,0,ᛏᚱᛁᛈᚪᛚᛗᛁᛏᛁᚾ,535
monopolises,27636,0,ᛗᚩᚾᚩᛈᚩᛚᛁᛋᛖᛋ,441
clodhoppers,27560,0,ᚳᛚᚩᛞᚻᚩᛈᛈᛖᚱᛋ,429
hemiplegics,27559,0,ᚻᛖᛗᛁᛈᛚᛖᚷᛁᚳᛋ,489
candlemaker,27559,0,ᚳᚪᚾᛞᛚᛖᛗᚪᚳᛖᚱ,627
licentiously,27541,0,ᛚᛁᚳᛖᚾᛏᛡᚢᛋᛚᚣ,611
corkscrewed,27499,0,ᚳᚩᚱᚳᛋᚳᚱᛖᚹᛖᛞ,363
internments,27447,0,ᛁᚾᛏᛖᚱᚾᛗᛖᚾᛏᛋ,505
genotypical,27417,0,ᚷᛖᚾᚩᛏᚣᛈᛁᚳᚪᛚ,539
denouements,27412,0,ᛞᛖᚾᚩᚢᛖᛗᛖᚾᛏᛋ,541
connectible,27406,0,ᚳᚩᚾᚾᛖᚳᛏᛁᛒᛚᛖ,449
consentient,27401,0,ᚳᚩᚾᛋᛖᚾᛏᛁᛖᚾᛏ,443
unstoppered,27371,0,ᚢᚾᛋᛏᚩᛈᛈᛖᚱᛖᛞ,471
electrocuting,27358,0,ᛖᛚᛖᚳᛏᚱᚩᚳᚢᛏᛝ,451
personations,27325,0,ᛈᛖᚱᛋᚩᚾᚪᛏᛡᚾᛋ,555
philologers,27319,0,ᛈᚻᛁᛚᚩᛚᚩᚷᛖᚱᛋ,405
adulterates,27314,0,ᚪᛞᚢᛚᛏᛖᚱᚪᛏᛖᛋ,675
diffusively,27290,0,ᛞᛁᚠᚠᚢᛋᛁᚢᛖᛚᚣ,457
pitifulness,27283,0,ᛈᛁᛏᛁᚠᚢᛚᚾᛖᛋᛋ,444
twelvepence,27279,0,ᛏᚹᛖᛚᚢᛖᛈᛖᚾᚳᛖ,507
rapscallions,27211,0,ᚱᚪᛈᛋᚳᚪᛚᛚᛡᚾᛋ,649
disrespects,27183,0,ᛞᛁᛋᚱᛖᛋᛈᛖᚳᛏᛋ,539
spiritualty,27167,0,ᛋᛈᛁᚱᛁᛏᚢᚪᛚᛏᚣ,563
beguilement,27166,0,ᛒᛖᚷᚢᛁᛚᛖᛗᛖᚾᛏ,545
vindicators,27137,0,ᚢᛁᚾᛞᛁᚳᚪᛏᚩᚱᛋ,423
romanticise,27130,0,ᚱᚩᛗᚪᚾᛏᛁᚳᛁᛋᛖ,469
unnoticeably,27095,0,ᚢᚾᚾᚩᛏᛁᚳᛠᛒᛚᚣ,517
impossibles,27067,0,ᛁᛗᛈᚩᛋᛋᛁᛒᛚᛖᛋ,543
landgravine,27056,0,ᛚᚪᚾᛞᚷᚱᚪᚢᛁᚾᛖ,543
inessentials,27007,0,ᛁᚾᛖᛋᛋᛖᚾᛏᛡᛚᛋ,621
indignations,26978,0,ᛁᚾᛞᛁᚷᚾᚪᛏᛡᚾᛋ,571
pervigilium,26975,0,ᛈᛖᚱᚢᛁᚷᛁᛚᛁᚢᛗ,381
aircraftman,26930,0,ᚪᛁᚱᚳᚱᚪᚠᛏᛗᚪᚾ,518
uncontrived,26894,0,ᚢᚾᚳᚩᚾᛏᚱᛁᚢᛖᛞ,341
marquisette,26885,0,ᛗᚪᚱᚳᚹᛁᛋᛖᛏᛏᛖ,547
statehouses,26880,0,ᛋᛏᚪᛏᛖᚻᚩᚢᛋᛖᛋ,541
privateness,26875,0,ᛈᚱᛁᚢᚪᛏᛖᚾᛖᛋᛋ,513
misogynists,26809,0,ᛗᛁᛋᚩᚷᚣᚾᛁᛋᛏᛋ,507
bimetallist,26681,0,ᛒᛁᛗᛖᛏᚪᛚᛚᛁᛋᛏ,675
craftswomen,26630,0,ᚳᚱᚪᚠᛏᛋᚹᚩᛗᛖᚾ,428
eugenically,26598,0,ᛖᚢᚷᛖᚾᛁᚳᚪᛚᛚᚣ,573
sequestrating,26586,0,ᛋᛖᚳᚹᛖᛋᛏᚱᚪᛏᛝ,577
acousticians,26573,0,ᚪᚳᚩᚢᛋᛏᛁᚳᛡᚾᛋ,465
dexterities,26540,0,ᛞᛖᛉᛏᛖᚱᛁᛏᛁᛖᛋ,581
nonadhesive,26518,0,ᚾᚩᚾᚪᛞᚻᛖᛋᛁᚢᛖ,495
mendaciously,26517,0,ᛗᛖᚾᛞᚪᚳᛡᚢᛋᛚᚣ,705
uncrossable,26513,0,ᚢᚾᚳᚱᚩᛋᛋᚪᛒᛚᛖ,467
joylessness,26505,0,ᛂᚩᚣᛚᛖᛋᛋᚾᛖᛋᛋ,595
muddleheaded,26490,0,ᛗᚢᛞᛞᛚᛖᚻᛠᛞᛖᛞ,769
animadverts,26410,0,ᚪᚾᛁᛗᚪᛞᚢᛖᚱᛏᛋ,607
heterotroph,26363,0,ᚻᛖᛏᛖᚱᚩᛏᚱᚩᛈᚻ,377
uncastrated,26360,0,ᚢᚾᚳᚪᛋᛏᚱᚪᛏᛖᛞ,577
cosmeticians,26310,0,ᚳᚩᛋᛗᛖᛏᛁᚳᛡᚾᛋ,503
bushwhacked,26308,0,ᛒᚢᛋᚻᚹᚻᚪᚳᚳᛖᛞ,461
merrythought,26259,0,ᛗᛖᚱᚱᚣᚦᚩᚢᚷᚻᛏ,377
counterblow,26249,0,ᚳᚩᚢᚾᛏᛖᚱᛒᛚᚩᚹ,349
demagogical,26238,0,ᛞᛖᛗᚪᚷᚩᚷᛁᚳᚪᛚ,579
whoremaster,26231,0,ᚹᚻᚩᚱᛖᛗᚪᛋᛏᛖᚱ,485
proboscidean,26227,0,ᛈᚱᚩᛒᚩᛋᚳᛁᛞᛠᚾ,453
episiotomies,26198,0,ᛖᛈᛁᛋᛡᛏᚩᛗᛁᛖᛋ,589
collembolan,26191,0,ᚳᚩᛚᛚᛖᛗᛒᚩᛚᚪᚾ,571
torturously,26189,0,ᛏᚩᚱᛏᚢᚱᚩᚢᛋᛚᚣ,389
petticoated,26158,0,ᛈᛖᛏᛏᛁᚳᚩᚪᛏᛖᛞ,591
psilophyton,26129,0,ᛈᛋᛁᛚᚩᛈᚻᚣᛏᚩᚾ,471
underworked,26125,0,ᚢᚾᛞᛖᚱᚹᚩᚱᚳᛖᛞ,405
soulfulness,26123,0,ᛋᚩᚢᛚᚠᚢᛚᚾᛖᛋᛋ,416
computerise,26116,0,ᚳᚩᛗᛈᚢᛏᛖᚱᛁᛋᛖ,425
electuaries,26113,0,ᛖᛚᛖᚳᛏᚢᚪᚱᛁᛖᛋ,541
pectunculus,26080,0,ᛈᛖᚳᛏᚢᚾᚳᚢᛚᚢᛋ,359
duplicities,26066,0,ᛞᚢᛈᛚᛁᚳᛁᛏᛁᛖᛋ,493
birdcatcher,26060,0,ᛒᛁᚱᛞᚳᚪᛏᚳᚻᛖᚱ,475
orthotropous,26054,0,ᚩᚱᚦᚩᛏᚱᚩᛈᚩᚢᛋ,213
rascalities,26044,0,ᚱᚪᛋᚳᚪᛚᛁᛏᛁᛖᛋ,585
symplegades,25999,0,ᛋᚣᛗᛈᛚᛖᚷᚪᛞᛖᛋ,733
concentered,25971,0,ᚳᚩᚾᚳᛖᚾᛏᛖᚱᛖᛞ,451
precedences,25915,0,ᛈᚱᛖᚳᛖᛞᛖᚾᚳᛖᛋ,519
salvadoreans,25871,0,ᛋᚪᛚᚢᚪᛞᚩᚱᛠᚾᛋ,621
scholarlike,25866,0,ᛋᚳᚻᚩᛚᚪᚱᛚᛁᚳᛖ,461
cabbageworm,25865,0,ᚳᚪᛒᛒᚪᚷᛖᚹᚩᚱᛗ,521
rendezvousing,25850,0,ᚱᛖᚾᛞᛖᛋᚢᚩᚢᛋᛝ,461
trichomonad,25838,0,ᛏᚱᛁᚳᚻᚩᛗᚩᚾᚪᛞ,437
endocranium,25828,0,ᛖᚾᛞᚩᚳᚱᚪᚾᛁᚢᛗ,447
carabiniere,25765,0,ᚳᚪᚱᚪᛒᛁᚾᛁᛖᚱᛖ,515
stigmatises,25755,0,ᛋᛏᛁᚷᛗᚪᛏᛁᛋᛖᛋ,591
sheriffdoms,25711,0,ᛋᚻᛖᚱᛁᚠᚠᛞᚩᛗᛋ,409
unmortgaged,25693,0,ᚢᚾᛗᚩᚱᛏᚷᚪᚷᛖᛞ,467
convenances,25693,0,ᚳᚩᚾᚢᛖᚾᚪᚾᚳᛖᛋ,407
divarication,25665,0,ᛞᛁᚢᚪᚱᛁᚳᚪᛏᛡᚾ,567
poisonously,25650,0,ᛈᚩᛁᛋᚩᚾᚩᚢᛋᛚᚣ,409
intradermic,25637,0,ᛁᚾᛏᚱᚪᛞᛖᚱᛗᛁᚳ,509
conquerable,25619,0,ᚳᚩᚾᚳᚹᛖᚱᚪᛒᛚᛖ,457
sleeplessly,25602,0,ᛋᛚᛖᛖᛈᛚᛖᛋᛋᛚᚣ,725
fieldstones,25584,0,ᚠᛁᛖᛚᛞᛋᛏᚩᚾᛖᛋ,530
overfatigue,25578,0,ᚩᚢᛖᚱᚠᚪᛏᛁᚷᚢᛖ,364
expropriates,25575,0,ᛖᛉᛈᚱᚩᛈᚱᛡᛏᛖᛋ,515
bullishness,25501,0,ᛒᚢᛚᛚᛁᛋᚻᚾᛖᛋᛋ,519
chronologer,25489,0,ᚳᚻᚱᚩᚾᚩᛚᚩᚷᛖᚱ,265
captainship,25457,0,ᚳᚪᛈᛏᚪᛁᚾᛋᚻᛁᛈ,519
stomatopods,25443,0,ᛋᛏᚩᛗᚪᛏᚩᛈᚩᛞᛋ,545
headforemost,25408,0,ᚻᛠᛞᚠᚩᚱᛖᛗᚩᛋᛏ,498
awestricken,25400,0,ᚪᚹᛖᛋᛏᚱᛁᚳᚳᛖᚾ,459
backslashes,25365,0,ᛒᚪᚳᚳᛋᛚᚪᛋᚻᛖᛋ,603
hazardously,25356,0,ᚻᚪᛋᚪᚱᛞᚩᚢᛋᛚᚣ,609
echinococci,25341,0,ᛖᚳᚻᛁᚾᚩᚳᚩᚳᚳᛁ,247
pantalettes,25337,0,ᛈᚪᚾᛏᚪᛚᛖᛏᛏᛖᛋ,703
rencounters,25311,0,ᚱᛖᚾᚳᚩᚢᚾᛏᛖᚱᛋ,349
soundboards,25282,0,ᛋᚩᚢᚾᛞᛒᚩᚪᚱᛞᛋ,499
unshuttered,25270,0,ᚢᚾᛋᚻᚢᛏᛏᛖᚱᛖᛞ,463
significate,25268,0,ᛋᛁᚷᚾᛁᚠᛁᚳᚪᛏᛖ,430
bristlelike,25233,0,ᛒᚱᛁᛋᛏᛚᛖᛚᛁᚳᛖ,539
uninventive,25220,0,ᚢᚾᛁᚾᚢᛖᚾᛏᛁᚢᛖ,351
allocatable,25212,0,ᚪᛚᛚᚩᚳᚪᛏᚪᛒᛚᛖ,717
focalisation,25207,0,ᚠᚩᚳᚪᛚᛁᛋᚪᛏᛡᚾ,568
cognizances,25183,0,ᚳᚩᚷᚾᛁᛋᚪᚾᚳᛖᛋ,409
glauconites,25177,0,ᚷᛚᚪᚢᚳᚩᚾᛁᛏᛖᛋ,449
vaticination,25175,0,ᚢᚪᛏᛁᚳᛁᚾᚪᛏᛡᚾ,555
lyophilised,25171,0,ᛚᚣᚩᛈᚻᛁᛚᛁᛋᛖᛞ,593
wretchedest,25168,0,ᚹᚱᛖᛏᚳᚻᛖᛞᛖᛋᛏ,527
ungainliness,25166,0,ᚢᛝᚪᛁᚾᛚᛁᚾᛖᛋᛋ,545
triumphator,25143,0,ᛏᚱᛁᚢᛗᛈᚻᚪᛏᚩᚱ,415
unbeneficed,25133,0,ᚢᚾᛒᛖᚾᛖᚠᛁᚳᛖᛞ,458
torrefaction,25098,0,ᛏᚩᚱᚱᛖᚠᚪᚳᛏᛡᚾ,462
anchoresses,25084,0,ᚪᚾᚳᚻᚩᚱᛖᛋᛋᛖᛋ,473
tetralogies,25030,0,ᛏᛖᛏᚱᚪᛚᚩᚷᛁᛖᛋ,541
chessboards,24997,0,ᚳᚻᛖᛋᛋᛒᚩᚪᚱᛞᛋ,527
ascetically,24997,0,ᚪᛋᚳᛖᛏᛁᚳᚪᛚᛚᚣ,679
valvulotomy,24902,0,ᚢᚪᛚᚢᚢᛚᚩᛏᚩᛗᚣ,499
exhaustedly,24902,0,ᛖᛉᚻᚪᚢᛋᛏᛖᛞᛚᚣ,681
groundsheet,24876,0,ᚷᚱᚩᚢᚾᛞᛋᚻᛖᛖᛏ,425
plebiscitum,24873,0,ᛈᛚᛖᛒᛁᛋᚳᛁᛏᚢᛗ,505
synthesisers,24863,0,ᛋᚣᚾᚦᛖᛋᛁᛋᛖᚱᛋ,525
controlment,24858,0,ᚳᚩᚾᛏᚱᚩᛚᛗᛖᚾᛏ,425
preregister,24847,0,ᛈᚱᛖᚱᛖᚷᛁᛋᛏᛖᚱ,437
ancientness,24846,0,ᚪᚾᚳᛁᛖᚾᛏᚾᛖᛋᛋ,527
extremeness,24833,0,ᛖᛉᛏᚱᛖᛗᛖᚾᛖᛋᛋ,591
tyrannosaur,24811,0,ᛏᚣᚱᚪᚾᚾᚩᛋᚪᚢᚱ,499
pantomimist,24803,0,ᛈᚪᚾᛏᚩᛗᛁᛗᛁᛋᛏ,551
sweetnesses,24771,0,ᛋᚹᛖᛖᛏᚾᛖᛋᛋᛖᛋ,587
steeplejack,24739,0,ᛋᛏᛖᛖᛈᛚᛖᛂᚪᚳᚳ,589
shopwindows,24737,0,ᛋᚻᚩᛈᚹᛁᚾᛞᚩᚹᛋ,373
pentstemons,24735,0,ᛈᛖᚾᛏᛋᛏᛖᛗᚩᚾᛋ,537
misemployed,24659,0,ᛗᛁᛋᛖᛗᛈᛚᚩᚣᛖᛞ,675
necessaires,24650,0,ᚾᛖᚳᛖᛋᛋᚪᛁᚱᛖᛋ,541
implemental,24650,0,ᛁᛗᛈᛚᛖᛗᛖᚾᛏᚪᛚ,681
anecdotical,24603,0,ᚪᚾᛖᚳᛞᚩᛏᛁᚳᚪᛚ,575
kookaburras,24577,0,ᚳᚩᚩᚳᚪᛒᚢᚱᚱᚪᛋ,373
exanthematic,24559,0,ᛖᛉᚪᚾᚦᛖᛗᚪᛏᛁᚳ,583
neighboured,24495,0,ᚾᛖᛁᚷᚻᛒᚩᚢᚱᛖᛞ,405
pettishness,24481,0,ᛈᛖᛏᛏᛁᛋᚻᚾᛖᛋᛋ,537
substantials,24406,0,ᛋᚢᛒᛋᛏᚪᚾᛏᛡᛚᛋ,647
placability,24396,0,ᛈᛚᚪᚳᚪᛒᛁᛚᛁᛏᚣ,681
downstrokes,24390,0,ᛞᚩᚹᚾᛋᛏᚱᚩᚳᛖᛋ,407
recitalists,24381,0,ᚱᛖᚳᛁᛏᚪᛚᛁᛋᛏᛋ,547
bellflowers,24371,0,ᛒᛖᛚᛚᚠᛚᚩᚹᛖᚱᛋ,506
shirtmakers,24349,0,ᛋᚻᛁᚱᛏᛗᚪᚳᛖᚱᛋ,489
nonpayments,24325,0,ᚾᚩᚾᛈᚪᚣᛗᛖᚾᛏᛋ,587
legendarily,24309,0,ᛚᛖᚷᛖᚾᛞᚪᚱᛁᛚᚣ,657
lustfulness,24307,0,ᛚᚢᛋᛏᚠᚢᛚᚾᛖᛋᛋ,468
pelycosaurs,24298,0,ᛈᛖᛚᚣᚳᚩᛋᚪᚢᚱᛋ,523
rallentando,24277,0,ᚱᚪᛚᛚᛖᚾᛏᚪᚾᛞᚩ,631
paleozoology,24259,0,ᛈᚪᛚᛇᛋᚩᚩᛚᚩᚷᚣ,521
idealisations,24246,0,ᛁᛞᛠᛚᛁᛋᚪᛏᛡᚾᛋ,731
dragonnades,24217,0,ᛞᚱᚪᚷᚩᚾᚾᚪᛞᛖᛋ,585
undiscerned,24190,0,ᚢᚾᛞᛁᛋᚳᛖᚱᚾᛖᛞ,481
soliloquize,24159,0,ᛋᚩᛚᛁᛚᚩᚳᚹᛁᛋᛖ,427
visualizers,24153,0,ᚢᛁᛋᚢᚪᛚᛁᛋᛖᚱᛋ,475
antineutron,24133,0,ᚪᚾᛏᛁᚾᛖᚢᛏᚱᚩᚾ,421
acidophiles,24096,0,ᚪᚳᛁᛞᚩᛈᚻᛁᛚᛖᛋ,527
nonvenomous,24087,0,ᚾᚩᚾᚢᛖᚾᚩᛗᚩᚢᛋ,305
enantiomorph,24084,0,ᛖᚾᚪᚾᛏᛡᛗᚩᚱᛈᚻ,543
outbalanced,24074,0,ᚩᚢᛏᛒᚪᛚᚪᚾᚳᛖᛞ,595
hourglasses,24073,0,ᚻᚩᚢᚱᚷᛚᚪᛋᛋᛖᛋ,457
monstrances,24062,0,ᛗᚩᚾᛋᛏᚱᚪᚾᚳᛖᛋ,489
discoursive,24050,0,ᛞᛁᛋᚳᚩᚢᚱᛋᛁᚢᛖ,361
intervallum,24026,0,ᛁᚾᛏᛖᚱᚢᚪᛚᛚᚢᛗ,517
blastoderms,23948,0,ᛒᛚᚪᛋᛏᚩᛞᛖᚱᛗᛋ,641
unsubmerged,23866,0,ᚢᚾᛋᚢᛒᛗᛖᚱᚷᛖᛞ,471
handkercher,23836,0,ᚻᚪᚾᛞᚳᛖᚱᚳᚻᛖᚱ,443
compositely,23814,0,ᚳᚩᛗᛈᚩᛋᛁᛏᛖᛚᚣ,527
overprotect,23804,0,ᚩᚢᛖᚱᛈᚱᚩᛏᛖᚳᛏ,347
cottonseeds,23771,0,ᚳᚩᛏᛏᚩᚾᛋᛖᛖᛞᛋ,503
lobectomies,23744,0,ᛚᚩᛒᛖᚳᛏᚩᛗᛁᛖᛋ,509
confabulate,23734,0,ᚳᚩᚾᚠᚪᛒᚢᛚᚪᛏᛖ,508
readmittance,23725,0,ᚱᛠᛞᛗᛁᛏᛏᚪᚾᚳᛖ,635
unburnished,23707,0,ᚢᚾᛒᚢᚱᚾᛁᛋᚻᛖᛞ,399
olfactories,23684,0,ᚩᛚᚠᚪᚳᛏᚩᚱᛁᛖᛋ,420
hyperextend,23680,0,ᚻᚣᛈᛖᚱᛖᛉᛏᛖᚾᛞ,605
umbellularia,23676,0,ᚢᛗᛒᛖᛚᛚᚢᛚᚪᚱᛡ,639
penalisation,23591,0,ᛈᛖᚾᚪᛚᛁᛋᚪᛏᛡᚾ,685
craniotomies,23561,0,ᚳᚱᚪᚾᛡᛏᚩᛗᛁᛖᛋ,545
fertilities,23550,0,ᚠᛖᚱᛏᛁᛚᛁᛏᛁᛖᛋ,484
construable,23537,0,ᚳᚩᚾᛋᛏᚱᚢᚪᛒᛚᛖ,473
barnstormer,23529,0,ᛒᚪᚱᚾᛋᛏᚩᚱᛗᛖᚱ,477
insuperably,23522,0,ᛁᚾᛋᚢᛈᛖᚱᚪᛒᛚᚣ,571
moralisation,23467,0,ᛗᚩᚱᚪᛚᛁᛋᚪᛏᛡᚾ,635
horsewhipping,23433,0,ᚻᚩᚱᛋᛖᚹᚻᛁᛈᛈᛝ,399
popularizes,23418,0,ᛈᚩᛈᚢᛚᚪᚱᛁᛋᛖᛋ,481
unboundedly,23365,0,ᚢᚾᛒᚩᚢᚾᛞᛖᛞᛚᚣ,553
menispermum,23283,0,ᛗᛖᚾᛁᛋᛈᛖᚱᛗᚢᛗ,517
shellfishes,23218,0,ᛋᚻᛖᛚᛚᚠᛁᛋᚻᛖᛋ,518
idyllically,23216,0,ᛁᛞᚣᛚᛚᛁᚳᚪᛚᛚᚣ,759
involucrate,23176,0,ᛁᚾᚢᚩᛚᚢᚳᚱᚪᛏᛖ,393
roguishness,23134,0,ᚱᚩᚷᚢᛁᛋᚻᚾᛖᛋᛋ,347
retranslate,23125,0,ᚱᛖᛏᚱᚪᚾᛋᛚᚪᛏᛖ,623
unremovable,23098,0,ᚢᚾᚱᛖᛗᚩᚢᚪᛒᛚᛖ,489
amicability,23017,0,ᚪᛗᛁᚳᚪᛒᛁᛚᛁᛏᚣ,667
crystalizes,23006,0,ᚳᚱᚣᛋᛏᚪᛚᛁᛋᛖᛋ,613
technophobia,23002,0,ᛏᛖᚳᚻᚾᚩᛈᚻᚩᛒᛡ,439
disinherits,22931,0,ᛞᛁᛋᛁᚾᚻᛖᚱᛁᛏᛋ,477
boondoggles,22921,0,ᛒᚩᚩᚾᛞᚩᚷᚷᛚᛖᛋ,427
observantly,22870,0,ᚩᛒᛋᛖᚱᚢᚪᚾᛏᛚᚣ,563
ineffaceably,22831,0,ᛁᚾᛖᚠᚠᚪᚳᛠᛒᛚᚣ,587
fatuousness,22785,0,ᚠᚪᛏᚢᚩᚢᛋᚾᛖᛋᛋ,426
liberalists,22748,0,ᛚᛁᛒᛖᚱᚪᛚᛁᛋᛏᛋ,609
momentously,22742,0,ᛗᚩᛗᛖᚾᛏᚩᚢᛋᛚᚣ,543
propagandas,22734,0,ᛈᚱᚩᛈᚪᚷᚪᚾᛞᚪᛋ,583
advertorials,22716,0,ᚪᛞᚢᛖᚱᛏᚩᚱᛡᛚᛋ,577
disannulled,22670,0,ᛞᛁᛋᚪᚾᚾᚢᛚᛚᛖᛞ,633
backbenches,22661,0,ᛒᚪᚳᚳᛒᛖᚾᚳᚻᛖᛋ,497
vituperated,22648,0,ᚢᛁᛏᚢᛈᛖᚱᚪᛏᛖᛞ,529
resurgences,22634,0,ᚱᛖᛋᚢᚱᚷᛖᚾᚳᛖᛋ,391
whitefishes,22601,0,ᚹᚻᛁᛏᛖᚠᛁᛋᚻᛖᛋ,428
pretermitting,22580,0,ᛈᚱᛖᛏᛖᚱᛗᛁᛏᛏᛝ,557
clinometers,22559,0,ᚳᛚᛁᚾᚩᛗᛖᛏᛖᚱᛋ,481
nonruminant,22553,0,ᚾᚩᚾᚱᚢᛗᛁᚾᚪᚾᛏ,395
monogenesis,22541,0,ᛗᚩᚾᚩᚷᛖᚾᛖᛋᛁᛋ,431
preservable,22530,0,ᛈᚱᛖᛋᛖᚱᚢᚪᛒᛚᛖ,553
spermophile,22449,0,ᛋᛈᛖᚱᛗᚩᛈᚻᛁᛚᛖ,489
safecracker,22447,0,ᛋᚪᚠᛖᚳᚱᚪᚳᚳᛖᚱ,444
trinobantes,22439,0,ᛏᚱᛁᚾᚩᛒᚪᚾᛏᛖᛋ,503
despoilment,22429,0,ᛞᛖᛋᛈᚩᛁᛚᛗᛖᚾᛏ,589
lactoflavin,22427,0,ᛚᚪᚳᛏᚩᚠᛚᚪᚢᛁᚾ,484
innumerably,22423,0,ᛁᚾᚾᚢᛗᛖᚱᚪᛒᛚᚣ,575
hullaballoo,22392,0,ᚻᚢᛚᛚᚪᛒᚪᛚᛚᚩᚩ,587
houselights,22386,0,ᚻᚩᚢᛋᛖᛚᛁᚷᚻᛏᛋ,409
unflustered,22346,0,ᚢᚾᚠᛚᚢᛋᛏᛖᚱᛖᛞ,456
deprecations,22341,0,ᛞᛖᛈᚱᛖᚳᚪᛏᛡᚾᛋ,635
munchhausen,22313,0,ᛗᚢᚾᚳᚻᚻᚪᚢᛋᛖᚾ,411
accomplisht,22295,0,ᚪᚳᚳᚩᛗᛈᛚᛁᛋᚻᛏ,483
ectomorphic,22261,0,ᛖᚳᛏᚩᛗᚩᚱᛈᚻᛁᚳ,345
operculated,22251,0,ᚩᛈᛖᚱᚳᚢᛚᚪᛏᛖᛞ,529
upstretched,22239,0,ᚢᛈᛋᛏᚱᛖᛏᚳᚻᛖᛞ,487
menstruates,22238,0,ᛗᛖᚾᛋᛏᚱᚢᚪᛏᛖᛋ,569
trencherman,22225,0,ᛏᚱᛖᚾᚳᚻᛖᚱᛗᚪᚾ,477
momentaneous,22224,0,ᛗᚩᛗᛖᚾᛏᚪᚾᛇᚢᛋ,527
applicatory,22214,0,ᚪᛈᛈᛚᛁᚳᚪᛏᚩᚱᚣ,577
greenockite,22156,0,ᚷᚱᛖᛖᚾᚩᚳᚳᛁᛏᛖ,381
lambrequins,22139,0,ᛚᚪᛗᛒᚱᛖᚳᚹᛁᚾᛋ,525
battledores,22138,0,ᛒᚪᛏᛏᛚᛖᛞᚩᚱᛖᛋ,643
disembogues,22104,0,ᛞᛁᛋᛖᛗᛒᚩᚷᚢᛖᛋ,519
infortunate,22083,0,ᛁᚾᚠᚩᚱᛏᚢᚾᚪᛏᛖ,394
gratulatory,22079,0,ᚷᚱᚪᛏᚢᛚᚪᛏᚩᚱᚣ,537
chiffoniers,22063,0,ᚳᚻᛁᚠᚠᚩᚾᛁᛖᚱᛋ,269
centrarchid,22037,0,ᚳᛖᚾᛏᚱᚪᚱᚳᚻᛁᛞ,443
whitewashes,22034,0,ᚹᚻᛁᛏᛖᚹᚪᛋᚻᛖᛋ,511
cotoneasters,22009,0,ᚳᚩᛏᚩᚾᛠᛋᛏᛖᚱᛋ,467
afterpieces,22002,0,ᚪᚠᛏᛖᚱᛈᛁᛖᚳᛖᛋ,510
recriminating,22001,0,ᚱᛖᚳᚱᛁᛗᛁᚾᚪᛏᛝ,499
domiciliation,22000,0,ᛞᚩᛗᛁᚳᛁᛚᛡᛏᛡᚾ,617
perseverant,21990,0,ᛈᛖᚱᛋᛖᚢᛖᚱᚪᚾᛏ,507
unessentials,21958,0,ᚢᚾᛖᛋᛋᛖᚾᛏᛡᛚᛋ,593
reconditions,21924,0,ᚱᛖᚳᚩᚾᛞᛁᛏᛡᚾᛋ,495
pycnogonids,21912,0,ᛈᚣᚳᚾᚩᚷᚩᚾᛁᛞᛋ,421
advertently,21900,0,ᚪᛞᚢᛖᚱᛏᛖᚾᛏᛚᚣ,657
allomorphic,21891,0,ᚪᛚᛚᚩᛗᚩᚱᛈᚻᛁᚳ,449
exuberances,21872,0,ᛖᛉᚢᛒᛖᚱᚪᚾᚳᛖᛋ,515
euphoniously,21853,0,ᛖᚢᛈᚻᚩᚾᛡᚢᛋᛚᚣ,511
mendelevium,21835,0,ᛗᛖᚾᛞᛖᛚᛖᚢᛁᚢᛗ,571
somniferous,21831,0,ᛋᚩᛗᚾᛁᚠᛖᚱᚩᚢᛋ,334
jitterbugging,21794,0,ᛂᛁᛏᛏᛖᚱᛒᚢᚷᚷᛝ,441
undedicated,21775,0,ᚢᚾᛞᛖᛞᛁᚳᚪᛏᛖᛞ,633
agreeability,21768,0,ᚪᚷᚱᛖᛠᛒᛁᛚᛁᛏᚣ,659
declinature,21753,0,ᛞᛖᚳᛚᛁᚾᚪᛏᚢᚱᛖ,539
roundedness,21748,0,ᚱᚩᚢᚾᛞᛖᛞᚾᛖᛋᛋ,497
unregretted,21716,0,ᚢᚾᚱᛖᚷᚱᛖᛏᛏᛖᛞ,479
lammergeier,21716,0,ᛚᚪᛗᛗᛖᚱᚷᛖᛁᛖᚱ,583
eviscerates,21685,0,ᛖᚢᛁᛋᚳᛖᚱᚪᛏᛖᛋ,521
hobbyhorses,21681,0,ᚻᚩᛒᛒᚣᚻᚩᚱᛋᛖᛋ,469
demodulates,21646,0,ᛞᛖᛗᚩᛞᚢᛚᚪᛏᛖᛋ,675
rationalises,21644,0,ᚱᚪᛏᛡᚾᚪᛚᛁᛋᛖᛋ,677
harquebuses,21588,0,ᚻᚪᚱᚳᚹᛖᛒᚢᛋᛖᛋ,467
invigorator,21570,0,ᛁᚾᚢᛁᚷᚩᚱᚪᛏᚩᚱ,303
quadrillions,21561,0,ᚳᚹᚪᛞᚱᛁᛚᛚᛡᚾᛋ,595
photoengraver,21502,0,ᛈᚻᚩᛏᛟᛝᚱᚪᚢᛖᚱ,483
spoonerisms,21500,0,ᛋᛈᚩᚩᚾᛖᚱᛁᛋᛗᛋ,425
sidewheeler,21475,0,ᛋᛁᛞᛖᚹᚻᛖᛖᛚᛖᚱ,567
speechmaker,21474,0,ᛋᛈᛖᛖᚳᚻᛗᚪᚳᛖᚱ,525
unexcitable,21467,0,ᚢᚾᛖᛉᚳᛁᛏᚪᛒᛚᛖ,547
retrorocket,21427,0,ᚱᛖᛏᚱᚩᚱᚩᚳᚳᛖᛏ,325
unequitable,21414,0,ᚢᚾᛖᚳᚹᛁᛏᚪᛒᛚᛖ,519
standstills,21403,0,ᛋᛏᚪᚾᛞᛋᛏᛁᛚᛚᛋ,669
conversible,21401,0,ᚳᚩᚾᚢᛖᚱᛋᛁᛒᛚᛖ,415
contumelies,21391,0,ᚳᚩᚾᛏᚢᛗᛖᛚᛁᛖᛋ,473
noncyclical,21384,0,ᚾᚩᚾᚳᚣᚳᛚᛁᚳᚪᛚ,481
crossbowman,21378,0,ᚳᚱᚩᛋᛋᛒᚩᚹᛗᚪᚾ,421
prizefights,21318,0,ᛈᚱᛁᛋᛖᚠᛁᚷᚻᛏᛋ,390
concernedly,21312,0,ᚳᚩᚾᚳᛖᚱᚾᛖᛞᛚᚣ,501
extravasate,21299,0,ᛖᛉᛏᚱᚪᚢᚪᛋᚪᛏᛖ,657
knuckleheads,21268,0,ᚳᚾᚢᚳᚳᛚᛖᚻᛠᛞᛋ,485
cheiroptera,21264,0,ᚳᚻᛖᛁᚱᚩᛈᛏᛖᚱᚪ,429
heliogravure,21163,0,ᚻᛖᛚᛡᚷᚱᚪᚢᚢᚱᛖ,479
metagenesis,21145,0,ᛗᛖᛏᚪᚷᛖᚾᛖᛋᛁᛋ,611
northwesters,21120,0,ᚾᚩᚱᚦᚹᛖᛋᛏᛖᚱᛋ,381
liberalisms,21022,0,ᛚᛁᛒᛖᚱᚪᛚᛁᛋᛗᛋ,621
intrinsical,21019,0,ᛁᚾᛏᚱᛁᚾᛋᛁᚳᚪᛚ,457
unthoughtful,20998,0,ᚢᚾᚦᚩᚢᚷᚻᛏᚠᚢᛚ,224
trombiculid,20980,0,ᛏᚱᚩᛗᛒᛁᚳᚢᛚᛁᛞ,449
glaciologist,20980,0,ᚷᛚᚪᚳᛡᛚᚩᚷᛁᛋᛏ,547
masculinize,20961,0,ᛗᚪᛋᚳᚢᛚᛁᚾᛁᛋᛖ,521
vaingloriously,20951,0,ᚢᚪᛝᛚᚩᚱᛡᚢᛋᛚᚣ,609
reluctivity,20935,0,ᚱᛖᛚᚢᚳᛏᛁᚢᛁᛏᚣ,453
ornithischian,20921,0,ᚩᚱᚾᛁᚦᛁᛋᚳᚻᛡᚾ,339
overgarment,20917,0,ᚩᚢᛖᚱᚷᚪᚱᛗᛖᚾᛏ,439
invigilator,20905,0,ᛁᚾᚢᛁᚷᛁᛚᚪᛏᚩᚱ,389
alpenstocks,20904,0,ᚪᛚᛈᛖᚾᛋᛏᚩᚳᚳᛋ,507
spinsterish,20852,0,ᛋᛈᛁᚾᛋᛏᛖᚱᛁᛋᚻ,453
undershoots,20834,0,ᚢᚾᛞᛖᚱᛋᚻᚩᚩᛏᛋ,401
repugnances,20827,0,ᚱᛖᛈᚢᚷᚾᚪᚾᚳᛖᛋ,429
winepresses,20771,0,ᚹᛁᚾᛖᛈᚱᛖᛋᛋᛖᛋ,493
gastronomes,20757,0,ᚷᚪᛋᛏᚱᚩᚾᚩᛗᛖᛋ,471
decapitates,20756,0,ᛞᛖᚳᚪᛈᛁᛏᚪᛏᛖᛋ,675
barnstormed,20749,0,ᛒᚪᚱᚾᛋᛏᚩᚱᛗᛖᛞ,555
cottonmouths,20715,0,ᚳᚩᛏᛏᚩᚾᛗᚩᚢᚦᛋ,313
tenderizers,20705,0,ᛏᛖᚾᛞᛖᚱᛁᛋᛖᚱᛋ,537
serologists,20685,0,ᛋᛖᚱᚩᛚᚩᚷᛁᛋᛏᛋ,431
archaically,20684,0,ᚪᚱᚳᚻᚪᛁᚳᚪᛚᛚᚣ,631
killifishes,20665,0,ᚳᛁᛚᛚᛁᚠᛁᛋᚻᛖᛋ,450
brilliancies,20665,0,ᛒᚱᛁᛚᛚᛡᚾᚳᛁᛖᛋ,549
autogenetic,20657,0,ᚪᚢᛏᚩᚷᛖᚾᛖᛏᛁᚳ,449
rebarbative,20652,0,ᚱᛖᛒᚪᚱᛒᚪᛏᛁᚢᛖ,565
monogamists,20610,0,ᛗᚩᚾᚩᚷᚪᛗᛁᛋᛏᛋ,495
pomposities,20596,0,ᛈᚩᛗᛈᚩᛋᛁᛏᛁᛖᛋ,465
commandeers,20585,0,ᚳᚩᛗᛗᚪᚾᛞᛖᛖᚱᛋ,575
coexistences,20584,0,ᚳᛟᛉᛁᛋᛏᛖᚾᚳᛖᛋ,515
discreetest,20520,0,ᛞᛁᛋᚳᚱᛖᛖᛏᛖᛋᛏ,569
perpetuator,20481,0,ᛈᛖᚱᛈᛖᛏᚢᚪᛏᚩᚱ,467
redisplayed,20456,0,ᚱᛖᛞᛁᛋᛈᛚᚪᚣᛖᛞ,723
colloquiums,20448,0,ᚳᚩᛚᛚᚩᚳᚹᛁᚢᛗᛋ,363
defacements,20445,0,ᛞᛖᚠᚪᚳᛖᛗᛖᚾᛏᛋ,614
inadvisedly,20434,0,ᛁᚾᚪᛞᚢᛁᛋᛖᛞᛚᚣ,665
aggravatingly,20425,0,ᚪᚷᚷᚱᚪᚢᚪᛏᛝᛚᚣ,653
tastelessly,20395,0,ᛏᚪᛋᛏᛖᛚᛖᛋᛋᛚᚣ,757
reschedules,20395,0,ᚱᛖᛋᚳᚻᛖᛞᚢᛚᛖᛋ,519
illiberally,20387,0,ᛁᛚᛚᛁᛒᛖᚱᚪᛚᛚᚣ,693
populariser,20385,0,ᛈᚩᛈᚢᛚᚪᚱᛁᛋᛖᚱ,439
editorships,20356,0,ᛖᛞᛁᛏᚩᚱᛋᚻᛁᛈᛋ,467
ephemerally,20340,0,ᛖᛈᚻᛖᛗᛖᚱᚪᛚᛚᚣ,695
sprightlier,20333,0,ᛋᛈᚱᛁᚷᚻᛏᛚᛁᛖᚱ,419
chicaneries,20292,0,ᚳᚻᛁᚳᚪᚾᛖᚱᛁᛖᛋ,435
nonsymbiotic,20247,0,ᚾᚩᚾᛋᚣᛗᛒᛡᛏᛁᚳ,563
adverseness,20222,0,ᚪᛞᚢᛖᚱᛋᛖᚾᛖᛋᛋ,589
greengrocery,20217,0,ᚷᚱᛖᛖᛝᚱᚩᚳᛖᚱᚣ,453
comediennes,20202,0,ᚳᚩᛗᛖᛞᛁᛖᚾᚾᛖᛋ,523
architeuthis,20197,0,ᚪᚱᚳᚻᛁᛏᛖᚢᚦᛁᛋ,393
foppishness,20178,0,ᚠᚩᛈᛈᛁᛋᚻᚾᛖᛋᛋ,404
carbuncular,20177,0,ᚳᚪᚱᛒᚢᚾᚳᚢᛚᚪᚱ,411
bloodshedding,20159,0,ᛒᛚᚩᚩᛞᛋᚻᛖᛞᛞᛝ,637
devastators,20137,0,ᛞᛖᚢᚪᛋᛏᚪᛏᚩᚱᛋ,595
steerageway,20100,0,ᛋᛏᛖᛖᚱᚪᚷᛖᚹᚪᚣ,657
mammalogist,20097,0,ᛗᚪᛗᛗᚪᛚᚩᚷᛁᛋᛏ,647
reactiveness,20074,0,ᚱᛠᚳᛏᛁᚢᛖᚾᛖᛋᛋ,495
glassworker,20055,0,ᚷᛚᚪᛋᛋᚹᚩᚱᚳᛖᚱ,421
centerfolds,20040,0,ᚳᛖᚾᛏᛖᚱᚠᚩᛚᛞᛋ,470
indigestions,20039,0,ᛁᚾᛞᛁᚷᛖᛋᛏᛡᚾᛋ,565
wirepullers,20030,0,ᚹᛁᚱᛖᛈᚢᛚᛚᛖᚱᛋ,451
husbandlike,20021,0,ᚻᚢᛋᛒᚪᚾᛞᛚᛁᚳᛖ,539
garrulously,20007,0,ᚷᚪᚱᚱᚢᛚᚩᚢᛋᛚᚣ,451
forgetfully,19979,0,ᚠᚩᚱᚷᛖᛏᚠᚢᛚᛚᚣ,417
drainboards,19975,0,ᛞᚱᚪᛁᚾᛒᚩᚪᚱᛞᛋ,575
inosculation,19940,0,ᛁᚾᚩᛋᚳᚢᛚᚪᛏᛡᚾ,501
heteroclite,19918,0,ᚻᛖᛏᛖᚱᚩᚳᛚᛁᛏᛖ,477
cummerbunds,19910,0,ᚳᚢᛗᛗᛖᚱᛒᚢᚾᛞᛋ,471
leatherjacket,19828,0,ᛚᛠᚦᛖᚱᛂᚪᚳᚳᛖᛏ,551
promptbooks,19821,0,ᛈᚱᚩᛗᛈᛏᛒᚩᚩᚳᛋ,375
credulities,19817,0,ᚳᚱᛖᛞᚢᛚᛁᛏᛁᛖᛋ,497
dicynodonts,19801,0,ᛞᛁᚳᚣᚾᚩᛞᚩᚾᛏᛋ,509
cryptograph,19746,1,ᚳᚱᚣᛈᛏᚩᚷᚱᚪᛈᚻ,427
harpooneers,19709,0,ᚻᚪᚱᛈᚩᚩᚾᛖᛖᚱᛋ,415
unstoppably,19708,0,ᚢᚾᛋᛏᚩᛈᛈᚪᛒᛚᚣ,571
fidgetiness,19704,0,ᚠᛁᛞᚷᛖᛏᛁᚾᛖᛋᛋ,498
prickliness,19700,0,ᛈᚱᛁᚳᚳᛚᛁᚾᛖᛋᛋ,417
acclimatising,19685,0,ᚪᚳᚳᛚᛁᛗᚪᛏᛁᛋᛝ,617
heretically,19674,0,ᚻᛖᚱᛖᛏᛁᚳᚪᛚᛚᚣ,617
sphalerites,19659,0,ᛋᛈᚻᚪᛚᛖᚱᛁᛏᛖᛋ,577
craftswoman,19651,0,ᚳᚱᚪᚠᛏᛋᚹᚩᛗᚪᚾ,458
symphonists,19636,0,ᛋᚣᛗᛈᚻᚩᚾᛁᛋᛏᛋ,525
circularise,19634,0,ᚳᛁᚱᚳᚢᛚᚪᚱᛁᛋᛖ,403
somatogenic,19625,0,ᛋᚩᛗᚪᛏᚩᚷᛖᚾᛁᚳ,451
unmitigable,19601,0,ᚢᚾᛗᛁᛏᛁᚷᚪᛒᛚᛖ,539
trestlework,19598,0,ᛏᚱᛖᛋᛏᛚᛖᚹᚩᚱᚳ,439
hurtfulness,19547,0,ᚻᚢᚱᛏᚠᚢᛚᚾᛖᛋᛋ,376
largehearted,19535,0,ᛚᚪᚱᚷᛖᚻᛠᚱᛏᛖᛞ,623
sottishness,19533,0,ᛋᚩᛏᛏᛁᛋᚻᚾᛖᛋᛋ,487
vulcanology,19515,0,ᚢᚢᛚᚳᚪᚾᚩᛚᚩᚷᚣ,425
serenissimo,19493,0,ᛋᛖᚱᛖᚾᛁᛋᛋᛁᛗᚩ,473
zinnwaldite,19488,0,ᛋᛁᚾᚾᚹᚪᛚᛞᛁᛏᛖ,577
arbitragers,19465,0,ᚪᚱᛒᛁᛏᚱᚪᚷᛖᚱᛋ,515
chockablock,19453,0,ᚳᚻᚩᚳᚳᚪᛒᛚᚩᚳᚳ,333
incunabulum,19440,0,ᛁᚾᚳᚢᚾᚪᛒᚢᛚᚢᛗ,413
misremember,19439,0,ᛗᛁᛋᚱᛖᛗᛖᛗᛒᛖᚱ,581
unchildlike,19396,0,ᚢᚾᚳᚻᛁᛚᛞᛚᛁᚳᛖ,445
satanically,19386,0,ᛋᚪᛏᚪᚾᛁᚳᚪᛚᛚᚣ,725
unreluctant,19371,0,ᚢᚾᚱᛖᛚᚢᚳᛏᚪᚾᛏ,443
mollycoddling,19336,0,ᛗᚩᛚᛚᚣᚳᚩᛞᛞᛚᛝ,677
embossments,19333,0,ᛖᛗᛒᚩᛋᛋᛗᛖᚾᛏᛋ,591
celebrators,19318,0,ᚳᛖᛚᛖᛒᚱᚪᛏᚩᚱᛋ,519
pandaemonium,19305,0,ᛈᚪᚾᛞᚫᛗᚩᚾᛁᚢᛗ,571
whitethroats,19298,0,ᚹᚻᛁᛏᛖᚦᚱᚩᚪᛏᛋ,431
nonpurulent,19291,0,ᚾᚩᚾᛈᚢᚱᚢᛚᛖᚾᛏ,353
artilleries,19257,0,ᚪᚱᛏᛁᛚᛚᛖᚱᛁᛖᛋ,573
thoroughwort,19252,0,ᚦᚩᚱᚩᚢᚷᚻᚹᚩᚱᛏ,169
soliloquising,19241,0,ᛋᚩᛚᛁᛚᚩᚳᚹᛁᛋᛝ,439
blindnesses,19225,0,ᛒᛚᛁᚾᛞᚾᛖᛋᛋᛖᛋ,605
clotheshorse,19208,0,ᚳᛚᚩᚦᛖᛋᚻᚩᚱᛋᛖ,379
tiddlywinks,19198,0,ᛏᛁᛞᛞᛚᚣᚹᛁᚾᚳᛋ,589
moonlighter,19198,0,ᛗᚩᚩᚾᛚᛁᚷᚻᛏᛖᚱ,395
volleyballs,19195,0,ᚢᚩᛚᛚᛖᚣᛒᚪᛚᛚᛋ,683
powerlessly,19185,0,ᛈᚩᚹᛖᚱᛚᛖᛋᛋᛚᚣ,569
pettinesses,19176,0,ᛈᛖᛏᛏᛁᚾᛖᛋᛋᛖᛋ,581
constellate,19152,0,ᚳᚩᚾᛋᛏᛖᛚᛚᚪᛏᛖ,597
conversance,19146,0,ᚳᚩᚾᚢᛖᚱᛋᚪᚾᚳᛖ,389
footlockers,19114,0,ᚠᚩᚩᛏᛚᚩᚳᚳᛖᚱᛋ,312
blatherskite,19089,0,ᛒᛚᚪᚦᛖᚱᛋᚳᛁᛏᛖ,537
superinducing,19064,0,ᛋᚢᛈᛖᚱᛁᚾᛞᚢᚳᛝ,421
reconcilers,19042,0,ᚱᛖᚳᚩᚾᚳᛁᛚᛖᚱᛋ,375
specialistic,19033,0,ᛋᛈᛖᚳᛡᛚᛁᛋᛏᛁᚳ,543
censoriously,19007,0,ᚳᛖᚾᛋᚩᚱᛡᚢᛋᛚᚣ,519
bibliopolist,18978,0,ᛒᛁᛒᛚᛡᛈᚩᛚᛁᛋᛏ,599
anathematise,18977,0,ᚪᚾᚪᚦᛖᛗᚪᛏᛁᛋᛖ,673
encheiridion,18964,0,ᛖᚾᚳᚻᛖᛁᚱᛁᛞᛡᚾ,497
condylarthra,18954,0,ᚳᚩᚾᛞᚣᛚᚪᚱᚦᚱᚪ,535
southernness,18904,0,ᛋᚩᚢᚦᛖᚱᚾᚾᛖᛋᛋ,377
detrainment,18902,0,ᛞᛖᛏᚱᚪᛁᚾᛗᛖᚾᛏ,609
vacuousness,18879,0,ᚢᚪᚳᚢᚩᚢᛋᚾᛖᛋᛋ,381
futuristics,18869,0,ᚠᚢᛏᚢᚱᛁᛋᛏᛁᚳᛋ,318
hackberries,18854,0,ᚻᚪᚳᚳᛒᛖᚱᚱᛁᛖᛋ,447
chatelaines,18849,0,ᚳᚻᚪᛏᛖᛚᚪᛁᚾᛖᛋ,609
redcurrants,18801,0,ᚱᛖᛞᚳᚢᚱᚱᚪᚾᛏᛋ,443
salesladies,18767,0,ᛋᚪᛚᛖᛋᛚᚪᛞᛁᛖᛋ,753
yugoslavians,18753,0,ᚣᚢᚷᚩᛋᛚᚪᚢᛡᚾᛋ,545
extenuations,18750,0,ᛖᛉᛏᛖᚾᚢᚪᛏᛡᚾᛋ,617
ceratopsians,18750,0,ᚳᛖᚱᚪᛏᚩᛈᛋᛡᚾᛋ,539
perseverate,18741,0,ᛈᛖᚱᛋᛖᚢᛖᚱᚪᛏᛖ,545
saltcellars,18740,0,ᛋᚪᛚᛏᚳᛖᛚᛚᚪᚱᛋ,669
chrysalises,18703,0,ᚳᚻᚱᚣᛋᚪᛚᛁᛋᛖᛋ,577
overnighter,18702,0,ᚩᚢᛖᚱᚾᛁᚷᚻᛏᛖᚱ,325
hematogenic,18678,0,ᚻᛖᛗᚪᛏᚩᚷᛖᚾᛁᚳ,481
undividedly,18659,0,ᚢᚾᛞᛁᚢᛁᛞᛖᛞᛚᚣ,607
ozonosphere,18659,0,ᚩᛋᚩᚾᚩᛋᛈᚻᛖᚱᛖ,367
splendorous,18610,0,ᛋᛈᛚᛖᚾᛞᚩᚱᚩᚢᛋ,435
mortgageable,18591,0,ᛗᚩᚱᛏᚷᚪᚷᛠᛒᛚᛖ,589
jinrikishas,18591,0,ᛂᛁᚾᚱᛁᚳᛁᛋᚻᚪᛋ,409
calcinations,18576,0,ᚳᚪᛚᚳᛁᚾᚪᛏᛡᚾᛋ,601
inculcations,18562,0,ᛁᚾᚳᚢᛚᚳᚪᛏᛡᚾᛋ,507
impuissance,18562,0,ᛁᛗᛈᚢᛁᛋᛋᚪᚾᚳᛖ,491
eurypterida,18465,0,ᛖᚢᚱᚣᛈᛏᛖᚱᛁᛞᚪ,581
unsharpened,18451,0,ᚢᚾᛋᚻᚪᚱᛈᛖᚾᛖᛞ,511
astronomies,18440,0,ᚪᛋᛏᚱᚩᚾᚩᛗᛁᛖᛋ,485
probabilist,18408,0,ᛈᚱᚩᛒᚪᛒᛁᛚᛁᛋᛏ,527
currentness,18402,0,ᚳᚢᚱᚱᛖᚾᛏᚾᛖᛋᛋ,395
exclusionism,18387,0,ᛖᛉᚳᛚᚢᛋᛡᚾᛁᛋᛗ,547
widowerhood,18347,0,ᚹᛁᛞᚩᚹᛖᚱᚻᚩᚩᛞ,369
decrepitate,18339,0,ᛞᛖᚳᚱᛖᛈᛁᛏᚪᛏᛖ,603
sympetalous,18310,0,ᛋᚣᛗᛈᛖᛏᚪᛚᚩᚢᛋ,629
patisseries,18287,0,ᛈᚪᛏᛁᛋᛋᛖᚱᛁᛖᛋ,565
undelegated,18281,0,ᚢᚾᛞᛖᛚᛖᚷᚪᛏᛖᛞ,657
hypostatize,18280,0,ᚻᚣᛈᚩᛋᛏᚪᛏᛁᛋᛖ,595
retributory,18270,0,ᚱᛖᛏᚱᛁᛒᚢᛏᚩᚱᚣ,423
bibliomaniacs,18262,0,ᛒᛁᛒᛚᛡᛗᚪᚾᛡᚳᛋ,703
harmonistic,18256,0,ᚻᚪᚱᛗᚩᚾᛁᛋᛏᛁᚳ,425
commentated,18250,0,ᚳᚩᛗᛗᛖᚾᛏᚪᛏᛖᛞ,629
phariseeism,18232,0,ᛈᚻᚪᚱᛁᛋᛖᛖᛁᛋᛗ,547
cliffhangers,18220,0,ᚳᛚᛁᚠᚠᚻᚪᛝᛖᚱᛋ,451
disservices,18188,0,ᛞᛁᛋᛋᛖᚱᚢᛁᚳᛖᛋ,471
extraneously,18184,0,ᛖᛉᛏᚱᚪᚾᛇᚢᛋᛚᚣ,583
enlivenment,18158,0,ᛖᚾᛚᛁᚢᛖᚾᛗᛖᚾᛏ,525
packsaddles,18156,0,ᛈᚪᚳᚳᛋᚪᛞᛞᛚᛖᛋ,687
intermezzos,18107,0,ᛁᚾᛏᛖᚱᛗᛖᛋᛋᚩᛋ,501
machairodus,18104,0,ᛗᚪᚳᚻᚪᛁᚱᚩᛞᚢᛋ,495
anastigmats,18100,0,ᚪᚾᚪᛋᛏᛁᚷᛗᚪᛏᛋ,663
confutations,18077,0,ᚳᚩᚾᚠᚢᛏᚪᛏᛡᚾᛋ,458
goaltenders,18011,0,ᚷᚩᚪᛚᛏᛖᚾᛞᛖᚱᛋ,569
syllabicity,17996,0,ᛋᚣᛚᛚᚪᛒᛁᚳᛁᛏᚣ,697
fanfaronade,17992,0,ᚠᚪᚾᚠᚪᚱᚩᚾᚪᛞᛖ,527
hardwareman,17990,0,ᚻᚪᚱᛞᚹᚪᚱᛖᛗᚪᚾ,611
murderesses,17987,0,ᛗᚢᚱᛞᛖᚱᛖᛋᛋᛖᛋ,545
bibliophilic,17983,0,ᛒᛁᛒᛚᛡᛈᚻᛁᛚᛁᚳ,547
inscriptive,17973,0,ᛁᚾᛋᚳᚱᛁᛈᛏᛁᚢᛖ,371
horsekeeper,17963,0,ᚻᚩᚱᛋᛖᚳᛖᛖᛈᛖᚱ,429
equivocator,17958,0,ᛖᚳᚹᛁᚢᚩᚳᚪᛏᚩᚱ,327
unshattered,17917,0,ᚢᚾᛋᚻᚪᛏᛏᛖᚱᛖᛞ,557
aggrandised,17911,0,ᚪᚷᚷᚱᚪᚾᛞᛁᛋᛖᛞ,597
belowstairs,17858,0,ᛒᛖᛚᚩᚹᛋᛏᚪᛁᚱᛋ,531
elucidative,17855,0,ᛖᛚᚢᚳᛁᛞᚪᛏᛁᚢᛖ,533
procuresses,17852,0,ᛈᚱᚩᚳᚢᚱᛖᛋᛋᛖᛋ,381
perfectives,17828,0,ᛈᛖᚱᚠᛖᚳᛏᛁᚢᛖᛋ,416
pejoratives,17824,0,ᛈᛖᛂᚩᚱᚪᛏᛁᚢᛖᛋ,475
cheerlessly,17824,0,ᚳᚻᛖᛖᚱᛚᛖᛋᛋᛚᚣ,603
palatalised,17782,0,ᛈᚪᛚᚪᛏᚪᛚᛁᛋᛖᛞ,779
perspirable,17777,0,ᛈᛖᚱᛋᛈᛁᚱᚪᛒᛚᛖ,557
streetwalking,17774,0,ᛋᛏᚱᛖᛖᛏᚹᚪᛚᚳᛝ,597
immaterially,17769,0,ᛁᛗᛗᚪᛏᛖᚱᛡᛚᛚᚣ,763
incompliance,17765,0,ᛁᚾᚳᚩᛗᛈᛚᛡᚾᚳᛖ,483
mayoralties,17754,0,ᛗᚪᚣᚩᚱᚪᛚᛏᛁᛖᛋ,669
phenylamine,17742,0,ᛈᚻᛖᚾᚣᛚᚪᛗᛁᚾᛖ,633
cleistogamy,17737,0,ᚳᛚᛖᛁᛋᛏᚩᚷᚪᛗᚣ,591
cachinnation,17737,0,ᚳᚪᚳᚻᛁᚾᚾᚪᛏᛡᚾ,527
chalcanthite,17721,0,ᚳᚻᚪᛚᚳᚪᚾᚦᛁᛏᛖ,507
semideserts,17657,0,ᛋᛖᛗᛁᛞᛖᛋᛖᚱᛏᛋ,621
unforbidden,17633,0,ᚢᚾᚠᚩᚱᛒᛁᛞᛞᛖᚾ,418
infinitudes,17584,0,ᛁᚾᚠᛁᚾᛁᛏᚢᛞᛖᛋ,424
paramagnets,17547,0,ᛈᚪᚱᚪᛗᚪᚷᚾᛖᛏᛋ,641
dehiscences,17539,0,ᛞᛖᚻᛁᛋᚳᛖᚾᚳᛖᛋ,505
repentantly,17538,0,ᚱᛖᛈᛖᚾᛏᚪᚾᛏᛚᚣ,637
rollerskating,17523,0,ᚱᚩᛚᛚᛖᚱᛋᚳᚪᛏᛝ,543
rediscussed,17488,0,ᚱᛖᛞᛁᛋᚳᚢᛋᛋᛖᛞ,529
sipunculids,17481,0,ᛋᛁᛈᚢᚾᚳᚢᛚᛁᛞᛋ,421
frustrative,17478,0,ᚠᚱᚢᛋᛏᚱᚪᛏᛁᚢᛖ,396
insalivation,17471,0,ᛁᚾᛋᚪᛚᛁᚢᚪᛏᛡᚾ,609
prussianized,17470,0,ᛈᚱᚢᛋᛋᛡᚾᛁᛋᛖᛞ,539
bradycardias,17433,0,ᛒᚱᚪᛞᚣᚳᚪᚱᛞᛡᛋ,731
avariciously,17423,0,ᚪᚢᚪᚱᛁᚳᛡᚢᛋᛚᚣ,591
stubbornest,17411,0,ᛋᛏᚢᛒᛒᚩᚱᚾᛖᛋᛏ,463
umbellifers,17406,0,ᚢᛗᛒᛖᛚᛚᛁᚠᛖᚱᛋ,512
unrespected,17404,0,ᚢᚾᚱᛖᛋᛈᛖᚳᛏᛖᛞ,501
averroistic,17400,0,ᚪᚢᛖᚱᚱᚩᛁᛋᛏᛁᚳ,383
endodontist,17376,0,ᛖᚾᛞᚩᛞᚩᚾᛏᛁᛋᛏ,519
undecidedly,17364,0,ᚢᚾᛞᛖᚳᛁᛞᛖᛞᛚᚣ,653
paradoxurus,17347,0,ᛈᚪᚱᚪᛞᚩᛉᚢᚱᚢᛋ,461
astrologist,17338,0,ᚪᛋᛏᚱᚩᛚᚩᚷᛁᛋᛏ,467
pretendedly,17302,0,ᛈᚱᛖᛏᛖᚾᛞᛖᛞᛚᚣ,697
lucratively,17294,0,ᛚᚢᚳᚱᚪᛏᛁᚢᛖᛚᚣ,533
roughriders,17282,0,ᚱᚩᚢᚷᚻᚱᛁᛞᛖᚱᛋ,323
rifacimento,17273,0,ᚱᛁᚠᚪᚳᛁᛗᛖᚾᛏᚩ,418
highbinders,17255,0,ᚻᛁᚷᚻᛒᛁᚾᛞᛖᚱᛋ,435
remunerates,17253,0,ᚱᛖᛗᚢᚾᛖᚱᚪᛏᛖᛋ,535
cyprinodont,17252,0,ᚳᚣᛈᚱᛁᚾᚩᛞᚩᚾᛏ,421
orthopterans,17211,0,ᚩᚱᚦᚩᛈᛏᛖᚱᚪᚾᛋ,389
sexlessness,17206,0,ᛋᛖᛉᛚᛖᛋᛋᚾᛖᛋᛋ,615
uncompelled,17202,0,ᚢᚾᚳᚩᛗᛈᛖᛚᛚᛖᛞ,535
anisometric,17199,0,ᚪᚾᛁᛋᚩᛗᛖᛏᚱᛁᚳ,469
tormentilla,17194,0,ᛏᚩᚱᛗᛖᚾᛏᛁᛚᛚᚪ,577
perviousness,17176,0,ᛈᛖᚱᚢᛡᚢᛋᚾᛖᛋᛋ,489
overfamiliar,17156,0,ᚩᚢᛖᚱᚠᚪᛗᛁᛚᛡᚱ,480
retinospora,17154,0,ᚱᛖᛏᛁᚾᚩᛋᛈᚩᚱᚪ,415
weatherstrips,17129,0,ᚹᛠᚦᛖᚱᛋᛏᚱᛁᛈᛋ,461
astronautic,17125,0,ᚪᛋᛏᚱᚩᚾᚪᚢᛏᛁᚳ,459
exercitation,17100,0,ᛖᛉᛖᚱᚳᛁᛏᚪᛏᛡᚾ,587
eradicators,17083,0,ᛖᚱᚪᛞᛁᚳᚪᛏᚩᚱᛋ,535
unplausible,17066,0,ᚢᚾᛈᛚᚪᚢᛋᛁᛒᛚᛖ,533
endogenetic,17064,0,ᛖᚾᛞᚩᚷᛖᚾᛖᛏᛁᚳ,475
redecorates,17063,0,ᚱᛖᛞᛖᚳᚩᚱᚪᛏᛖᛋ,541
heavenliness,17028,0,ᚻᛠᚢᛖᚾᛚᛁᚾᛖᛋᛋ,537
myringoplasty,17026,0,ᛗᚣᚱᛝᚩᛈᛚᚪᛋᛏᚣ,699
unperplexed,17016,0,ᚢᚾᛈᛖᚱᛈᛚᛖᛉᛖᛞ,539
aspidistras,16989,0,ᚪᛋᛈᛁᛞᛁᛋᛏᚱᚪᛋ,617
tracklayers,16988,0,ᛏᚱᚪᚳᚳᛚᚪᚣᛖᚱᛋ,597
scapegraces,16963,0,ᛋᚳᚪᛈᛖᚷᚱᚪᚳᛖᛋ,531
marrowbones,16960,0,ᛗᚪᚱᚱᚩᚹᛒᚩᚾᛖᛋ,433
benzofurans,16912,0,ᛒᛖᚾᛋᚩᚠᚢᚱᚪᚾᛋ,412
blackguarding,16907,0,ᛒᛚᚪᚳᚳᚷᚢᚪᚱᛞᛝ,553
reencounter,16896,0,ᚱᛖᛖᚾᚳᚩᚢᚾᛏᛖᚱ,363
wholesomest,16863,0,ᚹᚻᚩᛚᛖᛋᚩᛗᛖᛋᛏ,499
impassionate,16853,0,ᛁᛗᛈᚪᛋᛋᛡᚾᚪᛏᛖ,707
autodidacts,16847,0,ᚪᚢᛏᚩᛞᛁᛞᚪᚳᛏᛋ,597
quiescently,16842,0,ᚳᚹᛁᛖᛋᚳᛖᚾᛏᛚᚣ,527
schoolmarms,16824,0,ᛋᚳᚻᚩᚩᛚᛗᚪᚱᛗᛋ,479
intertangled,16823,0,ᛁᚾᛏᛖᚱᛏᚪᛝᛚᛖᛞ,661
scepticisms,16811,0,ᛋᚳᛖᛈᛏᛁᚳᛁᛋᛗᛋ,487
extemporise,16793,0,ᛖᛉᛏᛖᛗᛈᚩᚱᛁᛋᛖ,523
butterfingers,16777,0,ᛒᚢᛏᛏᛖᚱᚠᛝᛖᚱᛋ,472
strikebound,16718,0,ᛋᛏᚱᛁᚳᛖᛒᚩᚢᚾᛞ,423
megaloblast,16711,0,ᛗᛖᚷᚪᛚᚩᛒᛚᚪᛋᛏ,675
romanesques,16708,0,ᚱᚩᛗᚪᚾᛖᛋᚳᚹᛖᛋ,487
villanously,16660,0,ᚢᛁᛚᛚᚪᚾᚩᚢᛋᛚᚣ,545
polygonally,16633,0,ᛈᚩᛚᚣᚷᚩᚾᚪᛚᛚᚣ,625
agelessness,16609,0,ᚪᚷᛖᛚᛖᛋᛋᚾᛖᛋᛋ,629
confiscable,16595,0,ᚳᚩᚾᚠᛁᛋᚳᚪᛒᛚᛖ,446
harmonizers,16570,0,ᚻᚪᚱᛗᚩᚾᛁᛋᛖᚱᛋ,453
heterospory,16548,0,ᚻᛖᛏᛖᚱᚩᛋᛈᚩᚱᚣ,451
blackberrying,16516,0,ᛒᛚᚪᚳᚳᛒᛖᚱᚱᚣᛝ,589
pedodontist,16510,0,ᛈᛖᛞᚩᛞᚩᚾᛏᛁᛋᛏ,533
successless,16499,0,ᛋᚢᚳᚳᛖᛋᛋᛚᛖᛋᛋ,501
ensorcelled,16498,0,ᛖᚾᛋᚩᚱᚳᛖᛚᛚᛖᛞ,549
protagonism,16489,0,ᛈᚱᚩᛏᚪᚷᚩᚾᛁᛋᛗ,425
desecrators,16489,0,ᛞᛖᛋᛖᚳᚱᚪᛏᚩᚱᛋ,527
reallotments,16488,0,ᚱᛠᛚᛚᚩᛏᛗᛖᚾᛏᛋ,611
decipherers,16483,1,ᛞᛖᚳᛁᛈᚻᛖᚱᛖᚱᛋ,475
continuable,16480,0,ᚳᚩᚾᛏᛁᚾᚢᚪᛒᛚᛖ,469
patelliform,16459,0,ᛈᚪᛏᛖᛚᛚᛁᚠᚩᚱᛗ,534
overrefined,16459,0,ᚩᚢᛖᚱᚱᛖᚠᛁᚾᛖᛞ,384
osteomalacic,16455,0,ᚩᛋᛏᛇᛗᚪᛚᚪᚳᛁᚳ,555
euplectella,16431,0,ᛖᚢᛈᛚᛖᚳᛏᛖᛚᛚᚪ,635
spokeswomen,16417,0,ᛋᛈᚩᚳᛖᛋᚹᚩᛗᛖᚾ,429
lingonberries,16381,0,ᛚᛝᚩᚾᛒᛖᚱᚱᛁᛖᛋ,489
teacherships,16367,0,ᛏᛠᚳᚻᛖᚱᛋᚻᛁᛈᛋ,485
bastardised,16346,0,ᛒᚪᛋᛏᚪᚱᛞᛁᛋᛖᛞ,707
marshalship,16323,0,ᛗᚪᚱᛋᚻᚪᛚᛋᚻᛁᛈ,575
fatherliness,16316,0,ᚠᚪᚦᛖᚱᛚᛁᚾᛖᛋᛋ,488
extensionist,16316,0,ᛖᛉᛏᛖᚾᛋᛡᚾᛁᛋᛏ,601
purgatories,16305,0,ᛈᚢᚱᚷᚪᛏᚩᚱᛁᛖᛋ,399
combatively,16305,0,ᚳᚩᛗᛒᚪᛏᛁᚢᛖᛚᚣ,585
unequalized,16236,0,ᚢᚾᛖᚳᚹᚪᛚᛁᛋᛖᛞ,541
clericalist,16226,0,ᚳᛚᛖᚱᛁᚳᚪᛚᛁᛋᛏ,521
coneflowers,16218,0,ᚳᚩᚾᛖᚠᛚᚩᚹᛖᚱᛋ,348
gloriousness,16214,0,ᚷᛚᚩᚱᛡᚢᛋᚾᛖᛋᛋ,473
invigilation,16182,0,ᛁᚾᚢᛁᚷᛁᛚᚪᛏᛡᚾ,507
servantless,16173,0,ᛋᛖᚱᚢᚪᚾᛏᛚᛖᛋᛋ,565
autochthonic,16168,0,ᚪᚢᛏᚩᚳᚻᚦᚩᚾᛁᚳ,287
immortalising,16166,0,ᛁᛗᛗᚩᚱᛏᚪᛚᛁᛋᛝ,583
copulatives,16165,0,ᚳᚩᛈᚢᛚᚪᛏᛁᚢᛖᛋ,449
silkscreens,16158,0,ᛋᛁᛚᚳᛋᚳᚱᛖᛖᚾᛋ,463
recordations,16158,0,ᚱᛖᚳᚩᚱᛞᚪᛏᛡᚾᛋ,543
spokeshaves,16130,0,ᛋᛈᚩᚳᛖᛋᚻᚪᚢᛖᛋ,479
ricochetted,16095,0,ᚱᛁᚳᚩᚳᚻᛖᛏᛏᛖᛞ,439
uxoriousness,16091,0,ᚢᛉᚩᚱᛡᚢᛋᚾᛖᛋᛋ,433
illimitably,16072,0,ᛁᛚᛚᛁᛗᛁᛏᚪᛒᛚᚣ,703
entomologic,16072,0,ᛖᚾᛏᚩᛗᚩᛚᚩᚷᛁᚳ,381
circulative,16063,0,ᚳᛁᚱᚳᚢᛚᚪᛏᛁᚢᛖ,401
ceramicists,16049,0,ᚳᛖᚱᚪᛗᛁᚳᛁᛋᛏᛋ,499
hartebeests,16023,0,ᚻᚪᚱᛏᛖᛒᛖᛖᛋᛏᛋ,617
cardiopathies,16016,0,ᚳᚪᚱᛞᛡᛈᚪᚦᛁᛖᛋ,613
palaeobiology,15995,0,ᛈᚪᛚᚫᚩᛒᛡᛚᚩᚷᚣ,689
incinerates,15958,0,ᛁᚾᚳᛁᚾᛖᚱᚪᛏᛖᛋ,487
telephoners,15942,0,ᛏᛖᛚᛖᛈᚻᚩᚾᛖᚱᛋ,499
landaulette,15924,0,ᛚᚪᚾᛞᚪᚢᛚᛖᛏᛏᛖ,713
eternalized,15911,0,ᛖᛏᛖᚱᚾᚪᛚᛁᛋᛖᛞ,643
inalterably,15896,0,ᛁᚾᚪᛚᛏᛖᚱᚪᛒᛚᚣ,701
teenybopper,15860,0,ᛏᛖᛖᚾᚣᛒᚩᛈᛈᛖᚱ,557
approbatory,15812,0,ᚪᛈᛈᚱᚩᛒᚪᛏᚩᚱᚣ,539
stateswoman,15785,0,ᛋᛏᚪᛏᛖᛋᚹᚩᛗᚪᚾ,611
wisecracked,15774,0,ᚹᛁᛋᛖᚳᚱᚪᚳᚳᛖᛞ,473
criminative,15765,0,ᚳᚱᛁᛗᛁᚾᚪᛏᛁᚢᛖ,443
doorknocker,15739,0,ᛞᚩᚩᚱᚳᚾᚩᚳᚳᛖᚱ,267
grotesquery,15728,0,ᚷᚱᚩᛏᛖᛋᚳᚹᛖᚱᚣ,427
calumniously,15721,0,ᚳᚪᛚᚢᛗᚾᛡᚢᛋᛚᚣ,625
crunchiness,15708,0,ᚳᚱᚢᚾᚳᚻᛁᚾᛖᛋᛋ,325
photoengravings,15691,0,ᛈᚻᚩᛏᛟᛝᚱᚪᚢᛝᛋ,537
immedicable,15675,0,ᛁᛗᛗᛖᛞᛁᚳᚪᛒᛚᛖ,671
bedevilment,15671,0,ᛒᛖᛞᛖᚢᛁᛚᛗᛖᚾᛏ,617
summersault,15654,0,ᛋᚢᛗᛗᛖᚱᛋᚪᚢᛚᛏ,561
hippodromes,15644,0,ᚻᛁᛈᛈᚩᛞᚱᚩᛗᛖᛋ,445
irresoluble,15640,0,ᛁᚱᚱᛖᛋᚩᛚᚢᛒᛚᛖ,457
unobjective,15614,0,ᚢᚾᚩᛒᛂᛖᚳᛏᛁᚢᛖ,377
captivatingly,15565,0,ᚳᚪᛈᛏᛁᚢᚪᛏᛝᛚᚣ,657
depravations,15553,0,ᛞᛖᛈᚱᚪᚢᚪᛏᛡᚾᛋ,655
darwinistic,15530,0,ᛞᚪᚱᚹᛁᚾᛁᛋᛏᛁᚳ,463
nitrocotton,15515,0,ᚾᛁᛏᚱᚩᚳᚩᛏᛏᚩᚾ,311
bonesetters,15505,0,ᛒᚩᚾᛖᛋᛖᛏᛏᛖᚱᛋ,533
quinquereme,15483,0,ᚳᚹᛁᚾᚳᚹᛖᚱᛖᛗᛖ,407
underexpose,15479,0,ᚢᚾᛞᛖᚱᛖᛉᛈᚩᛋᛖ,483
appetencies,15462,0,ᚪᛈᛈᛖᛏᛖᚾᚳᛁᛖᛋ,569
scapularies,15458,0,ᛋᚳᚪᛈᚢᛚᚪᚱᛁᛖᛋ,541
blackhearted,15447,0,ᛒᛚᚪᚳᚳᚻᛠᚱᛏᛖᛞ,615
leonardesque,15434,0,ᛚᛇᚾᚪᚱᛞᛖᛋᚳᚹᛖ,559
engrossments,15434,0,ᛖᛝᚱᚩᛋᛋᛗᛖᚾᛏᛋ,549
cataphracts,15398,0,ᚳᚪᛏᚪᛈᚻᚱᚪᚳᛏᛋ,565
crenellation,15392,0,ᚳᚱᛖᚾᛖᛚᛚᚪᛏᛡᚾ,625
topgallants,15375,0,ᛏᚩᛈᚷᚪᛚᛚᚪᚾᛏᛋ,607
synecdoches,15363,0,ᛋᚣᚾᛖᚳᛞᚩᚳᚻᛖᛋ,517
misbeliever,15361,0,ᛗᛁᛋᛒᛖᛚᛁᛖᚢᛖᚱ,535
alliterated,15354,0,ᚪᛚᛚᛁᛏᛖᚱᚪᛏᛖᛞ,723
limnologist,15345,0,ᛚᛁᛗᚾᚩᛚᚩᚷᛁᛋᛏ,451
galeopithecus,15344,0,ᚷᚪᛚᛇᛈᛁᚦᛖᚳᚢᛋ,443
secretaires,15342,0,ᛋᛖᚳᚱᛖᛏᚪᛁᚱᛖᛋ,529
lycanthropes,15341,0,ᛚᚣᚳᚪᚾᚦᚱᚩᛈᛖᛋ,501
paragrapher,15340,0,ᛈᚪᚱᚪᚷᚱᚪᛈᚻᛖᚱ,517
dynamogenic,15325,0,ᛞᚣᚾᚪᛗᚩᚷᛖᚾᛁᚳ,553
apostrophic,15304,0,ᚪᛈᚩᛋᛏᚱᚩᛈᚻᛁᚳ,387
unresentful,15292,0,ᚢᚾᚱᛖᛋᛖᚾᛏᚠᚢᛚ,396
ebulliently,15289,0,ᛖᛒᚢᛚᛚᛁᛖᚾᛏᛚᚣ,639
telescopium,15265,0,ᛏᛖᛚᛖᛋᚳᚩᛈᛁᚢᛗ,487
unrhythmical,15254,0,ᚢᚾᚱᚻᚣᚦᛗᛁᚳᚪᛚ,459
outrivalled,15254,0,ᚩᚢᛏᚱᛁᚢᚪᛚᛚᛖᛞ,513
latrocinium,15225,0,ᛚᚪᛏᚱᚩᚳᛁᚾᛁᚢᛗ,425
rancorously,15197,0,ᚱᚪᚾᚳᚩᚱᚩᚢᛋᛚᚣ,407
wheelhouses,15188,0,ᚹᚻᛖᛖᛚᚻᚩᚢᛋᛖᛋ,455
cheekpieces,15185,0,ᚳᚻᛖᛖᚳᛈᛁᛖᚳᛖᛋ,457
wishfulness,15154,0,ᚹᛁᛋᚻᚠᚢᛚᚾᛖᛋᛋ,406
abstemiously,15129,0,ᚪᛒᛋᛏᛖᛗᛡᚢᛋᛚᚣ,747
barleycorns,15127,0,ᛒᚪᚱᛚᛖᚣᚳᚩᚱᚾᛋ,525
nonsyllabic,15117,0,ᚾᚩᚾᛋᚣᛚᛚᚪᛒᛁᚳ,569
bassoonists,15101,0,ᛒᚪᛋᛋᚩᚩᚾᛁᛋᛏᛋ,503
sociableness,15096,0,ᛋᚩᚳᛡᛒᛚᛖᚾᛖᛋᛋ,583
disesteemed,15085,0,ᛞᛁᛋᛖᛋᛏᛖᛖᛗᛖᛞ,713
apprehender,15085,0,ᚪᛈᛈᚱᛖᚻᛖᚾᛞᛖᚱ,547
branchiopods,15080,0,ᛒᚱᚪᚾᚳᚻᛡᛈᚩᛞᛋ,533
fulsomeness,15059,0,ᚠᚢᛚᛋᚩᛗᛖᚾᛖᛋᛋ,478
deuteranopia,15010,0,ᛞᛖᚢᛏᛖᚱᚪᚾᚩᛈᛡ,579
ferrocerium,14993,0,ᚠᛖᚱᚱᚩᚳᛖᚱᛁᚢᛗ,294
forbiddance,14991,0,ᚠᚩᚱᛒᛁᛞᛞᚪᚾᚳᛖ,496
faultfinder,14966,0,ᚠᚪᚢᛚᛏᚠᛁᚾᛞᛖᚱ,463
immethodical,14965,0,ᛁᛗᛗᛖᚦᚩᛞᛁᚳᚪᛚ,555
devolvement,14950,0,ᛞᛖᚢᚩᛚᚢᛖᛗᛖᚾᛏ,535
assibilation,14945,0,ᚪᛋᛋᛁᛒᛁᛚᚪᛏᛡᚾ,691
overmantels,14925,0,ᚩᚢᛖᚱᛗᚪᚾᛏᛖᛚᛋ,537
unconsulted,14910,0,ᚢᚾᚳᚩᚾᛋᚢᛚᛏᛖᛞ,425
emptinesses,14888,0,ᛖᛗᛈᛏᛁᚾᛖᛋᛋᛖᛋ,593
nonbreakable,14886,0,ᚾᚩᚾᛒᚱᛠᚳᚪᛒᛚᛖ,557
hadrosaurus,14865,0,ᚻᚪᛞᚱᚩᛋᚪᚢᚱᚢᛋ,447
steamrollers,14817,0,ᛋᛏᛠᛗᚱᚩᛚᛚᛖᚱᛋ,587
spatterdock,14809,0,ᛋᛈᚪᛏᛏᛖᚱᛞᚩᚳᚳ,511
froghoppers,14809,0,ᚠᚱᚩᚷᚻᚩᛈᛈᛖᚱᛋ,284
butcherbird,14802,0,ᛒᚢᛏᚳᚻᛖᚱᛒᛁᚱᛞ,429
archpriests,14791,0,ᚪᚱᚳᚻᛈᚱᛁᛖᛋᛏᛋ,461
hemipterans,14759,0,ᚻᛖᛗᛁᛈᛏᛖᚱᚪᚾᛋ,551
retranslating,14746,0,ᚱᛖᛏᚱᚪᚾᛋᛚᚪᛏᛝ,635
undergrowths,14735,0,ᚢᚾᛞᛖᚱᚷᚱᚩᚹᚦᛋ,311
diminuendos,14724,0,ᛞᛁᛗᛁᚾᚢᛖᚾᛞᚩᛋ,499
antitypical,14702,0,ᚪᚾᛏᛁᛏᚣᛈᛁᚳᚪᛚ,635
paperbacked,14694,0,ᛈᚪᛈᛖᚱᛒᚪᚳᚳᛖᛞ,601
amorphously,14679,0,ᚪᛗᚩᚱᛈᚻᚩᚢᛋᛚᚣ,491
bitterroots,14672,0,ᛒᛁᛏᛏᛖᚱᚱᚩᚩᛏᛋ,425
windflowers,14664,0,ᚹᛁᚾᛞᚠᛚᚩᚹᛖᚱᛋ,400
heedfulness,14658,0,ᚻᛖᛖᛞᚠᚢᛚᚾᛖᛋᛋ,526
amphiprotic,14646,0,ᚪᛗᛈᚻᛁᛈᚱᚩᛏᛁᚳ,429
ecumenicism,14591,0,ᛖᚳᚢᛗᛖᚾᛁᚳᛁᛋᛗ,449
protohippus,14565,0,ᛈᚱᚩᛏᚩᚻᛁᛈᛈᚢᛋ,323
recompences,14564,0,ᚱᛖᚳᚩᛗᛈᛖᚾᚳᛖᛋ,441
dismissable,14563,0,ᛞᛁᛋᛗᛁᛋᛋᚪᛒᛚᛖ,679
sarcastical,14557,0,ᛋᚪᚱᚳᚪᛋᛏᛁᚳᚪᛚ,597
timeservers,14544,0,ᛏᛁᛗᛖᛋᛖᚱᚢᛖᚱᛋ,493
demonolatry,14543,0,ᛞᛖᛗᚩᚾᚩᛚᚪᛏᚱᚣ,613
melancholiac,14536,0,ᛗᛖᛚᚪᚾᚳᚻᚩᛚᛡᚳ,573
mutualities,14535,0,ᛗᚢᛏᚢᚪᛚᛁᛏᛁᛖᛋ,547
barbarianism,14534,0,ᛒᚪᚱᛒᚪᚱᛡᚾᛁᛋᛗ,629
antiphrasis,14526,0,ᚪᚾᛏᛁᛈᚻᚱᚪᛋᛁᛋ,527
ostentations,14520,0,ᚩᛋᛏᛖᚾᛏᚪᛏᛡᚾᛋ,619
airlessness,14497,0,ᚪᛁᚱᛚᛖᛋᛋᚾᛖᛋᛋ,587
semiabstract,14496,0,ᛋᛖᛗᛡᛒᛋᛏᚱᚪᚳᛏ,651
unintrusive,14468,0,ᚢᚾᛁᚾᛏᚱᚢᛋᛁᚢᛖ,319
normalizers,14464,0,ᚾᚩᚱᛗᚪᛚᛁᛋᛖᚱᛋ,503
metastasise,14464,0,ᛗᛖᛏᚪᛋᛏᚪᛋᛁᛋᛖ,707
needfulness,14459,0,ᚾᛖᛖᛞᚠᚢᛚᚾᛖᛋᛋ,532
blowtorches,14443,0,ᛒᛚᚩᚹᛏᚩᚱᚳᚻᛖᛋ,393
dissolutely,14421,0,ᛞᛁᛋᛋᚩᛚᚢᛏᛖᛚᚣ,611
oversanguine,14419,0,ᚩᚢᛖᚱᛋᚪᛝᚢᛁᚾᛖ,447
phlogopites,14418,0,ᛈᚻᛚᚩᚷᚩᛈᛁᛏᛖᛋ,423
complexional,14417,0,ᚳᚩᛗᛈᛚᛖᛉᛡᚾᚪᛚ,627
cockatrices,14405,0,ᚳᚩᚳᚳᚪᛏᚱᛁᚳᛖᛋ,377
graniteware,14375,0,ᚷᚱᚪᚾᛁᛏᛖᚹᚪᚱᛖ,505
preordination,14371,0,ᛈᚱᛇᚱᛞᛁᚾᚪᛏᛡᚾ,547
phytelephas,14359,0,ᛈᚻᚣᛏᛖᛚᛖᛈᚻᚪᛋ,651
nonsupporting,14347,0,ᚾᚩᚾᛋᚢᛈᛈᚩᚱᛏᛝ,363
bloodmobile,14333,0,ᛒᛚᚩᚩᛞᛗᚩᛒᛁᛚᛖ,547
recommission,14325,0,ᚱᛖᚳᚩᛗᛗᛁᛋᛋᛡᚾ,513
anathematising,14319,0,ᚪᚾᚪᚦᛖᛗᚪᛏᛁᛋᛝ,685
hectometers,14313,0,ᚻᛖᚳᛏᚩᛗᛖᛏᛖᚱᛋ,497
bendability,14312,0,ᛒᛖᚾᛞᚪᛒᛁᛚᛁᛏᚣ,701
propitiations,14310,0,ᛈᚱᚩᛈᛁᛏᛡᛏᛡᚾᛋ,549
guiltlessly,14296,0,ᚷᚢᛁᛚᛏᛚᛖᛋᛋᛚᚣ,605
matriarchies,14294,0,ᛗᚪᛏᚱᛡᚱᚳᚻᛁᛖᛋ,543
haggardness,14234,0,ᚻᚪᚷᚷᚪᚱᛞᚾᛖᛋᛋ,553
acatalectic,14201,0,ᚪᚳᚪᛏᚪᛚᛖᚳᛏᛁᚳ,619
unexpensive,14193,0,ᚢᚾᛖᛉᛈᛖᚾᛋᛁᚢᛖ,439
lecherously,14158,0,ᛚᛖᚳᚻᛖᚱᚩᚢᛋᛚᚣ,493
philologians,14149,0,ᛈᚻᛁᛚᚩᛚᚩᚷᛡᚾᛋ,463
consonantly,14142,0,ᚳᚩᚾᛋᚩᚾᚪᚾᛏᛚᚣ,499
strenuosity,14131,0,ᛋᛏᚱᛖᚾᚢᚩᛋᛁᛏᚣ,475
buttonwoods,14107,0,ᛒᚢᛏᛏᚩᚾᚹᚩᚩᛞᛋ,393
monopolizer,14104,0,ᛗᚩᚾᚩᛈᚩᛚᛁᛋᛖᚱ,399
extemporising,14085,0,ᛖᛉᛏᛖᛗᛈᚩᚱᛁᛋᛝ,535
stadtholders,14080,0,ᛋᛏᚪᛞᚦᚩᛚᛞᛖᚱᛋ,603
alliterates,14076,0,ᚪᛚᛚᛁᛏᛖᚱᚪᛏᛖᛋ,687
speculatist,13978,0,ᛋᛈᛖᚳᚢᛚᚪᛏᛁᛋᛏ,551
voicelessly,13964,0,ᚢᚩᛁᚳᛖᛚᛖᛋᛋᛚᚣ,543
nutritiously,13954,0,ᚾᚢᛏᚱᛁᛏᛡᚢᛋᛚᚣ,531
vanquishers,13944,0,ᚢᚪᚾᚳᚹᛁᛋᚻᛖᚱᛋ,399
felicitates,13936,0,ᚠᛖᛚᛁᚳᛁᛏᚪᛏᛖᛋ,552
revengefully,13927,0,ᚱᛖᚢᛖᛝᛖᚠᚢᛚᛚᚣ,548
songstresses,13913,0,ᛋᚩᛝᛋᛏᚱᛖᛋᛋᛖᛋ,555
undoubtable,13900,0,ᚢᚾᛞᚩᚢᛒᛏᚪᛒᛚᛖ,549
subliterary,13892,0,ᛋᚢᛒᛚᛁᛏᛖᚱᚪᚱᚣ,569
fearsomeness,13881,0,ᚠᛠᚱᛋᚩᛗᛖᚾᛖᛋᛋ,522
chromoplast,13833,0,ᚳᚻᚱᚩᛗᚩᛈᛚᚪᛋᛏ,457
suretyships,13816,0,ᛋᚢᚱᛖᛏᚣᛋᚻᛁᛈᛋ,499
ungarrisoned,13815,0,ᚢᛝᚪᚱᚱᛁᛋᚩᚾᛖᛞ,477
melliferous,13807,0,ᛗᛖᛚᛚᛁᚠᛖᚱᚩᚢᛋ,458
adscititious,13794,0,ᚪᛞᛋᚳᛁᛏᛁᛏᛡᚢᛋ,595
unwatchable,13787,0,ᚢᚾᚹᚪᛏᚳᚻᚪᛒᛚᛖ,541
epicycloids,13777,0,ᛖᛈᛁᚳᚣᚳᛚᚩᛁᛞᛋ,523
reflectional,13740,0,ᚱᛖᚠᛚᛖᚳᛏᛡᚾᚪᛚ,598
fratricides,13721,0,ᚠᚱᚪᛏᚱᛁᚳᛁᛞᛖᛋ,464
irritatedly,13665,0,ᛁᚱᚱᛁᛏᚪᛏᛖᛞᛚᚣ,631
ichthyosauria,13630,0,ᛁᚳᚻᚦᚣᚩᛋᚪᚢᚱᛡ,453
unshrinkingly,13611,0,ᚢᚾᛋᚻᚱᛁᚾᚳᛝᛚᚣ,447
rotisseries,13608,0,ᚱᚩᛏᛁᛋᛋᛖᚱᛁᛖᛋ,443
hairbrained,13553,0,ᚻᚪᛁᚱᛒᚱᚪᛁᚾᛖᛞ,547
skepticisms,13552,0,ᛋᚳᛖᛈᛏᛁᚳᛁᛋᛗᛋ,487
corpusculum,13548,0,ᚳᚩᚱᛈᚢᛋᚳᚢᛚᚢᛗ,293
overanxiety,13538,0,ᚩᚢᛖᚱᚪᚾᛉᛁᛖᛏᚣ,521
rememberers,13534,0,ᚱᛖᛗᛖᛗᛒᛖᚱᛖᚱᛋ,557
mudskippers,13529,0,ᛗᚢᛞᛋᚳᛁᛈᛈᛖᚱᛋ,477
mandataries,13525,0,ᛗᚪᚾᛞᚪᛏᚪᚱᛁᛖᛋ,701
squalidness,13522,0,ᛋᚳᚹᚪᛚᛁᛞᚾᛖᛋᛋ,577
supplanters,13512,0,ᛋᚢᛈᛈᛚᚪᚾᛏᛖᚱᛋ,531
peregrinating,13491,0,ᛈᛖᚱᛖᚷᚱᛁᚾᚪᛏᛝ,511
disputative,13473,0,ᛞᛁᛋᛈᚢᛏᚪᛏᛁᚢᛖ,535
expurgations,13468,0,ᛖᛉᛈᚢᚱᚷᚪᛏᛡᚾᛋ,533
pacificists,13466,0,ᛈᚪᚳᛁᚠᛁᚳᛁᛋᛏᛋ,426
calcicolous,13456,0,ᚳᚪᛚᚳᛁᚳᚩᛚᚩᚢᛋ,383
hardwaremen,13436,0,ᚻᚪᚱᛞᚹᚪᚱᛖᛗᛖᚾ,581
strawboards,13380,0,ᛋᛏᚱᚪᚹᛒᚩᚪᚱᛞᛋ,557
unprotested,13377,0,ᚢᚾᛈᚱᚩᛏᛖᛋᛏᛖᛞ,487
anamorphism,13364,0,ᚪᚾᚪᛗᚩᚱᛈᚻᛁᛋᛗ,533
placekicker,13361,0,ᛈᛚᚪᚳᛖᚳᛁᚳᚳᛖᚱ,441
desquamates,13350,0,ᛞᛖᛋᚳᚹᚪᛗᚪᛏᛖᛋ,685
depopulates,13314,0,ᛞᛖᛈᚩᛈᚢᛚᚪᛏᛖᛋ,601
angioplasties,13314,0,ᚪᛝᛡᛈᛚᚪᛋᛏᛁᛖᛋ,759
premeditating,13309,0,ᛈᚱᛖᛗᛖᛞᛁᛏᚪᛏᛝ,673
warehousers,13307,0,ᚹᚪᚱᛖᚻᚩᚢᛋᛖᚱᛋ,411
seventeenths,13268,0,ᛋᛖᚢᛖᚾᛏᛖᛖᚾᚦᛋ,499
unadoptable,13248,0,ᚢᚾᚪᛞᚩᛈᛏᚪᛒᛚᛖ,625
resorcinols,13241,0,ᚱᛖᛋᚩᚱᚳᛁᚾᚩᛚᛋ,355
desensitising,13218,0,ᛞᛖᛋᛖᚾᛋᛁᛏᛁᛋᛝ,611
sanguineness,13167,0,ᛋᚪᛝᚢᛁᚾᛖᚾᛖᛋᛋ,561
paripinnate,13141,0,ᛈᚪᚱᛁᛈᛁᚾᚾᚪᛏᛖ,537
unartificial,13140,0,ᚢᚾᚪᚱᛏᛁᚠᛁᚳᛡᛚ,456
heteromeles,13136,0,ᚻᛖᛏᛖᚱᚩᛗᛖᛚᛖᛋ,565
anadiplosis,13133,0,ᚪᚾᚪᛞᛁᛈᛚᚩᛋᛁᛋ,603
teleologists,13126,0,ᛏᛖᛚᛇᛚᚩᚷᛁᛋᛏᛋ,533
cataclysmal,13125,0,ᚳᚪᛏᚪᚳᛚᚣᛋᛗᚪᛚ,749
liturgiology,13118,0,ᛚᛁᛏᚢᚱᚷᛡᛚᚩᚷᚣ,501
malefactions,13095,0,ᛗᚪᛚᛖᚠᚪᚳᛏᛡᚾᛋ,668
grouchiness,13088,0,ᚷᚱᚩᚢᚳᚻᛁᚾᛖᛋᛋ,307
firmamental,13081,0,ᚠᛁᚱᛗᚪᛗᛖᚾᛏᚪᛚ,608
allotropism,13079,0,ᚪᛚᛚᚩᛏᚱᚩᛈᛁᛋᛗ,525
renegotiates,13076,0,ᚱᛖᚾᛖᚷᚩᛏᛡᛏᛖᛋ,543
partitionist,13060,0,ᛈᚪᚱᛏᛁᛏᛡᚾᛁᛋᛏ,579
tachygraphy,13043,0,ᛏᚪᚳᚻᚣᚷᚱᚪᛈᚻᚣ,589
nephrotoxin,13039,0,ᚾᛖᛈᚻᚱᚩᛏᚩᛉᛁᚾ,353
comminatory,13029,0,ᚳᚩᛗᛗᛁᚾᚪᛏᚩᚱᚣ,499
marquessate,13023,0,ᛗᚪᚱᚳᚹᛖᛋᛋᚪᛏᛖ,607
breechcloths,13015,0,ᛒᚱᛖᛖᚳᚻᚳᛚᚩᚦᛋ,393
churchianity,12976,0,ᚳᚻᚢᚱᚳᚻᛡᚾᛁᛏᚣ,415
chromatinic,12972,0,ᚳᚻᚱᚩᛗᚪᛏᛁᚾᛁᚳ,385
cytogenesis,12901,0,ᚳᚣᛏᚩᚷᛖᚾᛖᛋᛁᛋ,499
intertwinings,12900,0,ᛁᚾᛏᛖᚱᛏᚹᛁᚾᛝᛋ,467
stockjobber,12877,0,ᛋᛏᚩᚳᚳᛂᚩᛒᛒᛖᚱ,389
aggrievedly,12875,0,ᚪᚷᚷᚱᛁᛖᚢᛖᛞᛚᚣ,575
corrosively,12834,0,ᚳᚩᚱᚱᚩᛋᛁᚢᛖᛚᚣ,379
introductor,12830,0,ᛁᚾᛏᚱᚩᛞᚢᚳᛏᚩᚱ,319
effeminates,12828,0,ᛖᚠᚠᛖᛗᛁᚾᚪᛏᛖᛋ,545
solitudinem,12821,0,ᛋᚩᛚᛁᛏᚢᛞᛁᚾᛖᛗ,513
flamboyancy,12806,0,ᚠᛚᚪᛗᛒᚩᚣᚪᚾᚳᚣ,656
fatefulness,12803,0,ᚠᚪᛏᛖᚠᚢᛚᚾᛖᛋᛋ,505
overexerted,12793,0,ᚩᚢᛖᚱᛖᛉᛖᚱᛏᛖᛞ,495
proboscidian,12784,0,ᛈᚱᚩᛒᚩᛋᚳᛁᛞᛡᚾ,451
unseparable,12774,0,ᚢᚾᛋᛖᛈᚪᚱᚪᛒᛚᛖ,601
pancarditis,12766,0,ᛈᚪᚾᚳᚪᚱᛞᛁᛏᛁᛋ,553
scaremongers,12764,0,ᛋᚳᚪᚱᛖᛗᚩᛝᛖᚱᛋ,529
phonologist,12754,0,ᛈᚻᚩᚾᚩᛚᚩᚷᛁᛋᛏ,349
paleographer,12746,0,ᛈᚪᛚᛇᚷᚱᚪᛈᚻᛖᚱ,523
chiropteran,12731,0,ᚳᚻᛁᚱᚩᛈᛏᛖᚱᚪᚾ,391
wainwrights,12728,0,ᚹᚪᛁᚾᚹᚱᛁᚷᚻᛏᛋ,389
umbelliform,12728,0,ᚢᛗᛒᛖᛚᛚᛁᚠᚩᚱᛗ,470
cyclometers,12714,0,ᚳᚣᚳᛚᚩᛗᛖᛏᛖᚱᛋ,537
intensitive,12701,0,ᛁᚾᛏᛖᚾᛋᛁᛏᛁᚢᛖ,459
salvadorians,12693,0,ᛋᚪᛚᚢᚪᛞᚩᚱᛡᚾᛋ,619
fibrinogens,12688,0,ᚠᛁᛒᚱᛁᚾᚩᚷᛖᚾᛋ,338
proprietrix,12683,0,ᛈᚱᚩᛈᚱᛁᛖᛏᚱᛁᛉ,361
antipyresis,12682,0,ᚪᚾᛏᛁᛈᚣᚱᛖᛋᛁᛋ,577
pyrogenetic,12657,0,ᛈᚣᚱᚩᚷᛖᚾᛖᛏᛁᚳ,447
admonishingly,12645,0,ᚪᛞᛗᚩᚾᛁᛋᚻᛝᛚᚣ,655
demoniacally,12628,0,ᛞᛖᛗᚩᚾᛡᚳᚪᛚᛚᚣ,729
witlessness,12627,0,ᚹᛁᛏᛚᛖᛋᛋᚾᛖᛋᛋ,557
harbourless,12611,0,ᚻᚪᚱᛒᚩᚢᚱᛚᛖᛋᛋ,459
chickenfeed,12581,0,ᚳᚻᛁᚳᚳᛖᚾᚠᛖᛖᛞ,414
sectionalize,12575,0,ᛋᛖᚳᛏᛡᚾᚪᛚᛁᛋᛖ,649
extractible,12568,0,ᛖᛉᛏᚱᚪᚳᛏᛁᛒᛚᛖ,585
queenliness,12542,0,ᚳᚹᛖᛖᚾᛚᛁᚾᛖᛋᛋ,501
sightliness,12513,0,ᛋᛁᚷᚻᛏᛚᛁᚾᛖᛋᛋ,489
incommodity,12506,0,ᛁᚾᚳᚩᛗᛗᚩᛞᛁᛏᚣ,511
confabulating,12504,0,ᚳᚩᚾᚠᚪᛒᚢᛚᚪᛏᛝ,520
dissimilars,12500,0,ᛞᛁᛋᛋᛁᛗᛁᛚᚪᚱᛋ,593
whitsundays,12478,0,ᚹᚻᛁᛏᛋᚢᚾᛞᚪᚣᛋ,559
cordierites,12478,0,ᚳᚩᚱᛞᛁᛖᚱᛁᛏᛖᛋ,439
disentombed,12463,0,ᛞᛁᛋᛖᚾᛏᚩᛗᛒᛖᛞ,623
wonderments,12434,0,ᚹᚩᚾᛞᛖᚱᛗᛖᚾᛏᛋ,501
macrauchenia,12427,0,ᛗᚪᚳᚱᚪᚢᚳᚻᛖᚾᛡ,531
pitchstones,12401,0,ᛈᛁᛏᚳᚻᛋᛏᚩᚾᛖᛋ,437
repellently,12398,0,ᚱᛖᛈᛖᛚᛚᛖᚾᛏᛚᚣ,665
adulterator,12398,0,ᚪᛞᚢᛚᛏᛖᚱᚪᛏᚩᚱ,573
prosthodontia,12380,0,ᛈᚱᚩᛋᚦᚩᛞᚩᚾᛏᛡ,417
rescindable,12372,0,ᚱᛖᛋᚳᛁᚾᛞᚪᛒᛚᛖ,591
homeopathists,12353,0,ᚻᚩᛗᛇᛈᚪᚦᛁᛋᛏᛋ,483
chrysolites,12341,0,ᚳᚻᚱᚣᛋᚩᛚᛁᛏᛖᛋ,493
declivitous,12337,0,ᛞᛖᚳᛚᛁᚢᛁᛏᚩᚢᛋ,429
lycopodiums,12333,0,ᛚᚣᚳᚩᛈᚩᛞᛁᚢᛗᛋ,493
coxcombical,12285,0,ᚳᚩᛉᚳᚩᛗᛒᛁᚳᚪᛚ,433
unenlivened,12276,0,ᚢᚾᛖᚾᛚᛁᚢᛖᚾᛖᛞ,487
perquisition,12264,0,ᛈᛖᚱᚳᚹᛁᛋᛁᛏᛡᚾ,463
hypotenuses,12251,0,ᚻᚣᛈᚩᛏᛖᚾᚢᛋᛖᛋ,507
faddishness,12210,0,ᚠᚪᛞᛞᛁᛋᚻᚾᛖᛋᛋ,586
dibranchiate,12206,0,ᛞᛁᛒᚱᚪᚾᚳᚻᛡᛏᛖ,587
moonflowers,12196,0,ᛗᚩᚩᚾᚠᛚᚩᚹᛖᚱᛋ,346
notorieties,12184,0,ᚾᚩᛏᚩᚱᛁᛖᛏᛁᛖᛋ,421
undutifully,12177,0,ᚢᚾᛞᚢᛏᛁᚠᚢᛚᛚᚣ,468
michigander,12163,0,ᛗᛁᚳᚻᛁᚷᚪᚾᛞᛖᚱ,479
waistcoated,12146,0,ᚹᚪᛁᛋᛏᚳᚩᚪᛏᛖᛞ,591
nurserymaid,12139,0,ᚾᚢᚱᛋᛖᚱᚣᛗᚪᛁᛞ,565
cryptomonad,12124,0,ᚳᚱᚣᛈᛏᚩᛗᚩᚾᚪᛞ,529
disenchants,12100,0,ᛞᛁᛋᛖᚾᚳᚻᚪᚾᛏᛋ,543
autogenesis,12099,0,ᚪᚢᛏᚩᚷᛖᚾᛖᛋᛁᛋ,483
phlebectomy,12073,0,ᛈᚻᛚᛖᛒᛖᚳᛏᚩᛗᚣ,587
backstitching,12041,0,ᛒᚪᚳᚳᛋᛏᛁᛏᚳᚻᛝ,501
exactitudes,12040,0,ᛖᛉᚪᚳᛏᛁᛏᚢᛞᛖᛋ,585
starchiness,12026,0,ᛋᛏᚪᚱᚳᚻᛁᚾᛖᛋᛋ,489
cacophonies,11986,0,ᚳᚪᚳᚩᛈᚻᚩᚾᛁᛖᛋ,383
scrappiness,11972,0,ᛋᚳᚱᚪᛈᛈᛁᚾᛖᛋᛋ,493
raucousness,11968,0,ᚱᚪᚢᚳᚩᚢᛋᚾᛖᛋᛋ,389
unmoistened,11954,0,ᚢᚾᛗᚩᛁᛋᛏᛖᚾᛖᛞ,505
greenshanks,11943,0,ᚷᚱᛖᛖᚾᛋᚻᚪᚾᚳᛋ,459
vaguenesses,11927,0,ᚢᚪᚷᚢᛖᚾᛖᛋᛋᛖᛋ,509
fraternizes,11922,0,ᚠᚱᚪᛏᛖᚱᚾᛁᛋᛖᛋ,480
aggrandizes,11910,0,ᚪᚷᚷᚱᚪᚾᛞᛁᛋᛖᛋ,561
misalliances,11887,0,ᛗᛁᛋᚪᛚᛚᛡᚾᚳᛖᛋ,667
chinquapins,11884,0,ᚳᚻᛁᚾᚳᚹᚪᛈᛁᚾᛋ,381
constatation,11874,0,ᚳᚩᚾᛋᛏᚪᛏᚪᛏᛡᚾ,609
denigrations,11847,0,ᛞᛖᚾᛁᚷᚱᚪᛏᛡᚾᛋ,589
venesections,11813,0,ᚢᛖᚾᛖᛋᛖᚳᛏᛡᚾᛋ,547
attractable,11812,0,ᚪᛏᛏᚱᚪᚳᛏᚪᛒᛚᛖ,693
chevrotains,11810,0,ᚳᚻᛖᚢᚱᚩᛏᚪᛁᚾᛋ,393
pecksniffian,11772,0,ᛈᛖᚳᚳᛋᚾᛁᚠᚠᛡᚾ,389
objurgatory,11760,0,ᚩᛒᛂᚢᚱᚷᚪᛏᚩᚱᚣ,413
sidesplitting,11746,0,ᛋᛁᛞᛖᛋᛈᛚᛁᛏᛏᛝ,637
homopterans,11737,0,ᚻᚩᛗᚩᛈᛏᛖᚱᚪᚾᛋ,467
meerschaums,11726,0,ᛗᛖᛖᚱᛋᚳᚻᚪᚢᛗᛋ,529
globigerinae,11720,0,ᚷᛚᚩᛒᛁᚷᛖᚱᛁᚾᚫ,445
galactocele,11694,0,ᚷᚪᛚᚪᚳᛏᚩᚳᛖᛚᛖ,583
mendacities,11690,0,ᛗᛖᚾᛞᚪᚳᛁᛏᛁᛖᛋ,607
depreciatingly,11678,0,ᛞᛖᛈᚱᛖᚳᛡᛏᛝᛚᚣ,711
retiredness,11676,0,ᚱᛖᛏᛁᚱᛖᛞᚾᛖᛋᛋ,537
amphibology,11654,0,ᚪᛗᛈᚻᛁᛒᚩᛚᚩᚷᚣ,533
deliquesced,11644,0,ᛞᛖᛚᛁᚳᚹᛖᛋᚳᛖᛞ,581
centiliters,11640,0,ᚳᛖᚾᛏᛁᛚᛁᛏᛖᚱᛋ,493
bacteriostat,11639,0,ᛒᚪᚳᛏᛖᚱᛡᛋᛏᚪᛏ,683
stablemates,11638,0,ᛋᛏᚪᛒᛚᛖᛗᚪᛏᛖᛋ,757
radicalisms,11631,0,ᚱᚪᛞᛁᚳᚪᛚᛁᛋᛗᛋ,619
ominousness,11628,0,ᚩᛗᛁᚾᚩᚢᛋᚾᛖᛋᛋ,403
cantabrigian,11617,0,ᚳᚪᚾᛏᚪᛒᚱᛁᚷᛡᚾ,551
unattentive,11608,0,ᚢᚾᚪᛏᛏᛖᚾᛏᛁᚢᛖ,503
disrelished,11606,0,ᛞᛁᛋᚱᛖᛚᛁᛋᚻᛖᛞ,587
uglification,11602,0,ᚢᚷᛚᛁᚠᛁᚳᚪᛏᛡᚾ,462
ensnarement,11577,0,ᛖᚾᛋᚾᚪᚱᛖᛗᛖᚾᛏ,579
inexhausted,11523,0,ᛁᚾᛖᛉᚻᚪᚢᛋᛏᛖᛞ,565
caprifolium,11499,0,ᚳᚪᛈᚱᛁᚠᚩᛚᛁᚢᛗ,382
parasitisms,11486,0,ᛈᚪᚱᚪᛋᛁᛏᛁᛋᛗᛋ,599
carbonarism,11480,0,ᚳᚪᚱᛒᚩᚾᚪᚱᛁᛋᛗ,481
campanology,11474,0,ᚳᚪᛗᛈᚪᚾᚩᛚᚩᚷᚣ,557
wraparounds,11466,0,ᚹᚱᚪᛈᚪᚱᚩᚢᚾᛞᛋ,459
unelectable,11447,0,ᚢᚾᛖᛚᛖᚳᛏᚪᛒᛚᛖ,609
chimneypots,11435,0,ᚳᚻᛁᛗᚾᛖᚣᛈᚩᛏᛋ,499
cheerfuller,11434,0,ᚳᚻᛖᛖᚱᚠᚢᛚᛚᛖᚱ,410
discomposes,11393,0,ᛞᛁᛋᚳᚩᛗᛈᚩᛋᛖᛋ,487
frangibility,11392,0,ᚠᚱᚪᛝᛁᛒᛁᛚᛁᛏᚣ,578
unenergetic,11387,0,ᚢᚾᛖᚾᛖᚱᚷᛖᛏᛁᚳ,393
spoilsports,11372,0,ᛋᛈᚩᛁᛚᛋᛈᚩᚱᛏᛋ,433
hippeastrums,11353,0,ᚻᛁᛈᛈᛠᛋᛏᚱᚢᛗᛋ,499
yellowtails,11343,0,ᚣᛖᛚᛚᚩᚹᛏᚪᛁᛚᛋ,655
forgivingness,11324,0,ᚠᚩᚱᚷᛁᚢᛝᚾᛖᛋᛋ,352
exaggerator,11303,0,ᛖᛉᚪᚷᚷᛖᚱᚪᛏᚩᚱ,497
blastoporal,11278,0,ᛒᛚᚪᛋᛏᚩᛈᚩᚱᚪᛚ,581
brachyurans,11277,0,ᛒᚱᚪᚳᚻᚣᚢᚱᚪᚾᛋ,501
imperilment,11264,0,ᛁᛗᛈᛖᚱᛁᛚᛗᛖᚾᛏ,553
excogitation,11250,0,ᛖᛉᚳᚩᚷᛁᛏᚪᛏᛡᚾ,533
sarcostyles,11246,0,ᛋᚪᚱᚳᚩᛋᛏᚣᛚᛖᛋ,589
comstockery,11244,0,ᚳᚩᛗᛋᛏᚩᚳᚳᛖᚱᚣ,417
unshockable,11243,0,ᚢᚾᛋᚻᚩᚳᚳᚪᛒᛚᛖ,439
overpressed,11236,0,ᚩᚢᛖᚱᛈᚱᛖᛋᛋᛖᛞ,471
plagiaristic,11235,0,ᛈᛚᚪᚷᛡᚱᛁᛋᛏᛁᚳ,535
uncheckable,11224,0,ᚢᚾᚳᚻᛖᚳᚳᚪᛒᛚᛖ,459
panislamism,11212,0,ᛈᚪᚾᛁᛋᛚᚪᛗᛁᛋᛗ,649
gynostegium,11208,0,ᚷᚣᚾᚩᛋᛏᛖᚷᛁᚢᛗ,457
hippogriffs,11201,0,ᚻᛁᛈᛈᚩᚷᚱᛁᚠᚠᛋ,263
eusporangiate,11184,0,ᛖᚢᛋᛈᚩᚱᚪᛝᛡᛏᛖ,593
polyphonous,11173,0,ᛈᚩᛚᚣᛈᚻᚩᚾᚩᚢᛋ,391
beefburgers,11152,0,ᛒᛖᛖᚠᛒᚢᚱᚷᛖᚱᛋ,420
splashboard,11142,0,ᛋᛈᛚᚪᛋᚻᛒᚩᚪᚱᛞ,607
beggarwoman,11103,0,ᛒᛖᚷᚷᚪᚱᚹᚩᛗᚪᚾ,493
interlineary,11093,0,ᛁᚾᛏᛖᚱᛚᛁᚾᛠᚱᚣ,553
paralogical,11083,0,ᛈᚪᚱᚪᛚᚩᚷᛁᚳᚪᛚ,559
gametophore,11078,0,ᚷᚪᛗᛖᛏᚩᛈᚻᚩᚱᛖ,469
ravishments,11057,0,ᚱᚪᚢᛁᛋᚻᛗᛖᚾᛏᛋ,497
hovercrafts,11053,0,ᚻᚩᚢᛖᚱᚳᚱᚪᚠᛏᛋ,346
amiabilities,11043,0,ᚪᛗᛡᛒᛁᛚᛁᛏᛁᛖᛋ,681
overdevelop,11039,0,ᚩᚢᛖᚱᛞᛖᚢᛖᛚᚩᛈ,437
paleostriatum,11011,0,ᛈᚪᛚᛇᛋᛏᚱᛡᛏᚢᛗ,617
catechistic,11010,0,ᚳᚪᛏᛖᚳᚻᛁᛋᛏᛁᚳ,459
deaminization,10953,0,ᛞᛠᛗᛁᚾᛁᛋᚪᛏᛡᚾ,705
brigandines,10949,0,ᛒᚱᛁᚷᚪᚾᛞᛁᚾᛖᛋ,515
acciaccatura,10945,0,ᚪᚳᚳᛡᚳᚳᚪᛏᚢᚱᚪ,523
clothespress,10938,0,ᚳᛚᚩᚦᛖᛋᛈᚱᛖᛋᛋ,445
viceroyship,10936,0,ᚢᛁᚳᛖᚱᚩᚣᛋᚻᛁᛈ,385
poikilotherm,10924,0,ᛈᚩᛁᚳᛁᛚᚩᚦᛖᚱᛗ,359
oneiromancy,10918,0,ᚩᚾᛖᛁᚱᚩᛗᚪᚾᚳᚣ,465
tattletales,10908,0,ᛏᚪᛏᛏᛚᛖᛏᚪᛚᛖᛋ,763
superscribe,10902,0,ᛋᚢᛈᛖᚱᛋᚳᚱᛁᛒᛖ,413
tradeswoman,10896,0,ᛏᚱᚪᛞᛖᛋᚹᚩᛗᚪᚾ,599
aberrancies,10887,0,ᚪᛒᛖᚱᚱᚪᚾᚳᛁᛖᛋ,537
nierembergia,10828,0,ᚾᛁᛖᚱᛖᛗᛒᛖᚱᚷᛡ,539
balletomane,10824,0,ᛒᚪᛚᛚᛖᛏᚩᛗᚪᚾᛖ,701
chyliferous,10813,0,ᚳᚻᚣᛚᛁᚠᛖᚱᚩᚢᛋ,386
straphangers,10800,0,ᛋᛏᚱᚪᛈᚻᚪᛝᛖᚱᛋ,593
hypognathous,10800,0,ᚻᚣᛈᚩᚷᚾᚪᚦᚩᚢᛋ,387
nervelessly,10786,0,ᚾᛖᚱᚢᛖᛚᛖᛋᛋᛚᚣ,599
lachrymator,10765,0,ᛚᚪᚳᚻᚱᚣᛗᚪᛏᚩᚱ,565
natatoriums,10764,0,ᚾᚪᛏᚪᛏᚩᚱᛁᚢᛗᛋ,517
uncrushable,10756,0,ᚢᚾᚳᚱᚢᛋᚻᚪᛒᛚᛖ,433
uncurtailed,10743,0,ᚢᚾᚳᚢᚱᛏᚪᛁᛚᛖᛞ,475
isoantibody,10735,0,ᛁᛋᚩᚪᚾᛏᛁᛒᚩᛞᚣ,567
planchettes,10734,0,ᛈᛚᚪᚾᚳᚻᛖᛏᛏᛖᛋ,583
phantomlike,10711,0,ᛈᚻᚪᚾᛏᚩᛗᛚᛁᚳᛖ,513
bisymmetric,10688,0,ᛒᛁᛋᚣᛗᛗᛖᛏᚱᛁᚳ,571
crosschecks,10684,0,ᚳᚱᚩᛋᛋᚳᚻᛖᚳᚳᛋ,319
suspectible,10664,0,ᛋᚢᛋᛈᛖᚳᛏᛁᛒᛚᛖ,523
reprocesses,10664,0,ᚱᛖᛈᚱᚩᚳᛖᛋᛋᛖᛋ,445
leptorrhine,10662,0,ᛚᛖᛈᛏᚩᚱᚱᚻᛁᚾᛖ,421
unfraternal,10629,0,ᚢᚾᚠᚱᚪᛏᛖᚱᚾᚪᛚ,478
horologists,10626,0,ᚻᚩᚱᚩᛚᚩᚷᛁᛋᛏᛋ,341
catafalques,10617,0,ᚳᚪᛏᚪᚠᚪᛚᚳᚹᛖᛋ,590
shapelessly,10615,0,ᛋᚻᚪᛈᛖᛚᛖᛋᛋᛚᚣ,705
candleberry,10598,0,ᚳᚪᚾᛞᛚᛖᛒᛖᚱᚱᚣ,621
bladderlike,10596,0,ᛒᛚᚪᛞᛞᛖᚱᛚᛁᚳᛖ,671
barefacedly,10591,0,ᛒᚪᚱᛖᚠᚪᚳᛖᛞᛚᚣ,680
flabbergast,10578,0,ᚠᛚᚪᛒᛒᛖᚱᚷᚪᛋᛏ,598
aeschynanthus,10570,0,ᚫᛋᚳᚻᚣᚾᚪᚾᚦᚢᛋ,509
densimeters,10568,0,ᛞᛖᚾᛋᛁᛗᛖᛏᛖᚱᛋ,597
eisteddfods,10559,0,ᛖᛁᛋᛏᛖᛞᛞᚠᚩᛞᛋ,606
criminalism,10550,0,ᚳᚱᛁᛗᛁᚾᚪᛚᛁᛋᛗ,511
dignifiedly,10534,0,ᛞᛁᚷᚾᛁᚠᛁᛖᛞᛚᚣ,562
enjambments,10532,0,ᛖᚾᛂᚪᛗᛒᛗᛖᚾᛏᛋ,641
gravitations,10528,0,ᚷᚱᚪᚢᛁᛏᚪᛏᛡᚾᛋ,563
hemiramphus,10526,0,ᚻᛖᛗᛁᚱᚪᛗᛈᚻᚢᛋ,493
unsubjected,10521,0,ᚢᚾᛋᚢᛒᛂᛖᚳᛏᛖᛞ,481
panegyrized,10514,0,ᛈᚪᚾᛖᚷᚣᚱᛁᛋᛖᛞ,607
hellishness,10506,0,ᚻᛖᛚᛚᛁᛋᚻᚾᛖᛋᛋ,545
renascences,10503,0,ᚱᛖᚾᚪᛋᚳᛖᚾᚳᛖᛋ,499
trabeculate,10484,0,ᛏᚱᚪᛒᛖᚳᚢᛚᚪᛏᛖ,607
unforgivingly,10469,0,ᚢᚾᚠᚩᚱᚷᛁᚢᛝᛚᚣ,358
saurischians,10456,0,ᛋᚪᚢᚱᛁᛋᚳᚻᛡᚾᛋ,473
coalitionist,10443,0,ᚳᚩᚪᛚᛁᛏᛡᚾᛁᛋᛏ,559
decarbonize,10437,0,ᛞᛖᚳᚪᚱᛒᚩᚾᛁᛋᛖ,525
unknowingness,10436,0,ᚢᚾᚳᚾᚩᚹᛝᚾᛖᛋᛋ,381
bachelordom,10436,0,ᛒᚪᚳᚻᛖᛚᚩᚱᛞᚩᛗ,519
academicals,10431,0,ᚪᚳᚪᛞᛖᛗᛁᚳᚪᛚᛋ,701
melanoblast,10422,0,ᛗᛖᛚᚪᚾᚩᛒᛚᚪᛋᛏ,687
johnnycakes,10416,0,ᛂᚩᚻᚾᚾᚣᚳᚪᚳᛖᛋ,471
shillelaghs,10413,0,ᛋᚻᛁᛚᛚᛖᛚᚪᚷᚻᛋ,583
affirmatory,10410,0,ᚪᚠᚠᛁᚱᛗᚪᛏᚩᚱᚣ,491
timberlines,10406,0,ᛏᛁᛗᛒᛖᚱᛚᛁᚾᛖᛋ,553
animalcular,10404,0,ᚪᚾᛁᛗᚪᛚᚳᚢᛚᚪᚱ,595
cognoscente,10389,0,ᚳᚩᚷᚾᚩᛋᚳᛖᚾᛏᛖ,361
brittlebush,10373,0,ᛒᚱᛁᛏᛏᛚᛖᛒᚢᛋᚻ,501
rustproofed,10366,0,ᚱᚢᛋᛏᛈᚱᚩᚩᚠᛖᛞ,352
comminations,10356,0,ᚳᚩᛗᛗᛁᚾᚪᛏᛡᚾᛋ,567
swinishness,10351,0,ᛋᚹᛁᚾᛁᛋᚻᚾᛖᛋᛋ,441
desperations,10346,0,ᛞᛖᛋᛈᛖᚱᚪᛏᛡᚾᛋ,675
cisatlantic,10336,0,ᚳᛁᛋᚪᛏᛚᚪᚾᛏᛁᚳ,555
monologuist,10314,0,ᛗᚩᚾᚩᛚᚩᚷᚢᛁᛋᛏ,357
jewelleries,10308,0,ᛂᛖᚹᛖᛚᛚᛖᚱᛁᛖᛋ,565
overstrains,10289,0,ᚩᚢᛖᚱᛋᛏᚱᚪᛁᚾᛋ,421
pratincoles,10273,0,ᛈᚱᚪᛏᛁᚾᚳᚩᛚᛖᛋ,483
waggishness,10267,0,ᚹᚪᚷᚷᛁᛋᚻᚾᛖᛋᛋ,459
sclerometer,10262,0,ᛋᚳᛚᛖᚱᚩᛗᛖᛏᛖᚱ,499
accomptable,10244,0,ᚪᚳᚳᚩᛗᛈᛏᚪᛒᛚᛖ,601
onerousness,10239,0,ᚩᚾᛖᚱᚩᚢᛋᚾᛖᛋᛋ,379
circumcises,10239,0,ᚳᛁᚱᚳᚢᛗᚳᛁᛋᛖᛋ,359
expediences,10217,0,ᛖᛉᛈᛖᛞᛁᛖᚾᚳᛖᛋ,573
unprevented,10211,0,ᚢᚾᛈᚱᛖᚢᛖᚾᛏᛖᛞ,467
snowploughs,10200,0,ᛋᚾᚩᚹᛈᛚᚩᚢᚷᚻᛋ,327
unresistant,10192,0,ᚢᚾᚱᛖᛋᛁᛋᛏᚪᚾᛏ,491
immemorable,10187,0,ᛁᛗᛗᛖᛗᚩᚱᚪᛒᛚᛖ,627
outmanoeuvring,10184,0,ᚩᚢᛏᛗᚪᚾᛟᚢᚢᚱᛝ,445
backstabber,10181,0,ᛒᚪᚳᚳᛋᛏᚪᛒᛒᛖᚱ,593
condolement,10177,0,ᚳᚩᚾᛞᚩᛚᛖᛗᛖᚾᛏ,511
inquisitory,10176,0,ᛁᚾᚳᚹᛁᛋᛁᛏᚩᚱᚣ,387
convertites,10169,0,ᚳᚩᚾᚢᛖᚱᛏᛁᛏᛖᛋ,399
craniologist,10160,0,ᚳᚱᚪᚾᛡᛚᚩᚷᛁᛋᛏ,497
unplundered,10158,0,ᚢᚾᛈᛚᚢᚾᛞᛖᚱᛖᛞ,503
portobellos,10118,0,ᛈᚩᚱᛏᚩᛒᛖᛚᛚᚩᛋ,461
acrocarpous,10109,0,ᚪᚳᚱᚩᚳᚪᚱᛈᚩᚢᛋ,355
backhanders,10099,0,ᛒᚪᚳᚳᚻᚪᚾᛞᛖᚱᛋ,553
unfamiliarly,10087,0,ᚢᚾᚠᚪᛗᛁᛚᛡᚱᛚᚣ,600
exenterated,10083,0,ᛖᛉᛖᚾᛏᛖᚱᚪᛏᛖᛞ,659
unseamanlike,10073,0,ᚢᚾᛋᛠᛗᚪᚾᛚᛁᚳᛖ,575
polychromic,10073,0,ᛈᚩᛚᚣᚳᚻᚱᚩᛗᛁᚳ,395
battlewagon,10062,0,ᛒᚪᛏᛏᛚᛖᚹᚪᚷᚩᚾ,585
unfluctuating,10042,0,ᚢᚾᚠᛚᚢᚳᛏᚢᚪᛏᛝ,420
acrocephaly,10039,0,ᚪᚳᚱᚩᚳᛖᛈᚻᚪᛚᚣ,547
crowberries,10035,0,ᚳᚱᚩᚹᛒᛖᚱᚱᛁᛖᛋ,351
incurvature,10032,0,ᛁᚾᚳᚢᚱᚢᚪᛏᚢᚱᛖ,327
deifications,10031,0,ᛞᛖᛁᚠᛁᚳᚪᛏᛡᚾᛋ,578
ostracoderm,10023,0,ᚩᛋᛏᚱᚪᚳᚩᛞᛖᚱᛗ,485
unhabitable,10020,0,ᚢᚾᚻᚪᛒᛁᛏᚪᛒᛚᛖ,601
cardiographs,10005,0,ᚳᚪᚱᛞᛡᚷᚱᚪᛈᚻᛋ,561
peroxidised,9986,0,ᛈᛖᚱᚩᛉᛁᛞᛁᛋᛖᛞ,535
dissolvents,9963,0,ᛞᛁᛋᛋᚩᛚᚢᛖᚾᛏᛋ,517
rumormongers,9962,0,ᚱᚢᛗᚩᚱᛗᚩᛝᛖᚱᛋ,391
shadowiness,9940,0,ᛋᚻᚪᛞᚩᚹᛁᚾᛖᛋᛋ,521
mantuamaker,9926,0,ᛗᚪᚾᛏᚢᚪᛗᚪᚳᛖᚱ,615
allopathists,9909,0,ᚪᛚᛚᚩᛈᚪᚦᛁᛋᛏᛋ,591
ambitionless,9901,0,ᚪᛗᛒᛁᛏᛡᚾᛚᛖᛋᛋ,701
connivances,9893,0,ᚳᚩᚾᚾᛁᚢᚪᚾᚳᛖᛋ,371
unexcusable,9876,0,ᚢᚾᛖᛉᚳᚢᛋᚪᛒᛚᛖ,513
cheeseboard,9855,0,ᚳᚻᛖᛖᛋᛖᛒᚩᚪᚱᛞ,555
incognizant,9853,0,ᛁᚾᚳᚩᚷᚾᛁᛋᚪᚾᛏ,395
emotionalize,9817,0,ᛖᛗᚩᛏᛡᚾᚪᛚᛁᛋᛖ,661
approbative,9816,0,ᚪᛈᛈᚱᚩᛒᚪᛏᛁᚢᛖ,519
crabbedness,9801,0,ᚳᚱᚪᛒᛒᛖᛞᚾᛖᛋᛋ,601
unearthliness,9769,0,ᚢᚾᛠᚱᚦᛚᛁᚾᛖᛋᛋ,463
appraisable,9753,0,ᚪᛈᛈᚱᚪᛁᛋᚪᛒᛚᛖ,673
fragmentize,9746,0,ᚠᚱᚪᚷᛗᛖᚾᛏᛁᛋᛖ,504
proctorship,9741,0,ᛈᚱᚩᚳᛏᚩᚱᛋᚻᛁᛈ,301
finickiness,9736,0,ᚠᛁᚾᛁᚳᚳᛁᚾᛖᛋᛋ,352
nauseousness,9728,0,ᚾᚪᚢᛋᛇᚢᛋᚾᛖᛋᛋ,481
pensionaries,9704,0,ᛈᛖᚾᛋᛡᚾᚪᚱᛁᛖᛋ,587
antiphonies,9698,0,ᚪᚾᛏᛁᛈᚻᚩᚾᛁᛖᛋ,469
shutterbugs,9685,0,ᛋᚻᚢᛏᛏᛖᚱᛒᚢᚷᛋ,409
factualness,9677,0,ᚠᚪᚳᛏᚢᚪᛚᚾᛖᛋᛋ,546
anachronous,9659,0,ᚪᚾᚪᚳᚻᚱᚩᚾᚩᚢᛋ,369
unencouraging,9655,0,ᚢᚾᛖᚾᚳᚩᚢᚱᚪᚷᛝ,355
unchastised,9638,0,ᚢᚾᚳᚻᚪᛋᛏᛁᛋᛖᛞ,517
trichostema,9608,0,ᛏᚱᛁᚳᚻᚩᛋᛏᛖᛗᚪ,491
bookmarkers,9604,0,ᛒᚩᚩᚳᛗᚪᚱᚳᛖᚱᛋ,411
sumptuosity,9602,0,ᛋᚢᛗᛈᛏᚢᚩᛋᛁᛏᚣ,485
disinclines,9585,0,ᛞᛁᛋᛁᚾᚳᛚᛁᚾᛖᛋ,499
tetradynamia,9583,0,ᛏᛖᛏᚱᚪᛞᚣᚾᚪᛗᛡ,789
statesmanly,9563,0,ᛋᛏᚪᛏᛖᛋᛗᚪᚾᛚᚣ,761
gatecrasher,9560,0,ᚷᚪᛏᛖᚳᚱᚪᛋᚻᛖᚱ,515
unsensitive,9555,0,ᚢᚾᛋᛖᚾᛋᛁᛏᛁᚢᛖ,425
surprisedly,9536,0,ᛋᚢᚱᛈᚱᛁᛋᛖᛞᛚᚣ,537
disprovable,9520,0,ᛞᛁᛋᛈᚱᚩᚢᚪᛒᛚᛖ,535
superorders,9512,0,ᛋᚢᛈᛖᚱᚩᚱᛞᛖᚱᛋ,415
unfeelingness,9496,0,ᚢᚾᚠᛖᛖᛚᛝᚾᛖᛋᛋ,522
gemmiferous,9468,0,ᚷᛖᛗᛗᛁᚠᛖᚱᚩᚢᛋ,400
cavernously,9462,0,ᚳᚪᚢᛖᚱᚾᚩᚢᛋᛚᚣ,459
decolourise,9461,0,ᛞᛖᚳᚩᛚᚩᚢᚱᛁᛋᛖ,421
unsubduable,9451,0,ᚢᚾᛋᚢᛒᛞᚢᚪᛒᛚᛖ,539
liberticide,9448,0,ᛚᛁᛒᛖᚱᛏᛁᚳᛁᛞᛖ,533
melanoderma,9445,0,ᛗᛖᛚᚪᚾᚩᛞᛖᚱᛗᚪ,679
illicitness,9440,0,ᛁᛚᛚᛁᚳᛁᛏᚾᛖᛋᛋ,513
reliableness,9439,0,ᚱᛖᛚᛡᛒᛚᛖᚾᛖᛋᛋ,661
compellation,9430,0,ᚳᚩᛗᛈᛖᛚᛚᚪᛏᛡᚾ,639
breadbaskets,9400,0,ᛒᚱᛠᛞᛒᚪᛋᚳᛖᛏᛋ,673
oarsmanship,9393,0,ᚩᚪᚱᛋᛗᚪᚾᛋᚻᛁᛈ,515
chamberpots,9387,0,ᚳᚻᚪᛗᛒᛖᚱᛈᚩᛏᛋ,505
trenchermen,9386,0,ᛏᚱᛖᚾᚳᚻᛖᚱᛗᛖᚾ,447
peregrinate,9377,0,ᛈᛖᚱᛖᚷᚱᛁᚾᚪᛏᛖ,499
saddlebacks,9373,0,ᛋᚪᛞᛞᛚᛖᛒᚪᚳᚳᛋ,705
preconceive,9372,0,ᛈᚱᛖᚳᚩᚾᚳᛖᛁᚢᛖ,351
monochromat,9367,0,ᛗᚩᚾᚩᚳᚻᚱᚩᛗᚪᛏ,395
unquickened,9353,0,ᚢᚾᚳᚹᛁᚳᚳᛖᚾᛖᛞ,373
mazarinades,9344,0,ᛗᚪᛋᚪᚱᛁᚾᚪᛞᛖᛋ,695
meteorically,9328,0,ᛗᛖᛏᛇᚱᛁᚳᚪᛚᛚᚣ,639
mannishness,9328,0,ᛗᚪᚾᚾᛁᛋᚻᚾᛖᛋᛋ,535
brahmanhood,9327,0,ᛒᚱᚪᚻᛗᚪᚾᚻᚩᚩᛞ,515
mundaneness,9317,0,ᛗᚢᚾᛞᚪᚾᛖᚾᛖᛋᛋ,587
distortable,9299,0,ᛞᛁᛋᛏᚩᚱᛏᚪᛒᛚᛖ,607
burghership,9255,0,ᛒᚢᚱᚷᚻᛖᚱᛋᚻᛁᛈ,343
autoloaders,9235,0,ᚪᚢᛏᚩᛚᚩᚪᛞᛖᚱᛋ,563
nympholepsy,9231,0,ᚾᚣᛗᛈᚻᚩᛚᛖᛈᛋᚣ,615
neuroplasty,9228,0,ᚾᛖᚢᚱᚩᛈᛚᚪᛋᛏᚣ,545
carpetbagging,9226,0,ᚳᚪᚱᛈᛖᛏᛒᚪᚷᚷᛝ,561
expropriator,9214,0,ᛖᛉᛈᚱᚩᛈᚱᛡᛏᚩᚱ,413
xenogenesis,9210,0,ᛉᛖᚾᚩᚷᛖᚾᛖᛋᛁᛋ,467
levorotation,9206,0,ᛚᛖᚢᚩᚱᚩᛏᚪᛏᛡᚾ,519
parenthesize,9187,0,ᛈᚪᚱᛖᚾᚦᛖᛋᛁᛋᛖ,523
hectometres,9148,0,ᚻᛖᚳᛏᚩᛗᛖᛏᚱᛖᛋ,497
untalkative,9147,0,ᚢᚾᛏᚪᛚᚳᚪᛏᛁᚢᛖ,531
firelighter,9135,0,ᚠᛁᚱᛖᛚᛁᚷᚻᛏᛖᚱ,392
unluckiness,9134,0,ᚢᚾᛚᚢᚳᚳᛁᚾᛖᛋᛋ,367
granadillas,9103,0,ᚷᚱᚪᚾᚪᛞᛁᛚᛚᚪᛋ,667
unrenewable,9101,0,ᚢᚾᚱᛖᚾᛖᚹᚪᛒᛚᛖ,523
scruffiness,9096,0,ᛋᚳᚱᚢᚠᚠᛁᚾᛖᛋᛋ,317
chordophone,9092,0,ᚳᚻᚩᚱᛞᚩᛈᚻᚩᚾᛖ,319
whirlybirds,9088,0,ᚹᚻᛁᚱᛚᚣᛒᛁᚱᛞᛋ,505
bersagliere,9081,0,ᛒᛖᚱᛋᚪᚷᛚᛁᛖᚱᛖ,555
numberplate,9064,0,ᚾᚢᛗᛒᛖᚱᛈᛚᚪᛏᛖ,581
accustomary,9059,0,ᚪᚳᚳᚢᛋᛏᚩᛗᚪᚱᚣ,527
homoiothermic,9054,0,ᚻᚩᛗᚩᛡᚦᛖᚱᛗᛁᚳ,413
unravelment,9037,0,ᚢᚾᚱᚪᚢᛖᛚᛗᛖᚾᛏ,509
somnolently,9033,0,ᛋᚩᛗᚾᚩᛚᛖᚾᛏᛚᚣ,571
panduriform,9026,0,ᛈᚪᚾᛞᚢᚱᛁᚠᚩᚱᛗ,394
chimneyless,9011,0,ᚳᚻᛁᛗᚾᛖᚣᛚᛖᛋᛋ,583
androgenous,9000,0,ᚪᚾᛞᚱᚩᚷᛖᚾᚩᚢᛋ,409
thortveitite,8992,0,ᚦᚩᚱᛏᚢᛖᛁᛏᛁᛏᛖ,399
rhododaphne,8985,0,ᚱᚻᚩᛞᚩᛞᚪᛈᚻᚾᛖ,485
paramountly,8985,0,ᛈᚪᚱᚪᛗᚩᚢᚾᛏᛚᚣ,593
reupholster,8983,0,ᚱᛖᚢᛈᚻᚩᛚᛋᛏᛖᚱ,417
speleologist,8975,0,ᛋᛈᛖᛚᛇᛚᚩᚷᛁᛋᛏ,517
hellbenders,8958,0,ᚻᛖᛚᛚᛒᛖᚾᛞᛖᚱᛋ,613
dyslogistic,8945,0,ᛞᚣᛋᛚᚩᚷᛁᛋᛏᛁᚳ,529
mellifluent,8942,0,ᛗᛖᛚᛚᛁᚠᛚᚢᛖᚾᛏ,548
technophobe,8941,0,ᛏᛖᚳᚻᚾᚩᛈᚻᚩᛒᛖ,399
noisomeness,8939,0,ᚾᚩᛁᛋᚩᛗᛖᚾᛖᛋᛋ,467
hawkishness,8928,0,ᚻᚪᚹᚳᛁᛋᚻᚾᛖᛋᛋ,461
ceratophrys,8927,0,ᚳᛖᚱᚪᛏᚩᛈᚻᚱᚣᛋ,487
breathalyzers,8913,0,ᛒᚱᛠᚦᚪᛚᚣᛋᛖᚱᛋ,643
overachieve,8906,0,ᚩᚢᛖᚱᚪᚳᚻᛁᛖᚢᛖ,389
kerseymeres,8876,0,ᚳᛖᚱᛋᛖᚣᛗᛖᚱᛖᛋ,583
bullterrier,8876,0,ᛒᚢᛚᛚᛏᛖᚱᚱᛁᛖᚱ,467
embellisher,8874,0,ᛖᛗᛒᛖᛚᛚᛁᛋᚻᛖᚱ,597
closefisted,8873,0,ᚳᛚᚩᛋᛖᚠᛁᛋᛏᛖᛞ,514
squanderers,8870,0,ᛋᚳᚹᚪᚾᛞᛖᚱᛖᚱᛋ,509
silverberry,8869,0,ᛋᛁᛚᚢᛖᚱᛒᛖᚱᚱᚣ,491
twelvepenny,8864,0,ᛏᚹᛖᛚᚢᛖᛈᛖᚾᚾᚣ,559
recomforted,8863,0,ᚱᛖᚳᚩᛗᚠᚩᚱᛏᛖᛞ,404
razorblades,8860,0,ᚱᚪᛋᚩᚱᛒᛚᚪᛞᛖᛋ,619
interdepend,8847,0,ᛁᚾᛏᛖᚱᛞᛖᛈᛖᚾᛞ,581
ventriloquy,8846,0,ᚢᛖᚾᛏᚱᛁᛚᚩᚳᚹᚣ,415
tenebrionids,8825,0,ᛏᛖᚾᛖᛒᚱᛡᚾᛁᛞᛋ,603
dolefulness,8825,0,ᛞᚩᛚᛖᚠᚢᛚᚾᛖᛋᛋ,516
chelicerate,8822,0,ᚳᚻᛖᛚᛁᚳᛖᚱᚪᛏᛖ,521
multinomials,8813,0,ᛗᚢᛚᛏᛁᚾᚩᛗᛡᛚᛋ,577
unlocalised,8752,0,ᚢᚾᛚᚩᚳᚪᛚᛁᛋᛖᛞ,535
crawlspaces,8742,0,ᚳᚱᚪᚹᛚᛋᛈᚪᚳᛖᛋ,539
strawflower,8736,0,ᛋᛏᚱᚪᚹᚠᛚᚩᚹᛖᚱ,418
pteridology,8724,0,ᛈᛏᛖᚱᛁᛞᚩᛚᚩᚷᚣ,507
otterhounds,8706,0,ᚩᛏᛏᛖᚱᚻᚩᚢᚾᛞᛋ,407
maladroitly,8688,0,ᛗᚪᛚᚪᛞᚱᚩᛁᛏᛚᚣ,711
desiccative,8681,0,ᛞᛖᛋᛁᚳᚳᚪᛏᛁᚢᛖ,523
caoutchoucs,8676,0,ᚳᚪᚩᚢᛏᚳᚻᚩᚢᚳᛋ,291
loquaciously,8668,0,ᛚᚩᚳᚹᚪᚳᛡᚢᛋᛚᚣ,561
changelessly,8664,0,ᚳᚻᚪᛝᛖᛚᛖᛋᛋᛚᚣ,701
nonmilitant,8628,0,ᚾᚩᚾᛗᛁᛚᛁᛏᚪᚾᛏ,515
anisogamous,8626,0,ᚪᚾᛁᛋᚩᚷᚪᛗᚩᚢᛋ,465
disparagers,8618,0,ᛞᛁᛋᛈᚪᚱᚪᚷᛖᚱᛋ,569
dunderheaded,8612,0,ᛞᚢᚾᛞᛖᚱᚻᛠᛞᛖᛞ,665
crenelations,8605,0,ᚳᚱᛖᚾᛖᛚᚪᛏᛡᚾᛋ,605
masculinely,8581,0,ᛗᚪᛋᚳᚢᛚᛁᚾᛖᛚᚣ,613
orderedness,8567,0,ᚩᚱᛞᛖᚱᛖᛞᚾᛖᛋᛋ,543
pickelhaube,8561,0,ᛈᛁᚳᚳᛖᛚᚻᚪᚢᛒᛖ,491
importunacy,8541,0,ᛁᛗᛈᚩᚱᛏᚢᚾᚪᚳᚣ,467
hyperpiesis,8530,0,ᚻᚣᛈᛖᚱᛈᛁᛖᛋᛁᛋ,525
imperviously,8485,0,ᛁᛗᛈᛖᚱᚢᛡᚢᛋᛚᚣ,565
nonresidual,8467,0,ᚾᚩᚾᚱᛖᛋᛁᛞᚢᚪᛚ,489
icterogenic,8465,0,ᛁᚳᛏᛖᚱᚩᚷᛖᚾᛁᚳ,345
unflavoured,8457,0,ᚢᚾᚠᛚᚪᚢᚩᚢᚱᛖᛞ,384
unnourished,8451,0,ᚢᚾᚾᚩᚢᚱᛁᛋᚻᛖᛞ,345
arbitrative,8451,0,ᚪᚱᛒᛁᛏᚱᚪᛏᛁᚢᛖ,527
proboscises,8446,0,ᛈᚱᚩᛒᚩᛋᚳᛁᛋᛖᛋ,399
whippletree,8427,0,ᚹᚻᛁᛈᛈᛚᛖᛏᚱᛖᛖ,503
unblackened,8412,0,ᚢᚾᛒᛚᚪᚳᚳᛖᚾᛖᛞ,541
overweeningly,8407,0,ᚩᚢᛖᚱᚹᛖᛖᚾᛝᛚᚣ,525
misestimate,8396,0,ᛗᛁᛋᛖᛋᛏᛁᛗᚪᛏᛖ,659
animateness,8396,0,ᚪᚾᛁᛗᚪᛏᛖᚾᛖᛋᛋ,653
funiculitis,8391,0,ᚠᚢᚾᛁᚳᚢᛚᛁᛏᛁᛋ,328
moribundity,8390,0,ᛗᚩᚱᛁᛒᚢᚾᛞᛁᛏᚣ,495
vitrifaction,8386,0,ᚢᛁᛏᚱᛁᚠᚪᚳᛏᛡᚾ,442
firescreens,8386,0,ᚠᛁᚱᛖᛋᚳᚱᛖᛖᚾᛋ,404
hyphenations,8382,0,ᚻᚣᛈᚻᛖᚾᚪᛏᛡᚾᛋ,633
corroborant,8376,0,ᚳᚩᚱᚱᚩᛒᚩᚱᚪᚾᛏ,313
appeasements,8376,0,ᚪᛈᛈᛠᛋᛖᛗᛖᚾᛏᛋ,691
achondritic,8375,0,ᚪᚳᚻᚩᚾᛞᚱᛁᛏᛁᚳ,403
unelaborate,8366,0,ᚢᚾᛖᛚᚪᛒᚩᚱᚪᛏᛖ,571
makeweights,8353,0,ᛗᚪᚳᛖᚹᛖᛁᚷᚻᛏᛋ,517
overcareful,8320,0,ᚩᚢᛖᚱᚳᚪᚱᛖᚠᚢᛚ,354
immenseness,8303,0,ᛁᛗᛗᛖᚾᛋᛖᚾᛖᛋᛋ,591
littlenecks,8302,0,ᛚᛁᛏᛏᛚᛖᚾᛖᚳᚳᛋ,537
diversionist,8299,0,ᛞᛁᚢᛖᚱᛋᛡᚾᛁᛋᛏ,533
schipperkes,8294,0,ᛋᚳᚻᛁᛈᛈᛖᚱᚳᛖᛋ,417
surrebutter,8291,0,ᛋᚢᚱᚱᛖᛒᚢᛏᛏᛖᚱ,405
waspishness,8275,0,ᚹᚪᛋᛈᛁᛋᚻᚾᛖᛋᛋ,521
unillusioned,8269,0,ᚢᚾᛁᛚᛚᚢᛋᛡᚾᛖᛞ,557
marconigram,8263,0,ᛗᚪᚱᚳᚩᚾᛁᚷᚱᚪᛗ,455
transpierce,8260,0,ᛏᚱᚪᚾᛋᛈᛁᛖᚱᚳᛖ,481
overextends,8257,0,ᚩᚢᛖᚱᛖᛉᛏᛖᚾᛞᛋ,499
disordinate,8240,0,ᛞᛁᛋᚩᚱᛞᛁᚾᚪᛏᛖ,563
hygrophytic,8232,0,ᚻᚣᚷᚱᚩᛈᚻᚣᛏᛁᚳ,433
discomycete,8224,0,ᛞᛁᛋᚳᚩᛗᚣᚳᛖᛏᛖ,573
adrenalized,8218,0,ᚪᛞᚱᛖᚾᚪᛚᛁᛋᛖᛞ,703
unforgetful,8214,0,ᚢᚾᚠᚩᚱᚷᛖᛏᚠᚢᛚ,273
counterglow,8190,0,ᚳᚩᚢᚾᛏᛖᚱᚷᛚᚩᚹ,305
soliloquise,8180,0,ᛋᚩᛚᛁᛚᚩᚳᚹᛁᛋᛖ,427
overplotted,8171,0,ᚩᚢᛖᚱᛈᛚᚩᛏᛏᛖᛞ,485
blastoporic,8169,0,ᛒᛚᚪᛋᛏᚩᛈᚩᚱᛁᚳ,455
conglutinate,8157,0,ᚳᚩᛝᛚᚢᛏᛁᚾᚪᛏᛖ,517
machicoulis,8144,0,ᛗᚪᚳᚻᛁᚳᚩᚢᛚᛁᛋ,415
trustbuster,8141,0,ᛏᚱᚢᛋᛏᛒᚢᛋᛏᛖᚱ,439
unfunctional,8133,0,ᚢᚾᚠᚢᚾᚳᛏᛡᚾᚪᛚ,444
ungovernably,8131,0,ᚢᛝᚩᚢᛖᚱᚾᚪᛒᛚᚣ,533
persuasible,8129,0,ᛈᛖᚱᛋᚢᚪᛋᛁᛒᛚᛖ,559
chandleries,8112,0,ᚳᚻᚪᚾᛞᛚᛖᚱᛁᛖᛋ,553
sermonizers,8100,0,ᛋᛖᚱᛗᚩᚾᛁᛋᛖᚱᛋ,453
unprophetic,8097,0,ᚢᚾᛈᚱᚩᛈᚻᛖᛏᛁᚳ,329
conversancy,8092,0,ᚳᚩᚾᚢᛖᚱᛋᚪᚾᚳᚣ,425
epanalepsis,8081,0,ᛖᛈᚪᚾᚪᛚᛖᛈᛋᛁᛋ,653
spectatress,8063,0,ᛋᛈᛖᚳᛏᚪᛏᚱᛖᛋᛋ,575
likableness,8062,0,ᛚᛁᚳᚪᛒᛚᛖᚾᛖᛋᛋ,617
damoiselles,8061,0,ᛞᚪᛗᚩᛁᛋᛖᛚᛚᛖᛋ,681
windcheaters,8040,0,ᚹᛁᚾᛞᚳᚻᛠᛏᛖᚱᛋ,503
unmeditated,8030,0,ᚢᚾᛗᛖᛞᛁᛏᚪᛏᛖᛞ,661
scrutinizer,8028,0,ᛋᚳᚱᚢᛏᛁᚾᛁᛋᛖᚱ,361
denunciators,8015,0,ᛞᛖᚾᚢᚾᚳᛡᛏᚩᚱᛋ,467
plesiosaurian,7993,0,ᛈᛚᛖᛋᛡᛋᚪᚢᚱᛡᚾ,643
nonstarters,7975,0,ᚾᚩᚾᛋᛏᚪᚱᛏᛖᚱᛋ,475
bawdyhouses,7969,0,ᛒᚪᚹᛞᚣᚻᚩᚢᛋᛖᛋ,575
piggishness,7964,0,ᛈᛁᚷᚷᛁᛋᚻᚾᛖᛋᛋ,417
cannibalise,7956,0,ᚳᚪᚾᚾᛁᛒᚪᛚᛁᛋᛖ,581
middlebrows,7953,0,ᛗᛁᛞᛞᛚᛖᛒᚱᚩᚹᛋ,571
philadelphy,7951,0,ᛈᚻᛁᛚᚪᛞᛖᛚᛈᚻᚣ,665
imprimaturs,7942,0,ᛁᛗᛈᚱᛁᛗᚪᛏᚢᚱᛋ,481
undelighted,7939,0,ᚢᚾᛞᛖᛚᛁᚷᚻᛏᛖᛞ,547
northernness,7936,0,ᚾᚩᚱᚦᛖᚱᚾᚾᛖᛋᛋ,361
asparagines,7926,0,ᚪᛋᛈᚪᚱᚪᚷᛁᚾᛖᛋ,595
bootlickers,7920,0,ᛒᚩᚩᛏᛚᛁᚳᚳᛖᚱᛋ,395
escadrilles,7918,0,ᛖᛋᚳᚪᛞᚱᛁᛚᛚᛖᛋ,627
patristical,7911,0,ᛈᚪᛏᚱᛁᛋᛏᛁᚳᚪᛚ,567
clapperclaw,7910,0,ᚳᛚᚪᛈᛈᛖᚱᚳᛚᚪᚹ,549
quarrellers,7908,0,ᚳᚹᚪᚱᚱᛖᛚᛚᛖᚱᛋ,495
inobtrusive,7897,0,ᛁᚾᚩᛒᛏᚱᚢᛋᛁᚢᛖ,355
struthiomimus,7885,0,ᛋᛏᚱᚢᚦᛡᛗᛁᛗᚢᛋ,467
repleteness,7884,0,ᚱᛖᛈᛚᛖᛏᛖᚾᛖᛋᛋ,589
unmobilized,7876,0,ᚢᚾᛗᚩᛒᛁᛚᛁᛋᛖᛞ,515
monopsonies,7873,0,ᛗᚩᚾᚩᛈᛋᚩᚾᛁᛖᛋ,397
hotheadedness,7869,0,ᚻᚩᚦᛠᛞᛖᛞᚾᛖᛋᛋ,591
furnishment,7869,0,ᚠᚢᚱᚾᛁᛋᚻᛗᛖᚾᛏ,378
coagulators,7868,0,ᚳᚩᚪᚷᚢᛚᚪᛏᚩᚱᛋ,437
shopaholics,7863,0,ᛋᚻᚩᛈᚪᚻᚩᛚᛁᚳᛋ,423
preoccupancy,7855,0,ᛈᚱᛇᚳᚳᚢᛈᚪᚾᚳᚣ,409
disguisedly,7848,0,ᛞᛁᛋᚷᚢᛁᛋᛖᛞᛚᚣ,609
proletaries,7845,0,ᛈᚱᚩᛚᛖᛏᚪᚱᛁᛖᛋ,519
instigative,7838,0,ᛁᚾᛋᛏᛁᚷᚪᛏᛁᚢᛖ,477
desensitise,7833,0,ᛞᛖᛋᛖᚾᛋᛁᛏᛁᛋᛖ,599
durableness,7823,0,ᛞᚢᚱᚪᛒᛚᛖᚾᛖᛋᛋ,603
coloraturas,7814,0,ᚳᚩᛚᚩᚱᚪᛏᚢᚱᚪᛋ,431
underclothed,7805,0,ᚢᚾᛞᛖᚱᚳᛚᚩᚦᛖᛞ,453
prolixities,7803,0,ᛈᚱᚩᛚᛁᛉᛁᛏᛁᛖᛋ,453
snowberries,7787,0,ᛋᚾᚩᚹᛒᛖᚱᚱᛁᛖᛋ,409
undercoated,7778,0,ᚢᚾᛞᛖᚱᚳᚩᚪᛏᛖᛞ,531
gossipmonger,7778,0,ᚷᚩᛋᛋᛁᛈᛗᚩᛝᛖᚱ,439
anfractuous,7778,0,ᚪᚾᚠᚱᚪᚳᛏᚢᚩᚢᛋ,374
heckelphone,7765,0,ᚻᛖᚳᚳᛖᛚᛈᚻᚩᚾᛖ,425
swordfishes,7748,0,ᛋᚹᚩᚱᛞᚠᛁᛋᚻᛖᛋ,408
decarburize,7744,0,ᛞᛖᚳᚪᚱᛒᚢᚱᛁᛋᛖ,503
vascularize,7736,0,ᚢᚪᛋᚳᚢᛚᚪᚱᛁᛋᛖ,501
evanishment,7723,0,ᛖᚢᚪᚾᛁᛋᚻᛗᛖᚾᛏ,529
appreciatory,7722,0,ᚪᛈᛈᚱᛖᚳᛡᛏᚩᚱᚣ,561
silverbacks,7711,0,ᛋᛁᛚᚢᛖᚱᛒᚪᚳᚳᛋ,475
shinplaster,7698,0,ᛋᚻᛁᚾᛈᛚᚪᛋᛏᛖᚱ,539
unfastidious,7685,0,ᚢᚾᚠᚪᛋᛏᛁᛞᛡᚢᛋ,526
haplessness,7671,0,ᚻᚪᛈᛚᛖᛋᛋᚾᛖᛋᛋ,611
gibbosities,7670,0,ᚷᛁᛒᛒᚩᛋᛁᛏᛁᛖᛋ,471
blacksnakes,7652,0,ᛒᛚᚪᚳᚳᛋᚾᚪᚳᛖᛋ,569
bizarreries,7642,0,ᛒᛁᛋᚪᚱᚱᛖᚱᛁᛖᛋ,493
tropicality,7637,0,ᛏᚱᚩᛈᛁᚳᚪᛚᛁᛏᚣ,527
farmerettes,7622,0,ᚠᚪᚱᛗᛖᚱᛖᛏᛏᛖᛋ,564
keratodermia,7616,0,ᚳᛖᚱᚪᛏᚩᛞᛖᚱᛗᛡ,599
vitalisation,7593,0,ᚢᛁᛏᚪᛚᛁᛋᚪᛏᛡᚾ,639
relationless,7590,0,ᚱᛖᛚᚪᛏᛡᚾᛚᛖᛋᛋ,689
hypsography,7590,0,ᚻᚣᛈᛋᚩᚷᚱᚪᛈᚻᚣ,523
obscureness,7552,0,ᚩᛒᛋᚳᚢᚱᛖᚾᛖᛋᛋ,417
sportscasts,7548,0,ᛋᛈᚩᚱᛏᛋᚳᚪᛋᛏᛋ,501
parimutuels,7543,0,ᛈᚪᚱᛁᛗᚢᛏᚢᛖᛚᛋ,511
flickertail,7543,0,ᚠᛚᛁᚳᚳᛖᚱᛏᚪᛁᛚ,470
monochromic,7539,0,ᛗᚩᚾᚩᚳᚻᚱᚩᛗᛁᚳ,283
symmetrised,7531,0,ᛋᚣᛗᛗᛖᛏᚱᛁᛋᛖᛞ,675
quadriennial,7531,0,ᚳᚹᚪᛞᚱᛁᛖᚾᚾᛡᛚ,565
impatiences,7531,0,ᛁᛗᛈᚪᛏᛁᛖᚾᚳᛖᛋ,561
madrigalist,7523,0,ᛗᚪᛞᚱᛁᚷᚪᛚᛁᛋᛏ,629
tacheometers,7517,0,ᛏᚪᚳᚻᛇᛗᛖᛏᛖᚱᛋ,561
rhabdomancy,7517,0,ᚱᚻᚪᛒᛞᚩᛗᚪᚾᚳᚣ,601
pictureless,7510,0,ᛈᛁᚳᛏᚢᚱᛖᛚᛖᛋᛋ,473
chuckwallas,7508,0,ᚳᚻᚢᚳᚳᚹᚪᛚᛚᚪᛋ,477
amaryllises,7507,0,ᚪᛗᚪᚱᚣᛚᛚᛁᛋᛖᛋ,729
heartrendingly,7504,0,ᚻᛠᚱᛏᚱᛖᚾᛞᛝᛚᚣ,653
hippoboscid,7479,0,ᚻᛁᛈᛈᚩᛒᚩᛋᚳᛁᛞ,401
tinderboxes,7457,0,ᛏᛁᚾᛞᛖᚱᛒᚩᛉᛖᛋ,521
coarctations,7457,0,ᚳᚩᚪᚱᚳᛏᚪᛏᛡᚾᛋ,545
clergywoman,7445,0,ᚳᛚᛖᚱᚷᚣᚹᚩᛗᚪᚾ,507
underbodies,7443,0,ᚢᚾᛞᛖᚱᛒᚩᛞᛁᛖᛋ,507
uneffective,7441,0,ᚢᚾᛖᚠᚠᛖᚳᛏᛁᚢᛖ,343
undebauched,7441,0,ᚢᚾᛞᛖᛒᚪᚢᚳᚻᛖᛞ,541
monoclinous,7433,0,ᛗᚩᚾᚩᚳᛚᛁᚾᚩᚢᛋ,323
dichotomise,7424,0,ᛞᛁᚳᚻᚩᛏᚩᛗᛁᛋᛖ,451
shirtfronts,7422,0,ᛋᚻᛁᚱᛏᚠᚱᚩᚾᛏᛋ,338
honeymooner,7421,0,ᚻᚩᚾᛖᚣᛗᚩᚩᚾᛖᚱ,421
unmusically,7418,0,ᚢᚾᛗᚢᛋᛁᚳᚪᛚᛚᚣ,549
polygynists,7391,0,ᛈᚩᛚᚣᚷᚣᚾᛁᛋᛏᛋ,571
circumfused,7376,0,ᚳᛁᚱᚳᚢᛗᚠᚢᛋᛖᛞ,356
unoffensive,7372,0,ᚢᚾᚩᚠᚠᛖᚾᛋᛁᚢᛖ,293
undividable,7363,0,ᚢᚾᛞᛁᚢᛁᛞᚪᛒᛚᛖ,573
loutishness,7356,0,ᛚᚩᚢᛏᛁᛋᚻᚾᛖᛋᛋ,451
uranography,7351,0,ᚢᚱᚪᚾᚩᚷᚱᚪᛈᚻᚣ,441
insentience,7345,0,ᛁᚾᛋᛖᚾᛏᛁᛖᚾᚳᛖ,475
calefactory,7345,0,ᚳᚪᛚᛖᚠᚪᚳᛏᚩᚱᚣ,542
sousaphones,7337,0,ᛋᚩᚢᛋᚪᛈᚻᚩᚾᛖᛋ,435
headshrinker,7328,0,ᚻᛠᛞᛋᚻᚱᛁᚾᚳᛖᚱ,459
negativists,7322,0,ᚾᛖᚷᚪᛏᛁᚢᛁᛋᛏᛋ,499
fibrousness,7321,0,ᚠᛁᛒᚱᚩᚢᛋᚾᛖᛋᛋ,370
monologists,7312,0,ᛗᚩᚾᚩᛚᚩᚷᛁᛋᛏᛋ,407
unconcocted,7292,0,ᚢᚾᚳᚩᚾᚳᚩᚳᛏᛖᛞ,329
lithospheres,7288,0,ᛚᛁᚦᚩᛋᛈᚻᛖᚱᛖᛋ,433
unmercenary,7279,0,ᚢᚾᛗᛖᚱᚳᛖᚾᚪᚱᚣ,501
unkennelled,7279,0,ᚢᚾᚳᛖᚾᚾᛖᛚᛚᛖᛞ,539
escritoires,7274,0,ᛖᛋᚳᚱᛁᛏᚩᛁᚱᛖᛋ,403
chequebooks,7269,0,ᚳᚻᛖᚳᚹᛖᛒᚩᚩᚳᛋ,343
granitelike,7266,0,ᚷᚱᚪᚾᛁᛏᛖᛚᛁᚳᛖ,495
blacknesses,7266,0,ᛒᛚᚪᚳᚳᚾᛖᛋᛋᛖᛋ,579
sternutation,7254,0,ᛋᛏᛖᚱᚾᚢᛏᚪᛏᛡᚾ,573
gimcrackery,7247,0,ᚷᛁᛗᚳᚱᚪᚳᚳᛖᚱᚣ,447
foolhardily,7244,0,ᚠᚩᚩᛚᚻᚪᚱᛞᛁᛚᚣ,516
sasquatches,7242,0,ᛋᚪᛋᚳᚹᚪᛏᚳᚻᛖᛋ,547
millenaries,7239,0,ᛗᛁᛚᛚᛖᚾᚪᚱᛁᛖᛋ,603
ostensorium,7222,0,ᚩᛋᛏᛖᚾᛋᚩᚱᛁᚢᛗ,391
rhapsodised,7218,0,ᚱᚻᚪᛈᛋᚩᛞᛁᛋᛖᛞ,563
hurriedness,7211,0,ᚻᚢᚱᚱᛁᛖᛞᚾᛖᛋᛋ,437
camelopards,7211,0,ᚳᚪᛗᛖᛚᚩᛈᚪᚱᛞᛋ,621
tarantellas,7200,0,ᛏᚪᚱᚪᚾᛏᛖᛚᛚᚪᛋ,715
undermaster,7174,0,ᚢᚾᛞᛖᚱᛗᚪᛋᛏᛖᚱ,557
gramicidins,7171,0,ᚷᚱᚪᛗᛁᚳᛁᛞᛁᚾᛋ,473
strategetic,7166,0,ᛋᛏᚱᚪᛏᛖᚷᛖᛏᛁᚳ,533
bicephalous,7162,0,ᛒᛁᚳᛖᛈᚻᚪᛚᚩᚢᛋ,471
disembowels,7160,0,ᛞᛁᛋᛖᛗᛒᚩᚹᛖᛚᛋ,591
valedictions,7156,0,ᚢᚪᛚᛖᛞᛁᚳᛏᛡᚾᛋ,621
globeflower,7155,0,ᚷᛚᚩᛒᛖᚠᛚᚩᚹᛖᚱ,404
epaulements,7141,0,ᛖᛈᚪᚢᛚᛖᛗᛖᚾᛏᛋ,629
superlunary,7139,0,ᛋᚢᛈᛖᚱᛚᚢᚾᚪᚱᚣ,493
lepidolites,7135,0,ᛚᛖᛈᛁᛞᚩᛚᛁᛏᛖᛋ,593
radarscopes,7128,0,ᚱᚪᛞᚪᚱᛋᚳᚩᛈᛖᛋ,541
liberalness,7123,0,ᛚᛁᛒᛖᚱᚪᛚᚾᛖᛋᛋ,615
annunciatory,7118,0,ᚪᚾᚾᚢᚾᚳᛡᛏᚩᚱᚣ,487
disaffiliating,7112,0,ᛞᛁᛋᚪᚠᚠᛁᛚᛡᛏᛝ,623
gormandizer,7108,0,ᚷᚩᚱᛗᚪᚾᛞᛁᛋᛖᚱ,483
organisable,7092,0,ᚩᚱᚷᚪᚾᛁᛋᚪᛒᛚᛖ,543
scissortail,7085,0,ᛋᚳᛁᛋᛋᚩᚱᛏᚪᛁᛚ,481
prickleback,7080,0,ᛈᚱᛁᚳᚳᛚᛖᛒᚪᚳᚳ,435
presentably,7015,0,ᛈᚱᛖᛋᛖᚾᛏᚪᛒᛚᚣ,663
exculpations,7012,0,ᛖᛉᚳᚢᛚᛈᚪᛏᛡᚾᛋ,591
chalcidicum,6998,0,ᚳᚻᚪᛚᚳᛁᛞᛁᚳᚢᛗ,457
unexpansive,6976,0,ᚢᚾᛖᛉᛈᚪᚾᛋᛁᚢᛖ,469
demagnetise,6956,0,ᛞᛖᛗᚪᚷᚾᛖᛏᛁᛋᛖ,647
unmollified,6947,0,ᚢᚾᛗᚩᛚᛚᛁᚠᛁᛖᛞ,476
verboseness,6943,0,ᚢᛖᚱᛒᚩᛋᛖᚾᛖᛋᛋ,471
showerproof,6936,0,ᛋᚻᚩᚹᛖᚱᛈᚱᚩᚩᚠ,250
carunculate,6928,0,ᚳᚪᚱᚢᚾᚳᚢᛚᚪᛏᛖ,465
scyphozoans,6899,0,ᛋᚳᚣᛈᚻᚩᛋᚩᚪᚾᛋ,481
anthophilous,6896,0,ᚪᚾᚦᚩᛈᚻᛁᛚᚩᚢᛋ,371
abhorrently,6894,0,ᚪᛒᚻᚩᚱᚱᛖᚾᛏᛚᚣ,541
unmagnified,6887,0,ᚢᚾᛗᚪᚷᚾᛁᚠᛁᛖᛞ,466
caddishness,6885,0,ᚳᚪᛞᛞᛁᛋᚻᚾᛖᛋᛋ,597
blackbirder,6881,0,ᛒᛚᚪᚳᚳᛒᛁᚱᛞᛖᚱ,527
doctrinarian,6875,0,ᛞᚩᚳᛏᚱᛁᚾᚪᚱᛡᚾ,483
tribeswoman,6871,0,ᛏᚱᛁᛒᛖᛋᚹᚩᛗᚪᚾ,505
whiskerless,6869,0,ᚹᚻᛁᛋᚳᛖᚱᛚᛖᛋᛋ,463
alkalescent,6864,0,ᚪᛚᚳᚪᛚᛖᛋᚳᛖᚾᛏ,641
discontenting,6863,0,ᛞᛁᛋᚳᚩᚾᛏᛖᚾᛏᛝ,515
cenobitical,6852,0,ᚳᛖᚾᚩᛒᛁᛏᛁᚳᚪᛚ,481
desexualize,6845,0,ᛞᛖᛋᛖᛉᚢᚪᛚᛁᛋᛖ,647
fruticulose,6836,0,ᚠᚱᚢᛏᛁᚳᚢᛚᚩᛋᛖ,322
mignonettes,6831,0,ᛗᛁᚷᚾᚩᚾᛖᛏᛏᛖᛋ,489
cognoscible,6828,0,ᚳᚩᚷᚾᚩᛋᚳᛁᛒᛚᛖ,371
epispastics,6816,0,ᛖᛈᛁᛋᛈᚪᛋᛏᛁᚳᛋ,543
dissimilate,6795,0,ᛞᛁᛋᛋᛁᛗᛁᛚᚪᛏᛖ,655
disciplinal,6783,0,ᛞᛁᛋᚳᛁᛈᛚᛁᚾᚪᛚ,563
unfrequency,6780,0,ᚢᚾᚠᚱᛖᚳᚹᛖᚾᚳᚣ,356
blitzkriegs,6773,0,ᛒᛚᛁᛏᛋᚳᚱᛁᛖᚷᛋ,469
hirsuteness,6766,0,ᚻᛁᚱᛋᚢᛏᛖᚾᛖᛋᛋ,449
multicolors,6759,0,ᛗᚢᛚᛏᛁᚳᚩᛚᚩᚱᛋ,401
aniseikonic,6754,0,ᚪᚾᛁᛋᛖᛁᚳᚩᚾᛁᚳ,401
insipidness,6735,0,ᛁᚾᛋᛁᛈᛁᛞᚾᛖᛋᛋ,509
millidegree,6733,0,ᛗᛁᛚᛚᛁᛞᛖᚷᚱᛖᛖ,597
pyrographic,6725,0,ᛈᚣᚱᚩᚷᚱᚪᛈᚻᛁᚳ,399
polycythemias,6718,0,ᛈᚩᛚᚣᚳᚣᚦᛖᛗᛡᛋ,645
bicuspidate,6710,0,ᛒᛁᚳᚢᛋᛈᛁᛞᚪᛏᛖ,547
subsumptions,6706,0,ᛋᚢᛒᛋᚢᛗᛈᛏᛡᚾᛋ,535
sockdolager,6704,0,ᛋᚩᚳᚳᛞᚩᛚᚪᚷᛖᚱ,447
accipitrine,6688,0,ᚪᚳᚳᛁᛈᛁᛏᚱᛁᚾᛖ,425
historiette,6673,0,ᚻᛁᛋᛏᚩᚱᛁᛖᛏᛏᛖ,467
ovariotomist,6661,0,ᚩᚢᚪᚱᛡᛏᚩᛗᛁᛋᛏ,505
yellowbacks,6659,0,ᚣᛖᛚᛚᚩᚹᛒᚪᚳᚳᛋ,579
epidermises,6654,0,ᛖᛈᛁᛞᛖᚱᛗᛁᛋᛖᛋ,583
unnutritious,6649,0,ᚢᚾᚾᚢᛏᚱᛁᛏᛡᚢᛋ,387
cryptophyte,6646,0,ᚳᚱᚣᛈᛏᚩᛈᚻᚣᛏᛖ,531
antimasques,6644,0,ᚪᚾᛏᛁᛗᚪᛋᚳᚹᛖᛋ,589
insinuative,6633,0,ᛁᚾᛋᛁᚾᚢᚪᛏᛁᚢᛖ,433
asceticisms,6620,0,ᚪᛋᚳᛖᛏᛁᚳᛁᛋᛗᛋ,541
eupatoriums,6610,0,ᛖᚢᛈᚪᛏᚩᚱᛁᚢᛗᛋ,445
unpoetically,6585,0,ᚢᚾᛈᛟᛏᛁᚳᚪᛚᛚᚣ,607
barycenters,6572,0,ᛒᚪᚱᚣᚳᛖᚾᛏᛖᚱᛋ,571
colorlessly,6558,0,ᚳᚩᛚᚩᚱᛚᛖᛋᛋᛚᚣ,533
floweriness,6547,0,ᚠᛚᚩᚹᛖᚱᛁᚾᛖᛋᛋ,412
protractions,6538,0,ᛈᚱᚩᛏᚱᚪᚳᛏᛡᚾᛋ,489
apperceives,6536,0,ᚪᛈᛈᛖᚱᚳᛖᛁᚢᛖᛋ,495
anthropogeny,6521,0,ᚪᚾᚦᚱᚩᛈᚩᚷᛖᚾᚣ,415
temporizers,6511,0,ᛏᛖᛗᛈᚩᚱᛁᛋᛖᚱᛋ,473
anemometric,6508,0,ᚪᚾᛖᛗᚩᛗᛖᛏᚱᛁᚳ,523
incorrupted,6497,0,ᛁᚾᚳᚩᚱᚱᚢᛈᛏᛖᛞ,363
bestowments,6472,0,ᛒᛖᛋᛏᚩᚹᛗᛖᚾᛏᛋ,545
schoolkeeping,6464,0,ᛋᚳᚻᚩᚩᛚᚳᛖᛖᛈᛝ,445
niersteiner,6464,0,ᚾᛁᛖᚱᛋᛏᛖᛁᚾᛖᚱ,455
unscrambles,6462,0,ᚢᚾᛋᚳᚱᚪᛗᛒᛚᛖᛋ,531
respondency,6456,0,ᚱᛖᛋᛈᚩᚾᛞᛖᚾᚳᚣ,511
butterworts,6436,0,ᛒᚢᛏᛏᛖᚱᚹᚩᚱᛏᛋ,409
unpaintable,6431,0,ᚢᚾᛈᚪᛁᚾᛏᚪᛒᛚᛖ,589
subsidizers,6418,0,ᛋᚢᛒᛋᛁᛞᛁᛋᛖᚱᛋ,505
preterhuman,6416,0,ᛈᚱᛖᛏᛖᚱᚻᚢᛗᚪᚾ,481
benedictive,6406,0,ᛒᛖᚾᛖᛞᛁᚳᛏᛁᚢᛖ,517
charlestons,6396,0,ᚳᚻᚪᚱᛚᛖᛋᛏᚩᚾᛋ,485
allometries,6393,0,ᚪᛚᛚᚩᛗᛖᛏᚱᛁᛖᛋ,609
rubbernecks,6385,0,ᚱᚢᛒᛒᛖᚱᚾᛖᚳᚳᛋ,389
revindicate,6384,0,ᚱᛖᚢᛁᚾᛞᛁᚳᚪᛏᛖ,497
archegoniate,6384,0,ᚪᚱᚳᚻᛖᚷᚩᚾᛡᛏᛖ,497
questionists,6383,0,ᚳᚹᛖᛋᛏᛡᚾᛁᛋᛏᛋ,543
interphones,6373,0,ᛁᚾᛏᛖᚱᛈᚻᚩᚾᛖᛋ,419
cherishment,6367,0,ᚳᚻᛖᚱᛁᛋᚻᛗᛖᚾᛏ,447
chansonette,6356,0,ᚳᚻᚪᚾᛋᚩᚾᛖᛏᛏᛖ,503
hoggishness,6339,0,ᚻᚩᚷᚷᛁᛋᚻᚾᛖᛋᛋ,373
cosignatory,6335,0,ᚳᚩᛋᛁᚷᚾᚪᛏᚩᚱᚣ,427
recognitory,6332,0,ᚱᛖᚳᚩᚷᚾᛁᛏᚩᚱᚣ,355
catercorner,6332,0,ᚳᚪᛏᛖᚱᚳᚩᚱᚾᛖᚱ,385
diacriticals,6319,0,ᛞᛡᚳᚱᛁᛏᛁᚳᚪᛚᛋ,577
vibraphones,6306,0,ᚢᛁᛒᚱᚪᛈᚻᚩᚾᛖᛋ,425
festiveness,6306,0,ᚠᛖᛋᛏᛁᚢᛖᚾᛖᛋᛋ,484
unregardful,6275,0,ᚢᚾᚱᛖᚷᚪᚱᛞᚠᚢᛚ,402
ambivalency,6272,0,ᚪᛗᛒᛁᚢᚪᛚᛖᚾᚳᚣ,645
flourishingly,6271,0,ᚠᛚᚩᚢᚱᛁᛋᚻᛝᛚᚣ,458
soubriquets,6262,0,ᛋᚩᚢᛒᚱᛁᚳᚹᛖᛏᛋ,377
tenderfoots,6261,0,ᛏᛖᚾᛞᛖᚱᚠᚩᚩᛏᛋ,450
unkemptness,6248,0,ᚢᚾᚳᛖᛗᛈᛏᚾᛖᛋᛋ,487
additaments,6245,0,ᚪᛞᛞᛁᛏᚪᛗᛖᚾᛏᛋ,741
affricative,6223,0,ᚪᚠᚠᚱᛁᚳᚪᛏᛁᚢᛖ,413
podsnappery,6220,0,ᛈᚩᛞᛋᚾᚪᛈᛈᛖᚱᚣ,585
braggadocios,6214,0,ᛒᚱᚪᚷᚷᚪᛞᚩᚳᛡᛋ,569
hornswoggle,6210,0,ᚻᚩᚱᚾᛋᚹᚩᚷᚷᛚᛖ,323
babyishness,6207,0,ᛒᚪᛒᚣᛁᛋᚻᚾᛖᛋᛋ,631
zoomorphism,6205,0,ᛋᚩᚩᛗᚩᚱᛈᚻᛁᛋᛗ,377
coffeecakes,6187,0,ᚳᚩᚠᚠᛖᛖᚳᚪᚳᛖᛋ,401
gynecocracy,6177,0,ᚷᚣᚾᛖᚳᚩᚳᚱᚪᚳᚣ,473
redundances,6171,0,ᚱᛖᛞᚢᚾᛞᚪᚾᚳᛖᛋ,547
unconciliating,6169,0,ᚢᚾᚳᚩᚾᚳᛁᛚᛡᛏᛝ,443
compurgator,6140,0,ᚳᚩᛗᛈᚢᚱᚷᚪᛏᚩᚱ,339
hexahedrons,6137,0,ᚻᛖᛉᚪᚻᛖᛞᚱᚩᚾᛋ,513
thievishness,6120,0,ᚦᛁᛖᚢᛁᛋᚻᚾᛖᛋᛋ,415
wolframites,6111,0,ᚹᚩᛚᚠᚱᚪᛗᛁᛏᛖᛋ,490
stonyhearted,6106,0,ᛋᛏᚩᚾᚣᚻᛠᚱᛏᛖᛞ,609
epidiascopes,6102,0,ᛖᛈᛁᛞᛡᛋᚳᚩᛈᛖᛋ,573
phlebograms,6095,0,ᛈᚻᛚᛖᛒᚩᚷᚱᚪᛗᛋ,523
deprecative,6094,0,ᛞᛖᛈᚱᛖᚳᚪᛏᛁᚢᛖ,547
infrequence,6092,0,ᛁᚾᚠᚱᛖᚳᚹᛖᚾᚳᛖ,348
aptitudinal,6091,0,ᚪᛈᛏᛁᛏᚢᛞᛁᚾᚪᛚ,611
demigoddess,6082,0,ᛞᛖᛗᛁᚷᚩᛞᛞᛖᛋᛋ,633
gallinipper,6080,0,ᚷᚪᛚᛚᛁᚾᛁᛈᛈᛖᚱ,515
grandmammas,6071,0,ᚷᚱᚪᚾᛞᛗᚪᛗᛗᚪᛋ,703
unsandalled,6067,0,ᚢᚾᛋᚪᚾᛞᚪᛚᛚᛖᛞ,699
pellucidity,6057,0,ᛈᛖᛚᛚᚢᚳᛁᛞᛁᛏᚣ,585
sandbaggers,6046,0,ᛋᚪᚾᛞᛒᚪᚷᚷᛖᚱᛋ,591
archeopteryx,6041,0,ᚪᚱᚳᚻᛇᛈᛏᛖᚱᚣᛉ,515
trapshooter,6039,0,ᛏᚱᚪᛈᛋᚻᚩᚩᛏᛖᚱ,437
unchangingness,6036,0,ᚢᚾᚳᚻᚪᛝᛝᚾᛖᛋᛋ,525
albuminurias,6031,0,ᚪᛚᛒᚢᛗᛁᚾᚢᚱᛡᛋ,539
fisherpeople,6030,0,ᚠᛁᛋᚻᛖᚱᛈᛇᛈᛚᛖ,454
commensally,6027,0,ᚳᚩᛗᛗᛖᚾᛋᚪᛚᛚᚣ,657
conciliatingly,6019,0,ᚳᚩᚾᚳᛁᛚᛡᛏᛝᛚᚣ,587
obliterator,6013,0,ᚩᛒᛚᛁᛏᛖᚱᚪᛏᚩᚱ,483
decapitator,5993,0,ᛞᛖᚳᚪᛈᛁᛏᚪᛏᚩᚱ,573
accordantly,5984,0,ᚪᚳᚳᚩᚱᛞᚪᚾᛏᛚᚣ,591
unrecognizing,5983,0,ᚢᚾᚱᛖᚳᚩᚷᚾᛁᛋᛝ,339
chlorinates,5976,0,ᚳᚻᛚᚩᚱᛁᚾᚪᛏᛖᛋ,463
undelineated,5959,0,ᚢᚾᛞᛖᛚᛁᚾᛠᛏᛖᛞ,645
uneffectual,5950,0,ᚢᚾᛖᚠᚠᛖᚳᛏᚢᚪᛚ,415
sinuousness,5942,0,ᛋᛁᚾᚢᚩᚢᛋᚾᛖᛋᛋ,381
cardsharper,5926,0,ᚳᚪᚱᛞᛋᚻᚪᚱᛈᛖᚱ,515
genteelness,5925,0,ᚷᛖᚾᛏᛖᛖᛚᚾᛖᛋᛋ,581
brainwashes,5919,0,ᛒᚱᚪᛁᚾᚹᚪᛋᚻᛖᛋ,541
draftswoman,5918,0,ᛞᚱᚪᚠᛏᛋᚹᚩᛗᚪᚾ,534
forethoughts,5915,0,ᚠᚩᚱᛖᚦᚩᚢᚷᚻᛏᛋ,254
compassable,5900,0,ᚳᚩᛗᛈᚪᛋᛋᚪᛒᛚᛖ,635
wiretappers,5891,0,ᚹᛁᚱᛖᛏᚪᛈᛈᛖᚱᛋ,501
pluperfects,5872,0,ᛈᛚᚢᛈᛖᚱᚠᛖᚳᛏᛋ,434
unbenefited,5865,0,ᚢᚾᛒᛖᚾᛖᚠᛁᛏᛖᛞ,504
asphyxiations,5863,0,ᚪᛋᛈᚻᚣᛉᛡᛏᛡᚾᛋ,721
candlewicks,5861,0,ᚳᚪᚾᛞᛚᛖᚹᛁᚳᚳᛋ,497
brachyurous,5860,0,ᛒᚱᚪᚳᚻᚣᚢᚱᚩᚢᛋ,385
madagascans,5847,0,ᛗᚪᛞᚪᚷᚪᛋᚳᚪᚾᛋ,713
alabastrine,5843,0,ᚪᛚᚪᛒᚪᛋᛏᚱᛁᚾᛖ,675
stateswomen,5827,0,ᛋᛏᚪᛏᛖᛋᚹᚩᛗᛖᚾ,581
diffidences,5819,0,ᛞᛁᚠᚠᛁᛞᛖᚾᚳᛖᛋ,473
alstroemerias,5818,0,ᚪᛚᛋᛏᚱᛟᛗᛖᚱᛡᛋ,685
desacralize,5817,0,ᛞᛖᛋᚪᚳᚱᚪᛚᛁᛋᛖ,651
amphibrachs,5809,0,ᚪᛗᛈᚻᛁᛒᚱᚪᚳᚻᛋ,523
neuromatous,5794,0,ᚾᛖᚢᚱᚩᛗᚪᛏᚩᚢᛋ,407
catechismal,5790,0,ᚳᚪᛏᛖᚳᚻᛁᛋᛗᚪᛚ,597
hebdomadary,5775,0,ᚻᛖᛒᛞᚩᛗᚪᛞᚪᚱᚣ,715
rheumaticky,5773,0,ᚱᚻᛖᚢᛗᚪᛏᛁᚳᚳᚣ,491
parochiality,5766,0,ᛈᚪᚱᚩᚳᚻᛡᛚᛁᛏᚣ,567
disembogued,5764,0,ᛞᛁᛋᛖᛗᛒᚩᚷᚢᛖᛞ,555
pitifullest,5763,0,ᛈᛁᛏᛁᚠᚢᛚᛚᛖᛋᛏ,494
mitrailleur,5762,0,ᛗᛁᛏᚱᚪᛁᛚᛚᛖᚢᚱ,527
scotomatous,5733,0,ᛋᚳᚩᛏᚩᛗᚪᛏᚩᚢᛋ,429
thanatophobia,5723,0,ᚦᚪᚾᚪᛏᚩᛈᚻᚩᛒᛡ,535
pussyfooted,5703,0,ᛈᚢᛋᛋᚣᚠᚩᚩᛏᛖᛞ,486
nonslippery,5688,0,ᚾᚩᚾᛋᛚᛁᛈᛈᛖᚱᚣ,489
phytophagic,5683,0,ᛈᚻᚣᛏᚩᛈᚻᚪᚷᛁᚳ,459
gallivanted,5668,0,ᚷᚪᛚᛚᛁᚢᚪᚾᛏᛖᛞ,635
systematism,5665,0,ᛋᚣᛋᛏᛖᛗᚪᛏᛁᛋᛗ,717
aquatically,5660,0,ᚪᚳᚹᚪᛏᛁᚳᚪᛚᛚᚣ,675
highjackers,5641,0,ᚻᛁᚷᚻᛂᚪᚳᚳᛖᚱᛋ,385
anthropoidal,5626,0,ᚪᚾᚦᚱᚩᛈᚩᛁᛞᚪᛚ,489
titanically,5620,0,ᛏᛁᛏᚪᚾᛁᚳᚪᛚᛚᚣ,665
raffishness,5620,0,ᚱᚪᚠᚠᛁᛋᚻᚾᛖᛋᛋ,421
breathalysers,5620,0,ᛒᚱᛠᚦᚪᛚᚣᛋᛖᚱᛋ,643
roughhoused,5619,0,ᚱᚩᚢᚷᚻᚻᚩᚢᛋᛖᛞ,303
inobservant,5616,0,ᛁᚾᚩᛒᛋᛖᚱᚢᚪᚾᛏ,447
kinnikinick,5610,0,ᚳᛁᚾᚾᛁᚳᛁᚾᛁᚳᚳ,263
dolabriform,5599,0,ᛞᚩᛚᚪᛒᚱᛁᚠᚩᚱᛗ,460
crumbliness,5596,0,ᚳᚱᚢᛗᛒᛚᛁᚾᛖᛋᛋ,465
handbarrows,5593,0,ᚻᚪᚾᛞᛒᚪᚱᚱᚩᚹᛋ,497
moronically,5583,0,ᛗᚩᚱᚩᚾᛁᚳᚪᛚᛚᚣ,515
funambulist,5580,0,ᚠᚢᚾᚪᛗᛒᚢᛚᛁᛋᛏ,482
bellarmines,5573,0,ᛒᛖᛚᛚᚪᚱᛗᛁᚾᛖᛋ,633
queernesses,5551,0,ᚳᚹᛖᛖᚱᚾᛖᛋᛋᛖᛋ,499
unretentive,5537,0,ᚢᚾᚱᛖᛏᛖᚾᛏᛁᚢᛖ,425
sinistrorse,5534,0,ᛋᛁᚾᛁᛋᛏᚱᚩᚱᛋᛖ,405
traducement,5529,0,ᛏᚱᚪᛞᚢᚳᛖᛗᛖᚾᛏ,565
pentahedron,5529,0,ᛈᛖᚾᛏᚪᚻᛖᛞᚱᚩᚾ,521
elasticised,5521,0,ᛖᛚᚪᛋᛏᛁᚳᛁᛋᛖᛞ,633
anonymities,5517,0,ᚪᚾᚩᚾᚣᛗᛁᛏᛁᛖᛋ,577
scuppernongs,5515,0,ᛋᚳᚢᛈᛈᛖᚱᚾᚩᛝᛋ,401
ninnyhammer,5512,0,ᚾᛁᚾᚾᚣᚻᚪᛗᛗᛖᚱ,561
raunchiness,5511,0,ᚱᚪᚢᚾᚳᚻᛁᚾᛖᛋᛋ,409
quotability,5511,0,ᚳᚹᚩᛏᚪᛒᛁᛚᛁᛏᚣ,553
captivations,5498,0,ᚳᚪᛈᛏᛁᚢᚪᛏᛡᚾᛋ,591
complexness,5480,0,ᚳᚩᛗᛈᛚᛖᛉᚾᛖᛋᛋ,523
butterballs,5479,0,ᛒᚢᛏᛏᛖᚱᛒᚪᛚᛚᛋ,617
imperturbed,5469,0,ᛁᛗᛈᛖᚱᛏᚢᚱᛒᛖᛞ,513
philandered,5455,0,ᛈᚻᛁᛚᚪᚾᛞᛖᚱᛖᛞ,619
redescended,5442,0,ᚱᛖᛞᛖᛋᚳᛖᚾᛞᛖᛞ,641
keratoscope,5440,0,ᚳᛖᚱᚪᛏᚩᛋᚳᚩᛈᛖ,437
unrepealable,5430,0,ᚢᚾᚱᛖᛈᛠᛚᚪᛒᛚᛖ,633
neuropteran,5415,0,ᚾᛖᚢᚱᚩᛈᛏᛖᚱᚪᚾ,423
planography,5409,0,ᛈᛚᚪᚾᚩᚷᚱᚪᛈᚻᚣ,543
shovelboard,5398,0,ᛋᚻᚩᚢᛖᛚᛒᚩᚪᚱᛞ,491
psilophytes,5397,0,ᛈᛋᛁᛚᚩᛈᚻᚣᛏᛖᛋ,555
freewheeled,5391,0,ᚠᚱᛖᛖᚹᚻᛖᛖᛚᛖᛞ,552
grossnesses,5388,0,ᚷᚱᚩᛋᛋᚾᛖᛋᛋᛖᛋ,463
soldierfish,5383,0,ᛋᚩᛚᛞᛁᛖᚱᚠᛁᛋᚻ,440
praetorships,5370,0,ᛈᚱᚫᛏᚩᚱᛋᚻᛁᛈᛋ,435
surplusages,5355,0,ᛋᚢᚱᛈᛚᚢᛋᚪᚷᛖᛋ,473
epicyclical,5348,0,ᛖᛈᛁᚳᚣᚳᛚᛁᚳᚪᛚ,557
aircraftmen,5345,0,ᚪᛁᚱᚳᚱᚪᚠᛏᛗᛖᚾ,488
monegasques,5335,0,ᛗᚩᚾᛖᚷᚪᛋᚳᚹᛖᛋ,493
amateurship,5329,0,ᚪᛗᚪᛏᛖᚢᚱᛋᚻᛁᛈ,555
unexclusive,5328,0,ᚢᚾᛖᛉᚳᛚᚢᛋᛁᚢᛖ,389
inheritress,5324,0,ᛁᚾᚻᛖᚱᛁᛏᚱᛖᛋᛋ,435
cavillations,5322,0,ᚳᚪᚢᛁᛚᛚᚪᛏᛡᚾᛋ,635
destroyable,5320,0,ᛞᛖᛋᛏᚱᚩᚣᚪᛒᛚᛖ,687
venturously,5309,0,ᚢᛖᚾᛏᚢᚱᚩᚢᛋᛚᚣ,411
constipates,5306,0,ᚳᚩᚾᛋᛏᛁᛈᚪᛏᛖᛋ,511
panification,5298,0,ᛈᚪᚾᛁᚠᛁᚳᚪᛏᛡᚾ,538
tumescences,5289,0,ᛏᚢᛗᛖᛋᚳᛖᚾᚳᛖᛋ,495
unchivalric,5272,0,ᚢᚾᚳᚻᛁᚢᚪᛚᚱᛁᚳ,327
buttonhooks,5258,0,ᛒᚢᛏᛏᚩᚾᚻᚩᚩᚳᛋ,321
hydragogues,5257,0,ᚻᚣᛞᚱᚪᚷᚩᚷᚢᛖᛋ,487
fissiparity,5250,0,ᚠᛁᛋᛋᛁᛈᚪᚱᛁᛏᚣ,514
howsomdever,5245,0,ᚻᚩᚹᛋᚩᛗᛞᛖᚢᛖᚱ,417
cumulonimbi,5243,0,ᚳᚢᛗᚢᛚᚩᚾᛁᛗᛒᛁ,393
ungentleness,5227,0,ᚢᛝᛖᚾᛏᛚᛖᚾᛖᛋᛋ,579
orientalize,5223,0,ᚩᚱᛁᛖᚾᛏᚪᛚᛁᛋᛖ,525
princeliest,5215,0,ᛈᚱᛁᚾᚳᛖᛚᛁᛖᛋᛏ,477
ejaculators,5214,0,ᛖᛂᚪᚳᚢᛚᚪᛏᚩᚱᛋ,517
battleplane,5214,0,ᛒᚪᛏᛏᛚᛖᛈᛚᚪᚾᛖ,725
granduncles,5203,0,ᚷᚱᚪᚾᛞᚢᚾᚳᛚᛖᛋ,481
depreciators,5198,0,ᛞᛖᛈᚱᛖᚳᛡᛏᚩᚱᛋ,527
overflowingly,5196,0,ᚩᚢᛖᚱᚠᛚᚩᚹᛝᛚᚣ,444
illuminable,5193,0,ᛁᛚᛚᚢᛗᛁᚾᚪᛒᛚᛖ,609
resurrector,5180,0,ᚱᛖᛋᚢᚱᚱᛖᚳᛏᚩᚱ,313
diverseness,5180,0,ᛞᛁᚢᛖᚱᛋᛖᚾᛖᛋᛋ,523
daredevilry,5173,0,ᛞᚪᚱᛖᛞᛖᚢᛁᛚᚱᚣ,641
psychopomps,5164,0,ᛈᛋᚣᚳᚻᚩᛈᚩᛗᛈᛋ,459
commixtures,5160,0,ᚳᚩᛗᛗᛁᛉᛏᚢᚱᛖᛋ,433
overwatched,5159,0,ᚩᚢᛖᚱᚹᚪᛏᚳᚻᛖᛞ,455
inobedience,5129,0,ᛁᚾᚩᛒᛖᛞᛁᛖᚾᚳᛖ,491
crapshooter,5129,0,ᚳᚱᚪᛈᛋᚻᚩᚩᛏᛖᚱ,391
titanosaurs,5119,0,ᛏᛁᛏᚪᚾᚩᛋᚪᚢᚱᛋ,499
decennaries,5106,0,ᛞᛖᚳᛖᚾᚾᚪᚱᛁᛖᛋ,553
gourmandism,5105,0,ᚷᚩᚢᚱᛗᚪᚾᛞᛁᛋᛗ,479
greenbriers,5099,0,ᚷᚱᛖᛖᚾᛒᚱᛁᛖᚱᛋ,425
countryseats,5091,0,ᚳᚩᚢᚾᛏᚱᚣᛋᛠᛏᛋ,499
livableness,5090,0,ᛚᛁᚢᚪᛒᛚᛖᚾᛖᛋᛋ,607
haciendados,5077,0,ᚻᚪᚳᛁᛖᚾᛞᚪᛞᚩᛋ,595
subtrahends,5068,0,ᛋᚢᛒᛏᚱᚪᚻᛖᚾᛞᛋ,545
austereness,5055,0,ᚪᚢᛋᛏᛖᚱᛖᚾᛖᛋᛋ,559
gastronomer,5054,0,ᚷᚪᛋᛏᚱᚩᚾᚩᛗᛖᚱ,429
arthroscopes,5053,0,ᚪᚱᚦᚱᚩᛋᚳᚩᛈᛖᛋ,367
antiphonals,5040,0,ᚪᚾᛏᛁᛈᚻᚩᚾᚪᛚᛋ,541
raggamuffin,5022,0,ᚱᚪᚷᚷᚪᛗᚢᚠᚠᛁᚾ,377
ratiocinator,5017,0,ᚱᚪᛏᛡᚳᛁᚾᚪᛏᚩᚱ,521
internuncios,5012,0,ᛁᚾᛏᛖᚱᚾᚢᚾᚳᛡᛋ,431
saccharoses,5010,0,ᛋᚪᚳᚳᚻᚪᚱᚩᛋᛖᛋ,487
auriculated,5009,0,ᚪᚢᚱᛁᚳᚢᛚᚪᛏᛖᛞ,543
sidesaddles,4987,0,ᛋᛁᛞᛖᛋᚪᛞᛞᛚᛖᛋ,761
hyperbolize,4986,0,ᚻᚣᛈᛖᚱᛒᚩᛚᛁᛋᛖ,539
ignobleness,4985,0,ᛁᚷᚾᚩᛒᛚᛖᚾᛖᛋᛋ,487
wienerwurst,4979,0,ᚹᛁᛖᚾᛖᚱᚹᚢᚱᛋᛏ,369
decarbonise,4963,0,ᛞᛖᚳᚪᚱᛒᚩᚾᛁᛋᛖ,525
apocynaceous,4948,0,ᚪᛈᚩᚳᚣᚾᚪᚳᛇᚢᛋ,499
sufficingness,4947,0,ᛋᚢᚠᚠᛁᚳᛝᚾᛖᛋᛋ,385
tettigoniid,4937,0,ᛏᛖᛏᛏᛁᚷᚩᚾᛁᛁᛞ,479
oversleeves,4922,0,ᚩᚢᛖᚱᛋᛚᛖᛖᚢᛖᛋ,471
unpalatably,4919,0,ᚢᚾᛈᚪᛚᚪᛏᚪᛒᛚᚣ,735
brainlessly,4919,0,ᛒᚱᚪᛁᚾᛚᛖᛋᛋᛚᚣ,651
snickersnee,4915,0,ᛋᚾᛁᚳᚳᛖᚱᛋᚾᛖᛖ,433
infallibles,4913,0,ᛁᚾᚠᚪᛚᛚᛁᛒᛚᛖᛋ,590
polyadelphia,4911,0,ᛈᚩᛚᚣᚪᛞᛖᛚᛈᚻᛡ,725
unjaundiced,4910,0,ᚢᚾᛂᚪᚢᚾᛞᛁᚳᛖᛞ,487
cosmogonist,4898,0,ᚳᚩᛋᛗᚩᚷᚩᚾᛁᛋᛏ,347
prussianised,4893,0,ᛈᚱᚢᛋᛋᛡᚾᛁᛋᛖᛞ,539
syntactician,4887,0,ᛋᚣᚾᛏᚪᚳᛏᛁᚳᛡᚾ,593
sertularians,4884,0,ᛋᛖᚱᛏᚢᛚᚪᚱᛡᚾᛋ,563
sheriffwick,4883,0,ᛋᚻᛖᚱᛁᚠᚠᚹᛁᚳᚳ,265
chromograph,4879,0,ᚳᚻᚱᚩᛗᚩᚷᚱᚪᛈᚻ,323
overprecise,4865,0,ᚩᚢᛖᚱᛈᚱᛖᚳᛁᛋᛖ,373
accompanier,4865,0,ᚪᚳᚳᚩᛗᛈᚪᚾᛁᛖᚱ,479
antecedency,4864,0,ᚪᚾᛏᛖᚳᛖᛞᛖᚾᚳᚣ,633
gleefulness,4851,0,ᚷᛚᛖᛖᚠᚢᛚᚾᛖᛋᛋ,504
homogenesis,4848,0,ᚻᚩᛗᚩᚷᛖᚾᛖᛋᛁᛋ,425
eternalness,4847,0,ᛖᛏᛖᚱᚾᚪᛚᚾᛖᛋᛋ,605
brahmanists,4846,0,ᛒᚱᚪᚻᛗᚪᚾᛁᛋᛏᛋ,585
benignities,4846,0,ᛒᛖᚾᛁᚷᚾᛁᛏᛁᛖᛋ,475
starflowers,4838,0,ᛋᛏᚪᚱᚠᛚᚩᚹᛖᚱᛋ,452
amphibiously,4836,0,ᚪᛗᛈᚻᛁᛒᛡᚢᛋᛚᚣ,665
cowcatchers,4820,0,ᚳᚩᚹᚳᚪᛏᚳᚻᛖᚱᛋ,375
waldmeister,4817,0,ᚹᚪᛚᛞᛗᛖᛁᛋᛏᛖᚱ,637
tarradiddle,4814,0,ᛏᚪᚱᚱᚪᛞᛁᛞᛞᛚᛖ,713
cerebellums,4812,0,ᚳᛖᚱᛖᛒᛖᛚᛚᚢᛗᛋ,559
chloroforms,4811,0,ᚳᚻᛚᚩᚱᚩᚠᚩᚱᛗᛋ,278
trilaterals,4809,0,ᛏᚱᛁᛚᚪᛏᛖᚱᚪᛚᛋ,631
metacentres,4788,0,ᛗᛖᛏᚪᚳᛖᚾᛏᚱᛖᛋ,593
inutilities,4785,0,ᛁᚾᚢᛏᛁᛚᛁᛏᛁᛖᛋ,467
flimflammed,4781,0,ᚠᛚᛁᛗᚠᛚᚪᛗᛗᛖᛞ,647
obscurement,4780,0,ᚩᛒᛋᚳᚢᚱᛖᛗᛖᚾᛏ,441
quadrillionth,4773,0,ᚳᚹᚪᛞᚱᛁᛚᛚᛡᚾᚦ,547
divulgement,4771,0,ᛞᛁᚢᚢᛚᚷᛖᛗᛖᚾᛏ,509
taletellers,4763,0,ᛏᚪᛚᛖᛏᛖᛚᛚᛖᚱᛋ,699
sauropsidan,4761,0,ᛋᚪᚢᚱᚩᛈᛋᛁᛞᚪᚾ,513
uranoplasty,4749,0,ᚢᚱᚪᚾᚩᛈᛚᚪᛋᛏᚣ,575
fictionalise,4742,0,ᚠᛁᚳᛏᛡᚾᚪᛚᛁᛋᛖ,562
actinolites,4738,0,ᚪᚳᛏᛁᚾᚩᛚᛁᛏᛖᛋ,519
convincible,4728,0,ᚳᚩᚾᚢᛁᚾᚳᛁᛒᛚᛖ,357
crookbacked,4724,0,ᚳᚱᚩᚩᚳᛒᚪᚳᚳᛖᛞ,391
wardenships,4720,0,ᚹᚪᚱᛞᛖᚾᛋᚻᛁᛈᛋ,515
stripteasers,4714,0,ᛋᛏᚱᛁᛈᛏᛠᛋᛖᚱᛋ,549
housefathers,4707,0,ᚻᚩᚢᛋᛖᚠᚪᚦᛖᚱᛋ,388
achlamydeous,4706,0,ᚪᚳᚻᛚᚪᛗᚣᛞᛇᚢᛋ,663
plectognaths,4699,0,ᛈᛚᛖᚳᛏᚩᚷᚾᚪᚦᛋ,463
trimetrical,4680,0,ᛏᚱᛁᛗᛖᛏᚱᛁᚳᚪᛚ,523
flyswatters,4680,0,ᚠᛚᚣᛋᚹᚪᛏᛏᛖᚱᛋ,596
brontosaurs,4680,0,ᛒᚱᚩᚾᛏᚩᛋᚪᚢᚱᛋ,391
unrefutable,4678,0,ᚢᚾᚱᛖᚠᚢᛏᚪᛒᛚᛖ,472
unmindfully,4678,0,ᚢᚾᛗᛁᚾᛞᚠᚢᛚᛚᚣ,506
burlesquers,4674,0,ᛒᚢᚱᛚᛖᛋᚳᚹᛖᚱᛋ,431
brocatelles,4666,0,ᛒᚱᚩᚳᚪᛏᛖᛚᛚᛖᛋ,581
reinoculate,4662,0,ᚱᛖᛁᚾᚩᚳᚢᛚᚪᛏᛖ,457
ropedancers,4643,0,ᚱᚩᛈᛖᛞᚪᚾᚳᛖᚱᛋ,487
sticktights,4631,0,ᛋᛏᛁᚳᚳᛏᛁᚷᚻᛏᛋ,411
juvenescent,4607,0,ᛂᚢᚢᛖᚾᛖᛋᚳᛖᚾᛏ,427
housewarmings,4602,0,ᚻᚩᚢᛋᛖᚹᚪᚱᛗᛝᛋ,483
splayfooted,4592,0,ᛋᛈᛚᚪᚣᚠᚩᚩᛏᛖᛞ,600
detestations,4587,0,ᛞᛖᛏᛖᛋᛏᚪᛏᛡᚾᛋ,739
garrulities,4584,0,ᚷᚪᚱᚱᚢᛚᛁᛏᛁᛖᛋ,453
literalised,4581,0,ᛚᛁᛏᛖᚱᚪᛚᛁᛋᛖᛞ,651
unceremonial,4577,0,ᚢᚾᚳᛖᚱᛖᛗᚩᚾᛡᛚ,477
egocentrics,4574,0,ᛖᚷᚩᚳᛖᚾᛏᚱᛁᚳᛋ,367
zeuglodonts,4572,0,ᛋᛖᚢᚷᛚᚩᛞᚩᚾᛏᛋ,457
unlightened,4561,0,ᚢᚾᛚᛁᚷᚻᛏᛖᚾᛖᛞ,487
jactitations,4538,0,ᛂᚪᚳᛏᛁᛏᚪᛏᛡᚾᛋ,641
conferrable,4535,0,ᚳᚩᚾᚠᛖᚱᚱᚪᛒᛚᛖ,438
impoliticly,4533,0,ᛁᛗᛈᚩᛚᛁᛏᛁᚳᛚᚣ,535
clothesbrush,4530,0,ᚳᛚᚩᚦᛖᛋᛒᚱᚢᛋᚻ,369
nailbrushes,4524,0,ᚾᚪᛁᛚᛒᚱᚢᛋᚻᛖᛋ,501
retentively,4515,0,ᚱᛖᛏᛖᚾᛏᛁᚢᛖᛚᚣ,569
urochordate,4513,0,ᚢᚱᚩᚳᚻᚩᚱᛞᚪᛏᛖ,387
overcolored,4511,0,ᚩᚢᛖᚱᚳᚩᛚᚩᚱᛖᛞ,355
defunctness,4509,0,ᛞᛖᚠᚢᚾᚳᛏᚾᛖᛋᛋ,464
spiderworts,4508,0,ᛋᛈᛁᛞᛖᚱᚹᚩᚱᛏᛋ,443
chondriosome,4507,0,ᚳᚻᚩᚾᛞᚱᛡᛋᚩᛗᛖ,477
scrawniness,4497,0,ᛋᚳᚱᚪᚹᚾᛁᚾᛖᛋᛋ,455
exonerative,4497,0,ᛖᛉᚩᚾᛖᚱᚪᛏᛁᚢᛖ,485
nucleoplasms,4493,0,ᚾᚢᚳᛚᛇᛈᛚᚪᛋᛗᛋ,549
doorhandles,4489,0,ᛞᚩᚩᚱᚻᚪᚾᛞᛚᛖᛋ,545
lacrimatory,4488,0,ᛚᚪᚳᚱᛁᛗᚪᛏᚩᚱᚣ,573
spinelessly,4480,0,ᛋᛈᛁᚾᛖᛚᛖᛋᛋᛚᚣ,645
doltishness,4480,0,ᛞᚩᛚᛏᛁᛋᚻᚾᛖᛋᛋ,537
lightsomely,4474,0,ᛚᛁᚷᚻᛏᛋᚩᛗᛖᛚᚣ,577
equinoctials,4470,0,ᛖᚳᚹᛁᚾᚩᚳᛏᛡᛚᛋ,471
mortiferous,4461,0,ᛗᚩᚱᛏᛁᚠᛖᚱᚩᚢᛋ,322
confiscator,4460,0,ᚳᚩᚾᚠᛁᛋᚳᚪᛏᚩᚱ,322
profiterole,4455,0,ᛈᚱᚩᚠᛁᛏᛖᚱᚩᛚᛖ,378
micturitions,4455,0,ᛗᛁᚳᛏᚢᚱᛁᛏᛡᚾᛋ,467
catholicisms,4453,0,ᚳᚪᚦᚩᛚᛁᚳᛁᛋᛗᛋ,447
internetted,4451,0,ᛁᚾᛏᛖᚱᚾᛖᛏᛏᛖᛞ,567
unvoluntary,4420,0,ᚢᚾᚢᚩᛚᚢᚾᛏᚪᚱᚣ,417
vacillators,4415,0,ᚢᚪᚳᛁᛚᛚᚪᛏᚩᚱᛋ,517
keratoscopy,4407,0,ᚳᛖᚱᚪᛏᚩᛋᚳᚩᛈᚣ,473
backslapper,4405,0,ᛒᚪᚳᚳᛋᛚᚪᛈᛈᛖᚱ,571
wonderberry,4404,0,ᚹᚩᚾᛞᛖᚱᛒᛖᚱᚱᚣ,475
adumbrative,4401,0,ᚪᛞᚢᛗᛒᚱᚪᛏᛁᚢᛖ,589
etymologize,4396,0,ᛖᛏᚣᛗᚩᛚᚩᚷᛁᛋᛖ,555
accoucheuse,4391,0,ᚪᚳᚳᚩᚢᚳᚻᛖᚢᛋᛖ,359
yachtswoman,4384,0,ᚣᚪᚳᚻᛏᛋᚹᚩᛗᚪᚾ,571
domineeringly,4379,0,ᛞᚩᛗᛁᚾᛖᛖᚱᛝᛚᚣ,627
hospitalise,4377,0,ᚻᚩᛋᛈᛁᛏᚪᛚᛁᛋᛖ,537
exodontists,4367,0,ᛖᛉᚩᛞᚩᚾᛏᛁᛋᛏᛋ,501
uncommended,4366,0,ᚢᚾᚳᚩᛗᛗᛖᚾᛞᛖᛞ,535
xylophonist,4362,0,ᛉᚣᛚᚩᛈᚻᚩᚾᛁᛋᛏ,475
resubscribe,4362,0,ᚱᛖᛋᚢᛒᛋᚳᚱᛁᛒᛖ,431
homostylous,4346,0,ᚻᚩᛗᚩᛋᛏᚣᛚᚩᚢᛋ,459
nonogenarian,4340,0,ᚾᚩᚾᚩᚷᛖᚾᚪᚱᛡᚾ,429
heliographed,4335,0,ᚻᛖᛚᛡᚷᚱᚪᛈᚻᛖᛞ,617
vivandieres,4329,0,ᚢᛁᚢᚪᚾᛞᛁᛖᚱᛖᛋ,481
unreleasable,4323,0,ᚢᚾᚱᛖᛚᛠᛋᚪᛒᛚᛖ,643
conflictingly,4320,0,ᚳᚩᚾᚠᛚᛁᚳᛏᛝᛚᚣ,482
ametabolous,4311,0,ᚪᛗᛖᛏᚪᛒᚩᛚᚩᚢᛋ,595
conidiospore,4309,0,ᚳᚩᚾᛁᛞᛡᛋᛈᚩᚱᛖ,457
prenominate,4308,0,ᛈᚱᛖᚾᚩᛗᛁᚾᚪᛏᛖ,511
stylisations,4305,0,ᛋᛏᚣᛚᛁᛋᚪᛏᛡᚾᛋ,717
stalactical,4304,0,ᛋᛏᚪᛚᚪᚳᛏᛁᚳᚪᛚ,665
massasaugas,4300,0,ᛗᚪᛋᛋᚪᛋᚪᚢᚷᚪᛋ,691
remunerator,4298,0,ᚱᛖᛗᚢᚾᛖᚱᚪᛏᚩᚱ,433
feudalities,4298,0,ᚠᛖᚢᛞᚪᛚᛁᛏᛁᛖᛋ,572
mesmerizers,4295,0,ᛗᛖᛋᛗᛖᚱᛁᛋᛖᚱᛋ,555
philologues,4283,0,ᛈᚻᛁᛚᚩᛚᚩᚷᚢᛖᛋ,397
soapberries,4279,0,ᛋᚩᚪᛈᛒᛖᚱᚱᛁᛖᛋ,501
conciliative,4266,0,ᚳᚩᚾᚳᛁᛚᛡᛏᛁᚢᛖ,433
admonishers,4234,0,ᚪᛞᛗᚩᚾᛁᛋᚻᛖᚱᛋ,531
wiesenboden,4228,0,ᚹᛁᛖᛋᛖᚾᛒᚩᛞᛖᚾ,519
prosceniums,4223,0,ᛈᚱᚩᛋᚳᛖᚾᛁᚢᛗᛋ,381
journalisms,4220,0,ᛂᚩᚢᚱᚾᚪᛚᛁᛋᛗᛋ,465
saltshakers,4218,0,ᛋᚪᛚᛏᛋᚻᚪᚳᛖᚱᛋ,599
misformation,4213,0,ᛗᛁᛋᚠᚩᚱᛗᚪᛏᛡᚾ,538
deobstruents,4209,0,ᛞᛇᛒᛋᛏᚱᚢᛖᚾᛏᛋ,525
undisgraced,4208,0,ᚢᚾᛞᛁᛋᚷᚱᚪᚳᛖᛞ,499
iconoscopes,4201,0,ᛁᚳᚩᚾᚩᛋᚳᚩᛈᛖᛋ,323
sugarloaves,4200,0,ᛋᚢᚷᚪᚱᛚᚩᚪᚢᛖᛋ,481
keratectasia,4195,0,ᚳᛖᚱᚪᛏᛖᚳᛏᚪᛋᛡ,643
conductible,4172,0,ᚳᚩᚾᛞᚢᚳᛏᛁᛒᛚᛖ,445
unreprinted,4164,0,ᚢᚾᚱᛖᛈᚱᛁᚾᛏᛖᛞ,439
afterworlds,4163,0,ᚪᚠᛏᛖᚱᚹᚩᚱᛚᛞᛋ,488
severalties,4162,0,ᛋᛖᚢᛖᚱᚪᛚᛏᛁᛖᛋ,581
tessellates,4161,0,ᛏᛖᛋᛋᛖᛚᛚᚪᛏᛖᛋ,721
viscounties,4154,0,ᚢᛁᛋᚳᚩᚢᚾᛏᛁᛖᛋ,349
unguiculated,4131,0,ᚢᛝᚢᛁᚳᚢᛚᚪᛏᛖᛞ,517
pentathletes,4114,0,ᛈᛖᚾᛏᚪᚦᛚᛖᛏᛖᛋ,619
enterteyned,4100,0,ᛖᚾᛏᛖᚱᛏᛖᚣᚾᛖᛞ,647
pantalooned,4082,0,ᛈᚪᚾᛏᚪᛚᚩᚩᚾᛖᛞ,597
autarchical,4078,0,ᚪᚢᛏᚪᚱᚳᚻᛁᚳᚪᛚ,517
stratocracy,4073,0,ᛋᛏᚱᚪᛏᚩᚳᚱᚪᚳᚣ,523
semitropics,4072,0,ᛋᛖᛗᛁᛏᚱᚩᛈᛁᚳᛋ,439
sublimeness,4071,0,ᛋᚢᛒᛚᛁᛗᛖᚾᛖᛋᛋ,561
musicalness,4063,0,ᛗᚢᛋᛁᚳᚪᛚᚾᛖᛋᛋ,543
supremeness,4061,0,ᛋᚢᛈᚱᛖᛗᛖᚾᛖᛋᛋ,517
unopposable,4056,0,ᚢᚾᚩᛈᛈᚩᛋᚪᛒᛚᛖ,483
murmurously,4050,0,ᛗᚢᚱᛗᚢᚱᚩᚢᛋᛚᚣ,409
brainworker,4019,0,ᛒᚱᚪᛁᚾᚹᚩᚱᚳᛖᚱ,357
beplastered,4013,0,ᛒᛖᛈᛚᚪᛋᛏᛖᚱᛖᛞ,687
reposefully,4011,0,ᚱᛖᛈᚩᛋᛖᚠᚢᛚᛚᚣ,502
prophetship,4011,0,ᛈᚱᚩᛈᚻᛖᛏᛋᚻᛁᛈ,403
backstrokes,4009,0,ᛒᚪᚳᚳᛋᛏᚱᚩᚳᛖᛋ,447
commandress,4008,0,ᚳᚩᛗᛗᚪᚾᛞᚱᛖᛋᛋ,561
suppressers,3998,0,ᛋᚢᛈᛈᚱᛖᛋᛋᛖᚱᛋ,457
antediluvial,3988,0,ᚪᚾᛏᛖᛞᛁᛚᚢᚢᛡᛚ,631
mesenchymes,3985,0,ᛗᛖᛋᛖᚾᚳᚻᚣᛗᛖᛋ,617
rattlebrain,3971,0,ᚱᚪᛏᛏᛚᛖᛒᚱᚪᛁᚾ,595
anaphrodisia,3971,0,ᚪᚾᚪᛈᚻᚱᚩᛞᛁᛋᛡ,587
prosaicness,3958,0,ᛈᚱᚩᛋᚪᛁᚳᚾᛖᛋᛋ,457
tristichous,3953,0,ᛏᚱᛁᛋᛏᛁᚳᚻᚩᚢᛋ,343
decompilers,3951,0,ᛞᛖᚳᚩᛗᛈᛁᛚᛖᚱᛋ,525
leucotomies,3934,0,ᛚᛖᚢᚳᚩᛏᚩᛗᛁᛖᛋ,451
bumblepuppy,3934,0,ᛒᚢᛗᛒᛚᛖᛈᚢᛈᛈᚣ,571
feasibleness,3917,0,ᚠᛠᛋᛁᛒᛚᛖᚾᛖᛋᛋ,598
mesocephaly,3916,0,ᛗᛖᛋᚩᚳᛖᛈᚻᚪᛚᚣ,617
surrenderer,3909,0,ᛋᚢᚱᚱᛖᚾᛞᛖᚱᛖᚱ,419
blackwaters,3908,0,ᛒᛚᚪᚳᚳᚹᚪᛏᛖᚱᛋ,563
vulgarizers,3899,0,ᚢᚢᛚᚷᚪᚱᛁᛋᛖᚱᛋ,419
anencephalia,3895,0,ᚪᚾᛖᚾᚳᛖᛈᚻᚪᛚᛡ,645
phylloclade,3884,0,ᛈᚻᚣᛚᛚᚩᚳᛚᚪᛞᛖ,661
palpitatingly,3874,0,ᛈᚪᛚᛈᛁᛏᚪᛏᛝᛚᚣ,757
logicalness,3874,0,ᛚᚩᚷᛁᚳᚪᛚᚾᛖᛋᛋ,513
recognizant,3855,0,ᚱᛖᚳᚩᚷᚾᛁᛋᚪᚾᛏ,413
electrifier,3855,0,ᛖᛚᛖᚳᛏᚱᛁᚠᛁᛖᚱ,432
aftertastes,3853,0,ᚪᚠᛏᛖᚱᛏᚪᛋᛏᛖᛋ,624
flugelhorns,3847,0,ᚠᛚᚢᚷᛖᛚᚻᚩᚱᚾᛋ,358
trainbearers,3846,0,ᛏᚱᚪᛁᚾᛒᛠᚱᛖᚱᛋ,539
armageddons,3839,0,ᚪᚱᛗᚪᚷᛖᛞᛞᚩᚾᛋ,627
picaninnies,3838,0,ᛈᛁᚳᚪᚾᛁᚾᚾᛁᛖᛋ,453
perruquiers,3834,0,ᛈᛖᚱᚱᚢᚳᚹᛁᛖᚱᛋ,329
applaudable,3830,0,ᚪᛈᛈᛚᚪᚢᛞᚪᛒᛚᛖ,743
syllabicate,3826,0,ᛋᚣᛚᛚᚪᛒᛁᚳᚪᛏᛖ,727
hypostatise,3826,0,ᚻᚣᛈᚩᛋᛏᚪᛏᛁᛋᛖ,595
cajolements,3819,0,ᚳᚪᛂᚩᛚᛖᛗᛖᚾᛏᛋ,573
denotements,3797,0,ᛞᛖᚾᚩᛏᛖᛗᛖᚾᛏᛋ,597
actomyosins,3794,0,ᚪᚳᛏᚩᛗᚣᚩᛋᛁᚾᛋ,523
stipulatory,3793,0,ᛋᛏᛁᛈᚢᛚᚪᛏᚩᚱᚣ,539
judgmatical,3792,0,ᛂᚢᛞᚷᛗᚪᛏᛁᚳᚪᛚ,587
paunchiness,3791,0,ᛈᚪᚢᚾᚳᚻᛁᚾᛖᛋᛋ,441
everywhither,3787,0,ᛖᚢᛖᚱᚣᚹᚻᛁᚦᛖᚱ,407
bathymetries,3782,0,ᛒᚪᚦᚣᛗᛖᛏᚱᛁᛖᛋ,625
southwesters,3780,0,ᛋᚩᚢᚦᚹᛖᛋᛏᛖᚱᛋ,397
harbourages,3780,0,ᚻᚪᚱᛒᚩᚢᚱᚪᚷᛖᛋ,447
sansevierias,3777,0,ᛋᚪᚾᛋᛖᚢᛁᛖᚱᛡᛋ,571
obstructers,3772,0,ᚩᛒᛋᛏᚱᚢᚳᛏᛖᚱᛋ,397
suburbanize,3769,0,ᛋᚢᛒᚢᚱᛒᚪᚾᛁᛋᛖ,469
disownments,3768,0,ᛞᛁᛋᚩᚹᚾᛗᛖᚾᛏᛋ,507
sandglasses,3757,0,ᛋᚪᚾᛞᚷᛚᚪᛋᛋᛖᛋ,681
uncontented,3755,0,ᚢᚾᚳᚩᚾᛏᛖᚾᛏᛖᛞ,451
incurrences,3754,0,ᛁᚾᚳᚢᚱᚱᛖᚾᚳᛖᛋ,327
honeysucker,3752,0,ᚻᚩᚾᛖᚣᛋᚢᚳᚳᛖᚱ,389
regardfully,3742,0,ᚱᛖᚷᚪᚱᛞᚠᚢᛚᛚᚣ,546
gutlessness,3735,0,ᚷᚢᛏᛚᛖᛋᛋᚾᛖᛋᛋ,527
pepperiness,3734,0,ᛈᛖᛈᛈᛖᚱᛁᚾᛖᛋᛋ,507
yellowwoods,3732,0,ᚣᛖᛚᛚᚩᚹᚹᚩᚩᛞᛋ,517
mandragoras,3728,0,ᛗᚪᚾᛞᚱᚪᚷᚩᚱᚪᛋ,579
wisenheimer,3725,0,ᚹᛁᛋᛖᚾᚻᛖᛁᛗᛖᚱ,469
plecopteran,3722,0,ᛈᛚᛖᚳᚩᛈᛏᛖᚱᚪᚾ,509
hectographs,3722,0,ᚻᛖᚳᛏᚩᚷᚱᚪᛈᚻᛋ,413
workbaskets,3718,0,ᚹᚩᚱᚳᛒᚪᛋᚳᛖᛏᛋ,453
specializers,3714,0,ᛋᛈᛖᚳᛡᛚᛁᛋᛖᚱᛋ,571
respectless,3713,0,ᚱᛖᛋᛈᛖᚳᛏᛚᛖᛋᛋ,559
pedanticism,3709,0,ᛈᛖᛞᚪᚾᛏᛁᚳᛁᛋᛗ,583
podophthalmia,3704,0,ᛈᚩᛞᚩᛈᚻᚦᚪᛚᛗᛡ,565
impartations,3696,0,ᛁᛗᛈᚪᚱᛏᚪᛏᛡᚾᛋ,657
epanorthosis,3689,0,ᛖᛈᚪᚾᚩᚱᚦᚩᛋᛁᛋ,403
traditionism,3681,0,ᛏᚱᚪᛞᛁᛏᛡᚾᛁᛋᛗ,637
cenogenetic,3671,0,ᚳᛖᚾᚩᚷᛖᚾᛖᛏᛁᚳ,399
unspoilable,3659,0,ᚢᚾᛋᛈᚩᛁᛚᚪᛒᛚᛖ,537
abandonedly,3646,0,ᚪᛒᚪᚾᛞᚩᚾᛖᛞᛚᚣ,741
teeterboard,3642,0,ᛏᛖᛖᛏᛖᚱᛒᚩᚪᚱᛞ,595
unfoldments,3641,0,ᚢᚾᚠᚩᛚᛞᛗᛖᚾᛏᛋ,482
unappreciating,3636,0,ᚢᚾᚪᛈᛈᚱᛖᚳᛡᛏᛝ,551
canterburys,3636,0,ᚳᚪᚾᛏᛖᚱᛒᚢᚱᚣᛋ,507
fiddlededee,3622,0,ᚠᛁᛞᛞᛚᛖᛞᛖᛞᛖᛖ,730
vacuolations,3618,0,ᚢᚪᚳᚢᚩᛚᚪᛏᛡᚾᛋ,541
grandisonian,3618,0,ᚷᚱᚪᚾᛞᛁᛋᚩᚾᛡᚾ,499
speechifier,3604,0,ᛋᛈᛖᛖᚳᚻᛁᚠᛁᛖᚱ,408
southernisms,3604,0,ᛋᚩᚢᚦᛖᚱᚾᛁᛋᛗᛋ,383
acropolises,3602,0,ᚪᚳᚱᚩᛈᚩᛚᛁᛋᛖᛋ,455
titillatingly,3601,0,ᛏᛁᛏᛁᛚᛚᚪᛏᛝᛚᚣ,737
intrenchant,3567,0,ᛁᚾᛏᚱᛖᚾᚳᚻᚪᚾᛏ,447
pebblestone,3563,0,ᛈᛖᛒᛒᛚᛖᛋᛏᚩᚾᛖ,587
animalculum,3563,0,ᚪᚾᛁᛗᚪᛚᚳᚢᛚᚢᛗ,561
antemundane,3559,0,ᚪᚾᛏᛖᛗᚢᚾᛞᚪᚾᛖ,637
inosculated,3557,0,ᛁᚾᚩᛋᚳᚢᛚᚪᛏᛖᛞ,521
arenicolous,3554,0,ᚪᚱᛖᚾᛁᚳᚩᛚᚩᚢᛋ,391
visibleness,3543,0,ᚢᛁᛋᛁᛒᛚᛖᚾᛖᛋᛋ,521
renunciative,3528,0,ᚱᛖᚾᚢᚾᚳᛡᛏᛁᚢᛖ,419
rudderstock,3523,0,ᚱᚢᛞᛞᛖᚱᛋᛏᚩᚳᚳ,415
wrongheadedly,3520,0,ᚹᚱᚩᛝᚻᛠᛞᛖᛞᛚᚣ,669
myometritis,3520,0,ᛗᚣᚩᛗᛖᛏᚱᛁᛏᛁᛋ,563
recessionals,3516,0,ᚱᛖᚳᛖᛋᛋᛡᚾᚪᛚᛋ,623
nonburnable,3513,0,ᚾᚩᚾᛒᚢᚱᚾᚪᛒᛚᛖ,467
heterogeneal,3501,0,ᚻᛖᛏᛖᚱᚩᚷᛖᚾᛠᛚ,529
underbodice,3497,0,ᚢᚾᛞᛖᚱᛒᚩᛞᛁᚳᛖ,467
beauteousness,3496,0,ᛒᛠᚢᛏᛇᚢᛋᚾᛖᛋᛋ,531
poignancies,3478,0,ᛈᚩᛁᚷᚾᚪᚾᚳᛁᛖᛋ,417
insensately,3472,0,ᛁᚾᛋᛖᚾᛋᚪᛏᛖᛚᚣ,661
commentates,3470,0,ᚳᚩᛗᛗᛖᚾᛏᚪᛏᛖᛋ,593
telemetries,3469,0,ᛏᛖᛚᛖᛗᛖᛏᚱᛁᛖᛋ,625
scratchpads,3458,0,ᛋᚳᚱᚪᛏᚳᚻᛈᚪᛞᛋ,551
osteopathists,3450,0,ᚩᛋᛏᛇᛈᚪᚦᛁᛋᛏᛋ,501
wicketkeeping,3438,0,ᚹᛁᚳᚳᛖᛏᚳᛖᛖᛈᛝ,471
uniformness,3432,0,ᚢᚾᛁᚠᚩᚱᛗᚾᛖᛋᛋ,356
telepathists,3431,0,ᛏᛖᛚᛖᛈᚪᚦᛁᛋᛏᛋ,607
balbriggans,3431,0,ᛒᚪᛚᛒᚱᛁᚷᚷᚪᚾᛋ,547
presenility,3417,0,ᛈᚱᛖᛋᛖᚾᛁᛚᛁᛏᚣ,567
defibrinate,3415,0,ᛞᛖᚠᛁᛒᚱᛁᚾᚪᛏᛖ,544
boatmanship,3415,0,ᛒᚩᚪᛏᛗᚪᚾᛋᚻᛁᛈ,571
aeromedicine,3409,0,ᚫᚱᚩᛗᛖᛞᛁᚳᛁᚾᛖ,517
prothalamium,3408,0,ᛈᚱᚩᚦᚪᛚᚪᛗᛁᚢᛗ,509
aspersorium,3404,0,ᚪᛋᛈᛖᚱᛋᚩᚱᛁᚢᛗ,447
staggerbush,3403,0,ᛋᛏᚪᚷᚷᛖᚱᛒᚢᛋᚻ,461
mycophagist,3401,0,ᛗᚣᚳᚩᛈᚻᚪᚷᛁᛋᛏ,517
unfitnesses,3383,0,ᚢᚾᚠᛁᛏᚾᛖᛋᛋᛖᛋ,446
dissemblingly,3380,0,ᛞᛁᛋᛋᛖᛗᛒᛚᛝᛚᚣ,753
formications,3377,0,ᚠᚩᚱᛗᛁᚳᚪᛏᛡᚾᛋ,480
alligatored,3377,0,ᚪᛚᛚᛁᚷᚪᛏᚩᚱᛖᛞ,621
crinkleroot,3370,0,ᚳᚱᛁᚾᚳᛚᛖᚱᚩᚩᛏ,321
draggletail,3369,0,ᛞᚱᚪᚷᚷᛚᛖᛏᚪᛁᛚ,631
communalize,3369,0,ᚳᚩᛗᛗᚢᚾᚪᛚᛁᛋᛖ,515
anthropopathy,3365,0,ᚪᚾᚦᚱᚩᛈᚩᛈᚪᚦᚣ,447
bacteroidal,3357,0,ᛒᚪᚳᛏᛖᚱᚩᛁᛞᚪᛚ,605
marlowesque,3355,0,ᛗᚪᚱᛚᚩᚹᛖᛋᚳᚹᛖ,497
superoctave,3348,0,ᛋᚢᛈᛖᚱᚩᚳᛏᚪᚢᛖ,423
barographic,3345,0,ᛒᚪᚱᚩᚷᚱᚪᛈᚻᛁᚳ,411
obligements,3337,0,ᚩᛒᛚᛁᚷᛖᛗᛖᚾᛏᛋ,535
balletomania,3334,0,ᛒᚪᛚᛚᛖᛏᚩᛗᚪᚾᛡ,741
innutritive,3333,0,ᛁᚾᚾᚢᛏᚱᛁᛏᛁᚢᛖ,353
pietistical,3326,0,ᛈᛁᛖᛏᛁᛋᛏᛁᚳᚪᛚ,557
obsceneness,3314,0,ᚩᛒᛋᚳᛖᚾᛖᚾᛖᛋᛋ,499
sunlessness,3308,0,ᛋᚢᚾᛚᛖᛋᛋᚾᛖᛋᛋ,533
capableness,3307,0,ᚳᚪᛈᚪᛒᛚᛖᚾᛖᛋᛋ,653
bolographic,3304,0,ᛒᚩᛚᚩᚷᚱᚪᛈᚻᛁᚳ,383
ferronniere,3298,0,ᚠᛖᚱᚱᚩᚾᚾᛁᛖᚱᛖ,332
discutients,3298,0,ᛞᛁᛋᚳᚢᛏᛁᛖᚾᛏᛋ,487
insectifuge,3293,0,ᛁᚾᛋᛖᚳᛏᛁᚠᚢᚷᛖ,372
cladophylls,3284,0,ᚳᛚᚪᛞᚩᛈᚻᚣᛚᛚᛋ,647
tenableness,3279,0,ᛏᛖᚾᚪᛒᛚᛖᚾᛖᛋᛋ,655
paralytical,3279,0,ᛈᚪᚱᚪᛚᚣᛏᛁᚳᚪᛚ,697
inaptitudes,3273,0,ᛁᚾᚪᛈᛏᛁᛏᚢᛞᛖᛋ,561
calciferols,3268,0,ᚳᚪᛚᚳᛁᚠᛖᚱᚩᛚᛋ,440
suspirations,3264,0,ᛋᚢᛋᛈᛁᚱᚪᛏᛡᚾᛋ,539
farkleberry,3246,0,ᚠᚪᚱᚳᛚᛖᛒᛖᚱᚱᚣ,516
scotchwomen,3245,0,ᛋᚳᚩᛏᚳᚻᚹᚩᛗᛖᚾ,361
eavesdroppings,3245,0,ᛠᚢᛖᛋᛞᚱᚩᛈᛈᛝᛋ,557
hypnotizers,3238,0,ᚻᚣᛈᚾᚩᛏᛁᛋᛖᚱᛋ,479
requickened,3237,0,ᚱᛖᚳᚹᛁᚳᚳᛖᚾᛖᛞ,419
unseductive,3224,0,ᚢᚾᛋᛖᛞᚢᚳᛏᛁᚢᛖ,417
balefulness,3217,0,ᛒᚪᛚᛖᚠᚢᛚᚾᛖᛋᛋ,578
catoptrical,3214,0,ᚳᚪᛏᚩᛈᛏᚱᛁᚳᚪᛚ,503
fibrillates,3205,0,ᚠᛁᛒᚱᛁᛚᛚᚪᛏᛖᛋ,558
entreatments,3203,0,ᛖᚾᛏᚱᛠᛏᛗᛖᚾᛏᛋ,613
hodgepodges,3194,0,ᚻᚩᛞᚷᛖᛈᚩᛞᚷᛖᛋ,479
freewheeler,3175,0,ᚠᚱᛖᛖᚹᚻᛖᛖᛚᛖᚱ,474
phrasemonger,3162,0,ᛈᚻᚱᚪᛋᛖᛗᚩᛝᛖᚱ,529
prothrombins,3159,0,ᛈᚱᚩᚦᚱᚩᛗᛒᛁᚾᛋ,329
newsflashes,3154,0,ᚾᛖᚹᛋᚠᛚᚪᛋᚻᛖᛋ,536
natterjacks,3149,0,ᚾᚪᛏᛏᛖᚱᛂᚪᚳᚳᛋ,535
apothegmatic,3145,0,ᚪᛈᚩᚦᛖᚷᛗᚪᛏᛁᚳ,507
stridulates,3142,0,ᛋᛏᚱᛁᛞᚢᛚᚪᛏᛖᛋ,595
unregretful,3130,0,ᚢᚾᚱᛖᚷᚱᛖᛏᚠᚢᛚ,342
tollgatherer,3108,0,ᛏᚩᛚᛚᚷᚪᚦᛖᚱᛖᚱ,487
abecedarians,3087,0,ᚪᛒᛖᚳᛖᛞᚪᚱᛡᚾᛋ,691
glutinously,3080,0,ᚷᛚᚢᛏᛁᚾᚩᚢᛋᛚᚣ,451
puckishness,3073,0,ᛈᚢᚳᚳᛁᛋᚻᚾᛖᛋᛋ,381
unvitrified,3059,0,ᚢᚾᚢᛁᛏᚱᛁᚠᛁᛖᛞ,356
contumacies,3056,0,ᚳᚩᚾᛏᚢᛗᚪᚳᛁᛖᛋ,443
stuntedness,3043,0,ᛋᛏᚢᚾᛏᛖᛞᚾᛖᛋᛋ,561
swallowwort,3041,0,ᛋᚹᚪᛚᛚᚩᚹᚹᚩᚱᛏ,437
unmotorized,3034,0,ᚢᚾᛗᚩᛏᚩᚱᛁᛋᛖᛞ,427
hygroscopes,3032,0,ᚻᚣᚷᚱᚩᛋᚳᚩᛈᛖᛋ,397
weatherliness,3031,0,ᚹᛠᚦᛖᚱᛚᛁᚾᛖᛋᛋ,517
simulacrums,3028,0,ᛋᛁᛗᚢᛚᚪᚳᚱᚢᛗᛋ,479
sportsmanly,3023,0,ᛋᛈᚩᚱᛏᛋᛗᚪᚾᛚᚣ,599
frontierman,3017,0,ᚠᚱᚩᚾᛏᛁᛖᚱᛗᚪᚾ,414
perturbedly,3010,0,ᛈᛖᚱᛏᚢᚱᛒᛖᛞᛚᚣ,587
unhazardous,3008,0,ᚢᚾᚻᚪᛋᚪᚱᛞᚩᚢᛋ,465
dolefullest,3005,0,ᛞᚩᛚᛖᚠᚢᛚᛚᛖᛋᛏ,566
metronymics,3001,0,ᛗᛖᛏᚱᚩᚾᚣᛗᛁᚳᛋ,515
tyrocidines,3000,0,ᛏᚣᚱᚩᚳᛁᛞᛁᚾᛖᛋ,493
mezzotintos,2996,0,ᛗᛖᛋᛋᚩᛏᛁᚾᛏᚩᛋ,489
unharboured,2981,0,ᚢᚾᚻᚪᚱᛒᚩᚢᚱᛖᛞ,401
wrinkleless,2972,0,ᚹᚱᛁᚾᚳᛚᛖᛚᛖᛋᛋ,489
imponderous,2967,0,ᛁᛗᛈᚩᚾᛞᛖᚱᚩᚢᛋ,411
castigators,2964,0,ᚳᚪᛋᛏᛁᚷᚪᛏᚩᚱᛋ,497
pachydermic,2962,0,ᛈᚪᚳᚻᚣᛞᛖᚱᛗᛁᚳ,561
bacitracins,2959,0,ᛒᚪᚳᛁᛏᚱᚪᚳᛁᚾᛋ,495
unimpulsive,2936,0,ᚢᚾᛁᛗᛈᚢᛚᛋᛁᚢᛖ,407
rathskellers,2929,0,ᚱᚪᚦᛋᚳᛖᛚᛚᛖᚱᛋ,523
inculpations,2928,0,ᛁᚾᚳᚢᛚᛈᚪᛏᛡᚾᛋ,537
bimillenary,2927,0,ᛒᛁᛗᛁᛚᛚᛖᚾᚪᚱᚣ,647
spirographs,2915,0,ᛋᛈᛁᚱᚩᚷᚱᚪᛈᚻᛋ,389
antiqueness,2913,0,ᚪᚾᛏᛁᚳᚹᛖᚾᛖᛋᛋ,517
astoundment,2911,0,ᚪᛋᛏᚩᚢᚾᛞᛗᛖᚾᛏ,563
formularize,2908,0,ᚠᚩᚱᛗᚢᛚᚪᚱᛁᛋᛖ,426
chrysotiles,2908,0,ᚳᚻᚱᚣᛋᚩᛏᛁᛚᛖᛋ,493
implorators,2898,0,ᛁᛗᛈᛚᚩᚱᚪᛏᚩᚱᛋ,463
bottlenoses,2895,0,ᛒᚩᛏᛏᛚᛖᚾᚩᛋᛖᛋ,535
condonations,2892,0,ᚳᚩᚾᛞᚩᚾᚪᛏᛡᚾᛋ,519
colloquists,2890,0,ᚳᚩᛚᛚᚩᚳᚹᛁᛋᛏᛋ,401
lumpsuckers,2877,0,ᛚᚢᛗᛈᛋᚢᚳᚳᛖᚱᛋ,403
delightless,2877,0,ᛞᛖᛚᛁᚷᚻᛏᛚᛖᛋᛋ,605
unassaulted,2873,0,ᚢᚾᚪᛋᛋᚪᚢᛚᛏᛖᛞ,623
menorrhagias,2873,0,ᛗᛖᚾᚩᚱᚱᚻᚪᚷᛡᛋ,493
conflagrate,2873,0,ᚳᚩᚾᚠᛚᚪᚷᚱᚪᛏᛖ,472
kitchenward,2869,0,ᚳᛁᛏᚳᚻᛖᚾᚹᚪᚱᛞ,451
cytoplastic,2868,0,ᚳᚣᛏᚩᛈᛚᚪᛋᛏᛁᚳ,551
disimproved,2866,0,ᛞᛁᛋᛁᛗᛈᚱᚩᚢᛖᛞ,495
metaphrases,2865,0,ᛗᛖᛏᚪᛈᚻᚱᚪᛋᛖᛋ,641
chiromancer,2865,0,ᚳᚻᛁᚱᚩᛗᚪᚾᚳᛖᚱ,373
corporosity,2862,0,ᚳᚩᚱᛈᚩᚱᚩᛋᛁᛏᚣ,345
pourtraicts,2855,0,ᛈᚩᚢᚱᛏᚱᚪᛁᚳᛏᛋ,387
disafforest,2853,0,ᛞᛁᛋᚪᚠᚠᚩᚱᛖᛋᛏ,471
amphitheatric,2852,0,ᚪᛗᛈᚻᛁᚦᛠᛏᚱᛁᚳ,493
troubleshot,2846,0,ᛏᚱᚩᚢᛒᛚᛖᛋᚻᚩᛏ,423
sleuthhounds,2845,0,ᛋᛚᛖᚢᚦᚻᚩᚢᚾᛞᛋ,405
perigenesis,2825,0,ᛈᛖᚱᛁᚷᛖᚾᛖᛋᛁᛋ,469
anecdotists,2825,0,ᚪᚾᛖᚳᛞᚩᛏᛁᛋᛏᛋ,557
restrainingly,2824,0,ᚱᛖᛋᛏᚱᚪᛁᚾᛝᛚᚣ,613
calefacient,2821,0,ᚳᚪᛚᛖᚠᚪᚳᛁᛖᚾᛏ,548
prophesiers,2807,0,ᛈᚱᚩᛈᚻᛖᛋᛁᛖᚱᛋ,409
plessimeter,2806,0,ᛈᛚᛖᛋᛋᛁᛗᛖᛏᛖᚱ,595
adorability,2803,0,ᚪᛞᚩᚱᚪᛒᛁᛚᛁᛏᚣ,659
unsoundable,2802,0,ᚢᚾᛋᚩᚢᚾᛞᚪᛒᛚᛖ,511
unabolished,2796,0,ᚢᚾᚪᛒᚩᛚᛁᛋᚻᛖᛞ,533
neuropteron,2795,0,ᚾᛖᚢᚱᚩᛈᛏᛖᚱᚩᚾ,333
conferments,2791,0,ᚳᚩᚾᚠᛖᚱᛗᛖᚾᛏᛋ,408
playschools,2773,0,ᛈᛚᚪᚣᛋᚳᚻᚩᚩᛚᛋ,545
incensement,2759,0,ᛁᚾᚳᛖᚾᛋᛖᛗᛖᚾᛏ,515
calumniatory,2758,0,ᚳᚪᛚᚢᛗᚾᛡᛏᚩᚱᚣ,573
unsuccoured,2752,0,ᚢᚾᛋᚢᚳᚳᚩᚢᚱᛖᛞ,291
stonewaller,2751,0,ᛋᛏᚩᚾᛖᚹᚪᛚᛚᛖᚱ,555
insurgences,2750,0,ᛁᚾᛋᚢᚱᚷᛖᚾᚳᛖᛋ,373
boneshakers,2750,0,ᛒᚩᚾᛖᛋᚻᚪᚳᛖᚱᛋ,481
unrecognising,2736,0,ᚢᚾᚱᛖᚳᚩᚷᚾᛁᛋᛝ,339
woolgatherer,2723,0,ᚹᚩᚩᛚᚷᚪᚦᛖᚱᛖᚱ,381
footslogger,2712,0,ᚠᚩᚩᛏᛋᛚᚩᚷᚷᛖᚱ,320
encinctured,2705,0,ᛖᚾᚳᛁᚾᚳᛏᚢᚱᛖᛞ,411
shuddersome,2704,0,ᛋᚻᚢᛞᛞᛖᚱᛋᚩᛗᛖ,533
benightedly,2697,0,ᛒᛖᚾᛁᚷᚻᛏᛖᛞᛚᚣ,619
proteinurias,2688,0,ᛈᚱᚩᛏᛖᛁᚾᚢᚱᛡᛋ,421
pachydermal,2687,0,ᛈᚪᚳᚻᚣᛞᛖᚱᛗᚪᛚ,687
conventicling,2685,0,ᚳᚩᚾᚢᛖᚾᛏᛁᚳᛚᛝ,403
zestfulness,2678,0,ᛋᛖᛋᛏᚠᚢᛚᚾᛖᛋᛋ,512
achromatize,2678,0,ᚪᚳᚻᚱᚩᛗᚪᛏᛁᛋᛖ,529
loggerheaded,2676,0,ᛚᚩᚷᚷᛖᚱᚻᛠᛞᛖᛞ,569
reprobations,2674,0,ᚱᛖᛈᚱᚩᛒᚪᛏᛡᚾᛋ,545
unamiability,2673,0,ᚢᚾᚪᛗᛡᛒᛁᛚᛁᛏᚣ,665
newspapered,2671,0,ᚾᛖᚹᛋᛈᚪᛈᛖᚱᛖᛞ,585
triphammers,2668,0,ᛏᚱᛁᛈᚻᚪᛗᛗᛖᚱᛋ,537
nongregarious,2667,0,ᚾᚩᛝᚱᛖᚷᚪᚱᛡᚢᛋ,481
arrhythmical,2664,0,ᚪᚱᚱᚻᚣᚦᛗᛁᚳᚪᛚ,535
niggardness,2657,0,ᚾᛁᚷᚷᚪᚱᛞᚾᛖᛋᛋ,493
hypothesizer,2656,0,ᚻᚣᛈᚩᚦᛖᛋᛁᛋᛖᚱ,463
competitory,2652,0,ᚳᚩᛗᛈᛖᛏᛁᛏᚩᚱᚣ,471
contempered,2651,0,ᚳᚩᚾᛏᛖᛗᛈᛖᚱᛖᛞ,523
autochthonal,2647,0,ᚪᚢᛏᚩᚳᚻᚦᚩᚾᚪᛚ,413
asininities,2647,0,ᚪᛋᛁᚾᛁᚾᛁᛏᛁᛖᛋ,511
machinators,2646,0,ᛗᚪᚳᚻᛁᚾᚪᛏᚩᚱᛋ,491
enheritance,2641,0,ᛖᚾᚻᛖᚱᛁᛏᚪᚾᚳᛖ,493
unloverlike,2639,0,ᚢᚾᛚᚩᚢᛖᚱᛚᛁᚳᛖ,377
unsyllabled,2629,0,ᚢᚾᛋᚣᛚᛚᚪᛒᛚᛖᛞ,721
bladdernose,2621,0,ᛒᛚᚪᛞᛞᛖᚱᚾᚩᛋᛖ,643
sweetbriers,2619,0,ᛋᚹᛖᛖᛏᛒᚱᛁᛖᚱᛋ,499
barristerial,2618,0,ᛒᚪᚱᚱᛁᛋᛏᛖᚱᛡᛚ,581
unreprieved,2603,0,ᚢᚾᚱᛖᛈᚱᛁᛖᚢᛖᛞ,421
pestilently,2598,0,ᛈᛖᛋᛏᛁᛚᛖᚾᛏᛚᚣ,657
millenarist,2597,0,ᛗᛁᛚᛚᛖᚾᚪᚱᛁᛋᛏ,595
scatterguns,2594,0,ᛋᚳᚪᛏᛏᛖᚱᚷᚢᚾᛋ,461
dispatchful,2584,0,ᛞᛁᛋᛈᚪᛏᚳᚻᚠᚢᛚ,486
yellowbirds,2576,0,ᚣᛖᛚᛚᚩᚹᛒᛁᚱᛞᛋ,587
watchstraps,2573,0,ᚹᚪᛏᚳᚻᛋᛏᚱᚪᛈᛋ,527
belshazzars,2556,0,ᛒᛖᛚᛋᚻᚪᛋᛋᚪᚱᛋ,641
shiftlessly,2551,0,ᛋᚻᛁᚠᛏᛚᛖᛋᛋᛚᚣ,590
columniations,2550,0,ᚳᚩᛚᚢᛗᚾᛡᛏᛡᚾᛋ,551
orthopedical,2534,0,ᚩᚱᚦᚩᛈᛖᛞᛁᚳᚪᛚ,443
hullabaloos,2529,0,ᚻᚢᛚᛚᚪᛒᚪᛚᚩᚩᛋ,567
inanimately,2525,0,ᛁᚾᚪᚾᛁᛗᚪᛏᛖᛚᚣ,687
embarkments,2523,0,ᛖᛗᛒᚪᚱᚳᛗᛖᚾᛏᛋ,599
tramontanes,2521,0,ᛏᚱᚪᛗᚩᚾᛏᚪᚾᛖᛋ,579
opponencies,2520,0,ᚩᛈᛈᚩᚾᛖᚾᚳᛁᛖᛋ,389
callithumpian,2520,0,ᚳᚪᛚᛚᛁᚦᚢᛗᛈᛡᚾ,545
unanimities,2513,0,ᚢᚾᚪᚾᛁᛗᛁᛏᛁᛖᛋ,501
mouthbreeder,2511,0,ᛗᚩᚢᚦᛒᚱᛖᛖᛞᛖᚱ,459
quintillionth,2506,0,ᚳᚹᛁᚾᛏᛁᛚᛚᛡᚾᚦ,469
affranchise,2505,0,ᚪᚠᚠᚱᚪᚾᚳᚻᛁᛋᛖ,425
matronymics,2504,0,ᛗᚪᛏᚱᚩᚾᚣᛗᛁᚳᛋ,545
petulancies,2502,0,ᛈᛖᛏᚢᛚᚪᚾᚳᛁᛖᛋ,535
propitiatingly,2493,0,ᛈᚱᚩᛈᛁᛏᛡᛏᛝᛚᚣ,615
eyelessness,2492,0,ᛖᚣᛖᛚᛖᛋᛋᚾᛖᛋᛋ,685
nonfeasances,2477,0,ᚾᚩᚾᚠᛠᛋᚪᚾᚳᛖᛋ,488
monkeyshine,2472,0,ᛗᚩᚾᚳᛖᚣᛋᚻᛁᚾᛖ,493
gainfulness,2467,0,ᚷᚪᛁᚾᚠᚢᛚᚾᛖᛋᛋ,454
bathyspheres,2456,0,ᛒᚪᚦᚣᛋᛈᚻᛖᚱᛖᛋ,583
inexpungeable,2451,0,ᛁᚾᛖᛉᛈᚢᛝᛠᛒᛚᛖ,609
inculpative,2451,0,ᛁᚾᚳᚢᛚᛈᚪᛏᛁᚢᛖ,449
mercenarily,2447,0,ᛗᛖᚱᚳᛖᚾᚪᚱᛁᛚᚣ,573
torturesome,2445,0,ᛏᚩᚱᛏᚢᚱᛖᛋᚩᛗᛖ,415
caddisworms,2443,0,ᚳᚪᛞᛞᛁᛋᚹᚩᚱᛗᛋ,533
unicyclists,2439,0,ᚢᚾᛁᚳᚣᚳᛚᛁᛋᛏᛋ,461
misreckoned,2431,0,ᛗᛁᛋᚱᛖᚳᚳᚩᚾᛖᛞ,451
minauderies,2405,0,ᛗᛁᚾᚪᚢᛞᛖᚱᛁᛖᛋ,549
lapidarists,2396,0,ᛚᚪᛈᛁᛞᚪᚱᛁᛋᛏᛋ,637
silverworks,2393,0,ᛋᛁᛚᚢᛖᚱᚹᚩᚱᚳᛋ,341
pantywaists,2388,0,ᛈᚪᚾᛏᚣᚹᚪᛁᛋᛏᛋ,643
chequerwise,2381,0,ᚳᚻᛖᚳᚹᛖᚱᚹᛁᛋᛖ,383
chromesthesia,2377,0,ᚳᚻᚱᚩᛗᛖᛋᚦᛖᛋᛡ,477
expeditation,2376,0,ᛖᛉᛈᛖᛞᛁᛏᚪᛏᛡᚾ,695
kieselguhrs,2375,0,ᚳᛁᛖᛋᛖᛚᚷᚢᚻᚱᛋ,411
editorialise,2373,0,ᛖᛞᛁᛏᚩᚱᛡᛚᛁᛋᛖ,595
endenizened,2372,0,ᛖᚾᛞᛖᚾᛁᛋᛖᚾᛖᛞ,617
griddlecake,2367,0,ᚷᚱᛁᛞᛞᛚᛖᚳᚪᚳᛖ,567
concernancy,2357,0,ᚳᚩᚾᚳᛖᚱᚾᚪᚾᚳᚣ,411
aftershafts,2355,0,ᚪᚠᛏᛖᚱᛋᚻᚪᚠᛏᛋ,523
vinegarroon,2348,0,ᚢᛁᚾᛖᚷᚪᚱᚱᚩᚩᚾ,309
emparadised,2344,0,ᛖᛗᛈᚪᚱᚪᛞᛁᛋᛖᛞ,715
tachymeters,2343,0,ᛏᚪᚳᚻᚣᛗᛖᛏᛖᚱᛋ,623
underwitted,2342,0,ᚢᚾᛞᛖᚱᚹᛁᛏᛏᛖᛞ,523
cataleptics,2339,0,ᚳᚪᛏᚪᛚᛖᛈᛏᛁᚳᛋ,605
bucolically,2339,0,ᛒᚢᚳᚩᛚᛁᚳᚪᛚᛚᚣ,547
pepperworts,2327,0,ᛈᛖᛈᛈᛖᚱᚹᚩᚱᛏᛋ,423
divulgences,2320,0,ᛞᛁᚢᚢᛚᚷᛖᚾᚳᛖᛋ,445
shopwalkers,2316,0,ᛋᚻᚩᛈᚹᚪᛚᚳᛖᚱᛋ,459
paraleipsis,2311,0,ᛈᚪᚱᚪᛚᛖᛁᛈᛋᛁᛋ,599
inexecrable,2311,0,ᛁᚾᛖᛉᛖᚳᚱᚪᛒᛚᛖ,563
bristletail,2311,0,ᛒᚱᛁᛋᛏᛚᛖᛏᚪᛁᛚ,615
redoubtably,2307,0,ᚱᛖᛞᚩᚢᛒᛏᚪᛒᛚᚣ,631
beslobbered,2303,0,ᛒᛖᛋᛚᚩᛒᛒᛖᚱᛖᛞ,617
whiggamores,2298,0,ᚹᚻᛁᚷᚷᚪᛗᚩᚱᛖᛋ,413
audibleness,2281,0,ᚪᚢᛞᛁᛒᛚᛖᚾᛖᛋᛋ,623
parenchymas,2279,0,ᛈᚪᚱᛖᚾᚳᚻᚣᛗᚪᛋ,607
movableness,2262,0,ᛗᚩᚢᚪᛒᛚᛖᚾᛖᛋᛋ,581
cenogenesis,2262,0,ᚳᛖᚾᚩᚷᛖᚾᛖᛋᛁᛋ,433
baneberries,2262,0,ᛒᚪᚾᛖᛒᛖᚱᚱᛁᛖᛋ,555
unarbitrary,2256,0,ᚢᚾᚪᚱᛒᛁᛏᚱᚪᚱᚣ,513
miscegenate,2247,0,ᛗᛁᛋᚳᛖᚷᛖᚾᚪᛏᛖ,571
calcifugous,2247,0,ᚳᚪᛚᚳᛁᚠᚢᚷᚩᚢᛋ,312
viscousness,2244,0,ᚢᛁᛋᚳᚩᚢᛋᚾᛖᛋᛋ,365
consternating,2243,0,ᚳᚩᚾᛋᛏᛖᚱᚾᚪᛏᛝ,503
tangibleness,2242,0,ᛏᚪᛝᛁᛒᛚᛖᚾᛖᛋᛋ,669
communalise,2241,0,ᚳᚩᛗᛗᚢᚾᚪᛚᛁᛋᛖ,515
balloonfish,2236,0,ᛒᚪᛚᛚᚩᚩᚾᚠᛁᛋᚻ,456
skeltonical,2233,0,ᛋᚳᛖᛚᛏᚩᚾᛁᚳᚪᛚ,515
picaresques,2226,0,ᛈᛁᚳᚪᚱᛖᛋᚳᚹᛖᛋ,467
stradivaris,2223,0,ᛋᛏᚱᚪᛞᛁᚢᚪᚱᛁᛋ,535
hopscotches,2223,0,ᚻᚩᛈᛋᚳᚩᛏᚳᚻᛖᛋ,361
bignoniaceous,2222,0,ᛒᛁᚷᚾᚩᚾᛡᚳᛇᚢᛋ,391
vituperator,2220,0,ᚢᛁᛏᚢᛈᛖᚱᚪᛏᚩᚱ,391
handstrokes,2200,0,ᚻᚪᚾᛞᛋᛏᚱᚩᚳᛖᛋ,501
nephoscopes,2185,0,ᚾᛖᛈᚻᚩᛋᚳᚩᛈᛖᛋ,405
malignances,2178,0,ᛗᚪᛚᛁᚷᚾᚪᚾᚳᛖᛋ,577
subduedness,2160,0,ᛋᚢᛒᛞᚢᛖᛞᚾᛖᛋᛋ,567
murmurations,2160,0,ᛗᚢᚱᛗᚢᚱᚪᛏᛡᚾᛋ,515
detribalize,2153,0,ᛞᛖᛏᚱᛁᛒᚪᛚᛁᛋᛖ,639
chiromantic,2145,0,ᚳᚻᛁᚱᚩᛗᚪᚾᛏᛁᚳ,385
mizzenmasts,2138,0,ᛗᛁᛋᛋᛖᚾᛗᚪᛋᛏᛋ,637
panegyricum,2128,0,ᛈᚪᚾᛖᚷᚣᚱᛁᚳᚢᛗ,485
unrevengeful,2126,0,ᚢᚾᚱᛖᚢᛖᛝᛖᚠᚢᛚ,404
scrutiniser,2124,0,ᛋᚳᚱᚢᛏᛁᚾᛁᛋᛖᚱ,361
instillment,2120,0,ᛁᚾᛋᛏᛁᛚᛚᛗᛖᚾᛏ,575
gormandized,2112,0,ᚷᚩᚱᛗᚪᚾᛞᛁᛋᛖᛞ,561
curvaceously,2109,0,ᚳᚢᚱᚢᚪᚳᛇᚢᛋᛚᚣ,413
archduchies,2109,0,ᚪᚱᚳᚻᛞᚢᚳᚻᛁᛖᛋ,423
scratchcard,2103,0,ᛋᚳᚱᚪᛏᚳᚻᚳᚪᚱᛞ,479
frequentest,2095,0,ᚠᚱᛖᚳᚹᛖᚾᛏᛖᛋᛏ,446
salableness,2094,0,ᛋᚪᛚᚪᛒᛚᛖᚾᛖᛋᛋ,723
discommodes,2080,0,ᛞᛁᛋᚳᚩᛗᛗᚩᛞᛖᛋ,551
battledoors,2077,0,ᛒᚪᛏᛏᛚᛖᛞᚩᚩᚱᛋ,583
agrological,2076,0,ᚪᚷᚱᚩᛚᚩᚷᛁᚳᚪᛚ,443
lissomeness,2074,0,ᛚᛁᛋᛋᚩᛗᛖᚾᛖᛋᛋ,557
laudability,2074,0,ᛚᚪᚢᛞᚪᛒᛁᛚᛁᛏᚣ,717
convivialist,2070,0,ᚳᚩᚾᚢᛁᚢᛡᛚᛁᛋᛏ,409
invalidator,2062,0,ᛁᚾᚢᚪᛚᛁᛞᚪᛏᚩᚱ,527
hardheadedly,2060,0,ᚻᚪᚱᛞᚻᛠᛞᛖᛞᛚᚣ,773
oligoclases,2058,0,ᚩᛚᛁᚷᚩᚳᛚᚪᛋᛖᛋ,491
unbeautified,2056,0,ᚢᚾᛒᛠᚢᛏᛁᚠᛁᛖᛞ,484
vaticinator,2055,0,ᚢᚪᛏᛁᚳᛁᚾᚪᛏᚩᚱ,437
traitresses,2055,0,ᛏᚱᚪᛁᛏᚱᛖᛋᛋᛖᛋ,561
proscribers,2052,0,ᛈᚱᚩᛋᚳᚱᛁᛒᛖᚱᛋ,361
accruements,2050,0,ᚪᚳᚳᚱᚢᛖᛗᛖᚾᛏᛋ,483
maccaronies,2041,0,ᛗᚪᚳᚳᚪᚱᚩᚾᛁᛖᛋ,489
reharmonize,2035,0,ᚱᛖᚻᚪᚱᛗᚩᚾᛁᛋᛖ,467
ratiocinated,2001,0,ᚱᚪᛏᛡᚳᛁᚾᚪᛏᛖᛞ,659
arthropodous,1977,0,ᚪᚱᚦᚱᚩᛈᚩᛞᚩᚢᛋ,333
supplejacks,1969,0,ᛋᚢᛈᛈᛚᛖᛂᚪᚳᚳᛋ,495
peristalses,1968,0,ᛈᛖᚱᛁᛋᛏᚪᛚᛋᛖᛋ,607
defiguration,1966,0,ᛞᛖᚠᛁᚷᚢᚱᚪᛏᛡᚾ,512
speakerships,1963,0,ᛋᛈᛠᚳᛖᚱᛋᚻᛁᛈᛋ,499
corruptedly,1952,0,ᚳᚩᚱᚱᚢᛈᛏᛖᛞᛚᚣ,479
drosophilas,1948,0,ᛞᚱᚩᛋᚩᛈᚻᛁᛚᚪᛋ,487
acclivitous,1938,0,ᚪᚳᚳᛚᛁᚢᛁᛏᚩᚢᛋ,383
splashdowns,1936,0,ᛋᛈᛚᚪᛋᚻᛞᚩᚹᚾᛋ,539
disaccustom,1926,0,ᛞᛁᛋᚪᚳᚳᚢᛋᛏᚩᛗ,489
confirmedly,1922,0,ᚳᚩᚾᚠᛁᚱᛗᛖᛞᛚᚣ,496
thallophytic,1920,0,ᚦᚪᛚᛚᚩᛈᚻᚣᛏᛁᚳ,527
prosopopoeias,1919,0,ᛈᚱᚩᛋᚩᛈᚩᛈᛟᛡᛋ,457
committeess,1919,0,ᚳᚩᛗᛗᛁᛏᛏᛖᛖᛋᛋ,551
sectionalise,1918,0,ᛋᛖᚳᛏᛡᚾᚪᛚᛁᛋᛖ,649
inexpungible,1918,0,ᛁᚾᛖᛉᛈᚢᛝᛁᛒᛚᛖ,531
eosinophilias,1918,0,ᛇᛋᛁᚾᚩᛈᚻᛁᛚᛡᛋ,491
unvitalized,1915,0,ᚢᚾᚢᛁᛏᚪᛚᛁᛋᛖᛞ,535
talkatively,1909,0,ᛏᚪᛚᚳᚪᛏᛁᚢᛖᛚᚣ,675
plagiarizers,1906,0,ᛈᛚᚪᚷᛡᚱᛁᛋᛖᚱᛋ,563
recluseness,1903,0,ᚱᛖᚳᛚᚢᛋᛖᚾᛖᛋᛋ,489
reversement,1897,0,ᚱᛖᚢᛖᚱᛋᛖᛗᛖᚾᛏ,505
nationalizer,1897,0,ᚾᚪᛏᛡᚾᚪᛚᛁᛋᛖᚱ,653
precautional,1894,0,ᛈᚱᛖᚳᚪᚢᛏᛡᚾᚪᛚ,599
tailorbirds,1891,0,ᛏᚪᛁᛚᚩᚱᛒᛁᚱᛞᛋ,523
shittimwood,1881,0,ᛋᚻᛁᛏᛏᛁᛗᚹᚩᚩᛞ,449
cursoriness,1877,0,ᚳᚢᚱᛋᚩᚱᛁᚾᛖᛋᛋ,331
abolitionary,1876,0,ᚪᛒᚩᛚᛁᛏᛡᚾᚪᚱᚣ,675
allegorizer,1875,0,ᚪᛚᛚᛖᚷᚩᚱᛁᛋᛖᚱ,507
manumitters,1873,0,ᛗᚪᚾᚢᛗᛁᛏᛏᛖᚱᛋ,551
megalosaurs,1867,0,ᛗᛖᚷᚪᛚᚩᛋᚪᚢᚱᛋ,549
madagascars,1867,0,ᛗᚪᛞᚪᚷᚪᛋᚳᚪᚱᛋ,695
vindemiatrix,1865,0,ᚢᛁᚾᛞᛖᛗᛡᛏᚱᛁᛉ,545
goldbricker,1860,0,ᚷᚩᛚᛞᛒᚱᛁᚳᚳᛖᚱ,393
vesuvianites,1857,0,ᚢᛖᛋᚢᚢᛡᚾᛁᛏᛖᛋ,475
christendie,1847,0,ᚳᚻᚱᛁᛋᛏᛖᚾᛞᛁᛖ,473
coelacanthini,1834,0,ᚳᛟᛚᚪᚳᚪᚾᚦᛁᚾᛁ,501
stigmatists,1831,0,ᛋᛏᛁᚷᛗᚪᛏᛁᛋᛏᛋ,583
onomatomania,1825,0,ᚩᚾᚩᛗᚪᛏᚩᛗᚪᚾᛡ,581
bullheadedly,1813,0,ᛒᚢᛚᛚᚻᛠᛞᛖᛞᛚᚣ,763
delassement,1808,0,ᛞᛖᛚᚪᛋᛋᛖᛗᛖᚾᛏ,725
frenchiness,1805,0,ᚠᚱᛖᚾᚳᚻᛁᚾᛖᛋᛋ,378
sensualness,1803,0,ᛋᛖᚾᛋᚢᚪᛚᚾᛖᛋᛋ,577
denunciative,1797,0,ᛞᛖᚾᚢᚾᚳᛡᛏᛁᚢᛖ,497
unvisitable,1795,0,ᚢᚾᚢᛁᛋᛁᛏᚪᛒᛚᛖ,507
foremastman,1791,0,ᚠᚩᚱᛖᛗᚪᛋᛏᛗᚪᚾ,564
reversionist,1789,0,ᚱᛖᚢᛖᚱᛋᛡᚾᛁᛋᛏ,491
micromicron,1783,0,ᛗᛁᚳᚱᚩᛗᛁᚳᚱᚩᚾ,295
phoneticist,1775,0,ᛈᚻᚩᚾᛖᛏᛁᚳᛁᛋᛏ,415
tantalizers,1768,0,ᛏᚪᚾᛏᚪᛚᛁᛋᛖᚱᛋ,629
consternate,1768,0,ᚳᚩᚾᛋᛏᛖᚱᚾᚪᛏᛖ,491
historified,1764,0,ᚻᛁᛋᛏᚩᚱᛁᚠᛁᛖᛞ,404
liveableness,1762,0,ᛚᛁᚢᛠᛒᛚᛖᚾᛖᛋᛋ,619
carposporic,1761,0,ᚳᚪᚱᛈᚩᛋᛈᚩᚱᛁᚳ,329
decalescent,1760,0,ᛞᛖᚳᚪᛚᛖᛋᚳᛖᚾᛏ,627
consuetudes,1760,0,ᚳᚩᚾᛋᚢᛖᛏᚢᛞᛖᛋ,443
trophobiosis,1753,0,ᛏᚱᚩᛈᚻᚩᛒᛡᛋᛁᛋ,455
redemptional,1744,0,ᚱᛖᛞᛖᛗᛈᛏᛡᚾᚪᛚ,713
inelaborate,1742,0,ᛁᚾᛖᛚᚪᛒᚩᚱᚪᛏᛖ,599
polemoniums,1739,0,ᛈᚩᛚᛖᛗᚩᚾᛁᚢᛗᛋ,455
offenseless,1735,0,ᚩᚠᚠᛖᚾᛋᛖᛚᛖᛋᛋ,473
slipperwort,1726,0,ᛋᛚᛁᛈᛈᛖᚱᚹᚩᚱᛏ,417
battercakes,1726,0,ᛒᚪᛏᛏᛖᚱᚳᚪᚳᛖᛋ,597
sanguinarily,1722,0,ᛋᚪᛝᚢᛁᚾᚪᚱᛁᛚᚣ,607
animalities,1721,0,ᚪᚾᛁᛗᚪᛚᛁᛏᛁᛖᛋ,639
blastopores,1718,0,ᛒᛚᚪᛋᛏᚩᛈᚩᚱᛖᛋ,531
bitartrates,1717,0,ᛒᛁᛏᚪᚱᛏᚱᚪᛏᛖᛋ,605
disanimated,1713,0,ᛞᛁᛋᚪᚾᛁᛗᚪᛏᛖᛞ,713
underseller,1707,0,ᚢᚾᛞᛖᚱᛋᛖᛚᛚᛖᚱ,543
comfortress,1699,0,ᚳᚩᛗᚠᚩᚱᛏᚱᛖᛋᛋ,354
burlesquely,1692,0,ᛒᚢᚱᛚᛖᛋᚳᚹᛖᛚᚣ,543
tralatitious,1684,0,ᛏᚱᚪᛚᚪᛏᛁᛏᛡᚢᛋ,649
prejudicious,1684,0,ᛈᚱᛖᛂᚢᛞᛁᚳᛡᚢᛋ,457
animatistic,1684,0,ᚪᚾᛁᛗᚪᛏᛁᛋᛏᛁᚳ,571
horselaughs,1681,0,ᚻᚩᚱᛋᛖᛚᚪᚢᚷᚻᛋ,427
solacements,1679,0,ᛋᚩᛚᚪᚳᛖᛗᛖᚾᛏᛋ,589
bailiffship,1675,0,ᛒᚪᛁᛚᛁᚠᚠᛋᚻᛁᛈ,447
disculpation,1674,0,ᛞᛁᛋᚳᚢᛚᛈᚪᛏᛡᚾ,597
distrustingly,1665,0,ᛞᛁᛋᛏᚱᚢᛋᛏᛝᛚᚣ,613
totipotence,1664,0,ᛏᚩᛏᛁᛈᚩᛏᛖᚾᚳᛖ,441
maneuverers,1656,0,ᛗᚪᚾᛖᚢᚢᛖᚱᛖᚱᛋ,479
affableness,1655,0,ᚪᚠᚠᚪᛒᛚᛖᚾᛖᛋᛋ,601
beggarwomen,1650,0,ᛒᛖᚷᚷᚪᚱᚹᚩᛗᛖᚾ,463
disrelishes,1649,0,ᛞᛁᛋᚱᛖᛚᛁᛋᚻᛖᛋ,551
slowcoaches,1647,0,ᛋᛚᚩᚹᚳᚩᚪᚳᚻᛖᛋ,425
propitiative,1647,0,ᛈᚱᚩᛈᛁᛏᛡᛏᛁᚢᛖ,461
bloodguilty,1647,0,ᛒᛚᚩᚩᛞᚷᚢᛁᛚᛏᚣ,523
flannelbush,1646,0,ᚠᛚᚪᚾᚾᛖᛚᛒᚢᛋᚻ,510
cheliferous,1636,0,ᚳᚻᛖᛚᛁᚠᛖᚱᚩᚢᛋ,350
saltierwise,1627,0,ᛋᚪᛚᛏᛁᛖᚱᚹᛁᛋᛖ,561
desecraters,1627,0,ᛞᛖᛋᛖᚳᚱᚪᛏᛖᚱᛋ,587
oligarchist,1626,0,ᚩᛚᛁᚷᚪᚱᚳᚻᛁᛋᛏ,415
embracingness,1621,0,ᛖᛗᛒᚱᚪᚳᛝᚾᛖᛋᛋ,601
sternutator,1612,0,ᛋᛏᛖᚱᚾᚢᛏᚪᛏᚩᚱ,455
panicmongers,1612,0,ᛈᚪᚾᛁᚳᛗᚩᛝᛖᚱᛋ,501
unguiculates,1609,0,ᚢᛝᚢᛁᚳᚢᛚᚪᛏᛖᛋ,481
decarbonate,1605,0,ᛞᛖᚳᚪᚱᛒᚩᚾᚪᛏᛖ,597
carnallites,1602,0,ᚳᚪᚱᚾᚪᛚᛚᛁᛏᛖᛋ,603
peritoneums,1591,0,ᛈᛖᚱᛁᛏᚩᚾᛖᚢᛗᛋ,441
rupturewort,1590,0,ᚱᚢᛈᛏᚢᚱᛖᚹᚩᚱᛏ,293
paperknives,1590,0,ᛈᚪᛈᛖᚱᚳᚾᛁᚢᛖᛋ,457
workfellows,1589,0,ᚹᚩᚱᚳᚠᛖᛚᛚᚩᚹᛋ,344
subjunctions,1586,0,ᛋᚢᛒᛂᚢᚾᚳᛏᛡᚾᛋ,447
fahrenheits,1576,0,ᚠᚪᚻᚱᛖᚾᚻᛖᛁᛏᛋ,462
glutinosity,1574,0,ᚷᛚᚢᛏᛁᚾᚩᛋᛁᛏᚣ,465
chittamwood,1571,0,ᚳᚻᛁᛏᛏᚪᛗᚹᚩᚩᛞ,475
stitchworts,1568,0,ᛋᛏᛁᛏᚳᚻᚹᚩᚱᛏᛋ,387
jerrymander,1564,0,ᛂᛖᚱᚱᚣᛗᚪᚾᛞᛖᚱ,593
clangorously,1561,0,ᚳᛚᚪᛝᚩᚱᚩᚢᛋᛚᚣ,519
bichlorides,1556,0,ᛒᛁᚳᚻᛚᚩᚱᛁᛞᛖᛋ,459
mountenance,1539,0,ᛗᚩᚢᚾᛏᛖᚾᚪᚾᚳᛖ,471
profanatory,1536,0,ᛈᚱᚩᚠᚪᚾᚪᛏᚩᚱᚣ,466
ferventness,1534,0,ᚠᛖᚱᚢᛖᚾᛏᚾᛖᛋᛋ,440
crackleware,1532,0,ᚳᚱᚪᚳᚳᛚᛖᚹᚪᚱᛖ,481
heptahedron,1531,0,ᚻᛖᛈᛏᚪᚻᛖᛞᚱᚩᚾ,515
matchboards,1527,0,ᛗᚪᛏᚳᚻᛒᚩᚪᚱᛞᛋ,581
millineries,1526,0,ᛗᛁᛚᛚᛁᚾᛖᚱᛁᛖᛋ,537
tollkeepers,1524,0,ᛏᚩᛚᛚᚳᛖᛖᛈᛖᚱᛋ,533
diddlysquat,1520,0,ᛞᛁᛞᛞᛚᚣᛋᚳᚹᚪᛏ,715
viscidities,1519,0,ᚢᛁᛋᚳᛁᛞᛁᛏᛁᛖᛋ,461
comminglement,1517,0,ᚳᚩᛗᛗᛝᛚᛖᛗᛖᚾᛏ,607
ultraformal,1515,0,ᚢᛚᛏᚱᚪᚠᚩᚱᛗᚪᛚ,504
puritanisms,1512,0,ᛈᚢᚱᛁᛏᚪᚾᛁᛋᛗᛋ,481
powderiness,1510,0,ᛈᚩᚹᛞᛖᚱᛁᚾᛖᛋᛋ,469
etymologise,1506,0,ᛖᛏᚣᛗᚩᛚᚩᚷᛁᛋᛖ,555
polyandrist,1504,0,ᛈᚩᛚᚣᚪᚾᛞᚱᛁᛋᛏ,595
primalities,1503,0,ᛈᚱᛁᛗᚪᛚᛁᛏᛁᛖᛋ,567
langbeinites,1502,0,ᛚᚪᛝᛒᛖᛁᚾᛁᛏᛖᛋ,647
sarcolemmas,1500,0,ᛋᚪᚱᚳᚩᛚᛖᛗᛗᚪᛋ,613
osteostracan,1492,0,ᚩᛋᛏᛇᛋᛏᚱᚪᚳᚪᚾ,519
protuberate,1480,0,ᛈᚱᚩᛏᚢᛒᛖᚱᚪᛏᛖ,485
pyrrhuloxias,1479,0,ᛈᚣᚱᚱᚻᚢᛚᚩᛉᛡᛋ,481
grouseberry,1475,0,ᚷᚱᚩᚢᛋᛖᛒᛖᚱᚱᚣ,411
testatrices,1473,0,ᛏᛖᛋᛏᚪᛏᚱᛁᚳᛖᛋ,569
instillator,1472,0,ᛁᚾᛋᛏᛁᛚᛚᚪᛏᚩᚱ,523
hemogenesis,1472,0,ᚻᛖᛗᚩᚷᛖᚾᛖᛋᛁᛋ,485
disavowable,1468,0,ᛞᛁᛋᚪᚢᚩᚹᚪᛒᛚᛖ,597
agrobiologic,1465,0,ᚪᚷᚱᚩᛒᛡᛚᚩᚷᛁᚳ,441
unpermanent,1461,0,ᚢᚾᛈᛖᚱᛗᚪᚾᛖᚾᛏ,505
nonsustaining,1461,0,ᚾᚩᚾᛋᚢᛋᛏᚪᛁᚾᛝ,469
splendacious,1458,0,ᛋᛈᛚᛖᚾᛞᚪᚳᛡᚢᛋ,627
nympholepts,1458,0,ᚾᚣᛗᛈᚻᚩᛚᛖᛈᛏᛋ,571
circumvolve,1458,0,ᚳᛁᚱᚳᚢᛗᚢᚩᛚᚢᛖ,295
blastomeric,1454,0,ᛒᛚᚪᛋᛏᚩᛗᛖᚱᛁᚳ,543
autocratrix,1452,0,ᚪᚢᛏᚩᚳᚱᚪᛏᚱᛁᛉ,435
decarburise,1450,0,ᛞᛖᚳᚪᚱᛒᚢᚱᛁᛋᛖ,503
excursively,1447,0,ᛖᛉᚳᚢᚱᛋᛁᚢᛖᛚᚣ,471
abolishable,1447,0,ᚪᛒᚩᛚᛁᛋᚻᚪᛒᛚᛖ,643
diplomatise,1446,0,ᛞᛁᛈᛚᚩᛗᚪᛏᛁᛋᛖ,621
shellflower,1444,0,ᛋᚻᛖᛚᛚᚠᛚᚩᚹᛖᚱ,468
ropewalkers,1435,0,ᚱᚩᛈᛖᚹᚪᛚᚳᛖᚱᛋ,461
sagittiform,1427,0,ᛋᚪᚷᛁᛏᛏᛁᚠᚩᚱᛗ,438
vaticinated,1415,0,ᚢᚪᛏᛁᚳᛁᚾᚪᛏᛖᛞ,575
unseemliest,1413,0,ᚢᚾᛋᛖᛖᛗᛚᛁᛖᛋᛏ,573
psycholepsy,1411,0,ᛈᛋᚣᚳᚻᚩᛚᛖᛈᛋᚣ,581
rectoplasty,1410,0,ᚱᛖᚳᛏᚩᛈᛚᚪᛋᛏᚣ,585
variolization,1406,0,ᚢᚪᚱᛡᛚᛁᛋᚪᛏᛡᚾ,667
obtruncated,1400,0,ᚩᛒᛏᚱᚢᚾᚳᚪᛏᛖᛞ,495
rationalness,1397,0,ᚱᚪᛏᛡᚾᚪᛚᚾᛖᛋᛋ,675
erubescence,1391,0,ᛖᚱᚢᛒᛖᛋᚳᛖᚾᚳᛖ,451
malevolency,1390,0,ᛗᚪᛚᛖᚢᚩᛚᛖᚾᚳᚣ,603
amphisbaenas,1382,0,ᚪᛗᛈᚻᛁᛋᛒᚫᚾᚪᛋ,659
fluoridates,1381,0,ᚠᛚᚢᚩᚱᛁᛞᚪᛏᛖᛋ,492
callipygous,1380,0,ᚳᚪᛚᛚᛁᛈᚣᚷᚩᚢᛋ,513
inexpectant,1378,0,ᛁᚾᛖᛉᛈᛖᚳᛏᚪᚾᛏ,541
hackmatacks,1373,0,ᚻᚪᚳᚳᛗᚪᛏᚪᚳᚳᛋ,549
pastorships,1369,0,ᛈᚪᛋᛏᚩᚱᛋᚻᛁᛈᛋ,473
bitterweeds,1358,0,ᛒᛁᛏᛏᛖᚱᚹᛖᛖᛞᛋ,583
parturiency,1348,0,ᛈᚪᚱᛏᚢᚱᛁᛖᚾᚳᚣ,467
maraschinos,1338,0,ᛗᚪᚱᚪᛋᚳᚻᛁᚾᚩᛋ,485
worthinesses,1327,0,ᚹᚩᚱᚦᛁᚾᛖᛋᛋᛖᛋ,395
benedicites,1321,0,ᛒᛖᚾᛖᛞᛁᚳᛁᛏᛖᛋ,567
cockaleekie,1320,0,ᚳᚩᚳᚳᚪᛚᛖᛖᚳᛁᛖ,461
friabilities,1311,0,ᚠᚱᛡᛒᛁᛚᛁᛏᛁᛖᛋ,526
audiometries,1304,0,ᚪᚢᛞᛡᛗᛖᛏᚱᛁᛖᛋ,655
mentonniere,1299,0,ᛗᛖᚾᛏᚩᚾᚾᛁᛖᚱᛖ,467
whinberries,1298,0,ᚹᚻᛁᚾᛒᛖᚱᚱᛁᛖᛋ,403
ricketiness,1297,0,ᚱᛁᚳᚳᛖᛏᛁᚾᛖᛋᛋ,427
funambulism,1297,0,ᚠᚢᚾᚪᛗᛒᚢᛚᛁᛋᛗ,494
samarskites,1290,0,ᛋᚪᛗᚪᚱᛋᚳᛁᛏᛖᛋ,605
columniform,1288,0,ᚳᚩᛚᚢᛗᚾᛁᚠᚩᚱᛗ,318
pruriencies,1283,0,ᛈᚱᚢᚱᛁᛖᚾᚳᛁᛖᛋ,359
misbestowed,1283,0,ᛗᛁᛋᛒᛖᛋᛏᚩᚹᛖᛞ,577
uninvitedly,1281,0,ᚢᚾᛁᚾᚢᛁᛏᛖᛞᛚᚣ,517
uncultivate,1280,0,ᚢᚾᚳᚢᛚᛏᛁᚢᚪᛏᛖ,437
ascosporous,1275,0,ᚪᛋᚳᚩᛋᛈᚩᚱᚩᚢᛋ,347
disceptation,1273,0,ᛞᛁᛋᚳᛖᛈᛏᚪᛏᛡᚾ,647
cyclostyles,1272,0,ᚳᚣᚳᛚᚩᛋᛏᚣᛚᛖᛋ,617
bacciferous,1272,0,ᛒᚪᚳᚳᛁᚠᛖᚱᚩᚢᛋ,358
gadolinites,1271,0,ᚷᚪᛞᚩᛚᛁᚾᛁᛏᛖᛋ,553
protectorial,1266,0,ᛈᚱᚩᛏᛖᚳᛏᚩᚱᛡᛚ,457
enjoinments,1264,0,ᛖᚾᛂᚩᛁᚾᛗᛖᚾᛏᛋ,479
appendicles,1264,0,ᚪᛈᛈᛖᚾᛞᛁᚳᛚᛖᛋ,605
miscoloured,1263,0,ᛗᛁᛋᚳᚩᛚᚩᚢᚱᛖᛞ,425
concaveness,1259,0,ᚳᚩᚾᚳᚪᚢᛖᚾᛖᛋᛋ,431
blemishment,1258,0,ᛒᛚᛖᛗᛁᛋᚻᛗᛖᚾᛏ,605
centrosomic,1257,0,ᚳᛖᚾᛏᚱᚩᛋᚩᛗᛁᚳ,361
rattlepated,1255,0,ᚱᚪᛏᛏᛚᛖᛈᚪᛏᛖᛞ,721
pullulations,1254,0,ᛈᚢᛚᛚᚢᛚᚪᛏᛡᚾᛋ,613
adiposities,1252,0,ᚪᛞᛁᛈᚩᛋᛁᛏᛁᛖᛋ,561
thriftlessly,1250,0,ᚦᚱᛁᚠᛏᛚᛖᛋᛋᛚᚣ,530
braggartism,1250,0,ᛒᚱᚪᚷᚷᚪᚱᛏᛁᛋᛗ,525
grammalogue,1248,0,ᚷᚱᚪᛗᛗᚪᛚᚩᚷᚢᛖ,531
sarcolemmic,1240,0,ᛋᚪᚱᚳᚩᛚᛖᛗᛗᛁᚳ,507
countermure,1240,0,ᚳᚩᚢᚾᛏᛖᚱᛗᚢᚱᛖ,341
scrubbiness,1235,0,ᛋᚳᚱᚢᛒᛒᛁᚾᛖᛋᛋ,435
sheepshearings,1233,0,ᛋᚻᛖᛖᛈᛋᚻᛠᚱᛝᛋ,581
sporulations,1232,0,ᛋᛈᚩᚱᚢᛚᚪᛏᛡᚾᛋ,535
sneezeweeds,1230,0,ᛋᚾᛖᛖᛋᛖᚹᛖᛖᛞᛋ,631
pitcherfuls,1214,0,ᛈᛁᛏᚳᚻᛖᚱᚠᚢᛚᛋ,378
peregrinity,1213,0,ᛈᛖᚱᛖᚷᚱᛁᚾᛁᛏᚣ,469
releasements,1203,0,ᚱᛖᛚᛠᛋᛖᛗᛖᚾᛏᛋ,659
placidities,1202,0,ᛈᛚᚪᚳᛁᛞᛁᛏᛁᛖᛋ,587
morigeration,1194,0,ᛗᚩᚱᛁᚷᛖᚱᚪᛏᛡᚾ,507
gawdamighty,1190,0,ᚷᚪᚹᛞᚪᛗᛁᚷᚻᛏᚣ,623
unperfectly,1188,0,ᚢᚾᛈᛖᚱᚠᛖᚳᛏᛚᚣ,470
pamphletary,1187,0,ᛈᚪᛗᛈᚻᛚᛖᛏᚪᚱᚣ,687
vorticellas,1183,0,ᚢᚩᚱᛏᛁᚳᛖᛚᛚᚪᛋ,487
conglobulate,1181,0,ᚳᚩᛝᛚᚩᛒᚢᛚᚪᛏᛖ,539
leopardesses,1179,0,ᛚᛇᛈᚪᚱᛞᛖᛋᛋᛖᛋ,647
hammerlocks,1172,0,ᚻᚪᛗᛗᛖᚱᛚᚩᚳᚳᛋ,499
heterologic,1167,0,ᚻᛖᛏᛖᚱᚩᛚᚩᚷᛁᚳ,375
unmemorized,1166,0,ᚢᚾᛗᛖᛗᚩᚱᛁᛋᛖᛞ,499
doctrinists,1162,0,ᛞᚩᚳᛏᚱᛁᚾᛁᛋᛏᛋ,435
hyperthermias,1155,0,ᚻᚣᛈᛖᚱᚦᛖᚱᛗᛡᛋ,561
deglutitions,1153,0,ᛞᛖᚷᛚᚢᛏᛁᛏᛡᚾᛋ,587
calabazilla,1147,0,ᚳᚪᛚᚪᛒᚪᛋᛁᛚᛚᚪ,765
unhorizoned,1140,0,ᚢᚾᚻᚩᚱᛁᛋᚩᚾᛖᛞ,349
undisbanded,1134,0,ᚢᚾᛞᛁᛋᛒᚪᚾᛞᛖᛞ,637
foamflowers,1134,0,ᚠᚩᚪᛗᚠᛚᚩᚹᛖᚱᛋ,409
burglarised,1132,0,ᛒᚢᚱᚷᛚᚪᚱᛁᛋᛖᛞ,513
cacomistles,1129,0,ᚳᚪᚳᚩᛗᛁᛋᛏᛚᛖᛋ,537
freightages,1125,0,ᚠᚱᛖᛁᚷᚻᛏᚪᚷᛖᛋ,444
spatchcocks,1116,0,ᛋᛈᚪᛏᚳᚻᚳᚩᚳᚳᛋ,387
yachtswomen,1101,0,ᚣᚪᚳᚻᛏᛋᚹᚩᛗᛖᚾ,541
alphabetise,1096,0,ᚪᛚᛈᚻᚪᛒᛖᛏᛁᛋᛖ,671
beggarweeds,1090,0,ᛒᛖᚷᚷᚪᚱᚹᛖᛖᛞᛋ,565
unremovably,1089,0,ᚢᚾᚱᛖᛗᚩᚢᚪᛒᛚᚣ,525
mesquinerie,1078,0,ᛗᛖᛋᚳᚹᛁᚾᛖᚱᛁᛖ,459
abominators,1063,0,ᚪᛒᚩᛗᛁᚾᚪᛏᚩᚱᛋ,523
graphospasm,1062,0,ᚷᚱᚪᛈᚻᚩᛋᛈᚪᛋᛗ,515
fothergillas,1061,0,ᚠᚩᚦᛖᚱᚷᛁᛚᛚᚪᛋ,436
anacoluthons,1060,0,ᚪᚾᚪᚳᚩᛚᚢᚦᚩᚾᛋ,413
septuagints,1055,0,ᛋᛖᛈᛏᚢᚪᚷᛁᚾᛏᛋ,511
eruditeness,1055,0,ᛖᚱᚢᛞᛁᛏᛖᚾᛖᛋᛋ,529
proclaimant,1052,0,ᛈᚱᚩᚳᛚᚪᛁᛗᚪᚾᛏ,531
unmatchably,1044,0,ᚢᚾᛗᚪᛏᚳᚻᚪᛒᛚᚣ,629
untrappable,1032,0,ᚢᚾᛏᚱᚪᛈᛈᚪᛒᛚᛖ,583
paddymelons,1026,0,ᛈᚪᛞᛞᚣᛗᛖᛚᚩᚾᛋ,721
liquidizers,1024,0,ᛚᛁᚳᚹᛁᛞᛁᛋᛖᚱᛋ,471
spoonflower,1022,0,ᛋᛈᚩᚩᚾᚠᛚᚩᚹᛖᚱ,318
hemstitches,1022,0,ᚻᛖᛗᛋᛏᛁᛏᚳᚻᛖᛋ,519
squirrelish,1019,0,ᛋᚳᚹᛁᚱᚱᛖᛚᛁᛋᚻ,385
catechisers,1018,0,ᚳᚪᛏᛖᚳᚻᛁᛋᛖᚱᛋ,487
unscribbled,1015,0,ᚢᚾᛋᚳᚱᛁᛒᛒᛚᛖᛞ,491
splashiness,1015,0,ᛋᛈᛚᚪᛋᚻᛁᚾᛖᛋᛋ,575
farawayness,1012,0,ᚠᚪᚱᚪᚹᚪᚣᚾᛖᛋᛋ,628
rattleheaded,1009,0,ᚱᚪᛏᛏᛚᛖᚻᛠᛞᛖᛞ,743
putrescines,1006,0,ᛈᚢᛏᚱᛖᛋᚳᛁᚾᛖᛋ,429
hematolysis,1004,0,ᚻᛖᛗᚪᛏᚩᛚᚣᛋᛁᛋ,637
gratefuller,997,0,ᚷᚱᚪᛏᛖᚠᚢᛚᛚᛖᚱ,480
disentangler,995,0,ᛞᛁᛋᛖᚾᛏᚪᛝᛚᛖᚱ,655
vociferator,994,0,ᚢᚩᚳᛁᚠᛖᚱᚪᛏᚩᚱ,308
copperwares,993,0,ᚳᚩᛈᛈᛖᚱᚹᚪᚱᛖᛋ,431
crassitudes,990,0,ᚳᚱᚪᛋᛋᛁᛏᚢᛞᛖᛋ,529
teetotalist,985,0,ᛏᛖᛖᛏᚩᛏᚪᛚᛁᛋᛏ,631
christcross,981,0,ᚳᚻᚱᛁᛋᛏᚳᚱᚩᛋᛋ,327
garmentless,980,0,ᚷᚪᚱᛗᛖᚾᛏᛚᛖᛋᛋ,597
scorpionweed,979,0,ᛋᚳᚩᚱᛈᛡᚾᚹᛖᛖᛞ,505
garnierites,979,0,ᚷᚪᚱᚾᛁᛖᚱᛁᛏᛖᛋ,473
primateship,973,0,ᛈᚱᛁᛗᚪᛏᛖᛋᚻᛁᛈ,529
presciences,972,0,ᛈᚱᛖᛋᚳᛁᛖᚾᚳᛖᛋ,447
fraternizer,970,0,ᚠᚱᚪᛏᛖᚱᚾᛁᛋᛖᚱ,438
displeasedly,970,0,ᛞᛁᛋᛈᛚᛠᛋᛖᛞᛚᚣ,783
smilelessly,965,0,ᛋᛗᛁᛚᛖᛚᛖᛋᛋᛚᚣ,717
allegrettos,958,0,ᚪᛚᛚᛖᚷᚱᛖᛏᛏᚩᛋ,583
mecopterous,956,0,ᛗᛖᚳᚩᛈᛏᛖᚱᚩᚢᛋ,401
tripletails,954,0,ᛏᚱᛁᛈᛚᛖᛏᚪᛁᛚᛋ,597
agapanthuses,944,0,ᚪᚷᚪᛈᚪᚾᚦᚢᛋᛖᛋ,561
nominalisms,943,0,ᚾᚩᛗᛁᚾᚪᛚᛁᛋᛗᛋ,545
gubernators,941,0,ᚷᚢᛒᛖᚱᚾᚪᛏᚩᚱᛋ,415
dispiteously,940,0,ᛞᛁᛋᛈᛁᛏᛇᚢᛋᛚᚣ,579
twinflowers,939,0,ᛏᚹᛁᚾᚠᛚᚩᚹᛖᚱᛋ,370
osteomalacias,939,0,ᚩᛋᛏᛇᛗᚪᛚᚪᚳᛡᛋ,671
formularise,939,0,ᚠᚩᚱᛗᚢᛚᚪᚱᛁᛋᛖ,426
nephroptosia,937,0,ᚾᛖᛈᚻᚱᚩᛈᛏᚩᛋᛡ,449
commendment,936,0,ᚳᚩᛗᛗᛖᚾᛞᛗᛖᚾᛏ,573
townspeoples,932,0,ᛏᚩᚹᚾᛋᛈᛇᛈᛚᛖᛋ,487
sensibilize,932,0,ᛋᛖᚾᛋᛁᛒᛁᛚᛁᛋᛖ,549
bristliness,931,0,ᛒᚱᛁᛋᛏᛚᛁᚾᛖᛋᛋ,521
honeyflower,930,0,ᚻᚩᚾᛖᚣᚠᛚᚩᚹᛖᚱ,408
embalmments,929,0,ᛖᛗᛒᚪᛚᛗᛗᛖᚾᛏᛋ,719
incasements,928,0,ᛁᚾᚳᚪᛋᛖᛗᛖᚾᛏᛋ,569
antepenults,921,0,ᚪᚾᛏᛖᛈᛖᚾᚢᛚᛏᛋ,579
disgruntles,919,0,ᛞᛁᛋᚷᚱᚢᚾᛏᛚᛖᛋ,485
cleistocarp,917,0,ᚳᛚᛖᛁᛋᛏᚩᚳᚪᚱᛈ,467
aeromechanic,917,0,ᚫᚱᚩᛗᛖᚳᚻᚪᚾᛁᚳ,463
invitements,916,0,ᛁᚾᚢᛁᛏᛖᛗᛖᚾᛏᛋ,499
entrancedly,916,0,ᛖᚾᛏᚱᚪᚾᚳᛖᛞᛚᚣ,637
tobogganist,915,0,ᛏᚩᛒᚩᚷᚷᚪᚾᛁᛋᛏ,437
flounderingly,912,0,ᚠᛚᚩᚢᚾᛞᛖᚱᛝᛚᚣ,536
domesticize,912,0,ᛞᚩᛗᛖᛋᛏᛁᚳᛁᛋᛖ,541
harlequined,907,0,ᚻᚪᚱᛚᛖᚳᚹᛁᚾᛖᛞ,519
desexualise,907,0,ᛞᛖᛋᛖᛉᚢᚪᛚᛁᛋᛖ,647
unflourishing,904,0,ᚢᚾᚠᛚᚩᚢᚱᛁᛋᚻᛝ,314
surfboarder,904,0,ᛋᚢᚱᚠᛒᚩᚪᚱᛞᛖᚱ,412
tensimeters,902,0,ᛏᛖᚾᛋᛁᛗᛖᛏᛖᚱᛋ,567
verberations,901,0,ᚢᛖᚱᛒᛖᚱᚪᛏᛡᚾᛋ,565
theatricalising,899,0,ᚦᛠᛏᚱᛁᚳᚪᛚᛁᛋᛝ,561
hypotensions,897,0,ᚻᚣᛈᚩᛏᛖᚾᛋᛡᚾᛋ,573
apparencies,887,0,ᚪᛈᛈᚪᚱᛖᚾᚳᛁᛖᛋ,551
tetraskelion,886,0,ᛏᛖᛏᚱᚪᛋᚳᛖᛚᛡᚾ,635
waterfinder,883,0,ᚹᚪᛏᛖᚱᚠᛁᚾᛞᛖᚱ,482
aventurines,880,0,ᚪᚢᛖᚾᛏᚢᚱᛁᚾᛖᛋ,449
lusterwares,873,0,ᛚᚢᛋᛏᛖᚱᚹᚪᚱᛖᛋ,513
currishness,869,0,ᚳᚢᚱᚱᛁᛋᚻᚾᛖᛋᛋ,347
unhonorable,866,0,ᚢᚾᚻᚩᚾᚩᚱᚪᛒᛚᛖ,407
megacephaly,865,0,ᛗᛖᚷᚪᚳᛖᛈᚻᚪᛚᚣ,671
gentianellas,862,0,ᚷᛖᚾᛏᛡᚾᛖᛚᛚᚪᛋ,671
hyperbolist,856,0,ᚻᚣᛈᛖᚱᛒᚩᛚᛁᛋᛏ,531
pennyroyals,848,0,ᛈᛖᚾᚾᚣᚱᚩᚣᚪᛚᛋ,615
jaboticabas,834,0,ᛂᚪᛒᚩᛏᛁᚳᚪᛒᚪᛋ,613
limnologies,828,0,ᛚᛁᛗᚾᚩᛚᚩᚷᛁᛖᛋ,459
inebrieties,820,0,ᛁᚾᛖᛒᚱᛁᛖᛏᛁᛖᛋ,507
sigillarioid,818,0,ᛋᛁᚷᛁᛚᛚᚪᚱᛡᛁᛞ,613
throttlehold,803,0,ᚦᚱᚩᛏᛏᛚᛖᚻᚩᛚᛞ,473
chalcocites,799,0,ᚳᚻᚪᛚᚳᚩᚳᛁᛏᛖᛋ,449
ratiocinates,793,0,ᚱᚪᛏᛡᚳᛁᚾᚪᛏᛖᛋ,623
fatheadedness,789,0,ᚠᚪᚦᛠᛞᛖᛞᚾᛖᛋᛋ,660
anthophagous,785,0,ᚪᚾᚦᚩᛈᚻᚪᚷᚩᚢᛋ,381
superaqueous,779,0,ᛋᚢᛈᛖᚱᚪᚳᚹᛇᚢᛋ,403
achromatise,779,0,ᚪᚳᚻᚱᚩᛗᚪᛏᛁᛋᛖ,529
direfulness,778,0,ᛞᛁᚱᛖᚠᚢᛚᚾᛖᛋᛋ,478
uncorruption,775,0,ᚢᚾᚳᚩᚱᚱᚢᛈᛏᛡᚾ,315
logomachist,771,0,ᛚᚩᚷᚩᛗᚪᚳᚻᛁᛋᛏ,451
flameflower,762,0,ᚠᛚᚪᛗᛖᚠᛚᚩᚹᛖᚱ,489
xenogenetic,761,0,ᛉᛖᚾᚩᚷᛖᚾᛖᛏᛁᚳ,433
hypochondry,760,0,ᚻᚣᛈᚩᚳᚻᚩᚾᛞᚱᚣ,451
calefactive,760,0,ᚳᚪᛚᛖᚠᚪᚳᛏᛁᚢᛖ,522
blastematic,760,0,ᛒᛚᚪᛋᛏᛖᛗᚪᛏᛁᚳ,681
curableness,759,0,ᚳᚢᚱᚪᛒᛚᛖᚾᛖᛋᛋ,527
bacterioidal,758,0,ᛒᚪᚳᛏᛖᚱᛡᛁᛞᚪᛚ,705
chromatisms,756,0,ᚳᚻᚱᚩᛗᚪᛏᛁᛋᛗᛋ,489
scorpaenoids,755,0,ᛋᚳᚩᚱᛈᚫᚾᚩᛁᛞᛋ,437
freightless,755,0,ᚠᚱᛖᛁᚷᚻᛏᛚᛖᛋᛋ,456
legateships,752,0,ᛚᛖᚷᚪᛏᛖᛋᚻᛁᛈᛋ,583
unrevocable,750,0,ᚢᚾᚱᛖᚢᚩᚳᚪᛒᛚᛖ,431
welwitschias,749,0,ᚹᛖᛚᚹᛁᛏᛋᚳᚻᛡᛋ,517
exsanguinous,745,0,ᛖᛉᛋᚪᛝᚢᛁᚾᚩᚢᛋ,469
undraperied,741,0,ᚢᚾᛞᚱᚪᛈᛖᚱᛁᛖᛞ,537
misogamists,737,0,ᛗᛁᛋᚩᚷᚪᛗᛁᛋᛏᛋ,543
heteroicous,736,0,ᚻᛖᛏᛖᚱᚩᛁᚳᚩᚢᛋ,341
shamefastly,731,0,ᛋᚻᚪᛗᛖᚠᚪᛋᛏᛚᚣ,698
camouflager,731,0,ᚳᚪᛗᚩᚢᚠᛚᚪᚷᛖᚱ,458
sidestrokes,725,0,ᛋᛁᛞᛖᛋᛏᚱᚩᚳᛖᛋ,503
mesospheres,722,0,ᛗᛖᛋᚩᛋᛈᚻᛖᚱᛖᛋ,515
xeranthemums,714,0,ᛉᛖᚱᚪᚾᚦᛖᛗᚢᛗᛋ,521
handsbreadths,712,0,ᚻᚪᚾᛞᛋᛒᚱᛠᛞᚦᛋ,619
vanadinites,711,0,ᚢᚪᚾᚪᛞᛁᚾᛁᛏᛖᛋ,585
mellisonant,706,0,ᛗᛖᛚᛚᛁᛋᚩᚾᚪᚾᛏ,589
boondoggler,703,0,ᛒᚩᚩᚾᛞᚩᚷᚷᛚᛖᚱ,385
sensualisms,695,0,ᛋᛖᚾᛋᚢᚪᛚᛁᛋᛗᛋ,583
unprecocious,694,0,ᚢᚾᛈᚱᛖᚳᚩᚳᛡᚢᛋ,349
stylography,694,0,ᛋᛏᚣᛚᚩᚷᚱᚪᛈᚻᚣ,589
hemipterons,693,0,ᚻᛖᛗᛁᛈᛏᛖᚱᚩᚾᛋ,461
michiganite,692,0,ᛗᛁᚳᚻᛁᚷᚪᚾᛁᛏᛖ,469
defrayments,692,0,ᛞᛖᚠᚱᚪᚣᛗᛖᚾᛏᛋ,648
annexational,682,0,ᚪᚾᚾᛖᛉᚪᛏᛡᚾᚪᛚ,731
hunnishness,677,0,ᚻᚢᚾᚾᛁᛋᚻᚾᛖᛋᛋ,393
soundproofs,673,0,ᛋᚩᚢᚾᛞᛈᚱᚩᚩᚠᛋ,304
sapphirines,671,0,ᛋᚪᛈᛈᚻᛁᚱᛁᚾᛖᛋ,481
engarrisoned,666,0,ᛖᛝᚪᚱᚱᛁᛋᚩᚾᛖᛞ,541
benchership,663,0,ᛒᛖᚾᚳᚻᛖᚱᛋᚻᛁᛈ,421
squattiness,658,0,ᛋᚳᚹᚪᛏᛏᛁᚾᛖᛋᛋ,533
plasmodiums,657,0,ᛈᛚᚪᛋᛗᚩᛞᛁᚢᛗᛋ,591
disbowelled,655,0,ᛞᛁᛋᛒᚩᚹᛖᛚᛚᛖᛞ,629
fossilology,653,0,ᚠᚩᛋᛋᛁᛚᚩᛚᚩᚷᚣ,426
gravidities,647,0,ᚷᚱᚪᚢᛁᛞᛁᛏᛁᛖᛋ,489
barrenworts,644,0,ᛒᚪᚱᚱᛖᚾᚹᚩᚱᛏᛋ,425
syncretical,641,0,ᛋᚣᚾᚳᚱᛖᛏᛁᚳᚪᛚ,549
pyrographer,639,0,ᛈᚣᚱᚩᚷᚱᚪᛈᚻᛖᚱ,433
burgherhood,639,0,ᛒᚢᚱᚷᚻᛖᚱᚻᚩᚩᛞ,319
biosystematy,637,0,ᛒᛡᛋᚣᛋᛏᛖᛗᚪᛏᚣ,833
invalidness,635,0,ᛁᚾᚢᚪᛚᛁᛞᚾᛖᛋᛋ,555
unmedicinal,634,0,ᚢᚾᛗᛖᛞᛁᚳᛁᚾᚪᛚ,533
orthopterons,632,0,ᚩᚱᚦᚩᛈᛏᛖᚱᚩᚾᛋ,299
achromatous,632,0,ᚪᚳᚻᚱᚩᛗᚪᛏᚩᚢᛋ,441
coalescency,618,0,ᚳᚩᚪᛚᛖᛋᚳᛖᚾᚳᚣ,535
aldermanity,618,0,ᚪᛚᛞᛖᚱᛗᚪᚾᛁᛏᚣ,727
hyperbatons,611,0,ᚻᚣᛈᛖᚱᛒᚪᛏᚩᚾᛋ,553
seriocomical,609,0,ᛋᛖᚱᛡᚳᚩᛗᛁᚳᚪᛚ,543
hollowwares,609,0,ᚻᚩᛚᛚᚩᚹᚹᚪᚱᛖᛋ,449
cyanuramide,607,0,ᚳᚣᚪᚾᚢᚱᚪᛗᛁᛞᛖ,611
comportance,605,0,ᚳᚩᛗᛈᚩᚱᛏᚪᚾᚳᛖ,417
pridelessly,603,0,ᛈᚱᛁᛞᛖᛚᛖᛋᛋᛚᚣ,663
mutableness,599,0,ᛗᚢᛏᚪᛒᛚᛖᚾᛖᛋᛋ,633
kenogenesis,596,0,ᚳᛖᚾᚩᚷᛖᚾᛖᛋᛁᛋ,433
confutative,595,0,ᚳᚩᚾᚠᚢᛏᚪᛏᛁᚢᛖ,370
detribalise,592,0,ᛞᛖᛏᚱᛁᛒᚪᛚᛁᛋᛖ,639
horripilate,590,0,ᚻᚩᚱᚱᛁᛈᛁᛚᚪᛏᛖ,453
acetabulums,588,0,ᚪᚳᛖᛏᚪᛒᚢᛚᚢᛗᛋ,597
synonymists,586,0,ᛋᚣᚾᚩᚾᚣᛗᛁᛋᛏᛋ,591
wagonwright,584,0,ᚹᚪᚷᚩᚾᚹᚱᛁᚷᚻᛏ,329
guerdonless,581,0,ᚷᚢᛖᚱᛞᚩᚾᛚᛖᛋᛋ,469
groundberry,579,0,ᚷᚱᚩᚢᚾᛞᛒᛖᚱᚱᚣ,409
favoredness,577,0,ᚠᚪᚢᚩᚱᛖᛞᚾᛖᛋᛋ,478
metroptosis,576,0,ᛗᛖᛏᚱᚩᛈᛏᚩᛋᛁᛋ,461
pyrolusites,567,0,ᛈᚣᚱᚩᛚᚢᛋᛁᛏᛖᛋ,503
hyperbolise,567,0,ᚻᚣᛈᛖᚱᛒᚩᛚᛁᛋᛖ,539
noctilucous,566,0,ᚾᚩᚳᛏᛁᛚᚢᚳᚩᚢᛋ,291
centennially,564,0,ᚳᛖᚾᛏᛖᚾᚾᛡᛚᛚᚣ,649
bolshevisms,564,0,ᛒᚩᛚᛋᚻᛖᚢᛁᛋᛗᛋ,495
dinotheriums,563,0,ᛞᛁᚾᚩᚦᛖᚱᛁᚢᛗᛋ,397
rumourmonger,562,0,ᚱᚢᛗᚩᚢᚱᛗᚩᛝᛖᚱ,341
expressages,561,0,ᛖᛉᛈᚱᛖᛋᛋᚪᚷᛖᛋ,575
enchiridions,559,0,ᛖᚾᚳᚻᛁᚱᛁᛞᛡᚾᛋ,483
spicebushes,558,0,ᛋᛈᛁᚳᛖᛒᚢᛋᚻᛖᛋ,467
empassionate,558,0,ᛖᛗᛈᚪᛋᛋᛡᚾᚪᛏᛖ,743
sociometries,556,0,ᛋᚩᚳᛡᛗᛖᛏᚱᛁᛖᛋ,539
vasectomize,549,0,ᚢᚪᛋᛖᚳᛏᚩᛗᛁᛋᛖ,521
gracilariid,546,0,ᚷᚱᚪᚳᛁᛚᚪᚱᛁᛁᛞ,501
fenestellas,543,0,ᚠᛖᚾᛖᛋᛏᛖᛚᛚᚪᛋ,640
overlabouring,541,0,ᚩᚢᛖᚱᛚᚪᛒᚩᚢᚱᛝ,419
longicaudate,540,0,ᛚᚩᛝᛁᚳᚪᚢᛞᚪᛏᛖ,615
uricaciduria,533,0,ᚢᚱᛁᚳᚪᚳᛁᛞᚢᚱᛡ,409
phylloclads,526,0,ᛈᚻᚣᛚᛚᚩᚳᛚᚪᛞᛋ,647
convulsional,522,0,ᚳᚩᚾᚢᚢᛚᛋᛡᚾᚪᛚ,487
allotropies,519,0,ᚪᛚᛚᚩᛏᚱᚩᛈᛁᛖᛋ,521
millifarads,517,0,ᛗᛁᛚᛚᛁᚠᚪᚱᚪᛞᛋ,628
rigamaroles,513,0,ᚱᛁᚷᚪᛗᚪᚱᚩᛚᛖᛋ,535
buttinskies,508,0,ᛒᚢᛏᛏᛁᚾᛋᚳᛁᛖᛋ,459
phonogramic,507,0,ᛈᚻᚩᚾᚩᚷᚱᚪᛗᛁᚳ,349
satanophobia,506,0,ᛋᚪᛏᚪᚾᚩᛈᚻᚩᛒᛡ,583
sassafrases,504,0,ᛋᚪᛋᛋᚪᚠᚱᚪᛋᛖᛋ,636
fashionmonger,501,0,ᚠᚪᛋᚻᛡᚾᛗᚩᛝᛖᚱ,546
adoxography,500,0,ᚪᛞᚩᛉᚩᚷᚱᚪᛈᚻᚣ,541
ventosities,499,0,ᚢᛖᚾᛏᚩᛋᛁᛏᛁᛖᛋ,459
hebephrenias,497,0,ᚻᛖᛒᛖᛈᚻᚱᛖᚾᛡᛋ,551
congenerical,496,0,ᚳᚩᛝᛖᚾᛖᚱᛁᚳᚪᛚ,487
cubbishness,494,0,ᚳᚢᛒᛒᛁᛋᚻᚾᛖᛋᛋ,447
myocardiums,491,0,ᛗᚣᚩᚳᚪᚱᛞᛁᚢᛗᛋ,549
constantans,490,0,ᚳᚩᚾᛋᛏᚪᚾᛏᚪᚾᛋ,525
catabolisms,490,0,ᚳᚪᛏᚪᛒᚩᛚᛁᛋᛗᛋ,615
transdermic,487,0,ᛏᚱᚪᚾᛋᛞᛖᚱᛗᛁᚳ,531
apomictical,482,0,ᚪᛈᚩᛗᛁᚳᛏᛁᚳᚪᛚ,535
suburbanise,481,0,ᛋᚢᛒᚢᚱᛒᚪᚾᛁᛋᛖ,469
cacogenesis,478,0,ᚳᚪᚳᚩᚷᛖᚾᛖᛋᛁᛋ,447
dizzinesses,477,0,ᛞᛁᛋᛋᛁᚾᛖᛋᛋᛖᛋ,579
intolerated,476,0,ᛁᚾᛏᚩᛚᛖᚱᚪᛏᛖᛞ,589
hydromancer,472,0,ᚻᚣᛞᚱᚩᛗᚪᚾᚳᛖᚱ,521
sterileness,471,0,ᛋᛏᛖᚱᛁᛚᛖᚾᛖᛋᛋ,563
comprachico,469,0,ᚳᚩᛗᛈᚱᚪᚳᚻᛁᚳᚩ,329
trumpetwood,465,0,ᛏᚱᚢᛗᛈᛖᛏᚹᚩᚩᛞ,435
soporifical,461,0,ᛋᚩᛈᚩᚱᛁᚠᛁᚳᚪᛚ,368
gladfulness,461,0,ᚷᛚᚪᛞᚠᚢᛚᚾᛖᛋᛋ,556
gibbousness,457,0,ᚷᛁᛒᛒᚩᚢᛋᚾᛖᛋᛋ,435
unappareled,456,0,ᚢᚾᚪᛈᛈᚪᚱᛖᛚᛖᛞ,619
seigniorship,456,0,ᛋᛖᛁᚷᚾᛡᚱᛋᚻᛁᛈ,465
salmagundis,452,0,ᛋᚪᛚᛗᚪᚷᚢᚾᛞᛁᛋ,613
craniometers,451,0,ᚳᚱᚪᚾᛡᛗᛖᛏᛖᚱᛋ,585
overskipped,449,0,ᚩᚢᛖᚱᛋᚳᛁᛈᛈᛖᛞ,427
curtainwise,449,0,ᚳᚢᚱᛏᚪᛁᚾᚹᛁᛋᛖ,413
midwiferies,444,0,ᛗᛁᛞᚹᛁᚠᛖᚱᛁᛖᛋ,472
bellamoures,443,0,ᛒᛖᛚᛚᚪᛗᚩᚢᚱᛖᛋ,583
misintended,442,0,ᛗᛁᛋᛁᚾᛏᛖᚾᛞᛖᛞ,615
catalanganes,442,0,ᚳᚪᛏᚪᛚᚪᛝᚪᚾᛖᛋ,761
organicisms,439,0,ᚩᚱᚷᚪᚾᛁᚳᛁᛋᛗᛋ,413
nanocephaly,439,0,ᚾᚪᚾᚩᚳᛖᛈᚻᚪᛚᚣ,581
nitrogenize,434,0,ᚾᛁᛏᚱᚩᚷᛖᚾᛁᛋᛖ,401
phalacrosis,433,0,ᛈᚻᚪᛚᚪᚳᚱᚩᛋᛁᛋ,501
unpleasingness,432,0,ᚢᚾᛈᛚᛠᛋᛝᚾᛖᛋᛋ,591
trigeminals,432,0,ᛏᚱᛁᚷᛖᛗᛁᚾᚪᛚᛋ,539
physianthropy,426,0,ᛈᚻᚣᛋᛡᚾᚦᚱᚩᛈᚣ,527
deerberries,426,0,ᛞᛖᛖᚱᛒᛖᚱᚱᛁᛖᛋ,535
alliterator,426,0,ᚪᛚᛚᛁᛏᛖᚱᚪᛏᚩᚱ,585
laconicisms,423,0,ᛚᚪᚳᚩᚾᛁᚳᛁᛋᛗᛋ,471
arthrosporic,422,0,ᚪᚱᚦᚱᚩᛋᛈᚩᚱᛁᚳ,289
spindlelegs,420,0,ᛋᛈᛁᚾᛞᛚᛖᛚᛖᚷᛋ,595
pellitories,420,0,ᛈᛖᛚᛚᛁᛏᚩᚱᛁᛖᛋ,515
monocracies,420,0,ᛗᚩᚾᚩᚳᚱᚪᚳᛁᛖᛋ,399
machicolate,418,0,ᛗᚪᚳᚻᛁᚳᚩᛚᚪᛏᛖ,551
microbrachia,417,0,ᛗᛁᚳᚱᚩᛒᚱᚪᚳᚻᛡ,445
unsarcastic,415,0,ᚢᚾᛋᚪᚱᚳᚪᛋᛏᛁᚳ,459
rudderposts,415,0,ᚱᚢᛞᛞᛖᚱᛈᚩᛋᛏᛋ,485
operoseness,413,0,ᚩᛈᛖᚱᚩᛋᛖᚾᛖᛋᛋ,457
fraxinellas,411,0,ᚠᚱᚪᛉᛁᚾᛖᛚᛚᚪᛋ,580
shadberries,408,0,ᛋᚻᚪᛞᛒᛖᚱᚱᛁᛖᛋ,563
amenorrhoeas,408,0,ᚪᛗᛖᚾᚩᚱᚱᚻᛟᚪᛋ,549
megalocardia,407,0,ᛗᛖᚷᚪᛚᚩᚳᚪᚱᛞᛡ,649
heliolatries,406,0,ᚻᛖᛚᛡᛚᚪᛏᚱᛁᛖᛋ,661
atomistical,404,0,ᚪᛏᚩᛗᛁᛋᛏᛁᚳᚪᛚ,591
anemography,404,0,ᚪᚾᛖᛗᚩᚷᚱᚪᛈᚻᚣ,565
verminously,403,0,ᚢᛖᚱᛗᛁᚾᚩᚢᛋᛚᚣ,451
budgereegah,400,0,ᛒᚢᛞᚷᛖᚱᛖᛖᚷᚪᚻ,519
anglicanisms,399,0,ᚪᛝᛚᛁᚳᚪᚾᛁᛋᛗᛋ,627
muskellunges,396,0,ᛗᚢᛋᚳᛖᛚᛚᚢᛝᛖᛋ,555
knotgrasses,396,0,ᚳᚾᚩᛏᚷᚱᚪᛋᛋᛖᛋ,459
tortellinis,389,0,ᛏᚩᚱᛏᛖᛚᛚᛁᚾᛁᛋ,493
scorzoneras,389,0,ᛋᚳᚩᚱᛋᚩᚾᛖᚱᚪᛋ,401
pleurodonts,387,0,ᛈᛚᛖᚢᚱᚩᛞᚩᚾᛏᛋ,441
pyridoxines,382,0,ᛈᚣᚱᛁᛞᚩᛉᛁᚾᛖᛋ,511
lutheranisms,382,0,ᛚᚢᚦᛖᚱᚪᚾᛁᛋᛗᛋ,493
excogitator,382,0,ᛖᛉᚳᚩᚷᛁᛏᚪᛏᚩᚱ,415
lighterages,381,0,ᛚᛁᚷᚻᛏᛖᚱᚪᚷᛖᛋ,515
apoplectoid,380,0,ᚪᛈᚩᛈᛚᛖᚳᛏᚩᛁᛞ,529
compliancies,379,0,ᚳᚩᛗᛈᛚᛡᚾᚳᛁᛖᛋ,507
superfetate,371,0,ᛋᚢᛈᛖᚱᚠᛖᛏᚪᛏᛖ,528
parnassuses,367,0,ᛈᚪᚱᚾᚪᛋᛋᚢᛋᛖᛋ,559
intenerates,365,0,ᛁᚾᛏᛖᚾᛖᚱᚪᛏᛖᛋ,569
cascarillas,360,0,ᚳᚪᛋᚳᚪᚱᛁᛚᛚᚪᛋ,611
hydropathies,359,0,ᚻᚣᛞᚱᚩᛈᚪᚦᛁᛖᛋ,529
anastrophes,357,0,ᚪᚾᚪᛋᛏᚱᚩᛈᚻᛖᛋ,539
straggliest,356,0,ᛋᛏᚱᚪᚷᚷᛚᛁᛖᛋᛏ,537
whitlowwort,354,0,ᚹᚻᛁᛏᛚᚩᚹᚹᚩᚱᛏ,327
obliterable,351,0,ᚩᛒᛚᛁᛏᛖᚱᚪᛒᛚᛖ,607
rattleboxes,350,0,ᚱᚪᛏᛏᛚᛖᛒᚩᛉᛖᛋ,601
brazilwoods,349,0,ᛒᚱᚪᛋᛁᛚᚹᚩᚩᛞᛋ,501
pipsissewas,347,0,ᛈᛁᛈᛋᛁᛋᛋᛖᚹᚪᛋ,543
seigniorages,346,0,ᛋᛖᛁᚷᚾᛡᚱᚪᚷᛖᛋ,549
fragmentise,346,0,ᚠᚱᚪᚷᛗᛖᚾᛏᛁᛋᛖ,504
uncharities,345,0,ᚢᚾᚳᚻᚪᚱᛁᛏᛁᛖᛋ,417
equilibrize,343,0,ᛖᚳᚹᛁᛚᛁᛒᚱᛁᛋᛖ,457
baccivorous,342,0,ᛒᚪᚳᚳᛁᚢᚩᚱᚩᚢᛋ,299
solubleness,338,0,ᛋᚩᛚᚢᛒᛚᛖᚾᛖᛋᛋ,539
schooltimes,337,0,ᛋᚳᚻᚩᚩᛚᛏᛁᛗᛖᛋ,457
unprincipal,336,0,ᚢᚾᛈᚱᛁᚾᚳᛁᛈᚪᛚ,403
advertences,335,0,ᚪᛞᚢᛖᚱᛏᛖᚾᚳᛖᛋ,555
preteritions,331,0,ᛈᚱᛖᛏᛖᚱᛁᛏᛡᚾᛋ,537
anisogamete,331,0,ᚪᚾᛁᛋᚩᚷᚪᛗᛖᛏᛖ,595
unguentaries,327,0,ᚢᛝᚢᛖᚾᛏᚪᚱᛁᛖᛋ,499
orthocephaly,327,0,ᚩᚱᚦᚩᚳᛖᛈᚻᚪᛚᚣ,449
primordiums,326,0,ᛈᚱᛁᛗᚩᚱᛞᛁᚢᛗᛋ,421
hairsbreadths,326,0,ᚻᚪᛁᚱᛋᛒᚱᛠᛞᚦᛋ,543
twinberries,324,0,ᛏᚹᛁᚾᛒᛖᚱᚱᛁᛖᛋ,439
prednisones,323,0,ᛈᚱᛖᛞᚾᛁᛋᚩᚾᛖᛋ,479
congenialness,322,0,ᚳᚩᛝᛖᚾᛡᛚᚾᛖᛋᛋ,577
foolhardise,319,0,ᚠᚩᚩᛚᚻᚪᚱᛞᛁᛋᛖ,460
tripinnated,317,0,ᛏᚱᛁᛈᛁᚾᚾᚪᛏᛖᛞ,545
diphrelatic,316,0,ᛞᛁᛈᚻᚱᛖᛚᚪᛏᛁᚳ,537
concretisms,314,0,ᚳᚩᚾᚳᚱᛖᛏᛁᛋᛗᛋ,407
unthriftyhed,308,0,ᚢᚾᚦᚱᛁᚠᛏᚣᚻᛖᛞ,422
imminencies,302,0,ᛁᛗᛗᛁᚾᛖᚾᚳᛁᛖᛋ,493
methenamines,299,0,ᛗᛖᚦᛖᚾᚪᛗᛁᚾᛖᛋ,587
ideographies,298,0,ᛁᛞᛇᚷᚱᚪᛈᚻᛁᛖᛋ,503
sizeableness,296,0,ᛋᛁᛋᛠᛒᛚᛖᚾᛖᛋᛋ,649
protomammal,296,0,ᛈᚱᚩᛏᚩᛗᚪᛗᛗᚪᛚ,607
supertonics,295,0,ᛋᚢᛈᛖᚱᛏᚩᚾᛁᚳᛋ,369
epistrophes,295,0,ᛖᛈᛁᛋᛏᚱᚩᛈᚻᛖᛋ,457
ductileness,294,0,ᛞᚢᚳᛏᛁᛚᛖᚾᛖᛋᛋ,537
rinderpests,292,0,ᚱᛁᚾᛞᛖᚱᛈᛖᛋᛏᛋ,513
bilharziases,291,0,ᛒᛁᛚᚻᚪᚱᛋᛡᛋᛖᛋ,629
uninebriated,288,0,ᚢᚾᛁᚾᛖᛒᚱᛡᛏᛖᛞ,553
immurements,288,0,ᛁᛗᛗᚢᚱᛖᛗᛖᚾᛏᛋ,533
wanderlusts,281,0,ᚹᚪᚾᛞᛖᚱᛚᚢᛋᛏᛋ,553
warderships,272,0,ᚹᚪᚱᛞᛖᚱᛋᚻᛁᛈᛋ,497
outstrained,263,0,ᚩᚢᛏᛋᛏᚱᚪᛁᚾᛖᛞ,505
telephoness,261,0,ᛏᛖᛚᛖᛈᚻᚩᚾᛖᛋᛋ,541
mistflowers,256,0,ᛗᛁᛋᛏᚠᛚᚩᚹᛖᚱᛋ,446
antalkalies,256,0,ᚪᚾᛏᚪᛚᚳᚪᛚᛁᛖᛋ,689
stigmatisms,253,0,ᛋᛏᛁᚷᛗᚪᛏᛁᛋᛗᛋ,595
archespores,252,0,ᚪᚱᚳᚻᛖᛋᛈᚩᚱᛖᛋ,445
overcolours,249,0,ᚩᚢᛖᚱᚳᚩᛚᚩᚢᚱᛋ,255
mutafacient,247,0,ᛗᚢᛏᚪᚠᚪᚳᛁᛖᚾᛏ,528
piquantness,244,0,ᛈᛁᚳᚹᚪᚾᛏᚾᛖᛋᛋ,493
negotiatress,243,0,ᚾᛖᚷᚩᛏᛡᛏᚱᛖᛋᛋ,529
cachinnates,239,0,ᚳᚪᚳᚻᛁᚾᚾᚪᛏᛖᛋ,511
colophonies,230,0,ᚳᚩᛚᚩᛈᚻᚩᚾᛁᛖᛋ,353
tradecrafts,224,0,ᛏᚱᚪᛞᛖᚳᚱᚪᚠᛏᛋ,558
comraderies,224,0,ᚳᚩᛗᚱᚪᛞᛖᚱᛁᛖᛋ,517
candelillas,224,0,ᚳᚪᚾᛞᛖᛚᛁᛚᛚᚪᛋ,695
encephalons,221,0,ᛖᚾᚳᛖᛈᚻᚪᛚᚩᚾᛋ,501
acetanilids,221,0,ᚪᚳᛖᛏᚪᚾᛁᛚᛁᛞᛋ,639
telegnostic,219,0,ᛏᛖᛚᛖᚷᚾᚩᛋᛏᛁᚳ,475
transmittings,217,0,ᛏᚱᚪᚾᛋᛗᛁᛏᛏᛝᛋ,601
skiagraphies,215,0,ᛋᚳᛡᚷᚱᚪᛈᚻᛁᛖᛋ,515
catarrhinian,210,0,ᚳᚪᛏᚪᚱᚱᚻᛁᚾᛡᚾ,507
bowdleriser,210,0,ᛒᚩᚹᛞᛚᛖᚱᛁᛋᛖᚱ,489
alonenesses,209,0,ᚪᛚᚩᚾᛖᚾᛖᛋᛋᛖᛋ,595
raimentless,206,0,ᚱᚪᛁᛗᛖᚾᛏᛚᛖᛋᛋ,611
candlewoods,206,0,ᚳᚪᚾᛞᛚᛖᚹᚩᚩᛞᛋ,543
poplinettes,205,0,ᛈᚩᛈᛚᛁᚾᛖᛏᛏᛖᛋ,531
knackwursts,204,0,ᚳᚾᚪᚳᚳᚹᚢᚱᛋᛏᛋ,363
cadaverines,204,0,ᚳᚪᛞᚪᚢᛖᚱᛁᚾᛖᛋ,557
vinegarweed,203,0,ᚢᛁᚾᛖᚷᚪᚱᚹᛖᛖᛞ,497
conquerment,197,0,ᚳᚩᚾᚳᚹᛖᚱᛗᛖᚾᛏ,385
slumgullions,196,0,ᛋᛚᚢᛗᚷᚢᛚᛚᛡᚾᛋ,555
muttonmonger,196,0,ᛗᚢᛏᛏᚩᚾᛗᚩᛝᛖᚱ,463
cuspidations,193,0,ᚳᚢᛋᛈᛁᛞᚪᛏᛡᚾᛋ,577
mordaciously,192,0,ᛗᚩᚱᛞᚪᚳᛡᚢᛋᛚᚣ,627
phaneromania,189,0,ᛈᚻᚪᚾᛖᚱᚩᛗᚪᚾᛡ,581
befoulments,189,0,ᛒᛖᚠᚩᚢᛚᛗᛖᚾᛏᛋ,492
parthenogeny,185,0,ᛈᚪᚱᚦᛖᚾᚩᚷᛖᚾᚣ,475
carunculous,183,0,ᚳᚪᚱᚢᚾᚳᚢᛚᚩᚢᛋ,305
palpebration,182,0,ᛈᚪᛚᛈᛖᛒᚱᚪᛏᛡᚾ,687
glycerolize,181,0,ᚷᛚᚣᚳᛖᚱᚩᛚᛁᛋᛖ,515
ichthyolatry,178,0,ᛁᚳᚻᚦᚣᚩᛚᚪᛏᚱᚣ,525
unrestingness,177,0,ᚢᚾᚱᛖᛋᛏᛝᚾᛖᛋᛋ,503
sheepkeeper,173,0,ᛋᚻᛖᛖᛈᚳᛖᛖᛈᛖᚱ,521
sensualises,173,0,ᛋᛖᚾᛋᚢᚪᛚᛁᛋᛖᛋ,579
corbiesteps,173,0,ᚳᚩᚱᛒᛁᛖᛋᛏᛖᛈᛋ,465
carpetweeds,172,0,ᚳᚪᚱᛈᛖᛏᚹᛖᛖᛞᛋ,585
cacodemonic,170,0,ᚳᚪᚳᚩᛞᛖᛗᚩᚾᛁᚳ,437
recusancies,169,0,ᚱᛖᚳᚢᛋᚪᚾᚳᛁᛖᛋ,437
sarcoplasms,168,0,ᛋᚪᚱᚳᚩᛈᛚᚪᛋᛗᛋ,571
messiahships,168,0,ᛗᛖᛋᛋᛡᚻᛋᚻᛁᛈᛋ,577
autoerotisms,167,0,ᚪᚢᛏᛟᚱᚩᛏᛁᛋᛗᛋ,527
sdeignfully,165,0,ᛋᛞᛖᛁᚷᚾᚠᚢᛚᛚᚣ,540
pepperidges,163,0,ᛈᛖᛈᛈᛖᚱᛁᛞᚷᛖᛋ,531
limitationss,162,0,ᛚᛁᛗᛁᛏᚪᛏᛡᚾᛋᛋ,663
corydalises,162,0,ᚳᚩᚱᚣᛞᚪᛚᛁᛋᛖᛋ,597
affrications,159,0,ᚪᚠᚠᚱᛁᚳᚪᛏᛡᚾᛋ,501
alikenesses,158,0,ᚪᛚᛁᚳᛖᚾᛖᛋᛋᛖᛋ,603
huffishness,153,0,ᚻᚢᚠᚠᛁᛋᚻᚾᛖᛋᛋ,339
fittingnesses,147,0,ᚠᛁᛏᛏᛝᚾᛖᛋᛋᛖᛋ,552
cottonweeds,146,0,ᚳᚩᛏᛏᚩᚾᚹᛖᛖᛞᛋ,469
sneezeworts,145,0,ᛋᚾᛖᛖᛋᛖᚹᚩᚱᛏᛋ,485
butterweeds,145,0,ᛒᚢᛏᛏᛖᚱᚹᛖᛖᛞᛋ,555
enragements,144,0,ᛖᚾᚱᚪᚷᛖᛗᛖᚾᛏᛋ,567
peptizations,141,0,ᛈᛖᛈᛏᛁᛋᚪᛏᛡᚾᛋ,641
outlineless,141,0,ᚩᚢᛏᛚᛁᚾᛖᛚᛖᛋᛋ,515
shandygaffs,139,0,ᛋᚻᚪᚾᛞᚣᚷᚪᚠᚠᛋ,565
homospories,138,0,ᚻᚩᛗᚩᛋᛈᚩᚱᛁᛖᛋ,373
pregustator,137,0,ᛈᚱᛖᚷᚢᛋᛏᚪᛏᚩᚱ,427
atomisations,137,0,ᚪᛏᚩᛗᛁᛋᚪᛏᛡᚾᛋ,663
pleochroisms,136,0,ᛈᛚᛇᚳᚻᚱᚩᛁᛋᛗᛋ,419
globosities,135,0,ᚷᛚᚩᛒᚩᛋᛁᛏᛁᛖᛋ,459
solmizations,131,0,ᛋᚩᛚᛗᛁᛋᚪᛏᛡᚾᛋ,633
ascocarpous,131,0,ᚪᛋᚳᚩᚳᚪᚱᛈᚩᚢᛋ,397
adiposeness,131,0,ᚪᛞᛁᛈᚩᛋᛖᚾᛖᛋᛋ,589
unlyrically,130,0,ᚢᚾᛚᚣᚱᛁᚳᚪᛚᛚᚣ,609
purulencies,129,0,ᛈᚢᚱᚢᛚᛖᚾᚳᛁᛖᛋ,393
mammalogies,126,0,ᛗᚪᛗᛗᚪᛚᚩᚷᛁᛖᛋ,655
papooseroot,125,0,ᛈᚪᛈᚩᚩᛋᛖᚱᚩᚩᛏ,401
embonpoints,125,0,ᛖᛗᛒᚩᚾᛈᚩᛁᚾᛏᛋ,457
adosculation,119,0,ᚪᛞᚩᛋᚳᚢᛚᚪᛏᛡᚾ,627
perturbment,117,0,ᛈᛖᚱᛏᚢᚱᛒᛗᛖᚾᛏ,481
journaliser,116,0,ᛂᚩᚢᚱᚾᚪᛚᛁᛋᛖᚱ,419
operettists,115,0,ᚩᛈᛖᚱᛖᛏᛏᛁᛋᛏᛋ,509
versailless,114,0,ᚢᛖᚱᛋᚪᛁᛚᛚᛖᛋᛋ,581
semiglosses,111,0,ᛋᛖᛗᛁᚷᛚᚩᛋᛋᛖᛋ,545
michaelmases,111,0,ᛗᛁᚳᚻᚫᛚᛗᚪᛋᛖᛋ,653
atonicities,111,0,ᚪᛏᚩᚾᛁᚳᛁᛏᛁᛖᛋ,477
impendences,110,0,ᛁᛗᛈᛖᚾᛞᛖᚾᚳᛖᛋ,559
unbalconied,109,0,ᚢᚾᛒᚪᛚᚳᚩᚾᛁᛖᛞ,499
phytologies,108,0,ᛈᚻᚣᛏᚩᛚᚩᚷᛁᛖᛋ,483
quinacrines,107,0,ᚳᚹᛁᚾᚪᚳᚱᛁᚾᛖᛋ,393
peripatuses,106,0,ᛈᛖᚱᛁᛈᚪᛏᚢᛋᛖᛋ,527
unjointured,102,0,ᚢᚾᛂᚩᛁᚾᛏᚢᚱᛖᛞ,365
algometries,100,0,ᚪᛚᚷᚩᛗᛖᛏᚱᛁᛖᛋ,553
vizierships,99,0,ᚢᛁᛋᛁᛖᚱᛋᚻᛁᛈᛋ,399
amphigories,99,0,ᚪᛗᛈᚻᛁᚷᚩᚱᛁᛖᛋ,451
silverweeds,98,0,ᛋᛁᛚᚢᛖᚱᚹᛖᛖᛞᛋ,533
inerrancies,98,0,ᛁᚾᛖᚱᚱᚪᚾᚳᛁᛖᛋ,439
sericterium,97,0,ᛋᛖᚱᛁᚳᛏᛖᚱᛁᚢᛗ,417
ulemorrhagia,96,0,ᚢᛚᛖᛗᚩᚱᚱᚻᚪᚷᛡ,487
aborticides,96,0,ᚪᛒᚩᚱᛏᛁᚳᛁᛞᛖᛋ,519
verdigrises,95,0,ᚢᛖᚱᛞᛁᚷᚱᛁᛋᛖᛋ,433
acromyotonia,95,0,ᚪᚳᚱᚩᛗᚣᚩᛏᚩᚾᛡ,511
spermacetis,94,0,ᛋᛈᛖᚱᛗᚪᚳᛖᛏᛁᛋ,565
aeroembolisms,94,0,ᚫᚱᛟᛗᛒᚩᛚᛁᛋᛗᛋ,615
gracilities,91,0,ᚷᚱᚪᚳᛁᛚᛁᛏᛁᛖᛋ,483
absolvitory,89,0,ᚪᛒᛋᚩᛚᚢᛁᛏᚩᚱᚣ,505
hemeralopias,87,0,ᚻᛖᛗᛖᚱᚪᛚᚩᛈᛡᛋ,619
uneffaceably,86,0,ᚢᚾᛖᚠᚠᚪᚳᛠᛒᛚᚣ,559
elecampanes,86,0,ᛖᛚᛖᚳᚪᛗᛈᚪᚾᛖᛋ,677
acromphalus,86,0,ᚪᚳᚱᚩᛗᛈᚻᚪᛚᚢᛋ,491
amphistylar,85,0,ᚪᛗᛈᚻᛁᛋᛏᚣᛚᚪᚱ,661
oxidisations,83,0,ᚩᛉᛁᛞᛁᛋᚪᛏᛡᚾᛋ,603
karyoplasms,82,0,ᚳᚪᚱᚣᚩᛈᛚᚪᛋᛗᛋ,621
heavenwardly,82,0,ᚻᛠᚢᛖᚾᚹᚪᚱᛞᛚᚣ,623
pseudophloem,79,0,ᛈᛋᛖᚢᛞᚩᛈᚻᛚᛟᛗ,555
arborolatry,79,0,ᚪᚱᛒᚩᚱᚩᛚᚪᛏᚱᚣ,537
monogynists,78,0,ᛗᚩᚾᚩᚷᚣᚾᛁᛋᛏᛋ,459
brahmanisms,77,0,ᛒᚱᚪᚻᛗᚪᚾᛁᛋᛗᛋ,597
knowingnesses,76,0,ᚳᚾᚩᚹᛝᚾᛖᛋᛋᛖᛋ,469
villainages,75,0,ᚢᛁᛚᛚᚪᛁᚾᚪᚷᛖᛋ,571
crowkeepers,75,0,ᚳᚱᚩᚹᚳᛖᛖᛈᛖᚱᛋ,371
calefactions,70,0,ᚳᚪᛚᛖᚠᚪᚳᛏᛡᚾᛋ,610
sanguinities,67,0,ᛋᚪᛝᚢᛁᚾᛁᛏᛁᛖᛋ,533
unionisations,65,0,ᚢᚾᛡᚾᛁᛋᚪᛏᛡᚾᛋ,597
antheridiums,65,0,ᚪᚾᚦᛖᚱᛁᛞᛁᚢᛗᛋ,487
papaverines,63,0,ᛈᚪᛈᚪᚢᛖᚱᛁᚾᛖᛋ,541
slivovitzes,62,0,ᛋᛚᛁᚢᚩᚢᛁᛏᛋᛖᛋ,433
insularisms,62,0,ᛁᚾᛋᚢᛚᚪᚱᛁᛋᛗᛋ,505
erythrolysin,60,0,ᛖᚱᚣᚦᚱᚩᛚᚣᛋᛁᚾ,493
pemphiguses,58,0,ᛈᛖᛗᛈᚻᛁᚷᚢᛋᛖᛋ,471
liberalitys,57,0,ᛚᛁᛒᛖᚱᚪᛚᛁᛏᚣᛋ,659
interbrains,57,0,ᛁᚾᛏᛖᚱᛒᚱᚪᛁᚾᛋ,479
deviationisms,57,0,ᛞᛖᚢᛡᛏᛡᚾᛁᛋᛗᛋ,669
pleurodynias,56,0,ᛈᛚᛖᚢᚱᚩᛞᚣᚾᛡᛋ,585
monolatries,56,0,ᛗᚩᚾᚩᛚᚪᛏᚱᛁᛖᛋ,505
masculiness,53,0,ᛗᚪᛋᚳᚢᛚᛁᚾᛖᛋᛋ,543
cuckoopints,53,0,ᚳᚢᚳᚳᚩᚩᛈᛁᚾᛏᛋ,271
benzocaines,53,0,ᛒᛖᚾᛋᚩᚳᚪᛁᚾᛖᛋ,507
libertiness,45,0,ᛚᛁᛒᛖᚱᛏᛁᚾᛖᛋᛋ,535
gumminesses,44,0,ᚷᚢᛗᛗᛁᚾᛖᛋᛋᛖᛋ,515
desertfully,44,0,ᛞᛖᛋᛖᚱᛏᚠᚢᛚᛚᚣ,600
unfetchable,43,0,ᚢᚾᚠᛖᛏᚳᚻᚪᛒᛚᛖ,494
keratonosus,43,0,ᚳᛖᚱᚪᛏᚩᚾᚩᛋᚢᛋ,399
idolisations,42,0,ᛁᛞᚩᛚᛁᛋᚪᛏᛡᚾᛋ,629
